0 0.496937 0.004545 0.496413 0.001941 0.495035 0.000103 0.491901 0.000113 0.490956 0.000000 0.487156 0.000038 0.485734 0.000000 0.477893 0.000000 0.477344 0.000090 0.461719 0.000000 0.461719 0.004167 0.462500 0.004167 0.463281 0.005208 0.464062 0.005208 0.465625 0.007292 0.465625 0.008333 0.466406 0.008333 0.467187 0.009375 0.467187 0.016667 0.467969 0.017708 0.467969 0.020833 0.470313 0.020833 0.471094 0.021875 0.478125 0.021875 0.478653 0.022579 0.478972 0.024169 0.480402 0.026076 0.482638 0.026849 0.484558 0.026849 0.486511 0.026151 0.487980 0.025096 0.489805 0.022663 0.491047 0.020479 0.492347 0.018596 0.494098 0.014981 0.494662 0.013249 0.495495 0.008675 0.495700 0.008101 0.496413 0.007149
0 0.554688 0.000000 0.557031 0.000000 0.557813 0.000000 0.557813 0.001042 0.557813 0.002083 0.557031 0.003125 0.556250 0.003125 0.555469 0.003125 0.554688 0.002083 0.554688 0.000000
0 0.955469 0.003125 0.957031 0.003125 0.957812 0.003125 0.958594 0.004167 0.959375 0.005208 0.958594 0.005208 0.957812 0.006250 0.956250 0.006250 0.955469 0.006250 0.954688 0.005208 0.955469 0.004167 0.955469 0.003125
0 0.988281 0.003125 0.989062 0.004167 0.990625 0.004167 0.991406 0.004167 0.992188 0.005208 0.992969 0.006250 0.992969 0.008333 0.992969 0.009375 0.991406 0.011458 0.990625 0.012500 0.989844 0.012500 0.989062 0.012500 0.989062 0.011458 0.988281 0.010417 0.987500 0.009375 0.987500 0.005208 0.986719 0.004167 0.987500 0.004167 0.988281 0.003125
0 0.171875 0.004167 0.174219 0.004167 0.175000 0.004167 0.175000 0.008333 0.175000 0.009375 0.175781 0.010417 0.178125 0.010417 0.178906 0.009375 0.179688 0.010417 0.179688 0.011458 0.179688 0.012500 0.180469 0.013542 0.181250 0.013542 0.181250 0.015625 0.181250 0.016667 0.180469 0.017708 0.178906 0.017708 0.178125 0.016667 0.174219 0.016667 0.173437 0.016667 0.172656 0.017708 0.172656 0.018750 0.172656 0.019792 0.171875 0.020833 0.171094 0.021875 0.170313 0.020833 0.167969 0.020833 0.167187 0.020833 0.167187 0.019792 0.166406 0.018750 0.166406 0.017708 0.165625 0.016667 0.165625 0.015625 0.165625 0.014583 0.166406 0.013542 0.166406 0.012500 0.167187 0.011458 0.167187 0.007292 0.167187 0.006250 0.169531 0.006250 0.170313 0.006250 0.171875 0.004167
0 0.571875 0.006250 0.573438 0.006250 0.574219 0.006250 0.575000 0.007292 0.575781 0.008333 0.575781 0.012500 0.575781 0.013542 0.575000 0.014583 0.574219 0.015625 0.574219 0.018750 0.574219 0.019792 0.573438 0.020833 0.571094 0.020833 0.570312 0.020833 0.570312 0.019792 0.569531 0.018750 0.569531 0.016667 0.568750 0.015625 0.568750 0.010417 0.568750 0.009375 0.569531 0.008333 0.569531 0.007292 0.570312 0.007292 0.571094 0.007292 0.571875 0.006250
0 0.381250 0.008333 0.382812 0.008333 0.383594 0.009375 0.386719 0.009375 0.387500 0.009375 0.388281 0.008333 0.390625 0.008333 0.391406 0.008333 0.391406 0.009375 0.392188 0.010417 0.394531 0.010417 0.395313 0.010417 0.396094 0.011458 0.396875 0.012500 0.397656 0.012500 0.398438 0.012500 0.398438 0.013542 0.399219 0.014583 0.399219 0.016667 0.399219 0.017708 0.400000 0.018750 0.403125 0.018750 0.403906 0.018750 0.403906 0.019792 0.404687 0.020833 0.404687 0.021875 0.404687 0.022917 0.403906 0.023958 0.403906 0.025000 0.403125 0.026042 0.403125 0.027083 0.403125 0.028125 0.402344 0.029167 0.401562 0.029167 0.400781 0.030208 0.400000 0.030208 0.397656 0.033333 0.396875 0.034375 0.392969 0.034375 0.392188 0.033333 0.389844 0.033333 0.389062 0.033333 0.388281 0.034375 0.388281 0.035417 0.387500 0.034375 0.386719 0.034375 0.385937 0.033333 0.385156 0.032292 0.385156 0.031250 0.384375 0.030208 0.384375 0.028125 0.383594 0.027083 0.383594 0.023958 0.383594 0.022917 0.382812 0.021875 0.382031 0.021875 0.382812 0.021875 0.383594 0.020833 0.383594 0.018750 0.383594 0.017708 0.382812 0.016667 0.382031 0.016667 0.381250 0.015625 0.380469 0.014583 0.380469 0.012500 0.381250 0.011458 0.381250 0.008333
0 0.102344 0.011458 0.103906 0.011458 0.104688 0.011458 0.104688 0.013542 0.105469 0.014583 0.104688 0.015625 0.104688 0.016667 0.103906 0.017708 0.103125 0.017708 0.102344 0.017708 0.100781 0.019792 0.100000 0.020833 0.099219 0.019792 0.098437 0.019792 0.098437 0.016667 0.098437 0.015625 0.100000 0.013542 0.100000 0.012500 0.100781 0.012500 0.101562 0.012500 0.102344 0.011458
0 0.508594 0.011458 0.509375 0.012500 0.510156 0.012500 0.510938 0.012500 0.510938 0.013542 0.510938 0.014583 0.511719 0.015625 0.511719 0.016667 0.510938 0.017708 0.510938 0.018750 0.510938 0.019792 0.509375 0.021875 0.508594 0.022917 0.507812 0.022917 0.507031 0.022917 0.507031 0.019792 0.507031 0.018750 0.506250 0.017708 0.506250 0.014583 0.506250 0.013542 0.507031 0.013542 0.508594 0.011458
0 0.957812 0.011458 0.959375 0.011458 0.960156 0.012500 0.960156 0.013542 0.960156 0.014583 0.959375 0.015625 0.957812 0.015625 0.957031 0.016667 0.956250 0.015625 0.955469 0.015625 0.955469 0.013542 0.955469 0.012500 0.956250 0.012500 0.957031 0.012500 0.957812 0.011458
0 0.975000 0.019792 0.976562 0.019792 0.977344 0.019792 0.978125 0.020833 0.978906 0.021875 0.978906 0.023958 0.978906 0.025000 0.977344 0.027083 0.976562 0.028125 0.975781 0.028125 0.975000 0.028125 0.974219 0.027083 0.973437 0.027083 0.972656 0.027083 0.972656 0.025000 0.972656 0.023958 0.973437 0.022917 0.973437 0.021875 0.975000 0.019792
0 0.929688 0.021875 0.931250 0.021875 0.932031 0.022917 0.934375 0.022917 0.935156 0.022917 0.935937 0.023958 0.935937 0.025000 0.935937 0.026042 0.935156 0.027083 0.935156 0.028125 0.934375 0.029167 0.931250 0.029167 0.930469 0.030208 0.928906 0.030208 0.928125 0.030208 0.927344 0.029167 0.926562 0.029167 0.926562 0.026042 0.926562 0.025000 0.927344 0.023958 0.928125 0.023958 0.929688 0.021875
0 0.834375 0.026042 0.835938 0.026042 0.836719 0.026042 0.836719 0.033333 0.836719 0.034375 0.837500 0.035417 0.838281 0.036458 0.838281 0.037500 0.837500 0.038542 0.835938 0.038542 0.835156 0.039583 0.834375 0.038542 0.833594 0.038542 0.833594 0.037500 0.833594 0.036458 0.831250 0.033333 0.830469 0.032292 0.829688 0.032292 0.828906 0.032292 0.828906 0.029167 0.829688 0.028125 0.832812 0.028125 0.833594 0.028125 0.834375 0.027083 0.834375 0.026042
0 0.148438 0.027083 0.153125 0.027083 0.153906 0.028125 0.153125 0.029167 0.153125 0.033333 0.153125 0.034375 0.152344 0.035417 0.151562 0.036458 0.150781 0.036458 0.150000 0.036458 0.149219 0.035417 0.149219 0.034375 0.148438 0.033333 0.147656 0.033333 0.146875 0.032292 0.146094 0.031250 0.146094 0.030208 0.146094 0.029167 0.146875 0.029167 0.148438 0.027083
0 0.440625 0.029167 0.441406 0.029167 0.442188 0.029167 0.442188 0.035417 0.442969 0.036458 0.442188 0.037500 0.443886 0.042176 0.442926 0.044111 0.440155 0.044021 0.439284 0.042799 0.438459 0.041428 0.438088 0.040339 0.438258 0.035084 0.438303 0.034404 0.439063 0.034375 0.439844 0.034375 0.440625 0.033333 0.440625 0.029167
0 0.709375 0.029167 0.710156 0.029167 0.710938 0.029167 0.711719 0.030208 0.712500 0.030208 0.713281 0.030208 0.713281 0.031250 0.714063 0.032292 0.714063 0.036458 0.714844 0.037500 0.714063 0.038542 0.714063 0.041667 0.713281 0.042708 0.712500 0.042708 0.710921 0.043012 0.710494 0.041970 0.708632 0.041874 0.706504 0.041187 0.704571 0.038254 0.706626 0.031516 0.709375 0.029167
0 0.229687 0.030208 0.231250 0.030208 0.232031 0.030208 0.232813 0.031250 0.233594 0.031250 0.233594 0.032292 0.232031 0.034375 0.231250 0.035417 0.230469 0.035417 0.229687 0.036458 0.228906 0.036458 0.228906 0.035417 0.228125 0.034375 0.228125 0.032292 0.228125 0.031250 0.228906 0.031250 0.229687 0.030208
0 0.027344 0.031250 0.028906 0.031250 0.029687 0.031250 0.029687 0.032292 0.030469 0.033333 0.031250 0.034375 0.031250 0.040625 0.032031 0.041667 0.031250 0.041667 0.030469 0.042708 0.029687 0.042708 0.028906 0.042708 0.028125 0.043750 0.028125 0.044792 0.028125 0.043750 0.027344 0.042708 0.026562 0.042708 0.025781 0.041667 0.023438 0.041667 0.022656 0.041667 0.022656 0.039583 0.021875 0.038542 0.021875 0.037500 0.021875 0.036458 0.023438 0.034375 0.023438 0.033333 0.024219 0.032292 0.025781 0.032292 0.026562 0.032292 0.027344 0.031250
0 0.105469 0.031250 0.106250 0.031250 0.107031 0.031250 0.107813 0.032292 0.108594 0.033333 0.108594 0.034375 0.107813 0.035417 0.107813 0.038542 0.107813 0.039583 0.107031 0.040625 0.106250 0.041667 0.105469 0.041667 0.105469 0.040625 0.105469 0.039583 0.104688 0.038542 0.103906 0.037500 0.103906 0.035417 0.103125 0.034375 0.103906 0.033333 0.103906 0.032292 0.104688 0.032292 0.105469 0.031250
0 0.301563 0.039583 0.303125 0.039583 0.303906 0.039583 0.306250 0.042708 0.307031 0.042708 0.307031 0.043750 0.307031 0.044792 0.306250 0.045833 0.305469 0.046875 0.304688 0.046875 0.303906 0.047917 0.303125 0.047917 0.302344 0.047917 0.301563 0.046875 0.300781 0.046875 0.300000 0.046875 0.299219 0.045833 0.299219 0.043750 0.299219 0.042708 0.300000 0.041667 0.300781 0.041667 0.301563 0.040625 0.301563 0.039583
0 0.914062 0.039583 0.914844 0.040625 0.915625 0.040625 0.916406 0.041667 0.919531 0.041667 0.920312 0.041667 0.921094 0.042708 0.921875 0.043750 0.921875 0.044792 0.922656 0.045833 0.921094 0.047917 0.920312 0.048958 0.917188 0.048958 0.916406 0.048958 0.915625 0.050000 0.914844 0.050000 0.914062 0.048958 0.913281 0.047917 0.913281 0.045833 0.912500 0.044792 0.912500 0.041667 0.912500 0.040625 0.913281 0.040625 0.914062 0.039583
0 0.986719 0.046875 0.989062 0.046875 0.989844 0.046875 0.990625 0.047917 0.990625 0.048958 0.991406 0.050000 0.991406 0.055208 0.991406 0.056250 0.989062 0.059375 0.988281 0.060417 0.985938 0.060417 0.985156 0.060417 0.985156 0.059375 0.985156 0.058333 0.984375 0.057292 0.984375 0.056250 0.984375 0.055208 0.983594 0.054167 0.983594 0.052083 0.982812 0.051042 0.983594 0.050000 0.984375 0.050000 0.986719 0.046875
0 0.811719 0.052083 0.812500 0.053125 0.813281 0.053125 0.813281 0.054167 0.814063 0.055208 0.813281 0.055208 0.811719 0.057292 0.810937 0.057292 0.810937 0.056250 0.810156 0.055208 0.810156 0.054167 0.810156 0.053125 0.810937 0.053125 0.811719 0.052083
0 0.389062 0.056250 0.389844 0.056250 0.390625 0.056250 0.391406 0.057292 0.392188 0.057292 0.392969 0.057292 0.392969 0.058333 0.393750 0.059375 0.395313 0.059375 0.396094 0.060417 0.395313 0.061458 0.395313 0.062500 0.395313 0.063542 0.394531 0.064583 0.393750 0.065625 0.392969 0.065625 0.392188 0.066667 0.391406 0.066667 0.390625 0.067708 0.388281 0.067708 0.387500 0.067708 0.386719 0.066667 0.386719 0.064583 0.385937 0.063542 0.385937 0.060417 0.385937 0.059375 0.386719 0.059375 0.389062 0.056250
0 0.761719 0.061458 0.763281 0.061458 0.764062 0.061458 0.764062 0.064583 0.764844 0.065625 0.764844 0.066667 0.764062 0.067708 0.764062 0.070833 0.764062 0.071875 0.765625 0.073958 0.766406 0.075000 0.765625 0.076042 0.765625 0.079167 0.764844 0.080208 0.762500 0.080208 0.761719 0.080208 0.759375 0.077083 0.758594 0.076042 0.758594 0.075000 0.757812 0.073958 0.757812 0.072917 0.757812 0.071875 0.758594 0.071875 0.759375 0.070833 0.760938 0.070833 0.761719 0.069792 0.761719 0.061458
0 0.255469 0.062500 0.257031 0.062500 0.257812 0.062500 0.258594 0.063542 0.259375 0.064583 0.259375 0.065625 0.259375 0.066667 0.258594 0.067708 0.257812 0.067708 0.257031 0.067708 0.257031 0.066667 0.256250 0.065625 0.255469 0.064583 0.255469 0.062500
0 0.700000 0.062500 0.703906 0.062500 0.704688 0.063542 0.703906 0.063542 0.703125 0.064583 0.703125 0.065625 0.702344 0.066667 0.701562 0.066667 0.700781 0.066667 0.700000 0.067708 0.699219 0.067708 0.699219 0.064583 0.699219 0.063542 0.700000 0.062500
0 0.121094 0.063542 0.126562 0.063542 0.127344 0.063542 0.128125 0.064583 0.129688 0.064583 0.130469 0.065625 0.133594 0.065625 0.134375 0.065625 0.135156 0.066667 0.135937 0.067708 0.136719 0.067708 0.137500 0.067708 0.138281 0.068750 0.139063 0.069792 0.139063 0.072917 0.139063 0.073958 0.139844 0.075000 0.139844 0.077083 0.139844 0.078125 0.138281 0.080208 0.137500 0.081250 0.136719 0.081250 0.135937 0.082292 0.135156 0.083333 0.132812 0.083333 0.132031 0.083333 0.131250 0.082292 0.129688 0.082292 0.128906 0.081250 0.126562 0.081250 0.125781 0.081250 0.124219 0.079167 0.123438 0.078125 0.119531 0.078125 0.118750 0.078125 0.117969 0.077083 0.117188 0.077083 0.116406 0.077083 0.115625 0.076042 0.115625 0.075000 0.114844 0.073958 0.114062 0.073958 0.113281 0.072917 0.113281 0.071875 0.112500 0.070833 0.113281 0.069792 0.113281 0.068750 0.114062 0.068750 0.114844 0.067708 0.116406 0.067708 0.117188 0.067708 0.118750 0.065625 0.119531 0.064583 0.120313 0.064583 0.121094 0.063542
0 0.881250 0.064583 0.882812 0.064583 0.883594 0.064583 0.884375 0.065625 0.885938 0.065625 0.886719 0.065625 0.888281 0.067708 0.889062 0.067708 0.889844 0.068750 0.890625 0.069792 0.890625 0.070833 0.891406 0.071875 0.892188 0.072917 0.892188 0.073958 0.892969 0.075000 0.892969 0.076042 0.892969 0.077083 0.893750 0.078125 0.894531 0.079167 0.894531 0.087500 0.894531 0.088542 0.893750 0.089583 0.893750 0.091667 0.893750 0.092708 0.892969 0.093750 0.892188 0.094792 0.891406 0.094792 0.890625 0.094792 0.889844 0.095833 0.889062 0.095833 0.888281 0.095833 0.887500 0.096875 0.886719 0.097917 0.885938 0.097917 0.885156 0.098958 0.884375 0.097917 0.883594 0.097917 0.882812 0.097917 0.882812 0.096875 0.882031 0.095833 0.881250 0.094792 0.878125 0.094792 0.877344 0.094792 0.876563 0.093750 0.873437 0.093750 0.872656 0.093750 0.871875 0.092708 0.871094 0.091667 0.871094 0.090625 0.870313 0.089583 0.870313 0.086458 0.870313 0.085417 0.871094 0.084375 0.871875 0.083333 0.871875 0.080208 0.871875 0.079167 0.872656 0.078125 0.872656 0.077083 0.872656 0.076042 0.873437 0.076042 0.874219 0.075000 0.875000 0.073958 0.875781 0.073958 0.877344 0.071875 0.878125 0.071875 0.878906 0.070833 0.878906 0.069792 0.879687 0.068750 0.879687 0.067708 0.880469 0.066667 0.880469 0.065625 0.881250 0.064583
0 0.925000 0.066667 0.928906 0.066667 0.929688 0.066667 0.930469 0.067708 0.931250 0.067708 0.931250 0.068750 0.931250 0.069792 0.932031 0.070833 0.932813 0.070833 0.932813 0.071875 0.933594 0.072917 0.934375 0.073958 0.935156 0.073958 0.935937 0.075000 0.936719 0.075000 0.937500 0.075000 0.939844 0.078125 0.940625 0.078125 0.940625 0.079167 0.941406 0.080208 0.941406 0.082292 0.942187 0.083333 0.941406 0.083333 0.939844 0.085417 0.939063 0.086458 0.938281 0.086458 0.937500 0.086458 0.936719 0.087500 0.935937 0.088542 0.935156 0.088542 0.933594 0.090625 0.932813 0.091667 0.932031 0.090625 0.930469 0.090625 0.929688 0.090625 0.929688 0.089583 0.928906 0.088542 0.928906 0.083333 0.928906 0.082292 0.929688 0.081250 0.929688 0.078125 0.929688 0.077083 0.928125 0.075000 0.927344 0.073958 0.926562 0.073958 0.925781 0.072917 0.925000 0.072917 0.925000 0.071875 0.924219 0.070833 0.924219 0.069792 0.923438 0.068750 0.924219 0.068750 0.925000 0.067708 0.925000 0.066667
0 0.804688 0.068750 0.806250 0.068750 0.807031 0.069792 0.807031 0.070833 0.807813 0.071875 0.808594 0.072917 0.808594 0.075000 0.807813 0.076042 0.806250 0.076042 0.805469 0.076042 0.804688 0.075000 0.803906 0.075000 0.803906 0.071875 0.803906 0.070833 0.804688 0.069792 0.804688 0.068750
0 0.979688 0.068750 0.980469 0.069792 0.981250 0.069792 0.982031 0.070833 0.982031 0.071875 0.982812 0.072917 0.983594 0.072917 0.984375 0.073958 0.982031 0.077083 0.981250 0.078125 0.980469 0.078125 0.979688 0.078125 0.979688 0.077083 0.978906 0.076042 0.978125 0.075000 0.978125 0.073958 0.978125 0.072917 0.978906 0.071875 0.978906 0.070833 0.978906 0.069792 0.979688 0.068750
0 0.272656 0.071875 0.274078 0.072055 0.273438 0.073958 0.273438 0.081250 0.273438 0.082292 0.272656 0.083333 0.271875 0.084375 0.268750 0.084375 0.267969 0.085417 0.267188 0.085417 0.266406 0.084375 0.265625 0.083333 0.264844 0.083333 0.264062 0.083333 0.264062 0.082292 0.263281 0.081250 0.262500 0.080208 0.262500 0.079167 0.262500 0.078125 0.264062 0.078125 0.264844 0.078125 0.265625 0.077083 0.265625 0.076042 0.266406 0.075000 0.269531 0.075000 0.270313 0.075000 0.271094 0.073958 0.271875 0.073958 0.271752 0.072285 0.272656 0.071875
0 0.030469 0.073958 0.034375 0.073958 0.035156 0.073958 0.035937 0.075000 0.036719 0.076042 0.036719 0.077083 0.036719 0.078125 0.037500 0.079167 0.037500 0.080208 0.038281 0.081250 0.038281 0.084375 0.038281 0.085417 0.037500 0.086458 0.037500 0.087500 0.036719 0.088542 0.035937 0.089583 0.035937 0.090625 0.035156 0.091667 0.034375 0.091667 0.033594 0.092708 0.031250 0.092708 0.030469 0.092708 0.029687 0.093750 0.028906 0.093750 0.028125 0.092708 0.026562 0.092708 0.025781 0.091667 0.025781 0.088542 0.025781 0.087500 0.024219 0.085417 0.023438 0.085417 0.023438 0.084375 0.023438 0.083333 0.026562 0.079167 0.026562 0.078125 0.027344 0.078125 0.030469 0.073958
0 0.081250 0.075000 0.082031 0.075000 0.082812 0.075000 0.083594 0.076042 0.084375 0.076042 0.083594 0.077083 0.083594 0.078125 0.082812 0.079167 0.082031 0.080208 0.081250 0.080208 0.080469 0.080208 0.080469 0.077083 0.079687 0.076042 0.080469 0.076042 0.081250 0.075000
0 0.588281 0.075000 0.589844 0.075000 0.590625 0.076042 0.590625 0.077083 0.590625 0.078125 0.589844 0.079167 0.589844 0.080208 0.589063 0.081250 0.588281 0.081250 0.587500 0.081250 0.586719 0.080208 0.585938 0.080208 0.585938 0.079167 0.585938 0.078125 0.588281 0.075000
0 0.547656 0.076042 0.548438 0.077083 0.549219 0.077083 0.550000 0.077083 0.550781 0.078125 0.551562 0.078125 0.552344 0.078125 0.553906 0.080208 0.554688 0.081250 0.554688 0.083333 0.554688 0.084375 0.555469 0.085417 0.556250 0.085417 0.557031 0.085417 0.557813 0.086458 0.557813 0.087500 0.557031 0.088542 0.556250 0.088542 0.555469 0.089583 0.553125 0.089583 0.552344 0.089583 0.551562 0.088542 0.549219 0.088542 0.548438 0.088542 0.548438 0.087500 0.547656 0.086458 0.546875 0.085417 0.546094 0.085417 0.545312 0.085417 0.545312 0.084375 0.544531 0.083333 0.543750 0.083333 0.543750 0.082292 0.543750 0.081250 0.544531 0.080208 0.544531 0.078125 0.544531 0.077083 0.546094 0.077083 0.546875 0.077083 0.547656 0.076042
0 0.488281 0.077083 0.490625 0.077083 0.491406 0.077083 0.491406 0.078125 0.492188 0.079167 0.492969 0.080208 0.497656 0.080208 0.498437 0.080208 0.499219 0.081250 0.499219 0.082292 0.500000 0.083333 0.500781 0.083333 0.501563 0.084375 0.501563 0.087500 0.501563 0.088542 0.500781 0.089583 0.499219 0.089583 0.498437 0.089583 0.497656 0.090625 0.496875 0.090625 0.496094 0.090625 0.494531 0.092708 0.493750 0.093750 0.492969 0.093750 0.492969 0.092708 0.492188 0.091667 0.491406 0.090625 0.491406 0.089583 0.490625 0.088542 0.486719 0.088542 0.485938 0.088542 0.484375 0.086458 0.483594 0.086458 0.483594 0.083333 0.482812 0.082292 0.484375 0.080208 0.485156 0.079167 0.485938 0.079167 0.486719 0.078125 0.487500 0.078125 0.488281 0.077083
0 0.188281 0.090625 0.192969 0.090625 0.193750 0.090625 0.195312 0.092708 0.196094 0.093750 0.196875 0.093750 0.197656 0.093750 0.198437 0.094792 0.199219 0.094792 0.199219 0.095833 0.200000 0.096875 0.200000 0.097917 0.200000 0.098958 0.198437 0.101042 0.197656 0.102083 0.196875 0.102083 0.196094 0.103125 0.196094 0.104167 0.195312 0.105208 0.195312 0.106250 0.194531 0.107292 0.193750 0.107292 0.192969 0.107292 0.192188 0.108333 0.191406 0.108333 0.190625 0.107292 0.189844 0.107292 0.189062 0.107292 0.188281 0.106250 0.187500 0.106250 0.187500 0.105208 0.186719 0.104167 0.186719 0.093750 0.186719 0.092708 0.188281 0.090625
0 0.317188 0.090625 0.320312 0.090625 0.321094 0.090625 0.321875 0.091667 0.321875 0.092708 0.322656 0.093750 0.321875 0.094792 0.321875 0.095833 0.321094 0.096875 0.320312 0.096875 0.319531 0.097917 0.318750 0.097917 0.317969 0.096875 0.317188 0.096875 0.316406 0.096875 0.316406 0.095833 0.315625 0.094792 0.315625 0.092708 0.315625 0.091667 0.316406 0.091667 0.317188 0.090625
0 0.785156 0.090625 0.787500 0.090625 0.788281 0.090625 0.789062 0.091667 0.789844 0.091667 0.790625 0.091667 0.792188 0.093750 0.792969 0.093750 0.792969 0.096875 0.792969 0.097917 0.792188 0.098958 0.791406 0.100000 0.788281 0.100000 0.787500 0.100000 0.786719 0.098958 0.785937 0.098958 0.785156 0.097917 0.784375 0.097917 0.783594 0.096875 0.782813 0.095833 0.782813 0.093750 0.782813 0.092708 0.783594 0.092708 0.785156 0.090625
0 0.909375 0.093750 0.910156 0.093750 0.910937 0.093750 0.912500 0.095833 0.913281 0.096875 0.913281 0.097917 0.913281 0.098958 0.912500 0.100000 0.912500 0.101042 0.911719 0.102083 0.909375 0.102083 0.908594 0.102083 0.907813 0.101042 0.907031 0.100000 0.907031 0.097917 0.907031 0.096875 0.907813 0.095833 0.907813 0.094792 0.908594 0.094792 0.909375 0.093750
0 0.661719 0.098958 0.662500 0.098958 0.663281 0.098958 0.664062 0.100000 0.664844 0.100000 0.665625 0.101042 0.666406 0.102083 0.671094 0.102083 0.671875 0.103125 0.671875 0.104167 0.671094 0.105208 0.670312 0.105208 0.669531 0.106250 0.669531 0.108333 0.669531 0.109375 0.668750 0.110417 0.667969 0.111458 0.667969 0.112500 0.667969 0.113542 0.667188 0.114583 0.666406 0.115625 0.665625 0.115625 0.664844 0.116667 0.664062 0.116667 0.663281 0.116667 0.663281 0.115625 0.662500 0.114583 0.662500 0.113542 0.661719 0.112500 0.660937 0.112500 0.660156 0.111458 0.660156 0.110417 0.659375 0.109375 0.659375 0.105208 0.659375 0.104167 0.660156 0.103125 0.660156 0.102083 0.660156 0.101042 0.661719 0.098958
0 0.368750 0.101042 0.369531 0.102083 0.370312 0.102083 0.371094 0.102083 0.371875 0.103125 0.371875 0.104167 0.372656 0.105208 0.373437 0.105208 0.373437 0.106250 0.373437 0.107292 0.372656 0.108333 0.372656 0.110417 0.372656 0.111458 0.371875 0.112500 0.371875 0.113542 0.368750 0.117708 0.367969 0.118750 0.365625 0.118750 0.364844 0.118750 0.364063 0.117708 0.362500 0.117708 0.361719 0.117708 0.360938 0.116667 0.360156 0.116667 0.359375 0.115625 0.359375 0.114583 0.358594 0.113542 0.358594 0.109375 0.358594 0.108333 0.359375 0.107292 0.359375 0.106250 0.360938 0.104167 0.361719 0.103125 0.362500 0.103125 0.363281 0.102083 0.367188 0.102083 0.367969 0.102083 0.368750 0.101042
0 0.317969 0.104167 0.319531 0.104167 0.320312 0.104167 0.320312 0.106250 0.321094 0.107292 0.321094 0.110417 0.321094 0.111458 0.320312 0.112500 0.319531 0.113542 0.318750 0.113542 0.317969 0.113542 0.317969 0.112500 0.317188 0.111458 0.317188 0.110417 0.316406 0.109375 0.315625 0.109375 0.314844 0.108333 0.313281 0.108333 0.312500 0.107292 0.312500 0.106250 0.312500 0.105208 0.316406 0.105208 0.317188 0.105208 0.317969 0.104167
0 0.782031 0.105208 0.784375 0.105208 0.785156 0.106250 0.785156 0.111458 0.785156 0.112500 0.785937 0.113542 0.785937 0.116667 0.786719 0.117708 0.786719 0.118750 0.785937 0.119792 0.785937 0.126042 0.785937 0.127083 0.785156 0.128125 0.784375 0.128125 0.783594 0.128125 0.782813 0.129167 0.782813 0.130208 0.782031 0.129167 0.778125 0.129167 0.777344 0.129167 0.776563 0.130208 0.775781 0.130208 0.775000 0.131250 0.771875 0.131250 0.771094 0.131250 0.769531 0.129167 0.768750 0.128125 0.767969 0.128125 0.767188 0.127083 0.765625 0.127083 0.764844 0.127083 0.764844 0.126042 0.764062 0.125000 0.764844 0.123958 0.765625 0.123958 0.766406 0.122917 0.767188 0.121875 0.768750 0.121875 0.769531 0.121875 0.770312 0.120833 0.771094 0.120833 0.771875 0.119792 0.771875 0.117708 0.772656 0.116667 0.772656 0.112500 0.773438 0.111458 0.775781 0.111458 0.776563 0.111458 0.777344 0.110417 0.777344 0.109375 0.778125 0.109375 0.778906 0.109375 0.779687 0.108333 0.780469 0.108333 0.781250 0.108333 0.782031 0.107292 0.782031 0.105208
0 0.830469 0.105208 0.832031 0.105208 0.832812 0.106250 0.835156 0.106250 0.835938 0.107292 0.841406 0.107292 0.842187 0.107292 0.842187 0.110417 0.842187 0.111458 0.841406 0.112500 0.839844 0.112500 0.839063 0.111458 0.833594 0.111458 0.832812 0.111458 0.831250 0.109375 0.830469 0.109375 0.830469 0.108333 0.829688 0.107292 0.830469 0.106250 0.830469 0.105208
0 0.561719 0.106250 0.563281 0.106250 0.564063 0.106250 0.564844 0.107292 0.564844 0.110417 0.564063 0.111458 0.562500 0.111458 0.561719 0.110417 0.561719 0.109375 0.560937 0.108333 0.561719 0.107292 0.561719 0.106250
0 0.068750 0.108333 0.070312 0.108333 0.071094 0.108333 0.071094 0.109375 0.071094 0.110417 0.070312 0.111458 0.070312 0.112500 0.070312 0.113542 0.069531 0.114583 0.069531 0.115625 0.068750 0.116667 0.066406 0.116667 0.065625 0.116667 0.065625 0.115625 0.064844 0.114583 0.064062 0.114583 0.063281 0.114583 0.063281 0.113542 0.063281 0.112500 0.062500 0.111458 0.063281 0.110417 0.064062 0.110417 0.064844 0.110417 0.065625 0.109375 0.067187 0.109375 0.067969 0.109375 0.068750 0.108333
0 0.425000 0.108333 0.428906 0.108333 0.429688 0.108333 0.430469 0.109375 0.431250 0.109375 0.432031 0.110417 0.432031 0.111458 0.432031 0.112500 0.432812 0.113542 0.433594 0.114583 0.433594 0.115625 0.433594 0.116667 0.434375 0.117708 0.435156 0.117708 0.435937 0.118750 0.436719 0.118750 0.436719 0.119792 0.435937 0.120833 0.425781 0.120833 0.425000 0.121875 0.424219 0.121875 0.423438 0.121875 0.422656 0.120833 0.421875 0.120833 0.421875 0.118750 0.422656 0.117708 0.422656 0.112500 0.422656 0.111458 0.423438 0.110417 0.423438 0.109375 0.424219 0.109375 0.425000 0.108333
0 0.928125 0.117708 0.928906 0.117708 0.929688 0.117708 0.930469 0.118750 0.931250 0.119792 0.931250 0.122917 0.930469 0.123958 0.928125 0.123958 0.927344 0.122917 0.927344 0.121875 0.926562 0.120833 0.927344 0.119792 0.927344 0.118750 0.928125 0.117708
0 0.035937 0.118750 0.039062 0.118750 0.039844 0.118750 0.040625 0.119792 0.041406 0.119792 0.039844 0.119792 0.039062 0.120833 0.036719 0.120833 0.035937 0.120833 0.035937 0.118750
0 0.042188 0.122917 0.045312 0.122917 0.046094 0.122917 0.046875 0.123958 0.046875 0.127083 0.046875 0.128125 0.046094 0.129167 0.045312 0.129167 0.044531 0.129167 0.043750 0.130208 0.042969 0.130208 0.042969 0.128125 0.042188 0.127083 0.042188 0.122917
0 0.438281 0.123958 0.440625 0.123958 0.441406 0.123958 0.442188 0.125000 0.442969 0.126042 0.442969 0.129167 0.442969 0.130208 0.442188 0.131250 0.442188 0.132292 0.441406 0.133333 0.440625 0.133333 0.439844 0.134375 0.439844 0.136458 0.439063 0.137500 0.435937 0.137500 0.435156 0.137500 0.435156 0.136458 0.434375 0.135417 0.433594 0.134375 0.433594 0.131250 0.433594 0.130208 0.434375 0.130208 0.435156 0.129167 0.435937 0.129167 0.436719 0.129167 0.437500 0.128125 0.437500 0.127083 0.438281 0.126042 0.438281 0.123958
0 0.167187 0.126042 0.167969 0.127083 0.168750 0.127083 0.166406 0.130208 0.165625 0.131250 0.165625 0.135417 0.165625 0.136458 0.164844 0.137500 0.164062 0.137500 0.164062 0.136458 0.163281 0.135417 0.163281 0.134375 0.162500 0.133333 0.161719 0.133333 0.161719 0.132292 0.161719 0.131250 0.162500 0.131250 0.163281 0.130208 0.163281 0.129167 0.164062 0.128125 0.164844 0.128125 0.165625 0.128125 0.167187 0.126042
0 0.424219 0.132292 0.425000 0.132292 0.425781 0.132292 0.425781 0.133333 0.426563 0.134375 0.427344 0.135417 0.426563 0.136458 0.426563 0.137500 0.425000 0.139583 0.424219 0.140625 0.421875 0.140625 0.421094 0.141667 0.420312 0.141667 0.419531 0.140625 0.418750 0.140625 0.418750 0.138542 0.418750 0.137500 0.419531 0.137500 0.420312 0.136458 0.421094 0.135417 0.421094 0.134375 0.421094 0.133333 0.422656 0.133333 0.423438 0.133333 0.424219 0.132292
0 0.567187 0.132292 0.570312 0.132292 0.571094 0.132292 0.571875 0.133333 0.572656 0.133333 0.572656 0.136458 0.572656 0.137500 0.571875 0.138542 0.568750 0.138542 0.567969 0.138542 0.567187 0.137500 0.566406 0.136458 0.567187 0.135417 0.567187 0.132292
0 0.403906 0.135417 0.404687 0.135417 0.405469 0.135417 0.405469 0.138542 0.405469 0.139583 0.404687 0.140625 0.404687 0.141667 0.403906 0.142708 0.402344 0.142708 0.401562 0.142708 0.400781 0.141667 0.400781 0.140625 0.400781 0.139583 0.401562 0.139583 0.402344 0.138542 0.402344 0.137500 0.403906 0.135417
0 0.480469 0.135417 0.481250 0.136458 0.482031 0.136458 0.482031 0.141667 0.481250 0.142708 0.480469 0.142708 0.479687 0.141667 0.479687 0.140625 0.478906 0.139583 0.478125 0.139583 0.478125 0.138542 0.478125 0.137500 0.478906 0.136458 0.479687 0.136458 0.480469 0.135417
0 0.142187 0.138542 0.146094 0.138542 0.146875 0.138542 0.147656 0.139583 0.149219 0.139583 0.150000 0.139583 0.150781 0.140625 0.152344 0.140625 0.153125 0.140625 0.153906 0.141667 0.154688 0.141667 0.154688 0.142708 0.154688 0.143750 0.153906 0.144792 0.153125 0.145833 0.152344 0.145833 0.151562 0.145833 0.150000 0.147917 0.149219 0.148958 0.148438 0.148958 0.147656 0.148958 0.146875 0.150000 0.146094 0.151042 0.144531 0.151042 0.143750 0.151042 0.142969 0.150000 0.142187 0.150000 0.142187 0.148958 0.141406 0.147917 0.140625 0.146875 0.140625 0.142708 0.139844 0.141667 0.140625 0.141667 0.141406 0.140625 0.141406 0.139583 0.142187 0.138542
0 0.078906 0.140625 0.079687 0.141667 0.080469 0.141667 0.081250 0.141667 0.078906 0.144792 0.078125 0.144792 0.078125 0.143750 0.077344 0.142708 0.078906 0.140625
0 0.356250 0.141667 0.357031 0.142708 0.360156 0.142708 0.360938 0.143750 0.360938 0.145833 0.360938 0.146875 0.361719 0.147917 0.361719 0.151042 0.361719 0.152083 0.360938 0.153125 0.357812 0.153125 0.357031 0.153125 0.356250 0.154167 0.355469 0.155208 0.354687 0.155208 0.353906 0.155208 0.353125 0.156250 0.351562 0.156250 0.350781 0.156250 0.350781 0.155208 0.349219 0.153125 0.348438 0.152083 0.348438 0.151042 0.347656 0.150000 0.347656 0.147917 0.347656 0.146875 0.349219 0.144792 0.349219 0.143750 0.353906 0.143750 0.354687 0.143750 0.356250 0.141667
0 0.740625 0.141667 0.742969 0.141667 0.743750 0.141667 0.743750 0.142708 0.743750 0.143750 0.744531 0.144792 0.745313 0.145833 0.743750 0.147917 0.742969 0.148958 0.742969 0.150000 0.742188 0.151042 0.741406 0.152083 0.741406 0.151042 0.740625 0.150000 0.740625 0.148958 0.739844 0.147917 0.738281 0.147917 0.737500 0.146875 0.738281 0.145833 0.738281 0.144792 0.738281 0.143750 0.739062 0.143750 0.740625 0.141667
0 0.541406 0.142708 0.543750 0.142708 0.544531 0.143750 0.542188 0.146875 0.542188 0.147917 0.542188 0.146875 0.542188 0.145833 0.541406 0.144792 0.541406 0.142708
0 0.510938 0.145833 0.511719 0.146875 0.512500 0.146875 0.513281 0.147917 0.514062 0.148958 0.514062 0.157292 0.513281 0.158333 0.512500 0.158333 0.511719 0.158333 0.511719 0.156250 0.511719 0.155208 0.510938 0.154167 0.510156 0.154167 0.509375 0.153125 0.509375 0.148958 0.509375 0.147917 0.510938 0.145833
0 0.324219 0.147917 0.325781 0.147917 0.326562 0.147917 0.327344 0.148958 0.328125 0.148958 0.328125 0.151042 0.328125 0.152083 0.327344 0.153125 0.326562 0.153125 0.325781 0.154167 0.325000 0.154167 0.324219 0.155208 0.323437 0.156250 0.322656 0.156250 0.321875 0.157292 0.321094 0.156250 0.320312 0.156250 0.319531 0.156250 0.318750 0.155208 0.318750 0.152083 0.318750 0.151042 0.319531 0.151042 0.320312 0.150000 0.321094 0.148958 0.322656 0.148958 0.323437 0.148958 0.324219 0.147917
0 0.491406 0.151042 0.492188 0.152083 0.492969 0.152083 0.493750 0.153125 0.494531 0.153125 0.494531 0.154167 0.495312 0.155208 0.494531 0.156250 0.494531 0.157292 0.493750 0.158333 0.492188 0.158333 0.491406 0.158333 0.491406 0.157292 0.490625 0.156250 0.490625 0.154167 0.489844 0.153125 0.491406 0.151042
0 0.964844 0.152083 0.967969 0.152083 0.968750 0.152083 0.969531 0.153125 0.969531 0.154167 0.970313 0.155208 0.970313 0.156250 0.971094 0.157292 0.971875 0.157292 0.971875 0.158333 0.971875 0.159375 0.970313 0.161458 0.969531 0.161458 0.967969 0.159375 0.967187 0.158333 0.967187 0.157292 0.966406 0.156250 0.966406 0.155208 0.965625 0.154167 0.965625 0.153125 0.964844 0.152083
0 0.278125 0.153125 0.278906 0.154167 0.279687 0.154167 0.279687 0.158333 0.279687 0.159375 0.278906 0.160417 0.278125 0.161458 0.276562 0.161458 0.275781 0.161458 0.275000 0.160417 0.275000 0.159375 0.275000 0.158333 0.275781 0.157292 0.275781 0.156250 0.276562 0.155208 0.276562 0.154167 0.277344 0.154167 0.278125 0.153125
0 0.539062 0.154167 0.541406 0.154167 0.542188 0.154167 0.542188 0.157292 0.542188 0.158333 0.541406 0.159375 0.540625 0.160417 0.538281 0.160417 0.537500 0.159375 0.537500 0.156250 0.537500 0.155208 0.538281 0.155208 0.539062 0.154167
0 0.671875 0.158333 0.672656 0.158333 0.673438 0.158333 0.673438 0.159375 0.674219 0.160417 0.674219 0.161458 0.674219 0.162500 0.675000 0.163542 0.675000 0.164583 0.674219 0.165625 0.673438 0.165625 0.671875 0.163542 0.671094 0.162500 0.671094 0.160417 0.670312 0.159375 0.671094 0.159375 0.671875 0.158333
0 0.515625 0.159375 0.517969 0.159375 0.518750 0.159375 0.520312 0.161458 0.521094 0.161458 0.521094 0.162500 0.521094 0.163542 0.519531 0.165625 0.518750 0.165625 0.517969 0.164583 0.517188 0.163542 0.516406 0.163542 0.515625 0.162500 0.515625 0.159375
0 0.141406 0.163542 0.146094 0.163542 0.146875 0.163542 0.146875 0.164583 0.146875 0.165625 0.147656 0.166667 0.147656 0.167708 0.148438 0.168750 0.149219 0.168750 0.150000 0.169792 0.150000 0.170833 0.150781 0.171875 0.151562 0.172917 0.151562 0.173958 0.152344 0.175000 0.153125 0.176042 0.152344 0.177083 0.152344 0.184375 0.153125 0.185417 0.153125 0.191667 0.153125 0.192708 0.152344 0.193750 0.152344 0.196875 0.152344 0.197917 0.151562 0.198958 0.150781 0.200000 0.150000 0.200000 0.149219 0.201042 0.148438 0.201042 0.147656 0.202083 0.146094 0.202083 0.145313 0.202083 0.143750 0.204167 0.142969 0.204167 0.139844 0.208333 0.139063 0.209375 0.138281 0.209375 0.137500 0.210417 0.136719 0.211458 0.135937 0.211458 0.135156 0.211458 0.134375 0.212500 0.133594 0.213542 0.129688 0.213542 0.128906 0.213542 0.128906 0.212500 0.128125 0.211458 0.127344 0.211458 0.126562 0.210417 0.126562 0.205208 0.126562 0.204167 0.125781 0.203125 0.125781 0.202083 0.125000 0.201042 0.125000 0.200000 0.124219 0.198958 0.124219 0.197917 0.123438 0.196875 0.122656 0.195833 0.122656 0.193750 0.122656 0.192708 0.121875 0.191667 0.121875 0.188542 0.121875 0.187500 0.122656 0.186458 0.122656 0.185417 0.122656 0.184375 0.123438 0.183333 0.123438 0.182292 0.125000 0.180208 0.125000 0.179167 0.125781 0.179167 0.126562 0.178125 0.126562 0.177083 0.127344 0.177083 0.128125 0.176042 0.128906 0.175000 0.129688 0.175000 0.130469 0.173958 0.131250 0.172917 0.132031 0.172917 0.132812 0.171875 0.133594 0.171875 0.135156 0.169792 0.135937 0.168750 0.136719 0.168750 0.137500 0.167708 0.138281 0.167708 0.139063 0.166667 0.139063 0.165625 0.139844 0.164583 0.140625 0.164583 0.141406 0.163542
0 0.565625 0.163542 0.571094 0.163542 0.571875 0.163542 0.572656 0.164583 0.573438 0.164583 0.574219 0.165625 0.575000 0.165625 0.575781 0.166667 0.576562 0.167708 0.576562 0.168750 0.577344 0.169792 0.578125 0.169792 0.578906 0.169792 0.579688 0.170833 0.580469 0.170833 0.581250 0.171875 0.581250 0.173958 0.582031 0.175000 0.586719 0.175000 0.587500 0.175000 0.587500 0.176042 0.588281 0.177083 0.589063 0.178125 0.589063 0.179167 0.589844 0.180208 0.590625 0.180208 0.591406 0.181250 0.592187 0.181250 0.592969 0.182292 0.593750 0.182292 0.594531 0.182292 0.595313 0.183333 0.596094 0.183333 0.596875 0.184375 0.597656 0.184375 0.598437 0.184375 0.600781 0.187500 0.601562 0.188542 0.602344 0.188542 0.603906 0.190625 0.604688 0.191667 0.604688 0.194792 0.604688 0.195833 0.605469 0.196875 0.605469 0.201042 0.605469 0.202083 0.606250 0.203125 0.607031 0.204167 0.607031 0.205208 0.607812 0.206250 0.612500 0.206250 0.613281 0.205208 0.614844 0.205208 0.615625 0.205208 0.616406 0.206250 0.617188 0.206250 0.617969 0.207292 0.617969 0.208333 0.617969 0.209375 0.618750 0.210417 0.619531 0.210417 0.619531 0.212500 0.619531 0.213542 0.620313 0.214583 0.621094 0.215625 0.621094 0.217708 0.621094 0.218750 0.622656 0.220833 0.622656 0.221875 0.623437 0.222917 0.624219 0.222917 0.625000 0.223958 0.625000 0.231250 0.625000 0.232292 0.625781 0.233333 0.625781 0.235417 0.625781 0.236458 0.625000 0.237500 0.614844 0.237500 0.614062 0.237500 0.613281 0.236458 0.612500 0.236458 0.611719 0.236458 0.610938 0.235417 0.609375 0.235417 0.608594 0.235417 0.607812 0.234375 0.607031 0.234375 0.606250 0.233333 0.605469 0.233333 0.605469 0.232292 0.604688 0.231250 0.603906 0.231250 0.599219 0.225000 0.598437 0.223958 0.597656 0.223958 0.596875 0.222917 0.596094 0.221875 0.595313 0.221875 0.594531 0.221875 0.594531 0.220833 0.593750 0.219792 0.593750 0.216667 0.592969 0.215625 0.591406 0.215625 0.590625 0.215625 0.589844 0.214583 0.589063 0.213542 0.583594 0.213542 0.582812 0.213542 0.582812 0.210417 0.582812 0.209375 0.582031 0.208333 0.582031 0.207292 0.581250 0.206250 0.581250 0.205208 0.581250 0.204167 0.579688 0.202083 0.578906 0.202083 0.577344 0.200000 0.577344 0.198958 0.576562 0.197917 0.575781 0.197917 0.573438 0.194792 0.572656 0.193750 0.572656 0.192708 0.571875 0.191667 0.571875 0.190625 0.570312 0.188542 0.569531 0.187500 0.569531 0.186458 0.567187 0.183333 0.566406 0.182292 0.564844 0.182292 0.564063 0.181250 0.559375 0.181250 0.558594 0.182292 0.558594 0.185417 0.558594 0.186458 0.559375 0.187500 0.560156 0.187500 0.559375 0.188542 0.559375 0.189583 0.558594 0.190625 0.558594 0.193750 0.558594 0.194792 0.559375 0.195833 0.560156 0.195833 0.560156 0.196875 0.560156 0.197917 0.559375 0.198958 0.558594 0.198958 0.557813 0.197917 0.555469 0.197917 0.554688 0.197917 0.553906 0.196875 0.553906 0.194792 0.553906 0.193750 0.553125 0.192708 0.552344 0.191667 0.551562 0.191667 0.550000 0.189583 0.549219 0.189583 0.549219 0.184375 0.549219 0.183333 0.547656 0.181250 0.546875 0.181250 0.546875 0.178125 0.546094 0.177083 0.548438 0.173958 0.549219 0.172917 0.549219 0.171875 0.549219 0.170833 0.550781 0.170833 0.551562 0.169792 0.552344 0.170833 0.553125 0.170833 0.553906 0.171875 0.556250 0.171875 0.557031 0.171875 0.557813 0.170833 0.557813 0.169792 0.558594 0.168750 0.559375 0.167708 0.560156 0.167708 0.560937 0.166667 0.561719 0.165625 0.562500 0.165625 0.563281 0.165625 0.564063 0.164583 0.564844 0.164583 0.565625 0.163542
0 0.373437 0.165625 0.375000 0.165625 0.375781 0.165625 0.375781 0.166667 0.375781 0.167708 0.375000 0.168750 0.373437 0.168750 0.372656 0.167708 0.371875 0.168750 0.371875 0.169792 0.371875 0.168750 0.371875 0.167708 0.372656 0.167708 0.373437 0.166667 0.373437 0.165625
0 0.813281 0.166667 0.814063 0.167708 0.814844 0.167708 0.815625 0.168750 0.817187 0.168750 0.817969 0.168750 0.817969 0.169792 0.817969 0.170833 0.817187 0.171875 0.816406 0.172917 0.815625 0.172917 0.814844 0.171875 0.813281 0.171875 0.812500 0.170833 0.812500 0.169792 0.811719 0.168750 0.813281 0.166667
0 0.031250 0.172917 0.032031 0.173958 0.032813 0.175000 0.033594 0.175000 0.034375 0.175000 0.034375 0.176042 0.034375 0.177083 0.035156 0.178125 0.035156 0.179167 0.034375 0.180208 0.034375 0.182292 0.033594 0.183333 0.033594 0.192708 0.033594 0.193750 0.032813 0.194792 0.032813 0.195833 0.032031 0.196875 0.030469 0.196875 0.029687 0.197917 0.028906 0.196875 0.028906 0.195833 0.028125 0.194792 0.026562 0.194792 0.025781 0.194792 0.025000 0.193750 0.024219 0.192708 0.021875 0.192708 0.021094 0.192708 0.021094 0.189583 0.021094 0.188542 0.021875 0.188542 0.022656 0.188542 0.023438 0.187500 0.023438 0.186458 0.024219 0.186458 0.025000 0.185417 0.025000 0.184375 0.025781 0.183333 0.025781 0.181250 0.025781 0.180208 0.026562 0.179167 0.026562 0.178125 0.027344 0.178125 0.028125 0.177083 0.028906 0.177083 0.029687 0.176042 0.029687 0.175000 0.029687 0.173958 0.030469 0.173958 0.031250 0.172917
0 0.613281 0.172917 0.614844 0.172917 0.615625 0.172917 0.615625 0.173958 0.616406 0.175000 0.616406 0.176042 0.616406 0.177083 0.617188 0.178125 0.617969 0.178125 0.618750 0.178125 0.617969 0.179167 0.617969 0.180208 0.617188 0.181250 0.616406 0.182292 0.616406 0.183333 0.616406 0.184375 0.615625 0.185417 0.614844 0.186458 0.614062 0.186458 0.613281 0.185417 0.612500 0.184375 0.611719 0.184375 0.610938 0.184375 0.609375 0.182292 0.608594 0.182292 0.608594 0.181250 0.608594 0.180208 0.609375 0.179167 0.610156 0.178125 0.610938 0.178125 0.611719 0.177083 0.612500 0.176042 0.612500 0.175000 0.613281 0.173958 0.613281 0.172917
0 0.865625 0.172917 0.867188 0.172917 0.867969 0.172917 0.868750 0.173958 0.869531 0.175000 0.869531 0.178125 0.869531 0.179167 0.867969 0.181250 0.867188 0.182292 0.865625 0.182292 0.864844 0.182292 0.864062 0.181250 0.864062 0.180208 0.863281 0.179167 0.864062 0.178125 0.864062 0.177083 0.864062 0.176042 0.864844 0.175000 0.865625 0.173958 0.865625 0.172917
0 0.527344 0.173958 0.529687 0.173958 0.530469 0.173958 0.531250 0.175000 0.532031 0.176042 0.532031 0.177083 0.531250 0.178125 0.531250 0.180208 0.530469 0.181250 0.528906 0.181250 0.528125 0.181250 0.528125 0.180208 0.527344 0.179167 0.527344 0.177083 0.526563 0.176042 0.527344 0.175000 0.527344 0.173958
0 0.196875 0.177083 0.197656 0.177083 0.198437 0.177083 0.199219 0.178125 0.200000 0.179167 0.199219 0.179167 0.197656 0.181250 0.196875 0.181250 0.196875 0.177083
0 0.832812 0.181250 0.834375 0.181250 0.835156 0.181250 0.835938 0.182292 0.836719 0.182292 0.836719 0.183333 0.836719 0.184375 0.835938 0.185417 0.835156 0.185417 0.834375 0.186458 0.833594 0.185417 0.832812 0.185417 0.832812 0.181250
0 0.850781 0.183333 0.852344 0.183333 0.853125 0.183333 0.853906 0.184375 0.854688 0.184375 0.855469 0.185417 0.852344 0.189583 0.852344 0.190625 0.851562 0.189583 0.850781 0.188542 0.850781 0.183333
0 0.391406 0.186458 0.392188 0.186458 0.392969 0.186458 0.392969 0.187500 0.393750 0.188542 0.395313 0.188542 0.396094 0.188542 0.396875 0.189583 0.396875 0.190625 0.396094 0.191667 0.394531 0.191667 0.393750 0.191667 0.392969 0.192708 0.392188 0.192708 0.391406 0.193750 0.390625 0.193750 0.390625 0.190625 0.390625 0.189583 0.391406 0.188542 0.391406 0.186458
0 0.650000 0.190625 0.650781 0.191667 0.651563 0.191667 0.652344 0.191667 0.649219 0.195833 0.648438 0.195833 0.647656 0.194792 0.646875 0.193750 0.647656 0.192708 0.648438 0.192708 0.650000 0.190625
0 0.219531 0.194792 0.220312 0.195833 0.221094 0.195833 0.221875 0.195833 0.222656 0.196875 0.223438 0.196875 0.222656 0.197917 0.222656 0.198958 0.221875 0.200000 0.221094 0.200000 0.220312 0.198958 0.219531 0.198958 0.219531 0.197917 0.218750 0.196875 0.219531 0.195833 0.219531 0.194792
0 0.882812 0.198958 0.884375 0.198958 0.884375 0.200000 0.883594 0.201042 0.882812 0.201042 0.882031 0.202083 0.882031 0.206250 0.882031 0.207292 0.881250 0.208333 0.880469 0.208333 0.879687 0.209375 0.879687 0.214583 0.879687 0.215625 0.880469 0.216667 0.882031 0.216667 0.882812 0.216667 0.883594 0.217708 0.883594 0.218750 0.884375 0.219792 0.884375 0.220833 0.884375 0.221875 0.883594 0.222917 0.882812 0.223958 0.875000 0.223958 0.874219 0.223958 0.874219 0.222917 0.873437 0.221875 0.873437 0.218750 0.873437 0.217708 0.874219 0.216667 0.874219 0.214583 0.874219 0.213542 0.873437 0.212500 0.872656 0.212500 0.871875 0.211458 0.871875 0.209375 0.871875 0.208333 0.871094 0.207292 0.871094 0.206250 0.871094 0.205208 0.873437 0.205208 0.874219 0.205208 0.875000 0.204167 0.875781 0.203125 0.879687 0.203125 0.880469 0.203125 0.881250 0.202083 0.881250 0.201042 0.881250 0.200000 0.882031 0.200000 0.882812 0.198958
0 0.642969 0.202083 0.646094 0.202083 0.646875 0.202083 0.646875 0.203125 0.647656 0.204167 0.647656 0.205208 0.648438 0.206250 0.649219 0.206250 0.649219 0.207292 0.650781 0.209375 0.651563 0.210417 0.651563 0.211458 0.652344 0.212500 0.652344 0.213542 0.651563 0.214583 0.649219 0.214583 0.648438 0.214583 0.647656 0.215625 0.646875 0.216667 0.642969 0.216667 0.642188 0.216667 0.641406 0.217708 0.640625 0.217708 0.639844 0.217708 0.639844 0.216667 0.639844 0.215625 0.639062 0.214583 0.638281 0.214583 0.638281 0.213542 0.638281 0.212500 0.637500 0.211458 0.636719 0.211458 0.635938 0.210417 0.635156 0.209375 0.636719 0.207292 0.637500 0.206250 0.638281 0.206250 0.639062 0.206250 0.639844 0.205208 0.639844 0.204167 0.640625 0.204167 0.641406 0.204167 0.642969 0.202083
0 0.257031 0.203125 0.258594 0.203125 0.259375 0.204167 0.259375 0.205208 0.259375 0.206250 0.257812 0.208333 0.257031 0.209375 0.256250 0.208333 0.256250 0.205208 0.255469 0.204167 0.256250 0.204167 0.257031 0.203125
0 0.234375 0.204167 0.235156 0.205208 0.235937 0.205208 0.235937 0.208333 0.235156 0.209375 0.234375 0.209375 0.233594 0.208333 0.232813 0.207292 0.233594 0.206250 0.233594 0.205208 0.234375 0.204167
0 0.306250 0.214583 0.307031 0.215625 0.307812 0.215625 0.308594 0.216667 0.309375 0.217708 0.310937 0.217708 0.311719 0.217708 0.312500 0.218750 0.313281 0.218750 0.313281 0.219792 0.312500 0.220833 0.312500 0.221875 0.311719 0.222917 0.310937 0.222917 0.310156 0.223958 0.309375 0.223958 0.308594 0.223958 0.307812 0.222917 0.307031 0.222917 0.306250 0.222917 0.305469 0.221875 0.304688 0.220833 0.304688 0.219792 0.304688 0.218750 0.305469 0.217708 0.305469 0.216667 0.305469 0.215625 0.306250 0.214583
0 0.818750 0.216667 0.821094 0.216667 0.821875 0.217708 0.821875 0.222917 0.822656 0.223958 0.822656 0.225000 0.821875 0.226042 0.821094 0.227083 0.817187 0.227083 0.816406 0.227083 0.816406 0.219792 0.816406 0.218750 0.817187 0.217708 0.817969 0.217708 0.818750 0.216667
0 0.939063 0.218750 0.940625 0.218750 0.940625 0.219792 0.939063 0.221875 0.938281 0.222917 0.938281 0.223958 0.937500 0.225000 0.936719 0.225000 0.936719 0.222917 0.936719 0.221875 0.937500 0.220833 0.937500 0.219792 0.938281 0.219792 0.939063 0.218750
0 0.979688 0.219792 0.980469 0.219792 0.981250 0.219792 0.982031 0.220833 0.982812 0.220833 0.983594 0.221875 0.984375 0.221875 0.983594 0.222917 0.983594 0.223958 0.982812 0.225000 0.982812 0.226042 0.982031 0.225000 0.981250 0.225000 0.980469 0.223958 0.979688 0.223958 0.979688 0.221875 0.978906 0.220833 0.979688 0.219792
0 0.109375 0.221875 0.110156 0.222917 0.110937 0.222917 0.110937 0.229167 0.110937 0.230208 0.111719 0.231250 0.111719 0.232292 0.112500 0.233333 0.112500 0.234375 0.112500 0.235417 0.111719 0.236458 0.110937 0.237500 0.110156 0.237500 0.109375 0.236458 0.108594 0.235417 0.107031 0.235417 0.106250 0.234375 0.106250 0.227083 0.105469 0.226042 0.106250 0.225000 0.107031 0.223958 0.107813 0.223958 0.108594 0.223958 0.109375 0.222917 0.109375 0.221875
0 0.730469 0.226042 0.732031 0.226042 0.732812 0.227083 0.732812 0.231250 0.733594 0.232292 0.733594 0.234375 0.733594 0.235417 0.732812 0.236458 0.732812 0.238542 0.732812 0.239583 0.732031 0.240625 0.732031 0.241667 0.732031 0.242708 0.731250 0.243750 0.730469 0.243750 0.729688 0.244792 0.728906 0.243750 0.727344 0.243750 0.726562 0.243750 0.726562 0.242708 0.724219 0.239583 0.723437 0.238542 0.723437 0.234375 0.723437 0.233333 0.724219 0.232292 0.728125 0.232292 0.728906 0.232292 0.729688 0.231250 0.729688 0.230208 0.730469 0.229167 0.730469 0.226042
0 0.303125 0.230208 0.313281 0.230208 0.314063 0.230208 0.314844 0.231250 0.315625 0.231250 0.316406 0.231250 0.317188 0.232292 0.317188 0.233333 0.317969 0.234375 0.324219 0.234375 0.325000 0.234375 0.327344 0.231250 0.328125 0.230208 0.328906 0.230208 0.329688 0.230208 0.330469 0.231250 0.331250 0.231250 0.332031 0.232292 0.332813 0.233333 0.334375 0.233333 0.335156 0.233333 0.335938 0.234375 0.336719 0.234375 0.337500 0.234375 0.338281 0.235417 0.338281 0.236458 0.337500 0.237500 0.337500 0.238542 0.336719 0.239583 0.335156 0.239583 0.334375 0.239583 0.333594 0.240625 0.332813 0.241667 0.332813 0.242708 0.332031 0.243750 0.331250 0.244792 0.327344 0.244792 0.326562 0.244792 0.325000 0.246875 0.324219 0.247917 0.324219 0.250000 0.324219 0.251042 0.325000 0.252083 0.325000 0.253125 0.321875 0.257292 0.321094 0.257292 0.320312 0.258333 0.320312 0.259375 0.319531 0.260417 0.318750 0.260417 0.317188 0.262500 0.316406 0.263542 0.313281 0.263542 0.312500 0.263542 0.312500 0.261458 0.311719 0.260417 0.310937 0.260417 0.310156 0.259375 0.309375 0.259375 0.308594 0.259375 0.307812 0.258333 0.307031 0.258333 0.306250 0.258333 0.305469 0.257292 0.305469 0.256250 0.304688 0.255208 0.305469 0.254167 0.305469 0.253125 0.306250 0.252083 0.306250 0.248958 0.305469 0.247917 0.305469 0.243750 0.305469 0.242708 0.304688 0.241667 0.301563 0.241667 0.300781 0.241667 0.300000 0.242708 0.299219 0.242708 0.298438 0.243750 0.297656 0.242708 0.297656 0.241667 0.296875 0.240625 0.296875 0.239583 0.296094 0.238542 0.295312 0.237500 0.295312 0.236458 0.294531 0.235417 0.294531 0.232292 0.294531 0.231250 0.301563 0.231250 0.302344 0.231250 0.303125 0.230208
0 0.671875 0.231250 0.672656 0.232292 0.674219 0.232292 0.675000 0.232292 0.675000 0.233333 0.675000 0.234375 0.673438 0.236458 0.672656 0.237500 0.672656 0.238542 0.671875 0.239583 0.670312 0.239583 0.669531 0.239583 0.668750 0.238542 0.668750 0.236458 0.668750 0.235417 0.670312 0.233333 0.671094 0.233333 0.671875 0.232292 0.671875 0.231250
0 0.460938 0.234375 0.462500 0.234375 0.463281 0.234375 0.463281 0.237500 0.464062 0.238542 0.464062 0.242708 0.464844 0.243750 0.464062 0.243750 0.463281 0.244792 0.462500 0.245833 0.461719 0.245833 0.460938 0.244792 0.460156 0.244792 0.460156 0.243750 0.459375 0.242708 0.458594 0.242708 0.458594 0.240625 0.457813 0.239583 0.457813 0.237500 0.457813 0.236458 0.458594 0.236458 0.459375 0.235417 0.460156 0.235417 0.460938 0.234375
0 0.507812 0.235417 0.508594 0.235417 0.509375 0.235417 0.510156 0.236458 0.511719 0.236458 0.512500 0.237500 0.512500 0.240625 0.512500 0.241667 0.511719 0.242708 0.511719 0.243750 0.510938 0.244792 0.510156 0.244792 0.509375 0.245833 0.508594 0.245833 0.507812 0.244792 0.507031 0.244792 0.506250 0.244792 0.505469 0.243750 0.504687 0.242708 0.504687 0.241667 0.503906 0.240625 0.504687 0.239583 0.504687 0.238542 0.504687 0.237500 0.505469 0.237500 0.506250 0.236458 0.507031 0.236458 0.507812 0.235417
0 0.471094 0.240625 0.471875 0.241667 0.472656 0.241667 0.473438 0.241667 0.474219 0.242708 0.475000 0.242708 0.475000 0.243750 0.475781 0.244792 0.476562 0.245833 0.471875 0.252083 0.471094 0.253125 0.470313 0.252083 0.469531 0.251042 0.469531 0.245833 0.469531 0.244792 0.470313 0.243750 0.470313 0.242708 0.471094 0.241667 0.471094 0.240625
0 0.260937 0.241667 0.263281 0.241667 0.264062 0.241667 0.264844 0.242708 0.265625 0.242708 0.265625 0.243750 0.264844 0.244792 0.264062 0.245833 0.264062 0.246875 0.264062 0.247917 0.264062 0.246875 0.263281 0.245833 0.261719 0.245833 0.260937 0.244792 0.260937 0.241667
0 0.570312 0.243750 0.572656 0.243750 0.573438 0.243750 0.571875 0.245833 0.571094 0.246875 0.571094 0.247917 0.571094 0.248958 0.570312 0.250000 0.569531 0.250000 0.568750 0.250000 0.568750 0.248958 0.568750 0.247917 0.569531 0.246875 0.569531 0.245833 0.569531 0.244792 0.570312 0.243750
0 0.804688 0.245833 0.807813 0.245833 0.808594 0.245833 0.808594 0.246875 0.808594 0.247917 0.807813 0.248958 0.807031 0.248958 0.806250 0.248958 0.805469 0.247917 0.805469 0.246875 0.804688 0.245833
0 0.934375 0.245833 0.935156 0.246875 0.935937 0.246875 0.935937 0.248958 0.935937 0.250000 0.935156 0.251042 0.934375 0.252083 0.934375 0.253125 0.933594 0.254167 0.932813 0.255208 0.932031 0.255208 0.931250 0.255208 0.930469 0.256250 0.929688 0.256250 0.928906 0.255208 0.928125 0.254167 0.929688 0.252083 0.930469 0.251042 0.930469 0.250000 0.930469 0.248958 0.931250 0.247917 0.932031 0.247917 0.932813 0.247917 0.934375 0.245833
0 0.254688 0.251042 0.257031 0.251042 0.257812 0.252083 0.257812 0.257292 0.258594 0.258333 0.258594 0.259375 0.257812 0.260417 0.257031 0.260417 0.256250 0.261458 0.255469 0.261458 0.254688 0.262500 0.254688 0.259375 0.254688 0.258333 0.253906 0.257292 0.253125 0.257292 0.253125 0.253125 0.253125 0.252083 0.253906 0.252083 0.254688 0.251042
0 0.689063 0.253125 0.689844 0.253125 0.690625 0.253125 0.690625 0.254167 0.691406 0.255208 0.690625 0.256250 0.689844 0.257292 0.689063 0.257292 0.688281 0.257292 0.687500 0.256250 0.687500 0.255208 0.687500 0.254167 0.688281 0.254167 0.689063 0.253125
0 0.219531 0.256250 0.220312 0.256250 0.221094 0.256250 0.221875 0.257292 0.222656 0.258333 0.224219 0.258333 0.225000 0.258333 0.225781 0.257292 0.226562 0.257292 0.227344 0.257292 0.228906 0.259375 0.229687 0.260417 0.229687 0.261458 0.230469 0.262500 0.229687 0.263542 0.229687 0.264583 0.228906 0.265625 0.228906 0.266667 0.228125 0.267708 0.228125 0.268750 0.227344 0.269792 0.227344 0.270833 0.226562 0.271875 0.225781 0.271875 0.225000 0.272917 0.219531 0.272917 0.218750 0.272917 0.217969 0.271875 0.217188 0.270833 0.217188 0.269792 0.216406 0.268750 0.216406 0.267708 0.215625 0.266667 0.215625 0.265625 0.215625 0.264583 0.217188 0.262500 0.217969 0.261458 0.217969 0.258333 0.217969 0.257292 0.218750 0.257292 0.219531 0.256250
0 0.514062 0.256250 0.514844 0.256250 0.515625 0.256250 0.515625 0.257292 0.515625 0.258333 0.516406 0.259375 0.517188 0.260417 0.517188 0.261458 0.517188 0.262500 0.516406 0.263542 0.515625 0.263542 0.514844 0.264583 0.514062 0.265625 0.513281 0.265625 0.512500 0.265625 0.511719 0.264583 0.511719 0.260417 0.511719 0.259375 0.512500 0.259375 0.513281 0.258333 0.513281 0.257292 0.514062 0.256250
0 0.146875 0.257292 0.147656 0.258333 0.148438 0.258333 0.149219 0.259375 0.148438 0.260417 0.147656 0.261458 0.146094 0.261458 0.145313 0.261458 0.145313 0.259375 0.145313 0.258333 0.146094 0.258333 0.146875 0.257292
0 0.457813 0.257292 0.460938 0.257292 0.461719 0.257292 0.462500 0.258333 0.462500 0.259375 0.463281 0.260417 0.464062 0.260417 0.464062 0.261458 0.464844 0.262500 0.465625 0.262500 0.464844 0.263542 0.464844 0.264583 0.464062 0.265625 0.462500 0.265625 0.461719 0.266667 0.460156 0.266667 0.459375 0.266667 0.458594 0.265625 0.457813 0.265625 0.457031 0.265625 0.456250 0.264583 0.456250 0.261458 0.455469 0.260417 0.456250 0.259375 0.456250 0.258333 0.457031 0.258333 0.457813 0.257292
0 0.070312 0.258333 0.071875 0.258333 0.072656 0.259375 0.077344 0.259375 0.078125 0.259375 0.078906 0.260417 0.079687 0.260417 0.081250 0.262500 0.082031 0.263542 0.082031 0.265625 0.082031 0.266667 0.082812 0.267708 0.082812 0.268750 0.082812 0.269792 0.082031 0.270833 0.081250 0.271875 0.080469 0.271875 0.079687 0.272917 0.078906 0.273958 0.075781 0.273958 0.075000 0.273958 0.075000 0.270833 0.075000 0.269792 0.074219 0.268750 0.073438 0.268750 0.072656 0.268750 0.071875 0.267708 0.071094 0.267708 0.070312 0.267708 0.070312 0.266667 0.070312 0.265625 0.069531 0.264583 0.068750 0.263542 0.069531 0.262500 0.069531 0.260417 0.069531 0.259375 0.070312 0.258333
0 0.107813 0.261458 0.108594 0.262500 0.109375 0.262500 0.110156 0.262500 0.110937 0.263542 0.111719 0.263542 0.111719 0.264583 0.112500 0.265625 0.114844 0.265625 0.115625 0.265625 0.116406 0.264583 0.118750 0.264583 0.119531 0.264583 0.119531 0.266667 0.120313 0.267708 0.119531 0.267708 0.118750 0.268750 0.118750 0.269792 0.118750 0.270833 0.117969 0.271875 0.117188 0.272917 0.117188 0.279167 0.117188 0.280208 0.116406 0.281250 0.115625 0.281250 0.114844 0.282292 0.114844 0.286458 0.115625 0.287500 0.115625 0.289583 0.115625 0.290625 0.114844 0.291667 0.114062 0.292708 0.112500 0.292708 0.111719 0.292708 0.110937 0.291667 0.109375 0.291667 0.108594 0.291667 0.108594 0.290625 0.107813 0.289583 0.107031 0.289583 0.107031 0.288542 0.107031 0.287500 0.106250 0.286458 0.106250 0.285417 0.106250 0.284375 0.105469 0.283333 0.105469 0.282292 0.104688 0.281250 0.104688 0.273958 0.105469 0.272917 0.105469 0.264583 0.105469 0.263542 0.106250 0.262500 0.107031 0.262500 0.107813 0.261458
0 0.827344 0.261458 0.828125 0.262500 0.829688 0.262500 0.829688 0.263542 0.828906 0.264583 0.828906 0.268750 0.828906 0.269792 0.828125 0.270833 0.826562 0.270833 0.825781 0.270833 0.825781 0.269792 0.825000 0.268750 0.825000 0.265625 0.824219 0.264583 0.825000 0.263542 0.825000 0.262500 0.825781 0.262500 0.826562 0.262500 0.827344 0.261458
0 0.757812 0.263542 0.758594 0.264583 0.758594 0.266667 0.759375 0.267708 0.758594 0.267708 0.757812 0.268750 0.757031 0.268750 0.756250 0.268750 0.755469 0.267708 0.754687 0.266667 0.755469 0.265625 0.756250 0.264583 0.757031 0.264583 0.757812 0.263542
0 0.721875 0.264583 0.724219 0.264583 0.725000 0.264583 0.725000 0.268750 0.725781 0.269792 0.725000 0.270833 0.724219 0.271875 0.719531 0.271875 0.718750 0.271875 0.718750 0.268750 0.718750 0.267708 0.719531 0.266667 0.719531 0.265625 0.720313 0.265625 0.721094 0.265625 0.721875 0.264583
0 0.032813 0.270833 0.033594 0.271875 0.034375 0.271875 0.034375 0.275000 0.034375 0.276042 0.033594 0.277083 0.032031 0.277083 0.031250 0.278125 0.031250 0.276042 0.030469 0.275000 0.031250 0.275000 0.032031 0.273958 0.032813 0.272917 0.032813 0.270833
0 0.607031 0.271875 0.609375 0.271875 0.610156 0.271875 0.610156 0.272917 0.610938 0.273958 0.610938 0.275000 0.610156 0.276042 0.609375 0.277083 0.608594 0.276042 0.607812 0.276042 0.607031 0.276042 0.607031 0.271875
0 0.568750 0.273958 0.571094 0.273958 0.571875 0.273958 0.571875 0.275000 0.572656 0.276042 0.573438 0.277083 0.573438 0.282292 0.572656 0.283333 0.572656 0.286458 0.572656 0.287500 0.573438 0.288542 0.573438 0.289583 0.573438 0.290625 0.572656 0.291667 0.571875 0.292708 0.570312 0.292708 0.569531 0.292708 0.568750 0.293750 0.568750 0.294792 0.568750 0.295833 0.567969 0.296875 0.567187 0.297917 0.566406 0.297917 0.565625 0.297917 0.564844 0.296875 0.564063 0.296875 0.562500 0.294792 0.561719 0.293750 0.561719 0.289583 0.561719 0.288542 0.562500 0.287500 0.563281 0.287500 0.564063 0.286458 0.564063 0.285417 0.564844 0.284375 0.564844 0.282292 0.564844 0.281250 0.565625 0.280208 0.566406 0.279167 0.566406 0.278125 0.566406 0.277083 0.568750 0.273958
0 0.792188 0.273958 0.797656 0.273958 0.798438 0.273958 0.798438 0.275000 0.799219 0.276042 0.799219 0.278125 0.799219 0.279167 0.798438 0.280208 0.798438 0.281250 0.797656 0.282292 0.797656 0.283333 0.796094 0.285417 0.795312 0.286458 0.794531 0.285417 0.793750 0.285417 0.792969 0.284375 0.792188 0.284375 0.791406 0.283333 0.790625 0.283333 0.790625 0.281250 0.789844 0.280208 0.791406 0.278125 0.792188 0.277083 0.792188 0.273958
0 0.935156 0.276042 0.937500 0.276042 0.938281 0.276042 0.938281 0.278125 0.939063 0.279167 0.938281 0.279167 0.937500 0.280208 0.936719 0.281250 0.935937 0.280208 0.935156 0.279167 0.935156 0.276042
0 0.315625 0.278125 0.317188 0.278125 0.317969 0.278125 0.318750 0.279167 0.319531 0.279167 0.320312 0.280208 0.320312 0.282292 0.320312 0.283333 0.319531 0.284375 0.317969 0.284375 0.317188 0.285417 0.317188 0.284375 0.316406 0.283333 0.316406 0.280208 0.316406 0.279167 0.315625 0.278125
0 0.824219 0.278125 0.826562 0.278125 0.827344 0.278125 0.826562 0.279167 0.826562 0.280208 0.826562 0.281250 0.825781 0.282292 0.825000 0.283333 0.824219 0.283333 0.824219 0.282292 0.823438 0.281250 0.823438 0.280208 0.823438 0.279167 0.824219 0.278125
0 0.596875 0.279167 0.597656 0.279167 0.598437 0.279167 0.599219 0.280208 0.600000 0.281250 0.600000 0.282292 0.600000 0.283333 0.599219 0.284375 0.597656 0.284375 0.596875 0.284375 0.595313 0.286458 0.594531 0.287500 0.593750 0.287500 0.592969 0.288542 0.592969 0.287500 0.592187 0.286458 0.591406 0.286458 0.591406 0.285417 0.590625 0.284375 0.591406 0.284375 0.592187 0.283333 0.592187 0.282292 0.592969 0.281250 0.592969 0.280208 0.595313 0.280208 0.596094 0.280208 0.596875 0.279167
0 0.947656 0.279167 0.948438 0.279167 0.949219 0.279167 0.950000 0.280208 0.950781 0.281250 0.950781 0.283333 0.950781 0.284375 0.950000 0.285417 0.950000 0.286458 0.949219 0.287500 0.948438 0.287500 0.947656 0.287500 0.946875 0.286458 0.946875 0.285417 0.946094 0.284375 0.946875 0.283333 0.946875 0.281250 0.946875 0.280208 0.947656 0.279167
0 0.003906 0.290625 0.004687 0.291667 0.005469 0.291667 0.006250 0.292708 0.007031 0.293750 0.006250 0.294792 0.006250 0.295833 0.005469 0.296875 0.001563 0.296875 0.000781 0.296875 0.000000 0.295833 0.000000 0.293750 0.000000 0.292708 0.000781 0.292708 0.001563 0.292708 0.002344 0.291667 0.003125 0.291667 0.003906 0.290625
0 0.934375 0.291667 0.935156 0.292708 0.936719 0.292708 0.937500 0.292708 0.937500 0.293750 0.938281 0.294792 0.939063 0.294792 0.939844 0.294792 0.939063 0.295833 0.939063 0.296875 0.938281 0.297917 0.938281 0.303125 0.939063 0.304167 0.938281 0.304167 0.937500 0.305208 0.936719 0.304167 0.935156 0.304167 0.934375 0.304167 0.933594 0.303125 0.932813 0.303125 0.932813 0.301042 0.933594 0.300000 0.933594 0.293750 0.933594 0.292708 0.934375 0.291667
0 0.266406 0.297917 0.267969 0.297917 0.268750 0.297917 0.268750 0.301042 0.268750 0.302083 0.267969 0.303125 0.267188 0.303125 0.266406 0.304167 0.265625 0.304167 0.264844 0.304167 0.264844 0.302083 0.264844 0.301042 0.265625 0.300000 0.266406 0.298958 0.266406 0.297917
0 0.682031 0.298958 0.683594 0.298958 0.684375 0.298958 0.685156 0.300000 0.686719 0.300000 0.687500 0.301042 0.687500 0.304167 0.687500 0.305208 0.686719 0.306250 0.685937 0.306250 0.685156 0.307292 0.684375 0.307292 0.683594 0.308333 0.682813 0.309375 0.682031 0.308333 0.682031 0.306250 0.682031 0.305208 0.681250 0.304167 0.681250 0.303125 0.680469 0.302083 0.681250 0.301042 0.681250 0.300000 0.682031 0.298958
0 0.176563 0.302083 0.184375 0.302083 0.185156 0.303125 0.187500 0.303125 0.188281 0.302083 0.193750 0.302083 0.194531 0.302083 0.194531 0.303125 0.195312 0.304167 0.197656 0.304167 0.198437 0.304167 0.199219 0.305208 0.200000 0.305208 0.200781 0.306250 0.201563 0.307292 0.201563 0.309375 0.202344 0.310417 0.201563 0.311458 0.201563 0.314583 0.201563 0.315625 0.200781 0.316667 0.200781 0.317708 0.200781 0.318750 0.200000 0.319792 0.200000 0.320833 0.199219 0.321875 0.198437 0.321875 0.197656 0.322917 0.197656 0.325000 0.197656 0.326042 0.196094 0.328125 0.195312 0.329167 0.193750 0.329167 0.192969 0.329167 0.192188 0.330208 0.190625 0.330208 0.189844 0.330208 0.189062 0.331250 0.187500 0.331250 0.186719 0.331250 0.186719 0.329167 0.186719 0.328125 0.185938 0.327083 0.185938 0.326042 0.185156 0.325000 0.185156 0.323958 0.184375 0.322917 0.183594 0.321875 0.182031 0.321875 0.181250 0.320833 0.181250 0.318750 0.181250 0.317708 0.182031 0.316667 0.182031 0.314583 0.182031 0.313542 0.182812 0.312500 0.182812 0.311458 0.183594 0.310417 0.183594 0.308333 0.183594 0.307292 0.182812 0.306250 0.178125 0.306250 0.177344 0.306250 0.176563 0.305208 0.175781 0.305208 0.175781 0.304167 0.175781 0.303125 0.176563 0.302083
0 0.997656 0.304167 0.998437 0.304167 0.999219 0.303125 0.999219 0.313542 0.998437 0.314583 0.997656 0.314583 0.996875 0.313542 0.996094 0.313542 0.995313 0.312500 0.995313 0.311458 0.994531 0.310417 0.993750 0.310417 0.992969 0.309375 0.993750 0.308333 0.993750 0.307292 0.993750 0.306250 0.994531 0.306250 0.995313 0.306250 0.996094 0.305208 0.996875 0.305208 0.997656 0.304167
0 0.043750 0.305208 0.044531 0.306250 0.045312 0.306250 0.046094 0.307292 0.046875 0.307292 0.046875 0.309375 0.046875 0.310417 0.046094 0.311458 0.045312 0.312500 0.043750 0.312500 0.042969 0.312500 0.042969 0.311458 0.042188 0.310417 0.042188 0.308333 0.042188 0.307292 0.043750 0.305208
0 0.120313 0.306250 0.121094 0.307292 0.121875 0.307292 0.122656 0.308333 0.123438 0.309375 0.125000 0.309375 0.125781 0.309375 0.125781 0.311458 0.125781 0.312500 0.125000 0.313542 0.124219 0.313542 0.123438 0.314583 0.119531 0.314583 0.118750 0.314583 0.117969 0.313542 0.117188 0.313542 0.116406 0.313542 0.115625 0.312500 0.114844 0.312500 0.115625 0.312500 0.116406 0.311458 0.116406 0.308333 0.116406 0.307292 0.118750 0.307292 0.119531 0.307292 0.120313 0.306250
0 0.599219 0.308333 0.600781 0.308333 0.601562 0.309375 0.601562 0.313542 0.601562 0.314583 0.600781 0.315625 0.600000 0.316667 0.599219 0.315625 0.598437 0.315625 0.597656 0.314583 0.597656 0.312500 0.597656 0.311458 0.598437 0.310417 0.598437 0.309375 0.599219 0.308333
0 0.972656 0.310417 0.974219 0.310417 0.975000 0.310417 0.977344 0.313542 0.978125 0.314583 0.977344 0.315625 0.977344 0.316667 0.976562 0.317708 0.975781 0.318750 0.973437 0.318750 0.972656 0.318750 0.971875 0.317708 0.971094 0.317708 0.971094 0.314583 0.971094 0.313542 0.971875 0.312500 0.971875 0.311458 0.972656 0.310417
0 0.549219 0.313542 0.550000 0.314583 0.550781 0.314583 0.550781 0.317708 0.551562 0.318750 0.550781 0.319792 0.550000 0.320833 0.548438 0.320833 0.547656 0.320833 0.546875 0.319792 0.546094 0.319792 0.546094 0.317708 0.545312 0.316667 0.546094 0.315625 0.546875 0.314583 0.547656 0.314583 0.548438 0.314583 0.549219 0.313542
0 0.773438 0.313542 0.774219 0.314583 0.775000 0.314583 0.775781 0.314583 0.775781 0.317708 0.775000 0.318750 0.773438 0.318750 0.772656 0.317708 0.772656 0.315625 0.772656 0.314583 0.773438 0.313542
0 0.161719 0.315625 0.164062 0.315625 0.164844 0.316667 0.164844 0.321875 0.164844 0.322917 0.165625 0.323958 0.165625 0.325000 0.165625 0.326042 0.166406 0.327083 0.167187 0.328125 0.167187 0.330208 0.167187 0.331250 0.164844 0.334375 0.164062 0.335417 0.163281 0.335417 0.161719 0.337500 0.160938 0.337500 0.160156 0.336458 0.159375 0.336458 0.158594 0.335417 0.157812 0.334375 0.157812 0.325000 0.157812 0.323958 0.158594 0.322917 0.159375 0.321875 0.159375 0.318750 0.159375 0.317708 0.160156 0.316667 0.160938 0.316667 0.161719 0.315625
0 0.716406 0.316667 0.719531 0.316667 0.720313 0.316667 0.721094 0.317708 0.721094 0.318750 0.721875 0.319792 0.723437 0.319792 0.724219 0.319792 0.725000 0.320833 0.725000 0.321875 0.724219 0.322917 0.723437 0.323958 0.723437 0.326042 0.723437 0.327083 0.724219 0.328125 0.725000 0.328125 0.725781 0.329167 0.725000 0.329167 0.724219 0.330208 0.724219 0.329167 0.723437 0.328125 0.722656 0.329167 0.721875 0.329167 0.721094 0.329167 0.721094 0.328125 0.721094 0.327083 0.720313 0.326042 0.720313 0.325000 0.719531 0.323958 0.719531 0.322917 0.718750 0.321875 0.717969 0.320833 0.717969 0.319792 0.717187 0.318750 0.717187 0.317708 0.716406 0.316667
0 0.454688 0.317708 0.455469 0.317708 0.456250 0.317708 0.457031 0.318750 0.457813 0.318750 0.460156 0.321875 0.460938 0.322917 0.460938 0.323958 0.461719 0.325000 0.462500 0.325000 0.462500 0.330208 0.463281 0.331250 0.463281 0.333333 0.463281 0.334375 0.462500 0.335417 0.462500 0.336458 0.461719 0.337500 0.460938 0.337500 0.460156 0.337500 0.459375 0.338542 0.458594 0.338542 0.457813 0.337500 0.457031 0.336458 0.456250 0.336458 0.455469 0.335417 0.454688 0.335417 0.454688 0.334375 0.452344 0.331250 0.451562 0.331250 0.451562 0.330208 0.451562 0.329167 0.450781 0.328125 0.450000 0.327083 0.448437 0.327083 0.447656 0.326042 0.443750 0.326042 0.442969 0.326042 0.446875 0.326042 0.447656 0.326042 0.448437 0.325000 0.448437 0.322917 0.448437 0.321875 0.450000 0.321875 0.450781 0.321875 0.452344 0.319792 0.453125 0.318750 0.453906 0.318750 0.454688 0.317708
0 0.311719 0.318750 0.314063 0.318750 0.314844 0.318750 0.315625 0.319792 0.316406 0.319792 0.316406 0.320833 0.317188 0.321875 0.317969 0.321875 0.317969 0.322917 0.318750 0.323958 0.320312 0.323958 0.321094 0.323958 0.321094 0.325000 0.320312 0.326042 0.320312 0.327083 0.319531 0.328125 0.318750 0.328125 0.317188 0.330208 0.317188 0.331250 0.316406 0.330208 0.313281 0.330208 0.312500 0.330208 0.310937 0.332292 0.310156 0.332292 0.310156 0.331250 0.309375 0.330208 0.308594 0.330208 0.307812 0.329167 0.307812 0.328125 0.307031 0.327083 0.306250 0.327083 0.305469 0.327083 0.304688 0.326042 0.303125 0.326042 0.302344 0.325000 0.302344 0.323958 0.301563 0.322917 0.303125 0.322917 0.303906 0.321875 0.310156 0.321875 0.310937 0.321875 0.311719 0.320833 0.311719 0.318750
0 0.058594 0.319792 0.062500 0.319792 0.063281 0.319792 0.063281 0.320833 0.064062 0.321875 0.061719 0.325000 0.060937 0.326042 0.060937 0.330208 0.061719 0.331250 0.060937 0.332292 0.060156 0.333333 0.059375 0.333333 0.058594 0.333333 0.057813 0.332292 0.057031 0.332292 0.057031 0.328125 0.056250 0.327083 0.056250 0.323958 0.056250 0.322917 0.058594 0.319792
0 0.091406 0.320833 0.092188 0.321875 0.092969 0.321875 0.092969 0.322917 0.093750 0.323958 0.093750 0.327083 0.093750 0.328125 0.094531 0.329167 0.095312 0.329167 0.096875 0.331250 0.097656 0.332292 0.101562 0.332292 0.102344 0.331250 0.103125 0.332292 0.104688 0.332292 0.105469 0.333333 0.105469 0.334375 0.106250 0.335417 0.106250 0.336458 0.107031 0.337500 0.107813 0.337500 0.108594 0.338542 0.108594 0.339583 0.108594 0.340625 0.109375 0.341667 0.109375 0.342708 0.110156 0.343750 0.110937 0.343750 0.110937 0.346875 0.110937 0.347917 0.111719 0.348958 0.112500 0.348958 0.112500 0.355208 0.112500 0.356250 0.113281 0.357292 0.114062 0.357292 0.114844 0.358333 0.114062 0.359375 0.114062 0.360417 0.113281 0.361458 0.112500 0.362500 0.111719 0.362500 0.110937 0.362500 0.108594 0.365625 0.107813 0.366667 0.103906 0.366667 0.103125 0.366667 0.102344 0.367708 0.102344 0.368750 0.102344 0.369792 0.101562 0.370833 0.100781 0.371875 0.100781 0.373958 0.100781 0.375000 0.100000 0.376042 0.099219 0.377083 0.096875 0.377083 0.096094 0.377083 0.095312 0.378125 0.094531 0.379167 0.092969 0.379167 0.092188 0.379167 0.091406 0.378125 0.091406 0.375000 0.090625 0.373958 0.088281 0.373958 0.087500 0.373958 0.086719 0.372917 0.084375 0.372917 0.083594 0.372917 0.082812 0.371875 0.082031 0.371875 0.082031 0.370833 0.081250 0.369792 0.080469 0.369792 0.079687 0.368750 0.078125 0.368750 0.077344 0.368750 0.077344 0.367708 0.076563 0.366667 0.076563 0.365625 0.075781 0.364583 0.075781 0.363542 0.075000 0.362500 0.075000 0.358333 0.075000 0.357292 0.074219 0.356250 0.074219 0.354167 0.073438 0.353125 0.074219 0.352083 0.074219 0.348958 0.074219 0.347917 0.075000 0.347917 0.075781 0.347917 0.076563 0.346875 0.077344 0.346875 0.078125 0.345833 0.078906 0.344792 0.078906 0.342708 0.078906 0.341667 0.080469 0.341667 0.081250 0.340625 0.081250 0.338542 0.081250 0.337500 0.082031 0.337500 0.082812 0.336458 0.085938 0.336458 0.086719 0.336458 0.088281 0.334375 0.089063 0.333333 0.089063 0.332292 0.090625 0.330208 0.090625 0.329167 0.091406 0.329167 0.092188 0.328125 0.092188 0.326042 0.092188 0.325000 0.091406 0.323958 0.090625 0.322917 0.091406 0.321875 0.091406 0.320833
0 0.700000 0.323958 0.700781 0.325000 0.706250 0.325000 0.707031 0.325000 0.707031 0.326042 0.707031 0.327083 0.708594 0.329167 0.709375 0.329167 0.709375 0.330208 0.710938 0.332292 0.711719 0.332292 0.711719 0.333333 0.712500 0.334375 0.713281 0.335417 0.713281 0.336458 0.714063 0.337500 0.715625 0.337500 0.716406 0.337500 0.717187 0.338542 0.717969 0.338542 0.718750 0.338542 0.719531 0.339583 0.720313 0.339583 0.721094 0.340625 0.721094 0.341667 0.721094 0.342708 0.721875 0.343750 0.722656 0.344792 0.721875 0.345833 0.721875 0.346875 0.721094 0.347917 0.721094 0.348958 0.721094 0.350000 0.720313 0.351042 0.719531 0.352083 0.719531 0.353125 0.718750 0.354167 0.717969 0.355208 0.717969 0.357292 0.717187 0.358333 0.717187 0.362500 0.716406 0.363542 0.716406 0.367708 0.715625 0.368750 0.715625 0.371875 0.715625 0.372917 0.714844 0.373958 0.714063 0.373958 0.713281 0.375000 0.712500 0.375000 0.711719 0.376042 0.710938 0.376042 0.710156 0.376042 0.709375 0.377083 0.708594 0.377083 0.707812 0.378125 0.707812 0.385417 0.707812 0.386458 0.708594 0.387500 0.709375 0.387500 0.709375 0.390625 0.709375 0.391667 0.710156 0.392708 0.710938 0.392708 0.710938 0.395833 0.710938 0.396875 0.709375 0.398958 0.708594 0.400000 0.708594 0.401042 0.707812 0.402083 0.704688 0.402083 0.703906 0.402083 0.703125 0.403125 0.702344 0.403125 0.701562 0.404167 0.700781 0.404167 0.700000 0.405208 0.698438 0.405208 0.697656 0.406250 0.693750 0.406250 0.692969 0.406250 0.692969 0.405208 0.692187 0.404167 0.691406 0.404167 0.690625 0.403125 0.685937 0.403125 0.685156 0.403125 0.685156 0.400000 0.685156 0.398958 0.684375 0.397917 0.683594 0.396875 0.683594 0.394792 0.683594 0.393750 0.681250 0.390625 0.680469 0.389583 0.678906 0.389583 0.678125 0.389583 0.678125 0.387500 0.678125 0.386458 0.677344 0.385417 0.677344 0.384375 0.676562 0.383333 0.675781 0.382292 0.675781 0.381250 0.675000 0.380208 0.674219 0.379167 0.671094 0.379167 0.670312 0.379167 0.670312 0.375000 0.670312 0.373958 0.667969 0.370833 0.667188 0.369792 0.667188 0.368750 0.667188 0.367708 0.666406 0.366667 0.666406 0.365625 0.665625 0.364583 0.665625 0.361458 0.665625 0.360417 0.664844 0.359375 0.664844 0.358333 0.664844 0.357292 0.667188 0.357292 0.667969 0.357292 0.668750 0.356250 0.668750 0.354167 0.668750 0.353125 0.670312 0.351042 0.671094 0.350000 0.671094 0.348958 0.671875 0.347917 0.671875 0.335417 0.671875 0.334375 0.672656 0.333333 0.672656 0.332292 0.673438 0.333333 0.674219 0.333333 0.675000 0.333333 0.675781 0.334375 0.677344 0.334375 0.678125 0.334375 0.678906 0.335417 0.679688 0.335417 0.680469 0.336458 0.681250 0.337500 0.682031 0.337500 0.682813 0.338542 0.686719 0.338542 0.687500 0.338542 0.688281 0.337500 0.689844 0.337500 0.690625 0.337500 0.691406 0.336458 0.692187 0.335417 0.692187 0.332292 0.692187 0.331250 0.692969 0.330208 0.693750 0.330208 0.694531 0.329167 0.695312 0.329167 0.696094 0.328125 0.696875 0.328125 0.700000 0.323958
0 0.042188 0.326042 0.043750 0.326042 0.044531 0.326042 0.045312 0.327083 0.046094 0.327083 0.046094 0.328125 0.046875 0.329167 0.047656 0.330208 0.048438 0.330208 0.049219 0.331250 0.050000 0.331250 0.050781 0.332292 0.050781 0.334375 0.050781 0.335417 0.050000 0.336458 0.049219 0.337500 0.048438 0.337500 0.047656 0.338542 0.047656 0.344792 0.048438 0.345833 0.047656 0.346875 0.047656 0.350000 0.047656 0.351042 0.046875 0.352083 0.046875 0.354167 0.046094 0.355208 0.046094 0.358333 0.046094 0.359375 0.045312 0.360417 0.045312 0.361458 0.044531 0.362500 0.043750 0.363542 0.043750 0.366667 0.043750 0.367708 0.042969 0.368750 0.042969 0.370833 0.042188 0.371875 0.042188 0.375000 0.042188 0.376042 0.040625 0.378125 0.039844 0.379167 0.039844 0.381250 0.039062 0.382292 0.039062 0.385417 0.039062 0.386458 0.038281 0.387500 0.037500 0.387500 0.036719 0.388542 0.036719 0.391667 0.036719 0.392708 0.035937 0.393750 0.035156 0.394792 0.034375 0.394792 0.033594 0.395833 0.033594 0.397917 0.033594 0.398958 0.032813 0.400000 0.032031 0.401042 0.032031 0.402083 0.031250 0.403125 0.030469 0.404167 0.030469 0.405208 0.030469 0.406250 0.029687 0.407292 0.029687 0.408333 0.028125 0.410417 0.027344 0.411458 0.027344 0.412500 0.026562 0.413542 0.026562 0.414583 0.025781 0.415625 0.025781 0.416667 0.025000 0.417708 0.025000 0.418750 0.024219 0.419792 0.024219 0.422917 0.024219 0.423958 0.025000 0.425000 0.025781 0.426042 0.025781 0.427083 0.026562 0.428125 0.026562 0.429167 0.025781 0.430208 0.018750 0.430208 0.017969 0.430208 0.017969 0.427083 0.017969 0.426042 0.017188 0.425000 0.017188 0.423958 0.016406 0.422917 0.015625 0.421875 0.014844 0.421875 0.014063 0.420833 0.013281 0.419792 0.009375 0.419792 0.008594 0.418750 0.008594 0.409375 0.008594 0.408333 0.007812 0.407292 0.007812 0.406250 0.007812 0.405208 0.007031 0.404167 0.006250 0.403125 0.006250 0.401042 0.006250 0.400000 0.005469 0.398958 0.003906 0.398958 0.003125 0.397917 0.003125 0.393750 0.003125 0.392708 0.003906 0.391667 0.003906 0.389583 0.004687 0.388542 0.004687 0.385417 0.004687 0.384375 0.005469 0.383333 0.006250 0.383333 0.007031 0.382292 0.007812 0.381250 0.007812 0.376042 0.007031 0.375000 0.007812 0.373958 0.008594 0.372917 0.008594 0.371875 0.009375 0.370833 0.009375 0.369792 0.010156 0.368750 0.010156 0.365625 0.010156 0.364583 0.010937 0.364583 0.011719 0.363542 0.011719 0.359375 0.011719 0.358333 0.012500 0.357292 0.012500 0.356250 0.013281 0.355208 0.014063 0.354167 0.014063 0.353125 0.014063 0.352083 0.014844 0.351042 0.014844 0.350000 0.015625 0.348958 0.016406 0.347917 0.016406 0.346875 0.017969 0.344792 0.017969 0.343750 0.021875 0.343750 0.022656 0.343750 0.024219 0.341667 0.024219 0.340625 0.026562 0.340625 0.027344 0.340625 0.028125 0.339583 0.028906 0.338542 0.029687 0.338542 0.030469 0.337500 0.031250 0.337500 0.032031 0.336458 0.032031 0.335417 0.032031 0.334375 0.032813 0.333333 0.033594 0.332292 0.040625 0.332292 0.041406 0.332292 0.042188 0.331250 0.042188 0.326042
0 0.875781 0.330208 0.876563 0.331250 0.877344 0.331250 0.878125 0.331250 0.878125 0.333333 0.878906 0.334375 0.880469 0.334375 0.881250 0.335417 0.881250 0.336458 0.880469 0.337500 0.879687 0.337500 0.878906 0.338542 0.878125 0.339583 0.876563 0.337500 0.875781 0.336458 0.875000 0.336458 0.874219 0.335417 0.873437 0.335417 0.872656 0.335417 0.871875 0.334375 0.871094 0.333333 0.871094 0.332292 0.871094 0.331250 0.874219 0.331250 0.875000 0.331250 0.875781 0.330208
0 0.612500 0.335417 0.613281 0.336458 0.614062 0.336458 0.614844 0.337500 0.614844 0.338542 0.615625 0.339583 0.616406 0.339583 0.616406 0.340625 0.616406 0.341667 0.617188 0.342708 0.617969 0.343750 0.618750 0.343750 0.619531 0.344792 0.619531 0.345833 0.619531 0.346875 0.620313 0.347917 0.621094 0.347917 0.621875 0.348958 0.621875 0.350000 0.622656 0.351042 0.621875 0.352083 0.621094 0.353125 0.621094 0.354167 0.620313 0.355208 0.618750 0.355208 0.617969 0.356250 0.617969 0.360417 0.617188 0.361458 0.616406 0.361458 0.615625 0.360417 0.614844 0.359375 0.614062 0.359375 0.613281 0.358333 0.613281 0.353125 0.612500 0.352083 0.613281 0.351042 0.613281 0.346875 0.613281 0.345833 0.614062 0.344792 0.614062 0.342708 0.614062 0.341667 0.613281 0.340625 0.612500 0.340625 0.612500 0.339583 0.611719 0.338542 0.610938 0.338542 0.610938 0.337500 0.610938 0.336458 0.611719 0.336458 0.612500 0.335417
0 0.795312 0.335417 0.796875 0.335417 0.797656 0.335417 0.798438 0.336458 0.799219 0.336458 0.800000 0.337500 0.800000 0.339583 0.800781 0.340625 0.800000 0.341667 0.799219 0.342708 0.797656 0.342708 0.796875 0.343750 0.794531 0.340625 0.793750 0.340625 0.793750 0.337500 0.793750 0.336458 0.794531 0.336458 0.795312 0.335417
0 0.212500 0.342708 0.218750 0.342708 0.219531 0.342708 0.219531 0.347917 0.219531 0.348958 0.218750 0.350000 0.217969 0.351042 0.217969 0.353125 0.217188 0.354167 0.217188 0.357292 0.217188 0.358333 0.215625 0.360417 0.214844 0.361458 0.211719 0.361458 0.210938 0.360417 0.210938 0.359375 0.210938 0.358333 0.210156 0.357292 0.210156 0.356250 0.209375 0.355208 0.209375 0.354167 0.209375 0.353125 0.208594 0.352083 0.207813 0.352083 0.207813 0.351042 0.207031 0.350000 0.207031 0.348958 0.207031 0.347917 0.207813 0.346875 0.207813 0.345833 0.207813 0.344792 0.208594 0.344792 0.209375 0.343750 0.210938 0.343750 0.211719 0.343750 0.212500 0.342708
0 0.453125 0.348958 0.453906 0.348958 0.454688 0.348958 0.455469 0.350000 0.456250 0.350000 0.457031 0.350000 0.457813 0.351042 0.458594 0.351042 0.459375 0.351042 0.459375 0.352083 0.459375 0.353125 0.458594 0.354167 0.458594 0.355208 0.457813 0.356250 0.453906 0.356250 0.453125 0.356250 0.452344 0.357292 0.451562 0.357292 0.451562 0.355208 0.450781 0.354167 0.451562 0.353125 0.451562 0.352083 0.452344 0.352083 0.453125 0.351042 0.453125 0.348958
0 0.317969 0.353125 0.319531 0.353125 0.320312 0.353125 0.321094 0.354167 0.321875 0.355208 0.321094 0.355208 0.320312 0.356250 0.319531 0.356250 0.318750 0.355208 0.317969 0.355208 0.317969 0.353125
0 0.560156 0.355208 0.560937 0.356250 0.561719 0.356250 0.562500 0.356250 0.562500 0.357292 0.561719 0.358333 0.560937 0.359375 0.560156 0.359375 0.559375 0.359375 0.559375 0.358333 0.559375 0.357292 0.560156 0.356250 0.560156 0.355208
0 0.389062 0.356250 0.391406 0.356250 0.392188 0.356250 0.392188 0.358333 0.392188 0.359375 0.391406 0.360417 0.391406 0.363542 0.391406 0.364583 0.390625 0.365625 0.389844 0.365625 0.389062 0.366667 0.388281 0.366667 0.387500 0.367708 0.386719 0.368750 0.385937 0.368750 0.385156 0.368750 0.385156 0.366667 0.384375 0.365625 0.385156 0.364583 0.385156 0.361458 0.385156 0.360417 0.386719 0.358333 0.387500 0.357292 0.388281 0.357292 0.389062 0.356250
0 0.551562 0.359375 0.552344 0.360417 0.553125 0.361458 0.553125 0.362500 0.552344 0.363542 0.552344 0.364583 0.551562 0.363542 0.550781 0.363542 0.550000 0.363542 0.550000 0.361458 0.550000 0.360417 0.550781 0.360417 0.551562 0.359375
0 0.773438 0.359375 0.777344 0.359375 0.778125 0.359375 0.778906 0.360417 0.779687 0.360417 0.780469 0.361458 0.780469 0.365625 0.780469 0.366667 0.781250 0.367708 0.782813 0.367708 0.783594 0.367708 0.783594 0.368750 0.782813 0.369792 0.782813 0.370833 0.782031 0.369792 0.781250 0.369792 0.781250 0.368750 0.780469 0.367708 0.779687 0.368750 0.778125 0.368750 0.777344 0.368750 0.776563 0.367708 0.774219 0.367708 0.773438 0.367708 0.772656 0.366667 0.772656 0.364583 0.773438 0.363542 0.773438 0.359375
0 0.729688 0.363542 0.730469 0.363542 0.731250 0.363542 0.731250 0.364583 0.732031 0.365625 0.732031 0.367708 0.731250 0.368750 0.731250 0.378125 0.730469 0.379167 0.729688 0.379167 0.728906 0.379167 0.728125 0.378125 0.726562 0.378125 0.725781 0.378125 0.725000 0.377083 0.725000 0.376042 0.725000 0.375000 0.724219 0.373958 0.723437 0.373958 0.722656 0.372917 0.723437 0.371875 0.724219 0.370833 0.725000 0.370833 0.725781 0.370833 0.726562 0.369792 0.727344 0.368750 0.727344 0.365625 0.727344 0.364583 0.728125 0.364583 0.728906 0.364583 0.729688 0.363542
0 0.760156 0.364583 0.761719 0.364583 0.762500 0.364583 0.761719 0.365625 0.761719 0.366667 0.760938 0.367708 0.760938 0.370833 0.760938 0.371875 0.760156 0.372917 0.759375 0.372917 0.758594 0.373958 0.758594 0.376042 0.757812 0.377083 0.755469 0.377083 0.754687 0.377083 0.753906 0.376042 0.753906 0.375000 0.753906 0.373958 0.754687 0.372917 0.754687 0.371875 0.754687 0.370833 0.756250 0.368750 0.757031 0.367708 0.758594 0.367708 0.759375 0.367708 0.760156 0.366667 0.760156 0.364583
0 0.567969 0.370833 0.570312 0.370833 0.571094 0.370833 0.571094 0.371875 0.571094 0.372917 0.569531 0.375000 0.568750 0.375000 0.567969 0.373958 0.567969 0.370833
0 0.789844 0.373958 0.792188 0.373958 0.792969 0.373958 0.792969 0.375000 0.792188 0.376042 0.792188 0.378125 0.792188 0.379167 0.791406 0.380208 0.791406 0.381250 0.790625 0.382292 0.789844 0.382292 0.789062 0.381250 0.788281 0.381250 0.788281 0.379167 0.788281 0.378125 0.789062 0.377083 0.789062 0.376042 0.789062 0.375000 0.789844 0.373958
0 0.391406 0.376042 0.392969 0.376042 0.393750 0.377083 0.393750 0.378125 0.393750 0.379167 0.394531 0.380208 0.394531 0.382292 0.394531 0.383333 0.392188 0.386458 0.391406 0.387500 0.390625 0.387500 0.389844 0.388542 0.389062 0.388542 0.388281 0.388542 0.387500 0.387500 0.386719 0.387500 0.386719 0.383333 0.386719 0.382292 0.387500 0.381250 0.387500 0.380208 0.387500 0.379167 0.388281 0.378125 0.389062 0.377083 0.389844 0.377083 0.390625 0.377083 0.391406 0.376042
0 0.809375 0.382292 0.814844 0.382292 0.815625 0.383333 0.815625 0.384375 0.816406 0.385417 0.816406 0.388542 0.817187 0.389583 0.817187 0.400000 0.817187 0.401042 0.817969 0.402083 0.820312 0.402083 0.821094 0.402083 0.821875 0.401042 0.821875 0.400000 0.824219 0.400000 0.825000 0.400000 0.825000 0.401042 0.825781 0.402083 0.825781 0.403125 0.825000 0.404167 0.824219 0.405208 0.821094 0.405208 0.820312 0.406250 0.819531 0.405208 0.817187 0.405208 0.816406 0.405208 0.814844 0.407292 0.814063 0.407292 0.811719 0.410417 0.810937 0.411458 0.810156 0.411458 0.809375 0.411458 0.808594 0.410417 0.807813 0.410417 0.807031 0.410417 0.807031 0.409375 0.806250 0.408333 0.805469 0.407292 0.802344 0.407292 0.801562 0.406250 0.801562 0.395833 0.801562 0.394792 0.802344 0.393750 0.802344 0.391667 0.802344 0.390625 0.803125 0.390625 0.803906 0.389583 0.803906 0.388542 0.804688 0.387500 0.805469 0.386458 0.806250 0.386458 0.807031 0.386458 0.808594 0.384375 0.809375 0.383333 0.809375 0.382292
0 0.834375 0.383333 0.835156 0.384375 0.837500 0.384375 0.838281 0.384375 0.838281 0.385417 0.839063 0.386458 0.839063 0.387500 0.838281 0.388542 0.837500 0.388542 0.836719 0.388542 0.835938 0.387500 0.835938 0.386458 0.835938 0.385417 0.835156 0.384375 0.834375 0.385417 0.834375 0.383333
0 0.495312 0.384375 0.496094 0.384375 0.496875 0.384375 0.497656 0.385417 0.498437 0.385417 0.499219 0.385417 0.499219 0.386458 0.499219 0.387500 0.500000 0.388542 0.500781 0.389583 0.500781 0.393750 0.500000 0.394792 0.499219 0.394792 0.498437 0.394792 0.498437 0.392708 0.497656 0.391667 0.495312 0.391667 0.494531 0.391667 0.493750 0.390625 0.492969 0.389583 0.493750 0.388542 0.493750 0.386458 0.493750 0.385417 0.494531 0.385417 0.495312 0.384375
0 0.903125 0.389583 0.904687 0.389583 0.905469 0.389583 0.906250 0.390625 0.907031 0.390625 0.906250 0.390625 0.905469 0.391667 0.905469 0.393750 0.904687 0.394792 0.903906 0.394792 0.903125 0.393750 0.902344 0.393750 0.902344 0.392708 0.902344 0.391667 0.903125 0.390625 0.903125 0.389583
0 0.466406 0.390625 0.467187 0.391667 0.467969 0.391667 0.468750 0.392708 0.468750 0.393750 0.467187 0.395833 0.466406 0.396875 0.465625 0.395833 0.464844 0.395833 0.464844 0.394792 0.464062 0.393750 0.466406 0.390625
0 0.617188 0.392708 0.617969 0.393750 0.620313 0.393750 0.621094 0.393750 0.621875 0.392708 0.622656 0.392708 0.623437 0.392708 0.623437 0.395833 0.623437 0.396875 0.622656 0.397917 0.622656 0.398958 0.621875 0.400000 0.621094 0.400000 0.620313 0.398958 0.619531 0.398958 0.618750 0.398958 0.618750 0.397917 0.618750 0.396875 0.617969 0.395833 0.617188 0.395833 0.617188 0.392708
0 0.402344 0.393750 0.404687 0.393750 0.405469 0.393750 0.405469 0.395833 0.405469 0.396875 0.406250 0.397917 0.407813 0.397917 0.408594 0.397917 0.409375 0.398958 0.410156 0.398958 0.410156 0.402083 0.410156 0.403125 0.409375 0.404167 0.408594 0.405208 0.407813 0.405208 0.407031 0.405208 0.406250 0.406250 0.406250 0.407292 0.405469 0.408333 0.404687 0.408333 0.403906 0.409375 0.403125 0.410417 0.402344 0.410417 0.401562 0.411458 0.400781 0.412500 0.400000 0.412500 0.399219 0.413542 0.398438 0.413542 0.397656 0.413542 0.396875 0.414583 0.396094 0.414583 0.395313 0.414583 0.395313 0.413542 0.395313 0.412500 0.396094 0.411458 0.396094 0.410417 0.396875 0.409375 0.396875 0.408333 0.396875 0.407292 0.397656 0.406250 0.397656 0.405208 0.398438 0.405208 0.399219 0.404167 0.399219 0.400000 0.398438 0.398958 0.399219 0.397917 0.399219 0.396875 0.400000 0.396875 0.400781 0.395833 0.401562 0.395833 0.402344 0.394792 0.402344 0.393750
0 0.442969 0.394792 0.446094 0.394792 0.446875 0.394792 0.447656 0.395833 0.447656 0.396875 0.446094 0.398958 0.445312 0.400000 0.444531 0.398958 0.442969 0.398958 0.442188 0.397917 0.442969 0.396875 0.442969 0.394792
0 0.352344 0.396875 0.355469 0.396875 0.356250 0.396875 0.357031 0.397917 0.357812 0.397917 0.358594 0.397917 0.357812 0.397917 0.357031 0.398958 0.357031 0.400000 0.355469 0.402083 0.354687 0.403125 0.354687 0.404167 0.353906 0.405208 0.353125 0.405208 0.352344 0.405208 0.351562 0.404167 0.351562 0.403125 0.350781 0.402083 0.351562 0.401042 0.351562 0.400000 0.351562 0.398958 0.352344 0.397917 0.352344 0.396875
0 0.486719 0.401042 0.489063 0.401042 0.489844 0.401042 0.489844 0.403125 0.489844 0.404167 0.490625 0.405208 0.492188 0.405208 0.492969 0.405208 0.492969 0.408333 0.492969 0.409375 0.492188 0.410417 0.491406 0.411458 0.490625 0.411458 0.489844 0.412500 0.489063 0.412500 0.488281 0.413542 0.485938 0.413542 0.485156 0.413542 0.484375 0.412500 0.483594 0.412500 0.483594 0.411458 0.482812 0.410417 0.484375 0.408333 0.485156 0.407292 0.485156 0.405208 0.485156 0.404167 0.485938 0.403125 0.486719 0.402083 0.486719 0.401042
0 0.771094 0.401042 0.771875 0.401042 0.772656 0.401042 0.773438 0.402083 0.773438 0.403125 0.773438 0.404167 0.772656 0.405208 0.772656 0.406250 0.772656 0.407292 0.771875 0.408333 0.771094 0.409375 0.769531 0.409375 0.768750 0.409375 0.767969 0.408333 0.767969 0.404167 0.767969 0.403125 0.768750 0.403125 0.769531 0.402083 0.770312 0.402083 0.771094 0.401042
0 0.153125 0.412500 0.153906 0.412500 0.154688 0.412500 0.155469 0.413542 0.156250 0.414583 0.157812 0.414583 0.158594 0.414583 0.159375 0.415625 0.160156 0.416667 0.160156 0.417708 0.160938 0.418750 0.160938 0.419792 0.160938 0.420833 0.161719 0.421875 0.161719 0.422917 0.160938 0.423958 0.160938 0.425000 0.157812 0.429167 0.157031 0.430208 0.155469 0.430208 0.154688 0.430208 0.153125 0.428125 0.153125 0.427083 0.150781 0.423958 0.150000 0.422917 0.150000 0.416667 0.150000 0.415625 0.150781 0.414583 0.151562 0.414583 0.153125 0.412500
0 0.453906 0.413542 0.455469 0.413542 0.456250 0.413542 0.457031 0.414583 0.457813 0.414583 0.458594 0.415625 0.459375 0.415625 0.460156 0.415625 0.460938 0.416667 0.461719 0.417708 0.461719 0.419792 0.461719 0.420833 0.460938 0.421875 0.460156 0.421875 0.459375 0.422917 0.456250 0.422917 0.455469 0.422917 0.455469 0.420833 0.455469 0.419792 0.454688 0.418750 0.453906 0.418750 0.453906 0.415625 0.453125 0.414583 0.453906 0.413542
0 0.618750 0.413542 0.620313 0.415625 0.621094 0.415625 0.620313 0.416667 0.620313 0.419792 0.620313 0.420833 0.619531 0.421875 0.619531 0.422917 0.618750 0.421875 0.617969 0.421875 0.617188 0.421875 0.616406 0.420833 0.615625 0.420833 0.615625 0.419792 0.615625 0.418750 0.616406 0.417708 0.616406 0.416667 0.618750 0.413542
0 0.568750 0.414583 0.569531 0.414583 0.570312 0.414583 0.570312 0.415625 0.571094 0.416667 0.571094 0.417708 0.571875 0.418750 0.572656 0.418750 0.573438 0.418750 0.573438 0.421875 0.573438 0.422917 0.572656 0.423958 0.571875 0.425000 0.571094 0.425000 0.570312 0.426042 0.569531 0.425000 0.569531 0.418750 0.569531 0.417708 0.568750 0.416667 0.568750 0.414583
0 0.335156 0.418750 0.335938 0.419792 0.337500 0.419792 0.338281 0.420833 0.338281 0.422917 0.338281 0.423958 0.337500 0.425000 0.336719 0.426042 0.335938 0.426042 0.335156 0.425000 0.334375 0.425000 0.334375 0.420833 0.334375 0.419792 0.335156 0.418750
0 0.989844 0.420833 0.991406 0.420833 0.992188 0.420833 0.992969 0.421875 0.994531 0.421875 0.994531 0.422917 0.993750 0.423958 0.992969 0.425000 0.992188 0.425000 0.991406 0.425000 0.990625 0.423958 0.989844 0.422917 0.989844 0.420833
0 0.132812 0.421875 0.135937 0.421875 0.136719 0.421875 0.136719 0.422917 0.137500 0.423958 0.137500 0.425000 0.135937 0.427083 0.135156 0.427083 0.134375 0.426042 0.133594 0.425000 0.132812 0.425000 0.132031 0.425000 0.132031 0.423958 0.132031 0.422917 0.132812 0.421875
0 0.239844 0.421875 0.242188 0.421875 0.242969 0.421875 0.242969 0.422917 0.243750 0.423958 0.244531 0.423958 0.245312 0.425000 0.245312 0.426042 0.244531 0.427083 0.243750 0.427083 0.242188 0.429167 0.241406 0.429167 0.240625 0.428125 0.240625 0.426042 0.240625 0.425000 0.239844 0.423958 0.239844 0.421875
0 0.625781 0.422917 0.630469 0.422917 0.631250 0.422917 0.632031 0.423958 0.632031 0.427083 0.632031 0.428125 0.632812 0.429167 0.635156 0.429167 0.635938 0.429167 0.635938 0.431250 0.635938 0.432292 0.635156 0.433333 0.635156 0.434375 0.634375 0.435417 0.633594 0.436458 0.632031 0.436458 0.631250 0.436458 0.631250 0.434375 0.630469 0.433333 0.626563 0.433333 0.625781 0.433333 0.625000 0.434375 0.625000 0.435417 0.625000 0.436458 0.624219 0.437500 0.623437 0.438542 0.622656 0.437500 0.621875 0.437500 0.621094 0.436458 0.621094 0.435417 0.620313 0.434375 0.620313 0.432292 0.621094 0.431250 0.621094 0.425000 0.621094 0.423958 0.624219 0.423958 0.625000 0.423958 0.625781 0.422917
0 0.584375 0.423958 0.585938 0.423958 0.586719 0.423958 0.586719 0.426042 0.586719 0.427083 0.585938 0.428125 0.585156 0.429167 0.584375 0.429167 0.583594 0.429167 0.583594 0.426042 0.583594 0.425000 0.584375 0.423958
0 0.598437 0.423958 0.599219 0.423958 0.600000 0.423958 0.600781 0.425000 0.600781 0.426042 0.601562 0.427083 0.600781 0.428125 0.600781 0.429167 0.600000 0.430208 0.600000 0.431250 0.599219 0.432292 0.598437 0.432292 0.596875 0.434375 0.596094 0.434375 0.594531 0.432292 0.593750 0.431250 0.593750 0.430208 0.592969 0.429167 0.592969 0.427083 0.592969 0.426042 0.596094 0.426042 0.596875 0.426042 0.598437 0.423958
0 0.789844 0.427083 0.791406 0.427083 0.792188 0.427083 0.792969 0.428125 0.795312 0.428125 0.796094 0.428125 0.796094 0.429167 0.796875 0.430208 0.797656 0.430208 0.798438 0.431250 0.799219 0.432292 0.798438 0.433333 0.797656 0.434375 0.796875 0.434375 0.796094 0.435417 0.795312 0.436458 0.795312 0.437500 0.795312 0.438542 0.794531 0.439583 0.793750 0.440625 0.792969 0.440625 0.792188 0.439583 0.792188 0.438542 0.792188 0.437500 0.791406 0.436458 0.790625 0.435417 0.790625 0.433333 0.789844 0.432292 0.789844 0.427083
0 0.972656 0.427083 0.974219 0.427083 0.975000 0.427083 0.975000 0.428125 0.975781 0.429167 0.976562 0.430208 0.976562 0.434375 0.976562 0.435417 0.977344 0.436458 0.977344 0.438542 0.978125 0.439583 0.977344 0.439583 0.976562 0.440625 0.975781 0.441667 0.975781 0.440625 0.975000 0.439583 0.975000 0.438542 0.974219 0.437500 0.974219 0.436458 0.973437 0.435417 0.971875 0.435417 0.971094 0.435417 0.971094 0.433333 0.970313 0.432292 0.971094 0.431250 0.971094 0.430208 0.971875 0.429167 0.971875 0.428125 0.972656 0.427083
0 0.901563 0.431250 0.904687 0.431250 0.905469 0.431250 0.905469 0.436458 0.905469 0.437500 0.904687 0.438542 0.903125 0.438542 0.902344 0.438542 0.901563 0.439583 0.901563 0.441667 0.901563 0.442708 0.900781 0.443750 0.900000 0.443750 0.899219 0.442708 0.898438 0.442708 0.898438 0.441667 0.897656 0.440625 0.898438 0.439583 0.898438 0.436458 0.898438 0.435417 0.899219 0.434375 0.900000 0.434375 0.900781 0.433333 0.901563 0.432292 0.901563 0.431250
0 0.033594 0.433333 0.034375 0.434375 0.039062 0.434375 0.039844 0.434375 0.039844 0.435417 0.040625 0.436458 0.039844 0.437500 0.039844 0.439583 0.039844 0.440625 0.039062 0.441667 0.036719 0.441667 0.035937 0.441667 0.035156 0.440625 0.035156 0.439583 0.034375 0.438542 0.033594 0.438542 0.032813 0.437500 0.032813 0.436458 0.032031 0.435417 0.033594 0.433333
0 0.820312 0.436458 0.823438 0.436458 0.824219 0.436458 0.824219 0.438542 0.824219 0.439583 0.823438 0.440625 0.823438 0.441667 0.822656 0.442708 0.822656 0.443750 0.821875 0.444792 0.821094 0.444792 0.820312 0.443750 0.819531 0.442708 0.819531 0.439583 0.819531 0.438542 0.820312 0.437500 0.820312 0.436458
0 0.692969 0.444792 0.696094 0.444792 0.696875 0.444792 0.696094 0.445833 0.696094 0.448958 0.695312 0.450000 0.693750 0.450000 0.692969 0.450000 0.692969 0.448958 0.692187 0.447917 0.692187 0.446875 0.692187 0.445833 0.692969 0.444792
0 0.366406 0.448958 0.369531 0.448958 0.370312 0.450000 0.370312 0.451042 0.369531 0.452083 0.369531 0.453125 0.368750 0.454167 0.367969 0.455208 0.367188 0.455208 0.366406 0.454167 0.365625 0.454167 0.364844 0.454167 0.364844 0.452083 0.364844 0.451042 0.366406 0.448958
0 0.550781 0.451042 0.551562 0.451042 0.552344 0.451042 0.552344 0.452083 0.552344 0.453125 0.553125 0.454167 0.553906 0.455208 0.553125 0.455208 0.552344 0.456250 0.551562 0.457292 0.550781 0.457292 0.550000 0.458333 0.549219 0.458333 0.549219 0.457292 0.548438 0.456250 0.549219 0.455208 0.550000 0.454167 0.550000 0.453125 0.550000 0.452083 0.550781 0.451042
0 0.781250 0.451042 0.782813 0.451042 0.783594 0.452083 0.783594 0.455208 0.782813 0.456250 0.782031 0.456250 0.782031 0.455208 0.781250 0.454167 0.781250 0.453125 0.780469 0.452083 0.781250 0.451042
0 0.294531 0.452083 0.297656 0.452083 0.298438 0.452083 0.299219 0.453125 0.298438 0.454167 0.298438 0.455208 0.298438 0.456250 0.297656 0.457292 0.296875 0.457292 0.296094 0.458333 0.295312 0.457292 0.294531 0.457292 0.294531 0.456250 0.293750 0.455208 0.293750 0.454167 0.293750 0.453125 0.294531 0.452083
0 0.879687 0.453125 0.880469 0.453125 0.881250 0.453125 0.882031 0.454167 0.883594 0.454167 0.884375 0.454167 0.884375 0.455208 0.885156 0.456250 0.885156 0.457292 0.885938 0.458333 0.886719 0.458333 0.887500 0.459375 0.887500 0.460417 0.886719 0.461458 0.886719 0.462500 0.885938 0.463542 0.885156 0.463542 0.884375 0.464583 0.882812 0.464583 0.882031 0.464583 0.881250 0.465625 0.880469 0.465625 0.879687 0.466667 0.878906 0.465625 0.878125 0.465625 0.877344 0.464583 0.877344 0.463542 0.876563 0.462500 0.875781 0.461458 0.875781 0.457292 0.875781 0.456250 0.876563 0.455208 0.877344 0.455208 0.878125 0.455208 0.879687 0.453125
0 0.308594 0.456250 0.309375 0.456250 0.310156 0.456250 0.310156 0.459375 0.310156 0.460417 0.310937 0.461458 0.310937 0.462500 0.311719 0.463542 0.310156 0.465625 0.309375 0.466667 0.308594 0.465625 0.307812 0.464583 0.307812 0.463542 0.307031 0.462500 0.307031 0.460417 0.307031 0.459375 0.307812 0.458333 0.307812 0.457292 0.308594 0.456250
0 0.450000 0.456250 0.451562 0.456250 0.452344 0.456250 0.452344 0.457292 0.453125 0.458333 0.453906 0.458333 0.454688 0.458333 0.454688 0.459375 0.454688 0.460417 0.455469 0.461458 0.456250 0.461458 0.456250 0.463542 0.457031 0.464583 0.457031 0.469792 0.457813 0.470833 0.459375 0.470833 0.460156 0.470833 0.460938 0.471875 0.462500 0.471875 0.463281 0.471875 0.464062 0.470833 0.464062 0.466667 0.464062 0.465625 0.466406 0.465625 0.467187 0.464583 0.471094 0.464583 0.471875 0.464583 0.471875 0.466667 0.471875 0.467708 0.472656 0.468750 0.473438 0.469792 0.473438 0.471875 0.473438 0.472917 0.472656 0.473958 0.472656 0.475000 0.471875 0.476042 0.471094 0.476042 0.470313 0.477083 0.469531 0.478125 0.468750 0.478125 0.467969 0.479167 0.466406 0.479167 0.465625 0.479167 0.464844 0.480208 0.464844 0.482292 0.464844 0.483333 0.464062 0.484375 0.463281 0.484375 0.462500 0.485417 0.461719 0.485417 0.460938 0.485417 0.460156 0.486458 0.460156 0.487500 0.459375 0.488542 0.458594 0.489583 0.455469 0.489583 0.454688 0.489583 0.453906 0.488542 0.453906 0.485417 0.453906 0.484375 0.453125 0.483333 0.452344 0.482292 0.452344 0.477083 0.452344 0.476042 0.451562 0.475000 0.450781 0.473958 0.451562 0.472917 0.451562 0.468750 0.451562 0.467708 0.450781 0.466667 0.450781 0.465625 0.450000 0.464583 0.450000 0.463542 0.449219 0.462500 0.449219 0.460417 0.449219 0.459375 0.450000 0.458333 0.450000 0.456250
0 0.735156 0.456250 0.735938 0.456250 0.736719 0.456250 0.737500 0.457292 0.738281 0.457292 0.739062 0.457292 0.739062 0.458333 0.741406 0.461458 0.741406 0.462500 0.740625 0.463542 0.738281 0.463542 0.737500 0.464583 0.736719 0.464583 0.735938 0.464583 0.735156 0.463542 0.734375 0.463542 0.733594 0.462500 0.733594 0.459375 0.733594 0.458333 0.734375 0.458333 0.735156 0.457292 0.735156 0.456250
0 0.072656 0.457292 0.075781 0.457292 0.076563 0.457292 0.077344 0.458333 0.078125 0.458333 0.078906 0.458333 0.079687 0.459375 0.079687 0.460417 0.079687 0.461458 0.078906 0.462500 0.077344 0.462500 0.076563 0.463542 0.075781 0.463542 0.075000 0.462500 0.071094 0.462500 0.070312 0.462500 0.069531 0.461458 0.070312 0.460417 0.070312 0.459375 0.071094 0.459375 0.072656 0.457292
0 0.438281 0.457292 0.441406 0.457292 0.442188 0.457292 0.442188 0.460417 0.442188 0.461458 0.441406 0.462500 0.440625 0.463542 0.439844 0.463542 0.439063 0.462500 0.438281 0.461458 0.438281 0.460417 0.437500 0.459375 0.438281 0.458333 0.438281 0.457292
0 0.425000 0.459375 0.426563 0.459375 0.427344 0.459375 0.427344 0.461458 0.426563 0.462500 0.426563 0.467708 0.426563 0.468750 0.425781 0.469792 0.424219 0.469792 0.423438 0.470833 0.422656 0.470833 0.421875 0.469792 0.421094 0.469792 0.420312 0.469792 0.420312 0.467708 0.420312 0.466667 0.421094 0.465625 0.421875 0.464583 0.422656 0.464583 0.423438 0.463542 0.423438 0.462500 0.423438 0.461458 0.425000 0.459375
0 0.299219 0.463542 0.300781 0.463542 0.301563 0.463542 0.302344 0.464583 0.302344 0.465625 0.302344 0.466667 0.303125 0.467708 0.303125 0.468750 0.303906 0.469792 0.303906 0.472917 0.303906 0.473958 0.303125 0.475000 0.303125 0.476042 0.302344 0.477083 0.301563 0.478125 0.301563 0.480208 0.300781 0.481250 0.300000 0.481250 0.299219 0.481250 0.299219 0.480208 0.298438 0.479167 0.297656 0.479167 0.296875 0.478125 0.296094 0.477083 0.292969 0.477083 0.292187 0.477083 0.292187 0.475000 0.291406 0.473958 0.292187 0.472917 0.292187 0.471875 0.292187 0.470833 0.292969 0.469792 0.292969 0.468750 0.293750 0.467708 0.294531 0.466667 0.295312 0.466667 0.296094 0.465625 0.296875 0.465625 0.297656 0.464583 0.298438 0.464583 0.299219 0.463542
0 0.784375 0.469792 0.789844 0.469792 0.790625 0.469792 0.791406 0.470833 0.792188 0.470833 0.792969 0.471875 0.793750 0.471875 0.793750 0.472917 0.792969 0.473958 0.792188 0.475000 0.792188 0.476042 0.790625 0.478125 0.789844 0.479167 0.788281 0.479167 0.787500 0.480208 0.783594 0.480208 0.782813 0.480208 0.782813 0.479167 0.782031 0.478125 0.782031 0.477083 0.782031 0.476042 0.782813 0.475000 0.783594 0.473958 0.783594 0.471875 0.783594 0.470833 0.784375 0.469792
0 0.489844 0.472917 0.491406 0.472917 0.492188 0.472917 0.492188 0.473958 0.492969 0.475000 0.492188 0.476042 0.492188 0.477083 0.492188 0.478125 0.491406 0.479167 0.490625 0.479167 0.489844 0.480208 0.489063 0.480208 0.489063 0.476042 0.489063 0.475000 0.489844 0.473958 0.489844 0.472917
0 0.993750 0.477083 0.996875 0.477083 0.997656 0.477083 0.996094 0.479167 0.995313 0.480208 0.994531 0.480208 0.993750 0.481250 0.992969 0.481250 0.992188 0.481250 0.992188 0.479167 0.992188 0.478125 0.992969 0.478125 0.993750 0.477083
0 0.125781 0.482292 0.126562 0.482292 0.127344 0.482292 0.128125 0.483333 0.128906 0.483333 0.128906 0.485417 0.129688 0.486458 0.131250 0.486458 0.132031 0.486458 0.132812 0.485417 0.133594 0.484375 0.133594 0.483333 0.133594 0.482292 0.139063 0.482292 0.139844 0.482292 0.139844 0.483333 0.140625 0.484375 0.140625 0.485417 0.139844 0.486458 0.139844 0.490625 0.139844 0.491667 0.142187 0.494792 0.142969 0.495833 0.140625 0.498958 0.139844 0.500000 0.139844 0.501042 0.139063 0.502083 0.136719 0.502083 0.135937 0.502083 0.135937 0.501042 0.135156 0.500000 0.135156 0.498958 0.134375 0.497917 0.133594 0.497917 0.133594 0.496875 0.132812 0.495833 0.132812 0.494792 0.132031 0.493750 0.132031 0.492708 0.131250 0.491667 0.131250 0.488542 0.131250 0.487500 0.130469 0.486458 0.129688 0.486458 0.128906 0.486458 0.128125 0.487500 0.126562 0.487500 0.125781 0.487500 0.125781 0.485417 0.125000 0.484375 0.125781 0.483333 0.125781 0.482292
0 0.013281 0.483333 0.014063 0.483333 0.014844 0.483333 0.015625 0.484375 0.017188 0.484375 0.017969 0.484375 0.019531 0.486458 0.020313 0.487500 0.020313 0.488542 0.016406 0.493750 0.015625 0.494792 0.014844 0.494792 0.014063 0.495833 0.013281 0.495833 0.012500 0.494792 0.012500 0.493750 0.011719 0.492708 0.011719 0.485417 0.011719 0.484375 0.012500 0.484375 0.013281 0.483333
0 0.267969 0.483333 0.271094 0.483333 0.271875 0.483333 0.272656 0.484375 0.272656 0.485417 0.272656 0.486458 0.273438 0.487500 0.274219 0.487500 0.275000 0.487500 0.275000 0.488542 0.276562 0.490625 0.277344 0.490625 0.277344 0.492708 0.277344 0.493750 0.278125 0.494792 0.278906 0.495833 0.280469 0.495833 0.281250 0.495833 0.281250 0.496875 0.281250 0.497917 0.282031 0.498958 0.282813 0.500000 0.282813 0.501042 0.282813 0.502083 0.282031 0.503125 0.281250 0.504167 0.281250 0.505208 0.281250 0.506250 0.280469 0.507292 0.279687 0.508333 0.278906 0.508333 0.278125 0.509375 0.277344 0.509375 0.276562 0.510417 0.276562 0.511458 0.275781 0.512500 0.275000 0.513542 0.275000 0.516667 0.275000 0.517708 0.274219 0.518750 0.274219 0.519792 0.274219 0.520833 0.273438 0.521875 0.272656 0.522917 0.272656 0.526042 0.273438 0.527083 0.275000 0.527083 0.275781 0.527083 0.276562 0.528125 0.278125 0.528125 0.278906 0.528125 0.278906 0.529167 0.279687 0.530208 0.280469 0.531250 0.280469 0.534375 0.280469 0.535417 0.278125 0.538542 0.277344 0.539583 0.274219 0.539583 0.273438 0.539583 0.273438 0.538542 0.272656 0.537500 0.271875 0.536458 0.270313 0.536458 0.269531 0.535417 0.269531 0.533333 0.268750 0.532292 0.267188 0.532292 0.266406 0.532292 0.265625 0.533333 0.265625 0.534375 0.264062 0.536458 0.263281 0.537500 0.263281 0.538542 0.263281 0.539583 0.262500 0.540625 0.262500 0.541667 0.261719 0.542708 0.260937 0.542708 0.260156 0.542708 0.260156 0.541667 0.259375 0.540625 0.257812 0.540625 0.257031 0.540625 0.256250 0.539583 0.253906 0.539583 0.253125 0.539583 0.252344 0.538542 0.251563 0.537500 0.251563 0.536458 0.250781 0.535417 0.250000 0.534375 0.250000 0.529167 0.250000 0.528125 0.250781 0.527083 0.250781 0.522917 0.250781 0.521875 0.251563 0.521875 0.252344 0.520833 0.252344 0.519792 0.253125 0.519792 0.253906 0.518750 0.253906 0.517708 0.254688 0.517708 0.255469 0.516667 0.255469 0.515625 0.257031 0.513542 0.257812 0.512500 0.257812 0.511458 0.258594 0.510417 0.258594 0.504167 0.259375 0.503125 0.260937 0.503125 0.261719 0.503125 0.262500 0.504167 0.263281 0.505208 0.265625 0.505208 0.266406 0.504167 0.266406 0.503125 0.266406 0.502083 0.267188 0.501042 0.267188 0.498958 0.267188 0.497917 0.267969 0.496875 0.267969 0.494792 0.267969 0.493750 0.267188 0.492708 0.261719 0.492708 0.260937 0.492708 0.260937 0.489583 0.260937 0.488542 0.261719 0.487500 0.262500 0.487500 0.263281 0.486458 0.264062 0.486458 0.264844 0.485417 0.265625 0.485417 0.266406 0.484375 0.267188 0.484375 0.267969 0.483333
0 0.430469 0.484375 0.432031 0.484375 0.432812 0.484375 0.433594 0.485417 0.434375 0.486458 0.435937 0.486458 0.436719 0.486458 0.437500 0.487500 0.438281 0.487500 0.439063 0.487500 0.439063 0.488542 0.439844 0.489583 0.439063 0.489583 0.438281 0.490625 0.437500 0.491667 0.437500 0.493750 0.437500 0.494792 0.436719 0.495833 0.435937 0.496875 0.435156 0.496875 0.432812 0.500000 0.432031 0.501042 0.431250 0.501042 0.430469 0.502083 0.428125 0.502083 0.427344 0.502083 0.426563 0.501042 0.426563 0.498958 0.425781 0.497917 0.425781 0.494792 0.425781 0.493750 0.426563 0.492708 0.427344 0.491667 0.427344 0.488542 0.427344 0.487500 0.428125 0.487500 0.428906 0.486458 0.429688 0.486458 0.430469 0.485417 0.430469 0.484375
0 0.095312 0.485417 0.096094 0.485417 0.096875 0.485417 0.097656 0.486458 0.098437 0.486458 0.099219 0.487500 0.100000 0.487500 0.100781 0.487500 0.100000 0.488542 0.100000 0.489583 0.099219 0.490625 0.098437 0.491667 0.097656 0.491667 0.096875 0.492708 0.096094 0.493750 0.095312 0.493750 0.095312 0.492708 0.095312 0.491667 0.094531 0.490625 0.094531 0.489583 0.094531 0.488542 0.093750 0.487500 0.092969 0.487500 0.093750 0.487500 0.095312 0.485417
0 0.337500 0.486458 0.338281 0.487500 0.340625 0.487500 0.341406 0.487500 0.342187 0.488542 0.342969 0.488542 0.342969 0.492708 0.342969 0.493750 0.342187 0.494792 0.341406 0.495833 0.340625 0.495833 0.339844 0.495833 0.339062 0.494792 0.338281 0.494792 0.337500 0.494792 0.336719 0.493750 0.335156 0.493750 0.334375 0.493750 0.334375 0.492708 0.334375 0.491667 0.335156 0.490625 0.335938 0.489583 0.335938 0.488542 0.335938 0.487500 0.336719 0.487500 0.337500 0.486458
0 0.371875 0.487500 0.375000 0.487500 0.375781 0.487500 0.376563 0.488542 0.377344 0.488542 0.378125 0.488542 0.378125 0.489583 0.378906 0.490625 0.378125 0.491667 0.377344 0.492708 0.376563 0.492708 0.375781 0.492708 0.374219 0.494792 0.373437 0.494792 0.372656 0.495833 0.372656 0.496875 0.372656 0.497917 0.371094 0.500000 0.370312 0.500000 0.369531 0.501042 0.369531 0.502083 0.368750 0.503125 0.367969 0.503125 0.367188 0.504167 0.366406 0.505208 0.365625 0.505208 0.364844 0.504167 0.364063 0.504167 0.363281 0.504167 0.363281 0.503125 0.362500 0.502083 0.363281 0.501042 0.363281 0.495833 0.363281 0.494792 0.364063 0.493750 0.364063 0.492708 0.364844 0.492708 0.365625 0.491667 0.366406 0.491667 0.367188 0.490625 0.369531 0.490625 0.370312 0.490625 0.371094 0.489583 0.371094 0.488542 0.371875 0.487500
0 0.900781 0.487500 0.902344 0.487500 0.903125 0.487500 0.903906 0.488542 0.904687 0.489583 0.904687 0.490625 0.905469 0.491667 0.906250 0.491667 0.906250 0.494792 0.906250 0.495833 0.907031 0.496875 0.907813 0.497917 0.908594 0.497917 0.909375 0.497917 0.910156 0.498958 0.910156 0.500000 0.910937 0.501042 0.910937 0.502083 0.910937 0.503125 0.910156 0.504167 0.909375 0.505208 0.905469 0.505208 0.904687 0.505208 0.903906 0.504167 0.903125 0.503125 0.903125 0.500000 0.903125 0.498958 0.903906 0.497917 0.903906 0.495833 0.903906 0.494792 0.903125 0.493750 0.900781 0.493750 0.900000 0.492708 0.900000 0.490625 0.899219 0.489583 0.900000 0.489583 0.900781 0.488542 0.900781 0.487500
0 0.753906 0.490625 0.755469 0.490625 0.756250 0.490625 0.757031 0.491667 0.757812 0.492708 0.757812 0.495833 0.758594 0.496875 0.760938 0.496875 0.761719 0.496875 0.762500 0.495833 0.763281 0.495833 0.764062 0.494792 0.766406 0.494792 0.767188 0.494792 0.767969 0.495833 0.768750 0.495833 0.769531 0.496875 0.769531 0.497917 0.770312 0.498958 0.770312 0.500000 0.771094 0.501042 0.774219 0.501042 0.775000 0.500000 0.775781 0.501042 0.777344 0.501042 0.778125 0.502083 0.777344 0.503125 0.777344 0.504167 0.776563 0.505208 0.775000 0.505208 0.774219 0.506250 0.774219 0.509375 0.773438 0.510417 0.772656 0.510417 0.771875 0.510417 0.771094 0.511458 0.769531 0.511458 0.768750 0.512500 0.768750 0.516667 0.768750 0.517708 0.767969 0.518750 0.767969 0.519792 0.767188 0.520833 0.765625 0.520833 0.764844 0.520833 0.764062 0.519792 0.761719 0.519792 0.760938 0.519792 0.759375 0.521875 0.759375 0.522917 0.758594 0.523958 0.757812 0.523958 0.757031 0.525000 0.752344 0.525000 0.751563 0.525000 0.751563 0.523958 0.750781 0.522917 0.750000 0.522917 0.749219 0.522917 0.748437 0.521875 0.747656 0.521875 0.746875 0.520833 0.746094 0.519792 0.746094 0.517708 0.745313 0.516667 0.746094 0.515625 0.746094 0.514583 0.746875 0.513542 0.747656 0.512500 0.748437 0.512500 0.749219 0.511458 0.749219 0.510417 0.750000 0.510417 0.750781 0.510417 0.751563 0.509375 0.752344 0.508333 0.752344 0.506250 0.752344 0.505208 0.753125 0.504167 0.753125 0.501042 0.753906 0.500000 0.753906 0.496875 0.753906 0.495833 0.753125 0.494792 0.753125 0.493750 0.752344 0.492708 0.753906 0.490625
0 0.389062 0.492708 0.390625 0.492708 0.391406 0.492708 0.391406 0.493750 0.392188 0.494792 0.392188 0.496875 0.392969 0.497917 0.392969 0.501042 0.393750 0.502083 0.392969 0.502083 0.392188 0.503125 0.392188 0.504167 0.391406 0.505208 0.390625 0.505208 0.389844 0.506250 0.389062 0.506250 0.389062 0.505208 0.389062 0.504167 0.386719 0.501042 0.385937 0.500000 0.385156 0.500000 0.384375 0.498958 0.384375 0.497917 0.384375 0.496875 0.385156 0.495833 0.385937 0.494792 0.387500 0.494792 0.388281 0.494792 0.389062 0.493750 0.389062 0.492708
0 0.868750 0.495833 0.872656 0.495833 0.873437 0.495833 0.874219 0.496875 0.875000 0.496875 0.875781 0.496875 0.875781 0.501042 0.876563 0.502083 0.876563 0.507292 0.875781 0.508333 0.871094 0.508333 0.870313 0.509375 0.869531 0.508333 0.868750 0.508333 0.867969 0.507292 0.867188 0.507292 0.866406 0.506250 0.865625 0.505208 0.865625 0.503125 0.865625 0.502083 0.866406 0.501042 0.866406 0.500000 0.867188 0.498958 0.867188 0.497917 0.868750 0.495833
0 0.978906 0.495833 0.979688 0.495833 0.980469 0.495833 0.981250 0.496875 0.982031 0.497917 0.982031 0.498958 0.982812 0.500000 0.982812 0.501042 0.981250 0.503125 0.980469 0.504167 0.978906 0.502083 0.978125 0.502083 0.978125 0.500000 0.978125 0.498958 0.978906 0.497917 0.978906 0.495833
0 0.333594 0.498958 0.334375 0.498958 0.335156 0.498958 0.335938 0.500000 0.336719 0.500000 0.336719 0.501042 0.337500 0.502083 0.336719 0.502083 0.335938 0.503125 0.335156 0.504167 0.334375 0.504167 0.333594 0.504167 0.333594 0.503125 0.332813 0.502083 0.333594 0.501042 0.333594 0.498958
0 0.031250 0.500000 0.032031 0.501042 0.032813 0.501042 0.032813 0.502083 0.032813 0.503125 0.033594 0.504167 0.034375 0.504167 0.033594 0.505208 0.032813 0.506250 0.032031 0.506250 0.031250 0.507292 0.028125 0.507292 0.027344 0.507292 0.027344 0.505208 0.027344 0.504167 0.028125 0.503125 0.028906 0.502083 0.029687 0.502083 0.030469 0.502083 0.031250 0.501042 0.031250 0.500000
0 0.489063 0.501042 0.490625 0.501042 0.491406 0.502083 0.491406 0.503125 0.490625 0.504167 0.489844 0.505208 0.489063 0.505208 0.489063 0.503125 0.488281 0.502083 0.489063 0.501042
0 0.642969 0.503125 0.644531 0.503125 0.645312 0.503125 0.645312 0.505208 0.646094 0.506250 0.645312 0.506250 0.644531 0.507292 0.643750 0.507292 0.642969 0.506250 0.642969 0.503125
0 0.783594 0.503125 0.785156 0.503125 0.785937 0.503125 0.786719 0.504167 0.787500 0.504167 0.788281 0.505208 0.789062 0.506250 0.789844 0.506250 0.790625 0.507292 0.789844 0.507292 0.789062 0.508333 0.787500 0.508333 0.786719 0.508333 0.785937 0.509375 0.785156 0.509375 0.784375 0.508333 0.783594 0.508333 0.782813 0.507292 0.782813 0.505208 0.782813 0.504167 0.783594 0.503125
0 0.004687 0.507292 0.008594 0.507292 0.009375 0.507292 0.010156 0.508333 0.010937 0.508333 0.011719 0.509375 0.011719 0.511458 0.011719 0.512500 0.013281 0.514583 0.014063 0.515625 0.014063 0.518750 0.013281 0.519792 0.010156 0.519792 0.009375 0.519792 0.008594 0.520833 0.008594 0.521875 0.007812 0.522917 0.006250 0.522917 0.005469 0.522917 0.004687 0.521875 0.003906 0.520833 0.003906 0.519792 0.003125 0.518750 0.003125 0.517708 0.003125 0.516667 0.002344 0.515625 0.002344 0.514583 0.002344 0.513542 0.003125 0.512500 0.003906 0.511458 0.003906 0.509375 0.003906 0.508333 0.004687 0.507292
0 0.138281 0.513542 0.142187 0.513542 0.142969 0.513542 0.143750 0.514583 0.144531 0.514583 0.145313 0.514583 0.146094 0.515625 0.146875 0.515625 0.147656 0.516667 0.148438 0.516667 0.148438 0.517708 0.149219 0.518750 0.149219 0.519792 0.149219 0.520833 0.148438 0.521875 0.147656 0.522917 0.147656 0.523958 0.146875 0.525000 0.144531 0.525000 0.143750 0.526042 0.142969 0.525000 0.140625 0.525000 0.139844 0.525000 0.139063 0.526042 0.139063 0.527083 0.138281 0.528125 0.138281 0.529167 0.138281 0.530208 0.137500 0.531250 0.135937 0.531250 0.135156 0.531250 0.135156 0.529167 0.134375 0.528125 0.135937 0.526042 0.136719 0.525000 0.139063 0.525000 0.139844 0.523958 0.139844 0.520833 0.139844 0.519792 0.139063 0.518750 0.137500 0.518750 0.136719 0.518750 0.136719 0.516667 0.136719 0.515625 0.137500 0.515625 0.138281 0.514583 0.138281 0.513542
0 0.992188 0.522917 0.993750 0.522917 0.994531 0.522917 0.996094 0.525000 0.996094 0.526042 0.995313 0.527083 0.994531 0.527083 0.992969 0.529167 0.992188 0.530208 0.991406 0.530208 0.990625 0.530208 0.989844 0.529167 0.990625 0.528125 0.990625 0.526042 0.990625 0.525000 0.992188 0.522917
0 0.992969 0.522917 0.993750 0.522917 0.994531 0.522917 0.996094 0.525000 0.996094 0.526042 0.995313 0.527083 0.994531 0.527083 0.992969 0.529167 0.992188 0.530208 0.991406 0.530208 0.990625 0.530208 0.989844 0.529167 0.990625 0.528125 0.990625 0.526042 0.990625 0.525000 0.991406 0.523958 0.992188 0.522917 0.992969 0.522917
0 0.021094 0.523958 0.021875 0.523958 0.022656 0.523958 0.022656 0.525000 0.024219 0.527083 0.024219 0.528125 0.023438 0.529167 0.022656 0.530208 0.022656 0.531250 0.022656 0.532292 0.021875 0.533333 0.021094 0.533333 0.020313 0.534375 0.019531 0.534375 0.018750 0.533333 0.018750 0.527083 0.018750 0.526042 0.019531 0.526042 0.020313 0.526042 0.021094 0.525000 0.021094 0.523958
0 0.637500 0.528125 0.638281 0.528125 0.639062 0.528125 0.639844 0.529167 0.640625 0.529167 0.640625 0.530208 0.639844 0.531250 0.639844 0.532292 0.639844 0.533333 0.639062 0.534375 0.639062 0.535417 0.638281 0.534375 0.638281 0.532292 0.637500 0.531250 0.637500 0.528125
0 0.329688 0.530208 0.332813 0.530208 0.333594 0.530208 0.334375 0.531250 0.335156 0.531250 0.335156 0.532292 0.335156 0.533333 0.336719 0.535417 0.337500 0.536458 0.337500 0.537500 0.337500 0.538542 0.336719 0.539583 0.335938 0.539583 0.335156 0.539583 0.334375 0.540625 0.333594 0.540625 0.332813 0.541667 0.332813 0.543750 0.332813 0.544792 0.332031 0.545833 0.332031 0.546875 0.331250 0.547917 0.328906 0.547917 0.328125 0.548958 0.325781 0.545833 0.325000 0.544792 0.325000 0.541667 0.325000 0.540625 0.325781 0.539583 0.326562 0.538542 0.326562 0.535417 0.326562 0.534375 0.327344 0.534375 0.328125 0.533333 0.328125 0.532292 0.328125 0.531250 0.328906 0.531250 0.329688 0.530208
0 0.346875 0.530208 0.347656 0.530208 0.348438 0.530208 0.350000 0.532292 0.350781 0.532292 0.350781 0.535417 0.350781 0.536458 0.350000 0.537500 0.350000 0.538542 0.350000 0.539583 0.349219 0.540625 0.349219 0.541667 0.349219 0.542708 0.348438 0.543750 0.347656 0.544792 0.346875 0.544792 0.346094 0.544792 0.345313 0.543750 0.345313 0.540625 0.345313 0.539583 0.344531 0.538542 0.343750 0.538542 0.342969 0.538542 0.342969 0.534375 0.342187 0.533333 0.342969 0.532292 0.343750 0.532292 0.344531 0.532292 0.345313 0.531250 0.346094 0.531250 0.346875 0.530208
0 0.932813 0.532292 0.939063 0.532292 0.939844 0.532292 0.940625 0.533333 0.941406 0.533333 0.941406 0.534375 0.941406 0.535417 0.940625 0.536458 0.939063 0.536458 0.938281 0.535417 0.935937 0.535417 0.935156 0.535417 0.934375 0.536458 0.932813 0.536458 0.932031 0.536458 0.932031 0.535417 0.932031 0.534375 0.932813 0.533333 0.932813 0.532292
0 0.035937 0.534375 0.038281 0.534375 0.039062 0.535417 0.042188 0.535417 0.042969 0.535417 0.042969 0.536458 0.042188 0.537500 0.042188 0.541667 0.042188 0.542708 0.041406 0.543750 0.041406 0.544792 0.040625 0.545833 0.039844 0.545833 0.039062 0.546875 0.038281 0.547917 0.037500 0.546875 0.037500 0.541667 0.037500 0.540625 0.036719 0.539583 0.035937 0.539583 0.035156 0.539583 0.035156 0.536458 0.035156 0.535417 0.035937 0.534375
0 0.225000 0.534375 0.225781 0.534375 0.226562 0.534375 0.226562 0.537500 0.225781 0.538542 0.225000 0.538542 0.224219 0.537500 0.224219 0.536458 0.223438 0.535417 0.224219 0.535417 0.225000 0.534375
0 0.232031 0.536458 0.233594 0.536458 0.234375 0.536458 0.235156 0.537500 0.235156 0.538542 0.235937 0.539583 0.236719 0.539583 0.236719 0.542708 0.236719 0.543750 0.237500 0.544792 0.237500 0.547917 0.238281 0.548958 0.238281 0.550000 0.237500 0.551042 0.237500 0.553125 0.236719 0.554167 0.236719 0.556250 0.235937 0.557292 0.234375 0.557292 0.233594 0.557292 0.233594 0.556250 0.233594 0.555208 0.232813 0.554167 0.231250 0.554167 0.230469 0.554167 0.229687 0.553125 0.229687 0.552083 0.229687 0.551042 0.228906 0.550000 0.228906 0.547917 0.228125 0.546875 0.228125 0.539583 0.228125 0.538542 0.229687 0.538542 0.230469 0.538542 0.232031 0.536458
0 0.671875 0.540625 0.672656 0.541667 0.674219 0.541667 0.675000 0.542708 0.675000 0.543750 0.675000 0.544792 0.674219 0.545833 0.674219 0.546875 0.671875 0.550000 0.671094 0.550000 0.670312 0.548958 0.670312 0.547917 0.670312 0.546875 0.671094 0.545833 0.671094 0.543750 0.671094 0.542708 0.671875 0.541667 0.671875 0.540625
0 0.603906 0.545833 0.604688 0.546875 0.605469 0.546875 0.606250 0.546875 0.607031 0.547917 0.607031 0.548958 0.606250 0.550000 0.605469 0.550000 0.604688 0.548958 0.603906 0.548958 0.603906 0.545833
0 0.071875 0.547917 0.073438 0.547917 0.074219 0.547917 0.074831 0.549545 0.074758 0.552054 0.073438 0.551042 0.072656 0.552083 0.071094 0.552083 0.070312 0.552083 0.070312 0.551042 0.070312 0.550000 0.071875 0.547917
0 0.926562 0.550000 0.929688 0.550000 0.930469 0.550000 0.930469 0.551042 0.930469 0.552083 0.929688 0.553125 0.928906 0.554167 0.928125 0.554167 0.927344 0.554167 0.927344 0.552083 0.927344 0.551042 0.926562 0.550000
0 0.890625 0.556250 0.895312 0.556250 0.896094 0.557292 0.896094 0.558333 0.896875 0.559375 0.896875 0.560417 0.897656 0.561458 0.896875 0.562500 0.896875 0.563542 0.896094 0.564583 0.895312 0.565625 0.894531 0.565625 0.893750 0.564583 0.892969 0.564583 0.892188 0.563542 0.891406 0.563542 0.890625 0.562500 0.889844 0.562500 0.889844 0.559375 0.889844 0.558333 0.890625 0.557292 0.890625 0.556250
0 0.071094 0.558333 0.072656 0.558333 0.073438 0.558333 0.074219 0.559375 0.075000 0.559375 0.075781 0.560417 0.075781 0.561458 0.076563 0.562500 0.076563 0.563542 0.075781 0.564583 0.075000 0.565625 0.075000 0.567708 0.075000 0.568750 0.074219 0.569792 0.073438 0.570833 0.071094 0.570833 0.070312 0.569792 0.069359 0.568427 0.069286 0.566701 0.069531 0.564583 0.068750 0.563542 0.068750 0.562500 0.067969 0.561458 0.068750 0.560417 0.068750 0.559375 0.069531 0.559375 0.070312 0.559375 0.071094 0.558333
0 0.340625 0.561458 0.341406 0.562500 0.342187 0.562500 0.342969 0.562500 0.342969 0.563542 0.342969 0.564583 0.343750 0.565625 0.343750 0.566667 0.344531 0.567708 0.343750 0.568750 0.342969 0.569792 0.340625 0.569792 0.339844 0.569792 0.339062 0.570833 0.338281 0.570833 0.337500 0.569792 0.337500 0.565625 0.337500 0.564583 0.338281 0.563542 0.338281 0.562500 0.339062 0.562500 0.339844 0.562500 0.340625 0.561458
0 0.832031 0.561458 0.832812 0.561458 0.833594 0.561458 0.834375 0.562500 0.835156 0.562500 0.835156 0.563542 0.835938 0.564583 0.836719 0.564583 0.836719 0.565625 0.835938 0.566667 0.835156 0.567708 0.832031 0.567708 0.831250 0.567708 0.831250 0.566667 0.830469 0.565625 0.831250 0.565625 0.832031 0.564583 0.832031 0.561458
0 0.121875 0.566667 0.122656 0.567708 0.122656 0.568750 0.124219 0.570833 0.125000 0.571875 0.127344 0.571875 0.128125 0.571875 0.128125 0.573958 0.128125 0.575000 0.126562 0.577083 0.125781 0.578125 0.125781 0.580208 0.125781 0.581250 0.125000 0.582292 0.124219 0.582292 0.123438 0.583333 0.123438 0.584375 0.122656 0.585417 0.121094 0.585417 0.120313 0.584375 0.110937 0.584375 0.110156 0.584375 0.109375 0.585417 0.108594 0.585417 0.107813 0.585417 0.107813 0.584375 0.107031 0.583333 0.105469 0.583333 0.104688 0.583333 0.103906 0.582292 0.101562 0.582292 0.100781 0.582292 0.100000 0.581250 0.099219 0.581250 0.098437 0.581250 0.098437 0.580208 0.097656 0.579167 0.097656 0.575000 0.097656 0.573958 0.098437 0.572917 0.099219 0.572917 0.100000 0.571875 0.100781 0.570833 0.104688 0.570833 0.105469 0.570833 0.106250 0.571875 0.108594 0.571875 0.109375 0.571875 0.110156 0.570833 0.110156 0.569792 0.110937 0.569792 0.111719 0.568750 0.112500 0.568750 0.113281 0.567708 0.120313 0.567708 0.121094 0.567708 0.121875 0.566667
0 0.785937 0.571875 0.788281 0.571875 0.789062 0.572917 0.788281 0.573958 0.787500 0.575000 0.787500 0.582292 0.787500 0.583333 0.786719 0.584375 0.786719 0.585417 0.785156 0.587500 0.784375 0.587500 0.784375 0.586458 0.784375 0.585417 0.783594 0.584375 0.782813 0.583333 0.780469 0.583333 0.779687 0.583333 0.779687 0.582292 0.778906 0.581250 0.779687 0.580208 0.779687 0.578125 0.779687 0.577083 0.780469 0.577083 0.781250 0.576042 0.782031 0.576042 0.782813 0.575000 0.783594 0.573958 0.784375 0.573958 0.785156 0.573958 0.785937 0.572917 0.785937 0.571875
0 0.423438 0.573958 0.425000 0.573958 0.425781 0.573958 0.425781 0.575000 0.426563 0.576042 0.425781 0.576042 0.425000 0.577083 0.425000 0.579167 0.424219 0.580208 0.423438 0.580208 0.422656 0.580208 0.422656 0.579167 0.421875 0.578125 0.422656 0.577083 0.422656 0.576042 0.422656 0.575000 0.423438 0.573958
0 0.652344 0.577083 0.653125 0.578125 0.653906 0.578125 0.654687 0.579167 0.654687 0.580208 0.655469 0.581250 0.654687 0.582292 0.654687 0.583333 0.653906 0.584375 0.653906 0.585417 0.653125 0.584375 0.653125 0.583333 0.653125 0.582292 0.652344 0.581250 0.651563 0.581250 0.650781 0.581250 0.650781 0.579167 0.650781 0.578125 0.651563 0.578125 0.652344 0.577083
0 0.164062 0.581250 0.164844 0.582292 0.166406 0.582292 0.167187 0.582292 0.167187 0.583333 0.166406 0.584375 0.166406 0.588542 0.166406 0.589583 0.165625 0.590625 0.164844 0.591667 0.164062 0.591667 0.163281 0.591667 0.162500 0.590625 0.163281 0.589583 0.163281 0.584375 0.163281 0.583333 0.164062 0.582292 0.164062 0.581250
0 0.914062 0.585417 0.914844 0.586458 0.915625 0.586458 0.917188 0.588542 0.917188 0.589583 0.919531 0.592708 0.919531 0.593750 0.918750 0.594792 0.917969 0.595833 0.916406 0.595833 0.915625 0.595833 0.914844 0.596875 0.914062 0.596875 0.913281 0.597917 0.912500 0.597917 0.911719 0.598958 0.910937 0.598958 0.910156 0.598958 0.909375 0.597917 0.908594 0.596875 0.908594 0.591667 0.908594 0.590625 0.909375 0.589583 0.910156 0.589583 0.911719 0.587500 0.912500 0.586458 0.913281 0.586458 0.914062 0.585417
0 0.417187 0.586458 0.418750 0.586458 0.419531 0.586458 0.420312 0.587500 0.420312 0.588542 0.420312 0.589583 0.419531 0.590625 0.419531 0.591667 0.418750 0.592708 0.417969 0.592708 0.417187 0.593750 0.416406 0.594792 0.415625 0.594792 0.414844 0.595833 0.414062 0.595833 0.413281 0.594792 0.412500 0.593750 0.412500 0.591667 0.411719 0.590625 0.412500 0.589583 0.412500 0.588542 0.413281 0.587500 0.415625 0.587500 0.416406 0.587500 0.417187 0.586458
0 0.662500 0.586458 0.664844 0.586458 0.665625 0.586458 0.665625 0.589583 0.665625 0.590625 0.664062 0.592708 0.663281 0.593750 0.662500 0.593750 0.660156 0.596875 0.659375 0.596875 0.659375 0.591667 0.658594 0.590625 0.659375 0.590625 0.660156 0.589583 0.660937 0.589583 0.661719 0.589583 0.662500 0.588542 0.662500 0.586458
0 0.825000 0.587500 0.825781 0.588542 0.826562 0.588542 0.827344 0.589583 0.828125 0.589583 0.828906 0.590625 0.829688 0.590625 0.830469 0.590625 0.830469 0.591667 0.830469 0.592708 0.829688 0.593750 0.828906 0.593750 0.825781 0.597917 0.825781 0.598958 0.825000 0.600000 0.824219 0.600000 0.823438 0.601042 0.823438 0.602083 0.823438 0.597917 0.823438 0.596875 0.822656 0.595833 0.822656 0.593750 0.821875 0.592708 0.821875 0.589583 0.821875 0.588542 0.823438 0.588542 0.824219 0.588542 0.825000 0.587500
0 0.254688 0.591667 0.257812 0.591667 0.258594 0.591667 0.258594 0.593750 0.259375 0.594792 0.258594 0.595833 0.258594 0.596875 0.257812 0.595833 0.257031 0.594792 0.254688 0.594792 0.253906 0.594792 0.253125 0.593750 0.254688 0.591667
0 0.387500 0.593750 0.390625 0.593750 0.391406 0.593750 0.392188 0.594792 0.392969 0.595833 0.392969 0.596875 0.392969 0.597917 0.392188 0.598958 0.389844 0.598958 0.389062 0.598958 0.388281 0.600000 0.387500 0.601042 0.386719 0.601042 0.385937 0.602083 0.385156 0.602083 0.384375 0.601042 0.384375 0.600000 0.383594 0.598958 0.384375 0.598958 0.386719 0.595833 0.387500 0.594792 0.387500 0.593750
0 0.595313 0.595833 0.596875 0.595833 0.597656 0.595833 0.598437 0.596875 0.599219 0.596875 0.598437 0.596875 0.597656 0.597917 0.597656 0.600000 0.596875 0.601042 0.596094 0.601042 0.595313 0.600000 0.594531 0.600000 0.594531 0.597917 0.594531 0.596875 0.595313 0.595833
0 0.623437 0.595833 0.625781 0.595833 0.626563 0.595833 0.626563 0.596875 0.626563 0.597917 0.625781 0.598958 0.625000 0.600000 0.622656 0.600000 0.621875 0.601042 0.621875 0.600000 0.621094 0.598958 0.621875 0.598958 0.622656 0.597917 0.622656 0.596875 0.623437 0.595833
0 0.790625 0.596875 0.791406 0.597917 0.792188 0.597917 0.792969 0.598958 0.792188 0.598958 0.791406 0.600000 0.789844 0.600000 0.789062 0.600000 0.789062 0.598958 0.788281 0.597917 0.789062 0.597917 0.789844 0.597917 0.790625 0.596875
0 0.164844 0.598958 0.165625 0.598958 0.166406 0.598958 0.166406 0.600000 0.166406 0.601042 0.165625 0.602083 0.165625 0.603125 0.164844 0.604167 0.163281 0.604167 0.162500 0.604167 0.162500 0.602083 0.162500 0.601042 0.163281 0.601042 0.164844 0.598958
0 0.221875 0.635417 0.221875 0.632292 0.221094 0.631250 0.221094 0.630208 0.220312 0.629167 0.220312 0.623958 0.219531 0.622917 0.219531 0.619792 0.217969 0.617708 0.217969 0.616667 0.216406 0.614583 0.216406 0.613542 0.214844 0.611458 0.214062 0.611458 0.213281 0.610417 0.213281 0.608333 0.212500 0.607292 0.212500 0.605208 0.211719 0.604167 0.211719 0.603125 0.210938 0.602083 0.210938 0.601042 0.208594 0.601042 0.207031 0.603125 0.206250 0.603125 0.206250 0.604167 0.205469 0.605208 0.204687 0.605208 0.203906 0.606250 0.203906 0.607292 0.203125 0.608333 0.203125 0.609375 0.201563 0.611458 0.201563 0.612500 0.199219 0.615625 0.199219 0.616667 0.192188 0.626042 0.192188 0.631250 0.192188 0.635417 0.192969 0.636458 0.193750 0.636458 0.194531 0.637500 0.195312 0.637500 0.202344 0.646875 0.202344 0.647917 0.203125 0.648958 0.203125 0.650000 0.203906 0.651042 0.203906 0.653516 0.205871 0.653516 0.205871 0.653129 0.205993 0.653129 0.205993 0.653516 0.207519 0.653516 0.207813 0.653125 0.210938 0.653125 0.214844 0.647917 0.215625 0.647917 0.216406 0.646875 0.216406 0.644792 0.218750 0.641667 0.218750 0.639583
0 0.528125 0.605208 0.528906 0.606250 0.529687 0.606250 0.530469 0.606250 0.530469 0.607292 0.531250 0.608333 0.530469 0.609375 0.530469 0.610417 0.529687 0.611458 0.528906 0.611458 0.528125 0.610417 0.527344 0.610417 0.527344 0.607292 0.527344 0.606250 0.528125 0.605208
0 0.264062 0.610417 0.265625 0.610417 0.266406 0.611458 0.266406 0.616667 0.266406 0.617708 0.267188 0.618750 0.267969 0.618750 0.268750 0.619792 0.269531 0.619792 0.267969 0.619792 0.267188 0.620833 0.263281 0.620833 0.262500 0.620833 0.262500 0.616667 0.261719 0.615625 0.263281 0.613542 0.264062 0.612500 0.264062 0.610417
0 0.147656 0.614583 0.150000 0.614583 0.150781 0.614583 0.152344 0.616667 0.153125 0.617708 0.153125 0.618750 0.153906 0.619792 0.153906 0.621875 0.153906 0.622917 0.152344 0.625000 0.151562 0.626042 0.148438 0.626042 0.147656 0.626042 0.146875 0.625000 0.146094 0.623958 0.146094 0.621875 0.146094 0.620833 0.146875 0.619792 0.146875 0.616667 0.146875 0.615625 0.147656 0.614583
0 0.476562 0.614583 0.482812 0.614583 0.483594 0.614583 0.483594 0.621875 0.483594 0.622917 0.484375 0.623958 0.484375 0.625000 0.483594 0.626042 0.483594 0.627083 0.482812 0.628125 0.482031 0.628125 0.481250 0.629167 0.480469 0.630208 0.479687 0.630208 0.478906 0.631250 0.477344 0.631250 0.476562 0.631250 0.475781 0.632292 0.474219 0.632292 0.473438 0.632292 0.472656 0.631250 0.472656 0.629167 0.472656 0.628125 0.471875 0.627083 0.471094 0.627083 0.471094 0.621875 0.471094 0.620833 0.470313 0.619792 0.469531 0.619792 0.468750 0.619792 0.472656 0.619792 0.473438 0.619792 0.474219 0.618750 0.475000 0.617708 0.475000 0.616667 0.475000 0.615625 0.475781 0.615625 0.476562 0.614583
0 0.079687 0.616667 0.085156 0.616667 0.085938 0.616667 0.086719 0.617708 0.087500 0.617708 0.088281 0.618750 0.089063 0.618750 0.089063 0.619792 0.089844 0.620833 0.089844 0.622917 0.089844 0.623958 0.090625 0.625000 0.090625 0.626042 0.089063 0.628125 0.088281 0.629167 0.087500 0.629167 0.086719 0.630208 0.085938 0.629167 0.084375 0.629167 0.083594 0.629167 0.082812 0.628125 0.082812 0.627083 0.082812 0.626042 0.082031 0.625000 0.081250 0.625000 0.081250 0.623958 0.080469 0.622917 0.079687 0.621875 0.079687 0.619792 0.078906 0.618750 0.079687 0.617708 0.079687 0.616667
0 0.917188 0.620833 0.917969 0.620833 0.918750 0.620833 0.919531 0.621875 0.919531 0.622917 0.920312 0.623958 0.919990 0.625618 0.918100 0.627963 0.915878 0.626915 0.914114 0.624214 0.915358 0.622131 0.916406 0.621875 0.917188 0.620833
0 0.976562 0.620833 0.977344 0.620833 0.978125 0.620833 0.978906 0.621875 0.979688 0.621875 0.979688 0.625000 0.978906 0.626042 0.978125 0.626042 0.977344 0.626042 0.977344 0.625000 0.977344 0.623958 0.976562 0.622917 0.976562 0.620833
0 0.604688 0.625000 0.606250 0.625000 0.607031 0.625000 0.607031 0.626042 0.607031 0.627083 0.607812 0.628125 0.607812 0.629167 0.607031 0.630208 0.606250 0.630208 0.605469 0.631250 0.603906 0.631250 0.603125 0.630208 0.601562 0.632292 0.601562 0.633333 0.600781 0.632292 0.600781 0.631250 0.600000 0.630208 0.602344 0.630208 0.603125 0.630208 0.603906 0.629167 0.603906 0.628125 0.603906 0.627083 0.604688 0.626042 0.604688 0.625000
0 0.303906 0.629167 0.306250 0.629167 0.307031 0.630208 0.310156 0.630208 0.310937 0.630208 0.310937 0.631250 0.310937 0.632292 0.311719 0.633333 0.312500 0.633333 0.314063 0.635417 0.314063 0.636458 0.312500 0.638542 0.311719 0.639583 0.310937 0.639583 0.310156 0.640625 0.309375 0.641667 0.308594 0.641667 0.307812 0.640625 0.307031 0.640625 0.306250 0.640625 0.306250 0.639583 0.305469 0.638542 0.303906 0.638542 0.303125 0.637500 0.303125 0.632292 0.303125 0.631250 0.303906 0.630208 0.303906 0.629167
0 0.113281 0.631250 0.114062 0.632292 0.114844 0.632292 0.115625 0.633333 0.117188 0.633333 0.117969 0.633333 0.118750 0.632292 0.121094 0.632292 0.121875 0.632292 0.123438 0.634375 0.124219 0.634375 0.123438 0.635417 0.123438 0.636458 0.123438 0.637500 0.122656 0.638542 0.121875 0.639583 0.121875 0.645833 0.121875 0.646875 0.122656 0.647917 0.122656 0.648958 0.123438 0.650000 0.124219 0.650000 0.124219 0.651042 0.124219 0.652083 0.123438 0.653125 0.122656 0.653125 0.121875 0.652083 0.117969 0.652083 0.117188 0.652083 0.116406 0.653125 0.116406 0.656250 0.116406 0.657292 0.117188 0.658333 0.117969 0.658333 0.117188 0.658333 0.116406 0.659375 0.115625 0.660417 0.114844 0.660417 0.114062 0.660417 0.112500 0.658333 0.111719 0.657292 0.111719 0.656250 0.110937 0.655208 0.110937 0.652083 0.110156 0.651042 0.105469 0.651042 0.104688 0.650000 0.104688 0.644792 0.104688 0.643750 0.105469 0.642708 0.105469 0.641667 0.106250 0.640625 0.106250 0.636458 0.106250 0.635417 0.107031 0.635417 0.107813 0.634375 0.107813 0.633333 0.107813 0.632292 0.111719 0.632292 0.112500 0.632292 0.113281 0.631250
0 0.275781 0.632292 0.276562 0.632292 0.277344 0.632292 0.278125 0.633333 0.278906 0.634375 0.278906 0.635417 0.279687 0.636458 0.279687 0.637500 0.278906 0.638542 0.278125 0.639583 0.277344 0.639583 0.276562 0.638542 0.275781 0.638542 0.275000 0.637500 0.275781 0.636458 0.275781 0.632292
0 0.171094 0.638542 0.172656 0.638542 0.173437 0.638542 0.173437 0.639583 0.174219 0.640625 0.174219 0.644792 0.174219 0.645833 0.175000 0.646875 0.175781 0.646875 0.176563 0.646875 0.177344 0.647917 0.177344 0.648958 0.177344 0.650000 0.176563 0.651042 0.175781 0.651042 0.175000 0.651042 0.174219 0.650000 0.172656 0.650000 0.171875 0.650000 0.171094 0.651042 0.171094 0.652083 0.170313 0.653125 0.169531 0.653125 0.168750 0.654167 0.167969 0.655208 0.167969 0.657292 0.167969 0.658333 0.165625 0.661458 0.164844 0.662500 0.164062 0.662500 0.163281 0.662500 0.160156 0.658333 0.159375 0.658333 0.159375 0.657292 0.159375 0.656250 0.158594 0.655208 0.157812 0.655208 0.157812 0.654167 0.157031 0.653125 0.157031 0.651042 0.156250 0.650000 0.157031 0.648958 0.157812 0.648958 0.158594 0.647917 0.158594 0.646875 0.159375 0.645833 0.160156 0.644792 0.161719 0.644792 0.162500 0.644792 0.163281 0.643750 0.164062 0.643750 0.164844 0.642708 0.165625 0.641667 0.167187 0.641667 0.167969 0.641667 0.168750 0.640625 0.169531 0.640625 0.171094 0.638542
0 0.339844 0.640625 0.341406 0.640625 0.342187 0.640625 0.342969 0.641667 0.342969 0.642708 0.342969 0.643750 0.342187 0.644792 0.340625 0.644792 0.339844 0.644792 0.339062 0.643750 0.339062 0.642708 0.339062 0.641667 0.339844 0.640625
0 0.540625 0.640625 0.542188 0.640625 0.542969 0.640625 0.543750 0.641667 0.544531 0.641667 0.545312 0.642708 0.546094 0.643750 0.546094 0.644792 0.546094 0.645833 0.545312 0.646875 0.545312 0.647917 0.543750 0.650000 0.542969 0.651042 0.541406 0.651042 0.540625 0.651042 0.539844 0.650000 0.539062 0.648958 0.539062 0.643750 0.539062 0.642708 0.540625 0.640625
0 0.603125 0.640625 0.604688 0.640625 0.605469 0.640625 0.606250 0.641667 0.607031 0.641667 0.606250 0.642708 0.606250 0.643750 0.606250 0.644792 0.605469 0.645833 0.602344 0.645833 0.601562 0.645833 0.600781 0.646875 0.600000 0.646875 0.600000 0.643750 0.600000 0.642708 0.601562 0.642708 0.602344 0.642708 0.603125 0.641667 0.603125 0.640625
0 0.507812 0.641667 0.508594 0.641667 0.509375 0.641667 0.509375 0.645833 0.510156 0.646875 0.509375 0.646875 0.508594 0.647917 0.507812 0.648958 0.507812 0.650000 0.507812 0.651042 0.507812 0.647917 0.507812 0.646875 0.507031 0.645833 0.504687 0.645833 0.503906 0.645833 0.503906 0.644792 0.503906 0.643750 0.505469 0.643750 0.506250 0.643750 0.507812 0.641667
0 0.409375 0.643750 0.410156 0.644792 0.410938 0.644792 0.411719 0.645833 0.410938 0.646875 0.410156 0.647917 0.409375 0.647917 0.408594 0.648958 0.407813 0.648958 0.407031 0.648958 0.407031 0.647917 0.407031 0.646875 0.409375 0.643750
0 0.733594 0.644792 0.734375 0.644792 0.735156 0.644792 0.735156 0.647917 0.735938 0.648958 0.735156 0.650000 0.735156 0.653125 0.734375 0.654167 0.733594 0.654167 0.732812 0.654167 0.732031 0.653125 0.731250 0.652083 0.730469 0.652083 0.729688 0.651042 0.729688 0.648958 0.729688 0.647917 0.730469 0.647917 0.731250 0.647917 0.733594 0.644792
0 0.140625 0.656250 0.141406 0.657292 0.142187 0.657292 0.142969 0.657292 0.143750 0.658333 0.144531 0.659375 0.144531 0.662500 0.144531 0.663542 0.145313 0.664583 0.146094 0.665625 0.146094 0.666667 0.145313 0.667708 0.142969 0.667708 0.142187 0.667708 0.141406 0.666667 0.140625 0.665625 0.139844 0.665625 0.139063 0.665625 0.138281 0.664583 0.137500 0.664583 0.136719 0.664583 0.136719 0.660417 0.136719 0.659375 0.137500 0.658333 0.137500 0.657292 0.139063 0.657292 0.139844 0.657292 0.140625 0.656250
0 0.809375 0.659375 0.810156 0.659375 0.810937 0.659375 0.810937 0.660417 0.811719 0.661458 0.812500 0.661458 0.813281 0.661458 0.813281 0.662500 0.813281 0.663542 0.812500 0.664583 0.811719 0.665625 0.810937 0.665625 0.810156 0.666667 0.809375 0.667708 0.808594 0.667708 0.807813 0.667708 0.807813 0.664583 0.807031 0.663542 0.807813 0.663542 0.808594 0.662500 0.808594 0.661458 0.809375 0.660417 0.809375 0.659375
0 0.898438 0.660417 0.900781 0.660417 0.901563 0.660417 0.901563 0.663542 0.901563 0.664583 0.900781 0.665625 0.900000 0.666667 0.897656 0.666667 0.896875 0.665625 0.896875 0.663542 0.896875 0.662500 0.898438 0.660417
0 0.910937 0.662500 0.912500 0.662500 0.913281 0.662500 0.913281 0.663542 0.914844 0.665625 0.915625 0.666667 0.916406 0.666667 0.917188 0.667708 0.917188 0.668750 0.917188 0.669792 0.916406 0.670833 0.915625 0.671875 0.914062 0.671875 0.913281 0.672917 0.910156 0.668750 0.909375 0.667708 0.909375 0.666667 0.909375 0.665625 0.910156 0.664583 0.910156 0.663542 0.910937 0.662500
0 0.339844 0.664583 0.342969 0.664583 0.343750 0.665625 0.343750 0.666667 0.344531 0.667708 0.344531 0.668750 0.344531 0.669792 0.343750 0.670833 0.342969 0.671875 0.340625 0.671875 0.339844 0.671875 0.339062 0.670833 0.338281 0.669792 0.338281 0.667708 0.338281 0.666667 0.339062 0.666667 0.339844 0.665625 0.339844 0.664583
0 0.609375 0.667708 0.610156 0.667708 0.610938 0.667708 0.611719 0.668750 0.612500 0.668750 0.612500 0.669792 0.610938 0.671875 0.610156 0.672917 0.609375 0.671875 0.609375 0.667708
0 0.572656 0.670833 0.574219 0.670833 0.575000 0.670833 0.578125 0.675000 0.578906 0.675000 0.578906 0.676042 0.578906 0.677083 0.579688 0.678125 0.579688 0.679167 0.578906 0.680208 0.577344 0.680208 0.576562 0.680208 0.575781 0.679167 0.575000 0.679167 0.574219 0.679167 0.573438 0.678125 0.572656 0.678125 0.572656 0.677083 0.571875 0.676042 0.571094 0.676042 0.571094 0.673958 0.571094 0.672917 0.571875 0.672917 0.572656 0.671875 0.572656 0.670833
0 0.032031 0.671875 0.032813 0.671875 0.033594 0.671875 0.033594 0.673958 0.033594 0.675000 0.032813 0.676042 0.032031 0.676042 0.031250 0.677083 0.030469 0.677083 0.030469 0.675000 0.030469 0.673958 0.032031 0.671875
0 0.131250 0.682292 0.132031 0.683333 0.132812 0.683333 0.132812 0.685417 0.132812 0.686458 0.133594 0.687500 0.134375 0.687500 0.133594 0.688542 0.133594 0.689583 0.133594 0.688542 0.132812 0.687500 0.132031 0.688542 0.131250 0.688542 0.131250 0.687500 0.130469 0.686458 0.131250 0.685417 0.131250 0.682292
0 0.670312 0.683333 0.672656 0.683333 0.673438 0.683333 0.674219 0.684375 0.675000 0.684375 0.675781 0.685417 0.675781 0.686458 0.676562 0.687500 0.676562 0.692708 0.676562 0.693750 0.675781 0.694792 0.675000 0.694792 0.674219 0.694792 0.673438 0.695833 0.672656 0.695833 0.671875 0.696875 0.671094 0.696875 0.670312 0.697917 0.669531 0.697917 0.668750 0.698958 0.668750 0.700000 0.668750 0.694792 0.667969 0.693750 0.667969 0.687500 0.667969 0.686458 0.668750 0.685417 0.669531 0.685417 0.670312 0.684375 0.670312 0.683333
0 0.582812 0.686458 0.583594 0.686458 0.584375 0.686458 0.584375 0.689583 0.585156 0.690625 0.584375 0.690625 0.583594 0.691667 0.583594 0.692708 0.582812 0.691667 0.582812 0.686458
0 0.310156 0.687500 0.310937 0.688542 0.311719 0.688542 0.312500 0.689583 0.313281 0.689583 0.314063 0.690625 0.314844 0.690625 0.315625 0.691667 0.316406 0.691667 0.317188 0.692708 0.317969 0.693750 0.317969 0.694792 0.318750 0.695833 0.317969 0.696875 0.317969 0.697917 0.317188 0.698958 0.316406 0.700000 0.311719 0.700000 0.310937 0.700000 0.310156 0.698958 0.309375 0.698958 0.309375 0.697917 0.308594 0.696875 0.308594 0.694792 0.308594 0.693750 0.309375 0.692708 0.309375 0.690625 0.309375 0.689583 0.310156 0.688542 0.310156 0.687500
0 0.066406 0.700000 0.067187 0.701042 0.069531 0.701042 0.070312 0.701042 0.071094 0.702083 0.071875 0.702083 0.072656 0.702083 0.073438 0.703125 0.074219 0.703125 0.075000 0.704167 0.075000 0.705208 0.074219 0.706250 0.074219 0.708333 0.074219 0.709375 0.072656 0.711458 0.072656 0.712500 0.071875 0.713542 0.071094 0.713542 0.070312 0.714583 0.069531 0.713542 0.069531 0.712500 0.068750 0.711458 0.067969 0.711458 0.067187 0.711458 0.066406 0.710417 0.065625 0.710417 0.065625 0.703125 0.065625 0.702083 0.066406 0.701042 0.066406 0.700000
0 0.692969 0.703125 0.698438 0.703125 0.699219 0.703125 0.700000 0.704167 0.700781 0.705208 0.700781 0.706250 0.700781 0.707292 0.699219 0.709375 0.698438 0.710417 0.695312 0.710417 0.694531 0.710417 0.694531 0.709375 0.693750 0.708333 0.692969 0.708333 0.692969 0.703125
0 0.835938 0.703125 0.837500 0.703125 0.838281 0.703125 0.838281 0.704167 0.838281 0.705208 0.837500 0.706250 0.836719 0.707292 0.835938 0.707292 0.835938 0.705208 0.835156 0.704167 0.835938 0.703125
0 0.439063 0.708333 0.439844 0.708333 0.440625 0.708333 0.440625 0.709375 0.441406 0.710417 0.442188 0.711458 0.442969 0.711458 0.443750 0.711458 0.442969 0.711458 0.442188 0.712500 0.441406 0.713542 0.440625 0.713542 0.439844 0.714583 0.439063 0.714583 0.439063 0.713542 0.438281 0.712500 0.439063 0.711458 0.439063 0.708333
0 0.183594 0.711458 0.185156 0.711458 0.185938 0.712500 0.185938 0.713542 0.185156 0.714583 0.184375 0.714583 0.183594 0.715625 0.182812 0.715625 0.182812 0.713542 0.182031 0.712500 0.182812 0.712500 0.183594 0.711458
0 0.271094 0.715625 0.271875 0.716667 0.272656 0.716667 0.272656 0.717708 0.271875 0.718750 0.271094 0.719792 0.270313 0.719792 0.269531 0.719792 0.268750 0.718750 0.271094 0.715625
0 0.500781 0.718750 0.501563 0.719792 0.502344 0.720833 0.505469 0.720833 0.506250 0.720833 0.506250 0.722917 0.505469 0.723958 0.503906 0.723958 0.503125 0.722917 0.497656 0.722917 0.496875 0.722917 0.496875 0.721875 0.496094 0.720833 0.495312 0.720833 0.494531 0.720833 0.496094 0.720833 0.496875 0.720833 0.497656 0.719792 0.499219 0.719792 0.500000 0.719792 0.500781 0.718750
0 0.478906 0.719792 0.481250 0.719792 0.482031 0.719792 0.482812 0.720833 0.483594 0.720833 0.484375 0.720833 0.483594 0.721875 0.483594 0.723958 0.483594 0.725000 0.482812 0.726042 0.482031 0.727083 0.479687 0.727083 0.478906 0.727083 0.478125 0.726042 0.477344 0.726042 0.476562 0.725000 0.476562 0.723958 0.475781 0.722917 0.476562 0.721875 0.477344 0.720833 0.478125 0.720833 0.478906 0.719792
0 0.403125 0.722917 0.404687 0.722917 0.405469 0.722917 0.405469 0.726042 0.406250 0.727083 0.414844 0.727083 0.415625 0.727083 0.416406 0.728125 0.417187 0.728125 0.417187 0.730208 0.417969 0.731250 0.417187 0.732292 0.416406 0.733333 0.407813 0.733333 0.407031 0.733333 0.407031 0.731250 0.406250 0.730208 0.402344 0.730208 0.401562 0.729167 0.401562 0.727083 0.401562 0.726042 0.402344 0.725000 0.402344 0.723958 0.403125 0.722917
0 0.072656 0.723958 0.073438 0.723958 0.074219 0.723958 0.074219 0.725000 0.073438 0.726042 0.073438 0.727083 0.072656 0.728125 0.071875 0.728125 0.071094 0.728125 0.070312 0.729167 0.069531 0.730208 0.068750 0.730208 0.067969 0.731250 0.067187 0.731250 0.067187 0.729167 0.067187 0.728125 0.067969 0.728125 0.069531 0.726042 0.070312 0.725000 0.071094 0.725000 0.071875 0.725000 0.072656 0.723958
0 0.434375 0.725000 0.435156 0.725000 0.435937 0.725000 0.435937 0.726042 0.436719 0.727083 0.436719 0.728125 0.435937 0.729167 0.434375 0.729167 0.433594 0.729167 0.433594 0.727083 0.433594 0.726042 0.434375 0.725000
0 0.489844 0.725000 0.490625 0.725000 0.491406 0.725000 0.491406 0.726042 0.492188 0.727083 0.492969 0.728125 0.492188 0.729167 0.492188 0.730208 0.491406 0.731250 0.490625 0.731250 0.489844 0.732292 0.489063 0.732292 0.488281 0.731250 0.488281 0.729167 0.488281 0.728125 0.489063 0.727083 0.489063 0.726042 0.489844 0.725000
0 0.583594 0.732292 0.584375 0.732292 0.585156 0.732292 0.585156 0.734375 0.585156 0.735417 0.584375 0.736458 0.584375 0.737500 0.583594 0.736458 0.582812 0.736458 0.582812 0.734375 0.582812 0.733333 0.583594 0.732292
0 0.617969 0.732292 0.617969 0.734375 0.617969 0.735417 0.618750 0.736458 0.618750 0.737500 0.618750 0.738542 0.617969 0.739583 0.616406 0.739583 0.615625 0.739583 0.615625 0.737500 0.615625 0.736458 0.617188 0.736458 0.617969 0.735417 0.617969 0.732292
0 0.191406 0.734375 0.194531 0.734375 0.195312 0.735417 0.195312 0.736458 0.194531 0.737500 0.194531 0.739583 0.193750 0.740625 0.191406 0.740625 0.190625 0.740625 0.190625 0.737500 0.190625 0.736458 0.191406 0.735417 0.191406 0.734375
0 0.453125 0.736458 0.455469 0.736458 0.456250 0.736458 0.457031 0.737500 0.457813 0.737500 0.457813 0.741667 0.458594 0.742708 0.457813 0.743750 0.457031 0.744792 0.456250 0.744792 0.455469 0.745833 0.453125 0.745833 0.452344 0.745833 0.451562 0.744792 0.451562 0.743750 0.450781 0.742708 0.450781 0.740625 0.450781 0.739583 0.451562 0.739583 0.452344 0.738542 0.453125 0.737500 0.453125 0.736458
0 0.924219 0.741667 0.925000 0.741667 0.925781 0.741667 0.925781 0.745833 0.925781 0.746875 0.925000 0.747917 0.923438 0.747917 0.922656 0.747917 0.921875 0.746875 0.921875 0.745833 0.921875 0.744792 0.922656 0.743750 0.922656 0.742708 0.923438 0.742708 0.924219 0.741667
0 0.434375 0.744792 0.435937 0.746875 0.436719 0.746875 0.437500 0.747917 0.437500 0.748958 0.436719 0.750000 0.435937 0.750000 0.435156 0.748958 0.434375 0.748958 0.434375 0.746875 0.433594 0.745833 0.434375 0.744792
0 0.825781 0.747917 0.827344 0.747917 0.828125 0.747917 0.828125 0.748958 0.828125 0.750000 0.827344 0.751042 0.827344 0.752083 0.825781 0.750000 0.825000 0.748958 0.825781 0.747917
0 0.226562 0.748958 0.227344 0.748958 0.228125 0.748958 0.228906 0.750000 0.229687 0.751042 0.232031 0.751042 0.232813 0.751042 0.233594 0.750000 0.233594 0.748958 0.234375 0.748958 0.235156 0.748958 0.235937 0.750000 0.236719 0.751042 0.235937 0.752083 0.235156 0.753125 0.234375 0.753125 0.233594 0.753125 0.232813 0.754167 0.232813 0.755208 0.230469 0.758333 0.229687 0.759375 0.228906 0.759375 0.228125 0.759375 0.227344 0.758333 0.226562 0.758333 0.226562 0.751042 0.225781 0.750000 0.226562 0.748958
0 0.208594 0.750000 0.209375 0.750000 0.210156 0.750000 0.210938 0.751042 0.211719 0.751042 0.211719 0.752083 0.210938 0.753125 0.210938 0.754167 0.210938 0.755208 0.210156 0.756250 0.210156 0.757292 0.208594 0.759375 0.207813 0.759375 0.207813 0.757292 0.207031 0.756250 0.207813 0.755208 0.207813 0.753125 0.207813 0.752083 0.208594 0.751042 0.208594 0.750000
0 0.482812 0.754167 0.485938 0.754167 0.486719 0.754167 0.487500 0.755208 0.488281 0.755208 0.488281 0.756250 0.487500 0.757292 0.487500 0.758333 0.485938 0.760417 0.485156 0.761458 0.482812 0.761458 0.482031 0.761458 0.482031 0.760417 0.481250 0.759375 0.480469 0.758333 0.481250 0.757292 0.481250 0.756250 0.482812 0.754167
0 0.281250 0.756250 0.282031 0.757292 0.282813 0.757292 0.282813 0.758333 0.283594 0.759375 0.283594 0.761458 0.284375 0.762500 0.284375 0.763542 0.284375 0.764583 0.283594 0.765625 0.282813 0.766667 0.282031 0.766667 0.280469 0.764583 0.279687 0.763542 0.279687 0.762500 0.278906 0.761458 0.278906 0.759375 0.278906 0.758333 0.279687 0.758333 0.281250 0.756250
0 0.394531 0.756250 0.396094 0.756250 0.396875 0.756250 0.396875 0.757292 0.397656 0.758333 0.397656 0.760417 0.398438 0.761458 0.396094 0.764583 0.395313 0.765625 0.392188 0.765625 0.391406 0.765625 0.390625 0.764583 0.390625 0.761458 0.390625 0.760417 0.391406 0.759375 0.392188 0.758333 0.392969 0.758333 0.394531 0.756250
0 0.239844 0.765625 0.241406 0.765625 0.242188 0.765625 0.242188 0.766667 0.242969 0.767708 0.242969 0.768750 0.242188 0.769792 0.242188 0.770833 0.241406 0.769792 0.240625 0.769792 0.239844 0.768750 0.239844 0.765625
0 0.032137 0.777702 0.031654 0.779970 0.030281 0.781800 0.027437 0.782227 0.024431 0.780712 0.022078 0.777140 0.021758 0.775526 0.022078 0.773911 0.022656 0.773140 0.022656 0.770833 0.024219 0.770833 0.025000 0.769792 0.026562 0.769792 0.026562 0.771875 0.027344 0.772917 0.030771 0.773605 0.031817 0.774999 0.032137 0.777702
0 0.526563 0.770833 0.527344 0.770833 0.528125 0.770833 0.528906 0.771875 0.529687 0.771875 0.529687 0.772917 0.530469 0.773958 0.530469 0.776042 0.530469 0.777083 0.529687 0.778125 0.529687 0.779167 0.528906 0.780208 0.528125 0.780208 0.527344 0.781250 0.526563 0.781250 0.525781 0.781250 0.525781 0.780208 0.525000 0.779167 0.525781 0.778125 0.525781 0.773958 0.525781 0.772917 0.526563 0.771875 0.526563 0.770833
0 0.538281 0.770833 0.539062 0.771875 0.539844 0.771875 0.540625 0.772917 0.541406 0.773958 0.544531 0.773958 0.545312 0.775000 0.545312 0.776042 0.546094 0.777083 0.545312 0.778125 0.545312 0.779167 0.544531 0.780208 0.543750 0.781250 0.541406 0.781250 0.540625 0.782292 0.539844 0.781250 0.539062 0.781250 0.539062 0.780208 0.538281 0.779167 0.537500 0.779167 0.537500 0.772917 0.537500 0.771875 0.538281 0.770833
0 0.200000 0.776042 0.201563 0.776042 0.202344 0.776042 0.202344 0.780208 0.201563 0.781250 0.200781 0.781250 0.200000 0.780208 0.200000 0.778125 0.199219 0.777083 0.200000 0.776042
0 0.475781 0.780208 0.476562 0.781250 0.479687 0.781250 0.480469 0.781250 0.481250 0.782292 0.481250 0.783333 0.482031 0.784375 0.482031 0.785417 0.481250 0.786458 0.480469 0.786458 0.479687 0.787500 0.478906 0.787500 0.478125 0.787500 0.476562 0.789583 0.475781 0.789583 0.475781 0.787500 0.475000 0.786458 0.475000 0.782292 0.475000 0.781250 0.475781 0.780208
0 0.257812 0.782292 0.259375 0.782292 0.260156 0.782292 0.260937 0.783333 0.260937 0.784375 0.261719 0.785417 0.261719 0.786458 0.262500 0.787500 0.260156 0.790625 0.259375 0.791667 0.257812 0.791667 0.257031 0.791667 0.256250 0.790625 0.256250 0.789583 0.255469 0.788542 0.254688 0.788542 0.254688 0.786458 0.254688 0.785417 0.255469 0.784375 0.256250 0.784375 0.257031 0.784375 0.257812 0.783333 0.257812 0.782292
0 0.148438 0.791667 0.150000 0.791667 0.150781 0.792708 0.150781 0.793750 0.150000 0.794792 0.150000 0.796875 0.150000 0.797917 0.149219 0.798958 0.148438 0.798958 0.147656 0.800000 0.146875 0.800000 0.146094 0.798958 0.145313 0.798958 0.144531 0.798958 0.144531 0.794792 0.143750 0.793750 0.144531 0.792708 0.146875 0.792708 0.147656 0.792708 0.148438 0.791667
0 0.171875 0.793750 0.176563 0.793750 0.177344 0.794792 0.177344 0.795833 0.178906 0.797917 0.179688 0.798958 0.179688 0.805208 0.179688 0.806250 0.178906 0.807292 0.178906 0.808333 0.178906 0.809375 0.178125 0.810417 0.177344 0.811458 0.177344 0.818750 0.177344 0.819792 0.178125 0.820833 0.178125 0.821875 0.176563 0.823958 0.175781 0.823958 0.173437 0.827083 0.172656 0.828125 0.172656 0.829167 0.171875 0.830208 0.171094 0.830208 0.170313 0.830208 0.169531 0.829167 0.167969 0.829167 0.167187 0.829167 0.166406 0.828125 0.165625 0.828125 0.164844 0.827083 0.164062 0.826042 0.164062 0.823958 0.164062 0.822917 0.163281 0.821875 0.162500 0.821875 0.160156 0.818750 0.159375 0.817708 0.159375 0.814583 0.158594 0.813542 0.158594 0.806250 0.158594 0.805208 0.159375 0.804167 0.159375 0.802083 0.159375 0.801042 0.160156 0.801042 0.160938 0.800000 0.161719 0.800000 0.162500 0.798958 0.163281 0.798958 0.164062 0.797917 0.164062 0.796875 0.164844 0.795833 0.167187 0.795833 0.167969 0.795833 0.168750 0.794792 0.170313 0.794792 0.171094 0.794792 0.171875 0.793750
0 0.546325 0.815819 0.545669 0.812333 0.544594 0.810899 0.544738 0.810178 0.544738 0.809121 0.543818 0.804754 0.543483 0.804307 0.543290 0.803344 0.541596 0.801085 0.541382 0.801009 0.540625 0.800000 0.537500 0.800000 0.536719 0.798958 0.536719 0.797917 0.535937 0.797917 0.535156 0.796875 0.532813 0.796875 0.532031 0.795833 0.531250 0.795833 0.530469 0.794792 0.528125 0.794792 0.528125 0.797917 0.528906 0.799047 0.527799 0.800524 0.527275 0.803128 0.527275 0.804211 0.526477 0.805635 0.525948 0.807398 0.525425 0.810002 0.525425 0.811412 0.525853 0.813542 0.525000 0.814583 0.522656 0.814583 0.522656 0.815625 0.521875 0.816667 0.521875 0.820833 0.522656 0.821875 0.522656 0.825000 0.523438 0.825000 0.524219 0.826042 0.525000 0.825000 0.528906 0.825000 0.529687 0.826042 0.529687 0.827083 0.531250 0.829167 0.531250 0.828125 0.532031 0.827083 0.533594 0.827083 0.535149 0.825009 0.537131 0.825610 0.539084 0.824912 0.540538 0.822882 0.542256 0.822268 0.543266 0.821275 0.543843 0.821034 0.545801 0.818423
0 0.099219 0.795833 0.102344 0.795833 0.103125 0.795833 0.103906 0.796875 0.104688 0.796875 0.105469 0.797917 0.106250 0.798958 0.106250 0.803125 0.107031 0.804167 0.106250 0.804167 0.104688 0.806250 0.103906 0.807292 0.101562 0.807292 0.100781 0.807292 0.100781 0.806250 0.100000 0.805208 0.099219 0.804167 0.099219 0.803125 0.097656 0.801042 0.096875 0.800000 0.096875 0.797917 0.096875 0.796875 0.097656 0.796875 0.098437 0.796875 0.099219 0.795833
0 0.328125 0.800000 0.328906 0.800000 0.329688 0.800000 0.330469 0.801042 0.331250 0.801042 0.331250 0.802083 0.330469 0.803125 0.330469 0.805208 0.330469 0.806250 0.328906 0.808333 0.328125 0.808333 0.325781 0.811458 0.325000 0.812500 0.324219 0.812500 0.323437 0.813542 0.321875 0.813542 0.321094 0.813542 0.321094 0.812500 0.320312 0.811458 0.320312 0.807292 0.320312 0.806250 0.323437 0.802083 0.324219 0.801042 0.326562 0.801042 0.327344 0.801042 0.328125 0.800000
0 0.075781 0.801042 0.077344 0.801042 0.078125 0.801042 0.078906 0.802083 0.079687 0.802083 0.081250 0.804167 0.082031 0.805208 0.081250 0.806250 0.081250 0.809375 0.080469 0.810417 0.079687 0.810417 0.078906 0.811458 0.078125 0.811458 0.077344 0.811458 0.075781 0.809375 0.075000 0.808333 0.075000 0.803125 0.075000 0.802083 0.075781 0.801042
0 0.264844 0.806250 0.266406 0.806250 0.267188 0.806250 0.267969 0.807292 0.268750 0.807292 0.269531 0.808333 0.270313 0.808333 0.270313 0.809375 0.271094 0.810417 0.272656 0.810417 0.273438 0.810417 0.273438 0.813542 0.274219 0.814583 0.276562 0.814583 0.277344 0.814583 0.278125 0.813542 0.278125 0.812500 0.278125 0.811458 0.278906 0.811458 0.279687 0.811458 0.279687 0.812500 0.280469 0.813542 0.281250 0.814583 0.282813 0.814583 0.283594 0.814583 0.283594 0.815625 0.283594 0.816667 0.284375 0.817708 0.284375 0.818750 0.282813 0.820833 0.282031 0.821875 0.280469 0.821875 0.279687 0.822917 0.277344 0.822917 0.276562 0.823958 0.275000 0.823958 0.274219 0.822917 0.270313 0.822917 0.269531 0.822917 0.269531 0.817708 0.268750 0.816667 0.262500 0.816667 0.261719 0.816667 0.261719 0.814583 0.262500 0.813542 0.262500 0.810417 0.262500 0.809375 0.263281 0.808333 0.263281 0.807292 0.264062 0.807292 0.264844 0.806250
0 0.044531 0.807292 0.046094 0.809375 0.046875 0.809375 0.046875 0.811458 0.047656 0.812500 0.053125 0.812500 0.053906 0.812500 0.054688 0.813542 0.055469 0.814583 0.055469 0.816667 0.056250 0.817708 0.059375 0.817708 0.060156 0.817708 0.060937 0.816667 0.060937 0.815625 0.060937 0.814583 0.061719 0.815625 0.062500 0.815625 0.063281 0.816667 0.063281 0.820833 0.063281 0.821875 0.064062 0.822917 0.064062 0.823958 0.064844 0.825000 0.065625 0.825000 0.066406 0.826042 0.066406 0.827083 0.064844 0.829167 0.064062 0.830208 0.061719 0.830208 0.060937 0.830208 0.060156 0.831250 0.059375 0.831250 0.058594 0.830208 0.057813 0.830208 0.057813 0.827083 0.057031 0.826042 0.054688 0.826042 0.053906 0.825000 0.050781 0.825000 0.050000 0.825000 0.050000 0.822917 0.050000 0.821875 0.048438 0.819792 0.047656 0.818750 0.046875 0.818750 0.046094 0.818750 0.045312 0.817708 0.044531 0.816667 0.042969 0.816667 0.042188 0.815625 0.042188 0.813542 0.041406 0.812500 0.042969 0.810417 0.043750 0.809375 0.043750 0.808333 0.044531 0.807292
0 0.231250 0.807292 0.235156 0.807292 0.235937 0.807292 0.235937 0.809375 0.236719 0.810417 0.236719 0.815625 0.236719 0.816667 0.235937 0.817708 0.235156 0.818750 0.235156 0.819792 0.233594 0.821875 0.233594 0.822917 0.233594 0.821875 0.232813 0.820833 0.232813 0.819792 0.232031 0.818750 0.232031 0.814583 0.232031 0.813542 0.231250 0.812500 0.231250 0.811458 0.230469 0.810417 0.230469 0.809375 0.230469 0.808333 0.231250 0.807292
0 0.216406 0.808333 0.221094 0.808333 0.221875 0.808333 0.222656 0.809375 0.222656 0.811458 0.222656 0.812500 0.225781 0.816667 0.225781 0.817708 0.225000 0.818750 0.218750 0.818750 0.217969 0.818750 0.217188 0.819792 0.216406 0.819792 0.215625 0.819792 0.214844 0.818750 0.214062 0.817708 0.214062 0.815625 0.214062 0.814583 0.214844 0.813542 0.215625 0.812500 0.215625 0.811458 0.216406 0.810417 0.216406 0.808333
0 0.298438 0.815625 0.299219 0.816667 0.300000 0.816667 0.300000 0.817708 0.300781 0.818750 0.301563 0.818750 0.301563 0.821875 0.301563 0.822917 0.300781 0.823958 0.300000 0.823958 0.299219 0.825000 0.298438 0.823958 0.298438 0.822917 0.297656 0.821875 0.296875 0.821875 0.296875 0.819792 0.296094 0.818750 0.296094 0.817708 0.296094 0.816667 0.296875 0.816667 0.297656 0.816667 0.298438 0.815625
0 0.128906 0.821875 0.129688 0.822917 0.129688 0.825000 0.130469 0.826042 0.129688 0.826042 0.128906 0.827083 0.128125 0.828125 0.128125 0.829167 0.127344 0.830208 0.126562 0.830208 0.126562 0.829167 0.125781 0.828125 0.125000 0.827083 0.125000 0.826042 0.125000 0.825000 0.125781 0.825000 0.126562 0.825000 0.128906 0.821875
0 0.039844 0.829167 0.042969 0.829167 0.043750 0.830208 0.045312 0.830208 0.046094 0.830208 0.046875 0.829167 0.048438 0.829167 0.049219 0.829167 0.049219 0.830208 0.050000 0.831250 0.050000 0.832292 0.050000 0.833333 0.049219 0.834375 0.049219 0.835417 0.048438 0.836458 0.047656 0.837500 0.045312 0.837500 0.044531 0.837500 0.042188 0.840625 0.041406 0.841667 0.040625 0.841667 0.039844 0.841667 0.039844 0.840625 0.038281 0.838542 0.037500 0.837500 0.037500 0.836458 0.036719 0.835417 0.036719 0.834375 0.035937 0.833333 0.036719 0.832292 0.037500 0.832292 0.039844 0.829167
0 0.399219 0.831250 0.400781 0.831250 0.401562 0.831250 0.401562 0.835417 0.402344 0.836458 0.401562 0.837500 0.401562 0.838542 0.400781 0.839583 0.400000 0.840625 0.397656 0.840625 0.396875 0.840625 0.396875 0.839583 0.396094 0.838542 0.396094 0.834375 0.396094 0.833333 0.396875 0.832292 0.397656 0.832292 0.398438 0.832292 0.399219 0.831250
0 0.000000 0.832292 0.000781 0.833333 0.002344 0.833333 0.003125 0.834375 0.003125 0.835417 0.003125 0.836458 0.002344 0.837500 0.001563 0.838542 0.000781 0.838542 0.000000 0.837500 0.000000 0.832292
0 0.522298 0.837534 0.521978 0.835920 0.520961 0.834696 0.520822 0.833993 0.519939 0.832816 0.519531 0.832672 0.519531 0.832292 0.517188 0.832292 0.517188 0.833255 0.516634 0.833993 0.516442 0.834507 0.516121 0.836121 0.516291 0.836977 0.515977 0.838562 0.516297 0.840177 0.517180 0.841354 0.518391 0.841781 0.519650 0.841354 0.520178 0.840650 0.521095 0.840326 0.521978 0.839149
0 0.232813 0.834375 0.236719 0.834375 0.237500 0.834375 0.238281 0.835417 0.239844 0.835417 0.240625 0.835417 0.242188 0.837500 0.242969 0.838542 0.242969 0.847917 0.242969 0.848958 0.241406 0.851042 0.240625 0.852083 0.240625 0.853125 0.239063 0.855208 0.238281 0.856250 0.237500 0.856250 0.236719 0.855208 0.236719 0.851042 0.236719 0.850000 0.235937 0.848958 0.235937 0.847917 0.235156 0.846875 0.234375 0.846875 0.234375 0.845833 0.233594 0.844792 0.233594 0.843750 0.232813 0.842708 0.230469 0.842708 0.229687 0.842708 0.229687 0.841667 0.228906 0.840625 0.228906 0.838542 0.228906 0.837500 0.229687 0.837500 0.230469 0.836458 0.231250 0.836458 0.232813 0.834375
0 0.092969 0.835417 0.093750 0.836458 0.094531 0.836458 0.095312 0.836458 0.095312 0.837500 0.096094 0.838542 0.096875 0.838542 0.097656 0.838542 0.098437 0.839583 0.098437 0.840625 0.099219 0.841667 0.100000 0.842708 0.100781 0.842708 0.101562 0.843750 0.102344 0.844792 0.102344 0.845833 0.103125 0.846875 0.103125 0.847917 0.102344 0.848958 0.102344 0.850000 0.102344 0.851042 0.101562 0.852083 0.100781 0.853125 0.100781 0.854167 0.100000 0.855208 0.099219 0.856250 0.098437 0.856250 0.097656 0.856250 0.096094 0.854167 0.095312 0.854167 0.092969 0.851042 0.092188 0.850000 0.089844 0.850000 0.089063 0.850000 0.089063 0.847917 0.089063 0.846875 0.088281 0.845833 0.088281 0.843750 0.087500 0.842708 0.089063 0.840625 0.089844 0.840625 0.090625 0.839583 0.091406 0.838542 0.091406 0.837500 0.092969 0.835417
0 0.257812 0.836458 0.258594 0.836458 0.259375 0.836458 0.259375 0.838542 0.259375 0.839583 0.257812 0.841667 0.257031 0.841667 0.257031 0.840625 0.256250 0.839583 0.257031 0.839583 0.257812 0.838542 0.257812 0.836458
0 0.656250 0.836458 0.657031 0.836458 0.657813 0.836458 0.657813 0.840625 0.657031 0.841667 0.656250 0.841667 0.656250 0.836458
0 0.356250 0.837500 0.357031 0.838542 0.360938 0.838542 0.361719 0.838542 0.361719 0.840625 0.362500 0.841667 0.361719 0.841667 0.360938 0.842708 0.360156 0.843750 0.359375 0.843750 0.358594 0.843750 0.357031 0.845833 0.356250 0.846875 0.356250 0.847917 0.355469 0.848958 0.354687 0.848958 0.353906 0.847917 0.354687 0.846875 0.354687 0.844792 0.355469 0.843750 0.355469 0.839583 0.355469 0.838542 0.356250 0.837500
0 0.462500 0.837500 0.463281 0.837500 0.464062 0.837500 0.464062 0.838542 0.464062 0.839583 0.463281 0.840625 0.461719 0.840625 0.460938 0.840625 0.460156 0.841667 0.460156 0.842708 0.460156 0.840625 0.460156 0.839583 0.459375 0.838542 0.458594 0.838542 0.457813 0.838542 0.460938 0.838542 0.461719 0.838542 0.462500 0.837500
0 0.025781 0.838542 0.029687 0.838542 0.030469 0.838542 0.031250 0.839583 0.033594 0.839583 0.033594 0.840625 0.032031 0.842708 0.031250 0.843750 0.030469 0.843750 0.029687 0.844792 0.028906 0.844792 0.028125 0.845833 0.025781 0.845833 0.025000 0.845833 0.024219 0.846875 0.024219 0.847917 0.024219 0.841667 0.023438 0.840625 0.024219 0.839583 0.025000 0.839583 0.025781 0.838542
0 0.766859 0.844777 0.766859 0.842956 0.766656 0.841967 0.765625 0.840592 0.765625 0.839583 0.764062 0.839583 0.763819 0.839908 0.762440 0.840509 0.761438 0.841724 0.761235 0.842714 0.761235 0.843685 0.761529 0.845038 0.762713 0.846738 0.763168 0.847102 0.764730 0.847859 0.765836 0.847588 0.766474 0.846737 0.766669 0.845706
0 0.543481 0.846536 0.543243 0.844896 0.542720 0.843270 0.541755 0.841937 0.540839 0.841620 0.540038 0.841620 0.539121 0.841984 0.538435 0.842945 0.538232 0.844492 0.538470 0.845621 0.539551 0.847063 0.538853 0.847915 0.538615 0.849323 0.538923 0.850637 0.539539 0.851506 0.540351 0.851823 0.541442 0.851506 0.541988 0.850777 0.542159 0.849945 0.542511 0.849476 0.542838 0.848437 0.543208 0.847850 0.543446 0.846706
0 0.157031 0.851042 0.158594 0.851042 0.159375 0.851042 0.160156 0.852083 0.162500 0.852083 0.163281 0.852083 0.164062 0.853125 0.164844 0.853125 0.165625 0.854167 0.164844 0.855208 0.164844 0.856250 0.163281 0.858333 0.162500 0.859375 0.161719 0.859375 0.160938 0.859375 0.160156 0.858333 0.158594 0.858333 0.157812 0.858333 0.157031 0.857292 0.156250 0.857292 0.156250 0.856250 0.155469 0.855208 0.156250 0.854167 0.156250 0.853125 0.156250 0.852083 0.157031 0.851042
0 0.785168 0.858246 0.784965 0.857256 0.784418 0.856527 0.784029 0.856385 0.783713 0.855963 0.783073 0.855729 0.783695 0.854973 0.783898 0.853983 0.783695 0.852993 0.783148 0.852264 0.782406 0.851993 0.782031 0.852130 0.781250 0.851042 0.779687 0.851042 0.779687 0.857292 0.780469 0.857292 0.781250 0.858333 0.781612 0.858333 0.781681 0.858671 0.782228 0.859400 0.782616 0.859542 0.782933 0.859964 0.783675 0.860235 0.784418 0.859964 0.784965 0.859235
0 0.330469 0.854167 0.331250 0.855208 0.334375 0.855208 0.335156 0.855208 0.334375 0.856250 0.334375 0.857292 0.334375 0.858333 0.333594 0.859375 0.332813 0.860417 0.328906 0.860417 0.328125 0.860417 0.328125 0.857292 0.328125 0.856250 0.328906 0.855208 0.329688 0.855208 0.330469 0.854167
0 0.595313 0.857292 0.596094 0.857292 0.596875 0.857292 0.597656 0.858333 0.597656 0.859375 0.598437 0.860417 0.599219 0.861458 0.599219 0.862500 0.598437 0.863542 0.597656 0.863542 0.596875 0.863542 0.596875 0.862500 0.596094 0.861458 0.595313 0.861458 0.594531 0.861458 0.594531 0.860417 0.593750 0.859375 0.595313 0.857292
0 0.872656 0.861458 0.878906 0.861458 0.879687 0.861458 0.881250 0.863542 0.882031 0.864583 0.882812 0.864583 0.882812 0.865625 0.873437 0.865625 0.872656 0.865625 0.872656 0.861458
0 0.222656 0.670833 0.222656 0.669792 0.218750 0.669792 0.217969 0.668750 0.217969 0.667708 0.217188 0.667708 0.216406 0.666667 0.215625 0.666667 0.214062 0.664583 0.210938 0.664583 0.210156 0.663542 0.210156 0.662500 0.209375 0.661458 0.209375 0.658333 0.207813 0.658333 0.207031 0.657292 0.207031 0.655715 0.205130 0.655715 0.203906 0.654929 0.203906 0.656250 0.201563 0.659375 0.200781 0.659375 0.200781 0.660417 0.200000 0.661458 0.200781 0.662500 0.200781 0.663542 0.201563 0.664583 0.201563 0.665625 0.202344 0.665625 0.203125 0.666667 0.203125 0.668750 0.207031 0.668750 0.209375 0.671875 0.210156 0.671875 0.210938 0.672917 0.212500 0.672917 0.213281 0.673958 0.215625 0.673958 0.216406 0.675000 0.216406 0.678125 0.217188 0.678125 0.217969 0.677083 0.219531 0.677083 0.220312 0.676042 0.220312 0.675000 0.221875 0.672917 0.221875 0.671875
0 0.152453 0.327410 0.151431 0.327167 0.149846 0.325212 0.149131 0.324735 0.147939 0.323464 0.145418 0.322402 0.144584 0.322402 0.143373 0.322829 0.142182 0.323941 0.141299 0.325118 0.140822 0.326389 0.140383 0.328480 0.140383 0.329751 0.141060 0.333272 0.141299 0.333589 0.141894 0.335178 0.142777 0.336355 0.143730 0.337308 0.144684 0.337943 0.145572 0.338257 0.146351 0.338738 0.146590 0.339055 0.148635 0.339800 0.149965 0.339373 0.150847 0.338196 0.151426 0.335761 0.151807 0.335253 0.151939 0.334234 0.151939 0.330386 0.152178 0.328798
0 0.186138 0.255567 0.186138 0.254932 0.185496 0.251692 0.185376 0.251215 0.185066 0.250801 0.184947 0.248736 0.184304 0.245338 0.184109 0.245078 0.183351 0.242955 0.182160 0.240731 0.180730 0.238825 0.180166 0.238550 0.179658 0.237872 0.177466 0.237015 0.175798 0.237015 0.173845 0.237713 0.172416 0.238984 0.170986 0.240890 0.170152 0.242479 0.169914 0.243432 0.169390 0.246036 0.169390 0.247624 0.170152 0.251817 0.170820 0.253122 0.170820 0.254614 0.171343 0.257218 0.173488 0.260077 0.176156 0.261093 0.179492 0.261093 0.181306 0.260445 0.182232 0.260775 0.184185 0.260077 0.185615 0.258171
0 0.153979 0.324120 0.153979 0.321578 0.153723 0.320376 0.153299 0.319458 0.152382 0.318234 0.151852 0.317811 0.149998 0.317116 0.148653 0.317006 0.147874 0.316038 0.148181 0.315928 0.149671 0.313941 0.150362 0.312047 0.150673 0.311876 0.152103 0.309970 0.152626 0.307366 0.152103 0.304761 0.150612 0.302774 0.148732 0.302102 0.146722 0.300829 0.144343 0.299969 0.142824 0.299645 0.141486 0.299645 0.139844 0.300232 0.139377 0.300006 0.138646 0.299326 0.137886 0.298115 0.136745 0.296694 0.135558 0.296126 0.133704 0.295533 0.133111 0.295533 0.132221 0.295903 0.131006 0.297522 0.130507 0.299599 0.130507 0.300687 0.130710 0.301676 0.131627 0.302801 0.132370 0.303072 0.133556 0.303072 0.134965 0.302454 0.135929 0.302454 0.136968 0.302923 0.137589 0.303751 0.138108 0.304938 0.138311 0.305927 0.138311 0.307509 0.137960 0.309389 0.136828 0.312011 0.136828 0.314086 0.138153 0.315951 0.139488 0.317237 0.141491 0.317903 0.142283 0.317903 0.143864 0.318397 0.144902 0.318397 0.145495 0.318181 0.145583 0.318612 0.146130 0.319341 0.146378 0.319460 0.146802 0.320519 0.147348 0.321248 0.147825 0.321672 0.149790 0.322770 0.150774 0.324827 0.151533 0.325839 0.152487 0.326110 0.153229 0.325839 0.153776 0.325110
0 0.141745 0.285402 0.141745 0.284916 0.141100 0.281906 0.139367 0.279676 0.136745 0.278735 0.135286 0.278735 0.133029 0.279514 0.132300 0.279919 0.128774 0.282269 0.126919 0.284662 0.126396 0.287266 0.126396 0.288076 0.126980 0.291005 0.129078 0.293641 0.131031 0.294338 0.133098 0.293709 0.134861 0.294338 0.136198 0.294419 0.138577 0.293559 0.140249 0.291167 0.140638 0.289433 0.141161 0.288330 0.141685 0.285704
0 0.183036 0.263033 0.182833 0.261962 0.182286 0.261233 0.181544 0.260962 0.180802 0.261233 0.180255 0.261638 0.178674 0.263665 0.177823 0.264394 0.176121 0.266582 0.174237 0.268527 0.172960 0.270229 0.171198 0.273471 0.169131 0.276389 0.168462 0.277199 0.166578 0.278982 0.164534 0.281302 0.163344 0.281903 0.162576 0.283170 0.161619 0.285176 0.160646 0.287931 0.159480 0.290312 0.159269 0.292941 0.160893 0.294710 0.161667 0.294987 0.163620 0.294289 0.164532 0.293722 0.166448 0.291329 0.167603 0.289303 0.168126 0.286699 0.167603 0.284094 0.167182 0.283534 0.168488 0.282501 0.169096 0.282258 0.170919 0.280799 0.173654 0.277881 0.174444 0.276747 0.175417 0.274234 0.175842 0.273586 0.179855 0.268075 0.180584 0.267183 0.181009 0.266940 0.181678 0.266211 0.182650 0.264833 0.182975 0.263329
0 0.160910 0.284267 0.160707 0.282710 0.160160 0.281981 0.159188 0.281252 0.158445 0.280981 0.157169 0.280900 0.155150 0.281495 0.154056 0.282224 0.152780 0.283197 0.151402 0.284790 0.148821 0.284790 0.147018 0.284304 0.145435 0.284223 0.144781 0.283602 0.143614 0.283331 0.142750 0.283683 0.141960 0.284737 0.141778 0.285223 0.141453 0.286942 0.141453 0.290589 0.142021 0.293118 0.142629 0.294415 0.143723 0.295793 0.144890 0.296388 0.145437 0.296388 0.146180 0.296117 0.146919 0.295421 0.148577 0.295010 0.150464 0.294929 0.151637 0.295253 0.152380 0.294982 0.152926 0.294253 0.153007 0.293863 0.153778 0.293199 0.154629 0.292065 0.155297 0.290525 0.156221 0.289131 0.157594 0.289580 0.158020 0.289580 0.159005 0.289147 0.160099 0.287607 0.160789 0.284860
0 0.437584 0.635919 0.437459 0.636534 0.437123 0.636982 0.436010 0.637519 0.435155 0.638316 0.434016 0.638827 0.431402 0.638784 0.430941 0.638617 0.430605 0.638169 0.430480 0.637554 0.430605 0.636940 0.430941 0.636492 0.432816 0.636067 0.432836 0.634542 0.432961 0.633928 0.433329 0.633437 0.433790 0.633270 0.434110 0.633386 0.434717 0.632447 0.435178 0.632280 0.435736 0.632447 0.437072 0.634057 0.437459 0.635090 0.437585 0.635919
0 0.480993 0.350927 0.479156 0.351372 0.478989 0.344246 0.480659 0.342688 0.482830 0.341797 0.485503 0.339347 0.486672 0.339793 0.487507 0.340906 0.488175 0.343133 0.488008 0.344692 0.484334 0.348922 0.482663 0.350259
0 0.481661 0.339347 0.480158 0.337343 0.479156 0.336898 0.478989 0.332222 0.479824 0.331108 0.483665 0.329995 0.484501 0.330886 0.485336 0.332890 0.485670 0.336898 0.484166 0.339347 0.483164 0.339570
0 0.517067 0.360279 0.515898 0.357607 0.515898 0.355157 0.517401 0.350481 0.517568 0.347809 0.516399 0.345582 0.515898 0.341352 0.518069 0.339347 0.519238 0.339347 0.521075 0.338011 0.523246 0.337343 0.526065 0.337469 0.528256 0.337566 0.529258 0.338457 0.529592 0.339793 0.530761 0.341574 0.529759 0.347364 0.529759 0.350036 0.530761 0.350036 0.533100 0.351595 0.533267 0.358275 0.532766 0.358943 0.530761 0.358943 0.526419 0.363174 0.524248 0.363619 0.521576 0.363396 0.518570 0.361615
0 0.644667 0.139369 0.642253 0.140127 0.640691 0.140316 0.640407 0.140695 0.637282 0.140884 0.636288 0.140505 0.636004 0.139937 0.635578 0.139748 0.634016 0.136150 0.634016 0.132174 0.634442 0.130470 0.634726 0.130091 0.634868 0.128955 0.635578 0.127819 0.635578 0.127251 0.636004 0.126872 0.636146 0.125925 0.637424 0.123464 0.637850 0.123275 0.638986 0.121381 0.639555 0.121192 0.641969 0.121192 0.643531 0.121381 0.644525 0.122138 0.645377 0.122517 0.646229 0.122517 0.647649 0.123275 0.647933 0.123653 0.648217 0.124411 0.648217 0.129713 0.648501 0.130470 0.648501 0.133878 0.648359 0.135393 0.648217 0.136340 0.647791 0.137665 0.647791 0.138233 0.646939 0.139180 0.646655 0.139748 0.645803 0.140316
0 0.650347 0.123653 0.651342 0.122328 0.651342 0.121760 0.651768 0.121002 0.651910 0.120245 0.651910 0.119109 0.652194 0.118730 0.652194 0.118162 0.652762 0.116458 0.652762 0.115132 0.650347 0.112292 0.649495 0.111535 0.648501 0.111535 0.647081 0.112860 0.646513 0.115132 0.646371 0.117405 0.646229 0.117973 0.646229 0.121192 0.647081 0.121760 0.647507 0.121760 0.647933 0.122138 0.649211 0.122706
0 0.963281 0.740625 0.966406 0.740625 0.967187 0.740625 0.972656 0.744792 0.973437 0.745833 0.980469 0.747917 0.981250 0.747917 0.984375 0.751042 0.985156 0.751042 0.986719 0.755208 0.987500 0.756250 0.987500 0.763542 0.987500 0.764583 0.982031 0.772917 0.981250 0.773958 0.975781 0.773958 0.975000 0.773958 0.963281 0.762500 0.962500 0.761458 0.962500 0.759375 0.962500 0.758333 0.960156 0.753125 0.959375 0.752083 0.959375 0.747917 0.959375 0.746875 0.963281 0.740625
0 0.759375 0.686458 0.762500 0.687500 0.763281 0.687500 0.764062 0.692708 0.764062 0.693750 0.757031 0.701042 0.756250 0.702083 0.750000 0.701042 0.749219 0.701042 0.749219 0.693750 0.749219 0.692708 0.753125 0.689583 0.753906 0.688542 0.759375 0.686458
0 0.301950 0.596392 0.302953 0.594833 0.305959 0.594611 0.308130 0.596169 0.309132 0.596392 0.309466 0.596837 0.309466 0.598841 0.307462 0.600177 0.305124 0.600846 0.302785 0.600846 0.301282 0.599509 0.300948 0.597951
0 0.299445 0.595501 0.294769 0.592829 0.294101 0.591938 0.292765 0.585926 0.292765 0.584590 0.293767 0.583922 0.293266 0.583699 0.292264 0.581695 0.291596 0.577242 0.291596 0.575238 0.293767 0.569894 0.295938 0.569671 0.296606 0.570339 0.297107 0.570116 0.299278 0.566999 0.301950 0.566999 0.307128 0.569003 0.309967 0.573902 0.312806 0.575015 0.312639 0.581027 0.311804 0.585481 0.311136 0.586817 0.304957 0.593720 0.303286 0.594833 0.300781 0.594833
0 0.304122 0.614429 0.302785 0.613538 0.298610 0.607526 0.297942 0.605744 0.297942 0.603740 0.298777 0.602850 0.301282 0.601514 0.311804 0.601514 0.312973 0.601959 0.316146 0.605522 0.317315 0.609975 0.317482 0.616433 0.318150 0.619328 0.317983 0.621332 0.315645 0.625785 0.313641 0.626899 0.311136 0.626899 0.309132 0.625563 0.304957 0.615987
0 0.305291 0.626453 0.303955 0.627121 0.300781 0.627344 0.299779 0.626231 0.298443 0.618882 0.298443 0.616210 0.299445 0.613538 0.302451 0.613315 0.303788 0.613761 0.304790 0.615097 0.306293 0.619773 0.306460 0.625117
0 0.298276 0.629348 0.296439 0.630239 0.292431 0.630239 0.290427 0.629125 0.285918 0.628012 0.283413 0.625785 0.282077 0.623336 0.282077 0.617101 0.282912 0.615319 0.283914 0.614651 0.284435 0.614634 0.285098 0.614613 0.290761 0.614429 0.295604 0.611979 0.297274 0.611757 0.298276 0.616210 0.298276 0.622000 0.299278 0.625563 0.298777 0.627344
0 0.022626 0.722545 0.022431 0.719934 0.021843 0.718368 0.019494 0.717063 0.016361 0.718107 0.015186 0.714974 0.015382 0.710275 0.013620 0.707926 0.012836 0.705837 0.012836 0.704793 0.013815 0.702965 0.017731 0.699049 0.018906 0.698527 0.025759 0.698788 0.027326 0.696961 0.029675 0.696178 0.031437 0.697222 0.034766 0.701399 0.036724 0.702182 0.039269 0.702182 0.039661 0.702965 0.037703 0.705576 0.034962 0.707142 0.030458 0.707142 0.028109 0.708448 0.027913 0.709492 0.030262 0.711580 0.030262 0.715235 0.029479 0.717846 0.029284 0.721762 0.027717 0.722806 0.024193 0.722806
0 0.028696 0.730116 0.026738 0.730377 0.025955 0.729333 0.025759 0.726983 0.026151 0.725156 0.030458 0.721762 0.032025 0.721762 0.033199 0.722806 0.033395 0.725939 0.031633 0.729855 0.030262 0.730899
0 0.240625 0.127083 0.243750 0.127083 0.244531 0.127083 0.245312 0.129167 0.246094 0.130208 0.246875 0.140625 0.246875 0.141667 0.250781 0.156250 0.250781 0.157292 0.240625 0.161458 0.239844 0.162500 0.235937 0.162500 0.235156 0.162500 0.228125 0.157292 0.227344 0.156250 0.226562 0.154167 0.225781 0.153125 0.225000 0.142708 0.225000 0.141667 0.227344 0.138542 0.227344 0.137500 0.240625 0.127083
0 0.599039 0.403031 0.598129 0.403301 0.597320 0.403166 0.596612 0.402357 0.596308 0.401279 0.596308 0.400065 0.596511 0.399391 0.596814 0.398851 0.597320 0.398717 0.598230 0.396424 0.599140 0.396155 0.600859 0.396155 0.601971 0.397233 0.602376 0.398312 0.602275 0.400065 0.601061 0.401953 0.600151 0.402357
0 0.650000 0.270833 0.652344 0.271875 0.653125 0.271875 0.659375 0.280208 0.660156 0.281250 0.660156 0.288542 0.660156 0.289583 0.657031 0.294792 0.656250 0.295833 0.654687 0.295833 0.653906 0.295833 0.647656 0.288542 0.646875 0.287500 0.646094 0.278125 0.646094 0.277083 0.650000 0.270833
0 0.578409 0.047201 0.577010 0.047201 0.575611 0.046501 0.575437 0.044636 0.574737 0.043937 0.572289 0.043238 0.572115 0.040673 0.572814 0.039274 0.575437 0.037643 0.577710 0.037643 0.579808 0.038575 0.580332 0.039974 0.580332 0.043704 0.579808 0.046035
0 0.230870 0.223651 0.229985 0.222303 0.228595 0.219606 0.228215 0.219269 0.227963 0.218763 0.227963 0.217920 0.228468 0.216909 0.229227 0.215897 0.230997 0.214380 0.233778 0.214380 0.234663 0.214211 0.234916 0.214886 0.234916 0.218089 0.234790 0.218594 0.234410 0.218763 0.233905 0.219774 0.233652 0.220617 0.232514 0.222640 0.232388 0.223146 0.232008 0.223314
0 0.665022 0.486130 0.662818 0.487844 0.662084 0.487844 0.661349 0.487109 0.660064 0.484172 0.659513 0.481723 0.658962 0.480989 0.658779 0.479030 0.659146 0.478051 0.659881 0.477072 0.665022 0.477072 0.666674 0.478541 0.667409 0.478541 0.667960 0.476827 0.669061 0.476093 0.671265 0.475603 0.672366 0.475603 0.673101 0.478296 0.673101 0.482458 0.672183 0.485151 0.669796 0.486130 0.666674 0.486130
0 0.671999 0.493720 0.670530 0.493230 0.668694 0.491516 0.668143 0.489558 0.667409 0.488578 0.667409 0.486620 0.668143 0.486620 0.669429 0.485151 0.670714 0.484906 0.671448 0.484172 0.672734 0.484172 0.673284 0.484416 0.673835 0.486130 0.674570 0.486620 0.675304 0.488089 0.675304 0.489802 0.674570 0.491761 0.673468 0.492985
0 0.883100 0.397417 0.881549 0.397417 0.879834 0.396656 0.878691 0.394914 0.878528 0.394152 0.878528 0.393064 0.879100 0.390887 0.879589 0.388274 0.881957 0.388383 0.883916 0.389798 0.884243 0.390125 0.884406 0.390669 0.884406 0.393390 0.882936 0.396438
0 0.884243 0.389036 0.883100 0.389036 0.882528 0.388710 0.881467 0.387295 0.880814 0.386206 0.880324 0.384900 0.880161 0.384247 0.880161 0.382288 0.880732 0.382070 0.882610 0.382070 0.883671 0.381744 0.884977 0.381744 0.886202 0.382397 0.886773 0.383159 0.887181 0.384791 0.887181 0.387839 0.887018 0.388927 0.886365 0.389798 0.885549 0.390016 0.884896 0.389145
0 0.890202 0.390887 0.889222 0.390778 0.888651 0.389689 0.888488 0.389145 0.888488 0.388601 0.887671 0.385989 0.887508 0.384900 0.887753 0.384247 0.888814 0.383376 0.889304 0.383267 0.890284 0.382397 0.891753 0.382179 0.892324 0.382397 0.893549 0.384138 0.893549 0.387621 0.893141 0.389036 0.892569 0.390016 0.892161 0.390451 0.890937 0.390996
0 0.973864 0.359732 0.972591 0.360349 0.971087 0.360812 0.969699 0.360812 0.968542 0.359578 0.968195 0.358806 0.968079 0.358189 0.968079 0.354333 0.968311 0.353099 0.968542 0.352636 0.971550 0.351710 0.974558 0.351710 0.976409 0.353253 0.976872 0.353407 0.976872 0.354024 0.977103 0.354487 0.977103 0.355258 0.974790 0.359423
0 0.993763 0.368679 0.991450 0.370067 0.989136 0.370067 0.988673 0.369913 0.987979 0.369142 0.987285 0.367753 0.987285 0.364360 0.988441 0.362046 0.988441 0.361274 0.988904 0.358652 0.989714 0.356647 0.989830 0.356030 0.990408 0.355104 0.990640 0.354333 0.991218 0.354179 0.995036 0.354179 0.995615 0.354333 0.996077 0.354487 0.997581 0.355721 0.998738 0.356184 0.999201 0.356647 0.999548 0.358189 0.999548 0.359115 0.998738 0.363280 0.998623 0.365439 0.997581 0.367445 0.997234 0.367753 0.996540 0.367908 0.995036 0.367908
0 0.325108 0.315320 0.322885 0.317238 0.320139 0.317238 0.319616 0.316889 0.319355 0.316366 0.318570 0.315843 0.318309 0.315320 0.318309 0.310090 0.317394 0.307650 0.317394 0.305906 0.317524 0.305383 0.318047 0.304337 0.318832 0.303814 0.319616 0.303640 0.320793 0.303640 0.321316 0.302594 0.321316 0.301722 0.321708 0.300676 0.322101 0.300153 0.322231 0.299630 0.322754 0.298933 0.323147 0.298933 0.323539 0.298410 0.323931 0.298410 0.325762 0.297712 0.326546 0.297712 0.326939 0.298759 0.326939 0.301897 0.326677 0.302943 0.326023 0.304686 0.325500 0.305035 0.324846 0.306081 0.324977 0.307127 0.326023 0.307998 0.326285 0.308521 0.326808 0.310962 0.326808 0.312705 0.326285 0.314274
0 0.240080 0.299525 0.239365 0.299525 0.237221 0.297196 0.236983 0.296666 0.236824 0.295396 0.236903 0.293913 0.237777 0.292325 0.238094 0.292007 0.239206 0.291689 0.241112 0.291795 0.242701 0.292325 0.243733 0.293489 0.244210 0.294337 0.244448 0.296878 0.244130 0.297937 0.242939 0.298996 0.240953 0.299737
0 0.246274 0.302384 0.246433 0.300690 0.246671 0.300055 0.246671 0.296772 0.246830 0.295607 0.243574 0.292854 0.243177 0.292748 0.242383 0.291584 0.241509 0.290842 0.241430 0.290313 0.241430 0.289360 0.241748 0.288301 0.242065 0.284701 0.242621 0.282265 0.243495 0.280571 0.244289 0.280783 0.245401 0.281842 0.246036 0.282689 0.247466 0.285230 0.248260 0.285760 0.248419 0.286289 0.248419 0.288089 0.248736 0.288513 0.249451 0.289042 0.250642 0.288936 0.251198 0.288619 0.251595 0.288195 0.252628 0.285230 0.253342 0.284383 0.254454 0.283748 0.260093 0.283536 0.261205 0.284171 0.261761 0.285124 0.261999 0.286289 0.262078 0.290842 0.261443 0.292854 0.259855 0.295078 0.259696 0.296137 0.259696 0.297831 0.260172 0.299737 0.260331 0.300796 0.260331 0.301961 0.259616 0.304396 0.259140 0.305455 0.258822 0.305773 0.254931 0.307255 0.253422 0.307996 0.251834 0.308102 0.251039 0.307785 0.248895 0.305879 0.248498 0.305773 0.247704 0.305137 0.246751 0.303549
0 0.129916 0.006234 0.128982 0.005923 0.128632 0.005611 0.127931 0.004677 0.127347 0.003588 0.127231 0.002965 0.127581 0.001564 0.128632 0.000318 0.129215 0.000000 0.129682 0.000000 0.132368 0.000000 0.132835 0.000163 0.133419 0.000163 0.134820 0.000630 0.135053 0.001252 0.134470 0.002654 0.133185 0.003743 0.132601 0.003899 0.131784 0.004833 0.130850 0.005456
0 0.413904 0.033191 0.413066 0.034149 0.410912 0.034149 0.410553 0.033830 0.409835 0.032394 0.409716 0.027927 0.410314 0.026172 0.411391 0.024896 0.412228 0.024257 0.412587 0.023619 0.413066 0.023460 0.414382 0.023619 0.414861 0.024098 0.415818 0.025853 0.417014 0.027129 0.417613 0.027129 0.418331 0.028086 0.418331 0.029362 0.417254 0.030798 0.416775 0.030958 0.414861 0.032234
0 0.218161 0.332668 0.217605 0.333092 0.214111 0.333198 0.213793 0.332880 0.213078 0.331080 0.212919 0.329280 0.211887 0.326315 0.211887 0.323774 0.212681 0.319538 0.213634 0.317950 0.214905 0.314667 0.215222 0.314350 0.215699 0.314244 0.218558 0.314350 0.219908 0.315091 0.220702 0.316150 0.222449 0.316785 0.222608 0.322927 0.222926 0.324197 0.222846 0.327056 0.222052 0.329492 0.221338 0.330551 0.218717 0.331821
0 0.234044 0.304396 0.233171 0.304820 0.231423 0.306620 0.230947 0.306832 0.230153 0.306726 0.229676 0.306302 0.228247 0.305773 0.226103 0.305455 0.224832 0.304608 0.224117 0.303019 0.224197 0.299207 0.224911 0.296666 0.225705 0.295607 0.226182 0.295607 0.228882 0.294654 0.230153 0.294548 0.231503 0.293913 0.232774 0.294019 0.235633 0.296560 0.238253 0.301325 0.238333 0.304078 0.237936 0.305667 0.237300 0.306514 0.236506 0.306937 0.235553 0.306832 0.235235 0.306514 0.234680 0.305031
0 0.322754 0.297538 0.321578 0.297712 0.320924 0.296144 0.320532 0.295795 0.318963 0.293529 0.318963 0.291262 0.319093 0.290739 0.319878 0.289170 0.320662 0.288996 0.323408 0.288996 0.323800 0.289344 0.324977 0.289344 0.325762 0.289867 0.325893 0.290390 0.325893 0.294574 0.325762 0.295098 0.324846 0.296667 0.323931 0.297015
0 0.409626 0.349231 0.409626 0.348247 0.407965 0.346033 0.407965 0.345295 0.407780 0.344803 0.407873 0.343450 0.408150 0.342957 0.408888 0.342465 0.410825 0.341727 0.411748 0.341727 0.413316 0.342588 0.414331 0.344311 0.414700 0.345541 0.414700 0.346156 0.414054 0.347140 0.411932 0.348739 0.410456 0.349231
0 0.326560 0.493374 0.325412 0.493714 0.322350 0.493714 0.319288 0.491673 0.317757 0.490992 0.317246 0.490992 0.314439 0.490141 0.314057 0.489801 0.313801 0.489291 0.313801 0.487930 0.313929 0.487079 0.314439 0.486059 0.315460 0.484527 0.315843 0.484357 0.321840 0.484357 0.323498 0.483847 0.325795 0.483847 0.326560 0.484187 0.327326 0.484868 0.328219 0.485208 0.329240 0.486059 0.330005 0.486399 0.331664 0.486399 0.332047 0.486909 0.332047 0.487590 0.331792 0.488440 0.331537 0.490312 0.330516 0.491843 0.330005 0.493033 0.328857 0.493714 0.327836 0.493714
0 0.840221 0.439708 0.837639 0.439937 0.835572 0.439019 0.834711 0.437182 0.834711 0.434198 0.839877 0.431672 0.842288 0.431443 0.843149 0.432591 0.843665 0.434198 0.843838 0.437871 0.841943 0.440167
0 0.835745 0.429606 0.834884 0.427999 0.833334 0.427310 0.832301 0.425933 0.831784 0.425014 0.831612 0.422259 0.834195 0.419275 0.839877 0.416749 0.841255 0.418815 0.842288 0.419504 0.843149 0.421111 0.843321 0.425933 0.841082 0.429836 0.837122 0.430065
0 0.973589 0.183388 0.972334 0.184317 0.970940 0.184317 0.970521 0.184131 0.969266 0.182830 0.968988 0.182086 0.966757 0.178740 0.966757 0.175766 0.966896 0.175022 0.969266 0.171676 0.970103 0.171118 0.973310 0.171304 0.973868 0.172048 0.974007 0.172605 0.974007 0.177067 0.973868 0.179298 0.973589 0.180042 0.973589 0.181529
0 0.868102 0.395686 0.866521 0.394482 0.865731 0.393428 0.864828 0.391622 0.864263 0.390117 0.863925 0.389665 0.862796 0.386956 0.862118 0.386353 0.861667 0.386203 0.861328 0.385751 0.860086 0.384848 0.859070 0.384396 0.858957 0.383794 0.856473 0.381536 0.855796 0.380633 0.855570 0.378977 0.855570 0.378225 0.855796 0.377623 0.856925 0.375515 0.857941 0.374762 0.858957 0.373709 0.859634 0.373408 0.860989 0.372354 0.862344 0.371902 0.862796 0.371601 0.863360 0.371752 0.863812 0.373257 0.863925 0.375214 0.864150 0.375666 0.864150 0.376870 0.864489 0.378225 0.865279 0.378676 0.866183 0.378676 0.866747 0.378526 0.868666 0.377472 0.870021 0.377472 0.870473 0.377623 0.871263 0.379128 0.871602 0.380934 0.871602 0.382440 0.871489 0.383644 0.871150 0.384697 0.871150 0.387106 0.871037 0.387708 0.871827 0.389063 0.872731 0.389213 0.872731 0.390418 0.872618 0.391170 0.871940 0.392525 0.869231 0.394934
0 0.676957 0.486130 0.675488 0.485396 0.673835 0.483437 0.673835 0.481234 0.674203 0.480255 0.677691 0.478541 0.678058 0.479030 0.678058 0.484172
0 0.693533 0.486875 0.692596 0.488124 0.691660 0.488540 0.689786 0.488540 0.689474 0.487083 0.689161 0.486667 0.688693 0.484585 0.688693 0.480837 0.689161 0.480837 0.691660 0.479588 0.694470 0.479588 0.695875 0.479380 0.696031 0.480213 0.696031 0.483544 0.695719 0.483960 0.695719 0.484793 0.695407 0.486042 0.695095 0.486458
0 0.676039 0.477072 0.674570 0.478051 0.673652 0.477562 0.672366 0.475603 0.671632 0.473644 0.671632 0.471196 0.672550 0.469727 0.673284 0.469238 0.674937 0.469238 0.677324 0.470462 0.678058 0.473400 0.678058 0.474869 0.677508 0.475603
0 0.277457 0.054353 0.275629 0.054759 0.275020 0.053743 0.274715 0.052321 0.274410 0.051915 0.274258 0.051306 0.273801 0.050696 0.273344 0.050493 0.273039 0.050087 0.273039 0.049477 0.273496 0.049071 0.274105 0.047852 0.274715 0.047040 0.276086 0.047040 0.276543 0.047243 0.276848 0.047649 0.277000 0.048258 0.277000 0.050290 0.277305 0.051509 0.277610 0.051915 0.277610 0.052525
0 0.052966 0.126921 0.052252 0.127040 0.050914 0.126802 0.049843 0.125375 0.049754 0.124661 0.049843 0.123353 0.050111 0.122877 0.050825 0.122163 0.051271 0.121212 0.052698 0.121093 0.053055 0.121331 0.053947 0.122758 0.054214 0.125256 0.054125 0.126088 0.053679 0.127159
0 0.423671 0.010367 0.420174 0.008968 0.418950 0.007569 0.418250 0.005937 0.416502 0.005238 0.416677 0.000575 0.418950 0.000000 0.419999 0.000000 0.423146 0.001041 0.423321 0.005238 0.425069 0.005937 0.425594 0.007569 0.425594 0.009667 0.425244 0.010133
0 0.583654 0.049532 0.583305 0.047667 0.581032 0.045336 0.580857 0.043471 0.585927 0.038575 0.586976 0.038575 0.589599 0.039974 0.592571 0.040673 0.593271 0.041606 0.593271 0.043937 0.591173 0.047900 0.588725 0.048133 0.588026 0.048599 0.586976 0.050464 0.585403 0.050698
0 0.781250 0.200000 0.784375 0.200000 0.785156 0.200000 0.786719 0.202083 0.787500 0.202083 0.791406 0.207292 0.792188 0.208333 0.792188 0.210417 0.792969 0.211458 0.793750 0.222917 0.793750 0.223958 0.788281 0.231250 0.787500 0.232292 0.782813 0.230208 0.782031 0.229167 0.778125 0.211458 0.777344 0.210417 0.778125 0.206250 0.778125 0.205208 0.781250 0.200000
0 0.907762 0.079811 0.906818 0.077209 0.909399 0.076286 0.909714 0.075950 0.910028 0.074859 0.910658 0.073432 0.910910 0.070831 0.910658 0.070327 0.909777 0.069823 0.908769 0.069739 0.905245 0.070831 0.904804 0.071334 0.902160 0.073013 0.900398 0.074607 0.900083 0.075027 0.899831 0.076118 0.899831 0.078552 0.901027 0.080314 0.904791 0.082631 0.907951 0.081909
0 0.794110 0.211095 0.792141 0.210818 0.789447 0.208884 0.788825 0.208055 0.788721 0.206949 0.788203 0.205291 0.788203 0.204186 0.788618 0.202251 0.788721 0.201008 0.789136 0.200179 0.789550 0.199626 0.790483 0.199212 0.790898 0.199212 0.791727 0.199488 0.794214 0.201561 0.794939 0.203219 0.795043 0.203771 0.795043 0.208608 0.794836 0.209989
0 0.653714 0.270014 0.652792 0.270287 0.651564 0.270150 0.650949 0.269877 0.649619 0.268785 0.649516 0.268239 0.649516 0.264691 0.649823 0.264145 0.650335 0.263872 0.651973 0.263462 0.652895 0.263462 0.655044 0.266056 0.655556 0.266465 0.656068 0.267420 0.656170 0.267966 0.656068 0.268512 0.655761 0.269058 0.655454 0.270287 0.655147 0.270696 0.654737 0.270696
0 0.605106 0.401953 0.604196 0.401683 0.603792 0.399930 0.603792 0.398177 0.603994 0.397638 0.604399 0.397233 0.606623 0.396020 0.611174 0.396020 0.611579 0.396290 0.611882 0.396694 0.612084 0.397368 0.612084 0.402222 0.612691 0.403975 0.612691 0.405863 0.612084 0.406942 0.611680 0.407346 0.610062 0.407481 0.609151 0.407346 0.608241 0.406942 0.608039 0.406267 0.607938 0.405054 0.607635 0.404649 0.605005 0.403571 0.604702 0.403166 0.604500 0.401144
0 0.238281 0.118750 0.241406 0.119792 0.242188 0.120833 0.241406 0.126042 0.240625 0.127083 0.236719 0.126042 0.235937 0.125000 0.235937 0.121875 0.235937 0.120833 0.238281 0.118750
0 0.190034 0.262550 0.186509 0.262811 0.185922 0.260722 0.185922 0.258634 0.186509 0.256806 0.187293 0.255501 0.188467 0.254718 0.190425 0.254979 0.191013 0.255762 0.191209 0.257068 0.191013 0.260461
0 0.110156 0.614583 0.114062 0.615625 0.114844 0.616667 0.114844 0.621875 0.114844 0.622917 0.113281 0.623958 0.112500 0.625000 0.110937 0.625000 0.110156 0.625000 0.108594 0.622917 0.107813 0.621875 0.107813 0.618750 0.107031 0.617708 0.110156 0.614583
0 0.035549 0.725156 0.034766 0.723067 0.032808 0.720196 0.030067 0.719673 0.030067 0.718890 0.029675 0.718629 0.029675 0.716280 0.030262 0.713669 0.031046 0.712886 0.031829 0.712886 0.033591 0.707926 0.036332 0.705576 0.038094 0.705054 0.040248 0.705576 0.041619 0.706881 0.041815 0.709492 0.043577 0.713930 0.044947 0.714974 0.045731 0.716280 0.049842 0.719151 0.052388 0.719151 0.051996 0.719151 0.051409 0.721240 0.050626 0.721501 0.051017 0.724373 0.051017 0.726200 0.050626 0.726722 0.047884 0.726722 0.043381 0.722284 0.041423 0.722284 0.041227 0.723328 0.040444 0.724373 0.039269 0.725156 0.037311 0.725156
0 0.993143 0.620385 0.992382 0.618694 0.991875 0.616834 0.991494 0.616327 0.991240 0.615651 0.991114 0.614467 0.991114 0.612438 0.991240 0.611931 0.991621 0.611592 0.994030 0.611592 0.995172 0.612269 0.997201 0.613960 0.998469 0.615651 0.999103 0.616834 0.999737 0.618525 0.999737 0.619878 0.999610 0.620554 0.999357 0.621061 0.998596 0.621907 0.997708 0.622245 0.994284 0.622245 0.993650 0.622414 0.992509 0.622414 0.992255 0.621907 0.992635 0.621569
0 0.737500 0.847917 0.740625 0.847917 0.741406 0.847917 0.743750 0.850000 0.744531 0.851042 0.744531 0.858333 0.743750 0.859375 0.735938 0.859375 0.735156 0.858333 0.734375 0.852083 0.734375 0.851042 0.737500 0.847917
0 0.989465 0.622414 0.988324 0.622076 0.987943 0.621738 0.987309 0.620554 0.986929 0.620385 0.985914 0.620385 0.985153 0.620892 0.983631 0.620892 0.982871 0.620554 0.982871 0.619201 0.983631 0.617341 0.984012 0.616834 0.984266 0.615820 0.985280 0.615143 0.988197 0.615143 0.990226 0.615481 0.990606 0.615651 0.991494 0.616496 0.991494 0.617511 0.991621 0.618018 0.991621 0.622245 0.990860 0.622752
0 0.986548 0.631207 0.984392 0.631207 0.983885 0.631545 0.982871 0.631545 0.982490 0.631376 0.982237 0.630192 0.982237 0.627149 0.982363 0.626472 0.982617 0.625458 0.983378 0.624612 0.984392 0.622414 0.985280 0.621907 0.986168 0.621738 0.987816 0.621738 0.988704 0.622076 0.989465 0.622752 0.989592 0.623260 0.989592 0.625627 0.989338 0.626641 0.989338 0.628839 0.988831 0.630699 0.987563 0.631714
0 0.866406 0.616667 0.867188 0.617708 0.867969 0.617708 0.868750 0.618750 0.868750 0.619792 0.869531 0.620833 0.870313 0.620833 0.871094 0.620833 0.870313 0.621875 0.869531 0.622917 0.869531 0.623958 0.869531 0.625000 0.868750 0.626042 0.867969 0.627083 0.867969 0.629167 0.867969 0.630208 0.867188 0.631250 0.866406 0.631250 0.865625 0.632292 0.865625 0.634375 0.864844 0.635417 0.862500 0.635417 0.861719 0.635417 0.859375 0.638542 0.858594 0.639583 0.857812 0.639583 0.857031 0.638542 0.855469 0.638542 0.854688 0.638542 0.854688 0.635417 0.854688 0.634375 0.855469 0.633333 0.855469 0.632292 0.855469 0.631250 0.856250 0.631250 0.857031 0.630208 0.857812 0.629167 0.857812 0.623958 0.857031 0.622917 0.857031 0.616667 0.857031 0.615625 0.857812 0.615625 0.858594 0.614583 0.860156 0.614583 0.860938 0.614583 0.860938 0.616667 0.860938 0.617708 0.861719 0.618750 0.864062 0.618750 0.864844 0.618750 0.865625 0.617708 0.866406 0.616667
0 0.989211 0.643719 0.990480 0.643212 0.990987 0.642366 0.991748 0.639661 0.992001 0.639154 0.993270 0.638139 0.994791 0.635941 0.995552 0.635434 0.995679 0.634927 0.995299 0.633236 0.995045 0.632559 0.994157 0.631376 0.993650 0.631207 0.993270 0.630699 0.990099 0.630699 0.988704 0.630869 0.986421 0.631714 0.984646 0.633574 0.984646 0.635096 0.985026 0.637632 0.986929 0.641352 0.988070 0.642536
0 0.179688 0.042708 0.182812 0.042708 0.183594 0.042708 0.191406 0.050000 0.192188 0.051042 0.196875 0.059375 0.197656 0.060417 0.197656 0.071875 0.196875 0.072917 0.193750 0.072917 0.192969 0.072917 0.182031 0.065625 0.181250 0.064583 0.176563 0.053125 0.175781 0.052083 0.175781 0.048958 0.175781 0.047917 0.179688 0.042708
0 0.200781 0.000000 0.202344 0.000000 0.203125 0.001042 0.203125 0.003125 0.203125 0.004167 0.203906 0.005208 0.203906 0.006250 0.204687 0.007292 0.204687 0.009375 0.204687 0.010417 0.203906 0.011458 0.203906 0.012500 0.203906 0.013542 0.203125 0.014583 0.202344 0.015625 0.199219 0.015625 0.198437 0.015625 0.197656 0.014583 0.196875 0.013542 0.196875 0.011458 0.196875 0.010417 0.197656 0.009375 0.197656 0.008333 0.198437 0.007292 0.199219 0.006250 0.199219 0.005208 0.199219 0.004167 0.200000 0.003125 0.200781 0.002083 0.200781 0.000000
0 0.199219 0.075000 0.203809 0.074396 0.213281 0.078125 0.214062 0.080208 0.214062 0.081250 0.210938 0.092708 0.210156 0.093750 0.208594 0.094792 0.207813 0.094792 0.203906 0.092708 0.203824 0.091267 0.203960 0.086458 0.201962 0.083818 0.198437 0.081250 0.197656 0.080208 0.199219 0.075000
0 0.283747 0.612202 0.280574 0.611534 0.278569 0.609975 0.277901 0.608862 0.276565 0.600623 0.274561 0.596615 0.274394 0.595056 0.277233 0.591270 0.278736 0.590825 0.282578 0.587930 0.282077 0.587708 0.279237 0.588598 0.278235 0.588376 0.277400 0.587485 0.277066 0.586149 0.279572 0.583699 0.284415 0.583031 0.287588 0.580359 0.289592 0.580359 0.291429 0.581918 0.291930 0.584145 0.293266 0.587040 0.293934 0.590157 0.293934 0.597060 0.293099 0.603072 0.293266 0.612647 0.292765 0.613983 0.287755 0.615097 0.285751 0.615097 0.284415 0.613983
0 0.319319 0.605522 0.317888 0.604567 0.316695 0.602341 0.315979 0.600432 0.315621 0.600114 0.315144 0.600114 0.314070 0.599637 0.313474 0.599319 0.312997 0.598841 0.312400 0.597092 0.312162 0.593911 0.311923 0.593434 0.310969 0.592956 0.310492 0.592479 0.310492 0.590252 0.312281 0.586753 0.312639 0.586276 0.313355 0.585799 0.316575 0.585799 0.318126 0.585958 0.318961 0.586276 0.320035 0.586435 0.323136 0.587708 0.323375 0.588503 0.323375 0.595183 0.323614 0.597410 0.323614 0.602977 0.322301 0.604408 0.321705 0.604567 0.320512 0.605363
0 0.272223 0.594833 0.270386 0.594165 0.268883 0.592161 0.268048 0.586149 0.268549 0.583922 0.274394 0.577242 0.277734 0.575906 0.281910 0.575906 0.283914 0.574570 0.287588 0.574124 0.289592 0.575015 0.290427 0.577019 0.290427 0.579246 0.288757 0.582141 0.286085 0.584145 0.283246 0.584368 0.282912 0.584813 0.277567 0.584368 0.277233 0.584813 0.277233 0.586149 0.278235 0.587485 0.280240 0.588821 0.280240 0.590157 0.276732 0.593497 0.273392 0.593943
0 0.388560 0.721625 0.386690 0.717572 0.386222 0.717261 0.385755 0.714455 0.385287 0.713831 0.385521 0.707596 0.388326 0.707908 0.390665 0.710402 0.394873 0.713208 0.396744 0.715078 0.398848 0.716014 0.396276 0.719131 0.395575 0.721625 0.395107 0.721625 0.394639 0.722560 0.390197 0.722872
0 0.382481 0.722872 0.377104 0.722248 0.376870 0.720066 0.377337 0.719443 0.377805 0.716637 0.378273 0.716325 0.379909 0.710402 0.380845 0.709155 0.382481 0.709467 0.385521 0.712273 0.386690 0.715390 0.386690 0.717884 0.385988 0.719131 0.383650 0.720690
0 0.600781 0.604167 0.603906 0.604167 0.604688 0.604167 0.606250 0.608333 0.607031 0.609375 0.606250 0.612500 0.606250 0.613542 0.604688 0.615625 0.603906 0.616667 0.600781 0.617708 0.600000 0.617708 0.599219 0.616667 0.598437 0.616667 0.598437 0.611458 0.598437 0.610417 0.600781 0.604167
0 0.744531 0.679167 0.746875 0.679167 0.747656 0.679167 0.750781 0.682292 0.751563 0.683333 0.750781 0.688542 0.750000 0.689583 0.743750 0.687500 0.742969 0.686458 0.742969 0.684375 0.742188 0.683333 0.744531 0.679167
0 0.992969 0.762500 0.996154 0.762633 0.997391 0.767385 1.000000 0.766743 0.999904 0.777007 0.999219 0.778125 0.996094 0.779167 0.995313 0.779167 0.990625 0.788542 0.989844 0.789583 0.984375 0.790625 0.983594 0.790625 0.981250 0.784375 0.980469 0.783333 0.982031 0.776042 0.985684 0.777131 0.987404 0.767656 0.989630 0.765397 0.992969 0.762500
0 0.642395 0.115322 0.641969 0.113618 0.641685 0.113050 0.640691 0.112482 0.640265 0.112482 0.639271 0.111724 0.638276 0.110588 0.637992 0.109452 0.637992 0.108316 0.638276 0.107748 0.638703 0.107558 0.639413 0.106422 0.640549 0.105665 0.640975 0.103393 0.641259 0.102635 0.641543 0.102257 0.642395 0.101689 0.643815 0.101689 0.644241 0.101878 0.645377 0.103203 0.645661 0.103961 0.645661 0.104529 0.646087 0.106233 0.646087 0.114754 0.645945 0.115322 0.645661 0.115701 0.644241 0.116269 0.643389 0.116269
0 0.529926 0.336675 0.529926 0.326655 0.530761 0.324651 0.530594 0.323315 0.528256 0.321088 0.525751 0.321311 0.523246 0.323315 0.520908 0.326878 0.518737 0.328436 0.518236 0.330663 0.518236 0.332667 0.516733 0.334894 0.516232 0.336675 0.520741 0.338679 0.523747 0.338679 0.528256 0.337121
0 0.481494 0.328436 0.479657 0.328436 0.478488 0.326655 0.477987 0.325096 0.477820 0.322201 0.478655 0.321533 0.482329 0.321311 0.483331 0.322424 0.484334 0.325096 0.484334 0.326655 0.482997 0.327768
0 0.540769 0.838421 0.540222 0.839151 0.539797 0.839306 0.539654 0.840001 0.539108 0.840730 0.538365 0.841001 0.537843 0.841001 0.535324 0.840033 0.534498 0.838886 0.534260 0.837711 0.534464 0.836535 0.535324 0.835434 0.537564 0.834653 0.538644 0.834560 0.539386 0.834831 0.539791 0.835323 0.540222 0.835481 0.540769 0.836210 0.540972 0.837432
