0 0.498437 0.000000 0.508594 0.000000 0.509375 0.000000 0.510156 0.001042 0.510156 0.005208 0.510938 0.006250 0.510156 0.007292 0.509375 0.008333 0.508594 0.008333 0.507812 0.009375 0.507031 0.008333 0.505469 0.008333 0.504687 0.008333 0.503906 0.007292 0.503125 0.007292 0.503125 0.006250 0.502344 0.005208 0.500000 0.005208 0.499219 0.005208 0.499219 0.004167 0.498437 0.003125 0.498437 0.000000
0 0.557813 0.000000 0.570312 0.000000 0.571094 0.000000 0.571875 0.001042 0.571875 0.002083 0.569531 0.005208 0.568750 0.006250 0.564063 0.006250 0.563281 0.006250 0.563281 0.005208 0.562500 0.004167 0.561719 0.004167 0.560937 0.004167 0.560156 0.003125 0.559375 0.003125 0.558594 0.003125 0.558594 0.002083 0.558594 0.001042 0.557813 0.000000
0 0.581250 0.000000 0.591406 0.000000 0.592187 0.000000 0.592969 0.001042 0.592969 0.002083 0.592969 0.003125 0.593750 0.004167 0.594531 0.005208 0.594531 0.006250 0.596094 0.008333 0.596875 0.008333 0.596875 0.009375 0.597656 0.010417 0.599219 0.010417 0.600000 0.010417 0.600781 0.011458 0.600781 0.012500 0.601562 0.013542 0.602344 0.014583 0.603125 0.014583 0.603906 0.015625 0.604688 0.015625 0.605469 0.015625 0.606250 0.016667 0.607031 0.016667 0.607031 0.017708 0.607812 0.018750 0.607812 0.021875 0.607812 0.022917 0.608594 0.023958 0.609375 0.023958 0.610156 0.025000 0.610938 0.025000 0.610938 0.026042 0.610156 0.027083 0.609375 0.027083 0.608594 0.028125 0.607812 0.028125 0.607031 0.029167 0.606250 0.029167 0.605469 0.030208 0.604688 0.030208 0.603906 0.031250 0.603906 0.035417 0.603906 0.036458 0.604688 0.037500 0.605469 0.037500 0.606250 0.038542 0.605469 0.039583 0.605469 0.040625 0.605469 0.041667 0.604688 0.042708 0.604688 0.043750 0.603906 0.044792 0.603125 0.044792 0.602344 0.045833 0.601562 0.044792 0.596094 0.044792 0.595313 0.044792 0.594531 0.045833 0.592187 0.045833 0.591406 0.046875 0.584375 0.046875 0.583594 0.046875 0.582812 0.047917 0.582031 0.047917 0.580469 0.050000 0.579688 0.050000 0.578906 0.048958 0.578125 0.048958 0.577344 0.047917 0.574219 0.047917 0.573438 0.047917 0.573438 0.046875 0.573438 0.045833 0.572656 0.044792 0.571875 0.043750 0.570312 0.043750 0.569531 0.043750 0.568750 0.042708 0.567969 0.042708 0.567969 0.041667 0.567969 0.040625 0.568750 0.039583 0.568750 0.037500 0.569531 0.036458 0.569531 0.033333 0.569531 0.032292 0.570312 0.031250 0.571094 0.030208 0.571875 0.030208 0.572656 0.029167 0.572656 0.028125 0.575000 0.025000 0.575781 0.023958 0.575781 0.022917 0.577344 0.020833 0.578125 0.019792 0.578906 0.019792 0.579688 0.018750 0.580469 0.018750 0.581250 0.017708 0.581250 0.013542 0.580469 0.012500 0.580469 0.007292 0.580469 0.006250 0.581250 0.005208 0.581250 0.000000
0 0.787500 0.000000 0.815625 0.000000 0.816406 0.000000 0.817187 0.001042 0.816406 0.002083 0.816406 0.003125 0.816406 0.004167 0.815625 0.005208 0.815625 0.006250 0.814844 0.007292 0.814844 0.008333 0.813281 0.010417 0.812500 0.011458 0.811719 0.011458 0.810937 0.012500 0.807813 0.012500 0.807031 0.012500 0.806250 0.013542 0.806250 0.015625 0.805469 0.016667 0.803125 0.016667 0.802344 0.015625 0.799219 0.015625 0.798438 0.015625 0.797656 0.016667 0.797656 0.018750 0.797656 0.019792 0.798438 0.020833 0.799219 0.020833 0.799219 0.021875 0.801562 0.025000 0.802344 0.025000 0.802344 0.028125 0.803125 0.029167 0.807813 0.029167 0.808594 0.029167 0.809375 0.030208 0.812500 0.030208 0.813281 0.030208 0.814844 0.028125 0.814844 0.027083 0.815625 0.027083 0.816406 0.026042 0.816406 0.025000 0.821875 0.025000 0.822656 0.025000 0.823438 0.026042 0.823438 0.031250 0.823438 0.032292 0.824219 0.033333 0.824219 0.036458 0.824219 0.037500 0.826562 0.040625 0.827344 0.040625 0.827344 0.041667 0.828125 0.042708 0.828125 0.045833 0.828125 0.046875 0.825781 0.050000 0.825000 0.051042 0.824219 0.051042 0.823438 0.051042 0.821875 0.053125 0.821094 0.054167 0.821094 0.055208 0.819531 0.057292 0.819531 0.058333 0.816406 0.062500 0.815625 0.063542 0.814844 0.063542 0.814063 0.064583 0.813281 0.064583 0.812500 0.064583 0.810156 0.067708 0.810156 0.068750 0.807031 0.072917 0.806250 0.073958 0.806250 0.075000 0.805469 0.076042 0.804688 0.076042 0.803906 0.077083 0.802344 0.077083 0.801562 0.077083 0.800781 0.076042 0.799219 0.076042 0.798438 0.076042 0.797656 0.075000 0.796875 0.075000 0.796094 0.075000 0.796094 0.073958 0.795312 0.072917 0.794531 0.071875 0.791406 0.071875 0.790625 0.071875 0.789844 0.072917 0.789062 0.073958 0.788281 0.073958 0.787500 0.075000 0.787500 0.077083 0.786719 0.078125 0.785937 0.078125 0.785156 0.079167 0.784375 0.079167 0.783594 0.080208 0.782813 0.081250 0.782031 0.080208 0.781250 0.080208 0.781250 0.078125 0.781250 0.077083 0.782031 0.076042 0.782031 0.075000 0.782813 0.073958 0.782813 0.069792 0.782813 0.068750 0.783594 0.067708 0.784375 0.067708 0.785156 0.066667 0.785937 0.065625 0.785937 0.059375 0.785937 0.058333 0.785156 0.057292 0.784375 0.057292 0.784375 0.056250 0.783594 0.055208 0.783594 0.054167 0.783594 0.053125 0.784375 0.052083 0.784375 0.051042 0.785156 0.050000 0.785937 0.048958 0.785937 0.044792 0.785937 0.043750 0.785156 0.042708 0.784375 0.042708 0.783594 0.041667 0.783594 0.040625 0.783594 0.039583 0.781250 0.036458 0.780469 0.035417 0.780469 0.032292 0.779687 0.031250 0.780469 0.030208 0.780469 0.023958 0.780469 0.022917 0.781250 0.021875 0.781250 0.020833 0.781250 0.019792 0.782031 0.019792 0.782813 0.018750 0.782813 0.015625 0.782813 0.014583 0.782031 0.013542 0.782031 0.011458 0.782031 0.010417 0.782813 0.009375 0.783594 0.008333 0.785156 0.008333 0.785937 0.007292 0.785937 0.006250 0.786719 0.005208 0.786719 0.004167 0.787500 0.003125 0.787500 0.000000
0 0.860156 0.000000 0.866406 0.000000 0.867188 0.001042 0.867188 0.006250 0.867188 0.007292 0.866406 0.008333 0.866406 0.009375 0.865625 0.010417 0.864844 0.010417 0.864062 0.011458 0.863281 0.011458 0.862500 0.012500 0.861719 0.013542 0.860938 0.012500 0.860156 0.011458 0.859375 0.011458 0.858594 0.010417 0.858594 0.009375 0.858594 0.008333 0.859375 0.007292 0.859375 0.004167 0.859375 0.003125 0.860156 0.002083 0.860156 0.000000
0 0.546875 0.007292 0.547656 0.008333 0.548438 0.008333 0.549219 0.008333 0.549219 0.010417 0.550000 0.011458 0.547656 0.014583 0.547656 0.015625 0.546875 0.016667 0.546094 0.016667 0.545312 0.017708 0.544531 0.017708 0.543750 0.017708 0.542969 0.018750 0.542188 0.019792 0.541406 0.019792 0.540625 0.019792 0.539844 0.018750 0.539062 0.018750 0.539062 0.016667 0.539062 0.015625 0.539844 0.014583 0.539844 0.013542 0.540625 0.013542 0.541406 0.012500 0.541406 0.011458 0.542969 0.011458 0.543750 0.011458 0.545312 0.009375 0.546094 0.009375 0.546875 0.008333 0.546875 0.007292
0 0.963281 0.008333 0.967969 0.008333 0.968750 0.008333 0.970313 0.010417 0.971094 0.011458 0.971094 0.012500 0.971875 0.013542 0.971094 0.014583 0.971094 0.017708 0.971094 0.018750 0.967187 0.023958 0.967187 0.025000 0.966406 0.026042 0.965625 0.026042 0.964844 0.027083 0.963281 0.027083 0.962500 0.027083 0.961719 0.028125 0.961719 0.029167 0.961719 0.030208 0.960938 0.031250 0.960156 0.031250 0.959375 0.031250 0.958594 0.030208 0.957812 0.030208 0.957812 0.029167 0.957031 0.028125 0.957031 0.026042 0.957812 0.025000 0.957812 0.017708 0.957812 0.016667 0.958594 0.015625 0.959375 0.014583 0.959375 0.012500 0.959375 0.011458 0.960156 0.011458 0.960938 0.010417 0.961719 0.010417 0.963281 0.008333
0 0.162500 0.011458 0.163281 0.012500 0.164062 0.012500 0.164844 0.013542 0.165625 0.013542 0.165625 0.016667 0.165625 0.017708 0.164844 0.018750 0.164062 0.018750 0.163281 0.019792 0.162500 0.019792 0.162500 0.017708 0.162500 0.016667 0.161719 0.015625 0.160938 0.015625 0.160938 0.014583 0.160938 0.013542 0.161719 0.013542 0.162500 0.012500 0.162500 0.011458
0 0.141406 0.012500 0.142187 0.013542 0.142969 0.013542 0.143750 0.014583 0.143750 0.015625 0.144531 0.016667 0.145313 0.016667 0.146094 0.017708 0.147656 0.017708 0.148438 0.017708 0.149219 0.016667 0.150781 0.016667 0.151562 0.016667 0.152344 0.015625 0.153125 0.014583 0.153906 0.015625 0.156250 0.015625 0.157031 0.015625 0.157031 0.016667 0.157812 0.017708 0.157812 0.019792 0.157812 0.020833 0.158594 0.021875 0.158594 0.022917 0.159375 0.023958 0.159375 0.025000 0.157812 0.027083 0.157031 0.028125 0.156250 0.028125 0.155469 0.029167 0.155469 0.030208 0.155469 0.031250 0.153906 0.033333 0.153125 0.034375 0.152344 0.034375 0.151562 0.035417 0.150781 0.035417 0.150000 0.036458 0.147656 0.036458 0.146875 0.036458 0.146094 0.037500 0.145313 0.037500 0.144531 0.038542 0.143750 0.038542 0.142969 0.039583 0.142187 0.039583 0.141406 0.040625 0.140625 0.039583 0.139844 0.039583 0.139063 0.039583 0.139063 0.036458 0.138281 0.035417 0.136719 0.035417 0.135937 0.035417 0.135156 0.036458 0.135156 0.038542 0.134375 0.039583 0.131250 0.039583 0.130469 0.039583 0.129688 0.040625 0.128906 0.041667 0.128906 0.043750 0.128906 0.044792 0.129688 0.045833 0.131250 0.045833 0.132031 0.045833 0.134375 0.048958 0.135156 0.050000 0.135156 0.051042 0.135156 0.052083 0.135937 0.053125 0.136719 0.053125 0.137500 0.054167 0.138281 0.055208 0.139063 0.055208 0.139844 0.056250 0.139844 0.058333 0.140625 0.059375 0.139844 0.060417 0.139844 0.061458 0.139063 0.062500 0.138281 0.063542 0.132031 0.063542 0.131250 0.063542 0.130469 0.064583 0.129688 0.064583 0.128906 0.064583 0.128125 0.065625 0.127344 0.066667 0.127344 0.067708 0.125781 0.069792 0.125000 0.070833 0.125000 0.071875 0.124219 0.072917 0.123438 0.072917 0.122656 0.073958 0.121094 0.073958 0.120313 0.073958 0.120313 0.069792 0.120313 0.068750 0.119531 0.067708 0.116406 0.067708 0.115625 0.067708 0.114844 0.066667 0.114062 0.066667 0.114062 0.065625 0.113281 0.064583 0.112500 0.064583 0.111719 0.064583 0.111719 0.063542 0.110937 0.062500 0.110156 0.062500 0.110156 0.060417 0.109375 0.059375 0.110156 0.058333 0.110156 0.055208 0.110156 0.054167 0.110937 0.053125 0.110937 0.052083 0.111719 0.052083 0.112500 0.051042 0.113281 0.051042 0.114062 0.050000 0.114844 0.050000 0.115625 0.048958 0.116406 0.048958 0.117188 0.048958 0.117969 0.050000 0.118750 0.051042 0.121094 0.051042 0.121875 0.051042 0.122656 0.050000 0.122656 0.046875 0.122656 0.045833 0.121875 0.044792 0.119531 0.044792 0.118750 0.044792 0.117969 0.043750 0.117188 0.042708 0.116406 0.042708 0.115625 0.041667 0.114844 0.041667 0.114062 0.040625 0.113281 0.040625 0.112500 0.040625 0.112500 0.038542 0.111719 0.037500 0.111719 0.032292 0.111719 0.031250 0.112500 0.031250 0.114844 0.028125 0.115625 0.027083 0.115625 0.026042 0.116406 0.025000 0.117188 0.025000 0.117969 0.023958 0.118750 0.023958 0.119531 0.023958 0.120313 0.022917 0.121094 0.021875 0.121875 0.021875 0.122656 0.020833 0.123438 0.020833 0.125000 0.018750 0.125781 0.017708 0.126562 0.017708 0.127344 0.016667 0.132031 0.016667 0.132812 0.016667 0.133594 0.017708 0.135156 0.017708 0.135937 0.017708 0.136719 0.016667 0.137500 0.016667 0.139063 0.014583 0.139844 0.014583 0.141406 0.012500
0 0.459375 0.025000 0.460156 0.025000 0.460938 0.025000 0.461719 0.026042 0.462500 0.026042 0.463281 0.026042 0.464062 0.027083 0.464844 0.027083 0.464844 0.028125 0.466406 0.030208 0.466406 0.031250 0.467187 0.032292 0.467969 0.032292 0.467969 0.033333 0.468750 0.034375 0.468750 0.035417 0.469531 0.036458 0.470313 0.036458 0.471094 0.037500 0.471875 0.038542 0.472656 0.038542 0.473438 0.038542 0.474219 0.039583 0.474219 0.040625 0.475000 0.041667 0.475781 0.041667 0.475781 0.045833 0.475781 0.046875 0.475000 0.047917 0.474219 0.048958 0.474219 0.051042 0.474219 0.052083 0.472656 0.054167 0.471875 0.055208 0.471875 0.056250 0.471094 0.057292 0.464844 0.057292 0.464062 0.057292 0.463281 0.056250 0.460156 0.056250 0.459375 0.056250 0.457813 0.054167 0.457031 0.053125 0.457031 0.052083 0.457031 0.051042 0.456250 0.050000 0.456250 0.048958 0.455469 0.047917 0.455469 0.044792 0.455469 0.043750 0.456250 0.042708 0.456250 0.037500 0.456250 0.036458 0.457031 0.035417 0.457031 0.031250 0.457031 0.030208 0.457813 0.030208 0.458594 0.029167 0.458594 0.028125 0.459375 0.027083 0.459375 0.025000
0 0.239063 0.028125 0.243750 0.028125 0.244531 0.028125 0.245312 0.029167 0.246875 0.029167 0.247656 0.029167 0.246875 0.029167 0.246094 0.030208 0.246094 0.036458 0.246094 0.037500 0.246875 0.038542 0.247656 0.039583 0.247656 0.040625 0.246094 0.042708 0.245312 0.043750 0.243750 0.043750 0.242969 0.043750 0.242188 0.042708 0.241406 0.042708 0.240625 0.042708 0.240625 0.036458 0.240625 0.035417 0.239844 0.034375 0.239063 0.033333 0.239063 0.030208 0.238281 0.029167 0.239063 0.028125
0 0.389062 0.038542 0.389844 0.038542 0.390625 0.038542 0.391406 0.039583 0.392188 0.039583 0.392969 0.039583 0.392969 0.040625 0.393750 0.041667 0.394531 0.042708 0.395313 0.042708 0.396875 0.044792 0.397656 0.044792 0.397656 0.046875 0.398438 0.047917 0.402344 0.047917 0.403125 0.047917 0.403125 0.048958 0.403906 0.050000 0.403906 0.053125 0.403906 0.054167 0.403125 0.055208 0.402344 0.056250 0.402344 0.057292 0.402344 0.058333 0.401562 0.059375 0.400000 0.059375 0.399219 0.059375 0.398438 0.060417 0.398438 0.061458 0.397656 0.062500 0.396875 0.062500 0.396094 0.063542 0.395313 0.064583 0.390625 0.064583 0.389844 0.065625 0.389062 0.064583 0.388281 0.064583 0.387500 0.064583 0.387500 0.063542 0.386719 0.062500 0.386719 0.061458 0.385937 0.060417 0.385937 0.052083 0.385937 0.051042 0.385156 0.050000 0.385156 0.045833 0.385156 0.044792 0.385937 0.043750 0.385937 0.042708 0.387500 0.040625 0.387500 0.039583 0.388281 0.039583 0.389062 0.038542
0 0.152344 0.047917 0.153125 0.047917 0.153906 0.047917 0.153906 0.048958 0.154688 0.050000 0.154688 0.051042 0.154688 0.052083 0.155469 0.053125 0.156250 0.053125 0.157031 0.053125 0.155469 0.055208 0.154688 0.056250 0.154688 0.057292 0.153906 0.058333 0.153125 0.058333 0.152344 0.057292 0.150781 0.057292 0.150000 0.057292 0.150000 0.056250 0.149219 0.055208 0.147656 0.055208 0.146875 0.054167 0.146875 0.053125 0.146875 0.052083 0.147656 0.052083 0.148438 0.051042 0.149219 0.051042 0.150000 0.050000 0.150781 0.050000 0.151562 0.050000 0.152344 0.048958 0.152344 0.047917
0 0.567969 0.051042 0.572656 0.051042 0.573438 0.051042 0.573438 0.054167 0.573438 0.055208 0.574219 0.056250 0.575000 0.057292 0.575781 0.057292 0.576562 0.057292 0.578125 0.059375 0.578906 0.059375 0.578906 0.060417 0.578906 0.061458 0.579688 0.062500 0.579688 0.063542 0.579688 0.064583 0.575781 0.069792 0.575000 0.070833 0.575000 0.071875 0.574219 0.072917 0.573438 0.073958 0.572656 0.073958 0.571875 0.072917 0.571094 0.072917 0.570312 0.071875 0.567969 0.071875 0.567187 0.071875 0.567187 0.070833 0.566406 0.069792 0.562500 0.069792 0.561719 0.069792 0.560937 0.068750 0.559375 0.068750 0.558594 0.068750 0.558594 0.065625 0.558594 0.064583 0.559375 0.063542 0.559375 0.062500 0.559375 0.061458 0.560156 0.061458 0.560937 0.060417 0.560937 0.059375 0.561719 0.059375 0.563281 0.057292 0.564063 0.057292 0.564844 0.056250 0.564844 0.055208 0.565625 0.054167 0.565625 0.053125 0.566406 0.052083 0.567187 0.052083 0.567969 0.051042
0 0.264844 0.067708 0.266406 0.067708 0.267188 0.067708 0.267188 0.068750 0.267969 0.069792 0.268750 0.070833 0.268750 0.072917 0.269531 0.073958 0.268750 0.075000 0.268750 0.076042 0.267969 0.077083 0.267188 0.077083 0.266406 0.078125 0.265625 0.079167 0.264844 0.079167 0.264062 0.080208 0.263281 0.079167 0.260937 0.079167 0.260156 0.079167 0.260156 0.077083 0.259375 0.076042 0.260156 0.075000 0.260937 0.073958 0.260937 0.072917 0.261719 0.071875 0.261719 0.070833 0.262500 0.069792 0.263281 0.068750 0.264062 0.068750 0.264844 0.067708
0 0.170313 0.071875 0.175000 0.071875 0.175781 0.071875 0.175781 0.072917 0.176563 0.073958 0.176563 0.075000 0.177344 0.076042 0.178125 0.077083 0.178906 0.077083 0.179688 0.078125 0.179688 0.084375 0.179688 0.085417 0.180469 0.086458 0.180469 0.089583 0.180469 0.090625 0.181250 0.091667 0.183594 0.091667 0.184375 0.091667 0.185938 0.093750 0.186719 0.093750 0.187500 0.094792 0.187500 0.095833 0.187500 0.096875 0.188281 0.097917 0.188281 0.098958 0.189062 0.100000 0.190625 0.100000 0.191406 0.101042 0.193750 0.101042 0.194531 0.101042 0.196094 0.103125 0.196875 0.104167 0.196875 0.108333 0.196875 0.109375 0.196094 0.110417 0.195312 0.111458 0.195312 0.113542 0.194531 0.114583 0.194531 0.123958 0.194531 0.125000 0.193750 0.126042 0.193750 0.127083 0.193750 0.128125 0.192188 0.130208 0.191406 0.131250 0.189844 0.131250 0.189062 0.131250 0.188281 0.132292 0.187500 0.133333 0.186719 0.133333 0.185938 0.133333 0.185156 0.134375 0.185156 0.135417 0.184375 0.136458 0.184375 0.137500 0.182812 0.139583 0.182031 0.140625 0.181250 0.140625 0.180469 0.141667 0.179688 0.141667 0.178906 0.141667 0.178125 0.142708 0.177344 0.142708 0.177344 0.140625 0.176563 0.139583 0.172656 0.139583 0.171875 0.139583 0.171094 0.140625 0.171094 0.144792 0.171094 0.145833 0.170313 0.146875 0.170313 0.147917 0.168750 0.145833 0.167969 0.145833 0.167969 0.144792 0.167969 0.143750 0.167187 0.142708 0.166406 0.142708 0.166406 0.141667 0.165625 0.140625 0.163281 0.140625 0.162500 0.140625 0.162500 0.139583 0.161719 0.138542 0.160156 0.138542 0.159375 0.138542 0.159375 0.136458 0.159375 0.135417 0.158594 0.134375 0.157812 0.134375 0.157031 0.134375 0.156250 0.133333 0.155469 0.132292 0.153125 0.132292 0.152344 0.132292 0.151562 0.133333 0.150781 0.134375 0.148438 0.134375 0.147656 0.134375 0.146875 0.133333 0.145313 0.133333 0.144531 0.133333 0.144531 0.132292 0.144531 0.131250 0.151562 0.131250 0.152344 0.130208 0.152344 0.126042 0.152344 0.125000 0.153125 0.123958 0.153906 0.123958 0.154688 0.122917 0.155469 0.121875 0.155469 0.118750 0.155469 0.117708 0.154688 0.116667 0.154688 0.114583 0.153906 0.113542 0.154688 0.112500 0.155469 0.111458 0.155469 0.110417 0.156250 0.109375 0.156250 0.108333 0.156250 0.107292 0.157031 0.106250 0.157031 0.105208 0.157812 0.104167 0.158594 0.103125 0.158594 0.101042 0.158594 0.100000 0.157812 0.098958 0.150000 0.098958 0.149219 0.098958 0.147656 0.101042 0.147656 0.102083 0.144531 0.106250 0.143750 0.106250 0.142969 0.105208 0.142187 0.105208 0.141406 0.104167 0.140625 0.103125 0.139844 0.103125 0.139063 0.102083 0.139063 0.100000 0.139063 0.098958 0.138281 0.097917 0.138281 0.096875 0.137500 0.095833 0.137500 0.094792 0.136719 0.093750 0.135937 0.092708 0.135937 0.091667 0.135937 0.090625 0.136719 0.090625 0.137500 0.089583 0.139844 0.089583 0.140625 0.089583 0.141406 0.088542 0.141406 0.087500 0.142187 0.087500 0.142969 0.086458 0.143750 0.085417 0.144531 0.085417 0.145313 0.085417 0.146094 0.084375 0.147656 0.084375 0.148438 0.084375 0.149219 0.083333 0.150000 0.083333 0.150781 0.083333 0.151562 0.082292 0.152344 0.082292 0.153125 0.082292 0.153906 0.081250 0.153906 0.080208 0.153906 0.079167 0.154688 0.078125 0.154688 0.077083 0.154688 0.076042 0.155469 0.075000 0.156250 0.075000 0.157031 0.073958 0.157812 0.075000 0.158594 0.075000 0.159375 0.075000 0.160156 0.076042 0.160938 0.076042 0.160938 0.077083 0.160938 0.078125 0.161719 0.079167 0.162500 0.080208 0.164062 0.080208 0.164844 0.080208 0.165625 0.079167 0.165625 0.078125 0.167969 0.075000 0.167969 0.073958 0.168750 0.073958 0.170313 0.071875
0 0.040625 0.072917 0.041406 0.072917 0.042188 0.072917 0.042969 0.073958 0.044531 0.073958 0.045312 0.073958 0.045312 0.077083 0.045312 0.078125 0.046094 0.079167 0.046875 0.079167 0.046094 0.079167 0.045312 0.080208 0.045312 0.081250 0.044531 0.082292 0.044531 0.083333 0.042188 0.086458 0.041406 0.087500 0.040625 0.087500 0.039844 0.088542 0.037500 0.088542 0.036719 0.088542 0.036719 0.087500 0.035937 0.086458 0.036719 0.085417 0.036719 0.084375 0.037500 0.083333 0.038281 0.082292 0.038281 0.079167 0.038281 0.078125 0.039062 0.077083 0.039062 0.076042 0.039844 0.075000 0.039844 0.073958 0.040625 0.072917
0 0.320312 0.076042 0.322656 0.076042 0.323437 0.076042 0.327344 0.081250 0.328125 0.081250 0.328125 0.084375 0.328906 0.085417 0.328906 0.086458 0.328906 0.087500 0.328125 0.088542 0.328125 0.089583 0.328125 0.090625 0.325000 0.094792 0.324219 0.095833 0.322656 0.095833 0.321875 0.096875 0.320312 0.096875 0.319531 0.095833 0.319531 0.093750 0.318750 0.092708 0.319531 0.091667 0.319531 0.089583 0.319531 0.088542 0.317969 0.086458 0.317188 0.085417 0.317188 0.081250 0.317188 0.080208 0.320312 0.076042
0 0.003906 0.087500 0.004687 0.087500 0.005469 0.087500 0.005469 0.088542 0.006250 0.089583 0.006250 0.090625 0.006250 0.091667 0.007031 0.092708 0.007031 0.093750 0.006250 0.094792 0.005469 0.094792 0.004687 0.095833 0.003906 0.095833 0.003125 0.096875 0.002344 0.096875 0.002344 0.094792 0.002344 0.093750 0.001563 0.092708 0.000781 0.092708 0.000000 0.091667 0.000000 0.089583 0.000000 0.088542 0.002344 0.088542 0.003125 0.088542 0.003906 0.087500
0 0.035156 0.095833 0.038281 0.095833 0.039062 0.095833 0.039062 0.100000 0.039062 0.101042 0.039844 0.102083 0.040625 0.102083 0.040625 0.103125 0.041406 0.104167 0.042188 0.104167 0.041406 0.105208 0.041406 0.106250 0.041406 0.107292 0.039844 0.109375 0.039844 0.110417 0.039062 0.109375 0.038281 0.109375 0.037500 0.109375 0.036719 0.108333 0.035937 0.108333 0.035156 0.108333 0.034375 0.107292 0.033594 0.106250 0.033594 0.101042 0.033594 0.100000 0.034375 0.098958 0.034375 0.097917 0.034375 0.096875 0.035156 0.095833
0 0.367188 0.097917 0.372656 0.097917 0.373437 0.097917 0.374219 0.098958 0.375781 0.098958 0.376563 0.098958 0.376563 0.101042 0.377344 0.102083 0.377344 0.103125 0.376563 0.104167 0.376563 0.106250 0.376563 0.107292 0.375000 0.109375 0.374219 0.110417 0.373437 0.110417 0.372656 0.111458 0.371875 0.111458 0.371094 0.112500 0.370312 0.112500 0.369531 0.112500 0.368750 0.113542 0.367969 0.114583 0.367188 0.114583 0.366406 0.114583 0.365625 0.113542 0.365625 0.105208 0.365625 0.104167 0.364844 0.103125 0.364844 0.101042 0.364844 0.100000 0.365625 0.100000 0.367188 0.097917
0 0.296094 0.101042 0.303906 0.101042 0.304688 0.101042 0.303906 0.102083 0.303906 0.103125 0.303906 0.104167 0.301563 0.107292 0.300781 0.108333 0.293750 0.108333 0.292969 0.107292 0.292969 0.105208 0.292969 0.104167 0.293750 0.103125 0.294531 0.102083 0.295312 0.102083 0.296094 0.101042
0 0.997656 0.102083 0.998437 0.102083 0.999219 0.102083 0.999219 0.111458 0.999219 0.112500 0.998437 0.113542 0.991406 0.113542 0.990625 0.114583 0.989844 0.113542 0.989062 0.113542 0.989062 0.110417 0.988281 0.109375 0.989062 0.108333 0.989062 0.107292 0.989844 0.106250 0.989844 0.105208 0.993750 0.105208 0.994531 0.105208 0.995313 0.104167 0.996094 0.103125 0.996875 0.103125 0.997656 0.102083
0 0.502344 0.105208 0.503906 0.105208 0.504687 0.106250 0.504687 0.109375 0.505469 0.110417 0.508594 0.110417 0.509375 0.110417 0.509375 0.113542 0.509375 0.114583 0.508594 0.115625 0.507812 0.115625 0.503125 0.121875 0.502344 0.122917 0.501563 0.122917 0.500781 0.121875 0.498437 0.121875 0.497656 0.121875 0.496875 0.120833 0.496094 0.120833 0.495312 0.119792 0.495312 0.116667 0.495312 0.115625 0.494531 0.114583 0.493750 0.114583 0.493750 0.112500 0.492969 0.111458 0.493750 0.110417 0.495312 0.110417 0.496094 0.110417 0.496875 0.109375 0.498437 0.109375 0.499219 0.109375 0.502344 0.105208
0 0.380469 0.108333 0.381250 0.108333 0.382031 0.108333 0.383594 0.110417 0.384375 0.110417 0.384375 0.112500 0.385156 0.113542 0.385156 0.118750 0.384375 0.119792 0.382812 0.119792 0.382031 0.119792 0.381250 0.118750 0.380469 0.118750 0.380469 0.117708 0.379688 0.116667 0.379688 0.111458 0.379688 0.110417 0.380469 0.109375 0.380469 0.108333
0 0.010156 0.117708 0.010937 0.117708 0.011719 0.117708 0.014844 0.121875 0.015625 0.122917 0.016406 0.122917 0.017188 0.123958 0.017969 0.123958 0.017969 0.125000 0.018750 0.126042 0.019531 0.126042 0.020313 0.127083 0.021094 0.127083 0.021875 0.128125 0.022656 0.128125 0.024219 0.130208 0.025000 0.130208 0.025000 0.131250 0.024219 0.132292 0.024219 0.133333 0.024219 0.134375 0.023438 0.135417 0.023438 0.136458 0.022656 0.137500 0.021875 0.137500 0.021094 0.138542 0.021094 0.139583 0.020313 0.140625 0.019531 0.140625 0.018750 0.140625 0.017969 0.141667 0.017188 0.142708 0.015625 0.142708 0.014844 0.142708 0.014063 0.141667 0.013281 0.140625 0.011719 0.140625 0.010937 0.140625 0.010937 0.139583 0.010156 0.138542 0.009375 0.138542 0.009375 0.136458 0.009375 0.135417 0.008594 0.134375 0.007812 0.134375 0.007812 0.133333 0.007031 0.132292 0.007031 0.122917 0.007031 0.121875 0.007812 0.121875 0.008594 0.120833 0.008594 0.119792 0.008594 0.118750 0.009375 0.118750 0.010156 0.117708
0 0.649219 0.117708 0.650000 0.118750 0.650000 0.119792 0.650781 0.120833 0.651563 0.121875 0.652344 0.121875 0.653125 0.122917 0.653906 0.122917 0.653906 0.125000 0.653906 0.126042 0.654687 0.127083 0.654687 0.129167 0.654687 0.130208 0.652344 0.133333 0.651563 0.133333 0.650781 0.134375 0.650781 0.135417 0.650000 0.136458 0.649219 0.136458 0.648438 0.137500 0.647656 0.138542 0.643750 0.138542 0.642969 0.138542 0.642969 0.134375 0.642969 0.133333 0.642188 0.132292 0.641406 0.131250 0.641406 0.130208 0.639844 0.128125 0.639062 0.128125 0.639062 0.127083 0.638281 0.126042 0.639062 0.125000 0.639062 0.123958 0.639844 0.122917 0.639844 0.121875 0.640625 0.121875 0.642188 0.119792 0.642188 0.118750 0.647656 0.118750 0.648438 0.118750 0.649219 0.117708
0 0.862500 0.122917 0.864062 0.122917 0.864844 0.122917 0.864844 0.123958 0.865625 0.125000 0.866406 0.125000 0.865625 0.126042 0.865625 0.131250 0.865625 0.132292 0.864844 0.133333 0.864844 0.134375 0.864062 0.135417 0.863281 0.136458 0.863281 0.137500 0.862500 0.138542 0.862500 0.139583 0.860938 0.141667 0.860156 0.141667 0.860156 0.140625 0.859375 0.139583 0.858594 0.139583 0.857812 0.138542 0.857812 0.137500 0.857031 0.136458 0.855469 0.136458 0.854688 0.135417 0.854688 0.133333 0.854688 0.132292 0.855469 0.131250 0.855469 0.130208 0.856250 0.129167 0.857031 0.129167 0.857812 0.128125 0.858594 0.128125 0.859375 0.127083 0.859375 0.126042 0.860156 0.125000 0.860938 0.123958 0.861719 0.123958 0.862500 0.122917
0 0.680469 0.123958 0.683594 0.123958 0.684375 0.123958 0.684375 0.129167 0.684375 0.130208 0.683594 0.131250 0.683594 0.132292 0.683594 0.133333 0.682031 0.135417 0.681250 0.136458 0.680469 0.136458 0.679688 0.136458 0.678906 0.137500 0.678125 0.137500 0.677344 0.138542 0.676562 0.139583 0.675781 0.139583 0.675000 0.138542 0.674219 0.138542 0.673438 0.138542 0.672656 0.137500 0.671875 0.137500 0.671875 0.134375 0.671875 0.133333 0.673438 0.131250 0.674219 0.130208 0.674219 0.129167 0.675000 0.128125 0.675000 0.127083 0.675781 0.126042 0.675781 0.125000 0.678906 0.125000 0.679688 0.125000 0.680469 0.123958
0 0.314844 0.128125 0.315625 0.128125 0.316406 0.128125 0.318750 0.131250 0.319531 0.131250 0.319531 0.139583 0.319531 0.140625 0.320312 0.141667 0.320312 0.142708 0.319531 0.143750 0.318750 0.144792 0.318750 0.145833 0.317969 0.146875 0.317188 0.146875 0.316406 0.146875 0.314844 0.148958 0.314063 0.150000 0.311719 0.150000 0.310937 0.150000 0.310156 0.148958 0.308594 0.148958 0.307812 0.148958 0.303906 0.154167 0.303125 0.154167 0.302344 0.153125 0.301563 0.152083 0.301563 0.146875 0.301563 0.145833 0.300781 0.144792 0.300781 0.140625 0.300000 0.139583 0.300781 0.139583 0.301563 0.138542 0.301563 0.137500 0.306250 0.137500 0.307031 0.137500 0.307812 0.136458 0.308594 0.136458 0.309375 0.135417 0.309375 0.134375 0.309375 0.133333 0.310156 0.133333 0.310937 0.132292 0.311719 0.132292 0.312500 0.132292 0.313281 0.131250 0.314063 0.130208 0.314063 0.129167 0.314844 0.128125
0 0.137500 0.135417 0.139844 0.135417 0.140625 0.135417 0.141406 0.136458 0.142187 0.136458 0.142969 0.136458 0.142969 0.139583 0.142187 0.140625 0.142187 0.146875 0.141406 0.147917 0.139063 0.147917 0.138281 0.146875 0.135156 0.146875 0.134375 0.146875 0.133594 0.145833 0.132812 0.145833 0.132812 0.141667 0.132812 0.140625 0.133594 0.140625 0.134375 0.139583 0.134375 0.138542 0.135156 0.137500 0.135937 0.137500 0.137500 0.135417
0 0.752344 0.140625 0.753125 0.140625 0.753906 0.140625 0.753906 0.144792 0.753906 0.145833 0.754687 0.146875 0.754687 0.148958 0.754687 0.150000 0.755469 0.151042 0.756250 0.151042 0.755469 0.152083 0.755469 0.153125 0.754687 0.154167 0.750000 0.154167 0.749219 0.154167 0.748437 0.153125 0.748437 0.152083 0.747656 0.151042 0.747656 0.150000 0.747656 0.148958 0.746875 0.147917 0.746875 0.145833 0.746875 0.144792 0.748437 0.142708 0.749219 0.141667 0.750781 0.141667 0.751563 0.141667 0.752344 0.140625
0 0.542188 0.151042 0.546094 0.151042 0.546875 0.151042 0.546875 0.153125 0.546875 0.154167 0.545312 0.156250 0.544531 0.157292 0.543750 0.157292 0.542969 0.157292 0.542188 0.158333 0.540625 0.158333 0.539844 0.158333 0.539844 0.155208 0.539062 0.154167 0.539844 0.153125 0.540625 0.152083 0.541406 0.152083 0.542188 0.151042
0 0.868750 0.151042 0.869531 0.151042 0.870313 0.151042 0.870313 0.152083 0.870313 0.153125 0.871094 0.154167 0.871094 0.156250 0.871094 0.157292 0.871875 0.158333 0.872656 0.159375 0.872656 0.160417 0.873437 0.161458 0.874219 0.161458 0.874219 0.163542 0.875000 0.164583 0.874219 0.164583 0.873437 0.165625 0.873437 0.166667 0.872656 0.167708 0.871875 0.167708 0.871094 0.168750 0.870313 0.168750 0.869531 0.169792 0.868750 0.169792 0.867969 0.168750 0.867188 0.168750 0.866406 0.167708 0.865625 0.167708 0.865625 0.166667 0.865625 0.165625 0.864844 0.164583 0.864062 0.164583 0.863281 0.163542 0.863281 0.161458 0.862500 0.160417 0.862500 0.157292 0.862500 0.156250 0.863281 0.156250 0.864062 0.155208 0.864844 0.154167 0.865625 0.154167 0.866406 0.153125 0.867188 0.152083 0.867969 0.152083 0.868750 0.151042
0 0.228125 0.153125 0.229687 0.153125 0.230469 0.153125 0.230469 0.156250 0.230469 0.157292 0.232031 0.159375 0.232813 0.160417 0.232813 0.161458 0.233594 0.162500 0.233594 0.163542 0.234375 0.164583 0.234375 0.166667 0.235156 0.167708 0.235937 0.167708 0.237500 0.169792 0.238281 0.170833 0.241406 0.170833 0.242188 0.169792 0.242969 0.170833 0.243750 0.170833 0.244531 0.170833 0.244531 0.171875 0.243750 0.172917 0.243750 0.177083 0.243750 0.178125 0.244531 0.179167 0.244531 0.181250 0.244531 0.182292 0.245312 0.183333 0.245312 0.186458 0.246094 0.187500 0.245312 0.188542 0.245312 0.191667 0.245312 0.192708 0.243750 0.194792 0.242969 0.195833 0.242969 0.206250 0.242969 0.207292 0.243750 0.208333 0.243750 0.209375 0.245312 0.211458 0.245312 0.212500 0.247656 0.215625 0.248438 0.215625 0.248438 0.220833 0.248438 0.221875 0.247656 0.222917 0.246875 0.223958 0.246875 0.228125 0.246875 0.229167 0.247656 0.230208 0.247656 0.231250 0.247656 0.232292 0.246875 0.233333 0.246875 0.234375 0.246875 0.235417 0.246094 0.236458 0.246094 0.237500 0.245312 0.238542 0.244531 0.238542 0.243750 0.238542 0.242969 0.239583 0.242188 0.240625 0.241406 0.240625 0.240625 0.241667 0.239844 0.241667 0.239063 0.242708 0.238281 0.243750 0.235937 0.243750 0.235156 0.243750 0.233594 0.245833 0.232813 0.246875 0.232031 0.246875 0.230469 0.248958 0.229687 0.250000 0.227344 0.250000 0.226562 0.250000 0.225781 0.248958 0.225000 0.247917 0.221094 0.247917 0.220312 0.247917 0.219531 0.248958 0.217969 0.248958 0.217188 0.248958 0.217188 0.247917 0.214844 0.244792 0.214062 0.243750 0.214062 0.242708 0.214062 0.241667 0.212500 0.239583 0.211719 0.239583 0.211719 0.238542 0.211719 0.237500 0.210156 0.235417 0.209375 0.234375 0.209375 0.229167 0.209375 0.228125 0.208594 0.227083 0.207813 0.227083 0.207031 0.226042 0.207031 0.225000 0.206250 0.223958 0.205469 0.223958 0.205469 0.222917 0.204687 0.221875 0.203906 0.220833 0.203906 0.218750 0.203906 0.217708 0.205469 0.215625 0.206250 0.214583 0.206250 0.210417 0.205469 0.209375 0.205469 0.198958 0.205469 0.197917 0.206250 0.196875 0.206250 0.195833 0.207031 0.194792 0.207813 0.194792 0.208594 0.193750 0.208594 0.192708 0.209375 0.191667 0.210156 0.190625 0.210156 0.183333 0.210156 0.182292 0.209375 0.181250 0.209375 0.178125 0.208594 0.177083 0.208594 0.167708 0.208594 0.166667 0.209375 0.165625 0.209375 0.164583 0.210156 0.163542 0.210156 0.161458 0.210156 0.160417 0.213281 0.156250 0.214062 0.155208 0.217188 0.155208 0.217969 0.155208 0.218750 0.156250 0.218750 0.157292 0.219531 0.158333 0.221875 0.158333 0.222656 0.158333 0.224219 0.156250 0.224219 0.155208 0.225000 0.155208 0.225781 0.154167 0.226562 0.154167 0.227344 0.154167 0.228125 0.153125
0 0.851562 0.155208 0.852344 0.155208 0.853125 0.155208 0.853125 0.158333 0.853125 0.159375 0.852344 0.160417 0.852344 0.167708 0.852344 0.168750 0.851562 0.169792 0.851562 0.170833 0.851562 0.171875 0.850000 0.173958 0.849219 0.173958 0.847656 0.171875 0.846875 0.170833 0.846875 0.169792 0.846094 0.168750 0.845313 0.168750 0.845313 0.164583 0.845313 0.163542 0.846094 0.162500 0.846094 0.161458 0.846875 0.160417 0.846875 0.159375 0.846875 0.158333 0.847656 0.158333 0.848437 0.157292 0.849219 0.157292 0.850000 0.156250 0.850781 0.156250 0.851562 0.155208
0 0.112500 0.159375 0.116406 0.159375 0.117188 0.159375 0.117969 0.160417 0.117969 0.161458 0.118750 0.162500 0.118750 0.164583 0.119531 0.165625 0.121094 0.165625 0.121875 0.165625 0.123438 0.163542 0.123438 0.162500 0.124219 0.162500 0.125000 0.162500 0.125781 0.161458 0.126562 0.161458 0.127344 0.160417 0.128125 0.159375 0.128906 0.160417 0.134375 0.160417 0.135156 0.160417 0.135937 0.161458 0.135937 0.162500 0.135156 0.163542 0.134375 0.164583 0.134375 0.165625 0.133594 0.166667 0.132031 0.166667 0.131250 0.167708 0.131250 0.168750 0.130469 0.169792 0.130469 0.170833 0.129688 0.171875 0.129688 0.175000 0.129688 0.176042 0.130469 0.177083 0.131250 0.177083 0.132812 0.179167 0.133594 0.180208 0.133594 0.181250 0.134375 0.182292 0.135937 0.182292 0.136719 0.182292 0.136719 0.186458 0.137500 0.187500 0.136719 0.188542 0.135937 0.189583 0.135156 0.189583 0.134375 0.190625 0.133594 0.191667 0.133594 0.192708 0.132812 0.193750 0.132812 0.195833 0.132031 0.196875 0.132031 0.201042 0.132031 0.202083 0.131250 0.203125 0.131250 0.204167 0.130469 0.205208 0.129688 0.206250 0.128906 0.206250 0.128125 0.207292 0.128125 0.208333 0.128125 0.209375 0.127344 0.210417 0.123438 0.210417 0.122656 0.210417 0.121875 0.211458 0.121094 0.211458 0.120313 0.212500 0.119531 0.212500 0.118750 0.213542 0.118750 0.219792 0.118750 0.220833 0.116406 0.223958 0.115625 0.225000 0.115625 0.226042 0.114844 0.227083 0.113281 0.227083 0.112500 0.226042 0.109375 0.226042 0.108594 0.227083 0.108594 0.228125 0.108594 0.229167 0.107813 0.230208 0.107031 0.231250 0.107031 0.232292 0.106250 0.233333 0.105469 0.234375 0.105469 0.238542 0.105469 0.239583 0.106250 0.240625 0.107031 0.241667 0.107031 0.242708 0.107813 0.243750 0.107813 0.250000 0.107813 0.251042 0.108594 0.252083 0.108594 0.253125 0.107031 0.255208 0.106250 0.256250 0.106250 0.257292 0.105469 0.258333 0.104688 0.258333 0.103906 0.259375 0.103125 0.259375 0.102344 0.260417 0.101562 0.260417 0.100781 0.259375 0.100781 0.257292 0.100000 0.256250 0.096094 0.256250 0.095312 0.256250 0.094531 0.255208 0.093750 0.254167 0.091406 0.254167 0.090625 0.254167 0.089844 0.253125 0.089844 0.252083 0.089063 0.251042 0.089063 0.250000 0.088281 0.248958 0.089063 0.247917 0.089063 0.246875 0.089063 0.245833 0.089844 0.244792 0.089844 0.243750 0.090625 0.243750 0.091406 0.243750 0.092188 0.242708 0.092969 0.241667 0.092969 0.236458 0.092969 0.235417 0.093750 0.234375 0.093750 0.233333 0.094531 0.232292 0.095312 0.231250 0.095312 0.225000 0.095312 0.223958 0.096094 0.222917 0.096875 0.222917 0.097656 0.221875 0.098437 0.220833 0.098437 0.217708 0.098437 0.216667 0.097656 0.215625 0.095312 0.215625 0.094531 0.215625 0.094531 0.211458 0.093750 0.210417 0.093750 0.204167 0.093750 0.203125 0.094531 0.202083 0.095312 0.201042 0.096094 0.202083 0.100000 0.202083 0.100781 0.201042 0.100781 0.194792 0.100000 0.193750 0.096875 0.193750 0.096094 0.193750 0.095312 0.194792 0.094531 0.194792 0.093750 0.195833 0.092969 0.194792 0.092188 0.194792 0.091406 0.194792 0.090625 0.193750 0.089844 0.193750 0.089063 0.192708 0.089063 0.190625 0.088281 0.189583 0.089844 0.187500 0.090625 0.186458 0.090625 0.185417 0.090625 0.184375 0.091406 0.183333 0.091406 0.182292 0.092188 0.181250 0.092188 0.180208 0.092969 0.179167 0.092969 0.178125 0.092969 0.177083 0.093750 0.177083 0.094531 0.176042 0.095312 0.176042 0.096094 0.176042 0.096875 0.177083 0.098437 0.177083 0.099219 0.177083 0.100781 0.175000 0.101562 0.173958 0.102344 0.173958 0.103906 0.171875 0.104688 0.170833 0.104688 0.169792 0.104688 0.168750 0.105469 0.167708 0.105469 0.166667 0.107813 0.163542 0.107813 0.162500 0.108594 0.161458 0.109375 0.160417 0.110937 0.160417 0.111719 0.160417 0.112500 0.159375
0 0.666406 0.160417 0.667188 0.160417 0.667969 0.160417 0.668750 0.161458 0.669531 0.162500 0.670312 0.162500 0.671094 0.162500 0.671094 0.165625 0.671875 0.166667 0.675000 0.166667 0.675781 0.166667 0.676562 0.165625 0.676562 0.164583 0.677344 0.163542 0.678125 0.164583 0.679688 0.164583 0.680469 0.165625 0.679688 0.166667 0.679688 0.172917 0.679688 0.173958 0.678906 0.175000 0.678906 0.176042 0.678125 0.177083 0.677344 0.178125 0.677344 0.180208 0.677344 0.181250 0.678906 0.183333 0.679688 0.183333 0.678906 0.184375 0.678906 0.185417 0.675781 0.189583 0.675000 0.190625 0.674219 0.190625 0.673438 0.191667 0.672656 0.191667 0.671875 0.192708 0.671094 0.191667 0.665625 0.191667 0.664844 0.191667 0.664062 0.192708 0.663281 0.193750 0.659375 0.193750 0.658594 0.193750 0.657813 0.192708 0.657813 0.187500 0.657813 0.186458 0.657031 0.185417 0.656250 0.185417 0.655469 0.184375 0.655469 0.181250 0.655469 0.180208 0.656250 0.179167 0.656250 0.175000 0.656250 0.173958 0.657031 0.172917 0.657813 0.171875 0.657813 0.169792 0.657813 0.168750 0.658594 0.167708 0.658594 0.166667 0.659375 0.166667 0.660156 0.165625 0.660156 0.164583 0.660937 0.164583 0.661719 0.163542 0.662500 0.162500 0.664844 0.162500 0.665625 0.162500 0.666406 0.161458 0.666406 0.160417
0 0.330469 0.164583 0.331250 0.165625 0.332031 0.165625 0.332813 0.166667 0.333594 0.166667 0.334375 0.167708 0.338281 0.167708 0.339062 0.167708 0.339062 0.170833 0.339062 0.171875 0.339844 0.172917 0.339844 0.173958 0.340625 0.175000 0.341406 0.175000 0.342187 0.176042 0.342969 0.177083 0.342969 0.182292 0.342969 0.183333 0.343750 0.184375 0.343750 0.186458 0.343750 0.187500 0.342969 0.188542 0.342969 0.189583 0.342969 0.190625 0.342187 0.191667 0.341406 0.192708 0.341406 0.193750 0.340625 0.194792 0.339844 0.195833 0.339062 0.195833 0.338281 0.194792 0.336719 0.194792 0.335938 0.193750 0.331250 0.193750 0.330469 0.193750 0.330469 0.189583 0.330469 0.188542 0.329688 0.187500 0.328906 0.187500 0.328906 0.186458 0.328906 0.185417 0.328125 0.184375 0.328125 0.183333 0.328125 0.182292 0.327344 0.181250 0.326562 0.181250 0.325781 0.180208 0.325000 0.180208 0.324219 0.180208 0.323437 0.179167 0.322656 0.178125 0.321094 0.178125 0.320312 0.178125 0.320312 0.170833 0.320312 0.169792 0.321094 0.169792 0.321875 0.168750 0.321875 0.167708 0.324219 0.167708 0.325000 0.166667 0.328906 0.166667 0.329688 0.166667 0.330469 0.165625 0.330469 0.164583
0 0.728125 0.169792 0.729688 0.169792 0.730469 0.170833 0.730469 0.171875 0.730469 0.172917 0.731250 0.173958 0.731250 0.175000 0.731250 0.176042 0.732031 0.177083 0.732812 0.178125 0.733594 0.178125 0.734375 0.179167 0.735156 0.179167 0.735938 0.180208 0.737500 0.180208 0.738281 0.180208 0.738281 0.183333 0.739062 0.184375 0.739062 0.190625 0.739062 0.191667 0.736719 0.194792 0.735938 0.195833 0.733594 0.195833 0.732812 0.195833 0.732031 0.196875 0.731250 0.196875 0.731250 0.195833 0.730469 0.194792 0.728906 0.194792 0.728125 0.194792 0.726562 0.192708 0.725781 0.192708 0.725781 0.191667 0.725000 0.190625 0.721875 0.190625 0.721094 0.190625 0.721094 0.189583 0.720313 0.188542 0.720313 0.185417 0.719531 0.184375 0.721094 0.182292 0.721875 0.181250 0.721875 0.176042 0.721875 0.175000 0.722656 0.173958 0.723437 0.173958 0.725000 0.171875 0.725781 0.170833 0.726562 0.170833 0.727344 0.170833 0.728125 0.169792
0 0.521875 0.176042 0.523438 0.176042 0.524219 0.176042 0.525000 0.177083 0.525781 0.177083 0.526563 0.177083 0.526563 0.178125 0.527344 0.179167 0.528125 0.179167 0.528906 0.179167 0.528906 0.180208 0.529687 0.181250 0.530469 0.182292 0.530469 0.183333 0.530469 0.184375 0.529687 0.185417 0.529687 0.187500 0.529687 0.188542 0.528906 0.189583 0.528906 0.190625 0.527344 0.192708 0.526563 0.193750 0.525781 0.193750 0.525000 0.194792 0.524219 0.194792 0.523438 0.195833 0.522656 0.195833 0.521875 0.196875 0.521094 0.195833 0.520312 0.195833 0.519531 0.194792 0.519531 0.193750 0.518750 0.192708 0.517969 0.192708 0.517188 0.192708 0.516406 0.191667 0.515625 0.191667 0.515625 0.186458 0.515625 0.185417 0.516406 0.184375 0.516406 0.183333 0.517188 0.182292 0.517188 0.181250 0.518750 0.179167 0.518750 0.178125 0.519531 0.178125 0.520312 0.177083 0.521094 0.177083 0.521875 0.176042
0 0.881250 0.183333 0.883594 0.183333 0.884375 0.183333 0.884375 0.184375 0.885156 0.185417 0.885938 0.186458 0.886719 0.186458 0.887500 0.187500 0.887500 0.188542 0.885156 0.191667 0.884375 0.192708 0.884375 0.198958 0.884375 0.200000 0.883594 0.201042 0.883594 0.202083 0.882812 0.203125 0.882031 0.204167 0.881250 0.204167 0.880469 0.205208 0.879687 0.205208 0.878906 0.205208 0.878125 0.206250 0.877344 0.207292 0.875781 0.207292 0.875000 0.207292 0.873437 0.205208 0.872656 0.204167 0.871094 0.204167 0.870313 0.204167 0.869531 0.203125 0.868750 0.203125 0.868750 0.200000 0.867969 0.198958 0.868750 0.197917 0.868750 0.196875 0.869531 0.195833 0.869531 0.194792 0.870313 0.193750 0.871094 0.192708 0.871875 0.192708 0.872656 0.191667 0.874219 0.191667 0.875000 0.191667 0.875781 0.190625 0.876563 0.190625 0.877344 0.189583 0.877344 0.188542 0.878125 0.187500 0.878125 0.186458 0.878906 0.185417 0.879687 0.184375 0.880469 0.184375 0.881250 0.183333
0 0.167969 0.185417 0.174219 0.185417 0.175000 0.185417 0.175000 0.186458 0.175781 0.187500 0.176563 0.187500 0.177344 0.187500 0.178906 0.189583 0.178906 0.190625 0.177344 0.192708 0.176563 0.193750 0.175000 0.193750 0.174219 0.192708 0.171094 0.192708 0.170313 0.192708 0.169531 0.193750 0.169531 0.194792 0.168750 0.195833 0.167187 0.195833 0.166406 0.195833 0.165625 0.194792 0.163281 0.194792 0.162500 0.194792 0.161719 0.193750 0.160156 0.193750 0.159375 0.193750 0.158594 0.192708 0.159375 0.191667 0.159375 0.189583 0.160156 0.188542 0.160938 0.188542 0.161719 0.187500 0.165625 0.187500 0.166406 0.187500 0.167969 0.185417
0 0.754687 0.189583 0.755469 0.190625 0.756250 0.190625 0.757031 0.191667 0.761719 0.191667 0.762500 0.191667 0.764062 0.193750 0.764844 0.193750 0.764844 0.194792 0.766406 0.196875 0.767188 0.197917 0.769531 0.197917 0.770312 0.197917 0.771094 0.198958 0.771094 0.201042 0.771094 0.202083 0.768750 0.205208 0.767969 0.206250 0.767188 0.206250 0.766406 0.206250 0.765625 0.207292 0.764844 0.208333 0.763281 0.208333 0.762500 0.208333 0.761719 0.209375 0.760938 0.209375 0.760156 0.210417 0.759375 0.211458 0.757812 0.211458 0.757031 0.211458 0.755469 0.209375 0.754687 0.209375 0.754687 0.208333 0.753906 0.207292 0.753125 0.207292 0.753125 0.206250 0.752344 0.205208 0.752344 0.204167 0.752344 0.203125 0.751563 0.202083 0.750781 0.202083 0.750000 0.202083 0.750000 0.201042 0.750000 0.200000 0.750781 0.200000 0.751563 0.198958 0.751563 0.197917 0.751563 0.196875 0.752344 0.195833 0.752344 0.194792 0.752344 0.193750 0.753125 0.192708 0.753125 0.191667 0.753906 0.191667 0.754687 0.190625 0.754687 0.189583
0 0.009375 0.190625 0.009375 0.191667 0.010156 0.192708 0.010937 0.192708 0.010937 0.194792 0.010937 0.195833 0.011719 0.196875 0.012500 0.197917 0.012500 0.201042 0.012500 0.202083 0.011719 0.203125 0.010937 0.204167 0.008594 0.204167 0.007812 0.205208 0.005469 0.205208 0.004687 0.204167 0.001563 0.204167 0.000781 0.204167 0.000000 0.203125 0.000000 0.196875 0.000000 0.195833 0.001563 0.195833 0.002344 0.195833 0.003125 0.194792 0.004687 0.194792 0.005469 0.194792 0.006250 0.193750 0.007031 0.193750 0.007812 0.192708 0.008594 0.192708 0.009375 0.191667 0.009375 0.190625
0 0.396875 0.191667 0.398438 0.191667 0.399219 0.191667 0.400000 0.192708 0.400781 0.192708 0.401562 0.193750 0.404687 0.193750 0.405469 0.193750 0.405469 0.194792 0.407813 0.197917 0.408594 0.198958 0.409375 0.198958 0.410156 0.200000 0.410938 0.200000 0.410938 0.201042 0.411719 0.202083 0.411719 0.207292 0.411719 0.208333 0.412500 0.209375 0.414844 0.209375 0.415625 0.209375 0.415625 0.210417 0.417187 0.212500 0.417187 0.213542 0.419531 0.216667 0.420312 0.217708 0.421875 0.217708 0.422656 0.217708 0.423438 0.218750 0.424219 0.218750 0.425000 0.218750 0.425000 0.219792 0.425000 0.220833 0.425781 0.221875 0.425781 0.223958 0.426563 0.225000 0.425781 0.226042 0.425781 0.227083 0.425781 0.228125 0.425000 0.229167 0.424219 0.229167 0.423438 0.230208 0.423438 0.231250 0.421094 0.234375 0.420312 0.235417 0.419531 0.235417 0.418750 0.234375 0.417969 0.234375 0.417187 0.233333 0.410938 0.233333 0.410156 0.233333 0.409375 0.234375 0.408594 0.235417 0.407813 0.235417 0.407031 0.236458 0.406250 0.237500 0.404687 0.237500 0.403906 0.237500 0.403125 0.236458 0.402344 0.236458 0.401562 0.235417 0.401562 0.234375 0.400781 0.233333 0.399219 0.233333 0.398438 0.233333 0.397656 0.232292 0.396875 0.232292 0.396875 0.231250 0.396094 0.230208 0.396094 0.229167 0.395313 0.228125 0.393750 0.228125 0.392969 0.228125 0.392969 0.223958 0.393750 0.222917 0.393750 0.217708 0.393750 0.216667 0.392969 0.215625 0.392188 0.214583 0.392188 0.206250 0.392188 0.205208 0.392969 0.204167 0.393750 0.203125 0.393750 0.202083 0.395313 0.200000 0.396094 0.198958 0.396094 0.193750 0.396094 0.192708 0.396875 0.191667
0 0.674219 0.198958 0.675781 0.198958 0.676562 0.198958 0.677344 0.200000 0.678125 0.201042 0.677344 0.202083 0.677344 0.205208 0.677344 0.206250 0.678125 0.207292 0.678125 0.208333 0.677344 0.209375 0.676562 0.210417 0.675781 0.210417 0.675000 0.210417 0.674219 0.211458 0.673438 0.212500 0.671875 0.212500 0.671094 0.212500 0.670312 0.213542 0.669531 0.214583 0.668750 0.214583 0.667969 0.214583 0.667188 0.215625 0.666406 0.215625 0.665625 0.215625 0.665625 0.214583 0.664844 0.213542 0.664844 0.210417 0.664062 0.209375 0.664062 0.205208 0.664062 0.204167 0.664844 0.203125 0.665625 0.202083 0.667188 0.202083 0.667969 0.201042 0.671094 0.201042 0.671875 0.201042 0.672656 0.200000 0.673438 0.200000 0.674219 0.198958
0 0.460938 0.207292 0.461719 0.208333 0.462500 0.208333 0.463281 0.208333 0.463281 0.213542 0.463281 0.214583 0.462500 0.215625 0.461719 0.216667 0.460156 0.216667 0.459375 0.216667 0.457813 0.218750 0.457031 0.218750 0.456250 0.217708 0.456250 0.212500 0.455469 0.211458 0.456250 0.211458 0.457813 0.209375 0.458594 0.208333 0.459375 0.208333 0.460156 0.208333 0.460938 0.207292
0 0.589063 0.207292 0.591406 0.207292 0.592187 0.207292 0.592187 0.209375 0.592969 0.210417 0.593750 0.210417 0.594531 0.211458 0.597656 0.211458 0.598437 0.211458 0.598437 0.212500 0.598437 0.213542 0.599219 0.214583 0.600000 0.214583 0.599219 0.215625 0.599219 0.223958 0.599219 0.225000 0.598437 0.226042 0.598437 0.227083 0.597656 0.228125 0.597656 0.232292 0.597656 0.233333 0.598437 0.234375 0.599219 0.234375 0.600000 0.235417 0.600781 0.235417 0.601562 0.235417 0.601562 0.238542 0.601562 0.239583 0.600781 0.240625 0.600000 0.240625 0.599219 0.240625 0.598437 0.241667 0.597656 0.241667 0.596875 0.241667 0.596094 0.242708 0.595313 0.243750 0.592187 0.243750 0.591406 0.243750 0.589844 0.241667 0.589063 0.240625 0.589063 0.237500 0.588281 0.236458 0.585938 0.236458 0.585156 0.236458 0.584375 0.235417 0.583594 0.235417 0.582812 0.234375 0.582031 0.234375 0.581250 0.234375 0.581250 0.233333 0.581250 0.232292 0.580469 0.231250 0.579688 0.231250 0.578906 0.230208 0.578906 0.227083 0.578125 0.226042 0.578125 0.222917 0.578125 0.221875 0.578906 0.220833 0.578906 0.219792 0.578906 0.218750 0.580469 0.216667 0.580469 0.215625 0.581250 0.214583 0.582031 0.214583 0.582812 0.213542 0.583594 0.212500 0.584375 0.212500 0.585156 0.211458 0.585938 0.211458 0.586719 0.210417 0.587500 0.210417 0.588281 0.209375 0.588281 0.208333 0.589063 0.207292
0 0.542969 0.217708 0.543750 0.218750 0.544531 0.218750 0.545312 0.218750 0.547656 0.221875 0.548438 0.222917 0.549219 0.222917 0.550000 0.222917 0.549219 0.223958 0.549219 0.228125 0.550000 0.229167 0.549219 0.229167 0.548438 0.230208 0.547656 0.231250 0.542188 0.231250 0.541406 0.230208 0.541406 0.221875 0.540625 0.220833 0.542969 0.217708
0 0.797656 0.219792 0.798438 0.219792 0.799219 0.219792 0.800000 0.220833 0.800781 0.221875 0.801562 0.221875 0.802344 0.222917 0.803906 0.222917 0.804688 0.222917 0.804688 0.223958 0.804688 0.225000 0.805469 0.226042 0.806250 0.226042 0.805469 0.227083 0.805469 0.228125 0.804688 0.229167 0.804688 0.230208 0.803906 0.231250 0.803906 0.235417 0.803906 0.236458 0.803125 0.237500 0.803125 0.238542 0.801562 0.240625 0.800781 0.241667 0.800000 0.241667 0.799219 0.241667 0.799219 0.239583 0.798438 0.238542 0.793750 0.238542 0.792969 0.238542 0.792969 0.237500 0.792188 0.236458 0.792969 0.235417 0.792969 0.229167 0.792188 0.228125 0.792969 0.227083 0.792969 0.225000 0.792969 0.223958 0.793750 0.223958 0.795312 0.221875 0.795312 0.220833 0.796094 0.220833 0.796875 0.220833 0.797656 0.219792
0 0.439063 0.227083 0.439844 0.227083 0.440625 0.227083 0.441406 0.228125 0.442188 0.228125 0.442969 0.229167 0.444531 0.229167 0.445312 0.229167 0.445312 0.231250 0.446094 0.232292 0.445312 0.233333 0.444531 0.234375 0.444531 0.235417 0.442969 0.237500 0.442188 0.238542 0.441406 0.238542 0.439844 0.236458 0.439844 0.235417 0.439063 0.234375 0.438281 0.234375 0.437500 0.234375 0.437500 0.231250 0.437500 0.230208 0.438281 0.229167 0.438281 0.228125 0.439063 0.227083
0 0.139063 0.237500 0.143750 0.237500 0.144531 0.237500 0.145313 0.238542 0.147656 0.238542 0.148438 0.237500 0.149219 0.238542 0.150000 0.238542 0.150781 0.239583 0.150781 0.242708 0.150000 0.243750 0.150000 0.247917 0.150000 0.248958 0.150781 0.250000 0.151562 0.251042 0.153125 0.251042 0.153906 0.251042 0.153906 0.252083 0.153906 0.253125 0.154688 0.254167 0.154688 0.255208 0.154688 0.256250 0.153125 0.258333 0.152344 0.259375 0.151562 0.259375 0.150781 0.260417 0.150000 0.261458 0.149219 0.261458 0.148438 0.261458 0.146875 0.263542 0.146094 0.264583 0.143750 0.264583 0.142969 0.265625 0.140625 0.265625 0.139844 0.265625 0.139063 0.264583 0.138281 0.264583 0.138281 0.262500 0.137500 0.261458 0.137500 0.257292 0.137500 0.256250 0.136719 0.255208 0.135937 0.254167 0.135156 0.254167 0.134375 0.253125 0.133594 0.253125 0.132812 0.252083 0.133594 0.251042 0.133594 0.245833 0.133594 0.244792 0.134375 0.243750 0.135156 0.243750 0.135937 0.242708 0.135937 0.241667 0.136719 0.241667 0.137500 0.240625 0.137500 0.239583 0.139063 0.237500
0 0.343750 0.237500 0.346094 0.237500 0.346875 0.237500 0.347656 0.238542 0.348438 0.239583 0.348438 0.240625 0.348438 0.241667 0.347656 0.242708 0.346875 0.243750 0.346094 0.243750 0.345313 0.244792 0.344531 0.244792 0.343750 0.243750 0.342969 0.243750 0.342187 0.242708 0.342187 0.241667 0.342187 0.240625 0.342969 0.239583 0.343750 0.238542 0.343750 0.237500
0 0.283594 0.247917 0.285156 0.247917 0.285938 0.248958 0.285938 0.251042 0.285938 0.252083 0.286719 0.253125 0.287500 0.253125 0.287500 0.254167 0.286719 0.255208 0.285938 0.256250 0.283594 0.256250 0.282813 0.256250 0.282031 0.255208 0.281250 0.255208 0.281250 0.252083 0.281250 0.251042 0.282031 0.251042 0.282813 0.250000 0.282813 0.248958 0.283594 0.247917
0 0.403125 0.247917 0.404687 0.247917 0.405469 0.247917 0.405469 0.248958 0.406250 0.250000 0.406250 0.251042 0.407031 0.252083 0.407031 0.253125 0.407031 0.254167 0.407813 0.255208 0.408594 0.255208 0.409375 0.256250 0.408594 0.257292 0.408594 0.260417 0.407813 0.261458 0.407031 0.261458 0.406250 0.261458 0.404687 0.259375 0.403906 0.259375 0.403125 0.258333 0.403125 0.257292 0.402344 0.256250 0.401562 0.256250 0.400781 0.255208 0.400781 0.252083 0.400781 0.251042 0.401562 0.251042 0.402344 0.250000 0.402344 0.248958 0.403125 0.247917
0 0.895312 0.258333 0.896094 0.259375 0.896094 0.261458 0.896094 0.262500 0.896875 0.263542 0.896875 0.264583 0.896875 0.265625 0.897656 0.266667 0.899219 0.266667 0.900000 0.266667 0.900000 0.268750 0.900000 0.269792 0.899219 0.270833 0.898438 0.270833 0.897656 0.271875 0.896875 0.271875 0.891406 0.279167 0.891406 0.280208 0.889844 0.278125 0.889062 0.277083 0.888281 0.277083 0.887500 0.277083 0.886719 0.276042 0.885938 0.276042 0.885156 0.275000 0.883594 0.275000 0.882812 0.275000 0.881250 0.272917 0.880469 0.272917 0.880469 0.270833 0.879687 0.269792 0.880469 0.268750 0.880469 0.265625 0.880469 0.264583 0.881250 0.263542 0.881250 0.262500 0.882031 0.262500 0.882812 0.261458 0.883594 0.261458 0.884375 0.260417 0.885156 0.260417 0.885938 0.259375 0.889844 0.259375 0.890625 0.259375 0.891406 0.260417 0.892969 0.260417 0.893750 0.260417 0.895312 0.258333
0 0.051562 0.260417 0.054688 0.260417 0.055469 0.260417 0.056250 0.261458 0.057031 0.261458 0.057031 0.262500 0.057813 0.263542 0.057813 0.264583 0.057031 0.265625 0.057031 0.267708 0.057031 0.268750 0.053906 0.272917 0.053125 0.273958 0.052344 0.273958 0.051562 0.272917 0.049219 0.272917 0.048438 0.272917 0.048438 0.271875 0.048438 0.270833 0.049219 0.269792 0.049219 0.268750 0.049219 0.267708 0.050000 0.266667 0.050781 0.265625 0.050781 0.264583 0.051562 0.263542 0.051562 0.260417
0 0.696094 0.267708 0.703125 0.267708 0.703906 0.267708 0.703906 0.269792 0.703906 0.270833 0.703125 0.271875 0.702344 0.272917 0.702344 0.273958 0.701562 0.275000 0.700781 0.276042 0.697656 0.276042 0.696875 0.277083 0.696875 0.276042 0.696094 0.275000 0.695312 0.275000 0.695312 0.273958 0.694531 0.272917 0.694531 0.271875 0.693750 0.270833 0.696094 0.267708
0 0.662500 0.268750 0.664844 0.268750 0.665625 0.268750 0.665625 0.272917 0.665625 0.273958 0.664844 0.275000 0.664062 0.276042 0.664062 0.278125 0.663281 0.279167 0.662500 0.279167 0.661719 0.279167 0.660937 0.280208 0.659375 0.280208 0.658594 0.280208 0.657813 0.279167 0.657813 0.278125 0.657031 0.277083 0.657031 0.275000 0.656250 0.273958 0.657031 0.272917 0.657813 0.272917 0.658594 0.271875 0.659375 0.270833 0.660156 0.270833 0.660937 0.270833 0.662500 0.268750
0 0.757812 0.271875 0.760938 0.271875 0.761719 0.271875 0.762500 0.272917 0.763281 0.272917 0.763281 0.273958 0.763281 0.275000 0.764062 0.276042 0.764844 0.276042 0.764062 0.277083 0.764062 0.278125 0.764062 0.279167 0.760938 0.283333 0.760156 0.284375 0.759375 0.284375 0.758594 0.283333 0.757812 0.282292 0.756250 0.282292 0.755469 0.282292 0.755469 0.281250 0.755469 0.280208 0.754687 0.279167 0.754687 0.277083 0.753906 0.276042 0.755469 0.273958 0.756250 0.272917 0.757031 0.272917 0.757812 0.271875
0 0.911719 0.273958 0.912500 0.273958 0.913281 0.273958 0.914844 0.276042 0.915625 0.277083 0.914844 0.278125 0.914844 0.285417 0.914844 0.286458 0.915625 0.287500 0.916406 0.288542 0.916406 0.290625 0.916406 0.291667 0.915625 0.292708 0.914844 0.293750 0.914062 0.293750 0.913281 0.293750 0.913281 0.291667 0.912500 0.290625 0.911719 0.290625 0.910937 0.289583 0.910156 0.289583 0.909375 0.288542 0.908594 0.288542 0.907813 0.287500 0.907031 0.287500 0.906250 0.286458 0.904687 0.286458 0.903906 0.286458 0.903906 0.285417 0.903125 0.284375 0.903125 0.282292 0.902344 0.281250 0.903125 0.280208 0.903125 0.278125 0.903125 0.277083 0.903906 0.277083 0.904687 0.276042 0.905469 0.275000 0.906250 0.276042 0.908594 0.276042 0.909375 0.276042 0.910156 0.275000 0.910937 0.275000 0.911719 0.273958
0 0.246094 0.278125 0.247656 0.278125 0.248438 0.278125 0.249219 0.279167 0.250000 0.279167 0.250781 0.279167 0.252344 0.281250 0.252344 0.282292 0.253125 0.283333 0.253906 0.284375 0.254688 0.284375 0.255469 0.285417 0.256250 0.285417 0.256250 0.287500 0.257031 0.288542 0.257031 0.290625 0.257031 0.291667 0.256250 0.292708 0.256250 0.293750 0.256250 0.294792 0.251563 0.301042 0.250781 0.302083 0.250781 0.303125 0.250781 0.304167 0.250000 0.305208 0.250000 0.306250 0.249219 0.307292 0.248438 0.308333 0.248438 0.309375 0.248438 0.310417 0.247656 0.311458 0.247656 0.312500 0.246875 0.313542 0.246875 0.314583 0.246094 0.315625 0.245312 0.315625 0.244531 0.316667 0.243750 0.317708 0.239844 0.317708 0.239063 0.317708 0.238281 0.316667 0.235937 0.316667 0.235156 0.316667 0.234375 0.315625 0.233594 0.315625 0.233594 0.314583 0.232813 0.313542 0.232813 0.309375 0.232813 0.308333 0.231250 0.306250 0.231250 0.305208 0.230469 0.304167 0.229687 0.304167 0.228906 0.304167 0.228906 0.298958 0.228906 0.297917 0.229687 0.296875 0.232031 0.296875 0.232813 0.295833 0.232813 0.294792 0.233594 0.293750 0.233594 0.292708 0.233594 0.291667 0.234375 0.290625 0.234375 0.289583 0.235156 0.288542 0.235937 0.287500 0.235937 0.286458 0.236719 0.285417 0.236719 0.283333 0.236719 0.282292 0.237500 0.282292 0.238281 0.281250 0.238281 0.280208 0.244531 0.280208 0.245312 0.280208 0.246094 0.279167 0.246094 0.278125
0 0.074219 0.279167 0.075781 0.279167 0.076563 0.279167 0.076563 0.281250 0.076563 0.282292 0.077344 0.283333 0.078125 0.283333 0.078906 0.283333 0.078906 0.284375 0.078906 0.285417 0.079687 0.286458 0.080469 0.287500 0.077344 0.291667 0.076563 0.292708 0.075781 0.292708 0.075000 0.292708 0.074219 0.291667 0.073438 0.291667 0.073438 0.288542 0.073438 0.287500 0.071875 0.285417 0.071094 0.285417 0.071094 0.283333 0.071094 0.282292 0.071875 0.281250 0.072656 0.280208 0.073438 0.280208 0.074219 0.279167
0 0.764844 0.289583 0.765625 0.290625 0.766406 0.291667 0.766406 0.293750 0.766406 0.294792 0.765625 0.295833 0.764844 0.296875 0.764062 0.296875 0.763281 0.296875 0.763281 0.295833 0.763281 0.294792 0.762500 0.293750 0.762500 0.291667 0.762500 0.290625 0.763281 0.290625 0.764062 0.290625 0.764844 0.289583
0 0.463281 0.292708 0.464844 0.292708 0.465625 0.292708 0.466406 0.293750 0.466406 0.294792 0.467187 0.295833 0.467969 0.296875 0.467969 0.300000 0.467969 0.301042 0.467187 0.302083 0.466406 0.303125 0.464844 0.303125 0.464062 0.303125 0.463281 0.302083 0.462500 0.302083 0.462500 0.301042 0.461719 0.300000 0.460938 0.300000 0.460938 0.296875 0.460938 0.295833 0.461719 0.294792 0.461719 0.293750 0.462500 0.293750 0.463281 0.292708
0 0.714063 0.296875 0.714844 0.296875 0.715625 0.296875 0.716406 0.297917 0.716406 0.298958 0.717969 0.301042 0.718750 0.301042 0.718750 0.304167 0.718750 0.305208 0.717969 0.306250 0.717187 0.307292 0.717187 0.316667 0.717187 0.317708 0.716406 0.318750 0.716406 0.320833 0.716406 0.321875 0.715625 0.322917 0.714844 0.322917 0.714063 0.323958 0.710938 0.323958 0.710156 0.323958 0.710156 0.322917 0.710156 0.321875 0.709375 0.320833 0.707812 0.320833 0.707031 0.319792 0.707812 0.318750 0.707812 0.317708 0.707812 0.316667 0.708594 0.315625 0.708594 0.314583 0.709375 0.313542 0.709375 0.307292 0.709375 0.306250 0.708594 0.305208 0.707812 0.304167 0.707812 0.301042 0.707031 0.300000 0.707812 0.298958 0.709375 0.298958 0.710156 0.297917 0.712500 0.297917 0.713281 0.297917 0.714063 0.296875
0 0.569531 0.305208 0.571094 0.305208 0.571875 0.305208 0.571875 0.306250 0.571875 0.307292 0.572656 0.308333 0.572656 0.309375 0.571875 0.310417 0.571094 0.311458 0.570312 0.311458 0.569531 0.311458 0.568750 0.312500 0.567969 0.312500 0.567187 0.312500 0.566406 0.311458 0.566406 0.310417 0.566406 0.309375 0.569531 0.305208
0 0.745313 0.308333 0.746094 0.308333 0.746875 0.308333 0.746875 0.309375 0.746094 0.310417 0.746875 0.311458 0.749219 0.311458 0.750000 0.311458 0.750000 0.312500 0.750781 0.313542 0.751563 0.313542 0.751563 0.315625 0.752344 0.316667 0.752344 0.321875 0.752344 0.322917 0.750781 0.325000 0.750000 0.326042 0.744531 0.326042 0.743750 0.325000 0.743750 0.322917 0.742969 0.321875 0.743750 0.320833 0.743750 0.319792 0.743750 0.318750 0.744531 0.317708 0.744531 0.316667 0.745313 0.316667 0.746094 0.315625 0.746094 0.312500 0.746094 0.311458 0.745313 0.310417 0.745313 0.308333
0 0.393750 0.310417 0.397656 0.310417 0.398438 0.310417 0.399219 0.311458 0.400000 0.311458 0.400781 0.312500 0.400781 0.314583 0.401562 0.315625 0.401562 0.319792 0.401562 0.320833 0.402344 0.321875 0.403125 0.322917 0.403125 0.323958 0.402344 0.325000 0.402344 0.326042 0.402344 0.327083 0.401562 0.328125 0.400781 0.328125 0.400000 0.329167 0.399219 0.330208 0.399219 0.331250 0.398438 0.332292 0.396875 0.332292 0.396094 0.333333 0.395313 0.333333 0.394531 0.332292 0.393750 0.331250 0.394531 0.330208 0.394531 0.327083 0.394531 0.326042 0.393750 0.325000 0.392188 0.325000 0.391406 0.325000 0.390625 0.323958 0.390625 0.320833 0.389844 0.319792 0.389844 0.317708 0.389844 0.316667 0.391406 0.314583 0.392188 0.313542 0.392188 0.312500 0.393750 0.310417
0 0.571094 0.317708 0.571875 0.317708 0.572656 0.317708 0.573438 0.318750 0.575000 0.318750 0.575781 0.318750 0.575781 0.319792 0.576562 0.320833 0.577344 0.321875 0.577344 0.322917 0.578125 0.323958 0.577344 0.323958 0.576562 0.325000 0.576562 0.328125 0.576562 0.329167 0.577344 0.330208 0.577344 0.331250 0.578125 0.332292 0.578125 0.334375 0.578125 0.335417 0.577344 0.336458 0.577344 0.337500 0.577344 0.338542 0.576562 0.339583 0.575781 0.340625 0.572656 0.340625 0.571875 0.340625 0.570312 0.338542 0.569531 0.337500 0.568750 0.337500 0.567969 0.337500 0.567969 0.335417 0.567969 0.334375 0.567187 0.333333 0.566406 0.332292 0.565625 0.332292 0.564844 0.332292 0.565625 0.332292 0.566406 0.332292 0.567187 0.331250 0.567969 0.330208 0.567969 0.329167 0.568750 0.328125 0.568750 0.323958 0.567969 0.322917 0.568750 0.321875 0.568750 0.320833 0.571094 0.317708
0 0.407813 0.327083 0.410938 0.327083 0.411719 0.327083 0.412500 0.328125 0.413281 0.328125 0.413281 0.329167 0.414844 0.331250 0.415625 0.332292 0.416406 0.332292 0.417187 0.332292 0.417187 0.334375 0.417187 0.335417 0.417969 0.336458 0.419531 0.336458 0.419531 0.337500 0.418750 0.338542 0.417969 0.338542 0.417187 0.338542 0.415625 0.340625 0.414844 0.341667 0.414844 0.342708 0.414844 0.343750 0.414062 0.344792 0.414062 0.345833 0.413281 0.346875 0.412500 0.347917 0.411719 0.347917 0.410938 0.348958 0.407813 0.348958 0.407031 0.348958 0.406250 0.350000 0.404687 0.350000 0.403906 0.350000 0.403125 0.348958 0.402344 0.348958 0.401562 0.348958 0.401562 0.347917 0.400781 0.346875 0.400781 0.345833 0.400000 0.344792 0.400781 0.343750 0.400781 0.341667 0.401562 0.340625 0.401562 0.336458 0.401562 0.335417 0.402344 0.335417 0.403906 0.333333 0.404687 0.332292 0.404687 0.331250 0.404687 0.330208 0.405469 0.330208 0.406250 0.329167 0.407031 0.329167 0.407813 0.328125 0.407813 0.327083
0 0.539062 0.329167 0.539844 0.329167 0.540625 0.329167 0.541406 0.330208 0.542188 0.330208 0.542969 0.330208 0.542969 0.331250 0.543750 0.332292 0.543750 0.333333 0.545312 0.335417 0.546094 0.335417 0.546094 0.336458 0.546094 0.337500 0.546875 0.338542 0.546875 0.339583 0.547656 0.340625 0.547656 0.345833 0.547656 0.346875 0.546875 0.347917 0.546094 0.348958 0.545312 0.348958 0.544531 0.350000 0.543750 0.351042 0.541406 0.351042 0.540625 0.351042 0.539844 0.352083 0.538281 0.352083 0.537500 0.352083 0.536719 0.351042 0.535937 0.351042 0.535156 0.350000 0.534375 0.348958 0.534375 0.347917 0.533594 0.346875 0.533594 0.345833 0.532813 0.344792 0.532813 0.340625 0.532031 0.339583 0.532031 0.334375 0.532031 0.333333 0.532813 0.332292 0.533594 0.332292 0.534375 0.331250 0.535937 0.331250 0.536719 0.331250 0.537500 0.330208 0.538281 0.330208 0.539062 0.329167
0 0.064844 0.337500 0.065625 0.338542 0.066406 0.338542 0.067187 0.339583 0.067187 0.340625 0.067969 0.341667 0.068750 0.341667 0.068750 0.342708 0.068750 0.343750 0.067969 0.344792 0.067187 0.345833 0.067187 0.346875 0.066406 0.347917 0.066406 0.352083 0.067187 0.353125 0.066406 0.354167 0.066406 0.355208 0.066406 0.356250 0.064844 0.358333 0.064062 0.359375 0.064062 0.360417 0.063281 0.361458 0.060156 0.361458 0.059375 0.361458 0.058594 0.360417 0.057813 0.360417 0.057031 0.360417 0.056250 0.359375 0.055469 0.359375 0.054688 0.358333 0.053906 0.358333 0.053125 0.357292 0.053906 0.356250 0.053906 0.355208 0.054688 0.354167 0.054688 0.353125 0.054688 0.352083 0.055469 0.351042 0.055469 0.350000 0.056250 0.348958 0.056250 0.347917 0.056250 0.346875 0.059375 0.342708 0.060156 0.341667 0.060937 0.341667 0.061719 0.340625 0.062500 0.340625 0.064844 0.337500
0 0.457031 0.338542 0.457813 0.338542 0.458594 0.338542 0.459375 0.339583 0.460938 0.339583 0.461719 0.339583 0.461719 0.340625 0.462500 0.341667 0.462500 0.343750 0.461719 0.344792 0.461719 0.348958 0.461719 0.350000 0.462500 0.351042 0.462500 0.352083 0.462500 0.353125 0.461719 0.354167 0.461719 0.355208 0.461719 0.356250 0.460156 0.358333 0.459375 0.359375 0.458594 0.359375 0.457813 0.360417 0.457031 0.360417 0.456250 0.361458 0.455469 0.361458 0.454688 0.360417 0.453906 0.360417 0.453125 0.360417 0.453125 0.355208 0.452344 0.354167 0.453125 0.353125 0.453125 0.352083 0.453125 0.351042 0.453906 0.350000 0.453906 0.348958 0.454688 0.347917 0.454688 0.346875 0.455469 0.345833 0.455469 0.342708 0.455469 0.341667 0.456250 0.340625 0.456250 0.339583 0.457031 0.338542
0 0.282813 0.346875 0.288281 0.346875 0.289062 0.346875 0.289062 0.347917 0.289844 0.348958 0.290625 0.348958 0.290625 0.350000 0.291406 0.351042 0.292187 0.352083 0.292187 0.353125 0.292969 0.354167 0.292969 0.356250 0.292969 0.357292 0.292187 0.358333 0.291406 0.358333 0.290625 0.359375 0.289844 0.359375 0.289062 0.360417 0.288281 0.360417 0.287500 0.360417 0.285938 0.362500 0.285156 0.363542 0.284375 0.363542 0.283594 0.363542 0.283594 0.361458 0.283594 0.360417 0.282813 0.359375 0.282031 0.359375 0.282031 0.358333 0.281250 0.357292 0.280469 0.356250 0.280469 0.351042 0.280469 0.350000 0.281250 0.348958 0.281250 0.347917 0.282031 0.347917 0.282813 0.346875
0 0.004687 0.363542 0.005469 0.363542 0.006250 0.363542 0.006250 0.368750 0.006250 0.369792 0.005469 0.370833 0.005469 0.371875 0.005469 0.372917 0.003906 0.375000 0.003906 0.376042 0.003125 0.377083 0.001563 0.377083 0.000781 0.377083 0.000000 0.376042 0.000000 0.365625 0.000000 0.364583 0.003125 0.364583 0.003906 0.364583 0.004687 0.363542
0 0.050781 0.365625 0.057031 0.365625 0.057813 0.365625 0.057813 0.367708 0.058594 0.368750 0.057813 0.369792 0.057813 0.370833 0.057031 0.371875 0.057031 0.372917 0.057031 0.373958 0.054688 0.377083 0.053906 0.378125 0.052344 0.378125 0.051562 0.378125 0.050781 0.379167 0.050000 0.379167 0.049219 0.379167 0.048438 0.380208 0.047656 0.380208 0.046875 0.379167 0.046094 0.379167 0.046094 0.373958 0.045312 0.372917 0.046094 0.371875 0.046094 0.370833 0.046875 0.369792 0.046875 0.368750 0.047656 0.368750 0.048438 0.367708 0.049219 0.366667 0.050000 0.366667 0.050781 0.365625
0 0.305469 0.383333 0.307031 0.383333 0.307812 0.383333 0.307812 0.384375 0.307812 0.385417 0.308594 0.386458 0.309375 0.386458 0.309375 0.388542 0.310156 0.389583 0.310156 0.393750 0.310937 0.394792 0.313281 0.394792 0.314063 0.394792 0.314844 0.395833 0.316406 0.395833 0.317188 0.396875 0.316406 0.397917 0.316406 0.400000 0.316406 0.401042 0.315625 0.402083 0.315625 0.403125 0.312500 0.407292 0.311719 0.408333 0.310937 0.408333 0.310156 0.407292 0.309375 0.407292 0.308594 0.406250 0.304688 0.406250 0.303906 0.406250 0.301563 0.403125 0.301563 0.402083 0.300781 0.401042 0.300000 0.401042 0.299219 0.401042 0.299219 0.400000 0.299219 0.398958 0.298438 0.397917 0.298438 0.396875 0.297656 0.395833 0.298438 0.394792 0.298438 0.393750 0.298438 0.392708 0.299219 0.391667 0.299219 0.390625 0.299219 0.389583 0.300000 0.388542 0.301563 0.388542 0.302344 0.388542 0.303125 0.387500 0.303125 0.386458 0.303906 0.386458 0.304688 0.385417 0.304688 0.384375 0.305469 0.383333
0 0.592187 0.384375 0.592969 0.385417 0.593750 0.385417 0.594531 0.385417 0.594531 0.388542 0.595313 0.389583 0.595313 0.392708 0.595313 0.393750 0.594531 0.394792 0.593750 0.394792 0.592969 0.395833 0.592187 0.395833 0.591406 0.396875 0.590625 0.395833 0.589844 0.394792 0.589063 0.394792 0.588281 0.394792 0.588281 0.393750 0.587500 0.392708 0.588281 0.391667 0.588281 0.390625 0.589063 0.390625 0.589844 0.389583 0.589844 0.388542 0.589844 0.387500 0.590625 0.386458 0.590625 0.385417 0.591406 0.385417 0.592187 0.384375
0 0.930469 0.403125 0.933594 0.403125 0.934375 0.403125 0.935937 0.405208 0.936719 0.406250 0.937500 0.406250 0.938281 0.407292 0.939063 0.408333 0.939063 0.409375 0.939063 0.410417 0.938281 0.411458 0.937500 0.412500 0.937500 0.413542 0.936719 0.414583 0.935156 0.414583 0.934375 0.415625 0.934375 0.417708 0.933594 0.418750 0.932813 0.418750 0.932031 0.418750 0.932031 0.416667 0.931250 0.415625 0.928906 0.415625 0.928125 0.415625 0.928125 0.406250 0.928125 0.405208 0.928906 0.405208 0.930469 0.403125
0 0.709375 0.404167 0.711719 0.404167 0.712500 0.404167 0.713281 0.405208 0.715625 0.405208 0.716406 0.405208 0.717187 0.406250 0.717969 0.406250 0.717969 0.408333 0.717969 0.409375 0.716406 0.411458 0.715625 0.412500 0.715625 0.414583 0.714844 0.415625 0.712500 0.415625 0.711719 0.415625 0.710938 0.416667 0.710156 0.416667 0.710156 0.415625 0.709375 0.414583 0.708594 0.413542 0.708594 0.407292 0.708594 0.406250 0.709375 0.405208 0.709375 0.404167
0 0.010156 0.405208 0.012500 0.405208 0.013281 0.405208 0.013281 0.412500 0.013281 0.413542 0.012500 0.414583 0.011719 0.415625 0.011719 0.416667 0.010937 0.417708 0.010156 0.417708 0.009375 0.416667 0.008594 0.416667 0.007031 0.414583 0.006250 0.414583 0.006250 0.413542 0.005469 0.412500 0.004687 0.412500 0.004687 0.411458 0.003906 0.410417 0.004687 0.409375 0.004687 0.408333 0.005469 0.407292 0.006250 0.406250 0.008594 0.406250 0.009375 0.406250 0.010156 0.405208
0 0.508594 0.406250 0.509375 0.407292 0.510156 0.407292 0.510156 0.410417 0.510938 0.411458 0.513281 0.411458 0.514062 0.411458 0.514844 0.410417 0.514844 0.409375 0.516406 0.409375 0.517188 0.409375 0.517188 0.410417 0.517969 0.411458 0.520312 0.411458 0.521094 0.411458 0.521094 0.412500 0.521094 0.413542 0.521875 0.414583 0.522656 0.415625 0.523438 0.415625 0.524219 0.416667 0.524219 0.423958 0.524219 0.425000 0.522656 0.427083 0.521875 0.428125 0.521875 0.433333 0.521875 0.434375 0.521094 0.435417 0.521094 0.436458 0.520312 0.437500 0.520312 0.438542 0.519531 0.439583 0.518750 0.440625 0.517969 0.439583 0.517188 0.438542 0.517188 0.437500 0.517188 0.436458 0.516406 0.435417 0.515625 0.434375 0.512500 0.434375 0.511719 0.434375 0.510938 0.433333 0.508594 0.433333 0.507812 0.433333 0.507031 0.432292 0.506250 0.432292 0.505469 0.431250 0.504687 0.430208 0.504687 0.426042 0.504687 0.425000 0.503906 0.423958 0.503906 0.422917 0.503125 0.421875 0.503125 0.416667 0.503125 0.415625 0.503906 0.414583 0.503906 0.413542 0.503906 0.412500 0.504687 0.411458 0.504687 0.410417 0.504687 0.409375 0.505469 0.409375 0.506250 0.408333 0.507031 0.408333 0.508594 0.406250
0 0.145313 0.411458 0.146094 0.411458 0.146875 0.411458 0.146875 0.413542 0.147656 0.414583 0.150000 0.414583 0.150781 0.414583 0.150781 0.417708 0.150781 0.418750 0.151562 0.419792 0.152344 0.420833 0.153906 0.420833 0.154688 0.420833 0.155469 0.421875 0.156250 0.422917 0.157031 0.422917 0.157812 0.423958 0.158594 0.423958 0.159375 0.425000 0.160156 0.425000 0.160938 0.425000 0.161719 0.426042 0.162500 0.426042 0.162500 0.430208 0.162500 0.431250 0.161719 0.432292 0.161719 0.437500 0.161719 0.438542 0.160938 0.439583 0.160938 0.443750 0.161719 0.444792 0.167969 0.444792 0.168750 0.444792 0.169531 0.443750 0.171875 0.443750 0.172656 0.443750 0.172656 0.458333 0.172656 0.459375 0.171875 0.460417 0.171875 0.461458 0.171094 0.462500 0.170313 0.462500 0.169531 0.463542 0.167969 0.463542 0.167187 0.463542 0.166406 0.462500 0.166406 0.461458 0.165625 0.460417 0.164844 0.459375 0.164062 0.459375 0.163281 0.458333 0.157031 0.458333 0.156250 0.458333 0.155469 0.457292 0.153125 0.457292 0.152344 0.457292 0.150781 0.459375 0.150000 0.460417 0.150000 0.461458 0.149219 0.462500 0.148438 0.462500 0.147656 0.462500 0.146875 0.463542 0.146094 0.463542 0.145313 0.463542 0.144531 0.462500 0.144531 0.461458 0.143750 0.460417 0.143750 0.459375 0.142969 0.458333 0.142969 0.457292 0.140625 0.454167 0.139844 0.454167 0.139844 0.452083 0.139063 0.451042 0.140625 0.448958 0.141406 0.447917 0.141406 0.445833 0.141406 0.444792 0.142187 0.443750 0.142969 0.443750 0.143750 0.442708 0.144531 0.442708 0.145313 0.442708 0.146094 0.441667 0.147656 0.441667 0.148438 0.441667 0.149219 0.440625 0.149219 0.436458 0.150000 0.435417 0.150000 0.427083 0.150000 0.426042 0.149219 0.425000 0.148438 0.425000 0.147656 0.423958 0.146094 0.423958 0.145313 0.423958 0.144531 0.422917 0.143750 0.422917 0.143750 0.420833 0.143750 0.419792 0.142969 0.418750 0.142969 0.415625 0.142969 0.414583 0.143750 0.413542 0.143750 0.412500 0.144531 0.412500 0.145313 0.411458
0 0.021875 0.413542 0.022656 0.413542 0.023438 0.413542 0.023438 0.414583 0.024219 0.415625 0.025781 0.415625 0.026562 0.416667 0.026562 0.417708 0.026562 0.418750 0.027344 0.419792 0.027344 0.421875 0.027344 0.422917 0.026562 0.423958 0.026562 0.425000 0.025781 0.426042 0.025781 0.427083 0.025000 0.428125 0.022656 0.428125 0.021875 0.428125 0.021094 0.427083 0.020313 0.427083 0.019531 0.426042 0.018750 0.426042 0.018750 0.423958 0.017969 0.422917 0.017969 0.419792 0.017969 0.418750 0.018750 0.417708 0.018750 0.416667 0.019531 0.415625 0.020313 0.415625 0.021875 0.413542
0 0.634375 0.413542 0.637500 0.413542 0.638281 0.413542 0.638281 0.414583 0.639062 0.415625 0.639844 0.416667 0.639844 0.420833 0.639844 0.421875 0.639062 0.422917 0.638281 0.423958 0.638281 0.425000 0.637500 0.426042 0.635938 0.426042 0.635156 0.426042 0.633594 0.423958 0.632812 0.423958 0.632812 0.420833 0.633594 0.419792 0.633594 0.415625 0.633594 0.414583 0.634375 0.413542
0 0.717187 0.417708 0.719531 0.417708 0.720313 0.417708 0.720313 0.418750 0.721094 0.419792 0.721875 0.419792 0.723437 0.421875 0.724219 0.421875 0.724219 0.422917 0.724219 0.423958 0.725000 0.425000 0.725781 0.425000 0.726562 0.426042 0.726562 0.427083 0.726562 0.428125 0.725781 0.429167 0.721875 0.429167 0.721094 0.429167 0.720313 0.430208 0.719531 0.431250 0.718750 0.431250 0.717969 0.432292 0.717187 0.432292 0.716406 0.432292 0.716406 0.431250 0.716406 0.430208 0.715625 0.429167 0.714844 0.428125 0.714844 0.427083 0.714844 0.426042 0.715625 0.425000 0.716406 0.423958 0.716406 0.421875 0.716406 0.420833 0.717187 0.419792 0.717187 0.417708
0 0.104688 0.420833 0.105469 0.420833 0.106250 0.420833 0.107031 0.421875 0.107813 0.422917 0.107031 0.423958 0.107031 0.425000 0.107031 0.426042 0.106250 0.427083 0.105469 0.428125 0.105469 0.429167 0.105469 0.430208 0.103125 0.433333 0.102344 0.434375 0.101562 0.434375 0.100781 0.435417 0.100000 0.434375 0.100000 0.433333 0.100000 0.432292 0.098437 0.430208 0.097656 0.429167 0.096875 0.429167 0.096094 0.428125 0.096094 0.426042 0.096094 0.425000 0.096875 0.423958 0.097656 0.422917 0.098437 0.422917 0.099219 0.421875 0.103125 0.421875 0.103906 0.421875 0.104688 0.420833
0 0.917188 0.420833 0.920312 0.420833 0.921094 0.420833 0.921875 0.421875 0.922656 0.421875 0.922656 0.425000 0.922656 0.426042 0.921875 0.427083 0.921094 0.427083 0.920312 0.427083 0.919531 0.428125 0.918750 0.428125 0.917969 0.429167 0.917188 0.428125 0.916406 0.427083 0.916406 0.423958 0.915625 0.422917 0.916406 0.422917 0.917188 0.421875 0.917188 0.420833
0 0.071875 0.422917 0.072656 0.423958 0.072656 0.425000 0.073438 0.426042 0.074219 0.426042 0.075000 0.426042 0.075781 0.427083 0.076563 0.427083 0.076563 0.428125 0.075781 0.429167 0.075000 0.429167 0.074219 0.430208 0.073438 0.430208 0.072656 0.430208 0.071094 0.432292 0.070312 0.432292 0.069531 0.431250 0.068750 0.430208 0.068750 0.426042 0.068750 0.425000 0.069531 0.423958 0.070312 0.423958 0.071094 0.423958 0.071875 0.422917
0 0.189062 0.425000 0.190625 0.425000 0.191406 0.426042 0.193750 0.426042 0.194531 0.426042 0.195312 0.427083 0.195312 0.428125 0.196094 0.429167 0.201563 0.429167 0.202344 0.429167 0.202344 0.432292 0.202344 0.433333 0.203125 0.434375 0.203906 0.434375 0.203906 0.436458 0.203906 0.437500 0.203125 0.438542 0.203125 0.439583 0.202344 0.440625 0.201563 0.441667 0.201563 0.450000 0.201563 0.451042 0.197656 0.456250 0.196875 0.457292 0.196094 0.457292 0.195312 0.457292 0.195312 0.456250 0.194531 0.455208 0.193750 0.455208 0.193750 0.454167 0.192969 0.453125 0.191406 0.453125 0.190625 0.453125 0.189844 0.454167 0.189062 0.455208 0.189062 0.456250 0.188281 0.457292 0.187500 0.457292 0.186719 0.457292 0.186719 0.456250 0.185938 0.455208 0.182031 0.455208 0.181250 0.454167 0.181250 0.451042 0.180469 0.450000 0.181250 0.448958 0.181250 0.447917 0.182031 0.446875 0.182031 0.439583 0.182031 0.438542 0.182812 0.438542 0.183594 0.437500 0.183594 0.436458 0.184375 0.436458 0.185156 0.435417 0.185156 0.432292 0.185156 0.431250 0.185938 0.430208 0.185938 0.429167 0.189062 0.425000
0 0.405469 0.437500 0.409375 0.437500 0.410156 0.437500 0.410156 0.438542 0.410938 0.439583 0.410938 0.445833 0.411719 0.446875 0.410938 0.447917 0.410938 0.448958 0.410938 0.450000 0.407031 0.455208 0.406250 0.456250 0.398438 0.456250 0.397656 0.456250 0.396094 0.454167 0.395313 0.453125 0.395313 0.452083 0.394531 0.451042 0.393750 0.451042 0.393750 0.448958 0.392969 0.447917 0.392969 0.446875 0.392969 0.445833 0.393750 0.444792 0.393750 0.442708 0.393750 0.441667 0.394531 0.441667 0.395313 0.440625 0.396094 0.440625 0.396875 0.439583 0.397656 0.439583 0.398438 0.438542 0.403906 0.438542 0.404687 0.438542 0.405469 0.437500
0 0.419531 0.443750 0.420312 0.443750 0.421094 0.443750 0.421875 0.444792 0.422656 0.444792 0.422656 0.445833 0.423438 0.446875 0.424219 0.446875 0.425000 0.447917 0.425781 0.447917 0.426563 0.447917 0.427344 0.448958 0.428125 0.450000 0.428125 0.451042 0.428906 0.452083 0.429688 0.453125 0.429688 0.455208 0.429688 0.456250 0.428125 0.458333 0.428125 0.459375 0.427344 0.460417 0.426563 0.460417 0.425781 0.460417 0.425000 0.461458 0.424219 0.462500 0.422656 0.462500 0.421875 0.463542 0.420312 0.463542 0.419531 0.463542 0.417969 0.461458 0.417187 0.461458 0.417187 0.459375 0.416406 0.458333 0.416406 0.453125 0.415625 0.452083 0.415625 0.451042 0.415625 0.450000 0.416406 0.448958 0.416406 0.447917 0.417187 0.446875 0.417187 0.445833 0.417969 0.445833 0.418750 0.445833 0.419531 0.444792 0.419531 0.443750
0 0.981250 0.446875 0.982031 0.446875 0.982812 0.446875 0.982812 0.447917 0.983594 0.448958 0.984375 0.448958 0.984375 0.452083 0.984375 0.453125 0.985156 0.454167 0.985156 0.457292 0.985156 0.458333 0.983594 0.460417 0.983594 0.461458 0.982812 0.460417 0.982031 0.460417 0.981250 0.460417 0.981250 0.459375 0.980469 0.458333 0.979688 0.458333 0.979688 0.456250 0.979688 0.455208 0.978906 0.454167 0.978125 0.454167 0.977344 0.454167 0.977344 0.453125 0.977344 0.452083 0.978125 0.451042 0.978125 0.450000 0.978125 0.448958 0.978906 0.447917 0.979688 0.447917 0.980469 0.447917 0.981250 0.446875
0 0.941406 0.453125 0.950781 0.453125 0.951562 0.453125 0.952344 0.454167 0.953125 0.454167 0.953906 0.455208 0.954688 0.455208 0.955469 0.456250 0.955469 0.461458 0.955469 0.462500 0.954688 0.463542 0.953906 0.464583 0.953906 0.467708 0.953906 0.468750 0.953125 0.469792 0.953125 0.470833 0.953125 0.471875 0.951562 0.473958 0.950781 0.473958 0.948438 0.477083 0.947656 0.477083 0.943750 0.482292 0.942969 0.483333 0.942187 0.483333 0.941406 0.484375 0.940625 0.485417 0.939844 0.485417 0.939063 0.485417 0.938281 0.484375 0.935937 0.484375 0.935156 0.484375 0.934375 0.483333 0.934375 0.482292 0.933594 0.481250 0.933594 0.480208 0.932813 0.479167 0.932813 0.478125 0.931250 0.476042 0.930469 0.476042 0.929688 0.475000 0.929688 0.473958 0.929688 0.472917 0.930469 0.471875 0.930469 0.470833 0.931250 0.469792 0.931250 0.468750 0.932031 0.467708 0.932031 0.466667 0.932031 0.465625 0.932813 0.464583 0.932813 0.463542 0.933594 0.462500 0.934375 0.462500 0.935156 0.461458 0.935937 0.461458 0.936719 0.461458 0.937500 0.460417 0.937500 0.457292 0.937500 0.456250 0.938281 0.455208 0.939063 0.454167 0.939844 0.454167 0.940625 0.454167 0.941406 0.453125
0 0.515625 0.454167 0.520312 0.454167 0.521094 0.454167 0.520312 0.455208 0.520312 0.462500 0.520312 0.463542 0.519531 0.464583 0.519531 0.465625 0.518750 0.466667 0.517969 0.467708 0.516406 0.467708 0.515625 0.467708 0.515625 0.466667 0.514844 0.465625 0.514844 0.464583 0.514062 0.463542 0.513281 0.463542 0.512500 0.462500 0.512500 0.461458 0.511719 0.460417 0.511719 0.458333 0.511719 0.457292 0.512500 0.457292 0.513281 0.456250 0.513281 0.455208 0.514062 0.455208 0.514844 0.455208 0.515625 0.454167
0 0.390625 0.461458 0.394531 0.461458 0.395313 0.462500 0.400781 0.462500 0.401562 0.461458 0.402344 0.462500 0.403125 0.462500 0.403906 0.462500 0.404687 0.463542 0.405469 0.463542 0.406250 0.464583 0.405469 0.465625 0.405469 0.466667 0.405469 0.467708 0.404687 0.468750 0.404687 0.469792 0.404687 0.470833 0.403906 0.471875 0.403906 0.472917 0.403125 0.473958 0.403125 0.475000 0.401562 0.477083 0.400781 0.478125 0.400000 0.478125 0.399219 0.479167 0.398438 0.480208 0.397656 0.480208 0.396875 0.481250 0.394531 0.481250 0.393750 0.482292 0.393750 0.481250 0.392188 0.479167 0.392188 0.478125 0.391406 0.477083 0.390625 0.477083 0.390625 0.476042 0.389844 0.475000 0.389062 0.475000 0.389062 0.472917 0.389062 0.471875 0.388281 0.470833 0.387500 0.469792 0.387500 0.466667 0.387500 0.465625 0.388281 0.464583 0.389062 0.464583 0.389844 0.463542 0.389844 0.462500 0.390625 0.461458
0 0.750000 0.464583 0.751563 0.464583 0.752344 0.464583 0.753125 0.465625 0.753906 0.465625 0.754687 0.466667 0.756250 0.466667 0.757031 0.466667 0.757812 0.465625 0.758594 0.465625 0.759375 0.465625 0.759375 0.466667 0.760156 0.467708 0.760156 0.468750 0.760938 0.469792 0.761719 0.469792 0.762500 0.470833 0.761719 0.471875 0.760938 0.472917 0.760156 0.472917 0.759375 0.473958 0.758594 0.475000 0.758594 0.478125 0.758594 0.479167 0.759375 0.480208 0.760156 0.480208 0.759375 0.481250 0.759375 0.482292 0.757812 0.484375 0.757031 0.485417 0.757031 0.486458 0.756250 0.487500 0.755469 0.487500 0.754687 0.488542 0.753906 0.488542 0.753125 0.489583 0.751563 0.489583 0.750781 0.489583 0.750781 0.488542 0.750000 0.487500 0.750000 0.486458 0.748437 0.484375 0.747656 0.483333 0.746875 0.483333 0.746094 0.483333 0.745313 0.482292 0.744531 0.482292 0.743750 0.481250 0.743750 0.469792 0.743750 0.468750 0.744531 0.467708 0.745313 0.467708 0.746094 0.466667 0.746875 0.466667 0.747656 0.466667 0.748437 0.465625 0.749219 0.465625 0.750000 0.464583
0 0.448437 0.477083 0.451562 0.477083 0.452344 0.477083 0.453125 0.478125 0.455469 0.478125 0.456250 0.478125 0.455469 0.478125 0.454688 0.479167 0.454688 0.483333 0.453906 0.484375 0.453125 0.484375 0.452344 0.484375 0.451562 0.485417 0.450781 0.486458 0.450000 0.486458 0.449219 0.486458 0.448437 0.487500 0.447656 0.487500 0.447656 0.483333 0.447656 0.482292 0.448437 0.481250 0.448437 0.477083
0 0.549219 0.485417 0.551562 0.485417 0.552344 0.486458 0.556250 0.486458 0.557031 0.485417 0.564063 0.485417 0.564844 0.486458 0.564844 0.487500 0.564844 0.488542 0.565625 0.489583 0.566406 0.489583 0.566406 0.490625 0.565625 0.491667 0.564844 0.492708 0.564844 0.493750 0.564063 0.494792 0.563281 0.494792 0.562500 0.495833 0.561719 0.495833 0.560937 0.496875 0.560937 0.500000 0.560937 0.501042 0.561719 0.502083 0.564063 0.502083 0.564844 0.502083 0.565625 0.503125 0.566406 0.503125 0.566406 0.504167 0.567187 0.505208 0.567969 0.505208 0.567969 0.506250 0.569531 0.508333 0.570312 0.508333 0.570312 0.509375 0.570312 0.510417 0.571094 0.511458 0.571875 0.512500 0.572656 0.512500 0.573438 0.513542 0.574219 0.514583 0.575781 0.514583 0.576562 0.514583 0.576562 0.515625 0.577344 0.516667 0.576562 0.517708 0.576562 0.522917 0.576562 0.523958 0.577344 0.525000 0.577344 0.528125 0.577344 0.529167 0.576562 0.530208 0.575781 0.531250 0.575781 0.532292 0.574219 0.534375 0.573438 0.535417 0.572656 0.535417 0.571875 0.536458 0.566406 0.536458 0.565625 0.536458 0.564844 0.537500 0.564063 0.538542 0.563281 0.538542 0.562500 0.538542 0.561719 0.539583 0.560937 0.540625 0.559375 0.540625 0.558594 0.540625 0.557031 0.542708 0.557031 0.543750 0.556250 0.542708 0.556250 0.541667 0.556250 0.540625 0.555469 0.539583 0.554688 0.539583 0.553906 0.538542 0.553906 0.537500 0.553125 0.536458 0.550000 0.536458 0.549219 0.537500 0.547656 0.535417 0.546875 0.534375 0.546875 0.533333 0.546094 0.532292 0.546094 0.531250 0.545312 0.530208 0.545312 0.525000 0.545312 0.523958 0.546094 0.522917 0.546094 0.520833 0.546094 0.519792 0.545312 0.518750 0.543750 0.518750 0.542969 0.518750 0.542969 0.516667 0.542188 0.515625 0.542969 0.514583 0.542969 0.513542 0.542969 0.512500 0.543750 0.511458 0.544531 0.510417 0.545312 0.510417 0.546094 0.510417 0.546875 0.509375 0.547656 0.509375 0.548438 0.508333 0.549219 0.507292 0.549219 0.505208 0.549219 0.504167 0.547656 0.502083 0.546875 0.502083 0.546875 0.501042 0.546875 0.500000 0.546094 0.498958 0.545312 0.497917 0.545312 0.496875 0.545312 0.495833 0.546094 0.494792 0.546094 0.492708 0.546094 0.491667 0.546875 0.490625 0.546875 0.489583 0.547656 0.488542 0.547656 0.487500 0.549219 0.485417
0 0.639062 0.488542 0.642188 0.488542 0.642969 0.488542 0.643750 0.489583 0.645312 0.489583 0.646094 0.489583 0.646875 0.490625 0.647656 0.491667 0.646875 0.491667 0.646094 0.492708 0.646094 0.496875 0.645312 0.497917 0.643750 0.497917 0.642969 0.497917 0.641406 0.500000 0.640625 0.501042 0.639844 0.501042 0.639062 0.502083 0.638281 0.502083 0.637500 0.503125 0.636719 0.502083 0.635938 0.502083 0.634375 0.500000 0.633594 0.500000 0.633594 0.498958 0.632812 0.497917 0.633594 0.496875 0.633594 0.495833 0.633594 0.494792 0.635156 0.492708 0.635938 0.491667 0.636719 0.491667 0.639062 0.488542
0 0.427344 0.511458 0.428125 0.511458 0.428906 0.511458 0.428906 0.512500 0.429688 0.513542 0.430469 0.513542 0.431250 0.514583 0.432031 0.514583 0.432812 0.514583 0.433594 0.515625 0.434375 0.516667 0.434375 0.517708 0.435156 0.518750 0.432812 0.521875 0.432031 0.522917 0.431250 0.521875 0.427344 0.521875 0.426563 0.522917 0.425781 0.521875 0.424219 0.521875 0.423438 0.521875 0.423438 0.519792 0.424219 0.518750 0.424219 0.515625 0.424219 0.514583 0.425000 0.513542 0.425781 0.512500 0.426563 0.512500 0.427344 0.511458
0 0.092969 0.512500 0.094531 0.512500 0.095312 0.512500 0.096094 0.513542 0.096875 0.513542 0.097656 0.513542 0.097656 0.516667 0.097656 0.517708 0.098437 0.518750 0.099219 0.519792 0.099219 0.520833 0.100000 0.521875 0.099219 0.521875 0.097656 0.523958 0.097656 0.525000 0.096875 0.523958 0.094531 0.523958 0.093750 0.523958 0.093750 0.522917 0.093750 0.521875 0.092969 0.520833 0.092969 0.519792 0.092188 0.518750 0.091406 0.517708 0.091406 0.516667 0.091406 0.515625 0.092188 0.514583 0.092188 0.513542 0.092969 0.512500
0 0.902344 0.515625 0.903906 0.517708 0.904687 0.517708 0.904687 0.521875 0.904687 0.522917 0.900781 0.528125 0.900000 0.528125 0.899219 0.527083 0.899219 0.522917 0.898438 0.521875 0.899219 0.520833 0.899219 0.518750 0.899219 0.517708 0.900000 0.516667 0.900781 0.516667 0.901563 0.516667 0.902344 0.515625
0 0.771875 0.520833 0.772656 0.520833 0.773438 0.520833 0.773438 0.521875 0.773438 0.522917 0.774219 0.523958 0.775000 0.523958 0.775781 0.523958 0.775781 0.525000 0.776563 0.526042 0.777344 0.526042 0.777344 0.531250 0.777344 0.532292 0.776563 0.533333 0.775781 0.534375 0.775000 0.534375 0.774219 0.535417 0.773438 0.536458 0.772656 0.536458 0.771875 0.537500 0.771094 0.537500 0.770312 0.538542 0.769531 0.539583 0.768750 0.539583 0.767969 0.538542 0.765625 0.538542 0.764844 0.538542 0.764062 0.539583 0.763281 0.540625 0.761719 0.540625 0.760938 0.541667 0.757812 0.541667 0.757031 0.541667 0.756250 0.540625 0.756250 0.539583 0.754687 0.537500 0.753906 0.537500 0.753906 0.536458 0.753906 0.535417 0.753125 0.534375 0.753125 0.532292 0.753125 0.531250 0.755469 0.528125 0.756250 0.527083 0.758594 0.527083 0.759375 0.528125 0.763281 0.528125 0.764062 0.528125 0.764844 0.527083 0.765625 0.526042 0.765625 0.525000 0.766406 0.523958 0.767188 0.522917 0.768750 0.522917 0.769531 0.522917 0.770312 0.521875 0.771094 0.521875 0.771875 0.520833
0 0.215625 0.525000 0.217188 0.525000 0.217969 0.526042 0.220312 0.526042 0.221094 0.526042 0.221094 0.527083 0.221875 0.528125 0.222656 0.528125 0.223438 0.528125 0.224219 0.529167 0.225000 0.529167 0.225781 0.530208 0.225781 0.531250 0.226562 0.532292 0.226562 0.533333 0.227344 0.534375 0.228125 0.535417 0.228125 0.536458 0.228906 0.537500 0.229687 0.537500 0.229687 0.542708 0.229687 0.543750 0.228906 0.544792 0.228906 0.545833 0.228125 0.546875 0.228125 0.555208 0.228125 0.556250 0.227344 0.557292 0.227344 0.561458 0.227344 0.562500 0.226562 0.563542 0.225781 0.563542 0.225000 0.564583 0.225000 0.565625 0.223438 0.567708 0.222656 0.568750 0.222656 0.569792 0.221875 0.570833 0.221875 0.571875 0.221094 0.572917 0.220312 0.573958 0.219531 0.573958 0.218750 0.575000 0.216406 0.575000 0.215625 0.573958 0.211719 0.573958 0.210938 0.573958 0.208594 0.570833 0.207813 0.569792 0.207813 0.565625 0.207031 0.564583 0.207031 0.560417 0.207031 0.559375 0.207813 0.558333 0.207813 0.557292 0.207813 0.556250 0.208594 0.555208 0.208594 0.554167 0.208594 0.553125 0.209375 0.552083 0.209375 0.550000 0.210156 0.548958 0.210156 0.546875 0.210156 0.545833 0.210938 0.544792 0.210938 0.541667 0.210938 0.540625 0.211719 0.539583 0.211719 0.538542 0.212500 0.537500 0.212500 0.536458 0.213281 0.535417 0.213281 0.530208 0.213281 0.529167 0.214062 0.528125 0.214062 0.527083 0.215625 0.525000
0 0.195312 0.527083 0.196094 0.528125 0.199219 0.528125 0.200000 0.528125 0.201563 0.530208 0.202344 0.530208 0.201563 0.531250 0.201563 0.538542 0.201563 0.539583 0.200781 0.540625 0.200781 0.541667 0.200000 0.542708 0.199219 0.543750 0.196094 0.543750 0.195312 0.543750 0.194531 0.542708 0.193750 0.541667 0.193750 0.540625 0.193750 0.539583 0.192969 0.538542 0.192188 0.537500 0.192188 0.532292 0.192188 0.531250 0.192969 0.531250 0.193750 0.530208 0.193750 0.529167 0.194531 0.529167 0.195312 0.528125 0.195312 0.527083
0 0.524219 0.528125 0.528125 0.528125 0.528906 0.528125 0.529687 0.529167 0.530469 0.529167 0.530469 0.530208 0.531250 0.531250 0.532031 0.531250 0.532031 0.533333 0.532813 0.534375 0.532031 0.535417 0.532031 0.538542 0.532031 0.539583 0.529687 0.542708 0.528906 0.543750 0.527344 0.543750 0.526563 0.544792 0.525781 0.544792 0.525000 0.543750 0.523438 0.543750 0.522656 0.543750 0.521875 0.542708 0.521875 0.541667 0.520312 0.539583 0.519531 0.538542 0.519531 0.535417 0.519531 0.534375 0.522656 0.530208 0.522656 0.529167 0.523438 0.529167 0.524219 0.528125
0 0.107813 0.532292 0.114062 0.532292 0.114844 0.532292 0.114844 0.533333 0.114844 0.534375 0.115625 0.535417 0.116406 0.535417 0.116406 0.540625 0.116406 0.541667 0.115625 0.542708 0.114844 0.543750 0.114844 0.544792 0.114844 0.545833 0.114062 0.546875 0.113281 0.546875 0.112500 0.547917 0.111719 0.547917 0.110937 0.548958 0.110156 0.548958 0.110156 0.546875 0.110156 0.545833 0.108594 0.543750 0.107813 0.543750 0.107813 0.540625 0.107031 0.539583 0.107031 0.535417 0.107031 0.534375 0.107813 0.533333 0.107813 0.532292
0 0.384375 0.536458 0.385156 0.537500 0.385156 0.540625 0.385156 0.541667 0.384375 0.542708 0.384375 0.543750 0.382812 0.545833 0.382031 0.546875 0.381250 0.546875 0.380469 0.547917 0.379688 0.547917 0.378906 0.547917 0.378125 0.546875 0.377344 0.546875 0.376563 0.545833 0.375781 0.545833 0.375781 0.544792 0.375000 0.543750 0.375781 0.542708 0.375781 0.541667 0.375781 0.540625 0.376563 0.540625 0.377344 0.540625 0.378125 0.539583 0.378125 0.538542 0.379688 0.538542 0.380469 0.538542 0.381250 0.537500 0.382812 0.537500 0.383594 0.537500 0.384375 0.536458
0 0.499219 0.556250 0.501563 0.556250 0.502344 0.556250 0.503125 0.557292 0.505469 0.557292 0.506250 0.558333 0.506250 0.560417 0.506250 0.561458 0.507031 0.562500 0.507031 0.565625 0.507031 0.566667 0.507812 0.567708 0.507812 0.568750 0.508594 0.569792 0.508594 0.580208 0.508594 0.581250 0.509375 0.582292 0.510156 0.583333 0.511719 0.583333 0.512500 0.583333 0.514062 0.581250 0.514062 0.580208 0.514844 0.580208 0.515625 0.579167 0.516406 0.579167 0.517188 0.578125 0.517969 0.578125 0.518750 0.578125 0.519531 0.579167 0.519531 0.580208 0.520312 0.581250 0.520312 0.582292 0.521094 0.583333 0.521875 0.584375 0.522656 0.584375 0.523438 0.584375 0.524219 0.585417 0.525000 0.585417 0.525781 0.586458 0.525781 0.587500 0.525781 0.588542 0.527344 0.590625 0.528125 0.591667 0.528906 0.591667 0.529687 0.591667 0.530469 0.592708 0.531250 0.592708 0.532031 0.593750 0.533594 0.593750 0.534375 0.593750 0.534375 0.601042 0.534375 0.602083 0.535156 0.603125 0.535156 0.604167 0.535937 0.605208 0.535937 0.606250 0.536719 0.607292 0.535156 0.609375 0.534375 0.610417 0.534375 0.615625 0.534375 0.616667 0.533594 0.617708 0.532813 0.617708 0.532031 0.617708 0.529687 0.620833 0.528906 0.621875 0.528906 0.622917 0.528125 0.623958 0.527344 0.623958 0.526563 0.625000 0.525781 0.625000 0.525000 0.623958 0.524219 0.623958 0.524219 0.622917 0.523438 0.621875 0.522656 0.621875 0.521875 0.621875 0.521094 0.620833 0.520312 0.619792 0.520312 0.618750 0.520312 0.617708 0.519531 0.616667 0.518750 0.615625 0.518750 0.614583 0.518750 0.613542 0.517969 0.612500 0.517188 0.612500 0.516406 0.612500 0.516406 0.611458 0.515625 0.610417 0.508594 0.610417 0.507812 0.610417 0.507031 0.611458 0.506250 0.611458 0.506250 0.610417 0.505469 0.609375 0.504687 0.609375 0.503906 0.608333 0.503906 0.607292 0.503125 0.606250 0.503906 0.606250 0.504687 0.605208 0.505469 0.604167 0.505469 0.601042 0.505469 0.600000 0.507812 0.600000 0.508594 0.598958 0.508594 0.596875 0.508594 0.595833 0.509375 0.594792 0.510156 0.593750 0.510156 0.592708 0.510156 0.591667 0.510938 0.590625 0.510938 0.588542 0.510938 0.587500 0.510156 0.586458 0.507812 0.586458 0.507031 0.586458 0.506250 0.587500 0.506250 0.588542 0.505469 0.587500 0.504687 0.587500 0.502344 0.584375 0.501563 0.584375 0.501563 0.583333 0.500000 0.581250 0.499219 0.580208 0.499219 0.569792 0.499219 0.568750 0.498437 0.567708 0.498437 0.566667 0.497656 0.565625 0.497656 0.564583 0.497656 0.563542 0.496875 0.562500 0.496875 0.560417 0.496094 0.559375 0.496875 0.559375 0.499219 0.556250
0 0.303125 0.558333 0.303906 0.559375 0.307812 0.559375 0.308594 0.559375 0.308594 0.560417 0.309375 0.561458 0.309375 0.562500 0.310156 0.563542 0.310937 0.563542 0.311719 0.563542 0.311719 0.564583 0.312500 0.565625 0.313281 0.566667 0.312500 0.566667 0.308594 0.571875 0.307812 0.572917 0.307031 0.572917 0.306250 0.571875 0.304688 0.571875 0.303906 0.571875 0.303125 0.570833 0.302344 0.570833 0.302344 0.568750 0.301563 0.567708 0.299219 0.567708 0.298438 0.567708 0.297656 0.566667 0.296875 0.566667 0.296875 0.565625 0.296875 0.564583 0.297656 0.563542 0.297656 0.562500 0.297656 0.561458 0.298438 0.560417 0.298438 0.559375 0.301563 0.559375 0.302344 0.559375 0.303125 0.558333
0 0.603125 0.561458 0.606250 0.561458 0.607031 0.561458 0.607812 0.562500 0.607812 0.563542 0.608594 0.564583 0.607812 0.565625 0.607031 0.566667 0.607031 0.567708 0.607031 0.568750 0.605469 0.570833 0.604688 0.571875 0.604688 0.572917 0.603125 0.575000 0.603125 0.576042 0.602344 0.577083 0.600000 0.577083 0.599219 0.577083 0.598437 0.576042 0.598437 0.572917 0.598437 0.571875 0.597656 0.570833 0.597656 0.569792 0.596875 0.568750 0.597656 0.567708 0.597656 0.566667 0.597656 0.565625 0.598437 0.564583 0.598437 0.563542 0.600000 0.563542 0.600781 0.563542 0.601562 0.562500 0.602344 0.562500 0.603125 0.561458
0 0.141406 0.562500 0.145313 0.562500 0.146094 0.562500 0.146094 0.563542 0.146875 0.564583 0.147656 0.564583 0.147656 0.569792 0.148438 0.570833 0.148438 0.573958 0.148438 0.575000 0.147656 0.576042 0.147656 0.577083 0.146875 0.578125 0.146094 0.578125 0.145313 0.578125 0.145313 0.577083 0.145313 0.576042 0.144531 0.575000 0.143750 0.573958 0.142969 0.573958 0.142187 0.572917 0.141406 0.572917 0.141406 0.571875 0.139063 0.568750 0.138281 0.568750 0.138281 0.566667 0.138281 0.565625 0.139063 0.564583 0.139844 0.563542 0.140625 0.563542 0.141406 0.562500
0 0.449219 0.571875 0.450000 0.572917 0.450781 0.572917 0.451562 0.573958 0.451562 0.575000 0.452344 0.576042 0.453125 0.576042 0.453906 0.577083 0.453906 0.578125 0.453906 0.579167 0.453125 0.580208 0.452344 0.580208 0.451562 0.580208 0.450000 0.582292 0.449219 0.583333 0.448437 0.583333 0.447656 0.584375 0.446875 0.584375 0.446094 0.583333 0.445312 0.582292 0.443750 0.582292 0.442969 0.582292 0.442969 0.581250 0.442188 0.580208 0.442188 0.579167 0.441406 0.578125 0.442188 0.577083 0.442188 0.576042 0.442188 0.575000 0.442969 0.575000 0.443750 0.573958 0.445312 0.573958 0.446094 0.572917 0.447656 0.572917 0.448437 0.572917 0.449219 0.571875
0 0.563281 0.573958 0.567969 0.573958 0.568750 0.573958 0.568750 0.575000 0.568750 0.576042 0.569531 0.577083 0.570312 0.578125 0.570312 0.580208 0.570312 0.581250 0.569531 0.582292 0.569531 0.584375 0.569531 0.585417 0.568750 0.586458 0.567187 0.586458 0.566406 0.586458 0.565625 0.587500 0.564844 0.587500 0.563281 0.589583 0.562500 0.589583 0.562500 0.588542 0.562500 0.587500 0.561719 0.586458 0.560156 0.586458 0.559375 0.586458 0.559375 0.585417 0.559375 0.584375 0.560156 0.583333 0.560156 0.582292 0.560156 0.581250 0.560937 0.580208 0.560937 0.579167 0.560937 0.578125 0.561719 0.577083 0.561719 0.576042 0.563281 0.573958
0 0.803125 0.575000 0.803906 0.575000 0.804688 0.575000 0.805469 0.576042 0.805469 0.578125 0.805469 0.579167 0.804688 0.580208 0.804688 0.581250 0.803906 0.582292 0.803906 0.585417 0.803906 0.586458 0.803125 0.587500 0.803125 0.589583 0.803125 0.590625 0.802344 0.591667 0.801562 0.592708 0.801562 0.595833 0.801562 0.596875 0.800781 0.597917 0.800000 0.598958 0.800000 0.600000 0.799219 0.601042 0.799219 0.602083 0.798438 0.603125 0.797656 0.604167 0.796875 0.604167 0.796094 0.604167 0.795312 0.603125 0.793750 0.603125 0.792969 0.602083 0.790625 0.602083 0.789844 0.602083 0.789062 0.601042 0.789844 0.600000 0.789844 0.598958 0.790625 0.598958 0.791406 0.597917 0.791406 0.594792 0.790625 0.593750 0.790625 0.587500 0.790625 0.586458 0.791406 0.586458 0.792188 0.585417 0.792188 0.584375 0.792969 0.584375 0.793750 0.583333 0.793750 0.582292 0.794531 0.581250 0.795312 0.581250 0.796094 0.581250 0.796875 0.580208 0.797656 0.579167 0.798438 0.579167 0.799219 0.578125 0.800000 0.578125 0.800781 0.577083 0.801562 0.576042 0.802344 0.576042 0.803125 0.575000
0 0.046875 0.578125 0.047656 0.579167 0.048438 0.579167 0.049219 0.580208 0.051562 0.580208 0.052344 0.580208 0.050781 0.582292 0.050000 0.583333 0.050000 0.584375 0.050000 0.585417 0.049219 0.586458 0.049219 0.587500 0.049219 0.588542 0.048438 0.589583 0.048438 0.590625 0.047656 0.591667 0.043750 0.591667 0.042969 0.591667 0.042188 0.590625 0.042188 0.589583 0.041406 0.588542 0.040625 0.588542 0.039844 0.588542 0.039844 0.587500 0.039062 0.586458 0.039844 0.585417 0.039844 0.583333 0.039844 0.582292 0.040625 0.581250 0.041406 0.581250 0.042188 0.580208 0.042969 0.579167 0.045312 0.579167 0.046094 0.579167 0.046875 0.578125
0 0.121875 0.582292 0.131250 0.582292 0.132031 0.582292 0.132031 0.585417 0.132812 0.586458 0.132812 0.587500 0.132031 0.588542 0.132031 0.589583 0.132031 0.590625 0.130469 0.592708 0.129688 0.593750 0.128906 0.593750 0.126562 0.596875 0.125781 0.596875 0.125000 0.595833 0.125000 0.594792 0.124219 0.593750 0.124219 0.592708 0.123438 0.591667 0.122656 0.591667 0.121875 0.591667 0.121094 0.590625 0.120313 0.589583 0.120313 0.586458 0.119531 0.585417 0.120313 0.585417 0.121094 0.584375 0.121094 0.583333 0.121875 0.582292
0 0.483594 0.592708 0.485938 0.592708 0.486719 0.592708 0.486719 0.593750 0.487500 0.594792 0.488281 0.594792 0.489063 0.595833 0.489844 0.596875 0.491406 0.596875 0.492188 0.596875 0.492188 0.597917 0.492188 0.598958 0.492969 0.600000 0.492969 0.601042 0.492969 0.602083 0.491406 0.604167 0.490625 0.605208 0.490625 0.606250 0.489844 0.607292 0.486719 0.607292 0.485938 0.607292 0.485156 0.608333 0.484375 0.609375 0.481250 0.609375 0.480469 0.609375 0.479687 0.608333 0.478906 0.608333 0.478906 0.600000 0.478906 0.598958 0.480469 0.596875 0.480469 0.595833 0.481250 0.595833 0.483594 0.592708
0 0.905222 0.663391 0.905222 0.658601 0.904960 0.657013 0.904960 0.654511 0.904378 0.651626 0.903032 0.649832 0.902713 0.648237 0.901127 0.646123 0.898963 0.645347 0.897765 0.645347 0.891897 0.643300 0.890917 0.642851 0.889997 0.642150 0.889400 0.641937 0.888683 0.641215 0.886519 0.640445 0.884355 0.641215 0.884104 0.641550 0.881250 0.641550 0.880469 0.640508 0.880469 0.636341 0.883594 0.632175 0.883594 0.631133 0.884375 0.630091 0.884375 0.621758 0.885156 0.620716 0.884375 0.619675 0.884375 0.612383 0.882812 0.610300 0.882812 0.607175 0.882031 0.606133 0.882031 0.604050 0.881250 0.603008 0.881250 0.598841 0.882031 0.597800 0.882031 0.596758 0.880469 0.594675 0.879687 0.594675 0.878906 0.593633 0.875781 0.593633 0.874219 0.595716 0.873437 0.595716 0.872656 0.596758 0.872656 0.598841 0.871875 0.599883 0.871875 0.600925 0.871094 0.601966 0.870313 0.601966 0.869531 0.603008 0.868750 0.603008 0.867188 0.605091 0.866406 0.605091 0.865625 0.606133 0.864844 0.606133 0.864062 0.607175 0.864062 0.608216 0.862500 0.610300 0.862500 0.615508 0.861719 0.616550 0.860156 0.616550 0.860156 0.617591 0.859375 0.618633 0.859375 0.622800 0.858594 0.623841 0.858594 0.628008 0.857812 0.629050 0.857812 0.635300 0.859375 0.637383 0.860938 0.637383 0.861719 0.638425 0.861719 0.640508 0.864062 0.643633 0.866406 0.643633 0.867188 0.644675 0.867188 0.649883 0.866406 0.650925 0.866406 0.667591 0.867188 0.668633 0.867188 0.669675 0.867969 0.670716 0.868750 0.670716 0.870313 0.672800 0.870313 0.673841 0.871094 0.674883 0.875781 0.674883 0.876563 0.675925 0.876563 0.676966 0.878125 0.676966 0.878906 0.678008 0.879687 0.678008 0.880469 0.679050 0.880469 0.680091 0.882812 0.680091 0.884375 0.682175 0.884375 0.683216 0.885156 0.684258 0.886719 0.684258 0.887500 0.685300 0.889844 0.685300 0.892188 0.682175 0.892188 0.681264 0.894231 0.681903 0.896921 0.681011 0.897271 0.680777 0.899383 0.677961 0.900084 0.676676 0.901311 0.675040 0.902450 0.673171 0.904115 0.668614 0.905219 0.663391
0 0.428906 0.606250 0.430469 0.606250 0.431250 0.606250 0.432031 0.607292 0.432812 0.607292 0.433594 0.607292 0.434375 0.608333 0.435156 0.609375 0.435156 0.613542 0.435156 0.614583 0.433594 0.616667 0.432812 0.617708 0.428906 0.617708 0.428125 0.616667 0.428125 0.611458 0.428125 0.610417 0.428906 0.609375 0.428906 0.606250
0 0.780469 0.610417 0.785937 0.610417 0.786719 0.610417 0.786719 0.611458 0.786719 0.612500 0.787500 0.613542 0.788281 0.613542 0.787500 0.614583 0.787500 0.615625 0.785937 0.617708 0.785156 0.617708 0.782813 0.620833 0.782031 0.621875 0.782031 0.622917 0.781250 0.623958 0.780469 0.623958 0.779687 0.625000 0.778125 0.625000 0.777344 0.625000 0.777344 0.621875 0.777344 0.620833 0.776563 0.619792 0.776563 0.616667 0.776563 0.615625 0.777344 0.614583 0.777344 0.613542 0.778125 0.612500 0.778906 0.612500 0.780469 0.610417
0 0.047656 0.613542 0.048438 0.613542 0.049219 0.613542 0.050000 0.614583 0.050781 0.615625 0.053906 0.615625 0.054688 0.615625 0.056250 0.617708 0.057031 0.618750 0.053906 0.622917 0.053125 0.623958 0.052344 0.623958 0.051562 0.625000 0.050781 0.626042 0.046094 0.626042 0.045312 0.626042 0.045312 0.625000 0.044531 0.623958 0.043750 0.623958 0.042188 0.621875 0.041406 0.620833 0.042188 0.619792 0.042188 0.618750 0.042969 0.617708 0.042969 0.616667 0.043750 0.616667 0.044531 0.616667 0.045312 0.615625 0.046094 0.614583 0.046875 0.614583 0.047656 0.613542
0 0.008594 0.615625 0.010156 0.615625 0.010937 0.616667 0.015625 0.616667 0.016406 0.616667 0.016406 0.619792 0.017188 0.620833 0.019531 0.620833 0.020313 0.620833 0.021094 0.621875 0.021094 0.622917 0.018750 0.626042 0.017969 0.626042 0.017188 0.627083 0.017188 0.628125 0.016406 0.629167 0.015625 0.629167 0.014844 0.628125 0.014063 0.627083 0.014063 0.626042 0.013281 0.625000 0.010156 0.625000 0.009375 0.625000 0.008594 0.623958 0.007812 0.623958 0.007812 0.622917 0.007031 0.621875 0.006250 0.621875 0.006250 0.619792 0.006250 0.618750 0.008594 0.615625
0 0.322656 0.617708 0.324219 0.617708 0.325000 0.617708 0.325781 0.618750 0.326562 0.618750 0.327344 0.619792 0.328125 0.619792 0.328125 0.620833 0.328906 0.621875 0.328906 0.628125 0.328906 0.629167 0.327344 0.631250 0.326562 0.632292 0.325000 0.632292 0.324219 0.632292 0.324219 0.631250 0.323437 0.630208 0.322656 0.630208 0.321875 0.630208 0.321094 0.629167 0.321094 0.628125 0.320312 0.627083 0.320312 0.621875 0.320312 0.620833 0.322656 0.617708
0 0.498437 0.622917 0.501563 0.622917 0.502344 0.622917 0.502344 0.623958 0.503125 0.625000 0.503125 0.626042 0.503906 0.627083 0.503906 0.628125 0.503906 0.629167 0.504687 0.630208 0.504687 0.631250 0.505469 0.632292 0.510156 0.632292 0.510938 0.632292 0.511719 0.633333 0.512500 0.633333 0.512500 0.634375 0.513281 0.635417 0.514062 0.636458 0.514062 0.637500 0.514062 0.638542 0.513281 0.639583 0.512500 0.639583 0.511719 0.640625 0.510938 0.641667 0.509375 0.641667 0.508594 0.641667 0.508594 0.640625 0.507812 0.639583 0.507031 0.638542 0.503906 0.638542 0.503125 0.638542 0.500781 0.635417 0.500000 0.635417 0.500000 0.634375 0.499219 0.633333 0.498437 0.633333 0.497656 0.633333 0.496875 0.632292 0.496875 0.631250 0.496094 0.630208 0.496094 0.629167 0.496094 0.628125 0.495312 0.627083 0.495312 0.625000 0.495312 0.623958 0.496875 0.623958 0.497656 0.623958 0.498437 0.622917
0 0.075000 0.626042 0.075781 0.627083 0.076563 0.628125 0.078125 0.628125 0.078906 0.628125 0.078125 0.629167 0.078125 0.630208 0.078125 0.631250 0.077344 0.632292 0.076563 0.633333 0.076563 0.634375 0.075000 0.636458 0.074219 0.637500 0.072656 0.637500 0.071875 0.637500 0.071094 0.638542 0.070312 0.638542 0.069531 0.637500 0.069531 0.636458 0.069531 0.635417 0.068750 0.634375 0.068750 0.633333 0.067969 0.632292 0.067187 0.632292 0.067969 0.632292 0.068750 0.631250 0.068750 0.630208 0.069531 0.630208 0.070312 0.630208 0.071094 0.629167 0.071875 0.628125 0.072656 0.628125 0.073438 0.627083 0.074219 0.627083 0.075000 0.626042
0 0.606250 0.627083 0.607031 0.627083 0.607812 0.627083 0.607812 0.628125 0.608594 0.629167 0.607812 0.630208 0.607812 0.635417 0.607812 0.636458 0.608594 0.637500 0.609375 0.637500 0.610156 0.638542 0.610156 0.639583 0.609375 0.640625 0.608594 0.640625 0.607812 0.639583 0.607031 0.639583 0.606250 0.639583 0.606250 0.638542 0.606250 0.637500 0.605469 0.636458 0.604688 0.636458 0.603906 0.635417 0.603125 0.635417 0.602344 0.635417 0.602344 0.633333 0.601562 0.632292 0.601562 0.630208 0.601562 0.629167 0.602344 0.629167 0.603125 0.628125 0.604688 0.628125 0.605469 0.628125 0.606250 0.627083
0 0.803906 0.631250 0.806250 0.631250 0.807031 0.631250 0.807031 0.632292 0.807813 0.633333 0.807813 0.634375 0.807813 0.635417 0.807031 0.636458 0.806250 0.636458 0.804688 0.638542 0.803906 0.638542 0.802344 0.640625 0.801562 0.640625 0.800781 0.639583 0.800781 0.637500 0.800781 0.636458 0.801562 0.635417 0.801562 0.634375 0.803906 0.631250
0 0.457031 0.633333 0.460156 0.633333 0.460938 0.633333 0.460938 0.634375 0.461719 0.635417 0.461719 0.636458 0.462500 0.637500 0.462500 0.641667 0.463281 0.642708 0.463281 0.644792 0.463281 0.645833 0.462500 0.646875 0.461719 0.646875 0.460938 0.647917 0.460156 0.648958 0.460156 0.657292 0.460156 0.658333 0.459375 0.659375 0.456250 0.659375 0.455469 0.659375 0.452344 0.663542 0.451562 0.664583 0.450000 0.664583 0.449219 0.665625 0.447656 0.665625 0.446875 0.665625 0.446094 0.664583 0.444531 0.664583 0.443750 0.664583 0.442969 0.663542 0.442188 0.663542 0.442188 0.662500 0.442188 0.661458 0.440625 0.659375 0.439844 0.658333 0.439844 0.654167 0.439844 0.653125 0.440625 0.653125 0.441406 0.652083 0.442188 0.651042 0.442188 0.648958 0.442969 0.647917 0.442969 0.642708 0.442969 0.641667 0.442188 0.640625 0.442188 0.637500 0.442188 0.636458 0.442969 0.635417 0.443750 0.635417 0.444531 0.634375 0.447656 0.634375 0.448437 0.634375 0.449219 0.635417 0.452344 0.635417 0.453125 0.635417 0.453906 0.634375 0.455469 0.634375 0.456250 0.634375 0.457031 0.633333
0 0.553906 0.636458 0.555469 0.636458 0.556250 0.636458 0.556250 0.637500 0.557031 0.638542 0.557813 0.638542 0.558594 0.638542 0.559375 0.639583 0.560156 0.640625 0.564844 0.640625 0.565625 0.640625 0.565625 0.641667 0.566406 0.642708 0.566406 0.643750 0.567187 0.644792 0.569531 0.644792 0.570312 0.645833 0.570312 0.650000 0.570312 0.651042 0.569531 0.652083 0.568750 0.652083 0.567969 0.652083 0.567187 0.653125 0.566406 0.654167 0.566406 0.655208 0.566406 0.656250 0.565625 0.657292 0.565625 0.658333 0.564844 0.659375 0.564063 0.660417 0.560156 0.660417 0.559375 0.660417 0.558594 0.659375 0.557813 0.659375 0.557813 0.658333 0.557813 0.657292 0.557031 0.656250 0.556250 0.656250 0.556250 0.655208 0.555469 0.654167 0.554688 0.654167 0.554688 0.652083 0.554688 0.651042 0.553906 0.650000 0.553906 0.648958 0.553125 0.647917 0.552344 0.646875 0.552344 0.640625 0.552344 0.639583 0.553125 0.638542 0.553125 0.637500 0.553906 0.636458
0 0.424219 0.637500 0.425781 0.637500 0.426563 0.638542 0.430469 0.638542 0.431250 0.638542 0.432031 0.637500 0.432812 0.637500 0.433594 0.637500 0.433594 0.639583 0.434375 0.640625 0.433594 0.641667 0.433594 0.644792 0.433594 0.645833 0.432812 0.646875 0.432812 0.648958 0.432812 0.650000 0.432031 0.651042 0.432031 0.652083 0.431250 0.653125 0.430469 0.653125 0.429688 0.653125 0.428906 0.654167 0.428125 0.654167 0.427344 0.654167 0.426563 0.655208 0.425781 0.655208 0.425000 0.656250 0.424219 0.656250 0.423438 0.657292 0.422656 0.656250 0.421875 0.655208 0.421875 0.653125 0.421875 0.652083 0.421094 0.651042 0.421094 0.648958 0.420312 0.647917 0.420312 0.642708 0.420312 0.641667 0.421875 0.639583 0.422656 0.638542 0.423438 0.638542 0.424219 0.637500
0 0.014063 0.638542 0.014844 0.638542 0.015625 0.638542 0.015625 0.640625 0.016406 0.641667 0.016406 0.645833 0.017188 0.646875 0.016406 0.646875 0.015625 0.647917 0.015625 0.653125 0.016406 0.654167 0.015625 0.654167 0.014844 0.655208 0.014844 0.659375 0.014844 0.660417 0.015625 0.661458 0.016406 0.662500 0.021875 0.662500 0.022656 0.661458 0.023438 0.662500 0.023438 0.663542 0.024219 0.664583 0.025000 0.664583 0.025781 0.664583 0.025781 0.665625 0.026562 0.666667 0.027344 0.667708 0.027344 0.669792 0.027344 0.670833 0.025781 0.672917 0.025000 0.673958 0.025000 0.678125 0.025000 0.679167 0.025781 0.680208 0.026562 0.681250 0.026562 0.682292 0.026562 0.683333 0.028125 0.685417 0.028906 0.686458 0.029687 0.686458 0.030469 0.687500 0.035156 0.687500 0.035937 0.686458 0.037500 0.686458 0.038281 0.686458 0.039062 0.687500 0.041406 0.687500 0.042188 0.686458 0.042969 0.687500 0.043750 0.687500 0.045312 0.689583 0.046094 0.690625 0.046875 0.690625 0.047656 0.691667 0.050000 0.691667 0.050781 0.691667 0.050781 0.692708 0.050781 0.693750 0.051562 0.694792 0.052344 0.694792 0.052344 0.695833 0.053125 0.696875 0.053906 0.696875 0.055469 0.698958 0.055469 0.700000 0.056250 0.701042 0.057031 0.701042 0.057813 0.702083 0.057813 0.703125 0.060156 0.706250 0.060937 0.706250 0.060937 0.707292 0.061719 0.708333 0.062500 0.708333 0.062500 0.714583 0.062500 0.715625 0.063281 0.716667 0.063281 0.717708 0.062500 0.718750 0.062500 0.719792 0.061719 0.720833 0.060937 0.720833 0.060156 0.721875 0.059375 0.721875 0.058594 0.722917 0.057813 0.723958 0.057813 0.729167 0.057031 0.730208 0.055469 0.730208 0.054688 0.730208 0.053906 0.731250 0.051562 0.731250 0.050781 0.732292 0.046875 0.732292 0.046094 0.732292 0.045312 0.731250 0.044531 0.731250 0.043750 0.730208 0.042969 0.729167 0.042969 0.725000 0.042969 0.723958 0.043750 0.723958 0.045312 0.721875 0.046094 0.720833 0.046094 0.718750 0.046875 0.717708 0.046875 0.713542 0.046094 0.712500 0.043750 0.712500 0.042969 0.712500 0.042188 0.713542 0.042188 0.714583 0.041406 0.715625 0.040625 0.715625 0.039844 0.716667 0.039062 0.717708 0.038281 0.717708 0.037500 0.718750 0.036719 0.718750 0.035937 0.718750 0.035156 0.717708 0.034375 0.716667 0.034375 0.715625 0.033594 0.714583 0.033594 0.713542 0.032813 0.712500 0.032031 0.711458 0.026562 0.711458 0.025781 0.711458 0.025781 0.708333 0.025781 0.707292 0.025000 0.706250 0.024219 0.706250 0.024219 0.705208 0.021094 0.701042 0.020313 0.701042 0.020313 0.697917 0.020313 0.696875 0.017188 0.692708 0.016406 0.691667 0.016406 0.689583 0.016406 0.688542 0.015625 0.687500 0.015625 0.685417 0.015625 0.684375 0.014844 0.683333 0.014063 0.683333 0.013281 0.683333 0.013281 0.680208 0.012500 0.679167 0.012500 0.675000 0.012500 0.673958 0.011719 0.672917 0.010937 0.672917 0.010156 0.672917 0.009375 0.671875 0.008594 0.671875 0.007812 0.670833 0.007812 0.666667 0.007031 0.665625 0.004687 0.665625 0.003906 0.665625 0.002344 0.663542 0.001563 0.662500 0.000781 0.662500 0.000000 0.661458 0.000000 0.660417 0.000781 0.660417 0.001563 0.660417 0.002344 0.659375 0.002344 0.658333 0.003125 0.657292 0.004687 0.657292 0.005469 0.657292 0.007031 0.655208 0.007812 0.654167 0.007812 0.651042 0.007812 0.650000 0.008594 0.648958 0.008594 0.647917 0.009375 0.646875 0.010156 0.645833 0.010156 0.643750 0.010156 0.642708 0.010937 0.641667 0.010937 0.640625 0.011719 0.640625 0.012500 0.639583 0.013281 0.639583 0.014063 0.638542
0 0.089844 0.643750 0.090625 0.643750 0.091406 0.643750 0.091406 0.644792 0.092188 0.645833 0.092969 0.645833 0.093750 0.645833 0.094531 0.646875 0.095312 0.647917 0.096875 0.647917 0.097656 0.647917 0.097656 0.651042 0.097656 0.652083 0.096875 0.653125 0.096875 0.657292 0.096875 0.658333 0.094531 0.661458 0.093750 0.661458 0.091406 0.664583 0.090625 0.665625 0.090625 0.666667 0.089844 0.667708 0.080469 0.667708 0.079687 0.667708 0.079687 0.662500 0.079687 0.661458 0.080469 0.660417 0.080469 0.659375 0.081250 0.659375 0.082031 0.658333 0.082031 0.648958 0.082031 0.647917 0.083594 0.645833 0.083594 0.644792 0.088281 0.644792 0.089063 0.644792 0.089844 0.643750
0 0.678125 0.643750 0.679688 0.643750 0.680469 0.643750 0.681250 0.644792 0.683594 0.644792 0.684375 0.644792 0.684375 0.645833 0.684375 0.646875 0.685156 0.647917 0.685156 0.648958 0.685937 0.650000 0.685937 0.652083 0.685937 0.653125 0.686719 0.654167 0.686719 0.655208 0.687500 0.656250 0.687500 0.657292 0.687500 0.658333 0.688281 0.659375 0.688281 0.660417 0.689063 0.661458 0.689063 0.668750 0.688281 0.669792 0.688281 0.673958 0.688281 0.675000 0.689063 0.676042 0.689063 0.677083 0.688281 0.678125 0.687500 0.678125 0.686719 0.677083 0.682813 0.677083 0.682031 0.677083 0.682031 0.676042 0.681250 0.675000 0.681250 0.671875 0.681250 0.670833 0.679688 0.668750 0.678906 0.668750 0.678906 0.667708 0.678125 0.666667 0.678125 0.665625 0.677344 0.664583 0.677344 0.660417 0.676562 0.659375 0.677344 0.658333 0.677344 0.652083 0.676562 0.651042 0.677344 0.650000 0.677344 0.645833 0.677344 0.644792 0.678125 0.643750
0 0.336719 0.651042 0.337500 0.651042 0.338281 0.651042 0.338281 0.652083 0.339062 0.653125 0.339844 0.653125 0.340625 0.654167 0.341406 0.654167 0.342187 0.654167 0.342187 0.655208 0.342187 0.656250 0.341406 0.657292 0.341406 0.658333 0.339844 0.660417 0.339062 0.661458 0.338281 0.661458 0.337500 0.660417 0.335938 0.660417 0.335156 0.660417 0.334375 0.659375 0.333594 0.659375 0.333594 0.656250 0.333594 0.655208 0.336719 0.651042
0 0.045312 0.803125 0.047656 0.803125 0.048438 0.803125 0.050781 0.805208 0.051562 0.805208 0.058594 0.813542 0.059375 0.814583 0.059375 0.818750 0.059375 0.819792 0.052344 0.823958 0.051562 0.823958 0.049219 0.828125 0.049219 0.829167 0.044531 0.833333 0.043750 0.834375 0.039062 0.835417 0.038281 0.836458 0.030469 0.836458 0.029687 0.836458 0.028906 0.834375 0.028125 0.833333 0.028125 0.821875 0.028125 0.820833 0.025000 0.814583 0.024219 0.813542 0.025000 0.807292 0.025000 0.806250 0.027344 0.805208 0.028125 0.804167 0.033594 0.806250 0.034375 0.806250 0.045312 0.803125
0 0.293750 0.436458 0.302344 0.437500 0.303125 0.437500 0.303906 0.439583 0.303906 0.440625 0.301563 0.447917 0.300781 0.448958 0.300781 0.452083 0.300781 0.453125 0.308594 0.460417 0.309375 0.461458 0.324219 0.461458 0.325000 0.461458 0.325781 0.466667 0.325781 0.467708 0.323437 0.473958 0.322656 0.475000 0.325781 0.479167 0.326562 0.480208 0.328125 0.485417 0.328906 0.486458 0.325000 0.502083 0.325000 0.503125 0.330469 0.508333 0.331250 0.509375 0.331250 0.512500 0.331250 0.513542 0.329688 0.515625 0.328906 0.516667 0.327344 0.516667 0.326562 0.517708 0.313281 0.516667 0.312500 0.516667 0.306250 0.519792 0.305469 0.519792 0.301563 0.530208 0.300781 0.531250 0.298438 0.531250 0.297656 0.531250 0.295312 0.529167 0.294531 0.529167 0.286719 0.518750 0.285938 0.517708 0.283594 0.519792 0.282813 0.520833 0.282031 0.523958 0.281250 0.525000 0.277344 0.526042 0.276562 0.527083 0.274219 0.526042 0.273438 0.526042 0.269531 0.521875 0.268750 0.521875 0.263281 0.513542 0.262500 0.512500 0.265625 0.507292 0.266406 0.506250 0.275781 0.506250 0.276562 0.505208 0.276562 0.492708 0.276562 0.491667 0.278906 0.470833 0.278906 0.469792 0.282031 0.462500 0.282813 0.461458 0.283594 0.456250 0.283594 0.455208 0.288281 0.451042 0.289062 0.450000 0.291406 0.440625 0.291406 0.439583 0.293750 0.436458
0 0.496875 0.836458 0.500000 0.836458 0.500781 0.836458 0.503125 0.838542 0.503906 0.839583 0.507812 0.848958 0.508594 0.850000 0.508594 0.854167 0.508594 0.855208 0.506250 0.856250 0.505469 0.856250 0.500781 0.862500 0.500000 0.863542 0.496875 0.864583 0.496094 0.865625 0.483594 0.865625 0.482812 0.865625 0.482812 0.863542 0.482031 0.862500 0.485156 0.857292 0.485938 0.856250 0.488281 0.848958 0.488281 0.847917 0.492188 0.841667 0.492188 0.840625 0.496875 0.836458
0 0.593750 0.722917 0.597656 0.722917 0.598437 0.722917 0.601562 0.726042 0.602344 0.727083 0.603125 0.736458 0.603125 0.737500 0.600781 0.740625 0.600000 0.741667 0.595313 0.741667 0.594531 0.741667 0.592969 0.738542 0.592187 0.737500 0.591406 0.727083 0.591406 0.726042 0.593750 0.722917
0 0.580469 0.711458 0.585156 0.711458 0.585938 0.711458 0.588281 0.713542 0.589063 0.714583 0.589844 0.721875 0.589844 0.722917 0.585938 0.741667 0.585156 0.742708 0.581250 0.741667 0.580469 0.741667 0.578906 0.737500 0.578125 0.736458 0.578125 0.727083 0.578125 0.726042 0.576562 0.720833 0.576562 0.719792 0.577344 0.716667 0.577344 0.715625 0.580469 0.711458
0 0.485156 0.829167 0.489063 0.829167 0.489844 0.829167 0.491406 0.832292 0.492188 0.833333 0.492188 0.839583 0.492188 0.840625 0.489844 0.843750 0.489844 0.844792 0.486719 0.844792 0.485938 0.844792 0.484375 0.842708 0.483594 0.841667 0.482812 0.836458 0.482812 0.835417 0.485156 0.829167
0 0.035937 0.766667 0.044531 0.770833 0.045312 0.770833 0.048438 0.773958 0.049219 0.775000 0.050000 0.778125 0.050000 0.779167 0.046875 0.800000 0.046875 0.801042 0.046094 0.802083 0.045312 0.803125 0.037500 0.805208 0.036719 0.806250 0.032031 0.806250 0.031250 0.806250 0.028125 0.804167 0.027344 0.804167 0.023438 0.795833 0.022656 0.794792 0.022656 0.782292 0.022656 0.781250 0.024219 0.777083 0.025000 0.776042 0.026562 0.775000 0.027344 0.775000 0.032031 0.768750 0.032813 0.767708 0.035937 0.766667
0 0.017188 0.773958 0.022656 0.776042 0.023438 0.777083 0.021875 0.785417 0.021094 0.786458 0.022656 0.797917 0.022656 0.798958 0.007812 0.807292 0.007031 0.808333 0.000781 0.806250 0.000000 0.806250 0.000000 0.785417 0.000000 0.784375 0.004687 0.782292 0.005469 0.782292 0.017188 0.773958
0 0.298438 0.706250 0.308594 0.707292 0.309375 0.707292 0.311719 0.709375 0.312500 0.710417 0.312500 0.714583 0.312500 0.715625 0.307031 0.720833 0.306250 0.721875 0.297656 0.718750 0.296875 0.718750 0.295312 0.716667 0.294531 0.715625 0.294531 0.711458 0.294531 0.710417 0.298438 0.706250
0 0.317188 0.707292 0.321875 0.708333 0.322656 0.709375 0.321875 0.717708 0.321094 0.718750 0.315625 0.717708 0.314844 0.716667 0.314844 0.710417 0.314844 0.709375 0.317188 0.707292
0 0.180469 0.685417 0.185938 0.685417 0.186719 0.685417 0.187500 0.686458 0.187500 0.689583 0.187500 0.690625 0.185938 0.692708 0.185156 0.693750 0.184375 0.693750 0.183594 0.694792 0.182031 0.694792 0.181250 0.693750 0.178906 0.693750 0.178125 0.693750 0.178125 0.691667 0.178906 0.690625 0.178906 0.687500 0.178906 0.686458 0.179688 0.686458 0.180469 0.685417
0 0.660937 0.661458 0.661719 0.662500 0.662500 0.662500 0.663281 0.662500 0.663281 0.663542 0.663281 0.664583 0.664062 0.665625 0.664062 0.666667 0.664844 0.667708 0.665625 0.668750 0.665625 0.669792 0.664844 0.670833 0.664062 0.671875 0.664062 0.672917 0.663281 0.673958 0.663281 0.677083 0.662500 0.678125 0.662500 0.682292 0.663281 0.683333 0.662500 0.684375 0.662500 0.685417 0.661719 0.686458 0.660156 0.686458 0.659375 0.686458 0.658594 0.687500 0.658594 0.688542 0.657813 0.689583 0.657031 0.690625 0.656250 0.690625 0.655469 0.691667 0.648438 0.691667 0.647656 0.691667 0.646875 0.690625 0.646094 0.690625 0.643750 0.687500 0.642969 0.686458 0.642969 0.685417 0.642188 0.684375 0.642188 0.682292 0.642188 0.681250 0.641406 0.680208 0.641406 0.677083 0.641406 0.676042 0.640625 0.675000 0.640625 0.673958 0.639844 0.672917 0.639844 0.669792 0.639844 0.668750 0.640625 0.667708 0.641406 0.666667 0.642188 0.666667 0.642969 0.665625 0.643750 0.665625 0.644531 0.664583 0.650781 0.664583 0.651563 0.663542 0.652344 0.664583 0.656250 0.664583 0.657031 0.664583 0.657813 0.663542 0.659375 0.663542 0.660156 0.663542 0.660937 0.662500 0.660937 0.661458
0 0.192188 0.627083 0.203125 0.627083 0.203906 0.627083 0.205469 0.630208 0.206250 0.631250 0.207031 0.643750 0.207031 0.644792 0.205469 0.647917 0.205469 0.648958 0.200000 0.655208 0.199219 0.656250 0.195312 0.656250 0.194531 0.656250 0.190625 0.653125 0.189844 0.653125 0.189062 0.651042 0.188281 0.650000 0.189062 0.633333 0.189062 0.632292 0.192188 0.627083
0 0.208594 0.641667 0.212500 0.643750 0.213281 0.643750 0.213281 0.651042 0.212500 0.652083 0.207031 0.652083 0.206250 0.651042 0.205469 0.647917 0.205469 0.646875 0.208594 0.641667
0 0.156250 0.592708 0.159375 0.593750 0.160156 0.593750 0.163281 0.598958 0.164062 0.600000 0.161719 0.612500 0.160938 0.613542 0.154688 0.613542 0.153906 0.613542 0.150000 0.611458 0.149219 0.611458 0.143750 0.605208 0.142969 0.604167 0.142969 0.600000 0.142969 0.598958 0.144531 0.596875 0.145313 0.595833 0.156250 0.592708
0 0.191406 0.608333 0.195312 0.608333 0.196094 0.608333 0.196875 0.610417 0.197656 0.611458 0.196094 0.615625 0.196094 0.616667 0.194531 0.617708 0.193750 0.618750 0.190625 0.617708 0.189844 0.617708 0.189844 0.611458 0.189844 0.610417 0.191406 0.608333
0 0.176563 0.605208 0.182031 0.608333 0.182812 0.608333 0.185156 0.611458 0.185938 0.612500 0.186719 0.618750 0.186719 0.619792 0.185938 0.621875 0.185156 0.622917 0.182812 0.623958 0.182031 0.625000 0.169531 0.628125 0.168750 0.628125 0.167187 0.625000 0.166406 0.623958 0.167187 0.616667 0.167187 0.615625 0.169531 0.609375 0.170313 0.608333 0.176563 0.605208
0 0.718750 0.665625 0.719531 0.665625 0.720313 0.665625 0.721094 0.666667 0.721875 0.666667 0.721094 0.667708 0.721094 0.669792 0.721094 0.670833 0.719531 0.672917 0.718750 0.673958 0.717969 0.673958 0.717187 0.675000 0.716406 0.676042 0.715625 0.676042 0.714844 0.677083 0.714063 0.677083 0.713281 0.677083 0.712500 0.676042 0.712500 0.672917 0.711719 0.671875 0.712500 0.670833 0.712500 0.669792 0.713281 0.669792 0.714063 0.668750 0.715625 0.668750 0.716406 0.668750 0.717187 0.667708 0.717187 0.666667 0.717969 0.666667 0.718750 0.665625
0 0.775781 0.677083 0.780469 0.677083 0.781250 0.677083 0.782031 0.678125 0.782813 0.678125 0.783594 0.678125 0.784375 0.679167 0.785156 0.679167 0.785937 0.680208 0.785937 0.683333 0.785937 0.684375 0.786719 0.685417 0.787500 0.686458 0.787500 0.690625 0.787500 0.691667 0.786719 0.692708 0.785937 0.693750 0.785156 0.693750 0.784375 0.694792 0.783594 0.694792 0.782813 0.693750 0.781250 0.693750 0.780469 0.693750 0.780469 0.692708 0.779687 0.691667 0.778906 0.691667 0.778125 0.690625 0.777344 0.689583 0.774219 0.689583 0.773438 0.689583 0.773438 0.688542 0.772656 0.687500 0.771875 0.686458 0.770312 0.686458 0.769531 0.686458 0.769531 0.684375 0.769531 0.683333 0.770312 0.683333 0.771094 0.682292 0.771875 0.682292 0.772656 0.682292 0.774219 0.680208 0.775000 0.679167 0.775000 0.678125 0.775781 0.677083
0 0.798438 0.681250 0.799219 0.681250 0.800000 0.681250 0.800000 0.682292 0.800000 0.683333 0.800781 0.684375 0.802344 0.684375 0.803125 0.685417 0.803125 0.690625 0.803125 0.691667 0.803906 0.692708 0.804688 0.692708 0.805469 0.692708 0.807031 0.694792 0.807813 0.694792 0.807813 0.695833 0.808594 0.696875 0.808594 0.698958 0.807813 0.700000 0.807813 0.703125 0.807813 0.704167 0.808594 0.705208 0.808594 0.706250 0.809375 0.707292 0.809375 0.711458 0.809375 0.712500 0.808594 0.713542 0.807813 0.713542 0.807031 0.714583 0.807031 0.715625 0.806250 0.716667 0.806250 0.717708 0.805469 0.718750 0.805469 0.719792 0.804688 0.720833 0.803125 0.720833 0.802344 0.720833 0.801562 0.719792 0.801562 0.718750 0.800781 0.717708 0.800000 0.717708 0.799219 0.717708 0.799219 0.716667 0.798438 0.715625 0.796094 0.715625 0.795312 0.715625 0.794531 0.714583 0.794531 0.713542 0.793750 0.712500 0.793750 0.710417 0.792969 0.709375 0.793750 0.708333 0.793750 0.707292 0.794531 0.706250 0.794531 0.705208 0.795312 0.704167 0.795312 0.698958 0.795312 0.697917 0.794531 0.696875 0.794531 0.693750 0.794531 0.692708 0.793750 0.691667 0.792969 0.691667 0.792188 0.691667 0.792188 0.688542 0.792188 0.687500 0.792969 0.686458 0.793750 0.686458 0.796094 0.683333 0.796875 0.682292 0.797656 0.682292 0.798438 0.681250
0 0.556250 0.667708 0.557031 0.667708 0.557813 0.667708 0.558594 0.668750 0.559375 0.669792 0.560156 0.669792 0.560937 0.669792 0.560937 0.670833 0.561719 0.671875 0.561719 0.672917 0.562500 0.673958 0.561719 0.675000 0.561719 0.676042 0.561719 0.677083 0.560937 0.678125 0.556250 0.678125 0.555469 0.678125 0.554688 0.679167 0.553906 0.679167 0.553125 0.680208 0.551562 0.680208 0.550781 0.680208 0.550000 0.681250 0.549219 0.681250 0.548438 0.681250 0.548438 0.680208 0.547656 0.679167 0.547656 0.678125 0.547656 0.677083 0.548438 0.676042 0.548438 0.675000 0.548438 0.673958 0.549219 0.672917 0.550000 0.672917 0.550781 0.672917 0.551562 0.671875 0.552344 0.671875 0.553125 0.671875 0.556250 0.667708
0 0.704688 0.688542 0.706250 0.688542 0.707031 0.688542 0.707031 0.690625 0.707812 0.691667 0.708594 0.691667 0.709375 0.691667 0.710156 0.692708 0.710938 0.692708 0.711719 0.692708 0.711719 0.693750 0.711719 0.694792 0.712500 0.695833 0.712500 0.697917 0.713281 0.698958 0.712500 0.700000 0.712500 0.703125 0.712500 0.704167 0.711719 0.705208 0.711719 0.706250 0.710938 0.707292 0.710938 0.709375 0.710938 0.710417 0.710156 0.711458 0.710156 0.712500 0.709375 0.713542 0.708594 0.713542 0.707812 0.714583 0.707031 0.714583 0.706250 0.714583 0.705469 0.713542 0.705469 0.712500 0.704688 0.711458 0.703125 0.711458 0.702344 0.711458 0.701562 0.710417 0.700781 0.710417 0.700000 0.710417 0.700000 0.709375 0.699219 0.708333 0.699219 0.707292 0.698438 0.706250 0.697656 0.706250 0.697656 0.705208 0.696875 0.704167 0.697656 0.703125 0.697656 0.702083 0.698438 0.702083 0.699219 0.702083 0.700000 0.701042 0.700000 0.700000 0.701562 0.700000 0.702344 0.698958 0.702344 0.697917 0.703125 0.696875 0.703125 0.695833 0.703906 0.694792 0.703906 0.692708 0.703906 0.691667 0.704688 0.690625 0.704688 0.688542
0 0.614844 0.690625 0.615625 0.690625 0.616406 0.690625 0.617188 0.691667 0.617969 0.691667 0.618750 0.692708 0.619531 0.692708 0.620313 0.692708 0.621094 0.693750 0.621875 0.693750 0.621875 0.694792 0.622656 0.695833 0.623437 0.696875 0.623437 0.698958 0.623437 0.700000 0.622656 0.701042 0.621875 0.702083 0.621094 0.702083 0.620313 0.703125 0.619531 0.703125 0.618750 0.702083 0.615625 0.702083 0.614844 0.702083 0.614062 0.703125 0.613281 0.704167 0.611719 0.704167 0.610938 0.705208 0.610156 0.704167 0.609375 0.704167 0.608594 0.703125 0.608594 0.702083 0.607812 0.701042 0.608594 0.700000 0.608594 0.698958 0.608594 0.697917 0.610938 0.694792 0.611719 0.694792 0.614844 0.690625
0 0.721875 0.705208 0.727344 0.705208 0.728125 0.705208 0.728906 0.706250 0.731250 0.706250 0.732031 0.706250 0.732031 0.707292 0.732812 0.708333 0.733594 0.708333 0.733594 0.710417 0.733594 0.711458 0.734375 0.712500 0.735156 0.713542 0.735156 0.718750 0.735156 0.719792 0.735938 0.720833 0.738281 0.720833 0.739062 0.721875 0.739062 0.725000 0.738281 0.726042 0.738281 0.733333 0.738281 0.734375 0.737500 0.735417 0.737500 0.736458 0.736719 0.737500 0.735938 0.738542 0.735156 0.738542 0.734375 0.739583 0.730469 0.739583 0.729688 0.739583 0.728906 0.738542 0.724219 0.738542 0.723437 0.738542 0.723437 0.735417 0.724219 0.734375 0.724219 0.730208 0.723437 0.729167 0.721094 0.729167 0.720313 0.729167 0.719531 0.730208 0.719531 0.731250 0.718750 0.732292 0.717187 0.732292 0.716406 0.732292 0.716406 0.728125 0.715625 0.727083 0.710156 0.727083 0.709375 0.728125 0.708594 0.728125 0.707812 0.727083 0.707031 0.726042 0.707031 0.721875 0.707031 0.720833 0.707812 0.719792 0.708594 0.719792 0.709375 0.718750 0.713281 0.718750 0.714063 0.718750 0.714844 0.717708 0.714844 0.716667 0.715625 0.715625 0.715625 0.714583 0.715625 0.713542 0.716406 0.712500 0.716406 0.710417 0.716406 0.709375 0.717187 0.708333 0.718750 0.708333 0.719531 0.708333 0.721875 0.705208
0 0.146094 0.706250 0.149219 0.706250 0.150000 0.706250 0.150000 0.707292 0.150781 0.708333 0.151562 0.708333 0.153125 0.710417 0.153906 0.711458 0.154688 0.711458 0.155469 0.711458 0.155469 0.721875 0.155469 0.722917 0.156250 0.723958 0.156250 0.726042 0.157031 0.727083 0.156250 0.728125 0.156250 0.732292 0.157031 0.733333 0.160938 0.733333 0.161719 0.732292 0.163281 0.732292 0.164062 0.732292 0.164062 0.733333 0.164844 0.734375 0.167969 0.734375 0.168750 0.734375 0.169531 0.733333 0.170313 0.733333 0.171094 0.733333 0.171875 0.734375 0.172656 0.734375 0.172656 0.737500 0.172656 0.738542 0.173437 0.739583 0.174219 0.739583 0.174219 0.740625 0.174219 0.741667 0.173437 0.742708 0.173437 0.744792 0.173437 0.745833 0.172656 0.746875 0.171875 0.747917 0.171875 0.748958 0.171094 0.750000 0.170313 0.751042 0.170313 0.754167 0.170313 0.755208 0.167187 0.759375 0.166406 0.759375 0.164844 0.761458 0.164062 0.762500 0.164062 0.763542 0.163281 0.764583 0.162500 0.764583 0.161719 0.765625 0.160938 0.765625 0.160156 0.766667 0.159375 0.766667 0.158594 0.766667 0.157812 0.765625 0.157031 0.765625 0.156250 0.765625 0.156250 0.763542 0.156250 0.762500 0.155469 0.761458 0.155469 0.760417 0.154688 0.759375 0.154688 0.758333 0.153906 0.757292 0.153906 0.756250 0.153125 0.755208 0.152344 0.755208 0.151562 0.754167 0.150781 0.754167 0.150000 0.753125 0.150000 0.752083 0.149219 0.751042 0.148438 0.750000 0.146094 0.750000 0.145313 0.748958 0.142187 0.748958 0.141406 0.748958 0.141406 0.747917 0.141406 0.746875 0.140625 0.745833 0.140625 0.743750 0.140625 0.742708 0.141406 0.741667 0.141406 0.740625 0.143750 0.740625 0.144531 0.739583 0.144531 0.736458 0.144531 0.735417 0.143750 0.734375 0.142969 0.734375 0.142969 0.733333 0.142187 0.732292 0.141406 0.731250 0.141406 0.729167 0.141406 0.728125 0.140625 0.727083 0.140625 0.725000 0.139844 0.723958 0.132031 0.723958 0.131250 0.723958 0.130469 0.725000 0.129688 0.725000 0.128906 0.726042 0.127344 0.726042 0.126562 0.726042 0.125781 0.725000 0.125000 0.725000 0.124219 0.723958 0.120313 0.723958 0.119531 0.722917 0.119531 0.720833 0.119531 0.719792 0.120313 0.718750 0.120313 0.717708 0.121094 0.716667 0.121094 0.715625 0.121875 0.715625 0.122656 0.714583 0.123438 0.714583 0.124219 0.713542 0.125000 0.712500 0.125781 0.712500 0.126562 0.711458 0.127344 0.711458 0.128125 0.710417 0.128906 0.709375 0.129688 0.709375 0.130469 0.708333 0.131250 0.707292 0.132812 0.707292 0.133594 0.707292 0.134375 0.708333 0.135156 0.708333 0.135156 0.709375 0.135937 0.710417 0.136719 0.711458 0.137500 0.711458 0.138281 0.712500 0.142187 0.712500 0.142969 0.712500 0.144531 0.710417 0.145313 0.709375 0.145313 0.708333 0.146094 0.707292 0.146094 0.706250
0 0.532031 0.715625 0.535937 0.715625 0.536719 0.715625 0.536719 0.718750 0.536719 0.719792 0.535937 0.720833 0.535156 0.721875 0.535156 0.723958 0.534375 0.725000 0.532031 0.725000 0.531250 0.725000 0.530469 0.723958 0.529687 0.723958 0.528906 0.723958 0.528906 0.722917 0.528125 0.721875 0.528906 0.720833 0.528906 0.719792 0.529687 0.719792 0.530469 0.718750 0.530469 0.717708 0.532031 0.715625
0 0.257812 0.361458 0.260156 0.361458 0.260937 0.361458 0.260937 0.364583 0.261719 0.365625 0.264062 0.365625 0.264844 0.365625 0.265625 0.366667 0.266406 0.366667 0.266406 0.370833 0.266406 0.371875 0.265625 0.372917 0.264844 0.372917 0.264062 0.373958 0.263281 0.373958 0.262500 0.375000 0.261719 0.375000 0.260937 0.376042 0.260156 0.376042 0.259375 0.376042 0.258594 0.375000 0.258594 0.373958 0.258594 0.372917 0.257812 0.371875 0.257031 0.371875 0.256250 0.371875 0.255469 0.370833 0.254688 0.370833 0.254688 0.364583 0.254688 0.363542 0.255469 0.363542 0.256250 0.362500 0.257031 0.362500 0.257812 0.361458
0 0.375781 0.725000 0.385156 0.725000 0.385937 0.725000 0.386719 0.726042 0.387500 0.726042 0.388281 0.727083 0.388281 0.730208 0.388281 0.731250 0.387500 0.732292 0.386719 0.732292 0.385937 0.733333 0.385156 0.734375 0.385156 0.735417 0.385156 0.736458 0.384375 0.737500 0.384375 0.739583 0.384375 0.740625 0.383594 0.741667 0.382812 0.742708 0.382031 0.741667 0.380469 0.741667 0.379688 0.741667 0.378906 0.740625 0.378125 0.739583 0.378125 0.736458 0.378125 0.735417 0.377344 0.734375 0.376563 0.734375 0.376563 0.731250 0.375781 0.730208 0.375781 0.725000
0 0.012500 0.733333 0.013281 0.733333 0.014063 0.733333 0.014063 0.734375 0.014063 0.735417 0.014844 0.736458 0.015625 0.736458 0.015625 0.737500 0.014844 0.738542 0.014844 0.740625 0.014844 0.741667 0.014063 0.742708 0.014063 0.743750 0.014063 0.744792 0.013281 0.745833 0.012500 0.745833 0.011719 0.746875 0.010937 0.746875 0.010156 0.747917 0.010156 0.748958 0.007812 0.752083 0.007031 0.753125 0.007031 0.759375 0.007031 0.760417 0.006250 0.761458 0.005469 0.761458 0.004687 0.762500 0.004687 0.763542 0.003906 0.764583 0.003125 0.764583 0.002344 0.764583 0.002344 0.762500 0.002344 0.761458 0.001563 0.760417 0.000781 0.760417 0.000000 0.759375 0.000000 0.744792 0.000000 0.743750 0.005469 0.743750 0.006250 0.743750 0.007031 0.742708 0.007812 0.742708 0.008594 0.742708 0.009375 0.741667 0.010156 0.741667 0.010937 0.740625 0.010937 0.738542 0.010937 0.737500 0.011719 0.736458 0.012500 0.735417 0.012500 0.733333
0 0.911719 0.744792 0.913281 0.744792 0.914062 0.744792 0.914844 0.745833 0.915625 0.746875 0.915625 0.747917 0.915625 0.748958 0.916406 0.750000 0.916406 0.752083 0.916406 0.753125 0.915625 0.754167 0.914844 0.755208 0.914844 0.756250 0.914062 0.757292 0.913281 0.757292 0.912500 0.758333 0.911719 0.759375 0.910156 0.759375 0.909375 0.760417 0.908594 0.760417 0.907813 0.760417 0.907031 0.759375 0.906250 0.759375 0.906250 0.755208 0.905469 0.754167 0.903125 0.754167 0.902344 0.755208 0.902344 0.759375 0.902344 0.760417 0.903125 0.761458 0.903125 0.766667 0.903125 0.767708 0.903906 0.768750 0.904687 0.768750 0.905469 0.768750 0.905469 0.770833 0.906250 0.771875 0.906250 0.778125 0.906250 0.779167 0.905469 0.780208 0.905469 0.781250 0.903906 0.783333 0.903906 0.784375 0.903125 0.785417 0.902344 0.785417 0.901563 0.786458 0.901563 0.790625 0.901563 0.791667 0.900781 0.792708 0.896094 0.792708 0.895312 0.792708 0.895312 0.791667 0.894531 0.790625 0.893750 0.790625 0.893750 0.789583 0.893750 0.788542 0.892969 0.787500 0.892969 0.786458 0.892188 0.785417 0.888281 0.785417 0.887500 0.785417 0.887500 0.784375 0.886719 0.783333 0.885938 0.782292 0.885156 0.782292 0.884375 0.781250 0.883594 0.781250 0.883594 0.776042 0.883594 0.775000 0.884375 0.773958 0.885156 0.772917 0.885156 0.771875 0.885156 0.770833 0.887500 0.767708 0.888281 0.766667 0.891406 0.766667 0.892188 0.766667 0.892969 0.765625 0.892969 0.764583 0.893750 0.764583 0.894531 0.763542 0.895312 0.762500 0.896875 0.762500 0.897656 0.761458 0.897656 0.759375 0.897656 0.758333 0.899219 0.756250 0.900000 0.755208 0.900000 0.754167 0.900000 0.753125 0.900781 0.752083 0.900781 0.751042 0.900781 0.750000 0.901563 0.748958 0.902344 0.747917 0.903125 0.747917 0.903906 0.746875 0.904687 0.747917 0.908594 0.747917 0.909375 0.747917 0.910156 0.746875 0.910937 0.746875 0.911719 0.745833 0.911719 0.744792
0 0.285156 0.758333 0.287500 0.758333 0.288281 0.758333 0.291406 0.762500 0.292187 0.763542 0.293750 0.763542 0.294531 0.763542 0.295312 0.764583 0.296094 0.764583 0.296875 0.765625 0.297656 0.765625 0.298438 0.765625 0.298438 0.766667 0.298438 0.767708 0.297656 0.768750 0.297656 0.769792 0.296875 0.770833 0.296094 0.771875 0.296094 0.772917 0.295312 0.773958 0.294531 0.773958 0.293750 0.772917 0.290625 0.772917 0.289844 0.772917 0.289062 0.773958 0.289062 0.776042 0.288281 0.777083 0.283594 0.777083 0.282813 0.777083 0.281250 0.775000 0.280469 0.773958 0.280469 0.771875 0.280469 0.770833 0.279687 0.769792 0.278125 0.769792 0.277344 0.769792 0.277344 0.768750 0.276562 0.767708 0.276562 0.765625 0.276562 0.764583 0.277344 0.763542 0.278125 0.763542 0.278906 0.762500 0.279687 0.762500 0.280469 0.761458 0.281250 0.761458 0.282031 0.761458 0.282813 0.760417 0.283594 0.760417 0.284375 0.760417 0.285156 0.759375 0.285156 0.758333
0 0.140625 0.769792 0.141406 0.769792 0.142187 0.769792 0.142969 0.770833 0.143750 0.770833 0.143750 0.771875 0.144531 0.772917 0.145313 0.772917 0.146094 0.773958 0.148438 0.773958 0.149219 0.775000 0.149219 0.778125 0.150000 0.779167 0.150000 0.781250 0.149219 0.782292 0.149219 0.786458 0.149219 0.787500 0.150000 0.788542 0.150781 0.788542 0.151562 0.788542 0.152344 0.789583 0.153125 0.790625 0.153906 0.790625 0.154688 0.791667 0.155469 0.791667 0.156250 0.792708 0.157031 0.793750 0.157031 0.797917 0.157031 0.798958 0.156250 0.800000 0.156250 0.801042 0.154688 0.803125 0.153906 0.803125 0.150000 0.808333 0.149219 0.809375 0.149219 0.810417 0.149219 0.811458 0.148438 0.812500 0.148438 0.813542 0.147656 0.814583 0.147656 0.815625 0.146875 0.816667 0.145313 0.816667 0.144531 0.816667 0.142187 0.819792 0.141406 0.820833 0.140625 0.820833 0.139844 0.821875 0.139063 0.821875 0.138281 0.822917 0.137500 0.822917 0.136719 0.823958 0.135937 0.822917 0.135156 0.821875 0.135156 0.820833 0.133594 0.818750 0.132812 0.818750 0.132812 0.816667 0.132812 0.815625 0.132031 0.814583 0.131250 0.814583 0.131250 0.813542 0.130469 0.812500 0.130469 0.810417 0.129688 0.809375 0.129688 0.806250 0.128906 0.805208 0.129688 0.804167 0.129688 0.798958 0.128906 0.797917 0.129688 0.796875 0.129688 0.795833 0.129688 0.794792 0.130469 0.793750 0.130469 0.791667 0.131250 0.790625 0.131250 0.785417 0.131250 0.784375 0.132031 0.783333 0.132812 0.783333 0.133594 0.782292 0.134375 0.782292 0.135156 0.782292 0.136719 0.780208 0.137500 0.779167 0.137500 0.778125 0.138281 0.777083 0.138281 0.775000 0.138281 0.773958 0.139063 0.773958 0.139844 0.772917 0.139844 0.771875 0.139844 0.770833 0.140625 0.769792
0 0.671094 0.775000 0.671875 0.775000 0.672656 0.775000 0.673438 0.776042 0.674219 0.776042 0.675000 0.777083 0.675781 0.778125 0.675781 0.781250 0.675781 0.782292 0.676562 0.783333 0.677344 0.783333 0.676562 0.784375 0.676562 0.785417 0.675781 0.786458 0.675781 0.787500 0.675000 0.788542 0.674219 0.788542 0.673438 0.789583 0.672656 0.789583 0.671875 0.788542 0.671875 0.785417 0.671875 0.784375 0.671094 0.783333 0.670312 0.782292 0.668750 0.782292 0.667969 0.782292 0.667969 0.779167 0.667969 0.778125 0.668750 0.777083 0.668750 0.776042 0.669531 0.776042 0.670312 0.776042 0.671094 0.775000
0 0.401562 0.788542 0.402344 0.789583 0.407031 0.789583 0.407813 0.789583 0.408594 0.790625 0.410156 0.790625 0.410938 0.790625 0.410938 0.791667 0.411719 0.792708 0.411719 0.793750 0.412500 0.794792 0.413281 0.795833 0.413281 0.796875 0.413281 0.797917 0.414062 0.798958 0.414062 0.800000 0.414062 0.801042 0.414844 0.802083 0.414844 0.803125 0.415625 0.804167 0.414844 0.805208 0.414844 0.806250 0.413281 0.808333 0.413281 0.809375 0.409375 0.814583 0.408594 0.815625 0.407813 0.815625 0.407031 0.815625 0.406250 0.816667 0.404687 0.816667 0.403906 0.817708 0.403125 0.817708 0.402344 0.816667 0.400781 0.816667 0.400000 0.815625 0.395313 0.815625 0.394531 0.815625 0.394531 0.814583 0.393750 0.813542 0.393750 0.810417 0.393750 0.809375 0.392969 0.808333 0.392969 0.807292 0.392188 0.806250 0.392188 0.800000 0.392188 0.798958 0.393750 0.796875 0.393750 0.795833 0.396094 0.792708 0.396094 0.791667 0.396875 0.791667 0.397656 0.790625 0.398438 0.790625 0.399219 0.789583 0.400000 0.789583 0.400781 0.789583 0.401562 0.788542
0 0.969531 0.792708 0.980469 0.792708 0.981250 0.792708 0.982031 0.793750 0.982031 0.795833 0.982031 0.796875 0.982812 0.797917 0.983594 0.797917 0.984375 0.798958 0.985156 0.798958 0.985156 0.803125 0.985156 0.804167 0.982812 0.807292 0.982031 0.808333 0.982031 0.809375 0.981250 0.810417 0.980469 0.810417 0.979688 0.811458 0.978906 0.811458 0.978125 0.812500 0.976562 0.812500 0.975781 0.813542 0.974219 0.813542 0.973437 0.813542 0.972656 0.812500 0.971875 0.812500 0.971875 0.811458 0.971094 0.810417 0.970313 0.810417 0.969531 0.810417 0.969531 0.792708
0 0.185938 0.100000 0.189844 0.100000 0.190625 0.100000 0.195312 0.103125 0.196094 0.104167 0.193750 0.125000 0.193750 0.126042 0.191406 0.130208 0.190625 0.131250 0.187500 0.133333 0.186719 0.133333 0.182031 0.139583 0.181250 0.140625 0.177344 0.140625 0.176563 0.140625 0.171875 0.134375 0.171094 0.133333 0.170313 0.128125 0.170313 0.127083 0.178906 0.108333 0.178906 0.107292 0.185938 0.100000
0 0.325781 0.201042 0.326562 0.201042 0.327344 0.201042 0.328125 0.203125 0.328906 0.204167 0.327344 0.209375 0.326562 0.210417 0.325781 0.223958 0.325781 0.225000 0.322656 0.227083 0.321875 0.228125 0.317969 0.227083 0.317188 0.227083 0.313281 0.222917 0.312500 0.221875 0.312500 0.217708 0.312500 0.216667 0.325781 0.201042
0 0.461719 0.078125 0.464844 0.079167 0.465625 0.079167 0.472656 0.090625 0.473438 0.091667 0.471875 0.096875 0.471875 0.097917 0.467969 0.102083 0.467187 0.103125 0.464062 0.109375 0.463281 0.110417 0.460938 0.110417 0.460156 0.110417 0.456250 0.107292 0.455469 0.106250 0.457031 0.085417 0.457031 0.084375 0.457813 0.082292 0.457813 0.081250 0.461719 0.078125
0 0.465625 0.109375 0.466406 0.117708 0.466406 0.118750 0.473438 0.120833 0.474219 0.120833 0.474219 0.122917 0.474219 0.123958 0.469531 0.136458 0.469531 0.137500 0.467187 0.139583 0.466406 0.140625 0.464062 0.140625 0.463281 0.140625 0.459375 0.137500 0.458594 0.136458 0.457813 0.127083 0.457813 0.126042 0.460156 0.120833 0.460938 0.119792 0.461719 0.113542 0.461719 0.112500 0.465625 0.109375
0 0.472374 0.162538 0.469234 0.165114 0.467785 0.167368 0.466336 0.168334 0.465370 0.168334 0.463679 0.165758 0.463679 0.164470 0.464404 0.163182 0.463679 0.160928 0.463679 0.158996 0.462713 0.158674 0.461022 0.158996 0.458849 0.160606 0.458607 0.161250 0.457400 0.161572 0.456434 0.160284 0.456434 0.156098 0.456916 0.154809 0.458849 0.154487 0.459090 0.153843 0.460539 0.153199 0.464404 0.152877 0.466094 0.151267 0.466094 0.149335 0.465128 0.146115 0.464404 0.145149 0.464404 0.143217 0.465853 0.139996 0.467302 0.139352 0.467785 0.139674 0.467785 0.144183 0.470200 0.144183 0.470442 0.154487 0.471166 0.155454 0.472374 0.158674 0.472857 0.158996 0.472857 0.159640 0.473340 0.159962
0 0.372656 0.798958 0.373437 0.800000 0.374219 0.800000 0.375000 0.800000 0.375781 0.801042 0.376563 0.802083 0.377344 0.802083 0.378125 0.803125 0.378906 0.803125 0.379688 0.804167 0.380469 0.804167 0.381250 0.805208 0.384375 0.805208 0.385156 0.805208 0.385937 0.806250 0.387500 0.806250 0.388281 0.806250 0.388281 0.809375 0.388281 0.810417 0.387500 0.811458 0.386719 0.811458 0.384375 0.814583 0.383594 0.815625 0.382812 0.815625 0.382031 0.816667 0.381250 0.817708 0.381250 0.818750 0.380469 0.819792 0.380469 0.822917 0.380469 0.823958 0.379688 0.825000 0.378906 0.825000 0.378125 0.825000 0.377344 0.826042 0.376563 0.826042 0.375781 0.826042 0.375000 0.827083 0.374219 0.827083 0.373437 0.828125 0.372656 0.828125 0.371875 0.827083 0.371094 0.827083 0.370312 0.826042 0.369531 0.826042 0.367969 0.823958 0.367188 0.822917 0.367188 0.821875 0.367188 0.820833 0.366406 0.819792 0.365625 0.819792 0.365625 0.812500 0.365625 0.811458 0.366406 0.810417 0.367188 0.809375 0.367188 0.806250 0.367188 0.805208 0.367969 0.804167 0.367969 0.803125 0.369531 0.801042 0.369531 0.800000 0.371094 0.800000 0.371875 0.800000 0.372656 0.798958
0 0.726562 0.798958 0.728125 0.798958 0.728906 0.798958 0.728906 0.800000 0.728906 0.801042 0.729688 0.802083 0.730469 0.803125 0.731250 0.803125 0.732031 0.804167 0.732812 0.805208 0.733594 0.805208 0.734375 0.805208 0.734375 0.808333 0.734375 0.809375 0.735156 0.810417 0.737500 0.810417 0.738281 0.811458 0.738281 0.815625 0.738281 0.816667 0.737500 0.817708 0.737500 0.819792 0.736719 0.820833 0.736719 0.828125 0.736719 0.829167 0.735938 0.830208 0.735938 0.831250 0.733594 0.834375 0.732812 0.835417 0.732031 0.834375 0.730469 0.834375 0.729688 0.834375 0.728906 0.835417 0.728906 0.836458 0.728125 0.837500 0.728125 0.838542 0.727344 0.839583 0.726562 0.839583 0.725781 0.839583 0.725000 0.840625 0.724219 0.840625 0.719531 0.834375 0.718750 0.834375 0.718750 0.833333 0.717969 0.832292 0.717969 0.825000 0.717969 0.823958 0.718750 0.823958 0.720313 0.821875 0.721094 0.820833 0.722656 0.820833 0.723437 0.820833 0.724219 0.819792 0.725000 0.818750 0.725000 0.807292 0.725000 0.806250 0.724219 0.805208 0.724219 0.804167 0.723437 0.803125 0.723437 0.801042 0.723437 0.800000 0.725000 0.800000 0.725781 0.800000 0.726562 0.798958
0 0.080469 0.805208 0.082031 0.805208 0.082812 0.805208 0.083594 0.806250 0.083594 0.807292 0.083594 0.808333 0.084375 0.809375 0.084375 0.810417 0.085156 0.811458 0.085938 0.811458 0.085938 0.812500 0.086719 0.813542 0.086719 0.819792 0.086719 0.820833 0.087500 0.821875 0.087500 0.822917 0.087500 0.823958 0.088281 0.825000 0.089063 0.825000 0.089063 0.826042 0.089844 0.827083 0.089063 0.827083 0.088281 0.828125 0.087500 0.829167 0.082812 0.829167 0.082031 0.829167 0.081250 0.830208 0.080469 0.830208 0.079687 0.829167 0.078906 0.829167 0.078125 0.829167 0.077344 0.828125 0.076563 0.828125 0.075781 0.827083 0.075000 0.826042 0.075000 0.825000 0.074219 0.823958 0.074219 0.820833 0.074219 0.819792 0.075000 0.819792 0.075781 0.818750 0.075781 0.817708 0.076563 0.816667 0.076563 0.815625 0.077344 0.814583 0.077344 0.810417 0.077344 0.809375 0.078906 0.807292 0.078906 0.806250 0.079687 0.806250 0.080469 0.805208
0 0.816406 0.279167 0.820312 0.280208 0.821094 0.280208 0.828125 0.285417 0.828906 0.285417 0.828906 0.291667 0.828906 0.292708 0.827344 0.294792 0.826562 0.295833 0.823438 0.296875 0.822656 0.297917 0.814063 0.295833 0.813281 0.295833 0.811719 0.292708 0.810937 0.291667 0.810937 0.285417 0.810937 0.284375 0.811719 0.282292 0.812500 0.281250 0.816406 0.279167
0 0.980469 0.000000 0.991406 0.000000 0.992188 0.000000 0.992188 0.007292 0.992188 0.008333 0.989062 0.013542 0.989062 0.014583 0.985156 0.018750 0.984375 0.019792 0.982031 0.019792 0.981250 0.019792 0.976562 0.015625 0.975781 0.014583 0.975781 0.008333 0.975781 0.007292 0.980469 0.000000
0 0.771094 0.489583 0.780469 0.496875 0.781250 0.497917 0.782031 0.501042 0.782031 0.502083 0.779687 0.507292 0.778906 0.508333 0.770312 0.509375 0.769531 0.509375 0.765625 0.505208 0.764844 0.504167 0.764844 0.497917 0.764844 0.496875 0.771094 0.489583
0 0.723437 0.086458 0.729688 0.091667 0.730469 0.092708 0.729688 0.098958 0.729688 0.100000 0.718750 0.105208 0.717969 0.106250 0.714844 0.106250 0.714063 0.106250 0.714063 0.100000 0.714063 0.098958 0.715625 0.094792 0.715625 0.093750 0.723437 0.086458
0 0.715625 0.109375 0.721875 0.113542 0.722656 0.113542 0.725000 0.116667 0.725781 0.117708 0.726562 0.127083 0.725781 0.128125 0.721875 0.129167 0.721094 0.129167 0.710156 0.121875 0.709375 0.120833 0.710156 0.114583 0.710156 0.113542 0.711719 0.111458 0.712500 0.110417 0.715625 0.109375
0 0.809375 0.461458 0.815625 0.462500 0.816406 0.463542 0.825781 0.463542 0.826562 0.463542 0.828125 0.465625 0.828906 0.466667 0.828906 0.475000 0.828906 0.476042 0.825781 0.492708 0.825781 0.493750 0.823438 0.497917 0.822656 0.498958 0.818750 0.501042 0.817969 0.502083 0.814844 0.501042 0.814063 0.501042 0.812500 0.498958 0.811719 0.498958 0.808594 0.491667 0.808594 0.490625 0.803906 0.486458 0.803125 0.486458 0.801562 0.482292 0.800781 0.481250 0.801562 0.477083 0.801562 0.476042 0.806250 0.465625 0.806250 0.464583 0.809375 0.461458
0 0.787500 0.286458 0.790625 0.286458 0.791406 0.286458 0.792969 0.287500 0.793750 0.288542 0.795312 0.292708 0.796094 0.293750 0.799219 0.293750 0.800000 0.294792 0.812500 0.291667 0.813281 0.290625 0.820312 0.290625 0.821094 0.289583 0.825000 0.291667 0.825781 0.292708 0.823438 0.297917 0.823438 0.298958 0.825000 0.302083 0.825781 0.303125 0.828906 0.317708 0.829688 0.318750 0.830469 0.330208 0.830469 0.331250 0.825781 0.339583 0.825000 0.340625 0.823438 0.347917 0.823438 0.348958 0.828906 0.363542 0.829688 0.364583 0.832031 0.377083 0.832812 0.378125 0.832812 0.406250 0.832812 0.407292 0.831250 0.416667 0.831250 0.417708 0.826562 0.426042 0.825781 0.427083 0.819531 0.430208 0.818750 0.431250 0.814063 0.431250 0.813281 0.431250 0.810937 0.433333 0.810156 0.434375 0.809375 0.439583 0.808594 0.440625 0.807813 0.459375 0.807813 0.460417 0.802344 0.476042 0.801562 0.477083 0.800781 0.487500 0.800781 0.488542 0.799219 0.491667 0.798438 0.492708 0.798438 0.495833 0.798438 0.496875 0.796094 0.495833 0.795312 0.494792 0.792188 0.495833 0.791406 0.495833 0.782031 0.502083 0.781250 0.502083 0.778906 0.505208 0.778125 0.506250 0.775781 0.506250 0.775000 0.507292 0.767969 0.504167 0.767188 0.503125 0.767188 0.497917 0.767188 0.496875 0.768750 0.493750 0.769531 0.492708 0.769531 0.487500 0.769531 0.486458 0.766406 0.476042 0.765625 0.475000 0.765625 0.471875 0.764844 0.470833 0.763281 0.448958 0.763281 0.447917 0.760938 0.439583 0.760938 0.438542 0.754687 0.430208 0.753906 0.429167 0.753125 0.419792 0.753125 0.418750 0.748437 0.400000 0.747656 0.398958 0.746875 0.387500 0.746875 0.386458 0.745313 0.381250 0.744531 0.380208 0.743750 0.367708 0.743750 0.366667 0.745313 0.354167 0.745313 0.353125 0.747656 0.348958 0.747656 0.347917 0.750000 0.345833 0.750781 0.344792 0.755469 0.343750 0.756250 0.343750 0.763281 0.331250 0.763281 0.330208 0.770312 0.322917 0.771094 0.322917 0.773438 0.318750 0.773438 0.317708 0.776563 0.314583 0.777344 0.313542 0.778906 0.305208 0.778906 0.304167 0.781250 0.301042 0.782031 0.300000 0.781250 0.294792 0.781250 0.293750 0.783594 0.289583 0.784375 0.288542 0.787500 0.286458
0 0.675000 0.810417 0.675781 0.810417 0.676562 0.810417 0.676562 0.812500 0.677344 0.813542 0.678906 0.813542 0.679688 0.813542 0.680469 0.814583 0.681250 0.815625 0.681250 0.817708 0.681250 0.818750 0.682031 0.819792 0.682031 0.821875 0.682031 0.822917 0.681250 0.823958 0.681250 0.825000 0.680469 0.826042 0.679688 0.827083 0.679688 0.834375 0.679688 0.835417 0.677344 0.838542 0.676562 0.839583 0.675781 0.839583 0.675000 0.840625 0.674219 0.840625 0.673438 0.841667 0.672656 0.842708 0.671094 0.842708 0.670312 0.842708 0.668750 0.844792 0.667969 0.844792 0.667969 0.840625 0.667969 0.839583 0.668750 0.838542 0.668750 0.837500 0.669531 0.836458 0.669531 0.834375 0.669531 0.833333 0.668750 0.832292 0.666406 0.832292 0.665625 0.832292 0.664844 0.833333 0.664062 0.833333 0.661719 0.836458 0.660937 0.837500 0.660156 0.837500 0.658594 0.839583 0.657813 0.840625 0.657031 0.840625 0.656250 0.840625 0.655469 0.841667 0.655469 0.842708 0.653906 0.844792 0.653125 0.845833 0.653125 0.846875 0.652344 0.847917 0.651563 0.847917 0.650781 0.846875 0.650000 0.846875 0.650000 0.843750 0.650000 0.842708 0.649219 0.841667 0.648438 0.841667 0.648438 0.839583 0.648438 0.838542 0.649219 0.837500 0.650000 0.836458 0.650000 0.835417 0.650000 0.834375 0.650781 0.834375 0.652344 0.832292 0.653125 0.831250 0.653125 0.830208 0.654687 0.828125 0.655469 0.827083 0.657031 0.827083 0.657813 0.826042 0.657813 0.823958 0.657813 0.822917 0.665625 0.822917 0.666406 0.822917 0.667188 0.821875 0.667188 0.820833 0.667188 0.819792 0.667969 0.818750 0.667969 0.817708 0.668750 0.816667 0.668750 0.815625 0.669531 0.814583 0.669531 0.813542 0.670312 0.813542 0.671094 0.813542 0.671875 0.812500 0.672656 0.812500 0.673438 0.811458 0.674219 0.811458 0.675000 0.810417
0 0.988292 0.527829 0.983950 0.527829 0.979607 0.526938 0.978939 0.525602 0.978939 0.519813 0.979941 0.518476 0.979941 0.509124 0.981946 0.507343 0.984618 0.507343 0.985620 0.507788 0.988626 0.512242 0.988960 0.513132 0.988960 0.523821
0 0.978605 0.540744 0.975933 0.542525 0.974931 0.542525 0.972593 0.544307 0.971257 0.544307 0.969587 0.545198 0.965579 0.545198 0.965245 0.543862 0.964577 0.543416 0.964577 0.542525 0.964911 0.541189 0.965913 0.540299 0.962573 0.534954 0.962573 0.532282 0.963241 0.530501 0.968585 0.530501 0.968585 0.529610 0.967583 0.527829 0.967583 0.526047 0.968585 0.524266 0.971257 0.522485 0.974263 0.522485 0.974263 0.526938 0.974597 0.527384 0.976267 0.527384 0.976267 0.529165 0.977269 0.531837 0.977937 0.531837 0.977937 0.537181
0 0.207813 0.813542 0.210156 0.813542 0.210938 0.813542 0.211719 0.814583 0.211719 0.815625 0.212500 0.816667 0.213281 0.817708 0.213281 0.820833 0.213281 0.821875 0.211719 0.823958 0.210938 0.825000 0.210156 0.825000 0.209375 0.826042 0.208594 0.826042 0.208594 0.820833 0.208594 0.819792 0.207031 0.817708 0.206250 0.817708 0.206250 0.816667 0.205469 0.815625 0.206250 0.815625 0.207813 0.813542
0 0.975000 0.654167 0.977344 0.654167 0.978125 0.654167 0.978125 0.655208 0.978906 0.656250 0.979688 0.656250 0.979688 0.657292 0.980469 0.658333 0.980469 0.659375 0.979688 0.660417 0.979688 0.661458 0.978906 0.662500 0.976562 0.662500 0.975781 0.662500 0.975000 0.661458 0.974219 0.660417 0.973437 0.660417 0.972656 0.659375 0.972656 0.657292 0.972656 0.656250 0.973437 0.655208 0.974219 0.655208 0.975000 0.654167
0 0.994531 0.687500 0.998437 0.687500 0.999219 0.687500 0.999219 0.696875 0.999219 0.697917 0.997656 0.700000 0.996875 0.701042 0.995313 0.701042 0.994531 0.701042 0.993750 0.700000 0.993750 0.698958 0.992969 0.697917 0.992969 0.696875 0.992969 0.695833 0.993750 0.695833 0.994531 0.694792 0.994531 0.689583 0.993750 0.688542 0.994531 0.687500
0 0.953906 0.818750 0.957031 0.818750 0.957812 0.818750 0.957812 0.819792 0.959375 0.821875 0.960156 0.822917 0.960156 0.823958 0.960938 0.825000 0.960156 0.826042 0.960156 0.827083 0.959375 0.828125 0.958594 0.829167 0.957812 0.829167 0.957031 0.829167 0.956250 0.830208 0.955469 0.831250 0.955469 0.832292 0.955469 0.833333 0.954688 0.834375 0.954688 0.835417 0.953906 0.836458 0.953906 0.837500 0.953125 0.838542 0.951562 0.838542 0.950781 0.837500 0.946875 0.837500 0.946094 0.837500 0.946094 0.835417 0.946094 0.834375 0.945312 0.833333 0.945312 0.832292 0.945312 0.831250 0.943750 0.829167 0.942969 0.828125 0.943750 0.827083 0.944531 0.826042 0.945312 0.826042 0.946875 0.823958 0.947656 0.822917 0.949219 0.822917 0.950000 0.822917 0.950781 0.821875 0.951562 0.821875 0.952344 0.821875 0.953125 0.820833 0.953906 0.819792 0.953906 0.818750
0 0.914844 0.562500 0.915625 0.562500 0.916406 0.562500 0.917969 0.565625 0.918750 0.566667 0.919531 0.577083 0.919531 0.578125 0.913281 0.585417 0.912500 0.586458 0.904687 0.590625 0.903906 0.590625 0.897656 0.604167 0.896875 0.605208 0.893750 0.605208 0.892969 0.606250 0.886719 0.604167 0.885938 0.604167 0.885156 0.595833 0.885156 0.594792 0.886719 0.590625 0.886719 0.589583 0.888281 0.586458 0.889062 0.585417 0.894531 0.581250 0.895312 0.580208 0.897656 0.573958 0.897656 0.572917 0.900000 0.569792 0.900781 0.568750 0.907813 0.567708 0.908594 0.567708 0.914844 0.562500
0 0.914296 0.806924 0.911059 0.809196 0.910036 0.809196 0.909014 0.808741 0.907309 0.806469 0.905435 0.805106 0.905094 0.803970 0.905094 0.802379 0.905946 0.801470 0.910888 0.799198 0.913956 0.798971 0.914978 0.799426 0.915660 0.801698 0.915660 0.802379 0.914126 0.805106
0 0.917194 0.816013 0.912422 0.815785 0.909866 0.813513 0.910207 0.811468 0.913104 0.810105 0.918898 0.810105 0.919239 0.810786 0.919239 0.813286 0.918386 0.815104
0 0.946875 0.558333 0.950781 0.559375 0.951562 0.559375 0.954688 0.563542 0.955469 0.564583 0.956250 0.568750 0.956250 0.569792 0.950000 0.581250 0.949219 0.582292 0.948438 0.588542 0.947656 0.589583 0.947656 0.602083 0.947656 0.603125 0.942969 0.615625 0.942969 0.616667 0.935937 0.629167 0.935156 0.630208 0.931250 0.632292 0.930469 0.632292 0.919531 0.644792 0.918750 0.645833 0.912500 0.648958 0.911719 0.650000 0.904687 0.650000 0.903906 0.650000 0.900000 0.645833 0.899219 0.644792 0.896875 0.638542 0.896094 0.637500 0.894531 0.619792 0.893750 0.618750 0.894531 0.616667 0.895312 0.615625 0.898438 0.615625 0.899219 0.616667 0.900781 0.614583 0.901563 0.613542 0.900781 0.602083 0.900000 0.601042 0.902344 0.593750 0.902344 0.592708 0.912500 0.585417 0.913281 0.585417 0.930469 0.567708 0.931250 0.566667 0.946875 0.558333
0 0.251563 0.821875 0.257031 0.821875 0.257812 0.821875 0.258594 0.822917 0.259375 0.822917 0.259375 0.823958 0.259375 0.825000 0.260937 0.827083 0.261719 0.828125 0.261719 0.829167 0.262500 0.830208 0.260937 0.832292 0.260156 0.833333 0.260156 0.834375 0.260156 0.835417 0.259375 0.836458 0.259375 0.837500 0.258594 0.838542 0.258594 0.840625 0.257812 0.841667 0.257812 0.846875 0.257812 0.847917 0.257031 0.848958 0.257031 0.850000 0.257031 0.851042 0.256250 0.852083 0.255469 0.853125 0.254688 0.853125 0.253906 0.854167 0.251563 0.854167 0.250781 0.855208 0.250000 0.854167 0.246875 0.854167 0.246094 0.854167 0.245312 0.853125 0.244531 0.852083 0.242969 0.852083 0.242188 0.851042 0.242188 0.850000 0.241406 0.848958 0.241406 0.841667 0.241406 0.840625 0.242188 0.839583 0.242188 0.835417 0.242188 0.834375 0.244531 0.831250 0.245312 0.830208 0.245312 0.827083 0.245312 0.826042 0.246094 0.825000 0.246875 0.823958 0.248438 0.823958 0.249219 0.823958 0.250000 0.822917 0.250781 0.822917 0.251563 0.821875
0 0.986719 0.822917 0.989062 0.822917 0.989844 0.822917 0.990625 0.823958 0.993750 0.823958 0.994531 0.823958 0.994531 0.825000 0.995313 0.826042 0.998437 0.826042 0.999219 0.826042 0.999219 0.846875 0.998437 0.847917 0.996875 0.847917 0.996094 0.848958 0.993750 0.848958 0.992969 0.850000 0.991406 0.850000 0.990625 0.850000 0.989844 0.848958 0.989062 0.848958 0.988281 0.848958 0.987500 0.847917 0.987500 0.846875 0.987500 0.845833 0.986719 0.844792 0.985938 0.843750 0.985156 0.843750 0.983594 0.841667 0.982812 0.841667 0.982031 0.840625 0.982031 0.839583 0.982031 0.838542 0.980469 0.836458 0.979688 0.836458 0.979688 0.834375 0.979688 0.833333 0.980469 0.833333 0.981250 0.832292 0.981250 0.831250 0.981250 0.830208 0.982031 0.829167 0.982031 0.828125 0.984375 0.825000 0.985156 0.823958 0.985938 0.823958 0.986719 0.822917
0 0.323437 0.823958 0.325000 0.823958 0.325781 0.823958 0.326562 0.825000 0.328125 0.825000 0.328906 0.825000 0.329688 0.826042 0.330469 0.826042 0.331250 0.827083 0.332031 0.827083 0.332813 0.827083 0.332813 0.838542 0.332813 0.839583 0.333594 0.840625 0.334375 0.840625 0.333594 0.841667 0.333594 0.842708 0.333594 0.843750 0.332031 0.845833 0.331250 0.846875 0.329688 0.846875 0.328906 0.846875 0.328906 0.845833 0.328125 0.844792 0.327344 0.843750 0.324219 0.843750 0.323437 0.843750 0.322656 0.844792 0.321094 0.844792 0.320312 0.844792 0.319531 0.845833 0.317188 0.845833 0.316406 0.846875 0.315625 0.845833 0.314844 0.845833 0.314063 0.845833 0.314063 0.843750 0.313281 0.842708 0.313281 0.839583 0.313281 0.838542 0.314063 0.837500 0.314844 0.836458 0.314844 0.833333 0.314844 0.832292 0.317188 0.829167 0.317188 0.828125 0.317969 0.828125 0.318750 0.828125 0.320312 0.826042 0.321094 0.825000 0.321875 0.825000 0.322656 0.825000 0.323437 0.823958
0 0.539844 0.376042 0.541406 0.376042 0.542188 0.376042 0.553906 0.384375 0.554688 0.385417 0.554688 0.395833 0.554688 0.396875 0.549219 0.403125 0.548438 0.404167 0.542188 0.404167 0.541406 0.404167 0.539844 0.403125 0.539062 0.402083 0.538281 0.398958 0.537500 0.397917 0.537500 0.385417 0.537500 0.384375 0.538281 0.379167 0.538281 0.378125 0.539844 0.376042
0 0.563281 0.380208 0.567187 0.380208 0.567969 0.380208 0.571875 0.383333 0.572656 0.384375 0.573438 0.393750 0.573438 0.394792 0.570312 0.397917 0.569531 0.398958 0.568750 0.402083 0.567969 0.403125 0.565625 0.403125 0.564844 0.403125 0.558594 0.398958 0.557813 0.397917 0.557813 0.386458 0.557813 0.385417 0.558594 0.383333 0.559375 0.382292 0.563281 0.380208
0 0.429688 0.557292 0.432812 0.559375 0.433594 0.560417 0.434375 0.563542 0.435156 0.564583 0.434375 0.569792 0.434375 0.570833 0.428125 0.582292 0.427344 0.583333 0.423438 0.584375 0.422656 0.584375 0.417969 0.582292 0.417187 0.582292 0.416406 0.581250 0.415625 0.580208 0.415625 0.577083 0.414844 0.576042 0.415625 0.568750 0.415625 0.567708 0.429688 0.557292
0 0.415625 0.587500 0.421094 0.588542 0.421875 0.589583 0.421094 0.595833 0.421094 0.596875 0.417187 0.598958 0.416406 0.600000 0.414062 0.598958 0.413281 0.597917 0.413281 0.593750 0.413281 0.592708 0.415625 0.587500
0 0.410859 0.574952 0.407265 0.572077 0.401994 0.571757 0.401275 0.569521 0.399359 0.566646 0.399359 0.565049 0.401994 0.561854 0.405588 0.559617 0.408463 0.559617 0.411578 0.560256 0.411578 0.560895 0.410380 0.562493 0.410380 0.563771 0.411099 0.564090 0.413974 0.564090 0.415172 0.562812 0.416610 0.563132 0.417089 0.563771 0.417808 0.567285 0.415891 0.570799 0.412776 0.573674
0 0.413735 0.586453 0.409661 0.586453 0.407026 0.587731 0.402953 0.587731 0.401515 0.586772 0.401036 0.585494 0.401036 0.583578 0.401515 0.581980 0.401036 0.581022 0.398400 0.580064 0.397921 0.578147 0.398161 0.576869 0.403192 0.573355 0.407505 0.572077 0.407505 0.574952 0.406307 0.578466 0.406547 0.579105 0.408463 0.579425 0.413735 0.579105 0.413735 0.583258
0 0.578533 0.409058 0.568671 0.409684 0.568671 0.400918 0.573367 0.395909 0.577593 0.395909 0.578063 0.398414 0.578533 0.398414 0.578533 0.403423
0 0.596094 0.825000 0.597656 0.825000 0.598437 0.826042 0.601562 0.826042 0.602344 0.826042 0.602344 0.827083 0.602344 0.828125 0.603125 0.829167 0.603906 0.829167 0.604688 0.830208 0.604688 0.831250 0.604688 0.832292 0.605469 0.833333 0.606250 0.833333 0.607031 0.834375 0.607031 0.835417 0.607031 0.836458 0.606250 0.837500 0.606250 0.838542 0.605469 0.839583 0.603906 0.839583 0.603125 0.838542 0.593750 0.838542 0.592969 0.838542 0.592187 0.837500 0.591406 0.837500 0.591406 0.836458 0.590625 0.835417 0.589844 0.834375 0.590625 0.833333 0.590625 0.831250 0.590625 0.830208 0.591406 0.829167 0.591406 0.828125 0.592187 0.828125 0.592969 0.828125 0.593750 0.827083 0.594531 0.826042 0.595313 0.826042 0.596094 0.825000
0 0.790625 0.830208 0.793750 0.830208 0.794531 0.830208 0.794531 0.831250 0.794531 0.832292 0.793750 0.833333 0.792969 0.834375 0.792969 0.838542 0.792969 0.839583 0.792188 0.840625 0.791406 0.841667 0.790625 0.841667 0.789844 0.841667 0.789062 0.842708 0.787500 0.842708 0.786719 0.842708 0.785937 0.843750 0.785156 0.843750 0.784375 0.843750 0.783594 0.844792 0.782813 0.844792 0.782813 0.841667 0.782031 0.840625 0.782813 0.839583 0.782813 0.838542 0.783594 0.837500 0.783594 0.836458 0.784375 0.836458 0.785156 0.836458 0.785937 0.835417 0.786719 0.835417 0.787500 0.834375 0.787500 0.833333 0.787500 0.832292 0.788281 0.832292 0.789062 0.831250 0.789844 0.831250 0.790625 0.830208
0 0.851562 0.846875 0.855469 0.846875 0.856250 0.846875 0.857031 0.847917 0.857812 0.847917 0.858594 0.848958 0.858594 0.852083 0.858594 0.853125 0.857812 0.854167 0.857812 0.858333 0.857812 0.859375 0.857031 0.860417 0.857031 0.861458 0.856250 0.862500 0.855469 0.863542 0.853906 0.863542 0.853125 0.863542 0.852344 0.862500 0.852344 0.860417 0.852344 0.859375 0.851562 0.858333 0.850781 0.858333 0.850000 0.858333 0.850000 0.857292 0.849219 0.856250 0.849219 0.853125 0.849219 0.852083 0.850000 0.851042 0.850000 0.848958 0.850000 0.847917 0.850781 0.847917 0.851562 0.846875
0 0.428906 0.860417 0.431250 0.860417 0.432031 0.860417 0.432812 0.861458 0.433594 0.861458 0.434375 0.862500 0.435156 0.862500 0.435156 0.863542 0.435937 0.864583 0.436719 0.864583 0.435937 0.865625 0.425000 0.865625 0.424219 0.865625 0.424219 0.864583 0.425000 0.863542 0.425000 0.862500 0.425781 0.862500 0.426563 0.861458 0.427344 0.861458 0.428125 0.861458 0.428906 0.860417
0 0.156250 0.315625 0.157812 0.316667 0.158594 0.317708 0.160938 0.327083 0.160938 0.328125 0.164062 0.334375 0.164844 0.335417 0.164062 0.343750 0.164062 0.344792 0.166406 0.347917 0.167187 0.348958 0.167969 0.353125 0.167969 0.354167 0.171094 0.359375 0.171875 0.360417 0.170313 0.365625 0.170313 0.366667 0.166406 0.372917 0.165625 0.373958 0.156250 0.373958 0.155469 0.373958 0.146094 0.378125 0.145313 0.379167 0.135937 0.379167 0.135156 0.379167 0.128906 0.376042 0.128125 0.376042 0.128125 0.358333 0.128125 0.357292 0.125000 0.347917 0.124219 0.346875 0.125000 0.342708 0.125000 0.341667 0.128125 0.337500 0.128906 0.336458 0.130469 0.330208 0.131250 0.329167 0.139063 0.325000 0.139844 0.325000 0.145313 0.319792 0.146094 0.318750 0.150781 0.318750 0.151562 0.318750 0.156250 0.315625
0 0.278906 0.861458 0.282031 0.861458 0.282813 0.861458 0.283594 0.862500 0.285156 0.862500 0.285938 0.862500 0.286719 0.863542 0.287500 0.863542 0.287500 0.864583 0.287500 0.865625 0.278125 0.865625 0.277344 0.865625 0.277344 0.864583 0.278125 0.863542 0.278906 0.862500 0.278906 0.861458
0 0.045312 0.862500 0.046094 0.863542 0.047656 0.863542 0.047656 0.864583 0.046875 0.865625 0.042969 0.865625 0.042188 0.865625 0.042969 0.864583 0.042969 0.863542 0.043750 0.863542 0.044531 0.863542 0.045312 0.862500
0 0.774850 0.425150 0.782036 0.417964 0.783832 0.417964 0.785629 0.415569 0.787425 0.415569 0.787425 0.414371 0.788323 0.414371 0.788323 0.409581 0.790120 0.408383 0.790120 0.405988 0.791018 0.405988 0.791916 0.404790 0.791916 0.391617 0.792814 0.391617 0.792814 0.382036 0.785629 0.382036 0.783832 0.379641 0.783832 0.378443 0.782036 0.377246 0.780240 0.377246 0.779341 0.376048 0.779341 0.374850 0.776647 0.374850 0.776647 0.377246 0.775749 0.378443 0.756886 0.378443 0.754192 0.380838 0.754192 0.382036 0.753293 0.383234 0.753293 0.409581 0.754192 0.410778 0.754192 0.411976 0.757784 0.416766 0.759581 0.416766 0.762275 0.419162 0.766766 0.419162 0.766766 0.420359 0.768563 0.420359
