0 0.019531 0.000000 0.021875 0.000000 0.022656 0.000000 0.023438 0.001042 0.023438 0.002083 0.022656 0.003125 0.021875 0.004167 0.020313 0.004167 0.019531 0.004167 0.019531 0.000000
0 0.325000 0.000000 0.326562 0.000000 0.327344 0.000000 0.328125 0.001042 0.328125 0.002083 0.327344 0.003125 0.325781 0.003125 0.325000 0.003125 0.325000 0.000000
0 0.386719 0.000000 0.388281 0.000000 0.389062 0.001042 0.389062 0.006250 0.389062 0.007292 0.388281 0.008333 0.387500 0.008333 0.386719 0.009375 0.385937 0.009375 0.385156 0.009375 0.385156 0.005208 0.385156 0.004167 0.385937 0.004167 0.386719 0.003125 0.386719 0.000000
0 0.592969 0.000000 0.594531 0.000000 0.595313 0.001042 0.595313 0.002083 0.594531 0.003125 0.593750 0.004167 0.592969 0.004167 0.592187 0.003125 0.592969 0.002083 0.592969 0.000000
0 0.614062 0.000000 0.617969 0.000000 0.617969 0.001042 0.617188 0.002083 0.616406 0.003125 0.615625 0.003125 0.614844 0.003125 0.614844 0.002083 0.614844 0.001042 0.614062 0.000000
0 0.642969 0.001042 0.642188 0.000000 0.637500 0.000000 0.637500 0.003125 0.638281 0.004167 0.638281 0.008333 0.639844 0.010417 0.639844 0.011458 0.640625 0.012500 0.642188 0.010417 0.642188 0.002083
0 0.656250 0.000000 0.657031 0.000000 0.657813 0.001042 0.657813 0.002083 0.658594 0.003125 0.659375 0.003125 0.660156 0.004167 0.660156 0.005208 0.659375 0.006250 0.655469 0.006250 0.654687 0.006250 0.654687 0.004167 0.654687 0.003125 0.655469 0.003125 0.656250 0.002083 0.656250 0.000000
0 0.837500 0.000000 0.839844 0.000000 0.840625 0.000000 0.841406 0.001042 0.841406 0.002083 0.842187 0.003125 0.841406 0.003125 0.840625 0.004167 0.839063 0.004167 0.838281 0.004167 0.837500 0.003125 0.837500 0.000000
0 0.862500 0.000000 0.868750 0.000000 0.869531 0.000000 0.870313 0.001042 0.870313 0.002083 0.870313 0.003125 0.871094 0.004167 0.871094 0.005208 0.871094 0.006250 0.870313 0.007292 0.869531 0.007292 0.868750 0.007292 0.867969 0.008333 0.867969 0.009375 0.867188 0.010417 0.866406 0.011458 0.865625 0.011458 0.864844 0.011458 0.864844 0.007292 0.864844 0.006250 0.863281 0.004167 0.862500 0.003125 0.862500 0.000000
0 0.969531 0.000000 0.976562 0.000000 0.977344 0.001042 0.976562 0.002083 0.975781 0.003125 0.973437 0.003125 0.972656 0.003125 0.971875 0.004167 0.971094 0.004167 0.970313 0.005208 0.968750 0.005208 0.967969 0.005208 0.967969 0.004167 0.967969 0.003125 0.968750 0.003125 0.969531 0.002083 0.969531 0.000000
0 0.746094 0.003125 0.746875 0.003125 0.747656 0.003125 0.748437 0.004167 0.750000 0.004167 0.750781 0.005208 0.750000 0.005208 0.749219 0.006250 0.749219 0.007292 0.748437 0.006250 0.746875 0.006250 0.746094 0.006250 0.746094 0.005208 0.745313 0.004167 0.746094 0.003125
0 0.027344 0.005208 0.028906 0.005208 0.029687 0.005208 0.030469 0.006250 0.029687 0.007292 0.029687 0.008333 0.028906 0.009375 0.028125 0.009375 0.027344 0.008333 0.027344 0.007292 0.026562 0.006250 0.027344 0.005208
0 0.664062 0.007292 0.664844 0.007292 0.665625 0.007292 0.665625 0.011458 0.665625 0.012500 0.664844 0.013542 0.664062 0.013542 0.663281 0.014583 0.662500 0.014583 0.661719 0.013542 0.661719 0.012500 0.660937 0.011458 0.660937 0.009375 0.660937 0.008333 0.662500 0.008333 0.663281 0.008333 0.664062 0.007292
0 0.790625 0.007292 0.792969 0.007292 0.793750 0.008333 0.792969 0.009375 0.792188 0.010417 0.791406 0.010417 0.790625 0.010417 0.790625 0.007292
0 0.260937 0.008333 0.262500 0.008333 0.263281 0.008333 0.264062 0.009375 0.264844 0.009375 0.265625 0.010417 0.265625 0.011458 0.264844 0.012500 0.264062 0.013542 0.263281 0.013542 0.262500 0.013542 0.261719 0.014583 0.260937 0.014583 0.260156 0.013542 0.259375 0.013542 0.258594 0.012500 0.258594 0.011458 0.257812 0.010417 0.257031 0.010417 0.257812 0.010417 0.258594 0.009375 0.259375 0.009375 0.260156 0.009375 0.260937 0.008333
0 0.005469 0.013542 0.007031 0.013542 0.007812 0.013542 0.007812 0.016667 0.007812 0.017708 0.007031 0.018750 0.006250 0.019792 0.005469 0.019792 0.004687 0.020833 0.003906 0.020833 0.003125 0.020833 0.003125 0.016667 0.003125 0.015625 0.003906 0.015625 0.005469 0.013542
0 0.053125 0.016667 0.057813 0.016667 0.058594 0.016667 0.059375 0.017708 0.060156 0.017708 0.060937 0.018750 0.060937 0.019792 0.060156 0.020833 0.059375 0.021875 0.059375 0.022917 0.059375 0.023958 0.058594 0.025000 0.057813 0.025000 0.057031 0.026042 0.056250 0.026042 0.055469 0.025000 0.054688 0.025000 0.053906 0.023958 0.053125 0.023958 0.051562 0.021875 0.050781 0.021875 0.050781 0.020833 0.050781 0.019792 0.051562 0.018750 0.051562 0.017708 0.052344 0.017708 0.053125 0.016667
0 0.282031 0.017708 0.283594 0.017708 0.284375 0.017708 0.284375 0.020833 0.285156 0.021875 0.284375 0.021875 0.283594 0.022917 0.282813 0.021875 0.282813 0.020833 0.282031 0.019792 0.281250 0.018750 0.282031 0.017708
0 0.397656 0.019792 0.398438 0.019792 0.399219 0.019792 0.400781 0.021875 0.401562 0.021875 0.401562 0.022917 0.401562 0.023958 0.400781 0.025000 0.399219 0.025000 0.398438 0.025000 0.397656 0.023958 0.397656 0.019792
0 0.867969 0.020833 0.869531 0.020833 0.870313 0.020833 0.870313 0.021875 0.870313 0.022917 0.869531 0.023958 0.868750 0.025000 0.867969 0.025000 0.867188 0.026042 0.866406 0.026042 0.866406 0.022917 0.866406 0.021875 0.867188 0.021875 0.867969 0.020833
0 0.263281 0.022917 0.267188 0.022917 0.267969 0.022917 0.268750 0.023958 0.269531 0.025000 0.271094 0.025000 0.271875 0.025000 0.272656 0.026042 0.273438 0.026042 0.272656 0.026042 0.271875 0.026042 0.271094 0.027083 0.270313 0.028125 0.267969 0.028125 0.267188 0.028125 0.267188 0.027083 0.266406 0.026042 0.264062 0.026042 0.263281 0.026042 0.263281 0.025000 0.262500 0.023958 0.261719 0.023958 0.262500 0.023958 0.263281 0.022917
0 0.665625 0.025000 0.666406 0.026042 0.667188 0.026042 0.667969 0.027083 0.667969 0.028125 0.667188 0.029167 0.666406 0.030208 0.665625 0.030208 0.664844 0.029167 0.664844 0.028125 0.664062 0.027083 0.665625 0.025000
0 0.607031 0.034375 0.609375 0.034375 0.610156 0.034375 0.610938 0.035417 0.611719 0.035417 0.610938 0.036458 0.610938 0.040625 0.610938 0.041667 0.610156 0.042708 0.610156 0.043750 0.610156 0.044792 0.609375 0.045833 0.609375 0.046875 0.608594 0.047917 0.607031 0.047917 0.606250 0.047917 0.605469 0.046875 0.603125 0.046875 0.602344 0.046875 0.601562 0.045833 0.600781 0.045833 0.600000 0.044792 0.600000 0.038542 0.599219 0.037500 0.600000 0.036458 0.600781 0.035417 0.605469 0.035417 0.606250 0.035417 0.607031 0.034375
0 0.479687 0.038542 0.482031 0.038542 0.482812 0.038542 0.482812 0.042708 0.482812 0.043750 0.481250 0.045833 0.480469 0.046875 0.479687 0.046875 0.478906 0.046875 0.478906 0.042708 0.478906 0.041667 0.479687 0.040625 0.479687 0.038542
0 0.450781 0.039583 0.451562 0.039583 0.452344 0.039583 0.452344 0.040625 0.453125 0.041667 0.453906 0.041667 0.453125 0.042708 0.453125 0.043750 0.452344 0.044792 0.452344 0.045833 0.451562 0.046875 0.450781 0.046875 0.450000 0.047917 0.449219 0.047917 0.448437 0.047917 0.447656 0.046875 0.448437 0.045833 0.448437 0.042708 0.448437 0.041667 0.449219 0.041667 0.450000 0.041667 0.450781 0.040625 0.450781 0.039583
0 0.469531 0.040625 0.471875 0.040625 0.472656 0.041667 0.471875 0.041667 0.471094 0.042708 0.471094 0.044792 0.470313 0.045833 0.469531 0.045833 0.469531 0.042708 0.468750 0.041667 0.469531 0.040625
0 0.826562 0.040625 0.828906 0.040625 0.829688 0.041667 0.833594 0.041667 0.834375 0.041667 0.834375 0.042708 0.835938 0.044792 0.835938 0.045833 0.835156 0.046875 0.834375 0.046875 0.833594 0.047917 0.830469 0.047917 0.829688 0.047917 0.828906 0.048958 0.828125 0.048958 0.828125 0.047917 0.827344 0.046875 0.826562 0.046875 0.826562 0.045833 0.826562 0.044792 0.825781 0.043750 0.825000 0.043750 0.824219 0.043750 0.825000 0.043750 0.825781 0.043750 0.826562 0.042708 0.826562 0.040625
0 0.688281 0.041667 0.689844 0.041667 0.690625 0.042708 0.690625 0.044792 0.690625 0.045833 0.691406 0.046875 0.692187 0.047917 0.692187 0.048958 0.691406 0.050000 0.688281 0.050000 0.687500 0.050000 0.687500 0.044792 0.687500 0.043750 0.688281 0.042708 0.688281 0.041667
0 0.907813 0.043750 0.908594 0.043750 0.909375 0.043750 0.909375 0.046875 0.908594 0.047917 0.907813 0.047917 0.907031 0.046875 0.907031 0.045833 0.907031 0.044792 0.907813 0.043750
0 0.536719 0.044792 0.538281 0.044792 0.539062 0.044792 0.539844 0.045833 0.540625 0.045833 0.540625 0.046875 0.541406 0.047917 0.540625 0.048958 0.539844 0.050000 0.539062 0.050000 0.538281 0.050000 0.537500 0.051042 0.536719 0.051042 0.536719 0.050000 0.535937 0.048958 0.535156 0.047917 0.535156 0.046875 0.535156 0.045833 0.535937 0.045833 0.536719 0.044792
0 0.275781 0.045833 0.278125 0.045833 0.278906 0.046875 0.282031 0.046875 0.282031 0.047917 0.281250 0.048958 0.281250 0.050000 0.280469 0.051042 0.278125 0.051042 0.277344 0.051042 0.276562 0.050000 0.275781 0.050000 0.275781 0.045833
0 0.814063 0.045833 0.815625 0.045833 0.816406 0.045833 0.817187 0.046875 0.817969 0.046875 0.817187 0.047917 0.816406 0.048958 0.815625 0.048958 0.814844 0.050000 0.814063 0.050000 0.812500 0.052083 0.811719 0.052083 0.810937 0.051042 0.811719 0.050000 0.812500 0.050000 0.813281 0.048958 0.813281 0.047917 0.814063 0.046875 0.814063 0.045833
0 0.552344 0.046875 0.557031 0.046875 0.557813 0.046875 0.557031 0.047917 0.557031 0.048958 0.556250 0.050000 0.555469 0.051042 0.553906 0.051042 0.553125 0.051042 0.553125 0.050000 0.552344 0.048958 0.552344 0.046875
0 0.986719 0.048958 0.988281 0.048958 0.989062 0.048958 0.989062 0.054167 0.988281 0.055208 0.987500 0.055208 0.986719 0.055208 0.985938 0.054167 0.985156 0.054167 0.985156 0.051042 0.985156 0.050000 0.985938 0.050000 0.986719 0.048958
0 0.566406 0.050000 0.569531 0.050000 0.570312 0.051042 0.569531 0.052083 0.568750 0.053125 0.567969 0.053125 0.567187 0.054167 0.566406 0.054167 0.566406 0.053125 0.565625 0.052083 0.566406 0.051042 0.566406 0.050000
0 0.955469 0.050000 0.957812 0.050000 0.958594 0.050000 0.958594 0.053125 0.958594 0.054167 0.957812 0.055208 0.957031 0.056250 0.956250 0.056250 0.955469 0.056250 0.955469 0.050000
0 0.583594 0.052083 0.586719 0.052083 0.587500 0.052083 0.587500 0.053125 0.587500 0.054167 0.586719 0.055208 0.583594 0.055208 0.582812 0.055208 0.582812 0.054167 0.582031 0.053125 0.582812 0.053125 0.583594 0.052083
0 0.410156 0.055208 0.413281 0.055208 0.414062 0.055208 0.414844 0.056250 0.414844 0.057292 0.415625 0.058333 0.414844 0.059375 0.414844 0.060417 0.414062 0.059375 0.411719 0.059375 0.410938 0.059375 0.410938 0.058333 0.410156 0.057292 0.410156 0.055208
0 0.599219 0.057292 0.603906 0.057292 0.604688 0.058333 0.603125 0.060417 0.602344 0.061458 0.601562 0.060417 0.600781 0.060417 0.600000 0.059375 0.600000 0.058333 0.599219 0.057292
0 0.455469 0.058333 0.459375 0.058333 0.460156 0.059375 0.459375 0.059375 0.457813 0.061458 0.457031 0.061458 0.456250 0.060417 0.456250 0.059375 0.455469 0.058333
0 0.073438 0.060417 0.074219 0.060417 0.075000 0.060417 0.075000 0.061458 0.075000 0.062500 0.073438 0.064583 0.072656 0.064583 0.072656 0.062500 0.072656 0.061458 0.073438 0.060417
0 0.332031 0.062500 0.332813 0.062500 0.333594 0.062500 0.334375 0.063542 0.335156 0.064583 0.334375 0.065625 0.334375 0.066667 0.333594 0.067708 0.333594 0.068750 0.331250 0.071875 0.330469 0.071875 0.330469 0.070833 0.330469 0.069792 0.329688 0.068750 0.329688 0.067708 0.328906 0.066667 0.328906 0.065625 0.328906 0.064583 0.329688 0.063542 0.330469 0.063542 0.331250 0.063542 0.332031 0.062500
0 0.957031 0.062500 0.957812 0.063542 0.959375 0.063542 0.960156 0.063542 0.958594 0.065625 0.957812 0.066667 0.957031 0.066667 0.956250 0.066667 0.955469 0.065625 0.955469 0.064583 0.955469 0.063542 0.956250 0.063542 0.957031 0.062500
0 0.484375 0.063542 0.485156 0.063542 0.485938 0.063542 0.487500 0.065625 0.488281 0.065625 0.488281 0.066667 0.489063 0.067708 0.488281 0.067708 0.487500 0.068750 0.486719 0.067708 0.485938 0.067708 0.485156 0.067708 0.484375 0.066667 0.483594 0.065625 0.484375 0.064583 0.484375 0.063542
0 0.906250 0.066667 0.907031 0.067708 0.907813 0.067708 0.907813 0.072917 0.908594 0.073958 0.907813 0.073958 0.907031 0.075000 0.906250 0.075000 0.905469 0.075000 0.905469 0.073958 0.905469 0.072917 0.904687 0.071875 0.904687 0.069792 0.903906 0.068750 0.904687 0.068750 0.906250 0.066667
0 0.391406 0.067708 0.393750 0.067708 0.394531 0.068750 0.394531 0.069792 0.395313 0.070833 0.393750 0.072917 0.392969 0.073958 0.391406 0.073958 0.390625 0.072917 0.390625 0.069792 0.390625 0.068750 0.391406 0.067708
0 0.453906 0.067708 0.458594 0.067708 0.458594 0.068750 0.456250 0.071875 0.455469 0.072917 0.454688 0.072917 0.453906 0.072917 0.453906 0.067708
0 0.475000 0.068750 0.477344 0.068750 0.478125 0.068750 0.478906 0.069792 0.478906 0.070833 0.478906 0.071875 0.479687 0.072917 0.479687 0.073958 0.480469 0.075000 0.481250 0.075000 0.482031 0.075000 0.479687 0.075000 0.478906 0.076042 0.472656 0.076042 0.471875 0.076042 0.471875 0.073958 0.471875 0.072917 0.472656 0.071875 0.472656 0.070833 0.473438 0.069792 0.474219 0.069792 0.475000 0.068750
0 0.673438 0.069792 0.676562 0.069792 0.677344 0.070833 0.676562 0.071875 0.676562 0.072917 0.675781 0.073958 0.674219 0.073958 0.673438 0.075000 0.672656 0.073958 0.672656 0.072917 0.671875 0.071875 0.673438 0.069792
0 0.687500 0.069792 0.688281 0.069792 0.689063 0.069792 0.689844 0.070833 0.690625 0.070833 0.689063 0.072917 0.688281 0.073958 0.688281 0.072917 0.687500 0.071875 0.686719 0.070833 0.687500 0.069792
0 0.975781 0.071875 0.977344 0.071875 0.978125 0.071875 0.978125 0.079167 0.977344 0.080208 0.976562 0.080208 0.975781 0.079167 0.975781 0.071875
0 0.880469 0.075000 0.882812 0.075000 0.883594 0.075000 0.883594 0.078125 0.883594 0.079167 0.882812 0.080208 0.880469 0.080208 0.879687 0.081250 0.878906 0.080208 0.878906 0.077083 0.878125 0.076042 0.878906 0.076042 0.879687 0.076042 0.880469 0.075000
0 0.508594 0.076042 0.509375 0.076042 0.510156 0.076042 0.510938 0.077083 0.511719 0.077083 0.511719 0.078125 0.510938 0.079167 0.510156 0.080208 0.508594 0.080208 0.507812 0.080208 0.507812 0.079167 0.507812 0.078125 0.508594 0.077083 0.508594 0.076042
0 0.796875 0.090625 0.794531 0.087500 0.793750 0.087500 0.792969 0.086458 0.792969 0.084375 0.792188 0.083333 0.792188 0.082292 0.791406 0.081250 0.789844 0.081250 0.789062 0.080208 0.789062 0.081250 0.787500 0.083333 0.787500 0.089583 0.788281 0.090625 0.788281 0.092708 0.789062 0.092708 0.789844 0.093750 0.792188 0.093750 0.792969 0.092708 0.793750 0.092708 0.794531 0.091667 0.795312 0.091667 0.796094 0.090625
0 0.906250 0.084375 0.908594 0.084375 0.909375 0.084375 0.909375 0.085417 0.910156 0.086458 0.911719 0.086458 0.912500 0.086458 0.911719 0.086458 0.910937 0.087500 0.910156 0.088542 0.909375 0.088542 0.908594 0.089583 0.907813 0.089583 0.907031 0.088542 0.907031 0.087500 0.906250 0.086458 0.906250 0.084375
0 0.864844 0.087500 0.865625 0.088542 0.866406 0.088542 0.867188 0.088542 0.866406 0.089583 0.866406 0.090625 0.865625 0.091667 0.864844 0.091667 0.864062 0.091667 0.863281 0.092708 0.862500 0.092708 0.862500 0.091667 0.862500 0.090625 0.863281 0.089583 0.863281 0.088542 0.864062 0.088542 0.864844 0.087500
0 0.313281 0.090625 0.318750 0.090625 0.318750 0.091667 0.317969 0.092708 0.314063 0.092708 0.313281 0.092708 0.313281 0.090625
0 0.819531 0.090625 0.821875 0.090625 0.822656 0.090625 0.823438 0.091667 0.824219 0.092708 0.824219 0.093750 0.823438 0.094792 0.823438 0.095833 0.822656 0.096875 0.821094 0.096875 0.820312 0.096875 0.819531 0.095833 0.818750 0.095833 0.817969 0.094792 0.817969 0.092708 0.817969 0.091667 0.818750 0.091667 0.819531 0.090625
0 0.728906 0.096875 0.734375 0.096875 0.735156 0.096875 0.735938 0.097917 0.736719 0.097917 0.737500 0.098958 0.738281 0.098958 0.738281 0.100000 0.738281 0.101042 0.739062 0.102083 0.739062 0.103125 0.739844 0.104167 0.740625 0.104167 0.741406 0.105208 0.741406 0.106250 0.741406 0.107292 0.740625 0.108333 0.739844 0.109375 0.739844 0.111458 0.739062 0.112500 0.738281 0.112500 0.737500 0.113542 0.735156 0.113542 0.734375 0.113542 0.733594 0.112500 0.732812 0.112500 0.732031 0.111458 0.728125 0.111458 0.727344 0.111458 0.726562 0.110417 0.725781 0.109375 0.725781 0.108333 0.725781 0.107292 0.725000 0.106250 0.725000 0.105208 0.725000 0.104167 0.725781 0.104167 0.726562 0.103125 0.727344 0.102083 0.728125 0.102083 0.728906 0.101042 0.728906 0.096875
0 0.467969 0.097917 0.469531 0.097917 0.470313 0.098958 0.472656 0.098958 0.473438 0.098958 0.473438 0.102083 0.473438 0.103125 0.472656 0.104167 0.471875 0.105208 0.471875 0.106250 0.470313 0.108333 0.469531 0.109375 0.468750 0.109375 0.467969 0.109375 0.467187 0.108333 0.466406 0.108333 0.465625 0.107292 0.464844 0.107292 0.464062 0.106250 0.464062 0.104167 0.464062 0.103125 0.465625 0.101042 0.465625 0.100000 0.466406 0.098958 0.467187 0.098958 0.467969 0.097917
0 0.141406 0.106250 0.141406 0.102083 0.140724 0.101173 0.140526 0.101173 0.139844 0.102083 0.139844 0.103125 0.139063 0.104167 0.137500 0.104167 0.138281 0.105208 0.138281 0.106250 0.139063 0.107292 0.140625 0.107292
0 0.798438 0.100000 0.800000 0.100000 0.800781 0.100000 0.800781 0.102083 0.801562 0.103125 0.800781 0.103125 0.800000 0.104167 0.800000 0.105208 0.799219 0.104167 0.798438 0.104167 0.797656 0.103125 0.797656 0.102083 0.797656 0.101042 0.798438 0.100000
0 0.685156 0.103125 0.685156 0.102083 0.684375 0.101042 0.682813 0.101042 0.682031 0.102083 0.679688 0.102083 0.678906 0.103125 0.678125 0.103125 0.677344 0.104167 0.677189 0.104167 0.677242 0.107219 0.676562 0.107219 0.676562 0.108302 0.681250 0.108333 0.682031 0.107292 0.682031 0.106250 0.682813 0.105208 0.683594 0.105208
0 0.051562 0.102083 0.053906 0.102083 0.054688 0.102083 0.054688 0.103125 0.054688 0.104167 0.053906 0.105208 0.052344 0.105208 0.051562 0.105208 0.050781 0.104167 0.051562 0.103125 0.051562 0.102083
0 0.512500 0.104167 0.513281 0.105208 0.514062 0.105208 0.514844 0.106250 0.515625 0.106250 0.515625 0.107292 0.514844 0.108333 0.514844 0.109375 0.514062 0.110417 0.512500 0.110417 0.511719 0.110417 0.510938 0.111458 0.509375 0.111458 0.508594 0.112500 0.508594 0.110417 0.509375 0.109375 0.511719 0.109375 0.512500 0.108333 0.512500 0.104167
0 0.817969 0.108333 0.818750 0.108333 0.819531 0.108333 0.819531 0.111458 0.819531 0.112500 0.820312 0.113542 0.820312 0.114583 0.819531 0.115625 0.818750 0.116667 0.816406 0.116667 0.815625 0.116667 0.814844 0.115625 0.814063 0.115625 0.813281 0.114583 0.813281 0.112500 0.813281 0.111458 0.814063 0.110417 0.814063 0.109375 0.816406 0.109375 0.817187 0.109375 0.817969 0.108333
0 0.942187 0.117708 0.942187 0.113542 0.941406 0.112500 0.941406 0.111458 0.939844 0.109375 0.937500 0.109375 0.936719 0.108333 0.935937 0.109375 0.935156 0.109375 0.933590 0.111458 0.933684 0.115745 0.934375 0.116667 0.934375 0.118750 0.935156 0.119792 0.937500 0.119792 0.938281 0.120833 0.940625 0.120833 0.941406 0.119792 0.941406 0.118750
0 0.441406 0.112500 0.442969 0.112500 0.443750 0.112500 0.443750 0.113542 0.444531 0.114583 0.442969 0.116667 0.442188 0.117708 0.442188 0.116667 0.441406 0.115625 0.441406 0.112500
0 0.992188 0.113542 0.992969 0.113542 0.993750 0.113542 0.993750 0.114583 0.993750 0.115625 0.992969 0.116667 0.991406 0.116667 0.990625 0.116667 0.990625 0.115625 0.990625 0.114583 0.991406 0.114583 0.992188 0.113542
0 0.408594 0.118750 0.409375 0.118750 0.410156 0.118750 0.410938 0.119792 0.411719 0.119792 0.411719 0.120833 0.411719 0.121875 0.410938 0.122917 0.410156 0.122917 0.409375 0.123958 0.408594 0.123958 0.407813 0.123958 0.407031 0.122917 0.407031 0.121875 0.406250 0.120833 0.407031 0.119792 0.407813 0.119792 0.408594 0.118750
0 0.422656 0.119792 0.424219 0.119792 0.425000 0.120833 0.424219 0.121875 0.423438 0.122917 0.422656 0.122917 0.421875 0.123958 0.421094 0.122917 0.421094 0.121875 0.421094 0.120833 0.421875 0.120833 0.422656 0.119792
0 0.874219 0.127083 0.875000 0.128125 0.875781 0.128125 0.876563 0.128125 0.877344 0.129167 0.878125 0.129167 0.877344 0.130208 0.876563 0.131250 0.875000 0.131250 0.874219 0.131250 0.873437 0.130208 0.873437 0.129167 0.873437 0.128125 0.874219 0.127083
0 0.999219 0.135417 0.999219 0.130208 0.997656 0.130208 0.996875 0.129167 0.995313 0.129167 0.994531 0.130208 0.993750 0.130208 0.990625 0.134375 0.989844 0.134375 0.989062 0.135417 0.989062 0.139583 0.988281 0.140625 0.988281 0.142794 0.989817 0.142794 0.989817 0.143765 0.993750 0.143750 0.997656 0.138542 0.997656 0.137500
0 0.334375 0.130208 0.336719 0.130208 0.337500 0.130208 0.338281 0.131250 0.339062 0.131250 0.339844 0.131250 0.341406 0.133333 0.342187 0.134375 0.341406 0.134375 0.340625 0.135417 0.338281 0.135417 0.337500 0.135417 0.336719 0.134375 0.335938 0.134375 0.335156 0.134375 0.334375 0.133333 0.334375 0.132292 0.333594 0.131250 0.334375 0.130208
0 0.232813 0.132292 0.235156 0.132292 0.235937 0.132292 0.235937 0.133333 0.236719 0.134375 0.236719 0.135417 0.236719 0.136458 0.235937 0.137500 0.235156 0.137500 0.234375 0.136458 0.234375 0.135417 0.233594 0.134375 0.233594 0.133333 0.232813 0.132292
0 0.822656 0.133333 0.823438 0.133333 0.824219 0.133333 0.825000 0.134375 0.825000 0.135417 0.824219 0.136458 0.821875 0.136458 0.821094 0.136458 0.821094 0.135417 0.821094 0.134375 0.821875 0.134375 0.822656 0.133333
0 0.889844 0.134375 0.890625 0.135417 0.891406 0.135417 0.892188 0.136458 0.892969 0.136458 0.892969 0.137500 0.892188 0.138542 0.891406 0.138542 0.890625 0.138542 0.889844 0.137500 0.889844 0.134375
0 0.366406 0.135417 0.368750 0.135417 0.369531 0.135417 0.371875 0.138542 0.372656 0.139583 0.371875 0.140625 0.371875 0.143750 0.371875 0.144792 0.371094 0.145833 0.370312 0.146875 0.369531 0.146875 0.368750 0.145833 0.367969 0.145833 0.367188 0.145833 0.366406 0.144792 0.365625 0.143750 0.365625 0.142708 0.364844 0.141667 0.365625 0.140625 0.366406 0.139583 0.366406 0.135417
0 0.463281 0.135417 0.464062 0.135417 0.464844 0.135417 0.465625 0.136458 0.466406 0.136458 0.467187 0.137500 0.467187 0.138542 0.467187 0.139583 0.466406 0.140625 0.465625 0.141667 0.463281 0.141667 0.462500 0.141667 0.462500 0.138542 0.462500 0.137500 0.463281 0.136458 0.463281 0.135417
0 0.967969 0.135417 0.969531 0.135417 0.970313 0.135417 0.971094 0.136458 0.971875 0.137500 0.973437 0.137500 0.973437 0.138542 0.971875 0.140625 0.971094 0.141667 0.970313 0.141667 0.969531 0.142708 0.968750 0.142708 0.967969 0.141667 0.967187 0.141667 0.967187 0.140625 0.966406 0.139583 0.967187 0.138542 0.967187 0.137500 0.967969 0.136458 0.967969 0.135417
0 0.085156 0.136458 0.085938 0.136458 0.086719 0.136458 0.088281 0.138542 0.089063 0.138542 0.089063 0.139583 0.089063 0.140625 0.088281 0.141667 0.087500 0.141667 0.086719 0.140625 0.085938 0.140625 0.085156 0.140625 0.084375 0.139583 0.084375 0.138542 0.083594 0.137500 0.084375 0.137500 0.085156 0.136458
0 0.842969 0.142708 0.845313 0.142708 0.846094 0.142708 0.846875 0.143750 0.846875 0.144792 0.846875 0.145833 0.846094 0.146875 0.842969 0.146875 0.842187 0.146875 0.841406 0.145833 0.842187 0.144792 0.842969 0.143750 0.842969 0.142708
0 0.771875 0.143750 0.772656 0.143750 0.773438 0.143750 0.773438 0.144792 0.773438 0.145833 0.772656 0.146875 0.771094 0.146875 0.770312 0.146875 0.770312 0.145833 0.770312 0.144792 0.771094 0.144792 0.771875 0.143750
0 0.553906 0.144792 0.555469 0.144792 0.556250 0.144792 0.556250 0.150000 0.555469 0.151042 0.553125 0.151042 0.552344 0.151042 0.552344 0.150000 0.552344 0.148958 0.553125 0.148958 0.553906 0.147917 0.553906 0.144792
0 0.625000 0.144792 0.628906 0.144792 0.629687 0.144792 0.629687 0.145833 0.630469 0.146875 0.630469 0.147917 0.630469 0.148958 0.631250 0.150000 0.631250 0.151042 0.632031 0.152083 0.632031 0.153125 0.632812 0.154167 0.632812 0.155208 0.632812 0.156250 0.633594 0.157292 0.633594 0.158333 0.634375 0.159375 0.634375 0.165625 0.635156 0.166667 0.635156 0.168750 0.635156 0.169792 0.634375 0.170833 0.633594 0.171875 0.632031 0.171875 0.631250 0.171875 0.631250 0.170833 0.630469 0.169792 0.629687 0.168750 0.629687 0.167708 0.628906 0.166667 0.628125 0.165625 0.628125 0.164583 0.628125 0.163542 0.627344 0.162500 0.627344 0.161458 0.626563 0.160417 0.626563 0.157292 0.626563 0.156250 0.625781 0.155208 0.625781 0.154167 0.625000 0.153125 0.625000 0.144792
0 0.308594 0.164583 0.308073 0.163889 0.305474 0.163889 0.304565 0.163705 0.303906 0.164583 0.303906 0.165625 0.302344 0.167708 0.299219 0.167708 0.299219 0.170833 0.300000 0.171875 0.301563 0.171875 0.301682 0.172035 0.302362 0.171851 0.303125 0.170833 0.303125 0.169792 0.303906 0.168750 0.304688 0.168750 0.305469 0.167708 0.306250 0.167708
0 0.899219 0.152083 0.903906 0.152083 0.904687 0.152083 0.904687 0.153125 0.904687 0.154167 0.905469 0.155208 0.907031 0.155208 0.907031 0.156250 0.906250 0.157292 0.905469 0.158333 0.901563 0.158333 0.900781 0.158333 0.900000 0.157292 0.899219 0.157292 0.898438 0.156250 0.898438 0.154167 0.898438 0.153125 0.899219 0.152083
0 0.277344 0.153125 0.281250 0.153125 0.282031 0.153125 0.282813 0.154167 0.282813 0.155208 0.282031 0.156250 0.281250 0.156250 0.280469 0.155208 0.278906 0.155208 0.278125 0.155208 0.278125 0.154167 0.277344 0.153125
0 0.833594 0.154167 0.836719 0.154167 0.837500 0.154167 0.837500 0.156250 0.837500 0.157292 0.835938 0.159375 0.835156 0.160417 0.833594 0.160417 0.832812 0.159375 0.832812 0.157292 0.832031 0.156250 0.833594 0.154167
0 0.580469 0.155208 0.581250 0.155208 0.582031 0.155208 0.582031 0.156250 0.582031 0.157292 0.582812 0.158333 0.583594 0.158333 0.583594 0.159375 0.582812 0.160417 0.581250 0.160417 0.580469 0.160417 0.580469 0.157292 0.579688 0.156250 0.580469 0.155208
0 0.288281 0.173958 0.288281 0.168750 0.287500 0.167708 0.286719 0.167708 0.285938 0.166667 0.285938 0.167708 0.285156 0.168750 0.285156 0.170833 0.284375 0.171875 0.283594 0.171875 0.283594 0.173958 0.284375 0.175000 0.285156 0.175000 0.285938 0.176042 0.285938 0.177083 0.286719 0.177083 0.287500 0.176042 0.287500 0.175000
0 0.025000 0.159375 0.026562 0.159375 0.027344 0.159375 0.028125 0.160417 0.028906 0.160417 0.028906 0.162500 0.028906 0.163542 0.028125 0.164583 0.027344 0.165625 0.025000 0.165625 0.024219 0.165625 0.024219 0.161458 0.024219 0.160417 0.025000 0.159375
0 0.640625 0.160417 0.642188 0.160417 0.642969 0.160417 0.642969 0.161458 0.643750 0.162500 0.643750 0.163542 0.642969 0.164583 0.642188 0.164583 0.641406 0.164583 0.640625 0.163542 0.640625 0.160417
0 0.115625 0.161458 0.119531 0.161458 0.119531 0.162500 0.118750 0.163542 0.116406 0.163542 0.115625 0.163542 0.115625 0.161458
0 0.079687 0.162500 0.085156 0.162500 0.085938 0.162500 0.086719 0.163542 0.087500 0.164583 0.087500 0.165625 0.089063 0.167708 0.089844 0.168750 0.092188 0.168750 0.092969 0.169792 0.092188 0.169792 0.091406 0.170833 0.090625 0.170833 0.089844 0.171875 0.089063 0.171875 0.088281 0.172917 0.087500 0.173958 0.086719 0.173958 0.085938 0.173958 0.085156 0.175000 0.084375 0.175000 0.084375 0.170833 0.084375 0.169792 0.083594 0.168750 0.082812 0.168750 0.082812 0.167708 0.082031 0.166667 0.079687 0.166667 0.078906 0.165625 0.078906 0.164583 0.078906 0.163542 0.079687 0.162500
0 0.431250 0.164583 0.432031 0.164583 0.432812 0.164583 0.433594 0.165625 0.434375 0.166667 0.433594 0.166667 0.432812 0.167708 0.431250 0.167708 0.430469 0.167708 0.430469 0.166667 0.430469 0.165625 0.431250 0.164583
0 0.875781 0.164583 0.878125 0.164583 0.878906 0.165625 0.878125 0.166667 0.877344 0.167708 0.876563 0.167708 0.875781 0.167708 0.875781 0.166667 0.875000 0.165625 0.875781 0.164583
0 0.914062 0.164583 0.915625 0.164583 0.916406 0.165625 0.924219 0.165625 0.925000 0.165625 0.925781 0.166667 0.925781 0.167708 0.926562 0.168750 0.926562 0.169792 0.925781 0.170833 0.925000 0.170833 0.924219 0.171875 0.921875 0.171875 0.921094 0.172917 0.920312 0.171875 0.918750 0.171875 0.917969 0.171875 0.917188 0.170833 0.914844 0.170833 0.914062 0.170833 0.914062 0.166667 0.913281 0.165625 0.914062 0.164583
0 0.645312 0.166667 0.646875 0.166667 0.647656 0.166667 0.648438 0.167708 0.649219 0.167708 0.649219 0.168750 0.650000 0.169792 0.650000 0.170833 0.650000 0.171875 0.649219 0.172917 0.648438 0.172917 0.647656 0.171875 0.646875 0.171875 0.646094 0.170833 0.646094 0.169792 0.645312 0.168750 0.645312 0.166667
0 0.965625 0.166667 0.966406 0.166667 0.967187 0.166667 0.967969 0.167708 0.968750 0.167708 0.969531 0.167708 0.969531 0.168750 0.970313 0.169792 0.971094 0.170833 0.968750 0.173958 0.967969 0.175000 0.967187 0.175000 0.966406 0.173958 0.966406 0.168750 0.966406 0.167708 0.965625 0.166667
0 0.020313 0.170833 0.021875 0.170833 0.022656 0.170833 0.023438 0.171875 0.023438 0.172917 0.023438 0.173958 0.022656 0.175000 0.021875 0.175000 0.021094 0.175000 0.021094 0.173958 0.020313 0.172917 0.020313 0.170833
0 0.064062 0.170833 0.066406 0.170833 0.067187 0.170833 0.067969 0.171875 0.068750 0.171875 0.068750 0.172917 0.067187 0.175000 0.066406 0.176042 0.064844 0.176042 0.064062 0.176042 0.063281 0.175000 0.062500 0.173958 0.062500 0.172917 0.062500 0.171875 0.063281 0.171875 0.064062 0.170833
0 0.657031 0.170833 0.660156 0.170833 0.660937 0.170833 0.660937 0.173958 0.660937 0.175000 0.660156 0.176042 0.660156 0.177083 0.660156 0.178125 0.659375 0.179167 0.658594 0.179167 0.657813 0.180208 0.656250 0.180208 0.655469 0.180208 0.654687 0.181250 0.653906 0.181250 0.653125 0.181250 0.652344 0.180208 0.651563 0.179167 0.651563 0.176042 0.651563 0.175000 0.652344 0.175000 0.653125 0.175000 0.653906 0.173958 0.654687 0.173958 0.655469 0.172917 0.656250 0.172917 0.657031 0.171875 0.657031 0.170833
0 0.725781 0.170833 0.728125 0.170833 0.728906 0.170833 0.729688 0.171875 0.729688 0.172917 0.728906 0.173958 0.727344 0.173958 0.726562 0.175000 0.725781 0.173958 0.725000 0.172917 0.725781 0.171875 0.725781 0.170833
0 0.957031 0.171875 0.958594 0.171875 0.959375 0.172917 0.958594 0.173958 0.958594 0.175000 0.957812 0.176042 0.957031 0.176042 0.956250 0.175000 0.955469 0.175000 0.955469 0.173958 0.955469 0.172917 0.956250 0.172917 0.957031 0.171875
0 0.325781 0.172917 0.328125 0.172917 0.328906 0.172917 0.328906 0.176042 0.329688 0.177083 0.328906 0.177083 0.328125 0.178125 0.327344 0.178125 0.327344 0.175000 0.327344 0.173958 0.326562 0.172917 0.325781 0.172917
0 0.478906 0.172917 0.482031 0.172917 0.482812 0.173958 0.482031 0.173958 0.480469 0.176042 0.479687 0.176042 0.478906 0.175000 0.478125 0.173958 0.478906 0.172917
0 0.583594 0.180208 0.585156 0.180208 0.585938 0.180208 0.585938 0.181250 0.586719 0.182292 0.586719 0.185417 0.587500 0.186458 0.586719 0.186458 0.585938 0.187500 0.583594 0.187500 0.582812 0.187500 0.582812 0.184375 0.582031 0.183333 0.582812 0.182292 0.583594 0.181250 0.583594 0.180208
0 0.399219 0.184375 0.400000 0.184375 0.400781 0.184375 0.400781 0.187500 0.400000 0.188542 0.400781 0.189583 0.402344 0.189583 0.403125 0.189583 0.403125 0.193750 0.402344 0.194792 0.401562 0.194792 0.400781 0.194792 0.400781 0.190625 0.400781 0.189583 0.400000 0.188542 0.399219 0.188542 0.398438 0.187500 0.398438 0.186458 0.398438 0.185417 0.399219 0.184375
0 0.081250 0.185417 0.083594 0.185417 0.084375 0.185417 0.084375 0.186458 0.085938 0.188542 0.086719 0.188542 0.085938 0.189583 0.085156 0.190625 0.084375 0.190625 0.083594 0.191667 0.082812 0.191667 0.082031 0.190625 0.082031 0.187500 0.082031 0.186458 0.081250 0.185417
0 0.752344 0.188542 0.756250 0.188542 0.757031 0.188542 0.757031 0.189583 0.757812 0.190625 0.758594 0.190625 0.759375 0.191667 0.758594 0.191667 0.757812 0.192708 0.756250 0.192708 0.755469 0.193750 0.754687 0.192708 0.753906 0.192708 0.753125 0.191667 0.752344 0.191667 0.751563 0.191667 0.751563 0.190625 0.751563 0.189583 0.752344 0.188542
0 0.675497 0.199915 0.672656 0.200154 0.672656 0.197917 0.671875 0.196875 0.672656 0.195833 0.675781 0.195833 0.675816 0.199915
0 0.050781 0.197917 0.052344 0.197917 0.053125 0.198958 0.052344 0.200000 0.052344 0.202083 0.051562 0.203125 0.050781 0.203125 0.050781 0.200000 0.050000 0.198958 0.050781 0.197917
0 0.284375 0.200000 0.286719 0.200000 0.287500 0.201042 0.287500 0.202083 0.287500 0.203125 0.286719 0.204167 0.285938 0.204167 0.285156 0.205208 0.284375 0.205208 0.284375 0.200000
0 0.809375 0.202083 0.810937 0.202083 0.811719 0.202083 0.811719 0.205208 0.810937 0.206250 0.810156 0.206250 0.809375 0.205208 0.809375 0.202083
0 0.888281 0.204167 0.890625 0.204167 0.891406 0.204167 0.892188 0.205208 0.892188 0.206250 0.891406 0.207292 0.889844 0.207292 0.889062 0.208333 0.889062 0.207292 0.888281 0.206250 0.888281 0.204167
0 0.722656 0.206250 0.723437 0.206250 0.724219 0.206250 0.725000 0.207292 0.725781 0.207292 0.725781 0.208333 0.726562 0.209375 0.727344 0.209375 0.727344 0.210417 0.726562 0.211458 0.724219 0.211458 0.723437 0.212500 0.722656 0.211458 0.722656 0.206250
0 0.875781 0.207292 0.876563 0.208333 0.878125 0.208333 0.878906 0.208333 0.878906 0.209375 0.875781 0.213542 0.875000 0.213542 0.875000 0.209375 0.875000 0.208333 0.875781 0.207292
0 0.802344 0.209375 0.804688 0.209375 0.805469 0.209375 0.804688 0.210417 0.803906 0.211458 0.803906 0.212500 0.803906 0.213542 0.803125 0.214583 0.802344 0.214583 0.801562 0.215625 0.800781 0.215625 0.800000 0.214583 0.800000 0.213542 0.799219 0.212500 0.800000 0.211458 0.800000 0.210417 0.800781 0.210417 0.801562 0.210417 0.802344 0.209375
0 0.689063 0.214583 0.690625 0.214583 0.691406 0.215625 0.691406 0.217708 0.692187 0.218750 0.692187 0.219792 0.692187 0.220833 0.691406 0.221875 0.690625 0.222917 0.689063 0.222917 0.688281 0.222917 0.688281 0.217708 0.688281 0.216667 0.689063 0.215625 0.689063 0.214583
0 0.746875 0.214583 0.748437 0.214583 0.749219 0.214583 0.748437 0.215625 0.748437 0.218750 0.748437 0.219792 0.747656 0.220833 0.747656 0.221875 0.746094 0.223958 0.745313 0.225000 0.744531 0.223958 0.743750 0.223958 0.742969 0.222917 0.742188 0.222917 0.742188 0.221875 0.741406 0.220833 0.741406 0.218750 0.741406 0.217708 0.742188 0.216667 0.742969 0.216667 0.743750 0.215625 0.745313 0.215625 0.746094 0.215625 0.746875 0.214583
0 0.603906 0.216667 0.604688 0.217708 0.605469 0.217708 0.605469 0.218750 0.605469 0.219792 0.604688 0.220833 0.604688 0.221875 0.603906 0.222917 0.600781 0.222917 0.600000 0.222917 0.599219 0.221875 0.598437 0.221875 0.599219 0.221875 0.600781 0.219792 0.601562 0.218750 0.602344 0.218750 0.603906 0.216667
0 0.308594 0.217708 0.309375 0.217708 0.310156 0.217708 0.310937 0.218750 0.311719 0.218750 0.312500 0.218750 0.313281 0.219792 0.313281 0.220833 0.312500 0.221875 0.311719 0.221875 0.310937 0.222917 0.309375 0.222917 0.308594 0.222917 0.308594 0.219792 0.307812 0.218750 0.308594 0.217708
0 0.545312 0.218750 0.547656 0.218750 0.548438 0.218750 0.549219 0.219792 0.552344 0.219792 0.553125 0.219792 0.553125 0.220833 0.552344 0.221875 0.552344 0.225000 0.552344 0.226042 0.553125 0.227083 0.553125 0.228125 0.551562 0.230208 0.550781 0.231250 0.550000 0.231250 0.548438 0.233333 0.547656 0.234375 0.546875 0.234375 0.546094 0.234375 0.545312 0.235417 0.544531 0.235417 0.543750 0.235417 0.542969 0.234375 0.542188 0.233333 0.542188 0.231250 0.542188 0.230208 0.541406 0.229167 0.540625 0.229167 0.540625 0.225000 0.540625 0.223958 0.541406 0.223958 0.542188 0.222917 0.542188 0.221875 0.542188 0.220833 0.542969 0.220833 0.543750 0.220833 0.545312 0.218750
0 0.941406 0.218750 0.946094 0.218750 0.946875 0.218750 0.946875 0.219792 0.946875 0.220833 0.947656 0.221875 0.947656 0.223958 0.948438 0.225000 0.947656 0.226042 0.947656 0.229167 0.946875 0.230208 0.943750 0.230208 0.942969 0.230208 0.942187 0.229167 0.941406 0.228125 0.941406 0.226042 0.941406 0.225000 0.940625 0.223958 0.939844 0.223958 0.939844 0.222917 0.939063 0.221875 0.941406 0.218750
0 0.041406 0.219792 0.045312 0.219792 0.046094 0.220833 0.045312 0.220833 0.044531 0.221875 0.043750 0.222917 0.041406 0.222917 0.040625 0.222917 0.039844 0.223958 0.039062 0.223958 0.038281 0.222917 0.039062 0.221875 0.039844 0.220833 0.040625 0.220833 0.041406 0.219792
0 0.582812 0.220833 0.587500 0.220833 0.588281 0.220833 0.585938 0.223958 0.585156 0.225000 0.584375 0.225000 0.583594 0.223958 0.582812 0.223958 0.582031 0.222917 0.582812 0.221875 0.582812 0.220833
0 0.989062 0.220833 0.989844 0.220833 0.990625 0.220833 0.990625 0.221875 0.991406 0.222917 0.992188 0.223958 0.991406 0.225000 0.990625 0.226042 0.989844 0.226042 0.989062 0.225000 0.989062 0.222917 0.988281 0.221875 0.989062 0.220833
0 0.325781 0.221875 0.326562 0.221875 0.327344 0.221875 0.327344 0.222917 0.328125 0.223958 0.328125 0.225000 0.328125 0.226042 0.327344 0.227083 0.327344 0.228125 0.326562 0.229167 0.326562 0.230208 0.325781 0.231250 0.324219 0.231250 0.323437 0.231250 0.322656 0.230208 0.321875 0.230208 0.321094 0.230208 0.320312 0.229167 0.319531 0.228125 0.319531 0.227083 0.319531 0.226042 0.320312 0.225000 0.321094 0.223958 0.321875 0.223958 0.322656 0.222917 0.324219 0.222917 0.325000 0.222917 0.325781 0.221875
0 0.682031 0.232292 0.684375 0.232292 0.685156 0.232292 0.685937 0.233333 0.685937 0.234375 0.685156 0.235417 0.684375 0.236458 0.683594 0.235417 0.682813 0.235417 0.682813 0.234375 0.682813 0.233333 0.682031 0.232292
0 0.787500 0.241667 0.788281 0.241667 0.789062 0.241667 0.789062 0.242708 0.789844 0.243750 0.789844 0.244792 0.790625 0.245833 0.789844 0.245833 0.789062 0.246875 0.788281 0.247917 0.787500 0.247917 0.787500 0.246875 0.786719 0.245833 0.785937 0.245833 0.785937 0.243750 0.785937 0.242708 0.786719 0.242708 0.787500 0.241667
0 0.930469 0.243750 0.931250 0.244792 0.932031 0.244792 0.932031 0.245833 0.932031 0.246875 0.931250 0.247917 0.931250 0.250000 0.931250 0.251042 0.930469 0.252083 0.929688 0.253125 0.928906 0.253125 0.928125 0.254167 0.927344 0.254167 0.926562 0.253125 0.926562 0.250000 0.926562 0.248958 0.925781 0.247917 0.925000 0.247917 0.924219 0.247917 0.925781 0.247917 0.926562 0.246875 0.928906 0.246875 0.929688 0.246875 0.930469 0.245833 0.930469 0.243750
0 0.479687 0.244792 0.481250 0.244792 0.482031 0.244792 0.482812 0.245833 0.483594 0.246875 0.482812 0.247917 0.482031 0.248958 0.479687 0.248958 0.478906 0.248958 0.478125 0.247917 0.477344 0.247917 0.476562 0.247917 0.476562 0.246875 0.475781 0.245833 0.478125 0.245833 0.478906 0.245833 0.479687 0.244792
0 0.512500 0.257292 0.512500 0.258333 0.511719 0.259375 0.508594 0.259375 0.507812 0.258333 0.503125 0.258333 0.502344 0.257292 0.499219 0.257292 0.499219 0.251042 0.498437 0.250000 0.499219 0.248958 0.502934 0.248958 0.502934 0.250338 0.503926 0.250472 0.503960 0.251975 0.507031 0.252042 0.507812 0.253125 0.508594 0.253125 0.509375 0.254167 0.512500 0.254167 0.513281 0.255208 0.513281 0.256250
0 0.612500 0.244792 0.614062 0.244792 0.614844 0.244792 0.614844 0.246875 0.615625 0.247917 0.618750 0.247917 0.619531 0.247917 0.620313 0.248958 0.621094 0.248958 0.621094 0.250000 0.621094 0.251042 0.620313 0.252083 0.618750 0.252083 0.617969 0.252083 0.617188 0.253125 0.617188 0.254167 0.616406 0.255208 0.613281 0.255208 0.612500 0.255208 0.611719 0.254167 0.611719 0.247917 0.611719 0.246875 0.612500 0.245833 0.612500 0.244792
0 0.955469 0.246875 0.956250 0.246875 0.957031 0.246875 0.957812 0.247917 0.958594 0.248958 0.960938 0.248958 0.961719 0.247917 0.962500 0.247917 0.963281 0.247917 0.964063 0.248958 0.964844 0.248958 0.964063 0.250000 0.964063 0.251042 0.960938 0.255208 0.960156 0.255208 0.959375 0.254167 0.958594 0.253125 0.958594 0.251042 0.958594 0.250000 0.957664 0.249923 0.957031 0.250000 0.956250 0.250000 0.955469 0.250000 0.955469 0.246875
0 0.401562 0.247917 0.403125 0.247917 0.403906 0.247917 0.404687 0.248958 0.405469 0.248958 0.406250 0.248958 0.407031 0.250000 0.407813 0.251042 0.407813 0.252083 0.407813 0.253125 0.407031 0.254167 0.406250 0.255208 0.405469 0.255208 0.403906 0.257292 0.403125 0.258333 0.401562 0.258333 0.400781 0.258333 0.400781 0.257292 0.400000 0.256250 0.400000 0.254167 0.399219 0.253125 0.399219 0.251042 0.399219 0.250000 0.400000 0.250000 0.401562 0.247917
0 0.314844 0.248958 0.315625 0.248958 0.316406 0.248958 0.316406 0.250000 0.315625 0.251042 0.314844 0.252083 0.315625 0.253125 0.315625 0.257292 0.315625 0.258333 0.314844 0.259375 0.313281 0.259375 0.312500 0.259375 0.311719 0.258333 0.311719 0.257292 0.310937 0.256250 0.310937 0.254167 0.310937 0.253125 0.313281 0.253125 0.314063 0.253125 0.314844 0.252083 0.314844 0.248958
0 0.667188 0.250000 0.669531 0.250000 0.670312 0.250000 0.670312 0.251042 0.671094 0.252083 0.671094 0.255208 0.671875 0.256250 0.671875 0.258333 0.671875 0.259375 0.671094 0.260417 0.670312 0.261458 0.667188 0.261458 0.666406 0.260417 0.666406 0.257292 0.666406 0.256250 0.667188 0.256250 0.667969 0.255208 0.667969 0.252083 0.667969 0.251042 0.667188 0.250000
0 0.799219 0.254167 0.801562 0.254167 0.802344 0.254167 0.802344 0.255208 0.802344 0.256250 0.801562 0.257292 0.800000 0.257292 0.799219 0.257292 0.799219 0.254167
0 0.549219 0.255208 0.552344 0.255208 0.553125 0.255208 0.554688 0.257292 0.554688 0.258333 0.553906 0.259375 0.553125 0.259375 0.552344 0.260417 0.551562 0.260417 0.550781 0.260417 0.550000 0.259375 0.550000 0.257292 0.550000 0.256250 0.549219 0.255208
0 0.990625 0.258333 0.990625 0.256250 0.989062 0.256250 0.989062 0.257292 0.988350 0.258241 0.985967 0.258411 0.985967 0.259430 0.988208 0.259390 0.988208 0.260536 0.990046 0.260449 0.990046 0.259105
0 0.975781 0.260417 0.976562 0.260417 0.977344 0.260417 0.978125 0.261458 0.978125 0.262500 0.978125 0.263542 0.977344 0.264583 0.976562 0.265625 0.975781 0.265625 0.974219 0.267708 0.973437 0.267708 0.973437 0.262500 0.973437 0.261458 0.974219 0.261458 0.975000 0.261458 0.975781 0.260417
0 0.359375 0.266667 0.359375 0.262500 0.358594 0.262500 0.357812 0.261458 0.354687 0.261458 0.354687 0.265557 0.357054 0.265727 0.357072 0.267708 0.358594 0.267708
0 0.618750 0.270833 0.618750 0.269792 0.617969 0.268750 0.617969 0.267708 0.617188 0.266667 0.617188 0.264583 0.616406 0.263542 0.614062 0.263542 0.613281 0.262500 0.612500 0.263542 0.611719 0.263542 0.610938 0.264583 0.610156 0.264583 0.609375 0.265625 0.608594 0.265625 0.607031 0.267708 0.607031 0.272917 0.607812 0.273958 0.607859 0.275957 0.612217 0.275957 0.612217 0.275000 0.613281 0.275000 0.614062 0.273958 0.614844 0.273958 0.615625 0.272917 0.616406 0.272917 0.617188 0.271875 0.617969 0.271875
0 0.489063 0.281250 0.488281 0.281250 0.487500 0.280208 0.487500 0.278125 0.486719 0.278125 0.485156 0.276042 0.485156 0.275485 0.484599 0.275485 0.484599 0.275378 0.482812 0.275307 0.482812 0.276042 0.482031 0.277083 0.481250 0.277083 0.481250 0.278125 0.479687 0.280208 0.478125 0.280208 0.478125 0.281250 0.477344 0.282292 0.476562 0.282292 0.475781 0.283333 0.475781 0.288542 0.475000 0.289583 0.475000 0.291667 0.475781 0.291667 0.476562 0.292708 0.476562 0.298958 0.477344 0.300000 0.478906 0.300000 0.479687 0.301042 0.481250 0.301042 0.482031 0.302083 0.483594 0.302083 0.485938 0.298958 0.485938 0.297917 0.486719 0.296875 0.486719 0.294792 0.487500 0.293750 0.487500 0.291667 0.486719 0.290625 0.486719 0.289583 0.485938 0.288542 0.485938 0.285417
0 0.596094 0.271875 0.597656 0.271875 0.598437 0.271875 0.599219 0.272917 0.600000 0.273958 0.599219 0.275000 0.598437 0.276042 0.597656 0.276042 0.596875 0.276042 0.596875 0.273958 0.596875 0.272917 0.596094 0.271875
0 0.910156 0.271875 0.911719 0.271875 0.912500 0.271875 0.913281 0.272917 0.914062 0.272917 0.914062 0.273958 0.914062 0.275000 0.913281 0.276042 0.912500 0.277083 0.909375 0.277083 0.908594 0.276042 0.908594 0.275000 0.908594 0.273958 0.910156 0.271875
0 0.789844 0.273958 0.790625 0.275000 0.791406 0.275000 0.792188 0.275000 0.792969 0.276042 0.793750 0.276042 0.794531 0.277083 0.793750 0.277083 0.792969 0.278125 0.789844 0.278125 0.789062 0.278125 0.789062 0.277083 0.789062 0.276042 0.789844 0.275000 0.789844 0.273958
0 0.359375 0.279167 0.364844 0.279167 0.365625 0.279167 0.366406 0.280208 0.367188 0.280208 0.367969 0.281250 0.367969 0.285417 0.367969 0.286458 0.368750 0.287500 0.368750 0.288542 0.367188 0.290625 0.366406 0.290625 0.365625 0.291667 0.365625 0.292708 0.364844 0.293750 0.361719 0.293750 0.360938 0.293750 0.360156 0.292708 0.359375 0.292708 0.358594 0.291667 0.358594 0.290625 0.357812 0.289583 0.357031 0.289583 0.356250 0.288542 0.355469 0.288542 0.356250 0.288542 0.357031 0.287500 0.357031 0.284375 0.357031 0.283333 0.358594 0.281250 0.359375 0.280208 0.359375 0.279167
0 0.416406 0.282292 0.417969 0.282292 0.418750 0.283333 0.418750 0.284375 0.418750 0.285417 0.416406 0.288542 0.415625 0.288542 0.415625 0.286458 0.415625 0.285417 0.416406 0.284375 0.416406 0.282292
0 0.971094 0.284375 0.974219 0.284375 0.975000 0.284375 0.975000 0.285417 0.975781 0.286458 0.975781 0.287500 0.975000 0.288542 0.973437 0.288542 0.972656 0.288542 0.971875 0.287500 0.971875 0.286458 0.971875 0.285417 0.971094 0.284375
0 0.333594 0.286458 0.335156 0.286458 0.335938 0.286458 0.335938 0.288542 0.335156 0.289583 0.334375 0.289583 0.333594 0.289583 0.333594 0.288542 0.332813 0.287500 0.333594 0.286458
0 0.546094 0.289583 0.549219 0.289583 0.550000 0.289583 0.550000 0.290625 0.550000 0.291667 0.548438 0.293750 0.547656 0.294792 0.544531 0.294792 0.543750 0.294792 0.543750 0.292708 0.542969 0.291667 0.543750 0.291667 0.544531 0.290625 0.545312 0.290625 0.546094 0.289583
0 0.644531 0.290625 0.646875 0.290625 0.647656 0.291667 0.647656 0.292708 0.647656 0.293750 0.646875 0.294792 0.646875 0.295833 0.643750 0.291667 0.642969 0.291667 0.643750 0.291667 0.644531 0.290625
0 0.346875 0.294792 0.347656 0.294792 0.348438 0.294792 0.348438 0.297917 0.348438 0.298958 0.343750 0.305208 0.342969 0.305208 0.342969 0.298958 0.342969 0.297917 0.343750 0.297917 0.344531 0.297917 0.346875 0.294792
0 0.667969 0.296875 0.671875 0.296875 0.672656 0.297917 0.672656 0.301042 0.672656 0.302083 0.673438 0.303125 0.673438 0.305208 0.672656 0.306250 0.671875 0.306250 0.671094 0.307292 0.670312 0.307292 0.669531 0.307292 0.668750 0.306250 0.667969 0.305208 0.667188 0.305208 0.666406 0.305208 0.666406 0.298958 0.665625 0.297917 0.666406 0.297917 0.667188 0.297917 0.667969 0.296875
0 0.748437 0.303125 0.751563 0.303125 0.752344 0.303125 0.753125 0.304167 0.753906 0.305208 0.753906 0.306250 0.753906 0.307292 0.753125 0.308333 0.753125 0.310417 0.752344 0.311458 0.750781 0.311458 0.750000 0.311458 0.746875 0.307292 0.746094 0.306250 0.748437 0.303125
0 0.416406 0.304167 0.417969 0.304167 0.418750 0.304167 0.419531 0.305208 0.419531 0.306250 0.418750 0.307292 0.417969 0.308333 0.417187 0.308333 0.416406 0.309375 0.414844 0.309375 0.414062 0.310417 0.413281 0.309375 0.412500 0.309375 0.412500 0.307292 0.412500 0.306250 0.413281 0.305208 0.414844 0.305208 0.415625 0.305208 0.416406 0.304167
0 0.767969 0.312500 0.767969 0.313542 0.767188 0.314583 0.766406 0.314583 0.764844 0.316723 0.760938 0.316667 0.760938 0.314583 0.760156 0.313542 0.760156 0.312500 0.759375 0.311458 0.760156 0.310417 0.760938 0.310417 0.761719 0.309375 0.761719 0.308333 0.762500 0.307292 0.762500 0.306250 0.763281 0.306250 0.764062 0.305208 0.767969 0.305208 0.767969 0.307292 0.768750 0.308333 0.768750 0.311458
0 0.249219 0.310417 0.253125 0.310417 0.253906 0.310417 0.253125 0.311458 0.252344 0.312500 0.252344 0.313542 0.251563 0.314583 0.250781 0.314583 0.250000 0.314583 0.250000 0.313542 0.249219 0.312500 0.248438 0.311458 0.249219 0.310417
0 0.465625 0.312500 0.466406 0.312500 0.467187 0.312500 0.467187 0.313542 0.467969 0.314583 0.467969 0.318750 0.467969 0.319792 0.465625 0.322917 0.464844 0.323958 0.464062 0.323958 0.463281 0.323958 0.462500 0.322917 0.461719 0.321875 0.461719 0.320833 0.461719 0.319792 0.462500 0.318750 0.462500 0.316667 0.462500 0.315625 0.463281 0.315625 0.464062 0.314583 0.464062 0.313542 0.464844 0.313542 0.465625 0.312500
0 0.800781 0.312500 0.803125 0.312500 0.803906 0.312500 0.804688 0.313542 0.805469 0.314583 0.805469 0.317708 0.806250 0.318750 0.805469 0.319792 0.805469 0.320833 0.804688 0.321875 0.800781 0.321875 0.800000 0.321875 0.798438 0.319792 0.797656 0.318750 0.797656 0.317708 0.797656 0.316667 0.799219 0.314583 0.800000 0.314583 0.800781 0.313542 0.800781 0.312500
0 0.374219 0.315625 0.375000 0.315625 0.375781 0.315625 0.376563 0.316667 0.377344 0.317708 0.375781 0.319792 0.375000 0.319792 0.374219 0.318750 0.374219 0.315625
0 0.629687 0.315625 0.630469 0.316667 0.631250 0.316667 0.632031 0.317708 0.632031 0.318750 0.631250 0.319792 0.630469 0.319792 0.629687 0.320833 0.628906 0.321875 0.628125 0.321875 0.627344 0.320833 0.626563 0.320833 0.626563 0.318750 0.626563 0.317708 0.627344 0.316667 0.628125 0.316667 0.628906 0.316667 0.629687 0.315625
0 0.450781 0.316667 0.453125 0.316667 0.453906 0.316667 0.454688 0.317708 0.455469 0.317708 0.455469 0.318750 0.455469 0.319792 0.454688 0.320833 0.453906 0.320833 0.453125 0.321875 0.451562 0.321875 0.450781 0.321875 0.450781 0.320833 0.450000 0.319792 0.450000 0.318750 0.450000 0.317708 0.450781 0.316667
0 0.436719 0.321875 0.436719 0.319792 0.433594 0.319792 0.432886 0.320735 0.432886 0.321039 0.432756 0.321039 0.432756 0.321882 0.432105 0.321882 0.432105 0.322850 0.431286 0.322850 0.431286 0.324090 0.432309 0.324115 0.432309 0.324329 0.432812 0.325000 0.434375 0.325000
0 0.973437 0.319792 0.976562 0.319792 0.977344 0.320833 0.976562 0.321875 0.976562 0.322917 0.975781 0.323958 0.975000 0.323958 0.975000 0.322917 0.974219 0.321875 0.974219 0.320833 0.973437 0.319792
0 0.656250 0.320833 0.660156 0.320833 0.660937 0.321875 0.660156 0.322917 0.660156 0.323958 0.659375 0.325000 0.657031 0.325000 0.656250 0.326042 0.656250 0.323958 0.655469 0.322917 0.656250 0.321875 0.656250 0.320833
0 0.955469 0.326042 0.957812 0.326042 0.958594 0.327083 0.958594 0.331250 0.957812 0.332292 0.955469 0.332292 0.954688 0.331250 0.955469 0.330208 0.955469 0.326042
0 0.592187 0.327083 0.593750 0.327083 0.594531 0.327083 0.594531 0.329167 0.594531 0.330208 0.593750 0.331250 0.592969 0.332292 0.591406 0.332292 0.590625 0.332292 0.590625 0.331250 0.590625 0.330208 0.591406 0.330208 0.592187 0.329167 0.592187 0.327083
0 0.292969 0.333333 0.294531 0.333333 0.295312 0.334375 0.297656 0.334375 0.297656 0.335417 0.296875 0.336458 0.293750 0.336458 0.292969 0.336458 0.292969 0.333333
0 0.681250 0.335417 0.682813 0.335417 0.683594 0.335417 0.684375 0.336458 0.685156 0.336458 0.685156 0.337500 0.682813 0.340625 0.682031 0.341667 0.681250 0.341667 0.681250 0.339583 0.680469 0.338542 0.680469 0.337500 0.680469 0.336458 0.681250 0.335417
0 0.460156 0.336458 0.462500 0.336458 0.463281 0.336458 0.463281 0.337500 0.464062 0.338542 0.463281 0.339583 0.462500 0.340625 0.461719 0.340625 0.460938 0.340625 0.460156 0.339583 0.460156 0.336458
0 0.791406 0.341667 0.792188 0.341667 0.792969 0.341667 0.792969 0.344792 0.792188 0.345833 0.791406 0.345833 0.790625 0.344792 0.790625 0.343750 0.790625 0.342708 0.791406 0.341667
0 0.517188 0.344792 0.518750 0.344792 0.519531 0.344792 0.520312 0.345833 0.521094 0.346875 0.521875 0.346875 0.522656 0.346875 0.521875 0.346875 0.521094 0.346875 0.520312 0.347917 0.520312 0.348958 0.519531 0.350000 0.517188 0.350000 0.516406 0.350000 0.516406 0.348958 0.516406 0.347917 0.517188 0.346875 0.517188 0.344792
0 0.718750 0.348958 0.719531 0.350000 0.720313 0.351042 0.719531 0.351042 0.718750 0.352083 0.714844 0.352083 0.714063 0.353125 0.714063 0.352083 0.713281 0.351042 0.714063 0.350000 0.717187 0.350000 0.717969 0.350000 0.718750 0.348958
0 0.875781 0.350000 0.882812 0.350000 0.883594 0.350000 0.883594 0.351042 0.883594 0.352083 0.882812 0.353125 0.882031 0.354167 0.880469 0.354167 0.879687 0.354167 0.878906 0.353125 0.877344 0.353125 0.876563 0.353125 0.876563 0.352083 0.876563 0.351042 0.875781 0.350000
0 0.867969 0.351042 0.869531 0.351042 0.870313 0.351042 0.871094 0.352083 0.871875 0.352083 0.872656 0.352083 0.872656 0.353125 0.872656 0.354167 0.871875 0.355208 0.871094 0.356250 0.870313 0.356250 0.869531 0.355208 0.867188 0.355208 0.866406 0.355208 0.866406 0.354167 0.866406 0.353125 0.867969 0.351042
0 0.428906 0.355208 0.430469 0.355208 0.431250 0.355208 0.431250 0.358333 0.430469 0.359375 0.428906 0.359375 0.428125 0.359375 0.428125 0.357292 0.428125 0.356250 0.428906 0.355208
0 0.710938 0.357292 0.711719 0.357292 0.712500 0.357292 0.712500 0.360417 0.712500 0.361458 0.713281 0.362500 0.714063 0.363542 0.714063 0.364583 0.713281 0.365625 0.712500 0.366667 0.711719 0.365625 0.710938 0.365625 0.710938 0.357292
0 0.552344 0.358333 0.555469 0.358333 0.556250 0.358333 0.557031 0.359375 0.557031 0.360417 0.556250 0.361458 0.555469 0.361458 0.554688 0.362500 0.553906 0.362500 0.553125 0.361458 0.553125 0.360417 0.553125 0.359375 0.552344 0.358333
0 0.570312 0.358333 0.571094 0.359375 0.571875 0.360417 0.571875 0.364583 0.571875 0.365625 0.572656 0.366667 0.575000 0.366667 0.575781 0.367708 0.575781 0.370833 0.575781 0.371875 0.575000 0.372917 0.574219 0.373958 0.574219 0.375000 0.573438 0.376042 0.571875 0.376042 0.571094 0.375000 0.571094 0.372917 0.571094 0.371875 0.570312 0.370833 0.569531 0.369792 0.569531 0.366667 0.569531 0.365625 0.568750 0.364583 0.567969 0.364583 0.567969 0.361458 0.567969 0.360417 0.568750 0.360417 0.570312 0.358333
0 0.981250 0.358333 0.982031 0.359375 0.982812 0.359375 0.983594 0.360417 0.983594 0.361458 0.982812 0.362500 0.982031 0.363542 0.981250 0.362500 0.980469 0.361458 0.980469 0.360417 0.980469 0.359375 0.981250 0.358333
0 0.411719 0.359375 0.412500 0.360417 0.413281 0.360417 0.414062 0.360417 0.414062 0.365625 0.414844 0.366667 0.414062 0.367708 0.413281 0.368750 0.410938 0.368750 0.410156 0.368750 0.410156 0.367708 0.409375 0.366667 0.409375 0.364583 0.408594 0.363542 0.410156 0.361458 0.410156 0.360417 0.410938 0.360417 0.411719 0.359375
0 0.684375 0.370833 0.684375 0.369792 0.683594 0.368750 0.683594 0.367781 0.682031 0.367720 0.682031 0.368750 0.680469 0.370833 0.681250 0.371875 0.681250 0.373958 0.682031 0.373958
0 0.492188 0.362500 0.496875 0.362500 0.497656 0.362500 0.498437 0.363542 0.499219 0.364583 0.499219 0.365625 0.499219 0.366667 0.498437 0.367708 0.497656 0.367708 0.496875 0.367708 0.496094 0.366667 0.496094 0.363542 0.495312 0.362500 0.492188 0.362500
0 0.628906 0.362500 0.629687 0.362500 0.630469 0.362500 0.631250 0.363542 0.632031 0.364583 0.631250 0.365625 0.630469 0.366667 0.630469 0.368750 0.630469 0.369792 0.629687 0.370833 0.629687 0.372917 0.629687 0.373958 0.628906 0.375000 0.628906 0.376042 0.628125 0.375000 0.626563 0.375000 0.625781 0.373958 0.625781 0.372917 0.625000 0.371875 0.625000 0.369792 0.624219 0.368750 0.624219 0.367708 0.624219 0.366667 0.625000 0.366667 0.625781 0.365625 0.625781 0.364583 0.626563 0.363542 0.627344 0.363542 0.628125 0.363542 0.628906 0.362500
0 0.373437 0.363542 0.377344 0.363542 0.377344 0.364583 0.376563 0.365625 0.376563 0.366667 0.375781 0.367708 0.375000 0.367708 0.374219 0.368750 0.372656 0.368750 0.371875 0.368750 0.371875 0.366667 0.371875 0.365625 0.373437 0.363542
0 0.639844 0.370833 0.647656 0.370833 0.648438 0.370833 0.649219 0.371875 0.649219 0.372917 0.650000 0.373958 0.653125 0.373958 0.653906 0.373958 0.654687 0.375000 0.655469 0.375000 0.655469 0.378125 0.656250 0.379167 0.658594 0.379167 0.659375 0.379167 0.660156 0.380208 0.660937 0.380208 0.660937 0.386458 0.660937 0.387500 0.661719 0.388542 0.661719 0.390625 0.661719 0.391667 0.660937 0.392708 0.658594 0.392708 0.657813 0.393750 0.657031 0.393750 0.656250 0.393750 0.655469 0.392708 0.654687 0.392708 0.653906 0.392708 0.653906 0.391667 0.653125 0.390625 0.652344 0.390625 0.652344 0.385417 0.651563 0.384375 0.646094 0.384375 0.645312 0.384375 0.644531 0.383333 0.643750 0.383333 0.642969 0.382292 0.642969 0.380208 0.642969 0.379167 0.642188 0.378125 0.641406 0.378125 0.640625 0.377083 0.640625 0.375000 0.640625 0.373958 0.639844 0.372917 0.639844 0.370833
0 0.983594 0.376042 0.984375 0.376042 0.985156 0.376042 0.985938 0.377083 0.985938 0.378125 0.986719 0.379167 0.987500 0.379167 0.986719 0.380208 0.985938 0.381250 0.985938 0.382292 0.985156 0.383333 0.984375 0.384375 0.982031 0.384375 0.981250 0.384375 0.981250 0.382292 0.982031 0.381250 0.982031 0.378125 0.982031 0.377083 0.982812 0.377083 0.983594 0.376042
0 0.699219 0.378125 0.700781 0.378125 0.701562 0.378125 0.702344 0.379167 0.702344 0.380208 0.700781 0.382292 0.700000 0.382292 0.700000 0.380208 0.700000 0.379167 0.699219 0.378125
0 0.948438 0.378125 0.950781 0.378125 0.951562 0.378125 0.951562 0.380208 0.951562 0.381250 0.950781 0.382292 0.949219 0.382292 0.948438 0.382292 0.948438 0.378125
0 0.862500 0.380208 0.864844 0.380208 0.865625 0.380208 0.865625 0.382292 0.865625 0.383333 0.866406 0.384375 0.866406 0.385417 0.867188 0.386458 0.866406 0.386458 0.865625 0.387500 0.864844 0.388542 0.864062 0.388542 0.863281 0.387500 0.863281 0.385417 0.862500 0.384375 0.862500 0.380208
0 0.744531 0.381250 0.745313 0.381250 0.746094 0.381250 0.746094 0.382292 0.746094 0.383333 0.745313 0.384375 0.745313 0.385417 0.744531 0.386458 0.743750 0.386458 0.742969 0.385417 0.742969 0.384375 0.742969 0.383333 0.744531 0.381250
0 0.974219 0.383333 0.975781 0.383333 0.976562 0.383333 0.976562 0.385417 0.975781 0.386458 0.975000 0.386458 0.974219 0.386458 0.974219 0.385417 0.973437 0.384375 0.974219 0.383333
0 0.481250 0.384375 0.482812 0.384375 0.483594 0.384375 0.484375 0.385417 0.485156 0.385417 0.485938 0.386458 0.486719 0.386458 0.488281 0.388542 0.489063 0.389583 0.488281 0.389583 0.487500 0.390625 0.485938 0.390625 0.485156 0.390625 0.484375 0.389583 0.482812 0.389583 0.482031 0.389583 0.481250 0.388542 0.481250 0.384375
0 0.690625 0.384375 0.692969 0.384375 0.693750 0.385417 0.696875 0.385417 0.696875 0.386458 0.696094 0.387500 0.693750 0.387500 0.692969 0.387500 0.692187 0.388542 0.691406 0.388542 0.690625 0.387500 0.690625 0.384375
0 0.824219 0.386458 0.829688 0.386458 0.829688 0.387500 0.828906 0.388542 0.828125 0.388542 0.827344 0.389583 0.825000 0.389583 0.824219 0.389583 0.824219 0.386458
0 0.287500 0.388542 0.289062 0.388542 0.289844 0.389583 0.289844 0.393750 0.289062 0.394792 0.287500 0.394792 0.286719 0.393750 0.286719 0.390625 0.286719 0.389583 0.287500 0.388542
0 0.556250 0.388542 0.557813 0.388542 0.558594 0.388542 0.558594 0.389583 0.558594 0.390625 0.557813 0.391667 0.557031 0.392708 0.556250 0.391667 0.556250 0.390625 0.555469 0.389583 0.556250 0.388542
0 0.753125 0.388542 0.753906 0.388542 0.754687 0.388542 0.756250 0.390625 0.756250 0.391667 0.755469 0.392708 0.753125 0.392708 0.752344 0.392708 0.752344 0.390625 0.751563 0.389583 0.752344 0.389583 0.753125 0.388542
0 0.666406 0.390625 0.667188 0.391667 0.667969 0.391667 0.668750 0.391667 0.668750 0.392708 0.667969 0.393750 0.667969 0.394792 0.667969 0.395833 0.667188 0.396875 0.666406 0.396875 0.665625 0.397917 0.664062 0.397917 0.663281 0.397917 0.663281 0.394792 0.663281 0.393750 0.664844 0.393750 0.665625 0.393750 0.666406 0.392708 0.666406 0.390625
0 0.614062 0.392708 0.614844 0.392708 0.615625 0.392708 0.616406 0.393750 0.617188 0.393750 0.617969 0.394792 0.618750 0.394792 0.619531 0.395833 0.619531 0.396875 0.618750 0.397917 0.618750 0.401042 0.617969 0.402083 0.614844 0.402083 0.614062 0.402083 0.611719 0.398958 0.610938 0.398958 0.610938 0.396875 0.610938 0.395833 0.611719 0.395833 0.612500 0.394792 0.612500 0.393750 0.613281 0.393750 0.614062 0.392708
0 0.577344 0.396875 0.578125 0.397917 0.578906 0.397917 0.578906 0.398958 0.578906 0.400000 0.578125 0.401042 0.577344 0.401042 0.576562 0.401042 0.575781 0.400000 0.575781 0.398958 0.575781 0.397917 0.576562 0.397917 0.577344 0.396875
0 0.686719 0.397917 0.688281 0.397917 0.689063 0.397917 0.689063 0.400000 0.689063 0.401042 0.689844 0.402083 0.690625 0.403125 0.691406 0.403125 0.692187 0.404167 0.692187 0.406250 0.692187 0.407292 0.689063 0.411458 0.688281 0.412500 0.686719 0.412500 0.685937 0.412500 0.685156 0.411458 0.684375 0.410417 0.684375 0.408333 0.683594 0.407292 0.684375 0.406250 0.684375 0.404167 0.684375 0.403125 0.685937 0.401042 0.686719 0.400000 0.686719 0.397917
0 0.342969 0.407292 0.345313 0.407292 0.346094 0.407292 0.346094 0.408333 0.346875 0.409375 0.346875 0.410417 0.346094 0.411458 0.345313 0.411458 0.344531 0.411458 0.343750 0.410417 0.342969 0.409375 0.342969 0.407292
0 0.806250 0.407292 0.807031 0.407292 0.807813 0.407292 0.808594 0.408333 0.809375 0.409375 0.808594 0.410417 0.808594 0.411458 0.807813 0.412500 0.807031 0.412500 0.806250 0.411458 0.805469 0.410417 0.805469 0.409375 0.805469 0.408333 0.806250 0.407292
0 0.371094 0.408333 0.371875 0.408333 0.372656 0.408333 0.373437 0.409375 0.375000 0.409375 0.375000 0.410417 0.374219 0.411458 0.373437 0.412500 0.371875 0.412500 0.371094 0.412500 0.371094 0.411458 0.371094 0.410417 0.370312 0.409375 0.369531 0.409375 0.370312 0.409375 0.371094 0.408333
0 0.480469 0.414583 0.482031 0.414583 0.482812 0.414583 0.483594 0.415625 0.484375 0.416667 0.483594 0.416667 0.482812 0.417708 0.482031 0.417708 0.481250 0.417708 0.480469 0.416667 0.480469 0.414583
0 0.349219 0.419792 0.350000 0.420833 0.350000 0.421875 0.351562 0.423958 0.351562 0.425000 0.350781 0.426042 0.350000 0.427083 0.348438 0.427083 0.347656 0.427083 0.347656 0.426042 0.346875 0.425000 0.346875 0.422917 0.346875 0.421875 0.347656 0.421875 0.349219 0.419792
0 0.916406 0.420833 0.919531 0.420833 0.920312 0.420833 0.921094 0.421875 0.921875 0.421875 0.921094 0.421875 0.920312 0.422917 0.919531 0.423958 0.918750 0.423958 0.917969 0.423958 0.917188 0.422917 0.916406 0.422917 0.916406 0.420833
0 0.869531 0.422917 0.870313 0.422917 0.871094 0.422917 0.871875 0.423958 0.872656 0.425000 0.872656 0.428125 0.872656 0.429167 0.873437 0.430208 0.873437 0.432292 0.873437 0.433333 0.872656 0.434375 0.871875 0.435417 0.871094 0.435417 0.870313 0.435417 0.869531 0.436458 0.868750 0.436458 0.867969 0.436458 0.867969 0.432292 0.867188 0.431250 0.867188 0.426042 0.867188 0.425000 0.867969 0.423958 0.868750 0.423958 0.869531 0.422917
0 0.548438 0.423958 0.549219 0.423958 0.550000 0.423958 0.550781 0.425000 0.551562 0.425000 0.550781 0.426042 0.550000 0.427083 0.550000 0.430208 0.550000 0.431250 0.549219 0.432292 0.546094 0.432292 0.545312 0.432292 0.544531 0.431250 0.543750 0.430208 0.544531 0.429167 0.544531 0.428125 0.544531 0.427083 0.545312 0.426042 0.546094 0.426042 0.546875 0.425000 0.547656 0.425000 0.548438 0.423958
0 0.428125 0.429167 0.431250 0.429167 0.432031 0.430208 0.430469 0.432292 0.429688 0.433333 0.429688 0.432292 0.428906 0.431250 0.428906 0.430208 0.428125 0.429167
0 0.697656 0.429167 0.699219 0.429167 0.700000 0.429167 0.700781 0.430208 0.701562 0.431250 0.703125 0.431250 0.703906 0.431250 0.703906 0.433333 0.704688 0.434375 0.707812 0.434375 0.708594 0.434375 0.707812 0.434375 0.707031 0.435417 0.707031 0.436458 0.707031 0.435417 0.706250 0.434375 0.704688 0.434375 0.703906 0.434375 0.703125 0.435417 0.702344 0.436458 0.702344 0.438542 0.702344 0.439583 0.701562 0.440625 0.700781 0.440625 0.700000 0.440625 0.699219 0.439583 0.698438 0.439583 0.698438 0.435417 0.698438 0.434375 0.697656 0.433333 0.696875 0.432292 0.696875 0.431250 0.696875 0.430208 0.697656 0.429167
0 0.778125 0.430208 0.780469 0.430208 0.781250 0.431250 0.778906 0.434375 0.778125 0.435417 0.777344 0.435417 0.776563 0.435417 0.776563 0.434375 0.775781 0.433333 0.775781 0.432292 0.775781 0.431250 0.776563 0.431250 0.777344 0.431250 0.778125 0.430208
0 0.349219 0.443750 0.349219 0.442767 0.347416 0.443066 0.344458 0.443066 0.344458 0.442708 0.342969 0.442708 0.342969 0.448958 0.345313 0.448958 0.346094 0.447917 0.346875 0.447917 0.348438 0.445833 0.348438 0.444792
0 0.960156 0.432292 0.961719 0.432292 0.962500 0.432292 0.963281 0.433333 0.964063 0.434375 0.964844 0.434375 0.964844 0.435417 0.964063 0.436458 0.961719 0.436458 0.960938 0.436458 0.960156 0.435417 0.960156 0.434375 0.959375 0.433333 0.960156 0.432292
0 0.649219 0.433333 0.650000 0.433333 0.650781 0.433333 0.650781 0.435417 0.650781 0.436458 0.650000 0.437500 0.649219 0.437500 0.648438 0.437500 0.648438 0.435417 0.647656 0.434375 0.648438 0.434375 0.649219 0.433333
0 0.633594 0.434375 0.635938 0.434375 0.636719 0.434375 0.636719 0.435417 0.636719 0.436458 0.635156 0.438542 0.634375 0.438542 0.633594 0.437500 0.633594 0.434375
0 0.896094 0.435417 0.896875 0.435417 0.897656 0.435417 0.897656 0.436458 0.897656 0.437500 0.896094 0.439583 0.895312 0.439583 0.894531 0.438542 0.894531 0.437500 0.894531 0.436458 0.895312 0.436458 0.896094 0.435417
0 0.546094 0.438542 0.547656 0.438542 0.548438 0.438542 0.548438 0.439583 0.549219 0.440625 0.549219 0.441667 0.548438 0.442708 0.547656 0.443750 0.546875 0.443750 0.546094 0.442708 0.545312 0.441667 0.545312 0.440625 0.544531 0.439583 0.545312 0.439583 0.546094 0.438542
0 0.546875 0.438542 0.547656 0.438542 0.548438 0.438542 0.548438 0.439583 0.549219 0.440625 0.549219 0.441667 0.548438 0.442708 0.547656 0.443750 0.546875 0.443750 0.546094 0.442708 0.545312 0.441667 0.545312 0.440625 0.544531 0.439583 0.545312 0.439583 0.546094 0.438542 0.546875 0.438542
0 0.592969 0.438542 0.596094 0.438542 0.596094 0.439583 0.595313 0.440625 0.594531 0.441667 0.593750 0.441667 0.592969 0.441667 0.592187 0.440625 0.592969 0.439583 0.592969 0.438542
0 0.947656 0.441667 0.948438 0.442708 0.949219 0.442708 0.950000 0.442708 0.950000 0.446875 0.949219 0.447917 0.947656 0.447917 0.946875 0.446875 0.946875 0.443750 0.946875 0.442708 0.947656 0.441667
0 0.365625 0.443750 0.367188 0.443750 0.367969 0.444792 0.367188 0.445833 0.366406 0.446875 0.364844 0.446875 0.364063 0.446875 0.364063 0.445833 0.364063 0.444792 0.364844 0.444792 0.365625 0.443750
0 0.581250 0.448958 0.582812 0.448958 0.583594 0.448958 0.583594 0.452083 0.582812 0.453125 0.581250 0.453125 0.580469 0.453125 0.580469 0.451042 0.580469 0.450000 0.581250 0.448958
0 0.632031 0.448958 0.634375 0.448958 0.635156 0.448958 0.635156 0.450000 0.635938 0.451042 0.636719 0.451042 0.636719 0.452083 0.635938 0.453125 0.635938 0.457292 0.635938 0.458333 0.634375 0.460417 0.633594 0.461458 0.633594 0.462500 0.632812 0.463542 0.632031 0.464583 0.630469 0.464583 0.629687 0.464583 0.628906 0.465625 0.628125 0.466667 0.627344 0.465625 0.626563 0.464583 0.626563 0.461458 0.626563 0.460417 0.627344 0.459375 0.627344 0.458333 0.628125 0.457292 0.628906 0.456250 0.628906 0.451042 0.628906 0.450000 0.630469 0.450000 0.631250 0.450000 0.632031 0.448958
0 0.475781 0.450000 0.478125 0.450000 0.478906 0.451042 0.478906 0.453125 0.478906 0.454167 0.478125 0.455208 0.477344 0.456250 0.476562 0.456250 0.475781 0.456250 0.475781 0.450000
0 0.757031 0.450000 0.760938 0.450000 0.761719 0.451042 0.760938 0.451042 0.760156 0.452083 0.757812 0.452083 0.757031 0.452083 0.757031 0.450000
0 0.810156 0.451042 0.812500 0.451042 0.813281 0.452083 0.813281 0.455208 0.813281 0.456250 0.814063 0.457292 0.814063 0.458333 0.813281 0.459375 0.811719 0.459375 0.810937 0.459375 0.810156 0.460417 0.809375 0.460417 0.808594 0.460417 0.807813 0.461458 0.807031 0.461458 0.806250 0.460417 0.806250 0.459375 0.805469 0.458333 0.804688 0.457292 0.804688 0.456250 0.804688 0.455208 0.805469 0.455208 0.806250 0.455208 0.807031 0.454167 0.807813 0.453125 0.808594 0.453125 0.810156 0.451042
0 0.932031 0.451042 0.932813 0.452083 0.933594 0.452083 0.932813 0.452083 0.932031 0.453125 0.931250 0.454167 0.930469 0.454167 0.929688 0.455208 0.928906 0.455208 0.928125 0.454167 0.928906 0.453125 0.929688 0.452083 0.930469 0.452083 0.931250 0.452083 0.932031 0.451042
0 0.532813 0.453125 0.535937 0.453125 0.536719 0.453125 0.537500 0.454167 0.538281 0.455208 0.536719 0.457292 0.535937 0.458333 0.533594 0.458333 0.532813 0.458333 0.532031 0.457292 0.532031 0.455208 0.532031 0.454167 0.532813 0.453125
0 0.856250 0.453125 0.856930 0.453147 0.857812 0.453125 0.857672 0.454160 0.857633 0.454167 0.857031 0.455208 0.857031 0.457292 0.857031 0.458333 0.856250 0.459375 0.855469 0.460417 0.854688 0.460417 0.853906 0.460417 0.853125 0.461458 0.852344 0.462500 0.851562 0.462500 0.850781 0.462500 0.850000 0.461458 0.850781 0.460417 0.851562 0.459375 0.851562 0.457292 0.851562 0.456250 0.852344 0.456250 0.853125 0.456250 0.853906 0.455208 0.854688 0.455208 0.855469 0.455208 0.856250 0.454167 0.856250 0.453125
0 0.996202 0.458153 0.996094 0.454167 0.995313 0.453125 0.992969 0.453125 0.992188 0.454167 0.991406 0.454167 0.991406 0.456250 0.992188 0.457292 0.992188 0.459375 0.993750 0.459375 0.994509 0.458363 0.996107 0.458363 0.996170 0.458153
0 0.946094 0.460417 0.948438 0.460417 0.949219 0.460417 0.949219 0.461458 0.950000 0.462500 0.950000 0.463542 0.949219 0.464583 0.948438 0.464583 0.947656 0.464583 0.946875 0.463542 0.946094 0.463542 0.946094 0.460417
0 0.655469 0.463542 0.656250 0.463542 0.657031 0.463542 0.658594 0.465625 0.658594 0.466667 0.657813 0.467708 0.657031 0.467708 0.656250 0.468750 0.655469 0.468750 0.654687 0.469792 0.653906 0.469792 0.653906 0.467708 0.653125 0.466667 0.653906 0.465625 0.654687 0.465625 0.655469 0.464583 0.655469 0.463542
0 0.898438 0.465625 0.899219 0.465625 0.900000 0.465625 0.900000 0.466667 0.900000 0.467708 0.900781 0.468750 0.901563 0.468750 0.901563 0.469792 0.900000 0.471875 0.899219 0.472917 0.896875 0.472917 0.896094 0.472917 0.896094 0.471875 0.895312 0.470833 0.896094 0.469792 0.896094 0.468750 0.896094 0.467708 0.896875 0.466667 0.897656 0.466667 0.898438 0.465625
0 0.985938 0.466667 0.986719 0.466667 0.987500 0.466667 0.987500 0.467708 0.987500 0.468750 0.986719 0.469792 0.985156 0.469792 0.984375 0.469792 0.984375 0.468750 0.984375 0.467708 0.985156 0.467708 0.985938 0.466667
0 0.859375 0.467708 0.864062 0.467708 0.864844 0.467708 0.865625 0.468750 0.866406 0.468750 0.867188 0.468750 0.867188 0.469792 0.867969 0.470833 0.867969 0.471875 0.867188 0.472917 0.866406 0.472917 0.865625 0.473958 0.863281 0.473958 0.862500 0.473958 0.861719 0.472917 0.859375 0.472917 0.858594 0.472917 0.858594 0.469792 0.858594 0.468750 0.859375 0.467708
0 0.877344 0.468750 0.878906 0.468750 0.879687 0.468750 0.879687 0.469792 0.879687 0.470833 0.878906 0.471875 0.878906 0.473958 0.878906 0.475000 0.878125 0.476042 0.874219 0.476042 0.873437 0.476042 0.873437 0.475000 0.872656 0.473958 0.873437 0.472917 0.873437 0.471875 0.873437 0.470833 0.874219 0.469792 0.875781 0.469792 0.876563 0.469792 0.877344 0.468750
0 0.610156 0.476042 0.610938 0.476042 0.611719 0.476042 0.612500 0.477083 0.612500 0.479167 0.612500 0.480208 0.609375 0.484375 0.608594 0.484375 0.608594 0.481250 0.607812 0.480208 0.608594 0.479167 0.608594 0.478125 0.610156 0.476042
0 0.539844 0.477083 0.542188 0.477083 0.542969 0.477083 0.542969 0.479167 0.542969 0.480208 0.542188 0.481250 0.542188 0.482292 0.542188 0.483333 0.539844 0.486458 0.539062 0.486458 0.538281 0.485417 0.537500 0.484375 0.537500 0.482292 0.537500 0.481250 0.539062 0.479167 0.539844 0.478125 0.539844 0.477083
0 0.895312 0.478125 0.896875 0.478125 0.897656 0.478125 0.897656 0.480208 0.896875 0.481250 0.896094 0.481250 0.895312 0.481250 0.895312 0.480208 0.894531 0.479167 0.895312 0.478125
0 0.782813 0.479167 0.785937 0.479167 0.786719 0.480208 0.785937 0.481250 0.785156 0.482292 0.783594 0.482292 0.782813 0.482292 0.782813 0.479167
0 0.438281 0.485417 0.439844 0.485417 0.440625 0.485417 0.441406 0.486458 0.441406 0.487500 0.442188 0.488542 0.442188 0.489583 0.442969 0.490625 0.444531 0.490625 0.445312 0.490625 0.446094 0.491667 0.446094 0.492708 0.445312 0.493750 0.444531 0.494792 0.442969 0.494792 0.442188 0.494792 0.442188 0.491667 0.441406 0.490625 0.438281 0.490625 0.437500 0.489583 0.437500 0.487500 0.437500 0.486458 0.438281 0.485417
0 0.599219 0.503125 0.599219 0.495833 0.598437 0.494792 0.598437 0.493750 0.597656 0.493750 0.596875 0.492708 0.596094 0.492708 0.595313 0.491667 0.593750 0.491667 0.592969 0.490625 0.592187 0.491667 0.592187 0.492708 0.591406 0.493750 0.591406 0.497917 0.592187 0.498958 0.592187 0.499194 0.596065 0.499052 0.596065 0.499929 0.595406 0.499929 0.595406 0.502138 0.596128 0.502138 0.596128 0.503125 0.596875 0.503125 0.597656 0.504167 0.598437 0.504167
0 0.792969 0.498958 0.798438 0.498958 0.799219 0.498958 0.800000 0.500000 0.800000 0.503125 0.800000 0.504167 0.799219 0.505208 0.798438 0.506250 0.797656 0.506250 0.796875 0.507292 0.796094 0.507292 0.795312 0.507292 0.795312 0.506250 0.794531 0.505208 0.793750 0.505208 0.792969 0.504167 0.792969 0.498958
0 0.747656 0.503125 0.748437 0.503125 0.749219 0.503125 0.750000 0.504167 0.750781 0.504167 0.750781 0.505208 0.750781 0.506250 0.750000 0.507292 0.750000 0.508333 0.749219 0.507292 0.748437 0.506250 0.748437 0.505208 0.748437 0.504167 0.747656 0.503125
0 0.542969 0.504167 0.547656 0.504167 0.548438 0.504167 0.549219 0.505208 0.550000 0.505208 0.550781 0.505208 0.551562 0.506250 0.551562 0.509375 0.551562 0.510417 0.553125 0.512500 0.553906 0.513542 0.553125 0.513542 0.552344 0.514583 0.551562 0.514583 0.550781 0.513542 0.548438 0.513542 0.547656 0.513542 0.546875 0.512500 0.545312 0.512500 0.544531 0.512500 0.543750 0.511458 0.543750 0.510417 0.542969 0.509375 0.542969 0.504167
0 0.559375 0.505208 0.563281 0.505208 0.564063 0.505208 0.563281 0.506250 0.563281 0.508333 0.563281 0.509375 0.562500 0.510417 0.561719 0.511458 0.558594 0.511458 0.557813 0.510417 0.557813 0.508333 0.557813 0.507292 0.559375 0.505208
0 0.532031 0.509375 0.534375 0.509375 0.535156 0.509375 0.535156 0.511458 0.535156 0.512500 0.534375 0.513542 0.533594 0.513542 0.532813 0.513542 0.532031 0.512500 0.532031 0.509375
0 0.886719 0.514583 0.888281 0.514583 0.889062 0.514583 0.889062 0.515625 0.889062 0.516667 0.888281 0.517708 0.887500 0.518750 0.886719 0.518750 0.885938 0.517708 0.885156 0.517708 0.885156 0.516667 0.885156 0.515625 0.885938 0.515625 0.886719 0.514583
0 0.593750 0.515625 0.595313 0.515625 0.596094 0.515625 0.596094 0.517708 0.595313 0.518750 0.593750 0.518750 0.592969 0.518750 0.592969 0.517708 0.592969 0.516667 0.593750 0.515625
0 0.951562 0.515625 0.955469 0.515625 0.955469 0.516667 0.954688 0.517708 0.953906 0.517708 0.953125 0.518750 0.952344 0.517708 0.951562 0.517708 0.951562 0.515625
0 0.981250 0.517708 0.983594 0.517708 0.984375 0.517708 0.984375 0.519792 0.984375 0.520833 0.983594 0.521875 0.982812 0.521875 0.982031 0.522917 0.978906 0.522917 0.978125 0.522917 0.978125 0.521875 0.978125 0.520833 0.978906 0.520833 0.981250 0.517708
0 0.569531 0.518750 0.571094 0.518750 0.571875 0.518750 0.572656 0.519792 0.572656 0.520833 0.571094 0.522917 0.570312 0.522917 0.569531 0.521875 0.569531 0.520833 0.568750 0.519792 0.569531 0.518750
0 0.670312 0.519792 0.672656 0.519792 0.673438 0.519792 0.673438 0.520833 0.673438 0.521875 0.672656 0.522917 0.671094 0.522917 0.670312 0.522917 0.670312 0.519792
0 0.867969 0.519792 0.870313 0.519792 0.871094 0.519792 0.871875 0.520833 0.872656 0.521875 0.871094 0.523958 0.870313 0.525000 0.870313 0.527083 0.869531 0.528125 0.867188 0.528125 0.866406 0.528125 0.866406 0.525000 0.866406 0.523958 0.867188 0.522917 0.867188 0.521875 0.867969 0.520833 0.867969 0.519792
0 0.901563 0.527083 0.904687 0.527083 0.905469 0.527083 0.906250 0.528125 0.907813 0.528125 0.908594 0.528125 0.909375 0.529167 0.910937 0.529167 0.910937 0.530208 0.910156 0.531250 0.909375 0.532292 0.909375 0.533333 0.908594 0.534375 0.905469 0.534375 0.904687 0.534375 0.903906 0.535417 0.903125 0.535417 0.902344 0.534375 0.902344 0.533333 0.901563 0.532292 0.900781 0.532292 0.900781 0.529167 0.900781 0.528125 0.901563 0.527083
0 0.928906 0.527083 0.929688 0.527083 0.930469 0.527083 0.931250 0.528125 0.932031 0.528125 0.932813 0.529167 0.932813 0.530208 0.932031 0.531250 0.931250 0.532292 0.928906 0.532292 0.928125 0.532292 0.928125 0.529167 0.927344 0.528125 0.928125 0.528125 0.928906 0.527083
0 0.475000 0.533333 0.477344 0.533333 0.478125 0.533333 0.478125 0.536458 0.478906 0.537500 0.478906 0.538542 0.478125 0.539583 0.477344 0.540625 0.476562 0.540625 0.475000 0.538542 0.474219 0.537500 0.474219 0.536458 0.473438 0.535417 0.475000 0.533333
0 0.306250 0.535417 0.307812 0.535417 0.307812 0.536458 0.306250 0.538542 0.306250 0.539583 0.305469 0.540625 0.304688 0.540625 0.303906 0.540625 0.303906 0.537500 0.303906 0.536458 0.304688 0.536458 0.305469 0.536458 0.306250 0.535417
0 0.716406 0.535417 0.717969 0.535417 0.718750 0.535417 0.718750 0.536458 0.718750 0.537500 0.719531 0.538542 0.720313 0.538542 0.721094 0.539583 0.721875 0.540625 0.721875 0.541667 0.721875 0.542708 0.721094 0.543750 0.720313 0.544792 0.718750 0.544792 0.717969 0.544792 0.717187 0.543750 0.716406 0.542708 0.716406 0.535417
0 0.804029 0.538706 0.803906 0.538542 0.803906 0.537500 0.803125 0.536458 0.802344 0.536458 0.801562 0.535417 0.800000 0.535417 0.799219 0.536458 0.797656 0.536458 0.796875 0.537500 0.793750 0.537500 0.793750 0.541667 0.794531 0.542708 0.795312 0.542708 0.796875 0.544792 0.801022 0.544792 0.801022 0.543721 0.802299 0.543721 0.802341 0.541624 0.803899 0.541587 0.803857 0.539374 0.804011 0.539323 0.804011 0.538706
0 0.682813 0.536458 0.686719 0.536458 0.687500 0.536458 0.687500 0.538542 0.687500 0.539583 0.688281 0.540625 0.689063 0.541667 0.688281 0.542708 0.687500 0.543750 0.685156 0.543750 0.684375 0.543750 0.683594 0.542708 0.683594 0.541667 0.682813 0.540625 0.682813 0.536458
0 0.646094 0.539583 0.646875 0.539583 0.647656 0.539583 0.647656 0.543750 0.646875 0.544792 0.645312 0.544792 0.644531 0.543750 0.644531 0.541667 0.644531 0.540625 0.645312 0.540625 0.646094 0.539583
0 0.551562 0.543750 0.553906 0.543750 0.554688 0.543750 0.553906 0.544792 0.553906 0.545833 0.553125 0.546875 0.553125 0.547917 0.552344 0.548958 0.551562 0.550000 0.550000 0.550000 0.549219 0.550000 0.549219 0.548958 0.548438 0.547917 0.550000 0.545833 0.550000 0.544792 0.550781 0.544792 0.551562 0.543750
0 0.044531 0.548958 0.043750 0.547917 0.038281 0.547917 0.036719 0.550000 0.036719 0.553125 0.037500 0.554167 0.037500 0.555196 0.040634 0.555196 0.041406 0.554167 0.042188 0.554167 0.042969 0.553125 0.042969 0.551042
0 0.501563 0.547917 0.502344 0.547917 0.503125 0.547917 0.503906 0.548958 0.503906 0.551042 0.504687 0.552083 0.503906 0.552083 0.503125 0.553125 0.502344 0.554167 0.500781 0.554167 0.500000 0.554167 0.499219 0.553125 0.498437 0.552083 0.498437 0.551042 0.498437 0.550000 0.499219 0.548958 0.500000 0.548958 0.500781 0.548958 0.501563 0.547917
0 0.865625 0.552083 0.865625 0.550000 0.864844 0.548958 0.864844 0.547917 0.861719 0.547917 0.860156 0.550000 0.860938 0.551042 0.860938 0.553125 0.862456 0.553125 0.862474 0.552153 0.864130 0.552153 0.864130 0.553125 0.864844 0.553125
0 0.487500 0.555208 0.488281 0.556250 0.489844 0.556250 0.490625 0.556250 0.489844 0.557292 0.489844 0.558333 0.489063 0.559375 0.488281 0.559375 0.487500 0.559375 0.487500 0.558333 0.486719 0.557292 0.487500 0.556250 0.487500 0.555208
0 0.052344 0.557292 0.055469 0.557292 0.055469 0.558333 0.054688 0.559375 0.053906 0.560417 0.053125 0.560417 0.052344 0.560417 0.052344 0.557292
0 0.606250 0.558333 0.609375 0.558333 0.610156 0.558333 0.610156 0.559375 0.610156 0.560417 0.609375 0.561458 0.607812 0.561458 0.607031 0.561458 0.606250 0.560417 0.606250 0.558333
0 0.654687 0.564583 0.655469 0.565625 0.656250 0.565625 0.657813 0.567708 0.658594 0.568750 0.658594 0.569792 0.657813 0.570833 0.656250 0.570833 0.655469 0.569792 0.655469 0.568750 0.654687 0.567708 0.654687 0.566667 0.653906 0.565625 0.654687 0.564583
0 0.746094 0.568859 0.746094 0.566667 0.745313 0.565625 0.744531 0.565625 0.743750 0.564583 0.742969 0.565625 0.741406 0.565625 0.741406 0.567708 0.740625 0.568750 0.739844 0.568750 0.739062 0.569792 0.738281 0.569792 0.738281 0.571875 0.737500 0.572917 0.736719 0.572917 0.736719 0.576042 0.737500 0.577083 0.739844 0.577083 0.740625 0.576042 0.741406 0.576042 0.742969 0.573958 0.743536 0.573864 0.743536 0.572931 0.743720 0.572735 0.743720 0.572441 0.743867 0.572441 0.743867 0.572048 0.744198 0.571999 0.744198 0.571263 0.744346 0.571263 0.744346 0.570920 0.744640 0.570920 0.744640 0.570331 0.744934 0.570331 0.744971 0.569840 0.745265 0.569840 0.745302 0.569448 0.745597 0.569448 0.745597 0.569055 0.745891 0.569055 0.745891 0.568859
0 0.174219 0.568750 0.177344 0.568750 0.178125 0.568750 0.177344 0.568750 0.176563 0.568750 0.175781 0.569792 0.175000 0.570833 0.174219 0.570833 0.173437 0.571875 0.172656 0.572917 0.171875 0.571875 0.171875 0.570833 0.171875 0.569792 0.172656 0.569792 0.173437 0.569792 0.174219 0.568750
0 0.707812 0.572917 0.709375 0.572917 0.710156 0.572917 0.711719 0.575000 0.712500 0.575000 0.711719 0.576042 0.711719 0.577083 0.710938 0.578125 0.710156 0.579167 0.707812 0.579167 0.707031 0.579167 0.706250 0.578125 0.705469 0.577083 0.706250 0.576042 0.707031 0.575000 0.707031 0.573958 0.707812 0.572917
0 0.000000 0.577083 0.001563 0.577083 0.002344 0.577083 0.003125 0.578125 0.003125 0.579167 0.002344 0.580208 0.001563 0.580208 0.000781 0.580208 0.000000 0.579167 0.000000 0.577083
0 0.673438 0.582292 0.675000 0.582292 0.675781 0.583333 0.678125 0.583333 0.678906 0.583333 0.679688 0.584375 0.680469 0.585417 0.680469 0.591667 0.679688 0.592708 0.677344 0.592708 0.676562 0.592708 0.675781 0.593750 0.672656 0.593750 0.671875 0.592708 0.671875 0.588542 0.671875 0.587500 0.672656 0.586458 0.673438 0.585417 0.673438 0.582292
0 0.749219 0.582292 0.750000 0.582292 0.750781 0.582292 0.752344 0.584375 0.753125 0.584375 0.753125 0.585417 0.752344 0.586458 0.752344 0.587500 0.751563 0.588542 0.750781 0.588542 0.750000 0.589583 0.750000 0.588542 0.749219 0.587500 0.749219 0.582292
0 0.518750 0.584375 0.521094 0.584375 0.521875 0.584375 0.521875 0.585417 0.521875 0.586458 0.521094 0.587500 0.517969 0.587500 0.517188 0.587500 0.517188 0.586458 0.517188 0.585417 0.517969 0.585417 0.518750 0.584375
0 0.503906 0.587500 0.504687 0.588542 0.505469 0.588542 0.505469 0.591667 0.506250 0.592708 0.505469 0.593750 0.504687 0.594792 0.503906 0.594792 0.503125 0.594792 0.503125 0.589583 0.503125 0.588542 0.503906 0.587500
0 0.522656 0.588542 0.524219 0.588542 0.525000 0.588542 0.525781 0.589583 0.526563 0.589583 0.526563 0.590625 0.526563 0.591667 0.527344 0.592708 0.528125 0.592708 0.528125 0.593750 0.527344 0.594792 0.527344 0.595833 0.526563 0.596875 0.525781 0.596875 0.525000 0.595833 0.524219 0.595833 0.523438 0.594792 0.522656 0.594792 0.522656 0.588542
0 0.753125 0.594792 0.755469 0.594792 0.756250 0.595833 0.756250 0.604167 0.755469 0.605208 0.752344 0.605208 0.751563 0.605208 0.751563 0.603125 0.751563 0.602083 0.752344 0.601042 0.752344 0.598958 0.753125 0.597917 0.753125 0.594792
0 0.421094 0.595833 0.421875 0.596875 0.423438 0.596875 0.424219 0.596875 0.424219 0.597917 0.422656 0.600000 0.421875 0.601042 0.421094 0.601042 0.420312 0.600000 0.420312 0.597917 0.419531 0.596875 0.420312 0.596875 0.421094 0.595833
0 0.623437 0.601042 0.625000 0.601042 0.625781 0.601042 0.626563 0.602083 0.627344 0.603125 0.627344 0.604167 0.628125 0.605208 0.628125 0.607292 0.628125 0.608333 0.627344 0.609375 0.625781 0.609375 0.625000 0.609375 0.624219 0.610417 0.623437 0.611458 0.623437 0.612500 0.622656 0.613542 0.621875 0.613542 0.621875 0.612500 0.620313 0.610417 0.619531 0.609375 0.619531 0.607292 0.618750 0.606250 0.619531 0.605208 0.620313 0.604167 0.621094 0.604167 0.621875 0.603125 0.621875 0.602083 0.622656 0.602083 0.623437 0.601042
0 0.064844 0.608333 0.067969 0.608333 0.068750 0.609375 0.067187 0.611458 0.066406 0.611458 0.065625 0.610417 0.065625 0.609375 0.064844 0.608333
0 0.760938 0.608333 0.761719 0.608333 0.762500 0.608333 0.763281 0.609375 0.763281 0.610417 0.763281 0.611458 0.762500 0.612500 0.762500 0.614583 0.762500 0.615625 0.761719 0.616667 0.760938 0.616667 0.759375 0.618750 0.758594 0.618750 0.758594 0.617708 0.757812 0.616667 0.757031 0.615625 0.757031 0.610417 0.757031 0.609375 0.759375 0.609375 0.760156 0.609375 0.760938 0.608333
0 0.953906 0.609375 0.956250 0.609375 0.957031 0.609375 0.957031 0.612500 0.957031 0.613542 0.956250 0.614583 0.955469 0.614583 0.954688 0.615625 0.953906 0.615625 0.953125 0.615625 0.952344 0.614583 0.951562 0.614583 0.951562 0.613542 0.951562 0.612500 0.952344 0.611458 0.952344 0.610417 0.953125 0.610417 0.953906 0.609375
0 0.600000 0.615625 0.601562 0.615625 0.602344 0.615625 0.603125 0.616667 0.603125 0.617708 0.602344 0.618750 0.601562 0.618750 0.600781 0.619792 0.600000 0.619792 0.600000 0.615625
0 0.519531 0.628125 0.522656 0.628125 0.523438 0.628125 0.523438 0.629167 0.524219 0.630208 0.525000 0.630208 0.525000 0.631250 0.524219 0.632292 0.523438 0.633333 0.522656 0.633333 0.521875 0.633333 0.521094 0.632292 0.520312 0.631250 0.520312 0.630208 0.520312 0.629167 0.519531 0.628125
0 0.479687 0.629167 0.482031 0.629167 0.482812 0.629167 0.482812 0.630208 0.483594 0.631250 0.482812 0.631250 0.482031 0.632292 0.481250 0.632292 0.480469 0.633333 0.479687 0.633333 0.478906 0.633333 0.478906 0.632292 0.478125 0.631250 0.477344 0.631250 0.478125 0.631250 0.479687 0.629167
0 0.741406 0.632292 0.742188 0.633333 0.742969 0.633333 0.743750 0.633333 0.746094 0.636458 0.746875 0.636458 0.746875 0.637500 0.746875 0.638542 0.747656 0.639583 0.748437 0.640625 0.747656 0.640625 0.746875 0.641667 0.746875 0.642708 0.746094 0.643750 0.745313 0.643750 0.744531 0.644792 0.744531 0.646875 0.743750 0.647917 0.742969 0.647917 0.742188 0.647917 0.741406 0.648958 0.740625 0.650000 0.739844 0.648958 0.739062 0.648958 0.738281 0.647917 0.734375 0.647917 0.733594 0.647917 0.732812 0.646875 0.732812 0.645833 0.731250 0.643750 0.730469 0.642708 0.731250 0.641667 0.731250 0.640625 0.731250 0.639583 0.732031 0.638542 0.732812 0.637500 0.733594 0.637500 0.734375 0.637500 0.735156 0.636458 0.735938 0.636458 0.736719 0.635417 0.738281 0.635417 0.739062 0.635417 0.739844 0.634375 0.739844 0.633333 0.740625 0.633333 0.741406 0.632292
0 0.050000 0.639583 0.056250 0.639583 0.057031 0.639583 0.057813 0.640625 0.057813 0.642708 0.057813 0.643750 0.057031 0.644792 0.056250 0.644792 0.055469 0.645833 0.054688 0.645833 0.053906 0.646875 0.053125 0.646875 0.052344 0.645833 0.051562 0.645833 0.051562 0.641667 0.051562 0.640625 0.050781 0.639583 0.050000 0.639583
0 0.502344 0.641667 0.503125 0.642708 0.503906 0.642708 0.504687 0.643750 0.504687 0.644792 0.505469 0.645833 0.506250 0.646875 0.505469 0.647917 0.505469 0.648958 0.504687 0.650000 0.503906 0.650000 0.501563 0.646875 0.500781 0.645833 0.500781 0.644792 0.500781 0.643750 0.502344 0.641667
0 0.048438 0.651042 0.049219 0.652083 0.050000 0.652083 0.050000 0.654167 0.049219 0.655208 0.048438 0.655208 0.047656 0.654167 0.046875 0.653125 0.048438 0.651042
0 0.720313 0.659375 0.721875 0.659375 0.722656 0.659375 0.723437 0.660417 0.724219 0.660417 0.725000 0.661458 0.725781 0.661458 0.726562 0.662500 0.725781 0.663542 0.725781 0.667708 0.725000 0.668750 0.719531 0.668750 0.718750 0.668750 0.718750 0.665625 0.718750 0.664583 0.719531 0.663542 0.719531 0.662500 0.719531 0.661458 0.720313 0.660417 0.720313 0.659375
0 0.098437 0.665625 0.099219 0.666667 0.100000 0.666667 0.100781 0.666667 0.100000 0.667708 0.100000 0.670833 0.100000 0.671875 0.099219 0.672917 0.098437 0.673958 0.098437 0.665625
0 0.560937 0.665625 0.561719 0.666667 0.562500 0.666667 0.563281 0.667708 0.564844 0.667708 0.565625 0.667708 0.566406 0.668750 0.567187 0.668750 0.567969 0.669792 0.571094 0.669792 0.571875 0.669792 0.572656 0.670833 0.573438 0.670833 0.574219 0.671875 0.575000 0.672917 0.575000 0.673958 0.575781 0.675000 0.575000 0.676042 0.574219 0.677083 0.574219 0.679167 0.574219 0.680208 0.573438 0.681250 0.573438 0.682292 0.573438 0.683333 0.571875 0.685417 0.571094 0.686458 0.570312 0.686458 0.569531 0.685417 0.568750 0.684375 0.567969 0.684375 0.567187 0.684375 0.566406 0.683333 0.565625 0.683333 0.564844 0.683333 0.564063 0.682292 0.564063 0.681250 0.563281 0.680208 0.562500 0.679167 0.561719 0.679167 0.560937 0.678125 0.560156 0.678125 0.559375 0.677083 0.558594 0.677083 0.557813 0.676042 0.557813 0.672917 0.557813 0.671875 0.558594 0.670833 0.558594 0.669792 0.559375 0.669792 0.560156 0.668750 0.560156 0.667708 0.560937 0.666667 0.560937 0.665625
0 0.032031 0.676042 0.032005 0.670849 0.031767 0.670849 0.031787 0.669792 0.028906 0.669792 0.028125 0.670833 0.027344 0.670833 0.027344 0.673958 0.026562 0.675000 0.027344 0.676042 0.027344 0.677083 0.031250 0.677083
0 0.775000 0.681250 0.774297 0.680312 0.771797 0.680312 0.771094 0.681250 0.771094 0.684375 0.772656 0.684375
0 0.797656 0.671875 0.800781 0.671875 0.801562 0.671875 0.802344 0.672917 0.803125 0.673958 0.803125 0.675000 0.803906 0.676042 0.803906 0.679167 0.803906 0.680208 0.803125 0.681250 0.803125 0.682292 0.802344 0.681250 0.801562 0.681250 0.800000 0.679167 0.799219 0.679167 0.797656 0.677083 0.796875 0.677083 0.796875 0.675000 0.796875 0.673958 0.797656 0.672917 0.797656 0.671875
0 0.641406 0.672917 0.648438 0.672917 0.648438 0.673958 0.647656 0.675000 0.646875 0.675000 0.646094 0.675000 0.645312 0.676042 0.644531 0.676042 0.644531 0.673958 0.643750 0.672917 0.641406 0.672917
0 0.498437 0.677083 0.502344 0.677083 0.502344 0.678125 0.501563 0.679167 0.500781 0.680208 0.500000 0.680208 0.499219 0.681250 0.498437 0.681250 0.498437 0.677083
0 0.666406 0.681250 0.667188 0.681250 0.667969 0.681250 0.667969 0.682292 0.667969 0.683333 0.668750 0.684375 0.669531 0.684375 0.669531 0.685417 0.667969 0.687500 0.667969 0.688542 0.667188 0.689583 0.666406 0.689583 0.665625 0.690625 0.663281 0.690625 0.662500 0.690625 0.661719 0.689583 0.660937 0.689583 0.660937 0.686458 0.660937 0.685417 0.660156 0.684375 0.659375 0.684375 0.661719 0.684375 0.662500 0.684375 0.663281 0.683333 0.664062 0.682292 0.664844 0.682292 0.665625 0.682292 0.666406 0.681250
0 0.019531 0.683333 0.021875 0.683333 0.022656 0.683333 0.022656 0.687500 0.022656 0.688542 0.021875 0.689583 0.021094 0.690625 0.017969 0.690625 0.017188 0.690625 0.017188 0.689583 0.016406 0.688542 0.015625 0.688542 0.016406 0.688542 0.017188 0.687500 0.017188 0.686458 0.017188 0.685417 0.017969 0.684375 0.018750 0.684375 0.019531 0.683333
0 0.757812 0.701042 0.757812 0.693750 0.756250 0.693750 0.754687 0.691667 0.753906 0.691667 0.753125 0.690625 0.753125 0.688542 0.750781 0.688542 0.750000 0.689583 0.749319 0.689583 0.749219 0.697917 0.750000 0.698958 0.750000 0.700000 0.750781 0.700000 0.751563 0.701042 0.751563 0.702083 0.752344 0.703125 0.753125 0.702083 0.757031 0.702083
0 0.828194 0.694792 0.828174 0.692708 0.827344 0.691667 0.824219 0.691667 0.823438 0.692708 0.823438 0.695833 0.824219 0.696875 0.825000 0.696875 0.825781 0.697917 0.825781 0.696875 0.827344 0.694792
0 0.646875 0.693750 0.648438 0.693750 0.649219 0.693750 0.649219 0.696875 0.648438 0.697917 0.646875 0.697917 0.646094 0.697917 0.646094 0.695833 0.646094 0.694792 0.646875 0.693750
0 0.705469 0.698958 0.708594 0.698958 0.709375 0.698958 0.710156 0.700000 0.710938 0.701042 0.710938 0.703125 0.711719 0.704167 0.710938 0.705208 0.710938 0.706250 0.710156 0.707292 0.707812 0.707292 0.707031 0.708333 0.706250 0.708333 0.705469 0.708333 0.704688 0.707292 0.703906 0.707292 0.703906 0.705208 0.703125 0.704167 0.703906 0.703125 0.703906 0.702083 0.703906 0.701042 0.705469 0.698958
0 0.857031 0.715625 0.855469 0.715625 0.854688 0.714583 0.854688 0.713542 0.853125 0.711458 0.854688 0.709375 0.856250 0.709375 0.856564 0.708956 0.856951 0.708971 0.856951 0.708252 0.858607 0.708252 0.858607 0.709393 0.859375 0.710417 0.859375 0.712500
0 0.457813 0.708333 0.459375 0.708333 0.460156 0.708333 0.459375 0.709375 0.459375 0.710417 0.459375 0.711458 0.458594 0.712500 0.458594 0.713542 0.457813 0.714583 0.457031 0.715625 0.456250 0.715625 0.455469 0.714583 0.454688 0.714583 0.453906 0.714583 0.453906 0.713542 0.453906 0.712500 0.454688 0.712500 0.457813 0.708333
0 0.491406 0.709375 0.492969 0.709375 0.493750 0.709375 0.493750 0.710417 0.492969 0.711458 0.492969 0.712500 0.493750 0.713542 0.495312 0.713542 0.496094 0.713542 0.495312 0.714583 0.494531 0.715625 0.493750 0.715625 0.492969 0.715625 0.492969 0.713542 0.492969 0.712500 0.492188 0.711458 0.492188 0.710417 0.491406 0.709375
0 0.760938 0.711458 0.765625 0.711458 0.766406 0.711458 0.767188 0.712500 0.767188 0.713542 0.765625 0.715625 0.764844 0.716667 0.764062 0.716667 0.763281 0.716667 0.762500 0.717708 0.761719 0.717708 0.760938 0.716667 0.760938 0.711458
0 0.625781 0.712500 0.627344 0.712500 0.628125 0.712500 0.628125 0.715625 0.627344 0.716667 0.626563 0.716667 0.625781 0.716667 0.625000 0.715625 0.624219 0.714583 0.625781 0.712500
0 0.471875 0.717708 0.475781 0.717708 0.475781 0.718750 0.472656 0.722917 0.471875 0.722917 0.471875 0.721875 0.471094 0.720833 0.471875 0.719792 0.471875 0.717708
0 0.741406 0.719792 0.743750 0.719792 0.744531 0.719792 0.743750 0.720833 0.743750 0.721875 0.742969 0.722917 0.742188 0.722917 0.741406 0.721875 0.740625 0.720833 0.741406 0.719792
0 0.559375 0.720833 0.561719 0.720833 0.562500 0.720833 0.562500 0.722917 0.563281 0.723958 0.562500 0.723958 0.561719 0.725000 0.560937 0.726042 0.560156 0.726042 0.559375 0.726042 0.558594 0.725000 0.558594 0.723958 0.557813 0.722917 0.559375 0.720833
0 0.493750 0.727083 0.495312 0.727083 0.496094 0.727083 0.496875 0.728125 0.497656 0.729167 0.497656 0.731250 0.497656 0.732292 0.496875 0.733333 0.496094 0.734375 0.495312 0.734375 0.493750 0.732292 0.492969 0.731250 0.492969 0.729167 0.492969 0.728125 0.493750 0.727083
0 0.792969 0.731250 0.794531 0.731250 0.795312 0.732292 0.797656 0.732292 0.798438 0.732292 0.799219 0.733333 0.799219 0.734375 0.799219 0.735417 0.800000 0.736458 0.800000 0.737500 0.799219 0.738542 0.798438 0.738542 0.797656 0.739583 0.796875 0.740625 0.796094 0.740625 0.795312 0.741667 0.792188 0.741667 0.791406 0.741667 0.791406 0.740625 0.790625 0.739583 0.790625 0.736458 0.789844 0.735417 0.791406 0.733333 0.791406 0.732292 0.792188 0.732292 0.792969 0.731250
0 0.028906 0.732292 0.030469 0.732292 0.031250 0.732292 0.032031 0.733333 0.032031 0.734375 0.031250 0.735417 0.030469 0.735417 0.029687 0.736458 0.028906 0.735417 0.028906 0.732292
0 0.084375 0.734375 0.085156 0.735417 0.085156 0.736458 0.085156 0.737500 0.084375 0.738542 0.083594 0.738542 0.082812 0.737500 0.082031 0.736458 0.082812 0.735417 0.083594 0.735417 0.084375 0.734375
0 0.114062 0.734375 0.115625 0.734375 0.116406 0.734375 0.114844 0.734375 0.114062 0.735417 0.114062 0.737500 0.114062 0.738542 0.114844 0.739583 0.114844 0.741667 0.114062 0.742708 0.112500 0.742708 0.111719 0.743750 0.108594 0.743750 0.107813 0.744792 0.107031 0.743750 0.106250 0.743750 0.105469 0.743750 0.105469 0.742708 0.104688 0.741667 0.106250 0.741667 0.107031 0.740625 0.110156 0.740625 0.110937 0.740625 0.111719 0.739583 0.112500 0.739583 0.113281 0.739583 0.114062 0.738542 0.114062 0.734375
0 0.767969 0.741667 0.769531 0.741667 0.770312 0.741667 0.771094 0.742708 0.771875 0.742708 0.771875 0.743750 0.771875 0.744792 0.771094 0.745833 0.770312 0.745833 0.769531 0.746875 0.768750 0.747917 0.767969 0.747917 0.767188 0.746875 0.766406 0.745833 0.766406 0.744792 0.765625 0.743750 0.766406 0.742708 0.767188 0.742708 0.767969 0.741667
0 0.525000 0.742708 0.528906 0.742708 0.529687 0.742708 0.528125 0.744792 0.527344 0.745833 0.526563 0.745833 0.525781 0.745833 0.525781 0.744792 0.525781 0.743750 0.525000 0.742708
0 0.878906 0.742708 0.880469 0.742708 0.881250 0.742708 0.881250 0.743750 0.882031 0.744792 0.882031 0.747917 0.881250 0.748958 0.877344 0.748958 0.876563 0.747917 0.876563 0.744792 0.876563 0.743750 0.877344 0.743750 0.878125 0.743750 0.878906 0.742708
0 0.586719 0.746875 0.588281 0.746875 0.589063 0.746875 0.589844 0.747917 0.589844 0.748958 0.589063 0.750000 0.587500 0.750000 0.586719 0.750000 0.586719 0.746875
0 0.860156 0.747917 0.860938 0.747917 0.861719 0.747917 0.862500 0.748958 0.863281 0.748958 0.863281 0.750000 0.862500 0.751042 0.862500 0.752083 0.861719 0.753125 0.860938 0.754167 0.860156 0.754167 0.860156 0.747917
0 0.883594 0.750000 0.885938 0.750000 0.886719 0.750000 0.886719 0.751042 0.886719 0.752083 0.885938 0.753125 0.884375 0.753125 0.883594 0.753125 0.883594 0.750000
0 0.972656 0.751042 0.974219 0.751042 0.975000 0.751042 0.975000 0.752083 0.975000 0.753125 0.974219 0.754167 0.973437 0.755208 0.972656 0.755208 0.972656 0.751042
0 0.875000 0.758333 0.875000 0.757292 0.874219 0.756250 0.872656 0.756250 0.871932 0.757216 0.871951 0.760417 0.872656 0.760417 0.873437 0.759375 0.874219 0.759375
0 0.544531 0.758333 0.546875 0.758333 0.547656 0.758333 0.548438 0.759375 0.548438 0.761458 0.549219 0.762500 0.548438 0.763542 0.547656 0.764583 0.546875 0.764583 0.546094 0.764583 0.546094 0.763542 0.545312 0.762500 0.544531 0.762500 0.544531 0.760417 0.543750 0.759375 0.544531 0.758333
0 0.632812 0.770245 0.632812 0.769792 0.632031 0.768750 0.631250 0.768750 0.630469 0.767708 0.625000 0.767758 0.625000 0.770833 0.625781 0.770833 0.626563 0.771875 0.628906 0.771875 0.629687 0.772917 0.629687 0.773958 0.631031 0.773958 0.631060 0.771087 0.631433 0.770742 0.631835 0.770742 0.631864 0.770474 0.632553 0.770474 0.632611 0.770245
0 0.753125 0.764583 0.753906 0.765625 0.754687 0.765625 0.755469 0.765625 0.754687 0.766667 0.754687 0.767708 0.753125 0.769792 0.752344 0.769792 0.752344 0.766667 0.751563 0.765625 0.752344 0.765625 0.753125 0.764583
0 0.026562 0.766667 0.029687 0.766667 0.030469 0.766667 0.030469 0.769792 0.030469 0.770833 0.029687 0.771875 0.028906 0.771875 0.028125 0.772917 0.027344 0.772917 0.026562 0.773958 0.025781 0.773958 0.025000 0.773958 0.025000 0.770833 0.024219 0.769792 0.026562 0.766667
0 0.775000 0.767708 0.775781 0.768750 0.778125 0.768750 0.778906 0.769792 0.778906 0.770833 0.777344 0.772917 0.776563 0.773958 0.775781 0.773958 0.775781 0.771875 0.775000 0.770833 0.775000 0.767708
0 0.600000 0.770833 0.603906 0.770833 0.604688 0.770833 0.605469 0.771875 0.606250 0.771875 0.606250 0.775000 0.606250 0.776042 0.605469 0.777083 0.604688 0.778125 0.603125 0.778125 0.602344 0.779167 0.601562 0.779167 0.600781 0.778125 0.600000 0.778125 0.600000 0.775000 0.599219 0.773958 0.600000 0.772917 0.600000 0.770833
0 0.935937 0.770833 0.937500 0.770833 0.938281 0.770833 0.938281 0.771875 0.938281 0.772917 0.937500 0.773958 0.936719 0.775000 0.935937 0.775000 0.935937 0.770833
0 0.982812 0.772917 0.984375 0.772917 0.985156 0.772917 0.984375 0.773958 0.983594 0.775000 0.982812 0.775000 0.982031 0.776042 0.981250 0.776042 0.980469 0.776042 0.980469 0.775000 0.980469 0.773958 0.981250 0.773958 0.982031 0.773958 0.982812 0.772917
0 0.871094 0.775000 0.871875 0.775000 0.872656 0.775000 0.873437 0.776042 0.874219 0.776042 0.875000 0.776042 0.875000 0.778125 0.875000 0.779167 0.874219 0.780208 0.871875 0.780208 0.871094 0.780208 0.870313 0.781250 0.869531 0.781250 0.868750 0.780208 0.868750 0.779167 0.868750 0.778125 0.869531 0.778125 0.870313 0.777083 0.870313 0.776042 0.871094 0.775000
0 0.556250 0.779167 0.559375 0.779167 0.559375 0.780208 0.557813 0.782292 0.557031 0.782292 0.556250 0.781250 0.556250 0.779167
0 0.651563 0.779167 0.653906 0.779167 0.654687 0.779167 0.654687 0.780208 0.655469 0.781250 0.660156 0.781250 0.660937 0.781250 0.661719 0.782292 0.662500 0.782292 0.662500 0.783333 0.663281 0.784375 0.663281 0.785417 0.661719 0.787500 0.660937 0.788542 0.660156 0.788542 0.659375 0.789583 0.658594 0.789583 0.657813 0.789583 0.657031 0.790625 0.656250 0.790625 0.655469 0.789583 0.654687 0.789583 0.653125 0.787500 0.652344 0.786458 0.652344 0.785417 0.650781 0.783333 0.650000 0.783333 0.650000 0.781250 0.650000 0.780208 0.650781 0.780208 0.651563 0.779167
0 0.853125 0.779167 0.855469 0.779167 0.856250 0.779167 0.856250 0.780208 0.854688 0.782292 0.853906 0.783333 0.853125 0.783333 0.853125 0.782292 0.852344 0.781250 0.853125 0.780208 0.853125 0.779167
0 0.885938 0.779167 0.889062 0.779167 0.889062 0.780208 0.888281 0.781250 0.887500 0.782292 0.885938 0.782292 0.885156 0.782292 0.885156 0.781250 0.885156 0.780208 0.885938 0.779167
0 0.482812 0.780208 0.484375 0.780208 0.485156 0.780208 0.486719 0.782292 0.487500 0.783333 0.487500 0.785417 0.488281 0.786458 0.488281 0.791667 0.487500 0.792708 0.486719 0.792708 0.485938 0.792708 0.485156 0.793750 0.483594 0.793750 0.482812 0.793750 0.482031 0.792708 0.480469 0.792708 0.479687 0.792708 0.478906 0.791667 0.478125 0.791667 0.477344 0.790625 0.477344 0.783333 0.477344 0.782292 0.478906 0.782292 0.479687 0.782292 0.480469 0.781250 0.481250 0.781250 0.482031 0.781250 0.482812 0.780208
0 0.463281 0.783333 0.464844 0.783333 0.465625 0.784375 0.463281 0.787500 0.462500 0.788542 0.461719 0.787500 0.460938 0.786458 0.460938 0.785417 0.460938 0.784375 0.461719 0.784375 0.462500 0.784375 0.463281 0.783333
0 0.642969 0.783333 0.646875 0.783333 0.647656 0.783333 0.646875 0.784375 0.646875 0.785417 0.646094 0.786458 0.645312 0.786458 0.644531 0.786458 0.644531 0.785417 0.644531 0.784375 0.643750 0.783333 0.642969 0.783333
0 0.551562 0.787500 0.552344 0.787500 0.553125 0.787500 0.553125 0.790625 0.553906 0.791667 0.562500 0.791667 0.563281 0.791667 0.564063 0.792708 0.564844 0.792708 0.565625 0.792708 0.566406 0.793750 0.566406 0.794792 0.567187 0.795833 0.567187 0.796875 0.566406 0.797917 0.565625 0.797917 0.564844 0.798958 0.564063 0.798958 0.563281 0.798958 0.562500 0.800000 0.562500 0.801042 0.561719 0.802083 0.560937 0.802083 0.560156 0.802083 0.559375 0.803125 0.558594 0.803125 0.557813 0.804167 0.556250 0.804167 0.555469 0.805208 0.554688 0.805208 0.553906 0.805208 0.552344 0.803125 0.551562 0.802083 0.550000 0.802083 0.549219 0.802083 0.548438 0.801042 0.546094 0.801042 0.545312 0.801042 0.544531 0.800000 0.543750 0.800000 0.542969 0.798958 0.542969 0.796875 0.542969 0.795833 0.543750 0.794792 0.544531 0.794792 0.545312 0.794792 0.546094 0.793750 0.546094 0.792708 0.549219 0.792708 0.550000 0.792708 0.550781 0.791667 0.550781 0.790625 0.550781 0.789583 0.551562 0.788542 0.551562 0.787500
0 0.595313 0.788542 0.596875 0.788542 0.596875 0.789583 0.595313 0.791667 0.594531 0.792708 0.593750 0.792708 0.592969 0.792708 0.592187 0.791667 0.592187 0.790625 0.592187 0.789583 0.593750 0.789583 0.594531 0.789583 0.595313 0.788542
0 0.784375 0.794792 0.786719 0.794792 0.787500 0.794792 0.788281 0.795833 0.788281 0.796875 0.787500 0.797917 0.785937 0.797917 0.785156 0.797917 0.784375 0.796875 0.784375 0.794792
0 0.912500 0.797917 0.914062 0.797917 0.914844 0.797917 0.914844 0.800000 0.914844 0.801042 0.915625 0.802083 0.915625 0.803125 0.915625 0.804167 0.916406 0.805208 0.917188 0.806250 0.917188 0.807292 0.917188 0.808333 0.916406 0.809375 0.915625 0.810417 0.914844 0.810417 0.914062 0.810417 0.912500 0.812500 0.911719 0.812500 0.910937 0.811458 0.910937 0.810417 0.910937 0.809375 0.910156 0.808333 0.909375 0.808333 0.909375 0.805208 0.908594 0.804167 0.909375 0.803125 0.910156 0.803125 0.910937 0.802083 0.910937 0.801042 0.911719 0.800000 0.911719 0.798958 0.912500 0.797917
0 0.817187 0.800000 0.818750 0.800000 0.819531 0.801042 0.819531 0.802083 0.819531 0.803125 0.818750 0.804167 0.817969 0.805208 0.817187 0.805208 0.816406 0.804167 0.816406 0.803125 0.815625 0.802083 0.816406 0.802083 0.817187 0.801042 0.817187 0.800000
0 0.622656 0.806250 0.624219 0.806250 0.625000 0.806250 0.625781 0.807292 0.626563 0.807292 0.625000 0.809375 0.624219 0.810417 0.623437 0.810417 0.622656 0.810417 0.622656 0.808333 0.621875 0.807292 0.622656 0.806250
0 0.669531 0.806250 0.670312 0.807292 0.671875 0.807292 0.672656 0.807292 0.674219 0.809375 0.675000 0.810417 0.675000 0.811458 0.675781 0.812500 0.676562 0.812500 0.676562 0.813542 0.676562 0.814583 0.677344 0.815625 0.678125 0.816667 0.678125 0.820833 0.678125 0.821875 0.676562 0.823958 0.675781 0.825000 0.671094 0.825000 0.670312 0.825000 0.669531 0.823958 0.668750 0.822917 0.667188 0.822917 0.666406 0.821875 0.666406 0.811458 0.666406 0.810417 0.667188 0.810417 0.668750 0.808333 0.669531 0.807292 0.669531 0.806250
0 0.688281 0.807292 0.690625 0.807292 0.691406 0.807292 0.691406 0.811458 0.691406 0.812500 0.690625 0.813542 0.689844 0.814583 0.687500 0.814583 0.686719 0.814583 0.685937 0.813542 0.685937 0.812500 0.685156 0.811458 0.688281 0.807292
0 0.542969 0.813542 0.543750 0.813542 0.544531 0.813542 0.545312 0.814583 0.546094 0.814583 0.546875 0.814583 0.547656 0.815625 0.547656 0.816667 0.546875 0.817708 0.546094 0.818750 0.545312 0.818750 0.544531 0.819792 0.543750 0.819792 0.542969 0.818750 0.542969 0.813542
0 0.754687 0.818750 0.757031 0.818750 0.757812 0.818750 0.757812 0.819792 0.758594 0.820833 0.757812 0.820833 0.757031 0.821875 0.756250 0.820833 0.755469 0.820833 0.754687 0.820833 0.754687 0.818750
0 0.974219 0.819792 0.975781 0.819792 0.976562 0.820833 0.975781 0.821875 0.975781 0.822917 0.975000 0.823958 0.974219 0.823958 0.974219 0.821875 0.973437 0.820833 0.974219 0.819792
0 0.833594 0.827083 0.836719 0.827083 0.837500 0.827083 0.837500 0.828125 0.837500 0.829167 0.836719 0.830208 0.834375 0.830208 0.833594 0.830208 0.833594 0.827083
0 0.037500 0.834375 0.040625 0.834375 0.041406 0.834375 0.041406 0.839583 0.040625 0.840625 0.039844 0.840625 0.039062 0.840625 0.039062 0.839583 0.038281 0.838542 0.038281 0.837500 0.037500 0.836458 0.037500 0.834375
0 0.951562 0.840625 0.953906 0.840625 0.954688 0.840625 0.954688 0.841667 0.955469 0.842708 0.956250 0.842708 0.957031 0.843750 0.957031 0.844792 0.956250 0.845833 0.953906 0.845833 0.953125 0.845833 0.952344 0.844792 0.951562 0.844792 0.950781 0.843750 0.950781 0.842708 0.950781 0.841667 0.951562 0.840625
0 0.928125 0.842708 0.929688 0.842708 0.930469 0.843750 0.930469 0.844792 0.929688 0.845833 0.928906 0.846875 0.928125 0.846875 0.928125 0.842708
0 0.073438 0.854167 0.073438 0.853125 0.072656 0.852056 0.071094 0.852029 0.070312 0.853125 0.069531 0.853125 0.069531 0.854167 0.068750 0.855208 0.068750 0.858333 0.069531 0.859375 0.071128 0.859329 0.071875 0.858333 0.071872 0.855219 0.072648 0.855219
0 0.984375 0.852083 0.985938 0.852083 0.986719 0.852083 0.986719 0.853125 0.987500 0.854167 0.986719 0.854167 0.985938 0.855208 0.985156 0.856250 0.984375 0.856250 0.983594 0.856250 0.982812 0.855208 0.983594 0.854167 0.984375 0.853125 0.984375 0.852083
0 0.050781 0.853125 0.054688 0.853125 0.054688 0.854167 0.053906 0.855208 0.051562 0.855208 0.050781 0.855208 0.050781 0.853125
0 0.085995 0.856342 0.085995 0.854134 0.082031 0.854167 0.082031 0.855266 0.083420 0.855266 0.083420 0.856411 0.085648 0.856342
0 0.584375 0.854167 0.586719 0.854167 0.587500 0.854167 0.588281 0.855208 0.589063 0.856250 0.588281 0.857292 0.588281 0.858333 0.587500 0.859375 0.585938 0.859375 0.585156 0.859375 0.585156 0.858333 0.585156 0.857292 0.584375 0.856250 0.584375 0.854167
0 0.021875 0.856250 0.025000 0.856250 0.025781 0.857292 0.025000 0.858333 0.024219 0.859375 0.023438 0.859375 0.022656 0.859375 0.021875 0.858333 0.021875 0.856250
0 0.871094 0.858333 0.871875 0.858333 0.872656 0.858333 0.873437 0.859375 0.873437 0.861458 0.872656 0.862500 0.871875 0.862500 0.871094 0.862500 0.871094 0.861458 0.870313 0.860417 0.871094 0.859375 0.871094 0.858333
0 0.108594 0.860417 0.109375 0.861458 0.111719 0.861458 0.112500 0.861458 0.112500 0.862500 0.113281 0.863542 0.114062 0.864583 0.113281 0.865625 0.107031 0.865625 0.106250 0.865625 0.106250 0.864583 0.106250 0.863542 0.105469 0.862500 0.104688 0.862500 0.105469 0.862500 0.106250 0.861458 0.107031 0.861458 0.107813 0.861458 0.108594 0.860417
0 0.972656 0.860417 0.974219 0.860417 0.975000 0.860417 0.975000 0.861458 0.975000 0.862500 0.974219 0.863542 0.974219 0.864583 0.973437 0.865625 0.972656 0.865625 0.971875 0.865625 0.971875 0.862500 0.971875 0.861458 0.972656 0.860417
0 0.810130 0.542373 0.810130 0.539772 0.809245 0.539660 0.809035 0.539491 0.806200 0.539491 0.805442 0.539660 0.805442 0.541344 0.804011 0.541568 0.803800 0.541737 0.803800 0.544319 0.803506 0.544543 0.802242 0.544824 0.802242 0.547032 0.804263 0.546976 0.804263 0.547538 0.804432 0.547594 0.804432 0.547818 0.806804 0.547818 0.807098 0.547706 0.807098 0.547089 0.808488 0.546864 0.808530 0.544600 0.807772 0.544431 0.807772 0.543047 0.808319 0.542822 0.810087 0.542766 0.810087 0.542373
0 0.868039 0.558428 0.868039 0.556220 0.867217 0.556123 0.867217 0.555197 0.864849 0.555246 0.864849 0.557454 0.865470 0.557454 0.865470 0.558209 0.865871 0.558428
0 0.349930 0.439594 0.349930 0.437326 0.349841 0.437086 0.349347 0.436967 0.349347 0.435351 0.346882 0.435470 0.346882 0.436308 0.346119 0.436368 0.346119 0.438576 0.346523 0.438636 0.346523 0.438756 0.347556 0.438756 0.347601 0.439654 0.349886 0.439594
0 0.352400 0.436541 0.352400 0.434333 0.351951 0.434213 0.351502 0.433256 0.351008 0.433076 0.350963 0.432238 0.349307 0.432238 0.349307 0.435165 0.349396 0.435344 0.349845 0.435464 0.350294 0.436422 0.350474 0.436541
0 0.635929 0.774878 0.635929 0.775088 0.633522 0.774995 0.633540 0.771879 0.635946 0.771926 0.635946 0.774878
0 0.289097 0.102892 0.289042 0.100073 0.288125 0.099828 0.288125 0.098899 0.287923 0.098825 0.285093 0.098899 0.285093 0.101107 0.285937 0.101107 0.285937 0.103235 0.286671 0.103284 0.286671 0.104164 0.288327 0.104164 0.288675 0.103675 0.288712 0.103235 0.288932 0.103210 0.289079 0.102892
0 0.295353 0.102127 0.295353 0.101107 0.294559 0.101107 0.294559 0.100048 0.292981 0.100048 0.292688 0.101565 0.292302 0.102029 0.289936 0.101980 0.289808 0.102298 0.289808 0.104531 0.289936 0.104622 0.289752 0.105307 0.288322 0.105307 0.288303 0.106310 0.288083 0.106823 0.287441 0.107239 0.286671 0.107239 0.286671 0.109447 0.289079 0.109447 0.289092 0.108371 0.291299 0.108298 0.291702 0.105143 0.293720 0.105167 0.293752 0.103179 0.294425 0.103179 0.294559 0.102127
0 0.296938 0.235976 0.296938 0.233109 0.296815 0.232341 0.293759 0.232231 0.291978 0.232368 0.290702 0.232149 0.287379 0.232231 0.287379 0.234439 0.288984 0.234439 0.289066 0.238528 0.292163 0.238528 0.292163 0.237650 0.293028 0.237622 0.293028 0.236470 0.294356 0.236662 0.296424 0.236662 0.296897 0.236580 0.296917 0.235976
0 0.294386 0.242768 0.294386 0.241753 0.289035 0.241753 0.289035 0.243687 0.288223 0.243687 0.288223 0.244826 0.289899 0.244826 0.289899 0.245745 0.290784 0.245745 0.290784 0.244839 0.293018 0.244761 0.293018 0.242768
0 0.772703 0.676051 0.772703 0.673264 0.772566 0.671833 0.770671 0.671894 0.770351 0.671711 0.768695 0.671711 0.768741 0.675015 0.770727 0.675076 0.771024 0.676051
0 0.429035 0.323917 0.429035 0.321708 0.428849 0.321708 0.428849 0.320865 0.425016 0.320865 0.425016 0.323073 0.425742 0.323520 0.425742 0.324065 0.426114 0.324065 0.426449 0.324314 0.426449 0.325008 0.428123 0.325008 0.428142 0.323990 0.429016 0.323917
0 0.487508 0.267768 0.487508 0.265721 0.486717 0.265721 0.486717 0.264636 0.485275 0.264636 0.485275 0.263613 0.482014 0.263582 0.482014 0.264481 0.481223 0.264481 0.481246 0.269790 0.481921 0.270039 0.482153 0.270566 0.482153 0.270938 0.482851 0.271124 0.482874 0.271899 0.483572 0.272147 0.483665 0.272923 0.485321 0.272923 0.485368 0.271031 0.485926 0.271000 0.485926 0.269946 0.486717 0.269946 0.486782 0.267768
0 0.610165 0.281270 0.610165 0.279062 0.609372 0.279016 0.609355 0.278120 0.607009 0.278143 0.607009 0.281362 0.610096 0.281270
0 0.303092 0.181422 0.303092 0.179213 0.302333 0.179213 0.302333 0.178017 0.300677 0.178017 0.300366 0.179075 0.299814 0.179535 0.299814 0.182204 0.300159 0.182342 0.302333 0.182342 0.302333 0.181744 0.302989 0.181422
0 0.304542 0.154272 0.304542 0.152064 0.302609 0.152018 0.299676 0.152110 0.299676 0.152984 0.299158 0.153122 0.299158 0.155330 0.300849 0.155330 0.301505 0.155100 0.302436 0.155100 0.302436 0.154410 0.304473 0.154272
0 0.288286 0.161543 0.288286 0.159334 0.286940 0.159288 0.284283 0.159288 0.284283 0.161496 0.284836 0.161496 0.284836 0.162739 0.286837 0.162739 0.286940 0.162095 0.287286 0.161681 0.287907 0.161543
0 0.003906 0.058333 0.014844 0.059375 0.015625 0.059375 0.018750 0.069792 0.018750 0.070833 0.019388 0.071648 0.021241 0.071790 0.021191 0.072644 0.017188 0.072917 0.009786 0.073087 0.008322 0.071108 0.005575 0.070416 0.003274 0.072977 0.000781 0.072917 0.000000 0.072917 0.000000 0.065625 0.000000 0.064583 0.001563 0.064583 0.002344 0.063542 0.003906 0.058333
0 0.006633 0.100360 0.006248 0.100617 0.006344 0.101194 0.005959 0.101386 0.005575 0.101130 0.005430 0.100488 0.005142 0.100104 0.003940 0.100617 0.003507 0.100617 0.002304 0.099975 0.002016 0.099591 0.001391 0.097923 0.001198 0.096769 0.001557 0.096185 0.002545 0.095230 0.002641 0.094717 0.002930 0.094332 0.005238 0.094332 0.006248 0.094525 0.006633 0.094846 0.007162 0.095743 0.007547 0.095871 0.007739 0.097090 0.008076 0.097410 0.008989 0.097539 0.009326 0.097859 0.009134 0.098949 0.008749 0.099206 0.008316 0.099206 0.008027 0.099591 0.007210 0.100168
0 0.049722 0.228473 0.049625 0.231783 0.049966 0.232173 0.051378 0.232173 0.052595 0.231589 0.053569 0.231524 0.053325 0.230355 0.053569 0.229187 0.051865 0.228667 0.051621 0.228213 0.051232 0.228148 0.050404 0.228343
0 0.048651 0.228083 0.049187 0.229122 0.048797 0.229446 0.048457 0.231069 0.047629 0.231589 0.046655 0.231718 0.045633 0.231329 0.045195 0.230420 0.045049 0.228603 0.045195 0.228018 0.046412 0.227304 0.046850 0.226850 0.048164 0.227564
0 0.038357 0.672968 0.038274 0.668710 0.036836 0.668621 0.036803 0.667640 0.034411 0.667662 0.034378 0.669757 0.033542 0.669757 0.033542 0.671966 0.034361 0.671966 0.034361 0.672902 0.037204 0.672968
0 0.931898 0.113680 0.931240 0.113805 0.931240 0.115685 0.929584 0.115685 0.929458 0.114766 0.928957 0.114348 0.928169 0.114599 0.928169 0.115727 0.926513 0.115727 0.926294 0.115184 0.926294 0.114850 0.926106 0.114641 0.924884 0.114641 0.924915 0.111680 0.925041 0.111430 0.926419 0.111430 0.926419 0.110218 0.926701 0.109550 0.926920 0.109341 0.928765 0.109341 0.929109 0.110427 0.930394 0.110427 0.930394 0.111472 0.932055 0.111472 0.932055 0.113680
0 0.912718 0.244671 0.912718 0.242392 0.910323 0.242392 0.910006 0.242603 0.909953 0.242814 0.909320 0.242885 0.909373 0.245797 0.911979 0.245797 0.911979 0.244671
0 0.295351 0.094833 0.295351 0.092625 0.294739 0.092494 0.294739 0.091744 0.292245 0.091744 0.292245 0.090636 0.290589 0.090636 0.290540 0.091288 0.290295 0.091744 0.288363 0.091712 0.288387 0.095844 0.289757 0.095974 0.289757 0.096887 0.293785 0.096822 0.293908 0.096757 0.293908 0.095909 0.294519 0.095746 0.294519 0.094931 0.295277 0.094833
0 0.907837 0.243844 0.907770 0.239695 0.907704 0.239518 0.907075 0.239518 0.906976 0.238636 0.906380 0.238636 0.906380 0.237577 0.904724 0.237577 0.904691 0.238547 0.904459 0.239474 0.904360 0.239651 0.903864 0.239783 0.903864 0.242741 0.905452 0.242741 0.905452 0.243889 0.907109 0.243844
0 0.366469 0.313444 0.366366 0.308352 0.365680 0.308306 0.365680 0.307391 0.364890 0.307391 0.364890 0.306521 0.364753 0.306338 0.361689 0.306338 0.361689 0.307345 0.360178 0.307345 0.360178 0.309405 0.359320 0.309496 0.359217 0.310229 0.359217 0.312620 0.360041 0.312712 0.360041 0.314680 0.360350 0.314909 0.362281 0.314909 0.363379 0.314543 0.364023 0.314726 0.365680 0.314726 0.365680 0.313444
0 0.353957 0.050955 0.353156 0.051057 0.353156 0.052151 0.350641 0.052177 0.350793 0.046863 0.353920 0.046889 0.353962 0.050115 0.354759 0.050115 0.354759 0.050955
0 0.359379 0.056326 0.359360 0.051114 0.358024 0.051012 0.355508 0.051063 0.355508 0.052107 0.357088 0.052107 0.357016 0.056300 0.357589 0.056326
0 0.045390 0.136420 0.045390 0.134212 0.044295 0.134175 0.043802 0.133956 0.043692 0.132386 0.039845 0.132276 0.039845 0.133335 0.036723 0.133335 0.036723 0.135453 0.035819 0.135453 0.035929 0.141296 0.035710 0.141624 0.035080 0.141807 0.035080 0.144015 0.036011 0.144015 0.036011 0.144782 0.038297 0.144782 0.038297 0.143760 0.038653 0.143723 0.038899 0.143322 0.038982 0.141788 0.042268 0.141715 0.042268 0.140656 0.042980 0.140656 0.043007 0.140546 0.043007 0.138648 0.044541 0.138575 0.044541 0.136530 0.045363 0.136420
0 0.801615 0.093679 0.801615 0.090636 0.801506 0.090573 0.799270 0.090636 0.799224 0.091387 0.798441 0.091387 0.798441 0.093616 0.799083 0.093679
