0 0.127344 0.000000 0.131250 0.000000 0.135002 0.000547 0.134909 0.002331 0.132588 0.003991 0.131119 0.005951 0.129688 0.006250 0.128906 0.006250 0.128125 0.005208 0.127344 0.004167 0.127344 0.000000
0 0.236719 0.000000 0.242188 0.000000 0.242969 0.001042 0.242188 0.002083 0.239063 0.002083 0.238281 0.002083 0.238281 0.001042 0.237500 0.000000 0.236719 0.000000
0 0.392969 0.000000 0.398438 0.000000 0.399926 0.000354 0.397465 0.002456 0.398438 0.004915 0.398363 0.009375 0.396875 0.009375 0.396094 0.010417 0.395313 0.010417 0.394531 0.009375 0.393750 0.009375 0.393750 0.008333 0.392969 0.007292 0.392969 0.000000
0 0.539062 0.000000 0.546875 0.000000 0.547656 0.000000 0.546875 0.000000 0.545312 0.002083 0.544531 0.003125 0.541406 0.003125 0.540625 0.004167 0.539844 0.004167 0.539062 0.003125 0.539062 0.000000
0 0.590625 0.000000 0.596094 0.000000 0.596875 0.001042 0.596875 0.005208 0.596875 0.006250 0.595313 0.008333 0.594531 0.009375 0.593750 0.009375 0.592969 0.009375 0.592969 0.008333 0.592187 0.007292 0.591406 0.006250 0.591406 0.005208 0.590625 0.004167 0.590625 0.000000
0 0.563281 0.003125 0.567187 0.003125 0.567969 0.003125 0.567969 0.004167 0.567969 0.005208 0.568750 0.006250 0.569531 0.007292 0.570312 0.007292 0.571094 0.007292 0.571875 0.008333 0.572656 0.009375 0.571875 0.010417 0.571875 0.011458 0.570312 0.013542 0.569531 0.014583 0.568750 0.014583 0.567187 0.016667 0.566406 0.017708 0.564844 0.017708 0.564063 0.017708 0.564063 0.016667 0.563281 0.015625 0.563281 0.003125
0 0.467187 0.004167 0.468750 0.004167 0.469531 0.004167 0.469531 0.005208 0.470313 0.006250 0.471094 0.006250 0.469531 0.008333 0.468750 0.009375 0.467969 0.009375 0.467187 0.008333 0.466406 0.007292 0.466406 0.006250 0.466406 0.005208 0.467187 0.004167
0 0.374219 0.005208 0.375781 0.005208 0.376563 0.006250 0.376563 0.007292 0.375781 0.008333 0.375781 0.009375 0.374219 0.011458 0.373437 0.011458 0.373437 0.010417 0.372656 0.009375 0.372656 0.008333 0.371875 0.007292 0.372656 0.006250 0.373437 0.006250 0.374219 0.005208
0 0.960156 0.007292 0.964844 0.007292 0.964844 0.008333 0.962500 0.011458 0.961719 0.011458 0.960938 0.010417 0.960156 0.010417 0.960156 0.007292
0 0.892969 0.014583 0.895312 0.014583 0.896094 0.014583 0.896094 0.015625 0.896875 0.016667 0.896875 0.017708 0.896875 0.018750 0.896094 0.019792 0.894531 0.019792 0.893750 0.019792 0.892969 0.018750 0.892969 0.014583
0 0.403125 0.016667 0.405469 0.016667 0.406250 0.016667 0.407031 0.017708 0.407813 0.017708 0.407813 0.018750 0.408594 0.019792 0.408594 0.020833 0.407813 0.021875 0.407813 0.022917 0.407031 0.023958 0.406250 0.025000 0.405469 0.023958 0.404687 0.023958 0.403906 0.022917 0.403125 0.022917 0.402344 0.021875 0.401562 0.020833 0.401562 0.018750 0.401562 0.017708 0.402344 0.017708 0.403125 0.016667
0 0.560937 0.020833 0.562500 0.020833 0.563281 0.020833 0.563281 0.022917 0.564063 0.023958 0.563281 0.025000 0.562500 0.026042 0.561719 0.026042 0.560937 0.026042 0.560937 0.020833
0 0.897656 0.022917 0.898438 0.022917 0.899219 0.022917 0.900000 0.023958 0.900781 0.023958 0.901563 0.023958 0.902344 0.025000 0.903125 0.025000 0.903125 0.026042 0.903125 0.027083 0.902344 0.028125 0.898438 0.028125 0.897656 0.028125 0.897656 0.022917
0 0.110937 0.026042 0.115625 0.026042 0.116406 0.026042 0.116406 0.029167 0.116406 0.030208 0.115625 0.031250 0.114062 0.031250 0.113281 0.031250 0.112500 0.030208 0.111719 0.030208 0.110937 0.029167 0.110937 0.028125 0.110156 0.027083 0.110937 0.026042
0 0.016406 0.027083 0.017188 0.028125 0.017969 0.029167 0.018750 0.029167 0.019531 0.030208 0.017969 0.032292 0.017188 0.033333 0.015625 0.033333 0.014844 0.033333 0.013281 0.031250 0.012500 0.030208 0.013281 0.029167 0.014063 0.029167 0.014844 0.029167 0.016406 0.027083
0 0.069531 0.028125 0.071094 0.028125 0.071875 0.028125 0.071875 0.029167 0.072656 0.030208 0.071875 0.030208 0.071094 0.031250 0.071094 0.032292 0.070312 0.033333 0.070312 0.035417 0.069531 0.036458 0.064062 0.036458 0.063281 0.036458 0.062500 0.035417 0.061719 0.035417 0.061719 0.032292 0.062500 0.031250 0.063281 0.031250 0.064062 0.030208 0.065625 0.030208 0.066406 0.030208 0.067187 0.029167 0.067969 0.029167 0.068750 0.029167 0.069531 0.028125
0 0.683594 0.029367 0.685156 0.029367 0.685937 0.030409 0.685937 0.032492 0.686719 0.033534 0.686284 0.035918 0.685156 0.036659 0.684375 0.035617 0.684375 0.033534 0.683594 0.032492 0.683594 0.029367
0 0.752344 0.030208 0.753125 0.031250 0.753906 0.031250 0.754687 0.032292 0.753906 0.033333 0.753906 0.034375 0.753125 0.035417 0.753125 0.037500 0.753125 0.038542 0.752870 0.040886 0.751563 0.040625 0.750781 0.040625 0.750000 0.040625 0.749219 0.039583 0.748437 0.038542 0.747385 0.035918 0.747656 0.034375 0.748437 0.033333 0.749219 0.032292 0.750000 0.032292 0.750781 0.032292 0.752344 0.030208
0 0.346094 0.032292 0.347656 0.032292 0.348438 0.033333 0.348508 0.034716 0.348679 0.036098 0.347031 0.037500 0.345313 0.037500 0.344205 0.036799 0.344531 0.035417 0.345313 0.034375 0.345313 0.033333 0.346094 0.032292
0 0.901563 0.033333 0.902344 0.033333 0.903125 0.033333 0.903125 0.035417 0.903125 0.036458 0.901563 0.038542 0.900781 0.039583 0.900781 0.040625 0.900676 0.042669 0.900000 0.042708 0.899219 0.041667 0.899219 0.036458 0.899219 0.035417 0.900000 0.035417 0.901563 0.033333
0 0.774219 0.034375 0.775000 0.035417 0.775781 0.035417 0.776563 0.035417 0.777344 0.036458 0.777344 0.038542 0.777344 0.039583 0.775000 0.042708 0.775000 0.043750 0.774219 0.044792 0.773438 0.044792 0.772656 0.044792 0.771875 0.043750 0.771875 0.039583 0.771875 0.038542 0.772656 0.038542 0.773438 0.037500 0.774219 0.036458 0.774219 0.034375
0 0.147656 0.035417 0.149219 0.035417 0.150000 0.035417 0.150781 0.036458 0.153125 0.036458 0.153125 0.037500 0.152344 0.038542 0.152344 0.039583 0.150781 0.041667 0.150000 0.041667 0.148438 0.039583 0.147656 0.038542 0.147656 0.035417
0 0.473438 0.037500 0.474219 0.037500 0.475000 0.037500 0.475781 0.038542 0.476562 0.038542 0.478906 0.041667 0.479687 0.041667 0.476562 0.045833 0.475781 0.046875 0.475000 0.046875 0.474219 0.045833 0.474219 0.044792 0.472656 0.042708 0.471875 0.041667 0.471875 0.039583 0.471875 0.038542 0.472656 0.038542 0.473438 0.037500
0 0.056250 0.040625 0.057031 0.041667 0.058594 0.041667 0.059375 0.041667 0.060156 0.042708 0.061719 0.042708 0.062500 0.042708 0.062500 0.043750 0.064062 0.045833 0.064844 0.046875 0.065625 0.046875 0.066406 0.046875 0.066406 0.047917 0.067187 0.048958 0.064844 0.052083 0.064062 0.053125 0.063281 0.053125 0.062500 0.054167 0.061719 0.054167 0.058594 0.058333 0.057813 0.059375 0.057031 0.059375 0.056250 0.060417 0.055469 0.059375 0.054688 0.058333 0.053125 0.058333 0.052344 0.058333 0.051562 0.057292 0.050781 0.056250 0.050781 0.048958 0.050781 0.047917 0.051562 0.046875 0.052344 0.045833 0.052344 0.043750 0.052344 0.042708 0.053125 0.042708 0.053906 0.041667 0.054688 0.041667 0.055469 0.041667 0.056250 0.040625
0 0.309375 0.040625 0.310156 0.041667 0.310937 0.041667 0.311719 0.041667 0.311719 0.043750 0.312500 0.044792 0.312500 0.046875 0.312500 0.047917 0.310937 0.050000 0.310156 0.051042 0.308594 0.051042 0.307812 0.052083 0.307812 0.054167 0.307812 0.055208 0.310156 0.058333 0.310156 0.059375 0.309375 0.060417 0.308594 0.060417 0.307812 0.061458 0.306250 0.061458 0.305469 0.061458 0.304688 0.062500 0.302344 0.062500 0.301563 0.062500 0.300781 0.063542 0.299219 0.063542 0.298438 0.063542 0.298438 0.061458 0.298438 0.060417 0.297656 0.059375 0.297656 0.058333 0.296875 0.057292 0.296094 0.056250 0.296094 0.050000 0.296094 0.048958 0.296875 0.047917 0.297656 0.047917 0.298438 0.047917 0.299219 0.046875 0.300781 0.046875 0.301563 0.045833 0.302344 0.045833 0.303125 0.045833 0.303906 0.046875 0.305469 0.046875 0.306250 0.046875 0.307031 0.045833 0.307031 0.044792 0.307031 0.043750 0.307812 0.043750 0.308594 0.042708 0.308594 0.041667 0.309375 0.040625
0 0.257812 0.042708 0.260937 0.042708 0.261719 0.042708 0.261719 0.044792 0.261719 0.045833 0.262500 0.046875 0.262500 0.047917 0.263281 0.048958 0.264062 0.048958 0.264062 0.050000 0.263281 0.051042 0.263281 0.052083 0.262500 0.053125 0.262500 0.057292 0.262500 0.058333 0.257812 0.064583 0.257031 0.064583 0.255469 0.062500 0.254688 0.062500 0.254688 0.061458 0.253906 0.060417 0.253125 0.060417 0.253125 0.059375 0.253125 0.058333 0.252344 0.057292 0.252344 0.056250 0.252344 0.055208 0.253125 0.054167 0.254688 0.054167 0.255469 0.053125 0.255469 0.050000 0.255469 0.048958 0.256250 0.047917 0.256250 0.046875 0.257031 0.046875 0.257812 0.045833 0.257812 0.042708
0 0.143750 0.045833 0.144531 0.046875 0.145313 0.046875 0.145313 0.047917 0.145028 0.050568 0.143750 0.051042 0.142969 0.050000 0.142187 0.050000 0.142187 0.047917 0.142187 0.046875 0.142969 0.046875 0.143750 0.045833
0 0.435937 0.046875 0.436719 0.047917 0.436719 0.050000 0.437500 0.051042 0.437500 0.054167 0.437500 0.055208 0.436719 0.056250 0.435937 0.057292 0.435156 0.056250 0.434375 0.056250 0.433594 0.055208 0.433594 0.053125 0.432812 0.052083 0.432812 0.051042 0.432812 0.050000 0.434375 0.047917 0.435156 0.047917 0.435937 0.046875
0 0.359375 0.050000 0.360156 0.050000 0.360938 0.050000 0.360938 0.052083 0.361719 0.053125 0.360938 0.054167 0.360938 0.055208 0.360156 0.056250 0.360156 0.057292 0.359375 0.058333 0.357031 0.058333 0.356250 0.058333 0.356250 0.057292 0.356250 0.056250 0.355469 0.055208 0.355469 0.054167 0.355469 0.053125 0.356250 0.052083 0.356250 0.051042 0.357812 0.051042 0.358594 0.051042 0.359375 0.050000
0 0.467969 0.052083 0.468750 0.052083 0.469531 0.052083 0.470313 0.053125 0.471094 0.053125 0.471875 0.054167 0.470313 0.056250 0.469531 0.057292 0.467969 0.057292 0.467187 0.056250 0.467969 0.055208 0.467969 0.052083
0 0.828906 0.052083 0.831250 0.052083 0.832031 0.052083 0.832812 0.053125 0.832812 0.055208 0.832812 0.056250 0.832031 0.057292 0.831250 0.057292 0.830469 0.057292 0.829688 0.056250 0.828906 0.056250 0.828906 0.052083
0 0.374219 0.053125 0.375781 0.053125 0.376563 0.053125 0.376563 0.054167 0.376563 0.055208 0.374219 0.058333 0.373437 0.058333 0.373437 0.056250 0.373437 0.055208 0.374219 0.054167 0.374219 0.053125
0 0.959375 0.053125 0.960156 0.053125 0.960938 0.053125 0.961719 0.054167 0.962500 0.055208 0.961719 0.056250 0.961719 0.058333 0.960938 0.059375 0.960156 0.059375 0.959375 0.058333 0.958594 0.058333 0.958594 0.055208 0.958594 0.054167 0.959375 0.053125
0 0.453125 0.057292 0.453906 0.057292 0.454688 0.057292 0.454688 0.059375 0.454688 0.060417 0.453906 0.061458 0.453906 0.063542 0.453125 0.064583 0.452344 0.064583 0.451562 0.063542 0.450781 0.063542 0.450000 0.062500 0.446875 0.062500 0.446094 0.062500 0.446094 0.059375 0.446875 0.058333 0.451562 0.058333 0.452344 0.058333 0.453125 0.057292
0 0.659375 0.057292 0.660937 0.057292 0.661719 0.057292 0.662500 0.058333 0.662500 0.059375 0.662500 0.060417 0.661719 0.061458 0.659375 0.061458 0.658594 0.061458 0.658594 0.059375 0.658594 0.058333 0.659375 0.057292
0 0.045312 0.058333 0.046094 0.058333 0.046875 0.058333 0.046875 0.064583 0.046875 0.065625 0.046094 0.066667 0.046094 0.067708 0.045312 0.068750 0.044531 0.069792 0.042969 0.069792 0.042188 0.069792 0.041406 0.068750 0.040625 0.067708 0.040625 0.065625 0.041406 0.064583 0.041406 0.060417 0.041406 0.059375 0.043750 0.059375 0.044531 0.059375 0.045312 0.058333
0 0.461719 0.063542 0.464062 0.063542 0.464844 0.063542 0.465625 0.064583 0.465625 0.066667 0.465625 0.067708 0.464844 0.068750 0.464062 0.068750 0.463281 0.068750 0.462500 0.067708 0.462500 0.066667 0.461719 0.065625 0.461719 0.063542
0 0.009375 0.064583 0.010156 0.064583 0.010937 0.064583 0.011719 0.065625 0.012500 0.065625 0.012500 0.069792 0.012500 0.070833 0.010937 0.072917 0.010156 0.073958 0.009375 0.072917 0.008594 0.072917 0.008594 0.071875 0.007812 0.070833 0.007812 0.068750 0.007812 0.067708 0.008594 0.066667 0.009375 0.065625 0.009375 0.064583
0 0.638281 0.065625 0.639844 0.065625 0.640625 0.065625 0.641406 0.066667 0.642188 0.067708 0.642188 0.069792 0.642188 0.070833 0.640625 0.072917 0.639844 0.073958 0.639062 0.073958 0.638281 0.075000 0.637500 0.075000 0.637500 0.067708 0.637500 0.066667 0.638281 0.065625
0 0.490625 0.066667 0.492188 0.066667 0.492969 0.067708 0.492188 0.068750 0.492188 0.069792 0.491406 0.070833 0.490625 0.070833 0.489844 0.070833 0.489844 0.068750 0.489844 0.067708 0.490625 0.066667
0 0.297656 0.068750 0.299219 0.068750 0.300000 0.068750 0.300000 0.070833 0.300000 0.071875 0.299219 0.072917 0.298438 0.073958 0.297656 0.072917 0.297656 0.068750
0 0.371875 0.068750 0.374219 0.068750 0.375000 0.068750 0.375000 0.069792 0.375000 0.070833 0.373437 0.072917 0.372656 0.072917 0.371875 0.071875 0.371094 0.071875 0.371094 0.070833 0.371094 0.069792 0.371875 0.068750
0 0.396094 0.069792 0.397656 0.069792 0.398438 0.070833 0.398438 0.073958 0.397656 0.075000 0.396875 0.075000 0.396094 0.075000 0.395313 0.073958 0.394531 0.073958 0.393750 0.072917 0.394531 0.071875 0.394531 0.070833 0.395313 0.070833 0.396094 0.069792
0 0.143750 0.070833 0.145313 0.070833 0.146094 0.071875 0.146094 0.075000 0.146875 0.076042 0.146875 0.077083 0.146875 0.078125 0.146094 0.079167 0.145313 0.080208 0.144531 0.079167 0.143750 0.078125 0.141406 0.078125 0.140625 0.078125 0.140625 0.076042 0.140625 0.075000 0.142187 0.072917 0.142969 0.072917 0.143750 0.071875 0.143750 0.070833
0 0.864844 0.070833 0.865625 0.071875 0.866406 0.071875 0.867188 0.071875 0.867188 0.072917 0.866406 0.073958 0.866406 0.082292 0.866406 0.083333 0.867188 0.084375 0.867969 0.084375 0.867969 0.086458 0.867188 0.087500 0.866406 0.087500 0.865625 0.086458 0.864844 0.086458 0.864062 0.086458 0.864062 0.085417 0.864062 0.084375 0.863281 0.083333 0.862500 0.082292 0.862500 0.081250 0.861719 0.080208 0.858594 0.080208 0.857812 0.080208 0.857812 0.079167 0.857031 0.078125 0.856250 0.078125 0.855469 0.077083 0.855469 0.076042 0.855469 0.075000 0.857812 0.075000 0.858594 0.075000 0.859375 0.073958 0.860156 0.073958 0.860938 0.073958 0.861719 0.072917 0.862500 0.071875 0.863281 0.071875 0.864062 0.071875 0.864844 0.070833
0 0.549219 0.072917 0.550000 0.072917 0.550781 0.072917 0.550781 0.073958 0.551562 0.075000 0.551562 0.076042 0.549219 0.079167 0.548438 0.079167 0.548438 0.076042 0.547656 0.075000 0.549219 0.072917
0 0.134375 0.075000 0.135937 0.075000 0.136719 0.075000 0.136719 0.077083 0.136719 0.078125 0.137500 0.079167 0.138281 0.079167 0.139063 0.079167 0.139063 0.080208 0.138281 0.081250 0.137500 0.081250 0.136719 0.082292 0.135937 0.082292 0.135156 0.083333 0.134375 0.083333 0.134375 0.081250 0.133170 0.079967 0.132989 0.076842 0.133350 0.075921 0.134375 0.075000
0 0.503125 0.076042 0.504687 0.076042 0.505469 0.076042 0.505469 0.077083 0.506250 0.078125 0.505469 0.079167 0.505469 0.080208 0.504687 0.081250 0.503906 0.081250 0.503125 0.081250 0.503125 0.078125 0.502344 0.077083 0.503125 0.076042
0 0.523438 0.076042 0.524219 0.076042 0.525000 0.076042 0.525000 0.079167 0.525000 0.080208 0.523438 0.082292 0.523438 0.083333 0.522656 0.082292 0.521875 0.082292 0.521875 0.080208 0.521875 0.079167 0.522656 0.079167 0.523438 0.078125 0.523438 0.076042
0 0.368750 0.078125 0.371094 0.078125 0.371094 0.079167 0.370312 0.080208 0.369531 0.081250 0.368750 0.081250 0.367969 0.081250 0.367969 0.080208 0.367969 0.079167 0.368750 0.078125
0 0.278125 0.083333 0.279687 0.083333 0.280469 0.084375 0.280469 0.085417 0.281250 0.086458 0.282031 0.087500 0.281250 0.088542 0.281250 0.089583 0.280469 0.090625 0.279687 0.090625 0.278906 0.090625 0.278125 0.089583 0.277344 0.089583 0.276562 0.089583 0.276562 0.088542 0.276562 0.087500 0.277344 0.086458 0.277344 0.085417 0.277344 0.084375 0.278125 0.083333
0 0.551562 0.083333 0.554688 0.083333 0.555469 0.083333 0.556250 0.084375 0.556250 0.085417 0.555469 0.086458 0.554688 0.086458 0.553906 0.086458 0.553125 0.087500 0.552344 0.087500 0.551562 0.087500 0.551562 0.083333
0 0.078906 0.085417 0.081250 0.085417 0.082031 0.085417 0.082812 0.086458 0.083594 0.086458 0.083594 0.087500 0.082812 0.088542 0.082812 0.090625 0.082812 0.091667 0.082031 0.092708 0.081250 0.092708 0.080469 0.093750 0.079687 0.092708 0.078906 0.091667 0.078906 0.090625 0.078125 0.089583 0.078125 0.087500 0.078125 0.086458 0.078906 0.085417
0 0.195312 0.091667 0.196875 0.091667 0.197656 0.091667 0.197656 0.092708 0.198437 0.093750 0.198437 0.094792 0.197656 0.095833 0.196875 0.095833 0.196094 0.095833 0.195312 0.094792 0.195312 0.091667
0 0.264844 0.091667 0.265625 0.091667 0.266406 0.091667 0.267188 0.092708 0.267188 0.094792 0.266406 0.095833 0.265625 0.095833 0.264844 0.095833 0.264844 0.091667
0 0.054688 0.093750 0.056250 0.093750 0.057031 0.093750 0.057813 0.094792 0.058594 0.094792 0.058594 0.096875 0.058594 0.097917 0.057813 0.098958 0.057031 0.098958 0.056250 0.100000 0.055469 0.098958 0.054688 0.097917 0.054688 0.095833 0.053906 0.094792 0.054688 0.093750
0 0.482812 0.093750 0.484375 0.093750 0.485156 0.093750 0.485938 0.094792 0.486719 0.095833 0.488281 0.095833 0.489063 0.095833 0.489063 0.096875 0.489063 0.097917 0.489844 0.098958 0.491406 0.098958 0.492188 0.098958 0.493750 0.101042 0.494531 0.102083 0.494531 0.104167 0.494531 0.105208 0.493750 0.106250 0.492969 0.106250 0.492188 0.107292 0.492188 0.109375 0.492188 0.110417 0.491406 0.111458 0.491406 0.112500 0.489063 0.115625 0.488281 0.116667 0.484375 0.116667 0.483594 0.116667 0.482031 0.118750 0.482031 0.119792 0.481250 0.120833 0.480469 0.120833 0.479687 0.120833 0.478906 0.119792 0.478906 0.118750 0.478906 0.117708 0.478125 0.116667 0.478125 0.115625 0.478125 0.114583 0.477344 0.113542 0.476562 0.112500 0.476562 0.111458 0.476562 0.110417 0.477344 0.109375 0.478125 0.108333 0.478125 0.106250 0.478125 0.105208 0.478906 0.104167 0.479687 0.103125 0.479687 0.102083 0.480469 0.101042 0.480469 0.100000 0.480469 0.098958 0.481250 0.097917 0.481250 0.096875 0.482031 0.095833 0.482812 0.094792 0.482812 0.093750
0 0.743750 0.100000 0.745313 0.100000 0.746094 0.101042 0.746094 0.102083 0.746094 0.103125 0.745313 0.104167 0.744531 0.105208 0.743750 0.105208 0.743750 0.104167 0.742969 0.103125 0.742188 0.103125 0.741406 0.103125 0.741406 0.102083 0.741406 0.101042 0.742188 0.101042 0.742969 0.101042 0.743750 0.100000
0 0.679688 0.102083 0.681250 0.102083 0.682031 0.103125 0.682031 0.104167 0.681552 0.107213 0.681088 0.107543 0.680469 0.107292 0.680565 0.109021 0.680093 0.110122 0.679518 0.110407 0.678066 0.110544 0.675634 0.110328 0.673563 0.109778 0.673349 0.106338 0.674226 0.106329 0.675000 0.106250 0.675781 0.106250 0.676562 0.106250 0.678125 0.104167 0.678906 0.104167 0.679688 0.103125 0.679688 0.102083
0 0.215625 0.107292 0.216406 0.108333 0.217188 0.108333 0.217188 0.109375 0.216406 0.110417 0.215625 0.110417 0.214844 0.110417 0.214062 0.111458 0.213281 0.111458 0.212500 0.110417 0.212500 0.109375 0.212500 0.108333 0.214062 0.108333 0.214844 0.108333 0.215625 0.107292
0 0.912500 0.108333 0.913281 0.108333 0.914062 0.108333 0.914062 0.110417 0.914062 0.111458 0.915625 0.113542 0.916406 0.114583 0.916406 0.115625 0.915625 0.116667 0.914844 0.116667 0.914062 0.115625 0.912500 0.115625 0.911719 0.114583 0.911719 0.110417 0.911719 0.109375 0.912500 0.108333
0 0.635938 0.109375 0.636719 0.109375 0.637500 0.109375 0.637500 0.110417 0.636719 0.111458 0.635938 0.112500 0.635938 0.114583 0.635938 0.115625 0.636719 0.116667 0.636719 0.118750 0.636719 0.119792 0.635938 0.120833 0.635156 0.120833 0.634375 0.121875 0.633594 0.121875 0.632812 0.120833 0.632812 0.118750 0.632031 0.117708 0.632812 0.116667 0.635156 0.116667 0.635938 0.115625 0.635938 0.109375
0 0.518750 0.112500 0.521875 0.112500 0.522656 0.112500 0.523438 0.113542 0.524219 0.113542 0.525000 0.113542 0.525000 0.115625 0.525000 0.116667 0.524219 0.117708 0.522656 0.117708 0.521875 0.117708 0.521875 0.116667 0.521094 0.115625 0.519531 0.115625 0.518750 0.115625 0.518750 0.114583 0.517969 0.113542 0.518750 0.112500
0 0.932031 0.112500 0.934375 0.112500 0.935156 0.112500 0.935156 0.114583 0.935156 0.115625 0.934375 0.116667 0.933594 0.117708 0.933594 0.120833 0.933594 0.121875 0.932813 0.122917 0.932031 0.123958 0.928125 0.123958 0.927344 0.123958 0.927344 0.119792 0.926562 0.118750 0.927344 0.117708 0.928125 0.116667 0.928125 0.115625 0.928125 0.114583 0.930469 0.114583 0.931250 0.114583 0.932031 0.113542 0.932031 0.112500
0 0.205469 0.113542 0.206250 0.113542 0.207031 0.113542 0.208594 0.115625 0.209375 0.116667 0.210156 0.116667 0.210938 0.117708 0.210938 0.118750 0.210156 0.119792 0.209375 0.119792 0.208594 0.120833 0.207813 0.120833 0.207031 0.121875 0.204687 0.121875 0.203906 0.121875 0.203125 0.122917 0.202344 0.122917 0.201563 0.123958 0.200781 0.125000 0.200000 0.125000 0.199219 0.125000 0.199219 0.123958 0.199219 0.122917 0.200000 0.121875 0.200000 0.120833 0.200781 0.120833 0.201563 0.119792 0.201563 0.118750 0.201563 0.117708 0.202344 0.117708 0.205469 0.113542
0 0.535156 0.116667 0.539062 0.116667 0.539844 0.116667 0.539844 0.117708 0.540625 0.118750 0.541406 0.119792 0.541406 0.120833 0.539844 0.122917 0.539844 0.123958 0.539062 0.125000 0.538281 0.125000 0.537500 0.126042 0.535937 0.126042 0.535156 0.126042 0.534375 0.125000 0.532813 0.125000 0.532031 0.123958 0.532031 0.121875 0.532031 0.120833 0.532813 0.120833 0.534375 0.118750 0.535156 0.117708 0.535156 0.116667
0 0.029687 0.117708 0.031250 0.119792 0.032031 0.119792 0.032031 0.120833 0.032813 0.121875 0.033594 0.121875 0.033594 0.122917 0.034375 0.123958 0.034375 0.127083 0.034375 0.128125 0.033594 0.129167 0.033594 0.130208 0.032813 0.131250 0.032031 0.131250 0.031250 0.132292 0.030469 0.131250 0.030469 0.130208 0.029687 0.129167 0.028906 0.129167 0.028125 0.128125 0.028125 0.126042 0.028906 0.125000 0.028906 0.119792 0.028906 0.118750 0.029687 0.117708
0 0.510938 0.117708 0.512500 0.117708 0.513281 0.118750 0.513281 0.121875 0.512500 0.122917 0.510938 0.122917 0.510156 0.122917 0.510156 0.120833 0.509375 0.119792 0.510938 0.117708
0 0.310156 0.118750 0.310937 0.119792 0.311719 0.119792 0.312500 0.120833 0.312500 0.121875 0.311719 0.122917 0.311719 0.125000 0.311719 0.126042 0.309375 0.129167 0.309375 0.130208 0.308594 0.129167 0.308594 0.125000 0.307812 0.123958 0.308594 0.122917 0.308594 0.121875 0.309375 0.120833 0.309375 0.119792 0.310156 0.118750
0 0.621875 0.121875 0.623437 0.123958 0.624219 0.123958 0.624219 0.127083 0.624219 0.128125 0.623437 0.129167 0.622656 0.129167 0.621875 0.130208 0.618750 0.126042 0.617969 0.125000 0.617969 0.123958 0.617969 0.122917 0.620313 0.122917 0.621094 0.122917 0.621875 0.121875
0 0.914062 0.122917 0.915625 0.122917 0.916406 0.123958 0.916406 0.125000 0.915625 0.126042 0.915625 0.127083 0.914844 0.128125 0.914062 0.128125 0.913281 0.129167 0.913281 0.127083 0.913281 0.126042 0.914062 0.125000 0.914062 0.122917
0 0.293750 0.125000 0.299219 0.125000 0.300000 0.125000 0.300000 0.126042 0.300781 0.127083 0.301563 0.128125 0.300781 0.128125 0.300000 0.129167 0.299219 0.129167 0.298438 0.130208 0.297656 0.130208 0.296875 0.131250 0.296875 0.130208 0.296094 0.129167 0.295312 0.128125 0.294531 0.128125 0.293750 0.128125 0.293750 0.125000
0 0.375781 0.125000 0.377344 0.125000 0.378125 0.125000 0.379675 0.124928 0.380343 0.124799 0.381250 0.126175 0.382683 0.127122 0.382152 0.133344 0.379688 0.133422 0.378154 0.133127 0.377624 0.133072 0.376926 0.132236 0.375781 0.130208 0.375000 0.130208 0.374248 0.128922 0.374219 0.126042 0.375000 0.126042 0.375781 0.125000
0 0.716406 0.126042 0.717187 0.126042 0.717969 0.126042 0.719531 0.128125 0.720313 0.129167 0.719531 0.130208 0.718750 0.131250 0.717187 0.131250 0.715625 0.128125 0.716406 0.127083 0.716406 0.126042
0 0.558594 0.128125 0.560156 0.128125 0.560937 0.128125 0.561719 0.129167 0.561719 0.130208 0.560937 0.131250 0.560156 0.131250 0.559375 0.132292 0.558594 0.132292 0.557813 0.131250 0.557813 0.130208 0.557813 0.129167 0.558594 0.128125
0 0.582812 0.128125 0.585938 0.128125 0.586719 0.128125 0.586719 0.129167 0.586719 0.130208 0.585938 0.131250 0.585156 0.132292 0.584375 0.132292 0.583594 0.132292 0.582812 0.131250 0.582812 0.128125
0 0.510156 0.131250 0.510938 0.132292 0.511719 0.132292 0.512500 0.133333 0.512500 0.134375 0.511719 0.135417 0.510938 0.136458 0.509375 0.136458 0.508594 0.136458 0.508594 0.133333 0.508594 0.132292 0.509375 0.132292 0.510156 0.131250
0 0.346094 0.132292 0.348438 0.132292 0.349219 0.132292 0.349219 0.134375 0.349219 0.135417 0.348438 0.136458 0.347656 0.137500 0.346875 0.136458 0.346094 0.136458 0.346094 0.132292
0 0.532031 0.135417 0.532813 0.136458 0.533594 0.136458 0.534375 0.136458 0.534375 0.141667 0.535156 0.142708 0.534375 0.142708 0.533594 0.143750 0.532813 0.144792 0.532031 0.144792 0.531250 0.144792 0.530469 0.143750 0.530469 0.142708 0.529687 0.141667 0.528125 0.141667 0.527344 0.140625 0.523438 0.140625 0.522656 0.140625 0.522656 0.139583 0.522656 0.138542 0.523438 0.138542 0.524219 0.137500 0.525000 0.136458 0.530469 0.136458 0.531250 0.136458 0.532031 0.135417
0 0.232031 0.136458 0.233594 0.136458 0.234375 0.136458 0.235156 0.137500 0.235937 0.137500 0.235937 0.138542 0.236719 0.139583 0.237500 0.140625 0.236719 0.141667 0.235937 0.142708 0.235156 0.142708 0.234375 0.143750 0.233594 0.142708 0.233594 0.141667 0.232031 0.139583 0.232031 0.137500 0.232031 0.136458
0 0.064844 0.138542 0.066406 0.140625 0.067187 0.140625 0.067187 0.141667 0.066406 0.142708 0.064062 0.142708 0.063281 0.141667 0.063281 0.140625 0.063281 0.139583 0.064062 0.139583 0.064844 0.138542
0 0.559375 0.138542 0.560937 0.138542 0.561719 0.139583 0.560937 0.140625 0.560937 0.141667 0.560156 0.142708 0.559375 0.142708 0.558594 0.143750 0.558594 0.142708 0.557813 0.141667 0.558594 0.140625 0.559375 0.139583 0.559375 0.138542
0 0.386719 0.140625 0.389062 0.140625 0.389844 0.141667 0.389844 0.143750 0.389844 0.144792 0.388281 0.146875 0.387500 0.147917 0.387500 0.146875 0.387500 0.145833 0.386719 0.144792 0.385937 0.144792 0.385937 0.143750 0.385937 0.142708 0.386719 0.141667 0.386719 0.140625
0 0.494531 0.140625 0.495312 0.141667 0.496094 0.141667 0.496094 0.142708 0.496875 0.143750 0.497656 0.144792 0.500000 0.144792 0.500781 0.145833 0.500781 0.152083 0.500781 0.153125 0.501563 0.154167 0.502344 0.154167 0.502344 0.156250 0.503125 0.157292 0.504687 0.157292 0.505469 0.157292 0.505469 0.158333 0.504687 0.159375 0.503906 0.160417 0.503125 0.160417 0.502344 0.161458 0.501563 0.161458 0.500781 0.160417 0.500000 0.159375 0.500000 0.156250 0.500000 0.155208 0.499219 0.154167 0.499219 0.152083 0.499219 0.151042 0.498437 0.150000 0.497656 0.148958 0.496094 0.148958 0.495312 0.148958 0.494531 0.147917 0.493750 0.147917 0.493750 0.145833 0.493750 0.144792 0.492969 0.143750 0.492969 0.142708 0.492969 0.141667 0.493750 0.141667 0.494531 0.140625
0 0.694531 0.140625 0.696875 0.140625 0.697656 0.141667 0.697350 0.144954 0.694531 0.145833 0.693750 0.144792 0.693750 0.142708 0.693750 0.141667 0.694531 0.140625
0 0.705469 0.140625 0.707031 0.140625 0.707812 0.140625 0.707812 0.142708 0.708594 0.143750 0.707812 0.143750 0.707031 0.144792 0.706250 0.143750 0.705469 0.143750 0.705469 0.140625
0 0.510156 0.141667 0.510938 0.141667 0.511719 0.141667 0.512500 0.142708 0.513281 0.142708 0.510156 0.146875 0.509375 0.147917 0.508594 0.146875 0.508594 0.144792 0.508594 0.143750 0.510156 0.141667
0 0.014239 0.242127 0.014099 0.240839 0.012884 0.239219 0.011966 0.238829 0.011586 0.238303 0.011078 0.238116 0.010570 0.238303 0.010195 0.238803 0.010054 0.239684 0.010348 0.240666 0.010723 0.241166 0.011779 0.241556 0.012142 0.241939 0.011799 0.242672 0.010723 0.243801 0.010119 0.244709 0.009978 0.245895 0.010119 0.246572 0.010494 0.247072 0.011001 0.247259 0.011891 0.246970 0.012266 0.246470 0.012360 0.245569 0.013488 0.244230 0.014099 0.242805
0 0.127344 0.145833 0.128906 0.145833 0.129688 0.145833 0.129688 0.147917 0.130469 0.148958 0.132031 0.148958 0.132812 0.148958 0.133594 0.147917 0.135156 0.147917 0.135937 0.147917 0.136719 0.148958 0.137500 0.148958 0.139063 0.151042 0.139844 0.152083 0.139844 0.153125 0.139063 0.154167 0.138281 0.154167 0.137500 0.155208 0.137500 0.161458 0.137500 0.162500 0.136719 0.163542 0.136719 0.164583 0.135937 0.165625 0.135156 0.165625 0.134375 0.166667 0.133594 0.167708 0.132812 0.166667 0.132031 0.166667 0.130469 0.164583 0.129688 0.163542 0.129688 0.159375 0.129688 0.158333 0.128906 0.157292 0.127344 0.157292 0.126562 0.157292 0.125781 0.156250 0.125000 0.156250 0.125000 0.152083 0.125000 0.151042 0.125781 0.150000 0.125781 0.148958 0.126562 0.147917 0.127344 0.146875 0.127344 0.145833
0 0.178125 0.145833 0.181250 0.145833 0.182031 0.146875 0.181250 0.147917 0.181250 0.148958 0.180469 0.150000 0.179688 0.151042 0.179688 0.151042 0.178906 0.150000 0.178125 0.148958 0.178125 0.145833
0 0.214062 0.145833 0.214844 0.146875 0.215625 0.146875 0.216406 0.147917 0.217188 0.147917 0.217969 0.147917 0.217969 0.148958 0.217188 0.150000 0.216406 0.151042 0.216406 0.153125 0.216406 0.154167 0.215625 0.155208 0.214844 0.156250 0.214062 0.156250 0.213281 0.155208 0.212500 0.155208 0.211719 0.154167 0.210938 0.154167 0.210156 0.153125 0.210938 0.152083 0.211719 0.151042 0.211719 0.150000 0.211719 0.148958 0.212500 0.147917 0.212500 0.146875 0.213281 0.146875 0.214062 0.145833
0 0.518750 0.146875 0.519531 0.147917 0.520312 0.147917 0.521094 0.147917 0.520312 0.148958 0.520312 0.151042 0.519531 0.152083 0.517969 0.152083 0.517188 0.151042 0.517188 0.150000 0.517188 0.148958 0.518750 0.146875
0 0.080469 0.147917 0.082031 0.147917 0.082031 0.148958 0.081250 0.150000 0.081250 0.151042 0.079687 0.153125 0.078906 0.153125 0.078906 0.151042 0.078125 0.150000 0.078906 0.150000 0.080469 0.147917
0 0.582031 0.148958 0.584375 0.148958 0.585156 0.148958 0.585156 0.150000 0.585156 0.151042 0.584375 0.152083 0.584375 0.153125 0.583594 0.154167 0.582812 0.155208 0.582031 0.155208 0.581250 0.154167 0.580469 0.154167 0.580469 0.151042 0.580469 0.150000 0.581250 0.150000 0.582031 0.148958
0 0.150781 0.150000 0.154688 0.150000 0.155469 0.150000 0.155469 0.155208 0.155469 0.156250 0.156250 0.157292 0.157031 0.157292 0.157812 0.157292 0.157812 0.159375 0.157812 0.160417 0.157031 0.161458 0.156250 0.161458 0.155469 0.160417 0.153906 0.160417 0.153125 0.160417 0.152344 0.161458 0.152344 0.162500 0.151562 0.163542 0.150781 0.164583 0.149219 0.164583 0.148438 0.164583 0.147656 0.163542 0.146094 0.163542 0.145313 0.162500 0.142969 0.162500 0.142187 0.162500 0.142187 0.161458 0.141406 0.160417 0.141406 0.156250 0.141406 0.155208 0.142187 0.155208 0.142969 0.155208 0.144531 0.153125 0.144531 0.152083 0.149219 0.152083 0.150000 0.152083 0.150781 0.151042 0.150781 0.150000
0 0.644531 0.151042 0.645312 0.152083 0.646094 0.152083 0.646094 0.155208 0.646094 0.156250 0.645312 0.157292 0.644531 0.158333 0.643750 0.158333 0.642969 0.158333 0.642188 0.157292 0.642188 0.155208 0.642188 0.154167 0.642969 0.153125 0.642969 0.152083 0.643750 0.152083 0.644531 0.151042
0 0.722656 0.150000 0.723437 0.150000 0.723437 0.152083 0.723437 0.156250 0.724219 0.157292 0.725781 0.157292 0.726562 0.157292 0.727344 0.158333 0.728906 0.158333 0.729688 0.159375 0.734375 0.159375 0.735156 0.159375 0.735156 0.160417 0.735938 0.161458 0.737500 0.161458 0.738281 0.161458 0.738281 0.163542 0.738281 0.164583 0.739062 0.165625 0.739062 0.166667 0.739844 0.167708 0.739844 0.168750 0.739844 0.169792 0.740625 0.170833 0.741406 0.171875 0.735938 0.179167 0.735156 0.180208 0.734375 0.180208 0.733594 0.181250 0.728125 0.181250 0.727344 0.182292 0.725781 0.182292 0.725000 0.182292 0.724219 0.181250 0.722656 0.181250 0.721875 0.180208 0.718750 0.180208 0.717969 0.179167 0.717969 0.175000 0.717187 0.173958 0.717187 0.168750 0.717187 0.167708 0.716406 0.166667 0.715625 0.165625 0.715625 0.163542 0.715625 0.162500 0.716406 0.161458 0.716406 0.160417 0.717187 0.160417 0.717969 0.159375 0.718750 0.159375 0.719531 0.158333 0.719531 0.157292 0.720313 0.156250 0.720313 0.155208 0.721094 0.154167 0.721094 0.153125 0.721875 0.152083 0.722656 0.151042 0.722656 0.150000
0 0.764844 0.151042 0.765625 0.151042 0.766406 0.151042 0.767188 0.152083 0.767188 0.153125 0.767969 0.154167 0.767969 0.155208 0.767969 0.156250 0.767188 0.157292 0.766406 0.158333 0.766406 0.160417 0.766406 0.161458 0.764062 0.164583 0.763281 0.164583 0.762500 0.163542 0.760938 0.163542 0.760156 0.162500 0.760156 0.161458 0.759375 0.160417 0.759375 0.159375 0.758594 0.158333 0.758594 0.157292 0.757812 0.156250 0.758594 0.155208 0.759375 0.154167 0.760156 0.154167 0.760938 0.153125 0.762500 0.153125 0.763281 0.153125 0.764844 0.151042
0 0.735938 0.152083 0.736719 0.152083 0.737500 0.152083 0.737500 0.153125 0.738281 0.154167 0.737500 0.155208 0.736719 0.156250 0.735938 0.156250 0.735938 0.154167 0.735156 0.153125 0.735938 0.152083
0 0.909375 0.152083 0.910937 0.152083 0.911719 0.152083 0.911719 0.153125 0.912500 0.154167 0.913281 0.154167 0.913281 0.155208 0.912500 0.156250 0.911719 0.157292 0.910156 0.157292 0.909375 0.157292 0.909375 0.152083
0 0.339844 0.153125 0.341406 0.153125 0.342187 0.153125 0.342187 0.156250 0.341406 0.157292 0.339062 0.157292 0.338281 0.157292 0.338281 0.156250 0.338281 0.155208 0.339844 0.153125
0 0.462500 0.153125 0.464062 0.153125 0.464844 0.153125 0.464844 0.154167 0.464844 0.155208 0.464062 0.156250 0.463281 0.157292 0.461719 0.157292 0.460938 0.157292 0.460938 0.155208 0.460938 0.154167 0.461719 0.154167 0.462500 0.153125
0 0.086719 0.154167 0.087500 0.154167 0.088281 0.154167 0.089063 0.155208 0.089063 0.156250 0.089844 0.157292 0.090625 0.157292 0.091406 0.158333 0.092188 0.159375 0.091406 0.159375 0.090625 0.160417 0.088281 0.160417 0.087500 0.159375 0.084375 0.159375 0.083594 0.159375 0.083594 0.158333 0.083594 0.157292 0.084375 0.157292 0.085156 0.156250 0.085156 0.155208 0.085938 0.155208 0.086719 0.154167
0 0.299219 0.154167 0.301563 0.154167 0.302344 0.154167 0.302344 0.155208 0.303125 0.156250 0.303125 0.157292 0.303125 0.158333 0.302344 0.159375 0.300781 0.159375 0.300000 0.160417 0.299219 0.160417 0.298438 0.159375 0.297656 0.159375 0.297656 0.157292 0.297656 0.156250 0.299219 0.154167
0 0.741406 0.155208 0.744531 0.155208 0.745313 0.155208 0.745313 0.157292 0.745313 0.158333 0.746094 0.159375 0.746875 0.159375 0.747656 0.160417 0.748437 0.160417 0.748437 0.163542 0.748437 0.164583 0.746094 0.167708 0.745313 0.168750 0.744531 0.167708 0.744531 0.162500 0.744531 0.161458 0.743750 0.160417 0.742969 0.160417 0.742188 0.160417 0.742188 0.159375 0.741406 0.158333 0.741406 0.155208
0 0.617969 0.157292 0.620313 0.157292 0.621094 0.157292 0.621094 0.159375 0.621094 0.160417 0.620313 0.161458 0.618750 0.161458 0.617969 0.161458 0.617969 0.157292
0 0.481250 0.158333 0.482812 0.158333 0.483594 0.158333 0.484375 0.159375 0.485156 0.160417 0.485156 0.161458 0.485938 0.162500 0.485156 0.163542 0.485156 0.164583 0.484375 0.165625 0.483594 0.166667 0.482812 0.165625 0.480469 0.165625 0.479687 0.165625 0.479687 0.162500 0.479687 0.161458 0.480469 0.160417 0.481250 0.159375 0.481250 0.158333
0 0.948438 0.158333 0.949219 0.159375 0.951562 0.159375 0.952344 0.159375 0.952344 0.160417 0.953125 0.161458 0.953125 0.162500 0.952344 0.163542 0.952344 0.164583 0.952344 0.165625 0.951562 0.166667 0.950781 0.167708 0.950000 0.167708 0.949219 0.168750 0.948438 0.168750 0.947656 0.168750 0.947656 0.164583 0.947656 0.163542 0.946875 0.162500 0.946094 0.161458 0.942969 0.161458 0.942187 0.162500 0.942187 0.160417 0.942187 0.159375 0.946875 0.159375 0.947656 0.159375 0.948438 0.158333
0 0.586719 0.160417 0.587500 0.160417 0.588281 0.160417 0.589063 0.161458 0.589844 0.161458 0.590625 0.161458 0.590625 0.163542 0.590625 0.164583 0.589844 0.165625 0.588281 0.165625 0.587500 0.166667 0.585156 0.166667 0.584375 0.166667 0.583594 0.167708 0.582812 0.167708 0.582031 0.166667 0.582031 0.165625 0.582031 0.164583 0.583594 0.164583 0.584375 0.164583 0.585156 0.163542 0.585156 0.162500 0.585156 0.161458 0.585938 0.161458 0.586719 0.160417
0 0.965625 0.160417 0.966406 0.160417 0.967187 0.160417 0.967187 0.161458 0.967969 0.162500 0.967969 0.167708 0.967969 0.168750 0.967187 0.169792 0.966406 0.170833 0.965625 0.169792 0.965625 0.168750 0.964844 0.167708 0.964844 0.166667 0.964063 0.165625 0.964063 0.162500 0.964063 0.161458 0.964844 0.161458 0.965625 0.160417
0 0.978125 0.161458 0.979688 0.161458 0.980469 0.161458 0.980469 0.162500 0.980469 0.163542 0.981250 0.164583 0.982812 0.164583 0.983594 0.164583 0.983594 0.165625 0.984375 0.166667 0.984375 0.167708 0.983594 0.168750 0.982812 0.168750 0.982031 0.169792 0.982031 0.175000 0.982031 0.176042 0.981250 0.177083 0.981250 0.178125 0.980469 0.179167 0.979688 0.180208 0.978125 0.178125 0.977344 0.177083 0.975000 0.177083 0.974219 0.177083 0.974219 0.176042 0.973437 0.175000 0.973437 0.173958 0.972656 0.172917 0.971875 0.172917 0.971875 0.171875 0.971875 0.170833 0.972656 0.169792 0.974219 0.169792 0.975000 0.168750 0.975000 0.166667 0.975000 0.165625 0.978125 0.161458
0 0.121094 0.163542 0.123438 0.163542 0.124219 0.164583 0.123438 0.165625 0.122656 0.166667 0.121875 0.166667 0.121094 0.166667 0.121094 0.165625 0.120313 0.164583 0.121094 0.163542
0 0.996875 0.163542 0.998437 0.163542 0.999219 0.162500 0.999219 0.169792 0.999219 0.170833 0.998437 0.171875 0.996094 0.171875 0.995313 0.171875 0.994531 0.170833 0.994531 0.168750 0.993750 0.167708 0.996875 0.163542
0 0.621875 0.165625 0.622656 0.166667 0.622656 0.167708 0.621875 0.168750 0.621094 0.169792 0.621094 0.170833 0.621094 0.171875 0.620313 0.172917 0.619531 0.173958 0.615625 0.173958 0.614844 0.175000 0.614062 0.173958 0.613281 0.172917 0.614062 0.171875 0.614062 0.170833 0.614844 0.169792 0.614844 0.168750 0.614844 0.167708 0.619531 0.167708 0.620313 0.167708 0.621875 0.165625
0 0.172656 0.166667 0.175000 0.166667 0.175781 0.166667 0.175781 0.168750 0.175781 0.169792 0.175000 0.170833 0.174219 0.170833 0.173437 0.170833 0.171875 0.172917 0.171094 0.172917 0.170313 0.173958 0.170313 0.175000 0.169531 0.176042 0.168750 0.176042 0.167969 0.176042 0.167187 0.175000 0.167187 0.171875 0.167187 0.170833 0.167969 0.169792 0.171094 0.169792 0.171875 0.169792 0.172656 0.168750 0.172656 0.166667
0 0.000000 0.167708 0.002344 0.167708 0.003125 0.167708 0.003906 0.168750 0.003906 0.169792 0.003906 0.170833 0.003125 0.171875 0.002344 0.172917 0.000781 0.172917 0.000000 0.171875 0.000000 0.167708
0 0.027344 0.171875 0.028125 0.171875 0.028906 0.171875 0.028906 0.175000 0.028906 0.176042 0.029687 0.177083 0.029687 0.179167 0.030469 0.180208 0.028906 0.182292 0.028125 0.182292 0.027344 0.183333 0.026562 0.184375 0.026562 0.185417 0.025781 0.186458 0.024219 0.186458 0.023438 0.186458 0.022656 0.187500 0.021875 0.188542 0.021875 0.187500 0.021094 0.186458 0.021094 0.185417 0.020313 0.184375 0.020313 0.183333 0.020313 0.182292 0.021875 0.180208 0.022656 0.179167 0.023438 0.179167 0.024219 0.178125 0.025781 0.178125 0.026562 0.177083 0.026562 0.173958 0.026562 0.172917 0.027344 0.171875
0 0.099219 0.172917 0.100781 0.172917 0.101562 0.173958 0.101562 0.178125 0.101562 0.179167 0.100000 0.181250 0.099219 0.182292 0.098437 0.182292 0.097656 0.183333 0.097656 0.184375 0.097656 0.183333 0.097656 0.182292 0.096875 0.181250 0.096094 0.180208 0.096094 0.176042 0.096094 0.175000 0.097656 0.175000 0.098437 0.175000 0.099219 0.173958 0.099219 0.172917
0 0.420312 0.172917 0.422656 0.172917 0.423438 0.172917 0.423438 0.173958 0.423438 0.175000 0.422656 0.176042 0.421875 0.176042 0.421094 0.176042 0.420312 0.175000 0.420312 0.172917
0 0.747656 0.172917 0.748437 0.172917 0.749219 0.172917 0.749219 0.173958 0.750000 0.175000 0.750000 0.176042 0.750000 0.177083 0.750781 0.178125 0.751563 0.178125 0.750781 0.179167 0.750781 0.180208 0.750000 0.181250 0.749219 0.182292 0.746875 0.179167 0.746094 0.179167 0.746094 0.177083 0.745313 0.176042 0.745313 0.175000 0.745313 0.173958 0.746094 0.173958 0.746875 0.173958 0.747656 0.172917
0 0.578906 0.173958 0.580469 0.173958 0.581250 0.175000 0.585938 0.175000 0.586719 0.173958 0.587500 0.173958 0.588281 0.173958 0.589063 0.175000 0.590625 0.175000 0.590625 0.176042 0.589844 0.177083 0.589844 0.178125 0.589063 0.179167 0.588281 0.179167 0.587500 0.179167 0.586719 0.178125 0.582812 0.178125 0.582031 0.178125 0.581250 0.177083 0.580469 0.177083 0.579688 0.177083 0.579688 0.176042 0.579688 0.175000 0.578906 0.173958
0 0.692187 0.173958 0.692969 0.173958 0.693750 0.173958 0.694531 0.175000 0.695312 0.176042 0.696875 0.176042 0.697656 0.177083 0.696875 0.177083 0.696094 0.178125 0.692187 0.178125 0.691406 0.178125 0.691406 0.177083 0.691406 0.176042 0.692187 0.175000 0.692187 0.173958
0 0.658594 0.175000 0.659375 0.175000 0.660156 0.175000 0.660156 0.183333 0.659375 0.184375 0.658594 0.184375 0.657813 0.183333 0.657031 0.183333 0.656250 0.182292 0.656250 0.180208 0.655469 0.179167 0.656250 0.178125 0.657031 0.178125 0.657813 0.178125 0.658594 0.177083 0.658594 0.175000
0 0.775000 0.177083 0.778125 0.177083 0.778906 0.178125 0.778906 0.179167 0.778906 0.180208 0.777344 0.182292 0.776563 0.183333 0.775000 0.183333 0.774219 0.183333 0.774219 0.180208 0.774219 0.179167 0.775000 0.178125 0.775000 0.177083
0 0.340625 0.178125 0.344531 0.178125 0.345313 0.178125 0.346094 0.179167 0.346875 0.179167 0.347656 0.179167 0.348438 0.180208 0.349219 0.181250 0.350000 0.181250 0.350781 0.182292 0.351562 0.182292 0.351562 0.184375 0.351562 0.185417 0.350781 0.186458 0.350781 0.187500 0.350781 0.188542 0.350000 0.189583 0.350000 0.190625 0.350000 0.191667 0.349219 0.192708 0.346875 0.192708 0.346094 0.192708 0.344531 0.194792 0.343750 0.194792 0.342187 0.196875 0.341406 0.197917 0.341406 0.200000 0.341406 0.201042 0.339844 0.203125 0.339062 0.204167 0.338281 0.203125 0.338281 0.202083 0.338281 0.201042 0.337500 0.200000 0.336719 0.198958 0.335938 0.198958 0.335156 0.198958 0.335156 0.197917 0.334375 0.196875 0.333594 0.195833 0.333594 0.191667 0.333594 0.190625 0.334375 0.189583 0.334375 0.187500 0.335156 0.186458 0.335156 0.183333 0.335156 0.182292 0.336719 0.182292 0.337500 0.182292 0.338281 0.181250 0.338281 0.180208 0.339062 0.180208 0.340625 0.178125
0 0.217969 0.180208 0.220312 0.180208 0.221094 0.180208 0.221094 0.181250 0.220312 0.182292 0.220312 0.183333 0.219531 0.184375 0.218750 0.184375 0.218750 0.183333 0.217969 0.182292 0.217969 0.180208
0 0.530469 0.181250 0.532813 0.181250 0.533594 0.181250 0.533594 0.182292 0.532031 0.184375 0.531250 0.185417 0.530469 0.185417 0.529687 0.184375 0.529687 0.183333 0.529687 0.182292 0.530469 0.181250
0 0.422656 0.183333 0.423438 0.184375 0.428906 0.184375 0.428906 0.185417 0.428125 0.186458 0.427344 0.187500 0.421875 0.187500 0.421094 0.187500 0.421094 0.185417 0.421094 0.184375 0.421875 0.184375 0.422656 0.183333
0 0.759375 0.184375 0.762500 0.184375 0.762500 0.185417 0.760938 0.187500 0.760156 0.187500 0.759375 0.186458 0.759375 0.184375
0 0.372656 0.185417 0.375781 0.185417 0.376563 0.185417 0.377344 0.186458 0.378125 0.186458 0.378125 0.189583 0.378906 0.190625 0.378906 0.197917 0.379688 0.198958 0.378906 0.198958 0.378125 0.200000 0.375781 0.200000 0.375000 0.200000 0.375000 0.198958 0.374219 0.197917 0.371875 0.197917 0.371094 0.197917 0.371094 0.195833 0.370312 0.194792 0.370312 0.191667 0.370312 0.190625 0.371875 0.190625 0.372656 0.189583 0.372656 0.185417
0 0.051562 0.187500 0.053906 0.187500 0.054688 0.187500 0.055469 0.188542 0.055469 0.189583 0.056250 0.190625 0.055469 0.191667 0.054688 0.192708 0.053906 0.192708 0.053125 0.193750 0.051562 0.191667 0.050781 0.191667 0.050781 0.189583 0.050781 0.188542 0.051562 0.187500
0 0.304688 0.187500 0.307031 0.187500 0.307812 0.187500 0.307812 0.195833 0.307031 0.196875 0.306250 0.196875 0.306250 0.195833 0.306250 0.194792 0.305469 0.193750 0.304688 0.193750 0.303906 0.193750 0.303906 0.190625 0.303125 0.189583 0.304688 0.187500
0 0.117188 0.189583 0.117969 0.190625 0.118750 0.190625 0.119531 0.190625 0.119531 0.191667 0.119531 0.192708 0.120313 0.193750 0.120313 0.194792 0.121094 0.195833 0.121875 0.195833 0.121875 0.196875 0.119531 0.200000 0.118750 0.201042 0.117969 0.201042 0.117188 0.200000 0.116406 0.200000 0.116406 0.198958 0.115625 0.197917 0.114844 0.197917 0.114844 0.195833 0.114844 0.194792 0.115625 0.193750 0.115625 0.192708 0.115625 0.191667 0.117188 0.189583
0 0.814063 0.189583 0.815625 0.189583 0.816406 0.189583 0.816406 0.190625 0.817187 0.191667 0.817187 0.192708 0.817969 0.193750 0.817187 0.193750 0.816406 0.194792 0.816406 0.195833 0.814844 0.193750 0.814063 0.192708 0.814063 0.189583
0 0.249219 0.190625 0.250000 0.191667 0.251563 0.191667 0.252344 0.191667 0.252344 0.192708 0.253125 0.193750 0.253906 0.193750 0.253906 0.195833 0.254688 0.196875 0.253906 0.196875 0.253125 0.197917 0.252344 0.197917 0.251563 0.198958 0.250781 0.200000 0.250781 0.201042 0.250000 0.202083 0.249219 0.202083 0.249219 0.197917 0.248438 0.196875 0.248438 0.193750 0.248438 0.192708 0.249219 0.191667 0.249219 0.190625
0 0.528125 0.190625 0.531250 0.190625 0.532031 0.190625 0.532031 0.191667 0.532031 0.192708 0.532813 0.193750 0.533594 0.194792 0.537500 0.194792 0.538281 0.194792 0.539062 0.193750 0.539844 0.192708 0.540625 0.193750 0.543750 0.193750 0.544531 0.193750 0.545312 0.192708 0.546094 0.192708 0.546875 0.192708 0.547656 0.193750 0.547656 0.194792 0.548438 0.195833 0.549219 0.196875 0.549219 0.198958 0.548438 0.200000 0.547656 0.200000 0.546875 0.201042 0.544531 0.201042 0.543750 0.201042 0.542969 0.202083 0.542969 0.204167 0.542969 0.205208 0.542188 0.206250 0.541406 0.207292 0.541406 0.212500 0.542188 0.213542 0.542188 0.221875 0.542969 0.222917 0.542188 0.223958 0.541406 0.225000 0.541406 0.233333 0.541406 0.234375 0.542188 0.235417 0.542188 0.243750 0.542188 0.244792 0.542969 0.245833 0.542969 0.246875 0.542188 0.247917 0.542188 0.248958 0.541406 0.250000 0.540625 0.251042 0.540625 0.252083 0.539844 0.253125 0.539844 0.254167 0.539062 0.255208 0.539062 0.257292 0.539062 0.258333 0.538281 0.259375 0.537500 0.260417 0.537500 0.262500 0.537500 0.263542 0.536719 0.264583 0.536719 0.265625 0.535156 0.267708 0.534375 0.268750 0.532813 0.268750 0.532031 0.268750 0.531250 0.269792 0.530469 0.269792 0.529687 0.270833 0.528906 0.271875 0.528125 0.271875 0.527344 0.272917 0.526563 0.271875 0.525781 0.271875 0.525000 0.271875 0.525000 0.270833 0.524219 0.269792 0.523438 0.268750 0.523438 0.264583 0.523438 0.263542 0.524219 0.262500 0.524219 0.259375 0.525000 0.258333 0.525000 0.255208 0.524219 0.254167 0.524219 0.248958 0.523438 0.247917 0.523438 0.243750 0.523438 0.242708 0.524219 0.241667 0.524219 0.238542 0.525000 0.237500 0.525000 0.235417 0.525000 0.234375 0.524219 0.233333 0.523438 0.233333 0.523438 0.229167 0.524219 0.228125 0.524219 0.218750 0.524219 0.217708 0.525000 0.216667 0.525000 0.213542 0.525000 0.212500 0.524219 0.211458 0.524219 0.209375 0.524219 0.208333 0.523438 0.207292 0.523438 0.206250 0.522656 0.205208 0.521875 0.205208 0.521094 0.204167 0.520312 0.203125 0.520312 0.200000 0.520312 0.198958 0.521094 0.197917 0.521875 0.196875 0.521875 0.195833 0.521875 0.194792 0.522656 0.193750 0.522656 0.192708 0.525000 0.192708 0.525781 0.192708 0.526563 0.191667 0.527344 0.191667 0.528125 0.190625
0 0.668750 0.190625 0.669531 0.190625 0.670312 0.190625 0.671094 0.191667 0.671875 0.192708 0.672656 0.192708 0.673438 0.193750 0.673438 0.194792 0.672656 0.195833 0.670312 0.195833 0.669531 0.195833 0.668750 0.194792 0.668750 0.190625
0 0.275000 0.195833 0.276562 0.195833 0.277344 0.195833 0.277344 0.197917 0.276562 0.198958 0.276562 0.204167 0.276562 0.205208 0.275781 0.206250 0.273438 0.206250 0.272656 0.206250 0.272656 0.203125 0.272656 0.202083 0.274219 0.202083 0.275000 0.201042 0.275000 0.195833
0 0.210938 0.196875 0.213281 0.196875 0.214062 0.196875 0.214844 0.197917 0.215625 0.197917 0.215625 0.201042 0.215625 0.202083 0.214844 0.203125 0.213281 0.203125 0.212500 0.202083 0.210156 0.202083 0.209375 0.202083 0.209375 0.200000 0.209375 0.198958 0.210156 0.198958 0.210938 0.197917 0.210938 0.196875
0 0.489844 0.200000 0.491406 0.200000 0.492188 0.201042 0.492188 0.204167 0.491406 0.205208 0.489844 0.205208 0.489063 0.204167 0.489063 0.203125 0.489063 0.202083 0.489844 0.201042 0.489844 0.200000
0 0.799219 0.200000 0.800000 0.200000 0.800781 0.200000 0.802344 0.202083 0.803125 0.203125 0.802344 0.203125 0.801562 0.204167 0.800781 0.204167 0.800000 0.204167 0.799219 0.203125 0.799219 0.200000
0 0.949219 0.202083 0.950000 0.202083 0.950781 0.202083 0.951562 0.203125 0.951562 0.204167 0.952344 0.205208 0.952344 0.206250 0.952344 0.207292 0.951562 0.208333 0.950781 0.208333 0.950000 0.209375 0.947656 0.209375 0.946875 0.209375 0.946875 0.206250 0.946875 0.205208 0.947656 0.204167 0.947656 0.203125 0.948438 0.203125 0.949219 0.202083
0 0.697656 0.203125 0.700000 0.203125 0.700781 0.203125 0.701562 0.204167 0.702344 0.204167 0.702344 0.205208 0.701562 0.206250 0.700781 0.206250 0.700000 0.206250 0.699219 0.207292 0.698438 0.207292 0.697656 0.206250 0.697656 0.203125
0 0.361719 0.204167 0.363281 0.204167 0.364063 0.204167 0.364844 0.205208 0.365625 0.205208 0.366406 0.205208 0.366406 0.206250 0.366406 0.207292 0.367188 0.208333 0.367188 0.209375 0.366406 0.210417 0.365625 0.210417 0.364844 0.211458 0.364063 0.211458 0.364063 0.210417 0.364063 0.209375 0.363281 0.208333 0.361719 0.208333 0.360938 0.207292 0.360938 0.206250 0.360938 0.205208 0.361719 0.204167
0 0.477344 0.205208 0.478125 0.205208 0.478906 0.205208 0.479687 0.206250 0.480469 0.207292 0.480469 0.209375 0.481250 0.210417 0.480469 0.210417 0.479687 0.211458 0.478906 0.211458 0.478125 0.212500 0.477344 0.212500 0.476562 0.213542 0.476562 0.214583 0.475781 0.213542 0.475781 0.212500 0.475000 0.211458 0.474219 0.211458 0.473438 0.211458 0.473438 0.210417 0.472656 0.209375 0.473438 0.208333 0.473438 0.207292 0.473438 0.206250 0.475781 0.206250 0.476562 0.206250 0.477344 0.205208
0 0.778125 0.205208 0.778906 0.205208 0.779687 0.205208 0.779687 0.207292 0.779687 0.208333 0.778906 0.209375 0.778125 0.209375 0.777344 0.209375 0.777344 0.207292 0.777344 0.206250 0.778125 0.205208
0 0.050000 0.207292 0.051562 0.207292 0.052344 0.207292 0.052344 0.208333 0.053125 0.209375 0.053125 0.210417 0.052344 0.211458 0.051562 0.212500 0.050781 0.212500 0.050000 0.211458 0.049219 0.211458 0.049219 0.210417 0.049219 0.209375 0.050000 0.208333 0.050000 0.207292
0 0.105469 0.207292 0.106250 0.208333 0.107813 0.208333 0.108594 0.208333 0.109375 0.209375 0.110156 0.209375 0.110937 0.210417 0.110937 0.212500 0.110937 0.213542 0.110156 0.214583 0.110156 0.215625 0.110156 0.216667 0.108594 0.218750 0.107813 0.219792 0.106250 0.219792 0.105469 0.219792 0.104688 0.218750 0.103906 0.218750 0.103125 0.217708 0.103125 0.216667 0.103125 0.215625 0.102344 0.214583 0.101562 0.214583 0.100781 0.214583 0.100781 0.211458 0.100781 0.210417 0.102344 0.210417 0.103125 0.210417 0.103906 0.209375 0.104688 0.209375 0.105469 0.208333 0.105469 0.207292
0 0.750000 0.210417 0.750781 0.211458 0.751563 0.212500 0.752344 0.212500 0.752344 0.213542 0.751563 0.214583 0.750781 0.215625 0.748437 0.215625 0.747656 0.215625 0.747656 0.214583 0.746875 0.213542 0.746875 0.212500 0.746875 0.211458 0.748437 0.211458 0.749219 0.211458 0.750000 0.210417
0 0.272656 0.212500 0.274219 0.212500 0.275000 0.212500 0.275000 0.213542 0.275781 0.214583 0.275781 0.215625 0.275000 0.216667 0.275000 0.217708 0.274219 0.218750 0.273438 0.219792 0.272656 0.219792 0.271875 0.219792 0.271875 0.214583 0.271875 0.213542 0.272656 0.212500
0 0.410938 0.213542 0.412500 0.213542 0.413281 0.214583 0.413281 0.218750 0.413281 0.219792 0.415625 0.222917 0.416406 0.223958 0.419531 0.223958 0.420312 0.223958 0.420312 0.225000 0.421094 0.226042 0.421875 0.226042 0.422656 0.227083 0.423438 0.228125 0.423438 0.230208 0.424219 0.231250 0.423438 0.232292 0.422656 0.233333 0.422656 0.234375 0.421094 0.236458 0.420312 0.237500 0.419531 0.237500 0.418750 0.236458 0.414844 0.236458 0.414062 0.236458 0.413281 0.237500 0.411719 0.237500 0.410938 0.237500 0.410938 0.235417 0.410938 0.234375 0.410156 0.233333 0.410156 0.232292 0.410156 0.231250 0.409375 0.230208 0.408594 0.230208 0.408594 0.225000 0.408594 0.223958 0.407813 0.222917 0.407031 0.221875 0.407031 0.219792 0.407031 0.218750 0.407813 0.217708 0.407813 0.216667 0.408594 0.215625 0.408594 0.214583 0.409375 0.214583 0.410156 0.214583 0.410938 0.213542
0 0.090625 0.214583 0.091406 0.214583 0.092188 0.214583 0.092969 0.215625 0.093750 0.216667 0.092969 0.217708 0.092969 0.220833 0.092969 0.221875 0.092188 0.222917 0.092188 0.223958 0.091406 0.225000 0.089844 0.225000 0.089063 0.225000 0.089063 0.222917 0.089063 0.221875 0.088281 0.220833 0.088281 0.219792 0.087500 0.218750 0.087500 0.217708 0.087500 0.216667 0.088281 0.215625 0.089063 0.215625 0.089844 0.215625 0.090625 0.214583
0 0.192969 0.214583 0.195312 0.214583 0.196094 0.214583 0.196094 0.215625 0.195312 0.216667 0.194531 0.216667 0.193750 0.217708 0.193750 0.218750 0.192969 0.217708 0.192969 0.214583
0 0.311719 0.214583 0.312500 0.215625 0.313281 0.215625 0.314844 0.217708 0.314844 0.218750 0.314063 0.219792 0.311719 0.219792 0.310937 0.219792 0.310156 0.220833 0.309375 0.221875 0.309375 0.220833 0.308594 0.219792 0.307812 0.219792 0.307812 0.218750 0.307031 0.217708 0.309375 0.217708 0.310156 0.217708 0.310937 0.216667 0.310937 0.215625 0.311719 0.214583
0 0.804688 0.214583 0.807813 0.214583 0.808594 0.214583 0.809375 0.215625 0.810156 0.216667 0.810937 0.216667 0.811719 0.217708 0.811719 0.219792 0.811719 0.220833 0.810937 0.221875 0.810156 0.221875 0.809375 0.222917 0.807031 0.222917 0.806250 0.223958 0.803125 0.223958 0.802344 0.223958 0.802344 0.221875 0.802344 0.220833 0.803125 0.220833 0.803906 0.219792 0.803906 0.217708 0.803906 0.216667 0.804688 0.215625 0.804688 0.214583
0 0.213281 0.216667 0.215625 0.216667 0.216406 0.216667 0.216406 0.219792 0.216406 0.220833 0.215625 0.221875 0.214844 0.222917 0.214062 0.222917 0.213281 0.222917 0.213281 0.221875 0.212500 0.220833 0.212500 0.218750 0.212500 0.217708 0.213281 0.216667
0 0.430469 0.216667 0.431250 0.217708 0.432031 0.217708 0.432031 0.218750 0.432812 0.219792 0.433594 0.219792 0.434375 0.219792 0.435156 0.220833 0.435937 0.221875 0.439063 0.221875 0.439844 0.221875 0.439063 0.222917 0.438281 0.223958 0.436719 0.223958 0.435937 0.223958 0.433594 0.227083 0.432812 0.227083 0.431250 0.225000 0.430469 0.225000 0.430469 0.223958 0.429688 0.222917 0.428906 0.221875 0.428906 0.220833 0.428906 0.219792 0.429688 0.218750 0.429688 0.217708 0.430469 0.216667
0 0.144531 0.217708 0.148438 0.217708 0.149219 0.217708 0.149219 0.218750 0.149219 0.219792 0.145313 0.225000 0.144531 0.226042 0.143750 0.225000 0.143750 0.223958 0.142969 0.222917 0.143750 0.221875 0.143750 0.220833 0.144531 0.219792 0.144531 0.217708
0 0.560937 0.217708 0.561719 0.217708 0.562500 0.217708 0.563281 0.218750 0.564063 0.218750 0.564844 0.218750 0.565625 0.219792 0.565625 0.221875 0.565625 0.222917 0.564844 0.223958 0.560156 0.223958 0.559375 0.223958 0.559375 0.221875 0.559375 0.220833 0.560156 0.219792 0.560937 0.218750 0.560937 0.217708
0 0.071875 0.222917 0.073438 0.222917 0.074219 0.222917 0.074219 0.223958 0.075000 0.225000 0.073438 0.227083 0.072656 0.228125 0.071875 0.228125 0.071094 0.227083 0.071094 0.226042 0.071094 0.225000 0.071875 0.223958 0.071875 0.222917
0 0.373437 0.223958 0.375000 0.223958 0.375781 0.223958 0.375781 0.225000 0.375000 0.226042 0.374219 0.227083 0.374219 0.230208 0.374219 0.231250 0.373437 0.232292 0.372656 0.232292 0.371875 0.232292 0.371094 0.233333 0.369531 0.233333 0.368750 0.233333 0.367969 0.232292 0.367188 0.231250 0.367188 0.230208 0.367188 0.229167 0.367969 0.228125 0.368750 0.228125 0.369531 0.228125 0.370312 0.227083 0.370312 0.226042 0.370312 0.225000 0.371875 0.225000 0.372656 0.225000 0.373437 0.223958
0 0.353906 0.227083 0.356250 0.227083 0.357031 0.227083 0.357031 0.228125 0.357031 0.229167 0.356250 0.230208 0.355469 0.230208 0.354687 0.230208 0.353906 0.229167 0.353906 0.227083
0 0.307031 0.228125 0.307812 0.228125 0.308594 0.228125 0.308594 0.233333 0.308594 0.234375 0.307812 0.235417 0.307031 0.236458 0.305469 0.236458 0.304688 0.236458 0.304688 0.231250 0.304688 0.230208 0.305469 0.229167 0.306250 0.229167 0.307031 0.228125
0 0.332813 0.228125 0.334375 0.228125 0.335156 0.228125 0.335156 0.230208 0.335938 0.231250 0.338281 0.231250 0.339062 0.231250 0.339844 0.230208 0.341406 0.230208 0.342187 0.230208 0.342969 0.229167 0.343750 0.229167 0.344531 0.228125 0.346875 0.228125 0.347656 0.228125 0.347656 0.230208 0.347656 0.231250 0.348438 0.232292 0.348438 0.233333 0.348438 0.234375 0.349219 0.235417 0.349219 0.236458 0.349219 0.237500 0.348438 0.238542 0.346094 0.238542 0.345313 0.239583 0.345313 0.241667 0.345313 0.242708 0.343750 0.244792 0.342969 0.245833 0.342969 0.246875 0.342969 0.247917 0.342187 0.248958 0.342187 0.250000 0.341406 0.251042 0.339844 0.251042 0.339062 0.252083 0.338281 0.251042 0.332813 0.251042 0.332031 0.251042 0.332031 0.246875 0.332031 0.245833 0.331250 0.244792 0.331250 0.243750 0.330469 0.242708 0.328906 0.242708 0.328125 0.241667 0.328125 0.239583 0.328125 0.238542 0.327344 0.237500 0.326562 0.236458 0.326562 0.234375 0.326562 0.233333 0.327344 0.232292 0.328125 0.231250 0.329688 0.231250 0.330469 0.231250 0.332813 0.228125
0 0.825000 0.228125 0.826562 0.228125 0.827344 0.228125 0.827344 0.229167 0.827344 0.230208 0.826562 0.231250 0.825781 0.232292 0.825781 0.233333 0.825781 0.234375 0.825000 0.235417 0.820312 0.235417 0.819531 0.235417 0.819531 0.234375 0.818750 0.233333 0.819531 0.232292 0.820312 0.231250 0.821875 0.231250 0.822656 0.231250 0.825000 0.228125
0 0.237500 0.235417 0.238281 0.236458 0.239063 0.236458 0.239844 0.236458 0.239844 0.237500 0.239844 0.238542 0.237500 0.241667 0.236719 0.241667 0.236117 0.240625 0.235937 0.238542 0.235937 0.237500 0.236719 0.236458 0.237500 0.235417
0 0.255469 0.230208 0.257031 0.230208 0.257812 0.230208 0.257812 0.231250 0.257031 0.232292 0.257812 0.233333 0.258594 0.233333 0.259375 0.233333 0.259375 0.234375 0.260156 0.235417 0.258594 0.237500 0.257812 0.238542 0.257031 0.238542 0.257031 0.234375 0.257031 0.233333 0.256250 0.232292 0.255469 0.232292 0.255469 0.230208
0 0.120313 0.232292 0.121875 0.232292 0.122656 0.233333 0.125000 0.233333 0.125000 0.234375 0.124219 0.235417 0.121094 0.235417 0.120313 0.235417 0.120313 0.232292
0 0.560156 0.234375 0.560937 0.235417 0.560937 0.236458 0.560937 0.237500 0.560156 0.238542 0.559375 0.238542 0.558594 0.239583 0.557813 0.238542 0.557813 0.236458 0.557813 0.235417 0.558594 0.235417 0.559375 0.235417 0.560156 0.234375
0 0.064062 0.237500 0.067969 0.237500 0.068750 0.237500 0.069531 0.238542 0.070312 0.238542 0.071094 0.239583 0.071875 0.239583 0.071875 0.241667 0.071875 0.242708 0.071094 0.243750 0.070312 0.243750 0.069531 0.242708 0.065625 0.242708 0.064844 0.242708 0.064062 0.241667 0.064062 0.237500
0 0.982812 0.237500 0.983594 0.238542 0.984375 0.238542 0.985156 0.239583 0.985156 0.240625 0.984375 0.241667 0.984375 0.242708 0.983979 0.245828 0.982812 0.245833 0.982031 0.244792 0.982031 0.240625 0.982031 0.239583 0.982812 0.238542 0.982812 0.237500
0 0.280469 0.238542 0.282813 0.238542 0.283594 0.239583 0.283594 0.240625 0.282031 0.242708 0.281250 0.243750 0.280469 0.243750 0.280469 0.242708 0.279687 0.241667 0.279687 0.240625 0.279687 0.239583 0.280469 0.238542
0 0.039062 0.239583 0.039844 0.240625 0.040625 0.240625 0.041406 0.241667 0.041406 0.242708 0.041406 0.243750 0.040625 0.244792 0.039844 0.245833 0.039062 0.245833 0.038281 0.245833 0.038281 0.242708 0.037500 0.241667 0.039062 0.239583
0 0.564844 0.240625 0.566406 0.240625 0.567187 0.240625 0.567969 0.241667 0.568750 0.242708 0.569531 0.242708 0.570312 0.242708 0.571094 0.243750 0.571875 0.244792 0.571875 0.247917 0.571875 0.248958 0.571094 0.250000 0.570312 0.250000 0.569531 0.250000 0.568750 0.251042 0.567969 0.252083 0.567969 0.253125 0.567969 0.254167 0.567187 0.255208 0.567187 0.256250 0.566406 0.255208 0.565625 0.255208 0.565625 0.252083 0.565625 0.251042 0.564844 0.250000 0.564063 0.250000 0.564063 0.243750 0.564063 0.242708 0.564844 0.241667 0.564844 0.240625
0 0.555469 0.243750 0.557031 0.243750 0.557813 0.243750 0.557813 0.244792 0.558594 0.245833 0.557813 0.246875 0.557813 0.247917 0.557031 0.246875 0.556250 0.246875 0.555469 0.245833 0.554688 0.244792 0.555469 0.243750
0 0.556250 0.243750 0.557031 0.243750 0.557813 0.243750 0.557813 0.244792 0.558594 0.245833 0.557813 0.246875 0.557813 0.247917 0.557031 0.246875 0.556250 0.246875 0.555469 0.245833 0.554688 0.244792 0.555469 0.243750 0.556250 0.243750
0 0.092969 0.244792 0.094531 0.244792 0.095312 0.244792 0.095312 0.245833 0.095312 0.246875 0.094531 0.247917 0.093750 0.248958 0.093750 0.252083 0.093750 0.253125 0.093750 0.250000 0.093750 0.248958 0.092969 0.247917 0.092969 0.244792
0 0.111719 0.244792 0.113281 0.244792 0.114062 0.244792 0.114844 0.245833 0.115625 0.245833 0.116406 0.246875 0.114844 0.248958 0.114062 0.250000 0.113281 0.250000 0.112500 0.250000 0.111719 0.251042 0.111719 0.252083 0.110937 0.253125 0.110156 0.254167 0.109375 0.254167 0.108594 0.254167 0.108594 0.250000 0.108594 0.248958 0.110156 0.248958 0.110937 0.248958 0.111719 0.247917 0.111719 0.244792
0 0.203906 0.244792 0.205469 0.244792 0.206250 0.245833 0.206250 0.246875 0.205469 0.247917 0.205469 0.250000 0.204687 0.251042 0.203906 0.251042 0.203906 0.248958 0.203125 0.247917 0.203125 0.246875 0.203125 0.245833 0.203906 0.244792
0 0.311719 0.244792 0.312500 0.244792 0.313281 0.244792 0.314063 0.245833 0.315625 0.245833 0.316406 0.245833 0.317188 0.246875 0.317969 0.246875 0.317969 0.247917 0.318750 0.248958 0.319531 0.248958 0.319531 0.251042 0.319531 0.252083 0.318750 0.253125 0.317969 0.254167 0.317188 0.254167 0.316406 0.255208 0.314844 0.255208 0.314063 0.255208 0.313281 0.256250 0.312500 0.256250 0.312500 0.255208 0.312500 0.254167 0.310937 0.252083 0.310156 0.251042 0.310156 0.248958 0.310156 0.247917 0.310937 0.246875 0.310937 0.245833 0.311719 0.244792
0 0.771875 0.244792 0.773438 0.244792 0.774219 0.245833 0.774219 0.246875 0.774219 0.247917 0.773438 0.248958 0.772656 0.248958 0.771875 0.250000 0.771094 0.248958 0.771094 0.246875 0.771094 0.245833 0.771875 0.244792
0 0.142187 0.245833 0.143750 0.247917 0.144531 0.247917 0.144531 0.248958 0.143750 0.250000 0.141406 0.250000 0.140625 0.250000 0.140625 0.248958 0.140625 0.247917 0.142187 0.245833
0 0.160156 0.248958 0.160938 0.250000 0.160938 0.251042 0.160938 0.252083 0.159375 0.254167 0.158594 0.254167 0.158594 0.252083 0.158594 0.251042 0.160156 0.248958
0 0.953125 0.250000 0.953906 0.251042 0.954688 0.252083 0.954688 0.253125 0.955469 0.254167 0.957031 0.254167 0.957812 0.255208 0.956250 0.257292 0.955469 0.258333 0.954688 0.258333 0.953906 0.259375 0.953125 0.258333 0.951562 0.258333 0.950781 0.257292 0.950781 0.254167 0.950781 0.253125 0.953125 0.250000
0 0.408594 0.254167 0.411719 0.254167 0.412500 0.254167 0.412500 0.256250 0.413281 0.257292 0.412500 0.258333 0.411719 0.259375 0.410938 0.259375 0.410156 0.260417 0.409375 0.259375 0.408594 0.258333 0.408594 0.254167
0 0.032031 0.255208 0.033594 0.255208 0.034375 0.255208 0.034375 0.256250 0.032031 0.259375 0.031250 0.259375 0.031250 0.257292 0.031250 0.256250 0.032031 0.255208
0 0.229687 0.255208 0.230469 0.255208 0.231250 0.255208 0.231250 0.256250 0.232031 0.257292 0.234375 0.257292 0.235156 0.257292 0.235937 0.258333 0.236719 0.259375 0.235937 0.260417 0.235937 0.261458 0.234375 0.263542 0.233594 0.264583 0.232813 0.264583 0.232031 0.264583 0.232031 0.259375 0.232031 0.258333 0.231250 0.257292 0.230469 0.258333 0.229687 0.257292 0.229687 0.255208
0 0.241406 0.256250 0.242188 0.256250 0.242969 0.256250 0.242969 0.257292 0.242969 0.258333 0.243750 0.259375 0.244531 0.259375 0.243750 0.259375 0.242969 0.259375 0.242188 0.260417 0.242188 0.261458 0.242188 0.262500 0.242188 0.261458 0.241406 0.260417 0.241406 0.258333 0.240625 0.257292 0.241406 0.256250
0 0.433594 0.256250 0.434375 0.257292 0.435156 0.257292 0.435937 0.258333 0.435937 0.260417 0.435937 0.261458 0.435156 0.262500 0.434375 0.262500 0.433594 0.262500 0.432812 0.261458 0.431250 0.261458 0.430469 0.261458 0.430469 0.259375 0.430469 0.258333 0.431250 0.258333 0.432031 0.257292 0.432812 0.257292 0.433594 0.256250
0 0.918750 0.256250 0.920312 0.256250 0.921094 0.256250 0.922656 0.258333 0.923438 0.259375 0.925781 0.259375 0.926562 0.258333 0.927344 0.259375 0.927344 0.264583 0.927344 0.265625 0.926562 0.266667 0.925781 0.266667 0.925000 0.266667 0.924219 0.265625 0.923438 0.265625 0.923438 0.264583 0.922656 0.263542 0.921094 0.263542 0.920312 0.263542 0.920312 0.262500 0.919531 0.261458 0.918750 0.261458 0.918750 0.260417 0.917969 0.259375 0.917969 0.258333 0.917969 0.257292 0.918750 0.256250
0 0.392969 0.257292 0.396094 0.257292 0.396875 0.257292 0.396875 0.258333 0.396875 0.259375 0.397656 0.260417 0.398438 0.260417 0.399219 0.260417 0.399219 0.261458 0.399219 0.262500 0.400000 0.263542 0.400000 0.264583 0.399219 0.265625 0.398438 0.266667 0.397656 0.265625 0.397656 0.264583 0.397656 0.263542 0.396875 0.262500 0.396094 0.262500 0.395313 0.262500 0.393750 0.260417 0.392969 0.259375 0.392969 0.257292
0 0.301563 0.258333 0.302344 0.258333 0.303125 0.258333 0.303906 0.259375 0.304688 0.260417 0.306250 0.260417 0.307031 0.260417 0.307812 0.259375 0.307812 0.258333 0.311719 0.258333 0.311719 0.259375 0.309375 0.262500 0.308594 0.263542 0.307812 0.263542 0.307031 0.263542 0.306250 0.264583 0.306250 0.265625 0.306250 0.266667 0.305469 0.267708 0.304688 0.267708 0.303906 0.267708 0.303906 0.266667 0.303125 0.265625 0.302344 0.265625 0.301563 0.265625 0.301563 0.260417 0.300781 0.259375 0.301563 0.258333
0 0.042188 0.263542 0.044531 0.263542 0.045312 0.264583 0.048438 0.264583 0.049219 0.264583 0.050000 0.265625 0.050781 0.265625 0.051562 0.266667 0.052344 0.266667 0.052344 0.267708 0.053125 0.268750 0.053125 0.273958 0.053125 0.275000 0.052344 0.276042 0.052344 0.278125 0.052344 0.279167 0.051562 0.280208 0.050781 0.281250 0.050781 0.282292 0.049219 0.284375 0.048438 0.285417 0.045312 0.285417 0.044531 0.285417 0.044531 0.282292 0.044531 0.281250 0.043750 0.280208 0.042969 0.279167 0.042969 0.276042 0.042188 0.275000 0.042188 0.269792 0.041406 0.268750 0.041406 0.265625 0.041406 0.264583 0.042188 0.263542
0 0.006250 0.265625 0.007812 0.265625 0.008594 0.265625 0.009375 0.266667 0.009375 0.267708 0.008594 0.268750 0.007031 0.268750 0.006250 0.268750 0.006250 0.265625
0 0.142187 0.265625 0.143750 0.265625 0.144531 0.266667 0.144531 0.270833 0.143750 0.271875 0.142969 0.271875 0.142187 0.271875 0.142187 0.270833 0.141406 0.269792 0.141406 0.267708 0.141406 0.266667 0.142187 0.265625
0 0.223438 0.270833 0.225000 0.270833 0.225781 0.271875 0.230469 0.271875 0.231250 0.271875 0.232813 0.273958 0.233594 0.275000 0.233594 0.276042 0.234375 0.277083 0.235156 0.278125 0.235156 0.279167 0.235156 0.280208 0.235937 0.281250 0.235937 0.283333 0.235937 0.284375 0.235156 0.285417 0.234375 0.286458 0.233594 0.286458 0.232813 0.286458 0.232031 0.287500 0.231250 0.287500 0.230469 0.288542 0.229687 0.287500 0.229687 0.286458 0.228125 0.284375 0.227344 0.283333 0.223438 0.283333 0.222656 0.284375 0.221875 0.283333 0.221094 0.283333 0.221094 0.277083 0.221094 0.276042 0.221875 0.275000 0.222656 0.273958 0.222656 0.272917 0.223438 0.271875 0.223438 0.270833
0 0.417187 0.272917 0.418750 0.272917 0.419531 0.272917 0.419531 0.276042 0.418750 0.277083 0.417969 0.277083 0.417969 0.276042 0.417187 0.275000 0.417187 0.272917
0 0.583594 0.276042 0.584375 0.277083 0.585156 0.277083 0.585156 0.278125 0.585156 0.279167 0.584375 0.280208 0.583594 0.281250 0.583594 0.282292 0.582812 0.283333 0.582031 0.283333 0.582031 0.282292 0.582031 0.281250 0.581250 0.280208 0.581250 0.279167 0.581250 0.278125 0.582031 0.277083 0.582812 0.277083 0.583594 0.276042
0 0.261719 0.278125 0.262500 0.279167 0.262500 0.280208 0.261719 0.281250 0.260937 0.281250 0.260156 0.282292 0.259375 0.282292 0.258594 0.282292 0.258594 0.281250 0.258594 0.280208 0.259375 0.280208 0.260156 0.280208 0.261719 0.278125
0 0.114844 0.279167 0.115625 0.280208 0.117188 0.280208 0.117969 0.281250 0.117969 0.283333 0.117969 0.284375 0.117188 0.285417 0.116406 0.285417 0.115625 0.286458 0.114844 0.287500 0.114062 0.286458 0.114062 0.285417 0.113281 0.284375 0.113281 0.282292 0.112500 0.281250 0.113281 0.280208 0.114062 0.280208 0.114844 0.279167
0 0.130469 0.280208 0.132812 0.280208 0.133594 0.281250 0.133594 0.285417 0.133594 0.286458 0.134375 0.287500 0.135156 0.287500 0.135937 0.288542 0.136719 0.288542 0.137500 0.289583 0.137500 0.290625 0.137500 0.291667 0.136719 0.292708 0.135937 0.293750 0.135156 0.293750 0.134375 0.292708 0.133594 0.291667 0.132812 0.291667 0.132031 0.291667 0.132031 0.287500 0.132031 0.286458 0.131250 0.285417 0.131250 0.282292 0.131250 0.281250 0.130469 0.280208
0 0.172656 0.280208 0.173437 0.280208 0.174219 0.280208 0.175781 0.282292 0.176563 0.283333 0.175781 0.284375 0.175000 0.285417 0.174219 0.285417 0.173437 0.284375 0.172656 0.284375 0.172656 0.280208
0 0.328125 0.281250 0.328906 0.282292 0.329688 0.282292 0.329688 0.285417 0.329688 0.286458 0.330469 0.287500 0.330469 0.288542 0.330469 0.289583 0.329688 0.290625 0.327344 0.290625 0.326562 0.290625 0.326562 0.288542 0.326562 0.287500 0.327344 0.286458 0.327344 0.285417 0.328125 0.284375 0.328125 0.281250
0 0.381250 0.281250 0.382031 0.281250 0.382812 0.281250 0.383594 0.282292 0.384375 0.282292 0.384375 0.284375 0.384375 0.285417 0.385156 0.286458 0.385156 0.288542 0.384375 0.289583 0.382031 0.289583 0.381250 0.289583 0.381250 0.285417 0.380469 0.284375 0.380469 0.283333 0.380469 0.282292 0.381250 0.281250
0 0.565625 0.283333 0.567187 0.283333 0.567969 0.284375 0.570312 0.284375 0.571094 0.284375 0.571094 0.285417 0.571094 0.286458 0.571875 0.287500 0.571875 0.288542 0.571094 0.289583 0.570312 0.289583 0.569531 0.288542 0.568750 0.288542 0.567969 0.288542 0.567187 0.287500 0.566406 0.287500 0.565625 0.287500 0.565625 0.283333
0 0.980469 0.286458 0.981250 0.286458 0.982031 0.286458 0.982812 0.287500 0.982812 0.288542 0.983594 0.289583 0.984375 0.289583 0.985156 0.290625 0.985938 0.290625 0.985938 0.291667 0.985938 0.292708 0.985156 0.293750 0.984375 0.294792 0.983594 0.294792 0.982812 0.295833 0.982031 0.295833 0.981250 0.296875 0.980469 0.295833 0.980469 0.286458
0 0.010937 0.289583 0.012500 0.289583 0.013281 0.289583 0.013281 0.290625 0.012500 0.291667 0.012500 0.292708 0.010937 0.294792 0.010937 0.295833 0.010937 0.294792 0.010156 0.293750 0.010156 0.292708 0.010156 0.291667 0.010937 0.290625 0.010937 0.289583
0 0.267188 0.289583 0.269531 0.289583 0.270313 0.289583 0.271094 0.290625 0.271875 0.290625 0.271094 0.291667 0.271094 0.293750 0.271094 0.294792 0.270313 0.295833 0.269531 0.295833 0.268750 0.295833 0.267969 0.296875 0.267969 0.298958 0.267969 0.300000 0.267188 0.301042 0.266406 0.301042 0.265625 0.301042 0.265625 0.300000 0.264844 0.298958 0.264844 0.296875 0.264844 0.295833 0.265625 0.294792 0.265625 0.293750 0.265625 0.292708 0.266406 0.291667 0.267188 0.290625 0.267188 0.289583
0 0.065625 0.290625 0.067187 0.290625 0.067969 0.290625 0.067969 0.291667 0.067187 0.292708 0.067187 0.294792 0.066406 0.295833 0.065625 0.295833 0.065625 0.290625
0 0.212500 0.290625 0.214062 0.292708 0.214844 0.293750 0.214844 0.294792 0.215625 0.295833 0.216406 0.295833 0.215625 0.296875 0.215625 0.298958 0.215625 0.300000 0.214844 0.301042 0.214062 0.301042 0.213281 0.302083 0.212500 0.302083 0.211719 0.301042 0.210938 0.300000 0.210938 0.298958 0.210156 0.297917 0.210156 0.296875 0.210156 0.295833 0.210938 0.294792 0.210938 0.292708 0.210938 0.291667 0.211719 0.291667 0.212500 0.290625
0 0.291406 0.290625 0.292187 0.291667 0.292969 0.292708 0.293750 0.292708 0.294531 0.293750 0.292969 0.295833 0.292187 0.296875 0.291406 0.296875 0.290625 0.295833 0.290625 0.292708 0.290625 0.291667 0.291406 0.290625
0 0.221875 0.291667 0.221875 0.292708 0.222656 0.293750 0.224219 0.293750 0.225000 0.293750 0.225000 0.294792 0.225000 0.295833 0.226562 0.297917 0.227344 0.298958 0.228125 0.298958 0.228906 0.298958 0.228906 0.301042 0.228906 0.302083 0.228125 0.303125 0.228125 0.304167 0.227344 0.305208 0.226562 0.305208 0.225781 0.306250 0.224219 0.306250 0.223438 0.307292 0.222656 0.307292 0.222656 0.306250 0.221094 0.304167 0.220312 0.304167 0.220312 0.303125 0.219531 0.302083 0.220312 0.301042 0.220312 0.295833 0.220312 0.294792 0.221094 0.293750 0.221875 0.292708 0.221875 0.291667
0 0.115625 0.293750 0.117188 0.293750 0.117969 0.294792 0.117969 0.297917 0.117188 0.298958 0.116406 0.298958 0.115625 0.297917 0.115625 0.293750
0 0.038281 0.297917 0.039844 0.297917 0.040625 0.297917 0.040625 0.298958 0.040625 0.300000 0.039844 0.301042 0.039062 0.302083 0.038281 0.302083 0.037500 0.302083 0.036719 0.301042 0.036719 0.300000 0.036719 0.298958 0.037500 0.298958 0.038281 0.297917
0 0.772656 0.300000 0.773438 0.300000 0.774219 0.300000 0.775781 0.302083 0.776563 0.302083 0.776563 0.303125 0.777344 0.304167 0.778125 0.304167 0.778906 0.304167 0.778906 0.305208 0.778906 0.306250 0.778125 0.307292 0.777344 0.307292 0.775781 0.309375 0.775000 0.310417 0.775000 0.309375 0.774219 0.308333 0.773438 0.308333 0.773438 0.307292 0.773438 0.306250 0.771875 0.304167 0.771094 0.304167 0.771094 0.303125 0.771094 0.302083 0.772656 0.300000
0 0.064844 0.301042 0.067187 0.301042 0.067969 0.301042 0.067969 0.303125 0.068750 0.304167 0.067969 0.304167 0.067187 0.305208 0.067187 0.306250 0.065625 0.304167 0.064844 0.303125 0.064844 0.301042
0 0.258594 0.305208 0.260156 0.305208 0.260937 0.305208 0.260937 0.306250 0.261719 0.307292 0.262500 0.307292 0.262500 0.308333 0.263281 0.309375 0.264062 0.309375 0.264844 0.309375 0.265625 0.310417 0.266406 0.311458 0.267188 0.311458 0.267969 0.312500 0.267969 0.313542 0.267188 0.314583 0.266406 0.315625 0.265625 0.315625 0.264844 0.316667 0.264062 0.316667 0.263281 0.316667 0.262500 0.317708 0.262500 0.318750 0.262500 0.319792 0.261719 0.320833 0.260937 0.321875 0.258594 0.321875 0.257812 0.321875 0.257031 0.320833 0.257031 0.318750 0.257031 0.317708 0.256250 0.316667 0.255469 0.316667 0.254688 0.315625 0.254688 0.313542 0.253906 0.312500 0.255469 0.310417 0.256250 0.309375 0.257031 0.309375 0.257812 0.308333 0.258594 0.307292 0.258594 0.305208
0 0.890625 0.306250 0.892188 0.306250 0.892969 0.306250 0.892969 0.308333 0.893750 0.309375 0.892969 0.310417 0.892969 0.312500 0.892969 0.313542 0.892188 0.314583 0.892188 0.315625 0.891406 0.316667 0.890625 0.316667 0.889844 0.316667 0.889844 0.315625 0.889062 0.314583 0.888281 0.313542 0.888281 0.312500 0.888281 0.311458 0.889062 0.310417 0.889844 0.309375 0.889844 0.308333 0.889844 0.307292 0.890625 0.306250
0 0.044531 0.308333 0.046875 0.308333 0.047656 0.308333 0.047656 0.309375 0.047656 0.310417 0.048438 0.311458 0.048438 0.313542 0.047656 0.314583 0.046875 0.314583 0.046094 0.314583 0.045312 0.313542 0.044531 0.313542 0.044531 0.310417 0.043750 0.309375 0.044531 0.308333
0 0.085156 0.311458 0.087500 0.311458 0.088281 0.311458 0.088281 0.312500 0.088281 0.313542 0.087500 0.314583 0.085938 0.314583 0.085156 0.314583 0.085156 0.311458
0 0.489844 0.313542 0.490625 0.314583 0.491406 0.314583 0.492188 0.314583 0.492188 0.315625 0.492969 0.316667 0.492188 0.316667 0.491406 0.317708 0.491406 0.318750 0.490625 0.317708 0.489844 0.316667 0.489844 0.313542
0 0.124219 0.316667 0.125781 0.316667 0.126562 0.316667 0.126562 0.317708 0.127344 0.318750 0.126562 0.318750 0.125781 0.319792 0.125000 0.319792 0.124219 0.319792 0.123438 0.318750 0.124219 0.317708 0.124219 0.316667
0 0.116406 0.317708 0.117188 0.317708 0.117969 0.317708 0.118750 0.318750 0.119531 0.318750 0.119531 0.319792 0.118750 0.320833 0.117969 0.321875 0.117188 0.321875 0.116406 0.321875 0.115625 0.320833 0.115625 0.319792 0.115625 0.318750 0.116406 0.317708
0 0.773438 0.317708 0.774219 0.317708 0.775000 0.317708 0.775000 0.318750 0.775000 0.319792 0.775781 0.320833 0.776563 0.320833 0.775781 0.320833 0.774219 0.322917 0.773438 0.322917 0.772656 0.323958 0.772656 0.325000 0.772656 0.326042 0.771875 0.327083 0.771094 0.327083 0.770312 0.328125 0.769531 0.327083 0.768750 0.326042 0.768750 0.325000 0.768750 0.323958 0.769531 0.322917 0.771094 0.322917 0.771875 0.322917 0.772656 0.321875 0.772656 0.320833 0.773438 0.319792 0.773438 0.317708
0 0.069531 0.318750 0.071875 0.318750 0.072656 0.318750 0.072656 0.319792 0.073438 0.320833 0.072656 0.321875 0.072656 0.326042 0.072656 0.327083 0.071875 0.328125 0.069531 0.328125 0.068750 0.328125 0.067969 0.329167 0.067969 0.330208 0.067187 0.331250 0.066406 0.331250 0.065625 0.331250 0.065625 0.327083 0.065625 0.326042 0.064844 0.325000 0.064844 0.322917 0.064844 0.321875 0.065625 0.320833 0.067187 0.320833 0.067969 0.320833 0.069531 0.318750
0 0.628125 0.318750 0.628906 0.318750 0.629687 0.318750 0.629515 0.317717 0.631372 0.318156 0.632003 0.318997 0.631953 0.321377 0.632978 0.322620 0.632749 0.324895 0.630914 0.325000 0.630233 0.326205 0.629552 0.327113 0.626290 0.326769 0.625888 0.323251 0.626368 0.319399 0.628125 0.318750
0 0.353906 0.327083 0.353906 0.326042 0.353125 0.325000 0.352344 0.325000 0.351562 0.323958 0.351562 0.319792 0.349793 0.319792 0.348481 0.319216 0.347000 0.318006 0.345880 0.317563 0.345199 0.317777 0.344082 0.317767 0.343498 0.318006 0.343123 0.318506 0.342944 0.319336 0.343085 0.320370 0.343498 0.320921 0.345689 0.321720 0.346979 0.321972 0.347476 0.322400 0.348438 0.322829 0.349219 0.323958 0.349219 0.326042 0.350000 0.326042 0.350781 0.327083 0.351562 0.327083 0.352344 0.328125 0.353125 0.328125
0 0.461719 0.320833 0.462500 0.320833 0.463281 0.320833 0.463281 0.321875 0.464062 0.322917 0.464844 0.323958 0.464062 0.323958 0.463281 0.325000 0.463281 0.327083 0.462500 0.328125 0.461719 0.328125 0.460938 0.327083 0.460938 0.322917 0.460938 0.321875 0.461719 0.320833
0 0.829688 0.320833 0.830469 0.320833 0.831250 0.320833 0.832812 0.322917 0.833594 0.322917 0.834375 0.323958 0.834375 0.325000 0.833594 0.326042 0.832812 0.327083 0.831250 0.327083 0.830469 0.327083 0.830469 0.326042 0.829688 0.325000 0.829688 0.320833
0 0.984375 0.321875 0.985156 0.321875 0.985938 0.321875 0.986719 0.322917 0.987500 0.322917 0.987500 0.323958 0.987500 0.325000 0.986719 0.326042 0.985156 0.326042 0.984375 0.326042 0.983594 0.325000 0.983594 0.323958 0.983594 0.322917 0.984375 0.321875
0 0.317188 0.323958 0.317969 0.325000 0.318750 0.325000 0.319531 0.325000 0.319531 0.327083 0.319531 0.328125 0.318750 0.329167 0.317969 0.330208 0.317969 0.331250 0.317188 0.332292 0.316406 0.333333 0.314844 0.333333 0.314063 0.333333 0.314063 0.332292 0.314063 0.331250 0.314844 0.330208 0.315625 0.330208 0.316406 0.329167 0.317188 0.328125 0.317188 0.323958
0 0.376563 0.323958 0.377344 0.323958 0.378125 0.323958 0.378906 0.325000 0.378906 0.326042 0.378906 0.327083 0.378125 0.328125 0.377344 0.328125 0.376563 0.328125 0.375781 0.329167 0.375781 0.331250 0.375000 0.332292 0.374219 0.332292 0.373437 0.333333 0.371875 0.333333 0.371094 0.333333 0.370312 0.334375 0.369531 0.335417 0.369531 0.333333 0.369531 0.332292 0.370312 0.331250 0.370312 0.330208 0.370312 0.329167 0.371094 0.329167 0.371875 0.328125 0.373437 0.328125 0.374219 0.328125 0.375000 0.327083 0.375781 0.326042 0.375781 0.325000 0.376563 0.323958
0 0.844531 0.323958 0.845313 0.323958 0.846094 0.323958 0.846875 0.325000 0.847656 0.325000 0.848437 0.325000 0.847656 0.326042 0.847656 0.327083 0.846875 0.328125 0.846094 0.329167 0.846094 0.332292 0.846094 0.333333 0.845313 0.334375 0.842969 0.334375 0.842187 0.334375 0.842187 0.333333 0.841406 0.332292 0.841406 0.328125 0.841406 0.327083 0.842187 0.326042 0.842187 0.325000 0.842969 0.325000 0.843750 0.325000 0.844531 0.323958
0 0.534375 0.327083 0.535937 0.327083 0.536719 0.328125 0.536719 0.330208 0.536719 0.331250 0.535937 0.332292 0.534375 0.332292 0.533594 0.333333 0.532813 0.332292 0.532813 0.330208 0.532813 0.329167 0.534375 0.327083
0 0.431250 0.328125 0.432031 0.328125 0.432812 0.328125 0.433594 0.329167 0.434375 0.330208 0.434375 0.332292 0.434375 0.333333 0.433594 0.334375 0.432812 0.335417 0.431250 0.335417 0.430469 0.334375 0.428125 0.334375 0.427344 0.333333 0.427344 0.330208 0.427344 0.329167 0.429688 0.329167 0.430469 0.329167 0.431250 0.328125
0 0.508594 0.328125 0.510156 0.328125 0.510938 0.329167 0.510156 0.330208 0.510156 0.331250 0.509926 0.333190 0.508594 0.333333 0.508594 0.332292 0.507812 0.331250 0.507812 0.330208 0.507812 0.329167 0.508594 0.328125
0 0.238281 0.330208 0.239063 0.331250 0.242188 0.331250 0.242969 0.331250 0.242969 0.332292 0.242969 0.333333 0.242188 0.334375 0.242188 0.335417 0.242188 0.336458 0.241406 0.337500 0.240625 0.337500 0.239844 0.337500 0.238281 0.339583 0.238281 0.340625 0.237500 0.339583 0.236719 0.339583 0.235937 0.339583 0.234375 0.337500 0.233594 0.337500 0.233594 0.336458 0.232813 0.335417 0.233594 0.334375 0.234375 0.334375 0.235156 0.334375 0.235937 0.333333 0.235937 0.332292 0.236719 0.331250 0.237500 0.331250 0.238281 0.330208
0 0.562500 0.330208 0.564063 0.330208 0.564844 0.330208 0.565625 0.331250 0.566406 0.332292 0.565625 0.333333 0.565625 0.334375 0.564844 0.335417 0.564844 0.336458 0.564063 0.335417 0.563281 0.335417 0.563281 0.334375 0.562500 0.333333 0.562500 0.332292 0.561719 0.331250 0.562500 0.330208
0 0.383594 0.333333 0.385937 0.333333 0.386719 0.333333 0.387500 0.334375 0.388281 0.334375 0.387500 0.335417 0.387500 0.336458 0.387500 0.337500 0.386719 0.338542 0.384375 0.338542 0.383594 0.338542 0.382812 0.337500 0.382812 0.336458 0.382812 0.335417 0.383594 0.334375 0.383594 0.333333
0 0.361719 0.334375 0.363281 0.334375 0.364063 0.334375 0.364063 0.336458 0.363281 0.337500 0.361719 0.337500 0.360938 0.337500 0.360938 0.336458 0.360938 0.335417 0.361719 0.334375
0 0.000000 0.335417 0.000781 0.335417 0.001563 0.335417 0.003125 0.337500 0.003906 0.337500 0.003906 0.338542 0.003906 0.339583 0.004687 0.340625 0.004687 0.341667 0.003906 0.342708 0.003125 0.342708 0.002344 0.343750 0.000781 0.343750 0.000000 0.342708 0.000000 0.335417
0 0.886719 0.337500 0.888281 0.337500 0.889062 0.338542 0.889062 0.339583 0.889062 0.340625 0.888281 0.341667 0.887500 0.342708 0.886719 0.342708 0.885938 0.341667 0.885938 0.339583 0.885938 0.338542 0.886719 0.337500
0 0.134375 0.339583 0.135156 0.339583 0.135937 0.339583 0.136719 0.340625 0.137500 0.340625 0.137500 0.342708 0.138281 0.343750 0.138281 0.344792 0.137500 0.345833 0.136719 0.346875 0.135937 0.345833 0.135156 0.344792 0.135156 0.343750 0.134375 0.342708 0.134375 0.339583
0 0.036719 0.340625 0.037500 0.341667 0.038281 0.341667 0.039062 0.342708 0.039062 0.345833 0.038281 0.346875 0.036719 0.346875 0.035937 0.345833 0.035937 0.342708 0.035937 0.341667 0.036719 0.340625
0 0.513281 0.343750 0.514062 0.343750 0.514844 0.343750 0.515625 0.344792 0.515625 0.345833 0.516406 0.346875 0.516406 0.347917 0.515625 0.348958 0.515625 0.351042 0.515625 0.352083 0.514844 0.353125 0.514062 0.354167 0.512500 0.354167 0.511719 0.354167 0.510778 0.353653 0.509947 0.352083 0.510938 0.347917 0.510938 0.346875 0.510827 0.345305 0.511124 0.344891 0.511719 0.344792 0.512500 0.344792 0.513281 0.343750
0 0.589844 0.346875 0.591406 0.346875 0.592187 0.347917 0.589844 0.351042 0.589063 0.351042 0.589063 0.348958 0.589063 0.347917 0.589844 0.346875
0 0.269531 0.350000 0.271094 0.350000 0.271875 0.350000 0.274219 0.353125 0.275000 0.354167 0.276562 0.354167 0.277344 0.354167 0.277344 0.355208 0.277344 0.356250 0.276562 0.357292 0.275781 0.357292 0.275000 0.357292 0.274219 0.358333 0.273438 0.358333 0.272656 0.359375 0.272656 0.358333 0.271875 0.357292 0.271875 0.356250 0.271094 0.355208 0.270313 0.355208 0.270313 0.354167 0.270313 0.353125 0.269531 0.352083 0.269531 0.350000
0 0.967187 0.351042 0.970313 0.351042 0.971094 0.351042 0.971875 0.352083 0.975000 0.352083 0.975000 0.353125 0.974219 0.354167 0.973437 0.355208 0.973437 0.356250 0.972656 0.357292 0.971875 0.357292 0.971094 0.357292 0.970313 0.358333 0.968750 0.358333 0.967969 0.358333 0.967969 0.357292 0.967969 0.356250 0.967187 0.355208 0.966406 0.354167 0.966406 0.353125 0.965625 0.352083 0.966406 0.352083 0.967187 0.351042
0 0.317969 0.352083 0.320312 0.352083 0.321094 0.352083 0.321094 0.355208 0.321875 0.356250 0.321094 0.357292 0.320312 0.358333 0.319531 0.358333 0.318750 0.359375 0.317969 0.358333 0.315625 0.358333 0.314844 0.357292 0.314844 0.356250 0.314844 0.355208 0.315625 0.354167 0.316406 0.354167 0.317188 0.354167 0.317969 0.353125 0.317969 0.352083
0 0.455469 0.352083 0.456250 0.353125 0.457031 0.353125 0.457031 0.356250 0.456250 0.357292 0.455469 0.357292 0.455469 0.356250 0.454688 0.355208 0.453906 0.355208 0.453906 0.354167 0.453906 0.353125 0.454688 0.353125 0.455469 0.352083
0 0.910156 0.352083 0.910937 0.352083 0.911719 0.352083 0.911719 0.353125 0.912500 0.354167 0.912500 0.355208 0.911719 0.356250 0.910156 0.356250 0.909375 0.356250 0.909375 0.355208 0.909375 0.354167 0.910156 0.353125 0.910156 0.352083
0 0.816406 0.354167 0.819531 0.354167 0.820312 0.354167 0.821875 0.356250 0.821875 0.357292 0.821094 0.358333 0.820312 0.358333 0.819531 0.359375 0.818750 0.359375 0.817969 0.360417 0.817187 0.360417 0.816406 0.360417 0.816406 0.354167
0 0.161719 0.358333 0.163281 0.358333 0.164062 0.358333 0.164062 0.359375 0.164844 0.360417 0.164844 0.361458 0.164062 0.362500 0.163281 0.363542 0.162500 0.363542 0.162500 0.362500 0.161719 0.361458 0.160938 0.360417 0.161719 0.359375 0.161719 0.358333
0 0.665625 0.359375 0.666406 0.360417 0.667188 0.360417 0.666406 0.361458 0.666406 0.362500 0.666406 0.363542 0.664062 0.366667 0.663281 0.367708 0.663281 0.371875 0.663281 0.372917 0.663281 0.369792 0.663281 0.368750 0.662500 0.367708 0.662500 0.365625 0.661719 0.364583 0.663281 0.362500 0.663281 0.361458 0.664062 0.361458 0.665625 0.359375
0 0.628906 0.363542 0.630469 0.363542 0.631250 0.364583 0.631250 0.365625 0.630469 0.366667 0.630469 0.367708 0.628906 0.369792 0.628125 0.369792 0.628125 0.368750 0.627344 0.367708 0.628125 0.366667 0.628125 0.365625 0.628906 0.364583 0.628906 0.363542
0 0.392969 0.364583 0.393750 0.364583 0.394531 0.364583 0.395313 0.365625 0.395313 0.366667 0.395313 0.367708 0.392969 0.370833 0.392969 0.371875 0.392188 0.372917 0.391406 0.372917 0.390625 0.373958 0.389844 0.372917 0.389844 0.369792 0.389844 0.368750 0.390625 0.367708 0.391406 0.367708 0.392188 0.366667 0.392188 0.365625 0.392969 0.364583
0 0.052344 0.365625 0.055469 0.365625 0.056250 0.366667 0.056250 0.373958 0.056250 0.375000 0.057031 0.376042 0.057813 0.376042 0.057813 0.377083 0.057031 0.378125 0.055469 0.378125 0.054688 0.379167 0.053906 0.379167 0.053125 0.378125 0.050781 0.378125 0.050000 0.377083 0.050000 0.376042 0.049219 0.375000 0.050000 0.373958 0.050000 0.371875 0.050000 0.370833 0.050781 0.369792 0.050781 0.368750 0.051562 0.367708 0.051562 0.366667 0.052344 0.365625
0 0.478906 0.366667 0.484375 0.366667 0.485156 0.367708 0.485156 0.368750 0.484375 0.369792 0.484375 0.370833 0.483594 0.371875 0.483594 0.373958 0.482812 0.375000 0.481250 0.375000 0.480469 0.376042 0.479687 0.375000 0.479687 0.373958 0.478906 0.372917 0.477344 0.372917 0.476562 0.371875 0.476562 0.370833 0.476562 0.369792 0.478906 0.366667
0 0.738281 0.366667 0.750000 0.366667 0.750781 0.366667 0.751563 0.367708 0.752344 0.367708 0.753125 0.367708 0.752344 0.367708 0.751563 0.367708 0.750781 0.368750 0.750781 0.369792 0.750000 0.368750 0.746094 0.368750 0.745313 0.368750 0.744531 0.369792 0.744531 0.372917 0.744531 0.373958 0.744531 0.369792 0.743750 0.368750 0.739062 0.368750 0.738281 0.368750 0.737500 0.369792 0.736719 0.369792 0.736719 0.368750 0.736719 0.367708 0.737500 0.367708 0.738281 0.366667
0 0.421875 0.367708 0.422656 0.367708 0.423438 0.367708 0.423438 0.370833 0.423438 0.371875 0.421875 0.373958 0.421094 0.375000 0.420312 0.373958 0.419531 0.373958 0.419531 0.371875 0.419531 0.370833 0.420312 0.369792 0.421094 0.369792 0.421875 0.368750 0.421875 0.367708
0 0.805469 0.370833 0.806250 0.370833 0.807031 0.370833 0.807813 0.371875 0.807813 0.372917 0.808594 0.373958 0.807813 0.373958 0.807031 0.375000 0.804688 0.375000 0.803906 0.375000 0.803906 0.373958 0.803906 0.372917 0.805469 0.370833
0 0.470313 0.373958 0.471094 0.373958 0.471875 0.373958 0.472656 0.375000 0.473438 0.375000 0.473438 0.376042 0.474219 0.377083 0.474219 0.378125 0.474219 0.379167 0.473438 0.380208 0.473438 0.381250 0.472656 0.382292 0.469531 0.382292 0.468750 0.381250 0.468750 0.377083 0.468750 0.376042 0.470313 0.373958
0 0.442969 0.375000 0.446094 0.375000 0.446875 0.375000 0.446875 0.380208 0.446875 0.381250 0.446094 0.382292 0.445312 0.383333 0.444531 0.383333 0.443750 0.383333 0.443750 0.382292 0.442969 0.381250 0.442969 0.375000
0 0.347656 0.380208 0.348438 0.381250 0.349219 0.381250 0.350000 0.381250 0.350000 0.382292 0.350000 0.383333 0.349219 0.384375 0.349219 0.385417 0.349219 0.386458 0.348438 0.387500 0.347656 0.388542 0.346875 0.387500 0.345313 0.387500 0.344531 0.387500 0.344531 0.386458 0.344531 0.385417 0.345313 0.384375 0.345313 0.383333 0.346094 0.383333 0.346875 0.382292 0.346875 0.381250 0.347656 0.380208
0 0.782031 0.380208 0.783594 0.380208 0.784375 0.380208 0.785156 0.381250 0.787500 0.381250 0.788281 0.381250 0.787500 0.382292 0.787500 0.383333 0.787500 0.384375 0.786719 0.385417 0.785937 0.386458 0.781250 0.386458 0.780469 0.386458 0.779687 0.385417 0.779687 0.384375 0.779687 0.383333 0.782031 0.380208
0 0.247656 0.382292 0.249219 0.382292 0.250000 0.382292 0.250000 0.383333 0.250000 0.384375 0.249219 0.385417 0.248438 0.386458 0.248438 0.385417 0.247656 0.384375 0.246875 0.383333 0.247656 0.382292
0 0.641406 0.383333 0.642188 0.383333 0.642969 0.383333 0.642969 0.384375 0.644531 0.386458 0.645312 0.387500 0.646094 0.387500 0.646875 0.387500 0.646875 0.389583 0.646875 0.390625 0.646094 0.391667 0.646094 0.392708 0.645312 0.393750 0.645312 0.394792 0.645312 0.395833 0.644531 0.396875 0.643750 0.397917 0.643750 0.398958 0.643750 0.400000 0.643750 0.398958 0.642969 0.397917 0.642969 0.393750 0.642969 0.392708 0.642188 0.391667 0.642188 0.389583 0.641406 0.388542 0.641406 0.383333
0 0.700000 0.389583 0.702344 0.389583 0.703125 0.389583 0.703125 0.390625 0.703906 0.391667 0.704688 0.392708 0.704688 0.393750 0.704688 0.394792 0.703125 0.396875 0.702344 0.397917 0.701562 0.397917 0.700781 0.397917 0.700781 0.396875 0.700000 0.395833 0.700000 0.394792 0.699219 0.393750 0.699219 0.391667 0.699219 0.390625 0.700000 0.389583
0 0.117969 0.390625 0.118750 0.390625 0.119531 0.390625 0.120313 0.391667 0.121094 0.392708 0.121094 0.394792 0.120313 0.395833 0.118750 0.395833 0.117969 0.394792 0.117969 0.390625
0 0.164062 0.390625 0.164844 0.390625 0.165625 0.390625 0.166406 0.391667 0.167187 0.391667 0.167969 0.391667 0.167969 0.392708 0.167969 0.393750 0.167187 0.394792 0.167187 0.395833 0.166406 0.396875 0.165625 0.397917 0.164062 0.397917 0.163281 0.397917 0.162500 0.398958 0.161719 0.398958 0.161719 0.397917 0.160938 0.396875 0.160938 0.393750 0.160938 0.392708 0.161719 0.391667 0.162500 0.391667 0.163281 0.391667 0.164062 0.390625
0 0.283594 0.393750 0.285156 0.393750 0.285938 0.393750 0.285938 0.394792 0.285938 0.395833 0.285156 0.396875 0.285156 0.397917 0.285156 0.398958 0.284375 0.400000 0.283594 0.400000 0.282813 0.401042 0.282813 0.395833 0.282813 0.394792 0.283594 0.393750
0 0.845313 0.394792 0.847656 0.394792 0.848437 0.394792 0.849219 0.395833 0.850000 0.395833 0.850781 0.395833 0.850781 0.396875 0.850781 0.397917 0.851562 0.398958 0.852344 0.398958 0.853125 0.400000 0.851562 0.402083 0.850781 0.403125 0.847656 0.403125 0.846875 0.403125 0.846094 0.404167 0.842187 0.404167 0.841406 0.404167 0.840625 0.403125 0.840625 0.400000 0.840625 0.398958 0.841406 0.397917 0.841406 0.396875 0.842187 0.395833 0.843750 0.395833 0.844531 0.395833 0.845313 0.394792
0 0.067969 0.400000 0.069531 0.400000 0.070312 0.400000 0.071094 0.401042 0.071875 0.401042 0.072656 0.401042 0.071875 0.402083 0.071875 0.403125 0.071875 0.404167 0.071094 0.405208 0.069531 0.405208 0.068750 0.405208 0.067969 0.404167 0.067187 0.403125 0.067187 0.402083 0.066406 0.401042 0.067187 0.401042 0.067969 0.400000
0 0.357812 0.400000 0.359375 0.400000 0.360156 0.400000 0.360156 0.403125 0.360156 0.404167 0.359375 0.405208 0.359375 0.406250 0.358594 0.405208 0.358594 0.404167 0.358594 0.403125 0.357812 0.402083 0.357812 0.400000
0 0.459375 0.400000 0.460938 0.400000 0.461719 0.400000 0.462500 0.401042 0.463281 0.402083 0.463281 0.404167 0.464062 0.405208 0.463281 0.405208 0.462500 0.406250 0.461719 0.405208 0.460938 0.405208 0.460156 0.405208 0.460156 0.404167 0.459375 0.403125 0.459375 0.400000
0 0.714844 0.400000 0.716406 0.400000 0.717187 0.400000 0.717187 0.401042 0.717187 0.402083 0.716406 0.403125 0.715625 0.404167 0.714844 0.404167 0.714844 0.400000
0 0.317969 0.403125 0.318750 0.404167 0.320312 0.404167 0.321094 0.404167 0.321875 0.405208 0.322656 0.405208 0.320312 0.408333 0.319531 0.408333 0.319531 0.407292 0.318750 0.406250 0.317969 0.406250 0.317969 0.403125
0 0.467969 0.403125 0.469531 0.403125 0.470313 0.403125 0.470313 0.405208 0.470313 0.406250 0.469531 0.407292 0.469531 0.408333 0.468750 0.407292 0.467969 0.406250 0.467969 0.405208 0.467187 0.404167 0.467969 0.403125
0 0.668750 0.403125 0.671094 0.403125 0.671875 0.403125 0.671875 0.404167 0.671875 0.405208 0.672656 0.406250 0.673438 0.406250 0.674219 0.406250 0.674219 0.407292 0.675000 0.408333 0.674219 0.408333 0.673438 0.409375 0.671875 0.409375 0.671094 0.409375 0.670312 0.410417 0.670312 0.411458 0.669531 0.412500 0.669531 0.413542 0.669531 0.414583 0.668750 0.415625 0.667188 0.415625 0.666406 0.415625 0.665625 0.416667 0.665625 0.417708 0.664844 0.418750 0.664844 0.419792 0.664062 0.420833 0.663281 0.420833 0.662500 0.420833 0.661719 0.421875 0.660937 0.422917 0.660156 0.422917 0.659375 0.423958 0.657813 0.423958 0.657031 0.423958 0.657031 0.422917 0.656250 0.421875 0.655469 0.420833 0.656250 0.419792 0.657031 0.419792 0.658594 0.417708 0.659375 0.417708 0.660156 0.416667 0.660156 0.415625 0.660937 0.414583 0.663281 0.414583 0.664062 0.414583 0.664844 0.413542 0.664844 0.410417 0.664844 0.409375 0.665625 0.408333 0.665625 0.407292 0.667188 0.405208 0.667188 0.404167 0.667969 0.404167 0.668750 0.403125
0 0.993750 0.406250 0.994531 0.407292 0.995313 0.407292 0.996094 0.408333 0.996875 0.409375 0.998437 0.409375 0.999219 0.409375 0.999219 0.410417 0.999219 0.411458 0.998437 0.412500 0.996094 0.412500 0.995313 0.412500 0.994531 0.413542 0.993750 0.413542 0.992969 0.413542 0.992188 0.412500 0.992188 0.409375 0.992188 0.408333 0.993750 0.406250
0 0.301563 0.408333 0.303125 0.408333 0.303906 0.408333 0.304688 0.409375 0.305469 0.409375 0.306250 0.409375 0.306250 0.410417 0.307031 0.411458 0.307031 0.412500 0.306250 0.413542 0.305469 0.414583 0.305469 0.417708 0.304688 0.418750 0.303125 0.418750 0.302344 0.418750 0.301563 0.417708 0.300781 0.416667 0.300000 0.416667 0.299219 0.416667 0.299219 0.414583 0.299219 0.413542 0.300000 0.412500 0.300000 0.410417 0.300000 0.409375 0.300781 0.409375 0.301563 0.408333
0 0.170313 0.410417 0.171094 0.411458 0.171875 0.411458 0.172656 0.411458 0.172656 0.413542 0.172656 0.414583 0.171875 0.415625 0.171094 0.416667 0.170313 0.416667 0.169531 0.417708 0.168750 0.418750 0.167969 0.417708 0.167969 0.415625 0.167969 0.414583 0.168750 0.413542 0.169531 0.412500 0.169531 0.411458 0.170313 0.410417
0 0.325781 0.411458 0.327344 0.411458 0.328125 0.412500 0.328125 0.415625 0.327344 0.416667 0.327344 0.420833 0.328125 0.421875 0.327344 0.421875 0.326562 0.422917 0.325781 0.421875 0.324219 0.421875 0.323437 0.421875 0.323437 0.419792 0.323437 0.418750 0.324219 0.417708 0.325000 0.416667 0.325000 0.413542 0.325000 0.412500 0.325781 0.411458
0 0.224219 0.412500 0.225000 0.412500 0.225781 0.412500 0.226562 0.413542 0.227344 0.413542 0.227344 0.414583 0.228125 0.415625 0.228125 0.416667 0.228125 0.417708 0.226562 0.419792 0.225781 0.420833 0.224219 0.420833 0.223438 0.420833 0.223438 0.414583 0.223438 0.413542 0.224219 0.412500
0 0.749219 0.414583 0.750000 0.414583 0.750781 0.414583 0.751563 0.415625 0.751563 0.417708 0.750781 0.418750 0.750000 0.418750 0.749219 0.418750 0.749219 0.414583
0 0.865625 0.417708 0.866406 0.418750 0.867188 0.419792 0.866406 0.419792 0.865625 0.420833 0.864062 0.420833 0.863281 0.421875 0.860156 0.421875 0.859375 0.420833 0.860156 0.419792 0.860938 0.419792 0.861719 0.419792 0.862500 0.418750 0.864062 0.418750 0.864844 0.418750 0.865625 0.417708
0 0.056250 0.419792 0.057813 0.419792 0.058594 0.419792 0.058594 0.421875 0.058594 0.422917 0.057031 0.425000 0.057031 0.426042 0.056250 0.425000 0.056250 0.419792
0 0.822656 0.419792 0.823438 0.420833 0.823438 0.421875 0.824219 0.422917 0.823438 0.423958 0.823438 0.427083 0.823438 0.428125 0.822656 0.429167 0.822656 0.430208 0.821875 0.431250 0.821875 0.432292 0.821094 0.431250 0.821094 0.430208 0.820312 0.429167 0.821094 0.428125 0.821875 0.427083 0.821875 0.422917 0.821094 0.421875 0.822656 0.419792
0 0.256250 0.420833 0.258594 0.420833 0.259375 0.420833 0.260156 0.421875 0.260937 0.422917 0.260937 0.423958 0.261719 0.425000 0.261719 0.427083 0.261719 0.428125 0.260937 0.429167 0.260156 0.430208 0.259375 0.430208 0.258594 0.430208 0.258594 0.428125 0.257812 0.427083 0.255469 0.427083 0.254688 0.427083 0.254688 0.423958 0.253906 0.422917 0.254688 0.422917 0.256250 0.420833
0 0.000000 0.422917 0.000781 0.423958 0.001563 0.423958 0.002344 0.423958 0.003125 0.425000 0.003906 0.425000 0.004687 0.426042 0.004687 0.429167 0.003906 0.430208 0.003125 0.430208 0.002344 0.431250 0.000781 0.431250 0.000000 0.430208 0.000000 0.422917
0 0.411719 0.422917 0.412500 0.423958 0.413281 0.423958 0.413281 0.425000 0.411719 0.427083 0.410938 0.427083 0.410156 0.426042 0.410156 0.425000 0.410156 0.423958 0.410938 0.423958 0.411719 0.422917
0 0.725781 0.428125 0.728125 0.428125 0.728906 0.428125 0.728906 0.432292 0.728125 0.433333 0.727344 0.433333 0.727344 0.430208 0.727344 0.429167 0.726562 0.428125 0.725781 0.428125
0 0.301563 0.429167 0.304688 0.429167 0.305469 0.430208 0.304688 0.431250 0.303906 0.432292 0.302344 0.432292 0.301563 0.433333 0.301563 0.429167
0 0.828125 0.434375 0.829688 0.434375 0.830469 0.435417 0.828125 0.438542 0.827344 0.439583 0.827344 0.442708 0.827344 0.443750 0.826562 0.444792 0.825781 0.444792 0.825000 0.445833 0.825000 0.447917 0.825000 0.448958 0.823438 0.451042 0.823438 0.452083 0.823438 0.447917 0.823438 0.446875 0.822656 0.445833 0.821875 0.445833 0.821094 0.444792 0.821094 0.442708 0.820312 0.441667 0.821094 0.440625 0.821094 0.439583 0.821875 0.439583 0.822656 0.438542 0.825000 0.438542 0.825781 0.438542 0.826562 0.437500 0.826562 0.436458 0.826562 0.435417 0.827344 0.435417 0.828125 0.434375
0 0.879687 0.434375 0.882031 0.434375 0.882031 0.435417 0.881250 0.436458 0.880469 0.436458 0.878906 0.438542 0.878125 0.439583 0.878125 0.442708 0.878125 0.443750 0.878906 0.444792 0.878906 0.447917 0.878906 0.448958 0.879687 0.450000 0.880469 0.450000 0.881250 0.451042 0.881250 0.452083 0.880469 0.453125 0.879687 0.454167 0.878906 0.454167 0.878125 0.454167 0.878125 0.453125 0.877344 0.452083 0.875781 0.452083 0.875000 0.452083 0.873437 0.450000 0.872656 0.450000 0.872656 0.448958 0.871875 0.447917 0.873437 0.445833 0.874219 0.444792 0.874219 0.443750 0.875000 0.442708 0.875000 0.439583 0.875000 0.438542 0.875781 0.437500 0.875781 0.436458 0.877344 0.436458 0.878125 0.436458 0.879687 0.434375
0 0.903125 0.434375 0.905469 0.434375 0.906250 0.434375 0.906250 0.435417 0.906250 0.436458 0.904687 0.438542 0.903906 0.439583 0.903125 0.438542 0.903125 0.434375
0 0.166406 0.435417 0.168750 0.435417 0.169531 0.435417 0.170313 0.436458 0.170313 0.437500 0.169531 0.438542 0.167187 0.438542 0.166406 0.438542 0.166406 0.435417
0 0.470313 0.436458 0.471094 0.436458 0.471875 0.436458 0.472656 0.437500 0.474219 0.437500 0.475000 0.438542 0.475000 0.441667 0.475000 0.442708 0.474820 0.445667 0.472656 0.445833 0.470313 0.445833 0.469531 0.445833 0.468598 0.442266 0.468750 0.440625 0.469531 0.439583 0.470313 0.438542 0.470313 0.436458
0 0.260156 0.438542 0.260937 0.439583 0.261719 0.439583 0.262500 0.440625 0.262500 0.441667 0.263281 0.442708 0.264062 0.442708 0.264062 0.443750 0.264062 0.444792 0.263281 0.445833 0.262500 0.446875 0.260156 0.446875 0.259375 0.446875 0.259375 0.440625 0.259375 0.439583 0.260156 0.438542
0 0.447656 0.438542 0.449310 0.438737 0.449072 0.441667 0.449933 0.442603 0.450052 0.443856 0.449849 0.445830 0.448386 0.445796 0.448517 0.446838 0.446823 0.446822 0.446665 0.445833 0.447555 0.445776 0.447708 0.444897 0.443024 0.444792 0.442996 0.443750 0.443024 0.442603 0.445312 0.442708 0.446094 0.442708 0.446875 0.441667 0.446875 0.440625 0.446121 0.438526 0.447656 0.438542
0 0.044531 0.441667 0.046094 0.441667 0.046875 0.441667 0.046875 0.443750 0.046094 0.444792 0.044531 0.444792 0.043750 0.443750 0.044531 0.442708 0.044531 0.441667
0 0.844531 0.442708 0.846875 0.442708 0.847656 0.443750 0.846875 0.444792 0.846094 0.445833 0.844531 0.445833 0.843750 0.445833 0.843750 0.444792 0.843750 0.443750 0.844531 0.442708
0 0.299219 0.443750 0.300000 0.444792 0.300781 0.444792 0.301563 0.445833 0.301563 0.446875 0.300781 0.447917 0.300781 0.448958 0.300000 0.450000 0.298438 0.450000 0.297656 0.448958 0.297656 0.446875 0.297656 0.445833 0.298438 0.445833 0.299219 0.444792 0.299219 0.443750
0 0.236719 0.445833 0.239063 0.445833 0.239844 0.445833 0.239844 0.446875 0.239844 0.447917 0.239063 0.448958 0.239063 0.450000 0.238281 0.451042 0.237500 0.451042 0.236719 0.450000 0.236719 0.447917 0.235937 0.446875 0.236719 0.445833
0 0.840625 0.445833 0.841406 0.445833 0.842187 0.445833 0.842187 0.447917 0.842187 0.448958 0.841406 0.450000 0.840625 0.450000 0.839844 0.450000 0.839063 0.448958 0.839844 0.447917 0.839844 0.446875 0.840625 0.445833
0 0.225781 0.447917 0.226562 0.447917 0.227344 0.447917 0.227344 0.452083 0.227344 0.453125 0.226562 0.454167 0.225781 0.454167 0.225000 0.455208 0.224219 0.456250 0.224219 0.454167 0.223438 0.453125 0.224219 0.452083 0.224219 0.450000 0.224219 0.448958 0.225000 0.448958 0.225781 0.447917
0 0.006250 0.448958 0.007031 0.448958 0.007812 0.448958 0.008594 0.450000 0.009375 0.450000 0.009375 0.458333 0.009375 0.459375 0.008594 0.460417 0.007812 0.461458 0.007031 0.460417 0.007031 0.455208 0.007031 0.454167 0.006250 0.453125 0.006250 0.451042 0.005469 0.450000 0.006250 0.448958
0 0.454688 0.450000 0.456250 0.450000 0.457031 0.450000 0.457873 0.451080 0.457813 0.452083 0.457828 0.454191 0.456250 0.454167 0.455469 0.454167 0.454453 0.454015 0.454688 0.452083 0.454688 0.450000
0 0.353906 0.451042 0.354687 0.451042 0.355469 0.451042 0.356250 0.452083 0.357031 0.453125 0.357031 0.454167 0.357812 0.455208 0.359375 0.455208 0.360156 0.455208 0.360156 0.456250 0.360156 0.457292 0.359375 0.458333 0.357031 0.458333 0.356250 0.459375 0.355469 0.458333 0.355469 0.456250 0.355469 0.455208 0.354687 0.454167 0.353906 0.454167 0.353906 0.451042
0 0.735156 0.451042 0.735938 0.451042 0.736719 0.451042 0.737500 0.452083 0.737500 0.454167 0.738281 0.455208 0.737500 0.455208 0.736719 0.456250 0.736719 0.458333 0.736719 0.459375 0.735938 0.460417 0.728906 0.460417 0.728125 0.460417 0.728125 0.459375 0.727344 0.458333 0.728906 0.458333 0.729688 0.458333 0.730469 0.457292 0.730469 0.454167 0.730469 0.453125 0.731250 0.452083 0.733594 0.452083 0.734375 0.452083 0.735156 0.451042
0 0.960156 0.451042 0.962500 0.451042 0.963281 0.451042 0.963281 0.454167 0.963281 0.455208 0.964063 0.456250 0.964063 0.457292 0.964063 0.458333 0.964844 0.459375 0.964844 0.460417 0.965625 0.461458 0.965625 0.462500 0.964844 0.463542 0.963281 0.463542 0.962500 0.463542 0.961719 0.464583 0.960938 0.465625 0.960156 0.465625 0.959375 0.465625 0.959375 0.461458 0.958594 0.460417 0.958594 0.455208 0.958594 0.454167 0.959375 0.453125 0.960156 0.452083 0.960156 0.451042
0 0.072656 0.452083 0.073438 0.453125 0.074219 0.453125 0.075000 0.453125 0.075000 0.458333 0.074219 0.459375 0.072656 0.459375 0.071875 0.459375 0.071094 0.458333 0.070312 0.458333 0.070312 0.456250 0.070312 0.455208 0.072656 0.452083
0 0.842969 0.452083 0.846094 0.452083 0.846875 0.452083 0.846875 0.453125 0.846094 0.454167 0.845313 0.455208 0.845313 0.457292 0.844531 0.458333 0.843750 0.458333 0.842969 0.458333 0.842969 0.452083
0 0.973437 0.453125 0.974219 0.454167 0.975000 0.454167 0.975781 0.454167 0.975781 0.455208 0.975781 0.456250 0.976562 0.457292 0.976562 0.458333 0.977344 0.459375 0.976562 0.459375 0.975781 0.460417 0.973437 0.460417 0.972656 0.460417 0.972656 0.459375 0.971875 0.458333 0.971094 0.458333 0.971094 0.457292 0.971094 0.456250 0.971875 0.455208 0.972656 0.455208 0.973437 0.454167
0 0.279687 0.454167 0.281250 0.454167 0.282031 0.454167 0.282031 0.455208 0.282031 0.456250 0.281250 0.457292 0.280469 0.458333 0.279687 0.458333 0.278906 0.457292 0.278906 0.456250 0.278906 0.455208 0.279687 0.454167
0 0.162500 0.455208 0.164062 0.455208 0.164844 0.455208 0.165625 0.456250 0.164844 0.457292 0.164844 0.458333 0.164062 0.459375 0.163281 0.459375 0.162500 0.458333 0.162500 0.455208
0 0.383594 0.456250 0.385937 0.456250 0.386719 0.456250 0.386719 0.457292 0.387500 0.458333 0.387500 0.462500 0.387500 0.463542 0.388281 0.464583 0.388281 0.466667 0.389062 0.467708 0.389062 0.468750 0.388281 0.469792 0.387500 0.470833 0.386719 0.469792 0.385156 0.469792 0.384375 0.469792 0.384375 0.468750 0.383594 0.467708 0.383594 0.462500 0.382812 0.461458 0.383594 0.460417 0.383594 0.456250
0 0.076563 0.459375 0.079687 0.459375 0.080469 0.459375 0.080469 0.460417 0.081250 0.461458 0.081250 0.462500 0.080469 0.463542 0.079687 0.464583 0.079687 0.465625 0.078906 0.466667 0.078125 0.466667 0.078125 0.465625 0.077344 0.464583 0.076563 0.463542 0.076563 0.459375
0 0.192969 0.459375 0.196094 0.459375 0.196875 0.460417 0.196875 0.461458 0.196094 0.462500 0.196094 0.467708 0.196875 0.468750 0.196094 0.469792 0.195312 0.470833 0.193750 0.470833 0.192969 0.470833 0.192969 0.468750 0.192969 0.467708 0.193750 0.466667 0.194531 0.465625 0.194531 0.463542 0.194531 0.462500 0.193750 0.461458 0.193750 0.460417 0.192969 0.459375
0 0.466406 0.459375 0.467971 0.459526 0.467969 0.460417 0.467969 0.461458 0.467942 0.463584 0.466406 0.463542 0.465625 0.463542 0.464205 0.463584 0.464062 0.462500 0.463281 0.462500 0.463281 0.461458 0.463281 0.460417 0.464844 0.460417 0.465625 0.460417 0.466406 0.459375
0 0.910937 0.461458 0.911719 0.462500 0.912500 0.462500 0.913281 0.463542 0.914062 0.464583 0.916406 0.464583 0.917188 0.464583 0.917188 0.465625 0.917969 0.466667 0.917969 0.467708 0.917969 0.468750 0.917188 0.469792 0.916406 0.470833 0.915625 0.469792 0.914844 0.468750 0.914844 0.467708 0.914062 0.466667 0.912500 0.466667 0.911719 0.466667 0.910937 0.465625 0.910937 0.461458
0 0.253125 0.462500 0.254688 0.462500 0.255469 0.463542 0.255469 0.464583 0.254688 0.465625 0.253906 0.466667 0.253125 0.466667 0.253125 0.462500
0 0.240625 0.466667 0.241406 0.467708 0.242188 0.467708 0.242188 0.469792 0.242188 0.470833 0.241406 0.471875 0.240625 0.471875 0.239844 0.472917 0.239063 0.472917 0.238281 0.471875 0.238281 0.470833 0.238281 0.469792 0.239063 0.468750 0.239063 0.467708 0.239844 0.467708 0.240625 0.466667
0 0.328906 0.467708 0.330469 0.467708 0.331250 0.467708 0.331250 0.469792 0.332031 0.470833 0.331250 0.470833 0.330469 0.471875 0.329688 0.471875 0.328906 0.471875 0.328906 0.470833 0.328125 0.469792 0.328906 0.468750 0.328906 0.467708
0 0.857031 0.467708 0.857812 0.467708 0.858594 0.467708 0.858594 0.468750 0.859375 0.469792 0.860156 0.469792 0.860156 0.472917 0.860156 0.473958 0.860938 0.475000 0.860938 0.478125 0.860938 0.479167 0.861719 0.480208 0.863281 0.480208 0.864062 0.481250 0.864062 0.482292 0.864062 0.483333 0.864844 0.484375 0.865625 0.485417 0.865625 0.486458 0.866406 0.487500 0.865625 0.487500 0.864844 0.488542 0.864062 0.488542 0.863281 0.488542 0.862500 0.487500 0.862500 0.485417 0.862500 0.484375 0.861719 0.483333 0.861719 0.481250 0.861719 0.480208 0.860938 0.479167 0.860156 0.480208 0.858594 0.480208 0.857812 0.480208 0.857812 0.479167 0.857031 0.478125 0.857031 0.469792 0.856250 0.468750 0.857031 0.467708
0 0.967969 0.468750 0.970313 0.468750 0.971094 0.468750 0.971875 0.469792 0.972656 0.470833 0.972656 0.471875 0.972656 0.472917 0.971875 0.473958 0.971094 0.475000 0.970313 0.475000 0.969531 0.475000 0.968750 0.476042 0.967969 0.476042 0.967187 0.475000 0.967187 0.473958 0.966406 0.472917 0.966406 0.471875 0.966406 0.470833 0.967969 0.468750
0 0.647656 0.469792 0.649219 0.469792 0.650000 0.469792 0.650781 0.470833 0.651563 0.471875 0.652344 0.471875 0.653125 0.472917 0.653125 0.473958 0.653906 0.475000 0.653906 0.478125 0.653906 0.479167 0.653125 0.480208 0.653125 0.482292 0.652344 0.483333 0.650781 0.483333 0.650000 0.483333 0.649219 0.484375 0.648438 0.484375 0.647656 0.483333 0.646875 0.483333 0.646094 0.482292 0.645312 0.482292 0.645312 0.481250 0.644531 0.480208 0.644531 0.479167 0.643750 0.478125 0.642969 0.477083 0.642969 0.473958 0.642969 0.472917 0.643750 0.471875 0.644531 0.471875 0.645312 0.471875 0.646094 0.470833 0.646875 0.470833 0.647656 0.469792
0 0.011765 0.474278 0.011679 0.472360 0.011444 0.472047 0.010937 0.471875 0.008663 0.472019 0.008351 0.472134 0.008116 0.472447 0.008041 0.472917 0.006250 0.472917 0.004687 0.470833 0.000000 0.470833 0.000000 0.474735 0.000000 0.475305 0.000000 0.476011 0.000000 0.476427 0.000000 0.477028 0.000152 0.477230 0.000465 0.477115 0.000699 0.476802 0.000736 0.476119 0.002344 0.476042 0.002421 0.476543 0.002655 0.476855 0.003125 0.477083 0.003791 0.477106 0.003915 0.477640 0.004149 0.477952 0.004808 0.478038 0.005229 0.477837 0.005590 0.477137 0.006113 0.476687 0.006152 0.476042 0.010123 0.476042 0.010439 0.476161 0.010751 0.476047 0.010986 0.475734 0.011071 0.475191 0.011401 0.475065 0.011679 0.474695
0 0.800000 0.472917 0.800781 0.473958 0.801562 0.473958 0.802344 0.475000 0.803125 0.475000 0.803906 0.475000 0.803906 0.476042 0.803906 0.477083 0.803125 0.478125 0.802344 0.478125 0.801562 0.479167 0.800781 0.479167 0.800000 0.478125 0.800000 0.475000 0.799219 0.473958 0.800000 0.472917
0 0.071094 0.476042 0.073438 0.476042 0.074219 0.477083 0.074219 0.479167 0.074219 0.480208 0.073438 0.481250 0.072656 0.482292 0.071094 0.482292 0.070312 0.482292 0.070312 0.479167 0.070312 0.478125 0.071094 0.477083 0.071094 0.476042
0 0.826562 0.477083 0.828906 0.477083 0.829688 0.477083 0.830469 0.478125 0.830469 0.479167 0.831250 0.480208 0.832031 0.480208 0.832812 0.480208 0.833594 0.481250 0.833594 0.482292 0.833594 0.483333 0.832812 0.484375 0.832031 0.484375 0.831250 0.484375 0.830469 0.483333 0.829688 0.482292 0.828125 0.482292 0.827344 0.482292 0.826562 0.481250 0.826562 0.477083
0 0.942969 0.479167 0.943750 0.479167 0.944531 0.479167 0.944531 0.480208 0.944531 0.481250 0.945312 0.482292 0.946094 0.483333 0.948438 0.483333 0.949219 0.484375 0.949219 0.488542 0.948438 0.489583 0.942969 0.489583 0.942187 0.488542 0.942187 0.487500 0.941406 0.486458 0.941406 0.483333 0.941406 0.482292 0.942187 0.481250 0.942969 0.480208 0.942969 0.479167
0 0.292969 0.481250 0.296094 0.481250 0.296875 0.481250 0.297656 0.482292 0.298438 0.483333 0.298438 0.484375 0.297656 0.485417 0.297656 0.487500 0.296875 0.488542 0.296094 0.488542 0.295312 0.487500 0.293750 0.487500 0.292969 0.487500 0.292969 0.481250
0 0.916406 0.481250 0.917188 0.481250 0.917969 0.481250 0.918750 0.482292 0.919531 0.483333 0.918750 0.484375 0.918750 0.485417 0.917969 0.486458 0.917188 0.487500 0.917188 0.486458 0.916406 0.485417 0.915625 0.485417 0.915625 0.483333 0.915625 0.482292 0.916406 0.481250
0 0.386719 0.482292 0.388281 0.482292 0.389062 0.483333 0.390625 0.483333 0.391406 0.483333 0.392188 0.482292 0.392061 0.481508 0.394179 0.480512 0.396140 0.480979 0.397357 0.481293 0.397868 0.483017 0.397832 0.485364 0.393095 0.486500 0.389062 0.486458 0.388281 0.486458 0.387804 0.485822 0.387500 0.485417 0.386719 0.484375 0.386719 0.482292
0 0.746094 0.482292 0.746875 0.482292 0.747656 0.482292 0.748437 0.483333 0.750000 0.483333 0.750000 0.484375 0.749219 0.485417 0.748437 0.485417 0.747656 0.486458 0.746875 0.486458 0.746094 0.485417 0.745313 0.485417 0.745313 0.484375 0.745313 0.483333 0.746094 0.482292
0 0.053906 0.497917 0.053906 0.494792 0.053125 0.493750 0.053125 0.492708 0.051562 0.490625 0.051562 0.489583 0.050781 0.488542 0.050000 0.488542 0.049219 0.487500 0.047656 0.487500 0.046875 0.486458 0.044531 0.486458 0.043750 0.485417 0.039844 0.485417 0.039062 0.484375 0.036719 0.484375 0.035937 0.485417 0.035156 0.485417 0.035156 0.488542 0.036719 0.490625 0.036719 0.497917 0.035937 0.498958 0.034375 0.498958 0.032813 0.501042 0.032031 0.501042 0.032031 0.503125 0.033594 0.503125 0.034375 0.502083 0.038876 0.502162 0.039227 0.504076 0.039355 0.505552 0.039568 0.506310 0.040187 0.506964 0.041466 0.507571 0.041438 0.508270 0.040784 0.509228 0.040250 0.511180 0.040336 0.512279 0.040698 0.512847 0.041075 0.512961 0.041511 0.512682 0.041743 0.513558 0.041977 0.513870 0.042290 0.513985 0.042666 0.513870 0.042900 0.513558 0.042986 0.512970 0.042794 0.512401 0.042730 0.510842 0.043114 0.508451 0.043114 0.507316 0.043431 0.506647 0.044163 0.505798 0.045736 0.505429 0.045970 0.505116 0.046056 0.504700 0.045883 0.504167 0.046875 0.504167 0.049219 0.501042 0.051562 0.501042
0 0.667969 0.485417 0.670312 0.485417 0.671094 0.485417 0.671875 0.486458 0.672656 0.487500 0.671875 0.488542 0.671875 0.491667 0.671875 0.492708 0.672656 0.493750 0.672656 0.497917 0.672656 0.498958 0.671875 0.500000 0.671094 0.500000 0.670312 0.501042 0.670312 0.502083 0.670312 0.503125 0.669531 0.504167 0.668750 0.505208 0.667969 0.505208 0.667969 0.502083 0.667969 0.501042 0.667188 0.500000 0.667188 0.497917 0.667188 0.496875 0.666406 0.495833 0.664844 0.495833 0.664062 0.494792 0.664062 0.492708 0.664062 0.491667 0.663281 0.490625 0.662500 0.490625 0.662500 0.488542 0.663281 0.487500 0.664062 0.488542 0.666406 0.488542 0.667188 0.488542 0.667969 0.487500 0.667969 0.485417
0 0.955469 0.486458 0.957812 0.486458 0.958594 0.486458 0.959375 0.487500 0.960156 0.488542 0.960156 0.489583 0.958594 0.491667 0.957812 0.492708 0.957031 0.491667 0.953906 0.491667 0.953125 0.491667 0.953125 0.489583 0.953125 0.488542 0.953906 0.488542 0.955469 0.486458
0 0.205469 0.487500 0.207031 0.487500 0.207813 0.487500 0.208594 0.488542 0.209375 0.489583 0.209375 0.492708 0.209375 0.493750 0.210938 0.495833 0.211719 0.496875 0.211719 0.498958 0.211719 0.500000 0.210938 0.501042 0.210938 0.502083 0.210156 0.503125 0.209375 0.504167 0.208594 0.504167 0.207031 0.502083 0.206250 0.501042 0.206250 0.500000 0.206250 0.498958 0.207031 0.497917 0.207031 0.495833 0.207031 0.494792 0.206250 0.493750 0.204687 0.493750 0.203906 0.492708 0.203906 0.490625 0.203906 0.489583 0.205469 0.487500
0 0.846875 0.487500 0.848437 0.487500 0.849219 0.487500 0.850000 0.488542 0.850000 0.489583 0.850000 0.490625 0.849219 0.491667 0.848437 0.491667 0.847656 0.491667 0.846875 0.490625 0.846875 0.489583 0.846094 0.488542 0.846875 0.487500
0 0.991406 0.487500 0.992188 0.488542 0.992969 0.488542 0.994531 0.490625 0.995313 0.491667 0.995313 0.492708 0.994531 0.493750 0.993750 0.494792 0.991406 0.494792 0.990625 0.493750 0.990625 0.490625 0.990625 0.489583 0.991406 0.488542 0.991406 0.487500
0 0.349219 0.488542 0.350000 0.489583 0.350000 0.490625 0.350781 0.491667 0.351562 0.492708 0.353125 0.492708 0.353906 0.492708 0.354687 0.491667 0.355469 0.491667 0.356250 0.491667 0.356250 0.495833 0.355469 0.496875 0.355469 0.501042 0.355469 0.502083 0.356250 0.503125 0.356250 0.507292 0.356250 0.508333 0.355469 0.509375 0.354687 0.510417 0.353906 0.510417 0.353125 0.511458 0.352344 0.511458 0.351562 0.512500 0.351562 0.510417 0.351562 0.509375 0.350000 0.507292 0.349219 0.506250 0.348438 0.506250 0.347656 0.506250 0.347656 0.505208 0.346875 0.504167 0.342969 0.504167 0.342187 0.504167 0.342187 0.503125 0.341406 0.502083 0.341406 0.501042 0.340625 0.500000 0.341406 0.498958 0.341406 0.495833 0.341406 0.494792 0.342187 0.494792 0.342969 0.493750 0.345313 0.493750 0.346094 0.493750 0.346875 0.492708 0.346875 0.491667 0.346875 0.490625 0.347656 0.489583 0.348438 0.489583 0.349219 0.488542
0 0.399219 0.489583 0.400000 0.489583 0.400781 0.489583 0.401562 0.490625 0.401562 0.492708 0.401562 0.493750 0.400781 0.494792 0.397656 0.494792 0.396875 0.494792 0.396875 0.493750 0.396094 0.492708 0.396875 0.491667 0.397656 0.490625 0.398438 0.490625 0.399219 0.489583
0 0.928125 0.489583 0.929688 0.489583 0.930469 0.489583 0.930469 0.493750 0.929688 0.494792 0.928906 0.494792 0.928125 0.493750 0.928125 0.491667 0.927344 0.490625 0.928125 0.489583
0 0.417187 0.492708 0.419531 0.492708 0.420312 0.492708 0.419531 0.493750 0.419531 0.494792 0.419531 0.495833 0.418750 0.496875 0.417969 0.497917 0.417187 0.496875 0.416406 0.496875 0.416406 0.494792 0.416406 0.493750 0.417187 0.492708
0 0.805469 0.493750 0.807031 0.493750 0.807813 0.493750 0.808594 0.494792 0.808594 0.495833 0.808594 0.496875 0.807813 0.497917 0.807031 0.497917 0.806250 0.497917 0.805469 0.496875 0.805469 0.493750
0 0.232813 0.494792 0.234375 0.494792 0.235156 0.494792 0.235937 0.495833 0.236719 0.495833 0.236719 0.496875 0.236719 0.497917 0.235937 0.498958 0.235937 0.500000 0.235156 0.501042 0.234375 0.501042 0.233594 0.501042 0.232813 0.500000 0.232031 0.500000 0.232031 0.496875 0.232031 0.495833 0.232813 0.494792
0 0.319531 0.495833 0.320312 0.495833 0.321094 0.495833 0.321875 0.496875 0.321875 0.497917 0.322656 0.498958 0.322656 0.500000 0.321875 0.501042 0.321094 0.502083 0.321094 0.507292 0.321094 0.508333 0.321875 0.509375 0.323437 0.509375 0.324219 0.509375 0.324219 0.513542 0.324219 0.514583 0.323437 0.515625 0.318750 0.515625 0.317969 0.515625 0.317188 0.516667 0.316406 0.516667 0.315625 0.515625 0.315625 0.506250 0.314844 0.505208 0.315625 0.504167 0.315625 0.503125 0.316406 0.503125 0.317188 0.502083 0.317969 0.501042 0.317969 0.498958 0.317969 0.497917 0.319531 0.495833
0 0.701562 0.496875 0.702344 0.496875 0.703125 0.496875 0.703125 0.497917 0.703906 0.498958 0.704688 0.498958 0.703906 0.498958 0.703125 0.500000 0.703125 0.501042 0.702344 0.500000 0.701562 0.500000 0.700781 0.500000 0.700000 0.498958 0.701562 0.496875
0 0.747656 0.502083 0.750781 0.502083 0.751563 0.502083 0.752344 0.503125 0.753125 0.503125 0.753125 0.504167 0.752344 0.505208 0.751563 0.506250 0.751563 0.508333 0.751563 0.509375 0.750781 0.510417 0.750781 0.511458 0.750000 0.512500 0.749219 0.512500 0.748437 0.511458 0.748437 0.510417 0.748437 0.509375 0.747656 0.508333 0.746875 0.507292 0.746875 0.506250 0.746875 0.505208 0.747656 0.504167 0.747656 0.502083
0 0.334375 0.507292 0.335156 0.507292 0.335938 0.507292 0.335938 0.508333 0.335938 0.509375 0.336719 0.510417 0.337500 0.510417 0.337500 0.511458 0.338281 0.512500 0.340625 0.512500 0.341406 0.512500 0.341406 0.513542 0.342187 0.514583 0.342187 0.518750 0.342969 0.519792 0.342187 0.520833 0.342187 0.521875 0.341406 0.522917 0.341406 0.523958 0.340625 0.525000 0.340625 0.526042 0.339844 0.525000 0.339062 0.525000 0.338281 0.523958 0.337500 0.522917 0.336719 0.522917 0.335938 0.522917 0.335156 0.521875 0.334375 0.520833 0.333594 0.520833 0.332813 0.520833 0.332813 0.514583 0.332813 0.513542 0.332031 0.512500 0.332031 0.510417 0.332031 0.509375 0.332813 0.508333 0.333594 0.508333 0.334375 0.507292
0 0.106250 0.509375 0.107031 0.509375 0.107813 0.509375 0.108594 0.510417 0.109375 0.511458 0.109375 0.512500 0.110156 0.513542 0.109375 0.513542 0.108594 0.514583 0.107813 0.514583 0.107031 0.513542 0.106250 0.513542 0.106250 0.509375
0 0.805469 0.512500 0.807031 0.512500 0.807813 0.512500 0.807813 0.513542 0.807813 0.514583 0.807031 0.515625 0.806250 0.516667 0.805469 0.516667 0.805469 0.512500
0 0.667969 0.514583 0.670312 0.514583 0.671094 0.515625 0.671094 0.517708 0.671875 0.518750 0.671094 0.518750 0.670312 0.519792 0.670312 0.520833 0.669531 0.521875 0.668750 0.521875 0.668750 0.520833 0.668750 0.519792 0.667969 0.518750 0.667969 0.517708 0.667188 0.516667 0.667969 0.515625 0.667969 0.514583
0 0.726562 0.515625 0.729688 0.515625 0.730469 0.515625 0.731250 0.516667 0.732031 0.516667 0.732812 0.517708 0.732812 0.518750 0.730469 0.521875 0.730469 0.522917 0.729688 0.523958 0.728906 0.523958 0.728125 0.525000 0.727344 0.525000 0.726562 0.526042 0.725781 0.526042 0.725000 0.525000 0.725000 0.522917 0.724219 0.521875 0.725000 0.520833 0.725000 0.519792 0.725000 0.518750 0.725781 0.517708 0.726562 0.516667 0.726562 0.515625
0 0.266406 0.516667 0.267969 0.516667 0.268750 0.516667 0.268750 0.519792 0.267969 0.520833 0.267188 0.520833 0.267188 0.519792 0.266406 0.518750 0.266406 0.516667
0 0.425000 0.516667 0.428125 0.516667 0.428906 0.516667 0.428906 0.517708 0.428906 0.518750 0.427344 0.520833 0.426563 0.520833 0.425781 0.519792 0.425000 0.519792 0.425000 0.516667
0 0.081250 0.518750 0.083594 0.518750 0.084375 0.518750 0.085156 0.519792 0.085156 0.520833 0.084375 0.521875 0.083594 0.522917 0.082812 0.522917 0.082031 0.523958 0.082031 0.522917 0.081250 0.521875 0.081250 0.518750
0 0.370312 0.520833 0.371875 0.520833 0.372656 0.520833 0.373437 0.521875 0.373437 0.523958 0.374219 0.525000 0.376563 0.525000 0.377344 0.525000 0.378125 0.526042 0.378906 0.527083 0.379688 0.527083 0.380469 0.528125 0.382812 0.528125 0.383594 0.528125 0.383594 0.529167 0.383594 0.530208 0.382812 0.531250 0.382812 0.532292 0.382031 0.533333 0.375781 0.533333 0.375000 0.533333 0.375000 0.532292 0.374219 0.531250 0.371875 0.531250 0.371094 0.531250 0.370312 0.530208 0.369531 0.529167 0.369531 0.527083 0.368750 0.526042 0.368750 0.525000 0.368750 0.523958 0.369531 0.523958 0.370312 0.522917 0.370312 0.520833
0 0.914844 0.520833 0.916406 0.520833 0.917188 0.520833 0.917969 0.521875 0.917188 0.522917 0.917188 0.523958 0.916406 0.525000 0.915625 0.525000 0.915625 0.523958 0.914844 0.522917 0.914062 0.521875 0.914844 0.520833
0 0.177344 0.521875 0.182031 0.521875 0.182812 0.521875 0.182812 0.522917 0.182812 0.523958 0.182031 0.525000 0.182031 0.526042 0.181250 0.525000 0.178125 0.525000 0.177344 0.525000 0.177344 0.521875
0 0.803906 0.522917 0.804688 0.523958 0.805469 0.523958 0.806250 0.525000 0.806250 0.526042 0.805469 0.527083 0.804688 0.527083 0.803906 0.528125 0.803906 0.529167 0.803125 0.530208 0.799219 0.530208 0.798438 0.531250 0.797656 0.530208 0.798438 0.529167 0.798438 0.528125 0.799219 0.528125 0.800000 0.527083 0.800000 0.526042 0.800781 0.526042 0.801562 0.525000 0.802344 0.525000 0.803906 0.522917
0 0.632812 0.530208 0.633594 0.531250 0.634375 0.531250 0.634375 0.533333 0.635156 0.534375 0.634375 0.534375 0.633594 0.535417 0.632812 0.535417 0.632031 0.536458 0.631250 0.536458 0.631250 0.533333 0.631250 0.532292 0.632812 0.530208
0 0.701562 0.530208 0.704688 0.530208 0.705469 0.530208 0.706250 0.531250 0.707031 0.531250 0.707812 0.531250 0.708594 0.532292 0.709375 0.532292 0.710156 0.532292 0.710156 0.533333 0.710938 0.534375 0.713281 0.534375 0.714063 0.534375 0.714063 0.535417 0.714063 0.536458 0.713281 0.537500 0.712500 0.538542 0.712500 0.539583 0.711719 0.540625 0.711719 0.541667 0.710938 0.542708 0.709375 0.542708 0.708594 0.542708 0.707812 0.543750 0.707812 0.544792 0.707031 0.545833 0.705469 0.545833 0.704688 0.545833 0.704688 0.539583 0.704688 0.538542 0.703906 0.537500 0.703125 0.537500 0.702344 0.537500 0.702344 0.535417 0.702344 0.534375 0.701562 0.533333 0.701562 0.530208
0 0.027572 0.597944 0.027486 0.597182 0.027105 0.596032 0.027020 0.595180 0.026371 0.594522 0.025334 0.594408 0.024814 0.594591 0.023906 0.595732 0.023820 0.596218 0.023958 0.596773 0.024346 0.597290 0.024424 0.597670 0.025591 0.599157 0.026214 0.599478 0.026734 0.599364 0.027486 0.598361
0 0.062500 0.531250 0.064844 0.531250 0.065625 0.531250 0.067187 0.533333 0.067969 0.534375 0.067969 0.535417 0.068750 0.536458 0.069531 0.536458 0.070312 0.537500 0.071094 0.537500 0.071094 0.538542 0.070312 0.539583 0.069531 0.539583 0.068750 0.540625 0.067969 0.541667 0.067187 0.540625 0.067187 0.539583 0.066406 0.538542 0.064844 0.538542 0.064062 0.538542 0.063281 0.537500 0.062500 0.536458 0.061719 0.536458 0.060937 0.536458 0.060937 0.535417 0.060156 0.534375 0.060156 0.533333 0.060156 0.532292 0.060937 0.532292 0.061719 0.532292 0.062500 0.531250
0 0.079687 0.532292 0.081250 0.532292 0.082031 0.532292 0.082031 0.534375 0.081250 0.535417 0.079687 0.535417 0.078906 0.535417 0.078906 0.534375 0.078906 0.533333 0.079687 0.532292
0 0.157812 0.532292 0.159375 0.532292 0.160156 0.532292 0.160156 0.533333 0.160938 0.534375 0.160156 0.535417 0.160156 0.536458 0.159375 0.537500 0.158594 0.537500 0.157812 0.536458 0.157031 0.536458 0.157031 0.534375 0.157031 0.533333 0.157812 0.532292
0 0.932813 0.534375 0.934375 0.534375 0.935156 0.535417 0.935156 0.536458 0.935156 0.537500 0.932813 0.540625 0.932313 0.539805 0.932031 0.538542 0.932031 0.536458 0.932031 0.535417 0.932813 0.534375
0 0.799219 0.535417 0.800781 0.535417 0.801562 0.535417 0.801562 0.537500 0.801562 0.538542 0.800781 0.539583 0.800000 0.540625 0.799219 0.540625 0.799219 0.538542 0.798438 0.537500 0.799219 0.536458 0.799219 0.535417
0 0.225781 0.536458 0.227344 0.536458 0.228125 0.536458 0.228906 0.537500 0.229687 0.537500 0.230469 0.537500 0.230469 0.538542 0.229687 0.539583 0.229687 0.540625 0.228906 0.541667 0.227344 0.541667 0.226562 0.541667 0.225781 0.540625 0.225781 0.536458
0 0.925781 0.537500 0.926562 0.537500 0.927344 0.537500 0.928125 0.538542 0.928906 0.538542 0.928125 0.539583 0.928125 0.540625 0.928125 0.541667 0.927344 0.542708 0.926562 0.543750 0.925781 0.543750 0.925000 0.543750 0.924219 0.544792 0.923438 0.544792 0.922656 0.545833 0.921875 0.545833 0.920312 0.543750 0.919531 0.542708 0.919531 0.539583 0.920312 0.538542 0.924219 0.538542 0.925000 0.538542 0.925781 0.537500
0 0.832812 0.538542 0.833594 0.538542 0.834375 0.538542 0.834375 0.539583 0.835156 0.540625 0.836719 0.540625 0.837500 0.540625 0.837500 0.541667 0.838281 0.542708 0.838281 0.543750 0.837500 0.544792 0.835156 0.544792 0.834375 0.544792 0.833594 0.545833 0.832812 0.545833 0.832031 0.544792 0.832031 0.542708 0.831250 0.541667 0.832031 0.540625 0.832031 0.539583 0.832812 0.538542
0 0.967969 0.541667 0.970313 0.541667 0.971094 0.542708 0.971094 0.545833 0.971094 0.546875 0.969531 0.548958 0.968750 0.550000 0.968750 0.551042 0.967969 0.552083 0.967187 0.552083 0.966406 0.551042 0.966406 0.550000 0.965625 0.548958 0.965625 0.545833 0.965625 0.544792 0.967969 0.541667
0 0.857031 0.542708 0.857812 0.542708 0.858594 0.542708 0.858594 0.545833 0.859375 0.546875 0.858594 0.546875 0.857812 0.547917 0.857031 0.546875 0.857031 0.542708
0 0.760938 0.544792 0.762500 0.544792 0.763281 0.544792 0.763281 0.545833 0.763281 0.546875 0.764062 0.547917 0.764844 0.548958 0.764062 0.548958 0.763281 0.550000 0.762500 0.550000 0.761719 0.551042 0.760938 0.551042 0.760156 0.551042 0.759487 0.550074 0.759375 0.547917 0.760156 0.547917 0.760938 0.546875 0.760938 0.544792
0 0.076563 0.548958 0.077344 0.548958 0.078125 0.548958 0.078125 0.550000 0.078906 0.551042 0.081250 0.551042 0.082031 0.552083 0.082031 0.553125 0.079687 0.556250 0.078906 0.557292 0.078125 0.557292 0.077344 0.557292 0.076563 0.556250 0.075781 0.556250 0.075000 0.556250 0.075000 0.555208 0.074219 0.554167 0.074219 0.553125 0.074219 0.552083 0.075000 0.552083 0.075781 0.551042 0.075781 0.550000 0.076563 0.548958
0 0.696094 0.548958 0.696875 0.548958 0.697656 0.548958 0.697656 0.553125 0.697656 0.554167 0.696094 0.556250 0.695312 0.557292 0.694531 0.557292 0.693750 0.557292 0.692969 0.556250 0.692187 0.555208 0.692969 0.554167 0.692969 0.552083 0.692969 0.551042 0.693750 0.551042 0.694531 0.550000 0.695312 0.550000 0.696094 0.548958
0 0.801562 0.548958 0.802344 0.548958 0.803125 0.548958 0.802344 0.550000 0.802344 0.551042 0.800781 0.553125 0.800000 0.554167 0.799219 0.553125 0.799219 0.552083 0.798438 0.551042 0.797656 0.551042 0.798438 0.551042 0.799219 0.551042 0.800000 0.550000 0.800781 0.550000 0.801562 0.548958
0 0.946094 0.548958 0.947656 0.548958 0.948438 0.548958 0.949219 0.550000 0.950000 0.550000 0.950000 0.552083 0.950000 0.553125 0.951562 0.555208 0.952344 0.556250 0.953125 0.556250 0.953906 0.557292 0.954688 0.557292 0.954688 0.558333 0.955469 0.559375 0.954688 0.560417 0.953906 0.561458 0.953906 0.563542 0.953906 0.564583 0.952344 0.566667 0.951562 0.567708 0.951562 0.570833 0.951562 0.571875 0.950781 0.572917 0.950000 0.573958 0.950000 0.575000 0.949219 0.576042 0.948438 0.577083 0.948438 0.580208 0.948438 0.581250 0.949219 0.582292 0.949219 0.583333 0.949219 0.584375 0.948438 0.585417 0.947656 0.585417 0.946875 0.585417 0.945312 0.587500 0.944531 0.588542 0.943750 0.587500 0.942969 0.586458 0.941406 0.586458 0.940625 0.586458 0.939844 0.587500 0.939063 0.588542 0.939063 0.589583 0.938281 0.590625 0.932813 0.590625 0.932031 0.591667 0.932031 0.590625 0.931250 0.589583 0.932031 0.588542 0.932031 0.584375 0.932813 0.583333 0.932813 0.578125 0.932031 0.577083 0.932031 0.564583 0.932031 0.563542 0.933594 0.561458 0.934375 0.560417 0.935156 0.560417 0.935937 0.560417 0.936719 0.559375 0.938281 0.559375 0.939063 0.559375 0.939844 0.558333 0.939844 0.557292 0.939844 0.556250 0.940625 0.555208 0.940625 0.554167 0.941406 0.554167 0.942187 0.553125 0.942187 0.552083 0.942969 0.551042 0.943750 0.550000 0.944531 0.550000 0.945312 0.550000 0.946094 0.548958
0 0.047656 0.550000 0.049219 0.550000 0.050000 0.550000 0.050781 0.551042 0.051562 0.551042 0.051562 0.553125 0.052344 0.554167 0.052344 0.556250 0.052344 0.557292 0.051562 0.558333 0.050781 0.559375 0.049219 0.559375 0.048438 0.559375 0.047656 0.558333 0.046875 0.558333 0.046875 0.552083 0.046094 0.551042 0.046875 0.551042 0.047656 0.550000
0 0.382812 0.550000 0.384375 0.550000 0.385156 0.550000 0.385937 0.551042 0.386719 0.551042 0.386719 0.552083 0.385937 0.553125 0.384375 0.553125 0.383594 0.553125 0.382812 0.552083 0.382812 0.550000
0 0.139844 0.551042 0.141406 0.551042 0.142187 0.551042 0.142969 0.552083 0.143750 0.553125 0.142969 0.553125 0.142187 0.554167 0.141406 0.555208 0.140625 0.555208 0.139844 0.556250 0.139844 0.555208 0.139063 0.554167 0.139844 0.553125 0.139844 0.551042
0 0.422656 0.552083 0.424219 0.552083 0.425000 0.552083 0.425000 0.553125 0.425781 0.554167 0.425781 0.555208 0.425000 0.556250 0.424219 0.556250 0.423438 0.557292 0.422656 0.556250 0.421875 0.555208 0.422656 0.554167 0.422656 0.552083
0 0.860938 0.553125 0.864844 0.553125 0.865625 0.554167 0.864844 0.555208 0.864844 0.556250 0.864062 0.557292 0.864062 0.558333 0.864062 0.559375 0.863281 0.560417 0.862500 0.561458 0.861719 0.561458 0.860938 0.561458 0.860938 0.560417 0.860156 0.559375 0.859375 0.559375 0.858594 0.559375 0.858594 0.557292 0.857812 0.556250 0.858594 0.556250 0.859375 0.555208 0.860156 0.555208 0.860938 0.554167 0.860938 0.553125
0 0.301563 0.555208 0.302344 0.555208 0.303125 0.555208 0.303906 0.556250 0.304688 0.557292 0.304688 0.558333 0.304688 0.559375 0.303906 0.560417 0.303125 0.561458 0.302344 0.560417 0.301563 0.560417 0.301563 0.555208
0 0.411719 0.555208 0.412500 0.555208 0.413281 0.555208 0.414844 0.557292 0.415625 0.557292 0.414844 0.558333 0.414844 0.559375 0.414062 0.560417 0.413281 0.560417 0.412500 0.561458 0.411719 0.560417 0.410938 0.560417 0.410938 0.557292 0.410938 0.556250 0.411719 0.555208
0 0.607031 0.555208 0.611719 0.555208 0.612500 0.555208 0.611719 0.556250 0.610938 0.557292 0.610156 0.557292 0.609375 0.558333 0.607812 0.558333 0.607031 0.558333 0.607031 0.555208
0 0.998437 0.555208 0.999891 0.554167 0.999699 0.562500 0.999603 0.564310 0.998437 0.564583 0.997656 0.564583 0.996875 0.563542 0.996875 0.559375 0.996094 0.558333 0.998437 0.555208
0 0.020313 0.556250 0.021875 0.556250 0.022656 0.557292 0.022656 0.558333 0.021875 0.559375 0.021094 0.560417 0.020313 0.559375 0.020313 0.558333 0.019531 0.557292 0.020313 0.556250
0 0.583594 0.561458 0.584375 0.561458 0.585156 0.561458 0.585156 0.562500 0.585938 0.563542 0.585938 0.564583 0.585156 0.565625 0.582812 0.565625 0.582031 0.565625 0.582031 0.563542 0.582031 0.562500 0.582812 0.562500 0.583594 0.561458
0 0.760156 0.561458 0.760938 0.562500 0.760938 0.564583 0.760938 0.565625 0.760156 0.566667 0.757812 0.566667 0.757031 0.566667 0.757031 0.565625 0.757031 0.564583 0.757812 0.563542 0.758594 0.563542 0.760156 0.561458
0 0.396875 0.564583 0.400781 0.564583 0.401562 0.565625 0.400781 0.565625 0.398438 0.568750 0.397656 0.569792 0.396875 0.569792 0.396094 0.568750 0.392969 0.568750 0.392188 0.567708 0.392188 0.566667 0.392188 0.565625 0.395313 0.565625 0.396094 0.565625 0.396875 0.564583
0 0.575781 0.565625 0.575781 0.568750 0.575781 0.569792 0.576562 0.570833 0.577344 0.570833 0.577344 0.575000 0.576562 0.576042 0.575781 0.576042 0.575781 0.573958 0.575000 0.572917 0.575781 0.571875 0.575781 0.565625
0 0.848437 0.565625 0.849219 0.565625 0.850000 0.565625 0.850781 0.566667 0.851562 0.566667 0.852344 0.567708 0.851562 0.568750 0.851562 0.569792 0.851562 0.570833 0.850781 0.571875 0.850000 0.572917 0.849219 0.571875 0.848437 0.571875 0.848437 0.565625
0 0.979688 0.565625 0.982031 0.565625 0.982812 0.565625 0.982812 0.569792 0.982031 0.570833 0.979688 0.570833 0.978906 0.570833 0.978906 0.567708 0.978906 0.566667 0.979601 0.565740 0.979688 0.565625
0 0.826562 0.566667 0.828906 0.566667 0.829688 0.566667 0.829688 0.567708 0.829688 0.568750 0.828906 0.569792 0.828125 0.570833 0.827344 0.569792 0.826562 0.569792 0.825781 0.569792 0.825781 0.568750 0.825781 0.567708 0.826562 0.566667
0 0.055469 0.569792 0.056250 0.569792 0.057031 0.569792 0.057813 0.570833 0.058594 0.570833 0.059375 0.570833 0.057813 0.572917 0.057813 0.573958 0.057031 0.575000 0.056250 0.575000 0.055469 0.576042 0.054688 0.577083 0.054688 0.578125 0.053906 0.579167 0.053125 0.579167 0.052344 0.578125 0.052344 0.577083 0.051562 0.576042 0.051562 0.575000 0.051562 0.573958 0.052344 0.573958 0.053125 0.573958 0.053906 0.572917 0.053906 0.571875 0.053906 0.570833 0.054688 0.570833 0.055469 0.569792
0 0.403906 0.570833 0.404687 0.570833 0.405469 0.570833 0.405469 0.571875 0.406250 0.572917 0.407031 0.572917 0.407031 0.573958 0.406250 0.575000 0.406250 0.576042 0.405469 0.575000 0.404687 0.575000 0.403906 0.575000 0.403906 0.570833
0 0.806250 0.570833 0.807813 0.570833 0.808594 0.570833 0.809375 0.571875 0.809375 0.572917 0.810156 0.573958 0.809375 0.575000 0.809375 0.579167 0.809375 0.580208 0.808594 0.581250 0.807813 0.582292 0.807031 0.582292 0.806250 0.581250 0.805469 0.580208 0.805469 0.578125 0.806250 0.577083 0.806250 0.570833
0 0.024219 0.571875 0.025000 0.571875 0.025781 0.571875 0.026562 0.572917 0.026562 0.573958 0.027344 0.575000 0.027344 0.576042 0.027344 0.577083 0.026562 0.578125 0.026562 0.579167 0.025781 0.580208 0.025000 0.580208 0.024219 0.579167 0.024219 0.571875
0 0.654687 0.571875 0.655469 0.571875 0.656250 0.571875 0.656250 0.573958 0.655469 0.575000 0.655469 0.579167 0.655469 0.580208 0.654687 0.581250 0.653906 0.582292 0.653125 0.581250 0.653125 0.580208 0.652344 0.579167 0.653125 0.579167 0.653906 0.578125 0.653906 0.573958 0.653906 0.572917 0.654687 0.571875
0 0.728906 0.572917 0.729688 0.572917 0.730469 0.572917 0.730469 0.573958 0.731250 0.575000 0.731250 0.576042 0.731250 0.577083 0.732031 0.578125 0.732031 0.579167 0.732812 0.580208 0.734375 0.580208 0.735156 0.580208 0.733594 0.582292 0.732812 0.583333 0.728125 0.583333 0.727344 0.582292 0.727344 0.579167 0.726562 0.578125 0.727344 0.577083 0.728125 0.576042 0.728125 0.575000 0.728125 0.573958 0.728906 0.572917
0 0.414844 0.573958 0.417187 0.573958 0.417969 0.575000 0.417187 0.576042 0.416406 0.577083 0.416406 0.579167 0.416406 0.580208 0.415625 0.581250 0.414844 0.582292 0.414062 0.582292 0.413281 0.583333 0.413281 0.586458 0.413281 0.587500 0.414062 0.588542 0.414062 0.590625 0.414062 0.591667 0.413281 0.592708 0.412500 0.593750 0.411719 0.593750 0.410938 0.594792 0.410156 0.594792 0.409375 0.595833 0.409375 0.596875 0.409375 0.597917 0.408594 0.598958 0.407813 0.600000 0.407813 0.601042 0.407031 0.602083 0.407031 0.603125 0.406250 0.604167 0.405469 0.604167 0.404687 0.603125 0.403906 0.603125 0.403125 0.602083 0.402344 0.602083 0.402344 0.601042 0.401562 0.600000 0.401562 0.598958 0.401562 0.597917 0.400781 0.596875 0.400000 0.596875 0.400000 0.592708 0.400000 0.591667 0.400781 0.590625 0.400781 0.589583 0.401562 0.588542 0.401562 0.587500 0.402344 0.587500 0.404687 0.584375 0.404687 0.583333 0.407031 0.583333 0.407813 0.582292 0.410938 0.582292 0.411719 0.582292 0.412500 0.581250 0.412500 0.580208 0.412500 0.579167 0.413281 0.578125 0.413281 0.577083 0.413281 0.576042 0.414844 0.573958
0 0.600000 0.578125 0.601562 0.578125 0.602344 0.578125 0.601562 0.579167 0.601562 0.580208 0.601562 0.581250 0.600000 0.583333 0.599219 0.583333 0.599219 0.582292 0.599219 0.581250 0.600000 0.580208 0.600000 0.578125
0 0.701562 0.578125 0.702344 0.579167 0.703125 0.579167 0.703906 0.580208 0.703906 0.581250 0.701562 0.584375 0.700781 0.584375 0.700000 0.583333 0.700000 0.581250 0.700000 0.580208 0.701562 0.578125
0 0.481250 0.579167 0.482812 0.579167 0.483594 0.580208 0.483594 0.583333 0.482812 0.584375 0.480469 0.584375 0.479687 0.583333 0.479687 0.581250 0.479687 0.580208 0.480469 0.580208 0.481250 0.579167
0 0.717969 0.580208 0.718750 0.580208 0.719531 0.580208 0.721094 0.582292 0.721875 0.582292 0.721875 0.583333 0.722656 0.584375 0.721875 0.585417 0.721094 0.586458 0.718750 0.586458 0.717969 0.585417 0.717969 0.584375 0.717187 0.583333 0.717969 0.582292 0.717969 0.580208
0 0.888281 0.581250 0.890625 0.581250 0.891406 0.581250 0.891406 0.582292 0.891406 0.583333 0.892188 0.584375 0.892969 0.584375 0.893750 0.585417 0.893750 0.586458 0.894531 0.587500 0.894531 0.589583 0.895312 0.590625 0.894531 0.590625 0.893750 0.591667 0.892969 0.591667 0.892188 0.591667 0.891406 0.592708 0.890625 0.593750 0.889844 0.593750 0.889062 0.594792 0.888281 0.594792 0.888281 0.593750 0.887500 0.592708 0.886719 0.592708 0.886719 0.585417 0.885938 0.584375 0.886719 0.583333 0.886719 0.582292 0.887500 0.582292 0.888281 0.581250
0 0.385937 0.582292 0.389062 0.582292 0.389844 0.583333 0.389844 0.587500 0.389844 0.588542 0.390625 0.589583 0.391406 0.589583 0.391406 0.591667 0.391406 0.592708 0.390625 0.593750 0.390625 0.595833 0.390625 0.596875 0.389062 0.598958 0.388281 0.600000 0.388281 0.603125 0.387500 0.604167 0.387500 0.604167 0.385156 0.604167 0.384375 0.604167 0.383594 0.605208 0.382031 0.605208 0.381250 0.605208 0.381250 0.602083 0.381250 0.601042 0.382031 0.600000 0.382031 0.597917 0.382031 0.596875 0.381250 0.595833 0.379688 0.595833 0.378906 0.595833 0.378125 0.594792 0.378125 0.593750 0.377344 0.592708 0.376563 0.592708 0.375781 0.591667 0.375781 0.589583 0.375781 0.588542 0.376563 0.587500 0.377344 0.586458 0.378125 0.586458 0.378906 0.585417 0.379688 0.585417 0.380469 0.584375 0.383594 0.584375 0.384375 0.584375 0.385937 0.582292
0 0.017188 0.583333 0.018750 0.583333 0.019531 0.584375 0.019531 0.585417 0.018750 0.586458 0.017969 0.587500 0.017188 0.587500 0.017188 0.586458 0.016406 0.585417 0.017188 0.584375 0.017188 0.583333
0 0.790625 0.583333 0.792188 0.583333 0.792969 0.584375 0.792969 0.587500 0.792969 0.588542 0.791406 0.590625 0.790625 0.591667 0.789844 0.591667 0.789062 0.591667 0.789062 0.590625 0.788281 0.589583 0.788281 0.587500 0.788281 0.586458 0.789062 0.585417 0.789062 0.584375 0.789844 0.584375 0.790625 0.583333
0 0.682031 0.584375 0.687500 0.584375 0.688281 0.585417 0.687500 0.586458 0.686719 0.587500 0.685937 0.587500 0.685156 0.587500 0.684375 0.588542 0.683594 0.589583 0.682813 0.589583 0.682031 0.590625 0.681250 0.589583 0.681250 0.586458 0.681250 0.585417 0.682031 0.584375
0 0.967187 0.584375 0.967969 0.584375 0.968750 0.584375 0.968750 0.585417 0.968750 0.586458 0.969531 0.587500 0.969531 0.588542 0.969531 0.589583 0.970313 0.590625 0.970313 0.591667 0.971094 0.592708 0.971094 0.593750 0.971875 0.594792 0.974219 0.594792 0.975000 0.594792 0.975000 0.595833 0.974219 0.596875 0.972656 0.596875 0.971875 0.596875 0.971875 0.595833 0.971094 0.594792 0.970313 0.595833 0.967969 0.595833 0.967187 0.596875 0.966406 0.596875 0.965625 0.595833 0.964844 0.595833 0.964063 0.595833 0.964063 0.593750 0.963281 0.592708 0.964844 0.590625 0.965625 0.589583 0.965625 0.586458 0.965625 0.585417 0.966406 0.585417 0.967187 0.584375
0 0.003125 0.586458 0.003906 0.586458 0.004687 0.586458 0.004687 0.587500 0.005469 0.588542 0.006250 0.588542 0.007031 0.589583 0.010937 0.589583 0.011719 0.589583 0.010937 0.589583 0.010156 0.589583 0.007812 0.592708 0.007031 0.593750 0.004687 0.593750 0.003906 0.594792 0.003906 0.593750 0.003125 0.592708 0.000781 0.592708 0.000000 0.591667 0.000000 0.590625 0.000000 0.589583 0.001563 0.589583 0.002344 0.589583 0.003125 0.588542 0.003125 0.586458
0 0.207813 0.586458 0.210156 0.586458 0.210938 0.586458 0.211719 0.587500 0.212500 0.587500 0.212500 0.595833 0.212500 0.596875 0.211719 0.597917 0.210938 0.598958 0.210156 0.598958 0.209375 0.597917 0.209375 0.594792 0.209375 0.593750 0.210156 0.592708 0.210156 0.590625 0.210156 0.589583 0.209375 0.588542 0.208594 0.588542 0.208594 0.587500 0.207813 0.586458
0 0.821094 0.586458 0.823438 0.586458 0.824219 0.587500 0.824219 0.589583 0.824219 0.590625 0.822656 0.592708 0.821875 0.593750 0.821875 0.592708 0.821094 0.591667 0.821094 0.586458
0 0.662500 0.589583 0.664062 0.589583 0.664844 0.589583 0.664844 0.590625 0.664844 0.591667 0.664062 0.592708 0.663281 0.593750 0.662500 0.593750 0.661719 0.593750 0.661719 0.591667 0.661719 0.590625 0.662500 0.589583
0 0.754687 0.589583 0.759375 0.589583 0.759375 0.590625 0.758594 0.591667 0.757812 0.592708 0.758422 0.596078 0.755745 0.596500 0.754687 0.595119 0.753906 0.594792 0.752414 0.594803 0.752344 0.593750 0.753125 0.593750 0.753906 0.592708 0.754687 0.591667 0.754687 0.589583
0 0.118750 0.591667 0.119531 0.592708 0.120313 0.592708 0.121094 0.593750 0.125000 0.593750 0.125781 0.592708 0.126562 0.593750 0.127344 0.593750 0.128125 0.593750 0.128125 0.594792 0.128906 0.595833 0.131250 0.595833 0.132031 0.595833 0.132031 0.597917 0.132812 0.598958 0.135156 0.598958 0.135937 0.598958 0.135937 0.600000 0.135156 0.601042 0.135156 0.602083 0.135156 0.603125 0.134375 0.604167 0.134375 0.605208 0.132812 0.607292 0.132031 0.608333 0.131250 0.608333 0.130469 0.608333 0.130469 0.606250 0.129688 0.605208 0.126562 0.605208 0.125781 0.605208 0.125781 0.597917 0.125000 0.596875 0.117969 0.596875 0.117188 0.596875 0.117188 0.594792 0.117188 0.593750 0.118750 0.591667
0 0.464062 0.591667 0.465625 0.591667 0.466406 0.591667 0.466406 0.595833 0.467187 0.596875 0.466406 0.596875 0.465625 0.597917 0.464844 0.597917 0.464062 0.598958 0.463281 0.600000 0.462500 0.600000 0.461719 0.601042 0.460938 0.601042 0.460156 0.601042 0.459375 0.600000 0.459375 0.598958 0.458594 0.597917 0.459375 0.596875 0.459375 0.595833 0.460938 0.595833 0.461719 0.595833 0.462500 0.594792 0.462500 0.593750 0.464062 0.591667
0 0.774219 0.591667 0.775781 0.591667 0.776563 0.591667 0.776563 0.592708 0.775781 0.593750 0.775000 0.594792 0.775000 0.597917 0.775000 0.598958 0.775781 0.600000 0.775781 0.602083 0.775781 0.603125 0.774219 0.605208 0.774219 0.606250 0.773438 0.607292 0.772656 0.607292 0.771875 0.607292 0.771094 0.606250 0.770312 0.606250 0.769531 0.606250 0.769531 0.604167 0.769531 0.603125 0.768750 0.602083 0.768750 0.598958 0.767969 0.597917 0.768750 0.596875 0.769531 0.595833 0.770312 0.595833 0.771094 0.595833 0.771875 0.594792 0.772656 0.594792 0.773438 0.594792 0.774219 0.593750 0.774219 0.591667
0 0.946094 0.592708 0.946875 0.592708 0.947656 0.592708 0.947656 0.593750 0.947656 0.594792 0.946875 0.595833 0.946875 0.597917 0.946875 0.598958 0.946094 0.600000 0.944531 0.600000 0.943750 0.600000 0.942969 0.598958 0.942969 0.597917 0.942187 0.596875 0.943750 0.596875 0.944531 0.596875 0.945312 0.595833 0.945312 0.594792 0.946094 0.593750 0.946094 0.592708
0 0.370312 0.593750 0.371875 0.593750 0.372656 0.593750 0.372656 0.594792 0.372656 0.595833 0.373437 0.596875 0.374219 0.597917 0.374219 0.604167 0.374219 0.605208 0.373437 0.606250 0.373437 0.607292 0.373437 0.608333 0.371875 0.610417 0.371094 0.611458 0.370312 0.611458 0.369531 0.612500 0.368750 0.611458 0.367969 0.611458 0.367969 0.609375 0.368750 0.608333 0.368750 0.602083 0.368750 0.601042 0.367969 0.600000 0.367969 0.598958 0.367188 0.597917 0.366406 0.597917 0.366406 0.596875 0.366406 0.595833 0.367188 0.595833 0.367969 0.594792 0.368750 0.594792 0.369531 0.594792 0.370312 0.593750
0 0.151562 0.595833 0.155469 0.595833 0.156250 0.595833 0.157031 0.596875 0.157812 0.597917 0.157812 0.598958 0.157031 0.600000 0.157031 0.601042 0.156250 0.602083 0.155469 0.603125 0.155469 0.604167 0.154688 0.605208 0.153906 0.606250 0.153125 0.605208 0.152344 0.604167 0.151562 0.604167 0.150781 0.604167 0.150781 0.597917 0.150781 0.596875 0.151562 0.595833
0 0.898438 0.600000 0.901563 0.600000 0.902344 0.600000 0.902344 0.602083 0.902344 0.603125 0.901563 0.604167 0.900000 0.604167 0.899219 0.604167 0.898438 0.603125 0.897656 0.603125 0.896875 0.603125 0.896875 0.602083 0.896875 0.601042 0.897656 0.601042 0.898438 0.600000
0 0.831250 0.603125 0.833594 0.603125 0.834375 0.603125 0.835156 0.604167 0.836719 0.604167 0.837500 0.604167 0.837500 0.605208 0.838281 0.606250 0.838281 0.607292 0.837500 0.608333 0.837500 0.609375 0.835938 0.611458 0.835156 0.612500 0.833594 0.612500 0.832812 0.612500 0.832812 0.611458 0.832812 0.610417 0.832031 0.609375 0.831250 0.608333 0.831250 0.607292 0.830469 0.606250 0.830469 0.605208 0.830469 0.604167 0.831250 0.603125
0 0.261719 0.604167 0.262500 0.604167 0.263281 0.604167 0.264062 0.605208 0.265625 0.605208 0.266406 0.605208 0.266406 0.607292 0.267188 0.608333 0.266406 0.609375 0.265625 0.610417 0.264062 0.610417 0.263281 0.610417 0.263281 0.608333 0.262500 0.607292 0.260156 0.607292 0.259375 0.606250 0.260156 0.605208 0.260937 0.605208 0.261719 0.604167
0 0.108594 0.608333 0.109375 0.609375 0.110156 0.609375 0.110156 0.610417 0.110156 0.611458 0.109375 0.612500 0.108594 0.612500 0.107813 0.613542 0.107813 0.615625 0.107813 0.616667 0.108594 0.617708 0.109375 0.617708 0.108594 0.617708 0.107813 0.618750 0.107813 0.611458 0.107813 0.610417 0.108594 0.609375 0.108594 0.608333
0 0.442188 0.609375 0.444531 0.609375 0.445312 0.610417 0.443750 0.612500 0.442969 0.613542 0.442188 0.613542 0.442188 0.609375
0 0.821875 0.610417 0.823438 0.610417 0.824219 0.610417 0.824219 0.611458 0.825000 0.612500 0.824219 0.613542 0.823438 0.614583 0.821875 0.614583 0.821094 0.614583 0.821094 0.613542 0.821094 0.612500 0.821875 0.611458 0.821875 0.610417
0 0.020313 0.612500 0.021094 0.613542 0.023438 0.613542 0.024219 0.613542 0.025000 0.612500 0.025781 0.612500 0.026562 0.612500 0.027344 0.613542 0.027344 0.614583 0.027344 0.615625 0.028125 0.616667 0.028125 0.617708 0.028125 0.618750 0.027344 0.619792 0.026562 0.620833 0.025781 0.620833 0.025000 0.619792 0.024219 0.619792 0.023438 0.619792 0.022656 0.618750 0.021875 0.618750 0.021094 0.617708 0.020313 0.616667 0.020313 0.612500
0 0.194531 0.612500 0.195312 0.613542 0.196094 0.613542 0.196094 0.614583 0.196875 0.615625 0.197656 0.616667 0.196875 0.616667 0.196094 0.617708 0.196094 0.622917 0.196094 0.623958 0.195312 0.625000 0.194531 0.625000 0.193750 0.625000 0.193750 0.623958 0.192969 0.622917 0.193750 0.621875 0.193750 0.615625 0.192969 0.614583 0.194531 0.612500
0 0.451562 0.612500 0.452344 0.612500 0.453125 0.612500 0.453125 0.615625 0.453906 0.616667 0.453125 0.616667 0.452344 0.617708 0.451562 0.617708 0.450781 0.616667 0.450781 0.614583 0.450781 0.613542 0.451562 0.612500
0 0.000000 0.613542 0.003125 0.613542 0.003906 0.613542 0.004687 0.614583 0.005469 0.615625 0.006250 0.615625 0.007031 0.616667 0.006250 0.617708 0.006250 0.618750 0.005469 0.619792 0.004687 0.619792 0.003906 0.619792 0.003125 0.620833 0.002344 0.621875 0.001563 0.621875 0.000781 0.622917 0.000000 0.622917 0.000000 0.613542
0 0.567969 0.616667 0.568750 0.617708 0.569531 0.617708 0.569531 0.618750 0.570312 0.619792 0.571094 0.619792 0.571875 0.619792 0.571875 0.621875 0.572656 0.622917 0.571875 0.622917 0.571094 0.623958 0.570312 0.623958 0.569531 0.625000 0.568750 0.625000 0.567969 0.626042 0.567187 0.626042 0.567187 0.625000 0.567187 0.623958 0.566406 0.622917 0.566406 0.621875 0.566406 0.620833 0.567187 0.619792 0.567187 0.618750 0.567969 0.617708 0.567969 0.616667
0 0.365625 0.619792 0.367188 0.619792 0.367969 0.619792 0.368750 0.620833 0.369531 0.620833 0.370312 0.621875 0.370312 0.622917 0.369531 0.623958 0.369531 0.625000 0.368750 0.626042 0.368750 0.627083 0.367969 0.628125 0.367969 0.629167 0.367188 0.630208 0.365625 0.630208 0.364844 0.630208 0.364063 0.629167 0.363281 0.628125 0.362500 0.628125 0.361719 0.628125 0.361719 0.626042 0.361719 0.625000 0.363281 0.622917 0.364063 0.622917 0.364844 0.621875 0.365625 0.620833 0.365625 0.619792
0 0.783594 0.619792 0.785937 0.619792 0.786719 0.620833 0.785937 0.621875 0.785937 0.622917 0.785156 0.623958 0.785156 0.625000 0.784375 0.626042 0.783594 0.627083 0.782813 0.626042 0.782813 0.623958 0.782813 0.622917 0.783594 0.621875 0.783594 0.619792
0 0.743750 0.621875 0.746094 0.621875 0.746875 0.621875 0.747656 0.622917 0.747656 0.623958 0.748437 0.625000 0.749219 0.625000 0.749219 0.626042 0.749219 0.627083 0.748437 0.628125 0.747656 0.628125 0.746875 0.627083 0.746094 0.626042 0.745313 0.626042 0.744531 0.626042 0.744531 0.625000 0.743750 0.623958 0.743750 0.621875
0 0.958594 0.621875 0.959375 0.621875 0.960156 0.621875 0.960156 0.623958 0.960156 0.625000 0.959375 0.626042 0.958594 0.627083 0.957812 0.627083 0.957031 0.627083 0.957031 0.626042 0.956250 0.625000 0.957031 0.623958 0.957031 0.622917 0.957812 0.622917 0.958594 0.621875
0 0.531250 0.623958 0.532031 0.623958 0.532813 0.623958 0.532813 0.626042 0.532813 0.627083 0.532031 0.628125 0.531250 0.628125 0.530469 0.629167 0.529687 0.629167 0.529687 0.626042 0.529687 0.625000 0.530469 0.623958
0 0.463281 0.623958 0.464062 0.625000 0.464844 0.625000 0.465625 0.626042 0.465625 0.627083 0.464844 0.628125 0.464062 0.629167 0.463281 0.628125 0.463281 0.623958
0 0.392188 0.625000 0.392969 0.625000 0.393750 0.625000 0.393750 0.628125 0.394531 0.629167 0.393750 0.629167 0.392969 0.630208 0.392188 0.630208 0.392188 0.625000
0 0.615625 0.627083 0.616406 0.627083 0.617188 0.627083 0.617969 0.628125 0.618750 0.628125 0.618750 0.629167 0.617969 0.630208 0.617188 0.631250 0.616406 0.630208 0.615625 0.629167 0.615625 0.627083
0 0.451562 0.628125 0.452344 0.628125 0.453125 0.628125 0.453906 0.629167 0.453906 0.630208 0.454688 0.631250 0.454688 0.632292 0.453906 0.633333 0.450781 0.633333 0.450000 0.633333 0.450000 0.631250 0.450000 0.630208 0.451562 0.628125
0 0.019531 0.630208 0.021094 0.630208 0.021875 0.630208 0.021875 0.631250 0.022656 0.632292 0.024219 0.632292 0.025000 0.632292 0.025781 0.631250 0.026562 0.632292 0.025000 0.634375 0.024219 0.635417 0.024219 0.637500 0.023438 0.638542 0.020313 0.638542 0.019531 0.638542 0.016406 0.642708 0.015625 0.643750 0.014844 0.643750 0.014063 0.643750 0.014063 0.641667 0.013281 0.640625 0.014063 0.639583 0.014063 0.636458 0.014063 0.635417 0.014844 0.634375 0.015625 0.634375 0.017188 0.632292 0.017969 0.631250 0.018750 0.631250 0.019531 0.630208
0 0.849219 0.630208 0.851562 0.630208 0.852344 0.630208 0.852344 0.631250 0.852344 0.632292 0.851562 0.633333 0.850000 0.633333 0.849219 0.633333 0.849219 0.630208
0 0.493750 0.632292 0.494531 0.632292 0.495312 0.632292 0.496094 0.633333 0.496875 0.633333 0.496875 0.637500 0.496094 0.638542 0.493750 0.638542 0.492969 0.637500 0.492969 0.634375 0.492969 0.633333 0.493750 0.632292
0 0.107031 0.633333 0.108594 0.633333 0.109375 0.633333 0.109375 0.634375 0.110156 0.635417 0.111719 0.635417 0.112500 0.635417 0.113281 0.636458 0.112500 0.637500 0.112500 0.639583 0.111719 0.640625 0.109375 0.640625 0.108594 0.640625 0.107813 0.641667 0.104688 0.641667 0.103906 0.640625 0.103906 0.639583 0.103906 0.638542 0.104688 0.637500 0.104688 0.636458 0.104688 0.635417 0.105469 0.634375 0.106250 0.634375 0.107031 0.633333
0 0.367969 0.633333 0.369531 0.633333 0.370312 0.634375 0.369531 0.635417 0.369531 0.636458 0.367969 0.638542 0.367188 0.639583 0.366406 0.638542 0.367188 0.637500 0.367188 0.636458 0.367188 0.635417 0.367969 0.634375 0.367969 0.633333
0 0.785156 0.633333 0.785937 0.634375 0.788281 0.634375 0.789062 0.634375 0.789844 0.635417 0.790625 0.636458 0.790625 0.637500 0.791406 0.638542 0.791406 0.640625 0.792188 0.641667 0.795312 0.641667 0.796094 0.640625 0.801562 0.640625 0.802344 0.640625 0.802344 0.642708 0.802344 0.643750 0.803125 0.644792 0.803906 0.644792 0.805469 0.646875 0.806250 0.646875 0.806250 0.647917 0.806250 0.648958 0.805469 0.650000 0.804688 0.651042 0.803125 0.651042 0.802344 0.651042 0.801562 0.650000 0.800000 0.650000 0.799219 0.648958 0.796875 0.648958 0.796094 0.648958 0.795312 0.650000 0.794531 0.650000 0.793750 0.648958 0.792969 0.648958 0.792188 0.647917 0.789844 0.647917 0.789062 0.647917 0.788281 0.648958 0.787500 0.650000 0.786719 0.650000 0.785937 0.651042 0.785156 0.651042 0.784375 0.652083 0.783594 0.652083 0.782813 0.652083 0.782813 0.651042 0.780469 0.647917 0.779687 0.646875 0.779687 0.645833 0.779687 0.644792 0.780469 0.643750 0.780469 0.642708 0.781250 0.641667 0.782031 0.641667 0.782813 0.640625 0.782813 0.639583 0.782813 0.638542 0.783594 0.637500 0.783594 0.635417 0.783594 0.634375 0.784375 0.634375 0.785156 0.633333
0 0.466406 0.634375 0.467187 0.635417 0.467969 0.635417 0.467969 0.636458 0.467969 0.637500 0.466406 0.639583 0.465625 0.639583 0.464844 0.638542 0.464844 0.636458 0.464844 0.635417 0.465625 0.635417 0.466406 0.634375
0 0.089844 0.636458 0.091406 0.636458 0.092188 0.637500 0.092188 0.642708 0.092188 0.643750 0.091406 0.644792 0.090625 0.645833 0.089844 0.645833 0.089063 0.645833 0.088281 0.644792 0.087500 0.643750 0.087500 0.642708 0.086719 0.641667 0.086719 0.640625 0.086719 0.639583 0.087500 0.638542 0.087500 0.637500 0.088281 0.637500 0.089063 0.637500 0.089844 0.636458
0 0.172656 0.640625 0.173437 0.640625 0.174219 0.640625 0.174219 0.641667 0.175000 0.642708 0.175781 0.643750 0.177344 0.643750 0.178125 0.643750 0.178125 0.644792 0.178125 0.645833 0.177344 0.646875 0.176563 0.647917 0.176563 0.648958 0.176563 0.650000 0.175000 0.652083 0.174219 0.653125 0.173437 0.653125 0.172656 0.652083 0.172656 0.647917 0.171875 0.646875 0.171875 0.642708 0.171875 0.641667 0.172656 0.640625
0 0.624219 0.640625 0.625000 0.640625 0.625781 0.640625 0.626563 0.641667 0.627344 0.641667 0.628125 0.642708 0.628906 0.643750 0.628125 0.644792 0.628125 0.645833 0.627344 0.646875 0.626563 0.646875 0.625781 0.647917 0.625000 0.647917 0.625000 0.646875 0.625000 0.645833 0.624219 0.644792 0.624219 0.642708 0.623437 0.641667 0.624219 0.640625
0 0.405469 0.641667 0.406250 0.641667 0.407031 0.641667 0.407031 0.642708 0.407813 0.643750 0.407031 0.644792 0.406250 0.645833 0.405469 0.645833 0.404687 0.645833 0.404687 0.643750 0.404687 0.642708 0.405469 0.641667
0 0.310937 0.643750 0.313281 0.643750 0.314063 0.644792 0.314063 0.645833 0.314063 0.646875 0.313281 0.647917 0.312500 0.648958 0.311719 0.647917 0.310937 0.647917 0.310156 0.647917 0.310156 0.646875 0.309375 0.645833 0.310937 0.643750
0 0.364844 0.644792 0.365625 0.644792 0.366406 0.644792 0.366406 0.646875 0.367188 0.647917 0.367188 0.648958 0.366406 0.650000 0.365625 0.651042 0.364844 0.651042 0.364063 0.650000 0.364063 0.646875 0.364063 0.645833 0.364844 0.644792
0 0.396094 0.646875 0.398438 0.646875 0.399219 0.646875 0.399219 0.648958 0.399219 0.650000 0.398438 0.651042 0.397656 0.652083 0.396875 0.651042 0.396875 0.648958 0.396875 0.647917 0.396094 0.646875
0 0.960156 0.646875 0.960938 0.646875 0.961719 0.646875 0.962500 0.647917 0.962500 0.650000 0.962500 0.651042 0.961719 0.652083 0.960938 0.652083 0.960156 0.652083 0.959375 0.653125 0.958594 0.653125 0.958594 0.650000 0.958594 0.648958 0.959375 0.648958 0.960156 0.647917 0.960156 0.646875
0 0.074219 0.650000 0.075781 0.650000 0.076563 0.650000 0.077344 0.651042 0.077344 0.652083 0.078125 0.653125 0.078125 0.655208 0.077344 0.656250 0.076563 0.656250 0.075781 0.656250 0.075781 0.655208 0.075000 0.654167 0.074219 0.654167 0.073438 0.654167 0.073438 0.652083 0.073438 0.651042 0.074219 0.650000
0 0.678125 0.650000 0.678906 0.650000 0.679688 0.650000 0.680469 0.651042 0.681250 0.651042 0.682031 0.652083 0.680469 0.654167 0.679688 0.655208 0.678906 0.655208 0.678125 0.655208 0.677344 0.654167 0.677344 0.653125 0.676562 0.652083 0.678125 0.650000
0 0.196875 0.655208 0.197656 0.656250 0.198437 0.656250 0.199219 0.657292 0.199219 0.658333 0.198437 0.659375 0.196094 0.659375 0.195312 0.659375 0.195312 0.658333 0.195312 0.657292 0.196875 0.655208
0 0.714063 0.655208 0.714844 0.655208 0.715625 0.655208 0.715625 0.658333 0.716406 0.659375 0.717969 0.659375 0.718750 0.659375 0.720313 0.661458 0.721094 0.662500 0.721094 0.663542 0.721094 0.664583 0.721875 0.665625 0.721875 0.666667 0.721875 0.667708 0.721094 0.668750 0.720313 0.668750 0.719531 0.668750 0.718750 0.669792 0.718750 0.670833 0.717969 0.671875 0.716406 0.671875 0.715625 0.671875 0.714844 0.672917 0.714844 0.673958 0.714063 0.675000 0.713281 0.675000 0.712500 0.675000 0.711719 0.676042 0.710938 0.676042 0.710938 0.671875 0.710938 0.670833 0.710156 0.669792 0.710156 0.667708 0.710156 0.666667 0.710938 0.665625 0.710938 0.664583 0.710938 0.663542 0.711719 0.662500 0.711719 0.661458 0.711719 0.660417 0.712500 0.660417 0.713281 0.659375 0.713281 0.657292 0.713281 0.656250 0.714063 0.655208
0 0.593750 0.656250 0.596094 0.656250 0.596875 0.656250 0.596875 0.657292 0.597656 0.658333 0.596875 0.658333 0.596094 0.659375 0.595313 0.659375 0.594531 0.659375 0.593750 0.658333 0.592969 0.657292 0.593750 0.656250
0 0.637500 0.657292 0.638281 0.658333 0.641406 0.658333 0.642188 0.658333 0.639844 0.661458 0.639062 0.661458 0.638281 0.660417 0.637500 0.659375 0.637500 0.657292
0 0.260937 0.658333 0.262500 0.658333 0.263281 0.659375 0.263281 0.660417 0.263281 0.661458 0.262500 0.662500 0.261719 0.663542 0.260937 0.662500 0.260156 0.662500 0.260156 0.660417 0.260156 0.659375 0.260937 0.658333
0 0.073438 0.659375 0.075000 0.659375 0.075781 0.659375 0.075781 0.661458 0.075000 0.662500 0.073438 0.662500 0.072656 0.662500 0.072656 0.661458 0.072656 0.660417 0.073438 0.659375
0 0.422656 0.660417 0.424219 0.660417 0.425000 0.660417 0.426563 0.662500 0.427344 0.662500 0.427344 0.663542 0.427344 0.664583 0.428125 0.665625 0.428125 0.667708 0.428906 0.668750 0.428125 0.668750 0.427344 0.669792 0.426563 0.670833 0.426563 0.671875 0.425000 0.673958 0.424219 0.675000 0.423438 0.675000 0.422656 0.676042 0.421875 0.677083 0.419531 0.677083 0.418750 0.677083 0.417969 0.676042 0.417187 0.675000 0.417187 0.667708 0.417187 0.666667 0.417969 0.665625 0.418750 0.665625 0.419531 0.664583 0.419531 0.663542 0.419531 0.662500 0.420312 0.662500 0.421094 0.662500 0.422656 0.660417
0 0.139844 0.661458 0.140625 0.661458 0.141406 0.661458 0.142969 0.663542 0.143750 0.663542 0.142969 0.664583 0.142969 0.665625 0.142969 0.664583 0.142187 0.663542 0.141406 0.664583 0.139844 0.664583 0.139063 0.664583 0.139063 0.663542 0.139063 0.662500 0.139844 0.661458
0 0.896094 0.664583 0.896875 0.664583 0.897656 0.664583 0.897656 0.665625 0.898438 0.666667 0.898438 0.667708 0.898438 0.668750 0.897656 0.669792 0.894531 0.669792 0.893750 0.669792 0.892969 0.668750 0.892969 0.666667 0.892969 0.665625 0.894531 0.665625 0.895312 0.665625 0.896094 0.664583
0 0.276562 0.665625 0.277344 0.666667 0.278125 0.666667 0.278906 0.666667 0.279687 0.667708 0.279687 0.668750 0.278125 0.670833 0.277344 0.671875 0.277344 0.672917 0.276562 0.673958 0.275000 0.673958 0.274219 0.675000 0.274219 0.667708 0.274219 0.666667 0.275000 0.666667 0.275781 0.666667 0.276562 0.665625
0 0.222656 0.666667 0.223438 0.666667 0.224219 0.666667 0.224219 0.671875 0.224219 0.672917 0.225000 0.673958 0.225000 0.676042 0.224219 0.677083 0.222656 0.677083 0.221875 0.677083 0.221094 0.676042 0.219531 0.676042 0.218750 0.675000 0.218750 0.672917 0.218750 0.671875 0.222656 0.666667
0 0.523438 0.666667 0.524219 0.666667 0.525000 0.666667 0.527344 0.669792 0.527344 0.670833 0.526563 0.671875 0.525000 0.671875 0.524219 0.671875 0.523438 0.672917 0.523438 0.673958 0.521875 0.676042 0.521094 0.676042 0.520312 0.675000 0.520312 0.672917 0.519531 0.671875 0.520312 0.670833 0.521094 0.670833 0.521875 0.669792 0.522656 0.669792 0.523438 0.668750 0.523438 0.666667
0 0.198437 0.667708 0.200000 0.667708 0.200781 0.668750 0.199219 0.670833 0.198437 0.671875 0.197656 0.671875 0.196875 0.671875 0.196875 0.670833 0.196875 0.669792 0.198437 0.667708
0 0.461719 0.668750 0.462500 0.668750 0.463281 0.668750 0.464062 0.669792 0.464844 0.669792 0.464062 0.670833 0.464062 0.671875 0.463281 0.672917 0.463281 0.673958 0.461719 0.676042 0.460938 0.676042 0.460938 0.671875 0.460938 0.670833 0.461719 0.669792 0.461719 0.668750
0 0.160938 0.670833 0.161719 0.670833 0.162500 0.670833 0.163281 0.671875 0.164062 0.671875 0.164844 0.672917 0.164844 0.673958 0.164844 0.675000 0.162500 0.678125 0.161719 0.679167 0.160938 0.679167 0.160938 0.677083 0.160156 0.676042 0.160156 0.672917 0.160156 0.671875 0.160938 0.670833
0 0.746875 0.671875 0.747656 0.672917 0.748437 0.672917 0.748437 0.673958 0.747656 0.675000 0.746875 0.676042 0.746094 0.675000 0.745313 0.675000 0.744531 0.675000 0.744531 0.673958 0.744531 0.672917 0.745313 0.672917 0.746094 0.672917 0.746875 0.671875
0 0.304688 0.672917 0.307031 0.672917 0.307812 0.672917 0.307031 0.673958 0.307031 0.676042 0.306250 0.677083 0.305469 0.677083 0.304688 0.676042 0.304688 0.672917
0 0.610156 0.672917 0.611719 0.672917 0.612500 0.672917 0.613281 0.673958 0.614062 0.673958 0.614062 0.676042 0.614062 0.677083 0.612500 0.679167 0.611719 0.680208 0.610156 0.680208 0.609375 0.679167 0.609375 0.675000 0.608594 0.673958 0.609375 0.673958 0.610156 0.672917
0 0.691406 0.672917 0.692187 0.673958 0.692969 0.673958 0.693750 0.675000 0.694531 0.676042 0.693750 0.676042 0.692969 0.677083 0.692187 0.677083 0.691406 0.678125 0.690625 0.678125 0.689844 0.677083 0.689063 0.677083 0.689063 0.676042 0.689063 0.675000 0.689844 0.673958 0.690625 0.673958 0.691406 0.672917
0 0.795312 0.672917 0.796094 0.673958 0.796875 0.673958 0.795312 0.676042 0.794531 0.677083 0.793750 0.677083 0.792969 0.677083 0.792969 0.675000 0.792969 0.673958 0.793750 0.673958 0.794531 0.673958 0.795312 0.672917
0 0.235156 0.673958 0.238281 0.673958 0.239063 0.673958 0.239063 0.676042 0.239063 0.677083 0.238281 0.678125 0.235937 0.678125 0.235156 0.678125 0.235156 0.673958
0 0.391406 0.673958 0.392969 0.673958 0.393750 0.675000 0.393750 0.676042 0.392188 0.678125 0.392188 0.679167 0.391406 0.678125 0.391406 0.673958
0 0.325781 0.675000 0.326562 0.676042 0.327344 0.676042 0.328125 0.677083 0.328125 0.678125 0.328906 0.679167 0.328125 0.679167 0.325000 0.683333 0.324219 0.683333 0.324219 0.681250 0.323437 0.680208 0.324219 0.679167 0.324219 0.678125 0.324219 0.677083 0.325781 0.675000
0 0.701562 0.675000 0.702344 0.676042 0.703125 0.677083 0.703125 0.678125 0.703125 0.679167 0.700781 0.682292 0.700000 0.682292 0.699219 0.681250 0.699219 0.679167 0.699219 0.678125 0.701562 0.675000
0 0.287500 0.676042 0.289062 0.676042 0.289844 0.676042 0.290625 0.677083 0.291406 0.677083 0.292187 0.678125 0.290625 0.680208 0.289844 0.681250 0.289062 0.681250 0.288281 0.681250 0.287500 0.680208 0.286719 0.679167 0.286719 0.678125 0.286719 0.677083 0.287500 0.676042
0 0.862500 0.677083 0.864062 0.679167 0.864844 0.680208 0.865625 0.680208 0.866406 0.681250 0.867188 0.681250 0.867969 0.682292 0.867969 0.683333 0.867969 0.684375 0.866406 0.686458 0.865625 0.687500 0.861719 0.687500 0.860938 0.687500 0.860938 0.681250 0.860938 0.680208 0.861719 0.679167 0.861719 0.678125 0.862500 0.677083
0 0.296094 0.679167 0.296875 0.679167 0.297656 0.679167 0.298438 0.680208 0.298438 0.682292 0.297656 0.683333 0.296094 0.683333 0.295312 0.683333 0.295312 0.682292 0.295312 0.681250 0.296094 0.680208 0.296094 0.679167
0 0.153125 0.680208 0.156250 0.680208 0.157031 0.680208 0.157812 0.681250 0.157812 0.682292 0.157812 0.683333 0.157031 0.684375 0.156250 0.684375 0.155469 0.684375 0.154688 0.683333 0.153906 0.683333 0.153125 0.683333 0.153125 0.680208
0 0.538281 0.681250 0.541406 0.681250 0.541406 0.682292 0.539844 0.684375 0.539062 0.684375 0.538281 0.683333 0.538281 0.681250
0 0.642188 0.681250 0.642969 0.682292 0.645312 0.682292 0.646094 0.683333 0.645312 0.683333 0.644531 0.684375 0.643750 0.684375 0.642969 0.684375 0.642188 0.685417 0.641406 0.685417 0.641406 0.683333 0.641406 0.682292 0.642188 0.681250
0 0.562500 0.683333 0.563281 0.684375 0.566406 0.684375 0.567187 0.685417 0.566406 0.685417 0.565625 0.686458 0.565625 0.687500 0.564844 0.688542 0.564063 0.688542 0.563281 0.688542 0.562500 0.687500 0.562500 0.683333
0 0.583594 0.683333 0.584375 0.683333 0.585156 0.683333 0.585156 0.685417 0.585938 0.686458 0.585156 0.687500 0.584375 0.688542 0.584375 0.689583 0.584375 0.690625 0.582812 0.692708 0.582031 0.693750 0.580469 0.693750 0.579688 0.693750 0.578906 0.692708 0.578906 0.691667 0.578906 0.690625 0.580469 0.688542 0.581250 0.687500 0.581250 0.686458 0.583594 0.683333
0 0.395313 0.684375 0.396094 0.684375 0.396875 0.684375 0.397656 0.685417 0.398438 0.685417 0.396875 0.687500 0.396094 0.688542 0.395313 0.687500 0.395313 0.684375
0 0.172656 0.686458 0.174219 0.686458 0.175000 0.686458 0.175781 0.687500 0.176563 0.688542 0.175000 0.690625 0.175000 0.691667 0.174219 0.692708 0.173437 0.693750 0.172656 0.693750 0.171875 0.693750 0.171875 0.692708 0.171094 0.691667 0.171094 0.689583 0.170313 0.688542 0.171094 0.687500 0.171875 0.687500 0.172656 0.686458
0 0.743750 0.686458 0.746094 0.686458 0.746094 0.687500 0.745313 0.688542 0.745313 0.689583 0.744531 0.690625 0.742188 0.690625 0.741406 0.691667 0.741406 0.689583 0.741406 0.688542 0.742188 0.688542 0.742969 0.688542 0.743750 0.687500 0.743750 0.686458
0 0.607031 0.690625 0.609375 0.690625 0.610156 0.690625 0.610156 0.693750 0.610156 0.694792 0.609375 0.695833 0.608594 0.695833 0.607812 0.695833 0.607031 0.696875 0.607031 0.697917 0.606250 0.698958 0.605469 0.698958 0.604688 0.697917 0.605469 0.696875 0.605469 0.695833 0.606250 0.694792 0.606250 0.693750 0.606250 0.692708 0.607031 0.691667 0.607031 0.690625
0 0.185156 0.691667 0.185938 0.692708 0.186719 0.692708 0.186719 0.693750 0.185938 0.694792 0.185156 0.695833 0.184375 0.694792 0.183594 0.694792 0.183594 0.693750 0.183594 0.692708 0.184375 0.692708 0.185156 0.691667
0 0.370312 0.691667 0.371875 0.691667 0.372656 0.691667 0.373437 0.692708 0.373437 0.695833 0.372656 0.696875 0.371875 0.696875 0.371094 0.696875 0.371094 0.695833 0.371094 0.694792 0.370312 0.693750 0.370312 0.691667
0 0.465625 0.691667 0.466406 0.691667 0.467187 0.691667 0.467969 0.692708 0.469531 0.692708 0.470313 0.693750 0.470313 0.695833 0.470313 0.696875 0.471094 0.697917 0.471094 0.698958 0.471875 0.700000 0.471875 0.701042 0.472656 0.702083 0.473438 0.702083 0.474219 0.702083 0.474219 0.703125 0.475000 0.704167 0.474219 0.705208 0.473438 0.706250 0.470313 0.706250 0.469531 0.706250 0.468750 0.705208 0.467969 0.705208 0.467187 0.704167 0.467187 0.697917 0.467187 0.696875 0.466406 0.695833 0.465625 0.694792 0.465625 0.691667
0 0.887500 0.693750 0.889062 0.693750 0.889844 0.693750 0.889844 0.695833 0.889062 0.696875 0.887500 0.696875 0.886719 0.696875 0.886719 0.695833 0.886719 0.694792 0.887500 0.693750
0 0.542969 0.694792 0.544531 0.694792 0.545312 0.694792 0.546094 0.695833 0.546875 0.695833 0.547656 0.696875 0.547656 0.697917 0.548438 0.698958 0.548438 0.701042 0.547656 0.702083 0.544531 0.702083 0.543750 0.702083 0.542969 0.701042 0.542188 0.700000 0.542188 0.697917 0.542188 0.696875 0.542969 0.695833 0.542969 0.694792
0 0.746875 0.694792 0.747656 0.695833 0.749219 0.695833 0.750000 0.696875 0.749219 0.697917 0.748437 0.698958 0.747656 0.698958 0.746875 0.698958 0.746094 0.697917 0.746094 0.696875 0.746094 0.695833 0.746875 0.694792
0 0.035156 0.695833 0.035937 0.695833 0.036719 0.695833 0.036719 0.696875 0.037500 0.697917 0.038281 0.697917 0.038281 0.698958 0.037500 0.700000 0.036719 0.700000 0.035937 0.698958 0.035156 0.698958 0.035156 0.695833
0 0.565625 0.696875 0.567187 0.696875 0.567969 0.696875 0.567969 0.697917 0.566406 0.700000 0.565625 0.701042 0.564844 0.700000 0.564844 0.698958 0.564844 0.697917 0.565625 0.696875
0 0.368750 0.700000 0.370312 0.700000 0.371094 0.700000 0.371094 0.701042 0.371875 0.702083 0.372656 0.702083 0.371875 0.703125 0.371875 0.704167 0.371875 0.705208 0.371094 0.706250 0.369531 0.706250 0.368750 0.707292 0.368750 0.714583 0.368750 0.715625 0.369531 0.716667 0.372656 0.716667 0.373437 0.716667 0.374219 0.717708 0.375000 0.717708 0.375000 0.721875 0.375000 0.722917 0.374219 0.723958 0.373437 0.725000 0.373437 0.728125 0.373437 0.729167 0.374219 0.730208 0.375000 0.731250 0.374219 0.732292 0.374219 0.733333 0.373437 0.734375 0.372656 0.734375 0.371875 0.735417 0.371094 0.735417 0.370312 0.735417 0.370312 0.734375 0.370312 0.733333 0.368750 0.731250 0.368750 0.730208 0.367969 0.729167 0.367188 0.729167 0.367188 0.728125 0.365625 0.726042 0.364844 0.725000 0.364063 0.725000 0.363281 0.725000 0.363281 0.723958 0.362500 0.722917 0.361719 0.722917 0.360938 0.722917 0.360938 0.721875 0.358594 0.718750 0.357812 0.717708 0.357812 0.714583 0.357031 0.713542 0.357812 0.713542 0.358594 0.712500 0.358594 0.711458 0.359375 0.710417 0.360156 0.709375 0.361719 0.709375 0.362500 0.708333 0.365625 0.708333 0.366406 0.708333 0.367188 0.707292 0.367188 0.704167 0.367188 0.703125 0.367969 0.702083 0.368750 0.701042 0.368750 0.700000
0 0.439063 0.701042 0.441406 0.701042 0.442188 0.701042 0.442969 0.702083 0.442969 0.703125 0.442188 0.704167 0.441406 0.705208 0.440625 0.705208 0.439844 0.705208 0.439063 0.704167 0.439063 0.703125 0.438281 0.702083 0.439063 0.701042
0 0.610938 0.706250 0.610938 0.709375 0.610938 0.710417 0.611719 0.711458 0.612500 0.711458 0.613281 0.712500 0.613281 0.713542 0.611719 0.715625 0.610938 0.716667 0.610156 0.716667 0.609375 0.717708 0.607812 0.717708 0.607031 0.717708 0.606250 0.716667 0.606250 0.714583 0.607031 0.713542 0.607031 0.709375 0.607031 0.708333 0.607812 0.707292 0.609375 0.707292 0.610156 0.706250
0 0.214062 0.706250 0.215625 0.706250 0.216406 0.706250 0.216406 0.708333 0.216406 0.709375 0.217188 0.710417 0.217188 0.712500 0.216406 0.713542 0.214844 0.713542 0.214062 0.713542 0.214062 0.706250
0 0.343750 0.707292 0.344531 0.707292 0.345313 0.707292 0.345313 0.708333 0.346094 0.709375 0.346094 0.710417 0.345313 0.711458 0.344531 0.712500 0.343750 0.712500 0.343750 0.711458 0.342969 0.710417 0.342969 0.709375 0.342969 0.708333 0.343750 0.707292
0 0.873437 0.708333 0.876563 0.708333 0.877344 0.708333 0.877344 0.711458 0.877344 0.712500 0.876563 0.713542 0.875781 0.714583 0.875000 0.714583 0.874219 0.713542 0.874219 0.712500 0.874219 0.711458 0.873437 0.710417 0.873437 0.708333
0 0.700781 0.709375 0.702344 0.709375 0.703125 0.709375 0.703906 0.710417 0.704688 0.711458 0.703906 0.712500 0.703125 0.713542 0.701562 0.713542 0.700781 0.714583 0.700781 0.720833 0.700000 0.721875 0.699219 0.721875 0.698438 0.721875 0.697656 0.722917 0.696875 0.723958 0.693750 0.723958 0.692969 0.723958 0.692969 0.722917 0.692969 0.721875 0.692187 0.720833 0.691406 0.720833 0.690625 0.720833 0.689844 0.719792 0.689063 0.718750 0.689844 0.717708 0.689844 0.716667 0.695312 0.716667 0.696094 0.716667 0.696875 0.715625 0.698438 0.715625 0.699219 0.715625 0.700000 0.714583 0.700000 0.713542 0.700781 0.712500 0.700781 0.709375
0 0.335938 0.711458 0.336719 0.711458 0.337500 0.711458 0.338281 0.712500 0.338281 0.714583 0.339062 0.715625 0.338281 0.715625 0.337500 0.716667 0.336719 0.716667 0.335938 0.717708 0.334375 0.717708 0.333594 0.717708 0.332813 0.716667 0.332813 0.715625 0.332813 0.714583 0.333594 0.713542 0.334375 0.712500 0.335156 0.712500 0.335938 0.711458
0 0.546875 0.712500 0.547656 0.712500 0.548438 0.712500 0.548438 0.714583 0.548438 0.715625 0.547656 0.716667 0.547656 0.717708 0.545312 0.720833 0.544531 0.720833 0.544531 0.719792 0.543750 0.718750 0.544531 0.717708 0.544531 0.716667 0.544531 0.715625 0.545312 0.715625 0.546094 0.714583 0.546094 0.713542 0.546875 0.712500
0 0.595313 0.712500 0.596094 0.712500 0.596875 0.712500 0.598437 0.714583 0.598437 0.715625 0.597656 0.716667 0.596094 0.716667 0.595313 0.716667 0.594531 0.715625 0.594531 0.714583 0.594531 0.713542 0.595313 0.712500
0 0.673438 0.712500 0.678906 0.712500 0.679688 0.712500 0.679688 0.714583 0.679688 0.715625 0.681250 0.717708 0.681250 0.718750 0.680469 0.719792 0.679688 0.720833 0.678906 0.719792 0.678125 0.718750 0.678037 0.721527 0.677083 0.723610 0.675954 0.724768 0.675000 0.725000 0.674219 0.725000 0.673438 0.726042 0.672656 0.727083 0.672656 0.730208 0.672656 0.731250 0.671875 0.732292 0.671875 0.733333 0.670312 0.731250 0.669531 0.730208 0.669531 0.729167 0.668750 0.728125 0.671094 0.725000 0.671875 0.723958 0.671875 0.718750 0.671875 0.717708 0.672656 0.716667 0.672656 0.715625 0.672656 0.714583 0.673438 0.713542 0.673438 0.712500
0 0.412500 0.714583 0.415625 0.714583 0.416406 0.714583 0.416406 0.715625 0.417187 0.716667 0.417187 0.717708 0.416406 0.718750 0.416406 0.721875 0.415625 0.722917 0.416406 0.723958 0.417969 0.723958 0.418750 0.723958 0.418750 0.726042 0.418750 0.727083 0.417969 0.728125 0.417187 0.729167 0.416406 0.729167 0.416406 0.725000 0.416406 0.723958 0.415625 0.722917 0.414062 0.722917 0.413281 0.722917 0.413281 0.721875 0.412500 0.720833 0.411719 0.719792 0.411719 0.716667 0.411719 0.715625 0.412500 0.714583
0 0.832031 0.714583 0.832812 0.714583 0.833594 0.714583 0.834375 0.715625 0.835156 0.715625 0.835938 0.716667 0.835938 0.717708 0.835156 0.718750 0.835156 0.720833 0.834375 0.721875 0.833594 0.721875 0.833594 0.720833 0.832812 0.719792 0.832031 0.719792 0.831250 0.718750 0.831250 0.717708 0.830469 0.716667 0.832031 0.714583
0 0.015625 0.715625 0.018750 0.715625 0.019531 0.715625 0.017969 0.717708 0.017188 0.718750 0.016406 0.718750 0.015625 0.717708 0.015625 0.715625
0 0.505469 0.716667 0.507812 0.716667 0.508594 0.716667 0.509375 0.717708 0.510156 0.717708 0.510938 0.717708 0.510938 0.721875 0.510938 0.722917 0.510156 0.723958 0.509375 0.725000 0.509375 0.723958 0.508594 0.722917 0.507812 0.722917 0.507031 0.722917 0.506250 0.721875 0.505469 0.721875 0.505469 0.720833 0.504687 0.719792 0.504687 0.718750 0.504687 0.717708 0.505469 0.716667
0 0.634375 0.716667 0.636719 0.716667 0.637500 0.716667 0.637500 0.717708 0.637500 0.718750 0.638281 0.719792 0.639844 0.719792 0.639844 0.720833 0.638281 0.722917 0.637500 0.723958 0.635156 0.723958 0.634375 0.723958 0.634375 0.720833 0.633594 0.719792 0.634375 0.718750 0.634375 0.716667
0 0.042188 0.717708 0.042969 0.718750 0.045312 0.718750 0.046094 0.718750 0.046094 0.719792 0.046094 0.720833 0.045312 0.721875 0.044531 0.721875 0.043750 0.722917 0.042969 0.722917 0.042969 0.721875 0.042188 0.720833 0.041406 0.719792 0.042188 0.718750 0.042188 0.717708
0 0.238281 0.718750 0.239063 0.719792 0.239844 0.719792 0.240625 0.720833 0.240625 0.721875 0.239844 0.722917 0.239063 0.723958 0.238281 0.723958 0.237500 0.722917 0.237500 0.720833 0.237500 0.719792 0.238281 0.718750
0 0.395313 0.720833 0.396094 0.721875 0.396094 0.722917 0.396875 0.723958 0.396875 0.725000 0.397656 0.726042 0.398438 0.727083 0.397656 0.728125 0.397656 0.729167 0.396094 0.731250 0.395313 0.732292 0.394531 0.732292 0.393750 0.732292 0.392969 0.733333 0.392188 0.733333 0.391406 0.732292 0.390625 0.731250 0.390625 0.730208 0.389844 0.729167 0.387500 0.729167 0.386719 0.729167 0.385937 0.730208 0.385937 0.731250 0.385937 0.730208 0.385156 0.729167 0.389062 0.729167 0.389844 0.729167 0.390625 0.728125 0.390625 0.727083 0.390625 0.726042 0.391406 0.725000 0.391406 0.723958 0.392188 0.722917 0.392969 0.722917 0.393750 0.721875 0.394531 0.721875 0.395313 0.720833
0 0.296094 0.721875 0.296875 0.721875 0.297656 0.721875 0.297656 0.729167 0.297656 0.730208 0.296875 0.731250 0.296875 0.733333 0.296875 0.734375 0.296094 0.735417 0.295312 0.736458 0.293750 0.736458 0.292969 0.736458 0.292969 0.725000 0.292969 0.723958 0.294531 0.723958 0.295312 0.723958 0.296094 0.722917 0.296094 0.721875
0 0.048438 0.723958 0.050000 0.723958 0.050781 0.723958 0.051562 0.725000 0.052344 0.725000 0.052344 0.726042 0.051562 0.727083 0.050000 0.727083 0.049219 0.727083 0.048438 0.726042 0.048438 0.723958
0 0.648438 0.723958 0.651563 0.723958 0.652344 0.723958 0.652344 0.726042 0.652344 0.727083 0.653125 0.728125 0.653906 0.729167 0.653906 0.731250 0.653125 0.732292 0.652344 0.732292 0.651563 0.732292 0.649219 0.729167 0.648438 0.728125 0.648438 0.723958
0 0.431250 0.725000 0.432031 0.726042 0.433594 0.726042 0.434375 0.726042 0.434375 0.727083 0.434375 0.728125 0.433594 0.729167 0.432812 0.730208 0.432031 0.730208 0.431250 0.731250 0.431250 0.729167 0.430469 0.728125 0.430469 0.727083 0.430469 0.726042 0.431250 0.725000
0 0.939844 0.726042 0.941406 0.726042 0.942187 0.726042 0.942187 0.727083 0.942187 0.728125 0.941406 0.729167 0.941406 0.730208 0.940625 0.731250 0.939844 0.731250 0.939063 0.730208 0.939063 0.728125 0.939063 0.727083 0.939844 0.726042
0 0.442188 0.727083 0.443750 0.727083 0.444531 0.727083 0.444531 0.728125 0.446094 0.730208 0.446094 0.731250 0.445312 0.732292 0.444531 0.732292 0.443750 0.732292 0.442969 0.731250 0.442969 0.730208 0.442188 0.729167 0.442188 0.727083
0 0.567187 0.727083 0.568750 0.727083 0.569531 0.727083 0.570312 0.728125 0.571094 0.729167 0.571094 0.732292 0.571094 0.733333 0.570312 0.734375 0.569531 0.735417 0.568750 0.735417 0.567969 0.735417 0.567187 0.734375 0.566406 0.734375 0.565625 0.733333 0.564844 0.733333 0.564844 0.731250 0.564844 0.730208 0.567187 0.727083
0 0.817969 0.729167 0.820312 0.729167 0.821094 0.730208 0.821094 0.731250 0.820312 0.732292 0.820312 0.733333 0.819531 0.734375 0.818750 0.735417 0.817969 0.735417 0.817969 0.734375 0.817187 0.733333 0.816406 0.732292 0.816406 0.731250 0.816406 0.730208 0.817187 0.730208 0.817969 0.729167
0 0.318750 0.730208 0.319531 0.731250 0.320312 0.731250 0.320312 0.733333 0.321094 0.734375 0.321114 0.736513 0.320690 0.737555 0.319531 0.736458 0.318750 0.735417 0.317948 0.735088 0.317969 0.733333 0.316612 0.732054 0.318750 0.730208
0 0.020313 0.733333 0.021875 0.733333 0.022656 0.733333 0.022656 0.734375 0.023438 0.735417 0.022656 0.736458 0.022656 0.740625 0.021875 0.741667 0.021094 0.741667 0.021094 0.739583 0.021094 0.738542 0.020313 0.737500 0.019531 0.736458 0.019531 0.735417 0.019531 0.734375 0.020313 0.733333
0 0.457031 0.733333 0.459375 0.733333 0.460156 0.733333 0.460156 0.734375 0.460938 0.735417 0.462500 0.735417 0.463281 0.735417 0.463281 0.736458 0.463281 0.737500 0.462500 0.738542 0.461719 0.738542 0.461719 0.736458 0.460938 0.735417 0.460156 0.735417 0.459375 0.736458 0.458594 0.736458 0.457813 0.735417 0.457031 0.735417 0.457031 0.733333
0 0.202344 0.735417 0.204687 0.735417 0.205469 0.736458 0.204687 0.737500 0.203906 0.738542 0.202344 0.738542 0.201563 0.738542 0.201563 0.737500 0.201563 0.736458 0.202344 0.735417
0 0.255469 0.735417 0.256250 0.735417 0.257031 0.735417 0.257031 0.736458 0.257812 0.737500 0.257812 0.738542 0.258594 0.739583 0.258594 0.740625 0.257812 0.741667 0.257031 0.741667 0.255469 0.739583 0.254688 0.739583 0.254688 0.737500 0.254688 0.736458 0.255469 0.735417
0 0.764062 0.736458 0.765625 0.736458 0.766406 0.736458 0.766406 0.737500 0.766406 0.738542 0.765625 0.739583 0.764844 0.740625 0.764062 0.740625 0.763281 0.740625 0.762500 0.739583 0.762500 0.738542 0.762500 0.737500 0.763281 0.737500 0.764062 0.736458
0 0.800000 0.737500 0.800781 0.738542 0.800781 0.741667 0.800781 0.742708 0.801562 0.743750 0.801562 0.744792 0.801562 0.745833 0.801310 0.746624 0.801434 0.747376 0.800341 0.748332 0.799372 0.749123 0.797656 0.750000 0.796875 0.750000 0.796094 0.751042 0.795312 0.751042 0.794531 0.750000 0.794531 0.746875 0.793750 0.745833 0.795160 0.743256 0.795911 0.741337 0.797656 0.739583 0.798438 0.739583 0.800000 0.737500
0 0.289062 0.740625 0.291406 0.740625 0.292187 0.741667 0.292187 0.742708 0.292187 0.743750 0.291406 0.744792 0.290625 0.745833 0.289844 0.745833 0.289062 0.744792 0.289062 0.740625
0 0.197656 0.741667 0.199219 0.741667 0.200000 0.741667 0.199219 0.742708 0.199219 0.743750 0.197656 0.745833 0.196875 0.745833 0.196094 0.744792 0.196875 0.743750 0.197656 0.742708 0.197656 0.741667
0 0.685937 0.742708 0.686719 0.742708 0.687500 0.742708 0.687500 0.743750 0.688281 0.744792 0.689063 0.744792 0.689844 0.744792 0.689844 0.745833 0.690625 0.746875 0.691406 0.746875 0.691406 0.747917 0.691406 0.748958 0.692187 0.750000 0.692187 0.751042 0.692187 0.752083 0.691406 0.753125 0.691406 0.754167 0.689844 0.756250 0.689063 0.757292 0.685156 0.757292 0.684375 0.756250 0.684375 0.752083 0.684375 0.751042 0.683594 0.750000 0.683594 0.748958 0.683594 0.747917 0.685156 0.745833 0.685937 0.744792 0.685937 0.742708
0 0.227344 0.744792 0.228125 0.744792 0.228906 0.744792 0.229687 0.745833 0.229687 0.746875 0.230469 0.747917 0.230469 0.750000 0.230469 0.751042 0.229687 0.752083 0.228906 0.753125 0.227344 0.753125 0.226562 0.753125 0.226562 0.751042 0.227344 0.750000 0.227344 0.744792
0 0.446094 0.744792 0.447656 0.744792 0.448437 0.744792 0.448437 0.745833 0.448437 0.746875 0.449219 0.747917 0.449219 0.750000 0.448437 0.751042 0.447656 0.751042 0.447656 0.750000 0.446875 0.748958 0.446094 0.748958 0.446094 0.744792
0 0.026562 0.746875 0.027344 0.746875 0.028125 0.746875 0.028906 0.747917 0.029687 0.748958 0.029687 0.750000 0.028906 0.751042 0.028906 0.752083 0.028125 0.753125 0.027344 0.753125 0.026562 0.753125 0.026562 0.750000 0.025781 0.748958 0.026562 0.747917 0.026562 0.746875
0 0.549219 0.750000 0.552344 0.750000 0.553125 0.750000 0.553125 0.751042 0.553125 0.752083 0.553906 0.753125 0.556250 0.753125 0.557031 0.753125 0.557813 0.754167 0.557813 0.756250 0.557813 0.757292 0.557031 0.758333 0.556250 0.759375 0.555469 0.759375 0.554688 0.758333 0.553906 0.758333 0.553906 0.757292 0.553125 0.756250 0.553125 0.755208 0.552344 0.754167 0.551562 0.754167 0.550781 0.754167 0.550000 0.753125 0.550000 0.752083 0.550000 0.751042 0.549219 0.750000
0 0.332031 0.751042 0.333594 0.751042 0.334375 0.751042 0.334375 0.753125 0.335156 0.754167 0.334375 0.754167 0.333594 0.755208 0.333594 0.756250 0.332813 0.757292 0.331250 0.757292 0.330469 0.758333 0.329688 0.757292 0.330469 0.756250 0.330469 0.755208 0.330469 0.754167 0.331250 0.753125 0.332031 0.752083 0.332031 0.751042
0 0.660156 0.752083 0.661719 0.752083 0.662500 0.752083 0.663281 0.753125 0.664062 0.754167 0.664062 0.755208 0.663281 0.756250 0.662500 0.757292 0.660937 0.757292 0.660156 0.757292 0.660156 0.756250 0.659375 0.755208 0.660156 0.754167 0.660156 0.752083
0 0.442188 0.756250 0.442969 0.756250 0.443750 0.756250 0.444531 0.757292 0.445312 0.757292 0.444531 0.758333 0.444531 0.759375 0.443750 0.760417 0.442969 0.760417 0.442188 0.761458 0.442188 0.756250
0 0.067969 0.757292 0.068750 0.757292 0.069531 0.757292 0.070312 0.758333 0.070312 0.759375 0.071094 0.760417 0.072656 0.760417 0.073438 0.760417 0.075000 0.762500 0.075781 0.763542 0.075000 0.764583 0.075000 0.765625 0.075000 0.766667 0.074219 0.767708 0.073438 0.768750 0.072656 0.768750 0.071875 0.769792 0.071094 0.769792 0.070312 0.770833 0.069531 0.769792 0.068750 0.768750 0.067969 0.768750 0.067187 0.767708 0.067187 0.760417 0.066406 0.759375 0.067969 0.757292
0 0.178125 0.757292 0.182031 0.757292 0.182812 0.757292 0.184375 0.759375 0.185156 0.759375 0.185156 0.762500 0.185156 0.763542 0.183594 0.765625 0.182812 0.766667 0.182031 0.766667 0.181250 0.765625 0.178906 0.765625 0.178125 0.765625 0.177344 0.764583 0.176563 0.764583 0.175781 0.764583 0.175781 0.761458 0.175781 0.760417 0.178125 0.757292
0 0.535937 0.757292 0.537500 0.757292 0.538281 0.757292 0.538281 0.758333 0.538281 0.759375 0.537500 0.760417 0.535937 0.760417 0.535156 0.761458 0.535156 0.759375 0.534375 0.758333 0.535156 0.758333 0.535937 0.757292
0 0.807031 0.757292 0.809375 0.757292 0.810156 0.757292 0.810937 0.758333 0.811719 0.759375 0.811719 0.761458 0.811719 0.762500 0.810156 0.764583 0.809375 0.765625 0.808594 0.764583 0.807813 0.763542 0.806250 0.763542 0.805469 0.762500 0.805469 0.760417 0.805469 0.759375 0.807031 0.757292
0 0.930469 0.760417 0.932813 0.760417 0.933594 0.760417 0.933594 0.761458 0.933594 0.762500 0.932813 0.763542 0.932031 0.764583 0.930469 0.764583 0.929688 0.764583 0.929688 0.763542 0.928906 0.762500 0.930469 0.760417
0 0.287500 0.762500 0.288281 0.763542 0.289062 0.763542 0.289844 0.763542 0.289844 0.764583 0.289844 0.765625 0.289062 0.766667 0.288281 0.767708 0.287500 0.766667 0.286719 0.765625 0.287500 0.764583 0.287500 0.762500
0 0.631250 0.762500 0.632031 0.762500 0.632812 0.762500 0.633594 0.763542 0.634375 0.763542 0.635156 0.764583 0.635156 0.767708 0.635156 0.768750 0.632812 0.771875 0.632812 0.772917 0.632031 0.771875 0.631250 0.771875 0.630469 0.771875 0.629687 0.770833 0.628906 0.769792 0.628906 0.768750 0.628125 0.767708 0.628125 0.765625 0.628125 0.764583 0.628906 0.763542 0.629687 0.763542 0.630469 0.763542 0.631250 0.762500
0 0.013281 0.764583 0.014844 0.764583 0.015625 0.764583 0.015625 0.765625 0.015625 0.766667 0.014844 0.767708 0.014844 0.768750 0.014063 0.769792 0.014063 0.770833 0.013281 0.771875 0.012500 0.771875 0.012500 0.768750 0.012500 0.767708 0.013281 0.766667 0.013281 0.764583
0 0.576562 0.765625 0.577344 0.766667 0.577344 0.769792 0.577344 0.770833 0.578125 0.771875 0.578906 0.771875 0.580469 0.773958 0.581250 0.775000 0.582031 0.775000 0.582812 0.775000 0.582812 0.776042 0.582031 0.777083 0.582031 0.780208 0.582031 0.781250 0.582812 0.782292 0.582812 0.783333 0.583594 0.784375 0.587500 0.784375 0.588281 0.784375 0.588281 0.788542 0.587500 0.789583 0.586719 0.789583 0.585938 0.790625 0.581250 0.790625 0.580469 0.790625 0.579688 0.791667 0.579688 0.792708 0.579688 0.791667 0.578906 0.790625 0.578125 0.789583 0.576562 0.789583 0.575781 0.789583 0.575781 0.788542 0.575781 0.787500 0.575000 0.786458 0.575000 0.785417 0.574219 0.784375 0.574219 0.783333 0.574219 0.782292 0.573438 0.781250 0.572656 0.780208 0.572656 0.770833 0.572656 0.769792 0.574219 0.769792 0.575000 0.769792 0.575781 0.768750 0.575781 0.767708 0.575781 0.766667 0.576562 0.765625
0 0.727344 0.765625 0.728125 0.765625 0.728906 0.765625 0.728906 0.767708 0.728906 0.768750 0.728125 0.769792 0.727344 0.769792 0.726562 0.770833 0.725781 0.770833 0.725000 0.769792 0.723437 0.769792 0.722656 0.769792 0.720313 0.772917 0.719531 0.773958 0.719531 0.776042 0.719531 0.777083 0.717969 0.779167 0.717187 0.779167 0.717187 0.778125 0.716406 0.777083 0.716406 0.775000 0.716406 0.773958 0.717187 0.773958 0.717969 0.772917 0.717969 0.768750 0.717969 0.767708 0.718750 0.766667 0.720313 0.766667 0.721094 0.767708 0.724219 0.767708 0.725000 0.767708 0.725781 0.766667 0.726562 0.766667 0.727344 0.765625
0 0.405921 0.768838 0.407894 0.768696 0.408017 0.770088 0.408569 0.770877 0.408594 0.771875 0.410074 0.771964 0.410156 0.772917 0.410938 0.772917 0.410988 0.775689 0.408809 0.776109 0.408594 0.775000 0.407031 0.772917 0.405395 0.772829 0.405363 0.768881
0 0.475781 0.770833 0.481250 0.770833 0.482031 0.770833 0.482031 0.771875 0.482812 0.772917 0.483594 0.773958 0.484375 0.773958 0.485156 0.773958 0.485938 0.775000 0.486719 0.776042 0.486719 0.777083 0.487500 0.778125 0.487500 0.779167 0.486719 0.780208 0.485938 0.781250 0.485156 0.781250 0.484375 0.782292 0.483594 0.783333 0.483594 0.784375 0.483594 0.785417 0.482812 0.786458 0.482812 0.787500 0.482812 0.788542 0.482031 0.789583 0.481250 0.789583 0.480469 0.790625 0.478906 0.788542 0.478125 0.788542 0.478125 0.786458 0.477344 0.785417 0.475000 0.785417 0.474219 0.785417 0.473438 0.784375 0.471094 0.784375 0.470313 0.784375 0.470313 0.777083 0.470313 0.776042 0.471094 0.775000 0.471094 0.773958 0.471094 0.772917 0.471875 0.771875 0.474219 0.771875 0.475000 0.771875 0.475781 0.770833
0 0.596094 0.770833 0.596875 0.771875 0.597656 0.771875 0.598437 0.772917 0.597656 0.773958 0.597656 0.775000 0.597656 0.776042 0.596875 0.777083 0.596094 0.778125 0.595313 0.778125 0.594531 0.779167 0.593750 0.778125 0.592969 0.778125 0.592969 0.773958 0.592969 0.772917 0.593750 0.772917 0.594531 0.772917 0.596094 0.770833
0 0.046094 0.771875 0.047656 0.773958 0.048438 0.775000 0.048438 0.777083 0.047656 0.778125 0.047656 0.781250 0.047656 0.782292 0.046094 0.784375 0.045312 0.785417 0.044531 0.784375 0.043750 0.784375 0.042969 0.784375 0.042969 0.783333 0.042188 0.782292 0.042188 0.776042 0.042188 0.775000 0.042969 0.773958 0.043750 0.773958 0.044531 0.772917 0.045312 0.772917 0.046094 0.771875
0 0.080469 0.771875 0.081250 0.771875 0.082031 0.771875 0.082812 0.772917 0.083594 0.773958 0.085938 0.773958 0.086719 0.772917 0.087500 0.773958 0.088281 0.773958 0.087500 0.775000 0.086719 0.776042 0.083594 0.776042 0.082812 0.776042 0.082031 0.777083 0.081250 0.777083 0.080469 0.777083 0.080469 0.775000 0.079687 0.773958 0.080469 0.772917 0.080469 0.771875
0 0.208594 0.771875 0.210156 0.771875 0.210938 0.771875 0.211719 0.772917 0.212500 0.773958 0.214062 0.773958 0.214844 0.773958 0.215625 0.775000 0.215625 0.776042 0.214844 0.777083 0.213281 0.777083 0.212500 0.776042 0.210156 0.776042 0.209375 0.776042 0.208594 0.775000 0.208594 0.771875
0 0.432812 0.771875 0.433594 0.771875 0.434375 0.771875 0.434375 0.775000 0.434375 0.776042 0.432812 0.778125 0.432031 0.778125 0.432031 0.777083 0.431250 0.776042 0.432031 0.775000 0.432031 0.773958 0.432031 0.772917 0.432812 0.771875
0 0.950000 0.775000 0.950781 0.776042 0.951562 0.776042 0.951562 0.777083 0.951562 0.778125 0.950781 0.779167 0.950000 0.779167 0.949219 0.779167 0.949219 0.777083 0.949219 0.776042 0.950000 0.775000
0 0.332813 0.776042 0.334375 0.776042 0.335156 0.777083 0.334375 0.778125 0.334375 0.779167 0.333594 0.780208 0.332813 0.780208 0.332031 0.779167 0.332031 0.778125 0.332031 0.777083 0.332813 0.776042
0 0.815625 0.776042 0.816406 0.777083 0.817969 0.777083 0.818750 0.777083 0.819531 0.778125 0.820312 0.779167 0.820312 0.782292 0.820312 0.783333 0.819531 0.784375 0.818750 0.785417 0.817969 0.785417 0.817187 0.786458 0.816406 0.786458 0.815625 0.786458 0.814844 0.785417 0.814063 0.784375 0.812500 0.784375 0.811719 0.783333 0.811719 0.782292 0.811719 0.781250 0.812500 0.780208 0.812500 0.779167 0.813281 0.778125 0.814063 0.778125 0.815625 0.776042
0 0.203125 0.778125 0.203125 0.779167 0.203906 0.780208 0.204687 0.780208 0.204687 0.781250 0.203906 0.782292 0.203906 0.783333 0.203125 0.784375 0.202344 0.784375 0.202344 0.783333 0.201563 0.782292 0.202344 0.781250 0.203125 0.780208 0.203125 0.778125
0 0.075000 0.782292 0.075781 0.782292 0.076563 0.782292 0.076563 0.785417 0.075781 0.786458 0.075000 0.786458 0.074219 0.785417 0.074219 0.784375 0.074219 0.783333 0.075000 0.782292
0 0.385156 0.782292 0.385937 0.782292 0.386719 0.782292 0.387500 0.783333 0.388281 0.784375 0.388281 0.785417 0.388281 0.786458 0.386719 0.788542 0.385937 0.789583 0.385156 0.789583 0.384375 0.788542 0.383594 0.788542 0.383594 0.787500 0.382812 0.786458 0.383594 0.785417 0.383594 0.784375 0.385156 0.782292
0 0.027344 0.785417 0.028125 0.786458 0.028906 0.786458 0.029687 0.787500 0.028906 0.788542 0.028125 0.789583 0.027344 0.789583 0.026562 0.788542 0.026562 0.787500 0.026562 0.786458 0.027344 0.785417
0 0.078125 0.786458 0.079687 0.786458 0.080469 0.786458 0.080469 0.787500 0.081250 0.788542 0.082031 0.789583 0.081250 0.790625 0.081250 0.791667 0.080469 0.790625 0.079687 0.790625 0.078906 0.789583 0.078125 0.789583 0.078125 0.786458
0 0.646094 0.791667 0.646875 0.792708 0.647656 0.792708 0.648438 0.792708 0.648438 0.793750 0.648438 0.794792 0.647656 0.795833 0.646875 0.796875 0.646875 0.798958 0.646875 0.800000 0.646094 0.801042 0.645312 0.801042 0.644531 0.802083 0.642969 0.802083 0.642188 0.802083 0.642188 0.801042 0.642188 0.800000 0.641406 0.798958 0.640625 0.797917 0.640625 0.796875 0.640625 0.795833 0.641406 0.794792 0.641406 0.793750 0.642188 0.792708 0.644531 0.792708 0.645312 0.792708 0.646094 0.791667
0 0.197656 0.792708 0.199219 0.792708 0.200000 0.792708 0.200781 0.793750 0.201563 0.793750 0.202344 0.793750 0.202344 0.800000 0.202344 0.801042 0.201563 0.802083 0.200781 0.802083 0.200000 0.803125 0.199219 0.803125 0.198437 0.802083 0.197656 0.802083 0.197656 0.797917 0.196875 0.796875 0.197656 0.795833 0.197656 0.792708
0 0.600781 0.792708 0.602344 0.792708 0.603125 0.792708 0.603906 0.793750 0.603906 0.794792 0.603906 0.795833 0.604688 0.796875 0.604688 0.797917 0.603906 0.798958 0.600781 0.798958 0.600000 0.798958 0.600000 0.794792 0.600000 0.793750 0.600781 0.792708
0 0.017969 0.793750 0.020313 0.793750 0.020313 0.794792 0.019531 0.795833 0.018750 0.796875 0.017969 0.796875 0.017188 0.796875 0.017188 0.795833 0.017188 0.794792 0.017969 0.793750
0 0.324219 0.793750 0.325781 0.793750 0.326562 0.793750 0.326562 0.796875 0.326562 0.797917 0.325000 0.800000 0.325000 0.801042 0.325000 0.798958 0.324219 0.797917 0.324219 0.793750
0 0.325000 0.793750 0.325781 0.793750 0.326562 0.793750 0.326562 0.796875 0.326562 0.797917 0.325000 0.800000 0.325000 0.801042 0.325000 0.798958 0.324219 0.797917 0.324219 0.794792 0.324219 0.793750 0.325000 0.793750
0 0.420312 0.794792 0.421875 0.794792 0.422656 0.794792 0.422656 0.795833 0.422656 0.796875 0.421094 0.798958 0.421094 0.800000 0.420312 0.798958 0.419531 0.798958 0.419531 0.797917 0.418750 0.796875 0.420312 0.794792
0 0.754687 0.794792 0.755469 0.794792 0.756250 0.794792 0.756250 0.796875 0.756250 0.797917 0.754687 0.800000 0.753906 0.801042 0.753125 0.800000 0.753125 0.797917 0.753125 0.796875 0.754687 0.794792
0 0.412500 0.795833 0.413281 0.796875 0.414062 0.796875 0.414844 0.796875 0.414844 0.797917 0.414844 0.798958 0.414062 0.800000 0.413281 0.800000 0.412500 0.801042 0.411719 0.801042 0.410938 0.801042 0.410938 0.797917 0.410938 0.796875 0.411719 0.796875 0.412500 0.795833
0 0.589063 0.795833 0.590625 0.795833 0.591406 0.795833 0.591406 0.796875 0.592187 0.797917 0.592187 0.798958 0.591406 0.800000 0.590625 0.801042 0.589844 0.801042 0.589063 0.801042 0.589063 0.800000 0.588281 0.798958 0.588281 0.797917 0.588281 0.796875 0.589063 0.795833
0 0.307031 0.796875 0.309375 0.796875 0.310156 0.796875 0.310156 0.797917 0.309375 0.798958 0.309375 0.800000 0.309375 0.801042 0.308594 0.802083 0.303906 0.802083 0.303125 0.802083 0.303125 0.798958 0.303125 0.797917 0.305469 0.797917 0.306250 0.797917 0.307031 0.796875
0 0.509375 0.796875 0.510156 0.797917 0.510938 0.797917 0.510156 0.797917 0.508594 0.800000 0.508594 0.801042 0.509375 0.802083 0.509375 0.803125 0.510156 0.804167 0.510938 0.805208 0.510938 0.807292 0.511719 0.808333 0.511719 0.814583 0.511719 0.815625 0.510156 0.817708 0.509375 0.818750 0.507812 0.818750 0.507031 0.818750 0.506250 0.817708 0.504687 0.817708 0.503906 0.817708 0.503906 0.815625 0.503906 0.814583 0.503125 0.813542 0.503125 0.811458 0.503125 0.810417 0.502344 0.809375 0.502344 0.807292 0.502344 0.806250 0.503906 0.806250 0.504687 0.806250 0.506250 0.804167 0.506250 0.803125 0.507031 0.802083 0.507812 0.802083 0.508594 0.801042 0.508594 0.798958 0.508594 0.797917 0.509375 0.796875
0 0.611719 0.796875 0.612500 0.796875 0.613281 0.796875 0.613281 0.797917 0.614062 0.798958 0.615625 0.798958 0.616406 0.798958 0.616406 0.800000 0.616406 0.801042 0.617188 0.802083 0.617969 0.802083 0.617969 0.803125 0.616406 0.805208 0.616406 0.806250 0.615625 0.805208 0.614844 0.804167 0.614844 0.801042 0.614844 0.800000 0.614062 0.798958 0.613281 0.798958 0.612500 0.800000 0.611719 0.800000 0.610938 0.800000 0.610938 0.798958 0.610938 0.797917 0.611719 0.796875
0 0.872656 0.798958 0.873437 0.798958 0.874219 0.798958 0.875000 0.800000 0.875781 0.800000 0.875781 0.801042 0.876563 0.802083 0.875000 0.804167 0.874219 0.805208 0.872656 0.805208 0.871875 0.805208 0.871875 0.803125 0.871094 0.802083 0.871875 0.801042 0.871875 0.800000 0.872656 0.798958
0 0.260937 0.800000 0.262500 0.800000 0.263281 0.801042 0.263281 0.802083 0.262500 0.803125 0.261719 0.804167 0.260937 0.804167 0.260156 0.804167 0.260156 0.802083 0.260156 0.801042 0.260937 0.800000
0 0.571875 0.802083 0.572656 0.802083 0.573438 0.802083 0.573438 0.804167 0.573438 0.805208 0.572656 0.806250 0.571875 0.807292 0.571094 0.806250 0.571094 0.804167 0.571094 0.803125 0.571875 0.802083
0 0.277344 0.803125 0.278906 0.803125 0.278906 0.804167 0.278125 0.805208 0.277344 0.806250 0.276562 0.806250 0.275781 0.806250 0.274219 0.808333 0.273438 0.809375 0.273438 0.808333 0.273438 0.807292 0.274219 0.806250 0.274219 0.805208 0.274219 0.804167 0.275781 0.804167 0.276562 0.804167 0.277344 0.803125
0 0.383594 0.803125 0.384375 0.803125 0.385156 0.803125 0.385937 0.804167 0.386719 0.805208 0.385156 0.807292 0.384375 0.807292 0.383594 0.806250 0.383594 0.803125
0 0.135156 0.804167 0.135937 0.804167 0.136719 0.804167 0.137500 0.805208 0.138281 0.805208 0.139063 0.806250 0.139844 0.806250 0.139844 0.807292 0.139063 0.808333 0.138281 0.809375 0.136719 0.809375 0.135937 0.809375 0.135156 0.810417 0.134375 0.810417 0.134375 0.807292 0.134375 0.806250 0.135156 0.805208 0.135156 0.804167
0 0.816406 0.804167 0.818750 0.804167 0.819531 0.804167 0.819531 0.805208 0.820312 0.806250 0.821875 0.806250 0.822656 0.806250 0.823438 0.807292 0.823438 0.810417 0.823438 0.811458 0.822656 0.812500 0.821875 0.812500 0.821094 0.813542 0.820312 0.813542 0.819531 0.813542 0.818750 0.812500 0.817187 0.812500 0.816406 0.812500 0.815625 0.811458 0.814844 0.811458 0.814844 0.807292 0.814844 0.806250 0.816406 0.804167
0 0.536719 0.805208 0.539062 0.805208 0.539844 0.806250 0.539844 0.810417 0.539844 0.811458 0.539062 0.812500 0.539062 0.813542 0.538281 0.814583 0.538281 0.815625 0.537500 0.814583 0.536719 0.813542 0.535937 0.813542 0.535156 0.813542 0.534375 0.812500 0.532813 0.812500 0.532031 0.812500 0.534375 0.812500 0.535156 0.811458 0.535156 0.807292 0.535156 0.806250 0.535937 0.806250 0.536719 0.805208
0 0.329688 0.806250 0.330469 0.806250 0.331250 0.806250 0.331250 0.809375 0.331250 0.810417 0.329688 0.812500 0.328906 0.813542 0.327344 0.813542 0.326562 0.813542 0.326562 0.810417 0.326562 0.809375 0.327344 0.809375 0.328125 0.808333 0.328906 0.808333 0.329688 0.807292 0.329688 0.806250
0 0.357812 0.806250 0.360156 0.806250 0.360938 0.806250 0.361719 0.807292 0.360938 0.808333 0.360938 0.809375 0.360156 0.810417 0.359375 0.811458 0.358594 0.811458 0.357812 0.812500 0.357031 0.812500 0.356250 0.813542 0.352344 0.813542 0.351562 0.813542 0.351562 0.812500 0.351562 0.811458 0.352344 0.810417 0.353125 0.810417 0.354687 0.808333 0.354687 0.807292 0.356250 0.807292 0.357031 0.807292 0.357812 0.806250
0 0.735156 0.807292 0.736719 0.807292 0.737500 0.807292 0.739062 0.809375 0.739844 0.810417 0.739062 0.811458 0.739062 0.812500 0.738281 0.813542 0.737500 0.814583 0.736719 0.814583 0.735938 0.814583 0.735156 0.813542 0.734375 0.813542 0.734375 0.810417 0.734375 0.809375 0.735156 0.808333 0.735156 0.807292
0 0.629687 0.808333 0.630469 0.809375 0.634375 0.809375 0.635156 0.809375 0.635156 0.813542 0.635938 0.814583 0.635156 0.815625 0.635156 0.818750 0.634375 0.819792 0.632812 0.819792 0.632031 0.819792 0.631250 0.820833 0.630469 0.820833 0.629687 0.820833 0.629687 0.819792 0.629687 0.818750 0.628906 0.817708 0.628906 0.816667 0.628906 0.815625 0.628125 0.814583 0.627344 0.814583 0.626563 0.813542 0.627344 0.812500 0.627344 0.811458 0.627344 0.810417 0.628125 0.809375 0.628906 0.809375 0.629687 0.808333
0 0.292187 0.809375 0.292969 0.810417 0.293750 0.810417 0.294531 0.811458 0.295312 0.811458 0.295312 0.812500 0.295312 0.813542 0.294531 0.814583 0.293750 0.815625 0.292969 0.815625 0.292187 0.815625 0.291406 0.814583 0.290625 0.814583 0.290625 0.811458 0.290625 0.810417 0.291406 0.810417 0.292187 0.809375
0 0.661719 0.809375 0.662500 0.810417 0.662500 0.811458 0.660937 0.813542 0.660156 0.814583 0.658594 0.814583 0.657813 0.814583 0.657031 0.815625 0.657031 0.816667 0.656250 0.817708 0.655469 0.817708 0.654687 0.818750 0.653906 0.817708 0.653906 0.811458 0.653906 0.810417 0.660156 0.810417 0.660937 0.810417 0.661719 0.809375
0 0.207031 0.811458 0.208594 0.811458 0.209375 0.811458 0.210938 0.813542 0.210938 0.814583 0.210156 0.815625 0.209375 0.815625 0.208594 0.816667 0.207813 0.816667 0.207031 0.815625 0.206250 0.815625 0.206250 0.813542 0.206250 0.812500 0.207031 0.811458
0 0.791406 0.811458 0.792188 0.812500 0.792969 0.812500 0.792969 0.820833 0.792969 0.821875 0.792188 0.822917 0.787500 0.822917 0.786719 0.822917 0.786719 0.820833 0.786719 0.819792 0.787500 0.818750 0.789062 0.818750 0.789844 0.817708 0.789844 0.814583 0.789844 0.813542 0.791406 0.811458
0 0.775781 0.812500 0.778125 0.812500 0.778906 0.812500 0.779687 0.813542 0.779687 0.815625 0.780469 0.816667 0.779687 0.817708 0.779687 0.825000 0.779687 0.826042 0.780469 0.827083 0.780469 0.832292 0.779687 0.833333 0.778125 0.833333 0.777344 0.833333 0.777344 0.832292 0.776563 0.831250 0.776563 0.830208 0.775781 0.829167 0.775000 0.828125 0.773271 0.824745 0.771792 0.828958 0.770312 0.829167 0.769531 0.829167 0.768750 0.828125 0.768750 0.827083 0.767969 0.826042 0.767969 0.821875 0.767188 0.820833 0.767969 0.819792 0.768750 0.819792 0.769531 0.818750 0.769531 0.816667 0.769531 0.815625 0.773438 0.815625 0.774219 0.815625 0.775000 0.814583 0.775000 0.813542 0.775781 0.812500
0 0.955469 0.812500 0.956250 0.813542 0.957031 0.813542 0.957812 0.814583 0.958594 0.814583 0.958594 0.815625 0.957812 0.816667 0.957812 0.817708 0.956250 0.819792 0.955469 0.820833 0.953906 0.820833 0.953125 0.820833 0.952344 0.819792 0.951562 0.818750 0.951562 0.816667 0.951562 0.815625 0.952344 0.814583 0.952344 0.813542 0.953906 0.813542 0.954688 0.813542 0.955469 0.812500
0 0.375781 0.814583 0.376563 0.815625 0.377344 0.816667 0.378125 0.816667 0.378906 0.817708 0.378847 0.819512 0.376413 0.822517 0.375090 0.822597 0.368750 0.821875 0.367969 0.820833 0.367969 0.819792 0.367969 0.818750 0.367188 0.817708 0.367969 0.816667 0.371875 0.816667 0.372656 0.816667 0.373437 0.815625 0.374219 0.815625 0.375000 0.815625 0.375781 0.814583
0 0.578906 0.815625 0.580469 0.817708 0.581250 0.817708 0.581250 0.819792 0.582031 0.820833 0.581250 0.820833 0.580469 0.821875 0.580469 0.822917 0.579688 0.823958 0.578906 0.823958 0.578906 0.820833 0.578125 0.819792 0.578125 0.817708 0.578125 0.816667 0.578906 0.815625
0 0.712500 0.817708 0.715625 0.817708 0.715625 0.818750 0.714844 0.819792 0.714063 0.820833 0.713281 0.820833 0.712500 0.820833 0.712500 0.819792 0.711719 0.818750 0.712500 0.817708
0 0.903906 0.817708 0.905469 0.817708 0.906250 0.817708 0.907031 0.818750 0.907031 0.819792 0.907031 0.820833 0.906250 0.821875 0.905469 0.821875 0.904687 0.821875 0.904687 0.820833 0.903906 0.819792 0.903906 0.817708
0 0.387500 0.818750 0.389364 0.818709 0.392759 0.819190 0.392188 0.821716 0.389694 0.824920 0.388281 0.823958 0.387500 0.822917 0.386719 0.821875 0.386719 0.820833 0.386719 0.819792 0.387500 0.818750
0 0.475781 0.818750 0.477344 0.818750 0.478125 0.818750 0.478125 0.819792 0.479687 0.821875 0.480469 0.821875 0.480469 0.822917 0.481250 0.823958 0.482031 0.823958 0.482031 0.825000 0.482812 0.826042 0.482031 0.826042 0.480469 0.828125 0.479687 0.829167 0.478906 0.829167 0.478125 0.828125 0.477344 0.827083 0.475000 0.827083 0.474219 0.827083 0.474219 0.826042 0.473438 0.825000 0.473438 0.820833 0.473438 0.819792 0.474219 0.819792 0.475000 0.819792 0.475781 0.818750
0 0.757812 0.820833 0.759375 0.820833 0.760156 0.820833 0.760928 0.822015 0.760634 0.826029 0.759375 0.826042 0.758594 0.826042 0.757812 0.826042 0.756931 0.822966 0.757031 0.821875 0.757812 0.820833
0 0.056250 0.821875 0.057031 0.821875 0.057813 0.821875 0.057813 0.823958 0.057031 0.825000 0.057031 0.828125 0.057031 0.829167 0.057813 0.830208 0.058594 0.831250 0.060156 0.831250 0.060156 0.832292 0.059375 0.833333 0.059375 0.834375 0.058594 0.835417 0.057813 0.836458 0.057031 0.836458 0.056250 0.836458 0.055469 0.837500 0.054688 0.838542 0.052344 0.838542 0.051562 0.839583 0.050781 0.838542 0.050000 0.838542 0.050000 0.837500 0.049219 0.836458 0.049219 0.835417 0.048438 0.834375 0.049219 0.833333 0.049219 0.832292 0.050000 0.832292 0.050781 0.831250 0.051562 0.831250 0.052344 0.830208 0.052344 0.827083 0.052344 0.826042 0.053125 0.825000 0.053125 0.823958 0.053906 0.822917 0.054688 0.822917 0.055469 0.822917 0.056250 0.821875
0 0.212500 0.821875 0.214844 0.821875 0.215625 0.822917 0.215625 0.823958 0.215625 0.825000 0.214844 0.826042 0.214844 0.827083 0.214062 0.828125 0.213281 0.828125 0.212500 0.827083 0.212500 0.826042 0.211719 0.825000 0.211719 0.823958 0.211719 0.822917 0.212500 0.821875
0 0.553125 0.823958 0.553906 0.825000 0.554688 0.825000 0.555469 0.825000 0.555469 0.826042 0.555469 0.827083 0.553906 0.829167 0.553125 0.830208 0.552344 0.829167 0.551562 0.828125 0.551562 0.827083 0.550781 0.826042 0.551562 0.825000 0.552344 0.825000 0.553125 0.823958
0 0.655469 0.823958 0.657813 0.823958 0.658594 0.823958 0.659375 0.825000 0.660156 0.826042 0.660937 0.826042 0.661719 0.826042 0.661719 0.827083 0.661719 0.828125 0.660156 0.830208 0.660156 0.831250 0.659375 0.832292 0.658594 0.832292 0.657813 0.831250 0.657031 0.830208 0.655469 0.830208 0.654687 0.830208 0.653125 0.832292 0.652344 0.833333 0.650000 0.833333 0.649219 0.833333 0.649219 0.832292 0.649219 0.831250 0.650000 0.831250 0.651563 0.829167 0.651563 0.828125 0.653125 0.826042 0.653906 0.825000 0.654687 0.825000 0.655469 0.823958
0 0.843750 0.827083 0.846094 0.827083 0.846875 0.828125 0.845313 0.830208 0.844531 0.831250 0.843750 0.831250 0.842969 0.831250 0.842969 0.829167 0.842969 0.828125 0.843750 0.827083
0 0.860938 0.827083 0.864062 0.827083 0.864844 0.827083 0.864062 0.828125 0.863281 0.829167 0.863281 0.831250 0.862500 0.832292 0.861719 0.832292 0.860938 0.831250 0.860938 0.827083
0 0.433594 0.828125 0.434375 0.829167 0.438281 0.829167 0.439063 0.829167 0.438281 0.830208 0.438281 0.834375 0.439063 0.835417 0.439063 0.841667 0.439063 0.842708 0.439844 0.843750 0.442188 0.843750 0.442969 0.844792 0.442969 0.847917 0.442969 0.848958 0.442188 0.850000 0.442188 0.851042 0.440625 0.853125 0.439844 0.854167 0.439063 0.854167 0.439063 0.853125 0.438281 0.852083 0.437500 0.851042 0.437500 0.848958 0.437500 0.847917 0.436719 0.846875 0.435937 0.846875 0.435156 0.846875 0.435156 0.844792 0.435156 0.843750 0.434375 0.842708 0.434375 0.841667 0.432812 0.839583 0.432031 0.839583 0.431250 0.838542 0.431250 0.837500 0.430469 0.836458 0.431250 0.835417 0.431250 0.831250 0.431250 0.830208 0.432031 0.830208 0.433594 0.828125
0 0.105469 0.830208 0.106250 0.830208 0.107031 0.830208 0.107813 0.831250 0.108594 0.831250 0.108594 0.833333 0.108594 0.834375 0.107031 0.836458 0.106250 0.837500 0.105469 0.836458 0.105469 0.835417 0.104688 0.834375 0.104688 0.832292 0.104688 0.831250 0.105469 0.830208
0 0.545312 0.833333 0.547656 0.833333 0.548438 0.833333 0.548438 0.834375 0.548438 0.835417 0.547656 0.836458 0.546094 0.836458 0.545312 0.836458 0.545312 0.833333
0 0.327344 0.834375 0.329688 0.834375 0.330469 0.834375 0.328906 0.836458 0.328125 0.837500 0.327344 0.837500 0.326562 0.837500 0.326562 0.836458 0.326562 0.835417 0.327344 0.834375
0 0.305469 0.835417 0.307031 0.835417 0.307812 0.835417 0.307031 0.835417 0.306250 0.836458 0.306250 0.839583 0.306250 0.840625 0.307031 0.841667 0.307812 0.841667 0.308594 0.841667 0.307812 0.842708 0.307812 0.844792 0.307812 0.845833 0.306250 0.847917 0.305469 0.848958 0.304688 0.848958 0.303906 0.850000 0.303125 0.851042 0.302344 0.850000 0.303125 0.848958 0.303125 0.843750 0.303125 0.842708 0.305469 0.842708 0.306250 0.841667 0.306250 0.837500 0.306250 0.836458 0.305469 0.835417
0 0.392969 0.835417 0.396875 0.835417 0.397656 0.835417 0.397656 0.840625 0.397656 0.841667 0.398438 0.842708 0.398438 0.843750 0.397656 0.844792 0.396875 0.844792 0.396094 0.843750 0.395313 0.843750 0.394531 0.842708 0.393750 0.841667 0.392969 0.841667 0.392188 0.840625 0.392188 0.837500 0.392188 0.836458 0.392969 0.835417
0 0.157812 0.836458 0.158594 0.837500 0.159375 0.838542 0.160156 0.838542 0.160938 0.838542 0.160938 0.840625 0.161719 0.841667 0.164844 0.841667 0.165625 0.841667 0.165625 0.842708 0.166406 0.843750 0.167187 0.844792 0.167969 0.844792 0.168750 0.845833 0.168750 0.846875 0.167969 0.847917 0.167187 0.847917 0.166406 0.848958 0.165625 0.848958 0.164844 0.848958 0.162500 0.852083 0.161719 0.853125 0.160938 0.853125 0.160156 0.852083 0.159375 0.852083 0.158594 0.851042 0.158594 0.850000 0.158594 0.848958 0.157812 0.847917 0.156250 0.847917 0.155469 0.846875 0.155469 0.840625 0.155469 0.839583 0.157812 0.836458
0 0.817969 0.840625 0.818750 0.840625 0.819531 0.840625 0.819531 0.841667 0.819531 0.842708 0.821094 0.844792 0.821875 0.845833 0.821875 0.846875 0.821094 0.847917 0.820312 0.847917 0.819531 0.847917 0.818750 0.846875 0.817187 0.846875 0.816406 0.845833 0.816406 0.842708 0.816406 0.841667 0.817187 0.841667 0.817969 0.840625
0 0.070312 0.841667 0.071094 0.842708 0.071875 0.842708 0.071875 0.844792 0.071875 0.845833 0.071094 0.846875 0.070312 0.846875 0.068750 0.848958 0.067969 0.848958 0.066406 0.851042 0.065625 0.851042 0.063281 0.854167 0.062500 0.855208 0.061719 0.855208 0.060937 0.854167 0.060156 0.854167 0.059375 0.854167 0.058594 0.853125 0.057813 0.853125 0.057031 0.852083 0.057813 0.851042 0.057813 0.845833 0.058594 0.844792 0.060156 0.844792 0.060937 0.843750 0.064844 0.843750 0.065625 0.842708 0.068750 0.842708 0.069531 0.842708 0.070312 0.841667
0 0.421875 0.846875 0.422656 0.846875 0.423438 0.846875 0.424219 0.847917 0.424219 0.850000 0.423438 0.851042 0.421875 0.851042 0.421094 0.850000 0.421094 0.848958 0.421094 0.847917 0.421875 0.846875
0 0.634375 0.850000 0.640625 0.850000 0.641406 0.850000 0.642188 0.851042 0.642188 0.852083 0.642188 0.853125 0.644531 0.856250 0.645312 0.856250 0.645312 0.857292 0.644531 0.858333 0.643750 0.858333 0.642969 0.859375 0.642969 0.860417 0.642969 0.861458 0.642188 0.862500 0.641406 0.862500 0.640625 0.863542 0.640625 0.864583 0.639844 0.865625 0.639062 0.865625 0.639062 0.864583 0.638281 0.863542 0.636719 0.863542 0.635938 0.863542 0.635156 0.864583 0.634375 0.865625 0.632812 0.865625 0.632031 0.865625 0.632031 0.864583 0.631250 0.863542 0.631250 0.862500 0.630469 0.861458 0.631250 0.860417 0.632812 0.860417 0.633594 0.859375 0.633594 0.852083 0.633594 0.851042 0.634375 0.850000
0 0.381490 0.850440 0.387170 0.850080 0.387500 0.852083 0.388793 0.853847 0.387440 0.858694 0.385937 0.859375 0.385156 0.859375 0.384375 0.858333 0.384375 0.855208 0.384375 0.854167 0.383594 0.853125 0.382812 0.853125 0.382812 0.852083 0.382031 0.851042
0 0.717187 0.851042 0.720313 0.851042 0.720313 0.852083 0.720355 0.854101 0.718750 0.854167 0.718792 0.856149 0.717096 0.856184 0.717187 0.851042
0 0.189062 0.852083 0.191406 0.852083 0.192188 0.852083 0.192188 0.853125 0.191406 0.854167 0.191406 0.855208 0.190625 0.856250 0.189844 0.856250 0.189062 0.856250 0.189062 0.852083
0 0.287500 0.854167 0.288281 0.855208 0.289062 0.855208 0.289062 0.856250 0.289062 0.857292 0.288281 0.858333 0.288281 0.859375 0.287500 0.858333 0.286719 0.858333 0.285938 0.857292 0.285938 0.856250 0.285938 0.855208 0.286719 0.855208 0.287500 0.854167
0 0.308594 0.855208 0.310937 0.855208 0.311719 0.856250 0.311719 0.857292 0.311719 0.858333 0.312500 0.859375 0.313281 0.860417 0.313281 0.861458 0.313281 0.862500 0.314063 0.863542 0.314063 0.864583 0.313281 0.865625 0.312500 0.865625 0.311719 0.865625 0.311719 0.864583 0.311719 0.863542 0.310937 0.862500 0.310156 0.861458 0.309375 0.861458 0.308594 0.860417 0.307812 0.860417 0.307812 0.857292 0.307812 0.856250 0.308594 0.855208
0 0.553125 0.855208 0.555469 0.858333 0.556250 0.858333 0.556250 0.859375 0.556250 0.860417 0.557031 0.861458 0.557813 0.861458 0.558594 0.861458 0.558594 0.863542 0.559375 0.864583 0.560937 0.864583 0.561719 0.864583 0.562500 0.863542 0.562500 0.862500 0.563281 0.862500 0.564063 0.862500 0.563281 0.862500 0.562500 0.863542 0.563281 0.864583 0.562500 0.865625 0.553125 0.865625 0.552344 0.865625 0.552344 0.862500 0.552344 0.861458 0.551562 0.860417 0.550781 0.859375 0.551562 0.858333 0.552344 0.857292 0.552344 0.856250 0.553125 0.855208
0 0.370312 0.857292 0.371875 0.857292 0.372656 0.857292 0.373437 0.858333 0.374219 0.859375 0.374219 0.860417 0.374219 0.861458 0.373437 0.862500 0.372656 0.862500 0.371875 0.863542 0.371094 0.862500 0.370312 0.862500 0.369531 0.861458 0.369531 0.859375 0.369531 0.858333 0.370312 0.857292
0 0.170313 0.859375 0.171094 0.860417 0.172656 0.860417 0.173437 0.861458 0.171875 0.863542 0.171094 0.863542 0.170313 0.862500 0.170313 0.859375
0 0.719531 0.859375 0.720313 0.859375 0.721094 0.859375 0.722656 0.861458 0.723437 0.862500 0.723522 0.863843 0.722656 0.864583 0.722703 0.866428 0.718665 0.866529 0.718750 0.865625 0.718750 0.864583 0.717969 0.863542 0.717969 0.861458 0.717969 0.860417 0.718750 0.860417 0.719531 0.859375
0 0.464062 0.860417 0.466406 0.863542 0.466406 0.864583 0.465625 0.865625 0.462500 0.865625 0.461719 0.865625 0.461719 0.863542 0.461719 0.862500 0.462500 0.862500 0.464062 0.860417
0 0.728147 0.861585 0.732031 0.861458 0.732812 0.862500 0.733030 0.863686 0.732980 0.864722 0.732031 0.864583 0.731376 0.866511 0.728138 0.866679 0.728147 0.864276 0.728242 0.862597
0 0.747656 0.863542 0.750781 0.863542 0.751563 0.863542 0.753830 0.863571 0.755393 0.864583 0.755804 0.866426 0.748257 0.866764 0.745136 0.866721 0.746875 0.864583 0.747656 0.863542
0 0.004510 0.242477 0.004620 0.243713 0.004510 0.244877 0.004674 0.245458 0.005056 0.245968 0.006256 0.246695 0.007020 0.246258 0.007183 0.245677 0.007510 0.245386 0.008383 0.245386 0.009038 0.244804 0.009201 0.244222 0.008929 0.243640 0.008438 0.243640 0.008001 0.243349 0.007892 0.241895 0.007510 0.241604 0.006092 0.241604 0.005656 0.241822 0.005220 0.242695
0 0.023606 0.271214 0.023466 0.270536 0.022955 0.269986 0.022214 0.267824 0.021839 0.267324 0.021331 0.267136 0.020823 0.267324 0.020448 0.267824 0.020307 0.268501 0.020429 0.269296 0.020119 0.269410 0.019744 0.269910 0.019603 0.270587 0.019744 0.271264 0.020119 0.271764 0.020783 0.271952 0.021292 0.271764 0.021606 0.272182 0.022505 0.272578 0.023091 0.272391 0.023466 0.271891
0 0.032115 0.298842 0.030808 0.301116 0.029901 0.301392 0.029302 0.301392 0.028595 0.301116 0.028220 0.300616 0.028079 0.299141 0.028220 0.298464 0.028595 0.297964 0.029103 0.297776 0.029677 0.297964 0.029884 0.298240 0.030724 0.296899 0.031232 0.296711 0.031740 0.296899 0.032115 0.297399 0.032255 0.298165
0 0.049224 0.332945 0.049224 0.331639 0.049089 0.331459 0.048708 0.331431 0.047345 0.331876 0.046799 0.331832 0.046645 0.334453 0.046785 0.335130 0.047160 0.335630 0.047668 0.335818 0.048243 0.335630 0.048618 0.335130 0.049083 0.333622
0 0.026741 0.352421 0.026600 0.351259 0.026144 0.350651 0.025515 0.350463 0.024927 0.350705 0.024390 0.351367 0.023966 0.353067 0.024107 0.353852 0.024482 0.354352 0.025394 0.354594 0.025983 0.354352 0.026439 0.353745 0.026700 0.352690
0 0.048485 0.348350 0.047710 0.349383 0.047178 0.349737 0.046712 0.350359 0.046204 0.350546 0.045696 0.350359 0.045321 0.349859 0.045181 0.349093 0.045321 0.348416 0.047094 0.346407 0.047602 0.346220 0.048110 0.346407 0.048485 0.346907 0.048625 0.347673
0 0.030757 0.385948 0.030671 0.385531 0.030437 0.385219 0.028615 0.385104 0.028302 0.385219 0.028068 0.385531 0.027982 0.385948 0.028062 0.386396 0.027566 0.386489 0.027331 0.386801 0.027245 0.387242 0.027349 0.388162 0.027584 0.388474 0.028399 0.388637 0.029017 0.388330 0.029359 0.387898 0.029537 0.387365 0.030671 0.386365
0 0.014818 0.425751 0.014583 0.426063 0.014271 0.426178 0.011938 0.425905 0.011704 0.425592 0.011618 0.425176 0.011659 0.423948 0.010991 0.423057 0.010905 0.422482 0.010991 0.422065 0.011225 0.421753 0.011537 0.421638 0.011850 0.421753 0.012583 0.422760 0.013633 0.423258 0.014818 0.424918 0.014904 0.425334
0 0.181025 0.236995 0.180885 0.229241 0.180002 0.228553 0.179119 0.229241 0.179119 0.237672 0.180002 0.238359 0.180885 0.237672
0 0.172225 0.245121 0.171342 0.245808 0.169717 0.244690 0.168600 0.244503 0.166365 0.242641 0.165291 0.240719 0.165806 0.239542 0.166822 0.239542 0.169057 0.241777 0.171571 0.242894 0.172366 0.244444
0 0.154068 0.256294 0.153185 0.256982 0.150392 0.256982 0.149326 0.256422 0.148531 0.254872 0.149046 0.253695 0.152068 0.253507 0.153693 0.254440 0.154209 0.255617
0 0.150158 0.274172 0.149275 0.274859 0.146761 0.274859 0.146253 0.274672 0.145737 0.273494 0.145878 0.272817 0.146761 0.272130 0.149783 0.272317 0.150298 0.273494
0 0.182990 0.418496 0.182855 0.419337 0.182480 0.419837 0.181972 0.420024 0.181509 0.419891 0.180839 0.420024 0.180331 0.419837 0.179956 0.419337 0.179712 0.417698 0.179853 0.417021 0.180228 0.416521 0.181045 0.416333 0.181628 0.416621 0.182583 0.416796 0.182958 0.417296 0.183099 0.417973
0 0.186771 0.414528 0.186190 0.415440 0.185682 0.415627 0.184961 0.415627 0.184453 0.415440 0.184078 0.414940 0.183938 0.413929 0.183666 0.413566 0.183319 0.412339 0.183460 0.411662 0.183835 0.411162 0.184343 0.410975 0.185262 0.411162 0.186190 0.411849 0.186565 0.412349 0.186912 0.413851
0 0.175473 0.438446 0.175229 0.437494 0.174854 0.436994 0.174346 0.436806 0.173426 0.437131 0.173181 0.437458 0.171976 0.437219 0.171468 0.437406 0.170887 0.438043 0.170784 0.438456 0.170269 0.439280 0.169922 0.440919 0.170166 0.441871 0.170541 0.442371 0.171049 0.442558 0.171687 0.442437 0.172087 0.443058 0.172595 0.443245 0.173102 0.443058 0.173477 0.442558 0.175332 0.439123
0 0.185844 0.438161 0.185510 0.438743 0.185328 0.439535 0.184953 0.440035 0.184446 0.440223 0.184211 0.440136 0.183106 0.440360 0.182598 0.440172 0.182223 0.439672 0.182082 0.438995 0.182223 0.438318 0.182738 0.437631 0.183238 0.436552 0.183357 0.435982 0.183732 0.435482 0.184239 0.435295 0.185366 0.435482 0.185741 0.435982 0.185984 0.437484
0 0.117973 0.501466 0.117598 0.501966 0.116214 0.502349 0.114899 0.502349 0.114391 0.502161 0.113578 0.500882 0.113438 0.499621 0.113578 0.498944 0.113953 0.498444 0.114461 0.498256 0.115563 0.498452 0.115623 0.498165 0.115998 0.497665 0.116506 0.497477 0.117160 0.497665 0.117535 0.498165 0.117827 0.498944 0.118113 0.500789
0 0.127466 0.502051 0.127091 0.502551 0.126720 0.502688 0.126590 0.503414 0.126215 0.503914 0.125707 0.504101 0.125123 0.504101 0.123739 0.503524 0.123364 0.503024 0.123223 0.502347 0.123364 0.501670 0.123941 0.501096 0.124469 0.500197 0.125707 0.499814 0.126583 0.499814 0.127091 0.500002 0.127466 0.500502 0.127607 0.501374
0 0.155069 0.519771 0.154777 0.520550 0.153964 0.521440 0.153164 0.521822 0.152726 0.521822 0.152218 0.521634 0.151843 0.521134 0.151754 0.520705 0.151259 0.520161 0.151118 0.519484 0.151259 0.518807 0.152948 0.516554 0.153386 0.516164 0.153894 0.515977 0.154548 0.516164 0.154923 0.516664 0.155210 0.517731 0.155210 0.519094
0 0.173028 0.511500 0.172887 0.510823 0.172512 0.510323 0.172004 0.510135 0.171574 0.510240 0.171344 0.509933 0.170690 0.509746 0.169890 0.510128 0.169223 0.511017 0.169082 0.511694 0.169161 0.512073 0.168936 0.512863 0.169077 0.513540 0.169452 0.514040 0.169960 0.514227 0.170467 0.514040 0.170912 0.513642 0.171274 0.513535 0.171566 0.513643 0.172074 0.513456 0.172887 0.512177
0 0.186464 0.497479 0.186324 0.496802 0.185949 0.496302 0.185239 0.496135 0.184926 0.495718 0.184418 0.495530 0.183911 0.495718 0.183097 0.496607 0.182811 0.497674 0.182951 0.498351 0.183490 0.498911 0.184057 0.499824 0.184565 0.500012 0.185218 0.499824 0.186324 0.498156
0 0.156968 0.436037 0.156009 0.437121 0.155008 0.437577 0.154923 0.437984 0.154548 0.438484 0.153164 0.439061 0.152364 0.438873 0.151989 0.438373 0.151849 0.437696 0.151989 0.437019 0.152656 0.436130 0.154360 0.435026 0.154701 0.434572 0.155285 0.434183 0.155793 0.433995 0.156593 0.434183 0.156968 0.434683 0.157108 0.435360
0 0.182157 0.545172 0.182016 0.543932 0.181219 0.543009 0.180500 0.542681 0.179760 0.542681 0.179253 0.542868 0.178561 0.543932 0.178420 0.544609 0.178420 0.545876 0.178561 0.546553 0.178936 0.547053 0.179444 0.547241 0.180057 0.547053 0.180445 0.546536 0.181133 0.546537 0.181641 0.546349 0.182016 0.545849
0 0.232170 0.622717 0.231795 0.623217 0.231287 0.623405 0.229849 0.623404 0.228997 0.623744 0.228233 0.623744 0.227725 0.623557 0.227350 0.623057 0.227264 0.622641 0.226706 0.622896 0.226198 0.622708 0.225823 0.622208 0.225682 0.621531 0.225950 0.620515 0.227471 0.618657 0.228615 0.618470 0.229123 0.618657 0.229498 0.619157 0.229587 0.619588 0.230269 0.619488 0.230777 0.619675 0.231152 0.620175 0.231221 0.620507 0.231795 0.620694 0.232170 0.621194 0.232311 0.622040
0 0.338572 0.747223 0.338387 0.748702 0.336765 0.749636 0.335328 0.748209 0.334448 0.746300 0.334963 0.745123 0.336395 0.744442 0.338197 0.745369 0.338713 0.746546
0 0.976803 0.029817 0.976276 0.030218 0.975450 0.030519 0.973570 0.030719 0.972744 0.030318 0.972443 0.029917 0.972518 0.029316 0.973119 0.028414 0.973270 0.027813 0.974021 0.027412 0.974247 0.026911 0.974623 0.026710 0.976577 0.026811 0.976953 0.027011 0.976953 0.028815
0 0.419531 0.026042 0.421875 0.028125 0.422656 0.028125 0.425781 0.033333 0.426563 0.034375 0.427344 0.039583 0.427344 0.040625 0.425781 0.045833 0.425000 0.046875 0.415625 0.044792 0.414844 0.044792 0.414844 0.040625 0.414844 0.039583 0.415939 0.038123 0.416834 0.038167 0.418565 0.037804 0.420209 0.037027 0.418966 0.032075 0.419223 0.029333 0.419531 0.026042
0 0.391406 0.034375 0.396094 0.035417 0.396875 0.036458 0.396094 0.044792 0.395313 0.045833 0.390625 0.044792 0.389844 0.043750 0.389844 0.037500 0.389844 0.036458 0.391406 0.034375
0 0.407813 0.039583 0.411719 0.039583 0.412500 0.040625 0.412500 0.050000 0.412500 0.051042 0.408594 0.051042 0.407813 0.050000 0.407813 0.039583
0 0.399219 0.055208 0.403044 0.057961 0.403906 0.060417 0.404200 0.062519 0.402093 0.063473 0.396463 0.063226 0.395151 0.061812 0.395549 0.060171 0.396875 0.058333 0.399219 0.055208
0 0.422656 0.096875 0.434375 0.096875 0.435156 0.096875 0.436719 0.098958 0.437500 0.100000 0.437500 0.102083 0.437500 0.103125 0.433594 0.110417 0.432812 0.111458 0.434375 0.121875 0.435156 0.122917 0.434375 0.126042 0.434375 0.127083 0.428906 0.128125 0.428125 0.128125 0.425000 0.132292 0.424219 0.133333 0.417969 0.129167 0.417187 0.129167 0.414844 0.125000 0.414844 0.123958 0.410156 0.118750 0.409375 0.117708 0.410156 0.107292 0.410156 0.106250 0.411719 0.104167 0.412500 0.103125 0.422656 0.096875
0 0.403451 0.099831 0.407813 0.100000 0.408594 0.101042 0.408743 0.105646 0.408592 0.107157 0.405922 0.107998 0.404839 0.107563 0.399245 0.108331 0.399219 0.105208 0.399219 0.102083 0.399219 0.101042 0.401589 0.099697
0 0.395494 0.109327 0.393664 0.110098 0.390968 0.109969 0.389524 0.110611 0.388368 0.110611 0.387309 0.109969 0.386250 0.109841 0.385961 0.109199 0.385864 0.107786 0.385479 0.107658 0.384516 0.107786 0.384131 0.108172 0.382975 0.108814 0.382398 0.108814 0.382012 0.108428 0.381242 0.106888 0.380472 0.106502 0.379990 0.106502 0.378546 0.104962 0.378353 0.104448 0.378353 0.103806 0.378546 0.103293 0.379316 0.102522 0.379701 0.102265 0.383842 0.102265 0.384612 0.101752 0.385768 0.101752 0.386538 0.103549 0.386827 0.104705 0.387309 0.105090 0.387309 0.105732 0.387694 0.105475 0.387694 0.104833 0.386827 0.103293 0.387116 0.102907 0.390968 0.101623 0.393568 0.101623 0.393953 0.101752 0.395301 0.103036 0.395398 0.105732 0.395879 0.105989 0.396746 0.106117 0.396650 0.106631 0.396746 0.108428 0.396361 0.108685
0 0.877779 0.511373 0.876300 0.511449 0.875902 0.511297 0.875560 0.510994 0.875105 0.510007 0.874024 0.508945 0.873569 0.508793 0.872317 0.507731 0.872260 0.507200 0.872772 0.506290 0.874252 0.504772 0.875503 0.502269 0.875845 0.501282 0.877324 0.499841 0.878974 0.500220 0.880511 0.501434 0.881649 0.505000 0.882047 0.505000 0.882388 0.505455 0.882787 0.507276 0.882616 0.507959 0.882331 0.508414 0.881478 0.509324 0.879145 0.510387 0.877324 0.511600
0 0.945055 0.528215 0.944296 0.528468 0.943443 0.528342 0.943158 0.527330 0.942874 0.526951 0.942494 0.526825 0.942400 0.526192 0.942494 0.523411 0.942874 0.522273 0.943538 0.521387 0.944581 0.520376 0.944960 0.520249 0.946003 0.520376 0.947141 0.520882 0.948185 0.522146 0.947805 0.523284 0.947521 0.523663 0.946857 0.526825 0.945624 0.527204
0 0.797865 0.521166 0.796945 0.520831 0.796192 0.520162 0.796024 0.518935 0.795941 0.515366 0.796108 0.514696 0.797530 0.512242 0.798869 0.511462 0.799622 0.511685 0.800124 0.512131 0.800458 0.512689 0.800960 0.514027 0.801462 0.516035 0.801462 0.517708 0.801211 0.518266 0.798701 0.521054
0 0.628906 0.410417 0.632812 0.412500 0.633594 0.412500 0.638281 0.419792 0.639062 0.420833 0.640625 0.426042 0.641406 0.427083 0.640625 0.429167 0.640625 0.430208 0.633594 0.435417 0.632812 0.435417 0.624219 0.448958 0.623437 0.450000 0.615625 0.452083 0.614844 0.452083 0.612500 0.450000 0.611719 0.448958 0.608594 0.448958 0.607812 0.448958 0.607031 0.447917 0.606250 0.446875 0.607031 0.434375 0.607031 0.433333 0.610938 0.427083 0.611719 0.426042 0.614844 0.417708 0.614844 0.416667 0.617969 0.413542 0.618750 0.412500 0.628906 0.410417
0 0.621094 0.451042 0.625000 0.452083 0.625781 0.452083 0.626563 0.457292 0.626563 0.458333 0.624219 0.462500 0.623437 0.463542 0.618750 0.463542 0.617969 0.463542 0.617188 0.462500 0.616406 0.461458 0.615625 0.456250 0.615625 0.455208 0.617188 0.453125 0.617969 0.452083 0.621094 0.451042
0 0.393581 0.315527 0.392220 0.315527 0.389346 0.313712 0.388893 0.313611 0.388666 0.313107 0.388288 0.310888 0.388288 0.310283 0.388666 0.309981 0.388893 0.309477 0.389195 0.308569 0.389346 0.307057 0.389649 0.306653 0.391464 0.306553 0.392523 0.308065 0.394035 0.308973 0.395094 0.310787 0.395850 0.311393 0.396077 0.311998 0.396077 0.312703 0.395850 0.313409 0.394943 0.314821 0.394186 0.315224
0 0.415890 0.314922 0.415361 0.314518 0.414378 0.313006 0.414000 0.311897 0.414075 0.309678 0.414529 0.307158 0.415437 0.305141 0.415739 0.304738 0.417176 0.304233 0.417554 0.303931 0.418008 0.303931 0.418083 0.304536 0.417857 0.306553 0.419293 0.306855 0.420957 0.307964 0.421260 0.308569 0.421411 0.309174 0.421335 0.311796 0.421184 0.312300 0.420806 0.312703 0.418991 0.313409 0.418537 0.313712 0.417478 0.314922 0.415134 0.314922
0 0.474821 0.348536 0.473214 0.348433 0.472525 0.347719 0.471606 0.345882 0.470764 0.344759 0.468850 0.340982 0.468467 0.340676 0.467931 0.338328 0.468161 0.337716 0.470152 0.336593 0.471683 0.335062 0.473137 0.334143 0.474439 0.333020 0.475434 0.332816 0.477730 0.331591 0.478955 0.332204 0.479338 0.332714 0.479721 0.332918 0.480257 0.333122 0.481175 0.333122 0.481252 0.333735 0.481099 0.336593 0.480869 0.337205 0.480104 0.338022 0.479491 0.339247 0.479185 0.341084 0.478879 0.341595 0.478649 0.342819 0.478419 0.343330 0.478419 0.343942 0.477424 0.345167 0.475893 0.346596 0.475434 0.347617 0.474056 0.349148
0 0.479721 0.350475 0.478573 0.350475 0.478113 0.350271 0.477730 0.349863 0.477577 0.349352 0.476812 0.348944 0.476659 0.347719 0.476429 0.347209 0.476506 0.346596 0.478113 0.345473 0.478879 0.344657 0.479874 0.344146 0.481864 0.344146 0.482324 0.344351 0.483319 0.345780 0.483702 0.346800 0.483625 0.348025 0.482860 0.348944 0.481941 0.349658 0.480486 0.350169
0 0.470075 0.332306 0.469003 0.332408 0.468697 0.332000 0.468774 0.330673 0.469539 0.329958 0.469845 0.329448 0.469845 0.328733 0.470381 0.326896 0.471376 0.326386 0.471836 0.326386 0.472219 0.327202 0.473750 0.328223 0.474056 0.328631 0.474592 0.329652 0.474592 0.330877 0.474439 0.331387 0.473367 0.332714 0.470917 0.332714
0 0.491813 0.414433 0.490418 0.414226 0.489953 0.414226 0.489565 0.414433 0.489100 0.413090 0.489100 0.411850 0.488868 0.411230 0.488480 0.410713 0.486853 0.410713 0.486388 0.410506 0.486000 0.410093 0.485458 0.408750 0.484838 0.407613 0.484373 0.407200 0.484140 0.406683 0.484063 0.405443 0.484218 0.404823 0.485148 0.404100 0.486388 0.403583 0.488015 0.403170 0.489488 0.403067 0.490340 0.403480 0.490728 0.404203 0.491270 0.407200 0.491580 0.407613 0.492045 0.407717 0.492898 0.408337 0.493285 0.408853 0.493673 0.409990 0.493673 0.412056 0.492588 0.413400
0 0.494990 0.410506 0.494370 0.410506 0.493053 0.409163 0.492355 0.408027 0.491735 0.406477 0.491658 0.405340 0.492123 0.403687 0.492200 0.401827 0.492510 0.401207 0.492898 0.400690 0.494060 0.400174 0.495610 0.400174 0.497470 0.399657 0.497935 0.399657 0.499097 0.400380 0.498942 0.401104 0.498245 0.402550 0.497702 0.404410 0.497702 0.406993 0.496695 0.408647 0.495532 0.409577
0 0.208594 0.367708 0.211719 0.368750 0.212500 0.368750 0.215625 0.375000 0.216406 0.376042 0.216406 0.381250 0.216406 0.382292 0.214062 0.385417 0.213281 0.386458 0.213281 0.392708 0.213281 0.393750 0.212500 0.393750 0.211719 0.393750 0.210938 0.390625 0.210938 0.389583 0.206250 0.384375 0.205469 0.383333 0.203906 0.378125 0.203125 0.377083 0.203906 0.371875 0.203906 0.370833 0.208594 0.367708
0 0.220312 0.346875 0.223438 0.347917 0.224219 0.348958 0.223438 0.353125 0.223438 0.354167 0.218750 0.362500 0.217969 0.363542 0.212500 0.366667 0.211719 0.366667 0.207813 0.361458 0.207813 0.360417 0.217188 0.348958 0.217969 0.347917 0.220312 0.346875
0 0.232813 0.408333 0.236719 0.408333 0.237500 0.408333 0.238281 0.412500 0.238281 0.413542 0.235937 0.414583 0.235156 0.415625 0.233594 0.414583 0.232813 0.414583 0.232813 0.408333
0 0.077465 0.348574 0.076165 0.348416 0.075574 0.347943 0.074983 0.346367 0.074629 0.344949 0.074156 0.344634 0.073919 0.344003 0.073919 0.342585 0.074038 0.341954 0.074392 0.341482 0.075219 0.340851 0.075692 0.340851 0.075810 0.340221 0.075810 0.338172 0.076047 0.336123 0.076283 0.335651 0.076520 0.334075 0.076756 0.333602 0.077229 0.333444 0.078411 0.333444 0.079120 0.333759 0.080302 0.334863 0.080775 0.335808 0.080893 0.336754 0.081129 0.337227 0.081366 0.338487 0.081484 0.342427 0.082784 0.344476 0.083020 0.345894 0.082902 0.346525 0.081957 0.347943 0.081484 0.348258 0.081011 0.348258 0.080657 0.348574 0.078884 0.349204 0.078411 0.349204
0 0.075219 0.332499 0.074156 0.332656 0.073683 0.332499 0.073328 0.332184 0.073210 0.330923 0.073210 0.330292 0.073446 0.329820 0.073565 0.328401 0.074747 0.326983 0.075338 0.327141 0.076401 0.329032 0.077111 0.329977 0.077229 0.331238 0.076283 0.332026
0 0.081484 0.328716 0.080657 0.329347 0.079593 0.329662 0.079120 0.329662 0.078293 0.329032 0.078056 0.328559 0.078056 0.324619 0.078174 0.323989 0.078411 0.323516 0.078884 0.323358 0.080066 0.322413 0.080657 0.322413 0.081839 0.323516 0.082075 0.324461 0.082075 0.327141
0 0.116406 0.413542 0.118750 0.413542 0.119531 0.413542 0.121875 0.416667 0.122656 0.417708 0.125000 0.417708 0.125781 0.416667 0.126562 0.420833 0.127344 0.421875 0.126562 0.425000 0.126562 0.426042 0.122656 0.429167 0.121875 0.429167 0.120313 0.432292 0.120313 0.433333 0.116406 0.436458 0.115625 0.437500 0.107813 0.437500 0.107031 0.437500 0.104688 0.435417 0.103906 0.434375 0.103125 0.431250 0.102344 0.430208 0.103125 0.427083 0.103125 0.426042 0.106250 0.421875 0.107031 0.420833 0.116406 0.413542
0 0.100000 0.404167 0.102344 0.404167 0.103125 0.404167 0.108594 0.408333 0.109375 0.409375 0.109375 0.417708 0.109375 0.418750 0.107813 0.419792 0.107031 0.420833 0.104688 0.419792 0.103906 0.419792 0.099219 0.411458 0.098437 0.411458 0.097656 0.407292 0.097656 0.406250 0.100000 0.404167
0 0.062196 0.384943 0.061640 0.384943 0.060899 0.384531 0.059663 0.382966 0.058489 0.381977 0.058427 0.380741 0.058674 0.379588 0.059354 0.378516 0.060157 0.378187 0.060837 0.377528 0.061764 0.377198 0.062320 0.377528 0.062814 0.378516 0.063247 0.378681 0.064174 0.378681 0.064607 0.378928 0.064730 0.379505 0.064668 0.382059 0.063989 0.383790 0.063680 0.384119 0.062876 0.384531
0 0.067202 0.387992 0.066461 0.387745 0.065595 0.386344 0.064174 0.385603 0.063865 0.385191 0.063865 0.383790 0.064421 0.383048 0.065286 0.382389 0.066399 0.381236 0.068438 0.381236 0.070601 0.381730 0.070725 0.382636 0.070725 0.384531 0.070601 0.385026 0.070601 0.387003 0.070416 0.388074 0.070168 0.388486 0.068129 0.388486 0.067758 0.388322
0 0.289062 0.603125 0.294531 0.603125 0.295312 0.603125 0.303906 0.608333 0.304688 0.608333 0.304688 0.616667 0.304688 0.617708 0.301563 0.620833 0.300781 0.621875 0.296875 0.630208 0.296094 0.631250 0.290625 0.633333 0.289844 0.633333 0.285938 0.640625 0.285156 0.641667 0.279687 0.642708 0.278906 0.642708 0.271875 0.651042 0.271094 0.652083 0.267188 0.653125 0.266406 0.653125 0.264062 0.646875 0.264062 0.645833 0.265625 0.641667 0.266406 0.640625 0.267969 0.632292 0.267969 0.631250 0.271875 0.627083 0.272656 0.626042 0.280469 0.611458 0.280469 0.610417 0.282813 0.607292 0.283594 0.606250 0.289062 0.603125
0 0.328125 0.572917 0.328906 0.573958 0.329688 0.575000 0.330469 0.580208 0.330469 0.581250 0.333594 0.589583 0.333594 0.590625 0.327344 0.597917 0.326562 0.598958 0.322656 0.600000 0.321875 0.600000 0.311719 0.606250 0.310937 0.607292 0.307812 0.607292 0.307031 0.608333 0.305469 0.606250 0.304688 0.605208 0.304688 0.600000 0.304688 0.598958 0.306250 0.596875 0.306250 0.595833 0.311719 0.587500 0.312500 0.586458 0.321094 0.581250 0.321875 0.581250 0.328125 0.572917
0 0.610938 0.821875 0.612500 0.821875 0.613281 0.821875 0.618750 0.826042 0.619531 0.826042 0.620313 0.828125 0.621094 0.829167 0.621094 0.833333 0.621094 0.834375 0.618750 0.838542 0.617969 0.839583 0.612500 0.839583 0.611719 0.838542 0.610156 0.826042 0.609375 0.825000 0.610938 0.821875
0 0.630469 0.826042 0.635156 0.827083 0.635938 0.828125 0.635938 0.830208 0.635938 0.831250 0.634375 0.833333 0.634375 0.834375 0.628906 0.836458 0.628125 0.837500 0.622656 0.836458 0.621875 0.836458 0.621875 0.832292 0.622656 0.831250 0.630469 0.826042
0 0.912378 0.308190 0.911809 0.308611 0.910105 0.311220 0.908589 0.314840 0.908274 0.315261 0.907074 0.316187 0.906632 0.316271 0.905117 0.316271 0.904675 0.316103 0.904296 0.315935 0.903096 0.314840 0.902781 0.314419 0.902339 0.312567 0.902023 0.312062 0.901328 0.311473 0.900697 0.310547 0.900508 0.309368 0.901707 0.308611 0.902339 0.307769 0.902717 0.306085 0.904233 0.302886 0.904548 0.300108 0.904675 0.299603 0.904990 0.299266 0.908210 0.299351 0.909536 0.300024 0.910673 0.301118 0.911115 0.301371 0.912630 0.303812 0.913198 0.305412 0.912567 0.307264
0 0.941406 0.304167 0.943750 0.304167 0.944531 0.304167 0.944531 0.305208 0.945312 0.306250 0.945312 0.307292 0.944531 0.308333 0.943750 0.309375 0.942969 0.309375 0.942187 0.309375 0.940625 0.311458 0.939844 0.312500 0.938281 0.312500 0.937500 0.313542 0.935156 0.313542 0.934375 0.313542 0.934375 0.311458 0.934375 0.310417 0.935156 0.309375 0.939063 0.309375 0.939844 0.309375 0.940625 0.308333 0.940625 0.307292 0.940625 0.306250 0.941406 0.305208 0.941406 0.304167
0 0.592101 0.651354 0.590167 0.651354 0.587846 0.650322 0.583784 0.647228 0.581463 0.646196 0.580883 0.644907 0.580496 0.637170 0.583977 0.632786 0.584944 0.630981 0.585718 0.630465 0.587459 0.627370 0.589006 0.625823 0.590554 0.626854 0.591521 0.629691 0.592101 0.633559 0.594422 0.640265 0.594422 0.649291 0.593842 0.651096
0 0.595969 0.641812 0.600418 0.641812 0.600998 0.643617 0.601578 0.642328 0.601578 0.641554 0.600998 0.640780 0.600998 0.636396 0.601578 0.634591 0.601772 0.631754 0.601192 0.630207 0.598677 0.629175 0.597323 0.627628 0.596163 0.624791 0.595389 0.624791 0.596550 0.623502 0.596550 0.617312 0.595389 0.616539 0.593261 0.616281 0.590360 0.624275 0.590360 0.627370 0.590747 0.627628 0.592101 0.632012 0.593068 0.637686 0.594809 0.640265
0 0.577014 0.637686 0.575467 0.638201 0.572372 0.637944 0.570632 0.636138 0.570632 0.633817 0.572179 0.632012 0.575274 0.629949 0.575467 0.629433 0.578562 0.628144 0.580496 0.624791 0.582817 0.623502 0.584558 0.621954 0.585525 0.620407 0.586298 0.620407 0.587265 0.621439 0.588233 0.623244 0.588233 0.624791 0.583977 0.630207 0.583784 0.630981 0.582043 0.632786 0.581463 0.634075 0.578755 0.636396
0 0.539105 0.634849 0.540845 0.634849 0.541812 0.634333 0.543360 0.630981 0.543360 0.624791 0.542973 0.622212 0.542199 0.621439 0.540652 0.621439 0.537944 0.621954 0.536977 0.623244 0.536977 0.632786 0.537557 0.634849
0 0.515698 0.581810 0.513844 0.578214 0.511484 0.576191 0.508788 0.571472 0.504574 0.566304 0.503394 0.566079 0.498169 0.563157 0.491259 0.563382 0.489236 0.562258 0.485360 0.558213 0.483000 0.555067 0.480978 0.551247 0.480809 0.547651 0.481483 0.546303 0.482663 0.545179 0.485697 0.544280 0.488899 0.544280 0.493619 0.545853 0.495135 0.545853 0.497832 0.542932 0.502888 0.540460 0.506091 0.540011 0.517889 0.540011 0.521934 0.541584 0.523114 0.542707 0.528339 0.545629 0.530698 0.547876 0.534743 0.553045 0.539968 0.556865 0.543171 0.558213 0.556654 0.558213 0.558845 0.559112 0.558845 0.567427 0.557665 0.571248 0.555474 0.574394 0.552441 0.577315 0.549744 0.578439 0.538114 0.578439 0.535586 0.580461 0.533226 0.581360 0.520586 0.582259 0.518226 0.583383 0.516709 0.583383
0 0.510304 0.518662 0.508282 0.517987 0.507271 0.516414 0.505754 0.511695 0.505585 0.509448 0.506934 0.508324 0.507608 0.506526 0.510810 0.502931 0.515024 0.500009 0.516203 0.499785 0.521597 0.503156 0.524125 0.506302 0.524631 0.508549 0.524631 0.511021 0.521091 0.516639 0.519406 0.518437 0.515024 0.520459 0.511147 0.520235
0 0.491765 0.519785 0.485191 0.519785 0.484180 0.520684 0.483169 0.522482 0.481989 0.530797 0.481989 0.538213 0.482495 0.541359 0.484349 0.543606 0.485865 0.543606 0.488057 0.544730 0.492439 0.545629 0.494967 0.545179 0.494630 0.541134 0.494293 0.540460 0.493113 0.540235 0.492270 0.539336 0.490585 0.533044 0.490585 0.530123 0.492944 0.525853 0.492944 0.522482 0.492607 0.521808
0 0.331250 0.598958 0.335156 0.600000 0.335938 0.600000 0.339844 0.605208 0.340625 0.606250 0.342187 0.610417 0.342969 0.611458 0.342187 0.618750 0.341406 0.619792 0.337500 0.619792 0.336719 0.619792 0.328125 0.611458 0.327344 0.611458 0.327344 0.605208 0.327344 0.604167 0.331250 0.598958
0 0.886530 0.768477 0.886009 0.769287 0.884013 0.771370 0.883058 0.772180 0.882190 0.772527 0.881756 0.772411 0.880889 0.771833 0.879500 0.770675 0.878632 0.770328 0.877938 0.769518 0.877764 0.768940 0.877157 0.767898 0.876810 0.765816 0.876896 0.763848 0.877417 0.761881 0.878545 0.760724 0.884186 0.759798 0.885662 0.760724 0.887224 0.760724 0.887831 0.761650 0.888265 0.761997 0.888439 0.762691 0.888439 0.765468 0.887311 0.767435
0 0.892084 0.765121 0.891563 0.763733 0.891476 0.763154 0.891389 0.754244 0.892691 0.751351 0.893038 0.750889 0.894253 0.751004 0.896249 0.752740 0.898072 0.754591 0.899634 0.756559 0.899721 0.758526 0.899460 0.759683 0.899026 0.760146 0.898506 0.761071 0.896944 0.762228 0.895468 0.763733 0.893212 0.765121 0.892778 0.765121
0 0.899634 0.752046 0.898853 0.752161 0.896770 0.750194 0.896683 0.749616 0.896336 0.749037 0.896076 0.747880 0.896162 0.746492 0.897725 0.745797 0.900415 0.745797 0.901370 0.746260 0.902498 0.747417 0.902585 0.749847 0.901977 0.750773 0.900589 0.751814
0 0.955523 0.792313 0.954655 0.792545 0.953266 0.791504 0.952051 0.789884 0.951704 0.788611 0.951704 0.787454 0.952919 0.783519 0.953440 0.782478 0.953787 0.782131 0.953961 0.781552 0.954655 0.780742 0.955609 0.780511 0.956043 0.780627 0.956477 0.781089 0.957692 0.783057 0.958820 0.786065 0.958820 0.786759 0.959081 0.787222 0.959168 0.788379 0.957258 0.791851 0.956477 0.792429
0 0.686030 0.845734 0.684873 0.845155 0.684584 0.843612 0.684584 0.842455 0.684150 0.840720 0.684150 0.839562 0.683716 0.838405 0.682993 0.835127 0.682993 0.832620 0.683426 0.831848 0.683571 0.830498 0.684005 0.829148 0.684005 0.828377 0.684294 0.827991 0.684439 0.827413 0.685451 0.826256 0.690948 0.826448 0.691382 0.826641 0.691671 0.827027 0.692105 0.828763 0.692105 0.832234 0.691671 0.832620 0.691382 0.833584 0.690948 0.833777 0.689501 0.835127 0.689646 0.835898 0.691671 0.836091 0.691960 0.836477 0.692539 0.837634 0.692539 0.838212 0.692973 0.839370 0.692973 0.841105 0.692539 0.841684 0.691237 0.841684 0.690803 0.841491 0.690514 0.842070 0.690369 0.843227 0.690080 0.843612 0.689935 0.845348 0.689357 0.846119 0.687187 0.846119
0 0.729856 0.793856 0.728409 0.792699 0.727542 0.792313 0.726095 0.791349 0.725517 0.790385 0.725517 0.788071 0.725806 0.787492 0.726240 0.787299 0.730145 0.787299 0.730290 0.787878 0.730724 0.788649 0.731302 0.790578 0.731302 0.793471 0.731158 0.794049
0 0.392025 0.342316 0.391023 0.335635 0.392359 0.329623 0.397369 0.326283 0.398204 0.326951 0.398705 0.328287 0.399039 0.335413 0.397035 0.340980 0.395532 0.342093 0.393361 0.342316
0 0.701489 0.223407 0.698149 0.219621 0.698149 0.216281 0.698483 0.214945 0.700821 0.212050 0.702825 0.212273 0.704662 0.213609 0.705163 0.214722 0.705497 0.219844 0.704161 0.222739 0.703326 0.223184
0 0.709004 0.222739 0.706833 0.217172 0.706165 0.214500 0.706165 0.211828 0.709171 0.207374 0.710173 0.206706 0.711843 0.206706 0.712511 0.208042 0.712511 0.211382 0.710173 0.216058 0.711342 0.218285 0.711175 0.221625 0.710340 0.222293
0 0.505096 0.776445 0.504130 0.776445 0.503647 0.776123 0.502923 0.775157 0.501474 0.773869 0.501232 0.772903 0.501353 0.771776 0.503044 0.770005 0.504734 0.769200 0.506546 0.767751 0.507874 0.765335 0.508236 0.765013 0.508598 0.763564 0.508840 0.763081 0.509565 0.762437 0.511376 0.762276 0.511617 0.762759 0.511980 0.763081 0.512463 0.764047 0.512584 0.764691 0.512584 0.766945 0.512463 0.767751 0.511376 0.769200 0.510289 0.771615 0.510168 0.772259 0.509927 0.772742 0.508478 0.774835 0.507512 0.775479 0.506425 0.775640
0 0.648109 0.316176 0.648517 0.313731 0.650758 0.307211 0.653203 0.305309 0.659111 0.304766 0.662575 0.309384 0.665835 0.312101 0.671540 0.313731 0.677856 0.313731 0.681116 0.314817 0.684579 0.316991 0.687228 0.321066 0.690895 0.325140 0.693748 0.330030 0.695581 0.334377 0.695581 0.336007 0.695174 0.336822 0.695378 0.351491 0.693340 0.357739 0.693136 0.362901 0.690895 0.365346 0.686617 0.365617 0.684987 0.364802 0.682949 0.362629 0.682542 0.361542 0.677245 0.359098 0.674392 0.356924 0.673170 0.355294 0.672558 0.353664 0.672355 0.351763 0.670725 0.346873 0.667057 0.346601 0.666242 0.345786 0.664816 0.338723 0.664816 0.334648 0.664205 0.330574 0.662779 0.327042 0.660334 0.325140 0.659111 0.323510 0.658296 0.320794 0.656463 0.320794 0.655240 0.320251 0.650758 0.320251 0.649739 0.319979 0.648313 0.318621
0 0.693718 0.660449 0.692450 0.660328 0.691273 0.659482 0.690276 0.659241 0.689099 0.659241 0.688283 0.658879 0.687921 0.658516 0.687649 0.657912 0.687559 0.655014 0.687740 0.654410 0.687921 0.653927 0.689008 0.652840 0.689642 0.651753 0.690095 0.651270 0.690548 0.651270 0.691454 0.651632 0.692179 0.650787 0.692722 0.649820 0.693718 0.649579 0.694624 0.649700 0.694805 0.650424 0.696255 0.652357 0.696617 0.653323 0.698157 0.654893 0.698338 0.655376 0.698338 0.655980 0.697795 0.658275 0.697070 0.659120 0.695983 0.659120 0.694715 0.659845
0 0.240168 0.670706 0.239063 0.670853 0.238069 0.670116 0.237185 0.667759 0.236742 0.667317 0.235527 0.665107 0.235195 0.663191 0.235195 0.660539 0.235527 0.660244 0.236079 0.660244 0.237185 0.660686 0.238732 0.660981 0.239395 0.660244 0.240168 0.658624 0.241384 0.658624 0.242268 0.659360 0.244036 0.661423 0.246246 0.661570 0.246578 0.661865 0.246799 0.662454 0.246909 0.665107 0.246799 0.665696 0.246246 0.665696 0.245362 0.665991 0.244920 0.667022 0.244810 0.668348 0.244589 0.668938 0.243704 0.670264 0.242378 0.670853 0.241273 0.670853
0 0.246467 0.672326 0.245252 0.672326 0.244699 0.671737 0.244589 0.671148 0.244589 0.669969 0.245362 0.668643 0.245694 0.667611 0.246025 0.667169 0.246578 0.667169 0.247904 0.666727 0.248788 0.666727 0.249009 0.667317 0.249009 0.669527 0.248788 0.670116 0.248456 0.670411 0.248346 0.671000 0.247904 0.671884 0.247462 0.672032
0 0.515007 0.793836 0.513888 0.793729 0.512689 0.792983 0.510772 0.790000 0.510772 0.789361 0.510932 0.788722 0.512050 0.786484 0.514128 0.785951 0.516605 0.786058 0.516845 0.787123 0.517484 0.788828 0.517404 0.791279 0.517084 0.792451 0.516845 0.792877 0.515646 0.793303
0 0.943222 0.141093 0.942433 0.141356 0.941545 0.141224 0.941051 0.140829 0.940163 0.139645 0.939966 0.139119 0.940065 0.137540 0.940459 0.137277 0.940978 0.136331 0.941348 0.135961 0.942532 0.135961 0.943617 0.136093 0.944900 0.136487 0.945196 0.136882 0.945097 0.137672 0.944604 0.139382 0.944012 0.140303
0 0.621189 0.063362 0.619510 0.063781 0.618252 0.063222 0.617622 0.062243 0.617517 0.060284 0.617937 0.059725 0.618042 0.059025 0.618356 0.058606 0.618776 0.058326 0.619720 0.058466 0.620769 0.059165 0.621399 0.060144 0.621609 0.062103
0 0.291406 0.502083 0.294531 0.502083 0.295312 0.503125 0.295312 0.507292 0.295312 0.508333 0.293750 0.511458 0.292969 0.512500 0.290625 0.512500 0.289844 0.512500 0.289844 0.505208 0.289844 0.504167 0.291406 0.502083
0 0.297050 0.507069 0.296064 0.507561 0.295756 0.508629 0.295818 0.509204 0.295386 0.510190 0.295386 0.510765 0.296064 0.511422 0.296865 0.511915 0.297481 0.512655 0.298467 0.514380 0.299329 0.514791 0.299761 0.514791 0.299945 0.514215 0.300746 0.513723 0.300870 0.512408 0.301116 0.511751 0.301054 0.510601 0.300192 0.508547 0.299761 0.508547 0.299391 0.508301 0.298898 0.507397 0.297604 0.506904
0 0.278497 0.486511 0.278235 0.487070 0.277502 0.487699 0.277345 0.488188 0.277292 0.488816 0.277502 0.489445 0.278026 0.490283 0.278131 0.490912 0.280698 0.490842 0.281222 0.491820 0.282060 0.492169 0.282532 0.492169 0.282898 0.491960 0.283160 0.491541 0.283265 0.488537 0.282951 0.488118 0.282217 0.487629 0.282008 0.486371 0.280750 0.485952 0.278864 0.486232
0 0.330284 0.571281 0.330209 0.570192 0.330061 0.569697 0.329764 0.569301 0.328724 0.568608 0.327388 0.568113 0.327017 0.567519 0.326942 0.566925 0.326720 0.566430 0.325606 0.565539 0.324566 0.565539 0.324195 0.565341 0.322784 0.565143 0.322042 0.565836 0.320631 0.567915 0.321819 0.569103 0.324789 0.570786 0.324938 0.571380 0.324938 0.572073 0.325309 0.573063 0.325680 0.573261 0.326348 0.574053 0.327833 0.574548 0.328799 0.574548 0.329244 0.574350 0.329987 0.573558 0.330284 0.572964 0.330358 0.572370
0 0.205778 0.358781 0.206425 0.359787 0.206641 0.360938 0.206641 0.362951 0.206209 0.364245 0.205886 0.364676 0.204484 0.365107 0.203621 0.365107 0.201788 0.364388 0.201680 0.363813 0.202219 0.362088 0.202219 0.360794 0.201896 0.360362 0.202004 0.358350 0.202974 0.357918 0.204376 0.357918 0.204807 0.358062
0 0.140434 0.228364 0.139792 0.229733 0.139279 0.231616 0.138894 0.231958 0.138637 0.232472 0.138637 0.233156 0.138894 0.233670 0.139279 0.234012 0.140948 0.234697 0.141333 0.235039 0.141846 0.235039 0.142360 0.235382 0.142873 0.235382 0.143130 0.234697 0.143900 0.234183 0.144285 0.233670 0.144285 0.232985 0.144029 0.232301 0.143515 0.231958 0.143130 0.230760 0.142873 0.229391 0.142103 0.229048 0.141590 0.229048
0 0.149379 0.189944 0.148505 0.190089 0.148069 0.190235 0.147632 0.190672 0.147195 0.190672 0.146650 0.191545 0.146540 0.192127 0.147305 0.192564 0.148287 0.193583 0.149160 0.193874 0.150034 0.193874 0.150689 0.193291 0.151562 0.192127 0.151671 0.190235 0.151344 0.189070 0.150034 0.189070
0 0.332975 0.131322 0.332501 0.132058 0.332422 0.132585 0.331791 0.133637 0.330054 0.134900 0.330054 0.137110 0.330843 0.137742 0.331712 0.139110 0.332896 0.139952 0.334948 0.139847 0.336132 0.139320 0.335264 0.135426 0.335027 0.132690 0.334632 0.131743 0.333843 0.131532
0 0.316793 0.154686 0.316714 0.155739 0.316162 0.157423 0.315293 0.157949 0.315056 0.158370 0.314978 0.158896 0.316241 0.160475 0.316714 0.161632 0.317188 0.161843 0.318766 0.161738 0.319635 0.161106 0.319871 0.160685 0.319950 0.159633 0.319871 0.159107 0.319240 0.158475 0.319003 0.157949 0.319003 0.156791 0.318609 0.155002 0.318056 0.154265 0.317582 0.154265
0 0.295876 0.182787 0.294376 0.184050 0.293034 0.184681 0.292402 0.185313 0.291929 0.186997 0.291061 0.187418 0.290034 0.187207 0.289324 0.186260 0.288850 0.185944 0.287272 0.186049 0.287587 0.184892 0.287666 0.183734 0.289324 0.182997 0.289640 0.182471 0.290113 0.182050 0.291534 0.181313 0.292955 0.180050 0.294218 0.179945 0.296112 0.180156 0.296191 0.181945
0 0.474368 0.177627 0.474716 0.178865 0.474716 0.181031 0.474600 0.181650 0.473904 0.182424 0.472047 0.182888 0.471118 0.182733 0.470306 0.182269 0.469958 0.181031 0.469958 0.178401 0.470422 0.177472 0.471699 0.176235 0.472859 0.176544 0.473207 0.176854
0 0.481099 0.195422 0.477965 0.196969 0.477617 0.197433 0.477385 0.197897 0.477385 0.200992 0.477269 0.201611 0.477385 0.202230 0.477617 0.202694 0.478314 0.203004 0.480867 0.203313 0.481331 0.203158 0.481679 0.202694 0.481795 0.201766 0.482259 0.200837 0.482491 0.199599 0.482491 0.198980 0.481679 0.197588 0.481679 0.196969
0 0.633080 0.155224 0.632841 0.157062 0.632841 0.160019 0.632481 0.162737 0.632841 0.163136 0.633620 0.163536 0.634579 0.163856 0.635658 0.163935 0.636017 0.163536 0.636077 0.162896 0.636617 0.161938 0.637456 0.161778 0.637696 0.161298 0.637995 0.158901 0.637995 0.157622 0.637815 0.157062 0.636617 0.156423 0.636497 0.155864 0.634819 0.154985 0.633740 0.154905
0 0.624985 0.339050 0.623981 0.339117 0.623279 0.340188 0.622676 0.341928 0.622124 0.342865 0.621773 0.343133 0.621723 0.345943 0.621020 0.348018 0.619866 0.350494 0.617757 0.350360 0.616503 0.349959 0.616101 0.349691 0.615449 0.348553 0.615097 0.347416 0.614896 0.345073 0.615449 0.343467 0.615900 0.343133 0.616754 0.342999 0.616954 0.342530 0.616954 0.341326 0.617506 0.338314 0.617958 0.337243 0.618510 0.336306 0.619263 0.335838 0.620669 0.334165 0.621873 0.333495 0.623128 0.333295 0.624182 0.331621 0.624584 0.331354 0.625387 0.331354 0.626190 0.331554 0.626491 0.331889 0.626642 0.332491 0.626642 0.333696 0.626491 0.334298 0.626591 0.336105 0.626491 0.337912 0.626240 0.338314 0.625487 0.338782
0 0.979347 0.565401 0.978803 0.565078 0.978500 0.564594 0.978137 0.562900 0.977835 0.562497 0.976867 0.562417 0.975415 0.561771 0.974205 0.560884 0.972693 0.559352 0.972149 0.558384 0.972028 0.557255 0.972149 0.556690 0.972572 0.556206 0.974629 0.554996 0.976686 0.553545 0.977532 0.553383 0.980073 0.553464 0.984973 0.554512 0.985457 0.554835 0.986606 0.556206 0.987574 0.556609 0.989207 0.556932 0.991385 0.557981 0.993502 0.559916 0.993381 0.560481 0.991929 0.561045 0.991324 0.561207 0.988179 0.561368 0.985094 0.563949 0.984186 0.565159 0.983763 0.565401 0.980194 0.565562
0 0.692122 0.835634 0.691636 0.835850 0.691149 0.835764 0.690760 0.835288 0.690436 0.834251 0.690501 0.833516 0.691474 0.832350 0.691895 0.830751 0.692187 0.830319 0.692932 0.828158 0.693353 0.826559 0.693775 0.826386 0.694164 0.826516 0.694812 0.827553 0.694974 0.828072 0.694974 0.828677 0.695298 0.829109 0.696173 0.829195 0.696465 0.829627 0.696530 0.830751 0.696465 0.831356 0.696011 0.832350 0.695557 0.834467 0.695201 0.834899 0.694423 0.835331 0.693645 0.834943 0.693191 0.834943 0.692446 0.835418
0 0.328851 0.860567 0.328671 0.862732 0.328400 0.863213 0.326957 0.864656 0.326777 0.865258 0.326777 0.866460 0.327498 0.867062 0.330114 0.867302 0.331467 0.867182 0.331467 0.865739 0.331828 0.865378 0.332008 0.864897 0.332008 0.864296 0.332549 0.862973 0.332639 0.861770 0.331828 0.861169 0.331557 0.860567 0.331467 0.859966 0.331016 0.859605 0.330024 0.859605 0.329573 0.859846
0 0.335255 0.866340 0.334443 0.866340 0.334083 0.866099 0.333000 0.864656 0.332549 0.864416 0.332279 0.862973 0.332369 0.861770 0.332639 0.861289 0.333451 0.860808 0.333632 0.860327 0.333632 0.859726 0.333902 0.859244 0.334624 0.858523 0.335796 0.858282 0.336247 0.858282 0.336608 0.858523 0.336879 0.859004 0.336879 0.860207 0.337059 0.860808 0.337600 0.861770 0.338322 0.862492 0.339134 0.862973 0.339314 0.863454 0.339404 0.864055 0.337871 0.865618 0.337330 0.865979 0.335977 0.865979
0 0.339585 0.861770 0.338863 0.861289 0.338232 0.860327 0.338322 0.858884 0.339585 0.858282 0.341028 0.858282 0.341389 0.858523 0.341659 0.859605 0.341659 0.860928 0.341389 0.861409 0.341118 0.862492 0.340667 0.862732 0.340216 0.862732
0 0.471673 0.791839 0.469639 0.792578 0.469085 0.792332 0.468715 0.791592 0.468345 0.790360 0.468253 0.788881 0.468530 0.788511 0.469917 0.787772 0.471303 0.786786 0.471950 0.786046 0.472320 0.785800 0.475093 0.785800 0.475648 0.785923 0.475740 0.786539 0.475093 0.789620 0.473244 0.790483 0.472597 0.791222
0 0.845718 0.639583 0.843041 0.640093 0.841894 0.639923 0.841130 0.639413 0.840365 0.637714 0.838836 0.637374 0.837052 0.636015 0.836797 0.635505 0.836669 0.636015 0.835905 0.637544 0.835268 0.637714 0.833611 0.637714 0.833229 0.637374 0.832719 0.637204 0.832591 0.636694 0.832719 0.635845 0.833356 0.634655 0.834248 0.634315 0.834248 0.630407 0.834121 0.629048 0.834758 0.628708 0.835905 0.628708 0.836542 0.629048 0.836924 0.629388 0.838454 0.631597 0.839855 0.633126 0.841130 0.634145 0.841640 0.634315 0.842022 0.634655 0.843041 0.634995 0.844061 0.636015 0.845463 0.636524 0.845845 0.636864 0.846355 0.638054
0 0.846342 0.589401 0.842344 0.589549 0.842011 0.589252 0.842122 0.585551 0.842233 0.584959 0.842566 0.584514 0.843899 0.583626 0.845676 0.583478 0.846564 0.583922 0.847230 0.584662 0.847452 0.586587 0.847452 0.589104
0 0.816079 0.069670 0.815008 0.069134 0.814874 0.068599 0.814874 0.066815 0.814740 0.066101 0.813937 0.065744 0.813937 0.062532 0.814205 0.061461 0.814874 0.060212 0.815677 0.059855 0.816748 0.059855 0.817149 0.060034 0.817149 0.062711 0.817417 0.063424 0.817551 0.064495 0.817551 0.068064 0.817283 0.069134 0.817283 0.069670
0 0.644159 0.335168 0.643356 0.334432 0.642854 0.333228 0.642403 0.331421 0.642252 0.329747 0.642754 0.328877 0.644159 0.327539 0.645013 0.327606 0.646619 0.328610 0.647673 0.330082 0.647824 0.330618 0.647874 0.332424 0.648376 0.333295 0.648526 0.333830 0.648476 0.337511 0.648325 0.338715 0.648125 0.339318 0.648024 0.340589 0.648024 0.341393 0.648526 0.344806 0.648426 0.345408 0.647623 0.345943 0.646468 0.345876 0.645013 0.344538 0.644611 0.344471 0.642603 0.346412 0.641399 0.348353 0.640545 0.349089 0.639642 0.349557 0.638839 0.349758 0.638387 0.350093 0.637283 0.350160 0.636430 0.349557 0.636179 0.349022 0.635777 0.347817 0.635777 0.347215 0.636028 0.346278 0.637082 0.344002 0.638638 0.341928 0.638236 0.341526 0.637935 0.340188 0.635124 0.336038 0.635225 0.334968 0.637283 0.334834 0.638236 0.334499 0.638889 0.336038 0.639742 0.337109 0.640696 0.337645 0.641599 0.337912 0.641650 0.337176 0.641499 0.336641 0.642302 0.335972 0.643155 0.335905 0.644109 0.336105 0.644410 0.335771
0 0.679114 0.142248 0.679114 0.144540 0.679519 0.145080 0.680125 0.146428 0.680833 0.147102 0.681744 0.148316 0.681946 0.148855 0.682047 0.149394 0.681036 0.151282 0.679418 0.151687 0.678609 0.151687 0.677800 0.151417 0.677496 0.151013 0.677395 0.150473 0.677092 0.149934 0.675170 0.147372 0.674665 0.147237 0.673957 0.146293 0.673552 0.145080 0.673552 0.143192 0.674058 0.142113 0.674462 0.141709 0.674867 0.141574 0.676181 0.141574 0.676788 0.141304 0.677092 0.140900 0.678507 0.141035
0 0.472711 0.453324 0.472400 0.453877 0.472158 0.454983 0.472158 0.455536 0.472987 0.457564 0.474197 0.458071 0.474612 0.458071 0.476547 0.455859 0.476685 0.455352 0.476547 0.453647 0.476409 0.453140 0.473022 0.453371
0 0.631575 0.067558 0.630631 0.067558 0.630211 0.067138 0.629372 0.065460 0.629372 0.064201 0.629582 0.063501 0.630211 0.062662 0.630421 0.062103 0.631470 0.061683 0.632834 0.061683 0.633568 0.063781 0.633568 0.065320 0.633358 0.065879 0.632414 0.067418
0 0.948946 0.141751 0.948255 0.141093 0.947762 0.139514 0.947663 0.138461 0.947663 0.136224 0.947762 0.135698 0.948749 0.135040 0.950328 0.134909 0.951216 0.135303 0.951610 0.136487 0.951610 0.139119 0.951413 0.139777 0.950821 0.140566 0.950328 0.140829 0.950032 0.141224
0 0.930591 0.134514 0.929900 0.135172 0.929506 0.135303 0.927532 0.135303 0.927137 0.135172 0.926644 0.133987 0.926644 0.131751 0.926052 0.130961 0.925854 0.130435 0.925854 0.129909 0.926348 0.128988 0.926841 0.128461 0.927828 0.128330 0.928223 0.128461 0.929210 0.129251 0.931282 0.130172 0.931381 0.130830 0.930986 0.131882 0.930887 0.133066
0 0.461470 0.786484 0.460831 0.786804 0.458194 0.787337 0.457714 0.786910 0.457155 0.785951 0.456995 0.784886 0.456995 0.782116 0.456516 0.781051 0.456436 0.780518 0.456755 0.779452 0.457714 0.778068 0.458433 0.776576 0.458833 0.776256 0.459712 0.776363 0.460671 0.777961 0.460990 0.780092 0.462189 0.782329 0.462349 0.782862 0.462349 0.784566 0.462109 0.785632
0 0.696526 0.668541 0.695168 0.668420 0.694443 0.667333 0.693990 0.665642 0.694081 0.663106 0.694896 0.661656 0.696164 0.660569 0.697885 0.660449 0.698700 0.660811 0.699063 0.661898 0.699153 0.664676 0.698972 0.665401 0.697976 0.666729 0.697251 0.668178
0 0.630469 0.386458 0.634375 0.387500 0.635156 0.388542 0.634375 0.391667 0.634375 0.392708 0.630469 0.395833 0.629687 0.395833 0.628906 0.394792 0.628125 0.394792 0.628125 0.390625 0.628125 0.389583 0.630469 0.386458
0 0.659236 0.249905 0.657399 0.248569 0.656230 0.244116 0.656230 0.241221 0.656564 0.240553 0.658902 0.238103 0.662910 0.237658 0.663077 0.240998 0.661240 0.246788 0.660238 0.248569
0 0.654226 0.251909 0.652055 0.251019 0.651053 0.248346 0.651053 0.246788 0.652222 0.243670 0.654226 0.242334 0.655729 0.244561 0.656397 0.247901 0.656564 0.251019 0.656397 0.251687 0.655896 0.251909
0 0.402546 0.333631 0.400876 0.330514 0.400876 0.328955 0.402045 0.325170 0.402713 0.324279 0.403715 0.324279 0.404717 0.325170 0.406220 0.330959 0.405886 0.333631 0.405552 0.334077 0.403882 0.334077
0 0.733327 0.787685 0.734484 0.787685 0.734918 0.787492 0.735497 0.786528 0.735931 0.786142 0.736075 0.785564 0.736365 0.785178 0.736365 0.784406 0.736509 0.783828 0.736509 0.783249 0.734918 0.782478 0.734340 0.781707 0.733472 0.781514 0.733038 0.781707 0.732315 0.782478 0.731881 0.782671 0.730868 0.784214 0.730724 0.784792 0.730724 0.786528 0.731158 0.786721 0.731302 0.787299 0.731881 0.788071
0 0.701217 0.843805 0.699771 0.843612 0.698903 0.842648 0.697890 0.840334 0.697746 0.838598 0.697023 0.837827 0.696589 0.837634 0.696299 0.837055 0.696155 0.836477 0.696155 0.834548 0.697023 0.832813 0.697601 0.832427 0.698180 0.831656 0.698614 0.831463 0.700205 0.829920 0.702374 0.829920 0.702808 0.829727 0.703821 0.828570 0.704255 0.827413 0.707003 0.827413 0.707437 0.827606 0.708738 0.829920 0.708883 0.830498 0.709462 0.831270 0.709462 0.832813 0.708883 0.834163 0.708594 0.834548 0.708160 0.834741 0.707871 0.835320 0.706424 0.835898 0.705990 0.835898 0.705122 0.836477 0.705122 0.837055 0.704833 0.837634 0.704544 0.838984 0.704255 0.839370 0.704255 0.843419 0.704110 0.844191 0.703676 0.844577 0.703242 0.844577 0.702953 0.844962 0.702519 0.844962
0 0.913548 0.841684 0.912102 0.840720 0.909788 0.836863 0.909788 0.835705 0.909932 0.834741 0.910655 0.833584 0.911813 0.830691 0.911813 0.830113 0.912102 0.829534 0.912536 0.828956 0.912970 0.828763 0.913548 0.829148 0.913837 0.829920 0.914416 0.830691 0.914416 0.831270 0.914705 0.831656 0.914995 0.833584 0.915429 0.834741 0.915429 0.837055 0.914416 0.840141
0 0.980469 0.818750 0.983594 0.819792 0.984375 0.820833 0.984375 0.825000 0.984375 0.826042 0.979688 0.838542 0.979688 0.839583 0.970313 0.843750 0.969531 0.843750 0.968750 0.842708 0.967969 0.841667 0.967969 0.837500 0.967969 0.836458 0.971094 0.829167 0.971094 0.828125 0.980469 0.818750
0 0.975888 0.859233 0.974008 0.859041 0.972706 0.858076 0.971838 0.856919 0.971693 0.855762 0.970970 0.854798 0.970102 0.854026 0.969379 0.851326 0.968511 0.849977 0.967788 0.849205 0.967788 0.848434 0.968077 0.847469 0.968656 0.846505 0.969090 0.846119 0.969524 0.844962 0.970826 0.843612 0.971404 0.843227 0.971838 0.843227 0.974008 0.842262 0.975454 0.841298 0.976756 0.840720 0.978491 0.840720 0.979649 0.841298 0.980082 0.841877 0.980661 0.841877 0.981674 0.842262 0.982686 0.842455 0.984132 0.842455 0.985434 0.842841 0.987025 0.842841 0.987315 0.849398 0.987315 0.850555 0.986736 0.851712 0.985579 0.852484 0.984711 0.852676 0.982975 0.852676 0.982541 0.852869 0.981818 0.853834 0.981240 0.854991 0.981240 0.855569 0.980950 0.856341 0.979938 0.857883 0.979070 0.858655 0.978636 0.858655 0.977768 0.859233 0.977334 0.859233
0 0.948406 0.792082 0.947799 0.792776 0.947278 0.792892 0.946844 0.792892 0.945976 0.792198 0.945282 0.791504 0.943286 0.788611 0.942852 0.787454 0.942852 0.786875 0.943373 0.785718 0.943720 0.785371 0.944588 0.784792 0.945109 0.784792 0.945543 0.785139 0.946758 0.786759 0.947625 0.788264 0.947886 0.789074 0.948406 0.789999 0.948580 0.790578 0.948580 0.791156
0 0.958473 0.775535 0.957692 0.775072 0.957432 0.774262 0.957258 0.773105 0.956824 0.772874 0.956217 0.772064 0.956130 0.770675 0.957258 0.768593 0.957605 0.767320 0.958126 0.766278 0.958820 0.765468 0.960383 0.764890 0.961337 0.764890 0.962292 0.765237 0.965069 0.768593 0.965242 0.769865 0.965242 0.771601 0.964809 0.772874 0.964201 0.773221 0.962205 0.773568 0.961337 0.773915 0.960296 0.775304 0.959428 0.775535
0 0.343164 0.621069 0.347115 0.621069 0.349439 0.621998 0.350368 0.622928 0.351297 0.622928 0.352227 0.621998 0.352692 0.619210 0.351984 0.616851 0.350833 0.613013 0.348974 0.611773 0.347579 0.608675 0.346650 0.607746 0.345023 0.607126 0.343164 0.607126 0.342932 0.614872
0 0.919768 0.734805 0.920288 0.729251 0.920722 0.728903 0.924714 0.728903 0.925148 0.729135 0.925235 0.730986 0.924975 0.732143 0.924714 0.734689 0.924454 0.735152 0.923152 0.735615 0.919421 0.735615
0 0.353621 0.616775 0.354783 0.615890 0.355115 0.610800 0.354119 0.609029 0.353621 0.606816 0.352293 0.605709 0.348642 0.605709 0.348144 0.606816 0.348642 0.608808 0.350468 0.609472 0.350800 0.610800 0.350634 0.614562 0.351629 0.616333 0.352293 0.616554
0 0.418736 0.659448 0.417176 0.659928 0.416576 0.659928 0.415615 0.659288 0.415495 0.658648 0.414895 0.657687 0.414655 0.657047 0.414535 0.656407 0.414535 0.654967 0.414775 0.654327 0.415735 0.652727 0.416095 0.652407 0.416336 0.651767 0.416816 0.651607 0.417536 0.650806 0.418136 0.650646 0.420536 0.650646 0.420656 0.651286 0.420536 0.652247 0.419216 0.656247 0.419216 0.657687
0 0.422697 0.650806 0.420536 0.649686 0.419696 0.648086 0.419576 0.644725 0.420176 0.643445 0.422216 0.643285 0.423417 0.643925 0.424497 0.645366 0.424737 0.646646 0.424737 0.648086 0.423897 0.650166
0 0.387651 0.611747 0.387449 0.610537 0.386945 0.609193 0.386945 0.606908 0.387147 0.606370 0.388457 0.604757 0.389465 0.604623 0.390877 0.604623 0.391280 0.604892 0.391683 0.605429 0.392389 0.607714 0.392389 0.609462 0.391381 0.610806 0.390978 0.611075 0.389163 0.611478 0.388760 0.611747
0 0.236263 0.781494 0.235356 0.778470 0.233769 0.776958 0.233769 0.773330 0.234902 0.771818 0.236943 0.770911 0.237170 0.765469 0.237850 0.764260 0.240118 0.763957 0.242386 0.765771 0.243293 0.770609 0.242386 0.771818 0.241478 0.771818 0.240345 0.772725 0.240345 0.777865 0.240798 0.779377 0.240798 0.781796 0.240345 0.782401 0.238077 0.782703
0 0.228290 0.722725 0.227371 0.720276 0.227371 0.718746 0.228749 0.715379 0.228749 0.714155 0.227371 0.712318 0.227142 0.710482 0.227601 0.709870 0.231962 0.710176 0.232881 0.711094 0.233569 0.713543 0.233569 0.719970 0.232422 0.723643 0.230126 0.723949
0 0.224018 0.791773 0.221750 0.790866 0.220843 0.789959 0.220390 0.788145 0.221297 0.787843 0.221977 0.786633 0.223338 0.786029 0.224245 0.786633 0.224698 0.787843 0.224698 0.789355
0 0.317897 0.865244 0.317217 0.859499 0.318577 0.858592 0.322659 0.858592 0.325607 0.861314 0.326514 0.864639 0.326287 0.865244 0.323566 0.867058 0.319938 0.866454
0 0.019335 0.695670 0.018055 0.695030 0.017894 0.694390 0.018055 0.689697 0.020615 0.689057 0.021735 0.688203 0.023655 0.688203 0.025095 0.691830 0.025255 0.693750 0.023015 0.695670 0.020295 0.696950
0 0.051135 0.758938 0.049774 0.758213 0.049230 0.757487 0.048006 0.756399 0.047597 0.756217 0.047189 0.755673 0.046781 0.755673 0.046373 0.755310 0.046237 0.754040 0.045965 0.753315 0.045965 0.751863 0.045829 0.751319 0.045829 0.748417 0.045965 0.747872 0.046373 0.747147 0.047597 0.745877 0.048278 0.745514 0.049230 0.745333 0.050319 0.744426 0.051951 0.744063 0.053176 0.744063 0.053992 0.744970 0.054400 0.747872 0.054400 0.750956 0.054264 0.751501 0.054264 0.752952 0.053856 0.754947 0.053856 0.755492 0.053584 0.756036 0.053312 0.757850 0.052904 0.758394 0.052495 0.758576
0 0.021095 0.686283 0.019655 0.686283 0.019175 0.685857 0.017894 0.683510 0.017734 0.680736 0.019815 0.679883 0.021255 0.679883 0.022215 0.682443 0.021735 0.684576
0 0.369531 0.423958 0.371094 0.426042 0.371875 0.427083 0.371094 0.431250 0.371094 0.432292 0.369531 0.434375 0.368750 0.435417 0.363281 0.434375 0.362500 0.434375 0.363281 0.430208 0.363281 0.429167 0.369531 0.423958
0 0.076296 0.600948 0.073256 0.597535 0.072935 0.596255 0.072935 0.594335 0.073416 0.592841 0.075176 0.590708 0.079176 0.590495 0.079816 0.591348 0.079816 0.595828 0.079496 0.597108 0.077416 0.599882
0 0.367969 0.409375 0.371094 0.409375 0.371875 0.410417 0.371875 0.419792 0.371875 0.420833 0.368750 0.420833 0.367969 0.420833 0.366406 0.418750 0.365625 0.417708 0.365625 0.413542 0.365625 0.412500 0.367969 0.409375
0 0.364063 0.405208 0.367188 0.406250 0.367969 0.407292 0.367188 0.410417 0.367188 0.411458 0.365625 0.412500 0.364844 0.413542 0.362500 0.412500 0.361719 0.412500 0.361719 0.408333 0.361719 0.407292 0.364063 0.405208
0 0.296875 0.304167 0.297656 0.304167 0.298438 0.304167 0.302344 0.309375 0.303125 0.310417 0.303125 0.315625 0.302344 0.316667 0.297656 0.317708 0.296875 0.317708 0.294531 0.315625 0.293750 0.314583 0.292969 0.309375 0.292969 0.308333 0.294531 0.306250 0.294531 0.305208 0.296875 0.304167
0 0.305469 0.308333 0.310937 0.309375 0.311719 0.310417 0.311719 0.317708 0.310937 0.318750 0.307812 0.318750 0.307031 0.318750 0.304688 0.316667 0.303906 0.315625 0.303906 0.312500 0.303906 0.311458 0.305469 0.308333
0 0.450781 0.242708 0.452344 0.243750 0.453125 0.243750 0.453906 0.246875 0.453906 0.247917 0.452344 0.250000 0.451562 0.251042 0.447656 0.252083 0.446875 0.252083 0.446094 0.246875 0.446094 0.245833 0.450781 0.242708
0 0.019532 0.518698 0.017319 0.522281 0.015264 0.523335 0.013842 0.523335 0.013210 0.521438 0.013210 0.515959 0.014474 0.513430 0.017319 0.513430 0.020955 0.516169 0.022219 0.516380 0.026645 0.519963 0.026803 0.522070 0.026328 0.522702 0.024748 0.522702 0.020796 0.519120
0 0.120584 0.534814 0.119509 0.535172 0.119106 0.535172 0.118703 0.534814 0.116956 0.531588 0.116552 0.529975 0.116149 0.529438 0.115074 0.527108 0.115074 0.526212 0.115208 0.525674 0.115746 0.525137 0.116284 0.524958 0.116821 0.524241 0.121391 0.524241 0.121794 0.524599 0.122197 0.524599 0.124348 0.526033 0.124885 0.526212 0.126229 0.527646 0.126901 0.530154 0.126901 0.530692 0.127170 0.531230 0.127170 0.534455 0.127036 0.535172 0.126229 0.535889 0.125692 0.536068 0.124885 0.536068 0.124482 0.535531 0.124213 0.534814 0.124079 0.533739 0.123676 0.533559 0.123138 0.533918 0.122332 0.534097 0.121928 0.534455
0 0.019374 0.511533 0.016371 0.511744 0.015897 0.511322 0.015106 0.508793 0.015106 0.505000 0.017477 0.505000 0.019848 0.506475 0.020955 0.508372 0.020955 0.510479 0.020638 0.511112
0 0.125272 0.260327 0.123850 0.259484 0.123692 0.258852 0.122269 0.257588 0.122111 0.252108 0.123218 0.250212 0.126221 0.247683 0.128117 0.248315 0.128750 0.249579 0.131437 0.251476 0.131279 0.253794 0.130172 0.256323 0.126695 0.260327
0 0.387781 0.238916 0.392468 0.238916 0.393249 0.238916 0.394031 0.240999 0.394812 0.242041 0.392468 0.252458 0.391687 0.253499 0.388562 0.253499 0.387781 0.253499 0.385437 0.249333 0.384656 0.248291 0.384656 0.243083 0.384656 0.242041 0.387781 0.238916
0 0.190055 0.092639 0.188264 0.088099 0.186293 0.086427 0.185576 0.085233 0.185038 0.081171 0.185934 0.079977 0.190055 0.079738 0.190951 0.080694 0.191489 0.081888 0.192205 0.086905 0.192205 0.089294 0.191847 0.090966 0.191489 0.091205
0 0.188443 0.077588 0.186293 0.078782 0.183067 0.078782 0.183067 0.073288 0.183247 0.072810 0.184322 0.072810 0.183067 0.070899 0.181634 0.065882 0.181096 0.062537 0.181096 0.058953 0.181455 0.057998 0.184322 0.058237 0.185934 0.061581 0.187547 0.062776 0.189876 0.063731 0.192743 0.063731 0.195251 0.061581 0.196506 0.060865 0.197581 0.060865 0.197760 0.058953 0.197043 0.056803 0.197043 0.053220 0.201523 0.052025 0.201702 0.060865 0.199731 0.062537 0.197581 0.067554 0.197402 0.069226 0.194535 0.072332 0.194356 0.076154 0.196147 0.077349 0.195789 0.079977 0.192922 0.081171 0.191130 0.081171 0.189339 0.079499
0 0.033096 0.092400 0.032021 0.090489 0.032021 0.089772 0.030409 0.088577 0.029513 0.086905 0.029334 0.079977 0.031842 0.075438 0.032917 0.074721 0.035247 0.074482 0.037934 0.077349 0.036859 0.074721 0.037038 0.071854 0.039009 0.072093 0.040622 0.073765 0.042414 0.078066 0.042951 0.080694 0.042951 0.085472 0.043489 0.090728 0.043847 0.090966 0.043847 0.093116 0.043310 0.095506 0.042414 0.095983 0.039726 0.095983 0.038651 0.095028 0.037934 0.093116 0.037934 0.090966 0.038830 0.088099 0.038472 0.087861 0.037218 0.087861 0.037038 0.091205 0.037397 0.092400 0.037218 0.093116 0.036501 0.093594 0.034709 0.093833 0.031663 0.089772
0 0.100646 0.194889 0.098138 0.193694 0.097779 0.191544 0.099929 0.190111 0.102080 0.186766 0.102975 0.187244 0.104409 0.191305 0.104050 0.193694 0.102438 0.194411
0 0.102975 0.202773 0.101363 0.202534 0.100646 0.201578 0.100646 0.198711 0.103334 0.196083 0.105125 0.196561 0.105305 0.197995 0.105842 0.198711 0.105842 0.200145 0.105305 0.201578 0.104588 0.202295
0 0.384637 0.235913 0.383929 0.234261 0.384814 0.233317 0.382690 0.232137 0.382690 0.230721 0.383752 0.228597 0.387469 0.227653 0.391363 0.228597 0.392602 0.229777 0.392425 0.232137 0.391894 0.233553 0.389062 0.235205 0.388000 0.236621 0.386230 0.236621
0 0.359375 0.230208 0.362500 0.230208 0.363281 0.230208 0.362500 0.235417 0.362500 0.236458 0.353125 0.248958 0.352344 0.248958 0.351562 0.247917 0.350781 0.246875 0.350781 0.238542 0.350781 0.237500 0.353125 0.236458 0.353906 0.236458 0.359375 0.230208
0 0.544520 0.625565 0.542780 0.621439 0.541232 0.619891 0.541426 0.616797 0.544327 0.612928 0.546841 0.611381 0.547035 0.610865 0.548195 0.610865 0.549936 0.609576 0.553417 0.609576 0.554385 0.610091 0.555545 0.612413 0.556899 0.613444 0.556899 0.616023 0.556319 0.617828 0.555545 0.618860 0.553998 0.619376 0.552257 0.621181 0.549743 0.621697 0.548195 0.625565 0.546068 0.626081
0 0.586105 0.618344 0.587265 0.615507 0.589200 0.614991 0.591521 0.614991 0.592101 0.617055 0.592101 0.621697 0.589586 0.625307 0.588426 0.625307 0.587265 0.622728 0.587265 0.621954 0.586105 0.620665
0 0.914650 0.320060 0.913451 0.320060 0.910357 0.317787 0.910041 0.315261 0.909726 0.314251 0.909789 0.312146 0.910420 0.311136 0.911304 0.310379 0.912756 0.308106 0.914209 0.307769 0.916039 0.307769 0.916481 0.307937 0.917239 0.308358 0.917934 0.310715 0.918249 0.313746 0.917807 0.315009 0.917176 0.315851 0.916418 0.317450 0.915724 0.318208 0.915471 0.318713 0.915408 0.319302 0.915092 0.319723
0 0.092188 0.680208 0.105469 0.681250 0.106250 0.681250 0.110937 0.687500 0.111719 0.688542 0.114844 0.688542 0.115625 0.688542 0.120313 0.681250 0.121094 0.680208 0.124219 0.680208 0.125000 0.680208 0.128125 0.683333 0.128906 0.684375 0.137500 0.682292 0.138281 0.682292 0.139063 0.683333 0.139844 0.684375 0.142187 0.695833 0.142187 0.696875 0.144531 0.700000 0.150042 0.699849 0.152151 0.702159 0.157584 0.697236 0.159788 0.701664 0.150422 0.710252 0.137919 0.723153 0.136435 0.724877 0.134375 0.730208 0.138542 0.730829 0.138817 0.736031 0.135651 0.736354 0.139560 0.738941 0.140341 0.740993 0.139844 0.742708 0.140625 0.743750 0.144635 0.744449 0.146101 0.740825 0.147198 0.727692 0.152142 0.727938 0.151183 0.744529 0.152221 0.744906 0.152601 0.747290 0.152344 0.751042 0.153125 0.752083 0.152344 0.755208 0.152344 0.756250 0.148438 0.759375 0.147656 0.760417 0.139063 0.763542 0.138281 0.764583 0.134375 0.764583 0.133594 0.764583 0.128125 0.757292 0.127344 0.756250 0.122656 0.757292 0.121875 0.757292 0.116406 0.751042 0.115625 0.750000 0.109375 0.745833 0.108594 0.745833 0.100781 0.735417 0.100000 0.734375 0.092969 0.732292 0.092188 0.732292 0.084375 0.722917 0.083594 0.721875 0.078906 0.719792 0.078125 0.719792 0.071094 0.705208 0.071094 0.704167 0.079687 0.693750 0.080469 0.692708 0.087500 0.689583 0.088281 0.689583 0.089844 0.687500 0.090625 0.686458 0.092188 0.680208
0 0.078906 0.820833 0.083594 0.821875 0.084375 0.821875 0.086719 0.826042 0.087500 0.827083 0.089063 0.835417 0.089063 0.836458 0.087500 0.840625 0.087500 0.841667 0.085938 0.842708 0.085156 0.843750 0.078125 0.843750 0.077344 0.843750 0.075000 0.841667 0.074219 0.840625 0.075000 0.829167 0.075000 0.828125 0.076563 0.823958 0.076563 0.822917 0.078906 0.820833
0 0.121094 0.759375 0.123438 0.759375 0.124219 0.759375 0.131250 0.769792 0.132031 0.770833 0.132031 0.775000 0.132031 0.776042 0.128125 0.780208 0.127344 0.781250 0.124219 0.781250 0.123438 0.781250 0.121094 0.773958 0.121094 0.772917 0.117969 0.768750 0.117188 0.767708 0.117188 0.762500 0.117188 0.761458 0.121094 0.759375
0 0.142187 0.761458 0.146875 0.761458 0.147656 0.761458 0.150781 0.766667 0.151562 0.767708 0.151562 0.770833 0.151562 0.771875 0.147656 0.776042 0.146875 0.777083 0.142187 0.777083 0.141406 0.777083 0.139063 0.773958 0.138281 0.772917 0.139063 0.768750 0.139063 0.767708 0.142187 0.761458
0 0.146094 0.679167 0.148438 0.680208 0.149219 0.680208 0.150000 0.683333 0.150781 0.684375 0.150000 0.688542 0.149219 0.689583 0.143750 0.689583 0.142969 0.688542 0.142969 0.686458 0.142969 0.685417 0.146094 0.679167
0 0.089844 0.807292 0.095312 0.807292 0.096094 0.807292 0.098437 0.809375 0.099219 0.809375 0.099219 0.814583 0.099219 0.815625 0.096875 0.816667 0.096094 0.817708 0.091406 0.817708 0.090625 0.817708 0.089844 0.814583 0.089063 0.813542 0.089844 0.807292
0 0.123349 0.417343 0.122521 0.416587 0.121125 0.414436 0.119774 0.411819 0.119730 0.409378 0.119904 0.408215 0.120558 0.406587 0.121343 0.406122 0.123044 0.405889 0.123872 0.406180 0.124308 0.406587 0.125050 0.408157 0.125093 0.409378 0.125486 0.411878 0.125050 0.413564 0.124832 0.415540 0.124614 0.416122 0.123829 0.416761
0 0.150000 0.322917 0.159375 0.322917 0.160156 0.322917 0.164062 0.326042 0.164844 0.326042 0.165625 0.331250 0.165625 0.332292 0.164062 0.345833 0.163281 0.346875 0.158594 0.348958 0.157812 0.348958 0.153125 0.339583 0.152344 0.338542 0.142969 0.332292 0.142187 0.331250 0.142187 0.326042 0.142969 0.325000 0.150000 0.322917
0 0.161719 0.287500 0.168750 0.288542 0.169531 0.288542 0.172656 0.294792 0.172656 0.295833 0.167187 0.301042 0.166406 0.302083 0.155469 0.303125 0.154688 0.303125 0.154688 0.298958 0.154688 0.297917 0.157031 0.291667 0.157031 0.290625 0.161719 0.287500
0 0.044378 0.233728 0.042676 0.234005 0.041928 0.235001 0.041513 0.235057 0.039395 0.233949 0.038731 0.232621 0.038856 0.232122 0.039935 0.231735 0.040267 0.231237 0.040309 0.230074 0.040932 0.229243 0.041347 0.228192 0.041928 0.227804 0.045125 0.227638 0.047035 0.229022 0.047451 0.230517 0.047409 0.231735 0.047119 0.232787 0.046828 0.233174 0.046330 0.233340 0.044752 0.233562
0 0.085156 0.245833 0.082812 0.245833 0.082812 0.246875 0.082031 0.247917 0.078906 0.247917 0.077344 0.250000 0.076563 0.250000 0.076563 0.251042 0.075781 0.252083 0.075000 0.252083 0.074889 0.252216 0.074514 0.252716 0.074374 0.253768 0.074109 0.254293 0.071861 0.255559 0.069954 0.256371 0.069124 0.257218 0.068983 0.258241 0.069189 0.259091 0.069564 0.259591 0.070072 0.259779 0.071046 0.259779 0.071554 0.259591 0.072593 0.258726 0.074670 0.257427 0.075461 0.256632 0.075733 0.256994 0.076428 0.257112 0.076563 0.257292 0.076563 0.258333 0.079687 0.262500 0.079687 0.263542 0.080469 0.263542 0.082031 0.261458 0.081250 0.261458 0.080469 0.260417 0.080469 0.254167 0.082812 0.251042 0.082812 0.248958
0 0.172073 0.297151 0.176007 0.297347 0.177170 0.300623 0.179258 0.300672 0.181409 0.299874 0.183350 0.300018 0.187141 0.300298 0.187922 0.301340 0.189485 0.313840 0.190266 0.314882 0.190266 0.324257 0.190266 0.325298 0.186360 0.335715 0.186360 0.336757 0.181672 0.339882 0.180891 0.340923 0.174641 0.338840 0.173860 0.337798 0.172297 0.333632 0.171516 0.332590 0.171045 0.328825 0.171876 0.323216 0.169954 0.320090 0.169172 0.319048 0.161360 0.319048 0.160579 0.318007 0.160579 0.310715 0.160579 0.309673 0.162394 0.305720 0.164686 0.305269 0.166100 0.314525 0.168238 0.313018 0.168288 0.309411 0.165573 0.304518 0.170781 0.297821
0 0.468434 0.533293 0.467687 0.533044 0.467220 0.532546 0.467127 0.531923 0.466380 0.529682 0.466193 0.526071 0.467127 0.524825 0.468154 0.524825 0.469929 0.524452 0.470489 0.524701 0.470769 0.525448 0.470863 0.531674 0.470582 0.532795 0.470302 0.533168 0.469462 0.533542
0 0.466006 0.538399 0.463391 0.538399 0.460963 0.538025 0.459935 0.537029 0.459749 0.536531 0.460029 0.536157 0.460216 0.535410 0.461523 0.533916 0.462457 0.533667 0.463391 0.533044 0.465633 0.533044 0.466286 0.533417 0.466753 0.533916 0.466940 0.534663 0.466940 0.537153 0.466660 0.537527
0 0.411719 0.525000 0.418750 0.532292 0.419531 0.533333 0.419531 0.537500 0.418750 0.538542 0.415625 0.539583 0.414844 0.539583 0.410156 0.533333 0.409375 0.532292 0.409375 0.528125 0.409375 0.527083 0.411719 0.525000
0 0.406888 0.538897 0.405393 0.539395 0.403992 0.539395 0.402778 0.539146 0.401751 0.538648 0.400630 0.537776 0.400350 0.537278 0.400070 0.536531 0.399976 0.535784 0.400257 0.535161 0.400630 0.534663 0.401938 0.533542 0.402125 0.532670 0.402685 0.531799 0.403152 0.531425 0.405207 0.531425 0.405487 0.530678 0.405487 0.530055 0.405767 0.529682 0.406234 0.529557 0.407261 0.529931 0.408195 0.530304 0.408102 0.530927 0.407168 0.532048 0.406607 0.533168 0.406514 0.533791 0.407355 0.534538 0.407635 0.534912 0.407822 0.535534 0.407822 0.536780 0.407541 0.537900
0 0.472637 0.541263 0.470489 0.540142 0.470396 0.537776 0.471049 0.536904 0.472544 0.535908 0.473104 0.535784 0.474692 0.534912 0.474972 0.534289 0.475065 0.533542 0.475626 0.532421 0.475626 0.529557 0.475532 0.528935 0.475252 0.528561 0.475159 0.527689 0.475812 0.526818 0.477774 0.526693 0.479922 0.529184 0.480762 0.530802 0.481323 0.532421 0.481603 0.534414 0.481509 0.535784 0.481229 0.536406 0.480389 0.536904 0.477961 0.539270 0.476653 0.539893 0.473758 0.540516
0 0.483135 0.462762 0.482630 0.462538 0.481790 0.461791 0.481566 0.461342 0.481509 0.460819 0.480221 0.461193 0.479436 0.461193 0.478596 0.460670 0.478091 0.459624 0.478035 0.458428 0.478259 0.457905 0.478596 0.457532 0.479436 0.457158 0.479828 0.456710 0.479660 0.455589 0.478988 0.453871 0.478428 0.453049 0.476915 0.451555 0.476522 0.450957 0.476410 0.450284 0.476410 0.449089 0.478147 0.444830 0.480949 0.443261 0.482238 0.443261 0.483303 0.443560 0.483639 0.443859 0.484367 0.447146 0.484479 0.449388 0.484648 0.450210 0.485488 0.451704 0.485824 0.452003 0.487113 0.452526 0.488178 0.453796 0.489691 0.455066 0.490531 0.457756 0.490699 0.460221 0.490419 0.460894 0.489859 0.461342 0.488962 0.461865 0.486889 0.462612 0.483695 0.462612
0 0.478596 0.477705 0.476746 0.474492 0.476074 0.472699 0.475177 0.472176 0.474225 0.472176 0.473889 0.471877 0.473440 0.470682 0.473328 0.469411 0.473440 0.468291 0.474057 0.466498 0.474393 0.464704 0.475962 0.462612 0.476746 0.461940 0.478091 0.461716 0.478988 0.462986 0.479828 0.465227 0.480165 0.465676 0.481285 0.466423 0.482350 0.467544 0.482462 0.470009 0.482686 0.470532 0.483023 0.472923 0.483583 0.474119 0.484311 0.474791 0.484591 0.475239 0.484704 0.475762 0.484704 0.477630 0.484535 0.478228 0.484255 0.478601 0.482910 0.479498 0.481566 0.479946 0.480389 0.479872 0.480165 0.479423 0.479044 0.478303
0 0.415966 0.324601 0.414529 0.323492 0.414075 0.323492 0.413622 0.323089 0.413319 0.322484 0.413168 0.321778 0.413168 0.321173 0.413622 0.319459 0.413773 0.318047 0.414302 0.316434 0.414907 0.315426 0.417252 0.315325 0.417781 0.315426 0.418915 0.316031 0.419142 0.317241 0.419823 0.319257 0.419747 0.321879 0.419142 0.323190 0.418840 0.323593 0.417932 0.324198 0.416571 0.324501
0 0.528029 0.340509 0.537960 0.339372 0.539732 0.342409 0.543638 0.345534 0.544419 0.345534 0.545200 0.348659 0.545200 0.349701 0.548325 0.351784 0.549107 0.352826 0.560825 0.350743 0.561607 0.350743 0.567075 0.346576 0.567857 0.345534 0.573325 0.344493 0.574107 0.344493 0.574888 0.345534 0.575669 0.346576 0.577232 0.354909 0.578013 0.355951 0.584263 0.356993 0.585044 0.356993 0.590513 0.362201 0.591294 0.363243 0.592075 0.369493 0.592075 0.370534 0.594419 0.374701 0.595200 0.375743 0.602232 0.373659 0.603013 0.373659 0.604575 0.374701 0.605357 0.375743 0.606138 0.379909 0.606919 0.380951 0.612743 0.376311 0.619241 0.379957 0.622793 0.387012 0.627302 0.389048 0.625562 0.397997 0.624533 0.400695 0.622047 0.402684 0.617537 0.404009 0.615051 0.403252 0.610790 0.403252 0.604575 0.403868 0.603794 0.404909 0.603794 0.406993 0.603013 0.408034 0.603794 0.411159 0.603794 0.412201 0.602232 0.422618 0.601450 0.423659 0.603794 0.436159 0.604575 0.437201 0.604575 0.443451 0.604575 0.444493 0.609972 0.450891 0.607006 0.460203 0.609516 0.456496 0.613826 0.454583 0.614624 0.456925 0.613169 0.459076 0.613572 0.461236 0.613169 0.462201 0.612764 0.465156 0.612967 0.471740 0.611735 0.472666 0.613540 0.476398 0.610954 0.477139 0.608745 0.473535 0.605942 0.475821 0.604366 0.483389 0.601104 0.481435 0.598812 0.477223 0.600508 0.474786 0.600067 0.470508 0.597668 0.473662 0.593861 0.473723 0.593171 0.471437 0.592953 0.467689 0.594266 0.464123 0.591294 0.461159 0.590513 0.460118 0.587388 0.459076 0.586607 0.459076 0.584263 0.463243 0.583482 0.464284 0.585304 0.464469 0.585112 0.468068 0.583969 0.472014 0.580378 0.472392 0.582445 0.474389 0.582069 0.482594 0.578602 0.483636 0.563169 0.484076 0.562388 0.484076 0.560825 0.485118 0.560044 0.485118 0.556919 0.490326 0.556138 0.491368 0.552232 0.491368 0.551450 0.491368 0.545982 0.488243 0.545200 0.488243 0.534263 0.478868 0.533482 0.478868 0.531138 0.475743 0.530357 0.474701 0.531138 0.472618 0.531138 0.471576 0.527232 0.465326 0.526450 0.464284 0.508482 0.459076 0.507700 0.458034 0.502232 0.456993 0.501450 0.456993 0.498325 0.460118 0.497544 0.460118 0.492857 0.466368 0.492075 0.467409 0.489732 0.475743 0.488950 0.476784 0.487292 0.474701 0.485166 0.471712 0.483053 0.468513 0.483729 0.462465 0.484685 0.462583 0.485189 0.462513 0.485674 0.462667 0.486119 0.462293 0.487398 0.461405 0.492718 0.461186 0.491205 0.456645 0.488515 0.450897 0.488169 0.445534 0.488950 0.444493 0.490513 0.436159 0.491294 0.435118 0.493638 0.414284 0.493638 0.413243 0.500669 0.404909 0.501450 0.403868 0.505357 0.402826 0.506138 0.402826 0.509263 0.399701 0.510044 0.398659 0.510044 0.389284 0.510044 0.388243 0.517075 0.374701 0.517075 0.373659 0.523325 0.367409 0.524107 0.366368 0.524888 0.361159 0.525669 0.360118 0.523218 0.355179 0.524282 0.350215 0.525669 0.349701 0.527232 0.345534 0.527232 0.344493 0.526345 0.342490
0 0.502344 0.458333 0.507812 0.458333 0.508594 0.458333 0.512500 0.460417 0.513281 0.461458 0.525000 0.464583 0.525781 0.464583 0.528906 0.468750 0.529687 0.469792 0.529687 0.475000 0.529687 0.476042 0.532813 0.480208 0.533594 0.481250 0.538281 0.484375 0.539062 0.484375 0.544531 0.490625 0.545312 0.491667 0.550781 0.493750 0.551562 0.494792 0.567187 0.495833 0.567969 0.495833 0.570312 0.497917 0.571094 0.497917 0.577368 0.504306 0.577698 0.506100 0.582056 0.505026 0.582499 0.509525 0.587235 0.512339 0.579688 0.514583 0.574219 0.515625 0.573438 0.515625 0.566406 0.528125 0.565625 0.529167 0.560937 0.532292 0.560156 0.532292 0.552344 0.540625 0.551562 0.541667 0.551562 0.547917 0.551562 0.548958 0.556250 0.559375 0.557031 0.560417 0.556250 0.568750 0.556250 0.569792 0.552344 0.577083 0.551562 0.578125 0.536719 0.577083 0.535937 0.577083 0.531250 0.579167 0.530469 0.580208 0.517969 0.580208 0.517188 0.580208 0.506250 0.565625 0.505469 0.564583 0.503125 0.563542 0.502344 0.562500 0.491406 0.560417 0.490625 0.560417 0.483594 0.552083 0.482812 0.551042 0.482031 0.548958 0.482031 0.547917 0.482812 0.545833 0.483594 0.544792 0.483666 0.542967 0.484375 0.525000 0.485156 0.523958 0.483594 0.515625 0.483594 0.514583 0.489063 0.507292 0.489844 0.506250 0.490625 0.503125 0.491406 0.502083 0.491406 0.497917 0.491406 0.496875 0.489844 0.493750 0.489063 0.492708 0.489063 0.488542 0.489063 0.487500 0.490625 0.482292 0.491406 0.481250 0.492188 0.470833 0.492188 0.469792 0.496875 0.461458 0.496875 0.460417 0.502344 0.458333
0 0.546094 0.577083 0.553125 0.577083 0.553906 0.578125 0.553906 0.583333 0.553906 0.584375 0.548438 0.594792 0.547656 0.595833 0.544531 0.594792 0.543750 0.594792 0.541406 0.590625 0.540625 0.589583 0.540625 0.585417 0.540625 0.584375 0.542188 0.580208 0.542188 0.579167 0.546094 0.577083
0 0.609375 0.298958 0.610938 0.298958 0.611719 0.298958 0.613281 0.301042 0.614062 0.302083 0.612500 0.325000 0.612500 0.326042 0.610938 0.329167 0.610156 0.330208 0.608594 0.330208 0.607812 0.331250 0.600000 0.330208 0.599219 0.330208 0.598437 0.327083 0.597656 0.326042 0.598437 0.311458 0.598437 0.310417 0.600000 0.307292 0.600781 0.306250 0.609375 0.298958
0 0.603681 0.279058 0.603090 0.277681 0.602205 0.276894 0.601983 0.276402 0.601983 0.275811 0.602869 0.273843 0.602869 0.273253 0.602426 0.273253 0.601024 0.272662 0.600138 0.272564 0.599622 0.272269 0.598958 0.271383 0.598515 0.270399 0.598441 0.268333 0.598736 0.266562 0.598662 0.260757 0.599031 0.260166 0.601393 0.259871 0.601836 0.259871 0.602352 0.260166 0.603902 0.260363 0.605304 0.257903 0.605673 0.256034 0.606042 0.255739 0.608477 0.254460 0.608920 0.254361 0.609510 0.253869 0.610839 0.253377 0.611355 0.253476 0.612315 0.254460 0.612684 0.254853 0.612831 0.255542 0.613126 0.258297 0.613126 0.260954 0.613348 0.261446 0.613717 0.261741 0.615119 0.261741 0.615562 0.262331 0.617185 0.263709 0.617554 0.265086 0.617702 0.266956 0.617554 0.267546 0.617185 0.267743 0.616521 0.268727 0.616226 0.269711 0.616447 0.271679 0.616447 0.272859 0.616669 0.274138 0.616669 0.275614 0.616521 0.276303 0.615488 0.278271 0.613422 0.279353 0.612979 0.280239 0.612610 0.281518 0.611872 0.281912 0.608846 0.282010 0.607813 0.281813 0.605968 0.280829 0.605747 0.280337 0.604861 0.279845 0.604345 0.279747
0 0.603902 0.283092 0.601540 0.284076 0.601024 0.283879 0.599622 0.284076 0.597703 0.283289 0.597039 0.281715 0.595932 0.280829 0.595268 0.278960 0.592390 0.278960 0.592168 0.278468 0.591947 0.275122 0.592242 0.273843 0.593128 0.273253 0.593866 0.273154 0.594530 0.272859 0.594973 0.272859 0.598589 0.274630 0.600434 0.274926 0.601762 0.275811 0.603312 0.278173 0.603902 0.279747 0.604123 0.280829 0.603976 0.281321 0.603976 0.281912
0 0.407726 0.435218 0.407966 0.433097 0.413733 0.433972 0.415959 0.437181 0.415685 0.450219 0.414784 0.450251 0.414844 0.455208 0.415954 0.456250 0.416406 0.460417 0.416406 0.461458 0.417035 0.462654 0.416957 0.464063 0.416526 0.467195 0.411530 0.472708 0.407732 0.475473 0.400000 0.475000 0.399219 0.475000 0.397656 0.472917 0.396875 0.471875 0.392969 0.458333 0.392969 0.457292 0.392569 0.453528 0.387709 0.453572 0.389062 0.451042 0.389062 0.450000 0.389844 0.447917 0.390625 0.446875 0.390413 0.439463 0.390652 0.437338 0.393426 0.436013 0.395069 0.439023 0.397656 0.438542 0.400000 0.436458 0.400781 0.435417 0.405469 0.435459
0 0.423438 0.437500 0.426563 0.437500 0.427344 0.437500 0.429735 0.438836 0.430443 0.440625 0.429969 0.448127 0.429165 0.449218 0.429005 0.450621 0.432899 0.451023 0.432909 0.454038 0.430431 0.456343 0.428444 0.457447 0.426319 0.458145 0.425883 0.466506 0.425785 0.469261 0.420215 0.468634 0.420294 0.465732 0.418750 0.465625 0.417187 0.462500 0.416406 0.461458 0.416406 0.457292 0.415625 0.456250 0.416406 0.443750 0.416406 0.442708 0.423438 0.437500
0 0.755786 0.534997 0.755116 0.535108 0.753862 0.534885 0.753192 0.533993 0.753025 0.533324 0.754531 0.532766 0.754782 0.532320 0.754865 0.531539 0.754782 0.530981 0.755618 0.528974 0.755284 0.528304 0.755200 0.527635 0.755451 0.526185 0.755451 0.520719 0.755284 0.518935 0.755284 0.516258 0.755953 0.515477 0.756957 0.515031 0.757292 0.514696 0.758128 0.514696 0.759634 0.515589 0.761558 0.515700 0.762227 0.517262 0.762813 0.518043 0.762896 0.518600 0.762896 0.521500 0.762311 0.523843 0.761474 0.524512 0.761223 0.525070 0.759969 0.525850 0.759299 0.526520 0.759132 0.527077 0.759969 0.527747 0.759969 0.528304 0.759550 0.529420 0.759048 0.530424 0.758295 0.531204 0.757877 0.531985 0.756539 0.533101 0.756288 0.533547 0.756288 0.534104
0 0.750683 0.478445 0.749930 0.478334 0.749595 0.477999 0.748591 0.477553 0.748089 0.476661 0.748089 0.474987 0.748173 0.474095 0.748424 0.473426 0.748424 0.472087 0.748842 0.470860 0.749261 0.470637 0.751770 0.470526 0.752607 0.471195 0.753694 0.472757 0.754113 0.473091 0.754196 0.473760 0.754113 0.475434 0.754029 0.475991 0.751352 0.478557
0 0.724164 0.490269 0.723160 0.490603 0.721738 0.490603 0.720817 0.490046 0.719228 0.488596 0.718893 0.487815 0.718642 0.486476 0.718642 0.476995 0.718893 0.475657 0.718977 0.469187 0.719228 0.468741 0.719228 0.468183 0.720232 0.467849 0.722574 0.467626 0.724164 0.469856 0.725418 0.472310 0.726757 0.475657 0.728095 0.478557 0.729183 0.482349 0.730020 0.484468 0.729434 0.485249 0.729350 0.487145 0.729183 0.487703 0.728263 0.488038 0.725753 0.490380 0.724917 0.490715
0 0.773605 0.470749 0.772517 0.470080 0.771764 0.469299 0.771597 0.466956 0.771095 0.465283 0.771011 0.464168 0.771262 0.462941 0.772015 0.462160 0.773270 0.462049 0.773688 0.462272 0.774023 0.462718 0.774190 0.463499 0.774441 0.463945 0.774525 0.464614 0.775445 0.465395 0.775696 0.466064 0.775780 0.467849 0.775110 0.469299 0.774441 0.470080
0 0.761809 0.458368 0.761056 0.457921 0.760220 0.457029 0.760303 0.453906 0.759718 0.454129 0.758630 0.456025 0.758379 0.456806 0.757793 0.457698 0.756539 0.457029 0.755702 0.456360 0.755451 0.455914 0.755535 0.451341 0.756455 0.450783 0.756622 0.450114 0.756622 0.448887 0.756790 0.448217 0.756873 0.446879 0.757292 0.445206 0.757626 0.444648 0.758630 0.444648 0.760470 0.446098 0.761558 0.447214 0.763733 0.451006 0.763817 0.453460 0.764068 0.455244 0.763984 0.456360 0.763482 0.457364 0.762980 0.457475 0.762646 0.457810
0 0.777202 0.472422 0.777202 0.468518 0.776616 0.467514 0.776616 0.466956 0.777118 0.463945 0.777620 0.462495 0.777704 0.461825 0.778206 0.460599 0.778289 0.459929 0.778791 0.458256 0.780046 0.457364 0.782472 0.457364 0.783560 0.457810 0.784396 0.457810 0.784814 0.458368 0.784898 0.458925 0.784898 0.461379 0.784564 0.461937 0.784229 0.464614 0.783392 0.467626 0.782974 0.468629 0.782723 0.469968 0.782723 0.471195 0.782388 0.471530 0.781970 0.471530 0.781050 0.471976 0.779209 0.472533 0.778122 0.472645
0 0.751101 0.468072 0.750432 0.467849 0.749762 0.467179 0.749093 0.465841 0.748675 0.463945 0.746416 0.463052 0.745663 0.462495 0.745329 0.462049 0.745245 0.460375 0.745412 0.457029 0.745831 0.456583 0.746249 0.456583 0.747336 0.457141 0.748006 0.457921 0.748257 0.458591 0.748591 0.459037 0.750850 0.461268 0.751770 0.461491 0.752607 0.461491 0.752523 0.463387 0.751770 0.464949
0 0.765657 0.522058 0.764151 0.522170 0.763900 0.521723 0.763817 0.518823 0.764151 0.517708 0.764068 0.516481 0.764402 0.516146 0.765741 0.516035 0.766577 0.515700 0.767832 0.515812 0.769087 0.518154 0.769505 0.518377 0.769924 0.520162 0.769673 0.520608 0.768752 0.521277 0.767414 0.521723 0.766410 0.521835
0 0.798952 0.509008 0.797698 0.509342 0.797028 0.509231 0.796694 0.508896 0.796443 0.508338 0.796359 0.506554 0.797363 0.505438 0.797865 0.504434 0.799120 0.503319 0.799371 0.501646 0.800625 0.501646 0.802968 0.503096 0.803303 0.503431 0.803637 0.504546 0.803804 0.505773 0.803804 0.506331 0.803303 0.507000 0.801880 0.507558 0.800876 0.508450 0.799956 0.509008
0 0.946667 0.535676 0.945529 0.535549 0.945245 0.535044 0.944960 0.533526 0.944581 0.533273 0.944107 0.533273 0.943443 0.532388 0.943158 0.531882 0.943063 0.531377 0.943158 0.529986 0.943822 0.529227 0.944296 0.528974 0.944770 0.528974 0.946383 0.529606 0.946667 0.530239 0.947995 0.530112 0.948374 0.530491 0.948848 0.531629 0.948754 0.532767 0.948374 0.532894 0.947426 0.534285 0.947046 0.534411
0 0.948469 0.520123 0.946952 0.520249 0.945529 0.519617 0.945245 0.519238 0.945150 0.518606 0.945434 0.517341 0.945434 0.515824 0.945814 0.514054 0.945814 0.513421 0.946098 0.513042 0.947046 0.513042 0.947805 0.513295 0.949038 0.514306 0.950366 0.515065 0.951030 0.515824 0.950935 0.516330 0.950650 0.516709 0.950271 0.517720 0.949892 0.519870 0.949417 0.519996
0 0.883526 0.517215 0.882275 0.517215 0.881421 0.515242 0.881080 0.513952 0.881080 0.512283 0.882218 0.509249 0.883470 0.508869 0.884380 0.508945 0.885575 0.509856 0.885916 0.510387 0.886315 0.510538 0.886656 0.510918 0.886827 0.511449 0.886827 0.512511 0.886371 0.514180 0.884608 0.515849 0.884095 0.516684
0 0.404642 0.098157 0.404546 0.094818 0.404257 0.094433 0.403776 0.094305 0.403390 0.093920 0.402909 0.093920 0.402524 0.094176 0.401561 0.094176 0.400887 0.093278 0.400405 0.091609 0.400116 0.091095 0.399924 0.089811 0.399924 0.089169 0.400309 0.088655 0.401079 0.088399 0.401368 0.087371 0.401657 0.086986 0.402909 0.086986 0.403101 0.086344 0.403390 0.085959 0.403776 0.085831 0.404546 0.087371 0.405990 0.089426 0.406472 0.089939 0.407435 0.090068 0.408205 0.090581 0.408301 0.091480 0.408687 0.092507 0.408687 0.093791 0.409168 0.094947 0.408013 0.095846 0.407435 0.096744 0.407435 0.097386 0.407146 0.098414 0.405798 0.098670
0 0.399250 0.088142 0.397709 0.087243 0.396842 0.085959 0.396650 0.084804 0.396746 0.083006 0.397227 0.081465 0.397901 0.080438 0.398672 0.079924 0.399539 0.079796 0.401368 0.080695 0.401753 0.081080 0.402909 0.081722 0.403198 0.082878 0.403198 0.085574 0.403101 0.086088 0.402427 0.086858 0.400116 0.087628
0 0.382783 0.099184 0.381916 0.099056 0.381627 0.098414 0.381627 0.097130 0.381146 0.096873 0.380568 0.096102 0.380472 0.094947 0.381146 0.093791 0.381146 0.091865 0.381916 0.091095 0.383457 0.090325 0.384805 0.090453 0.386057 0.091223 0.386346 0.091737 0.386346 0.092379 0.385768 0.093278 0.385287 0.095204 0.384901 0.095846 0.384805 0.097130 0.383553 0.097643 0.383264 0.098157
0 0.965170 0.417090 0.969186 0.417090 0.969834 0.416572 0.971907 0.415708 0.971777 0.411562 0.972036 0.410698 0.972814 0.410007 0.974498 0.409144 0.975275 0.408280 0.976441 0.407589 0.977737 0.407589 0.978255 0.407243 0.980846 0.407243 0.981235 0.407071 0.982401 0.405516 0.982790 0.405170 0.983308 0.405170 0.984474 0.403961 0.985511 0.403270 0.986677 0.401197 0.987065 0.400161 0.987324 0.398779 0.987324 0.398088 0.984085 0.396188 0.983567 0.397915 0.982660 0.399124 0.980976 0.399124 0.980458 0.398952 0.980069 0.398606 0.979680 0.397051 0.979810 0.390314 0.979680 0.389796 0.979292 0.389451 0.978126 0.389105 0.977607 0.388760 0.976312 0.388241 0.972296 0.388241 0.970352 0.389105 0.970223 0.390660 0.969963 0.391696 0.969963 0.392387 0.969704 0.393078 0.969445 0.394633 0.968927 0.395669 0.968797 0.396879 0.969057 0.397570 0.971389 0.398433 0.971777 0.398779 0.971129 0.401543 0.970870 0.402061 0.966984 0.402061 0.965170 0.403097 0.964652 0.403097 0.964263 0.402752 0.964004 0.402061 0.963615 0.400506 0.963615 0.399815 0.962060 0.398952 0.961283 0.398779 0.960894 0.398433 0.960376 0.398433 0.959858 0.399124 0.959340 0.401025 0.959210 0.403097 0.959469 0.403616 0.960635 0.404652 0.961931 0.405516 0.962060 0.406034 0.962060 0.408453 0.962319 0.409489 0.965429 0.411389 0.966465 0.411735 0.966984 0.411735 0.966724 0.412253 0.966465 0.413289 0.966077 0.413462 0.964133 0.413635 0.963745 0.413980 0.963485 0.414844 0.963485 0.416399 0.963874 0.416572
0 0.677344 0.069792 0.682031 0.069792 0.682813 0.069792 0.684375 0.071875 0.685156 0.072917 0.685937 0.078125 0.686719 0.079167 0.686719 0.085417 0.686719 0.086458 0.685156 0.089583 0.685156 0.090625 0.682813 0.090625 0.682031 0.090625 0.677344 0.085417 0.676562 0.084375 0.675781 0.081250 0.675000 0.080208 0.675000 0.075000 0.675000 0.073958 0.677344 0.069792
0 0.671875 0.073958 0.674219 0.073958 0.675000 0.075000 0.675000 0.078125 0.675781 0.079167 0.674219 0.081250 0.673438 0.082292 0.668750 0.080208 0.667969 0.080208 0.667969 0.077083 0.667969 0.076042 0.671875 0.073958
0 0.723823 0.094658 0.722704 0.096150 0.722424 0.097082 0.722145 0.097455 0.721305 0.097642 0.720606 0.098388 0.719767 0.098760 0.718788 0.098574 0.718368 0.098388 0.717949 0.097269 0.717949 0.090929 0.718368 0.089810 0.720047 0.087386 0.720047 0.085148 0.720187 0.084029 0.720466 0.082724 0.720886 0.082164 0.723124 0.082164 0.724382 0.082724 0.724382 0.085707 0.724662 0.086267 0.724662 0.087945 0.724942 0.088318 0.726340 0.088318 0.727179 0.088131 0.728018 0.087758 0.728158 0.087199 0.729137 0.087199 0.729837 0.086826 0.731515 0.086453 0.731934 0.086453 0.732494 0.086826 0.732774 0.087199 0.732774 0.087758 0.732634 0.088318 0.732074 0.089437 0.732074 0.090742 0.731934 0.091488 0.731655 0.091861 0.728578 0.092793 0.728438 0.093353 0.728438 0.095217 0.728858 0.095590 0.729697 0.095963 0.729976 0.096336 0.729976 0.100439 0.730256 0.102117 0.730816 0.103422 0.730816 0.105846 0.730536 0.106219 0.730116 0.106219 0.728997 0.107338 0.725501 0.107338 0.724242 0.106779 0.723683 0.106033 0.723124 0.105660 0.722704 0.103049 0.722424 0.102676 0.722005 0.102490 0.720746 0.101371 0.720606 0.100812 0.720606 0.100066 0.720746 0.099506 0.722704 0.098388 0.723263 0.097642 0.723683 0.096523
0 0.764844 0.120833 0.767188 0.120833 0.767969 0.121875 0.767188 0.126042 0.766406 0.127083 0.754687 0.131250 0.753906 0.132292 0.750000 0.132292 0.749219 0.132292 0.747656 0.130208 0.746875 0.129167 0.747656 0.123958 0.748437 0.122917 0.764844 0.120833
0 0.941980 0.121024 0.948230 0.123108 0.949011 0.124149 0.949792 0.133524 0.949792 0.134566 0.949011 0.135608 0.948230 0.136649 0.945964 0.134930 0.943033 0.135398 0.934948 0.135608 0.934167 0.135608 0.933386 0.132483 0.933386 0.131441 0.941980 0.121024
0 0.902978 0.202067 0.900461 0.202627 0.899622 0.201881 0.898503 0.200203 0.897524 0.200016 0.897244 0.199457 0.897244 0.198711 0.896964 0.198338 0.896964 0.194422 0.897104 0.193862 0.897943 0.193489 0.898363 0.193489 0.898783 0.193117 0.898922 0.192557 0.898922 0.189760 0.898503 0.189387 0.898503 0.188828 0.898643 0.188268 0.899761 0.186403 0.900181 0.185285 0.900321 0.184166 0.900740 0.183047 0.901719 0.181928 0.902698 0.181182 0.903258 0.180250 0.903677 0.180063 0.903957 0.179690 0.904796 0.179690 0.905356 0.179877 0.905775 0.180436 0.906055 0.181555 0.905635 0.181742 0.905076 0.182487 0.904656 0.183606 0.904237 0.183979 0.904237 0.185285 0.904517 0.185658 0.904656 0.186776 0.904377 0.187149 0.904237 0.187709 0.903677 0.188455 0.903677 0.190319 0.904097 0.191625 0.903677 0.193303 0.903118 0.194422 0.903118 0.196100 0.903538 0.196846 0.903538 0.197965 0.903817 0.198338 0.903817 0.200016 0.903538 0.200762
0 0.971787 0.315257 0.970808 0.316563 0.969969 0.317309 0.968850 0.317681 0.967731 0.318614 0.966892 0.318987 0.966473 0.319360 0.965913 0.319360 0.965494 0.318800 0.965214 0.317681 0.965214 0.314698 0.965913 0.312833 0.966333 0.312460 0.966752 0.310595 0.966752 0.307798 0.967032 0.307239 0.967172 0.305747 0.967452 0.305188 0.967452 0.299966 0.968710 0.298661 0.969969 0.297915 0.970808 0.296983 0.971228 0.297542 0.971927 0.301085 0.971927 0.305001 0.972207 0.306679 0.972207 0.308358 0.972347 0.308917 0.972347 0.312087 0.972626 0.312833 0.972626 0.313952
0 0.874243 0.294605 0.878660 0.291622 0.880421 0.294605 0.873814 0.300900 0.876972 0.300637 0.879316 0.298000 0.883594 0.310417 0.884375 0.322917 0.883594 0.323958 0.879687 0.322917 0.878906 0.322917 0.872656 0.318750 0.869358 0.313342 0.868866 0.305941 0.863889 0.305646 0.865625 0.300000 0.866464 0.298399 0.869907 0.297775
0 0.888339 0.320460 0.895370 0.323585 0.896152 0.323585 0.896933 0.326710 0.896933 0.327752 0.893808 0.328794 0.893027 0.328794 0.886777 0.325669 0.885995 0.325669 0.885995 0.323585 0.885995 0.322544 0.888339 0.320460
0 0.900477 0.323958 0.905946 0.325000 0.906727 0.325000 0.908290 0.330208 0.908290 0.331250 0.906727 0.332292 0.905946 0.333333 0.902821 0.332292 0.902040 0.332292 0.900477 0.330208 0.899696 0.329167 0.899696 0.327083 0.898915 0.326042 0.900477 0.323958
0 0.935460 0.367490 0.939063 0.365625 0.939844 0.365625 0.939844 0.368750 0.939844 0.369792 0.937500 0.373958 0.936719 0.375000 0.932813 0.376042 0.932031 0.376042 0.931308 0.374486 0.932986 0.370460 0.934201 0.367863
0 0.934375 0.377083 0.938281 0.379167 0.939063 0.380208 0.939063 0.383333 0.939063 0.384375 0.937500 0.386458 0.936719 0.387500 0.933594 0.386458 0.932813 0.385417 0.932813 0.380208 0.932813 0.379167 0.934375 0.377083
0 0.922278 0.356095 0.921159 0.355163 0.920740 0.354603 0.919761 0.354044 0.918922 0.353298 0.918922 0.352739 0.918362 0.352366 0.915425 0.352366 0.914306 0.351247 0.913887 0.349942 0.913607 0.348263 0.913607 0.345839 0.914027 0.345466 0.914866 0.345280 0.916125 0.344161 0.916684 0.343415 0.916824 0.342856 0.917104 0.342483 0.917243 0.341550 0.918642 0.339499 0.919481 0.339313 0.919901 0.338940 0.921020 0.339126 0.923257 0.340618 0.923957 0.341364 0.923957 0.342483 0.922838 0.344907 0.922698 0.345466 0.922698 0.346212 0.922838 0.347144 0.923257 0.347517 0.924236 0.349382 0.924376 0.349942 0.924796 0.350314 0.925075 0.350874 0.925495 0.351993 0.925495 0.353485 0.925215 0.354231 0.924096 0.355163 0.923257 0.355163
0 0.932208 0.365419 0.931089 0.365978 0.929691 0.367843 0.928432 0.368216 0.926614 0.368216 0.925775 0.367843 0.924936 0.366724 0.924236 0.366351 0.923957 0.365978 0.922698 0.365419 0.921719 0.364300 0.919341 0.363368 0.918502 0.362622 0.918502 0.361876 0.918782 0.361317 0.918782 0.360198 0.919201 0.359079 0.919201 0.357960 0.919341 0.357214 0.919621 0.356655 0.920600 0.356282 0.924096 0.356282 0.925775 0.355722 0.925915 0.354603 0.926334 0.353485 0.926614 0.352179 0.926614 0.351620 0.927173 0.349382 0.927313 0.348077 0.927593 0.347517 0.928012 0.347331 0.930670 0.347331 0.931229 0.347517 0.931928 0.348450 0.932767 0.350314 0.934446 0.352739 0.934306 0.353485 0.934306 0.355909 0.933327 0.357028 0.932907 0.357214 0.932628 0.357587 0.933187 0.359265 0.935285 0.360571 0.935285 0.361876 0.934725 0.362808 0.934026 0.363554 0.933607 0.363741 0.932348 0.363741 0.930670 0.362995 0.931229 0.363181 0.931509 0.363554
0 0.850000 0.269792 0.852344 0.269792 0.853125 0.269792 0.859375 0.275000 0.860156 0.275000 0.862500 0.277083 0.863281 0.278125 0.863281 0.281250 0.864062 0.282292 0.863281 0.285417 0.863281 0.286458 0.859375 0.292708 0.858594 0.293750 0.859375 0.303125 0.859375 0.304167 0.863281 0.308333 0.863281 0.309375 0.857812 0.310417 0.857031 0.310417 0.854688 0.312500 0.853906 0.313542 0.850781 0.312500 0.850000 0.312500 0.847656 0.305208 0.847656 0.304167 0.838281 0.294792 0.837500 0.293750 0.839063 0.287500 0.839063 0.286458 0.845313 0.276042 0.845313 0.275000 0.850000 0.269792
0 0.321584 0.153246 0.321117 0.153432 0.320184 0.153432 0.318972 0.152935 0.317946 0.151007 0.317433 0.149452 0.317433 0.148146 0.318085 0.147276 0.318738 0.145783 0.319158 0.145783 0.321817 0.146965 0.324242 0.147773 0.325735 0.147835 0.326294 0.149017 0.326621 0.149390 0.328347 0.149950 0.329046 0.150572 0.330958 0.151629 0.330725 0.152126 0.329326 0.152562 0.326621 0.152562 0.324149 0.151816 0.323169 0.151816 0.321910 0.152624
0 0.284079 0.137761 0.282006 0.137761 0.281876 0.136552 0.281617 0.136034 0.281617 0.133270 0.282006 0.131888 0.282395 0.131715 0.283042 0.131715 0.283431 0.131369 0.285115 0.131369 0.285893 0.131888 0.286152 0.132924 0.286152 0.134479 0.286022 0.135170 0.285763 0.135688 0.285374 0.136034 0.284856 0.136034
0 0.325926 0.138625 0.324760 0.138279 0.324242 0.137934 0.323724 0.136897 0.323594 0.135515 0.323206 0.134133 0.323335 0.132751 0.324760 0.131542 0.325019 0.130851 0.326704 0.130333 0.327222 0.130333 0.327611 0.130506 0.327999 0.131542 0.328258 0.132751 0.328258 0.134133 0.327870 0.136034 0.327611 0.136552 0.327222 0.136897 0.326833 0.137934
0 0.326833 0.128260 0.325926 0.127569 0.325408 0.126014 0.325408 0.123941 0.326574 0.122905 0.327352 0.122559 0.327740 0.122214 0.329295 0.122214 0.329684 0.122559 0.330461 0.124114 0.330331 0.125496 0.328777 0.126187 0.328258 0.126187 0.327999 0.126705 0.327611 0.126878
0 0.730469 0.196875 0.732812 0.197917 0.733594 0.198958 0.733594 0.210417 0.733594 0.211458 0.737500 0.220833 0.738281 0.221875 0.739062 0.231250 0.739062 0.232292 0.741406 0.237500 0.741406 0.238542 0.747656 0.247917 0.747656 0.248958 0.752344 0.253125 0.753125 0.254167 0.753125 0.258333 0.753125 0.259375 0.746094 0.264583 0.745313 0.264583 0.740625 0.270833 0.739844 0.271875 0.738281 0.278125 0.738281 0.279167 0.733594 0.284375 0.732812 0.285417 0.721094 0.288542 0.720313 0.289583 0.715625 0.289583 0.714844 0.289583 0.709375 0.282292 0.708594 0.281250 0.704688 0.281250 0.703906 0.281250 0.694531 0.285417 0.693750 0.285417 0.690625 0.288542 0.689844 0.289583 0.689844 0.301042 0.689844 0.302083 0.685937 0.309375 0.685156 0.310417 0.675000 0.305208 0.674219 0.304167 0.668750 0.308333 0.667969 0.309375 0.669531 0.312500 0.670312 0.313542 0.679688 0.313542 0.680469 0.313542 0.685937 0.321875 0.686719 0.322917 0.691406 0.326042 0.692187 0.327083 0.696094 0.340625 0.696094 0.341667 0.693750 0.350000 0.692969 0.351042 0.692187 0.359375 0.692187 0.360417 0.690625 0.362500 0.689844 0.363542 0.687500 0.363542 0.686719 0.363542 0.683594 0.360417 0.682813 0.359375 0.677344 0.357292 0.676562 0.357292 0.675781 0.356250 0.675000 0.355208 0.674219 0.350000 0.673438 0.348958 0.667188 0.345833 0.666406 0.344792 0.664844 0.331250 0.664844 0.330208 0.662500 0.327083 0.661719 0.326042 0.660937 0.321875 0.660937 0.320833 0.659375 0.318750 0.658594 0.317708 0.652344 0.318750 0.651563 0.318750 0.642188 0.316667 0.641406 0.316667 0.637500 0.312500 0.636719 0.311458 0.631250 0.309375 0.630469 0.309375 0.625781 0.305208 0.625000 0.304167 0.623437 0.290625 0.623437 0.289583 0.630469 0.281250 0.631250 0.280208 0.631250 0.271875 0.631250 0.270833 0.646875 0.253125 0.647656 0.252083 0.650781 0.251042 0.651563 0.250000 0.657031 0.250000 0.657813 0.250000 0.669531 0.254167 0.670312 0.254167 0.679688 0.247917 0.680469 0.247917 0.687500 0.240625 0.688281 0.239583 0.696875 0.235417 0.697656 0.235417 0.702344 0.230208 0.703125 0.229167 0.707812 0.229167 0.708594 0.229167 0.711719 0.232292 0.712500 0.232292 0.713281 0.231250 0.714063 0.230208 0.714844 0.215625 0.714844 0.214583 0.717969 0.211458 0.718750 0.211458 0.727344 0.198958 0.728125 0.197917 0.730469 0.196875
0 0.822421 0.293440 0.821163 0.293440 0.820323 0.292694 0.819764 0.291575 0.819764 0.289151 0.820044 0.288032 0.821722 0.286727 0.822002 0.285608 0.821722 0.285048 0.821582 0.284303 0.821722 0.283557 0.822002 0.282997 0.823120 0.281878 0.823540 0.281692 0.824239 0.281692 0.824659 0.281133 0.826477 0.281133 0.827736 0.282624 0.828295 0.284116 0.828295 0.286913 0.827876 0.287286 0.827316 0.287473 0.826897 0.288032 0.826337 0.288219 0.825778 0.288964 0.824799 0.291762 0.824239 0.292880 0.823680 0.293440
0 0.829134 0.294559 0.827736 0.294745 0.827316 0.294559 0.826897 0.293999 0.826617 0.292880 0.826337 0.292507 0.826337 0.291762 0.826197 0.291202 0.826197 0.288405 0.827596 0.287473 0.828435 0.287286 0.830813 0.287286 0.833050 0.288219 0.833610 0.288591 0.834589 0.289710 0.835008 0.289897 0.835288 0.290270 0.835428 0.290829 0.835148 0.291389 0.834729 0.291762 0.833889 0.292321 0.833050 0.292507 0.831232 0.294559 0.830393 0.294745
0 0.830113 0.282438 0.828435 0.282438 0.828015 0.282065 0.827596 0.282065 0.826757 0.281505 0.826477 0.281133 0.826057 0.280014 0.825498 0.279268 0.825498 0.278149 0.825638 0.277589 0.826477 0.276284 0.829834 0.274046 0.830952 0.274046 0.831792 0.274606 0.832910 0.276471 0.834169 0.277589 0.834169 0.278335 0.833750 0.278708 0.832910 0.280200 0.831232 0.281319
0 0.809694 0.294745 0.807596 0.295118 0.807177 0.294932 0.806757 0.294372 0.805918 0.293813 0.804659 0.290270 0.804659 0.288591 0.805079 0.287286 0.805918 0.286167 0.807177 0.284862 0.808855 0.284862 0.809415 0.285235 0.809834 0.285235 0.809974 0.285794 0.810254 0.286167 0.811652 0.286727 0.811792 0.287659 0.810953 0.290829 0.810394 0.291762 0.810114 0.292880
0 0.813191 0.288405 0.812212 0.287659 0.811792 0.287659 0.811512 0.287286 0.811093 0.287100 0.810533 0.286167 0.810254 0.284862 0.810254 0.280200 0.810673 0.278522 0.810813 0.277403 0.811373 0.276657 0.813191 0.276471 0.815289 0.277030 0.815568 0.277403 0.815988 0.277589 0.816687 0.278708 0.816827 0.279268 0.816827 0.279827 0.816547 0.280946 0.816687 0.287286 0.816547 0.287846 0.815988 0.288219 0.815149 0.288591 0.814589 0.288591
0 0.801862 0.292321 0.800604 0.293067 0.799485 0.292880 0.798786 0.291202 0.798646 0.290456 0.798086 0.289710 0.797247 0.289710 0.796828 0.290083 0.795149 0.290829 0.793891 0.290829 0.789415 0.288432 0.789715 0.287766 0.791014 0.287100 0.791513 0.286034 0.792612 0.285368 0.794210 0.284702 0.794310 0.284169 0.794210 0.283637 0.794510 0.282438 0.794810 0.281905 0.795709 0.280973 0.796108 0.280839 0.796708 0.280973 0.797607 0.282171 0.798006 0.282438 0.799305 0.282571 0.799705 0.282837 0.801702 0.282038 0.803101 0.281905 0.804000 0.282305 0.804899 0.283637 0.804899 0.284303 0.804799 0.284835 0.804100 0.286167 0.804000 0.287366 0.802801 0.289231 0.802302 0.291096
0 0.796329 0.276167 0.795734 0.277073 0.794799 0.277413 0.792846 0.277526 0.791996 0.277752 0.789873 0.277639 0.789618 0.277186 0.789618 0.275827 0.789788 0.274694 0.790212 0.273675 0.790297 0.273109 0.789788 0.271863 0.789448 0.271523 0.788513 0.271863 0.786305 0.271749 0.785031 0.271296 0.783841 0.270617 0.783162 0.270504 0.781123 0.269711 0.780444 0.269711 0.776961 0.268918 0.776026 0.268918 0.775007 0.268465 0.774412 0.267899 0.771354 0.266426 0.769231 0.264841 0.768296 0.264501 0.767277 0.264501 0.766172 0.265633 0.764728 0.266539 0.763794 0.266539 0.761840 0.267219 0.760056 0.267106 0.759462 0.265180 0.759462 0.263368 0.760056 0.262349 0.760566 0.262122 0.761925 0.260990 0.762945 0.260537 0.764049 0.260423 0.766003 0.259404 0.767956 0.261103 0.769740 0.262009 0.775007 0.262349 0.775347 0.262009 0.775347 0.259291 0.775517 0.258724 0.775517 0.258158 0.776026 0.256686 0.776621 0.255893 0.777131 0.255893 0.778150 0.256686 0.778660 0.256799 0.779084 0.257818 0.779254 0.257252 0.779254 0.256686 0.780104 0.255893 0.784606 0.253175 0.785031 0.253175 0.786475 0.252382 0.788428 0.252721 0.789363 0.253288 0.790127 0.254194 0.790212 0.255100 0.790127 0.257139 0.789873 0.257705 0.789363 0.258271 0.787749 0.258838 0.785285 0.260197 0.784946 0.260650 0.784691 0.261783 0.784606 0.263255 0.785370 0.264501 0.786814 0.265520 0.787409 0.266539 0.788004 0.267106 0.788768 0.267672 0.791911 0.268578 0.794205 0.270504 0.795224 0.271863 0.796413 0.272995 0.796668 0.273448 0.796923 0.274921 0.796329 0.277186
0 0.653906 0.110417 0.657813 0.114583 0.658594 0.115625 0.659375 0.118750 0.660156 0.119792 0.660937 0.127083 0.660937 0.128125 0.659375 0.131250 0.658594 0.132292 0.653125 0.131250 0.652344 0.131250 0.650781 0.128125 0.650000 0.127083 0.650000 0.116667 0.650000 0.115625 0.653906 0.110417
0 0.600628 0.188909 0.599914 0.188790 0.598665 0.188076 0.598308 0.187363 0.597238 0.184270 0.596792 0.183675 0.596792 0.183081 0.597149 0.182724 0.597327 0.182248 0.597327 0.181653 0.597684 0.180464 0.598665 0.178323 0.598754 0.177728 0.599379 0.175944 0.599735 0.175706 0.601341 0.172614 0.603304 0.169878 0.603661 0.169640 0.604642 0.169759 0.605891 0.170830 0.606248 0.171424 0.606515 0.172257 0.606515 0.174517 0.605891 0.176658 0.605712 0.178323 0.605356 0.179275 0.604999 0.179869 0.604642 0.180107 0.604107 0.181297 0.604107 0.181891 0.604463 0.182248 0.605356 0.182605 0.605623 0.183794 0.605623 0.184389 0.605802 0.184865 0.605891 0.186887 0.605802 0.187482 0.605534 0.187957 0.604820 0.188671 0.603839 0.188909 0.601430 0.188909
0 0.494531 0.219792 0.497656 0.219792 0.498437 0.219792 0.505469 0.234375 0.506250 0.235417 0.506250 0.243750 0.506250 0.244792 0.510938 0.263542 0.511719 0.264583 0.512500 0.272917 0.513281 0.273958 0.513281 0.281250 0.513281 0.282292 0.511719 0.283333 0.510938 0.284375 0.505469 0.281250 0.504687 0.281250 0.501563 0.285417 0.500781 0.286458 0.497656 0.286458 0.496875 0.286458 0.487500 0.272917 0.486719 0.271875 0.484375 0.262500 0.483594 0.261458 0.485156 0.251042 0.485938 0.250000 0.485938 0.228125 0.485938 0.227083 0.494531 0.219792
0 0.494531 0.219792 0.497656 0.219792 0.498437 0.219792 0.501563 0.227083 0.501563 0.228125 0.504687 0.232292 0.505469 0.233333 0.506250 0.242708 0.506250 0.243750 0.511719 0.267708 0.512500 0.268750 0.512500 0.272917 0.513281 0.273958 0.512500 0.282292 0.512500 0.283333 0.510156 0.284375 0.509375 0.284375 0.505469 0.282292 0.504687 0.282292 0.502344 0.284375 0.501563 0.285417 0.497656 0.285417 0.496875 0.285417 0.486719 0.271875 0.485938 0.270833 0.483594 0.263542 0.482812 0.262500 0.478906 0.262500 0.478125 0.262500 0.474219 0.266667 0.473438 0.266667 0.471875 0.265625 0.471094 0.265625 0.467969 0.260417 0.467187 0.259375 0.467187 0.233333 0.467187 0.232292 0.468750 0.229167 0.468750 0.228125 0.470313 0.226042 0.471094 0.225000 0.472656 0.225000 0.473438 0.223958 0.485156 0.226042 0.485938 0.226042 0.494531 0.219792
0 0.357031 0.130208 0.359375 0.131250 0.360156 0.132292 0.360938 0.137500 0.360938 0.138542 0.356250 0.141667 0.355469 0.141667 0.354687 0.140625 0.353906 0.140625 0.353906 0.135417 0.355265 0.134504 0.355360 0.131879 0.357031 0.130208
0 0.456250 0.207292 0.463281 0.207292 0.464062 0.207292 0.472656 0.214583 0.473438 0.214583 0.472656 0.220833 0.472656 0.221875 0.470313 0.223958 0.469531 0.225000 0.467969 0.229167 0.467187 0.230208 0.467969 0.247917 0.467969 0.248958 0.467187 0.252083 0.466406 0.253125 0.466406 0.258333 0.466406 0.259375 0.471875 0.265625 0.472656 0.266667 0.477344 0.264583 0.478125 0.263542 0.482031 0.264583 0.482812 0.265625 0.484375 0.271875 0.485156 0.272917 0.484375 0.283333 0.484375 0.284375 0.482812 0.286458 0.482031 0.287500 0.474219 0.287500 0.473438 0.287500 0.452344 0.272917 0.451562 0.271875 0.446875 0.270833 0.446094 0.269792 0.446875 0.264583 0.446875 0.263542 0.452344 0.251042 0.453125 0.250000 0.454688 0.243750 0.455469 0.242708 0.453125 0.218750 0.453125 0.217708 0.454688 0.210417 0.454688 0.209375 0.456250 0.207292
0 0.596881 0.174279 0.594472 0.174398 0.593669 0.173922 0.592956 0.173209 0.591618 0.172614 0.591261 0.172138 0.590904 0.169283 0.591350 0.168808 0.592510 0.168451 0.593223 0.167856 0.593669 0.167737 0.595543 0.167737 0.596346 0.168094 0.596792 0.168094 0.597149 0.168451 0.597951 0.169997 0.598041 0.171781 0.598219 0.172376 0.598219 0.173684 0.598041 0.174160 0.597684 0.174398
0 0.667246 0.135592 0.666188 0.136180 0.663897 0.137942 0.663016 0.138295 0.660549 0.138295 0.660284 0.137825 0.660460 0.137237 0.660460 0.136532 0.659755 0.133947 0.659844 0.131128 0.660637 0.129600 0.660813 0.129013 0.661165 0.128543 0.662047 0.128425 0.662752 0.128660 0.663721 0.128660 0.665572 0.129483 0.666453 0.129483 0.667334 0.129013 0.668215 0.128308 0.668832 0.126780 0.669890 0.125723 0.670771 0.125370 0.671300 0.125488 0.672093 0.126428 0.673326 0.128543 0.674913 0.129718 0.675001 0.130305 0.675794 0.131832 0.676058 0.133125 0.676058 0.135592 0.676234 0.136062 0.676411 0.137355 0.676323 0.140057 0.676146 0.140645 0.675529 0.141585 0.674207 0.142995 0.673414 0.143465 0.672004 0.143582 0.671388 0.142760 0.671211 0.142055 0.670066 0.140527 0.669625 0.140175 0.668920 0.138060 0.668920 0.137472 0.667863 0.136297
0 0.655966 0.155684 0.654204 0.155567 0.653058 0.154979 0.651736 0.153687 0.651208 0.152747 0.651208 0.152159 0.651560 0.150984 0.651824 0.150514 0.652177 0.150162 0.652618 0.150044 0.653411 0.149222 0.653675 0.148752 0.655438 0.148399 0.656671 0.148869 0.657376 0.149457 0.657552 0.149927 0.657552 0.153687 0.657112 0.154862 0.656759 0.155214
0 0.663721 0.150632 0.662752 0.149339 0.662135 0.147224 0.661430 0.146167 0.661077 0.144875 0.660813 0.144405 0.660725 0.143112 0.661077 0.142055 0.661694 0.140997 0.663809 0.139352 0.664250 0.139117 0.665836 0.138882 0.666541 0.139470 0.666893 0.140410 0.667070 0.143582 0.667334 0.144287 0.668127 0.144757 0.668039 0.147224 0.667598 0.148987 0.667334 0.149457 0.666893 0.149809 0.665836 0.150162 0.664514 0.150162
0 0.897524 0.185285 0.896405 0.184725 0.896125 0.184166 0.894727 0.183420 0.894307 0.183420 0.894027 0.183047 0.894027 0.181928 0.893887 0.181369 0.893887 0.178572 0.894167 0.177453 0.895286 0.175774 0.895846 0.175588 0.896685 0.174283 0.896825 0.173723 0.897104 0.173350 0.897524 0.173164 0.899202 0.173164 0.899622 0.172977 0.900461 0.172977 0.900461 0.176520 0.899622 0.176707 0.901300 0.177453 0.901300 0.178199 0.900880 0.179317 0.900880 0.179877 0.900461 0.180250 0.900041 0.183606 0.899482 0.184352 0.898922 0.184352 0.898503 0.184539
0 0.952238 0.140033 0.957031 0.143750 0.957812 0.143750 0.957812 0.146875 0.957812 0.147917 0.954688 0.153125 0.953906 0.154167 0.948438 0.153125 0.947656 0.152083 0.946875 0.147917 0.948553 0.147248 0.951119 0.141525
0 0.395582 0.054620 0.391107 0.056658 0.390779 0.055493 0.390452 0.055057 0.390452 0.053019 0.391107 0.052437 0.391543 0.051418 0.391980 0.051272 0.392050 0.050513 0.391887 0.049520 0.390343 0.049380 0.390343 0.048798 0.390561 0.048361 0.391653 0.047633 0.392635 0.047488 0.397165 0.048107 0.397184 0.050404 0.397649 0.053050 0.396619 0.053513 0.396674 0.054038
0 0.976351 0.013782 0.975600 0.013782 0.974548 0.012980 0.974247 0.012579 0.973946 0.011277 0.973345 0.010375 0.973721 0.010074 0.972819 0.010174 0.971466 0.009473 0.971391 0.008871 0.971541 0.008370 0.971541 0.007769 0.971691 0.007268 0.972443 0.006566 0.972744 0.006065 0.973570 0.005364 0.974097 0.004362 0.974762 0.003789 0.974923 0.003660 0.976427 0.003660 0.976652 0.003059 0.977028 0.002758 0.978531 0.001856 0.979057 0.001756 0.979133 0.002958 0.979283 0.003460 0.979057 0.004562 0.980636 0.007067 0.981463 0.007669 0.983868 0.008170 0.983116 0.008972 0.983191 0.010976 0.982966 0.011577 0.982515 0.011778 0.981012 0.013281 0.980185 0.013882 0.979734 0.014083 0.977253 0.014183
0 0.995669 0.020196 0.994466 0.020196 0.993790 0.019294 0.993865 0.018693 0.993489 0.018292 0.990783 0.018292 0.990482 0.017791 0.990482 0.017089 0.990107 0.015285 0.990107 0.014684 0.990257 0.014083 0.990558 0.013682 0.992136 0.012379 0.992286 0.011176 0.993639 0.011176 0.994015 0.011477 0.994541 0.013081 0.994992 0.013181 0.995067 0.011978 0.994842 0.010876 0.994842 0.010274 0.995669 0.008671 0.996796 0.007869 0.998149 0.007969 0.999201 0.009072 0.999352 0.009573 0.999352 0.012279 0.999277 0.014183 0.998525 0.016989 0.997397 0.019495 0.997022 0.019896 0.996496 0.020096
0 0.794529 0.078824 0.798438 0.074916 0.799490 0.073412 0.801068 0.072009 0.801895 0.071007 0.802421 0.070005 0.803850 0.068101 0.803850 0.066898 0.804451 0.064994 0.805052 0.064092 0.806330 0.062789 0.806480 0.062288 0.807232 0.061086 0.807683 0.059482 0.808510 0.057678 0.808284 0.057177 0.807908 0.056977 0.806931 0.055573 0.803699 0.054070 0.802497 0.054070 0.802121 0.054671 0.801970 0.055273 0.801444 0.056175 0.801219 0.056876 0.800843 0.057277 0.800843 0.058580 0.800693 0.059081 0.799565 0.059883 0.799039 0.059883 0.798513 0.060184 0.797686 0.060885 0.796032 0.063391 0.795732 0.064593 0.795431 0.064994 0.794229 0.065896 0.793627 0.066798 0.793251 0.067099 0.792800 0.067199 0.792575 0.067700 0.792500 0.069504 0.792274 0.070907 0.792274 0.072511 0.791974 0.074114 0.792049 0.076820 0.792349 0.078824 0.792876 0.079225 0.793402 0.079325 0.793928 0.079125
0 0.806104 0.072611 0.805804 0.071809 0.805127 0.068401 0.804827 0.067900 0.803624 0.066798 0.803850 0.065996 0.804300 0.065696 0.804751 0.064593 0.804902 0.064092 0.804902 0.063391 0.805503 0.061887 0.806330 0.061086 0.806706 0.059983 0.807006 0.059582 0.808209 0.058380 0.808510 0.057277 0.808810 0.056876 0.811817 0.056776 0.812268 0.056876 0.812493 0.057377 0.812644 0.059282 0.812644 0.062990 0.812042 0.064593 0.811291 0.065295 0.811216 0.065896 0.811216 0.066497 0.811441 0.067600 0.811441 0.069504 0.811667 0.070105 0.811892 0.071809 0.811892 0.073212 0.811366 0.074214 0.810990 0.074515 0.810539 0.074615 0.809637 0.074415 0.809261 0.074114 0.808359 0.073813 0.808059 0.072611 0.807082 0.072410
0 0.985972 0.016889 0.984169 0.017590 0.983718 0.017590 0.983267 0.017490 0.982891 0.016488 0.982966 0.015285 0.984018 0.013281 0.984920 0.012379 0.985747 0.012078 0.987701 0.012379 0.988002 0.013081 0.987927 0.015285 0.987100 0.016688 0.986724 0.016889
0 0.978907 0.024305 0.978456 0.024906 0.976502 0.025508 0.975675 0.025107 0.974923 0.024506 0.974623 0.024004 0.974623 0.020898 0.974773 0.020397 0.975074 0.019996 0.975900 0.019695 0.976652 0.019094 0.976803 0.018593 0.977178 0.018392 0.978155 0.018292 0.981387 0.018392 0.981914 0.020096 0.981162 0.020597 0.980711 0.021198 0.980636 0.021800 0.980110 0.023303 0.979734 0.023804
0 0.673438 0.012500 0.676562 0.012500 0.677344 0.012500 0.677344 0.017708 0.677344 0.018750 0.673438 0.019792 0.672656 0.018750 0.673438 0.012500
0 0.590543 0.019123 0.596793 0.020165 0.597574 0.021206 0.597574 0.026415 0.597574 0.027456 0.592887 0.033706 0.592106 0.034748 0.588363 0.034748 0.587302 0.029340 0.584293 0.029540 0.583512 0.028498 0.584293 0.026415 0.584293 0.025373 0.590543 0.019123
0 0.384694 0.003550 0.388820 0.003154 0.389062 0.006250 0.388622 0.008598 0.389206 0.011752 0.387834 0.013581 0.387423 0.016491 0.389051 0.020628 0.387808 0.022902 0.383594 0.021875 0.382812 0.020833 0.383198 0.017488 0.383891 0.016447 0.385145 0.013424 0.384232 0.011253 0.384463 0.007651 0.385156 0.004167
0 0.039250 0.040284 0.038312 0.040511 0.037375 0.040056 0.036608 0.038807 0.036438 0.038239 0.036523 0.034489 0.037971 0.031081 0.038483 0.030854 0.040102 0.030854 0.040528 0.031195 0.041380 0.031536 0.042402 0.032672 0.043084 0.033694 0.043084 0.034830 0.043510 0.036534 0.043510 0.037898 0.043340 0.038693 0.041550 0.039715 0.040102 0.040284
0 0.045385 0.030286 0.044703 0.030513 0.043084 0.030399 0.042061 0.029718 0.041635 0.029377 0.040698 0.027105 0.040613 0.026537 0.040783 0.025969 0.042317 0.023469 0.042658 0.023128 0.045725 0.021879 0.048111 0.021879 0.048708 0.022447 0.048963 0.023015 0.048878 0.024151 0.047430 0.026650 0.048026 0.027332 0.048622 0.027786 0.049048 0.027900 0.049134 0.028468 0.047344 0.029604 0.046066 0.030172
0 0.148145 0.029377 0.146952 0.029718 0.146441 0.029491 0.145930 0.028923 0.145674 0.028354 0.145418 0.025628 0.145418 0.023924 0.146696 0.021992 0.147122 0.021765 0.147975 0.021879 0.149253 0.022788 0.149764 0.023810 0.150360 0.024605 0.150360 0.025855 0.149338 0.027900 0.148571 0.028582
0 0.266669 0.079025 0.265220 0.078570 0.263772 0.077434 0.262664 0.075616 0.261812 0.074935 0.261556 0.073685 0.261471 0.072435 0.261897 0.072208 0.262323 0.072208 0.263005 0.071526 0.263431 0.071413 0.265561 0.071640 0.267776 0.071640 0.268203 0.072094 0.268288 0.072662 0.267947 0.074594 0.268032 0.076525 0.267521 0.077888 0.267436 0.078457
0 0.257296 0.075957 0.256529 0.075843 0.256188 0.075503 0.256188 0.074821 0.256018 0.074139 0.256018 0.072435 0.257126 0.069709 0.257466 0.069368 0.257892 0.069368 0.258318 0.069595 0.259000 0.070390 0.259767 0.070958 0.260023 0.072208 0.260108 0.075730 0.258318 0.075843
0 0.168254 0.056075 0.166635 0.056416 0.165612 0.056416 0.164675 0.055962 0.164164 0.055962 0.163738 0.056303 0.162886 0.057666 0.162460 0.057893 0.160670 0.057893 0.159989 0.057211 0.158625 0.057211 0.158029 0.055962 0.159392 0.052440 0.164590 0.051190 0.164675 0.050168 0.165186 0.050054 0.166891 0.050168 0.167828 0.050508 0.168169 0.051758 0.169106 0.053008 0.169106 0.053576 0.168850 0.054030 0.168680 0.055280
0 0.221875 0.058333 0.225000 0.059375 0.225781 0.059375 0.225781 0.063542 0.225781 0.064583 0.224219 0.066667 0.223438 0.067708 0.220312 0.066667 0.219531 0.065625 0.219531 0.063542 0.219531 0.062500 0.221875 0.058333
0 0.229687 0.060417 0.232031 0.060417 0.232813 0.060417 0.234375 0.063542 0.235156 0.064583 0.233594 0.065625 0.232813 0.066667 0.232031 0.065625 0.231250 0.065625 0.230469 0.064583 0.229687 0.063542 0.229687 0.060417
0 0.163482 0.049940 0.162119 0.049827 0.160926 0.048918 0.160670 0.048123 0.160330 0.047668 0.159818 0.047441 0.159904 0.046759 0.159818 0.045396 0.160074 0.044942 0.160159 0.044260 0.160585 0.043124 0.163397 0.041647 0.163908 0.041647 0.164931 0.042328 0.165186 0.042783 0.165272 0.043351 0.165612 0.043692 0.165357 0.044373 0.164846 0.044714 0.165612 0.045396 0.165698 0.045964 0.165612 0.046532 0.164420 0.049372
0 0.150020 0.022788 0.148912 0.022219 0.148571 0.021538 0.148486 0.020970 0.148571 0.019834 0.149082 0.018698 0.149082 0.018016 0.149423 0.016425 0.150020 0.014721 0.150275 0.013585 0.150275 0.012335 0.150446 0.011654 0.150872 0.011086 0.151298 0.010858 0.152576 0.010745 0.153257 0.012222 0.153428 0.013585 0.153428 0.015176 0.151638 0.022788 0.151383 0.023242 0.150957 0.023469
0 0.067709 0.005746 0.065834 0.005973 0.064982 0.005632 0.064471 0.005178 0.063960 0.004269 0.063704 0.003133 0.063789 0.001883 0.064471 0.000179 0.067624 0.000066 0.068050 0.000293 0.068220 0.001656 0.068135 0.004837
0 0.333766 0.743280 0.332144 0.744953 0.330712 0.744273 0.330197 0.743096 0.330337 0.739954 0.331220 0.739267 0.332282 0.739701 0.333766 0.741187 0.333907 0.742603
0 0.331364 0.739830 0.330481 0.740517 0.329234 0.740330 0.328719 0.739038 0.327940 0.738851 0.327424 0.737674 0.327940 0.736497 0.329741 0.736063 0.330624 0.736751 0.330764 0.737893 0.331504 0.739153
0 0.338202 0.730218 0.336580 0.731892 0.334594 0.731704 0.334078 0.730527 0.334594 0.729350 0.337135 0.728177 0.337827 0.728364 0.338343 0.729541
0 0.324155 0.717403 0.322856 0.719135 0.321840 0.719135 0.321324 0.717958 0.321465 0.714324 0.322348 0.713636 0.322856 0.713824 0.323371 0.715151 0.324155 0.715803 0.324296 0.716726
0 0.312924 0.682961 0.312492 0.683482 0.312587 0.684066 0.312447 0.684743 0.312072 0.685243 0.311468 0.685431 0.310960 0.685243 0.310585 0.684743 0.310446 0.683538 0.310108 0.682961 0.309968 0.681902 0.310108 0.681225 0.310483 0.680725 0.310991 0.680538 0.311645 0.680921 0.312549 0.681107 0.312924 0.681607 0.313064 0.682284
0 0.243473 0.551766 0.243333 0.550567 0.242860 0.549936 0.242156 0.549749 0.241355 0.550067 0.240687 0.550958 0.240197 0.552002 0.240057 0.552679 0.240057 0.553983 0.240197 0.554660 0.241159 0.555682 0.241667 0.555869 0.242175 0.555682 0.242550 0.555182 0.242783 0.553958 0.243235 0.552964 0.243375 0.552287
0 0.279823 0.547095 0.278959 0.547986 0.278255 0.548304 0.277552 0.548116 0.277326 0.547815 0.276904 0.548247 0.275908 0.548434 0.274813 0.547986 0.274438 0.547486 0.274199 0.546548 0.274340 0.545219 0.274715 0.544719 0.275223 0.544531 0.275828 0.544719 0.276011 0.544963 0.276378 0.544719 0.277179 0.544531 0.277687 0.544719 0.277939 0.545054 0.278940 0.545053 0.279448 0.545241 0.279823 0.545741 0.279964 0.546418
0 0.267441 0.555632 0.267301 0.556617 0.266730 0.557378 0.265635 0.557565 0.264736 0.557247 0.264166 0.556617 0.263927 0.555679 0.264068 0.554610 0.264263 0.553958 0.264638 0.553458 0.265929 0.553140 0.266926 0.553589 0.267399 0.554219 0.267539 0.555157
0 0.024860 0.437398 0.024626 0.437710 0.024313 0.437825 0.021877 0.437746 0.021564 0.437631 0.021330 0.437318 0.021244 0.436902 0.021330 0.436485 0.021564 0.436173 0.022493 0.436059 0.022637 0.434663 0.022872 0.434350 0.023541 0.434236 0.023853 0.434350 0.024088 0.434663 0.024287 0.435590 0.024860 0.436327 0.024946 0.436981
0 0.018799 0.476141 0.018565 0.476454 0.018252 0.476568 0.017702 0.476454 0.017400 0.476020 0.016929 0.475741 0.016511 0.475084 0.016172 0.475222 0.015860 0.475107 0.015625 0.474794 0.015540 0.474378 0.015625 0.473961 0.015919 0.473569 0.016253 0.473411 0.016398 0.472377 0.016632 0.472064 0.017167 0.471589 0.017480 0.471474 0.017852 0.471589 0.018502 0.472535 0.018588 0.472952 0.018309 0.473625 0.018680 0.474278 0.018885 0.475725
0 0.070263 0.439783 0.070028 0.440095 0.068356 0.440658 0.068033 0.441088 0.067870 0.441595 0.067255 0.442270 0.066725 0.442457 0.066413 0.442343 0.066178 0.442030 0.066092 0.441614 0.066178 0.441197 0.066413 0.440884 0.066800 0.440699 0.067211 0.439819 0.067772 0.439144 0.069716 0.438522 0.070028 0.438637 0.070263 0.438949 0.070349 0.439366
0 0.097941 0.472627 0.097755 0.472876 0.097506 0.474512 0.097163 0.474970 0.096851 0.475084 0.095111 0.475012 0.094798 0.474897 0.094509 0.474512 0.094423 0.474096 0.094587 0.473575 0.094478 0.473008 0.094564 0.472084 0.094781 0.471576 0.095342 0.470974 0.095818 0.470787 0.097286 0.470787 0.097598 0.470901 0.097833 0.471214 0.098027 0.472211
0 0.204142 0.394812 0.203052 0.396264 0.202613 0.396422 0.202003 0.396964 0.200667 0.397443 0.199331 0.396964 0.198347 0.395652 0.197987 0.393870 0.198347 0.391949 0.199331 0.390637 0.199961 0.390217 0.200486 0.389517 0.201821 0.389038 0.203157 0.389517 0.204142 0.390829 0.204501 0.393031
0 0.196442 0.342788 0.196442 0.342369 0.196092 0.340992 0.195717 0.340492 0.194789 0.340024 0.193319 0.339884 0.192812 0.340072 0.192437 0.340572 0.192227 0.341272 0.192086 0.341949 0.192086 0.342928 0.192227 0.343605 0.192602 0.344105 0.193110 0.344293 0.193529 0.344138 0.193949 0.344293 0.195209 0.344293 0.195927 0.343965 0.196302 0.343465
0 0.236118 0.362241 0.236118 0.363501 0.235978 0.364178 0.235603 0.364678 0.235095 0.364866 0.234587 0.364678 0.234212 0.364178 0.234071 0.363501 0.234177 0.360372 0.233966 0.359442 0.234107 0.358765 0.234482 0.358265 0.235095 0.358078 0.235603 0.358265 0.235978 0.358765 0.236118 0.359442 0.236223 0.361682
0 0.255711 0.390209 0.255336 0.390709 0.254828 0.390896 0.254320 0.390709 0.253945 0.390209 0.253719 0.389208 0.253420 0.388809 0.253280 0.388017 0.252790 0.386850 0.252650 0.385473 0.252790 0.384796 0.253270 0.384156 0.253778 0.383969 0.254286 0.384156 0.254661 0.384656 0.254802 0.385333 0.254696 0.385978 0.255501 0.387735 0.255851 0.389532
0 0.331250 0.261458 0.333594 0.261458 0.334375 0.261458 0.334375 0.265625 0.334375 0.266667 0.335156 0.267708 0.336719 0.267708 0.337500 0.267708 0.337500 0.269792 0.337500 0.270833 0.336719 0.271875 0.336719 0.272917 0.335938 0.273958 0.335156 0.275000 0.334375 0.275000 0.333594 0.276042 0.331250 0.276042 0.330469 0.276042 0.330469 0.275000 0.329688 0.273958 0.328906 0.272917 0.328906 0.265625 0.328906 0.264583 0.329688 0.264583 0.330469 0.263542 0.330469 0.262500 0.331250 0.261458
0 0.297696 0.367817 0.297163 0.368742 0.297591 0.369262 0.297731 0.369939 0.297591 0.370616 0.297216 0.371116 0.296708 0.371303 0.295780 0.370976 0.295090 0.370196 0.294950 0.368679 0.295090 0.368002 0.295825 0.366463 0.296200 0.365963 0.296708 0.365775 0.297321 0.365963 0.297696 0.366463 0.297836 0.367140
0 0.302104 0.333389 0.301725 0.334035 0.301579 0.334789 0.301099 0.335428 0.300592 0.335616 0.300040 0.335370 0.299752 0.335476 0.299244 0.335289 0.298869 0.334789 0.298729 0.333831 0.299079 0.332595 0.299979 0.331255 0.300802 0.330927 0.301729 0.331115 0.302104 0.331615 0.302245 0.332712
0 0.281112 0.315055 0.279792 0.316675 0.279284 0.316863 0.278671 0.316675 0.278296 0.316175 0.278156 0.315498 0.278296 0.314821 0.278828 0.314252 0.278566 0.314156 0.278191 0.313656 0.278051 0.312979 0.278191 0.312302 0.278566 0.311802 0.279074 0.311614 0.280212 0.311802 0.280797 0.312442 0.281112 0.313141 0.281252 0.314378
0 0.334118 0.298121 0.333908 0.298681 0.333533 0.299181 0.333025 0.299369 0.331241 0.299369 0.330523 0.299041 0.329938 0.298261 0.329798 0.297584 0.329938 0.296907 0.331048 0.295148 0.332920 0.294680 0.333533 0.294868 0.333908 0.295368 0.334259 0.296605 0.334259 0.297444
0 0.380729 0.294787 0.380354 0.295287 0.378220 0.295836 0.377713 0.295649 0.377337 0.295149 0.377197 0.294351 0.377970 0.291747 0.378706 0.290885 0.379395 0.290698 0.379903 0.290885 0.380278 0.291385 0.380418 0.292062 0.380322 0.292528 0.380729 0.293313 0.380870 0.294110
0 0.434309 0.288161 0.433676 0.289848 0.433211 0.290468 0.431709 0.291138 0.430986 0.291138 0.430479 0.290950 0.430104 0.290450 0.429963 0.289532 0.430157 0.288714 0.429873 0.287846 0.430013 0.287169 0.430388 0.286669 0.431077 0.286361 0.431800 0.286361 0.432510 0.286610 0.432828 0.286187 0.433426 0.285999 0.433934 0.286187 0.434309 0.286687 0.434449 0.287484
0 0.411178 0.271657 0.409990 0.273000 0.409604 0.273143 0.409177 0.273603 0.408669 0.273790 0.408071 0.273603 0.407696 0.273103 0.407555 0.272426 0.407696 0.271748 0.408071 0.271248 0.409283 0.270372 0.409697 0.269682 0.410205 0.269495 0.410803 0.269682 0.411178 0.270182 0.411319 0.270980
0 0.440322 0.240260 0.440182 0.239583 0.439943 0.239264 0.440232 0.237369 0.440091 0.236571 0.439716 0.236071 0.439209 0.235884 0.438701 0.236071 0.438326 0.236571 0.437824 0.239296 0.437824 0.240260 0.437964 0.240937 0.438339 0.241437 0.438847 0.241624 0.439807 0.241437 0.440182 0.240937
0 0.436116 0.242864 0.435470 0.243605 0.434734 0.244001 0.434205 0.244810 0.433482 0.245413 0.432884 0.245600 0.432376 0.245413 0.432001 0.244913 0.431879 0.244324 0.431201 0.243967 0.430284 0.242744 0.430144 0.242067 0.430284 0.241390 0.430659 0.240890 0.431257 0.240702 0.432669 0.241010 0.433076 0.241667 0.433610 0.241734 0.435233 0.240823 0.435741 0.241010 0.436116 0.241510 0.436256 0.242187
0 0.246966 0.712509 0.245713 0.713789 0.245205 0.713977 0.244624 0.713789 0.244249 0.713289 0.244109 0.712612 0.244249 0.711935 0.244542 0.711350 0.244917 0.710850 0.245571 0.710565 0.246083 0.710467 0.246591 0.710655 0.246966 0.711155 0.247107 0.711832
0 0.250770 0.686854 0.249664 0.688232 0.248932 0.688817 0.248278 0.689004 0.247770 0.688817 0.247395 0.688317 0.247255 0.687542 0.247395 0.686865 0.247843 0.686268 0.248122 0.686165 0.247980 0.685976 0.247255 0.682762 0.247108 0.681592 0.247249 0.680524 0.247624 0.680024 0.248132 0.679837 0.248640 0.680024 0.249015 0.680524 0.249687 0.684360 0.250395 0.684707 0.250770 0.685207 0.250911 0.686177
0 0.121324 0.455154 0.120938 0.455571 0.121138 0.456550 0.121138 0.457275 0.120944 0.458126 0.120492 0.458946 0.119907 0.459206 0.119486 0.459091 0.118732 0.458086 0.118344 0.457931 0.117675 0.457256 0.117589 0.456622 0.117675 0.456205 0.118273 0.455118 0.118436 0.454175 0.118670 0.453863 0.118983 0.453748 0.119341 0.453923 0.120125 0.453531 0.120624 0.453894 0.121090 0.454008 0.121324 0.454320 0.121410 0.454737
