0 0.507546 0.205163 0.509170 0.204343 0.510749 0.203844 0.511626 0.202428 0.512550 0.203010 0.513284 0.203257 0.514121 0.204151 0.514796 0.204970 0.515265 0.206134 0.516202 0.207366 0.516465 0.208029 0.517162 0.208949 0.517289 0.210550 0.515506 0.211117 0.513490 0.211199 0.512644 0.210860 0.511571 0.210578 0.511227 0.210215 0.509139 0.210130 0.508795 0.208421 0.507964 0.206376 0.507646 0.205870
0 0.687741 0.710430 0.689711 0.707220 0.689874 0.707233 0.689893 0.707186 0.692000 0.707011 0.692443 0.707602 0.692488 0.708347 0.692263 0.710269 0.692185 0.712154 0.692285 0.712566 0.692254 0.714180 0.692285 0.715483 0.691419 0.717148 0.691406 0.717245 0.690223 0.719111 0.688458 0.717700 0.688119 0.716832 0.687454 0.716048 0.687434 0.715935 0.687208 0.715512 0.687080 0.713956 0.687689 0.713102
0 0.395814 0.830950 0.397401 0.828527 0.399200 0.826861 0.401100 0.825384 0.401941 0.825449 0.402394 0.827109 0.402399 0.829396 0.401835 0.830228 0.400869 0.832605 0.401526 0.834030 0.402834 0.836365 0.402949 0.838332 0.402718 0.838330 0.401792 0.838807 0.401485 0.838464 0.400880 0.838878 0.399040 0.838429 0.395862 0.837709 0.395129 0.836878 0.395184 0.835380 0.395435 0.834597 0.395407 0.833269 0.395521 0.832142
0 0.848104 0.694468 0.850545 0.691908 0.851378 0.691995 0.852596 0.694208 0.854658 0.696172 0.855650 0.696316 0.856043 0.698275 0.855650 0.698799 0.854228 0.699188 0.853062 0.698354 0.852460 0.698402 0.851039 0.698210 0.849467 0.696507 0.849030 0.695532 0.848433 0.695132
0 0.816216 0.681502 0.817252 0.681196 0.817767 0.681275 0.818468 0.681013 0.819219 0.680209 0.820493 0.679821 0.821860 0.680727 0.822356 0.680995 0.823339 0.682305 0.823574 0.682815 0.824566 0.683156 0.825254 0.685507 0.824626 0.686542 0.823292 0.687992 0.821335 0.686104 0.819830 0.685556 0.819767 0.685555 0.816791 0.685536 0.815779 0.685529 0.815323 0.685440 0.815219 0.685419 0.815085 0.685393 0.815004 0.685425 0.813569 0.685779 0.812832 0.686028 0.811901 0.685311 0.812295 0.683352 0.813864 0.683016 0.814607 0.682615 0.814968 0.682113 0.815375 0.681890
0 0.807344 0.734773 0.804153 0.735085 0.803357 0.734416 0.803439 0.731824 0.803688 0.731806 0.805467 0.730301 0.806504 0.730303 0.806944 0.729378 0.806684 0.728384 0.807349 0.726638 0.808917 0.727060 0.809614 0.727871 0.810240 0.728040 0.811616 0.728940 0.812685 0.728730 0.814757 0.729743 0.814019 0.732701 0.813840 0.734064 0.813324 0.735633 0.811853 0.735727 0.809898 0.734692 0.808413 0.734295 0.808214 0.734548
0 0.925492 0.853383 0.926959 0.852627 0.927465 0.852159 0.928735 0.851726 0.929331 0.851426 0.931278 0.850308 0.932871 0.852020 0.932036 0.853774 0.931650 0.854452 0.930722 0.856375 0.928666 0.856515 0.928034 0.856630 0.926947 0.856715 0.925299 0.856623 0.925055 0.854342
0 0.858586 0.842746 0.861254 0.841490 0.862405 0.842006 0.863328 0.842280 0.864004 0.843564 0.864003 0.844193 0.864688 0.846263 0.864552 0.846965 0.863043 0.847553 0.861351 0.846930 0.860315 0.845757 0.858851 0.845264 0.858408 0.844673 0.858436 0.843876 0.858254 0.843251
0 0.359548 0.741775 0.358359 0.742252 0.357141 0.743286 0.355452 0.745997 0.355007 0.747164 0.354153 0.747014 0.352840 0.746253 0.351801 0.744016 0.352131 0.742443 0.353424 0.740868 0.357045 0.739583 0.357517 0.739230 0.359310 0.739011 0.360102 0.739096 0.360166 0.740445
0 0.425075 0.665438 0.424716 0.663142 0.425333 0.662509 0.426359 0.662705 0.426732 0.660183 0.427084 0.659042 0.427602 0.657990 0.428646 0.656476 0.429366 0.654058 0.430645 0.652960 0.431979 0.652033 0.433682 0.651462 0.436076 0.652236 0.435126 0.654435 0.433956 0.656071 0.433434 0.658346 0.432371 0.659643 0.431463 0.660488 0.431071 0.661597 0.431521 0.662683 0.431480 0.665012 0.430034 0.666200 0.426571 0.666200
0 0.439270 0.662137 0.437451 0.664163 0.436880 0.663720 0.436222 0.663557 0.435106 0.661262 0.435106 0.659403 0.436708 0.658847 0.437020 0.657945 0.437736 0.657073 0.438423 0.656681 0.439359 0.655556 0.443486 0.655920 0.443737 0.657094 0.445002 0.657941 0.445796 0.657988 0.447739 0.658917 0.447528 0.660232 0.446688 0.662625 0.446297 0.662750 0.445101 0.662600 0.443879 0.663288 0.441551 0.661442 0.440235 0.661618
0 0.519678 0.026308 0.521250 0.025897 0.522815 0.024604 0.525026 0.025375 0.525771 0.025529 0.526677 0.026139 0.527561 0.026466 0.527953 0.026990 0.528857 0.026987 0.530212 0.028315 0.529737 0.028776 0.528637 0.030191 0.527938 0.030846 0.527448 0.030996 0.526034 0.031861 0.525543 0.032012 0.523156 0.032122 0.522591 0.032226 0.521068 0.032026 0.520748 0.031586 0.519948 0.031024 0.519270 0.029891 0.519015 0.027079
0 0.545950 0.046429 0.546713 0.046120 0.547247 0.045542 0.548280 0.045227 0.548942 0.044346 0.549375 0.043192 0.549608 0.042128 0.549872 0.039649 0.550641 0.038724 0.550969 0.037921 0.552232 0.035970 0.553827 0.034109 0.554409 0.033644 0.554989 0.032923 0.556275 0.030986 0.558674 0.030887 0.560531 0.032239 0.561214 0.032343 0.562090 0.032993 0.562832 0.034244 0.562971 0.034960 0.563696 0.036192 0.562086 0.039072 0.561421 0.040099 0.558724 0.039945 0.557599 0.038511 0.556700 0.039569 0.555211 0.041695 0.554696 0.043968 0.553135 0.045050 0.553105 0.046087 0.551599 0.046954 0.550898 0.046999 0.550403 0.048639 0.550013 0.049681 0.548352 0.049859 0.546748 0.049616 0.545983 0.048463 0.545793 0.047545
0 0.676566 0.670657 0.675735 0.672241 0.674783 0.674159 0.674371 0.673647 0.673473 0.672690 0.673736 0.670846 0.673609 0.669858 0.673833 0.669069 0.673905 0.668177 0.675042 0.666314 0.676015 0.665725 0.676977 0.664883 0.677550 0.664322 0.678444 0.664016 0.679595 0.663311 0.680854 0.662645 0.682238 0.662772 0.682375 0.665401 0.681071 0.665671 0.680136 0.666731 0.679005 0.667870 0.677876 0.668264 0.676871 0.669393
0 0.496498 0.534410 0.496554 0.534226 0.497101 0.533497 0.498303 0.532952 0.499177 0.533059 0.500274 0.536266 0.500216 0.537322 0.498819 0.537763 0.497843 0.538825 0.497454 0.539583 0.496991 0.539690 0.495789 0.538052 0.494780 0.536834 0.494191 0.536070 0.495933 0.534268 0.496376 0.534488
0 0.184973 0.321509 0.187488 0.319875 0.188419 0.320089 0.188871 0.320738 0.189516 0.320098 0.189809 0.319495 0.190352 0.318051 0.190806 0.317174 0.191847 0.316904 0.193138 0.317908 0.194242 0.318884 0.194131 0.321401 0.192387 0.322627 0.190459 0.323308 0.189875 0.323895 0.188837 0.324189 0.188390 0.324775 0.186491 0.325420 0.184526 0.325301 0.183622 0.325215 0.183049 0.323903 0.183873 0.322865 0.184266 0.322247
0 0.331477 0.709819 0.329516 0.709298 0.329397 0.708708 0.329558 0.708062 0.329276 0.707254 0.329185 0.705948 0.328546 0.704450 0.328436 0.703819 0.327092 0.701865 0.326901 0.700224 0.326970 0.699069 0.327768 0.698490 0.328706 0.697994 0.329925 0.699834 0.330757 0.700620 0.331088 0.700738 0.332015 0.702322 0.331793 0.704264 0.332585 0.704297 0.333712 0.705476 0.332983 0.706600 0.332866 0.708975 0.332188 0.709523
0 0.297873 0.724465 0.297002 0.725228 0.296805 0.725328 0.296154 0.726678 0.295284 0.726576 0.294686 0.726565 0.294241 0.725972 0.294130 0.725340 0.293513 0.724518 0.293427 0.723766 0.293590 0.722912 0.295663 0.722206 0.295824 0.721873 0.295856 0.721856 0.296504 0.720482 0.297705 0.720174 0.298200 0.719513 0.300015 0.719783 0.299449 0.722849 0.298425 0.723288
0 0.263028 0.624720 0.263387 0.623320 0.263493 0.621282 0.262240 0.619359 0.260301 0.618838 0.259117 0.618815 0.258307 0.617456 0.259840 0.617038 0.260726 0.616300 0.262736 0.615416 0.264219 0.616251 0.264331 0.616431 0.264813 0.616324 0.266079 0.616444 0.266448 0.616474 0.266957 0.616277 0.267887 0.615721 0.269183 0.617005 0.269211 0.617808 0.269544 0.618090 0.268908 0.620181 0.267708 0.622022 0.268638 0.625163 0.268040 0.626282 0.267246 0.628350 0.266318 0.630025 0.265115 0.630266 0.264639 0.629631 0.263501 0.629250 0.262466 0.629735 0.261466 0.631108 0.260080 0.630426 0.259237 0.629543 0.258814 0.627134 0.261557 0.625850 0.262468 0.625880
0 0.922737 0.729690 0.921879 0.728479 0.922377 0.726356 0.924905 0.726736 0.926922 0.728930 0.926862 0.730346 0.926745 0.731812 0.926473 0.732592 0.926435 0.735188 0.925686 0.736870 0.923285 0.736291 0.923179 0.734616 0.922970 0.733626 0.922814 0.731543 0.922878 0.730930
0 0.942518 0.764806 0.942910 0.765202 0.943859 0.765637 0.944382 0.765709 0.945191 0.766052 0.946023 0.766126 0.947089 0.768139 0.946648 0.769006 0.946030 0.769204 0.945131 0.769573 0.944695 0.771401 0.944666 0.771407 0.944385 0.772023 0.944070 0.772651 0.943544 0.772832 0.941781 0.773068 0.941715 0.772661 0.941025 0.771540 0.940971 0.771330 0.940920 0.771326 0.940876 0.770908 0.940612 0.769689 0.940333 0.768251 0.940401 0.766982 0.938919 0.766752 0.938369 0.766331 0.938391 0.765535 0.938471 0.765019 0.938803 0.763243 0.938603 0.762894 0.938734 0.761334 0.940421 0.762928 0.941778 0.763592 0.941828 0.763776
0 0.887652 0.762022 0.888152 0.761563 0.889552 0.759975 0.889744 0.760099 0.890053 0.759737 0.891712 0.759504 0.892469 0.759737 0.893379 0.761060 0.893633 0.762193 0.893631 0.762214 0.893640 0.762230 0.893774 0.763131 0.893640 0.765491 0.893239 0.765963 0.893207 0.766260 0.892381 0.766260 0.892715 0.766628 0.893379 0.769094 0.891835 0.769840 0.891647 0.769848 0.891478 0.770040 0.890099 0.769801 0.889490 0.769705 0.888330 0.769497 0.887939 0.769415 0.887920 0.769316 0.887105 0.768824 0.887056 0.768222 0.886873 0.767819 0.887216 0.766621 0.887206 0.763444 0.887470 0.762264 0.887656 0.762175
0 0.842659 0.755392 0.842759 0.755144 0.842621 0.754953 0.842676 0.753866 0.842639 0.753180 0.843061 0.752087 0.843685 0.751407 0.844679 0.753433 0.844906 0.754316 0.845476 0.754712 0.846154 0.755472 0.847132 0.757086 0.847532 0.758911 0.847786 0.759736 0.847845 0.760474 0.848098 0.761715 0.847703 0.762460 0.845438 0.761469 0.843128 0.759491 0.842692 0.756559
0 0.834925 0.737263 0.835713 0.737306 0.837946 0.737543 0.838838 0.737655 0.839501 0.738568 0.840070 0.740575 0.838857 0.740932 0.838288 0.741009 0.837023 0.741357 0.836112 0.741274 0.833938 0.741208 0.833490 0.740246 0.832955 0.739298 0.833730 0.738382 0.834265 0.737689
0 0.776666 0.587832 0.777707 0.587887 0.777778 0.589232 0.778342 0.590124 0.778801 0.591252 0.777600 0.591603 0.775963 0.592049 0.774016 0.591606 0.773689 0.591333 0.772853 0.590815 0.773475 0.589064 0.773881 0.588651 0.774720 0.588366 0.775338 0.588028 0.775963 0.588056
0 0.744857 0.608560 0.745578 0.606795 0.746699 0.606303 0.746987 0.605489 0.747085 0.605287 0.747946 0.604138 0.748116 0.603483 0.748448 0.603119 0.749903 0.601781 0.751153 0.601536 0.751395 0.601635 0.752447 0.601361 0.753151 0.601806 0.754343 0.602421 0.754410 0.602451 0.754390 0.602502 0.754502 0.602851 0.753576 0.604627 0.753403 0.605076 0.752941 0.606169 0.751660 0.607765 0.751535 0.608752 0.751041 0.609132 0.750685 0.608979 0.750052 0.609768 0.749369 0.610678 0.748724 0.611010 0.747937 0.611363 0.747162 0.611252 0.746123 0.611052 0.745676 0.610523 0.745064 0.609435
0 0.809184 0.519921 0.809093 0.518565 0.809089 0.517579 0.809661 0.517962 0.810488 0.517320 0.811658 0.516039 0.811796 0.516111 0.812788 0.515940 0.813087 0.517823 0.812868 0.518528 0.812802 0.519734 0.812594 0.520317 0.812550 0.520806 0.811723 0.521532 0.810707 0.521055 0.809971 0.520545 0.809480 0.520254
0 0.874171 0.435930 0.875103 0.435818 0.879324 0.435474 0.879723 0.435305 0.881418 0.435376 0.882480 0.435568 0.885099 0.438130 0.886632 0.438976 0.887167 0.439158 0.887533 0.440616 0.886897 0.441234 0.886826 0.441850 0.886296 0.442758 0.886436 0.443069 0.886493 0.443562 0.886649 0.444187 0.887061 0.445152 0.887324 0.446128 0.888031 0.447384 0.888336 0.447478 0.888649 0.450149 0.887621 0.450314 0.885529 0.449667 0.884979 0.449246 0.884668 0.448033 0.884687 0.447816 0.884510 0.447579 0.884375 0.446670 0.884043 0.445949 0.883869 0.445105 0.882977 0.444357 0.882401 0.444142 0.882366 0.443345 0.882493 0.442691 0.882404 0.442583 0.881471 0.441847 0.880498 0.441394 0.879280 0.440166 0.878918 0.440025 0.878262 0.439904 0.876867 0.439376 0.875770 0.438711 0.874921 0.437978 0.874374 0.437914 0.874038 0.436732
0 0.893498 0.412929 0.894417 0.411432 0.895149 0.410978 0.896784 0.410083 0.897359 0.409821 0.898240 0.410353 0.898993 0.410939 0.899937 0.410601 0.900095 0.411210 0.900431 0.411554 0.900908 0.412751 0.902127 0.412634 0.903018 0.412731 0.903437 0.414395 0.902988 0.415416 0.901394 0.417333 0.900153 0.417463 0.898999 0.418889 0.898645 0.419127 0.898634 0.419502 0.897568 0.419398 0.897512 0.418499 0.896734 0.418320 0.896265 0.418056 0.895823 0.418010 0.895021 0.417253 0.894417 0.416864 0.893773 0.415635 0.893505 0.415336 0.893457 0.414015 0.893436 0.413972
0 0.881883 0.394502 0.882172 0.396557 0.883163 0.397593 0.884228 0.398490 0.884491 0.399075 0.885066 0.399245 0.885813 0.400328 0.886524 0.400773 0.886569 0.402143 0.886679 0.402612 0.886683 0.403913 0.886766 0.404156 0.887236 0.405111 0.890470 0.405193 0.890452 0.406306 0.890751 0.408227 0.890224 0.409886 0.890387 0.413569 0.889682 0.414915 0.888633 0.415030 0.885201 0.413837 0.885147 0.412278 0.885142 0.410042 0.884070 0.409421 0.883158 0.407664 0.882656 0.407050 0.881718 0.404508 0.881036 0.403274 0.881029 0.403261 0.880828 0.403213 0.880314 0.401798 0.879682 0.400643 0.879611 0.400027 0.878198 0.398455 0.877929 0.396304 0.877963 0.395403 0.878325 0.394816 0.879422 0.393354 0.879645 0.393278 0.879915 0.393165 0.881472 0.392787 0.881671 0.394057
0 0.964677 0.367921 0.966125 0.368145 0.967768 0.368166 0.968378 0.367918 0.969710 0.367885 0.970447 0.367431 0.973298 0.367513 0.973251 0.369509 0.972565 0.369628 0.970942 0.370352 0.971465 0.371138 0.972875 0.371636 0.973904 0.371715 0.975758 0.373864 0.976971 0.373976 0.979192 0.374768 0.980531 0.377759 0.980160 0.378652 0.980508 0.380268 0.981249 0.382744 0.981689 0.383332 0.981805 0.385432 0.980599 0.385960 0.979388 0.385734 0.977831 0.385796 0.975967 0.384961 0.976000 0.384304 0.976018 0.383818 0.975885 0.383362 0.975748 0.382416 0.975135 0.381125 0.974788 0.380783 0.972431 0.380638 0.971886 0.380865 0.971120 0.380275 0.971686 0.378340 0.972298 0.377972 0.972827 0.376411 0.971245 0.375110 0.968977 0.373550 0.968129 0.373506 0.964891 0.374140 0.964653 0.374781 0.963117 0.376505 0.962129 0.376162 0.959485 0.374942 0.959731 0.373666 0.960536 0.370584 0.961836 0.369981 0.962827 0.369306 0.963688 0.368443
0 0.919642 0.598766 0.920675 0.598072 0.920747 0.598211 0.921668 0.598507 0.924096 0.598524 0.924608 0.599927 0.924900 0.600507 0.925562 0.602361 0.924347 0.603269 0.924287 0.603123 0.923356 0.602506 0.921925 0.602370 0.920446 0.601408 0.919374 0.600804 0.919437 0.599577
0 0.994086 0.199286 0.993370 0.200121 0.992002 0.201618 0.991286 0.201471 0.990841 0.200878 0.990509 0.199467 0.989753 0.194793 0.990124 0.193543 0.990356 0.192264 0.990850 0.191390 0.991298 0.189656 0.991739 0.187623 0.992700 0.187056 0.994273 0.186019 0.996119 0.188695 0.996130 0.190535 0.995547 0.191363 0.996021 0.191581 0.996855 0.192693 0.995596 0.194479 0.995282 0.195222 0.994518 0.196240 0.994673 0.198187
0 0.571729 0.378771 0.571777 0.376679 0.572501 0.376431 0.575002 0.374228 0.575895 0.373684 0.576184 0.373136 0.577690 0.371392 0.577741 0.371452 0.578799 0.372855 0.580255 0.373317 0.580008 0.373733 0.580130 0.374661 0.579842 0.375892 0.579501 0.378125 0.579445 0.378108 0.578755 0.379217 0.578230 0.379886 0.576911 0.380039 0.576136 0.380390 0.575768 0.380417 0.574396 0.380266 0.573136 0.379072 0.572267 0.379267
0 0.692399 0.330726 0.691144 0.329310 0.691791 0.327731 0.692171 0.326465 0.692148 0.325822 0.692424 0.323364 0.692430 0.322067 0.693980 0.320339 0.695562 0.320590 0.696668 0.322403 0.696668 0.323922 0.696506 0.324761 0.697335 0.325993 0.698755 0.328520 0.699645 0.328946 0.700560 0.329913 0.702460 0.331646 0.702019 0.332700 0.699996 0.332700 0.697731 0.332013 0.695058 0.331940 0.694463 0.331526 0.693324 0.331296
0 0.648074 0.211009 0.648059 0.210964 0.647844 0.210853 0.647330 0.209646 0.646854 0.209012 0.646621 0.207590 0.646582 0.206601 0.646319 0.205862 0.646010 0.204171 0.645641 0.204302 0.645473 0.204392 0.645282 0.204431 0.645083 0.204502 0.645069 0.204470 0.644223 0.204496 0.643466 0.203765 0.643106 0.203007 0.643205 0.202590 0.643126 0.201652 0.643182 0.200439 0.643277 0.200294 0.643197 0.200092 0.643461 0.200036 0.643625 0.199848 0.644542 0.199563 0.645401 0.199147 0.646104 0.198938 0.648676 0.198600 0.649326 0.199189 0.649445 0.199738 0.650022 0.200357 0.650261 0.203273 0.650391 0.203809 0.650395 0.203809 0.651012 0.205663 0.650897 0.205992 0.651123 0.206272 0.650725 0.209021 0.650654 0.209428 0.650026 0.210057 0.649202 0.210487 0.648932 0.210578 0.648092 0.210971
0 0.806142 0.003320 0.808335 0.004013 0.809076 0.004592 0.810949 0.004103 0.812423 0.005426 0.813166 0.005704 0.813555 0.006693 0.814024 0.008115 0.813467 0.008829 0.812197 0.008921 0.809154 0.008854 0.807049 0.008220 0.805885 0.006556 0.805353 0.004761 0.805577 0.004007
0 0.774808 0.021703 0.775950 0.020978 0.776924 0.020098 0.777537 0.019755 0.777551 0.018982 0.779296 0.017096 0.780052 0.016356 0.780930 0.016124 0.782329 0.015575 0.783138 0.016251 0.784210 0.016791 0.784174 0.019373 0.783794 0.020156 0.783965 0.021605 0.781276 0.023082 0.780447 0.023674 0.779437 0.023538 0.778615 0.022222 0.777964 0.022612 0.777584 0.023259 0.776050 0.023814 0.774935 0.023678 0.774706 0.022599
0 0.797037 0.082922 0.797870 0.080482 0.799297 0.080896 0.801850 0.081550 0.802740 0.083974 0.801367 0.085476 0.800424 0.085732 0.799253 0.087445 0.798462 0.087910 0.797228 0.088363 0.796539 0.087927 0.795751 0.087266 0.795757 0.087085 0.796163 0.084504 0.796509 0.083952
0 0.690218 0.027180 0.690572 0.026148 0.691567 0.023393 0.692023 0.022257 0.692181 0.022215 0.692933 0.021903 0.693880 0.021915 0.694290 0.021717 0.695092 0.021064 0.695462 0.020987 0.697561 0.020887 0.697928 0.020959 0.698257 0.021971 0.698293 0.021972 0.698906 0.022227 0.700680 0.025094 0.699747 0.027212 0.698803 0.027536 0.697503 0.029082 0.696850 0.029215 0.695832 0.029626 0.695117 0.029954 0.694405 0.030340 0.692430 0.030446 0.691439 0.030340 0.691323 0.030073 0.690413 0.028144
0 0.642908 0.048586 0.643976 0.046824 0.646502 0.046711 0.647261 0.046824 0.647949 0.047742 0.647802 0.050158 0.647494 0.050765 0.647465 0.053173 0.647468 0.054171 0.647762 0.054957 0.648096 0.055402 0.647703 0.057361 0.646723 0.057500 0.644072 0.057500 0.643092 0.057361 0.642698 0.056836 0.642610 0.056522 0.641520 0.055657 0.641511 0.055484 0.641415 0.053565 0.641376 0.051601 0.641814 0.050099 0.642354 0.049379
0 0.713388 0.145767 0.712884 0.148108 0.712727 0.148110 0.713174 0.148261 0.713004 0.149408 0.712372 0.151084 0.712248 0.154791 0.711445 0.154549 0.710251 0.154346 0.709097 0.152912 0.708188 0.151596 0.707975 0.149174 0.708075 0.147926 0.708687 0.146641 0.708179 0.145894 0.707977 0.144003 0.708012 0.143330 0.708250 0.141952 0.708727 0.140305 0.708811 0.139237 0.707710 0.137977 0.707587 0.134628 0.706616 0.131311 0.706606 0.129900 0.707132 0.129201 0.708965 0.129969 0.710001 0.130510 0.710677 0.130584 0.711588 0.132009 0.712164 0.133505 0.712552 0.133709 0.713540 0.135305 0.712760 0.136727 0.712317 0.137318 0.711955 0.139164 0.712225 0.141054 0.712302 0.142747 0.713041 0.143529 0.714247 0.143896 0.714414 0.144111
0 0.661509 0.143604 0.660863 0.140807 0.660946 0.139947 0.660001 0.138062 0.660080 0.136364 0.660913 0.135252 0.662377 0.134864 0.665111 0.133822 0.665639 0.133237 0.665759 0.132233 0.667056 0.131124 0.668787 0.130675 0.669987 0.130644 0.671879 0.132351 0.671270 0.133833 0.670156 0.134590 0.669317 0.134771 0.667921 0.136215 0.667786 0.137645 0.666770 0.140979 0.666093 0.141882 0.663848 0.143000 0.662370 0.144276
0 0.645253 0.149296 0.646869 0.146784 0.647471 0.145812 0.647862 0.145066 0.649327 0.144511 0.650458 0.144559 0.652009 0.144749 0.652972 0.147200 0.651762 0.149135 0.650924 0.149771 0.650496 0.149859 0.649508 0.150250 0.647654 0.150202 0.646343 0.150853 0.645555 0.150097
0 0.612973 0.184883 0.614022 0.184345 0.615579 0.183993 0.616982 0.184160 0.619320 0.183993 0.620296 0.185293 0.620079 0.186228 0.619388 0.186454 0.619005 0.186964 0.617279 0.187912 0.616789 0.188461 0.616341 0.188641 0.615390 0.191079 0.614691 0.191230 0.613528 0.192299 0.612105 0.193008 0.611034 0.193006 0.610194 0.192149 0.609130 0.191439 0.608143 0.190517 0.607121 0.188500 0.607385 0.186603 0.609031 0.185596 0.610234 0.185240 0.611893 0.185403
0 0.585107 0.120843 0.585597 0.120294 0.586019 0.119523 0.586300 0.119253 0.586748 0.117927 0.587425 0.117127 0.588882 0.117053 0.589480 0.117232 0.590076 0.118296 0.590289 0.118276 0.591070 0.118276 0.592501 0.119281 0.592617 0.120165 0.592814 0.120427 0.593046 0.121536 0.592826 0.122344 0.592851 0.122645 0.593043 0.122682 0.594324 0.123377 0.595039 0.124616 0.596624 0.126566 0.597076 0.128841 0.598009 0.129638 0.598647 0.131627 0.599591 0.133059 0.598710 0.134595 0.598954 0.135696 0.599254 0.137844 0.599786 0.139090 0.600501 0.140256 0.601785 0.141753 0.601701 0.144248 0.599898 0.145526 0.599195 0.145387 0.596988 0.145714 0.595550 0.145424 0.595104 0.144417 0.594571 0.144053 0.593482 0.141948 0.593105 0.140461 0.593122 0.139297 0.591465 0.137642 0.591380 0.137565 0.591260 0.137468 0.590637 0.137369 0.588883 0.136332 0.588122 0.135317 0.587076 0.134326 0.586706 0.132445 0.585982 0.131618 0.585532 0.130142 0.585398 0.129792 0.585385 0.129766 0.584300 0.128481 0.584180 0.127028 0.584448 0.125994 0.584506 0.124613 0.584966 0.122399 0.585091 0.122184
0 0.533409 0.113654 0.533883 0.112783 0.534743 0.111344 0.535371 0.110091 0.536945 0.110031 0.539015 0.109989 0.539640 0.110329 0.541019 0.110611 0.541284 0.111791 0.541273 0.114759 0.541150 0.116025 0.540315 0.117000 0.539325 0.117743 0.538818 0.118013 0.537777 0.118835 0.537409 0.119006 0.536493 0.119541 0.535365 0.119447 0.534355 0.119428 0.533678 0.118733 0.533386 0.117720 0.532508 0.115749 0.532998 0.114574
0 0.559409 0.129270 0.556401 0.127192 0.556838 0.126490 0.557021 0.126153 0.557929 0.126097 0.558397 0.125431 0.558652 0.125091 0.560031 0.124912 0.561019 0.124882 0.561616 0.125573 0.562433 0.125933 0.562922 0.125926 0.564015 0.125926 0.564793 0.126164 0.566125 0.126239 0.566209 0.126276 0.566794 0.125580 0.567465 0.124976 0.568182 0.124950 0.569116 0.124974 0.569445 0.125403 0.569484 0.125405 0.571851 0.127624 0.571793 0.127850 0.572211 0.129551 0.572166 0.130088 0.571105 0.130669 0.570707 0.130991 0.569983 0.131415 0.569225 0.133174 0.568418 0.133595 0.568148 0.133129 0.565831 0.132348 0.563668 0.131679 0.562287 0.131389 0.561952 0.130942 0.560849 0.130293 0.560214 0.129447
0 0.000000 0.152326 0.000232 0.151916 0.001455 0.151341 0.002105 0.151584 0.002916 0.152668 0.003653 0.152816 0.004242 0.153874 0.003723 0.154652 0.003687 0.155989 0.003557 0.156914 0.003177 0.156890 0.001908 0.157331 0.000969 0.157266 0.000035 0.157291 0.000000 0.156513
0 0.004246 0.192760 0.005733 0.192849 0.006963 0.193198 0.008069 0.193367 0.008478 0.193479 0.008494 0.193082 0.009121 0.192349 0.009612 0.191973 0.011479 0.194140 0.011589 0.194608 0.011592 0.194640 0.011644 0.194708 0.011784 0.194782 0.011781 0.194839 0.012605 0.196171 0.011740 0.198073 0.011851 0.198117 0.012034 0.198355 0.012873 0.198855 0.013179 0.198950 0.013262 0.199061 0.014401 0.200025 0.014413 0.200446 0.014513 0.200514 0.014333 0.201011 0.013179 0.203392 0.013044 0.203478 0.013075 0.203530 0.011683 0.204181 0.010947 0.204093 0.010577 0.204017 0.010333 0.203685 0.010265 0.203704 0.009612 0.202921 0.008798 0.202921 0.006953 0.203036 0.006352 0.202996 0.005929 0.202004 0.004252 0.201522 0.003529 0.201399 0.002867 0.201134 0.001878 0.201251 0.000214 0.200338 0.000784 0.199161 0.001142 0.199362 0.001261 0.199237 0.001517 0.197855 0.001221 0.197762 0.000493 0.196791 0.001692 0.195503 0.002253 0.194222 0.003523 0.193593
0 0.122311 0.100719 0.123975 0.101229 0.124554 0.102012 0.125519 0.102656 0.126079 0.102685 0.127892 0.103962 0.127962 0.105194 0.127653 0.106995 0.126699 0.108125 0.126216 0.108509 0.125077 0.109741 0.123595 0.109338 0.123822 0.108139 0.122950 0.108043 0.122175 0.107829 0.121636 0.107314 0.120845 0.106137 0.120264 0.105091 0.120336 0.103543 0.120146 0.102268 0.119653 0.100446 0.120455 0.099376 0.121563 0.100309
0 0.137933 0.095590 0.136856 0.096757 0.135808 0.098308 0.134610 0.098757 0.133741 0.099916 0.132910 0.100258 0.132222 0.100702 0.131638 0.101479 0.131009 0.101973 0.130147 0.103029 0.128760 0.103972 0.126441 0.104787 0.126360 0.104668 0.124946 0.104104 0.123896 0.103272 0.122885 0.102844 0.122164 0.101666 0.122979 0.100408 0.124473 0.100401 0.125728 0.100155 0.126588 0.098733 0.127605 0.097241 0.128416 0.096938 0.129172 0.096454 0.131518 0.095845 0.131543 0.095824 0.131640 0.095559 0.132317 0.094656 0.134790 0.092992 0.136469 0.093034 0.137940 0.093789 0.137902 0.095479
0 0.177566 0.067226 0.180346 0.067886 0.181292 0.067766 0.181981 0.067216 0.183010 0.066677 0.183043 0.066529 0.183330 0.066146 0.183948 0.065947 0.184111 0.065730 0.185150 0.065834 0.185259 0.065973 0.185366 0.065909 0.186061 0.066634 0.186438 0.066916 0.186930 0.068115 0.186924 0.069232 0.187023 0.071208 0.186183 0.071715 0.184716 0.072415 0.183468 0.072347 0.182472 0.072493 0.181296 0.072187 0.178764 0.072219 0.178040 0.072493 0.177857 0.072298 0.176657 0.071583 0.175616 0.070192 0.175503 0.069914 0.175208 0.068158 0.176908 0.067645
0 0.159339 0.006244 0.160146 0.003498 0.160468 0.002999 0.162115 0.002541 0.162779 0.002616 0.163192 0.003058 0.163740 0.003487 0.166269 0.004671 0.166579 0.005677 0.166569 0.005956 0.166814 0.007656 0.166454 0.008623 0.166361 0.008653 0.165816 0.010172 0.164427 0.011811 0.162777 0.011554 0.162375 0.011240 0.161352 0.010967 0.160435 0.011544 0.159005 0.011648 0.158017 0.009323 0.158093 0.007901 0.158750 0.007338
0 0.144865 0.033430 0.145737 0.032449 0.146964 0.031978 0.148093 0.031228 0.149326 0.030167 0.150608 0.029755 0.152141 0.029044 0.153981 0.027695 0.155696 0.027820 0.158357 0.027446 0.158523 0.027253 0.160259 0.026798 0.162733 0.026006 0.164303 0.027415 0.165362 0.028680 0.166681 0.029120 0.168339 0.029416 0.169658 0.029377 0.171188 0.030586 0.172038 0.030840 0.174237 0.032159 0.174681 0.032897 0.175630 0.034163 0.175776 0.037289 0.176685 0.039673 0.177974 0.040074 0.178398 0.040322 0.179824 0.040533 0.181602 0.041100 0.183701 0.042872 0.184900 0.043152 0.185853 0.044276 0.186587 0.044767 0.187615 0.045007 0.188495 0.044552 0.189262 0.044328 0.190105 0.044328 0.191056 0.044764 0.192886 0.046424 0.192337 0.048329 0.192557 0.050234 0.192449 0.050769 0.191314 0.051304 0.190775 0.051229 0.190580 0.051942 0.188810 0.054002 0.189151 0.054976 0.189041 0.056779 0.184994 0.057988 0.183218 0.057757 0.183475 0.055886 0.183900 0.054074 0.182969 0.051249 0.180828 0.050319 0.180250 0.050282 0.179407 0.049157 0.178952 0.047912 0.178484 0.047783 0.177362 0.046725 0.176804 0.046614 0.174194 0.045285 0.172995 0.044859 0.171885 0.043673 0.170246 0.042953 0.168454 0.041736 0.166399 0.041194 0.164640 0.040022 0.163731 0.038956 0.161963 0.038699 0.159966 0.038041 0.156091 0.037531 0.154934 0.037590 0.154387 0.037227 0.151520 0.037380 0.148991 0.036794 0.148360 0.036490 0.147233 0.036501 0.145593 0.035439 0.145007 0.034383
0 0.258580 0.208205 0.260285 0.208031 0.261204 0.208037 0.261973 0.207709 0.263158 0.207843 0.264724 0.211177 0.263546 0.212033 0.262877 0.212748 0.261820 0.214241 0.260930 0.215169 0.259161 0.214859 0.258719 0.213575 0.258739 0.212838 0.258348 0.211692 0.258001 0.209018
0 0.287140 0.167040 0.287312 0.165147 0.287779 0.162683 0.289484 0.161748 0.292159 0.161790 0.293376 0.162371 0.293011 0.163514 0.291859 0.164366 0.291859 0.164846 0.291823 0.165575 0.291823 0.167033 0.291859 0.167763 0.291859 0.169262 0.292047 0.170147 0.292025 0.171496 0.291970 0.172194 0.290187 0.172741 0.289629 0.172576 0.289172 0.172220 0.287420 0.171298 0.286894 0.171118 0.286140 0.168897 0.286767 0.167952
0 0.300702 0.163371 0.301895 0.161572 0.302833 0.160738 0.303684 0.160351 0.304835 0.159280 0.305923 0.158675 0.307334 0.158094 0.308221 0.159142 0.308471 0.159846 0.309653 0.160530 0.309938 0.161189 0.308637 0.162889 0.307238 0.163609 0.306816 0.164014 0.305203 0.164760 0.304438 0.166866 0.304784 0.167579 0.305094 0.169209 0.304345 0.170189 0.303325 0.171743 0.302102 0.172470 0.301471 0.172653 0.301137 0.173097 0.299915 0.173720 0.298352 0.173720 0.297826 0.173504 0.296296 0.172506 0.296173 0.170928 0.296226 0.165643 0.297523 0.164016 0.299263 0.163966
0 0.299078 0.129939 0.298819 0.129018 0.298819 0.127167 0.299439 0.126361 0.300926 0.125534 0.301871 0.126377 0.302304 0.126557 0.302957 0.126993 0.303820 0.128247 0.304571 0.130360 0.303785 0.131322 0.303790 0.132130 0.303758 0.133953 0.304338 0.135292 0.304051 0.137789 0.303012 0.137997 0.302491 0.137198 0.302391 0.136777 0.302000 0.136322 0.301677 0.135696 0.300775 0.134806 0.297803 0.131573 0.298635 0.130780
0 0.302812 0.145377 0.304244 0.146941 0.304359 0.148562 0.304933 0.149238 0.304285 0.150610 0.302494 0.153457 0.301998 0.153545 0.300182 0.154472 0.300204 0.155511 0.301584 0.156897 0.301289 0.158280 0.299367 0.159301 0.298325 0.157271 0.296153 0.155639 0.295428 0.154556 0.295330 0.152571 0.297300 0.151349 0.298506 0.151570 0.299735 0.151542 0.300157 0.150968 0.299792 0.149868 0.299288 0.149490 0.299253 0.148901 0.299731 0.147097 0.300179 0.147021 0.300872 0.146391
0 0.290312 0.211285 0.288842 0.210729 0.291300 0.208640 0.292177 0.207472 0.293075 0.207289 0.293103 0.207199 0.293625 0.206504 0.293994 0.206428 0.295277 0.206028 0.295889 0.206034 0.295968 0.205993 0.297314 0.205544 0.298250 0.205647 0.298971 0.206505 0.299372 0.207662 0.299053 0.209002 0.297988 0.209856 0.297049 0.209759 0.293897 0.210323 0.292899 0.211321
0 0.254716 0.166598 0.256976 0.165064 0.258087 0.163758 0.260418 0.162721 0.262365 0.164254 0.261599 0.165558 0.261010 0.166345 0.259563 0.167425 0.259106 0.169466 0.260280 0.170692 0.261472 0.171433 0.262028 0.171665 0.263768 0.173985 0.264242 0.175467 0.264317 0.176348 0.264777 0.179203 0.264141 0.181389 0.262270 0.181535 0.261320 0.180091 0.260034 0.177650 0.259223 0.177297 0.257884 0.175338 0.256929 0.174750 0.254647 0.172806 0.253293 0.172779 0.252218 0.172543 0.251408 0.171017 0.251925 0.169075 0.252038 0.168423 0.252484 0.167664 0.253958 0.167387
0 0.442194 0.098006 0.441948 0.095539 0.442909 0.096304 0.445112 0.096831 0.446167 0.096789 0.446611 0.096700 0.446996 0.095898 0.447964 0.095330 0.448743 0.095339 0.449261 0.094752 0.450104 0.094752 0.450654 0.096007 0.451697 0.098121 0.450807 0.099823 0.449919 0.100382 0.449088 0.101594 0.448641 0.101774 0.447964 0.102265 0.446904 0.101200 0.445984 0.100245 0.445637 0.099030 0.444839 0.099036 0.442763 0.098502
0 0.427993 0.050121 0.427878 0.048795 0.428419 0.046908 0.429113 0.045983 0.430799 0.045623 0.432608 0.045623 0.433287 0.045755 0.433373 0.046133 0.433276 0.046157 0.433395 0.046408 0.433544 0.046793 0.434282 0.047401 0.434411 0.048214 0.434920 0.049300 0.434905 0.049317 0.434389 0.051241 0.433662 0.052451 0.432857 0.052988 0.432420 0.053466 0.431744 0.053672 0.431425 0.053647 0.429427 0.054612 0.428927 0.053737 0.428412 0.053258 0.427656 0.051282 0.427907 0.050899
0 0.327715 0.041944 0.328597 0.041984 0.330636 0.042197 0.331906 0.043221 0.332585 0.043216 0.333491 0.043735 0.334486 0.043626 0.334995 0.043212 0.336495 0.043760 0.336392 0.043849 0.336451 0.045259 0.336186 0.047090 0.335114 0.047648 0.335125 0.049145 0.335003 0.049731 0.334888 0.051728 0.334639 0.051930 0.333365 0.053982 0.332615 0.054334 0.329645 0.055225 0.328508 0.055947 0.327963 0.056425 0.327047 0.055756 0.326161 0.055398 0.325170 0.053459 0.324820 0.052991 0.324555 0.049970 0.324204 0.048938 0.325129 0.044886 0.326774 0.042899 0.327022 0.042485
0 0.414878 0.000000 0.427058 0.000000 0.427262 0.000074 0.428277 0.000199 0.428640 0.000961 0.428625 0.001454 0.429636 0.002845 0.430386 0.003428 0.430984 0.004816 0.430592 0.005512 0.429789 0.006201 0.428256 0.006960 0.428328 0.007524 0.428173 0.008529 0.427108 0.010366 0.426923 0.011029 0.426480 0.011620 0.426175 0.011715 0.424612 0.012236 0.423589 0.013391 0.423284 0.013486 0.422704 0.014779 0.421871 0.015995 0.421468 0.016055 0.420179 0.016013 0.420037 0.016004 0.419708 0.016097 0.418238 0.015851 0.417261 0.015601 0.416414 0.015260 0.416081 0.014539 0.415001 0.013637 0.414138 0.012800 0.414216 0.010685 0.414265 0.010590 0.413954 0.009286 0.413995 0.008686 0.413445 0.006916 0.413248 0.005942 0.412868 0.004727 0.413159 0.002494 0.413233 0.002365 0.413145 0.001482 0.413201 0.000373 0.413951 0.000077
0 0.787227 0.378877 0.789368 0.376730 0.789889 0.375790 0.792985 0.377266 0.794612 0.378082 0.795333 0.379906 0.794664 0.381454 0.792485 0.383912 0.790972 0.383554 0.789673 0.383808 0.788335 0.383096 0.786898 0.382013 0.787401 0.379782
0 0.799104 0.237505 0.799869 0.237306 0.799882 0.237275 0.800744 0.236854 0.801137 0.236815 0.801262 0.236684 0.802016 0.236638 0.803422 0.236714 0.804176 0.236788 0.804618 0.238072 0.804563 0.238658 0.805322 0.239671 0.804750 0.240915 0.804204 0.241124 0.802094 0.241020 0.801596 0.241023 0.801207 0.241334 0.800760 0.241411 0.799516 0.242582 0.799119 0.242452 0.797122 0.243001 0.796262 0.242064 0.795947 0.241435 0.795507 0.239462 0.795950 0.238871 0.797098 0.238382 0.797465 0.238180 0.797874 0.237894
0 0.751429 0.143771 0.753843 0.143272 0.754469 0.143261 0.755243 0.143483 0.756424 0.143483 0.757097 0.143596 0.758571 0.143596 0.759740 0.143829 0.760266 0.144692 0.760027 0.149227 0.759746 0.150237 0.757916 0.151090 0.756493 0.151250 0.754588 0.152087 0.753338 0.152023 0.751076 0.152023 0.748597 0.151507 0.748716 0.150031 0.749130 0.149558 0.750463 0.146432 0.751424 0.145910 0.751216 0.145626 0.751156 0.144733
0 0.732682 0.158500 0.734407 0.159668 0.735633 0.159841 0.736699 0.160257 0.737771 0.160574 0.739111 0.160563 0.742742 0.160786 0.744321 0.160786 0.745587 0.160935 0.746927 0.161195 0.747928 0.163164 0.748436 0.163682 0.748521 0.164437 0.748790 0.165373 0.748758 0.166802 0.748890 0.168121 0.749408 0.169150 0.749396 0.170534 0.748727 0.170990 0.746978 0.170785 0.745845 0.170516 0.745098 0.169670 0.744401 0.170199 0.743289 0.170351 0.741999 0.169193 0.740778 0.168595 0.740094 0.168108 0.739063 0.167771 0.738416 0.167654 0.735144 0.166712 0.733450 0.164755 0.733281 0.164054 0.732335 0.162683 0.731455 0.161871 0.730689 0.161441 0.729587 0.161452 0.727882 0.159762 0.728754 0.157865 0.731693 0.158539
0 0.766176 0.200025 0.766891 0.197624 0.767581 0.194926 0.767738 0.193693 0.769498 0.191776 0.773211 0.190793 0.775075 0.190655 0.775570 0.191280 0.775450 0.192993 0.774100 0.193107 0.771967 0.193950 0.771883 0.195625 0.772922 0.197293 0.774952 0.196830 0.775775 0.196310 0.777625 0.198190 0.779973 0.199398 0.779343 0.200428 0.778466 0.201271 0.776985 0.201903 0.776873 0.202916 0.775868 0.203655 0.773677 0.203395 0.772348 0.202496 0.770482 0.202493 0.768803 0.203300 0.767713 0.203373 0.767376 0.203948 0.765956 0.204132 0.765649 0.202526 0.766007 0.201536
0 0.845328 0.167766 0.845715 0.167117 0.845858 0.166259 0.845687 0.165477 0.845810 0.163067 0.846356 0.162843 0.847281 0.162278 0.847781 0.162489 0.848612 0.162607 0.849624 0.163623 0.850031 0.163611 0.851447 0.164553 0.851535 0.168328 0.851447 0.169770 0.850238 0.170419 0.848439 0.172815 0.847356 0.172202 0.847161 0.171544 0.846145 0.171054 0.845816 0.170604 0.844266 0.170051 0.843883 0.169182 0.844600 0.168393
0 0.188683 0.703615 0.188136 0.704344 0.187394 0.704615 0.186330 0.704513 0.185055 0.703939 0.184498 0.703398 0.181844 0.703196 0.179505 0.702317 0.178441 0.701506 0.177134 0.699661 0.176702 0.697658 0.176906 0.696060 0.177874 0.694566 0.177539 0.693401 0.177742 0.692411 0.178289 0.691682 0.179031 0.691411 0.179773 0.691682 0.180852 0.693121 0.182145 0.695655 0.184002 0.698131 0.185190 0.699310 0.186920 0.699791 0.187452 0.700197 0.188683 0.701636 0.188886 0.702625
0 0.179763 0.684987 0.179560 0.683997 0.179013 0.683268 0.177206 0.682389 0.175584 0.682389 0.174621 0.682085 0.173101 0.682288 0.172359 0.682558 0.171812 0.683288 0.171721 0.683727 0.170990 0.683978 0.169774 0.684789 0.168238 0.686633 0.167782 0.687951 0.167579 0.688940 0.167579 0.690157 0.168238 0.693579 0.168771 0.695404 0.170154 0.697349 0.171522 0.698363 0.172206 0.699073 0.173709 0.699749 0.174451 0.699478 0.174998 0.698749 0.175201 0.697759 0.174998 0.696770 0.174451 0.696041 0.173634 0.695559 0.171622 0.693851 0.171406 0.693501 0.171060 0.692453 0.170563 0.690024 0.170563 0.689287 0.170740 0.688815 0.171790 0.687821 0.173024 0.687289 0.173423 0.687618 0.174165 0.687889 0.176142 0.687889 0.176978 0.687686 0.179013 0.686706 0.179560 0.685976
0 0.740756 0.086877 0.740131 0.087712 0.739073 0.088193 0.738442 0.088193 0.737259 0.087877 0.735586 0.088008 0.735168 0.088293 0.734990 0.088677 0.735123 0.090199 0.734920 0.091189 0.734447 0.092240 0.733821 0.093075 0.733427 0.093390 0.732684 0.093661 0.732054 0.093661 0.730917 0.093285 0.729734 0.092654 0.729103 0.091918 0.726737 0.090341 0.726151 0.089770 0.724324 0.089770 0.723582 0.089499 0.723035 0.088770 0.722832 0.087781 0.723035 0.086791 0.723582 0.086062 0.724464 0.085578 0.725081 0.084031 0.724534 0.083302 0.724252 0.081997 0.724252 0.080840 0.724770 0.078904 0.725638 0.077116 0.726343 0.076177 0.727085 0.075906 0.728425 0.075906 0.730215 0.076747 0.730816 0.076852 0.732369 0.076116 0.733847 0.076011 0.734893 0.075590 0.735951 0.075966 0.736813 0.077116 0.737661 0.079719 0.738311 0.081217 0.739184 0.081645 0.740599 0.083426 0.740960 0.084731 0.740960 0.085888
0 0.242009 0.485864 0.243018 0.484734 0.243613 0.484667 0.246633 0.482849 0.249750 0.481979 0.251160 0.480099 0.251854 0.479819 0.254065 0.480369 0.253096 0.483811 0.251956 0.485007 0.251439 0.485697 0.250480 0.486167 0.249378 0.487313 0.248572 0.487428 0.247924 0.487959 0.246667 0.488342 0.246031 0.489685 0.245945 0.491567 0.244573 0.492642 0.242958 0.490759 0.242857 0.490082 0.242110 0.489305 0.241855 0.487124
0 0.260706 0.812293 0.261734 0.811306 0.263570 0.811348 0.265243 0.811540 0.265718 0.811953 0.266601 0.812587 0.265691 0.813871 0.265151 0.814069 0.264686 0.814547 0.264806 0.815467 0.263999 0.815819 0.262203 0.815952 0.260849 0.814321 0.260617 0.813524 0.260688 0.813169
0 0.275795 0.854856 0.274751 0.850073 0.274550 0.849503 0.274455 0.848720 0.274556 0.847288 0.274615 0.845912 0.274573 0.844557 0.275090 0.843590 0.276237 0.842547 0.276728 0.842923 0.277538 0.843274 0.278526 0.846745 0.278550 0.847724 0.279022 0.847961 0.280663 0.848378 0.280900 0.848799 0.281537 0.850513 0.281457 0.852050 0.280173 0.853819 0.279704 0.854068 0.278404 0.854581 0.276426 0.855078
0 0.957814 0.638840 0.959435 0.638401 0.960015 0.638046 0.961627 0.637475 0.961632 0.640256 0.961192 0.640821 0.960738 0.642297 0.960333 0.643078 0.958103 0.644036 0.957637 0.643847 0.955759 0.642739 0.954988 0.641904 0.955376 0.639870 0.956171 0.639511 0.957287 0.639272
0 0.863097 0.061535 0.863025 0.059010 0.863165 0.057344 0.863097 0.057202 0.863025 0.055677 0.863097 0.053818 0.864056 0.052373 0.864398 0.052251 0.865253 0.051314 0.865102 0.051041 0.864472 0.049151 0.865306 0.047872 0.866295 0.047554 0.868138 0.047209 0.869263 0.047587 0.871219 0.047706 0.870844 0.051480 0.868888 0.051976 0.868070 0.051952 0.867292 0.053383 0.867057 0.054845 0.867094 0.054873 0.867145 0.057413 0.866428 0.059868 0.864013 0.062477 0.863115 0.061518
0 0.925926 0.076591 0.926601 0.074062 0.927172 0.073757 0.928886 0.072023 0.929778 0.070338 0.930264 0.069775 0.931040 0.068151 0.933083 0.064925 0.935328 0.064111 0.935972 0.064207 0.936191 0.065757 0.936465 0.067121 0.936484 0.068286 0.937573 0.068425 0.938243 0.070008 0.939010 0.071278 0.938571 0.072265 0.937607 0.072239 0.935661 0.072982 0.934633 0.073751 0.933755 0.073270 0.933266 0.074507 0.932184 0.075819 0.931697 0.076598 0.930441 0.076422 0.930005 0.076270 0.929771 0.077164 0.928724 0.078037 0.927465 0.077791 0.926815 0.077755
0 0.165013 0.368836 0.162869 0.368782 0.161032 0.368138 0.160461 0.368041 0.159229 0.367338 0.157669 0.367243 0.157502 0.366737 0.159115 0.365149 0.160625 0.363801 0.161226 0.361811 0.162320 0.361045 0.163492 0.362636 0.163443 0.363794 0.163596 0.364555 0.164873 0.366257 0.165225 0.366394 0.165643 0.368350
0 0.917317 0.083324 0.917568 0.082246 0.918441 0.078705 0.922807 0.076771 0.924416 0.076906 0.925519 0.077907 0.928224 0.080030 0.927765 0.081504 0.926514 0.082332 0.925981 0.082623 0.925430 0.082865 0.924790 0.083236 0.924552 0.083815 0.923352 0.084827 0.922143 0.084899 0.922027 0.085019 0.921306 0.085440 0.919749 0.084438 0.919201 0.084556 0.917756 0.083935
0 0.965584 0.098792 0.965771 0.098499 0.966516 0.097080 0.966668 0.097085 0.967211 0.096232 0.967515 0.094887 0.969260 0.092692 0.969737 0.092524 0.970840 0.091053 0.971280 0.090806 0.973313 0.090601 0.973358 0.094166 0.973157 0.095561 0.972331 0.097131 0.970817 0.099302 0.970216 0.099717 0.970091 0.100117 0.967396 0.101145 0.966226 0.100979 0.965719 0.098839
0 0.165149 0.228245 0.165880 0.227271 0.166450 0.226999 0.166431 0.226677 0.166431 0.226252 0.166381 0.225718 0.166298 0.223981 0.166280 0.221901 0.166567 0.221414 0.167087 0.221340 0.168387 0.221310 0.168700 0.221518 0.168884 0.221757 0.170079 0.222698 0.169966 0.223086 0.170242 0.223656 0.170218 0.224108 0.171929 0.225348 0.173555 0.226370 0.172646 0.229446 0.171993 0.230734 0.171283 0.231368 0.170715 0.232125 0.170033 0.232514 0.170018 0.232494 0.170005 0.232460 0.168217 0.230375 0.166609 0.230317 0.165568 0.230202 0.165213 0.230180
0 0.170270 0.233718 0.169734 0.235057 0.169140 0.235228 0.168566 0.235659 0.167861 0.236069 0.167341 0.236142 0.166223 0.237148 0.165159 0.237483 0.163893 0.237484 0.163056 0.237413 0.162386 0.236154 0.161476 0.236054 0.160903 0.235526 0.159959 0.234462 0.160191 0.232311 0.160791 0.231200 0.162873 0.230292 0.163325 0.230060 0.165568 0.230202 0.166609 0.230317 0.168217 0.230375 0.170005 0.232460 0.170150 0.232832
0 0.938241 0.062947 0.936567 0.063331 0.936224 0.063283 0.935095 0.062795 0.934332 0.062373 0.934463 0.062089 0.935368 0.060398 0.935972 0.058144 0.936304 0.057955 0.936455 0.055986 0.937148 0.055219 0.937087 0.055181 0.937878 0.055028 0.940232 0.052368 0.941056 0.052367 0.942533 0.052515 0.943707 0.053845 0.943707 0.056964 0.942188 0.059224 0.940596 0.061699 0.940026 0.062434 0.939230 0.062585
0 0.952421 0.002525 0.951390 0.003410 0.951148 0.002852 0.950277 0.000842 0.950498 0.000548 0.951433 0.000000 0.958366 0.000000 0.958019 0.001296 0.957824 0.001541 0.957326 0.002166 0.956828 0.002792 0.955963 0.003879 0.953914 0.003415 0.953339 0.002649 0.952858 0.002477
0 0.900828 0.002229 0.900486 0.000892 0.900133 0.000076 0.899905 0.000000 0.906827 0.000000 0.906481 0.000123 0.906241 0.001147 0.905935 0.001643 0.905371 0.002412 0.904413 0.003374 0.904000 0.004319 0.903622 0.005215 0.903056 0.005292 0.901849 0.005292 0.900855 0.003574
0 0.981608 0.030091 0.980930 0.028409 0.980930 0.027711 0.980356 0.026710 0.980198 0.025785 0.979131 0.025078 0.978209 0.024703 0.976638 0.022842 0.975431 0.022020 0.975259 0.021164 0.975693 0.019569 0.975958 0.016790 0.976604 0.015929 0.978287 0.015992 0.981453 0.019509 0.982171 0.019217 0.982813 0.019447 0.983980 0.020768 0.985100 0.021323 0.985971 0.022899 0.986699 0.023690 0.987386 0.023903 0.988208 0.024998 0.988333 0.027027 0.988310 0.031131 0.988032 0.033746 0.985336 0.034562 0.984634 0.034712 0.983381 0.034262 0.982115 0.032574 0.981767 0.031014
0 0.872276 0.043014 0.871265 0.045116 0.870378 0.045237 0.867383 0.044867 0.866053 0.043593 0.864930 0.043573 0.864890 0.043341 0.863810 0.041473 0.863261 0.041212 0.862700 0.040386 0.862203 0.038335 0.861793 0.037866 0.861500 0.035472 0.861577 0.034854 0.860865 0.034138 0.860219 0.031096 0.860865 0.030235 0.863392 0.029914 0.863913 0.028282 0.864253 0.027988 0.865557 0.027130 0.867230 0.029638 0.867142 0.031243 0.868286 0.031932 0.868875 0.032636 0.870321 0.034649 0.870798 0.036453 0.871729 0.037934 0.872069 0.039259 0.872865 0.040177 0.872592 0.041804
0 0.839765 0.062771 0.840495 0.061789 0.841312 0.059738 0.841476 0.058338 0.842172 0.056811 0.842748 0.055329 0.844357 0.055194 0.845978 0.054774 0.846266 0.054391 0.847450 0.053985 0.848693 0.053037 0.849374 0.052630 0.851021 0.054015 0.851372 0.054746 0.852802 0.057007 0.853041 0.057795 0.853545 0.058240 0.855113 0.058613 0.855999 0.060029 0.857342 0.061585 0.857502 0.062970 0.858046 0.064399 0.858135 0.066432 0.857166 0.069160 0.856635 0.069714 0.855993 0.071663 0.853480 0.071614 0.851749 0.071091 0.850787 0.069797 0.850813 0.068648 0.850983 0.065784 0.849810 0.065700 0.846958 0.067527 0.846494 0.068145 0.846014 0.068316 0.844911 0.069786 0.842862 0.070719 0.841809 0.070298 0.840882 0.070703 0.839556 0.071757 0.837264 0.071530 0.835946 0.069629 0.835938 0.068606 0.836165 0.065600 0.837739 0.064530 0.838583 0.063149 0.838812 0.063174
0 0.798627 0.025942 0.799509 0.023703 0.801257 0.021839 0.802137 0.021135 0.803649 0.020498 0.804110 0.020663 0.804881 0.020263 0.806385 0.020439 0.806771 0.020965 0.808760 0.023075 0.808117 0.024490 0.808102 0.025162 0.808268 0.027883 0.807139 0.028689 0.805903 0.029338 0.805483 0.029231 0.804169 0.029388 0.803433 0.029093 0.802230 0.029677 0.799973 0.030031 0.798598 0.030151 0.797956 0.028669 0.798320 0.027557
0 0.677178 0.272398 0.678073 0.272477 0.679240 0.272487 0.680083 0.272133 0.681250 0.271019 0.682334 0.270532 0.683951 0.268948 0.685526 0.271048 0.685503 0.271415 0.686018 0.271601 0.686981 0.273629 0.686484 0.273881 0.683067 0.275879 0.682201 0.276111 0.681578 0.276312 0.680911 0.276331 0.679994 0.277046 0.679196 0.277603 0.677824 0.276417 0.677715 0.276276 0.677123 0.276031 0.677267 0.274330
0 0.477208 0.414470 0.478664 0.413494 0.478985 0.411926 0.479455 0.410309 0.479617 0.409384 0.480352 0.408485 0.480733 0.406698 0.480928 0.405165 0.481459 0.404596 0.482309 0.403350 0.484958 0.401850 0.485134 0.401415 0.487066 0.398786 0.487494 0.396651 0.488333 0.395484 0.489080 0.395331 0.491372 0.395367 0.492416 0.396207 0.491059 0.399524 0.490567 0.400307 0.489734 0.400945 0.489696 0.404210 0.489844 0.407171 0.489609 0.407440 0.488613 0.409302 0.487537 0.409884 0.486185 0.411971 0.485943 0.413478 0.484759 0.415530 0.484085 0.415879 0.481610 0.416609 0.480154 0.416926 0.479836 0.418890 0.479079 0.420026 0.477737 0.420339 0.475476 0.420026 0.475106 0.418228 0.474469 0.416010 0.476124 0.414910
0 0.473547 0.454578 0.474396 0.454252 0.475549 0.453933 0.476511 0.454519 0.476723 0.454455 0.478351 0.455668 0.478529 0.456688 0.479329 0.459059 0.479507 0.460079 0.480308 0.461669 0.480308 0.463573 0.479250 0.464461 0.478807 0.465053 0.477986 0.465270 0.477437 0.466097 0.476723 0.466352 0.474390 0.464200 0.472878 0.463487 0.471264 0.459099 0.471376 0.457755 0.471779 0.457137 0.472124 0.456498 0.472873 0.455293
0 0.634862 0.418643 0.636531 0.418215 0.637207 0.418137 0.638809 0.417729 0.639854 0.417841 0.640390 0.418556 0.640763 0.419759 0.640760 0.422294 0.639813 0.423537 0.638847 0.423658 0.635086 0.423802 0.634451 0.424196 0.632995 0.423676 0.633769 0.420638 0.634018 0.419399
0 0.604813 0.446920 0.605913 0.445516 0.607268 0.443642 0.607815 0.443355 0.608752 0.443482 0.609906 0.443533 0.610084 0.444545 0.610745 0.444986 0.610910 0.445412 0.611262 0.447161 0.609583 0.448455 0.609337 0.449117 0.608380 0.450619 0.607730 0.450814 0.607091 0.452721 0.602587 0.454008 0.600982 0.453516 0.599997 0.452119 0.599822 0.450120 0.599792 0.448813 0.599990 0.447832 0.603110 0.446606 0.603892 0.446982
0 0.648729 0.345938 0.646060 0.345214 0.646653 0.343174 0.646965 0.341328 0.647068 0.339283 0.647401 0.337902 0.647586 0.336378 0.649995 0.335616 0.651059 0.335698 0.652399 0.337113 0.653358 0.338641 0.653931 0.339836 0.653238 0.341811 0.651842 0.342931 0.650642 0.344346
0 0.694262 0.386627 0.694123 0.388908 0.693797 0.389316 0.692778 0.390701 0.692366 0.390879 0.692315 0.393358 0.690167 0.393225 0.688536 0.393258 0.687609 0.393027 0.687283 0.391243 0.687605 0.390846 0.687564 0.389921 0.687835 0.388518 0.689037 0.386694 0.689824 0.385647 0.689862 0.384402 0.692500 0.383906 0.692866 0.384395 0.693984 0.385514 0.694085 0.386454
0 0.658336 0.406945 0.658572 0.404798 0.658891 0.404362 0.659917 0.400409 0.660912 0.400401 0.662233 0.400227 0.663229 0.400875 0.664642 0.401460 0.664292 0.403280 0.664499 0.404548 0.664300 0.406499 0.663524 0.407456 0.659730 0.409510 0.658527 0.409428 0.658155 0.407579
0 0.693685 0.478501 0.692735 0.475896 0.693552 0.475287 0.696628 0.474941 0.698409 0.474232 0.699334 0.474101 0.700447 0.473680 0.702262 0.476161 0.702574 0.477073 0.700676 0.479729 0.699357 0.480004 0.698500 0.480466 0.698063 0.480367 0.695358 0.480212 0.694487 0.479465
0 0.787172 0.467752 0.788523 0.466259 0.791256 0.465942 0.792180 0.466074 0.792830 0.466940 0.793383 0.468544 0.793349 0.469672 0.794127 0.470338 0.794777 0.472929 0.791721 0.473424 0.790711 0.471706 0.789587 0.471752 0.788322 0.471325 0.786761 0.470519 0.786821 0.468988
0 0.738549 0.305851 0.741315 0.304050 0.742653 0.303139 0.743676 0.303862 0.744747 0.304167 0.745048 0.304538 0.746068 0.304808 0.746747 0.306621 0.746188 0.307794 0.745500 0.308072 0.744428 0.308752 0.742861 0.308867 0.741185 0.309393 0.740506 0.309076 0.738713 0.306635
0 0.753098 0.304848 0.754194 0.304633 0.754707 0.304109 0.757042 0.303802 0.757763 0.303599 0.759069 0.305180 0.758520 0.306308 0.757416 0.308099 0.756301 0.308277 0.755120 0.309878 0.754460 0.310128 0.753558 0.310766 0.752424 0.310415 0.751674 0.306231 0.752385 0.305564
0 0.661715 0.287741 0.663659 0.287563 0.665674 0.287289 0.666690 0.288326 0.667461 0.290052 0.669138 0.291850 0.671087 0.294068 0.671895 0.293982 0.673891 0.294408 0.674641 0.295775 0.674615 0.296109 0.674049 0.298052 0.673587 0.300442 0.673179 0.300585 0.670151 0.301192 0.669823 0.300653 0.668601 0.300413 0.667496 0.299280 0.666772 0.299018 0.665946 0.297682 0.663682 0.294664 0.662441 0.290562 0.661696 0.288709
0 0.914983 0.405625 0.915493 0.405126 0.916565 0.404914 0.917174 0.404622 0.917868 0.404191 0.919978 0.406299 0.920570 0.406791 0.920756 0.408417 0.920676 0.408915 0.920487 0.412746 0.920500 0.413633 0.919083 0.417620 0.916772 0.416933 0.915971 0.416621 0.915743 0.415406 0.915870 0.414749 0.913893 0.411753 0.913602 0.410476 0.914132 0.408857 0.914497 0.406839
0 0.933393 0.398456 0.934908 0.397346 0.935564 0.397580 0.936219 0.397346 0.937339 0.397858 0.939342 0.399107 0.939822 0.399514 0.941344 0.400464 0.941026 0.400988 0.940314 0.402634 0.939195 0.403085 0.938694 0.403886 0.937937 0.404891 0.936894 0.405944 0.936275 0.406905 0.935530 0.407934 0.934573 0.407899 0.933679 0.408002 0.933261 0.407414 0.932636 0.405970 0.932969 0.404222 0.933004 0.401250 0.933120 0.399435
0 0.655171 0.287508 0.655185 0.287394 0.654110 0.282798 0.656201 0.282290 0.656497 0.281817 0.657220 0.281559 0.657414 0.280596 0.658150 0.279615 0.661357 0.279256 0.662387 0.279648 0.663464 0.279982 0.664088 0.280814 0.664840 0.281083 0.665233 0.281991 0.665845 0.283404 0.665217 0.285222 0.665025 0.287681 0.664144 0.288680 0.663188 0.289763 0.661178 0.289763 0.660394 0.289241 0.659430 0.289388 0.658329 0.288923 0.655873 0.288196 0.655736 0.288148
0 0.820263 0.424431 0.821741 0.424880 0.822430 0.424634 0.824440 0.427314 0.822619 0.430722 0.822365 0.431428 0.821894 0.432056 0.821417 0.434161 0.819676 0.435501 0.819388 0.435398 0.818933 0.435876 0.816469 0.435876 0.814632 0.433426 0.814430 0.432423 0.812986 0.429149 0.814338 0.427639 0.814893 0.427166 0.815895 0.426047 0.816399 0.425474 0.817211 0.425471 0.817845 0.424626 0.818850 0.424267 0.819298 0.424267
0 0.710449 0.298842 0.711471 0.299400 0.713024 0.300173 0.713765 0.301177 0.715502 0.301275 0.715701 0.305145 0.715778 0.306651 0.713396 0.307377 0.712019 0.306813 0.709638 0.306651 0.708627 0.305303 0.708551 0.302999 0.708299 0.302473 0.708082 0.301393 0.709571 0.299407
0 0.628502 0.542510 0.629106 0.541846 0.630115 0.541639 0.631636 0.539611 0.633284 0.537748 0.633558 0.536398 0.634030 0.535508 0.633971 0.533059 0.634333 0.532066 0.634648 0.530767 0.634721 0.528730 0.635180 0.527011 0.635220 0.524734 0.635537 0.523402 0.636063 0.520264 0.637458 0.518412 0.639601 0.518313 0.640949 0.518119 0.641313 0.519881 0.641671 0.522673 0.641678 0.523629 0.641960 0.525827 0.641619 0.527614 0.640597 0.529310 0.640310 0.530555 0.639044 0.534808 0.638448 0.535201 0.637609 0.536174 0.636978 0.537966 0.635972 0.538884 0.635688 0.539722 0.634839 0.540734 0.634403 0.541493 0.633451 0.542899 0.631620 0.545209 0.630270 0.545378 0.628769 0.545729 0.628824 0.545351 0.628376 0.543665
0 0.665984 0.462989 0.667088 0.461192 0.667627 0.460473 0.668275 0.459342 0.669781 0.458826 0.670687 0.458443 0.673065 0.458564 0.674685 0.458738 0.675826 0.460864 0.676724 0.461759 0.678688 0.464680 0.678998 0.466301 0.679368 0.466794 0.679745 0.468193 0.681254 0.469007 0.682312 0.472623 0.680337 0.474119 0.679442 0.475544 0.679326 0.475455 0.677907 0.476012 0.677675 0.475934 0.673058 0.476792 0.670558 0.476318 0.670011 0.475554 0.669404 0.474937 0.668421 0.473434 0.666974 0.470431 0.666084 0.469301 0.665945 0.467480 0.665791 0.466488 0.665684 0.464477
0 0.597854 0.560332 0.597938 0.560006 0.596995 0.556798 0.598880 0.555394 0.599157 0.555395 0.599378 0.555253 0.599697 0.554158 0.600545 0.552971 0.603637 0.552374 0.604543 0.552757 0.606808 0.551770 0.608462 0.553974 0.607945 0.555470 0.607787 0.557493 0.606563 0.558521 0.606120 0.559179 0.605457 0.560448 0.605377 0.560668 0.604381 0.561733 0.601372 0.563951 0.600839 0.564643 0.598733 0.564643 0.597679 0.562431 0.597721 0.561666
0 0.659138 0.424409 0.660504 0.423795 0.661026 0.423099 0.662645 0.422925 0.663291 0.422193 0.665768 0.422687 0.666683 0.423604 0.666904 0.424707 0.666848 0.425637 0.667198 0.427916 0.667362 0.428135 0.667810 0.430445 0.667810 0.433465 0.666039 0.435566 0.665088 0.436693 0.664500 0.437780 0.664412 0.439808 0.664311 0.439847 0.663871 0.440452 0.662306 0.442315 0.659515 0.441212 0.659594 0.438902 0.659293 0.437694 0.659603 0.435939 0.659798 0.435115 0.660014 0.433891 0.660113 0.433452 0.660939 0.431049 0.660161 0.428743 0.659896 0.427957 0.659100 0.425598
0 0.579681 0.364737 0.581979 0.363682 0.583042 0.363089 0.584393 0.363087 0.586874 0.360586 0.588533 0.361991 0.588920 0.363784 0.590340 0.366113 0.589892 0.369632 0.588691 0.372441 0.588376 0.374721 0.588306 0.376578 0.587701 0.377385 0.587189 0.377708 0.586569 0.378594 0.584156 0.378506 0.583133 0.378211 0.582713 0.376881 0.582406 0.375729 0.582390 0.374070 0.581038 0.373422 0.580331 0.373342 0.578799 0.372855 0.577741 0.371452 0.576899 0.370471 0.576069 0.368967 0.575682 0.368204 0.576643 0.367321 0.577187 0.366511 0.578197 0.365836 0.578848 0.365492
0 0.528683 0.417123 0.529819 0.416252 0.530618 0.416455 0.530924 0.416844 0.532283 0.416763 0.533170 0.417243 0.534179 0.417547 0.534717 0.418268 0.534698 0.420952 0.533653 0.422144 0.534745 0.423448 0.535597 0.424317 0.535114 0.426648 0.534800 0.427707 0.533852 0.427941 0.532949 0.428323 0.532056 0.428039 0.529953 0.427029 0.529191 0.426616 0.526778 0.421384 0.527072 0.420308 0.528265 0.418734 0.528339 0.418119
0 0.493551 0.420192 0.495611 0.422179 0.495979 0.425379 0.496915 0.426788 0.498010 0.428162 0.498547 0.429114 0.499664 0.429448 0.501345 0.430276 0.502757 0.431083 0.503459 0.431219 0.504050 0.431824 0.505252 0.432798 0.505086 0.434692 0.505090 0.435706 0.504868 0.438474 0.503888 0.439905 0.503704 0.439712 0.501294 0.438515 0.500677 0.438295 0.499923 0.437606 0.496815 0.437385 0.495728 0.435547 0.494856 0.433961 0.494465 0.431941 0.494389 0.430955 0.493120 0.430031 0.491828 0.429210 0.490267 0.428636 0.487575 0.425413 0.486739 0.424530 0.485989 0.422330 0.484715 0.419519 0.484897 0.419009 0.484640 0.418560 0.485246 0.415549 0.486412 0.415374 0.489391 0.415549 0.489960 0.416308 0.490376 0.416159 0.491203 0.416455 0.492118 0.418278 0.492957 0.420366
0 0.458147 0.463188 0.459618 0.463347 0.460200 0.463510 0.461377 0.463637 0.462299 0.463885 0.461573 0.466583 0.460974 0.467412 0.460940 0.469463 0.462549 0.472709 0.462481 0.472632 0.461647 0.473570 0.460530 0.475034 0.458985 0.474734 0.456194 0.473410 0.456064 0.471251 0.456094 0.466871 0.456063 0.465869 0.456194 0.464561 0.457354 0.463578
0 0.429929 0.494909 0.430684 0.493935 0.431263 0.493398 0.431803 0.492755 0.432576 0.493031 0.433468 0.491842 0.436180 0.492649 0.436189 0.494809 0.436432 0.496397 0.436628 0.497678 0.436799 0.499515 0.437312 0.500200 0.438210 0.502001 0.439578 0.503824 0.439245 0.505149 0.438746 0.507138 0.437579 0.507312 0.436786 0.507434 0.434611 0.505411 0.433542 0.503915 0.432620 0.500212 0.430995 0.497461 0.430129 0.495995
0 0.352830 0.605966 0.353293 0.605268 0.354036 0.603696 0.354586 0.602380 0.355364 0.601510 0.355676 0.599898 0.357173 0.597913 0.358763 0.597931 0.359085 0.598404 0.360008 0.600090 0.360921 0.601419 0.361013 0.604280 0.360336 0.606677 0.360441 0.608918 0.361225 0.609899 0.362748 0.610187 0.363955 0.609310 0.365661 0.607794 0.366901 0.607174 0.367521 0.606541 0.368518 0.606124 0.369715 0.605334 0.371462 0.605374 0.372922 0.605330 0.374223 0.605846 0.376268 0.606557 0.377114 0.608515 0.376245 0.609599 0.375326 0.610596 0.374542 0.610108 0.372762 0.609639 0.371809 0.609802 0.370416 0.609740 0.368668 0.610844 0.368071 0.611640 0.366003 0.612111 0.363602 0.614273 0.362827 0.614230 0.361581 0.614351 0.360299 0.613974 0.360296 0.613973 0.359690 0.614660 0.357844 0.615136 0.354486 0.613853 0.353585 0.611241 0.353641 0.610612 0.353132 0.609126 0.353134 0.606366
0 0.383569 0.782554 0.384604 0.783604 0.385880 0.783571 0.386696 0.784144 0.388018 0.784242 0.388759 0.785928 0.388107 0.787228 0.386147 0.788268 0.385622 0.789063 0.383836 0.789660 0.381713 0.789727 0.380327 0.787978 0.380176 0.783542 0.380904 0.782489 0.382544 0.782283
0 0.290186 0.713413 0.288872 0.712245 0.287754 0.711804 0.286885 0.712032 0.285703 0.712829 0.284920 0.713095 0.283659 0.714192 0.281958 0.714382 0.281362 0.714334 0.279138 0.716910 0.277234 0.720227 0.274365 0.720119 0.271763 0.721954 0.271020 0.722555 0.269886 0.722936 0.268545 0.723626 0.267245 0.723875 0.266143 0.723698 0.265701 0.719816 0.265703 0.717312 0.265777 0.717196 0.267064 0.717750 0.270651 0.715760 0.271926 0.715423 0.273280 0.713813 0.274701 0.713086 0.275790 0.711571 0.278979 0.708094 0.278693 0.706673 0.275962 0.705327 0.275198 0.704988 0.275032 0.705184 0.273468 0.704834 0.272867 0.703507 0.273540 0.700965 0.272858 0.699849 0.273394 0.697712 0.275136 0.698615 0.276049 0.699691 0.276315 0.700949 0.278891 0.703343 0.280060 0.702253 0.282032 0.698245 0.282097 0.698135 0.282383 0.697720 0.286007 0.696350 0.286913 0.696399 0.287955 0.696165 0.288862 0.695780 0.289590 0.695688 0.292045 0.694650 0.292890 0.693939 0.294498 0.692828 0.296099 0.691896 0.296757 0.691288 0.297619 0.690916 0.298509 0.689925 0.298908 0.689782 0.299918 0.688956 0.301232 0.690176 0.303225 0.690314 0.304199 0.691613 0.304303 0.692518 0.304199 0.695565 0.303225 0.696670 0.301048 0.697236 0.298699 0.698422 0.297570 0.698759 0.296706 0.699391 0.293880 0.700174 0.293147 0.700773 0.292346 0.701137 0.293156 0.702976 0.293973 0.703677 0.295194 0.703943 0.295876 0.704852 0.295834 0.706341 0.295399 0.708078 0.294762 0.709901 0.294562 0.710946 0.294032 0.711653 0.293686 0.712503 0.291230 0.713720
0 0.333599 0.648073 0.334315 0.650633 0.334717 0.652928 0.333351 0.654322 0.332769 0.654507 0.331927 0.655107 0.330570 0.655343 0.329070 0.657148 0.326335 0.658848 0.324500 0.659289 0.323091 0.656501 0.323472 0.655472 0.323672 0.654038 0.324415 0.653047 0.324963 0.651753 0.326160 0.651110 0.326690 0.650403 0.328150 0.649429 0.329414 0.648850 0.330010 0.648898 0.332346 0.647729 0.332793 0.647708
0 0.547309 0.254691 0.546477 0.254741 0.545343 0.255295 0.545117 0.255749 0.545079 0.256857 0.544399 0.258319 0.544285 0.259377 0.544701 0.260990 0.545230 0.261796 0.546780 0.262703 0.548027 0.262854 0.549274 0.262350 0.550332 0.261443 0.551126 0.260133 0.551768 0.259377 0.551957 0.258319 0.551731 0.257261 0.551353 0.256908 0.549350 0.255648 0.548669 0.254993 0.547913 0.254640
0 0.342288 0.704461 0.342398 0.703854 0.341778 0.703158 0.342255 0.700711 0.342508 0.699790 0.343881 0.698738 0.345522 0.699011 0.345568 0.699127 0.345609 0.699118 0.346725 0.698911 0.347324 0.699125 0.348186 0.700274 0.348784 0.700487 0.349646 0.701247 0.350226 0.701515 0.350867 0.702292 0.351850 0.702629 0.352530 0.704200 0.352348 0.705107 0.350795 0.706398 0.350092 0.708738 0.349832 0.709443 0.349390 0.710917 0.348279 0.712590 0.348076 0.713251 0.347620 0.713943 0.346986 0.714787 0.346837 0.715424 0.346154 0.716333 0.343869 0.716472 0.343190 0.716333 0.342414 0.713372 0.342103 0.713115 0.342415 0.712126 0.342482 0.711934 0.342606 0.711341 0.342715 0.711268 0.343332 0.709499 0.342973 0.707746 0.342399 0.706859 0.342320 0.705609
0 0.609711 0.741259 0.609281 0.740005 0.607404 0.739353 0.607222 0.737949 0.607289 0.737474 0.606411 0.736787 0.605354 0.735626 0.605218 0.734947 0.604176 0.733444 0.604001 0.732717 0.603364 0.732242 0.602153 0.731976 0.601129 0.730604 0.600771 0.728490 0.601566 0.725197 0.603228 0.724969 0.603802 0.724203 0.606905 0.723214 0.607907 0.723886 0.608378 0.723806 0.609906 0.724699 0.610044 0.728579 0.611018 0.729662 0.611749 0.730883 0.612101 0.732591 0.612487 0.732859 0.614233 0.734557 0.614488 0.735891 0.615910 0.738533 0.616149 0.739290 0.616842 0.740024 0.617584 0.742919 0.616717 0.745235 0.616208 0.745417 0.614919 0.746224 0.613600 0.745257 0.611471 0.745063 0.609717 0.745308 0.609883 0.742555
0 0.574544 0.725694 0.576209 0.726100 0.578072 0.728336 0.579072 0.728924 0.579415 0.729307 0.580711 0.729509 0.582104 0.729985 0.582986 0.730166 0.584270 0.731019 0.586171 0.731680 0.587243 0.731771 0.588642 0.732482 0.591340 0.733520 0.592354 0.734706 0.593236 0.734888 0.595071 0.735987 0.596404 0.736130 0.597084 0.737701 0.597081 0.738772 0.600127 0.739312 0.601624 0.739243 0.601646 0.740186 0.602110 0.742318 0.601407 0.744163 0.602631 0.745045 0.603161 0.745838 0.603954 0.746053 0.605388 0.748287 0.605624 0.749242 0.606396 0.749638 0.606871 0.752487 0.605389 0.753303 0.604751 0.753058 0.603551 0.752054 0.602322 0.751936 0.600477 0.751956 0.598795 0.751817 0.598510 0.750648 0.598370 0.749488 0.598802 0.748427 0.597893 0.747611 0.597289 0.746617 0.594800 0.744228 0.594624 0.742049 0.594173 0.741093 0.593729 0.739495 0.592928 0.739515 0.590012 0.739023 0.585895 0.736267 0.583238 0.736284 0.580948 0.734890 0.579510 0.734545 0.578594 0.733987 0.576808 0.733318 0.574803 0.729202 0.574373 0.726140
0 0.639154 0.705175 0.640614 0.704547 0.641405 0.704657 0.642001 0.703198 0.641863 0.702437 0.642526 0.700692 0.645402 0.701128 0.646353 0.701323 0.647585 0.703968 0.647231 0.706237 0.646133 0.707120 0.642948 0.708668 0.641153 0.708759 0.640627 0.708058 0.638634 0.706114
0 0.641321 0.699591 0.641793 0.701746 0.640816 0.702529 0.639753 0.704251 0.639256 0.704485 0.638465 0.705539 0.637220 0.706126 0.636855 0.706612 0.634756 0.706841 0.633761 0.706865 0.631925 0.707808 0.630646 0.706770 0.627522 0.705180 0.628210 0.702483 0.628488 0.701038 0.629154 0.699794 0.630045 0.698962 0.631102 0.698730 0.634175 0.697679 0.634738 0.697765 0.636429 0.697679 0.637233 0.697951 0.638393 0.697923 0.640827 0.699106 0.640937 0.699488
0 0.580436 0.661714 0.583712 0.661891 0.584912 0.661829 0.585456 0.662031 0.585822 0.662516 0.587389 0.662675 0.588886 0.664338 0.589976 0.664714 0.590846 0.667434 0.590296 0.668222 0.589712 0.668810 0.588551 0.670140 0.585828 0.669751 0.584127 0.670017 0.582608 0.669494 0.582215 0.669211 0.580876 0.669191 0.580148 0.669288 0.577024 0.669253 0.575744 0.669369 0.573809 0.669154 0.572784 0.668643 0.571193 0.668000 0.571080 0.666815 0.570850 0.665377 0.572035 0.663490 0.573068 0.663021 0.574634 0.662148 0.575771 0.662072 0.577981 0.662061 0.579357 0.661932
0 0.584497 0.659255 0.584567 0.656863 0.584382 0.655672 0.584434 0.655422 0.584446 0.654726 0.584473 0.653100 0.584510 0.652630 0.584585 0.651689 0.584774 0.651357 0.585453 0.650452 0.586282 0.650328 0.589540 0.650686 0.590226 0.650671 0.591566 0.651669 0.591390 0.654329 0.591566 0.654674 0.591566 0.656885 0.590355 0.657720 0.589421 0.658364 0.587006 0.660030 0.585565 0.659755 0.585010 0.659678
0 0.635158 0.626551 0.636158 0.628058 0.636437 0.629289 0.636799 0.630344 0.636271 0.631622 0.636158 0.633059 0.634658 0.634272 0.632739 0.632502 0.631599 0.632340 0.630714 0.632039 0.629241 0.631916 0.628492 0.629915 0.631172 0.626411 0.631612 0.626254 0.634214 0.626209
0 0.578892 0.761856 0.580881 0.759406 0.582033 0.758929 0.582954 0.758350 0.585669 0.758421 0.587146 0.758523 0.587529 0.760138 0.588338 0.760289 0.589483 0.762465 0.588241 0.764240 0.587675 0.765170 0.585208 0.767048 0.584851 0.769290 0.584016 0.771992 0.583899 0.772854 0.582034 0.775341 0.581896 0.775878 0.580524 0.777708 0.578970 0.778367 0.578404 0.778944 0.576464 0.779647 0.575627 0.779002 0.575533 0.775709 0.575100 0.773943 0.575881 0.771118 0.575407 0.770852 0.574623 0.768557 0.574700 0.767648 0.577047 0.764830 0.577216 0.764116 0.577883 0.763403
0 0.445739 0.789846 0.444402 0.788259 0.445292 0.787761 0.447273 0.785043 0.449024 0.782081 0.450744 0.781370 0.451580 0.781232 0.453197 0.781274 0.453339 0.781126 0.454155 0.781014 0.454251 0.780978 0.454644 0.780973 0.456019 0.780918 0.456881 0.780170 0.458572 0.779572 0.460713 0.777971 0.461992 0.776620 0.463189 0.775941 0.463908 0.774594 0.464150 0.772801 0.463813 0.772510 0.463611 0.770948 0.465856 0.770025 0.466427 0.770113 0.467923 0.770000 0.469130 0.770532 0.470628 0.770225 0.472555 0.769393 0.473354 0.768887 0.474810 0.768273 0.477038 0.766670 0.478090 0.766363 0.480045 0.766046 0.482811 0.766830 0.482259 0.768581 0.479761 0.770519 0.478627 0.771062 0.477158 0.771974 0.475320 0.772293 0.474702 0.773117 0.473338 0.774441 0.470755 0.775486 0.470211 0.775573 0.469669 0.776472 0.468477 0.777885 0.467638 0.778508 0.466803 0.778725 0.465562 0.779929 0.464540 0.780486 0.463369 0.781308 0.462796 0.782427 0.460313 0.784768 0.455677 0.784591 0.455302 0.784329 0.454871 0.784548 0.454571 0.784948 0.453728 0.785366 0.453701 0.785396 0.453910 0.787605 0.454857 0.789240 0.454835 0.789552 0.453909 0.793248 0.452015 0.793248 0.450650 0.792665 0.448933 0.792613 0.447718 0.791831 0.446870 0.791042 0.446565 0.790190
0 0.464100 0.799964 0.463927 0.802159 0.464433 0.802262 0.465123 0.803319 0.464769 0.805080 0.463359 0.805252 0.462117 0.804245 0.461021 0.804197 0.460570 0.803242 0.459253 0.802203 0.458240 0.802077 0.457562 0.800584 0.459382 0.799014 0.460282 0.797298 0.460402 0.796078 0.461418 0.795077 0.462707 0.794771 0.464153 0.794021 0.465492 0.793805 0.466374 0.792001 0.466833 0.790189 0.466892 0.789191 0.467373 0.788550 0.468733 0.785596 0.469865 0.784091 0.470250 0.783399 0.470961 0.783179 0.473113 0.783245 0.474921 0.786304 0.474700 0.787629 0.474526 0.789774 0.472861 0.792176 0.472672 0.793129 0.471878 0.795072 0.469934 0.797133 0.466537 0.797659 0.465743 0.797071 0.464781 0.797470 0.464328 0.798780
0 0.434620 0.564667 0.435070 0.564919 0.436520 0.566443 0.436641 0.566763 0.436854 0.567239 0.436284 0.570985 0.435580 0.571226 0.433599 0.571540 0.433324 0.571409 0.433182 0.571546 0.432815 0.571619 0.431518 0.571651 0.430601 0.570304 0.430059 0.569601 0.430059 0.568841 0.430767 0.568305 0.431328 0.567271 0.432166 0.565735 0.432309 0.565265 0.432699 0.564745 0.433369 0.564324 0.433913 0.563773 0.434289 0.564571
0 0.528037 0.850235 0.527995 0.848775 0.527650 0.845378 0.528572 0.845095 0.529240 0.844687 0.529421 0.844616 0.530218 0.843691 0.533400 0.843502 0.533756 0.843540 0.534408 0.846137 0.533501 0.847155 0.533306 0.848344 0.533180 0.850277 0.533194 0.851704 0.533785 0.852522 0.534093 0.853642 0.535740 0.856313 0.535779 0.857026 0.536358 0.858033 0.536456 0.859673 0.537205 0.861334 0.537560 0.862268 0.537740 0.863113 0.538015 0.866174 0.536391 0.866311 0.532873 0.865069 0.532453 0.862379 0.530744 0.859389 0.530392 0.857815 0.530436 0.856849 0.529549 0.854010 0.528969 0.853236
0 0.473927 0.825602 0.474596 0.823103 0.475391 0.823081 0.476458 0.821371 0.475729 0.818988 0.475505 0.817214 0.474848 0.813959 0.474374 0.813519 0.474211 0.811993 0.473507 0.810045 0.472832 0.808520 0.472330 0.808644 0.471112 0.808241 0.470778 0.810579 0.469972 0.812209 0.467350 0.812759 0.466316 0.812503 0.465938 0.809546 0.466401 0.806318 0.467025 0.804975 0.468022 0.804099 0.468697 0.803127 0.469596 0.802112 0.471549 0.801147 0.472534 0.801502 0.473782 0.801676 0.474943 0.802471 0.476472 0.804137 0.477047 0.804342 0.478385 0.805752 0.480746 0.808010 0.480831 0.809229 0.481762 0.810876 0.482551 0.811744 0.483643 0.813409 0.483958 0.814419 0.485888 0.814051 0.487345 0.813940 0.489193 0.813989 0.488296 0.817164 0.487955 0.817893 0.486291 0.820382 0.487930 0.823156 0.488465 0.824826 0.489083 0.827306 0.489995 0.829264 0.490572 0.831531 0.491112 0.832243 0.491341 0.833492 0.492841 0.836437 0.493556 0.838701 0.494104 0.839431 0.494326 0.840662 0.494967 0.842799 0.495892 0.845381 0.496397 0.846062 0.496622 0.847652 0.497102 0.849414 0.497675 0.850862 0.497060 0.853374 0.496455 0.854699 0.495035 0.854570 0.493613 0.854043 0.493884 0.853742 0.493483 0.852592 0.492809 0.851783 0.492700 0.851143 0.491800 0.849225 0.491128 0.848739 0.490368 0.847004 0.490176 0.845625 0.489201 0.842871 0.488743 0.841021 0.488151 0.839252 0.486881 0.837444 0.486195 0.836159 0.484774 0.835853 0.483106 0.835648 0.482595 0.834975 0.480704 0.833764 0.480051 0.832859 0.479445 0.832646 0.478700 0.831326 0.478128 0.830884 0.476588 0.829215 0.475803 0.828660 0.474299 0.826571
0 0.800638 0.292623 0.801061 0.290879 0.801540 0.289539 0.801702 0.288844 0.802676 0.288728 0.805229 0.288877 0.806516 0.291732 0.805878 0.293243 0.805731 0.293969 0.804079 0.294536 0.802998 0.294819 0.801227 0.294711 0.800697 0.294003 0.800642 0.293687
0 0.732667 0.286070 0.735266 0.284963 0.739413 0.286297 0.740520 0.287774 0.739810 0.293956 0.738473 0.294679 0.733303 0.295279 0.732261 0.292730 0.731803 0.291406 0.731829 0.291382 0.731959 0.290670 0.732366 0.289236 0.732387 0.286950
0 0.386507 0.092175 0.388284 0.090902 0.388909 0.090382 0.390159 0.090165 0.390394 0.089757 0.391331 0.088819 0.392793 0.088526 0.393933 0.089197 0.393629 0.089991 0.392794 0.091567 0.393616 0.092401 0.395719 0.092239 0.396338 0.091978 0.399693 0.092758 0.399630 0.093469 0.398627 0.095320 0.398382 0.097319 0.397167 0.097558 0.397090 0.098471 0.396626 0.099733 0.396419 0.099816 0.395551 0.099494 0.394991 0.099111 0.393819 0.098919 0.391253 0.098678 0.390579 0.097883 0.388984 0.096469 0.387368 0.095413 0.386488 0.094758 0.386487 0.093326 0.386290 0.093064
0 0.834257 0.315756 0.833917 0.314341 0.833453 0.312266 0.833602 0.310470 0.835295 0.308923 0.836871 0.307821 0.838154 0.308178 0.838891 0.308310 0.840393 0.308673 0.839790 0.312066 0.839595 0.313035 0.838894 0.313969 0.839057 0.315996 0.838086 0.318238 0.835058 0.316599
0 0.810365 0.222947 0.810599 0.222634 0.810785 0.222742 0.812130 0.222551 0.814502 0.224087 0.815479 0.224390 0.815855 0.225886 0.817254 0.227465 0.815572 0.231348 0.813732 0.229842 0.813006 0.229583 0.811932 0.227796 0.811507 0.227230 0.811475 0.227135 0.810491 0.224180 0.810394 0.223889
0 0.806683 0.212592 0.807422 0.212053 0.809362 0.210559 0.809635 0.211226 0.809968 0.211832 0.810599 0.213156 0.810638 0.214865 0.812288 0.215169 0.813459 0.220574 0.812554 0.222490 0.810785 0.222742 0.809265 0.221857 0.808766 0.221512 0.807508 0.220834 0.807410 0.220349 0.805912 0.218351 0.805912 0.215762 0.806755 0.214768 0.806563 0.213535
0 0.875497 0.235449 0.878340 0.232199 0.880022 0.233494 0.880468 0.234517 0.881216 0.234501 0.881914 0.234609 0.882729 0.234469 0.883258 0.234077 0.884207 0.233862 0.885063 0.234396 0.885719 0.234735 0.887729 0.236206 0.886226 0.238803 0.882527 0.240189 0.880734 0.240923 0.880067 0.240752 0.878872 0.240923 0.877902 0.240576 0.877410 0.239920 0.876933 0.240338 0.876600 0.240494 0.875740 0.239503 0.875500 0.238104 0.874043 0.236982 0.874710 0.236092
0 0.872474 0.237845 0.873819 0.236809 0.875500 0.238104 0.875740 0.239503 0.878420 0.242590 0.877557 0.244688 0.877362 0.245657 0.876288 0.246734 0.874085 0.248725 0.871929 0.246317 0.870814 0.245072 0.871074 0.243778 0.871683 0.242944 0.871949 0.239753 0.872020 0.239127
0 0.909997 0.211156 0.910616 0.208077 0.912280 0.207343 0.915576 0.203829 0.918408 0.204176 0.919287 0.204638 0.922074 0.206456 0.923058 0.207188 0.922385 0.208027 0.921416 0.209409 0.920546 0.210774 0.919945 0.211456 0.918370 0.213557 0.917847 0.213899 0.916507 0.215686 0.915601 0.215809 0.914246 0.216099 0.910969 0.213741 0.910740 0.212606 0.910435 0.212243
0 0.895061 0.200341 0.896469 0.199328 0.897851 0.199539 0.898534 0.199491 0.902450 0.199921 0.903085 0.200938 0.903255 0.201660 0.903904 0.201473 0.904684 0.201569 0.907488 0.201106 0.908158 0.202029 0.908384 0.203206 0.908096 0.203552 0.904804 0.206382 0.903075 0.206879 0.902011 0.206429 0.901214 0.206524 0.898381 0.205468 0.897637 0.204354 0.896426 0.204397 0.895680 0.202918 0.895421 0.202076 0.895083 0.201295
0 0.963233 0.191899 0.965470 0.191050 0.966255 0.190092 0.967585 0.189693 0.968282 0.189332 0.969520 0.188914 0.971034 0.187262 0.972232 0.187025 0.974491 0.187267 0.976228 0.189594 0.976562 0.190815 0.975325 0.195894 0.973291 0.196950 0.972713 0.197099 0.971602 0.198021 0.969952 0.198344 0.968490 0.198506 0.966761 0.198259 0.965294 0.196638 0.964397 0.196152 0.964186 0.195526 0.963788 0.194692 0.963151 0.192899
0 0.990267 0.233379 0.992162 0.232935 0.993495 0.234522 0.994199 0.236199 0.994965 0.237359 0.995262 0.239037 0.995379 0.240874 0.995546 0.241887 0.997097 0.246534 0.997157 0.247782 0.997017 0.249624 0.997007 0.251468 0.997099 0.253313 0.996883 0.256078 0.996783 0.259117 0.997259 0.261075 0.997287 0.263161 0.998126 0.264981 0.998479 0.266383 0.999395 0.268257 0.999880 0.269487 0.999757 0.270648 0.999324 0.272399 0.998795 0.274107 0.998675 0.275025 0.998025 0.277652 0.996727 0.277450 0.994722 0.277450 0.994061 0.274882 0.993056 0.272178 0.991797 0.268018 0.990662 0.266149 0.990395 0.264557 0.989704 0.262440 0.989066 0.260830 0.988703 0.258927 0.987808 0.255251 0.987544 0.254684 0.987054 0.252894 0.987160 0.250919 0.987053 0.245780 0.987375 0.242763 0.987763 0.241162 0.987851 0.239026 0.988132 0.238331 0.989066 0.234633
0 0.965838 0.154554 0.965054 0.153911 0.964104 0.153173 0.965133 0.150935 0.965453 0.150238 0.966471 0.148022 0.969366 0.149436 0.969817 0.148875 0.970997 0.148453 0.974334 0.151320 0.974495 0.153214 0.974650 0.155048 0.974628 0.156884 0.975304 0.157785 0.975304 0.162225 0.974002 0.163327 0.972937 0.164230 0.971644 0.163657 0.970028 0.164661 0.968206 0.162699 0.967219 0.161636 0.966691 0.160932 0.966581 0.160367 0.966274 0.158783 0.966051 0.157635 0.966138 0.155479
0 0.900085 0.157496 0.900182 0.157724 0.901228 0.159120 0.901450 0.161965 0.901919 0.162958 0.902558 0.165393 0.901055 0.168549 0.900602 0.168383 0.900408 0.168549 0.897125 0.167107 0.895568 0.166536 0.894912 0.160842 0.894746 0.158922 0.894964 0.156875 0.895084 0.156565 0.894929 0.155910 0.896109 0.153185 0.897289 0.152764 0.899972 0.157204 0.899991 0.157462
0 0.897167 0.145490 0.897304 0.149597 0.897341 0.152161 0.896800 0.152524 0.895648 0.153752 0.893967 0.155366 0.892147 0.156724 0.891381 0.157471 0.890478 0.157248 0.888174 0.156101 0.887816 0.154617 0.887975 0.153826 0.887486 0.153173 0.888133 0.146578 0.894056 0.144258 0.896482 0.144939
0 0.865165 0.154531 0.866900 0.153195 0.867599 0.153444 0.867766 0.152613 0.869159 0.150755 0.869923 0.149737 0.870806 0.149421 0.872959 0.148489 0.874982 0.147160 0.876690 0.148286 0.878748 0.149306 0.880259 0.151751 0.880552 0.153436 0.881221 0.155479 0.881205 0.157329 0.881653 0.157794 0.883161 0.159359 0.881224 0.161164 0.881005 0.161369 0.879718 0.164239 0.876487 0.163051 0.875629 0.162936 0.875359 0.162840 0.874493 0.162386 0.874050 0.161826 0.873421 0.161959 0.872072 0.161959 0.867307 0.159889 0.866043 0.159498 0.865534 0.157470 0.865082 0.155669
0 0.841813 0.241740 0.841808 0.247039 0.842111 0.247443 0.842691 0.249895 0.842685 0.251158 0.843922 0.251284 0.845458 0.252010 0.846743 0.252326 0.847882 0.253958 0.848056 0.256137 0.847850 0.257108 0.847490 0.259594 0.846344 0.261095 0.846215 0.261702 0.845372 0.262824 0.844489 0.263454 0.844216 0.264691 0.841990 0.267229 0.840660 0.268828 0.839526 0.268436 0.837794 0.267136 0.836510 0.266241 0.835554 0.265488 0.835555 0.264294 0.835365 0.261075 0.835710 0.258979 0.835566 0.255912 0.835793 0.254763 0.835277 0.252993 0.834916 0.251131 0.835050 0.250518 0.835053 0.248281 0.834867 0.246267 0.832955 0.246128 0.832626 0.245784 0.831662 0.246128 0.830482 0.245707 0.829618 0.244555 0.829302 0.242982 0.829618 0.241408 0.830482 0.240256 0.830634 0.240202 0.830911 0.238822 0.831775 0.237670 0.832955 0.237249 0.834135 0.237670 0.834368 0.237980 0.835081 0.236938 0.837997 0.236969 0.838757 0.237668 0.840244 0.238169 0.840952 0.239670 0.841392 0.240442
0 0.898283 0.465455 0.900782 0.464348 0.901984 0.464755 0.905072 0.464410 0.904870 0.466434 0.904259 0.469075 0.904333 0.470846 0.904924 0.470986 0.906524 0.471021 0.907256 0.471233 0.907774 0.472018 0.908124 0.472757 0.908846 0.473949 0.908245 0.476189 0.908349 0.476447 0.909481 0.476454 0.910574 0.477814 0.910480 0.478898 0.908850 0.480663 0.908712 0.481050 0.907985 0.481215 0.907265 0.481357 0.906548 0.483804 0.908591 0.484755 0.909624 0.484332 0.909687 0.484318 0.910582 0.485252 0.910566 0.487649 0.910315 0.489809 0.909324 0.489931 0.908668 0.490138 0.906751 0.490274 0.905525 0.490015 0.903892 0.489870 0.902412 0.486738 0.902520 0.486201 0.901709 0.484365 0.901575 0.483581 0.901106 0.481800 0.901171 0.479687 0.901110 0.477128 0.901032 0.476516 0.900982 0.474807 0.900324 0.472848 0.899457 0.472257 0.897199 0.470589 0.897428 0.468920 0.897353 0.468135 0.897700 0.467113 0.897820 0.466397
0 0.900692 0.450624 0.901998 0.450085 0.903225 0.449880 0.905164 0.450080 0.906335 0.451232 0.906893 0.451925 0.907260 0.453150 0.907265 0.453147 0.908881 0.454127 0.909710 0.455666 0.908754 0.457499 0.908794 0.457638 0.907364 0.458793 0.907184 0.458774 0.907157 0.458798 0.906698 0.458965 0.905777 0.460024 0.904221 0.460346 0.902765 0.460429 0.901922 0.460142 0.900825 0.460024 0.899706 0.458531 0.898632 0.457765 0.898353 0.455856 0.898320 0.455359 0.898219 0.455323 0.897809 0.454776 0.897659 0.454030 0.897809 0.453284 0.898219 0.452738 0.898779 0.452538 0.899316 0.452730 0.899473 0.452645 0.900083 0.451450
0 0.672115 0.645391 0.672512 0.643124 0.673078 0.641876 0.674365 0.641601 0.675401 0.640336 0.676273 0.640095 0.676680 0.639301 0.677738 0.637609 0.678700 0.637658 0.679848 0.637486 0.682475 0.637538 0.683058 0.637362 0.686489 0.638025 0.687825 0.638137 0.688960 0.639361 0.690357 0.641741 0.689016 0.644233 0.686566 0.644028 0.685686 0.643657 0.684511 0.643655 0.683883 0.644103 0.683192 0.644246 0.682474 0.644683 0.681499 0.644210 0.680414 0.643933 0.679170 0.643962 0.677643 0.644440 0.677079 0.645193 0.676436 0.646439 0.675319 0.646824 0.673332 0.646563
0 0.684055 0.667980 0.686436 0.664727 0.687930 0.664870 0.689536 0.665337 0.690651 0.665304 0.691838 0.666323 0.691244 0.668762 0.690494 0.669503 0.691235 0.670369 0.690723 0.672893 0.687602 0.672559 0.686854 0.672617 0.685410 0.671973 0.684505 0.670634 0.684137 0.669290
0 0.799021 0.505528 0.801082 0.506127 0.801854 0.506969 0.804454 0.506837 0.804983 0.508925 0.805279 0.509990 0.804454 0.511722 0.801499 0.511827 0.799547 0.512427 0.796295 0.511090 0.796165 0.510444 0.796569 0.509223 0.796868 0.508320 0.797544 0.506277 0.798017 0.505914
0 0.766378 0.623840 0.767318 0.623466 0.768105 0.622502 0.769186 0.622039 0.771873 0.619988 0.774035 0.621339 0.774291 0.622896 0.775449 0.623167 0.777213 0.624341 0.777527 0.626348 0.777786 0.626518 0.778270 0.627634 0.777626 0.628884 0.774638 0.628333 0.774078 0.629104 0.773131 0.629206 0.769953 0.629206 0.768297 0.629229 0.767681 0.629104 0.766352 0.627155 0.765341 0.624694 0.765827 0.624046 0.766377 0.623860
0 0.837810 0.647666 0.839730 0.645413 0.841383 0.644974 0.843865 0.644752 0.844891 0.646591 0.845072 0.647892 0.845686 0.649063 0.845780 0.651297 0.845686 0.652472 0.843524 0.653822 0.843041 0.653650 0.841273 0.653822 0.838135 0.651171 0.837714 0.648996
0 0.807990 0.663799 0.808961 0.663531 0.811956 0.662542 0.812513 0.663626 0.812480 0.664435 0.812984 0.664911 0.813385 0.666177 0.813471 0.666121 0.813989 0.665901 0.815754 0.666899 0.814676 0.669389 0.813992 0.671067 0.813900 0.672250 0.813499 0.674607 0.813274 0.675380 0.812751 0.677136 0.812305 0.677377 0.809576 0.677547 0.809365 0.676029 0.808957 0.676073 0.808041 0.675214 0.805295 0.675017 0.804885 0.673069 0.806084 0.671378 0.806759 0.670194 0.807602 0.668296 0.807060 0.666775 0.807060 0.664780
0 0.888539 0.551787 0.890005 0.552440 0.889999 0.552647 0.890539 0.553766 0.891315 0.554379 0.891640 0.556653 0.891424 0.557910 0.890850 0.558820 0.889755 0.560038 0.888412 0.559508 0.888218 0.558649 0.887614 0.558443 0.887105 0.557764 0.886698 0.555915 0.886124 0.553798 0.887819 0.552140
0 0.790284 0.645119 0.791327 0.644612 0.792262 0.643365 0.793593 0.641532 0.794119 0.641897 0.795004 0.641175 0.795971 0.641935 0.796904 0.642286 0.797964 0.642238 0.799101 0.642654 0.799547 0.642818 0.800964 0.642941 0.802288 0.643471 0.803460 0.644075 0.804107 0.644123 0.804586 0.643828 0.806573 0.643651 0.809049 0.645053 0.809259 0.645172 0.810453 0.647059 0.809440 0.648705 0.808922 0.648866 0.805381 0.650114 0.804586 0.650114 0.802864 0.649408 0.802381 0.649235 0.801750 0.648903 0.798505 0.647952 0.797169 0.647995 0.795851 0.646886 0.794918 0.646936 0.793329 0.647289 0.792269 0.647241 0.791607 0.647465 0.790592 0.646037
0 0.863762 0.581176 0.863826 0.579059 0.864187 0.577963 0.865031 0.577361 0.865313 0.576317 0.866802 0.574040 0.867134 0.573854 0.867932 0.573115 0.869126 0.571813 0.869526 0.571280 0.871395 0.571051 0.871956 0.571134 0.872356 0.571668 0.872419 0.572416 0.872356 0.574181 0.871742 0.575290 0.870867 0.577184 0.869379 0.576958 0.868430 0.577819 0.867598 0.579073 0.866371 0.580536 0.865528 0.581688 0.864301 0.581588
0 0.908256 0.580984 0.906502 0.583116 0.905549 0.583688 0.905238 0.583532 0.903951 0.584211 0.902138 0.585465 0.901385 0.585743 0.899997 0.586479 0.898984 0.584256 0.899455 0.583239 0.899164 0.582996 0.898764 0.582462 0.898734 0.581551 0.898695 0.581360 0.897718 0.580607 0.897790 0.579962 0.897718 0.578172 0.898485 0.577149 0.898974 0.576199 0.900175 0.575314 0.902384 0.572515 0.902676 0.572356 0.905027 0.571746 0.906579 0.570555 0.908719 0.570296 0.909884 0.570349 0.911298 0.569195 0.913930 0.567368 0.915280 0.569478 0.915094 0.570177 0.914891 0.570746 0.915720 0.571762 0.915614 0.573019 0.913612 0.574380 0.913519 0.574389 0.913441 0.574582 0.912759 0.574875 0.909507 0.575849 0.908952 0.577095 0.908326 0.578334 0.908761 0.579594
0 0.670520 0.692484 0.669659 0.693033 0.669097 0.693300 0.668041 0.693957 0.665806 0.693956 0.665487 0.693185 0.664706 0.691054 0.664369 0.689951 0.664398 0.689512 0.664224 0.689196 0.664023 0.688196 0.664224 0.687197 0.664773 0.686465 0.666192 0.685942 0.666622 0.685643 0.668533 0.685643 0.669485 0.687186 0.670520 0.690840 0.670316 0.691207
0 0.657497 0.701119 0.658352 0.701159 0.660049 0.701261 0.661619 0.700241 0.663776 0.700278 0.664906 0.700168 0.665675 0.700461 0.667225 0.700884 0.669283 0.703812 0.667783 0.705811 0.667691 0.705808 0.667903 0.706752 0.667557 0.706791 0.666979 0.706780 0.666425 0.706688 0.665193 0.706652 0.664629 0.707461 0.662441 0.708003 0.660047 0.706365 0.659415 0.705478 0.658360 0.704223 0.657760 0.703967 0.657188 0.703205 0.657181 0.701909
0 0.875438 0.555154 0.875696 0.555049 0.875648 0.554510 0.876398 0.552778 0.877764 0.552309 0.878719 0.552504 0.879272 0.553592 0.879474 0.553510 0.879370 0.554334 0.878584 0.559193 0.878428 0.559918 0.878047 0.561471 0.877830 0.562358 0.875645 0.565272 0.872011 0.568563 0.870301 0.567563 0.870115 0.566493 0.870041 0.565737 0.871323 0.565008 0.871789 0.564387 0.872899 0.563454 0.873086 0.562383 0.873721 0.561263 0.873922 0.560263 0.873871 0.559966 0.874077 0.559144 0.874481 0.556429
0 0.813222 0.559423 0.814157 0.558812 0.814741 0.558301 0.815687 0.557683 0.816349 0.556797 0.817107 0.556467 0.817795 0.556296 0.818773 0.555759 0.820646 0.555249 0.821680 0.555947 0.823588 0.556797 0.822834 0.560077 0.822689 0.560163 0.822762 0.560537 0.820910 0.563191 0.820163 0.563912 0.819266 0.564286 0.817903 0.566104 0.816438 0.566263 0.815848 0.567200 0.814397 0.567217 0.813455 0.567742 0.811012 0.565539 0.810512 0.562550 0.812335 0.560487
0 0.855448 0.537777 0.857695 0.538443 0.857882 0.539514 0.858275 0.541363 0.857856 0.542406 0.857539 0.543058 0.856717 0.544428 0.854958 0.544730 0.853331 0.543567 0.852378 0.543058 0.852121 0.541911 0.851841 0.540370 0.852975 0.538807 0.853536 0.538606 0.854630 0.538009
0 0.846349 0.588321 0.846776 0.587749 0.847767 0.587649 0.847840 0.587549 0.850372 0.587738 0.851079 0.588375 0.851568 0.588716 0.852106 0.589212 0.852764 0.589671 0.853293 0.593547 0.854202 0.596520 0.854333 0.597906 0.854337 0.598779 0.854530 0.600804 0.854010 0.602885 0.854613 0.603916 0.854336 0.607656 0.855024 0.609395 0.854064 0.613497 0.852886 0.613971 0.851259 0.614587 0.848116 0.610121 0.848174 0.609286 0.847294 0.607382 0.848389 0.604916 0.848116 0.603821 0.848217 0.603317 0.847495 0.602081 0.847432 0.600396 0.847066 0.599801 0.846883 0.598889 0.846786 0.598110 0.846600 0.597261 0.846528 0.596453 0.846142 0.595557 0.845168 0.594466 0.844832 0.590813 0.844879 0.590251 0.845247 0.588964
0 0.410488 0.542537 0.409815 0.542986 0.408804 0.544110 0.407625 0.544896 0.405940 0.546805 0.404592 0.548602 0.403329 0.551747 0.403244 0.552308 0.401897 0.555341 0.401728 0.556464 0.401812 0.558148 0.402149 0.558485 0.403413 0.559159 0.404255 0.559496 0.404676 0.559496 0.405097 0.559384 0.405771 0.558598 0.406277 0.557699 0.406698 0.556576 0.407372 0.555790 0.408214 0.555565 0.410320 0.555453 0.411162 0.555004 0.411920 0.553544 0.411836 0.549613 0.411920 0.545682 0.412510 0.544896 0.414110 0.544110 0.414447 0.543773 0.414616 0.543211 0.414616 0.542649 0.413858 0.541302 0.412510 0.539729 0.411246 0.539617 0.410825 0.541302
0 0.828620 0.542647 0.829491 0.542040 0.831156 0.540088 0.832072 0.539703 0.832428 0.539672 0.836628 0.539332 0.837640 0.539253 0.837972 0.539624 0.838938 0.540754 0.839887 0.540998 0.840511 0.542104 0.843107 0.545291 0.842945 0.549563 0.843048 0.551222 0.843020 0.554647 0.843103 0.557249 0.842353 0.558981 0.840494 0.560428 0.837011 0.565282 0.835511 0.565282 0.834811 0.563802 0.834254 0.563332 0.832579 0.561099 0.832018 0.560899 0.831134 0.559720 0.830919 0.559797 0.830169 0.559529 0.829004 0.557975 0.828803 0.555606 0.828817 0.554713 0.827981 0.549031 0.828182 0.546661 0.828439 0.545901 0.828345 0.544970 0.828327 0.544036
0 0.980482 0.658318 0.981425 0.655753 0.981917 0.655974 0.983139 0.655673 0.984428 0.655689 0.987302 0.654260 0.988580 0.653746 0.990110 0.653984 0.991983 0.656950 0.991441 0.658250 0.991276 0.660442 0.990640 0.661910 0.990400 0.662938 0.988940 0.665042 0.987991 0.666147 0.987399 0.666464 0.985447 0.666164 0.983734 0.665759 0.982847 0.665049 0.981750 0.662588 0.982449 0.660797 0.981249 0.660079 0.980756 0.659422
0 0.942181 0.678050 0.943257 0.679800 0.943723 0.680735 0.943969 0.681538 0.943840 0.682276 0.943981 0.682714 0.944327 0.685478 0.943143 0.686821 0.942731 0.687205 0.942375 0.688318 0.940188 0.689655 0.938888 0.688555 0.938360 0.686744 0.938372 0.685973 0.937295 0.682721 0.937295 0.681065 0.937386 0.681030 0.937477 0.679670 0.937109 0.679958 0.936441 0.680079 0.935918 0.680013 0.935218 0.680426 0.934096 0.679562 0.934748 0.676729 0.935346 0.676406 0.937410 0.674836 0.938485 0.674592 0.938856 0.674508 0.939073 0.674459 0.939169 0.674384 0.939540 0.673889 0.940119 0.673636 0.941608 0.672475 0.943383 0.672538 0.945388 0.674439 0.945215 0.675303 0.943853 0.677118 0.943159 0.677333 0.942382 0.677826
0 0.961501 0.674313 0.962286 0.673982 0.963957 0.673116 0.964340 0.673243 0.965275 0.672233 0.968053 0.671828 0.969471 0.671599 0.970104 0.671819 0.972141 0.671364 0.973474 0.671597 0.974980 0.674232 0.974870 0.674431 0.973606 0.676258 0.972854 0.676885 0.972243 0.677311 0.969847 0.679137 0.968404 0.680348 0.968150 0.680333 0.966821 0.680611 0.966773 0.680614 0.965568 0.681136 0.962285 0.681277 0.960776 0.681846 0.958735 0.681751 0.956872 0.681846 0.955572 0.678545 0.956582 0.678350 0.956628 0.677230 0.956956 0.677068 0.957281 0.676321 0.958129 0.675609 0.958739 0.674895 0.959982 0.674898
0 0.937683 0.709088 0.937539 0.707447 0.936936 0.706067 0.936585 0.704729 0.935543 0.702131 0.937029 0.698822 0.937765 0.697411 0.938830 0.696134 0.940277 0.696061 0.941790 0.696132 0.943120 0.695282 0.944660 0.695487 0.946272 0.695848 0.947301 0.698213 0.947244 0.699356 0.948158 0.700793 0.949394 0.701495 0.950693 0.701990 0.951724 0.702196 0.953408 0.704853 0.953720 0.706539 0.954210 0.708298 0.953766 0.707419 0.952197 0.707642 0.951490 0.708362 0.951349 0.708792 0.951003 0.707820 0.950369 0.707816 0.948459 0.707211 0.947953 0.706874 0.946226 0.706627 0.945146 0.706644 0.943467 0.709805 0.943248 0.710706 0.943140 0.710557 0.942977 0.709628 0.942279 0.708588 0.941393 0.708079 0.940160 0.707699 0.938113 0.709008 0.937737 0.709318
0 0.942279 0.708588 0.942977 0.709628 0.943140 0.710557 0.944583 0.712540 0.945461 0.713221 0.946029 0.712831 0.947249 0.711412 0.947882 0.710096 0.951277 0.709012 0.951490 0.708362 0.952197 0.707642 0.953766 0.707419 0.954440 0.708752 0.954497 0.709341 0.955444 0.712471 0.957048 0.712398 0.958400 0.712603 0.960881 0.714237 0.961809 0.715027 0.960244 0.717106 0.958709 0.716875 0.957767 0.716093 0.955807 0.716159 0.955051 0.715906 0.953808 0.716380 0.953082 0.717111 0.951952 0.717435 0.950439 0.718190 0.949341 0.718569 0.949526 0.719601 0.949249 0.720832 0.947906 0.722267 0.947013 0.722524 0.944381 0.722638 0.943805 0.721358 0.942870 0.718816 0.941848 0.718294 0.941308 0.717339 0.940791 0.715571 0.940410 0.713773 0.938563 0.712990 0.937410 0.712378 0.937148 0.711304 0.936710 0.710168 0.938113 0.709008 0.940160 0.707699 0.941393 0.708079
0 0.970954 0.734997 0.970709 0.733814 0.970596 0.733013 0.971619 0.730043 0.971839 0.729272 0.972490 0.727377 0.974886 0.727472 0.975848 0.727671 0.976669 0.727892 0.977605 0.731252 0.978188 0.733932 0.978491 0.736687 0.978716 0.737634 0.978367 0.739886 0.978143 0.740016 0.975932 0.741433 0.975142 0.740241 0.974700 0.739663 0.973878 0.738439 0.973262 0.738173 0.972085 0.736603 0.971487 0.735938
0 0.968084 0.757544 0.969593 0.755412 0.969705 0.754854 0.970327 0.754103 0.970964 0.752748 0.971989 0.752805 0.972265 0.753025 0.973697 0.752802 0.977114 0.749406 0.978021 0.750069 0.979310 0.751379 0.979417 0.751915 0.979862 0.752123 0.980837 0.753619 0.981980 0.754531 0.982927 0.754976 0.983653 0.755125 0.984212 0.756418 0.983234 0.757860 0.982332 0.758457 0.981592 0.758545 0.980524 0.758571 0.979898 0.758724 0.976797 0.758814 0.975785 0.759865 0.973254 0.761201 0.972191 0.761662 0.970853 0.761664 0.970480 0.761405 0.968468 0.759155 0.968197 0.758564
0 0.954501 0.736491 0.954631 0.735845 0.955685 0.734616 0.955758 0.734597 0.955874 0.734188 0.956880 0.733083 0.959126 0.732615 0.959773 0.732846 0.959924 0.733047 0.960900 0.732378 0.962791 0.733083 0.963030 0.733388 0.964479 0.733678 0.966518 0.734503 0.967525 0.738046 0.966061 0.739128 0.966014 0.739419 0.964674 0.741190 0.963889 0.741320 0.963188 0.741623 0.961699 0.741654 0.960838 0.742464 0.960722 0.742351 0.959580 0.742605 0.958775 0.742567 0.957903 0.742161 0.957235 0.741991 0.955782 0.741160 0.954981 0.741991 0.952825 0.742064 0.951788 0.742017 0.951370 0.741686 0.950606 0.741986 0.949484 0.741122 0.949959 0.738762 0.951895 0.738074 0.953816 0.737169 0.954218 0.736633 0.954453 0.736557
0 0.934263 0.756388 0.934553 0.757085 0.935034 0.758585 0.935384 0.759252 0.935805 0.760659 0.935784 0.762259 0.935826 0.764084 0.936219 0.765070 0.936372 0.765949 0.937401 0.768156 0.937230 0.768171 0.935877 0.770336 0.934344 0.770861 0.933445 0.770404 0.932252 0.770277 0.931404 0.769810 0.929314 0.769735 0.928347 0.769314 0.927416 0.769095 0.927845 0.767294 0.928294 0.765786 0.929010 0.763859 0.929292 0.763901 0.930115 0.763271 0.930730 0.761129 0.930662 0.757410 0.929800 0.757365 0.928566 0.755719 0.928818 0.754781 0.929521 0.752717 0.931600 0.752717 0.932073 0.753425 0.933404 0.754446 0.933567 0.755540
0 0.683416 0.856339 0.685864 0.856898 0.685980 0.857561 0.686542 0.857972 0.687391 0.860851 0.686332 0.861471 0.683660 0.861380 0.682515 0.861387 0.681961 0.861023 0.681328 0.860512 0.681000 0.859450 0.680949 0.859464 0.681108 0.857701 0.681201 0.857237 0.682642 0.856494
0 0.666114 0.854462 0.666480 0.852546 0.666889 0.852295 0.667558 0.851030 0.667965 0.850387 0.669292 0.849021 0.670176 0.848016 0.671360 0.846943 0.671858 0.846789 0.673435 0.846603 0.674411 0.848414 0.674504 0.849217 0.676063 0.852088 0.675545 0.853741 0.675249 0.855059 0.674417 0.856158 0.672898 0.856311 0.672304 0.855273 0.670805 0.855066 0.670640 0.855134 0.668333 0.855077 0.667149 0.855011 0.666593 0.854936
0 0.665253 0.833182 0.665298 0.833138 0.665600 0.832057 0.665676 0.831786 0.666397 0.830823 0.666989 0.830703 0.667498 0.830488 0.668516 0.830488 0.668883 0.830691 0.669025 0.830657 0.669071 0.830691 0.670126 0.830823 0.670590 0.831896 0.670535 0.832324 0.670590 0.832405 0.669668 0.833918 0.669448 0.835230 0.667454 0.837550 0.666851 0.837674 0.665971 0.838055 0.665218 0.837505 0.664406 0.836308 0.665073 0.834625 0.665061 0.834161
0 0.590192 0.866469 0.589104 0.866828 0.588026 0.866493 0.586435 0.866561 0.585926 0.866346 0.584316 0.866395 0.581981 0.866391 0.581273 0.866225 0.579975 0.866126 0.579916 0.864009 0.580310 0.862222 0.579645 0.861941 0.576711 0.861623 0.575309 0.861406 0.574171 0.860745 0.572837 0.860116 0.572426 0.858030 0.573244 0.856938 0.574477 0.855583 0.574775 0.854946 0.575492 0.854074 0.576596 0.853268 0.577396 0.852788 0.577886 0.854836 0.578425 0.856551 0.578428 0.857748 0.578740 0.857941 0.579947 0.857820 0.580902 0.856814 0.583168 0.856655 0.585541 0.858938 0.586991 0.859296 0.587590 0.860011 0.587871 0.860794 0.588936 0.861365 0.589704 0.862729 0.590544 0.863679 0.591436 0.865153 0.590972 0.866225
0 0.630107 0.810672 0.632299 0.812030 0.633239 0.812014 0.634680 0.813935 0.633959 0.815138 0.633413 0.816263 0.633268 0.817509 0.632355 0.818350 0.631776 0.819031 0.630547 0.820275 0.630432 0.820403 0.630387 0.820713 0.629902 0.821359 0.629604 0.821866 0.628335 0.822405 0.627431 0.820280 0.627983 0.819211 0.627503 0.817799 0.627097 0.814459 0.629262 0.811155
0 0.791268 0.827157 0.792184 0.824346 0.793205 0.823131 0.793690 0.822966 0.793763 0.822612 0.794019 0.822272 0.794967 0.821469 0.796039 0.822291 0.796613 0.822601 0.796868 0.822877 0.797474 0.823664 0.798194 0.823619 0.798830 0.823893 0.799378 0.824019 0.800138 0.824346 0.799512 0.826840 0.798548 0.826941 0.797184 0.827290 0.795897 0.827484 0.795419 0.828205 0.794975 0.828747 0.794852 0.829801 0.794405 0.830213 0.791311 0.831223 0.790038 0.829421 0.790875 0.828062 0.791227 0.827260
0 0.993560 0.778409 0.993754 0.778492 0.994719 0.778556 0.995590 0.778720 0.997283 0.780873 0.997731 0.782199 0.998612 0.783790 0.998683 0.784197 0.998829 0.784829 0.998925 0.784937 0.998946 0.785903 0.998612 0.788406 0.998091 0.789309 0.996242 0.790091 0.994774 0.789569 0.994680 0.789451 0.994317 0.789308 0.993874 0.788717 0.993819 0.788019 0.993485 0.786358 0.993412 0.785706 0.993113 0.784995 0.992624 0.784134 0.992397 0.783101 0.991641 0.780576 0.991686 0.779623 0.992832 0.778616 0.993500 0.778488
0 0.990198 0.821829 0.989285 0.819435 0.989435 0.818675 0.990136 0.816316 0.990605 0.815482 0.991075 0.815186 0.991601 0.814546 0.992032 0.813712 0.992978 0.813771 0.993688 0.813528 0.995366 0.813873 0.996187 0.814132 0.997080 0.815323 0.997126 0.815975 0.997062 0.817805 0.996272 0.819004 0.997060 0.820029 0.996094 0.821699 0.995212 0.822875 0.993443 0.823081 0.993013 0.822880 0.991724 0.823081 0.990791 0.822459
0 0.983916 0.834876 0.983038 0.832954 0.982982 0.832021 0.983126 0.830658 0.984793 0.828801 0.985946 0.828449 0.986704 0.829029 0.989480 0.830588 0.990400 0.831917 0.990918 0.832054 0.991340 0.831899 0.992740 0.831665 0.993286 0.831797 0.993833 0.831769 0.995107 0.832842 0.994431 0.834125 0.993996 0.834174 0.993937 0.834472 0.993546 0.834993 0.993219 0.835246 0.993080 0.835569 0.993077 0.835930 0.992810 0.836230 0.992765 0.836764 0.992414 0.837117 0.992341 0.837287 0.992239 0.838079 0.991384 0.841878 0.989550 0.842973 0.988158 0.842342 0.986495 0.840854 0.985341 0.839472 0.984964 0.838717 0.984322 0.838354 0.982480 0.837493 0.982435 0.836540 0.982480 0.835691 0.983030 0.835166 0.983833 0.835186
0 0.974240 0.785361 0.974271 0.785396 0.974493 0.785332 0.975374 0.786021 0.976081 0.786858 0.976002 0.788764 0.975640 0.789247 0.975377 0.790014 0.975275 0.790214 0.974987 0.791891 0.974828 0.792147 0.974829 0.792759 0.974719 0.793228 0.974596 0.794077 0.973634 0.794770 0.972702 0.794015 0.972701 0.794014 0.972447 0.794135 0.972096 0.793666 0.971630 0.793418 0.971086 0.792718 0.970405 0.791785 0.970414 0.791717 0.970251 0.791197 0.970610 0.790112 0.970640 0.789866 0.970217 0.788513 0.971364 0.786784 0.971885 0.786502 0.973012 0.785757 0.973609 0.785744
0 0.874259 0.776610 0.874949 0.776571 0.875773 0.775991 0.878711 0.775021 0.879121 0.778649 0.879543 0.780784 0.878242 0.785609 0.876469 0.785995 0.875691 0.786336 0.874754 0.786336 0.873947 0.785644 0.873876 0.785236 0.873586 0.782957 0.873380 0.782536 0.873580 0.782006 0.873499 0.781505 0.872619 0.780331 0.872392 0.779403 0.872306 0.778321 0.873007 0.777855 0.873397 0.777335
0 0.714275 0.735906 0.715096 0.735230 0.716925 0.734268 0.717996 0.734639 0.720706 0.736961 0.721767 0.737704 0.722151 0.738025 0.722109 0.739067 0.721762 0.741635 0.720042 0.742580 0.718354 0.743658 0.717074 0.743368 0.715750 0.741750 0.715305 0.740789 0.714733 0.740663 0.714514 0.740336 0.713276 0.738546 0.713948 0.736850 0.713961 0.736825
0 0.667035 0.769400 0.668876 0.768313 0.669400 0.767619 0.669769 0.766169 0.670115 0.765938 0.671322 0.764603 0.673670 0.762534 0.674865 0.762024 0.676073 0.762754 0.677081 0.762410 0.677659 0.762413 0.678585 0.761514 0.681012 0.759517 0.682307 0.759107 0.683673 0.759297 0.684934 0.759081 0.685912 0.759637 0.686962 0.760728 0.688421 0.760841 0.689109 0.761560 0.688511 0.762531 0.687852 0.762988 0.686888 0.764089 0.685985 0.766523 0.685431 0.767262 0.684988 0.768166 0.684363 0.770985 0.683516 0.771229 0.682421 0.771303 0.680424 0.772592 0.679628 0.772787 0.679386 0.774215 0.680556 0.775405 0.682279 0.776868 0.682394 0.778159 0.684387 0.780875 0.683285 0.781517 0.682832 0.781590 0.681324 0.783781 0.680179 0.783640 0.679917 0.783663 0.679241 0.783837 0.678794 0.783761 0.678566 0.783781 0.678508 0.783631 0.678329 0.783511 0.677739 0.782636 0.676864 0.781544 0.675966 0.781911 0.674178 0.781709 0.672981 0.780700 0.671637 0.779854 0.672313 0.778526 0.672404 0.777162 0.672343 0.776560 0.672498 0.775451 0.671667 0.774791 0.669034 0.774718 0.668613 0.772614 0.668624 0.771983 0.667252 0.770159
0 0.671582 0.798189 0.670715 0.798478 0.669788 0.798987 0.669210 0.798981 0.669114 0.799013 0.668979 0.798995 0.668490 0.798931 0.666935 0.798726 0.666843 0.798362 0.666485 0.798090 0.665857 0.797357 0.665630 0.796533 0.665516 0.793822 0.665701 0.793159 0.666700 0.792196 0.666925 0.791839 0.667913 0.791529 0.669079 0.792283 0.669761 0.792776 0.670045 0.793155 0.670862 0.793932 0.671923 0.794617 0.671923 0.796419 0.671681 0.797054 0.671539 0.797866
0 0.747127 0.844179 0.748735 0.844600 0.748779 0.844634 0.749344 0.844890 0.751192 0.845248 0.751525 0.845589 0.752413 0.846252 0.752883 0.847052 0.752674 0.847644 0.753040 0.848243 0.752369 0.849208 0.749710 0.849058 0.749208 0.849888 0.748516 0.850122 0.747004 0.849551 0.745864 0.849551 0.744982 0.849288 0.744811 0.848436 0.744846 0.847673 0.744810 0.846948 0.745309 0.843894 0.745711 0.843834 0.747072 0.844254
0 0.736338 0.840534 0.737182 0.838988 0.737733 0.838416 0.739284 0.837627 0.739984 0.837371 0.742147 0.835792 0.744179 0.836577 0.744943 0.836778 0.744951 0.837391 0.745483 0.837726 0.744931 0.839157 0.744860 0.839565 0.744654 0.839839 0.744408 0.840648 0.744409 0.840704 0.744209 0.843092 0.743260 0.844187 0.742483 0.844284 0.741799 0.844132 0.739819 0.844258 0.738492 0.844876 0.737740 0.845397 0.736825 0.845290 0.736440 0.844057 0.736439 0.844037 0.736346 0.844010 0.735893 0.843471 0.735246 0.843063 0.734497 0.842690 0.735363 0.841946 0.735888 0.841501
0 0.830871 0.778525 0.829913 0.777247 0.829181 0.775021 0.828172 0.773529 0.828117 0.771439 0.827725 0.770675 0.826618 0.770444 0.824601 0.769190 0.822960 0.767768 0.822513 0.766556 0.821919 0.766171 0.820511 0.764336 0.820067 0.762401 0.820717 0.761498 0.822467 0.760473 0.824204 0.761126 0.825458 0.762012 0.826395 0.762954 0.827751 0.764699 0.828051 0.764795 0.829013 0.766226 0.830347 0.767708 0.830623 0.768275 0.832438 0.769974 0.834991 0.772752 0.835671 0.773598 0.835678 0.774463 0.834723 0.775607 0.834629 0.778249 0.835124 0.779332 0.835666 0.780995 0.835946 0.783589 0.835746 0.785043 0.835102 0.785981 0.833376 0.786481 0.832776 0.786101 0.831478 0.786378 0.830694 0.785580 0.830832 0.780548
0 0.777853 0.742742 0.779040 0.742180 0.781254 0.742234 0.782631 0.742312 0.785474 0.742640 0.786113 0.742860 0.786386 0.743294 0.787477 0.746391 0.787704 0.747218 0.787542 0.748795 0.786266 0.750348 0.785425 0.750655 0.782432 0.751596 0.780311 0.751038 0.779311 0.751088 0.777263 0.750712 0.776843 0.750007 0.776794 0.749440 0.776425 0.748318 0.776050 0.747376 0.776533 0.746605 0.776742 0.745939 0.777326 0.743680
0 0.729525 0.798926 0.730408 0.798213 0.732698 0.796550 0.733468 0.795695 0.736636 0.795360 0.739664 0.795189 0.741257 0.795728 0.742214 0.795614 0.745240 0.796446 0.745463 0.796235 0.746651 0.795160 0.746660 0.794430 0.747974 0.793911 0.749321 0.794265 0.750096 0.794464 0.750541 0.794854 0.751116 0.794689 0.752732 0.793915 0.754146 0.794420 0.754274 0.794689 0.755080 0.795208 0.755929 0.796097 0.756065 0.796694 0.756320 0.797034 0.756473 0.797551 0.758117 0.798805 0.758188 0.799733 0.758271 0.801164 0.758018 0.801781 0.757214 0.803273 0.756456 0.805946 0.755324 0.807361 0.753704 0.810040 0.753570 0.810644 0.753084 0.811292 0.752532 0.811851 0.751216 0.813606 0.751049 0.813652 0.749735 0.814103 0.748907 0.814517 0.747141 0.815003 0.746346 0.816719 0.744810 0.816765 0.741607 0.816716 0.740853 0.816510 0.740631 0.816362 0.739576 0.816300 0.739357 0.816154 0.738892 0.816263 0.738795 0.816300 0.738726 0.816302 0.738070 0.816456 0.737688 0.816298 0.737623 0.816300 0.736998 0.816300 0.736646 0.816109 0.735826 0.816300 0.735654 0.816167 0.734420 0.816508 0.734190 0.816317 0.734029 0.816404 0.732896 0.816230 0.731920 0.816300 0.731166 0.815990 0.730882 0.815507 0.730566 0.815190 0.730460 0.814736 0.729551 0.813420 0.729884 0.812702 0.729662 0.812257 0.729360 0.811425 0.728867 0.810435 0.729085 0.809830 0.729332 0.808600 0.729844 0.807917 0.729598 0.806610 0.729610 0.804854 0.729464 0.803772 0.729377 0.801943 0.729240 0.801037 0.729196 0.800122
0 0.508535 0.865129 0.509335 0.864792 0.510682 0.862773 0.512300 0.862426 0.513443 0.862325 0.514397 0.861699 0.516077 0.861657 0.516468 0.861789 0.517065 0.861863 0.517509 0.862454 0.517632 0.863823 0.517587 0.864985 0.517397 0.865246 0.517394 0.865306 0.517507 0.865750 0.516936 0.866511 0.516390 0.866379 0.515608 0.866407 0.513577 0.866275 0.511780 0.866511 0.511272 0.866365 0.509593 0.866511 0.509467 0.866148 0.509212 0.866140
0 0.359999 0.839369 0.361074 0.840714 0.365759 0.840764 0.366266 0.840513 0.368325 0.840511 0.369403 0.840400 0.370242 0.840750 0.370248 0.841153 0.369090 0.842916 0.368326 0.843422 0.367731 0.843384 0.367189 0.843833 0.366012 0.844006 0.365268 0.844368 0.364661 0.845144 0.364182 0.846133 0.362958 0.847766 0.361488 0.847712 0.359210 0.845821 0.359134 0.843774 0.359328 0.842749 0.358976 0.842071 0.359568 0.839855
0 0.343486 0.831619 0.344326 0.830875 0.345732 0.830508 0.346163 0.830257 0.346922 0.830551 0.348019 0.830611 0.349120 0.829715 0.349910 0.828639 0.350750 0.828607 0.352233 0.828935 0.352290 0.830218 0.352192 0.830645 0.352680 0.833140 0.351572 0.834135 0.350900 0.834449 0.348933 0.834502 0.348309 0.835459 0.347597 0.835680 0.345588 0.836476 0.344827 0.836530 0.343375 0.836221 0.342978 0.834589 0.343196 0.832562
0 0.338040 0.815542 0.339244 0.814093 0.341855 0.813872 0.342961 0.813956 0.344399 0.814436 0.345182 0.815776 0.345653 0.817572 0.347369 0.820149 0.347527 0.820965 0.347991 0.822600 0.347920 0.823470 0.347341 0.823960 0.347254 0.825398 0.346056 0.826154 0.345220 0.826148 0.344631 0.825752 0.341398 0.825377 0.340225 0.823959 0.339525 0.822293 0.338906 0.821467 0.338715 0.820627 0.337589 0.818294 0.337782 0.816734
0 0.238036 0.821102 0.239053 0.819787 0.240241 0.817405 0.241875 0.817566 0.242561 0.818553 0.243286 0.817954 0.243876 0.817753 0.244386 0.817074 0.245730 0.816752 0.247703 0.816970 0.248684 0.817268 0.249399 0.819299 0.248908 0.820413 0.247580 0.822622 0.245939 0.823787 0.245080 0.824716 0.244686 0.824949 0.244747 0.825556 0.245291 0.825778 0.246428 0.826034 0.248027 0.826504 0.248381 0.828319 0.247024 0.829634 0.244850 0.831473 0.243469 0.832228 0.242557 0.831659 0.240521 0.828381 0.239932 0.827345 0.238952 0.826480 0.237714 0.825854 0.237664 0.822140
0 0.167520 0.802523 0.168148 0.800980 0.168827 0.798384 0.170518 0.797345 0.171521 0.797675 0.172178 0.797265 0.174056 0.797449 0.174950 0.798664 0.177570 0.801465 0.177689 0.801510 0.179029 0.801764 0.179106 0.801956 0.179112 0.801956 0.180231 0.802412 0.179819 0.804242 0.179897 0.804989 0.180543 0.806162 0.180697 0.806679 0.181950 0.808037 0.182182 0.809667 0.182005 0.810292 0.182089 0.811105 0.183080 0.811225 0.184291 0.811324 0.184530 0.811092 0.184978 0.811016 0.186975 0.811092 0.187866 0.812489 0.188354 0.813522 0.188278 0.814423 0.187916 0.814905 0.187809 0.815360 0.187525 0.815739 0.186994 0.816389 0.186194 0.817409 0.185512 0.817590 0.182862 0.818345 0.181713 0.817503 0.181405 0.817409 0.180913 0.817114 0.180804 0.817106 0.180719 0.816982 0.180446 0.816756 0.179921 0.816680 0.179389 0.816040 0.178117 0.815004 0.177237 0.815220 0.176690 0.815192 0.176378 0.815324 0.175102 0.814631 0.175068 0.813626 0.175068 0.813563 0.173728 0.811673 0.172386 0.809425 0.171786 0.809427 0.169997 0.809101 0.169742 0.808941 0.168331 0.808865 0.167706 0.808553 0.166352 0.807131 0.166276 0.806751 0.166380 0.806334 0.166274 0.805433 0.166796 0.804634 0.166946 0.804608
0 0.263231 0.727609 0.263246 0.728199 0.263263 0.728242 0.263725 0.728342 0.264125 0.728875 0.264140 0.728863 0.265699 0.729516 0.265658 0.731786 0.265365 0.732845 0.265257 0.732890 0.263180 0.734671 0.262006 0.735345 0.260073 0.735761 0.259519 0.735925 0.258850 0.735415 0.258281 0.735137 0.257607 0.734550 0.257031 0.734303 0.256996 0.733998 0.255994 0.733233 0.255978 0.730891 0.256853 0.728058 0.257158 0.727652 0.257322 0.727016 0.257595 0.726107 0.257400 0.725837 0.256419 0.723146 0.256435 0.722702 0.256228 0.722504 0.256334 0.719999 0.256228 0.720004 0.256590 0.717471 0.257422 0.715946 0.258034 0.715679 0.259975 0.715946 0.261134 0.718041 0.260947 0.722273 0.261429 0.722983 0.261706 0.722971 0.262553 0.723238 0.262888 0.723698 0.263100 0.723759 0.263112 0.724019 0.263434 0.724516 0.263164 0.727381
0 0.251156 0.755886 0.251596 0.752946 0.251669 0.751951 0.250918 0.751292 0.250077 0.749598 0.250573 0.749230 0.253144 0.747161 0.254235 0.746697 0.254724 0.745753 0.258005 0.745670 0.259288 0.746273 0.259221 0.746326 0.259747 0.749104 0.260291 0.750245 0.260452 0.751315 0.260930 0.751843 0.261096 0.752655 0.261600 0.753029 0.263032 0.754650 0.263026 0.755500 0.262919 0.756348 0.262791 0.758782 0.261574 0.761258 0.261218 0.761347 0.258829 0.761494 0.257015 0.761699 0.255934 0.761323 0.255065 0.760165 0.252754 0.758141 0.252306 0.757952 0.251579 0.756816
0 0.244937 0.776376 0.246106 0.775272 0.247072 0.775668 0.248790 0.776246 0.249580 0.778003 0.250132 0.778740 0.250922 0.778655 0.251904 0.779993 0.251185 0.781606 0.250432 0.782609 0.249390 0.782990 0.249359 0.783023 0.248551 0.784248 0.247072 0.785762 0.244842 0.785455 0.243203 0.784673 0.242417 0.783849 0.241621 0.783098 0.241373 0.782454 0.239186 0.779982 0.238582 0.779693 0.238582 0.777585 0.240835 0.777006 0.242085 0.777061 0.242945 0.776693 0.244498 0.776646
0 0.208752 0.781944 0.209590 0.782436 0.210414 0.783221 0.211790 0.783628 0.212884 0.783315 0.213908 0.784027 0.215294 0.784520 0.216749 0.786565 0.220179 0.788742 0.221359 0.789794 0.222637 0.790353 0.223888 0.792958 0.224534 0.794028 0.224534 0.796078 0.222594 0.796968 0.221803 0.796690 0.218470 0.795082 0.217451 0.795111 0.217034 0.796494 0.214825 0.798606 0.212194 0.798085 0.211704 0.797328 0.210273 0.796357 0.209447 0.796894 0.207975 0.796627 0.207026 0.795779 0.205219 0.793369 0.204706 0.790782 0.204594 0.789724 0.203139 0.788617 0.202415 0.788561 0.201606 0.788231 0.200931 0.788249 0.199340 0.787606 0.198353 0.787519 0.197284 0.786094 0.198197 0.784878 0.199408 0.785031 0.199837 0.784878 0.201556 0.785017 0.202103 0.784878 0.203465 0.784890 0.203396 0.784218 0.203637 0.783132 0.203665 0.783144 0.206712 0.783116 0.207950 0.782773 0.208498 0.781659
0 0.200631 0.779563 0.200714 0.777869 0.201412 0.775134 0.202089 0.773916 0.202859 0.772964 0.202589 0.770272 0.202976 0.769070 0.203073 0.768338 0.204306 0.766452 0.204701 0.764841 0.205849 0.763792 0.206667 0.763509 0.208024 0.763509 0.208645 0.763875 0.209656 0.764154 0.210293 0.766655 0.210261 0.768951 0.209002 0.769521 0.208822 0.770272 0.208513 0.772528 0.209094 0.773703 0.209750 0.777054 0.209472 0.777824 0.209447 0.778960 0.209044 0.779613 0.209187 0.780261 0.207950 0.782773 0.206712 0.783116 0.203665 0.783144 0.202584 0.782669 0.201825 0.781427 0.200781 0.779685
0 0.203624 0.739117 0.204989 0.739271 0.205535 0.739332 0.206952 0.739492 0.207295 0.740889 0.206858 0.743205 0.206894 0.744452 0.206685 0.745493 0.206114 0.746254 0.204474 0.746149 0.203083 0.745720 0.202370 0.743060 0.202169 0.742314 0.203110 0.739743
0 0.180656 0.734191 0.182585 0.732994 0.183251 0.733069 0.185308 0.731089 0.186542 0.730777 0.186919 0.730777 0.188832 0.730237 0.189778 0.729502 0.190958 0.729502 0.191960 0.730838 0.192106 0.731270 0.193417 0.731193 0.194458 0.731782 0.195379 0.735798 0.195370 0.737136 0.195011 0.737538 0.194576 0.738164 0.194361 0.738267 0.193792 0.738906 0.194445 0.740079 0.195393 0.743308 0.194874 0.744904 0.192921 0.747527 0.192801 0.748525 0.190754 0.751038 0.186907 0.751268 0.184603 0.753407 0.183132 0.753966 0.181804 0.753341 0.180425 0.750183 0.180586 0.748281 0.179487 0.745912 0.179571 0.741822 0.178235 0.740250 0.177923 0.735323
0 0.177095 0.722844 0.178075 0.722434 0.179724 0.722355 0.180439 0.722003 0.181756 0.722086 0.183287 0.722378 0.184669 0.722812 0.186256 0.723945 0.187655 0.724199 0.188342 0.726518 0.188389 0.728298 0.186253 0.729028 0.185118 0.729330 0.183721 0.730365 0.181770 0.730364 0.180555 0.730030 0.179565 0.730154 0.179120 0.730422 0.177952 0.730185 0.176960 0.729904 0.177028 0.729677 0.176360 0.729209 0.176284 0.728829 0.176361 0.728507 0.175789 0.727177 0.176116 0.725909 0.176659 0.725332 0.176731 0.723868
0 0.184322 0.703969 0.185570 0.705288 0.185281 0.707571 0.184533 0.708079 0.182557 0.708607 0.182089 0.708872 0.179147 0.708770 0.177738 0.707099 0.176987 0.705924 0.178394 0.704289 0.179560 0.703587 0.180243 0.703600 0.181302 0.703351 0.182499 0.703169 0.183194 0.703346
0 0.140026 0.732990 0.141075 0.732076 0.142275 0.731365 0.142986 0.731125 0.145273 0.729709 0.147004 0.728947 0.150602 0.729061 0.151344 0.729312 0.153446 0.728747 0.154765 0.727922 0.155112 0.726925 0.156912 0.724331 0.158189 0.723159 0.159624 0.722418 0.161034 0.721464 0.162013 0.722293 0.161977 0.724383 0.162814 0.725499 0.163006 0.726272 0.163624 0.727631 0.163498 0.728091 0.160952 0.729728 0.158718 0.729747 0.157634 0.730091 0.157076 0.730866 0.157359 0.732154 0.158311 0.734509 0.158828 0.735398 0.158902 0.737102 0.158660 0.738086 0.157300 0.737970 0.155636 0.738103 0.154813 0.737323 0.154200 0.737185 0.152943 0.737882 0.151234 0.740163 0.150132 0.740414 0.149144 0.739115 0.147553 0.737403 0.146884 0.736156 0.145812 0.736170 0.144875 0.737714 0.143617 0.739569 0.140742 0.738877 0.140550 0.737196 0.139847 0.734082
0 0.135815 0.735489 0.136068 0.736123 0.136186 0.736349 0.136531 0.736829 0.137107 0.738326 0.137279 0.738631 0.137338 0.738662 0.139061 0.741463 0.140336 0.742276 0.141048 0.742589 0.141653 0.743288 0.142100 0.743868 0.141418 0.747036 0.139270 0.747756 0.138626 0.748269 0.137246 0.748859 0.136719 0.749263 0.135712 0.749849 0.131199 0.749396 0.129883 0.749598 0.129816 0.749451 0.129239 0.749128 0.128709 0.748639 0.127989 0.748117 0.127617 0.746745 0.127566 0.742090 0.129997 0.739098 0.131366 0.738538 0.132427 0.738434 0.133201 0.736670 0.133600 0.736137 0.133677 0.735449 0.133766 0.735189 0.134625 0.735329 0.135229 0.735509 0.135488 0.735671
0 0.274140 0.651406 0.273620 0.652382 0.273009 0.653547 0.271972 0.656561 0.271787 0.657329 0.270875 0.658753 0.269457 0.658889 0.269105 0.659063 0.268520 0.659021 0.266945 0.658961 0.266426 0.657886 0.266367 0.657357 0.265799 0.656495 0.265769 0.656373 0.266240 0.655349 0.266631 0.654620 0.266841 0.653506 0.267724 0.651495 0.267935 0.649548 0.268740 0.647433 0.268925 0.646770 0.269568 0.646017 0.270406 0.645836 0.271142 0.644935 0.271999 0.645594 0.272309 0.645459 0.272594 0.645561 0.272879 0.646219 0.272839 0.646418 0.273348 0.647157 0.273308 0.649317 0.273944 0.650394
0 0.156935 0.639395 0.159214 0.639474 0.161274 0.639269 0.162518 0.638752 0.163695 0.637565 0.164441 0.637366 0.167616 0.635500 0.168820 0.634605 0.169374 0.633864 0.170634 0.633604 0.171464 0.633241 0.172009 0.633514 0.173377 0.632084 0.174263 0.632034 0.176641 0.632591 0.178169 0.633071 0.178524 0.633948 0.176961 0.636819 0.176422 0.637133 0.175885 0.638764 0.174751 0.640734 0.174277 0.641312 0.174308 0.641645 0.174023 0.643033 0.173347 0.643106 0.172617 0.643449 0.172120 0.643591 0.171388 0.644046 0.169570 0.645637 0.168640 0.646148 0.168241 0.646387 0.167872 0.646650 0.166422 0.646574 0.166135 0.646192 0.166077 0.645699 0.165044 0.644321 0.164962 0.644199 0.164910 0.644170 0.163328 0.644172 0.163172 0.645082 0.162002 0.645786 0.160189 0.644933 0.159256 0.644659 0.158033 0.643351 0.156590 0.642558 0.156178 0.640257
0 0.115112 0.609838 0.115134 0.608482 0.115825 0.607560 0.115449 0.605103 0.116198 0.603958 0.115785 0.602794 0.115794 0.600747 0.114509 0.600388 0.115001 0.598034 0.114522 0.597931 0.114013 0.596696 0.115836 0.595245 0.116968 0.594836 0.117682 0.594758 0.117947 0.594107 0.119874 0.591745 0.122054 0.590713 0.122687 0.589975 0.124460 0.589485 0.126019 0.588645 0.127211 0.587264 0.129143 0.588124 0.130512 0.589434 0.131429 0.590545 0.131518 0.592103 0.130401 0.593186 0.129288 0.592695 0.127905 0.593662 0.127036 0.593930 0.125640 0.596360 0.124996 0.597112 0.121626 0.598276 0.120388 0.599299 0.119353 0.599718 0.119413 0.601709 0.120230 0.601975 0.120162 0.603056 0.119393 0.604574 0.118532 0.605225 0.118241 0.606344 0.118909 0.606019 0.120132 0.606120 0.121355 0.607404 0.120523 0.608688 0.119507 0.609521 0.118128 0.610039 0.115848 0.610495
0 0.138708 0.619776 0.140089 0.620580 0.140007 0.620732 0.140028 0.620774 0.140084 0.621675 0.140183 0.622300 0.140261 0.625321 0.137965 0.627930 0.137398 0.628583 0.135655 0.628792 0.135212 0.628097 0.135141 0.627689 0.134433 0.625946 0.134443 0.625524 0.134337 0.625335 0.134348 0.624959 0.134042 0.622821 0.134796 0.621433 0.135128 0.621293 0.135196 0.620825 0.135796 0.619921 0.137809 0.619669
0 0.115398 0.618241 0.114936 0.620129 0.115014 0.621198 0.116320 0.623441 0.115334 0.624673 0.113972 0.624877 0.112971 0.625138 0.110597 0.624124 0.109875 0.623161 0.109700 0.621698 0.110073 0.620267 0.110611 0.619215 0.110837 0.618057 0.111254 0.617337 0.111426 0.616333 0.111999 0.615125 0.112888 0.612646 0.113686 0.612591 0.114415 0.612778 0.114590 0.613080 0.115663 0.613255 0.116085 0.614130 0.115843 0.616970
0 0.077354 0.612797 0.078263 0.611827 0.079790 0.611415 0.081308 0.612212 0.081038 0.613958 0.081342 0.614908 0.081684 0.616621 0.082324 0.618746 0.079892 0.619996 0.079015 0.620273 0.078822 0.620537 0.077444 0.620639 0.076822 0.620297 0.076299 0.620225 0.075465 0.619426 0.075311 0.616962 0.075316 0.615789 0.075105 0.615382 0.074604 0.614822 0.074500 0.614373 0.073981 0.613697 0.074033 0.612033 0.074748 0.611869 0.075698 0.611929 0.076637 0.612829
0 0.060450 0.620364 0.062323 0.619962 0.064119 0.619041 0.065071 0.618790 0.066485 0.618169 0.067428 0.619073 0.070416 0.621391 0.069604 0.622358 0.070241 0.623259 0.068068 0.623882 0.067091 0.623952 0.065841 0.623583 0.065451 0.623743 0.064613 0.623747 0.064409 0.623831 0.063164 0.624266 0.061739 0.624516 0.061716 0.624599 0.061449 0.624676 0.061439 0.624683 0.060814 0.624996 0.060447 0.625068 0.059357 0.625486 0.058966 0.625590 0.058783 0.625829 0.058497 0.625931 0.057468 0.626060 0.056876 0.626540 0.054441 0.626771 0.053514 0.626755 0.052951 0.626391 0.051753 0.626202 0.050797 0.625954 0.050579 0.625706 0.049802 0.624441 0.050607 0.623472 0.052560 0.623472 0.053319 0.623328 0.054228 0.622220 0.055685 0.621598 0.056134 0.621917 0.056388 0.621910 0.056944 0.621920 0.058580 0.621248 0.058640 0.621165 0.058707 0.620624 0.059435 0.620035 0.060372 0.620406
0 0.035810 0.658427 0.036596 0.657990 0.037799 0.657277 0.038164 0.656479 0.038601 0.656000 0.039437 0.656023 0.040820 0.656307 0.041648 0.656424 0.042374 0.657774 0.041655 0.659511 0.041262 0.661344 0.037852 0.661237 0.036797 0.660779 0.035379 0.660302 0.035499 0.659332
0 0.033124 0.670857 0.034399 0.669265 0.036098 0.667000 0.037823 0.667000 0.038755 0.667668 0.039682 0.669037 0.039077 0.670864 0.038839 0.672024 0.037413 0.674354 0.036549 0.675476 0.035525 0.677094 0.034732 0.678120 0.033496 0.678108 0.031646 0.675020 0.032368 0.673435
0 0.030675 0.697207 0.031810 0.695592 0.032784 0.695278 0.034346 0.696391 0.035236 0.699709 0.035893 0.701321 0.035103 0.702353 0.034541 0.702652 0.032864 0.704824 0.031809 0.704911 0.031221 0.703761 0.030930 0.702542 0.030221 0.701280 0.030178 0.701140 0.029405 0.701067 0.028835 0.700307 0.029589 0.699023 0.030389 0.698182
0 0.047686 0.704776 0.048728 0.704440 0.050258 0.703265 0.051413 0.702378 0.052992 0.701939 0.053752 0.701380 0.054542 0.700327 0.055349 0.699933 0.055736 0.699417 0.057436 0.700025 0.057436 0.702139 0.057046 0.702901 0.056754 0.704868 0.056214 0.705528 0.055283 0.706663 0.053888 0.708367 0.052717 0.709796 0.051973 0.710106 0.050048 0.710928 0.047669 0.708590 0.046868 0.708431 0.046245 0.706994 0.047013 0.705559
0 0.032393 0.807000 0.032997 0.806354 0.034401 0.806073 0.034770 0.806227 0.036616 0.806212 0.038536 0.805624 0.039175 0.805272 0.040625 0.804946 0.041152 0.805661 0.040421 0.806955 0.039362 0.808039 0.037670 0.809091 0.037436 0.809731 0.036485 0.810994 0.035585 0.812858 0.034735 0.813991 0.034276 0.816680 0.033499 0.816723 0.031245 0.816133 0.030303 0.814271 0.030790 0.811266 0.031468 0.810362 0.032042 0.809268
0 0.008696 0.854369 0.008608 0.852457 0.008614 0.850328 0.008729 0.849758 0.009100 0.849250 0.008222 0.847205 0.008327 0.845675 0.010756 0.844604 0.011290 0.844555 0.012923 0.844536 0.013326 0.845076 0.014378 0.846216 0.014702 0.847204 0.015106 0.847951 0.015833 0.849643 0.015776 0.850859 0.015627 0.852541 0.014619 0.853819 0.014011 0.854121 0.013309 0.855056 0.012647 0.855258 0.012099 0.855280 0.009245 0.854922
0 0.066915 0.839545 0.067046 0.839603 0.068677 0.839527 0.069003 0.839040 0.070795 0.838349 0.071373 0.839328 0.071549 0.839841 0.071377 0.840402 0.071705 0.840986 0.071465 0.841584 0.071238 0.842408 0.070293 0.844084 0.070144 0.844908 0.069889 0.845249 0.069441 0.846679 0.068504 0.848346 0.067798 0.848975 0.066916 0.849881 0.066911 0.849906 0.066650 0.850146 0.065873 0.850916 0.065678 0.851037 0.065043 0.851619 0.064946 0.851623 0.063944 0.852134 0.063607 0.852374 0.062971 0.852538 0.062178 0.852687 0.061813 0.852200 0.061853 0.851304 0.063947 0.848791 0.064111 0.847107 0.064385 0.846204 0.064142 0.845394 0.064385 0.844005 0.064340 0.843199 0.064385 0.841367 0.064287 0.840981 0.064878 0.840194 0.066234 0.839918
0 0.009629 0.515891 0.011888 0.515342 0.013134 0.515558 0.015371 0.513721 0.017223 0.512503 0.017688 0.512161 0.020601 0.513683 0.022164 0.515838 0.021960 0.516389 0.020422 0.517168 0.019583 0.517008 0.018409 0.517686 0.018414 0.518338 0.018260 0.520073 0.017297 0.520974 0.016280 0.520886 0.015813 0.521078 0.015255 0.520899 0.013340 0.520491 0.011594 0.519932 0.010520 0.518987 0.010059 0.518789 0.009149 0.517297
0 0.025565 0.503890 0.026413 0.503653 0.027821 0.503715 0.030314 0.501845 0.031469 0.502249 0.031847 0.502693 0.034362 0.503845 0.035281 0.504028 0.035571 0.504749 0.034864 0.506493 0.034593 0.506669 0.034316 0.508240 0.033113 0.509971 0.031636 0.510657 0.031372 0.511532 0.030726 0.512530 0.030836 0.513026 0.030114 0.514267 0.028411 0.514821 0.027637 0.514726 0.026458 0.513883 0.026153 0.513789 0.025922 0.513420 0.025677 0.513390 0.024854 0.512165 0.024594 0.510680 0.023803 0.509474 0.022230 0.509047 0.020801 0.509336 0.020201 0.507949 0.020826 0.507496 0.021714 0.506462 0.022164 0.504825 0.023539 0.504764 0.024125 0.504322 0.024835 0.504373
0 0.018989 0.556216 0.018311 0.555208 0.017907 0.551176 0.018136 0.549475 0.019145 0.547514 0.019869 0.546342 0.020082 0.545640 0.021354 0.543842 0.021184 0.542372 0.020329 0.539838 0.021511 0.537798 0.021813 0.535151 0.021854 0.534299 0.021821 0.534048 0.021838 0.533382 0.020741 0.532061 0.020312 0.529846 0.019064 0.528107 0.020193 0.526417 0.020342 0.525698 0.021879 0.522711 0.024586 0.522012 0.025446 0.521672 0.027675 0.521961 0.028080 0.522421 0.026934 0.524076 0.026608 0.524278 0.026426 0.525904 0.026399 0.526501 0.026735 0.527658 0.026689 0.528581 0.028244 0.529305 0.027887 0.530641 0.027843 0.532838 0.027737 0.533568 0.027828 0.535551 0.027752 0.537561 0.028500 0.538502 0.030314 0.539760 0.029963 0.541302 0.029064 0.542916 0.028042 0.544176 0.027887 0.546174 0.027814 0.548229 0.026903 0.549549 0.025938 0.550202 0.024380 0.550929 0.022925 0.551414 0.020877 0.554569 0.020060 0.555526
0 0.071911 0.487845 0.073395 0.486445 0.074674 0.484594 0.076184 0.484340 0.076873 0.483421 0.077393 0.483167 0.079728 0.483373 0.079104 0.485274 0.078581 0.485744 0.077934 0.487143 0.077529 0.489426 0.076413 0.490401 0.076397 0.490399 0.075878 0.490779 0.074984 0.491015 0.074014 0.490404 0.072700 0.488686 0.072223 0.488562
0 0.032789 0.354204 0.034888 0.352169 0.035409 0.352710 0.037258 0.351940 0.037087 0.350372 0.037200 0.347040 0.038316 0.345552 0.041583 0.345398 0.042204 0.346518 0.042966 0.348104 0.043069 0.349509 0.043425 0.350402 0.043318 0.351519 0.042621 0.354899 0.041950 0.355348 0.040007 0.356420 0.039118 0.355331 0.038288 0.355298 0.037212 0.355854 0.036319 0.355819 0.035332 0.355897 0.033814 0.355654 0.033065 0.354931
0 0.037329 0.363072 0.036339 0.364126 0.035860 0.365436 0.035375 0.367220 0.034780 0.368361 0.034385 0.370053 0.034385 0.371120 0.034340 0.372177 0.033741 0.372872 0.032987 0.372974 0.032674 0.372842 0.031605 0.371931 0.031502 0.370321 0.031010 0.369167 0.030806 0.368565 0.028963 0.368974 0.028405 0.368914 0.028104 0.368482 0.027970 0.368502 0.027458 0.368024 0.027115 0.367819 0.026399 0.367386 0.027344 0.364949 0.028327 0.362180 0.029634 0.361479 0.030436 0.360722 0.031523 0.360419 0.032127 0.360203 0.033381 0.360233 0.034627 0.360051 0.035877 0.359891 0.037049 0.360336 0.038481 0.360896 0.038275 0.362139 0.038038 0.362560 0.037576 0.362655 0.037500 0.362719
0 0.032322 0.457890 0.032631 0.457133 0.033406 0.456587 0.034055 0.456588 0.034396 0.455300 0.034759 0.454751 0.035277 0.453606 0.035568 0.452175 0.037625 0.451274 0.038796 0.451274 0.040306 0.453009 0.040129 0.454839 0.039681 0.456373 0.038116 0.458148 0.037962 0.461061 0.036687 0.461962 0.035593 0.461906 0.034812 0.461962 0.034382 0.461816 0.033445 0.461712 0.031974 0.461061 0.032053 0.459675 0.032388 0.458910
0 0.041718 0.447604 0.040201 0.447840 0.039384 0.447773 0.038808 0.447656 0.036364 0.444712 0.034815 0.444266 0.034572 0.443340 0.034478 0.442652 0.034278 0.441760 0.034535 0.441571 0.034936 0.441148 0.035880 0.440349 0.036833 0.440131 0.037355 0.440068 0.038209 0.439844 0.041197 0.440201 0.042196 0.440577 0.043028 0.442014 0.043941 0.443812 0.043722 0.444589 0.042538 0.446653 0.042308 0.447027 0.041886 0.447082
0 0.008815 0.427951 0.011421 0.427935 0.012531 0.428796 0.013417 0.429153 0.014696 0.430446 0.015457 0.430736 0.016414 0.431896 0.017903 0.432453 0.018929 0.434234 0.020148 0.435240 0.020997 0.435341 0.021565 0.436098 0.021919 0.437345 0.024833 0.439738 0.027611 0.443866 0.027691 0.445146 0.027590 0.446797 0.026647 0.446778 0.024825 0.447281 0.023439 0.445810 0.023135 0.445452 0.022785 0.445702 0.021112 0.445894 0.019666 0.446249 0.017479 0.446249 0.016704 0.445702 0.015532 0.444973 0.015163 0.444897 0.014820 0.444593 0.014745 0.444582 0.014244 0.444149 0.014203 0.444283 0.013469 0.444053 0.012118 0.443186 0.010671 0.442080 0.009371 0.441588 0.009025 0.441124 0.007832 0.440549 0.007165 0.438904 0.009599 0.436355 0.010341 0.435086 0.009954 0.434514 0.009883 0.434107 0.009541 0.433572 0.009094 0.433137 0.008996 0.433124 0.006431 0.432101 0.005904 0.430865 0.007370 0.428806 0.008018 0.428635
0 0.000357 0.392873 0.000942 0.392442 0.001702 0.392372 0.002935 0.392738 0.002966 0.392723 0.003748 0.392827 0.004060 0.392959 0.005517 0.393241 0.005879 0.393828 0.006898 0.394457 0.006976 0.397092 0.006733 0.397454 0.006729 0.397587 0.005739 0.398585 0.005361 0.399246 0.004924 0.399356 0.004418 0.399801 0.002998 0.400073 0.001574 0.399089 0.001206 0.398981 0.000000 0.398185 0.000000 0.393957
0 0.040100 0.369554 0.041203 0.368265 0.043318 0.368108 0.044741 0.367979 0.045523 0.368204 0.046576 0.368129 0.048725 0.371368 0.047510 0.373626 0.046276 0.374040 0.044803 0.374202 0.043910 0.374607 0.042507 0.374607 0.041063 0.373741 0.039606 0.373778 0.038696 0.373808 0.038021 0.372524 0.038573 0.371406 0.038644 0.370998 0.038931 0.370616 0.040011 0.369936
0 0.148726 0.416208 0.149618 0.415200 0.151181 0.415200 0.151379 0.415308 0.151531 0.415186 0.151819 0.415240 0.151894 0.415201 0.152008 0.415210 0.153367 0.415020 0.156844 0.414769 0.158430 0.415738 0.158127 0.416336 0.160002 0.416997 0.160372 0.417073 0.160813 0.417940 0.159562 0.419185 0.159487 0.420091 0.158497 0.421202 0.157821 0.421276 0.155732 0.420776 0.154071 0.420679 0.152981 0.420233 0.152302 0.420057 0.151393 0.419157 0.150739 0.418807 0.148873 0.417112
0 0.177681 0.427072 0.179444 0.426874 0.179645 0.426448 0.180712 0.426270 0.182821 0.426242 0.183270 0.426457 0.184251 0.427315 0.184187 0.427772 0.184550 0.428388 0.183346 0.429652 0.182259 0.430500 0.181669 0.430679 0.180129 0.430897 0.179379 0.430373 0.176822 0.430285 0.176471 0.429663 0.175936 0.427519 0.176762 0.427193
0 0.157573 0.461679 0.156858 0.460593 0.155962 0.458308 0.156718 0.457609 0.159103 0.455515 0.160284 0.455701 0.160889 0.456934 0.160825 0.457202 0.161182 0.459821 0.162123 0.460450 0.162395 0.460609 0.162391 0.461739 0.162435 0.462745 0.159803 0.463576 0.158472 0.463561 0.158094 0.462688
0 0.335099 0.452014 0.338251 0.451138 0.338942 0.449817 0.339504 0.447152 0.341287 0.447124 0.342393 0.447297 0.342566 0.449233 0.341941 0.450598 0.341370 0.453354 0.340729 0.454796 0.342081 0.457798 0.343596 0.458410 0.344230 0.459333 0.343855 0.461403 0.342484 0.461762 0.340141 0.462082 0.338979 0.461819 0.338218 0.460937 0.336320 0.458406 0.335848 0.456846 0.335422 0.456279 0.334671 0.453135
0 0.308662 0.479624 0.308939 0.478380 0.309063 0.475386 0.311053 0.472224 0.311897 0.470762 0.312370 0.470082 0.312898 0.469867 0.314100 0.469915 0.314728 0.469850 0.315080 0.469899 0.316216 0.468396 0.316479 0.468254 0.317751 0.467385 0.318714 0.467841 0.318518 0.470009 0.318525 0.471503 0.318636 0.472873 0.318349 0.473255 0.317966 0.473322 0.318009 0.473534 0.317323 0.475113 0.317224 0.475636 0.316807 0.476645 0.316718 0.477443 0.316325 0.478304 0.316330 0.479046 0.316968 0.481458 0.316882 0.481736 0.316650 0.485586 0.315000 0.488716 0.314014 0.488771 0.312772 0.488609 0.311712 0.488267 0.311163 0.487991 0.309843 0.487128 0.309932 0.485178 0.309842 0.484359 0.309966 0.483087 0.308772 0.480666
0 0.310299 0.504923 0.311629 0.504923 0.312334 0.507257 0.312295 0.508045 0.312795 0.509863 0.313120 0.511579 0.312427 0.513178 0.311712 0.513718 0.311225 0.513900 0.310199 0.514753 0.309575 0.515490 0.308962 0.515894 0.308312 0.516006 0.307949 0.515989 0.307887 0.516058 0.307055 0.516264 0.306739 0.516235 0.304895 0.517308 0.304541 0.516592 0.303983 0.515884 0.303671 0.515259 0.303548 0.514306 0.303905 0.511582 0.304427 0.510991 0.304796 0.510915 0.305130 0.510470 0.305446 0.510337 0.306015 0.508665 0.306947 0.507317 0.306874 0.507134 0.306874 0.506373 0.307190 0.506057 0.307473 0.505678 0.308287 0.505964 0.308361 0.505957 0.308861 0.505482
0 0.316327 0.546319 0.316719 0.544851 0.316847 0.542912 0.318319 0.542149 0.319095 0.542198 0.320622 0.540372 0.322027 0.540234 0.323747 0.540294 0.324375 0.541340 0.324970 0.543036 0.324638 0.544295 0.325390 0.545819 0.326973 0.547693 0.328799 0.549010 0.328227 0.550255 0.327184 0.550986 0.326392 0.551158 0.324893 0.550734 0.324034 0.550658 0.323643 0.550422 0.322589 0.550491 0.321300 0.550109 0.320245 0.550207 0.319111 0.550736 0.317939 0.548899 0.316689 0.547765
0 0.322921 0.572568 0.323658 0.570334 0.324492 0.569678 0.325086 0.568631 0.326582 0.566549 0.326745 0.565615 0.327124 0.564751 0.327498 0.563316 0.327592 0.560925 0.328899 0.559482 0.329090 0.558025 0.329551 0.556621 0.331575 0.557099 0.332828 0.557815 0.333510 0.558824 0.333825 0.558940 0.334942 0.559805 0.336169 0.559982 0.336768 0.560781 0.336824 0.561265 0.336923 0.561682 0.336768 0.562791 0.335466 0.564320 0.335060 0.564588 0.334672 0.565889 0.332597 0.568884 0.332134 0.569262 0.331227 0.571191 0.330854 0.572273 0.330332 0.572922 0.329950 0.574444 0.328945 0.575494 0.328165 0.577237 0.327345 0.578066 0.327391 0.578453 0.327028 0.579424 0.326044 0.579392 0.325677 0.579320 0.325296 0.578754 0.324921 0.578416 0.324865 0.576994 0.324608 0.576437 0.324554 0.575948 0.324374 0.575500 0.324298 0.574599 0.324398 0.574097 0.323389 0.573303
0 0.284631 0.580828 0.285393 0.578172 0.285853 0.577292 0.286661 0.577013 0.288539 0.576789 0.289330 0.576893 0.290770 0.579244 0.290770 0.581372 0.290761 0.582124 0.291321 0.582739 0.292178 0.582452 0.292806 0.582380 0.294272 0.581787 0.295238 0.584487 0.293482 0.586031 0.291823 0.587711 0.288988 0.587931 0.287349 0.587711 0.286427 0.586482 0.286290 0.585635 0.285257 0.583592 0.284730 0.582085 0.284726 0.582070
0 0.242858 0.511025 0.242782 0.512056 0.243201 0.514814 0.242304 0.516721 0.241727 0.516667 0.239775 0.516148 0.237661 0.514103 0.235421 0.511043 0.234955 0.509634 0.234484 0.507351 0.233854 0.506288 0.233116 0.505707 0.232943 0.504432 0.232525 0.503960 0.232170 0.502855 0.231882 0.500073 0.231216 0.498754 0.232169 0.498001 0.232842 0.497470 0.233076 0.496116 0.233197 0.494684 0.233233 0.494137 0.232842 0.493824 0.232972 0.493194 0.233065 0.492745 0.233076 0.492718 0.233258 0.492434 0.233702 0.491313 0.234204 0.490622 0.235775 0.489635 0.236437 0.489848 0.237165 0.490847 0.237566 0.491664 0.238474 0.493014 0.238552 0.493421 0.238320 0.494915 0.237682 0.495416 0.236817 0.495718 0.236828 0.497363 0.237558 0.499257 0.237927 0.500812 0.238583 0.502275 0.238010 0.503367 0.240677 0.505914 0.241105 0.506650 0.242335 0.507802
0 0.103321 0.105280 0.104140 0.103195 0.104455 0.102472 0.106462 0.101719 0.107686 0.101720 0.108349 0.102326 0.108423 0.104652 0.108428 0.105871 0.108370 0.106817 0.107823 0.107547 0.106404 0.107437 0.105777 0.106384 0.105397 0.106205 0.104324 0.106232 0.103654 0.105631
0 0.096380 0.132603 0.094761 0.131684 0.094296 0.131064 0.093970 0.129899 0.095609 0.126875 0.096153 0.126040 0.096289 0.122899 0.096103 0.122133 0.096347 0.120859 0.097222 0.119364 0.098850 0.118602 0.100188 0.118703 0.103182 0.118630 0.104357 0.119109 0.104469 0.120352 0.104849 0.120859 0.105518 0.123156 0.105585 0.124321 0.104444 0.126452 0.103833 0.127044 0.103257 0.129035 0.101703 0.131310 0.100351 0.134673 0.099875 0.135508 0.099949 0.136416 0.100624 0.139559 0.100301 0.141039 0.098242 0.142046 0.096695 0.143640 0.096239 0.144585 0.095824 0.145841 0.095903 0.148768 0.095360 0.149523 0.094926 0.150406 0.094053 0.151006 0.092218 0.151919 0.091510 0.151193 0.089786 0.148930 0.091679 0.145896 0.091680 0.145066 0.092024 0.143238 0.091345 0.140618 0.091890 0.139598 0.094537 0.136195 0.095744 0.134803 0.096257 0.134364 0.096597 0.133889 0.096600 0.133853 0.096490 0.133072 0.096544 0.132836
0 0.048600 0.096381 0.048389 0.096831 0.047991 0.097362 0.047481 0.097975 0.047078 0.098143 0.046619 0.098282 0.046410 0.098676 0.045654 0.099683 0.045349 0.099778 0.044588 0.100410 0.043735 0.099760 0.043585 0.099612 0.042740 0.099371 0.042240 0.098391 0.042194 0.098286 0.042191 0.098285 0.042192 0.098280 0.041773 0.095379 0.041752 0.094754 0.041946 0.093904 0.041984 0.093124 0.042304 0.092385 0.042531 0.090936 0.044282 0.089853 0.045084 0.088991 0.045133 0.088949 0.045763 0.088109 0.046093 0.088191 0.046256 0.088054 0.047791 0.087980 0.048467 0.088158 0.048551 0.088273 0.049613 0.089166 0.049863 0.089660 0.050264 0.089721 0.050694 0.090087 0.051691 0.090877 0.052191 0.091145 0.052213 0.091202 0.052316 0.091207 0.052927 0.091501 0.053623 0.091700 0.053986 0.092671 0.052784 0.094551 0.051592 0.095725 0.050564 0.095785 0.050056 0.095931 0.049236 0.095889 0.049027 0.095930
0 0.037881 0.025066 0.037930 0.023071 0.038468 0.023554 0.039015 0.023928 0.040553 0.025202 0.041437 0.026186 0.041798 0.027635 0.042760 0.028574 0.042792 0.028570 0.044662 0.028041 0.045245 0.027789 0.045433 0.028223 0.046815 0.029333 0.045338 0.032811 0.045157 0.033085 0.044767 0.034358 0.044858 0.034476 0.044445 0.035304 0.043142 0.035406 0.042760 0.035191 0.042251 0.035146 0.041457 0.035135 0.040851 0.034806 0.040597 0.034897 0.040198 0.034643 0.038561 0.034728 0.037863 0.033628 0.037941 0.033291 0.037470 0.032734 0.037333 0.032290 0.037095 0.031904 0.037684 0.028506 0.038041 0.027357 0.037835 0.025884
0 0.005999 0.006365 0.006638 0.005845 0.008126 0.006342 0.008837 0.006769 0.010640 0.007371 0.012303 0.008529 0.012849 0.009225 0.014202 0.011709 0.014541 0.012645 0.015983 0.015285 0.016014 0.015954 0.016753 0.018191 0.017043 0.019328 0.017319 0.020891 0.017298 0.021516 0.017476 0.022037 0.017535 0.022879 0.017946 0.024157 0.017946 0.025125 0.017856 0.025328 0.018206 0.026271 0.017877 0.029503 0.017291 0.030155 0.015907 0.031268 0.014716 0.031951 0.014016 0.032706 0.013120 0.033926 0.010552 0.035177 0.009854 0.037657 0.009112 0.038224 0.006690 0.040884 0.004016 0.045030 0.003047 0.045380 0.001814 0.046488 0.001485 0.045856 0.000957 0.043900 0.000812 0.042830 0.000339 0.041673 0.001246 0.040223 0.002686 0.037674 0.002558 0.036546 0.002850 0.034950 0.004056 0.033768 0.004774 0.033290 0.007594 0.029921 0.008235 0.029713 0.009125 0.029155 0.009733 0.028102 0.010324 0.027711 0.010148 0.027056 0.010142 0.027005 0.010010 0.027061 0.009276 0.027279 0.009458 0.024782 0.009852 0.024583 0.009821 0.024326 0.010294 0.022674 0.011427 0.021700 0.011615 0.018844 0.011170 0.016259 0.010804 0.015958 0.009287 0.013599 0.008490 0.013314 0.007245 0.012043 0.006448 0.011759 0.005700 0.008033
0 0.402192 0.166714 0.402380 0.166965 0.403388 0.167993 0.403091 0.168577 0.403190 0.170824 0.403612 0.171803 0.404835 0.172113 0.405227 0.171842 0.406116 0.172562 0.407275 0.174204 0.407779 0.174631 0.408038 0.174672 0.409123 0.175710 0.409513 0.175677 0.410271 0.175948 0.412957 0.178605 0.414982 0.180228 0.414843 0.180863 0.414411 0.183267 0.413882 0.183447 0.413091 0.183723 0.412785 0.183708 0.412673 0.185174 0.412133 0.186374 0.412558 0.187307 0.412715 0.190550 0.412558 0.192254 0.412003 0.192994 0.411530 0.193163 0.410849 0.194533 0.407696 0.192043 0.406928 0.191127 0.406331 0.190839 0.405342 0.188318 0.405652 0.186997 0.405904 0.186487 0.406657 0.185483 0.406891 0.183889 0.406370 0.182986 0.405538 0.182572 0.403877 0.182475 0.403350 0.182259 0.402190 0.182522 0.401827 0.182367 0.400850 0.182409 0.399600 0.181992 0.398618 0.181040 0.397266 0.179628 0.396816 0.179567 0.395766 0.178823 0.395107 0.178288 0.395105 0.177653 0.395641 0.177046 0.395794 0.176529 0.396136 0.176386 0.396501 0.175900 0.396811 0.174790 0.396650 0.174192 0.396110 0.172946 0.396124 0.172909 0.394961 0.169835 0.395728 0.169126 0.395895 0.169089 0.396070 0.168705 0.395996 0.168332 0.397631 0.165963 0.399874 0.165575 0.401832 0.166209 0.402093 0.166687
0 0.428915 0.185251 0.428876 0.185201 0.429364 0.184555 0.429461 0.183383 0.429143 0.182342 0.430251 0.183199 0.431407 0.183470 0.432467 0.183966 0.432479 0.183978 0.432657 0.183939 0.433282 0.184050 0.433593 0.184025 0.433673 0.183991 0.435626 0.183053 0.436519 0.182800 0.437776 0.182289 0.439072 0.181451 0.440067 0.181912 0.440470 0.182012 0.443156 0.183529 0.443290 0.184228 0.443230 0.185025 0.442793 0.186245 0.442176 0.190683 0.440983 0.193628 0.439532 0.194228 0.437981 0.193182 0.437426 0.192877 0.436597 0.192274 0.435774 0.191072 0.434594 0.190229 0.433110 0.189291 0.431363 0.189045 0.430773 0.188051 0.429893 0.186669 0.429684 0.185961
0 0.417271 0.176426 0.419051 0.176240 0.419787 0.177118 0.420762 0.177008 0.421930 0.175407 0.423887 0.175456 0.424478 0.175203 0.426614 0.175596 0.426670 0.176725 0.425579 0.179172 0.428319 0.179648 0.429461 0.183383 0.429364 0.184555 0.428582 0.185590 0.424981 0.185724 0.423988 0.185618 0.423317 0.184835 0.423043 0.184723 0.421065 0.183440 0.420640 0.182435 0.420106 0.181604 0.419331 0.181128 0.418842 0.180475 0.418472 0.180295 0.416889 0.177813 0.416867 0.177798 0.416730 0.177113
0 0.378194 0.212007 0.378603 0.210772 0.379213 0.209958 0.381572 0.209508 0.383320 0.208733 0.384062 0.209087 0.386006 0.210355 0.386924 0.214164 0.385729 0.215738 0.383554 0.216679 0.381556 0.216287 0.380655 0.215606 0.379319 0.214971 0.378629 0.214852 0.378531 0.214765 0.377282 0.214620 0.376906 0.214119 0.376769 0.213435 0.378167 0.212226
0 0.398140 0.212630 0.400226 0.212514 0.401520 0.211605 0.402536 0.211242 0.402546 0.209656 0.403127 0.207006 0.403746 0.205444 0.404212 0.203650 0.405084 0.202318 0.407373 0.200881 0.408373 0.200609 0.410576 0.199527 0.411091 0.199664 0.411860 0.198773 0.413567 0.199253 0.413070 0.200572 0.412490 0.201682 0.411838 0.202133 0.411543 0.203559 0.410765 0.204509 0.410564 0.205855 0.409713 0.208017 0.408161 0.209992 0.407581 0.210936 0.407157 0.212460 0.406714 0.214477 0.403969 0.214581 0.402680 0.214103 0.401608 0.214411 0.400322 0.216125 0.399043 0.219705 0.398383 0.220498 0.397822 0.220582 0.396588 0.219829 0.395548 0.218905 0.395878 0.217843 0.395729 0.215646 0.397331 0.213416
0 0.395679 0.203256 0.395665 0.203166 0.394516 0.203018 0.394140 0.201149 0.395251 0.200488 0.395245 0.200449 0.395868 0.199232 0.398296 0.198882 0.398955 0.198914 0.400332 0.197966 0.401126 0.197666 0.402855 0.196730 0.403610 0.197110 0.404106 0.197360 0.405098 0.197860 0.405907 0.198267 0.404868 0.199881 0.403953 0.201101 0.402967 0.201455 0.401370 0.202028 0.400101 0.202590 0.398971 0.202805 0.397297 0.203217 0.396254 0.203474
0 0.412751 0.294401 0.413673 0.295333 0.414558 0.295938 0.415466 0.297026 0.416328 0.297265 0.417189 0.298162 0.418209 0.298739 0.419848 0.300324 0.420733 0.300703 0.421464 0.300902 0.422866 0.301501 0.424394 0.301708 0.425833 0.302109 0.426959 0.302336 0.428129 0.303317 0.430204 0.303253 0.430923 0.303664 0.431407 0.303679 0.432322 0.303397 0.435582 0.302661 0.436635 0.303135 0.436633 0.303706 0.436836 0.305623 0.436928 0.307068 0.436280 0.307799 0.433846 0.311158 0.433162 0.311019 0.430934 0.310953 0.430036 0.311022 0.426715 0.309325 0.425497 0.309274 0.424399 0.308782 0.423097 0.308603 0.420876 0.308144 0.420206 0.307891 0.417744 0.306598 0.416661 0.306489 0.415314 0.306144 0.414090 0.304843 0.413464 0.304303 0.411658 0.302405 0.411248 0.300310 0.410395 0.299710 0.409448 0.298243 0.407151 0.295809 0.405934 0.290676 0.405543 0.289135 0.405570 0.289070 0.405428 0.288372 0.405480 0.284362 0.405643 0.282792 0.406623 0.281694 0.406737 0.281334 0.407113 0.280833 0.407978 0.280691 0.408400 0.280631 0.408447 0.280511 0.408761 0.280557 0.409331 0.280640 0.409936 0.280728 0.410156 0.280936 0.412427 0.281240 0.412806 0.280160 0.413819 0.277880 0.414869 0.277847 0.415716 0.277940 0.417007 0.278600 0.417687 0.279103 0.419373 0.279614 0.420304 0.280862 0.419782 0.284398 0.419826 0.285346 0.419082 0.287496 0.418734 0.288712 0.417054 0.289183 0.415826 0.291578 0.415502 0.291668 0.413647 0.291765 0.413423 0.291682 0.412932 0.292897 0.412235 0.293831 0.411831 0.293929
0 0.521278 0.297019 0.521656 0.295400 0.522364 0.294403 0.522550 0.293129 0.523569 0.291477 0.523777 0.291037 0.523738 0.290210 0.524888 0.289173 0.526185 0.287851 0.527458 0.288852 0.528111 0.289307 0.529101 0.290627 0.529237 0.291432 0.529797 0.293221 0.530533 0.293369 0.530770 0.293790 0.531367 0.294481 0.531412 0.295226 0.529935 0.297809 0.529770 0.297773 0.529693 0.297961 0.528577 0.298046 0.526873 0.297958 0.525889 0.297477 0.523630 0.297460 0.522256 0.297440 0.521754 0.297409
0 0.484364 0.375767 0.484281 0.376115 0.483429 0.377251 0.482122 0.378047 0.481299 0.379144 0.479927 0.379790 0.479861 0.379759 0.477669 0.381063 0.475235 0.381284 0.474539 0.381284 0.473492 0.381385 0.472310 0.375837 0.473369 0.373990 0.473065 0.372429 0.473375 0.370191 0.473983 0.369300 0.474713 0.368328 0.475946 0.367731 0.476168 0.366623 0.477089 0.365185 0.477080 0.365110 0.477156 0.364521 0.477904 0.364044 0.478418 0.363880 0.479529 0.363545 0.480384 0.363203 0.482181 0.364092 0.483587 0.363960 0.484212 0.363620 0.485462 0.363308 0.485857 0.363337 0.486244 0.363099 0.487048 0.363860 0.486451 0.365039 0.485698 0.365521 0.485800 0.365667 0.485876 0.366047 0.486659 0.367750 0.486821 0.368402 0.487753 0.369417 0.487675 0.370490 0.487602 0.370673 0.487753 0.370875 0.486977 0.372963 0.485513 0.374622 0.484987 0.374803 0.484852 0.374885
0 0.123851 0.033094 0.124336 0.032993 0.126138 0.031997 0.126552 0.032532 0.126584 0.032526 0.126598 0.032734 0.126724 0.033233 0.127544 0.033872 0.127842 0.034306 0.128378 0.034671 0.127946 0.035858 0.127866 0.036040 0.127831 0.036265 0.127441 0.037203 0.126138 0.039044 0.125345 0.038999 0.124786 0.038939 0.124343 0.038244 0.124208 0.037022 0.123251 0.034843 0.123724 0.033516
0 0.097486 0.229227 0.097818 0.227575 0.098453 0.227382 0.100812 0.225203 0.101879 0.223996 0.102411 0.223191 0.105811 0.223030 0.107686 0.223067 0.108717 0.225730 0.109618 0.226072 0.110305 0.228520 0.109060 0.230100 0.108455 0.231078 0.107449 0.231889 0.106449 0.235899 0.105459 0.236649 0.104118 0.236220 0.103621 0.235501 0.102164 0.234152 0.101045 0.232495 0.100105 0.231934 0.099503 0.230745 0.098071 0.230151
0 0.064884 0.228390 0.065560 0.228090 0.067189 0.226811 0.067680 0.225556 0.069608 0.222914 0.070846 0.222666 0.072048 0.222585 0.073416 0.222284 0.074971 0.220801 0.076584 0.221007 0.076911 0.222055 0.077432 0.222121 0.080365 0.221663 0.080987 0.221009 0.082678 0.221840 0.083355 0.223160 0.083426 0.223776 0.084035 0.225212 0.084371 0.225556 0.085122 0.226922 0.086483 0.227153 0.088119 0.227811 0.087887 0.229441 0.086819 0.230553 0.086295 0.230730 0.084815 0.232217 0.084217 0.232116 0.083892 0.231162 0.083321 0.230614 0.081951 0.229928 0.080518 0.230134 0.079502 0.230078 0.077545 0.230313 0.076143 0.230863 0.074899 0.230421 0.072901 0.230301 0.069577 0.230313 0.067053 0.233261 0.065100 0.234824 0.063949 0.235317 0.061846 0.235342 0.061041 0.234478 0.061902 0.233677 0.062290 0.232952 0.063040 0.232033 0.063456 0.231104 0.063930 0.229306
0 0.099716 0.195067 0.101178 0.194380 0.102058 0.194492 0.103216 0.193469 0.103706 0.192711 0.104552 0.192199 0.106151 0.192295 0.107061 0.194099 0.106232 0.196116 0.105177 0.197412 0.104326 0.197612 0.104639 0.199099 0.102771 0.201536 0.102332 0.203668 0.100397 0.204651 0.099733 0.204297 0.097924 0.204133 0.097405 0.203162 0.097671 0.202485 0.097426 0.200662 0.097457 0.199664 0.098518 0.198379 0.098655 0.196495
0 0.071475 0.285318 0.072006 0.282877 0.072671 0.281997 0.073298 0.280954 0.073737 0.280783 0.074589 0.279968 0.075790 0.279201 0.078390 0.277679 0.079585 0.279064 0.079574 0.280583 0.080386 0.282807 0.080362 0.283614 0.080453 0.285547 0.081171 0.286918 0.082066 0.287607 0.083319 0.287837 0.084038 0.287769 0.086869 0.285555 0.087946 0.285941 0.088371 0.286312 0.088495 0.287778 0.087860 0.289290 0.087200 0.291409 0.087038 0.292650 0.086417 0.293602 0.085685 0.295002 0.084682 0.294796 0.082977 0.294278 0.082434 0.293639 0.081440 0.293175 0.080759 0.292473 0.079563 0.291734 0.078906 0.291560 0.077489 0.290747 0.076526 0.290799 0.075310 0.290387 0.073849 0.289596 0.073254 0.288158 0.071671 0.286686
0 0.000312 0.268188 0.002350 0.268154 0.004821 0.268644 0.005716 0.269966 0.006890 0.270888 0.008716 0.271259 0.010413 0.271801 0.014331 0.271880 0.014976 0.272346 0.015604 0.271749 0.016256 0.271903 0.017802 0.271934 0.020001 0.270911 0.022043 0.270307 0.022797 0.269914 0.024249 0.269467 0.026295 0.269262 0.026999 0.268779 0.030069 0.268244 0.030830 0.269194 0.029730 0.271053 0.028822 0.272354 0.028063 0.272960 0.026915 0.274247 0.025501 0.275347 0.024233 0.275886 0.024047 0.276303 0.022252 0.276383 0.021467 0.276579 0.020786 0.276346 0.019241 0.276430 0.017070 0.277835 0.015559 0.278210 0.013719 0.279231 0.012395 0.278955 0.011285 0.278341 0.010196 0.277978 0.009741 0.277510 0.007656 0.277424 0.005340 0.276610 0.004804 0.276022 0.003496 0.275744 0.001479 0.274311 0.000132 0.273449 0.000000 0.272946 0.000000 0.268858
0 0.018097 0.233947 0.019035 0.233622 0.020536 0.233508 0.020563 0.233582 0.020675 0.233587 0.020987 0.233719 0.021585 0.233793 0.022005 0.234978 0.022261 0.235702 0.022219 0.236744 0.022314 0.237702 0.022548 0.238172 0.022370 0.238399 0.022132 0.238965 0.021812 0.239064 0.021172 0.239660 0.020232 0.241435 0.019517 0.241495 0.017687 0.240469 0.017239 0.240393 0.017133 0.240260 0.015728 0.238999 0.015728 0.238030 0.016966 0.236275 0.016900 0.236186 0.016745 0.235494 0.017550 0.233900 0.017920 0.234081
0 0.334296 0.196710 0.335245 0.195674 0.336783 0.195210 0.336850 0.194266 0.337552 0.193619 0.338345 0.193587 0.340516 0.193894 0.341612 0.194627 0.341612 0.197158 0.341312 0.197559 0.342472 0.199314 0.343097 0.200981 0.343220 0.202976 0.343175 0.204137 0.342622 0.205160 0.341918 0.206003 0.340259 0.206184 0.339178 0.205799 0.339172 0.205876 0.338890 0.206843 0.338549 0.208236 0.337090 0.210285 0.335555 0.210803 0.335314 0.210778 0.334874 0.211052 0.334721 0.211569 0.334434 0.211951 0.333517 0.212340 0.333133 0.212574 0.331903 0.212046 0.331349 0.211887 0.330755 0.212124 0.330479 0.211333 0.330192 0.211222 0.329439 0.210219 0.328967 0.209694 0.328783 0.208823 0.328422 0.207960 0.328363 0.207430 0.328053 0.205455 0.327953 0.203689 0.329410 0.200426 0.330946 0.200116 0.331691 0.200501 0.332412 0.200528 0.332656 0.200900 0.334163 0.200900 0.334427 0.199507 0.334528 0.198090 0.334176 0.197708
0 0.521391 0.733969 0.519746 0.733417 0.518234 0.731686 0.518002 0.731553 0.516841 0.729553 0.516318 0.727410 0.516111 0.725655 0.516123 0.723191 0.516485 0.721266 0.517525 0.719760 0.518244 0.719452 0.520624 0.716764 0.521957 0.715956 0.522546 0.715858 0.524138 0.714825 0.525056 0.714733 0.525936 0.714094 0.526309 0.713455 0.526432 0.713340 0.526439 0.713325 0.527270 0.712763 0.527304 0.712783 0.528887 0.711580 0.529740 0.711275 0.530605 0.710122 0.531390 0.709808 0.532480 0.707726 0.533944 0.707246 0.536313 0.707457 0.540441 0.703343 0.540923 0.703394 0.542590 0.703269 0.543615 0.702450 0.544412 0.701487 0.545766 0.699686 0.548657 0.700103 0.550186 0.700012 0.553584 0.699809 0.555258 0.701626 0.556005 0.701893 0.557236 0.703534 0.557103 0.707162 0.557338 0.708540 0.556455 0.711672 0.553962 0.715391 0.553188 0.715592 0.552460 0.716941 0.553195 0.717504 0.553474 0.717730 0.552646 0.718834 0.549445 0.719882 0.549111 0.721567 0.548873 0.721945 0.548009 0.722223 0.546732 0.723613 0.546318 0.724789 0.544595 0.725040 0.542484 0.726672 0.541732 0.727780 0.541660 0.728064 0.539043 0.728313 0.537511 0.726931 0.535771 0.728209 0.534386 0.728806 0.532880 0.730709 0.529084 0.731454 0.525771 0.732586 0.524680 0.733669 0.523791 0.733849 0.522442 0.734726 0.521762 0.733996
0 0.044211 0.141252 0.046084 0.141295 0.047189 0.141564 0.047945 0.142467 0.048023 0.144894 0.046301 0.146773 0.045470 0.147776 0.044889 0.147940 0.044298 0.148532 0.043074 0.148041 0.041879 0.147290 0.041488 0.144967 0.041808 0.144020 0.042291 0.142034 0.043643 0.141125
0 0.528900 0.630739 0.530169 0.629630 0.530321 0.629617 0.530582 0.629355 0.531435 0.629260 0.532643 0.629010 0.532821 0.628941 0.534455 0.629695 0.534930 0.629774 0.535606 0.630188 0.536261 0.632618 0.536205 0.633414 0.535712 0.634058 0.535736 0.634164 0.535228 0.635555 0.532820 0.637877 0.531599 0.637700 0.530945 0.637982 0.529019 0.637151 0.528609 0.635294 0.528187 0.633784 0.528420 0.631945
0 0.497636 0.625322 0.498117 0.624474 0.499120 0.624213 0.501134 0.624275 0.501808 0.624332 0.503163 0.624528 0.504864 0.626275 0.505381 0.627659 0.505219 0.628153 0.505148 0.628560 0.504679 0.629810 0.504099 0.630318 0.503637 0.631321 0.503539 0.632165 0.501424 0.633189 0.500646 0.632716 0.500435 0.632620 0.498879 0.632352 0.498353 0.632172 0.498129 0.631814 0.497051 0.630852 0.496916 0.629942 0.497022 0.626379 0.497535 0.625919
0 0.513918 0.558369 0.515744 0.557628 0.517476 0.557577 0.518662 0.558920 0.519277 0.560510 0.518651 0.561550 0.518646 0.562661 0.518287 0.564544 0.517228 0.565342 0.516799 0.565334 0.515103 0.565960 0.513539 0.566127 0.512374 0.565115 0.512504 0.562602 0.513390 0.559380
0 0.511275 0.501733 0.511810 0.501262 0.512878 0.501186 0.513875 0.498259 0.514430 0.497421 0.516069 0.497335 0.517218 0.498215 0.517582 0.499942 0.517800 0.501445 0.519537 0.503728 0.519184 0.505688 0.519146 0.507197 0.518723 0.508015 0.518754 0.509733 0.518589 0.510344 0.517297 0.514142 0.516108 0.514849 0.514493 0.515468 0.512334 0.515452 0.511508 0.514517 0.510981 0.513489 0.510926 0.512726 0.510494 0.511673 0.510017 0.509708 0.509379 0.508611 0.508418 0.508827 0.507481 0.508827 0.505789 0.508621 0.504902 0.507881 0.503634 0.506398 0.503471 0.504041 0.503911 0.503525 0.506047 0.503971 0.507168 0.505223 0.507706 0.504624 0.508602 0.503241 0.509590 0.502619 0.510409 0.502660
0 0.462565 0.516865 0.462579 0.517505 0.462585 0.517586 0.462926 0.518446 0.463286 0.518521 0.463883 0.519597 0.463810 0.519722 0.463963 0.519946 0.463338 0.521748 0.462925 0.522513 0.462692 0.523546 0.462315 0.525091 0.462244 0.525706 0.461833 0.527192 0.461776 0.527789 0.461130 0.528859 0.460229 0.530731 0.460057 0.531331 0.459301 0.532651 0.458939 0.532725 0.458886 0.532815 0.458322 0.532910 0.458255 0.532789 0.457559 0.532651 0.457194 0.532164 0.457139 0.531367 0.457136 0.530790 0.456867 0.530310 0.456584 0.529075 0.455068 0.528838 0.454684 0.526444 0.454944 0.526069 0.455110 0.526062 0.455579 0.526222 0.456149 0.526018 0.456879 0.525045 0.456711 0.522117 0.459196 0.521435 0.460338 0.517873
0 0.226293 0.119956 0.227153 0.119354 0.227387 0.118537 0.227475 0.118436 0.227679 0.117111 0.227994 0.116795 0.228747 0.115895 0.230333 0.115999 0.231089 0.116903 0.231070 0.117520 0.231782 0.117994 0.232065 0.119090 0.232257 0.122211 0.231372 0.122926 0.230112 0.122791 0.228187 0.123324 0.227511 0.123309 0.226783 0.122337 0.226449 0.120973
0 0.377513 0.567258 0.377837 0.563237 0.377812 0.561181 0.377238 0.559527 0.377192 0.556756 0.378637 0.555009 0.380075 0.554966 0.382433 0.555763 0.383281 0.556464 0.385387 0.556956 0.386371 0.556793 0.387375 0.554475 0.387600 0.554575 0.388289 0.553924 0.388670 0.553857 0.389018 0.552744 0.390427 0.550553 0.391074 0.550072 0.391644 0.550833 0.391639 0.551068 0.391957 0.553333 0.391781 0.554800 0.392271 0.555661 0.392482 0.556879 0.392816 0.557812 0.391675 0.560029 0.391723 0.560312 0.391644 0.561458 0.391380 0.562109 0.390426 0.562224 0.389883 0.563993 0.389199 0.564396 0.389158 0.564443 0.388184 0.566145 0.388046 0.566756 0.387949 0.567187 0.387715 0.567395 0.387477 0.570000 0.386941 0.570926 0.386179 0.571298 0.385009 0.572643 0.384467 0.572937 0.383888 0.573923 0.383692 0.574741 0.384220 0.575079 0.385600 0.576728 0.385925 0.578193 0.386173 0.580070 0.384225 0.583520 0.383475 0.584952 0.382225 0.585756 0.381216 0.586641 0.380609 0.588598 0.379600 0.590158 0.378891 0.591532 0.377779 0.591727 0.375406 0.592815 0.374175 0.592391 0.373014 0.590668 0.372661 0.589728 0.371011 0.586526 0.371744 0.584079 0.371933 0.583106 0.372705 0.580527 0.373177 0.578174 0.373603 0.577606 0.374199 0.576286 0.375032 0.574581 0.376829 0.571367 0.377195 0.570043 0.377340 0.568237
0 0.186818 0.149362 0.184926 0.148757 0.182201 0.148151 0.180839 0.148353 0.180460 0.148555 0.180309 0.149060 0.180385 0.152188 0.180233 0.152692 0.179855 0.152995 0.178947 0.152995 0.176979 0.151582 0.175617 0.151280 0.175238 0.151481 0.175011 0.152087 0.174860 0.152591 0.174784 0.153802 0.174936 0.154408 0.175541 0.155417 0.180158 0.158848 0.181671 0.160160 0.182352 0.160967 0.183185 0.161572 0.185682 0.162682 0.186439 0.163187 0.186666 0.163692 0.186742 0.164297 0.186742 0.164903 0.186515 0.166013 0.186515 0.167223 0.186818 0.168333 0.187045 0.168838 0.187423 0.169242 0.188256 0.169645 0.189694 0.169746 0.192872 0.167728 0.193478 0.166921 0.193553 0.166315 0.193553 0.165710 0.193251 0.164701 0.192645 0.163187 0.192040 0.162279 0.186818 0.160160 0.186061 0.159756 0.185531 0.158848 0.185531 0.157032 0.185909 0.156628 0.187953 0.155720 0.188483 0.154206 0.188861 0.153802 0.190602 0.153197 0.190980 0.152995 0.191283 0.152591 0.191207 0.150170 0.189845 0.149968 0.187575 0.149968
0 0.306402 0.291329 0.307156 0.289837 0.308484 0.288587 0.310761 0.288062 0.311425 0.287756 0.312570 0.288066 0.313827 0.290576 0.314238 0.290569 0.315355 0.291537 0.314399 0.293853 0.314408 0.295484 0.314870 0.297616 0.314868 0.299740 0.314525 0.302422 0.313794 0.304056 0.313171 0.305719 0.310908 0.308179 0.309628 0.308444 0.308406 0.307404 0.307350 0.306205 0.306632 0.306675 0.305857 0.306872 0.304212 0.306189 0.304994 0.303553 0.305678 0.302212 0.305695 0.302156 0.306054 0.300871 0.306784 0.299261 0.305480 0.297025 0.306004 0.295785 0.305746 0.294284 0.306793 0.292945
0 0.297910 0.295404 0.296376 0.295427 0.295050 0.296815 0.293797 0.297248 0.293121 0.297174 0.292594 0.296244 0.291743 0.295442 0.291011 0.295299 0.289840 0.294674 0.289495 0.293695 0.289086 0.291516 0.289396 0.289990 0.291793 0.287003 0.292603 0.286444 0.292631 0.286411 0.293223 0.286445 0.294445 0.285338 0.295391 0.284730 0.296437 0.285984 0.296820 0.286022 0.297157 0.285846 0.297578 0.286098 0.299069 0.286247 0.300327 0.287509 0.299551 0.290091 0.298801 0.290466 0.298869 0.292766
0 0.287927 0.273829 0.289423 0.273492 0.290309 0.273045 0.291994 0.273385 0.293040 0.274433 0.292051 0.276237 0.292120 0.277673 0.293380 0.278357 0.294579 0.279589 0.295013 0.279405 0.296192 0.279503 0.296555 0.280266 0.296279 0.281620 0.295801 0.284466 0.294445 0.285338 0.293223 0.286445 0.291403 0.286341 0.290425 0.284748 0.289764 0.282118 0.289451 0.280108 0.288672 0.278350 0.287757 0.276792 0.287633 0.274848
0 0.254656 0.256946 0.255736 0.256954 0.257231 0.257431 0.258016 0.259649 0.258423 0.261109 0.259018 0.262578 0.259826 0.263637 0.259629 0.264196 0.259317 0.265556 0.258866 0.265902 0.257268 0.266891 0.255470 0.267083 0.254326 0.266603 0.253038 0.264699 0.252728 0.264352 0.252278 0.262826 0.252179 0.261788 0.250889 0.260695 0.250575 0.259994 0.250466 0.259933 0.249867 0.259029 0.250680 0.257185 0.251376 0.256743 0.252314 0.256799 0.254033 0.256743 0.254421 0.256993
0 0.198703 0.286026 0.198581 0.284709 0.198145 0.283711 0.198353 0.282692 0.199929 0.281397 0.200853 0.281148 0.201585 0.280668 0.202587 0.279447 0.204021 0.279220 0.206065 0.280835 0.208067 0.281516 0.209962 0.282434 0.210902 0.283266 0.211567 0.283580 0.211882 0.284306 0.211910 0.286889 0.211798 0.288169 0.211248 0.289304 0.210818 0.289441 0.209229 0.291039 0.209093 0.291636 0.208526 0.292497 0.208273 0.293350 0.207637 0.293754 0.205859 0.293412 0.205106 0.292835 0.203534 0.292264 0.202673 0.291690 0.201472 0.290000 0.199802 0.289276 0.198875 0.288612 0.198540 0.287823
0 0.114356 0.327541 0.115946 0.326652 0.116511 0.326157 0.119389 0.324403 0.121626 0.324098 0.122665 0.323338 0.124796 0.322427 0.126022 0.322991 0.125788 0.324168 0.125517 0.324935 0.125437 0.325339 0.125321 0.325510 0.125166 0.327051 0.125241 0.327710 0.124563 0.328821 0.122963 0.329080 0.121485 0.329633 0.120765 0.329703 0.119205 0.330543 0.118474 0.330705 0.116934 0.331726 0.116335 0.333022 0.115710 0.333422 0.115696 0.333366 0.114513 0.332435 0.113845 0.332043 0.111787 0.331701 0.111706 0.331704 0.111694 0.331673 0.110987 0.330106 0.110717 0.330019 0.110372 0.327478 0.110055 0.326360 0.110394 0.325074 0.112463 0.326624 0.113512 0.327305
0 0.104844 0.329154 0.105513 0.329349 0.106801 0.330046 0.107189 0.330614 0.107917 0.329794 0.109605 0.329721 0.110370 0.329907 0.110987 0.330106 0.111694 0.331673 0.111706 0.331704 0.111787 0.331701 0.113845 0.332043 0.114513 0.332435 0.115696 0.333366 0.116108 0.335031 0.116159 0.336746 0.115902 0.337578 0.115490 0.338215 0.115439 0.339929 0.115233 0.340713 0.114153 0.342868 0.113639 0.343358 0.112199 0.343407 0.111021 0.342816 0.109996 0.341546 0.109542 0.340909 0.108411 0.339794 0.107765 0.338490 0.108220 0.338138 0.108972 0.338013 0.108907 0.337431 0.107783 0.336205 0.107159 0.335717 0.105256 0.334688 0.104899 0.334526 0.103151 0.334340 0.102523 0.333293 0.102080 0.333077 0.101994 0.332831 0.100835 0.331806 0.101671 0.330598 0.102683 0.328856 0.103878 0.328752 0.104068 0.328990
0 0.075390 0.331845 0.076581 0.330784 0.077253 0.329123 0.077985 0.327626 0.078140 0.327343 0.078306 0.326555 0.079032 0.326624 0.079100 0.326661 0.079624 0.326723 0.081314 0.328039 0.082124 0.328390 0.082141 0.328403 0.082440 0.328467 0.082661 0.328710 0.082678 0.328712 0.084401 0.329107 0.084925 0.329064 0.085510 0.328705 0.086395 0.329606 0.085823 0.331059 0.085375 0.331023 0.083712 0.331024 0.082783 0.332167 0.082759 0.332937 0.083284 0.335630 0.084937 0.337023 0.085756 0.337088 0.086943 0.336819 0.087535 0.336126 0.088613 0.335662 0.089495 0.335792 0.091289 0.336623 0.092435 0.336902 0.092936 0.337826 0.092582 0.339078 0.091916 0.339564 0.091630 0.341831 0.091779 0.342637 0.093216 0.346868 0.092870 0.349627 0.091837 0.349905 0.090782 0.349290 0.090617 0.348874 0.087150 0.348968 0.085914 0.348309 0.086182 0.346552 0.084986 0.344201 0.082912 0.343066 0.081741 0.342229 0.081729 0.340492 0.081817 0.339395 0.081438 0.337774 0.080779 0.336677 0.079751 0.335722 0.078339 0.334051 0.077336 0.334143 0.075397 0.334852 0.073439 0.335489 0.072529 0.335471 0.071853 0.334500 0.072950 0.332865 0.074474 0.332481
0 0.046122 0.335091 0.047036 0.335281 0.047890 0.334142 0.048937 0.333164 0.050694 0.332237 0.051304 0.332090 0.052966 0.332232 0.052497 0.334243 0.050764 0.336863 0.050657 0.337214 0.049441 0.338279 0.048570 0.338953 0.048305 0.339409 0.047677 0.340249 0.047020 0.341022 0.046431 0.341294 0.044772 0.341424 0.044577 0.341270 0.042838 0.339139 0.042348 0.337176 0.042852 0.336280 0.043934 0.335250 0.045255 0.335123
0 0.055888 0.331317 0.057281 0.330000 0.059335 0.329115 0.060847 0.327773 0.061426 0.326857 0.063086 0.326727 0.063450 0.326857 0.064690 0.326494 0.066013 0.324996 0.066403 0.324875 0.068570 0.323802 0.069179 0.323939 0.070389 0.323630 0.071213 0.323590 0.071861 0.323271 0.073077 0.323387 0.073749 0.323977 0.073122 0.325613 0.069496 0.325795 0.069233 0.326145 0.069001 0.327385 0.068336 0.328272 0.067579 0.330102 0.068715 0.331472 0.069496 0.332126 0.070629 0.332574 0.070896 0.334166 0.068897 0.336160 0.067289 0.336853 0.066271 0.337038 0.063051 0.338972 0.062096 0.339069 0.060982 0.338717 0.060263 0.337734 0.059512 0.337134 0.056605 0.337105 0.054921 0.335942 0.054807 0.333813 0.054878 0.332264
0 0.085439 0.320514 0.086237 0.319605 0.087487 0.318395 0.091120 0.317278 0.092019 0.315558 0.092388 0.314361 0.093363 0.312860 0.094361 0.312042 0.095649 0.311460 0.097584 0.311125 0.099375 0.312296 0.101047 0.313588 0.100544 0.315098 0.099087 0.317692 0.099172 0.319765 0.098651 0.320460 0.098189 0.320555 0.097305 0.320978 0.096490 0.321500 0.094653 0.322026 0.094408 0.322246 0.092886 0.322760 0.092343 0.322620 0.091385 0.323481 0.090703 0.323662 0.089588 0.324523 0.088456 0.324782 0.087524 0.325277 0.085212 0.326933 0.084514 0.324802 0.084590 0.321817
0 0.144417 0.304157 0.142853 0.304152 0.141373 0.304237 0.140414 0.302061 0.140347 0.301278 0.139353 0.300875 0.138399 0.299210 0.137278 0.299105 0.135181 0.297879 0.134935 0.296653 0.135553 0.295225 0.135994 0.295092 0.139570 0.293766 0.139680 0.293422 0.139934 0.293352 0.140223 0.292243 0.142006 0.291886 0.142191 0.291661 0.144598 0.292026 0.145369 0.291606 0.145687 0.291517 0.145845 0.291513 0.146764 0.291841 0.148276 0.292849 0.149574 0.294979 0.149887 0.295643 0.149655 0.295896 0.148017 0.296531 0.146525 0.299325 0.146427 0.301026 0.145969 0.301798 0.145223 0.302372
0 0.174795 0.360444 0.176428 0.358961 0.179350 0.358868 0.181041 0.359386 0.182187 0.360185 0.182264 0.362024 0.181435 0.364657 0.181041 0.365599 0.179275 0.365776 0.178908 0.365703 0.177865 0.364555 0.176721 0.364453 0.175536 0.362838 0.174246 0.362196 0.174220 0.361722
0 0.149050 0.390127 0.149781 0.389556 0.151724 0.389063 0.152962 0.389614 0.154963 0.389398 0.157273 0.387244 0.159541 0.387081 0.159745 0.390208 0.158859 0.391776 0.160075 0.392652 0.161200 0.393872 0.161205 0.394845 0.161595 0.396738 0.162518 0.396759 0.163654 0.397839 0.163644 0.399003 0.162889 0.400836 0.161427 0.402479 0.160683 0.402816 0.158714 0.404501 0.157870 0.404921 0.156590 0.406223 0.155604 0.407701 0.154584 0.408051 0.152751 0.406601 0.152090 0.403943 0.152156 0.403311 0.151524 0.401382 0.149580 0.400720 0.147946 0.399984 0.147227 0.398742 0.147396 0.398063 0.146604 0.396913 0.145092 0.395387 0.143808 0.392330 0.143634 0.391811 0.145581 0.391781 0.146576 0.390123 0.146555 0.389923
0 0.118796 0.372621 0.119862 0.372592 0.121529 0.374085 0.122267 0.375726 0.122922 0.377547 0.122130 0.379441 0.121306 0.380019 0.120079 0.381629 0.119855 0.381709 0.119290 0.383234 0.119672 0.386047 0.120827 0.389141 0.120873 0.390087 0.119919 0.391469 0.119206 0.393330 0.117020 0.391801 0.116308 0.390634 0.115458 0.387859 0.114996 0.387024 0.114362 0.385413 0.113738 0.385129 0.112701 0.383453 0.113464 0.382436 0.114477 0.381887 0.115583 0.381615 0.117296 0.380534 0.117710 0.380091 0.117955 0.378383 0.116638 0.375797 0.116914 0.374430 0.117355 0.373341
0 0.129584 0.370171 0.128959 0.372004 0.127168 0.372458 0.125492 0.371851 0.124840 0.371320 0.123175 0.370762 0.122940 0.370280 0.121905 0.370323 0.119470 0.369314 0.118742 0.368953 0.117175 0.366599 0.116291 0.365722 0.116190 0.364826 0.115123 0.363822 0.114509 0.363614 0.113517 0.361834 0.112945 0.360613 0.113059 0.358584 0.114105 0.357395 0.114091 0.355022 0.114602 0.353627 0.116045 0.350445 0.116657 0.350211 0.118679 0.350362 0.120189 0.350899 0.121636 0.351007 0.123009 0.351465 0.123726 0.352726 0.124688 0.353703 0.124884 0.357158 0.125260 0.357822 0.126030 0.360527 0.127357 0.361990 0.127891 0.362703 0.128034 0.363503 0.128807 0.364534 0.128890 0.366018 0.129607 0.366974 0.129834 0.368599
0 0.093115 0.168486 0.094430 0.168898 0.094976 0.169468 0.095506 0.170043 0.096013 0.170690 0.096520 0.171336 0.097027 0.171947 0.097556 0.172558 0.098063 0.173168 0.098370 0.173985 0.098367 0.174928 0.098403 0.175898 0.098403 0.176900 0.098293 0.177791 0.098080 0.178669 0.097750 0.178822 0.097144 0.178507 0.096561 0.178122 0.096011 0.177584 0.095440 0.177119 0.094911 0.176509 0.094409 0.175869 0.094082 0.175086 0.093774 0.174262 0.093488 0.173401 0.093170 0.172558 0.092905 0.171731 0.092619 0.170869 0.092332 0.170007 0.092067 0.169181 0.092398 0.168534 0.093115 0.168486
0 0.147500 0.180110 0.147852 0.180721 0.148117 0.181387 0.148293 0.182109 0.148469 0.183663 0.148513 0.184440 0.148425 0.185273 0.148161 0.186716 0.147852 0.188215 0.147500 0.189714 0.147147 0.191102 0.146618 0.192490 0.146221 0.192989 0.145163 0.193766 0.144105 0.194377 0.143047 0.194877 0.142562 0.195321 0.142033 0.195654 0.141460 0.195654 0.140490 0.194710 0.139476 0.193822 0.137978 0.192601 0.136126 0.190824 0.136416 0.190131 0.136895 0.189640 0.137100 0.189014 0.137184 0.187493 0.137360 0.186716 0.138374 0.186050 0.139917 0.184940 0.140402 0.184496 0.141372 0.183497 0.141813 0.182997 0.142739 0.181831 0.143576 0.180721 0.144105 0.180388 0.144678 0.180166 0.145824 0.179888 0.146375 0.179722
0 0.263044 0.457239 0.261787 0.455296 0.260772 0.453199 0.259804 0.451966 0.257291 0.450300 0.256728 0.449744 0.255813 0.448422 0.254844 0.447802 0.254910 0.447414 0.255572 0.446415 0.255175 0.445693 0.254117 0.444583 0.254348 0.444139 0.255770 0.444361 0.257093 0.444805 0.257740 0.445151 0.260441 0.446090 0.261072 0.446717 0.262577 0.449353 0.263749 0.450186 0.265760 0.448685 0.266785 0.447556 0.266864 0.447512 0.267474 0.447358 0.268863 0.447636 0.270846 0.448524 0.272103 0.449412 0.272830 0.450800 0.272896 0.452077 0.271574 0.452354 0.270185 0.452798 0.269590 0.453298 0.269326 0.455963 0.269458 0.458738 0.269326 0.459626 0.268566 0.460957 0.267955 0.461040 0.266152 0.459682 0.264961 0.458683
0 0.188567 0.477491 0.188956 0.481185 0.189691 0.481240 0.192307 0.479509 0.193671 0.479405 0.196285 0.481387 0.198734 0.483787 0.201550 0.487787 0.202530 0.491216 0.204244 0.493045 0.203754 0.498416 0.201550 0.500931 0.199591 0.502302 0.194693 0.504588 0.192121 0.506417 0.191019 0.507788 0.188938 0.508588 0.184529 0.509045 0.182448 0.508131 0.180488 0.506759 0.177917 0.508817 0.176447 0.509045 0.173509 0.508702 0.172171 0.506554 0.171418 0.504004 0.170299 0.502723 0.168243 0.501274 0.168610 0.499902 0.172173 0.498426 0.174000 0.496579 0.174127 0.493632 0.171781 0.491311 0.171800 0.489715 0.174279 0.487893 0.179134 0.482994 0.179780 0.481319 0.180520 0.477871 0.181203 0.476272 0.182388 0.475624
0 0.067980 0.544857 0.069041 0.546514 0.071247 0.547203 0.072316 0.546917 0.073104 0.546970 0.074031 0.546327 0.075331 0.546879 0.076822 0.547094 0.077550 0.549243 0.076909 0.550520 0.077855 0.552060 0.078026 0.553503 0.079503 0.553168 0.081508 0.554255 0.083505 0.553966 0.084497 0.553536 0.086408 0.553964 0.086451 0.553878 0.087908 0.553776 0.088402 0.554156 0.088300 0.555365 0.088322 0.555890 0.088290 0.557401 0.088291 0.557456 0.089270 0.558071 0.090477 0.559694 0.091985 0.561060 0.092852 0.561481 0.092957 0.562304 0.092146 0.562917 0.091093 0.562844 0.090575 0.563136 0.088203 0.563237 0.087165 0.564031 0.085381 0.563119 0.083851 0.562537 0.082672 0.561345 0.079077 0.558226 0.077268 0.557178 0.076505 0.556034 0.075533 0.554992 0.074989 0.554772 0.073610 0.553527 0.071828 0.551491 0.070949 0.551120 0.069714 0.550234 0.068842 0.549319 0.068152 0.549201 0.067681 0.548097 0.067183 0.547509 0.066191 0.545489 0.067038 0.544633
0 0.074028 0.505505 0.076161 0.506578 0.076161 0.507307 0.074782 0.509216 0.074333 0.509367 0.074163 0.510551 0.073224 0.512023 0.072672 0.512758 0.072041 0.512776 0.071213 0.512857 0.070880 0.512780 0.069915 0.512653 0.069685 0.512500 0.068702 0.512178 0.067548 0.511160 0.063348 0.509101 0.062142 0.508876 0.062098 0.509042 0.061476 0.509840 0.061347 0.510045 0.060622 0.511907 0.060416 0.513766 0.061188 0.514670 0.061513 0.515665 0.060785 0.516437 0.059786 0.516488 0.059079 0.516767 0.057574 0.517015 0.057202 0.517445 0.056526 0.517623 0.055717 0.517966 0.054586 0.517764 0.054368 0.517966 0.054082 0.517307 0.054862 0.514531 0.056496 0.512051 0.057799 0.508599 0.058259 0.507847 0.057987 0.506682 0.057992 0.505926 0.057597 0.505608 0.056526 0.505151 0.056061 0.504809 0.055276 0.504839 0.053362 0.504797 0.051657 0.504354 0.051944 0.503211 0.052461 0.502932 0.052282 0.499531 0.052647 0.498836 0.053017 0.498760 0.054437 0.498325 0.056213 0.497589 0.057436 0.498003 0.058265 0.498325 0.059034 0.497357 0.059729 0.496547 0.060376 0.496624 0.062960 0.496317 0.063691 0.495882 0.065019 0.494840 0.065665 0.493771 0.065719 0.493281 0.066448 0.492693 0.067112 0.492883 0.067463 0.492693 0.068499 0.492596 0.069807 0.492068 0.070576 0.492015 0.071291 0.491651 0.072073 0.491679 0.073010 0.491443 0.073147 0.491503 0.073156 0.491499 0.075878 0.490779 0.076397 0.490399 0.078323 0.490644 0.078635 0.490505 0.082294 0.490452 0.083166 0.490193 0.083987 0.490235 0.085436 0.490222 0.085745 0.490089 0.086239 0.490469 0.085639 0.492028 0.085035 0.492209 0.084577 0.492820 0.084518 0.493557 0.084077 0.494841 0.082932 0.495019 0.082541 0.495255 0.081210 0.495330 0.080041 0.495776 0.077774 0.496015 0.075823 0.496399 0.075798 0.496403 0.075795 0.496403 0.075479 0.496537 0.075249 0.496924 0.074416 0.497074 0.073948 0.497339 0.072873 0.497654 0.071682 0.498066 0.071252 0.498148 0.068608 0.499008 0.068371 0.499148 0.067675 0.499781 0.067905 0.499982 0.069077 0.501232 0.069517 0.501923 0.070092 0.502274 0.070915 0.503927 0.071682 0.504047 0.072251 0.504527 0.072592 0.504670 0.073041 0.505392 0.073463 0.505724
0 0.124799 0.504839 0.125596 0.504079 0.126295 0.503147 0.126661 0.502904 0.128492 0.501108 0.129420 0.499918 0.130656 0.499457 0.134658 0.501534 0.136218 0.502888 0.137347 0.504286 0.137575 0.506610 0.135946 0.507736 0.135076 0.507475 0.134505 0.508065 0.133611 0.509045 0.133533 0.509057 0.132729 0.509827 0.130105 0.508646 0.129332 0.509026 0.129036 0.509408 0.128495 0.509494 0.127986 0.509670 0.127790 0.509606 0.127084 0.509717 0.126246 0.508709 0.124886 0.506960 0.124446 0.506477 0.124446 0.506025
0 0.149664 0.511082 0.149947 0.509008 0.150796 0.508001 0.151149 0.506325 0.152427 0.505058 0.153494 0.505215 0.154615 0.505817 0.155555 0.508699 0.156453 0.509353 0.157292 0.511203 0.156197 0.512523 0.155015 0.512855 0.153540 0.514337 0.151963 0.515096 0.150035 0.513571 0.150124 0.512338
0 0.128250 0.473404 0.128695 0.473015 0.129579 0.471660 0.130660 0.470804 0.131250 0.470289 0.132081 0.469806 0.132386 0.469711 0.132784 0.469389 0.133382 0.469183 0.133682 0.469234 0.133729 0.469213 0.134476 0.468454 0.135386 0.468556 0.135800 0.468796 0.137757 0.468975 0.138534 0.469212 0.140960 0.468766 0.142935 0.470289 0.143830 0.470753 0.144292 0.470847 0.144888 0.471434 0.145933 0.472098 0.146511 0.473390 0.146687 0.473902 0.146089 0.474873 0.145566 0.474946 0.144710 0.475183 0.143655 0.475141 0.142951 0.474924 0.141671 0.475012 0.140442 0.475505 0.138859 0.477096 0.138842 0.477111 0.138804 0.477117 0.137196 0.477051 0.135009 0.478112 0.134614 0.478435 0.134733 0.478694 0.133589 0.481644 0.132378 0.481704 0.132277 0.481817 0.131958 0.481726 0.131194 0.481746 0.130810 0.481512 0.129749 0.481287 0.128200 0.480636 0.128180 0.479588 0.127840 0.479357 0.127883 0.479007 0.127577 0.478173 0.127654 0.477376 0.127832 0.476819 0.127675 0.475977 0.127497 0.474563 0.128211 0.473607
0 0.054792 0.148506 0.053561 0.144767 0.054426 0.142635 0.054505 0.140251 0.055550 0.138066 0.056981 0.136157 0.057390 0.136031 0.058590 0.135129 0.059604 0.134164 0.061237 0.133025 0.062179 0.132252 0.063285 0.133148 0.064119 0.133138 0.066538 0.133295 0.070214 0.133937 0.071217 0.134576 0.071217 0.135595 0.070833 0.136006 0.070798 0.136852 0.069563 0.137583 0.069437 0.138527 0.068533 0.140988 0.068285 0.143412 0.067172 0.144757 0.066610 0.146204 0.065713 0.147959 0.064973 0.148945 0.063665 0.151041 0.063475 0.152004 0.063103 0.152870 0.062111 0.154584 0.061477 0.155845 0.061184 0.156174 0.059876 0.156485 0.059068 0.156540 0.058109 0.157369 0.057536 0.158164 0.055793 0.158579 0.054678 0.158164 0.053945 0.157605 0.053355 0.156679 0.052097 0.155327 0.053614 0.153817 0.054046 0.152076 0.054398 0.151048 0.054931 0.150338 0.055026 0.149513
0 0.167905 0.662353 0.169625 0.661152 0.170211 0.661925 0.171279 0.662992 0.171716 0.663316 0.171806 0.661461 0.170575 0.659073 0.171693 0.657899 0.172346 0.656859 0.173215 0.655805 0.176131 0.653545 0.177366 0.654462 0.178578 0.657360 0.178070 0.658321 0.176745 0.658827 0.175902 0.658508 0.175739 0.659960 0.175752 0.660756 0.176758 0.663978 0.177014 0.665067 0.178914 0.665987 0.180158 0.666390 0.180455 0.667870 0.179561 0.669068 0.179366 0.670117 0.178662 0.670659 0.177483 0.669622 0.175494 0.668833 0.174723 0.668089 0.174364 0.668293 0.173248 0.670511 0.170689 0.672674 0.169335 0.673312 0.167390 0.671714 0.165879 0.669834 0.164971 0.668018 0.165613 0.666544 0.166142 0.664976 0.167137 0.663342
0 0.225750 0.644821 0.228059 0.645641 0.228949 0.643599 0.230536 0.641805 0.231754 0.640237 0.232728 0.639426 0.233467 0.640903 0.233467 0.642218 0.232273 0.644849 0.231094 0.646508 0.230603 0.646623 0.230392 0.647279 0.229794 0.647983 0.227737 0.650103 0.224603 0.650262 0.223466 0.650547 0.222182 0.651104 0.219368 0.650039 0.219385 0.648797 0.220151 0.646877 0.221628 0.646036 0.222692 0.646043 0.224920 0.644901
0 0.215522 0.639341 0.216282 0.638461 0.216794 0.637866 0.217371 0.637170 0.217664 0.637706 0.218178 0.638416 0.219985 0.639594 0.222141 0.638569 0.223176 0.636869 0.224190 0.636640 0.226454 0.637144 0.228560 0.638528 0.228154 0.639466 0.226709 0.640827 0.224428 0.643579 0.223593 0.643904 0.221994 0.644327 0.219458 0.643768 0.218728 0.643607 0.216723 0.642872 0.215450 0.642000 0.215300 0.641148 0.215124 0.640374
0 0.206358 0.549836 0.207792 0.550382 0.207318 0.552247 0.206782 0.553228 0.205083 0.555191 0.202809 0.555306 0.202301 0.555175 0.201679 0.554272 0.201434 0.553140 0.201798 0.550940 0.202477 0.549878 0.203922 0.549411
0 0.171124 0.582571 0.169443 0.578592 0.168607 0.576905 0.168676 0.573945 0.169461 0.572347 0.170036 0.570534 0.170738 0.569220 0.171815 0.568417 0.175428 0.567220 0.176172 0.567432 0.177142 0.569161 0.177627 0.570937 0.178332 0.571640 0.178815 0.573533 0.178575 0.575984 0.179060 0.577482 0.178035 0.580644 0.177561 0.581267 0.176986 0.582410 0.175799 0.582762 0.174817 0.583428 0.173094 0.582941 0.172071 0.582982
0 0.267969 0.114583 0.274219 0.114583 0.275000 0.114583 0.276562 0.116667 0.277344 0.117708 0.278906 0.123958 0.278906 0.125000 0.286719 0.135417 0.287500 0.136458 0.288281 0.143750 0.288281 0.144792 0.285156 0.151042 0.284375 0.152083 0.269531 0.148958 0.268750 0.148958 0.257031 0.139583 0.256250 0.138542 0.256250 0.128125 0.256250 0.127083 0.260937 0.119792 0.261719 0.118750 0.267969 0.114583
0 0.250781 0.547917 0.250781 0.546875 0.250000 0.543750 0.249219 0.543750 0.238281 0.539583 0.235156 0.540625 0.235156 0.541667 0.228125 0.557292 0.228125 0.558333 0.228906 0.562500 0.229687 0.563542 0.231418 0.565272 0.231735 0.566902 0.232618 0.568079 0.233829 0.568506 0.234376 0.568506 0.236817 0.567714 0.237304 0.567248 0.238047 0.566985 0.239460 0.565101 0.240625 0.564583 0.240625 0.563542 0.240986 0.562337 0.241390 0.561617 0.241713 0.560276 0.241937 0.559977 0.242257 0.558240 0.242969 0.557292 0.247656 0.554167 0.248438 0.553125
0 0.146667 0.379025 0.146667 0.377286 0.146406 0.376491 0.146281 0.375165 0.145945 0.374717 0.145484 0.374551 0.144441 0.374550 0.143980 0.374717 0.143384 0.375513 0.143058 0.376758 0.142601 0.377483 0.142109 0.378696 0.139608 0.378952 0.139134 0.378319 0.137257 0.377670 0.136961 0.377276 0.136642 0.377140 0.135310 0.375306 0.134614 0.374842 0.133403 0.374415 0.132621 0.374415 0.131410 0.374842 0.129933 0.376233 0.128702 0.377874 0.127920 0.379264 0.127512 0.381342 0.127512 0.383313 0.127833 0.384927 0.128094 0.385506 0.129150 0.386915 0.130247 0.387233 0.132325 0.386098 0.132487 0.385881 0.133229 0.385611 0.134446 0.385611 0.135068 0.385780 0.135735 0.386611 0.135834 0.387089 0.136865 0.388697 0.137208 0.390022 0.137970 0.390285 0.138278 0.390594 0.138879 0.390594 0.139969 0.390980 0.140456 0.391399 0.141506 0.391399 0.143920 0.391746 0.145131 0.391319 0.146014 0.390142 0.146334 0.388527 0.146014 0.386913 0.145131 0.385736 0.142703 0.384961 0.141100 0.384845 0.139885 0.384419 0.139729 0.383804 0.139871 0.383570 0.140470 0.383332 0.141361 0.382491 0.141947 0.382173 0.142691 0.381297 0.143946 0.381014 0.144500 0.380486 0.146206 0.380087 0.146542 0.379639 0.146667 0.379025
0 0.530054 0.272141 0.529152 0.272411 0.526592 0.269887 0.526424 0.269207 0.525976 0.268371 0.526015 0.267972 0.525822 0.267237 0.525581 0.265571 0.526060 0.264741 0.526657 0.263299 0.528230 0.261548 0.529206 0.260679 0.530763 0.260122 0.531398 0.260337 0.532306 0.259864 0.533084 0.260052 0.533194 0.260084 0.535361 0.260111 0.536659 0.259539 0.538119 0.261214 0.537579 0.263476 0.537580 0.263481 0.538389 0.264284 0.538557 0.265375 0.538305 0.269037 0.537690 0.269871 0.537077 0.271588 0.536446 0.273080 0.535808 0.274246 0.534305 0.274996 0.533164 0.274636 0.532902 0.274286 0.531922 0.274168 0.531528 0.273168 0.530717 0.272011
0 0.568009 0.213558 0.568472 0.212779 0.569726 0.209574 0.569959 0.209658 0.571524 0.209166 0.572456 0.209272 0.572819 0.209885 0.573354 0.210678 0.573445 0.212086 0.573502 0.213769 0.572742 0.215083 0.572606 0.215632 0.572286 0.216502 0.570905 0.217721 0.569953 0.218777 0.567379 0.219089 0.567262 0.219028 0.565756 0.218813 0.565225 0.217696 0.565654 0.216592 0.566927 0.215067
0 0.501486 0.170756 0.501775 0.169814 0.501999 0.167146 0.501194 0.164497 0.500191 0.163708 0.500191 0.162624 0.500840 0.162102 0.500963 0.161245 0.501842 0.159993 0.503573 0.159568 0.505660 0.157998 0.507013 0.157352 0.508144 0.156601 0.509166 0.155705 0.510855 0.154375 0.512559 0.155572 0.512786 0.156368 0.514605 0.157242 0.516111 0.157077 0.516973 0.157834 0.517755 0.159329 0.518392 0.159689 0.518977 0.160562 0.519248 0.161563 0.520162 0.163579 0.520519 0.167098 0.519426 0.168545 0.517606 0.169564 0.517234 0.169906 0.514480 0.171188 0.514326 0.171612 0.513446 0.172647 0.511464 0.174086 0.510164 0.174154 0.508906 0.174554 0.507456 0.174415 0.506106 0.174619 0.504629 0.173840 0.503097 0.172669
0 0.536111 0.143790 0.536258 0.143937 0.536992 0.143408 0.537167 0.143604 0.538930 0.143991 0.540504 0.146735 0.541039 0.147240 0.541131 0.147828 0.541131 0.147830 0.541130 0.147838 0.541061 0.148587 0.541009 0.148691 0.540960 0.149438 0.540224 0.152242 0.539282 0.152195 0.539208 0.152344 0.538582 0.151811 0.538122 0.152165 0.537502 0.152489 0.537254 0.153610 0.536621 0.156058 0.535662 0.157526 0.534772 0.157904 0.533347 0.158356 0.532240 0.158767 0.531917 0.158623 0.531677 0.158174 0.530815 0.156347 0.530365 0.156202 0.530296 0.155896 0.529749 0.154078 0.529677 0.153762 0.529924 0.153640 0.530363 0.152002 0.530896 0.150316 0.531216 0.150187 0.531763 0.147579 0.531983 0.146883 0.531921 0.146485 0.533271 0.145119 0.535154 0.143920
0 0.520444 0.076652 0.520417 0.074405 0.519919 0.073974 0.519469 0.072761 0.519989 0.071551 0.521138 0.071129 0.522930 0.070622 0.523884 0.070266 0.525016 0.071790 0.525854 0.073150 0.526349 0.074880 0.527129 0.075908 0.526991 0.077528 0.526991 0.078446 0.526119 0.078848 0.525438 0.081657 0.526081 0.082839 0.526728 0.084928 0.526138 0.085632 0.525300 0.087076 0.524157 0.086855 0.523144 0.086491 0.521809 0.085739 0.520855 0.086285 0.518667 0.085550 0.517410 0.085902 0.516863 0.084775 0.517052 0.083573 0.518343 0.079298 0.519002 0.078594 0.520182 0.077949
0 0.530553 0.096771 0.529279 0.096315 0.528224 0.096237 0.526606 0.095729 0.526668 0.094137 0.527040 0.093170 0.528310 0.092363 0.530058 0.091976 0.531809 0.091229 0.531844 0.091256 0.532036 0.091225 0.532322 0.091250 0.532429 0.091034 0.532649 0.088536 0.532962 0.084931 0.532992 0.084379 0.532941 0.083869 0.533056 0.083214 0.533098 0.082435 0.533301 0.081147 0.533338 0.079615 0.533666 0.078357 0.534057 0.076525 0.534407 0.075633 0.534483 0.074487 0.535040 0.072801 0.534959 0.072191 0.535022 0.070129 0.535771 0.069210 0.536501 0.068132 0.537756 0.067629 0.538399 0.067396 0.538964 0.067711 0.539428 0.067665 0.540129 0.068149 0.540458 0.068163 0.540884 0.068972 0.540920 0.069407 0.541535 0.071268 0.541745 0.072324 0.542065 0.073150 0.542546 0.073687 0.542990 0.074376 0.543012 0.074757 0.543371 0.075442 0.543305 0.075745 0.543283 0.077284 0.543381 0.077639 0.543294 0.078249 0.543262 0.078287 0.543290 0.079573 0.543736 0.080649 0.544591 0.084214 0.544233 0.086103 0.543941 0.087661 0.543190 0.088827 0.541835 0.089701 0.539872 0.089993 0.539467 0.090165 0.538101 0.090868 0.536796 0.095414 0.536136 0.099610 0.535563 0.102073 0.535140 0.103190 0.534666 0.104954 0.534469 0.105791 0.534402 0.105933 0.534296 0.106329 0.533501 0.107279 0.532231 0.106751 0.531945 0.106282 0.531786 0.106051 0.530814 0.105208 0.530438 0.103352 0.530320 0.101174 0.530655 0.098369
0 0.524801 0.096936 0.526019 0.097371 0.525779 0.099431 0.525024 0.099861 0.524356 0.100545 0.522320 0.101356 0.519539 0.102068 0.517968 0.103106 0.516925 0.104340 0.515971 0.104870 0.514493 0.106435 0.513086 0.107707 0.512939 0.107978 0.512540 0.108895 0.512462 0.109168 0.512096 0.110436 0.513064 0.111356 0.513892 0.112084 0.515711 0.112294 0.515711 0.114184 0.515440 0.114852 0.514590 0.117336 0.512105 0.121441 0.509939 0.119867 0.510308 0.118442 0.509900 0.117696 0.509716 0.117630 0.509031 0.116678 0.508696 0.116758 0.507428 0.116951 0.506029 0.117646 0.504867 0.118074 0.501910 0.120143 0.501320 0.120773 0.500887 0.121738 0.499626 0.122513 0.497639 0.123580 0.495486 0.124183 0.494934 0.124057 0.494669 0.124271 0.493880 0.124556 0.492230 0.125832 0.491332 0.126651 0.491019 0.127974 0.490752 0.129032 0.489634 0.132573 0.489100 0.136290 0.488868 0.136925 0.488763 0.138015 0.488466 0.141000 0.486913 0.142125 0.484793 0.143196 0.483273 0.144815 0.482755 0.145131 0.482488 0.145572 0.481797 0.146083 0.481145 0.146951 0.480850 0.147056 0.480545 0.147690 0.480076 0.147760 0.480017 0.148054 0.479330 0.148755 0.478352 0.148816 0.476703 0.149175 0.476179 0.148838 0.474916 0.149618 0.473752 0.148480 0.471993 0.146484 0.472311 0.145524 0.472330 0.143844 0.472482 0.143076 0.470988 0.140796 0.470779 0.139793 0.471003 0.139169 0.470936 0.138580 0.470848 0.136924 0.471047 0.136328 0.471088 0.133538 0.471426 0.131793 0.471130 0.131883 0.469939 0.132055 0.469547 0.131857 0.469136 0.132080 0.468847 0.131977 0.468462 0.132166 0.468088 0.131992 0.467714 0.132166 0.467403 0.132055 0.466984 0.132289 0.466693 0.132185 0.466435 0.132583 0.466102 0.132702 0.464311 0.133426 0.463420 0.133679 0.462784 0.133899 0.462584 0.134041 0.462399 0.134307 0.462151 0.134376 0.461902 0.134589 0.460484 0.136117 0.459395 0.136802 0.458948 0.136961 0.457919 0.137757 0.457174 0.138526 0.455249 0.139747 0.454011 0.139920 0.453331 0.140211 0.452987 0.140013 0.451630 0.140847 0.449773 0.139906 0.450845 0.138299 0.451184 0.137804 0.451689 0.137666 0.451970 0.137293 0.452968 0.136811 0.454001 0.135313 0.455107 0.133624 0.456889 0.131163 0.458216 0.129988 0.459444 0.128707 0.460545 0.127451 0.461554 0.126846 0.461885 0.126964 0.461927 0.126756 0.462253 0.126321 0.462853 0.125883 0.463689 0.125248 0.464172 0.125102 0.465409 0.123755 0.467350 0.124337 0.468484 0.124289 0.469871 0.125175 0.470637 0.125421 0.471003 0.125917 0.471831 0.126054 0.472665 0.126347 0.474693 0.124947 0.474865 0.124239 0.475308 0.123672 0.476373 0.123226 0.477295 0.121964 0.477851 0.119468 0.477779 0.117203 0.478631 0.116302 0.478862 0.115940 0.479819 0.114812 0.480487 0.113154 0.481263 0.113113 0.481533 0.112882 0.482480 0.112288 0.482848 0.112156 0.483234 0.111422 0.484284 0.110213 0.484985 0.109071 0.486585 0.111928 0.486865 0.112558 0.487028 0.113507 0.486856 0.114171 0.487034 0.114458 0.488049 0.113684 0.489979 0.111547 0.490449 0.110978 0.490885 0.111079 0.491734 0.110475 0.492676 0.109648 0.493150 0.109499 0.494013 0.108510 0.494537 0.108396 0.495216 0.107958 0.495789 0.107578 0.496280 0.107434 0.498028 0.105862 0.499994 0.104767 0.501190 0.103873 0.501208 0.103866 0.501500 0.103415 0.501995 0.102829 0.502669 0.102500 0.502941 0.102062 0.503189 0.101974 0.503649 0.102459 0.503938 0.102532 0.504101 0.102751 0.504816 0.102889 0.506335 0.103022 0.508447 0.102282 0.508652 0.101922 0.509599 0.101619 0.510646 0.102204 0.510803 0.102234 0.511565 0.102159 0.512618 0.101399 0.513064 0.101239 0.513403 0.101364 0.513682 0.101293 0.514439 0.100785 0.514840 0.100194 0.516201 0.098924 0.518511 0.098183 0.519189 0.097841 0.519973 0.097919 0.520223 0.097587 0.520923 0.097519 0.521751 0.097131 0.522795 0.097436 0.524715 0.097065
0 0.838525 0.131578 0.838603 0.133090 0.838331 0.135182 0.837851 0.136451 0.836860 0.138111 0.835532 0.139886 0.834655 0.141214 0.834542 0.141413 0.833751 0.143042 0.832845 0.144872 0.830827 0.144730 0.828347 0.146106 0.827699 0.146397 0.825684 0.146410 0.825069 0.147501 0.822480 0.149960 0.819727 0.150457 0.818245 0.150015 0.817859 0.149951 0.817345 0.149602 0.817175 0.148953 0.816427 0.149027 0.815886 0.149331 0.814518 0.150433 0.812942 0.151367 0.811445 0.151770 0.809841 0.151882 0.808145 0.151704 0.806846 0.151018 0.806230 0.149935 0.805602 0.147529 0.804817 0.145956 0.803821 0.144744 0.803410 0.144845 0.801810 0.143674 0.799831 0.141841 0.799092 0.140391 0.798255 0.137407 0.795456 0.132906 0.795099 0.131141 0.795022 0.126370 0.795404 0.124584 0.795456 0.122983 0.796907 0.119840 0.797232 0.116067 0.797744 0.114011 0.798476 0.113022 0.798893 0.112072 0.802198 0.109715 0.803308 0.108888 0.804517 0.106383 0.806734 0.103964 0.807894 0.103410 0.809063 0.103901 0.809554 0.103854 0.810747 0.104024 0.812295 0.104927 0.813727 0.106090 0.815532 0.107305 0.816654 0.108688 0.817842 0.109750 0.820035 0.110567 0.822706 0.110778 0.823847 0.110225 0.825064 0.107709 0.825866 0.106570 0.828440 0.105077 0.832466 0.106066 0.833497 0.105712 0.834636 0.112428 0.834976 0.114173 0.836299 0.115181 0.836479 0.116875 0.835005 0.118629 0.835261 0.121139 0.835700 0.121962 0.837017 0.123975 0.837268 0.125171 0.837593 0.128262 0.837932 0.129730
