0 0.028125 0.000000 0.032813 0.000000 0.033594 0.001042 0.033594 0.002083 0.033594 0.003125 0.034375 0.004167 0.035156 0.005208 0.035156 0.010417 0.035156 0.011458 0.034375 0.012500 0.034375 0.013542 0.034375 0.014583 0.033594 0.015625 0.033594 0.016667 0.033594 0.017708 0.030469 0.021875 0.029687 0.021875 0.028125 0.023958 0.027344 0.025000 0.027344 0.026042 0.025781 0.028125 0.025000 0.029167 0.023438 0.029167 0.022656 0.030208 0.021875 0.029167 0.020313 0.029167 0.019531 0.028125 0.019531 0.023958 0.020313 0.022917 0.020313 0.017708 0.020313 0.016667 0.019531 0.015625 0.018750 0.015625 0.018750 0.013542 0.018750 0.012500 0.019531 0.011458 0.019531 0.010417 0.019531 0.009375 0.021875 0.006250 0.022656 0.005208 0.025781 0.005208 0.026562 0.005208 0.027344 0.004167 0.028125 0.003125 0.028125 0.000000
0 0.042969 0.000000 0.064844 0.000000 0.065625 0.000000 0.066406 0.001042 0.066406 0.006250 0.066406 0.007292 0.065625 0.008333 0.064844 0.009375 0.063281 0.009375 0.062500 0.009375 0.061719 0.010417 0.060937 0.011458 0.059375 0.011458 0.058594 0.011458 0.057813 0.012500 0.057813 0.013542 0.057031 0.012500 0.056250 0.011458 0.051562 0.011458 0.050781 0.011458 0.050000 0.012500 0.045312 0.012500 0.044531 0.012500 0.043750 0.013542 0.042969 0.013542 0.042969 0.012500 0.042188 0.011458 0.041406 0.011458 0.040625 0.010417 0.040625 0.006250 0.040625 0.005208 0.042188 0.003125 0.042969 0.002083 0.042969 0.000000
0 0.089063 0.000000 0.100000 0.000000 0.100781 0.000000 0.100000 0.001042 0.100000 0.002083 0.098437 0.004167 0.098437 0.005208 0.097656 0.006250 0.096875 0.006250 0.095312 0.008333 0.094531 0.009375 0.094531 0.010417 0.093750 0.011458 0.093750 0.012500 0.092969 0.013542 0.092969 0.017708 0.092188 0.018750 0.091406 0.018750 0.090625 0.017708 0.089063 0.017708 0.088281 0.017708 0.087500 0.016667 0.086719 0.015625 0.086719 0.014583 0.086719 0.013542 0.087500 0.012500 0.087500 0.010417 0.087500 0.009375 0.088281 0.009375 0.089063 0.008333 0.089063 0.000000
0 0.144531 0.000000 0.154688 0.000000 0.155469 0.000000 0.156250 0.001042 0.156250 0.008333 0.156250 0.009375 0.155469 0.010417 0.154688 0.011458 0.154688 0.012500 0.153125 0.014583 0.152344 0.015625 0.151562 0.015625 0.150781 0.015625 0.150000 0.016667 0.149219 0.017708 0.148438 0.017708 0.147656 0.018750 0.146094 0.018750 0.145313 0.019792 0.144531 0.019792 0.143750 0.018750 0.140625 0.018750 0.139844 0.018750 0.139063 0.019792 0.138281 0.019792 0.138281 0.018750 0.135937 0.015625 0.135156 0.014583 0.135156 0.011458 0.135156 0.010417 0.135937 0.009375 0.136719 0.008333 0.136719 0.007292 0.137500 0.006250 0.137500 0.005208 0.142187 0.005208 0.142969 0.005208 0.143750 0.004167 0.144531 0.003125 0.144531 0.000000
0 0.196094 0.000000 0.216406 0.000000 0.217188 0.000000 0.217188 0.001042 0.217188 0.002083 0.216406 0.003125 0.216406 0.004167 0.215625 0.005208 0.215625 0.006250 0.214844 0.007292 0.214062 0.007292 0.213281 0.007292 0.212500 0.008333 0.211719 0.008333 0.210938 0.009375 0.210156 0.009375 0.208594 0.011458 0.207813 0.012500 0.207031 0.011458 0.204687 0.011458 0.203906 0.011458 0.203125 0.010417 0.202344 0.010417 0.201563 0.009375 0.200781 0.008333 0.197656 0.008333 0.196875 0.009375 0.196875 0.008333 0.196094 0.007292 0.195312 0.006250 0.195312 0.004167 0.195312 0.003125 0.196094 0.002083 0.196094 0.000000
0 0.306250 0.000000 0.314844 0.000000 0.315625 0.000000 0.316406 0.001042 0.316406 0.002083 0.317188 0.003125 0.317969 0.004167 0.320312 0.004167 0.321094 0.004167 0.321875 0.005208 0.322656 0.005208 0.323437 0.005208 0.322656 0.006250 0.322656 0.008333 0.322656 0.009375 0.321875 0.010417 0.321094 0.011458 0.317188 0.011458 0.316406 0.011458 0.314844 0.013542 0.314063 0.014583 0.312500 0.014583 0.311719 0.014583 0.310937 0.013542 0.310156 0.013542 0.309375 0.013542 0.309375 0.012500 0.308594 0.011458 0.307812 0.011458 0.307031 0.010417 0.306250 0.009375 0.306250 0.004167 0.305469 0.003125 0.306250 0.002083 0.306250 0.000000
0 0.528125 0.000000 0.534375 0.000000 0.535156 0.001042 0.534375 0.002083 0.533594 0.003125 0.533594 0.004167 0.532813 0.005208 0.532031 0.005208 0.531250 0.005208 0.528125 0.009375 0.527344 0.009375 0.526563 0.010417 0.525781 0.011458 0.525781 0.012500 0.525000 0.013542 0.525000 0.014583 0.524219 0.015625 0.523438 0.015625 0.522656 0.015625 0.521875 0.016667 0.520312 0.016667 0.519531 0.016667 0.519531 0.015625 0.518750 0.014583 0.518750 0.013542 0.517969 0.012500 0.518750 0.011458 0.518750 0.010417 0.518750 0.009375 0.519531 0.008333 0.519531 0.007292 0.521094 0.007292 0.521875 0.007292 0.522656 0.006250 0.523438 0.006250 0.524219 0.006250 0.525000 0.005208 0.525000 0.004167 0.525781 0.004167 0.526563 0.003125 0.527344 0.003125 0.528125 0.002083 0.528125 0.000000
0 0.541406 0.000000 0.556250 0.000000 0.557031 0.000000 0.557813 0.001042 0.557813 0.003125 0.557813 0.004167 0.558594 0.005208 0.558594 0.006250 0.558594 0.007292 0.557813 0.008333 0.557031 0.008333 0.556250 0.009375 0.555469 0.010417 0.554688 0.010417 0.553906 0.011458 0.551562 0.011458 0.550781 0.012500 0.548438 0.012500 0.547656 0.012500 0.546875 0.011458 0.545312 0.011458 0.544531 0.011458 0.544531 0.009375 0.544531 0.008333 0.543750 0.007292 0.542969 0.007292 0.542188 0.006250 0.541406 0.006250 0.541406 0.000000
0 0.692969 0.000000 0.700000 0.000000 0.700781 0.000000 0.701562 0.001042 0.701562 0.002083 0.700781 0.003125 0.700000 0.003125 0.699219 0.004167 0.698438 0.004167 0.697656 0.004167 0.696875 0.003125 0.694531 0.003125 0.693750 0.003125 0.692969 0.002083 0.692969 0.000000
0 0.734375 0.000000 0.761719 0.000000 0.762500 0.000000 0.759375 0.000000 0.758594 0.000000 0.757812 0.001042 0.757812 0.004167 0.757031 0.005208 0.756250 0.005208 0.755469 0.006250 0.754687 0.007292 0.753906 0.007292 0.753125 0.007292 0.750000 0.011458 0.749219 0.012500 0.747656 0.012500 0.746875 0.013542 0.746094 0.013542 0.745313 0.012500 0.744531 0.011458 0.740625 0.011458 0.739844 0.011458 0.738281 0.009375 0.737500 0.008333 0.737500 0.007292 0.735156 0.004167 0.734375 0.003125 0.734375 0.000000
0 0.892969 0.000000 0.897656 0.000000 0.898438 0.001042 0.898438 0.005208 0.898438 0.006250 0.899219 0.007292 0.900000 0.008333 0.900000 0.009375 0.900781 0.010417 0.900781 0.011458 0.900781 0.012500 0.901563 0.013542 0.905469 0.013542 0.906250 0.013542 0.906250 0.014583 0.907031 0.015625 0.907031 0.017708 0.907813 0.018750 0.907031 0.019792 0.907031 0.020833 0.906250 0.021875 0.905469 0.021875 0.904687 0.021875 0.903906 0.022917 0.903125 0.022917 0.902344 0.023958 0.901563 0.025000 0.900781 0.025000 0.900000 0.025000 0.899219 0.026042 0.897656 0.026042 0.896875 0.027083 0.896094 0.027083 0.895312 0.026042 0.894531 0.026042 0.894531 0.025000 0.894531 0.023958 0.893750 0.022917 0.892969 0.021875 0.886719 0.021875 0.885938 0.021875 0.885938 0.020833 0.885156 0.019792 0.884375 0.018750 0.884375 0.016667 0.884375 0.015625 0.883594 0.014583 0.883594 0.011458 0.883594 0.010417 0.884375 0.009375 0.884375 0.008333 0.885156 0.007292 0.885938 0.007292 0.886719 0.006250 0.887500 0.006250 0.888281 0.005208 0.889062 0.004167 0.889844 0.004167 0.890625 0.004167 0.891406 0.003125 0.892188 0.003125 0.892969 0.002083 0.892969 0.000000
0 0.717969 0.005208 0.718750 0.005208 0.719531 0.005208 0.719531 0.006250 0.720313 0.007292 0.721094 0.007292 0.721875 0.008333 0.722656 0.008333 0.721875 0.009375 0.721875 0.010417 0.721094 0.011458 0.721094 0.012500 0.720313 0.013542 0.719531 0.013542 0.717969 0.011458 0.717187 0.011458 0.716406 0.010417 0.716406 0.009375 0.715625 0.008333 0.717969 0.005208
0 0.362500 0.006250 0.367188 0.006250 0.367969 0.006250 0.368750 0.007292 0.370312 0.007292 0.371094 0.007292 0.371094 0.008333 0.374219 0.012500 0.375000 0.012500 0.375000 0.013542 0.375781 0.014583 0.376563 0.014583 0.378125 0.016667 0.378906 0.016667 0.378906 0.018750 0.379688 0.019792 0.378906 0.020833 0.378906 0.021875 0.378125 0.022917 0.378125 0.023958 0.375781 0.027083 0.375000 0.028125 0.374219 0.028125 0.371875 0.031250 0.371094 0.032292 0.370312 0.032292 0.370312 0.031250 0.369531 0.030208 0.366406 0.030208 0.365625 0.030208 0.365625 0.026042 0.364844 0.025000 0.359375 0.025000 0.358594 0.025000 0.358594 0.022917 0.359375 0.021875 0.359375 0.018750 0.359375 0.017708 0.358594 0.016667 0.358594 0.013542 0.358594 0.012500 0.359375 0.011458 0.359375 0.010417 0.360156 0.009375 0.360938 0.008333 0.361719 0.008333 0.362500 0.007292 0.362500 0.006250
0 0.106250 0.017708 0.108594 0.017708 0.109375 0.017708 0.109375 0.018750 0.110156 0.019792 0.110156 0.022917 0.110937 0.023958 0.113281 0.023958 0.114062 0.023958 0.114844 0.025000 0.117188 0.025000 0.117969 0.025000 0.118750 0.026042 0.118750 0.027083 0.118750 0.028125 0.120313 0.030208 0.121094 0.031250 0.121094 0.033333 0.121875 0.034375 0.120313 0.036458 0.119531 0.037500 0.117969 0.037500 0.117188 0.037500 0.116406 0.038542 0.115625 0.038542 0.114844 0.038542 0.114844 0.033333 0.114062 0.032292 0.103125 0.032292 0.102344 0.032292 0.101562 0.031250 0.101562 0.030208 0.100781 0.029167 0.100781 0.027083 0.100781 0.026042 0.101562 0.025000 0.101562 0.023958 0.104688 0.019792 0.104688 0.018750 0.105469 0.018750 0.106250 0.017708
0 0.592969 0.021875 0.593750 0.021875 0.594531 0.021875 0.594531 0.022917 0.594531 0.023958 0.595313 0.025000 0.596094 0.026042 0.598437 0.026042 0.599219 0.026042 0.600000 0.027083 0.601562 0.027083 0.602344 0.027083 0.603125 0.028125 0.603906 0.029167 0.603906 0.030208 0.605469 0.032292 0.606250 0.033333 0.606250 0.034375 0.606250 0.035417 0.607031 0.036458 0.607812 0.036458 0.610156 0.039583 0.610938 0.040625 0.611719 0.040625 0.612500 0.040625 0.612500 0.043750 0.612500 0.044792 0.613281 0.045833 0.613281 0.046875 0.613281 0.047917 0.612500 0.048958 0.610156 0.048958 0.609375 0.048958 0.608594 0.050000 0.608594 0.051042 0.607812 0.052083 0.607031 0.053125 0.607031 0.054167 0.606250 0.055208 0.606250 0.056250 0.604688 0.058333 0.603906 0.059375 0.603125 0.059375 0.602344 0.058333 0.601562 0.058333 0.601562 0.056250 0.600781 0.055208 0.598437 0.055208 0.597656 0.055208 0.596875 0.056250 0.596094 0.056250 0.595313 0.057292 0.595313 0.056250 0.593750 0.054167 0.592969 0.054167 0.592969 0.053125 0.592187 0.052083 0.589844 0.052083 0.589063 0.052083 0.589063 0.051042 0.589063 0.050000 0.588281 0.048958 0.587500 0.048958 0.586719 0.048958 0.586719 0.043750 0.586719 0.042708 0.585938 0.041667 0.585938 0.039583 0.585156 0.038542 0.585156 0.034375 0.585156 0.033333 0.585938 0.032292 0.585938 0.030208 0.585938 0.029167 0.586719 0.029167 0.587500 0.028125 0.587500 0.027083 0.588281 0.026042 0.588281 0.025000 0.589063 0.025000 0.589844 0.023958 0.590625 0.022917 0.591406 0.022917 0.592187 0.022917 0.592969 0.021875
0 0.632812 0.023958 0.634375 0.023958 0.635156 0.023958 0.635938 0.025000 0.635938 0.026042 0.635938 0.027083 0.636719 0.028125 0.637500 0.028125 0.637500 0.029167 0.638281 0.030208 0.637500 0.031250 0.636719 0.032292 0.636719 0.035417 0.635938 0.036458 0.635938 0.040625 0.635938 0.041667 0.635156 0.042708 0.634375 0.042708 0.633594 0.043750 0.632031 0.043750 0.631250 0.043750 0.630469 0.044792 0.629687 0.044792 0.628906 0.045833 0.628125 0.046875 0.626563 0.046875 0.625781 0.046875 0.625000 0.045833 0.624219 0.045833 0.623437 0.044792 0.623437 0.042708 0.622656 0.041667 0.623437 0.040625 0.623437 0.038542 0.623437 0.037500 0.624219 0.036458 0.624219 0.035417 0.626563 0.032292 0.627344 0.031250 0.627344 0.030208 0.629687 0.027083 0.629687 0.026042 0.630469 0.025000 0.631250 0.025000 0.632031 0.025000 0.632812 0.023958
0 0.307812 0.025000 0.308594 0.026042 0.311719 0.026042 0.312500 0.027083 0.312500 0.028125 0.313281 0.029167 0.313281 0.030208 0.314063 0.031250 0.314844 0.031250 0.314844 0.032292 0.314063 0.033333 0.314063 0.034375 0.313281 0.035417 0.305469 0.035417 0.304688 0.035417 0.304688 0.034375 0.303906 0.033333 0.303906 0.030208 0.303906 0.029167 0.304688 0.028125 0.305469 0.028125 0.306250 0.027083 0.306250 0.026042 0.307031 0.026042 0.307812 0.025000
0 0.247656 0.028125 0.250000 0.028125 0.250781 0.028125 0.251563 0.029167 0.252344 0.029167 0.253125 0.029167 0.253125 0.032292 0.253125 0.033333 0.253906 0.034375 0.253906 0.035417 0.254688 0.036458 0.253906 0.037500 0.253906 0.038542 0.253125 0.039583 0.253125 0.040625 0.252344 0.041667 0.252344 0.042708 0.251563 0.043750 0.250781 0.043750 0.246875 0.048958 0.246094 0.048958 0.245312 0.050000 0.245312 0.051042 0.243750 0.053125 0.242969 0.054167 0.242188 0.054167 0.241406 0.055208 0.240625 0.055208 0.239844 0.056250 0.235937 0.056250 0.235156 0.056250 0.234375 0.055208 0.233594 0.055208 0.232813 0.054167 0.232813 0.053125 0.232031 0.052083 0.232031 0.051042 0.231250 0.050000 0.230469 0.048958 0.230469 0.046875 0.229687 0.045833 0.229687 0.041667 0.229687 0.040625 0.230469 0.040625 0.231250 0.039583 0.231250 0.038542 0.232031 0.037500 0.232031 0.036458 0.232031 0.035417 0.232813 0.034375 0.232813 0.033333 0.233594 0.033333 0.234375 0.032292 0.234375 0.031250 0.235156 0.031250 0.235937 0.030208 0.236719 0.029167 0.246094 0.029167 0.246875 0.029167 0.247656 0.028125
0 0.958594 0.032292 0.959375 0.032292 0.960156 0.032292 0.960938 0.033333 0.961719 0.034375 0.961719 0.035417 0.962500 0.036458 0.961719 0.036458 0.960938 0.037500 0.960156 0.037500 0.959375 0.037500 0.958594 0.036458 0.958594 0.032292
0 0.392969 0.033333 0.393750 0.033333 0.394531 0.033333 0.395313 0.034375 0.396094 0.034375 0.396094 0.035417 0.396875 0.036458 0.397656 0.036458 0.398438 0.037500 0.398438 0.038542 0.398438 0.039583 0.399219 0.040625 0.400000 0.041667 0.400781 0.041667 0.401562 0.041667 0.401562 0.048958 0.402344 0.050000 0.401562 0.051042 0.401562 0.052083 0.400781 0.053125 0.400000 0.054167 0.399219 0.054167 0.398438 0.055208 0.396094 0.055208 0.395313 0.055208 0.394531 0.054167 0.393750 0.054167 0.392969 0.054167 0.392188 0.053125 0.391406 0.052083 0.391406 0.047917 0.391406 0.046875 0.390625 0.045833 0.390625 0.043750 0.390625 0.042708 0.391406 0.041667 0.392188 0.040625 0.392188 0.037500 0.392188 0.036458 0.392969 0.035417 0.392969 0.033333
0 0.779687 0.033333 0.779687 0.034375 0.780469 0.035417 0.781250 0.035417 0.782031 0.035417 0.782031 0.036458 0.782813 0.037500 0.783594 0.037500 0.785937 0.040625 0.786719 0.040625 0.786719 0.042708 0.786719 0.043750 0.785937 0.044792 0.785937 0.045833 0.785156 0.046875 0.784375 0.046875 0.783594 0.047917 0.782813 0.048958 0.782031 0.048958 0.781250 0.048958 0.780469 0.047917 0.779687 0.047917 0.779687 0.043750 0.779687 0.042708 0.778906 0.041667 0.778125 0.041667 0.777344 0.040625 0.777344 0.038542 0.777344 0.037500 0.778125 0.036458 0.778125 0.035417 0.778906 0.035417 0.779687 0.034375 0.779687 0.033333
0 0.908594 0.034375 0.910156 0.034375 0.910937 0.035417 0.910937 0.036458 0.911719 0.037500 0.911719 0.040625 0.911719 0.041667 0.910156 0.043750 0.909375 0.044792 0.908594 0.044792 0.907813 0.045833 0.906250 0.045833 0.905469 0.045833 0.904687 0.044792 0.903906 0.044792 0.903125 0.044792 0.903125 0.039583 0.903125 0.038542 0.903906 0.037500 0.903906 0.036458 0.905469 0.036458 0.906250 0.036458 0.907031 0.035417 0.907813 0.035417 0.908594 0.034375
0 0.461719 0.044792 0.463281 0.044792 0.464062 0.044792 0.464062 0.045833 0.464844 0.046875 0.465625 0.047917 0.466406 0.047917 0.467187 0.048958 0.467969 0.048958 0.468750 0.050000 0.469531 0.050000 0.470313 0.050000 0.470313 0.051042 0.471094 0.052083 0.474219 0.052083 0.475000 0.052083 0.475000 0.053125 0.475781 0.054167 0.474219 0.056250 0.473438 0.057292 0.468750 0.057292 0.467969 0.057292 0.467969 0.055208 0.467969 0.054167 0.467187 0.053125 0.465625 0.053125 0.464844 0.053125 0.464844 0.052083 0.463281 0.050000 0.462500 0.048958 0.461719 0.048958 0.460938 0.047917 0.460938 0.046875 0.460156 0.045833 0.460938 0.045833 0.461719 0.044792
0 0.314844 0.046875 0.315625 0.046875 0.316406 0.046875 0.317188 0.047917 0.318750 0.047917 0.319531 0.048958 0.318750 0.050000 0.318750 0.055208 0.318750 0.056250 0.317969 0.057292 0.317188 0.058333 0.316406 0.058333 0.315625 0.059375 0.314844 0.059375 0.314063 0.058333 0.314063 0.057292 0.313281 0.056250 0.312500 0.056250 0.311719 0.056250 0.311719 0.051042 0.311719 0.050000 0.312500 0.048958 0.312500 0.047917 0.313281 0.047917 0.314063 0.047917 0.314844 0.046875
0 0.869531 0.048958 0.870313 0.050000 0.875000 0.050000 0.875781 0.050000 0.875781 0.051042 0.876563 0.052083 0.877344 0.052083 0.877344 0.055208 0.877344 0.056250 0.876563 0.057292 0.876563 0.061458 0.876563 0.062500 0.875781 0.063542 0.875000 0.063542 0.874219 0.064583 0.874219 0.065625 0.873437 0.064583 0.872656 0.064583 0.871875 0.064583 0.871094 0.063542 0.870313 0.062500 0.868750 0.062500 0.867969 0.062500 0.867188 0.061458 0.864844 0.061458 0.864062 0.061458 0.864062 0.057292 0.864062 0.056250 0.864844 0.055208 0.864844 0.052083 0.864844 0.051042 0.865625 0.051042 0.866406 0.050000 0.867969 0.050000 0.868750 0.050000 0.869531 0.048958
0 0.250000 0.057292 0.252344 0.057292 0.253125 0.057292 0.253125 0.058333 0.253906 0.059375 0.255469 0.059375 0.256250 0.059375 0.257031 0.060417 0.257812 0.060417 0.258594 0.061458 0.259375 0.061458 0.260156 0.062500 0.261719 0.062500 0.262500 0.062500 0.263281 0.063542 0.264062 0.063542 0.264062 0.065625 0.264062 0.066667 0.262500 0.068750 0.261719 0.069792 0.260937 0.069792 0.260156 0.070833 0.259375 0.070833 0.258594 0.071875 0.258594 0.072917 0.257812 0.073958 0.257031 0.073958 0.256250 0.075000 0.255469 0.076042 0.254688 0.076042 0.253906 0.077083 0.253125 0.077083 0.252344 0.077083 0.251563 0.076042 0.250781 0.076042 0.250000 0.076042 0.249219 0.075000 0.249219 0.072917 0.249219 0.071875 0.248438 0.070833 0.248438 0.069792 0.248438 0.068750 0.247656 0.067708 0.244531 0.067708 0.243750 0.067708 0.243750 0.065625 0.242969 0.064583 0.246875 0.059375 0.247656 0.058333 0.248438 0.058333 0.249219 0.058333 0.250000 0.057292
0 0.503906 0.057292 0.507812 0.057292 0.508594 0.057292 0.507812 0.058333 0.507812 0.059375 0.507812 0.060417 0.506250 0.062500 0.505469 0.063542 0.504687 0.063542 0.503906 0.062500 0.503125 0.062500 0.503125 0.061458 0.503125 0.060417 0.503906 0.059375 0.503906 0.057292
0 0.342969 0.065625 0.343750 0.066667 0.344531 0.066667 0.345313 0.067708 0.346094 0.068750 0.346094 0.071875 0.346875 0.072917 0.346094 0.073958 0.346094 0.076042 0.346094 0.077083 0.343750 0.080208 0.342969 0.081250 0.342187 0.081250 0.339844 0.084375 0.339062 0.084375 0.339062 0.083333 0.338281 0.082292 0.339062 0.081250 0.339062 0.079167 0.339062 0.078125 0.338281 0.077083 0.337500 0.077083 0.337500 0.071875 0.337500 0.070833 0.338281 0.069792 0.338281 0.068750 0.339062 0.067708 0.339844 0.067708 0.340625 0.067708 0.341406 0.066667 0.342187 0.066667 0.342969 0.065625
0 0.355469 0.070833 0.360156 0.070833 0.360938 0.070833 0.361719 0.071875 0.362500 0.071875 0.363281 0.071875 0.363281 0.072917 0.364063 0.073958 0.363281 0.075000 0.363281 0.076042 0.362500 0.077083 0.362500 0.078125 0.361719 0.079167 0.360938 0.079167 0.360156 0.080208 0.359375 0.080208 0.358594 0.081250 0.357812 0.081250 0.357031 0.081250 0.355469 0.083333 0.354687 0.083333 0.354687 0.082292 0.354687 0.081250 0.353125 0.079167 0.352344 0.079167 0.352344 0.075000 0.352344 0.073958 0.353125 0.072917 0.353906 0.072917 0.355469 0.070833
0 0.375781 0.073958 0.377344 0.073958 0.378125 0.073958 0.378125 0.075000 0.378906 0.076042 0.378906 0.078125 0.378906 0.079167 0.378125 0.080208 0.378125 0.081250 0.377344 0.082292 0.376563 0.082292 0.375781 0.082292 0.374219 0.080208 0.373437 0.080208 0.373437 0.078125 0.373437 0.077083 0.374219 0.077083 0.375000 0.076042 0.375781 0.075000 0.375781 0.073958
0 0.413281 0.078125 0.414062 0.079167 0.415625 0.079167 0.416406 0.079167 0.417187 0.080208 0.417969 0.080208 0.418750 0.080208 0.419531 0.081250 0.420312 0.081250 0.421094 0.082292 0.421875 0.082292 0.421875 0.083333 0.422656 0.084375 0.423438 0.085417 0.422656 0.086458 0.422656 0.092708 0.422656 0.093750 0.421875 0.094792 0.421875 0.095833 0.421094 0.096875 0.420312 0.096875 0.420312 0.095833 0.419531 0.094792 0.417187 0.094792 0.416406 0.094792 0.413281 0.098958 0.412500 0.100000 0.410938 0.100000 0.410156 0.100000 0.409375 0.101042 0.409375 0.102083 0.408594 0.103125 0.407813 0.104167 0.407813 0.105208 0.407813 0.106250 0.407031 0.107292 0.406250 0.107292 0.405469 0.107292 0.405469 0.101042 0.404687 0.100000 0.406250 0.097917 0.407031 0.096875 0.408594 0.096875 0.409375 0.095833 0.409375 0.093750 0.409375 0.092708 0.408594 0.091667 0.408594 0.090625 0.407813 0.089583 0.407813 0.087500 0.407813 0.086458 0.408594 0.085417 0.408594 0.084375 0.409375 0.083333 0.409375 0.082292 0.410156 0.082292 0.410938 0.082292 0.412500 0.080208 0.413281 0.079167 0.413281 0.078125
0 0.889062 0.084375 0.890625 0.084375 0.891406 0.084375 0.891406 0.087500 0.892188 0.088542 0.891406 0.088542 0.890625 0.089583 0.890625 0.090625 0.889844 0.091667 0.889062 0.092708 0.885938 0.092708 0.885156 0.092708 0.885156 0.088542 0.885156 0.087500 0.885938 0.086458 0.886719 0.086458 0.887500 0.085417 0.888281 0.085417 0.889062 0.084375
0 0.553125 0.085417 0.554688 0.085417 0.555469 0.086458 0.555469 0.087500 0.555469 0.088542 0.554688 0.089583 0.554688 0.090625 0.553906 0.091667 0.553906 0.092708 0.553125 0.091667 0.552344 0.091667 0.551562 0.091667 0.551562 0.089583 0.550781 0.088542 0.551562 0.087500 0.551562 0.086458 0.552344 0.086458 0.553125 0.085417
0 0.110937 0.089583 0.112500 0.089583 0.113281 0.089583 0.113281 0.090625 0.114062 0.091667 0.114844 0.091667 0.114844 0.093750 0.114844 0.094792 0.115625 0.095833 0.115625 0.096875 0.114844 0.097917 0.114844 0.098958 0.113281 0.101042 0.112500 0.102083 0.110937 0.102083 0.110156 0.102083 0.109375 0.101042 0.109375 0.100000 0.108594 0.098958 0.107813 0.098958 0.107031 0.098958 0.106250 0.097917 0.105469 0.096875 0.105469 0.093750 0.105469 0.092708 0.106250 0.092708 0.107031 0.091667 0.107813 0.090625 0.109375 0.090625 0.110156 0.090625 0.110937 0.089583
0 0.589844 0.089583 0.590625 0.089583 0.591406 0.089583 0.591406 0.090625 0.592187 0.091667 0.592187 0.094792 0.592187 0.095833 0.592969 0.096875 0.592969 0.097917 0.592969 0.098958 0.593750 0.100000 0.595313 0.100000 0.596094 0.100000 0.596094 0.101042 0.596094 0.102083 0.596875 0.103125 0.597656 0.103125 0.597656 0.104167 0.597656 0.105208 0.599219 0.107292 0.600000 0.108333 0.600781 0.108333 0.601562 0.109375 0.601562 0.110417 0.602344 0.111458 0.602344 0.112500 0.603125 0.113542 0.603125 0.114583 0.602344 0.115625 0.602344 0.116667 0.601562 0.117708 0.600781 0.117708 0.600000 0.118750 0.598437 0.118750 0.597656 0.118750 0.596094 0.120833 0.595313 0.121875 0.592969 0.121875 0.592187 0.121875 0.591406 0.122917 0.590625 0.122917 0.589844 0.123958 0.585156 0.123958 0.584375 0.123958 0.583594 0.122917 0.582812 0.122917 0.582812 0.121875 0.582031 0.120833 0.581250 0.120833 0.580469 0.119792 0.580469 0.118750 0.580469 0.117708 0.579688 0.116667 0.579688 0.114583 0.579688 0.113542 0.578125 0.111458 0.577344 0.110417 0.577344 0.106250 0.577344 0.105208 0.578125 0.104167 0.578125 0.103125 0.578906 0.102083 0.579688 0.102083 0.580469 0.101042 0.580469 0.100000 0.582031 0.100000 0.582812 0.100000 0.583594 0.098958 0.584375 0.097917 0.584375 0.096875 0.584375 0.095833 0.585938 0.093750 0.585938 0.092708 0.586719 0.092708 0.587500 0.091667 0.588281 0.091667 0.589844 0.089583
0 0.053906 0.092708 0.054688 0.093750 0.055469 0.093750 0.057813 0.096875 0.058594 0.097917 0.059375 0.097917 0.059375 0.098958 0.058594 0.100000 0.058594 0.101042 0.058594 0.102083 0.057813 0.103125 0.057031 0.103125 0.055469 0.105208 0.054688 0.106250 0.054688 0.107292 0.053906 0.108333 0.053125 0.108333 0.052344 0.109375 0.051562 0.110417 0.050781 0.110417 0.050000 0.110417 0.050000 0.109375 0.049219 0.108333 0.048438 0.107292 0.046875 0.107292 0.046094 0.107292 0.046094 0.105208 0.046094 0.104167 0.046875 0.103125 0.046875 0.102083 0.046875 0.101042 0.047656 0.100000 0.047656 0.098958 0.048438 0.098958 0.049219 0.098958 0.050000 0.097917 0.050000 0.096875 0.050781 0.096875 0.052344 0.094792 0.052344 0.093750 0.053125 0.093750 0.053906 0.092708
0 0.235937 0.104167 0.236719 0.104167 0.237500 0.104167 0.238281 0.105208 0.239063 0.106250 0.240625 0.106250 0.241406 0.106250 0.241406 0.109375 0.242188 0.110417 0.241406 0.111458 0.241406 0.112500 0.240625 0.113542 0.239844 0.113542 0.239063 0.114583 0.238281 0.114583 0.237500 0.114583 0.236719 0.115625 0.235937 0.115625 0.235156 0.116667 0.234375 0.116667 0.232031 0.119792 0.231250 0.119792 0.231250 0.118750 0.230469 0.117708 0.230469 0.114583 0.230469 0.113542 0.231250 0.112500 0.231250 0.111458 0.231250 0.110417 0.232031 0.110417 0.232813 0.109375 0.232813 0.108333 0.233594 0.107292 0.234375 0.106250 0.235156 0.106250 0.235937 0.105208 0.235937 0.104167
0 0.557813 0.106250 0.560156 0.106250 0.560937 0.106250 0.561719 0.107292 0.562500 0.108333 0.563281 0.108333 0.564063 0.109375 0.564844 0.109375 0.565625 0.109375 0.566406 0.110417 0.567187 0.111458 0.567187 0.112500 0.567969 0.113542 0.568750 0.114583 0.570312 0.114583 0.571094 0.114583 0.571875 0.113542 0.572656 0.113542 0.573438 0.113542 0.574219 0.114583 0.574219 0.116667 0.575000 0.117708 0.574219 0.118750 0.574219 0.119792 0.573438 0.120833 0.570312 0.120833 0.569531 0.120833 0.568750 0.121875 0.568750 0.122917 0.566406 0.126042 0.565625 0.127083 0.565625 0.130208 0.565625 0.131250 0.564844 0.132292 0.564063 0.132292 0.563281 0.133333 0.563281 0.134375 0.561719 0.136458 0.560937 0.137500 0.560156 0.137500 0.559375 0.138542 0.558594 0.138542 0.557813 0.137500 0.557031 0.137500 0.557031 0.135417 0.557031 0.134375 0.556250 0.133333 0.555469 0.133333 0.555469 0.132292 0.554688 0.131250 0.553125 0.131250 0.552344 0.130208 0.552344 0.129167 0.552344 0.128125 0.551562 0.127083 0.551562 0.125000 0.551562 0.123958 0.550781 0.122917 0.550781 0.121875 0.548438 0.118750 0.547656 0.117708 0.547656 0.115625 0.547656 0.114583 0.551562 0.109375 0.552344 0.108333 0.553125 0.108333 0.553906 0.108333 0.554688 0.107292 0.556250 0.107292 0.557031 0.107292 0.557813 0.106250
0 0.152344 0.110417 0.153125 0.110417 0.153906 0.110417 0.154688 0.111458 0.154688 0.112500 0.155469 0.113542 0.156250 0.113542 0.157031 0.113542 0.158594 0.115625 0.159375 0.115625 0.159375 0.116667 0.159375 0.117708 0.160938 0.119792 0.161719 0.120833 0.161719 0.122917 0.162500 0.123958 0.163281 0.123958 0.164062 0.125000 0.165625 0.125000 0.166406 0.125000 0.167187 0.123958 0.167969 0.123958 0.168750 0.122917 0.170313 0.122917 0.171094 0.122917 0.171875 0.123958 0.172656 0.123958 0.172656 0.125000 0.173437 0.126042 0.173437 0.129167 0.174219 0.130208 0.173437 0.130208 0.172656 0.131250 0.172656 0.132292 0.172656 0.133333 0.171875 0.134375 0.171875 0.136458 0.171875 0.137500 0.171094 0.138542 0.170313 0.139583 0.170313 0.140625 0.169531 0.141667 0.168750 0.142708 0.168750 0.147917 0.168750 0.148958 0.169531 0.150000 0.170313 0.151042 0.174219 0.151042 0.175000 0.151042 0.175000 0.154167 0.175000 0.155208 0.177344 0.158333 0.178125 0.159375 0.177344 0.160417 0.177344 0.161458 0.177344 0.162500 0.176563 0.163542 0.175781 0.164583 0.172656 0.164583 0.171875 0.164583 0.170313 0.166667 0.170313 0.167708 0.169531 0.168750 0.168750 0.168750 0.167969 0.169792 0.167969 0.170833 0.167187 0.171875 0.165625 0.171875 0.164844 0.171875 0.164062 0.170833 0.162500 0.170833 0.161719 0.170833 0.160938 0.171875 0.160156 0.172917 0.159375 0.172917 0.158594 0.172917 0.157812 0.173958 0.157031 0.173958 0.156250 0.173958 0.156250 0.172917 0.155469 0.171875 0.154688 0.170833 0.154688 0.168750 0.154688 0.167708 0.155469 0.166667 0.155469 0.165625 0.157812 0.165625 0.158594 0.165625 0.159375 0.164583 0.159375 0.162500 0.159375 0.161458 0.158594 0.160417 0.157812 0.160417 0.157031 0.160417 0.157031 0.157292 0.156250 0.156250 0.150781 0.156250 0.150000 0.155208 0.150000 0.148958 0.150000 0.147917 0.149219 0.146875 0.149219 0.145833 0.149219 0.144792 0.148438 0.143750 0.148438 0.141667 0.148438 0.140625 0.147656 0.139583 0.145313 0.139583 0.144531 0.138542 0.144531 0.136458 0.144531 0.135417 0.142969 0.133333 0.142187 0.132292 0.142187 0.130208 0.142187 0.129167 0.141406 0.128125 0.140625 0.128125 0.140625 0.127083 0.139844 0.126042 0.139844 0.125000 0.139063 0.123958 0.139063 0.122917 0.139063 0.121875 0.139844 0.121875 0.145313 0.114583 0.145313 0.113542 0.146094 0.113542 0.146875 0.113542 0.147656 0.112500 0.149219 0.112500 0.150000 0.112500 0.150781 0.111458 0.151562 0.111458 0.152344 0.110417
0 0.703906 0.114583 0.704688 0.115625 0.704688 0.116667 0.705469 0.117708 0.705469 0.118750 0.706250 0.119792 0.713281 0.119792 0.714063 0.119792 0.714844 0.120833 0.717969 0.120833 0.718750 0.120833 0.719531 0.121875 0.720313 0.121875 0.721094 0.121875 0.721875 0.122917 0.722656 0.123958 0.725000 0.123958 0.725000 0.125000 0.723437 0.127083 0.722656 0.128125 0.717187 0.128125 0.716406 0.128125 0.715625 0.127083 0.713281 0.127083 0.712500 0.127083 0.711719 0.126042 0.708594 0.126042 0.707812 0.125000 0.703906 0.125000 0.703125 0.126042 0.702344 0.125000 0.702344 0.123958 0.702344 0.122917 0.701562 0.121875 0.700781 0.121875 0.700000 0.121875 0.701562 0.121875 0.702344 0.120833 0.702344 0.118750 0.702344 0.117708 0.703125 0.116667 0.703125 0.115625 0.703906 0.114583
0 0.953125 0.128125 0.953906 0.128125 0.954688 0.128125 0.954688 0.133333 0.954688 0.134375 0.953906 0.135417 0.953906 0.136458 0.953125 0.137500 0.952344 0.138542 0.950781 0.138542 0.950000 0.138542 0.950000 0.137500 0.949219 0.136458 0.948438 0.136458 0.948438 0.134375 0.948438 0.133333 0.950000 0.131250 0.950000 0.130208 0.950781 0.130208 0.951562 0.130208 0.953125 0.128125
0 0.051562 0.129167 0.054688 0.129167 0.055469 0.129167 0.057031 0.131250 0.057813 0.132292 0.060937 0.132292 0.061719 0.132292 0.061719 0.133333 0.062500 0.134375 0.064062 0.134375 0.064844 0.134375 0.064844 0.143750 0.065625 0.144792 0.065625 0.146875 0.065625 0.147917 0.064844 0.148958 0.064062 0.150000 0.063281 0.150000 0.062500 0.151042 0.061719 0.151042 0.060937 0.152083 0.057031 0.152083 0.056250 0.152083 0.055469 0.151042 0.055469 0.150000 0.054688 0.148958 0.053906 0.147917 0.053125 0.147917 0.052344 0.146875 0.051562 0.146875 0.050781 0.146875 0.050781 0.145833 0.050000 0.144792 0.050000 0.143750 0.049219 0.142708 0.048438 0.141667 0.048438 0.136458 0.048438 0.135417 0.049219 0.134375 0.050000 0.133333 0.050000 0.132292 0.050781 0.131250 0.051562 0.130208 0.051562 0.129167
0 0.900781 0.131250 0.901563 0.132292 0.902344 0.133333 0.902344 0.134375 0.902344 0.135417 0.903125 0.136458 0.903906 0.137500 0.903906 0.141667 0.904687 0.142708 0.906250 0.142708 0.907031 0.142708 0.907813 0.143750 0.910156 0.143750 0.910937 0.143750 0.911719 0.144792 0.914062 0.144792 0.914844 0.145833 0.914844 0.147917 0.915625 0.148958 0.914844 0.150000 0.914844 0.154167 0.914844 0.155208 0.915625 0.156250 0.915625 0.158333 0.915625 0.159375 0.914844 0.160417 0.914062 0.161458 0.914062 0.163542 0.913281 0.164583 0.903125 0.164583 0.902344 0.164583 0.901563 0.163542 0.898438 0.163542 0.897656 0.163542 0.896875 0.162500 0.895312 0.162500 0.894531 0.162500 0.894531 0.161458 0.893750 0.160417 0.892969 0.159375 0.892969 0.155208 0.892969 0.154167 0.892188 0.153125 0.892188 0.151042 0.892188 0.150000 0.892969 0.148958 0.892969 0.147917 0.893750 0.146875 0.894531 0.145833 0.894531 0.142708 0.894531 0.141667 0.895312 0.141667 0.896094 0.140625 0.896094 0.139583 0.896094 0.138542 0.896875 0.137500 0.896875 0.136458 0.896875 0.135417 0.897656 0.134375 0.897656 0.133333 0.898438 0.133333 0.899219 0.132292 0.900000 0.132292 0.900781 0.131250
0 0.189844 0.141667 0.191406 0.141667 0.192188 0.141667 0.193750 0.143750 0.194531 0.143750 0.194531 0.150000 0.195312 0.151042 0.197656 0.151042 0.198437 0.151042 0.199219 0.152083 0.200000 0.153125 0.200000 0.155208 0.200781 0.156250 0.203906 0.156250 0.204687 0.155208 0.205469 0.156250 0.206250 0.156250 0.207031 0.156250 0.207031 0.158333 0.207813 0.159375 0.207813 0.164583 0.207813 0.165625 0.207031 0.166667 0.207031 0.167708 0.206250 0.168750 0.205469 0.168750 0.204687 0.168750 0.204687 0.167708 0.203906 0.166667 0.202344 0.166667 0.201563 0.166667 0.200781 0.167708 0.200781 0.169792 0.200781 0.170833 0.201563 0.171875 0.203906 0.171875 0.204687 0.171875 0.204687 0.172917 0.206250 0.175000 0.207031 0.176042 0.207813 0.176042 0.208594 0.176042 0.208594 0.178125 0.208594 0.179167 0.209375 0.180208 0.209375 0.181250 0.209375 0.182292 0.210156 0.183333 0.210156 0.184375 0.209375 0.185417 0.209375 0.186458 0.208594 0.187500 0.207813 0.188542 0.207031 0.188542 0.206250 0.189583 0.205469 0.189583 0.204687 0.190625 0.201563 0.190625 0.200781 0.190625 0.200000 0.191667 0.199219 0.192708 0.198437 0.192708 0.197656 0.193750 0.196875 0.193750 0.196094 0.193750 0.195312 0.192708 0.194531 0.192708 0.194531 0.191667 0.193750 0.190625 0.192969 0.189583 0.190625 0.189583 0.189844 0.189583 0.188281 0.187500 0.187500 0.187500 0.187500 0.176042 0.186719 0.175000 0.188281 0.172917 0.188281 0.171875 0.190625 0.168750 0.191406 0.167708 0.191406 0.165625 0.191406 0.164583 0.190625 0.163542 0.189844 0.162500 0.190625 0.161458 0.190625 0.158333 0.190625 0.157292 0.189844 0.156250 0.189844 0.154167 0.189844 0.153125 0.189062 0.152083 0.188281 0.152083 0.187500 0.152083 0.187500 0.151042 0.186719 0.150000 0.186719 0.148958 0.186719 0.147917 0.187500 0.146875 0.187500 0.145833 0.187500 0.144792 0.188281 0.143750 0.188281 0.142708 0.189062 0.142708 0.189844 0.141667
0 0.732812 0.142708 0.734375 0.142708 0.735156 0.142708 0.735938 0.143750 0.735938 0.144792 0.736719 0.145833 0.737500 0.145833 0.738281 0.145833 0.739062 0.146875 0.739844 0.146875 0.739844 0.150000 0.740625 0.151042 0.739844 0.152083 0.739844 0.153125 0.739062 0.154167 0.739062 0.157292 0.739062 0.158333 0.739844 0.159375 0.742969 0.159375 0.743750 0.159375 0.743750 0.160417 0.744531 0.161458 0.744531 0.162500 0.743750 0.163542 0.743750 0.164583 0.742969 0.165625 0.742188 0.166667 0.741406 0.166667 0.740625 0.167708 0.735938 0.167708 0.735156 0.168750 0.734375 0.167708 0.732812 0.167708 0.732031 0.167708 0.731250 0.166667 0.730469 0.166667 0.730469 0.163542 0.729688 0.162500 0.730469 0.162500 0.731250 0.161458 0.732031 0.160417 0.732031 0.158333 0.732031 0.157292 0.731250 0.156250 0.730469 0.155208 0.730469 0.154167 0.729688 0.153125 0.729688 0.148958 0.729688 0.147917 0.730469 0.146875 0.731250 0.145833 0.731250 0.144792 0.732812 0.142708
0 0.430469 0.156250 0.432031 0.156250 0.432812 0.156250 0.432812 0.161458 0.433594 0.162500 0.437500 0.162500 0.438281 0.162500 0.438281 0.163542 0.439063 0.164583 0.436719 0.167708 0.435937 0.168750 0.435156 0.168750 0.434375 0.169792 0.433594 0.170833 0.432812 0.170833 0.432031 0.171875 0.431250 0.171875 0.430469 0.171875 0.429688 0.170833 0.428906 0.169792 0.428125 0.169792 0.427344 0.169792 0.427344 0.167708 0.426563 0.166667 0.427344 0.165625 0.427344 0.162500 0.427344 0.161458 0.428125 0.160417 0.428125 0.159375 0.428125 0.158333 0.428906 0.157292 0.429688 0.157292 0.430469 0.156250
0 0.240625 0.158333 0.241406 0.158333 0.242188 0.158333 0.242188 0.162500 0.242969 0.163542 0.242188 0.164583 0.241406 0.165625 0.240625 0.165625 0.240625 0.164583 0.239844 0.163542 0.239844 0.160417 0.239844 0.159375 0.240625 0.158333
0 0.662500 0.159375 0.666406 0.159375 0.667188 0.159375 0.667969 0.160417 0.670312 0.160417 0.671094 0.160417 0.671875 0.161458 0.672656 0.162500 0.673438 0.162500 0.674219 0.162500 0.673438 0.163542 0.673438 0.166667 0.673438 0.167708 0.672656 0.168750 0.671875 0.169792 0.671094 0.169792 0.670312 0.170833 0.669531 0.170833 0.668750 0.170833 0.667188 0.172917 0.666406 0.173958 0.665625 0.173958 0.664844 0.175000 0.664062 0.173958 0.661719 0.173958 0.660937 0.173958 0.660937 0.172917 0.660156 0.171875 0.658594 0.171875 0.657813 0.171875 0.657813 0.167708 0.657813 0.166667 0.658594 0.165625 0.659375 0.164583 0.659375 0.163542 0.660156 0.162500 0.660156 0.161458 0.660937 0.161458 0.662500 0.159375
0 0.807813 0.163542 0.809375 0.165625 0.810156 0.165625 0.809375 0.166667 0.809375 0.168750 0.808594 0.169792 0.808594 0.173958 0.808594 0.175000 0.807813 0.176042 0.805469 0.176042 0.804688 0.177083 0.803906 0.177083 0.803125 0.177083 0.802344 0.176042 0.801562 0.176042 0.800781 0.175000 0.800000 0.173958 0.800000 0.172917 0.799219 0.171875 0.800781 0.169792 0.800781 0.168750 0.801562 0.167708 0.802344 0.167708 0.803125 0.166667 0.803125 0.165625 0.803906 0.165625 0.804688 0.164583 0.806250 0.164583 0.807031 0.164583 0.807813 0.163542
0 0.457031 0.171875 0.459375 0.171875 0.460156 0.171875 0.460156 0.172917 0.460938 0.173958 0.461719 0.173958 0.460938 0.175000 0.460938 0.180208 0.460938 0.181250 0.460156 0.182292 0.459375 0.183333 0.458594 0.183333 0.457813 0.183333 0.457031 0.184375 0.455469 0.184375 0.454688 0.184375 0.454688 0.183333 0.453906 0.182292 0.453906 0.178125 0.453906 0.177083 0.454688 0.176042 0.454688 0.175000 0.455469 0.173958 0.455469 0.172917 0.456250 0.172917 0.457031 0.171875
0 0.528125 0.173958 0.529687 0.173958 0.530469 0.173958 0.530469 0.175000 0.531250 0.176042 0.532031 0.176042 0.532813 0.176042 0.532813 0.177083 0.533594 0.178125 0.533594 0.179167 0.534375 0.180208 0.535156 0.180208 0.535937 0.181250 0.536719 0.182292 0.536719 0.189583 0.536719 0.190625 0.535937 0.191667 0.535937 0.194792 0.535937 0.195833 0.535156 0.196875 0.535156 0.197917 0.532813 0.201042 0.532031 0.202083 0.529687 0.202083 0.528906 0.202083 0.528125 0.201042 0.525781 0.201042 0.525000 0.201042 0.523438 0.198958 0.522656 0.197917 0.522656 0.196875 0.521875 0.195833 0.521875 0.193750 0.521094 0.192708 0.521875 0.191667 0.522656 0.190625 0.522656 0.187500 0.522656 0.186458 0.523438 0.185417 0.523438 0.183333 0.523438 0.182292 0.524219 0.181250 0.524219 0.180208 0.524219 0.179167 0.525781 0.177083 0.525781 0.176042 0.526563 0.175000 0.527344 0.175000 0.528125 0.173958
0 0.858594 0.177083 0.860156 0.177083 0.860938 0.177083 0.861719 0.178125 0.861719 0.179167 0.862500 0.180208 0.863281 0.180208 0.864062 0.180208 0.864062 0.183333 0.864844 0.184375 0.864062 0.185417 0.863281 0.186458 0.863281 0.188542 0.862500 0.189583 0.861719 0.189583 0.860938 0.189583 0.860156 0.190625 0.859375 0.190625 0.856250 0.194792 0.855469 0.195833 0.853906 0.195833 0.853125 0.195833 0.852344 0.196875 0.851562 0.196875 0.850000 0.194792 0.849219 0.193750 0.849219 0.188542 0.849219 0.187500 0.850000 0.186458 0.850000 0.185417 0.850000 0.184375 0.851562 0.182292 0.852344 0.181250 0.852344 0.180208 0.853125 0.179167 0.853906 0.179167 0.854688 0.179167 0.855469 0.178125 0.857031 0.178125 0.857812 0.178125 0.858594 0.177083
0 0.621875 0.180208 0.624219 0.180208 0.625000 0.180208 0.625000 0.181250 0.626563 0.183333 0.627344 0.184375 0.628906 0.184375 0.629687 0.185417 0.629687 0.189583 0.630469 0.190625 0.630469 0.196875 0.631250 0.197917 0.632031 0.197917 0.632812 0.197917 0.632812 0.198958 0.633594 0.200000 0.635938 0.200000 0.636719 0.200000 0.637500 0.201042 0.639062 0.201042 0.639844 0.202083 0.639844 0.203125 0.640625 0.204167 0.639844 0.205208 0.639844 0.206250 0.638281 0.208333 0.637500 0.209375 0.632031 0.209375 0.631250 0.209375 0.630469 0.210417 0.629687 0.210417 0.628906 0.211458 0.627344 0.209375 0.626563 0.209375 0.626563 0.208333 0.625781 0.207292 0.621875 0.207292 0.621094 0.207292 0.619531 0.205208 0.618750 0.204167 0.617969 0.204167 0.617188 0.203125 0.617188 0.202083 0.616406 0.201042 0.616406 0.196875 0.617188 0.195833 0.617188 0.191667 0.617188 0.190625 0.616406 0.189583 0.616406 0.185417 0.615625 0.184375 0.616406 0.184375 0.617188 0.183333 0.617969 0.183333 0.618750 0.182292 0.619531 0.182292 0.620313 0.181250 0.621094 0.181250 0.621875 0.180208
0 0.839063 0.180208 0.841406 0.180208 0.842187 0.180208 0.842187 0.185417 0.842187 0.186458 0.841406 0.187500 0.840625 0.188542 0.838281 0.188542 0.837500 0.188542 0.836719 0.187500 0.835938 0.186458 0.835938 0.185417 0.835156 0.184375 0.835938 0.183333 0.835938 0.182292 0.836719 0.182292 0.837500 0.182292 0.839063 0.180208
0 0.389844 0.183333 0.390625 0.184375 0.392188 0.184375 0.392969 0.184375 0.392969 0.185417 0.393750 0.186458 0.394531 0.186458 0.395313 0.187500 0.395313 0.188542 0.394531 0.189583 0.393750 0.189583 0.392969 0.190625 0.392969 0.191667 0.392188 0.192708 0.391406 0.192708 0.391406 0.191667 0.389844 0.189583 0.389062 0.189583 0.389062 0.188542 0.388281 0.187500 0.388281 0.186458 0.388281 0.185417 0.389844 0.183333
0 0.641406 0.184375 0.642188 0.184375 0.642969 0.184375 0.643750 0.185417 0.644531 0.185417 0.644531 0.186458 0.645312 0.187500 0.645312 0.188542 0.643750 0.190625 0.642969 0.191667 0.641406 0.191667 0.640625 0.191667 0.639844 0.190625 0.639062 0.189583 0.639062 0.188542 0.638281 0.187500 0.637500 0.187500 0.638281 0.187500 0.639062 0.186458 0.639062 0.185417 0.639844 0.185417 0.640625 0.185417 0.641406 0.184375
0 0.978906 0.187500 0.981250 0.187500 0.982031 0.187500 0.982812 0.188542 0.983594 0.188542 0.984375 0.189583 0.984375 0.190625 0.982812 0.192708 0.982031 0.193750 0.981250 0.193750 0.980469 0.193750 0.980469 0.192708 0.979688 0.191667 0.978906 0.191667 0.978906 0.187500
0 0.696875 0.189583 0.698438 0.191667 0.699219 0.191667 0.700000 0.192708 0.700000 0.193750 0.700000 0.194792 0.700781 0.195833 0.701562 0.195833 0.702344 0.195833 0.702344 0.200000 0.703125 0.201042 0.703125 0.206250 0.703125 0.207292 0.700000 0.211458 0.699219 0.212500 0.698438 0.212500 0.697656 0.213542 0.694531 0.213542 0.693750 0.213542 0.692969 0.214583 0.692187 0.214583 0.691406 0.213542 0.691406 0.208333 0.690625 0.207292 0.690625 0.197917 0.690625 0.196875 0.691406 0.195833 0.691406 0.194792 0.691406 0.193750 0.692187 0.193750 0.693750 0.191667 0.694531 0.190625 0.695312 0.190625 0.696094 0.190625 0.696875 0.189583
0 0.824219 0.190625 0.825781 0.190625 0.826562 0.190625 0.827344 0.191667 0.827344 0.192708 0.828125 0.193750 0.828125 0.194792 0.828906 0.195833 0.829688 0.195833 0.830469 0.196875 0.830469 0.197917 0.829688 0.198958 0.828906 0.200000 0.828906 0.201042 0.828125 0.202083 0.828125 0.203125 0.827344 0.204167 0.825781 0.204167 0.825000 0.204167 0.824219 0.205208 0.823438 0.206250 0.821094 0.206250 0.820312 0.206250 0.819531 0.205208 0.819531 0.203125 0.819531 0.202083 0.820312 0.201042 0.821094 0.200000 0.821094 0.197917 0.821094 0.196875 0.821875 0.195833 0.822656 0.194792 0.822656 0.193750 0.823438 0.192708 0.823438 0.191667 0.824219 0.190625
0 0.141406 0.196875 0.146875 0.196875 0.147656 0.196875 0.147656 0.198958 0.147656 0.200000 0.146875 0.201042 0.146094 0.202083 0.146094 0.207292 0.146094 0.208333 0.145313 0.209375 0.144531 0.209375 0.143750 0.210417 0.142969 0.210417 0.142187 0.211458 0.141406 0.211458 0.140625 0.210417 0.139844 0.210417 0.139063 0.209375 0.139844 0.208333 0.139844 0.207292 0.140625 0.206250 0.140625 0.200000 0.140625 0.198958 0.141406 0.197917 0.141406 0.196875
0 0.754687 0.196875 0.756250 0.196875 0.757031 0.197917 0.761719 0.197917 0.762500 0.197917 0.762500 0.198958 0.762500 0.200000 0.761719 0.201042 0.761719 0.202083 0.761719 0.203125 0.760938 0.204167 0.760156 0.205208 0.760156 0.207292 0.759375 0.208333 0.757812 0.208333 0.757031 0.207292 0.753906 0.207292 0.753125 0.207292 0.753125 0.205208 0.752344 0.204167 0.752344 0.201042 0.752344 0.200000 0.753125 0.198958 0.753125 0.197917 0.753906 0.197917 0.754687 0.196875
0 0.025781 0.197917 0.026562 0.197917 0.027344 0.197917 0.028125 0.198958 0.028906 0.198958 0.029687 0.200000 0.029687 0.201042 0.028906 0.202083 0.028906 0.203125 0.028906 0.204167 0.028125 0.205208 0.027344 0.206250 0.027344 0.209375 0.027344 0.210417 0.026562 0.211458 0.025781 0.211458 0.025000 0.211458 0.024219 0.212500 0.024219 0.213542 0.023438 0.212500 0.022656 0.212500 0.021875 0.212500 0.021875 0.211458 0.021094 0.210417 0.020313 0.210417 0.020313 0.209375 0.019531 0.208333 0.021094 0.206250 0.021875 0.205208 0.021875 0.202083 0.021875 0.201042 0.022656 0.201042 0.023438 0.200000 0.024219 0.200000 0.025781 0.197917
0 0.721094 0.202083 0.721875 0.203125 0.725781 0.203125 0.726562 0.204167 0.726562 0.206250 0.727344 0.207292 0.726562 0.208333 0.726562 0.212500 0.726562 0.213542 0.727344 0.214583 0.728125 0.214583 0.728906 0.214583 0.728906 0.215625 0.729688 0.216667 0.730469 0.216667 0.731250 0.217708 0.730469 0.217708 0.729688 0.218750 0.728906 0.218750 0.728125 0.219792 0.727344 0.219792 0.726562 0.219792 0.726562 0.217708 0.725781 0.216667 0.721875 0.216667 0.721094 0.216667 0.720313 0.215625 0.719531 0.215625 0.718750 0.214583 0.718750 0.213542 0.717969 0.212500 0.717187 0.212500 0.717187 0.206250 0.717187 0.205208 0.717969 0.205208 0.718750 0.205208 0.719531 0.204167 0.719531 0.203125 0.720313 0.203125 0.721094 0.202083
0 0.415625 0.203125 0.419531 0.203125 0.420312 0.203125 0.422656 0.206250 0.423438 0.206250 0.423438 0.207292 0.424219 0.208333 0.424219 0.210417 0.424219 0.211458 0.423438 0.212500 0.423438 0.213542 0.422656 0.214583 0.422656 0.215625 0.421875 0.216667 0.421094 0.216667 0.417187 0.221875 0.416406 0.222917 0.415625 0.222917 0.414844 0.223958 0.410938 0.223958 0.410156 0.223958 0.407813 0.227083 0.407031 0.228125 0.402344 0.228125 0.401562 0.228125 0.400781 0.229167 0.400000 0.230208 0.400000 0.231250 0.398438 0.233333 0.397656 0.233333 0.396875 0.232292 0.396875 0.231250 0.396094 0.230208 0.396094 0.229167 0.395313 0.228125 0.396094 0.227083 0.396875 0.226042 0.397656 0.226042 0.398438 0.225000 0.401562 0.225000 0.402344 0.225000 0.403125 0.223958 0.403125 0.222917 0.403125 0.221875 0.403906 0.220833 0.404687 0.219792 0.404687 0.218750 0.405469 0.217708 0.405469 0.213542 0.405469 0.212500 0.407031 0.212500 0.407813 0.212500 0.408594 0.211458 0.409375 0.211458 0.410156 0.211458 0.410938 0.210417 0.410938 0.209375 0.411719 0.208333 0.411719 0.207292 0.412500 0.207292 0.413281 0.206250 0.413281 0.205208 0.414062 0.205208 0.415625 0.203125
0 0.572656 0.204167 0.574219 0.204167 0.575000 0.204167 0.575781 0.205208 0.576562 0.205208 0.577344 0.205208 0.578125 0.206250 0.578125 0.207292 0.578906 0.208333 0.579688 0.208333 0.579688 0.209375 0.580469 0.210417 0.581250 0.210417 0.581250 0.214583 0.581250 0.215625 0.582812 0.217708 0.582812 0.218750 0.582031 0.219792 0.582031 0.220833 0.581250 0.221875 0.581250 0.222917 0.580469 0.223958 0.580469 0.225000 0.578906 0.227083 0.578125 0.228125 0.577344 0.228125 0.574219 0.232292 0.573438 0.233333 0.571875 0.233333 0.571094 0.233333 0.569531 0.235417 0.568750 0.235417 0.568750 0.234375 0.567969 0.233333 0.567187 0.233333 0.566406 0.232292 0.566406 0.231250 0.565625 0.230208 0.564063 0.230208 0.563281 0.229167 0.564063 0.228125 0.564063 0.227083 0.564063 0.226042 0.564844 0.225000 0.565625 0.223958 0.565625 0.222917 0.567187 0.220833 0.567969 0.219792 0.567969 0.218750 0.567969 0.217708 0.568750 0.216667 0.568750 0.215625 0.569531 0.214583 0.570312 0.214583 0.571094 0.213542 0.571094 0.208333 0.571094 0.207292 0.571875 0.207292 0.572656 0.206250 0.572656 0.204167
0 0.269531 0.220833 0.273438 0.220833 0.274219 0.220833 0.275000 0.221875 0.275000 0.223958 0.275000 0.225000 0.276562 0.227083 0.277344 0.228125 0.277344 0.229167 0.278125 0.230208 0.278906 0.230208 0.278906 0.232292 0.279687 0.233333 0.278906 0.234375 0.278906 0.235417 0.278906 0.236458 0.278125 0.237500 0.277344 0.238542 0.277344 0.239583 0.277344 0.240625 0.276562 0.241667 0.276562 0.242708 0.275781 0.243750 0.274219 0.243750 0.273438 0.243750 0.272656 0.244792 0.271875 0.244792 0.271094 0.244792 0.271094 0.243750 0.270313 0.242708 0.270313 0.236458 0.270313 0.235417 0.268750 0.233333 0.267969 0.233333 0.267969 0.232292 0.267188 0.231250 0.267188 0.230208 0.266406 0.229167 0.267188 0.228125 0.267188 0.227083 0.267188 0.226042 0.267969 0.225000 0.267969 0.223958 0.267969 0.222917 0.269531 0.220833
0 0.927344 0.220833 0.928125 0.220833 0.928906 0.220833 0.929688 0.221875 0.931250 0.221875 0.932031 0.222917 0.932031 0.223958 0.931250 0.225000 0.931250 0.226042 0.930469 0.227083 0.930469 0.229167 0.930469 0.230208 0.929688 0.231250 0.928125 0.231250 0.927344 0.231250 0.926562 0.232292 0.924219 0.232292 0.923438 0.232292 0.922656 0.231250 0.923438 0.230208 0.923438 0.227083 0.923438 0.226042 0.925781 0.222917 0.925781 0.221875 0.926562 0.221875 0.927344 0.220833
0 0.801562 0.228125 0.802344 0.228125 0.803125 0.228125 0.803125 0.233333 0.803906 0.234375 0.803125 0.234375 0.802344 0.235417 0.800781 0.235417 0.800000 0.235417 0.799219 0.234375 0.799219 0.232292 0.799219 0.231250 0.800000 0.231250 0.800781 0.230208 0.801562 0.229167 0.801562 0.228125
0 0.991406 0.232292 0.992188 0.232292 0.992969 0.232292 0.993750 0.233333 0.994531 0.234375 0.994531 0.235417 0.994531 0.236458 0.995313 0.237500 0.995313 0.238542 0.996094 0.239583 0.996094 0.241667 0.996094 0.242708 0.996875 0.243750 0.996875 0.244792 0.997656 0.245833 0.998437 0.245833 0.999219 0.245833 0.999219 0.259375 0.998437 0.260417 0.997656 0.259375 0.996094 0.259375 0.995313 0.259375 0.994531 0.258333 0.994531 0.257292 0.993750 0.256250 0.992188 0.256250 0.991406 0.255208 0.991406 0.253125 0.992188 0.252083 0.992188 0.248958 0.992188 0.247917 0.991406 0.246875 0.990625 0.246875 0.990625 0.245833 0.989844 0.244792 0.989844 0.240625 0.989062 0.239583 0.989062 0.235417 0.989062 0.234375 0.989844 0.233333 0.990625 0.233333 0.991406 0.232292
0 0.648438 0.233333 0.649219 0.234375 0.650000 0.234375 0.650781 0.235417 0.650781 0.236458 0.651563 0.237500 0.651563 0.238542 0.652344 0.239583 0.653125 0.239583 0.652344 0.240625 0.652344 0.241667 0.650000 0.244792 0.649219 0.245833 0.649219 0.246875 0.648438 0.247917 0.648438 0.248958 0.646875 0.251042 0.646094 0.252083 0.644531 0.252083 0.643750 0.252083 0.642969 0.251042 0.640625 0.251042 0.639844 0.251042 0.639062 0.250000 0.638281 0.250000 0.638281 0.245833 0.638281 0.244792 0.639062 0.243750 0.639062 0.242708 0.639844 0.242708 0.640625 0.242708 0.641406 0.241667 0.642188 0.241667 0.642969 0.240625 0.642969 0.239583 0.644531 0.239583 0.645312 0.239583 0.646094 0.238542 0.646094 0.237500 0.646875 0.236458 0.646875 0.235417 0.648438 0.233333
0 0.475781 0.234375 0.476562 0.234375 0.477344 0.234375 0.476562 0.235417 0.476562 0.239583 0.476562 0.240625 0.475781 0.241667 0.475781 0.242708 0.475781 0.243750 0.475000 0.244792 0.474219 0.244792 0.473438 0.245833 0.472656 0.246875 0.470313 0.246875 0.469531 0.246875 0.469531 0.245833 0.469531 0.244792 0.467969 0.242708 0.467187 0.241667 0.467187 0.240625 0.467187 0.239583 0.467969 0.238542 0.467969 0.237500 0.468750 0.236458 0.469531 0.235417 0.474219 0.235417 0.475000 0.235417 0.475781 0.234375
0 0.336719 0.236458 0.337500 0.236458 0.338281 0.236458 0.338281 0.237500 0.338281 0.238542 0.339062 0.239583 0.339844 0.240625 0.340625 0.240625 0.342187 0.242708 0.342969 0.242708 0.342969 0.243750 0.343750 0.244792 0.343750 0.245833 0.342969 0.246875 0.342969 0.247917 0.342187 0.248958 0.341406 0.248958 0.340625 0.250000 0.335938 0.250000 0.335156 0.250000 0.334375 0.251042 0.333594 0.251042 0.333594 0.250000 0.333594 0.248958 0.332813 0.247917 0.332031 0.247917 0.332031 0.244792 0.332031 0.243750 0.332813 0.242708 0.332813 0.241667 0.333594 0.240625 0.333594 0.239583 0.334375 0.238542 0.335156 0.237500 0.335938 0.237500 0.336719 0.236458
0 0.783594 0.237500 0.787500 0.237500 0.788281 0.237500 0.789062 0.238542 0.789844 0.238542 0.789844 0.239583 0.791406 0.241667 0.792188 0.242708 0.792188 0.243750 0.792969 0.244792 0.794531 0.244792 0.795312 0.244792 0.796094 0.243750 0.796094 0.242708 0.798438 0.242708 0.799219 0.242708 0.799219 0.243750 0.800781 0.245833 0.800781 0.246875 0.801562 0.247917 0.802344 0.247917 0.802344 0.248958 0.801562 0.250000 0.800781 0.251042 0.798438 0.251042 0.797656 0.252083 0.796875 0.252083 0.796875 0.251042 0.795312 0.248958 0.794531 0.247917 0.792188 0.247917 0.791406 0.247917 0.790625 0.248958 0.789844 0.250000 0.789062 0.250000 0.788281 0.251042 0.787500 0.252083 0.786719 0.251042 0.785937 0.251042 0.785156 0.251042 0.784375 0.250000 0.784375 0.248958 0.783594 0.247917 0.783594 0.246875 0.783594 0.245833 0.782813 0.244792 0.782031 0.244792 0.782031 0.242708 0.781250 0.241667 0.782031 0.240625 0.782031 0.239583 0.782813 0.239583 0.783594 0.238542 0.783594 0.237500
0 0.909375 0.240625 0.910156 0.240625 0.910937 0.240625 0.911719 0.241667 0.913281 0.241667 0.914062 0.241667 0.914062 0.245833 0.914844 0.246875 0.914062 0.246875 0.913281 0.247917 0.913281 0.251042 0.913281 0.252083 0.912500 0.253125 0.911719 0.254167 0.911719 0.255208 0.910937 0.256250 0.907813 0.256250 0.907031 0.257292 0.907031 0.256250 0.906250 0.255208 0.905469 0.254167 0.903125 0.254167 0.902344 0.254167 0.901563 0.253125 0.900781 0.253125 0.900000 0.252083 0.899219 0.251042 0.899219 0.247917 0.899219 0.246875 0.900000 0.245833 0.900781 0.244792 0.900781 0.243750 0.901563 0.242708 0.902344 0.241667 0.903906 0.241667 0.904687 0.241667 0.905469 0.242708 0.907031 0.242708 0.907813 0.242708 0.909375 0.240625
0 0.000000 0.241667 0.001563 0.241667 0.002344 0.241667 0.001563 0.242708 0.001563 0.246875 0.001563 0.247917 0.000781 0.248958 0.000000 0.250000 0.000000 0.253125 0.000000 0.254167 0.000781 0.255208 0.001563 0.255208 0.001563 0.256250 0.001563 0.257292 0.000781 0.258333 0.000000 0.259375 0.000000 0.241667
0 0.969531 0.250000 0.970313 0.251042 0.971875 0.251042 0.972656 0.251042 0.972656 0.254167 0.971875 0.255208 0.971875 0.262500 0.971875 0.263542 0.972656 0.264583 0.972656 0.265625 0.973437 0.266667 0.972656 0.266667 0.971875 0.267708 0.971875 0.268750 0.971094 0.269792 0.969531 0.269792 0.968750 0.270833 0.966406 0.270833 0.965625 0.270833 0.964844 0.269792 0.965625 0.268750 0.965625 0.265625 0.964844 0.264583 0.964844 0.262500 0.965625 0.261458 0.965625 0.256250 0.965625 0.255208 0.966406 0.254167 0.966406 0.253125 0.967187 0.252083 0.967969 0.251042 0.968750 0.251042 0.969531 0.250000
0 0.181250 0.258333 0.182031 0.258333 0.182812 0.258333 0.183594 0.259375 0.184375 0.260417 0.184375 0.261458 0.184375 0.262500 0.183594 0.263542 0.183594 0.264583 0.183594 0.265625 0.182812 0.266667 0.182031 0.266667 0.181250 0.267708 0.180469 0.267708 0.180469 0.266667 0.179688 0.265625 0.178906 0.265625 0.177344 0.263542 0.176563 0.262500 0.177344 0.261458 0.177344 0.260417 0.178125 0.260417 0.178906 0.259375 0.179688 0.259375 0.180469 0.259375 0.181250 0.258333
0 0.830469 0.262500 0.831250 0.262500 0.832031 0.262500 0.832812 0.263542 0.832812 0.264583 0.833594 0.265625 0.839844 0.265625 0.840625 0.265625 0.841406 0.266667 0.842187 0.267708 0.842187 0.271875 0.842187 0.272917 0.839063 0.277083 0.839063 0.278125 0.838281 0.279167 0.837500 0.280208 0.836719 0.280208 0.835938 0.279167 0.833594 0.279167 0.832812 0.279167 0.832812 0.278125 0.832031 0.277083 0.831250 0.277083 0.831250 0.273958 0.831250 0.272917 0.830469 0.271875 0.828906 0.271875 0.828125 0.271875 0.827344 0.272917 0.827344 0.278125 0.827344 0.279167 0.826562 0.280208 0.826562 0.282292 0.826562 0.283333 0.825781 0.284375 0.825000 0.285417 0.825000 0.286458 0.824219 0.287500 0.823438 0.287500 0.822656 0.287500 0.821875 0.288542 0.821875 0.289583 0.821094 0.290625 0.820312 0.290625 0.819531 0.290625 0.818750 0.291667 0.817969 0.291667 0.817187 0.292708 0.816406 0.293750 0.813281 0.293750 0.812500 0.293750 0.810156 0.290625 0.809375 0.290625 0.809375 0.283333 0.808594 0.282292 0.808594 0.280208 0.809375 0.279167 0.809375 0.269792 0.809375 0.268750 0.810156 0.268750 0.810937 0.267708 0.811719 0.267708 0.812500 0.266667 0.813281 0.265625 0.814063 0.265625 0.814844 0.265625 0.815625 0.266667 0.816406 0.266667 0.817187 0.267708 0.817969 0.267708 0.818750 0.268750 0.818750 0.269792 0.819531 0.270833 0.821094 0.270833 0.821875 0.271875 0.826562 0.271875 0.827344 0.271875 0.828125 0.270833 0.828125 0.266667 0.828125 0.265625 0.830469 0.262500
0 0.518750 0.266667 0.521875 0.266667 0.522656 0.266667 0.523438 0.267708 0.524219 0.267708 0.524219 0.268750 0.524219 0.269792 0.521094 0.273958 0.520312 0.275000 0.519531 0.275000 0.518750 0.275000 0.518750 0.273958 0.517969 0.272917 0.517188 0.271875 0.517969 0.270833 0.517969 0.269792 0.517969 0.268750 0.518750 0.267708 0.518750 0.266667
0 0.157812 0.267708 0.159375 0.267708 0.160156 0.268750 0.164062 0.268750 0.164844 0.268750 0.165625 0.269792 0.166406 0.269792 0.167187 0.270833 0.168750 0.270833 0.169531 0.271875 0.169531 0.277083 0.169531 0.278125 0.167187 0.281250 0.166406 0.282292 0.166406 0.283333 0.165625 0.284375 0.164062 0.284375 0.163281 0.283333 0.157812 0.283333 0.157031 0.283333 0.156250 0.282292 0.154688 0.282292 0.153906 0.281250 0.153906 0.278125 0.153125 0.277083 0.153906 0.276042 0.153906 0.275000 0.154688 0.273958 0.154688 0.272917 0.155469 0.271875 0.155469 0.270833 0.157812 0.267708
0 0.750781 0.269792 0.753906 0.269792 0.754687 0.269792 0.755469 0.270833 0.755469 0.271875 0.756250 0.272917 0.756250 0.273958 0.755469 0.275000 0.755469 0.276042 0.754687 0.277083 0.752344 0.277083 0.751563 0.277083 0.751563 0.276042 0.751563 0.275000 0.750781 0.273958 0.750000 0.272917 0.750000 0.271875 0.750000 0.270833 0.750781 0.269792
0 0.078125 0.271875 0.078906 0.271875 0.079687 0.271875 0.080469 0.272917 0.081250 0.273958 0.085156 0.273958 0.085938 0.272917 0.086719 0.273958 0.087500 0.273958 0.088281 0.273958 0.088281 0.275000 0.089063 0.276042 0.089063 0.277083 0.089063 0.278125 0.089844 0.279167 0.089844 0.280208 0.089844 0.281250 0.090625 0.282292 0.090625 0.283333 0.091406 0.284375 0.091406 0.286458 0.091406 0.287500 0.092188 0.288542 0.092188 0.289583 0.092188 0.290625 0.092969 0.291667 0.094531 0.291667 0.095312 0.291667 0.095312 0.292708 0.096094 0.293750 0.096094 0.294792 0.096094 0.295833 0.095312 0.296875 0.095312 0.300000 0.094531 0.301042 0.094531 0.306250 0.094531 0.307292 0.093750 0.308333 0.092969 0.309375 0.092969 0.311458 0.092188 0.312500 0.090625 0.312500 0.089844 0.312500 0.089063 0.313542 0.087500 0.313542 0.086719 0.313542 0.085156 0.315625 0.084375 0.315625 0.084375 0.314583 0.083594 0.313542 0.083594 0.312500 0.083594 0.311458 0.082812 0.310417 0.082031 0.310417 0.081250 0.310417 0.081250 0.309375 0.080469 0.308333 0.079687 0.308333 0.078906 0.307292 0.078906 0.306250 0.078906 0.305208 0.077344 0.303125 0.076563 0.302083 0.075781 0.302083 0.075000 0.301042 0.075000 0.300000 0.074219 0.298958 0.073438 0.297917 0.073438 0.296875 0.072656 0.295833 0.072656 0.294792 0.071875 0.293750 0.072656 0.293750 0.073438 0.292708 0.073438 0.289583 0.073438 0.288542 0.074219 0.287500 0.075000 0.286458 0.075000 0.284375 0.075000 0.283333 0.074219 0.282292 0.074219 0.281250 0.074219 0.280208 0.075000 0.279167 0.075000 0.278125 0.075781 0.277083 0.075781 0.275000 0.075781 0.273958 0.076563 0.272917 0.077344 0.272917 0.078125 0.271875
0 0.038281 0.272917 0.039062 0.273958 0.040625 0.273958 0.041406 0.273958 0.041406 0.275000 0.042188 0.276042 0.041406 0.276042 0.040625 0.277083 0.039844 0.278125 0.038281 0.278125 0.037500 0.279167 0.036719 0.278125 0.035937 0.278125 0.035937 0.276042 0.035156 0.275000 0.035937 0.275000 0.036719 0.273958 0.037500 0.273958 0.038281 0.272917
0 0.577344 0.280208 0.578125 0.280208 0.578906 0.280208 0.579688 0.281250 0.580469 0.281250 0.581250 0.281250 0.582031 0.282292 0.582812 0.282292 0.584375 0.284375 0.585156 0.285417 0.585156 0.287500 0.585156 0.288542 0.585938 0.289583 0.586719 0.289583 0.587500 0.289583 0.587500 0.290625 0.587500 0.291667 0.588281 0.292708 0.588281 0.293750 0.589063 0.294792 0.589063 0.297917 0.589063 0.298958 0.589844 0.300000 0.590625 0.300000 0.591406 0.301042 0.591406 0.302083 0.589063 0.305208 0.588281 0.306250 0.587500 0.306250 0.586719 0.307292 0.585938 0.307292 0.585938 0.306250 0.585156 0.305208 0.584375 0.305208 0.583594 0.304167 0.582812 0.304167 0.582812 0.303125 0.582812 0.302083 0.582031 0.301042 0.581250 0.300000 0.580469 0.300000 0.579688 0.298958 0.577344 0.298958 0.576562 0.298958 0.575781 0.297917 0.575000 0.297917 0.575000 0.296875 0.574219 0.295833 0.574219 0.291667 0.575000 0.290625 0.575000 0.285417 0.575000 0.284375 0.575781 0.283333 0.575781 0.282292 0.577344 0.280208
0 0.602344 0.292708 0.603125 0.292708 0.603906 0.292708 0.603906 0.294792 0.603906 0.295833 0.603125 0.296875 0.603125 0.297917 0.603125 0.298958 0.600781 0.302083 0.600781 0.303125 0.600000 0.302083 0.599219 0.301042 0.599219 0.298958 0.599219 0.297917 0.600000 0.296875 0.600781 0.295833 0.600781 0.294792 0.602344 0.292708
0 0.840625 0.296875 0.841406 0.296875 0.842187 0.296875 0.842187 0.297917 0.842969 0.298958 0.843750 0.298958 0.843750 0.300000 0.843750 0.301042 0.844531 0.302083 0.845313 0.302083 0.844531 0.302083 0.843750 0.302083 0.842187 0.304167 0.841406 0.305208 0.840625 0.305208 0.840625 0.304167 0.839844 0.303125 0.840625 0.302083 0.840625 0.296875
0 0.875000 0.304167 0.879687 0.304167 0.880469 0.304167 0.880469 0.305208 0.881250 0.306250 0.882031 0.307292 0.881250 0.307292 0.880469 0.308333 0.880469 0.311458 0.880469 0.312500 0.878906 0.314583 0.878125 0.315625 0.878125 0.316667 0.878125 0.317708 0.877344 0.318750 0.877344 0.319792 0.875781 0.321875 0.875000 0.322917 0.875000 0.327083 0.875000 0.328125 0.874219 0.329167 0.873437 0.330208 0.872656 0.330208 0.871875 0.331250 0.870313 0.331250 0.869531 0.330208 0.866406 0.330208 0.865625 0.330208 0.865625 0.329167 0.864844 0.328125 0.864062 0.328125 0.862500 0.326042 0.861719 0.326042 0.861719 0.323958 0.861719 0.322917 0.862500 0.321875 0.862500 0.320833 0.862500 0.319792 0.863281 0.319792 0.865625 0.316667 0.866406 0.315625 0.867188 0.315625 0.867969 0.314583 0.867969 0.311458 0.867969 0.310417 0.868750 0.310417 0.869531 0.310417 0.870313 0.309375 0.870313 0.308333 0.870313 0.307292 0.871094 0.307292 0.871875 0.307292 0.872656 0.306250 0.872656 0.305208 0.873437 0.305208 0.874219 0.305208 0.875000 0.304167
0 0.310937 0.311458 0.313281 0.311458 0.314063 0.311458 0.314063 0.312500 0.314063 0.313542 0.314844 0.314583 0.315625 0.314583 0.317188 0.316667 0.317969 0.317708 0.317969 0.318750 0.318750 0.319792 0.319531 0.319792 0.319531 0.320833 0.319531 0.321875 0.320312 0.322917 0.321094 0.323958 0.320312 0.325000 0.320312 0.326042 0.319531 0.327083 0.319531 0.328125 0.317969 0.330208 0.317188 0.331250 0.316406 0.331250 0.315625 0.332292 0.315625 0.336458 0.314844 0.337500 0.314063 0.337500 0.313281 0.337500 0.313281 0.334375 0.313281 0.333333 0.311719 0.331250 0.310937 0.331250 0.307812 0.327083 0.307031 0.327083 0.307031 0.323958 0.306250 0.322917 0.307031 0.321875 0.307031 0.320833 0.307812 0.319792 0.307812 0.318750 0.307812 0.317708 0.308594 0.316667 0.308594 0.315625 0.309375 0.314583 0.309375 0.313542 0.309375 0.312500 0.310156 0.312500 0.310937 0.311458
0 0.040625 0.312500 0.041406 0.313542 0.042188 0.313542 0.042969 0.314583 0.042969 0.315625 0.042969 0.316667 0.044531 0.318750 0.045312 0.319792 0.045312 0.325000 0.045312 0.326042 0.044531 0.327083 0.043750 0.328125 0.042969 0.328125 0.042188 0.329167 0.039844 0.329167 0.039062 0.330208 0.039062 0.329167 0.038281 0.328125 0.037500 0.328125 0.037500 0.327083 0.037500 0.326042 0.036719 0.325000 0.035937 0.325000 0.035156 0.323958 0.034375 0.323958 0.033594 0.322917 0.032813 0.322917 0.032813 0.321875 0.032813 0.320833 0.033594 0.319792 0.034375 0.318750 0.035156 0.318750 0.035937 0.317708 0.036719 0.317708 0.037500 0.316667 0.037500 0.315625 0.038281 0.314583 0.039062 0.314583 0.040625 0.312500
0 0.763281 0.312500 0.764844 0.312500 0.765625 0.312500 0.766406 0.313542 0.768750 0.313542 0.769531 0.313542 0.768750 0.314583 0.768750 0.315625 0.767969 0.316667 0.767969 0.317708 0.766406 0.319792 0.765625 0.320833 0.765625 0.319792 0.764844 0.318750 0.764062 0.317708 0.763281 0.317708 0.762500 0.317708 0.762500 0.314583 0.762500 0.313542 0.763281 0.312500
0 0.014063 0.314583 0.017188 0.314583 0.017969 0.314583 0.015625 0.317708 0.014844 0.318750 0.013281 0.318750 0.012500 0.317708 0.013281 0.316667 0.013281 0.315625 0.014063 0.314583
0 0.541406 0.318750 0.542188 0.319792 0.542969 0.319792 0.542969 0.321875 0.542969 0.322917 0.543750 0.323958 0.543750 0.325000 0.545312 0.327083 0.546094 0.328125 0.546094 0.330208 0.545312 0.331250 0.545312 0.337500 0.544531 0.338542 0.543750 0.338542 0.542969 0.338542 0.541406 0.336458 0.540625 0.336458 0.539844 0.335417 0.539844 0.333333 0.539844 0.332292 0.536719 0.328125 0.535937 0.328125 0.535937 0.327083 0.535156 0.326042 0.535156 0.325000 0.535156 0.323958 0.535937 0.322917 0.535937 0.321875 0.536719 0.320833 0.537500 0.319792 0.539844 0.319792 0.540625 0.319792 0.541406 0.318750
0 0.977344 0.321875 0.978125 0.321875 0.978906 0.321875 0.979688 0.322917 0.980469 0.322917 0.981250 0.322917 0.980469 0.323958 0.980469 0.325000 0.980469 0.326042 0.979688 0.327083 0.979688 0.329167 0.979688 0.330208 0.978125 0.332292 0.977344 0.333333 0.975781 0.333333 0.975000 0.333333 0.974219 0.334375 0.973437 0.335417 0.971094 0.335417 0.970313 0.335417 0.969531 0.334375 0.968750 0.333333 0.969531 0.332292 0.970313 0.331250 0.970313 0.330208 0.971094 0.329167 0.971875 0.328125 0.971875 0.327083 0.971875 0.326042 0.972656 0.326042 0.973437 0.325000 0.973437 0.323958 0.974219 0.323958 0.975000 0.323958 0.975781 0.322917 0.976562 0.322917 0.977344 0.321875
0 0.828125 0.323958 0.828906 0.325000 0.829688 0.325000 0.829688 0.327083 0.829688 0.328125 0.830469 0.329167 0.830469 0.330208 0.831250 0.331250 0.831250 0.332292 0.831250 0.333333 0.830469 0.334375 0.829688 0.335417 0.829688 0.338542 0.829688 0.339583 0.830469 0.340625 0.831250 0.341667 0.830469 0.342708 0.829688 0.343750 0.826562 0.343750 0.825781 0.343750 0.825000 0.344792 0.824219 0.344792 0.823438 0.345833 0.821875 0.345833 0.821094 0.345833 0.821094 0.339583 0.821094 0.338542 0.820312 0.337500 0.819531 0.337500 0.819531 0.336458 0.819531 0.335417 0.820312 0.334375 0.820312 0.333333 0.821094 0.332292 0.821094 0.331250 0.821875 0.331250 0.822656 0.330208 0.822656 0.329167 0.823438 0.328125 0.823438 0.327083 0.824219 0.326042 0.825000 0.325000 0.826562 0.325000 0.827344 0.325000 0.828125 0.323958
0 0.559375 0.334375 0.560937 0.334375 0.561719 0.335417 0.564063 0.335417 0.564844 0.335417 0.565625 0.336458 0.566406 0.336458 0.566406 0.338542 0.566406 0.339583 0.567187 0.340625 0.567969 0.340625 0.568750 0.341667 0.567969 0.342708 0.567969 0.346875 0.567969 0.347917 0.568750 0.348958 0.569531 0.350000 0.568750 0.351042 0.567969 0.352083 0.567187 0.352083 0.566406 0.353125 0.564063 0.353125 0.563281 0.353125 0.562500 0.354167 0.561719 0.355208 0.560156 0.353125 0.559375 0.352083 0.556250 0.352083 0.555469 0.352083 0.554688 0.351042 0.554688 0.350000 0.553906 0.348958 0.553125 0.347917 0.553125 0.345833 0.552344 0.344792 0.552344 0.342708 0.552344 0.341667 0.553125 0.340625 0.553125 0.339583 0.554688 0.337500 0.555469 0.336458 0.556250 0.336458 0.557031 0.335417 0.557813 0.335417 0.558594 0.335417 0.559375 0.334375
0 0.496875 0.335417 0.497656 0.335417 0.498437 0.335417 0.499219 0.336458 0.499219 0.337500 0.500000 0.338542 0.501563 0.338542 0.502344 0.338542 0.503125 0.339583 0.503125 0.340625 0.503906 0.341667 0.504687 0.341667 0.504687 0.344792 0.504687 0.345833 0.505469 0.346875 0.506250 0.346875 0.507031 0.347917 0.508594 0.347917 0.509375 0.347917 0.510156 0.348958 0.510938 0.348958 0.510938 0.352083 0.510938 0.353125 0.510156 0.354167 0.510156 0.356250 0.510156 0.357292 0.509375 0.358333 0.508594 0.359375 0.508594 0.360417 0.507031 0.362500 0.506250 0.363542 0.503125 0.363542 0.502344 0.363542 0.500781 0.365625 0.500000 0.366667 0.500000 0.370833 0.500781 0.371875 0.500781 0.375000 0.500781 0.376042 0.500000 0.377083 0.500000 0.378125 0.500000 0.379167 0.499219 0.380208 0.494531 0.380208 0.493750 0.380208 0.489844 0.385417 0.489063 0.385417 0.488281 0.384375 0.487500 0.384375 0.486719 0.383333 0.485938 0.383333 0.485156 0.382292 0.485156 0.381250 0.484375 0.380208 0.483594 0.380208 0.482812 0.379167 0.479687 0.379167 0.478906 0.379167 0.478906 0.378125 0.478125 0.377083 0.478125 0.376042 0.477344 0.375000 0.477344 0.370833 0.477344 0.369792 0.478125 0.368750 0.478125 0.367708 0.479687 0.365625 0.480469 0.364583 0.480469 0.362500 0.480469 0.361458 0.478906 0.359375 0.478125 0.359375 0.478125 0.353125 0.478125 0.352083 0.478906 0.351042 0.479687 0.351042 0.480469 0.350000 0.480469 0.348958 0.481250 0.347917 0.482031 0.346875 0.483594 0.346875 0.484375 0.346875 0.484375 0.348958 0.485156 0.350000 0.485938 0.350000 0.486719 0.350000 0.486719 0.351042 0.487500 0.352083 0.489063 0.352083 0.489844 0.352083 0.490625 0.351042 0.490625 0.350000 0.490625 0.348958 0.491406 0.348958 0.492188 0.347917 0.492969 0.346875 0.494531 0.346875 0.495312 0.345833 0.495312 0.343750 0.495312 0.342708 0.494531 0.341667 0.494531 0.339583 0.494531 0.338542 0.496875 0.335417
0 0.341524 0.371572 0.341524 0.356054 0.340868 0.346438 0.340547 0.344823 0.339062 0.342708 0.339062 0.341667 0.338281 0.341667 0.337500 0.340625 0.337500 0.339583 0.332031 0.339583 0.331250 0.340625 0.329688 0.340625 0.328906 0.341667 0.325781 0.341667 0.324219 0.343750 0.323437 0.343750 0.322656 0.344792 0.321875 0.344792 0.317969 0.350000 0.317969 0.351042 0.317188 0.352083 0.313281 0.352083 0.312500 0.351042 0.311719 0.352083 0.307031 0.352083 0.304688 0.354167 0.302344 0.354167 0.301563 0.353125 0.300781 0.353125 0.300000 0.352083 0.300000 0.350000 0.294531 0.350000 0.293750 0.348958 0.293750 0.347917 0.292969 0.347917 0.292187 0.346875 0.292187 0.344792 0.291406 0.344792 0.289844 0.341667 0.288281 0.341667 0.287500 0.342708 0.283594 0.342708 0.283594 0.346875 0.282813 0.347917 0.282031 0.347917 0.282031 0.350000 0.281250 0.351042 0.281250 0.353125 0.280469 0.354167 0.281250 0.355208 0.281250 0.357292 0.282813 0.359375 0.282813 0.360417 0.285938 0.360417 0.287500 0.358333 0.291406 0.358333 0.292187 0.359375 0.295312 0.359375 0.299219 0.364583 0.299219 0.365625 0.301563 0.365625 0.302344 0.366667 0.302344 0.370833 0.303906 0.370833 0.304688 0.371875 0.304688 0.372917 0.306250 0.375000 0.306250 0.376042 0.307031 0.377083 0.307031 0.378125 0.310156 0.378125 0.310937 0.379167 0.310937 0.383333 0.311719 0.384375 0.311719 0.385417 0.313281 0.383333 0.317636 0.384190 0.325996 0.384190 0.328946 0.383096 0.335011 0.383971 0.336714 0.383544 0.338580 0.381711 0.338901 0.380096 0.338682 0.378994 0.340547 0.374935 0.341523 0.371572
0 0.130469 0.345833 0.132031 0.345833 0.132812 0.345833 0.132812 0.346875 0.133594 0.347917 0.134375 0.347917 0.134375 0.348958 0.135156 0.350000 0.135937 0.350000 0.135937 0.352083 0.135937 0.353125 0.135156 0.354167 0.134375 0.354167 0.133594 0.354167 0.132812 0.355208 0.132812 0.356250 0.132031 0.357292 0.131250 0.358333 0.128906 0.358333 0.128125 0.358333 0.127344 0.359375 0.127344 0.360417 0.127344 0.359375 0.126562 0.358333 0.126562 0.356250 0.126562 0.355208 0.127344 0.354167 0.127344 0.353125 0.128125 0.352083 0.128125 0.350000 0.128125 0.348958 0.128906 0.347917 0.128906 0.346875 0.129688 0.346875 0.130469 0.345833
0 0.835938 0.362500 0.837500 0.362500 0.838281 0.362500 0.838281 0.363542 0.839844 0.365625 0.840625 0.366667 0.841406 0.366667 0.842187 0.366667 0.841406 0.366667 0.840625 0.366667 0.839844 0.367708 0.839844 0.368750 0.839063 0.369792 0.838281 0.369792 0.837500 0.370833 0.836719 0.370833 0.835938 0.371875 0.835156 0.371875 0.834375 0.371875 0.833594 0.370833 0.833594 0.366667 0.832812 0.365625 0.833594 0.365625 0.835938 0.362500
0 0.548438 0.365625 0.549219 0.366667 0.550000 0.366667 0.550000 0.367708 0.552344 0.370833 0.553125 0.370833 0.553125 0.375000 0.553125 0.376042 0.552344 0.377083 0.550781 0.377083 0.550000 0.378125 0.548438 0.378125 0.547656 0.378125 0.546875 0.377083 0.546094 0.377083 0.545312 0.377083 0.545312 0.376042 0.544531 0.375000 0.543750 0.375000 0.544531 0.375000 0.545312 0.373958 0.545312 0.369792 0.545312 0.368750 0.546094 0.367708 0.546875 0.366667 0.547656 0.366667 0.548438 0.365625
0 0.176563 0.367708 0.177344 0.368750 0.179688 0.368750 0.180469 0.368750 0.181250 0.369792 0.182031 0.369792 0.182031 0.372917 0.182812 0.373958 0.182031 0.375000 0.182031 0.376042 0.181250 0.377083 0.180469 0.377083 0.179688 0.377083 0.178906 0.378125 0.177344 0.378125 0.176563 0.379167 0.175781 0.378125 0.174219 0.378125 0.173437 0.378125 0.173437 0.373958 0.172656 0.372917 0.173437 0.371875 0.173437 0.370833 0.173437 0.369792 0.174219 0.369792 0.175000 0.369792 0.176563 0.367708
0 0.228906 0.371875 0.232031 0.371875 0.232813 0.371875 0.232813 0.372917 0.233594 0.373958 0.233594 0.380208 0.234375 0.381250 0.233594 0.382292 0.232813 0.383333 0.229687 0.383333 0.228906 0.384375 0.228125 0.383333 0.227344 0.382292 0.227344 0.381250 0.227344 0.380208 0.226562 0.379167 0.225781 0.378125 0.226562 0.377083 0.226562 0.375000 0.226562 0.373958 0.227344 0.372917 0.228125 0.372917 0.228906 0.371875
0 0.717969 0.372917 0.719531 0.372917 0.720313 0.372917 0.721094 0.373958 0.721094 0.375000 0.721875 0.376042 0.724219 0.376042 0.725000 0.376042 0.725000 0.377083 0.725781 0.378125 0.726562 0.379167 0.726562 0.380208 0.727344 0.381250 0.727344 0.382292 0.727344 0.383333 0.725781 0.385417 0.725781 0.386458 0.725000 0.387500 0.724219 0.387500 0.723437 0.388542 0.723437 0.389583 0.722656 0.390625 0.721875 0.390625 0.721094 0.390625 0.720313 0.389583 0.719531 0.389583 0.718750 0.389583 0.717969 0.388542 0.717187 0.388542 0.716406 0.388542 0.715625 0.387500 0.715625 0.386458 0.714844 0.385417 0.714063 0.384375 0.714063 0.381250 0.713281 0.380208 0.714063 0.379167 0.714063 0.378125 0.717969 0.372917
0 0.014844 0.375000 0.016406 0.375000 0.017188 0.375000 0.017969 0.376042 0.018750 0.376042 0.019531 0.377083 0.019531 0.378125 0.020313 0.379167 0.022656 0.379167 0.023438 0.379167 0.023438 0.383333 0.023438 0.384375 0.024219 0.385417 0.024219 0.387500 0.025000 0.388542 0.026562 0.388542 0.027344 0.388542 0.028125 0.387500 0.028125 0.386458 0.030469 0.386458 0.031250 0.386458 0.032031 0.387500 0.032813 0.388542 0.035156 0.388542 0.035937 0.388542 0.037500 0.386458 0.038281 0.385417 0.039062 0.385417 0.039844 0.385417 0.040625 0.386458 0.041406 0.387500 0.041406 0.389583 0.041406 0.390625 0.039062 0.393750 0.038281 0.394792 0.038281 0.398958 0.038281 0.400000 0.039062 0.401042 0.039062 0.402083 0.039844 0.403125 0.041406 0.403125 0.042188 0.404167 0.042188 0.405208 0.042969 0.406250 0.042969 0.407292 0.042969 0.408333 0.042188 0.409375 0.041406 0.409375 0.040625 0.410417 0.035937 0.410417 0.035156 0.410417 0.034375 0.409375 0.033594 0.409375 0.032813 0.408333 0.032031 0.408333 0.031250 0.408333 0.031250 0.407292 0.031250 0.406250 0.030469 0.405208 0.029687 0.405208 0.028906 0.404167 0.025000 0.404167 0.024219 0.404167 0.023438 0.405208 0.022656 0.405208 0.021875 0.406250 0.021094 0.406250 0.020313 0.405208 0.019531 0.405208 0.018750 0.405208 0.017969 0.404167 0.017969 0.403125 0.017188 0.402083 0.015625 0.402083 0.014844 0.402083 0.014063 0.401042 0.013281 0.401042 0.012500 0.400000 0.011719 0.398958 0.011719 0.394792 0.011719 0.393750 0.012500 0.392708 0.012500 0.391667 0.014063 0.389583 0.014063 0.388542 0.014844 0.388542 0.015625 0.387500 0.015625 0.384375 0.015625 0.383333 0.014844 0.382292 0.014844 0.380208 0.014063 0.379167 0.014063 0.377083 0.014063 0.376042 0.014844 0.375000
0 0.845313 0.380208 0.846875 0.382292 0.847656 0.382292 0.847656 0.383333 0.847656 0.384375 0.848437 0.385417 0.849219 0.386458 0.849219 0.387500 0.847656 0.389583 0.846875 0.390625 0.844531 0.390625 0.843750 0.390625 0.842969 0.389583 0.842187 0.389583 0.841406 0.388542 0.840625 0.388542 0.840625 0.385417 0.840625 0.384375 0.841406 0.383333 0.841406 0.382292 0.841406 0.381250 0.843750 0.381250 0.844531 0.381250 0.845313 0.380208
0 0.187500 0.387500 0.188281 0.387500 0.189062 0.387500 0.189062 0.388542 0.189062 0.389583 0.189844 0.390625 0.190625 0.390625 0.190625 0.392708 0.191406 0.393750 0.189844 0.395833 0.189844 0.396875 0.188281 0.398958 0.187500 0.400000 0.186719 0.400000 0.185938 0.401042 0.185156 0.401042 0.184375 0.400000 0.183594 0.398958 0.183594 0.396875 0.183594 0.395833 0.182812 0.394792 0.182812 0.392708 0.182031 0.391667 0.182812 0.390625 0.183594 0.389583 0.184375 0.389583 0.185156 0.389583 0.185938 0.388542 0.186719 0.388542 0.187500 0.387500
0 0.386719 0.400000 0.387500 0.400000 0.388281 0.400000 0.388281 0.401042 0.389062 0.402083 0.389062 0.403125 0.388281 0.404167 0.388281 0.405208 0.387500 0.406250 0.387500 0.407292 0.385937 0.409375 0.385156 0.409375 0.384375 0.408333 0.384375 0.407292 0.383594 0.406250 0.383594 0.403125 0.382812 0.402083 0.383594 0.401042 0.385156 0.401042 0.385937 0.401042 0.386719 0.400000
0 0.563281 0.402083 0.565625 0.402083 0.566406 0.402083 0.567187 0.403125 0.567969 0.403125 0.568750 0.403125 0.568750 0.406250 0.568750 0.407292 0.569531 0.408333 0.569531 0.409375 0.570312 0.410417 0.573438 0.410417 0.574219 0.409375 0.577344 0.409375 0.578125 0.410417 0.585156 0.410417 0.585938 0.409375 0.586719 0.410417 0.587500 0.410417 0.588281 0.410417 0.588281 0.414583 0.588281 0.415625 0.589063 0.416667 0.589063 0.421875 0.589063 0.422917 0.589844 0.423958 0.590625 0.423958 0.591406 0.425000 0.592187 0.425000 0.592187 0.428125 0.592187 0.429167 0.593750 0.431250 0.594531 0.432292 0.594531 0.434375 0.594531 0.435417 0.593750 0.436458 0.592969 0.436458 0.591406 0.438542 0.590625 0.439583 0.589844 0.439583 0.589063 0.440625 0.588281 0.441667 0.586719 0.441667 0.585938 0.440625 0.583594 0.440625 0.582812 0.440625 0.582031 0.439583 0.581250 0.439583 0.580469 0.438542 0.579688 0.438542 0.579688 0.437500 0.578906 0.436458 0.576562 0.436458 0.575781 0.436458 0.575000 0.435417 0.573438 0.435417 0.572656 0.435417 0.571875 0.434375 0.571875 0.433333 0.571875 0.432292 0.571094 0.431250 0.570312 0.431250 0.569531 0.430208 0.568750 0.429167 0.568750 0.428125 0.568750 0.427083 0.567969 0.426042 0.567969 0.425000 0.567187 0.423958 0.567187 0.422917 0.566406 0.421875 0.566406 0.417708 0.566406 0.416667 0.565625 0.415625 0.564844 0.415625 0.564063 0.414583 0.563281 0.414583 0.562500 0.414583 0.561719 0.413542 0.560937 0.412500 0.560937 0.411458 0.560156 0.410417 0.559375 0.409375 0.559375 0.408333 0.559375 0.407292 0.561719 0.404167 0.561719 0.403125 0.562500 0.403125 0.563281 0.402083
0 0.093750 0.403125 0.094531 0.404167 0.098437 0.404167 0.099219 0.404167 0.099219 0.405208 0.099219 0.406250 0.100000 0.407292 0.100000 0.408333 0.100781 0.409375 0.100781 0.410417 0.098437 0.413542 0.097656 0.413542 0.096875 0.414583 0.096875 0.415625 0.096094 0.416667 0.094531 0.416667 0.093750 0.416667 0.092969 0.415625 0.092188 0.415625 0.091406 0.414583 0.090625 0.413542 0.090625 0.412500 0.089844 0.411458 0.090625 0.410417 0.090625 0.406250 0.090625 0.405208 0.091406 0.405208 0.092188 0.405208 0.093750 0.403125
0 0.354687 0.408333 0.355469 0.409375 0.356250 0.410417 0.357031 0.410417 0.357812 0.410417 0.357812 0.411458 0.358594 0.412500 0.358594 0.415625 0.359375 0.416667 0.358594 0.417708 0.358594 0.418750 0.357812 0.419792 0.357812 0.427083 0.357812 0.428125 0.358594 0.429167 0.358594 0.430208 0.358594 0.431250 0.357812 0.432292 0.357812 0.433333 0.357031 0.434375 0.357031 0.435417 0.355469 0.437500 0.354687 0.438542 0.352344 0.438542 0.351562 0.438542 0.350781 0.439583 0.350000 0.440625 0.349219 0.440625 0.348438 0.441667 0.346094 0.441667 0.345313 0.442708 0.341406 0.442708 0.340625 0.442708 0.340625 0.440625 0.339844 0.439583 0.339062 0.439583 0.338281 0.438542 0.337500 0.438542 0.337500 0.437500 0.336719 0.436458 0.334375 0.436458 0.333594 0.436458 0.333594 0.432292 0.333594 0.431250 0.334375 0.430208 0.334375 0.428125 0.334375 0.427083 0.335156 0.426042 0.335156 0.423958 0.335156 0.422917 0.335938 0.421875 0.335938 0.420833 0.335938 0.419792 0.336719 0.418750 0.336719 0.417708 0.337500 0.417708 0.338281 0.416667 0.339062 0.415625 0.341406 0.415625 0.342187 0.415625 0.342969 0.414583 0.343750 0.414583 0.344531 0.414583 0.346094 0.412500 0.346875 0.411458 0.348438 0.411458 0.349219 0.410417 0.351562 0.410417 0.352344 0.410417 0.353125 0.409375 0.353906 0.409375 0.354687 0.408333
0 0.414844 0.408333 0.416406 0.408333 0.417187 0.408333 0.417969 0.409375 0.418750 0.409375 0.419531 0.409375 0.421094 0.411458 0.421875 0.411458 0.421875 0.414583 0.421875 0.415625 0.421094 0.416667 0.420312 0.417708 0.420312 0.418750 0.419531 0.419792 0.419531 0.420833 0.418750 0.421875 0.418750 0.422917 0.417969 0.423958 0.417187 0.423958 0.416406 0.425000 0.416406 0.426042 0.415625 0.427083 0.414844 0.427083 0.414844 0.426042 0.414062 0.425000 0.413281 0.425000 0.412500 0.425000 0.412500 0.422917 0.412500 0.421875 0.413281 0.420833 0.413281 0.419792 0.414062 0.419792 0.414844 0.418750 0.414844 0.413542 0.414062 0.412500 0.414062 0.410417 0.414062 0.409375 0.414844 0.408333
0 0.000000 0.410417 0.003125 0.410417 0.003906 0.410417 0.004687 0.411458 0.007031 0.411458 0.007812 0.412500 0.006250 0.414583 0.005469 0.415625 0.005469 0.417708 0.005469 0.418750 0.007031 0.420833 0.007812 0.421875 0.007812 0.422917 0.008594 0.423958 0.009375 0.425000 0.008594 0.425000 0.007812 0.426042 0.007031 0.426042 0.007031 0.425000 0.005469 0.422917 0.004687 0.421875 0.003906 0.421875 0.003125 0.420833 0.002344 0.420833 0.001563 0.419792 0.000781 0.419792 0.000000 0.418750 0.000000 0.410417
0 0.153906 0.412500 0.154688 0.412500 0.155469 0.412500 0.156250 0.413542 0.157031 0.413542 0.157812 0.414583 0.158594 0.414583 0.158594 0.416667 0.158594 0.417708 0.157812 0.418750 0.157031 0.418750 0.156250 0.418750 0.155469 0.419792 0.154688 0.420833 0.152344 0.420833 0.151562 0.421875 0.150781 0.420833 0.150781 0.417708 0.150781 0.416667 0.151562 0.416667 0.152344 0.416667 0.153125 0.415625 0.153125 0.414583 0.153125 0.413542 0.153906 0.412500
0 0.115625 0.414583 0.116406 0.414583 0.117188 0.414583 0.117969 0.415625 0.119531 0.415625 0.120313 0.415625 0.121094 0.416667 0.121875 0.417708 0.124219 0.417708 0.125000 0.417708 0.125000 0.418750 0.125781 0.419792 0.125781 0.425000 0.125781 0.426042 0.125000 0.427083 0.125000 0.428125 0.124219 0.429167 0.118750 0.429167 0.117969 0.430208 0.111719 0.430208 0.110937 0.430208 0.110937 0.428125 0.110156 0.427083 0.110937 0.426042 0.110937 0.420833 0.110937 0.419792 0.112500 0.417708 0.112500 0.416667 0.113281 0.416667 0.114062 0.415625 0.114844 0.415625 0.115625 0.414583
0 0.743750 0.416667 0.744531 0.417708 0.745313 0.417708 0.746094 0.418750 0.746875 0.419792 0.747656 0.419792 0.748437 0.419792 0.749219 0.420833 0.750000 0.420833 0.750000 0.421875 0.750781 0.422917 0.751563 0.422917 0.751563 0.423958 0.752344 0.425000 0.752344 0.427083 0.753125 0.428125 0.752344 0.429167 0.752344 0.430208 0.751563 0.431250 0.750781 0.432292 0.750781 0.433333 0.750000 0.434375 0.750000 0.435417 0.750000 0.436458 0.749219 0.437500 0.748437 0.438542 0.747656 0.438542 0.746875 0.439583 0.746094 0.440625 0.745313 0.440625 0.744531 0.441667 0.743750 0.442708 0.742969 0.442708 0.742188 0.443750 0.740625 0.443750 0.739844 0.443750 0.739062 0.444792 0.738281 0.444792 0.737500 0.443750 0.736719 0.442708 0.736719 0.436458 0.736719 0.435417 0.737500 0.434375 0.737500 0.433333 0.738281 0.432292 0.738281 0.431250 0.739062 0.430208 0.739062 0.428125 0.739062 0.427083 0.738281 0.426042 0.738281 0.423958 0.738281 0.422917 0.739062 0.422917 0.739844 0.421875 0.739844 0.420833 0.739844 0.419792 0.740625 0.418750 0.741406 0.417708 0.742188 0.417708 0.742969 0.417708 0.743750 0.416667
0 0.684375 0.421875 0.685156 0.421875 0.685937 0.421875 0.686719 0.422917 0.687500 0.422917 0.688281 0.422917 0.688281 0.423958 0.689063 0.425000 0.689844 0.426042 0.689063 0.427083 0.689063 0.428125 0.688281 0.429167 0.687500 0.429167 0.686719 0.429167 0.685937 0.428125 0.685156 0.428125 0.685156 0.427083 0.684375 0.426042 0.684375 0.425000 0.683594 0.423958 0.682813 0.423958 0.682031 0.423958 0.682813 0.423958 0.683594 0.423958 0.684375 0.422917 0.684375 0.421875
0 0.783594 0.427083 0.785156 0.427083 0.785937 0.427083 0.785937 0.428125 0.785937 0.429167 0.786719 0.430208 0.787500 0.431250 0.787500 0.432292 0.786719 0.433333 0.785937 0.433333 0.785156 0.432292 0.784375 0.432292 0.784375 0.431250 0.783594 0.430208 0.783594 0.429167 0.782813 0.428125 0.782031 0.428125 0.782813 0.428125 0.783594 0.427083
0 0.085938 0.429167 0.086719 0.430208 0.087500 0.430208 0.088281 0.431250 0.089063 0.431250 0.089844 0.432292 0.090625 0.433333 0.089844 0.434375 0.089844 0.435417 0.089063 0.436458 0.089063 0.441667 0.089063 0.442708 0.091406 0.445833 0.092188 0.446875 0.090625 0.448958 0.090625 0.450000 0.089844 0.451042 0.089063 0.452083 0.088281 0.452083 0.086719 0.454167 0.085938 0.455208 0.085938 0.456250 0.085156 0.457292 0.085156 0.458333 0.084375 0.459375 0.082031 0.459375 0.081250 0.459375 0.081250 0.458333 0.081250 0.457292 0.080469 0.456250 0.080469 0.455208 0.080469 0.454167 0.079687 0.453125 0.078906 0.453125 0.078906 0.451042 0.078906 0.450000 0.078125 0.448958 0.077344 0.448958 0.076563 0.448958 0.076563 0.446875 0.076563 0.445833 0.077344 0.444792 0.077344 0.443750 0.077344 0.442708 0.078125 0.442708 0.078906 0.441667 0.078906 0.440625 0.079687 0.440625 0.080469 0.439583 0.081250 0.438542 0.081250 0.434375 0.081250 0.433333 0.082031 0.432292 0.082812 0.431250 0.083594 0.431250 0.084375 0.431250 0.085938 0.429167
0 0.809375 0.442708 0.810156 0.443750 0.810937 0.443750 0.810937 0.444792 0.811719 0.445833 0.813281 0.445833 0.814063 0.445833 0.814063 0.447917 0.814063 0.448958 0.815625 0.451042 0.816406 0.452083 0.816406 0.456250 0.816406 0.457292 0.817187 0.458333 0.817187 0.460417 0.817969 0.461458 0.817969 0.466667 0.817969 0.467708 0.817187 0.468750 0.816406 0.469792 0.811719 0.469792 0.810937 0.469792 0.810937 0.468750 0.810156 0.467708 0.808594 0.467708 0.807813 0.466667 0.807813 0.465625 0.807031 0.464583 0.806250 0.463542 0.806250 0.462500 0.805469 0.461458 0.805469 0.459375 0.804688 0.458333 0.804688 0.456250 0.805469 0.455208 0.805469 0.452083 0.805469 0.451042 0.804688 0.450000 0.804688 0.447917 0.804688 0.446875 0.805469 0.445833 0.806250 0.444792 0.807031 0.444792 0.807813 0.443750 0.808594 0.443750 0.809375 0.442708
0 0.836719 0.442708 0.837500 0.443750 0.838281 0.443750 0.838281 0.444792 0.839063 0.445833 0.839844 0.446875 0.839844 0.447917 0.840625 0.448958 0.840625 0.451042 0.840625 0.452083 0.841406 0.453125 0.841406 0.454167 0.842187 0.455208 0.842187 0.456250 0.841406 0.457292 0.841406 0.458333 0.840625 0.459375 0.840625 0.460417 0.839063 0.462500 0.838281 0.463542 0.835938 0.463542 0.835156 0.463542 0.834375 0.464583 0.833594 0.465625 0.831250 0.465625 0.830469 0.465625 0.830469 0.464583 0.829688 0.463542 0.829688 0.457292 0.829688 0.456250 0.828906 0.455208 0.827344 0.455208 0.826562 0.454167 0.826562 0.448958 0.826562 0.447917 0.828125 0.445833 0.828125 0.444792 0.830469 0.444792 0.831250 0.443750 0.835156 0.443750 0.835938 0.443750 0.836719 0.442708
0 0.378906 0.444792 0.379688 0.444792 0.380469 0.444792 0.381250 0.445833 0.382031 0.445833 0.382031 0.447917 0.382031 0.448958 0.381250 0.450000 0.381250 0.451042 0.381250 0.452083 0.378906 0.455208 0.378125 0.456250 0.378125 0.457292 0.377344 0.458333 0.376563 0.459375 0.376563 0.458333 0.375781 0.457292 0.375000 0.457292 0.374219 0.456250 0.373437 0.456250 0.372656 0.456250 0.372656 0.448958 0.372656 0.447917 0.373437 0.446875 0.374219 0.445833 0.377344 0.445833 0.378125 0.445833 0.378906 0.444792
0 0.410938 0.444792 0.411719 0.445833 0.412500 0.445833 0.414062 0.447917 0.414844 0.447917 0.414844 0.452083 0.414844 0.453125 0.415625 0.454167 0.417187 0.454167 0.417969 0.454167 0.418750 0.455208 0.419531 0.455208 0.419531 0.457292 0.420312 0.458333 0.419531 0.458333 0.418750 0.459375 0.418750 0.460417 0.417969 0.461458 0.417187 0.461458 0.416406 0.462500 0.406250 0.462500 0.405469 0.462500 0.404687 0.461458 0.403906 0.461458 0.403125 0.460417 0.402344 0.459375 0.402344 0.458333 0.401562 0.457292 0.401562 0.456250 0.400781 0.455208 0.401562 0.454167 0.401562 0.452083 0.402344 0.451042 0.403125 0.451042 0.403906 0.450000 0.404687 0.450000 0.405469 0.450000 0.406250 0.448958 0.407031 0.448958 0.407813 0.447917 0.408594 0.447917 0.409375 0.446875 0.410156 0.446875 0.410938 0.445833 0.410938 0.444792
0 0.428125 0.445833 0.428906 0.445833 0.429688 0.445833 0.430469 0.446875 0.430469 0.447917 0.430469 0.448958 0.432812 0.452083 0.433594 0.453125 0.432812 0.454167 0.432812 0.455208 0.432812 0.456250 0.432031 0.457292 0.431250 0.458333 0.428906 0.458333 0.428125 0.458333 0.428125 0.457292 0.427344 0.456250 0.427344 0.455208 0.427344 0.454167 0.426563 0.453125 0.425781 0.452083 0.425781 0.447917 0.425781 0.446875 0.426563 0.446875 0.427344 0.446875 0.428125 0.445833
0 0.989844 0.447917 0.990625 0.447917 0.991406 0.447917 0.991406 0.448958 0.992188 0.450000 0.992969 0.450000 0.992969 0.451042 0.994531 0.453125 0.995313 0.454167 0.992969 0.457292 0.992188 0.458333 0.988281 0.458333 0.987500 0.459375 0.986719 0.458333 0.985938 0.458333 0.985156 0.457292 0.985938 0.456250 0.985938 0.455208 0.986719 0.454167 0.986719 0.453125 0.988281 0.451042 0.988281 0.450000 0.989062 0.450000 0.989844 0.448958 0.989844 0.447917
0 0.848437 0.457292 0.851562 0.457292 0.852344 0.457292 0.852344 0.460417 0.853125 0.461458 0.854688 0.461458 0.855469 0.461458 0.856250 0.462500 0.858594 0.462500 0.859375 0.463542 0.859375 0.464583 0.859375 0.465625 0.858594 0.466667 0.858594 0.467708 0.857812 0.468750 0.857812 0.476042 0.857812 0.477083 0.857031 0.478125 0.854688 0.478125 0.853906 0.478125 0.853125 0.479167 0.853125 0.480208 0.853125 0.481250 0.852344 0.482292 0.852344 0.483333 0.851562 0.484375 0.850781 0.484375 0.850781 0.483333 0.849219 0.481250 0.848437 0.480208 0.848437 0.479167 0.846094 0.476042 0.845313 0.476042 0.846094 0.476042 0.846875 0.475000 0.846875 0.470833 0.847656 0.469792 0.847656 0.467708 0.847656 0.466667 0.846875 0.465625 0.846875 0.464583 0.846875 0.463542 0.847656 0.462500 0.847656 0.461458 0.847656 0.460417 0.848437 0.459375 0.848437 0.457292
0 0.733594 0.462500 0.735156 0.462500 0.735938 0.462500 0.735938 0.463542 0.735938 0.464583 0.736719 0.465625 0.738281 0.465625 0.739062 0.465625 0.739844 0.466667 0.740625 0.467708 0.740625 0.469792 0.740625 0.470833 0.739844 0.471875 0.739844 0.472917 0.739062 0.473958 0.739062 0.475000 0.738281 0.476042 0.738281 0.477083 0.738281 0.478125 0.736719 0.480208 0.735938 0.481250 0.731250 0.481250 0.730469 0.481250 0.729688 0.480208 0.728906 0.480208 0.728906 0.477083 0.728906 0.476042 0.728125 0.475000 0.728125 0.473958 0.727344 0.472917 0.727344 0.470833 0.727344 0.469792 0.726562 0.468750 0.726562 0.467708 0.726562 0.466667 0.727344 0.465625 0.728125 0.465625 0.728906 0.464583 0.731250 0.464583 0.732031 0.464583 0.733594 0.462500
0 0.085156 0.464583 0.086719 0.464583 0.087500 0.464583 0.087500 0.467708 0.087500 0.468750 0.086719 0.469792 0.085938 0.469792 0.085156 0.470833 0.082812 0.470833 0.082031 0.470833 0.082031 0.469792 0.082031 0.468750 0.082812 0.468750 0.083594 0.467708 0.084375 0.466667 0.084375 0.465625 0.085156 0.464583
0 0.874219 0.465625 0.875000 0.465625 0.875781 0.465625 0.875781 0.466667 0.876563 0.467708 0.878125 0.467708 0.878906 0.467708 0.878906 0.476042 0.878906 0.477083 0.878125 0.478125 0.876563 0.478125 0.875781 0.478125 0.875000 0.479167 0.874219 0.480208 0.874219 0.479167 0.874219 0.478125 0.873437 0.477083 0.872656 0.477083 0.872656 0.476042 0.871875 0.475000 0.871875 0.472917 0.871875 0.471875 0.871094 0.470833 0.870313 0.469792 0.871875 0.467708 0.871875 0.466667 0.872656 0.466667 0.873437 0.466667 0.874219 0.465625
0 0.428125 0.469792 0.428906 0.469792 0.429688 0.469792 0.430469 0.470833 0.431250 0.471875 0.431250 0.475000 0.430469 0.476042 0.428906 0.476042 0.428125 0.475000 0.428125 0.473958 0.427344 0.472917 0.427344 0.471875 0.427344 0.470833 0.428125 0.469792
0 0.646094 0.469792 0.650781 0.469792 0.651563 0.469792 0.651563 0.471875 0.652344 0.472917 0.652344 0.476042 0.652344 0.477083 0.653125 0.478125 0.653125 0.479167 0.653906 0.480208 0.653125 0.481250 0.652344 0.482292 0.651563 0.482292 0.650781 0.483333 0.646875 0.483333 0.646094 0.483333 0.646094 0.482292 0.642969 0.478125 0.642188 0.477083 0.642188 0.472917 0.642188 0.471875 0.642969 0.471875 0.643750 0.471875 0.644531 0.470833 0.645312 0.470833 0.646094 0.469792
0 0.178125 0.481250 0.178906 0.481250 0.179688 0.481250 0.180469 0.482292 0.180469 0.483333 0.181250 0.484375 0.182031 0.484375 0.182031 0.485417 0.182812 0.486458 0.182812 0.493750 0.182812 0.494792 0.183594 0.495833 0.184375 0.495833 0.184375 0.496875 0.185156 0.497917 0.185938 0.497917 0.185938 0.498958 0.185156 0.500000 0.182031 0.500000 0.181250 0.500000 0.180469 0.498958 0.177344 0.498958 0.176563 0.498958 0.175781 0.497917 0.175000 0.497917 0.175000 0.496875 0.174219 0.495833 0.173437 0.495833 0.173437 0.494792 0.172656 0.493750 0.172656 0.492708 0.171875 0.491667 0.171094 0.491667 0.170313 0.490625 0.171094 0.489583 0.171094 0.488542 0.171094 0.487500 0.171875 0.486458 0.172656 0.485417 0.174219 0.485417 0.175000 0.485417 0.176563 0.483333 0.176563 0.482292 0.177344 0.482292 0.178125 0.481250
0 0.150781 0.492708 0.151562 0.492708 0.152344 0.492708 0.153125 0.493750 0.154688 0.493750 0.155469 0.493750 0.155469 0.497917 0.155469 0.498958 0.154688 0.500000 0.154688 0.503125 0.154688 0.504167 0.153125 0.506250 0.152344 0.507292 0.151562 0.507292 0.150781 0.507292 0.150000 0.508333 0.148438 0.508333 0.147656 0.508333 0.147656 0.507292 0.147656 0.506250 0.146875 0.505208 0.146875 0.504167 0.146094 0.503125 0.146094 0.502083 0.146094 0.501042 0.146875 0.500000 0.146875 0.498958 0.146875 0.497917 0.147656 0.496875 0.147656 0.495833 0.147656 0.494792 0.148438 0.494792 0.149219 0.493750 0.150000 0.493750 0.150781 0.492708
0 0.408594 0.501042 0.409375 0.501042 0.410156 0.501042 0.411719 0.503125 0.412500 0.504167 0.412500 0.507292 0.412500 0.508333 0.411719 0.509375 0.411719 0.510417 0.410156 0.512500 0.409375 0.513542 0.407813 0.513542 0.407031 0.514583 0.407031 0.513542 0.406250 0.512500 0.403125 0.512500 0.402344 0.512500 0.400781 0.510417 0.400000 0.509375 0.400000 0.508333 0.400000 0.507292 0.400781 0.506250 0.400781 0.505208 0.406250 0.505208 0.407031 0.505208 0.407813 0.504167 0.407813 0.503125 0.407813 0.502083 0.408594 0.501042
0 0.491406 0.509375 0.492188 0.510417 0.492188 0.511458 0.492969 0.512500 0.493750 0.513542 0.493750 0.514583 0.494531 0.515625 0.493750 0.516667 0.492969 0.517708 0.492188 0.517708 0.491406 0.518750 0.489063 0.518750 0.488281 0.518750 0.487500 0.517708 0.488281 0.516667 0.488281 0.515625 0.488281 0.514583 0.489063 0.513542 0.489063 0.512500 0.489063 0.511458 0.489844 0.510417 0.490625 0.510417 0.491406 0.509375
0 0.184375 0.511458 0.188281 0.511458 0.189062 0.511458 0.190625 0.513542 0.191406 0.514583 0.196875 0.514583 0.197656 0.514583 0.198437 0.515625 0.200781 0.515625 0.201563 0.515625 0.202344 0.516667 0.202344 0.521875 0.202344 0.522917 0.201563 0.523958 0.201563 0.525000 0.201563 0.526042 0.200000 0.528125 0.199219 0.529167 0.187500 0.529167 0.186719 0.530208 0.185938 0.530208 0.185156 0.529167 0.182812 0.529167 0.182031 0.529167 0.182031 0.528125 0.180469 0.526042 0.179688 0.525000 0.179688 0.520833 0.179688 0.519792 0.180469 0.518750 0.180469 0.517708 0.181250 0.516667 0.182031 0.516667 0.182812 0.515625 0.183594 0.514583 0.183594 0.513542 0.184375 0.512500 0.184375 0.511458
0 0.079687 0.520833 0.080469 0.521875 0.081250 0.521875 0.082031 0.521875 0.082812 0.522917 0.084375 0.522917 0.085156 0.522917 0.085156 0.527083 0.084375 0.528125 0.084375 0.533333 0.084375 0.534375 0.083594 0.535417 0.083594 0.536458 0.082812 0.537500 0.082031 0.537500 0.081250 0.537500 0.078906 0.540625 0.078125 0.541667 0.077344 0.541667 0.076563 0.542708 0.076563 0.541667 0.075781 0.540625 0.075000 0.540625 0.075000 0.539583 0.074219 0.538542 0.072656 0.538542 0.071875 0.538542 0.071875 0.534375 0.071094 0.533333 0.071875 0.532292 0.071875 0.526042 0.071875 0.525000 0.072656 0.525000 0.073438 0.523958 0.073438 0.522917 0.076563 0.522917 0.077344 0.522917 0.078125 0.521875 0.078906 0.521875 0.079687 0.520833
0 0.908594 0.520833 0.908594 0.521875 0.909375 0.522917 0.914062 0.522917 0.914844 0.522917 0.914844 0.523958 0.915625 0.525000 0.916406 0.525000 0.916406 0.526042 0.917188 0.527083 0.917969 0.528125 0.917969 0.529167 0.918750 0.530208 0.918750 0.536458 0.918750 0.537500 0.917969 0.538542 0.917969 0.539583 0.917969 0.540625 0.916406 0.542708 0.915625 0.543750 0.914844 0.543750 0.914062 0.542708 0.913281 0.541667 0.912500 0.541667 0.911719 0.540625 0.910937 0.540625 0.910937 0.539583 0.910156 0.538542 0.909375 0.538542 0.908594 0.537500 0.907813 0.537500 0.907031 0.537500 0.906250 0.536458 0.905469 0.536458 0.904687 0.536458 0.904687 0.535417 0.903906 0.534375 0.903125 0.534375 0.903125 0.531250 0.903125 0.530208 0.902344 0.529167 0.901563 0.529167 0.901563 0.527083 0.901563 0.526042 0.902344 0.526042 0.903125 0.526042 0.903906 0.525000 0.904687 0.523958 0.905469 0.523958 0.906250 0.522917 0.907031 0.522917 0.907813 0.522917 0.908594 0.521875 0.908594 0.520833
0 0.522656 0.531250 0.523438 0.532292 0.526563 0.532292 0.527344 0.532292 0.528125 0.533333 0.528906 0.533333 0.528906 0.535417 0.529687 0.536458 0.532031 0.536458 0.532813 0.537500 0.532813 0.539583 0.532813 0.540625 0.533594 0.541667 0.533594 0.542708 0.534375 0.543750 0.534375 0.544792 0.532031 0.547917 0.531250 0.548958 0.530469 0.548958 0.529687 0.550000 0.524219 0.550000 0.523438 0.550000 0.522656 0.548958 0.521875 0.548958 0.521094 0.547917 0.521094 0.546875 0.518750 0.543750 0.517969 0.542708 0.517969 0.536458 0.517969 0.535417 0.518750 0.534375 0.519531 0.533333 0.520312 0.533333 0.521094 0.533333 0.522656 0.531250
0 0.989062 0.533333 0.989844 0.533333 0.990625 0.533333 0.990625 0.534375 0.992188 0.536458 0.992969 0.536458 0.992969 0.537500 0.992969 0.538542 0.992188 0.539583 0.992188 0.545833 0.992188 0.546875 0.991406 0.547917 0.990625 0.547917 0.989844 0.548958 0.989062 0.550000 0.988281 0.550000 0.987500 0.551042 0.986719 0.551042 0.985938 0.550000 0.985156 0.550000 0.984375 0.548958 0.984375 0.546875 0.983594 0.545833 0.984375 0.544792 0.984375 0.538542 0.984375 0.537500 0.985156 0.536458 0.985938 0.536458 0.986719 0.535417 0.987500 0.534375 0.988281 0.534375 0.989062 0.533333
0 0.201563 0.538542 0.203906 0.538542 0.204687 0.538542 0.205469 0.539583 0.206250 0.539583 0.207031 0.539583 0.208594 0.541667 0.209375 0.541667 0.209375 0.543750 0.209375 0.544792 0.208594 0.545833 0.207813 0.546875 0.205469 0.546875 0.204687 0.546875 0.203906 0.547917 0.203125 0.548958 0.202344 0.547917 0.201563 0.546875 0.200000 0.546875 0.199219 0.546875 0.199219 0.544792 0.198437 0.543750 0.199219 0.542708 0.199219 0.541667 0.201563 0.538542
0 0.009375 0.539583 0.010156 0.539583 0.010937 0.539583 0.010937 0.541667 0.010937 0.542708 0.011719 0.543750 0.011719 0.544792 0.012500 0.545833 0.013281 0.545833 0.014063 0.545833 0.014063 0.546875 0.014063 0.547917 0.012500 0.550000 0.011719 0.551042 0.010937 0.551042 0.010156 0.551042 0.009375 0.552083 0.008594 0.552083 0.008594 0.551042 0.008594 0.550000 0.007812 0.548958 0.007031 0.548958 0.006250 0.548958 0.006250 0.547917 0.006250 0.546875 0.007031 0.545833 0.007031 0.543750 0.007031 0.542708 0.009375 0.539583
0 0.249219 0.547917 0.250781 0.547917 0.251563 0.547917 0.252344 0.548958 0.252344 0.550000 0.253125 0.551042 0.253906 0.551042 0.255469 0.553125 0.256250 0.553125 0.256250 0.554167 0.257031 0.555208 0.257812 0.555208 0.257812 0.557292 0.257812 0.558333 0.258594 0.559375 0.258594 0.562500 0.259375 0.563542 0.259375 0.564583 0.259375 0.565625 0.258594 0.566667 0.258594 0.567708 0.257812 0.568750 0.257031 0.569792 0.255469 0.569792 0.254688 0.569792 0.253906 0.568750 0.252344 0.568750 0.251563 0.568750 0.250781 0.567708 0.250781 0.566667 0.250781 0.565625 0.250000 0.564583 0.250000 0.563542 0.249219 0.562500 0.248438 0.561458 0.248438 0.555208 0.248438 0.554167 0.247656 0.553125 0.247656 0.551042 0.247656 0.550000 0.249219 0.547917
0 0.103125 0.558333 0.103906 0.558333 0.104688 0.558333 0.105469 0.559375 0.106250 0.559375 0.107031 0.560417 0.109375 0.560417 0.110156 0.560417 0.110937 0.561458 0.114062 0.561458 0.114844 0.561458 0.114844 0.562500 0.114844 0.563542 0.115625 0.564583 0.115625 0.566667 0.116406 0.567708 0.114844 0.569792 0.114062 0.570833 0.113281 0.570833 0.112500 0.570833 0.111719 0.571875 0.110937 0.571875 0.107813 0.576042 0.107031 0.576042 0.106250 0.577083 0.106250 0.578125 0.105469 0.579167 0.104688 0.579167 0.103906 0.580208 0.103125 0.581250 0.103125 0.582292 0.102344 0.583333 0.100781 0.583333 0.100000 0.583333 0.099219 0.582292 0.098437 0.581250 0.097656 0.581250 0.096875 0.580208 0.096094 0.579167 0.096094 0.578125 0.095312 0.577083 0.095312 0.576042 0.093750 0.573958 0.092969 0.573958 0.092969 0.571875 0.092188 0.570833 0.092969 0.569792 0.092969 0.568750 0.092969 0.567708 0.094531 0.565625 0.095312 0.564583 0.096094 0.564583 0.096875 0.563542 0.097656 0.562500 0.099219 0.562500 0.100000 0.562500 0.103125 0.558333
0 0.082812 0.567708 0.083594 0.567708 0.084375 0.567708 0.084375 0.568750 0.085156 0.569792 0.085156 0.570833 0.085938 0.571875 0.085938 0.572917 0.086719 0.573958 0.087500 0.573958 0.087500 0.575000 0.087500 0.576042 0.086719 0.577083 0.085938 0.577083 0.085156 0.578125 0.084375 0.578125 0.083594 0.577083 0.083594 0.576042 0.083594 0.575000 0.082812 0.573958 0.082031 0.573958 0.081250 0.573958 0.081250 0.572917 0.081250 0.571875 0.082031 0.570833 0.082812 0.569792 0.082812 0.567708
0 0.225781 0.573958 0.226562 0.575000 0.227344 0.575000 0.227344 0.576042 0.228125 0.577083 0.228125 0.578125 0.228906 0.579167 0.229687 0.580208 0.229687 0.581250 0.230469 0.582292 0.230469 0.584375 0.230469 0.585417 0.228906 0.587500 0.228125 0.588542 0.227344 0.588542 0.225781 0.590625 0.225000 0.590625 0.224219 0.591667 0.223438 0.592708 0.223438 0.594792 0.222656 0.595833 0.221875 0.595833 0.221094 0.596875 0.217969 0.596875 0.217188 0.596875 0.217188 0.595833 0.216406 0.594792 0.216406 0.593750 0.215625 0.592708 0.214062 0.592708 0.213281 0.592708 0.212500 0.593750 0.212500 0.596875 0.212500 0.597917 0.211719 0.598958 0.210938 0.598958 0.210156 0.600000 0.209375 0.598958 0.208594 0.598958 0.207813 0.598958 0.207813 0.597917 0.207031 0.596875 0.206250 0.596875 0.205469 0.595833 0.204687 0.595833 0.204687 0.594792 0.204687 0.593750 0.203906 0.592708 0.203906 0.591667 0.203906 0.590625 0.204687 0.589583 0.204687 0.588542 0.204687 0.587500 0.205469 0.586458 0.206250 0.586458 0.207031 0.585417 0.207031 0.584375 0.208594 0.584375 0.209375 0.584375 0.210156 0.583333 0.210938 0.583333 0.211719 0.582292 0.211719 0.581250 0.212500 0.581250 0.213281 0.580208 0.213281 0.579167 0.214062 0.579167 0.214844 0.578125 0.214844 0.577083 0.215625 0.577083 0.216406 0.577083 0.217188 0.578125 0.217969 0.578125 0.218750 0.579167 0.220312 0.579167 0.221094 0.579167 0.223438 0.576042 0.224219 0.575000 0.225000 0.575000 0.225781 0.573958
0 0.890625 0.588542 0.892188 0.590625 0.892969 0.591667 0.893750 0.591667 0.894531 0.592708 0.895312 0.593750 0.894531 0.593750 0.893750 0.594792 0.893750 0.595833 0.892969 0.596875 0.892969 0.597917 0.892969 0.598958 0.892188 0.600000 0.890625 0.600000 0.889844 0.601042 0.889062 0.601042 0.888281 0.600000 0.886719 0.600000 0.885938 0.598958 0.883594 0.598958 0.882812 0.598958 0.882031 0.600000 0.881250 0.600000 0.881250 0.598958 0.880469 0.597917 0.879687 0.596875 0.880469 0.595833 0.880469 0.594792 0.881250 0.593750 0.882031 0.593750 0.882812 0.592708 0.882812 0.591667 0.883594 0.591667 0.884375 0.590625 0.887500 0.590625 0.888281 0.590625 0.889062 0.589583 0.889844 0.589583 0.890625 0.588542
0 0.342969 0.594792 0.344531 0.594792 0.345313 0.595833 0.345313 0.597917 0.344531 0.598958 0.344531 0.606250 0.344531 0.607292 0.345313 0.608333 0.346094 0.608333 0.346875 0.608333 0.346875 0.610417 0.346875 0.611458 0.346094 0.612500 0.346094 0.613542 0.345313 0.614583 0.344531 0.614583 0.343750 0.615625 0.342969 0.615625 0.342187 0.616667 0.339062 0.616667 0.338281 0.616667 0.335938 0.619792 0.335156 0.620833 0.333594 0.620833 0.332813 0.620833 0.332031 0.621875 0.331250 0.621875 0.330469 0.620833 0.329688 0.619792 0.328906 0.619792 0.328125 0.619792 0.328125 0.618750 0.327344 0.617708 0.327344 0.615625 0.326562 0.614583 0.326562 0.612500 0.326562 0.611458 0.325781 0.610417 0.325781 0.608333 0.325781 0.607292 0.325000 0.606250 0.324219 0.605208 0.324219 0.602083 0.324219 0.601042 0.325781 0.598958 0.326562 0.597917 0.331250 0.597917 0.332031 0.598958 0.333594 0.598958 0.334375 0.598958 0.335156 0.597917 0.335156 0.596875 0.336719 0.596875 0.337500 0.597917 0.339844 0.597917 0.340625 0.597917 0.342969 0.594792
0 0.437500 0.594792 0.438281 0.594792 0.439063 0.594792 0.439844 0.595833 0.441406 0.595833 0.442188 0.595833 0.442969 0.596875 0.443750 0.596875 0.442969 0.597917 0.442969 0.598958 0.442188 0.600000 0.441406 0.601042 0.441406 0.602083 0.440625 0.603125 0.439844 0.604167 0.439063 0.604167 0.438281 0.604167 0.437500 0.603125 0.436719 0.603125 0.435937 0.603125 0.435937 0.598958 0.435156 0.597917 0.435937 0.596875 0.435937 0.595833 0.436719 0.595833 0.437500 0.594792
0 0.510938 0.597917 0.511719 0.597917 0.512500 0.597917 0.513281 0.598958 0.514062 0.598958 0.514844 0.600000 0.515625 0.601042 0.515625 0.602083 0.515625 0.603125 0.516406 0.604167 0.517188 0.605208 0.517969 0.605208 0.518750 0.606250 0.518750 0.608333 0.518750 0.609375 0.517969 0.610417 0.517969 0.611458 0.517969 0.612500 0.517188 0.613542 0.516406 0.614583 0.515625 0.614583 0.514844 0.615625 0.514062 0.614583 0.512500 0.614583 0.511719 0.614583 0.510938 0.613542 0.510938 0.612500 0.510938 0.611458 0.510156 0.610417 0.510156 0.609375 0.509375 0.608333 0.508594 0.607292 0.508594 0.603125 0.508594 0.602083 0.510156 0.600000 0.510938 0.598958 0.510938 0.597917
0 0.185938 0.600000 0.191406 0.600000 0.192188 0.600000 0.192188 0.601042 0.192188 0.602083 0.192969 0.603125 0.193750 0.603125 0.193750 0.605208 0.193750 0.606250 0.190625 0.610417 0.189844 0.611458 0.189062 0.611458 0.188281 0.610417 0.187500 0.610417 0.186719 0.609375 0.185938 0.608333 0.185156 0.608333 0.184375 0.607292 0.183594 0.606250 0.183594 0.603125 0.183594 0.602083 0.184375 0.602083 0.185938 0.600000
0 0.808594 0.603125 0.811719 0.603125 0.812500 0.603125 0.813281 0.604167 0.814063 0.605208 0.814063 0.606250 0.813281 0.607292 0.813281 0.608333 0.813281 0.609375 0.812500 0.610417 0.811719 0.611458 0.811719 0.615625 0.810937 0.616667 0.810156 0.616667 0.809375 0.616667 0.808594 0.615625 0.807031 0.615625 0.806250 0.615625 0.806250 0.614583 0.805469 0.613542 0.804688 0.613542 0.804688 0.609375 0.804688 0.608333 0.805469 0.607292 0.806250 0.607292 0.807031 0.606250 0.807031 0.605208 0.808594 0.603125
0 0.621875 0.605208 0.625000 0.605208 0.625781 0.605208 0.625781 0.606250 0.625781 0.607292 0.626563 0.608333 0.628125 0.608333 0.628906 0.608333 0.628906 0.611458 0.628906 0.612500 0.625781 0.616667 0.625000 0.617708 0.624219 0.617708 0.623437 0.618750 0.622656 0.618750 0.621094 0.616667 0.620313 0.615625 0.620313 0.613542 0.619531 0.612500 0.619531 0.610417 0.619531 0.609375 0.620313 0.609375 0.621094 0.608333 0.621094 0.607292 0.621094 0.606250 0.621875 0.605208
0 0.885156 0.611458 0.885938 0.612500 0.886719 0.613542 0.886719 0.614583 0.886719 0.615625 0.885938 0.616667 0.885156 0.616667 0.884375 0.616667 0.883594 0.617708 0.882031 0.617708 0.881250 0.618750 0.881250 0.615625 0.881250 0.614583 0.882031 0.614583 0.882812 0.613542 0.883594 0.612500 0.884375 0.612500 0.885156 0.611458
0 0.609375 0.616667 0.610156 0.617708 0.610938 0.617708 0.611719 0.617708 0.611719 0.618750 0.611719 0.619792 0.612500 0.620833 0.613281 0.620833 0.614062 0.620833 0.614062 0.621875 0.614844 0.622917 0.614844 0.623958 0.612500 0.627083 0.611719 0.628125 0.610938 0.628125 0.610156 0.629167 0.609375 0.629167 0.608594 0.630208 0.607812 0.631250 0.606250 0.631250 0.605469 0.631250 0.604688 0.632292 0.603906 0.633333 0.603906 0.630208 0.603906 0.629167 0.603125 0.628125 0.602344 0.628125 0.602344 0.625000 0.602344 0.623958 0.603125 0.622917 0.603125 0.621875 0.603125 0.620833 0.604688 0.620833 0.605469 0.620833 0.606250 0.619792 0.607031 0.618750 0.607812 0.618750 0.608594 0.618750 0.609375 0.617708 0.609375 0.616667
0 0.721094 0.620833 0.721875 0.620833 0.722656 0.620833 0.722656 0.621875 0.722656 0.622917 0.721875 0.623958 0.721875 0.625000 0.721875 0.626042 0.721094 0.627083 0.720313 0.627083 0.719531 0.628125 0.718750 0.628125 0.717969 0.628125 0.717969 0.627083 0.717969 0.626042 0.718750 0.625000 0.718750 0.623958 0.719531 0.622917 0.719531 0.621875 0.720313 0.621875 0.721094 0.620833
0 0.803906 0.627083 0.809375 0.627083 0.810156 0.627083 0.810156 0.630208 0.810156 0.631250 0.809375 0.632292 0.808594 0.632292 0.807813 0.633333 0.807031 0.633333 0.806250 0.634375 0.805469 0.634375 0.804688 0.635417 0.803906 0.635417 0.803125 0.636458 0.802344 0.636458 0.802344 0.631250 0.801562 0.630208 0.803906 0.627083
0 0.242969 0.630208 0.246094 0.630208 0.246875 0.630208 0.247656 0.631250 0.248438 0.631250 0.248438 0.632292 0.249219 0.633333 0.249219 0.634375 0.248438 0.635417 0.248438 0.636458 0.248438 0.637500 0.247656 0.638542 0.247656 0.639583 0.246875 0.640625 0.245312 0.640625 0.244531 0.640625 0.243750 0.641667 0.242188 0.641667 0.241406 0.641667 0.241406 0.640625 0.240625 0.639583 0.239844 0.639583 0.239063 0.638542 0.238281 0.638542 0.238281 0.637500 0.237500 0.636458 0.237500 0.635417 0.237500 0.634375 0.238281 0.633333 0.238281 0.632292 0.239063 0.632292 0.239844 0.631250 0.241406 0.631250 0.242188 0.631250 0.242969 0.630208
0 0.463281 0.633333 0.464062 0.634375 0.466406 0.634375 0.467187 0.634375 0.467187 0.638542 0.467187 0.639583 0.467969 0.640625 0.467969 0.641667 0.467969 0.642708 0.468750 0.643750 0.468750 0.644792 0.466406 0.647917 0.465625 0.648958 0.464844 0.648958 0.462500 0.652083 0.461719 0.652083 0.461719 0.651042 0.460938 0.650000 0.460156 0.650000 0.460156 0.648958 0.460156 0.647917 0.459375 0.646875 0.458594 0.645833 0.458594 0.644792 0.457813 0.643750 0.457813 0.641667 0.457813 0.640625 0.458594 0.639583 0.458594 0.638542 0.459375 0.637500 0.460156 0.637500 0.463281 0.633333
0 0.593750 0.633333 0.596875 0.633333 0.597656 0.634375 0.596875 0.635417 0.596875 0.640625 0.596875 0.641667 0.596094 0.642708 0.595313 0.643750 0.595313 0.644792 0.595313 0.645833 0.594531 0.646875 0.593750 0.647917 0.592969 0.647917 0.592187 0.648958 0.590625 0.648958 0.589844 0.648958 0.589063 0.647917 0.586719 0.647917 0.585938 0.647917 0.585156 0.646875 0.584375 0.645833 0.584375 0.644792 0.583594 0.643750 0.584375 0.642708 0.584375 0.641667 0.584375 0.640625 0.585156 0.639583 0.585938 0.639583 0.588281 0.636458 0.588281 0.635417 0.589063 0.635417 0.589844 0.634375 0.592187 0.634375 0.592969 0.634375 0.593750 0.633333
0 0.528906 0.634375 0.529687 0.634375 0.530469 0.634375 0.530469 0.635417 0.530469 0.636458 0.531250 0.637500 0.532031 0.637500 0.532031 0.640625 0.532813 0.641667 0.535156 0.641667 0.535937 0.641667 0.535937 0.642708 0.535937 0.643750 0.535156 0.644792 0.535156 0.645833 0.534375 0.646875 0.534375 0.647917 0.532813 0.650000 0.532031 0.651042 0.532031 0.652083 0.531250 0.653125 0.528906 0.653125 0.528125 0.653125 0.527344 0.654167 0.526563 0.655208 0.525781 0.655208 0.525000 0.655208 0.525000 0.643750 0.525000 0.642708 0.525781 0.641667 0.525781 0.640625 0.526563 0.640625 0.527344 0.639583 0.527344 0.637500 0.527344 0.636458 0.528906 0.634375
0 0.405469 0.635417 0.409375 0.635417 0.410156 0.635417 0.410938 0.636458 0.412500 0.636458 0.413281 0.636458 0.413281 0.637500 0.413281 0.638542 0.412500 0.639583 0.412500 0.640625 0.410938 0.642708 0.410938 0.643750 0.410156 0.644792 0.409375 0.645833 0.408594 0.645833 0.407813 0.646875 0.407031 0.645833 0.406250 0.645833 0.405469 0.645833 0.404687 0.644792 0.404687 0.643750 0.403906 0.642708 0.403906 0.640625 0.403906 0.639583 0.404687 0.638542 0.405469 0.637500 0.405469 0.635417
0 0.943750 0.637500 0.944531 0.637500 0.945312 0.637500 0.945312 0.638542 0.946094 0.639583 0.946094 0.641667 0.946094 0.642708 0.945312 0.643750 0.944531 0.643750 0.943750 0.644792 0.942969 0.644792 0.942187 0.644792 0.942187 0.642708 0.941406 0.641667 0.942187 0.640625 0.942187 0.639583 0.943750 0.637500
0 0.005469 0.639583 0.006250 0.639583 0.007031 0.639583 0.007812 0.640625 0.009375 0.640625 0.010156 0.640625 0.010937 0.641667 0.011719 0.641667 0.012500 0.642708 0.013281 0.643750 0.013281 0.644792 0.013281 0.645833 0.012500 0.646875 0.012500 0.647917 0.011719 0.648958 0.010937 0.648958 0.009375 0.651042 0.008594 0.652083 0.008594 0.651042 0.008594 0.650000 0.007812 0.648958 0.007031 0.647917 0.006250 0.647917 0.005469 0.647917 0.005469 0.646875 0.004687 0.645833 0.003906 0.645833 0.003125 0.644792 0.003125 0.643750 0.003125 0.642708 0.005469 0.639583
0 0.430469 0.639583 0.432031 0.639583 0.432812 0.639583 0.433594 0.640625 0.433594 0.641667 0.434375 0.642708 0.435156 0.643750 0.437500 0.643750 0.438281 0.643750 0.438281 0.644792 0.438281 0.645833 0.439063 0.646875 0.439844 0.646875 0.439844 0.655208 0.439844 0.656250 0.439063 0.657292 0.438281 0.658333 0.438281 0.661458 0.438281 0.662500 0.439063 0.663542 0.439063 0.664583 0.439063 0.665625 0.438281 0.666667 0.437500 0.667708 0.435156 0.667708 0.434375 0.668750 0.431250 0.668750 0.430469 0.668750 0.429688 0.669792 0.428906 0.670833 0.428906 0.671875 0.428906 0.672917 0.428125 0.673958 0.427344 0.673958 0.426563 0.672917 0.425781 0.672917 0.424219 0.670833 0.423438 0.669792 0.423438 0.668750 0.422656 0.667708 0.422656 0.666667 0.422656 0.665625 0.423438 0.664583 0.423438 0.663542 0.424219 0.662500 0.424219 0.661458 0.425000 0.660417 0.425781 0.659375 0.425781 0.655208 0.425781 0.654167 0.425000 0.653125 0.424219 0.652083 0.424219 0.647917 0.424219 0.646875 0.428125 0.641667 0.428906 0.640625 0.429688 0.640625 0.430469 0.639583
0 0.814844 0.644792 0.816406 0.644792 0.817187 0.644792 0.817969 0.645833 0.818750 0.645833 0.819531 0.646875 0.820312 0.646875 0.820312 0.647917 0.820312 0.648958 0.821094 0.650000 0.821094 0.651042 0.821094 0.652083 0.820312 0.653125 0.816406 0.653125 0.815625 0.653125 0.814844 0.654167 0.814063 0.654167 0.814063 0.653125 0.813281 0.652083 0.812500 0.651042 0.813281 0.650000 0.813281 0.646875 0.813281 0.645833 0.814063 0.645833 0.814844 0.644792
0 0.740625 0.650000 0.742188 0.650000 0.742969 0.650000 0.743750 0.651042 0.744531 0.651042 0.744531 0.652083 0.745313 0.653125 0.745313 0.662500 0.745313 0.663542 0.742969 0.666667 0.742188 0.667708 0.741406 0.667708 0.740625 0.667708 0.739844 0.668750 0.739844 0.669792 0.739062 0.668750 0.738281 0.668750 0.738281 0.667708 0.737500 0.666667 0.736719 0.666667 0.735938 0.665625 0.735156 0.664583 0.735938 0.663542 0.735938 0.656250 0.735938 0.655208 0.737500 0.653125 0.737500 0.652083 0.739062 0.652083 0.739844 0.652083 0.740625 0.651042 0.740625 0.650000
0 0.087500 0.654167 0.088281 0.654167 0.089063 0.654167 0.089844 0.655208 0.090625 0.655208 0.091406 0.655208 0.091406 0.658333 0.091406 0.659375 0.090625 0.660417 0.090625 0.661458 0.089844 0.662500 0.089844 0.663542 0.089063 0.664583 0.088281 0.664583 0.087500 0.665625 0.086719 0.665625 0.085938 0.666667 0.083594 0.666667 0.082812 0.666667 0.082812 0.658333 0.082031 0.657292 0.082812 0.657292 0.083594 0.656250 0.084375 0.655208 0.085938 0.655208 0.086719 0.655208 0.087500 0.654167
0 0.604688 0.663542 0.606250 0.663542 0.607031 0.664583 0.607031 0.665625 0.607031 0.666667 0.607812 0.667708 0.607812 0.668750 0.608594 0.669792 0.607812 0.670833 0.607031 0.671875 0.604688 0.671875 0.603906 0.671875 0.603125 0.672917 0.601562 0.672917 0.600781 0.672917 0.599219 0.670833 0.598437 0.669792 0.598437 0.667708 0.598437 0.666667 0.599219 0.665625 0.600000 0.664583 0.603125 0.664583 0.603906 0.664583 0.604688 0.663542
0 0.260156 0.667708 0.260937 0.668750 0.261719 0.668750 0.262500 0.668750 0.262500 0.670833 0.263281 0.671875 0.262500 0.672917 0.262500 0.673958 0.261719 0.675000 0.260937 0.675000 0.260156 0.675000 0.259375 0.673958 0.258594 0.672917 0.258594 0.670833 0.257812 0.669792 0.258594 0.668750 0.259375 0.668750 0.260156 0.667708
0 0.898438 0.669792 0.899219 0.669792 0.900000 0.669792 0.900781 0.670833 0.901563 0.670833 0.902344 0.671875 0.902344 0.675000 0.901563 0.676042 0.900781 0.676042 0.900000 0.676042 0.899219 0.675000 0.897656 0.675000 0.896875 0.675000 0.896875 0.672917 0.896094 0.671875 0.896875 0.670833 0.897656 0.670833 0.898438 0.669792
0 0.717969 0.673958 0.718750 0.675000 0.719531 0.675000 0.720313 0.676042 0.721875 0.676042 0.721875 0.677083 0.721094 0.678125 0.721094 0.679167 0.720313 0.680208 0.719531 0.680208 0.718750 0.681250 0.717969 0.682292 0.714844 0.682292 0.714063 0.682292 0.714063 0.678125 0.714063 0.677083 0.714844 0.677083 0.715625 0.676042 0.716406 0.676042 0.717969 0.673958
0 0.489844 0.679167 0.491406 0.679167 0.492188 0.679167 0.492188 0.682292 0.492188 0.683333 0.491406 0.684375 0.490625 0.684375 0.489844 0.685417 0.489063 0.685417 0.489063 0.682292 0.489063 0.681250 0.489844 0.680208 0.489844 0.679167
0 0.920312 0.050000 0.923438 0.050000 0.924219 0.050000 0.929688 0.054167 0.930469 0.055208 0.933594 0.064583 0.934375 0.065625 0.934375 0.069792 0.934375 0.070833 0.932813 0.075000 0.932031 0.076042 0.925781 0.078125 0.925000 0.078125 0.917188 0.072917 0.916406 0.071875 0.915625 0.060417 0.915625 0.059375 0.916406 0.056250 0.916406 0.055208 0.920312 0.050000
0 0.906250 0.060417 0.910937 0.060417 0.911719 0.060417 0.913281 0.062500 0.914062 0.063542 0.914062 0.070833 0.914062 0.071875 0.910937 0.075000 0.910156 0.076042 0.907813 0.076042 0.907031 0.076042 0.904687 0.072917 0.903906 0.071875 0.903906 0.064583 0.903906 0.063542 0.906250 0.060417
0 0.907031 0.091667 0.910156 0.094792 0.910937 0.095833 0.911719 0.098958 0.912500 0.100000 0.911719 0.105208 0.911719 0.106250 0.905469 0.109375 0.904687 0.110417 0.896875 0.109375 0.896094 0.109375 0.894531 0.106250 0.893750 0.105208 0.894531 0.101042 0.894531 0.100000 0.898438 0.095833 0.899219 0.094792 0.907031 0.091667
0 0.982031 0.088542 0.985938 0.090625 0.986719 0.091667 0.985938 0.110417 0.985938 0.111458 0.986719 0.112500 0.987500 0.113542 0.992969 0.115625 0.993750 0.116667 0.994531 0.121875 0.995313 0.122917 0.995313 0.136458 0.995313 0.137500 0.992969 0.143750 0.992969 0.144792 0.988281 0.148958 0.987500 0.150000 0.985156 0.151042 0.984375 0.152083 0.973437 0.153125 0.972656 0.153125 0.964844 0.148958 0.964063 0.147917 0.958594 0.130208 0.958594 0.129167 0.953125 0.120833 0.952344 0.119792 0.952344 0.113542 0.952344 0.112500 0.954688 0.104167 0.954688 0.103125 0.968750 0.093750 0.969531 0.092708 0.974219 0.092708 0.975000 0.092708 0.982031 0.088542
0 0.778906 0.063542 0.785156 0.063542 0.785937 0.063542 0.788281 0.065625 0.789062 0.066667 0.789062 0.068750 0.789062 0.069792 0.779687 0.087500 0.779687 0.088542 0.776563 0.089583 0.775781 0.090625 0.775000 0.089583 0.774219 0.088542 0.775781 0.071875 0.775000 0.070833 0.776563 0.066667 0.776563 0.065625 0.778906 0.063542
0 0.758594 0.096875 0.762500 0.097917 0.763281 0.097917 0.767188 0.103125 0.767969 0.104167 0.768750 0.106250 0.769531 0.107292 0.769531 0.111458 0.769531 0.112500 0.767969 0.114583 0.767188 0.115625 0.762500 0.114583 0.761719 0.114583 0.757812 0.108333 0.757031 0.107292 0.756250 0.103125 0.756250 0.102083 0.758594 0.096875
0 0.707812 0.039583 0.715625 0.039583 0.716406 0.039583 0.718750 0.042708 0.719531 0.043750 0.719531 0.050000 0.719531 0.051042 0.714844 0.068750 0.714063 0.069792 0.708594 0.069792 0.707812 0.069792 0.703125 0.066667 0.702344 0.066667 0.700000 0.063542 0.699219 0.062500 0.698438 0.058333 0.697656 0.057292 0.697656 0.050000 0.697656 0.048958 0.707812 0.039583
0 0.696094 0.071875 0.702344 0.071875 0.703125 0.071875 0.705469 0.075000 0.706250 0.076042 0.711719 0.078125 0.712500 0.078125 0.713281 0.082292 0.713281 0.083333 0.711719 0.087500 0.711719 0.088542 0.703125 0.098958 0.702344 0.100000 0.691406 0.101042 0.690625 0.101042 0.687500 0.097917 0.686719 0.096875 0.685937 0.091667 0.685937 0.090625 0.691406 0.077083 0.691406 0.076042 0.696094 0.071875
0 0.942187 0.446875 0.946875 0.447917 0.947656 0.447917 0.951562 0.453125 0.952344 0.454167 0.958594 0.456250 0.959375 0.457292 0.961719 0.476042 0.961719 0.477083 0.956250 0.490625 0.955469 0.491667 0.935937 0.495833 0.935156 0.495833 0.932031 0.497917 0.931250 0.498958 0.928906 0.506250 0.928906 0.507292 0.923438 0.511458 0.922656 0.512500 0.914062 0.509375 0.913281 0.508333 0.901563 0.507292 0.900781 0.507292 0.899219 0.504167 0.898438 0.503125 0.898438 0.491667 0.898438 0.490625 0.896094 0.487500 0.895312 0.486458 0.891406 0.484375 0.890625 0.483333 0.882812 0.482292 0.882031 0.481250 0.882812 0.478125 0.883594 0.477083 0.888281 0.477083 0.889062 0.477083 0.891406 0.475000 0.892188 0.473958 0.903125 0.479167 0.903906 0.480208 0.907031 0.480208 0.907813 0.480208 0.915625 0.461458 0.916406 0.460417 0.920312 0.461458 0.921094 0.462500 0.927344 0.461458 0.928125 0.461458 0.935937 0.451042 0.936719 0.450000 0.942187 0.446875
0 0.992188 0.468750 0.998437 0.469792 0.999219 0.469792 0.998437 0.495833 0.997656 0.496875 0.993750 0.496875 0.992969 0.496875 0.989844 0.490625 0.989844 0.489583 0.985938 0.486458 0.985156 0.485417 0.985938 0.475000 0.985938 0.473958 0.992188 0.468750
0 0.853906 0.537500 0.856250 0.538542 0.857031 0.538542 0.857812 0.540625 0.858594 0.541667 0.858594 0.560417 0.858594 0.561458 0.857031 0.564583 0.856250 0.565625 0.850000 0.567708 0.849219 0.567708 0.842187 0.561458 0.841406 0.560417 0.841406 0.552083 0.841406 0.551042 0.844531 0.543750 0.845313 0.542708 0.853906 0.537500
0 0.872656 0.532292 0.875000 0.533333 0.875781 0.533333 0.876563 0.535417 0.877344 0.536458 0.876563 0.543750 0.876563 0.544792 0.875781 0.545833 0.875000 0.546875 0.869531 0.546875 0.868750 0.546875 0.866406 0.544792 0.865625 0.544792 0.863281 0.538542 0.863281 0.537500 0.865625 0.535417 0.866406 0.534375 0.872656 0.532292
0 0.772656 0.457292 0.774219 0.457292 0.775000 0.457292 0.780469 0.461458 0.781250 0.462500 0.792969 0.467708 0.793750 0.468750 0.798438 0.469792 0.799219 0.469792 0.802344 0.472917 0.803125 0.473958 0.803906 0.479167 0.804688 0.480208 0.804688 0.492708 0.804688 0.493750 0.796875 0.507292 0.796094 0.508333 0.790625 0.508333 0.789844 0.508333 0.785937 0.505208 0.785156 0.504167 0.778906 0.504167 0.778125 0.504167 0.771094 0.500000 0.770312 0.498958 0.767969 0.480208 0.767969 0.479167 0.764844 0.473958 0.764062 0.473958 0.763281 0.469792 0.763281 0.468750 0.764844 0.463542 0.764844 0.462500 0.767188 0.459375 0.767969 0.458333 0.772656 0.457292
0 0.767969 0.420833 0.770312 0.420833 0.771094 0.420833 0.772656 0.423958 0.773438 0.425000 0.772656 0.432292 0.771875 0.433333 0.775000 0.439583 0.775781 0.440625 0.775781 0.448958 0.775781 0.450000 0.777344 0.456250 0.777344 0.457292 0.782031 0.462500 0.782813 0.463542 0.799219 0.470833 0.800000 0.470833 0.803125 0.477083 0.803906 0.478125 0.803906 0.495833 0.803906 0.496875 0.795312 0.507292 0.794531 0.508333 0.778906 0.504167 0.778125 0.504167 0.772656 0.500000 0.771875 0.500000 0.771094 0.498958 0.770312 0.497917 0.769531 0.488542 0.769531 0.487500 0.767188 0.479167 0.767188 0.478125 0.764062 0.473958 0.763281 0.472917 0.763281 0.469792 0.763281 0.468750 0.764844 0.465625 0.764844 0.464583 0.764062 0.462500 0.763281 0.461458 0.757031 0.460417 0.756250 0.459375 0.754687 0.444792 0.754687 0.443750 0.758594 0.435417 0.758594 0.434375 0.760156 0.432292 0.760938 0.431250 0.765625 0.429167 0.766406 0.428125 0.766406 0.423958 0.766406 0.422917 0.767969 0.420833
0 0.789062 0.365625 0.803906 0.369792 0.804688 0.369792 0.807031 0.375000 0.807813 0.376042 0.807813 0.380208 0.807813 0.381250 0.806250 0.383333 0.805469 0.384375 0.803906 0.384375 0.803125 0.385417 0.786719 0.381250 0.785937 0.381250 0.783594 0.376042 0.783594 0.375000 0.785937 0.369792 0.785937 0.368750 0.789062 0.365625
0 0.764844 0.386458 0.768750 0.386458 0.769531 0.386458 0.770312 0.393750 0.770312 0.394792 0.766406 0.404167 0.766406 0.405208 0.764062 0.407292 0.763281 0.408333 0.760938 0.408333 0.760156 0.408333 0.757031 0.404167 0.756250 0.403125 0.756250 0.393750 0.756250 0.392708 0.757812 0.389583 0.758594 0.388542 0.764844 0.386458
0 0.723437 0.497917 0.726562 0.497917 0.727344 0.497917 0.730469 0.501042 0.731250 0.502083 0.728906 0.515625 0.728906 0.516667 0.725781 0.518750 0.725000 0.519792 0.717187 0.518750 0.716406 0.518750 0.714063 0.516667 0.713281 0.516667 0.714063 0.509375 0.714063 0.508333 0.719531 0.501042 0.720313 0.500000 0.723437 0.497917
0 0.721875 0.522917 0.729688 0.523958 0.730469 0.523958 0.731250 0.530208 0.731250 0.531250 0.729688 0.534375 0.728906 0.535417 0.725781 0.535417 0.725000 0.535417 0.719531 0.530208 0.718750 0.529167 0.719531 0.526042 0.719531 0.525000 0.721875 0.522917
0 0.677344 0.310417 0.678906 0.310417 0.679688 0.310417 0.683594 0.317708 0.684375 0.318750 0.682813 0.328125 0.682031 0.329167 0.684375 0.334375 0.685156 0.335417 0.683594 0.346875 0.683594 0.347917 0.680469 0.353125 0.679688 0.354167 0.662500 0.355208 0.661719 0.355208 0.658594 0.352083 0.657813 0.351042 0.657813 0.345833 0.657813 0.344792 0.663281 0.334375 0.664062 0.333333 0.667188 0.323958 0.667188 0.322917 0.677344 0.310417
0 0.709375 0.306250 0.714063 0.308333 0.714844 0.308333 0.715625 0.314583 0.715625 0.315625 0.714063 0.318750 0.713281 0.319792 0.712500 0.327083 0.711719 0.328125 0.712500 0.335417 0.713281 0.336458 0.713281 0.354167 0.713281 0.355208 0.711719 0.359375 0.711719 0.360417 0.710156 0.362500 0.709375 0.363542 0.707812 0.363542 0.707031 0.363542 0.702344 0.360417 0.701562 0.359375 0.700781 0.354167 0.700000 0.353125 0.700000 0.329167 0.700000 0.328125 0.698438 0.319792 0.698438 0.318750 0.700000 0.314583 0.700781 0.313542 0.703906 0.312500 0.704688 0.312500 0.709375 0.306250
0 0.689063 0.311458 0.691406 0.312500 0.692187 0.312500 0.695312 0.318750 0.696094 0.319792 0.696094 0.329167 0.696094 0.330208 0.693750 0.335417 0.692969 0.336458 0.687500 0.334375 0.686719 0.334375 0.684375 0.330208 0.683594 0.329167 0.684375 0.316667 0.683594 0.315625 0.689063 0.311458
0 0.618750 0.343750 0.624219 0.343750 0.625000 0.343750 0.627344 0.345833 0.628125 0.345833 0.632812 0.358333 0.633594 0.359375 0.633594 0.363542 0.633594 0.364583 0.628906 0.377083 0.628906 0.378125 0.622656 0.380208 0.621875 0.380208 0.616406 0.385417 0.615625 0.386458 0.610938 0.387500 0.610156 0.387500 0.600781 0.373958 0.600000 0.372917 0.598437 0.358333 0.598437 0.357292 0.600000 0.353125 0.600000 0.352083 0.618750 0.343750
0 0.634375 0.365625 0.638281 0.365625 0.639062 0.365625 0.644531 0.377083 0.645312 0.378125 0.646094 0.387500 0.646094 0.388542 0.641406 0.394792 0.640625 0.395833 0.631250 0.395833 0.630469 0.395833 0.628906 0.392708 0.628125 0.391667 0.628125 0.382292 0.628125 0.381250 0.632031 0.369792 0.632031 0.368750 0.634375 0.365625
0 0.625781 0.320833 0.628906 0.320833 0.629687 0.320833 0.632031 0.322917 0.632812 0.322917 0.635156 0.328125 0.635938 0.329167 0.635938 0.334375 0.635938 0.335417 0.632031 0.343750 0.631250 0.344792 0.626563 0.343750 0.625781 0.343750 0.624219 0.341667 0.623437 0.340625 0.621875 0.334375 0.621094 0.333333 0.621094 0.329167 0.621094 0.328125 0.625781 0.320833
0 0.593750 0.335417 0.596875 0.336458 0.597656 0.336458 0.600781 0.340625 0.601562 0.341667 0.601562 0.348958 0.601562 0.350000 0.598437 0.355208 0.598437 0.356250 0.594531 0.361458 0.593750 0.362500 0.591406 0.363542 0.590625 0.363542 0.589063 0.362500 0.588281 0.362500 0.585938 0.358333 0.585156 0.357292 0.584375 0.344792 0.584375 0.343750 0.586719 0.340625 0.587500 0.339583 0.593750 0.335417
0 0.617969 0.517708 0.627344 0.517708 0.628125 0.517708 0.630469 0.521875 0.630469 0.522917 0.627344 0.529167 0.626563 0.530208 0.617188 0.539583 0.616406 0.540625 0.603906 0.539583 0.603125 0.539583 0.598437 0.534375 0.597656 0.533333 0.601562 0.525000 0.602344 0.523958 0.604688 0.522917 0.605469 0.521875 0.612500 0.520833 0.613281 0.520833 0.617969 0.517708
0 0.672656 0.537500 0.676562 0.538542 0.677344 0.539583 0.684375 0.539583 0.685156 0.539583 0.690625 0.546875 0.691406 0.547917 0.691406 0.550000 0.691406 0.551042 0.687500 0.556250 0.686719 0.557292 0.684375 0.557292 0.683594 0.557292 0.681250 0.555208 0.680469 0.555208 0.671875 0.544792 0.671094 0.543750 0.671094 0.540625 0.671094 0.539583 0.672656 0.537500
0 0.558594 0.555208 0.563281 0.555208 0.564063 0.555208 0.567187 0.558333 0.567969 0.558333 0.569531 0.561458 0.570312 0.562500 0.571094 0.569792 0.571875 0.570833 0.571875 0.573958 0.571875 0.575000 0.567969 0.582292 0.567969 0.583333 0.566406 0.585417 0.565625 0.586458 0.561719 0.587500 0.560937 0.588542 0.553906 0.584375 0.553125 0.584375 0.552344 0.581250 0.551562 0.580208 0.551562 0.573958 0.550781 0.572917 0.550781 0.564583 0.550781 0.563542 0.553125 0.559375 0.553906 0.558333 0.558594 0.555208
0 0.491406 0.448958 0.507812 0.451042 0.508594 0.452083 0.512500 0.450000 0.513281 0.450000 0.515625 0.455208 0.516406 0.456250 0.515625 0.462500 0.515625 0.463542 0.507812 0.473958 0.507031 0.475000 0.498437 0.478125 0.497656 0.479167 0.492969 0.472917 0.492188 0.471875 0.491406 0.454167 0.490625 0.453125 0.491406 0.448958
0 0.533594 0.458333 0.536719 0.459375 0.537500 0.460417 0.537500 0.469792 0.537500 0.470833 0.534375 0.475000 0.533594 0.476042 0.525781 0.478125 0.525000 0.478125 0.519531 0.486458 0.518750 0.487500 0.514062 0.487500 0.513281 0.487500 0.508594 0.478125 0.507812 0.477083 0.509375 0.471875 0.509375 0.470833 0.513281 0.465625 0.514062 0.464583 0.526563 0.464583 0.527344 0.464583 0.533594 0.458333
0 0.513281 0.491667 0.520312 0.491667 0.521094 0.491667 0.523438 0.493750 0.524219 0.494792 0.525781 0.500000 0.526563 0.501042 0.525000 0.508333 0.525000 0.509375 0.512500 0.510417 0.511719 0.510417 0.508594 0.508333 0.507812 0.507292 0.504687 0.494792 0.504687 0.493750 0.513281 0.491667
0 0.460156 0.481250 0.462500 0.481250 0.463281 0.481250 0.465625 0.483333 0.466406 0.484375 0.465625 0.494792 0.464844 0.495833 0.465625 0.500000 0.466406 0.501042 0.465625 0.504167 0.465625 0.505208 0.460938 0.508333 0.460156 0.508333 0.455469 0.514583 0.454688 0.515625 0.450781 0.515625 0.450000 0.515625 0.449219 0.517708 0.448437 0.518750 0.448437 0.528125 0.447656 0.529167 0.432812 0.529167 0.432031 0.529167 0.431250 0.519792 0.431250 0.518750 0.432812 0.512500 0.432812 0.511458 0.438281 0.498958 0.439063 0.497917 0.439063 0.488542 0.439063 0.487500 0.440625 0.486458 0.441406 0.485417 0.450000 0.487500 0.450781 0.487500 0.460156 0.481250
0 0.606250 0.688542 0.607812 0.689583 0.608594 0.689583 0.610938 0.693750 0.611719 0.694792 0.610938 0.703125 0.610938 0.704167 0.606250 0.709375 0.605469 0.710417 0.600000 0.711458 0.599219 0.711458 0.596875 0.702083 0.596094 0.701042 0.596875 0.696875 0.596875 0.695833 0.598437 0.692708 0.598437 0.691667 0.606250 0.688542
0 0.589844 0.679167 0.594531 0.679167 0.595313 0.679167 0.597656 0.681250 0.598437 0.681250 0.599219 0.682292 0.600000 0.683333 0.600000 0.688542 0.600000 0.689583 0.598437 0.690625 0.597656 0.691667 0.594531 0.691667 0.593750 0.691667 0.590625 0.689583 0.589844 0.689583 0.588281 0.687500 0.587500 0.686458 0.587500 0.683333 0.587500 0.682292 0.589844 0.679167
0 0.742969 0.607292 0.745313 0.608333 0.746094 0.609375 0.750000 0.625000 0.750000 0.626042 0.754687 0.634375 0.755469 0.635417 0.770312 0.635417 0.771094 0.636458 0.764062 0.647917 0.763281 0.648958 0.750781 0.646875 0.750000 0.645833 0.741406 0.645833 0.740625 0.645833 0.737500 0.643750 0.736719 0.642708 0.735156 0.631250 0.734375 0.630208 0.734375 0.619792 0.734375 0.618750 0.735938 0.615625 0.735938 0.614583 0.742969 0.607292
0 0.628125 0.127083 0.637500 0.127083 0.638281 0.127083 0.640625 0.130208 0.641406 0.131250 0.639844 0.140625 0.639844 0.141667 0.635938 0.146875 0.635156 0.147917 0.632812 0.156250 0.632031 0.157292 0.628906 0.158333 0.628125 0.158333 0.622656 0.155208 0.621875 0.154167 0.619531 0.155208 0.618750 0.155208 0.615625 0.153125 0.614844 0.153125 0.614062 0.151042 0.613281 0.150000 0.613281 0.145833 0.613281 0.144792 0.616406 0.141667 0.617188 0.140625 0.621875 0.139583 0.622656 0.139583 0.625781 0.130208 0.625781 0.129167 0.628125 0.127083
0 0.469531 0.090625 0.478906 0.090625 0.479687 0.090625 0.492188 0.102083 0.492969 0.102083 0.496094 0.108333 0.496875 0.109375 0.496094 0.115625 0.496094 0.116667 0.492188 0.119792 0.491406 0.120833 0.479687 0.119792 0.478906 0.119792 0.471875 0.122917 0.471094 0.123958 0.460938 0.123958 0.460156 0.123958 0.450781 0.119792 0.450000 0.119792 0.446875 0.113542 0.446094 0.112500 0.446094 0.107292 0.446094 0.106250 0.448437 0.103125 0.448437 0.102083 0.450781 0.098958 0.451562 0.097917 0.457031 0.094792 0.457813 0.093750 0.469531 0.090625
0 0.514062 0.110417 0.517969 0.110417 0.518750 0.110417 0.520312 0.115625 0.521094 0.116667 0.521094 0.128125 0.521094 0.129167 0.517969 0.135417 0.517188 0.136458 0.514062 0.136458 0.513281 0.136458 0.503906 0.123958 0.503125 0.122917 0.503125 0.117708 0.503125 0.116667 0.504687 0.114583 0.505469 0.113542 0.514062 0.110417
0 0.441406 0.064583 0.446875 0.064583 0.447656 0.064583 0.453906 0.068750 0.454688 0.068750 0.455469 0.073958 0.455469 0.075000 0.452344 0.083333 0.451562 0.084375 0.446875 0.083333 0.446094 0.083333 0.439844 0.077083 0.439063 0.076042 0.439063 0.070833 0.439063 0.069792 0.441406 0.064583
0 0.330469 0.008333 0.333594 0.008333 0.334375 0.008333 0.336719 0.011458 0.337500 0.012500 0.336719 0.017708 0.336719 0.018750 0.335156 0.020833 0.334375 0.021875 0.330469 0.022917 0.329688 0.023958 0.326562 0.021875 0.325781 0.020833 0.325781 0.015625 0.325781 0.014583 0.330469 0.008333
0 0.336719 0.020833 0.340625 0.020833 0.341406 0.020833 0.343750 0.025000 0.344531 0.026042 0.344531 0.031250 0.344531 0.032292 0.342187 0.037500 0.342187 0.038542 0.340625 0.039583 0.339844 0.040625 0.330469 0.039583 0.329688 0.039583 0.328906 0.035417 0.328125 0.034375 0.329688 0.028125 0.329688 0.027083 0.330469 0.025000 0.331250 0.023958 0.336719 0.020833
0 0.278125 0.042708 0.285938 0.043750 0.286719 0.043750 0.289844 0.052083 0.289844 0.053125 0.294531 0.061458 0.294531 0.062500 0.301563 0.069792 0.302344 0.070833 0.303125 0.075000 0.303906 0.076042 0.303906 0.082292 0.303906 0.083333 0.303125 0.087500 0.303125 0.088542 0.296094 0.105208 0.296094 0.106250 0.290625 0.111458 0.289844 0.112500 0.284375 0.113542 0.283594 0.113542 0.281250 0.115625 0.280469 0.116667 0.279687 0.128125 0.279687 0.129167 0.283594 0.135417 0.284375 0.136458 0.286719 0.143750 0.286719 0.144792 0.281250 0.157292 0.281250 0.158333 0.278125 0.162500 0.277344 0.163542 0.271094 0.167708 0.270313 0.167708 0.268750 0.166667 0.267969 0.166667 0.259375 0.140625 0.259375 0.139583 0.253125 0.131250 0.252344 0.130208 0.246094 0.105208 0.245312 0.104167 0.245312 0.097917 0.245312 0.096875 0.249219 0.087500 0.250000 0.086458 0.250781 0.086458 0.251563 0.086458 0.255469 0.093750 0.256250 0.094792 0.262500 0.083333 0.262500 0.082292 0.267969 0.077083 0.268750 0.076042 0.271094 0.069792 0.271094 0.068750 0.274219 0.065625 0.275000 0.064583 0.275000 0.060417 0.275000 0.059375 0.272656 0.055208 0.271875 0.054167 0.271094 0.050000 0.271094 0.048958 0.272656 0.045833 0.273438 0.044792 0.278125 0.042708
0 0.282031 0.041667 0.285938 0.043750 0.286719 0.043750 0.292187 0.057292 0.292187 0.058333 0.295312 0.063542 0.296094 0.064583 0.300781 0.068750 0.301563 0.069792 0.302344 0.072917 0.303125 0.073958 0.302344 0.088542 0.302344 0.089583 0.296875 0.104167 0.296875 0.105208 0.292187 0.110417 0.291406 0.111458 0.286719 0.113542 0.285938 0.114583 0.280469 0.113542 0.279687 0.113542 0.272656 0.091667 0.272656 0.090625 0.268750 0.082292 0.267969 0.081250 0.270313 0.071875 0.270313 0.070833 0.275000 0.065625 0.275781 0.064583 0.275781 0.061458 0.275781 0.060417 0.272656 0.055208 0.271875 0.054167 0.271094 0.048958 0.271094 0.047917 0.273438 0.044792 0.274219 0.043750 0.282031 0.041667
0 0.264062 0.082292 0.265625 0.090625 0.265625 0.091667 0.266406 0.092708 0.267188 0.093750 0.270313 0.093750 0.271094 0.094792 0.276562 0.107292 0.277344 0.108333 0.278906 0.115625 0.279687 0.116667 0.279687 0.128125 0.279687 0.129167 0.285938 0.140625 0.286719 0.141667 0.285938 0.146875 0.285938 0.147917 0.282031 0.156250 0.282031 0.157292 0.278125 0.162500 0.277344 0.163542 0.272656 0.166667 0.271875 0.167708 0.267969 0.166667 0.267188 0.165625 0.260156 0.142708 0.260156 0.141667 0.253125 0.132292 0.252344 0.131250 0.246094 0.105208 0.245312 0.104167 0.245312 0.096875 0.245312 0.095833 0.248438 0.087500 0.249219 0.086458 0.250781 0.086458 0.251563 0.086458 0.255469 0.092708 0.256250 0.093750 0.260156 0.089583 0.260937 0.088542 0.262500 0.084375 0.262500 0.083333 0.264062 0.082292
0 0.250000 0.191667 0.253906 0.192708 0.254688 0.193750 0.257031 0.202083 0.257812 0.203125 0.255469 0.213542 0.254688 0.214583 0.254688 0.220833 0.254688 0.221875 0.252344 0.225000 0.251563 0.226042 0.245312 0.226042 0.244531 0.226042 0.239844 0.218750 0.239063 0.217708 0.225781 0.217708 0.225000 0.216667 0.225000 0.214583 0.225781 0.213542 0.231250 0.211458 0.232031 0.211458 0.238281 0.204167 0.239063 0.204167 0.246094 0.193750 0.246875 0.192708 0.250000 0.191667
0 0.235156 0.297917 0.239063 0.298958 0.239844 0.300000 0.245312 0.313542 0.246094 0.314583 0.245312 0.322917 0.245312 0.323958 0.242188 0.328125 0.241406 0.329167 0.239844 0.329167 0.239063 0.330208 0.234375 0.330208 0.233594 0.330208 0.228125 0.327083 0.227344 0.327083 0.224219 0.320833 0.223438 0.319792 0.222656 0.315625 0.221875 0.314583 0.223438 0.309375 0.224219 0.308333 0.230469 0.304167 0.231250 0.304167 0.235156 0.297917
0 0.251563 0.325000 0.257031 0.326042 0.257812 0.326042 0.263281 0.334375 0.264062 0.335417 0.264062 0.348958 0.264062 0.350000 0.263281 0.352083 0.263281 0.353125 0.260937 0.355208 0.260156 0.356250 0.255469 0.357292 0.254688 0.357292 0.249219 0.355208 0.248438 0.355208 0.242188 0.346875 0.241406 0.345833 0.242188 0.337500 0.242188 0.336458 0.251563 0.325000
0 0.365625 0.282292 0.368750 0.282292 0.369531 0.282292 0.371094 0.284375 0.371875 0.285417 0.371875 0.292708 0.371875 0.293750 0.368750 0.301042 0.367969 0.302083 0.367969 0.315625 0.367969 0.316667 0.365625 0.321875 0.364844 0.322917 0.357812 0.327083 0.357031 0.328125 0.345313 0.331250 0.344531 0.331250 0.338281 0.325000 0.337500 0.323958 0.330469 0.321875 0.329688 0.320833 0.330469 0.316667 0.330469 0.315625 0.334375 0.310417 0.334375 0.309375 0.339844 0.304167 0.340625 0.303125 0.343750 0.294792 0.344531 0.293750 0.361719 0.285417 0.362500 0.285417 0.365625 0.282292
0 0.364063 0.323958 0.365625 0.323958 0.366406 0.323958 0.372656 0.328125 0.373437 0.328125 0.378125 0.334375 0.378906 0.335417 0.379688 0.344792 0.380469 0.345833 0.383594 0.342708 0.384375 0.341667 0.387500 0.341667 0.388281 0.341667 0.396094 0.345833 0.396875 0.345833 0.400781 0.357292 0.401562 0.358333 0.400781 0.362500 0.400781 0.363542 0.392188 0.370833 0.391406 0.371875 0.388281 0.372917 0.387500 0.373958 0.374219 0.372917 0.373437 0.371875 0.366406 0.377083 0.365625 0.378125 0.361719 0.378125 0.360938 0.378125 0.357812 0.373958 0.357031 0.373958 0.351562 0.363542 0.350781 0.362500 0.349219 0.355208 0.349219 0.354167 0.351562 0.345833 0.351562 0.344792 0.357812 0.337500 0.358594 0.336458 0.359375 0.330208 0.359375 0.329167 0.364063 0.323958
0 0.378906 0.257292 0.381250 0.257292 0.382031 0.258333 0.382031 0.267708 0.382031 0.268750 0.389844 0.282292 0.390625 0.283333 0.392969 0.283333 0.393750 0.283333 0.398438 0.279167 0.399219 0.278125 0.404687 0.278125 0.405469 0.278125 0.410938 0.273958 0.411719 0.273958 0.414062 0.283333 0.414062 0.284375 0.419531 0.291667 0.420312 0.292708 0.430469 0.293750 0.431250 0.293750 0.435937 0.296875 0.436719 0.296875 0.438281 0.300000 0.439063 0.301042 0.439063 0.305208 0.439844 0.306250 0.439844 0.312500 0.439844 0.313542 0.438281 0.317708 0.438281 0.318750 0.436719 0.319792 0.435937 0.320833 0.432812 0.320833 0.432031 0.320833 0.428125 0.322917 0.427344 0.323958 0.421094 0.325000 0.420312 0.325000 0.414844 0.336458 0.414844 0.337500 0.412500 0.339583 0.411719 0.340625 0.400000 0.343750 0.399219 0.343750 0.389062 0.340625 0.388281 0.340625 0.383594 0.337500 0.382812 0.337500 0.371875 0.321875 0.371094 0.320833 0.368750 0.304167 0.368750 0.303125 0.371094 0.296875 0.371875 0.295833 0.373437 0.286458 0.373437 0.285417 0.371094 0.281250 0.370312 0.280208 0.366406 0.279167 0.365625 0.279167 0.364063 0.276042 0.363281 0.275000 0.363281 0.270833 0.363281 0.269792 0.364844 0.267708 0.365625 0.266667 0.372656 0.260417 0.373437 0.259375 0.378906 0.257292
0 0.301563 0.436458 0.312500 0.437500 0.313281 0.437500 0.316406 0.440625 0.317188 0.440625 0.318750 0.445833 0.319531 0.446875 0.317969 0.453125 0.317969 0.454167 0.315625 0.457292 0.314844 0.458333 0.310156 0.460417 0.309375 0.461458 0.296094 0.461458 0.295312 0.461458 0.293750 0.458333 0.292969 0.457292 0.292187 0.448958 0.292187 0.447917 0.295312 0.439583 0.296094 0.438542 0.301563 0.436458
0 0.285938 0.462500 0.292187 0.465625 0.292969 0.466667 0.307031 0.466667 0.307812 0.467708 0.307031 0.475000 0.307031 0.476042 0.303125 0.484375 0.303125 0.485417 0.300000 0.490625 0.299219 0.491667 0.295312 0.494792 0.294531 0.495833 0.289062 0.494792 0.288281 0.494792 0.284375 0.490625 0.283594 0.490625 0.280469 0.484375 0.279687 0.483333 0.278906 0.470833 0.278906 0.469792 0.285938 0.462500
0 0.328906 0.495833 0.329688 0.495833 0.330469 0.496875 0.330469 0.503125 0.330469 0.504167 0.333594 0.516667 0.333594 0.517708 0.328125 0.531250 0.327344 0.532292 0.320312 0.533333 0.319531 0.533333 0.314844 0.528125 0.314063 0.527083 0.313281 0.522917 0.313281 0.521875 0.322656 0.503125 0.322656 0.502083 0.328906 0.495833
0 0.348438 0.484375 0.356250 0.485417 0.357031 0.485417 0.359375 0.490625 0.360156 0.491667 0.359375 0.495833 0.359375 0.496875 0.345313 0.509375 0.344531 0.510417 0.339844 0.512500 0.339062 0.513542 0.335156 0.512500 0.334375 0.512500 0.328125 0.497917 0.328125 0.496875 0.330469 0.495833 0.331250 0.495833 0.337500 0.488542 0.338281 0.487500 0.341406 0.487500 0.342187 0.487500 0.348438 0.484375
0 0.375781 0.514583 0.378906 0.515625 0.379688 0.516667 0.381250 0.520833 0.382031 0.521875 0.382031 0.525000 0.382031 0.526042 0.378125 0.531250 0.377344 0.532292 0.373437 0.532292 0.372656 0.532292 0.371094 0.529167 0.370312 0.528125 0.369531 0.522917 0.369531 0.521875 0.371094 0.518750 0.371875 0.517708 0.375781 0.514583
0 0.371875 0.484375 0.378125 0.486458 0.378906 0.486458 0.384375 0.491667 0.385156 0.492708 0.385156 0.507292 0.385156 0.508333 0.378125 0.514583 0.377344 0.515625 0.373437 0.515625 0.372656 0.515625 0.367188 0.518750 0.366406 0.519792 0.353125 0.519792 0.352344 0.519792 0.351562 0.518750 0.350781 0.517708 0.352344 0.511458 0.352344 0.510417 0.358594 0.505208 0.359375 0.504167 0.364063 0.491667 0.364063 0.490625 0.366406 0.487500 0.367188 0.486458 0.371875 0.484375
0 0.339062 0.518750 0.341406 0.518750 0.342187 0.518750 0.343750 0.520833 0.344531 0.520833 0.350000 0.529167 0.350000 0.530208 0.353906 0.533333 0.354687 0.534375 0.355469 0.552083 0.355469 0.553125 0.353125 0.557292 0.352344 0.558333 0.348438 0.559375 0.347656 0.559375 0.339062 0.556250 0.338281 0.556250 0.337500 0.554167 0.336719 0.553125 0.339062 0.543750 0.339062 0.542708 0.334375 0.538542 0.333594 0.537500 0.332813 0.531250 0.332813 0.530208 0.335156 0.521875 0.335156 0.520833 0.339062 0.518750
0 0.281250 0.444792 0.285938 0.446875 0.286719 0.446875 0.289062 0.451042 0.289062 0.452083 0.287500 0.456250 0.286719 0.457292 0.282813 0.460417 0.282031 0.461458 0.278125 0.462500 0.277344 0.462500 0.275781 0.460417 0.275000 0.459375 0.275000 0.451042 0.275000 0.450000 0.281250 0.444792
0 0.278125 0.419792 0.288281 0.420833 0.289062 0.420833 0.289844 0.427083 0.290625 0.428125 0.289844 0.434375 0.289844 0.435417 0.286719 0.437500 0.285938 0.438542 0.281250 0.438542 0.280469 0.438542 0.278125 0.435417 0.277344 0.434375 0.276562 0.430208 0.275781 0.429167 0.275781 0.421875 0.275781 0.420833 0.278125 0.419792
0 0.293750 0.412500 0.297656 0.412500 0.298438 0.412500 0.303125 0.416667 0.303906 0.417708 0.303125 0.423958 0.303125 0.425000 0.294531 0.433333 0.293750 0.434375 0.291406 0.433333 0.290625 0.432292 0.290625 0.428125 0.290625 0.427083 0.289062 0.423958 0.288281 0.422917 0.288281 0.420833 0.288281 0.419792 0.289844 0.417708 0.289844 0.416667 0.293750 0.412500
0 0.317188 0.407292 0.319531 0.407292 0.320312 0.407292 0.322656 0.410417 0.323437 0.411458 0.323437 0.415625 0.323437 0.416667 0.319531 0.420833 0.318750 0.421875 0.312500 0.419792 0.311719 0.419792 0.312500 0.412500 0.312500 0.411458 0.317188 0.407292
0 0.296875 0.377083 0.298438 0.379167 0.299219 0.380208 0.299219 0.386458 0.299219 0.387500 0.303906 0.400000 0.304688 0.401042 0.304688 0.404167 0.304688 0.405208 0.300000 0.408333 0.299219 0.409375 0.287500 0.408333 0.286719 0.408333 0.279687 0.393750 0.279687 0.392708 0.283594 0.385417 0.284375 0.384375 0.296875 0.377083
0 0.239063 0.412500 0.249219 0.414583 0.250000 0.414583 0.252344 0.423958 0.252344 0.425000 0.246875 0.428125 0.246094 0.429167 0.243750 0.437500 0.242969 0.438542 0.236719 0.439583 0.235937 0.439583 0.232813 0.437500 0.232031 0.437500 0.228906 0.433333 0.228125 0.432292 0.227344 0.428125 0.227344 0.427083 0.228906 0.423958 0.229687 0.422917 0.233594 0.419792 0.234375 0.419792 0.239063 0.412500
0 0.227344 0.390625 0.232031 0.390625 0.232813 0.390625 0.236719 0.397917 0.237500 0.398958 0.237500 0.411458 0.237500 0.412500 0.235937 0.415625 0.235937 0.416667 0.233594 0.418750 0.232813 0.419792 0.229687 0.419792 0.228906 0.419792 0.227344 0.417708 0.226562 0.416667 0.225000 0.409375 0.225000 0.408333 0.222656 0.404167 0.221875 0.403125 0.221875 0.395833 0.221875 0.394792 0.227344 0.390625
0 0.192969 0.445833 0.196094 0.446875 0.196875 0.447917 0.196875 0.453125 0.196875 0.454167 0.193750 0.459375 0.192969 0.460417 0.192188 0.465625 0.192188 0.466667 0.189062 0.469792 0.188281 0.469792 0.182812 0.465625 0.182031 0.464583 0.181250 0.459375 0.181250 0.458333 0.182031 0.456250 0.182031 0.455208 0.186719 0.450000 0.187500 0.448958 0.192969 0.445833
0 0.173437 0.450000 0.176563 0.451042 0.177344 0.451042 0.178906 0.455208 0.179688 0.456250 0.179688 0.460417 0.179688 0.461458 0.178125 0.465625 0.177344 0.466667 0.172656 0.466667 0.171875 0.466667 0.170313 0.463542 0.169531 0.462500 0.170313 0.455208 0.170313 0.454167 0.173437 0.450000
0 0.039844 0.418750 0.043750 0.418750 0.044531 0.418750 0.047656 0.422917 0.048438 0.423958 0.049219 0.428125 0.050000 0.429167 0.049219 0.437500 0.049219 0.438542 0.044531 0.441667 0.043750 0.442708 0.039062 0.442708 0.038281 0.442708 0.033594 0.436458 0.032813 0.435417 0.033594 0.426042 0.033594 0.425000 0.039844 0.418750
0 0.028125 0.436458 0.031250 0.437500 0.032031 0.437500 0.034375 0.440625 0.035156 0.441667 0.035937 0.447917 0.035937 0.448958 0.032813 0.456250 0.032031 0.457292 0.023438 0.458333 0.022656 0.458333 0.020313 0.456250 0.019531 0.456250 0.018750 0.448958 0.018750 0.447917 0.021875 0.441667 0.021875 0.440625 0.028125 0.436458
0 0.142187 0.282292 0.146094 0.283333 0.146875 0.283333 0.152344 0.294792 0.153125 0.295833 0.153125 0.302083 0.153125 0.303125 0.150000 0.306250 0.149219 0.307292 0.144531 0.306250 0.143750 0.306250 0.139063 0.301042 0.138281 0.300000 0.137500 0.291667 0.137500 0.290625 0.142187 0.282292
0 0.129688 0.300000 0.133594 0.300000 0.134375 0.300000 0.139063 0.303125 0.139844 0.304167 0.139844 0.309375 0.139844 0.310417 0.136719 0.314583 0.135937 0.315625 0.134375 0.315625 0.133594 0.316667 0.128906 0.312500 0.128125 0.311458 0.127344 0.306250 0.127344 0.305208 0.129688 0.300000
0 0.124219 0.275000 0.128125 0.276042 0.128906 0.277083 0.129688 0.288542 0.129688 0.289583 0.127344 0.292708 0.126562 0.293750 0.120313 0.293750 0.119531 0.293750 0.117969 0.291667 0.117188 0.290625 0.117188 0.284375 0.117188 0.283333 0.119531 0.279167 0.120313 0.278125 0.124219 0.275000
0 0.061719 0.567708 0.064062 0.567708 0.064844 0.567708 0.071875 0.572917 0.072656 0.573958 0.071875 0.584375 0.071875 0.585417 0.066406 0.590625 0.065625 0.591667 0.061719 0.590625 0.060937 0.589583 0.057813 0.579167 0.057031 0.578125 0.057031 0.571875 0.057031 0.570833 0.061719 0.567708
0 0.071875 0.585417 0.074219 0.586458 0.075000 0.586458 0.076563 0.590625 0.076563 0.591667 0.075000 0.595833 0.075000 0.596875 0.071875 0.600000 0.071094 0.601042 0.067969 0.602083 0.067187 0.602083 0.065625 0.594792 0.065625 0.593750 0.071875 0.585417
0 0.041406 0.744792 0.043750 0.744792 0.044531 0.744792 0.053125 0.752083 0.053906 0.752083 0.057813 0.761458 0.058594 0.762500 0.058594 0.779167 0.058594 0.780208 0.057031 0.784375 0.057031 0.785417 0.054688 0.787500 0.053906 0.788542 0.038281 0.787500 0.037500 0.787500 0.032813 0.785417 0.032031 0.785417 0.027344 0.781250 0.026562 0.780208 0.025781 0.770833 0.025000 0.769792 0.025781 0.762500 0.025781 0.761458 0.032031 0.751042 0.032813 0.750000 0.041406 0.744792
0 0.110156 0.695833 0.125781 0.698958 0.126562 0.698958 0.128906 0.701042 0.129688 0.702083 0.129688 0.706250 0.129688 0.707292 0.125781 0.713542 0.125781 0.714583 0.122656 0.716667 0.121875 0.717708 0.107813 0.715625 0.107031 0.715625 0.103125 0.711458 0.102344 0.710417 0.101562 0.705208 0.101562 0.704167 0.103125 0.698958 0.103906 0.697917 0.110156 0.695833
0 0.591406 0.520833 0.592969 0.522917 0.593750 0.523958 0.594531 0.528125 0.595313 0.529167 0.596094 0.537500 0.596875 0.538542 0.604688 0.541667 0.605469 0.542708 0.614062 0.542708 0.614844 0.542708 0.617969 0.547917 0.618750 0.548958 0.618750 0.554167 0.618750 0.555208 0.612500 0.564583 0.611719 0.565625 0.609375 0.571875 0.609375 0.572917 0.602344 0.584375 0.602344 0.585417 0.594531 0.595833 0.593750 0.596875 0.591406 0.597917 0.590625 0.598958 0.585938 0.598958 0.585156 0.598958 0.582031 0.596875 0.581250 0.596875 0.578125 0.592708 0.577344 0.591667 0.574219 0.579167 0.573438 0.578125 0.570312 0.562500 0.569531 0.561458 0.571094 0.552083 0.571875 0.551042 0.570312 0.539583 0.570312 0.538542 0.571094 0.537500 0.571094 0.536458 0.575000 0.537500 0.575781 0.537500 0.580469 0.527083 0.581250 0.526042 0.586719 0.525000 0.587500 0.525000 0.591406 0.520833
0 0.843750 0.707292 0.848437 0.707292 0.849219 0.707292 0.852344 0.712500 0.852344 0.713542 0.857812 0.719792 0.862262 0.715920 0.865811 0.722147 0.865828 0.728894 0.859375 0.730208 0.858594 0.731250 0.853906 0.734375 0.853125 0.735417 0.842187 0.736458 0.841406 0.735417 0.841406 0.713542 0.841406 0.712500 0.843750 0.707292
0 0.936719 0.669792 0.939844 0.670833 0.940625 0.670833 0.945312 0.679167 0.946094 0.680208 0.949219 0.702083 0.950000 0.703125 0.950000 0.727083 0.950000 0.728125 0.932813 0.739583 0.932031 0.739583 0.914062 0.761458 0.913281 0.762500 0.911719 0.763542 0.910937 0.764583 0.907031 0.764583 0.906250 0.764583 0.904687 0.763542 0.903906 0.762500 0.903125 0.756250 0.903125 0.755208 0.900000 0.750000 0.900000 0.748958 0.895312 0.744792 0.894531 0.744792 0.892188 0.738542 0.892188 0.737500 0.888281 0.733333 0.887500 0.732292 0.882031 0.717708 0.881250 0.716667 0.881250 0.710417 0.881250 0.709375 0.889062 0.697917 0.889844 0.696875 0.903125 0.692708 0.903906 0.691667 0.907813 0.691667 0.908594 0.691667 0.923438 0.675000 0.924219 0.673958 0.936719 0.669792
0 0.903125 0.761458 0.910937 0.765625 0.911719 0.765625 0.914844 0.770833 0.915625 0.771875 0.914062 0.781250 0.914062 0.782292 0.909375 0.786458 0.908594 0.787500 0.903906 0.786458 0.903125 0.786458 0.899219 0.781250 0.898438 0.780208 0.897656 0.776042 0.896875 0.775000 0.896875 0.770833 0.896875 0.769792 0.898438 0.765625 0.898438 0.764583 0.903125 0.761458
0 0.809375 0.802083 0.814844 0.802083 0.815625 0.802083 0.820312 0.807292 0.821094 0.808333 0.821875 0.812500 0.822656 0.813542 0.822656 0.829167 0.822656 0.830208 0.821094 0.833333 0.820312 0.834375 0.818750 0.834375 0.817969 0.834375 0.814063 0.831250 0.813281 0.830208 0.808594 0.830208 0.807813 0.830208 0.803906 0.827083 0.803125 0.826042 0.803906 0.811458 0.803906 0.810417 0.809375 0.802083
0 0.793750 0.753125 0.796875 0.753125 0.797656 0.753125 0.800000 0.755208 0.800781 0.756250 0.801562 0.764583 0.801562 0.765625 0.796875 0.769792 0.796094 0.770833 0.791406 0.770833 0.790625 0.770833 0.788281 0.762500 0.788281 0.761458 0.789062 0.758333 0.789062 0.757292 0.793750 0.753125
0 0.989062 0.697917 0.992969 0.700000 0.993750 0.701042 0.995313 0.719792 0.995313 0.720833 0.992969 0.722917 0.992188 0.723958 0.987500 0.723958 0.986719 0.723958 0.978125 0.717708 0.977344 0.716667 0.978125 0.711458 0.978125 0.710417 0.982812 0.705208 0.983594 0.705208 0.986719 0.700000 0.986719 0.698958 0.989062 0.697917
0 0.715433 0.527302 0.710884 0.527787 0.709247 0.528515 0.705244 0.528273 0.702151 0.523664 0.700877 0.520995 0.697784 0.520995 0.694873 0.523178 0.691053 0.524876 0.687778 0.525362 0.687050 0.524391 0.685231 0.520025 0.684321 0.510806 0.685413 0.508866 0.686140 0.508623 0.689961 0.504984 0.690325 0.502558 0.692326 0.497949 0.692690 0.490914 0.693418 0.488488 0.694873 0.487033 0.698148 0.485820 0.699786 0.484122 0.700696 0.478300 0.701605 0.476602 0.708155 0.474176 0.710156 0.472478 0.711794 0.471750 0.715069 0.466656 0.719071 0.466656 0.721801 0.472235 0.721801 0.475146 0.721073 0.476116 0.719617 0.480726 0.720709 0.482909 0.720527 0.487276 0.719981 0.488488 0.717616 0.491157 0.713795 0.497949 0.711430 0.503044 0.708519 0.504984 0.705608 0.505955 0.705426 0.506440 0.705426 0.511777 0.706336 0.514445 0.707973 0.517114 0.709065 0.518084 0.712340 0.518084 0.713067 0.517599 0.715251 0.517841 0.715979 0.519539 0.716524 0.522451 0.716524 0.524634 0.716160 0.525604
0 0.063281 0.744792 0.075000 0.752083 0.075781 0.753125 0.075781 0.758333 0.075781 0.759375 0.069531 0.766667 0.068750 0.767708 0.064844 0.767708 0.064062 0.767708 0.058594 0.760417 0.057813 0.759375 0.057813 0.753125 0.057813 0.752083 0.063281 0.744792
0 0.215625 0.215625 0.221094 0.216667 0.221875 0.216667 0.224219 0.219792 0.225000 0.220833 0.224219 0.229167 0.223438 0.230208 0.224219 0.235417 0.224219 0.236458 0.226562 0.240625 0.226562 0.241667 0.230469 0.245833 0.231250 0.246875 0.229687 0.251042 0.229687 0.252083 0.225000 0.259375 0.224219 0.260417 0.220312 0.260417 0.219531 0.260417 0.217969 0.258333 0.217188 0.257292 0.216406 0.253125 0.215625 0.252083 0.215625 0.245833 0.215625 0.244792 0.214062 0.241667 0.213281 0.240625 0.213281 0.219792 0.213281 0.218750 0.215625 0.215625
0 0.224219 0.266667 0.232031 0.266667 0.232813 0.266667 0.236618 0.270049 0.239844 0.272917 0.240625 0.273958 0.241406 0.276042 0.242188 0.277083 0.242188 0.282292 0.242188 0.283333 0.237500 0.290625 0.236719 0.291667 0.233594 0.292708 0.232813 0.293750 0.226562 0.291667 0.225781 0.290625 0.225000 0.287500 0.224219 0.286458 0.224219 0.266667
0 0.077442 0.236344 0.073876 0.236344 0.071583 0.234985 0.070819 0.233627 0.066998 0.231249 0.066234 0.231249 0.064451 0.229551 0.062923 0.228872 0.060630 0.226155 0.058593 0.221061 0.057319 0.216646 0.057319 0.213589 0.059357 0.210532 0.059357 0.208495 0.060121 0.205778 0.062413 0.203740 0.063432 0.203400 0.064706 0.201363 0.065979 0.196608 0.066234 0.192872 0.066998 0.191514 0.067253 0.189816 0.068527 0.189136 0.076932 0.189136 0.078206 0.195250 0.079225 0.196948 0.082026 0.198985 0.086102 0.201023 0.087885 0.202721 0.089923 0.208495 0.091196 0.210872 0.091451 0.214608 0.091960 0.215287 0.091960 0.218683 0.087376 0.225816 0.086357 0.228872 0.086357 0.234306 0.087630 0.237702 0.087885 0.239061 0.087630 0.240419 0.085593 0.242457 0.082026 0.242457 0.081772 0.241778 0.079989 0.240419 0.079989 0.239400 0.079225 0.237702
0 0.079225 0.249589 0.076423 0.249249 0.074640 0.248231 0.074385 0.247551 0.073366 0.247551 0.071838 0.246532 0.071074 0.245514 0.069800 0.245853 0.068527 0.251627 0.068527 0.258759 0.066998 0.262834 0.065725 0.263513 0.061395 0.263513 0.059866 0.261815 0.058593 0.258419 0.057828 0.251287 0.053753 0.249929 0.052734 0.248570 0.052225 0.247212 0.051970 0.242117 0.052479 0.239740 0.053244 0.239400 0.056810 0.234646 0.057319 0.234646 0.059102 0.231929 0.061904 0.231589 0.063942 0.232608 0.064196 0.234306 0.068781 0.232268 0.075659 0.236683 0.078460 0.241438 0.079479 0.243136 0.079479 0.246872
0 0.238733 0.270014 0.242148 0.268096 0.242327 0.267617 0.246281 0.267377 0.248258 0.265700 0.250235 0.259469 0.250235 0.257792 0.248977 0.256115 0.245562 0.253479 0.245383 0.252760 0.248258 0.249884 0.248798 0.246289 0.248618 0.238142 0.247899 0.236225 0.246281 0.234547 0.244304 0.234787 0.240889 0.237183 0.231544 0.246769 0.226691 0.254197 0.224714 0.259709 0.220940 0.264502 0.220940 0.265221 0.227590 0.267377 0.235677 0.267377 0.236396 0.267857 0.237295 0.269534
0 0.986719 0.685417 0.998437 0.685417 0.999219 0.685417 0.999219 0.698958 0.999219 0.700000 0.989062 0.698958 0.988281 0.698958 0.985156 0.691667 0.984375 0.690625 0.984375 0.689583 0.984375 0.688542 0.986719 0.685417
0 0.873437 0.706250 0.877344 0.706250 0.878125 0.706250 0.878906 0.710417 0.879687 0.711458 0.878906 0.718750 0.878906 0.719792 0.877344 0.721875 0.876563 0.722917 0.867188 0.723958 0.866406 0.723958 0.863281 0.721875 0.862500 0.721875 0.861719 0.717708 0.861719 0.716667 0.873437 0.706250
0 0.306250 0.075000 0.310937 0.075000 0.311719 0.075000 0.313281 0.079167 0.314063 0.080208 0.314063 0.084375 0.314063 0.085417 0.310156 0.088542 0.309375 0.089583 0.306250 0.089583 0.305469 0.089583 0.303906 0.087500 0.303125 0.086458 0.303125 0.081250 0.303125 0.080208 0.306250 0.075000
0 0.259375 0.035417 0.261719 0.035417 0.262500 0.035417 0.266406 0.039583 0.267188 0.040625 0.267969 0.043750 0.267969 0.044792 0.266406 0.047917 0.265625 0.048958 0.260156 0.050000 0.259375 0.050000 0.257812 0.047917 0.257031 0.046875 0.257031 0.040625 0.257031 0.039583 0.259375 0.035417
0 0.563281 0.692708 0.565625 0.694792 0.566406 0.695833 0.566406 0.703125 0.566406 0.704167 0.560156 0.711458 0.559375 0.711458 0.557813 0.709375 0.557031 0.708333 0.557031 0.706250 0.556250 0.705208 0.557031 0.700000 0.557031 0.698958 0.559375 0.694792 0.560156 0.693750 0.563281 0.692708
0 0.785156 0.380208 0.792969 0.381250 0.793750 0.381250 0.796875 0.383333 0.797656 0.384375 0.798438 0.393750 0.798438 0.394792 0.796094 0.398958 0.795312 0.400000 0.789844 0.401042 0.789062 0.401042 0.785937 0.397917 0.785156 0.396875 0.782031 0.388542 0.781250 0.387500 0.785156 0.380208
0 0.570312 0.705208 0.580469 0.705208 0.581250 0.705208 0.582031 0.707292 0.582812 0.708333 0.581250 0.728125 0.581250 0.729167 0.579688 0.732292 0.578906 0.733333 0.572656 0.733333 0.571875 0.733333 0.568750 0.730208 0.567969 0.729167 0.566406 0.723958 0.565625 0.722917 0.559375 0.720833 0.558594 0.719792 0.558594 0.711458 0.559375 0.710417 0.564063 0.707292 0.564844 0.706250 0.570312 0.705208
0 0.567187 0.727083 0.570312 0.730208 0.571094 0.731250 0.575000 0.732292 0.575781 0.732292 0.572656 0.741667 0.571875 0.742708 0.568750 0.742708 0.567969 0.742708 0.564844 0.739583 0.564063 0.738542 0.564063 0.735417 0.564063 0.734375 0.567187 0.727083
0 0.351562 0.596875 0.355469 0.596875 0.356250 0.596875 0.357812 0.598958 0.358594 0.600000 0.359375 0.604167 0.359375 0.605208 0.357031 0.606250 0.356250 0.607292 0.351562 0.606250 0.350781 0.606250 0.349219 0.604167 0.348438 0.603125 0.348438 0.601042 0.348438 0.600000 0.351562 0.596875
0 0.198437 0.642708 0.200000 0.642708 0.200781 0.642708 0.206250 0.652083 0.207031 0.653125 0.207031 0.657292 0.207031 0.658333 0.204687 0.662500 0.203906 0.663542 0.202344 0.663542 0.201563 0.664583 0.194531 0.659375 0.193750 0.659375 0.192969 0.655208 0.192188 0.654167 0.192188 0.646875 0.192188 0.645833 0.198437 0.642708
0 0.196094 0.662500 0.201563 0.665625 0.202344 0.666667 0.203125 0.677083 0.203906 0.678125 0.201563 0.683333 0.200781 0.684375 0.197656 0.684375 0.196875 0.684375 0.192969 0.680208 0.192188 0.679167 0.192188 0.667708 0.192188 0.666667 0.192969 0.664583 0.193750 0.663542 0.196094 0.662500
0 0.910937 0.078125 0.914844 0.080208 0.915625 0.080208 0.917969 0.083333 0.918750 0.084375 0.919531 0.093750 0.919531 0.094792 0.915625 0.100000 0.914844 0.101042 0.912500 0.101042 0.911719 0.101042 0.907813 0.093750 0.907031 0.092708 0.908594 0.081250 0.908594 0.080208 0.910937 0.078125
0 0.778114 0.388527 0.775483 0.390476 0.774606 0.391645 0.772852 0.391645 0.770806 0.390476 0.770806 0.389697 0.770222 0.388917 0.770222 0.378784 0.770514 0.377615 0.771391 0.376835 0.775191 0.376835 0.776360 0.376056 0.778698 0.376056 0.781621 0.377615 0.782498 0.378784 0.782498 0.381902 0.781621 0.385799 0.780452 0.387748
0 0.101562 0.673958 0.105469 0.673958 0.106250 0.673958 0.109375 0.683333 0.110156 0.684375 0.109375 0.691667 0.109375 0.692708 0.105469 0.694792 0.104688 0.695833 0.103125 0.695833 0.102344 0.695833 0.100781 0.693750 0.100000 0.693750 0.095312 0.685417 0.094531 0.684375 0.094531 0.681250 0.094531 0.680208 0.096875 0.677083 0.097656 0.676042 0.101562 0.673958
0 0.496094 0.694792 0.496875 0.695833 0.497656 0.696875 0.497656 0.697917 0.498437 0.698958 0.498437 0.700000 0.497656 0.701042 0.497656 0.704167 0.497656 0.705208 0.498437 0.706250 0.498437 0.709375 0.498437 0.710417 0.499219 0.711458 0.500000 0.712500 0.500000 0.715625 0.500000 0.716667 0.500781 0.717708 0.501563 0.717708 0.502344 0.717708 0.503125 0.718750 0.503125 0.719792 0.503906 0.720833 0.503906 0.722917 0.503906 0.723958 0.503125 0.725000 0.503125 0.726042 0.502344 0.727083 0.501563 0.728125 0.500000 0.728125 0.499219 0.728125 0.498437 0.727083 0.497656 0.727083 0.496875 0.726042 0.496094 0.726042 0.495312 0.726042 0.494531 0.725000 0.493750 0.725000 0.492969 0.723958 0.492969 0.720833 0.492969 0.719792 0.493750 0.718750 0.494531 0.718750 0.495312 0.717708 0.495312 0.715625 0.495312 0.714583 0.494531 0.713542 0.492969 0.713542 0.492188 0.712500 0.492969 0.711458 0.492969 0.707292 0.492969 0.706250 0.492188 0.705208 0.491406 0.704167 0.491406 0.702083 0.491406 0.701042 0.496094 0.694792
0 0.955469 0.680208 0.958594 0.680208 0.959375 0.680208 0.960156 0.681250 0.960938 0.682292 0.965625 0.682292 0.966406 0.683333 0.966406 0.684375 0.966406 0.685417 0.964844 0.687500 0.964063 0.688542 0.964063 0.689583 0.963281 0.690625 0.962500 0.691667 0.962500 0.692708 0.962500 0.693750 0.961719 0.694792 0.960156 0.694792 0.959375 0.694792 0.958594 0.695833 0.957812 0.696875 0.955469 0.696875 0.954688 0.696875 0.954688 0.695833 0.953906 0.694792 0.951562 0.694792 0.950781 0.694792 0.950781 0.691667 0.950000 0.690625 0.950781 0.689583 0.950781 0.687500 0.950781 0.686458 0.952344 0.684375 0.952344 0.683333 0.953125 0.682292 0.953906 0.681250 0.954688 0.681250 0.955469 0.680208
0 0.545312 0.227083 0.550000 0.227083 0.550781 0.227083 0.551562 0.228125 0.552344 0.229167 0.552344 0.230208 0.553125 0.231250 0.553125 0.235417 0.553125 0.236458 0.553906 0.237500 0.554688 0.237500 0.555469 0.238542 0.555469 0.241667 0.555469 0.242708 0.556250 0.243750 0.556250 0.246875 0.556250 0.247917 0.557813 0.250000 0.558594 0.250000 0.558594 0.251042 0.559375 0.252083 0.559375 0.253125 0.560156 0.254167 0.561719 0.254167 0.562500 0.254167 0.563281 0.253125 0.564063 0.253125 0.564844 0.253125 0.565625 0.254167 0.566406 0.254167 0.567187 0.254167 0.567969 0.255208 0.568750 0.255208 0.569531 0.256250 0.570312 0.257292 0.569531 0.258333 0.569531 0.261458 0.569531 0.262500 0.564844 0.268750 0.564063 0.269792 0.563281 0.269792 0.562500 0.268750 0.562500 0.267708 0.561719 0.266667 0.551562 0.266667 0.550781 0.266667 0.550000 0.267708 0.547656 0.267708 0.546875 0.268750 0.546094 0.267708 0.545312 0.266667 0.544531 0.266667 0.543750 0.265625 0.543750 0.260417 0.543750 0.259375 0.544531 0.258333 0.544531 0.257292 0.544531 0.256250 0.545312 0.255208 0.545312 0.253125 0.545312 0.252083 0.543750 0.250000 0.542969 0.248958 0.542969 0.246875 0.542969 0.245833 0.542188 0.244792 0.541406 0.243750 0.540625 0.243750 0.539844 0.242708 0.539844 0.240625 0.539062 0.239583 0.539844 0.238542 0.540625 0.237500 0.540625 0.236458 0.541406 0.235417 0.541406 0.234375 0.542188 0.234375 0.542969 0.233333 0.542969 0.231250 0.542969 0.230208 0.545312 0.227083
0 0.006250 0.690625 0.007812 0.690625 0.008594 0.690625 0.009375 0.691667 0.010937 0.691667 0.011719 0.691667 0.012500 0.692708 0.013281 0.693750 0.013281 0.694792 0.013281 0.695833 0.014063 0.696875 0.014844 0.696875 0.015625 0.697917 0.016406 0.698958 0.016406 0.704167 0.016406 0.705208 0.017188 0.706250 0.017969 0.707292 0.017969 0.709375 0.017969 0.710417 0.015625 0.713542 0.014844 0.714583 0.014063 0.713542 0.010937 0.713542 0.010156 0.713542 0.009375 0.714583 0.008594 0.714583 0.007812 0.714583 0.007031 0.713542 0.006250 0.712500 0.006250 0.709375 0.005469 0.708333 0.000781 0.708333 0.000000 0.707292 0.000000 0.693750 0.000000 0.692708 0.000781 0.693750 0.003906 0.693750 0.004687 0.693750 0.005469 0.692708 0.005469 0.691667 0.006250 0.690625
0 0.650000 0.064583 0.650781 0.064583 0.651563 0.064583 0.652344 0.065625 0.653125 0.066667 0.653125 0.067708 0.653906 0.068750 0.653906 0.069792 0.654687 0.070833 0.656250 0.070833 0.657031 0.070833 0.657813 0.069792 0.657813 0.068750 0.657813 0.069792 0.658594 0.070833 0.659375 0.070833 0.660156 0.070833 0.660156 0.071875 0.660937 0.072917 0.660937 0.077083 0.661719 0.078125 0.663281 0.078125 0.664062 0.078125 0.664844 0.077083 0.665625 0.076042 0.667188 0.076042 0.667969 0.076042 0.668750 0.075000 0.669531 0.075000 0.670312 0.073958 0.671094 0.073958 0.671875 0.073958 0.672656 0.072917 0.673438 0.072917 0.674219 0.072917 0.674219 0.073958 0.675000 0.075000 0.675781 0.075000 0.675781 0.076042 0.675781 0.077083 0.676562 0.078125 0.676562 0.079167 0.678125 0.081250 0.678906 0.082292 0.677344 0.084375 0.677344 0.085417 0.676562 0.086458 0.675781 0.087500 0.675000 0.087500 0.674219 0.088542 0.673438 0.088542 0.672656 0.088542 0.671875 0.087500 0.671094 0.086458 0.671094 0.084375 0.671094 0.083333 0.670312 0.082292 0.668750 0.082292 0.667969 0.082292 0.667188 0.083333 0.666406 0.084375 0.664844 0.084375 0.664062 0.085417 0.664062 0.086458 0.663281 0.087500 0.663281 0.088542 0.662500 0.089583 0.661719 0.089583 0.660937 0.090625 0.660937 0.092708 0.660937 0.093750 0.658594 0.096875 0.657813 0.097917 0.654687 0.097917 0.653906 0.097917 0.653125 0.096875 0.652344 0.096875 0.650781 0.094792 0.650000 0.094792 0.648438 0.092708 0.647656 0.092708 0.647656 0.091667 0.646875 0.090625 0.646875 0.088542 0.646094 0.087500 0.646875 0.086458 0.646875 0.071875 0.646094 0.070833 0.646875 0.069792 0.646875 0.068750 0.646875 0.067708 0.647656 0.066667 0.648438 0.065625 0.649219 0.065625 0.650000 0.064583
0 0.180469 0.703125 0.183594 0.703125 0.184375 0.704167 0.184375 0.705208 0.183594 0.706250 0.183594 0.707292 0.183594 0.708333 0.182812 0.709375 0.182812 0.710417 0.182031 0.711458 0.180469 0.711458 0.179688 0.710417 0.179688 0.705208 0.179688 0.704167 0.180469 0.703125
0 0.673438 0.703125 0.679688 0.703125 0.680469 0.703125 0.681250 0.704167 0.681250 0.705208 0.682031 0.706250 0.682031 0.707292 0.682813 0.708333 0.684375 0.708333 0.685156 0.708333 0.685937 0.707292 0.686719 0.706250 0.692969 0.706250 0.693750 0.706250 0.694531 0.707292 0.695312 0.707292 0.696094 0.708333 0.696875 0.708333 0.697656 0.709375 0.698438 0.709375 0.699219 0.710417 0.700000 0.710417 0.700000 0.711458 0.700781 0.712500 0.701562 0.712500 0.701562 0.713542 0.701562 0.714583 0.700781 0.715625 0.700000 0.716667 0.700000 0.717708 0.699219 0.718750 0.699219 0.723958 0.700000 0.725000 0.699219 0.725000 0.698438 0.726042 0.697656 0.727083 0.696875 0.727083 0.696094 0.728125 0.695312 0.728125 0.694531 0.729167 0.691406 0.729167 0.690625 0.729167 0.689844 0.730208 0.689063 0.731250 0.689063 0.733333 0.688281 0.734375 0.686719 0.734375 0.685937 0.735417 0.685156 0.734375 0.684375 0.734375 0.683594 0.733333 0.682813 0.732292 0.682813 0.731250 0.682031 0.730208 0.682031 0.728125 0.681250 0.727083 0.682031 0.726042 0.682031 0.723958 0.682031 0.722917 0.681250 0.721875 0.679688 0.721875 0.678906 0.721875 0.678125 0.722917 0.677344 0.723958 0.676562 0.723958 0.675781 0.722917 0.676562 0.721875 0.676562 0.718750 0.676562 0.717708 0.675781 0.716667 0.675000 0.716667 0.675000 0.715625 0.675000 0.714583 0.674219 0.713542 0.673438 0.713542 0.672656 0.712500 0.672656 0.711458 0.671875 0.710417 0.671875 0.708333 0.671875 0.707292 0.672656 0.706250 0.672656 0.705208 0.672656 0.704167 0.673438 0.703125
0 0.352344 0.705208 0.353125 0.705208 0.353906 0.705208 0.354687 0.706250 0.354687 0.707292 0.356250 0.709375 0.357031 0.710417 0.357031 0.711458 0.357812 0.712500 0.357031 0.713542 0.357031 0.714583 0.356250 0.715625 0.356250 0.717708 0.356250 0.718750 0.355469 0.719792 0.355469 0.720833 0.353906 0.722917 0.353125 0.723958 0.350781 0.723958 0.350000 0.723958 0.349219 0.722917 0.348438 0.721875 0.348438 0.720833 0.347656 0.719792 0.347656 0.714583 0.347656 0.713542 0.348438 0.712500 0.348438 0.710417 0.348438 0.709375 0.350000 0.707292 0.350781 0.706250 0.351562 0.706250 0.352344 0.705208
0 0.078125 0.707292 0.078906 0.707292 0.079687 0.707292 0.080469 0.708333 0.081250 0.708333 0.082031 0.709375 0.085938 0.709375 0.086719 0.709375 0.086719 0.711458 0.085938 0.712500 0.085938 0.715625 0.085938 0.716667 0.088281 0.719792 0.089063 0.719792 0.089063 0.722917 0.089063 0.723958 0.088281 0.725000 0.087500 0.726042 0.086719 0.726042 0.085938 0.726042 0.085156 0.727083 0.084375 0.728125 0.081250 0.728125 0.080469 0.728125 0.079687 0.729167 0.079687 0.731250 0.078906 0.732292 0.078125 0.732292 0.077344 0.731250 0.076563 0.731250 0.075781 0.730208 0.075000 0.730208 0.075000 0.726042 0.075000 0.725000 0.074219 0.723958 0.074219 0.720833 0.074219 0.719792 0.073438 0.718750 0.072656 0.718750 0.071875 0.717708 0.071094 0.717708 0.071094 0.715625 0.071094 0.714583 0.071875 0.713542 0.072656 0.712500 0.073438 0.712500 0.074219 0.711458 0.075000 0.710417 0.075781 0.710417 0.076563 0.709375 0.077344 0.709375 0.078125 0.708333 0.078125 0.707292
0 0.324219 0.710417 0.329688 0.710417 0.330469 0.710417 0.331250 0.711458 0.332031 0.711458 0.332031 0.713542 0.332813 0.714583 0.331250 0.716667 0.330469 0.717708 0.328906 0.717708 0.328125 0.717708 0.327344 0.718750 0.325000 0.718750 0.324219 0.718750 0.324219 0.717708 0.323437 0.716667 0.323437 0.715625 0.322656 0.714583 0.323437 0.713542 0.323437 0.712500 0.323437 0.711458 0.324219 0.710417
0 0.247656 0.718750 0.248438 0.719792 0.249219 0.719792 0.250000 0.720833 0.250781 0.720833 0.251563 0.720833 0.251563 0.725000 0.251563 0.726042 0.252344 0.727083 0.253906 0.727083 0.254688 0.728125 0.254688 0.736458 0.254688 0.737500 0.253906 0.738542 0.253906 0.739583 0.253125 0.740625 0.253125 0.741667 0.252344 0.742708 0.251563 0.743750 0.251563 0.744792 0.251563 0.745833 0.250781 0.746875 0.250000 0.747917 0.248438 0.747917 0.247656 0.747917 0.246875 0.748958 0.246094 0.750000 0.242188 0.750000 0.241406 0.750000 0.240625 0.751042 0.239844 0.751042 0.239063 0.751042 0.239063 0.750000 0.238281 0.748958 0.238281 0.747917 0.238281 0.746875 0.237500 0.745833 0.237500 0.744792 0.236719 0.743750 0.236719 0.741667 0.236719 0.740625 0.235937 0.739583 0.235156 0.738542 0.234375 0.738542 0.233594 0.737500 0.234375 0.736458 0.234375 0.735417 0.235937 0.733333 0.235937 0.732292 0.236719 0.732292 0.238281 0.730208 0.238281 0.729167 0.239063 0.729167 0.239844 0.728125 0.239844 0.726042 0.239844 0.725000 0.240625 0.723958 0.241406 0.722917 0.242188 0.722917 0.242969 0.721875 0.243750 0.721875 0.244531 0.721875 0.245312 0.720833 0.246094 0.720833 0.247656 0.718750
0 0.478125 0.719792 0.482031 0.719792 0.482812 0.719792 0.482812 0.720833 0.483594 0.721875 0.483594 0.726042 0.483594 0.727083 0.484375 0.728125 0.485156 0.729167 0.485156 0.731250 0.485156 0.732292 0.484375 0.733333 0.484375 0.734375 0.483594 0.735417 0.482812 0.736458 0.481250 0.736458 0.480469 0.736458 0.479687 0.737500 0.478906 0.738542 0.478906 0.737500 0.478125 0.736458 0.478125 0.734375 0.477344 0.733333 0.477344 0.730208 0.477344 0.729167 0.476562 0.728125 0.475000 0.728125 0.474219 0.727083 0.474219 0.726042 0.474219 0.725000 0.475000 0.723958 0.475000 0.722917 0.475781 0.722917 0.476562 0.721875 0.476562 0.720833 0.477344 0.720833 0.478125 0.719792
0 0.767188 0.719792 0.771875 0.719792 0.772656 0.720833 0.772656 0.723958 0.772656 0.725000 0.771875 0.726042 0.771875 0.728125 0.771094 0.729167 0.767969 0.729167 0.767188 0.729167 0.766406 0.730208 0.765625 0.730208 0.764844 0.729167 0.764844 0.728125 0.764062 0.727083 0.763281 0.727083 0.762500 0.727083 0.762500 0.726042 0.762500 0.725000 0.763281 0.723958 0.763281 0.722917 0.764062 0.721875 0.764844 0.721875 0.765625 0.720833 0.766406 0.720833 0.767188 0.719792
0 0.646094 0.726042 0.646875 0.727083 0.649219 0.727083 0.650000 0.727083 0.650781 0.728125 0.650781 0.729167 0.651563 0.730208 0.652344 0.730208 0.652344 0.731250 0.653125 0.732292 0.653906 0.733333 0.653906 0.736458 0.654687 0.737500 0.657813 0.737500 0.658594 0.737500 0.658594 0.738542 0.659375 0.739583 0.660156 0.739583 0.660156 0.743750 0.660937 0.744792 0.660156 0.744792 0.657813 0.747917 0.657031 0.748958 0.655469 0.748958 0.654687 0.747917 0.652344 0.747917 0.651563 0.747917 0.651563 0.746875 0.650781 0.745833 0.650000 0.744792 0.643750 0.744792 0.642969 0.744792 0.642188 0.743750 0.641406 0.742708 0.641406 0.741667 0.640625 0.740625 0.640625 0.739583 0.639844 0.738542 0.639844 0.733333 0.639844 0.732292 0.642188 0.729167 0.642969 0.728125 0.643750 0.728125 0.644531 0.728125 0.646094 0.726042
0 0.150000 0.728125 0.150781 0.728125 0.151562 0.728125 0.151562 0.729167 0.152344 0.730208 0.152344 0.731250 0.153125 0.732292 0.153906 0.733333 0.153906 0.738542 0.153906 0.739583 0.153125 0.740625 0.153125 0.741667 0.152344 0.742708 0.151562 0.743750 0.148438 0.743750 0.147656 0.743750 0.146875 0.744792 0.146094 0.744792 0.146094 0.743750 0.145313 0.742708 0.145313 0.740625 0.145313 0.739583 0.144531 0.738542 0.144531 0.737500 0.143750 0.736458 0.143750 0.732292 0.143750 0.731250 0.144531 0.731250 0.145313 0.730208 0.145313 0.729167 0.148438 0.729167 0.149219 0.729167 0.150000 0.728125
0 0.150781 0.728125 0.151562 0.728125 0.151562 0.729167 0.152344 0.730208 0.152344 0.731250 0.153125 0.732292 0.153906 0.733333 0.153906 0.738542 0.153906 0.739583 0.153125 0.740625 0.153125 0.741667 0.152344 0.742708 0.151562 0.743750 0.148438 0.743750 0.147656 0.743750 0.146875 0.744792 0.146094 0.744792 0.146094 0.743750 0.145313 0.742708 0.145313 0.740625 0.145313 0.739583 0.144531 0.738542 0.144531 0.737500 0.143750 0.736458 0.143750 0.732292 0.143750 0.731250 0.144531 0.731250 0.145313 0.730208 0.145313 0.729167 0.148438 0.729167 0.149219 0.729167 0.150000 0.728125 0.150781 0.728125
0 0.346094 0.728125 0.346875 0.729167 0.347656 0.729167 0.347656 0.732292 0.348438 0.733333 0.353125 0.733333 0.353906 0.733333 0.354687 0.734375 0.355469 0.734375 0.356250 0.735417 0.356250 0.736458 0.357031 0.737500 0.357812 0.737500 0.357812 0.743750 0.357812 0.744792 0.357031 0.745833 0.356250 0.746875 0.354687 0.746875 0.353906 0.747917 0.353125 0.746875 0.352344 0.745833 0.350000 0.745833 0.349219 0.745833 0.348438 0.744792 0.348438 0.743750 0.347656 0.742708 0.346094 0.742708 0.345313 0.742708 0.344531 0.741667 0.343750 0.740625 0.343750 0.739583 0.343750 0.738542 0.342969 0.737500 0.342969 0.736458 0.342187 0.735417 0.342187 0.732292 0.342187 0.731250 0.342969 0.730208 0.343750 0.729167 0.344531 0.729167 0.345313 0.729167 0.346094 0.728125
0 0.103906 0.737500 0.108594 0.737500 0.109375 0.737500 0.110156 0.738542 0.114844 0.738542 0.115625 0.738542 0.116406 0.739583 0.117188 0.739583 0.117188 0.740625 0.117969 0.741667 0.117969 0.742708 0.118750 0.743750 0.119531 0.743750 0.119531 0.744792 0.120313 0.745833 0.120313 0.746875 0.121094 0.747917 0.121875 0.747917 0.121875 0.748958 0.117969 0.754167 0.117188 0.755208 0.113281 0.755208 0.112500 0.755208 0.111719 0.756250 0.110937 0.756250 0.110156 0.755208 0.110156 0.754167 0.109375 0.753125 0.106250 0.753125 0.105469 0.753125 0.104688 0.754167 0.103906 0.754167 0.103906 0.753125 0.103906 0.752083 0.103125 0.751042 0.102344 0.751042 0.102344 0.750000 0.100781 0.747917 0.100000 0.746875 0.100781 0.745833 0.100781 0.742708 0.100781 0.741667 0.103906 0.737500
0 0.614062 0.739583 0.615625 0.739583 0.616406 0.739583 0.616406 0.740625 0.617188 0.741667 0.617969 0.741667 0.617188 0.742708 0.617188 0.743750 0.617188 0.744792 0.616406 0.745833 0.615625 0.746875 0.614062 0.746875 0.613281 0.746875 0.612500 0.747917 0.610156 0.747917 0.609375 0.747917 0.608594 0.746875 0.608594 0.744792 0.607812 0.743750 0.608594 0.742708 0.609375 0.742708 0.610156 0.741667 0.610938 0.741667 0.611719 0.740625 0.612500 0.740625 0.613281 0.740625 0.614062 0.739583
0 0.092188 0.745833 0.093750 0.745833 0.094531 0.745833 0.094531 0.746875 0.095312 0.747917 0.096094 0.747917 0.096875 0.747917 0.096875 0.754167 0.096875 0.755208 0.096094 0.756250 0.095312 0.757292 0.094531 0.757292 0.093750 0.757292 0.092969 0.756250 0.092969 0.755208 0.091406 0.753125 0.090625 0.753125 0.090625 0.750000 0.089844 0.748958 0.090625 0.747917 0.090625 0.746875 0.091406 0.746875 0.092188 0.745833
0 0.857812 0.745833 0.858594 0.746875 0.859375 0.746875 0.859375 0.747917 0.859375 0.748958 0.860156 0.750000 0.860938 0.751042 0.860938 0.752083 0.861719 0.753125 0.862500 0.753125 0.863281 0.754167 0.864844 0.754167 0.865625 0.755208 0.865625 0.759375 0.864844 0.760417 0.856250 0.760417 0.855469 0.759375 0.851562 0.759375 0.850781 0.759375 0.850000 0.760417 0.848437 0.760417 0.847656 0.760417 0.846875 0.759375 0.846094 0.759375 0.846094 0.757292 0.845313 0.756250 0.848437 0.756250 0.849219 0.756250 0.850000 0.755208 0.850781 0.755208 0.851562 0.755208 0.852344 0.754167 0.853906 0.754167 0.854688 0.754167 0.855469 0.753125 0.855469 0.752083 0.856250 0.751042 0.857031 0.750000 0.857031 0.748958 0.857031 0.747917 0.857812 0.746875 0.857812 0.745833
0 0.528906 0.748958 0.529687 0.748958 0.530469 0.748958 0.531250 0.750000 0.532031 0.750000 0.531250 0.750000 0.529687 0.752083 0.528906 0.753125 0.528125 0.752083 0.528125 0.751042 0.528125 0.750000 0.528906 0.748958
0 0.590625 0.752083 0.591406 0.752083 0.592187 0.752083 0.592187 0.753125 0.592969 0.754167 0.593750 0.754167 0.593750 0.755208 0.594531 0.756250 0.593750 0.756250 0.592969 0.757292 0.592969 0.758333 0.592187 0.759375 0.591406 0.759375 0.590625 0.759375 0.590625 0.752083
0 0.715625 0.752083 0.716406 0.752083 0.717187 0.752083 0.717187 0.756250 0.717969 0.757292 0.720313 0.757292 0.721094 0.757292 0.721094 0.758333 0.721875 0.759375 0.722656 0.759375 0.719531 0.763542 0.718750 0.764583 0.717969 0.763542 0.717187 0.763542 0.717187 0.761458 0.717187 0.760417 0.716406 0.759375 0.714844 0.759375 0.714063 0.759375 0.714063 0.755208 0.714063 0.754167 0.715625 0.752083
0 0.985156 0.756250 0.986719 0.756250 0.987500 0.756250 0.988281 0.757292 0.990625 0.757292 0.991406 0.757292 0.991406 0.760417 0.991406 0.761458 0.990625 0.762500 0.990625 0.764583 0.989844 0.765625 0.989062 0.765625 0.988281 0.766667 0.987500 0.765625 0.987500 0.764583 0.986719 0.763542 0.985938 0.763542 0.985938 0.762500 0.985938 0.761458 0.985156 0.760417 0.984375 0.760417 0.983594 0.759375 0.984375 0.758333 0.984375 0.757292 0.985156 0.756250
0 0.342187 0.761458 0.344531 0.761458 0.345313 0.761458 0.345313 0.765625 0.345313 0.766667 0.344531 0.767708 0.343750 0.767708 0.342969 0.768750 0.340625 0.768750 0.339844 0.768750 0.339062 0.767708 0.339844 0.766667 0.339844 0.764583 0.339844 0.763542 0.340625 0.763542 0.341406 0.763542 0.342187 0.762500 0.342187 0.761458
0 0.998437 0.762500 0.999650 0.762356 0.999650 0.773600 0.999434 0.774067 0.998437 0.773958 0.997656 0.773958 0.997656 0.772917 0.996094 0.770833 0.995313 0.769792 0.994531 0.769792 0.993750 0.768750 0.995313 0.766667 0.995313 0.765625 0.996875 0.765625 0.997656 0.765625 0.998437 0.764583 0.998437 0.762500
0 0.278906 0.768750 0.279687 0.769792 0.281250 0.769792 0.282031 0.769792 0.282813 0.770833 0.283594 0.770833 0.283594 0.775000 0.283594 0.776042 0.281250 0.779167 0.280469 0.780208 0.279687 0.780208 0.278906 0.780208 0.277344 0.782292 0.277344 0.783333 0.276562 0.784375 0.275781 0.784375 0.275000 0.785417 0.274219 0.785417 0.273438 0.784375 0.273438 0.778125 0.273438 0.777083 0.274219 0.776042 0.274219 0.775000 0.278906 0.768750
0 0.167969 0.772917 0.168750 0.773958 0.170313 0.773958 0.171094 0.773958 0.171875 0.775000 0.172656 0.775000 0.172656 0.776042 0.173437 0.777083 0.173437 0.778125 0.173437 0.779167 0.174219 0.780208 0.175000 0.781250 0.175000 0.783333 0.175000 0.784375 0.175781 0.785417 0.176563 0.785417 0.177344 0.785417 0.176563 0.785417 0.175781 0.785417 0.175000 0.786458 0.175000 0.787500 0.174219 0.788542 0.173437 0.789583 0.171875 0.789583 0.171094 0.788542 0.167969 0.788542 0.167187 0.788542 0.166406 0.789583 0.165625 0.790625 0.164844 0.790625 0.164062 0.789583 0.163281 0.789583 0.162500 0.789583 0.162500 0.787500 0.162500 0.786458 0.161719 0.785417 0.161719 0.784375 0.161719 0.783333 0.162500 0.782292 0.163281 0.781250 0.163281 0.777083 0.163281 0.776042 0.164062 0.775000 0.164062 0.773958 0.166406 0.773958 0.167187 0.773958 0.167969 0.772917
0 0.294531 0.776042 0.295312 0.777083 0.296094 0.778125 0.296875 0.778125 0.297656 0.779167 0.297656 0.781250 0.298438 0.782292 0.300781 0.782292 0.301563 0.782292 0.302344 0.781250 0.302344 0.780208 0.303125 0.779167 0.303906 0.778125 0.304688 0.779167 0.306250 0.779167 0.307031 0.779167 0.307031 0.780208 0.307812 0.781250 0.311719 0.781250 0.312500 0.780208 0.313281 0.781250 0.313281 0.784375 0.313281 0.785417 0.312500 0.786458 0.307812 0.786458 0.307031 0.786458 0.306250 0.787500 0.305469 0.787500 0.304688 0.788542 0.303906 0.789583 0.301563 0.789583 0.300781 0.790625 0.300000 0.789583 0.299219 0.788542 0.299219 0.787500 0.298438 0.786458 0.297656 0.786458 0.297656 0.784375 0.297656 0.783333 0.296875 0.782292 0.296094 0.782292 0.295312 0.782292 0.294531 0.781250 0.293750 0.781250 0.292969 0.780208 0.292969 0.779167 0.292969 0.778125 0.294531 0.776042
0 0.514062 0.776042 0.514844 0.777083 0.515625 0.777083 0.516406 0.778125 0.517188 0.778125 0.517969 0.778125 0.520312 0.781250 0.521094 0.782292 0.521875 0.782292 0.522656 0.783333 0.523438 0.784375 0.522656 0.785417 0.521875 0.786458 0.521875 0.787500 0.521875 0.788542 0.521094 0.789583 0.521094 0.791667 0.520312 0.792708 0.516406 0.792708 0.515625 0.792708 0.514062 0.790625 0.513281 0.790625 0.512500 0.789583 0.512500 0.788542 0.511719 0.787500 0.510938 0.786458 0.511719 0.785417 0.511719 0.782292 0.511719 0.781250 0.512500 0.780208 0.512500 0.779167 0.512500 0.778125 0.514062 0.776042
0 0.408594 0.777083 0.410156 0.777083 0.410938 0.777083 0.410156 0.778125 0.410156 0.780208 0.409375 0.781250 0.409375 0.789583 0.410156 0.790625 0.409375 0.790625 0.408594 0.791667 0.408594 0.793750 0.407813 0.794792 0.403906 0.794792 0.403125 0.794792 0.402344 0.793750 0.401562 0.792708 0.402344 0.791667 0.402344 0.789583 0.402344 0.788542 0.401562 0.787500 0.400781 0.787500 0.400000 0.786458 0.399219 0.786458 0.398438 0.785417 0.399219 0.784375 0.399219 0.783333 0.400000 0.782292 0.400000 0.781250 0.401562 0.781250 0.402344 0.780208 0.406250 0.780208 0.407031 0.780208 0.407813 0.779167 0.408594 0.778125 0.408594 0.777083
0 0.791406 0.782292 0.792969 0.782292 0.793750 0.782292 0.794531 0.783333 0.795312 0.783333 0.795312 0.784375 0.796094 0.785417 0.796875 0.786458 0.796094 0.787500 0.796094 0.788542 0.796094 0.789583 0.795312 0.790625 0.794531 0.791667 0.793750 0.791667 0.792969 0.792708 0.792188 0.792708 0.791406 0.793750 0.790625 0.793750 0.789844 0.794792 0.789062 0.793750 0.789062 0.788542 0.789062 0.787500 0.789844 0.786458 0.789844 0.785417 0.790625 0.784375 0.790625 0.783333 0.791406 0.782292
0 0.002344 0.784375 0.005469 0.784375 0.006250 0.784375 0.006250 0.786458 0.006250 0.787500 0.005469 0.788542 0.004687 0.789583 0.004687 0.791667 0.003906 0.792708 0.001563 0.792708 0.000781 0.792708 0.000000 0.791667 0.000000 0.787500 0.000000 0.786458 0.000781 0.786458 0.001563 0.786458 0.002344 0.785417 0.002344 0.784375
0 0.420312 0.785417 0.421875 0.785417 0.422656 0.786458 0.422656 0.792708 0.423438 0.793750 0.427344 0.793750 0.428125 0.792708 0.428906 0.793750 0.429688 0.793750 0.430469 0.794792 0.435156 0.794792 0.435937 0.794792 0.436719 0.795833 0.436719 0.800000 0.436719 0.801042 0.438281 0.803125 0.439063 0.803125 0.439063 0.804167 0.439063 0.805208 0.436719 0.808333 0.435937 0.809375 0.431250 0.809375 0.430469 0.809375 0.429688 0.810417 0.429688 0.811458 0.428906 0.812500 0.428125 0.812500 0.427344 0.813542 0.426563 0.813542 0.425781 0.813542 0.425000 0.812500 0.423438 0.812500 0.422656 0.812500 0.422656 0.809375 0.422656 0.808333 0.421094 0.806250 0.420312 0.805208 0.419531 0.805208 0.418750 0.804167 0.417969 0.804167 0.417969 0.803125 0.417187 0.802083 0.416406 0.801042 0.417187 0.800000 0.417187 0.791667 0.417187 0.790625 0.417969 0.789583 0.417969 0.788542 0.420312 0.785417
0 0.501563 0.791667 0.504687 0.791667 0.505469 0.791667 0.506250 0.792708 0.507031 0.792708 0.507812 0.793750 0.508594 0.793750 0.508594 0.795833 0.508594 0.796875 0.509375 0.797917 0.509375 0.798958 0.510156 0.800000 0.510156 0.801042 0.510156 0.802083 0.509375 0.803125 0.508594 0.804167 0.508594 0.805208 0.507812 0.806250 0.507812 0.807292 0.507031 0.808333 0.507031 0.809375 0.506250 0.810417 0.505469 0.810417 0.503906 0.812500 0.503125 0.813542 0.502344 0.813542 0.502344 0.812500 0.501563 0.811458 0.500781 0.810417 0.500781 0.807292 0.500000 0.806250 0.500000 0.796875 0.500000 0.795833 0.500781 0.794792 0.501563 0.793750 0.501563 0.791667
0 0.147656 0.796875 0.150781 0.796875 0.151562 0.796875 0.152344 0.797917 0.153125 0.797917 0.153906 0.798958 0.153125 0.800000 0.153125 0.801042 0.150781 0.804167 0.150000 0.805208 0.150000 0.807292 0.149219 0.808333 0.148438 0.808333 0.147656 0.808333 0.146875 0.807292 0.146094 0.807292 0.145313 0.806250 0.145313 0.804167 0.144531 0.803125 0.144531 0.798958 0.144531 0.797917 0.146094 0.797917 0.146875 0.797917 0.147656 0.796875
0 0.978125 0.797917 0.978906 0.798958 0.979688 0.798958 0.980469 0.800000 0.981250 0.801042 0.981250 0.802083 0.981250 0.803125 0.982031 0.804167 0.982812 0.804167 0.983594 0.804167 0.983594 0.805208 0.984375 0.806250 0.985156 0.806250 0.985156 0.807292 0.985156 0.808333 0.983594 0.810417 0.982812 0.811458 0.982031 0.811458 0.981250 0.812500 0.979688 0.812500 0.978906 0.813542 0.977344 0.813542 0.976562 0.814583 0.972656 0.814583 0.971875 0.814583 0.971094 0.813542 0.970313 0.813542 0.969531 0.812500 0.969531 0.810417 0.969531 0.809375 0.970313 0.808333 0.970313 0.806250 0.970313 0.805208 0.971094 0.805208 0.971875 0.804167 0.971875 0.803125 0.974219 0.803125 0.975000 0.803125 0.975781 0.802083 0.975781 0.801042 0.976562 0.801042 0.977344 0.800000 0.977344 0.798958 0.978125 0.797917
0 0.384375 0.802083 0.385937 0.802083 0.386719 0.802083 0.386719 0.803125 0.387500 0.804167 0.389062 0.804167 0.389844 0.805208 0.389844 0.806250 0.390625 0.807292 0.390625 0.809375 0.391406 0.810417 0.391406 0.811458 0.391406 0.812500 0.390625 0.813542 0.390625 0.815625 0.389844 0.816667 0.388281 0.816667 0.387500 0.816667 0.386719 0.817708 0.385937 0.817708 0.384375 0.815625 0.383594 0.814583 0.383594 0.813542 0.382812 0.812500 0.382812 0.810417 0.382031 0.809375 0.382031 0.807292 0.382031 0.806250 0.383594 0.804167 0.384375 0.803125 0.384375 0.802083
0 0.119531 0.804167 0.121875 0.804167 0.122656 0.804167 0.122656 0.805208 0.123438 0.806250 0.124219 0.806250 0.124219 0.807292 0.125000 0.808333 0.126562 0.808333 0.127344 0.808333 0.128906 0.806250 0.129688 0.805208 0.130469 0.805208 0.131250 0.805208 0.132031 0.806250 0.132812 0.806250 0.133594 0.806250 0.133594 0.807292 0.134375 0.808333 0.134375 0.810417 0.135156 0.811458 0.134375 0.812500 0.134375 0.813542 0.134375 0.814583 0.133594 0.815625 0.132812 0.815625 0.132031 0.816667 0.131250 0.817708 0.129688 0.817708 0.128906 0.817708 0.128125 0.816667 0.127344 0.816667 0.127344 0.815625 0.126562 0.814583 0.125781 0.813542 0.122656 0.813542 0.121875 0.813542 0.121094 0.814583 0.120313 0.815625 0.120313 0.814583 0.119531 0.813542 0.118750 0.813542 0.117969 0.812500 0.117188 0.811458 0.117188 0.807292 0.117188 0.806250 0.117969 0.806250 0.119531 0.804167
0 0.567187 0.805208 0.571094 0.805208 0.571875 0.806250 0.567969 0.811458 0.567187 0.812500 0.564844 0.812500 0.564063 0.812500 0.563281 0.811458 0.563281 0.809375 0.563281 0.808333 0.564063 0.808333 0.564844 0.807292 0.565625 0.807292 0.567187 0.805208
0 0.212500 0.806250 0.216406 0.806250 0.217188 0.806250 0.217188 0.807292 0.217969 0.808333 0.220312 0.808333 0.221094 0.808333 0.221875 0.807292 0.225000 0.807292 0.225781 0.806250 0.226562 0.807292 0.228906 0.807292 0.229687 0.807292 0.230469 0.808333 0.231250 0.808333 0.232031 0.809375 0.232031 0.813542 0.232031 0.814583 0.231250 0.815625 0.231250 0.816667 0.230469 0.817708 0.230469 0.820833 0.230469 0.821875 0.228906 0.823958 0.228906 0.825000 0.228125 0.826042 0.227344 0.826042 0.225781 0.828125 0.225000 0.829167 0.222656 0.829167 0.221875 0.829167 0.221094 0.830208 0.220312 0.830208 0.219531 0.831250 0.218750 0.830208 0.216406 0.830208 0.215625 0.830208 0.215625 0.829167 0.214844 0.828125 0.214062 0.828125 0.213281 0.828125 0.212500 0.827083 0.210938 0.827083 0.210156 0.827083 0.209375 0.826042 0.208594 0.826042 0.207813 0.825000 0.207813 0.823958 0.207031 0.822917 0.206250 0.821875 0.206250 0.820833 0.205469 0.819792 0.205469 0.818750 0.204687 0.817708 0.204687 0.813542 0.204687 0.812500 0.206250 0.810417 0.207031 0.809375 0.207813 0.809375 0.208594 0.808333 0.209375 0.808333 0.210156 0.808333 0.210938 0.807292 0.211719 0.807292 0.212500 0.806250
0 0.595313 0.810417 0.596875 0.810417 0.597656 0.810417 0.597656 0.811458 0.598437 0.812500 0.601562 0.812500 0.602344 0.812500 0.602344 0.813542 0.603125 0.814583 0.604688 0.814583 0.605469 0.814583 0.605469 0.821875 0.605469 0.822917 0.600781 0.829167 0.600781 0.830208 0.600000 0.831250 0.599219 0.832292 0.598437 0.832292 0.597656 0.833333 0.596875 0.833333 0.596094 0.833333 0.595313 0.832292 0.594531 0.831250 0.594531 0.829167 0.593750 0.828125 0.594531 0.827083 0.594531 0.822917 0.594531 0.821875 0.592969 0.819792 0.592187 0.818750 0.592969 0.817708 0.592969 0.813542 0.592187 0.812500 0.592969 0.812500 0.593750 0.811458 0.594531 0.811458 0.595313 0.810417
0 0.322656 0.813542 0.324219 0.813542 0.325000 0.813542 0.325781 0.814583 0.326562 0.814583 0.326562 0.815625 0.327344 0.816667 0.328906 0.816667 0.329688 0.816667 0.330469 0.817708 0.331250 0.817708 0.332031 0.818750 0.332813 0.818750 0.333594 0.818750 0.333594 0.819792 0.333594 0.820833 0.334375 0.821875 0.334375 0.823958 0.334375 0.825000 0.333594 0.826042 0.332813 0.827083 0.332031 0.827083 0.331250 0.827083 0.330469 0.826042 0.329688 0.826042 0.328906 0.825000 0.328125 0.823958 0.326562 0.823958 0.325781 0.823958 0.325781 0.822917 0.325000 0.821875 0.322656 0.821875 0.321875 0.821875 0.321094 0.820833 0.320312 0.820833 0.320312 0.819792 0.319531 0.818750 0.320312 0.817708 0.320312 0.816667 0.320312 0.815625 0.321094 0.815625 0.322656 0.813542
0 0.529687 0.816667 0.532813 0.816667 0.533594 0.817708 0.533594 0.820833 0.533594 0.821875 0.534375 0.822917 0.534375 0.825000 0.535156 0.826042 0.535156 0.831250 0.535156 0.832292 0.535937 0.833333 0.536719 0.834375 0.535937 0.834375 0.535156 0.835417 0.535156 0.836458 0.534375 0.837500 0.533594 0.838542 0.532813 0.838542 0.532031 0.838542 0.531250 0.839583 0.530469 0.839583 0.529687 0.839583 0.528906 0.840625 0.528125 0.840625 0.526563 0.842708 0.525781 0.843750 0.525781 0.844792 0.525000 0.845833 0.525000 0.850000 0.525000 0.851042 0.525781 0.852083 0.525781 0.853125 0.526563 0.854167 0.525781 0.854167 0.525000 0.855208 0.524219 0.856250 0.524219 0.857292 0.523438 0.858333 0.523438 0.859375 0.523438 0.860417 0.522656 0.861458 0.521875 0.862500 0.521094 0.862500 0.520312 0.863542 0.519531 0.863542 0.518750 0.864583 0.517969 0.865625 0.516406 0.865625 0.515625 0.865625 0.515625 0.864583 0.514844 0.863542 0.513281 0.863542 0.512500 0.863542 0.512500 0.860417 0.513281 0.859375 0.513281 0.842708 0.513281 0.841667 0.514062 0.840625 0.514062 0.839583 0.514844 0.838542 0.515625 0.837500 0.518750 0.837500 0.519531 0.837500 0.520312 0.836458 0.520312 0.835417 0.521094 0.835417 0.521875 0.834375 0.521875 0.828125 0.521875 0.827083 0.522656 0.826042 0.522656 0.825000 0.522656 0.823958 0.523438 0.822917 0.524219 0.822917 0.525000 0.821875 0.525781 0.820833 0.526563 0.820833 0.527344 0.819792 0.527344 0.818750 0.528125 0.818750 0.528906 0.818750 0.529687 0.817708 0.529687 0.816667
0 0.734375 0.817708 0.735156 0.818750 0.735938 0.818750 0.735938 0.822917 0.735938 0.823958 0.735156 0.825000 0.734375 0.826042 0.732812 0.826042 0.732031 0.827083 0.731250 0.826042 0.730469 0.826042 0.730469 0.825000 0.729688 0.823958 0.729688 0.822917 0.729688 0.821875 0.730469 0.820833 0.731250 0.819792 0.732031 0.819792 0.732812 0.818750 0.733594 0.818750 0.734375 0.817708
0 0.048438 0.819792 0.052344 0.819792 0.053125 0.819792 0.053906 0.820833 0.053906 0.823958 0.054688 0.825000 0.053906 0.826042 0.053125 0.827083 0.053125 0.828125 0.052344 0.829167 0.050781 0.829167 0.050000 0.829167 0.048438 0.831250 0.047656 0.831250 0.047656 0.828125 0.046875 0.827083 0.046875 0.822917 0.046875 0.821875 0.048438 0.819792
0 0.284375 0.821875 0.285156 0.822917 0.287500 0.822917 0.288281 0.822917 0.288281 0.823958 0.289062 0.825000 0.292187 0.825000 0.292969 0.826042 0.292187 0.827083 0.292187 0.829167 0.291406 0.830208 0.291406 0.839583 0.291406 0.840625 0.289844 0.842708 0.289062 0.843750 0.289062 0.844792 0.288281 0.845833 0.288281 0.846875 0.288281 0.847917 0.287500 0.848958 0.287500 0.850000 0.286719 0.851042 0.285938 0.852083 0.285156 0.852083 0.284375 0.853125 0.283594 0.853125 0.282813 0.854167 0.282031 0.854167 0.281250 0.854167 0.281250 0.853125 0.281250 0.852083 0.280469 0.851042 0.279687 0.851042 0.280469 0.851042 0.281250 0.850000 0.281250 0.846875 0.281250 0.845833 0.280469 0.844792 0.280469 0.843750 0.279687 0.842708 0.279687 0.841667 0.279687 0.840625 0.280469 0.839583 0.281250 0.838542 0.281250 0.837500 0.281250 0.836458 0.282031 0.835417 0.282813 0.834375 0.282813 0.831250 0.282813 0.830208 0.282031 0.829167 0.282031 0.827083 0.282031 0.826042 0.282813 0.825000 0.282813 0.823958 0.283594 0.823958 0.284375 0.822917 0.284375 0.821875
0 0.236719 0.837500 0.238281 0.837500 0.239063 0.837500 0.239063 0.838542 0.239844 0.839583 0.240625 0.840625 0.241406 0.840625 0.242188 0.841667 0.242188 0.843750 0.242969 0.844792 0.242188 0.845833 0.242188 0.848958 0.242188 0.850000 0.241406 0.851042 0.240625 0.852083 0.240625 0.853125 0.239844 0.854167 0.236719 0.854167 0.235937 0.854167 0.235156 0.853125 0.234375 0.853125 0.233594 0.853125 0.233594 0.852083 0.232813 0.851042 0.232031 0.851042 0.232031 0.843750 0.232031 0.842708 0.233594 0.840625 0.233594 0.839583 0.234375 0.839583 0.235156 0.839583 0.236719 0.837500
0 0.379688 0.837500 0.380469 0.838542 0.381250 0.838542 0.381250 0.839583 0.382812 0.841667 0.383594 0.841667 0.383594 0.842708 0.384375 0.843750 0.385156 0.843750 0.385937 0.844792 0.386719 0.844792 0.386719 0.848958 0.385937 0.850000 0.383594 0.850000 0.382812 0.850000 0.382031 0.851042 0.380469 0.851042 0.379688 0.851042 0.379688 0.850000 0.378125 0.847917 0.377344 0.847917 0.377344 0.842708 0.377344 0.841667 0.378125 0.840625 0.378125 0.839583 0.378906 0.839583 0.379688 0.838542 0.379688 0.837500
0 0.469531 0.841667 0.471875 0.841667 0.472656 0.842708 0.482031 0.842708 0.482812 0.842708 0.483594 0.843750 0.483594 0.844792 0.484375 0.845833 0.493750 0.845833 0.494531 0.845833 0.495312 0.846875 0.495312 0.853125 0.495312 0.854167 0.492188 0.858333 0.491406 0.859375 0.491406 0.860417 0.489844 0.862500 0.489063 0.863542 0.489063 0.864583 0.488281 0.865625 0.461719 0.865625 0.460938 0.865625 0.460938 0.860417 0.460156 0.859375 0.460156 0.855208 0.460156 0.854167 0.460938 0.853125 0.460938 0.852083 0.460938 0.851042 0.461719 0.850000 0.461719 0.848958 0.462500 0.848958 0.464062 0.846875 0.464844 0.845833 0.465625 0.845833 0.466406 0.844792 0.467187 0.843750 0.467969 0.843750 0.469531 0.841667
0 0.707031 0.845833 0.714063 0.845833 0.714844 0.845833 0.714844 0.846875 0.714844 0.847917 0.715625 0.848958 0.716406 0.848958 0.717187 0.848958 0.717187 0.850000 0.717187 0.851042 0.717969 0.852083 0.718750 0.852083 0.719531 0.853125 0.720313 0.853125 0.720313 0.854167 0.720313 0.855208 0.721094 0.856250 0.721875 0.857292 0.721875 0.862500 0.722656 0.863542 0.723437 0.863542 0.724219 0.864583 0.726562 0.864583 0.727344 0.865625 0.728906 0.865625 0.729688 0.865625 0.730469 0.864583 0.732812 0.864583 0.732812 0.865625 0.707812 0.865625 0.707031 0.865625 0.707031 0.861458 0.706250 0.860417 0.706250 0.850000 0.705469 0.848958 0.706250 0.848958 0.707031 0.847917 0.707031 0.845833
0 0.887500 0.847917 0.888281 0.847917 0.889062 0.847917 0.889844 0.848958 0.890625 0.848958 0.890625 0.851042 0.890625 0.852083 0.891406 0.853125 0.891406 0.854167 0.890625 0.855208 0.890625 0.856250 0.889844 0.857292 0.889844 0.858333 0.889062 0.859375 0.887500 0.859375 0.886719 0.859375 0.885938 0.860417 0.885156 0.861458 0.884375 0.861458 0.883594 0.861458 0.882812 0.862500 0.882031 0.862500 0.882031 0.861458 0.881250 0.860417 0.882031 0.859375 0.882031 0.858333 0.882031 0.857292 0.882812 0.856250 0.882812 0.855208 0.883594 0.855208 0.884375 0.854167 0.884375 0.853125 0.885156 0.852083 0.885938 0.851042 0.885938 0.850000 0.887500 0.847917
0 0.130469 0.852083 0.131250 0.852083 0.132031 0.852083 0.133594 0.854167 0.134375 0.854167 0.134375 0.855208 0.135156 0.856250 0.135156 0.858333 0.135937 0.859375 0.135156 0.859375 0.134375 0.860417 0.133594 0.860417 0.132812 0.860417 0.132031 0.861458 0.131250 0.862500 0.130469 0.861458 0.129688 0.861458 0.128906 0.860417 0.128125 0.859375 0.127344 0.859375 0.126562 0.858333 0.126562 0.855208 0.125781 0.854167 0.127344 0.854167 0.128125 0.854167 0.128906 0.853125 0.129688 0.853125 0.130469 0.852083
0 0.415625 0.857292 0.416406 0.858333 0.416406 0.859375 0.417187 0.860417 0.417969 0.860417 0.417187 0.861458 0.417187 0.863542 0.417187 0.864583 0.416406 0.865625 0.412500 0.865625 0.411719 0.865625 0.411719 0.864583 0.412500 0.863542 0.412500 0.862500 0.412500 0.861458 0.415625 0.857292
0 0.251563 0.860417 0.253125 0.860417 0.253906 0.860417 0.254688 0.861458 0.255469 0.861458 0.255469 0.864583 0.255469 0.865625 0.243750 0.865625 0.242969 0.865625 0.242969 0.864583 0.242969 0.863542 0.243750 0.863542 0.244531 0.862500 0.248438 0.862500 0.249219 0.862500 0.250000 0.861458 0.250781 0.861458 0.251563 0.860417
0 0.995313 0.861458 0.998437 0.861458 0.999219 0.861458 0.999219 0.864583 0.999219 0.865625 0.993750 0.865625 0.992969 0.865625 0.992969 0.864583 0.993750 0.863542 0.994531 0.863542 0.995313 0.862500 0.995313 0.861458
