0 0.511719 0.000000 0.516406 0.000000 0.517188 0.000000 0.517188 0.001042 0.517188 0.002083 0.516406 0.003125 0.515625 0.003125 0.514844 0.004167 0.514062 0.005208 0.514062 0.007292 0.513281 0.008333 0.512500 0.008333 0.511719 0.008333 0.510938 0.009375 0.510156 0.009375 0.509375 0.009375 0.508594 0.008333 0.508594 0.007292 0.507812 0.006250 0.508594 0.006250 0.509375 0.005208 0.509375 0.004167 0.510156 0.004167 0.510938 0.003125 0.511719 0.002083 0.511719 0.000000
0 0.301563 0.003125 0.303906 0.003125 0.304688 0.003125 0.304688 0.005208 0.305469 0.006250 0.305469 0.009375 0.305469 0.010417 0.304688 0.011458 0.303906 0.012500 0.303125 0.012500 0.302344 0.011458 0.302344 0.009375 0.301563 0.008333 0.301563 0.003125
0 0.073438 0.004167 0.074219 0.004167 0.075000 0.004167 0.075781 0.005208 0.075781 0.006250 0.076563 0.007292 0.077344 0.007292 0.076563 0.007292 0.075781 0.007292 0.075000 0.008333 0.074219 0.008333 0.073438 0.007292 0.073438 0.006250 0.072656 0.005208 0.073438 0.004167
0 0.017969 0.008333 0.020313 0.008333 0.021094 0.008333 0.021875 0.009375 0.022656 0.009375 0.023438 0.009375 0.024219 0.010417 0.023438 0.011458 0.023438 0.012500 0.023438 0.013542 0.022656 0.014583 0.021875 0.015625 0.021094 0.015625 0.020313 0.016667 0.017969 0.016667 0.017188 0.016667 0.016406 0.017708 0.013281 0.017708 0.012500 0.017708 0.012500 0.011458 0.012500 0.010417 0.013281 0.009375 0.016406 0.009375 0.017188 0.009375 0.017969 0.008333
0 0.741406 0.008333 0.742188 0.008333 0.742969 0.008333 0.745313 0.011458 0.746094 0.012500 0.747656 0.012500 0.748437 0.012500 0.748437 0.013542 0.749219 0.014583 0.750000 0.014583 0.750000 0.015625 0.749219 0.016667 0.749219 0.017708 0.748437 0.018750 0.748437 0.019792 0.747656 0.020833 0.746875 0.021875 0.746875 0.022917 0.746875 0.023958 0.744531 0.027083 0.743750 0.028125 0.742969 0.027083 0.740625 0.027083 0.739844 0.027083 0.739844 0.026042 0.739062 0.025000 0.739062 0.023958 0.738281 0.022917 0.738281 0.019792 0.737500 0.018750 0.738281 0.017708 0.738281 0.013542 0.738281 0.012500 0.739062 0.012500 0.739844 0.011458 0.740625 0.010417 0.740625 0.009375 0.741406 0.008333
0 0.503906 0.015625 0.504687 0.016667 0.504687 0.018750 0.504687 0.019792 0.503906 0.020833 0.503125 0.021875 0.501563 0.021875 0.500781 0.021875 0.500781 0.018750 0.500781 0.017708 0.501563 0.016667 0.502344 0.016667 0.503125 0.016667 0.503906 0.015625
0 0.069531 0.016667 0.071875 0.016667 0.072656 0.016667 0.072656 0.017708 0.071094 0.019792 0.070312 0.020833 0.069531 0.019792 0.068750 0.018750 0.069531 0.017708 0.069531 0.016667
0 0.214844 0.016667 0.217188 0.016667 0.217969 0.016667 0.218750 0.017708 0.219531 0.018750 0.218750 0.018750 0.217969 0.019792 0.215625 0.019792 0.214844 0.019792 0.214844 0.016667
0 0.915625 0.016667 0.922656 0.016667 0.923438 0.016667 0.923438 0.017708 0.924219 0.018750 0.924219 0.019792 0.925000 0.020833 0.925000 0.021875 0.924219 0.022917 0.923438 0.022917 0.922656 0.022917 0.921875 0.023958 0.921094 0.023958 0.920312 0.023958 0.919531 0.025000 0.918750 0.025000 0.917969 0.025000 0.917969 0.023958 0.917969 0.022917 0.917188 0.021875 0.916406 0.020833 0.916406 0.018750 0.916406 0.017708 0.915625 0.016667
0 0.442969 0.020833 0.445312 0.020833 0.446094 0.020833 0.445312 0.021875 0.445312 0.022917 0.443750 0.025000 0.442969 0.026042 0.442969 0.030208 0.442969 0.031250 0.442188 0.032292 0.442188 0.033333 0.441406 0.034375 0.440625 0.034375 0.439844 0.034375 0.439844 0.032292 0.439844 0.031250 0.440625 0.030208 0.440625 0.029167 0.440625 0.028125 0.441406 0.027083 0.442188 0.026042 0.442188 0.023958 0.442188 0.022917 0.442969 0.021875 0.442969 0.020833
0 0.055469 0.022917 0.061719 0.022917 0.062500 0.022917 0.063281 0.023958 0.064062 0.023958 0.064062 0.025000 0.062500 0.027083 0.061719 0.028125 0.061719 0.029167 0.060937 0.030208 0.060937 0.031250 0.060156 0.032292 0.060156 0.033333 0.059375 0.034375 0.058594 0.035417 0.057813 0.035417 0.057031 0.036458 0.056250 0.036458 0.055469 0.035417 0.054688 0.035417 0.054688 0.030208 0.053906 0.029167 0.053906 0.028125 0.053906 0.027083 0.054688 0.026042 0.054688 0.025000 0.055469 0.023958 0.055469 0.022917
0 0.596875 0.028125 0.598437 0.028125 0.599219 0.028125 0.600000 0.029167 0.600000 0.030208 0.599219 0.031250 0.598437 0.032292 0.597656 0.032292 0.596875 0.032292 0.596875 0.030208 0.596094 0.029167 0.596875 0.028125
0 0.405469 0.034375 0.407031 0.034375 0.407813 0.035417 0.407813 0.039583 0.407031 0.040625 0.405469 0.040625 0.404687 0.039583 0.404687 0.036458 0.404687 0.035417 0.405469 0.034375
0 0.014844 0.039583 0.015625 0.039583 0.016406 0.039583 0.016406 0.041667 0.017188 0.042708 0.016406 0.042708 0.014844 0.044792 0.014063 0.044792 0.013281 0.043750 0.012500 0.042708 0.013281 0.041667 0.014063 0.041667 0.014844 0.040625 0.014844 0.039583
0 0.166406 0.042708 0.167969 0.042708 0.168750 0.042708 0.168750 0.043750 0.169531 0.044792 0.169531 0.045833 0.168750 0.046875 0.167969 0.047917 0.167187 0.047917 0.166406 0.046875 0.165625 0.045833 0.165625 0.044792 0.165625 0.043750 0.166406 0.042708
0 0.047656 0.043750 0.049219 0.043750 0.050000 0.043750 0.050000 0.044792 0.050781 0.045833 0.052344 0.045833 0.053125 0.045833 0.053906 0.046875 0.056250 0.046875 0.057031 0.046875 0.057813 0.047917 0.058594 0.048958 0.058594 0.052083 0.058594 0.053125 0.059375 0.054167 0.059375 0.055208 0.059375 0.056250 0.060156 0.057292 0.060156 0.058333 0.060937 0.059375 0.060937 0.060417 0.061719 0.061458 0.061719 0.063542 0.062500 0.064583 0.062500 0.065625 0.062500 0.066667 0.061719 0.067708 0.060937 0.068750 0.059375 0.068750 0.058594 0.068750 0.057813 0.067708 0.057031 0.067708 0.055469 0.065625 0.054688 0.065625 0.054688 0.064583 0.053906 0.063542 0.053125 0.063542 0.052344 0.062500 0.052344 0.061458 0.052344 0.060417 0.051562 0.059375 0.051562 0.058333 0.050781 0.057292 0.050781 0.056250 0.050000 0.055208 0.050000 0.054167 0.049219 0.053125 0.049219 0.051042 0.049219 0.050000 0.048438 0.048958 0.047656 0.047917 0.047656 0.043750
0 0.157812 0.044792 0.159375 0.044792 0.160156 0.044792 0.160156 0.047917 0.159375 0.048958 0.157812 0.048958 0.157031 0.048958 0.157031 0.046875 0.157031 0.045833 0.157812 0.044792
0 0.219531 0.050000 0.224219 0.050000 0.225000 0.051042 0.225000 0.054167 0.225000 0.055208 0.226562 0.057292 0.227344 0.057292 0.227344 0.058333 0.228125 0.059375 0.228906 0.059375 0.231250 0.062500 0.232031 0.063542 0.232031 0.065625 0.232813 0.066667 0.232813 0.070833 0.232031 0.071875 0.230469 0.071875 0.229687 0.071875 0.228906 0.072917 0.228125 0.072917 0.227344 0.071875 0.227344 0.070833 0.227344 0.069792 0.226562 0.068750 0.226562 0.067708 0.225781 0.066667 0.225781 0.065625 0.224219 0.063542 0.223438 0.063542 0.223438 0.058333 0.223438 0.057292 0.222656 0.056250 0.221875 0.056250 0.221094 0.055208 0.220312 0.055208 0.219531 0.054167 0.218750 0.053125 0.218750 0.052083 0.217969 0.051042 0.218750 0.051042 0.219531 0.050000
0 0.274219 0.050000 0.276562 0.050000 0.276562 0.051042 0.275781 0.052083 0.275000 0.052083 0.274219 0.053125 0.273438 0.053125 0.272656 0.054167 0.271094 0.054167 0.270313 0.053125 0.271094 0.052083 0.271875 0.052083 0.272656 0.051042 0.273438 0.051042 0.274219 0.050000
0 0.522656 0.050000 0.524219 0.052083 0.525000 0.053125 0.525000 0.054167 0.526563 0.056250 0.527344 0.057292 0.526563 0.058333 0.525781 0.059375 0.523438 0.059375 0.522656 0.059375 0.521875 0.058333 0.519531 0.058333 0.518750 0.057292 0.518750 0.055208 0.518750 0.054167 0.519531 0.054167 0.521094 0.052083 0.521094 0.051042 0.521875 0.051042 0.522656 0.050000
0 0.014844 0.063542 0.015625 0.063542 0.016406 0.063542 0.017188 0.064583 0.017969 0.064583 0.018750 0.065625 0.019531 0.065625 0.020313 0.065625 0.019531 0.066667 0.018750 0.067708 0.016406 0.067708 0.015625 0.068750 0.010156 0.068750 0.009375 0.068750 0.005469 0.073958 0.004687 0.075000 0.004687 0.076042 0.003906 0.077083 0.003906 0.078125 0.003125 0.079167 0.003125 0.087500 0.003125 0.088542 0.002344 0.089583 0.001563 0.089583 0.000781 0.089583 0.000000 0.088542 0.000000 0.070833 0.000000 0.069792 0.000781 0.069792 0.001563 0.069792 0.002344 0.068750 0.003125 0.068750 0.003906 0.068750 0.004687 0.067708 0.004687 0.066667 0.005469 0.066667 0.006250 0.065625 0.007812 0.065625 0.008594 0.064583 0.013281 0.064583 0.014063 0.064583 0.014844 0.063542
0 0.185156 0.064583 0.187500 0.064583 0.188281 0.065625 0.187500 0.066667 0.187500 0.067708 0.187500 0.068750 0.186719 0.069792 0.185938 0.069792 0.185156 0.069792 0.184375 0.070833 0.184375 0.071875 0.183594 0.072917 0.182812 0.072917 0.182031 0.071875 0.182031 0.069792 0.181250 0.068750 0.182812 0.068750 0.183594 0.068750 0.184375 0.067708 0.184375 0.066667 0.184375 0.065625 0.185156 0.064583
0 0.350000 0.066667 0.350781 0.066667 0.351562 0.066667 0.351562 0.068750 0.351562 0.069792 0.350781 0.070833 0.350781 0.073958 0.350781 0.075000 0.350000 0.076042 0.349219 0.076042 0.348438 0.076042 0.347656 0.075000 0.346875 0.075000 0.346094 0.075000 0.346094 0.073958 0.346094 0.072917 0.346875 0.071875 0.346875 0.070833 0.347656 0.069792 0.347656 0.068750 0.348438 0.067708 0.349219 0.067708 0.350000 0.066667
0 0.096094 0.070833 0.100000 0.070833 0.100781 0.070833 0.100000 0.070833 0.098437 0.072917 0.097656 0.073958 0.096875 0.073958 0.096094 0.073958 0.096094 0.070833
0 0.289844 0.071875 0.295312 0.071875 0.296094 0.072917 0.295312 0.073958 0.295312 0.075000 0.294531 0.076042 0.293750 0.076042 0.292969 0.076042 0.292187 0.075000 0.291406 0.075000 0.290625 0.073958 0.289844 0.073958 0.289844 0.071875
0 0.577344 0.071875 0.579688 0.071875 0.580469 0.071875 0.580469 0.072917 0.580469 0.073958 0.581250 0.075000 0.581250 0.077083 0.580469 0.078125 0.579688 0.078125 0.577344 0.075000 0.576562 0.075000 0.576562 0.073958 0.575781 0.072917 0.576562 0.072917 0.577344 0.071875
0 0.824219 0.072917 0.825781 0.072917 0.826562 0.072917 0.826562 0.073958 0.825781 0.075000 0.825000 0.075000 0.824219 0.076042 0.823438 0.077083 0.822656 0.077083 0.821875 0.078125 0.819531 0.078125 0.818750 0.078125 0.818750 0.076042 0.819531 0.075000 0.820312 0.075000 0.821094 0.073958 0.822656 0.073958 0.823438 0.073958 0.824219 0.072917
0 0.658594 0.075000 0.660937 0.075000 0.661719 0.075000 0.660937 0.076042 0.660937 0.077083 0.660156 0.078125 0.660156 0.079167 0.659375 0.080208 0.659375 0.081250 0.657813 0.083333 0.657031 0.083333 0.656250 0.082292 0.656250 0.081250 0.656250 0.080208 0.657031 0.079167 0.657031 0.078125 0.657031 0.077083 0.658594 0.075000
0 0.141406 0.076042 0.142187 0.076042 0.142969 0.076042 0.146094 0.080208 0.146094 0.081250 0.145313 0.082292 0.143750 0.082292 0.142969 0.082292 0.142187 0.081250 0.142187 0.080208 0.141406 0.079167 0.141406 0.076042
0 0.281250 0.076042 0.284375 0.076042 0.285156 0.076042 0.285938 0.077083 0.285938 0.078125 0.286719 0.079167 0.286719 0.080208 0.285938 0.081250 0.282813 0.081250 0.282031 0.081250 0.281250 0.080208 0.280469 0.080208 0.279687 0.079167 0.280469 0.078125 0.280469 0.077083 0.281250 0.076042
0 0.198437 0.079167 0.201563 0.079167 0.202344 0.079167 0.203906 0.081250 0.203906 0.082292 0.202344 0.084375 0.201563 0.085417 0.200781 0.084375 0.200000 0.084375 0.199219 0.083333 0.198437 0.082292 0.198437 0.079167
0 0.265625 0.079167 0.267969 0.079167 0.268750 0.079167 0.268750 0.080208 0.268750 0.081250 0.269531 0.082292 0.270313 0.083333 0.270313 0.085417 0.271094 0.086458 0.272656 0.086458 0.273438 0.086458 0.274219 0.085417 0.274219 0.084375 0.277344 0.084375 0.278125 0.085417 0.278125 0.086458 0.278125 0.087500 0.275781 0.090625 0.275000 0.091667 0.272656 0.091667 0.271875 0.092708 0.271875 0.095833 0.271875 0.096875 0.272656 0.097917 0.273438 0.098958 0.272656 0.100000 0.271875 0.101042 0.270313 0.101042 0.269531 0.102083 0.267969 0.102083 0.267188 0.102083 0.266406 0.101042 0.265625 0.101042 0.264844 0.100000 0.264062 0.100000 0.264062 0.098958 0.262500 0.096875 0.261719 0.095833 0.261719 0.094792 0.261719 0.093750 0.260937 0.092708 0.260937 0.091667 0.260156 0.090625 0.260156 0.089583 0.259375 0.088542 0.258594 0.088542 0.258594 0.086458 0.258594 0.085417 0.259375 0.084375 0.259375 0.083333 0.259375 0.082292 0.260156 0.081250 0.260156 0.080208 0.264062 0.080208 0.264844 0.080208 0.265625 0.079167
0 0.694531 0.079167 0.696094 0.079167 0.696875 0.079167 0.697656 0.080208 0.698438 0.080208 0.698438 0.084375 0.699219 0.085417 0.700000 0.085417 0.700781 0.086458 0.703906 0.086458 0.704688 0.086458 0.703125 0.088542 0.703125 0.089583 0.702344 0.090625 0.701562 0.090625 0.700781 0.091667 0.698438 0.091667 0.697656 0.092708 0.694531 0.092708 0.693750 0.092708 0.692969 0.091667 0.692969 0.084375 0.692969 0.083333 0.693750 0.083333 0.694531 0.082292 0.694531 0.079167
0 0.850000 0.079167 0.850781 0.080208 0.851562 0.081250 0.850781 0.082292 0.850781 0.085417 0.850781 0.086458 0.850000 0.087500 0.849219 0.087500 0.848437 0.088542 0.848437 0.090625 0.847656 0.091667 0.846875 0.091667 0.846094 0.090625 0.845313 0.090625 0.844531 0.090625 0.843750 0.089583 0.843750 0.087500 0.843750 0.086458 0.844531 0.085417 0.844531 0.084375 0.844531 0.083333 0.845313 0.083333 0.846875 0.081250 0.847656 0.080208 0.848437 0.080208 0.849219 0.080208 0.850000 0.079167
0 0.667188 0.081250 0.672656 0.081250 0.672656 0.082292 0.671094 0.084375 0.670312 0.085417 0.668750 0.085417 0.667969 0.085417 0.667188 0.084375 0.667188 0.081250
0 0.046875 0.084375 0.048438 0.084375 0.049219 0.084375 0.050000 0.085417 0.051562 0.085417 0.052344 0.085417 0.052344 0.088542 0.052344 0.089583 0.050781 0.091667 0.050000 0.092708 0.050000 0.095833 0.050000 0.096875 0.049219 0.097917 0.048438 0.097917 0.047656 0.098958 0.047656 0.100000 0.046875 0.101042 0.046094 0.101042 0.045312 0.101042 0.044531 0.100000 0.044531 0.097917 0.044531 0.096875 0.043750 0.095833 0.043750 0.094792 0.042969 0.093750 0.042188 0.093750 0.041406 0.093750 0.041406 0.092708 0.041406 0.091667 0.042188 0.091667 0.042969 0.090625 0.043750 0.090625 0.044531 0.089583 0.044531 0.088542 0.044531 0.087500 0.045312 0.086458 0.046094 0.086458 0.046875 0.085417 0.046875 0.084375
0 0.541406 0.087500 0.544531 0.087500 0.545312 0.087500 0.546094 0.088542 0.546094 0.089583 0.544531 0.091667 0.543750 0.092708 0.542188 0.092708 0.541406 0.092708 0.540625 0.093750 0.539844 0.093750 0.539062 0.093750 0.538281 0.092708 0.537500 0.092708 0.537500 0.091667 0.537500 0.090625 0.536719 0.089583 0.535937 0.089583 0.536719 0.089583 0.537500 0.088542 0.539844 0.088542 0.540625 0.088542 0.541406 0.087500
0 0.017969 0.090625 0.021875 0.090625 0.022656 0.090625 0.023438 0.091667 0.023438 0.092708 0.023438 0.093750 0.022656 0.094792 0.018750 0.094792 0.017969 0.094792 0.017969 0.090625
0 0.238281 0.097917 0.239063 0.097917 0.239844 0.097917 0.240625 0.098958 0.241406 0.098958 0.242188 0.100000 0.242188 0.101042 0.242969 0.102083 0.242188 0.103125 0.242188 0.108333 0.241406 0.109375 0.239844 0.109375 0.239063 0.109375 0.238281 0.108333 0.238281 0.107292 0.237500 0.106250 0.237500 0.100000 0.237500 0.098958 0.238281 0.097917
0 0.864062 0.100000 0.864844 0.100000 0.865625 0.100000 0.867188 0.102083 0.867969 0.102083 0.867969 0.103125 0.867188 0.104167 0.866406 0.105208 0.865625 0.105208 0.864844 0.106250 0.864062 0.106250 0.864062 0.104167 0.863281 0.103125 0.863281 0.102083 0.863281 0.101042 0.864062 0.100000
0 0.592187 0.102083 0.594531 0.102083 0.595313 0.103125 0.595313 0.104167 0.595313 0.105208 0.594531 0.106250 0.593750 0.107292 0.592969 0.107292 0.592187 0.106250 0.591406 0.106250 0.591406 0.105208 0.591406 0.104167 0.592187 0.103125 0.592187 0.102083
0 0.247656 0.106250 0.248438 0.107292 0.249219 0.107292 0.250000 0.108333 0.249219 0.108333 0.248438 0.109375 0.247656 0.110417 0.247656 0.111458 0.246094 0.113542 0.245312 0.114583 0.245312 0.112500 0.245312 0.111458 0.244531 0.110417 0.243750 0.110417 0.242969 0.110417 0.245312 0.110417 0.246094 0.110417 0.246875 0.109375 0.246875 0.108333 0.247656 0.107292 0.247656 0.106250
0 0.305469 0.109375 0.307031 0.109375 0.307812 0.109375 0.308594 0.110417 0.309375 0.110417 0.310937 0.112500 0.310937 0.113542 0.310156 0.114583 0.309375 0.114583 0.308594 0.114583 0.307031 0.112500 0.306250 0.111458 0.306250 0.110417 0.305469 0.109375
0 0.002344 0.110417 0.004687 0.110417 0.005469 0.110417 0.005469 0.111458 0.005469 0.112500 0.004687 0.113542 0.003906 0.113542 0.003125 0.114583 0.001563 0.114583 0.000781 0.114583 0.000000 0.113542 0.000000 0.112500 0.000781 0.112500 0.001563 0.112500 0.002344 0.111458 0.002344 0.110417
0 0.211719 0.110417 0.212500 0.110417 0.213281 0.110417 0.214062 0.111458 0.214844 0.111458 0.214844 0.113542 0.215625 0.114583 0.215625 0.118750 0.214844 0.119792 0.212500 0.119792 0.211719 0.119792 0.210938 0.118750 0.210938 0.117708 0.210938 0.116667 0.210156 0.115625 0.209375 0.115625 0.208594 0.114583 0.207813 0.113542 0.207813 0.112500 0.207031 0.111458 0.210156 0.111458 0.210938 0.111458 0.211719 0.110417
0 0.821094 0.112500 0.823438 0.112500 0.824219 0.112500 0.825000 0.113542 0.825781 0.113542 0.825781 0.117708 0.826562 0.118750 0.825000 0.120833 0.824219 0.121875 0.823438 0.121875 0.823438 0.120833 0.822656 0.119792 0.822656 0.118750 0.821875 0.117708 0.821094 0.117708 0.821094 0.116667 0.820312 0.115625 0.821094 0.114583 0.821094 0.112500
0 0.145313 0.117708 0.146875 0.117708 0.147656 0.117708 0.148438 0.118750 0.148438 0.119792 0.147656 0.120833 0.146875 0.121875 0.146094 0.121875 0.145313 0.121875 0.145313 0.119792 0.144531 0.118750 0.145313 0.117708
0 0.691406 0.117708 0.694531 0.117708 0.695312 0.117708 0.696094 0.118750 0.696094 0.119792 0.695312 0.120833 0.695312 0.121875 0.694531 0.122917 0.693750 0.122917 0.692969 0.123958 0.692187 0.123958 0.691406 0.122917 0.690625 0.122917 0.690625 0.120833 0.690625 0.119792 0.691406 0.118750 0.691406 0.117708
0 0.078906 0.120833 0.079687 0.120833 0.080469 0.120833 0.081250 0.121875 0.082031 0.121875 0.082031 0.125000 0.082031 0.126042 0.081250 0.127083 0.080469 0.127083 0.079687 0.128125 0.079687 0.129167 0.078906 0.130208 0.078125 0.130208 0.077344 0.131250 0.077344 0.132292 0.076563 0.133333 0.075781 0.133333 0.075000 0.133333 0.074219 0.132292 0.073438 0.132292 0.072656 0.132292 0.072656 0.129167 0.073438 0.128125 0.074219 0.128125 0.075000 0.127083 0.075781 0.127083 0.076563 0.126042 0.078125 0.126042 0.078906 0.125000 0.078906 0.120833
0 0.422656 0.120833 0.424219 0.120833 0.425000 0.120833 0.425000 0.121875 0.425781 0.122917 0.426563 0.122917 0.426563 0.126042 0.425781 0.127083 0.423438 0.127083 0.422656 0.128125 0.421094 0.126042 0.420312 0.126042 0.420312 0.125000 0.420312 0.123958 0.422656 0.120833
0 0.778125 0.133333 0.778125 0.132292 0.776563 0.130208 0.776563 0.129167 0.775781 0.128125 0.775781 0.127083 0.775000 0.127083 0.773438 0.125000 0.773438 0.123958 0.772656 0.122917 0.772656 0.121875 0.768750 0.121875 0.767969 0.122917 0.765625 0.122917 0.765625 0.123958 0.764844 0.125000 0.760885 0.125000 0.761010 0.129244 0.761689 0.129244 0.761689 0.133294 0.762500 0.134375 0.762500 0.135417 0.763281 0.136458 0.763281 0.138542 0.764062 0.139583 0.764062 0.140625 0.764844 0.140625 0.765625 0.141667 0.766406 0.141667 0.767188 0.142708 0.767969 0.141667 0.772656 0.141667 0.773438 0.142708 0.774219 0.142708 0.775000 0.141667 0.775000 0.140625 0.775781 0.139583 0.775781 0.137500 0.776563 0.136458 0.776563 0.135417
0 0.940625 0.123958 0.942187 0.123958 0.942969 0.123958 0.942969 0.125000 0.943750 0.126042 0.944531 0.126042 0.944531 0.127083 0.944531 0.128125 0.943750 0.129167 0.942969 0.130208 0.942969 0.132292 0.942187 0.133333 0.941406 0.133333 0.940625 0.133333 0.940625 0.131250 0.939844 0.130208 0.940625 0.129167 0.940625 0.123958
0 0.305469 0.128125 0.307031 0.128125 0.307812 0.129167 0.307031 0.129167 0.305469 0.131250 0.304688 0.132292 0.303906 0.132292 0.303125 0.131250 0.302344 0.131250 0.303125 0.131250 0.305469 0.128125
0 0.360156 0.134375 0.361719 0.134375 0.362500 0.134375 0.362500 0.135417 0.362500 0.136458 0.361719 0.137500 0.360938 0.138542 0.360156 0.138542 0.359375 0.138542 0.359375 0.136458 0.359375 0.135417 0.360156 0.134375
0 0.450781 0.135417 0.451562 0.135417 0.452344 0.135417 0.453125 0.136458 0.454688 0.136458 0.455469 0.136458 0.456250 0.137500 0.457031 0.138542 0.457813 0.138542 0.458594 0.139583 0.459375 0.140625 0.459375 0.143750 0.459375 0.144792 0.458594 0.145833 0.457813 0.146875 0.457813 0.147917 0.457813 0.148958 0.457031 0.150000 0.456250 0.150000 0.455469 0.151042 0.454688 0.150000 0.453906 0.150000 0.453906 0.147917 0.453906 0.146875 0.453125 0.145833 0.452344 0.145833 0.451562 0.144792 0.450781 0.143750 0.450781 0.142708 0.450000 0.141667 0.450000 0.138542 0.449219 0.137500 0.450781 0.135417
0 0.610938 0.139583 0.612500 0.139583 0.612500 0.140625 0.610938 0.142708 0.610938 0.143750 0.608594 0.146875 0.607812 0.146875 0.607031 0.145833 0.607031 0.143750 0.607031 0.142708 0.607812 0.142708 0.608594 0.142708 0.610938 0.139583
0 0.879687 0.140625 0.882031 0.140625 0.882812 0.140625 0.882031 0.141667 0.881250 0.142708 0.879687 0.142708 0.878906 0.143750 0.878125 0.143750 0.877344 0.143750 0.876563 0.142708 0.875781 0.142708 0.876563 0.142708 0.877344 0.141667 0.878125 0.141667 0.878906 0.141667 0.879687 0.140625
0 0.385937 0.142708 0.386719 0.143750 0.388281 0.143750 0.389062 0.143750 0.387500 0.145833 0.386719 0.146875 0.385937 0.146875 0.385156 0.146875 0.385156 0.144792 0.385156 0.143750 0.385937 0.142708
0 0.751563 0.144792 0.753906 0.144792 0.754687 0.144792 0.754687 0.145833 0.755469 0.146875 0.753906 0.148958 0.753125 0.150000 0.751563 0.150000 0.750781 0.148958 0.750781 0.146875 0.750781 0.145833 0.751563 0.144792
0 0.120313 0.145833 0.123438 0.145833 0.124219 0.145833 0.125000 0.146875 0.125781 0.146875 0.124219 0.148958 0.123438 0.148958 0.122656 0.147917 0.121875 0.147917 0.121094 0.147917 0.121094 0.146875 0.120313 0.145833
0 0.139063 0.155208 0.141406 0.155208 0.142187 0.155208 0.143750 0.157292 0.143750 0.158333 0.142969 0.159375 0.142187 0.159375 0.141406 0.158333 0.139844 0.158333 0.139063 0.158333 0.139063 0.157292 0.138281 0.156250 0.137500 0.156250 0.138281 0.156250 0.139063 0.155208
0 0.498437 0.156250 0.500000 0.156250 0.500781 0.156250 0.500781 0.161458 0.500781 0.162500 0.500000 0.163542 0.499219 0.164583 0.498437 0.163542 0.498437 0.162500 0.497656 0.161458 0.498437 0.160417 0.498437 0.156250
0 0.342969 0.157292 0.346094 0.157292 0.346094 0.158333 0.345313 0.159375 0.344531 0.159375 0.343750 0.160417 0.342969 0.160417 0.342187 0.161458 0.341406 0.161458 0.341406 0.160417 0.340625 0.159375 0.341406 0.158333 0.342187 0.158333 0.342969 0.157292
0 0.611719 0.158333 0.615625 0.158333 0.616406 0.158333 0.617188 0.159375 0.617188 0.160417 0.617969 0.161458 0.617969 0.162500 0.617188 0.163542 0.617188 0.164583 0.617188 0.165625 0.615625 0.167708 0.615625 0.168750 0.614844 0.169792 0.614062 0.169792 0.613281 0.170833 0.613281 0.171875 0.612500 0.172917 0.611719 0.172917 0.610938 0.173958 0.610156 0.173958 0.609375 0.173958 0.609375 0.172917 0.609375 0.171875 0.608594 0.170833 0.607812 0.169792 0.606250 0.169792 0.605469 0.169792 0.605469 0.168750 0.605469 0.167708 0.607812 0.167708 0.608594 0.166667 0.608594 0.164583 0.608594 0.163542 0.609375 0.162500 0.609375 0.161458 0.611719 0.158333
0 0.152344 0.159375 0.153125 0.159375 0.153906 0.159375 0.154688 0.160417 0.155469 0.160417 0.155469 0.162500 0.155469 0.163542 0.156250 0.164583 0.157031 0.165625 0.156250 0.166667 0.155469 0.167708 0.154688 0.167708 0.153906 0.166667 0.153125 0.166667 0.152344 0.165625 0.152344 0.159375
0 0.943750 0.159375 0.947656 0.159375 0.948438 0.159375 0.950000 0.161458 0.950781 0.161458 0.950000 0.162500 0.949219 0.163542 0.947656 0.163542 0.946875 0.163542 0.946094 0.164583 0.945312 0.164583 0.944531 0.163542 0.943750 0.162500 0.943750 0.159375
0 0.329688 0.163542 0.332031 0.163542 0.332813 0.163542 0.332813 0.164583 0.333594 0.165625 0.334375 0.165625 0.334375 0.166667 0.333594 0.167708 0.332813 0.167708 0.331250 0.169792 0.330469 0.170833 0.330469 0.171875 0.329688 0.172917 0.329688 0.173958 0.328906 0.175000 0.328125 0.175000 0.327344 0.175000 0.326562 0.173958 0.325781 0.173958 0.325781 0.168750 0.325781 0.167708 0.326562 0.166667 0.327344 0.166667 0.329688 0.163542
0 0.867969 0.164583 0.868750 0.164583 0.869531 0.164583 0.870313 0.165625 0.871094 0.165625 0.871875 0.165625 0.872656 0.166667 0.872656 0.167708 0.872656 0.168750 0.871875 0.169792 0.870313 0.169792 0.869531 0.169792 0.868750 0.168750 0.867969 0.168750 0.867969 0.164583
0 0.450000 0.165625 0.450781 0.165625 0.451562 0.165625 0.452344 0.166667 0.453125 0.166667 0.453906 0.167708 0.454688 0.168750 0.454688 0.171875 0.455469 0.172917 0.459375 0.172917 0.460156 0.172917 0.460938 0.171875 0.462500 0.171875 0.463281 0.172917 0.463281 0.173958 0.463281 0.175000 0.464062 0.176042 0.464062 0.178125 0.464844 0.179167 0.464844 0.180208 0.464062 0.181250 0.464062 0.182292 0.464062 0.183333 0.463281 0.184375 0.462500 0.185417 0.460938 0.185417 0.460156 0.184375 0.455469 0.184375 0.454688 0.184375 0.453125 0.186458 0.452344 0.187500 0.451562 0.186458 0.450000 0.186458 0.449219 0.185417 0.443750 0.185417 0.442969 0.185417 0.442188 0.184375 0.441406 0.183333 0.440625 0.183333 0.439844 0.182292 0.439063 0.182292 0.438281 0.182292 0.436719 0.180208 0.435937 0.180208 0.435937 0.179167 0.435156 0.178125 0.435156 0.173958 0.435156 0.172917 0.438281 0.172917 0.439063 0.172917 0.439844 0.173958 0.442188 0.173958 0.442969 0.173958 0.443750 0.172917 0.444531 0.172917 0.445312 0.171875 0.446094 0.170833 0.446875 0.170833 0.447656 0.170833 0.448437 0.169792 0.448437 0.168750 0.449219 0.167708 0.450000 0.166667 0.450000 0.165625
0 0.024219 0.172917 0.025000 0.172917 0.025781 0.172917 0.025781 0.173958 0.026562 0.175000 0.030469 0.175000 0.031250 0.175000 0.032031 0.176042 0.032813 0.176042 0.033594 0.177083 0.032813 0.178125 0.032813 0.179167 0.032031 0.180208 0.031250 0.180208 0.030469 0.180208 0.029687 0.181250 0.028906 0.182292 0.028125 0.182292 0.027344 0.182292 0.026562 0.181250 0.025781 0.181250 0.025000 0.181250 0.025000 0.179167 0.024219 0.178125 0.024219 0.172917
0 0.677344 0.175000 0.678906 0.175000 0.679688 0.175000 0.680469 0.176042 0.681250 0.177083 0.681250 0.178125 0.681250 0.179167 0.680469 0.180208 0.679688 0.180208 0.678906 0.180208 0.678125 0.179167 0.677344 0.179167 0.677344 0.175000
0 0.805469 0.177083 0.809375 0.177083 0.810156 0.177083 0.810937 0.178125 0.811719 0.178125 0.812500 0.178125 0.813281 0.179167 0.814063 0.179167 0.814063 0.181250 0.814844 0.182292 0.816406 0.182292 0.817187 0.182292 0.816406 0.183333 0.815625 0.184375 0.814844 0.184375 0.814063 0.185417 0.810156 0.185417 0.809375 0.185417 0.808594 0.184375 0.807813 0.184375 0.807031 0.183333 0.806250 0.183333 0.805469 0.183333 0.804688 0.182292 0.803906 0.181250 0.804688 0.180208 0.804688 0.179167 0.804688 0.178125 0.805469 0.177083
0 0.337500 0.182292 0.338281 0.183333 0.339062 0.183333 0.339062 0.184375 0.338281 0.185417 0.335938 0.185417 0.335156 0.186458 0.334375 0.185417 0.334375 0.184375 0.333594 0.183333 0.335938 0.183333 0.336719 0.183333 0.337500 0.182292
0 0.159375 0.186458 0.160938 0.186458 0.161719 0.186458 0.160938 0.187500 0.160938 0.189583 0.160938 0.190625 0.161719 0.191667 0.163281 0.191667 0.164062 0.191667 0.163281 0.192708 0.163281 0.194792 0.163281 0.195833 0.164062 0.196875 0.164844 0.196875 0.165625 0.197917 0.165625 0.198958 0.165625 0.200000 0.166406 0.201042 0.167187 0.202083 0.167969 0.202083 0.168750 0.202083 0.168750 0.203125 0.168750 0.204167 0.167969 0.205208 0.167969 0.206250 0.168750 0.207292 0.170313 0.207292 0.171094 0.207292 0.168750 0.207292 0.167969 0.208333 0.167969 0.207292 0.167969 0.206250 0.167187 0.205208 0.166406 0.205208 0.165625 0.205208 0.165625 0.204167 0.165625 0.203125 0.164844 0.202083 0.164062 0.202083 0.163281 0.201042 0.163281 0.193750 0.163281 0.192708 0.162500 0.191667 0.161719 0.191667 0.160938 0.192708 0.160938 0.188542 0.160938 0.187500 0.160156 0.186458 0.159375 0.186458
0 0.779847 0.192932 0.779796 0.189522 0.779091 0.189522 0.779108 0.188811 0.778906 0.188542 0.778906 0.187500 0.777344 0.187500 0.776563 0.188542 0.776563 0.189583 0.775781 0.190625 0.776563 0.191667 0.777344 0.191667 0.778191 0.192708 0.778191 0.192932
0 0.038281 0.188542 0.039062 0.188542 0.039844 0.188542 0.039844 0.189583 0.039844 0.190625 0.040625 0.191667 0.041406 0.191667 0.041406 0.192708 0.042188 0.193750 0.042969 0.193750 0.042969 0.195833 0.042188 0.196875 0.041406 0.196875 0.040625 0.196875 0.039844 0.197917 0.039062 0.197917 0.038281 0.197917 0.037500 0.196875 0.036719 0.195833 0.035937 0.195833 0.035156 0.194792 0.034375 0.193750 0.034375 0.192708 0.034375 0.191667 0.035156 0.191667 0.035937 0.191667 0.036719 0.190625 0.036719 0.189583 0.037500 0.189583 0.038281 0.188542
0 0.220312 0.189583 0.221875 0.189583 0.222656 0.189583 0.223438 0.190625 0.224219 0.190625 0.225000 0.191667 0.225000 0.192708 0.224219 0.193750 0.223438 0.193750 0.222656 0.193750 0.221094 0.195833 0.220312 0.195833 0.219531 0.194792 0.218750 0.194792 0.219531 0.194792 0.220312 0.193750 0.220312 0.189583
0 0.736719 0.193750 0.737500 0.193750 0.738281 0.193750 0.739844 0.195833 0.740625 0.195833 0.740625 0.197917 0.741406 0.198958 0.741406 0.205208 0.741406 0.206250 0.740625 0.207292 0.739844 0.208333 0.739062 0.207292 0.738281 0.207292 0.735938 0.204167 0.735156 0.203125 0.728906 0.203125 0.728125 0.202083 0.728125 0.201042 0.728125 0.200000 0.729688 0.197917 0.729688 0.196875 0.730469 0.196875 0.731250 0.195833 0.732031 0.194792 0.735156 0.194792 0.735938 0.194792 0.736719 0.193750
0 0.252344 0.198958 0.256250 0.198958 0.257031 0.198958 0.257031 0.201042 0.257031 0.202083 0.257812 0.203125 0.257812 0.204167 0.257812 0.205208 0.258594 0.206250 0.259375 0.207292 0.260156 0.207292 0.260937 0.208333 0.261719 0.208333 0.261719 0.210417 0.260937 0.211458 0.257812 0.211458 0.257031 0.211458 0.256250 0.210417 0.255469 0.210417 0.254688 0.209375 0.253906 0.208333 0.253125 0.208333 0.252344 0.207292 0.252344 0.206250 0.251563 0.205208 0.251563 0.202083 0.251563 0.201042 0.252344 0.200000 0.252344 0.198958
0 0.868750 0.201042 0.870313 0.201042 0.871094 0.201042 0.869531 0.203125 0.868750 0.204167 0.868750 0.205208 0.869531 0.206250 0.869531 0.207292 0.870313 0.208333 0.869531 0.209375 0.869531 0.210417 0.868750 0.209375 0.867969 0.209375 0.867188 0.208333 0.867188 0.207292 0.867188 0.206250 0.867969 0.206250 0.868750 0.205208 0.868750 0.201042
0 0.953906 0.201042 0.960938 0.201042 0.961719 0.201042 0.962500 0.202083 0.963281 0.202083 0.964063 0.202083 0.964844 0.203125 0.965625 0.203125 0.965625 0.204167 0.966406 0.205208 0.966406 0.207292 0.966406 0.208333 0.964844 0.210417 0.964063 0.211458 0.963281 0.211458 0.962500 0.211458 0.961719 0.212500 0.960156 0.212500 0.959375 0.212500 0.958594 0.213542 0.957812 0.214583 0.957812 0.219792 0.957031 0.220833 0.956250 0.220833 0.955469 0.220833 0.954688 0.219792 0.953906 0.218750 0.953906 0.208333 0.953906 0.207292 0.953125 0.206250 0.953125 0.204167 0.952344 0.203125 0.953906 0.201042
0 0.130469 0.202083 0.134375 0.202083 0.134375 0.203125 0.133594 0.204167 0.132812 0.204167 0.132031 0.205208 0.131250 0.205208 0.130469 0.205208 0.130469 0.202083
0 0.064844 0.207292 0.066406 0.207292 0.067187 0.207292 0.067187 0.209375 0.067187 0.210417 0.066406 0.211458 0.066406 0.212500 0.065625 0.213542 0.065625 0.214583 0.064844 0.215625 0.064844 0.216667 0.064844 0.217708 0.064062 0.218750 0.063281 0.218750 0.062500 0.217708 0.061719 0.217708 0.061719 0.216667 0.061719 0.215625 0.062500 0.214583 0.062500 0.211458 0.062500 0.210417 0.064844 0.207292
0 0.622656 0.214583 0.623437 0.215625 0.624219 0.215625 0.625000 0.216667 0.625000 0.217708 0.625000 0.218750 0.626563 0.220833 0.627344 0.220833 0.626563 0.221875 0.626563 0.225000 0.625781 0.226042 0.624219 0.226042 0.623437 0.227083 0.620313 0.227083 0.619531 0.227083 0.619531 0.226042 0.619531 0.225000 0.618750 0.223958 0.618750 0.222917 0.618750 0.221875 0.619531 0.220833 0.619531 0.219792 0.619531 0.218750 0.622656 0.214583
0 0.456250 0.225000 0.460156 0.225000 0.460938 0.225000 0.460156 0.226042 0.460156 0.228125 0.459375 0.229167 0.458594 0.229167 0.457813 0.228125 0.457031 0.228125 0.457031 0.227083 0.457031 0.226042 0.456250 0.225000
0 0.475000 0.233333 0.476562 0.233333 0.477344 0.233333 0.478125 0.234375 0.478040 0.235327 0.478174 0.236369 0.478125 0.237500 0.480469 0.237500 0.480469 0.238542 0.479687 0.239583 0.478125 0.239583 0.477344 0.239583 0.477344 0.237500 0.477344 0.236458 0.476562 0.235417 0.475781 0.235417 0.475000 0.235417 0.475000 0.233333
0 0.114844 0.237500 0.115625 0.237500 0.116406 0.237500 0.117188 0.238542 0.117969 0.239583 0.117969 0.240625 0.117188 0.241667 0.116406 0.241667 0.115625 0.242708 0.114062 0.242708 0.113281 0.241667 0.113281 0.240625 0.113281 0.239583 0.114062 0.239583 0.114844 0.238542 0.114844 0.237500
0 0.142187 0.238542 0.143750 0.238542 0.144531 0.238542 0.144531 0.239583 0.145313 0.240625 0.145313 0.242708 0.145313 0.243750 0.144531 0.244792 0.144531 0.245833 0.143750 0.246875 0.142969 0.246875 0.142187 0.245833 0.140625 0.245833 0.139844 0.245833 0.139844 0.244792 0.139844 0.243750 0.140625 0.242708 0.141406 0.241667 0.141406 0.240625 0.142187 0.239583 0.142187 0.238542
0 0.013281 0.239583 0.014844 0.239583 0.015625 0.239583 0.015625 0.240625 0.015625 0.241667 0.014844 0.242708 0.014063 0.243750 0.013281 0.243750 0.012500 0.243750 0.012500 0.242708 0.012500 0.241667 0.013281 0.240625 0.013281 0.239583
0 0.234375 0.241667 0.235937 0.241667 0.236719 0.241667 0.237500 0.242708 0.239844 0.242708 0.240625 0.243750 0.239844 0.243750 0.239063 0.244792 0.233594 0.244792 0.232813 0.244792 0.232031 0.243750 0.231250 0.243750 0.230469 0.243750 0.231250 0.243750 0.232031 0.243750 0.232813 0.242708 0.233594 0.242708 0.234375 0.241667
0 0.035937 0.243750 0.038281 0.243750 0.039062 0.243750 0.039062 0.244792 0.039062 0.245833 0.037500 0.247917 0.036719 0.247917 0.036719 0.245833 0.036719 0.244792 0.035937 0.243750
0 0.464062 0.243750 0.465625 0.243750 0.466406 0.243750 0.466406 0.247917 0.466406 0.248958 0.465625 0.250000 0.464844 0.251042 0.464844 0.252083 0.464062 0.253125 0.463281 0.253125 0.463281 0.247917 0.462500 0.246875 0.463281 0.245833 0.464062 0.244792 0.464062 0.243750
0 0.386719 0.247917 0.385156 0.250000 0.382812 0.250000 0.382812 0.246875 0.382031 0.245833 0.382812 0.244792 0.385937 0.244792 0.386719 0.245833 0.386892 0.245833 0.386892 0.247917
0 0.675000 0.244792 0.675781 0.244792 0.676562 0.244792 0.677344 0.245833 0.678125 0.246875 0.681250 0.246875 0.681250 0.247917 0.680469 0.248958 0.679688 0.250000 0.678906 0.248958 0.675781 0.248958 0.675000 0.248958 0.675000 0.244792
0 0.160156 0.248958 0.161719 0.248958 0.162500 0.248958 0.162500 0.250000 0.163281 0.251042 0.163281 0.257292 0.162500 0.258333 0.160938 0.258333 0.160156 0.257292 0.160938 0.256250 0.160938 0.254167 0.160938 0.253125 0.160156 0.252083 0.159375 0.252083 0.159375 0.251042 0.158594 0.250000 0.159375 0.250000 0.160156 0.248958
0 0.596094 0.248958 0.597656 0.248958 0.598437 0.248958 0.599219 0.250000 0.600000 0.250000 0.600000 0.251042 0.600000 0.252083 0.599219 0.253125 0.596875 0.253125 0.596094 0.253125 0.596094 0.248958
0 0.131250 0.257292 0.133594 0.257292 0.134375 0.257292 0.135156 0.258333 0.135937 0.258333 0.135156 0.258333 0.134375 0.258333 0.133594 0.259375 0.132031 0.259375 0.131250 0.260417 0.131250 0.265625 0.131250 0.266667 0.132031 0.267708 0.132812 0.267708 0.133594 0.268750 0.135156 0.268750 0.135937 0.268750 0.136719 0.267708 0.139063 0.267708 0.139844 0.267708 0.139063 0.268750 0.139063 0.270833 0.138281 0.271875 0.137500 0.271875 0.136719 0.272917 0.135937 0.272917 0.135156 0.273958 0.132812 0.273958 0.132031 0.273958 0.131250 0.275000 0.130469 0.275000 0.129688 0.275000 0.128906 0.276042 0.128125 0.276042 0.128125 0.275000 0.127344 0.273958 0.126562 0.272917 0.126562 0.270833 0.126562 0.269792 0.125781 0.268750 0.125781 0.266667 0.125781 0.265625 0.125000 0.264583 0.124219 0.264583 0.123438 0.264583 0.124219 0.264583 0.125000 0.264583 0.125781 0.263542 0.126562 0.263542 0.127344 0.263542 0.128906 0.261458 0.129688 0.260417 0.129688 0.259375 0.131250 0.257292
0 0.620313 0.257292 0.622656 0.257292 0.623437 0.257292 0.623437 0.259375 0.623437 0.260417 0.624219 0.261458 0.625000 0.262500 0.624219 0.263542 0.623437 0.264583 0.621094 0.264583 0.620313 0.264583 0.620313 0.257292
0 0.873437 0.260417 0.879687 0.260417 0.880469 0.260417 0.880469 0.264583 0.880469 0.265625 0.881250 0.266667 0.882031 0.266667 0.882031 0.267708 0.881250 0.268750 0.881250 0.270833 0.881250 0.271875 0.880469 0.272917 0.879687 0.273958 0.878906 0.273958 0.878125 0.275000 0.877344 0.275000 0.876563 0.273958 0.875781 0.273958 0.875000 0.272917 0.874219 0.272917 0.873437 0.272917 0.873437 0.269792 0.872656 0.268750 0.872656 0.264583 0.871875 0.263542 0.871875 0.262500 0.871875 0.261458 0.872656 0.261458 0.873437 0.260417
0 0.779687 0.262500 0.780469 0.263542 0.781250 0.263542 0.782031 0.263542 0.782031 0.265625 0.781250 0.266667 0.780469 0.266667 0.779687 0.265625 0.778906 0.265625 0.778125 0.265625 0.778125 0.264583 0.778125 0.263542 0.778906 0.263542 0.779687 0.262500
0 0.039844 0.264583 0.040625 0.264583 0.041406 0.264583 0.041406 0.265625 0.042188 0.266667 0.042188 0.267708 0.042969 0.268750 0.042969 0.269792 0.043750 0.270833 0.044531 0.270833 0.045312 0.270833 0.043750 0.270833 0.042969 0.270833 0.042188 0.271875 0.041406 0.271875 0.040625 0.270833 0.039844 0.269792 0.039844 0.264583
0 0.693750 0.265625 0.697656 0.265625 0.698438 0.265625 0.697656 0.266667 0.696875 0.267708 0.695312 0.267708 0.694531 0.268750 0.693750 0.267708 0.693750 0.265625
0 0.430469 0.267708 0.432812 0.267708 0.433594 0.267708 0.436719 0.271875 0.437500 0.272917 0.437500 0.284375 0.436719 0.285417 0.435937 0.285417 0.435156 0.284375 0.432812 0.284375 0.432031 0.284375 0.431250 0.283333 0.428906 0.283333 0.428125 0.283333 0.428125 0.280208 0.428125 0.279167 0.427344 0.278125 0.426563 0.277083 0.426563 0.276042 0.425781 0.275000 0.425000 0.275000 0.425781 0.275000 0.426563 0.275000 0.427344 0.273958 0.427344 0.272917 0.428906 0.270833 0.429688 0.269792 0.429688 0.268750 0.430469 0.267708
0 0.197656 0.272917 0.198437 0.272917 0.199219 0.272917 0.200000 0.273958 0.200000 0.275000 0.200000 0.276042 0.199219 0.277083 0.198437 0.277083 0.197656 0.278125 0.196094 0.278125 0.195312 0.278125 0.195312 0.277083 0.194531 0.276042 0.195312 0.276042 0.197656 0.272917
0 0.662500 0.277083 0.663281 0.278125 0.665625 0.278125 0.666406 0.278125 0.666406 0.280208 0.666406 0.281250 0.665625 0.282292 0.665625 0.283333 0.664844 0.284375 0.663281 0.284375 0.662500 0.284375 0.662500 0.283333 0.661719 0.282292 0.662500 0.281250 0.662500 0.277083
0 0.467187 0.278125 0.467969 0.278125 0.468750 0.278125 0.468750 0.279167 0.469531 0.280208 0.469531 0.282292 0.468750 0.283333 0.467969 0.283333 0.467187 0.282292 0.466406 0.282292 0.466406 0.280208 0.465625 0.279167 0.466406 0.279167 0.467187 0.278125
0 0.163281 0.280208 0.164844 0.280208 0.165625 0.280208 0.165625 0.282292 0.166406 0.283333 0.165625 0.283333 0.164844 0.284375 0.164062 0.284375 0.163281 0.283333 0.163281 0.280208
0 0.613281 0.281250 0.614062 0.282292 0.614062 0.284375 0.614062 0.285417 0.613281 0.286458 0.613281 0.287500 0.612500 0.288542 0.611719 0.288542 0.610938 0.288542 0.610938 0.285417 0.610938 0.284375 0.611719 0.283333 0.611719 0.282292 0.612500 0.282292 0.613281 0.281250
0 0.249219 0.282292 0.251563 0.282292 0.252344 0.283333 0.252344 0.285417 0.252344 0.286458 0.251563 0.287500 0.251563 0.288542 0.250781 0.289583 0.250000 0.289583 0.249219 0.289583 0.248438 0.288542 0.248438 0.287500 0.247656 0.286458 0.247656 0.285417 0.247656 0.284375 0.249219 0.282292
0 0.376563 0.284375 0.381250 0.284375 0.381250 0.285417 0.379688 0.287500 0.378906 0.287500 0.378125 0.286458 0.377344 0.286458 0.377344 0.285417 0.376563 0.284375
0 0.599219 0.284375 0.601562 0.284375 0.602344 0.285417 0.602344 0.286458 0.602344 0.287500 0.603125 0.288542 0.603906 0.289583 0.603906 0.291667 0.604688 0.292708 0.603906 0.292708 0.603125 0.293750 0.602344 0.294792 0.601562 0.294792 0.600781 0.295833 0.600000 0.296875 0.599219 0.296875 0.598437 0.295833 0.597656 0.295833 0.596875 0.295833 0.596875 0.288542 0.596875 0.287500 0.599219 0.284375
0 0.175781 0.287500 0.179688 0.287500 0.179688 0.288542 0.178906 0.289583 0.178125 0.290625 0.176563 0.290625 0.175781 0.291667 0.175781 0.292708 0.174219 0.294792 0.173437 0.295833 0.173437 0.296875 0.172656 0.297917 0.171875 0.298958 0.171875 0.300000 0.171875 0.301042 0.170313 0.303125 0.170313 0.304167 0.169531 0.305208 0.168750 0.306250 0.167969 0.306250 0.167187 0.307292 0.166406 0.307292 0.165625 0.308333 0.165625 0.309375 0.164844 0.310417 0.164062 0.310417 0.163281 0.311458 0.160938 0.311458 0.160156 0.311458 0.159375 0.312500 0.159375 0.313542 0.159375 0.314583 0.157812 0.316667 0.157031 0.317708 0.152344 0.317708 0.151562 0.318750 0.145313 0.318750 0.144531 0.318750 0.144531 0.314583 0.144531 0.313542 0.157031 0.313542 0.157812 0.312500 0.157812 0.310417 0.157812 0.309375 0.157031 0.308333 0.157031 0.307292 0.156250 0.306250 0.157812 0.304167 0.158594 0.303125 0.158594 0.297917 0.158594 0.296875 0.160156 0.296875 0.160938 0.296875 0.161719 0.295833 0.162500 0.295833 0.163281 0.295833 0.164062 0.294792 0.164844 0.294792 0.165625 0.293750 0.166406 0.292708 0.168750 0.292708 0.169531 0.291667 0.174219 0.291667 0.175000 0.291667 0.175781 0.290625 0.175781 0.287500
0 0.257031 0.291667 0.259375 0.291667 0.260156 0.291667 0.260156 0.292708 0.260937 0.293750 0.260937 0.294792 0.260156 0.295833 0.259375 0.295833 0.258594 0.295833 0.257812 0.294792 0.257812 0.293750 0.257812 0.292708 0.257031 0.291667
0 0.505469 0.293750 0.507812 0.293750 0.508594 0.293750 0.508594 0.295833 0.508594 0.296875 0.507812 0.297917 0.507031 0.297917 0.506250 0.297917 0.505469 0.296875 0.504687 0.296875 0.504687 0.295833 0.504687 0.294792 0.505469 0.293750
0 0.765625 0.295833 0.767969 0.295833 0.768750 0.295833 0.768750 0.297917 0.768750 0.298958 0.767969 0.300000 0.766406 0.300000 0.765625 0.300000 0.765625 0.295833
0 0.185156 0.301042 0.185938 0.301042 0.186719 0.301042 0.186719 0.305208 0.186719 0.306250 0.188281 0.308333 0.189062 0.308333 0.188281 0.308333 0.187500 0.308333 0.186719 0.309375 0.185938 0.309375 0.185156 0.309375 0.185156 0.306250 0.185156 0.305208 0.184375 0.304167 0.183594 0.303125 0.185156 0.301042
0 0.217969 0.304167 0.220312 0.304167 0.221094 0.304167 0.221875 0.305208 0.221875 0.306250 0.222656 0.307292 0.221875 0.308333 0.221094 0.309375 0.218750 0.309375 0.217969 0.309375 0.217188 0.308333 0.216406 0.307292 0.216406 0.306250 0.215625 0.305208 0.214844 0.305208 0.216406 0.305208 0.217188 0.305208 0.217969 0.304167
0 0.441406 0.305208 0.442969 0.305208 0.443750 0.305208 0.443750 0.306250 0.444531 0.307292 0.444531 0.308333 0.443750 0.309375 0.442969 0.309375 0.442188 0.310417 0.442188 0.311458 0.441406 0.310417 0.441406 0.305208
0 0.286719 0.306250 0.289844 0.306250 0.290625 0.306250 0.290625 0.307292 0.290625 0.308333 0.289844 0.309375 0.289062 0.309375 0.288281 0.309375 0.287500 0.308333 0.287500 0.307292 0.286719 0.306250
0 0.075781 0.309375 0.076563 0.310417 0.077344 0.310417 0.078125 0.311458 0.078125 0.312500 0.077344 0.313542 0.076563 0.314583 0.075781 0.314583 0.075000 0.314583 0.075000 0.311458 0.074219 0.310417 0.075000 0.310417 0.075781 0.309375
0 0.463281 0.314583 0.466406 0.314583 0.467187 0.314583 0.466406 0.315625 0.466406 0.316667 0.465625 0.317708 0.464844 0.318750 0.463281 0.318750 0.462500 0.318750 0.462500 0.317708 0.461719 0.316667 0.463281 0.314583
0 0.484375 0.317708 0.488281 0.317708 0.488281 0.318750 0.487500 0.319792 0.487500 0.320833 0.486719 0.321875 0.485156 0.321875 0.484375 0.321875 0.484375 0.319792 0.483594 0.318750 0.484375 0.317708
0 0.417969 0.319792 0.418750 0.320833 0.419531 0.320833 0.419531 0.321875 0.418750 0.322917 0.418750 0.327083 0.418750 0.328125 0.417969 0.329167 0.415625 0.329167 0.414844 0.329167 0.414062 0.328125 0.414062 0.325000 0.413281 0.323958 0.414062 0.322917 0.414062 0.321875 0.414062 0.320833 0.416406 0.320833 0.417187 0.320833 0.417969 0.319792
0 0.735938 0.319792 0.739062 0.319792 0.739844 0.320833 0.739844 0.322917 0.740625 0.323958 0.740625 0.327083 0.740625 0.328125 0.739844 0.329167 0.739062 0.330208 0.738281 0.330208 0.737500 0.331250 0.732031 0.331250 0.731250 0.331250 0.731250 0.325000 0.730469 0.323958 0.731250 0.322917 0.732031 0.321875 0.732812 0.321875 0.733594 0.320833 0.734375 0.320833 0.735156 0.320833 0.735938 0.319792
0 0.432031 0.320833 0.432812 0.320833 0.433594 0.320833 0.434375 0.321875 0.435156 0.321875 0.435156 0.325000 0.435156 0.326042 0.434375 0.327083 0.434375 0.328125 0.434375 0.329167 0.432031 0.332292 0.431250 0.332292 0.430469 0.331250 0.430469 0.327083 0.430469 0.326042 0.431250 0.325000 0.431250 0.323958 0.432031 0.322917 0.432031 0.320833
0 0.239844 0.325000 0.241406 0.325000 0.242188 0.325000 0.242188 0.326042 0.242969 0.327083 0.242188 0.328125 0.242188 0.329167 0.241406 0.330208 0.240625 0.331250 0.239063 0.331250 0.238281 0.330208 0.238281 0.328125 0.238281 0.327083 0.239844 0.325000
0 0.720313 0.329167 0.722656 0.329167 0.723437 0.330208 0.722656 0.331250 0.721875 0.332292 0.721094 0.332292 0.720313 0.333333 0.719531 0.333333 0.718750 0.333333 0.718750 0.332292 0.718750 0.331250 0.720313 0.329167
0 0.308594 0.331250 0.311719 0.331250 0.312500 0.331250 0.312500 0.333333 0.312500 0.334375 0.311719 0.335417 0.310937 0.335417 0.310156 0.335417 0.309375 0.334375 0.309375 0.333333 0.309375 0.332292 0.308594 0.331250
0 0.819531 0.335417 0.820312 0.336458 0.822656 0.336458 0.823438 0.336458 0.824219 0.337500 0.825000 0.337500 0.825781 0.338542 0.825781 0.339583 0.825000 0.340625 0.824219 0.340625 0.823438 0.341667 0.819531 0.341667 0.818750 0.341667 0.818750 0.340625 0.817969 0.339583 0.817969 0.338542 0.817969 0.337500 0.817187 0.336458 0.816406 0.336458 0.817969 0.336458 0.818750 0.336458 0.819531 0.335417
0 0.064062 0.342708 0.064844 0.343750 0.065625 0.343750 0.066406 0.344792 0.067187 0.345833 0.069531 0.345833 0.070312 0.345833 0.071094 0.346875 0.071875 0.346875 0.071875 0.347917 0.071875 0.348958 0.071094 0.350000 0.071094 0.351042 0.071094 0.352083 0.069531 0.354167 0.068750 0.355208 0.067187 0.355208 0.066406 0.355208 0.065625 0.354167 0.064844 0.354167 0.064062 0.353125 0.063281 0.353125 0.062500 0.353125 0.061719 0.352083 0.060937 0.352083 0.060156 0.352083 0.059375 0.351042 0.058594 0.350000 0.059375 0.348958 0.059375 0.347917 0.060156 0.347917 0.061719 0.345833 0.062500 0.345833 0.063281 0.344792 0.063281 0.343750 0.064062 0.342708
0 0.396094 0.344792 0.399219 0.344792 0.400000 0.344792 0.400000 0.345833 0.400000 0.346875 0.399219 0.347917 0.397656 0.347917 0.396875 0.347917 0.396875 0.346875 0.396875 0.345833 0.396094 0.344792
0 0.696094 0.345833 0.700781 0.345833 0.701562 0.345833 0.702344 0.346875 0.702344 0.347917 0.702344 0.348958 0.701562 0.350000 0.701562 0.351042 0.700781 0.352083 0.695312 0.352083 0.694531 0.352083 0.693750 0.351042 0.692969 0.351042 0.692187 0.351042 0.692187 0.350000 0.692187 0.348958 0.692969 0.348958 0.693750 0.347917 0.694531 0.346875 0.695312 0.346875 0.696094 0.345833
0 0.133594 0.348958 0.135156 0.348958 0.135937 0.348958 0.136719 0.350000 0.137500 0.350000 0.136719 0.351042 0.135937 0.352083 0.134375 0.352083 0.133594 0.352083 0.133594 0.348958
0 0.432031 0.348958 0.433594 0.348958 0.434375 0.348958 0.435156 0.350000 0.435937 0.350000 0.436719 0.350000 0.437500 0.351042 0.439063 0.351042 0.439844 0.351042 0.442969 0.355208 0.443750 0.356250 0.443750 0.357292 0.444531 0.358333 0.444531 0.362500 0.444531 0.363542 0.446094 0.365625 0.446094 0.366667 0.445312 0.367708 0.445312 0.368750 0.444531 0.369792 0.444531 0.370833 0.443750 0.371875 0.442969 0.372917 0.442969 0.373958 0.442969 0.375000 0.442188 0.376042 0.442188 0.377083 0.441406 0.378125 0.440625 0.378125 0.439844 0.379167 0.439063 0.380208 0.438281 0.380208 0.437500 0.381250 0.436719 0.382292 0.435937 0.382292 0.434375 0.384375 0.433594 0.385417 0.432812 0.385417 0.432031 0.386458 0.431250 0.387500 0.430469 0.387500 0.429688 0.387500 0.428906 0.388542 0.428125 0.389583 0.425781 0.389583 0.425000 0.390625 0.424219 0.389583 0.423438 0.389583 0.423438 0.385417 0.423438 0.384375 0.424219 0.383333 0.424219 0.372917 0.424219 0.371875 0.425000 0.370833 0.425000 0.367708 0.425781 0.366667 0.425781 0.360417 0.425000 0.359375 0.425781 0.358333 0.425781 0.357292 0.426563 0.356250 0.426563 0.353125 0.426563 0.352083 0.427344 0.352083 0.428125 0.352083 0.428906 0.351042 0.429688 0.350000 0.430469 0.350000 0.431250 0.350000 0.432031 0.348958
0 0.222656 0.352083 0.226562 0.352083 0.226562 0.353125 0.225781 0.354167 0.225781 0.355208 0.225000 0.356250 0.223438 0.356250 0.222656 0.356250 0.222656 0.355208 0.221875 0.354167 0.222656 0.353125 0.222656 0.352083
0 0.081250 0.353125 0.082812 0.353125 0.083594 0.353125 0.084375 0.354167 0.085156 0.355208 0.084375 0.356250 0.084375 0.357292 0.082812 0.359375 0.082031 0.360417 0.081250 0.360417 0.081250 0.359375 0.080469 0.358333 0.080469 0.356250 0.080469 0.355208 0.081250 0.354167 0.081250 0.353125
0 0.345313 0.353125 0.348438 0.353125 0.349219 0.354167 0.349219 0.357292 0.349219 0.358333 0.350000 0.359375 0.350000 0.360417 0.350781 0.361458 0.350781 0.362500 0.353906 0.366667 0.353906 0.367708 0.357031 0.371875 0.357812 0.372917 0.358594 0.372917 0.359375 0.373958 0.359375 0.375000 0.361719 0.378125 0.362500 0.379167 0.362500 0.380208 0.361719 0.381250 0.360938 0.381250 0.358594 0.384375 0.357812 0.385417 0.357031 0.385417 0.356250 0.386458 0.355469 0.386458 0.354687 0.386458 0.350000 0.380208 0.349219 0.379167 0.348438 0.379167 0.347656 0.378125 0.346875 0.377083 0.346094 0.377083 0.345313 0.376042 0.342969 0.376042 0.342187 0.376042 0.342187 0.367708 0.342187 0.366667 0.341406 0.365625 0.340625 0.365625 0.339844 0.364583 0.339844 0.360417 0.339844 0.359375 0.339062 0.358333 0.338281 0.358333 0.338281 0.357292 0.337500 0.356250 0.339062 0.356250 0.339844 0.355208 0.343750 0.355208 0.344531 0.355208 0.345313 0.354167 0.345313 0.353125
0 0.492969 0.358333 0.494531 0.358333 0.495312 0.358333 0.496094 0.359375 0.496875 0.359375 0.495312 0.361458 0.494531 0.362500 0.493750 0.362500 0.492969 0.362500 0.492188 0.361458 0.492188 0.360417 0.491406 0.359375 0.492188 0.359375 0.492969 0.358333
0 0.052344 0.362500 0.054688 0.362500 0.055469 0.362500 0.056250 0.363542 0.056250 0.364583 0.057031 0.365625 0.057031 0.367708 0.057813 0.368750 0.057031 0.368750 0.056250 0.369792 0.055469 0.369792 0.053906 0.367708 0.053125 0.366667 0.053125 0.365625 0.052344 0.364583 0.052344 0.362500
0 0.836719 0.368750 0.839063 0.368750 0.839844 0.368750 0.839063 0.369792 0.838281 0.370833 0.838281 0.371875 0.838281 0.372917 0.837500 0.373958 0.835938 0.373958 0.835156 0.373958 0.835156 0.372917 0.834375 0.371875 0.835156 0.370833 0.835938 0.370833 0.836719 0.369792 0.836719 0.368750
0 0.872656 0.368750 0.874219 0.370833 0.875000 0.371875 0.873437 0.373958 0.872656 0.375000 0.871875 0.375000 0.871094 0.376042 0.871094 0.373958 0.870313 0.372917 0.871094 0.371875 0.871094 0.370833 0.871094 0.369792 0.871875 0.369792 0.872656 0.368750
0 0.807031 0.375000 0.808594 0.375000 0.809375 0.376042 0.808594 0.377083 0.808594 0.378125 0.807813 0.379167 0.807031 0.379167 0.806250 0.379167 0.806250 0.377083 0.806250 0.376042 0.807031 0.375000
0 0.507031 0.377083 0.508594 0.377083 0.509375 0.377083 0.510156 0.378125 0.510156 0.379167 0.510156 0.380208 0.510938 0.381250 0.511719 0.381250 0.510938 0.381250 0.510156 0.382292 0.510156 0.389583 0.510156 0.390625 0.509375 0.391667 0.509375 0.392708 0.509375 0.393750 0.507812 0.395833 0.507031 0.396875 0.506250 0.395833 0.505469 0.395833 0.504687 0.395833 0.504687 0.394792 0.503906 0.393750 0.503125 0.393750 0.502344 0.392708 0.502344 0.391667 0.501563 0.390625 0.501563 0.389583 0.501563 0.388542 0.502344 0.388542 0.503125 0.387500 0.503125 0.385417 0.503125 0.384375 0.503906 0.383333 0.503906 0.382292 0.503906 0.381250 0.504687 0.380208 0.504687 0.379167 0.504687 0.378125 0.505469 0.378125 0.506250 0.378125 0.507031 0.377083
0 0.821094 0.379167 0.825000 0.379167 0.825000 0.380208 0.824219 0.381250 0.823438 0.381250 0.822656 0.382292 0.821094 0.382292 0.820312 0.382292 0.819531 0.381250 0.818750 0.381250 0.817969 0.381250 0.818750 0.381250 0.819531 0.381250 0.821094 0.379167
0 0.152344 0.381250 0.157031 0.381250 0.157812 0.381250 0.158594 0.382292 0.157812 0.383333 0.157812 0.385417 0.157812 0.386458 0.157031 0.387500 0.156250 0.388542 0.155469 0.388542 0.154688 0.388542 0.154688 0.387500 0.153125 0.385417 0.152344 0.385417 0.152344 0.381250
0 0.724219 0.385417 0.726562 0.385417 0.727344 0.385417 0.728125 0.386458 0.728906 0.387500 0.728906 0.388542 0.729688 0.389583 0.729688 0.390625 0.728906 0.391667 0.728125 0.392708 0.727344 0.392708 0.726562 0.392708 0.726562 0.391667 0.726562 0.390625 0.725781 0.389583 0.724219 0.389583 0.723437 0.388542 0.723437 0.387500 0.723437 0.386458 0.724219 0.385417
0 0.235156 0.391667 0.239844 0.391667 0.240625 0.391667 0.241406 0.392708 0.242188 0.392708 0.242188 0.393750 0.241406 0.394792 0.240625 0.395833 0.238281 0.395833 0.237500 0.395833 0.237500 0.394792 0.236719 0.393750 0.236719 0.392708 0.235937 0.391667 0.235156 0.391667
0 0.643750 0.392708 0.646875 0.392708 0.647656 0.392708 0.646094 0.394792 0.645312 0.395833 0.644531 0.395833 0.643750 0.395833 0.642188 0.397917 0.641406 0.398958 0.640625 0.398958 0.639844 0.400000 0.635156 0.400000 0.634375 0.398958 0.635156 0.397917 0.635938 0.396875 0.636719 0.396875 0.637500 0.395833 0.638281 0.395833 0.639062 0.394792 0.639844 0.394792 0.640625 0.394792 0.641406 0.393750 0.642188 0.393750 0.642969 0.393750 0.643750 0.392708
0 0.814844 0.393750 0.814063 0.392708 0.810156 0.392708 0.810156 0.394792 0.810937 0.394792 0.811698 0.395805 0.813281 0.395833
0 0.064062 0.393750 0.065625 0.393750 0.066406 0.394792 0.066406 0.398958 0.065625 0.400000 0.064844 0.400000 0.064062 0.400000 0.064062 0.393750
0 0.651563 0.407292 0.653125 0.407292 0.653906 0.407292 0.654687 0.408333 0.655469 0.408333 0.656250 0.409375 0.658594 0.409375 0.659375 0.408333 0.660156 0.409375 0.664062 0.409375 0.664844 0.409375 0.665625 0.410417 0.666406 0.411458 0.667188 0.411458 0.667969 0.412500 0.667969 0.415625 0.668750 0.416667 0.667969 0.416667 0.666406 0.418750 0.665625 0.418750 0.664844 0.419792 0.664844 0.420833 0.664062 0.421875 0.663281 0.422917 0.663281 0.423958 0.662500 0.425000 0.660156 0.425000 0.659375 0.426042 0.657813 0.426042 0.657031 0.426042 0.656250 0.425000 0.655469 0.425000 0.654687 0.425000 0.654687 0.423958 0.653906 0.422917 0.653906 0.420833 0.653906 0.419792 0.653125 0.418750 0.653125 0.417708 0.653125 0.416667 0.652344 0.415625 0.651563 0.414583 0.651563 0.413542 0.650781 0.412500 0.650781 0.410417 0.650000 0.409375 0.651563 0.407292
0 0.735156 0.407292 0.739062 0.407292 0.739844 0.407292 0.739844 0.408333 0.740625 0.409375 0.740625 0.410417 0.739844 0.411458 0.738281 0.411458 0.737500 0.411458 0.736719 0.410417 0.735938 0.410417 0.735156 0.409375 0.734375 0.408333 0.735156 0.407292
0 0.197656 0.410417 0.200781 0.410417 0.201563 0.411458 0.201563 0.412500 0.201563 0.413542 0.200781 0.414583 0.200000 0.415625 0.200000 0.416667 0.199219 0.417708 0.198437 0.418750 0.197656 0.417708 0.197656 0.416667 0.196875 0.415625 0.196094 0.415625 0.196094 0.413542 0.196094 0.412500 0.196875 0.412500 0.197656 0.411458 0.197656 0.410417
0 0.332813 0.413542 0.335156 0.413542 0.335938 0.414583 0.335156 0.415625 0.335156 0.416667 0.333594 0.418750 0.332813 0.419792 0.332031 0.419792 0.331250 0.419792 0.331250 0.418750 0.330469 0.417708 0.331250 0.416667 0.331250 0.415625 0.332813 0.413542
0 0.169531 0.414583 0.171094 0.414583 0.171875 0.414583 0.171094 0.415625 0.171094 0.416667 0.171094 0.417708 0.169531 0.419792 0.168750 0.419792 0.167969 0.418750 0.168750 0.417708 0.168750 0.416667 0.169531 0.415625 0.169531 0.414583
0 0.181250 0.416667 0.182812 0.416667 0.183594 0.416667 0.184375 0.417708 0.185156 0.417708 0.185156 0.418750 0.183594 0.420833 0.182812 0.420833 0.182031 0.419792 0.181250 0.419792 0.181250 0.416667
0 0.049219 0.417708 0.051562 0.417708 0.052344 0.417708 0.053125 0.418750 0.053906 0.419792 0.053125 0.419792 0.052344 0.420833 0.051562 0.420833 0.050781 0.420833 0.050000 0.419792 0.050000 0.418750 0.049219 0.417708
0 0.213281 0.417708 0.214062 0.418750 0.214062 0.420833 0.214062 0.421875 0.213281 0.422917 0.212500 0.423958 0.211719 0.422917 0.211719 0.420833 0.211719 0.419792 0.213281 0.417708
0 0.117188 0.418750 0.118750 0.418750 0.119531 0.418750 0.119531 0.419792 0.120313 0.420833 0.119531 0.421875 0.118750 0.422917 0.117188 0.422917 0.116406 0.422917 0.116406 0.421875 0.115625 0.420833 0.117188 0.418750
0 0.364844 0.420833 0.365625 0.421875 0.365625 0.423958 0.366406 0.425000 0.370312 0.425000 0.371094 0.425000 0.369531 0.425000 0.368750 0.425000 0.367969 0.426042 0.367188 0.427083 0.364063 0.427083 0.363281 0.428125 0.362500 0.428125 0.361719 0.427083 0.360938 0.427083 0.360156 0.427083 0.360938 0.427083 0.361719 0.427083 0.362500 0.426042 0.362500 0.425000 0.363281 0.423958 0.363281 0.422917 0.364844 0.420833
0 0.465625 0.422917 0.467969 0.422917 0.468750 0.422917 0.468750 0.423958 0.467969 0.425000 0.467969 0.429167 0.467187 0.430208 0.466406 0.430208 0.465625 0.430208 0.465625 0.429167 0.464844 0.428125 0.465625 0.427083 0.465625 0.422917
0 0.418750 0.425000 0.421094 0.425000 0.421875 0.425000 0.421094 0.426042 0.421094 0.427083 0.420312 0.428125 0.419531 0.429167 0.419531 0.431250 0.419531 0.432292 0.418750 0.433333 0.417969 0.433333 0.417187 0.434375 0.416406 0.434375 0.415625 0.434375 0.414844 0.433333 0.414062 0.433333 0.413281 0.432292 0.413281 0.431250 0.413281 0.430208 0.414062 0.430208 0.414844 0.430208 0.415625 0.429167 0.416406 0.429167 0.417187 0.429167 0.417969 0.428125 0.417969 0.427083 0.418750 0.426042 0.418750 0.425000
0 0.674219 0.429167 0.678125 0.429167 0.678906 0.429167 0.678906 0.432292 0.679688 0.433333 0.679688 0.441667 0.678906 0.442708 0.678125 0.442708 0.678125 0.440625 0.678125 0.439583 0.677344 0.438542 0.677344 0.436458 0.677344 0.435417 0.676562 0.434375 0.676562 0.433333 0.675781 0.432292 0.675000 0.431250 0.674219 0.431250 0.673438 0.430208 0.674219 0.429167
0 0.321875 0.432292 0.322656 0.432292 0.323437 0.432292 0.324219 0.433333 0.324219 0.434375 0.325000 0.435417 0.325000 0.436458 0.325000 0.437500 0.325781 0.438542 0.326562 0.438542 0.327344 0.438542 0.327344 0.439583 0.327344 0.440625 0.328125 0.441667 0.328906 0.442708 0.328906 0.446875 0.328906 0.447917 0.328125 0.448958 0.327344 0.450000 0.326562 0.448958 0.325781 0.448958 0.325781 0.447917 0.324219 0.445833 0.323437 0.444792 0.323437 0.443750 0.322656 0.442708 0.322656 0.441667 0.321875 0.440625 0.321875 0.439583 0.321094 0.438542 0.321094 0.437500 0.320312 0.436458 0.321094 0.435417 0.321094 0.434375 0.321094 0.433333 0.321875 0.432292
0 0.291406 0.435417 0.292969 0.435417 0.293750 0.435417 0.292969 0.436458 0.292969 0.437500 0.292969 0.438542 0.291406 0.440625 0.290625 0.440625 0.289844 0.439583 0.289062 0.439583 0.288281 0.438542 0.288281 0.437500 0.288281 0.436458 0.289844 0.436458 0.290625 0.436458 0.291406 0.435417
0 0.141406 0.445833 0.142969 0.445833 0.143750 0.445833 0.144531 0.446875 0.145313 0.447917 0.144531 0.448958 0.143750 0.450000 0.142969 0.450000 0.142187 0.450000 0.141406 0.448958 0.141406 0.445833
0 0.450000 0.445833 0.451562 0.445833 0.452344 0.445833 0.452344 0.446875 0.453125 0.447917 0.453906 0.447917 0.452344 0.450000 0.451562 0.451042 0.450781 0.451042 0.450000 0.451042 0.450000 0.445833
0 0.107813 0.446875 0.108594 0.446875 0.109375 0.446875 0.109375 0.448958 0.109375 0.450000 0.108594 0.451042 0.107813 0.451042 0.107031 0.451042 0.106250 0.450000 0.107031 0.448958 0.107031 0.447917 0.107813 0.446875
0 0.471094 0.446875 0.473438 0.446875 0.474219 0.447917 0.477344 0.447917 0.478125 0.448958 0.481250 0.448958 0.482031 0.447917 0.482812 0.448958 0.483594 0.448958 0.484375 0.448958 0.483594 0.448958 0.482812 0.448958 0.482031 0.450000 0.482031 0.451042 0.481250 0.452083 0.481250 0.453125 0.480469 0.454167 0.479687 0.454167 0.478906 0.455208 0.478125 0.455208 0.477344 0.455208 0.473438 0.450000 0.472656 0.450000 0.471875 0.448958 0.471875 0.447917 0.471094 0.446875
0 0.933594 0.450000 0.935156 0.450000 0.935937 0.451042 0.940625 0.451042 0.941406 0.451042 0.942187 0.452083 0.942187 0.453125 0.942969 0.454167 0.942969 0.455208 0.943750 0.456250 0.943750 0.457292 0.944531 0.458333 0.945312 0.458333 0.946094 0.458333 0.946094 0.459375 0.945312 0.460417 0.944531 0.461458 0.944531 0.462500 0.942969 0.464583 0.942187 0.465625 0.942187 0.470833 0.941406 0.471875 0.934375 0.471875 0.933594 0.470833 0.933594 0.465625 0.933594 0.464583 0.932813 0.463542 0.932813 0.460417 0.932813 0.459375 0.932031 0.458333 0.932031 0.455208 0.932031 0.454167 0.931250 0.453125 0.930469 0.453125 0.931250 0.453125 0.932031 0.452083 0.932031 0.451042 0.932813 0.451042 0.933594 0.450000
0 0.663281 0.455208 0.662500 0.454167 0.662500 0.453125 0.660937 0.453125 0.660937 0.456250 0.660156 0.457292 0.659375 0.457292 0.655469 0.462500 0.655469 0.463542 0.654687 0.464583 0.654736 0.468874 0.655236 0.468954 0.655368 0.469412 0.655422 0.470946 0.657078 0.470946 0.657078 0.469729 0.659375 0.466667 0.659375 0.465625 0.662500 0.461458 0.662500 0.456250
0 0.458594 0.465625 0.458594 0.461458 0.457813 0.460417 0.457031 0.461458 0.455469 0.461458 0.455469 0.462500 0.454688 0.463542 0.452344 0.463542 0.453125 0.464583 0.453198 0.465722 0.454154 0.465465 0.456085 0.465465 0.456030 0.468699 0.455096 0.468919 0.453906 0.468919 0.453906 0.469792 0.454688 0.470833 0.454688 0.471875 0.456250 0.471875 0.457031 0.470833 0.457031 0.468750 0.457813 0.467708 0.457813 0.466667
0 0.096875 0.467708 0.099219 0.467708 0.100000 0.467708 0.101562 0.469792 0.101562 0.470833 0.103906 0.473958 0.104688 0.473958 0.103906 0.475000 0.103906 0.478125 0.103906 0.479167 0.104688 0.480208 0.105469 0.480208 0.104688 0.481250 0.104688 0.482292 0.104688 0.483333 0.103906 0.484375 0.103125 0.485417 0.092969 0.485417 0.092188 0.485417 0.091406 0.486458 0.090625 0.487500 0.090625 0.488542 0.089844 0.489583 0.089063 0.490625 0.087500 0.490625 0.086719 0.490625 0.085156 0.492708 0.085156 0.493750 0.084375 0.492708 0.082812 0.492708 0.082031 0.492708 0.081250 0.491667 0.080469 0.490625 0.080469 0.487500 0.079687 0.486458 0.079687 0.485417 0.079687 0.484375 0.080469 0.483333 0.080469 0.482292 0.081250 0.481250 0.081250 0.480208 0.082031 0.479167 0.082031 0.478125 0.082031 0.477083 0.082812 0.476042 0.083594 0.476042 0.084375 0.475000 0.084375 0.473958 0.085938 0.473958 0.086719 0.473958 0.087500 0.472917 0.088281 0.472917 0.089063 0.472917 0.089844 0.471875 0.090625 0.471875 0.091406 0.470833 0.092188 0.470833 0.092969 0.470833 0.093750 0.469792 0.094531 0.469792 0.095312 0.468750 0.096094 0.468750 0.096875 0.467708
0 0.254688 0.470833 0.257812 0.470833 0.258594 0.470833 0.259375 0.471875 0.260156 0.472917 0.260937 0.472917 0.261719 0.472917 0.260156 0.475000 0.259375 0.476042 0.257031 0.476042 0.256250 0.476042 0.255469 0.475000 0.254688 0.475000 0.254688 0.473958 0.253906 0.472917 0.253125 0.472917 0.253906 0.472917 0.254688 0.471875 0.254688 0.470833
0 0.368750 0.472917 0.370312 0.472917 0.371094 0.472917 0.371875 0.473958 0.373437 0.473958 0.373437 0.475000 0.372656 0.476042 0.371875 0.477083 0.371094 0.477083 0.370312 0.477083 0.370312 0.475000 0.370312 0.473958 0.369531 0.472917 0.368750 0.472917
0 0.871094 0.472917 0.873437 0.472917 0.874219 0.472917 0.874219 0.473958 0.875000 0.475000 0.874219 0.476042 0.873437 0.477083 0.870313 0.477083 0.869531 0.477083 0.869531 0.475000 0.869531 0.473958 0.870313 0.473958 0.871094 0.472917
0 0.666406 0.477083 0.669531 0.477083 0.670312 0.477083 0.670312 0.478125 0.670312 0.479167 0.667969 0.482292 0.667969 0.483333 0.667188 0.482292 0.666406 0.482292 0.665625 0.481250 0.664844 0.481250 0.665625 0.481250 0.666406 0.480208 0.666406 0.477083
0 0.012500 0.485417 0.013281 0.485417 0.014063 0.485417 0.014844 0.486458 0.015625 0.486458 0.015625 0.487500 0.014844 0.488542 0.014844 0.489583 0.014063 0.490625 0.012500 0.490625 0.011719 0.490625 0.011719 0.487500 0.011719 0.486458 0.012500 0.485417
0 0.837500 0.486458 0.839063 0.486458 0.839844 0.487500 0.839844 0.488542 0.838281 0.490625 0.837500 0.491667 0.837500 0.494792 0.837500 0.495833 0.838281 0.496875 0.839063 0.496875 0.839844 0.497917 0.840625 0.498958 0.840625 0.500000 0.839844 0.501042 0.839063 0.501042 0.835938 0.496875 0.835156 0.495833 0.834375 0.495833 0.833594 0.495833 0.833594 0.493750 0.833594 0.492708 0.834375 0.491667 0.834375 0.490625 0.835156 0.489583 0.835156 0.488542 0.835938 0.487500 0.836719 0.487500 0.837500 0.486458
0 0.714063 0.488542 0.721094 0.488542 0.721875 0.488542 0.722656 0.489583 0.723437 0.489583 0.724219 0.490625 0.725000 0.490625 0.725781 0.491667 0.726562 0.492708 0.726562 0.496875 0.726562 0.497917 0.727344 0.498958 0.728125 0.500000 0.727344 0.500000 0.726562 0.501042 0.722656 0.501042 0.721875 0.500000 0.716406 0.500000 0.715625 0.500000 0.714844 0.498958 0.714063 0.497917 0.714063 0.494792 0.713281 0.493750 0.713281 0.492708 0.713281 0.491667 0.714063 0.490625 0.714063 0.488542
0 0.628906 0.491667 0.632812 0.491667 0.633594 0.491667 0.635156 0.493750 0.635938 0.493750 0.635938 0.495833 0.636719 0.496875 0.637500 0.496875 0.638281 0.496875 0.639062 0.497917 0.639844 0.498958 0.637500 0.502083 0.636719 0.503125 0.635938 0.503125 0.635156 0.503125 0.634375 0.504167 0.633594 0.505208 0.632031 0.505208 0.631250 0.504167 0.628906 0.504167 0.628125 0.504167 0.628125 0.502083 0.627344 0.501042 0.627344 0.495833 0.627344 0.494792 0.628125 0.494792 0.628906 0.493750 0.628906 0.491667
0 0.393768 0.508457 0.393768 0.506248 0.392943 0.506248 0.392943 0.505207 0.392111 0.505207 0.391533 0.504289 0.390625 0.504167 0.389844 0.503125 0.387500 0.503125 0.384375 0.507292 0.384375 0.511458 0.385156 0.512500 0.389844 0.512500 0.390625 0.511458 0.392969 0.511458 0.393750 0.510417 0.393750 0.508457
0 0.125781 0.503125 0.127344 0.503125 0.128125 0.503125 0.128125 0.506250 0.128906 0.507292 0.128906 0.508333 0.128125 0.509375 0.127344 0.510417 0.125781 0.510417 0.125000 0.510417 0.124219 0.509375 0.124219 0.508333 0.123438 0.507292 0.124219 0.507292 0.125000 0.506250 0.125000 0.505208 0.125000 0.504167 0.125781 0.503125
0 0.235156 0.505208 0.237500 0.505208 0.238281 0.505208 0.239844 0.507292 0.240625 0.508333 0.240625 0.509375 0.240625 0.510417 0.241406 0.511458 0.241406 0.512500 0.242188 0.513542 0.242969 0.514583 0.242969 0.517708 0.242969 0.518750 0.242188 0.519792 0.242188 0.520833 0.241406 0.519792 0.240625 0.519792 0.239063 0.517708 0.238281 0.516667 0.235937 0.516667 0.235156 0.516667 0.235156 0.515625 0.235156 0.514583 0.234375 0.513542 0.234375 0.511458 0.233594 0.510417 0.234375 0.509375 0.234375 0.507292 0.234375 0.506250 0.235156 0.505208
0 0.508594 0.510417 0.510156 0.510417 0.510938 0.511458 0.510938 0.513542 0.510938 0.514583 0.511719 0.515625 0.511719 0.516667 0.512500 0.517708 0.512500 0.518750 0.512500 0.519792 0.511719 0.520833 0.510938 0.521875 0.508594 0.521875 0.507812 0.521875 0.507031 0.522917 0.506250 0.522917 0.505469 0.523958 0.504687 0.523958 0.503906 0.525000 0.503125 0.525000 0.502344 0.523958 0.501563 0.523958 0.500781 0.522917 0.500781 0.521875 0.500000 0.520833 0.499219 0.520833 0.499219 0.517708 0.499219 0.516667 0.500000 0.515625 0.500781 0.515625 0.501563 0.515625 0.502344 0.514583 0.503125 0.514583 0.503906 0.513542 0.504687 0.513542 0.505469 0.512500 0.506250 0.512500 0.507031 0.511458 0.507812 0.511458 0.508594 0.510417
0 0.910937 0.520833 0.910937 0.519792 0.910156 0.518750 0.910156 0.516784 0.906184 0.516755 0.905469 0.517708 0.905469 0.520833 0.905220 0.521164 0.905346 0.521704 0.906223 0.522473 0.906348 0.522773 0.907031 0.521875 0.910156 0.521875
0 0.046094 0.518750 0.046875 0.518750 0.047656 0.518750 0.048438 0.519792 0.049219 0.520833 0.048438 0.521875 0.048438 0.522917 0.047656 0.523958 0.046875 0.523958 0.046094 0.522917 0.045312 0.522917 0.045312 0.520833 0.045312 0.519792 0.046094 0.518750
0 0.312500 0.521875 0.314844 0.521875 0.315625 0.521875 0.316406 0.522917 0.316406 0.523958 0.315625 0.525000 0.314844 0.525000 0.314063 0.525000 0.313281 0.523958 0.312500 0.523958 0.311719 0.522917 0.309375 0.522917 0.308594 0.522917 0.310937 0.522917 0.311719 0.522917 0.312500 0.521875
0 0.061719 0.533333 0.063281 0.533333 0.064062 0.533333 0.064062 0.537500 0.063281 0.538542 0.063281 0.544792 0.063281 0.545833 0.067187 0.551042 0.067969 0.551042 0.067969 0.552083 0.068750 0.553125 0.069531 0.553125 0.070312 0.554167 0.070312 0.555208 0.072656 0.558333 0.072656 0.559375 0.076563 0.564583 0.076563 0.565625 0.077344 0.566667 0.078125 0.566667 0.078906 0.567708 0.078906 0.568750 0.078125 0.569792 0.077344 0.570833 0.076563 0.570833 0.075781 0.569792 0.075000 0.569792 0.074219 0.568750 0.073438 0.568750 0.072656 0.568750 0.071875 0.567708 0.071094 0.566667 0.070312 0.566667 0.069531 0.565625 0.068750 0.565625 0.065625 0.561458 0.065625 0.560417 0.058594 0.551042 0.057813 0.550000 0.057813 0.548958 0.057031 0.547917 0.057031 0.545833 0.057031 0.544792 0.056250 0.543750 0.055469 0.543750 0.055469 0.541667 0.055469 0.540625 0.056250 0.539583 0.057031 0.540625 0.059375 0.540625 0.060156 0.540625 0.060937 0.539583 0.060937 0.538542 0.061719 0.537500 0.061719 0.533333
0 0.539844 0.533333 0.540625 0.533333 0.541406 0.533333 0.542188 0.534375 0.542969 0.534375 0.542969 0.535417 0.542969 0.536458 0.542188 0.537500 0.541406 0.538542 0.540625 0.537500 0.539844 0.537500 0.539062 0.536458 0.539062 0.535417 0.539062 0.534375 0.539844 0.533333
0 0.451562 0.537500 0.451562 0.535417 0.450000 0.535417 0.449219 0.534375 0.445312 0.534375 0.445258 0.537518 0.446042 0.538209 0.446560 0.538460 0.448381 0.538795 0.448381 0.539506 0.448491 0.539569 0.450000 0.539583
0 0.620313 0.537500 0.621094 0.537500 0.621875 0.537500 0.621875 0.538542 0.621875 0.539583 0.621094 0.540625 0.621094 0.541667 0.621094 0.542708 0.620313 0.543750 0.619531 0.543750 0.618750 0.543750 0.618750 0.540625 0.618750 0.539583 0.620313 0.537500
0 0.239063 0.538542 0.242188 0.538542 0.242969 0.538542 0.242969 0.539583 0.242188 0.540625 0.242188 0.541667 0.242188 0.542708 0.241406 0.543750 0.241406 0.544792 0.240625 0.545833 0.238281 0.545833 0.237500 0.544792 0.232813 0.544792 0.232031 0.543750 0.232813 0.542708 0.234375 0.542708 0.235156 0.542708 0.235937 0.541667 0.235937 0.540625 0.235937 0.539583 0.237500 0.539583 0.238281 0.539583 0.239063 0.538542
0 0.485938 0.538542 0.486719 0.539583 0.489063 0.539583 0.489844 0.540625 0.489063 0.540625 0.488281 0.541667 0.482812 0.541667 0.482031 0.540625 0.482812 0.539583 0.484375 0.539583 0.485156 0.539583 0.485938 0.538542
0 0.573438 0.539583 0.575781 0.539583 0.576562 0.540625 0.576562 0.541667 0.575781 0.542708 0.575000 0.543750 0.574219 0.543750 0.573438 0.544792 0.572656 0.544792 0.571875 0.543750 0.571094 0.543750 0.571094 0.542708 0.571094 0.541667 0.571875 0.541667 0.573438 0.539583
0 0.106250 0.541667 0.110937 0.541667 0.111719 0.541667 0.111719 0.542708 0.111719 0.543750 0.110937 0.544792 0.110937 0.545833 0.110156 0.546875 0.108594 0.546875 0.107813 0.546875 0.107031 0.545833 0.106250 0.544792 0.106250 0.543750 0.105469 0.542708 0.106250 0.541667
0 0.727344 0.541667 0.728125 0.541667 0.728906 0.541667 0.728906 0.551042 0.728906 0.552083 0.728125 0.553125 0.725000 0.553125 0.724219 0.553125 0.723437 0.552083 0.724219 0.551042 0.724219 0.550000 0.725000 0.548958 0.725000 0.547917 0.725781 0.546875 0.725781 0.545833 0.725781 0.544792 0.726562 0.543750 0.726562 0.542708 0.727344 0.541667
0 0.945312 0.545833 0.949219 0.545833 0.950000 0.545833 0.950000 0.547917 0.949219 0.548958 0.949219 0.554167 0.950000 0.555208 0.949219 0.555208 0.948438 0.556250 0.946875 0.556250 0.946094 0.555208 0.946094 0.554167 0.945312 0.553125 0.945312 0.545833
0 0.411719 0.547917 0.410938 0.546875 0.407031 0.546875 0.407031 0.547917 0.406250 0.548958 0.406250 0.551042 0.408659 0.550955 0.409375 0.550000 0.410156 0.550000
0 0.136719 0.548958 0.137500 0.550000 0.139844 0.550000 0.140625 0.550000 0.140625 0.557292 0.139844 0.558333 0.135156 0.558333 0.134375 0.558333 0.134375 0.555208 0.134375 0.554167 0.133594 0.553125 0.133594 0.552083 0.132812 0.551042 0.133594 0.551042 0.134375 0.550000 0.135156 0.550000 0.135937 0.550000 0.136719 0.548958
0 0.768750 0.550000 0.769531 0.550000 0.770312 0.550000 0.770312 0.551042 0.771094 0.552083 0.771094 0.553125 0.770312 0.554167 0.771094 0.555208 0.771875 0.555208 0.771094 0.555208 0.770312 0.556250 0.770312 0.555208 0.769531 0.554167 0.768750 0.554167 0.767969 0.554167 0.767969 0.552083 0.767969 0.551042 0.768750 0.550000
0 0.451562 0.551042 0.452344 0.551042 0.453125 0.551042 0.453125 0.552083 0.453906 0.553125 0.453906 0.554167 0.453125 0.555208 0.451562 0.555208 0.450781 0.554167 0.450781 0.553125 0.450000 0.552083 0.450781 0.552083 0.451562 0.551042
0 0.208594 0.554167 0.209375 0.554167 0.210156 0.554167 0.210938 0.555208 0.211719 0.555208 0.212500 0.556250 0.212500 0.560417 0.211719 0.561458 0.209375 0.561458 0.208594 0.561458 0.207813 0.560417 0.206250 0.560417 0.205469 0.559375 0.206250 0.558333 0.207031 0.557292 0.207031 0.556250 0.208594 0.554167
0 0.695312 0.578125 0.695312 0.575000 0.694531 0.573958 0.694531 0.571875 0.693750 0.570833 0.693750 0.568750 0.692969 0.567708 0.692969 0.567161 0.690500 0.567046 0.690500 0.566873 0.689063 0.566931 0.689063 0.569792 0.689844 0.570833 0.689844 0.571875 0.690625 0.572917 0.690625 0.573958 0.692969 0.577083 0.692969 0.579167 0.694531 0.579167
0 0.221094 0.562500 0.222656 0.562500 0.223438 0.562500 0.223438 0.563542 0.224219 0.564583 0.224219 0.566667 0.223438 0.567708 0.221875 0.567708 0.221094 0.566667 0.221094 0.562500
0 0.514844 0.562500 0.517969 0.562500 0.518750 0.562500 0.518750 0.564583 0.518750 0.565625 0.519531 0.566667 0.520312 0.566667 0.520312 0.568750 0.519531 0.569792 0.517188 0.569792 0.516406 0.568750 0.516406 0.567708 0.516406 0.566667 0.515625 0.565625 0.514844 0.565625 0.514844 0.562500
0 0.792969 0.576042 0.792188 0.575000 0.792188 0.572917 0.791406 0.571875 0.791406 0.567708 0.790625 0.566667 0.790625 0.565625 0.787500 0.565625 0.787500 0.566667 0.786719 0.567708 0.787500 0.568750 0.787500 0.572917 0.786730 0.573943 0.786662 0.575966 0.787500 0.576042 0.789062 0.578125 0.791406 0.578125
0 0.385156 0.566667 0.388281 0.566667 0.389062 0.566667 0.389062 0.568750 0.389062 0.569792 0.388281 0.570833 0.387500 0.570833 0.386719 0.570833 0.385937 0.569792 0.385156 0.568750 0.385156 0.566667
0 0.000000 0.568750 0.004687 0.568750 0.005469 0.568750 0.004687 0.568750 0.003906 0.569792 0.003125 0.570833 0.001563 0.570833 0.000781 0.570833 0.000000 0.569792 0.000000 0.568750
0 0.623437 0.569792 0.626563 0.569792 0.627344 0.569792 0.626563 0.570833 0.626563 0.571875 0.625781 0.572917 0.623437 0.572917 0.622656 0.572917 0.621875 0.571875 0.623437 0.569792
0 0.442969 0.573958 0.443750 0.575000 0.444531 0.575000 0.445312 0.576042 0.444531 0.577083 0.443750 0.578125 0.442188 0.578125 0.441406 0.578125 0.441406 0.577083 0.441406 0.576042 0.442969 0.573958
0 0.276562 0.575000 0.278906 0.575000 0.279687 0.575000 0.279687 0.577083 0.279687 0.578125 0.278906 0.579167 0.278125 0.580208 0.277344 0.580208 0.276562 0.581250 0.275000 0.581250 0.274219 0.581250 0.274219 0.579167 0.274219 0.578125 0.275000 0.577083 0.275000 0.576042 0.275781 0.576042 0.276562 0.575000
0 0.618750 0.575000 0.619531 0.575000 0.620313 0.575000 0.620313 0.576042 0.620313 0.577083 0.619531 0.578125 0.618750 0.578125 0.617969 0.579167 0.617188 0.580208 0.616406 0.580208 0.615625 0.580208 0.615625 0.579167 0.615625 0.578125 0.616406 0.577083 0.617188 0.576042 0.617969 0.576042 0.618750 0.575000
0 0.384375 0.576042 0.389062 0.576042 0.389844 0.576042 0.390625 0.577083 0.391406 0.577083 0.392188 0.577083 0.392188 0.578125 0.392188 0.579167 0.392969 0.580208 0.393750 0.581250 0.394531 0.581250 0.395313 0.582292 0.396094 0.582292 0.396094 0.588542 0.396094 0.589583 0.395313 0.590625 0.394531 0.591667 0.393750 0.591667 0.392969 0.591667 0.392188 0.592708 0.391406 0.593750 0.390625 0.593750 0.389844 0.593750 0.389062 0.594792 0.388281 0.595833 0.388281 0.597917 0.388281 0.598958 0.389062 0.600000 0.389062 0.602083 0.389844 0.603125 0.389062 0.603125 0.388281 0.604167 0.387500 0.604167 0.386719 0.605208 0.385937 0.605208 0.382812 0.609375 0.382031 0.610417 0.381250 0.610417 0.380469 0.610417 0.379688 0.609375 0.379688 0.600000 0.379688 0.598958 0.378906 0.597917 0.378906 0.596875 0.378125 0.595833 0.378125 0.591667 0.377344 0.590625 0.378125 0.589583 0.378125 0.588542 0.378125 0.587500 0.378906 0.586458 0.378906 0.585417 0.378906 0.584375 0.379688 0.583333 0.379688 0.582292 0.380469 0.581250 0.380469 0.580208 0.381250 0.580208 0.382031 0.579167 0.382812 0.579167 0.383594 0.578125 0.384375 0.577083 0.384375 0.576042
0 0.745313 0.576042 0.746875 0.576042 0.747656 0.576042 0.748437 0.577083 0.750000 0.577083 0.750781 0.577083 0.752344 0.579167 0.753125 0.579167 0.753125 0.580208 0.753125 0.581250 0.753906 0.582292 0.754687 0.583333 0.757031 0.583333 0.757812 0.583333 0.757031 0.584375 0.757031 0.585417 0.756250 0.586458 0.749219 0.586458 0.748437 0.586458 0.747656 0.587500 0.746875 0.587500 0.746094 0.586458 0.746875 0.585417 0.746875 0.583333 0.746875 0.582292 0.746094 0.581250 0.746094 0.580208 0.746094 0.579167 0.745313 0.578125 0.745313 0.576042
0 0.171875 0.577083 0.174219 0.577083 0.175000 0.577083 0.175000 0.578125 0.175000 0.579167 0.173437 0.581250 0.172656 0.581250 0.172656 0.580208 0.171875 0.579167 0.171875 0.577083
0 0.467969 0.577083 0.468750 0.577083 0.469531 0.577083 0.470313 0.578125 0.471875 0.578125 0.472656 0.578125 0.473438 0.579167 0.473438 0.580208 0.472656 0.581250 0.471875 0.581250 0.471094 0.580208 0.470313 0.580208 0.469531 0.580208 0.468750 0.579167 0.467969 0.579167 0.467187 0.578125 0.467969 0.577083
0 0.859375 0.584375 0.862500 0.584375 0.862500 0.585417 0.860938 0.587500 0.860938 0.588542 0.860156 0.589583 0.859375 0.589583 0.858594 0.590625 0.857812 0.590625 0.857031 0.589583 0.856250 0.588542 0.856250 0.587500 0.855469 0.586458 0.857812 0.586458 0.858594 0.586458 0.859375 0.585417 0.859375 0.584375
0 0.224219 0.586458 0.227344 0.586458 0.228125 0.586458 0.227344 0.587500 0.227344 0.588542 0.226562 0.589583 0.225000 0.589583 0.224219 0.590625 0.224219 0.588542 0.223438 0.587500 0.224219 0.586458
0 0.782031 0.590625 0.785937 0.590625 0.786719 0.590625 0.787500 0.591667 0.787500 0.592708 0.786719 0.593750 0.785937 0.593750 0.785156 0.593750 0.783594 0.595833 0.782813 0.595833 0.782813 0.594792 0.782031 0.593750 0.782031 0.592708 0.781250 0.591667 0.782031 0.590625
0 0.576562 0.591667 0.580469 0.591667 0.580469 0.592708 0.578125 0.595833 0.577344 0.595833 0.576562 0.594792 0.575781 0.594792 0.575781 0.593750 0.575781 0.592708 0.576562 0.591667
0 0.032813 0.593750 0.034375 0.593750 0.035156 0.593750 0.035156 0.594792 0.035156 0.595833 0.034375 0.596875 0.033594 0.597917 0.032813 0.597917 0.032031 0.597917 0.032031 0.596875 0.032031 0.595833 0.032813 0.594792 0.032813 0.593750
0 0.887500 0.595833 0.890625 0.595833 0.891406 0.595833 0.892188 0.596875 0.892969 0.596875 0.893750 0.597917 0.894531 0.598958 0.894531 0.603125 0.894531 0.604167 0.892188 0.607292 0.891406 0.608333 0.891406 0.609375 0.889062 0.612500 0.888281 0.613542 0.885938 0.613542 0.885156 0.613542 0.885156 0.611458 0.885156 0.610417 0.884375 0.609375 0.883594 0.608333 0.882812 0.608333 0.882031 0.607292 0.880469 0.607292 0.879687 0.607292 0.881250 0.607292 0.882031 0.607292 0.882812 0.606250 0.883594 0.605208 0.883594 0.603125 0.883594 0.602083 0.884375 0.601042 0.885156 0.600000 0.885156 0.598958 0.885156 0.597917 0.885938 0.596875 0.886719 0.596875 0.887500 0.595833
0 0.803906 0.598958 0.805469 0.598958 0.806250 0.598958 0.807031 0.600000 0.807031 0.601042 0.807031 0.602083 0.806250 0.603125 0.805469 0.603125 0.804688 0.602083 0.803906 0.601042 0.803906 0.598958
0 0.143750 0.603125 0.145313 0.603125 0.146094 0.603125 0.145313 0.604167 0.145313 0.609375 0.144531 0.610417 0.143750 0.610417 0.143750 0.608333 0.143750 0.607292 0.142969 0.606250 0.142187 0.605208 0.143750 0.603125
0 0.728906 0.604167 0.730469 0.604167 0.731250 0.604167 0.732031 0.605208 0.732812 0.605208 0.732812 0.609375 0.732812 0.610417 0.733594 0.611458 0.734375 0.611458 0.735156 0.611458 0.733594 0.611458 0.732812 0.611458 0.732031 0.612500 0.729688 0.612500 0.728906 0.613542 0.728125 0.612500 0.728125 0.611458 0.727344 0.610417 0.727344 0.609375 0.726562 0.608333 0.727344 0.607292 0.727344 0.606250 0.727344 0.605208 0.728125 0.605208 0.728906 0.604167
0 0.194531 0.614260 0.194531 0.611458 0.193750 0.610417 0.193750 0.609375 0.192188 0.607292 0.191406 0.608333 0.190625 0.608333 0.190625 0.610417 0.191406 0.611458 0.191406 0.613542 0.191962 0.614283 0.192280 0.614260
0 0.100000 0.608333 0.097656 0.608333 0.096094 0.610417 0.094531 0.610417 0.092188 0.613542 0.092188 0.614583 0.091406 0.615625 0.091406 0.616667 0.090625 0.617708 0.089844 0.617708 0.089063 0.618750 0.089063 0.620833 0.088281 0.621875 0.088281 0.623302 0.090336 0.623302 0.091406 0.621875 0.092188 0.621875 0.092969 0.620833 0.093750 0.620833 0.095312 0.618750 0.095312 0.617708 0.096094 0.616667 0.096094 0.613542 0.097656 0.611458 0.098437 0.611458 0.099219 0.610417 0.099219 0.609375
0 0.292969 0.610417 0.295312 0.610417 0.296094 0.610417 0.296875 0.611458 0.297656 0.611458 0.297656 0.612500 0.298438 0.613542 0.298438 0.614583 0.297656 0.615625 0.296875 0.615625 0.296094 0.615625 0.296094 0.614583 0.295312 0.613542 0.294531 0.613542 0.293750 0.612500 0.293750 0.611458 0.292969 0.610417
0 0.453906 0.612500 0.456250 0.612500 0.457031 0.612500 0.457031 0.613542 0.457813 0.614583 0.457813 0.615625 0.458594 0.616667 0.458594 0.617708 0.457031 0.619792 0.456250 0.620833 0.455469 0.620833 0.454688 0.621875 0.453906 0.621875 0.453125 0.620833 0.452344 0.620833 0.451562 0.619792 0.450781 0.618750 0.451562 0.617708 0.451562 0.616667 0.452344 0.615625 0.453125 0.614583 0.453125 0.613542 0.453906 0.612500
0 0.839063 0.612500 0.842187 0.612500 0.842969 0.612500 0.843750 0.613542 0.844531 0.613542 0.844531 0.614583 0.845313 0.615625 0.844531 0.615625 0.842969 0.617708 0.842187 0.618750 0.839844 0.618750 0.839063 0.618750 0.839063 0.612500
0 0.817969 0.619792 0.818750 0.619792 0.819531 0.619792 0.819531 0.620833 0.819531 0.621875 0.820312 0.622917 0.820312 0.623958 0.819531 0.625000 0.816406 0.625000 0.815625 0.625000 0.815625 0.621875 0.815625 0.620833 0.816406 0.620833 0.817187 0.620833 0.817969 0.619792
0 0.723437 0.622917 0.726562 0.622917 0.727344 0.622917 0.728125 0.623958 0.728125 0.625000 0.728125 0.626042 0.728906 0.627083 0.729688 0.628125 0.728906 0.628125 0.728125 0.629167 0.727344 0.630208 0.726562 0.630208 0.725781 0.630208 0.725000 0.629167 0.725000 0.628125 0.725000 0.627083 0.724219 0.626042 0.723437 0.626042 0.723437 0.622917
0 0.440625 0.623958 0.442188 0.623958 0.442969 0.623958 0.442188 0.625000 0.441406 0.626042 0.441406 0.628125 0.441406 0.629167 0.440625 0.630208 0.440625 0.631250 0.439844 0.632292 0.439844 0.633333 0.439063 0.634375 0.438281 0.634375 0.438281 0.633333 0.437500 0.632292 0.436719 0.632292 0.436719 0.629167 0.436719 0.628125 0.437500 0.627083 0.437500 0.626042 0.439063 0.626042 0.439844 0.626042 0.440625 0.625000 0.440625 0.623958
0 0.757031 0.625000 0.759375 0.625000 0.760156 0.625000 0.760938 0.626042 0.762500 0.626042 0.763281 0.626042 0.763281 0.627083 0.767969 0.633333 0.768750 0.634375 0.768750 0.635417 0.768750 0.636458 0.764844 0.641667 0.764062 0.642708 0.758594 0.642708 0.757812 0.642708 0.757031 0.643750 0.753906 0.643750 0.753125 0.643750 0.752344 0.642708 0.751563 0.641667 0.751563 0.640625 0.750781 0.639583 0.750000 0.639583 0.750000 0.638542 0.749219 0.637500 0.749219 0.635417 0.748437 0.634375 0.748437 0.630208 0.748437 0.629167 0.750000 0.629167 0.750781 0.629167 0.752344 0.627083 0.753125 0.626042 0.755469 0.626042 0.756250 0.626042 0.757031 0.625000
0 0.553906 0.626042 0.559375 0.626042 0.560156 0.627083 0.559375 0.628125 0.559375 0.629167 0.558594 0.630208 0.558594 0.632292 0.558594 0.633333 0.557813 0.634375 0.557031 0.635417 0.557031 0.636458 0.556250 0.637500 0.555469 0.637500 0.554688 0.637500 0.554688 0.631250 0.554688 0.630208 0.553906 0.629167 0.553906 0.626042
0 0.733594 0.628125 0.735156 0.628125 0.735938 0.629167 0.735938 0.630208 0.735156 0.631250 0.735156 0.632292 0.734375 0.633333 0.733594 0.633333 0.732812 0.632292 0.732812 0.630208 0.732812 0.629167 0.733594 0.628125
0 0.079687 0.638542 0.081250 0.638542 0.082031 0.639583 0.081250 0.640625 0.081250 0.641667 0.080469 0.642708 0.080469 0.643750 0.079687 0.644792 0.078906 0.644792 0.078906 0.640625 0.078906 0.639583 0.079687 0.638542
0 0.861719 0.641667 0.863281 0.641667 0.864062 0.641667 0.864062 0.650000 0.864062 0.651042 0.864844 0.652083 0.865625 0.653125 0.865625 0.656250 0.865625 0.657292 0.864844 0.658333 0.864062 0.659375 0.863281 0.659375 0.862500 0.659375 0.861719 0.658333 0.860938 0.657292 0.860938 0.656250 0.860156 0.655208 0.859375 0.655208 0.859375 0.652083 0.859375 0.651042 0.860156 0.651042 0.860938 0.650000 0.860938 0.646875 0.861719 0.645833 0.861719 0.641667
0 0.955469 0.641667 0.957812 0.641667 0.958594 0.642708 0.961719 0.642708 0.962500 0.642708 0.962500 0.643750 0.964063 0.645833 0.964844 0.646875 0.971094 0.646875 0.971875 0.646875 0.972656 0.647917 0.973437 0.647917 0.975000 0.650000 0.975781 0.650000 0.975781 0.652083 0.975781 0.653125 0.975000 0.654167 0.975000 0.655208 0.974219 0.656250 0.973437 0.657292 0.973437 0.659375 0.973437 0.660417 0.972656 0.661458 0.971875 0.662500 0.971875 0.665625 0.971875 0.666667 0.973437 0.668750 0.974219 0.668750 0.974219 0.669792 0.973437 0.670833 0.973437 0.671875 0.972656 0.672917 0.971875 0.672917 0.971094 0.673958 0.967187 0.673958 0.966406 0.673958 0.965625 0.675000 0.964063 0.675000 0.963281 0.675000 0.962500 0.676042 0.961719 0.676042 0.960938 0.677083 0.958594 0.677083 0.957812 0.676042 0.951562 0.676042 0.950781 0.676042 0.950000 0.675000 0.947656 0.675000 0.946875 0.673958 0.946875 0.671875 0.946875 0.670833 0.947656 0.669792 0.948438 0.668750 0.948438 0.667708 0.948438 0.666667 0.950781 0.663542 0.951562 0.662500 0.951562 0.659375 0.951562 0.658333 0.952344 0.657292 0.952344 0.653125 0.952344 0.652083 0.953125 0.651042 0.953125 0.650000 0.953906 0.648958 0.953906 0.647917 0.954688 0.646875 0.954688 0.644792 0.954688 0.643750 0.955469 0.642708 0.955469 0.641667
0 0.465625 0.650000 0.464844 0.648958 0.461719 0.648958 0.461145 0.648193 0.460938 0.648193 0.460938 0.650000 0.459375 0.652083 0.460156 0.653125 0.460156 0.654167 0.461719 0.654167 0.464844 0.650000
0 0.606250 0.646875 0.608594 0.646875 0.609375 0.647917 0.608594 0.648958 0.608594 0.650000 0.607031 0.652083 0.607031 0.653125 0.606250 0.654167 0.605469 0.654167 0.604688 0.655208 0.604688 0.656250 0.603125 0.658333 0.602344 0.658333 0.602344 0.657292 0.602344 0.656250 0.601562 0.655208 0.601562 0.654167 0.601562 0.653125 0.602344 0.652083 0.604688 0.652083 0.605469 0.652083 0.606250 0.651042 0.606250 0.646875
0 0.382031 0.648958 0.385937 0.648958 0.386719 0.648958 0.387500 0.650000 0.387500 0.653125 0.387500 0.654167 0.386719 0.655208 0.385937 0.655208 0.385156 0.655208 0.384375 0.656250 0.382812 0.656250 0.382031 0.656250 0.382031 0.655208 0.381250 0.654167 0.380469 0.653125 0.380469 0.652083 0.380469 0.651042 0.382031 0.648958
0 0.349219 0.650000 0.350000 0.651042 0.349219 0.652083 0.349219 0.653125 0.349219 0.654167 0.348438 0.655208 0.348438 0.656250 0.347656 0.657292 0.346875 0.657292 0.346094 0.657292 0.346094 0.653125 0.346094 0.652083 0.346875 0.652083 0.347656 0.651042 0.348438 0.651042 0.349219 0.650000
0 0.022656 0.653125 0.025781 0.653125 0.026562 0.653125 0.027344 0.654167 0.027344 0.655208 0.027344 0.656250 0.026562 0.657292 0.026562 0.658333 0.026562 0.659375 0.025781 0.660417 0.025000 0.661458 0.023438 0.661458 0.022656 0.661458 0.021875 0.662500 0.021094 0.663542 0.020313 0.663542 0.019531 0.663542 0.018750 0.662500 0.017969 0.661458 0.017969 0.659375 0.017188 0.658333 0.017969 0.658333 0.018750 0.657292 0.019531 0.657292 0.020313 0.657292 0.021094 0.656250 0.021875 0.655208 0.021875 0.654167 0.022656 0.653125
0 0.651563 0.654167 0.652344 0.654167 0.653125 0.654167 0.653906 0.655208 0.654687 0.655208 0.654687 0.660417 0.654687 0.661458 0.653906 0.662500 0.653125 0.663542 0.652344 0.663542 0.651563 0.663542 0.650781 0.662500 0.650000 0.662500 0.649219 0.662500 0.648438 0.661458 0.647656 0.661458 0.646875 0.660417 0.647656 0.659375 0.647656 0.656250 0.647656 0.655208 0.650000 0.655208 0.650781 0.655208 0.651563 0.654167
0 0.702344 0.654167 0.704688 0.654167 0.705469 0.654167 0.705469 0.655208 0.706250 0.656250 0.705469 0.656250 0.704688 0.657292 0.703125 0.657292 0.702344 0.657292 0.702344 0.654167
0 0.889062 0.657292 0.892188 0.657292 0.892969 0.657292 0.892969 0.659375 0.892969 0.660417 0.892188 0.661458 0.892188 0.662500 0.892188 0.663542 0.891406 0.664583 0.890625 0.664583 0.889844 0.665625 0.889062 0.665625 0.888281 0.665625 0.888281 0.664583 0.888281 0.663542 0.887500 0.662500 0.887500 0.660417 0.886719 0.659375 0.887500 0.658333 0.888281 0.658333 0.889062 0.657292
0 0.582812 0.659375 0.585156 0.659375 0.585938 0.659375 0.586719 0.660417 0.586719 0.662500 0.586719 0.663542 0.587500 0.664583 0.589063 0.664583 0.589844 0.664583 0.589063 0.665625 0.588281 0.666667 0.588281 0.668750 0.587500 0.669792 0.585156 0.669792 0.584375 0.668750 0.581250 0.668750 0.580469 0.667708 0.581250 0.666667 0.581250 0.665625 0.582031 0.664583 0.582031 0.661458 0.582031 0.660417 0.582812 0.659375
0 0.752344 0.660417 0.755469 0.660417 0.756250 0.660417 0.755469 0.660417 0.753125 0.663542 0.752344 0.664583 0.751563 0.664583 0.751563 0.662500 0.750781 0.661458 0.747656 0.661458 0.746875 0.661458 0.750781 0.661458 0.751563 0.661458 0.752344 0.660417
0 0.264844 0.662500 0.267188 0.662500 0.267969 0.662500 0.267969 0.663542 0.268750 0.664583 0.269531 0.665625 0.268750 0.665625 0.267969 0.666667 0.267188 0.666667 0.266406 0.665625 0.265625 0.665625 0.264844 0.665625 0.264062 0.664583 0.264844 0.663542 0.264844 0.662500
0 0.347656 0.669792 0.351562 0.669792 0.352344 0.669792 0.352344 0.670833 0.351562 0.671875 0.350781 0.672917 0.350781 0.673958 0.350000 0.675000 0.349219 0.676042 0.346875 0.676042 0.346094 0.676042 0.346094 0.672917 0.346094 0.671875 0.347656 0.669792
0 0.096875 0.673958 0.098437 0.673958 0.099219 0.675000 0.099219 0.677083 0.099219 0.678125 0.098437 0.679167 0.098437 0.680208 0.097656 0.679167 0.096875 0.679167 0.096094 0.678125 0.095312 0.678125 0.095312 0.677083 0.095312 0.676042 0.096094 0.676042 0.096875 0.675000 0.096875 0.673958
0 0.910156 0.673958 0.910937 0.673958 0.911719 0.673958 0.911719 0.675000 0.911719 0.676042 0.912500 0.677083 0.913281 0.678125 0.913281 0.680208 0.914062 0.681250 0.913281 0.682292 0.913281 0.683333 0.912500 0.684375 0.912500 0.685417 0.911719 0.686458 0.910937 0.686458 0.910156 0.687500 0.907813 0.687500 0.907031 0.687500 0.906250 0.686458 0.905469 0.686458 0.904687 0.686458 0.904687 0.685417 0.903906 0.684375 0.903906 0.681250 0.903906 0.680208 0.904687 0.679167 0.904687 0.678125 0.905469 0.677083 0.906250 0.676042 0.907031 0.676042 0.907813 0.675000 0.908594 0.675000 0.909375 0.675000 0.910156 0.673958
0 0.311719 0.675000 0.312500 0.676042 0.315625 0.676042 0.316406 0.676042 0.317188 0.677083 0.317188 0.681250 0.317188 0.682292 0.314844 0.685417 0.314063 0.686458 0.313281 0.686458 0.312500 0.687500 0.310156 0.687500 0.309375 0.688542 0.306250 0.688542 0.305469 0.688542 0.305469 0.686458 0.305469 0.685417 0.304688 0.684375 0.303906 0.683333 0.303125 0.683333 0.302344 0.683333 0.302344 0.682292 0.302344 0.681250 0.305469 0.681250 0.306250 0.681250 0.307031 0.680208 0.307031 0.679167 0.307031 0.678125 0.307812 0.678125 0.308594 0.677083 0.309375 0.676042 0.310156 0.676042 0.310937 0.676042 0.311719 0.675000
0 0.671875 0.675000 0.672656 0.675000 0.673438 0.675000 0.675000 0.677083 0.675781 0.677083 0.675781 0.678125 0.675781 0.679167 0.676562 0.680208 0.676562 0.681250 0.677344 0.682292 0.679688 0.682292 0.680469 0.682292 0.681250 0.681250 0.682031 0.681250 0.682813 0.681250 0.683594 0.680208 0.684375 0.679167 0.685937 0.679167 0.686719 0.679167 0.687500 0.680208 0.687500 0.681250 0.687500 0.682292 0.685937 0.684375 0.685156 0.685417 0.683594 0.685417 0.682813 0.685417 0.681250 0.683333 0.680469 0.682292 0.679688 0.682292 0.678906 0.682292 0.678125 0.683333 0.678125 0.684375 0.678125 0.685417 0.677344 0.686458 0.676562 0.687500 0.676562 0.688542 0.676562 0.689583 0.671875 0.695833 0.671094 0.696875 0.671094 0.697917 0.666406 0.704167 0.666406 0.705208 0.665625 0.706250 0.664844 0.707292 0.664062 0.707292 0.663281 0.708333 0.662500 0.707292 0.662500 0.693750 0.662500 0.692708 0.663281 0.691667 0.664062 0.690625 0.664062 0.689583 0.664844 0.688542 0.664844 0.687500 0.665625 0.686458 0.665625 0.685417 0.666406 0.684375 0.666406 0.683333 0.667188 0.682292 0.667188 0.681250 0.669531 0.678125 0.669531 0.677083 0.670312 0.676042 0.671094 0.676042 0.671875 0.675000
0 0.711719 0.678125 0.714063 0.678125 0.714844 0.679167 0.714844 0.680208 0.714063 0.681250 0.714063 0.682292 0.714063 0.683333 0.714844 0.684375 0.715625 0.684375 0.716406 0.684375 0.714844 0.684375 0.714063 0.685417 0.714063 0.683333 0.714063 0.682292 0.713281 0.681250 0.712500 0.681250 0.711719 0.681250 0.711719 0.678125
0 0.436719 0.682292 0.437500 0.683333 0.438281 0.683333 0.437500 0.684375 0.437500 0.685417 0.436719 0.686458 0.435937 0.686458 0.435156 0.687500 0.434375 0.687500 0.433594 0.687500 0.432812 0.686458 0.432031 0.686458 0.432812 0.686458 0.433594 0.685417 0.434375 0.685417 0.435156 0.684375 0.435937 0.684375 0.436719 0.683333 0.436719 0.682292
0 0.551562 0.682292 0.553906 0.682292 0.554688 0.682292 0.554688 0.683333 0.555469 0.684375 0.555469 0.685417 0.554688 0.686458 0.551562 0.686458 0.550781 0.686458 0.550781 0.685417 0.550000 0.684375 0.551562 0.682292
0 0.249219 0.689583 0.250781 0.689583 0.251563 0.689583 0.252344 0.690625 0.253125 0.690625 0.253906 0.691667 0.254688 0.691667 0.254688 0.693750 0.254688 0.694792 0.253906 0.695833 0.253906 0.696875 0.254688 0.697917 0.255469 0.697917 0.256250 0.697917 0.257812 0.700000 0.258594 0.700000 0.257031 0.700000 0.256250 0.701042 0.255469 0.700000 0.254688 0.700000 0.253906 0.700000 0.253906 0.697917 0.253906 0.696875 0.253125 0.695833 0.252344 0.695833 0.251563 0.695833 0.250000 0.693750 0.249219 0.692708 0.249219 0.689583
0 0.386719 0.695833 0.390625 0.695833 0.391406 0.695833 0.392188 0.696875 0.392969 0.696875 0.392969 0.697917 0.392188 0.698958 0.391406 0.700000 0.390625 0.700000 0.389844 0.698958 0.385937 0.698958 0.385156 0.698958 0.385156 0.697917 0.385156 0.696875 0.385937 0.696875 0.386719 0.695833
0 0.693750 0.695833 0.695312 0.695833 0.696094 0.695833 0.696875 0.696875 0.697656 0.696875 0.697656 0.703125 0.698438 0.704167 0.697656 0.704167 0.696875 0.705208 0.696094 0.705208 0.695312 0.704167 0.694531 0.704167 0.694531 0.702083 0.694531 0.701042 0.693750 0.700000 0.692969 0.698958 0.690625 0.698958 0.689844 0.698958 0.689844 0.697917 0.689844 0.696875 0.692187 0.696875 0.692969 0.696875 0.693750 0.695833
0 0.500000 0.697917 0.502344 0.697917 0.503125 0.697917 0.503906 0.698958 0.504687 0.700000 0.504687 0.701042 0.504687 0.702083 0.502344 0.705208 0.501563 0.706250 0.499219 0.706250 0.498437 0.705208 0.498437 0.702083 0.498437 0.701042 0.499219 0.700000 0.500000 0.698958 0.500000 0.697917
0 0.704688 0.698958 0.705469 0.698958 0.706250 0.698958 0.707031 0.700000 0.707031 0.701042 0.707812 0.702083 0.707812 0.709375 0.707812 0.710417 0.707031 0.711458 0.706250 0.712500 0.706250 0.713542 0.705469 0.714583 0.703906 0.714583 0.703125 0.714583 0.703125 0.713542 0.702344 0.712500 0.702344 0.703125 0.701562 0.702083 0.702344 0.702083 0.703125 0.702083 0.703906 0.701042 0.703906 0.700000 0.704688 0.698958
0 0.082812 0.700000 0.085938 0.700000 0.086719 0.700000 0.085938 0.701042 0.085938 0.702083 0.085156 0.703125 0.083594 0.703125 0.082812 0.703125 0.082812 0.700000
0 0.609375 0.700000 0.611719 0.700000 0.612500 0.700000 0.612500 0.701042 0.613281 0.702083 0.614062 0.702083 0.614844 0.703125 0.615625 0.703125 0.615625 0.704167 0.613281 0.707292 0.612500 0.708333 0.610156 0.708333 0.609375 0.708333 0.608594 0.707292 0.607812 0.707292 0.607031 0.706250 0.606250 0.705208 0.607812 0.703125 0.608594 0.702083 0.608594 0.701042 0.609375 0.700000
0 0.928125 0.700000 0.928906 0.701042 0.930469 0.701042 0.931250 0.702083 0.931250 0.705208 0.931250 0.706250 0.930469 0.707292 0.929688 0.708333 0.929688 0.707292 0.929688 0.706250 0.928906 0.705208 0.928125 0.705208 0.927344 0.704167 0.927344 0.703125 0.927344 0.702083 0.928125 0.701042 0.928125 0.700000
0 0.224219 0.711458 0.225000 0.711458 0.225781 0.711458 0.225781 0.712500 0.225781 0.713542 0.224219 0.715625 0.223438 0.715625 0.223438 0.714583 0.222656 0.713542 0.221875 0.713542 0.222656 0.713542 0.224219 0.711458
0 0.538281 0.718750 0.539062 0.718750 0.539844 0.718750 0.540625 0.719792 0.541406 0.720833 0.542188 0.720833 0.542969 0.720833 0.542188 0.720833 0.539062 0.725000 0.538281 0.726042 0.536719 0.726042 0.535937 0.726042 0.535937 0.725000 0.535156 0.723958 0.534375 0.722917 0.534375 0.721875 0.534375 0.720833 0.535937 0.720833 0.536719 0.720833 0.538281 0.718750
0 0.857812 0.718750 0.861719 0.718750 0.862500 0.718750 0.863281 0.719792 0.864062 0.720833 0.863281 0.721875 0.862500 0.722917 0.860156 0.722917 0.859375 0.722917 0.858594 0.723958 0.857812 0.723958 0.857031 0.723958 0.857031 0.722917 0.856250 0.721875 0.856250 0.720833 0.856250 0.719792 0.857031 0.719792 0.857812 0.718750
0 0.897656 0.718750 0.898438 0.718750 0.899219 0.718750 0.899219 0.719792 0.900000 0.720833 0.899219 0.720833 0.898438 0.721875 0.898438 0.722917 0.897656 0.723958 0.896875 0.723958 0.896094 0.725000 0.895312 0.725000 0.895312 0.722917 0.895312 0.721875 0.897656 0.718750
0 0.929688 0.718750 0.931250 0.718750 0.932031 0.718750 0.932813 0.719792 0.932813 0.720833 0.932813 0.721875 0.933594 0.722917 0.935156 0.722917 0.935937 0.723958 0.935156 0.725000 0.934375 0.726042 0.932813 0.726042 0.932031 0.726042 0.931250 0.727083 0.931250 0.729167 0.931250 0.730208 0.930469 0.731250 0.929688 0.731250 0.928906 0.731250 0.928906 0.730208 0.928125 0.729167 0.927344 0.729167 0.926562 0.728125 0.926562 0.727083 0.926562 0.726042 0.925781 0.725000 0.925000 0.723958 0.925781 0.722917 0.926562 0.722917 0.929688 0.718750
0 0.651563 0.719792 0.653125 0.719792 0.653906 0.719792 0.653906 0.730208 0.653125 0.731250 0.652344 0.731250 0.651563 0.730208 0.651563 0.729167 0.650781 0.728125 0.650781 0.725000 0.650781 0.723958 0.651563 0.722917 0.651563 0.719792
0 0.360156 0.722917 0.363281 0.722917 0.364063 0.722917 0.364844 0.723958 0.365625 0.723958 0.365625 0.726042 0.364844 0.727083 0.364844 0.730208 0.364844 0.731250 0.364063 0.732292 0.363281 0.733333 0.361719 0.733333 0.360938 0.733333 0.360938 0.730208 0.360156 0.729167 0.360156 0.722917
0 0.002299 0.755518 0.004762 0.755335 0.004762 0.750592 0.005857 0.749497 0.006404 0.747491 0.007499 0.746031 0.008183 0.744572 0.005994 0.744207 0.005994 0.742930 0.004899 0.743295 0.000794 0.750227 0.000658 0.753328 0.001615 0.753511
0 0.841406 0.723958 0.842187 0.725000 0.844531 0.725000 0.845313 0.725000 0.846094 0.726042 0.846875 0.726042 0.847656 0.727083 0.847656 0.728125 0.846875 0.729167 0.844531 0.729167 0.843750 0.729167 0.842969 0.730208 0.842187 0.730208 0.841406 0.730208 0.840625 0.729167 0.839844 0.729167 0.839844 0.726042 0.839844 0.725000 0.840625 0.725000 0.841406 0.723958
0 0.774296 0.355030 0.774296 0.353643 0.774817 0.352255 0.775077 0.350348 0.775077 0.348614 0.775337 0.346706 0.775857 0.345492 0.775857 0.342891 0.773386 0.342891 0.773126 0.344105 0.771955 0.344105 0.772606 0.348787 0.772085 0.354857
0 0.765582 0.350868 0.767663 0.349828 0.768834 0.346706 0.769094 0.343411 0.765972 0.344278 0.764802 0.348787
0 0.141406 0.727083 0.142187 0.728125 0.142969 0.728125 0.143750 0.728125 0.143750 0.732292 0.142969 0.733333 0.142187 0.733333 0.141406 0.733333 0.141406 0.727083
0 0.554688 0.729167 0.557031 0.729167 0.557813 0.729167 0.557813 0.734375 0.557031 0.735417 0.556250 0.735417 0.555469 0.735417 0.555469 0.733333 0.554688 0.732292 0.554688 0.729167
0 0.872656 0.730208 0.875000 0.730208 0.875781 0.730208 0.875781 0.734375 0.875781 0.735417 0.873437 0.738542 0.872656 0.739583 0.871875 0.739583 0.871094 0.740625 0.869531 0.740625 0.868750 0.740625 0.867969 0.739583 0.868750 0.738542 0.869531 0.737500 0.869531 0.734375 0.869531 0.733333 0.870313 0.733333 0.872656 0.730208
0 0.553906 0.010417 0.555469 0.010417 0.556250 0.011458 0.556250 0.015625 0.556250 0.016667 0.554688 0.016667 0.553906 0.016667 0.553906 0.010417
0 0.342187 0.731250 0.346094 0.731250 0.346875 0.732292 0.345313 0.734375 0.344531 0.735417 0.343750 0.735417 0.342969 0.735417 0.342969 0.734375 0.342187 0.733333 0.342187 0.731250
0 0.919531 0.737500 0.920312 0.738542 0.924219 0.738542 0.925000 0.738542 0.925781 0.739583 0.925781 0.740625 0.925000 0.741667 0.924219 0.742708 0.923438 0.742708 0.922656 0.743750 0.921875 0.744792 0.920312 0.744792 0.919531 0.744792 0.918750 0.743750 0.917969 0.742708 0.917969 0.741667 0.917969 0.740625 0.918750 0.739583 0.918750 0.738542 0.919531 0.737500
0 0.048438 0.740625 0.049219 0.741667 0.050781 0.741667 0.051562 0.741667 0.051562 0.742708 0.052344 0.743750 0.052344 0.744792 0.051562 0.745833 0.050781 0.745833 0.050000 0.746875 0.049219 0.746875 0.048438 0.745833 0.047656 0.744792 0.047656 0.743750 0.047656 0.742708 0.048438 0.741667 0.048438 0.740625
0 0.672656 0.742708 0.673438 0.743750 0.674219 0.743750 0.675000 0.743750 0.674219 0.744792 0.674219 0.745833 0.673438 0.746875 0.672656 0.746875 0.671875 0.747917 0.671094 0.747917 0.670312 0.747917 0.670312 0.745833 0.669531 0.744792 0.670312 0.743750 0.671094 0.743750 0.671875 0.743750 0.672656 0.742708
0 0.250781 0.746875 0.252344 0.746875 0.253125 0.746875 0.252344 0.747917 0.251563 0.748958 0.250781 0.748958 0.250000 0.750000 0.249219 0.750000 0.248438 0.751042 0.247656 0.751042 0.246875 0.752083 0.246094 0.752083 0.245312 0.753125 0.244531 0.753125 0.243750 0.754167 0.240625 0.754167 0.239844 0.754167 0.239844 0.753125 0.239844 0.752083 0.240625 0.752083 0.241406 0.752083 0.242188 0.751042 0.242969 0.751042 0.243750 0.751042 0.244531 0.750000 0.245312 0.750000 0.246094 0.750000 0.246875 0.748958 0.247656 0.748958 0.248438 0.747917 0.249219 0.747917 0.250000 0.747917 0.250781 0.746875
0 0.129688 0.784421 0.135937 0.785463 0.136719 0.785463 0.139063 0.787546 0.139844 0.788588 0.139844 0.791713 0.140625 0.792755 0.135937 0.794838 0.133558 0.793841 0.130538 0.793749 0.130417 0.794814 0.125000 0.793796 0.124219 0.793796 0.123438 0.790671 0.122656 0.789630 0.129688 0.784421
0 0.088281 0.748958 0.089844 0.748958 0.090625 0.748958 0.091406 0.750000 0.092188 0.751042 0.092188 0.752083 0.091406 0.753125 0.090625 0.754167 0.089844 0.754167 0.089063 0.755208 0.088281 0.755208 0.087500 0.754167 0.088281 0.753125 0.088281 0.748958
0 0.387500 0.752083 0.389844 0.752083 0.390625 0.752083 0.390625 0.754167 0.391406 0.755208 0.391406 0.756250 0.390625 0.757292 0.390625 0.761458 0.391406 0.762500 0.391406 0.771875 0.391406 0.772917 0.390625 0.773958 0.390625 0.775000 0.390625 0.776042 0.389844 0.777083 0.389062 0.778125 0.388281 0.777083 0.388281 0.776042 0.388281 0.775000 0.389062 0.773958 0.389062 0.772917 0.389844 0.771875 0.389844 0.769792 0.389844 0.768750 0.389062 0.767708 0.389062 0.766667 0.389062 0.765625 0.388281 0.764583 0.387500 0.763542 0.388281 0.762500 0.388281 0.759375 0.387500 0.758333 0.387500 0.752083
0 0.770312 0.760417 0.772656 0.760417 0.773438 0.760417 0.774219 0.761458 0.775000 0.761458 0.775000 0.766667 0.775781 0.767708 0.775781 0.768750 0.775781 0.769792 0.775000 0.770833 0.775000 0.772917 0.775000 0.773958 0.774219 0.775000 0.773438 0.776042 0.773438 0.777083 0.773438 0.778125 0.772656 0.779167 0.772656 0.780208 0.771875 0.781250 0.771094 0.782292 0.770312 0.782292 0.769531 0.782292 0.769531 0.781250 0.768750 0.780208 0.767969 0.779167 0.767969 0.762500 0.767969 0.761458 0.768750 0.761458 0.769531 0.761458 0.770312 0.760417
0 0.717187 0.761458 0.718750 0.761458 0.719531 0.761458 0.720313 0.762500 0.719531 0.763542 0.719531 0.764583 0.718750 0.765625 0.717187 0.765625 0.716406 0.764583 0.717187 0.763542 0.717187 0.761458
0 0.408594 0.764583 0.409375 0.764583 0.410156 0.764583 0.410938 0.765625 0.411719 0.766667 0.412500 0.766667 0.412500 0.767708 0.411719 0.768750 0.411719 0.769792 0.410938 0.770833 0.410938 0.771875 0.410156 0.772917 0.409375 0.772917 0.408594 0.773958 0.407813 0.773958 0.407031 0.773958 0.406250 0.772917 0.406250 0.769792 0.405469 0.768750 0.408594 0.764583
0 0.082031 0.768750 0.083594 0.768750 0.083594 0.769792 0.082812 0.770833 0.082031 0.771875 0.082031 0.772917 0.081250 0.773958 0.080469 0.773958 0.080469 0.772917 0.079687 0.771875 0.082031 0.768750
0 0.592187 0.775000 0.596875 0.775000 0.597656 0.775000 0.597656 0.778125 0.597656 0.779167 0.596875 0.780208 0.592187 0.780208 0.591406 0.780208 0.591406 0.778125 0.590625 0.777083 0.591406 0.777083 0.592187 0.776042 0.592187 0.775000
0 0.043750 0.784375 0.045312 0.784375 0.046094 0.784375 0.046875 0.785417 0.047656 0.785417 0.046875 0.785417 0.045312 0.787500 0.044531 0.788542 0.043750 0.788542 0.042969 0.789583 0.041406 0.789583 0.040625 0.789583 0.040625 0.786458 0.040625 0.785417 0.042188 0.785417 0.042969 0.785417 0.043750 0.784375
0 0.000000 0.787500 0.002344 0.787500 0.003125 0.787500 0.003125 0.788542 0.004687 0.790625 0.004687 0.791667 0.003906 0.792708 0.003125 0.792708 0.002344 0.793750 0.001563 0.793750 0.000781 0.793750 0.000000 0.792708 0.000000 0.787500
0 0.303125 0.787500 0.306250 0.787500 0.307031 0.788542 0.307031 0.789583 0.305469 0.791667 0.305469 0.792708 0.304688 0.791667 0.303906 0.791667 0.303125 0.790625 0.303125 0.789583 0.302344 0.788542 0.303125 0.787500
0 0.739062 0.792708 0.739844 0.793750 0.740625 0.793750 0.740625 0.796875 0.740625 0.797917 0.739844 0.798958 0.739062 0.798958 0.738281 0.798958 0.737500 0.800000 0.735938 0.800000 0.735156 0.800000 0.735156 0.798958 0.735156 0.797917 0.735938 0.796875 0.735938 0.795833 0.735938 0.794792 0.736719 0.794792 0.737500 0.793750 0.738281 0.793750 0.739062 0.792708
0 0.327344 0.793750 0.328125 0.793750 0.328906 0.793750 0.328906 0.796875 0.328906 0.797917 0.329688 0.798958 0.330469 0.798958 0.331250 0.798958 0.331250 0.800000 0.329688 0.802083 0.328906 0.803125 0.328125 0.803125 0.327344 0.803125 0.325781 0.801042 0.325000 0.801042 0.325000 0.798958 0.325000 0.797917 0.325781 0.796875 0.325781 0.795833 0.325781 0.794792 0.326562 0.794792 0.327344 0.793750
0 0.278125 0.802083 0.280469 0.802083 0.281250 0.802083 0.280469 0.803125 0.280469 0.805208 0.279687 0.806250 0.278125 0.806250 0.277344 0.806250 0.277344 0.805208 0.277344 0.804167 0.278125 0.803125 0.278125 0.802083
0 0.678125 0.802083 0.678906 0.802083 0.679688 0.802083 0.679688 0.803125 0.679688 0.804167 0.678906 0.805208 0.678906 0.806250 0.678906 0.807292 0.678125 0.808333 0.675000 0.808333 0.674219 0.808333 0.674219 0.806250 0.674219 0.805208 0.675000 0.804167 0.675781 0.804167 0.676562 0.804167 0.678125 0.802083
0 0.650781 0.161458 0.656250 0.162500 0.657031 0.163542 0.657031 0.167708 0.657813 0.168750 0.656250 0.176042 0.655469 0.177083 0.650781 0.177083 0.650000 0.177083 0.644531 0.173958 0.643750 0.172917 0.644531 0.169792 0.644531 0.168750 0.650781 0.161458
0 0.925781 0.815314 0.925781 0.812500 0.925000 0.811458 0.925000 0.810812 0.923334 0.810275 0.922528 0.809375 0.920312 0.809375 0.920312 0.810417 0.919531 0.811458 0.919531 0.814583 0.921094 0.814583 0.921803 0.815529 0.925146 0.815422 0.925146 0.815314
0 0.266406 0.810417 0.265625 0.809375 0.265625 0.806250 0.264844 0.806250 0.264062 0.805208 0.260937 0.805208 0.260156 0.806250 0.259375 0.806250 0.257031 0.809375 0.256250 0.809375 0.254688 0.811458 0.251563 0.811458 0.250000 0.813542 0.250000 0.815625 0.250781 0.816667 0.250781 0.817708 0.254688 0.822917 0.254688 0.823097 0.255475 0.823097 0.256069 0.823581 0.257554 0.824065 0.257686 0.824285 0.257719 0.824901 0.259271 0.825209 0.259271 0.826042 0.260156 0.825000 0.260937 0.825000 0.261719 0.823958 0.263281 0.823958 0.264062 0.822917 0.264062 0.820833 0.264844 0.819792 0.264844 0.812500
0 0.176563 0.813542 0.180469 0.813542 0.181250 0.813542 0.182031 0.814583 0.182031 0.815625 0.182812 0.816667 0.182031 0.816667 0.181250 0.817708 0.180469 0.818750 0.179688 0.817708 0.178906 0.817708 0.178125 0.817708 0.177344 0.816667 0.176563 0.815625 0.176563 0.813542
0 0.466406 0.813542 0.467187 0.814583 0.467969 0.814583 0.467969 0.815625 0.467187 0.816667 0.467187 0.817708 0.466406 0.818750 0.465625 0.818750 0.464844 0.817708 0.464844 0.815625 0.464844 0.814583 0.465625 0.814583 0.466406 0.813542
0 0.500781 0.827083 0.503906 0.827083 0.504687 0.827083 0.505469 0.828125 0.506250 0.828125 0.507031 0.828125 0.507031 0.829167 0.507031 0.830208 0.506250 0.831250 0.505469 0.831250 0.504687 0.830208 0.502344 0.830208 0.501563 0.830208 0.500781 0.829167 0.500781 0.827083
0 0.717187 0.829167 0.717969 0.829167 0.718750 0.829167 0.718750 0.832292 0.719531 0.833333 0.719531 0.834375 0.718750 0.835417 0.717969 0.836458 0.717187 0.836458 0.716406 0.836458 0.716406 0.835417 0.715625 0.834375 0.715625 0.833333 0.715625 0.832292 0.716406 0.831250 0.716406 0.830208 0.717187 0.829167
0 0.071094 0.830208 0.071875 0.830208 0.072656 0.830208 0.073438 0.831250 0.074219 0.832292 0.073438 0.833333 0.073438 0.835417 0.072656 0.836458 0.071875 0.836458 0.071094 0.835417 0.071094 0.832292 0.070312 0.831250 0.071094 0.830208
0 0.450781 0.830208 0.454688 0.830208 0.455469 0.830208 0.456250 0.831250 0.457031 0.831250 0.457031 0.832292 0.456250 0.833333 0.454688 0.833333 0.453906 0.834375 0.450781 0.834375 0.450000 0.834375 0.450000 0.833333 0.450000 0.832292 0.450781 0.831250 0.450781 0.830208
0 0.525000 0.832292 0.526563 0.832292 0.527344 0.833333 0.527344 0.835417 0.527344 0.836458 0.526563 0.837500 0.525781 0.838542 0.525000 0.838542 0.524219 0.838542 0.524219 0.837500 0.523438 0.836458 0.524219 0.835417 0.524219 0.834375 0.524219 0.833333 0.525000 0.832292
0 0.947656 0.833333 0.951562 0.833333 0.952344 0.834375 0.951562 0.835417 0.950781 0.836458 0.950000 0.836458 0.949219 0.836458 0.948438 0.837500 0.948438 0.838542 0.948438 0.839583 0.947656 0.840625 0.946875 0.840625 0.946875 0.835417 0.946875 0.834375 0.947656 0.833333
0 0.922656 0.312500 0.924219 0.312500 0.925000 0.312500 0.925781 0.313542 0.926562 0.313542 0.927344 0.314583 0.928906 0.314583 0.929688 0.315625 0.929688 0.317708 0.929688 0.318750 0.928906 0.319792 0.928125 0.320833 0.928125 0.325000 0.927344 0.326042 0.926562 0.326042 0.925781 0.325000 0.924219 0.325000 0.923438 0.325000 0.922656 0.323958 0.921875 0.323958 0.921875 0.321875 0.921094 0.320833 0.921875 0.319792 0.921875 0.314583 0.921875 0.313542 0.922656 0.312500
0 0.826576 0.397506 0.826954 0.398851 0.827333 0.399187 0.827963 0.400196 0.828342 0.400365 0.828720 0.400869 0.829225 0.400869 0.829981 0.401542 0.830738 0.401878 0.831117 0.402383 0.831747 0.403896 0.832000 0.404906 0.832883 0.406083 0.834270 0.406756 0.835279 0.406756 0.835531 0.406251 0.835531 0.404233 0.835910 0.403056 0.835910 0.402383 0.835405 0.400196 0.835405 0.398851 0.833892 0.398851 0.833513 0.398515 0.832756 0.397337 0.832000 0.396665 0.830991 0.396665 0.830360 0.396160 0.828342 0.396160 0.827585 0.396496
0 0.756250 0.845833 0.758594 0.845833 0.759375 0.846875 0.759375 0.847917 0.760156 0.848958 0.758594 0.851042 0.757812 0.852083 0.754687 0.852083 0.753906 0.851042 0.753906 0.850000 0.753906 0.848958 0.754687 0.847917 0.754687 0.846875 0.755469 0.846875 0.756250 0.845833
0 0.870313 0.846875 0.873437 0.846875 0.874219 0.846875 0.873437 0.847917 0.873437 0.850000 0.872656 0.851042 0.871875 0.851042 0.870313 0.848958 0.869531 0.847917 0.870313 0.846875
0 0.141406 0.853125 0.142969 0.853125 0.143750 0.853125 0.143750 0.855208 0.144531 0.856250 0.143750 0.857292 0.142969 0.858333 0.142969 0.859375 0.142187 0.860417 0.142187 0.861458 0.141406 0.862500 0.140625 0.862500 0.140625 0.861458 0.140625 0.860417 0.141406 0.859375 0.142187 0.858333 0.142187 0.855208 0.142187 0.854167 0.141406 0.853125
0 0.193750 0.853125 0.195312 0.853125 0.195312 0.854167 0.194531 0.855208 0.194531 0.856250 0.193750 0.857292 0.193750 0.858333 0.192969 0.859375 0.192969 0.860417 0.192969 0.861458 0.192188 0.862500 0.191406 0.862500 0.190625 0.862500 0.190625 0.861458 0.189844 0.860417 0.191406 0.860417 0.192188 0.859375 0.192188 0.858333 0.192188 0.857292 0.192969 0.856250 0.192969 0.855208 0.192969 0.854167 0.193750 0.853125
0 0.328906 0.856250 0.329688 0.856250 0.330469 0.856250 0.330469 0.859375 0.331250 0.860417 0.331250 0.861458 0.331250 0.862500 0.328906 0.865625 0.328125 0.865625 0.328125 0.864583 0.328125 0.863542 0.327344 0.862500 0.326562 0.861458 0.326562 0.860417 0.325781 0.859375 0.326562 0.858333 0.327344 0.857292 0.328125 0.857292 0.328906 0.856250
0 0.652344 0.856250 0.653906 0.856250 0.654687 0.856250 0.654687 0.857292 0.655469 0.858333 0.655469 0.859375 0.656250 0.860417 0.655469 0.860417 0.654687 0.861458 0.653906 0.861458 0.653125 0.860417 0.652344 0.859375 0.652344 0.858333 0.651563 0.857292 0.652344 0.856250
0 0.042188 0.857292 0.044531 0.857292 0.045312 0.857292 0.045312 0.858333 0.045312 0.859375 0.044531 0.860417 0.043750 0.860417 0.042188 0.862500 0.041406 0.863542 0.040625 0.863542 0.039844 0.863542 0.039062 0.862500 0.038281 0.862500 0.038281 0.861458 0.038281 0.860417 0.040625 0.860417 0.041406 0.860417 0.042188 0.859375 0.042188 0.857292
0 0.859375 0.857292 0.860156 0.857292 0.860938 0.857292 0.861719 0.858333 0.862500 0.858333 0.863281 0.859375 0.865625 0.859375 0.865625 0.860417 0.864062 0.862500 0.863281 0.863542 0.863281 0.864583 0.861743 0.866634 0.854183 0.866802 0.853906 0.865625 0.853906 0.864583 0.854688 0.863542 0.854688 0.862500 0.854688 0.861458 0.855469 0.860417 0.856250 0.860417 0.857031 0.860417 0.857812 0.859375 0.857812 0.858333 0.858594 0.858333 0.859375 0.857292
0 0.518750 0.860417 0.521094 0.860417 0.521875 0.860417 0.522656 0.861458 0.522656 0.863542 0.522656 0.864583 0.521875 0.865625 0.518750 0.865625 0.517969 0.865625 0.517969 0.864583 0.517969 0.863542 0.518750 0.862500 0.518750 0.860417
0 0.394545 0.249002 0.394463 0.244778 0.391377 0.244822 0.391377 0.245742 0.390638 0.245808 0.390750 0.250141 0.389767 0.250141 0.389767 0.251062 0.392031 0.251105 0.392199 0.250623 0.392281 0.248985 0.393937 0.248985 0.393937 0.249156 0.394529 0.249156 0.394529 0.249002
0 0.784395 0.576079 0.784395 0.574852 0.780420 0.574988 0.780420 0.577197 0.781170 0.577219 0.781170 0.578174 0.782756 0.578174 0.782756 0.577125 0.783625 0.577057 0.783625 0.576079
0 0.128125 0.861458 0.130469 0.861458 0.131250 0.861458 0.131250 0.862500 0.130469 0.863542 0.130469 0.864583 0.129688 0.865625 0.128906 0.865625 0.128125 0.865625 0.128125 0.861458
0 0.927325 0.805229 0.927325 0.803020 0.925191 0.802913 0.925070 0.802859 0.924990 0.802000 0.921683 0.802000 0.921683 0.804209 0.923334 0.804209 0.923334 0.805014 0.924783 0.805229 0.924864 0.805819 0.925025 0.805927 0.925025 0.806410 0.926681 0.806410 0.926721 0.805282 0.926842 0.805229
0 0.403122 0.500006 0.403122 0.496785 0.400663 0.496843 0.400663 0.497943 0.400012 0.497972 0.399969 0.498956 0.397581 0.498984 0.397581 0.500576 0.397429 0.500923 0.395324 0.500952 0.395324 0.501994 0.393739 0.501994 0.393739 0.504202 0.394629 0.504347 0.394629 0.506199 0.397023 0.506171 0.397023 0.505129 0.397653 0.505129 0.397653 0.504202 0.398434 0.504058 0.398434 0.503479 0.399076 0.503132 0.400735 0.503074 0.400930 0.502698 0.400952 0.502032 0.402385 0.502003 0.402450 0.500098 0.403101 0.500006
0 0.407767 0.506315 0.407767 0.504107 0.407333 0.504107 0.407333 0.503557 0.406834 0.503094 0.403941 0.503210 0.403882 0.505418 0.403203 0.505418 0.403203 0.506257 0.403789 0.506257 0.403789 0.507241 0.407051 0.507241 0.407152 0.506315
0 0.683659 0.572100 0.683644 0.570904 0.682116 0.570820 0.682085 0.568364 0.681928 0.566643 0.681928 0.564607 0.682041 0.564607 0.681947 0.561454 0.681238 0.561454 0.681188 0.559523 0.680467 0.559523 0.680467 0.558368 0.679648 0.558368 0.679648 0.557361 0.678893 0.557361 0.678893 0.556269 0.678034 0.556269 0.678039 0.555262 0.679695 0.555262 0.679695 0.556164 0.680498 0.556248 0.680498 0.557256 0.682069 0.557326 0.682069 0.558247 0.682844 0.558284 0.682844 0.560425 0.684340 0.560446 0.684450 0.564561 0.685095 0.564561 0.685158 0.565106 0.685316 0.572100
0 0.211207 0.815625 0.211207 0.814943 0.210938 0.814583 0.210938 0.812500 0.210156 0.812500 0.209375 0.811458 0.209375 0.810417 0.206197 0.810417 0.206250 0.815625 0.207031 0.816667 0.210156 0.816667 0.210938 0.815625
0 0.216084 0.820428 0.216084 0.818220 0.215891 0.818220 0.215891 0.815729 0.215537 0.815600 0.213881 0.815600 0.213881 0.816631 0.213333 0.816674 0.213333 0.818434 0.213075 0.818434 0.213075 0.820643 0.213655 0.820943 0.215601 0.820943 0.215827 0.820772 0.215955 0.820428
0 0.759426 0.132290 0.759351 0.127166 0.758019 0.127166 0.757792 0.126897 0.757767 0.122875 0.755432 0.122909 0.755432 0.123780 0.754603 0.124048 0.753145 0.124048 0.753145 0.124786 0.751511 0.124886 0.751511 0.127568 0.751310 0.129009 0.751310 0.131284 0.756186 0.131184 0.756186 0.132324 0.759276 0.132290
0 0.825989 0.655212 0.824352 0.653654 0.824352 0.653030 0.823885 0.653030 0.823183 0.649913 0.823183 0.648666 0.823885 0.646795 0.825054 0.646484 0.825287 0.645860 0.826223 0.646172 0.826690 0.648042 0.827392 0.648978 0.829730 0.650225 0.829964 0.652719 0.828561 0.653966 0.828327 0.655212 0.827859 0.655212
0 0.251563 0.861458 0.252344 0.862500 0.253125 0.862500 0.253906 0.862500 0.253906 0.864583 0.253125 0.865625 0.252344 0.865625 0.251563 0.865625 0.251563 0.863542 0.250781 0.862500 0.251563 0.861458
