0 0.101562 0.000000 0.105469 0.000000 0.106250 0.001042 0.103906 0.004167 0.103125 0.004167 0.102344 0.003125 0.101562 0.002083 0.101562 0.000000
0 0.236719 0.000000 0.240625 0.000000 0.241406 0.000000 0.242188 0.001042 0.242188 0.002083 0.242188 0.003125 0.242969 0.004167 0.243750 0.004167 0.244531 0.005208 0.246875 0.005208 0.247656 0.005208 0.248438 0.004167 0.249219 0.004167 0.250000 0.004167 0.249219 0.005208 0.249219 0.006250 0.248438 0.007292 0.247656 0.007292 0.246875 0.007292 0.246094 0.008333 0.244531 0.008333 0.243750 0.009375 0.240625 0.009375 0.239844 0.009375 0.239063 0.010417 0.239063 0.011458 0.238281 0.012500 0.237500 0.012500 0.236719 0.012500 0.236719 0.010417 0.235937 0.009375 0.235156 0.009375 0.234375 0.008333 0.232813 0.008333 0.232031 0.008333 0.231250 0.007292 0.230469 0.006250 0.230469 0.004167 0.231250 0.003125 0.232031 0.004167 0.235156 0.004167 0.235937 0.004167 0.236719 0.003125 0.236719 0.000000
0 0.000000 0.005208 0.003906 0.005208 0.004687 0.005208 0.004687 0.011458 0.004687 0.012500 0.005469 0.013542 0.008594 0.013542 0.009375 0.013542 0.008594 0.013542 0.007812 0.013542 0.007031 0.014583 0.007031 0.015625 0.006250 0.016667 0.005469 0.017708 0.003906 0.017708 0.003125 0.017708 0.002344 0.018750 0.002344 0.019792 0.001563 0.020833 0.000781 0.021875 0.000000 0.020833 0.000000 0.005208
0 0.117969 0.012500 0.118750 0.012500 0.119531 0.012500 0.120313 0.013542 0.121094 0.013542 0.121875 0.014583 0.121875 0.015625 0.121094 0.016667 0.120313 0.017708 0.119531 0.017708 0.118750 0.017708 0.117969 0.016667 0.117188 0.016667 0.116406 0.015625 0.116406 0.014583 0.116406 0.013542 0.117188 0.013542 0.117969 0.012500
0 0.389062 0.012500 0.389844 0.013542 0.392969 0.013542 0.393750 0.013542 0.394531 0.014583 0.395313 0.014583 0.396094 0.014583 0.396094 0.015625 0.396875 0.016667 0.398438 0.016667 0.399219 0.017708 0.404687 0.017708 0.405469 0.018750 0.404687 0.018750 0.403906 0.019792 0.403125 0.020833 0.402344 0.020833 0.401562 0.020833 0.400781 0.021875 0.400000 0.022917 0.398438 0.022917 0.397656 0.021875 0.395313 0.021875 0.394531 0.021875 0.393750 0.022917 0.392969 0.022917 0.392188 0.021875 0.391406 0.021875 0.390625 0.020833 0.389844 0.020833 0.389062 0.019792 0.389062 0.016667 0.388281 0.015625 0.388281 0.014583 0.388281 0.013542 0.389062 0.012500
0 0.065625 0.015625 0.066406 0.015625 0.067187 0.015625 0.068750 0.017708 0.069531 0.017708 0.069531 0.019792 0.069531 0.020833 0.068750 0.021875 0.067969 0.022917 0.067187 0.022917 0.065625 0.025000 0.065625 0.026042 0.064844 0.025000 0.064844 0.022917 0.064062 0.021875 0.064844 0.020833 0.064844 0.018750 0.064844 0.017708 0.065625 0.016667 0.065625 0.015625
0 0.785156 0.021875 0.785937 0.021875 0.786719 0.021875 0.786719 0.022917 0.786719 0.023958 0.787500 0.025000 0.788281 0.026042 0.788281 0.028125 0.788281 0.029167 0.785937 0.032292 0.785937 0.033333 0.785156 0.032292 0.784375 0.031250 0.782813 0.031250 0.782031 0.031250 0.781250 0.032292 0.781250 0.033333 0.781250 0.034375 0.780469 0.035417 0.780469 0.036458 0.779687 0.037500 0.779687 0.038542 0.778906 0.039583 0.778125 0.040625 0.777344 0.040625 0.776563 0.040625 0.775781 0.041667 0.775000 0.041667 0.775000 0.032292 0.775000 0.031250 0.775781 0.031250 0.776563 0.031250 0.777344 0.030208 0.778125 0.030208 0.778906 0.029167 0.778906 0.028125 0.779687 0.028125 0.780469 0.028125 0.781250 0.027083 0.782031 0.027083 0.782813 0.027083 0.783594 0.026042 0.783594 0.025000 0.784375 0.023958 0.784375 0.022917 0.785156 0.021875
0 0.768750 0.027083 0.771094 0.027083 0.771875 0.027083 0.771875 0.028125 0.771875 0.029167 0.770312 0.031250 0.769531 0.032292 0.767969 0.032292 0.767188 0.032292 0.766406 0.033333 0.765625 0.033333 0.764844 0.033333 0.764062 0.034375 0.763281 0.035417 0.760156 0.035417 0.759375 0.035417 0.758594 0.036458 0.758594 0.037500 0.757812 0.038542 0.757031 0.039583 0.756250 0.039583 0.755469 0.039583 0.754687 0.038542 0.753906 0.037500 0.753906 0.031250 0.753906 0.030208 0.758594 0.030208 0.759375 0.030208 0.760156 0.029167 0.760938 0.028125 0.764062 0.028125 0.764844 0.028125 0.765625 0.029167 0.767188 0.029167 0.767969 0.029167 0.768750 0.028125 0.768750 0.027083
0 0.354687 0.042708 0.357031 0.042708 0.357812 0.042708 0.358594 0.043750 0.360156 0.043750 0.360938 0.043750 0.361719 0.044792 0.361719 0.046875 0.361719 0.047917 0.360938 0.048958 0.360156 0.048958 0.359375 0.047917 0.357812 0.047917 0.357031 0.047917 0.356250 0.046875 0.354687 0.046875 0.353906 0.046875 0.353906 0.045833 0.353125 0.044792 0.353906 0.044792 0.354687 0.043750 0.354687 0.042708
0 0.857031 0.042708 0.860938 0.042708 0.861719 0.043750 0.860938 0.044792 0.860156 0.045833 0.860156 0.046875 0.859375 0.047917 0.858594 0.047917 0.855469 0.052083 0.854688 0.053125 0.853906 0.053125 0.853125 0.054167 0.852344 0.054167 0.851562 0.055208 0.851562 0.057292 0.851562 0.058333 0.851562 0.056250 0.850781 0.055208 0.850000 0.055208 0.849219 0.055208 0.848437 0.054167 0.847656 0.054167 0.846875 0.054167 0.846875 0.052083 0.846875 0.051042 0.847656 0.050000 0.848437 0.048958 0.848437 0.047917 0.849219 0.046875 0.852344 0.046875 0.853125 0.046875 0.854688 0.044792 0.855469 0.043750 0.856250 0.043750 0.857031 0.042708
0 0.213281 0.055208 0.214062 0.055208 0.214844 0.055208 0.215625 0.056250 0.217188 0.056250 0.217969 0.056250 0.218750 0.057292 0.220312 0.057292 0.221094 0.057292 0.221094 0.058333 0.221875 0.059375 0.222656 0.059375 0.221875 0.060417 0.221094 0.061458 0.217188 0.061458 0.216406 0.060417 0.214844 0.060417 0.214062 0.060417 0.213281 0.061458 0.212500 0.062500 0.211719 0.061458 0.212500 0.060417 0.212500 0.057292 0.212500 0.056250 0.213281 0.055208
0 0.038281 0.057292 0.039062 0.057292 0.039844 0.057292 0.039844 0.058333 0.039844 0.059375 0.039062 0.060417 0.038281 0.060417 0.037500 0.061458 0.037500 0.064583 0.037500 0.065625 0.035937 0.067708 0.035156 0.067708 0.035156 0.066667 0.034375 0.065625 0.034375 0.064583 0.033594 0.063542 0.034375 0.062500 0.034375 0.060417 0.034375 0.059375 0.036719 0.059375 0.037500 0.059375 0.038281 0.058333 0.038281 0.057292
0 0.608594 0.065625 0.610156 0.065625 0.610938 0.066667 0.610938 0.070833 0.610938 0.071875 0.610156 0.072917 0.610156 0.073958 0.609375 0.075000 0.608594 0.075000 0.607812 0.075000 0.607031 0.073958 0.606250 0.073958 0.605469 0.072917 0.605469 0.069792 0.605469 0.068750 0.606250 0.067708 0.607031 0.066667 0.607812 0.066667 0.608594 0.065625
0 0.078125 0.072917 0.079687 0.072917 0.080469 0.072917 0.082031 0.075000 0.082812 0.076042 0.082812 0.077083 0.082031 0.078125 0.081250 0.079167 0.080469 0.079167 0.079687 0.080208 0.078906 0.079167 0.078125 0.079167 0.078125 0.072917
0 0.037500 0.082292 0.038281 0.082292 0.039062 0.082292 0.039062 0.083333 0.039062 0.084375 0.038281 0.085417 0.037500 0.085417 0.036719 0.086458 0.035937 0.085417 0.035937 0.084375 0.035937 0.083333 0.036719 0.083333 0.037500 0.082292
0 0.847656 0.083333 0.850000 0.083333 0.850781 0.083333 0.851562 0.084375 0.852344 0.084375 0.852344 0.085417 0.853125 0.086458 0.853125 0.088542 0.853125 0.089583 0.850781 0.092708 0.850000 0.093750 0.848437 0.093750 0.847656 0.093750 0.846094 0.091667 0.845313 0.090625 0.845313 0.087500 0.845313 0.086458 0.847656 0.083333
0 0.485938 0.086458 0.487500 0.086458 0.488281 0.086458 0.491406 0.090625 0.492188 0.090625 0.492188 0.091667 0.492969 0.092708 0.492969 0.093750 0.493750 0.094792 0.494531 0.094792 0.494531 0.095833 0.495312 0.096875 0.495312 0.097917 0.494531 0.098958 0.493750 0.100000 0.493750 0.101042 0.492969 0.102083 0.492188 0.102083 0.491406 0.101042 0.489844 0.101042 0.489063 0.100000 0.489844 0.098958 0.489844 0.096875 0.489844 0.095833 0.489063 0.094792 0.488281 0.094792 0.488281 0.092708 0.488281 0.091667 0.487500 0.090625 0.486719 0.090625 0.485938 0.089583 0.485938 0.088542 0.485156 0.087500 0.485938 0.086458
0 0.520312 0.095833 0.521094 0.096875 0.522656 0.096875 0.523438 0.096875 0.524219 0.097917 0.524219 0.098958 0.524219 0.100000 0.525000 0.101042 0.525781 0.101042 0.526563 0.102083 0.526563 0.104167 0.527344 0.105208 0.527344 0.106250 0.526563 0.107292 0.526563 0.108333 0.525000 0.110417 0.525000 0.111458 0.524219 0.112500 0.521875 0.112500 0.521094 0.113542 0.520312 0.113542 0.519531 0.112500 0.518750 0.111458 0.516406 0.111458 0.515625 0.111458 0.515625 0.098958 0.514844 0.097917 0.515625 0.097917 0.516406 0.096875 0.518750 0.096875 0.519531 0.096875 0.520312 0.095833
0 0.998437 0.101042 0.999869 0.098484 0.999706 0.110850 0.999219 0.111458 0.998437 0.112500 0.997656 0.112500 0.996875 0.111458 0.996875 0.109375 0.996094 0.108333 0.996875 0.107292 0.996875 0.106250 0.997656 0.105208 0.997656 0.103125 0.997656 0.102083 0.998437 0.101042
0 0.426563 0.109375 0.427344 0.110417 0.437500 0.110417 0.438281 0.110417 0.439063 0.111458 0.439844 0.111458 0.439063 0.112500 0.438281 0.113542 0.436719 0.113542 0.435937 0.114583 0.425000 0.114583 0.424219 0.114583 0.423438 0.115625 0.422656 0.115625 0.422656 0.114583 0.422656 0.113542 0.423438 0.112500 0.424219 0.112500 0.425000 0.112500 0.425781 0.111458 0.425781 0.110417 0.426563 0.109375
0 0.000000 0.122917 0.000781 0.123958 0.001563 0.123958 0.002344 0.125000 0.003125 0.125000 0.003125 0.129167 0.003125 0.130208 0.003906 0.131250 0.003906 0.133333 0.003906 0.134375 0.003125 0.135417 0.003125 0.136458 0.002344 0.137500 0.001563 0.138542 0.000781 0.138542 0.000000 0.137500 0.000000 0.122917
0 0.638281 0.122917 0.639062 0.122917 0.639844 0.122917 0.641406 0.125000 0.642188 0.126042 0.642188 0.127083 0.642188 0.128125 0.641406 0.129167 0.638281 0.129167 0.637500 0.129167 0.636719 0.130208 0.635938 0.131250 0.635156 0.131250 0.634375 0.131250 0.634375 0.130208 0.633594 0.129167 0.633594 0.127083 0.633594 0.126042 0.635938 0.126042 0.636719 0.126042 0.637500 0.125000 0.637500 0.123958 0.638281 0.122917
0 0.769096 0.123000 0.770659 0.123000 0.771440 0.123000 0.771440 0.124041 0.771440 0.125083 0.772221 0.126125 0.772221 0.127166 0.773002 0.128208 0.773002 0.130291 0.773002 0.131333 0.773784 0.132375 0.774565 0.133416 0.778471 0.133416 0.779252 0.133416 0.780034 0.132375 0.780815 0.131333 0.783940 0.131333 0.783940 0.132375 0.783159 0.133416 0.782377 0.133416 0.781596 0.133416 0.780815 0.134458 0.780034 0.134458 0.779252 0.135500 0.779252 0.136541 0.778471 0.137583 0.777690 0.138625 0.776909 0.138625 0.776127 0.139666 0.776127 0.140708 0.775346 0.141750 0.774565 0.141750 0.773784 0.140708 0.773784 0.138625 0.773002 0.137583 0.770659 0.137583 0.769877 0.137583 0.769096 0.138625 0.768315 0.138625 0.767534 0.138625 0.767534 0.137583 0.767250 0.137039 0.768583 0.135381 0.768369 0.131567 0.767658 0.131520 0.767534 0.128208 0.766752 0.127166 0.767534 0.126125 0.767534 0.125083 0.769096 0.123000
0 0.812500 0.125000 0.814063 0.127083 0.814844 0.127083 0.814844 0.129167 0.814063 0.130208 0.813281 0.130208 0.812500 0.130208 0.812500 0.129167 0.811719 0.128125 0.811719 0.127083 0.811719 0.126042 0.812500 0.125000
0 0.342187 0.126042 0.343750 0.126042 0.344531 0.126042 0.344531 0.127083 0.343750 0.128125 0.342969 0.128125 0.342187 0.129167 0.342187 0.132292 0.342187 0.133333 0.341406 0.134375 0.340625 0.135417 0.340625 0.140625 0.340625 0.141667 0.341406 0.142708 0.342187 0.142708 0.342187 0.143750 0.341406 0.144792 0.339844 0.144792 0.338438 0.144250 0.335438 0.144583 0.335156 0.143750 0.335156 0.138542 0.335156 0.137500 0.335938 0.136458 0.335938 0.135417 0.336719 0.134375 0.336719 0.133333 0.336719 0.132292 0.337500 0.131250 0.338281 0.131250 0.339062 0.130208 0.339062 0.128125 0.339844 0.127083 0.340625 0.127083 0.341406 0.127083 0.342187 0.126042
0 0.996875 0.128125 0.998437 0.128125 0.999219 0.128125 0.999219 0.136458 0.999219 0.137500 0.998437 0.138542 0.997656 0.138542 0.996875 0.138542 0.996094 0.139583 0.995313 0.139583 0.994531 0.138542 0.993750 0.137500 0.993750 0.136458 0.992969 0.135417 0.993750 0.134375 0.993750 0.133333 0.994531 0.132292 0.994531 0.130208 0.994531 0.129167 0.995313 0.129167 0.996094 0.129167 0.996875 0.128125
0 0.155469 0.133333 0.159375 0.133333 0.160156 0.133333 0.160938 0.134375 0.162500 0.134375 0.163281 0.134375 0.164062 0.135417 0.164844 0.135417 0.165625 0.135417 0.166406 0.136458 0.167187 0.137500 0.167187 0.138542 0.167187 0.139583 0.166406 0.140625 0.163281 0.140625 0.162500 0.140625 0.161719 0.141667 0.161719 0.144792 0.162500 0.145833 0.161719 0.145833 0.160938 0.146875 0.156250 0.146875 0.155469 0.146875 0.155469 0.145833 0.155469 0.144792 0.154688 0.143750 0.153906 0.143750 0.153125 0.143750 0.153125 0.142708 0.153125 0.141667 0.152344 0.140625 0.152344 0.139583 0.151562 0.138542 0.152344 0.138542 0.153906 0.136458 0.154688 0.136458 0.155469 0.135417 0.155469 0.133333
0 0.492188 0.143750 0.493750 0.143750 0.494531 0.143750 0.494531 0.147917 0.494531 0.148958 0.496094 0.151042 0.496875 0.152083 0.497656 0.152083 0.498437 0.153125 0.498437 0.154167 0.499219 0.155208 0.499219 0.156250 0.500000 0.157292 0.500000 0.158333 0.500781 0.159375 0.500000 0.159375 0.499219 0.160417 0.498437 0.161458 0.497656 0.161458 0.496875 0.161458 0.496875 0.160417 0.494531 0.157292 0.493750 0.157292 0.492969 0.156250 0.492969 0.155208 0.492188 0.154167 0.486719 0.154167 0.485938 0.154167 0.485156 0.155208 0.484375 0.156250 0.482812 0.156250 0.482031 0.156250 0.480469 0.158333 0.479687 0.159375 0.479687 0.161458 0.479687 0.162500 0.480469 0.163542 0.481250 0.163542 0.479687 0.163542 0.478906 0.164583 0.475781 0.164583 0.475000 0.164583 0.475000 0.162500 0.475000 0.161458 0.475781 0.161458 0.476562 0.160417 0.476562 0.159375 0.477344 0.158333 0.477344 0.157292 0.478125 0.156250 0.478125 0.155208 0.478906 0.154167 0.479687 0.154167 0.480469 0.153125 0.481250 0.153125 0.482031 0.152083 0.482812 0.152083 0.485938 0.147917 0.486719 0.146875 0.487500 0.146875 0.488281 0.145833 0.489063 0.145833 0.489844 0.144792 0.490625 0.144792 0.491406 0.144792 0.492188 0.143750
0 0.118750 0.151042 0.120313 0.151042 0.121094 0.152083 0.121094 0.155208 0.120313 0.156250 0.119531 0.156250 0.119531 0.155208 0.118750 0.154167 0.117969 0.153125 0.118750 0.152083 0.118750 0.151042
0 0.884375 0.173958 0.885938 0.173958 0.886719 0.173958 0.886719 0.175000 0.885938 0.176042 0.885938 0.177083 0.885938 0.178125 0.885156 0.179167 0.884375 0.179167 0.883594 0.180208 0.883594 0.181250 0.882812 0.182292 0.882031 0.183333 0.882031 0.184375 0.881250 0.185417 0.880469 0.186458 0.879687 0.186458 0.878906 0.187500 0.878125 0.188542 0.877344 0.188542 0.876563 0.189583 0.875781 0.190625 0.875000 0.190625 0.873437 0.192708 0.872656 0.193750 0.871875 0.193750 0.871094 0.194792 0.870313 0.194792 0.869531 0.195833 0.868750 0.195833 0.867969 0.195833 0.867188 0.196875 0.866406 0.197917 0.865625 0.197917 0.864844 0.198958 0.857812 0.198958 0.857031 0.197917 0.857031 0.195833 0.857031 0.194792 0.857812 0.194792 0.858594 0.194792 0.859375 0.193750 0.859375 0.192708 0.860156 0.192708 0.860938 0.191667 0.863281 0.191667 0.864062 0.191667 0.864844 0.190625 0.865625 0.190625 0.866406 0.190625 0.867188 0.189583 0.867969 0.189583 0.868750 0.188542 0.868750 0.186458 0.869531 0.185417 0.871875 0.185417 0.872656 0.185417 0.873437 0.184375 0.874219 0.184375 0.875000 0.183333 0.875781 0.182292 0.876563 0.182292 0.877344 0.181250 0.878125 0.181250 0.878906 0.180208 0.878906 0.179167 0.879687 0.179167 0.880469 0.178125 0.881250 0.178125 0.884375 0.173958
0 0.570312 0.175000 0.571094 0.175000 0.571875 0.175000 0.571875 0.178125 0.571875 0.179167 0.572656 0.180208 0.572656 0.182292 0.572656 0.183333 0.573438 0.184375 0.574219 0.184375 0.575781 0.186458 0.576562 0.186458 0.576562 0.187500 0.577344 0.188542 0.576562 0.189583 0.576562 0.190625 0.575781 0.189583 0.575000 0.188542 0.573438 0.188542 0.572656 0.188542 0.572656 0.187500 0.571875 0.186458 0.571094 0.186458 0.570312 0.185417 0.569531 0.184375 0.569531 0.179167 0.569531 0.178125 0.570312 0.177083 0.570312 0.175000
0 0.750781 0.176042 0.752344 0.176042 0.753125 0.176042 0.753906 0.177083 0.754687 0.178125 0.753906 0.179167 0.753906 0.183333 0.753906 0.184375 0.753125 0.185417 0.752344 0.186458 0.751563 0.186458 0.750781 0.185417 0.750781 0.184375 0.749219 0.182292 0.748437 0.182292 0.748437 0.181250 0.747656 0.180208 0.748437 0.179167 0.748437 0.178125 0.749219 0.178125 0.750781 0.176042
0 0.479687 0.178125 0.482812 0.178125 0.483594 0.178125 0.484375 0.179167 0.484375 0.182292 0.484375 0.183333 0.485156 0.184375 0.485156 0.185417 0.484375 0.186458 0.483594 0.186458 0.482812 0.186458 0.481250 0.184375 0.480469 0.183333 0.480469 0.180208 0.480469 0.179167 0.479687 0.178125
0 0.254688 0.182292 0.257812 0.182292 0.257812 0.183333 0.257031 0.184375 0.256250 0.184375 0.255469 0.184375 0.254688 0.185417 0.253906 0.186458 0.252344 0.186458 0.251563 0.186458 0.250781 0.187500 0.250000 0.187500 0.250000 0.184375 0.250781 0.183333 0.253125 0.183333 0.253906 0.183333 0.254688 0.182292
0 0.094531 0.184375 0.095312 0.184375 0.096094 0.184375 0.097656 0.186458 0.098437 0.186458 0.098437 0.187500 0.099219 0.188542 0.100781 0.188542 0.101562 0.188542 0.101562 0.189583 0.100000 0.191667 0.099219 0.192708 0.098437 0.192708 0.097656 0.193750 0.096875 0.194792 0.095312 0.194792 0.094531 0.195833 0.093750 0.194792 0.092969 0.194792 0.092188 0.194792 0.091406 0.193750 0.090625 0.193750 0.090625 0.189583 0.090625 0.188542 0.091406 0.188542 0.092969 0.186458 0.092969 0.185417 0.093750 0.185417 0.094531 0.184375
0 0.278125 0.186458 0.282813 0.186458 0.283594 0.186458 0.284375 0.187500 0.285156 0.187500 0.285156 0.189583 0.285938 0.190625 0.285938 0.191667 0.285938 0.192708 0.285156 0.193750 0.284375 0.194792 0.284375 0.198958 0.284375 0.200000 0.285156 0.201042 0.285156 0.206250 0.285156 0.207292 0.284375 0.208333 0.284375 0.209375 0.283594 0.210417 0.282813 0.211458 0.282031 0.211458 0.280469 0.209375 0.279687 0.209375 0.279687 0.202083 0.279687 0.201042 0.278906 0.200000 0.278125 0.200000 0.277344 0.198958 0.276562 0.198958 0.275781 0.197917 0.275000 0.197917 0.274219 0.197917 0.274219 0.195833 0.274219 0.194792 0.275000 0.194792 0.275781 0.193750 0.275781 0.190625 0.275781 0.189583 0.276562 0.189583 0.277344 0.188542 0.278125 0.187500 0.278125 0.186458
0 0.681250 0.188542 0.682031 0.189583 0.682813 0.189583 0.682813 0.190625 0.683594 0.191667 0.691406 0.191667 0.692187 0.191667 0.692187 0.192708 0.691406 0.193750 0.690625 0.194792 0.690625 0.197917 0.690625 0.198958 0.691406 0.200000 0.692187 0.200000 0.692969 0.201042 0.693750 0.201042 0.694531 0.201042 0.695312 0.202083 0.695312 0.204167 0.696094 0.205208 0.696094 0.206250 0.695312 0.207292 0.694531 0.208333 0.693750 0.208333 0.692969 0.208333 0.692187 0.209375 0.691406 0.210417 0.689844 0.210417 0.689063 0.210417 0.688281 0.211458 0.688281 0.213542 0.688281 0.214583 0.687500 0.215625 0.686719 0.216667 0.683594 0.216667 0.682813 0.216667 0.682813 0.212500 0.682031 0.211458 0.679688 0.211458 0.678906 0.211458 0.678125 0.212500 0.677344 0.213542 0.676562 0.212500 0.675781 0.212500 0.675000 0.211458 0.675781 0.210417 0.675781 0.208333 0.675781 0.207292 0.675000 0.206250 0.674219 0.206250 0.673438 0.205208 0.672656 0.205208 0.672656 0.202083 0.671875 0.201042 0.672656 0.200000 0.672656 0.197917 0.672656 0.196875 0.673438 0.195833 0.674219 0.195833 0.675000 0.194792 0.675781 0.193750 0.675781 0.191667 0.676562 0.190625 0.678906 0.190625 0.679688 0.190625 0.681250 0.188542
0 0.734400 0.194808 0.734429 0.195682 0.739062 0.195833 0.739062 0.196875 0.738281 0.197917 0.737500 0.198958 0.738241 0.200619 0.737183 0.201742 0.735828 0.203072 0.734790 0.204206 0.733594 0.203125 0.732812 0.203125 0.732031 0.203125 0.732031 0.202083 0.731250 0.201042 0.731250 0.197917 0.731250 0.196875 0.732031 0.196875 0.731275 0.194948 0.732608 0.194519
0 0.208594 0.203125 0.209375 0.203125 0.210156 0.203125 0.210156 0.204167 0.210938 0.205208 0.214844 0.205208 0.215625 0.205208 0.216406 0.206250 0.217188 0.207292 0.217969 0.207292 0.218750 0.208333 0.218750 0.210417 0.218750 0.211458 0.219531 0.212500 0.221094 0.212500 0.221875 0.212500 0.221875 0.213542 0.222656 0.214583 0.223438 0.214583 0.223438 0.218750 0.223438 0.219792 0.222656 0.220833 0.221875 0.221875 0.221875 0.222917 0.221094 0.223958 0.219531 0.223958 0.218750 0.223958 0.218750 0.222917 0.218750 0.221875 0.217969 0.220833 0.217969 0.219792 0.217188 0.218750 0.216406 0.218750 0.215625 0.217708 0.215625 0.213542 0.214844 0.212500 0.212500 0.212500 0.211719 0.212500 0.210938 0.211458 0.209375 0.211458 0.208594 0.211458 0.208594 0.205208 0.207813 0.204167 0.208594 0.203125
0 0.598437 0.215625 0.600781 0.215625 0.601562 0.216667 0.601562 0.226042 0.600781 0.227083 0.600000 0.227083 0.599219 0.227083 0.599219 0.222917 0.599219 0.221875 0.598437 0.220833 0.597656 0.220833 0.596517 0.219662 0.596875 0.216667 0.597656 0.216667 0.598437 0.215625
0 0.008594 0.227083 0.009375 0.227083 0.010156 0.227083 0.010937 0.228125 0.011719 0.228125 0.012500 0.229167 0.012500 0.230208 0.012500 0.231250 0.010156 0.234375 0.009375 0.235417 0.008594 0.235417 0.007812 0.235417 0.007031 0.234375 0.006250 0.234375 0.006250 0.233333 0.006250 0.232292 0.007031 0.231250 0.007031 0.230208 0.007031 0.229167 0.008594 0.227083
0 0.500781 0.233333 0.501563 0.233333 0.502344 0.233333 0.503125 0.234375 0.503906 0.234375 0.504687 0.235417 0.505469 0.235417 0.506250 0.236458 0.505469 0.236458 0.504687 0.237500 0.502344 0.237500 0.501563 0.237500 0.500781 0.238542 0.498437 0.238542 0.497656 0.238542 0.496875 0.237500 0.496875 0.236458 0.496875 0.235417 0.497656 0.235417 0.498437 0.234375 0.499219 0.234375 0.500000 0.234375 0.500781 0.233333
0 0.670312 0.234375 0.671094 0.235417 0.671875 0.235417 0.671875 0.236458 0.671875 0.237500 0.671094 0.238542 0.669531 0.238542 0.668750 0.238542 0.667969 0.237500 0.670312 0.234375
0 0.633594 0.239583 0.635156 0.239583 0.635938 0.239583 0.635938 0.240625 0.636719 0.241667 0.637500 0.241667 0.637500 0.242708 0.638281 0.243750 0.638281 0.244792 0.638281 0.245833 0.639062 0.246875 0.639844 0.247917 0.639844 0.248958 0.639844 0.250000 0.639062 0.251042 0.638281 0.252083 0.637500 0.252083 0.636719 0.252083 0.635938 0.253125 0.635938 0.255208 0.635156 0.256250 0.634375 0.256250 0.633594 0.257292 0.632031 0.257292 0.631250 0.257292 0.631250 0.250000 0.631250 0.248958 0.630469 0.247917 0.630469 0.246875 0.629687 0.245833 0.629687 0.244792 0.629687 0.243750 0.630469 0.242708 0.630469 0.241667 0.631250 0.241667 0.632031 0.240625 0.632812 0.240625 0.633594 0.239583
0 0.603906 0.250000 0.607031 0.250000 0.607812 0.251042 0.607812 0.252083 0.607031 0.253125 0.607031 0.254167 0.606250 0.255208 0.605469 0.256250 0.603125 0.256250 0.602344 0.255208 0.602344 0.253125 0.602344 0.252083 0.603906 0.250000
0 0.239063 0.254167 0.239844 0.254167 0.240625 0.254167 0.240625 0.258333 0.240625 0.259375 0.241406 0.260417 0.242188 0.260417 0.241406 0.261458 0.241406 0.265625 0.241406 0.266667 0.242188 0.267708 0.242969 0.267708 0.243750 0.268750 0.246094 0.268750 0.246875 0.268750 0.247656 0.269792 0.248438 0.269792 0.249219 0.270833 0.249219 0.271875 0.249219 0.272917 0.248438 0.273958 0.248438 0.275000 0.247656 0.276042 0.246875 0.276042 0.246094 0.276042 0.245312 0.275000 0.243750 0.275000 0.242969 0.273958 0.240625 0.273958 0.239844 0.273958 0.239063 0.272917 0.238281 0.271875 0.238281 0.270833 0.238281 0.269792 0.237500 0.268750 0.236719 0.268750 0.236719 0.266667 0.237500 0.265625 0.237500 0.260417 0.237500 0.259375 0.238281 0.259375 0.239063 0.258333 0.239063 0.254167
0 0.075781 0.262500 0.076563 0.263542 0.075781 0.264583 0.075781 0.265625 0.074219 0.267708 0.073438 0.268750 0.072656 0.268750 0.071094 0.270833 0.070312 0.271875 0.070312 0.273958 0.069531 0.275000 0.067969 0.275000 0.067187 0.275000 0.066406 0.276042 0.065625 0.277083 0.065625 0.276042 0.064844 0.275000 0.063281 0.275000 0.062500 0.273958 0.058594 0.273958 0.057813 0.273958 0.057813 0.271875 0.057813 0.270833 0.058594 0.270833 0.059375 0.269792 0.064844 0.269792 0.065625 0.269792 0.066406 0.268750 0.067187 0.267708 0.067969 0.267708 0.068750 0.266667 0.069531 0.266667 0.070312 0.265625 0.071094 0.264583 0.071875 0.264583 0.072656 0.263542 0.074219 0.263542 0.075000 0.263542 0.075781 0.262500
0 0.952344 0.272917 0.956250 0.272917 0.957031 0.272917 0.957812 0.273958 0.958594 0.275000 0.961719 0.275000 0.962500 0.275000 0.963281 0.276042 0.964063 0.276042 0.964844 0.276042 0.965625 0.277083 0.966406 0.278125 0.967187 0.278125 0.967969 0.278125 0.967969 0.279167 0.968750 0.280208 0.968750 0.281250 0.968750 0.282292 0.967969 0.283333 0.967187 0.284375 0.966406 0.284375 0.965625 0.284375 0.964844 0.283333 0.964063 0.282292 0.953906 0.282292 0.953125 0.282292 0.952344 0.281250 0.951562 0.281250 0.950781 0.281250 0.950000 0.280208 0.950000 0.278125 0.950000 0.277083 0.950781 0.277083 0.951562 0.276042 0.951562 0.275000 0.951562 0.273958 0.952344 0.272917
0 0.552344 0.276042 0.553125 0.276042 0.553906 0.276042 0.553906 0.278125 0.553906 0.279167 0.553125 0.280208 0.552344 0.280208 0.551562 0.281250 0.550781 0.282292 0.550781 0.283333 0.550000 0.284375 0.549219 0.284375 0.548438 0.284375 0.548438 0.283333 0.548438 0.282292 0.550000 0.280208 0.550000 0.279167 0.550781 0.279167 0.551562 0.278125 0.552344 0.277083 0.552344 0.276042
0 0.867188 0.280208 0.867969 0.281250 0.870313 0.281250 0.871094 0.282292 0.871094 0.283333 0.871094 0.284375 0.870313 0.285417 0.869531 0.286458 0.867969 0.286458 0.867188 0.286458 0.866406 0.285417 0.865625 0.284375 0.866406 0.283333 0.867188 0.282292 0.867188 0.280208
0 0.205469 0.284375 0.207031 0.284375 0.207813 0.285417 0.207813 0.287500 0.207813 0.288542 0.207031 0.289583 0.207031 0.290625 0.206250 0.291667 0.206250 0.293750 0.206250 0.294792 0.205469 0.295833 0.204687 0.295833 0.203125 0.293750 0.202344 0.293750 0.202344 0.292708 0.201563 0.291667 0.201563 0.289583 0.200781 0.288542 0.201563 0.288542 0.203125 0.286458 0.203906 0.285417 0.204687 0.285417 0.205469 0.284375
0 0.885938 0.288542 0.886719 0.289583 0.886719 0.290625 0.886719 0.291667 0.884375 0.294792 0.883594 0.295833 0.883594 0.296875 0.882031 0.298958 0.881250 0.300000 0.881250 0.301042 0.879687 0.303125 0.879687 0.304167 0.878906 0.303125 0.878906 0.301042 0.878906 0.300000 0.879687 0.298958 0.879687 0.295833 0.879687 0.294792 0.880469 0.293750 0.881250 0.293750 0.882031 0.292708 0.882031 0.290625 0.882031 0.289583 0.884375 0.289583 0.885156 0.289583 0.885938 0.288542
0 0.245312 0.291667 0.246094 0.291667 0.246875 0.291667 0.247656 0.292708 0.248438 0.292708 0.249219 0.293750 0.250000 0.294792 0.250000 0.297917 0.249219 0.298958 0.248438 0.298958 0.247656 0.297917 0.246875 0.296875 0.246875 0.295833 0.246875 0.294792 0.246094 0.293750 0.246094 0.292708 0.245312 0.291667
0 0.527344 0.300000 0.528125 0.300000 0.528906 0.300000 0.529687 0.301042 0.529687 0.302083 0.528906 0.303125 0.528906 0.304167 0.528906 0.305208 0.528125 0.306250 0.528125 0.308333 0.528125 0.309375 0.527344 0.310417 0.525781 0.310417 0.525000 0.310417 0.525000 0.303125 0.525000 0.302083 0.525781 0.302083 0.527344 0.300000
0 0.291406 0.301042 0.292187 0.302083 0.292969 0.302083 0.293750 0.303125 0.293750 0.304167 0.293750 0.305208 0.292969 0.306250 0.292187 0.307292 0.290625 0.307292 0.289844 0.307292 0.289062 0.306250 0.288281 0.305208 0.288281 0.303125 0.288281 0.302083 0.289844 0.302083 0.290625 0.302083 0.291406 0.301042
0 0.666406 0.310417 0.667188 0.310417 0.667969 0.310417 0.668750 0.311458 0.669531 0.311458 0.670312 0.312500 0.671094 0.313542 0.671094 0.314583 0.671094 0.315625 0.670312 0.316667 0.670312 0.317708 0.669531 0.316667 0.667188 0.316667 0.666406 0.316667 0.665625 0.315625 0.664844 0.314583 0.664844 0.313542 0.664844 0.312500 0.666406 0.310417
0 0.560156 0.727083 0.563281 0.727083 0.564063 0.727083 0.560937 0.735417 0.560156 0.736458 0.556250 0.740625 0.555469 0.741667 0.545312 0.747917 0.544531 0.748958 0.541406 0.747917 0.540625 0.747917 0.539844 0.741667 0.540625 0.740625 0.545312 0.739583 0.546094 0.739583 0.560156 0.727083
0 0.632812 0.743750 0.634375 0.744792 0.635156 0.745833 0.637500 0.756250 0.638281 0.757292 0.639062 0.769792 0.639844 0.770833 0.639062 0.776042 0.638281 0.777083 0.637500 0.777083 0.636719 0.777083 0.632812 0.770833 0.632031 0.769792 0.632812 0.762500 0.632812 0.761458 0.631250 0.746875 0.631250 0.745833 0.632812 0.743750
0 0.610156 0.751042 0.621875 0.759375 0.622656 0.759375 0.629687 0.766667 0.630469 0.766667 0.632031 0.770833 0.632031 0.771875 0.630469 0.772917 0.629687 0.772917 0.624219 0.769792 0.623437 0.768750 0.618750 0.771875 0.617969 0.771875 0.616406 0.765625 0.616406 0.764583 0.610156 0.758333 0.609375 0.757292 0.610156 0.751042
0 0.951600 0.585106 0.951438 0.584502 0.950176 0.583120 0.948848 0.580919 0.948557 0.580401 0.948460 0.579840 0.948460 0.579279 0.949366 0.578977 0.951276 0.578977 0.952086 0.579452 0.952895 0.580444 0.954675 0.582041 0.955873 0.582602 0.956197 0.582905 0.956585 0.582732 0.956974 0.583336 0.958333 0.584717 0.960017 0.585667 0.960794 0.586401 0.961117 0.586919 0.961214 0.587437 0.960988 0.587954 0.960988 0.588516 0.960664 0.589724 0.960405 0.590199 0.959143 0.590458 0.957815 0.589249 0.956197 0.588429 0.954611 0.587264 0.952377 0.586357 0.951794 0.585537
0 0.975037 0.585624 0.973515 0.585753 0.973159 0.585494 0.972285 0.583897 0.971994 0.582646 0.971962 0.581437 0.972221 0.580833 0.972900 0.580056 0.973483 0.578416 0.973872 0.578114 0.974519 0.578114 0.976753 0.578545 0.977691 0.578977 0.978954 0.580099 0.979180 0.581178 0.979019 0.581739 0.979019 0.582861 0.975781 0.586444 0.975296 0.586314
0 0.719616 0.542273 0.717449 0.542273 0.717015 0.541887 0.717015 0.539576 0.716582 0.538806 0.716149 0.537457 0.716149 0.533027 0.716293 0.532449 0.716726 0.531678 0.718027 0.530138 0.718316 0.529560 0.718749 0.527248 0.719327 0.526285 0.720049 0.525322 0.720627 0.524937 0.722505 0.522433 0.722939 0.522047 0.724672 0.520892 0.725972 0.520892 0.726984 0.521277 0.728139 0.522625 0.728139 0.523203 0.727850 0.523781 0.726984 0.524359 0.726261 0.525129 0.725828 0.526285 0.724672 0.528211 0.724528 0.528982 0.723661 0.530523 0.722939 0.531486 0.722794 0.532064 0.722072 0.533219 0.721927 0.533797 0.720771 0.535724 0.720483 0.537072 0.720483 0.537650 0.723227 0.538806 0.724094 0.538806 0.725683 0.538228 0.726117 0.537650 0.726695 0.537264 0.727417 0.536494 0.727850 0.536494 0.728284 0.536687 0.729728 0.538806 0.729873 0.539383 0.729873 0.540539 0.729728 0.541117 0.726261 0.543428 0.726117 0.544006 0.726117 0.548629 0.725828 0.549207 0.725394 0.549400 0.724528 0.549592 0.722794 0.549592 0.721927 0.549207 0.721638 0.548822 0.721494 0.547666 0.721205 0.546896 0.720916 0.546510 0.720916 0.545932 0.720338 0.544006
0 0.843067 0.597397 0.841054 0.597397 0.840343 0.596766 0.837738 0.596292 0.837028 0.596450 0.836435 0.597397 0.835725 0.598029 0.834659 0.598502 0.834304 0.598818 0.833830 0.598818 0.832291 0.598344 0.829330 0.598187 0.828857 0.598029 0.828146 0.597081 0.827436 0.595029 0.827199 0.593766 0.827199 0.592503 0.827554 0.592029 0.829567 0.590924 0.830159 0.589029 0.830515 0.588555 0.830751 0.587924 0.831107 0.587450 0.831580 0.587292 0.831817 0.586818 0.833001 0.585713 0.833830 0.584292 0.834422 0.583976 0.835725 0.583976 0.836791 0.584292 0.837620 0.584924 0.837975 0.586029 0.837975 0.587450 0.837146 0.589345 0.836791 0.590608 0.839514 0.591239 0.840935 0.591239 0.841527 0.591397 0.841883 0.591871 0.842356 0.592029 0.845198 0.594871 0.845672 0.596134 0.845791 0.597397 0.844962 0.598029 0.844014 0.598187
0 0.612506 0.717869 0.611085 0.716921 0.610019 0.715658 0.609782 0.714869 0.609664 0.713447 0.610137 0.712342 0.610611 0.711869 0.611203 0.711711 0.612861 0.711711 0.613453 0.711869 0.613927 0.712974 0.614045 0.713605 0.614045 0.716921 0.613808 0.717395
0 0.559375 0.736458 0.571875 0.740625 0.572656 0.740625 0.573438 0.741667 0.574219 0.742708 0.574219 0.746875 0.574219 0.747917 0.572656 0.750000 0.572656 0.751042 0.570312 0.753125 0.569531 0.754167 0.564063 0.754167 0.563281 0.754167 0.559375 0.752083 0.558594 0.752083 0.557031 0.748958 0.556250 0.747917 0.555469 0.741667 0.555469 0.740625 0.559375 0.736458
0 0.585156 0.317708 0.589063 0.317708 0.589844 0.317708 0.589844 0.320833 0.589844 0.321875 0.590625 0.322917 0.590625 0.323958 0.591406 0.325000 0.591406 0.327083 0.590625 0.328125 0.589844 0.328125 0.589063 0.328125 0.585938 0.323958 0.585156 0.322917 0.585156 0.321875 0.584375 0.320833 0.584375 0.319792 0.584375 0.318750 0.585156 0.317708
0 0.302344 0.320833 0.303125 0.320833 0.303906 0.320833 0.303906 0.323958 0.304688 0.325000 0.307031 0.325000 0.307812 0.325000 0.306250 0.325000 0.305469 0.325000 0.304688 0.326042 0.303906 0.327083 0.303125 0.327083 0.302344 0.327083 0.302344 0.320833
0 0.625781 0.845833 0.629687 0.845833 0.630469 0.845833 0.633594 0.850000 0.634375 0.851042 0.634375 0.860417 0.633594 0.861458 0.629687 0.862500 0.628906 0.862500 0.621094 0.858333 0.620313 0.857292 0.621094 0.853125 0.621094 0.852083 0.625781 0.845833
0 0.900781 0.335417 0.907813 0.335417 0.908594 0.336458 0.907813 0.337500 0.907813 0.338542 0.907031 0.339583 0.906250 0.339583 0.904687 0.341667 0.903906 0.342708 0.903906 0.343750 0.903125 0.344792 0.902344 0.344792 0.902344 0.343750 0.902344 0.342708 0.901563 0.341667 0.900000 0.341667 0.899219 0.340625 0.900000 0.339583 0.900000 0.338542 0.900781 0.337500 0.900781 0.335417
0 0.577344 0.340625 0.579688 0.340625 0.580469 0.340625 0.581250 0.341667 0.581250 0.344792 0.580469 0.345833 0.574219 0.345833 0.573438 0.345833 0.572656 0.344792 0.571875 0.344792 0.571875 0.342708 0.571875 0.341667 0.575781 0.341667 0.576562 0.341667 0.577344 0.340625
0 0.329688 0.346875 0.332813 0.346875 0.333594 0.346875 0.333594 0.347917 0.333594 0.348958 0.334375 0.350000 0.335156 0.350000 0.335156 0.351042 0.333594 0.353125 0.332813 0.354167 0.332031 0.354167 0.331250 0.354167 0.330469 0.353125 0.330469 0.352083 0.330469 0.351042 0.329688 0.350000 0.328906 0.350000 0.328906 0.348958 0.328125 0.347917 0.327344 0.347917 0.328125 0.347917 0.328906 0.347917 0.329688 0.346875
0 0.489063 0.355208 0.492188 0.355208 0.492969 0.356250 0.492969 0.360417 0.492969 0.361458 0.492188 0.362500 0.491406 0.363542 0.490625 0.363542 0.489844 0.363542 0.489063 0.363542 0.489063 0.355208
0 0.768750 0.356250 0.771094 0.356250 0.771875 0.356250 0.773438 0.358333 0.774219 0.358333 0.773438 0.358333 0.772656 0.358333 0.771875 0.359375 0.771094 0.359375 0.770312 0.360417 0.767969 0.360417 0.767188 0.361458 0.767188 0.362500 0.766406 0.363542 0.766406 0.365625 0.766406 0.366667 0.765625 0.367708 0.764844 0.367708 0.764062 0.368750 0.764062 0.371875 0.764062 0.372917 0.764844 0.373958 0.765625 0.373958 0.765625 0.375000 0.766406 0.376042 0.765625 0.377083 0.765625 0.378125 0.765625 0.379167 0.764844 0.380208 0.763281 0.380208 0.762500 0.380208 0.761719 0.379167 0.761660 0.377805 0.761300 0.375000 0.761719 0.373958 0.761719 0.367708 0.761719 0.366667 0.760938 0.365625 0.759375 0.365625 0.758594 0.364583 0.759375 0.363542 0.760156 0.363542 0.760938 0.362500 0.764062 0.362500 0.764844 0.362500 0.765625 0.361458 0.765625 0.360417 0.765625 0.359375 0.766406 0.358333 0.767188 0.357292 0.767969 0.357292 0.768750 0.356250
0 0.733594 0.700000 0.736719 0.700000 0.737500 0.700000 0.741406 0.704167 0.742188 0.705208 0.742969 0.711458 0.742969 0.712500 0.740625 0.717708 0.739844 0.718750 0.738281 0.717708 0.737500 0.716667 0.734375 0.707292 0.733594 0.706250 0.733594 0.700000
0 0.586719 0.826042 0.592187 0.826042 0.592969 0.826042 0.593750 0.828125 0.593750 0.829167 0.591406 0.831250 0.590625 0.832292 0.585156 0.833333 0.584375 0.833333 0.582812 0.831250 0.582812 0.830208 0.586719 0.826042
0 0.839844 0.371875 0.841406 0.371875 0.842187 0.371875 0.842187 0.372917 0.842187 0.373958 0.839063 0.378125 0.838281 0.378125 0.838281 0.373958 0.838281 0.372917 0.839063 0.372917 0.839844 0.371875
0 0.080469 0.375000 0.081250 0.376042 0.084375 0.376042 0.085156 0.376042 0.086719 0.378125 0.087500 0.378125 0.087500 0.379167 0.088281 0.380208 0.089063 0.380208 0.090625 0.382292 0.091406 0.383333 0.092188 0.383333 0.092969 0.383333 0.093750 0.384375 0.094531 0.385417 0.095312 0.385417 0.096875 0.387500 0.097656 0.387500 0.097656 0.388542 0.098437 0.389583 0.098437 0.390625 0.098437 0.391667 0.097656 0.392708 0.096875 0.392708 0.096094 0.393750 0.093750 0.393750 0.092969 0.393750 0.092188 0.391667 0.090625 0.389583 0.089844 0.389583 0.085938 0.384375 0.085156 0.384375 0.084375 0.383333 0.083594 0.382292 0.083594 0.381250 0.082812 0.380208 0.082031 0.380208 0.082031 0.379167 0.081250 0.378125 0.080469 0.378125 0.080469 0.375000
0 0.042969 0.376042 0.043750 0.376042 0.044531 0.376042 0.045312 0.377083 0.046094 0.377083 0.046875 0.378125 0.046875 0.379167 0.047656 0.380208 0.048438 0.380208 0.048438 0.381250 0.049219 0.382292 0.050000 0.383333 0.050781 0.383333 0.052344 0.385417 0.053125 0.385417 0.053906 0.386458 0.053906 0.387500 0.054688 0.388542 0.055469 0.388542 0.056250 0.388542 0.056250 0.393750 0.057031 0.394792 0.056250 0.395833 0.056250 0.396875 0.055469 0.397917 0.054688 0.397917 0.053906 0.398958 0.053125 0.398958 0.052344 0.400000 0.051562 0.398958 0.045312 0.398958 0.044531 0.398958 0.043750 0.400000 0.042969 0.400000 0.042188 0.401042 0.041406 0.401042 0.040625 0.401042 0.040625 0.396875 0.040625 0.395833 0.041406 0.394792 0.042188 0.393750 0.042188 0.390625 0.042188 0.389583 0.041406 0.388542 0.041406 0.385417 0.040625 0.384375 0.041406 0.384375 0.042188 0.383333 0.042188 0.382292 0.042969 0.381250 0.042969 0.376042
0 0.780469 0.835417 0.783594 0.835417 0.784375 0.835417 0.786719 0.837500 0.787500 0.837500 0.789844 0.840625 0.790625 0.841667 0.790625 0.843750 0.790625 0.844792 0.786719 0.854167 0.785937 0.855208 0.783594 0.856250 0.782813 0.857292 0.777344 0.857292 0.776563 0.857292 0.772656 0.853125 0.771875 0.852083 0.771094 0.845833 0.771094 0.844792 0.773438 0.840625 0.774219 0.839583 0.780469 0.835417
0 0.355469 0.379167 0.357031 0.379167 0.357812 0.379167 0.357812 0.380208 0.357031 0.381250 0.357031 0.382292 0.357031 0.383333 0.356250 0.384375 0.353906 0.384375 0.353125 0.384375 0.352344 0.383333 0.352344 0.381250 0.351562 0.380208 0.353906 0.380208 0.354687 0.380208 0.355469 0.379167
0 0.455469 0.385417 0.457813 0.385417 0.458594 0.386458 0.457813 0.387500 0.457813 0.390625 0.457813 0.391667 0.458594 0.392708 0.458594 0.393750 0.459375 0.394792 0.460156 0.395833 0.463281 0.395833 0.464062 0.395833 0.464062 0.396875 0.464062 0.397917 0.463281 0.398958 0.462500 0.400000 0.462500 0.401042 0.461719 0.402083 0.461719 0.403125 0.461719 0.404167 0.460156 0.406250 0.459375 0.407292 0.457031 0.407292 0.456250 0.407292 0.455469 0.406250 0.454688 0.405208 0.454688 0.400000 0.454688 0.398958 0.453906 0.397917 0.453906 0.396875 0.453125 0.395833 0.453125 0.393750 0.453125 0.392708 0.453906 0.392708 0.454688 0.391667 0.455469 0.390625 0.455469 0.385417
0 0.929688 0.771875 0.932031 0.772917 0.932813 0.773958 0.934375 0.781250 0.935156 0.782292 0.935937 0.794792 0.935937 0.795833 0.935156 0.796875 0.935156 0.797917 0.933594 0.797917 0.932813 0.798958 0.930469 0.797917 0.929688 0.796875 0.928906 0.792708 0.928125 0.791667 0.927344 0.778125 0.927344 0.777083 0.929688 0.771875
0 0.928128 0.799379 0.926775 0.800281 0.925760 0.800281 0.925083 0.799379 0.923843 0.798476 0.923505 0.798025 0.923617 0.797274 0.923843 0.796823 0.924632 0.795921 0.925421 0.795319 0.929481 0.795319 0.930609 0.795169 0.931849 0.794718 0.936472 0.794116 0.937825 0.793365 0.939179 0.793214 0.939517 0.792913 0.940081 0.792913 0.941096 0.792462 0.942449 0.792162 0.943013 0.791560 0.944253 0.790658 0.945606 0.789155 0.946734 0.787501 0.947185 0.786298 0.947861 0.785396 0.948538 0.784795 0.948989 0.785396 0.948989 0.787802 0.948763 0.788553 0.947523 0.792011 0.946846 0.792913 0.945719 0.793816 0.944140 0.794868 0.942223 0.795620 0.941096 0.796672 0.940306 0.796973 0.936923 0.798928 0.934217 0.799529 0.930609 0.799679 0.930158 0.799980 0.929481 0.799980
0 0.751563 0.404167 0.753906 0.404167 0.754687 0.404167 0.755469 0.405208 0.756250 0.406250 0.756250 0.407292 0.756250 0.408333 0.755469 0.409375 0.754687 0.409375 0.753906 0.410417 0.753125 0.411458 0.752344 0.411458 0.751563 0.410417 0.751563 0.409375 0.750781 0.408333 0.750781 0.406250 0.750781 0.405208 0.751563 0.404167
0 0.936247 0.630685 0.934894 0.630535 0.934443 0.630234 0.934104 0.629783 0.933202 0.627828 0.933315 0.626024 0.933540 0.625573 0.934894 0.625122 0.935796 0.625122 0.936134 0.623769 0.936585 0.623619 0.937713 0.622716 0.941998 0.622566 0.942110 0.623167 0.942336 0.623619 0.942674 0.623919 0.942449 0.624521 0.940645 0.626475 0.939968 0.626626 0.938164 0.627528 0.937374 0.629783
0 0.753125 0.416667 0.753906 0.417708 0.754687 0.417708 0.756250 0.419792 0.757031 0.420833 0.757812 0.420833 0.758594 0.420833 0.759375 0.421875 0.760938 0.421875 0.760938 0.422917 0.760156 0.423958 0.759375 0.423958 0.758594 0.423958 0.757812 0.422917 0.757031 0.422917 0.757031 0.421875 0.755469 0.421875 0.755469 0.421875 0.754687 0.420833 0.751563 0.420833 0.750781 0.420833 0.749219 0.422917 0.748437 0.422917 0.747656 0.421875 0.748437 0.420833 0.748437 0.419792 0.749219 0.418750 0.750781 0.418750 0.751563 0.418750 0.753125 0.416667
0 0.699219 0.431250 0.700781 0.431250 0.701562 0.431250 0.703125 0.433333 0.703906 0.434375 0.703906 0.438542 0.703906 0.439583 0.698438 0.440625 0.697656 0.439583 0.696875 0.435417 0.696875 0.434375 0.699219 0.431250
0 0.598437 0.496875 0.603906 0.497917 0.604688 0.497917 0.606250 0.500000 0.607031 0.501042 0.607812 0.506250 0.607812 0.507292 0.606250 0.511458 0.605469 0.512500 0.600000 0.515625 0.599219 0.516667 0.596875 0.516667 0.596094 0.516667 0.593750 0.514583 0.592969 0.514583 0.591406 0.511458 0.591406 0.510417 0.594531 0.506250 0.595313 0.505208 0.598437 0.496875
0 0.454688 0.716667 0.457031 0.717708 0.457813 0.718750 0.460156 0.726042 0.460938 0.727083 0.461719 0.740625 0.460938 0.741667 0.459375 0.741667 0.458594 0.741667 0.457031 0.738542 0.456250 0.737500 0.454688 0.723958 0.453906 0.722917 0.454688 0.716667
0 0.469900 0.728976 0.472656 0.726042 0.473438 0.726042 0.473438 0.730208 0.473438 0.731250 0.470313 0.734375 0.469531 0.735417 0.467187 0.734375 0.466406 0.734375 0.464844 0.731250 0.464844 0.730208 0.467974 0.729160
0 0.438281 0.781250 0.446094 0.784375 0.446875 0.784375 0.449219 0.787500 0.450000 0.788542 0.450000 0.791667 0.450000 0.792708 0.446875 0.795833 0.446094 0.795833 0.442188 0.803125 0.441406 0.804167 0.435937 0.807292 0.435156 0.807292 0.432031 0.805208 0.431250 0.804167 0.429688 0.798958 0.429688 0.797917 0.431250 0.791667 0.431250 0.790625 0.438281 0.781250
0 0.428125 0.765625 0.431250 0.766667 0.432031 0.766667 0.433594 0.768750 0.434375 0.768750 0.438281 0.776042 0.439063 0.777083 0.438281 0.782292 0.438281 0.783333 0.432812 0.789583 0.432031 0.790625 0.428125 0.790625 0.427344 0.790625 0.425000 0.787500 0.424219 0.786458 0.425000 0.769792 0.425000 0.768750 0.428125 0.765625
0 0.396094 0.721875 0.398438 0.722917 0.399219 0.722917 0.401562 0.726042 0.402344 0.727083 0.403125 0.735417 0.403125 0.736458 0.408594 0.751042 0.409375 0.752083 0.411719 0.767708 0.411719 0.768750 0.409375 0.768750 0.408594 0.768750 0.406250 0.763542 0.405469 0.762500 0.403125 0.751042 0.403125 0.750000 0.395313 0.729167 0.394531 0.728125 0.396094 0.721875
0 0.299219 0.408333 0.300000 0.408333 0.300781 0.408333 0.300781 0.409375 0.301563 0.410417 0.302344 0.411458 0.302344 0.413542 0.303125 0.414583 0.303125 0.419792 0.303125 0.420833 0.302344 0.421875 0.301563 0.422917 0.301563 0.427083 0.301563 0.428125 0.302344 0.429167 0.303125 0.429167 0.303125 0.430208 0.302344 0.431250 0.301563 0.431250 0.300781 0.432292 0.300781 0.438542 0.300781 0.439583 0.300000 0.440625 0.299219 0.440625 0.298438 0.440625 0.297656 0.441667 0.296875 0.441667 0.296094 0.440625 0.296875 0.439583 0.296875 0.435417 0.296875 0.434375 0.298438 0.434375 0.299219 0.433333 0.299219 0.432292 0.300000 0.431250 0.300000 0.429167 0.300000 0.428125 0.299219 0.427083 0.298438 0.426042 0.298438 0.421875 0.298438 0.420833 0.297656 0.419792 0.296875 0.419792 0.296094 0.419792 0.294531 0.417708 0.293750 0.416667 0.293750 0.414583 0.293750 0.413542 0.292969 0.412500 0.292187 0.412500 0.292969 0.412500 0.294531 0.410417 0.295312 0.409375 0.297656 0.409375 0.298438 0.409375 0.299219 0.408333
0 0.382031 0.413542 0.385156 0.413542 0.385937 0.414583 0.385937 0.416667 0.385937 0.417708 0.385156 0.418750 0.385156 0.419792 0.383594 0.421875 0.382812 0.422917 0.382031 0.422917 0.382031 0.421875 0.382031 0.420833 0.381250 0.419792 0.381250 0.417708 0.381250 0.416667 0.382031 0.413542
0 0.328125 0.740625 0.331250 0.740625 0.332031 0.741667 0.331250 0.747917 0.330469 0.748958 0.327344 0.748958 0.326562 0.747917 0.326562 0.743750 0.326562 0.742708 0.328125 0.740625
0 0.938281 0.422917 0.939063 0.422917 0.939844 0.422917 0.939844 0.427083 0.939063 0.428125 0.938281 0.428125 0.937500 0.429167 0.936719 0.430208 0.935156 0.430208 0.934375 0.430208 0.933594 0.429167 0.932813 0.429167 0.932031 0.429167 0.932031 0.427083 0.932031 0.426042 0.932813 0.426042 0.933594 0.425000 0.935156 0.425000 0.935937 0.425000 0.936719 0.423958 0.937500 0.423958 0.938281 0.422917
0 0.162500 0.765625 0.165625 0.765625 0.166406 0.765625 0.169531 0.767708 0.170313 0.768750 0.171094 0.771875 0.171875 0.772917 0.171094 0.784375 0.170313 0.785417 0.167187 0.783333 0.166406 0.782292 0.164844 0.777083 0.164844 0.776042 0.161719 0.771875 0.160938 0.770833 0.160938 0.769792 0.160156 0.768750 0.162500 0.765625
0 0.836719 0.428125 0.841406 0.428125 0.842187 0.428125 0.842187 0.429167 0.842969 0.430208 0.845313 0.430208 0.846094 0.430208 0.846875 0.431250 0.847656 0.431250 0.846875 0.432292 0.846094 0.433333 0.846094 0.434375 0.845313 0.435417 0.845313 0.436458 0.844531 0.437500 0.843750 0.437500 0.843750 0.436458 0.842969 0.435417 0.842187 0.435417 0.841406 0.434375 0.837500 0.434375 0.836719 0.435417 0.836719 0.428125
0 0.546094 0.432292 0.548438 0.432292 0.549219 0.432292 0.549219 0.433333 0.551562 0.436458 0.552344 0.437500 0.552344 0.439583 0.553125 0.440625 0.553125 0.446875 0.553125 0.447917 0.552344 0.451042 0.551562 0.452083 0.551562 0.458333 0.551562 0.459375 0.550781 0.460417 0.550000 0.460417 0.549219 0.461458 0.547656 0.461458 0.546875 0.461458 0.546875 0.459375 0.546875 0.458333 0.546094 0.457292 0.546094 0.456250 0.545312 0.455208 0.545312 0.454167 0.545312 0.453125 0.544531 0.452083 0.543750 0.452083 0.542969 0.451042 0.540625 0.442708 0.540625 0.441667 0.541406 0.440625 0.541406 0.439583 0.542188 0.438542 0.542188 0.437500 0.542969 0.436458 0.542969 0.435417 0.543750 0.434375 0.544531 0.434375 0.546094 0.432292
0 0.665625 0.437500 0.666406 0.438542 0.667969 0.438542 0.668750 0.438542 0.669531 0.439583 0.670312 0.440625 0.670312 0.442708 0.671094 0.443750 0.670312 0.444792 0.670312 0.447917 0.670312 0.448958 0.669531 0.450000 0.669531 0.451042 0.668750 0.452083 0.668750 0.458333 0.668750 0.459375 0.669531 0.460417 0.669531 0.464583 0.669531 0.465625 0.670312 0.466667 0.671094 0.466667 0.671875 0.466667 0.671875 0.467708 0.672656 0.468750 0.671875 0.468750 0.671094 0.469792 0.670312 0.470833 0.669531 0.469792 0.667969 0.469792 0.667188 0.469792 0.667188 0.468750 0.666406 0.467708 0.665625 0.467708 0.665625 0.466667 0.664844 0.465625 0.664844 0.460417 0.664844 0.459375 0.664062 0.458333 0.664062 0.452083 0.664062 0.451042 0.663281 0.450000 0.660156 0.450000 0.659375 0.448958 0.655469 0.448958 0.654687 0.447917 0.654687 0.445833 0.654687 0.444792 0.656250 0.444792 0.657031 0.443750 0.661719 0.443750 0.662500 0.443750 0.663281 0.442708 0.663281 0.439583 0.663281 0.438542 0.664062 0.438542 0.664844 0.438542 0.665625 0.437500
0 0.809375 0.440625 0.813281 0.440625 0.814063 0.440625 0.814063 0.447917 0.814063 0.448958 0.813281 0.450000 0.812500 0.451042 0.811719 0.450000 0.810937 0.450000 0.810156 0.448958 0.809375 0.448958 0.808594 0.447917 0.808594 0.442708 0.808594 0.441667 0.809375 0.440625
0 0.060156 0.733333 0.062500 0.733333 0.063281 0.733333 0.063281 0.734375 0.064062 0.735417 0.064062 0.736458 0.064062 0.737500 0.063281 0.738542 0.062500 0.739583 0.060937 0.739583 0.060156 0.739583 0.060156 0.733333
0 0.560937 0.447917 0.563281 0.447917 0.564063 0.447917 0.564844 0.448958 0.565625 0.448958 0.566406 0.448958 0.566406 0.450000 0.566406 0.451042 0.567969 0.453125 0.568750 0.454167 0.568750 0.455208 0.569531 0.456250 0.569531 0.463542 0.568750 0.464583 0.567187 0.464583 0.566406 0.464583 0.566406 0.463542 0.565625 0.462500 0.564844 0.462500 0.564063 0.462500 0.563281 0.461458 0.562500 0.460417 0.562500 0.459375 0.561719 0.458333 0.560937 0.458333 0.560937 0.455208 0.560156 0.454167 0.560156 0.451042 0.560156 0.450000 0.560937 0.448958 0.560937 0.447917
0 0.844531 0.450000 0.845313 0.451042 0.846094 0.451042 0.846094 0.452083 0.845313 0.453125 0.844531 0.453125 0.843750 0.453125 0.842969 0.454167 0.842187 0.455208 0.842187 0.456250 0.841406 0.457292 0.840625 0.457292 0.840625 0.455208 0.840625 0.454167 0.840445 0.453036 0.840625 0.452083 0.841406 0.452083 0.842187 0.451042 0.842969 0.451042 0.843750 0.451042 0.844531 0.450000
0 0.392969 0.451042 0.393750 0.451042 0.394531 0.451042 0.395313 0.452083 0.396094 0.452083 0.396094 0.453125 0.394531 0.455208 0.393750 0.455208 0.393750 0.454167 0.392969 0.453125 0.392188 0.452083 0.392969 0.451042
0 0.626563 0.651042 0.633594 0.652083 0.634375 0.652083 0.642188 0.658333 0.642969 0.659375 0.642188 0.660417 0.641406 0.661458 0.632031 0.659375 0.631250 0.659375 0.627344 0.656250 0.626563 0.656250 0.626563 0.651042
0 0.086719 0.457292 0.089844 0.457292 0.090625 0.457292 0.091406 0.458333 0.091406 0.459375 0.090625 0.460417 0.089844 0.460417 0.089063 0.460417 0.088281 0.461458 0.087500 0.461458 0.086719 0.462500 0.085938 0.462500 0.085156 0.462500 0.085156 0.459375 0.085156 0.458333 0.085938 0.458333 0.086719 0.457292
0 0.027344 0.462500 0.028906 0.462500 0.029687 0.462500 0.030469 0.463542 0.031250 0.464583 0.031250 0.470833 0.031250 0.471875 0.030469 0.472917 0.028125 0.472917 0.027344 0.472917 0.026562 0.471875 0.025781 0.470833 0.019531 0.470833 0.018750 0.469792 0.019531 0.468750 0.019531 0.465625 0.019531 0.464583 0.025781 0.464583 0.026562 0.464583 0.027344 0.463542 0.027344 0.462500
0 0.524219 0.658333 0.527344 0.659375 0.528125 0.659375 0.527344 0.663542 0.527344 0.664583 0.525000 0.668750 0.524219 0.669792 0.518750 0.669792 0.517969 0.669792 0.517188 0.666667 0.517188 0.665625 0.524219 0.658333
0 0.864844 0.463542 0.865625 0.463542 0.866406 0.463542 0.867188 0.464583 0.867188 0.465625 0.867969 0.466667 0.868750 0.466667 0.869531 0.467708 0.869531 0.468750 0.870313 0.469792 0.869531 0.470833 0.868750 0.471875 0.867969 0.471875 0.867188 0.472917 0.864062 0.472917 0.863281 0.472917 0.863281 0.471875 0.861719 0.469792 0.860938 0.468750 0.860938 0.467708 0.860938 0.466667 0.861719 0.466667 0.862500 0.465625 0.863281 0.465625 0.864844 0.463542
0 0.968750 0.471875 0.970313 0.471875 0.971094 0.471875 0.971094 0.472917 0.971875 0.473958 0.973437 0.473958 0.974219 0.473958 0.975000 0.475000 0.975781 0.475000 0.976562 0.476042 0.979688 0.476042 0.980469 0.476042 0.980469 0.477083 0.981250 0.478125 0.982031 0.478125 0.982812 0.478125 0.982812 0.479167 0.982812 0.480208 0.983594 0.481250 0.984375 0.481250 0.985156 0.482292 0.985218 0.483215 0.983594 0.483333 0.982812 0.483333 0.982031 0.484375 0.982031 0.485417 0.981250 0.486458 0.981250 0.487500 0.980469 0.488542 0.974219 0.488542 0.973437 0.488542 0.971875 0.486458 0.971094 0.485417 0.969531 0.485417 0.968750 0.485417 0.968750 0.483333 0.968750 0.482292 0.967969 0.481250 0.967187 0.480208 0.967187 0.479167 0.965774 0.479289 0.965625 0.478125 0.967969 0.478125 0.968750 0.477083 0.968750 0.471875
0 0.297656 0.678125 0.303125 0.678125 0.303906 0.678125 0.305351 0.681781 0.306250 0.684375 0.306250 0.685417 0.303125 0.687500 0.302344 0.687500 0.298438 0.684375 0.297656 0.683333 0.297656 0.678125
0 0.313281 0.687500 0.321875 0.688542 0.322656 0.688542 0.325000 0.690625 0.325781 0.691667 0.326562 0.695833 0.326562 0.696875 0.321094 0.692708 0.320312 0.691667 0.312500 0.690625 0.311719 0.690625 0.313281 0.687500
0 0.482031 0.485417 0.484375 0.485417 0.485156 0.485417 0.485938 0.486458 0.485938 0.487500 0.485938 0.488542 0.485156 0.489583 0.484375 0.490625 0.483594 0.490625 0.482812 0.491667 0.481250 0.491667 0.480469 0.491667 0.479687 0.492708 0.478906 0.492708 0.478125 0.493750 0.477344 0.493750 0.476562 0.494792 0.475781 0.494792 0.475000 0.494792 0.474219 0.495833 0.472656 0.495833 0.471875 0.495833 0.471094 0.496875 0.470313 0.496875 0.469531 0.496875 0.468750 0.497917 0.467969 0.497917 0.467187 0.497917 0.466406 0.498958 0.465625 0.500000 0.461719 0.500000 0.460938 0.500000 0.460156 0.501042 0.457813 0.501042 0.457031 0.502083 0.456250 0.501042 0.447656 0.501042 0.446875 0.501042 0.446875 0.500000 0.446094 0.498958 0.446875 0.497917 0.446875 0.496875 0.446875 0.495833 0.447656 0.495833 0.448437 0.494792 0.449219 0.493750 0.451562 0.493750 0.452344 0.493750 0.453125 0.492708 0.453906 0.492708 0.454688 0.491667 0.457813 0.491667 0.458594 0.491667 0.459375 0.490625 0.460156 0.490625 0.460938 0.489583 0.461719 0.489583 0.462500 0.489583 0.463281 0.488542 0.464062 0.487500 0.464844 0.488542 0.470313 0.488542 0.471094 0.488542 0.471875 0.487500 0.472656 0.487500 0.473438 0.486458 0.480469 0.486458 0.481250 0.486458 0.482031 0.485417
0 0.100000 0.493750 0.100781 0.493750 0.101562 0.493750 0.102344 0.494792 0.103125 0.494792 0.104688 0.496875 0.105469 0.496875 0.105469 0.497917 0.105469 0.498958 0.106250 0.500000 0.106250 0.502083 0.105469 0.503125 0.104688 0.503125 0.103906 0.503125 0.103125 0.502083 0.102344 0.502083 0.102344 0.501042 0.101562 0.500000 0.100000 0.500000 0.099219 0.498958 0.099219 0.495833 0.099219 0.494792 0.100000 0.493750
0 0.019531 0.700000 0.021094 0.701042 0.021875 0.701042 0.026562 0.707292 0.027344 0.708333 0.034375 0.726042 0.035156 0.727083 0.035156 0.731250 0.034375 0.732292 0.032813 0.732292 0.032031 0.732292 0.029687 0.729167 0.028906 0.728125 0.023438 0.717708 0.023438 0.716667 0.018750 0.710417 0.017969 0.709375 0.017188 0.702083 0.017188 0.701042 0.019531 0.700000
0 0.685937 0.504167 0.687500 0.504167 0.688281 0.504167 0.688281 0.505208 0.689063 0.506250 0.688281 0.507292 0.687500 0.508333 0.687500 0.511458 0.687500 0.512500 0.688281 0.513542 0.689063 0.513542 0.689063 0.514583 0.689063 0.515625 0.687500 0.517708 0.686719 0.518750 0.686719 0.519792 0.685937 0.520833 0.685156 0.521875 0.684375 0.521875 0.683594 0.522917 0.682813 0.522917 0.681250 0.525000 0.680469 0.526042 0.676562 0.526042 0.675781 0.526042 0.675000 0.525000 0.675000 0.523958 0.674219 0.522917 0.675000 0.522917 0.675781 0.521875 0.675781 0.519792 0.675781 0.518750 0.676562 0.517708 0.676562 0.516667 0.677344 0.515625 0.677344 0.513542 0.677344 0.512500 0.676562 0.511458 0.676562 0.510417 0.675781 0.509375 0.676562 0.508333 0.676562 0.507292 0.678906 0.507292 0.679688 0.506250 0.684375 0.506250 0.685156 0.506250 0.685937 0.505208 0.685937 0.504167
0 0.476562 0.510417 0.477344 0.511458 0.477344 0.512500 0.478125 0.513542 0.477344 0.513542 0.476562 0.514583 0.476562 0.515625 0.475781 0.516667 0.475781 0.517708 0.475000 0.518750 0.474219 0.518750 0.473438 0.519792 0.472656 0.520833 0.471875 0.520833 0.471094 0.520833 0.470313 0.521875 0.470313 0.525000 0.469531 0.526042 0.468750 0.526042 0.467187 0.523958 0.466406 0.523958 0.467187 0.523958 0.467969 0.522917 0.467969 0.520833 0.467969 0.519792 0.468750 0.519792 0.469531 0.519792 0.470313 0.518750 0.471094 0.518750 0.474219 0.514583 0.475000 0.513542 0.475000 0.512500 0.475000 0.511458 0.475781 0.511458 0.476562 0.510417
0 0.883594 0.511458 0.885156 0.511458 0.885938 0.511458 0.886719 0.512500 0.887500 0.512500 0.887500 0.513542 0.885938 0.515625 0.885156 0.516667 0.884375 0.516667 0.883594 0.515625 0.883594 0.511458
0 0.089063 0.513542 0.091406 0.513542 0.092188 0.513542 0.092969 0.514583 0.093750 0.515625 0.094531 0.515625 0.095312 0.516667 0.096094 0.516667 0.096094 0.517708 0.095312 0.518750 0.095312 0.528125 0.095312 0.529167 0.093750 0.531250 0.092969 0.531250 0.092188 0.532292 0.092188 0.533333 0.091406 0.534375 0.088281 0.534375 0.087500 0.534375 0.086719 0.535417 0.085156 0.535417 0.084375 0.535417 0.083594 0.534375 0.084375 0.533333 0.085156 0.532292 0.085156 0.529167 0.085156 0.528125 0.085938 0.527083 0.085938 0.526042 0.085938 0.525000 0.086719 0.523958 0.087500 0.522917 0.087500 0.516667 0.087500 0.515625 0.089063 0.513542
0 0.381250 0.513542 0.382031 0.513542 0.382812 0.513542 0.383594 0.514583 0.384375 0.514583 0.385156 0.515625 0.385937 0.515625 0.386719 0.515625 0.387500 0.516667 0.388281 0.517708 0.387500 0.518750 0.387500 0.522917 0.387500 0.523958 0.389062 0.526042 0.389844 0.526042 0.389844 0.533333 0.389844 0.534375 0.390625 0.535417 0.392969 0.535417 0.393048 0.536458 0.392188 0.538542 0.391406 0.539583 0.390625 0.539583 0.389844 0.539583 0.389062 0.538542 0.388281 0.538542 0.387500 0.538542 0.387500 0.537500 0.386719 0.536458 0.386719 0.531250 0.386719 0.530208 0.385937 0.529167 0.384375 0.529167 0.383594 0.529167 0.383594 0.526042 0.383594 0.525000 0.384375 0.523958 0.384375 0.520833 0.384375 0.519792 0.383594 0.518750 0.382031 0.518750 0.381250 0.517708 0.381250 0.513542
0 0.804920 0.621599 0.803582 0.621599 0.802393 0.621004 0.802095 0.620608 0.801649 0.620409 0.801501 0.619617 0.801501 0.618427 0.801352 0.617833 0.801352 0.613075 0.802244 0.612084 0.804474 0.611489 0.805069 0.610696 0.806110 0.610696 0.806556 0.610894 0.808042 0.612679 0.807894 0.613868 0.807596 0.614264 0.807002 0.616643 0.806556 0.620013 0.806110 0.620211
0 0.705469 0.532292 0.708594 0.532292 0.709375 0.532292 0.710156 0.533333 0.710938 0.534375 0.710938 0.535417 0.711719 0.536458 0.711719 0.538542 0.711719 0.539583 0.712500 0.540625 0.712500 0.541667 0.712500 0.542708 0.711719 0.543750 0.710938 0.544792 0.710156 0.544792 0.709375 0.544792 0.708594 0.545833 0.707812 0.546875 0.707812 0.543750 0.707812 0.542708 0.706250 0.540625 0.705469 0.539583 0.705469 0.536458 0.704688 0.535417 0.704688 0.534375 0.704688 0.533333 0.705469 0.532292
0 0.119531 0.540625 0.120313 0.540625 0.121094 0.540625 0.121094 0.541667 0.121875 0.542708 0.120313 0.545833 0.120313 0.548958 0.120313 0.550000 0.121094 0.551042 0.121094 0.553125 0.121094 0.554167 0.121875 0.555208 0.121875 0.556250 0.122656 0.557292 0.122656 0.558333 0.122656 0.559375 0.121875 0.560417 0.121094 0.561458 0.121094 0.564583 0.121094 0.565625 0.121094 0.566667 0.120313 0.567708 0.118750 0.567708 0.117969 0.567708 0.117188 0.568750 0.115625 0.568750 0.114844 0.568750 0.114062 0.569792 0.113281 0.569792 0.111719 0.571875 0.110937 0.571875 0.110937 0.568750 0.110937 0.567708 0.110156 0.566667 0.110156 0.565625 0.109375 0.564583 0.109375 0.563542 0.109375 0.562500 0.108594 0.561458 0.107813 0.561458 0.107031 0.560417 0.106250 0.560417 0.106250 0.559375 0.106250 0.558333 0.107031 0.557292 0.107813 0.556250 0.107813 0.555208 0.107813 0.554167 0.108594 0.553125 0.109375 0.553125 0.110156 0.553125 0.110937 0.552083 0.111719 0.552083 0.114062 0.552083 0.114844 0.552083 0.115625 0.551042 0.115625 0.550000 0.116406 0.548958 0.116406 0.546875 0.116406 0.545833 0.118750 0.542708 0.119531 0.541667 0.119531 0.540625
0 0.885938 0.557292 0.889844 0.558333 0.890625 0.558333 0.896094 0.565625 0.896875 0.566667 0.897656 0.568750 0.898438 0.569792 0.898438 0.576042 0.898438 0.577083 0.896094 0.577083 0.895312 0.577083 0.889062 0.568750 0.888281 0.567708 0.885938 0.560417 0.885156 0.559375 0.885938 0.557292
0 0.923438 0.543750 0.927344 0.544792 0.928125 0.545833 0.927344 0.554167 0.927344 0.555208 0.925000 0.559375 0.925000 0.560417 0.914844 0.563542 0.914062 0.564583 0.907813 0.563542 0.907031 0.563542 0.907031 0.554167 0.907813 0.553125 0.912500 0.551042 0.913281 0.551042 0.923438 0.543750
0 0.431250 0.546875 0.431250 0.547917 0.432031 0.548958 0.435156 0.548958 0.435937 0.548958 0.436719 0.547917 0.437500 0.547917 0.438281 0.547917 0.437500 0.548958 0.437500 0.555208 0.437500 0.556250 0.438281 0.557292 0.439063 0.558333 0.439844 0.558333 0.440625 0.558333 0.442188 0.560417 0.442969 0.561458 0.444531 0.561458 0.445312 0.561458 0.446875 0.563542 0.447656 0.563542 0.449219 0.565625 0.449219 0.566667 0.451562 0.569792 0.452344 0.569792 0.452344 0.570833 0.452344 0.571875 0.453125 0.572917 0.453906 0.573958 0.453906 0.575000 0.454688 0.576042 0.455469 0.576042 0.456250 0.577083 0.458594 0.577083 0.459375 0.577083 0.460156 0.578125 0.460938 0.578125 0.460938 0.579167 0.461719 0.580208 0.462500 0.580208 0.462500 0.581250 0.462500 0.582292 0.461719 0.583333 0.457813 0.583333 0.457031 0.583333 0.455469 0.585417 0.454688 0.586458 0.453125 0.586458 0.452344 0.586458 0.452344 0.585417 0.450781 0.583333 0.450000 0.582292 0.449219 0.582292 0.446875 0.579167 0.446094 0.578125 0.445312 0.578125 0.443750 0.576042 0.442969 0.576042 0.441406 0.573958 0.441406 0.572917 0.439063 0.569792 0.438281 0.568750 0.437500 0.568750 0.436719 0.568750 0.435937 0.567708 0.435156 0.566667 0.432812 0.566667 0.432031 0.566667 0.431250 0.567708 0.430469 0.568750 0.430469 0.569792 0.430469 0.570833 0.429688 0.571875 0.428906 0.571875 0.428906 0.566667 0.428906 0.565625 0.429688 0.565625 0.430469 0.564583 0.430469 0.562500 0.430469 0.561458 0.433594 0.561458 0.434375 0.560417 0.434375 0.556250 0.435156 0.555208 0.435156 0.553125 0.435156 0.552083 0.434375 0.551042 0.432031 0.551042 0.431250 0.551042 0.431250 0.546875
0 0.933594 0.451042 0.934375 0.451042 0.935156 0.451042 0.934375 0.452083 0.934375 0.455208 0.934375 0.456250 0.935156 0.457292 0.935937 0.457292 0.936719 0.457292 0.936719 0.458333 0.936719 0.459375 0.937500 0.460417 0.937500 0.460417 0.936719 0.461458 0.936719 0.462500 0.935937 0.463542 0.935156 0.463542 0.934375 0.464583 0.933594 0.465625 0.932813 0.465625 0.932031 0.465625 0.932031 0.464583 0.931250 0.463542 0.931250 0.460417 0.930469 0.459375 0.930469 0.456250 0.930469 0.455208 0.931250 0.454167 0.931250 0.453125 0.932031 0.452083 0.932813 0.452083 0.933594 0.451042
0 0.871094 0.348958 0.874219 0.348958 0.875000 0.348958 0.877344 0.351042 0.878125 0.351042 0.881250 0.356250 0.881250 0.357292 0.880469 0.358333 0.879687 0.359375 0.871094 0.357292 0.870313 0.357292 0.868750 0.355208 0.867969 0.354167 0.867969 0.352083 0.867969 0.351042 0.871094 0.348958
0 0.880469 0.360417 0.888281 0.366667 0.889062 0.366667 0.889062 0.368750 0.889062 0.369792 0.884375 0.370833 0.883594 0.370833 0.881250 0.365625 0.880469 0.364583 0.880469 0.360417
0 0.866406 0.552083 0.868750 0.552083 0.869531 0.552083 0.869531 0.554167 0.869531 0.555208 0.868750 0.556250 0.867969 0.556250 0.867188 0.556250 0.866406 0.555208 0.866406 0.554167 0.865625 0.553125 0.866406 0.552083
0 0.536719 0.333333 0.548438 0.333333 0.549219 0.333333 0.552344 0.335417 0.553125 0.335417 0.555469 0.341667 0.555469 0.342708 0.554688 0.343750 0.553906 0.344792 0.549219 0.343750 0.548438 0.342708 0.527344 0.343750 0.526563 0.343750 0.525781 0.342708 0.525781 0.341667 0.528125 0.338542 0.528906 0.337500 0.536719 0.333333
0 0.532031 0.344792 0.535937 0.346875 0.536719 0.347917 0.536719 0.352083 0.536719 0.353125 0.535156 0.355208 0.534375 0.356250 0.532031 0.356250 0.531250 0.356250 0.529687 0.353125 0.528906 0.352083 0.528906 0.347917 0.528125 0.346875 0.532031 0.344792
0 0.367188 0.560417 0.367969 0.560417 0.368750 0.560417 0.369531 0.561458 0.370312 0.562500 0.370312 0.563542 0.370312 0.564583 0.371094 0.565625 0.371875 0.565625 0.371875 0.566667 0.372656 0.567708 0.372656 0.576042 0.372656 0.577083 0.373437 0.578125 0.374219 0.578125 0.375000 0.579167 0.375000 0.585417 0.374219 0.586458 0.372656 0.586458 0.371875 0.586458 0.371875 0.583333 0.371875 0.582292 0.371094 0.581250 0.370312 0.581250 0.370312 0.580208 0.369531 0.579167 0.368750 0.578125 0.368750 0.576042 0.368750 0.575000 0.367969 0.573958 0.367969 0.572917 0.367188 0.571875 0.367188 0.567708 0.366406 0.566667 0.366406 0.563542 0.366406 0.562500 0.367188 0.561458 0.367188 0.560417
0 0.927344 0.563542 0.928125 0.563542 0.928906 0.563542 0.929688 0.564583 0.930469 0.565625 0.930469 0.566667 0.930469 0.567708 0.931250 0.568750 0.931250 0.569792 0.931250 0.570833 0.930469 0.571875 0.929688 0.571875 0.928906 0.572917 0.928125 0.572917 0.927344 0.571875 0.927344 0.563542
0 0.294531 0.463542 0.296875 0.464583 0.297656 0.465625 0.298438 0.469792 0.298438 0.470833 0.296875 0.473958 0.296094 0.475000 0.292187 0.473958 0.291406 0.472917 0.290301 0.470002 0.294090 0.469487 0.294531 0.463542
0 0.267188 0.581250 0.268750 0.581250 0.269531 0.581250 0.270313 0.582292 0.271094 0.583333 0.270313 0.584375 0.269531 0.585417 0.268750 0.585417 0.267969 0.584375 0.263281 0.584375 0.262500 0.584375 0.261719 0.585417 0.260937 0.585417 0.260156 0.586458 0.259375 0.587500 0.258594 0.587500 0.257812 0.587500 0.257031 0.588542 0.257031 0.589583 0.256250 0.590625 0.255469 0.590625 0.255469 0.589583 0.254688 0.588542 0.253906 0.587500 0.253906 0.586458 0.253906 0.585417 0.255469 0.585417 0.256250 0.585417 0.257031 0.584375 0.257031 0.583333 0.257812 0.582292 0.265625 0.582292 0.266406 0.582292 0.267188 0.581250
0 0.223438 0.584375 0.227344 0.584375 0.228125 0.584375 0.228906 0.585417 0.228906 0.586458 0.229687 0.587500 0.230469 0.587500 0.229687 0.588542 0.229687 0.590625 0.229687 0.591667 0.228906 0.592708 0.226562 0.592708 0.225781 0.593750 0.225000 0.593750 0.224219 0.593750 0.223438 0.592708 0.222656 0.592708 0.222656 0.591667 0.221875 0.590625 0.221094 0.589583 0.221875 0.588542 0.221875 0.586458 0.221875 0.585417 0.222656 0.585417 0.223438 0.584375
0 0.588281 0.585417 0.589063 0.586458 0.589844 0.586458 0.590625 0.586458 0.590625 0.587500 0.591406 0.588542 0.591406 0.589583 0.592187 0.590625 0.592969 0.591667 0.592187 0.592708 0.591406 0.593750 0.590625 0.593750 0.589063 0.595833 0.588281 0.596875 0.587500 0.596875 0.586719 0.596875 0.586719 0.595833 0.585938 0.594792 0.585938 0.588542 0.585938 0.587500 0.586719 0.586458 0.587500 0.586458 0.588281 0.585417
0 0.857812 0.588542 0.860156 0.588542 0.860938 0.588542 0.860938 0.596875 0.860938 0.597917 0.860156 0.598958 0.860156 0.600000 0.860156 0.601042 0.859375 0.602083 0.859375 0.603125 0.858594 0.604167 0.857031 0.604167 0.856250 0.604167 0.856250 0.603125 0.855469 0.602083 0.855469 0.592708 0.855469 0.591667 0.856250 0.591667 0.857031 0.591667 0.857812 0.590625 0.857812 0.588542
0 0.466406 0.589583 0.468750 0.589583 0.469531 0.589583 0.470313 0.590625 0.471094 0.591667 0.471094 0.592708 0.471094 0.593750 0.470313 0.594792 0.467969 0.594792 0.467187 0.594792 0.466406 0.593750 0.465625 0.593750 0.464844 0.593750 0.464844 0.591667 0.464844 0.590625 0.465625 0.590625 0.466406 0.589583
0 0.500781 0.595833 0.501563 0.596875 0.502344 0.596875 0.503125 0.596875 0.503125 0.597917 0.503125 0.598958 0.503906 0.600000 0.504687 0.601042 0.503906 0.602083 0.503906 0.605208 0.503125 0.606250 0.502344 0.606250 0.501563 0.606250 0.501563 0.605208 0.500781 0.604167 0.500000 0.603125 0.500000 0.597917 0.500000 0.596875 0.500781 0.595833
0 0.000000 0.603125 0.000781 0.604167 0.001563 0.604167 0.002344 0.604167 0.003125 0.605208 0.003906 0.606250 0.003906 0.607292 0.003906 0.608333 0.006250 0.611458 0.007031 0.612500 0.007031 0.613542 0.007812 0.614583 0.007812 0.615625 0.010156 0.618750 0.010937 0.619792 0.010937 0.620833 0.010156 0.621875 0.010156 0.622917 0.009375 0.623958 0.008594 0.623958 0.007812 0.623958 0.006250 0.626042 0.005469 0.626042 0.003125 0.629167 0.002344 0.630208 0.000781 0.630208 0.000000 0.629167 0.000000 0.603125
0 0.872656 0.608333 0.875000 0.608333 0.875781 0.608333 0.875781 0.609375 0.876563 0.610417 0.876563 0.611458 0.875781 0.612500 0.875000 0.612500 0.874219 0.611458 0.872656 0.611458 0.871875 0.611458 0.871875 0.610417 0.871875 0.609375 0.872656 0.608333
0 0.674219 0.609375 0.675000 0.609375 0.675781 0.609375 0.676562 0.610417 0.676562 0.611458 0.677344 0.612500 0.676562 0.613542 0.676562 0.614583 0.675000 0.616667 0.675000 0.617708 0.674219 0.618750 0.673438 0.618750 0.672656 0.618750 0.671875 0.617708 0.671094 0.616667 0.671094 0.614583 0.671094 0.613542 0.671875 0.613542 0.673438 0.611458 0.674219 0.610417 0.674219 0.609375
0 0.075000 0.551042 0.079687 0.553125 0.080469 0.553125 0.083594 0.559375 0.084375 0.560417 0.083594 0.564583 0.083594 0.565625 0.077344 0.571875 0.076563 0.572917 0.075000 0.572917 0.074219 0.571875 0.071094 0.563542 0.070312 0.562500 0.070312 0.557292 0.070312 0.556250 0.075000 0.551042
0 0.077208 0.581542 0.076307 0.581409 0.075505 0.580340 0.075405 0.579806 0.074904 0.579672 0.074002 0.580073 0.073000 0.579939 0.072699 0.579538 0.072499 0.577935 0.072499 0.577401 0.072800 0.577000 0.073701 0.576599 0.074303 0.576198 0.074603 0.575798 0.074303 0.575397 0.074403 0.574863 0.075104 0.574194 0.075705 0.573126 0.076707 0.572190 0.078812 0.571656 0.083521 0.571656 0.084924 0.570053 0.085024 0.569518 0.085425 0.569652 0.085425 0.570854 0.085625 0.571389 0.085625 0.572591 0.085926 0.573393 0.086026 0.574595 0.085826 0.575130 0.085224 0.575664 0.083922 0.577534 0.083621 0.578336 0.083721 0.579939 0.082118 0.581275 0.081818 0.581676 0.080615 0.582210 0.079713 0.582344 0.078110 0.582344 0.076507 0.582077
0 0.015625 0.610417 0.017969 0.610417 0.018750 0.610417 0.019531 0.611458 0.020313 0.611458 0.021094 0.612500 0.021094 0.613542 0.021875 0.614583 0.021094 0.615625 0.021094 0.616667 0.019531 0.618750 0.018750 0.619792 0.015625 0.619792 0.014844 0.619792 0.013801 0.618846 0.013918 0.617552 0.013634 0.611109 0.014844 0.611458 0.015625 0.610417
0 0.091406 0.544792 0.099219 0.546875 0.100000 0.547917 0.098437 0.555208 0.097656 0.556250 0.094531 0.556250 0.093750 0.556250 0.091406 0.554167 0.090625 0.553125 0.089844 0.547917 0.089844 0.546875 0.091406 0.544792
0 0.518750 0.617708 0.519531 0.617708 0.520312 0.617708 0.520312 0.618750 0.521094 0.619792 0.521094 0.620833 0.521875 0.621875 0.522656 0.621875 0.523438 0.622917 0.524219 0.623958 0.524219 0.625000 0.525000 0.626042 0.527344 0.626042 0.528125 0.627083 0.528125 0.635417 0.527344 0.636458 0.526563 0.636458 0.525781 0.635417 0.525781 0.633333 0.525781 0.632292 0.525000 0.631250 0.524219 0.631250 0.523438 0.630208 0.523438 0.629167 0.523438 0.628125 0.522656 0.627083 0.521875 0.627083 0.521094 0.626042 0.521094 0.625000 0.521094 0.623958 0.519531 0.621875 0.518750 0.620833 0.517969 0.620833 0.517188 0.619792 0.518750 0.617708
0 0.022656 0.488542 0.032031 0.488542 0.032813 0.488542 0.039844 0.490625 0.040625 0.490625 0.056250 0.500000 0.057031 0.501042 0.062500 0.496875 0.063281 0.495833 0.067187 0.495833 0.067969 0.495833 0.068750 0.500000 0.067969 0.501042 0.071094 0.508333 0.071094 0.509375 0.067969 0.511458 0.067187 0.512500 0.059375 0.513542 0.058594 0.513542 0.050781 0.516667 0.050000 0.517708 0.045312 0.517708 0.044531 0.517708 0.039844 0.519792 0.039062 0.519792 0.023438 0.529167 0.022656 0.530208 0.000781 0.536458 0.000000 0.536458 0.000000 0.493750 0.000000 0.492708 0.022656 0.488542
0 0.266406 0.620833 0.267188 0.620833 0.267969 0.620833 0.267969 0.622917 0.268750 0.623958 0.268750 0.627083 0.268750 0.628125 0.267969 0.629167 0.267969 0.630208 0.266406 0.632292 0.265625 0.633333 0.265625 0.636458 0.265625 0.637500 0.266406 0.638542 0.267188 0.638542 0.267188 0.639583 0.267969 0.640625 0.268750 0.640625 0.269531 0.641667 0.270313 0.641667 0.271094 0.642708 0.271094 0.642708 0.270313 0.643750 0.269531 0.644792 0.268750 0.644792 0.267969 0.644792 0.267188 0.645833 0.267188 0.647917 0.267188 0.648958 0.267041 0.650047 0.265625 0.651042 0.264844 0.650000 0.264844 0.647917 0.264062 0.646875 0.264844 0.646875 0.265625 0.645833 0.265625 0.642708 0.264844 0.641667 0.263281 0.641667 0.262500 0.640625 0.259375 0.640625 0.258594 0.640625 0.258594 0.637500 0.257812 0.636458 0.253906 0.636458 0.253125 0.637500 0.253125 0.635417 0.253125 0.634375 0.254688 0.634375 0.255469 0.634375 0.256250 0.633333 0.257031 0.632292 0.257812 0.632292 0.258594 0.631250 0.259375 0.631250 0.260156 0.631250 0.260937 0.632292 0.262500 0.632292 0.263281 0.632292 0.264062 0.631250 0.264062 0.625000 0.264062 0.623958 0.264844 0.623958 0.265625 0.622917 0.266406 0.621875 0.266406 0.620833
0 0.914185 0.627390 0.919409 0.627227 0.920864 0.627554 0.922456 0.629248 0.921094 0.630208 0.921094 0.631250 0.920312 0.632292 0.919531 0.633333 0.918750 0.633333 0.917969 0.632292 0.913281 0.632292 0.912500 0.632292 0.912500 0.631250 0.912500 0.630208 0.913281 0.630208 0.913634 0.628269 0.914062 0.628125
0 0.290625 0.638542 0.292969 0.638542 0.293750 0.638542 0.294531 0.639583 0.294531 0.640625 0.294531 0.641667 0.293750 0.642708 0.292187 0.642708 0.291406 0.643750 0.291406 0.642708 0.290625 0.641667 0.290625 0.638542
0 0.609375 0.641667 0.610938 0.641667 0.611719 0.641667 0.611719 0.642708 0.611719 0.643750 0.613281 0.645833 0.613281 0.646875 0.612500 0.647917 0.612500 0.648958 0.612500 0.650000 0.611719 0.651042 0.610938 0.652083 0.610156 0.652083 0.609375 0.653125 0.608594 0.654167 0.607812 0.654167 0.607031 0.654167 0.606250 0.653125 0.606250 0.652083 0.605469 0.651042 0.606250 0.650000 0.606250 0.648958 0.607031 0.647917 0.607031 0.646875 0.608594 0.644792 0.609375 0.643750 0.609375 0.641667
0 0.962500 0.642708 0.963281 0.643750 0.964063 0.643750 0.964063 0.645833 0.963281 0.646875 0.963281 0.652083 0.963281 0.653125 0.962500 0.654167 0.961719 0.654167 0.960938 0.653125 0.960156 0.653125 0.959375 0.652083 0.958594 0.652083 0.957812 0.652083 0.957812 0.651042 0.957031 0.650000 0.959375 0.646875 0.959375 0.645833 0.960156 0.645833 0.960938 0.645833 0.961719 0.644792 0.961719 0.643750 0.962500 0.642708
0 0.303125 0.251042 0.305469 0.251042 0.306250 0.251042 0.307031 0.252083 0.307031 0.253125 0.307031 0.254167 0.307812 0.255208 0.308594 0.255208 0.309375 0.256250 0.309375 0.258333 0.309375 0.259375 0.309230 0.260295 0.308321 0.259786 0.307812 0.259375 0.307031 0.258333 0.306250 0.257292 0.305469 0.257292 0.303906 0.255208 0.303125 0.255208 0.303125 0.251042
0 0.066406 0.657292 0.067187 0.658333 0.067969 0.658333 0.068750 0.659375 0.069531 0.659375 0.068750 0.660417 0.068750 0.664583 0.068750 0.665625 0.069531 0.666667 0.070312 0.666667 0.070312 0.667708 0.069531 0.668750 0.068750 0.668750 0.067969 0.667708 0.064062 0.667708 0.063281 0.667708 0.061719 0.665625 0.060937 0.665625 0.060937 0.664583 0.060937 0.663542 0.061719 0.662500 0.061719 0.661458 0.061719 0.660417 0.062500 0.659375 0.063281 0.658333 0.064844 0.658333 0.065625 0.658333 0.066406 0.657292
0 0.621875 0.661458 0.622656 0.662500 0.622656 0.663542 0.622656 0.664583 0.621875 0.665625 0.621094 0.666667 0.621094 0.669792 0.621094 0.670833 0.620313 0.671875 0.620313 0.672917 0.620313 0.673958 0.619531 0.675000 0.619531 0.676042 0.619531 0.677083 0.618750 0.678125 0.618750 0.679167 0.617188 0.681250 0.616406 0.682292 0.615625 0.681250 0.616406 0.680208 0.616406 0.675000 0.616406 0.673958 0.617188 0.672917 0.617188 0.671875 0.617969 0.670833 0.617969 0.669792 0.618750 0.668750 0.618750 0.667708 0.618750 0.666667 0.620313 0.664583 0.621094 0.663542 0.621094 0.662500 0.621875 0.661458
0 0.631250 0.328125 0.638281 0.329167 0.639062 0.329167 0.643750 0.332292 0.644531 0.332292 0.646875 0.335417 0.646875 0.336458 0.644531 0.339583 0.643750 0.340625 0.631250 0.342708 0.630469 0.342708 0.628125 0.340625 0.627344 0.339583 0.627344 0.334375 0.627344 0.333333 0.631250 0.328125
0 0.000000 0.673958 0.000781 0.673958 0.001563 0.673958 0.002344 0.675000 0.003125 0.675000 0.003906 0.676042 0.004687 0.676042 0.005469 0.676042 0.005469 0.678125 0.006250 0.679167 0.005469 0.679167 0.004687 0.680208 0.003906 0.680208 0.003125 0.680208 0.002344 0.679167 0.001563 0.679167 0.000781 0.679167 0.000000 0.678125 0.000000 0.673958
0 0.396094 0.677083 0.397656 0.677083 0.398438 0.677083 0.399219 0.678125 0.400000 0.678125 0.400781 0.678125 0.401562 0.679167 0.402344 0.680208 0.403906 0.680208 0.403906 0.681250 0.403125 0.682292 0.401562 0.682292 0.400781 0.682292 0.400000 0.683333 0.398438 0.683333 0.397656 0.684375 0.395313 0.684375 0.394531 0.684375 0.394531 0.683333 0.393750 0.682292 0.393750 0.681250 0.393750 0.680208 0.394531 0.679167 0.394531 0.678125 0.395313 0.678125 0.396094 0.677083
0 0.252695 0.245948 0.250781 0.245735 0.249345 0.244885 0.246793 0.239993 0.248388 0.238504 0.251897 0.238504 0.253971 0.239142 0.254290 0.245948 0.253971 0.247011
0 0.532031 0.688542 0.532813 0.689583 0.533594 0.689583 0.534375 0.689583 0.535937 0.691667 0.536719 0.692708 0.536719 0.693750 0.537500 0.694792 0.538281 0.694792 0.537500 0.694792 0.536719 0.694792 0.535937 0.695833 0.535156 0.695833 0.534375 0.696875 0.532813 0.696875 0.532031 0.696875 0.531250 0.695833 0.530469 0.695833 0.530469 0.693750 0.529687 0.692708 0.528906 0.692708 0.528125 0.691667 0.528125 0.691667 0.528906 0.690625 0.529687 0.689583 0.530469 0.689583 0.531250 0.689583 0.532031 0.688542
0 0.098437 0.080208 0.103906 0.080208 0.104688 0.080208 0.122656 0.086458 0.123438 0.086458 0.124219 0.089583 0.124219 0.090625 0.120313 0.091667 0.119531 0.091667 0.108594 0.088542 0.107813 0.088542 0.100781 0.084375 0.100000 0.084375 0.098437 0.082292 0.097656 0.081250 0.098437 0.080208
0 0.397656 0.185417 0.400000 0.186458 0.400781 0.187500 0.400000 0.191667 0.400000 0.192708 0.392969 0.200000 0.392188 0.201042 0.390625 0.200000 0.389844 0.200000 0.389062 0.194792 0.389062 0.193750 0.390625 0.189583 0.390625 0.188542 0.397656 0.185417
0 0.804688 0.703125 0.805469 0.703125 0.806250 0.703125 0.805469 0.704167 0.805469 0.707292 0.806250 0.708333 0.809375 0.708333 0.810156 0.708333 0.809375 0.709375 0.809375 0.714583 0.810156 0.715625 0.810156 0.717708 0.810156 0.718750 0.809375 0.719792 0.808594 0.720833 0.805469 0.720833 0.804688 0.720833 0.804688 0.719792 0.803906 0.718750 0.803906 0.715625 0.803906 0.714583 0.804688 0.713542 0.804688 0.712500 0.805469 0.711458 0.805469 0.705208 0.805469 0.704167 0.804688 0.703125
0 0.092969 0.717708 0.093750 0.717708 0.094531 0.717708 0.095312 0.718750 0.096094 0.718750 0.096875 0.718750 0.099219 0.721875 0.100000 0.722917 0.102344 0.722917 0.103125 0.722917 0.104688 0.728125 0.104688 0.729167 0.103906 0.730208 0.103906 0.733333 0.103906 0.734375 0.103125 0.735417 0.103125 0.739583 0.102344 0.740625 0.102344 0.745833 0.101562 0.746875 0.098437 0.746875 0.097656 0.746875 0.096875 0.745833 0.096094 0.745833 0.094531 0.743750 0.093750 0.742708 0.092969 0.742708 0.091406 0.740625 0.090625 0.739583 0.090625 0.738542 0.090625 0.737500 0.089844 0.736458 0.089844 0.735417 0.089063 0.734375 0.088281 0.733333 0.085156 0.733333 0.084375 0.733333 0.084375 0.730208 0.084375 0.729167 0.085156 0.728125 0.086719 0.728125 0.087500 0.728125 0.089063 0.726042 0.089844 0.725000 0.089844 0.723958 0.089844 0.722917 0.090625 0.721875 0.090625 0.720833 0.091406 0.720833 0.092188 0.719792 0.092188 0.718750 0.092969 0.717708
0 0.794531 0.717708 0.796875 0.717708 0.797656 0.717708 0.798438 0.718750 0.799219 0.718750 0.799219 0.725000 0.800000 0.726042 0.798438 0.728125 0.797656 0.729167 0.796875 0.729167 0.796875 0.728125 0.796094 0.727083 0.795312 0.727083 0.793750 0.725000 0.792969 0.725000 0.792969 0.720833 0.792969 0.719792 0.794531 0.717708
0 0.644531 0.720833 0.645312 0.720833 0.646094 0.720833 0.646875 0.721875 0.647656 0.721875 0.648438 0.722917 0.649219 0.722917 0.651563 0.726042 0.651563 0.727083 0.652344 0.728125 0.653125 0.728125 0.653906 0.729167 0.653906 0.730208 0.654687 0.731250 0.654687 0.732292 0.655469 0.733333 0.655469 0.734375 0.656250 0.735417 0.656250 0.736458 0.656250 0.737500 0.657031 0.738542 0.657813 0.739583 0.657813 0.740625 0.658594 0.741667 0.658594 0.742708 0.658594 0.743750 0.659375 0.744792 0.660156 0.745833 0.660156 0.746875 0.657813 0.750000 0.657813 0.751042 0.657031 0.750000 0.657031 0.748958 0.655469 0.746875 0.654687 0.746875 0.654687 0.744792 0.654687 0.743750 0.652344 0.740625 0.651563 0.739583 0.651563 0.738542 0.651563 0.737500 0.649219 0.734375 0.648438 0.733333 0.647656 0.733333 0.646875 0.732292 0.646094 0.732292 0.646094 0.731250 0.645312 0.730208 0.645312 0.726042 0.645312 0.725000 0.644531 0.723958 0.643750 0.723958 0.643750 0.722917 0.643750 0.721875 0.644531 0.720833
0 0.583594 0.129167 0.588281 0.132292 0.589063 0.132292 0.593750 0.137500 0.594531 0.138542 0.603125 0.143750 0.603906 0.143750 0.604688 0.145833 0.604688 0.146875 0.596094 0.146875 0.595313 0.146875 0.581250 0.137500 0.580469 0.137500 0.579688 0.133333 0.579688 0.132292 0.583594 0.129167
0 0.848437 0.725000 0.850000 0.725000 0.850781 0.725000 0.851562 0.726042 0.850781 0.727083 0.850781 0.728125 0.850000 0.729167 0.849219 0.729167 0.848437 0.729167 0.848437 0.725000
0 0.798438 0.167708 0.802344 0.169792 0.803125 0.169792 0.806250 0.186458 0.807031 0.187500 0.807031 0.197917 0.807031 0.198958 0.803125 0.205208 0.802344 0.206250 0.808594 0.211458 0.809375 0.211458 0.810937 0.226042 0.810937 0.227083 0.813281 0.229167 0.814063 0.230208 0.817187 0.230208 0.817969 0.230208 0.822656 0.234375 0.823438 0.234375 0.827344 0.244792 0.828125 0.245833 0.821094 0.259375 0.821094 0.260417 0.814844 0.267708 0.814063 0.268750 0.803125 0.271875 0.802344 0.272917 0.800000 0.272917 0.799219 0.272917 0.793750 0.267708 0.792969 0.266667 0.787500 0.266667 0.786719 0.266667 0.777344 0.258333 0.776563 0.257292 0.775000 0.253125 0.774219 0.252083 0.775781 0.247917 0.775781 0.246875 0.764844 0.229167 0.764062 0.228125 0.760938 0.214583 0.760938 0.213542 0.757812 0.206250 0.757812 0.205208 0.754687 0.201042 0.753906 0.200000 0.754687 0.196875 0.755469 0.195833 0.767188 0.190625 0.767969 0.190625 0.771094 0.184375 0.771875 0.183333 0.778906 0.183333 0.779687 0.183333 0.786719 0.173958 0.787500 0.172917 0.798438 0.167708
0 0.782031 0.370833 0.790625 0.371875 0.791406 0.371875 0.793750 0.375000 0.794531 0.376042 0.794531 0.381250 0.794531 0.382292 0.790625 0.386458 0.789844 0.387500 0.784375 0.384375 0.783594 0.384375 0.781250 0.379167 0.780469 0.378125 0.780469 0.372917 0.780469 0.371875 0.782031 0.370833
0 0.281250 0.729167 0.285938 0.729167 0.286719 0.729167 0.286719 0.734375 0.286719 0.735417 0.287500 0.736458 0.288281 0.736458 0.288281 0.740625 0.288281 0.741667 0.286719 0.743750 0.286719 0.744792 0.285156 0.746875 0.284375 0.747917 0.283594 0.747917 0.282813 0.748958 0.281250 0.748958 0.280469 0.748958 0.279687 0.747917 0.278906 0.747917 0.278125 0.746875 0.277344 0.746875 0.276562 0.746875 0.275781 0.745833 0.275000 0.744792 0.275000 0.742708 0.274219 0.741667 0.274219 0.738542 0.274219 0.737500 0.275781 0.735417 0.275781 0.734375 0.276562 0.733333 0.277344 0.732292 0.278125 0.732292 0.278906 0.731250 0.279687 0.730208 0.280469 0.730208 0.281250 0.729167
0 0.794531 0.441667 0.801562 0.441667 0.802344 0.441667 0.804688 0.443750 0.804688 0.444792 0.803125 0.446875 0.802344 0.447917 0.796875 0.448958 0.796094 0.448958 0.792969 0.446875 0.792188 0.445833 0.794531 0.441667
0 0.998437 0.476042 0.999804 0.476153 1.000000 0.483184 0.998437 0.483333 0.996094 0.483333 0.995313 0.483333 0.994531 0.484375 0.991406 0.484375 0.990625 0.483333 0.991406 0.482292 0.991406 0.481250 0.992188 0.480208 0.992969 0.479167 0.992969 0.478125 0.992969 0.477083 0.996875 0.477083 0.997656 0.477083 0.998437 0.476042
0 0.954688 0.245833 0.955469 0.245833 0.956250 0.245833 0.958594 0.248958 0.959375 0.250000 0.960156 0.250000 0.959982 0.251360 0.960285 0.251254 0.962496 0.251171 0.962445 0.252120 0.960151 0.252192 0.960198 0.253079 0.959375 0.253125 0.955469 0.253125 0.954688 0.253125 0.954688 0.252083 0.953906 0.251042 0.953906 0.248958 0.953906 0.247917 0.954688 0.246875 0.954688 0.245833
0 0.875000 0.228125 0.875781 0.228125 0.876563 0.228125 0.876563 0.230208 0.876563 0.231250 0.877344 0.232292 0.877344 0.233333 0.876563 0.234375 0.870313 0.234375 0.869531 0.234375 0.869531 0.230208 0.870313 0.229167 0.873437 0.229167 0.874219 0.229167 0.875000 0.228125
0 0.839063 0.763542 0.839844 0.763542 0.840625 0.763542 0.841406 0.764583 0.841406 0.766667 0.841406 0.767708 0.840625 0.768750 0.840625 0.769792 0.839844 0.770833 0.839063 0.771875 0.839063 0.772917 0.838281 0.773958 0.838281 0.775000 0.837500 0.776042 0.837500 0.778125 0.836719 0.779167 0.836719 0.784375 0.836719 0.785417 0.835938 0.786458 0.835938 0.787500 0.835156 0.788542 0.834375 0.788542 0.833594 0.787500 0.833594 0.784375 0.833594 0.783333 0.834375 0.782292 0.834375 0.779167 0.834375 0.778125 0.835156 0.777083 0.835156 0.776042 0.835938 0.775000 0.835938 0.773958 0.835938 0.772917 0.836719 0.771875 0.836719 0.770833 0.838281 0.768750 0.839063 0.767708 0.839063 0.763542
0 0.507031 0.771875 0.509375 0.771875 0.510156 0.771875 0.510938 0.772917 0.510938 0.773958 0.511719 0.775000 0.512500 0.775000 0.510938 0.775000 0.510156 0.776042 0.507812 0.776042 0.507031 0.776042 0.506250 0.775000 0.505469 0.775000 0.505469 0.773958 0.505469 0.772917 0.506250 0.772917 0.507031 0.771875
0 0.789062 0.771875 0.791406 0.771875 0.792188 0.771875 0.792969 0.772917 0.793750 0.772917 0.794531 0.773958 0.795312 0.773958 0.795312 0.776042 0.796094 0.777083 0.796094 0.780208 0.796875 0.781250 0.795312 0.783333 0.794531 0.784375 0.793750 0.784375 0.793750 0.782292 0.792969 0.781250 0.792391 0.780027 0.793342 0.779212 0.793750 0.777083 0.792969 0.776042 0.792188 0.776042 0.791406 0.775000 0.789844 0.775000 0.789062 0.775000 0.788281 0.773958 0.789062 0.772917 0.789062 0.771875
0 0.997656 0.779167 0.998437 0.779167 0.999219 0.779167 0.999219 0.785417 0.998437 0.786458 0.992969 0.786458 0.992188 0.786458 0.991406 0.785417 0.989844 0.785417 0.989062 0.785417 0.989062 0.784375 0.988281 0.783333 0.989062 0.782292 0.989844 0.782292 0.990625 0.782292 0.991406 0.781250 0.991406 0.780208 0.996094 0.780208 0.996875 0.780208 0.997656 0.779167
0 0.373437 0.781250 0.375000 0.781250 0.375781 0.782292 0.375781 0.786458 0.376563 0.787500 0.375000 0.789583 0.374219 0.790625 0.371875 0.790625 0.371094 0.790625 0.370312 0.791667 0.369531 0.792708 0.369531 0.795833 0.369531 0.796875 0.368750 0.797917 0.367969 0.797917 0.367188 0.798958 0.366406 0.800000 0.365625 0.800000 0.364844 0.800000 0.364063 0.798958 0.364844 0.797917 0.364844 0.789583 0.364844 0.788542 0.368750 0.788542 0.369531 0.788542 0.371094 0.786458 0.371875 0.785417 0.372656 0.785417 0.373437 0.784375 0.373437 0.781250
0 0.985980 0.180352 0.984413 0.181396 0.982455 0.181657 0.979910 0.183224 0.979127 0.184268 0.977560 0.184790 0.975798 0.184790 0.975407 0.184268 0.970708 0.184268 0.969924 0.183224 0.969729 0.177481 0.969337 0.176697 0.969141 0.173042 0.968162 0.169910 0.968358 0.168343 0.968945 0.167821 0.972666 0.167821 0.975015 0.171215 0.975602 0.171215 0.978931 0.174348 0.980106 0.174087 0.981281 0.171998 0.981281 0.170954 0.982064 0.169126 0.985001 0.169126 0.987350 0.171215 0.989113 0.174609 0.988917 0.175653 0.987938 0.176175 0.986959 0.178264
0 0.903906 0.786458 0.905469 0.786458 0.906250 0.786458 0.906250 0.787500 0.907031 0.788542 0.907031 0.790625 0.907813 0.791667 0.907813 0.792708 0.907813 0.793750 0.907031 0.794792 0.906250 0.795833 0.906250 0.796875 0.905469 0.797917 0.904687 0.797917 0.904687 0.795833 0.904687 0.794792 0.903906 0.793750 0.903125 0.793750 0.903125 0.789583 0.903125 0.788542 0.903906 0.787500 0.903906 0.786458
0 0.824219 0.091667 0.827344 0.091667 0.828125 0.091667 0.832031 0.095833 0.832812 0.096875 0.835938 0.107292 0.836719 0.108333 0.837500 0.117708 0.837500 0.118750 0.849219 0.152083 0.849219 0.153125 0.842969 0.146875 0.842187 0.145833 0.835156 0.145833 0.834375 0.145833 0.832031 0.143750 0.832038 0.140757 0.829582 0.132142 0.830032 0.128549 0.826913 0.122475 0.824219 0.120833 0.824219 0.117708 0.823438 0.116667 0.822656 0.095833 0.822656 0.094792 0.824219 0.091667
0 0.860156 0.115625 0.862500 0.115625 0.863281 0.115625 0.863281 0.118750 0.863281 0.119792 0.861719 0.122917 0.860938 0.123958 0.857031 0.127083 0.856250 0.127083 0.855469 0.123958 0.855469 0.122917 0.860156 0.115625
0 0.323437 0.146875 0.325781 0.146875 0.326562 0.146875 0.326562 0.151042 0.326562 0.152083 0.325781 0.153125 0.325781 0.158333 0.325000 0.159375 0.324219 0.159375 0.323437 0.158333 0.323437 0.157292 0.323437 0.156250 0.322656 0.155208 0.322656 0.153125 0.321875 0.152083 0.322656 0.151042 0.323437 0.150000 0.323437 0.146875
0 0.339062 0.800000 0.339844 0.801042 0.341406 0.801042 0.341406 0.802083 0.340625 0.803125 0.339844 0.804167 0.339062 0.804167 0.338281 0.805208 0.338281 0.806250 0.338281 0.807292 0.337500 0.808333 0.337500 0.809375 0.337500 0.810417 0.336719 0.811458 0.336719 0.812500 0.335938 0.813542 0.335938 0.814583 0.335938 0.815625 0.335156 0.816667 0.335156 0.817708 0.334375 0.818750 0.333594 0.819792 0.333594 0.820833 0.332813 0.821875 0.332031 0.822917 0.332031 0.823958 0.330469 0.826042 0.330469 0.827083 0.327344 0.831250 0.326562 0.832292 0.326562 0.833333 0.325781 0.834375 0.325781 0.835417 0.325000 0.836458 0.325000 0.837500 0.323437 0.839583 0.323437 0.840625 0.322656 0.841667 0.321875 0.841667 0.317969 0.846875 0.317188 0.847917 0.317188 0.848958 0.317188 0.850000 0.316406 0.851042 0.315625 0.851042 0.314844 0.852083 0.314063 0.852083 0.310937 0.856250 0.310156 0.857292 0.310156 0.858333 0.309375 0.859375 0.308594 0.859375 0.307812 0.860417 0.307031 0.861458 0.304688 0.861458 0.303906 0.861458 0.303125 0.860417 0.302344 0.859375 0.302344 0.858333 0.302344 0.857292 0.303125 0.856250 0.303125 0.855208 0.303906 0.854167 0.303906 0.853125 0.304688 0.853125 0.305469 0.852083 0.305469 0.850000 0.305469 0.848958 0.306250 0.848958 0.307031 0.847917 0.307812 0.846875 0.307812 0.845833 0.308594 0.844792 0.309375 0.843750 0.309375 0.842708 0.310156 0.841667 0.310156 0.839583 0.310156 0.838542 0.310937 0.838542 0.311719 0.838542 0.312500 0.837500 0.313281 0.837500 0.314063 0.836458 0.314063 0.832292 0.314063 0.831250 0.314844 0.831250 0.315625 0.831250 0.316406 0.830208 0.316406 0.829167 0.319531 0.825000 0.320312 0.823958 0.320312 0.822917 0.320312 0.821875 0.321094 0.820833 0.321875 0.820833 0.322656 0.820833 0.324219 0.818750 0.325000 0.817708 0.325000 0.814583 0.325000 0.813542 0.325000 0.812500 0.325781 0.812500 0.326562 0.811458 0.327344 0.811458 0.328125 0.811458 0.330469 0.808333 0.330469 0.807292 0.331250 0.807292 0.332031 0.806250 0.332813 0.805208 0.333594 0.805208 0.335156 0.803125 0.335156 0.802083 0.335938 0.802083 0.336719 0.801042 0.337500 0.801042 0.338281 0.801042 0.339062 0.800000
0 0.211232 0.163078 0.212631 0.162379 0.213330 0.159348 0.214904 0.158183 0.215428 0.157017 0.217002 0.155385 0.217002 0.153753 0.216128 0.152588 0.215778 0.150723 0.214379 0.150490 0.213330 0.150490 0.210882 0.152121 0.210183 0.152821 0.210008 0.153986 0.208959 0.155618 0.208784 0.162612 0.209134 0.162845
0 0.188281 0.114583 0.189844 0.114583 0.190625 0.115625 0.189844 0.123958 0.189844 0.125000 0.195312 0.141667 0.196094 0.142708 0.196875 0.152083 0.196094 0.153125 0.192969 0.150000 0.192188 0.148958 0.187500 0.134375 0.186719 0.133333 0.185156 0.120833 0.185156 0.119792 0.185938 0.117708 0.185938 0.116667 0.188281 0.114583
0 0.147656 0.805208 0.148438 0.805208 0.149219 0.805208 0.150000 0.806250 0.150781 0.807292 0.151562 0.807292 0.152344 0.808333 0.153125 0.809375 0.153906 0.809375 0.154688 0.810417 0.154688 0.811458 0.153906 0.812500 0.153125 0.813542 0.152344 0.813542 0.151562 0.813542 0.150781 0.814583 0.150000 0.815625 0.146875 0.815625 0.146094 0.815625 0.145313 0.814583 0.144531 0.814583 0.143750 0.813542 0.143750 0.810417 0.143750 0.809375 0.145313 0.807292 0.146094 0.806250 0.146875 0.806250 0.147656 0.805208
0 0.212500 0.805208 0.213281 0.805208 0.214062 0.805208 0.214844 0.806250 0.215625 0.806250 0.216406 0.807292 0.217188 0.807292 0.217203 0.810482 0.215625 0.810417 0.214927 0.810205 0.213081 0.810593 0.211719 0.810417 0.211719 0.814583 0.211719 0.815625 0.212500 0.816667 0.213281 0.817708 0.212500 0.817708 0.211719 0.818750 0.210938 0.817708 0.210156 0.817708 0.209375 0.816667 0.208594 0.816667 0.207813 0.815625 0.207031 0.815625 0.207031 0.810417 0.207031 0.809375 0.210156 0.809375 0.210938 0.809375 0.211719 0.808333 0.212500 0.807292 0.212500 0.805208
0 0.649640 0.097243 0.651424 0.097103 0.652368 0.096684 0.652892 0.096404 0.653102 0.095844 0.653522 0.095425 0.655305 0.094586 0.656249 0.094446 0.656669 0.094586 0.656984 0.095005 0.657403 0.095145 0.658242 0.094306 0.658452 0.093606 0.658452 0.093047 0.659711 0.092487 0.659816 0.091368 0.659501 0.090949 0.659396 0.090389 0.659501 0.088571 0.659187 0.088151 0.657403 0.088431 0.655620 0.088431 0.654676 0.088011 0.654361 0.087592 0.653207 0.086892 0.652787 0.086892 0.651319 0.087452 0.648171 0.090669 0.647332 0.092068 0.646913 0.093187 0.646598 0.096544 0.647647 0.097103 0.648696 0.097383
0 0.697303 0.088478 0.695904 0.088944 0.694506 0.088711 0.693806 0.088011 0.693631 0.086379 0.692058 0.085447 0.691883 0.084748 0.691883 0.084048 0.692582 0.083349 0.695380 0.083349 0.696604 0.084048 0.699051 0.086146 0.699576 0.089177 0.699401 0.089643 0.698702 0.089410
0 0.606250 0.811458 0.607031 0.811458 0.607812 0.811458 0.607812 0.815625 0.607812 0.816667 0.608594 0.817708 0.608594 0.818750 0.609375 0.819792 0.609375 0.820833 0.610156 0.821875 0.610938 0.821875 0.610938 0.822917 0.611719 0.823958 0.610938 0.823958 0.610156 0.825000 0.609375 0.823958 0.606250 0.823958 0.605469 0.823958 0.603906 0.821875 0.603125 0.820833 0.603125 0.819792 0.602344 0.818750 0.602344 0.815625 0.602344 0.814583 0.603125 0.813542 0.603125 0.812500 0.604688 0.812500 0.605469 0.812500 0.606250 0.811458
0 0.869531 0.812500 0.871094 0.812500 0.871875 0.812500 0.872656 0.813542 0.873437 0.813542 0.873437 0.814583 0.874219 0.815625 0.875000 0.815625 0.874219 0.816667 0.873437 0.817708 0.872656 0.817708 0.871875 0.818750 0.871094 0.818750 0.870313 0.818750 0.869531 0.819792 0.868750 0.819792 0.867969 0.819792 0.867188 0.820833 0.866406 0.820833 0.865625 0.819792 0.865625 0.816667 0.865625 0.815625 0.866406 0.814583 0.867188 0.813542 0.867969 0.813542 0.868750 0.813542 0.869531 0.812500
0 0.480469 0.821875 0.482031 0.821875 0.482812 0.821875 0.483594 0.822917 0.484375 0.822917 0.485156 0.823958 0.485938 0.823958 0.485938 0.826042 0.485938 0.827083 0.486719 0.828125 0.487500 0.828125 0.487500 0.832292 0.487500 0.833333 0.488281 0.834375 0.488281 0.835417 0.487500 0.836458 0.487500 0.837500 0.487500 0.838542 0.486719 0.839583 0.486719 0.840625 0.482031 0.846875 0.481250 0.846875 0.480469 0.847917 0.480469 0.848958 0.479687 0.850000 0.478906 0.851042 0.478125 0.851042 0.476562 0.853125 0.475781 0.853125 0.473438 0.856250 0.472656 0.856250 0.471875 0.855208 0.471094 0.855208 0.470313 0.854167 0.470313 0.853125 0.469531 0.852083 0.470313 0.851042 0.470313 0.844792 0.470313 0.843750 0.468750 0.841667 0.467969 0.840625 0.467969 0.836458 0.467969 0.835417 0.468750 0.835417 0.469531 0.834375 0.469531 0.833333 0.470313 0.832292 0.470313 0.831250 0.470313 0.830208 0.471875 0.828125 0.472656 0.827083 0.473438 0.827083 0.474219 0.826042 0.475000 0.825000 0.475781 0.825000 0.476562 0.823958 0.477344 0.823958 0.478125 0.822917 0.478906 0.822917 0.479687 0.822917 0.480469 0.821875
0 0.196875 0.822917 0.201563 0.822917 0.202344 0.823958 0.202344 0.825000 0.202344 0.826042 0.201563 0.827083 0.201563 0.828125 0.201563 0.829167 0.200781 0.830208 0.200781 0.831250 0.200000 0.832292 0.197656 0.832292 0.196875 0.831250 0.196875 0.828125 0.196094 0.827083 0.196875 0.826042 0.196875 0.822917
0 0.533441 0.013512 0.542870 0.013512 0.543089 0.011758 0.541773 0.010880 0.541554 0.009711 0.541116 0.009419 0.538484 0.009419 0.534976 0.009419 0.532126 0.010003
0 0.683158 0.049025 0.680462 0.049025 0.680013 0.047527 0.678889 0.046328 0.678440 0.044231 0.677316 0.043333 0.677092 0.033746 0.677541 0.033146 0.677766 0.031349 0.678157 0.031088 0.678664 0.031049 0.681361 0.034944 0.682260 0.038539 0.684057 0.041235 0.684506 0.042434 0.684956 0.047826
0 0.612805 0.047651 0.608330 0.047651 0.606540 0.046756 0.603520 0.046756 0.601954 0.045861 0.598822 0.045861 0.598039 0.045264 0.597815 0.044518 0.598262 0.043624 0.599157 0.042729 0.599828 0.042579 0.604079 0.042579 0.606652 0.042281 0.607547 0.041983 0.608442 0.041237 0.610344 0.041088 0.610568 0.040193 0.610568 0.038254 0.610680 0.037657 0.610903 0.037210 0.610903 0.036613 0.611351 0.036166 0.612805 0.036166 0.613700 0.036911 0.614371 0.037210 0.614707 0.037657 0.615154 0.037806 0.615490 0.038254 0.615714 0.039745 0.615714 0.040939 0.615154 0.042132 0.614483 0.042729 0.614147 0.043325 0.613924 0.044518 0.613924 0.047054 0.613700 0.047651
0 0.005469 0.829167 0.007031 0.829167 0.007812 0.829167 0.007812 0.833333 0.007812 0.834375 0.008594 0.835417 0.008594 0.836458 0.007812 0.837500 0.007031 0.838542 0.006250 0.838542 0.005469 0.838542 0.004687 0.839583 0.003906 0.839583 0.003125 0.838542 0.003125 0.837500 0.002344 0.836458 0.002344 0.834375 0.002344 0.833333 0.005469 0.829167
0 0.103906 0.836458 0.104688 0.836458 0.105469 0.836458 0.106250 0.837500 0.107031 0.838542 0.107031 0.839583 0.107813 0.840625 0.107031 0.840625 0.106250 0.841667 0.106250 0.842708 0.105469 0.843750 0.105469 0.844792 0.104688 0.843750 0.103906 0.842708 0.103906 0.840625 0.103125 0.839583 0.103125 0.838542 0.103125 0.837500 0.103906 0.836458
0 0.584283 0.014936 0.580962 0.014936 0.580056 0.014534 0.578697 0.014534 0.578093 0.014131 0.574017 0.014131 0.573564 0.013930 0.571300 0.013930 0.570696 0.013527 0.569337 0.013326 0.567978 0.012521 0.566921 0.011112 0.566469 0.011112 0.565563 0.010709 0.565261 0.010307 0.564808 0.010105 0.564204 0.007690 0.564204 0.007086 0.565261 0.006683 0.565563 0.006281 0.569941 0.006281 0.570847 0.006885 0.571149 0.007489 0.571149 0.008696 0.571602 0.009099 0.572055 0.009300 0.575829 0.009300 0.576282 0.009502 0.576584 0.010105 0.577037 0.010508 0.577489 0.010709 0.578093 0.010709 0.578395 0.011112 0.579452 0.011313 0.580207 0.010508 0.580660 0.010508 0.582019 0.009904 0.586397 0.009904 0.586397 0.010508 0.585944 0.010911 0.585944 0.013125 0.585793 0.013729 0.585491 0.014131
0 0.263281 0.841667 0.267969 0.841667 0.268750 0.841667 0.270313 0.843750 0.271094 0.844792 0.271094 0.847917 0.271094 0.848958 0.270313 0.850000 0.269531 0.851042 0.268750 0.851042 0.267969 0.851042 0.267188 0.850000 0.265625 0.850000 0.264844 0.850000 0.264062 0.848958 0.264062 0.847917 0.263281 0.846875 0.263281 0.841667
0 0.514062 0.012500 0.516406 0.012500 0.517188 0.013542 0.516406 0.019792 0.516406 0.020833 0.514062 0.022917 0.513281 0.023958 0.509375 0.023958 0.508594 0.023958 0.508594 0.021875 0.508594 0.020833 0.514062 0.012500
0 0.447656 0.012500 0.449219 0.012500 0.450000 0.012500 0.458594 0.023958 0.458594 0.025000 0.454688 0.026042 0.453906 0.026042 0.448437 0.021875 0.447656 0.021875 0.447656 0.012500
0 0.221875 0.842708 0.222656 0.842708 0.223438 0.842708 0.223438 0.843750 0.224219 0.844792 0.224219 0.845833 0.225000 0.846875 0.225781 0.846875 0.226562 0.846875 0.227344 0.847917 0.228125 0.848958 0.228125 0.850000 0.228906 0.851042 0.228906 0.852083 0.228125 0.853125 0.228125 0.854167 0.227344 0.855208 0.226562 0.855208 0.225781 0.856250 0.223438 0.856250 0.222656 0.856250 0.221875 0.855208 0.221875 0.854167 0.221094 0.853125 0.221094 0.852083 0.220312 0.851042 0.220312 0.848958 0.221094 0.847917 0.221094 0.844792 0.221094 0.843750 0.221875 0.842708
0 0.253853 0.039276 0.254688 0.037500 0.255469 0.038542 0.255469 0.043750 0.255469 0.044792 0.253906 0.046875 0.253125 0.047917 0.250781 0.047917 0.250000 0.047917 0.247656 0.043750 0.247656 0.042708 0.251136 0.041088
0 0.136653 0.006683 0.134389 0.005476 0.128803 0.005073 0.127897 0.004469 0.127595 0.004067 0.128501 0.002054 0.128954 0.001651 0.130766 0.001651 0.131218 0.001852 0.138918 0.001852 0.139824 0.001450 0.145259 0.001450 0.148429 0.002658 0.149335 0.002859 0.151147 0.002859 0.151600 0.003261 0.152656 0.003664 0.153109 0.004067 0.153562 0.004067 0.154921 0.004872 0.156431 0.005476 0.156733 0.007086 0.156733 0.007690 0.156431 0.008092 0.155978 0.008294 0.155525 0.008898 0.154619 0.008898 0.154166 0.009300 0.152958 0.009300 0.151751 0.008898 0.151298 0.008495 0.148580 0.007086 0.146618 0.007086 0.145712 0.007690 0.146316 0.010307 0.146316 0.011313 0.146014 0.011716 0.145108 0.011716 0.144806 0.012118 0.144353 0.012320 0.141032 0.012320 0.140126 0.011917 0.139824 0.011514 0.139673 0.010911 0.140730 0.009300 0.140881 0.008092 0.141334 0.007690 0.141484 0.006885 0.140579 0.006482 0.138163 0.006482
0 0.119531 0.852083 0.120313 0.852083 0.121094 0.852083 0.121875 0.853125 0.122656 0.853125 0.121875 0.854167 0.121875 0.858333 0.121875 0.859375 0.121094 0.860417 0.121094 0.861458 0.120313 0.862500 0.119531 0.863542 0.118750 0.863542 0.117969 0.863542 0.117969 0.858333 0.117969 0.857292 0.118750 0.856250 0.118750 0.855208 0.118750 0.854167 0.119531 0.853125 0.119531 0.852083
0 0.691406 0.268750 0.698438 0.268750 0.699219 0.268750 0.700000 0.269792 0.701562 0.269792 0.702344 0.270833 0.706250 0.270833 0.707031 0.270833 0.707031 0.271875 0.707812 0.272917 0.707812 0.273958 0.707031 0.275000 0.705469 0.275000 0.704688 0.273958 0.701562 0.273958 0.700781 0.275000 0.700000 0.275000 0.699219 0.273958 0.696094 0.273958 0.695312 0.273958 0.694531 0.275000 0.693750 0.275000 0.692969 0.275000 0.692969 0.272917 0.692969 0.271875 0.692187 0.270833 0.692187 0.269792 0.691406 0.268750
