0 0.592969 0.429167 0.595313 0.429167 0.596094 0.429167 0.599219 0.433333 0.600000 0.434375 0.605469 0.434375 0.606250 0.435417 0.605469 0.458333 0.605469 0.459375 0.602344 0.465625 0.602344 0.466667 0.595313 0.475000 0.594531 0.476042 0.588281 0.476042 0.587500 0.476042 0.583594 0.473958 0.582812 0.472917 0.575781 0.471875 0.575000 0.471875 0.568750 0.475000 0.567969 0.476042 0.560156 0.477083 0.559375 0.477083 0.548438 0.462500 0.547656 0.461458 0.544531 0.447917 0.543750 0.446875 0.543750 0.444792 0.543750 0.443750 0.545312 0.441667 0.546094 0.440625 0.566406 0.435417 0.567187 0.434375 0.587500 0.434375 0.588281 0.434375 0.592969 0.429167
0 0.578125 0.478125 0.588281 0.478125 0.589063 0.478125 0.592969 0.482292 0.593750 0.483333 0.596875 0.490625 0.597656 0.491667 0.596875 0.507292 0.596875 0.508333 0.590625 0.510417 0.589844 0.510417 0.579688 0.504167 0.578906 0.503125 0.573438 0.502083 0.572656 0.502083 0.570312 0.500000 0.569531 0.500000 0.567969 0.496875 0.567187 0.495833 0.567969 0.488542 0.567969 0.487500 0.578125 0.478125
0 0.603125 0.510417 0.611719 0.511458 0.612500 0.512500 0.622656 0.512500 0.623437 0.512500 0.625781 0.514583 0.626563 0.515625 0.628125 0.522917 0.628125 0.523958 0.630469 0.528125 0.630469 0.529167 0.619531 0.548958 0.618750 0.550000 0.611719 0.548958 0.610938 0.547917 0.603125 0.552083 0.602344 0.552083 0.599219 0.545833 0.599219 0.544792 0.591406 0.534375 0.590625 0.533333 0.586719 0.532292 0.585938 0.532292 0.585938 0.529167 0.585938 0.528125 0.590625 0.521875 0.591406 0.520833 0.603125 0.510417
0 0.606250 0.510417 0.610938 0.511458 0.611719 0.512500 0.621875 0.512500 0.622656 0.512500 0.625000 0.514583 0.625781 0.514583 0.630469 0.529167 0.630469 0.530208 0.619531 0.548958 0.618750 0.550000 0.610156 0.548958 0.609375 0.548958 0.604688 0.552083 0.603906 0.553125 0.610156 0.563542 0.610938 0.564583 0.613281 0.570833 0.613281 0.571875 0.600000 0.585417 0.599219 0.586458 0.596875 0.587500 0.596094 0.588542 0.592187 0.588542 0.591406 0.588542 0.585938 0.584375 0.585156 0.584375 0.575781 0.567708 0.575000 0.566667 0.570312 0.554167 0.569531 0.553125 0.568750 0.547917 0.567969 0.546875 0.567969 0.539583 0.567969 0.538542 0.575781 0.537500 0.576562 0.537500 0.583594 0.534375 0.584375 0.534375 0.586719 0.528125 0.586719 0.527083 0.589063 0.523958 0.589844 0.522917 0.601562 0.512500 0.602344 0.511458 0.606250 0.510417
0 0.826562 0.308333 0.828906 0.308333 0.829688 0.308333 0.830469 0.310417 0.831250 0.311458 0.832031 0.322917 0.832812 0.323958 0.832031 0.333333 0.832031 0.334375 0.828906 0.339583 0.828125 0.340625 0.819531 0.348958 0.818750 0.350000 0.807813 0.357292 0.807031 0.358333 0.805469 0.357292 0.804688 0.357292 0.792969 0.342708 0.792188 0.341667 0.792969 0.338542 0.792969 0.337500 0.796094 0.332292 0.796875 0.331250 0.800781 0.330208 0.801562 0.330208 0.808594 0.323958 0.809375 0.323958 0.815625 0.314583 0.816406 0.313542 0.826562 0.308333
0 0.817969 0.352083 0.823438 0.354167 0.824219 0.355208 0.824219 0.364583 0.824219 0.365625 0.825781 0.375000 0.826562 0.376042 0.827344 0.391667 0.827344 0.392708 0.821875 0.394792 0.821094 0.395833 0.817187 0.395833 0.816406 0.396875 0.806250 0.395833 0.805469 0.395833 0.802344 0.392708 0.801562 0.391667 0.801562 0.380208 0.801562 0.379167 0.803125 0.371875 0.803125 0.370833 0.808594 0.357292 0.809375 0.356250 0.817969 0.352083
0 0.886719 0.156250 0.888281 0.156250 0.889062 0.156250 0.898438 0.170833 0.899219 0.171875 0.903125 0.173958 0.903125 0.175000 0.898438 0.188542 0.897656 0.189583 0.896875 0.201042 0.896875 0.202083 0.895312 0.205208 0.895312 0.206250 0.885156 0.223958 0.884375 0.225000 0.880469 0.225000 0.879687 0.225000 0.873437 0.210417 0.872656 0.209375 0.871875 0.206250 0.871875 0.205208 0.873437 0.200000 0.873437 0.198958 0.870313 0.190625 0.870313 0.189583 0.875000 0.185417 0.875781 0.184375 0.877344 0.178125 0.878125 0.177083 0.878906 0.167708 0.878906 0.166667 0.880469 0.163542 0.880469 0.162500 0.886719 0.156250
0 0.858594 0.209375 0.864844 0.209375 0.865625 0.209375 0.871875 0.211458 0.872656 0.211458 0.875000 0.215625 0.875781 0.216667 0.877344 0.223958 0.878125 0.225000 0.878125 0.230208 0.878125 0.231250 0.876563 0.235417 0.875781 0.236458 0.872656 0.238542 0.871875 0.239583 0.869531 0.239583 0.868750 0.240625 0.860156 0.239583 0.859375 0.238542 0.844531 0.238542 0.843750 0.238542 0.837500 0.236458 0.836719 0.235417 0.835938 0.232292 0.835156 0.231250 0.835156 0.217708 0.835156 0.216667 0.846875 0.212500 0.847656 0.211458 0.858594 0.209375
0 0.833594 0.216667 0.835156 0.233333 0.835938 0.234375 0.835156 0.239583 0.835156 0.240625 0.825781 0.242708 0.825000 0.242708 0.819531 0.252083 0.818750 0.253125 0.807031 0.245833 0.806250 0.245833 0.798438 0.237500 0.797656 0.236458 0.798438 0.233333 0.798438 0.232292 0.803125 0.229167 0.803906 0.228125 0.821875 0.220833 0.822656 0.219792 0.833594 0.216667
0 0.971094 0.025000 0.984375 0.026042 0.985156 0.027083 0.998437 0.026042 0.999219 0.026042 0.999219 0.073958 0.999219 0.075000 0.994531 0.076042 0.993750 0.076042 0.985156 0.081250 0.984375 0.082292 0.974219 0.079167 0.973437 0.078125 0.960938 0.077083 0.960156 0.077083 0.956250 0.075000 0.955469 0.073958 0.955469 0.071875 0.955469 0.070833 0.958594 0.062500 0.959375 0.061458 0.959375 0.055208 0.959375 0.054167 0.961719 0.042708 0.961719 0.041667 0.964063 0.036458 0.964063 0.035417 0.971094 0.025000
0 0.966406 0.194792 0.972656 0.197917 0.973437 0.197917 0.984375 0.209375 0.985156 0.210417 0.985938 0.218750 0.985938 0.219792 0.982031 0.223958 0.981250 0.225000 0.982031 0.232292 0.982031 0.233333 0.978906 0.242708 0.978125 0.243750 0.975781 0.243750 0.975000 0.243750 0.970313 0.236458 0.969531 0.235417 0.967187 0.234375 0.966406 0.233333 0.959375 0.232292 0.958594 0.232292 0.954688 0.228125 0.953906 0.227083 0.956250 0.222917 0.956250 0.221875 0.960156 0.217708 0.960938 0.216667 0.961719 0.211458 0.961719 0.210417 0.964844 0.205208 0.965625 0.204167 0.966406 0.194792
0 0.963281 0.187500 0.967969 0.188542 0.968750 0.188542 0.968750 0.191667 0.968750 0.192708 0.964844 0.200000 0.964844 0.201042 0.959375 0.204167 0.958594 0.205208 0.955469 0.204167 0.954688 0.204167 0.952344 0.201042 0.951562 0.200000 0.951562 0.196875 0.951562 0.195833 0.954688 0.192708 0.955469 0.191667 0.963281 0.187500
0 0.902344 0.240625 0.904687 0.241667 0.905469 0.241667 0.906250 0.243750 0.907031 0.244792 0.907031 0.255208 0.907031 0.256250 0.901563 0.259375 0.900781 0.260417 0.891406 0.262500 0.890625 0.262500 0.890625 0.256250 0.890625 0.255208 0.892969 0.251042 0.892969 0.250000 0.902344 0.240625
0 0.932031 0.265625 0.935156 0.269792 0.935937 0.270833 0.935937 0.276042 0.935937 0.277083 0.932813 0.284375 0.932813 0.285417 0.927344 0.292708 0.926562 0.293750 0.921094 0.293750 0.920312 0.293750 0.919531 0.289583 0.919531 0.288542 0.921875 0.285417 0.922656 0.284375 0.924219 0.278125 0.924219 0.277083 0.932031 0.265625
0 0.739844 0.363542 0.742969 0.363542 0.743750 0.363542 0.746875 0.366667 0.747656 0.367708 0.750000 0.375000 0.750781 0.376042 0.750781 0.381250 0.750781 0.382292 0.742188 0.386458 0.741406 0.387500 0.732031 0.386458 0.731250 0.386458 0.730469 0.383333 0.730469 0.382292 0.733594 0.375000 0.733594 0.373958 0.739844 0.363542
0 0.748437 0.340625 0.752344 0.341667 0.753125 0.342708 0.753125 0.351042 0.753125 0.352083 0.751563 0.360417 0.751563 0.361458 0.748437 0.364583 0.747656 0.365625 0.743750 0.362500 0.742969 0.361458 0.742969 0.355208 0.742969 0.354167 0.746094 0.344792 0.746094 0.343750 0.748437 0.340625
0 0.736719 0.305208 0.738281 0.305208 0.739062 0.305208 0.742969 0.308333 0.743750 0.308333 0.750000 0.314583 0.750781 0.314583 0.750781 0.316667 0.750781 0.317708 0.746875 0.322917 0.746094 0.323958 0.736719 0.328125 0.735938 0.328125 0.732812 0.331250 0.732031 0.331250 0.730469 0.329167 0.729688 0.328125 0.728125 0.319792 0.728125 0.318750 0.728906 0.315625 0.728906 0.314583 0.736719 0.305208
0 0.679688 0.297917 0.682813 0.298958 0.683594 0.300000 0.687500 0.309375 0.688281 0.310417 0.688281 0.313542 0.688281 0.314583 0.675000 0.329167 0.674219 0.330208 0.672656 0.335417 0.672656 0.336458 0.667188 0.343750 0.666406 0.344792 0.650781 0.360417 0.650000 0.361458 0.646875 0.363542 0.646094 0.364583 0.643750 0.364583 0.642969 0.364583 0.636719 0.331250 0.635938 0.330208 0.636719 0.326042 0.636719 0.325000 0.639062 0.322917 0.639844 0.321875 0.642969 0.320833 0.643750 0.320833 0.650781 0.315625 0.651563 0.314583 0.654687 0.313542 0.655469 0.313542 0.679688 0.297917
0 0.684375 0.293750 0.688281 0.293750 0.689063 0.293750 0.692969 0.296875 0.693750 0.296875 0.696094 0.300000 0.696875 0.301042 0.698438 0.306250 0.699219 0.307292 0.698438 0.312500 0.697656 0.313542 0.692187 0.314583 0.691406 0.314583 0.689063 0.312500 0.688281 0.311458 0.684375 0.300000 0.683594 0.298958 0.684375 0.293750
0 0.707812 0.347917 0.711719 0.347917 0.712500 0.348958 0.712500 0.361458 0.712500 0.362500 0.713281 0.365625 0.714063 0.366667 0.714063 0.372917 0.714063 0.373958 0.709375 0.378125 0.708594 0.379167 0.707031 0.384375 0.706250 0.385417 0.701562 0.386458 0.700781 0.386458 0.690625 0.378125 0.689844 0.377083 0.689844 0.364583 0.689844 0.363542 0.691406 0.359375 0.692187 0.358333 0.696875 0.357292 0.697656 0.357292 0.700781 0.352083 0.701562 0.351042 0.707812 0.347917
0 0.836719 0.436458 0.846094 0.437500 0.846875 0.438542 0.846875 0.442708 0.846875 0.443750 0.843750 0.448958 0.842969 0.450000 0.842969 0.452083 0.842969 0.453125 0.846875 0.459375 0.847656 0.460417 0.847656 0.463542 0.847656 0.464583 0.833594 0.468750 0.832812 0.468750 0.829688 0.471875 0.828906 0.471875 0.826562 0.469792 0.825781 0.469792 0.818750 0.460417 0.817969 0.459375 0.817187 0.455208 0.817187 0.454167 0.823438 0.443750 0.824219 0.442708 0.828906 0.439583 0.829688 0.438542 0.836719 0.436458
0 0.816406 0.420833 0.834375 0.420833 0.835156 0.420833 0.835938 0.421875 0.836719 0.422917 0.838281 0.434375 0.838281 0.435417 0.837500 0.436458 0.836719 0.437500 0.828125 0.440625 0.827344 0.440625 0.821875 0.446875 0.821094 0.446875 0.811719 0.435417 0.810937 0.434375 0.814063 0.423958 0.814063 0.422917 0.816406 0.420833
0 0.728125 0.442708 0.731250 0.442708 0.732031 0.442708 0.736719 0.448958 0.737500 0.450000 0.737500 0.454167 0.737500 0.455208 0.735156 0.462500 0.735156 0.463542 0.732031 0.467708 0.731250 0.468750 0.728906 0.467708 0.728125 0.467708 0.722656 0.462500 0.721875 0.462500 0.719531 0.458333 0.718750 0.457292 0.718750 0.453125 0.718750 0.452083 0.728125 0.442708
0 0.727344 0.421875 0.728906 0.422917 0.729688 0.423958 0.730469 0.427083 0.731250 0.428125 0.732812 0.439583 0.732812 0.440625 0.717969 0.441667 0.717187 0.441667 0.716406 0.440625 0.715625 0.439583 0.715625 0.434375 0.715625 0.433333 0.717187 0.431250 0.717187 0.430208 0.723437 0.423958 0.724219 0.422917 0.727344 0.421875
0 0.711719 0.438542 0.714063 0.439583 0.714844 0.439583 0.715625 0.442708 0.716406 0.443750 0.717969 0.454167 0.718750 0.455208 0.718750 0.465625 0.717969 0.466667 0.714063 0.465625 0.713281 0.465625 0.704688 0.451042 0.703906 0.450000 0.704688 0.445833 0.704688 0.444792 0.711719 0.438542
0 0.778906 0.483333 0.781250 0.483333 0.782031 0.483333 0.783594 0.486458 0.784375 0.487500 0.784375 0.501042 0.784375 0.502083 0.775000 0.515625 0.774219 0.516667 0.760938 0.525000 0.760156 0.526042 0.755469 0.523958 0.754687 0.523958 0.751563 0.519792 0.750781 0.518750 0.750781 0.515625 0.750781 0.514583 0.763281 0.496875 0.764062 0.495833 0.778906 0.483333
0 0.782031 0.453125 0.788281 0.456250 0.789062 0.456250 0.789844 0.459375 0.790625 0.460417 0.787500 0.485417 0.787500 0.486458 0.786719 0.488542 0.785937 0.488542 0.782813 0.484375 0.782031 0.483333 0.778125 0.483333 0.777344 0.483333 0.771875 0.488542 0.771094 0.489583 0.767969 0.490625 0.767188 0.490625 0.765625 0.488542 0.764844 0.487500 0.765625 0.476042 0.765625 0.475000 0.764062 0.469792 0.764062 0.468750 0.768750 0.463542 0.769531 0.462500 0.782031 0.453125
0 0.857031 0.468750 0.867969 0.471875 0.868750 0.471875 0.871875 0.476042 0.872656 0.477083 0.875000 0.492708 0.875781 0.493750 0.875781 0.502083 0.876563 0.503125 0.875781 0.516667 0.875781 0.517708 0.872656 0.520833 0.871875 0.521875 0.865625 0.522917 0.864844 0.522917 0.857031 0.512500 0.856250 0.511458 0.849219 0.508333 0.848437 0.507292 0.853125 0.475000 0.853125 0.473958 0.857031 0.468750
0 0.848437 0.507292 0.856250 0.512500 0.857031 0.512500 0.866406 0.525000 0.867188 0.526042 0.875000 0.538542 0.875781 0.538542 0.875000 0.543750 0.874219 0.544792 0.854688 0.555208 0.853906 0.556250 0.847656 0.556250 0.846875 0.556250 0.843750 0.553125 0.842969 0.552083 0.842187 0.541667 0.842187 0.540625 0.837500 0.537500 0.836719 0.537500 0.834375 0.534375 0.833594 0.534375 0.832812 0.525000 0.832031 0.523958 0.832812 0.522917 0.833594 0.521875 0.836719 0.522917 0.837500 0.523958 0.839844 0.522917 0.840625 0.522917 0.846094 0.510417 0.846094 0.509375 0.848437 0.507292
0 0.871875 0.546875 0.875781 0.552083 0.876563 0.553125 0.882812 0.569792 0.883594 0.570833 0.884375 0.578125 0.884375 0.579167 0.877344 0.579167 0.876563 0.579167 0.866406 0.573958 0.865625 0.573958 0.863281 0.570833 0.862500 0.569792 0.858594 0.560417 0.857812 0.559375 0.857812 0.556250 0.857031 0.555208 0.858594 0.553125 0.859375 0.552083 0.871875 0.546875
0 0.883594 0.452083 0.897656 0.454167 0.898438 0.455208 0.906250 0.454167 0.907031 0.453125 0.909375 0.458333 0.910156 0.459375 0.910156 0.463542 0.910156 0.464583 0.907813 0.466667 0.907031 0.467708 0.900000 0.470833 0.899219 0.471875 0.892188 0.471875 0.891406 0.471875 0.881250 0.475000 0.880469 0.476042 0.876563 0.476042 0.875781 0.476042 0.875000 0.473958 0.874219 0.472917 0.873437 0.465625 0.873437 0.464583 0.879687 0.455208 0.880469 0.454167 0.883594 0.452083
0 0.985156 0.384375 0.998437 0.385417 0.999219 0.385417 0.999219 0.400000 0.999219 0.401042 0.995313 0.402083 0.994531 0.403125 0.987500 0.403125 0.986719 0.403125 0.982031 0.402083 0.981250 0.402083 0.976562 0.398958 0.975781 0.398958 0.972656 0.393750 0.971875 0.392708 0.972656 0.388542 0.972656 0.387500 0.973437 0.386458 0.974219 0.385417 0.985156 0.384375
0 0.954688 0.375000 0.964844 0.377083 0.965625 0.377083 0.971094 0.384375 0.971875 0.385417 0.971875 0.391667 0.971875 0.392708 0.975000 0.397917 0.975781 0.398958 0.975781 0.401042 0.976562 0.402083 0.976562 0.414583 0.976562 0.415625 0.975000 0.422917 0.974219 0.423958 0.971094 0.425000 0.970313 0.425000 0.965625 0.421875 0.964844 0.421875 0.957812 0.408333 0.957031 0.407292 0.951562 0.389583 0.950781 0.388542 0.950781 0.382292 0.950781 0.381250 0.952344 0.378125 0.952344 0.377083 0.954688 0.375000
0 0.994531 0.404167 0.998437 0.404167 0.999219 0.404167 0.999219 0.453125 0.999219 0.454167 0.996875 0.451042 0.996094 0.450000 0.993750 0.435417 0.993750 0.434375 0.985156 0.415625 0.984375 0.414583 0.985156 0.407292 0.985938 0.406250 0.994531 0.404167
0 0.989844 0.428125 0.992969 0.432292 0.993750 0.433333 0.992188 0.439583 0.992188 0.440625 0.988281 0.446875 0.987500 0.447917 0.984375 0.457292 0.983594 0.458333 0.978125 0.458333 0.977344 0.458333 0.976562 0.451042 0.976562 0.450000 0.978125 0.446875 0.978906 0.445833 0.978906 0.441667 0.979688 0.440625 0.978125 0.435417 0.978125 0.434375 0.978906 0.433333 0.979688 0.432292 0.989844 0.428125
0 0.938281 0.360417 0.939063 0.360417 0.939844 0.360417 0.941406 0.363542 0.942187 0.364583 0.948438 0.368750 0.949219 0.369792 0.949219 0.380208 0.949219 0.381250 0.945312 0.389583 0.944531 0.390625 0.935156 0.389583 0.934375 0.389583 0.932031 0.392708 0.931250 0.393750 0.926562 0.394792 0.925781 0.394792 0.925000 0.393750 0.924219 0.392708 0.924219 0.389583 0.924219 0.388542 0.929688 0.385417 0.930469 0.384375 0.928906 0.367708 0.928906 0.366667 0.930469 0.364583 0.931250 0.363542 0.933594 0.363542 0.934375 0.363542 0.938281 0.360417
0 0.906250 0.303125 0.910156 0.304167 0.910937 0.304167 0.914844 0.309375 0.915625 0.310417 0.914844 0.316667 0.914062 0.317708 0.910937 0.316667 0.910156 0.316667 0.903906 0.310417 0.903125 0.309375 0.903125 0.306250 0.903125 0.305208 0.906250 0.303125
0 0.914844 0.327083 0.919531 0.329167 0.920312 0.330208 0.923438 0.339583 0.924219 0.340625 0.923438 0.342708 0.922656 0.343750 0.921875 0.351042 0.921094 0.352083 0.916406 0.352083 0.915625 0.352083 0.907031 0.345833 0.906250 0.344792 0.906250 0.341667 0.906250 0.340625 0.910156 0.336458 0.910937 0.335417 0.911719 0.331250 0.911719 0.330208 0.914844 0.327083
0 0.853125 0.313542 0.855469 0.313542 0.856250 0.313542 0.863281 0.323958 0.864062 0.325000 0.865625 0.331250 0.865625 0.332292 0.862500 0.335417 0.861719 0.336458 0.857812 0.336458 0.857031 0.336458 0.850781 0.332292 0.850000 0.331250 0.850000 0.323958 0.850000 0.322917 0.853125 0.313542
0 0.864844 0.245833 0.867188 0.245833 0.867969 0.245833 0.874219 0.252083 0.875000 0.253125 0.875781 0.256250 0.876563 0.257292 0.875000 0.261458 0.874219 0.262500 0.867969 0.263542 0.867188 0.263542 0.863281 0.261458 0.862500 0.260417 0.862500 0.253125 0.862500 0.252083 0.864844 0.245833
0 0.856250 0.262500 0.860938 0.262500 0.861719 0.262500 0.862500 0.263542 0.863281 0.264583 0.862500 0.270833 0.861719 0.271875 0.856250 0.272917 0.855469 0.272917 0.849219 0.269792 0.848437 0.268750 0.848437 0.265625 0.849219 0.264583 0.856250 0.262500
0 0.841406 0.271875 0.850000 0.272917 0.850781 0.272917 0.850781 0.279167 0.850781 0.280208 0.839063 0.280208 0.838281 0.280208 0.837500 0.279167 0.836719 0.278125 0.841406 0.271875
0 0.829688 0.279167 0.833594 0.281250 0.834375 0.282292 0.835938 0.297917 0.835938 0.298958 0.832031 0.305208 0.831250 0.306250 0.828125 0.307292 0.827344 0.307292 0.823438 0.305208 0.822656 0.304167 0.821875 0.298958 0.821875 0.297917 0.825000 0.294792 0.825781 0.293750 0.823438 0.284375 0.823438 0.283333 0.829688 0.279167
0 0.942969 0.216667 0.943750 0.220833 0.943750 0.221875 0.946875 0.228125 0.947656 0.229167 0.947656 0.232292 0.947656 0.233333 0.943183 0.236558 0.942023 0.237851 0.939063 0.240625 0.938281 0.240625 0.933594 0.243750 0.932813 0.243750 0.929688 0.238542 0.928906 0.237500 0.928906 0.232292 0.928906 0.231250 0.937500 0.220833 0.938281 0.219792 0.942969 0.216667
0 0.950781 0.047917 0.952344 0.047917 0.953125 0.047917 0.957031 0.051042 0.957812 0.052083 0.957812 0.062500 0.957812 0.063542 0.953906 0.069792 0.953125 0.070833 0.943750 0.071875 0.942969 0.071875 0.940625 0.067708 0.939844 0.066667 0.940625 0.059375 0.940625 0.058333 0.942969 0.054167 0.943750 0.053125 0.950781 0.047917
0 0.900000 0.039583 0.914062 0.039583 0.914844 0.039583 0.920312 0.041667 0.921094 0.041667 0.921875 0.044792 0.921875 0.045833 0.921094 0.048958 0.920312 0.050000 0.920312 0.057292 0.921094 0.058333 0.917188 0.060417 0.916406 0.060417 0.909375 0.069792 0.908594 0.070833 0.900000 0.068750 0.899219 0.068750 0.894531 0.065625 0.893750 0.065625 0.891406 0.060417 0.890625 0.059375 0.890625 0.053125 0.890625 0.052083 0.900000 0.039583
0 0.806250 0.037500 0.817187 0.037500 0.817969 0.037500 0.822656 0.041667 0.823438 0.042708 0.823438 0.046875 0.823438 0.047917 0.818750 0.053125 0.817969 0.054167 0.811719 0.064583 0.810937 0.065625 0.798438 0.072917 0.797656 0.073958 0.791406 0.073958 0.790625 0.073958 0.787500 0.061458 0.786719 0.060417 0.788281 0.054167 0.788281 0.053125 0.790625 0.050000 0.791406 0.048958 0.794531 0.047917 0.795312 0.047917 0.799219 0.042708 0.800000 0.041667 0.806250 0.037500
0 0.807813 0.067708 0.812500 0.067708 0.813281 0.067708 0.825000 0.073958 0.825781 0.073958 0.829688 0.079167 0.830469 0.080208 0.829688 0.089583 0.829688 0.090625 0.823438 0.090625 0.822656 0.090625 0.817187 0.085417 0.816406 0.084375 0.809375 0.080208 0.808594 0.080208 0.804688 0.071875 0.803906 0.070833 0.803906 0.069792 0.804688 0.068750 0.807813 0.067708
0 0.844531 0.065625 0.846875 0.066667 0.847656 0.066667 0.850000 0.072917 0.850781 0.073958 0.848437 0.087500 0.848437 0.088542 0.832812 0.089583 0.832031 0.089583 0.831250 0.083333 0.831250 0.082292 0.834375 0.076042 0.834375 0.075000 0.844531 0.065625
0 0.850781 0.000000 0.887500 0.000000 0.888281 0.000000 0.888281 0.002083 0.888281 0.003125 0.885156 0.012500 0.884375 0.013542 0.876563 0.013542 0.875781 0.013542 0.865625 0.023958 0.864844 0.023958 0.862500 0.029167 0.861719 0.030208 0.855469 0.031250 0.854688 0.031250 0.850000 0.028125 0.849219 0.028125 0.845313 0.018750 0.844531 0.017708 0.844531 0.013542 0.844531 0.012500 0.850781 0.000000
0 0.830469 0.000000 0.850781 0.001042 0.850781 0.002083 0.844531 0.011458 0.843750 0.012500 0.838281 0.015625 0.837500 0.015625 0.833594 0.010417 0.832812 0.009375 0.830469 0.000000
0 0.852344 0.073958 0.857031 0.073958 0.857812 0.073958 0.863281 0.079167 0.864062 0.080208 0.871875 0.081250 0.872656 0.081250 0.873437 0.082292 0.874219 0.083333 0.873437 0.089583 0.873437 0.090625 0.871094 0.092708 0.870313 0.093750 0.862500 0.093750 0.861719 0.093750 0.857031 0.090625 0.856250 0.090625 0.853125 0.086458 0.852344 0.086458 0.851562 0.082292 0.850781 0.081250 0.850781 0.078125 0.850781 0.077083 0.852344 0.073958
0 0.852344 0.155208 0.859375 0.158333 0.860156 0.158333 0.867969 0.164583 0.868750 0.165625 0.872656 0.165625 0.873437 0.165625 0.874219 0.167708 0.875000 0.168750 0.871875 0.173958 0.871094 0.175000 0.864062 0.181250 0.863281 0.182292 0.846875 0.183333 0.846094 0.183333 0.844531 0.170833 0.844531 0.169792 0.846094 0.167708 0.846875 0.166667 0.848437 0.160417 0.848437 0.159375 0.852344 0.155208
0 0.828906 0.152083 0.838281 0.158333 0.839063 0.158333 0.841406 0.161458 0.842187 0.162500 0.842187 0.173958 0.842187 0.175000 0.838281 0.176042 0.837500 0.176042 0.829688 0.170833 0.828906 0.169792 0.828125 0.166667 0.827344 0.165625 0.827344 0.155208 0.827344 0.154167 0.828906 0.152083
0 0.779687 0.127083 0.782031 0.127083 0.782813 0.127083 0.788281 0.131250 0.789062 0.131250 0.792188 0.136458 0.792969 0.137500 0.796875 0.139583 0.797656 0.139583 0.800000 0.142708 0.800781 0.143750 0.801562 0.147917 0.801562 0.148958 0.800781 0.151042 0.800781 0.152083 0.794531 0.159375 0.793750 0.160417 0.793750 0.170833 0.793750 0.171875 0.792188 0.173958 0.791406 0.175000 0.787500 0.176042 0.786719 0.177083 0.771094 0.177083 0.770312 0.177083 0.768750 0.176042 0.767969 0.175000 0.763281 0.163542 0.762500 0.162500 0.760156 0.148958 0.759375 0.147917 0.759375 0.136458 0.759375 0.135417 0.760938 0.133333 0.761719 0.132292 0.772656 0.130208 0.773438 0.130208 0.779687 0.127083
0 0.724219 0.071875 0.732812 0.071875 0.733594 0.071875 0.736719 0.080208 0.736719 0.081250 0.745313 0.097917 0.745313 0.098958 0.749219 0.104167 0.750000 0.105208 0.761719 0.115625 0.762500 0.115625 0.765625 0.123958 0.765625 0.125000 0.767969 0.127083 0.767969 0.128125 0.760938 0.131250 0.760156 0.132292 0.757031 0.132292 0.756250 0.132292 0.754687 0.127083 0.754687 0.126042 0.750000 0.118750 0.750000 0.117708 0.744531 0.112500 0.743750 0.112500 0.728125 0.093750 0.727344 0.092708 0.723437 0.083333 0.722656 0.082292 0.722656 0.076042 0.722656 0.075000 0.724219 0.071875
0 0.735156 0.144792 0.744531 0.147917 0.745313 0.147917 0.743750 0.156250 0.742969 0.157292 0.743750 0.159375 0.744531 0.160417 0.756250 0.162500 0.757031 0.162500 0.761719 0.165625 0.762500 0.165625 0.764844 0.168750 0.765625 0.169792 0.765625 0.173958 0.765625 0.175000 0.763281 0.179167 0.762500 0.180208 0.753906 0.180208 0.753125 0.180208 0.752344 0.181250 0.751563 0.182292 0.751563 0.188542 0.751563 0.189583 0.749219 0.191667 0.748437 0.191667 0.743750 0.200000 0.742969 0.201042 0.721094 0.201042 0.720313 0.201042 0.717187 0.192708 0.717187 0.191667 0.711719 0.185417 0.710938 0.184375 0.714844 0.166667 0.715625 0.165625 0.715625 0.157292 0.715625 0.156250 0.714063 0.153125 0.713281 0.152083 0.716406 0.152083 0.717187 0.152083 0.721875 0.148958 0.722656 0.147917 0.732812 0.146875 0.733594 0.146875 0.735156 0.144792
0 0.732812 0.107292 0.735156 0.107292 0.735938 0.107292 0.741406 0.112500 0.742188 0.112500 0.747656 0.120833 0.748437 0.121875 0.749219 0.142708 0.749219 0.143750 0.747656 0.145833 0.746875 0.146875 0.744531 0.142708 0.743750 0.141667 0.729688 0.143750 0.728906 0.143750 0.722656 0.146875 0.721875 0.147917 0.717187 0.147917 0.716406 0.147917 0.714063 0.151042 0.713281 0.152083 0.709375 0.142708 0.709375 0.141667 0.702344 0.132292 0.701562 0.131250 0.697656 0.122917 0.696875 0.121875 0.696875 0.117708 0.696875 0.116667 0.700781 0.112500 0.701562 0.111458 0.707031 0.109375 0.707812 0.108333 0.721875 0.110417 0.722656 0.110417 0.732812 0.107292
0 0.725781 0.096875 0.730469 0.097917 0.731250 0.097917 0.734375 0.101042 0.735156 0.102083 0.735156 0.104167 0.735156 0.105208 0.732812 0.107292 0.732031 0.108333 0.718750 0.110417 0.717969 0.110417 0.712500 0.107292 0.711719 0.107292 0.710156 0.104167 0.709375 0.103125 0.709375 0.102083 0.709375 0.101042 0.714844 0.098958 0.715625 0.097917 0.725781 0.096875
0 0.818750 0.094792 0.822656 0.094792 0.823438 0.095833 0.823438 0.101042 0.823438 0.102083 0.821875 0.104167 0.821094 0.105208 0.810937 0.111458 0.810156 0.112500 0.805469 0.111458 0.804688 0.110417 0.804688 0.104167 0.804688 0.103125 0.808594 0.102083 0.809375 0.102083 0.818750 0.094792
0 0.949219 0.037500 0.953125 0.037500 0.953906 0.037500 0.957812 0.039583 0.958594 0.039583 0.959375 0.041667 0.960156 0.042708 0.959375 0.044792 0.959375 0.045833 0.958594 0.046875 0.957812 0.047917 0.951562 0.046875 0.950781 0.046875 0.950000 0.045833 0.949219 0.044792 0.949219 0.037500
0 0.923438 0.139583 0.933594 0.141667 0.934375 0.141667 0.935937 0.144792 0.936719 0.145833 0.936719 0.152083 0.936719 0.153125 0.932031 0.154167 0.931250 0.155208 0.922656 0.154167 0.921875 0.154167 0.921094 0.151042 0.920312 0.150000 0.920312 0.142708 0.920312 0.141667 0.923438 0.139583
0 0.989844 0.134375 0.991406 0.135417 0.992188 0.135417 0.994531 0.139583 0.994531 0.140625 0.998437 0.144792 0.999219 0.144792 0.999219 0.167708 0.999219 0.168750 0.993750 0.168750 0.992969 0.168750 0.989844 0.165625 0.989062 0.164583 0.984375 0.147917 0.983594 0.146875 0.984375 0.140625 0.984375 0.139583 0.989844 0.134375
0 0.785937 0.243750 0.790625 0.243750 0.791406 0.243750 0.799219 0.246875 0.800000 0.247917 0.799219 0.263542 0.799219 0.264583 0.787500 0.275000 0.786719 0.276042 0.783594 0.277083 0.782813 0.278125 0.769531 0.279167 0.768750 0.279167 0.768750 0.273958 0.768750 0.272917 0.773438 0.264583 0.774219 0.263542 0.777344 0.254167 0.777344 0.253125 0.785937 0.243750
0 0.936719 0.417708 0.939063 0.417708 0.939844 0.417708 0.943750 0.420833 0.944531 0.421875 0.945312 0.434375 0.944531 0.435417 0.932031 0.439583 0.931250 0.440625 0.925000 0.439583 0.924219 0.439583 0.921094 0.437500 0.920312 0.436458 0.913281 0.439583 0.912500 0.440625 0.910937 0.439583 0.910156 0.439583 0.909375 0.433333 0.909375 0.432292 0.910937 0.429167 0.910937 0.428125 0.913281 0.426042 0.914062 0.425000 0.936719 0.417708
0 0.919531 0.412500 0.922656 0.412500 0.923438 0.412500 0.924219 0.416667 0.925000 0.417708 0.925000 0.419792 0.924219 0.420833 0.921094 0.421875 0.920312 0.422917 0.918750 0.421875 0.917969 0.421875 0.917969 0.416667 0.917969 0.415625 0.919531 0.412500
0 0.882812 0.413542 0.892969 0.415625 0.893750 0.415625 0.895312 0.416667 0.896094 0.417708 0.896094 0.419792 0.896094 0.420833 0.892969 0.426042 0.892188 0.427083 0.889844 0.427083 0.889062 0.427083 0.884375 0.421875 0.883594 0.420833 0.882812 0.417708 0.882031 0.416667 0.882812 0.413542
0 0.973437 0.459375 0.976562 0.460417 0.977344 0.460417 0.978906 0.462500 0.979688 0.463542 0.978906 0.490625 0.978125 0.491667 0.975000 0.488542 0.974219 0.487500 0.971094 0.476042 0.970313 0.475000 0.969531 0.467708 0.968750 0.466667 0.969531 0.463542 0.969531 0.462500 0.973437 0.459375
0 0.946875 0.491667 0.951562 0.491667 0.952344 0.491667 0.961719 0.498958 0.962500 0.498958 0.964063 0.503125 0.964844 0.504167 0.965625 0.511458 0.965625 0.512500 0.963281 0.514583 0.962500 0.515625 0.954688 0.513542 0.953906 0.513542 0.946875 0.503125 0.946094 0.502083 0.945312 0.497917 0.945312 0.496875 0.946875 0.491667
0 0.953906 0.513542 0.957812 0.514583 0.958594 0.514583 0.959375 0.516667 0.960156 0.517708 0.961719 0.528125 0.962500 0.529167 0.962500 0.533333 0.962500 0.534375 0.960938 0.535417 0.960156 0.536458 0.953125 0.535417 0.952344 0.534375 0.951562 0.529167 0.950781 0.528125 0.950781 0.519792 0.950781 0.518750 0.953906 0.513542
0 0.942187 0.526042 0.943750 0.526042 0.944531 0.526042 0.947656 0.533333 0.947656 0.534375 0.945312 0.536458 0.944531 0.537500 0.940625 0.538542 0.939844 0.538542 0.932031 0.543750 0.931250 0.543750 0.930469 0.535417 0.929688 0.534375 0.930469 0.532292 0.930469 0.531250 0.942187 0.526042
0 0.916406 0.481250 0.921094 0.481250 0.921875 0.481250 0.925000 0.485417 0.925781 0.486458 0.925781 0.495833 0.925000 0.496875 0.913281 0.497917 0.912500 0.498958 0.910937 0.497917 0.910156 0.496875 0.911719 0.488542 0.911719 0.487500 0.916406 0.481250
0 0.934375 0.509375 0.937500 0.510417 0.938281 0.510417 0.938281 0.513542 0.938281 0.514583 0.935156 0.520833 0.934375 0.521875 0.931250 0.522917 0.930469 0.522917 0.930469 0.513542 0.930469 0.512500 0.934375 0.509375
0 0.914844 0.454167 0.917188 0.454167 0.917969 0.454167 0.919531 0.456250 0.920312 0.457292 0.920312 0.460417 0.920312 0.461458 0.917188 0.465625 0.916406 0.466667 0.914062 0.463542 0.913281 0.462500 0.913281 0.458333 0.913281 0.457292 0.914844 0.454167
0 0.879687 0.435417 0.886719 0.435417 0.887500 0.435417 0.889062 0.439583 0.889844 0.440625 0.889844 0.445833 0.889844 0.446875 0.888281 0.448958 0.887500 0.450000 0.882812 0.451042 0.882031 0.451042 0.871875 0.456250 0.871094 0.456250 0.870313 0.455208 0.869531 0.454167 0.871094 0.443750 0.871094 0.442708 0.879687 0.435417
0 0.917188 0.481250 0.921875 0.482292 0.922656 0.482292 0.925000 0.487500 0.925781 0.488542 0.927344 0.512500 0.927344 0.513542 0.924219 0.519792 0.924219 0.520833 0.913535 0.529330 0.912500 0.523908 0.910937 0.519792 0.910156 0.518750 0.910156 0.495833 0.910156 0.494792 0.912500 0.487500 0.912500 0.486458 0.917188 0.481250
0 0.942969 0.498958 0.945312 0.501042 0.946094 0.502083 0.947656 0.506250 0.948438 0.507292 0.948438 0.511458 0.948438 0.512500 0.945312 0.514583 0.944531 0.515625 0.941406 0.514583 0.940625 0.514583 0.936719 0.508333 0.935937 0.507292 0.935937 0.502083 0.936719 0.501042 0.942969 0.498958
0 0.938281 0.638542 0.939844 0.638542 0.940625 0.638542 0.944531 0.642708 0.945312 0.643750 0.950781 0.645833 0.951562 0.645833 0.958594 0.651042 0.959375 0.651042 0.970313 0.663542 0.971094 0.664583 0.976562 0.677083 0.976562 0.678125 0.979688 0.681250 0.980469 0.682292 0.992969 0.707292 0.993750 0.708333 0.993750 0.718750 0.993750 0.719792 0.987500 0.730208 0.986719 0.731250 0.975781 0.734375 0.975000 0.734375 0.967187 0.726042 0.966406 0.725000 0.953125 0.720833 0.952344 0.719792 0.937500 0.718750 0.936719 0.718750 0.935937 0.719792 0.935156 0.720833 0.936719 0.726042 0.935937 0.727083 0.932813 0.726042 0.932031 0.726042 0.928125 0.720833 0.927344 0.719792 0.925781 0.713542 0.925781 0.712500 0.920312 0.704167 0.919531 0.703125 0.919531 0.701042 0.918750 0.700000 0.922656 0.693750 0.923438 0.692708 0.925000 0.679167 0.925000 0.678125 0.916406 0.657292 0.916406 0.656250 0.921875 0.651042 0.922656 0.650000 0.928906 0.647917 0.929688 0.647917 0.938281 0.638542
0 0.864844 0.660417 0.884375 0.675000 0.885156 0.675000 0.895312 0.685417 0.896094 0.685417 0.902344 0.694792 0.902344 0.695833 0.909375 0.704167 0.910156 0.705208 0.910156 0.706250 0.910156 0.707292 0.903125 0.714583 0.902344 0.715625 0.901563 0.719792 0.900781 0.720833 0.881250 0.721875 0.880469 0.721875 0.878125 0.726042 0.877344 0.727083 0.875000 0.726042 0.874219 0.726042 0.871094 0.711458 0.870313 0.710417 0.871094 0.701042 0.871094 0.700000 0.870313 0.697917 0.869531 0.696875 0.869531 0.685417 0.869531 0.684375 0.864844 0.664583 0.864062 0.663542 0.864844 0.660417
0 0.950781 0.769792 0.960156 0.773958 0.960938 0.773958 0.961719 0.779167 0.961719 0.780208 0.957812 0.787500 0.957812 0.788542 0.950000 0.798958 0.949219 0.800000 0.946094 0.807292 0.945312 0.808333 0.932031 0.816667 0.931250 0.817708 0.928125 0.817708 0.927344 0.817708 0.925781 0.815625 0.925000 0.815625 0.924219 0.785417 0.923438 0.784375 0.924219 0.780208 0.924219 0.779167 0.928125 0.772917 0.928906 0.771875 0.939063 0.772917 0.939844 0.772917 0.950781 0.769792
0 0.997656 0.705208 0.998437 0.705208 0.999219 0.705208 0.999219 0.735417 0.999219 0.736458 0.997656 0.736458 0.996875 0.736458 0.983594 0.750000 0.982812 0.750000 0.982031 0.738542 0.982031 0.737500 0.983594 0.734375 0.983594 0.733333 0.985938 0.731250 0.986719 0.731250 0.992969 0.720833 0.993750 0.719792 0.994531 0.710417 0.994531 0.709375 0.997656 0.705208
0 0.957812 0.816667 0.960156 0.817708 0.960938 0.817708 0.965625 0.825000 0.965625 0.826042 0.975000 0.837500 0.975781 0.838542 0.978125 0.844792 0.978906 0.845833 0.979688 0.854167 0.980469 0.855208 0.979688 0.856250 0.978906 0.857292 0.974219 0.858333 0.973437 0.858333 0.945312 0.850000 0.944531 0.850000 0.942969 0.841667 0.942969 0.840625 0.946094 0.831250 0.946094 0.830208 0.953125 0.822917 0.953906 0.822917 0.957812 0.816667
0 0.821875 0.745833 0.839063 0.750000 0.839844 0.750000 0.850000 0.766667 0.850781 0.767708 0.850781 0.770833 0.850781 0.771875 0.846094 0.772917 0.845313 0.773958 0.817969 0.773958 0.817187 0.773958 0.807031 0.769792 0.806250 0.769792 0.805469 0.768750 0.804688 0.767708 0.804688 0.764583 0.804688 0.763542 0.821875 0.745833
0 0.799219 0.725000 0.803906 0.726042 0.804688 0.726042 0.805469 0.729167 0.805469 0.730208 0.807813 0.732292 0.808594 0.733333 0.813281 0.733333 0.814063 0.733333 0.818750 0.745833 0.818750 0.746875 0.814063 0.748958 0.813281 0.748958 0.805469 0.745833 0.804688 0.745833 0.799219 0.741667 0.798438 0.741667 0.797656 0.730208 0.797656 0.729167 0.799219 0.725000
0 0.799219 0.725000 0.803125 0.725000 0.803906 0.725000 0.808594 0.732292 0.809375 0.733333 0.812500 0.733333 0.813281 0.733333 0.818750 0.745833 0.818750 0.746875 0.813281 0.748958 0.812500 0.748958 0.810156 0.755208 0.810156 0.756250 0.803906 0.763542 0.803125 0.764583 0.794531 0.765625 0.793750 0.766667 0.787500 0.765625 0.786719 0.765625 0.785937 0.763542 0.785156 0.762500 0.786719 0.752083 0.786719 0.751042 0.787500 0.748958 0.788281 0.747917 0.792188 0.746875 0.792969 0.746875 0.796875 0.743750 0.797656 0.742708 0.797656 0.729167 0.797656 0.728125 0.799219 0.725000
0 0.732031 0.733333 0.735938 0.734375 0.736719 0.734375 0.740625 0.737500 0.741406 0.737500 0.742969 0.739583 0.743750 0.740625 0.746875 0.750000 0.747656 0.751042 0.746875 0.759375 0.746875 0.760417 0.745313 0.763542 0.744531 0.764583 0.740625 0.766667 0.739844 0.767708 0.736719 0.767708 0.735938 0.767708 0.731250 0.758333 0.730469 0.757292 0.720313 0.757292 0.719531 0.757292 0.718750 0.754167 0.717969 0.753125 0.720313 0.743750 0.720313 0.742708 0.726562 0.736458 0.727344 0.735417 0.732031 0.733333
0 0.771875 0.770833 0.774219 0.770833 0.775000 0.770833 0.780469 0.778125 0.781250 0.779167 0.782031 0.790625 0.782031 0.791667 0.779687 0.798958 0.779687 0.800000 0.772656 0.810417 0.771875 0.811458 0.770312 0.811458 0.769531 0.811458 0.759375 0.802083 0.758594 0.802083 0.752344 0.793750 0.752344 0.792708 0.753906 0.786458 0.753906 0.785417 0.760938 0.772917 0.761719 0.771875 0.767969 0.772917 0.768750 0.772917 0.771875 0.770833
0 0.791406 0.623958 0.823438 0.632292 0.824219 0.632292 0.825781 0.633333 0.826562 0.634375 0.826562 0.638542 0.826562 0.639583 0.822656 0.644792 0.821875 0.645833 0.815625 0.647917 0.814844 0.647917 0.809375 0.652083 0.808594 0.652083 0.802344 0.646875 0.801562 0.646875 0.795312 0.638542 0.794531 0.637500 0.791406 0.627083 0.790625 0.626042 0.791406 0.623958
0 0.802344 0.578125 0.807031 0.579167 0.807813 0.579167 0.814844 0.587500 0.815625 0.587500 0.825000 0.600000 0.825781 0.601042 0.826562 0.605208 0.826562 0.606250 0.823438 0.605208 0.822656 0.604167 0.813281 0.606250 0.812500 0.606250 0.805469 0.612500 0.804688 0.613542 0.800000 0.613542 0.799219 0.613542 0.796875 0.607292 0.796094 0.606250 0.796875 0.597917 0.797656 0.596875 0.796094 0.586458 0.796094 0.585417 0.802344 0.578125
0 0.802344 0.553125 0.803906 0.553125 0.804688 0.554167 0.806250 0.573958 0.806250 0.575000 0.802344 0.577083 0.801562 0.577083 0.799219 0.580208 0.799219 0.581250 0.796094 0.581250 0.795312 0.581250 0.789844 0.571875 0.789062 0.570833 0.788281 0.562500 0.788281 0.561458 0.790625 0.557292 0.791406 0.556250 0.794531 0.556250 0.795312 0.556250 0.797656 0.558333 0.798438 0.558333 0.802344 0.553125
0 0.775000 0.536458 0.783594 0.536458 0.784375 0.536458 0.786719 0.538542 0.787500 0.539583 0.789844 0.556250 0.789844 0.557292 0.788281 0.563542 0.788281 0.564583 0.785937 0.567708 0.785156 0.568750 0.782813 0.568750 0.782031 0.568750 0.778906 0.565625 0.778125 0.564583 0.771094 0.544792 0.770312 0.543750 0.770312 0.541667 0.770312 0.540625 0.775000 0.536458
0 0.760156 0.530208 0.762500 0.534375 0.763281 0.535417 0.768750 0.539583 0.769531 0.539583 0.768750 0.542708 0.768750 0.543750 0.762500 0.553125 0.762500 0.554167 0.760938 0.556250 0.760156 0.557292 0.756250 0.557292 0.755469 0.557292 0.753906 0.545833 0.753906 0.544792 0.755469 0.541667 0.755469 0.540625 0.757812 0.538542 0.758594 0.537500 0.760156 0.530208
0 0.758594 0.582292 0.766406 0.593750 0.767188 0.594792 0.767969 0.597917 0.768750 0.598958 0.768750 0.604167 0.768750 0.605208 0.760938 0.606250 0.760156 0.606250 0.757812 0.604167 0.757031 0.603125 0.754687 0.595833 0.753906 0.594792 0.753906 0.587500 0.753906 0.586458 0.754687 0.584375 0.755469 0.583333 0.758594 0.582292
0 0.761719 0.575000 0.764844 0.575000 0.765625 0.576042 0.764844 0.580208 0.764062 0.581250 0.760938 0.580208 0.760156 0.580208 0.761719 0.575000
0 0.835156 0.566667 0.838281 0.566667 0.839063 0.566667 0.846094 0.571875 0.846875 0.572917 0.847656 0.579167 0.847656 0.580208 0.845313 0.586458 0.844531 0.587500 0.840625 0.582292 0.839844 0.581250 0.833594 0.579167 0.832812 0.579167 0.830469 0.576042 0.829688 0.575000 0.829688 0.571875 0.829688 0.570833 0.835156 0.566667
0 0.721094 0.523958 0.723437 0.523958 0.724219 0.523958 0.726562 0.526042 0.727344 0.527083 0.728125 0.536458 0.728125 0.537500 0.719531 0.543750 0.718750 0.543750 0.716406 0.539583 0.716406 0.538542 0.719531 0.530208 0.720313 0.529167 0.721094 0.523958
0 0.703125 0.522917 0.710156 0.525000 0.710938 0.525000 0.712500 0.528125 0.712500 0.529167 0.716406 0.533333 0.717187 0.534375 0.716406 0.538542 0.716406 0.539583 0.719531 0.544792 0.718750 0.545833 0.709375 0.544792 0.708594 0.544792 0.696094 0.532292 0.695312 0.532292 0.695312 0.528125 0.696094 0.527083 0.703125 0.522917
0 0.716406 0.541667 0.720313 0.546875 0.720313 0.547917 0.717187 0.547917 0.716406 0.547917 0.712500 0.553125 0.711719 0.554167 0.706250 0.554167 0.705469 0.554167 0.705469 0.551042 0.705469 0.550000 0.707812 0.545833 0.708594 0.544792 0.713281 0.544792 0.714063 0.544792 0.716406 0.541667
0 0.699219 0.548958 0.703125 0.548958 0.703906 0.548958 0.705469 0.553125 0.705469 0.554167 0.696875 0.570833 0.696094 0.571875 0.692969 0.573958 0.692187 0.573958 0.689063 0.571875 0.688281 0.570833 0.682813 0.569792 0.682031 0.568750 0.684375 0.559375 0.685156 0.558333 0.688281 0.558333 0.689063 0.558333 0.692969 0.553125 0.693750 0.552083 0.699219 0.548958
0 0.700781 0.597917 0.703125 0.597917 0.703906 0.597917 0.707812 0.602083 0.708594 0.603125 0.708594 0.611458 0.708594 0.612500 0.703125 0.613542 0.702344 0.613542 0.699219 0.610417 0.698438 0.609375 0.698438 0.604167 0.698438 0.603125 0.700781 0.597917
0 0.759375 0.675000 0.761719 0.676042 0.762500 0.677083 0.762500 0.681250 0.762500 0.682292 0.757812 0.693750 0.757812 0.694792 0.754687 0.698958 0.753906 0.698958 0.752344 0.697917 0.751563 0.696875 0.747656 0.685417 0.747656 0.684375 0.750000 0.679167 0.750781 0.678125 0.759375 0.675000
0 0.741406 0.682292 0.746875 0.682292 0.747656 0.682292 0.748437 0.685417 0.748437 0.686458 0.747656 0.688542 0.746875 0.689583 0.739844 0.692708 0.739062 0.692708 0.737500 0.689583 0.737500 0.688542 0.739062 0.685417 0.739062 0.684375 0.741406 0.682292
0 0.736719 0.633333 0.741406 0.633333 0.742188 0.633333 0.742969 0.637500 0.742969 0.638542 0.739844 0.645833 0.739844 0.646875 0.736719 0.651042 0.735938 0.652083 0.734375 0.652083 0.733594 0.652083 0.732031 0.651042 0.731250 0.650000 0.731250 0.647917 0.731250 0.646875 0.735156 0.635417 0.735156 0.634375 0.736719 0.633333
0 0.791406 0.653125 0.799219 0.653125 0.800000 0.653125 0.803125 0.655208 0.803906 0.655208 0.806250 0.660417 0.807031 0.661458 0.806250 0.664583 0.806250 0.665625 0.804688 0.666667 0.803906 0.667708 0.794531 0.669792 0.793750 0.670833 0.785937 0.668750 0.785156 0.668750 0.784375 0.666667 0.783594 0.665625 0.784375 0.660417 0.784375 0.659375 0.786719 0.656250 0.787500 0.655208 0.791406 0.653125
0 0.792969 0.600000 0.793750 0.600000 0.794531 0.600000 0.794531 0.605208 0.794531 0.606250 0.797656 0.613542 0.797656 0.614583 0.800781 0.617708 0.801562 0.617708 0.800000 0.617708 0.799219 0.616667 0.797656 0.617708 0.796875 0.618750 0.786719 0.619792 0.785937 0.619792 0.782813 0.615625 0.782813 0.614583 0.787500 0.605208 0.787500 0.604167 0.792969 0.600000
0 0.841406 0.725000 0.850000 0.726042 0.850781 0.726042 0.853125 0.730208 0.853906 0.731250 0.853906 0.735417 0.853906 0.736458 0.850000 0.737500 0.849219 0.737500 0.837500 0.731250 0.836719 0.731250 0.835156 0.728125 0.835156 0.727083 0.841406 0.725000
0 0.864844 0.723958 0.867969 0.725000 0.868750 0.726042 0.868750 0.731250 0.869531 0.732292 0.869531 0.737500 0.869531 0.738542 0.867188 0.741667 0.866406 0.742708 0.864844 0.742708 0.864062 0.743750 0.862500 0.742708 0.861719 0.742708 0.861719 0.735417 0.861719 0.734375 0.862500 0.727083 0.862500 0.726042 0.864844 0.723958
0 0.896875 0.722917 0.902344 0.723958 0.903125 0.725000 0.903906 0.729167 0.904687 0.730208 0.903125 0.739583 0.903125 0.740625 0.900781 0.740625 0.900000 0.740625 0.893750 0.734375 0.892969 0.733333 0.892969 0.729167 0.892969 0.728125 0.894531 0.725000 0.894531 0.723958 0.896875 0.722917
0 0.898438 0.775000 0.900000 0.775000 0.900781 0.776042 0.902344 0.780208 0.902344 0.781250 0.907813 0.790625 0.908594 0.791667 0.910937 0.800000 0.910156 0.801042 0.904687 0.801042 0.903906 0.801042 0.896094 0.796875 0.895312 0.795833 0.894531 0.792708 0.894531 0.791667 0.896875 0.779167 0.896875 0.778125 0.898438 0.775000
0 0.389062 0.432292 0.414062 0.432292 0.414844 0.432292 0.415625 0.439583 0.416406 0.440625 0.416406 0.466667 0.416406 0.467708 0.414062 0.475000 0.413281 0.476042 0.412500 0.482292 0.412500 0.483333 0.408594 0.488542 0.407813 0.489583 0.407031 0.494792 0.407031 0.495833 0.404687 0.500000 0.404687 0.501042 0.401562 0.504167 0.400781 0.505208 0.397656 0.511458 0.396875 0.512500 0.392969 0.515625 0.392188 0.516667 0.382031 0.520833 0.381250 0.521875 0.375000 0.521875 0.374219 0.522917 0.345313 0.520833 0.344531 0.520833 0.342187 0.517708 0.341406 0.516667 0.318750 0.502083 0.317969 0.502083 0.315625 0.498958 0.314844 0.497917 0.306250 0.491667 0.305469 0.490625 0.304688 0.487500 0.304688 0.486458 0.308594 0.481250 0.308594 0.480208 0.321094 0.466667 0.321875 0.465625 0.353125 0.451042 0.353906 0.451042 0.367969 0.441667 0.368750 0.440625 0.375781 0.437500 0.376563 0.436458 0.379688 0.436458 0.380469 0.436458 0.389062 0.432292
0 0.340625 0.520833 0.354687 0.522917 0.355469 0.522917 0.357812 0.525000 0.358594 0.526042 0.360938 0.531250 0.361719 0.532292 0.376563 0.544792 0.377344 0.544792 0.382031 0.552083 0.382812 0.553125 0.379688 0.558333 0.378906 0.559375 0.379688 0.564583 0.379688 0.565625 0.360156 0.578125 0.359375 0.579167 0.350000 0.580208 0.349219 0.580208 0.348438 0.568750 0.348438 0.567708 0.343750 0.551042 0.342969 0.550000 0.342187 0.542708 0.341406 0.541667 0.340625 0.523958 0.339844 0.522917 0.340625 0.520833
0 0.417969 0.553125 0.420312 0.554167 0.421094 0.554167 0.421875 0.557292 0.422656 0.558333 0.423438 0.567708 0.424219 0.568750 0.423438 0.571875 0.423438 0.572917 0.421094 0.575000 0.420312 0.576042 0.407031 0.582292 0.406250 0.583333 0.400000 0.584375 0.399219 0.584375 0.392969 0.589583 0.392188 0.590625 0.389844 0.590625 0.389062 0.590625 0.371875 0.598958 0.371094 0.600000 0.365625 0.598958 0.364844 0.597917 0.361719 0.582292 0.360938 0.581250 0.362500 0.577083 0.363281 0.576042 0.378906 0.568750 0.379688 0.567708 0.383594 0.567708 0.384375 0.567708 0.396875 0.563542 0.397656 0.563542 0.417969 0.553125
0 0.415625 0.582292 0.418750 0.582292 0.419531 0.582292 0.427344 0.594792 0.428125 0.595833 0.428906 0.605208 0.428906 0.606250 0.414844 0.642708 0.414844 0.643750 0.410938 0.651042 0.410156 0.652083 0.405469 0.677083 0.405469 0.678125 0.397656 0.695833 0.396875 0.696875 0.395313 0.704167 0.395313 0.705208 0.372656 0.729167 0.371875 0.730208 0.366406 0.731250 0.365625 0.732292 0.361719 0.731250 0.360938 0.731250 0.357031 0.734375 0.356250 0.734375 0.350000 0.726042 0.349219 0.726042 0.346094 0.735417 0.345313 0.736458 0.332031 0.737500 0.331250 0.738542 0.329688 0.737500 0.328906 0.737500 0.328125 0.734375 0.327344 0.733333 0.327344 0.727083 0.326562 0.726042 0.327344 0.717708 0.327344 0.716667 0.335156 0.706250 0.335938 0.705208 0.337500 0.701042 0.338281 0.700000 0.341406 0.698958 0.342187 0.698958 0.346094 0.693750 0.346875 0.693750 0.349219 0.688542 0.349219 0.687500 0.353906 0.682292 0.354687 0.682292 0.368750 0.663542 0.369531 0.662500 0.389844 0.612500 0.390625 0.611458 0.394531 0.593750 0.394531 0.592708 0.396094 0.590625 0.396094 0.589583 0.398438 0.586458 0.399219 0.585417 0.400781 0.585417 0.401562 0.584375 0.411719 0.585417 0.412500 0.585417 0.415625 0.582292
0 0.138281 0.650000 0.150000 0.650000 0.150781 0.650000 0.152344 0.653125 0.152344 0.654167 0.147656 0.680208 0.147656 0.681250 0.142187 0.698958 0.141406 0.700000 0.140625 0.710417 0.140625 0.711458 0.135156 0.728125 0.135156 0.729167 0.133594 0.731250 0.132812 0.732292 0.128906 0.732292 0.128125 0.732292 0.123438 0.728125 0.122656 0.727083 0.114844 0.722917 0.114062 0.721875 0.107031 0.721875 0.106250 0.721875 0.102344 0.715625 0.101562 0.714583 0.101562 0.700000 0.101562 0.698958 0.103125 0.694792 0.103125 0.693750 0.110156 0.685417 0.110937 0.684375 0.116406 0.672917 0.116406 0.671875 0.127344 0.654167 0.128125 0.653125 0.138281 0.650000
0 0.068750 0.398958 0.072656 0.398958 0.073438 0.398958 0.082812 0.402083 0.083594 0.403125 0.090625 0.404167 0.091406 0.405208 0.112500 0.406250 0.113281 0.406250 0.133594 0.404167 0.134375 0.404167 0.140625 0.406250 0.141406 0.407292 0.141406 0.426042 0.141406 0.427083 0.139844 0.434375 0.139844 0.435417 0.135937 0.443750 0.135937 0.444792 0.128125 0.454167 0.127344 0.455208 0.125781 0.459375 0.125000 0.460417 0.115625 0.470833 0.114844 0.470833 0.110937 0.478125 0.110156 0.479167 0.094531 0.494792 0.093750 0.495833 0.089063 0.494792 0.088281 0.494792 0.065625 0.462500 0.064844 0.461458 0.064844 0.433333 0.064844 0.432292 0.061719 0.407292 0.061719 0.406250 0.062500 0.404167 0.063281 0.403125 0.068750 0.398958
0 0.172656 0.184375 0.177344 0.185417 0.178125 0.185417 0.187500 0.192708 0.188281 0.193750 0.195312 0.210417 0.196094 0.211458 0.197656 0.221875 0.197656 0.222917 0.202344 0.227083 0.203125 0.228125 0.219531 0.263542 0.220312 0.264583 0.221094 0.280208 0.221094 0.281250 0.217188 0.295833 0.217188 0.296875 0.214844 0.300000 0.214062 0.301042 0.208594 0.304167 0.207813 0.305208 0.201563 0.305208 0.200781 0.305208 0.195312 0.296875 0.194531 0.295833 0.189062 0.292708 0.188281 0.291667 0.183594 0.290625 0.182812 0.290625 0.170313 0.272917 0.169531 0.271875 0.163281 0.270833 0.162500 0.270833 0.159375 0.267708 0.158594 0.266667 0.151562 0.263542 0.150781 0.263542 0.149219 0.261458 0.148438 0.261458 0.134375 0.237500 0.133594 0.236458 0.128906 0.221875 0.128125 0.220833 0.128125 0.215625 0.128125 0.214583 0.135937 0.209375 0.136719 0.209375 0.148438 0.196875 0.149219 0.195833 0.158594 0.190625 0.159375 0.189583 0.172656 0.184375
0 0.493750 0.221875 0.497656 0.221875 0.498437 0.221875 0.509375 0.229167 0.510156 0.230208 0.517188 0.232292 0.517969 0.233333 0.518750 0.235417 0.519531 0.236458 0.520312 0.247917 0.520312 0.248958 0.517188 0.256250 0.516406 0.257292 0.514062 0.257292 0.513281 0.257292 0.506250 0.246875 0.505469 0.245833 0.496094 0.236458 0.495312 0.235417 0.492969 0.228125 0.492188 0.227083 0.492188 0.225000 0.492188 0.223958 0.493750 0.221875
0 0.492969 0.198958 0.523438 0.206250 0.524219 0.206250 0.525000 0.207292 0.525781 0.208333 0.525781 0.212500 0.525781 0.213542 0.520312 0.225000 0.519531 0.226042 0.516406 0.229167 0.515625 0.230208 0.512500 0.230208 0.511719 0.230208 0.499219 0.221875 0.498437 0.220833 0.490625 0.218750 0.489844 0.218750 0.487500 0.216667 0.486719 0.215625 0.486719 0.214583 0.486719 0.213542 0.489844 0.209375 0.490625 0.208333 0.492969 0.198958
0 0.491406 0.245833 0.507031 0.256250 0.507812 0.256250 0.523438 0.275000 0.524219 0.276042 0.527344 0.281250 0.528125 0.282292 0.528125 0.284375 0.528125 0.285417 0.520312 0.290625 0.519531 0.290625 0.517188 0.293750 0.516406 0.294792 0.507031 0.291667 0.506250 0.291667 0.501563 0.286458 0.500781 0.286458 0.498437 0.283333 0.497656 0.282292 0.497656 0.273958 0.497656 0.272917 0.492188 0.256250 0.491406 0.255208 0.491406 0.252083 0.490625 0.251042 0.491406 0.245833
0 0.541406 0.135417 0.547656 0.141667 0.548438 0.142708 0.564063 0.169792 0.564844 0.170833 0.564063 0.188542 0.564063 0.189583 0.561719 0.195833 0.560937 0.196875 0.556250 0.194792 0.555469 0.193750 0.548438 0.178125 0.548438 0.177083 0.542969 0.168750 0.542188 0.167708 0.534375 0.166667 0.533594 0.166667 0.531250 0.160417 0.530469 0.159375 0.534375 0.144792 0.534375 0.143750 0.538281 0.137500 0.539062 0.136458 0.541406 0.135417
0 0.648438 0.207292 0.650000 0.207292 0.650781 0.207292 0.652344 0.210417 0.653125 0.211458 0.653125 0.219792 0.653125 0.220833 0.656250 0.230208 0.657031 0.231250 0.655469 0.240625 0.655469 0.241667 0.650781 0.246875 0.650000 0.247917 0.649219 0.260417 0.649219 0.261458 0.640625 0.277083 0.639844 0.278125 0.632812 0.280208 0.632031 0.281250 0.624219 0.281250 0.623437 0.281250 0.622656 0.279167 0.621875 0.278125 0.622656 0.268750 0.622656 0.267708 0.614062 0.261458 0.613281 0.260417 0.612500 0.242708 0.612500 0.241667 0.618750 0.231250 0.619531 0.230208 0.630469 0.223958 0.631250 0.223958 0.643750 0.212500 0.644531 0.212500 0.648438 0.207292
0 0.644531 0.187500 0.646875 0.188542 0.647656 0.188542 0.650781 0.192708 0.651563 0.193750 0.651563 0.200000 0.651563 0.201042 0.647656 0.205208 0.646875 0.206250 0.641406 0.208333 0.640625 0.208333 0.639062 0.210417 0.638281 0.211458 0.638281 0.214583 0.637500 0.215625 0.627344 0.215625 0.626563 0.215625 0.624219 0.210417 0.624219 0.209375 0.627344 0.202083 0.627344 0.201042 0.635156 0.192708 0.635938 0.191667 0.644531 0.187500
0 0.587500 0.188542 0.589844 0.189583 0.590625 0.189583 0.591406 0.193750 0.591406 0.194792 0.594531 0.200000 0.595313 0.201042 0.595313 0.204167 0.595313 0.205208 0.592187 0.210417 0.592187 0.211458 0.583594 0.221875 0.582812 0.221875 0.581250 0.218750 0.580469 0.217708 0.579688 0.209375 0.579688 0.208333 0.582812 0.197917 0.582812 0.196875 0.587500 0.188542
0 0.528906 0.051042 0.531250 0.052083 0.532031 0.052083 0.532813 0.061458 0.532813 0.062500 0.527344 0.076042 0.527344 0.077083 0.521875 0.082292 0.521094 0.083333 0.515625 0.086458 0.514844 0.086458 0.514062 0.085417 0.513281 0.084375 0.507812 0.064583 0.507812 0.063542 0.510156 0.061458 0.510938 0.060417 0.518750 0.057292 0.519531 0.057292 0.528906 0.051042
0 0.510938 0.016667 0.517188 0.019792 0.517969 0.020833 0.521875 0.020833 0.522656 0.021875 0.536719 0.021875 0.537500 0.021875 0.543750 0.026042 0.544531 0.027083 0.543750 0.030208 0.543750 0.031250 0.537500 0.040625 0.536719 0.041667 0.533594 0.048958 0.532813 0.050000 0.533594 0.058333 0.533594 0.059375 0.526563 0.077083 0.526563 0.078125 0.517969 0.085417 0.517188 0.086458 0.514062 0.085417 0.513281 0.084375 0.509375 0.069792 0.509375 0.068750 0.507031 0.064583 0.506250 0.063542 0.500781 0.063542 0.500000 0.063542 0.495312 0.065625 0.494531 0.066667 0.492188 0.065625 0.491406 0.064583 0.491406 0.057292 0.491406 0.056250 0.500000 0.044792 0.500781 0.043750 0.500000 0.034375 0.500000 0.033333 0.501563 0.029167 0.501563 0.028125 0.503906 0.025000 0.504687 0.023958 0.505469 0.019792 0.506250 0.018750 0.510938 0.016667
0 0.570312 0.006250 0.573438 0.006250 0.574219 0.006250 0.580469 0.016667 0.581250 0.017708 0.580469 0.021875 0.580469 0.022917 0.582812 0.041667 0.582812 0.042708 0.577344 0.050000 0.576562 0.051042 0.567969 0.047917 0.567187 0.047917 0.563281 0.040625 0.562500 0.039583 0.561719 0.030208 0.561719 0.029167 0.560156 0.022917 0.559375 0.021875 0.557813 0.009375 0.557031 0.008333 0.570312 0.006250
0 0.650000 0.000000 0.658594 0.000000 0.659375 0.000000 0.660937 0.032292 0.660937 0.033333 0.659375 0.038542 0.658594 0.039583 0.657813 0.046875 0.657031 0.047917 0.654687 0.046875 0.653906 0.046875 0.651563 0.043750 0.650781 0.042708 0.650781 0.040625 0.650000 0.039583 0.650000 0.000000
0 0.660937 0.000000 0.679688 0.000000 0.680469 0.000000 0.679688 0.009375 0.679688 0.010417 0.678906 0.012500 0.678125 0.013542 0.670312 0.018750 0.669531 0.018750 0.664062 0.011458 0.663281 0.010417 0.661719 0.005208 0.660937 0.004167 0.660937 0.000000
0 0.664844 0.016667 0.667969 0.018750 0.668750 0.018750 0.670312 0.021875 0.671094 0.022917 0.671875 0.034375 0.671875 0.035417 0.670312 0.038542 0.669531 0.039583 0.665625 0.038542 0.664844 0.038542 0.660937 0.032292 0.660156 0.031250 0.660937 0.020833 0.660937 0.019792 0.661719 0.018750 0.661719 0.017708 0.664844 0.016667
0 0.097656 0.128125 0.110156 0.133333 0.110937 0.133333 0.114062 0.136458 0.114844 0.137500 0.121875 0.151042 0.122656 0.152083 0.124219 0.159375 0.125000 0.160417 0.125000 0.166667 0.124219 0.167708 0.121094 0.167708 0.120313 0.167708 0.116406 0.161458 0.115625 0.160417 0.113281 0.161458 0.112500 0.162500 0.112500 0.168750 0.112500 0.169792 0.110937 0.170833 0.110156 0.171875 0.103906 0.171875 0.103125 0.171875 0.092188 0.167708 0.091406 0.167708 0.087500 0.164583 0.086719 0.163542 0.086719 0.158333 0.086719 0.157292 0.097656 0.128125
0 0.120313 0.115625 0.122656 0.115625 0.123438 0.115625 0.124219 0.120833 0.124219 0.121875 0.129688 0.127083 0.130469 0.128125 0.133594 0.128125 0.134375 0.128125 0.140625 0.122917 0.141406 0.121875 0.151562 0.140625 0.152344 0.141667 0.152344 0.153125 0.152344 0.154167 0.147656 0.164583 0.146875 0.165625 0.146094 0.177083 0.146094 0.178125 0.142187 0.188542 0.141406 0.189583 0.140625 0.197917 0.141406 0.198958 0.139844 0.201042 0.139063 0.202083 0.138281 0.202083 0.137500 0.202083 0.137500 0.191667 0.137500 0.190625 0.135937 0.185417 0.135937 0.184375 0.134375 0.181250 0.134375 0.180208 0.125781 0.168750 0.125000 0.167708 0.124219 0.156250 0.124219 0.155208 0.117969 0.143750 0.117188 0.142708 0.114062 0.134375 0.113281 0.133333 0.114844 0.126042 0.114844 0.125000 0.120313 0.115625
0 0.095312 0.098958 0.112500 0.105208 0.113281 0.106250 0.129688 0.107292 0.130469 0.107292 0.133594 0.110417 0.134375 0.111458 0.138281 0.112500 0.139063 0.112500 0.140625 0.116667 0.141406 0.117708 0.141406 0.121875 0.141406 0.122917 0.135937 0.126042 0.135156 0.127083 0.132031 0.127083 0.131250 0.127083 0.127344 0.123958 0.126562 0.123958 0.123438 0.115625 0.122656 0.114583 0.120313 0.115625 0.119531 0.115625 0.116406 0.122917 0.115625 0.123958 0.110937 0.122917 0.110156 0.122917 0.103125 0.118750 0.102344 0.118750 0.094531 0.111458 0.093750 0.110417 0.092969 0.108333 0.092188 0.107292 0.092188 0.103125 0.092188 0.102083 0.095312 0.098958
0 0.067187 0.258333 0.067187 0.262500 0.067187 0.263542 0.049219 0.289583 0.049219 0.290625 0.028125 0.316667 0.027344 0.316667 0.026562 0.314583 0.026562 0.313542 0.028906 0.305208 0.029687 0.304167 0.029687 0.288542 0.029687 0.287500 0.039844 0.268750 0.039844 0.267708 0.046094 0.264583 0.046875 0.263542 0.058594 0.261458 0.059375 0.261458 0.067187 0.258333
0 0.020313 0.280208 0.025000 0.283333 0.025781 0.283333 0.028125 0.287500 0.028906 0.288542 0.028906 0.298958 0.028906 0.300000 0.025781 0.318750 0.025781 0.319792 0.023438 0.322917 0.022656 0.323958 0.018750 0.323958 0.017969 0.325000 0.009375 0.322917 0.008594 0.322917 0.001563 0.315625 0.001563 0.314583 0.008594 0.302083 0.009375 0.301042 0.014063 0.284375 0.014063 0.283333 0.020313 0.280208
0 0.091406 0.168750 0.094531 0.171875 0.095312 0.172917 0.097656 0.178125 0.097656 0.179167 0.102344 0.185417 0.103125 0.186458 0.103906 0.193750 0.103906 0.194792 0.103125 0.197917 0.102344 0.198958 0.102344 0.210417 0.102344 0.211458 0.100000 0.215625 0.099219 0.216667 0.092188 0.220833 0.091406 0.220833 0.086719 0.227083 0.085938 0.228125 0.080469 0.230208 0.079687 0.230208 0.075781 0.223958 0.075000 0.222917 0.075000 0.215625 0.075000 0.214583 0.077344 0.207292 0.078125 0.206250 0.078906 0.191667 0.078906 0.190625 0.080469 0.183333 0.080469 0.182292 0.084375 0.176042 0.085156 0.175000 0.091406 0.168750
0 0.114062 0.160417 0.125781 0.173958 0.126562 0.175000 0.129688 0.176042 0.130469 0.176042 0.133594 0.180208 0.134375 0.181250 0.134375 0.193750 0.134375 0.194792 0.135937 0.203125 0.135937 0.204167 0.132031 0.208333 0.131250 0.209375 0.127344 0.211458 0.126562 0.211458 0.124219 0.208333 0.123438 0.208333 0.117969 0.195833 0.117188 0.194792 0.117188 0.189583 0.117188 0.188542 0.116406 0.186458 0.115625 0.185417 0.112500 0.168750 0.111719 0.167708 0.112500 0.163542 0.112500 0.162500 0.114062 0.160417
0 0.110156 0.179167 0.114844 0.179167 0.115625 0.180208 0.117969 0.189583 0.118750 0.190625 0.118750 0.195833 0.117969 0.196875 0.114062 0.195833 0.113281 0.195833 0.106250 0.190625 0.105469 0.189583 0.104688 0.184375 0.104688 0.183333 0.110156 0.179167
0 0.063281 0.143750 0.066406 0.146875 0.066406 0.147917 0.065625 0.151042 0.064844 0.152083 0.061719 0.152083 0.060937 0.152083 0.060156 0.146875 0.060156 0.145833 0.063281 0.143750
0 0.067187 0.164583 0.069531 0.164583 0.070312 0.164583 0.072656 0.167708 0.073438 0.167708 0.077344 0.172917 0.078125 0.173958 0.078125 0.177083 0.078125 0.178125 0.075000 0.179167 0.074219 0.180208 0.065625 0.178125 0.064844 0.178125 0.062500 0.173958 0.062500 0.172917 0.067187 0.164583
0 0.044531 0.141667 0.046875 0.141667 0.047656 0.141667 0.051562 0.144792 0.052344 0.144792 0.053125 0.153125 0.052344 0.154167 0.048438 0.154167 0.047656 0.154167 0.042969 0.150000 0.042188 0.148958 0.042188 0.144792 0.042188 0.143750 0.044531 0.141667
0 0.035156 0.079167 0.040625 0.080208 0.041406 0.080208 0.043750 0.083333 0.044531 0.083333 0.050000 0.095833 0.050000 0.096875 0.047656 0.098958 0.046875 0.100000 0.036719 0.100000 0.035937 0.100000 0.030469 0.097917 0.029687 0.097917 0.028125 0.094792 0.027344 0.093750 0.026562 0.086458 0.026562 0.085417 0.028125 0.083333 0.028906 0.082292 0.035156 0.079167
0 0.527344 0.287500 0.532031 0.288542 0.532813 0.288542 0.539844 0.294792 0.540625 0.295833 0.541406 0.297917 0.541406 0.298958 0.539062 0.301042 0.538281 0.302083 0.537500 0.307292 0.536719 0.308333 0.528906 0.308333 0.528125 0.308333 0.521875 0.304167 0.521094 0.303125 0.517969 0.303125 0.517188 0.302083 0.515625 0.294792 0.515625 0.293750 0.527344 0.287500
0 0.492188 0.372917 0.496875 0.372917 0.497656 0.372917 0.508594 0.380208 0.509375 0.381250 0.509375 0.388542 0.509375 0.389583 0.507812 0.394792 0.507812 0.395833 0.500781 0.402083 0.500000 0.403125 0.492969 0.403125 0.492188 0.403125 0.490625 0.401042 0.489844 0.400000 0.489063 0.394792 0.488281 0.393750 0.487500 0.377083 0.487500 0.376042 0.492188 0.372917
0 0.503906 0.354167 0.514062 0.356250 0.514844 0.356250 0.524219 0.362500 0.525000 0.362500 0.526563 0.365625 0.526563 0.366667 0.521875 0.372917 0.521094 0.373958 0.514062 0.379167 0.513281 0.380208 0.510156 0.380208 0.509375 0.380208 0.502344 0.376042 0.501563 0.376042 0.499219 0.372917 0.498437 0.372917 0.498437 0.370833 0.498437 0.369792 0.501563 0.357292 0.501563 0.356250 0.503906 0.354167
0 0.547656 0.342708 0.552344 0.342708 0.553125 0.342708 0.558594 0.346875 0.559375 0.347917 0.559375 0.350000 0.559375 0.351042 0.556250 0.355208 0.555469 0.356250 0.555469 0.359375 0.554688 0.360417 0.553906 0.381250 0.553906 0.382292 0.551562 0.383333 0.550781 0.383333 0.547656 0.381250 0.546875 0.380208 0.535156 0.381250 0.534375 0.381250 0.533594 0.380208 0.532813 0.380208 0.529687 0.368750 0.528906 0.367708 0.528125 0.358333 0.528125 0.357292 0.539844 0.356250 0.540625 0.356250 0.544531 0.347917 0.544531 0.346875 0.547656 0.342708
0 0.440625 0.370833 0.446094 0.370833 0.446875 0.370833 0.453125 0.377083 0.453906 0.378125 0.454688 0.388542 0.454688 0.389583 0.453906 0.391667 0.453125 0.392708 0.448437 0.395833 0.447656 0.396875 0.438281 0.396875 0.437500 0.396875 0.436719 0.394792 0.435937 0.393750 0.436719 0.375000 0.436719 0.373958 0.440625 0.370833
0 0.345313 0.281250 0.357031 0.283333 0.357812 0.283333 0.360156 0.287500 0.360938 0.288542 0.358594 0.305208 0.357812 0.306250 0.358594 0.325000 0.358594 0.326042 0.357031 0.329167 0.356250 0.330208 0.350781 0.329167 0.350000 0.328125 0.343750 0.310417 0.342969 0.309375 0.342187 0.304167 0.341406 0.303125 0.341406 0.286458 0.341406 0.285417 0.342187 0.283333 0.342969 0.282292 0.345313 0.281250
0 0.256250 0.316667 0.266406 0.317708 0.267188 0.317708 0.268750 0.318750 0.269531 0.318750 0.271094 0.322917 0.271875 0.323958 0.267188 0.333333 0.266406 0.334375 0.261719 0.354167 0.260937 0.355208 0.258594 0.355208 0.257812 0.355208 0.255469 0.350000 0.254688 0.348958 0.245312 0.344792 0.244531 0.344792 0.241406 0.334375 0.241406 0.333333 0.237500 0.330208 0.236719 0.330208 0.236719 0.329167 0.236719 0.328125 0.240625 0.322917 0.241406 0.321875 0.256250 0.316667
0 0.316406 0.191667 0.328125 0.196875 0.328906 0.196875 0.329688 0.197917 0.330469 0.198958 0.330469 0.205208 0.330469 0.206250 0.321094 0.226042 0.321094 0.227083 0.311719 0.239583 0.310937 0.240625 0.306250 0.243750 0.305469 0.244792 0.303125 0.244792 0.302344 0.244792 0.300781 0.243750 0.300000 0.242708 0.296875 0.231250 0.296094 0.230208 0.296094 0.216667 0.296094 0.215625 0.298438 0.204167 0.298438 0.203125 0.301563 0.193750 0.302344 0.192708 0.313281 0.193750 0.314063 0.193750 0.316406 0.191667
0 0.293750 0.214583 0.295312 0.214583 0.296094 0.215625 0.296094 0.225000 0.296094 0.226042 0.294531 0.231250 0.294531 0.232292 0.290625 0.237500 0.289844 0.238542 0.276562 0.241667 0.275781 0.241667 0.275000 0.237500 0.275000 0.236458 0.277344 0.223958 0.277344 0.222917 0.280469 0.220833 0.281250 0.219792 0.293750 0.214583
0 0.043750 0.379167 0.046094 0.379167 0.046875 0.380208 0.046875 0.389583 0.046875 0.390625 0.051562 0.403125 0.052344 0.404167 0.050781 0.410417 0.050781 0.411458 0.046094 0.418750 0.046094 0.419792 0.039062 0.427083 0.038281 0.428125 0.031250 0.432292 0.030469 0.433333 0.020313 0.437500 0.019531 0.438542 0.007031 0.440625 0.006250 0.440625 0.000781 0.446875 0.000000 0.446875 0.000000 0.409375 0.000000 0.408333 0.002344 0.404167 0.003125 0.403125 0.003125 0.401042 0.003125 0.400000 0.000781 0.398958 0.000000 0.398958 0.003906 0.400000 0.004687 0.400000 0.017188 0.391667 0.017969 0.390625 0.032031 0.386458 0.032813 0.386458 0.043750 0.379167
0 0.055469 0.341667 0.082031 0.353125 0.082812 0.353125 0.089063 0.358333 0.089844 0.358333 0.091406 0.360417 0.092188 0.361458 0.092969 0.365625 0.092969 0.366667 0.086719 0.380208 0.086719 0.381250 0.084375 0.382292 0.083594 0.383333 0.075781 0.382292 0.075000 0.382292 0.054688 0.369792 0.053906 0.369792 0.051562 0.366667 0.050781 0.365625 0.050000 0.359375 0.050000 0.358333 0.050781 0.353125 0.050781 0.352083 0.055469 0.341667
0 0.078906 0.330208 0.086719 0.331250 0.087500 0.331250 0.095312 0.336458 0.096094 0.337500 0.096875 0.344792 0.096875 0.345833 0.092188 0.358333 0.091406 0.359375 0.086719 0.356250 0.085938 0.356250 0.078906 0.348958 0.078125 0.348958 0.076563 0.344792 0.075781 0.343750 0.074219 0.336458 0.074219 0.335417 0.078906 0.330208
0 0.142187 0.323958 0.142969 0.331250 0.142969 0.332292 0.150000 0.336458 0.150781 0.337500 0.151562 0.341667 0.151562 0.342708 0.155469 0.348958 0.156250 0.350000 0.156250 0.354167 0.156250 0.355208 0.142969 0.373958 0.142187 0.375000 0.138281 0.377083 0.137500 0.377083 0.135156 0.380208 0.134375 0.381250 0.130469 0.383333 0.129688 0.384375 0.126562 0.384375 0.125781 0.384375 0.119531 0.378125 0.118750 0.377083 0.117188 0.371875 0.117188 0.370833 0.126562 0.356250 0.127344 0.355208 0.128125 0.345833 0.128125 0.344792 0.129688 0.342708 0.129688 0.341667 0.142187 0.323958
0 0.098437 0.390625 0.100000 0.390625 0.100781 0.390625 0.107031 0.394792 0.107813 0.394792 0.113281 0.402083 0.113281 0.403125 0.111719 0.404167 0.110937 0.405208 0.102344 0.405208 0.101562 0.405208 0.099219 0.403125 0.098437 0.403125 0.096875 0.400000 0.096094 0.398958 0.096094 0.393750 0.096094 0.392708 0.098437 0.390625
0 0.144531 0.464583 0.150000 0.464583 0.150781 0.464583 0.156250 0.468750 0.157031 0.469792 0.164844 0.485417 0.165625 0.486458 0.165625 0.493750 0.164844 0.494792 0.162500 0.495833 0.161719 0.495833 0.158594 0.493750 0.157812 0.492708 0.155469 0.492708 0.154688 0.491667 0.149219 0.493750 0.148438 0.493750 0.145313 0.491667 0.144531 0.491667 0.125781 0.471875 0.125000 0.471875 0.125781 0.468750 0.126562 0.467708 0.135156 0.467708 0.135937 0.467708 0.144531 0.464583
0 0.164844 0.459375 0.167969 0.460417 0.168750 0.460417 0.175000 0.470833 0.175781 0.471875 0.182031 0.476042 0.182812 0.476042 0.184375 0.478125 0.185156 0.479167 0.185156 0.481250 0.185156 0.482292 0.182031 0.484375 0.181250 0.485417 0.167187 0.486458 0.166406 0.486458 0.163281 0.482292 0.162500 0.481250 0.160156 0.473958 0.159375 0.472917 0.159375 0.470833 0.159375 0.469792 0.161719 0.464583 0.161719 0.463542 0.164844 0.459375
0 0.142187 0.491667 0.146875 0.492708 0.147656 0.492708 0.149219 0.495833 0.149219 0.496875 0.146875 0.503125 0.146875 0.504167 0.134375 0.529167 0.134375 0.530208 0.130469 0.532292 0.129688 0.532292 0.128906 0.531250 0.128125 0.530208 0.128125 0.526042 0.128125 0.525000 0.130469 0.520833 0.131250 0.519792 0.133594 0.507292 0.133594 0.506250 0.142187 0.491667
0 0.117188 0.471875 0.119531 0.471875 0.120313 0.472917 0.120313 0.485417 0.120313 0.486458 0.116406 0.500000 0.116406 0.501042 0.111719 0.505208 0.110937 0.505208 0.104688 0.496875 0.104688 0.495833 0.110156 0.481250 0.110156 0.480208 0.117188 0.471875
0 0.108594 0.000000 0.125000 0.000000 0.125781 0.000000 0.125781 0.003125 0.125781 0.004167 0.123438 0.011458 0.123438 0.012500 0.119531 0.016667 0.118750 0.017708 0.112500 0.017708 0.111719 0.017708 0.110156 0.015625 0.109375 0.014583 0.109375 0.012500 0.108594 0.011458 0.108594 0.000000
0 0.245312 0.000000 0.271094 0.000000 0.271875 0.000000 0.272656 0.002083 0.273438 0.003125 0.275781 0.004167 0.276562 0.004167 0.281250 0.010417 0.282031 0.011458 0.283594 0.021875 0.283594 0.022917 0.275000 0.029167 0.274219 0.030208 0.267188 0.033333 0.266406 0.033333 0.262500 0.030208 0.261719 0.030208 0.251563 0.018750 0.250781 0.017708 0.248438 0.012500 0.247656 0.011458 0.245312 0.000000
0 0.309375 0.106250 0.313281 0.106250 0.314063 0.106250 0.330469 0.117708 0.331250 0.118750 0.353125 0.131250 0.353906 0.131250 0.354687 0.132292 0.355469 0.133333 0.355469 0.137500 0.355469 0.138542 0.346875 0.150000 0.346094 0.151042 0.339844 0.151042 0.339062 0.151042 0.334375 0.147917 0.333594 0.147917 0.321875 0.137500 0.321094 0.137500 0.301563 0.116667 0.300781 0.116667 0.300781 0.111458 0.301563 0.110417 0.309375 0.106250
0 0.360938 0.135417 0.379688 0.140625 0.380469 0.141667 0.396875 0.144792 0.397656 0.144792 0.403906 0.147917 0.404687 0.147917 0.407813 0.153125 0.407813 0.154167 0.405469 0.159375 0.404687 0.160417 0.402344 0.161458 0.401562 0.162500 0.397656 0.162500 0.396875 0.163542 0.389062 0.161458 0.388281 0.160417 0.374219 0.158333 0.373437 0.158333 0.370312 0.156250 0.369531 0.156250 0.360156 0.142708 0.359375 0.141667 0.358594 0.137500 0.358594 0.136458 0.360938 0.135417
0 0.324219 0.076042 0.325781 0.077083 0.326562 0.078125 0.328906 0.085417 0.328906 0.086458 0.333594 0.091667 0.334375 0.092708 0.335156 0.095833 0.335156 0.096875 0.328125 0.104167 0.327344 0.105208 0.321094 0.109375 0.320312 0.109375 0.314844 0.106250 0.314063 0.105208 0.313281 0.091667 0.313281 0.090625 0.318750 0.082292 0.318750 0.081250 0.324219 0.076042
0 0.252344 0.032292 0.274219 0.034375 0.275000 0.034375 0.284375 0.039583 0.285156 0.039583 0.285938 0.044792 0.285938 0.045833 0.283594 0.047917 0.282813 0.048958 0.270313 0.047917 0.269531 0.047917 0.259375 0.042708 0.258594 0.042708 0.255469 0.039583 0.254688 0.039583 0.252344 0.035417 0.251563 0.034375 0.252344 0.032292
0 0.228125 0.047917 0.234375 0.050000 0.235156 0.050000 0.240625 0.057292 0.241406 0.058333 0.241406 0.062500 0.241406 0.063542 0.239844 0.067708 0.239063 0.068750 0.239063 0.077083 0.239063 0.078125 0.236719 0.078125 0.235937 0.078125 0.230469 0.066667 0.229687 0.065625 0.228125 0.058333 0.227344 0.057292 0.228125 0.047917
0 0.125781 0.000000 0.132812 0.000000 0.133594 0.000000 0.133594 0.005208 0.133594 0.006250 0.136719 0.017708 0.137500 0.018750 0.137500 0.021875 0.137500 0.022917 0.135156 0.027083 0.134375 0.028125 0.130469 0.028125 0.129688 0.027083 0.125781 0.015625 0.125000 0.014583 0.124219 0.006250 0.124219 0.005208 0.125781 0.000000
0 0.165625 0.130208 0.170313 0.131250 0.171094 0.131250 0.178125 0.135417 0.178906 0.135417 0.179688 0.136458 0.180469 0.137500 0.180469 0.140625 0.180469 0.141667 0.177344 0.145833 0.176563 0.146875 0.162500 0.158333 0.161719 0.159375 0.158594 0.159375 0.157812 0.159375 0.153906 0.155208 0.153125 0.154167 0.153125 0.146875 0.153125 0.145833 0.165625 0.130208
0 0.191406 0.112500 0.193750 0.113542 0.194531 0.114583 0.196094 0.123958 0.196094 0.125000 0.192969 0.127083 0.192188 0.128125 0.191406 0.133333 0.190625 0.134375 0.182812 0.134375 0.182031 0.134375 0.181250 0.131250 0.180469 0.130208 0.180469 0.126042 0.180469 0.125000 0.182031 0.120833 0.182031 0.119792 0.191406 0.112500
0 0.188281 0.155208 0.199219 0.158333 0.200000 0.159375 0.200000 0.163542 0.200000 0.164583 0.197656 0.170833 0.196875 0.171875 0.192969 0.172917 0.192188 0.172917 0.186719 0.167708 0.185938 0.167708 0.184375 0.159375 0.184375 0.158333 0.188281 0.155208
0 0.212500 0.098958 0.214844 0.098958 0.215625 0.098958 0.221094 0.106250 0.221875 0.107292 0.221875 0.112500 0.221875 0.113542 0.219531 0.121875 0.218750 0.122917 0.211719 0.121875 0.210938 0.121875 0.208594 0.117708 0.207813 0.116667 0.209375 0.105208 0.209375 0.104167 0.212500 0.098958
0 0.216406 0.089583 0.219531 0.090625 0.220312 0.090625 0.223438 0.093750 0.224219 0.093750 0.227344 0.100000 0.227344 0.101042 0.221094 0.104167 0.220312 0.104167 0.214062 0.100000 0.213281 0.100000 0.214062 0.094792 0.214062 0.093750 0.216406 0.089583
0 0.316406 0.134375 0.319531 0.137500 0.320312 0.138542 0.321094 0.150000 0.321094 0.151042 0.319531 0.153125 0.318750 0.154167 0.314063 0.154167 0.313281 0.154167 0.310937 0.147917 0.310937 0.146875 0.314844 0.136458 0.314844 0.135417 0.316406 0.134375
0 0.283594 0.131250 0.285938 0.132292 0.286719 0.132292 0.287500 0.133333 0.288281 0.134375 0.288281 0.137500 0.288281 0.138542 0.285938 0.144792 0.285156 0.145833 0.282813 0.146875 0.282031 0.147917 0.278125 0.147917 0.277344 0.147917 0.276562 0.141667 0.276562 0.140625 0.278906 0.136458 0.278906 0.135417 0.283594 0.131250
0 0.297656 0.141667 0.301563 0.141667 0.302344 0.142708 0.303125 0.151042 0.303906 0.152083 0.303125 0.155208 0.302344 0.156250 0.296875 0.153125 0.296094 0.152083 0.295312 0.147917 0.295312 0.146875 0.297656 0.141667
0 0.289844 0.038542 0.298438 0.039583 0.299219 0.039583 0.303906 0.042708 0.304688 0.043750 0.305469 0.050000 0.305469 0.051042 0.302344 0.058333 0.301563 0.059375 0.296875 0.059375 0.296094 0.059375 0.289844 0.054167 0.289062 0.053125 0.287500 0.047917 0.286719 0.046875 0.286719 0.042708 0.286719 0.041667 0.289844 0.038542
0 0.297656 0.006250 0.298438 0.006250 0.299219 0.007292 0.299219 0.009375 0.299219 0.010417 0.296875 0.027083 0.296875 0.028125 0.294531 0.031250 0.293750 0.032292 0.289844 0.031250 0.289062 0.031250 0.285156 0.022917 0.285156 0.021875 0.289844 0.011458 0.290625 0.010417 0.297656 0.006250
0 0.297656 0.007292 0.300000 0.008333 0.300781 0.009375 0.307812 0.008333 0.308594 0.007292 0.310937 0.008333 0.311719 0.008333 0.313281 0.011458 0.314063 0.012500 0.314063 0.016667 0.314063 0.017708 0.308594 0.023958 0.307812 0.025000 0.302344 0.025000 0.301563 0.025000 0.298438 0.020833 0.297656 0.019792 0.297656 0.007292
0 0.321094 0.010417 0.333594 0.011458 0.334375 0.011458 0.334375 0.021875 0.334375 0.022917 0.331250 0.027083 0.330469 0.028125 0.326562 0.028125 0.325781 0.028125 0.321875 0.023958 0.321094 0.023958 0.320312 0.022917 0.319531 0.021875 0.319531 0.014583 0.319531 0.013542 0.321094 0.010417
0 0.304688 0.000000 0.320312 0.000000 0.321094 0.000000 0.321094 0.005208 0.321094 0.006250 0.318750 0.007292 0.317969 0.008333 0.311719 0.007292 0.310937 0.007292 0.304688 0.000000
0 0.110156 0.038542 0.113281 0.038542 0.114062 0.038542 0.116406 0.040625 0.117188 0.041667 0.119531 0.047917 0.120313 0.048958 0.119531 0.054167 0.119531 0.055208 0.115625 0.054167 0.114844 0.054167 0.108594 0.047917 0.107813 0.046875 0.107813 0.044792 0.107031 0.043750 0.110156 0.038542
0 0.041406 0.026042 0.049219 0.027083 0.050000 0.027083 0.051562 0.033333 0.051562 0.034375 0.049219 0.037500 0.048438 0.038542 0.045312 0.039583 0.044531 0.039583 0.039844 0.033333 0.039062 0.032292 0.039062 0.029167 0.039062 0.028125 0.041406 0.026042
0 0.065625 0.064583 0.067969 0.064583 0.068750 0.065625 0.069531 0.070833 0.069531 0.071875 0.064844 0.084375 0.064062 0.085417 0.064844 0.087500 0.065625 0.088542 0.065625 0.090625 0.065625 0.091667 0.064062 0.092708 0.063281 0.092708 0.061719 0.091667 0.060937 0.090625 0.057813 0.080208 0.057031 0.079167 0.057813 0.077083 0.057813 0.076042 0.062500 0.070833 0.063281 0.069792 0.064062 0.066667 0.064062 0.065625 0.065625 0.064583
0 0.039062 0.106250 0.044531 0.107292 0.045312 0.108333 0.046094 0.116667 0.046094 0.117708 0.040625 0.119792 0.039844 0.119792 0.036719 0.122917 0.035937 0.123958 0.032813 0.123958 0.032031 0.123958 0.030469 0.119792 0.029687 0.118750 0.029687 0.112500 0.029687 0.111458 0.030469 0.110417 0.031250 0.109375 0.039062 0.106250
0 0.014063 0.055208 0.015625 0.055208 0.016406 0.055208 0.019531 0.060417 0.019531 0.061458 0.014844 0.062500 0.014063 0.062500 0.014063 0.055208
0 0.009375 0.150000 0.014844 0.151042 0.015625 0.152083 0.014844 0.158333 0.014063 0.159375 0.010156 0.158333 0.009375 0.157292 0.009375 0.150000
0 0.134375 0.053125 0.139844 0.054167 0.140625 0.054167 0.140625 0.068750 0.139844 0.069792 0.133594 0.061458 0.132812 0.060417 0.132812 0.056250 0.132812 0.055208 0.134375 0.053125
0 0.278906 0.376042 0.285156 0.377083 0.285938 0.378125 0.295312 0.376042 0.296094 0.376042 0.299219 0.379167 0.300000 0.379167 0.304688 0.395833 0.305469 0.396875 0.304688 0.402083 0.304688 0.403125 0.302344 0.406250 0.301563 0.407292 0.297656 0.409375 0.296875 0.410417 0.292187 0.410417 0.291406 0.410417 0.282813 0.403125 0.282031 0.403125 0.276562 0.396875 0.275781 0.395833 0.275781 0.391667 0.275781 0.390625 0.278906 0.376042
0 0.197656 0.347917 0.204687 0.347917 0.205469 0.347917 0.214062 0.352083 0.214844 0.353125 0.220312 0.366667 0.221094 0.367708 0.222656 0.375000 0.223438 0.376042 0.222656 0.383333 0.221875 0.384375 0.214062 0.384375 0.213281 0.384375 0.196875 0.371875 0.196094 0.370833 0.185938 0.365625 0.185156 0.365625 0.184375 0.361458 0.184375 0.360417 0.192188 0.352083 0.192969 0.351042 0.197656 0.347917
0 0.174219 0.414583 0.176563 0.414583 0.177344 0.414583 0.182812 0.419792 0.183594 0.420833 0.187500 0.420833 0.188281 0.419792 0.189062 0.420833 0.189844 0.420833 0.191406 0.426042 0.192188 0.427083 0.191406 0.435417 0.190625 0.436458 0.190625 0.450000 0.190625 0.451042 0.182812 0.461458 0.182031 0.462500 0.178125 0.462500 0.177344 0.462500 0.174219 0.460417 0.173437 0.459375 0.169531 0.442708 0.168750 0.441667 0.168750 0.433333 0.168750 0.432292 0.171094 0.422917 0.171094 0.421875 0.174219 0.414583
0 0.255469 0.394792 0.258594 0.395833 0.259375 0.395833 0.261719 0.398958 0.262500 0.400000 0.266406 0.402083 0.267188 0.402083 0.274219 0.411458 0.275000 0.412500 0.275781 0.416667 0.275781 0.417708 0.274219 0.422917 0.273438 0.423958 0.268750 0.426042 0.267969 0.427083 0.261719 0.427083 0.260937 0.427083 0.250000 0.420833 0.249219 0.419792 0.249219 0.412500 0.249219 0.411458 0.252344 0.405208 0.253125 0.404167 0.252344 0.398958 0.252344 0.397917 0.255469 0.394792
0 0.246094 0.425000 0.247656 0.425000 0.248438 0.426042 0.250781 0.435417 0.250781 0.436458 0.245312 0.442708 0.244531 0.443750 0.239844 0.444792 0.239063 0.444792 0.235156 0.439583 0.235156 0.438542 0.242969 0.427083 0.243750 0.426042 0.246094 0.425000
0 0.274219 0.466667 0.278125 0.466667 0.278906 0.466667 0.283594 0.470833 0.284375 0.471875 0.287500 0.485417 0.288281 0.486458 0.286719 0.492708 0.286719 0.493750 0.281250 0.498958 0.280469 0.500000 0.278906 0.505208 0.278906 0.506250 0.277344 0.507292 0.276562 0.508333 0.273438 0.507292 0.272656 0.506250 0.271094 0.497917 0.271094 0.496875 0.267969 0.492708 0.267188 0.491667 0.267188 0.488542 0.266406 0.487500 0.269531 0.480208 0.270313 0.479167 0.271094 0.471875 0.271094 0.470833 0.274219 0.466667
0 0.245312 0.487500 0.250781 0.487500 0.251563 0.487500 0.253125 0.489583 0.253906 0.490625 0.254688 0.502083 0.254688 0.503125 0.246875 0.506250 0.246094 0.507292 0.239063 0.505208 0.238281 0.505208 0.237500 0.501042 0.237500 0.500000 0.239844 0.493750 0.239844 0.492708 0.245312 0.487500
0 0.239844 0.475000 0.247614 0.475518 0.255469 0.476042 0.255469 0.477083 0.253906 0.481250 0.253906 0.482292 0.250781 0.485417 0.250000 0.486458 0.244531 0.488542 0.243750 0.489583 0.235937 0.489583 0.235156 0.489583 0.234375 0.485417 0.234375 0.484375 0.239844 0.475000
0 0.216406 0.552083 0.217969 0.552083 0.218750 0.552083 0.220312 0.554167 0.221094 0.555208 0.222656 0.563542 0.223438 0.564583 0.222656 0.575000 0.222656 0.576042 0.221094 0.583333 0.221094 0.584375 0.219531 0.586458 0.218750 0.587500 0.211719 0.586458 0.210938 0.586458 0.208594 0.584375 0.207813 0.584375 0.205469 0.580208 0.204687 0.579167 0.203125 0.566667 0.202344 0.565625 0.202344 0.561458 0.202344 0.560417 0.203906 0.556250 0.204687 0.555208 0.211719 0.557292 0.212500 0.557292 0.216406 0.552083
0 0.239844 0.570833 0.245312 0.571875 0.246094 0.571875 0.246875 0.572917 0.247656 0.573958 0.247656 0.581250 0.247656 0.582292 0.237500 0.600000 0.236719 0.601042 0.235156 0.608333 0.235156 0.609375 0.229687 0.613542 0.228906 0.614583 0.225781 0.608333 0.225000 0.607292 0.222656 0.596875 0.221875 0.595833 0.221875 0.581250 0.221875 0.580208 0.223438 0.578125 0.224219 0.577083 0.231250 0.576042 0.232031 0.576042 0.239844 0.570833
0 0.267969 0.541667 0.275781 0.543750 0.276562 0.544792 0.277344 0.560417 0.277344 0.561458 0.275000 0.568750 0.274219 0.569792 0.267188 0.573958 0.266406 0.573958 0.264844 0.572917 0.264062 0.572917 0.260937 0.566667 0.260156 0.565625 0.258594 0.556250 0.257812 0.555208 0.257812 0.548958 0.257812 0.547917 0.258594 0.545833 0.259375 0.544792 0.267969 0.541667
0 0.305469 0.556250 0.314063 0.556250 0.314844 0.556250 0.317969 0.560417 0.318750 0.561458 0.319531 0.566667 0.320312 0.567708 0.318750 0.579167 0.317969 0.580208 0.315625 0.580208 0.314844 0.580208 0.313281 0.577083 0.312500 0.576042 0.304688 0.573958 0.303906 0.573958 0.298438 0.570833 0.297656 0.569792 0.297656 0.564583 0.297656 0.563542 0.305469 0.556250
0 0.262500 0.577083 0.264844 0.577083 0.265625 0.577083 0.267969 0.579167 0.268750 0.579167 0.268750 0.584375 0.268750 0.585417 0.265625 0.589583 0.264844 0.590625 0.246875 0.589583 0.246094 0.589583 0.246875 0.586458 0.247656 0.585417 0.255469 0.584375 0.256250 0.584375 0.259375 0.579167 0.260156 0.578125 0.262500 0.577083
0 0.302344 0.675000 0.309375 0.678125 0.310156 0.679167 0.316406 0.678125 0.317188 0.678125 0.322656 0.680208 0.323437 0.680208 0.330469 0.688542 0.331250 0.689583 0.329688 0.693750 0.329688 0.694792 0.322656 0.703125 0.321875 0.704167 0.311719 0.710417 0.310937 0.711458 0.307812 0.711458 0.307031 0.711458 0.304688 0.706250 0.303906 0.705208 0.302344 0.681250 0.301563 0.680208 0.302344 0.675000
0 0.323437 0.671875 0.333594 0.671875 0.334375 0.671875 0.335156 0.673958 0.335156 0.675000 0.340625 0.680208 0.340625 0.681250 0.336719 0.683333 0.335938 0.683333 0.333594 0.686458 0.332813 0.687500 0.330469 0.687500 0.329688 0.687500 0.325781 0.682292 0.325000 0.681250 0.316406 0.677083 0.315625 0.676042 0.315625 0.675000 0.316406 0.673958 0.323437 0.671875
0 0.274219 0.653125 0.278125 0.654167 0.278906 0.654167 0.279687 0.656250 0.280469 0.657292 0.278906 0.663542 0.278906 0.664583 0.275781 0.667708 0.275000 0.668750 0.274219 0.682292 0.274219 0.683333 0.264062 0.687500 0.263281 0.688542 0.249219 0.691667 0.248438 0.692708 0.244531 0.692708 0.243750 0.692708 0.235937 0.688542 0.235156 0.688542 0.235156 0.686458 0.235156 0.685417 0.239063 0.684375 0.239844 0.683333 0.239844 0.675000 0.239844 0.673958 0.240625 0.669792 0.240625 0.668750 0.242188 0.666667 0.242969 0.665625 0.250781 0.664583 0.251563 0.663542 0.261719 0.663542 0.262500 0.663542 0.267188 0.658333 0.267969 0.657292 0.274219 0.653125
0 0.251563 0.691667 0.255469 0.691667 0.256250 0.691667 0.260937 0.695833 0.261719 0.696875 0.267188 0.696875 0.267969 0.696875 0.274219 0.708333 0.275000 0.709375 0.281250 0.711458 0.282031 0.711458 0.287500 0.718750 0.288281 0.719792 0.292969 0.722917 0.293750 0.722917 0.294531 0.725000 0.295312 0.726042 0.294531 0.731250 0.294531 0.732292 0.293750 0.733333 0.292969 0.734375 0.286719 0.736458 0.285938 0.737500 0.281250 0.736458 0.280469 0.736458 0.278906 0.740625 0.278906 0.741667 0.275781 0.743750 0.275000 0.743750 0.270313 0.741667 0.269531 0.741667 0.262500 0.735417 0.261719 0.734375 0.252344 0.730208 0.251563 0.730208 0.249219 0.727083 0.248438 0.726042 0.248438 0.713542 0.248438 0.712500 0.247656 0.711458 0.246875 0.710417 0.243750 0.710417 0.242969 0.709375 0.242969 0.705208 0.242969 0.704167 0.244531 0.701042 0.245312 0.700000 0.245312 0.696875 0.245312 0.695833 0.251563 0.691667
0 0.289062 0.736458 0.292187 0.737500 0.292969 0.737500 0.298438 0.742708 0.299219 0.742708 0.301563 0.746875 0.301563 0.747917 0.297656 0.755208 0.296875 0.756250 0.286719 0.759375 0.285938 0.759375 0.285156 0.756250 0.284375 0.755208 0.284375 0.750000 0.284375 0.748958 0.289062 0.736458
0 0.259375 0.748958 0.263281 0.751042 0.264062 0.752083 0.263281 0.766667 0.263281 0.767708 0.265625 0.772917 0.266406 0.773958 0.266406 0.777083 0.266406 0.778125 0.262500 0.785417 0.261719 0.786458 0.258594 0.787500 0.257812 0.787500 0.255469 0.785417 0.254688 0.784375 0.251563 0.775000 0.250781 0.773958 0.250000 0.768750 0.249219 0.767708 0.250000 0.765625 0.250781 0.764583 0.249219 0.753125 0.249219 0.752083 0.250781 0.751042 0.251563 0.750000 0.255469 0.751042 0.256250 0.751042 0.259375 0.748958
0 0.278906 0.761458 0.286719 0.762500 0.287500 0.763542 0.287500 0.782292 0.287500 0.783333 0.280469 0.797917 0.279687 0.798958 0.269531 0.802083 0.268750 0.802083 0.264844 0.797917 0.264062 0.797917 0.260937 0.789583 0.260937 0.788542 0.275781 0.765625 0.275781 0.764583 0.278906 0.761458
0 0.200781 0.650000 0.207813 0.661458 0.208594 0.662500 0.211719 0.672917 0.212500 0.673958 0.212500 0.677083 0.213281 0.678125 0.210156 0.701042 0.210156 0.702083 0.207813 0.705208 0.207031 0.706250 0.202344 0.705208 0.201563 0.705208 0.196094 0.690625 0.195312 0.689583 0.194531 0.680208 0.193750 0.679167 0.195312 0.673958 0.195312 0.672917 0.192969 0.671875 0.192188 0.670833 0.192969 0.661458 0.192969 0.660417 0.200781 0.650000
0 0.196875 0.697917 0.199219 0.700000 0.200000 0.701042 0.199219 0.716667 0.199219 0.717708 0.197656 0.719792 0.196875 0.720833 0.189844 0.721875 0.189062 0.721875 0.186719 0.718750 0.185938 0.717708 0.185156 0.711458 0.184375 0.710417 0.185156 0.708333 0.185156 0.707292 0.189844 0.704167 0.190625 0.704167 0.196875 0.697917
0 0.180469 0.701042 0.183594 0.705208 0.184375 0.706250 0.185938 0.718750 0.186719 0.719792 0.186719 0.720833 0.185938 0.721875 0.184375 0.721875 0.183594 0.722917 0.176563 0.721875 0.175781 0.721875 0.171094 0.716667 0.170313 0.715625 0.171094 0.706250 0.171094 0.705208 0.180469 0.701042
0 0.149219 0.684375 0.169531 0.705208 0.170313 0.706250 0.171094 0.709375 0.171094 0.710417 0.169531 0.714583 0.169531 0.715625 0.162500 0.718750 0.161719 0.718750 0.156250 0.711458 0.155469 0.710417 0.143750 0.704167 0.142969 0.703125 0.142969 0.700000 0.142969 0.698958 0.146094 0.688542 0.146094 0.687500 0.149219 0.684375
0 0.153125 0.711458 0.155469 0.712500 0.156250 0.712500 0.160156 0.718750 0.160938 0.719792 0.162500 0.726042 0.163281 0.727083 0.163281 0.734375 0.163281 0.735417 0.161719 0.738542 0.160938 0.739583 0.157031 0.742708 0.156250 0.743750 0.149219 0.744792 0.148438 0.744792 0.145313 0.740625 0.145313 0.739583 0.148438 0.733333 0.149219 0.732292 0.149219 0.716667 0.149219 0.715625 0.153125 0.711458
0 0.160938 0.634375 0.175000 0.634375 0.175781 0.634375 0.186719 0.641667 0.187500 0.642708 0.179688 0.655208 0.178906 0.656250 0.166406 0.657292 0.165625 0.657292 0.153906 0.647917 0.153125 0.647917 0.153125 0.643750 0.153125 0.642708 0.155469 0.639583 0.155469 0.638542 0.160938 0.634375
0 0.175781 0.615625 0.182031 0.615625 0.182812 0.615625 0.186719 0.619792 0.187500 0.620833 0.191406 0.633333 0.192188 0.634375 0.192188 0.637500 0.192188 0.638542 0.190625 0.641667 0.189844 0.642708 0.185938 0.642708 0.185156 0.642708 0.176563 0.633333 0.175781 0.633333 0.176563 0.627083 0.176563 0.626042 0.174219 0.619792 0.173437 0.618750 0.173437 0.617708 0.173437 0.616667 0.175781 0.615625
0 0.140625 0.637500 0.153125 0.638542 0.153906 0.638542 0.151562 0.645833 0.151562 0.646875 0.148438 0.648958 0.147656 0.650000 0.131250 0.651042 0.130469 0.651042 0.130469 0.650000 0.130469 0.648958 0.140625 0.637500
0 0.142187 0.588542 0.145313 0.589583 0.146094 0.589583 0.146875 0.591667 0.147656 0.592708 0.146094 0.613542 0.146094 0.614583 0.142969 0.620833 0.142969 0.621875 0.132812 0.636458 0.132031 0.637500 0.125781 0.638542 0.125000 0.638542 0.119531 0.632292 0.118750 0.632292 0.117969 0.628125 0.117969 0.627083 0.119531 0.623958 0.119531 0.622917 0.126562 0.613542 0.127344 0.612500 0.127344 0.608333 0.127344 0.607292 0.128906 0.603125 0.128906 0.602083 0.135156 0.593750 0.135937 0.592708 0.142187 0.588542
0 0.195312 0.517708 0.196875 0.517708 0.197656 0.517708 0.201563 0.521875 0.202344 0.522917 0.202344 0.533333 0.202344 0.534375 0.203906 0.537500 0.204687 0.538542 0.203906 0.543750 0.203125 0.544792 0.201563 0.544792 0.200781 0.544792 0.190625 0.535417 0.189844 0.534375 0.190625 0.526042 0.190625 0.525000 0.195312 0.517708
0 0.153906 0.534375 0.157031 0.534375 0.157812 0.534375 0.159375 0.539583 0.159375 0.540625 0.163281 0.546875 0.164062 0.547917 0.164844 0.553125 0.164844 0.554167 0.160938 0.557292 0.160156 0.558333 0.158594 0.558333 0.157812 0.558333 0.156250 0.556250 0.155469 0.555208 0.151562 0.545833 0.150781 0.544792 0.150781 0.541667 0.150781 0.540625 0.153906 0.534375
0 0.146094 0.508333 0.148438 0.509375 0.149219 0.510417 0.153906 0.520833 0.154688 0.521875 0.154688 0.531250 0.154688 0.532292 0.152344 0.535417 0.151562 0.536458 0.145313 0.532292 0.144531 0.532292 0.141406 0.529167 0.140625 0.528125 0.139063 0.523958 0.138281 0.522917 0.146094 0.508333
0 0.195312 0.517708 0.196875 0.517708 0.197656 0.517708 0.200781 0.520833 0.201563 0.521875 0.202344 0.533333 0.202344 0.534375 0.203906 0.537500 0.204687 0.538542 0.204687 0.542708 0.204687 0.543750 0.197656 0.553125 0.197656 0.554167 0.182812 0.563542 0.182031 0.563542 0.177344 0.570833 0.176563 0.571875 0.173437 0.572917 0.172656 0.573958 0.162500 0.572917 0.161719 0.572917 0.160938 0.570833 0.160156 0.569792 0.160156 0.563542 0.160156 0.562500 0.161719 0.559375 0.161719 0.558333 0.171875 0.551042 0.172656 0.551042 0.185156 0.539583 0.185938 0.539583 0.188281 0.535417 0.189062 0.534375 0.190625 0.525000 0.190625 0.523958 0.195312 0.517708
0 0.094531 0.669792 0.112500 0.670833 0.113281 0.671875 0.113281 0.676042 0.113281 0.677083 0.110937 0.682292 0.110937 0.683333 0.100781 0.696875 0.100000 0.697917 0.096094 0.695833 0.095312 0.694792 0.093750 0.678125 0.092969 0.677083 0.092969 0.672917 0.092969 0.671875 0.094531 0.669792
0 0.091406 0.697917 0.094531 0.698958 0.095312 0.700000 0.099219 0.709375 0.100000 0.710417 0.102344 0.719792 0.103125 0.720833 0.102344 0.725000 0.102344 0.726042 0.099219 0.730208 0.099219 0.731250 0.095312 0.733333 0.094531 0.734375 0.089844 0.733333 0.089063 0.733333 0.088281 0.732292 0.087500 0.731250 0.087500 0.726042 0.086719 0.725000 0.086719 0.705208 0.086719 0.704167 0.091406 0.697917
0 0.089063 0.836458 0.099219 0.837500 0.100000 0.837500 0.126562 0.858333 0.127344 0.859375 0.135156 0.862500 0.135937 0.862500 0.135937 0.864583 0.135937 0.865625 0.093750 0.865625 0.092969 0.865625 0.085156 0.848958 0.084375 0.847917 0.084375 0.846875 0.084375 0.845833 0.087500 0.841667 0.088281 0.840625 0.089063 0.836458
0 0.195312 0.853125 0.203906 0.857292 0.204687 0.858333 0.210156 0.858333 0.210938 0.858333 0.216406 0.856250 0.217188 0.856250 0.220312 0.859375 0.221094 0.860417 0.221094 0.864583 0.221094 0.865625 0.192969 0.865625 0.192188 0.865625 0.192188 0.858333 0.192188 0.857292 0.195312 0.853125
0 0.232031 0.842708 0.246094 0.847917 0.246875 0.848958 0.246875 0.851042 0.246875 0.852083 0.239063 0.863542 0.238281 0.864583 0.233594 0.863542 0.232813 0.862500 0.229687 0.847917 0.228906 0.846875 0.232031 0.842708
0 0.303906 0.811458 0.305469 0.811458 0.306250 0.811458 0.315625 0.817708 0.316406 0.817708 0.325000 0.829167 0.325781 0.830208 0.326562 0.844792 0.326562 0.845833 0.319531 0.854167 0.318750 0.855208 0.309375 0.853125 0.308594 0.853125 0.303125 0.848958 0.302344 0.848958 0.297656 0.841667 0.296875 0.840625 0.297656 0.833333 0.298438 0.832292 0.296875 0.818750 0.296875 0.817708 0.297656 0.816667 0.297656 0.815625 0.303906 0.811458
0 0.296094 0.798958 0.297656 0.798958 0.298438 0.798958 0.303906 0.803125 0.304688 0.804167 0.303906 0.810417 0.303125 0.811458 0.298438 0.814583 0.297656 0.815625 0.293750 0.815625 0.292969 0.815625 0.285938 0.811458 0.285156 0.810417 0.285156 0.804167 0.285156 0.803125 0.296094 0.798958
0 0.274219 0.801042 0.278906 0.801042 0.279687 0.801042 0.282813 0.805208 0.283594 0.806250 0.283594 0.808333 0.284375 0.809375 0.278125 0.821875 0.278125 0.822917 0.273438 0.822917 0.272656 0.822917 0.268750 0.820833 0.267969 0.819792 0.269531 0.806250 0.269531 0.805208 0.274219 0.801042
0 0.289062 0.781250 0.292187 0.783333 0.292969 0.784375 0.292187 0.791667 0.292187 0.792708 0.286719 0.797917 0.285938 0.798958 0.284375 0.797917 0.283594 0.797917 0.283594 0.793750 0.283594 0.792708 0.289062 0.781250
0 0.252344 0.790625 0.257031 0.790625 0.257812 0.790625 0.261719 0.794792 0.262500 0.794792 0.267969 0.802083 0.268750 0.803125 0.268750 0.809375 0.268750 0.810417 0.266406 0.812500 0.265625 0.813542 0.260937 0.813542 0.260156 0.813542 0.255469 0.810417 0.254688 0.810417 0.250781 0.800000 0.250000 0.798958 0.252344 0.790625
0 0.246875 0.792708 0.248438 0.792708 0.249219 0.792708 0.249219 0.803125 0.250000 0.804167 0.247656 0.812500 0.247656 0.813542 0.236719 0.814583 0.235937 0.814583 0.238281 0.805208 0.239063 0.804167 0.238281 0.798958 0.238281 0.797917 0.242969 0.796875 0.243750 0.796875 0.246875 0.792708
0 0.238281 0.815625 0.243750 0.815625 0.244531 0.815625 0.245312 0.819792 0.245312 0.820833 0.237500 0.835417 0.237500 0.836458 0.235156 0.838542 0.234375 0.838542 0.232813 0.837500 0.232031 0.836458 0.229687 0.827083 0.229687 0.826042 0.232813 0.820833 0.233594 0.819792 0.238281 0.815625
0 0.211719 0.802083 0.214062 0.803125 0.214844 0.803125 0.221094 0.812500 0.221875 0.813542 0.221875 0.816667 0.221875 0.817708 0.224219 0.823958 0.224219 0.825000 0.221094 0.833333 0.220312 0.834375 0.213281 0.834375 0.212500 0.833333 0.211719 0.802083
0 0.205469 0.809375 0.209375 0.809375 0.210156 0.809375 0.211719 0.811458 0.212500 0.812500 0.212500 0.833333 0.212500 0.834375 0.203906 0.838542 0.203125 0.838542 0.200000 0.835417 0.199219 0.834375 0.197656 0.829167 0.197656 0.828125 0.202344 0.818750 0.203125 0.817708 0.205469 0.809375
0 0.181250 0.775000 0.185938 0.778125 0.186719 0.779167 0.190625 0.779167 0.191406 0.779167 0.194531 0.781250 0.195312 0.781250 0.199219 0.785417 0.200000 0.786458 0.200781 0.789583 0.201563 0.790625 0.203125 0.809375 0.203125 0.810417 0.198437 0.822917 0.197656 0.823958 0.196094 0.823958 0.195312 0.823958 0.192969 0.820833 0.192188 0.819792 0.189062 0.797917 0.189062 0.796875 0.183594 0.791667 0.182812 0.791667 0.178906 0.785417 0.178125 0.784375 0.178125 0.782292 0.178125 0.781250 0.181250 0.775000
0 0.182031 0.802083 0.186719 0.802083 0.187500 0.802083 0.190625 0.810417 0.191406 0.811458 0.191406 0.818750 0.191406 0.819792 0.188281 0.822917 0.187500 0.823958 0.185156 0.823958 0.184375 0.825000 0.181250 0.825000 0.180469 0.825000 0.176563 0.821875 0.175781 0.820833 0.177344 0.810417 0.177344 0.809375 0.178906 0.806250 0.178906 0.805208 0.182031 0.802083
0 0.180469 0.826042 0.189062 0.827083 0.189844 0.827083 0.195312 0.831250 0.196094 0.831250 0.197656 0.833333 0.198437 0.834375 0.198437 0.836458 0.198437 0.837500 0.193750 0.842708 0.192969 0.843750 0.188281 0.844792 0.187500 0.844792 0.184375 0.841667 0.183594 0.840625 0.181250 0.832292 0.180469 0.831250 0.180469 0.826042
0 0.147656 0.808333 0.150000 0.808333 0.150781 0.808333 0.153125 0.810417 0.153906 0.810417 0.155469 0.813542 0.156250 0.814583 0.156250 0.817708 0.157031 0.818750 0.156250 0.819792 0.155469 0.820833 0.150781 0.821875 0.150000 0.821875 0.147656 0.817708 0.146875 0.816667 0.147656 0.808333
0 0.146875 0.828125 0.150000 0.829167 0.150781 0.829167 0.153906 0.832292 0.154688 0.833333 0.157031 0.839583 0.157812 0.840625 0.157812 0.843750 0.157812 0.844792 0.155469 0.844792 0.154688 0.844792 0.151562 0.839583 0.151562 0.838542 0.147656 0.834375 0.146875 0.833333 0.146875 0.828125
0 0.165625 0.840625 0.172656 0.841667 0.173437 0.841667 0.174219 0.843750 0.175000 0.844792 0.175000 0.848958 0.175000 0.850000 0.166406 0.848958 0.165625 0.848958 0.164844 0.847917 0.164062 0.846875 0.164062 0.843750 0.164062 0.842708 0.165625 0.840625
0 0.407031 0.823958 0.408594 0.825000 0.409375 0.826042 0.409375 0.843750 0.409375 0.844792 0.404687 0.853125 0.404687 0.854167 0.399219 0.861458 0.398438 0.862500 0.396094 0.863542 0.395313 0.864583 0.378906 0.865625 0.378125 0.865625 0.377344 0.862500 0.377344 0.861458 0.383594 0.845833 0.383594 0.844792 0.387500 0.839583 0.388281 0.838542 0.389062 0.835417 0.389062 0.834375 0.390625 0.833333 0.391406 0.832292 0.396094 0.833333 0.396875 0.833333 0.397656 0.832292 0.398438 0.831250 0.399219 0.826042 0.400000 0.825000 0.407031 0.823958
0 0.410938 0.806250 0.415625 0.806250 0.416406 0.806250 0.418750 0.808333 0.419531 0.809375 0.418750 0.811458 0.418750 0.812500 0.409375 0.821875 0.408594 0.822917 0.400781 0.823958 0.400000 0.823958 0.399219 0.819792 0.399219 0.818750 0.400781 0.816667 0.400781 0.815625 0.403125 0.812500 0.403906 0.811458 0.410938 0.806250
0 0.383594 0.800000 0.386719 0.800000 0.387500 0.800000 0.389062 0.802083 0.389844 0.803125 0.391406 0.814583 0.391406 0.815625 0.389062 0.823958 0.388281 0.825000 0.379688 0.820833 0.378906 0.819792 0.378906 0.809375 0.378906 0.808333 0.383594 0.800000
0 0.356250 0.771875 0.357812 0.771875 0.358594 0.771875 0.362500 0.776042 0.363281 0.777083 0.370312 0.791667 0.371094 0.792708 0.371094 0.794792 0.371094 0.795833 0.365625 0.795833 0.364844 0.795833 0.359375 0.788542 0.358594 0.787500 0.353906 0.779167 0.353125 0.778125 0.353906 0.775000 0.353906 0.773958 0.356250 0.771875
0 0.360156 0.733333 0.363281 0.734375 0.364063 0.734375 0.367188 0.737500 0.367969 0.737500 0.370312 0.740625 0.371094 0.741667 0.371875 0.747917 0.372656 0.748958 0.372656 0.757292 0.372656 0.758333 0.369531 0.764583 0.369531 0.765625 0.365625 0.769792 0.364844 0.770833 0.361719 0.770833 0.360938 0.770833 0.360938 0.768750 0.360938 0.767708 0.363281 0.763542 0.364063 0.762500 0.364063 0.760417 0.364063 0.759375 0.367188 0.752083 0.367188 0.751042 0.364844 0.744792 0.364844 0.743750 0.358594 0.736458 0.357812 0.735417 0.360156 0.733333
0 0.358594 0.734375 0.364844 0.735417 0.365625 0.735417 0.370312 0.740625 0.371094 0.741667 0.371875 0.745833 0.372656 0.746875 0.372656 0.758333 0.372656 0.759375 0.366406 0.768750 0.365625 0.769792 0.356250 0.770833 0.355469 0.770833 0.353125 0.772917 0.352344 0.772917 0.350000 0.771875 0.349219 0.770833 0.349219 0.767708 0.349219 0.766667 0.351562 0.763542 0.351562 0.762500 0.359375 0.759375 0.360156 0.759375 0.365625 0.754167 0.366406 0.753125 0.364844 0.744792 0.364844 0.743750 0.359375 0.737500 0.358594 0.737500 0.358594 0.734375
0 0.344531 0.757292 0.345313 0.758333 0.346094 0.758333 0.345313 0.762500 0.344531 0.763542 0.336719 0.766667 0.335938 0.767708 0.332031 0.766667 0.331250 0.766667 0.331250 0.763542 0.332031 0.762500 0.338281 0.759375 0.339062 0.758333 0.344531 0.757292
0 0.361719 0.818750 0.364063 0.818750 0.364844 0.818750 0.367188 0.823958 0.367969 0.825000 0.369531 0.841667 0.368750 0.842708 0.367969 0.842708 0.367188 0.842708 0.358594 0.829167 0.357812 0.829167 0.357031 0.822917 0.357031 0.821875 0.361719 0.818750
0 0.473438 0.719792 0.475000 0.719792 0.475781 0.719792 0.481250 0.730208 0.482031 0.731250 0.482812 0.735417 0.482812 0.736458 0.482031 0.740625 0.481250 0.741667 0.481250 0.757292 0.481250 0.758333 0.483594 0.762500 0.484375 0.763542 0.484375 0.766667 0.484375 0.767708 0.482031 0.769792 0.481250 0.770833 0.478906 0.770833 0.478125 0.771875 0.466406 0.772917 0.465625 0.772917 0.464062 0.771875 0.463281 0.771875 0.461719 0.768750 0.460938 0.767708 0.461719 0.753125 0.461719 0.752083 0.464844 0.739583 0.464844 0.738542 0.466406 0.736458 0.467187 0.735417 0.469531 0.727083 0.469531 0.726042 0.473438 0.719792
0 0.498437 0.722917 0.500000 0.722917 0.500781 0.722917 0.504687 0.726042 0.505469 0.726042 0.513281 0.740625 0.513281 0.741667 0.508594 0.748958 0.507812 0.750000 0.504687 0.751042 0.503906 0.751042 0.500781 0.754167 0.500000 0.755208 0.492969 0.758333 0.492188 0.759375 0.484375 0.760417 0.483594 0.760417 0.482031 0.758333 0.481250 0.757292 0.482812 0.737500 0.482812 0.736458 0.493750 0.728125 0.494531 0.728125 0.498437 0.722917
0 0.510156 0.754167 0.512500 0.754167 0.513281 0.754167 0.514844 0.760417 0.514844 0.761458 0.519531 0.770833 0.520312 0.771875 0.519531 0.772917 0.519531 0.773958 0.514844 0.777083 0.514062 0.778125 0.505469 0.778125 0.504687 0.778125 0.499219 0.780208 0.498437 0.781250 0.496875 0.780208 0.496094 0.780208 0.492188 0.773958 0.491406 0.772917 0.490625 0.766667 0.490625 0.765625 0.494531 0.762500 0.495312 0.761458 0.510156 0.754167
0 0.457813 0.772917 0.462500 0.773958 0.463281 0.773958 0.471875 0.784375 0.472656 0.785417 0.473438 0.788542 0.473438 0.789583 0.467187 0.797917 0.466406 0.798958 0.463281 0.798958 0.462500 0.798958 0.457031 0.790625 0.456250 0.789583 0.453125 0.787500 0.452344 0.787500 0.449219 0.781250 0.448437 0.780208 0.449219 0.776042 0.449219 0.775000 0.453906 0.775000 0.454688 0.775000 0.457813 0.772917
0 0.466406 0.712500 0.470313 0.713542 0.471094 0.714583 0.471094 0.717708 0.471094 0.718750 0.469531 0.721875 0.468750 0.722917 0.456250 0.722917 0.455469 0.721875 0.457031 0.718750 0.457813 0.717708 0.466406 0.712500
0 0.450000 0.729167 0.450781 0.729167 0.451562 0.729167 0.453906 0.735417 0.454688 0.736458 0.462500 0.738542 0.463281 0.739583 0.460156 0.760417 0.459375 0.761458 0.458594 0.761458 0.457813 0.761458 0.452344 0.752083 0.451562 0.751042 0.449219 0.733333 0.448437 0.732292 0.448437 0.731250 0.448437 0.730208 0.450000 0.729167
0 0.488281 0.714583 0.492969 0.716667 0.493750 0.716667 0.495312 0.719792 0.496094 0.720833 0.496094 0.725000 0.496094 0.726042 0.486719 0.732292 0.485938 0.733333 0.483594 0.733333 0.482812 0.733333 0.475781 0.720833 0.475781 0.719792 0.477344 0.718750 0.478125 0.717708 0.483594 0.717708 0.484375 0.717708 0.488281 0.714583
0 0.470313 0.695833 0.472656 0.695833 0.473438 0.695833 0.475000 0.697917 0.475781 0.698958 0.475000 0.710417 0.475000 0.711458 0.471875 0.714583 0.471094 0.715625 0.467969 0.712500 0.467187 0.711458 0.467187 0.709375 0.466406 0.708333 0.467187 0.703125 0.467187 0.702083 0.470313 0.695833
0 0.478906 0.701042 0.482031 0.701042 0.482812 0.701042 0.488281 0.704167 0.489063 0.705208 0.491406 0.705208 0.492188 0.706250 0.500781 0.705208 0.501563 0.705208 0.504687 0.707292 0.505469 0.707292 0.507031 0.710417 0.507031 0.711458 0.502344 0.717708 0.501563 0.718750 0.485156 0.712500 0.484375 0.711458 0.478906 0.711458 0.478125 0.711458 0.476562 0.709375 0.475781 0.708333 0.475781 0.704167 0.475781 0.703125 0.478906 0.701042
0 0.504687 0.672917 0.506250 0.673958 0.507031 0.675000 0.510156 0.687500 0.510938 0.688542 0.509375 0.696875 0.509375 0.697917 0.507812 0.700000 0.507031 0.701042 0.505469 0.701042 0.504687 0.701042 0.497656 0.694792 0.496875 0.694792 0.496094 0.693750 0.495312 0.692708 0.495312 0.688542 0.494531 0.687500 0.494531 0.681250 0.494531 0.680208 0.504687 0.672917
0 0.504687 0.672917 0.506250 0.672917 0.507031 0.673958 0.510156 0.687500 0.510938 0.688542 0.509375 0.696875 0.509375 0.697917 0.507812 0.700000 0.507031 0.701042 0.504687 0.701042 0.503906 0.701042 0.498437 0.695833 0.497656 0.694792 0.493750 0.694792 0.492969 0.694792 0.487500 0.687500 0.486719 0.686458 0.489063 0.680208 0.489844 0.679167 0.493750 0.680208 0.494531 0.680208 0.504687 0.672917
0 0.478906 0.650000 0.482031 0.650000 0.482812 0.650000 0.484375 0.652083 0.485156 0.653125 0.485156 0.655208 0.485938 0.656250 0.485938 0.669792 0.485938 0.670833 0.482812 0.676042 0.482031 0.677083 0.477344 0.676042 0.476562 0.675000 0.475000 0.668750 0.474219 0.667708 0.474219 0.662500 0.473438 0.661458 0.474219 0.658333 0.474219 0.657292 0.478906 0.650000
0 0.474219 0.670833 0.478906 0.677083 0.479687 0.678125 0.479687 0.686458 0.479687 0.687500 0.478125 0.689583 0.477344 0.690625 0.472656 0.690625 0.471875 0.690625 0.469531 0.688542 0.468750 0.688542 0.467187 0.685417 0.466406 0.684375 0.467187 0.681250 0.467187 0.680208 0.474219 0.670833
0 0.497656 0.631250 0.503125 0.632292 0.503906 0.632292 0.505469 0.636458 0.506250 0.637500 0.506250 0.641667 0.506250 0.642708 0.495312 0.652083 0.494531 0.653125 0.487500 0.642708 0.486719 0.641667 0.486719 0.638542 0.486719 0.637500 0.489063 0.635417 0.489844 0.634375 0.497656 0.631250
0 0.514844 0.627083 0.517969 0.627083 0.518750 0.627083 0.522656 0.631250 0.523438 0.632292 0.525781 0.644792 0.526563 0.645833 0.525781 0.651042 0.525000 0.652083 0.521094 0.651042 0.520312 0.651042 0.513281 0.644792 0.512500 0.643750 0.511719 0.635417 0.511719 0.634375 0.512500 0.631250 0.512500 0.630208 0.514844 0.627083
0 0.512500 0.712500 0.517188 0.713542 0.517969 0.713542 0.519531 0.717708 0.520312 0.718750 0.521094 0.730208 0.521094 0.731250 0.519531 0.737500 0.518750 0.738542 0.514844 0.738542 0.514062 0.738542 0.512500 0.736458 0.511719 0.735417 0.511719 0.733333 0.510938 0.732292 0.510156 0.719792 0.510156 0.718750 0.512500 0.712500
0 0.594531 0.756250 0.599219 0.758333 0.600000 0.758333 0.600000 0.760417 0.600781 0.761458 0.600781 0.780208 0.600781 0.781250 0.597656 0.782292 0.596875 0.783333 0.592969 0.781250 0.592187 0.781250 0.585156 0.770833 0.584375 0.769792 0.584375 0.766667 0.584375 0.765625 0.589844 0.762500 0.590625 0.762500 0.594531 0.756250
0 0.609375 0.755208 0.612500 0.755208 0.613281 0.755208 0.615625 0.759375 0.616406 0.760417 0.617188 0.767708 0.617188 0.768750 0.615625 0.775000 0.615625 0.776042 0.614062 0.778125 0.613281 0.779167 0.610156 0.779167 0.609375 0.779167 0.600781 0.769792 0.600000 0.768750 0.600000 0.764583 0.600000 0.763542 0.602344 0.760417 0.603125 0.759375 0.609375 0.755208
0 0.636719 0.765625 0.641406 0.765625 0.642188 0.766667 0.638281 0.780208 0.638281 0.781250 0.632031 0.788542 0.631250 0.789583 0.625781 0.787500 0.625000 0.787500 0.617969 0.768750 0.617969 0.767708 0.636719 0.765625
0 0.649219 0.670833 0.650000 0.670833 0.650781 0.670833 0.653906 0.675000 0.654687 0.676042 0.655469 0.678125 0.656250 0.679167 0.656250 0.684375 0.656250 0.685417 0.650000 0.695833 0.650000 0.696875 0.646094 0.700000 0.645312 0.700000 0.634375 0.690625 0.633594 0.690625 0.633594 0.685417 0.633594 0.684375 0.638281 0.679167 0.639062 0.678125 0.645312 0.675000 0.646094 0.675000 0.649219 0.670833
0 0.627344 0.611458 0.629687 0.612500 0.630469 0.612500 0.637500 0.623958 0.638281 0.625000 0.640625 0.636458 0.641406 0.637500 0.641406 0.641667 0.641406 0.642708 0.635938 0.650000 0.635156 0.651042 0.633594 0.651042 0.632812 0.651042 0.628125 0.646875 0.627344 0.646875 0.625000 0.640625 0.624219 0.639583 0.623437 0.630208 0.622656 0.629167 0.622656 0.617708 0.622656 0.616667 0.627344 0.611458
0 0.653125 0.609375 0.665625 0.610417 0.666406 0.610417 0.675000 0.620833 0.675781 0.621875 0.675781 0.626042 0.675781 0.627083 0.674219 0.628125 0.673438 0.628125 0.657031 0.619792 0.656250 0.619792 0.652344 0.612500 0.651563 0.611458 0.653125 0.609375
0 0.553125 0.634375 0.554688 0.635417 0.555469 0.636458 0.555469 0.654167 0.555469 0.655208 0.554688 0.658333 0.554688 0.659375 0.553125 0.661458 0.552344 0.662500 0.550000 0.662500 0.549219 0.662500 0.548438 0.661458 0.547656 0.660417 0.546875 0.655208 0.546094 0.654167 0.546875 0.646875 0.546875 0.645833 0.549219 0.639583 0.549219 0.638542 0.553125 0.634375
0 0.532813 0.656250 0.543750 0.657292 0.543750 0.658333 0.540625 0.663542 0.539844 0.664583 0.535937 0.666667 0.535156 0.666667 0.530469 0.662500 0.529687 0.661458 0.529687 0.658333 0.529687 0.657292 0.532813 0.656250
0 0.562500 0.620833 0.567187 0.620833 0.567969 0.620833 0.573438 0.625000 0.574219 0.626042 0.575000 0.629167 0.575000 0.630208 0.570312 0.640625 0.569531 0.641667 0.567969 0.641667 0.567187 0.640625 0.564844 0.634375 0.564844 0.633333 0.562500 0.630208 0.561719 0.629167 0.560937 0.623958 0.560937 0.622917 0.562500 0.620833
0 0.586719 0.671875 0.589844 0.672917 0.590625 0.672917 0.591406 0.679167 0.591406 0.680208 0.586719 0.687500 0.585938 0.688542 0.579688 0.688542 0.578906 0.688542 0.575000 0.681250 0.574219 0.680208 0.578906 0.676042 0.579688 0.675000 0.586719 0.671875
0 0.586719 0.658333 0.591406 0.659375 0.592187 0.659375 0.592969 0.662500 0.592969 0.663542 0.590625 0.668750 0.589844 0.669792 0.589063 0.669792 0.588281 0.669792 0.586719 0.666667 0.585938 0.665625 0.586719 0.658333
0 0.588281 0.612500 0.590625 0.612500 0.591406 0.613542 0.592187 0.615625 0.592969 0.616667 0.592969 0.620833 0.592969 0.621875 0.589844 0.626042 0.589063 0.627083 0.584375 0.628125 0.583594 0.628125 0.582812 0.627083 0.582031 0.627083 0.582031 0.623958 0.581250 0.622917 0.582812 0.619792 0.582812 0.618750 0.588281 0.612500
0 0.599219 0.600000 0.600781 0.601042 0.601562 0.602083 0.601562 0.611458 0.601562 0.612500 0.600000 0.615625 0.600000 0.616667 0.589063 0.631250 0.588281 0.632292 0.585938 0.632292 0.585156 0.632292 0.582812 0.628125 0.582031 0.627083 0.581250 0.622917 0.581250 0.621875 0.585156 0.615625 0.585938 0.614583 0.589844 0.611458 0.590625 0.610417 0.592969 0.605208 0.593750 0.604167 0.599219 0.600000
0 0.556250 0.603125 0.559375 0.603125 0.560156 0.603125 0.560937 0.609375 0.560937 0.610417 0.560156 0.611458 0.560156 0.612500 0.555469 0.614583 0.554688 0.614583 0.551562 0.611458 0.551562 0.610417 0.552344 0.608333 0.552344 0.607292 0.556250 0.603125
0 0.524219 0.653125 0.526563 0.654167 0.527344 0.654167 0.529687 0.657292 0.530469 0.658333 0.530469 0.662500 0.530469 0.663542 0.527344 0.664583 0.526563 0.665625 0.524219 0.664583 0.523438 0.663542 0.522656 0.656250 0.522656 0.655208 0.524219 0.653125
0 0.540625 0.704167 0.542188 0.704167 0.542969 0.704167 0.547656 0.713542 0.548438 0.714583 0.550000 0.719792 0.550781 0.720833 0.550781 0.728125 0.550000 0.729167 0.545312 0.728125 0.544531 0.728125 0.540625 0.730208 0.539844 0.731250 0.535937 0.731250 0.535156 0.730208 0.538281 0.710417 0.538281 0.709375 0.540625 0.704167
0 0.564844 0.725000 0.567969 0.725000 0.568750 0.725000 0.571875 0.728125 0.572656 0.728125 0.582031 0.741667 0.582031 0.742708 0.580469 0.744792 0.579688 0.745833 0.564844 0.744792 0.564063 0.744792 0.563281 0.743750 0.562500 0.742708 0.562500 0.730208 0.562500 0.729167 0.564844 0.725000
0 0.585938 0.741667 0.589063 0.743750 0.589844 0.744792 0.589844 0.747917 0.589844 0.748958 0.588281 0.750000 0.587500 0.751042 0.583594 0.748958 0.582812 0.747917 0.583594 0.744792 0.583594 0.743750 0.585938 0.741667
0 0.582812 0.733333 0.585938 0.733333 0.586719 0.733333 0.586719 0.739583 0.586719 0.740625 0.583594 0.740625 0.582812 0.739583 0.582812 0.733333
0 0.591406 0.706250 0.592187 0.706250 0.592969 0.706250 0.595313 0.710417 0.596094 0.711458 0.596875 0.718750 0.596875 0.719792 0.595313 0.721875 0.594531 0.722917 0.590625 0.721875 0.589844 0.720833 0.589063 0.712500 0.588281 0.711458 0.591406 0.706250
0 0.602344 0.691667 0.603906 0.692708 0.604688 0.692708 0.610156 0.701042 0.610938 0.702083 0.610938 0.706250 0.610938 0.707292 0.607812 0.710417 0.607031 0.711458 0.596094 0.710417 0.595313 0.710417 0.592969 0.706250 0.592187 0.705208 0.592969 0.702083 0.592969 0.701042 0.596875 0.694792 0.597656 0.693750 0.602344 0.691667
0 0.529687 0.689583 0.535156 0.690625 0.535937 0.691667 0.535937 0.693750 0.535937 0.694792 0.532031 0.702083 0.532031 0.703125 0.529687 0.705208 0.528906 0.705208 0.526563 0.700000 0.526563 0.698958 0.527344 0.694792 0.527344 0.693750 0.529687 0.689583
0 0.396094 0.527083 0.398438 0.528125 0.399219 0.528125 0.404687 0.537500 0.405469 0.538542 0.404687 0.543750 0.404687 0.544792 0.401562 0.551042 0.400781 0.552083 0.395313 0.552083 0.394531 0.552083 0.391406 0.548958 0.390625 0.548958 0.388281 0.544792 0.387500 0.543750 0.387500 0.538542 0.387500 0.537500 0.396094 0.527083
0 0.410156 0.493750 0.414844 0.493750 0.415625 0.493750 0.421875 0.497917 0.422656 0.498958 0.421875 0.506250 0.421875 0.507292 0.423438 0.510417 0.424219 0.511458 0.423438 0.512500 0.422656 0.513542 0.407813 0.514583 0.407031 0.515625 0.403906 0.515625 0.403125 0.515625 0.401562 0.513542 0.400781 0.512500 0.401562 0.507292 0.401562 0.506250 0.410156 0.493750
0 0.415625 0.477083 0.419531 0.478125 0.420312 0.478125 0.429688 0.484375 0.430469 0.484375 0.436719 0.491667 0.436719 0.492708 0.432812 0.494792 0.432031 0.495833 0.428906 0.495833 0.428125 0.496875 0.421094 0.496875 0.420312 0.496875 0.414844 0.493750 0.414062 0.493750 0.413281 0.491667 0.412500 0.490625 0.412500 0.486458 0.412500 0.485417 0.415625 0.477083
0 0.508594 0.469792 0.517188 0.470833 0.517969 0.470833 0.525000 0.479167 0.525000 0.480208 0.518750 0.480208 0.517969 0.480208 0.514062 0.483333 0.513281 0.484375 0.504687 0.487500 0.503906 0.487500 0.496875 0.482292 0.496094 0.482292 0.495312 0.480208 0.495312 0.479167 0.508594 0.469792
0 0.548438 0.486458 0.550781 0.486458 0.551562 0.486458 0.559375 0.490625 0.560156 0.490625 0.564844 0.495833 0.565625 0.495833 0.567969 0.501042 0.567969 0.502083 0.561719 0.509375 0.560937 0.510417 0.551562 0.506250 0.550781 0.506250 0.541406 0.494792 0.540625 0.493750 0.540625 0.491667 0.540625 0.490625 0.548438 0.486458
0 0.551562 0.478125 0.554688 0.479167 0.555469 0.479167 0.557031 0.481250 0.557813 0.482292 0.558594 0.487500 0.557813 0.488542 0.550000 0.486458 0.549219 0.485417 0.549219 0.482292 0.549219 0.481250 0.551562 0.478125
0 0.559375 0.547917 0.565625 0.548958 0.566406 0.548958 0.568750 0.551042 0.569531 0.552083 0.572656 0.562500 0.573438 0.563542 0.573438 0.567708 0.573438 0.568750 0.569531 0.569792 0.568750 0.569792 0.566406 0.567708 0.565625 0.566667 0.561719 0.566667 0.560937 0.566667 0.558594 0.563542 0.557813 0.562500 0.556250 0.550000 0.556250 0.548958 0.559375 0.547917
0 0.653125 0.481250 0.660156 0.482292 0.660937 0.483333 0.673438 0.483333 0.674219 0.483333 0.675781 0.486458 0.675781 0.487500 0.671875 0.494792 0.671875 0.495833 0.666406 0.501042 0.665625 0.502083 0.653906 0.505208 0.653125 0.505208 0.651563 0.504167 0.650781 0.503125 0.651563 0.485417 0.651563 0.484375 0.653125 0.481250
0 0.685156 0.408333 0.687500 0.408333 0.688281 0.408333 0.692969 0.412500 0.693750 0.412500 0.693750 0.415625 0.693750 0.416667 0.691406 0.421875 0.690625 0.422917 0.689063 0.431250 0.689063 0.432292 0.685937 0.434375 0.685156 0.435417 0.682813 0.435417 0.682031 0.436458 0.673438 0.435417 0.672656 0.435417 0.671875 0.434375 0.671875 0.433333 0.673438 0.429167 0.673438 0.428125 0.685156 0.408333
0 0.684375 0.407292 0.686719 0.407292 0.687500 0.407292 0.692969 0.411458 0.693750 0.412500 0.693750 0.416667 0.693750 0.417708 0.691406 0.423958 0.690625 0.425000 0.690625 0.428125 0.690625 0.429167 0.688281 0.433333 0.687500 0.434375 0.687500 0.435417 0.688281 0.436458 0.693750 0.436458 0.694531 0.436458 0.696875 0.441667 0.697656 0.442708 0.696094 0.450000 0.696094 0.451042 0.692969 0.454167 0.692187 0.455208 0.689844 0.454167 0.689063 0.454167 0.685937 0.450000 0.685156 0.448958 0.685156 0.437500 0.684375 0.436458 0.672656 0.436458 0.671875 0.435417 0.671875 0.431250 0.671875 0.430208 0.673438 0.427083 0.673438 0.426042 0.681250 0.414583 0.682031 0.413542 0.684375 0.407292
0 0.578125 0.388542 0.579688 0.388542 0.580469 0.388542 0.582812 0.394792 0.583594 0.395833 0.583594 0.403125 0.583594 0.404167 0.580469 0.406250 0.579688 0.407292 0.575781 0.405208 0.575000 0.405208 0.573438 0.401042 0.572656 0.400000 0.574219 0.394792 0.574219 0.393750 0.578125 0.388542
0 0.526563 0.400000 0.528125 0.400000 0.528906 0.400000 0.529687 0.402083 0.530469 0.403125 0.530469 0.409375 0.530469 0.410417 0.532813 0.419792 0.533594 0.420833 0.532813 0.423958 0.532031 0.425000 0.528125 0.423958 0.527344 0.423958 0.525781 0.421875 0.525000 0.420833 0.524219 0.416667 0.523438 0.415625 0.523438 0.409375 0.523438 0.408333 0.526563 0.400000
0 0.527344 0.432292 0.530469 0.433333 0.531250 0.433333 0.532031 0.434375 0.532813 0.435417 0.532813 0.438542 0.533594 0.439583 0.533594 0.442708 0.533594 0.443750 0.530469 0.452083 0.530469 0.453125 0.528906 0.454167 0.528125 0.455208 0.516406 0.453125 0.515625 0.453125 0.514062 0.450000 0.514062 0.448958 0.516406 0.442708 0.516406 0.441667 0.522656 0.435417 0.523438 0.434375 0.527344 0.432292
0 0.446094 0.432292 0.449219 0.432292 0.450000 0.432292 0.454688 0.435417 0.455469 0.436458 0.464844 0.436458 0.465625 0.436458 0.466406 0.439583 0.467187 0.440625 0.466406 0.447917 0.466406 0.448958 0.460156 0.450000 0.459375 0.450000 0.451562 0.447917 0.450781 0.446875 0.447656 0.447917 0.446875 0.447917 0.446094 0.446875 0.445312 0.445833 0.446094 0.432292
0 0.473438 0.450000 0.475000 0.453125 0.475781 0.454167 0.475781 0.460417 0.475781 0.461458 0.475000 0.464583 0.474219 0.465625 0.469531 0.465625 0.468750 0.465625 0.467969 0.464583 0.467187 0.463542 0.467969 0.457292 0.467969 0.456250 0.469531 0.453125 0.470313 0.452083 0.473438 0.450000
0 0.458594 0.485417 0.465625 0.489583 0.466406 0.490625 0.465625 0.504167 0.464844 0.505208 0.461719 0.505208 0.460938 0.505208 0.456250 0.496875 0.455469 0.495833 0.455469 0.489583 0.455469 0.488542 0.458594 0.485417
0 0.438281 0.498958 0.442188 0.500000 0.442969 0.501042 0.448437 0.501042 0.449219 0.502083 0.447656 0.509375 0.447656 0.510417 0.441406 0.517708 0.440625 0.518750 0.439063 0.518750 0.438281 0.517708 0.435156 0.509375 0.434375 0.508333 0.434375 0.503125 0.434375 0.502083 0.438281 0.498958
0 0.471094 0.518750 0.475781 0.518750 0.476562 0.518750 0.478906 0.521875 0.479687 0.522917 0.478906 0.526042 0.478906 0.527083 0.475781 0.529167 0.475000 0.530208 0.471875 0.529167 0.471094 0.529167 0.470313 0.528125 0.469531 0.527083 0.469531 0.522917 0.469531 0.521875 0.471094 0.518750
0 0.334375 0.367708 0.339844 0.368750 0.340625 0.368750 0.344531 0.372917 0.345313 0.372917 0.346094 0.380208 0.346094 0.381250 0.342969 0.385417 0.342187 0.386458 0.324219 0.386458 0.323437 0.386458 0.316406 0.376042 0.315625 0.375000 0.315625 0.371875 0.315625 0.370833 0.317188 0.369792 0.317969 0.368750 0.334375 0.367708
0 0.322656 0.389583 0.325781 0.390625 0.326562 0.391667 0.327344 0.394792 0.328125 0.395833 0.328125 0.401042 0.328125 0.402083 0.322656 0.409375 0.321875 0.410417 0.318750 0.410417 0.317969 0.410417 0.317188 0.409375 0.316406 0.408333 0.316406 0.403125 0.316406 0.402083 0.318750 0.395833 0.318750 0.394792 0.322656 0.389583
0 0.332813 0.387500 0.338281 0.387500 0.339062 0.387500 0.350781 0.394792 0.351562 0.394792 0.352344 0.396875 0.353125 0.397917 0.352344 0.402083 0.352344 0.403125 0.350000 0.405208 0.349219 0.406250 0.343750 0.406250 0.342969 0.406250 0.339062 0.403125 0.338281 0.402083 0.331250 0.401042 0.330469 0.401042 0.329688 0.400000 0.328906 0.398958 0.328906 0.394792 0.328906 0.393750 0.330469 0.390625 0.330469 0.389583 0.332813 0.387500
0 0.349219 0.378125 0.357812 0.378125 0.358594 0.378125 0.360938 0.380208 0.361719 0.381250 0.364844 0.391667 0.365625 0.392708 0.365625 0.397917 0.365625 0.398958 0.363281 0.405208 0.362500 0.406250 0.361719 0.406250 0.360938 0.406250 0.354687 0.400000 0.353906 0.400000 0.347656 0.391667 0.346875 0.390625 0.346094 0.387500 0.346094 0.386458 0.349219 0.378125
0 0.378906 0.367708 0.381250 0.368750 0.382031 0.368750 0.382812 0.371875 0.383594 0.372917 0.381250 0.385417 0.380469 0.386458 0.382031 0.391667 0.382812 0.392708 0.382812 0.397917 0.382812 0.398958 0.380469 0.408333 0.380469 0.409375 0.374219 0.415625 0.373437 0.416667 0.370312 0.416667 0.369531 0.416667 0.364844 0.409375 0.364063 0.408333 0.365625 0.397917 0.365625 0.396875 0.371094 0.377083 0.371094 0.376042 0.372656 0.373958 0.372656 0.372917 0.378906 0.367708
0 0.330469 0.348958 0.333594 0.348958 0.334375 0.348958 0.336719 0.351042 0.337500 0.352083 0.335156 0.362500 0.334375 0.363542 0.332031 0.363542 0.331250 0.363542 0.328906 0.361458 0.328125 0.360417 0.328906 0.353125 0.328906 0.352083 0.330469 0.348958
0 0.450000 0.279167 0.453906 0.279167 0.454688 0.279167 0.457031 0.282292 0.457813 0.283333 0.457031 0.286458 0.457031 0.287500 0.453125 0.293750 0.452344 0.294792 0.446094 0.297917 0.445312 0.298958 0.429688 0.296875 0.428906 0.295833 0.428906 0.294792 0.428906 0.293750 0.435937 0.286458 0.436719 0.285417 0.442188 0.282292 0.442969 0.281250 0.450000 0.279167
0 0.433594 0.279167 0.435937 0.279167 0.436719 0.279167 0.438281 0.282292 0.438281 0.283333 0.430469 0.290625 0.429688 0.290625 0.427344 0.295833 0.427344 0.296875 0.415625 0.294792 0.414844 0.293750 0.414844 0.292708 0.415625 0.291667 0.417969 0.291667 0.418750 0.292708 0.425000 0.285417 0.425000 0.284375 0.433594 0.279167
0 0.482031 0.218750 0.485156 0.219792 0.485938 0.219792 0.489844 0.223958 0.490625 0.225000 0.491406 0.230208 0.492188 0.231250 0.491406 0.237500 0.491406 0.238542 0.492969 0.243750 0.493750 0.244792 0.493750 0.247917 0.493750 0.248958 0.491406 0.253125 0.491406 0.254167 0.496094 0.266667 0.496875 0.267708 0.496094 0.279167 0.496094 0.280208 0.487500 0.284375 0.486719 0.285417 0.479687 0.283333 0.478906 0.283333 0.477344 0.281250 0.476562 0.280208 0.475781 0.264583 0.475781 0.263542 0.472656 0.259375 0.471875 0.258333 0.472656 0.247917 0.472656 0.246875 0.475000 0.237500 0.475781 0.236458 0.476562 0.227083 0.476562 0.226042 0.482031 0.218750
0 0.479687 0.203125 0.483594 0.204167 0.484375 0.204167 0.484375 0.210417 0.484375 0.211458 0.478125 0.222917 0.478125 0.223958 0.475000 0.227083 0.474219 0.227083 0.473438 0.225000 0.472656 0.223958 0.472656 0.219792 0.472656 0.218750 0.475781 0.208333 0.475781 0.207292 0.479687 0.203125
0 0.489063 0.297917 0.507812 0.302083 0.508594 0.302083 0.511719 0.305208 0.512500 0.306250 0.512500 0.313542 0.512500 0.314583 0.507812 0.315625 0.507031 0.315625 0.489844 0.312500 0.489063 0.312500 0.489063 0.297917
0 0.481250 0.287500 0.500781 0.291667 0.501563 0.291667 0.514062 0.298958 0.514062 0.300000 0.506250 0.302083 0.505469 0.302083 0.491406 0.297917 0.490625 0.297917 0.485156 0.292708 0.484375 0.292708 0.481250 0.287500
0 0.477344 0.302083 0.478906 0.302083 0.479687 0.302083 0.482812 0.305208 0.483594 0.306250 0.484375 0.309375 0.484375 0.310417 0.482031 0.317708 0.481250 0.318750 0.478125 0.317708 0.477344 0.317708 0.475000 0.311458 0.474219 0.310417 0.475000 0.306250 0.475000 0.305208 0.477344 0.302083
0 0.441406 0.315625 0.449219 0.318750 0.450000 0.319792 0.458594 0.320833 0.459375 0.320833 0.460938 0.323958 0.460938 0.325000 0.459375 0.327083 0.458594 0.328125 0.446094 0.332292 0.445312 0.332292 0.441406 0.328125 0.440625 0.328125 0.437500 0.322917 0.436719 0.321875 0.436719 0.320833 0.436719 0.319792 0.441406 0.315625
0 0.516406 0.316667 0.521875 0.317708 0.522656 0.317708 0.528125 0.326042 0.528906 0.327083 0.532031 0.328125 0.532813 0.329167 0.534375 0.333333 0.535156 0.334375 0.534375 0.342708 0.533594 0.343750 0.529687 0.344792 0.528906 0.344792 0.521094 0.334375 0.520312 0.334375 0.515625 0.322917 0.514844 0.321875 0.514844 0.318750 0.514844 0.317708 0.516406 0.316667
0 0.381250 0.286458 0.385937 0.287500 0.386719 0.288542 0.387500 0.298958 0.387500 0.300000 0.385156 0.301042 0.384375 0.302083 0.382031 0.302083 0.381250 0.302083 0.378125 0.298958 0.377344 0.297917 0.378125 0.290625 0.378125 0.289583 0.381250 0.286458
0 0.402344 0.350000 0.410156 0.352083 0.410938 0.352083 0.414062 0.357292 0.414844 0.358333 0.414844 0.365625 0.414844 0.366667 0.411719 0.367708 0.410938 0.368750 0.400781 0.368750 0.400000 0.368750 0.398438 0.365625 0.397656 0.364583 0.397656 0.358333 0.396875 0.357292 0.397656 0.355208 0.397656 0.354167 0.402344 0.350000
0 0.435156 0.262500 0.437500 0.262500 0.438281 0.263542 0.437500 0.266667 0.437500 0.267708 0.436719 0.268750 0.435937 0.269792 0.431250 0.270833 0.430469 0.270833 0.429688 0.269792 0.428906 0.268750 0.428906 0.265625 0.428906 0.264583 0.435156 0.262500
0 0.441406 0.207292 0.443750 0.208333 0.444531 0.208333 0.456250 0.227083 0.456250 0.228125 0.459375 0.231250 0.460156 0.232292 0.462500 0.242708 0.463281 0.243750 0.462500 0.255208 0.461719 0.256250 0.459375 0.256250 0.458594 0.256250 0.453125 0.250000 0.452344 0.248958 0.450000 0.241667 0.450000 0.240625 0.441406 0.227083 0.440625 0.226042 0.439844 0.216667 0.439844 0.215625 0.437500 0.211458 0.437500 0.210417 0.441406 0.207292
0 0.396875 0.217708 0.401562 0.218750 0.402344 0.219792 0.399219 0.233333 0.399219 0.234375 0.397656 0.237500 0.396875 0.238542 0.390625 0.240625 0.389844 0.240625 0.387500 0.236458 0.387500 0.235417 0.390625 0.226042 0.390625 0.225000 0.392969 0.220833 0.393750 0.219792 0.396875 0.217708
0 0.400781 0.206250 0.410156 0.206250 0.410938 0.206250 0.410938 0.209375 0.410938 0.210417 0.400781 0.214583 0.400000 0.214583 0.397656 0.211458 0.397656 0.210417 0.400781 0.206250
0 0.387500 0.165625 0.389062 0.165625 0.389844 0.165625 0.392188 0.168750 0.392969 0.169792 0.394531 0.175000 0.395313 0.176042 0.396875 0.184375 0.397656 0.185417 0.397656 0.193750 0.397656 0.194792 0.396094 0.198958 0.395313 0.200000 0.385937 0.197917 0.385156 0.197917 0.382031 0.194792 0.381250 0.193750 0.380469 0.190625 0.379688 0.189583 0.380469 0.182292 0.380469 0.181250 0.385156 0.172917 0.385937 0.171875 0.387500 0.165625
0 0.399219 0.165625 0.402344 0.166667 0.403125 0.166667 0.404687 0.172917 0.405469 0.173958 0.405469 0.179167 0.405469 0.180208 0.404687 0.181250 0.403906 0.182292 0.401562 0.182292 0.400781 0.183333 0.397656 0.182292 0.396875 0.182292 0.395313 0.176042 0.394531 0.175000 0.395313 0.170833 0.395313 0.169792 0.399219 0.165625
0 0.453125 0.118750 0.455469 0.118750 0.456250 0.118750 0.460156 0.126042 0.460156 0.127083 0.456250 0.135417 0.456250 0.136458 0.454688 0.138542 0.453906 0.139583 0.452344 0.139583 0.451562 0.139583 0.449219 0.136458 0.448437 0.135417 0.447656 0.129167 0.447656 0.128125 0.453125 0.118750
0 0.519531 0.117708 0.521094 0.118750 0.521875 0.119792 0.521875 0.123958 0.521875 0.125000 0.514062 0.135417 0.513281 0.136458 0.503906 0.144792 0.503125 0.145833 0.500000 0.146875 0.499219 0.147917 0.493750 0.147917 0.492969 0.146875 0.492969 0.141667 0.492969 0.140625 0.498437 0.133333 0.499219 0.132292 0.501296 0.127306 0.501788 0.126126 0.503125 0.122917 0.503906 0.121875 0.511719 0.121875 0.512500 0.121875 0.519531 0.117708
0 0.527344 0.142708 0.531250 0.142708 0.532031 0.142708 0.532813 0.148958 0.532813 0.150000 0.530469 0.159375 0.530469 0.160417 0.525781 0.163542 0.525000 0.163542 0.521875 0.160417 0.521094 0.159375 0.521094 0.154167 0.521094 0.153125 0.522656 0.148958 0.522656 0.147917 0.527344 0.142708
0 0.537500 0.167708 0.540625 0.167708 0.541406 0.167708 0.546094 0.173958 0.546875 0.175000 0.549219 0.182292 0.549219 0.183333 0.560937 0.204167 0.561719 0.205208 0.564844 0.218750 0.565625 0.219792 0.565625 0.240625 0.565625 0.241667 0.563281 0.251042 0.562500 0.252083 0.562500 0.258333 0.562500 0.259375 0.560156 0.263542 0.559375 0.264583 0.553125 0.267708 0.552344 0.268750 0.543750 0.267708 0.542969 0.267708 0.537500 0.263542 0.536719 0.262500 0.531250 0.240625 0.530469 0.239583 0.528125 0.223958 0.527344 0.222917 0.525781 0.196875 0.525781 0.195833 0.528906 0.185417 0.528906 0.184375 0.537500 0.167708
0 0.592187 0.042708 0.595313 0.042708 0.596094 0.042708 0.603906 0.046875 0.604688 0.046875 0.613281 0.055208 0.614062 0.055208 0.615625 0.058333 0.615625 0.059375 0.613281 0.060417 0.612500 0.060417 0.607812 0.065625 0.607031 0.066667 0.594531 0.073958 0.593750 0.073958 0.587500 0.084375 0.587500 0.085417 0.575000 0.087500 0.574219 0.087500 0.573438 0.086458 0.573438 0.085417 0.577344 0.076042 0.577344 0.075000 0.592187 0.042708
0 0.592187 0.042708 0.595313 0.042708 0.596094 0.042708 0.605469 0.047917 0.606250 0.047917 0.623437 0.064583 0.624219 0.065625 0.622656 0.079167 0.622656 0.080208 0.617188 0.094792 0.617188 0.095833 0.625000 0.113542 0.625781 0.114583 0.634375 0.116667 0.635156 0.116667 0.635156 0.128125 0.635938 0.129167 0.635156 0.136458 0.635156 0.137500 0.627344 0.148958 0.626563 0.150000 0.623437 0.150000 0.622656 0.150000 0.621094 0.140625 0.621094 0.139583 0.619531 0.136458 0.618750 0.135417 0.617188 0.135417 0.616406 0.134375 0.611719 0.137500 0.610938 0.138542 0.607031 0.138542 0.606250 0.138542 0.600781 0.141667 0.600000 0.142708 0.588281 0.139583 0.587500 0.138542 0.578125 0.140625 0.577344 0.140625 0.569531 0.134375 0.568750 0.133333 0.560156 0.130208 0.559375 0.130208 0.552344 0.121875 0.551562 0.120833 0.553125 0.117708 0.553906 0.116667 0.557813 0.115625 0.558594 0.114583 0.563281 0.115625 0.564063 0.115625 0.565625 0.113542 0.566406 0.112500 0.567187 0.107292 0.567187 0.106250 0.570312 0.102083 0.571094 0.101042 0.577344 0.097917 0.578125 0.096875 0.578125 0.093750 0.578125 0.092708 0.575000 0.088542 0.574219 0.087500 0.575781 0.080208 0.575781 0.079167 0.586719 0.053125 0.586719 0.052083 0.592187 0.042708
0 0.603906 0.186458 0.608594 0.187500 0.609375 0.187500 0.607812 0.205208 0.607812 0.206250 0.608594 0.208333 0.608594 0.209375 0.613281 0.215625 0.614062 0.216667 0.616406 0.229167 0.617188 0.230208 0.612500 0.239583 0.611719 0.240625 0.610938 0.257292 0.610938 0.258333 0.604688 0.262500 0.603906 0.263542 0.600781 0.263542 0.600000 0.263542 0.596094 0.259375 0.595313 0.258333 0.579688 0.260417 0.578906 0.260417 0.576562 0.257292 0.575781 0.256250 0.576562 0.241667 0.576562 0.240625 0.582812 0.226042 0.582812 0.225000 0.587500 0.217708 0.587500 0.216667 0.600781 0.198958 0.601562 0.197917 0.603906 0.186458
0 0.658594 0.178125 0.663281 0.178125 0.664062 0.178125 0.666406 0.184375 0.666406 0.185417 0.659375 0.191667 0.658594 0.192708 0.653906 0.194792 0.653125 0.194792 0.650000 0.189583 0.649219 0.188542 0.649219 0.186458 0.648438 0.185417 0.651563 0.181250 0.652344 0.180208 0.658594 0.178125
0 0.667969 0.192708 0.671094 0.192708 0.671875 0.192708 0.675000 0.196875 0.675781 0.197917 0.675781 0.203125 0.675781 0.204167 0.674219 0.208333 0.673438 0.209375 0.673438 0.214583 0.673438 0.215625 0.670312 0.220833 0.669531 0.221875 0.667188 0.220833 0.666406 0.220833 0.665625 0.218750 0.664844 0.217708 0.664844 0.204167 0.664844 0.203125 0.666406 0.195833 0.666406 0.194792 0.667969 0.192708
0 0.664062 0.220833 0.669531 0.222917 0.670312 0.223958 0.671875 0.235417 0.672656 0.236458 0.671875 0.240625 0.671875 0.241667 0.667188 0.252083 0.666406 0.253125 0.661719 0.253125 0.660937 0.252083 0.659375 0.237500 0.658594 0.236458 0.659375 0.227083 0.659375 0.226042 0.660156 0.223958 0.660937 0.222917 0.664062 0.220833
0 0.685937 0.197917 0.689063 0.198958 0.689844 0.198958 0.692969 0.203125 0.693750 0.204167 0.693750 0.210417 0.693750 0.211458 0.685156 0.211458 0.684375 0.211458 0.681250 0.215625 0.680469 0.216667 0.677344 0.215625 0.676562 0.215625 0.675000 0.212500 0.674219 0.211458 0.674219 0.208333 0.674219 0.207292 0.680469 0.203125 0.681250 0.203125 0.682813 0.201042 0.682813 0.200000 0.685937 0.197917
0 0.681250 0.176042 0.685156 0.176042 0.685937 0.176042 0.692187 0.180208 0.692969 0.180208 0.694531 0.185417 0.695312 0.186458 0.696094 0.193750 0.696094 0.194792 0.694531 0.195833 0.693750 0.196875 0.688281 0.196875 0.687500 0.196875 0.682031 0.193750 0.681250 0.193750 0.678906 0.190625 0.678125 0.189583 0.678125 0.186458 0.677344 0.185417 0.678125 0.181250 0.678125 0.180208 0.681250 0.176042
0 0.696094 0.183333 0.702344 0.183333 0.703125 0.183333 0.709375 0.187500 0.710156 0.187500 0.710938 0.194792 0.710938 0.195833 0.710156 0.196875 0.709375 0.197917 0.703125 0.197917 0.702344 0.197917 0.700000 0.195833 0.699219 0.195833 0.696875 0.190625 0.696094 0.189583 0.696094 0.183333
0 0.718750 0.254167 0.721094 0.255208 0.721875 0.255208 0.727344 0.262500 0.728125 0.263542 0.727344 0.265625 0.726562 0.266667 0.724219 0.266667 0.723437 0.266667 0.719531 0.261458 0.718750 0.260417 0.717969 0.258333 0.717187 0.257292 0.718750 0.254167
0 0.713281 0.232292 0.714844 0.232292 0.715625 0.232292 0.721094 0.238542 0.721875 0.239583 0.723437 0.243750 0.724219 0.244792 0.724219 0.246875 0.724219 0.247917 0.719531 0.253125 0.718750 0.254167 0.715625 0.254167 0.714844 0.254167 0.710156 0.251042 0.709375 0.250000 0.709375 0.243750 0.709375 0.242708 0.713281 0.232292
0 0.685156 0.250000 0.689844 0.250000 0.690625 0.250000 0.695312 0.253125 0.696094 0.254167 0.712500 0.258333 0.713281 0.258333 0.715625 0.260417 0.716406 0.261458 0.715625 0.266667 0.715625 0.267708 0.714063 0.271875 0.713281 0.272917 0.706250 0.273958 0.705469 0.272917 0.700000 0.276042 0.699219 0.276042 0.694531 0.267708 0.693750 0.266667 0.680469 0.261458 0.679688 0.260417 0.679688 0.259375 0.678906 0.258333 0.685156 0.250000
0 0.781250 0.213542 0.788281 0.216667 0.789062 0.216667 0.789844 0.218750 0.790625 0.219792 0.790625 0.223958 0.790625 0.225000 0.788281 0.229167 0.787500 0.230208 0.778906 0.238542 0.778125 0.238542 0.776563 0.237500 0.775781 0.237500 0.774219 0.228125 0.773438 0.227083 0.777344 0.221875 0.778125 0.220833 0.779687 0.215625 0.779687 0.214583 0.781250 0.213542
0 0.785937 0.288542 0.792969 0.291667 0.793750 0.292708 0.796094 0.297917 0.796875 0.298958 0.796875 0.304167 0.796875 0.305208 0.795312 0.307292 0.794531 0.308333 0.790625 0.309375 0.789844 0.309375 0.782813 0.308333 0.782031 0.308333 0.778906 0.306250 0.778125 0.305208 0.777344 0.298958 0.777344 0.297917 0.778906 0.291667 0.778906 0.290625 0.785937 0.288542
0 0.767969 0.306250 0.773438 0.307292 0.774219 0.307292 0.775000 0.308333 0.775781 0.309375 0.775781 0.312500 0.775781 0.313542 0.774219 0.314583 0.773438 0.315625 0.765625 0.315625 0.764844 0.315625 0.764062 0.311458 0.764062 0.310417 0.767969 0.306250
0 0.603906 0.295833 0.607031 0.295833 0.607812 0.295833 0.610938 0.297917 0.611719 0.297917 0.613281 0.302083 0.614062 0.303125 0.613281 0.305208 0.613281 0.306250 0.610156 0.308333 0.609375 0.308333 0.603906 0.305208 0.603125 0.305208 0.602344 0.304167 0.601562 0.303125 0.601562 0.300000 0.601562 0.298958 0.603906 0.295833
0 0.658594 0.352083 0.661719 0.352083 0.662500 0.352083 0.665625 0.355208 0.666406 0.356250 0.665625 0.362500 0.665625 0.363542 0.663281 0.364583 0.662500 0.365625 0.657813 0.364583 0.657031 0.363542 0.656250 0.357292 0.656250 0.356250 0.658594 0.352083
0 0.563281 0.316667 0.566406 0.316667 0.567187 0.316667 0.568750 0.323958 0.568750 0.325000 0.560156 0.343750 0.560156 0.344792 0.557813 0.345833 0.557031 0.345833 0.557031 0.333333 0.557031 0.332292 0.559375 0.328125 0.560156 0.327083 0.561719 0.319792 0.561719 0.318750 0.563281 0.316667
0 0.567187 0.248958 0.568750 0.254167 0.568750 0.255208 0.573438 0.261458 0.574219 0.261458 0.573438 0.271875 0.572656 0.272917 0.572656 0.286458 0.572656 0.287500 0.569531 0.297917 0.568750 0.298958 0.569531 0.309375 0.569531 0.310417 0.568750 0.313542 0.567969 0.314583 0.567969 0.325000 0.567969 0.326042 0.559375 0.343750 0.558594 0.343750 0.557813 0.341667 0.557031 0.340625 0.557031 0.334375 0.557031 0.333333 0.560156 0.326042 0.560937 0.325000 0.561719 0.317708 0.561719 0.316667 0.559375 0.311458 0.558594 0.310417 0.560156 0.305208 0.560937 0.304167 0.560937 0.293750 0.560937 0.292708 0.557813 0.282292 0.557031 0.281250 0.556250 0.269792 0.556250 0.268750 0.560937 0.263542 0.561719 0.262500 0.567187 0.248958
0 0.756250 0.421875 0.761719 0.422917 0.762500 0.422917 0.764844 0.425000 0.765625 0.426042 0.765625 0.430208 0.765625 0.431250 0.764062 0.432292 0.763281 0.433333 0.757812 0.432292 0.757031 0.432292 0.756250 0.430208 0.755469 0.429167 0.756250 0.421875
0 0.767969 0.357292 0.771094 0.357292 0.771875 0.357292 0.775000 0.359375 0.775781 0.359375 0.779687 0.364583 0.780469 0.365625 0.781250 0.368750 0.781250 0.369792 0.780469 0.370833 0.779687 0.371875 0.774219 0.370833 0.773438 0.370833 0.767969 0.364583 0.767188 0.363542 0.766406 0.361458 0.766406 0.360417 0.767969 0.357292
0 0.019531 0.634375 0.049219 0.641667 0.050000 0.641667 0.051562 0.645833 0.051562 0.646875 0.045312 0.656250 0.044531 0.657292 0.014844 0.656250 0.014063 0.656250 0.011719 0.654167 0.010937 0.653125 0.010156 0.650000 0.009375 0.648958 0.009375 0.641667 0.009375 0.640625 0.010937 0.638542 0.011719 0.637500 0.019531 0.634375
0 0.051562 0.647917 0.058594 0.650000 0.059375 0.650000 0.063281 0.653125 0.064062 0.653125 0.064844 0.656250 0.065625 0.657292 0.064062 0.666667 0.064062 0.667708 0.061719 0.670833 0.060937 0.671875 0.054688 0.676042 0.053906 0.677083 0.052344 0.677083 0.051562 0.677083 0.047656 0.672917 0.046875 0.671875 0.045312 0.663542 0.044531 0.662500 0.044531 0.658333 0.044531 0.657292 0.051562 0.647917
0 0.044531 0.671875 0.050781 0.676042 0.051562 0.677083 0.059375 0.678125 0.059375 0.679167 0.053906 0.687500 0.053125 0.688542 0.044531 0.688542 0.043750 0.688542 0.041406 0.684375 0.040625 0.683333 0.041406 0.679167 0.041406 0.678125 0.044531 0.671875
0 0.040625 0.553125 0.044531 0.554167 0.045312 0.555208 0.047656 0.579167 0.047656 0.580208 0.041406 0.583333 0.040625 0.584375 0.032813 0.585417 0.032031 0.585417 0.025781 0.578125 0.025000 0.577083 0.010156 0.577083 0.009375 0.576042 0.010156 0.571875 0.010156 0.570833 0.015625 0.565625 0.016406 0.564583 0.023438 0.560417 0.024219 0.559375 0.032813 0.557292 0.033594 0.557292 0.040625 0.553125
0 0.000000 0.496875 0.008594 0.498958 0.009375 0.498958 0.014844 0.503125 0.015625 0.504167 0.013281 0.522917 0.013281 0.523958 0.017969 0.532292 0.017969 0.533333 0.023438 0.539583 0.024219 0.540625 0.024219 0.545833 0.024219 0.546875 0.020313 0.555208 0.020313 0.556250 0.017969 0.558333 0.017188 0.559375 0.014844 0.559375 0.014063 0.559375 0.007812 0.555208 0.007031 0.555208 0.005469 0.553125 0.004687 0.552083 0.002344 0.541667 0.002344 0.540625 0.000781 0.538542 0.000000 0.538542 0.000000 0.496875
0 0.078906 0.508333 0.083594 0.509375 0.084375 0.509375 0.086719 0.511458 0.087500 0.512500 0.087500 0.515625 0.088281 0.516667 0.086719 0.523958 0.086719 0.525000 0.085156 0.527083 0.084375 0.528125 0.079687 0.527083 0.078906 0.527083 0.071875 0.518750 0.071094 0.517708 0.074219 0.510417 0.075000 0.509375 0.078906 0.508333
0 0.056250 0.530208 0.058594 0.530208 0.059375 0.530208 0.063281 0.534375 0.064062 0.534375 0.064844 0.537500 0.064844 0.538542 0.050781 0.540625 0.050000 0.540625 0.050000 0.538542 0.050000 0.537500 0.056250 0.530208
0 0.025000 0.460417 0.033594 0.461458 0.034375 0.461458 0.037500 0.464583 0.038281 0.465625 0.038281 0.467708 0.038281 0.468750 0.036719 0.470833 0.035937 0.471875 0.032031 0.472917 0.031250 0.472917 0.028906 0.469792 0.028125 0.468750 0.024219 0.466667 0.023438 0.465625 0.023438 0.462500 0.023438 0.461458 0.025000 0.460417
0 0.134375 0.447917 0.146875 0.455208 0.147656 0.455208 0.149219 0.461458 0.149219 0.462500 0.131250 0.466667 0.130469 0.466667 0.129688 0.465625 0.128906 0.464583 0.128125 0.457292 0.128125 0.456250 0.134375 0.447917
0 0.071875 0.618750 0.085938 0.619792 0.086719 0.619792 0.089063 0.621875 0.089844 0.621875 0.089844 0.626042 0.089844 0.627083 0.072656 0.630208 0.071875 0.630208 0.071094 0.629167 0.070312 0.628125 0.070312 0.622917 0.070312 0.621875 0.071875 0.618750
0 0.033594 0.607292 0.038281 0.607292 0.039062 0.607292 0.042969 0.609375 0.043750 0.610417 0.044531 0.620833 0.044531 0.621875 0.042969 0.625000 0.042188 0.626042 0.037500 0.625000 0.036719 0.625000 0.032813 0.618750 0.032031 0.617708 0.032031 0.610417 0.032031 0.609375 0.033594 0.607292
0 0.054688 0.714583 0.059375 0.715625 0.060156 0.716667 0.059375 0.743750 0.059375 0.744792 0.057031 0.744792 0.056250 0.744792 0.050000 0.738542 0.049219 0.737500 0.049219 0.731250 0.049219 0.730208 0.054688 0.714583
0 0.064844 0.704167 0.068750 0.705208 0.069531 0.706250 0.064062 0.713542 0.063281 0.714583 0.050000 0.713542 0.049219 0.713542 0.045312 0.710417 0.044531 0.709375 0.052344 0.708333 0.053125 0.708333 0.054688 0.707292 0.055469 0.706250 0.064844 0.704167
0 0.004687 0.647917 0.008594 0.647917 0.009375 0.647917 0.010156 0.651042 0.010156 0.652083 0.011719 0.653125 0.012500 0.654167 0.011719 0.656250 0.010937 0.657292 0.011719 0.664583 0.010937 0.665625 0.009375 0.665625 0.008594 0.665625 0.000781 0.657292 0.000000 0.657292 0.000000 0.651042 0.000000 0.650000 0.004687 0.647917
0 0.219531 0.609375 0.224219 0.610417 0.225000 0.611458 0.225781 0.615625 0.225781 0.616667 0.224219 0.620833 0.224219 0.621875 0.222656 0.622917 0.221875 0.623958 0.213281 0.623958 0.212500 0.623958 0.210156 0.621875 0.209375 0.621875 0.210156 0.618750 0.210156 0.617708 0.213281 0.613542 0.214062 0.612500 0.219531 0.609375
0 0.244531 0.530208 0.246875 0.531250 0.247656 0.531250 0.250000 0.536458 0.250781 0.537500 0.250781 0.539583 0.250781 0.540625 0.247656 0.544792 0.246875 0.545833 0.244531 0.545833 0.243750 0.545833 0.241406 0.542708 0.240625 0.541667 0.240625 0.537500 0.240625 0.536458 0.244531 0.530208
0 0.247656 0.509375 0.258594 0.516667 0.259375 0.517708 0.260156 0.520833 0.260156 0.521875 0.258594 0.525000 0.257812 0.526042 0.256250 0.527083 0.255469 0.527083 0.249219 0.521875 0.248438 0.520833 0.247656 0.514583 0.246875 0.513542 0.247656 0.509375
0 0.238281 0.511458 0.241406 0.511458 0.242188 0.512500 0.239063 0.519792 0.238281 0.520833 0.229687 0.520833 0.228906 0.519792 0.229687 0.515625 0.230469 0.514583 0.235156 0.513542 0.235937 0.513542 0.238281 0.511458
0 0.031250 0.813542 0.035937 0.814583 0.036719 0.814583 0.046875 0.829167 0.047656 0.830208 0.045312 0.840625 0.044531 0.841667 0.029687 0.842708 0.028906 0.842708 0.025781 0.839583 0.025000 0.838542 0.024219 0.834375 0.023438 0.833333 0.023438 0.825000 0.023438 0.823958 0.025781 0.817708 0.025781 0.816667 0.031250 0.813542
0 0.302344 0.733333 0.313281 0.737500 0.314063 0.737500 0.315625 0.741667 0.315625 0.742708 0.302344 0.753125 0.301563 0.754167 0.293750 0.757292 0.292969 0.758333 0.286719 0.759375 0.285938 0.759375 0.284375 0.748958 0.284375 0.747917 0.286719 0.741667 0.286719 0.740625 0.289062 0.737500 0.289844 0.736458 0.295312 0.737500 0.296094 0.737500 0.302344 0.733333
0 0.270313 0.743750 0.278906 0.745833 0.279687 0.745833 0.281250 0.747917 0.282031 0.748958 0.282031 0.756250 0.282031 0.757292 0.281250 0.758333 0.280469 0.759375 0.276562 0.759375 0.275781 0.759375 0.267969 0.753125 0.267188 0.753125 0.265625 0.748958 0.265625 0.747917 0.270313 0.743750
0 0.267188 0.611458 0.269531 0.613542 0.270313 0.614583 0.270313 0.628125 0.269531 0.629167 0.265625 0.629167 0.264844 0.629167 0.262500 0.626042 0.261719 0.625000 0.261719 0.621875 0.261719 0.620833 0.263281 0.617708 0.263281 0.616667 0.267188 0.611458
0 0.281250 0.607292 0.284375 0.607292 0.285156 0.608333 0.284375 0.614583 0.283594 0.615625 0.280469 0.614583 0.279687 0.613542 0.281250 0.607292
0 0.227344 0.556250 0.232031 0.558333 0.232813 0.558333 0.234375 0.560417 0.235156 0.561458 0.235156 0.566667 0.235156 0.567708 0.233594 0.570833 0.233594 0.571875 0.231250 0.572917 0.230469 0.573958 0.226562 0.573958 0.225781 0.573958 0.225000 0.559375 0.225000 0.558333 0.227344 0.556250
0 0.324219 0.615625 0.327344 0.616667 0.328125 0.617708 0.328906 0.628125 0.328125 0.629167 0.327344 0.629167 0.326562 0.629167 0.323437 0.622917 0.322656 0.621875 0.324219 0.615625
0 0.337500 0.627083 0.343750 0.627083 0.344531 0.627083 0.346875 0.629167 0.347656 0.629167 0.348438 0.630208 0.349219 0.631250 0.349219 0.634375 0.349219 0.635417 0.346875 0.639583 0.346875 0.640625 0.340625 0.641667 0.339844 0.641667 0.332031 0.636458 0.331250 0.635417 0.330469 0.632292 0.330469 0.631250 0.337500 0.627083
0 0.354687 0.583333 0.360938 0.584375 0.361719 0.585417 0.365625 0.600000 0.366406 0.601042 0.364063 0.603125 0.363281 0.604167 0.345313 0.604167 0.344531 0.604167 0.342969 0.602083 0.342187 0.601042 0.342187 0.594792 0.342187 0.593750 0.348438 0.586458 0.349219 0.585417 0.354687 0.583333
0 0.365625 0.614583 0.371094 0.615625 0.371875 0.615625 0.382031 0.623958 0.382812 0.625000 0.382812 0.626042 0.383594 0.627083 0.377344 0.640625 0.376563 0.641667 0.371875 0.631250 0.371875 0.630208 0.370312 0.628125 0.369531 0.627083 0.366406 0.626042 0.365625 0.626042 0.364063 0.623958 0.363281 0.622917 0.362500 0.619792 0.362500 0.618750 0.365625 0.614583
0 0.450781 0.633333 0.454688 0.634375 0.455469 0.635417 0.455469 0.641667 0.454688 0.642708 0.450781 0.642708 0.450000 0.642708 0.449219 0.636458 0.449219 0.635417 0.450781 0.633333
0 0.417969 0.723958 0.432031 0.725000 0.432812 0.725000 0.433594 0.726042 0.434375 0.727083 0.434375 0.731250 0.434375 0.732292 0.427344 0.733333 0.426563 0.734375 0.416406 0.733333 0.415625 0.733333 0.414062 0.732292 0.413281 0.731250 0.413281 0.729167 0.413281 0.728125 0.417969 0.723958
0 0.414062 0.676042 0.415625 0.676042 0.416406 0.676042 0.417187 0.679167 0.417187 0.680208 0.415625 0.687500 0.415625 0.688542 0.413281 0.693750 0.413281 0.694792 0.410156 0.697917 0.409375 0.698958 0.404687 0.698958 0.403906 0.698958 0.403125 0.694792 0.403125 0.693750 0.404687 0.686458 0.404687 0.685417 0.408594 0.682292 0.409375 0.682292 0.414062 0.676042
0 0.399219 0.762500 0.402344 0.762500 0.403125 0.762500 0.403906 0.766667 0.404687 0.767708 0.403906 0.777083 0.403906 0.778125 0.402344 0.780208 0.401562 0.781250 0.396875 0.779167 0.396094 0.779167 0.394531 0.775000 0.393750 0.773958 0.394531 0.769792 0.394531 0.768750 0.399219 0.762500
0 0.407031 0.732292 0.414062 0.735417 0.414844 0.735417 0.415625 0.736458 0.416406 0.737500 0.415625 0.741667 0.415625 0.742708 0.410938 0.744792 0.410156 0.744792 0.407031 0.740625 0.406250 0.739583 0.407031 0.732292
0 0.425781 0.734375 0.432031 0.734375 0.432812 0.734375 0.433594 0.737500 0.433594 0.738542 0.432812 0.741667 0.432812 0.742708 0.428906 0.748958 0.428125 0.750000 0.423438 0.750000 0.422656 0.750000 0.419531 0.747917 0.418750 0.746875 0.418750 0.743750 0.418750 0.742708 0.421875 0.736458 0.422656 0.735417 0.425781 0.734375
0 0.449219 0.607292 0.453125 0.607292 0.453906 0.607292 0.457031 0.610417 0.457031 0.611458 0.454688 0.614583 0.453906 0.615625 0.450781 0.615625 0.450000 0.615625 0.449219 0.614583 0.448437 0.613542 0.449219 0.607292
0 0.457031 0.598958 0.460938 0.598958 0.461719 0.598958 0.462500 0.605208 0.462500 0.606250 0.457031 0.606250 0.456250 0.606250 0.455469 0.603125 0.455469 0.602083 0.457031 0.598958
0 0.431250 0.606250 0.437500 0.608333 0.438281 0.609375 0.439063 0.616667 0.439063 0.617708 0.436719 0.621875 0.435937 0.622917 0.432812 0.621875 0.432031 0.621875 0.429688 0.616667 0.428906 0.615625 0.428906 0.611458 0.428906 0.610417 0.431250 0.606250
0 0.488281 0.581250 0.492188 0.581250 0.492969 0.581250 0.494531 0.583333 0.495312 0.584375 0.495312 0.588542 0.495312 0.589583 0.487500 0.589583 0.486719 0.589583 0.486719 0.584375 0.486719 0.583333 0.488281 0.581250
0 0.483594 0.567708 0.485938 0.567708 0.486719 0.567708 0.489063 0.569792 0.489844 0.569792 0.491406 0.576042 0.491406 0.577083 0.488281 0.578125 0.487500 0.578125 0.485156 0.576042 0.484375 0.576042 0.482812 0.571875 0.482031 0.570833 0.482031 0.569792 0.482031 0.568750 0.483594 0.567708
0 0.462500 0.550000 0.464062 0.551042 0.464844 0.551042 0.465625 0.554167 0.465625 0.555208 0.464062 0.557292 0.463281 0.558333 0.461719 0.558333 0.460938 0.558333 0.459375 0.554167 0.459375 0.553125 0.462500 0.550000
0 0.528906 0.462500 0.532813 0.463542 0.533594 0.463542 0.542969 0.471875 0.542969 0.472917 0.536719 0.473958 0.535937 0.473958 0.528125 0.468750 0.527344 0.468750 0.525781 0.465625 0.525781 0.464583 0.528906 0.462500
0 0.796875 0.813542 0.803906 0.815625 0.804688 0.815625 0.807031 0.817708 0.807813 0.817708 0.812500 0.825000 0.813281 0.826042 0.819531 0.841667 0.820312 0.842708 0.821094 0.854167 0.821094 0.855208 0.817969 0.855208 0.817187 0.855208 0.803125 0.844792 0.802344 0.843750 0.790625 0.843750 0.789844 0.843750 0.786719 0.841667 0.785937 0.840625 0.786719 0.833333 0.787500 0.832292 0.786719 0.819792 0.786719 0.818750 0.791406 0.817708 0.792188 0.817708 0.796875 0.813542
0 0.826562 0.831250 0.829688 0.832292 0.830469 0.832292 0.834375 0.839583 0.835156 0.840625 0.836719 0.853125 0.837500 0.854167 0.837500 0.859375 0.837500 0.860417 0.835938 0.864583 0.835156 0.865625 0.829688 0.865625 0.828906 0.865625 0.822656 0.857292 0.821875 0.856250 0.821094 0.840625 0.821094 0.839583 0.826562 0.831250
0 0.852344 0.829167 0.853906 0.829167 0.854688 0.829167 0.854688 0.831250 0.854688 0.832292 0.851562 0.838542 0.851562 0.839583 0.842969 0.847917 0.842187 0.848958 0.839844 0.848958 0.839063 0.848958 0.838281 0.846875 0.838281 0.845833 0.841406 0.841667 0.841406 0.840625 0.852344 0.829167
0 0.781250 0.815625 0.785156 0.816667 0.785937 0.816667 0.787500 0.829167 0.787500 0.830208 0.786719 0.833333 0.785937 0.834375 0.785937 0.840625 0.785156 0.841667 0.785156 0.857292 0.785156 0.858333 0.783594 0.862500 0.782813 0.863542 0.778125 0.865625 0.777344 0.865625 0.774219 0.863542 0.773438 0.863542 0.772656 0.861458 0.771875 0.860417 0.767969 0.859375 0.767188 0.859375 0.763281 0.856250 0.762500 0.856250 0.762500 0.852083 0.762500 0.851042 0.767188 0.837500 0.767188 0.836458 0.770312 0.831250 0.771094 0.830208 0.767969 0.826042 0.767188 0.825000 0.767188 0.820833 0.767188 0.819792 0.775781 0.818750 0.776563 0.818750 0.781250 0.815625
0 0.689844 0.712500 0.692187 0.713542 0.692969 0.713542 0.696094 0.721875 0.696094 0.722917 0.702344 0.730208 0.703125 0.731250 0.703906 0.740625 0.703906 0.741667 0.700781 0.750000 0.700000 0.751042 0.689844 0.745833 0.689063 0.745833 0.687500 0.743750 0.686719 0.742708 0.683594 0.733333 0.682813 0.732292 0.682813 0.719792 0.682813 0.718750 0.683594 0.717708 0.683594 0.716667 0.689844 0.712500
0 0.653906 0.763542 0.666406 0.765625 0.667188 0.765625 0.667969 0.771875 0.667969 0.772917 0.664062 0.778125 0.663281 0.779167 0.660937 0.779167 0.660156 0.779167 0.655469 0.775000 0.654687 0.773958 0.653906 0.768750 0.653125 0.767708 0.653906 0.763542
0 0.660937 0.846875 0.667188 0.847917 0.667969 0.848958 0.668750 0.860417 0.668750 0.861458 0.667188 0.863542 0.666406 0.864583 0.653125 0.865625 0.652344 0.865625 0.651563 0.860417 0.651563 0.859375 0.653125 0.854167 0.653125 0.853125 0.657813 0.850000 0.658594 0.850000 0.660937 0.846875
0 0.602344 0.839583 0.604688 0.839583 0.605469 0.839583 0.608594 0.842708 0.609375 0.843750 0.609375 0.853125 0.608594 0.854167 0.605469 0.854167 0.604688 0.854167 0.603125 0.852083 0.602344 0.851042 0.601562 0.846875 0.600781 0.845833 0.602344 0.839583
0 0.610938 0.823958 0.614844 0.823958 0.615625 0.823958 0.616406 0.828125 0.616406 0.829167 0.611719 0.838542 0.611719 0.839583 0.608594 0.840625 0.607812 0.840625 0.606250 0.838542 0.605469 0.837500 0.603125 0.829167 0.603125 0.828125 0.603906 0.827083 0.603906 0.826042 0.610938 0.823958
0 0.571094 0.852083 0.574219 0.852083 0.575000 0.852083 0.578125 0.854167 0.578906 0.855208 0.579688 0.861458 0.579688 0.862500 0.578125 0.864583 0.577344 0.865625 0.550000 0.864583 0.549219 0.863542 0.551562 0.859375 0.552344 0.858333 0.571094 0.852083
0 0.745313 0.764583 0.751563 0.765625 0.752344 0.765625 0.753125 0.766667 0.753906 0.767708 0.753906 0.771875 0.753906 0.772917 0.750781 0.773958 0.750000 0.775000 0.740625 0.775000 0.739844 0.775000 0.739062 0.773958 0.738281 0.772917 0.738281 0.769792 0.738281 0.768750 0.745313 0.764583
0 0.876563 0.641667 0.879687 0.642708 0.880469 0.642708 0.882031 0.645833 0.882812 0.646875 0.881250 0.652083 0.880469 0.653125 0.878906 0.667708 0.878125 0.668750 0.876563 0.668750 0.875781 0.668750 0.864062 0.658333 0.863281 0.658333 0.866406 0.651042 0.867188 0.650000 0.876563 0.641667
0 0.982812 0.670833 0.985938 0.670833 0.986719 0.670833 0.991406 0.675000 0.992188 0.676042 0.992188 0.679167 0.992188 0.680208 0.990625 0.682292 0.990625 0.683333 0.985938 0.685417 0.985156 0.685417 0.978125 0.678125 0.977344 0.677083 0.977344 0.675000 0.977344 0.673958 0.982812 0.670833
0 0.996875 0.580208 0.998437 0.580208 0.999219 0.580208 0.999219 0.607292 0.999219 0.608333 0.992188 0.608333 0.991406 0.608333 0.985938 0.602083 0.985156 0.601042 0.985156 0.594792 0.985156 0.593750 0.991406 0.583333 0.992188 0.582292 0.996875 0.580208
0 0.477344 0.055208 0.479687 0.055208 0.480469 0.055208 0.485938 0.062500 0.486719 0.063542 0.486719 0.065625 0.486719 0.066667 0.481250 0.079167 0.480469 0.080208 0.470313 0.086458 0.469531 0.086458 0.467969 0.085417 0.467187 0.084375 0.466406 0.079167 0.466406 0.078125 0.468750 0.070833 0.468750 0.069792 0.477344 0.055208
0 0.489844 0.000000 0.502344 0.001042 0.502344 0.002083 0.496094 0.009375 0.495312 0.010417 0.491406 0.010417 0.490625 0.010417 0.489844 0.000000
0 0.437500 0.000000 0.451562 0.000000 0.451562 0.001042 0.444531 0.012500 0.443750 0.013542 0.438281 0.015625 0.437500 0.015625 0.435937 0.013542 0.435156 0.012500 0.437500 0.000000
0 0.355469 0.106250 0.360156 0.106250 0.360938 0.106250 0.362500 0.108333 0.363281 0.109375 0.363281 0.117708 0.363281 0.118750 0.355469 0.122917 0.354687 0.123958 0.348438 0.123958 0.347656 0.123958 0.343750 0.121875 0.342969 0.120833 0.342969 0.112500 0.343750 0.111458 0.355469 0.106250
0 0.114062 0.279167 0.114844 0.279167 0.115625 0.279167 0.118750 0.292708 0.118750 0.293750 0.125781 0.308333 0.126562 0.309375 0.126562 0.311458 0.126562 0.312500 0.125000 0.314583 0.124219 0.315625 0.113281 0.314583 0.112500 0.313542 0.109375 0.290625 0.109375 0.289583 0.114062 0.279167
0 0.202344 0.130208 0.207031 0.131250 0.207813 0.131250 0.208594 0.136458 0.208594 0.137500 0.207031 0.138542 0.206250 0.139583 0.201563 0.139583 0.200781 0.139583 0.199219 0.136458 0.199219 0.135417 0.200000 0.133333 0.200000 0.132292 0.202344 0.130208
0 0.895312 0.105208 0.902344 0.106250 0.903125 0.107292 0.898438 0.116667 0.898438 0.117708 0.896875 0.119792 0.896094 0.120833 0.894531 0.120833 0.893750 0.120833 0.889844 0.117708 0.889844 0.116667 0.896094 0.112500 0.896875 0.111458 0.895312 0.107292 0.894531 0.106250 0.895312 0.105208
0 0.941406 0.279167 0.944531 0.279167 0.945312 0.279167 0.945312 0.284375 0.945312 0.285417 0.944531 0.286458 0.943750 0.287500 0.937500 0.286458 0.936719 0.286458 0.935937 0.284375 0.935156 0.283333 0.935937 0.282292 0.935937 0.281250 0.941406 0.279167
0 0.807813 0.468750 0.811719 0.468750 0.812500 0.468750 0.813281 0.473958 0.813281 0.475000 0.810156 0.481250 0.810156 0.482292 0.807031 0.484375 0.806250 0.484375 0.799219 0.476042 0.799219 0.475000 0.800000 0.472917 0.800781 0.471875 0.807813 0.468750
0 0.846094 0.846875 0.847656 0.846875 0.848437 0.846875 0.851562 0.851042 0.851562 0.852083 0.845313 0.860417 0.844531 0.861458 0.842969 0.860417 0.842187 0.859375 0.842187 0.853125 0.841406 0.852083 0.842187 0.850000 0.842969 0.848958 0.846094 0.846875
0 0.837126 0.865627 0.839734 0.865047 0.842633 0.862922 0.843502 0.862729 0.844372 0.861570 0.844951 0.861376 0.846110 0.860604 0.847994 0.858478 0.849733 0.856160 0.850313 0.855580 0.850748 0.855387 0.851182 0.854807 0.853211 0.854034 0.858428 0.854034 0.860022 0.854807 0.860457 0.854807 0.861036 0.855194 0.865094 0.855194 0.866108 0.854034 0.866978 0.852295 0.867847 0.851329 0.868427 0.850363 0.869586 0.849204 0.870456 0.848624 0.871035 0.848431 0.871905 0.847658 0.873209 0.847658 0.873644 0.847851 0.876397 0.851909 0.877846 0.853261 0.879585 0.854034 0.881324 0.854421 0.882048 0.854807 0.884077 0.855000 0.884512 0.855387 0.885526 0.855773 0.885816 0.856160 0.886396 0.856353 0.886830 0.857126 0.887700 0.857512 0.888135 0.857512 0.890019 0.858671 0.891323 0.859251 0.892192 0.860024 0.892627 0.860217 0.893496 0.861376 0.893931 0.861376 0.894221 0.861956 0.895815 0.863888 0.896250 0.864081 0.896540 0.864468 0.897409 0.864661 0.897989 0.865047 0.898858 0.866207
0 0.899728 0.838770 0.898858 0.837225 0.898568 0.835486 0.898278 0.835099 0.897844 0.833940 0.897409 0.832201 0.897409 0.824666 0.897264 0.824086 0.897699 0.823700 0.899148 0.823700 0.901177 0.824859 0.902771 0.826211 0.906538 0.828723 0.906973 0.829303 0.907263 0.830076 0.907408 0.830655 0.907408 0.832008 0.906393 0.834133 0.905814 0.834713 0.904799 0.836259 0.904365 0.836452 0.904075 0.837031 0.903495 0.837225 0.903205 0.837611 0.902771 0.837804 0.902191 0.838577 0.902046 0.839157 0.901466 0.839930 0.900887 0.839930
0 0.864844 0.772917 0.878906 0.773958 0.879687 0.773958 0.881250 0.777083 0.882031 0.778125 0.882031 0.783333 0.882031 0.784375 0.881250 0.785417 0.880469 0.786458 0.867969 0.784375 0.867188 0.784375 0.862500 0.778125 0.861719 0.777083 0.862500 0.775000 0.862500 0.773958 0.864844 0.772917
0 0.946094 0.809375 0.948438 0.810417 0.949219 0.810417 0.949219 0.817708 0.949219 0.818750 0.947656 0.822917 0.947656 0.823958 0.944531 0.825000 0.943750 0.826042 0.942187 0.823958 0.941406 0.822917 0.940625 0.816667 0.940625 0.815625 0.942969 0.811458 0.943750 0.810417 0.946094 0.809375
0 0.861719 0.755208 0.865625 0.756250 0.866406 0.757292 0.866406 0.762500 0.866406 0.763542 0.864844 0.764583 0.864062 0.765625 0.859375 0.763542 0.858594 0.762500 0.858594 0.759375 0.858594 0.758333 0.861719 0.755208
0 0.722656 0.703125 0.727344 0.704167 0.728125 0.704167 0.729688 0.706250 0.730469 0.707292 0.730469 0.711458 0.730469 0.712500 0.727344 0.713542 0.726562 0.713542 0.723437 0.711458 0.722656 0.711458 0.721875 0.709375 0.721094 0.708333 0.721094 0.706250 0.721094 0.705208 0.722656 0.703125
0 0.796875 0.004167 0.804688 0.005208 0.805469 0.005208 0.807031 0.006250 0.807813 0.007292 0.808594 0.011458 0.808594 0.012500 0.804688 0.014583 0.803906 0.015625 0.796094 0.015625 0.795312 0.015625 0.792969 0.011458 0.792969 0.010417 0.794531 0.007292 0.794531 0.006250 0.796875 0.004167
0 0.818750 0.017708 0.821094 0.017708 0.821875 0.017708 0.822656 0.020833 0.823438 0.021875 0.821875 0.025000 0.821875 0.026042 0.820312 0.026042 0.819531 0.027083 0.815625 0.025000 0.814844 0.023958 0.815625 0.020833 0.815625 0.019792 0.818750 0.017708
0 0.781250 0.000000 0.783594 0.000000 0.784375 0.000000 0.785156 0.005208 0.785156 0.006250 0.783594 0.009375 0.782813 0.010417 0.779687 0.009375 0.778906 0.008333 0.778906 0.006250 0.778906 0.005208 0.781250 0.000000
0 0.766406 0.034375 0.770312 0.035417 0.771094 0.036458 0.771875 0.038542 0.771875 0.039583 0.770312 0.042708 0.769531 0.043750 0.767969 0.043750 0.767188 0.043750 0.765625 0.041667 0.764844 0.040625 0.764844 0.037500 0.764844 0.036458 0.766406 0.034375
0 0.978125 0.094792 0.981250 0.095833 0.982031 0.095833 0.982812 0.098958 0.983594 0.100000 0.982812 0.105208 0.982812 0.106250 0.978906 0.106250 0.978125 0.106250 0.977344 0.103125 0.976562 0.102083 0.976562 0.096875 0.976562 0.095833 0.978125 0.094792
0 0.849219 0.117708 0.850781 0.118750 0.851562 0.118750 0.853125 0.122917 0.853125 0.123958 0.850781 0.131250 0.850000 0.132292 0.850000 0.135417 0.850000 0.136458 0.846094 0.138542 0.845313 0.138542 0.844531 0.133333 0.844531 0.132292 0.842187 0.128125 0.842187 0.127083 0.844531 0.122917 0.844531 0.121875 0.849219 0.117708
0 0.753906 0.228125 0.757031 0.228125 0.757812 0.229167 0.757812 0.232292 0.757812 0.233333 0.756250 0.235417 0.755469 0.236458 0.752344 0.235417 0.751563 0.235417 0.750000 0.233333 0.749219 0.232292 0.749219 0.231250 0.750000 0.230208 0.753906 0.228125
0 0.747656 0.229167 0.750000 0.231250 0.750781 0.232292 0.747656 0.239583 0.747656 0.240625 0.745313 0.240625 0.744531 0.241667 0.744531 0.238542 0.744531 0.237500 0.747656 0.229167
0 0.965625 0.144792 0.967969 0.145833 0.968750 0.145833 0.969531 0.147917 0.969531 0.148958 0.964063 0.155208 0.963281 0.156250 0.959375 0.156250 0.958594 0.156250 0.957812 0.155208 0.957031 0.154167 0.958594 0.150000 0.958594 0.148958 0.965625 0.144792
0 0.829688 0.116667 0.831250 0.117708 0.832031 0.117708 0.831250 0.119792 0.831250 0.120833 0.822656 0.131250 0.821875 0.131250 0.821094 0.129167 0.820312 0.128125 0.821875 0.123958 0.821875 0.122917 0.824219 0.119792 0.825000 0.118750 0.829688 0.116667
0 0.790625 0.412500 0.800000 0.414583 0.800781 0.414583 0.803125 0.417708 0.803906 0.418750 0.811719 0.422917 0.812500 0.422917 0.812500 0.427083 0.812500 0.428125 0.809375 0.432292 0.808594 0.433333 0.796094 0.429167 0.795312 0.428125 0.789062 0.428125 0.788281 0.428125 0.786719 0.425000 0.786719 0.423958 0.789844 0.419792 0.790625 0.418750 0.790625 0.412500
0 0.735938 0.522917 0.742969 0.523958 0.743750 0.523958 0.746094 0.529167 0.746094 0.530208 0.745313 0.532292 0.744531 0.533333 0.735938 0.536458 0.735156 0.537500 0.730469 0.537500 0.729688 0.537500 0.729688 0.531250 0.729688 0.530208 0.735938 0.522917
0 0.658594 0.445833 0.661719 0.445833 0.662500 0.445833 0.663281 0.447917 0.664062 0.448958 0.663281 0.452083 0.663281 0.453125 0.657813 0.453125 0.657031 0.452083 0.658594 0.445833
0 0.431250 0.350000 0.433594 0.350000 0.434375 0.350000 0.436719 0.354167 0.437500 0.355208 0.438281 0.364583 0.438281 0.365625 0.436719 0.367708 0.435937 0.368750 0.432031 0.362500 0.431250 0.361458 0.431250 0.350000
0 0.432031 0.393750 0.435156 0.393750 0.435937 0.393750 0.437500 0.395833 0.438281 0.396875 0.435156 0.403125 0.435156 0.404167 0.428125 0.408333 0.427344 0.408333 0.425000 0.411458 0.424219 0.412500 0.421875 0.411458 0.421094 0.411458 0.421094 0.402083 0.421094 0.401042 0.432031 0.393750
0 0.365625 0.167708 0.367969 0.168750 0.368750 0.168750 0.369531 0.178125 0.370312 0.179167 0.369531 0.187500 0.368750 0.188542 0.368750 0.211458 0.368750 0.212500 0.366406 0.210417 0.365625 0.209375 0.361719 0.209375 0.360938 0.209375 0.360156 0.207292 0.359375 0.206250 0.361719 0.198958 0.362500 0.197917 0.362500 0.179167 0.362500 0.178125 0.365625 0.167708
0 0.368750 0.160417 0.372656 0.160417 0.373437 0.161458 0.373437 0.167708 0.373437 0.168750 0.368750 0.168750 0.367969 0.167708 0.367188 0.164583 0.367188 0.163542 0.368750 0.160417
0 0.422656 0.164583 0.428125 0.165625 0.428906 0.166667 0.428125 0.172917 0.427344 0.173958 0.417969 0.173958 0.417187 0.172917 0.417187 0.169792 0.417187 0.168750 0.418750 0.166667 0.419531 0.165625 0.422656 0.164583
0 0.415625 0.104167 0.416406 0.104167 0.417187 0.104167 0.420312 0.109375 0.421094 0.110417 0.422656 0.116667 0.423438 0.117708 0.423438 0.121875 0.422656 0.122917 0.414844 0.114583 0.414062 0.114583 0.415625 0.104167
0 0.428906 0.189583 0.432812 0.190625 0.433594 0.190625 0.433594 0.196875 0.432812 0.197917 0.428125 0.196875 0.427344 0.195833 0.428906 0.189583
0 0.236719 0.257292 0.256250 0.258333 0.257031 0.258333 0.258594 0.259375 0.259375 0.260417 0.259375 0.262500 0.259375 0.263542 0.254688 0.272917 0.253906 0.273958 0.246094 0.275000 0.245312 0.275000 0.242969 0.273958 0.242188 0.273958 0.235937 0.266667 0.235156 0.265625 0.234375 0.261458 0.234375 0.260417 0.236719 0.257292
0 0.282813 0.294792 0.285156 0.296875 0.285938 0.297917 0.287500 0.306250 0.288281 0.307292 0.287500 0.326042 0.286719 0.327083 0.278125 0.323958 0.277344 0.323958 0.275000 0.317708 0.275000 0.316667 0.273438 0.315625 0.272656 0.314583 0.265625 0.314583 0.264844 0.314583 0.264844 0.308333 0.264844 0.307292 0.266406 0.305208 0.267188 0.304167 0.272656 0.301042 0.273438 0.300000 0.278125 0.298958 0.278906 0.298958 0.282813 0.294792
0 0.261719 0.290625 0.266406 0.292708 0.267188 0.292708 0.267969 0.295833 0.267969 0.296875 0.265625 0.306250 0.264844 0.307292 0.264844 0.312500 0.264844 0.313542 0.264062 0.314583 0.263281 0.315625 0.259375 0.316667 0.258594 0.316667 0.256250 0.315625 0.255469 0.315625 0.255469 0.306250 0.255469 0.305208 0.261719 0.290625
0 0.153125 0.266667 0.157031 0.267708 0.157812 0.267708 0.161719 0.271875 0.162500 0.272917 0.166406 0.273958 0.167187 0.273958 0.172656 0.279167 0.173437 0.279167 0.179688 0.287500 0.180469 0.288542 0.180469 0.294792 0.180469 0.295833 0.177344 0.297917 0.176563 0.297917 0.171875 0.293750 0.171094 0.292708 0.153125 0.287500 0.152344 0.287500 0.148438 0.279167 0.147656 0.278125 0.147656 0.273958 0.147656 0.272917 0.149219 0.269792 0.150000 0.268750 0.153125 0.266667
0 0.122656 0.246875 0.130469 0.246875 0.131250 0.246875 0.136719 0.248958 0.137500 0.248958 0.142187 0.257292 0.142969 0.258333 0.141406 0.267708 0.141406 0.268750 0.139844 0.268750 0.139063 0.269792 0.131250 0.264583 0.130469 0.264583 0.123438 0.253125 0.122656 0.252083 0.122656 0.246875
0 0.117969 0.254167 0.122656 0.254167 0.123438 0.254167 0.125781 0.256250 0.126562 0.256250 0.128125 0.261458 0.128906 0.262500 0.125781 0.275000 0.125781 0.276042 0.124219 0.278125 0.123438 0.279167 0.119531 0.279167 0.118750 0.280208 0.115625 0.279167 0.114844 0.279167 0.111719 0.272917 0.110937 0.271875 0.112500 0.263542 0.112500 0.262500 0.117969 0.254167
0 0.107031 0.210417 0.110156 0.211458 0.110937 0.212500 0.114062 0.226042 0.114062 0.227083 0.107813 0.243750 0.107813 0.244792 0.104688 0.245833 0.103906 0.245833 0.103125 0.238542 0.103906 0.237500 0.100000 0.231250 0.100000 0.230208 0.102344 0.220833 0.102344 0.219792 0.107031 0.210417
0 0.137500 0.378125 0.139844 0.379167 0.140625 0.380208 0.140625 0.390625 0.140625 0.391667 0.139063 0.394792 0.139063 0.395833 0.135156 0.401042 0.134375 0.402083 0.127344 0.401042 0.126562 0.401042 0.125000 0.398958 0.124219 0.397917 0.123438 0.392708 0.123438 0.391667 0.137500 0.378125
0 0.066406 0.379167 0.068750 0.380208 0.069531 0.381250 0.067969 0.395833 0.067969 0.396875 0.060156 0.405208 0.059375 0.406250 0.055469 0.407292 0.054688 0.407292 0.053125 0.398958 0.053125 0.397917 0.056250 0.388542 0.056250 0.387500 0.057813 0.385417 0.057813 0.384375 0.066406 0.379167
0 0.279687 0.736458 0.284375 0.737500 0.285156 0.737500 0.285938 0.742708 0.285938 0.743750 0.284375 0.744792 0.283594 0.745833 0.281250 0.744792 0.280469 0.744792 0.279687 0.742708 0.278906 0.741667 0.279687 0.736458
0 0.540625 0.837500 0.543750 0.837500 0.544531 0.837500 0.548438 0.841667 0.549219 0.842708 0.550000 0.845833 0.550000 0.846875 0.545312 0.853125 0.544531 0.854167 0.539844 0.854167 0.539062 0.854167 0.533594 0.850000 0.532813 0.848958 0.517188 0.853125 0.516406 0.854167 0.510156 0.853125 0.509375 0.852083 0.509375 0.848958 0.510156 0.847917 0.531250 0.845833 0.532031 0.845833 0.535937 0.840625 0.536719 0.839583 0.540625 0.837500
0 0.463281 0.807292 0.464844 0.807292 0.465625 0.807292 0.470313 0.811458 0.471094 0.812500 0.471094 0.813542 0.471094 0.814583 0.467187 0.819792 0.466406 0.820833 0.460938 0.820833 0.460156 0.819792 0.460156 0.815625 0.460156 0.814583 0.463281 0.807292
0 0.531250 0.785417 0.535937 0.785417 0.536719 0.785417 0.537500 0.789583 0.537500 0.790625 0.530469 0.795833 0.529687 0.796875 0.525781 0.797917 0.525000 0.797917 0.524219 0.795833 0.523438 0.794792 0.524219 0.791667 0.524219 0.790625 0.531250 0.785417
0 0.592187 0.788542 0.595313 0.788542 0.596094 0.788542 0.597656 0.790625 0.598437 0.791667 0.600000 0.800000 0.600000 0.801042 0.599219 0.803125 0.599219 0.804167 0.596875 0.806250 0.596094 0.807292 0.593750 0.806250 0.592969 0.806250 0.592187 0.804167 0.591406 0.803125 0.590625 0.791667 0.590625 0.790625 0.592187 0.788542
0 0.701562 0.659375 0.705469 0.659375 0.706250 0.659375 0.707812 0.661458 0.708594 0.662500 0.707031 0.669792 0.707031 0.670833 0.703125 0.671875 0.702344 0.671875 0.700781 0.669792 0.700000 0.668750 0.699219 0.663542 0.699219 0.662500 0.701562 0.659375
0 0.607812 0.379167 0.614062 0.379167 0.614844 0.380208 0.614062 0.383333 0.614062 0.384375 0.611719 0.387500 0.610938 0.388542 0.608594 0.388542 0.607812 0.388542 0.607812 0.379167
0 0.517188 0.571875 0.522656 0.572917 0.523438 0.572917 0.525000 0.575000 0.525781 0.575000 0.526563 0.580208 0.526563 0.581250 0.525000 0.582292 0.524219 0.583333 0.518750 0.582292 0.517969 0.582292 0.515625 0.578125 0.514844 0.577083 0.515625 0.573958 0.515625 0.572917 0.517188 0.571875
0 0.899219 0.333333 0.902344 0.333333 0.903125 0.334375 0.903125 0.339583 0.903125 0.340625 0.901563 0.344792 0.900781 0.345833 0.897656 0.344792 0.896875 0.344792 0.893750 0.341667 0.892969 0.341667 0.892969 0.338542 0.892969 0.337500 0.899219 0.333333
0 0.833594 0.325000 0.840625 0.331250 0.841406 0.331250 0.842187 0.343750 0.842969 0.344792 0.842187 0.346875 0.841406 0.347917 0.837500 0.347917 0.836719 0.347917 0.829688 0.342708 0.828906 0.341667 0.831250 0.335417 0.832031 0.334375 0.833594 0.325000
0 0.505469 0.396875 0.507812 0.396875 0.508594 0.396875 0.512500 0.401042 0.513281 0.402083 0.514062 0.407292 0.514062 0.408333 0.510938 0.411458 0.510156 0.412500 0.506250 0.411458 0.505469 0.411458 0.501563 0.408333 0.500781 0.408333 0.499219 0.405208 0.498437 0.404167 0.500781 0.400000 0.501563 0.398958 0.505469 0.396875
0 0.536719 0.380208 0.541406 0.381250 0.542188 0.381250 0.541406 0.385417 0.541406 0.386458 0.536719 0.394792 0.535937 0.395833 0.532813 0.395833 0.532031 0.395833 0.528906 0.387500 0.528906 0.386458 0.532813 0.382292 0.533594 0.381250 0.536719 0.380208
0 0.250781 0.103125 0.252344 0.103125 0.253125 0.103125 0.253906 0.106250 0.254688 0.107292 0.254688 0.111458 0.254688 0.112500 0.251563 0.121875 0.251563 0.122917 0.249219 0.125000 0.248438 0.126042 0.237500 0.126042 0.236719 0.126042 0.235156 0.122917 0.235156 0.121875 0.241406 0.114583 0.242188 0.113542 0.244531 0.108333 0.245312 0.107292 0.250781 0.103125
0 0.993750 0.487500 0.998437 0.487500 0.999219 0.487500 0.999219 0.526042 0.999219 0.527083 0.993750 0.520833 0.992969 0.519792 0.989844 0.513542 0.989844 0.512500 0.984375 0.507292 0.983594 0.506250 0.984375 0.502083 0.984375 0.501042 0.989062 0.491667 0.989062 0.490625 0.993750 0.487500
0 0.425000 0.045833 0.432812 0.046875 0.433594 0.046875 0.434375 0.047917 0.435156 0.048958 0.433594 0.054167 0.433594 0.055208 0.432812 0.056250 0.432031 0.057292 0.428125 0.057292 0.427344 0.057292 0.424219 0.052083 0.423438 0.051042 0.423438 0.048958 0.423438 0.047917 0.425000 0.045833
0 0.451562 0.089583 0.458594 0.091667 0.459375 0.092708 0.460156 0.094792 0.460156 0.095833 0.457813 0.103125 0.457031 0.104167 0.455469 0.104167 0.454688 0.104167 0.451562 0.097917 0.450781 0.096875 0.450781 0.092708 0.450000 0.091667 0.451562 0.089583
0 0.471094 0.116667 0.475781 0.117708 0.476562 0.118750 0.482812 0.136458 0.483594 0.137500 0.482812 0.140625 0.482812 0.141667 0.474219 0.144792 0.473438 0.144792 0.472656 0.138542 0.472656 0.137500 0.470313 0.134375 0.469531 0.133333 0.471094 0.116667
0 0.492969 0.080208 0.496094 0.080208 0.496875 0.080208 0.498437 0.083333 0.499219 0.084375 0.498437 0.087500 0.497656 0.088542 0.492188 0.088542 0.491406 0.087500 0.491406 0.084375 0.491406 0.083333 0.492969 0.080208
0 0.431250 0.809375 0.434375 0.811458 0.435156 0.812500 0.435937 0.816667 0.435937 0.817708 0.431250 0.823958 0.430469 0.825000 0.428906 0.825000 0.428125 0.826042 0.427344 0.825000 0.426563 0.825000 0.425781 0.818750 0.425781 0.817708 0.427344 0.814583 0.427344 0.813542 0.431250 0.809375
0 0.228906 0.520833 0.233594 0.522917 0.234375 0.522917 0.235156 0.535417 0.234375 0.536458 0.232813 0.536458 0.232031 0.536458 0.229687 0.533333 0.228906 0.532292 0.228125 0.527083 0.227344 0.526042 0.227344 0.522917 0.227344 0.521875 0.228906 0.520833
0 0.642188 0.607292 0.646094 0.607292 0.646875 0.607292 0.650000 0.610417 0.650781 0.610417 0.654687 0.619792 0.655469 0.620833 0.653906 0.626042 0.653125 0.627083 0.648438 0.628125 0.647656 0.628125 0.641406 0.622917 0.640625 0.622917 0.637500 0.616667 0.636719 0.616667 0.639844 0.614583 0.640625 0.613542 0.642188 0.607292
0 0.247656 0.202083 0.256250 0.206250 0.257031 0.206250 0.263281 0.213542 0.264062 0.214583 0.266406 0.219792 0.267188 0.220833 0.267969 0.234375 0.267188 0.235417 0.264844 0.233333 0.264062 0.233333 0.260156 0.221875 0.260156 0.220833 0.257031 0.216667 0.256250 0.215625 0.252344 0.214583 0.251563 0.214583 0.250781 0.215625 0.250000 0.216667 0.246875 0.216667 0.246094 0.215625 0.245312 0.210417 0.245312 0.209375 0.247656 0.202083
0 0.278125 0.331250 0.279687 0.331250 0.280469 0.331250 0.289844 0.344792 0.290625 0.345833 0.293750 0.345833 0.294531 0.345833 0.296875 0.351042 0.296875 0.352083 0.295312 0.354167 0.294531 0.355208 0.288281 0.356250 0.287500 0.356250 0.277344 0.348958 0.276562 0.348958 0.275781 0.344792 0.275781 0.343750 0.278125 0.331250
0 0.114062 0.382292 0.114844 0.382292 0.115625 0.382292 0.118750 0.386458 0.119531 0.386458 0.121094 0.391667 0.121094 0.392708 0.116406 0.395833 0.115625 0.396875 0.112500 0.396875 0.111719 0.396875 0.108594 0.392708 0.108594 0.391667 0.114062 0.382292
0 0.091406 0.375000 0.096875 0.376042 0.097656 0.376042 0.102344 0.379167 0.103125 0.379167 0.105469 0.386458 0.106250 0.387500 0.106250 0.390625 0.106250 0.391667 0.103906 0.390625 0.103125 0.389583 0.099219 0.389583 0.098437 0.389583 0.096875 0.390625 0.096094 0.391667 0.095312 0.395833 0.095312 0.396875 0.092188 0.397917 0.091406 0.397917 0.089844 0.395833 0.089063 0.394792 0.088281 0.390625 0.087500 0.389583 0.087500 0.383333 0.087500 0.382292 0.091406 0.375000
0 0.103906 0.313542 0.106250 0.314583 0.107031 0.315625 0.107031 0.318750 0.107031 0.319792 0.105469 0.322917 0.104688 0.323958 0.103906 0.331250 0.103906 0.332292 0.100781 0.334375 0.100000 0.334375 0.099219 0.332292 0.099219 0.331250 0.100781 0.326042 0.101562 0.325000 0.102344 0.316667 0.102344 0.315625 0.103906 0.313542
0 0.096094 0.305208 0.098437 0.305208 0.099219 0.305208 0.100000 0.309375 0.100000 0.310417 0.096875 0.310417 0.096094 0.310417 0.096094 0.305208
0 0.078906 0.236458 0.082031 0.236458 0.082812 0.236458 0.084375 0.238542 0.085156 0.239583 0.085156 0.241667 0.085156 0.242708 0.082031 0.248958 0.081250 0.250000 0.077344 0.252083 0.076563 0.253125 0.073438 0.253125 0.072656 0.253125 0.071875 0.246875 0.071875 0.245833 0.078906 0.236458
0 0.004903 0.250934 0.017684 0.251313 0.021092 0.247904 0.021660 0.247147 0.021660 0.246390 0.023080 0.244496 0.024500 0.240330 0.024500 0.238437 0.023932 0.238058 0.004903 0.238437 0.004619 0.239573 0.003766 0.240330 0.003766 0.247904
0 0.015980 0.256993 0.013707 0.253585 0.013707 0.252828 0.014559 0.251313 0.015696 0.251313 0.016264 0.250555 0.022228 0.249041 0.022796 0.248283 0.023932 0.247904 0.024784 0.246768 0.028477 0.245254 0.029329 0.244117 0.029329 0.242603 0.031317 0.239194 0.033589 0.238437 0.034441 0.238816 0.034725 0.245632 0.033589 0.250177 0.032169 0.252449 0.026772 0.256993 0.024216 0.260023 0.023648 0.260023 0.023080 0.260780 0.019672 0.260780 0.017400 0.261916 0.016264 0.260023
0 0.010299 0.268733 0.012003 0.266461 0.014275 0.266461 0.015127 0.265703 0.015127 0.263810 0.015696 0.262674 0.015411 0.258887 0.012571 0.254342 0.008027 0.253964 0.004903 0.251691 0.003482 0.249798 0.002062 0.250555 0.001210 0.252070 0.001210 0.253964 0.001778 0.256615 0.002346 0.257372 0.002630 0.262674 0.003482 0.263810 0.003482 0.264567 0.004335 0.265325 0.004619 0.266839 0.006607 0.269490 0.006891 0.271005 0.007743 0.272141 0.008595 0.271763
0 0.009546 0.278061 0.007662 0.277289 0.007372 0.276709 0.007372 0.274584 0.007951 0.273618 0.008386 0.272265 0.009111 0.271299 0.009546 0.271106 0.009835 0.270526 0.010560 0.269753 0.012009 0.269753 0.012589 0.270140 0.013023 0.270719 0.013893 0.270719 0.014472 0.270912 0.016066 0.272458 0.016211 0.273038 0.016936 0.273811 0.019110 0.275163 0.019399 0.275550 0.019834 0.275550 0.019979 0.274970 0.019979 0.272651 0.020269 0.272265 0.020414 0.271685 0.020704 0.271299 0.021138 0.271299 0.021573 0.270912 0.022877 0.270912 0.023167 0.271492 0.023747 0.274004 0.023747 0.276709 0.023602 0.277482 0.023312 0.277868 0.023167 0.278448 0.021573 0.280187 0.018530 0.281539 0.018240 0.281926 0.016791 0.281926 0.014762 0.279994 0.014328 0.279800 0.013893 0.279221 0.013458 0.279221 0.013168 0.278834 0.012299 0.278834 0.010995 0.278061
0 0.018385 0.272651 0.017226 0.272845 0.013168 0.272845 0.012589 0.270526 0.012589 0.268207 0.013168 0.267241 0.013313 0.266469 0.014472 0.263764 0.015777 0.262797 0.017805 0.262797 0.018675 0.263764 0.018675 0.265696 0.018530 0.266855 0.019110 0.267048 0.019544 0.267435 0.020269 0.267435 0.020849 0.267628 0.021718 0.268207 0.022008 0.268594 0.022443 0.268787 0.022298 0.269946 0.021863 0.270912 0.020704 0.272072 0.019834 0.272265
0 0.100405 0.181068 0.110983 0.181068 0.111273 0.180681 0.112142 0.180102 0.112722 0.178942 0.113012 0.177783 0.113157 0.175464 0.113302 0.174885 0.109824 0.174885 0.109389 0.174692 0.108085 0.174692 0.107071 0.174305 0.106201 0.174305 0.105477 0.174112 0.104172 0.173532 0.103883 0.173146 0.099100 0.173146 0.098666 0.172953 0.096927 0.172953 0.096637 0.172373 0.095188 0.172373 0.095188 0.172953 0.095478 0.173532 0.096492 0.174885 0.096637 0.175464 0.097072 0.175851 0.097362 0.176624 0.097362 0.177783 0.097506 0.178363 0.097796 0.178749 0.097796 0.179329 0.098231 0.180488
0 0.073741 0.133730 0.072727 0.132764 0.070988 0.130445 0.069249 0.129866 0.068234 0.129866 0.067945 0.129479 0.067510 0.129479 0.066785 0.128706 0.066351 0.128513 0.065481 0.127354 0.065046 0.127161 0.064901 0.125615 0.065191 0.124842 0.065626 0.124649 0.073016 0.124649 0.074031 0.125035 0.074321 0.125422 0.074755 0.125422 0.075045 0.126001 0.075480 0.126195 0.076205 0.126968 0.078088 0.128127 0.079827 0.130445 0.079972 0.131025 0.079827 0.131605 0.079538 0.131991 0.079393 0.133150 0.078958 0.133344 0.077364 0.133344 0.076494 0.132957 0.074900 0.132764
0 0.078958 0.127354 0.080552 0.124842 0.080552 0.121751 0.080117 0.120205 0.079682 0.120205 0.079103 0.119625 0.078233 0.119432 0.074611 0.119432 0.074176 0.119046 0.073741 0.119239 0.073451 0.120012 0.073161 0.120398 0.073161 0.121944 0.073016 0.123103 0.073451 0.124263 0.073886 0.124456 0.075770 0.126581 0.077654 0.127547
0 0.075045 0.116920 0.073886 0.116341 0.073741 0.115761 0.073016 0.114795 0.072727 0.113636 0.072437 0.113249 0.072437 0.111897 0.073886 0.110931 0.077074 0.110931 0.079103 0.110351 0.079248 0.111124 0.079248 0.113249 0.078813 0.114602 0.078233 0.115568 0.077364 0.115954 0.076929 0.115954 0.076494 0.116341
0 0.028189 0.102981 0.027671 0.102587 0.026045 0.100320 0.025453 0.099433 0.024788 0.097954 0.024566 0.095588 0.024714 0.094306 0.026266 0.091250 0.026710 0.091250 0.027523 0.091743 0.028706 0.093814 0.029002 0.095982 0.029667 0.098644 0.029667 0.101601 0.029520 0.102193 0.029150 0.102488
0 0.000981 0.080308 0.001572 0.080604 0.002016 0.080604 0.002386 0.080900 0.003790 0.080900 0.004530 0.080801 0.004900 0.080505 0.005787 0.080210 0.005787 0.079618 0.006156 0.078139 0.006156 0.075182 0.005935 0.074689 0.004678 0.073408 0.003717 0.073112 0.000316 0.073013 0.000000 0.073211 0.000000 0.078337 0.000094 0.078928 0.000463 0.079224
0 0.000242 0.046200 0.001351 0.046200 0.001720 0.045806 0.002386 0.045806 0.003125 0.046693 0.003569 0.047679 0.004234 0.048369 0.005935 0.048862 0.007339 0.048763 0.007931 0.047974 0.008300 0.046003 0.008818 0.045017 0.008892 0.044426 0.008448 0.044327 0.007118 0.042947 0.006600 0.041961 0.006526 0.041370 0.006748 0.040778 0.008892 0.039102 0.009188 0.038708 0.009409 0.037525 0.009409 0.035553 0.009114 0.034469 0.008892 0.031906 0.008522 0.031413 0.003125 0.031512 0.002681 0.032793 0.002608 0.036638 0.003864 0.038609 0.003643 0.039102 0.002090 0.040187 0.000000 0.039989
0 0.041423 0.014458 0.042384 0.013077 0.042458 0.011007 0.042310 0.010219 0.040388 0.006177 0.038687 0.003712 0.038466 0.003219 0.038613 0.002628 0.040314 0.001938 0.044011 0.001839 0.045637 0.001544 0.047338 0.001544 0.047781 0.001642 0.048521 0.002234 0.049334 0.003417 0.050147 0.005487 0.050295 0.006177 0.050517 0.008148 0.050517 0.010219 0.050369 0.011106 0.047929 0.016035 0.046820 0.017809 0.046450 0.018105 0.045563 0.018401 0.044011 0.018302 0.042754 0.017119 0.042384 0.016035 0.041719 0.015148
0 0.106589 0.012567 0.104643 0.012667 0.103745 0.013066 0.102847 0.013166 0.101126 0.012168 0.100227 0.010971 0.099479 0.009075 0.099479 0.007079 0.100078 0.006081 0.100452 0.005881 0.101350 0.004384 0.101874 0.003187 0.103596 0.002688 0.106215 0.002289 0.107862 0.001490 0.108086 0.001989 0.108236 0.003486 0.108236 0.005083 0.108386 0.005782 0.108460 0.007578 0.108460 0.010372 0.108236 0.011071 0.107712 0.011370 0.106589 0.011669
0 0.099180 0.019952 0.097608 0.020052 0.096485 0.018954 0.096036 0.016958 0.095737 0.016459 0.091995 0.015262 0.091246 0.014463 0.091022 0.013964 0.091022 0.012667 0.091171 0.011969 0.091845 0.010871 0.092369 0.009673 0.092444 0.008276 0.092219 0.006879 0.091995 0.006281 0.091920 0.004384 0.092070 0.003786 0.092444 0.003287 0.093267 0.002688 0.095288 0.001790 0.097683 0.001590 0.100527 0.001590 0.100602 0.003287 0.100452 0.004085 0.099928 0.005582 0.099554 0.007678 0.098955 0.009873 0.098506 0.012867 0.098506 0.013565 0.098656 0.014264 0.099030 0.014663 0.100003 0.015062 0.101051 0.016060 0.101350 0.016559 0.101799 0.016858 0.102099 0.017258 0.102173 0.017856 0.101126 0.018655 0.099928 0.018754 0.099030 0.019054 0.098656 0.019553
0 0.118340 0.030630 0.118115 0.029732 0.116169 0.028235 0.114598 0.026738 0.114373 0.025540 0.114448 0.024942 0.115795 0.022547 0.115945 0.022048 0.117142 0.020651 0.117517 0.020351 0.117966 0.020251 0.121932 0.020251 0.122381 0.020052 0.122905 0.020052 0.123354 0.020152 0.123654 0.020551 0.123803 0.021150 0.123953 0.023744 0.123953 0.029133 0.123803 0.029732 0.123504 0.030131 0.123055 0.030330 0.119388 0.030430
0 0.099778 0.048093 0.100452 0.046696 0.101650 0.045698 0.101799 0.045000 0.101724 0.044301 0.101051 0.042006 0.100751 0.041607 0.100377 0.040310 0.099329 0.038713 0.097234 0.037216 0.096485 0.037216 0.095737 0.037815 0.095288 0.037915 0.094839 0.038414 0.094764 0.040409 0.095138 0.042405 0.095737 0.047495 0.096186 0.049291 0.096785 0.050089 0.097159 0.050289 0.098207 0.050189 0.098656 0.049790 0.099255 0.048692
0 0.148951 0.016459 0.148352 0.015861 0.147679 0.014663 0.146107 0.013066 0.145059 0.011470 0.145059 0.010771 0.145658 0.009374 0.146781 0.007977 0.147754 0.007179 0.148427 0.006181 0.148876 0.005183 0.149774 0.004684 0.152619 0.004684 0.153666 0.005382 0.155912 0.005582 0.156286 0.005782 0.156585 0.006281 0.157034 0.007777 0.157034 0.009973 0.156885 0.010771 0.155388 0.014663 0.154939 0.016160 0.154639 0.016659 0.149849 0.016759
0 0.159579 0.018854 0.158681 0.016659 0.158756 0.007179 0.159654 0.006181 0.161375 0.004883 0.161675 0.004484 0.164519 0.003885 0.164893 0.004285 0.165192 0.005283 0.165267 0.006081 0.165192 0.015761 0.165043 0.016260 0.164444 0.016459 0.163621 0.017357 0.160851 0.019054 0.160328 0.019054
0 0.167513 0.000093 0.168111 0.001490 0.171030 0.005881 0.171404 0.006879 0.173276 0.009474 0.173650 0.009873 0.174099 0.010073 0.174623 0.010073 0.174922 0.009574 0.175596 0.007478 0.176644 0.002987 0.177167 0.002089 0.177242 0.000293
0 0.147679 0.034821 0.146706 0.034023 0.145433 0.032725 0.145134 0.032226 0.145134 0.030231 0.146107 0.027337 0.147529 0.025540 0.148053 0.024642 0.148577 0.022846 0.148951 0.022547 0.149325 0.022846 0.150747 0.024742 0.150897 0.025241 0.151421 0.025940 0.152619 0.027237 0.153591 0.028834 0.153741 0.029332 0.153741 0.029931 0.153517 0.031428 0.153442 0.033424 0.153292 0.034023 0.152843 0.034422 0.151720 0.034921 0.148502 0.034821
0 0.145882 0.038513 0.145209 0.038613 0.144685 0.038314 0.141991 0.037615 0.141467 0.037316 0.140419 0.036118 0.139820 0.035220 0.139670 0.034721 0.139596 0.033424 0.140494 0.030929 0.142589 0.029033 0.142814 0.028534 0.142889 0.027935 0.142739 0.027337 0.141916 0.026638 0.141167 0.025740 0.140718 0.024243 0.140718 0.023046 0.140868 0.022547 0.141392 0.021948 0.141841 0.021848 0.142215 0.021549 0.143038 0.021649 0.144835 0.022946 0.145808 0.024742 0.146706 0.027736 0.146706 0.032027 0.147080 0.034122 0.147080 0.037216 0.146781 0.037715 0.146481 0.038713
0 0.134506 0.045199 0.133907 0.045698 0.132934 0.045698 0.132111 0.045000 0.131587 0.044800 0.131063 0.043802 0.130914 0.043204 0.130989 0.042605 0.132036 0.040809 0.132411 0.040409 0.133309 0.039911 0.133683 0.039412 0.134132 0.038314 0.135105 0.036617 0.135629 0.036318 0.137575 0.034522 0.138473 0.034222 0.139371 0.034322 0.140120 0.035220 0.140269 0.035919 0.140269 0.037116 0.139147 0.038613 0.136677 0.040908 0.135779 0.042106 0.135180 0.043303 0.134731 0.043902
0 0.124627 0.045599 0.123953 0.045698 0.122606 0.046397 0.122157 0.046497 0.121633 0.046297 0.120810 0.044800 0.120585 0.044202 0.120510 0.043503 0.120810 0.041607 0.121184 0.040609 0.121483 0.040110 0.122980 0.039911 0.124327 0.039212 0.126049 0.037615 0.128219 0.034322 0.128818 0.034023 0.130989 0.032127 0.131363 0.031927 0.131812 0.031927 0.132261 0.032127 0.132411 0.032626 0.132261 0.034422 0.130839 0.037715 0.130315 0.039711 0.129716 0.042904 0.129342 0.043603 0.128743 0.044301 0.128294 0.044401 0.127171 0.045299 0.126423 0.045698 0.125525 0.045698
0 0.185550 0.053382 0.184577 0.053382 0.182332 0.053881 0.181359 0.053881 0.179562 0.051985 0.179188 0.050389 0.179113 0.048293 0.179188 0.047594 0.179562 0.047295 0.179937 0.046696 0.181209 0.046098 0.183230 0.044301 0.183903 0.043403 0.185251 0.040210 0.185700 0.039611 0.186149 0.039312 0.186673 0.039212 0.187122 0.039312 0.187496 0.039611 0.188095 0.040709 0.188544 0.041008 0.189217 0.042006 0.189442 0.043204 0.189442 0.045100 0.188843 0.047096 0.186972 0.051387 0.186074 0.052784
0 0.228511 0.010272 0.226714 0.010272 0.225367 0.009973 0.224843 0.009673 0.224020 0.008875 0.223607 0.008142 0.223496 0.007278 0.223496 0.006580 0.223646 0.005981 0.224544 0.005283 0.224918 0.004784 0.226265 0.003885 0.226639 0.003386 0.227837 0.002887 0.229484 0.002987 0.231280 0.003486 0.232103 0.004285 0.232926 0.006081 0.233001 0.007378 0.232178 0.009673 0.230082 0.010272 0.229484 0.010272
0 0.223496 0.005382 0.222972 0.004983 0.222448 0.003686 0.222224 0.001590 0.222224 0.000093 0.233301 0.000093 0.233226 0.001590 0.232552 0.002987 0.231205 0.003586 0.229858 0.003786 0.225816 0.005083 0.224469 0.005283
0 0.215413 0.009973 0.214365 0.009973 0.213991 0.009773 0.213392 0.008676 0.213093 0.007378 0.213093 0.004484 0.213392 0.003985 0.213841 0.002688 0.214215 0.002289 0.214964 0.001690 0.216311 0.001690 0.217359 0.002887 0.218631 0.003786 0.219005 0.004285 0.219155 0.004784 0.219230 0.005382 0.218856 0.006779 0.217958 0.007877 0.217509 0.008276 0.216985 0.008476 0.216236 0.009174
0 0.210997 0.016958 0.208527 0.016858 0.207779 0.016359 0.207255 0.015362 0.207030 0.014064 0.207030 0.012867 0.207180 0.012168 0.208003 0.010572 0.208153 0.009873 0.208527 0.009274 0.208901 0.009075 0.209800 0.008775 0.210323 0.008775 0.210847 0.008875 0.212195 0.010472 0.212793 0.012967 0.212120 0.014264 0.211521 0.015960
0 0.251488 0.038813 0.250889 0.038813 0.250215 0.038513 0.248494 0.035819 0.246773 0.034821 0.246024 0.034023 0.244976 0.032526 0.244452 0.031428 0.244378 0.030730 0.244452 0.029432 0.244901 0.028335 0.245575 0.027636 0.247072 0.027436 0.248269 0.026738 0.249317 0.025441 0.249617 0.024742 0.250590 0.023245 0.251488 0.022447 0.252386 0.022148 0.254482 0.022148 0.255380 0.022347 0.255904 0.022746 0.256877 0.024842 0.257400 0.026439 0.258523 0.028335 0.258598 0.028933 0.259047 0.030131 0.259197 0.033125 0.259122 0.033723 0.258823 0.034222 0.258673 0.034821 0.258224 0.035320 0.257999 0.035819 0.257475 0.036418 0.255754 0.037416 0.254706 0.037815 0.251787 0.037915 0.251188 0.038114
0 0.246398 0.039911 0.244827 0.039911 0.243854 0.039511 0.243330 0.039112 0.242581 0.038214 0.242132 0.037017 0.242132 0.034721 0.242432 0.034023 0.243629 0.032426 0.244078 0.032127 0.245126 0.032127 0.245500 0.032426 0.245949 0.033125 0.246324 0.034122 0.246324 0.039112
0 0.273941 0.035819 0.272070 0.034222 0.271172 0.032925 0.271022 0.032226 0.271022 0.031528 0.271471 0.031029 0.272893 0.030430 0.273267 0.030131 0.273717 0.030131 0.274091 0.029931 0.275438 0.029931 0.276336 0.030530 0.276486 0.031029 0.276486 0.032326 0.275588 0.034921 0.275288 0.035320 0.274914 0.035520
0 0.278432 0.029931 0.278806 0.029033 0.279255 0.028534 0.279704 0.028335 0.280303 0.027436 0.282099 0.025940 0.282997 0.025740 0.283371 0.025441 0.285542 0.024543 0.286590 0.023844 0.287263 0.022347 0.287413 0.020351 0.287712 0.019254 0.289509 0.016858 0.290706 0.015761 0.291155 0.015162 0.291529 0.014563 0.292278 0.012567 0.292353 0.011969 0.292877 0.010871 0.294224 0.009075 0.294748 0.008077 0.294823 0.006680 0.294299 0.005582 0.293550 0.005283 0.289584 0.005283 0.288161 0.006181 0.286814 0.006380 0.286440 0.006580 0.283147 0.006580 0.282698 0.006380 0.280452 0.006081 0.279554 0.005682 0.277908 0.005382 0.275737 0.004584 0.275438 0.004185 0.271995 0.001391 0.271247 0.000692 0.271022 0.000193 0.244752 0.000000 0.244752 0.001790 0.245051 0.002987 0.245351 0.005682 0.245800 0.007079 0.247446 0.015362 0.247970 0.016759 0.248344 0.018355 0.249242 0.020152 0.251712 0.023545 0.253509 0.024842 0.255380 0.025740 0.259421 0.028335 0.262116 0.030829 0.264062 0.031927 0.265484 0.032326 0.268777 0.033025 0.274016 0.032925 0.275663 0.031927 0.276112 0.031827 0.277010 0.031229 0.277683 0.030530
0 0.365476 0.061965 0.364952 0.062464 0.363305 0.062364 0.361958 0.061266 0.361509 0.061066 0.358665 0.055578 0.358515 0.055079 0.358590 0.053283 0.359862 0.051586 0.361808 0.050987 0.365401 0.050888 0.365925 0.050987 0.367197 0.051686 0.367496 0.052185 0.367571 0.053482 0.367422 0.053981 0.366673 0.054780 0.366074 0.055678 0.365925 0.056276 0.365925 0.058971 0.365700 0.060967
0 0.373259 0.060867 0.370565 0.058771 0.369517 0.057474 0.369143 0.056476 0.369068 0.055877 0.369068 0.054480 0.369367 0.054081 0.370340 0.054081 0.373110 0.054580 0.376328 0.054580 0.376777 0.055079 0.377002 0.055678 0.377076 0.056975 0.375804 0.058372 0.374607 0.060268 0.374232 0.060468
0 0.380444 0.045499 0.379771 0.045000 0.379322 0.044202 0.379022 0.043204 0.378049 0.041807 0.376777 0.039212 0.376627 0.036318 0.377076 0.035220 0.379247 0.032326 0.379995 0.031927 0.380519 0.031927 0.382091 0.032526 0.384112 0.034821 0.384785 0.036518 0.384860 0.038414 0.384785 0.039312 0.383738 0.043004 0.383663 0.045000 0.383513 0.045499 0.382690 0.046197 0.381193 0.046197
0 0.369891 0.041906 0.368769 0.041407 0.367945 0.042006 0.366823 0.043204 0.365176 0.043303 0.364577 0.043204 0.362706 0.041807 0.360087 0.039112 0.359937 0.038613 0.359862 0.036617 0.359488 0.035520 0.359413 0.034921 0.359413 0.032925 0.359713 0.031628 0.360461 0.029732 0.361509 0.029632 0.362781 0.030131 0.364428 0.030530 0.365476 0.030430 0.366898 0.029831 0.368918 0.028035 0.369966 0.028135 0.370864 0.028634 0.372212 0.030829 0.372735 0.032626 0.373185 0.034821 0.374681 0.036318 0.375355 0.037915 0.376478 0.040010 0.376627 0.040709 0.376627 0.043104 0.376178 0.043403 0.374681 0.043403 0.373783 0.043204 0.372810 0.042705 0.372062 0.042605 0.370715 0.042106
0 0.373708 0.027337 0.371089 0.027237 0.370116 0.026738 0.369817 0.026339 0.369667 0.025840 0.369667 0.024443 0.370116 0.023445 0.371014 0.021948 0.372137 0.020850 0.373484 0.020850 0.374083 0.021050 0.375131 0.021848 0.375954 0.022247 0.376702 0.022946 0.376852 0.023545 0.376852 0.024842 0.376553 0.025341 0.376178 0.025640 0.375954 0.026139 0.374681 0.027137 0.373110 0.027436
0 0.376652 0.081790 0.375280 0.081790 0.374781 0.081624 0.373783 0.080459 0.373409 0.079794 0.373160 0.078796 0.371538 0.074805 0.371413 0.074139 0.371413 0.071977 0.371787 0.071478 0.371912 0.070979 0.371912 0.068983 0.372037 0.068318 0.372286 0.067819 0.372661 0.067486 0.374158 0.066988 0.374781 0.066988 0.375155 0.066655 0.376029 0.066322 0.377027 0.066322 0.377650 0.065990 0.378898 0.065990 0.379397 0.065657 0.383638 0.065657 0.384386 0.066156 0.384386 0.066988 0.384137 0.068152 0.383388 0.069482 0.382640 0.070480 0.382515 0.070979 0.382515 0.072476 0.382266 0.073640 0.381392 0.076135 0.381392 0.076967 0.380020 0.079794 0.379397 0.081790 0.379022 0.082123 0.377900 0.082123
0 0.387131 0.080958 0.384386 0.081125 0.383638 0.080792 0.383264 0.080127 0.383264 0.079462 0.383014 0.078464 0.383014 0.075802 0.382640 0.073640 0.382640 0.071478 0.383014 0.070314 0.383388 0.069981 0.384386 0.069981 0.385010 0.070314 0.386008 0.071146 0.386382 0.071644 0.386632 0.072310 0.387006 0.072476 0.387754 0.073474 0.388253 0.073474 0.388627 0.073807 0.391122 0.074971 0.391995 0.075137 0.394241 0.075137 0.394615 0.075304 0.396860 0.075304 0.397359 0.075802 0.397609 0.076301 0.397609 0.078297 0.397235 0.078464 0.396736 0.079129 0.396361 0.079295 0.395114 0.080459 0.394365 0.080958 0.392744 0.081125 0.392245 0.081624 0.391372 0.081790 0.388378 0.081790
0 0.830185 0.079134 0.832102 0.078282 0.833892 0.077259 0.834275 0.076748 0.834403 0.076236 0.834786 0.075555 0.835681 0.072487 0.836065 0.071805 0.836448 0.070442 0.836448 0.069760 0.836832 0.068226 0.836960 0.062601 0.837215 0.061919 0.837215 0.061238 0.834531 0.059533 0.834403 0.057999 0.834020 0.057659 0.831079 0.057829 0.830185 0.058340 0.829418 0.059022 0.829290 0.059704 0.829290 0.062942 0.829545 0.063453 0.829673 0.064647 0.829673 0.066862 0.829290 0.067885 0.828651 0.068908 0.826350 0.070612 0.825327 0.071635 0.824688 0.072828 0.824688 0.074191 0.824944 0.074702 0.829162 0.078452
0 0.879502 0.050383 0.878009 0.049230 0.877616 0.048706 0.875494 0.044829 0.875179 0.044514 0.874236 0.043676 0.873293 0.043257 0.872978 0.042942 0.872035 0.042733 0.870699 0.041790 0.870542 0.041266 0.870542 0.040113 0.871171 0.039274 0.871878 0.038750 0.873214 0.038331 0.881388 0.038331 0.881781 0.038436 0.882410 0.039065 0.883196 0.040532 0.884139 0.043571 0.884847 0.045143 0.885554 0.046191 0.885711 0.046715 0.885554 0.047344 0.885004 0.048287 0.884218 0.048916 0.883746 0.049125 0.881546 0.049125 0.880131 0.049754
0 0.874315 0.051221 0.873764 0.051641 0.871171 0.052060 0.870856 0.051745 0.870070 0.050069 0.870227 0.046610 0.870699 0.045562 0.871642 0.045458 0.872585 0.045981 0.873214 0.046610 0.873607 0.046610 0.874550 0.047239 0.875336 0.047344 0.876280 0.047763 0.876594 0.048077 0.876515 0.048601 0.874865 0.050697
0 0.885868 0.058872 0.885004 0.058138 0.884296 0.057195 0.883825 0.055937 0.883511 0.052898 0.883904 0.050907 0.884218 0.050069 0.884454 0.048601 0.884925 0.047449 0.884925 0.043362 0.885082 0.042523 0.885711 0.041370 0.886104 0.041161 0.887126 0.040008 0.887912 0.040008 0.888462 0.040218 0.889956 0.041475 0.891056 0.042942 0.891842 0.043676 0.893178 0.044200 0.893650 0.045143 0.893728 0.045667 0.893257 0.047134 0.892864 0.049335 0.891606 0.051955 0.889170 0.056042 0.888226 0.056985 0.887440 0.058348 0.887047 0.058767 0.886654 0.058872
0 0.906147 0.079307 0.905518 0.078678 0.905361 0.077526 0.904182 0.075325 0.904025 0.073334 0.904260 0.072181 0.905204 0.070923 0.905754 0.070609 0.907404 0.070294 0.909605 0.070190 0.910470 0.070190 0.910784 0.070504 0.910863 0.071238 0.910784 0.072705 0.910313 0.073753 0.909998 0.075010 0.910313 0.078993 0.910077 0.080879 0.909684 0.081193 0.907326 0.081298 0.906933 0.080984 0.906776 0.080460
0 0.936879 0.050278 0.936486 0.048706 0.935857 0.046925 0.935857 0.046401 0.935385 0.046296 0.935071 0.046610 0.934599 0.045877 0.934599 0.043886 0.935778 0.042628 0.936093 0.041580 0.936093 0.040951 0.935857 0.040427 0.934442 0.039274 0.934128 0.038750 0.934128 0.037493 0.934285 0.036235 0.934992 0.034454 0.935071 0.033615 0.935857 0.031939 0.937350 0.030786 0.938686 0.030052 0.939315 0.029214 0.939787 0.027328 0.940023 0.026908 0.940101 0.026279 0.941123 0.023869 0.941595 0.021144 0.941752 0.017477 0.942302 0.014542 0.942302 0.010665 0.942066 0.009093 0.941595 0.008045 0.940494 0.007416 0.937665 0.005110 0.937036 0.004167 0.935857 0.001967 0.935464 0.000709 0.935464 0.000185 0.956685 0.000395 0.955035 0.004063 0.954799 0.006578 0.954406 0.008150 0.953620 0.010036 0.952913 0.011084 0.952284 0.013180 0.952127 0.015905 0.951576 0.018734 0.951341 0.019258 0.951105 0.021249 0.950869 0.021983 0.950555 0.023869 0.950319 0.024498 0.949690 0.030471 0.949061 0.033825 0.948590 0.034873 0.947804 0.037598 0.947568 0.038017 0.946782 0.045877 0.946389 0.047973 0.945839 0.048916 0.944660 0.049859 0.943717 0.051012 0.943324 0.051221 0.939394 0.051221 0.939001 0.051117 0.938686 0.050802 0.937507 0.050173 0.937586 0.050697
0 0.983100 0.016490 0.983668 0.015227 0.984710 0.013964 0.985468 0.011944 0.986226 0.010933 0.986984 0.009039 0.987836 0.007902 0.987931 0.007018 0.988404 0.006008 0.988594 0.004998 0.989067 0.003861 0.990204 0.001840 0.990867 0.001082 0.991435 0.000704 0.993519 0.000451 0.993425 0.002977 0.993046 0.003861 0.993330 0.004366 0.994277 0.004366 0.996266 0.003482 0.997308 0.003482 0.997782 0.003608 0.998540 0.004366 0.999297 0.005755 0.999487 0.008534 0.999487 0.018890 0.999013 0.020279 0.997876 0.022047 0.997403 0.023058 0.996550 0.023437 0.993709 0.023437 0.992856 0.023942 0.992383 0.024952 0.991341 0.025457 0.989920 0.026594 0.989446 0.026720 0.989162 0.025836 0.989067 0.021290 0.988878 0.020658 0.988025 0.020027 0.987552 0.019900 0.987173 0.019521 0.986226 0.019395 0.985373 0.018890 0.984426 0.018637 0.983100 0.018006 0.982816 0.017627
0 0.968797 0.000956 0.968039 0.003482 0.968039 0.004240 0.969365 0.006008 0.977796 0.006134 0.978743 0.005755 0.980732 0.005376 0.981206 0.005124 0.982816 0.002851 0.984331 0.001461 0.984616 0.000198
0 0.952979 0.023437 0.952032 0.021795 0.951937 0.021037 0.951937 0.016617 0.952410 0.014091 0.952695 0.013586 0.953452 0.013080 0.954968 0.012828 0.959136 0.012828 0.960556 0.013207 0.963398 0.013207 0.963966 0.013459 0.968418 0.013459 0.970029 0.014091 0.970692 0.014975 0.970881 0.015480 0.970976 0.016743 0.970976 0.019016 0.971260 0.021416 0.971260 0.022679 0.970881 0.023942 0.970218 0.025205 0.968987 0.026215 0.968418 0.026341 0.965577 0.026341 0.964251 0.026089 0.959704 0.026089 0.959041 0.027099 0.958946 0.028362 0.958757 0.028867 0.957810 0.029246 0.956105 0.029246 0.955252 0.028236 0.954305 0.025836 0.954210 0.025205 0.953452 0.024447
0 0.929727 0.066038 0.929851 0.064485 0.930642 0.062100 0.931557 0.060159 0.931640 0.059493 0.931183 0.057774 0.930891 0.057274 0.930600 0.056886 0.929394 0.056054 0.929061 0.055555 0.928853 0.054778 0.928811 0.053225 0.928936 0.052671 0.929227 0.052282 0.929727 0.052061 0.931890 0.051672 0.933471 0.051728 0.934677 0.052227 0.936258 0.053558 0.937631 0.054002 0.938130 0.053835 0.940460 0.052393 0.941500 0.052171 0.943330 0.052171 0.943496 0.052671 0.943496 0.054501 0.942872 0.057163 0.941957 0.059715 0.940376 0.061989 0.938671 0.063709 0.938255 0.064041 0.937756 0.064152 0.935676 0.064208 0.934844 0.064707 0.933887 0.065539 0.933138 0.066482 0.931516 0.067369 0.930226 0.067369 0.929851 0.067147 0.929644 0.066704
0 0.981272 0.094244 0.980820 0.093776 0.980319 0.092774 0.979918 0.091236 0.979467 0.087493 0.979417 0.084886 0.979617 0.084151 0.980169 0.083415 0.981272 0.083014 0.984681 0.082947 0.984982 0.083549 0.985182 0.085487 0.985132 0.091905 0.984129 0.093375 0.983177 0.093776 0.982324 0.094512 0.981873 0.094712
0 0.992394 0.103647 0.991499 0.103090 0.991320 0.102533 0.990246 0.101658 0.988515 0.101658 0.987082 0.100623 0.986724 0.100066 0.986486 0.097838 0.987082 0.096485 0.987858 0.095928 0.988097 0.095371 0.988097 0.094814 0.987261 0.093063 0.987142 0.091870 0.987918 0.090835 0.988754 0.090756 0.990365 0.089880 0.991976 0.088448 0.992633 0.087652 0.995080 0.085822 0.996214 0.085424 0.997587 0.085344 0.998422 0.085901 0.998721 0.086379 0.999138 0.086697 0.999437 0.087334 0.999556 0.088209 0.999496 0.091074 0.998422 0.095371 0.998422 0.096644 0.998542 0.097201 0.998840 0.097758 0.998840 0.100544 0.998661 0.101180 0.997885 0.102215 0.997229 0.103408 0.995557 0.104841 0.993648 0.104920 0.993230 0.104602 0.992991 0.104124
0 0.981472 0.116353 0.980676 0.116088 0.980378 0.115557 0.980378 0.112109 0.980676 0.110915 0.981174 0.110517 0.981771 0.109721 0.984954 0.107997 0.985749 0.107069 0.986247 0.105875 0.986346 0.105212 0.986943 0.104284 0.987341 0.103886 0.988137 0.103488 0.988933 0.103488 0.989231 0.103886 0.989330 0.106406 0.988933 0.107865 0.988435 0.108660 0.988137 0.109456 0.987341 0.110119 0.985153 0.113037 0.984954 0.113568 0.984257 0.114496 0.982765 0.116088 0.982367 0.116088
0 0.981074 0.125504 0.979582 0.125504 0.978588 0.124841 0.977593 0.124443 0.976200 0.122984 0.975205 0.120862 0.975007 0.119669 0.975007 0.117679 0.975106 0.117149 0.978090 0.116883 0.979682 0.118608 0.980676 0.120199 0.980875 0.120730 0.981771 0.121260 0.982964 0.122852 0.983064 0.124178 0.982964 0.125902 0.982566 0.126167 0.982069 0.126167
0 0.989430 0.127892 0.988734 0.127228 0.988236 0.126167 0.988137 0.125637 0.988137 0.123250 0.988734 0.121791 0.989430 0.120862 0.990823 0.120730 0.991220 0.120862 0.992712 0.122852 0.993011 0.123647 0.993011 0.126035 0.992911 0.126698 0.992016 0.128157 0.991220 0.128555 0.990325 0.128555
0 0.978289 0.115822 0.976499 0.115424 0.974808 0.115292 0.974410 0.114894 0.974310 0.112905 0.974808 0.111446 0.975106 0.110915 0.975504 0.110783 0.978886 0.110783 0.979284 0.110915 0.979980 0.111711 0.980279 0.112241 0.980477 0.113302 0.980378 0.115159 0.980080 0.115557 0.979582 0.115822 0.979184 0.115822
0 0.935317 0.109191 0.934522 0.108395 0.933925 0.106936 0.932035 0.103621 0.931836 0.102957 0.931836 0.097122 0.932134 0.095132 0.933129 0.093408 0.934522 0.092480 0.935815 0.092612 0.936213 0.092878 0.936610 0.093408 0.937108 0.095265 0.937108 0.098713 0.937207 0.099244 0.937904 0.100040 0.938799 0.101498 0.939097 0.102162 0.939097 0.102692 0.939296 0.103355 0.939197 0.104682 0.938301 0.107201 0.937307 0.108528 0.936411 0.109058
0 0.907067 0.122454 0.906073 0.121127 0.905675 0.119934 0.905277 0.117547 0.905277 0.115690 0.906968 0.111578 0.907266 0.111180 0.908659 0.110650 0.909753 0.110517 0.911245 0.112109 0.912041 0.113966 0.912041 0.114629 0.912339 0.115292 0.912638 0.116618 0.912638 0.118077 0.911544 0.121260 0.910847 0.122189 0.910449 0.122586 0.907963 0.123250
0 0.915622 0.133064 0.914926 0.130677 0.914926 0.126565 0.914627 0.125239 0.914528 0.124045 0.914528 0.122852 0.914727 0.122056 0.915025 0.121658 0.915821 0.121127 0.918208 0.120067 0.918606 0.120067 0.919302 0.120464 0.920098 0.121393 0.920297 0.121923 0.920297 0.123780 0.919999 0.125902 0.919999 0.128555 0.919800 0.129881 0.919402 0.131075 0.918805 0.132268 0.917611 0.133727 0.916617 0.133727
0 0.895926 0.151765 0.894434 0.150173 0.894235 0.149643 0.894037 0.147653 0.894136 0.147123 0.894534 0.146460 0.894932 0.145929 0.895330 0.145664 0.897419 0.144603 0.899905 0.143807 0.901298 0.143542 0.902989 0.143542 0.903387 0.143807 0.903387 0.145797 0.901497 0.147919 0.899607 0.151367 0.898712 0.151765 0.896822 0.151765
0 0.919402 0.062903 0.917711 0.060649 0.917512 0.060118 0.917512 0.058925 0.917711 0.058129 0.918407 0.056802 0.919103 0.056007 0.919601 0.054946 0.920098 0.054415 0.921590 0.054548 0.921988 0.054813 0.922585 0.055741 0.922684 0.060914 0.921491 0.063169 0.920297 0.063301
0 0.846390 0.117679 0.843803 0.117679 0.842908 0.117281 0.842411 0.116486 0.842311 0.115292 0.842610 0.113833 0.843107 0.113170 0.843405 0.112109 0.843803 0.111976 0.845295 0.111976 0.846091 0.112241 0.847484 0.113170 0.847782 0.113568 0.847882 0.114098 0.847882 0.115424 0.847583 0.116751 0.847285 0.117149
0 0.823766 0.184455 0.822667 0.183552 0.822497 0.182876 0.822582 0.180395 0.823597 0.178703 0.824020 0.177575 0.824105 0.176899 0.824612 0.176222 0.825458 0.174643 0.826727 0.172951 0.829264 0.171711 0.830702 0.171598 0.831125 0.171372 0.832478 0.171147 0.833324 0.171259 0.833663 0.171936 0.833747 0.172613 0.833578 0.173402 0.832309 0.174530 0.830533 0.175545 0.829349 0.176786 0.829095 0.177350 0.829180 0.178703 0.828841 0.180959 0.828672 0.181522 0.828080 0.182425 0.827319 0.183101 0.826811 0.183327 0.825035 0.183665 0.824612 0.183891
0 0.803043 0.155358 0.801690 0.155358 0.800675 0.154681 0.800252 0.154004 0.800167 0.152200 0.800505 0.151185 0.801097 0.150508 0.802197 0.148704 0.803043 0.147012 0.803381 0.145771 0.804565 0.144869 0.806257 0.145095 0.808625 0.145095 0.809048 0.145433 0.809218 0.145997 0.809218 0.149606 0.808964 0.151410 0.808287 0.153666 0.807949 0.154342 0.807188 0.155132 0.806511 0.155358 0.803720 0.155470
0 0.789848 0.128290 0.788663 0.127727 0.787479 0.126148 0.786549 0.125471 0.785618 0.125133 0.784773 0.124569 0.784603 0.124005 0.784519 0.121072 0.785957 0.118817 0.786718 0.118027 0.789171 0.116110 0.789763 0.115321 0.791116 0.113967 0.792131 0.113516 0.792470 0.113178 0.793485 0.112840 0.794500 0.112840 0.795599 0.113403 0.797207 0.114644 0.797629 0.115095 0.797799 0.115659 0.797883 0.116900 0.797799 0.118253 0.796107 0.121072 0.793569 0.124456 0.791624 0.128629 0.790524 0.128854
0 0.817704 0.272337 0.815307 0.273250 0.810512 0.273250 0.807857 0.272907 0.807172 0.271994 0.806744 0.270967 0.806744 0.268797 0.807686 0.267313 0.809227 0.266286 0.809656 0.266172 0.810169 0.265715 0.811539 0.265030 0.815735 0.262062 0.817362 0.261262 0.818132 0.260692 0.819417 0.263203 0.819588 0.264117 0.819588 0.267998 0.819331 0.268569 0.819246 0.269711 0.818903 0.270852 0.817105 0.273022
0 0.831203 0.277150 0.830027 0.276324 0.829284 0.275416 0.828045 0.274426 0.826931 0.273270 0.826745 0.272775 0.824516 0.269968 0.823030 0.268647 0.821792 0.267821 0.819935 0.265840 0.819192 0.265262 0.818387 0.264189 0.817891 0.263198 0.817396 0.261465 0.817210 0.259649 0.817210 0.257585 0.817458 0.257007 0.818325 0.256429 0.820059 0.255851 0.822969 0.255439 0.828479 0.255356 0.829160 0.257502 0.829284 0.259401 0.829841 0.262208 0.830955 0.265015 0.833061 0.266501 0.835661 0.267656 0.836156 0.267739 0.836713 0.268152 0.837952 0.269390 0.838509 0.270628 0.838880 0.271124 0.839438 0.272775 0.839438 0.274508 0.839314 0.275003 0.839066 0.275416 0.838076 0.276242 0.837023 0.276737 0.835104 0.277315 0.831884 0.277315
0 0.777951 0.294972 0.777862 0.292366 0.777685 0.291656 0.777596 0.290116 0.777596 0.286918 0.777773 0.284668 0.777773 0.282536 0.778395 0.280167 0.778750 0.279338 0.779106 0.278864 0.779816 0.278154 0.780616 0.277799 0.783192 0.277325 0.784080 0.277325 0.784435 0.278272 0.784613 0.279338 0.784613 0.280523 0.783902 0.282299 0.783192 0.283602 0.781504 0.288576 0.781504 0.290945 0.781682 0.292366 0.782304 0.293551 0.783103 0.295564 0.783636 0.298170 0.783902 0.298643 0.784080 0.300420 0.782126 0.300775 0.780705 0.300775 0.780438 0.300301 0.779195 0.299236 0.778839 0.298643 0.778218 0.296275
0 0.787544 0.287984 0.785945 0.287747 0.785324 0.287392 0.784880 0.286918 0.784080 0.285615 0.783902 0.283602 0.784613 0.281470 0.785590 0.279930 0.787011 0.278746 0.787989 0.278391 0.789765 0.278864 0.793140 0.278746 0.793585 0.278983 0.794118 0.280049 0.794029 0.284905 0.793318 0.285734 0.791661 0.286712 0.789676 0.287747 0.788255 0.287984
0 0.775553 0.251032 0.772621 0.250084 0.771378 0.249374 0.770578 0.248663 0.770312 0.248071 0.770045 0.246650 0.770223 0.246058 0.772000 0.244873 0.772799 0.244755 0.773243 0.244400 0.775819 0.243807 0.777862 0.242386 0.779461 0.242386 0.779905 0.242741 0.780172 0.243926 0.780172 0.246058 0.779728 0.247834 0.778928 0.249611 0.778484 0.249966 0.778040 0.249966 0.776352 0.250914
0 0.675356 0.261691 0.672335 0.261691 0.670914 0.260981 0.669138 0.259678 0.668427 0.257901 0.668249 0.257191 0.668161 0.255769 0.668427 0.255177 0.669138 0.254585 0.669760 0.254348 0.675800 0.254348 0.676244 0.254585 0.676510 0.255059 0.676866 0.256125 0.677043 0.257309 0.676955 0.259678 0.676155 0.261928
0 0.676244 0.243926 0.674823 0.243807 0.673490 0.243097 0.673135 0.242623 0.672691 0.241439 0.672602 0.239544 0.672780 0.238833 0.673757 0.237649 0.675089 0.236701 0.676777 0.236346 0.677932 0.236346 0.678731 0.237412 0.678909 0.240610 0.678820 0.241912 0.678109 0.242860 0.677665 0.242978 0.676955 0.243571
0 0.689568 0.246531 0.688236 0.246176 0.687614 0.245584 0.686281 0.244992 0.685571 0.244163 0.684949 0.242741 0.684860 0.242031 0.684416 0.241083 0.684416 0.240491 0.684771 0.239662 0.685393 0.239425 0.688413 0.238715 0.689923 0.238833 0.692055 0.239307 0.692233 0.240017 0.692233 0.241557 0.692055 0.242268 0.691522 0.243807 0.691256 0.245110 0.690723 0.246058 0.690279 0.246295
0 0.731939 0.226397 0.730695 0.224858 0.730429 0.224029 0.728918 0.221423 0.728030 0.220712 0.727764 0.220239 0.727586 0.219765 0.727586 0.218344 0.728830 0.216922 0.729807 0.216212 0.731050 0.214909 0.732560 0.213961 0.733093 0.213843 0.734603 0.213843 0.735936 0.214791 0.737091 0.215856 0.737357 0.216330 0.737624 0.219173 0.737624 0.221541 0.736202 0.224621 0.735847 0.225094 0.734692 0.225805 0.733093 0.226397
0 0.733360 0.240254 0.732738 0.239425 0.731850 0.238951 0.731139 0.237293 0.731139 0.236583 0.730695 0.235517 0.730606 0.234688 0.730606 0.234096 0.730873 0.233503 0.731228 0.233267 0.733271 0.232793 0.733626 0.232556 0.735225 0.230069 0.736913 0.228766 0.737979 0.228529 0.738601 0.229003 0.738956 0.230187 0.739045 0.232082 0.738956 0.233740 0.738778 0.234332 0.736735 0.238359 0.736469 0.238951 0.736380 0.239544 0.735669 0.240373 0.734870 0.240846 0.733982 0.240965
0 0.765249 0.228648 0.762317 0.227818 0.761696 0.227463 0.761163 0.227463 0.760719 0.227108 0.760630 0.226397 0.760719 0.223555 0.761163 0.222489 0.761784 0.222252 0.762140 0.221897 0.763206 0.221897 0.764360 0.221304 0.764982 0.221186 0.766848 0.221068 0.768002 0.221068 0.769157 0.221423 0.770223 0.221423 0.770578 0.221660 0.770490 0.223318 0.769690 0.224858 0.768979 0.225568 0.767914 0.226279 0.767736 0.226753 0.766936 0.227937 0.766492 0.228174
0 0.659189 0.222963 0.658390 0.222963 0.657413 0.222607 0.654126 0.218817 0.653415 0.217751 0.653149 0.217159 0.652882 0.215146 0.652882 0.212422 0.653771 0.211711 0.654836 0.211593 0.662120 0.211593 0.663009 0.211711 0.663364 0.211948 0.664163 0.214554 0.664252 0.215264 0.664252 0.219291 0.664963 0.220239 0.665940 0.220831 0.666384 0.222489 0.665940 0.222844 0.664785 0.222963 0.660344 0.223081
0 0.618570 0.228050 0.617724 0.227204 0.617406 0.226499 0.616772 0.224384 0.615926 0.222269 0.615714 0.220859 0.615609 0.219731 0.615714 0.219026 0.616032 0.218462 0.617195 0.217898 0.624703 0.217757 0.626289 0.219590 0.626924 0.221423 0.626924 0.222833 0.626712 0.223397 0.625655 0.224948 0.624809 0.225794 0.622800 0.226781 0.620685 0.227204 0.619839 0.227627
0 0.613705 0.214514 0.614340 0.213386 0.615503 0.212399 0.616772 0.210989 0.617195 0.210284 0.617301 0.209720 0.618464 0.207887 0.618781 0.207041 0.620896 0.203376 0.621742 0.202529 0.623540 0.201261 0.623857 0.200838 0.624386 0.200838 0.624491 0.201402 0.624491 0.207605 0.623751 0.210143 0.622482 0.212258 0.621213 0.213809 0.620156 0.214655 0.619521 0.214937 0.619098 0.215360 0.617089 0.216629 0.614869 0.216488 0.614128 0.215642
0 0.615221 0.280970 0.614340 0.278855 0.613811 0.277210 0.613459 0.276740 0.613106 0.275565 0.612754 0.275095 0.612577 0.274390 0.612225 0.274155 0.610110 0.274155 0.608876 0.276270 0.608524 0.278385 0.607995 0.279560 0.607643 0.279795 0.606409 0.279795 0.604294 0.278620 0.602531 0.276505 0.602179 0.276270 0.600945 0.274390 0.599535 0.274390 0.599183 0.274625 0.598830 0.275330 0.598302 0.277210 0.598478 0.278150 0.599535 0.279795 0.599535 0.280735 0.599359 0.281205 0.594072 0.281205 0.592485 0.280265 0.591957 0.280265 0.591075 0.279325 0.588784 0.277680 0.588432 0.277210 0.587903 0.276035 0.587903 0.273215 0.588784 0.269690 0.589489 0.268280 0.590018 0.266636 0.590018 0.263816 0.589489 0.262171 0.589187 0.261768 0.588180 0.261768 0.587676 0.262104 0.587173 0.262104 0.586795 0.262439 0.585914 0.262775 0.585410 0.262775 0.584403 0.263111 0.582389 0.263278 0.581508 0.263614 0.579368 0.263782 0.578235 0.264453 0.576724 0.266803 0.575381 0.270272 0.574962 0.270832 0.574752 0.271391 0.574752 0.273070 0.574332 0.274748 0.574332 0.275588 0.574122 0.276707 0.573703 0.278105 0.573703 0.280903 0.573493 0.281462 0.573493 0.282022 0.573283 0.282799 0.573283 0.299118 0.572700 0.300672 0.572700 0.309997 0.572118 0.310774 0.572118 0.311551 0.571535 0.311551 0.571535 0.312329 0.570952 0.313883 0.569786 0.316214 0.569786 0.317768 0.569203 0.318545 0.568621 0.320099 0.567455 0.321654 0.567455 0.323208 0.566872 0.323985 0.566872 0.325539 0.566289 0.326316 0.566289 0.330773 0.565695 0.332358 0.565397 0.332755 0.565100 0.333944 0.564208 0.335134 0.563316 0.337116 0.562721 0.337513 0.562721 0.338306 0.562424 0.338702 0.562424 0.339495 0.562126 0.339891 0.561532 0.341477 0.561532 0.343063 0.560045 0.345442 0.558558 0.345442 0.557666 0.345046 0.556477 0.344253 0.556179 0.343856 0.555882 0.343063 0.555585 0.342667 0.555585 0.336720 0.555882 0.335530 0.556179 0.335134 0.556179 0.334341 0.557666 0.331962 0.557666 0.331169 0.558558 0.329583 0.558558 0.328790 0.558855 0.328394 0.558855 0.327601 0.559153 0.326015 0.559153 0.322843 0.558855 0.321257 0.558855 0.316896 0.558261 0.316499 0.557369 0.315310 0.557369 0.314517 0.557071 0.313724 0.556477 0.313328 0.556477 0.312535 0.556179 0.311742 0.556179 0.307777 0.556774 0.307777 0.558261 0.306588 0.558558 0.306191 0.558558 0.303416 0.558261 0.303019 0.558261 0.298658 0.557963 0.298262 0.557963 0.285574 0.557666 0.285178 0.557369 0.284385 0.556774 0.283592 0.556774 0.281610 0.556179 0.280817 0.556179 0.280024 0.555287 0.278438 0.555287 0.277248 0.554990 0.276455 0.553800 0.274869 0.553206 0.274473 0.551422 0.272094 0.551124 0.271301 0.550529 0.270508 0.550529 0.268526 0.549637 0.266940 0.548151 0.265354 0.546069 0.264165 0.545177 0.264165 0.543988 0.265751 0.543690 0.266544 0.542798 0.266940 0.541906 0.266940 0.541014 0.267336 0.538933 0.267336 0.538338 0.266940 0.537743 0.266147 0.537743 0.264958 0.537446 0.264165 0.537446 0.263372 0.537148 0.262975 0.537148 0.262182 0.536554 0.260993 0.536256 0.259803 0.536256 0.259011 0.535662 0.258217 0.535067 0.257028 0.533283 0.254649 0.532688 0.253460 0.532391 0.252270 0.531796 0.251477 0.531796 0.250684 0.531201 0.250288 0.530607 0.249495 0.530607 0.247116 0.530309 0.246720 0.530309 0.244341 0.530012 0.243548 0.530012 0.238394 0.529715 0.237601 0.529715 0.231257 0.528822 0.228482 0.528822 0.226896 0.528228 0.222931 0.527336 0.220552 0.527038 0.218174 0.526444 0.215002 0.525551 0.212226 0.525551 0.211037 0.525254 0.210244 0.525254 0.209451 0.524957 0.209055 0.524957 0.208262 0.524659 0.207865 0.524659 0.202711 0.524957 0.200729 0.524957 0.199936 0.525849 0.197557 0.526146 0.195178 0.526741 0.193592 0.526741 0.192006 0.527038 0.190420 0.527038 0.188834 0.527930 0.184077 0.528525 0.182491 0.528822 0.181301 0.528822 0.180508 0.529120 0.180112 0.529120 0.175751 0.529417 0.174958 0.529417 0.170993 0.529120 0.170200 0.528525 0.169804 0.527930 0.168218 0.527930 0.167425 0.527633 0.167028 0.527633 0.164649 0.528228 0.163063 0.528822 0.163063 0.529417 0.161081 0.530904 0.159099 0.532688 0.154341 0.532688 0.153152 0.533580 0.150376 0.533878 0.148790 0.533878 0.147601 0.534472 0.146808 0.534472 0.145619 0.534770 0.144033 0.535067 0.143636 0.535662 0.140861 0.535662 0.139671 0.536256 0.137689 0.537148 0.136103 0.538040 0.134914 0.538338 0.134121 0.538933 0.133724 0.540122 0.132138 0.540717 0.132138 0.541609 0.130949 0.541906 0.130156 0.541906 0.129363 0.542501 0.128570 0.543393 0.125795 0.544285 0.124209 0.545474 0.122623 0.545772 0.121830 0.547259 0.119848 0.547853 0.117865 0.549340 0.114297 0.549935 0.113900 0.552653 0.110276 0.553291 0.109709 0.553503 0.109143 0.554565 0.108010 0.555415 0.107444 0.556052 0.107444 0.557114 0.106594 0.557751 0.106594 0.560087 0.105461 0.560937 0.104895 0.561574 0.104895 0.563486 0.103196 0.563911 0.103196 0.565751 0.102063 0.567875 0.102063 0.568937 0.101119 0.573185 0.091679 0.573843 0.080611 0.595937 0.040877 0.625437 0.065761 0.621524 0.100679 0.621524 0.101482 0.645003 0.105897 0.657044 0.090645 0.658248 0.110713 0.662362 0.122887 0.662362 0.124225 0.661860 0.124225 0.661358 0.125563 0.650823 0.138942 0.650823 0.138273 0.650321 0.138273 0.641291 0.135597 0.619216 0.170381 0.612192 0.211186 0.636519 0.189723 0.652844 0.193454 0.656420 0.215220 0.654865 0.250045 0.650823 0.263934 0.649268 0.267251 0.648646 0.268080 0.648180 0.269116 0.646780 0.271397 0.632477 0.283005 0.618796 0.284871 0.613821 0.284456
0 0.514308 0.410888 0.523279 0.411098 0.525797 0.396828 0.524853 0.394100 0.522020 0.394100 0.518243 0.399976 0.514465 0.400815 0.513836 0.401865 0.513993 0.409209
0 0.550506 0.386756 0.551923 0.385287 0.553497 0.382559 0.555228 0.381300 0.558061 0.377313 0.559950 0.376054 0.562468 0.372696 0.562310 0.371437 0.561209 0.369339 0.556487 0.362623 0.555385 0.362623 0.554284 0.364722 0.554284 0.367870 0.552553 0.379621 0.552395 0.382559 0.552710 0.382979 0.550979 0.384867
0 0.602601 0.380460 0.601656 0.379201 0.600869 0.379411 0.599925 0.381090 0.598981 0.381300 0.598194 0.379621 0.597564 0.375844 0.596148 0.372067 0.596305 0.370388 0.597879 0.368289 0.598351 0.365771 0.598351 0.361994 0.599453 0.360945 0.601499 0.361154 0.604017 0.364092 0.606378 0.368079 0.607794 0.371647 0.607794 0.380460 0.606850 0.381300 0.603702 0.381300
0 0.618969 0.337442 0.615664 0.332196 0.615349 0.329048 0.620542 0.323802 0.622116 0.322543 0.635809 0.322333 0.636124 0.323172 0.635966 0.327579 0.635179 0.329258 0.629199 0.331776 0.624477 0.334924 0.622589 0.337022 0.621329 0.337862 0.620385 0.337862
0 0.635022 0.347934 0.632504 0.345206 0.627625 0.336812 0.627625 0.334504 0.628097 0.333245 0.629356 0.331776 0.631559 0.330727 0.635022 0.330937 0.636753 0.333245 0.638170 0.336393 0.639114 0.339960 0.639271 0.346256 0.636753 0.347305
0 0.621015 0.360105 0.614562 0.360105 0.613145 0.359476 0.612201 0.358427 0.611729 0.356958 0.611729 0.354649 0.612359 0.352131 0.612044 0.351292 0.608739 0.348144 0.607008 0.344367 0.607008 0.341429 0.607637 0.337652 0.608581 0.336812 0.610942 0.336183 0.613460 0.334714 0.614247 0.334714 0.616293 0.336812 0.618497 0.337442 0.622589 0.335134 0.624792 0.333035 0.628254 0.330727 0.629356 0.330307 0.630615 0.330727 0.631402 0.333245 0.631245 0.346046 0.630615 0.348774 0.628569 0.354859 0.626838 0.357377 0.622116 0.358846
0 0.927344 0.310417 0.930469 0.312500 0.931250 0.313542 0.941406 0.314583 0.942187 0.315625 0.950000 0.314583 0.950781 0.313542 0.971094 0.315625 0.971875 0.315625 0.977344 0.313542 0.978125 0.313542 0.988281 0.322917 0.989062 0.322917 0.994531 0.330208 0.995313 0.331250 0.996094 0.334375 0.996875 0.335417 0.996094 0.341667 0.996094 0.342708 0.997656 0.346875 0.997656 0.347917 0.996094 0.350000 0.995313 0.351042 0.991406 0.352083 0.990625 0.353125 0.989844 0.358333 0.989844 0.359375 0.985938 0.364583 0.985938 0.365625 0.982812 0.367708 0.982031 0.368750 0.977344 0.369792 0.976562 0.369792 0.956250 0.356250 0.955469 0.355208 0.933594 0.345833 0.932813 0.345833 0.925781 0.340625 0.925000 0.340625 0.922656 0.336458 0.921875 0.335417 0.921094 0.325000 0.921094 0.323958 0.927344 0.310417
0 0.930469 0.288542 0.965625 0.291667 0.966406 0.291667 0.984375 0.304167 0.984375 0.305208 0.975000 0.312500 0.974219 0.313542 0.971094 0.313542 0.970313 0.314583 0.956250 0.313542 0.955469 0.312500 0.942969 0.314583 0.942187 0.314583 0.928125 0.312500 0.927344 0.312500 0.927344 0.293750 0.927344 0.292708 0.930469 0.288542
0 0.992523 0.373624 0.992770 0.372768 0.993165 0.372504 0.994005 0.371385 0.994498 0.370200 0.995239 0.369147 0.995733 0.368686 0.996276 0.367238 0.996226 0.365856 0.995387 0.364407 0.995239 0.363683 0.995338 0.363091 0.997214 0.361972 0.998152 0.361643 0.999485 0.361511 1.000000 0.362432 0.999732 0.375533 0.998102 0.377507 0.997658 0.377837 0.995930 0.378824 0.995091 0.379022 0.994646 0.378956 0.993807 0.378166 0.992622 0.376454 0.992276 0.375401 0.992227 0.374150
0 0.991595 0.373826 0.990667 0.373017 0.989774 0.371827 0.988739 0.370922 0.987918 0.369590 0.986525 0.367971 0.986347 0.366876 0.986383 0.366353 0.987025 0.365020 0.988096 0.363497 0.989524 0.362021 0.990952 0.360165 0.991845 0.360117 0.992559 0.359594 0.993558 0.360022 0.993987 0.360403 0.996200 0.363354 0.996878 0.364782 0.996986 0.365448 0.996950 0.366067 0.996593 0.367257 0.995022 0.370066 0.992737 0.373160 0.991952 0.373683
0 0.982777 0.412699 0.982281 0.410848 0.981785 0.410452 0.981289 0.409658 0.980794 0.408468 0.980694 0.406617 0.980496 0.405559 0.980595 0.401989 0.980794 0.401328 0.981587 0.400270 0.982975 0.400403 0.984264 0.401196 0.985851 0.401460 0.986248 0.402651 0.986248 0.403312 0.986545 0.405031 0.986545 0.409394 0.987140 0.410848 0.987140 0.412567 0.987041 0.413096 0.986049 0.414418 0.984760 0.415344
0 0.985387 0.425165 0.984414 0.425370 0.982775 0.424960 0.981495 0.424209 0.981187 0.423799 0.980931 0.423116 0.980829 0.421750 0.981034 0.420589 0.981853 0.418404 0.982365 0.418199 0.984158 0.418131 0.985234 0.418472 0.986002 0.419565 0.986668 0.420999 0.986719 0.423457 0.986616 0.424072 0.985899 0.424687
0 0.945791 0.451904 0.943686 0.452001 0.943323 0.451807 0.943032 0.450646 0.942960 0.449484 0.942089 0.445903 0.942089 0.445323 0.942669 0.444839 0.943323 0.444645 0.946444 0.444548 0.947460 0.444936 0.947751 0.445613 0.947678 0.451033 0.947388 0.451420 0.947170 0.452097 0.946734 0.452097
0 0.946154 0.459356 0.945065 0.459356 0.944629 0.459163 0.942379 0.456937 0.941798 0.456066 0.941798 0.454130 0.941943 0.453452 0.942306 0.452969 0.946081 0.452969 0.947460 0.453162 0.947678 0.453646 0.947968 0.455485 0.947968 0.456840 0.947605 0.458389 0.946807 0.459840
0 0.926264 0.449871 0.925103 0.449194 0.923724 0.448033 0.923506 0.447549 0.923506 0.446194 0.923724 0.444355 0.924305 0.442806 0.925393 0.442516 0.925756 0.442226 0.926700 0.442129 0.927208 0.441838 0.928660 0.441838 0.929168 0.442129 0.929821 0.443000 0.930112 0.444064 0.930112 0.446774 0.929676 0.448613 0.928805 0.449388 0.928442 0.449581 0.927934 0.449581 0.927135 0.449968
0 0.926047 0.477261 0.925539 0.477649 0.925030 0.477649 0.924087 0.476971 0.923506 0.476003 0.923579 0.475326 0.924014 0.474358 0.924305 0.471841 0.924595 0.471454 0.925321 0.471358 0.926700 0.470777 0.930112 0.470777 0.930983 0.470970 0.931346 0.471454 0.931491 0.471938 0.931491 0.473293 0.931346 0.473874 0.930620 0.475035 0.928079 0.477165 0.927716 0.477358 0.926773 0.477455
0 0.902165 0.453549 0.901439 0.453452 0.901004 0.452872 0.900786 0.452001 0.900786 0.450839 0.901004 0.450259 0.902093 0.449097 0.905504 0.449000 0.907246 0.449388 0.909134 0.449388 0.909497 0.449678 0.909787 0.450839 0.909787 0.452001 0.909497 0.453743 0.909279 0.454324 0.908480 0.455001 0.907609 0.455291 0.903254 0.455291 0.902673 0.455195 0.902310 0.454711
0 0.982030 0.581582 0.981207 0.581033 0.980487 0.580073 0.979561 0.579524 0.978636 0.578701 0.976784 0.577604 0.975652 0.575958 0.975549 0.571706 0.976372 0.570471 0.978018 0.569100 0.982236 0.569100 0.983162 0.569511 0.983779 0.570197 0.985117 0.570883 0.986660 0.571980 0.992112 0.576644 0.992421 0.577055 0.992421 0.577741 0.991495 0.580210 0.990569 0.581582 0.989334 0.582405 0.988923 0.582405 0.987997 0.582816 0.986660 0.583776 0.985940 0.583914 0.983985 0.583776 0.982545 0.582816
0 0.954460 0.566219 0.953534 0.565259 0.952917 0.564162 0.951991 0.561144 0.950757 0.558401 0.950139 0.557441 0.949728 0.557166 0.948596 0.555795 0.948390 0.554697 0.948390 0.553051 0.949831 0.550857 0.950551 0.550171 0.951477 0.549896 0.951991 0.549896 0.952505 0.550171 0.955592 0.554560 0.956106 0.555657 0.956415 0.556892 0.956415 0.563613 0.955797 0.565122 0.955386 0.565396
0 0.960015 0.554972 0.957855 0.553737 0.956415 0.551954 0.956415 0.549622 0.956826 0.549073 0.959604 0.548113 0.960427 0.548113 0.961353 0.548799 0.962793 0.550445 0.963925 0.552503 0.964336 0.553600 0.964439 0.555383 0.963822 0.555657 0.960735 0.555657
0 0.267320 0.136769 0.266341 0.134661 0.265287 0.132954 0.263555 0.132050 0.263179 0.131649 0.262953 0.130946 0.263028 0.129540 0.263555 0.128235 0.264157 0.127632 0.266341 0.126227 0.267320 0.125825 0.269278 0.125825 0.270182 0.126628 0.271462 0.129741 0.272064 0.130845 0.272290 0.132050 0.272290 0.133355 0.271989 0.133757 0.271462 0.134058 0.269127 0.135062 0.268299 0.135665 0.267998 0.136066
0 0.271236 0.149520 0.269880 0.145303 0.269579 0.144902 0.268977 0.144701 0.268149 0.143998 0.267170 0.142090 0.266417 0.139480 0.266417 0.138175 0.266643 0.137673 0.267923 0.136869 0.269052 0.136468 0.270106 0.135765 0.270634 0.135765 0.271010 0.135564 0.272140 0.135564 0.274399 0.137472 0.274850 0.138074 0.275001 0.138576 0.275076 0.140384 0.275377 0.142994 0.275377 0.144299 0.274173 0.148215 0.273871 0.148717 0.273420 0.148918 0.271989 0.148918
0 0.263103 0.157050 0.261371 0.156950 0.260995 0.156749 0.260618 0.156247 0.259790 0.153034 0.259564 0.152532 0.258660 0.151327 0.258510 0.150825 0.258209 0.149219 0.258284 0.145102 0.258660 0.144098 0.259564 0.143295 0.261447 0.143094 0.262350 0.143697 0.262953 0.144500 0.263329 0.145303 0.263856 0.147813 0.264459 0.149721 0.264685 0.151127 0.264685 0.154139 0.263706 0.156749
0 0.264308 0.156548 0.264082 0.154842 0.264082 0.151026 0.263932 0.150524 0.263630 0.147211 0.263630 0.144400 0.264157 0.143596 0.266643 0.142592 0.268224 0.142693 0.269127 0.143396 0.269805 0.144601 0.269956 0.145805 0.269880 0.150022 0.269730 0.150825 0.268902 0.152733 0.267998 0.154038 0.267320 0.155645 0.267019 0.156046 0.266492 0.156147 0.266040 0.156448 0.265136 0.156548
0 0.242471 0.136167 0.241266 0.135564 0.239157 0.135062 0.237953 0.133657 0.237275 0.132251 0.237199 0.131548 0.237275 0.130142 0.237877 0.129038 0.238329 0.128536 0.239308 0.127934 0.240588 0.126628 0.242772 0.126628 0.243299 0.126829 0.243525 0.128235 0.243525 0.130946 0.243148 0.134460 0.242922 0.135564
0 0.290027 0.112655 0.291237 0.115398 0.291600 0.116850 0.291842 0.117334 0.291842 0.117979 0.292084 0.118624 0.292084 0.120076 0.292447 0.120399 0.295471 0.120399 0.295955 0.119108 0.296076 0.118302 0.297165 0.116043 0.298133 0.113462 0.299585 0.112010 0.300069 0.111042 0.300553 0.108138 0.300553 0.106847 0.300311 0.106363 0.299706 0.106202 0.297407 0.106202 0.294746 0.105879 0.294262 0.105556 0.292084 0.102975 0.290874 0.102653 0.289422 0.102653 0.288212 0.103459 0.287607 0.103621 0.286276 0.104911 0.285792 0.105879 0.285671 0.106686 0.285671 0.108944 0.285792 0.109751 0.286155 0.110396 0.287365 0.111364 0.289180 0.112010
0 0.303215 0.105234 0.302368 0.104427 0.302247 0.103782 0.302368 0.099587 0.302610 0.098781 0.303457 0.098458 0.308539 0.098458 0.309023 0.098781 0.309386 0.099587 0.309870 0.099910 0.310596 0.100717 0.310959 0.102007 0.311685 0.103298 0.311806 0.104589 0.311685 0.105234 0.311443 0.105718 0.309386 0.106041 0.304062 0.106041
0 0.312290 0.101039 0.310838 0.101201 0.310354 0.100878 0.309144 0.098781 0.309023 0.098135 0.309144 0.096845 0.310717 0.096522 0.313258 0.096522 0.313621 0.096845 0.313621 0.098297 0.313258 0.099749
0 0.272724 0.103621 0.271877 0.101846 0.271151 0.101039 0.269820 0.098135 0.269699 0.096845 0.269941 0.095231 0.270425 0.095070 0.270909 0.094586 0.271877 0.094586 0.272361 0.094425 0.272724 0.094102 0.273450 0.093941 0.275144 0.092489 0.275991 0.091037 0.276233 0.090230 0.276596 0.089746 0.278169 0.089746 0.279379 0.090230 0.279863 0.090230 0.281436 0.091521 0.282283 0.092489 0.282646 0.093134 0.282767 0.093941 0.283977 0.097329 0.284098 0.098135 0.283977 0.099426 0.283372 0.100555 0.282162 0.101846 0.280105 0.103298 0.278774 0.103943 0.278290 0.104104 0.274660 0.104104 0.274055 0.103943
0 0.283977 0.091359 0.283130 0.092005 0.281557 0.091843 0.280226 0.090714 0.278411 0.088939 0.278048 0.087003 0.278048 0.085713 0.278532 0.084584 0.278895 0.084261 0.279137 0.083616 0.280589 0.082325 0.281073 0.082164 0.284582 0.082164 0.285792 0.082486 0.286276 0.082809 0.287123 0.083938 0.287607 0.085068 0.287970 0.085551 0.289906 0.089262 0.290874 0.090230 0.291116 0.090875 0.291721 0.091843 0.292931 0.093134 0.293415 0.093457 0.294141 0.094425 0.294382 0.094909 0.294504 0.096199 0.294141 0.096522 0.293657 0.096683 0.292205 0.096683 0.291600 0.096522 0.290995 0.096038 0.289664 0.094425 0.289180 0.094102 0.288817 0.093457 0.286881 0.092327 0.286155 0.091521 0.285671 0.091521 0.285429 0.092005
0 0.268126 0.094102 0.268610 0.091682 0.269215 0.090553 0.269699 0.089907 0.270667 0.089423 0.271635 0.089262 0.271998 0.088939 0.272119 0.088294 0.272119 0.083293 0.272361 0.082647 0.272724 0.082164 0.272845 0.081357 0.274902 0.078453 0.275749 0.077646 0.276354 0.076678 0.277806 0.076517 0.278895 0.077001 0.279258 0.077485 0.280105 0.078130 0.280589 0.078130 0.281073 0.078453 0.281436 0.078776 0.281678 0.079421 0.281799 0.080228 0.281799 0.082002 0.281557 0.082647 0.279863 0.084422 0.279379 0.085713 0.279379 0.086519 0.279137 0.087165 0.277927 0.088939 0.276838 0.090230 0.275628 0.091198 0.274539 0.092489 0.272119 0.094586 0.271635 0.094747 0.270062 0.094747 0.269699 0.095070 0.269094 0.094909
0 0.283251 0.076678 0.281557 0.076678 0.279258 0.076194 0.276838 0.076194 0.275870 0.075872 0.275628 0.075388 0.275507 0.074581 0.275507 0.073290 0.276112 0.072322 0.276959 0.071677 0.277322 0.071193 0.279742 0.070064 0.280589 0.069418 0.281073 0.068934 0.281557 0.067966 0.283251 0.066030 0.283856 0.065708 0.285187 0.064578 0.285792 0.065224 0.285792 0.076517 0.284219 0.076840
0 0.284461 0.059577 0.283130 0.059900 0.281557 0.059900 0.280831 0.059093 0.280831 0.055867 0.280468 0.054415 0.280347 0.052801 0.280710 0.051995 0.281920 0.051995 0.282283 0.051511 0.282283 0.050381 0.282525 0.048929 0.283009 0.047639 0.284219 0.046832 0.284824 0.046832 0.285913 0.046348 0.287002 0.046348 0.287486 0.046509 0.288091 0.046993 0.288938 0.048607 0.289059 0.049252 0.289059 0.055060 0.288311 0.057671 0.287244 0.058771 0.285671 0.059577
0 0.289301 0.063933 0.288212 0.061674 0.288212 0.055544 0.288333 0.054899 0.289180 0.053931 0.290874 0.053931 0.292568 0.054415 0.293173 0.054415 0.294746 0.055705 0.295471 0.056512 0.296076 0.057480 0.296440 0.057803 0.296681 0.058287 0.296802 0.058932 0.296802 0.059577 0.296319 0.060061 0.294988 0.060384 0.293415 0.061191 0.293052 0.062159 0.293052 0.062965 0.292810 0.063449 0.292326 0.063611 0.290874 0.063611
0 0.288212 0.074742 0.288091 0.073129 0.287365 0.070709 0.287244 0.069418 0.287244 0.066514 0.287365 0.065869 0.287728 0.065224 0.289301 0.063933 0.290632 0.063449 0.291963 0.063449 0.294141 0.062804 0.296560 0.062804 0.297044 0.062965 0.297286 0.063449 0.297407 0.064417 0.297407 0.066514 0.297286 0.067160 0.296924 0.067966 0.295714 0.069257 0.292810 0.071677 0.291963 0.072645 0.290995 0.072645 0.290027 0.072968 0.289180 0.073613
0 0.299948 0.070386 0.298980 0.069580 0.298617 0.068773 0.298496 0.068128 0.298375 0.064417 0.298133 0.062965 0.298133 0.061674 0.298375 0.060868 0.299101 0.060061 0.299343 0.059577 0.301279 0.059255 0.302005 0.058609 0.302973 0.058609 0.304062 0.060384 0.303941 0.062320 0.303215 0.063772 0.301400 0.065385 0.301158 0.065869 0.301037 0.066514 0.301158 0.067160 0.301521 0.067482 0.301763 0.068128 0.301884 0.070225 0.301037 0.071838 0.300553 0.071838
0 0.247435 0.129272 0.248161 0.127820 0.248282 0.127013 0.248766 0.125723 0.249613 0.124916 0.250460 0.123626 0.251912 0.122335 0.253122 0.120238 0.253848 0.118140 0.254211 0.117818 0.254937 0.119754 0.255300 0.121367 0.256147 0.123626 0.256268 0.124271 0.256873 0.125239 0.256994 0.125884 0.258688 0.130079 0.258567 0.130885 0.258204 0.131531 0.256026 0.133144 0.255058 0.133144 0.254695 0.132660 0.254574 0.131369 0.254816 0.130885 0.254090 0.129595 0.253606 0.129433 0.249129 0.129433 0.248645 0.129272
0 0.006770 0.094263 0.005802 0.094263 0.005318 0.093941 0.004471 0.092650 0.004350 0.090875 0.004350 0.086035 0.004713 0.084422 0.005180 0.083684 0.006407 0.082970 0.007133 0.082809 0.007617 0.082970 0.009311 0.084261 0.011247 0.086681 0.011489 0.088133 0.011489 0.090553 0.010884 0.091521 0.010037 0.092327 0.007859 0.093295
0 0.009553 0.107976 0.008585 0.107170 0.007133 0.105556 0.004447 0.103272 0.003866 0.102653 0.003624 0.102169 0.003503 0.101523 0.003503 0.100071 0.003987 0.099103 0.004713 0.098297 0.006528 0.097167 0.007254 0.097006 0.009432 0.094747 0.012457 0.094586 0.012941 0.095393 0.013062 0.096199 0.013546 0.097329 0.013909 0.100555 0.013909 0.103298 0.013304 0.104911 0.013183 0.105556 0.012578 0.106524 0.010521 0.107493
0 0.000236 0.105072 0.000236 0.094909 0.002656 0.095554 0.003866 0.095554 0.004350 0.095715 0.004713 0.096038 0.004955 0.096522 0.005197 0.097813 0.005076 0.099265 0.003503 0.101685 0.003261 0.103137 0.002898 0.103459 0.002777 0.104104 0.002535 0.104589 0.002172 0.104911 0.001204 0.105072
0 0.010763 0.071516 0.009553 0.069902 0.008948 0.068450 0.008585 0.067966 0.007738 0.067321 0.007133 0.066353 0.005923 0.065062 0.005681 0.064578 0.005439 0.063288 0.007375 0.058609 0.008222 0.056996 0.008827 0.056673 0.010763 0.056673 0.011247 0.056835 0.011973 0.057480 0.012941 0.059739 0.013062 0.060384 0.013909 0.062159 0.015240 0.064417 0.015361 0.065062 0.016329 0.066192 0.016934 0.067805 0.016934 0.068612 0.016813 0.069257 0.016571 0.069741 0.016571 0.070386 0.016208 0.071032 0.016087 0.071838 0.015482 0.073129 0.015119 0.073452 0.014635 0.073613 0.011973 0.073613 0.010884 0.073129
0 0.008706 0.075710 0.007738 0.075226 0.004834 0.073129 0.002172 0.070225 0.001204 0.070064 0.000841 0.069418 0.000720 0.067805 0.001204 0.066514 0.003019 0.063933 0.003503 0.063611 0.005318 0.063611 0.006528 0.064417 0.007419 0.065444 0.009190 0.067966 0.011005 0.071193 0.011126 0.072000 0.011489 0.072645 0.011731 0.073936 0.011731 0.074581 0.011368 0.075388 0.011005 0.075710 0.009916 0.076033
0 0.070791 0.036372 0.068836 0.032805 0.067602 0.029924 0.067087 0.029101 0.066676 0.027729 0.065956 0.026632 0.065750 0.026083 0.065750 0.024848 0.066058 0.024162 0.067087 0.022791 0.068116 0.022242 0.069454 0.022379 0.069865 0.022653 0.071409 0.025534 0.073878 0.028690 0.074804 0.030199 0.074701 0.032531 0.074392 0.032942 0.074392 0.033491 0.073878 0.034589 0.073672 0.036646 0.073466 0.037195 0.072232 0.037469 0.071717 0.037058
0 0.024697 0.003173 0.024285 0.006191 0.024182 0.008798 0.023771 0.010032 0.022433 0.012090 0.022330 0.012639 0.022639 0.013325 0.024491 0.014697 0.025314 0.014971 0.027578 0.016343 0.028298 0.017166 0.030356 0.017166 0.032825 0.016206 0.034368 0.014559 0.035809 0.013599 0.036323 0.012913 0.037455 0.012364 0.038587 0.012364 0.039513 0.011953 0.040953 0.010718 0.041468 0.010444 0.041776 0.010032 0.041879 0.009484 0.040645 0.007426 0.038793 0.005505 0.037455 0.004408 0.036941 0.003173 0.035706 0.001527 0.035603 0.000978 0.034986 0.000566 0.033648 0.000566 0.033340 0.000978 0.032414 0.001115 0.031282 0.002487 0.031282 0.003173 0.030973 0.004545 0.030973 0.007563 0.030356 0.007837 0.029841 0.007837 0.029018 0.007151 0.028710 0.006603 0.028710 0.002075 0.028607 0.001527 0.026240 0.000566 0.025211 0.000429 0.024800 0.000841 0.024800 0.001938
0 0.010601 0.014285 0.009572 0.013599 0.008852 0.012776 0.008235 0.011816 0.007411 0.009895 0.006794 0.008935 0.005251 0.007563 0.004736 0.007289 0.004428 0.006877 0.003193 0.004545 0.002576 0.003722 0.002370 0.003173 0.001752 0.001115 0.001855 0.000566 0.002267 0.000155 0.007103 0.000292 0.007206 0.000978 0.007514 0.001664 0.008235 0.002487 0.008749 0.003584 0.009881 0.005231 0.012247 0.007426 0.012865 0.008249 0.012865 0.008798 0.013070 0.009484 0.013070 0.011267 0.012762 0.011953 0.011630 0.013325
0 0.235620 0.000155 0.235304 0.001293 0.235209 0.002350 0.235517 0.004545 0.235929 0.005642 0.236341 0.006054 0.236443 0.010032 0.236855 0.011130 0.237472 0.010992 0.238810 0.010032 0.239839 0.008386 0.241073 0.007014 0.242205 0.006054 0.243234 0.004682 0.243954 0.003036 0.244572 0.000429
0 0.244675 0.090972 0.243440 0.090423 0.242925 0.090012 0.241999 0.088777 0.241691 0.088228 0.241691 0.087542 0.241485 0.086994 0.241691 0.086445 0.242102 0.086445 0.243851 0.085073 0.244160 0.084661 0.244572 0.084524 0.245498 0.083838 0.246527 0.083290 0.247761 0.083015 0.248379 0.083290 0.249408 0.084799 0.250848 0.087817 0.250951 0.088365 0.250745 0.088914 0.248379 0.090560 0.247144 0.091109 0.245601 0.091384
0 0.276159 0.068062 0.274512 0.068199 0.273484 0.066964 0.272763 0.065730 0.272763 0.065181 0.271837 0.063946 0.271837 0.063398 0.272352 0.062712 0.274410 0.061477 0.274821 0.061477 0.275233 0.060928 0.275747 0.060654 0.278525 0.060379 0.278937 0.059968 0.279142 0.060517 0.279142 0.063260 0.278834 0.064769 0.278114 0.066416 0.276982 0.067513
0 0.291489 0.136929 0.289740 0.136243 0.288094 0.134871 0.286139 0.132814 0.284184 0.131030 0.282332 0.128698 0.281612 0.128012 0.281303 0.126915 0.281303 0.125680 0.281509 0.125131 0.283052 0.122388 0.283670 0.121564 0.284390 0.120879 0.284904 0.120604 0.285316 0.120604 0.285728 0.121153 0.286756 0.122662 0.287682 0.124582 0.288711 0.125817 0.291284 0.125954 0.291386 0.127052 0.291284 0.127738 0.290975 0.128287 0.290975 0.130070 0.291489 0.132128 0.292518 0.135009 0.292518 0.136106 0.292312 0.136655
0 0.314948 0.165738 0.314228 0.164915 0.313302 0.162309 0.313302 0.159702 0.313096 0.157919 0.313199 0.157370 0.314742 0.155312 0.315668 0.154626 0.316594 0.154215 0.318858 0.154078 0.321842 0.152706 0.322253 0.152706 0.323488 0.154763 0.323591 0.155998 0.322768 0.157370 0.321327 0.159291 0.321121 0.159839 0.320093 0.161486 0.319064 0.162720 0.318035 0.163681 0.317315 0.164641 0.315977 0.165601
0 0.307746 0.187962 0.308157 0.185768 0.309289 0.183024 0.309701 0.181652 0.310009 0.181240 0.310627 0.179183 0.311141 0.176713 0.311553 0.175616 0.312273 0.174655 0.313096 0.174107 0.314434 0.173969 0.317829 0.175616 0.318241 0.175616 0.320916 0.176576 0.321842 0.177536 0.321945 0.178085 0.321945 0.180554 0.321739 0.182063 0.320813 0.184533 0.320504 0.185082 0.319167 0.186591 0.317315 0.189746 0.316286 0.191118 0.315874 0.191255 0.314536 0.191255 0.313199 0.191529 0.312685 0.191804 0.310318 0.191941 0.309804 0.192352 0.307952 0.192352 0.306820 0.190843 0.306717 0.189746 0.306923 0.189060
0 0.282949 0.183298 0.282023 0.182749 0.281818 0.182063 0.280789 0.180692 0.280480 0.179868 0.279657 0.178634 0.278319 0.176027 0.278217 0.175479 0.277188 0.173421 0.275644 0.171363 0.275130 0.170128 0.275233 0.169442 0.276262 0.168756 0.277805 0.168071 0.281200 0.165738 0.289740 0.165738 0.291181 0.165327 0.291386 0.166287 0.291386 0.167796 0.291181 0.168482 0.289740 0.171774 0.288711 0.174793 0.288197 0.180006 0.287271 0.181652 0.286036 0.182749 0.285007 0.183161 0.284081 0.183161
0 0.298692 0.170540 0.296325 0.170403 0.295914 0.170128 0.295605 0.169717 0.295605 0.166561 0.295811 0.165738 0.296119 0.165327 0.296531 0.165190 0.297560 0.164366 0.299103 0.162309 0.299926 0.162034 0.300749 0.163269 0.300955 0.163818 0.300955 0.169717 0.300852 0.170265 0.299515 0.170540
0 0.305791 0.168619 0.302087 0.166561 0.301778 0.166150 0.301881 0.165601 0.302190 0.165190 0.303116 0.164504 0.304145 0.163955 0.305174 0.163681 0.306100 0.163132 0.306717 0.161897 0.307026 0.160800 0.307334 0.160388 0.307334 0.159839 0.307540 0.159291 0.307952 0.159016 0.310524 0.159016 0.311450 0.160251 0.311861 0.161348 0.312273 0.162857 0.312273 0.164092 0.312067 0.164641 0.309186 0.167659 0.307849 0.169442 0.307437 0.169717 0.306820 0.169580
0 0.252700 0.150785 0.252700 0.148864 0.252597 0.148316 0.252083 0.148041 0.248379 0.148041 0.247555 0.147218 0.247453 0.145984 0.247555 0.144749 0.248276 0.143789 0.248893 0.143240 0.250334 0.142417 0.253111 0.141456 0.255890 0.141456 0.256610 0.142279 0.256610 0.144612 0.255787 0.146944 0.255787 0.148453 0.255992 0.149550 0.255890 0.150785 0.255066 0.151197 0.253523 0.151197
0 0.206708 0.197977 0.205577 0.197703 0.204651 0.197291 0.204239 0.196880 0.203827 0.196331 0.203519 0.194685 0.203519 0.193999 0.203313 0.193450 0.203313 0.192901 0.204239 0.190706 0.204548 0.190295 0.205885 0.190157 0.206194 0.189609 0.206194 0.187825 0.206400 0.187277 0.206400 0.186728 0.207429 0.186316 0.208458 0.186316 0.209589 0.186591 0.210001 0.187002 0.211647 0.189609 0.213499 0.191666 0.213808 0.193176 0.213808 0.196194 0.212676 0.198389 0.212676 0.198937 0.212161 0.199898 0.211750 0.200172 0.209178 0.200172 0.207737 0.199486 0.207326 0.199074
0 0.227080 0.245443 0.226052 0.244072 0.225640 0.243111 0.224920 0.242151 0.224920 0.241602 0.224714 0.241053 0.224611 0.240230 0.224611 0.239407 0.224920 0.238721 0.225846 0.237898 0.226978 0.236526 0.229035 0.234606 0.229550 0.233508 0.230270 0.232685 0.232636 0.232685 0.233460 0.232548 0.233974 0.232274 0.234797 0.232274 0.236238 0.233234 0.236546 0.233645 0.236958 0.234880 0.236958 0.236115 0.236752 0.236801 0.235826 0.237624 0.234694 0.237624 0.233871 0.238035 0.233357 0.239270 0.233357 0.239956 0.232945 0.241877 0.231710 0.244620 0.231196 0.245306 0.230373 0.246129 0.229447 0.246404 0.228006 0.246404
0 0.224920 0.234331 0.223068 0.233783 0.222039 0.232822 0.220804 0.231176 0.219878 0.231039 0.219467 0.230764 0.219055 0.230353 0.218746 0.229530 0.218541 0.227609 0.219261 0.225414 0.219775 0.224317 0.220393 0.223494 0.221319 0.223082 0.224302 0.223082 0.224714 0.222945 0.225023 0.222533 0.225949 0.222122 0.227286 0.222122 0.228109 0.223082 0.228624 0.224454 0.229344 0.225414 0.229550 0.226100 0.230270 0.226786 0.231093 0.228569 0.231608 0.230490 0.231608 0.231725 0.229961 0.232548 0.228006 0.233920 0.226052 0.234057
0 0.219981 0.254909 0.218952 0.255184 0.217615 0.255184 0.216586 0.254361 0.216277 0.253949 0.215248 0.251754 0.215042 0.249696 0.215351 0.249285 0.216791 0.248873 0.217820 0.248873 0.220804 0.248187 0.221319 0.247913 0.221936 0.247090 0.222553 0.247090 0.223274 0.248873 0.223274 0.250108 0.222862 0.251754 0.222450 0.252166 0.222245 0.252851 0.221524 0.253675 0.220701 0.254223
0 0.210824 0.243934 0.209898 0.242974 0.209692 0.242425 0.209075 0.240230 0.208972 0.238310 0.210824 0.237212 0.212367 0.234880 0.212779 0.234743 0.215660 0.234880 0.216586 0.235429 0.216894 0.235978 0.216689 0.236663 0.216071 0.237487 0.215660 0.237761 0.215248 0.238447 0.214322 0.239133 0.212779 0.242151 0.212573 0.243386 0.212059 0.245169 0.211750 0.245581 0.211235 0.245581
0 0.220598 0.285913 0.221833 0.286736 0.224302 0.287559 0.224714 0.287971 0.224920 0.288520 0.225434 0.288794 0.226257 0.288383 0.226566 0.287971 0.226566 0.277819 0.226154 0.276585 0.225743 0.276036 0.225743 0.275350 0.224817 0.274115 0.223891 0.274115 0.223171 0.274252 0.221936 0.275487 0.221627 0.276036 0.221524 0.276722 0.221113 0.277271 0.220907 0.277956 0.220907 0.278505 0.220598 0.279191 0.220598 0.280289 0.220290 0.281112 0.220084 0.282621 0.220084 0.284541
0 0.227389 0.313625 0.225640 0.313625 0.224508 0.312253 0.224097 0.310470 0.224097 0.308275 0.224405 0.307726 0.225640 0.306628 0.226566 0.306080 0.226978 0.306080 0.227389 0.305668 0.228212 0.305256 0.228624 0.305119 0.229961 0.305119 0.230476 0.305394 0.230887 0.305394 0.232842 0.307726 0.233048 0.308823 0.233048 0.311704 0.232842 0.312527 0.232328 0.313488 0.231813 0.313762 0.228315 0.314036
0 0.277188 0.222122 0.275233 0.220064 0.274718 0.218829 0.274615 0.217046 0.275233 0.216086 0.275747 0.215674 0.276467 0.215674 0.277393 0.215400 0.279554 0.215262 0.280171 0.215537 0.280789 0.216497 0.281200 0.216772 0.281509 0.218006 0.281406 0.219652 0.280995 0.220201 0.278937 0.221985 0.278114 0.221985
0 0.277393 0.256281 0.276056 0.255869 0.275336 0.255321 0.274101 0.253949 0.273278 0.252166 0.273072 0.250794 0.273175 0.250108 0.273484 0.249559 0.273586 0.248736 0.274410 0.246952 0.276056 0.246404 0.278525 0.246129 0.279040 0.246266 0.279348 0.246952 0.279760 0.247364 0.280069 0.248461 0.281200 0.250656 0.281612 0.252028 0.281715 0.253126 0.281509 0.253675 0.279245 0.255046 0.278834 0.255458 0.278319 0.255458
0 0.291901 0.286050 0.291078 0.283993 0.290152 0.282758 0.289431 0.282209 0.288094 0.281661 0.287682 0.281249 0.285625 0.281249 0.283875 0.280151 0.283567 0.279740 0.282847 0.277408 0.282949 0.276859 0.283258 0.276310 0.287888 0.276036 0.288608 0.275350 0.291181 0.270411 0.291592 0.270137 0.292930 0.270274 0.293547 0.270686 0.293959 0.270686 0.295914 0.272332 0.297354 0.273155 0.297663 0.273566 0.297663 0.275350 0.296737 0.275761 0.296222 0.276310 0.294370 0.277271 0.294885 0.277545 0.296634 0.277682 0.297663 0.278094 0.299103 0.279054 0.299515 0.279054 0.300132 0.278780 0.300955 0.277271 0.301675 0.276722 0.303630 0.275761 0.305071 0.275624 0.305071 0.276447 0.304556 0.277271 0.304248 0.278094 0.303424 0.279328 0.303424 0.280426 0.304145 0.281935 0.304556 0.282209 0.305482 0.283444 0.306511 0.284267 0.306408 0.284953 0.305688 0.286050 0.304865 0.287011 0.303630 0.287697 0.302807 0.288383 0.301470 0.289069 0.300132 0.289069 0.298589 0.289617 0.295296 0.289617 0.294679 0.289480 0.294061 0.288520
0 0.419804 0.209304 0.417147 0.209107 0.413752 0.208320 0.413457 0.207926 0.412276 0.207139 0.410800 0.204974 0.410209 0.203596 0.409619 0.201628 0.408881 0.200841 0.408438 0.200053 0.407405 0.197101 0.406962 0.197101 0.406519 0.197495 0.406076 0.198085 0.405928 0.198676 0.405338 0.199856 0.404452 0.201037 0.403714 0.201431 0.403419 0.201825 0.402681 0.201628 0.402386 0.201234 0.401795 0.199660 0.401795 0.197101 0.402829 0.195723 0.402976 0.195133 0.403862 0.194346 0.404600 0.193361 0.406519 0.191590 0.407700 0.191787 0.408585 0.192968 0.409471 0.194542 0.410062 0.195133 0.410504 0.195330 0.411095 0.196117 0.412571 0.196904 0.413457 0.197691 0.413900 0.197888 0.416114 0.197888 0.416557 0.198282 0.417590 0.198282 0.419952 0.198676 0.423790 0.198676 0.424232 0.198872 0.425413 0.198872 0.426004 0.198676 0.427037 0.198676 0.427480 0.198479 0.428070 0.199069 0.428218 0.200447 0.428218 0.202809 0.427628 0.205564 0.427037 0.206548 0.426447 0.206942 0.424380 0.207532 0.422018 0.207729 0.418328 0.210288
0 0.379240 0.225332 0.378706 0.224722 0.376190 0.222893 0.373903 0.222181 0.371997 0.221368 0.371463 0.220148 0.371463 0.219436 0.371616 0.218725 0.372378 0.216895 0.374131 0.215675 0.375046 0.215370 0.377181 0.215370 0.379621 0.215980 0.381984 0.216997 0.382747 0.217912 0.383280 0.218928 0.385796 0.220453 0.385873 0.221063 0.385873 0.221673 0.385415 0.222283 0.382899 0.223096 0.382594 0.223502 0.382594 0.224722 0.382365 0.225332 0.381984 0.225739 0.380002 0.225637
0 0.372454 0.199614 0.371921 0.195751 0.371311 0.193210 0.370548 0.191583 0.370015 0.189754 0.370015 0.189042 0.370243 0.188330 0.370701 0.187822 0.373979 0.185789 0.374894 0.185687 0.375733 0.186196 0.378096 0.188635 0.378858 0.189652 0.379011 0.190262 0.379011 0.191787 0.378020 0.193616 0.377791 0.194430 0.377334 0.198191 0.377029 0.199512 0.376342 0.200529 0.375046 0.201240 0.373217 0.201342 0.372683 0.200427
0 0.496827 0.169457 0.493650 0.171490 0.492380 0.171998 0.491363 0.172168 0.490982 0.172506 0.490474 0.173692 0.489839 0.173862 0.488822 0.173692 0.488314 0.173015 0.488060 0.170982 0.488060 0.168101 0.488949 0.166407 0.489330 0.166068 0.490093 0.164882 0.490728 0.164544 0.491999 0.163358 0.492380 0.163188 0.493142 0.162172 0.493905 0.161663 0.494540 0.161663 0.495811 0.163019 0.496192 0.163188 0.497717 0.165729 0.497717 0.167085 0.497335 0.168101
0 0.499623 0.175556 0.499114 0.174201 0.499114 0.170304 0.498987 0.169626 0.498987 0.166746 0.498860 0.165560 0.498987 0.165052 0.499877 0.163358 0.500258 0.163188 0.502037 0.163188 0.502672 0.162849 0.503816 0.162680 0.506230 0.162680 0.507120 0.162511 0.507374 0.163188 0.507374 0.166068 0.507247 0.166746 0.506865 0.167424 0.506611 0.168271 0.506230 0.168779 0.506103 0.169457 0.505341 0.171490 0.505214 0.172337 0.504578 0.174031 0.504070 0.174370 0.503689 0.175048 0.503308 0.175217 0.501529 0.177250 0.500385 0.177081
0 0.514998 0.136758 0.515252 0.139638 0.516268 0.141333 0.516777 0.141841 0.518047 0.142519 0.518556 0.142688 0.519572 0.142688 0.520335 0.143535 0.521097 0.144043 0.523892 0.143874 0.525544 0.143196 0.526688 0.142519 0.526942 0.142010 0.527323 0.141841 0.527450 0.140655 0.526815 0.138961 0.526815 0.138283 0.526053 0.134047 0.526053 0.131845 0.525671 0.130151 0.525671 0.127609 0.525290 0.127271 0.523130 0.126424 0.521605 0.126424 0.518683 0.129812 0.518556 0.130320 0.517158 0.132692 0.516777 0.133031 0.516395 0.134047 0.516014 0.134386 0.515506 0.135403
0 0.513600 0.111684 0.512838 0.110159 0.512710 0.108634 0.512329 0.107109 0.512329 0.106432 0.511821 0.105585 0.511821 0.103721 0.511948 0.103213 0.513092 0.102535 0.513600 0.102535 0.513981 0.102196 0.515125 0.102027 0.515887 0.101518 0.516522 0.101688 0.516777 0.102366 0.517158 0.102704 0.517539 0.103721 0.518683 0.104229 0.519064 0.104568 0.520080 0.106771 0.520080 0.107448 0.519572 0.109651 0.519191 0.110159 0.517539 0.111176 0.516777 0.111345 0.515633 0.112023 0.514616 0.112023
0 0.468110 0.097452 0.469254 0.096944 0.471033 0.096436 0.472557 0.095758 0.472939 0.095250 0.473447 0.095250 0.475480 0.094233 0.475480 0.092708 0.475226 0.091353 0.474336 0.089489 0.473066 0.089489 0.469889 0.088981 0.467348 0.088981 0.466966 0.089151 0.466585 0.090167 0.466585 0.091014 0.465950 0.093217 0.465442 0.094403 0.465442 0.095080 0.466077 0.096775 0.466458 0.097283 0.466839 0.097452
0 0.487678 0.112192 0.485899 0.110498 0.484629 0.109820 0.483866 0.108634 0.483866 0.107109 0.484120 0.106432 0.486408 0.104399 0.487170 0.103890 0.489076 0.103043 0.489457 0.102535 0.490220 0.102027 0.491999 0.101349 0.493142 0.101518 0.493650 0.102196 0.493778 0.102704 0.493778 0.105585 0.493650 0.106093 0.493142 0.106432 0.493015 0.107109 0.491872 0.109142 0.491490 0.109481 0.491109 0.110159 0.490347 0.110837 0.489839 0.110837 0.488568 0.111514
0 0.468618 0.118461 0.470397 0.114903 0.470778 0.114733 0.471541 0.114733 0.472049 0.114225 0.473828 0.113039 0.474209 0.112361 0.475099 0.111684 0.476369 0.111006 0.477132 0.110328 0.477386 0.109481 0.477386 0.105754 0.477259 0.104907 0.476878 0.103721 0.475988 0.102027 0.475480 0.102027 0.474972 0.101688 0.473320 0.101688 0.470524 0.102535 0.469889 0.102535 0.469635 0.103043 0.469127 0.103043 0.468745 0.103551 0.468237 0.103721 0.467729 0.104399 0.465442 0.106601 0.464679 0.107618 0.464044 0.108973 0.463663 0.109142 0.463409 0.109651 0.463154 0.112870 0.463282 0.113547 0.464171 0.114733 0.464171 0.115411 0.464679 0.116428 0.465060 0.117952 0.465442 0.118461 0.465696 0.119138 0.466077 0.119647 0.467602 0.119647
0 0.543969 0.051369 0.543079 0.050183 0.542317 0.047981 0.541555 0.046795 0.540665 0.044254 0.540157 0.041543 0.540157 0.039849 0.540792 0.037985 0.541809 0.035952 0.541936 0.035444 0.542317 0.034766 0.543079 0.033919 0.543588 0.034088 0.543969 0.034766 0.544096 0.035274 0.544858 0.036291 0.544985 0.036799 0.545367 0.037138 0.546129 0.038663 0.546256 0.039510 0.546256 0.042559 0.546510 0.043237 0.547273 0.044254 0.549179 0.046117 0.549560 0.047134 0.549814 0.048997 0.549814 0.050522 0.549560 0.051369 0.549179 0.052047 0.546891 0.053233 0.545621 0.053233 0.545240 0.052725 0.544731 0.052386
0 0.537743 0.057130 0.537616 0.054080 0.537107 0.051031 0.537107 0.050353 0.536853 0.049675 0.536726 0.048828 0.536726 0.046626 0.536853 0.046117 0.537616 0.046117 0.538505 0.046456 0.539522 0.047303 0.540030 0.047981 0.541301 0.048828 0.542317 0.049167 0.543079 0.049675 0.543715 0.050522 0.545621 0.051539 0.546764 0.052725 0.546891 0.053233 0.547273 0.053741 0.547400 0.054419 0.547273 0.055097 0.546891 0.055605 0.546002 0.056113 0.544985 0.056283 0.540411 0.056283 0.538759 0.056960
0 0.538378 0.065770 0.537234 0.064923 0.536853 0.064415 0.536345 0.063398 0.534947 0.059671 0.534566 0.059163 0.534312 0.057977 0.533168 0.054588 0.532914 0.053233 0.532914 0.051031 0.533295 0.050692 0.535964 0.050692 0.536345 0.050522 0.537489 0.051031 0.537997 0.051878 0.538759 0.052555 0.539776 0.054419 0.540284 0.055944 0.541046 0.057130 0.541428 0.058655 0.541428 0.064415 0.541046 0.065431 0.540665 0.065770 0.539649 0.065770 0.539522 0.065262
0 0.459470 0.041712 0.458961 0.040526 0.458834 0.037646 0.458834 0.035444 0.459470 0.034427 0.459470 0.031378 0.459724 0.030700 0.460359 0.029683 0.461376 0.029344 0.462519 0.029344 0.464044 0.030531 0.465696 0.032225 0.466331 0.032564 0.467221 0.033749 0.468237 0.034427 0.469127 0.035444 0.471033 0.036630 0.471160 0.038154 0.470397 0.040018 0.469635 0.041204 0.468872 0.041543 0.467602 0.042559 0.461121 0.042559 0.460486 0.042390
0 0.433802 0.122866 0.431896 0.122866 0.430880 0.122696 0.429609 0.121849 0.428846 0.120833 0.428592 0.119816 0.428084 0.119308 0.427957 0.118461 0.427957 0.116936 0.428084 0.116258 0.428465 0.115581 0.429355 0.114564 0.430371 0.114056 0.430752 0.113547 0.432023 0.112700 0.432531 0.112531 0.433040 0.112023 0.433675 0.111853 0.434056 0.111514 0.434946 0.111176 0.436216 0.111176 0.437741 0.113039 0.439520 0.114564 0.440918 0.115072 0.444349 0.115072 0.444857 0.115242 0.445238 0.115581 0.445619 0.116597 0.445619 0.117614 0.444603 0.118461 0.443205 0.119985 0.442443 0.120494 0.441299 0.120663 0.440028 0.121341 0.439520 0.121341 0.439139 0.121680 0.437995 0.121680 0.437233 0.122188 0.436343 0.122357 0.435708 0.122696 0.435073 0.122696
0 0.376368 0.122866 0.372810 0.119647 0.372429 0.118799 0.371666 0.117783 0.371412 0.116597 0.370904 0.116089 0.370142 0.114395 0.370269 0.113886 0.372048 0.113378 0.378274 0.113209 0.378782 0.112870 0.379926 0.112700 0.382086 0.112700 0.382848 0.114056 0.383357 0.115750 0.384119 0.117614 0.384627 0.120833 0.384627 0.121680 0.383738 0.122357 0.381705 0.122527 0.380815 0.122866 0.377893 0.123374
0 0.368109 0.136589 0.366965 0.137097 0.365694 0.137097 0.365186 0.136758 0.363788 0.136250 0.362645 0.135403 0.361374 0.134725 0.360993 0.134217 0.359468 0.133200 0.359214 0.132523 0.359341 0.131167 0.360357 0.129473 0.362009 0.127440 0.366838 0.123882 0.367600 0.124221 0.367799 0.124486 0.368490 0.126254 0.368871 0.126593 0.369633 0.126593 0.370142 0.126932 0.374335 0.127101 0.374716 0.127440 0.375860 0.127779 0.376495 0.127779 0.378655 0.128287 0.380180 0.129473 0.380561 0.130659 0.380688 0.131845 0.380688 0.135742 0.380561 0.136589 0.380434 0.137267 0.379545 0.138453 0.378401 0.139300 0.375860 0.139300 0.374462 0.138453 0.373572 0.138114 0.373064 0.138114 0.372556 0.137775 0.371539 0.137775 0.370396 0.137267 0.369379 0.137267
0 0.340408 0.368359 0.340408 0.364970 0.340916 0.363615 0.342949 0.362598 0.343712 0.362429 0.344982 0.361582 0.345237 0.360565 0.345618 0.360396 0.346634 0.360396 0.347015 0.360565 0.347397 0.361073 0.347905 0.362259 0.348286 0.362598 0.349430 0.364631 0.350573 0.367173 0.351717 0.369206 0.352479 0.370222 0.352733 0.370731 0.352733 0.371747 0.351082 0.373780 0.350192 0.374458 0.349938 0.374966 0.349557 0.375305 0.347778 0.375305 0.346761 0.374966 0.344474 0.372594 0.342060 0.371747 0.341297 0.370900 0.340408 0.370561 0.340027 0.369883
0 0.367219 0.360396 0.365313 0.358193 0.364551 0.356499 0.364042 0.353958 0.363534 0.353449 0.363407 0.352772 0.362772 0.351247 0.362772 0.349044 0.363661 0.347350 0.364678 0.345825 0.365440 0.345148 0.366584 0.344639 0.366965 0.344131 0.367346 0.343962 0.367854 0.344131 0.368236 0.344470 0.369252 0.346503 0.369633 0.346842 0.370523 0.348367 0.370650 0.348875 0.370650 0.352772 0.370523 0.353619 0.370015 0.355821 0.369379 0.357346 0.368744 0.361582 0.368490 0.362090 0.367981 0.362090
0 0.452481 0.367003 0.450956 0.366156 0.449558 0.364293 0.448415 0.361243 0.448415 0.358871 0.448669 0.358363 0.449304 0.357854 0.450829 0.357177 0.450956 0.356668 0.451337 0.356160 0.452989 0.355821 0.454387 0.355821 0.455022 0.356330 0.455657 0.360226 0.456039 0.361243 0.456166 0.362090 0.456928 0.364801 0.457182 0.365478 0.457691 0.365987 0.458453 0.366326 0.458707 0.366834 0.458707 0.367681 0.457945 0.368359 0.457436 0.368528 0.456801 0.369036 0.454895 0.369036 0.454006 0.368697 0.453497 0.368189
0 0.510042 0.345995 0.509026 0.346503 0.507755 0.346503 0.505468 0.344809 0.505341 0.344301 0.504705 0.343284 0.504578 0.342606 0.503816 0.341420 0.503435 0.341082 0.502291 0.340743 0.500766 0.340573 0.500385 0.340404 0.500258 0.339896 0.500258 0.338032 0.500766 0.336338 0.501147 0.335491 0.501656 0.334982 0.501783 0.334305 0.502545 0.333119 0.503308 0.331255 0.504070 0.330408 0.504832 0.330069 0.506484 0.330069 0.508517 0.331424 0.509915 0.331933 0.510296 0.332441 0.510677 0.332611 0.511059 0.333119 0.513219 0.338879 0.514616 0.339387 0.514998 0.339896 0.515379 0.341590 0.515252 0.342268 0.514616 0.343623 0.513854 0.344470 0.511059 0.346503
0 0.555786 0.294999 0.554515 0.295168 0.553880 0.294660 0.551720 0.293474 0.549941 0.291780 0.548797 0.290086 0.548035 0.289408 0.547781 0.288391 0.547781 0.286866 0.549687 0.283986 0.550576 0.283647 0.551085 0.283647 0.551847 0.282800 0.552228 0.281784 0.552736 0.281276 0.553372 0.280259 0.554134 0.279751 0.554643 0.279751 0.555151 0.279412 0.555913 0.279242 0.561377 0.279242 0.561885 0.279073 0.570653 0.279073 0.571542 0.278734 0.572051 0.283309 0.572305 0.291780 0.572559 0.292457 0.572559 0.294490 0.572686 0.294999 0.572559 0.295507 0.571415 0.295676 0.571034 0.296185 0.570018 0.296524 0.563029 0.296524 0.560996 0.296354 0.559852 0.296015 0.558200 0.295168 0.557184 0.295168
0 0.940671 0.168610 0.941942 0.167932 0.942577 0.167763 0.944102 0.167763 0.946516 0.166746 0.947406 0.166068 0.948295 0.163696 0.948549 0.161833 0.949058 0.160647 0.951472 0.158106 0.951599 0.157428 0.951853 0.156920 0.951853 0.156072 0.952361 0.155734 0.952361 0.154378 0.951980 0.153701 0.951599 0.153531 0.950964 0.153701 0.948676 0.154717 0.948295 0.155225 0.947787 0.155225 0.947406 0.155564 0.946389 0.155734 0.945500 0.156581 0.945119 0.156750 0.944483 0.157767 0.943848 0.158275 0.942959 0.158444 0.941561 0.159122 0.941180 0.159461 0.939782 0.162172 0.938892 0.163188 0.939019 0.165391 0.939655 0.167593
0 0.960112 0.289408 0.959985 0.287883 0.960112 0.287036 0.960367 0.286528 0.960621 0.285342 0.961256 0.284156 0.961891 0.282123 0.963035 0.279920 0.963543 0.278565 0.963670 0.277040 0.963924 0.276532 0.964052 0.275854 0.965576 0.272635 0.966212 0.271618 0.966720 0.271110 0.967101 0.269585 0.967864 0.268399 0.968753 0.267891 0.970024 0.267891 0.970913 0.267552 0.972565 0.267552 0.972946 0.268230 0.973200 0.269247 0.973200 0.281953 0.972946 0.283309 0.972311 0.285511 0.971549 0.286019 0.971167 0.286528 0.970024 0.286866 0.968753 0.287544 0.967101 0.290086 0.966593 0.290424 0.965830 0.291271 0.965068 0.291780 0.964560 0.291949 0.963416 0.291780 0.961383 0.290424
0 0.983239 0.301098 0.981714 0.298557 0.980824 0.298218 0.980316 0.296524 0.980316 0.292966 0.980570 0.291949 0.980570 0.291271 0.981333 0.289577 0.982603 0.288730 0.983747 0.288899 0.986288 0.290424 0.987051 0.290763 0.987559 0.290763 0.987940 0.291102 0.988194 0.291780 0.988321 0.308044 0.988067 0.309400 0.987305 0.310586 0.986796 0.310755 0.985780 0.310755 0.984382 0.309908 0.983493 0.308383 0.983366 0.307875 0.983366 0.302623
0 0.929871 0.257895 0.929235 0.256709 0.929235 0.255184 0.929362 0.254507 0.930252 0.251627 0.931650 0.249085 0.932031 0.248577 0.932539 0.248238 0.933556 0.247899 0.933937 0.247561 0.934445 0.247561 0.935080 0.248746 0.935334 0.249763 0.935334 0.252813 0.934445 0.255015 0.934064 0.255523 0.932793 0.258065 0.932412 0.258573 0.931523 0.259081 0.930125 0.259251
0 0.885778 0.289238 0.884635 0.288052 0.884254 0.287375 0.883237 0.285003 0.882094 0.282970 0.882094 0.282292 0.881712 0.281784 0.880569 0.281276 0.879933 0.280259 0.879679 0.278904 0.879679 0.278226 0.880060 0.277209 0.881077 0.276532 0.881839 0.276362 0.883110 0.275515 0.886668 0.275515 0.887303 0.275685 0.887684 0.276193 0.889718 0.277887 0.890480 0.278734 0.892132 0.279920 0.893530 0.281445 0.893784 0.283986 0.893784 0.287205 0.893911 0.287714 0.893911 0.288561 0.893784 0.289238 0.893530 0.289747 0.892640 0.290424 0.887557 0.290424 0.886922 0.290255
0 0.955284 0.239598 0.954267 0.237565 0.953886 0.237056 0.953759 0.236548 0.952489 0.234854 0.951853 0.234346 0.951599 0.233837 0.950964 0.231804 0.950964 0.229771 0.950837 0.229093 0.950837 0.226891 0.951218 0.226383 0.951726 0.226213 0.952743 0.225536 0.953251 0.225536 0.954013 0.225197 0.955157 0.225366 0.955919 0.226552 0.957317 0.228077 0.958588 0.229771 0.959223 0.230957 0.959858 0.232651 0.959350 0.233668 0.958588 0.234515 0.958206 0.235193 0.957952 0.236887 0.957825 0.239259 0.957444 0.240445 0.956682 0.240953 0.956300 0.240614
0 0.968499 0.155903 0.968753 0.152684 0.969388 0.150651 0.969388 0.147432 0.969515 0.146754 0.970405 0.145060 0.971421 0.144213 0.972184 0.143705 0.972819 0.144043 0.973327 0.144552 0.973709 0.145229 0.974344 0.147093 0.974979 0.148279 0.975360 0.149296 0.975615 0.150481 0.975869 0.150990 0.975869 0.151667 0.976250 0.152345 0.976377 0.153531 0.975869 0.155056 0.975488 0.155395 0.974725 0.155395 0.973073 0.155903 0.972438 0.155903 0.970405 0.156581 0.970024 0.157089 0.969261 0.157089 0.968880 0.157258
0 0.974598 0.294999 0.973327 0.294490 0.972184 0.294321 0.971421 0.293643 0.971167 0.293135 0.969515 0.292288 0.969007 0.289916 0.969007 0.287544 0.969388 0.286189 0.969897 0.285850 0.971549 0.285511 0.973073 0.285681 0.973455 0.286019 0.974090 0.287544 0.974852 0.291271 0.975488 0.292966 0.975488 0.293643
0 0.999884 0.333796 0.998741 0.332780 0.998232 0.331594 0.997089 0.330747 0.996454 0.329900 0.995564 0.329561 0.995564 0.328714 0.995818 0.328206 0.996199 0.327867 0.996962 0.327867 0.998487 0.326850 0.999757 0.324986
0 0.930125 0.500339 0.929108 0.500169 0.928727 0.499153 0.928727 0.496272 0.928346 0.494578 0.928346 0.488479 0.929108 0.486954 0.929235 0.486446 0.929616 0.486277 0.929998 0.485768 0.931395 0.484752 0.932158 0.484413 0.932666 0.484413 0.932920 0.485091 0.933047 0.488310 0.933301 0.490004 0.933556 0.490851 0.933556 0.493392 0.933810 0.494070 0.933810 0.495595 0.934318 0.497120 0.934572 0.500847 0.934318 0.501355 0.932031 0.501186 0.931268 0.500847
0 0.895181 0.541678 0.893784 0.541508 0.892386 0.540661 0.890988 0.540153 0.889590 0.538797 0.888701 0.537273 0.887939 0.535578 0.887557 0.535240 0.887049 0.534054 0.886668 0.533884 0.886541 0.533376 0.886541 0.532529 0.886668 0.532021 0.887049 0.531512 0.887811 0.531343 0.888320 0.531004 0.889336 0.530665 0.892386 0.530665 0.894546 0.531004 0.895563 0.531343 0.898612 0.531343 0.898993 0.531004 0.899502 0.530835 0.899883 0.530326 0.901026 0.530496 0.901408 0.531004 0.901916 0.532868 0.901916 0.535409 0.900010 0.538459 0.897850 0.540322 0.897469 0.540831 0.897087 0.541000 0.896452 0.541000
0 0.908142 0.521516 0.906363 0.521177 0.904966 0.520669 0.901408 0.520839 0.900899 0.521008 0.898866 0.521008 0.897469 0.520330 0.896071 0.518636 0.895944 0.517111 0.895690 0.516603 0.896452 0.515925 0.898231 0.515756 0.898612 0.515417 0.899248 0.515248 0.900391 0.515248 0.900772 0.515078 0.903695 0.515078 0.906490 0.515756 0.908396 0.516603 0.909540 0.516772 0.909921 0.517111 0.910175 0.517959 0.910684 0.518636 0.910811 0.519144 0.910811 0.521516 0.910429 0.522025 0.909286 0.522025
0 0.926948 0.542864 0.926313 0.541508 0.925804 0.539983 0.925042 0.539306 0.924280 0.538967 0.923517 0.538289 0.923136 0.537611 0.922755 0.537273 0.922755 0.535070 0.922882 0.534392 0.923263 0.534054 0.923517 0.533545 0.926567 0.533545 0.927202 0.533715 0.929744 0.536256 0.930125 0.537273 0.930125 0.537950 0.930633 0.539306 0.930760 0.539983 0.930760 0.545066 0.930125 0.546760 0.929744 0.546930 0.928600 0.546930 0.927965 0.546591 0.927710 0.545913 0.927329 0.545574 0.927202 0.545066 0.927202 0.544219
0 0.877138 0.499322 0.879425 0.499322 0.879806 0.498814 0.880569 0.498306 0.880696 0.497458 0.880696 0.492715 0.880569 0.492206 0.879806 0.491359 0.878663 0.490681 0.876248 0.490681 0.875867 0.491190 0.874851 0.493901 0.874851 0.495425 0.874978 0.495934 0.875359 0.496442 0.876121 0.498644
0 0.983747 0.613513 0.982095 0.612327 0.981206 0.611988 0.980062 0.610971 0.979427 0.609955 0.979045 0.609616 0.979045 0.606397 0.979681 0.604872 0.980189 0.604872 0.980697 0.604533 0.982222 0.604364 0.983112 0.603856 0.984636 0.603856 0.986415 0.603347 0.987559 0.603347 0.988067 0.603517 0.989846 0.605042 0.990100 0.605719 0.990990 0.606736 0.991244 0.607752 0.991117 0.608430 0.990354 0.610294 0.989719 0.611310 0.988957 0.611988 0.988321 0.612496 0.986924 0.613174 0.985399 0.613343 0.985018 0.613682
0 0.982349 0.636893 0.981206 0.635876 0.980824 0.635199 0.980697 0.634691 0.980951 0.633843 0.981333 0.633504 0.982476 0.631471 0.983366 0.630455 0.984255 0.629947 0.985399 0.630116 0.985780 0.630455 0.986034 0.630963 0.986161 0.631641 0.986161 0.634691 0.986415 0.635368 0.986415 0.636046 0.986161 0.636724 0.985780 0.637232 0.983366 0.637401
0 0.995310 0.658579 0.993912 0.658071 0.992642 0.656038 0.992133 0.655021 0.991879 0.653666 0.991879 0.652649 0.994039 0.650108 0.994420 0.649769 0.995564 0.649261 0.996326 0.649600 0.997470 0.650616 0.998614 0.652988 0.999249 0.655360 0.999249 0.656207 0.999376 0.656715 0.998995 0.657732 0.998105 0.658579 0.997597 0.658748 0.997216 0.659087 0.996708 0.659087
0 0.978664 0.772600 0.978664 0.768873 0.978537 0.768195 0.978537 0.766162 0.978283 0.765315 0.978283 0.763113 0.978410 0.762266 0.978664 0.761588 0.979045 0.761079 0.980443 0.760402 0.982222 0.759724 0.982730 0.759894 0.982857 0.760571 0.983747 0.762096 0.984509 0.762604 0.985145 0.763790 0.987559 0.766670 0.987813 0.767687 0.987813 0.768534 0.987432 0.769381 0.986415 0.770398 0.984509 0.771584 0.984255 0.772092 0.983366 0.772770 0.982985 0.773278 0.982349 0.773617 0.981206 0.774633 0.980062 0.775311 0.979681 0.775480 0.979173 0.775311 0.978283 0.773956
0 0.999630 0.821902 0.999630 0.812076 0.996199 0.812076 0.995183 0.811737 0.994675 0.811229 0.992896 0.810551 0.992387 0.810551 0.992260 0.811059 0.992260 0.813262 0.992515 0.814448 0.992515 0.815125 0.992769 0.815972 0.992769 0.817836 0.992896 0.818514 0.993150 0.819022 0.993531 0.819361 0.995310 0.819869 0.995818 0.820208 0.997851 0.820886 0.998487 0.820886
0 0.977012 0.866460 0.977139 0.864766 0.977775 0.863749 0.978156 0.863580 0.980316 0.863580 0.981714 0.866630
0 0.927329 0.864258 0.926186 0.863919 0.925804 0.863411 0.925423 0.862394 0.925042 0.862055 0.924788 0.861378 0.923517 0.859853 0.923263 0.859175 0.922247 0.857650 0.921738 0.856464 0.921103 0.855787 0.919705 0.853754 0.918435 0.851043 0.918308 0.850534 0.918308 0.849010 0.918435 0.848501 0.919070 0.847485 0.919451 0.845621 0.919705 0.844944 0.919705 0.844266 0.920214 0.843927 0.920722 0.843927 0.921357 0.844266 0.921865 0.844944 0.922628 0.845452 0.923009 0.846130 0.923390 0.846299 0.923771 0.847316 0.926694 0.851382 0.927075 0.852229 0.927583 0.852229 0.928219 0.853584 0.930252 0.856125 0.931650 0.858667 0.932031 0.859683 0.932412 0.860192 0.932412 0.861716 0.932285 0.862225 0.931395 0.863580 0.931014 0.863749 0.930379 0.864766 0.928727 0.864766 0.928346 0.864597
0 0.894927 0.760741 0.893148 0.759555 0.892005 0.758199 0.891624 0.758030 0.891242 0.757352 0.890861 0.757013 0.890480 0.755997 0.890480 0.753964 0.890734 0.753117 0.891115 0.752608 0.891624 0.750914 0.892386 0.750067 0.893275 0.748542 0.893657 0.748203 0.894292 0.748203 0.895690 0.749728 0.896706 0.751592 0.897469 0.752270 0.897977 0.752439 0.898485 0.753286 0.898612 0.753964 0.898612 0.756336 0.898485 0.756844 0.897723 0.758369 0.897596 0.759046 0.897341 0.759555 0.897087 0.760910 0.896325 0.761418 0.895817 0.761418
0 0.762143 0.749220 0.760999 0.749220 0.759220 0.746679 0.758839 0.746340 0.757060 0.742274 0.757060 0.740241 0.757568 0.739732 0.758585 0.739224 0.759093 0.739224 0.760236 0.738377 0.760745 0.738377 0.761835 0.737883 0.764684 0.737360 0.767861 0.737360 0.767861 0.739902 0.767733 0.741088 0.767479 0.741765 0.767352 0.743290 0.767098 0.743968 0.766590 0.746509 0.766590 0.747526 0.766463 0.748034 0.766209 0.748542 0.765573 0.748881 0.765065 0.748881 0.764557 0.749220 0.763921 0.749220 0.763540 0.749389
0 0.761507 0.757691 0.757060 0.757861 0.756552 0.758199 0.755916 0.758030 0.755281 0.757013 0.755154 0.755658 0.755408 0.754303 0.756552 0.752270 0.756933 0.751253 0.758839 0.748712 0.759474 0.748373 0.762015 0.749051 0.763286 0.749051 0.764176 0.749389 0.767098 0.749389 0.767479 0.749559 0.768877 0.751761 0.770021 0.752608 0.771418 0.753286 0.771672 0.753794 0.771672 0.754472 0.771418 0.754980 0.769258 0.757691 0.767988 0.758877 0.766717 0.759724 0.765827 0.760063 0.765319 0.760063 0.763413 0.758877 0.762778 0.758708 0.762397 0.758369
0 0.776628 0.749898 0.775612 0.749728 0.775230 0.749220 0.774214 0.747187 0.773451 0.746340 0.772435 0.744815 0.772435 0.744137 0.772816 0.743460 0.773324 0.743290 0.773706 0.742951 0.774595 0.742782 0.778026 0.742782 0.779551 0.743290 0.781711 0.743290 0.781965 0.743798 0.781965 0.747526 0.781838 0.748373 0.781330 0.749220 0.779932 0.749728 0.777899 0.749898
0 0.737110 0.784968 0.733298 0.784968 0.732917 0.785137 0.732536 0.784968 0.732663 0.782935 0.732917 0.781918 0.733298 0.781410 0.733934 0.781071 0.736475 0.780394 0.737364 0.779716 0.738127 0.778869 0.739652 0.778530 0.740414 0.778191 0.740922 0.778191 0.741431 0.777514 0.742701 0.777175 0.743464 0.776666 0.745370 0.776328 0.745751 0.776836 0.745878 0.777344 0.745878 0.778869 0.746132 0.779716 0.746005 0.781410 0.745878 0.781918 0.744607 0.783952 0.743337 0.784799 0.741558 0.785137 0.740922 0.786154 0.740160 0.786662 0.739143 0.786662 0.737873 0.786323
0 0.754900 0.817497 0.752867 0.813939 0.751215 0.809704 0.751215 0.806654 0.751342 0.806146 0.753883 0.805299 0.755154 0.805299 0.755662 0.806485 0.756043 0.806824 0.756933 0.806993 0.757314 0.807501 0.757695 0.807671 0.759728 0.810212 0.760364 0.811737 0.760745 0.812245 0.760618 0.813770 0.758330 0.815634 0.757949 0.815803 0.757060 0.816819 0.755916 0.817328
0 0.767988 0.815634 0.765192 0.815634 0.763413 0.814956 0.763032 0.814617 0.762270 0.813431 0.761634 0.811906 0.761253 0.811567 0.760618 0.810551 0.759474 0.809704 0.758839 0.808518 0.758458 0.808348 0.756933 0.806485 0.756552 0.806315 0.756552 0.805468 0.756806 0.804791 0.758458 0.803435 0.758839 0.802927 0.759220 0.802757 0.759855 0.802757 0.760872 0.803605 0.762143 0.804282 0.762397 0.804791 0.762905 0.804960 0.763794 0.805807 0.764430 0.806146 0.765700 0.807332 0.766717 0.808009 0.767861 0.809196 0.768750 0.810551 0.769131 0.810720 0.770021 0.812076 0.770402 0.812414 0.771164 0.813600 0.771037 0.814786 0.770783 0.815295 0.769258 0.816142
0 0.754519 0.851551 0.753375 0.851382 0.750198 0.851382 0.749436 0.850873 0.749182 0.850365 0.749055 0.849518 0.747657 0.846638 0.746895 0.844096 0.746895 0.843249 0.747657 0.842741 0.748419 0.842741 0.749817 0.841894 0.752104 0.842063 0.753248 0.842572 0.754264 0.843419 0.755916 0.845791 0.756297 0.845960 0.757822 0.847316 0.758203 0.847993 0.758585 0.848163 0.758839 0.849179 0.758839 0.852059 0.758330 0.853754 0.757949 0.854262 0.756933 0.854092 0.755408 0.852398
0 0.761126 0.847993 0.758712 0.846977 0.756679 0.845621 0.756170 0.845113 0.755916 0.844435 0.755281 0.843419 0.754773 0.842063 0.754391 0.840708 0.754519 0.840200 0.754900 0.839522 0.756679 0.838506 0.757060 0.837997 0.757568 0.837658 0.759220 0.835286 0.759728 0.834948 0.761634 0.834778 0.762524 0.835286 0.764176 0.835456 0.766844 0.835456 0.767988 0.836303 0.767988 0.837150 0.766971 0.839522 0.765827 0.843419 0.764684 0.845621 0.763921 0.846468 0.763413 0.847654 0.763032 0.848163 0.762651 0.848332
0 0.757060 0.865783 0.757695 0.864088 0.758458 0.862564 0.758839 0.861378 0.758839 0.859006 0.759093 0.858497 0.759093 0.857142 0.759855 0.855956 0.760491 0.855956 0.760872 0.855617 0.761888 0.855617 0.764176 0.856634 0.765065 0.856803 0.767861 0.856803 0.769131 0.857481 0.770021 0.858159 0.770275 0.858667 0.770783 0.858836 0.771164 0.859514 0.771545 0.859853 0.772054 0.861378 0.773197 0.863411 0.774468 0.864088 0.775993 0.864088 0.778026 0.864935 0.780567 0.865444 0.781330 0.866121
0 0.712078 0.849518 0.710808 0.849687 0.702294 0.849687 0.701532 0.849349 0.700388 0.848332 0.699753 0.848163 0.698863 0.847146 0.696195 0.845282 0.695560 0.844266 0.695560 0.842911 0.695433 0.842402 0.695560 0.839691 0.695814 0.838675 0.696576 0.837489 0.696957 0.837320 0.698355 0.835964 0.701150 0.835286 0.702167 0.835286 0.703946 0.835964 0.705852 0.836303 0.707631 0.836981 0.708139 0.837320 0.708647 0.837320 0.709664 0.837658 0.709918 0.838167 0.710935 0.841725 0.712968 0.846299 0.713095 0.847146 0.713095 0.848671
0 0.733552 0.823935 0.734950 0.823596 0.735204 0.823088 0.736729 0.821394 0.737873 0.821224 0.738000 0.820716 0.738000 0.819022 0.737873 0.818175 0.737110 0.815464 0.737110 0.814786 0.737492 0.814278 0.739906 0.812245 0.740541 0.811059 0.741304 0.810212 0.741685 0.810043 0.742320 0.810043 0.742701 0.809704 0.743591 0.809365 0.744353 0.808687 0.746640 0.807501 0.747403 0.806654 0.747530 0.805976 0.748292 0.804452 0.748419 0.803943 0.748419 0.803266 0.748673 0.802080 0.748546 0.800724 0.748292 0.800216 0.747530 0.799538 0.746640 0.799200 0.745878 0.798691 0.744607 0.796489 0.743591 0.795981 0.742447 0.795981 0.742193 0.796489 0.741685 0.796658 0.740922 0.798183 0.739906 0.799538 0.739143 0.800216 0.738127 0.801741 0.737364 0.802419 0.736983 0.802588 0.736348 0.802588 0.734569 0.803774 0.734315 0.804282 0.732790 0.804960 0.731646 0.805638 0.731138 0.806146 0.729868 0.806654 0.728597 0.808179 0.728343 0.808687 0.728470 0.810381 0.728851 0.810720 0.729486 0.810890 0.730503 0.811737 0.730884 0.812245 0.731011 0.812753 0.731011 0.814109 0.730122 0.816142 0.730249 0.817667 0.731901 0.820716 0.732028 0.821394 0.732790 0.822410
0 0.668876 0.816481 0.667732 0.816481 0.666842 0.816142 0.666715 0.815634 0.666207 0.814956 0.665699 0.813770 0.665572 0.813092 0.664809 0.811567 0.664809 0.810890 0.665064 0.809873 0.666207 0.808518 0.667478 0.807332 0.668240 0.806824 0.670019 0.806654 0.670400 0.806485 0.672560 0.806485 0.672815 0.806993 0.672942 0.808009 0.672942 0.810381 0.672815 0.811059 0.671671 0.814956 0.671417 0.815464 0.670273 0.816819
0 0.648418 0.842741 0.648291 0.841216 0.647910 0.839183 0.647910 0.837997 0.646766 0.836303 0.645495 0.835625 0.644352 0.834101 0.643589 0.832576 0.643462 0.830882 0.643462 0.823935 0.643970 0.822410 0.644479 0.821394 0.646258 0.819869 0.646766 0.819700 0.648037 0.819700 0.649561 0.820716 0.650324 0.821563 0.651086 0.821733 0.652103 0.822241 0.653373 0.823427 0.654136 0.823935 0.654390 0.824443 0.654517 0.825291 0.654517 0.828001 0.654390 0.830712 0.654136 0.832068 0.654136 0.834778 0.654390 0.835286 0.654644 0.836642 0.654644 0.837658 0.654898 0.838336 0.655025 0.844096 0.654263 0.844944 0.653500 0.845282 0.652357 0.845282 0.649688 0.843588
0 0.638888 0.824613 0.638380 0.825799 0.637236 0.826307 0.635584 0.826307 0.634059 0.825121 0.633551 0.824952 0.632661 0.823427 0.632661 0.822749 0.632407 0.822072 0.632534 0.816989 0.632661 0.816311 0.633297 0.815295 0.636474 0.815464 0.637744 0.816142 0.638507 0.817667 0.639015 0.820208 0.639015 0.823257
0 0.628214 0.798691 0.622750 0.798691 0.621861 0.798183 0.620336 0.796658 0.619192 0.795642 0.618811 0.795472 0.618176 0.795472 0.617159 0.795981 0.615380 0.796319 0.614618 0.796997 0.613601 0.797336 0.612458 0.797336 0.611950 0.797166 0.611441 0.795981 0.611187 0.794964 0.611314 0.793778 0.611950 0.792761 0.613601 0.791237 0.615253 0.790220 0.617032 0.788865 0.617414 0.788357 0.619828 0.787509 0.620590 0.787001 0.621734 0.787001 0.621988 0.787848 0.621734 0.789204 0.621480 0.789712 0.624402 0.789712 0.626054 0.789034 0.627579 0.789034 0.628722 0.788526 0.631264 0.788187 0.632534 0.787848 0.633805 0.787848 0.633932 0.789034 0.633932 0.791745 0.633678 0.792423 0.633678 0.793100 0.633424 0.793778 0.633424 0.797166 0.632661 0.799200 0.632534 0.799877 0.630755 0.799877 0.629358 0.799538
0 0.620209 0.766840 0.620209 0.761249 0.619955 0.760571 0.619955 0.758369 0.620717 0.758199 0.624783 0.758199 0.625927 0.758708 0.628468 0.758708 0.629866 0.759216 0.632026 0.759216 0.632153 0.761418 0.632407 0.762774 0.632407 0.765484
0 0.643843 0.672133 0.642573 0.671963 0.642064 0.671625 0.640667 0.671116 0.640285 0.670777 0.639396 0.670608 0.638125 0.669083 0.637871 0.668575 0.637871 0.667897 0.638761 0.664848 0.640413 0.663492 0.642319 0.662476 0.642700 0.661967 0.643208 0.661629 0.644097 0.661290 0.644733 0.661290 0.645876 0.660782 0.646385 0.660443 0.646893 0.659765 0.647528 0.659596 0.647910 0.659257 0.648418 0.659087 0.648799 0.658579 0.650324 0.657901 0.650705 0.657562 0.651849 0.657562 0.652865 0.657901 0.654009 0.659596 0.654390 0.660443 0.654898 0.662137 0.654898 0.662815 0.655152 0.663323 0.655025 0.664678 0.653500 0.666372 0.652738 0.666542 0.652357 0.667050 0.648926 0.668575 0.647910 0.669591 0.645876 0.670947 0.645368 0.671625 0.644987 0.671794
0 0.738635 0.656377 0.737492 0.656715 0.733171 0.656715 0.732663 0.656546 0.732409 0.655868 0.732409 0.651972 0.732790 0.651463 0.733044 0.650786 0.733425 0.650277 0.734315 0.649769 0.735840 0.648414 0.736348 0.648414 0.736983 0.648075 0.738254 0.648075 0.738635 0.647905 0.743845 0.647905 0.744226 0.647567 0.744480 0.648075 0.744480 0.650616 0.744353 0.651294 0.743464 0.653327 0.743082 0.653835 0.742955 0.654682 0.742574 0.655360 0.741685 0.656377 0.739779 0.656377
0 0.774214 0.666881 0.773197 0.666881 0.772562 0.666711 0.772054 0.666372 0.771545 0.665864 0.770529 0.664339 0.770529 0.663662 0.770148 0.662476 0.769766 0.661967 0.769639 0.661459 0.769639 0.658918 0.769766 0.658240 0.770148 0.657562 0.770529 0.657224 0.772435 0.656377 0.772816 0.654852 0.773706 0.654174 0.774722 0.654174 0.775866 0.653835 0.779678 0.653835 0.780186 0.654005 0.780567 0.654682 0.781203 0.656546 0.781457 0.657054 0.781838 0.657393 0.782600 0.659087 0.782600 0.659765 0.781711 0.660782 0.780821 0.661459 0.780186 0.662476 0.779551 0.662984 0.778915 0.664170 0.778661 0.665356 0.778153 0.666372 0.776755 0.667220 0.775230 0.667389
0 0.776501 0.702290 0.774976 0.701104 0.774214 0.700257 0.773706 0.700087 0.772943 0.699410 0.772181 0.698393 0.771037 0.696360 0.770529 0.696191 0.770275 0.695682 0.769766 0.695344 0.769131 0.694158 0.769258 0.693311 0.770148 0.692633 0.773324 0.691786 0.779932 0.691786 0.780440 0.691955 0.780567 0.692633 0.781838 0.693988 0.783109 0.694835 0.783998 0.695174 0.784379 0.695682 0.784125 0.696530 0.783490 0.697207 0.782473 0.697885 0.781965 0.698902 0.781203 0.699749 0.780948 0.700426 0.780059 0.701273 0.777899 0.702290
0 0.811280 0.657408 0.810285 0.656710 0.807011 0.651445 0.807686 0.650635 0.813255 0.648070 0.813322 0.649180 0.815573 0.647367 0.816791 0.647805 0.817541 0.649055 0.826988 0.648762 0.828306 0.650520 0.829625 0.654035 0.829625 0.656964 0.828965 0.657550 0.828306 0.659600 0.827208 0.660479 0.824791 0.660772 0.824352 0.660186 0.823473 0.660186 0.819079 0.655499 0.816882 0.654621 0.815125 0.654621 0.813367 0.656671
0 0.817040 0.666006 0.814318 0.662269 0.813197 0.661736 0.811355 0.661309 0.810475 0.660775 0.810475 0.659600 0.810635 0.658960 0.811756 0.657892 0.814238 0.656398 0.815358 0.656184 0.818241 0.656291 0.819041 0.656825 0.821123 0.657572 0.822724 0.658746 0.823045 0.659280 0.823925 0.661949 0.824005 0.663230 0.823765 0.663871 0.822564 0.665579 0.821764 0.666006 0.819762 0.666326 0.817840 0.666326
0 0.826007 0.667287 0.825286 0.666433 0.824646 0.664618 0.824566 0.663977 0.824326 0.663550 0.824246 0.661202 0.824406 0.660561 0.825286 0.658853 0.826647 0.658106 0.829370 0.657252 0.830170 0.658106 0.831211 0.661095 0.831371 0.662269 0.831691 0.662696 0.832572 0.664938 0.832652 0.666860 0.832012 0.667820 0.831611 0.668141 0.830891 0.668247 0.829450 0.668995 0.827448 0.668995 0.827048 0.668781 0.826327 0.668034
0 0.901400 0.607790 0.904470 0.607612 0.907405 0.606901 0.911275 0.606901 0.912476 0.606189 0.912876 0.605655 0.913677 0.605121 0.914077 0.604410 0.914611 0.604410 0.916346 0.602986 0.917680 0.602453 0.918748 0.602275 0.919281 0.601919 0.921283 0.601563 0.921950 0.601207 0.923285 0.600851 0.924352 0.599606 0.925953 0.599072 0.926487 0.598716 0.927688 0.598716 0.928489 0.598183 0.929289 0.598005 0.929690 0.597471 0.930490 0.597471 0.931291 0.597115 0.933693 0.597115 0.935961 0.596225 0.936895 0.596047 0.939030 0.596047 0.939564 0.595870 0.940498 0.596047 0.941032 0.596581 0.941432 0.596581 0.942233 0.596937 0.942767 0.597471 0.944101 0.598005 0.944768 0.598538 0.947704 0.599784 0.949839 0.599962 0.950239 0.600140 0.950640 0.601029 0.950773 0.601741 0.951841 0.602986 0.952641 0.604410 0.953976 0.605833 0.955043 0.607968 0.956511 0.610103 0.957712 0.613128 0.957979 0.614195 0.959313 0.616686 0.959447 0.617754 0.959847 0.618287 0.960114 0.619177 0.960514 0.619711 0.960781 0.620778 0.960781 0.621312 0.961048 0.621846 0.961048 0.624515 0.960915 0.625226 0.960915 0.626650 0.960514 0.628607 0.960514 0.629852 0.959981 0.631631 0.959580 0.632165 0.957845 0.633589 0.957178 0.633767 0.956778 0.634300 0.955977 0.634478 0.955177 0.635368 0.913810 0.634122 0.913810 0.637859 0.913543 0.638392 0.912076 0.638748 0.909941 0.638748 0.909540 0.638570 0.909006 0.637503 0.908606 0.637147 0.908206 0.636079 0.907405 0.635190 0.907272 0.634478 0.906871 0.633944 0.906738 0.633411 0.906338 0.633233 0.906071 0.632521 0.903269 0.632521 0.901667 0.631809 0.899666 0.630030 0.898865 0.628963 0.897531 0.627895 0.896597 0.627361 0.895396 0.626116 0.894995 0.625048 0.894995 0.622558 0.895262 0.621846 0.895663 0.621312 0.895929 0.620245 0.897397 0.617932 0.897397 0.615263 0.897264 0.614195 0.896730 0.612950 0.896730 0.612416 0.896997 0.611171 0.897664 0.610103 0.898465 0.609214 0.899399 0.608324 0.900199 0.607790
0 0.900466 0.605477 0.899399 0.604410 0.898465 0.602453 0.898598 0.601385 0.898999 0.601385 0.899799 0.600673 0.900333 0.599962 0.900466 0.599428 0.900466 0.597827 0.900733 0.596937 0.901534 0.596403 0.901400 0.595870 0.901000 0.595514 0.900199 0.594268 0.898865 0.591599 0.898465 0.591066 0.898465 0.588575 0.898598 0.587507 0.898999 0.585550 0.899399 0.584305 0.899399 0.577010 0.900199 0.576832 0.901134 0.576298 0.902735 0.576298 0.903269 0.576476 0.903535 0.577010 0.903936 0.579145 0.903936 0.581636 0.903802 0.582348 0.903802 0.588219 0.904203 0.588753 0.907806 0.588753 0.908206 0.588931 0.909140 0.589642 0.909807 0.591422 0.910074 0.592667 0.910074 0.602808 0.909941 0.603342 0.909140 0.604944 0.907405 0.606367 0.901801 0.606367
0 0.968254 0.579145 0.967453 0.577900 0.967320 0.577366 0.967186 0.573630 0.967053 0.573096 0.967053 0.567758 0.967453 0.566513 0.967987 0.565801 0.969188 0.564378 0.969588 0.564200 0.970122 0.564378 0.971723 0.565445 0.973591 0.567758 0.974525 0.568648 0.974926 0.568826 0.975726 0.569715 0.976260 0.571495 0.976260 0.572562 0.976527 0.573274 0.976794 0.577188 0.977061 0.577900 0.977061 0.581102 0.976660 0.581636 0.975993 0.581992 0.972657 0.581992 0.971723 0.581458 0.970923 0.581280 0.969855 0.580569 0.969054 0.580391
0 0.933559 0.641061 0.933293 0.639282 0.933293 0.637147 0.933693 0.636079 0.934627 0.634834 0.935428 0.634834 0.936895 0.634478 0.949839 0.634478 0.950506 0.634300 0.955577 0.634300 0.956911 0.635012 0.958513 0.635190 0.958646 0.636079 0.958646 0.638748 0.958513 0.639816 0.958246 0.640350 0.958112 0.642840 0.957579 0.644264 0.957445 0.644975 0.957445 0.646577 0.957312 0.647111 0.957045 0.647822 0.956645 0.648000 0.955177 0.648000 0.953042 0.646577 0.951440 0.646043 0.950506 0.645509 0.948772 0.644975 0.948371 0.644620 0.947437 0.644264 0.945302 0.643908 0.943968 0.643196 0.943034 0.642307 0.942233 0.641773 0.941432 0.640883 0.940765 0.639816 0.937963 0.639638 0.937563 0.640172 0.937162 0.640172 0.936762 0.640527 0.936228 0.640527 0.935828 0.640883 0.934760 0.640883
0 0.961849 0.614907 0.960648 0.614729 0.959180 0.613662 0.958246 0.612416 0.956911 0.610993 0.956645 0.610459 0.955444 0.609036 0.955310 0.608502 0.954643 0.607434 0.954510 0.606367 0.954243 0.605833 0.954243 0.601385 0.954376 0.600851 0.954776 0.600140 0.955577 0.599606 0.956778 0.599428 0.957178 0.599784 0.958646 0.603698 0.959046 0.604410 0.960381 0.605833 0.961048 0.607079 0.962249 0.608858 0.963583 0.609925 0.965051 0.610637 0.965318 0.611349 0.965318 0.611882 0.964651 0.613306 0.964651 0.613839 0.964251 0.614551 0.964117 0.615263 0.963316 0.616864 0.962916 0.617220 0.962516 0.617220 0.962116 0.617042 0.962116 0.616508
0 0.941121 0.770231 0.939787 0.766969 0.939787 0.764597 0.940454 0.763707 0.943123 0.762521 0.944679 0.760742 0.947793 0.758963 0.950907 0.765486 0.951351 0.765486 0.952908 0.767266 0.955577 0.771417 0.955799 0.772603 0.952686 0.772603 0.952463 0.772010 0.949572 0.770231 0.947348 0.770231 0.942678 0.771714
0 0.960692 0.802553 0.958913 0.801367 0.957801 0.798995 0.954243 0.797512 0.954020 0.792767 0.955577 0.789802 0.958913 0.787133 0.960470 0.786837 0.960692 0.788319 0.962471 0.791285 0.962471 0.793954 0.961359 0.800181
0 0.840819 0.691353 0.838372 0.688388 0.837705 0.686016 0.835259 0.684236 0.834592 0.682457 0.834592 0.681271 0.834814 0.680381 0.835926 0.679492 0.842598 0.675637 0.843043 0.692836 0.842153 0.693132
0 0.780771 0.513433 0.780548 0.510468 0.780993 0.509282 0.786776 0.503055 0.789000 0.502462 0.789444 0.502758 0.789889 0.504241 0.789667 0.509579 0.787443 0.512544 0.786553 0.513137 0.782995 0.513730
0 0.812352 0.461244 0.813241 0.452051 0.814353 0.450272 0.817467 0.448789 0.818356 0.448789 0.818801 0.449086 0.819246 0.451162 0.819024 0.455313 0.814353 0.459761
0 0.804891 0.437636 0.804702 0.432089 0.808485 0.421750 0.809808 0.419481 0.813780 0.416455 0.814158 0.415699 0.815293 0.414942 0.816427 0.414942 0.818508 0.417968 0.818697 0.420490 0.816238 0.423515 0.814158 0.427550 0.810565 0.436880 0.810376 0.438393 0.808485 0.439905 0.806782 0.439905 0.806026 0.439149
0 0.821912 0.419481 0.820399 0.418977 0.818319 0.415951 0.818319 0.413934 0.819075 0.413429 0.822479 0.413429 0.823425 0.413934 0.825694 0.417212 0.828720 0.418220 0.830800 0.418220 0.831368 0.418724 0.831746 0.419733 0.831746 0.422003 0.831368 0.422507 0.824749 0.422507 0.823236 0.420742
0 0.888480 0.320889 0.887535 0.319124 0.887535 0.317359 0.886400 0.315341 0.886589 0.312568 0.889615 0.311055 0.893776 0.310803 0.894343 0.313072 0.894343 0.317611 0.892641 0.320637 0.892452 0.322906 0.890561 0.322906 0.889993 0.322402
0 0.916659 0.285335 0.916280 0.280544 0.916848 0.278779 0.916848 0.272727 0.917226 0.271467 0.918283 0.270131 0.919874 0.269702 0.922899 0.269702 0.925358 0.270458 0.925547 0.276005 0.924980 0.276762 0.922899 0.277770 0.921386 0.279788 0.920819 0.281301 0.920630 0.285839 0.919117 0.286596 0.917982 0.286596
0 0.879880 0.156496 0.877854 0.153194 0.877179 0.151694 0.877179 0.150493 0.876503 0.149592 0.876503 0.143589 0.876953 0.143288 0.877179 0.141487 0.879430 0.141187 0.884383 0.139386 0.885283 0.139686 0.887535 0.143288 0.890236 0.146290 0.890462 0.151393 0.889561 0.152594 0.888886 0.152594 0.888435 0.153194 0.886859 0.153194 0.885058 0.154695 0.884608 0.155596 0.881681 0.156196
0 0.726336 0.011808 0.724085 0.010307 0.722959 0.010307 0.720483 0.007005 0.718682 0.006405 0.718682 0.005204 0.722509 0.001902 0.725886 0.000000 0.726787 0.000000 0.727237 0.000701 0.727237 0.009707
0 0.722284 0.054434 0.720933 0.049031 0.719582 0.047230 0.718907 0.044528 0.719132 0.037324 0.719582 0.036723 0.721158 0.036423 0.723410 0.034922 0.726111 0.035222 0.727012 0.040025 0.727462 0.040626 0.727462 0.049631 0.725436 0.055635 0.724535 0.056535 0.723635 0.056235
0 0.713053 0.034922 0.711252 0.036723 0.706299 0.036723 0.705624 0.035823 0.705624 0.033722 0.708325 0.031320 0.709226 0.029819 0.709451 0.028618 0.711928 0.025016 0.713504 0.024116 0.714854 0.026217 0.715305 0.029219 0.715080 0.035823
0 0.709451 0.054134 0.706074 0.050832 0.705399 0.049031 0.705399 0.046930 0.706074 0.046329 0.714854 0.046029 0.717331 0.044228 0.719132 0.044228 0.719807 0.046329 0.719357 0.049031 0.718231 0.050832 0.715080 0.053834 0.711477 0.053834
0 0.675455 0.031620 0.679058 0.026817 0.679508 0.024116 0.681759 0.019313 0.682210 0.017512 0.682210 0.015110 0.680634 0.013309 0.678157 0.013309 0.676356 0.015711 0.672529 0.017812 0.671178 0.019613 0.671178 0.023515 0.672529 0.027718 0.673654 0.029519 0.673654 0.030720
0 0.698419 0.114171 0.696393 0.113870 0.695718 0.112670 0.692566 0.109968 0.691890 0.107567 0.689864 0.104265 0.688739 0.100662 0.685361 0.095259 0.685361 0.092858 0.685812 0.091657 0.696618 0.091357 0.700220 0.091657 0.701571 0.092557 0.702247 0.094058 0.702247 0.109968 0.701346 0.112069 0.700446 0.112670
0 0.527540 0.476192 0.525514 0.475591 0.521236 0.472589 0.521011 0.469888 0.523262 0.466886 0.529341 0.466886 0.530242 0.467786 0.532943 0.473490 0.532943 0.474691 0.530692 0.476492 0.529341 0.476492
0 0.472381 0.496904 0.470580 0.496304 0.468104 0.494503 0.468104 0.489400 0.470806 0.487298 0.472156 0.480094 0.473732 0.477993 0.474633 0.477692 0.476209 0.475891 0.477109 0.474390 0.478460 0.474390 0.479136 0.476492 0.479136 0.481595 0.478235 0.482495 0.478235 0.485497 0.477109 0.489099 0.477109 0.493302 0.475083 0.495703 0.474183 0.496004
0 0.308481 0.453978 0.307131 0.452177 0.303979 0.450076 0.303078 0.448875 0.301727 0.445273 0.301952 0.442571 0.303754 0.439269 0.303979 0.437768 0.306680 0.437468 0.308256 0.442871 0.311183 0.448875 0.312084 0.455179 0.310057 0.455179
0 0.366117 0.438669 0.363190 0.439869 0.360713 0.439869 0.358912 0.439269 0.358012 0.438068 0.357561 0.438068 0.357561 0.434166 0.358237 0.432665 0.360939 0.431764 0.362289 0.429963 0.365216 0.429663 0.366117 0.429063 0.378274 0.429063 0.378499 0.433866 0.376923 0.436567 0.376698 0.437768 0.374447 0.438969 0.368143 0.438969
0 0.518310 0.467486 0.515608 0.467486 0.513131 0.468387 0.511330 0.468087 0.509979 0.466286 0.509979 0.462683 0.512231 0.460882 0.514932 0.460882 0.519210 0.462683 0.519435 0.465385
0 0.523713 0.464184 0.520561 0.462983 0.519885 0.462083 0.520111 0.458181 0.521236 0.456680 0.524163 0.455179 0.526640 0.454879 0.526865 0.454278 0.527540 0.454578 0.527990 0.459681 0.527540 0.460882 0.525289 0.462383
0 0.548028 0.421258 0.548028 0.411652 0.554106 0.411052 0.554782 0.411352 0.555232 0.413753 0.555232 0.417055 0.554782 0.418556 0.552305 0.421858 0.550279 0.422159
0 0.486115 0.390339 0.484089 0.389138 0.482513 0.386437 0.481162 0.385236 0.478685 0.381033 0.478010 0.377731 0.478010 0.374730 0.484539 0.375030 0.486565 0.379833 0.486790 0.386737 0.487241 0.387037 0.487466 0.388538
0 0.464277 0.382835 0.462475 0.382835 0.460449 0.380733 0.459324 0.378632 0.458423 0.378032 0.456847 0.378032 0.456622 0.377431 0.456172 0.377431 0.455946 0.373229 0.458648 0.367825 0.460224 0.367825 0.460674 0.368426 0.461125 0.373229 0.461800 0.375330 0.463826 0.376831 0.464952 0.379232 0.465177 0.380733
0 0.468104 0.362722 0.467203 0.358220 0.464952 0.357019 0.464727 0.356418 0.464727 0.354317 0.465402 0.352816 0.468104 0.352816 0.469230 0.354017 0.470806 0.357019 0.473057 0.358220 0.473507 0.359720 0.473057 0.362722 0.470806 0.365124 0.469004 0.365124
0 0.497822 0.324899 0.496246 0.322498 0.496021 0.321297 0.489042 0.316794 0.488591 0.313492 0.491293 0.311391 0.492194 0.311391 0.493995 0.312592 0.495120 0.312592 0.498047 0.309890 0.498272 0.308689 0.498723 0.308689 0.500299 0.316194 0.501199 0.317094 0.502325 0.319496 0.502325 0.321297 0.500299 0.326400 0.499398 0.326400
0 0.055190 0.166602 0.053313 0.165173 0.052777 0.163743 0.052241 0.163386 0.052241 0.160527 0.064570 0.160170 0.064302 0.165173 0.063230 0.166602 0.062158 0.169104 0.060282 0.171248 0.058406 0.170891 0.058138 0.170176 0.057066 0.169461
0 0.164110 0.308402 0.163153 0.309131 0.161238 0.309860 0.159461 0.309860 0.159050 0.309496 0.158503 0.308584 0.158367 0.307855 0.158367 0.303114 0.158777 0.300744 0.159187 0.300015 0.159734 0.298374 0.161101 0.296733 0.161922 0.296368 0.162742 0.296368 0.164110 0.297644 0.165614 0.299650 0.166024 0.300015 0.166466 0.300202 0.168212 0.300379 0.169443 0.301109 0.170947 0.302932 0.170947 0.303479 0.171221 0.304208 0.171221 0.305120 0.171084 0.305667 0.170674 0.306578 0.170263 0.307125 0.170127 0.307855 0.169580 0.309131 0.168759 0.309313 0.165067 0.309131
0 0.136487 0.328093 0.134983 0.326087 0.134710 0.325358 0.134299 0.324811 0.134163 0.323899 0.133205 0.320982 0.133069 0.320435 0.133069 0.319159 0.132659 0.318065 0.132659 0.315877 0.132795 0.314965 0.133069 0.314418 0.133479 0.314054 0.135804 0.313142 0.140863 0.313142 0.141273 0.313324 0.142367 0.315877 0.142504 0.316606 0.143051 0.317883 0.143051 0.319706 0.142778 0.320618 0.142231 0.321165 0.141684 0.322623 0.141000 0.323717 0.140590 0.323899 0.139496 0.325176 0.138402 0.325905 0.137445 0.327181
0 0.153170 0.384250 0.153307 0.385708 0.153034 0.386802 0.152076 0.387896 0.151666 0.387896 0.151256 0.387532 0.150572 0.385526 0.149478 0.383885 0.149341 0.383338 0.149341 0.381515 0.148521 0.380968 0.148247 0.380421 0.148247 0.379874 0.147974 0.379327 0.147974 0.378233 0.148931 0.377686 0.150299 0.377686 0.150572 0.378233 0.151119 0.378233 0.151529 0.377868 0.152487 0.375316 0.154128 0.374222 0.154674 0.374404 0.155085 0.374951 0.155632 0.375133 0.156179 0.375863 0.157136 0.376592 0.158367 0.378051 0.159187 0.378598 0.161238 0.379509 0.161648 0.379874 0.161922 0.380421 0.161512 0.381333 0.160965 0.382062 0.159050 0.383703 0.157820 0.384067 0.154538 0.384067
0 0.152760 0.400841 0.152760 0.394095 0.152897 0.393366 0.153580 0.391725 0.154401 0.391178 0.155358 0.390814 0.158230 0.390631 0.160828 0.392637 0.160965 0.393184 0.160965 0.394460 0.161375 0.395554 0.161375 0.396101 0.161648 0.396648 0.161648 0.399018 0.160007 0.400477 0.159187 0.400659 0.153991 0.400659
0 0.145786 0.392272 0.144555 0.392090 0.144145 0.391725 0.143872 0.391178 0.143325 0.390996 0.143051 0.389173 0.143051 0.384979 0.142914 0.384432 0.142914 0.383338 0.143051 0.382791 0.143461 0.382244 0.146470 0.382244 0.148384 0.382426 0.148794 0.382791 0.149752 0.382973 0.150435 0.384067 0.150846 0.385344 0.151256 0.385708 0.152213 0.388079 0.152350 0.388990 0.152350 0.390631 0.152213 0.391178 0.151666 0.391543 0.151529 0.392090 0.151119 0.392454 0.150162 0.392637 0.149752 0.393001 0.147017 0.393001
0 0.221953 0.411416 0.223457 0.410687 0.229064 0.410687 0.232346 0.409776 0.234807 0.409593 0.235764 0.409229 0.237542 0.409046 0.238363 0.408682 0.240414 0.408317 0.240824 0.407952 0.241234 0.407952 0.241644 0.407405 0.242602 0.405217 0.243149 0.404306 0.243696 0.402118 0.243696 0.395736 0.243285 0.394642 0.242875 0.394095 0.240961 0.393001 0.240414 0.392454 0.239730 0.392090 0.237405 0.389537 0.236448 0.389173 0.236038 0.388808 0.234397 0.388079 0.232209 0.388079 0.230842 0.388626 0.230021 0.389355 0.227696 0.393548 0.226739 0.395007 0.224961 0.397195 0.224141 0.398654 0.223321 0.399383 0.222910 0.399565 0.221133 0.401935 0.220722 0.402300 0.219902 0.403576 0.219492 0.404488 0.218945 0.405217 0.217714 0.408135 0.217441 0.410140 0.220996 0.410140
0 0.226739 0.418527 0.226876 0.415245 0.227560 0.413787 0.228517 0.413057 0.230978 0.411781 0.231662 0.411234 0.232072 0.411234 0.233029 0.410869 0.233850 0.410323 0.234670 0.409411 0.235081 0.409411 0.235491 0.409046 0.235901 0.409046 0.236448 0.408682 0.236858 0.408682 0.237679 0.408317 0.239046 0.408317 0.239730 0.409411 0.240140 0.410869 0.240140 0.411963 0.240414 0.413422 0.240414 0.413969 0.240140 0.415063 0.239867 0.415610 0.239320 0.416157 0.238089 0.417069 0.237405 0.418345 0.236722 0.421262 0.236038 0.422356 0.235217 0.422538 0.234670 0.423085 0.232893 0.423085 0.231936 0.422721 0.231525 0.422356 0.230158 0.422174 0.229748 0.421809 0.228107 0.421627 0.227286 0.421080 0.227013 0.420533
0 0.261985 0.473417 0.261985 0.468250 0.262954 0.457914 0.269737 0.447578 0.271675 0.447836 0.275164 0.450937 0.280784 0.459464 0.281753 0.463082 0.281753 0.466699 0.282141 0.466958 0.281947 0.470834 0.280978 0.472126 0.280009 0.472126 0.278265 0.473159 0.274776 0.474193 0.263536 0.474193
0 0.233691 0.500550 0.229039 0.500550 0.227489 0.501066 0.225939 0.502617 0.224776 0.502617 0.222256 0.499774 0.222450 0.497190 0.223419 0.496157 0.225357 0.495640 0.226714 0.494348 0.228458 0.493573 0.230977 0.491247 0.233303 0.486596 0.234660 0.487371 0.235629 0.490989 0.235435 0.499774
0 0.245706 0.472384 0.245900 0.469283 0.247257 0.466182 0.248807 0.464890 0.250357 0.464890 0.251520 0.466182 0.253652 0.466441 0.254815 0.467216 0.256365 0.471609 0.256559 0.475743 0.256171 0.476518 0.253458 0.477810 0.251714 0.477810 0.248807 0.476518 0.245319 0.476002 0.244543 0.475485 0.244737 0.474193
0 0.172644 0.537242 0.172256 0.535175 0.174194 0.532591 0.175744 0.531299 0.176713 0.531299 0.180008 0.525356 0.182334 0.523547 0.184853 0.522772 0.186985 0.520188 0.188148 0.520188 0.189117 0.520963 0.189310 0.521997 0.189892 0.529749 0.189892 0.535950 0.189504 0.538534 0.188341 0.541118 0.181171 0.540860 0.179620 0.540343 0.176132 0.537759 0.174194 0.537501
0 0.173613 0.548612 0.173806 0.543186 0.174582 0.540860 0.175744 0.539568 0.180008 0.539826 0.180783 0.540860 0.181365 0.544477 0.181365 0.546286 0.180589 0.548095 0.179427 0.549387 0.174969 0.549646
0 0.168380 0.544994 0.166830 0.544736 0.164698 0.543444 0.163923 0.540860 0.162566 0.538793 0.162178 0.534400 0.162566 0.526390 0.165085 0.524322 0.168380 0.524322 0.168380 0.531816 0.166054 0.538018 0.166054 0.539568 0.168961 0.542927
0 0.167411 0.537759 0.167411 0.533108 0.167992 0.530524 0.167992 0.527165 0.168574 0.525356 0.168961 0.524839 0.173419 0.524839 0.174388 0.525356 0.174969 0.534142 0.173806 0.534400 0.171287 0.532333 0.170899 0.532591 0.170899 0.536984 0.171481 0.541118 0.172450 0.543444 0.172256 0.544736 0.169737 0.545253 0.167799 0.544994 0.166442 0.542152 0.166248 0.539826
0 0.136984 0.542410 0.136015 0.544219 0.133690 0.544477 0.131558 0.542669 0.130395 0.540343 0.130395 0.538018 0.133690 0.532591 0.136984 0.532591 0.138147 0.533625 0.140860 0.533625 0.142023 0.534142 0.141829 0.537242 0.140860 0.539568 0.138535 0.542669
0 0.125163 0.536467 0.123225 0.535692 0.122256 0.527423 0.123225 0.526390 0.125163 0.525614 0.125744 0.524322 0.126519 0.520188 0.126519 0.512436 0.130008 0.512436 0.131558 0.512953 0.133108 0.514245 0.133884 0.515795 0.133884 0.521738 0.132721 0.524839 0.132527 0.526390 0.131364 0.528974 0.130977 0.531299 0.129814 0.534142 0.129039 0.534917 0.126907 0.535692
0 0.125356 0.510369 0.123806 0.509335 0.123225 0.508302 0.122643 0.506493 0.122837 0.505201 0.124775 0.503650 0.125550 0.503650 0.129232 0.499774 0.130589 0.497707 0.133496 0.495123 0.135434 0.490214 0.137566 0.487888 0.138341 0.487888 0.140279 0.491506 0.140667 0.493056 0.140667 0.497966 0.139116 0.502358 0.134271 0.509852 0.132721 0.511402 0.129039 0.511661 0.127101 0.510886
0 0.103263 0.536467 0.101713 0.535692 0.100744 0.533883 0.097643 0.530007 0.097643 0.526906 0.098612 0.524064 0.098612 0.523030 0.099775 0.521222 0.106364 0.518121 0.107527 0.518637 0.108883 0.522772 0.109271 0.523030 0.110046 0.526390 0.110046 0.527940 0.109852 0.528457 0.108302 0.529232 0.105395 0.530007 0.106558 0.531558 0.106558 0.533625 0.104814 0.535434
0 0.087953 0.512178 0.088728 0.510369 0.088147 0.509594 0.083302 0.507010 0.082333 0.505976 0.082527 0.503134 0.083689 0.501066 0.086403 0.499774 0.086403 0.498741 0.087178 0.496932 0.093573 0.496157 0.094930 0.496157 0.095511 0.496932 0.095317 0.498741 0.093961 0.502358 0.093961 0.504942 0.095511 0.507268 0.095511 0.512694 0.094348 0.515278 0.093573 0.516829 0.091829 0.518637 0.087759 0.518637 0.086984 0.516829 0.086984 0.513986
0 0.160240 0.624323 0.158690 0.624582 0.157527 0.621481 0.157333 0.619155 0.157333 0.616054 0.160047 0.611403 0.163923 0.614762 0.166054 0.617605 0.166054 0.619155 0.164892 0.620706 0.161791 0.622773
0 0.149581 0.602359 0.147643 0.601067 0.146287 0.599000 0.146287 0.596416 0.146674 0.594866 0.148031 0.592023 0.148806 0.588664 0.149194 0.588406 0.150938 0.589181 0.151326 0.590214 0.151519 0.593315 0.154039 0.595124 0.154814 0.596933 0.154426 0.600292 0.153264 0.601584 0.151326 0.602359
0 0.141636 0.584271 0.140085 0.581429 0.139698 0.579878 0.139698 0.577294 0.140667 0.576002 0.143380 0.575744 0.144349 0.576261 0.147062 0.579878 0.148031 0.582721 0.148031 0.583754 0.146481 0.584529 0.143380 0.584788
0 0.116054 0.626907 0.114504 0.626907 0.113535 0.626390 0.111790 0.623031 0.111984 0.620706 0.112953 0.618897 0.113147 0.617088 0.113922 0.615796 0.115666 0.614504 0.117411 0.614504 0.118961 0.617346 0.119155 0.621222 0.117217 0.625098
0 0.115666 0.611145 0.116248 0.608302 0.117411 0.606235 0.119155 0.605977 0.121674 0.607786 0.123225 0.605977 0.125356 0.604426 0.129039 0.599000 0.130201 0.599258 0.130783 0.600034 0.130589 0.607786 0.129426 0.610369 0.127488 0.611920 0.126132 0.611920 0.124969 0.612954 0.124387 0.618897 0.123225 0.621222 0.120124 0.621481 0.118380 0.620189 0.117798 0.619155 0.117604 0.616829 0.117023 0.615021 0.115860 0.613470
0 0.050743 0.594090 0.049193 0.594607 0.047643 0.593574 0.046286 0.588664 0.047643 0.584529 0.047643 0.582721 0.046286 0.579103 0.046092 0.576261 0.048030 0.574452 0.051712 0.573935 0.052875 0.576002 0.053844 0.582721 0.053844 0.589697 0.052488 0.593315
0 0.039309 0.550679 0.037177 0.550937 0.035433 0.549387 0.036015 0.546803 0.038340 0.541894 0.043185 0.540860 0.043767 0.545770 0.042410 0.549129 0.041053 0.549904
0 0.049387 0.612954 0.047061 0.610369 0.046480 0.608819 0.046480 0.605718 0.047836 0.601842 0.048612 0.601584 0.049968 0.601842 0.051325 0.602876 0.053069 0.605460 0.053650 0.607269 0.054038 0.610111 0.052488 0.611920 0.050937 0.612954
0 0.084271 0.686339 0.084271 0.678329 0.085627 0.676778 0.086209 0.676778 0.087565 0.675228 0.089116 0.674453 0.090279 0.674453 0.091441 0.675486 0.092217 0.679362 0.092217 0.681688 0.090860 0.683755 0.085821 0.686339
0 0.068573 0.774712 0.069736 0.772128 0.069736 0.768769 0.068961 0.766701 0.068573 0.764118 0.068767 0.759466 0.069736 0.758949 0.074387 0.758433 0.081170 0.764376 0.081364 0.765668 0.081751 0.765926 0.081945 0.773937 0.080782 0.775229 0.073612 0.777554 0.069154 0.777554 0.068767 0.776779
0 0.071868 0.750164 0.070899 0.747580 0.067023 0.745771 0.066829 0.741637 0.072837 0.741378 0.077100 0.736727 0.077875 0.736727 0.078069 0.738536 0.078069 0.741120 0.077488 0.742412 0.077294 0.744737 0.077294 0.750939 0.075937 0.753006 0.072061 0.752748
0 0.054426 0.782722 0.050550 0.779880 0.048224 0.779105 0.047836 0.778588 0.047836 0.774195 0.053650 0.773937 0.054426 0.774453 0.057139 0.778071 0.057139 0.779621 0.056170 0.781947
0 0.056364 0.786598 0.054813 0.786081 0.052488 0.781689 0.049387 0.784014 0.048030 0.784789 0.046480 0.786598 0.044929 0.787373 0.044542 0.788407 0.044736 0.789441 0.047643 0.790216 0.051325 0.790216 0.054426 0.789441 0.055201 0.788666
0 0.059464 0.840345 0.057526 0.838278 0.056170 0.835436 0.054813 0.834144 0.053650 0.831301 0.053650 0.827167 0.054038 0.826650 0.055976 0.826650 0.056945 0.827167 0.060821 0.832077 0.060821 0.841637
0 0.001131 0.842154 0.003650 0.841637 0.005007 0.840604 0.005976 0.838795 0.010821 0.836211 0.012371 0.834144 0.014115 0.832852 0.014115 0.832077 0.009076 0.830526 0.004813 0.830785 0.003262 0.832852 0.002100 0.835694 0.000743 0.836469 0.000355 0.840087
0 0.008301 0.750422 0.004619 0.744479 0.003456 0.743446 0.002875 0.743446 0.002100 0.742153 0.000355 0.741120 0.000000 0.739569 0.000000 0.738278 0.000000 0.732076 0.003650 0.731818 0.004813 0.732076 0.005588 0.733109 0.006169 0.734143 0.006363 0.736986 0.007332 0.740345 0.008301 0.741637 0.009464 0.744737 0.009464 0.748613
0 0.000162 0.729750 0.009270 0.729750 0.009852 0.728200 0.010045 0.722257 0.008883 0.721223 0.006945 0.720448 0.005200 0.718639 0.001906 0.716572 0.000000 0.716572
0 0.013534 0.715280 0.011596 0.715021 0.009852 0.713988 0.007914 0.710112 0.009076 0.703910 0.010627 0.699776 0.012371 0.697967 0.013340 0.697709 0.015666 0.697967 0.017022 0.699776 0.017410 0.701326 0.017022 0.712696 0.015084 0.715021
0 0.168186 0.826909 0.166830 0.825358 0.162566 0.823033 0.160240 0.820449 0.159659 0.820449 0.158302 0.818640 0.157915 0.815539 0.158302 0.814506 0.164504 0.812955 0.165861 0.809596 0.167799 0.807787 0.170899 0.807787 0.175163 0.806753 0.176713 0.809079 0.176713 0.811921 0.175163 0.815022 0.173225 0.817089 0.172644 0.818898 0.172256 0.827684 0.171868 0.828201 0.169930 0.828201
0 0.188148 0.853782 0.186791 0.849389 0.186791 0.847839 0.193768 0.844480 0.195318 0.843963 0.198419 0.843963 0.203070 0.842154 0.205783 0.842154 0.207528 0.842929 0.208303 0.847581 0.208109 0.851973 0.207334 0.852490 0.197838 0.852490 0.195900 0.852749 0.195318 0.853265 0.189892 0.853524
0 0.159853 0.837245 0.158109 0.837245 0.155008 0.835436 0.153457 0.832077 0.152488 0.824325 0.152876 0.822774 0.154233 0.820965 0.156364 0.819673 0.156752 0.818898 0.157527 0.818381 0.159078 0.820190 0.163147 0.828459 0.162954 0.830009 0.161209 0.834661 0.161209 0.836211
0 0.626000 0.705169 0.622861 0.704384 0.619722 0.701768 0.618349 0.699937 0.617760 0.697845 0.617956 0.685812 0.619330 0.682411 0.621684 0.680319 0.622272 0.679011 0.624038 0.679011 0.625411 0.679272 0.627569 0.680580 0.627765 0.681104 0.630120 0.682150 0.631297 0.683196 0.632082 0.685550 0.632082 0.694706 0.631297 0.696275 0.631297 0.697322 0.629924 0.701768 0.627569 0.705431
0 0.615013 0.684766 0.612659 0.681104 0.612267 0.679796 0.612463 0.679272 0.615406 0.675087 0.616583 0.674303 0.619722 0.674303 0.622076 0.676134 0.622272 0.677965 0.620899 0.680842 0.618741 0.682935 0.617368 0.685027 0.616779 0.685027
0 0.622861 0.674303 0.625215 0.674041 0.626000 0.673518 0.626000 0.672995 0.628746 0.671163 0.629531 0.670902 0.630316 0.671163 0.630512 0.671687 0.630904 0.670640 0.630904 0.668286 0.629139 0.665147 0.627765 0.663839 0.624627 0.664101 0.623057 0.665670 0.622272 0.670379 0.621291 0.672210 0.621095 0.673779
0 0.450311 0.704808 0.444239 0.703874 0.443538 0.703562 0.443304 0.701694 0.444939 0.699202 0.444472 0.690483 0.444706 0.689238 0.445406 0.688615 0.450545 0.688615 0.452179 0.690794 0.453114 0.692974 0.455216 0.693909 0.456150 0.695154 0.457318 0.697023 0.458485 0.700448 0.458485 0.704185 0.452413 0.705119
0 0.433962 0.688303 0.435364 0.686123 0.437933 0.678961 0.438633 0.678338 0.438633 0.675847 0.437232 0.674913 0.436765 0.673667 0.435597 0.673356 0.435130 0.672733 0.433729 0.672733 0.433729 0.673979 0.431393 0.678961 0.431393 0.685189 0.430926 0.685189 0.429992 0.687680 0.429992 0.688303 0.431860 0.688615
0 0.420183 0.718198 0.423452 0.714773 0.423452 0.713527 0.424386 0.711659 0.424854 0.709479 0.424854 0.708856 0.423919 0.707922 0.423686 0.706988 0.420183 0.703251 0.418080 0.703251 0.417847 0.705742 0.418314 0.706365 0.418781 0.709479 0.418781 0.716018
0 0.402899 0.708856 0.399863 0.706988 0.398695 0.705742 0.398228 0.704496 0.397995 0.701071 0.399163 0.698580 0.401498 0.696400 0.403133 0.693909 0.405936 0.694531 0.408038 0.696400 0.412475 0.698268 0.413409 0.699202 0.414110 0.702005 0.413876 0.705742 0.411775 0.706053 0.411074 0.706676 0.406636 0.707299 0.405235 0.708856
0 0.398228 0.712904 0.395426 0.713839 0.394959 0.714461 0.393324 0.714461 0.391689 0.712904 0.391689 0.710413 0.392390 0.708233 0.394491 0.705119 0.398695 0.705431 0.398929 0.710102
0 0.348948 0.793558 0.345679 0.802589 0.342876 0.802589 0.341241 0.799475 0.341241 0.792001 0.339840 0.787330 0.339840 0.781725 0.341475 0.776120 0.342409 0.775497 0.345212 0.776120 0.348481 0.779234 0.349883 0.779545 0.351518 0.777365 0.352452 0.777365 0.353152 0.776743 0.353853 0.776743 0.355021 0.777677 0.356656 0.780479 0.357356 0.782971 0.356889 0.791379 0.356189 0.793247 0.355254 0.794181 0.352218 0.795115 0.350583 0.795115
0 0.352919 0.808817 0.356889 0.798852 0.357824 0.797918 0.362495 0.797607 0.362962 0.798852 0.362962 0.807260 0.361794 0.810374 0.354320 0.810686
0 0.341708 0.811931 0.340540 0.809751 0.340540 0.808194 0.343110 0.806015 0.344044 0.803835 0.345212 0.802589 0.347547 0.801344 0.350116 0.798229 0.351985 0.796984 0.353853 0.796984 0.355021 0.797918 0.355488 0.800409 0.354787 0.802278 0.350583 0.808506 0.347781 0.810374 0.344511 0.811308 0.343810 0.811931
0 0.248987 0.652803 0.243615 0.649066 0.241513 0.646263 0.241513 0.641592 0.242915 0.639101 0.248754 0.639101 0.249921 0.640347 0.250622 0.642215 0.250622 0.643461 0.252023 0.645018 0.252023 0.645641 0.252491 0.645641 0.253892 0.647509 0.256227 0.651869 0.256227 0.652492 0.255527 0.652803 0.251556 0.652803
0 0.312280 0.595504 0.310412 0.594882 0.309244 0.592702 0.306909 0.584605 0.306675 0.581803 0.307376 0.580557 0.312748 0.580557 0.312748 0.586474 0.316484 0.588653 0.316951 0.590522 0.316718 0.595504 0.314149 0.596127
0 0.308544 0.553153 0.308310 0.547548 0.308777 0.545368 0.309011 0.538517 0.309711 0.534780 0.312981 0.529175 0.314616 0.527307 0.315317 0.527307 0.315784 0.526684 0.317185 0.526995 0.319287 0.531978 0.320922 0.534780 0.321389 0.537894 0.319988 0.539451 0.319988 0.543811 0.322790 0.549416 0.323258 0.551908 0.322323 0.553153 0.310646 0.552842
0 0.327461 0.582425 0.326527 0.575886 0.335169 0.575574 0.335636 0.576197 0.335636 0.577754 0.333767 0.581180 0.330264 0.582114
0 0.305741 0.537894 0.303639 0.537271 0.301303 0.535403 0.299435 0.535403 0.299201 0.531043 0.301070 0.526061 0.303405 0.523258 0.306208 0.520767 0.307142 0.520767 0.308076 0.522013 0.310412 0.527618 0.311113 0.532600 0.310412 0.533846 0.307376 0.535714
0 0.661911 0.464091 0.660276 0.462846 0.657240 0.458486 0.654204 0.456306 0.654204 0.454126 0.655138 0.453192 0.663079 0.452881 0.665648 0.454438 0.665882 0.457240 0.664247 0.460977 0.663312 0.462223
0 0.636220 0.495855 0.633417 0.494920 0.633184 0.492429 0.632483 0.491183 0.631316 0.485890 0.632016 0.484955 0.633651 0.484332 0.640658 0.484021 0.641592 0.485267 0.640658 0.491495 0.639490 0.495855 0.638089 0.496166
0 0.665648 0.519833 0.665181 0.516407 0.665414 0.509868 0.665882 0.509556 0.666582 0.507065 0.667750 0.506131 0.671020 0.506131 0.673589 0.509556 0.673589 0.510179 0.675924 0.512670 0.675924 0.513293 0.674757 0.515784 0.674056 0.516096 0.671720 0.518899 0.671253 0.518899 0.670086 0.520767 0.668918 0.521390 0.667516 0.521390
0 0.747158 0.627268 0.745524 0.625399 0.743889 0.622285 0.742020 0.617614 0.741553 0.615123 0.741553 0.608272 0.744823 0.606404 0.746691 0.604535 0.748560 0.604224 0.749727 0.609829 0.752997 0.618237 0.753698 0.622285 0.753698 0.623531 0.752764 0.624776 0.749027 0.626956
0 0.518042 0.864870 0.515239 0.864247 0.513371 0.861445 0.511736 0.858642 0.511502 0.857397 0.510101 0.854594 0.510802 0.853971 0.525048 0.853660 0.525048 0.855217 0.523647 0.857708 0.523647 0.858954 0.522479 0.861756 0.520144 0.864247
0 0.487213 0.609206 0.482775 0.609206 0.480206 0.607649 0.478104 0.605469 0.478104 0.603601 0.480439 0.600175 0.482541 0.598618 0.484410 0.597996 0.484643 0.597373 0.487680 0.598930 0.490949 0.602044 0.492351 0.602667 0.492818 0.605158 0.492584 0.607649 0.488847 0.610452
0 0.702550 0.289393 0.689237 0.289081 0.688770 0.288770 0.688770 0.285967 0.689471 0.282853 0.690405 0.281607 0.692740 0.281296 0.694609 0.280362 0.697879 0.280362 0.702082 0.279116 0.703484 0.278182 0.705586 0.275379 0.706520 0.276936 0.706520 0.281919 0.704885 0.287524 0.704418 0.287524 0.704184 0.288147
0 0.606997 0.419814 0.605862 0.417545 0.605862 0.416977 0.605437 0.415842 0.605437 0.413005 0.605862 0.411114 0.606146 0.410546 0.606146 0.409411 0.606430 0.409033 0.606430 0.408277 0.606855 0.407898 0.610402 0.407898 0.611111 0.407709 0.611395 0.408087 0.611537 0.416410 0.610402 0.418301 0.608700 0.419436 0.608274 0.420004 0.608132 0.420571
0 0.608841 0.426624 0.607565 0.426434 0.606430 0.424921 0.606288 0.424165 0.606288 0.422841 0.606572 0.422273 0.607423 0.421895 0.608558 0.421706 0.609125 0.421328 0.610402 0.421328 0.610827 0.421138 0.610686 0.423030 0.610402 0.423597 0.610118 0.424921 0.609834 0.425299
0 0.614658 0.416031 0.612813 0.414707 0.612388 0.414707 0.611820 0.413951 0.611820 0.411870 0.611962 0.411303 0.612246 0.410925 0.612813 0.410736 0.614090 0.409222 0.614941 0.409222 0.616218 0.409601 0.616360 0.410168 0.617069 0.411492 0.617069 0.412059 0.617353 0.413194 0.617353 0.414329 0.616076 0.415653 0.615225 0.417356
0 0.589454 0.317551 0.588036 0.315659 0.585908 0.309985 0.585908 0.306517 0.586617 0.305572 0.588745 0.305572 0.590636 0.307778 0.593001 0.311877 0.595838 0.313453 0.596074 0.314083 0.597966 0.315344 0.597729 0.316290 0.597256 0.316605 0.591582 0.317551
0 0.588509 0.320703 0.586381 0.322279 0.580706 0.321964 0.579761 0.320703 0.579288 0.318812 0.578815 0.308094 0.586144 0.308094 0.587090 0.309355 0.587799 0.313768 0.588509 0.315659 0.588981 0.315975 0.588981 0.317551
0 0.666530 0.301158 0.664639 0.300843 0.663457 0.299897 0.663220 0.297060 0.666767 0.294538 0.668894 0.293908 0.669131 0.293277 0.671259 0.292647 0.673387 0.291071 0.674096 0.292016 0.674096 0.300213 0.673150 0.301789 0.668658 0.301789
0 0.650217 0.313138 0.652817 0.306517 0.658964 0.304941 0.660619 0.304311 0.660856 0.303680 0.663693 0.301789 0.665584 0.301789 0.666057 0.303050 0.666057 0.305572 0.664639 0.307463 0.662038 0.308409 0.658964 0.310300 0.658728 0.311246 0.657546 0.311561 0.657073 0.312192 0.653527 0.313453 0.652108 0.313453
0 0.609551 0.365152 0.605295 0.364837 0.602458 0.362630 0.601985 0.361684 0.601512 0.361684 0.601039 0.360108 0.601749 0.357271 0.602221 0.356641 0.604349 0.356010 0.604586 0.355379 0.604349 0.351281 0.606714 0.351281 0.608605 0.350651 0.609787 0.354434 0.611206 0.356010 0.611679 0.357271 0.611915 0.358847 0.611679 0.365467
0 0.639577 0.320703 0.637449 0.317236 0.626810 0.317551 0.626101 0.319127 0.626101 0.321649 0.627046 0.322910 0.627756 0.323225 0.638395 0.322910
0 0.648798 0.454365 0.646670 0.454995 0.642887 0.454995 0.641941 0.452788 0.641705 0.445223 0.644069 0.442070 0.646197 0.441755 0.648089 0.440809 0.653527 0.440809 0.653999 0.441124 0.653999 0.451843 0.652344 0.454995 0.650689 0.454995
0 0.788055 0.400459 0.786636 0.398252 0.786163 0.395100 0.787582 0.395100 0.789000 0.393523 0.794438 0.393523 0.797748 0.392578 0.797039 0.392893 0.791838 0.399513 0.790183 0.400459 0.789946 0.401089
0 0.835104 0.367989 0.833449 0.366098 0.832740 0.366098 0.831321 0.364206 0.829903 0.363261 0.828721 0.363261 0.828011 0.362945 0.827775 0.362315 0.825411 0.361684 0.824938 0.361054 0.824938 0.359478 0.825647 0.359162 0.827775 0.356641 0.835104 0.356325 0.835814 0.358847 0.835814 0.365467
0 0.839596 0.356641 0.834159 0.356956 0.833922 0.352542 0.836759 0.351281 0.840779 0.350651 0.841015 0.354434
0 0.341803 0.108409 0.339523 0.108789 0.338099 0.107649 0.335819 0.101571 0.335249 0.098911 0.335249 0.095112 0.336104 0.093972 0.338383 0.093972 0.339523 0.095492 0.340378 0.099291 0.342942 0.105370
0 0.712689 0.495380 0.718896 0.492070 0.719310 0.487656 0.720137 0.487104 0.720137 0.485449 0.715172 0.484897 0.714344 0.483793 0.711447 0.483242 0.711447 0.482690 0.710206 0.482690 0.710206 0.483793 0.709378 0.484345 0.709378 0.488207 0.708137 0.492621 0.706068 0.496484 0.706068 0.498139 0.708964 0.502001 0.709792 0.502001 0.713103 0.505863 0.715172 0.506415 0.716827 0.505863 0.715172 0.498691
0 0.613097 0.400143 0.610402 0.398252 0.609834 0.398819 0.609551 0.401089 0.609409 0.401657 0.609125 0.402035 0.608700 0.402224 0.607281 0.402224 0.606714 0.401846 0.606430 0.401467 0.605721 0.400333 0.605721 0.398819 0.608416 0.396361 0.609976 0.395226 0.611395 0.393145 0.612672 0.392389 0.613523 0.392389 0.615225 0.394469 0.616076 0.395037 0.616360 0.395415 0.616927 0.395415 0.617211 0.395793 0.617778 0.396171 0.618630 0.397306 0.618630 0.399387 0.618062 0.400900 0.617637 0.401089 0.617353 0.401467 0.613948 0.401467
0 0.171768 0.381515 0.171631 0.378233 0.171221 0.377139 0.170810 0.375133 0.170810 0.372945 0.171357 0.371851 0.172451 0.371122 0.173545 0.370028 0.175050 0.367840 0.175460 0.367658 0.176554 0.368752 0.176964 0.369481 0.177511 0.370940 0.177921 0.371304 0.178058 0.371851 0.178742 0.372945 0.179152 0.373310 0.179562 0.375133 0.179562 0.377868 0.179152 0.380239 0.178742 0.380968 0.178331 0.380968 0.177921 0.381515 0.176007 0.381515 0.173956 0.382062 0.170810 0.382426
0 0.844155 0.619533 0.842820 0.620422 0.840685 0.620422 0.839751 0.620778 0.837616 0.620956 0.837082 0.620778 0.836816 0.620245 0.836415 0.620067 0.836015 0.619533 0.835348 0.617220 0.835348 0.611882 0.834947 0.611349 0.835348 0.610815 0.836148 0.610637 0.838417 0.610637 0.839618 0.610459 0.840418 0.610103 0.840418 0.608680 0.840285 0.607968 0.839351 0.605299 0.839351 0.604766 0.838951 0.603342 0.838951 0.601385 0.839217 0.600851 0.839885 0.600140 0.841352 0.599250 0.841753 0.598716 0.842687 0.598183 0.843087 0.599428 0.843087 0.601029 0.843354 0.602275 0.843354 0.607434 0.843621 0.608146 0.844021 0.610103 0.844155 0.612238 0.844555 0.612950 0.844689 0.614373 0.845089 0.614729 0.845356 0.615619 0.845356 0.617398 0.845756 0.618999 0.845756 0.619533 0.845356 0.619533
0 0.995757 0.353706 0.993749 0.353349 0.991876 0.351743 0.991073 0.351386 0.990671 0.351386 0.989467 0.349958 0.989333 0.349423 0.988396 0.347996 0.986924 0.346568 0.986656 0.346033 0.985586 0.344784 0.985050 0.342999 0.984381 0.341929 0.983578 0.341036 0.983444 0.339966 0.982507 0.338003 0.982240 0.336575 0.982240 0.335505 0.983578 0.334791 0.985184 0.334791 0.986255 0.335505 0.986790 0.335683 0.988530 0.337111 0.990805 0.338538 0.992679 0.339074 0.995489 0.340501 0.996560 0.341215 0.997764 0.341572 0.998299 0.342642 0.998299 0.347817 0.998166 0.348709 0.998166 0.351029 0.997898 0.352278 0.997630 0.352814 0.996827 0.353170 0.993749 0.353170
0 0.851425 0.421590 0.850166 0.420541 0.848907 0.418652 0.848750 0.417183 0.847963 0.415714 0.846547 0.410468 0.844501 0.405852 0.844658 0.402494 0.846704 0.401655 0.850009 0.401655 0.850796 0.402704 0.852527 0.408160 0.855045 0.411518 0.856619 0.416974 0.856619 0.419911 0.856147 0.420751 0.854573 0.422010 0.853629 0.422010 0.852527 0.422849
0 0.967260 0.477409 0.965372 0.474471 0.964742 0.472373 0.964742 0.463349 0.968834 0.453277 0.969149 0.452857 0.970093 0.453067 0.971667 0.454116 0.972454 0.455585 0.972926 0.458733 0.972926 0.466287 0.972139 0.468596 0.971667 0.473842 0.970880 0.477409 0.970251 0.478249 0.968677 0.478249
0 0.423817 0.073219 0.423308 0.073135 0.421780 0.071947 0.419362 0.069401 0.418789 0.068467 0.417962 0.066261 0.417071 0.064734 0.416116 0.063631 0.415480 0.062442 0.414843 0.060830 0.414716 0.060067 0.414716 0.059473 0.414907 0.058963 0.415862 0.058539 0.418025 0.058539 0.420126 0.058200 0.421908 0.058284 0.424199 0.059303 0.425217 0.060067 0.426999 0.061764 0.427636 0.063206 0.427636 0.067449 0.427763 0.068128 0.427636 0.070165 0.427381 0.070674 0.426745 0.071353 0.425917 0.071692 0.425090 0.072371 0.424581 0.072456
0 0.102922 0.043104 0.104045 0.042705 0.105467 0.042605 0.105467 0.040609 0.104793 0.039911 0.103895 0.039711 0.103446 0.039412 0.102847 0.038314 0.102548 0.037316 0.102024 0.036218 0.100976 0.034921 0.100078 0.034721 0.098656 0.035220 0.098282 0.035619 0.098431 0.036917 0.098880 0.038214 0.100302 0.041407 0.100901 0.042306 0.102173 0.043204
0 0.717187 0.753125 0.718750 0.754167 0.719531 0.754167 0.719531 0.757292 0.719531 0.758333 0.717187 0.765625 0.717187 0.766667 0.715625 0.767708 0.714844 0.767708 0.714063 0.765625 0.713281 0.764583 0.713281 0.759375 0.713281 0.758333 0.717187 0.753125
0 0.845313 0.486458 0.847656 0.487500 0.848437 0.487500 0.848437 0.500000 0.848437 0.501042 0.846875 0.503125 0.846094 0.504167 0.839063 0.496875 0.838281 0.496875 0.838281 0.493750 0.838281 0.492708 0.845313 0.486458
0 0.895312 0.836458 0.900000 0.839583 0.900781 0.839583 0.904687 0.845833 0.905469 0.846875 0.904687 0.851042 0.904687 0.852083 0.902344 0.856250 0.901563 0.857292 0.899219 0.857292 0.898438 0.857292 0.894531 0.854167 0.893750 0.853125 0.892188 0.840625 0.892188 0.839583 0.895312 0.836458
0 0.615625 0.135417 0.617188 0.136458 0.617969 0.136458 0.617969 0.139583 0.618750 0.140625 0.617188 0.169792 0.617188 0.170833 0.615625 0.178125 0.615625 0.179167 0.607031 0.195833 0.606250 0.196875 0.603906 0.194792 0.603125 0.193750 0.602344 0.184375 0.602344 0.183333 0.598437 0.180208 0.597656 0.179167 0.597656 0.175000 0.597656 0.173958 0.603125 0.162500 0.603125 0.161458 0.608594 0.154167 0.609375 0.153125 0.615625 0.135417
0 0.682813 0.112500 0.684375 0.112500 0.685156 0.112500 0.690625 0.119792 0.691406 0.120833 0.694531 0.129167 0.695312 0.130208 0.689844 0.150000 0.689063 0.151042 0.682031 0.151042 0.681250 0.151042 0.676562 0.144792 0.675781 0.143750 0.675000 0.139583 0.674219 0.138542 0.674219 0.122917 0.674219 0.121875 0.675781 0.118750 0.676562 0.117708 0.682813 0.112500
0 0.656250 0.092708 0.658594 0.093750 0.659375 0.094792 0.659375 0.097917 0.659375 0.098958 0.655469 0.107292 0.654687 0.108333 0.654687 0.111458 0.654687 0.112500 0.659375 0.116667 0.660156 0.116667 0.660156 0.122917 0.660156 0.123958 0.658594 0.130208 0.658594 0.131250 0.656250 0.133333 0.655469 0.134375 0.653125 0.134375 0.652344 0.134375 0.642969 0.130208 0.642188 0.130208 0.641406 0.129167 0.640625 0.128125 0.639844 0.117708 0.639844 0.116667 0.644531 0.108333 0.644531 0.107292 0.656250 0.092708
0 0.552344 0.126042 0.558594 0.131250 0.559375 0.132292 0.564063 0.133333 0.564844 0.133333 0.569531 0.136458 0.570312 0.136458 0.584375 0.151042 0.585156 0.152083 0.584375 0.157292 0.584375 0.158333 0.582031 0.160417 0.581250 0.161458 0.579688 0.166667 0.579688 0.167708 0.575781 0.172917 0.575000 0.173958 0.570312 0.173958 0.569531 0.173958 0.565625 0.171875 0.564844 0.171875 0.564844 0.170833 0.564844 0.169792 0.554688 0.152083 0.554688 0.151042 0.546094 0.137500 0.545312 0.137500 0.546094 0.134375 0.546094 0.133333 0.552344 0.126042
