0 0.889844 0.000000 0.950000 0.000000 0.950781 0.000000 0.952344 0.003125 0.953125 0.004167 0.954688 0.004167 0.955469 0.004167 0.957031 0.001042 0.957031 0.000000 0.998437 0.000000 0.999219 0.000000 0.999219 0.312500 0.999219 0.313542 0.997656 0.312500 0.996875 0.311458 0.980469 0.281250 0.979688 0.280208 0.971875 0.263542 0.971875 0.262500 0.957812 0.238542 0.957031 0.237500 0.949219 0.219792 0.949219 0.218750 0.942187 0.207292 0.941406 0.206250 0.932813 0.176042 0.932031 0.175000 0.928125 0.156250 0.927344 0.155208 0.924219 0.103125 0.924219 0.102083 0.916406 0.093750 0.915625 0.092708 0.912500 0.080208 0.912500 0.079167 0.907031 0.065625 0.907031 0.064583 0.904687 0.061458 0.903906 0.060417 0.897656 0.042708 0.897656 0.041667 0.892969 0.033333 0.892188 0.032292 0.888281 0.010417 0.887500 0.009375 0.889844 0.000000
0 0.807031 0.161458 0.808594 0.162500 0.809375 0.163542 0.809375 0.167708 0.809375 0.168750 0.810937 0.172917 0.810937 0.173958 0.813281 0.177083 0.814063 0.178125 0.820312 0.182292 0.821094 0.182292 0.831250 0.196875 0.832031 0.197917 0.839063 0.213542 0.839844 0.214583 0.841406 0.226042 0.842187 0.227083 0.842969 0.242708 0.842969 0.243750 0.841406 0.246875 0.840625 0.247917 0.832031 0.254167 0.831250 0.255208 0.827344 0.276042 0.827344 0.277083 0.824219 0.279167 0.823438 0.280208 0.820312 0.279167 0.819531 0.279167 0.816406 0.273958 0.815625 0.272917 0.814063 0.263542 0.814063 0.262500 0.811719 0.259375 0.810937 0.258333 0.809375 0.251042 0.808594 0.250000 0.807813 0.240625 0.807813 0.239583 0.803906 0.222917 0.803125 0.221875 0.803125 0.211458 0.803125 0.210417 0.801562 0.202083 0.800781 0.201042 0.800781 0.195833 0.800000 0.194792 0.800000 0.180208 0.800000 0.179167 0.801562 0.168750 0.801562 0.167708 0.803125 0.164583 0.803125 0.163542 0.807031 0.161458
0 0.864844 0.117708 0.864844 0.119792 0.864844 0.120833 0.859375 0.132292 0.859375 0.133333 0.853125 0.140625 0.852344 0.141667 0.850000 0.151042 0.850000 0.152083 0.847656 0.156250 0.847656 0.157292 0.837500 0.171875 0.836719 0.172917 0.824219 0.178125 0.823438 0.179167 0.817187 0.179167 0.816406 0.179167 0.812500 0.175000 0.811719 0.173958 0.810156 0.165625 0.809375 0.164583 0.809375 0.158333 0.809375 0.157292 0.812500 0.146875 0.812500 0.145833 0.816406 0.137500 0.816406 0.136458 0.819531 0.132292 0.820312 0.131250 0.839063 0.120833 0.839844 0.119792 0.845313 0.118750 0.846094 0.118750 0.853125 0.120833 0.853906 0.120833 0.860938 0.119792 0.861719 0.119792 0.864844 0.117708
0 0.764844 0.000000 0.878125 0.001042 0.878125 0.002083 0.875000 0.008333 0.874219 0.009375 0.867969 0.012500 0.867188 0.013542 0.854688 0.010417 0.853906 0.009375 0.843750 0.012500 0.842969 0.012500 0.841406 0.015625 0.840625 0.016667 0.839844 0.023958 0.839063 0.025000 0.825781 0.026042 0.825000 0.026042 0.817969 0.033333 0.817187 0.033333 0.813281 0.032292 0.812500 0.031250 0.803125 0.031250 0.802344 0.031250 0.792969 0.020833 0.792188 0.019792 0.783594 0.014583 0.782813 0.013542 0.771094 0.013542 0.770312 0.013542 0.766406 0.010417 0.765625 0.009375 0.764844 0.000000
0 0.843750 0.246875 0.850000 0.247917 0.850781 0.247917 0.859375 0.256250 0.860156 0.257292 0.862500 0.267708 0.862500 0.268750 0.868750 0.277083 0.869531 0.278125 0.871875 0.287500 0.871875 0.288542 0.875000 0.295833 0.875781 0.296875 0.875781 0.305208 0.875781 0.306250 0.878906 0.319792 0.878906 0.320833 0.887500 0.331250 0.888281 0.332292 0.892188 0.343750 0.892969 0.344792 0.892188 0.352083 0.892188 0.353125 0.885938 0.358333 0.885156 0.358333 0.879687 0.365625 0.878906 0.366667 0.874219 0.367708 0.873437 0.367708 0.864062 0.362500 0.863281 0.361458 0.860938 0.361458 0.860156 0.360417 0.854688 0.360417 0.853906 0.360417 0.845313 0.363542 0.844531 0.364583 0.833594 0.365625 0.832812 0.365625 0.821875 0.359375 0.821094 0.358333 0.810937 0.356250 0.810156 0.355208 0.809375 0.347917 0.808594 0.346875 0.808594 0.342708 0.808594 0.341667 0.810156 0.338542 0.810156 0.337500 0.822656 0.318750 0.823438 0.317708 0.828125 0.314583 0.828906 0.313542 0.826562 0.300000 0.826562 0.298958 0.830469 0.273958 0.831250 0.272917 0.832031 0.257292 0.832031 0.256250 0.837500 0.251042 0.838281 0.250000 0.843750 0.246875
0 0.882812 0.485417 0.889062 0.485417 0.889844 0.485417 0.892969 0.488542 0.893750 0.489583 0.903125 0.494792 0.903906 0.494792 0.904687 0.501042 0.904687 0.502083 0.902344 0.508333 0.902344 0.509375 0.897656 0.516667 0.896875 0.517708 0.891406 0.530208 0.891406 0.531250 0.875781 0.559375 0.875781 0.560417 0.851562 0.588542 0.850781 0.588542 0.847656 0.593750 0.846875 0.594792 0.846094 0.600000 0.845313 0.601042 0.835938 0.601042 0.835156 0.601042 0.822656 0.595833 0.821875 0.595833 0.820312 0.593750 0.819531 0.593750 0.818750 0.590625 0.818750 0.589583 0.821875 0.585417 0.822656 0.584375 0.824219 0.577083 0.825000 0.576042 0.825000 0.564583 0.825000 0.563542 0.823438 0.560417 0.823438 0.559375 0.817187 0.552083 0.816406 0.551042 0.812500 0.526042 0.811719 0.525000 0.811719 0.517708 0.811719 0.516667 0.816406 0.507292 0.816406 0.506250 0.817969 0.505208 0.818750 0.504167 0.825000 0.507292 0.825781 0.507292 0.829688 0.515625 0.830469 0.516667 0.832812 0.514583 0.833594 0.513542 0.837500 0.498958 0.837500 0.497917 0.841406 0.493750 0.842187 0.492708 0.850781 0.489583 0.851562 0.488542 0.864844 0.489583 0.865625 0.489583 0.868750 0.487500 0.869531 0.486458 0.882812 0.485417
0 0.851562 0.411458 0.859375 0.412500 0.860156 0.412500 0.865625 0.417708 0.866406 0.417708 0.867969 0.422917 0.868750 0.423958 0.866406 0.428125 0.865625 0.429167 0.861719 0.432292 0.860938 0.432292 0.858594 0.437500 0.857812 0.438542 0.858594 0.445833 0.858594 0.446875 0.857812 0.448958 0.857031 0.450000 0.857031 0.459375 0.857031 0.460417 0.846094 0.472917 0.845313 0.473958 0.836719 0.478125 0.835938 0.479167 0.828906 0.480208 0.828125 0.480208 0.826562 0.483333 0.825781 0.484375 0.825000 0.501042 0.825000 0.502083 0.819531 0.503125 0.818750 0.503125 0.811719 0.484375 0.810937 0.483333 0.810156 0.472917 0.809375 0.471875 0.809375 0.445833 0.809375 0.444792 0.813281 0.437500 0.814063 0.436458 0.825000 0.427083 0.825781 0.427083 0.828906 0.422917 0.829688 0.421875 0.836719 0.418750 0.837500 0.418750 0.842969 0.414583 0.843750 0.413542 0.851562 0.411458
0 0.889062 0.359375 0.895312 0.359375 0.896094 0.359375 0.900781 0.361458 0.901563 0.362500 0.909375 0.363542 0.910156 0.363542 0.915625 0.368750 0.916406 0.369792 0.917188 0.377083 0.917188 0.378125 0.913281 0.386458 0.913281 0.387500 0.910156 0.391667 0.909375 0.392708 0.903906 0.395833 0.903125 0.395833 0.897656 0.406250 0.896875 0.407292 0.892188 0.409375 0.891406 0.410417 0.886719 0.410417 0.885938 0.410417 0.884375 0.409375 0.883594 0.408333 0.882031 0.403125 0.882031 0.402083 0.875000 0.393750 0.874219 0.392708 0.873437 0.383333 0.873437 0.382292 0.882031 0.367708 0.882031 0.366667 0.889062 0.359375
0 0.968750 0.296875 0.970313 0.296875 0.971094 0.297917 0.971875 0.302083 0.972656 0.303125 0.971875 0.319792 0.971875 0.320833 0.973437 0.326042 0.974219 0.327083 0.975000 0.335417 0.975000 0.336458 0.971875 0.344792 0.971094 0.345833 0.970313 0.352083 0.970313 0.353125 0.967187 0.357292 0.966406 0.358333 0.951562 0.365625 0.950781 0.365625 0.947656 0.356250 0.946875 0.355208 0.946875 0.340625 0.946875 0.339583 0.956250 0.312500 0.956250 0.311458 0.963281 0.301042 0.964063 0.300000 0.968750 0.296875
0 0.760156 0.011458 0.762500 0.012500 0.763281 0.012500 0.766406 0.017708 0.767188 0.018750 0.772656 0.021875 0.773438 0.022917 0.775000 0.036458 0.775000 0.037500 0.778906 0.043750 0.779687 0.044792 0.779687 0.047917 0.780469 0.048958 0.778906 0.059375 0.778906 0.060417 0.778125 0.062500 0.777344 0.063542 0.774219 0.064583 0.773438 0.065625 0.767188 0.064583 0.766406 0.064583 0.761719 0.073958 0.761719 0.075000 0.756250 0.081250 0.755469 0.082292 0.751563 0.084375 0.750781 0.085417 0.739844 0.083333 0.739062 0.083333 0.735938 0.080208 0.735156 0.080208 0.728906 0.069792 0.728125 0.068750 0.726562 0.058333 0.726562 0.057292 0.727344 0.048958 0.727344 0.047917 0.728906 0.043750 0.728906 0.042708 0.728125 0.041667 0.727344 0.040625 0.722656 0.041667 0.721875 0.042708 0.718750 0.041667 0.717969 0.041667 0.716406 0.038542 0.715625 0.037500 0.715625 0.030208 0.715625 0.029167 0.717187 0.026042 0.717187 0.025000 0.728125 0.016667 0.728906 0.015625 0.746094 0.012500 0.746875 0.012500 0.750781 0.015625 0.751563 0.016667 0.755469 0.016667 0.756250 0.016667 0.760156 0.011458
0 0.723437 0.066667 0.725000 0.066667 0.725781 0.066667 0.732812 0.078125 0.732812 0.079167 0.739062 0.084375 0.739844 0.085417 0.746875 0.086458 0.747656 0.087500 0.755469 0.085417 0.756250 0.085417 0.757812 0.087500 0.758594 0.088542 0.757812 0.111458 0.757812 0.112500 0.753906 0.122917 0.753125 0.123958 0.747656 0.145833 0.747656 0.146875 0.742188 0.158333 0.742188 0.159375 0.733594 0.168750 0.732812 0.169792 0.728906 0.168750 0.728125 0.168750 0.722656 0.159375 0.722656 0.158333 0.715625 0.150000 0.714844 0.148958 0.712500 0.143750 0.711719 0.142708 0.710938 0.134375 0.710156 0.133333 0.710156 0.119792 0.710156 0.118750 0.710938 0.113542 0.711719 0.112500 0.713281 0.091667 0.713281 0.090625 0.716406 0.085417 0.717187 0.084375 0.723437 0.066667
0 0.766406 0.092708 0.776563 0.092708 0.777344 0.092708 0.784375 0.096875 0.785156 0.096875 0.788281 0.101042 0.789062 0.102083 0.792188 0.112500 0.792969 0.113542 0.792969 0.121875 0.792969 0.122917 0.790625 0.130208 0.789844 0.131250 0.784375 0.134375 0.783594 0.135417 0.778125 0.135417 0.777344 0.135417 0.769531 0.126042 0.768750 0.126042 0.767188 0.121875 0.767188 0.120833 0.761719 0.111458 0.760938 0.110417 0.759375 0.103125 0.758594 0.102083 0.760156 0.096875 0.760938 0.095833 0.766406 0.092708
0 0.764062 0.161458 0.767188 0.161458 0.767969 0.161458 0.770312 0.163542 0.771094 0.164583 0.771094 0.192708 0.771094 0.193750 0.758594 0.252083 0.758594 0.253125 0.757812 0.255208 0.757031 0.256250 0.749219 0.256250 0.748437 0.256250 0.747656 0.253125 0.747656 0.252083 0.749219 0.245833 0.749219 0.244792 0.748437 0.238542 0.747656 0.237500 0.747656 0.228125 0.747656 0.227083 0.750000 0.213542 0.750781 0.212500 0.749219 0.201042 0.748437 0.200000 0.748437 0.169792 0.748437 0.168750 0.750781 0.164583 0.751563 0.163542 0.759375 0.164583 0.760156 0.164583 0.764062 0.161458
0 0.707812 0.256250 0.710938 0.260417 0.711719 0.261458 0.711719 0.265625 0.711719 0.266667 0.707812 0.276042 0.707812 0.277083 0.703906 0.283333 0.703906 0.284375 0.687500 0.306250 0.686719 0.307292 0.678125 0.313542 0.677344 0.314583 0.675000 0.314583 0.674219 0.314583 0.662500 0.321875 0.661719 0.322917 0.652344 0.323958 0.651563 0.325000 0.648438 0.323958 0.647656 0.322917 0.647656 0.293750 0.647656 0.292708 0.646094 0.279167 0.645312 0.278125 0.646875 0.272917 0.647656 0.271875 0.660937 0.271875 0.661719 0.271875 0.689844 0.266667 0.690625 0.266667 0.707812 0.256250
0 0.748437 0.257292 0.756250 0.258333 0.757031 0.258333 0.760938 0.262500 0.761719 0.263542 0.762500 0.266667 0.763281 0.267708 0.763281 0.272917 0.763281 0.273958 0.760156 0.285417 0.760156 0.286458 0.756250 0.294792 0.756250 0.295833 0.750781 0.303125 0.750000 0.304167 0.746094 0.303125 0.745313 0.303125 0.743750 0.290625 0.742969 0.289583 0.743750 0.269792 0.743750 0.268750 0.746094 0.261458 0.746094 0.260417 0.748437 0.257292
0 0.744531 0.303125 0.756250 0.306250 0.757031 0.307292 0.756250 0.311458 0.756250 0.312500 0.753125 0.315625 0.752344 0.316667 0.739062 0.322917 0.738281 0.323958 0.738281 0.327083 0.738281 0.328125 0.742969 0.337500 0.742969 0.338542 0.748437 0.345833 0.749219 0.346875 0.760938 0.355208 0.761719 0.356250 0.762500 0.359375 0.762500 0.360417 0.760938 0.365625 0.760938 0.366667 0.757031 0.369792 0.756250 0.370833 0.752344 0.371875 0.751563 0.372917 0.743750 0.371875 0.742969 0.371875 0.736719 0.366667 0.735938 0.366667 0.732812 0.361458 0.732031 0.360417 0.727344 0.345833 0.726562 0.344792 0.727344 0.313542 0.727344 0.312500 0.729688 0.310417 0.730469 0.309375 0.734375 0.309375 0.735156 0.309375 0.744531 0.303125
0 0.769531 0.267708 0.771875 0.268750 0.772656 0.268750 0.775781 0.272917 0.776563 0.273958 0.778906 0.290625 0.779687 0.291667 0.783594 0.292708 0.784375 0.292708 0.787500 0.290625 0.788281 0.289583 0.790625 0.289583 0.791406 0.289583 0.792969 0.294792 0.792969 0.295833 0.785937 0.304167 0.785156 0.305208 0.779687 0.307292 0.778906 0.307292 0.773438 0.311458 0.772656 0.312500 0.767188 0.314583 0.766406 0.314583 0.761719 0.305208 0.761719 0.304167 0.758594 0.301042 0.757812 0.300000 0.757812 0.294792 0.757812 0.293750 0.761719 0.285417 0.762500 0.284375 0.765625 0.271875 0.765625 0.270833 0.769531 0.267708
0 0.800000 0.269792 0.807031 0.270833 0.807813 0.270833 0.814844 0.279167 0.815625 0.279167 0.821094 0.287500 0.821875 0.288542 0.823438 0.292708 0.824219 0.293750 0.824219 0.298958 0.825000 0.300000 0.825000 0.307292 0.825000 0.308333 0.823438 0.311458 0.822656 0.312500 0.818750 0.311458 0.817969 0.311458 0.811719 0.305208 0.810937 0.304167 0.800000 0.297917 0.799219 0.297917 0.792969 0.288542 0.792188 0.287500 0.789844 0.281250 0.789062 0.280208 0.789062 0.276042 0.789062 0.275000 0.789844 0.273958 0.790625 0.272917 0.800000 0.269792
0 0.520312 0.263542 0.529687 0.265625 0.530469 0.265625 0.537500 0.270833 0.538281 0.271875 0.547656 0.275000 0.548438 0.275000 0.556250 0.287500 0.557031 0.288542 0.567187 0.295833 0.567969 0.295833 0.569531 0.297917 0.570312 0.298958 0.575000 0.313542 0.575781 0.314583 0.575781 0.329167 0.575781 0.330208 0.571875 0.336458 0.571094 0.337500 0.569531 0.344792 0.569531 0.345833 0.560156 0.355208 0.559375 0.355208 0.556250 0.360417 0.556250 0.361458 0.543750 0.377083 0.542969 0.378125 0.539844 0.389583 0.539844 0.390625 0.535156 0.400000 0.534375 0.401042 0.534375 0.406250 0.534375 0.407292 0.528906 0.410417 0.528125 0.411458 0.515625 0.412500 0.514844 0.412500 0.510156 0.410417 0.509375 0.409375 0.507812 0.405208 0.507812 0.404167 0.502344 0.396875 0.501563 0.395833 0.499219 0.387500 0.498437 0.386458 0.498437 0.376042 0.498437 0.375000 0.500000 0.364583 0.500781 0.363542 0.500781 0.350000 0.500781 0.348958 0.494531 0.326042 0.493750 0.325000 0.493750 0.305208 0.493750 0.304167 0.491406 0.290625 0.491406 0.289583 0.486719 0.282292 0.485938 0.281250 0.484375 0.273958 0.484375 0.272917 0.486719 0.270833 0.487500 0.269792 0.496094 0.267708 0.496875 0.266667 0.520312 0.263542
0 0.513281 0.232292 0.531250 0.243750 0.532031 0.244792 0.532031 0.257292 0.532031 0.258333 0.534375 0.264583 0.534375 0.265625 0.537500 0.269792 0.538281 0.270833 0.546875 0.273958 0.547656 0.273958 0.557031 0.287500 0.557813 0.288542 0.565625 0.293750 0.566406 0.293750 0.570312 0.297917 0.571094 0.298958 0.575781 0.311458 0.576562 0.312500 0.578125 0.328125 0.578125 0.329167 0.584375 0.336458 0.585156 0.337500 0.589844 0.353125 0.589844 0.354167 0.591406 0.355208 0.592187 0.356250 0.595313 0.355208 0.596094 0.356250 0.595313 0.365625 0.595313 0.366667 0.591406 0.369792 0.591406 0.370833 0.579688 0.378125 0.578906 0.378125 0.570312 0.389583 0.570312 0.390625 0.541406 0.409375 0.540625 0.410417 0.536719 0.411458 0.535937 0.412500 0.513281 0.413542 0.512500 0.413542 0.508594 0.410417 0.507812 0.409375 0.505469 0.403125 0.505469 0.402083 0.500781 0.395833 0.500000 0.394792 0.498437 0.389583 0.497656 0.388542 0.497656 0.370833 0.497656 0.369792 0.499219 0.361458 0.500000 0.360417 0.500000 0.351042 0.500000 0.350000 0.494531 0.326042 0.493750 0.325000 0.492969 0.300000 0.492969 0.298958 0.490625 0.289583 0.490625 0.288542 0.484375 0.279167 0.483594 0.278125 0.478906 0.273958 0.478125 0.272917 0.477344 0.268750 0.476562 0.267708 0.476562 0.247917 0.477344 0.246875 0.482031 0.244792 0.482812 0.243750 0.485938 0.243750 0.486719 0.242708 0.491406 0.242708 0.492188 0.242708 0.497656 0.244792 0.498437 0.245833 0.502344 0.245833 0.503125 0.245833 0.505469 0.240625 0.506250 0.239583 0.508594 0.241667 0.509375 0.242708 0.512500 0.236458 0.513281 0.235417 0.513281 0.232292
0 0.593750 0.290625 0.597656 0.290625 0.598437 0.290625 0.602344 0.300000 0.603125 0.301042 0.608594 0.302083 0.609375 0.302083 0.612500 0.305208 0.613281 0.306250 0.613281 0.312500 0.613281 0.313542 0.610938 0.318750 0.610156 0.319792 0.610156 0.323958 0.609375 0.325000 0.609375 0.335417 0.609375 0.336458 0.610156 0.339583 0.610938 0.340625 0.610938 0.346875 0.610938 0.347917 0.608594 0.351042 0.607812 0.352083 0.603906 0.354167 0.603125 0.355208 0.600781 0.355208 0.600000 0.355208 0.589844 0.346875 0.589063 0.345833 0.586719 0.338542 0.586719 0.337500 0.580469 0.327083 0.579688 0.326042 0.578125 0.320833 0.577344 0.319792 0.576562 0.305208 0.576562 0.304167 0.580469 0.300000 0.581250 0.298958 0.589063 0.294792 0.589844 0.294792 0.593750 0.290625
0 0.595313 0.250000 0.607031 0.251042 0.607812 0.251042 0.614844 0.256250 0.615625 0.257292 0.615625 0.261458 0.615625 0.262500 0.609375 0.270833 0.608594 0.271875 0.610156 0.290625 0.610156 0.291667 0.607812 0.296875 0.607812 0.297917 0.604688 0.297917 0.603906 0.297917 0.598437 0.290625 0.597656 0.289583 0.595313 0.289583 0.594531 0.289583 0.590625 0.292708 0.589844 0.293750 0.580469 0.297917 0.579688 0.297917 0.578125 0.294792 0.577344 0.293750 0.577344 0.290625 0.577344 0.289583 0.579688 0.283333 0.580469 0.282292 0.582031 0.273958 0.582812 0.272917 0.582812 0.260417 0.582812 0.259375 0.585938 0.254167 0.586719 0.253125 0.592187 0.252083 0.592969 0.252083 0.595313 0.250000
0 0.665625 0.340625 0.667969 0.341667 0.668750 0.341667 0.671875 0.345833 0.672656 0.346875 0.678125 0.358333 0.678906 0.359375 0.679688 0.373958 0.680469 0.375000 0.679688 0.389583 0.679688 0.390625 0.682813 0.405208 0.682813 0.406250 0.677344 0.412500 0.676562 0.413542 0.673438 0.413542 0.672656 0.413542 0.667188 0.409375 0.666406 0.408333 0.661719 0.407292 0.660937 0.407292 0.657813 0.404167 0.657031 0.403125 0.655469 0.395833 0.654687 0.394792 0.655469 0.388542 0.656250 0.387500 0.654687 0.372917 0.654687 0.371875 0.659375 0.352083 0.659375 0.351042 0.661719 0.345833 0.661719 0.344792 0.665625 0.340625
0 0.685937 0.317708 0.688281 0.318750 0.689063 0.318750 0.695312 0.328125 0.696094 0.329167 0.695312 0.336458 0.694531 0.337500 0.695312 0.343750 0.696094 0.344792 0.703906 0.339583 0.704688 0.338542 0.710938 0.339583 0.711719 0.339583 0.717969 0.344792 0.718750 0.345833 0.722656 0.356250 0.723437 0.357292 0.722656 0.361458 0.722656 0.362500 0.715625 0.368750 0.714844 0.369792 0.710156 0.371875 0.709375 0.372917 0.703125 0.373958 0.702344 0.373958 0.699219 0.371875 0.698438 0.371875 0.694531 0.366667 0.693750 0.365625 0.689844 0.355208 0.689844 0.354167 0.686719 0.350000 0.685937 0.350000 0.682813 0.336458 0.682031 0.335417 0.683594 0.320833 0.683594 0.319792 0.685937 0.317708
0 0.735156 0.411458 0.764844 0.420833 0.765625 0.420833 0.772656 0.427083 0.773438 0.427083 0.775000 0.429167 0.775781 0.430208 0.776563 0.434375 0.776563 0.435417 0.773438 0.438542 0.772656 0.439583 0.768750 0.439583 0.767969 0.440625 0.760938 0.440625 0.760156 0.440625 0.750000 0.436458 0.749219 0.436458 0.742188 0.428125 0.741406 0.427083 0.729688 0.422917 0.728906 0.422917 0.728125 0.418750 0.728125 0.417708 0.730469 0.414583 0.731250 0.413542 0.735156 0.411458
0 0.751563 0.468750 0.756250 0.469792 0.757031 0.470833 0.763281 0.468750 0.764062 0.468750 0.767188 0.471875 0.767969 0.472917 0.789062 0.473958 0.789844 0.473958 0.791406 0.472917 0.792188 0.471875 0.796875 0.471875 0.797656 0.471875 0.797656 0.490625 0.797656 0.491667 0.796094 0.494792 0.796094 0.495833 0.791406 0.500000 0.790625 0.501042 0.782031 0.504167 0.781250 0.505208 0.767969 0.507292 0.767188 0.508333 0.764844 0.507292 0.764062 0.507292 0.758594 0.498958 0.757812 0.497917 0.752344 0.495833 0.751563 0.495833 0.740625 0.487500 0.739844 0.487500 0.740625 0.481250 0.740625 0.480208 0.746875 0.471875 0.747656 0.470833 0.751563 0.468750
0 0.762500 0.516667 0.775781 0.516667 0.776563 0.516667 0.778125 0.517708 0.778906 0.518750 0.778906 0.520833 0.779687 0.521875 0.776563 0.558333 0.776563 0.559375 0.774219 0.566667 0.774219 0.567708 0.770312 0.571875 0.769531 0.572917 0.766406 0.572917 0.765625 0.572917 0.754687 0.564583 0.753906 0.564583 0.747656 0.556250 0.746875 0.555208 0.746875 0.534375 0.746875 0.533333 0.750000 0.525000 0.750000 0.523958 0.753906 0.520833 0.754687 0.519792 0.762500 0.516667
0 0.755469 0.578125 0.760938 0.580208 0.761719 0.580208 0.763281 0.582292 0.764062 0.583333 0.763281 0.597917 0.763281 0.598958 0.760938 0.603125 0.760156 0.604167 0.757812 0.604167 0.757031 0.605208 0.755469 0.604167 0.754687 0.604167 0.752344 0.593750 0.751563 0.592708 0.752344 0.586458 0.752344 0.585417 0.755469 0.578125
0 0.957812 0.503125 0.968750 0.506250 0.969531 0.506250 0.971875 0.509375 0.972656 0.510417 0.973437 0.514583 0.974219 0.515625 0.974219 0.522917 0.974219 0.523958 0.971875 0.532292 0.971875 0.533333 0.967969 0.538542 0.967187 0.539583 0.960938 0.541667 0.960156 0.542708 0.954688 0.540625 0.953906 0.540625 0.947656 0.528125 0.946875 0.527083 0.946875 0.519792 0.946875 0.518750 0.949219 0.513542 0.949219 0.512500 0.954688 0.505208 0.955469 0.504167 0.957812 0.503125
0 0.992188 0.385417 0.998437 0.385417 0.999219 0.385417 0.999219 0.417708 0.999219 0.418750 0.998437 0.418750 0.997656 0.418750 0.989844 0.426042 0.989062 0.427083 0.983594 0.428125 0.982812 0.428125 0.978906 0.431250 0.978125 0.431250 0.959375 0.448958 0.959375 0.450000 0.957031 0.450000 0.956250 0.450000 0.958594 0.435417 0.958594 0.434375 0.957031 0.432292 0.956250 0.431250 0.953125 0.430208 0.952344 0.429167 0.952344 0.423958 0.952344 0.422917 0.953906 0.418750 0.953906 0.417708 0.970313 0.400000 0.971094 0.398958 0.984375 0.389583 0.985156 0.388542 0.992188 0.385417
0 0.993750 0.384375 0.998437 0.385417 0.999219 0.385417 0.999219 0.418750 0.999219 0.419792 0.998437 0.419792 0.997656 0.419792 0.992188 0.426042 0.991406 0.427083 0.984375 0.445833 0.984375 0.446875 0.978125 0.453125 0.977344 0.454167 0.976562 0.460417 0.976562 0.461458 0.980469 0.470833 0.980469 0.471875 0.979688 0.476042 0.978906 0.477083 0.974219 0.479167 0.973437 0.479167 0.970313 0.476042 0.969531 0.475000 0.959375 0.468750 0.958594 0.468750 0.953125 0.462500 0.952344 0.461458 0.952344 0.457292 0.952344 0.456250 0.956250 0.441667 0.957031 0.440625 0.957031 0.435417 0.957031 0.434375 0.953125 0.431250 0.952344 0.430208 0.951562 0.426042 0.951562 0.425000 0.954688 0.416667 0.954688 0.415625 0.959375 0.409375 0.960156 0.408333 0.975781 0.394792 0.976562 0.393750 0.993750 0.384375
0 0.808594 0.079167 0.812500 0.079167 0.813281 0.079167 0.815625 0.081250 0.816406 0.082292 0.816406 0.092708 0.816406 0.093750 0.813281 0.101042 0.813281 0.102083 0.806250 0.113542 0.805469 0.114583 0.801562 0.116667 0.800781 0.117708 0.796094 0.117708 0.795312 0.116667 0.793750 0.118750 0.792969 0.119792 0.791406 0.127083 0.791406 0.128125 0.789062 0.131250 0.788281 0.132292 0.784375 0.134375 0.783594 0.135417 0.778125 0.135417 0.777344 0.135417 0.771094 0.128125 0.770312 0.128125 0.762500 0.113542 0.761719 0.112500 0.760156 0.107292 0.759375 0.106250 0.759375 0.100000 0.759375 0.098958 0.761719 0.095833 0.762500 0.094792 0.766406 0.093750 0.767188 0.092708 0.775000 0.092708 0.775781 0.092708 0.782031 0.094792 0.782813 0.095833 0.789844 0.094792 0.790625 0.094792 0.799219 0.084375 0.800000 0.083333 0.808594 0.079167
0 0.861719 0.134375 0.865625 0.135417 0.866406 0.136458 0.866406 0.146875 0.866406 0.147917 0.872656 0.151042 0.873437 0.151042 0.880469 0.160417 0.881250 0.161458 0.882812 0.165625 0.883594 0.166667 0.883594 0.169792 0.883594 0.170833 0.882031 0.173958 0.882031 0.175000 0.878125 0.178125 0.877344 0.179167 0.871875 0.179167 0.871094 0.179167 0.867188 0.177083 0.866406 0.176042 0.862500 0.177083 0.861719 0.177083 0.860156 0.179167 0.859375 0.180208 0.854688 0.193750 0.854688 0.194792 0.850000 0.198958 0.849219 0.200000 0.844531 0.188542 0.844531 0.187500 0.839063 0.183333 0.838281 0.183333 0.837500 0.177083 0.837500 0.176042 0.842969 0.166667 0.842969 0.165625 0.852344 0.154167 0.853125 0.153125 0.857031 0.141667 0.857031 0.140625 0.861719 0.134375
0 0.800000 0.122917 0.810156 0.122917 0.810937 0.122917 0.817187 0.128125 0.817969 0.129167 0.818750 0.132292 0.818750 0.133333 0.811719 0.145833 0.810937 0.146875 0.807031 0.147917 0.806250 0.147917 0.796094 0.136458 0.795312 0.135417 0.794531 0.131250 0.794531 0.130208 0.800000 0.122917
0 0.864062 0.201042 0.867969 0.201042 0.868750 0.201042 0.874219 0.205208 0.875000 0.206250 0.884375 0.202083 0.885156 0.202083 0.889062 0.207292 0.889844 0.208333 0.889844 0.210417 0.890625 0.211458 0.888281 0.219792 0.888281 0.220833 0.882031 0.231250 0.882031 0.232292 0.875781 0.236458 0.875000 0.236458 0.864844 0.250000 0.864062 0.251042 0.861719 0.252083 0.860938 0.252083 0.858594 0.250000 0.857812 0.248958 0.855469 0.241667 0.855469 0.240625 0.856250 0.232292 0.856250 0.231250 0.858594 0.222917 0.859375 0.221875 0.862500 0.204167 0.862500 0.203125 0.864062 0.201042
0 0.637500 0.059375 0.641406 0.059375 0.642188 0.059375 0.644531 0.061458 0.645312 0.061458 0.653125 0.071875 0.653906 0.072917 0.667188 0.100000 0.667969 0.101042 0.671094 0.112500 0.671094 0.113542 0.675781 0.121875 0.676562 0.122917 0.676562 0.127083 0.676562 0.128125 0.673438 0.133333 0.672656 0.134375 0.662500 0.142708 0.661719 0.142708 0.656250 0.151042 0.655469 0.152083 0.651563 0.153125 0.650781 0.154167 0.646094 0.152083 0.645312 0.152083 0.632031 0.132292 0.631250 0.131250 0.625781 0.107292 0.625000 0.106250 0.625781 0.100000 0.625781 0.098958 0.631250 0.091667 0.632031 0.090625 0.632812 0.087500 0.633594 0.086458 0.634375 0.077083 0.634375 0.076042 0.636719 0.070833 0.637500 0.069792 0.637500 0.059375
0 0.692969 0.034375 0.696094 0.036458 0.696875 0.037500 0.697656 0.050000 0.698438 0.051042 0.698438 0.067708 0.698438 0.068750 0.697656 0.077083 0.697656 0.078125 0.695312 0.086458 0.695312 0.087500 0.692969 0.090625 0.692187 0.091667 0.688281 0.092708 0.687500 0.092708 0.685156 0.089583 0.684375 0.088542 0.682813 0.071875 0.682813 0.070833 0.679688 0.061458 0.678906 0.060417 0.678906 0.054167 0.678906 0.053125 0.681250 0.045833 0.681250 0.044792 0.692969 0.034375
0 0.764062 0.146875 0.775781 0.152083 0.776563 0.153125 0.778906 0.165625 0.779687 0.166667 0.779687 0.173958 0.779687 0.175000 0.782031 0.182292 0.782031 0.183333 0.785937 0.189583 0.786719 0.190625 0.789062 0.200000 0.789844 0.201042 0.789062 0.207292 0.788281 0.208333 0.782031 0.207292 0.781250 0.207292 0.774219 0.197917 0.773438 0.196875 0.773438 0.180208 0.773438 0.179167 0.771875 0.167708 0.771875 0.166667 0.769531 0.162500 0.768750 0.161458 0.764844 0.159375 0.764062 0.158333 0.763281 0.153125 0.762500 0.152083 0.764062 0.146875
0 0.556250 0.092708 0.567969 0.096875 0.568750 0.096875 0.570312 0.098958 0.571094 0.100000 0.571094 0.107292 0.571094 0.108333 0.559375 0.123958 0.558594 0.125000 0.553906 0.128125 0.553125 0.129167 0.549219 0.130208 0.548438 0.131250 0.540625 0.130208 0.539844 0.130208 0.534375 0.123958 0.533594 0.122917 0.533594 0.110417 0.533594 0.109375 0.536719 0.105208 0.537500 0.104167 0.546875 0.096875 0.547656 0.095833 0.556250 0.092708
0 0.532031 0.000000 0.552344 0.000000 0.553125 0.000000 0.553906 0.010417 0.553906 0.011458 0.556250 0.020833 0.557031 0.021875 0.557031 0.028125 0.557031 0.029167 0.553125 0.037500 0.552344 0.038542 0.542969 0.038542 0.542188 0.038542 0.535937 0.029167 0.535156 0.028125 0.532813 0.027083 0.532031 0.026042 0.529687 0.012500 0.528906 0.011458 0.529687 0.006250 0.529687 0.005208 0.532031 0.000000
0 0.589063 0.000000 0.610938 0.000000 0.611719 0.000000 0.611719 0.011458 0.611719 0.012500 0.609375 0.017708 0.608594 0.018750 0.604688 0.019792 0.603906 0.019792 0.600000 0.022917 0.599219 0.023958 0.599219 0.038542 0.599219 0.039583 0.596875 0.042708 0.596094 0.043750 0.592187 0.040625 0.591406 0.039583 0.589063 0.032292 0.589063 0.031250 0.579688 0.019792 0.578906 0.018750 0.588281 0.003125 0.589063 0.002083 0.589063 0.000000
0 0.850000 0.659375 0.857031 0.661458 0.857812 0.662500 0.864062 0.662500 0.864844 0.663542 0.872656 0.662500 0.873437 0.661458 0.876563 0.662500 0.877344 0.662500 0.885156 0.670833 0.885938 0.670833 0.892188 0.680208 0.892969 0.681250 0.899219 0.682292 0.900000 0.682292 0.918750 0.691667 0.919531 0.691667 0.932031 0.704167 0.932813 0.704167 0.935937 0.708333 0.936719 0.709375 0.938281 0.714583 0.939063 0.715625 0.939844 0.722917 0.939844 0.723958 0.942187 0.730208 0.942969 0.731250 0.942187 0.735417 0.942187 0.736458 0.936719 0.750000 0.935937 0.751042 0.934375 0.758333 0.934375 0.759375 0.931250 0.760417 0.930469 0.760417 0.927344 0.759375 0.926562 0.758333 0.920312 0.758333 0.919531 0.758333 0.900781 0.751042 0.900000 0.751042 0.879687 0.735417 0.878906 0.735417 0.875781 0.731250 0.875000 0.731250 0.864844 0.715625 0.864062 0.714583 0.849219 0.686458 0.848437 0.685417 0.846875 0.669792 0.846875 0.668750 0.847656 0.664583 0.847656 0.663542 0.850000 0.659375
0 0.801562 0.579167 0.807031 0.580208 0.807813 0.580208 0.814844 0.589583 0.815625 0.590625 0.820312 0.604167 0.821094 0.605208 0.825781 0.625000 0.826562 0.626042 0.826562 0.631250 0.826562 0.632292 0.822656 0.635417 0.821875 0.636458 0.819531 0.642708 0.818750 0.643750 0.818750 0.646875 0.818750 0.647917 0.820312 0.651042 0.821094 0.652083 0.821875 0.657292 0.822656 0.658333 0.825781 0.678125 0.826562 0.679167 0.825000 0.683333 0.824219 0.684375 0.820312 0.684375 0.819531 0.684375 0.806250 0.678125 0.805469 0.677083 0.800000 0.676042 0.799219 0.676042 0.793750 0.663542 0.792969 0.662500 0.790625 0.653125 0.789844 0.652083 0.787500 0.635417 0.786719 0.634375 0.788281 0.612500 0.788281 0.611458 0.793750 0.589583 0.793750 0.588542 0.801562 0.579167
0 0.850000 0.621875 0.860156 0.622917 0.860938 0.622917 0.864062 0.625000 0.864844 0.625000 0.870313 0.635417 0.871094 0.636458 0.871094 0.644792 0.871094 0.645833 0.859375 0.654167 0.858594 0.655208 0.846094 0.655208 0.845313 0.655208 0.841406 0.651042 0.840625 0.651042 0.839063 0.648958 0.838281 0.647917 0.837500 0.642708 0.837500 0.641667 0.843750 0.629167 0.843750 0.628125 0.850000 0.621875
0 0.913281 0.587500 0.917188 0.587500 0.917969 0.588542 0.918750 0.592708 0.918750 0.593750 0.917188 0.601042 0.917188 0.602083 0.912500 0.612500 0.912500 0.613542 0.903906 0.625000 0.903125 0.626042 0.898438 0.637500 0.898438 0.638542 0.896094 0.641667 0.896094 0.642708 0.889062 0.653125 0.889062 0.654167 0.885156 0.657292 0.884375 0.657292 0.883594 0.653125 0.883594 0.652083 0.888281 0.639583 0.889062 0.638542 0.889844 0.633333 0.889844 0.632292 0.887500 0.631250 0.886719 0.631250 0.881250 0.633333 0.880469 0.634375 0.878125 0.633333 0.877344 0.633333 0.876563 0.631250 0.876563 0.630208 0.878125 0.628125 0.878906 0.627083 0.885938 0.622917 0.886719 0.622917 0.898438 0.612500 0.899219 0.612500 0.913281 0.587500
0 0.965625 0.619792 0.985938 0.619792 0.986719 0.619792 0.992969 0.621875 0.993750 0.621875 0.998437 0.623958 0.999219 0.623958 0.999219 0.630208 0.999219 0.631250 0.992188 0.639583 0.991406 0.640625 0.986719 0.643750 0.985938 0.643750 0.982031 0.651042 0.982031 0.652083 0.978125 0.652083 0.977344 0.652083 0.975000 0.648958 0.974219 0.647917 0.970313 0.645833 0.969531 0.644792 0.963281 0.643750 0.962500 0.642708 0.963281 0.634375 0.964063 0.633333 0.962500 0.622917 0.962500 0.621875 0.965625 0.619792
0 0.991406 0.529167 0.993750 0.529167 0.994531 0.529167 0.998437 0.534375 0.999219 0.534375 0.999219 0.601042 0.999219 0.602083 0.996094 0.605208 0.995313 0.606250 0.990625 0.617708 0.990625 0.618750 0.965625 0.618750 0.964844 0.618750 0.955469 0.607292 0.954688 0.606250 0.950781 0.593750 0.950000 0.592708 0.949219 0.586458 0.949219 0.585417 0.946094 0.580208 0.945312 0.579167 0.946875 0.565625 0.946875 0.564583 0.953125 0.562500 0.953906 0.562500 0.954688 0.579167 0.954688 0.580208 0.957812 0.591667 0.958594 0.592708 0.959375 0.592708 0.960156 0.591667 0.960938 0.581250 0.960938 0.580208 0.966406 0.573958 0.967187 0.572917 0.969531 0.573958 0.970313 0.573958 0.975000 0.580208 0.975781 0.581250 0.981250 0.584375 0.982031 0.584375 0.982812 0.587500 0.982812 0.588542 0.985156 0.590625 0.985938 0.590625 0.989062 0.584375 0.989844 0.583333 0.991406 0.570833 0.992188 0.569792 0.992969 0.551042 0.992969 0.550000 0.991406 0.541667 0.990625 0.540625 0.991406 0.529167
0 0.998437 0.689583 0.999219 0.741667 0.999219 0.742708 0.995313 0.743750 0.994531 0.744792 0.982031 0.745833 0.981250 0.745833 0.965625 0.737500 0.964844 0.737500 0.964063 0.736458 0.963281 0.735417 0.963281 0.732292 0.963281 0.731250 0.973437 0.720833 0.974219 0.719792 0.981250 0.714583 0.982031 0.714583 0.986719 0.708333 0.987500 0.708333 0.992969 0.701042 0.993750 0.700000 0.998437 0.689583
0 0.991406 0.839583 0.998437 0.839583 0.999219 0.839583 0.999219 0.864583 0.999219 0.865625 0.964063 0.865625 0.963281 0.864583 0.963281 0.862500 0.963281 0.861458 0.969531 0.847917 0.969531 0.846875 0.972656 0.844792 0.973437 0.843750 0.979688 0.841667 0.980469 0.840625 0.991406 0.839583
0 0.998437 0.689583 0.999219 0.815625 0.999219 0.816667 0.992188 0.811458 0.991406 0.810417 0.989062 0.800000 0.988281 0.798958 0.988281 0.794792 0.988281 0.793750 0.992188 0.780208 0.992969 0.779167 0.992969 0.776042 0.992969 0.775000 0.990625 0.772917 0.989844 0.771875 0.989844 0.767708 0.989062 0.766667 0.989062 0.761458 0.989062 0.760417 0.991406 0.753125 0.992188 0.752083 0.992188 0.747917 0.992188 0.746875 0.990625 0.745833 0.989844 0.744792 0.979688 0.745833 0.978906 0.745833 0.964844 0.736458 0.964063 0.735417 0.964063 0.732292 0.964063 0.731250 0.972656 0.721875 0.973437 0.720833 0.981250 0.714583 0.982031 0.714583 0.986719 0.708333 0.987500 0.708333 0.992969 0.701042 0.993750 0.700000 0.998437 0.689583
0 0.912500 0.757292 0.916406 0.757292 0.917188 0.757292 0.926562 0.765625 0.927344 0.765625 0.932031 0.772917 0.932813 0.773958 0.932813 0.776042 0.933594 0.777083 0.932031 0.780208 0.932031 0.781250 0.927344 0.784375 0.926562 0.785417 0.914062 0.786458 0.913281 0.787500 0.903906 0.786458 0.903125 0.786458 0.902344 0.782292 0.902344 0.781250 0.903906 0.771875 0.903906 0.770833 0.908594 0.762500 0.908594 0.761458 0.912500 0.757292
0 0.906250 0.801042 0.917188 0.801042 0.917969 0.801042 0.920312 0.803125 0.921094 0.803125 0.933594 0.819792 0.934375 0.820833 0.934375 0.826042 0.934375 0.827083 0.927344 0.829167 0.926562 0.829167 0.902344 0.821875 0.901563 0.821875 0.900781 0.820833 0.900000 0.819792 0.899219 0.814583 0.899219 0.813542 0.903125 0.805208 0.903125 0.804167 0.906250 0.801042
0 0.723437 0.669792 0.730469 0.670833 0.731250 0.670833 0.737500 0.680208 0.738281 0.681250 0.737500 0.686458 0.737500 0.687500 0.732031 0.693750 0.731250 0.694792 0.725000 0.694792 0.724219 0.694792 0.718750 0.686458 0.717969 0.685417 0.717969 0.675000 0.717969 0.673958 0.723437 0.669792
0 0.664844 0.746875 0.677344 0.747917 0.678125 0.747917 0.680469 0.750000 0.681250 0.750000 0.682813 0.752083 0.683594 0.753125 0.683594 0.755208 0.684375 0.756250 0.684375 0.765625 0.684375 0.766667 0.691406 0.777083 0.692187 0.778125 0.697656 0.782292 0.698438 0.783333 0.697656 0.788542 0.697656 0.789583 0.687500 0.800000 0.686719 0.801042 0.683594 0.802083 0.682813 0.803125 0.665625 0.804167 0.664844 0.804167 0.657031 0.796875 0.656250 0.795833 0.650000 0.792708 0.649219 0.791667 0.646875 0.779167 0.646094 0.778125 0.646094 0.767708 0.646094 0.766667 0.650000 0.757292 0.650781 0.756250 0.664844 0.746875
0 0.700000 0.633333 0.703125 0.641667 0.703125 0.642708 0.706250 0.646875 0.707031 0.647917 0.717187 0.653125 0.717969 0.653125 0.718750 0.656250 0.719531 0.657292 0.718750 0.664583 0.718750 0.665625 0.714844 0.675000 0.714844 0.676042 0.713281 0.678125 0.712500 0.679167 0.703125 0.684375 0.702344 0.685417 0.696094 0.683333 0.695312 0.683333 0.692969 0.681250 0.692187 0.681250 0.690625 0.678125 0.689844 0.677083 0.690625 0.666667 0.691406 0.665625 0.691406 0.653125 0.691406 0.652083 0.692187 0.650000 0.692969 0.648958 0.693750 0.640625 0.693750 0.639583 0.700000 0.633333
0 0.729688 0.626042 0.734375 0.626042 0.735156 0.626042 0.743750 0.629167 0.744531 0.629167 0.746094 0.631250 0.746875 0.632292 0.747656 0.647917 0.747656 0.648958 0.746094 0.652083 0.745313 0.653125 0.738281 0.659375 0.737500 0.660417 0.728125 0.663542 0.727344 0.663542 0.723437 0.659375 0.722656 0.658333 0.721875 0.642708 0.721875 0.641667 0.725000 0.633333 0.725000 0.632292 0.729688 0.626042
0 0.551562 0.411458 0.557031 0.411458 0.557813 0.411458 0.563281 0.415625 0.564063 0.415625 0.569531 0.422917 0.570312 0.423958 0.574219 0.432292 0.575000 0.433333 0.579688 0.452083 0.580469 0.453125 0.580469 0.457292 0.580469 0.458333 0.578125 0.466667 0.577344 0.467708 0.571875 0.468750 0.571094 0.468750 0.561719 0.464583 0.560937 0.464583 0.557813 0.458333 0.557813 0.457292 0.553125 0.451042 0.552344 0.450000 0.549219 0.421875 0.548438 0.420833 0.548438 0.416667 0.548438 0.415625 0.551562 0.411458
0 0.516406 0.420833 0.530469 0.422917 0.531250 0.423958 0.540625 0.423958 0.541406 0.423958 0.544531 0.427083 0.545312 0.427083 0.549219 0.454167 0.549219 0.455208 0.544531 0.458333 0.543750 0.459375 0.536719 0.459375 0.535937 0.460417 0.528125 0.460417 0.527344 0.460417 0.520312 0.456250 0.519531 0.456250 0.514844 0.461458 0.514062 0.462500 0.505469 0.462500 0.504687 0.462500 0.496875 0.468750 0.496094 0.468750 0.490625 0.478125 0.489844 0.479167 0.484375 0.482292 0.483594 0.483333 0.480469 0.482292 0.479687 0.482292 0.475781 0.470833 0.475000 0.469792 0.472656 0.459375 0.471875 0.458333 0.471875 0.453125 0.471875 0.452083 0.477344 0.439583 0.477344 0.438542 0.482031 0.435417 0.482812 0.434375 0.500781 0.437500 0.501563 0.437500 0.504687 0.434375 0.505469 0.433333 0.507812 0.428125 0.508594 0.427083 0.516406 0.420833
0 0.586719 0.523958 0.592187 0.531250 0.592969 0.532292 0.601562 0.538542 0.602344 0.538542 0.604688 0.544792 0.605469 0.545833 0.608594 0.575000 0.609375 0.576042 0.609375 0.585417 0.609375 0.586458 0.607031 0.591667 0.606250 0.592708 0.601562 0.594792 0.600781 0.595833 0.600000 0.595833 0.599219 0.595833 0.598437 0.589583 0.598437 0.588542 0.596094 0.585417 0.595313 0.584375 0.594531 0.580208 0.594531 0.579167 0.589844 0.569792 0.589063 0.568750 0.585156 0.555208 0.585156 0.554167 0.580469 0.547917 0.579688 0.546875 0.579688 0.540625 0.579688 0.539583 0.584375 0.527083 0.584375 0.526042 0.586719 0.523958
0 0.596094 0.496875 0.607031 0.511458 0.607812 0.512500 0.607031 0.531250 0.607031 0.532292 0.603906 0.537500 0.603125 0.538542 0.596094 0.535417 0.595313 0.535417 0.586719 0.525000 0.585938 0.523958 0.587500 0.517708 0.587500 0.516667 0.594531 0.498958 0.594531 0.497917 0.596094 0.496875
0 0.625781 0.571875 0.630469 0.571875 0.631250 0.571875 0.637500 0.576042 0.638281 0.577083 0.639062 0.582292 0.639844 0.583333 0.639062 0.592708 0.639062 0.593750 0.637500 0.595833 0.636719 0.596875 0.633594 0.597917 0.632812 0.597917 0.622656 0.591667 0.621875 0.591667 0.613281 0.605208 0.612500 0.606250 0.610938 0.611458 0.610938 0.612500 0.607812 0.616667 0.607031 0.617708 0.603906 0.617708 0.603125 0.617708 0.596094 0.614583 0.595313 0.614583 0.593750 0.610417 0.592969 0.609375 0.592969 0.604167 0.592969 0.603125 0.598437 0.594792 0.598437 0.593750 0.605469 0.590625 0.606250 0.590625 0.608594 0.587500 0.609375 0.586458 0.610156 0.580208 0.610156 0.579167 0.611719 0.576042 0.612500 0.575000 0.625781 0.571875
0 0.721875 0.546875 0.723437 0.546875 0.724219 0.546875 0.726562 0.551042 0.727344 0.552083 0.728125 0.563542 0.728125 0.564583 0.729688 0.569792 0.730469 0.570833 0.730469 0.576042 0.730469 0.577083 0.725000 0.588542 0.724219 0.589583 0.717187 0.591667 0.716406 0.591667 0.711719 0.586458 0.710938 0.585417 0.707031 0.575000 0.707031 0.573958 0.702344 0.567708 0.701562 0.566667 0.696094 0.555208 0.696094 0.554167 0.697656 0.552083 0.698438 0.551042 0.703906 0.551042 0.704688 0.551042 0.707812 0.554167 0.708594 0.554167 0.714844 0.548958 0.715625 0.547917 0.721875 0.546875
0 0.542969 0.779167 0.547656 0.779167 0.548438 0.779167 0.553125 0.782292 0.553906 0.782292 0.573438 0.798958 0.574219 0.798958 0.577344 0.803125 0.578125 0.804167 0.583594 0.816667 0.584375 0.817708 0.585156 0.826042 0.585156 0.827083 0.580469 0.832292 0.579688 0.833333 0.573438 0.835417 0.572656 0.835417 0.568750 0.832292 0.567969 0.831250 0.554688 0.830208 0.553906 0.830208 0.542969 0.823958 0.542188 0.823958 0.534375 0.812500 0.533594 0.811458 0.530469 0.801042 0.529687 0.800000 0.529687 0.792708 0.529687 0.791667 0.533594 0.784375 0.534375 0.783333 0.542969 0.779167
0 0.715625 0.829167 0.718750 0.830208 0.719531 0.830208 0.722656 0.836458 0.722656 0.837500 0.725000 0.839583 0.725781 0.840625 0.735156 0.841667 0.735938 0.841667 0.742969 0.850000 0.743750 0.850000 0.751563 0.861458 0.752344 0.862500 0.750781 0.864583 0.750000 0.865625 0.628906 0.865625 0.628125 0.864583 0.628125 0.863542 0.628125 0.862500 0.632812 0.860417 0.633594 0.859375 0.650000 0.858333 0.650781 0.858333 0.660156 0.855208 0.660937 0.854167 0.680469 0.850000 0.681250 0.850000 0.687500 0.846875 0.688281 0.845833 0.705469 0.839583 0.706250 0.839583 0.711719 0.832292 0.712500 0.831250 0.715625 0.829167
0 0.120313 0.505208 0.137500 0.506250 0.138281 0.506250 0.158594 0.510417 0.159375 0.510417 0.183594 0.518750 0.184375 0.518750 0.200000 0.527083 0.200781 0.527083 0.219531 0.540625 0.220312 0.540625 0.230469 0.550000 0.231250 0.550000 0.257031 0.581250 0.257812 0.581250 0.275000 0.605208 0.275781 0.606250 0.282031 0.617708 0.282813 0.618750 0.298438 0.652083 0.299219 0.653125 0.313281 0.688542 0.314063 0.689583 0.316406 0.701042 0.316406 0.702083 0.321875 0.719792 0.322656 0.720833 0.325000 0.732292 0.325781 0.733333 0.325781 0.750000 0.325781 0.751042 0.322656 0.767708 0.322656 0.768750 0.318750 0.771875 0.317969 0.772917 0.305469 0.772917 0.304688 0.772917 0.303125 0.771875 0.302344 0.771875 0.293750 0.759375 0.292969 0.758333 0.285938 0.737500 0.285156 0.736458 0.282813 0.719792 0.282813 0.718750 0.275000 0.688542 0.274219 0.687500 0.271094 0.669792 0.271094 0.668750 0.267188 0.657292 0.267188 0.656250 0.261719 0.646875 0.260937 0.645833 0.253125 0.628125 0.253125 0.627083 0.235156 0.602083 0.234375 0.601042 0.229687 0.591667 0.229687 0.590625 0.225000 0.584375 0.224219 0.583333 0.206250 0.570833 0.205469 0.570833 0.200781 0.564583 0.200000 0.563542 0.192969 0.562500 0.192188 0.561458 0.182031 0.562500 0.181250 0.563542 0.149219 0.561458 0.148438 0.561458 0.138281 0.557292 0.137500 0.557292 0.130469 0.552083 0.129688 0.551042 0.122656 0.547917 0.121875 0.547917 0.117969 0.543750 0.117188 0.542708 0.110937 0.525000 0.110156 0.523958 0.110156 0.520833 0.110156 0.519792 0.113281 0.510417 0.113281 0.509375 0.115625 0.507292 0.116406 0.506250 0.120313 0.505208
0 0.411719 0.164583 0.414844 0.164583 0.415625 0.164583 0.423438 0.172917 0.424219 0.172917 0.425781 0.177083 0.426563 0.178125 0.423438 0.194792 0.423438 0.195833 0.418750 0.207292 0.418750 0.208333 0.415625 0.211458 0.414844 0.212500 0.407813 0.215625 0.407031 0.215625 0.400000 0.225000 0.399219 0.226042 0.390625 0.233333 0.389844 0.234375 0.378125 0.239583 0.377344 0.239583 0.367969 0.253125 0.367188 0.254167 0.357812 0.255208 0.357031 0.255208 0.344531 0.250000 0.343750 0.248958 0.343750 0.246875 0.343750 0.245833 0.347656 0.240625 0.347656 0.239583 0.364063 0.221875 0.364844 0.220833 0.372656 0.205208 0.373437 0.204167 0.392188 0.186458 0.392969 0.185417 0.402344 0.180208 0.403125 0.180208 0.411719 0.164583
0 0.371094 0.148958 0.380469 0.150000 0.381250 0.150000 0.385937 0.154167 0.386719 0.155208 0.385937 0.170833 0.385937 0.171875 0.381250 0.185417 0.381250 0.186458 0.377344 0.193750 0.377344 0.194792 0.371094 0.202083 0.370312 0.203125 0.353906 0.229167 0.353125 0.230208 0.345313 0.236458 0.344531 0.237500 0.338281 0.235417 0.337500 0.235417 0.333594 0.229167 0.332813 0.228125 0.332813 0.226042 0.332031 0.225000 0.330469 0.212500 0.329688 0.211458 0.331250 0.206250 0.331250 0.205208 0.337500 0.194792 0.338281 0.193750 0.342969 0.181250 0.342969 0.180208 0.351562 0.167708 0.351562 0.166667 0.361719 0.153125 0.362500 0.152083 0.371094 0.148958
0 0.390625 0.257292 0.414844 0.258333 0.415625 0.258333 0.422656 0.260417 0.423438 0.260417 0.431250 0.277083 0.432031 0.278125 0.432812 0.283333 0.432812 0.284375 0.435156 0.288542 0.435937 0.289583 0.435937 0.295833 0.435937 0.296875 0.433594 0.301042 0.433594 0.302083 0.430469 0.306250 0.429688 0.307292 0.425000 0.309375 0.424219 0.309375 0.411719 0.318750 0.410938 0.319792 0.389062 0.321875 0.388281 0.321875 0.385156 0.318750 0.384375 0.318750 0.379688 0.312500 0.378906 0.311458 0.372656 0.298958 0.371875 0.297917 0.370312 0.290625 0.370312 0.289583 0.367188 0.284375 0.366406 0.283333 0.365625 0.278125 0.365625 0.277083 0.371875 0.264583 0.372656 0.263542 0.378906 0.259375 0.379688 0.258333 0.390625 0.257292
0 0.371094 0.148958 0.376563 0.148958 0.377344 0.148958 0.381250 0.151042 0.382031 0.151042 0.385937 0.156250 0.386719 0.157292 0.385937 0.172917 0.385937 0.173958 0.379688 0.193750 0.380469 0.194792 0.382031 0.193750 0.382031 0.192708 0.385937 0.191667 0.386719 0.191667 0.389844 0.187500 0.390625 0.186458 0.401562 0.179167 0.402344 0.179167 0.410938 0.166667 0.411719 0.165625 0.415625 0.165625 0.416406 0.165625 0.421094 0.170833 0.421875 0.170833 0.425781 0.177083 0.426563 0.178125 0.424219 0.194792 0.424219 0.195833 0.421875 0.201042 0.421094 0.202083 0.417969 0.214583 0.417187 0.215625 0.417187 0.219792 0.417187 0.220833 0.421094 0.223958 0.421875 0.225000 0.423438 0.231250 0.423438 0.232292 0.431250 0.246875 0.432031 0.247917 0.434375 0.256250 0.435156 0.257292 0.431250 0.265625 0.430469 0.266667 0.432031 0.270833 0.432812 0.271875 0.435156 0.286458 0.435937 0.287500 0.435937 0.296875 0.435937 0.297917 0.429688 0.309375 0.428906 0.310417 0.422656 0.326042 0.421875 0.327083 0.420312 0.354167 0.420312 0.355208 0.410938 0.367708 0.410156 0.368750 0.407813 0.380208 0.407031 0.381250 0.406250 0.392708 0.406250 0.393750 0.410938 0.402083 0.411719 0.403125 0.414844 0.406250 0.415625 0.407292 0.418750 0.408333 0.419531 0.409375 0.423438 0.434375 0.424219 0.435417 0.424219 0.443750 0.424219 0.444792 0.417969 0.452083 0.417187 0.453125 0.415625 0.453125 0.414844 0.454167 0.405469 0.454167 0.404687 0.454167 0.402344 0.452083 0.401562 0.452083 0.392969 0.439583 0.392188 0.438542 0.391406 0.435417 0.390625 0.434375 0.389062 0.419792 0.389062 0.418750 0.382031 0.401042 0.381250 0.400000 0.374219 0.369792 0.374219 0.368750 0.363281 0.350000 0.362500 0.348958 0.350781 0.344792 0.350000 0.344792 0.346875 0.338542 0.346094 0.337500 0.336719 0.333333 0.335938 0.332292 0.330469 0.331250 0.329688 0.330208 0.309375 0.331250 0.308594 0.332292 0.300000 0.331250 0.299219 0.331250 0.296875 0.329167 0.296094 0.329167 0.291406 0.320833 0.290625 0.319792 0.285938 0.316667 0.285156 0.316667 0.284375 0.314583 0.283594 0.313542 0.284375 0.304167 0.284375 0.303125 0.288281 0.292708 0.288281 0.291667 0.305469 0.256250 0.305469 0.255208 0.309375 0.253125 0.310156 0.252083 0.317188 0.251042 0.317969 0.251042 0.321875 0.244792 0.321875 0.243750 0.324219 0.242708 0.325000 0.241667 0.329688 0.241667 0.330469 0.241667 0.335938 0.238542 0.336719 0.237500 0.333594 0.229167 0.332813 0.228125 0.331250 0.217708 0.330469 0.216667 0.330469 0.208333 0.330469 0.207292 0.332031 0.204167 0.332031 0.203125 0.336719 0.195833 0.337500 0.194792 0.342969 0.181250 0.342969 0.180208 0.352344 0.166667 0.352344 0.165625 0.360938 0.154167 0.361719 0.153125 0.371094 0.148958
0 0.307031 0.353125 0.310937 0.353125 0.311719 0.353125 0.314063 0.355208 0.314844 0.356250 0.324219 0.359375 0.325000 0.359375 0.328906 0.364583 0.329688 0.365625 0.329688 0.377083 0.329688 0.378125 0.333594 0.391667 0.333594 0.392708 0.327344 0.408333 0.327344 0.409375 0.322656 0.414583 0.321875 0.415625 0.311719 0.416667 0.310937 0.416667 0.307812 0.414583 0.307031 0.414583 0.303906 0.410417 0.303125 0.409375 0.296875 0.411458 0.296094 0.412500 0.292187 0.412500 0.291406 0.412500 0.278906 0.407292 0.278125 0.407292 0.277344 0.405208 0.276562 0.404167 0.275781 0.395833 0.275000 0.394792 0.275781 0.388542 0.275781 0.387500 0.277344 0.385417 0.277344 0.384375 0.285938 0.373958 0.286719 0.372917 0.293750 0.372917 0.294531 0.372917 0.298438 0.369792 0.299219 0.369792 0.307031 0.353125
0 0.312500 0.332292 0.322656 0.332292 0.323437 0.332292 0.328125 0.334375 0.328906 0.334375 0.330469 0.335417 0.331250 0.335417 0.332813 0.338542 0.333594 0.339583 0.336719 0.339583 0.337500 0.339583 0.341406 0.344792 0.342187 0.345833 0.342187 0.350000 0.342187 0.351042 0.340625 0.352083 0.339844 0.352083 0.338281 0.355208 0.338281 0.356250 0.332031 0.362500 0.331250 0.363542 0.330469 0.378125 0.330469 0.379167 0.332813 0.386458 0.333594 0.387500 0.333594 0.392708 0.333594 0.393750 0.329688 0.404167 0.329688 0.405208 0.326562 0.410417 0.326562 0.411458 0.321875 0.415625 0.321094 0.416667 0.310156 0.416667 0.309375 0.416667 0.303125 0.411458 0.302344 0.410417 0.298438 0.411458 0.297656 0.412500 0.291406 0.412500 0.290625 0.412500 0.280469 0.408333 0.279687 0.408333 0.277344 0.405208 0.276562 0.404167 0.274219 0.391667 0.274219 0.390625 0.275000 0.387500 0.275000 0.386458 0.277344 0.383333 0.277344 0.382292 0.282031 0.377083 0.282813 0.376042 0.286719 0.364583 0.286719 0.363542 0.289844 0.358333 0.290625 0.357292 0.290625 0.355208 0.290625 0.354167 0.287500 0.347917 0.286719 0.346875 0.286719 0.341667 0.286719 0.340625 0.297656 0.340625 0.298438 0.340625 0.305469 0.334375 0.306250 0.333333 0.312500 0.332292
0 0.305469 0.187500 0.309375 0.187500 0.310156 0.187500 0.314844 0.193750 0.315625 0.194792 0.317188 0.221875 0.317188 0.222917 0.315625 0.234375 0.315625 0.235417 0.314063 0.238542 0.314063 0.239583 0.307812 0.244792 0.307031 0.245833 0.302344 0.244792 0.301563 0.244792 0.297656 0.241667 0.296875 0.241667 0.292969 0.236458 0.292187 0.235417 0.290625 0.229167 0.289844 0.228125 0.287500 0.228125 0.286719 0.228125 0.280469 0.239583 0.279687 0.240625 0.275000 0.242708 0.274219 0.242708 0.271875 0.237500 0.271094 0.236458 0.271094 0.232292 0.271094 0.231250 0.275000 0.218750 0.275000 0.217708 0.282031 0.209375 0.282813 0.208333 0.289844 0.205208 0.290625 0.205208 0.295312 0.197917 0.296094 0.196875 0.305469 0.187500
0 0.129688 0.084375 0.153125 0.084375 0.153906 0.084375 0.158594 0.089583 0.159375 0.090625 0.161719 0.095833 0.161719 0.096875 0.157031 0.110417 0.157031 0.111458 0.164844 0.121875 0.165625 0.122917 0.167969 0.129167 0.168750 0.130208 0.168750 0.143750 0.168750 0.144792 0.166406 0.148958 0.165625 0.150000 0.157031 0.154167 0.156250 0.154167 0.152344 0.160417 0.151562 0.161458 0.143750 0.163542 0.142969 0.163542 0.137500 0.168750 0.136719 0.169792 0.135156 0.169792 0.134375 0.170833 0.123438 0.172917 0.122656 0.173958 0.115625 0.173958 0.114844 0.173958 0.105469 0.170833 0.104688 0.170833 0.099219 0.165625 0.098437 0.165625 0.092188 0.154167 0.091406 0.153125 0.090625 0.139583 0.089844 0.138542 0.090625 0.128125 0.090625 0.127083 0.089063 0.125000 0.088281 0.123958 0.088281 0.118750 0.088281 0.117708 0.094531 0.107292 0.095312 0.106250 0.105469 0.095833 0.106250 0.094792 0.117188 0.087500 0.117969 0.086458 0.129688 0.084375
0 0.129688 0.006250 0.134375 0.006250 0.135156 0.006250 0.138281 0.009375 0.139063 0.010417 0.146094 0.013542 0.146875 0.013542 0.150000 0.016667 0.150781 0.016667 0.164062 0.034375 0.164844 0.035417 0.165625 0.041667 0.165625 0.042708 0.164062 0.045833 0.164062 0.046875 0.158594 0.052083 0.157812 0.053125 0.153125 0.054167 0.152344 0.054167 0.136719 0.061458 0.135937 0.062500 0.114844 0.060417 0.114062 0.060417 0.112500 0.058333 0.111719 0.058333 0.107813 0.051042 0.107031 0.050000 0.107813 0.039583 0.107813 0.038542 0.113281 0.027083 0.113281 0.026042 0.119531 0.016667 0.119531 0.015625 0.122656 0.011458 0.123438 0.010417 0.129688 0.006250
0 0.000000 0.010417 0.016406 0.015625 0.017188 0.015625 0.025000 0.023958 0.025781 0.023958 0.032031 0.032292 0.032813 0.033333 0.031250 0.046875 0.031250 0.047917 0.025781 0.048958 0.025000 0.048958 0.017969 0.046875 0.017188 0.046875 0.011719 0.052083 0.010937 0.053125 0.000781 0.048958 0.000000 0.048958 0.000000 0.010417
0 0.000000 0.009375 0.017969 0.015625 0.018750 0.015625 0.032031 0.031250 0.032813 0.032292 0.045312 0.033333 0.046094 0.033333 0.050000 0.036458 0.050781 0.037500 0.053125 0.043750 0.053906 0.044792 0.054688 0.053125 0.054688 0.054167 0.053906 0.056250 0.053125 0.057292 0.050000 0.058333 0.049219 0.058333 0.045312 0.062500 0.044531 0.063542 0.045312 0.066667 0.045312 0.067708 0.047656 0.069792 0.048438 0.070833 0.048438 0.072917 0.049219 0.073958 0.043750 0.082292 0.042969 0.083333 0.039062 0.085417 0.038281 0.085417 0.035156 0.083333 0.034375 0.083333 0.033594 0.081250 0.032813 0.080208 0.033594 0.075000 0.033594 0.073958 0.037500 0.070833 0.038281 0.069792 0.037500 0.066667 0.036719 0.065625 0.033594 0.064583 0.032813 0.063542 0.032813 0.061458 0.032813 0.060417 0.035937 0.058333 0.036719 0.058333 0.037500 0.056250 0.038281 0.055208 0.036719 0.052083 0.035937 0.051042 0.027344 0.051042 0.026562 0.051042 0.018750 0.048958 0.017969 0.048958 0.012500 0.053125 0.011719 0.054167 0.000781 0.052083 0.000000 0.052083 0.000000 0.009375
0 0.053125 0.000000 0.076563 0.000000 0.077344 0.000000 0.082031 0.005208 0.082812 0.006250 0.085156 0.011458 0.085938 0.012500 0.086719 0.021875 0.086719 0.022917 0.084375 0.032292 0.084375 0.033333 0.075000 0.039583 0.074219 0.039583 0.067969 0.050000 0.067187 0.051042 0.064844 0.050000 0.064062 0.048958 0.057813 0.035417 0.057031 0.034375 0.054688 0.018750 0.053906 0.017708 0.053125 0.000000
0 0.088281 0.211458 0.089844 0.211458 0.090625 0.211458 0.099219 0.217708 0.100000 0.218750 0.102344 0.218750 0.103125 0.219792 0.107031 0.215625 0.107813 0.215625 0.114062 0.220833 0.114844 0.220833 0.124219 0.234375 0.125000 0.235417 0.129688 0.236458 0.130469 0.237500 0.137500 0.236458 0.138281 0.236458 0.146094 0.247917 0.146875 0.248958 0.147656 0.256250 0.147656 0.257292 0.142969 0.280208 0.142969 0.281250 0.132031 0.292708 0.131250 0.293750 0.125000 0.297917 0.124219 0.297917 0.122656 0.301042 0.121875 0.302083 0.120313 0.315625 0.120313 0.316667 0.117188 0.328125 0.116406 0.329167 0.120313 0.362500 0.121094 0.363542 0.120313 0.373958 0.120313 0.375000 0.117188 0.383333 0.116406 0.384375 0.108594 0.384375 0.107813 0.384375 0.105469 0.382292 0.104688 0.382292 0.100000 0.373958 0.099219 0.372917 0.089844 0.350000 0.089063 0.348958 0.088281 0.348958 0.087500 0.348958 0.085156 0.353125 0.084375 0.354167 0.080469 0.356250 0.079687 0.357292 0.076563 0.356250 0.075781 0.356250 0.075000 0.352083 0.074219 0.351042 0.074219 0.336458 0.074219 0.335417 0.078906 0.321875 0.078906 0.320833 0.090625 0.298958 0.091406 0.297917 0.091406 0.293750 0.092188 0.292708 0.092188 0.286458 0.091406 0.285417 0.087500 0.286458 0.086719 0.286458 0.084375 0.284375 0.083594 0.284375 0.082812 0.264583 0.082031 0.263542 0.082812 0.258333 0.082812 0.257292 0.085156 0.252083 0.085156 0.251042 0.082031 0.236458 0.081250 0.235417 0.080469 0.221875 0.080469 0.220833 0.088281 0.211458
0 0.169531 0.188542 0.178906 0.190625 0.179688 0.190625 0.186719 0.196875 0.187500 0.197917 0.198437 0.198958 0.199219 0.198958 0.200781 0.203125 0.201563 0.204167 0.200781 0.210417 0.200781 0.211458 0.194531 0.217708 0.193750 0.218750 0.192188 0.223958 0.192188 0.225000 0.190625 0.226042 0.189844 0.227083 0.181250 0.227083 0.180469 0.227083 0.173437 0.219792 0.172656 0.218750 0.168750 0.217708 0.167969 0.217708 0.157812 0.211458 0.157031 0.211458 0.153125 0.207292 0.152344 0.207292 0.152344 0.200000 0.152344 0.198958 0.159375 0.191667 0.160156 0.190625 0.164844 0.191667 0.165625 0.191667 0.169531 0.188542
0 0.232031 0.195833 0.237500 0.197917 0.238281 0.197917 0.242188 0.201042 0.242969 0.201042 0.244531 0.204167 0.245312 0.205208 0.245312 0.210417 0.245312 0.211458 0.239063 0.220833 0.238281 0.221875 0.238281 0.225000 0.238281 0.226042 0.239844 0.228125 0.240625 0.229167 0.240625 0.231250 0.241406 0.232292 0.241406 0.241667 0.241406 0.242708 0.235937 0.254167 0.235937 0.255208 0.234375 0.257292 0.233594 0.258333 0.228906 0.260417 0.228125 0.260417 0.225781 0.259375 0.225000 0.258333 0.217969 0.257292 0.217188 0.257292 0.215625 0.252083 0.214844 0.251042 0.214062 0.243750 0.214062 0.242708 0.206250 0.233333 0.205469 0.232292 0.205469 0.230208 0.205469 0.229167 0.207031 0.226042 0.207813 0.225000 0.207031 0.211458 0.207031 0.210417 0.209375 0.206250 0.210156 0.205208 0.217188 0.200000 0.217969 0.198958 0.232031 0.195833
0 0.239844 0.173958 0.266406 0.177083 0.267188 0.177083 0.275781 0.181250 0.276562 0.182292 0.282813 0.183333 0.283594 0.183333 0.286719 0.185417 0.287500 0.185417 0.289062 0.190625 0.289062 0.191667 0.287500 0.193750 0.286719 0.194792 0.279687 0.196875 0.278906 0.196875 0.273438 0.201042 0.272656 0.202083 0.267969 0.202083 0.267188 0.202083 0.253906 0.194792 0.253125 0.193750 0.237500 0.188542 0.236719 0.188542 0.233594 0.185417 0.232813 0.185417 0.232813 0.179167 0.232813 0.178125 0.239844 0.173958
0 0.332813 0.013542 0.346875 0.014583 0.347656 0.014583 0.360156 0.019792 0.360938 0.020833 0.360938 0.022917 0.360156 0.023958 0.353125 0.026042 0.352344 0.026042 0.346875 0.032292 0.346094 0.033333 0.342187 0.040625 0.341406 0.041667 0.335938 0.056250 0.335156 0.057292 0.333594 0.067708 0.333594 0.068750 0.332813 0.068750 0.332031 0.068750 0.328125 0.061458 0.327344 0.060417 0.325781 0.043750 0.325000 0.042708 0.325000 0.032292 0.325000 0.031250 0.326562 0.020833 0.326562 0.019792 0.328906 0.015625 0.329688 0.014583 0.332813 0.013542
0 0.203906 0.060417 0.210156 0.061458 0.210938 0.061458 0.214062 0.066667 0.214844 0.067708 0.214844 0.071875 0.214844 0.072917 0.200781 0.076042 0.200000 0.077083 0.182812 0.077083 0.182031 0.076042 0.182031 0.070833 0.182031 0.069792 0.184375 0.065625 0.185156 0.064583 0.192969 0.062500 0.193750 0.061458 0.203906 0.060417
0 0.218750 0.080208 0.222656 0.081250 0.223438 0.081250 0.225781 0.086458 0.226562 0.087500 0.224219 0.100000 0.223438 0.101042 0.224219 0.109375 0.224219 0.110417 0.221875 0.115625 0.221094 0.116667 0.214844 0.118750 0.214062 0.119792 0.210156 0.119792 0.209375 0.119792 0.203906 0.114583 0.203125 0.114583 0.201563 0.111458 0.201563 0.110417 0.202344 0.108333 0.202344 0.107292 0.208594 0.101042 0.209375 0.100000 0.210938 0.088542 0.210938 0.087500 0.218750 0.080208
0 0.234375 0.100000 0.238281 0.101042 0.239063 0.101042 0.242188 0.104167 0.242969 0.104167 0.242969 0.112500 0.242969 0.113542 0.241406 0.117708 0.241406 0.118750 0.239063 0.120833 0.238281 0.121875 0.229687 0.121875 0.228906 0.121875 0.227344 0.119792 0.226562 0.118750 0.227344 0.107292 0.227344 0.106250 0.229687 0.103125 0.230469 0.102083 0.234375 0.100000
0 0.187500 0.028125 0.190625 0.029167 0.191406 0.030208 0.190625 0.038542 0.189844 0.039583 0.173437 0.047917 0.172656 0.048958 0.167187 0.048958 0.166406 0.047917 0.171094 0.039583 0.171094 0.038542 0.176563 0.033333 0.177344 0.032292 0.187500 0.028125
0 0.305469 0.043750 0.310156 0.045833 0.310937 0.045833 0.321094 0.056250 0.321875 0.057292 0.323437 0.057292 0.324219 0.057292 0.328125 0.061458 0.328906 0.062500 0.332031 0.063542 0.332813 0.063542 0.335938 0.071875 0.336719 0.072917 0.336719 0.082292 0.336719 0.083333 0.329688 0.084375 0.328906 0.084375 0.325000 0.080208 0.324219 0.080208 0.320312 0.073958 0.319531 0.072917 0.318750 0.063542 0.318750 0.062500 0.311719 0.054167 0.310937 0.053125 0.303125 0.048958 0.302344 0.047917 0.302344 0.045833 0.302344 0.044792 0.305469 0.043750
0 0.390625 0.029167 0.395313 0.029167 0.396094 0.029167 0.402344 0.034375 0.403125 0.034375 0.410156 0.042708 0.410938 0.042708 0.413281 0.047917 0.413281 0.048958 0.397656 0.059375 0.396875 0.060417 0.392969 0.059375 0.392188 0.059375 0.389844 0.056250 0.389062 0.055208 0.387500 0.047917 0.386719 0.046875 0.386719 0.038542 0.386719 0.037500 0.390625 0.029167
0 0.442188 0.003125 0.446094 0.004167 0.446875 0.004167 0.448437 0.008333 0.448437 0.009375 0.445312 0.013542 0.444531 0.014583 0.442969 0.021875 0.442969 0.022917 0.439844 0.026042 0.439063 0.027083 0.432031 0.025000 0.431250 0.023958 0.420312 0.023958 0.419531 0.023958 0.414844 0.015625 0.414062 0.014583 0.414062 0.009375 0.414062 0.008333 0.416406 0.005208 0.417187 0.004167 0.426563 0.004167 0.427344 0.004167 0.435156 0.008333 0.435937 0.008333 0.442188 0.003125
0 0.450781 0.058333 0.453125 0.060417 0.453906 0.060417 0.454688 0.063542 0.455469 0.064583 0.455469 0.067708 0.455469 0.068750 0.453906 0.071875 0.453906 0.072917 0.443750 0.089583 0.442969 0.090625 0.437500 0.090625 0.436719 0.090625 0.435937 0.076042 0.435937 0.075000 0.437500 0.070833 0.437500 0.069792 0.450781 0.058333
0 0.465625 0.082292 0.473438 0.082292 0.474219 0.082292 0.481250 0.084375 0.482031 0.084375 0.494531 0.092708 0.495312 0.092708 0.504687 0.101042 0.505469 0.102083 0.505469 0.109375 0.505469 0.110417 0.499219 0.114583 0.498437 0.114583 0.490625 0.125000 0.489844 0.126042 0.487500 0.127083 0.486719 0.128125 0.485156 0.127083 0.484375 0.127083 0.478906 0.121875 0.478125 0.120833 0.472656 0.100000 0.472656 0.098958 0.471094 0.096875 0.470313 0.095833 0.463281 0.093750 0.462500 0.093750 0.460156 0.091667 0.459375 0.090625 0.460156 0.086458 0.460156 0.085417 0.465625 0.082292
0 0.509375 0.040625 0.516406 0.042708 0.517188 0.042708 0.528125 0.050000 0.528906 0.050000 0.532813 0.054167 0.533594 0.055208 0.533594 0.060417 0.533594 0.061458 0.526563 0.069792 0.525781 0.070833 0.520312 0.070833 0.519531 0.070833 0.505469 0.054167 0.504687 0.053125 0.504687 0.046875 0.504687 0.045833 0.506250 0.042708 0.507031 0.041667 0.509375 0.040625
0 0.300781 0.147917 0.305469 0.148958 0.306250 0.148958 0.319531 0.157292 0.320312 0.157292 0.323437 0.162500 0.324219 0.163542 0.324219 0.166667 0.324219 0.167708 0.322656 0.170833 0.322656 0.171875 0.318750 0.175000 0.317969 0.175000 0.307031 0.167708 0.306250 0.167708 0.304688 0.165625 0.303906 0.164583 0.301563 0.157292 0.300781 0.156250 0.300781 0.147917
0 0.313281 0.004167 0.319531 0.005208 0.320312 0.006250 0.321875 0.012500 0.322656 0.013542 0.322656 0.019792 0.322656 0.020833 0.320312 0.026042 0.319531 0.027083 0.314844 0.031250 0.314063 0.031250 0.307812 0.039583 0.307812 0.040625 0.303125 0.041667 0.302344 0.041667 0.301563 0.039583 0.301563 0.038542 0.293750 0.029167 0.292969 0.028125 0.292187 0.023958 0.292187 0.022917 0.293750 0.020833 0.294531 0.019792 0.301563 0.017708 0.302344 0.017708 0.307031 0.009375 0.307812 0.008333 0.313281 0.004167
0 0.301563 0.051042 0.305469 0.052083 0.306250 0.052083 0.307812 0.054167 0.308594 0.055208 0.309375 0.064583 0.309375 0.065625 0.306250 0.071875 0.305469 0.072917 0.297656 0.073958 0.296875 0.073958 0.292969 0.070833 0.292187 0.069792 0.292187 0.066667 0.291406 0.065625 0.292187 0.063542 0.292187 0.062500 0.301563 0.051042
0 0.496875 0.131250 0.500781 0.132292 0.501563 0.132292 0.506250 0.143750 0.507031 0.144792 0.515625 0.147917 0.516406 0.147917 0.521094 0.152083 0.521875 0.152083 0.521875 0.162500 0.521875 0.163542 0.523438 0.167708 0.524219 0.168750 0.523438 0.172917 0.522656 0.173958 0.514844 0.176042 0.514062 0.176042 0.509375 0.171875 0.508594 0.171875 0.502344 0.162500 0.501563 0.161458 0.489844 0.154167 0.489063 0.153125 0.489844 0.147917 0.489844 0.146875 0.488281 0.143750 0.487500 0.142708 0.487500 0.139583 0.487500 0.138542 0.489844 0.135417 0.490625 0.134375 0.496875 0.131250
0 0.239063 0.278125 0.244531 0.278125 0.245312 0.278125 0.260156 0.291667 0.260937 0.292708 0.260937 0.334375 0.260937 0.335417 0.259375 0.337500 0.259375 0.338542 0.256250 0.339583 0.255469 0.340625 0.242969 0.342708 0.242188 0.342708 0.232813 0.346875 0.232031 0.346875 0.232813 0.341667 0.232813 0.340625 0.235937 0.336458 0.236719 0.335417 0.239844 0.334375 0.240625 0.334375 0.242188 0.332292 0.242969 0.332292 0.246094 0.327083 0.246875 0.326042 0.246875 0.323958 0.246875 0.322917 0.242969 0.315625 0.242188 0.314583 0.241406 0.310417 0.240625 0.309375 0.240625 0.303125 0.240625 0.302083 0.238281 0.292708 0.237500 0.291667 0.236719 0.283333 0.236719 0.282292 0.239063 0.278125
0 0.076563 0.396875 0.079687 0.398958 0.080469 0.400000 0.085156 0.397917 0.085938 0.396875 0.100781 0.396875 0.101562 0.396875 0.113281 0.398958 0.114062 0.400000 0.141406 0.400000 0.142187 0.400000 0.158594 0.408333 0.159375 0.408333 0.160156 0.412500 0.160156 0.413542 0.152344 0.422917 0.151562 0.423958 0.153125 0.430208 0.153906 0.431250 0.153125 0.440625 0.152344 0.441667 0.144531 0.444792 0.143750 0.444792 0.139844 0.450000 0.139063 0.451042 0.135156 0.453125 0.134375 0.454167 0.122656 0.454167 0.121875 0.454167 0.120313 0.453125 0.119531 0.452083 0.115625 0.452083 0.114844 0.452083 0.107031 0.447917 0.106250 0.447917 0.099219 0.441667 0.098437 0.440625 0.072656 0.432292 0.071875 0.432292 0.067187 0.426042 0.066406 0.425000 0.064844 0.411458 0.064844 0.410417 0.067969 0.405208 0.068750 0.404167 0.076563 0.396875
0 0.700000 0.153125 0.707031 0.154167 0.707812 0.154167 0.714844 0.161458 0.715625 0.162500 0.716406 0.167708 0.717187 0.168750 0.714844 0.176042 0.714063 0.177083 0.707031 0.179167 0.706250 0.179167 0.702344 0.175000 0.701562 0.173958 0.698438 0.159375 0.697656 0.158333 0.700000 0.153125
0 0.660937 0.194792 0.664844 0.194792 0.665625 0.194792 0.675000 0.198958 0.675781 0.198958 0.682031 0.209375 0.682813 0.210417 0.683594 0.213542 0.684375 0.214583 0.683594 0.218750 0.683594 0.219792 0.676562 0.219792 0.675781 0.219792 0.660937 0.206250 0.660156 0.206250 0.657813 0.200000 0.657813 0.198958 0.660937 0.194792
0 0.606250 0.219792 0.614844 0.226042 0.615625 0.226042 0.618750 0.230208 0.619531 0.231250 0.618750 0.240625 0.617969 0.241667 0.618750 0.243750 0.618750 0.244792 0.625000 0.252083 0.625781 0.253125 0.630469 0.263542 0.630469 0.264583 0.638281 0.271875 0.639062 0.271875 0.640625 0.277083 0.641406 0.278125 0.641406 0.282292 0.640625 0.283333 0.636719 0.283333 0.635938 0.283333 0.630469 0.280208 0.629687 0.280208 0.623437 0.270833 0.622656 0.269792 0.621094 0.264583 0.621094 0.263542 0.617969 0.261458 0.617188 0.261458 0.615625 0.258333 0.615625 0.257292 0.611719 0.253125 0.610938 0.252083 0.593750 0.248958 0.592969 0.247917 0.591406 0.241667 0.591406 0.240625 0.599219 0.227083 0.599219 0.226042 0.606250 0.219792
0 0.473438 0.304167 0.482031 0.305208 0.482812 0.305208 0.491406 0.311458 0.492188 0.312500 0.492188 0.323958 0.492188 0.325000 0.496875 0.341667 0.497656 0.342708 0.497656 0.346875 0.498437 0.347917 0.497656 0.356250 0.496875 0.357292 0.492188 0.360417 0.491406 0.361458 0.481250 0.365625 0.480469 0.366667 0.475000 0.366667 0.474219 0.366667 0.464062 0.348958 0.463281 0.347917 0.463281 0.341667 0.462500 0.340625 0.464062 0.320833 0.464062 0.319792 0.473438 0.304167
0 0.473438 0.364583 0.479687 0.366667 0.480469 0.366667 0.480469 0.371875 0.480469 0.372917 0.487500 0.396875 0.488281 0.397917 0.489063 0.406250 0.489844 0.407292 0.488281 0.418750 0.488281 0.419792 0.486719 0.422917 0.486719 0.423958 0.484375 0.427083 0.483594 0.428125 0.479687 0.430208 0.478906 0.431250 0.475000 0.431250 0.474219 0.431250 0.471875 0.427083 0.471094 0.426042 0.471094 0.394792 0.471094 0.393750 0.473438 0.388542 0.474219 0.387500 0.473438 0.370833 0.472656 0.369792 0.473438 0.364583
0 0.567969 0.134375 0.569531 0.134375 0.570312 0.135417 0.570312 0.144792 0.570312 0.145833 0.565625 0.161458 0.565625 0.162500 0.553906 0.190625 0.553125 0.191667 0.535937 0.240625 0.535937 0.241667 0.532813 0.241667 0.532031 0.241667 0.531250 0.235417 0.531250 0.234375 0.535937 0.216667 0.535937 0.215625 0.546094 0.187500 0.546094 0.186458 0.554688 0.167708 0.555469 0.166667 0.561719 0.148958 0.561719 0.147917 0.567969 0.134375
0 0.669531 0.501042 0.671875 0.501042 0.672656 0.501042 0.675000 0.503125 0.675781 0.504167 0.676562 0.507292 0.677344 0.508333 0.676562 0.516667 0.675781 0.517708 0.669531 0.518750 0.668750 0.518750 0.667188 0.516667 0.666406 0.516667 0.664844 0.509375 0.664844 0.508333 0.665625 0.506250 0.665625 0.505208 0.669531 0.501042
0 0.645312 0.456250 0.646875 0.456250 0.647656 0.456250 0.649219 0.458333 0.650000 0.459375 0.650000 0.463542 0.650000 0.464583 0.646094 0.482292 0.646094 0.483333 0.639062 0.486458 0.638281 0.487500 0.635156 0.485417 0.634375 0.485417 0.632812 0.489583 0.632031 0.490625 0.632031 0.494792 0.632031 0.495833 0.635156 0.504167 0.635938 0.505208 0.635156 0.511458 0.634375 0.512500 0.630469 0.512500 0.629687 0.512500 0.625781 0.517708 0.625000 0.517708 0.617188 0.507292 0.616406 0.506250 0.607031 0.500000 0.606250 0.498958 0.605469 0.489583 0.605469 0.488542 0.607812 0.478125 0.608594 0.477083 0.610938 0.476042 0.611719 0.475000 0.621094 0.473958 0.621875 0.472917 0.633594 0.473958 0.634375 0.473958 0.638281 0.468750 0.639062 0.467708 0.640625 0.462500 0.640625 0.461458 0.645312 0.456250
0 0.489844 0.503125 0.495312 0.503125 0.496094 0.503125 0.505469 0.507292 0.506250 0.507292 0.509375 0.512500 0.510156 0.513542 0.509375 0.517708 0.509375 0.518750 0.507031 0.519792 0.506250 0.520833 0.492188 0.519792 0.491406 0.518750 0.482812 0.519792 0.482031 0.519792 0.480469 0.517708 0.479687 0.517708 0.479687 0.513542 0.479687 0.512500 0.482031 0.509375 0.482812 0.508333 0.489844 0.503125
0 0.628125 0.316667 0.632812 0.316667 0.633594 0.316667 0.645312 0.325000 0.646094 0.326042 0.646875 0.331250 0.647656 0.332292 0.646875 0.345833 0.646094 0.346875 0.631250 0.350000 0.630469 0.351042 0.618750 0.351042 0.617969 0.351042 0.614844 0.348958 0.614062 0.347917 0.614062 0.342708 0.614062 0.341667 0.617188 0.334375 0.617188 0.333333 0.628125 0.316667
0 0.689844 0.416667 0.694531 0.416667 0.695312 0.416667 0.699219 0.419792 0.700000 0.419792 0.703906 0.426042 0.704688 0.427083 0.704688 0.446875 0.704688 0.447917 0.696875 0.448958 0.696094 0.448958 0.693750 0.446875 0.692969 0.446875 0.689063 0.440625 0.688281 0.439583 0.686719 0.432292 0.685937 0.431250 0.685937 0.421875 0.685937 0.420833 0.686719 0.418750 0.687500 0.417708 0.689844 0.416667
0 0.799219 0.426042 0.801562 0.426042 0.802344 0.426042 0.806250 0.430208 0.807031 0.430208 0.808594 0.434375 0.809375 0.435417 0.807813 0.462500 0.807813 0.463542 0.803906 0.471875 0.803125 0.472917 0.801562 0.472917 0.800781 0.472917 0.800000 0.470833 0.799219 0.469792 0.800000 0.448958 0.800000 0.447917 0.797656 0.438542 0.796875 0.437500 0.796875 0.431250 0.796875 0.430208 0.799219 0.426042
0 0.923438 0.445833 0.926562 0.448958 0.927344 0.450000 0.935156 0.463542 0.935937 0.464583 0.937500 0.472917 0.936719 0.473958 0.931250 0.475000 0.930469 0.475000 0.925781 0.471875 0.925000 0.470833 0.922656 0.461458 0.921875 0.460417 0.921875 0.452083 0.921094 0.451042 0.921094 0.450000 0.921094 0.448958 0.923438 0.445833
0 0.895312 0.436458 0.900000 0.436458 0.900781 0.436458 0.901563 0.437500 0.902344 0.438542 0.902344 0.443750 0.902344 0.444792 0.890625 0.457292 0.889844 0.458333 0.883594 0.469792 0.882812 0.470833 0.883594 0.477083 0.883594 0.478125 0.880469 0.480208 0.879687 0.480208 0.877344 0.476042 0.876563 0.475000 0.870313 0.475000 0.869531 0.475000 0.868750 0.473958 0.867969 0.472917 0.868750 0.468750 0.868750 0.467708 0.875781 0.458333 0.876563 0.457292 0.879687 0.455208 0.880469 0.455208 0.885938 0.447917 0.886719 0.447917 0.892188 0.438542 0.892969 0.437500 0.895312 0.436458
0 0.543750 0.571875 0.548438 0.573958 0.549219 0.573958 0.554688 0.585417 0.555469 0.586458 0.555469 0.594792 0.555469 0.595833 0.552344 0.602083 0.551562 0.603125 0.547656 0.603125 0.546875 0.603125 0.544531 0.601042 0.543750 0.601042 0.540625 0.593750 0.539844 0.592708 0.539062 0.580208 0.539062 0.579167 0.543750 0.571875
0 0.549219 0.457292 0.552344 0.457292 0.553125 0.457292 0.557813 0.466667 0.558594 0.467708 0.558594 0.479167 0.558594 0.480208 0.553906 0.486458 0.553125 0.487500 0.549219 0.487500 0.548438 0.487500 0.546094 0.479167 0.546094 0.478125 0.543750 0.473958 0.542969 0.472917 0.544531 0.462500 0.544531 0.461458 0.549219 0.457292
0 0.387500 0.520833 0.392969 0.522917 0.393750 0.522917 0.394531 0.527083 0.394531 0.528125 0.403906 0.540625 0.404687 0.541667 0.409375 0.554167 0.410156 0.555208 0.410156 0.559375 0.410156 0.560417 0.407813 0.565625 0.407031 0.566667 0.405469 0.575000 0.404687 0.576042 0.404687 0.588542 0.404687 0.589583 0.400781 0.593750 0.400000 0.594792 0.396094 0.594792 0.395313 0.594792 0.392969 0.591667 0.392188 0.590625 0.385156 0.586458 0.384375 0.586458 0.383594 0.585417 0.382812 0.584375 0.382812 0.576042 0.382812 0.575000 0.380469 0.570833 0.380469 0.569792 0.378906 0.568750 0.378125 0.567708 0.371875 0.567708 0.371094 0.567708 0.368750 0.564583 0.367969 0.563542 0.367969 0.560417 0.367188 0.559375 0.367969 0.551042 0.367969 0.550000 0.370312 0.543750 0.370312 0.542708 0.384375 0.522917 0.385156 0.521875 0.387500 0.520833
0 0.400781 0.497917 0.403906 0.497917 0.404687 0.497917 0.414062 0.510417 0.414844 0.511458 0.421875 0.514583 0.422656 0.514583 0.425781 0.522917 0.426563 0.523958 0.427344 0.531250 0.428125 0.532292 0.428906 0.554167 0.428906 0.555208 0.427344 0.561458 0.427344 0.562500 0.425000 0.565625 0.424219 0.566667 0.421875 0.566667 0.421094 0.566667 0.414844 0.562500 0.414062 0.561458 0.413281 0.548958 0.413281 0.547917 0.405469 0.537500 0.404687 0.536458 0.403906 0.531250 0.403906 0.530208 0.400781 0.522917 0.400000 0.521875 0.400000 0.515625 0.400000 0.514583 0.396094 0.509375 0.395313 0.508333 0.396875 0.504167 0.396875 0.503125 0.400781 0.497917
0 0.385937 0.432292 0.388281 0.432292 0.389062 0.432292 0.392188 0.442708 0.392969 0.443750 0.389844 0.454167 0.389844 0.455208 0.388281 0.457292 0.387500 0.458333 0.382031 0.460417 0.381250 0.460417 0.374219 0.473958 0.373437 0.475000 0.366406 0.476042 0.365625 0.476042 0.362500 0.469792 0.361719 0.468750 0.359375 0.457292 0.358594 0.456250 0.357812 0.451042 0.357812 0.450000 0.359375 0.446875 0.359375 0.445833 0.363281 0.442708 0.364063 0.441667 0.369531 0.441667 0.370312 0.441667 0.375781 0.436458 0.376563 0.435417 0.385937 0.432292
0 0.352344 0.552083 0.363281 0.559375 0.364063 0.560417 0.371094 0.579167 0.371875 0.580208 0.371875 0.587500 0.371875 0.588542 0.368750 0.595833 0.368750 0.596875 0.361719 0.606250 0.360938 0.607292 0.354687 0.609375 0.353906 0.610417 0.346094 0.608333 0.345313 0.608333 0.342969 0.606250 0.342187 0.606250 0.339844 0.597917 0.339062 0.596875 0.339062 0.572917 0.339062 0.571875 0.341406 0.563542 0.341406 0.562500 0.342969 0.559375 0.343750 0.558333 0.352344 0.552083
0 0.345313 0.611458 0.350000 0.611458 0.350781 0.611458 0.357031 0.615625 0.357812 0.615625 0.360938 0.618750 0.361719 0.619792 0.363281 0.627083 0.363281 0.628125 0.360156 0.639583 0.360156 0.640625 0.358594 0.642708 0.357812 0.643750 0.350000 0.648958 0.349219 0.650000 0.341406 0.651042 0.340625 0.651042 0.331250 0.642708 0.330469 0.641667 0.328906 0.633333 0.328906 0.632292 0.331250 0.628125 0.332031 0.627083 0.335156 0.625000 0.335938 0.625000 0.345313 0.611458
0 0.504687 0.575000 0.507031 0.576042 0.507812 0.576042 0.508594 0.579167 0.509375 0.580208 0.510156 0.585417 0.510156 0.586458 0.508594 0.592708 0.508594 0.593750 0.504687 0.596875 0.503906 0.597917 0.500000 0.597917 0.499219 0.597917 0.493750 0.593750 0.492969 0.593750 0.492188 0.590625 0.492188 0.589583 0.496094 0.583333 0.496094 0.582292 0.504687 0.575000
0 0.485938 0.594792 0.491406 0.596875 0.492188 0.596875 0.493750 0.602083 0.494531 0.603125 0.495312 0.615625 0.495312 0.616667 0.491406 0.625000 0.490625 0.626042 0.485938 0.626042 0.485156 0.626042 0.482812 0.623958 0.482031 0.623958 0.478125 0.619792 0.477344 0.618750 0.475781 0.613542 0.475000 0.612500 0.475781 0.608333 0.475781 0.607292 0.478125 0.606250 0.478906 0.606250 0.482812 0.598958 0.482812 0.597917 0.485938 0.594792
0 0.453906 0.526042 0.457031 0.529167 0.457813 0.530208 0.465625 0.530208 0.466406 0.530208 0.469531 0.537500 0.470313 0.538542 0.469531 0.546875 0.469531 0.547917 0.462500 0.555208 0.461719 0.556250 0.449219 0.551042 0.448437 0.551042 0.444531 0.540625 0.443750 0.539583 0.444531 0.535417 0.444531 0.534375 0.446875 0.531250 0.447656 0.530208 0.453906 0.526042
0 0.442969 0.501042 0.445312 0.501042 0.446094 0.501042 0.450781 0.506250 0.451562 0.506250 0.457813 0.513542 0.458594 0.514583 0.458594 0.518750 0.458594 0.519792 0.456250 0.521875 0.455469 0.522917 0.451562 0.522917 0.450781 0.522917 0.443750 0.518750 0.442969 0.518750 0.441406 0.513542 0.440625 0.512500 0.442969 0.501042
0 0.516406 0.502083 0.521875 0.502083 0.522656 0.502083 0.527344 0.505208 0.528125 0.506250 0.536719 0.506250 0.537500 0.506250 0.539844 0.508333 0.540625 0.508333 0.542188 0.511458 0.542969 0.512500 0.540625 0.516667 0.539844 0.517708 0.533594 0.518750 0.532813 0.518750 0.524219 0.514583 0.523438 0.514583 0.518750 0.516667 0.517969 0.517708 0.512500 0.517708 0.511719 0.517708 0.510156 0.518750 0.509375 0.519792 0.506250 0.519792 0.505469 0.520833 0.480469 0.518750 0.479687 0.517708 0.479687 0.513542 0.479687 0.512500 0.484375 0.507292 0.485156 0.506250 0.489844 0.504167 0.490625 0.503125 0.507812 0.506250 0.508594 0.506250 0.516406 0.502083
0 0.485156 0.552083 0.496875 0.554167 0.497656 0.554167 0.505469 0.561458 0.506250 0.562500 0.513281 0.563542 0.514062 0.563542 0.517188 0.567708 0.517969 0.568750 0.535937 0.581250 0.536719 0.582292 0.542969 0.572917 0.543750 0.571875 0.547656 0.573958 0.548438 0.573958 0.551562 0.578125 0.552344 0.579167 0.554688 0.586458 0.555469 0.587500 0.555469 0.594792 0.555469 0.595833 0.553906 0.600000 0.553906 0.601042 0.551562 0.603125 0.550781 0.604167 0.547656 0.604167 0.546875 0.604167 0.542188 0.601042 0.541406 0.601042 0.535937 0.594792 0.535156 0.593750 0.522656 0.584375 0.521875 0.583333 0.517969 0.584375 0.517188 0.585417 0.514844 0.584375 0.514062 0.584375 0.510156 0.576042 0.509375 0.575000 0.503125 0.571875 0.502344 0.571875 0.500000 0.568750 0.499219 0.567708 0.494531 0.565625 0.493750 0.565625 0.486719 0.559375 0.485938 0.559375 0.485156 0.557292 0.484375 0.556250 0.485156 0.552083
0 0.370312 0.490625 0.372656 0.490625 0.373437 0.490625 0.375781 0.492708 0.376563 0.493750 0.381250 0.509375 0.382031 0.510417 0.382031 0.513542 0.382031 0.514583 0.380469 0.516667 0.379688 0.517708 0.374219 0.519792 0.373437 0.520833 0.371875 0.520833 0.371094 0.519792 0.370312 0.513542 0.370312 0.512500 0.365625 0.504167 0.364844 0.503125 0.366406 0.493750 0.366406 0.492708 0.370312 0.490625
0 0.351562 0.515625 0.353125 0.515625 0.353906 0.515625 0.355469 0.517708 0.356250 0.518750 0.361719 0.521875 0.362500 0.522917 0.361719 0.532292 0.361719 0.533333 0.358594 0.538542 0.357812 0.539583 0.346094 0.543750 0.345313 0.544792 0.339062 0.542708 0.338281 0.541667 0.332813 0.541667 0.332031 0.541667 0.329688 0.539583 0.328906 0.539583 0.329688 0.534375 0.329688 0.533333 0.331250 0.531250 0.332031 0.530208 0.351562 0.515625
0 0.674219 0.566667 0.677344 0.566667 0.678125 0.566667 0.680469 0.568750 0.681250 0.568750 0.688281 0.580208 0.689063 0.581250 0.689063 0.584375 0.689063 0.585417 0.678906 0.592708 0.678125 0.593750 0.673438 0.594792 0.672656 0.594792 0.668750 0.589583 0.667969 0.588542 0.667969 0.580208 0.667969 0.579167 0.669531 0.572917 0.669531 0.571875 0.674219 0.566667
0 0.668750 0.621875 0.674219 0.622917 0.675000 0.622917 0.678125 0.629167 0.678906 0.630208 0.678125 0.634375 0.678125 0.635417 0.675000 0.638542 0.674219 0.639583 0.671094 0.640625 0.670312 0.641667 0.664062 0.633333 0.663281 0.632292 0.663281 0.629167 0.663281 0.628125 0.668750 0.621875
0 0.681250 0.617708 0.683594 0.618750 0.684375 0.618750 0.687500 0.633333 0.688281 0.634375 0.689063 0.634375 0.689844 0.634375 0.696094 0.628125 0.696875 0.627083 0.700000 0.629167 0.700781 0.629167 0.705469 0.635417 0.706250 0.635417 0.709375 0.632292 0.710156 0.631250 0.713281 0.623958 0.714063 0.622917 0.717187 0.621875 0.717969 0.620833 0.740625 0.628125 0.741406 0.628125 0.745313 0.631250 0.746094 0.632292 0.746875 0.646875 0.746875 0.647917 0.745313 0.652083 0.744531 0.653125 0.736719 0.660417 0.735938 0.661458 0.729688 0.662500 0.728906 0.663542 0.725000 0.662500 0.724219 0.662500 0.719531 0.667708 0.718750 0.668750 0.714063 0.678125 0.713281 0.679167 0.705469 0.683333 0.704688 0.684375 0.698438 0.684375 0.697656 0.684375 0.692969 0.680208 0.692187 0.680208 0.691406 0.679167 0.690625 0.678125 0.689844 0.670833 0.689063 0.669792 0.687500 0.673958 0.687500 0.675000 0.683594 0.678125 0.682813 0.679167 0.679688 0.680208 0.678906 0.681250 0.672656 0.681250 0.671875 0.681250 0.670312 0.680208 0.669531 0.679167 0.668750 0.671875 0.668750 0.670833 0.665625 0.663542 0.664844 0.662500 0.664844 0.658333 0.664844 0.657292 0.668750 0.645833 0.668750 0.644792 0.678125 0.636458 0.678906 0.635417 0.678906 0.627083 0.678906 0.626042 0.681250 0.617708
0 0.753906 0.729167 0.755469 0.729167 0.756250 0.729167 0.763281 0.735417 0.764062 0.736458 0.770312 0.737500 0.771094 0.737500 0.778906 0.745833 0.779687 0.746875 0.781250 0.756250 0.782031 0.757292 0.782031 0.770833 0.782031 0.771875 0.778906 0.777083 0.778125 0.778125 0.775000 0.778125 0.774219 0.778125 0.767969 0.766667 0.767188 0.765625 0.764844 0.766667 0.764062 0.766667 0.760156 0.773958 0.759375 0.775000 0.756250 0.775000 0.755469 0.776042 0.744531 0.772917 0.743750 0.771875 0.742188 0.752083 0.741406 0.751042 0.742188 0.741667 0.742188 0.740625 0.744531 0.735417 0.745313 0.734375 0.753906 0.729167
0 0.728906 0.775000 0.756250 0.777083 0.757031 0.777083 0.769531 0.782292 0.770312 0.782292 0.775000 0.787500 0.775781 0.788542 0.776563 0.791667 0.777344 0.792708 0.777344 0.798958 0.777344 0.800000 0.776563 0.802083 0.775781 0.803125 0.774219 0.803125 0.773438 0.803125 0.767969 0.797917 0.767188 0.796875 0.760156 0.796875 0.759375 0.796875 0.754687 0.793750 0.753906 0.792708 0.734375 0.791667 0.733594 0.791667 0.732031 0.790625 0.731250 0.789583 0.730469 0.784375 0.730469 0.783333 0.728906 0.781250 0.728125 0.780208 0.728906 0.775000
0 0.731250 0.718750 0.739844 0.718750 0.740625 0.718750 0.742188 0.719792 0.742969 0.719792 0.744531 0.722917 0.745313 0.723958 0.746094 0.731250 0.746094 0.732292 0.739844 0.744792 0.739844 0.745833 0.736719 0.746875 0.735938 0.747917 0.730469 0.747917 0.729688 0.747917 0.721094 0.743750 0.720313 0.742708 0.721875 0.737500 0.721875 0.736458 0.725781 0.732292 0.726562 0.731250 0.727344 0.726042 0.727344 0.725000 0.731250 0.718750
0 0.782031 0.627083 0.783594 0.628125 0.784375 0.629167 0.785937 0.637500 0.786719 0.638542 0.786719 0.646875 0.786719 0.647917 0.782813 0.656250 0.782031 0.657292 0.783594 0.675000 0.783594 0.676042 0.785937 0.679167 0.786719 0.680208 0.788281 0.680208 0.789062 0.681250 0.795312 0.679167 0.796094 0.678125 0.803906 0.680208 0.804688 0.680208 0.806250 0.683333 0.807031 0.684375 0.808594 0.684375 0.809375 0.684375 0.810937 0.686458 0.811719 0.687500 0.813281 0.693750 0.814063 0.694792 0.807031 0.704167 0.806250 0.705208 0.799219 0.708333 0.798438 0.709375 0.792188 0.709375 0.791406 0.709375 0.785156 0.705208 0.784375 0.704167 0.775781 0.705208 0.775000 0.705208 0.771875 0.703125 0.771094 0.703125 0.769531 0.700000 0.768750 0.698958 0.767188 0.690625 0.766406 0.689583 0.766406 0.667708 0.766406 0.666667 0.767969 0.660417 0.768750 0.659375 0.764844 0.653125 0.764062 0.652083 0.764062 0.647917 0.764062 0.646875 0.769531 0.641667 0.770312 0.640625 0.774219 0.631250 0.775000 0.630208 0.782031 0.627083
0 0.886719 0.751042 0.889844 0.751042 0.890625 0.751042 0.892969 0.754167 0.893750 0.755208 0.893750 0.757292 0.894531 0.758333 0.892188 0.764583 0.892188 0.765625 0.885938 0.773958 0.885156 0.775000 0.879687 0.775000 0.878906 0.775000 0.874219 0.772917 0.873437 0.772917 0.872656 0.767708 0.872656 0.766667 0.876563 0.760417 0.876563 0.759375 0.879687 0.755208 0.880469 0.754167 0.886719 0.751042
0 0.855469 0.738542 0.857812 0.738542 0.858594 0.738542 0.861719 0.741667 0.862500 0.742708 0.863281 0.746875 0.864062 0.747917 0.863281 0.751042 0.863281 0.752083 0.859375 0.758333 0.858594 0.759375 0.854688 0.762500 0.853906 0.763542 0.849219 0.763542 0.848437 0.763542 0.844531 0.759375 0.843750 0.758333 0.843750 0.755208 0.843750 0.754167 0.850000 0.743750 0.850000 0.742708 0.855469 0.738542
0 0.815625 0.759375 0.818750 0.759375 0.819531 0.759375 0.832031 0.766667 0.832812 0.766667 0.839063 0.777083 0.839844 0.778125 0.836719 0.785417 0.836719 0.786458 0.832031 0.788542 0.831250 0.789583 0.817187 0.790625 0.816406 0.791667 0.807813 0.791667 0.807031 0.791667 0.803906 0.789583 0.803125 0.789583 0.801562 0.787500 0.800781 0.786458 0.801562 0.777083 0.801562 0.776042 0.805469 0.770833 0.806250 0.769792 0.809375 0.762500 0.810156 0.761458 0.815625 0.759375
0 0.890625 0.847917 0.891406 0.847917 0.892188 0.847917 0.895312 0.852083 0.896094 0.853125 0.896094 0.857292 0.896094 0.858333 0.894531 0.862500 0.894531 0.863542 0.893750 0.864583 0.892969 0.865625 0.879687 0.865625 0.878906 0.865625 0.878906 0.863542 0.878906 0.862500 0.882812 0.857292 0.882812 0.856250 0.890625 0.847917
0 0.758594 0.700000 0.764062 0.700000 0.764844 0.700000 0.770312 0.710417 0.770312 0.711458 0.758594 0.723958 0.757812 0.725000 0.752344 0.726042 0.751563 0.726042 0.746875 0.720833 0.746875 0.719792 0.752344 0.712500 0.753125 0.711458 0.755469 0.705208 0.755469 0.704167 0.758594 0.700000
0 0.704688 0.779167 0.708594 0.780208 0.709375 0.781250 0.714844 0.793750 0.715625 0.794792 0.717187 0.803125 0.717969 0.804167 0.717969 0.817708 0.717969 0.818750 0.717187 0.820833 0.717187 0.821875 0.714063 0.823958 0.713281 0.825000 0.708594 0.822917 0.707812 0.821875 0.701562 0.800000 0.700781 0.798958 0.704688 0.779167
0 0.664844 0.741667 0.667188 0.741667 0.667969 0.741667 0.671875 0.745833 0.672656 0.746875 0.677344 0.747917 0.678125 0.747917 0.683594 0.752083 0.684375 0.752083 0.687500 0.762500 0.688281 0.763542 0.692187 0.762500 0.692969 0.761458 0.700781 0.763542 0.701562 0.763542 0.703125 0.767708 0.703906 0.768750 0.704688 0.775000 0.704688 0.776042 0.707812 0.779167 0.708594 0.780208 0.715625 0.796875 0.716406 0.797917 0.717187 0.806250 0.717969 0.807292 0.717969 0.814583 0.717969 0.815625 0.716406 0.822917 0.715625 0.823958 0.713281 0.825000 0.712500 0.826042 0.692187 0.827083 0.691406 0.827083 0.688281 0.825000 0.687500 0.823958 0.687500 0.813542 0.687500 0.812500 0.685937 0.807292 0.685156 0.806250 0.677344 0.807292 0.676562 0.807292 0.666406 0.805208 0.665625 0.805208 0.659375 0.800000 0.658594 0.800000 0.655469 0.795833 0.654687 0.794792 0.650000 0.792708 0.649219 0.791667 0.646875 0.779167 0.646094 0.778125 0.646094 0.767708 0.646094 0.766667 0.650000 0.758333 0.650000 0.757292 0.664844 0.741667
0 0.598437 0.740625 0.603125 0.744792 0.603906 0.744792 0.606250 0.750000 0.607031 0.751042 0.606250 0.762500 0.606250 0.763542 0.603125 0.767708 0.602344 0.768750 0.600781 0.768750 0.600000 0.769792 0.591406 0.769792 0.590625 0.769792 0.583594 0.765625 0.582812 0.765625 0.580469 0.761458 0.579688 0.760417 0.580469 0.751042 0.580469 0.750000 0.582812 0.747917 0.583594 0.746875 0.585938 0.746875 0.586719 0.746875 0.598437 0.740625
0 0.624219 0.765625 0.634375 0.766667 0.635156 0.766667 0.635938 0.767708 0.636719 0.768750 0.636719 0.772917 0.636719 0.773958 0.635156 0.777083 0.634375 0.778125 0.625781 0.787500 0.625000 0.788542 0.620313 0.790625 0.619531 0.791667 0.607031 0.785417 0.606250 0.784375 0.605469 0.780208 0.604688 0.779167 0.606250 0.775000 0.607031 0.773958 0.608594 0.773958 0.609375 0.773958 0.617188 0.768750 0.617969 0.767708 0.624219 0.765625
0 0.642969 0.717708 0.646875 0.718750 0.647656 0.719792 0.648438 0.722917 0.648438 0.723958 0.652344 0.730208 0.653125 0.731250 0.653125 0.737500 0.653125 0.738542 0.650781 0.742708 0.650000 0.743750 0.646875 0.741667 0.646094 0.740625 0.643750 0.744792 0.642969 0.745833 0.642969 0.751042 0.642969 0.752083 0.641406 0.754167 0.640625 0.755208 0.637500 0.756250 0.636719 0.757292 0.635938 0.773958 0.635938 0.775000 0.626563 0.786458 0.625781 0.787500 0.621875 0.789583 0.621094 0.790625 0.614062 0.789583 0.613281 0.789583 0.607812 0.785417 0.607031 0.785417 0.605469 0.778125 0.605469 0.777083 0.606250 0.775000 0.607031 0.773958 0.615625 0.768750 0.616406 0.767708 0.619531 0.754167 0.620313 0.753125 0.620313 0.747917 0.620313 0.746875 0.621875 0.744792 0.621875 0.743750 0.632812 0.736458 0.633594 0.736458 0.636719 0.732292 0.637500 0.731250 0.640625 0.721875 0.640625 0.720833 0.642969 0.717708
0 0.610938 0.719792 0.615625 0.723958 0.616406 0.725000 0.616406 0.735417 0.616406 0.736458 0.614844 0.740625 0.614844 0.741667 0.610156 0.744792 0.609375 0.744792 0.606250 0.741667 0.605469 0.740625 0.604688 0.737500 0.603906 0.736458 0.603906 0.731250 0.603906 0.730208 0.607031 0.723958 0.607031 0.722917 0.610938 0.719792
0 0.556250 0.633333 0.560156 0.635417 0.560937 0.635417 0.566406 0.640625 0.567187 0.641667 0.571094 0.642708 0.571875 0.642708 0.572656 0.666667 0.572656 0.667708 0.569531 0.678125 0.568750 0.679167 0.570312 0.689583 0.570312 0.690625 0.564063 0.710417 0.563281 0.711458 0.561719 0.711458 0.560937 0.711458 0.555469 0.715625 0.554688 0.716667 0.546094 0.719792 0.545312 0.719792 0.541406 0.722917 0.540625 0.722917 0.537500 0.718750 0.536719 0.717708 0.535937 0.711458 0.535937 0.710417 0.552344 0.683333 0.553125 0.682292 0.554688 0.677083 0.555469 0.676042 0.555469 0.670833 0.555469 0.669792 0.551562 0.665625 0.550781 0.665625 0.550000 0.658333 0.550000 0.657292 0.546875 0.651042 0.546094 0.650000 0.546094 0.645833 0.546094 0.644792 0.550781 0.636458 0.551562 0.635417 0.556250 0.633333
0 0.517622 0.814675 0.516007 0.808934 0.515469 0.808934 0.515469 0.797454 0.516007 0.789561 0.517622 0.785256 0.518160 0.785256 0.518698 0.782386 0.520313 0.780233 0.521389 0.780233 0.526770 0.771623 0.527309 0.771623 0.527309 0.770188 0.528385 0.770188 0.531076 0.765882 0.535381 0.765882 0.536995 0.764447 0.539148 0.764447 0.539686 0.763012 0.540762 0.763012 0.542377 0.760860 0.543991 0.760142 0.548296 0.760142 0.548296 0.762295 0.549911 0.763730 0.550449 0.768035 0.550449 0.780951 0.549373 0.785256 0.547758 0.786691 0.547758 0.788126 0.546144 0.790278 0.546144 0.792431 0.543991 0.800324 0.543991 0.806064 0.542915 0.806064 0.537533 0.811804 0.535919 0.811804 0.529999 0.819697 0.523003 0.819697 0.521927 0.816827
0 0.477261 0.785973 0.477261 0.770188 0.475646 0.768752 0.474570 0.764447 0.473494 0.763730 0.472417 0.757272 0.470803 0.752967 0.468650 0.750097 0.468650 0.748662 0.467574 0.747944 0.467574 0.745791 0.464345 0.744356 0.460040 0.738616 0.460040 0.732158 0.456811 0.725700 0.456811 0.724265 0.461116 0.718525 0.462192 0.718525 0.462192 0.717090 0.464345 0.715655 0.464883 0.714220 0.466498 0.714220 0.467574 0.712067 0.470803 0.709915 0.472417 0.709915 0.472417 0.712785 0.475108 0.717808 0.479951 0.717808 0.479951 0.719243 0.485333 0.719243 0.486409 0.716372 0.494481 0.716372 0.496096 0.715655 0.498787 0.712067 0.500401 0.712067 0.500401 0.711350 0.506321 0.711350 0.507397 0.712785 0.507397 0.714938 0.507935 0.715655 0.507935 0.737899 0.510626 0.740769 0.512779 0.745791 0.513317 0.745791 0.513855 0.748662 0.515469 0.750814 0.515469 0.752967 0.516007 0.753684 0.516007 0.765882 0.513317 0.768752 0.512240 0.768752 0.511164 0.770905 0.507935 0.771623 0.507397 0.774493 0.506321 0.775210 0.506321 0.777363 0.505244 0.780233 0.505244 0.795301 0.503630 0.797454 0.503092 0.801041 0.499325 0.801041 0.497172 0.803194 0.491791 0.803194 0.488562 0.798889 0.486409 0.798889 0.485871 0.797454 0.484257 0.797454 0.483718 0.796019 0.481566 0.796019 0.478337 0.791714
0 0.618750 0.672917 0.625781 0.680208 0.626563 0.681250 0.628125 0.691667 0.628906 0.692708 0.627344 0.703125 0.627344 0.704167 0.625781 0.707292 0.625781 0.708333 0.623437 0.710417 0.622656 0.711458 0.619531 0.709375 0.618750 0.708333 0.617969 0.696875 0.617188 0.695833 0.617188 0.686458 0.617188 0.685417 0.615625 0.680208 0.615625 0.679167 0.618750 0.672917
0 0.576562 0.675000 0.579688 0.675000 0.580469 0.676042 0.582031 0.680208 0.582031 0.681250 0.585938 0.686458 0.586719 0.687500 0.590625 0.697917 0.591406 0.698958 0.592187 0.710417 0.592187 0.711458 0.590625 0.714583 0.589844 0.715625 0.586719 0.715625 0.585938 0.714583 0.585156 0.708333 0.585156 0.707292 0.581250 0.701042 0.580469 0.700000 0.576562 0.681250 0.575781 0.680208 0.576562 0.675000
0 0.687500 0.680208 0.689063 0.680208 0.689844 0.680208 0.693750 0.683333 0.694531 0.684375 0.698438 0.685417 0.699219 0.686458 0.708594 0.687500 0.709375 0.687500 0.715625 0.692708 0.716406 0.692708 0.719531 0.698958 0.720313 0.700000 0.720313 0.707292 0.720313 0.708333 0.719531 0.709375 0.718750 0.710417 0.714063 0.710417 0.713281 0.710417 0.705469 0.709375 0.704688 0.708333 0.696094 0.709375 0.695312 0.709375 0.692969 0.707292 0.692187 0.707292 0.684375 0.698958 0.683594 0.698958 0.680469 0.691667 0.679688 0.690625 0.679688 0.688542 0.679688 0.687500 0.682813 0.683333 0.683594 0.682292 0.687500 0.680208
0 0.439844 0.707292 0.443750 0.708333 0.444531 0.709375 0.445312 0.715625 0.445312 0.716667 0.443750 0.727083 0.442969 0.728125 0.441406 0.748958 0.441406 0.750000 0.437500 0.766667 0.437500 0.767708 0.435156 0.771875 0.435156 0.772917 0.432031 0.775000 0.431250 0.775000 0.427344 0.762500 0.427344 0.761458 0.421094 0.755208 0.420312 0.755208 0.418750 0.751042 0.417969 0.750000 0.417187 0.740625 0.417187 0.739583 0.418750 0.721875 0.418750 0.720833 0.421875 0.714583 0.421875 0.713542 0.424219 0.712500 0.425000 0.711458 0.427344 0.710417 0.428125 0.710417 0.435156 0.713542 0.435937 0.713542 0.439844 0.707292
0 0.430469 0.782292 0.436719 0.782292 0.437500 0.782292 0.441406 0.784375 0.442188 0.784375 0.448437 0.795833 0.449219 0.796875 0.449219 0.804167 0.449219 0.805208 0.447656 0.808333 0.447656 0.809375 0.443750 0.813542 0.442969 0.814583 0.439063 0.815625 0.438281 0.815625 0.433594 0.813542 0.432812 0.813542 0.430469 0.811458 0.429688 0.810417 0.428125 0.806250 0.427344 0.805208 0.423438 0.793750 0.423438 0.792708 0.425000 0.789583 0.425000 0.788542 0.430469 0.782292
0 0.458594 0.738542 0.468750 0.751042 0.469531 0.752083 0.471094 0.761458 0.471875 0.762500 0.472656 0.773958 0.472656 0.775000 0.471094 0.778125 0.470313 0.779167 0.464844 0.783333 0.464062 0.784375 0.456250 0.782292 0.455469 0.782292 0.450000 0.770833 0.449219 0.769792 0.448437 0.765625 0.447656 0.764583 0.448437 0.760417 0.448437 0.759375 0.453125 0.755208 0.453906 0.754167 0.458594 0.738542
0 0.410938 0.766667 0.414062 0.766667 0.414844 0.766667 0.416406 0.768750 0.417187 0.768750 0.421094 0.780208 0.421875 0.781250 0.421875 0.783333 0.421875 0.784375 0.417969 0.792708 0.417187 0.793750 0.409375 0.802083 0.408594 0.803125 0.401562 0.805208 0.400781 0.806250 0.392188 0.805208 0.391406 0.805208 0.385156 0.800000 0.384375 0.798958 0.382812 0.794792 0.382031 0.793750 0.382031 0.787500 0.382031 0.786458 0.385156 0.780208 0.385937 0.779167 0.387500 0.779167 0.388281 0.778125 0.394531 0.785417 0.395313 0.786458 0.398438 0.786458 0.399219 0.786458 0.402344 0.783333 0.403125 0.782292 0.403125 0.778125 0.403125 0.777083 0.406250 0.770833 0.406250 0.769792 0.410938 0.766667
0 0.258594 0.383333 0.263281 0.383333 0.264062 0.383333 0.266406 0.385417 0.267188 0.386458 0.266406 0.395833 0.265625 0.396875 0.266406 0.397917 0.267188 0.398958 0.271094 0.400000 0.271875 0.400000 0.274219 0.405208 0.275000 0.406250 0.273438 0.426042 0.273438 0.427083 0.264062 0.440625 0.263281 0.441667 0.258594 0.438542 0.257812 0.438542 0.253125 0.442708 0.252344 0.443750 0.244531 0.444792 0.243750 0.444792 0.243750 0.434375 0.243750 0.433333 0.242969 0.432292 0.242188 0.431250 0.236719 0.431250 0.235937 0.431250 0.232813 0.429167 0.232031 0.429167 0.230469 0.422917 0.230469 0.421875 0.231250 0.419792 0.231250 0.418750 0.246094 0.398958 0.246094 0.397917 0.253906 0.387500 0.254688 0.386458 0.258594 0.383333
0 0.281250 0.465625 0.289062 0.469792 0.289844 0.470833 0.301563 0.470833 0.302344 0.470833 0.306250 0.475000 0.307031 0.475000 0.319531 0.491667 0.320312 0.492708 0.321875 0.497917 0.322656 0.498958 0.322656 0.507292 0.322656 0.508333 0.321094 0.510417 0.321094 0.511458 0.318750 0.513542 0.317969 0.514583 0.310156 0.513542 0.309375 0.513542 0.303906 0.508333 0.303125 0.507292 0.300781 0.497917 0.300000 0.496875 0.283594 0.494792 0.282813 0.494792 0.278125 0.491667 0.277344 0.491667 0.275000 0.487500 0.275000 0.486458 0.277344 0.476042 0.277344 0.475000 0.281250 0.465625
0 0.297656 0.440625 0.301563 0.441667 0.302344 0.441667 0.303906 0.444792 0.304688 0.445833 0.303906 0.450000 0.303906 0.451042 0.308594 0.455208 0.309375 0.456250 0.315625 0.457292 0.316406 0.458333 0.323437 0.456250 0.324219 0.456250 0.325000 0.458333 0.325781 0.459375 0.326562 0.472917 0.326562 0.473958 0.325000 0.477083 0.325000 0.478125 0.318750 0.485417 0.317969 0.486458 0.321094 0.492708 0.321875 0.493750 0.322656 0.500000 0.323437 0.501042 0.322656 0.507292 0.322656 0.508333 0.318750 0.513542 0.317969 0.514583 0.314844 0.515625 0.314063 0.515625 0.306250 0.511458 0.305469 0.511458 0.303125 0.508333 0.302344 0.507292 0.300781 0.501042 0.300781 0.500000 0.298438 0.497917 0.297656 0.496875 0.282813 0.494792 0.282031 0.494792 0.278125 0.491667 0.277344 0.491667 0.275781 0.488542 0.275000 0.487500 0.276562 0.478125 0.277344 0.477083 0.278125 0.462500 0.278125 0.461458 0.278906 0.460417 0.279687 0.459375 0.285156 0.465625 0.285938 0.466667 0.291406 0.467708 0.292187 0.467708 0.292969 0.466667 0.293750 0.465625 0.292969 0.445833 0.292969 0.444792 0.297656 0.440625
0 0.194531 0.616667 0.210938 0.620833 0.211719 0.621875 0.218750 0.618750 0.219531 0.617708 0.228125 0.617708 0.228906 0.617708 0.232813 0.620833 0.233594 0.620833 0.235156 0.623958 0.235937 0.625000 0.240625 0.651042 0.241406 0.652083 0.239063 0.667708 0.238281 0.668750 0.238281 0.677083 0.238281 0.678125 0.236719 0.682292 0.236719 0.683333 0.233594 0.687500 0.232813 0.688542 0.225781 0.692708 0.225000 0.692708 0.221094 0.697917 0.220312 0.698958 0.218750 0.710417 0.218750 0.711458 0.216406 0.715625 0.216406 0.716667 0.197656 0.730208 0.196875 0.731250 0.194531 0.731250 0.193750 0.731250 0.188281 0.727083 0.187500 0.727083 0.184375 0.722917 0.183594 0.721875 0.182812 0.716667 0.182031 0.715625 0.182031 0.700000 0.181250 0.698958 0.182031 0.679167 0.182031 0.678125 0.178906 0.671875 0.178125 0.670833 0.178125 0.667708 0.177344 0.666667 0.178125 0.653125 0.178125 0.652083 0.181250 0.632292 0.181250 0.631250 0.189062 0.620833 0.189844 0.619792 0.194531 0.616667
0 0.054688 0.422917 0.056250 0.422917 0.057031 0.422917 0.061719 0.427083 0.062500 0.428125 0.066406 0.440625 0.067187 0.441667 0.067969 0.452083 0.068750 0.453125 0.067969 0.483333 0.067187 0.484375 0.064844 0.484375 0.064062 0.484375 0.058594 0.477083 0.057813 0.476042 0.050000 0.453125 0.049219 0.452083 0.049219 0.433333 0.049219 0.432292 0.054688 0.422917
0 0.046875 0.410417 0.050000 0.411458 0.050781 0.411458 0.062500 0.427083 0.063281 0.427083 0.067187 0.437500 0.067969 0.438542 0.068750 0.473958 0.069531 0.475000 0.068750 0.495833 0.068750 0.496875 0.076563 0.510417 0.077344 0.511458 0.078125 0.516667 0.077344 0.517708 0.075781 0.517708 0.075000 0.517708 0.062500 0.506250 0.061719 0.506250 0.046875 0.489583 0.046094 0.489583 0.043750 0.486458 0.042969 0.485417 0.040625 0.476042 0.040625 0.475000 0.033594 0.465625 0.032813 0.464583 0.030469 0.431250 0.030469 0.430208 0.034375 0.422917 0.035156 0.421875 0.036719 0.420833 0.037500 0.420833 0.042188 0.413542 0.042969 0.412500 0.046875 0.410417
0 0.090625 0.528125 0.101562 0.529167 0.102344 0.529167 0.107813 0.533333 0.108594 0.533333 0.113281 0.539583 0.114062 0.540625 0.116406 0.546875 0.117188 0.547917 0.115625 0.559375 0.115625 0.560417 0.117969 0.563542 0.118750 0.564583 0.126562 0.562500 0.127344 0.561458 0.137500 0.561458 0.138281 0.561458 0.153125 0.564583 0.153906 0.565625 0.165625 0.566667 0.166406 0.566667 0.167187 0.567708 0.167969 0.568750 0.167969 0.571875 0.167969 0.572917 0.164844 0.580208 0.164844 0.581250 0.158594 0.586458 0.157812 0.587500 0.151562 0.585417 0.150781 0.585417 0.146875 0.581250 0.146094 0.581250 0.134375 0.592708 0.133594 0.593750 0.126562 0.595833 0.125781 0.596875 0.119531 0.595833 0.118750 0.595833 0.116406 0.593750 0.115625 0.592708 0.113281 0.585417 0.113281 0.584375 0.107031 0.575000 0.106250 0.573958 0.099219 0.569792 0.098437 0.569792 0.096094 0.566667 0.095312 0.565625 0.088281 0.546875 0.087500 0.545833 0.087500 0.542708 0.086719 0.541667 0.087500 0.535417 0.087500 0.534375 0.090625 0.528125
0 0.192188 0.382292 0.196094 0.382292 0.196875 0.382292 0.202344 0.386458 0.203125 0.386458 0.206250 0.391667 0.207031 0.392708 0.212500 0.407292 0.213281 0.408333 0.214062 0.421875 0.214062 0.422917 0.208594 0.436458 0.208594 0.437500 0.206250 0.438542 0.205469 0.438542 0.194531 0.433333 0.193750 0.433333 0.189844 0.428125 0.189062 0.427083 0.188281 0.419792 0.188281 0.418750 0.189844 0.411458 0.189844 0.410417 0.189062 0.406250 0.188281 0.405208 0.188281 0.397917 0.188281 0.396875 0.189844 0.385417 0.189844 0.384375 0.192188 0.382292
0 0.177344 0.447917 0.180469 0.447917 0.181250 0.447917 0.185938 0.451042 0.186719 0.451042 0.188281 0.453125 0.189062 0.454167 0.188281 0.459375 0.188281 0.460417 0.183594 0.465625 0.182812 0.466667 0.176563 0.469792 0.175781 0.469792 0.171875 0.473958 0.171094 0.475000 0.168750 0.480208 0.167969 0.481250 0.164062 0.483333 0.163281 0.483333 0.161719 0.486458 0.160938 0.487500 0.155469 0.488542 0.154688 0.489583 0.153125 0.488542 0.152344 0.488542 0.150781 0.484375 0.150000 0.483333 0.152344 0.477083 0.152344 0.476042 0.158594 0.468750 0.159375 0.467708 0.160938 0.463542 0.161719 0.462500 0.177344 0.447917
0 0.164062 0.479167 0.167969 0.479167 0.168750 0.479167 0.186719 0.502083 0.187500 0.503125 0.189062 0.509375 0.189844 0.510417 0.189062 0.516667 0.189062 0.517708 0.180469 0.515625 0.179688 0.515625 0.173437 0.510417 0.172656 0.510417 0.166406 0.500000 0.165625 0.500000 0.158594 0.487500 0.157812 0.486458 0.159375 0.482292 0.160156 0.481250 0.164062 0.479167
0 0.090625 0.567708 0.094531 0.567708 0.095312 0.567708 0.109375 0.580208 0.110156 0.581250 0.115625 0.597917 0.116406 0.598958 0.115625 0.605208 0.115625 0.606250 0.112500 0.613542 0.112500 0.614583 0.110937 0.615625 0.110156 0.616667 0.103125 0.619792 0.102344 0.619792 0.092969 0.609375 0.092188 0.608333 0.089063 0.595833 0.089063 0.594792 0.086719 0.591667 0.085938 0.590625 0.088281 0.571875 0.088281 0.570833 0.090625 0.567708
0 0.045312 0.607292 0.064844 0.617708 0.065625 0.617708 0.071094 0.625000 0.071875 0.626042 0.074219 0.641667 0.074219 0.642708 0.068750 0.654167 0.067969 0.655208 0.060937 0.655208 0.060156 0.655208 0.039844 0.639583 0.039062 0.638542 0.039062 0.618750 0.039062 0.617708 0.040625 0.613542 0.040625 0.612500 0.045312 0.607292
0 0.020313 0.597917 0.021094 0.597917 0.021875 0.597917 0.028906 0.609375 0.029687 0.610417 0.037500 0.614583 0.038281 0.615625 0.037500 0.627083 0.037500 0.628125 0.035937 0.631250 0.035156 0.632292 0.039844 0.640625 0.040625 0.641667 0.048438 0.648958 0.049219 0.650000 0.050781 0.661458 0.051562 0.662500 0.050000 0.667708 0.049219 0.668750 0.042188 0.670833 0.041406 0.671875 0.032031 0.670833 0.031250 0.670833 0.028125 0.668750 0.027344 0.667708 0.026562 0.660417 0.027344 0.659375 0.023438 0.654167 0.022656 0.653125 0.017188 0.639583 0.016406 0.638542 0.010937 0.618750 0.010156 0.617708 0.014844 0.604167 0.014844 0.603125 0.020313 0.597917
0 0.000000 0.557292 0.008594 0.557292 0.009375 0.557292 0.020313 0.561458 0.021094 0.561458 0.021875 0.567708 0.021875 0.568750 0.025781 0.572917 0.026562 0.573958 0.025781 0.579167 0.025781 0.580208 0.021094 0.583333 0.020313 0.584375 0.000781 0.592708 0.000000 0.592708 0.000000 0.557292
0 0.024219 0.801042 0.032031 0.802083 0.032813 0.803125 0.035156 0.811458 0.035937 0.812500 0.036719 0.820833 0.036719 0.821875 0.035156 0.835417 0.035156 0.836458 0.033594 0.839583 0.033594 0.840625 0.027344 0.846875 0.026562 0.847917 0.021094 0.848958 0.020313 0.848958 0.014063 0.842708 0.013281 0.841667 0.012500 0.829167 0.012500 0.828125 0.021094 0.806250 0.021094 0.805208 0.024219 0.801042
0 0.103125 0.653125 0.114062 0.653125 0.114844 0.653125 0.125781 0.657292 0.126562 0.657292 0.129688 0.660417 0.130469 0.661458 0.130469 0.663542 0.130469 0.664583 0.128125 0.667708 0.127344 0.668750 0.123438 0.669792 0.122656 0.670833 0.104688 0.671875 0.103906 0.672917 0.079687 0.672917 0.078906 0.672917 0.075000 0.669792 0.074219 0.669792 0.073438 0.666667 0.072656 0.665625 0.072656 0.662500 0.072656 0.661458 0.075781 0.658333 0.076563 0.657292 0.096875 0.655208 0.097656 0.655208 0.103125 0.653125
0 0.117969 0.602083 0.121094 0.602083 0.121875 0.602083 0.125000 0.610417 0.125781 0.611458 0.121094 0.635417 0.121094 0.636458 0.117188 0.642708 0.116406 0.643750 0.107813 0.643750 0.107031 0.643750 0.102344 0.648958 0.101562 0.650000 0.096094 0.653125 0.095312 0.654167 0.092188 0.654167 0.091406 0.654167 0.092188 0.643750 0.092188 0.642708 0.098437 0.630208 0.098437 0.629167 0.104688 0.620833 0.105469 0.619792 0.113281 0.612500 0.114062 0.611458 0.115625 0.606250 0.115625 0.605208 0.117969 0.602083
0 0.071875 0.595833 0.081250 0.597917 0.082031 0.597917 0.085156 0.601042 0.085938 0.602083 0.088281 0.613542 0.089063 0.614583 0.088281 0.619792 0.087500 0.620833 0.084375 0.621875 0.083594 0.622917 0.074219 0.621875 0.073438 0.621875 0.066406 0.614583 0.065625 0.613542 0.064062 0.605208 0.064062 0.604167 0.066406 0.598958 0.067187 0.597917 0.071875 0.595833
0 0.011719 0.658333 0.016406 0.659375 0.017188 0.659375 0.016406 0.664583 0.017188 0.665625 0.021094 0.666667 0.021875 0.666667 0.027344 0.670833 0.028125 0.671875 0.037500 0.672917 0.038281 0.673958 0.032031 0.689583 0.032031 0.690625 0.026562 0.700000 0.025781 0.701042 0.025781 0.705208 0.025781 0.706250 0.024219 0.709375 0.024219 0.710417 0.017969 0.718750 0.017188 0.719792 0.012500 0.734375 0.012500 0.735417 0.006250 0.745833 0.005469 0.745833 0.004687 0.738542 0.004687 0.737500 0.000781 0.734375 0.000000 0.734375 0.000000 0.704167 0.000000 0.703125 0.005469 0.696875 0.006250 0.695833 0.005469 0.673958 0.005469 0.672917 0.009375 0.661458 0.009375 0.660417 0.011719 0.658333
0 0.093750 0.725000 0.096875 0.725000 0.097656 0.725000 0.099219 0.727083 0.100000 0.728125 0.102344 0.735417 0.103125 0.736458 0.103125 0.745833 0.103125 0.746875 0.098437 0.762500 0.098437 0.763542 0.085156 0.787500 0.085156 0.788542 0.084375 0.789583 0.083594 0.790625 0.081250 0.790625 0.080469 0.790625 0.079687 0.789583 0.078906 0.789583 0.078906 0.785417 0.078906 0.784375 0.080469 0.773958 0.081250 0.772917 0.081250 0.743750 0.081250 0.742708 0.083594 0.737500 0.083594 0.736458 0.089844 0.728125 0.090625 0.727083 0.093750 0.725000
0 0.034375 0.776042 0.037500 0.776042 0.038281 0.776042 0.053125 0.788542 0.053906 0.789583 0.060156 0.789583 0.060937 0.789583 0.056250 0.796875 0.055469 0.797917 0.045312 0.803125 0.044531 0.804167 0.039844 0.804167 0.039062 0.804167 0.033594 0.798958 0.032813 0.797917 0.021875 0.798958 0.021094 0.798958 0.013281 0.797917 0.012500 0.797917 0.009375 0.795833 0.008594 0.794792 0.009375 0.792708 0.010156 0.791667 0.020313 0.785417 0.021094 0.785417 0.028125 0.779167 0.028906 0.778125 0.034375 0.776042
0 0.182812 0.782292 0.184375 0.782292 0.185156 0.782292 0.203125 0.795833 0.203906 0.796875 0.208594 0.818750 0.208594 0.819792 0.215625 0.828125 0.216406 0.829167 0.216406 0.834375 0.215625 0.835417 0.211719 0.836458 0.210938 0.836458 0.196094 0.830208 0.195312 0.830208 0.183594 0.812500 0.182812 0.811458 0.179688 0.796875 0.178906 0.795833 0.178906 0.788542 0.178906 0.787500 0.182812 0.782292
0 0.095312 0.802083 0.107031 0.803125 0.107813 0.803125 0.114844 0.814583 0.115625 0.815625 0.116406 0.819792 0.116406 0.820833 0.115625 0.822917 0.114844 0.823958 0.114844 0.830208 0.114844 0.831250 0.113281 0.836458 0.112500 0.837500 0.108594 0.837500 0.107813 0.837500 0.102344 0.833333 0.101562 0.832292 0.093750 0.832292 0.092969 0.832292 0.088281 0.838542 0.087500 0.839583 0.079687 0.836458 0.078906 0.835417 0.078906 0.829167 0.078906 0.828125 0.080469 0.822917 0.080469 0.821875 0.084375 0.815625 0.085156 0.814583 0.085938 0.809375 0.085938 0.808333 0.087500 0.806250 0.088281 0.805208 0.095312 0.802083
0 0.053906 0.816667 0.057813 0.816667 0.058594 0.816667 0.061719 0.818750 0.062500 0.818750 0.064844 0.820833 0.065625 0.820833 0.067187 0.823958 0.067969 0.825000 0.067969 0.829167 0.067969 0.830208 0.066406 0.834375 0.066406 0.835417 0.060937 0.840625 0.060156 0.841667 0.057031 0.841667 0.056250 0.841667 0.053125 0.839583 0.052344 0.839583 0.048438 0.834375 0.047656 0.833333 0.046875 0.830208 0.046094 0.829167 0.046875 0.821875 0.046875 0.820833 0.053906 0.816667
0 0.109375 0.843750 0.111719 0.843750 0.112500 0.843750 0.115625 0.847917 0.116406 0.848958 0.115625 0.854167 0.115625 0.855208 0.113281 0.857292 0.112500 0.857292 0.109375 0.862500 0.108594 0.863542 0.098437 0.864583 0.097656 0.865625 0.085156 0.864583 0.084375 0.863542 0.084375 0.858333 0.084375 0.857292 0.086719 0.852083 0.087500 0.851042 0.109375 0.843750
0 0.254688 0.678125 0.262500 0.679167 0.263281 0.679167 0.265625 0.683333 0.266406 0.684375 0.271875 0.688542 0.272656 0.689583 0.278125 0.709375 0.278906 0.710417 0.279687 0.721875 0.278906 0.722917 0.272656 0.717708 0.271875 0.716667 0.267969 0.716667 0.267188 0.716667 0.260937 0.709375 0.260156 0.709375 0.251563 0.695833 0.250781 0.694792 0.250000 0.689583 0.250000 0.688542 0.254688 0.678125
0 0.746875 0.607292 0.750000 0.608333 0.750781 0.608333 0.753906 0.612500 0.754687 0.613542 0.762500 0.619792 0.763281 0.620833 0.764062 0.627083 0.764062 0.628125 0.760156 0.633333 0.759375 0.634375 0.756250 0.634375 0.755469 0.634375 0.747656 0.619792 0.746875 0.618750 0.746094 0.613542 0.745313 0.612500 0.746875 0.607292
0 0.469531 0.672917 0.473438 0.673958 0.474219 0.673958 0.476562 0.677083 0.477344 0.678125 0.477344 0.682292 0.477344 0.683333 0.474219 0.688542 0.473438 0.689583 0.466406 0.688542 0.465625 0.688542 0.460938 0.681250 0.460156 0.680208 0.460156 0.676042 0.460938 0.675000 0.469531 0.672917
0 0.453125 0.600000 0.454688 0.600000 0.455469 0.600000 0.460938 0.609375 0.460938 0.610417 0.464844 0.614583 0.465625 0.615625 0.464062 0.626042 0.463281 0.627083 0.463281 0.634375 0.463281 0.635417 0.458594 0.639583 0.457813 0.640625 0.453906 0.640625 0.453125 0.640625 0.447656 0.637500 0.446875 0.637500 0.439844 0.642708 0.439063 0.642708 0.438281 0.631250 0.438281 0.630208 0.440625 0.622917 0.440625 0.621875 0.444531 0.615625 0.445312 0.614583 0.446875 0.606250 0.446875 0.605208 0.453125 0.600000
0 0.447656 0.556250 0.449219 0.556250 0.450000 0.556250 0.452344 0.561458 0.452344 0.562500 0.457031 0.568750 0.457813 0.569792 0.458594 0.580208 0.458594 0.581250 0.448437 0.595833 0.447656 0.596875 0.443750 0.596875 0.442969 0.596875 0.435937 0.590625 0.435156 0.589583 0.435156 0.583333 0.435156 0.582292 0.444531 0.566667 0.445312 0.565625 0.447656 0.556250
0 0.303125 0.566667 0.305469 0.567708 0.306250 0.567708 0.307031 0.571875 0.307812 0.572917 0.306250 0.584375 0.306250 0.585417 0.303125 0.593750 0.303125 0.594792 0.300781 0.597917 0.300000 0.598958 0.294531 0.601042 0.293750 0.601042 0.292187 0.596875 0.291406 0.595833 0.292187 0.586458 0.292969 0.585417 0.292187 0.581250 0.292187 0.580208 0.303125 0.566667
0 0.318750 0.533333 0.327344 0.537500 0.328125 0.537500 0.331250 0.542708 0.331250 0.543750 0.328906 0.550000 0.328906 0.551042 0.321875 0.560417 0.321094 0.561458 0.314063 0.564583 0.313281 0.564583 0.311719 0.559375 0.310937 0.558333 0.310937 0.553125 0.310937 0.552083 0.313281 0.547917 0.314063 0.546875 0.315625 0.540625 0.315625 0.539583 0.318750 0.533333
0 0.334375 0.468750 0.336719 0.469792 0.337500 0.469792 0.344531 0.477083 0.345313 0.477083 0.346094 0.482292 0.346094 0.483333 0.338281 0.496875 0.337500 0.497917 0.333594 0.498958 0.332813 0.498958 0.328906 0.496875 0.328125 0.495833 0.326562 0.482292 0.326562 0.481250 0.328906 0.475000 0.328906 0.473958 0.334375 0.468750
0 0.310156 0.418750 0.319531 0.419792 0.320312 0.420833 0.323437 0.437500 0.324219 0.438542 0.322656 0.443750 0.321875 0.444792 0.314063 0.444792 0.313281 0.444792 0.311719 0.442708 0.310937 0.442708 0.310156 0.437500 0.309375 0.436458 0.309375 0.428125 0.308594 0.427083 0.308594 0.421875 0.308594 0.420833 0.310156 0.418750
0 0.372656 0.727083 0.379688 0.728125 0.380469 0.728125 0.381250 0.729167 0.382031 0.730208 0.385156 0.742708 0.385937 0.743750 0.385937 0.748958 0.385937 0.750000 0.378906 0.757292 0.378125 0.758333 0.375781 0.758333 0.375000 0.758333 0.374219 0.757292 0.373437 0.757292 0.373437 0.755208 0.372656 0.754167 0.371094 0.739583 0.370312 0.738542 0.370312 0.732292 0.370312 0.731250 0.372656 0.727083
0 0.130469 0.375000 0.141406 0.376042 0.142187 0.376042 0.152344 0.387500 0.153125 0.388542 0.156250 0.395833 0.156250 0.396875 0.153906 0.400000 0.153125 0.401042 0.151562 0.401042 0.150781 0.402083 0.142187 0.400000 0.141406 0.398958 0.130469 0.398958 0.129688 0.398958 0.125000 0.396875 0.124219 0.396875 0.121875 0.390625 0.121094 0.389583 0.121094 0.384375 0.121094 0.383333 0.123438 0.379167 0.124219 0.378125 0.130469 0.375000
0 0.243750 0.352083 0.246094 0.352083 0.246875 0.352083 0.246094 0.360417 0.245312 0.361458 0.246094 0.364583 0.246875 0.365625 0.246094 0.375000 0.246094 0.376042 0.236719 0.396875 0.236719 0.397917 0.221094 0.393750 0.220312 0.393750 0.213281 0.379167 0.212500 0.378125 0.212500 0.376042 0.212500 0.375000 0.216406 0.370833 0.217188 0.369792 0.221094 0.369792 0.221875 0.369792 0.225781 0.371875 0.226562 0.371875 0.231250 0.368750 0.232031 0.368750 0.235156 0.362500 0.235156 0.361458 0.243750 0.352083
0 0.139844 0.328125 0.146094 0.328125 0.146875 0.328125 0.153125 0.331250 0.153906 0.331250 0.160938 0.338542 0.161719 0.339583 0.162500 0.344792 0.162500 0.345833 0.159375 0.346875 0.158594 0.347917 0.147656 0.346875 0.146875 0.346875 0.135937 0.339583 0.135156 0.339583 0.133594 0.334375 0.133594 0.333333 0.139844 0.328125
0 0.149219 0.296875 0.154688 0.298958 0.155469 0.298958 0.159375 0.303125 0.160156 0.304167 0.160156 0.312500 0.160156 0.313542 0.156250 0.318750 0.155469 0.319792 0.151562 0.318750 0.150781 0.318750 0.146875 0.311458 0.146094 0.310417 0.145313 0.303125 0.145313 0.302083 0.149219 0.296875
0 0.372656 0.834375 0.375781 0.834375 0.376563 0.834375 0.380469 0.838542 0.381250 0.839583 0.384375 0.852083 0.384375 0.853125 0.387500 0.860417 0.388281 0.861458 0.387500 0.863542 0.387500 0.864583 0.375781 0.864583 0.375000 0.864583 0.370312 0.857292 0.369531 0.856250 0.368750 0.853125 0.367969 0.852083 0.367969 0.845833 0.367969 0.844792 0.372656 0.834375
0 0.404687 0.832292 0.409375 0.833333 0.410156 0.833333 0.417187 0.842708 0.417969 0.843750 0.423438 0.858333 0.424219 0.859375 0.424219 0.863542 0.423438 0.864583 0.403906 0.864583 0.403125 0.863542 0.402344 0.858333 0.402344 0.857292 0.398438 0.852083 0.397656 0.851042 0.396094 0.842708 0.396094 0.841667 0.397656 0.837500 0.398438 0.836458 0.400000 0.836458 0.400781 0.836458 0.404687 0.832292
0 0.343750 0.771875 0.350000 0.772917 0.350781 0.772917 0.354687 0.781250 0.355469 0.782292 0.356250 0.786458 0.357031 0.787500 0.357031 0.791667 0.357031 0.792708 0.355469 0.796875 0.355469 0.797917 0.350000 0.806250 0.349219 0.807292 0.345313 0.807292 0.344531 0.807292 0.341406 0.796875 0.340625 0.795833 0.341406 0.785417 0.342187 0.784375 0.340625 0.778125 0.340625 0.777083 0.341406 0.775000 0.341406 0.773958 0.343750 0.771875
0 0.336719 0.730208 0.348438 0.735417 0.349219 0.735417 0.354687 0.741667 0.355469 0.742708 0.356250 0.753125 0.356250 0.754167 0.353125 0.766667 0.352344 0.767708 0.344531 0.769792 0.343750 0.770833 0.331250 0.770833 0.330469 0.770833 0.328125 0.768750 0.327344 0.768750 0.326562 0.755208 0.326562 0.754167 0.328125 0.739583 0.328125 0.738542 0.332813 0.732292 0.333594 0.731250 0.336719 0.730208
0 0.422656 0.793750 0.426563 0.804167 0.426563 0.805208 0.433594 0.815625 0.434375 0.816667 0.437500 0.818750 0.438281 0.819792 0.438281 0.821875 0.439063 0.822917 0.438281 0.830208 0.438281 0.831250 0.431250 0.844792 0.430469 0.845833 0.427344 0.845833 0.426563 0.845833 0.419531 0.840625 0.418750 0.840625 0.415625 0.836458 0.414844 0.835417 0.414844 0.833333 0.414062 0.832292 0.414062 0.831250 0.414062 0.830208 0.417187 0.826042 0.417969 0.825000 0.419531 0.815625 0.419531 0.814583 0.416406 0.811458 0.415625 0.811458 0.413281 0.806250 0.413281 0.805208 0.415625 0.800000 0.415625 0.798958 0.418750 0.795833 0.419531 0.794792 0.422656 0.793750
0 0.343750 0.838542 0.344531 0.838542 0.345313 0.838542 0.350000 0.843750 0.350781 0.844792 0.361719 0.844792 0.362500 0.844792 0.366406 0.857292 0.367188 0.858333 0.367188 0.861458 0.367188 0.862500 0.364844 0.863542 0.364063 0.864583 0.342969 0.863542 0.342187 0.863542 0.337500 0.856250 0.336719 0.855208 0.336719 0.846875 0.336719 0.845833 0.338281 0.841667 0.339062 0.840625 0.343750 0.838542
0 0.531250 0.847917 0.532813 0.847917 0.533594 0.847917 0.539062 0.853125 0.539844 0.854167 0.539844 0.863542 0.539844 0.864583 0.519531 0.865625 0.518750 0.865625 0.517969 0.862500 0.517969 0.861458 0.519531 0.857292 0.519531 0.856250 0.521875 0.853125 0.522656 0.852083 0.531250 0.847917
0 0.317969 0.821875 0.323437 0.822917 0.324219 0.822917 0.328125 0.828125 0.328906 0.829167 0.332813 0.831250 0.333594 0.832292 0.334375 0.841667 0.334375 0.842708 0.332813 0.845833 0.332813 0.846875 0.330469 0.848958 0.329688 0.850000 0.318750 0.844792 0.317969 0.844792 0.314844 0.838542 0.314063 0.838542 0.314063 0.828125 0.314063 0.827083 0.317969 0.821875
0 0.273438 0.537500 0.275781 0.537500 0.276562 0.537500 0.281250 0.540625 0.282031 0.541667 0.282813 0.544792 0.283594 0.545833 0.282813 0.553125 0.282031 0.554167 0.275000 0.554167 0.274219 0.553125 0.271094 0.544792 0.270313 0.543750 0.273438 0.537500
0 0.200000 0.043750 0.207031 0.046875 0.207813 0.046875 0.209375 0.048958 0.210156 0.050000 0.210156 0.056250 0.210156 0.057292 0.209375 0.058333 0.208594 0.059375 0.206250 0.059375 0.205469 0.060417 0.192188 0.061458 0.191406 0.061458 0.191406 0.054167 0.191406 0.053125 0.193750 0.048958 0.194531 0.047917 0.200000 0.043750
0 0.886719 0.783333 0.896094 0.784375 0.896875 0.784375 0.903125 0.788542 0.903906 0.788542 0.905469 0.791667 0.906250 0.792708 0.906250 0.797917 0.906250 0.798958 0.900000 0.808333 0.900000 0.809375 0.897656 0.810417 0.896875 0.811458 0.885156 0.815625 0.884375 0.816667 0.879687 0.816667 0.878906 0.816667 0.875000 0.814583 0.874219 0.814583 0.872656 0.812500 0.871875 0.811458 0.871094 0.806250 0.870313 0.805208 0.870313 0.798958 0.870313 0.797917 0.872656 0.792708 0.872656 0.791667 0.886719 0.783333
0 0.248438 0.747917 0.251563 0.747917 0.252344 0.747917 0.254688 0.753125 0.254688 0.754167 0.250781 0.764583 0.250781 0.765625 0.249219 0.767708 0.248438 0.768750 0.245312 0.768750 0.244531 0.768750 0.238281 0.763542 0.237500 0.762500 0.237500 0.756250 0.237500 0.755208 0.239844 0.751042 0.240625 0.750000 0.248438 0.747917
0 0.251430 0.673743 0.249159 0.669032 0.243102 0.659609 0.243102 0.657590 0.242344 0.654898 0.240073 0.650860 0.238811 0.645139 0.236539 0.639082 0.235782 0.636053 0.235025 0.629323 0.233006 0.626967 0.231996 0.623602 0.230987 0.622256 0.230987 0.621246 0.229977 0.620573 0.225939 0.620573 0.224930 0.619900 0.222153 0.619564 0.215339 0.616871 0.214329 0.613506 0.214329 0.611824 0.214834 0.598700 0.215591 0.597690 0.204739 0.594325 0.204739 0.600046 0.200700 0.599709 0.199691 0.599036 0.197672 0.595334 0.196662 0.591969 0.193129 0.588268 0.192624 0.586921 0.192372 0.585912 0.192624 0.579855 0.195148 0.577499 0.199943 0.577499 0.201458 0.573797 0.205496 0.571105 0.206758 0.571105 0.208777 0.572451 0.209786 0.572451 0.212815 0.573797 0.217358 0.577499 0.220891 0.584566 0.223163 0.587594 0.227958 0.591296 0.230987 0.595334 0.234520 0.598700 0.235782 0.599373 0.237044 0.601728 0.238054 0.602401 0.238054 0.603074 0.238559 0.603411 0.240073 0.607449 0.241082 0.608795 0.241335 0.609805 0.241082 0.612833 0.242092 0.613506 0.242344 0.614179 0.243102 0.614179 0.244616 0.615525 0.245373 0.616871 0.246130 0.617208 0.246635 0.618217 0.247140 0.618217 0.247140 0.618891 0.247897 0.619564 0.247897 0.620237 0.250421 0.625284 0.254207 0.629659 0.255216 0.631005 0.255216 0.631678 0.255721 0.631678 0.258497 0.639082 0.259254 0.639755 0.259254 0.640764 0.261273 0.645139 0.262283 0.646148 0.262283 0.647494 0.267331 0.661292 0.267331 0.677444 0.263797 0.680137 0.261273 0.680137 0.258750 0.678118 0.255469 0.677444 0.254711 0.676098 0.253197 0.675425
0 0.155523 0.619564 0.151485 0.622256 0.148709 0.622256 0.143661 0.617881 0.141894 0.614516 0.141137 0.613843 0.141137 0.610478 0.141642 0.607449 0.144166 0.603074 0.147447 0.598700 0.147194 0.597017 0.145428 0.594661 0.144923 0.593315 0.143156 0.591633 0.142904 0.590960 0.143156 0.588604 0.144670 0.584566 0.146690 0.581874 0.147194 0.581874 0.147699 0.580864 0.150223 0.578845 0.150475 0.578172 0.152999 0.577499 0.154261 0.576489 0.156280 0.576489 0.156785 0.575816 0.161328 0.573797 0.164357 0.571442 0.170162 0.570769 0.171423 0.569759 0.173190 0.569423 0.177481 0.567067 0.182529 0.566057 0.188333 0.566057 0.191362 0.567404 0.194138 0.570096 0.194138 0.570769 0.194896 0.571442 0.197672 0.576826 0.198681 0.583220 0.198681 0.587594 0.198177 0.589277 0.196157 0.591633 0.193886 0.593652 0.190100 0.595671 0.187071 0.598363 0.185810 0.600382 0.183033 0.602065 0.182529 0.604757 0.182529 0.611487 0.181519 0.615525 0.179752 0.616535 0.175462 0.616535 0.174452 0.616198 0.172433 0.614179 0.167638 0.614179 0.166123 0.615525 0.164609 0.615525 0.161833 0.616871 0.159814 0.617208 0.158299 0.618554
0 0.160318 0.664320 0.159056 0.658936 0.155775 0.649850 0.155775 0.645812 0.159309 0.639755 0.161076 0.638745 0.163347 0.638745 0.165366 0.640428 0.165366 0.641101 0.165871 0.641437 0.167133 0.646485 0.167385 0.649850 0.168142 0.650860 0.168142 0.662974 0.167890 0.663647 0.165871 0.664993 0.163347 0.664993 0.162085 0.665666
0 0.141137 0.728595 0.139118 0.725903 0.137099 0.720519 0.138865 0.718836 0.139118 0.717826 0.141642 0.715471 0.147699 0.715134 0.149213 0.713115 0.154261 0.710087 0.157542 0.709414 0.158552 0.708741 0.164104 0.708068 0.167890 0.708068 0.168395 0.709077 0.168142 0.713788 0.163347 0.716817 0.159056 0.717153 0.157290 0.719509 0.157037 0.720855 0.156028 0.722201 0.155018 0.723547 0.154261 0.723547 0.154261 0.724220 0.152999 0.725230 0.152242 0.725230 0.151737 0.725903 0.149971 0.726576 0.148709 0.726576 0.147194 0.728259 0.143661 0.728595
0 0.114889 0.723884 0.113879 0.721192 0.112870 0.720519 0.112365 0.719509 0.111860 0.719509 0.111103 0.717490 0.110598 0.714125 0.110850 0.708741 0.114384 0.705712 0.116908 0.704702 0.117917 0.703356 0.119684 0.702683 0.121198 0.700664 0.123975 0.698309 0.124984 0.697972 0.124984 0.697299 0.125994 0.696289 0.126246 0.694270 0.127003 0.693934 0.127508 0.692924 0.129022 0.692251 0.130789 0.689896 0.131546 0.689559 0.131546 0.688886 0.137604 0.686867 0.145932 0.686867 0.147194 0.686194 0.149213 0.686194 0.149213 0.691915 0.144670 0.695280 0.141389 0.698982 0.140885 0.698982 0.138361 0.703020 0.135584 0.705375 0.133061 0.706721 0.132556 0.707731 0.129022 0.709750 0.125994 0.713452 0.124984 0.714125 0.121956 0.718499 0.121956 0.719173 0.118422 0.721865 0.116908 0.721865 0.116908 0.722538
0 0.366632 0.719799 0.364367 0.715269 0.362102 0.712249 0.362102 0.710236 0.365122 0.705705 0.367010 0.705705 0.370030 0.710236 0.370407 0.711242 0.370407 0.714262 0.371917 0.717282 0.371917 0.719799 0.371540 0.720302 0.370030 0.720302
0 0.558105 0.736580 0.558105 0.730356 0.558883 0.727244 0.559272 0.722058 0.560050 0.720502 0.562384 0.717908 0.565496 0.717908 0.567052 0.718946 0.567052 0.719983 0.567830 0.722058 0.568608 0.722058 0.570942 0.725688 0.570942 0.727763 0.572887 0.729838 0.572887 0.738655 0.572498 0.739174 0.561217 0.739174
0 0.578723 0.800895 0.575610 0.799339 0.573276 0.799339 0.572109 0.798821 0.570553 0.797783 0.570164 0.796746 0.569386 0.796746 0.567830 0.795709 0.565496 0.793115 0.564718 0.793115 0.563162 0.791559 0.563162 0.784817 0.563551 0.784298 0.563940 0.772887 0.564718 0.772887 0.565885 0.770813 0.569386 0.767182 0.570164 0.767182 0.570553 0.765626 0.572109 0.763551 0.575999 0.763551 0.576388 0.764070 0.576388 0.767182 0.576778 0.767700 0.576778 0.783779 0.577555 0.783261 0.578334 0.781186 0.579889 0.779630 0.583780 0.779630 0.586114 0.782223 0.586503 0.784817 0.586503 0.792078 0.585725 0.794152 0.581445 0.798821
0 0.223564 0.865729 0.224342 0.860542 0.226676 0.856911 0.227843 0.856393 0.227843 0.855356 0.230177 0.855356 0.232900 0.853281 0.235234 0.853281 0.237179 0.858986 0.237179 0.860024 0.238346 0.861579 0.238346 0.867285 0.233678 0.866766 0.232900 0.866248 0.226676 0.866248
0 0.113254 0.864788 0.116666 0.862513 0.120078 0.861148 0.121101 0.860238 0.122125 0.860238 0.122807 0.859329 0.124172 0.858874 0.124172 0.855689 0.124855 0.855689 0.125537 0.854324 0.127243 0.853869 0.127585 0.852504 0.127585 0.850229 0.126220 0.846590 0.126220 0.842950 0.126902 0.840220 0.128949 0.838856 0.129632 0.837491 0.130997 0.837491 0.133726 0.835216 0.136797 0.835216 0.141574 0.839311 0.145669 0.839311 0.146351 0.841585 0.146351 0.849319 0.144645 0.852049 0.143280 0.852049 0.141574 0.853869 0.138845 0.855689 0.135433 0.855689 0.135433 0.856599 0.134750 0.857964 0.134750 0.860693 0.133385 0.862968 0.133385 0.866153
0 0.114006 0.504542 0.113321 0.498608 0.112979 0.498152 0.112979 0.488567 0.111952 0.486741 0.110925 0.480807 0.110925 0.476243 0.111609 0.474417 0.111609 0.471679 0.113321 0.468483 0.116402 0.468940 0.117087 0.469853 0.117087 0.470766 0.120168 0.478069 0.120168 0.479894 0.121195 0.481720 0.121537 0.484002 0.123933 0.490393 0.124276 0.492218 0.124276 0.497239 0.125303 0.499978 0.125303 0.503629
0 0.107844 0.461637 0.105105 0.459355 0.102709 0.456616 0.099286 0.454334 0.098601 0.454334 0.096547 0.452508 0.095520 0.452052 0.088673 0.452052 0.087989 0.451595 0.088331 0.450226 0.089358 0.449313 0.093466 0.448400 0.095178 0.447487 0.098943 0.447487 0.100312 0.447031 0.119483 0.447031 0.119483 0.454790 0.118456 0.455247 0.118456 0.456160 0.117771 0.456160 0.114690 0.459811 0.113321 0.460267 0.112979 0.461180 0.111952 0.461180 0.110582 0.462093
0 0.155770 0.383586 0.153374 0.380847 0.152689 0.380847 0.152004 0.381760 0.152004 0.384042 0.151662 0.384955 0.150977 0.384955 0.150635 0.384499 0.150635 0.383129 0.149950 0.382673 0.149950 0.376739 0.154401 0.373088 0.156797 0.372175 0.159193 0.372175 0.160905 0.365328 0.161932 0.363046 0.162274 0.359851 0.163644 0.357569 0.165013 0.346614 0.165013 0.342050 0.166040 0.342050 0.170832 0.337029 0.171175 0.332008 0.171859 0.331095 0.171859 0.330182 0.172886 0.329726 0.181445 0.330182 0.181445 0.342963 0.181787 0.344332 0.183841 0.345701 0.183841 0.346614 0.185895 0.350266 0.186580 0.350266 0.187607 0.351635 0.190345 0.351635 0.191030 0.352091 0.191715 0.353461 0.192399 0.353917 0.192742 0.355286 0.193426 0.356199 0.194111 0.360307 0.195138 0.362589 0.195138 0.375826 0.194453 0.377652 0.193769 0.377652 0.193426 0.379021 0.188976 0.382216 0.186922 0.382673 0.159536 0.382673 0.158851 0.383129
0 0.418081 0.052922 0.415407 0.048169 0.413847 0.046683 0.412287 0.045792 0.411396 0.045792 0.409613 0.044009 0.405825 0.036878 0.404934 0.035987 0.405156 0.027965 0.406048 0.026479 0.406939 0.025588 0.408499 0.025588 0.408722 0.026182 0.409613 0.026182 0.409613 0.026776 0.414961 0.031233 0.423652 0.033610 0.429223 0.036284 0.431005 0.039552 0.431005 0.044009 0.426771 0.047277 0.422537 0.052922 0.421200 0.054111 0.419641 0.054408
0 0.736530 0.271213 0.734381 0.259751 0.733665 0.252110 0.731516 0.244469 0.731516 0.233962 0.734381 0.232052 0.743694 0.232052 0.747992 0.224411 0.749425 0.217725 0.750141 0.212949 0.750141 0.196711 0.749425 0.194801 0.749425 0.191936 0.748708 0.191936 0.747992 0.184294 0.747276 0.182384 0.747276 0.158505 0.757305 0.158505 0.758021 0.156595 0.759454 0.155640 0.759454 0.153729 0.763752 0.147043 0.775930 0.147043 0.775930 0.150864 0.776646 0.151819 0.776646 0.153729 0.778079 0.157550 0.779512 0.159460 0.779512 0.162326 0.780228 0.162326 0.780228 0.166146 0.783094 0.170922 0.783094 0.173788 0.784526 0.177608 0.785959 0.178563 0.785959 0.180474 0.787392 0.182384 0.789541 0.190025 0.790974 0.191936 0.793123 0.197666 0.794556 0.197666 0.794556 0.214859 0.788825 0.214859 0.788825 0.216769 0.788108 0.216769 0.784526 0.220590 0.784526 0.224411 0.785959 0.231097 0.785959 0.235873 0.786676 0.236828 0.786676 0.239693 0.787392 0.239693 0.788108 0.241603 0.788825 0.241603 0.788825 0.242559 0.794556 0.253065 0.794556 0.272168 0.796705 0.286496 0.797421 0.312285 0.795988 0.314195 0.795988 0.316105 0.788108 0.316105 0.785959 0.313240 0.783094 0.312285 0.775930 0.312285 0.774497 0.314195 0.765185 0.315150 0.760886 0.319926 0.756588 0.319926 0.755872 0.321836 0.753006 0.323746 0.749425 0.323746 0.748708 0.325657 0.747992 0.325657 0.747992 0.350491 0.745126 0.354311 0.757305 0.358132 0.758021 0.359087 0.763036 0.359087 0.764468 0.361953 0.764468 0.377235 0.763752 0.379145 0.763752 0.382011 0.761603 0.382966 0.760170 0.384876 0.758021 0.384876 0.756588 0.386786 0.750857 0.386786 0.748708 0.385831 0.748708 0.384876 0.746559 0.384876 0.745843 0.383921 0.745843 0.382011 0.745126 0.382011 0.742977 0.378190 0.742977 0.375325 0.737246 0.372459 0.736530 0.370549 0.726501 0.369594 0.725785 0.368639 0.725785 0.365773 0.724352 0.363863 0.722919 0.355266 0.722919 0.323746 0.724352 0.322791 0.724352 0.320881 0.725785 0.318971 0.728650 0.312285 0.728650 0.305599 0.730799 0.302733 0.730799 0.300823 0.737963 0.300823 0.738679 0.299868 0.740828 0.299868 0.742261 0.297957 0.742977 0.294137 0.742977 0.286496 0.742261 0.285540 0.742261 0.281720 0.740112 0.281720 0.739396 0.277899
0 0.372656 0.761458 0.377344 0.761458 0.378125 0.761458 0.380469 0.763542 0.381250 0.764583 0.382031 0.767708 0.382031 0.768750 0.379688 0.772917 0.378906 0.773958 0.375781 0.775000 0.375000 0.776042 0.368750 0.773958 0.367969 0.772917 0.367969 0.767708 0.367969 0.766667 0.372656 0.761458
0 0.076563 0.677083 0.079687 0.678125 0.080469 0.678125 0.082031 0.680208 0.082812 0.680208 0.091406 0.695833 0.092188 0.696875 0.097656 0.698958 0.098437 0.700000 0.098437 0.705208 0.098437 0.706250 0.096094 0.709375 0.095312 0.710417 0.076563 0.716667 0.075781 0.716667 0.070312 0.711458 0.069531 0.711458 0.061719 0.701042 0.060937 0.700000 0.059375 0.695833 0.059375 0.694792 0.064062 0.686458 0.064062 0.685417 0.071875 0.681250 0.072656 0.681250 0.076563 0.677083
0 0.018750 0.490625 0.027344 0.490625 0.028125 0.490625 0.035937 0.493750 0.036719 0.493750 0.064844 0.511458 0.065625 0.511458 0.070312 0.516667 0.071094 0.517708 0.072656 0.521875 0.073438 0.522917 0.073438 0.528125 0.073438 0.529167 0.075781 0.535417 0.075781 0.536458 0.082812 0.547917 0.083594 0.548958 0.086719 0.557292 0.087500 0.558333 0.087500 0.567708 0.087500 0.568750 0.084375 0.583333 0.083594 0.584375 0.069531 0.585417 0.068750 0.586458 0.060156 0.585417 0.059375 0.585417 0.048438 0.578125 0.047656 0.578125 0.037500 0.566667 0.036719 0.565625 0.027344 0.559375 0.026562 0.558333 0.000781 0.553125 0.000000 0.553125 0.000000 0.493750 0.000000 0.492708 0.006250 0.493750 0.007031 0.493750 0.018750 0.490625
0 0.028125 0.216667 0.035156 0.219792 0.035937 0.219792 0.036719 0.232292 0.037500 0.233333 0.036719 0.239583 0.035937 0.240625 0.036719 0.248958 0.036719 0.250000 0.034375 0.255208 0.033594 0.256250 0.025781 0.257292 0.025000 0.257292 0.022656 0.263542 0.022656 0.264583 0.025000 0.269792 0.025781 0.270833 0.035156 0.278125 0.035156 0.279167 0.028906 0.283333 0.028125 0.284375 0.013281 0.284375 0.012500 0.284375 0.007031 0.281250 0.006250 0.280208 0.000781 0.281250 0.000000 0.281250 0.000000 0.236458 0.000000 0.235417 0.014063 0.221875 0.014844 0.220833 0.019531 0.218750 0.020313 0.217708 0.028125 0.216667
0 0.184375 0.252083 0.187500 0.252083 0.188281 0.252083 0.195312 0.258333 0.196094 0.259375 0.203125 0.263542 0.203906 0.263542 0.206250 0.266667 0.207031 0.267708 0.207813 0.271875 0.207813 0.272917 0.205469 0.276042 0.204687 0.277083 0.205469 0.280208 0.206250 0.281250 0.206250 0.289583 0.206250 0.290625 0.204687 0.296875 0.204687 0.297917 0.196875 0.300000 0.196094 0.300000 0.189062 0.307292 0.188281 0.307292 0.185938 0.310417 0.185156 0.311458 0.181250 0.322917 0.181250 0.323958 0.178125 0.329167 0.178125 0.330208 0.174219 0.331250 0.173437 0.332292 0.170313 0.328125 0.169531 0.327083 0.169531 0.315625 0.169531 0.314583 0.166406 0.310417 0.165625 0.310417 0.164844 0.307292 0.164062 0.306250 0.164062 0.300000 0.164062 0.298958 0.178906 0.281250 0.179688 0.280208 0.185156 0.276042 0.185938 0.275000 0.186719 0.272917 0.186719 0.271875 0.184375 0.264583 0.183594 0.263542 0.184375 0.252083
0 0.100000 0.171875 0.103125 0.171875 0.103906 0.171875 0.107031 0.173958 0.107813 0.175000 0.109375 0.187500 0.109375 0.188542 0.114844 0.197917 0.115625 0.198958 0.114062 0.216667 0.114062 0.217708 0.110937 0.222917 0.110156 0.223958 0.106250 0.222917 0.105469 0.221875 0.104688 0.216667 0.104688 0.215625 0.103125 0.213542 0.102344 0.212500 0.100000 0.205208 0.099219 0.204167 0.099219 0.193750 0.099219 0.192708 0.094531 0.186458 0.093750 0.185417 0.093750 0.182292 0.093750 0.181250 0.095312 0.178125 0.095312 0.177083 0.100000 0.171875
