0 0.024219 0.103125 0.025781 0.103125 0.026562 0.103125 0.028125 0.105208 0.028906 0.105208 0.039062 0.117708 0.039844 0.118750 0.041406 0.126042 0.041406 0.127083 0.058594 0.150000 0.059375 0.151042 0.067187 0.157292 0.067969 0.157292 0.080469 0.169792 0.081250 0.170833 0.082031 0.175000 0.082812 0.176042 0.082812 0.186458 0.082812 0.187500 0.084375 0.195833 0.084375 0.196875 0.093750 0.231250 0.094531 0.232292 0.094531 0.238542 0.093750 0.239583 0.089844 0.240625 0.089063 0.240625 0.083594 0.244792 0.082812 0.244792 0.079687 0.250000 0.078906 0.251042 0.076563 0.248958 0.075781 0.247917 0.074219 0.237500 0.074219 0.236458 0.065625 0.215625 0.065625 0.214583 0.057813 0.201042 0.057031 0.200000 0.050000 0.202083 0.049219 0.203125 0.026562 0.203125 0.025781 0.203125 0.018750 0.197917 0.017969 0.197917 0.016406 0.176042 0.016406 0.175000 0.021875 0.161458 0.021875 0.160417 0.028125 0.154167 0.028906 0.154167 0.032813 0.147917 0.033594 0.146875 0.033594 0.141667 0.033594 0.140625 0.028906 0.132292 0.028906 0.131250 0.025781 0.128125 0.025000 0.127083 0.018750 0.125000 0.017969 0.125000 0.017969 0.121875 0.017969 0.120833 0.020313 0.113542 0.020313 0.112500 0.024219 0.103125
0 0.000000 0.119792 0.008594 0.125000 0.009375 0.126042 0.011719 0.126042 0.012500 0.127083 0.016406 0.126042 0.017188 0.125000 0.020313 0.126042 0.021094 0.126042 0.025000 0.129167 0.025781 0.129167 0.032031 0.138542 0.032813 0.139583 0.032813 0.146875 0.032813 0.147917 0.022656 0.158333 0.021875 0.159375 0.017188 0.171875 0.016406 0.172917 0.015625 0.202083 0.015625 0.203125 0.007812 0.205208 0.007031 0.206250 0.000781 0.204167 0.000000 0.204167 0.000000 0.119792
0 0.095312 0.058333 0.099219 0.059375 0.100000 0.059375 0.106250 0.064583 0.107031 0.065625 0.110937 0.065625 0.111719 0.065625 0.118750 0.061458 0.119531 0.061458 0.128125 0.072917 0.128906 0.073958 0.133594 0.085417 0.133594 0.086458 0.132812 0.087500 0.132812 0.088542 0.126562 0.090625 0.125781 0.090625 0.117969 0.103125 0.117969 0.104167 0.113281 0.105208 0.112500 0.105208 0.103906 0.109375 0.103125 0.109375 0.101562 0.111458 0.100781 0.111458 0.092188 0.126042 0.091406 0.127083 0.088281 0.127083 0.087500 0.127083 0.085156 0.118750 0.085156 0.117708 0.080549 0.103335 0.078125 0.101042 0.078906 0.096875 0.078906 0.095833 0.082812 0.091667 0.083594 0.090625 0.080469 0.069792 0.080469 0.068750 0.082812 0.063542 0.082812 0.062500 0.095312 0.058333
0 0.035291 0.034195 0.037635 0.034195 0.038416 0.034195 0.039197 0.035237 0.039979 0.035237 0.039979 0.037320 0.040760 0.038362 0.039979 0.060237 0.039979 0.061279 0.035291 0.078987 0.035291 0.080029 0.032947 0.084195 0.032947 0.085237 0.029822 0.086279 0.029041 0.086279 0.027479 0.084195 0.026697 0.083154 0.025916 0.076904 0.025916 0.075862 0.030225 0.060543 0.030604 0.059195 0.031385 0.058154 0.033729 0.037320 0.033729 0.036279 0.035291 0.034195
0 0.127344 0.090625 0.153125 0.100000 0.153906 0.100000 0.156250 0.102083 0.157031 0.102083 0.160938 0.109375 0.161719 0.110417 0.161719 0.111458 0.161719 0.112500 0.153125 0.125000 0.152344 0.126042 0.148438 0.135417 0.147656 0.136458 0.146875 0.141667 0.146875 0.142708 0.145313 0.143750 0.144531 0.144792 0.142187 0.144792 0.141406 0.144792 0.139063 0.141667 0.138281 0.140625 0.132031 0.137500 0.131250 0.136458 0.110156 0.133333 0.109375 0.132292 0.110156 0.126042 0.110156 0.125000 0.116406 0.108333 0.116406 0.107292 0.124219 0.094792 0.124219 0.093750 0.127344 0.090625
0 0.169531 0.122917 0.172656 0.122917 0.173437 0.122917 0.176563 0.125000 0.177344 0.126042 0.182812 0.127083 0.183594 0.127083 0.190625 0.131250 0.191406 0.131250 0.195312 0.135417 0.196094 0.136458 0.197656 0.140625 0.198437 0.141667 0.200000 0.147917 0.200781 0.148958 0.200000 0.152083 0.200000 0.153125 0.192969 0.162500 0.192188 0.163542 0.185938 0.163542 0.185156 0.163542 0.174219 0.170833 0.173437 0.171875 0.165625 0.171875 0.164844 0.171875 0.154688 0.176042 0.153906 0.177083 0.150781 0.177083 0.150000 0.177083 0.149219 0.176042 0.148438 0.175000 0.148438 0.171875 0.147656 0.170833 0.149219 0.136458 0.149219 0.135417 0.150781 0.133333 0.151562 0.132292 0.169531 0.122917
0 0.117969 0.139583 0.128906 0.145833 0.129688 0.145833 0.135937 0.153125 0.136719 0.153125 0.139063 0.158333 0.139063 0.159375 0.135156 0.167708 0.134375 0.168750 0.121094 0.170833 0.120313 0.170833 0.114062 0.167708 0.113281 0.167708 0.114062 0.146875 0.114062 0.145833 0.114844 0.143750 0.114844 0.142708 0.117969 0.139583
0 0.072656 0.136458 0.080469 0.136458 0.081250 0.137500 0.080469 0.151042 0.080469 0.152083 0.078906 0.157292 0.078906 0.158333 0.076563 0.161458 0.075781 0.162500 0.067969 0.156250 0.067187 0.156250 0.065625 0.153125 0.064844 0.152083 0.065625 0.143750 0.065625 0.142708 0.072656 0.136458
0 0.132031 0.004167 0.144531 0.005208 0.145313 0.006250 0.146875 0.035417 0.146875 0.036458 0.150000 0.042708 0.150000 0.043750 0.155469 0.051042 0.156250 0.052083 0.157812 0.061458 0.157812 0.062500 0.160938 0.068750 0.161719 0.069792 0.160156 0.075000 0.160156 0.076042 0.158594 0.077083 0.157812 0.078125 0.143750 0.076042 0.142969 0.076042 0.141406 0.075000 0.140625 0.073958 0.137500 0.073958 0.136719 0.073958 0.133594 0.070833 0.132812 0.069792 0.138281 0.048958 0.138281 0.047917 0.130469 0.039583 0.129688 0.038542 0.129688 0.010417 0.129688 0.009375 0.132031 0.004167
0 0.130469 0.039583 0.135937 0.043750 0.136719 0.044792 0.137500 0.050000 0.137500 0.051042 0.135156 0.059375 0.135156 0.060417 0.127344 0.068750 0.126562 0.069792 0.124219 0.069792 0.123438 0.069792 0.121094 0.064583 0.120313 0.063542 0.120313 0.055208 0.120313 0.054167 0.125000 0.043750 0.125000 0.042708 0.130469 0.039583
0 0.087500 0.036458 0.103125 0.042708 0.103906 0.042708 0.118750 0.051042 0.119531 0.051042 0.120313 0.053125 0.121094 0.054167 0.120313 0.059375 0.120313 0.060417 0.116406 0.062500 0.115625 0.063542 0.107813 0.064583 0.107031 0.064583 0.098437 0.058333 0.097656 0.057292 0.089063 0.058333 0.088281 0.058333 0.087500 0.056250 0.086719 0.055208 0.085938 0.047917 0.085156 0.046875 0.085156 0.039583 0.085156 0.038542 0.087500 0.036458
0 0.017969 0.090625 0.025781 0.091667 0.026562 0.092708 0.025781 0.097917 0.025781 0.098958 0.022656 0.102083 0.021875 0.103125 0.019531 0.103125 0.018750 0.103125 0.016406 0.100000 0.015625 0.098958 0.015625 0.093750 0.015625 0.092708 0.017969 0.090625
0 0.160938 0.198958 0.163281 0.200000 0.164062 0.200000 0.163281 0.202083 0.163281 0.203125 0.158594 0.208333 0.157812 0.209375 0.152344 0.219792 0.151562 0.220833 0.144531 0.218750 0.143750 0.217708 0.142969 0.214583 0.142969 0.213542 0.144531 0.210417 0.145313 0.209375 0.152344 0.203125 0.153125 0.202083 0.160938 0.198958
0 0.168750 0.221875 0.175781 0.222917 0.176563 0.223958 0.177344 0.227083 0.178125 0.228125 0.178125 0.236458 0.177344 0.237500 0.170313 0.238542 0.169531 0.237500 0.168750 0.230208 0.167969 0.229167 0.168750 0.221875
0 0.157812 0.237500 0.161719 0.237500 0.162500 0.237500 0.166406 0.240625 0.167187 0.240625 0.168750 0.243750 0.169531 0.244792 0.171094 0.253125 0.171875 0.254167 0.171875 0.261458 0.171875 0.262500 0.164844 0.273958 0.164062 0.275000 0.165625 0.286458 0.165625 0.287500 0.163281 0.287500 0.162500 0.287500 0.159375 0.283333 0.158594 0.282292 0.155469 0.270833 0.155469 0.269792 0.150000 0.263542 0.149219 0.262500 0.150781 0.259375 0.151562 0.258333 0.149219 0.243750 0.149219 0.242708 0.157812 0.237500
0 0.219531 0.262500 0.225781 0.267708 0.226562 0.268750 0.230469 0.269792 0.231250 0.270833 0.235937 0.269792 0.236719 0.269792 0.238281 0.272917 0.238281 0.273958 0.233594 0.279167 0.232813 0.280208 0.228125 0.283333 0.227344 0.283333 0.218750 0.291667 0.217969 0.291667 0.209375 0.304167 0.208594 0.305208 0.202344 0.306250 0.201563 0.306250 0.200000 0.305208 0.199219 0.304167 0.197656 0.300000 0.196875 0.298958 0.189062 0.292708 0.188281 0.291667 0.187500 0.288542 0.187500 0.287500 0.192188 0.281250 0.192969 0.280208 0.219531 0.262500
0 0.213281 0.245833 0.215625 0.245833 0.216406 0.245833 0.218750 0.247917 0.219531 0.247917 0.222656 0.260417 0.222656 0.261458 0.207031 0.269792 0.206250 0.270833 0.201563 0.271875 0.200781 0.271875 0.200000 0.270833 0.199219 0.269792 0.199219 0.264583 0.199219 0.263542 0.200000 0.259375 0.200000 0.258333 0.202344 0.254167 0.202344 0.253125 0.205469 0.250000 0.206250 0.248958 0.213281 0.245833
0 0.196875 0.237500 0.200000 0.239583 0.200781 0.240625 0.201563 0.252083 0.201563 0.253125 0.198437 0.256250 0.197656 0.257292 0.184375 0.256250 0.183594 0.256250 0.182812 0.254167 0.182812 0.253125 0.184375 0.250000 0.184375 0.248958 0.189844 0.242708 0.190625 0.241667 0.196875 0.237500
0 0.231250 0.219792 0.232813 0.219792 0.233594 0.219792 0.239844 0.228125 0.240625 0.229167 0.241406 0.235417 0.240625 0.236458 0.236719 0.237500 0.235937 0.237500 0.232031 0.234375 0.231250 0.233333 0.229687 0.228125 0.228906 0.227083 0.229687 0.222917 0.229687 0.221875 0.231250 0.219792
0 0.214844 0.202083 0.218750 0.205208 0.219531 0.206250 0.220312 0.210417 0.220312 0.211458 0.218750 0.214583 0.217969 0.215625 0.212500 0.215625 0.211719 0.215625 0.210938 0.213542 0.210156 0.212500 0.210938 0.205208 0.210938 0.204167 0.214844 0.202083
0 0.182031 0.062500 0.184375 0.063542 0.185156 0.063542 0.191406 0.073958 0.191406 0.075000 0.188281 0.077083 0.187500 0.078125 0.185156 0.078125 0.184375 0.078125 0.179688 0.073958 0.178906 0.073958 0.176563 0.069792 0.175781 0.068750 0.176563 0.065625 0.176563 0.064583 0.182031 0.062500
0 0.271094 0.042708 0.275781 0.042708 0.276562 0.042708 0.283594 0.053125 0.284375 0.054167 0.285156 0.059375 0.285156 0.060417 0.280469 0.062500 0.279687 0.063542 0.268750 0.063542 0.267969 0.063542 0.267188 0.062500 0.266406 0.061458 0.264844 0.054167 0.264062 0.053125 0.264844 0.050000 0.264844 0.048958 0.271094 0.042708
0 0.336719 0.068750 0.337500 0.068750 0.338281 0.068750 0.339062 0.071875 0.339844 0.072917 0.339844 0.082292 0.339844 0.083333 0.339062 0.087500 0.338281 0.088542 0.338281 0.098958 0.338281 0.100000 0.334375 0.101042 0.333594 0.101042 0.328906 0.096875 0.328125 0.095833 0.328125 0.092708 0.328125 0.091667 0.331250 0.087500 0.332031 0.086458 0.336719 0.068750
0 0.330469 0.165625 0.335938 0.166667 0.336719 0.167708 0.336719 0.176042 0.336719 0.177083 0.333594 0.178125 0.332813 0.179167 0.327344 0.178125 0.326562 0.177083 0.325781 0.172917 0.325781 0.171875 0.330469 0.165625
0 0.321094 0.154167 0.324219 0.154167 0.325000 0.154167 0.325000 0.159375 0.325000 0.160417 0.323437 0.161458 0.322656 0.162500 0.320312 0.161458 0.319531 0.160417 0.319531 0.157292 0.319531 0.156250 0.321094 0.154167
0 0.321094 0.164583 0.323437 0.164583 0.324219 0.164583 0.325781 0.167708 0.325781 0.168750 0.324219 0.169792 0.323437 0.170833 0.321875 0.169792 0.321094 0.169792 0.321094 0.164583
0 0.333594 0.195833 0.338281 0.195833 0.339062 0.195833 0.342969 0.201042 0.343750 0.202083 0.343750 0.210417 0.342969 0.211458 0.337500 0.212500 0.336719 0.212500 0.334375 0.210417 0.333594 0.209375 0.332813 0.203125 0.332031 0.202083 0.333594 0.195833
0 0.265625 0.246875 0.267969 0.247917 0.268750 0.248958 0.268750 0.258333 0.267969 0.259375 0.262500 0.258333 0.261719 0.257292 0.265625 0.246875
0 0.278906 0.285417 0.282813 0.285417 0.283594 0.285417 0.292969 0.289583 0.293750 0.289583 0.293750 0.297917 0.293750 0.298958 0.287500 0.305208 0.286719 0.306250 0.283594 0.306250 0.282813 0.306250 0.279687 0.302083 0.278906 0.301042 0.274219 0.297917 0.273438 0.297917 0.273438 0.294792 0.273438 0.293750 0.275000 0.290625 0.275000 0.289583 0.278906 0.285417
0 0.371875 0.157292 0.375781 0.158333 0.376563 0.158333 0.381250 0.167708 0.381250 0.168750 0.385156 0.173958 0.385937 0.175000 0.386719 0.182292 0.386719 0.183333 0.376563 0.209375 0.376563 0.210417 0.366406 0.227083 0.366406 0.228125 0.360938 0.232292 0.360156 0.232292 0.355469 0.226042 0.354687 0.225000 0.350781 0.211458 0.350781 0.210417 0.344531 0.195833 0.343750 0.194792 0.342969 0.189583 0.342969 0.188542 0.343750 0.186458 0.344531 0.185417 0.371875 0.157292
0 0.403125 0.108333 0.407031 0.109375 0.407813 0.110417 0.408594 0.121875 0.408594 0.122917 0.400000 0.142708 0.400000 0.143750 0.389844 0.153125 0.389062 0.154167 0.384375 0.154167 0.383594 0.154167 0.375781 0.148958 0.375000 0.148958 0.374219 0.142708 0.374219 0.141667 0.381250 0.125000 0.381250 0.123958 0.403125 0.108333
0 0.494531 0.150000 0.498437 0.156250 0.499219 0.157292 0.499219 0.159375 0.500000 0.160417 0.502344 0.178125 0.503125 0.179167 0.503125 0.187500 0.503906 0.188542 0.503125 0.217708 0.503125 0.218750 0.501563 0.222917 0.501563 0.223958 0.498437 0.227083 0.497656 0.228125 0.495312 0.225000 0.494531 0.223958 0.494531 0.220833 0.494531 0.219792 0.485156 0.193750 0.484375 0.192708 0.484375 0.189583 0.483594 0.188542 0.483594 0.169792 0.483594 0.168750 0.485938 0.163542 0.485938 0.162500 0.492188 0.157292 0.492969 0.156250 0.494531 0.150000
0 0.675000 0.254167 0.678125 0.254167 0.678906 0.254167 0.683594 0.257292 0.684375 0.257292 0.688281 0.267708 0.689063 0.268750 0.690625 0.290625 0.690625 0.291667 0.685937 0.312500 0.685156 0.313542 0.684375 0.344792 0.684375 0.345833 0.680469 0.352083 0.679688 0.353125 0.675781 0.373958 0.675781 0.375000 0.659375 0.392708 0.658594 0.393750 0.651563 0.395833 0.650781 0.395833 0.625000 0.370833 0.624219 0.369792 0.625781 0.352083 0.625781 0.351042 0.627344 0.344792 0.627344 0.343750 0.634375 0.327083 0.635156 0.326042 0.635938 0.318750 0.635938 0.317708 0.638281 0.309375 0.639062 0.308333 0.641406 0.290625 0.641406 0.289583 0.642969 0.285417 0.642969 0.284375 0.647656 0.281250 0.648438 0.281250 0.651563 0.276042 0.651563 0.275000 0.657813 0.267708 0.658594 0.266667 0.661719 0.265625 0.662500 0.265625 0.675000 0.254167
0 0.665625 0.213542 0.671094 0.217708 0.671875 0.217708 0.682813 0.234375 0.683594 0.235417 0.684375 0.240625 0.684375 0.241667 0.679688 0.247917 0.679688 0.248958 0.667188 0.257292 0.666406 0.258333 0.651563 0.258333 0.650781 0.258333 0.639062 0.254167 0.638281 0.254167 0.634375 0.251042 0.633594 0.251042 0.631250 0.243750 0.630469 0.242708 0.633594 0.236458 0.634375 0.235417 0.665625 0.213542
0 0.861719 0.135417 0.865625 0.137500 0.866406 0.138542 0.875781 0.161458 0.876563 0.162500 0.880469 0.181250 0.881250 0.182292 0.881250 0.192708 0.881250 0.193750 0.879687 0.200000 0.878906 0.201042 0.867969 0.203125 0.867188 0.203125 0.854688 0.198958 0.853906 0.197917 0.842969 0.196875 0.842187 0.196875 0.839844 0.194792 0.839063 0.194792 0.839063 0.190625 0.839063 0.189583 0.853906 0.156250 0.854688 0.155208 0.861719 0.135417
0 0.798438 0.113542 0.807813 0.117708 0.808594 0.118750 0.810156 0.127083 0.810156 0.128125 0.807813 0.135417 0.807031 0.136458 0.804688 0.136458 0.803906 0.136458 0.797656 0.132292 0.796875 0.131250 0.795312 0.117708 0.795312 0.116667 0.798438 0.113542
0 0.807031 0.093750 0.810156 0.093750 0.810937 0.093750 0.814063 0.095833 0.814844 0.095833 0.827344 0.112500 0.828125 0.113542 0.828125 0.126042 0.827344 0.127083 0.821094 0.131250 0.820312 0.132292 0.816406 0.131250 0.815625 0.130208 0.810156 0.118750 0.809375 0.117708 0.808594 0.113542 0.807813 0.112500 0.807031 0.103125 0.806250 0.102083 0.807031 0.093750
0 0.837500 0.088542 0.839844 0.089583 0.840625 0.089583 0.844531 0.100000 0.845313 0.101042 0.842969 0.113542 0.842969 0.114583 0.839063 0.115625 0.838281 0.116667 0.834375 0.114583 0.833594 0.114583 0.832031 0.112500 0.831250 0.111458 0.831250 0.108333 0.830469 0.107292 0.833594 0.096875 0.833594 0.095833 0.837500 0.088542
0 0.832812 0.117708 0.839844 0.117708 0.840625 0.117708 0.847656 0.119792 0.848437 0.119792 0.851562 0.121875 0.852344 0.121875 0.853125 0.126042 0.853125 0.127083 0.845313 0.133333 0.844531 0.134375 0.836719 0.134375 0.835938 0.134375 0.828906 0.127083 0.828125 0.126042 0.829688 0.119792 0.829688 0.118750 0.832812 0.117708
0 0.787500 0.098958 0.793750 0.098958 0.794531 0.098958 0.796875 0.104167 0.797656 0.105208 0.797656 0.110417 0.797656 0.111458 0.796094 0.115625 0.795312 0.116667 0.795312 0.119792 0.794531 0.120833 0.796094 0.130208 0.796094 0.131250 0.791406 0.135417 0.790625 0.136458 0.787500 0.136458 0.786719 0.136458 0.781250 0.128125 0.780469 0.127083 0.777344 0.118750 0.776563 0.117708 0.775781 0.112500 0.775000 0.111458 0.776563 0.107292 0.777344 0.106250 0.782031 0.102083 0.782813 0.101042 0.787500 0.098958
0 0.769531 0.062500 0.783594 0.068750 0.784375 0.068750 0.785156 0.069792 0.785937 0.070833 0.785156 0.073958 0.785156 0.075000 0.771094 0.081250 0.770312 0.081250 0.760156 0.090625 0.759375 0.091667 0.756250 0.091667 0.755469 0.091667 0.753906 0.087500 0.753125 0.086458 0.753906 0.073958 0.753906 0.072917 0.757031 0.068750 0.757812 0.067708 0.769531 0.062500
0 0.439063 0.046875 0.443750 0.047917 0.444531 0.048958 0.471875 0.051042 0.472656 0.051042 0.474219 0.052083 0.475000 0.053125 0.475000 0.056250 0.475000 0.057292 0.464844 0.071875 0.464062 0.072917 0.460938 0.073958 0.460156 0.075000 0.450781 0.076042 0.450000 0.076042 0.436719 0.069792 0.435937 0.069792 0.433594 0.066667 0.432812 0.065625 0.432812 0.059375 0.432812 0.058333 0.434375 0.053125 0.434375 0.052083 0.435937 0.048958 0.436719 0.047917 0.439063 0.046875
0 0.532031 0.261458 0.541406 0.267708 0.542188 0.267708 0.553906 0.285417 0.554688 0.286458 0.554688 0.296875 0.554688 0.297917 0.552344 0.302083 0.552344 0.303125 0.549219 0.306250 0.549219 0.307292 0.548438 0.307292 0.547656 0.307292 0.540625 0.300000 0.539844 0.298958 0.533594 0.284375 0.532813 0.283333 0.529687 0.270833 0.528906 0.269792 0.528906 0.264583 0.528906 0.263542 0.532031 0.261458
0 0.532031 0.261458 0.532813 0.261458 0.533594 0.261458 0.541406 0.268750 0.542188 0.268750 0.548438 0.278125 0.549219 0.279167 0.553125 0.279167 0.553906 0.279167 0.558594 0.273958 0.559375 0.272917 0.568750 0.272917 0.569531 0.272917 0.571094 0.275000 0.571875 0.276042 0.571875 0.278125 0.571875 0.279167 0.569531 0.284375 0.569531 0.285417 0.572656 0.292708 0.573438 0.293750 0.574219 0.302083 0.575000 0.303125 0.575781 0.317708 0.576562 0.318750 0.575000 0.336458 0.574219 0.337500 0.572656 0.337500 0.571875 0.338542 0.566406 0.335417 0.565625 0.335417 0.559375 0.326042 0.558594 0.325000 0.552344 0.326042 0.551562 0.327083 0.545312 0.326042 0.544531 0.325000 0.547656 0.308333 0.547656 0.307292 0.545312 0.303125 0.544531 0.302083 0.540625 0.300000 0.539844 0.298958 0.538281 0.293750 0.538281 0.292708 0.532813 0.282292 0.532031 0.281250 0.528906 0.268750 0.528125 0.267708 0.528906 0.264583 0.528906 0.263542 0.532031 0.261458
0 0.567187 0.285417 0.572656 0.291667 0.573438 0.292708 0.574219 0.301042 0.575000 0.302083 0.576562 0.328125 0.576562 0.329167 0.575781 0.333333 0.575781 0.334375 0.573438 0.337500 0.572656 0.338542 0.567187 0.336458 0.566406 0.336458 0.561719 0.330208 0.560937 0.329167 0.562500 0.308333 0.562500 0.307292 0.565625 0.289583 0.565625 0.288542 0.567187 0.285417
0 0.598437 0.233333 0.602344 0.233333 0.603125 0.233333 0.611719 0.237500 0.612500 0.237500 0.615625 0.240625 0.616406 0.241667 0.616406 0.250000 0.616406 0.251042 0.613281 0.256250 0.612500 0.257292 0.616406 0.265625 0.617188 0.266667 0.617188 0.270833 0.617188 0.271875 0.609375 0.273958 0.608594 0.275000 0.599219 0.275000 0.598437 0.275000 0.592969 0.278125 0.592187 0.279167 0.589844 0.279167 0.589063 0.279167 0.589063 0.250000 0.589063 0.248958 0.592969 0.244792 0.593750 0.243750 0.595313 0.238542 0.595313 0.237500 0.598437 0.233333
0 0.598437 0.233333 0.602344 0.233333 0.603125 0.233333 0.614844 0.239583 0.615625 0.240625 0.617188 0.246875 0.617188 0.247917 0.613281 0.258333 0.613281 0.259375 0.617969 0.271875 0.617188 0.272917 0.608594 0.273958 0.607812 0.275000 0.603125 0.273958 0.602344 0.273958 0.590625 0.278125 0.589844 0.277083 0.589844 0.250000 0.589844 0.248958 0.592187 0.245833 0.592969 0.244792 0.593750 0.241667 0.593750 0.240625 0.596875 0.235417 0.596875 0.234375 0.598437 0.233333
0 0.598437 0.177083 0.600781 0.178125 0.601562 0.178125 0.603906 0.182292 0.604688 0.183333 0.605469 0.187500 0.606250 0.188542 0.606250 0.194792 0.606250 0.195833 0.600000 0.204167 0.599219 0.205208 0.591406 0.208333 0.590625 0.208333 0.586719 0.204167 0.585938 0.203125 0.585156 0.195833 0.585156 0.194792 0.588281 0.187500 0.588281 0.186458 0.590625 0.183333 0.591406 0.182292 0.598437 0.177083
0 0.595313 0.125000 0.598437 0.126042 0.599219 0.127083 0.600000 0.136458 0.600781 0.137500 0.600000 0.142708 0.600000 0.143750 0.604688 0.156250 0.605469 0.157292 0.600781 0.169792 0.600781 0.170833 0.597656 0.176042 0.596875 0.177083 0.592187 0.179167 0.591406 0.180208 0.588281 0.180208 0.587500 0.180208 0.586719 0.179167 0.585938 0.178125 0.577344 0.176042 0.576562 0.175000 0.568750 0.173958 0.567969 0.173958 0.567187 0.169792 0.567187 0.168750 0.574219 0.159375 0.575000 0.158333 0.579688 0.145833 0.579688 0.144792 0.585938 0.135417 0.586719 0.134375 0.595313 0.125000
0 0.571094 0.182292 0.578906 0.185417 0.579688 0.186458 0.580469 0.191667 0.581250 0.192708 0.580469 0.198958 0.579688 0.200000 0.568750 0.201042 0.567969 0.201042 0.565625 0.188542 0.565625 0.187500 0.566406 0.185417 0.567187 0.184375 0.571094 0.182292
0 0.561719 0.140625 0.572656 0.141667 0.573438 0.141667 0.575000 0.145833 0.575781 0.146875 0.574219 0.154167 0.574219 0.155208 0.566406 0.156250 0.565625 0.156250 0.558594 0.153125 0.557813 0.153125 0.557031 0.147917 0.557031 0.146875 0.561719 0.140625
0 0.587500 0.064583 0.591406 0.064583 0.592187 0.064583 0.595313 0.068750 0.596094 0.069792 0.596094 0.079167 0.596094 0.080208 0.589844 0.081250 0.589063 0.081250 0.585938 0.079167 0.585156 0.078125 0.584375 0.070833 0.584375 0.069792 0.587500 0.064583
0 0.571094 0.031250 0.574219 0.033333 0.575000 0.034375 0.575000 0.050000 0.574219 0.051042 0.571094 0.051042 0.570312 0.051042 0.567187 0.047917 0.566406 0.047917 0.563281 0.042708 0.562500 0.042708 0.561719 0.038542 0.560937 0.037500 0.561719 0.034375 0.562500 0.033333 0.567969 0.033333 0.568750 0.033333 0.571094 0.031250
0 0.514844 0.082292 0.516406 0.082292 0.517188 0.082292 0.522656 0.089583 0.523438 0.090625 0.524219 0.097917 0.525000 0.098958 0.524219 0.104167 0.523438 0.105208 0.518750 0.105208 0.517969 0.105208 0.514062 0.100000 0.513281 0.098958 0.511719 0.091667 0.511719 0.090625 0.514844 0.082292
0 0.457031 0.076042 0.461719 0.076042 0.462500 0.076042 0.467187 0.082292 0.467969 0.083333 0.472656 0.097917 0.472656 0.098958 0.475781 0.104167 0.476562 0.105208 0.478125 0.111458 0.477344 0.112500 0.475000 0.113542 0.474219 0.113542 0.471094 0.108333 0.470313 0.107292 0.465625 0.104167 0.464844 0.103125 0.464844 0.101042 0.464844 0.100000 0.462500 0.095833 0.462500 0.094792 0.456250 0.086458 0.455469 0.085417 0.455469 0.080208 0.455469 0.079167 0.457031 0.076042
0 0.410938 0.175000 0.414844 0.177083 0.415625 0.178125 0.414844 0.184375 0.414062 0.185417 0.397656 0.197917 0.396875 0.198958 0.392969 0.200000 0.392188 0.200000 0.390625 0.197917 0.389844 0.196875 0.389062 0.189583 0.389062 0.188542 0.390625 0.185417 0.390625 0.184375 0.395313 0.181250 0.396094 0.180208 0.410938 0.175000
0 0.400000 0.144792 0.406250 0.145833 0.407031 0.146875 0.407031 0.153125 0.407031 0.154167 0.403125 0.163542 0.403125 0.164583 0.388281 0.171875 0.387500 0.171875 0.386719 0.169792 0.385937 0.168750 0.386719 0.156250 0.386719 0.155208 0.400000 0.144792
0 0.428906 0.162500 0.431250 0.162500 0.432031 0.162500 0.435156 0.166667 0.435937 0.167708 0.435156 0.175000 0.435156 0.176042 0.432031 0.178125 0.431250 0.179167 0.427344 0.179167 0.426563 0.179167 0.424219 0.177083 0.423438 0.176042 0.424219 0.168750 0.424219 0.167708 0.428906 0.162500
0 0.451562 0.240625 0.457031 0.241667 0.457813 0.241667 0.457813 0.245833 0.457813 0.246875 0.454688 0.253125 0.454688 0.254167 0.449219 0.261458 0.448437 0.262500 0.445312 0.270833 0.445312 0.271875 0.440625 0.275000 0.439844 0.276042 0.433594 0.271875 0.432812 0.271875 0.432031 0.269792 0.431250 0.268750 0.432031 0.264583 0.432031 0.263542 0.444531 0.246875 0.445312 0.245833 0.451562 0.240625
0 0.364844 0.234375 0.368750 0.234375 0.369531 0.234375 0.371875 0.237500 0.372656 0.237500 0.375000 0.241667 0.375781 0.242708 0.375781 0.247917 0.375781 0.248958 0.374219 0.252083 0.374219 0.253125 0.369531 0.258333 0.368750 0.259375 0.360938 0.263542 0.360156 0.264583 0.355469 0.264583 0.354687 0.264583 0.353906 0.263542 0.353125 0.262500 0.353906 0.242708 0.353906 0.241667 0.364844 0.234375
0 0.353125 0.265625 0.357812 0.267708 0.358594 0.267708 0.367188 0.277083 0.367969 0.278125 0.367188 0.285417 0.367188 0.286458 0.364063 0.289583 0.363281 0.289583 0.357812 0.297917 0.357031 0.298958 0.353906 0.300000 0.353125 0.301042 0.348438 0.297917 0.347656 0.297917 0.343750 0.291667 0.342969 0.290625 0.342969 0.285417 0.342969 0.284375 0.346875 0.272917 0.346875 0.271875 0.353125 0.265625
0 0.371094 0.259375 0.372656 0.259375 0.373437 0.259375 0.377344 0.263542 0.378125 0.263542 0.379688 0.267708 0.380469 0.268750 0.380469 0.276042 0.380469 0.277083 0.375781 0.286458 0.375781 0.287500 0.373437 0.288542 0.372656 0.289583 0.369531 0.285417 0.368750 0.284375 0.369531 0.278125 0.369531 0.277083 0.367969 0.273958 0.367188 0.272917 0.367188 0.269792 0.366406 0.268750 0.371094 0.259375
0 0.383594 0.232292 0.387500 0.232292 0.388281 0.232292 0.394531 0.238542 0.395313 0.239583 0.395313 0.245833 0.395313 0.246875 0.392188 0.252083 0.391406 0.253125 0.386719 0.253125 0.385937 0.253125 0.378906 0.246875 0.378125 0.245833 0.378125 0.237500 0.378125 0.236458 0.379688 0.234375 0.380469 0.233333 0.383594 0.232292
0 0.402344 0.327083 0.408594 0.328125 0.409375 0.328125 0.414062 0.332292 0.414844 0.333333 0.417969 0.332292 0.418750 0.331250 0.424219 0.331250 0.425000 0.332292 0.425000 0.339583 0.425000 0.340625 0.423438 0.343750 0.423438 0.344792 0.418750 0.350000 0.417969 0.351042 0.413281 0.360417 0.412500 0.361458 0.406250 0.362500 0.405469 0.362500 0.390625 0.357292 0.389844 0.357292 0.386719 0.355208 0.385937 0.355208 0.378906 0.346875 0.378125 0.345833 0.378125 0.341667 0.378125 0.340625 0.385937 0.332292 0.386719 0.331250 0.402344 0.327083
0 0.222656 0.304167 0.240625 0.304167 0.241406 0.304167 0.250000 0.306250 0.250781 0.306250 0.259375 0.311458 0.260156 0.311458 0.261719 0.314583 0.261719 0.315625 0.255469 0.325000 0.255469 0.326042 0.249219 0.332292 0.248438 0.333333 0.229687 0.346875 0.228906 0.347917 0.222656 0.350000 0.221875 0.351042 0.217188 0.351042 0.216406 0.351042 0.215625 0.346875 0.215625 0.345833 0.209375 0.330208 0.209375 0.329167 0.215625 0.308333 0.215625 0.307292 0.216406 0.306250 0.217188 0.305208 0.222656 0.304167
0 0.107813 0.236458 0.126562 0.239583 0.127344 0.240625 0.130469 0.239583 0.131250 0.239583 0.135156 0.242708 0.135156 0.243750 0.111719 0.275000 0.110937 0.276042 0.099219 0.295833 0.098437 0.296875 0.093750 0.308333 0.093750 0.309375 0.092188 0.311458 0.091406 0.312500 0.089844 0.312500 0.089063 0.312500 0.081250 0.326042 0.080469 0.327083 0.074219 0.327083 0.073438 0.327083 0.067969 0.325000 0.067187 0.325000 0.055469 0.315625 0.054688 0.315625 0.053906 0.311458 0.053906 0.310417 0.055469 0.306250 0.055469 0.305208 0.063281 0.295833 0.064062 0.294792 0.069531 0.285417 0.070312 0.284375 0.072656 0.277083 0.072656 0.276042 0.079687 0.264583 0.080469 0.263542 0.081250 0.248958 0.081250 0.247917 0.089844 0.241667 0.090625 0.240625 0.094531 0.239583 0.095312 0.238542 0.107813 0.236458
0 0.071094 0.285417 0.078906 0.288542 0.079687 0.288542 0.082812 0.292708 0.083594 0.293750 0.087500 0.314583 0.087500 0.315625 0.086719 0.317708 0.086719 0.318750 0.081250 0.326042 0.080469 0.327083 0.069531 0.326042 0.068750 0.326042 0.053906 0.316667 0.053125 0.315625 0.053125 0.312500 0.053125 0.311458 0.056250 0.304167 0.056250 0.303125 0.060156 0.298958 0.060937 0.298958 0.067187 0.288542 0.067969 0.287500 0.071094 0.285417
0 0.075781 0.248958 0.077344 0.250000 0.078125 0.251042 0.078906 0.261458 0.078906 0.262500 0.078125 0.264583 0.077344 0.265625 0.069531 0.272917 0.068750 0.273958 0.053125 0.275000 0.052344 0.275000 0.047656 0.272917 0.046875 0.271875 0.049219 0.267708 0.050000 0.266667 0.060156 0.260417 0.060937 0.260417 0.075781 0.248958
0 0.028906 0.264583 0.046875 0.271875 0.047656 0.271875 0.050781 0.275000 0.051562 0.275000 0.052344 0.278125 0.053125 0.279167 0.053125 0.284375 0.053125 0.285417 0.045312 0.285417 0.044531 0.285417 0.026562 0.277083 0.025781 0.277083 0.024219 0.270833 0.024219 0.269792 0.025781 0.266667 0.026562 0.265625 0.028906 0.264583
0 0.012500 0.251042 0.014844 0.252083 0.015625 0.252083 0.015625 0.257292 0.015625 0.258333 0.011719 0.263542 0.010937 0.263542 0.010156 0.262500 0.009375 0.262500 0.008594 0.257292 0.008594 0.256250 0.012500 0.251042
0 0.002344 0.266667 0.007031 0.267708 0.007812 0.267708 0.009375 0.272917 0.009375 0.273958 0.004687 0.279167 0.003906 0.280208 0.000781 0.280208 0.000000 0.280208 0.000000 0.268750 0.000000 0.267708 0.002344 0.266667
0 0.059375 0.321875 0.062500 0.325000 0.063281 0.326042 0.065625 0.333333 0.066406 0.334375 0.066406 0.339583 0.066406 0.340625 0.056250 0.351042 0.056250 0.352083 0.050781 0.351042 0.050000 0.351042 0.046875 0.347917 0.046094 0.346875 0.048438 0.334375 0.048438 0.333333 0.053125 0.327083 0.053906 0.326042 0.059375 0.321875
0 0.078125 0.330208 0.078906 0.330208 0.079687 0.330208 0.092188 0.346875 0.092969 0.347917 0.093750 0.350000 0.093750 0.351042 0.091406 0.354167 0.091406 0.355208 0.086719 0.361458 0.085938 0.362500 0.076563 0.368750 0.075781 0.369792 0.066406 0.370833 0.065625 0.371875 0.053906 0.370833 0.053125 0.370833 0.052344 0.368750 0.051562 0.367708 0.054688 0.361458 0.055469 0.360417 0.057031 0.353125 0.057031 0.352083 0.064844 0.342708 0.065625 0.341667 0.078125 0.330208
0 0.010156 0.393750 0.014844 0.394792 0.015625 0.394792 0.016406 0.398958 0.016406 0.400000 0.014844 0.403125 0.014844 0.404167 0.010156 0.411458 0.009375 0.412500 0.000781 0.415625 0.000000 0.415625 0.000000 0.397917 0.000000 0.396875 0.010156 0.393750
0 0.044531 0.442708 0.047656 0.443750 0.048438 0.444792 0.056250 0.443750 0.057031 0.443750 0.067187 0.447917 0.067969 0.447917 0.071875 0.451042 0.072656 0.451042 0.077344 0.459375 0.078125 0.460417 0.078125 0.467708 0.078125 0.468750 0.076563 0.472917 0.076563 0.473958 0.075781 0.475000 0.075000 0.476042 0.059375 0.475000 0.058594 0.475000 0.046875 0.479167 0.046094 0.480208 0.036719 0.479167 0.035937 0.479167 0.031250 0.473958 0.030469 0.472917 0.030469 0.455208 0.030469 0.454167 0.032813 0.450000 0.033594 0.448958 0.037500 0.447917 0.038281 0.447917 0.044531 0.442708
0 0.532031 0.142708 0.532813 0.142708 0.533594 0.142708 0.534375 0.144792 0.535156 0.145833 0.532031 0.158333 0.532031 0.159375 0.523438 0.178125 0.523438 0.179167 0.518750 0.186458 0.517969 0.187500 0.516406 0.187500 0.515625 0.187500 0.514844 0.186458 0.514062 0.185417 0.514844 0.172917 0.514844 0.171875 0.517188 0.166667 0.517188 0.165625 0.526563 0.154167 0.527344 0.153125 0.532031 0.142708
0 0.508594 0.188542 0.512500 0.189583 0.513281 0.189583 0.514062 0.195833 0.514062 0.196875 0.513281 0.198958 0.512500 0.200000 0.506250 0.201042 0.505469 0.201042 0.505469 0.195833 0.505469 0.194792 0.508594 0.188542
0 0.629687 0.052083 0.636719 0.053125 0.637500 0.054167 0.637500 0.064583 0.637500 0.065625 0.629687 0.065625 0.628906 0.065625 0.623437 0.062500 0.622656 0.061458 0.623437 0.058333 0.623437 0.057292 0.629687 0.052083
0 0.650000 0.000000 0.660937 0.000000 0.661719 0.000000 0.663109 0.001932 0.663281 0.005208 0.663281 0.020833 0.663281 0.021875 0.661719 0.028125 0.661719 0.029167 0.656250 0.039583 0.655469 0.040625 0.653906 0.047917 0.653906 0.048958 0.650000 0.048958 0.649219 0.047917 0.645312 0.026042 0.644531 0.025000 0.644531 0.013542 0.644531 0.012500 0.650000 0.000000
0 0.772656 0.092708 0.777344 0.092708 0.778125 0.093750 0.779687 0.098958 0.780469 0.100000 0.779687 0.103125 0.779687 0.104167 0.768750 0.111458 0.767969 0.112500 0.764062 0.113542 0.763281 0.114583 0.761719 0.113542 0.760938 0.113542 0.757812 0.107292 0.757031 0.106250 0.758594 0.103125 0.758594 0.102083 0.760938 0.098958 0.761719 0.097917 0.772656 0.092708
0 0.769531 0.172917 0.790625 0.173958 0.791406 0.173958 0.790625 0.183333 0.790625 0.184375 0.788281 0.189583 0.787500 0.190625 0.775000 0.194792 0.774219 0.194792 0.764844 0.185417 0.764062 0.184375 0.764062 0.182292 0.764062 0.181250 0.766406 0.176042 0.766406 0.175000 0.769531 0.172917
0 0.799219 0.185417 0.804688 0.185417 0.805469 0.185417 0.814063 0.189583 0.814844 0.189583 0.814844 0.202083 0.814844 0.203125 0.809375 0.208333 0.808594 0.209375 0.802344 0.210417 0.801562 0.210417 0.799219 0.192708 0.798438 0.191667 0.799219 0.185417
0 0.831250 0.159375 0.839844 0.160417 0.840625 0.160417 0.841406 0.162500 0.842187 0.163542 0.842187 0.172917 0.842187 0.173958 0.839063 0.182292 0.838281 0.183333 0.830469 0.186458 0.829688 0.186458 0.821094 0.182292 0.820312 0.182292 0.819531 0.178125 0.818750 0.177083 0.818750 0.170833 0.818750 0.169792 0.820312 0.165625 0.820312 0.164583 0.831250 0.159375
0 0.780469 0.148958 0.783594 0.148958 0.784375 0.148958 0.785937 0.152083 0.786719 0.153125 0.787500 0.158333 0.787500 0.159375 0.786719 0.161458 0.786719 0.162500 0.784375 0.164583 0.783594 0.165625 0.780469 0.164583 0.779687 0.164583 0.775781 0.160417 0.775000 0.159375 0.775000 0.154167 0.775000 0.153125 0.780469 0.148958
0 0.802344 0.161458 0.804688 0.161458 0.805469 0.161458 0.806250 0.163542 0.806250 0.164583 0.803906 0.166667 0.803125 0.166667 0.802344 0.165625 0.801562 0.164583 0.802344 0.161458
0 0.826562 0.043750 0.828906 0.043750 0.829688 0.043750 0.831250 0.047917 0.831250 0.048958 0.828906 0.054167 0.828125 0.055208 0.823438 0.057292 0.822656 0.057292 0.821094 0.053125 0.821094 0.052083 0.826562 0.043750
0 0.806250 0.063542 0.810937 0.063542 0.811719 0.063542 0.813281 0.064583 0.814063 0.065625 0.814063 0.067708 0.814844 0.068750 0.809375 0.072917 0.808594 0.073958 0.803125 0.076042 0.802344 0.076042 0.802344 0.069792 0.802344 0.068750 0.806250 0.063542
0 0.821875 0.261458 0.824219 0.261458 0.825000 0.261458 0.834375 0.268750 0.835156 0.268750 0.837500 0.271875 0.838281 0.272917 0.839063 0.278125 0.839063 0.279167 0.829688 0.285417 0.828906 0.286458 0.822656 0.287500 0.821875 0.287500 0.821094 0.276042 0.820312 0.275000 0.820312 0.267708 0.820312 0.266667 0.821875 0.261458
0 0.821875 0.243750 0.829688 0.245833 0.830469 0.246875 0.830469 0.251042 0.830469 0.252083 0.825781 0.259375 0.825000 0.260417 0.821094 0.259375 0.820312 0.258333 0.820312 0.248958 0.820312 0.247917 0.821875 0.243750
0 0.771094 0.205208 0.774219 0.205208 0.775000 0.205208 0.778125 0.210417 0.778906 0.210417 0.778906 0.221875 0.778906 0.222917 0.782031 0.238542 0.782813 0.239583 0.782813 0.242708 0.782813 0.243750 0.781250 0.245833 0.780469 0.246875 0.776563 0.245833 0.775781 0.245833 0.770312 0.234375 0.769531 0.233333 0.767969 0.221875 0.767188 0.220833 0.767188 0.213542 0.767188 0.212500 0.771094 0.205208
0 0.778125 0.209375 0.781250 0.209375 0.782031 0.209375 0.788281 0.212500 0.789062 0.213542 0.788281 0.218750 0.788281 0.219792 0.784375 0.223958 0.783594 0.225000 0.780469 0.225000 0.779687 0.225000 0.778125 0.220833 0.777344 0.219792 0.778125 0.209375
0 0.679688 0.207292 0.684375 0.209375 0.685156 0.210417 0.696875 0.207292 0.697656 0.207292 0.700000 0.209375 0.700781 0.210417 0.700781 0.213542 0.700781 0.214583 0.695312 0.217708 0.694531 0.217708 0.688281 0.223958 0.687500 0.225000 0.680469 0.226042 0.679688 0.226042 0.678125 0.225000 0.677344 0.225000 0.673438 0.217708 0.672656 0.216667 0.673438 0.212500 0.673438 0.211458 0.679688 0.207292
0 0.636719 0.172917 0.641406 0.172917 0.642188 0.172917 0.643750 0.179167 0.643750 0.180208 0.648438 0.185417 0.649219 0.186458 0.649219 0.188542 0.650000 0.189583 0.647656 0.195833 0.646875 0.196875 0.639062 0.200000 0.638281 0.201042 0.635938 0.200000 0.635156 0.198958 0.635156 0.192708 0.634375 0.191667 0.634375 0.182292 0.634375 0.181250 0.635156 0.176042 0.635156 0.175000 0.636719 0.172917
0 0.653906 0.198958 0.660156 0.198958 0.660937 0.198958 0.664062 0.203125 0.664844 0.204167 0.667188 0.210417 0.667188 0.211458 0.664844 0.212500 0.664062 0.213542 0.659375 0.213542 0.658594 0.213542 0.652344 0.208333 0.651563 0.208333 0.650000 0.203125 0.650000 0.202083 0.650781 0.201042 0.650781 0.200000 0.653906 0.198958
0 0.707812 0.266667 0.718750 0.266667 0.719531 0.266667 0.723437 0.271875 0.724219 0.272917 0.722656 0.277083 0.722656 0.278125 0.725000 0.282292 0.725000 0.283333 0.721094 0.288542 0.720313 0.289583 0.719531 0.298958 0.719531 0.300000 0.714063 0.309375 0.714063 0.310417 0.707812 0.319792 0.707031 0.320833 0.702344 0.321875 0.701562 0.321875 0.697656 0.317708 0.696875 0.316667 0.694531 0.311458 0.693750 0.310417 0.692969 0.306250 0.692187 0.305208 0.692187 0.296875 0.692187 0.295833 0.697656 0.284375 0.698438 0.283333 0.699219 0.276042 0.699219 0.275000 0.707812 0.266667
0 0.751563 0.245833 0.774219 0.245833 0.775000 0.245833 0.777344 0.246875 0.778125 0.246875 0.778906 0.250000 0.778906 0.251042 0.770312 0.264583 0.769531 0.265625 0.767188 0.281250 0.766406 0.282292 0.758594 0.284375 0.757812 0.284375 0.756250 0.282292 0.755469 0.281250 0.753125 0.281250 0.752344 0.281250 0.744531 0.288542 0.743750 0.289583 0.740625 0.285417 0.739844 0.284375 0.735156 0.261458 0.735156 0.260417 0.735938 0.258333 0.735938 0.257292 0.740625 0.251042 0.741406 0.250000 0.745313 0.247917 0.746094 0.246875 0.751563 0.245833
0 0.820312 0.309375 0.829688 0.311458 0.830469 0.311458 0.835938 0.315625 0.836719 0.315625 0.838281 0.318750 0.838281 0.319792 0.836719 0.322917 0.835938 0.323958 0.823438 0.328125 0.822656 0.329167 0.817969 0.329167 0.817187 0.329167 0.814844 0.327083 0.814063 0.327083 0.812500 0.322917 0.812500 0.321875 0.814844 0.316667 0.814844 0.315625 0.820312 0.309375
0 0.790625 0.288542 0.793750 0.288542 0.794531 0.288542 0.797656 0.292708 0.798438 0.293750 0.798438 0.304167 0.798438 0.305208 0.801562 0.325000 0.801562 0.326042 0.798438 0.333333 0.798438 0.334375 0.787500 0.336458 0.786719 0.336458 0.782031 0.329167 0.781250 0.328125 0.776563 0.323958 0.775781 0.322917 0.775000 0.318750 0.775000 0.317708 0.776563 0.311458 0.776563 0.310417 0.778906 0.306250 0.778906 0.305208 0.783594 0.297917 0.783594 0.296875 0.790625 0.288542
0 0.812500 0.336458 0.826562 0.338542 0.827344 0.339583 0.845313 0.338542 0.846094 0.338542 0.846875 0.347917 0.846875 0.348958 0.839063 0.359375 0.838281 0.360417 0.831250 0.363542 0.830469 0.363542 0.819531 0.370833 0.818750 0.370833 0.814063 0.378125 0.813281 0.379167 0.810156 0.380208 0.809375 0.380208 0.807031 0.373958 0.806250 0.372917 0.805469 0.364583 0.804688 0.363542 0.804688 0.353125 0.804688 0.352083 0.807031 0.340625 0.807031 0.339583 0.812500 0.336458
0 0.802344 0.326042 0.804688 0.327083 0.805469 0.328125 0.805469 0.333333 0.806250 0.334375 0.804688 0.346875 0.804688 0.347917 0.802344 0.353125 0.801562 0.353125 0.796875 0.348958 0.796094 0.347917 0.796094 0.342708 0.796094 0.341667 0.802344 0.326042
0 0.774219 0.322917 0.779687 0.328125 0.780469 0.329167 0.780469 0.335417 0.780469 0.336458 0.778906 0.340625 0.778906 0.341667 0.773438 0.351042 0.773438 0.352083 0.771094 0.353125 0.770312 0.353125 0.769531 0.350000 0.768750 0.348958 0.768750 0.339583 0.768750 0.338542 0.774219 0.322917
0 0.759375 0.305208 0.764844 0.306250 0.765625 0.307292 0.764844 0.313542 0.764062 0.314583 0.760938 0.314583 0.760156 0.314583 0.759375 0.310417 0.758594 0.309375 0.759375 0.305208
0 0.777344 0.346875 0.789062 0.348958 0.789844 0.350000 0.789844 0.352083 0.789844 0.353125 0.785156 0.359375 0.784375 0.360417 0.782031 0.368750 0.782031 0.369792 0.780469 0.370833 0.779687 0.371875 0.778906 0.371875 0.778125 0.371875 0.776563 0.368750 0.775781 0.367708 0.774219 0.359375 0.773438 0.358333 0.775781 0.348958 0.775781 0.347917 0.777344 0.346875
0 0.779687 0.372917 0.782813 0.373958 0.783594 0.375000 0.785156 0.384375 0.785937 0.385417 0.784375 0.408333 0.784375 0.409375 0.781250 0.415625 0.781250 0.416667 0.772656 0.427083 0.771875 0.428125 0.767188 0.436458 0.766406 0.437500 0.763281 0.439583 0.762500 0.439583 0.760156 0.443750 0.760156 0.444792 0.755469 0.446875 0.754687 0.446875 0.753125 0.445833 0.752344 0.444792 0.750000 0.437500 0.749219 0.436458 0.750000 0.423958 0.750000 0.422917 0.753125 0.416667 0.753906 0.415625 0.753906 0.403125 0.753906 0.402083 0.752344 0.392708 0.752344 0.391667 0.754687 0.391667 0.755469 0.391667 0.762500 0.387500 0.763281 0.386458 0.770312 0.385417 0.771094 0.385417 0.773438 0.377083 0.773438 0.376042 0.779687 0.372917
0 0.853125 0.387500 0.856250 0.387500 0.857031 0.387500 0.858594 0.389583 0.859375 0.390625 0.860938 0.397917 0.860938 0.398958 0.856250 0.400000 0.855469 0.400000 0.850781 0.397917 0.850000 0.396875 0.849219 0.393750 0.849219 0.392708 0.853125 0.387500
0 0.828125 0.367708 0.832812 0.370833 0.833594 0.370833 0.845313 0.385417 0.846094 0.386458 0.846094 0.388542 0.846094 0.389583 0.845313 0.390625 0.844531 0.391667 0.841406 0.391667 0.840625 0.392708 0.835938 0.392708 0.835156 0.392708 0.832031 0.390625 0.831250 0.390625 0.826562 0.379167 0.825781 0.378125 0.825781 0.371875 0.825781 0.370833 0.828125 0.367708
0 0.821094 0.369792 0.823438 0.369792 0.824219 0.370833 0.823438 0.376042 0.822656 0.377083 0.818750 0.380208 0.817969 0.381250 0.814063 0.381250 0.813281 0.381250 0.811719 0.379167 0.810937 0.378125 0.810937 0.377083 0.811719 0.376042 0.821094 0.369792
0 0.881250 0.381250 0.886719 0.385417 0.887500 0.385417 0.890625 0.390625 0.891406 0.391667 0.889844 0.397917 0.889844 0.398958 0.888281 0.401042 0.887500 0.402083 0.884375 0.403125 0.883594 0.404167 0.880469 0.403125 0.879687 0.403125 0.878125 0.400000 0.877344 0.398958 0.878125 0.386458 0.878125 0.385417 0.881250 0.381250
0 0.871094 0.398958 0.875000 0.398958 0.875781 0.398958 0.878125 0.401042 0.878906 0.401042 0.880469 0.403125 0.881250 0.404167 0.881250 0.407292 0.881250 0.408333 0.874219 0.423958 0.874219 0.425000 0.869531 0.426042 0.868750 0.426042 0.861719 0.421875 0.860938 0.421875 0.860156 0.418750 0.860156 0.417708 0.864844 0.404167 0.864844 0.403125 0.871094 0.398958
0 0.846094 0.376042 0.856250 0.377083 0.857031 0.377083 0.865625 0.382292 0.865625 0.383333 0.859375 0.386458 0.858594 0.387500 0.850000 0.388542 0.849219 0.388542 0.845313 0.383333 0.844531 0.382292 0.844531 0.378125 0.844531 0.377083 0.846094 0.376042
0 0.852344 0.445833 0.853906 0.445833 0.854688 0.445833 0.859375 0.452083 0.860156 0.453125 0.872656 0.460417 0.873437 0.461458 0.873437 0.465625 0.873437 0.466667 0.870313 0.470833 0.869531 0.471875 0.862500 0.486458 0.861719 0.487500 0.860156 0.487500 0.859375 0.486458 0.853906 0.467708 0.853906 0.466667 0.847656 0.458333 0.846875 0.457292 0.847656 0.453125 0.847656 0.452083 0.852344 0.445833
0 0.843750 0.429167 0.847656 0.430208 0.848437 0.430208 0.850781 0.433333 0.851562 0.434375 0.851562 0.439583 0.851562 0.440625 0.837500 0.440625 0.836719 0.439583 0.837500 0.434375 0.837500 0.433333 0.843750 0.429167
0 0.898438 0.431250 0.900781 0.432292 0.901563 0.433333 0.902344 0.444792 0.902344 0.445833 0.899219 0.453125 0.899219 0.454167 0.896875 0.455208 0.896094 0.456250 0.891406 0.453125 0.890625 0.453125 0.885938 0.443750 0.885938 0.442708 0.889062 0.437500 0.889844 0.436458 0.892969 0.435417 0.893750 0.435417 0.898438 0.431250
0 0.923438 0.378125 0.929688 0.378125 0.930469 0.378125 0.941406 0.384375 0.942187 0.384375 0.942969 0.386458 0.943750 0.387500 0.943750 0.394792 0.943750 0.395833 0.942187 0.398958 0.942187 0.400000 0.935156 0.404167 0.934375 0.404167 0.928125 0.401042 0.927344 0.400000 0.920312 0.400000 0.919531 0.400000 0.915625 0.397917 0.914844 0.397917 0.913281 0.395833 0.912500 0.394792 0.912500 0.388542 0.912500 0.387500 0.914844 0.384375 0.915625 0.383333 0.923438 0.378125
0 0.896094 0.345833 0.899219 0.346875 0.900000 0.347917 0.900000 0.356250 0.900000 0.357292 0.898438 0.360417 0.897656 0.361458 0.892969 0.361458 0.892188 0.361458 0.891406 0.359375 0.890625 0.358333 0.890625 0.353125 0.890625 0.352083 0.896094 0.345833
0 0.867188 0.312500 0.871875 0.313542 0.872656 0.314583 0.872656 0.319792 0.872656 0.320833 0.869531 0.323958 0.868750 0.325000 0.864844 0.322917 0.864062 0.321875 0.864844 0.316667 0.864844 0.315625 0.867188 0.312500
0 0.482812 0.365625 0.486719 0.365625 0.487500 0.365625 0.497656 0.372917 0.498437 0.373958 0.495312 0.396875 0.494531 0.397917 0.490625 0.397917 0.489844 0.397917 0.485938 0.395833 0.485156 0.395833 0.478125 0.390625 0.477344 0.390625 0.474219 0.385417 0.473438 0.384375 0.475000 0.376042 0.475000 0.375000 0.482812 0.365625
0 0.471094 0.298958 0.495312 0.300000 0.496094 0.300000 0.496875 0.302083 0.497656 0.303125 0.497656 0.312500 0.497656 0.313542 0.496094 0.318750 0.496094 0.319792 0.493750 0.321875 0.492969 0.322917 0.482812 0.326042 0.482031 0.327083 0.472656 0.328125 0.471875 0.328125 0.466406 0.319792 0.465625 0.318750 0.467969 0.302083 0.467969 0.301042 0.471094 0.298958
0 0.695312 0.368750 0.696875 0.368750 0.697656 0.368750 0.699219 0.370833 0.700000 0.371875 0.700781 0.377083 0.700781 0.378125 0.699219 0.381250 0.699219 0.382292 0.692969 0.390625 0.692187 0.391667 0.669531 0.409375 0.668750 0.410417 0.660937 0.412500 0.660156 0.412500 0.650000 0.409375 0.649219 0.408333 0.648438 0.404167 0.648438 0.403125 0.650781 0.398958 0.650781 0.397917 0.657031 0.394792 0.657813 0.394792 0.671094 0.380208 0.671875 0.379167 0.677344 0.376042 0.678125 0.375000 0.688281 0.372917 0.689063 0.372917 0.695312 0.368750
0 0.560937 0.341667 0.570312 0.341667 0.571094 0.341667 0.579688 0.344792 0.580469 0.345833 0.588281 0.345833 0.589063 0.345833 0.590625 0.346875 0.591406 0.346875 0.592187 0.351042 0.592187 0.352083 0.585156 0.362500 0.584375 0.363542 0.566406 0.382292 0.565625 0.383333 0.560937 0.384375 0.560156 0.384375 0.557813 0.382292 0.557031 0.381250 0.557031 0.379167 0.556250 0.378125 0.557813 0.366667 0.557813 0.365625 0.557031 0.361458 0.556250 0.360417 0.555469 0.346875 0.555469 0.345833 0.560937 0.341667
0 0.684375 0.242708 0.685156 0.242708 0.685937 0.242708 0.689063 0.246875 0.689844 0.247917 0.689063 0.254167 0.689063 0.255208 0.685937 0.256250 0.685156 0.256250 0.682031 0.254167 0.681250 0.253125 0.682031 0.247917 0.682031 0.246875 0.684375 0.242708
0 0.625781 0.229167 0.631250 0.229167 0.632031 0.229167 0.635156 0.231250 0.635938 0.231250 0.630469 0.240625 0.630469 0.241667 0.626563 0.236458 0.625781 0.235417 0.625781 0.229167
0 0.607812 0.205208 0.609375 0.205208 0.610156 0.205208 0.611719 0.207292 0.612500 0.208333 0.614844 0.212500 0.615625 0.213542 0.615625 0.216667 0.615625 0.217708 0.606250 0.223958 0.605469 0.225000 0.602344 0.225000 0.601562 0.225000 0.599219 0.221875 0.598437 0.220833 0.597656 0.215625 0.597656 0.214583 0.600781 0.210417 0.601562 0.209375 0.607812 0.205208
0 0.583594 0.205208 0.587500 0.205208 0.588281 0.206250 0.589844 0.209375 0.590625 0.210417 0.589844 0.214583 0.589063 0.215625 0.579688 0.216667 0.578906 0.215625 0.580469 0.210417 0.580469 0.209375 0.583594 0.205208
0 0.544531 0.175000 0.547656 0.175000 0.548438 0.175000 0.550781 0.178125 0.551562 0.179167 0.552344 0.182292 0.553125 0.183333 0.552344 0.186458 0.551562 0.187500 0.547656 0.187500 0.546875 0.187500 0.543750 0.184375 0.542969 0.183333 0.542188 0.179167 0.542188 0.178125 0.544531 0.175000
0 0.751563 0.447917 0.753906 0.448958 0.754687 0.448958 0.757812 0.454167 0.758594 0.455208 0.759375 0.465625 0.758594 0.466667 0.750781 0.467708 0.750000 0.467708 0.748437 0.465625 0.747656 0.464583 0.745313 0.455208 0.745313 0.454167 0.746094 0.452083 0.746875 0.451042 0.751563 0.447917
0 0.685156 0.408333 0.687500 0.408333 0.688281 0.408333 0.690625 0.410417 0.691406 0.411458 0.695312 0.421875 0.696094 0.422917 0.695312 0.431250 0.695312 0.432292 0.690625 0.434375 0.689844 0.434375 0.683594 0.428125 0.682813 0.428125 0.680469 0.420833 0.679688 0.419792 0.679688 0.414583 0.679688 0.413542 0.685156 0.408333
0 0.597656 0.422917 0.602344 0.425000 0.603125 0.425000 0.608594 0.431250 0.609375 0.431250 0.615625 0.439583 0.616406 0.440625 0.617969 0.445833 0.617969 0.446875 0.614844 0.446875 0.614062 0.446875 0.610156 0.443750 0.609375 0.443750 0.602344 0.435417 0.601562 0.435417 0.597656 0.430208 0.596875 0.429167 0.597656 0.422917
0 0.595313 0.453125 0.599219 0.457292 0.600000 0.458333 0.600000 0.476042 0.600000 0.477083 0.596875 0.480208 0.596094 0.481250 0.589844 0.482292 0.589063 0.482292 0.587500 0.481250 0.586719 0.480208 0.586719 0.468750 0.586719 0.467708 0.595313 0.453125
0 0.607812 0.452083 0.614844 0.454167 0.615625 0.454167 0.616406 0.456250 0.616406 0.457292 0.614844 0.462500 0.614062 0.463542 0.607031 0.466667 0.606250 0.466667 0.603906 0.464583 0.603125 0.463542 0.602344 0.460417 0.602344 0.459375 0.607812 0.452083
0 0.540625 0.439583 0.540625 0.444792 0.540625 0.445833 0.536719 0.453125 0.535937 0.454167 0.532031 0.456250 0.531250 0.456250 0.532031 0.448958 0.532031 0.447917 0.535156 0.443750 0.535937 0.442708 0.540625 0.439583
0 0.480469 0.436458 0.499219 0.438542 0.500000 0.438542 0.511719 0.450000 0.512500 0.450000 0.514062 0.455208 0.514062 0.456250 0.511719 0.457292 0.510938 0.458333 0.496875 0.460417 0.496094 0.460417 0.486719 0.463542 0.485938 0.464583 0.478906 0.465625 0.478125 0.465625 0.477344 0.464583 0.476562 0.463542 0.476562 0.453125 0.476562 0.452083 0.477344 0.443750 0.477344 0.442708 0.478906 0.438542 0.478906 0.437500 0.480469 0.436458
0 0.465625 0.370833 0.468750 0.375000 0.469531 0.376042 0.469531 0.382292 0.469531 0.383333 0.472656 0.391667 0.473438 0.392708 0.473438 0.396875 0.473438 0.397917 0.470313 0.397917 0.469531 0.397917 0.464844 0.391667 0.464062 0.390625 0.464062 0.388542 0.464062 0.387500 0.461719 0.382292 0.461719 0.381250 0.465625 0.370833
0 0.508594 0.158333 0.514062 0.160417 0.514844 0.160417 0.515625 0.163542 0.515625 0.164583 0.512500 0.171875 0.511719 0.172917 0.507031 0.173958 0.506250 0.173958 0.503906 0.170833 0.503125 0.169792 0.502344 0.165625 0.502344 0.164583 0.508594 0.158333
0 0.532813 0.342708 0.535156 0.343750 0.535937 0.343750 0.539844 0.348958 0.540625 0.350000 0.540625 0.352083 0.540625 0.353125 0.535937 0.360417 0.535156 0.361458 0.532031 0.363542 0.531250 0.364583 0.528125 0.364583 0.527344 0.364583 0.525000 0.362500 0.524219 0.361458 0.525000 0.357292 0.525000 0.356250 0.532813 0.342708
0 0.617969 0.309375 0.621094 0.309375 0.621875 0.309375 0.625781 0.312500 0.626563 0.312500 0.628125 0.314583 0.628906 0.315625 0.628906 0.319792 0.628906 0.320833 0.626563 0.322917 0.625781 0.323958 0.621875 0.320833 0.621094 0.320833 0.617969 0.316667 0.617188 0.315625 0.617969 0.309375
0 0.612500 0.285417 0.621094 0.286458 0.621875 0.286458 0.625000 0.290625 0.625781 0.291667 0.625781 0.293750 0.625781 0.294792 0.624219 0.296875 0.623437 0.297917 0.617188 0.301042 0.616406 0.302083 0.608594 0.301042 0.607812 0.301042 0.604688 0.298958 0.603906 0.298958 0.603125 0.297917 0.602344 0.296875 0.602344 0.293750 0.602344 0.292708 0.603906 0.290625 0.604688 0.289583 0.612500 0.285417
0 0.633594 0.280208 0.639062 0.286458 0.639844 0.287500 0.640625 0.293750 0.639844 0.294792 0.638281 0.294792 0.637500 0.294792 0.632031 0.288542 0.631250 0.287500 0.630469 0.283333 0.630469 0.282292 0.633594 0.280208
0 0.605469 0.370833 0.608594 0.371875 0.609375 0.371875 0.610156 0.372917 0.610938 0.373958 0.610938 0.377083 0.610938 0.378125 0.608594 0.380208 0.607812 0.381250 0.601562 0.381250 0.600781 0.381250 0.600000 0.380208 0.599219 0.379167 0.600000 0.373958 0.600000 0.372917 0.605469 0.370833
0 0.739062 0.421875 0.742969 0.426042 0.743750 0.427083 0.743750 0.430208 0.743750 0.431250 0.741406 0.434375 0.740625 0.435417 0.733594 0.433333 0.732812 0.432292 0.733594 0.427083 0.733594 0.426042 0.735156 0.423958 0.735938 0.422917 0.739062 0.421875
0 0.540625 0.312500 0.543750 0.313542 0.544531 0.313542 0.544531 0.316667 0.544531 0.317708 0.541406 0.322917 0.540625 0.323958 0.535156 0.325000 0.534375 0.325000 0.532031 0.322917 0.531250 0.321875 0.532031 0.318750 0.532031 0.317708 0.540625 0.312500
0 0.494531 0.267708 0.503125 0.268750 0.503125 0.269792 0.500000 0.272917 0.499219 0.273958 0.493750 0.273958 0.492969 0.273958 0.491406 0.271875 0.491406 0.270833 0.494531 0.267708
0 0.520312 0.276042 0.528125 0.276042 0.528906 0.276042 0.528906 0.279167 0.528906 0.280208 0.524219 0.283333 0.523438 0.284375 0.517969 0.284375 0.517188 0.284375 0.516406 0.280208 0.516406 0.279167 0.520312 0.276042
0 0.531250 0.229167 0.535156 0.230208 0.535937 0.231250 0.535937 0.235417 0.535937 0.236458 0.532813 0.240625 0.532031 0.241667 0.529687 0.240625 0.528906 0.240625 0.528125 0.238542 0.527344 0.237500 0.528906 0.232292 0.528906 0.231250 0.531250 0.229167
0 0.513281 0.222917 0.516406 0.228125 0.517188 0.229167 0.516406 0.233333 0.516406 0.234375 0.514062 0.234375 0.513281 0.234375 0.512500 0.232292 0.511719 0.231250 0.511719 0.226042 0.511719 0.225000 0.513281 0.222917
0 0.547656 0.225000 0.550000 0.225000 0.550781 0.225000 0.553125 0.228125 0.553906 0.229167 0.552344 0.236458 0.551562 0.237500 0.549219 0.237500 0.548438 0.237500 0.546875 0.233333 0.546094 0.232292 0.546094 0.228125 0.546094 0.227083 0.547656 0.225000
0 0.548438 0.225000 0.553125 0.228125 0.553906 0.229167 0.555469 0.236458 0.556250 0.237500 0.560156 0.237500 0.560937 0.237500 0.560937 0.241667 0.560156 0.242708 0.557813 0.242708 0.557031 0.242708 0.556250 0.241667 0.555469 0.241667 0.555469 0.239583 0.554688 0.238542 0.548438 0.236458 0.547656 0.235417 0.546094 0.228125 0.546094 0.227083 0.548438 0.225000
0 0.567969 0.222917 0.568750 0.223958 0.569531 0.225000 0.569531 0.228125 0.569531 0.229167 0.568750 0.230208 0.568750 0.231250 0.565625 0.232292 0.564844 0.232292 0.563281 0.227083 0.563281 0.226042 0.567969 0.222917
0 0.602344 0.469792 0.609375 0.471875 0.610156 0.471875 0.627344 0.483333 0.628125 0.483333 0.630469 0.486458 0.631250 0.487500 0.641406 0.509375 0.641406 0.510417 0.649219 0.523958 0.650000 0.525000 0.652344 0.533333 0.652344 0.534375 0.651563 0.535417 0.650781 0.536458 0.646875 0.533333 0.646094 0.532292 0.639844 0.530208 0.639062 0.530208 0.628125 0.517708 0.627344 0.516667 0.612500 0.512500 0.611719 0.512500 0.608594 0.508333 0.607812 0.507292 0.607031 0.501042 0.607031 0.500000 0.601562 0.479167 0.600781 0.478125 0.600781 0.471875 0.600781 0.470833 0.602344 0.469792
0 0.721094 0.486458 0.724219 0.486458 0.725000 0.486458 0.739062 0.497917 0.739844 0.498958 0.739062 0.505208 0.739062 0.506250 0.724219 0.520833 0.723437 0.521875 0.718750 0.520833 0.717969 0.520833 0.712500 0.514583 0.711719 0.513542 0.703906 0.509375 0.703125 0.509375 0.697656 0.500000 0.696875 0.498958 0.696875 0.497917 0.696875 0.496875 0.701562 0.492708 0.702344 0.491667 0.710156 0.488542 0.710938 0.487500 0.721094 0.486458
0 0.189062 0.356250 0.200781 0.356250 0.201563 0.356250 0.200781 0.369792 0.200781 0.370833 0.199219 0.377083 0.199219 0.378125 0.196094 0.384375 0.196094 0.385417 0.186719 0.395833 0.185938 0.395833 0.181250 0.403125 0.180469 0.403125 0.180469 0.391667 0.180469 0.390625 0.185156 0.372917 0.185938 0.371875 0.186719 0.361458 0.186719 0.360417 0.189062 0.356250
0 0.157812 0.330208 0.161719 0.330208 0.162500 0.330208 0.166406 0.334375 0.167187 0.335417 0.167969 0.339583 0.168750 0.340625 0.168750 0.346875 0.168750 0.347917 0.160938 0.347917 0.160156 0.348958 0.159375 0.356250 0.159375 0.357292 0.164844 0.370833 0.165625 0.371875 0.165625 0.375000 0.166406 0.376042 0.154688 0.389583 0.153906 0.390625 0.148438 0.384375 0.147656 0.383333 0.148438 0.378125 0.149219 0.377083 0.147656 0.375000 0.146875 0.373958 0.146875 0.370833 0.146875 0.369792 0.148438 0.359375 0.148438 0.358333 0.154688 0.334375 0.154688 0.333333 0.157812 0.330208
0 0.167187 0.377083 0.174219 0.378125 0.175000 0.379167 0.174219 0.387500 0.173437 0.388542 0.174219 0.404167 0.174219 0.405208 0.173437 0.410417 0.172656 0.411458 0.172656 0.419792 0.172656 0.420833 0.171094 0.425000 0.171094 0.426042 0.169531 0.427083 0.168750 0.428125 0.150000 0.419792 0.149219 0.419792 0.144531 0.415625 0.143750 0.414583 0.144531 0.410417 0.144531 0.409375 0.148438 0.404167 0.149219 0.403125 0.154688 0.391667 0.154688 0.390625 0.167187 0.377083
0 0.160938 0.310417 0.166406 0.311458 0.167187 0.311458 0.168750 0.313542 0.169531 0.314583 0.169531 0.319792 0.169531 0.320833 0.166406 0.329167 0.166406 0.330208 0.161719 0.330208 0.160938 0.330208 0.158594 0.327083 0.157812 0.326042 0.157031 0.318750 0.157031 0.317708 0.160938 0.310417
0 0.204687 0.330208 0.208594 0.331250 0.209375 0.331250 0.211719 0.336458 0.212500 0.337500 0.215625 0.347917 0.216406 0.348958 0.215625 0.354167 0.214844 0.355208 0.208594 0.357292 0.207813 0.357292 0.203125 0.352083 0.202344 0.351042 0.201563 0.341667 0.201563 0.340625 0.202344 0.335417 0.202344 0.334375 0.204687 0.330208
0 0.180469 0.301042 0.183594 0.302083 0.184375 0.302083 0.189062 0.308333 0.189844 0.309375 0.189844 0.315625 0.189062 0.316667 0.179688 0.315625 0.178906 0.315625 0.178125 0.307292 0.178125 0.306250 0.180469 0.301042
0 0.110937 0.316667 0.114844 0.318750 0.115625 0.318750 0.125000 0.328125 0.125781 0.329167 0.117969 0.331250 0.117188 0.331250 0.115625 0.330208 0.114844 0.329167 0.108594 0.328125 0.107813 0.328125 0.107031 0.322917 0.107031 0.321875 0.110937 0.316667
0 0.110937 0.305208 0.114062 0.305208 0.114844 0.305208 0.117188 0.307292 0.117969 0.308333 0.117969 0.311458 0.117969 0.312500 0.115625 0.314583 0.114844 0.315625 0.114844 0.317708 0.114844 0.318750 0.121094 0.323958 0.121875 0.323958 0.125000 0.329167 0.125000 0.330208 0.115625 0.331250 0.114844 0.331250 0.107813 0.329167 0.107031 0.328125 0.106250 0.326042 0.106250 0.325000 0.108594 0.318750 0.108594 0.317708 0.105469 0.310417 0.105469 0.309375 0.110937 0.305208
0 0.196875 0.661458 0.207813 0.661458 0.208594 0.661458 0.217969 0.663542 0.218750 0.663542 0.225000 0.666667 0.225781 0.666667 0.234375 0.678125 0.235156 0.679167 0.236719 0.684375 0.237500 0.685417 0.239844 0.701042 0.240625 0.702083 0.239844 0.706250 0.239844 0.707292 0.235156 0.710417 0.234375 0.711458 0.231250 0.711458 0.230469 0.712500 0.207813 0.712500 0.207031 0.712500 0.202344 0.714583 0.201563 0.715625 0.199219 0.714583 0.198437 0.714583 0.194531 0.707292 0.193750 0.706250 0.188281 0.690625 0.187500 0.689583 0.186719 0.684375 0.185938 0.683333 0.185938 0.676042 0.185156 0.675000 0.185156 0.672917 0.185156 0.671875 0.187500 0.667708 0.188281 0.666667 0.196875 0.661458
0 0.225000 0.582292 0.234375 0.583333 0.235156 0.583333 0.242969 0.592708 0.243750 0.593750 0.262500 0.608333 0.263281 0.608333 0.271094 0.616667 0.271875 0.616667 0.275781 0.622917 0.276562 0.623958 0.279687 0.625000 0.280469 0.626042 0.280469 0.630208 0.280469 0.631250 0.276562 0.633333 0.275781 0.634375 0.270313 0.634375 0.269531 0.634375 0.260937 0.631250 0.260156 0.630208 0.252344 0.630208 0.251563 0.630208 0.245312 0.626042 0.244531 0.625000 0.222656 0.617708 0.221875 0.617708 0.213281 0.612500 0.212500 0.612500 0.202344 0.601042 0.201563 0.600000 0.200781 0.591667 0.200781 0.590625 0.206250 0.589583 0.207031 0.588542 0.215625 0.590625 0.216406 0.590625 0.219531 0.586458 0.220312 0.585417 0.225000 0.582292
0 0.263281 0.550000 0.270313 0.551042 0.271094 0.551042 0.279687 0.560417 0.279687 0.561458 0.267188 0.576042 0.266406 0.577083 0.260937 0.581250 0.260156 0.581250 0.255469 0.588542 0.254688 0.588542 0.242969 0.572917 0.242188 0.571875 0.242188 0.569792 0.241406 0.568750 0.242188 0.565625 0.242969 0.564583 0.248438 0.564583 0.249219 0.564583 0.253906 0.562500 0.254688 0.562500 0.258594 0.556250 0.258594 0.555208 0.263281 0.550000
0 0.339844 0.502083 0.346094 0.503125 0.346875 0.504167 0.353906 0.533333 0.353906 0.534375 0.352344 0.536458 0.352344 0.537500 0.348438 0.539583 0.347656 0.540625 0.339844 0.542708 0.339062 0.543750 0.325000 0.542708 0.324219 0.542708 0.322656 0.534375 0.322656 0.533333 0.325781 0.517708 0.325781 0.516667 0.329688 0.510417 0.330469 0.509375 0.339844 0.502083
0 0.317188 0.450000 0.321094 0.450000 0.321875 0.450000 0.325781 0.454167 0.326562 0.455208 0.338281 0.462500 0.339062 0.462500 0.340897 0.464946 0.341406 0.465625 0.342187 0.466667 0.342969 0.469792 0.342969 0.470833 0.341406 0.479167 0.340625 0.480208 0.343750 0.491667 0.344531 0.492708 0.344531 0.500000 0.343750 0.501042 0.337500 0.502083 0.336719 0.502083 0.334375 0.501042 0.333594 0.501042 0.331250 0.497917 0.330469 0.496875 0.325000 0.482292 0.324219 0.481250 0.320312 0.466667 0.320312 0.465625 0.316406 0.457292 0.315625 0.456250 0.317188 0.450000
0 0.378125 0.437500 0.384375 0.439583 0.385156 0.440625 0.379688 0.465625 0.379688 0.466667 0.376563 0.469792 0.375781 0.470833 0.369531 0.469792 0.368750 0.469792 0.365625 0.467708 0.364844 0.466667 0.357812 0.464583 0.357031 0.464583 0.345313 0.458333 0.344531 0.457292 0.344531 0.454167 0.344531 0.453125 0.346094 0.450000 0.346875 0.448958 0.356250 0.443750 0.357031 0.442708 0.363281 0.440625 0.364063 0.439583 0.372656 0.439583 0.373437 0.439583 0.378125 0.437500
0 0.538281 0.545833 0.540625 0.545833 0.541406 0.545833 0.543750 0.548958 0.544531 0.550000 0.544531 0.554167 0.544531 0.555208 0.542969 0.558333 0.542188 0.559375 0.544531 0.582292 0.544531 0.583333 0.550000 0.595833 0.550781 0.596875 0.553906 0.615625 0.553906 0.616667 0.563281 0.647917 0.564063 0.648958 0.564063 0.657292 0.564063 0.658333 0.562500 0.663542 0.562500 0.664583 0.557031 0.665625 0.556250 0.665625 0.550000 0.670833 0.549219 0.671875 0.542969 0.671875 0.542188 0.671875 0.532813 0.663542 0.532031 0.662500 0.528125 0.662500 0.527344 0.662500 0.520312 0.659375 0.519531 0.659375 0.514062 0.648958 0.513281 0.647917 0.510156 0.636458 0.510156 0.635417 0.501563 0.625000 0.500781 0.623958 0.482031 0.612500 0.481250 0.611458 0.467969 0.605208 0.467187 0.605208 0.463281 0.601042 0.462500 0.600000 0.462500 0.596875 0.462500 0.595833 0.465625 0.587500 0.465625 0.586458 0.475781 0.573958 0.476562 0.572917 0.484375 0.569792 0.485156 0.569792 0.489844 0.564583 0.490625 0.563542 0.508594 0.556250 0.509375 0.555208 0.512500 0.555208 0.513281 0.555208 0.516406 0.553125 0.517188 0.552083 0.521094 0.552083 0.521875 0.552083 0.538281 0.545833
0 0.489844 0.676042 0.492969 0.676042 0.493750 0.676042 0.498437 0.679167 0.498437 0.680208 0.490625 0.692708 0.489844 0.693750 0.489844 0.722917 0.489844 0.723958 0.487500 0.723958 0.486719 0.723958 0.474219 0.716667 0.473438 0.716667 0.466406 0.707292 0.465625 0.706250 0.462500 0.692708 0.461719 0.691667 0.461719 0.685417 0.461719 0.684375 0.463281 0.683333 0.464062 0.682292 0.467187 0.682292 0.467969 0.682292 0.474219 0.679167 0.475000 0.678125 0.481250 0.679167 0.482031 0.679167 0.489844 0.676042
0 0.427344 0.820833 0.429688 0.820833 0.430469 0.820833 0.431250 0.823958 0.431250 0.825000 0.424219 0.853125 0.424219 0.854167 0.420312 0.864583 0.419531 0.865625 0.379688 0.864583 0.378906 0.863542 0.382031 0.852083 0.382031 0.851042 0.392188 0.841667 0.392969 0.840625 0.403906 0.834375 0.404687 0.833333 0.407813 0.833333 0.408594 0.833333 0.427344 0.820833
0 0.349219 0.752083 0.359375 0.752083 0.360156 0.752083 0.364063 0.755208 0.364844 0.755208 0.368750 0.759375 0.369531 0.759375 0.378125 0.772917 0.378906 0.773958 0.379688 0.782292 0.379688 0.783333 0.376563 0.787500 0.375781 0.788542 0.372656 0.796875 0.371875 0.797917 0.370312 0.812500 0.369531 0.813542 0.369531 0.828125 0.369531 0.829167 0.371875 0.841667 0.371875 0.842708 0.375781 0.848958 0.376563 0.850000 0.379688 0.852083 0.380469 0.852083 0.380469 0.856250 0.380469 0.857292 0.377344 0.861458 0.376563 0.862500 0.373437 0.862500 0.372656 0.863542 0.361719 0.860417 0.360938 0.860417 0.356250 0.854167 0.355469 0.853125 0.350781 0.842708 0.350000 0.841667 0.343750 0.820833 0.342969 0.819792 0.338281 0.790625 0.337500 0.789583 0.336719 0.762500 0.336719 0.761458 0.337500 0.759375 0.338281 0.758333 0.341406 0.756250 0.342187 0.755208 0.349219 0.752083
0 0.321875 0.682292 0.325000 0.684375 0.325781 0.685417 0.326562 0.702083 0.326562 0.703125 0.320312 0.716667 0.320312 0.717708 0.310156 0.734375 0.309375 0.735417 0.280469 0.735417 0.279687 0.735417 0.271094 0.732292 0.270313 0.731250 0.271094 0.722917 0.271094 0.721875 0.278125 0.711458 0.278906 0.710417 0.282031 0.705208 0.282813 0.705208 0.291406 0.694792 0.292187 0.693750 0.294531 0.688542 0.295312 0.687500 0.297656 0.686458 0.298438 0.686458 0.306250 0.690625 0.307031 0.691667 0.310156 0.691667 0.310937 0.691667 0.321875 0.682292
0 0.274219 0.678125 0.275781 0.678125 0.276562 0.678125 0.279687 0.681250 0.280469 0.682292 0.281250 0.686458 0.282031 0.687500 0.281250 0.693750 0.281250 0.694792 0.272656 0.706250 0.271875 0.707292 0.266406 0.711458 0.265625 0.712500 0.264844 0.715625 0.264062 0.716667 0.264844 0.726042 0.264844 0.727083 0.251563 0.744792 0.250781 0.745833 0.243750 0.746875 0.242969 0.746875 0.241406 0.741667 0.240625 0.740625 0.236719 0.716667 0.235937 0.715625 0.236719 0.712500 0.236719 0.711458 0.243750 0.705208 0.244531 0.705208 0.257031 0.689583 0.257812 0.688542 0.263281 0.684375 0.264062 0.683333 0.267969 0.682292 0.268750 0.682292 0.274219 0.678125
0 0.301563 0.602083 0.305469 0.602083 0.306250 0.602083 0.310937 0.607292 0.311719 0.607292 0.320312 0.621875 0.320312 0.622917 0.323437 0.626042 0.324219 0.627083 0.325781 0.633333 0.326562 0.634375 0.326562 0.643750 0.326562 0.644792 0.320312 0.658333 0.319531 0.659375 0.319531 0.668750 0.319531 0.669792 0.321094 0.679167 0.321094 0.680208 0.318750 0.684375 0.317969 0.685417 0.314844 0.687500 0.314063 0.688542 0.308594 0.687500 0.307812 0.687500 0.299219 0.681250 0.298438 0.681250 0.296875 0.677083 0.296094 0.676042 0.293750 0.618750 0.293750 0.617708 0.296875 0.608333 0.296875 0.607292 0.301563 0.602083
0 0.261719 0.650000 0.279687 0.652083 0.280469 0.652083 0.285156 0.656250 0.285938 0.657292 0.285938 0.663542 0.285938 0.664583 0.280469 0.670833 0.279687 0.671875 0.268750 0.675000 0.267969 0.675000 0.259375 0.680208 0.258594 0.681250 0.250781 0.683333 0.250000 0.683333 0.245312 0.669792 0.244531 0.668750 0.243750 0.659375 0.243750 0.658333 0.246875 0.654167 0.247656 0.653125 0.257031 0.652083 0.257812 0.652083 0.261719 0.650000
0 0.200781 0.598958 0.209375 0.608333 0.210156 0.608333 0.213281 0.614583 0.214062 0.615625 0.211719 0.628125 0.211719 0.629167 0.210156 0.632292 0.209375 0.633333 0.205469 0.631250 0.204687 0.631250 0.201563 0.627083 0.200781 0.626042 0.196875 0.623958 0.196094 0.622917 0.196094 0.608333 0.196094 0.607292 0.197656 0.603125 0.197656 0.602083 0.200781 0.598958
0 0.170313 0.709375 0.173437 0.709375 0.174219 0.709375 0.182031 0.729167 0.182812 0.730208 0.178906 0.734375 0.178125 0.735417 0.175000 0.736458 0.174219 0.737500 0.171875 0.735417 0.171094 0.734375 0.165625 0.719792 0.164844 0.718750 0.164844 0.716667 0.164844 0.715625 0.170313 0.709375
0 0.125781 0.701042 0.129688 0.702083 0.130469 0.702083 0.140625 0.709375 0.141406 0.709375 0.145313 0.714583 0.146094 0.715625 0.146875 0.723958 0.146875 0.725000 0.144531 0.729167 0.143750 0.730208 0.142187 0.730208 0.141406 0.730208 0.137500 0.722917 0.137500 0.721875 0.125000 0.706250 0.124219 0.705208 0.124219 0.703125 0.124219 0.702083 0.125781 0.701042
0 0.180469 0.792708 0.182812 0.792708 0.183594 0.792708 0.187500 0.795833 0.188281 0.796875 0.192188 0.814583 0.192188 0.815625 0.203906 0.829167 0.204687 0.830208 0.209375 0.838542 0.210156 0.839583 0.210156 0.842708 0.210156 0.843750 0.203125 0.844792 0.202344 0.844792 0.191406 0.839583 0.190625 0.838542 0.185156 0.837500 0.184375 0.837500 0.173437 0.832292 0.172656 0.832292 0.164844 0.827083 0.164062 0.827083 0.161719 0.821875 0.160938 0.820833 0.160938 0.817708 0.160156 0.816667 0.161719 0.806250 0.161719 0.805208 0.174185 0.796898 0.180469 0.792708
0 0.227344 0.730208 0.231250 0.731250 0.232031 0.731250 0.232813 0.734375 0.233594 0.735417 0.244531 0.788542 0.244531 0.789583 0.243750 0.791667 0.242969 0.792708 0.240625 0.793750 0.239844 0.794792 0.228906 0.798958 0.228125 0.800000 0.221094 0.801042 0.220312 0.802083 0.218750 0.801042 0.217969 0.801042 0.217188 0.797917 0.216406 0.796875 0.214062 0.780208 0.213281 0.779167 0.213281 0.769792 0.213281 0.768750 0.225000 0.734375 0.225000 0.733333 0.227344 0.730208
0 0.356250 0.538542 0.364063 0.538542 0.364844 0.538542 0.367188 0.540625 0.367969 0.540625 0.370312 0.543750 0.371094 0.544792 0.371875 0.548958 0.372656 0.550000 0.372656 0.559375 0.372656 0.560417 0.370312 0.564583 0.370312 0.565625 0.364063 0.568750 0.363281 0.568750 0.356250 0.577083 0.355469 0.578125 0.349219 0.582292 0.348438 0.583333 0.344531 0.583333 0.343750 0.583333 0.343750 0.560417 0.343750 0.559375 0.350781 0.543750 0.350781 0.542708 0.356250 0.538542
0 0.419531 0.529167 0.422656 0.529167 0.423438 0.529167 0.436719 0.538542 0.437500 0.539583 0.437500 0.543750 0.437500 0.544792 0.435937 0.548958 0.435937 0.550000 0.432031 0.556250 0.431250 0.557292 0.418750 0.556250 0.417969 0.556250 0.412500 0.559375 0.411719 0.559375 0.408594 0.556250 0.407813 0.556250 0.407813 0.548958 0.407813 0.547917 0.411719 0.542708 0.412500 0.541667 0.413281 0.538542 0.413281 0.537500 0.419531 0.529167
0 0.407031 0.584375 0.409375 0.588542 0.410156 0.589583 0.409375 0.596875 0.409375 0.597917 0.404687 0.604167 0.403906 0.605208 0.401562 0.606250 0.400781 0.607292 0.396094 0.607292 0.395313 0.607292 0.394531 0.606250 0.393750 0.605208 0.394531 0.601042 0.394531 0.600000 0.402344 0.587500 0.403125 0.586458 0.407031 0.584375
0 0.379688 0.551042 0.382812 0.552083 0.383594 0.552083 0.385156 0.559375 0.385156 0.560417 0.381250 0.568750 0.381250 0.569792 0.377344 0.573958 0.376563 0.573958 0.371875 0.566667 0.371094 0.565625 0.374219 0.555208 0.374219 0.554167 0.375000 0.553125 0.375781 0.552083 0.379688 0.551042
0 0.388281 0.543750 0.390625 0.543750 0.391406 0.543750 0.396875 0.554167 0.396875 0.555208 0.390625 0.560417 0.389844 0.561458 0.385937 0.561458 0.385156 0.561458 0.383594 0.552083 0.383594 0.551042 0.384375 0.548958 0.384375 0.547917 0.388281 0.543750
0 0.383594 0.521875 0.385156 0.522917 0.385937 0.523958 0.385937 0.529167 0.385937 0.530208 0.383594 0.537500 0.383594 0.538542 0.379688 0.540625 0.378906 0.541667 0.376563 0.541667 0.375781 0.541667 0.373437 0.539583 0.372656 0.539583 0.371875 0.538542 0.371094 0.537500 0.371094 0.533333 0.371094 0.532292 0.375781 0.528125 0.376563 0.528125 0.378125 0.525000 0.378906 0.523958 0.383594 0.521875
0 0.414844 0.466667 0.417969 0.468750 0.418750 0.468750 0.421875 0.472917 0.422656 0.473958 0.427344 0.471875 0.428125 0.471875 0.432031 0.476042 0.432812 0.476042 0.434375 0.480208 0.434375 0.481250 0.431250 0.484375 0.430469 0.485417 0.426563 0.493750 0.425781 0.494792 0.417969 0.494792 0.417187 0.494792 0.411719 0.492708 0.410938 0.491667 0.410156 0.482292 0.410156 0.481250 0.411719 0.476042 0.412500 0.475000 0.412500 0.469792 0.412500 0.468750 0.414844 0.466667
0 0.446094 0.423958 0.450781 0.423958 0.451562 0.423958 0.453906 0.427083 0.454688 0.428125 0.455469 0.433333 0.456250 0.434375 0.455469 0.442708 0.455469 0.443750 0.451562 0.453125 0.451562 0.454167 0.449219 0.456250 0.448437 0.457292 0.443750 0.456250 0.442969 0.456250 0.439063 0.452083 0.438281 0.451042 0.438281 0.448958 0.438281 0.447917 0.441406 0.439583 0.442188 0.438542 0.442188 0.429167 0.442188 0.428125 0.446094 0.423958
0 0.446094 0.313542 0.448437 0.314583 0.449219 0.314583 0.453906 0.320833 0.454688 0.321875 0.456250 0.339583 0.457031 0.340625 0.457031 0.352083 0.457031 0.353125 0.456250 0.354167 0.456250 0.355208 0.449219 0.360417 0.448437 0.361458 0.443750 0.362500 0.442969 0.362500 0.436719 0.346875 0.436719 0.345833 0.438281 0.338542 0.439063 0.337500 0.440625 0.323958 0.440625 0.322917 0.442969 0.317708 0.442969 0.316667 0.446094 0.313542
0 0.353906 0.302083 0.355469 0.303125 0.356250 0.303125 0.360938 0.309375 0.361719 0.309375 0.362500 0.313542 0.363281 0.314583 0.357031 0.325000 0.356250 0.326042 0.351562 0.338542 0.351562 0.339583 0.346875 0.344792 0.346094 0.345833 0.342187 0.346875 0.341406 0.346875 0.339062 0.340625 0.339062 0.339583 0.350781 0.306250 0.350781 0.305208 0.353906 0.302083
0 0.332031 0.344792 0.338281 0.345833 0.339062 0.345833 0.345313 0.355208 0.346094 0.356250 0.346875 0.360417 0.346875 0.361458 0.345313 0.362500 0.344531 0.363542 0.321875 0.363542 0.321094 0.363542 0.318750 0.361458 0.317969 0.361458 0.317969 0.358333 0.317969 0.357292 0.320312 0.354167 0.321094 0.353125 0.322656 0.347917 0.323437 0.346875 0.332031 0.344792
0 0.278906 0.311458 0.285938 0.314583 0.286719 0.315625 0.286719 0.318750 0.286719 0.319792 0.282813 0.329167 0.282031 0.330208 0.279687 0.330208 0.278906 0.330208 0.275781 0.325000 0.275000 0.323958 0.276562 0.314583 0.276562 0.313542 0.278906 0.311458
0 0.292187 0.311458 0.299219 0.311458 0.300000 0.311458 0.300781 0.312500 0.301563 0.312500 0.301563 0.316667 0.301563 0.317708 0.296094 0.328125 0.295312 0.329167 0.288281 0.334375 0.287500 0.335417 0.284375 0.335417 0.283594 0.335417 0.275781 0.323958 0.275000 0.322917 0.276562 0.315625 0.276562 0.314583 0.278125 0.313542 0.278906 0.312500 0.285938 0.314583 0.286719 0.314583 0.292187 0.311458
0 0.769531 0.487500 0.771094 0.487500 0.771875 0.487500 0.781250 0.494792 0.782031 0.495833 0.782031 0.498958 0.782031 0.500000 0.784375 0.506250 0.784375 0.507292 0.792969 0.521875 0.793750 0.522917 0.794531 0.561458 0.794531 0.562500 0.789844 0.568750 0.789062 0.569792 0.787500 0.577083 0.786719 0.578125 0.773438 0.578125 0.772656 0.578125 0.762500 0.580208 0.761719 0.580208 0.752344 0.588542 0.751563 0.589583 0.747656 0.588542 0.746875 0.588542 0.733594 0.580208 0.732812 0.580208 0.733594 0.570833 0.733594 0.569792 0.728906 0.559375 0.728125 0.558333 0.723437 0.543750 0.722656 0.542708 0.722656 0.527083 0.722656 0.526042 0.727344 0.519792 0.728125 0.518750 0.738281 0.510417 0.739062 0.509375 0.757812 0.503125 0.758594 0.503125 0.764844 0.492708 0.764844 0.491667 0.769531 0.487500
0 0.716406 0.539583 0.719531 0.541667 0.720313 0.541667 0.725000 0.552083 0.725781 0.553125 0.726562 0.568750 0.726562 0.569792 0.724219 0.571875 0.723437 0.572917 0.713281 0.577083 0.712500 0.578125 0.703125 0.578125 0.702344 0.578125 0.692969 0.573958 0.692187 0.573958 0.691406 0.571875 0.690625 0.570833 0.691406 0.569792 0.691406 0.568750 0.698438 0.558333 0.698438 0.557292 0.707031 0.545833 0.707812 0.544792 0.716406 0.539583
0 0.660156 0.551042 0.663281 0.551042 0.664062 0.551042 0.664844 0.556250 0.664844 0.557292 0.662500 0.563542 0.662500 0.564583 0.657031 0.573958 0.656250 0.573958 0.654687 0.572917 0.653906 0.572917 0.653125 0.567708 0.653125 0.566667 0.656250 0.556250 0.656250 0.555208 0.660156 0.551042
0 0.656250 0.577083 0.658594 0.578125 0.659375 0.578125 0.664844 0.586458 0.665625 0.587500 0.665625 0.590625 0.665625 0.591667 0.663281 0.596875 0.662500 0.597917 0.650000 0.605208 0.649219 0.606250 0.642188 0.606250 0.641406 0.606250 0.634375 0.597917 0.633594 0.596875 0.634375 0.588542 0.635156 0.587500 0.645312 0.584375 0.646094 0.584375 0.656250 0.577083
0 0.584375 0.553125 0.585938 0.554167 0.586719 0.554167 0.592187 0.570833 0.592187 0.571875 0.596094 0.576042 0.596875 0.577083 0.596875 0.579167 0.596875 0.580208 0.589063 0.584375 0.588281 0.585417 0.581250 0.586458 0.580469 0.587500 0.573438 0.587500 0.572656 0.587500 0.569531 0.585417 0.568750 0.585417 0.571094 0.578125 0.571094 0.577083 0.572495 0.575215 0.576562 0.569792 0.577344 0.568750 0.584375 0.553125
0 0.603125 0.519792 0.605469 0.519792 0.606250 0.519792 0.607812 0.523958 0.607812 0.525000 0.607031 0.527083 0.607031 0.528125 0.600000 0.535417 0.599219 0.536458 0.586719 0.539583 0.585938 0.540625 0.583594 0.540625 0.582812 0.540625 0.581250 0.538542 0.580469 0.537500 0.581250 0.535417 0.581250 0.534375 0.590625 0.526042 0.591406 0.525000 0.603125 0.519792
0 0.852344 0.597917 0.857031 0.598958 0.857812 0.600000 0.857031 0.615625 0.856250 0.616667 0.857031 0.631250 0.857031 0.632292 0.851562 0.645833 0.851562 0.646875 0.846094 0.653125 0.845313 0.654167 0.842187 0.665625 0.842187 0.666667 0.833594 0.677083 0.832812 0.678125 0.821094 0.685417 0.820312 0.685417 0.814063 0.692708 0.813281 0.693750 0.803906 0.701042 0.803125 0.702083 0.788281 0.703125 0.787500 0.704167 0.778125 0.703125 0.777344 0.703125 0.774219 0.698958 0.773438 0.697917 0.771094 0.690625 0.771094 0.689583 0.764062 0.681250 0.763281 0.680208 0.762500 0.675000 0.762500 0.673958 0.764062 0.669792 0.764062 0.668750 0.767188 0.666667 0.767969 0.665625 0.776563 0.665625 0.777344 0.665625 0.785156 0.663542 0.785937 0.663542 0.789844 0.657292 0.790625 0.656250 0.806250 0.643750 0.807031 0.643750 0.826562 0.615625 0.827344 0.614583 0.852344 0.597917
0 0.882812 0.567708 0.890625 0.568750 0.891406 0.568750 0.893750 0.577083 0.893750 0.578125 0.901563 0.592708 0.901563 0.593750 0.904687 0.595833 0.905469 0.596875 0.909254 0.596875 0.913281 0.596875 0.914062 0.596875 0.914844 0.597917 0.915625 0.598958 0.916406 0.604167 0.917188 0.605208 0.917188 0.629167 0.917188 0.630208 0.908594 0.629167 0.907813 0.629167 0.900781 0.639583 0.900781 0.640625 0.897656 0.642708 0.896875 0.643750 0.876563 0.641667 0.875781 0.641667 0.874219 0.639583 0.873437 0.638542 0.873437 0.634375 0.874219 0.633333 0.884375 0.633333 0.885156 0.633333 0.886719 0.632292 0.887500 0.631250 0.887500 0.628125 0.887500 0.627083 0.876563 0.611458 0.875781 0.610417 0.872656 0.609375 0.871875 0.608333 0.868750 0.587500 0.867969 0.586458 0.867188 0.573958 0.867188 0.572917 0.871875 0.569792 0.872656 0.568750 0.882812 0.567708
0 0.859375 0.610417 0.872656 0.610417 0.873437 0.610417 0.876563 0.612500 0.877344 0.612500 0.883594 0.620833 0.884375 0.621875 0.887500 0.630208 0.887500 0.631250 0.885156 0.632292 0.884375 0.633333 0.873437 0.634375 0.872656 0.634375 0.867969 0.632292 0.867188 0.631250 0.858594 0.630208 0.857812 0.630208 0.857031 0.614583 0.857031 0.613542 0.859375 0.610417
0 0.987500 0.465625 0.998437 0.467708 0.999219 0.467708 0.999219 0.508333 0.999219 0.509375 0.995313 0.508333 0.994531 0.508333 0.989062 0.504167 0.988281 0.504167 0.975000 0.491667 0.974219 0.490625 0.974685 0.483980 0.975000 0.475000 0.980543 0.471271 0.987500 0.465625
0 0.965625 0.501042 0.971094 0.507292 0.971875 0.508333 0.989062 0.520833 0.989844 0.520833 0.998437 0.529167 0.999219 0.529167 0.999219 0.541667 0.999219 0.542708 0.995313 0.543750 0.994531 0.544792 0.986719 0.543750 0.985938 0.543750 0.980469 0.534375 0.980469 0.533333 0.971094 0.520833 0.970313 0.519792 0.966406 0.515625 0.965625 0.514583 0.962500 0.513542 0.961719 0.513542 0.961719 0.508333 0.961719 0.507292 0.963281 0.504167 0.963281 0.503125 0.965625 0.501042
0 0.886719 0.533333 0.892188 0.533333 0.892969 0.533333 0.903125 0.536458 0.903906 0.537500 0.907813 0.537500 0.907813 0.538542 0.906250 0.542708 0.906250 0.543750 0.901563 0.546875 0.900781 0.547917 0.888281 0.548958 0.887500 0.548958 0.885156 0.547917 0.884375 0.547917 0.883594 0.544792 0.882812 0.543750 0.882812 0.538542 0.882812 0.537500 0.883594 0.535417 0.884375 0.534375 0.886719 0.533333
0 0.875000 0.502083 0.879687 0.502083 0.880469 0.502083 0.882031 0.504167 0.882812 0.505208 0.887500 0.514583 0.888281 0.515625 0.888281 0.525000 0.887500 0.526042 0.883594 0.527083 0.882812 0.527083 0.878906 0.522917 0.878125 0.521875 0.873437 0.510417 0.872656 0.509375 0.872656 0.506250 0.872656 0.505208 0.875000 0.502083
0 0.871875 0.473958 0.890625 0.473958 0.891406 0.473958 0.892969 0.478125 0.893750 0.479167 0.893750 0.483333 0.893750 0.484375 0.892969 0.485417 0.892188 0.486458 0.886719 0.486458 0.885938 0.486458 0.884375 0.488542 0.883594 0.489583 0.872656 0.488542 0.871875 0.488542 0.870313 0.486458 0.869531 0.485417 0.869531 0.483333 0.868750 0.482292 0.869531 0.477083 0.869531 0.476042 0.871875 0.473958
0 0.993750 0.126042 0.998437 0.126042 0.999219 0.126042 0.999219 0.169792 0.999219 0.170833 0.985156 0.171875 0.984375 0.171875 0.981250 0.169792 0.980469 0.169792 0.979688 0.167708 0.978906 0.166667 0.978906 0.159375 0.978906 0.158333 0.975000 0.148958 0.974219 0.147917 0.974219 0.143750 0.974219 0.142708 0.977344 0.136458 0.978125 0.135417 0.980469 0.134375 0.981250 0.134375 0.985156 0.130208 0.985938 0.129167 0.993750 0.126042
0 0.996094 0.171875 0.998437 0.171875 0.999219 0.171875 0.999219 0.220833 0.999219 0.221875 0.982031 0.209375 0.981250 0.209375 0.977344 0.204167 0.976562 0.204167 0.971875 0.196875 0.971094 0.195833 0.967187 0.185417 0.966406 0.184375 0.968750 0.180208 0.969531 0.179167 0.981250 0.177083 0.982031 0.177083 0.988281 0.173958 0.989062 0.172917 0.996094 0.171875
0 0.957812 0.182292 0.960156 0.182292 0.960938 0.182292 0.964844 0.186458 0.965625 0.187500 0.967187 0.192708 0.967969 0.193750 0.966406 0.197917 0.966406 0.198958 0.956250 0.202083 0.955469 0.203125 0.947656 0.203125 0.946875 0.203125 0.945312 0.196875 0.944531 0.195833 0.945312 0.189583 0.945312 0.188542 0.946094 0.187500 0.946875 0.186458 0.954688 0.184375 0.955469 0.184375 0.957812 0.182292
0 0.950000 0.210417 0.953125 0.212500 0.953906 0.212500 0.955469 0.214583 0.956250 0.215625 0.956250 0.217708 0.957031 0.218750 0.956250 0.230208 0.956250 0.231250 0.953906 0.238542 0.953125 0.239583 0.950781 0.239583 0.950000 0.239583 0.944531 0.235417 0.943750 0.235417 0.939844 0.231250 0.939063 0.231250 0.938281 0.228125 0.937500 0.227083 0.939844 0.219792 0.939844 0.218750 0.950000 0.210417
0 0.984375 0.314583 0.989062 0.314583 0.989844 0.314583 0.993750 0.316667 0.994531 0.316667 0.998437 0.327083 0.999219 0.327083 0.999219 0.355208 0.999219 0.356250 0.990625 0.356250 0.989844 0.356250 0.985156 0.343750 0.984375 0.342708 0.983594 0.334375 0.982812 0.333333 0.982812 0.316667 0.982812 0.315625 0.984375 0.314583
0 0.996875 0.368750 0.998437 0.368750 0.999219 0.368750 0.999219 0.385417 0.999219 0.386458 0.997656 0.386458 0.996875 0.386458 0.992188 0.390625 0.991406 0.391667 0.985156 0.394792 0.984375 0.395833 0.979688 0.396875 0.978906 0.396875 0.977344 0.394792 0.976562 0.393750 0.975781 0.388542 0.975781 0.387500 0.981250 0.380208 0.982031 0.379167 0.996875 0.368750
0 0.991406 0.618750 0.998437 0.618750 0.999219 0.618750 0.999219 0.665625 0.999219 0.666667 0.992188 0.661458 0.991406 0.660417 0.985156 0.642708 0.985156 0.641667 0.978125 0.628125 0.977344 0.627083 0.980469 0.623958 0.981250 0.622917 0.991406 0.618750
0 0.856250 0.544792 0.859375 0.544792 0.860156 0.544792 0.862500 0.550000 0.863281 0.551042 0.862500 0.561458 0.862500 0.562500 0.860938 0.564583 0.860156 0.565625 0.855469 0.564583 0.854688 0.564583 0.851562 0.559375 0.850781 0.558333 0.853125 0.550000 0.853125 0.548958 0.856250 0.544792
0 0.879687 0.662500 0.897656 0.664583 0.898438 0.665625 0.896875 0.681250 0.896094 0.682292 0.896094 0.696875 0.895312 0.697917 0.892969 0.697917 0.892188 0.697917 0.887500 0.689583 0.887500 0.688542 0.870313 0.668750 0.869531 0.667708 0.869531 0.665625 0.869531 0.664583 0.875781 0.664583 0.876563 0.664583 0.879687 0.662500
0 0.973437 0.841667 0.980469 0.841667 0.981250 0.841667 0.988281 0.845833 0.989062 0.845833 0.992969 0.851042 0.993750 0.852083 0.993750 0.855208 0.994531 0.856250 0.992969 0.863542 0.992969 0.864583 0.975781 0.865625 0.975000 0.865625 0.973437 0.852083 0.972656 0.851042 0.973437 0.841667
0 0.825000 0.773958 0.828906 0.773958 0.829688 0.775000 0.831250 0.786458 0.832031 0.787500 0.831250 0.792708 0.831250 0.793750 0.819531 0.809375 0.818750 0.810417 0.807031 0.816667 0.806250 0.817708 0.805469 0.816667 0.804688 0.816667 0.803906 0.808333 0.803906 0.807292 0.807031 0.795833 0.807031 0.794792 0.825000 0.773958
0 0.701562 0.719792 0.707031 0.720833 0.707812 0.720833 0.709375 0.723958 0.709375 0.725000 0.716406 0.732292 0.717187 0.732292 0.718750 0.734375 0.719531 0.735417 0.718750 0.742708 0.718750 0.743750 0.715625 0.747917 0.714844 0.748958 0.714844 0.752083 0.714844 0.753125 0.707031 0.778125 0.706250 0.779167 0.704688 0.787500 0.704688 0.788542 0.687500 0.786458 0.686719 0.786458 0.685156 0.785417 0.684375 0.784375 0.683594 0.779167 0.682813 0.778125 0.682031 0.727083 0.682031 0.726042 0.684375 0.725000 0.685156 0.723958 0.689844 0.723958 0.690625 0.723958 0.701562 0.719792
0 0.721365 0.636458 0.724490 0.637500 0.725272 0.637500 0.737772 0.645833 0.738553 0.645833 0.739334 0.651042 0.740115 0.652083 0.733084 0.676042 0.733084 0.677083 0.725272 0.682292 0.724490 0.682292 0.723811 0.688451 0.720720 0.691666 0.715115 0.689583 0.713927 0.691938 0.709647 0.695833 0.708865 0.697781 0.697928 0.688542 0.697147 0.688542 0.697147 0.686458 0.696365 0.685417 0.704178 0.673958 0.704178 0.672917 0.715115 0.659375 0.710870 0.655979 0.718240 0.642708 0.718240 0.641667 0.721365 0.636458
0 0.675781 0.678125 0.678125 0.678125 0.678906 0.678125 0.680469 0.680208 0.681250 0.681250 0.682813 0.687500 0.683594 0.688542 0.682813 0.692708 0.682813 0.693750 0.661719 0.710417 0.660937 0.711458 0.657813 0.710417 0.657031 0.710417 0.652344 0.703125 0.651563 0.702083 0.650781 0.695833 0.650781 0.694792 0.653906 0.691667 0.654687 0.690625 0.667188 0.684375 0.667969 0.684375 0.675781 0.678125
0 0.448437 0.744792 0.453125 0.745833 0.453906 0.746875 0.457031 0.761458 0.457031 0.762500 0.453906 0.766667 0.453125 0.767708 0.447656 0.769792 0.446875 0.769792 0.442188 0.764583 0.441406 0.763542 0.439844 0.756250 0.439844 0.755208 0.441406 0.752083 0.441406 0.751042 0.448437 0.744792
0 0.392969 0.675000 0.396094 0.675000 0.396875 0.675000 0.397656 0.678125 0.398438 0.679167 0.396094 0.690625 0.396094 0.691667 0.389844 0.704167 0.389844 0.705208 0.388281 0.707292 0.387500 0.708333 0.384375 0.709375 0.383594 0.710417 0.381250 0.710417 0.380469 0.710417 0.375000 0.705208 0.374219 0.705208 0.375000 0.701042 0.375000 0.700000 0.378906 0.691667 0.378906 0.690625 0.382812 0.685417 0.382812 0.684375 0.392969 0.675000
0 0.629687 0.719792 0.638281 0.719792 0.639062 0.719792 0.642969 0.721875 0.643750 0.721875 0.642188 0.734375 0.642188 0.735417 0.639844 0.742708 0.639062 0.743750 0.628125 0.739583 0.627344 0.738542 0.629687 0.719792
0 0.445312 0.372917 0.450781 0.373958 0.451562 0.373958 0.451562 0.381250 0.451562 0.382292 0.449219 0.384375 0.448437 0.385417 0.436719 0.388542 0.435937 0.388542 0.435937 0.381250 0.435937 0.380208 0.441406 0.375000 0.442188 0.373958 0.445312 0.372917
0 0.505469 0.528125 0.508594 0.529167 0.509375 0.530208 0.510156 0.533333 0.510938 0.534375 0.509375 0.538542 0.508594 0.539583 0.503125 0.539583 0.502344 0.538542 0.502344 0.533333 0.502344 0.532292 0.505469 0.528125
0 0.460938 0.496875 0.463281 0.496875 0.464062 0.497917 0.463281 0.506250 0.463281 0.507292 0.460156 0.507292 0.459375 0.506250 0.459375 0.501042 0.459375 0.500000 0.460938 0.496875
0 0.462500 0.481250 0.464062 0.482292 0.464844 0.483333 0.464844 0.488542 0.464844 0.489583 0.464062 0.491667 0.464062 0.492708 0.461719 0.494792 0.460938 0.494792 0.459375 0.493750 0.458594 0.492708 0.458594 0.488542 0.458594 0.487500 0.462500 0.481250
0 0.449219 0.458333 0.451562 0.458333 0.452344 0.458333 0.457813 0.461458 0.458594 0.461458 0.458594 0.465625 0.458594 0.466667 0.449219 0.466667 0.448437 0.466667 0.446875 0.461458 0.446875 0.460417 0.449219 0.458333
0 0.504687 0.459375 0.510156 0.459375 0.510938 0.459375 0.511719 0.463542 0.512500 0.464583 0.511719 0.470833 0.511719 0.471875 0.510156 0.472917 0.509375 0.472917 0.504687 0.468750 0.503906 0.468750 0.503125 0.461458 0.503125 0.460417 0.504687 0.459375
0 0.519531 0.455208 0.522656 0.456250 0.523438 0.456250 0.524219 0.463542 0.524219 0.464583 0.520312 0.473958 0.520312 0.475000 0.514062 0.479167 0.513281 0.479167 0.511719 0.477083 0.510938 0.476042 0.513281 0.461458 0.513281 0.460417 0.515625 0.457292 0.516406 0.456250 0.519531 0.455208
0 0.535937 0.534375 0.541406 0.535417 0.542188 0.536458 0.550781 0.535417 0.551562 0.534375 0.552344 0.536458 0.552344 0.537500 0.549219 0.542708 0.548438 0.543750 0.546875 0.543750 0.546094 0.544792 0.542188 0.543750 0.541406 0.542708 0.530469 0.544792 0.529687 0.544792 0.528906 0.540625 0.528906 0.539583 0.535937 0.534375
0 0.540625 0.511458 0.543750 0.512500 0.544531 0.513542 0.546094 0.517708 0.546875 0.518750 0.546875 0.521875 0.546094 0.522917 0.541406 0.523958 0.540625 0.522917 0.540625 0.511458
0 0.015625 0.788542 0.021875 0.789583 0.022656 0.790625 0.023438 0.802083 0.023438 0.803125 0.012500 0.828125 0.012500 0.829167 0.010156 0.830208 0.009375 0.830208 0.004687 0.822917 0.003906 0.821875 0.000781 0.810417 0.000000 0.810417 0.000000 0.798958 0.000000 0.797917 0.003906 0.791667 0.004687 0.790625 0.015625 0.788542
0 0.020313 0.837500 0.022656 0.838542 0.023438 0.838542 0.024219 0.841667 0.024219 0.842708 0.017969 0.863542 0.017969 0.864583 0.000781 0.865625 0.000000 0.865625 0.007031 0.848958 0.007031 0.847917 0.009375 0.844792 0.010156 0.843750 0.020313 0.837500
0 0.181250 0.465625 0.183594 0.465625 0.184375 0.465625 0.192188 0.478125 0.192969 0.478125 0.194531 0.483333 0.195312 0.484375 0.194531 0.497917 0.194531 0.498958 0.192969 0.501042 0.192188 0.502083 0.186719 0.504167 0.185938 0.505208 0.181250 0.504167 0.180469 0.503125 0.179688 0.470833 0.179688 0.469792 0.181250 0.465625
0 0.294441 0.521939 0.299128 0.524022 0.299910 0.525064 0.303035 0.536522 0.303816 0.537564 0.303816 0.542772 0.303816 0.543814 0.299910 0.551105 0.299128 0.552147 0.296785 0.552147 0.296003 0.552147 0.290535 0.547980 0.289753 0.547980 0.286628 0.542772 0.285847 0.541730 0.286628 0.536522 0.286628 0.535480 0.294441 0.521939
0 0.317969 0.543750 0.321875 0.543750 0.322656 0.543750 0.325000 0.546875 0.325781 0.547917 0.325781 0.552083 0.325781 0.553125 0.321094 0.568750 0.321094 0.569792 0.315625 0.583333 0.315625 0.584375 0.313281 0.586458 0.312500 0.587500 0.310156 0.587500 0.309375 0.587500 0.307812 0.585417 0.307031 0.584375 0.307031 0.581250 0.306250 0.580208 0.306250 0.562500 0.306250 0.561458 0.308594 0.554167 0.308594 0.553125 0.317969 0.543750
0 0.295312 0.559375 0.298438 0.561458 0.299219 0.561458 0.300781 0.565625 0.301563 0.566667 0.301563 0.580208 0.300781 0.581250 0.298438 0.581250 0.297656 0.581250 0.290625 0.567708 0.289844 0.566667 0.289844 0.564583 0.289844 0.563542 0.295312 0.559375
0 0.285938 0.562500 0.289062 0.563542 0.289844 0.564583 0.292187 0.571875 0.292969 0.572917 0.291406 0.579167 0.290625 0.580208 0.289062 0.579167 0.288281 0.579167 0.283594 0.571875 0.282813 0.570833 0.282031 0.565625 0.282031 0.564583 0.285938 0.562500
0 0.267188 0.580208 0.271875 0.581250 0.272656 0.582292 0.272656 0.590625 0.272656 0.591667 0.267969 0.597917 0.267188 0.598958 0.264062 0.600000 0.263281 0.600000 0.263281 0.587500 0.263281 0.586458 0.267188 0.580208
0 0.274219 0.582292 0.278125 0.582292 0.278906 0.583333 0.283594 0.596875 0.283594 0.597917 0.281250 0.597917 0.280469 0.597917 0.276562 0.594792 0.275781 0.593750 0.275000 0.590625 0.274219 0.589583 0.274219 0.582292
0 0.333365 0.623654 0.336490 0.623654 0.337271 0.623654 0.337271 0.633029 0.337271 0.634070 0.334928 0.639279 0.334146 0.640320 0.329459 0.641362 0.328678 0.641362 0.327115 0.630945 0.327115 0.629904 0.333365 0.623654
0 0.375000 0.469792 0.376563 0.469792 0.377344 0.470833 0.376563 0.485417 0.376563 0.486458 0.375000 0.489583 0.375000 0.490625 0.367969 0.497917 0.367188 0.497917 0.366406 0.496875 0.365625 0.495833 0.365625 0.488542 0.365625 0.487500 0.368750 0.482292 0.369531 0.481250 0.372656 0.471875 0.372656 0.470833 0.375000 0.469792
0 0.382031 0.469792 0.388281 0.470833 0.389062 0.471875 0.389844 0.475000 0.390625 0.476042 0.390625 0.484375 0.389844 0.485417 0.387500 0.485417 0.386719 0.485417 0.380469 0.481250 0.379688 0.480208 0.378906 0.475000 0.378906 0.473958 0.382031 0.469792
0 0.392188 0.506250 0.396875 0.507292 0.397656 0.507292 0.398438 0.511458 0.398438 0.512500 0.391406 0.522917 0.390625 0.522917 0.389844 0.521875 0.389062 0.520833 0.389062 0.513542 0.389062 0.512500 0.392188 0.506250
0 0.265625 0.398958 0.268750 0.398958 0.269531 0.398958 0.273438 0.404167 0.274219 0.404167 0.283594 0.419792 0.284375 0.420833 0.285156 0.423958 0.285938 0.425000 0.285156 0.427083 0.284375 0.428125 0.280469 0.427083 0.279687 0.427083 0.274219 0.419792 0.273438 0.418750 0.268750 0.409375 0.268750 0.408333 0.264844 0.403125 0.264062 0.402083 0.265625 0.398958
0 0.247656 0.528125 0.252344 0.528125 0.253125 0.528125 0.257812 0.530208 0.258594 0.530208 0.260156 0.534375 0.260156 0.535417 0.255469 0.541667 0.254688 0.542708 0.253125 0.542708 0.252344 0.542708 0.245312 0.535417 0.244531 0.534375 0.245312 0.531250 0.245312 0.530208 0.247656 0.528125
0 0.289062 0.601042 0.291406 0.601042 0.292187 0.601042 0.295312 0.604167 0.296094 0.605208 0.294531 0.610417 0.293750 0.611458 0.290625 0.610417 0.289844 0.609375 0.289062 0.606250 0.288281 0.605208 0.289062 0.601042
0 0.238281 0.744792 0.239844 0.744792 0.240625 0.744792 0.242188 0.746875 0.242969 0.747917 0.242969 0.754167 0.242969 0.755208 0.240625 0.758333 0.239844 0.759375 0.239063 0.758333 0.238281 0.757292 0.237500 0.747917 0.236719 0.746875 0.238281 0.744792
0 0.232031 0.727083 0.237500 0.727083 0.238281 0.728125 0.239063 0.738542 0.239063 0.739583 0.237500 0.740625 0.236719 0.741667 0.233594 0.733333 0.232813 0.732292 0.232031 0.727083
0 0.227344 0.730208 0.232031 0.732292 0.232813 0.733333 0.234375 0.742708 0.234375 0.743750 0.235937 0.746875 0.236719 0.746875 0.236719 0.748958 0.237500 0.750000 0.237500 0.754167 0.237500 0.755208 0.240625 0.769792 0.240625 0.770833 0.244531 0.776042 0.245312 0.777083 0.250781 0.792708 0.250781 0.793750 0.249219 0.794792 0.248438 0.795833 0.243750 0.795833 0.242969 0.795833 0.241406 0.798958 0.240625 0.800000 0.235156 0.796875 0.234375 0.796875 0.232813 0.797917 0.232031 0.798958 0.220312 0.802083 0.219531 0.802083 0.217188 0.798958 0.216406 0.797917 0.214844 0.787500 0.214062 0.786458 0.213281 0.779167 0.212500 0.778125 0.213281 0.768750 0.213281 0.767708 0.221094 0.744792 0.221094 0.743750 0.227344 0.730208
0 0.332031 0.786458 0.335938 0.787500 0.336719 0.788542 0.339062 0.803125 0.339844 0.804167 0.339062 0.809375 0.338281 0.810417 0.329688 0.810417 0.328906 0.810417 0.327344 0.808333 0.326562 0.807292 0.326562 0.804167 0.326562 0.803125 0.328125 0.800000 0.328906 0.798958 0.330469 0.788542 0.330469 0.787500 0.332031 0.786458
0 0.385937 0.790625 0.392188 0.791667 0.392969 0.791667 0.400000 0.800000 0.400781 0.801042 0.404687 0.814583 0.405469 0.815625 0.405469 0.819792 0.405469 0.820833 0.403906 0.825000 0.403125 0.826042 0.400781 0.827083 0.400000 0.827083 0.387500 0.817708 0.386719 0.816667 0.384375 0.802083 0.383594 0.801042 0.383594 0.794792 0.383594 0.793750 0.385937 0.790625
0 0.391406 0.772917 0.395313 0.773958 0.396094 0.773958 0.403906 0.780208 0.404687 0.781250 0.404687 0.782292 0.405469 0.783333 0.401562 0.790625 0.400781 0.791667 0.395313 0.792708 0.394531 0.792708 0.387500 0.788542 0.386719 0.787500 0.385156 0.783333 0.384375 0.782292 0.385156 0.780208 0.385156 0.779167 0.387500 0.775000 0.388281 0.773958 0.391406 0.772917
0 0.415625 0.703125 0.417187 0.703125 0.417969 0.704167 0.417969 0.707292 0.417969 0.708333 0.415625 0.716667 0.414844 0.717708 0.414844 0.721875 0.414844 0.722917 0.414062 0.723958 0.413281 0.725000 0.409375 0.725000 0.408594 0.725000 0.407813 0.723958 0.407031 0.722917 0.407813 0.713542 0.407813 0.712500 0.410156 0.707292 0.410938 0.706250 0.415625 0.703125
0 0.343750 0.712500 0.346094 0.713542 0.346875 0.714583 0.346875 0.719792 0.346875 0.720833 0.348438 0.725000 0.349219 0.726042 0.348438 0.730208 0.348438 0.731250 0.342187 0.736458 0.341406 0.737500 0.336719 0.738542 0.335938 0.739583 0.332031 0.738542 0.331250 0.738542 0.330469 0.735417 0.330469 0.734375 0.334375 0.731250 0.335156 0.730208 0.340625 0.716667 0.340625 0.715625 0.343750 0.712500
0 0.134375 0.808333 0.135937 0.808333 0.136719 0.809375 0.135156 0.813542 0.135156 0.814583 0.130469 0.819792 0.129688 0.820833 0.127344 0.820833 0.126562 0.820833 0.126562 0.817708 0.126562 0.816667 0.134375 0.808333
0 0.144531 0.794792 0.149219 0.794792 0.150000 0.794792 0.150000 0.797917 0.150000 0.798958 0.147656 0.801042 0.146875 0.802083 0.144531 0.802083 0.143750 0.802083 0.142969 0.797917 0.142969 0.796875 0.144531 0.794792
0 0.115625 0.829167 0.121094 0.829167 0.121875 0.829167 0.129688 0.834375 0.130469 0.835417 0.123438 0.840625 0.122656 0.841667 0.118750 0.841667 0.117969 0.841667 0.116406 0.839583 0.115625 0.838542 0.115625 0.836458 0.114844 0.835417 0.115625 0.829167
0 0.295312 0.763542 0.298438 0.766667 0.299219 0.767708 0.300000 0.778125 0.300781 0.779167 0.300781 0.791667 0.300781 0.792708 0.299219 0.793750 0.298438 0.794792 0.297656 0.793750 0.296875 0.792708 0.295312 0.780208 0.294531 0.779167 0.295312 0.763542
0 0.282031 0.762500 0.282813 0.763542 0.283594 0.764583 0.282813 0.770833 0.282813 0.771875 0.282031 0.773958 0.281250 0.775000 0.277344 0.776042 0.276562 0.776042 0.275781 0.768750 0.275781 0.767708 0.282031 0.762500
0 0.536719 0.821875 0.552344 0.826042 0.553125 0.826042 0.564063 0.836458 0.564844 0.837500 0.567969 0.844792 0.568750 0.845833 0.568750 0.850000 0.568750 0.851042 0.565051 0.851042 0.564063 0.851042 0.563281 0.851042 0.560156 0.847917 0.559375 0.846875 0.549219 0.841667 0.548438 0.841667 0.544531 0.836458 0.543750 0.835417 0.540625 0.833333 0.539844 0.833333 0.534375 0.827083 0.533594 0.826042 0.533594 0.825000 0.533594 0.823958 0.536719 0.821875
0 0.457031 0.822917 0.460938 0.823958 0.461719 0.825000 0.463281 0.829167 0.463281 0.830208 0.474219 0.851042 0.475000 0.852083 0.478125 0.860417 0.478906 0.861458 0.478906 0.864583 0.478906 0.865625 0.456250 0.865625 0.455469 0.865625 0.453125 0.863542 0.452344 0.862500 0.451562 0.853125 0.451562 0.852083 0.454688 0.841667 0.455469 0.840625 0.457031 0.822917
0 0.462500 0.805208 0.467187 0.805208 0.467969 0.805208 0.472656 0.809375 0.473438 0.810417 0.473438 0.820833 0.472656 0.821875 0.469531 0.822917 0.468750 0.823958 0.463281 0.823958 0.462500 0.823958 0.453906 0.818750 0.453125 0.818750 0.452344 0.814583 0.452344 0.813542 0.462500 0.805208
0 0.617969 0.781250 0.624219 0.781250 0.625000 0.781250 0.625781 0.783333 0.626563 0.784375 0.625781 0.803125 0.625781 0.804167 0.628906 0.814583 0.628906 0.815625 0.627344 0.818750 0.626563 0.819792 0.615625 0.820833 0.614844 0.821875 0.611719 0.818750 0.610938 0.817708 0.605469 0.793750 0.605469 0.792708 0.606250 0.789583 0.607031 0.788542 0.617969 0.781250
0 0.620313 0.819792 0.627344 0.820833 0.628125 0.821875 0.630469 0.840625 0.629687 0.841667 0.615625 0.840625 0.614844 0.839583 0.613281 0.825000 0.613281 0.823958 0.614844 0.821875 0.615625 0.820833 0.620313 0.819792
0 0.664062 0.847917 0.667969 0.848958 0.668750 0.850000 0.668750 0.864583 0.668750 0.865625 0.643750 0.865625 0.642969 0.865625 0.643750 0.861458 0.643750 0.860417 0.648438 0.854167 0.649219 0.853125 0.656250 0.850000 0.657031 0.848958 0.664062 0.847917
0 0.664844 0.836458 0.668750 0.836458 0.669531 0.836458 0.671094 0.838542 0.671875 0.839583 0.671875 0.841667 0.671875 0.842708 0.669531 0.846875 0.668750 0.847917 0.665625 0.845833 0.664844 0.845833 0.664062 0.843750 0.663281 0.842708 0.663281 0.839583 0.663281 0.838542 0.664844 0.836458
0 0.645312 0.754167 0.650781 0.755208 0.651563 0.755208 0.651563 0.763542 0.651563 0.764583 0.649219 0.782292 0.649219 0.783333 0.642969 0.785417 0.642188 0.785417 0.640625 0.783333 0.639844 0.782292 0.640625 0.766667 0.640625 0.765625 0.642188 0.759375 0.642188 0.758333 0.645312 0.754167
0 0.675000 0.785417 0.682031 0.786458 0.682813 0.786458 0.694531 0.791667 0.695312 0.791667 0.696875 0.794792 0.697656 0.795833 0.696875 0.807292 0.696875 0.808333 0.689063 0.809375 0.688281 0.809375 0.682031 0.812500 0.681250 0.813542 0.677344 0.813542 0.676562 0.813542 0.674219 0.808333 0.673438 0.807292 0.673438 0.802083 0.672656 0.801042 0.672656 0.795833 0.672656 0.794792 0.675000 0.785417
0 0.658594 0.789583 0.668750 0.792708 0.669531 0.793750 0.669531 0.796875 0.669531 0.797917 0.665625 0.800000 0.664844 0.801042 0.661719 0.810417 0.661719 0.811458 0.659375 0.812500 0.658594 0.813542 0.657031 0.812500 0.656250 0.812500 0.653906 0.808333 0.653125 0.807292 0.653906 0.796875 0.653906 0.795833 0.658594 0.789583
0 0.742188 0.784375 0.748437 0.784375 0.749219 0.784375 0.750781 0.786458 0.751563 0.787500 0.751563 0.790625 0.752344 0.791667 0.750000 0.800000 0.750000 0.801042 0.742969 0.806250 0.742188 0.807292 0.723437 0.806250 0.722656 0.806250 0.714844 0.802083 0.714063 0.801042 0.700781 0.800000 0.700000 0.800000 0.700000 0.795833 0.700000 0.794792 0.703906 0.792708 0.704688 0.791667 0.722656 0.790625 0.723437 0.790625 0.729688 0.787500 0.730469 0.786458 0.742188 0.784375
0 0.731250 0.805208 0.732031 0.805208 0.732812 0.806250 0.732812 0.809375 0.732812 0.810417 0.731250 0.812500 0.730469 0.813542 0.723437 0.840625 0.722656 0.841667 0.722656 0.851042 0.722656 0.852083 0.721094 0.853125 0.720313 0.853125 0.719531 0.851042 0.718750 0.850000 0.718750 0.836458 0.718750 0.835417 0.726562 0.812500 0.726562 0.811458 0.731250 0.805208
0 0.730469 0.820833 0.736719 0.822917 0.737500 0.822917 0.739062 0.825000 0.739844 0.826042 0.743750 0.835417 0.744531 0.836458 0.746094 0.851042 0.745313 0.852083 0.738281 0.853125 0.737500 0.853125 0.727344 0.850000 0.726562 0.850000 0.725000 0.847917 0.724219 0.846875 0.724219 0.840625 0.724219 0.839583 0.725000 0.837500 0.725781 0.836458 0.727344 0.826042 0.727344 0.825000 0.730469 0.820833
0 0.742188 0.852083 0.746094 0.852083 0.746875 0.852083 0.750781 0.864583 0.750781 0.865625 0.735938 0.865625 0.735156 0.865625 0.735156 0.863542 0.735156 0.862500 0.738281 0.856250 0.738281 0.855208 0.742188 0.852083
0 0.713281 0.852083 0.717187 0.855208 0.717969 0.856250 0.716406 0.862500 0.716406 0.863542 0.713281 0.860417 0.712500 0.859375 0.713281 0.852083
0 0.786719 0.782292 0.789844 0.784375 0.790625 0.784375 0.792837 0.786489 0.792652 0.792358 0.785937 0.798958 0.785156 0.800000 0.783594 0.800000 0.782813 0.801042 0.782031 0.800000 0.781250 0.800000 0.781250 0.790625 0.781250 0.789583 0.786719 0.782292
0 0.769531 0.645833 0.776563 0.648958 0.777344 0.648958 0.785156 0.658333 0.785156 0.659375 0.783594 0.661458 0.782813 0.662500 0.780469 0.662500 0.779687 0.663542 0.766406 0.663542 0.765625 0.663542 0.764062 0.657292 0.764062 0.656250 0.767969 0.647917 0.767969 0.646875 0.769531 0.645833
0 0.782813 0.643750 0.785937 0.643750 0.786719 0.643750 0.789844 0.645833 0.790625 0.645833 0.792969 0.647917 0.793750 0.647917 0.793750 0.651042 0.793750 0.652083 0.787500 0.656250 0.786719 0.657292 0.783594 0.655208 0.782813 0.655208 0.779687 0.651042 0.778906 0.650000 0.778906 0.648958 0.778906 0.647917 0.782813 0.643750
0 0.781250 0.600000 0.782813 0.600000 0.783594 0.600000 0.784375 0.604167 0.785156 0.605208 0.782813 0.617708 0.782813 0.618750 0.780469 0.621875 0.779687 0.622917 0.775000 0.607292 0.774219 0.606250 0.775000 0.604167 0.775781 0.603125 0.781250 0.600000
0 0.794531 0.588542 0.799219 0.589583 0.800000 0.590625 0.800000 0.597917 0.800000 0.598958 0.798438 0.604167 0.797656 0.605208 0.793750 0.605208 0.792969 0.605208 0.790625 0.603125 0.789844 0.602083 0.790625 0.594792 0.790625 0.593750 0.794531 0.588542
0 0.632031 0.768750 0.633594 0.768750 0.634375 0.768750 0.635156 0.770833 0.635938 0.771875 0.636719 0.781250 0.637500 0.782292 0.635156 0.787500 0.634375 0.788542 0.629687 0.788542 0.628906 0.788542 0.627344 0.782292 0.627344 0.781250 0.630469 0.778125 0.631250 0.777083 0.632031 0.768750
0 0.580469 0.736458 0.585938 0.737500 0.586719 0.737500 0.588281 0.739583 0.588281 0.740625 0.587500 0.741667 0.586719 0.742708 0.578125 0.744792 0.577344 0.744792 0.576562 0.743750 0.576562 0.742708 0.580469 0.736458
0 0.633594 0.525000 0.638281 0.531250 0.639062 0.532292 0.638281 0.539583 0.638281 0.540625 0.635156 0.538542 0.634375 0.538542 0.632031 0.534375 0.631250 0.533333 0.631250 0.528125 0.631250 0.527083 0.633594 0.525000
0 0.712500 0.459375 0.714844 0.460417 0.715625 0.460417 0.717187 0.463542 0.717187 0.464583 0.720313 0.467708 0.721094 0.468750 0.721094 0.476042 0.721094 0.477083 0.723437 0.480208 0.724219 0.481250 0.725000 0.485417 0.725000 0.486458 0.712500 0.486458 0.711719 0.486458 0.706250 0.481250 0.705469 0.481250 0.707031 0.470833 0.707031 0.469792 0.712500 0.459375
0 0.748437 0.476042 0.754687 0.478125 0.755469 0.478125 0.756250 0.483333 0.756250 0.484375 0.752344 0.498958 0.752344 0.500000 0.749219 0.503125 0.748437 0.504167 0.743750 0.504167 0.742969 0.504167 0.741406 0.502083 0.740625 0.501042 0.741406 0.487500 0.741406 0.486458 0.742969 0.483333 0.742969 0.482292 0.748437 0.476042
0 0.624219 0.691667 0.628125 0.691667 0.628906 0.691667 0.630469 0.693750 0.631250 0.694792 0.631250 0.697917 0.631250 0.698958 0.628125 0.703125 0.627344 0.704167 0.618750 0.700000 0.617969 0.698958 0.618750 0.693750 0.619531 0.692708 0.624219 0.691667
0 0.656250 0.737500 0.664062 0.738542 0.664844 0.738542 0.665625 0.741667 0.665625 0.742708 0.664062 0.746875 0.664062 0.747917 0.661719 0.748958 0.660937 0.750000 0.656250 0.748958 0.655469 0.748958 0.653906 0.741667 0.653906 0.740625 0.656250 0.737500
0 0.622656 0.758333 0.630469 0.761458 0.631250 0.761458 0.632031 0.762500 0.632812 0.763542 0.632812 0.766667 0.632812 0.767708 0.625000 0.778125 0.624219 0.779167 0.618750 0.779167 0.617969 0.779167 0.617188 0.778125 0.620313 0.772917 0.621094 0.771875 0.621094 0.761458 0.621094 0.760417 0.622656 0.758333
0 0.953906 0.531250 0.962500 0.531250 0.963281 0.531250 0.966406 0.537500 0.967187 0.538542 0.967187 0.545833 0.967187 0.546875 0.966406 0.547917 0.965625 0.548958 0.963281 0.548958 0.962500 0.548958 0.956250 0.542708 0.955469 0.542708 0.953125 0.537500 0.952344 0.536458 0.952344 0.533333 0.952344 0.532292 0.953906 0.531250
0 0.921875 0.603125 0.928906 0.606250 0.929688 0.606250 0.932031 0.610417 0.932813 0.611458 0.932031 0.614583 0.932031 0.615625 0.927344 0.617708 0.926562 0.618750 0.921094 0.618750 0.920312 0.618750 0.918750 0.606250 0.918750 0.605208 0.921875 0.603125
0 0.900000 0.645833 0.903125 0.645833 0.903906 0.645833 0.906250 0.647917 0.907031 0.647917 0.908594 0.651042 0.909375 0.652083 0.908594 0.657292 0.908594 0.658333 0.905469 0.666667 0.905469 0.667708 0.901563 0.667708 0.900781 0.667708 0.897656 0.661458 0.896875 0.660417 0.896875 0.654167 0.896875 0.653125 0.900000 0.645833
0 0.903125 0.664583 0.907813 0.669792 0.908594 0.670833 0.908594 0.672917 0.908594 0.673958 0.904687 0.679167 0.903906 0.680208 0.900781 0.680208 0.900000 0.680208 0.899219 0.679167 0.898438 0.679167 0.898438 0.673958 0.898438 0.672917 0.900781 0.667708 0.900781 0.666667 0.903125 0.664583
0 0.922656 0.692708 0.924219 0.693750 0.925000 0.694792 0.932031 0.695833 0.932813 0.695833 0.934375 0.703125 0.934375 0.704167 0.914062 0.704167 0.913281 0.704167 0.912500 0.703125 0.911719 0.702083 0.912500 0.696875 0.912500 0.695833 0.922656 0.692708
0 0.969531 0.640625 0.971094 0.641667 0.971875 0.642708 0.972656 0.645833 0.973437 0.646875 0.972656 0.651042 0.972656 0.652083 0.968750 0.653125 0.967969 0.654167 0.964063 0.653125 0.963281 0.653125 0.963281 0.650000 0.963281 0.648958 0.969531 0.640625
0 0.972656 0.661458 0.974219 0.661458 0.975000 0.661458 0.975781 0.662500 0.976562 0.663542 0.976562 0.666667 0.977344 0.667708 0.975781 0.668750 0.975000 0.669792 0.969531 0.669792 0.968750 0.669792 0.967969 0.668750 0.967969 0.667708 0.969531 0.664583 0.969531 0.663542 0.972656 0.661458
0 0.083633 0.807659 0.082065 0.809302 0.079265 0.809302 0.078817 0.809153 0.078705 0.808555 0.078369 0.807958 0.078369 0.806166 0.078705 0.805121 0.079825 0.804523 0.081393 0.804374 0.081617 0.803926 0.081617 0.803179 0.082065 0.803179 0.082513 0.802731 0.084529 0.801985 0.085313 0.801388 0.085761 0.801388 0.086433 0.800790 0.086881 0.800790 0.087217 0.799745 0.088449 0.798550 0.090801 0.798251 0.091585 0.797804 0.092929 0.797804 0.092929 0.798998 0.092593 0.801388 0.092145 0.801686 0.091697 0.802582 0.090801 0.802582 0.090465 0.802134 0.090353 0.802731 0.089009 0.805569 0.089009 0.806166 0.088673 0.807361 0.088337 0.807659 0.084529 0.807809
0 0.162659 0.855124 0.162659 0.857239 0.163365 0.859355 0.163365 0.861941 0.159838 0.862411 0.159838 0.863117 0.158957 0.864292 0.158428 0.864292 0.158428 0.865703 0.152962 0.865938 0.152962 0.858415 0.150846 0.857945 0.150846 0.857239 0.151199 0.856769 0.152609 0.856534 0.158428 0.856064 0.159133 0.850892 0.161954 0.846190 0.163012 0.846896 0.165480 0.849952 0.167772 0.850892 0.172180 0.851127 0.172180 0.855359 0.172886 0.855359 0.173591 0.853948 0.174825 0.852773 0.175178 0.853008 0.175178 0.854418 0.176588 0.855594 0.179233 0.855594 0.180820 0.856534 0.180644 0.861236 0.177294 0.861706 0.176236 0.861471 0.175001 0.860296 0.173591 0.861941 0.171828 0.863117 0.168478 0.863117 0.165657 0.861001 0.164775 0.859355 0.164599 0.857475 0.164070 0.857004
0 0.004687 0.064583 0.010156 0.064583 0.010937 0.064583 0.013281 0.067708 0.014063 0.068750 0.014063 0.076042 0.014063 0.077083 0.009375 0.084375 0.008594 0.085417 0.004687 0.085417 0.003906 0.085417 0.000781 0.083333 0.000000 0.083333 0.000000 0.067708 0.000000 0.066667 0.004687 0.064583
0 0.207031 0.106250 0.210156 0.107292 0.210938 0.108333 0.211719 0.123958 0.211719 0.125000 0.210156 0.127083 0.209375 0.128125 0.209375 0.130208 0.208594 0.131250 0.210156 0.141667 0.210156 0.142708 0.205469 0.143750 0.204687 0.143750 0.198437 0.135417 0.197656 0.134375 0.189844 0.116667 0.189844 0.115625 0.195312 0.111458 0.196094 0.110417 0.203125 0.111458 0.203906 0.111458 0.207031 0.106250
0 0.439844 0.000000 0.476562 0.000000 0.477344 0.000000 0.475000 0.003125 0.474219 0.004167 0.473438 0.008333 0.472656 0.009375 0.468750 0.042708 0.467969 0.043750 0.464844 0.044792 0.464062 0.045833 0.457813 0.044792 0.457031 0.043750 0.432812 0.043750 0.432031 0.042708 0.434375 0.037500 0.435156 0.036458 0.435937 0.018750 0.435937 0.017708 0.437500 0.012500 0.438281 0.011458 0.439844 0.000000
0 0.685156 0.129167 0.690625 0.129167 0.691406 0.129167 0.696875 0.133333 0.697656 0.133333 0.698438 0.144792 0.697656 0.145833 0.671875 0.145833 0.671094 0.145833 0.666406 0.143750 0.665625 0.143750 0.665625 0.142708 0.665625 0.141667 0.667969 0.140625 0.668750 0.140625 0.671094 0.137500 0.671875 0.136458 0.685156 0.129167
0 0.717969 0.119792 0.735156 0.122917 0.735938 0.122917 0.747656 0.128125 0.748437 0.128125 0.752344 0.131250 0.753125 0.132292 0.752344 0.142708 0.752344 0.143750 0.753906 0.148958 0.754687 0.150000 0.754687 0.157292 0.754687 0.158333 0.752344 0.162500 0.752344 0.163542 0.748437 0.167708 0.747656 0.168750 0.745313 0.181250 0.745313 0.182292 0.742188 0.189583 0.741406 0.190625 0.739844 0.198958 0.739844 0.200000 0.737500 0.203125 0.736719 0.204167 0.728906 0.202083 0.728125 0.202083 0.723437 0.196875 0.722656 0.195833 0.717969 0.182292 0.717187 0.181250 0.717187 0.178125 0.716406 0.177083 0.716406 0.162500 0.716406 0.161458 0.713281 0.141667 0.713281 0.140625 0.708594 0.134375 0.707812 0.135646 0.703469 0.132282 0.702344 0.131250 0.703125 0.131250 0.703906 0.129167 0.704695 0.125602 0.707812 0.123958 0.711117 0.120394 0.716854 0.119890 0.717969 0.119792
0 0.821094 0.186458 0.825000 0.187500 0.825781 0.187500 0.835156 0.195833 0.835938 0.196875 0.849219 0.201042 0.850000 0.201042 0.858594 0.207292 0.859375 0.207292 0.860938 0.213542 0.861719 0.214583 0.861719 0.221875 0.862500 0.222917 0.877344 0.230208 0.878125 0.230208 0.885156 0.243750 0.885156 0.244792 0.890625 0.251042 0.891406 0.252083 0.892188 0.266667 0.892188 0.267708 0.894531 0.271875 0.895312 0.271875 0.892188 0.277083 0.892188 0.278125 0.891406 0.279167 0.890625 0.280208 0.876563 0.285417 0.875781 0.286458 0.869531 0.285417 0.868750 0.285417 0.867969 0.284375 0.867188 0.283333 0.867188 0.279167 0.867188 0.278125 0.864844 0.272917 0.864062 0.271875 0.857812 0.271875 0.857031 0.271875 0.851562 0.261458 0.850781 0.260417 0.839844 0.254167 0.839063 0.254167 0.832031 0.243750 0.831250 0.242708 0.822656 0.240625 0.821875 0.240625 0.819531 0.237500 0.818750 0.236458 0.817187 0.222917 0.816406 0.221875 0.817969 0.204167 0.818750 0.203125 0.818750 0.192708 0.818750 0.191667 0.821094 0.186458
0 0.626563 0.386458 0.628906 0.387500 0.629687 0.387500 0.633594 0.395833 0.634375 0.396875 0.639844 0.400000 0.640625 0.401042 0.645312 0.431250 0.645312 0.432292 0.644531 0.434375 0.643750 0.435417 0.636719 0.438542 0.635938 0.438542 0.631250 0.442708 0.630469 0.442708 0.624219 0.451042 0.623437 0.452083 0.621875 0.452083 0.621094 0.452083 0.620313 0.451042 0.619531 0.451042 0.617188 0.441667 0.617188 0.440625 0.598437 0.418750 0.597656 0.418750 0.593750 0.412500 0.593750 0.411458 0.598437 0.389583 0.599219 0.388542 0.614844 0.388542 0.615625 0.388542 0.626563 0.386458
0 0.742969 0.290625 0.746875 0.291667 0.747656 0.291667 0.751563 0.296875 0.752344 0.297917 0.755469 0.306250 0.756250 0.307292 0.756250 0.310417 0.757031 0.311458 0.757031 0.317708 0.757031 0.318750 0.753125 0.321875 0.752344 0.322917 0.751563 0.327083 0.750781 0.328125 0.750781 0.333333 0.750781 0.334375 0.748437 0.345833 0.747656 0.346875 0.746875 0.358333 0.746094 0.359375 0.746094 0.367708 0.746094 0.368750 0.744531 0.370833 0.743750 0.370833 0.736719 0.367708 0.735938 0.366667 0.728906 0.366667 0.728125 0.366667 0.724219 0.370833 0.723437 0.371875 0.723437 0.373958 0.722656 0.375000 0.717969 0.375000 0.717187 0.375000 0.715625 0.373958 0.714844 0.372917 0.712500 0.361458 0.712500 0.360417 0.716406 0.353125 0.717187 0.352083 0.719531 0.320833 0.719531 0.319792 0.724219 0.301042 0.724219 0.300000 0.725781 0.296875 0.726562 0.295833 0.735938 0.293750 0.736719 0.293750 0.742969 0.290625
0 0.728906 0.366667 0.737500 0.367708 0.738281 0.367708 0.743750 0.370833 0.744531 0.370833 0.749219 0.376042 0.750000 0.377083 0.750000 0.380208 0.750000 0.381250 0.733594 0.389583 0.732812 0.390625 0.728125 0.390625 0.727344 0.390625 0.725781 0.388542 0.725000 0.387500 0.722656 0.376042 0.722656 0.375000 0.725000 0.370833 0.725000 0.369792 0.728906 0.366667
0 0.792969 0.432292 0.804688 0.434375 0.805469 0.435417 0.814844 0.432292 0.815625 0.432292 0.821875 0.436458 0.822656 0.437500 0.833594 0.441667 0.834375 0.441667 0.840625 0.447917 0.841406 0.448958 0.843750 0.456250 0.843750 0.457292 0.851562 0.464583 0.852344 0.465625 0.857031 0.481250 0.857812 0.482292 0.858594 0.507292 0.858594 0.508333 0.862500 0.516667 0.863281 0.517708 0.864062 0.529167 0.863281 0.530208 0.832812 0.531250 0.832031 0.531250 0.818750 0.528125 0.817969 0.527083 0.807031 0.527083 0.806250 0.527083 0.796094 0.522917 0.795312 0.522917 0.793750 0.520833 0.792969 0.519792 0.786719 0.509375 0.785937 0.508333 0.783594 0.496875 0.783594 0.495833 0.771875 0.484375 0.771094 0.483333 0.770312 0.472917 0.769531 0.471875 0.770312 0.466667 0.770312 0.465625 0.781250 0.454167 0.782031 0.453125 0.786719 0.442708 0.786719 0.441667 0.792969 0.432292
0 0.345313 0.468750 0.350781 0.469792 0.351562 0.469792 0.359375 0.476042 0.360156 0.476042 0.362500 0.481250 0.363281 0.482292 0.366406 0.509375 0.367188 0.510417 0.367188 0.532292 0.367188 0.533333 0.365625 0.536458 0.364844 0.537500 0.360156 0.536458 0.359375 0.536458 0.357031 0.533333 0.356250 0.532292 0.350781 0.517708 0.350000 0.516667 0.342187 0.484375 0.341406 0.483333 0.342187 0.473958 0.342187 0.472917 0.345313 0.468750
0 0.434375 0.107292 0.443750 0.108333 0.444531 0.108333 0.450000 0.111458 0.450781 0.112500 0.453125 0.112500 0.453906 0.113542 0.453906 0.125000 0.453906 0.126042 0.450000 0.142708 0.450000 0.143750 0.445312 0.155208 0.445312 0.156250 0.442969 0.158333 0.442188 0.159375 0.439844 0.159375 0.439063 0.159375 0.434375 0.154167 0.433594 0.154167 0.427344 0.145833 0.426563 0.144792 0.425781 0.139583 0.425000 0.138542 0.424219 0.118750 0.424219 0.117708 0.425781 0.114583 0.426563 0.113542 0.434375 0.107292
0 0.759375 0.000000 0.764062 0.000000 0.764844 0.000000 0.767188 0.003125 0.767969 0.003125 0.777344 0.017708 0.778125 0.018750 0.780469 0.028125 0.781250 0.029167 0.780469 0.034375 0.779687 0.035417 0.771875 0.040625 0.771094 0.041667 0.766406 0.042708 0.765625 0.042708 0.760938 0.045833 0.760156 0.046875 0.746094 0.039583 0.745313 0.039583 0.735156 0.023958 0.734375 0.022917 0.734375 0.020833 0.734375 0.019792 0.739844 0.013542 0.740625 0.012500 0.748437 0.007292 0.749219 0.006250 0.754687 0.004167 0.755469 0.004167 0.759375 0.000000
0 0.757812 0.000000 0.765625 0.000000 0.766406 0.000000 0.778125 0.017708 0.778906 0.018750 0.782031 0.037500 0.782031 0.038542 0.790625 0.059375 0.791406 0.060417 0.791406 0.063542 0.791406 0.064583 0.789844 0.065625 0.789062 0.066667 0.785937 0.067708 0.785156 0.067708 0.766406 0.057292 0.765625 0.057292 0.757812 0.045833 0.757031 0.044792 0.745313 0.038542 0.744531 0.038542 0.735156 0.023958 0.734375 0.022917 0.735156 0.019792 0.735156 0.018750 0.739844 0.013542 0.740625 0.012500 0.756250 0.002083 0.757031 0.002083 0.757812 0.000000
0 0.887500 0.029167 0.890625 0.030208 0.891406 0.031250 0.892188 0.035417 0.892969 0.036458 0.892969 0.042708 0.892969 0.043750 0.885938 0.057292 0.885156 0.058333 0.887500 0.077083 0.887500 0.078125 0.875000 0.116667 0.875000 0.117708 0.874219 0.118750 0.873437 0.119792 0.863281 0.119792 0.862500 0.120833 0.853125 0.119792 0.852344 0.119792 0.850000 0.117708 0.849219 0.117708 0.846875 0.113542 0.846094 0.112500 0.846094 0.106250 0.846094 0.105208 0.854688 0.077083 0.855469 0.076042 0.855005 0.063350 0.858898 0.061068 0.859822 0.058333 0.860645 0.054818 0.860156 0.053125 0.870313 0.041667 0.871094 0.040625 0.875781 0.038542 0.876563 0.038542 0.887500 0.029167
0 0.892188 0.088542 0.896094 0.090625 0.896875 0.091667 0.901563 0.102083 0.902344 0.103125 0.903125 0.111458 0.903125 0.112500 0.902344 0.115625 0.901563 0.116667 0.901563 0.126042 0.902344 0.127083 0.897656 0.144792 0.896875 0.145833 0.896875 0.153125 0.896875 0.154167 0.895312 0.159375 0.895312 0.160417 0.885156 0.172917 0.884375 0.173958 0.881250 0.175000 0.880469 0.175000 0.878125 0.165625 0.878125 0.164583 0.871875 0.147917 0.871094 0.146875 0.871094 0.137500 0.871094 0.136458 0.872656 0.128125 0.872656 0.127083 0.876563 0.118750 0.877344 0.117708 0.878906 0.109375 0.878906 0.108333 0.882031 0.101042 0.882031 0.100000 0.888281 0.091667 0.889062 0.090625 0.892188 0.088542
0 0.925781 0.037500 0.931250 0.038542 0.932031 0.039583 0.931250 0.047917 0.931250 0.048958 0.920312 0.064583 0.919531 0.065625 0.907813 0.070833 0.907031 0.070833 0.897656 0.082292 0.896875 0.083333 0.896094 0.083333 0.895312 0.083333 0.892188 0.079167 0.891406 0.079167 0.889844 0.076042 0.889062 0.075000 0.885938 0.060417 0.885938 0.059375 0.892969 0.045833 0.893750 0.044792 0.905469 0.041667 0.906250 0.040625 0.918750 0.039583 0.919531 0.039583 0.925781 0.037500
0 0.930469 0.053125 0.931250 0.053125 0.932031 0.054167 0.933594 0.066667 0.934375 0.067708 0.934375 0.070833 0.934375 0.071875 0.932031 0.073958 0.931250 0.075000 0.931250 0.081250 0.931250 0.082292 0.933594 0.085417 0.933594 0.086458 0.931250 0.087500 0.930469 0.087500 0.927344 0.085417 0.926562 0.085417 0.925000 0.087500 0.924219 0.088542 0.923438 0.092708 0.922656 0.093750 0.919531 0.092708 0.918750 0.093750 0.916406 0.114583 0.915625 0.115625 0.912500 0.114583 0.911719 0.113542 0.907031 0.113542 0.906250 0.113542 0.905469 0.112500 0.904687 0.111458 0.904687 0.107292 0.904687 0.106250 0.899219 0.094792 0.898438 0.093750 0.896094 0.085417 0.896094 0.084375 0.900781 0.080208 0.901563 0.080208 0.907031 0.072917 0.907813 0.071875 0.917188 0.068750 0.917969 0.068750 0.930469 0.053125
0 0.946094 0.566667 0.946875 0.566667 0.947656 0.567708 0.946094 0.577083 0.946094 0.578125 0.948438 0.581250 0.949219 0.582292 0.957031 0.583333 0.957812 0.583333 0.960938 0.585417 0.961719 0.585417 0.961719 0.592708 0.961719 0.593750 0.958594 0.603125 0.958594 0.604167 0.953906 0.612500 0.953125 0.613542 0.937500 0.613542 0.936719 0.613542 0.935156 0.612500 0.934375 0.612500 0.926562 0.603125 0.925781 0.603125 0.924219 0.601042 0.923438 0.600000 0.922656 0.595833 0.922656 0.594792 0.928906 0.583333 0.929688 0.582292 0.931250 0.577083 0.932031 0.576042 0.946094 0.566667
0 0.965625 0.581250 0.967969 0.582292 0.968750 0.583333 0.976562 0.614583 0.977344 0.615625 0.976562 0.627083 0.976562 0.628125 0.971094 0.637500 0.971094 0.638542 0.967969 0.637500 0.967187 0.636458 0.965625 0.631250 0.965625 0.630208 0.955469 0.612500 0.954688 0.611458 0.960938 0.596875 0.961719 0.595833 0.963281 0.586458 0.963281 0.585417 0.965625 0.581250
0 0.957031 0.687500 0.960938 0.689583 0.961719 0.690625 0.963281 0.703125 0.962500 0.704167 0.953906 0.703125 0.953125 0.703125 0.941406 0.705208 0.940625 0.705208 0.935937 0.703125 0.935156 0.702083 0.935156 0.693750 0.935937 0.692708 0.945312 0.689583 0.946094 0.688542 0.950781 0.689583 0.951562 0.689583 0.957031 0.687500
0 0.972656 0.670833 0.978125 0.671875 0.978906 0.671875 0.979688 0.676042 0.980469 0.677083 0.980469 0.685417 0.980469 0.686458 0.982031 0.694792 0.982031 0.695833 0.978125 0.710417 0.978125 0.711458 0.972656 0.715625 0.971875 0.716667 0.967969 0.716667 0.967187 0.716667 0.964844 0.706250 0.964063 0.705208 0.963281 0.695833 0.963281 0.694792 0.960156 0.688542 0.959375 0.687500 0.957812 0.676042 0.957031 0.675000 0.972656 0.670833
0 0.950000 0.717708 0.959375 0.717708 0.960156 0.717708 0.963281 0.719792 0.964063 0.719792 0.970313 0.733333 0.970313 0.734375 0.973437 0.738542 0.974219 0.739583 0.981250 0.744792 0.982031 0.745833 0.986719 0.761458 0.986719 0.762500 0.985938 0.763542 0.985156 0.764583 0.971875 0.770833 0.971094 0.770833 0.964063 0.777083 0.963281 0.778125 0.959375 0.779167 0.958594 0.780208 0.954688 0.781250 0.953906 0.781250 0.952344 0.780208 0.951562 0.779167 0.943750 0.779167 0.942969 0.779167 0.941406 0.775000 0.940625 0.773958 0.939844 0.764583 0.939844 0.763542 0.940625 0.760417 0.940625 0.759375 0.949219 0.742708 0.950000 0.741667 0.948438 0.726042 0.947656 0.725000 0.947656 0.720833 0.947656 0.719792 0.950000 0.717708
0 0.867188 0.694792 0.878125 0.694792 0.878906 0.694792 0.894531 0.702083 0.895312 0.702083 0.916406 0.720833 0.917188 0.720833 0.919531 0.725000 0.919531 0.726042 0.917969 0.728125 0.917188 0.729167 0.910937 0.732292 0.910156 0.732292 0.906250 0.738542 0.905469 0.739583 0.885938 0.750000 0.885156 0.751042 0.878125 0.752083 0.877344 0.752083 0.871094 0.747917 0.870313 0.746875 0.861719 0.745833 0.860938 0.745833 0.859375 0.744792 0.858594 0.743750 0.853906 0.731250 0.853125 0.730208 0.852344 0.720833 0.852344 0.719792 0.867188 0.694792
0 0.838281 0.766667 0.842969 0.767708 0.843750 0.767708 0.852344 0.775000 0.853125 0.776042 0.855469 0.781250 0.856250 0.782292 0.856250 0.787500 0.856250 0.788542 0.857812 0.793750 0.858594 0.794792 0.857031 0.806250 0.856250 0.807292 0.856250 0.815625 0.856250 0.816667 0.853906 0.823958 0.853906 0.825000 0.842969 0.832292 0.842187 0.833333 0.840625 0.832292 0.839844 0.832292 0.837500 0.828125 0.836719 0.827083 0.837500 0.820833 0.838281 0.819792 0.838281 0.808333 0.838281 0.807292 0.835938 0.795833 0.835156 0.794792 0.835156 0.784375 0.835156 0.783333 0.835938 0.769792 0.835938 0.768750 0.838281 0.766667
0 0.866406 0.806250 0.871094 0.807292 0.871875 0.807292 0.873437 0.809375 0.874219 0.810417 0.875000 0.814583 0.875000 0.815625 0.869531 0.828125 0.868750 0.829167 0.867969 0.836458 0.867188 0.837500 0.867188 0.848958 0.867188 0.850000 0.863281 0.856250 0.862500 0.857292 0.856250 0.857292 0.855469 0.857292 0.852344 0.854167 0.851562 0.853125 0.853125 0.830208 0.853125 0.829167 0.857812 0.812500 0.857812 0.811458 0.866406 0.806250
0 0.861719 0.763542 0.863281 0.763542 0.864062 0.763542 0.866406 0.766667 0.867188 0.767708 0.868750 0.771875 0.868750 0.772917 0.875781 0.785417 0.876563 0.786458 0.889844 0.814583 0.890625 0.815625 0.895312 0.839583 0.895312 0.840625 0.892969 0.843750 0.892188 0.844792 0.890625 0.844792 0.889844 0.845833 0.867188 0.850000 0.866406 0.850000 0.863281 0.855208 0.862500 0.856250 0.860938 0.856250 0.860156 0.857292 0.856250 0.856250 0.855469 0.856250 0.853125 0.853125 0.852344 0.852083 0.817969 0.852083 0.817187 0.852083 0.806250 0.850000 0.805469 0.850000 0.803906 0.845833 0.803906 0.844792 0.817187 0.816667 0.817187 0.815625 0.825781 0.802083 0.825781 0.801042 0.834375 0.791667 0.835156 0.790625 0.835938 0.779167 0.836719 0.778125 0.835938 0.769792 0.835938 0.768750 0.836719 0.767708 0.837500 0.766667 0.842187 0.766667 0.842969 0.766667 0.846094 0.769792 0.846875 0.770833 0.851562 0.772917 0.852344 0.772917 0.861719 0.763542
0 0.823438 0.532292 0.828125 0.532292 0.828906 0.532292 0.830469 0.534375 0.831250 0.535417 0.830469 0.548958 0.830469 0.550000 0.835938 0.561458 0.836719 0.562500 0.836719 0.569792 0.836719 0.570833 0.833594 0.573958 0.832812 0.575000 0.828125 0.577083 0.827344 0.578125 0.824219 0.578125 0.823438 0.578125 0.820312 0.573958 0.819531 0.572917 0.814063 0.551042 0.813281 0.550000 0.813281 0.546875 0.813281 0.545833 0.817969 0.541667 0.818750 0.541667 0.823438 0.532292
0 0.810937 0.527083 0.825000 0.529167 0.825781 0.529167 0.830469 0.533333 0.831250 0.534375 0.832031 0.538542 0.832031 0.539583 0.831250 0.541667 0.830469 0.542708 0.830469 0.548958 0.830469 0.550000 0.835938 0.561458 0.836719 0.562500 0.836719 0.569792 0.836719 0.570833 0.833594 0.573958 0.832812 0.575000 0.828125 0.577083 0.827344 0.578125 0.824219 0.578125 0.823438 0.578125 0.821094 0.576042 0.820312 0.575000 0.817969 0.564583 0.817969 0.563542 0.811719 0.546875 0.810937 0.545833 0.810156 0.535417 0.809375 0.534375 0.809375 0.529167 0.809375 0.528125 0.810937 0.527083
0 0.673438 0.553125 0.678125 0.557292 0.678906 0.558333 0.685156 0.572917 0.685937 0.573958 0.685156 0.577083 0.684375 0.578125 0.678125 0.578125 0.677344 0.578125 0.664062 0.567708 0.663281 0.566667 0.663281 0.561458 0.663281 0.560417 0.673438 0.553125
0 0.595313 0.783333 0.599219 0.784375 0.600000 0.784375 0.602344 0.788542 0.603125 0.789583 0.603125 0.795833 0.603125 0.796875 0.601562 0.804167 0.600781 0.805208 0.599219 0.819792 0.599219 0.820833 0.589063 0.833333 0.588281 0.834375 0.583594 0.837500 0.582812 0.838542 0.568750 0.839583 0.567969 0.839583 0.552344 0.826042 0.551562 0.825000 0.543750 0.823958 0.542969 0.822917 0.538281 0.822917 0.537500 0.822917 0.532813 0.825000 0.532031 0.825000 0.530469 0.821875 0.529687 0.820833 0.532813 0.813542 0.533594 0.812500 0.539844 0.807292 0.540625 0.806250 0.553906 0.798958 0.554688 0.797917 0.562500 0.794792 0.563281 0.793750 0.583594 0.788542 0.584375 0.788542 0.595313 0.783333
0 0.106250 0.446875 0.108594 0.447917 0.109375 0.447917 0.112500 0.454167 0.113281 0.455208 0.109375 0.495833 0.109375 0.496875 0.103125 0.515625 0.102344 0.516667 0.099219 0.535417 0.098437 0.536458 0.094531 0.581250 0.093750 0.582292 0.093750 0.601042 0.093750 0.602083 0.091406 0.605208 0.090625 0.606250 0.085156 0.607292 0.084375 0.608333 0.081250 0.604167 0.080469 0.603125 0.078125 0.595833 0.078125 0.594792 0.075781 0.591667 0.075781 0.590625 0.072656 0.586458 0.071875 0.585417 0.068750 0.584375 0.067969 0.583333 0.063281 0.554167 0.063281 0.553125 0.070312 0.525000 0.071094 0.523958 0.071094 0.519792 0.071094 0.518750 0.076563 0.508333 0.077344 0.507292 0.078125 0.496875 0.078125 0.495833 0.080469 0.490625 0.080469 0.489583 0.096094 0.459375 0.096094 0.458333 0.102344 0.450000 0.103125 0.448958 0.106250 0.446875
0 0.000000 0.475000 0.000781 0.475000 0.001563 0.476042 0.006250 0.486458 0.006250 0.487500 0.012500 0.495833 0.013281 0.496875 0.019531 0.498958 0.020313 0.498958 0.027344 0.508333 0.028125 0.509375 0.030469 0.510417 0.031250 0.511458 0.034375 0.510417 0.035156 0.509375 0.043750 0.509375 0.044531 0.509375 0.053125 0.520833 0.053906 0.521875 0.058594 0.550000 0.059375 0.551042 0.059375 0.573958 0.059375 0.575000 0.057813 0.583333 0.057813 0.584375 0.056250 0.586458 0.055469 0.587500 0.049219 0.587500 0.048438 0.587500 0.045312 0.585417 0.044531 0.584375 0.041406 0.585417 0.040625 0.585417 0.034375 0.581250 0.033594 0.580208 0.024219 0.579167 0.023438 0.579167 0.006250 0.553125 0.006250 0.552083 0.000781 0.545833 0.000000 0.545833 0.000000 0.475000
0 0.134375 0.571875 0.136719 0.572917 0.137500 0.572917 0.138281 0.575000 0.138281 0.576042 0.135156 0.581250 0.134375 0.582292 0.134375 0.584375 0.133594 0.585417 0.132812 0.603125 0.132812 0.604167 0.126562 0.636458 0.126562 0.637500 0.121094 0.650000 0.121094 0.651042 0.113281 0.662500 0.112500 0.663542 0.111719 0.666667 0.111719 0.667708 0.107813 0.668750 0.107031 0.668750 0.104688 0.666667 0.103906 0.666667 0.103125 0.663542 0.102344 0.662500 0.100781 0.655208 0.100000 0.654167 0.098437 0.638542 0.098437 0.637500 0.105469 0.623958 0.106250 0.622917 0.112500 0.605208 0.112500 0.604167 0.121094 0.587500 0.121875 0.586458 0.122656 0.582292 0.122656 0.581250 0.124219 0.579167 0.125000 0.578125 0.128125 0.577083 0.128906 0.577083 0.134375 0.571875
0 0.153125 0.535417 0.162500 0.538542 0.163281 0.538542 0.164062 0.540625 0.164844 0.541667 0.164844 0.545833 0.164844 0.546875 0.164062 0.559375 0.163281 0.560417 0.163281 0.577083 0.163281 0.578125 0.158594 0.607292 0.158594 0.608333 0.153906 0.623958 0.153906 0.625000 0.151562 0.625000 0.150781 0.625000 0.137500 0.613542 0.136719 0.612500 0.135156 0.608333 0.134375 0.607292 0.134375 0.588542 0.134375 0.587500 0.135156 0.583333 0.135156 0.582292 0.144531 0.565625 0.145313 0.564583 0.146094 0.545833 0.146094 0.544792 0.153125 0.535417
0 0.068750 0.583333 0.071094 0.585417 0.071875 0.585417 0.077344 0.593750 0.078125 0.594792 0.081250 0.607292 0.082031 0.608333 0.085156 0.631250 0.085156 0.632292 0.083594 0.641667 0.083594 0.642708 0.081250 0.644792 0.080469 0.645833 0.078906 0.645833 0.078125 0.645833 0.076563 0.643750 0.075781 0.642708 0.066406 0.625000 0.065625 0.623958 0.067187 0.590625 0.067187 0.589583 0.068750 0.583333
0 0.122656 0.553125 0.125000 0.553125 0.125000 0.554167 0.123438 0.557292 0.122656 0.558333 0.121875 0.565625 0.121875 0.566667 0.124219 0.568750 0.125000 0.569792 0.128906 0.569792 0.129688 0.569792 0.130469 0.570833 0.131250 0.570833 0.130469 0.571875 0.130469 0.572917 0.117969 0.579167 0.117188 0.579167 0.114062 0.583333 0.113281 0.584375 0.108594 0.587500 0.107813 0.587500 0.096094 0.604167 0.095312 0.605208 0.092969 0.605208 0.092188 0.605208 0.092969 0.601042 0.093750 0.600000 0.095312 0.581250 0.095312 0.580208 0.098437 0.579167 0.099219 0.578125 0.100781 0.573958 0.100781 0.572917 0.107031 0.562500 0.107813 0.561458 0.113281 0.557292 0.114062 0.556250 0.122656 0.553125
0 0.140625 0.516667 0.146094 0.517708 0.146875 0.518750 0.153906 0.518750 0.154688 0.518750 0.155469 0.519792 0.156250 0.519792 0.156250 0.522917 0.156250 0.523958 0.153125 0.531250 0.153125 0.532292 0.150781 0.534375 0.150000 0.534375 0.146875 0.539583 0.146875 0.540625 0.139844 0.547917 0.139063 0.548958 0.133594 0.552083 0.132812 0.552083 0.132812 0.547917 0.132812 0.546875 0.136719 0.535417 0.137500 0.534375 0.135937 0.525000 0.135937 0.523958 0.140625 0.516667
0 0.098437 0.715625 0.102344 0.715625 0.103125 0.715625 0.108594 0.725000 0.109375 0.726042 0.109375 0.729167 0.109375 0.730208 0.103906 0.731250 0.103125 0.731250 0.097656 0.736458 0.096875 0.737500 0.072656 0.738542 0.071875 0.738542 0.064062 0.734375 0.063281 0.733333 0.063281 0.731250 0.063281 0.730208 0.071094 0.726042 0.071875 0.726042 0.076563 0.721875 0.077344 0.720833 0.087500 0.717708 0.088281 0.716667 0.098437 0.715625
0 0.077344 0.737500 0.094531 0.737500 0.095312 0.737500 0.096094 0.739583 0.096875 0.740625 0.093750 0.745833 0.092969 0.746875 0.083594 0.753125 0.082812 0.754167 0.078125 0.755208 0.077344 0.755208 0.070312 0.751042 0.069531 0.750000 0.069531 0.744792 0.069531 0.743750 0.071094 0.741667 0.071094 0.740625 0.077344 0.737500
0 0.098437 0.715625 0.102344 0.716667 0.103125 0.716667 0.106250 0.719792 0.107031 0.720833 0.107813 0.725000 0.108594 0.726042 0.107813 0.729167 0.107813 0.730208 0.103125 0.732292 0.102344 0.732292 0.097656 0.738542 0.096875 0.739583 0.096094 0.742708 0.095312 0.743750 0.085938 0.752083 0.085156 0.753125 0.080469 0.755208 0.079687 0.755208 0.069531 0.752083 0.068750 0.752083 0.060937 0.741667 0.060156 0.740625 0.060156 0.737500 0.060156 0.736458 0.065625 0.729167 0.066406 0.728125 0.074219 0.723958 0.075000 0.723958 0.078125 0.720833 0.078906 0.719792 0.098437 0.715625
0 0.139063 0.654167 0.149219 0.655208 0.150000 0.655208 0.160156 0.664583 0.160938 0.664583 0.164844 0.671875 0.165625 0.672917 0.165625 0.675000 0.165625 0.676042 0.160938 0.679167 0.160156 0.680208 0.154688 0.679167 0.153906 0.679167 0.142187 0.663542 0.141406 0.662500 0.139063 0.661458 0.138281 0.660417 0.139063 0.654167
0 0.137500 0.663542 0.139844 0.663542 0.140625 0.663542 0.143750 0.667708 0.144531 0.668750 0.144531 0.688542 0.144531 0.689583 0.142969 0.695833 0.142187 0.696875 0.139844 0.695833 0.139063 0.694792 0.139063 0.675000 0.139063 0.673958 0.136719 0.668750 0.135937 0.667708 0.137500 0.663542
0 0.321875 0.681250 0.324219 0.683333 0.325000 0.684375 0.326562 0.700000 0.326562 0.701042 0.323437 0.709375 0.323437 0.710417 0.317969 0.720833 0.317969 0.721875 0.310937 0.733333 0.310156 0.734375 0.306250 0.736458 0.305469 0.737500 0.282031 0.736458 0.281250 0.736458 0.270313 0.731250 0.269531 0.730208 0.269531 0.727083 0.269531 0.726042 0.267188 0.721875 0.266406 0.720833 0.266406 0.716667 0.266406 0.715625 0.274219 0.706250 0.275000 0.705208 0.277344 0.704167 0.278125 0.703125 0.278125 0.702083 0.278125 0.701042 0.282813 0.695833 0.283594 0.694792 0.286719 0.686458 0.287500 0.685417 0.289062 0.684375 0.289844 0.683333 0.292969 0.683333 0.293750 0.683333 0.304688 0.689583 0.305469 0.690625 0.310937 0.691667 0.311719 0.691667 0.316406 0.688542 0.317188 0.688542 0.321875 0.681250
0 0.204687 0.477083 0.208594 0.477083 0.209375 0.477083 0.212500 0.481250 0.213281 0.482292 0.215625 0.488542 0.216406 0.489583 0.219531 0.504167 0.219531 0.505208 0.217969 0.508333 0.217969 0.509375 0.214844 0.512500 0.214062 0.513542 0.202344 0.507292 0.201563 0.507292 0.199219 0.496875 0.198437 0.495833 0.197656 0.488542 0.197656 0.487500 0.204687 0.477083
0 0.148438 0.468750 0.151562 0.470833 0.152344 0.471875 0.160156 0.485417 0.160938 0.486458 0.167969 0.501042 0.168750 0.502083 0.168750 0.505208 0.168750 0.506250 0.158594 0.506250 0.157812 0.506250 0.150781 0.497917 0.150000 0.496875 0.147656 0.495833 0.146875 0.494792 0.146094 0.480208 0.146094 0.479167 0.144531 0.476042 0.143750 0.475000 0.144531 0.472917 0.144531 0.471875 0.148438 0.468750
0 0.167187 0.514583 0.171094 0.514583 0.171875 0.514583 0.173437 0.518750 0.173437 0.519792 0.169531 0.525000 0.168750 0.526042 0.165625 0.533333 0.165625 0.534375 0.155469 0.531250 0.154688 0.531250 0.153906 0.529167 0.153906 0.528125 0.156250 0.519792 0.156250 0.518750 0.167187 0.514583
0 0.203906 0.643750 0.207031 0.643750 0.207813 0.643750 0.209375 0.645833 0.210156 0.646875 0.211719 0.653125 0.212500 0.654167 0.225000 0.660417 0.225781 0.661458 0.227344 0.667708 0.227344 0.668750 0.234375 0.678125 0.235156 0.679167 0.236719 0.684375 0.237500 0.685417 0.239844 0.698958 0.240625 0.700000 0.240625 0.704167 0.240625 0.705208 0.239063 0.707292 0.238281 0.708333 0.235156 0.710417 0.234375 0.711458 0.231250 0.711458 0.230469 0.712500 0.211719 0.712500 0.210938 0.712500 0.203125 0.714583 0.202344 0.715625 0.200781 0.715625 0.200000 0.715625 0.196875 0.712500 0.196094 0.711458 0.189062 0.693750 0.188281 0.692708 0.183594 0.664583 0.183594 0.663542 0.193750 0.656250 0.194531 0.656250 0.203906 0.643750
0 0.142187 0.472917 0.144531 0.475000 0.145313 0.476042 0.145313 0.479167 0.146094 0.480208 0.144531 0.489583 0.144531 0.490625 0.139844 0.495833 0.139063 0.496875 0.132031 0.495833 0.131250 0.495833 0.126562 0.487500 0.126562 0.486458 0.128906 0.483333 0.129688 0.482292 0.135937 0.478125 0.136719 0.478125 0.139063 0.475000 0.139063 0.473958 0.142187 0.472917
0 0.118750 0.486458 0.123438 0.486458 0.124219 0.486458 0.134375 0.495833 0.134375 0.496875 0.122656 0.497917 0.121875 0.497917 0.117188 0.495833 0.116406 0.495833 0.115625 0.492708 0.115625 0.491667 0.118750 0.486458
0 0.025000 0.295833 0.028125 0.295833 0.028906 0.295833 0.034375 0.309375 0.034375 0.310417 0.031250 0.318750 0.031250 0.319792 0.028906 0.322917 0.028125 0.323958 0.022656 0.325000 0.021875 0.325000 0.018750 0.320833 0.017969 0.319792 0.016406 0.311458 0.016406 0.310417 0.019531 0.303125 0.019531 0.302083 0.025000 0.295833
0 0.006250 0.286458 0.007812 0.286458 0.008594 0.286458 0.011719 0.290625 0.012500 0.291667 0.015625 0.303125 0.016406 0.304167 0.017188 0.319792 0.017188 0.320833 0.015625 0.321875 0.014844 0.322917 0.010937 0.318750 0.010156 0.317708 0.003125 0.301042 0.002344 0.300000 0.002344 0.296875 0.002344 0.295833 0.006250 0.286458
0 0.018750 0.357292 0.020313 0.357292 0.020702 0.357811 0.021094 0.358333 0.022656 0.364583 0.023438 0.365625 0.023438 0.384375 0.022656 0.385417 0.019531 0.384375 0.018750 0.384375 0.014063 0.376042 0.013281 0.375000 0.013281 0.370833 0.013281 0.369792 0.015625 0.362500 0.015625 0.361458 0.018750 0.357292
0 0.031250 0.358333 0.040625 0.358333 0.041406 0.358333 0.044531 0.360417 0.045312 0.360417 0.050000 0.366667 0.050781 0.367708 0.050781 0.376042 0.050781 0.377083 0.044531 0.394792 0.044531 0.395833 0.042188 0.397917 0.041406 0.398958 0.036719 0.397917 0.035937 0.397917 0.029687 0.401042 0.028906 0.401042 0.028906 0.400000 0.028125 0.398958 0.026562 0.398958 0.025781 0.398958 0.023438 0.395833 0.022656 0.394792 0.023438 0.383333 0.024219 0.382292 0.023438 0.367708 0.023438 0.366667 0.026562 0.361458 0.027344 0.360417 0.031250 0.358333
0 0.098437 0.419792 0.106250 0.419792 0.107031 0.419792 0.110156 0.423958 0.110156 0.425000 0.109375 0.427083 0.108594 0.428125 0.103906 0.431250 0.103125 0.432292 0.095312 0.432292 0.094531 0.432292 0.092969 0.430208 0.092188 0.429167 0.092188 0.426042 0.091406 0.425000 0.092188 0.422917 0.092969 0.421875 0.098437 0.419792
0 0.092188 0.394792 0.097656 0.395833 0.098437 0.396875 0.099219 0.417708 0.099219 0.418750 0.096875 0.419792 0.096094 0.420833 0.092969 0.420833 0.092188 0.420833 0.092188 0.418750 0.091406 0.417708 0.090625 0.405208 0.090625 0.404167 0.089063 0.398958 0.089063 0.397917 0.092188 0.394792
0 0.090625 0.377083 0.098437 0.378125 0.099219 0.378125 0.102344 0.383333 0.102344 0.384375 0.089063 0.395833 0.088281 0.395833 0.083594 0.391667 0.082812 0.391667 0.082812 0.389583 0.082031 0.388542 0.087500 0.380208 0.087500 0.379167 0.090625 0.377083
0 0.114062 0.169792 0.125000 0.175000 0.125781 0.175000 0.126562 0.179167 0.127344 0.180208 0.127344 0.187500 0.127344 0.188542 0.125000 0.193750 0.125000 0.194792 0.122656 0.198958 0.121875 0.200000 0.118750 0.202083 0.117969 0.203125 0.115625 0.203125 0.114844 0.203125 0.112500 0.200000 0.111719 0.198958 0.109375 0.191667 0.108594 0.190625 0.108594 0.182292 0.108594 0.181250 0.111719 0.172917 0.111719 0.171875 0.114062 0.169792
0 0.309375 0.000000 0.314063 0.000000 0.314844 0.000000 0.315625 0.020833 0.315625 0.021875 0.318750 0.030208 0.319531 0.031250 0.318750 0.046875 0.318750 0.047917 0.316406 0.054167 0.316406 0.055208 0.303125 0.073958 0.302344 0.075000 0.300000 0.077083 0.299219 0.078125 0.295312 0.078125 0.294531 0.078125 0.293750 0.077083 0.292969 0.076042 0.292969 0.072917 0.292187 0.071875 0.292969 0.060417 0.292969 0.059375 0.297656 0.048958 0.298438 0.047917 0.300781 0.034375 0.301563 0.033333 0.302344 0.011458 0.302344 0.010417 0.303906 0.007292 0.304688 0.006250 0.308594 0.003125 0.309375 0.002083 0.309375 0.000000
0 0.233594 0.000000 0.256250 0.000000 0.257031 0.000000 0.262500 0.007292 0.263281 0.008333 0.263281 0.012500 0.263281 0.013542 0.259375 0.023958 0.259375 0.025000 0.257031 0.025000 0.256250 0.025000 0.250781 0.019792 0.250000 0.018750 0.239844 0.012500 0.239063 0.012500 0.236719 0.009375 0.235937 0.008333 0.233594 0.000000
0 0.255469 0.000000 0.278906 0.001042 0.278906 0.002083 0.273438 0.010417 0.272656 0.011458 0.266406 0.013542 0.265625 0.013542 0.255469 0.000000
0 0.525781 0.365625 0.531250 0.366667 0.532031 0.367708 0.533594 0.378125 0.534375 0.379167 0.532031 0.408333 0.532031 0.409375 0.530469 0.411458 0.529687 0.412500 0.525781 0.411458 0.525000 0.410417 0.525781 0.401042 0.525781 0.400000 0.524219 0.370833 0.524219 0.369792 0.525781 0.365625
0 0.505469 0.320833 0.508594 0.321875 0.509375 0.322917 0.510156 0.329167 0.510156 0.330208 0.500781 0.338542 0.500000 0.339583 0.492969 0.339583 0.492188 0.339583 0.491406 0.337500 0.490625 0.336458 0.491406 0.333333 0.491406 0.332292 0.497656 0.326042 0.498437 0.325000 0.505469 0.320833
0 0.431250 0.020833 0.433594 0.021875 0.434375 0.021875 0.435156 0.030208 0.435156 0.031250 0.434375 0.034375 0.434375 0.035417 0.430469 0.042708 0.430469 0.043750 0.422656 0.053125 0.421875 0.054167 0.416406 0.064583 0.415625 0.065625 0.412500 0.065625 0.411719 0.065625 0.405469 0.060417 0.404687 0.060417 0.403906 0.059375 0.403125 0.058333 0.403125 0.054167 0.403125 0.053125 0.431250 0.020833
0 0.700781 0.082292 0.707812 0.084375 0.708594 0.085417 0.708594 0.094792 0.708594 0.095833 0.705469 0.103125 0.704688 0.104167 0.696875 0.106250 0.696094 0.106250 0.693750 0.105208 0.692969 0.104167 0.691406 0.095833 0.691406 0.094792 0.692187 0.092708 0.692187 0.091667 0.697656 0.084375 0.698438 0.083333 0.700781 0.082292
0 0.446875 0.590625 0.452344 0.591667 0.453125 0.591667 0.457031 0.594792 0.457813 0.594792 0.468750 0.609375 0.469531 0.610417 0.475781 0.619792 0.476562 0.620833 0.482031 0.635417 0.482812 0.636458 0.482812 0.640625 0.482812 0.641667 0.479687 0.641667 0.478906 0.641667 0.471875 0.635417 0.471094 0.634375 0.467969 0.633333 0.467187 0.632292 0.461719 0.634375 0.460938 0.634375 0.446094 0.643750 0.445312 0.644792 0.440625 0.644792 0.439844 0.644792 0.437500 0.641667 0.436719 0.640625 0.433594 0.626042 0.433594 0.625000 0.435156 0.620833 0.435937 0.619792 0.438281 0.598958 0.438281 0.597917 0.439844 0.594792 0.440625 0.593750 0.446875 0.590625
0 0.628906 0.570833 0.632031 0.570833 0.632812 0.570833 0.642969 0.575000 0.643750 0.575000 0.642188 0.582292 0.642188 0.583333 0.635938 0.587500 0.635156 0.587500 0.633594 0.592708 0.633594 0.593750 0.632031 0.594792 0.631250 0.595833 0.620313 0.595833 0.619531 0.595833 0.617188 0.590625 0.616406 0.589583 0.616406 0.584375 0.616406 0.583333 0.622656 0.579167 0.623437 0.579167 0.628906 0.570833
0 0.658594 0.413542 0.660937 0.413542 0.661719 0.413542 0.677344 0.430208 0.678125 0.430208 0.678125 0.435417 0.678125 0.436458 0.675781 0.440625 0.675000 0.441667 0.670312 0.455208 0.669531 0.456250 0.654687 0.454167 0.653906 0.454167 0.643750 0.444792 0.642969 0.443750 0.642969 0.440625 0.642969 0.439583 0.653125 0.426042 0.653906 0.425000 0.658594 0.413542
0 0.682813 0.429167 0.684375 0.429167 0.685156 0.429167 0.688281 0.435417 0.689063 0.436458 0.690625 0.451042 0.690625 0.452083 0.689844 0.453125 0.689063 0.454167 0.682031 0.456250 0.681250 0.457292 0.672656 0.458333 0.671875 0.458333 0.671094 0.455208 0.671094 0.454167 0.674219 0.445833 0.674219 0.444792 0.680469 0.432292 0.680469 0.431250 0.682813 0.429167
0 0.813281 0.385417 0.814844 0.385417 0.815625 0.385417 0.816406 0.387500 0.817187 0.388542 0.828125 0.432292 0.828906 0.433333 0.828906 0.437500 0.828125 0.438542 0.826562 0.438542 0.825781 0.438542 0.816406 0.432292 0.815625 0.431250 0.806250 0.433333 0.805469 0.434375 0.800781 0.432292 0.800000 0.431250 0.800781 0.425000 0.800781 0.423958 0.806250 0.410417 0.807031 0.409375 0.813281 0.385417
0 0.500724 0.500061 0.502282 0.499683 0.502707 0.499305 0.503558 0.498927 0.503558 0.489669 0.503274 0.488724 0.503274 0.488157 0.502991 0.487779 0.502849 0.487024 0.502141 0.484945 0.501857 0.484567 0.501715 0.480411 0.501432 0.480033 0.501290 0.479466 0.501290 0.475876 0.500724 0.475687 0.500582 0.475120 0.499165 0.475120 0.498315 0.475687 0.498315 0.476821 0.497323 0.477954 0.497181 0.479088 0.496756 0.479466 0.496472 0.480033 0.496472 0.480599 0.496047 0.481733 0.495480 0.482678 0.495480 0.483812 0.494914 0.486646 0.494914 0.493448 0.495339 0.494581 0.495480 0.495337 0.495905 0.495715 0.496047 0.496282 0.496614 0.497227 0.498315 0.497982 0.499448 0.499683
0 0.497656 0.476042 0.498437 0.476042 0.499219 0.476042 0.501563 0.481250 0.502344 0.482292 0.505469 0.483333 0.506250 0.483333 0.512500 0.492708 0.513281 0.493750 0.515625 0.507292 0.516406 0.508333 0.516406 0.511458 0.516406 0.512500 0.514062 0.516667 0.513281 0.517708 0.509375 0.517708 0.508594 0.517708 0.506250 0.515625 0.505469 0.515625 0.495312 0.502083 0.494531 0.501042 0.492969 0.491667 0.492969 0.490625 0.488281 0.482292 0.488281 0.481250 0.492969 0.481250 0.493750 0.481250 0.497656 0.476042
0 0.485156 0.466667 0.494531 0.468750 0.495312 0.468750 0.510156 0.476042 0.510938 0.476042 0.512500 0.478125 0.513281 0.478125 0.521094 0.488542 0.521875 0.489583 0.532813 0.510417 0.533594 0.511458 0.533594 0.520833 0.533594 0.521875 0.529687 0.527083 0.528906 0.528125 0.527344 0.528125 0.526563 0.529167 0.521094 0.527083 0.520312 0.527083 0.515625 0.520833 0.514844 0.519792 0.509375 0.518750 0.508594 0.518750 0.502344 0.513542 0.501563 0.513542 0.496875 0.508333 0.496094 0.508333 0.490625 0.500000 0.489844 0.498958 0.486719 0.498958 0.485938 0.498958 0.478906 0.493750 0.478125 0.493750 0.475781 0.487500 0.475000 0.486458 0.475000 0.477083 0.475000 0.476042 0.478125 0.470833 0.478906 0.469792 0.485156 0.466667
0 0.546875 0.500000 0.547656 0.500000 0.548438 0.500000 0.557813 0.511458 0.558594 0.512500 0.559375 0.518750 0.559375 0.519792 0.557813 0.523958 0.557031 0.525000 0.556250 0.525000 0.555469 0.525000 0.552344 0.517708 0.552344 0.516667 0.546875 0.511458 0.546094 0.510417 0.545312 0.507292 0.545312 0.506250 0.546875 0.500000
0 0.572656 0.418750 0.577344 0.422917 0.578125 0.423958 0.589844 0.426042 0.590625 0.426042 0.590625 0.431250 0.590625 0.432292 0.589063 0.433333 0.588281 0.434375 0.575781 0.434375 0.575000 0.434375 0.571875 0.432292 0.571094 0.431250 0.566406 0.430208 0.565625 0.430208 0.565625 0.427083 0.565625 0.426042 0.569531 0.423958 0.570312 0.423958 0.572656 0.418750
0 0.614062 0.584375 0.614844 0.584375 0.615625 0.584375 0.619531 0.594792 0.619531 0.595833 0.612500 0.601042 0.611719 0.602083 0.608594 0.601042 0.607812 0.601042 0.606250 0.597917 0.605469 0.596875 0.606250 0.590625 0.606250 0.589583 0.614062 0.584375
0 0.603125 0.621875 0.607031 0.622917 0.607812 0.622917 0.611719 0.627083 0.612500 0.628125 0.612500 0.630208 0.613281 0.631250 0.604688 0.633333 0.603906 0.633333 0.602344 0.629167 0.601562 0.628125 0.601562 0.625000 0.601562 0.623958 0.603125 0.621875
0 0.578906 0.640625 0.589844 0.640625 0.590625 0.640625 0.596875 0.644792 0.597656 0.644792 0.598437 0.645833 0.599219 0.646875 0.599219 0.651042 0.599219 0.652083 0.596875 0.655208 0.596094 0.656250 0.591406 0.657292 0.590625 0.657292 0.575781 0.651042 0.575000 0.651042 0.571875 0.648958 0.571094 0.647917 0.574219 0.643750 0.575000 0.642708 0.578906 0.640625
0 0.568750 0.648958 0.575781 0.648958 0.576562 0.648958 0.588281 0.655208 0.589063 0.655208 0.589844 0.657292 0.590625 0.658333 0.589844 0.665625 0.589844 0.666667 0.588281 0.667708 0.587500 0.667708 0.585156 0.664583 0.584375 0.663542 0.575000 0.660417 0.574219 0.659375 0.568750 0.660417 0.567969 0.661458 0.565625 0.653125 0.565625 0.652083 0.568750 0.648958
0 0.571094 0.658333 0.582031 0.661458 0.582812 0.661458 0.587500 0.666667 0.588281 0.666667 0.592187 0.673958 0.592969 0.675000 0.591406 0.683333 0.591406 0.684375 0.578906 0.707292 0.578906 0.708333 0.576562 0.709375 0.575781 0.710417 0.565625 0.711458 0.564844 0.712500 0.553906 0.711458 0.553125 0.711458 0.532813 0.719792 0.532031 0.719792 0.525000 0.725000 0.524219 0.726042 0.514062 0.730208 0.513281 0.731250 0.500000 0.731250 0.499219 0.731250 0.499094 0.728098 0.498437 0.711458 0.498437 0.710417 0.491406 0.701042 0.490625 0.700000 0.490625 0.694792 0.490625 0.693750 0.492969 0.690625 0.493750 0.689583 0.501563 0.683333 0.502344 0.682292 0.511719 0.680208 0.512500 0.680208 0.515625 0.678125 0.516406 0.677083 0.517969 0.678125 0.518750 0.678125 0.522656 0.685417 0.523438 0.686458 0.526563 0.687500 0.527344 0.688542 0.532813 0.687500 0.533594 0.687500 0.536719 0.685417 0.537500 0.684375 0.546875 0.681250 0.547656 0.680208 0.555469 0.680208 0.556250 0.680208 0.563281 0.675000 0.564063 0.673958 0.567187 0.664583 0.567187 0.663542 0.571094 0.658333
0 0.502431 0.720199 0.504875 0.713031 0.504875 0.711727 0.505363 0.710424 0.505608 0.701953 0.507563 0.699346 0.508540 0.699020 0.509762 0.697391 0.510984 0.696739 0.514894 0.696739 0.522225 0.703256 0.523447 0.705862 0.525157 0.707817 0.525402 0.709121 0.528823 0.713682 0.529067 0.721502 0.527845 0.722479 0.522714 0.724109 0.522225 0.725086 0.521247 0.725086 0.520025 0.726389 0.517826 0.726715 0.513916 0.730625 0.508540 0.731928 0.499743 0.731928 0.499010 0.729973 0.499010 0.725086 0.500232 0.722479 0.500720 0.722154
0 0.597002 0.674583 0.599201 0.674583 0.600178 0.673280 0.600667 0.670022 0.603111 0.666763 0.603600 0.666763 0.604333 0.664157 0.605310 0.662854 0.605554 0.661550 0.607021 0.659921 0.607265 0.658944 0.607754 0.658944 0.608487 0.657640 0.608976 0.657640 0.609220 0.656337 0.612152 0.654382 0.614596 0.651776 0.614596 0.651124 0.615085 0.650798 0.615085 0.648191 0.615574 0.645585 0.615329 0.644933 0.614352 0.644607 0.611419 0.644607 0.610442 0.646562 0.610442 0.648517 0.608487 0.648517 0.607021 0.650472 0.604333 0.651450 0.603600 0.652427 0.602622 0.652427 0.600178 0.654056 0.598712 0.659921 0.597246 0.663831 0.596513 0.664808 0.596024 0.667741 0.595535 0.668067 0.594802 0.674257
0 0.600911 0.650146 0.603111 0.647214 0.604088 0.647214 0.605310 0.645585 0.607021 0.645259 0.609464 0.643956 0.610198 0.642001 0.611175 0.641675 0.613130 0.639394 0.614107 0.639394 0.615574 0.638091 0.614352 0.636788 0.614107 0.635484 0.613619 0.635484 0.613130 0.634181 0.611664 0.632552 0.606288 0.632878 0.606288 0.633529 0.603355 0.637439 0.602866 0.639394 0.602378 0.639394 0.600911 0.642001 0.600423 0.642001 0.600423 0.642652 0.598468 0.644281 0.598468 0.647540 0.598957 0.648191 0.599690 0.652427 0.600423 0.652753
0 0.615085 0.617238 0.618506 0.619845 0.619239 0.621148 0.619728 0.621148 0.620217 0.622451 0.623393 0.624406 0.624860 0.624732 0.626326 0.622451 0.626815 0.621148 0.626815 0.618867 0.628036 0.615283 0.628770 0.614631 0.628770 0.610396 0.628036 0.610070 0.625593 0.610070 0.623149 0.611699 0.621683 0.612025 0.618750 0.612025 0.617284 0.613328 0.615085 0.614306
0 0.691406 0.529167 0.693750 0.529167 0.694531 0.529167 0.696094 0.531250 0.696875 0.532292 0.696875 0.547917 0.696875 0.548958 0.694531 0.555208 0.693750 0.556250 0.687500 0.561458 0.686719 0.561458 0.682813 0.566667 0.682031 0.566667 0.681250 0.560417 0.680469 0.559375 0.681250 0.550000 0.681250 0.548958 0.679688 0.543750 0.679688 0.542708 0.680469 0.540625 0.680469 0.539583 0.682031 0.538542 0.682813 0.538542 0.686719 0.532292 0.687500 0.531250 0.691406 0.529167
0 0.728906 0.600000 0.732812 0.601042 0.733594 0.601042 0.739062 0.608333 0.739844 0.609375 0.739844 0.617708 0.739062 0.618750 0.727344 0.619792 0.726562 0.619792 0.718750 0.622917 0.717969 0.623958 0.707031 0.623958 0.706250 0.623958 0.701562 0.621875 0.700781 0.620833 0.705469 0.610417 0.706250 0.609375 0.715625 0.606250 0.716406 0.606250 0.720313 0.603125 0.721094 0.602083 0.728906 0.600000
0 0.685937 0.491667 0.692187 0.494792 0.692969 0.495833 0.696875 0.495833 0.697656 0.496875 0.701562 0.506250 0.702344 0.507292 0.700000 0.512500 0.699219 0.513542 0.696094 0.514583 0.695312 0.514583 0.689844 0.511458 0.689063 0.510417 0.689063 0.502083 0.689063 0.501042 0.686719 0.496875 0.685937 0.495833 0.685937 0.491667
0 0.742969 0.602083 0.748437 0.602083 0.749219 0.602083 0.752344 0.606250 0.753125 0.607292 0.750000 0.629167 0.750000 0.630208 0.745313 0.637500 0.744531 0.638542 0.742188 0.637500 0.741406 0.637500 0.740625 0.634375 0.739844 0.633333 0.740625 0.618750 0.740625 0.617708 0.739062 0.606250 0.739062 0.605208 0.742969 0.602083
0 0.750781 0.629167 0.754687 0.630208 0.755469 0.630208 0.761719 0.636458 0.762500 0.637500 0.760156 0.641667 0.759375 0.642708 0.753125 0.647917 0.752344 0.648958 0.743750 0.653125 0.742969 0.654167 0.741406 0.653125 0.740625 0.653125 0.740625 0.640625 0.740625 0.639583 0.746094 0.635417 0.746875 0.635417 0.750781 0.629167
0 0.763281 0.685417 0.766406 0.685417 0.767188 0.685417 0.774219 0.698958 0.774219 0.700000 0.776563 0.703125 0.777344 0.704167 0.779687 0.704167 0.780469 0.705208 0.800781 0.704167 0.801562 0.704167 0.807813 0.700000 0.808594 0.698958 0.812500 0.698958 0.813281 0.698958 0.820312 0.722917 0.821094 0.723958 0.821094 0.746875 0.821094 0.747917 0.822656 0.750000 0.823438 0.750000 0.823438 0.752083 0.823438 0.753125 0.821875 0.754167 0.821094 0.754167 0.801562 0.750000 0.800781 0.750000 0.799219 0.726042 0.799219 0.725000 0.796094 0.722917 0.795312 0.721875 0.786719 0.725000 0.785937 0.726042 0.779687 0.725000 0.778906 0.725000 0.764062 0.706250 0.763281 0.705208 0.760156 0.691667 0.759375 0.690625 0.759375 0.689583 0.759375 0.688542 0.763281 0.685417
0 0.942969 0.525000 0.945312 0.526042 0.946094 0.526042 0.950000 0.532292 0.950781 0.533333 0.951562 0.537500 0.952344 0.538542 0.951562 0.545833 0.951562 0.546875 0.949219 0.548958 0.948438 0.550000 0.946094 0.550000 0.945312 0.551042 0.935156 0.552083 0.934375 0.552083 0.928125 0.559375 0.927344 0.560417 0.925000 0.558333 0.924219 0.558333 0.923438 0.553125 0.922656 0.552083 0.923438 0.547917 0.923438 0.546875 0.930469 0.537500 0.931250 0.536458 0.942969 0.525000
0 0.965625 0.477083 0.971875 0.478125 0.972656 0.479167 0.972656 0.489583 0.972656 0.490625 0.961719 0.503125 0.960938 0.504167 0.952344 0.508333 0.951562 0.509375 0.946094 0.508333 0.945312 0.508333 0.941406 0.501042 0.940625 0.500000 0.940625 0.493750 0.940625 0.492708 0.950781 0.487500 0.951562 0.487500 0.963889 0.478369 0.965625 0.477083
0 0.927344 0.519792 0.933594 0.522917 0.934375 0.523958 0.934375 0.530208 0.934375 0.531250 0.925000 0.542708 0.924219 0.543750 0.920312 0.542708 0.919531 0.542708 0.917969 0.540625 0.917188 0.539583 0.918750 0.531250 0.918750 0.530208 0.921875 0.523958 0.922656 0.522917 0.927344 0.519792
0 0.933594 0.504167 0.938281 0.506250 0.939063 0.507292 0.935156 0.516667 0.935156 0.517708 0.934375 0.518750 0.933594 0.518750 0.927344 0.516667 0.926562 0.516667 0.925000 0.511458 0.925000 0.510417 0.929688 0.506250 0.930469 0.505208 0.933594 0.504167
0 0.935156 0.552083 0.938281 0.554167 0.939063 0.554167 0.939063 0.558333 0.939063 0.559375 0.935937 0.565625 0.935937 0.566667 0.932031 0.572917 0.931250 0.573958 0.925781 0.578125 0.925000 0.579167 0.924219 0.583333 0.924219 0.584375 0.915625 0.591667 0.914844 0.591667 0.914844 0.590625 0.914844 0.589583 0.921875 0.583333 0.922656 0.582292 0.923438 0.576042 0.923438 0.575000 0.928125 0.561458 0.928125 0.560417 0.935156 0.552083
0 0.833594 0.744792 0.838281 0.745833 0.839063 0.746875 0.840625 0.757292 0.839844 0.758333 0.830469 0.758333 0.829688 0.757292 0.828906 0.753125 0.828906 0.752083 0.833594 0.744792
0 0.825781 0.735417 0.832812 0.736458 0.833594 0.736458 0.834375 0.741667 0.835156 0.742708 0.834375 0.745833 0.833594 0.746875 0.827344 0.752083 0.826562 0.753125 0.822656 0.751042 0.821875 0.750000 0.821875 0.741667 0.821875 0.740625 0.825781 0.735417
0 0.819531 0.705208 0.822656 0.705208 0.823438 0.705208 0.826562 0.708333 0.827344 0.709375 0.826562 0.716667 0.825781 0.717708 0.821875 0.718750 0.821094 0.718750 0.819531 0.716667 0.818750 0.715625 0.817969 0.708333 0.817969 0.707292 0.819531 0.705208
0 0.839063 0.698958 0.845313 0.700000 0.846094 0.700000 0.855469 0.709375 0.856250 0.710417 0.850000 0.722917 0.849219 0.723958 0.841406 0.722917 0.840625 0.721875 0.837500 0.706250 0.836719 0.705208 0.837500 0.701042 0.837500 0.700000 0.839063 0.698958
0 0.842969 0.726042 0.845313 0.726042 0.846094 0.726042 0.848437 0.728125 0.849219 0.728125 0.853125 0.733333 0.853906 0.733333 0.857812 0.739583 0.858594 0.740625 0.858594 0.744792 0.858594 0.745833 0.850781 0.746875 0.850000 0.746875 0.846875 0.739583 0.846875 0.738542 0.846094 0.737500 0.845313 0.736458 0.842969 0.736458 0.842187 0.736458 0.842969 0.726042
0 0.907031 0.741667 0.910937 0.742708 0.911719 0.742708 0.913281 0.744792 0.914062 0.745833 0.914062 0.748958 0.914062 0.750000 0.910156 0.757292 0.909375 0.758333 0.900781 0.759375 0.900000 0.759375 0.894531 0.756250 0.893750 0.756250 0.891406 0.753125 0.890625 0.752083 0.891406 0.748958 0.891406 0.747917 0.892969 0.746875 0.893750 0.745833 0.900781 0.744792 0.901563 0.744792 0.907031 0.741667
0 0.853906 0.746875 0.860156 0.747917 0.860938 0.747917 0.863281 0.760417 0.863281 0.761458 0.854688 0.769792 0.853906 0.770833 0.850000 0.771875 0.849219 0.771875 0.843750 0.766667 0.842969 0.766667 0.841406 0.762500 0.841406 0.761458 0.846094 0.750000 0.846875 0.748958 0.853906 0.746875
0 0.863136 0.752907 0.863136 0.755770 0.863596 0.759247 0.863902 0.760678 0.863902 0.761292 0.864516 0.762314 0.864976 0.762519 0.865896 0.763746 0.866510 0.764768 0.866663 0.765586 0.867123 0.766813 0.867737 0.767631 0.868350 0.768858 0.870191 0.771313 0.870804 0.772335 0.870958 0.772949 0.871264 0.773357 0.871418 0.775198 0.871878 0.775402 0.874332 0.771313 0.874332 0.770699 0.874945 0.769676 0.875099 0.769063 0.875406 0.768654 0.875712 0.767836 0.875866 0.766609 0.876173 0.766200 0.876326 0.764359 0.876939 0.763337 0.877093 0.762519 0.877400 0.762110 0.877400 0.761496 0.877706 0.760678 0.878166 0.760065 0.878320 0.758838 0.878627 0.758429 0.879087 0.756384 0.879087 0.755157 0.878780 0.754748 0.878320 0.754543 0.874792 0.753316 0.874179 0.752498 0.873719 0.752294 0.873105 0.751476 0.872645 0.751476 0.871418 0.750249 0.868350 0.749635 0.868044 0.749022 0.866970 0.748408 0.862982 0.748408 0.862829 0.749022 0.862829 0.750862
0 0.848437 0.693750 0.857031 0.696875 0.857812 0.696875 0.860156 0.698958 0.860938 0.700000 0.860938 0.703125 0.860938 0.704167 0.857812 0.707292 0.857031 0.708333 0.852344 0.705208 0.851562 0.705208 0.847656 0.701042 0.846875 0.700000 0.846875 0.695833 0.846875 0.694792 0.848437 0.693750
0 0.895312 0.811458 0.905469 0.812500 0.906250 0.813542 0.901563 0.839583 0.901563 0.840625 0.900781 0.842708 0.900000 0.843750 0.898438 0.843750 0.897656 0.844792 0.894531 0.843750 0.893750 0.843750 0.892969 0.834375 0.892188 0.833333 0.892188 0.815625 0.892188 0.814583 0.895312 0.811458
0 0.314743 0.806136 0.312746 0.801107 0.312303 0.800811 0.310971 0.796078 0.310527 0.795782 0.309418 0.792528 0.308752 0.791640 0.307865 0.788682 0.307865 0.786906 0.306977 0.786315 0.306534 0.783060 0.307199 0.781877 0.307865 0.781877 0.307865 0.781285 0.310971 0.780694 0.312081 0.779214 0.314743 0.774777 0.316296 0.768860 0.317184 0.767972 0.320734 0.767381 0.320734 0.767972 0.324062 0.772410 0.326947 0.775368 0.328278 0.775960 0.328278 0.780694 0.326503 0.788977 0.326281 0.792232 0.323397 0.800811 0.322731 0.804953 0.320512 0.806136 0.318959 0.806136 0.316740 0.807024
0 0.310527 0.801403 0.307865 0.798740 0.305202 0.797261 0.304315 0.796078 0.304315 0.790457 0.303427 0.789865 0.302318 0.786315 0.302096 0.780989 0.302540 0.780694 0.303427 0.777439 0.305202 0.775368 0.307421 0.774777 0.307421 0.781877 0.308087 0.783060 0.308309 0.786611 0.308752 0.786906 0.308752 0.788090 0.309196 0.788090 0.309640 0.790161 0.310527 0.791640 0.311193 0.794894 0.311415 0.799036
0 0.332272 0.772114 0.328056 0.773297 0.326947 0.774185 0.318515 0.774185 0.314521 0.776256 0.312746 0.776256 0.310749 0.777144 0.307199 0.776848 0.305202 0.773002 0.304315 0.772410 0.304093 0.770635 0.307865 0.770635 0.308752 0.770043 0.308752 0.769452 0.309196 0.769156 0.309196 0.767381 0.309640 0.766789 0.309640 0.765901 0.310527 0.764718 0.310527 0.763535 0.310971 0.763239 0.311637 0.761168 0.314743 0.759984 0.316518 0.760576 0.317184 0.761760 0.318071 0.762351 0.319847 0.762351 0.320956 0.761464 0.321844 0.759689 0.324284 0.759393 0.326059 0.760872 0.327169 0.763535 0.327391 0.765310 0.328944 0.766493 0.329609 0.768860 0.331385 0.769747
0 0.565625 0.745833 0.575000 0.746875 0.575781 0.746875 0.576562 0.762500 0.576562 0.763542 0.575000 0.767708 0.574219 0.768750 0.564844 0.768750 0.564063 0.767708 0.560937 0.757292 0.560156 0.756250 0.560937 0.752083 0.560937 0.751042 0.565625 0.745833
0 0.562500 0.772917 0.564063 0.772917 0.564844 0.772917 0.568750 0.779167 0.569531 0.780208 0.571094 0.786458 0.571875 0.787500 0.571094 0.789583 0.570312 0.790625 0.563281 0.790625 0.562500 0.789583 0.560156 0.781250 0.559375 0.780208 0.560156 0.776042 0.560156 0.775000 0.562500 0.772917
0 0.574219 0.769792 0.575000 0.770833 0.575781 0.771875 0.575781 0.777083 0.575781 0.778125 0.573438 0.779167 0.572656 0.780208 0.569531 0.779167 0.568750 0.779167 0.567969 0.777083 0.567969 0.776042 0.564063 0.772917 0.563281 0.772917 0.574219 0.769792
0 0.645312 0.451042 0.648438 0.452083 0.649219 0.452083 0.651563 0.455208 0.652344 0.456250 0.652344 0.466667 0.652344 0.467708 0.650781 0.473958 0.650781 0.475000 0.650000 0.476042 0.649219 0.477083 0.642188 0.471875 0.641406 0.471875 0.639844 0.477083 0.639844 0.478125 0.639062 0.479167 0.638281 0.480208 0.635938 0.480208 0.635156 0.480208 0.634375 0.479167 0.633594 0.478125 0.632812 0.461458 0.632812 0.460417 0.635938 0.457292 0.636719 0.456250 0.645312 0.451042
0 0.637668 0.490690 0.637479 0.488682 0.636538 0.486925 0.638797 0.486674 0.640303 0.484917 0.642185 0.483662 0.642185 0.482909 0.643691 0.481403 0.645197 0.476886 0.646891 0.475631 0.656114 0.475631 0.657432 0.477137 0.657997 0.479145 0.662514 0.481905 0.662891 0.482909 0.662891 0.485168 0.662138 0.486423 0.659314 0.486925 0.657056 0.488682 0.646891 0.489937 0.645385 0.491693 0.645197 0.492948 0.644256 0.494454 0.643503 0.494956 0.639926 0.494956 0.639173 0.494454 0.638420 0.492948
0 0.652344 0.488542 0.654687 0.489583 0.655469 0.490625 0.656250 0.501042 0.657031 0.502083 0.656250 0.509375 0.656250 0.510417 0.654687 0.512500 0.653906 0.513542 0.651563 0.513542 0.650781 0.513542 0.648438 0.510417 0.647656 0.509375 0.647656 0.492708 0.647656 0.491667 0.652344 0.488542
0 0.653345 0.476578 0.654361 0.472268 0.655469 0.469804 0.656208 0.468573 0.656578 0.467587 0.657871 0.465863 0.659534 0.464262 0.660365 0.463030 0.661751 0.462907 0.662028 0.463277 0.662767 0.465001 0.662859 0.465740 0.663136 0.466109 0.663321 0.469312 0.664522 0.473376 0.664892 0.475963 0.664892 0.476702 0.665076 0.477317 0.665076 0.480643 0.664984 0.481259 0.664430 0.481998 0.663506 0.481998 0.662767 0.481382 0.661104 0.481136 0.659626 0.481136 0.658610 0.480766 0.657686 0.480150 0.657225 0.480150 0.655839 0.479534 0.655192 0.478795 0.653622 0.477564
0 0.910937 0.353125 0.915625 0.355208 0.916406 0.355208 0.919531 0.359375 0.920312 0.360417 0.922656 0.359375 0.923438 0.359375 0.939063 0.363542 0.939844 0.363542 0.944531 0.366667 0.945312 0.367708 0.945312 0.376042 0.945312 0.377083 0.942969 0.379167 0.942187 0.380208 0.938281 0.381250 0.937500 0.381250 0.928125 0.377083 0.927344 0.376042 0.920312 0.375000 0.919531 0.375000 0.914062 0.367708 0.913281 0.366667 0.909375 0.364583 0.908594 0.363542 0.907031 0.357292 0.907031 0.356250 0.910937 0.353125
0 0.957812 0.344792 0.962500 0.344792 0.963281 0.345833 0.963281 0.352083 0.963281 0.353125 0.960156 0.363542 0.960156 0.364583 0.953906 0.376042 0.953125 0.377083 0.945312 0.377083 0.944531 0.377083 0.944531 0.368750 0.944531 0.367708 0.952344 0.353125 0.952344 0.352083 0.957812 0.344792
0 0.974219 0.357292 0.979688 0.357292 0.980469 0.357292 0.987500 0.360417 0.988281 0.360417 0.992188 0.365625 0.992969 0.366667 0.992969 0.368750 0.992969 0.369792 0.979688 0.379167 0.978906 0.379167 0.973437 0.388542 0.972656 0.389583 0.967969 0.391667 0.967187 0.392708 0.955469 0.394792 0.954688 0.394792 0.952344 0.388542 0.951562 0.387500 0.952344 0.380208 0.952344 0.379167 0.953906 0.376042 0.953906 0.375000 0.964844 0.362500 0.965625 0.361458 0.974219 0.357292
0 0.967969 0.271875 0.972656 0.271875 0.973437 0.272917 0.973437 0.278125 0.973437 0.279167 0.971094 0.287500 0.971094 0.288542 0.967969 0.294792 0.967969 0.295833 0.961719 0.300000 0.960938 0.300000 0.958594 0.305208 0.957812 0.305208 0.958594 0.301042 0.959375 0.300000 0.960938 0.283333 0.960938 0.282292 0.962500 0.279167 0.962500 0.278125 0.967969 0.271875
0 0.959632 0.324939 0.960972 0.324194 0.962423 0.322855 0.963093 0.321515 0.963763 0.319729 0.964544 0.318389 0.964656 0.317496 0.964991 0.316901 0.965772 0.313179 0.965995 0.311393 0.966330 0.310202 0.966330 0.306034 0.966107 0.305588 0.965214 0.305290 0.963316 0.305290 0.961083 0.306927 0.959520 0.309458 0.958962 0.310649 0.957176 0.312286 0.955390 0.313626 0.954720 0.314519 0.954162 0.315561 0.953045 0.316901 0.951929 0.317943 0.951817 0.318538 0.951817 0.321515 0.952375 0.322557 0.953045 0.323301 0.953492 0.323450 0.953715 0.323897 0.955055 0.324492 0.956618 0.324492 0.957622 0.324790 0.958516 0.324790
0 0.961530 0.309756 0.959744 0.309011 0.958850 0.308267 0.958404 0.308267 0.957957 0.307969 0.957957 0.307374 0.957734 0.306927 0.957734 0.305588 0.958516 0.304248 0.959297 0.303653 0.959744 0.303504 0.960079 0.303057 0.960525 0.302909 0.960860 0.302462 0.961306 0.302462 0.963093 0.300973 0.964209 0.299038 0.964656 0.298741 0.964879 0.298294 0.965326 0.298145 0.966107 0.297401 0.966665 0.297252 0.968005 0.297550 0.967670 0.297103 0.967223 0.296954 0.966888 0.295615 0.966888 0.295019 0.967558 0.294871 0.970461 0.296359 0.972917 0.299783 0.973029 0.300973 0.972582 0.301122 0.970238 0.301122 0.969791 0.301271 0.969121 0.303653 0.968340 0.304844 0.967223 0.307225 0.966442 0.308267 0.965549 0.309011 0.965326 0.309458 0.963763 0.310202 0.962981 0.310798 0.961976 0.310798
0 0.885045 0.337517 0.887660 0.335276 0.891768 0.334778 0.894383 0.332786 0.897744 0.332786 0.899239 0.331541 0.899986 0.330047 0.900172 0.324319 0.900733 0.323323 0.900733 0.321082 0.900546 0.320584 0.899239 0.320086 0.899052 0.317845 0.897184 0.313612 0.894196 0.313612 0.893823 0.314857 0.893076 0.315355 0.891208 0.314857 0.890461 0.318841 0.887099 0.319339 0.885605 0.326809 0.881683 0.327806 0.879255 0.330047 0.879255 0.335027 0.880563 0.336770 0.883177 0.337268
0 0.903160 0.319588 0.900919 0.316351 0.898865 0.316102 0.897931 0.314608 0.896437 0.314359 0.896437 0.312118 0.897184 0.311620 0.897184 0.309877 0.897558 0.309379 0.897558 0.306142 0.896811 0.304399 0.894570 0.302158 0.893449 0.300166 0.893636 0.296679 0.894383 0.295434 0.894383 0.292944 0.893636 0.291450 0.893076 0.291450 0.892142 0.290454 0.890648 0.287715 0.889901 0.285474 0.889901 0.283980 0.890648 0.281988 0.891768 0.281988 0.892142 0.285225 0.892889 0.285723 0.897558 0.285723 0.898865 0.286968 0.899799 0.287217 0.902040 0.290703 0.902040 0.291450 0.903347 0.294438 0.903907 0.295185 0.905401 0.295683 0.906896 0.297675 0.906896 0.301660 0.907643 0.307138 0.909323 0.309877 0.909884 0.312616 0.909697 0.313114 0.908016 0.313861 0.906335 0.313861 0.906335 0.316351 0.905028 0.319339
0 0.908576 0.305893 0.907643 0.303901 0.907643 0.302407 0.906335 0.300166 0.906335 0.296430 0.908576 0.293940 0.909884 0.293442 0.912872 0.289956 0.915113 0.290952 0.915486 0.292197 0.916607 0.293691 0.918661 0.295434 0.919595 0.297426 0.919595 0.301162 0.918474 0.302158 0.916607 0.302158 0.913992 0.303403 0.913059 0.304399 0.910257 0.305395
0 0.877948 0.354699 0.875520 0.352706 0.874400 0.352706 0.873092 0.351212 0.871598 0.350714 0.871598 0.342995 0.873653 0.341252 0.876454 0.341252 0.877948 0.341999 0.877948 0.342746 0.878508 0.343493 0.878695 0.347975 0.879255 0.349967 0.880003 0.350963 0.880003 0.353952 0.879629 0.354201
0 0.863568 0.360924 0.870478 0.360924 0.872719 0.357438 0.874960 0.354948 0.875334 0.353204 0.874773 0.352208 0.872906 0.351212 0.869357 0.351212 0.866556 0.356193 0.864128 0.358683
0 0.865809 0.354699 0.863755 0.354201 0.863755 0.347975 0.865996 0.346232 0.867863 0.346730 0.868237 0.348722 0.869171 0.350714 0.869171 0.352956 0.868050 0.353952 0.867303 0.353952
0 0.897931 0.374370 0.898305 0.376362 0.900172 0.378603 0.900359 0.379350 0.900919 0.379599 0.902413 0.382588 0.904094 0.382837 0.905028 0.382339 0.905775 0.378852 0.907643 0.375615 0.911004 0.373623 0.911378 0.372378 0.911191 0.370137 0.910444 0.369639 0.908576 0.369639 0.906709 0.368643 0.903907 0.368643 0.899986 0.372627 0.899052 0.372876
0 0.876267 0.383833 0.873466 0.381592 0.870851 0.378105 0.872345 0.376611 0.875147 0.375615 0.877014 0.379101 0.877575 0.379101 0.880003 0.381094 0.879816 0.383584 0.878135 0.383584
0 0.882617 0.381342 0.883738 0.379599 0.886539 0.378603 0.887286 0.377358 0.888220 0.375366 0.888220 0.371880 0.885419 0.371631 0.883364 0.372129 0.882430 0.372876 0.880936 0.375615 0.880936 0.374121 0.882617 0.368643 0.880003 0.365655 0.877014 0.366153 0.875334 0.367896 0.872719 0.368145 0.872345 0.368643 0.872345 0.370137 0.874400 0.374370 0.874773 0.377607 0.876267 0.380346 0.878695 0.382090 0.881310 0.382339
0 0.993218 0.422063 0.992151 0.421885 0.989216 0.420462 0.988816 0.419929 0.987616 0.419040 0.987349 0.418506 0.986949 0.418328 0.986549 0.417083 0.986549 0.415838 0.986815 0.413704 0.987482 0.411392 0.989616 0.407124 0.990016 0.406591 0.990150 0.405879 0.990550 0.405523 0.990683 0.404990 0.991884 0.404279 0.993218 0.404101 0.993618 0.403567 0.994418 0.403211 0.996686 0.400900 0.997886 0.399299 0.998820 0.397698 0.999220 0.397698 0.999353 0.398232 0.999353 0.413704 0.999620 0.414238 0.999620 0.423130 0.998286 0.423486 0.994551 0.423486 0.994285 0.422952
0 0.992684 0.418328 0.992684 0.411392 0.992417 0.410859 0.992284 0.409614 0.991884 0.408013 0.991884 0.404812 0.992284 0.404456 0.993218 0.404101 0.999086 0.404101 0.999220 0.416016 0.999620 0.419040 0.999620 0.421885 0.998686 0.422596 0.995619 0.422596 0.993885 0.421529 0.993484 0.421174 0.993218 0.420640 0.992417 0.420107 0.992151 0.419573
0 0.906250 0.113542 0.911719 0.114583 0.912500 0.114583 0.915625 0.117708 0.916406 0.117708 0.918750 0.121875 0.919531 0.122917 0.917969 0.128125 0.917969 0.129167 0.910937 0.135417 0.910156 0.136458 0.907031 0.136458 0.906250 0.136458 0.903906 0.131250 0.903125 0.130208 0.902344 0.118750 0.902344 0.117708 0.903125 0.115625 0.903906 0.114583 0.906250 0.113542
0 0.918750 0.107292 0.924219 0.107292 0.925000 0.107292 0.934375 0.110417 0.935156 0.110417 0.939063 0.117708 0.939844 0.118750 0.942187 0.130208 0.942969 0.131250 0.942187 0.134375 0.942187 0.135417 0.935937 0.136458 0.935156 0.136458 0.920312 0.130208 0.919531 0.130208 0.919531 0.120833 0.919531 0.119792 0.917969 0.116667 0.917188 0.115625 0.918750 0.107292
0 0.924219 0.145833 0.926562 0.145833 0.927344 0.146875 0.927344 0.152083 0.927344 0.153125 0.923438 0.161458 0.922656 0.162500 0.921094 0.172917 0.921094 0.173958 0.919531 0.177083 0.919531 0.178125 0.914062 0.182292 0.913281 0.183333 0.906250 0.183333 0.905469 0.183333 0.903906 0.181250 0.903125 0.180208 0.903906 0.172917 0.903906 0.171875 0.917969 0.151042 0.918750 0.150000 0.924219 0.145833
0 0.996094 0.010417 0.998437 0.010417 0.999219 0.010417 0.999219 0.039583 0.999219 0.040625 0.998437 0.040625 0.997656 0.040625 0.996094 0.036458 0.995313 0.035417 0.991406 0.018750 0.990625 0.017708 0.991406 0.014583 0.991406 0.013542 0.996094 0.010417
0 0.922072 0.181995 0.921310 0.179962 0.920853 0.179555 0.918260 0.175895 0.917193 0.174676 0.916736 0.174676 0.916431 0.174269 0.915973 0.174066 0.915516 0.173456 0.915211 0.172846 0.915211 0.169390 0.915058 0.168780 0.915363 0.168373 0.921767 0.168373 0.922225 0.168576 0.923597 0.168576 0.924665 0.168983 0.925122 0.168983 0.926037 0.170203 0.926952 0.170609 0.927257 0.171219 0.927867 0.171219 0.928324 0.171423 0.929086 0.172236 0.930001 0.172236 0.930001 0.181588 0.929544 0.181995 0.929239 0.182605 0.923292 0.182605
0 0.965834 0.152109 0.961870 0.150482 0.960955 0.149872 0.957753 0.149059 0.956380 0.148246 0.955008 0.148042 0.954398 0.147432 0.953788 0.147432 0.953178 0.147026 0.952873 0.146619 0.951806 0.146213 0.951501 0.145806 0.950434 0.145399 0.950129 0.144993 0.950129 0.138894 0.949976 0.138284 0.948756 0.138080 0.948299 0.137674 0.947384 0.137471 0.947079 0.137064 0.946622 0.136861 0.946164 0.136251 0.945707 0.136047 0.944639 0.134014 0.944487 0.132794 0.942962 0.129948 0.942810 0.129338 0.942810 0.127508 0.943420 0.126289 0.944335 0.125272 0.944487 0.124662 0.944944 0.124865 0.945554 0.125882 0.946164 0.126289 0.946469 0.126695 0.947537 0.127305 0.948146 0.127915 0.949366 0.128728 0.949824 0.128728 0.950434 0.129135 0.950891 0.129135 0.952721 0.129948 0.953178 0.129948 0.953483 0.130355 0.953719 0.132573 0.956228 0.132794 0.957448 0.132998 0.957753 0.133404 0.959887 0.134014 0.960345 0.134421 0.960955 0.134421 0.963090 0.135234 0.964462 0.135234 0.965529 0.135437 0.965987 0.135844 0.968121 0.136454 0.968579 0.136454 0.968731 0.137064 0.968731 0.145196 0.969036 0.146416 0.969036 0.151092 0.968121 0.152312 0.964462 0.152515
0 0.973687 0.207645 0.970879 0.202173 0.967639 0.198141 0.964831 0.192381 0.963103 0.190077 0.961591 0.188925 0.958351 0.184317 0.957919 0.182013 0.958135 0.178557 0.960511 0.174525 0.964183 0.172221 0.964399 0.171645 0.967639 0.169341 0.972175 0.167326 0.975199 0.167326 0.975847 0.167901 0.976711 0.167901 0.978007 0.171069 0.981031 0.175101 0.981895 0.175389 0.984703 0.178845 0.985999 0.181725 0.988807 0.185469 0.991831 0.191805 0.991831 0.196413 0.985135 0.203037 0.983407 0.205917 0.980167 0.207357 0.975631 0.207357
0 0.807665 0.116390 0.804809 0.116390 0.799573 0.114698 0.798304 0.112371 0.797510 0.109620 0.797510 0.104754 0.799097 0.099254 0.799097 0.096504 0.800684 0.091215 0.801001 0.088041 0.801794 0.086137 0.802112 0.080848 0.804809 0.077675 0.807824 0.075771 0.810521 0.072597 0.811156 0.072597 0.813060 0.070905 0.814964 0.070059 0.815916 0.070059 0.817027 0.072809 0.818613 0.081906 0.818613 0.089734 0.818296 0.093119 0.817661 0.095234 0.817503 0.100100 0.816868 0.101369 0.816868 0.103062 0.816075 0.106024 0.813536 0.110043 0.811473 0.115756 0.811156 0.116179 0.809252 0.116179
0 0.851494 0.082173 0.850570 0.081095 0.849646 0.080480 0.848376 0.079248 0.846183 0.077554 0.843873 0.075091 0.842950 0.074322 0.842603 0.073706 0.842488 0.073090 0.842488 0.071704 0.842719 0.070781 0.843873 0.068317 0.845259 0.065854 0.845605 0.065546 0.846183 0.064622 0.846414 0.064007 0.846760 0.062005 0.847799 0.058772 0.848261 0.058926 0.848723 0.059542 0.849531 0.060158 0.850339 0.061389 0.851725 0.062159 0.851956 0.062621 0.852880 0.063237 0.853110 0.063853 0.854034 0.064622 0.854611 0.065546 0.855073 0.065854 0.855420 0.066316 0.855882 0.067548 0.855882 0.068317 0.856113 0.068779 0.856228 0.070011 0.856228 0.073706 0.855882 0.074783 0.855651 0.076323 0.854958 0.078016 0.854958 0.078632 0.854496 0.079094 0.852533 0.083251
0 0.852533 0.062005 0.852880 0.058310 0.853226 0.056463 0.854034 0.054462 0.855189 0.052152 0.856574 0.051383 0.858075 0.051383 0.859115 0.051537 0.859461 0.051844 0.859461 0.060158 0.858999 0.061082 0.858537 0.061389 0.857729 0.061389 0.856343 0.061697 0.855882 0.062005 0.853572 0.062159
0 0.850686 0.056463 0.849531 0.055539 0.849069 0.055539 0.848954 0.054924 0.848376 0.054000 0.848261 0.053384 0.848261 0.052768 0.848492 0.052152 0.850224 0.049381 0.850339 0.048150 0.851494 0.047226 0.852418 0.046918 0.855073 0.047072 0.855304 0.047534 0.855535 0.049227 0.855997 0.050613 0.856343 0.051075 0.856343 0.052460 0.855420 0.053538 0.854381 0.054462 0.853803 0.055231 0.853226 0.055693 0.852418 0.056617 0.852187 0.057079 0.851725 0.057079
0 0.646094 0.113542 0.648438 0.113542 0.649219 0.113542 0.650000 0.115625 0.650781 0.116667 0.650781 0.131250 0.650781 0.132292 0.646875 0.140625 0.646875 0.141667 0.640625 0.143750 0.639844 0.144792 0.635938 0.143750 0.635156 0.143750 0.632812 0.138542 0.632812 0.137500 0.646094 0.113542
0 0.665625 0.104167 0.667188 0.104167 0.667969 0.104167 0.670312 0.107292 0.671094 0.108333 0.677344 0.108333 0.678125 0.108333 0.683594 0.115625 0.684375 0.115625 0.684375 0.122917 0.684375 0.123958 0.682031 0.123958 0.681250 0.123958 0.665625 0.112500 0.664844 0.112500 0.664062 0.107292 0.664062 0.106250 0.665625 0.104167
0 0.672656 0.081250 0.678125 0.084375 0.678906 0.085417 0.678125 0.090625 0.678125 0.091667 0.675781 0.095833 0.675781 0.096875 0.670312 0.102083 0.669531 0.103125 0.666406 0.102083 0.665625 0.102083 0.664062 0.096875 0.663281 0.095833 0.667188 0.093750 0.667969 0.092708 0.669531 0.085417 0.669531 0.084375 0.672656 0.081250
0 0.680469 0.086458 0.683594 0.086458 0.684375 0.086458 0.687500 0.090625 0.688281 0.091667 0.688281 0.095833 0.688281 0.096875 0.682031 0.109375 0.682031 0.110417 0.678906 0.109375 0.678125 0.109375 0.677344 0.106250 0.676562 0.105208 0.676562 0.096875 0.676562 0.095833 0.680469 0.086458
0 0.664844 0.071875 0.667969 0.072917 0.668750 0.073958 0.668750 0.077083 0.668750 0.078125 0.670312 0.080208 0.671094 0.081250 0.671094 0.084375 0.671094 0.085417 0.665625 0.094792 0.664844 0.095833 0.662500 0.095833 0.661719 0.095833 0.659375 0.092708 0.658594 0.091667 0.658594 0.089583 0.658594 0.088542 0.660156 0.085417 0.660937 0.084375 0.662500 0.075000 0.662500 0.073958 0.664844 0.071875
0 0.706250 0.109375 0.712500 0.109375 0.713281 0.109375 0.715625 0.111458 0.716406 0.112500 0.717187 0.116667 0.717187 0.117708 0.707812 0.120833 0.707031 0.120833 0.705469 0.118750 0.704688 0.117708 0.704688 0.112500 0.704688 0.111458 0.706250 0.109375
0 0.700781 0.130208 0.703125 0.130208 0.703906 0.130208 0.705469 0.133333 0.706250 0.134375 0.710938 0.137500 0.711719 0.137500 0.711719 0.150000 0.710938 0.151042 0.705469 0.152083 0.704688 0.152083 0.700000 0.147917 0.699219 0.146875 0.696875 0.134375 0.696875 0.133333 0.700781 0.130208
0 0.667188 0.148958 0.669531 0.148958 0.670312 0.148958 0.671875 0.151042 0.672656 0.152083 0.674219 0.163542 0.674219 0.164583 0.671875 0.182292 0.671875 0.183333 0.669531 0.187500 0.669531 0.188542 0.665625 0.189583 0.664844 0.189583 0.664062 0.184375 0.664062 0.183333 0.665625 0.178125 0.666406 0.177083 0.665625 0.152083 0.665625 0.151042 0.667188 0.148958
0 0.696875 0.048958 0.701562 0.048958 0.702344 0.048958 0.705469 0.051042 0.706250 0.052083 0.708594 0.063542 0.709375 0.064583 0.709375 0.069792 0.708594 0.070833 0.702344 0.070833 0.701562 0.070833 0.696094 0.065625 0.695312 0.065625 0.692187 0.060417 0.691406 0.059375 0.692187 0.054167 0.692187 0.053125 0.696875 0.048958
0 0.704688 0.008333 0.710156 0.010417 0.710938 0.011458 0.710938 0.018750 0.710938 0.019792 0.714063 0.029167 0.714844 0.030208 0.714063 0.037500 0.713281 0.038542 0.702344 0.035417 0.701562 0.035417 0.696094 0.029167 0.695312 0.028125 0.695312 0.022917 0.695312 0.021875 0.697656 0.016667 0.697656 0.015625 0.701562 0.010417 0.702344 0.009375 0.704688 0.008333
0 0.609375 0.012500 0.612500 0.012500 0.613281 0.013542 0.612500 0.022917 0.611719 0.023958 0.607812 0.022917 0.607031 0.022917 0.605469 0.020833 0.604688 0.019792 0.605469 0.016667 0.605469 0.015625 0.609375 0.012500
0 0.589844 0.015625 0.590625 0.015625 0.591406 0.016667 0.590625 0.030208 0.590625 0.031250 0.588281 0.032292 0.587500 0.032292 0.584375 0.031250 0.583594 0.030208 0.578125 0.030208 0.577344 0.029167 0.577344 0.027083 0.577344 0.026042 0.580469 0.021875 0.581250 0.020833 0.589844 0.015625
0 0.578125 0.044792 0.582812 0.044792 0.583594 0.044792 0.589844 0.047917 0.590625 0.047917 0.592187 0.053125 0.592969 0.054167 0.592187 0.059375 0.592187 0.060417 0.581250 0.073958 0.580469 0.075000 0.578125 0.075000 0.577344 0.075000 0.572656 0.065625 0.571875 0.064583 0.572656 0.059375 0.572656 0.058333 0.578125 0.044792
0 0.585938 0.081250 0.595313 0.082292 0.596094 0.082292 0.601562 0.088542 0.602344 0.089583 0.600216 0.096958 0.598437 0.103125 0.597656 0.104167 0.595313 0.105208 0.594531 0.105208 0.588281 0.103125 0.587500 0.103125 0.585938 0.101042 0.585156 0.100000 0.584375 0.097917 0.583594 0.096875 0.583594 0.087500 0.583594 0.086458 0.585938 0.081250
0 0.485938 0.042708 0.491406 0.043750 0.492188 0.043750 0.498437 0.047917 0.499219 0.048958 0.494531 0.059375 0.493750 0.060417 0.485938 0.061458 0.485156 0.061458 0.483594 0.059375 0.482812 0.058333 0.482812 0.045833 0.482812 0.044792 0.485938 0.042708
0 0.420312 0.081250 0.423438 0.082292 0.424219 0.083333 0.425781 0.088542 0.425781 0.089583 0.431250 0.100000 0.432031 0.101042 0.432812 0.105208 0.433594 0.106250 0.432812 0.107292 0.432031 0.108333 0.428125 0.109375 0.427344 0.109375 0.425000 0.107292 0.424219 0.107292 0.418750 0.094792 0.417969 0.093750 0.417187 0.089583 0.417187 0.088542 0.420312 0.081250
0 0.426563 0.064583 0.430469 0.065625 0.431250 0.065625 0.433594 0.068750 0.434375 0.069792 0.434375 0.075000 0.434375 0.076042 0.425000 0.083333 0.424219 0.084375 0.425000 0.089583 0.425000 0.090625 0.421094 0.096875 0.420312 0.097917 0.416406 0.100000 0.415625 0.101042 0.405469 0.104167 0.404687 0.104167 0.403906 0.101042 0.403906 0.100000 0.407813 0.087500 0.407813 0.086458 0.411719 0.080208 0.412500 0.079167 0.419531 0.076042 0.420312 0.076042 0.426563 0.064583
0 0.519531 0.042708 0.522656 0.043750 0.523438 0.044792 0.524219 0.053125 0.524219 0.054167 0.522656 0.061458 0.521875 0.062500 0.521875 0.072917 0.521875 0.073958 0.516406 0.079167 0.515625 0.079167 0.507031 0.069792 0.506250 0.068750 0.501563 0.059375 0.500781 0.058333 0.501563 0.053125 0.501563 0.052083 0.505469 0.044792 0.506250 0.043750 0.514844 0.044792 0.515625 0.044792 0.519531 0.042708
0 0.434375 0.197917 0.437500 0.198958 0.438281 0.198958 0.439844 0.202083 0.439844 0.203125 0.444531 0.208333 0.445312 0.209375 0.444531 0.215625 0.444531 0.216667 0.440625 0.226042 0.440625 0.227083 0.438281 0.229167 0.437500 0.230208 0.432812 0.229167 0.432031 0.229167 0.429688 0.226042 0.428906 0.225000 0.428906 0.222917 0.428125 0.221875 0.428125 0.218750 0.428125 0.217708 0.431250 0.210417 0.432031 0.209375 0.432031 0.202083 0.432031 0.201042 0.434375 0.197917
0 0.462500 0.232292 0.465625 0.232292 0.466406 0.232292 0.468750 0.234375 0.469531 0.234375 0.474219 0.240625 0.475000 0.240625 0.475000 0.242708 0.475000 0.243750 0.473438 0.244792 0.472656 0.245833 0.464062 0.245833 0.463281 0.245833 0.462500 0.244792 0.461719 0.243750 0.462500 0.232292
0 0.469531 0.222917 0.473438 0.222917 0.474219 0.222917 0.476562 0.226042 0.477344 0.227083 0.477344 0.230208 0.477344 0.231250 0.474219 0.232292 0.473438 0.233333 0.467969 0.232292 0.467187 0.232292 0.467187 0.228125 0.467187 0.227083 0.469531 0.222917
0 0.974219 0.769792 0.975000 0.770833 0.975781 0.771875 0.975000 0.782292 0.975000 0.783333 0.970313 0.800000 0.970313 0.801042 0.967187 0.806250 0.966406 0.807292 0.955469 0.808333 0.954688 0.808333 0.946094 0.800000 0.945312 0.798958 0.945312 0.794792 0.945312 0.793750 0.953906 0.782292 0.954688 0.781250 0.960938 0.779167 0.961719 0.779167 0.974219 0.769792
0 0.946875 0.735417 0.949219 0.740625 0.949219 0.741667 0.947656 0.744792 0.947656 0.745833 0.943750 0.750000 0.942969 0.750000 0.940625 0.746875 0.939844 0.745833 0.939844 0.742708 0.939844 0.741667 0.946875 0.735417
0 0.982812 0.727083 0.993750 0.728125 0.994531 0.728125 0.999219 0.737500 0.999219 0.738542 0.993750 0.743750 0.992969 0.744792 0.977344 0.739583 0.976562 0.739583 0.975000 0.737500 0.974219 0.736458 0.974219 0.733333 0.974219 0.732292 0.982812 0.727083
0 0.997656 0.706250 0.998437 0.706250 0.999219 0.706250 0.999219 0.710417 0.999219 0.711458 0.996094 0.712500 0.995313 0.712500 0.991406 0.717708 0.990625 0.718750 0.989844 0.723958 0.989844 0.725000 0.985156 0.729167 0.984375 0.729167 0.981250 0.734375 0.980469 0.735417 0.977344 0.735417 0.976562 0.735417 0.975781 0.733333 0.975781 0.732292 0.978906 0.731250 0.979688 0.731250 0.981250 0.729167 0.982031 0.728125 0.982031 0.726042 0.982031 0.725000 0.984375 0.720833 0.984375 0.719792 0.991406 0.711458 0.991406 0.710417 0.997656 0.706250
0 0.941406 0.825000 0.950781 0.825000 0.951562 0.825000 0.957031 0.832292 0.957812 0.833333 0.961719 0.834375 0.962500 0.834375 0.963281 0.840625 0.963281 0.841667 0.960156 0.845833 0.959375 0.846875 0.947656 0.850000 0.946875 0.851042 0.945312 0.850000 0.944531 0.850000 0.939063 0.840625 0.938281 0.839583 0.939063 0.829167 0.939063 0.828125 0.941406 0.825000
0 0.942187 0.854167 0.949219 0.854167 0.950000 0.854167 0.950781 0.856250 0.951562 0.857292 0.950781 0.862500 0.950781 0.863542 0.950000 0.864583 0.949219 0.865625 0.939063 0.865625 0.938281 0.865625 0.937500 0.864583 0.936719 0.863542 0.936719 0.859375 0.936719 0.858333 0.942187 0.854167
0 0.950781 0.672917 0.955469 0.676042 0.956250 0.677083 0.957031 0.686458 0.956250 0.687500 0.946875 0.687500 0.946094 0.686458 0.945312 0.680208 0.945312 0.679167 0.950781 0.672917
0 0.923438 0.661458 0.926562 0.661458 0.927344 0.661458 0.928906 0.663542 0.929688 0.664583 0.934375 0.666667 0.935156 0.666667 0.939844 0.678125 0.940625 0.679167 0.936719 0.683333 0.935937 0.684375 0.928125 0.685417 0.927344 0.686458 0.923438 0.685417 0.922656 0.685417 0.916406 0.668750 0.916406 0.667708 0.917188 0.665625 0.917969 0.664583 0.923438 0.661458
0 0.692187 0.603125 0.695312 0.603125 0.696094 0.603125 0.697656 0.605208 0.698438 0.606250 0.701562 0.616667 0.702344 0.617708 0.701562 0.620833 0.701562 0.621875 0.692969 0.621875 0.692187 0.620833 0.691406 0.613542 0.690625 0.612500 0.690625 0.606250 0.690625 0.605208 0.692187 0.603125
0 0.687500 0.575000 0.695312 0.578125 0.696094 0.579167 0.694531 0.582292 0.693750 0.583333 0.696094 0.592708 0.696875 0.593750 0.696094 0.602083 0.696094 0.603125 0.690625 0.603125 0.689844 0.603125 0.685937 0.597917 0.685156 0.596875 0.685156 0.580208 0.685156 0.579167 0.687500 0.575000
0 0.391406 0.730208 0.392188 0.730208 0.392969 0.730208 0.394531 0.732292 0.395313 0.733333 0.395313 0.735417 0.396094 0.736458 0.392969 0.743750 0.392188 0.744792 0.392969 0.771875 0.392969 0.772917 0.389062 0.772917 0.388281 0.772917 0.385937 0.768750 0.385156 0.767708 0.382812 0.757292 0.382812 0.756250 0.385156 0.739583 0.385156 0.738542 0.391406 0.730208
0 0.370312 0.754167 0.379688 0.755208 0.380469 0.755208 0.382031 0.761458 0.382031 0.762500 0.375781 0.765625 0.375000 0.765625 0.368750 0.757292 0.367969 0.756250 0.370312 0.754167
0 0.017969 0.616667 0.022656 0.616667 0.023438 0.616667 0.027344 0.622917 0.027344 0.623958 0.023438 0.628125 0.022656 0.629167 0.017188 0.631250 0.016406 0.631250 0.014844 0.630208 0.014063 0.629167 0.014063 0.623958 0.014063 0.622917 0.015625 0.619792 0.015625 0.618750 0.017969 0.616667
0 0.150781 0.835417 0.155469 0.835417 0.156250 0.836458 0.154688 0.850000 0.153906 0.851042 0.151562 0.850000 0.150781 0.850000 0.150781 0.847917 0.150000 0.846875 0.150781 0.835417
0 0.135937 0.831250 0.141406 0.832292 0.142187 0.833333 0.142187 0.835417 0.142187 0.836458 0.139063 0.843750 0.139063 0.844792 0.137500 0.844792 0.136719 0.844792 0.135937 0.842708 0.135156 0.841667 0.135937 0.831250
0 0.162500 0.759375 0.166406 0.759375 0.167187 0.759375 0.171094 0.761458 0.171875 0.762500 0.171094 0.763542 0.170313 0.764583 0.170313 0.767708 0.170313 0.768750 0.167187 0.771875 0.166406 0.772917 0.163281 0.772917 0.162500 0.772917 0.161719 0.770833 0.160938 0.769792 0.160938 0.767708 0.160156 0.766667 0.160938 0.762500 0.160938 0.761458 0.162500 0.759375
0 0.184375 0.730208 0.185938 0.733333 0.186719 0.734375 0.185938 0.748958 0.185156 0.750000 0.178906 0.746875 0.178125 0.746875 0.175000 0.739583 0.174219 0.738542 0.174219 0.737500 0.174219 0.736458 0.184375 0.730208
0 0.164844 0.735417 0.175781 0.738542 0.176563 0.738542 0.178906 0.745833 0.179688 0.746875 0.178906 0.755208 0.178906 0.756250 0.177344 0.759375 0.176563 0.760417 0.170313 0.762500 0.169531 0.762500 0.164062 0.758333 0.163281 0.758333 0.161719 0.755208 0.160938 0.754167 0.155469 0.752083 0.154688 0.751042 0.154688 0.739583 0.154688 0.738542 0.157031 0.737500 0.157812 0.736458 0.164844 0.735417
0 0.204687 0.761458 0.208594 0.761458 0.209375 0.762500 0.211719 0.769792 0.212500 0.770833 0.211719 0.776042 0.211719 0.777083 0.209375 0.777083 0.208594 0.777083 0.205469 0.773958 0.204687 0.772917 0.201563 0.771875 0.200781 0.770833 0.200781 0.767708 0.200781 0.766667 0.204687 0.761458
0 0.200000 0.770833 0.201563 0.772917 0.202344 0.773958 0.201563 0.777083 0.201563 0.778125 0.203125 0.783333 0.203906 0.784375 0.202344 0.790625 0.201563 0.791667 0.202344 0.800000 0.202344 0.801042 0.201563 0.802083 0.200781 0.803125 0.197656 0.803125 0.196875 0.803125 0.192969 0.800000 0.192188 0.798958 0.191406 0.783333 0.191406 0.782292 0.193750 0.776042 0.193750 0.775000 0.195312 0.772917 0.196094 0.771875 0.200000 0.770833
0 0.173437 0.837500 0.175781 0.838542 0.176563 0.838542 0.178906 0.843750 0.179688 0.844792 0.179688 0.845833 0.179688 0.846875 0.177344 0.850000 0.176563 0.851042 0.172656 0.851042 0.171875 0.851042 0.174219 0.846875 0.174219 0.845833 0.169531 0.841667 0.168750 0.841667 0.168750 0.839583 0.169531 0.838542 0.173437 0.837500
0 0.126562 0.761458 0.132812 0.762500 0.133594 0.762500 0.134375 0.767708 0.134375 0.768750 0.127344 0.779167 0.126562 0.780208 0.121094 0.781250 0.120313 0.781250 0.118750 0.779167 0.118750 0.778125 0.126562 0.761458
0 0.275000 0.736458 0.296875 0.737500 0.297656 0.737500 0.303125 0.739583 0.303906 0.740625 0.293750 0.746875 0.292969 0.746875 0.290625 0.750000 0.289844 0.751042 0.282813 0.756250 0.282031 0.756250 0.276562 0.754167 0.275781 0.754167 0.273438 0.747917 0.272656 0.746875 0.272656 0.742708 0.271875 0.741667 0.275000 0.736458
0 0.060156 0.771875 0.063281 0.772917 0.064062 0.773958 0.068750 0.787500 0.069531 0.788542 0.069531 0.789583 0.069531 0.790625 0.064844 0.795833 0.064844 0.796875 0.061719 0.792708 0.060937 0.791667 0.057031 0.781250 0.056250 0.780208 0.056250 0.775000 0.056250 0.773958 0.060156 0.771875
0 0.025000 0.702083 0.031250 0.706250 0.032031 0.706250 0.028906 0.714583 0.028906 0.715625 0.021875 0.721875 0.021094 0.721875 0.014844 0.711458 0.014844 0.710417 0.018750 0.706250 0.019531 0.705208 0.025000 0.702083
0 0.041406 0.717708 0.046094 0.717708 0.046875 0.717708 0.048438 0.719792 0.049219 0.720833 0.049219 0.725000 0.049219 0.726042 0.047656 0.730208 0.047656 0.731250 0.040625 0.732292 0.039844 0.731250 0.041406 0.717708
0 0.282031 0.632292 0.289062 0.633333 0.289844 0.633333 0.291406 0.634375 0.292187 0.635417 0.292187 0.637500 0.292969 0.638542 0.292187 0.642708 0.292187 0.643750 0.289844 0.645833 0.289062 0.646875 0.286719 0.652083 0.285938 0.653125 0.266406 0.647917 0.265625 0.646875 0.266406 0.636458 0.267188 0.635417 0.273438 0.636458 0.274219 0.636458 0.282031 0.632292
0 0.851562 0.000000 0.876563 0.001042 0.876563 0.002083 0.868750 0.014583 0.868750 0.015625 0.864062 0.018750 0.863281 0.018750 0.859375 0.016667 0.858594 0.015625 0.857031 0.010417 0.857031 0.009375 0.853125 0.005208 0.852344 0.004167 0.851562 0.000000
0 0.835938 0.000000 0.852344 0.000000 0.853125 0.000000 0.853125 0.001042 0.853125 0.002083 0.859375 0.013542 0.860156 0.014583 0.865625 0.015625 0.866406 0.016667 0.864062 0.022917 0.864062 0.023958 0.861719 0.023958 0.860938 0.025000 0.842969 0.015625 0.842187 0.015625 0.838281 0.010417 0.837500 0.009375 0.835938 0.000000
0 0.902344 0.213542 0.907031 0.215625 0.907813 0.215625 0.907813 0.216667 0.907813 0.217708 0.910937 0.220833 0.911719 0.221875 0.911719 0.225000 0.911719 0.226042 0.916406 0.231250 0.917188 0.231250 0.917969 0.234375 0.917969 0.235417 0.914844 0.235417 0.914062 0.235417 0.899219 0.228125 0.898438 0.227083 0.898438 0.223958 0.898438 0.222917 0.902344 0.213542
0 0.981250 0.060417 0.986719 0.061458 0.987500 0.062500 0.986719 0.075000 0.985938 0.076042 0.978906 0.067708 0.978125 0.066667 0.978125 0.064583 0.978125 0.063542 0.981250 0.060417
0 0.989062 0.050000 0.989844 0.051042 0.990625 0.052083 0.991406 0.062500 0.992188 0.063542 0.992969 0.097917 0.992969 0.098958 0.995313 0.105208 0.996094 0.106250 0.996094 0.109375 0.996094 0.110417 0.998437 0.113542 0.999219 0.113542 0.999219 0.120833 0.999219 0.121875 0.998437 0.121875 0.997656 0.121875 0.993750 0.116667 0.992969 0.115625 0.989062 0.104167 0.988281 0.103125 0.987500 0.079167 0.987500 0.078125 0.978906 0.067708 0.978125 0.066667 0.978125 0.063542 0.978906 0.062500 0.985156 0.060417 0.985938 0.060417 0.987500 0.058333 0.988281 0.057292 0.989062 0.050000
0 0.948438 0.112500 0.950781 0.112500 0.951562 0.112500 0.952344 0.113542 0.953125 0.114583 0.953125 0.118750 0.953125 0.119792 0.951562 0.121875 0.950781 0.122917 0.943750 0.123958 0.942969 0.123958 0.941406 0.117708 0.941406 0.116667 0.943750 0.114583 0.944531 0.113542 0.948438 0.112500
0 0.783594 0.013542 0.788281 0.014583 0.789062 0.014583 0.789844 0.018750 0.789844 0.019792 0.786719 0.026042 0.786719 0.027083 0.782813 0.029167 0.782031 0.029167 0.778906 0.018750 0.778906 0.017708 0.783594 0.013542
0 0.714063 0.000000 0.725000 0.000000 0.725781 0.000000 0.725781 0.005208 0.726562 0.006250 0.721875 0.014583 0.721094 0.015625 0.719531 0.015625 0.718750 0.015625 0.715625 0.010417 0.714844 0.009375 0.714063 0.000000
0 0.692187 0.007292 0.693750 0.007292 0.694531 0.007292 0.700000 0.011458 0.700781 0.011458 0.697656 0.016667 0.696875 0.017708 0.696094 0.026042 0.695312 0.027083 0.685937 0.028125 0.685156 0.028125 0.685156 0.022917 0.685156 0.021875 0.692187 0.007292
0 0.723437 0.235417 0.728906 0.241667 0.729688 0.242708 0.728125 0.251042 0.727344 0.252083 0.721094 0.252083 0.720313 0.252083 0.715625 0.244792 0.714844 0.243750 0.715625 0.238542 0.715625 0.237500 0.723437 0.235417
0 0.728906 0.231250 0.735156 0.231250 0.735938 0.231250 0.736719 0.233333 0.737500 0.234375 0.737500 0.235417 0.737500 0.236458 0.732812 0.242708 0.732031 0.243750 0.728906 0.242708 0.728125 0.242708 0.726562 0.239583 0.725781 0.238542 0.722656 0.236458 0.721875 0.236458 0.725000 0.233333 0.725781 0.232292 0.728906 0.231250
0 0.746875 0.203125 0.748437 0.203125 0.749219 0.203125 0.752344 0.217708 0.751563 0.218750 0.749219 0.218750 0.748437 0.218750 0.746094 0.216667 0.745313 0.216667 0.743750 0.212500 0.742969 0.211458 0.743750 0.208333 0.743750 0.207292 0.746875 0.203125
0 0.656250 0.123958 0.660156 0.125000 0.660937 0.126042 0.660937 0.132292 0.660937 0.133333 0.652344 0.142708 0.651563 0.143750 0.644531 0.143750 0.643750 0.143750 0.646875 0.139583 0.647656 0.138542 0.650000 0.130208 0.650000 0.129167 0.656250 0.123958
0 0.686719 0.346875 0.689063 0.346875 0.689844 0.346875 0.692187 0.350000 0.692969 0.351042 0.694531 0.363542 0.694531 0.364583 0.689063 0.369792 0.688281 0.370833 0.680469 0.371875 0.679688 0.371875 0.678906 0.369792 0.678125 0.368750 0.679688 0.356250 0.679688 0.355208 0.686719 0.346875
0 0.701562 0.356250 0.705469 0.356250 0.706250 0.356250 0.710156 0.359375 0.710938 0.360417 0.711719 0.368750 0.712500 0.369792 0.711719 0.373958 0.711719 0.375000 0.703906 0.376042 0.703125 0.376042 0.699219 0.369792 0.698438 0.368750 0.697656 0.366667 0.697656 0.365625 0.701562 0.356250
0 0.704688 0.377083 0.711719 0.377083 0.712500 0.377083 0.714844 0.380208 0.715625 0.381250 0.715625 0.385417 0.715625 0.386458 0.710938 0.387500 0.710156 0.388542 0.703125 0.387500 0.702344 0.387500 0.700781 0.384375 0.700000 0.383333 0.700781 0.381250 0.700781 0.380208 0.704688 0.377083
0 0.693750 0.389583 0.695312 0.390625 0.696094 0.390625 0.696875 0.400000 0.696875 0.401042 0.694531 0.404167 0.693750 0.405208 0.684375 0.409375 0.683594 0.409375 0.682031 0.411458 0.681250 0.412500 0.680469 0.417708 0.680469 0.418750 0.677344 0.421875 0.676562 0.422917 0.673438 0.423958 0.672656 0.423958 0.671875 0.422917 0.671094 0.421875 0.670312 0.416667 0.669531 0.415625 0.671094 0.410417 0.671094 0.409375 0.682813 0.400000 0.683594 0.400000 0.693750 0.389583
0 0.635156 0.386458 0.638281 0.386458 0.639062 0.386458 0.640625 0.388542 0.641406 0.388542 0.641406 0.395833 0.641406 0.396875 0.633594 0.395833 0.632812 0.394792 0.632031 0.390625 0.632031 0.389583 0.635156 0.386458
0 0.594531 0.388542 0.596094 0.388542 0.596875 0.388542 0.596875 0.392708 0.596875 0.393750 0.593750 0.411458 0.593750 0.412500 0.591406 0.413542 0.590625 0.413542 0.589063 0.411458 0.588281 0.410417 0.586719 0.403125 0.586719 0.402083 0.589063 0.396875 0.589063 0.395833 0.594531 0.388542
0 0.625781 0.372917 0.630469 0.377083 0.631250 0.377083 0.632812 0.381250 0.632812 0.382292 0.628125 0.384375 0.627344 0.385417 0.620313 0.386458 0.619531 0.386458 0.618750 0.382292 0.618750 0.381250 0.625781 0.372917
0 0.319531 0.273958 0.322656 0.273958 0.323437 0.273958 0.326562 0.276042 0.327344 0.276042 0.327344 0.282292 0.327344 0.283333 0.325781 0.286458 0.325000 0.287500 0.322656 0.288542 0.321875 0.289583 0.318750 0.287500 0.317969 0.286458 0.317188 0.282292 0.316406 0.281250 0.317188 0.276042 0.317188 0.275000 0.319531 0.273958
0 0.731250 0.570833 0.732812 0.571875 0.733594 0.572917 0.734375 0.579167 0.734375 0.580208 0.739062 0.585417 0.739844 0.586458 0.737500 0.594792 0.736719 0.595833 0.733594 0.594792 0.732812 0.594792 0.728906 0.585417 0.728125 0.584375 0.725000 0.585417 0.724219 0.585417 0.721094 0.581250 0.720313 0.580208 0.720313 0.576042 0.721094 0.575000 0.727344 0.573958 0.728125 0.573958 0.731250 0.570833
0 0.765625 0.611458 0.766406 0.611458 0.767188 0.611458 0.767969 0.615625 0.768750 0.616667 0.767969 0.621875 0.767969 0.622917 0.761719 0.630208 0.760938 0.631250 0.757812 0.631250 0.757031 0.631250 0.757031 0.627083 0.757031 0.626042 0.761719 0.620833 0.762500 0.619792 0.762500 0.617708 0.762500 0.616667 0.765625 0.611458
0 0.825000 0.721875 0.827344 0.725000 0.828125 0.726042 0.833594 0.726042 0.834375 0.726042 0.837500 0.730208 0.838281 0.731250 0.835156 0.733333 0.834375 0.734375 0.826562 0.735417 0.825781 0.735417 0.823438 0.731250 0.822656 0.730208 0.822656 0.725000 0.822656 0.723958 0.825000 0.721875
0 0.527344 0.004167 0.537500 0.007292 0.538281 0.007292 0.538281 0.011458 0.538281 0.012500 0.535156 0.017708 0.534375 0.018750 0.533594 0.026042 0.533594 0.027083 0.532813 0.029167 0.532031 0.030208 0.530469 0.030208 0.529687 0.031250 0.527344 0.028125 0.526563 0.027083 0.521094 0.013542 0.520312 0.012500 0.521094 0.010417 0.521094 0.009375 0.523438 0.008333 0.524219 0.008333 0.527344 0.004167
0 0.543750 0.084375 0.547656 0.085417 0.548438 0.085417 0.552344 0.089583 0.553125 0.090625 0.554688 0.094792 0.555469 0.095833 0.553125 0.102083 0.552344 0.103125 0.546094 0.102083 0.545312 0.101042 0.541406 0.090625 0.540625 0.089583 0.540625 0.087500 0.540625 0.086458 0.543750 0.084375
0 0.552344 0.075000 0.559375 0.075000 0.560156 0.075000 0.562500 0.076042 0.563281 0.076042 0.563281 0.078125 0.564063 0.079167 0.561719 0.083333 0.560937 0.084375 0.556250 0.085417 0.555469 0.085417 0.552344 0.083333 0.551562 0.082292 0.552344 0.075000
0 0.579688 0.032292 0.585156 0.033333 0.585938 0.033333 0.591406 0.043750 0.591406 0.044792 0.588281 0.045833 0.587500 0.045833 0.582812 0.043750 0.582031 0.042708 0.578906 0.042708 0.578125 0.042708 0.577344 0.037500 0.577344 0.036458 0.579688 0.032292
0 0.282031 0.121875 0.285156 0.127083 0.285156 0.128125 0.289062 0.133333 0.289844 0.134375 0.292187 0.135417 0.292969 0.136458 0.296875 0.137500 0.297656 0.137500 0.303125 0.135417 0.303906 0.134375 0.307031 0.135417 0.307812 0.136458 0.299219 0.143750 0.298438 0.144792 0.298438 0.147917 0.298438 0.148958 0.300000 0.151042 0.300781 0.152083 0.300781 0.156250 0.300000 0.157292 0.298438 0.158333 0.297656 0.158333 0.291406 0.156250 0.290625 0.156250 0.282031 0.148958 0.281250 0.147917 0.279687 0.140625 0.279687 0.139583 0.281250 0.137500 0.282031 0.136458 0.282031 0.121875
0 0.020313 0.003125 0.022656 0.005208 0.023438 0.006250 0.025000 0.016667 0.025000 0.017708 0.018750 0.021875 0.017969 0.022917 0.010937 0.021875 0.010156 0.021875 0.007812 0.019792 0.007031 0.018750 0.006250 0.013542 0.006250 0.012500 0.008594 0.005208 0.009375 0.004167 0.013281 0.006250 0.014063 0.007292 0.020313 0.003125
0 0.012500 0.039583 0.015625 0.039583 0.016406 0.039583 0.016406 0.047917 0.016406 0.048958 0.014844 0.057292 0.014844 0.058333 0.009375 0.062500 0.008594 0.062500 0.000781 0.057292 0.000000 0.057292 0.000000 0.047917 0.000000 0.046875 0.012500 0.039583
0 0.020313 0.064583 0.023438 0.065625 0.024219 0.065625 0.025000 0.068750 0.025781 0.069792 0.025000 0.088542 0.024219 0.089583 0.021094 0.088542 0.020313 0.088542 0.020313 0.085417 0.019531 0.084375 0.020313 0.064583
0 0.039062 0.657292 0.041406 0.657292 0.042188 0.657292 0.046094 0.660417 0.046875 0.661458 0.051562 0.661458 0.052344 0.661458 0.056250 0.664583 0.057031 0.664583 0.060937 0.670833 0.061719 0.671875 0.060937 0.676042 0.060937 0.677083 0.050781 0.680208 0.050000 0.680208 0.046094 0.679167 0.045312 0.678125 0.039844 0.678125 0.039062 0.678125 0.035937 0.676042 0.035156 0.676042 0.032813 0.669792 0.032813 0.668750 0.039062 0.657292
0 0.046094 0.638542 0.047656 0.638542 0.048438 0.638542 0.052344 0.643750 0.053125 0.644792 0.053125 0.653125 0.053125 0.654167 0.050781 0.657292 0.050000 0.658333 0.041406 0.655208 0.040625 0.654167 0.040625 0.647917 0.040625 0.646875 0.046094 0.638542
0 0.043953 0.603554 0.052344 0.604167 0.053125 0.605208 0.053906 0.613542 0.053906 0.614583 0.052344 0.621875 0.052344 0.622917 0.050781 0.625000 0.050000 0.626042 0.043750 0.625000 0.042969 0.625000 0.034375 0.613542 0.033594 0.612500 0.035926 0.607572 0.037036 0.606827 0.039598 0.606980 0.040602 0.604167
0 0.014063 0.592708 0.017188 0.592708 0.017969 0.592708 0.025000 0.600000 0.025781 0.600000 0.027344 0.605208 0.027344 0.606250 0.025000 0.607292 0.024219 0.608333 0.009375 0.607292 0.008594 0.607292 0.007812 0.598958 0.007812 0.597917 0.014063 0.592708
0 0.083594 0.680208 0.087500 0.680208 0.088281 0.680208 0.089844 0.682292 0.090625 0.683333 0.092188 0.690625 0.092969 0.691667 0.092969 0.698958 0.092969 0.700000 0.091406 0.703125 0.091406 0.704167 0.089844 0.706250 0.089063 0.707292 0.087500 0.707292 0.086719 0.708333 0.083594 0.708333 0.082812 0.707292 0.083594 0.680208
0 0.279687 0.500000 0.287500 0.502083 0.288281 0.503125 0.289062 0.518750 0.289062 0.519792 0.287500 0.526042 0.287500 0.527083 0.286719 0.527083 0.285938 0.527083 0.281250 0.519792 0.281250 0.518750 0.276562 0.513542 0.275781 0.512500 0.276562 0.504167 0.276562 0.503125 0.279687 0.500000
0 0.267188 0.508333 0.268750 0.509375 0.269531 0.509375 0.270313 0.512500 0.270313 0.513542 0.267969 0.517708 0.267188 0.518750 0.262500 0.521875 0.261719 0.522917 0.256250 0.523958 0.255469 0.523958 0.248438 0.517708 0.247656 0.516667 0.248438 0.514583 0.248438 0.513542 0.250781 0.513542 0.251563 0.513542 0.253906 0.515625 0.254688 0.516667 0.259375 0.516667 0.260156 0.516667 0.267188 0.508333
0 0.257812 0.483333 0.261719 0.483333 0.262500 0.483333 0.265625 0.485417 0.266406 0.486458 0.267188 0.492708 0.267188 0.493750 0.264844 0.500000 0.264062 0.501042 0.258594 0.500000 0.257812 0.500000 0.253906 0.494792 0.253125 0.493750 0.253125 0.491667 0.253125 0.490625 0.255469 0.485417 0.255469 0.484375 0.257812 0.483333
0 0.275781 0.534375 0.280469 0.535417 0.281250 0.535417 0.282031 0.544792 0.282031 0.545833 0.280469 0.547917 0.279687 0.548958 0.275000 0.550000 0.274219 0.550000 0.273438 0.548958 0.272656 0.548958 0.272656 0.540625 0.272656 0.539583 0.275781 0.534375
0 0.235156 0.506250 0.239063 0.508333 0.239844 0.509375 0.242188 0.517708 0.242188 0.518750 0.239063 0.525000 0.239063 0.526042 0.233594 0.529167 0.232813 0.530208 0.232031 0.534375 0.231250 0.534375 0.223438 0.525000 0.222656 0.523958 0.218750 0.521875 0.217969 0.521875 0.217969 0.519792 0.217188 0.518750 0.235156 0.506250
0 0.328125 0.436458 0.331250 0.437500 0.332031 0.438542 0.339062 0.438542 0.339844 0.438542 0.342969 0.440625 0.343750 0.441667 0.344531 0.445833 0.344531 0.446875 0.340625 0.455208 0.339844 0.456250 0.338281 0.457292 0.337500 0.458333 0.334375 0.458333 0.333594 0.458333 0.325000 0.452083 0.324219 0.451042 0.325781 0.440625 0.325781 0.439583 0.328125 0.436458
0 0.411719 0.687500 0.422656 0.687500 0.423438 0.687500 0.423438 0.693750 0.423438 0.694792 0.418750 0.700000 0.418750 0.701042 0.410938 0.706250 0.410156 0.706250 0.406250 0.712500 0.406250 0.713542 0.403125 0.716667 0.402344 0.716667 0.396094 0.726042 0.395313 0.727083 0.385937 0.727083 0.385156 0.727083 0.385156 0.721875 0.385156 0.720833 0.387500 0.716667 0.388281 0.715625 0.389062 0.710417 0.389844 0.709375 0.389062 0.707292 0.389062 0.706250 0.391406 0.701042 0.391406 0.700000 0.396094 0.694792 0.396875 0.693750 0.401562 0.692708 0.402344 0.692708 0.411719 0.687500
0 0.430469 0.702083 0.445312 0.702083 0.446094 0.702083 0.452344 0.705208 0.453125 0.705208 0.468750 0.720833 0.468750 0.721875 0.466406 0.722917 0.465625 0.722917 0.453125 0.716667 0.452344 0.715625 0.440625 0.715625 0.439844 0.715625 0.430469 0.709375 0.429688 0.709375 0.428906 0.704167 0.428906 0.703125 0.430469 0.702083
0 0.479687 0.614583 0.481250 0.614583 0.482031 0.614583 0.489063 0.619792 0.489844 0.619792 0.496094 0.628125 0.496875 0.629167 0.500000 0.629167 0.500781 0.628125 0.507031 0.633333 0.507812 0.633333 0.509375 0.637500 0.510156 0.638542 0.510938 0.645833 0.511719 0.646875 0.507031 0.650000 0.506250 0.651042 0.498437 0.650000 0.497656 0.650000 0.495312 0.646875 0.494531 0.646875 0.492188 0.642708 0.492188 0.641667 0.485156 0.634375 0.484375 0.634375 0.478906 0.626042 0.478125 0.625000 0.477344 0.617708 0.477344 0.616667 0.479687 0.614583
0 0.306250 0.360417 0.308594 0.361458 0.309375 0.361458 0.314063 0.369792 0.314844 0.370833 0.312500 0.377083 0.311719 0.378125 0.308594 0.378125 0.307812 0.378125 0.302344 0.371875 0.301563 0.370833 0.300781 0.366667 0.300781 0.365625 0.306250 0.360417
0 0.277344 0.261458 0.282031 0.261458 0.282813 0.262500 0.284375 0.266667 0.285156 0.267708 0.284375 0.272917 0.283594 0.273958 0.278125 0.275000 0.277344 0.276042 0.275000 0.275000 0.274219 0.273958 0.277344 0.261458
0 0.282031 0.211458 0.283594 0.211458 0.284375 0.212500 0.284375 0.218750 0.284375 0.219792 0.289844 0.231250 0.289844 0.232292 0.287500 0.233333 0.286719 0.233333 0.279687 0.228125 0.278906 0.227083 0.271875 0.227083 0.271094 0.227083 0.265625 0.221875 0.264844 0.220833 0.266406 0.218750 0.267188 0.217708 0.271875 0.216667 0.272656 0.216667 0.282031 0.211458
0 0.286719 0.259375 0.291406 0.261458 0.292187 0.261458 0.293750 0.265625 0.293750 0.266667 0.292969 0.267708 0.292187 0.268750 0.287500 0.268750 0.286719 0.268750 0.284375 0.264583 0.283594 0.263542 0.283594 0.262500 0.283594 0.261458 0.286719 0.259375
0 0.285156 0.273958 0.285938 0.273958 0.286719 0.273958 0.289062 0.277083 0.289844 0.278125 0.289844 0.281250 0.289062 0.282292 0.284375 0.281250 0.283594 0.280208 0.282813 0.278125 0.282813 0.277083 0.285156 0.273958
0 0.298438 0.267708 0.300781 0.268750 0.301563 0.268750 0.305469 0.272917 0.306250 0.273958 0.304688 0.278125 0.303906 0.279167 0.297656 0.283333 0.296875 0.283333 0.295312 0.282292 0.294531 0.282292 0.292969 0.279167 0.292969 0.278125 0.296094 0.270833 0.296094 0.269792 0.298438 0.267708
0 0.316406 0.211458 0.325000 0.211458 0.325781 0.211458 0.326801 0.213250 0.326946 0.216331 0.317969 0.215625 0.317188 0.215625 0.316406 0.214583 0.315625 0.214583 0.316406 0.211458
0 0.325000 0.227083 0.328125 0.228125 0.328906 0.229167 0.327344 0.235417 0.326562 0.236458 0.325000 0.236458 0.324219 0.236458 0.325000 0.227083
0 0.277344 0.244792 0.279687 0.244792 0.280469 0.244792 0.282813 0.246875 0.283594 0.247917 0.285938 0.246875 0.286719 0.247917 0.285938 0.251042 0.285938 0.252083 0.280469 0.257292 0.279687 0.258333 0.277344 0.258333 0.276562 0.257292 0.277344 0.244792
0 0.273438 0.348958 0.275000 0.348958 0.275781 0.350000 0.275781 0.365625 0.275781 0.366667 0.269531 0.367708 0.268750 0.367708 0.267969 0.366667 0.267188 0.365625 0.267188 0.362500 0.266406 0.361458 0.267188 0.356250 0.267188 0.355208 0.267969 0.353125 0.268750 0.352083 0.273438 0.348958
0 0.139063 0.378125 0.145313 0.379167 0.146094 0.379167 0.146875 0.384375 0.146875 0.385417 0.150781 0.390625 0.151562 0.391667 0.149219 0.397917 0.149219 0.398958 0.146094 0.402083 0.145313 0.403125 0.139844 0.403125 0.139063 0.403125 0.138281 0.398958 0.138281 0.397917 0.135937 0.393750 0.135156 0.392708 0.135156 0.382292 0.135156 0.381250 0.139063 0.378125
0 0.141406 0.413542 0.145313 0.417708 0.146094 0.418750 0.143750 0.422917 0.142969 0.423958 0.137500 0.419792 0.136719 0.418750 0.138281 0.415625 0.139063 0.414583 0.141406 0.413542
0 0.110937 0.423958 0.117969 0.423958 0.118750 0.423958 0.124219 0.426042 0.125000 0.426042 0.125781 0.428125 0.125781 0.429167 0.121875 0.438542 0.121875 0.439583 0.119531 0.440625 0.118750 0.440625 0.114062 0.438542 0.113281 0.438542 0.108594 0.442708 0.107813 0.443750 0.104688 0.442708 0.103906 0.442708 0.102344 0.440625 0.101562 0.440625 0.101562 0.434375 0.101562 0.433333 0.110937 0.423958
0 0.113281 0.392708 0.119531 0.393750 0.120313 0.393750 0.123438 0.396875 0.124219 0.397917 0.118750 0.404167 0.117969 0.404167 0.109375 0.398958 0.108594 0.397917 0.109375 0.395833 0.110156 0.394792 0.113281 0.392708
0 0.294531 0.551042 0.297656 0.552083 0.298438 0.552083 0.298438 0.558333 0.297656 0.559375 0.294531 0.558333 0.293750 0.558333 0.294531 0.551042
0 0.259375 0.633333 0.262500 0.633333 0.263281 0.633333 0.264062 0.641667 0.264844 0.642708 0.264062 0.645833 0.264062 0.646875 0.258594 0.650000 0.257812 0.651042 0.252344 0.650000 0.251563 0.650000 0.251563 0.646875 0.251563 0.645833 0.259375 0.633333
0 0.609881 0.076768 0.607375 0.078676 0.606122 0.080347 0.606122 0.082733 0.606659 0.084403 0.608628 0.085596 0.610954 0.085596 0.616144 0.081540 0.614534 0.080108 0.612565 0.079631 0.611133 0.078438
0 0.602603 0.096255 0.604989 0.090289 0.604989 0.088301 0.605884 0.085517 0.606182 0.081937 0.606182 0.075574 0.604989 0.070802 0.604691 0.066428 0.601708 0.066030 0.601111 0.067621 0.600813 0.070404 0.599322 0.072393 0.598129 0.072791 0.596637 0.074381 0.596637 0.075972 0.596041 0.077165 0.596041 0.079154 0.600813 0.081937 0.600813 0.085119 0.601708 0.087903 0.601708 0.091880 0.601111 0.093073 0.601111 0.099038 0.601708 0.099436
0 0.689191 0.059833 0.687250 0.059833 0.686388 0.059258 0.684447 0.052644 0.684662 0.051781 0.685094 0.051781 0.687466 0.048905 0.689839 0.047468 0.691348 0.047180 0.691780 0.058395 0.690917 0.058682
0 0.663311 0.000000 0.683153 0.000000 0.681859 0.002895 0.674310 0.008071 0.672585 0.008359 0.672369 0.009509 0.671938 0.009797 0.670859 0.009797 0.668702 0.008359 0.667193 0.006633 0.666563 0.006439 0.664389 0.005771 0.663311 0.004908 0.662448 0.003758 0.662448 0.001457
0 0.737071 0.015260 0.734483 0.014398 0.734267 0.008646 0.736855 0.006633 0.738796 0.002608 0.739012 0.000882 0.739443 0.000307 0.742031 0.000000 0.745051 0.000000 0.745698 0.000594 0.745698 0.006058 0.746129 0.007208 0.745914 0.008646 0.743110 0.010372 0.740090 0.011522 0.737934 0.013247
0 0.727150 0.013247 0.724993 0.013535 0.723699 0.012385 0.723484 0.006633 0.724778 0.003183 0.726072 0.002032 0.728444 0.001457 0.729522 0.000307 0.738365 0.000594 0.738365 0.002608 0.737502 0.004620 0.736640 0.005483 0.736208 0.006921 0.735346 0.007784 0.732758 0.007208 0.731463 0.007784 0.730385 0.009221 0.728875 0.012672
0 0.681588 0.053796 0.681181 0.054040 0.678870 0.054040 0.678562 0.053630 0.678562 0.052192 0.678870 0.051781 0.678870 0.049932 0.679024 0.049316 0.679024 0.048084 0.678716 0.046646 0.678716 0.044181 0.678870 0.043565 0.678870 0.041511 0.678716 0.040689 0.678716 0.037197 0.678870 0.036581 0.679178 0.036170 0.680873 0.035349 0.681335 0.034938 0.685032 0.034938 0.685494 0.035143 0.686727 0.036376 0.686727 0.036992 0.687343 0.038019 0.687497 0.038635 0.686881 0.040484 0.686110 0.042127 0.685032 0.043770 0.685032 0.045003 0.685340 0.046235 0.685340 0.047468 0.685494 0.048289 0.685494 0.050754 0.685340 0.051370 0.685032 0.051986 0.684262 0.052808 0.681797 0.053424
0 0.745883 0.080743 0.744650 0.080948 0.744342 0.081359 0.743880 0.081564 0.740645 0.081564 0.739104 0.080948 0.738642 0.079716 0.738796 0.077251 0.739104 0.076635 0.740029 0.076019 0.741569 0.073964 0.743264 0.073759 0.743264 0.069856 0.743880 0.068419 0.744496 0.067597 0.744958 0.067392 0.750966 0.067392 0.751429 0.067802 0.752045 0.068008 0.753739 0.069651 0.753739 0.070267 0.752661 0.070678 0.752199 0.071500 0.752045 0.072527 0.751583 0.073964 0.751429 0.075197 0.751429 0.077046 0.752507 0.077456 0.752045 0.077867 0.751583 0.077867 0.750658 0.078483 0.750196 0.078483 0.748656 0.079100 0.748194 0.079100 0.747115 0.079716
0 0.721697 0.065748 0.721080 0.064311 0.720772 0.063900 0.720156 0.062051 0.720156 0.060613 0.720464 0.060203 0.719848 0.058970 0.719694 0.058354 0.719232 0.058148 0.718924 0.057738 0.716613 0.053424 0.716151 0.053219 0.714610 0.053835 0.713532 0.054451 0.712761 0.055273 0.712299 0.055273 0.711991 0.055684 0.710913 0.055889 0.710605 0.056300 0.710451 0.055273 0.710451 0.053630 0.710297 0.053013 0.710451 0.051781 0.710913 0.051781 0.711375 0.051576 0.711683 0.051165 0.712145 0.051165 0.713070 0.050549 0.713532 0.050549 0.714918 0.049932 0.719848 0.049932 0.721697 0.051576 0.722005 0.051986 0.722313 0.052808 0.722775 0.053424 0.722929 0.054246 0.723699 0.056094 0.723699 0.056711 0.724161 0.057943 0.724624 0.059792 0.724624 0.063900 0.724440 0.065251 0.724315 0.065748 0.723391 0.066159 0.722929 0.066570
0 0.694275 0.110526 0.692272 0.110732 0.691502 0.109910 0.691348 0.109088 0.691348 0.102105 0.690886 0.101488 0.690886 0.099024 0.690578 0.096764 0.690578 0.094916 0.690886 0.094505 0.691348 0.094299 0.693351 0.094299 0.693813 0.094505 0.694583 0.095943 0.694737 0.096559 0.695970 0.098202 0.696432 0.099845 0.696432 0.101694 0.696740 0.102310 0.700437 0.102310 0.701516 0.102721 0.701824 0.103132 0.701978 0.103748 0.701362 0.104980 0.700899 0.107034 0.700591 0.107445 0.699821 0.107445 0.697972 0.108061 0.697510 0.108061 0.697202 0.108472 0.696740 0.108472 0.695662 0.109088 0.695354 0.109499
0 0.706824 0.123399 0.705376 0.123548 0.704596 0.123102 0.703260 0.121914 0.702703 0.121617 0.701366 0.119983 0.701032 0.119241 0.700363 0.118498 0.699584 0.116270 0.699472 0.115082 0.698693 0.111815 0.698693 0.110329 0.698915 0.108993 0.699472 0.107804 0.699918 0.107507 0.700141 0.107062 0.702591 0.107062 0.705822 0.107953 0.709720 0.110181 0.710389 0.110478 0.711391 0.110626 0.713285 0.111815 0.713842 0.111815 0.714287 0.112260 0.714733 0.112260 0.716070 0.112854 0.716627 0.112854 0.716849 0.113300 0.717406 0.114785 0.717518 0.116122 0.716404 0.116419 0.715179 0.117013 0.714287 0.117161 0.713619 0.117904 0.713285 0.119389 0.712616 0.120132 0.711614 0.120429 0.710834 0.121171 0.709498 0.122063 0.708606 0.122211 0.707715 0.122657
0 0.915147 0.223727 0.914207 0.221937 0.914207 0.220326 0.914341 0.219789 0.914878 0.219610 0.917026 0.216925 0.918368 0.216030 0.920114 0.215135 0.920516 0.214598 0.921322 0.214598 0.921724 0.214777 0.922127 0.215493 0.922396 0.217462 0.922396 0.220326 0.921724 0.221221 0.920919 0.222653 0.919577 0.225696 0.919174 0.226054 0.918234 0.226412 0.917026 0.226412 0.915818 0.225159
0 0.913938 0.224801 0.912864 0.225338 0.912327 0.225338 0.910851 0.223906 0.910045 0.222653 0.909911 0.222116 0.909106 0.221400 0.908166 0.220147 0.907361 0.217820 0.907361 0.216746 0.907495 0.215672 0.908435 0.214598 0.910045 0.213883 0.910851 0.213166 0.911119 0.212629 0.911656 0.212093 0.912596 0.211377 0.912864 0.210840 0.913401 0.210482 0.916086 0.210482 0.916757 0.210661 0.917966 0.211556 0.918100 0.212272 0.918100 0.213703 0.917697 0.214240 0.917563 0.214777 0.916757 0.215851 0.916137 0.217149 0.915818 0.218357 0.915415 0.219073 0.915415 0.220863 0.914878 0.223906
0 0.954918 0.129491 0.956141 0.129310 0.956685 0.128947 0.957908 0.126230 0.958451 0.126048 0.959403 0.124780 0.960490 0.123874 0.961577 0.122243 0.962256 0.120431 0.962664 0.120069 0.963072 0.118257 0.963072 0.117714 0.963479 0.116445 0.963479 0.115902 0.964567 0.113365 0.965246 0.112459 0.965518 0.111553 0.965518 0.111009 0.965110 0.110647 0.964159 0.110285 0.964295 0.109198 0.964838 0.108654 0.966197 0.108110 0.967964 0.107748 0.968779 0.107929 0.969595 0.109741 0.970002 0.110285 0.970274 0.111553 0.970274 0.114271 0.970818 0.114996 0.970818 0.116808 0.970410 0.118982 0.968507 0.122787 0.967964 0.124780 0.967556 0.125505 0.966741 0.127860 0.965790 0.129672 0.965790 0.130216 0.965382 0.131484 0.965382 0.132934 0.965246 0.133477 0.964431 0.134383 0.963887 0.135652 0.963479 0.136014 0.959674 0.136014 0.957772 0.135470 0.956956 0.135470 0.955733 0.134383 0.954374 0.133477 0.954103 0.132752 0.954103 0.132209 0.953695 0.131122 0.953695 0.129491
0 0.902463 0.152321 0.902463 0.150147 0.902191 0.149241 0.902191 0.148697 0.901783 0.148154 0.901376 0.147973 0.900968 0.147248 0.900968 0.145979 0.900560 0.144349 0.900560 0.141993 0.900289 0.140181 0.900289 0.137463 0.900424 0.136920 0.901104 0.135833 0.901919 0.134927 0.902871 0.134927 0.904637 0.136014 0.906404 0.137645 0.907083 0.138732 0.907627 0.139094 0.908306 0.140000 0.910481 0.141993 0.911432 0.142174 0.913878 0.143624 0.914286 0.144711 0.914286 0.145979 0.913606 0.147067 0.912927 0.150328 0.912519 0.151053 0.911704 0.151596 0.909665 0.152502 0.905588 0.153408 0.903686 0.153408
0 0.954844 0.164718 0.954142 0.164718 0.953090 0.164063 0.952879 0.163595 0.952809 0.161910 0.951966 0.161255 0.951265 0.160319 0.951124 0.159758 0.951124 0.157886 0.952809 0.158261 0.953160 0.156763 0.953300 0.155453 0.953300 0.153862 0.952809 0.153020 0.953160 0.152739 0.956318 0.152739 0.956739 0.153114 0.957441 0.153862 0.958003 0.154985 0.959266 0.158354 0.960178 0.159664 0.960178 0.162097 0.959126 0.162753 0.958354 0.163688 0.957932 0.163782 0.957160 0.163501 0.956459 0.162753 0.956459 0.163595
0 0.661788 0.166804 0.660378 0.166939 0.658666 0.165864 0.658062 0.165059 0.658364 0.164522 0.658767 0.164253 0.659170 0.163045 0.659472 0.162642 0.659774 0.161434 0.659774 0.156063 0.659271 0.154184 0.658969 0.153647 0.658969 0.150961 0.661889 0.148545 0.662191 0.147471 0.662292 0.146128 0.663097 0.143711 0.664003 0.141563 0.664708 0.140623 0.667729 0.138744 0.668434 0.138072 0.668937 0.137938 0.671052 0.137938 0.671958 0.138072 0.672462 0.138341 0.672764 0.138878 0.673167 0.142234 0.673469 0.142637 0.674073 0.145725 0.674073 0.148813 0.673570 0.151096 0.673267 0.151767 0.673167 0.152975 0.672764 0.154049 0.672764 0.154587 0.672462 0.155258 0.672260 0.156869 0.671455 0.160091 0.671455 0.160628 0.670951 0.161837 0.670448 0.162642 0.669642 0.163314 0.668031 0.165193 0.666319 0.165864 0.664003 0.165864 0.662694 0.166133
0 0.678101 0.164522 0.677094 0.164522 0.676691 0.164119 0.676288 0.161837 0.676288 0.155661 0.676792 0.152438 0.677497 0.151499 0.679007 0.150290 0.679410 0.150290 0.683639 0.146128 0.684042 0.145994 0.684646 0.145994 0.684948 0.146665 0.685452 0.148411 0.685754 0.150156 0.685854 0.154855 0.684948 0.157674 0.684344 0.158614 0.684143 0.159286 0.683639 0.159554 0.682934 0.160494 0.680316 0.162642 0.679712 0.163045 0.679108 0.163179 0.678604 0.163582
0 0.655847 0.165193 0.654639 0.165327 0.654236 0.164925 0.653934 0.164253 0.653934 0.163448 0.653632 0.162105 0.651618 0.159554 0.650812 0.158077 0.650611 0.156869 0.651618 0.154989 0.652323 0.154184 0.653128 0.153647 0.653732 0.151901 0.654236 0.151230 0.654639 0.150961 0.656350 0.150961 0.657156 0.150559 0.658264 0.149485 0.658666 0.149350 0.659069 0.153512 0.659069 0.159688 0.659774 0.160360 0.659774 0.162642 0.659069 0.163582 0.657458 0.164253 0.657055 0.164656 0.656653 0.164790
0 0.342480 0.583223 0.341628 0.584035 0.341628 0.584684 0.341141 0.585333 0.340898 0.585982 0.340776 0.587281 0.340533 0.587767 0.340411 0.589228 0.339681 0.591014 0.339559 0.591987 0.339559 0.592799 0.340046 0.593935 0.340776 0.594746 0.341750 0.595396 0.342115 0.596207 0.341750 0.598155 0.341020 0.599615 0.341020 0.600427 0.340654 0.602699 0.340654 0.604809 0.340898 0.605458 0.341263 0.607406 0.341507 0.607893 0.341872 0.608217 0.342846 0.608217 0.343941 0.607893 0.346984 0.607893 0.349419 0.609029 0.351245 0.609678 0.352462 0.610003 0.354166 0.610165 0.367069 0.610165 0.366704 0.609840 0.366704 0.609029 0.367921 0.607406 0.369382 0.606270 0.371938 0.602699 0.373277 0.599778 0.373520 0.598804 0.373885 0.597993 0.374616 0.596694 0.374981 0.596369 0.376198 0.593773 0.376807 0.593123 0.377902 0.591500 0.380337 0.589066 0.383502 0.586631 0.383989 0.586469 0.384354 0.586145 0.384841 0.585008 0.384597 0.584522 0.383502 0.584522 0.382771 0.583710 0.381919 0.581600 0.381798 0.580626 0.381554 0.580139 0.379606 0.576731 0.379241 0.576407 0.378024 0.574297 0.377537 0.573161 0.376320 0.571051 0.375955 0.570726 0.375711 0.570239 0.374616 0.569428 0.373642 0.569265 0.371329 0.567967 0.370477 0.567318 0.369503 0.567155 0.365365 0.569103 0.361104 0.570564 0.360617 0.570888 0.359765 0.571700 0.359522 0.572187 0.358305 0.573485 0.355261 0.576244 0.354896 0.576893 0.351975 0.579490 0.349297 0.581600 0.348323 0.581762 0.346497 0.581762 0.344550 0.582249 0.343454 0.582736
0 0.339072 0.620065 0.338950 0.616332 0.339559 0.615359 0.340168 0.614709 0.340898 0.614223 0.341385 0.613249 0.341385 0.610327 0.342724 0.607568 0.343698 0.607568 0.344063 0.607244 0.344550 0.607244 0.344915 0.606919 0.345402 0.606919 0.345889 0.607244 0.346132 0.607893 0.346132 0.608542 0.346376 0.609029 0.346741 0.609353 0.347228 0.610327 0.347471 0.612437 0.347471 0.613086 0.347228 0.614223 0.345889 0.615683 0.344671 0.617468 0.343454 0.618767 0.343089 0.620390 0.342359 0.621364 0.341020 0.622175 0.340046 0.622500 0.339437 0.622500 0.339072 0.622824
0 0.339572 0.459641 0.346043 0.459641 0.348270 0.459358 0.350604 0.460348 0.353256 0.462611 0.357711 0.465016 0.358029 0.465440 0.358878 0.466006 0.359832 0.467137 0.359938 0.467703 0.360150 0.469683 0.360363 0.470531 0.360363 0.471663 0.360575 0.472228 0.360893 0.474633 0.360893 0.475906 0.361211 0.477178 0.361211 0.477886 0.360999 0.478451 0.359514 0.478451 0.358559 0.477603 0.357923 0.476754 0.355695 0.475906 0.352619 0.473218 0.351665 0.471946 0.351559 0.471380 0.350816 0.470531 0.350392 0.470531 0.348907 0.468834 0.348482 0.468834 0.347952 0.468410 0.346997 0.468127 0.345831 0.467986 0.344346 0.468127 0.343179 0.468693 0.342330 0.468834 0.341800 0.466996 0.340951 0.465864 0.340315 0.464591 0.339891 0.464167 0.339042 0.462611 0.338936 0.460914
0 0.364181 0.479866 0.363014 0.479724 0.361423 0.478734 0.361105 0.478027 0.360893 0.476754 0.360787 0.474774 0.360363 0.472794 0.360256 0.471380 0.360256 0.466996 0.360363 0.465864 0.363014 0.465723 0.365560 0.467420 0.366833 0.467703 0.367469 0.468551 0.370970 0.471097 0.372030 0.473643 0.371076 0.475623 0.368848 0.479158 0.368424 0.479583 0.368000 0.479866 0.367151 0.480007 0.365136 0.480856 0.364605 0.480856 0.364075 0.481421
0 0.391972 0.467420 0.391017 0.467844 0.386881 0.467703 0.386456 0.467561 0.386138 0.466713 0.386032 0.460773 0.386456 0.460490 0.388684 0.460490 0.390169 0.461338 0.391123 0.461480 0.391866 0.462328 0.392714 0.463884 0.392927 0.464733 0.392927 0.466571
0 0.391972 0.449317 0.391123 0.449034 0.386244 0.444508 0.385608 0.443377 0.385183 0.442104 0.385077 0.441397 0.385502 0.440690 0.386456 0.440124 0.388366 0.439983 0.391972 0.438851 0.394093 0.438427 0.394730 0.437861 0.397063 0.438003 0.397169 0.439983 0.396639 0.442246 0.396639 0.442953 0.396003 0.444791 0.393881 0.448044 0.393351 0.449458 0.392821 0.449600
0 0.307539 0.477178 0.306584 0.476896 0.306266 0.476471 0.306266 0.475764 0.305948 0.475340 0.305842 0.474633 0.304357 0.474491 0.303190 0.473926 0.302341 0.469258 0.302235 0.468127 0.302553 0.467420 0.304887 0.466288 0.308600 0.466288 0.309448 0.466571 0.309978 0.467137 0.310297 0.468127 0.310297 0.473218 0.310085 0.473784 0.310085 0.474350 0.309766 0.474916 0.308281 0.476330
0 0.296826 0.500797 0.295977 0.501221 0.295128 0.501929 0.294598 0.502070 0.291734 0.504333 0.290037 0.504899 0.289613 0.505181 0.289082 0.503060 0.289082 0.501929 0.289401 0.500656 0.290355 0.498817 0.290461 0.498251 0.290355 0.495847 0.290461 0.493726 0.290779 0.493160 0.292477 0.492029 0.293219 0.491746 0.294916 0.491463 0.296507 0.490897 0.297992 0.490897 0.298841 0.491180 0.299371 0.491604 0.299583 0.494291 0.299583 0.497120 0.298947 0.498534 0.298629 0.498959 0.297250 0.499666
0 0.307539 0.520314 0.309024 0.518900 0.309236 0.517910 0.310085 0.516071 0.310191 0.507303 0.309978 0.506737 0.309448 0.506313 0.308387 0.506030 0.307115 0.506030 0.306372 0.506313 0.304993 0.507586 0.303720 0.508293 0.302978 0.509000 0.302660 0.509424 0.302023 0.511121 0.302341 0.512253 0.302341 0.513667 0.302129 0.514233 0.300750 0.516496 0.300750 0.517627 0.301174 0.518051 0.303084 0.519041 0.304887 0.520739 0.305523 0.521021 0.305948 0.521446 0.307115 0.521870 0.308387 0.521870 0.308918 0.521446 0.308918 0.520880
0 0.270119 0.549895 0.268892 0.550509 0.268355 0.550509 0.268355 0.549384 0.268048 0.548054 0.267511 0.547850 0.265824 0.548566 0.264827 0.549281 0.264520 0.548463 0.264290 0.547032 0.264213 0.543964 0.264750 0.540896 0.264904 0.540384 0.265364 0.539771 0.265364 0.537930 0.264444 0.537828 0.263216 0.538339 0.261836 0.536703 0.261759 0.535169 0.262066 0.534146 0.262066 0.533431 0.262526 0.532203 0.263140 0.532101 0.269506 0.532203 0.269812 0.529033 0.270579 0.528010 0.273417 0.527908 0.274414 0.527806 0.274875 0.527601 0.276485 0.527704 0.276792 0.528215 0.276715 0.530976 0.275948 0.532203 0.274491 0.534044 0.274414 0.534555 0.274568 0.535271 0.273954 0.536396 0.273034 0.537623 0.272574 0.537930 0.271193 0.537930 0.269889 0.538237 0.272037 0.539566 0.272343 0.540180 0.272343 0.546111 0.272037 0.550611 0.271883 0.551122 0.271423 0.551122 0.271040 0.551327 0.270733 0.550713
0 0.419847 0.580199 0.421695 0.579583 0.423914 0.578104 0.425947 0.577365 0.429090 0.577365 0.429552 0.577241 0.430661 0.577365 0.430661 0.578844 0.430291 0.582664 0.430014 0.583773 0.430014 0.584636 0.429460 0.585868 0.428720 0.588826 0.428535 0.592893 0.428258 0.594742 0.428258 0.595728 0.427796 0.598193 0.427149 0.600534 0.427056 0.601397 0.426687 0.602506 0.426225 0.606203 0.426040 0.606696 0.425485 0.610640 0.425485 0.611256 0.424930 0.613967 0.424838 0.616802 0.424468 0.620130 0.424006 0.621978 0.423452 0.622718 0.422527 0.623211 0.420864 0.623704 0.420309 0.624073 0.416334 0.625059 0.415133 0.625675 0.414671 0.625675 0.413654 0.624813 0.412545 0.624197 0.411528 0.624197 0.410511 0.623211 0.409310 0.620869 0.409310 0.618158 0.409957 0.616432 0.410049 0.615200 0.409587 0.614460 0.409402 0.613598 0.409217 0.610393 0.409217 0.605341 0.409402 0.604355 0.410049 0.601890 0.410881 0.599795 0.411251 0.599178 0.412545 0.597699 0.413469 0.595728 0.414671 0.593633 0.415040 0.592647 0.415133 0.592030 0.415502 0.591414 0.416427 0.589073 0.417166 0.587717 0.417351 0.586731 0.418460 0.584636 0.418553 0.584020 0.419015 0.583527 0.419385 0.582294 0.419662 0.581925 0.419662 0.581185
0 0.523782 0.684321 0.522191 0.682906 0.521926 0.682199 0.521793 0.680961 0.521395 0.679193 0.521263 0.676894 0.520865 0.676364 0.520069 0.676010 0.519273 0.676010 0.518876 0.675834 0.517152 0.675834 0.516621 0.675657 0.515693 0.674596 0.515428 0.673005 0.515428 0.666462 0.515958 0.663987 0.516356 0.662926 0.516356 0.662396 0.516886 0.661689 0.517417 0.660274 0.517947 0.659920 0.521395 0.659920 0.523119 0.660628 0.523915 0.661335 0.524710 0.661512 0.525904 0.662396 0.527495 0.663280 0.530147 0.664341 0.530943 0.665048 0.531474 0.665225 0.531871 0.665755 0.533728 0.667170 0.534258 0.667347 0.534656 0.667877 0.535850 0.668938 0.537706 0.669822 0.538369 0.669822 0.539960 0.670529 0.543408 0.671413 0.546193 0.671590 0.548050 0.672121 0.551497 0.672121 0.552293 0.671944 0.552691 0.671590 0.553884 0.671060 0.555608 0.669645 0.555608 0.668231 0.555874 0.667523 0.556271 0.667170 0.558128 0.666109 0.559852 0.665402 0.560382 0.664871 0.561708 0.663987 0.562769 0.663810 0.564891 0.662749 0.565687 0.661865 0.566615 0.661512 0.567013 0.661689 0.567411 0.662749 0.567543 0.663810 0.567543 0.666462 0.567013 0.667877 0.565156 0.671236 0.563432 0.673358 0.560250 0.675303 0.557332 0.677779 0.555476 0.679016 0.554945 0.679016 0.553752 0.679370 0.552691 0.679900 0.550967 0.680431 0.549111 0.680608 0.544071 0.681668 0.542480 0.681845 0.540491 0.682553 0.539960 0.682906 0.539165 0.683083 0.538767 0.683437 0.538369 0.683437 0.537574 0.683790 0.535717 0.685028 0.535054 0.685028 0.533595 0.685735 0.533065 0.685912 0.532269 0.685912 0.531739 0.686266 0.529352 0.686442 0.528821 0.686619 0.526169 0.686619 0.524445 0.686089
0 0.495934 0.687680 0.495006 0.686619 0.495006 0.680784 0.495802 0.678309 0.496995 0.677071 0.498189 0.676364 0.502958 0.676197 0.503228 0.676187 0.502299 0.683260 0.499117 0.686089 0.494873 0.688387
0 0.618302 0.747842 0.617262 0.747226 0.616106 0.746918 0.614488 0.745685 0.613448 0.745531 0.612871 0.745069 0.612408 0.744915 0.611831 0.744915 0.611715 0.744144 0.612871 0.742141 0.613679 0.740292 0.614026 0.739984 0.614257 0.739522 0.614951 0.736749 0.615413 0.736594 0.616915 0.736594 0.617724 0.737057 0.619111 0.738752 0.621191 0.742603 0.621306 0.743220 0.620728 0.744144 0.620035 0.745839 0.619226 0.747226
0 0.678853 0.780352 0.677235 0.780198 0.676542 0.779736 0.675271 0.779273 0.674346 0.779427 0.674693 0.780044 0.675502 0.780660 0.675502 0.784204 0.675040 0.784820 0.673769 0.785744 0.672498 0.787131 0.671573 0.787747 0.670995 0.787747 0.670533 0.788056 0.669609 0.786977 0.668915 0.785590 0.668106 0.783279 0.667760 0.780506 0.667760 0.775576 0.667875 0.774959 0.668453 0.773881 0.668800 0.773418 0.669493 0.773110 0.670071 0.772494 0.670649 0.771415 0.671458 0.770645 0.672498 0.768796 0.672844 0.768488 0.673538 0.767101 0.674578 0.766485 0.677466 0.765407 0.678853 0.764482 0.679431 0.763558 0.679431 0.761092 0.680009 0.760014 0.680587 0.759860 0.682204 0.761555 0.682667 0.763404 0.682667 0.773572 0.683013 0.775421 0.683360 0.775884 0.683475 0.777270 0.683707 0.777887 0.683707 0.779119 0.683360 0.779736 0.682320 0.780198 0.681395 0.781122 0.680818 0.781276 0.679547 0.781276
0 0.546863 0.853877 0.547682 0.854656 0.549203 0.855436 0.549788 0.856060 0.550957 0.856684 0.553063 0.857464 0.555286 0.858712 0.557040 0.859024 0.560667 0.859024 0.561135 0.858868 0.561486 0.858400 0.562070 0.858088 0.562421 0.857776 0.562655 0.857308 0.562772 0.856684 0.562772 0.854501 0.562421 0.853097 0.562304 0.851069 0.561836 0.850445 0.561603 0.849198 0.561018 0.847950 0.559965 0.847638 0.557391 0.847638 0.556923 0.847950 0.555637 0.848106 0.553765 0.849198 0.551893 0.849821 0.550606 0.850445 0.547331 0.850445 0.546395 0.850289 0.546278 0.852005
0 0.546395 0.865107 0.547331 0.865107 0.547799 0.863859 0.548267 0.863235 0.548618 0.861987 0.550139 0.859648 0.550606 0.858556 0.551659 0.857308 0.552244 0.856996 0.553063 0.856060 0.553531 0.855904 0.555520 0.855904 0.556221 0.856372 0.556572 0.857152 0.556572 0.857776 0.556806 0.858400 0.556923 0.863235 0.557157 0.864639 0.557625 0.865574 0.557742 0.866354 0.557508 0.866978 0.555520 0.867290 0.553882 0.867290 0.552712 0.866822 0.547331 0.866666 0.547214 0.866042
0 0.532709 0.865731 0.533060 0.851225 0.541599 0.845454 0.545927 0.844986 0.548150 0.849977 0.548150 0.867758
0 0.513641 0.858868 0.521713 0.858088 0.531773 0.851849 0.528030 0.847950 0.522064 0.847170 0.517501 0.846858 0.510951 0.848574
0 0.525339 0.831105 0.534697 0.830325 0.525924 0.820499 0.525105 0.813948 0.521362 0.813636 0.522532 0.823306 0.522766 0.831885
0 0.557273 0.792304 0.556089 0.791402 0.555496 0.790387 0.555327 0.789823 0.554228 0.788244 0.553974 0.787680 0.552874 0.786553 0.552621 0.786101 0.549406 0.785989 0.548476 0.786327 0.547376 0.786214 0.546446 0.785086 0.545938 0.783959 0.546277 0.783508 0.546361 0.782718 0.546615 0.782267 0.547968 0.781590 0.548307 0.781139 0.549153 0.778884 0.550929 0.777756 0.553297 0.777643 0.554397 0.778545 0.555496 0.780011 0.555919 0.780350 0.557611 0.781252 0.558795 0.781365 0.559387 0.781703 0.560233 0.781703 0.561079 0.782493 0.561587 0.782718 0.562094 0.783733 0.562348 0.784974 0.562179 0.785537 0.561502 0.785876 0.560572 0.786778 0.560149 0.787906 0.559895 0.790387 0.559557 0.790838 0.559049 0.791966 0.558034 0.792643
0 0.557819 0.776718 0.554906 0.775585 0.554299 0.775099 0.552236 0.774614 0.550052 0.773481 0.550416 0.770407 0.550416 0.768789 0.550537 0.767980 0.551387 0.767171 0.552843 0.766200 0.554057 0.766200 0.556484 0.765553 0.559396 0.765553 0.560003 0.766039 0.560246 0.766524 0.560731 0.766848 0.561459 0.767657 0.562430 0.767818 0.563522 0.768627 0.563886 0.768951 0.564007 0.769598 0.563765 0.770245 0.562915 0.771216 0.561702 0.773805 0.561459 0.774614 0.560610 0.776232 0.559518 0.777365 0.559032 0.777527
0 0.418983 0.801600 0.416297 0.801600 0.413238 0.801202 0.413088 0.800704 0.413088 0.799212 0.412715 0.798217 0.412492 0.795730 0.412044 0.793641 0.412118 0.792348 0.412641 0.791651 0.414805 0.790557 0.415401 0.790557 0.416894 0.792248 0.419804 0.792945 0.420923 0.793840 0.421445 0.793939 0.421818 0.794238 0.422490 0.795233 0.422117 0.797223 0.421296 0.799411 0.420774 0.800406 0.420177 0.801202 0.419804 0.801401
0 0.410989 0.686708 0.409730 0.686708 0.407842 0.685700 0.407212 0.685700 0.406709 0.685868 0.406457 0.686540 0.406331 0.687379 0.405576 0.687715 0.404568 0.687715 0.404065 0.687547 0.403687 0.687043 0.403184 0.685533 0.403058 0.684693 0.402806 0.684190 0.402680 0.682511 0.403058 0.682343 0.405953 0.682343 0.406331 0.682008 0.407590 0.681672 0.409100 0.680665 0.410611 0.680497 0.411241 0.680161 0.412877 0.680161 0.413255 0.680665 0.413632 0.681504 0.413632 0.683015 0.413758 0.683854 0.413632 0.684525 0.412374 0.686372
0 0.352954 0.739245 0.350436 0.722628 0.359374 0.714067 0.359374 0.730685 0.359878 0.730685
0 0.261663 0.750318 0.257203 0.743011 0.260006 0.739273 0.264594 0.738423 0.265104 0.749128
0 0.269564 0.775635 0.268035 0.775465 0.266633 0.774616 0.265869 0.771897 0.265996 0.770878 0.266633 0.770198 0.267398 0.769009 0.268162 0.768329 0.268927 0.766120 0.269309 0.765610 0.269437 0.765100 0.269309 0.764591 0.268545 0.764081 0.268290 0.763401 0.268417 0.762382 0.269309 0.762212 0.269947 0.761872 0.271476 0.761702 0.273005 0.761022 0.275426 0.759493 0.275936 0.759323 0.276446 0.758644 0.278358 0.757454 0.279250 0.756605 0.279759 0.756435 0.280397 0.755585 0.281161 0.755245 0.281798 0.755245 0.283073 0.755585 0.284729 0.756774 0.285112 0.757284 0.285239 0.757794 0.285112 0.758304 0.283710 0.760173 0.282563 0.761362 0.282308 0.761872 0.281798 0.762212 0.279887 0.764421 0.277720 0.766290 0.277465 0.766800 0.276956 0.766970 0.276701 0.767479 0.275426 0.768839 0.274534 0.770028 0.274152 0.770198 0.273387 0.771048 0.272878 0.771218 0.272113 0.772067 0.271731 0.772237 0.270456 0.774106
0 0.253634 0.786850 0.252615 0.787190 0.252105 0.787190 0.251723 0.786850 0.251723 0.784811 0.251978 0.784131 0.252870 0.782772 0.253252 0.781922 0.255036 0.779374 0.256056 0.776655 0.256438 0.776145 0.256438 0.775465 0.256820 0.774276 0.257458 0.773256 0.258350 0.772577 0.258477 0.771727 0.258732 0.771218 0.258605 0.770368 0.258222 0.770028 0.257458 0.768159 0.257458 0.766630 0.257713 0.765950 0.258222 0.765780 0.258605 0.765440 0.260771 0.765440 0.261663 0.765780 0.261281 0.765270 0.260516 0.764761 0.260261 0.763571 0.260389 0.762212 0.261663 0.760173 0.263320 0.760173 0.262937 0.759833 0.262810 0.759153 0.262555 0.758644 0.262173 0.756774 0.262173 0.751337 0.263192 0.750318 0.263575 0.750148 0.266506 0.750148 0.267653 0.751167 0.267908 0.752017 0.267908 0.757114 0.268035 0.758983 0.268417 0.759493 0.268672 0.760683 0.269437 0.761362 0.269564 0.761872 0.269692 0.762722 0.269564 0.765270 0.268927 0.767309 0.268162 0.768329 0.267908 0.769009 0.266123 0.772237 0.265996 0.772747 0.265231 0.773596 0.264339 0.775296 0.262300 0.777674 0.261918 0.777844 0.259752 0.780053 0.257713 0.781583 0.255801 0.785491 0.254654 0.786170
0 0.250958 0.777674 0.250449 0.763401 0.255546 0.760683 0.257713 0.766460 0.257585 0.775975
0 0.303208 0.772577 0.301424 0.772577 0.301169 0.772067 0.300914 0.769858 0.300532 0.768499 0.300404 0.763911 0.301169 0.762382 0.302061 0.761362 0.302189 0.760853 0.303208 0.758983 0.303590 0.757964 0.304100 0.757454 0.304992 0.756944 0.305757 0.756605 0.306267 0.756605 0.306649 0.756774 0.307668 0.758644 0.307796 0.760343 0.307796 0.768669 0.307923 0.769178 0.307923 0.771218 0.307796 0.772067 0.305120 0.773087 0.304610 0.773087
0 0.191954 0.802652 0.191954 0.799934 0.191699 0.798744 0.191699 0.792457 0.192082 0.789569 0.192082 0.786000 0.191699 0.784301 0.189533 0.784131 0.186347 0.787530 0.186092 0.788039 0.185710 0.788379 0.184818 0.788719 0.183926 0.789399 0.183416 0.790078 0.183288 0.791268 0.184563 0.792117 0.184563 0.792797 0.184945 0.794666 0.184945 0.795516 0.185455 0.797045 0.186219 0.798065 0.186729 0.798065 0.188004 0.799084 0.188386 0.800273 0.188641 0.800783 0.189023 0.801123 0.189278 0.802312 0.189533 0.802822 0.189915 0.803162 0.190680 0.803162 0.192974 0.802312
0 0.163918 0.797385 0.165574 0.796365 0.167231 0.795006 0.168251 0.794496 0.169015 0.794156 0.170545 0.794156 0.171437 0.793817 0.172329 0.794666 0.172584 0.795176 0.172711 0.799934 0.173093 0.800104 0.173221 0.799594 0.173858 0.799594 0.175005 0.799254 0.176534 0.798065 0.178191 0.797895 0.179465 0.797555 0.180357 0.797555 0.180867 0.797045 0.181377 0.796365 0.181887 0.795346 0.183161 0.793817 0.183288 0.793307 0.182906 0.792797 0.182906 0.787190 0.182524 0.787020 0.181887 0.787020 0.180995 0.786170 0.181122 0.784641 0.181887 0.783112 0.182396 0.781413 0.181504 0.780903 0.180867 0.780903 0.179975 0.780223 0.179593 0.779713 0.179210 0.779543 0.178701 0.779713 0.177936 0.780393 0.176662 0.781922 0.175515 0.782772 0.174495 0.783791 0.171309 0.786000 0.170417 0.785661 0.168760 0.785661 0.167741 0.786170 0.166594 0.787020 0.165957 0.787190 0.163408 0.788719 0.162898 0.789059 0.161241 0.790758 0.160859 0.790928 0.160477 0.791438 0.160477 0.792797 0.160604 0.793647 0.161751 0.795176 0.161751 0.795856 0.162134 0.796875 0.162516 0.797215
0 0.187383 0.866486 0.215673 0.866855 0.215857 0.866118 0.215765 0.865381 0.214843 0.865504 0.214567 0.865012 0.214659 0.863538 0.214567 0.862186 0.214106 0.861695 0.213461 0.860589 0.207748 0.860589 0.207195 0.860343 0.206458 0.863046 0.205721 0.863046 0.203509 0.862801 0.201390 0.862309 0.200192 0.861818 0.198625 0.859852 0.194202 0.859975 0.193557 0.860712 0.192543 0.862801 0.191898 0.863415 0.190608 0.864029 0.190240 0.864521 0.188305 0.865626
0 0.216963 0.865258 0.217700 0.863906 0.218621 0.861449 0.219266 0.860835 0.220556 0.860466 0.220649 0.859852 0.219543 0.857149 0.219451 0.855183 0.219727 0.854814 0.220188 0.854569 0.220741 0.853831 0.221201 0.853586 0.221847 0.853586 0.222860 0.854077 0.223782 0.855306 0.224242 0.855674 0.224703 0.855552 0.226085 0.854692 0.227744 0.854200 0.229034 0.853586 0.229495 0.853709 0.231246 0.857272 0.231891 0.858009 0.232259 0.858746 0.232720 0.859115 0.234563 0.864521 0.234839 0.865135 0.235761 0.866118 0.217331 0.866978 0.217331 0.866364
0 0.178859 0.838153 0.178206 0.840068 0.178206 0.842854 0.178468 0.843551 0.178468 0.844073 0.178729 0.844596 0.178729 0.845815 0.179382 0.847208 0.179774 0.847730 0.180165 0.848078 0.180557 0.848078 0.180949 0.848601 0.181733 0.849123 0.182647 0.850168 0.183038 0.850168 0.183822 0.851038 0.185389 0.850690 0.186434 0.849994 0.187609 0.849471 0.187870 0.848949 0.188654 0.848252 0.189829 0.847556 0.191658 0.847382 0.192833 0.846163 0.193225 0.845641 0.193355 0.845118 0.193355 0.843551 0.192702 0.838850 0.191919 0.838501 0.190874 0.838327 0.190221 0.837805 0.189699 0.837805 0.188523 0.837108 0.185912 0.836412 0.185389 0.836064 0.180818 0.836064 0.179904 0.836934
0 0.060671 0.803328 0.059756 0.802283 0.059495 0.801238 0.059365 0.799497 0.059626 0.798104 0.061324 0.797581 0.062891 0.796885 0.063282 0.796363 0.063413 0.794273 0.063805 0.793751 0.065241 0.792532 0.071641 0.792532 0.072424 0.792706 0.073338 0.793402 0.074514 0.793577 0.075297 0.793925 0.075820 0.794621 0.076211 0.795840 0.075820 0.797233 0.075167 0.798452 0.073991 0.799497 0.073338 0.801935 0.073338 0.804721 0.073077 0.806114 0.072163 0.808203 0.071771 0.808551 0.070857 0.809074 0.070465 0.809074 0.069159 0.809944 0.068376 0.809944 0.067984 0.809422 0.067984 0.808900 0.067462 0.808029 0.067462 0.805940 0.067070 0.805417 0.066939 0.804198 0.066939 0.801935 0.066547 0.800890 0.066156 0.800368 0.064719 0.800368 0.064327 0.800542 0.063935 0.801064 0.061585 0.802631
0 0.083002 0.780169 0.084439 0.780865 0.086006 0.780865 0.086398 0.780517 0.086920 0.780517 0.087312 0.780169 0.087965 0.780169 0.089793 0.779298 0.090316 0.779298 0.091099 0.778776 0.092144 0.777731 0.093189 0.775119 0.093319 0.774597 0.093319 0.773726 0.093189 0.773204 0.092405 0.771985 0.090969 0.771114 0.090838 0.770244 0.090838 0.767458 0.090707 0.766935 0.090185 0.766761 0.089793 0.766413 0.088879 0.766239 0.087051 0.766239 0.086267 0.765716 0.085223 0.765368 0.083917 0.765368 0.083394 0.765542 0.082349 0.766239 0.081827 0.766413 0.080260 0.768676 0.080390 0.769721 0.081174 0.770244 0.081305 0.770940 0.081305 0.775641 0.081696 0.776860 0.082741 0.778427
0 0.086659 0.764323 0.085876 0.763278 0.085223 0.761711 0.084831 0.761363 0.083786 0.759274 0.083394 0.758925 0.083133 0.758229 0.083133 0.757184 0.083394 0.756662 0.083786 0.756487 0.084570 0.756487 0.086006 0.755791 0.087312 0.755791 0.088487 0.756139 0.090446 0.757881 0.091491 0.759448 0.092405 0.760318 0.093058 0.761363 0.093189 0.761885 0.091752 0.763104 0.090577 0.763801 0.089793 0.765020 0.089924 0.766239 0.089532 0.766413 0.088226 0.766413 0.086920 0.765716
0 0.063805 0.767458 0.061062 0.768502 0.060148 0.768502 0.059365 0.767980 0.059103 0.767458 0.059103 0.766761 0.058712 0.765890 0.058450 0.763975 0.058450 0.760841 0.058842 0.759622 0.059234 0.759448 0.059626 0.759448 0.060932 0.758925 0.061454 0.758925 0.062238 0.758577 0.064588 0.758577 0.064980 0.759796 0.064980 0.760492 0.065241 0.761537 0.065241 0.765542 0.065111 0.766587 0.064850 0.767109
0 0.067592 0.761711 0.069029 0.761189 0.071118 0.759796 0.072032 0.759622 0.074514 0.757358 0.072816 0.756836 0.072685 0.756313 0.071902 0.755443 0.070726 0.754572 0.070726 0.754050 0.071118 0.753876 0.071902 0.753701 0.073208 0.753701 0.075167 0.755443 0.075559 0.755617 0.076081 0.756662 0.076864 0.757010 0.079346 0.757184 0.081044 0.755965 0.080913 0.755443 0.080129 0.755094 0.079215 0.754920 0.079085 0.754398 0.079476 0.753876 0.079868 0.753876 0.079999 0.753353 0.080129 0.752657 0.080129 0.749871 0.079737 0.749000 0.079607 0.746214 0.079346 0.744995 0.079346 0.744124 0.078823 0.741513 0.075820 0.739423 0.073600 0.738552 0.072424 0.737682 0.071118 0.736985 0.067853 0.736115 0.067070 0.735766 0.066547 0.735244 0.065241 0.734896 0.063935 0.734199 0.058712 0.734199 0.057667 0.734548 0.055447 0.735766 0.055316 0.736637 0.055447 0.737856 0.057014 0.738901 0.057798 0.739771 0.057928 0.740294 0.058320 0.740816 0.059365 0.743080 0.059756 0.743602 0.060932 0.746214 0.062107 0.747607 0.063152 0.748304 0.063674 0.749000 0.064197 0.749348 0.065241 0.750741 0.066286 0.751264 0.065372 0.751786 0.064588 0.752482 0.064327 0.753701 0.063413 0.755791 0.063152 0.758055 0.064066 0.759274 0.064197 0.759796 0.064850 0.759796 0.065894 0.760492 0.066809 0.760667
0 0.047480 0.775816 0.046305 0.775467 0.044346 0.774074 0.043563 0.773726 0.038078 0.773726 0.037425 0.773552 0.037163 0.773030 0.037816 0.771462 0.038731 0.770418 0.040167 0.768154 0.041604 0.766935 0.042518 0.766413 0.042910 0.765890 0.043301 0.764323 0.043824 0.762930 0.044216 0.762408 0.044477 0.761363 0.044477 0.758055 0.044999 0.757881 0.050092 0.757881 0.051790 0.758577 0.051790 0.763801 0.052574 0.764671 0.053357 0.764846 0.053749 0.765194 0.053749 0.766064 0.054010 0.767283 0.054010 0.770244 0.053618 0.771288 0.053227 0.771637 0.053096 0.772507 0.052312 0.773552 0.052182 0.774074 0.051790 0.774423 0.050484 0.774945 0.049309 0.774945 0.048525 0.775467
0 0.001903 0.777383 0.005559 0.774945 0.007257 0.772159 0.008041 0.770592 0.008824 0.770069 0.010130 0.768676 0.010914 0.768154 0.011175 0.767632 0.011567 0.767283 0.011567 0.766413 0.010914 0.765368 0.009869 0.764497 0.009477 0.764497 0.008694 0.765194 0.005951 0.765194 0.005429 0.765020 0.005037 0.764497 0.004645 0.764323 0.004645 0.763278 0.005429 0.762582 0.005821 0.761537 0.006212 0.761189 0.006474 0.759796 0.006343 0.757532 0.006212 0.757010 0.005821 0.757010 0.004645 0.758403 0.002948 0.761885 0.002033 0.763452 0.002033 0.763975 0.001250 0.764497 0.000336 0.764497 0.000205 0.770592 0.000000 0.775816
0 0.052443 0.835367 0.058320 0.835367 0.051529 0.824049 0.045260 0.826487
0 0.018488 0.830840 0.021231 0.830491 0.022014 0.830317 0.022537 0.829969 0.024235 0.829969 0.025149 0.829795 0.026324 0.829098 0.027238 0.828228 0.027238 0.827357 0.026585 0.825790 0.026324 0.824745 0.025671 0.823352 0.025671 0.822656 0.024235 0.821611 0.023973 0.821089 0.023973 0.820566 0.023712 0.819870 0.023190 0.819521 0.022537 0.818477 0.021492 0.819173 0.020578 0.820044 0.019664 0.820566 0.018358 0.824049 0.018358 0.824571 0.018097 0.825268 0.017705 0.825442 0.017444 0.826138 0.017052 0.826487 0.015485 0.826487 0.014962 0.826661 0.015093 0.829273 0.015615 0.829447 0.016007 0.830143 0.016529 0.830491 0.017313 0.830491
0 0.000074 0.863576 0.000000 0.847034 0.003862 0.844248 0.006474 0.847382 0.006996 0.850168
0 0.166845 0.710344 0.165800 0.710866 0.164886 0.711040 0.164102 0.711563 0.163057 0.711389 0.162666 0.711040 0.162666 0.710518 0.162404 0.709647 0.162404 0.707558 0.162143 0.705642 0.161360 0.703727 0.161360 0.703205 0.160837 0.701463 0.160054 0.700244 0.159793 0.695543 0.159531 0.693802 0.159531 0.691712 0.159923 0.691016 0.160707 0.690493 0.161360 0.690319 0.165669 0.690319 0.166453 0.693279 0.166453 0.694150 0.166845 0.694846 0.166845 0.695369 0.167236 0.695891 0.168673 0.697458 0.169195 0.697632 0.170240 0.698503 0.171024 0.698677 0.172460 0.700244 0.173244 0.700593 0.174419 0.701637 0.174550 0.702682 0.175725 0.703379 0.176509 0.704075 0.177292 0.705294 0.177815 0.707558 0.177815 0.710170 0.177945 0.711040 0.178859 0.712607 0.179251 0.714523 0.179774 0.714871 0.179904 0.715393 0.179904 0.715916 0.178859 0.717135 0.178468 0.717309 0.177553 0.717309 0.176639 0.715916 0.175464 0.714697 0.174680 0.713478 0.173766 0.712433 0.173244 0.712259 0.171415 0.712259 0.170632 0.711911 0.168412 0.711911 0.167628 0.711389
0 0.176770 0.702682 0.176900 0.701115 0.176900 0.693976 0.177031 0.693279 0.177292 0.692583 0.178206 0.691364 0.178598 0.691016 0.179382 0.691016 0.180688 0.689797 0.181341 0.689449 0.182124 0.690319 0.182777 0.692060 0.182908 0.692931 0.183561 0.694498 0.183691 0.696239 0.184083 0.697110 0.184083 0.698503 0.182908 0.700941 0.181733 0.701986 0.180296 0.702334 0.179774 0.702682 0.177815 0.703030
0 0.173374 0.700593 0.172199 0.701463 0.170762 0.701463 0.169587 0.700941 0.169195 0.700419 0.168934 0.699722 0.168151 0.696239 0.167889 0.695717 0.167498 0.694150 0.167498 0.693105 0.168673 0.691712 0.169587 0.691016 0.170762 0.690842 0.175333 0.690842 0.175725 0.690667 0.176509 0.690667 0.176770 0.691364 0.176770 0.693976 0.176509 0.695195 0.175986 0.696588 0.175856 0.697458 0.175856 0.699548 0.174680 0.700767
0 0.069551 0.696239 0.070988 0.695543 0.072163 0.694498 0.074514 0.693105 0.079868 0.690842 0.080390 0.690493 0.080652 0.689971 0.080521 0.689274 0.079999 0.688926 0.079607 0.688404 0.078954 0.685792 0.078562 0.685095 0.078432 0.684051 0.077909 0.683180 0.077909 0.677608 0.078040 0.677086 0.078040 0.676041 0.077909 0.675518 0.077126 0.674474 0.075820 0.674125 0.075036 0.674125 0.073600 0.674822 0.073208 0.675170 0.072032 0.675170 0.070726 0.676389 0.070465 0.676911 0.069682 0.677434 0.068898 0.677608 0.068376 0.677956 0.066025 0.677956 0.065503 0.677782 0.064980 0.678479 0.064980 0.679175 0.066809 0.681265 0.066939 0.681961 0.066939 0.687359 0.066547 0.688230 0.066547 0.692409 0.067070 0.692931 0.067984 0.693453 0.068637 0.694150 0.068898 0.694846
0 0.040298 0.715916 0.037294 0.711737 0.036772 0.710518 0.034943 0.708951 0.034943 0.707732 0.035335 0.706687 0.037425 0.704423 0.037947 0.704249 0.040037 0.702334 0.040559 0.702160 0.040951 0.702334 0.041081 0.703205 0.041473 0.704423 0.042126 0.705816 0.042257 0.706513 0.042648 0.707209 0.042779 0.707906 0.042779 0.714349 0.042518 0.716090 0.042126 0.716438 0.041342 0.716612
0 0.000466 0.728975 0.002033 0.729149 0.002556 0.729498 0.002948 0.729498 0.003470 0.730020 0.004253 0.730194 0.004776 0.730194 0.005168 0.729846 0.005298 0.728801 0.004253 0.724448 0.004384 0.722707 0.005168 0.722707 0.005690 0.723055 0.009216 0.724274 0.011306 0.724274 0.012220 0.723403 0.012220 0.722010 0.011828 0.721488 0.010783 0.720791 0.010130 0.719747 0.009738 0.719050 0.009477 0.718354 0.009347 0.717483 0.009085 0.716961 0.008563 0.716786 0.008302 0.715916 0.008302 0.715393 0.008041 0.714871 0.007649 0.714349 0.006865 0.714000 0.006474 0.713652 0.004776 0.711563 0.004253 0.711389 0.003862 0.711737 0.002033 0.712433 0.000858 0.713826 0.000466 0.714000 0.000000 0.715916
0 0.035557 0.634600 0.035335 0.635932 0.035113 0.636376 0.034780 0.636673 0.034225 0.636673 0.033558 0.636080 0.032448 0.633267 0.031670 0.629565 0.031670 0.628233 0.031337 0.626308 0.030782 0.625419 0.029560 0.624383 0.029227 0.623347 0.029227 0.621866 0.029672 0.621126 0.030005 0.620829 0.030227 0.620237 0.030338 0.618312 0.029894 0.617276 0.029449 0.617128 0.027895 0.613870 0.027784 0.612538 0.027784 0.610465 0.027895 0.609873 0.030116 0.605134 0.030782 0.604246 0.031559 0.603506 0.032115 0.602469 0.032892 0.600840 0.032892 0.600248 0.033780 0.598323 0.034225 0.596546 0.034336 0.594918 0.034336 0.588995 0.034558 0.588403 0.034780 0.587959 0.035224 0.587959 0.036112 0.588551 0.036779 0.588699 0.038556 0.590179 0.039222 0.590476 0.039888 0.589735 0.043553 0.587514 0.045885 0.584701 0.046218 0.583813 0.047218 0.582776 0.048994 0.581740 0.051549 0.580851 0.051993 0.580555 0.055102 0.580555 0.055990 0.580407 0.056435 0.580111 0.057545 0.580259 0.058211 0.581147 0.058545 0.581888 0.059433 0.584257 0.059655 0.585441 0.059655 0.588107 0.058767 0.588699 0.055768 0.590031 0.054658 0.590179 0.050105 0.590179 0.046662 0.591512 0.045885 0.592252 0.043553 0.595066 0.042887 0.596102 0.042331 0.597879 0.042109 0.599212 0.042109 0.601285 0.041110 0.603506 0.039666 0.605579 0.037112 0.606911 0.035779 0.609873 0.035113 0.610465 0.034003 0.610613 0.033558 0.611205 0.033225 0.612390 0.033114 0.613722 0.033336 0.614314 0.035113 0.615055 0.036224 0.616684 0.036668 0.617572 0.037223 0.619053 0.037445 0.620829 0.037445 0.625568 0.037667 0.626160 0.038556 0.626160 0.038778 0.626752 0.038778 0.628973 0.038222 0.630898 0.037778 0.631934 0.037334 0.632527
0 0.029823 0.677691 0.028351 0.678583 0.026879 0.678940 0.026478 0.679297 0.024470 0.679297 0.023667 0.678940 0.022061 0.676977 0.021526 0.676620 0.021258 0.676085 0.020455 0.675371 0.020188 0.674836 0.020321 0.673587 0.020857 0.673051 0.022864 0.670196 0.023132 0.667876 0.023400 0.667341 0.023801 0.666806 0.024336 0.665557 0.025407 0.664664 0.025808 0.664486 0.030492 0.664308 0.032768 0.665200 0.032768 0.666449 0.033169 0.667876 0.033169 0.671624 0.032768 0.673587 0.032768 0.674122 0.032232 0.675371 0.031028 0.677155
0 0.080545 0.674300 0.078805 0.674657 0.074523 0.674657 0.073051 0.674479 0.072248 0.674122 0.071846 0.673765 0.067028 0.673765 0.067162 0.672159 0.069705 0.670553 0.070106 0.670553 0.070642 0.669661 0.070642 0.669126 0.070909 0.668412 0.071846 0.666806 0.072114 0.666092 0.073452 0.664843 0.073720 0.664308 0.076129 0.662345 0.078270 0.660917 0.079073 0.660560 0.079876 0.660560 0.080947 0.661809 0.081080 0.662880 0.081482 0.663415 0.081883 0.664308 0.081883 0.664843 0.082285 0.665914 0.082419 0.667163 0.083222 0.670553 0.083222 0.672337 0.083355 0.673408 0.082419 0.673587 0.082017 0.673943 0.081616 0.673943
0 0.086032 0.640754 0.084961 0.639504 0.084961 0.638255 0.084694 0.637363 0.084694 0.635579 0.084961 0.634687 0.085497 0.634330 0.085898 0.633794 0.085497 0.633259 0.085095 0.633081 0.084158 0.631831 0.083757 0.630761 0.083623 0.629333 0.083489 0.628798 0.083088 0.628084 0.082686 0.626121 0.082686 0.619519 0.083222 0.619519 0.084158 0.618805 0.084694 0.618092 0.085095 0.617913 0.087772 0.617913 0.089244 0.618805 0.090449 0.619162 0.090984 0.619519 0.091385 0.620054 0.091921 0.621304 0.092724 0.623980 0.092724 0.625764 0.092857 0.626300 0.092857 0.634508 0.092322 0.636292 0.091921 0.637363 0.091251 0.638434 0.090315 0.639326 0.087237 0.640754
0 0.001451 0.585259 0.002790 0.585259 0.003459 0.585080 0.004396 0.584545 0.006269 0.582939 0.008544 0.582939 0.009749 0.581868 0.010150 0.581333 0.010953 0.579727 0.011087 0.576515 0.010953 0.575980 0.010418 0.575087 0.010016 0.574909 0.009749 0.574195 0.009214 0.573481 0.008411 0.573481 0.007608 0.573838 0.006938 0.574552 0.006537 0.574552 0.005734 0.575444 0.004797 0.575623 0.000648 0.575623 0.000000 0.575444 0.000000 0.576158 0.000000 0.577050 0.000000 0.578835 0.000000 0.579905 0.000000 0.582760 0.000000 0.583831 0.000113 0.583831 0.000515 0.584188
0 0.168308 0.546555 0.166276 0.546555 0.165463 0.546013 0.165057 0.545290 0.164108 0.544206 0.162483 0.542942 0.159773 0.541316 0.158554 0.540955 0.155844 0.539510 0.154218 0.538968 0.153135 0.538245 0.152728 0.537703 0.151915 0.535897 0.151915 0.532465 0.153135 0.530297 0.153947 0.529213 0.154896 0.527407 0.155167 0.526504 0.155709 0.526323 0.156522 0.526323 0.157605 0.527046 0.158825 0.528491 0.161399 0.532104 0.162212 0.532646 0.162618 0.532646 0.163295 0.533007 0.164921 0.533188 0.166953 0.534813 0.168308 0.535536 0.170205 0.536258 0.171560 0.537342 0.171966 0.538426 0.172508 0.538607 0.172914 0.538968 0.173050 0.540413 0.172372 0.541858 0.171966 0.542219 0.171831 0.542942 0.171560 0.543484 0.171153 0.544206 0.170205 0.545290 0.169663 0.546555
0 0.146425 0.463315 0.155941 0.455789 0.159812 0.455144 0.169005 0.454929 0.169650 0.453853 0.169973 0.446327 0.168682 0.446327 0.167715 0.445682 0.165295 0.445682 0.160779 0.446972 0.158199 0.447187 0.150941 0.450628 0.144329 0.457724 0.144167 0.460950 0.144651 0.462240 0.145135 0.462455
0 0.144167 0.451918 0.142716 0.451918 0.141264 0.451058 0.141103 0.447832 0.141909 0.446112 0.146909 0.443531 0.152026 0.442042 0.161672 0.438483 0.162703 0.438606 0.163817 0.438602 0.164489 0.440091 0.164650 0.441811 0.163844 0.443961 0.158844 0.446757 0.151748 0.446757 0.148038 0.447617 0.146909 0.448262 0.144974 0.450413
0 0.148264 0.441950 0.148264 0.437482 0.148616 0.436542 0.149204 0.435758 0.149557 0.435523 0.151496 0.435445 0.151967 0.435602 0.153612 0.436856 0.154377 0.437874 0.155435 0.438815 0.155435 0.440069 0.155023 0.440461 0.153906 0.440617 0.153025 0.441009 0.150674 0.441323 0.148793 0.441871
0 0.127777 0.466766 0.124512 0.463719 0.123858 0.462195 0.123532 0.460018 0.121899 0.459800 0.120267 0.460889 0.118797 0.457188 0.118797 0.456535 0.120103 0.455229 0.122226 0.455011 0.123369 0.453923 0.124512 0.453705 0.129736 0.453923 0.129899 0.454576 0.129410 0.455446 0.128756 0.458929 0.129083 0.460453 0.129083 0.466113
0 0.137083 0.407772 0.134961 0.408643 0.131042 0.408643 0.129083 0.407119 0.128103 0.404942 0.127614 0.399718 0.130226 0.397323 0.131859 0.396452 0.134471 0.396452 0.138716 0.398411 0.141491 0.400588 0.142308 0.404071 0.142145 0.404724 0.138389 0.406684
0 0.512358 0.408563 0.510484 0.407626 0.510484 0.404191 0.511655 0.402004 0.511655 0.393884 0.512592 0.392635 0.514701 0.391386 0.515637 0.391386 0.517746 0.392947 0.518214 0.393884 0.518214 0.396383 0.519151 0.398257 0.524539 0.400755 0.526412 0.402004 0.527584 0.403566 0.528286 0.405752 0.524773 0.412311 0.520322 0.413873 0.519385 0.414809 0.517511 0.414809 0.516574 0.413560 0.514701 0.412311 0.513998 0.411062 0.513529 0.411062
0 0.508376 0.413248 0.505097 0.414809 0.503223 0.414809 0.502286 0.413560 0.500412 0.407938 0.499944 0.407626 0.499944 0.405752 0.501132 0.404359 0.502286 0.403878 0.505097 0.403878 0.507439 0.402629 0.509782 0.402629 0.510250 0.402941 0.510953 0.406377 0.510953 0.408251 0.510250 0.409500 0.510016 0.411374
0 0.504863 0.348911 0.502286 0.349847 0.495727 0.349847 0.490808 0.346100 0.490574 0.343601 0.493151 0.342352 0.495259 0.339541 0.502989 0.339229 0.510016 0.334544 0.511421 0.334856 0.512592 0.336418 0.513295 0.338916 0.513061 0.341727 0.512358 0.344226 0.511187 0.345787 0.509547 0.347661 0.506971 0.348911
0 0.298024 0.350417 0.297328 0.349535 0.296860 0.348911 0.295688 0.344850 0.295454 0.342664 0.292643 0.337979 0.293112 0.333919 0.295220 0.332358 0.295454 0.331733 0.298265 0.332045 0.299436 0.336106 0.301779 0.340478 0.304824 0.341103 0.305526 0.342040 0.305995 0.343289 0.305995 0.345475 0.305292 0.349847 0.304824 0.350784 0.304355 0.350784 0.304355 0.351409 0.300373 0.352658 0.299157 0.351841 0.298598 0.352051
0 0.085324 0.012785 0.084356 0.012785 0.081187 0.010907 0.080835 0.010438 0.080483 0.008912 0.080483 0.006917 0.081011 0.005744 0.081979 0.004687 0.082948 0.003983 0.083564 0.003162 0.084180 0.001519 0.084532 0.001167 0.086292 0.001284 0.086820 0.001636 0.087613 0.002692 0.087789 0.003279 0.089197 0.005039 0.089549 0.005274 0.090165 0.006800 0.090165 0.007621 0.089461 0.009851 0.089373 0.010555 0.089109 0.011025 0.089109 0.011846 0.088669 0.013020 0.088317 0.013372 0.087437 0.013724 0.086468 0.013724 0.086116 0.013489
0 0.045100 0.126972 0.043692 0.126737 0.042900 0.126268 0.042460 0.125799 0.041844 0.124508 0.041756 0.123099 0.041580 0.122513 0.041580 0.120283 0.041844 0.118992 0.041668 0.118405 0.040524 0.117349 0.038499 0.113946 0.037355 0.112537 0.036475 0.111716 0.034186 0.110425 0.032162 0.108195 0.031810 0.107022 0.031458 0.106435 0.030930 0.104557 0.030490 0.101858 0.030490 0.100684 0.030754 0.100215 0.032338 0.098337 0.033042 0.097751 0.033746 0.097398 0.034979 0.097046 0.040612 0.097046 0.040964 0.097281 0.041932 0.097398 0.042284 0.097751 0.042372 0.101389 0.042020 0.104440 0.042020 0.105496 0.042196 0.106083 0.042548 0.106435 0.043604 0.105848 0.044484 0.105027 0.046333 0.104088 0.046421 0.104909 0.047125 0.107843 0.048093 0.110660 0.049853 0.113946 0.050469 0.114767 0.051086 0.115236 0.051614 0.115354 0.051262 0.115823 0.050821 0.117349 0.050029 0.118640 0.047741 0.119931 0.047477 0.120517 0.046949 0.123569 0.046509 0.125212 0.046509 0.126503 0.046333 0.127794 0.046069 0.128380 0.045100 0.128498
0 0.095168 0.134620 0.094366 0.134858 0.093475 0.134858 0.091960 0.134145 0.090713 0.133907 0.087862 0.131650 0.086614 0.130937 0.085099 0.130818 0.084208 0.130462 0.081714 0.130343 0.081001 0.129868 0.079486 0.128442 0.078060 0.126660 0.077170 0.125472 0.076902 0.124878 0.076813 0.124284 0.076011 0.121908 0.075566 0.118107 0.075566 0.116919 0.075209 0.114662 0.075120 0.109197 0.075387 0.108722 0.075833 0.108484 0.076724 0.108365 0.078239 0.108484 0.080288 0.111573 0.080734 0.111929 0.081268 0.112048 0.082426 0.112998 0.082961 0.113236 0.083674 0.114068 0.085189 0.116562 0.087238 0.119414 0.088307 0.121196 0.092049 0.124760 0.092138 0.125354 0.091693 0.125829 0.091693 0.126898 0.091426 0.128442 0.091426 0.129155 0.091693 0.129630 0.092317 0.129868 0.093653 0.129987 0.094366 0.130818 0.095168 0.131175 0.095435 0.131650 0.095524 0.132363 0.095524 0.133076 0.095346 0.133551
0 0.025017 0.256678 0.024115 0.255904 0.023148 0.254272 0.021022 0.248173 0.020893 0.247572 0.021087 0.247057 0.021409 0.246713 0.023470 0.245424 0.024759 0.244909 0.027787 0.243105 0.029140 0.241903 0.031653 0.241129 0.033328 0.241645 0.033714 0.241903 0.034230 0.243191 0.034487 0.244565 0.034616 0.247314 0.034552 0.249891 0.033972 0.251781 0.033263 0.253242 0.032748 0.254788 0.031588 0.256678 0.031137 0.256935 0.030622 0.256935 0.029204 0.255990 0.026692 0.255819 0.026305 0.255647 0.025854 0.255647 0.025532 0.255990
0 0.041524 0.223050 0.042947 0.223395 0.044888 0.223395 0.045535 0.223222 0.055629 0.223222 0.054723 0.222015 0.054723 0.221152 0.054464 0.220462 0.054335 0.219082 0.054205 0.218564 0.053558 0.217356 0.053429 0.215631 0.053041 0.215113 0.052394 0.213215 0.051746 0.210455 0.051358 0.209419 0.049935 0.207694 0.048641 0.206831 0.047347 0.206831 0.046700 0.207004 0.044112 0.208384 0.042947 0.208729 0.042300 0.214596 0.041912 0.216321 0.041394 0.218046 0.039583 0.220980 0.039841 0.221497 0.040618 0.221842
0 0.030654 0.267910 0.028971 0.266875 0.027419 0.264632 0.027160 0.263942 0.026772 0.263424 0.025736 0.260663 0.025348 0.259973 0.024830 0.258248 0.024830 0.256868 0.025089 0.256177 0.025866 0.255315 0.026254 0.254107 0.027160 0.253244 0.028842 0.253244 0.030136 0.253762 0.031689 0.254970 0.032336 0.254970 0.032724 0.255487 0.034018 0.256350 0.035442 0.258420 0.035571 0.258938 0.035959 0.259111 0.036477 0.259628 0.041006 0.259628 0.041394 0.259973 0.041653 0.261008 0.041653 0.262561 0.041265 0.263942 0.040230 0.265667 0.039453 0.266185 0.038159 0.266702 0.037771 0.267047 0.035571 0.267910 0.032077 0.267910
0 0.046742 0.266547 0.047138 0.261706 0.047138 0.255544 0.047270 0.254927 0.048393 0.253695 0.048789 0.253519 0.049581 0.253519 0.052486 0.254311 0.058164 0.254223 0.058560 0.254575 0.058956 0.255544 0.058956 0.258449 0.058824 0.259241 0.058362 0.260385 0.057306 0.261794 0.055061 0.263818 0.050901 0.265667 0.049119 0.266811 0.047930 0.267252 0.047534 0.267252
0 0.049295 0.296947 0.048305 0.296654 0.047754 0.295627 0.047204 0.295480 0.046104 0.295627 0.045664 0.295480 0.045334 0.295040 0.045003 0.293719 0.045003 0.289611 0.045444 0.288144 0.045774 0.287704 0.045994 0.286824 0.046434 0.286383 0.046654 0.284916 0.047094 0.283743 0.048084 0.282569 0.050065 0.281835 0.051386 0.280955 0.053916 0.280368 0.054137 0.281102 0.054137 0.281688 0.054907 0.285943 0.055677 0.287264 0.056227 0.287410 0.056667 0.287851 0.056667 0.288437 0.056997 0.289464 0.056997 0.290051 0.056227 0.291518 0.055897 0.291812 0.055237 0.293279 0.054907 0.293573 0.054026 0.293719 0.052046 0.295186 0.051606 0.295333 0.050285 0.296654
0 0.031249 0.358128 0.029268 0.359008 0.028938 0.359301 0.027397 0.359448 0.026627 0.359301 0.026407 0.358715 0.025637 0.357688 0.025197 0.356367 0.025087 0.355634 0.024206 0.354313 0.023876 0.353286 0.023766 0.351672 0.023766 0.350058 0.024206 0.346684 0.024536 0.346097 0.025527 0.345363 0.026957 0.345363 0.028608 0.344923 0.035430 0.344923 0.035870 0.345070 0.035980 0.346831 0.036421 0.348885 0.036421 0.353286 0.035650 0.354020 0.035100 0.354166 0.033890 0.354900 0.033560 0.355634 0.033450 0.356220 0.033780 0.356514 0.033560 0.356954 0.032679 0.357247 0.032349 0.357541
0 0.034770 0.321008 0.040272 0.319541 0.040932 0.318661 0.041482 0.316607 0.041482 0.312206 0.042693 0.306484 0.042362 0.306924 0.041042 0.306924 0.040382 0.305457 0.039612 0.305897 0.037521 0.305750 0.037301 0.307070 0.036641 0.309418 0.036310 0.309711 0.034990 0.309711 0.034440 0.310298 0.034110 0.311178 0.033780 0.311619 0.033670 0.312206 0.034000 0.313379 0.034000 0.320422
0 0.045113 0.307951 0.046104 0.307951 0.048415 0.310151 0.049185 0.310592 0.051055 0.311032 0.052046 0.311472 0.052926 0.311472 0.053256 0.311178 0.053586 0.309858 0.053586 0.307511 0.053256 0.306337 0.053146 0.304576 0.050505 0.303109 0.049515 0.302816 0.049075 0.302816 0.048415 0.303109 0.047754 0.303696 0.046214 0.303843 0.045003 0.302816 0.043133 0.301642 0.042032 0.301642 0.040822 0.301935 0.038731 0.302669 0.038291 0.303109 0.037851 0.303256 0.037961 0.303843 0.038621 0.304429 0.039061 0.304429 0.040272 0.305163 0.041372 0.306043 0.044013 0.307070
0 0.000768 0.355634 0.002859 0.352846 0.003189 0.351672 0.003189 0.350939 0.002749 0.348738 0.002089 0.347564 0.000878 0.346684 0.000328 0.344190 0.000108 0.343750
0 0.002969 0.345070 0.002089 0.344336 0.001759 0.342576 0.001649 0.340668 0.001759 0.339788 0.002199 0.338761 0.002969 0.338321 0.005720 0.338321 0.006710 0.338614 0.007151 0.338908 0.007591 0.338908 0.007921 0.339201 0.008581 0.340522 0.009241 0.341402 0.009461 0.342722 0.009681 0.343163 0.009461 0.343603 0.009021 0.343750 0.007041 0.345950 0.006160 0.345950 0.005830 0.346244 0.004290 0.346244 0.003960 0.345950
0 0.001209 0.338614 0.000328 0.338174 0.000000 0.337587 0.000000 0.336854 0.000000 0.336267 0.000000 0.334653 0.000000 0.330985 0.000108 0.329518 0.000108 0.327024 0.000218 0.326437 0.000438 0.325997 0.000878 0.325850 0.001319 0.325850 0.001759 0.326144 0.002089 0.326584 0.002309 0.327317 0.002529 0.329958 0.004950 0.333186 0.006820 0.334800 0.007261 0.334800 0.007591 0.335093 0.007811 0.336267 0.007481 0.336854 0.006930 0.337147 0.005610 0.338761 0.005170 0.338761 0.004180 0.339201 0.001979 0.339495
0 0.003739 0.325703 0.004950 0.325703 0.006160 0.325117 0.007921 0.323796 0.008251 0.323356 0.008581 0.321889 0.009681 0.320715 0.010122 0.319541 0.010122 0.318221 0.008691 0.315287 0.007921 0.313232 0.007261 0.312499 0.006820 0.312352 0.004950 0.312352 0.004070 0.311912 0.000000 0.311912 0.000000 0.312206 0.000328 0.325117 0.000768 0.325703 0.001759 0.325703 0.002749 0.325263
0 0.026737 0.338321 0.014963 0.334213 0.019035 0.327904 0.022666 0.327904
0 0.013423 0.347858 0.022116 0.358715 0.022996 0.348004 0.022886 0.344043 0.018484 0.337441 0.013203 0.341549
0 0.013533 0.387618 0.008031 0.383363 0.012322 0.372213 0.018044 0.381309 0.014743 0.387031
0 0.002419 0.371479 0.002639 0.365757 0.009131 0.359595 0.010012 0.369718 0.006710 0.372506
0 0.029165 0.342941 0.036183 0.333584 0.033398 0.331505 0.033064 0.324524 0.029165 0.323336 0.024709 0.327198 0.023372 0.324821 0.022481 0.330020 0.026603 0.335664 0.026269 0.340713
0 0.029945 0.425668 0.034734 0.422104 0.034066 0.417796 0.028162 0.418391 0.027828 0.424777
0 0.029499 0.406360 0.030279 0.398786 0.039079 0.398637 0.043089 0.399677 0.043757 0.405172 0.040638 0.409034 0.040750 0.420470 0.038633 0.426559 0.033398 0.427302 0.032172 0.416757 0.028274 0.413192 0.028051 0.406954
0 0.026714 0.410816 0.023484 0.408885 0.017469 0.397152 0.020922 0.391805 0.024709 0.391359 0.026380 0.398192 0.028608 0.403538 0.027940 0.410816
0 0.029191 0.060103 0.028267 0.058870 0.027920 0.057946 0.026649 0.055635 0.028267 0.054248 0.031964 0.054710 0.030693 0.061336
0 0.018560 0.064725 0.017635 0.063801 0.017404 0.061952 0.021333 0.056713 0.025840 0.055943 0.026302 0.056867 0.026764 0.058254 0.027342 0.059333 0.027573 0.060103 0.028498 0.061798 0.028498 0.063955 0.024915 0.066112 0.020871 0.066112 0.019715 0.065958 0.019253 0.065650
0 0.018861 0.001563 0.019563 0.002498 0.021201 0.003902 0.023891 0.006710 0.025061 0.007646 0.025763 0.007801 0.026933 0.008581 0.029974 0.008581 0.030559 0.007957 0.030559 0.007334 0.030910 0.006242 0.031261 0.005930 0.031378 0.005306 0.031378 0.003902 0.031144 0.003278 0.030793 0.002810 0.029506 0.001875 0.029155 0.001407 0.028219 0.000939 0.027518 0.000315 0.018510 0.000159
0 0.303617 0.074284 0.305591 0.075336 0.306381 0.076915 0.306973 0.079021 0.306973 0.082705 0.308946 0.083757 0.313288 0.084021 0.313288 0.081389 0.315262 0.074021 0.314867 0.071652 0.314078 0.070337 0.313880 0.064547 0.312499 0.063495 0.308354 0.066916 0.306775 0.067442 0.305986 0.068231 0.304407 0.072179
0 0.317236 0.073494 0.322367 0.070600 0.321972 0.070863 0.321972 0.060863 0.315262 0.061389
0 0.315519 0.082809 0.316310 0.083097 0.322280 0.082809 0.322064 0.074082 0.317821 0.074849 0.315375 0.077630 0.314656 0.080795
0 0.332062 0.140733 0.330696 0.140733 0.329617 0.139774 0.328897 0.138911 0.327675 0.136610 0.327531 0.136034 0.327603 0.134883 0.327890 0.134500 0.328825 0.133829 0.329545 0.132869 0.330408 0.130280 0.330696 0.129897 0.331415 0.129225 0.334795 0.126828 0.334939 0.126156 0.335802 0.125197 0.337960 0.125197 0.338679 0.125581 0.340190 0.125965 0.341628 0.126828 0.341916 0.127307 0.341916 0.129321 0.341772 0.130376 0.341269 0.131431 0.340837 0.131719 0.337672 0.132390 0.337529 0.133349 0.337744 0.134979 0.337744 0.136130 0.337241 0.137473 0.336881 0.137952 0.334867 0.139295 0.334508 0.139679 0.334004 0.139774 0.333285 0.140350 0.332853 0.140446
0 0.314766 0.208497 0.320373 0.208400 0.321392 0.207915 0.322120 0.206653 0.322047 0.205391 0.321829 0.204808 0.321829 0.202769 0.321465 0.201701 0.320009 0.199760 0.317315 0.199663 0.316586 0.200148 0.315349 0.201799 0.314111 0.204711 0.314038 0.207041 0.314184 0.207721
0 0.310470 0.231020 0.307995 0.231117 0.306320 0.228399 0.305883 0.228011 0.305009 0.227816 0.304573 0.227525 0.304500 0.225584 0.305155 0.224807 0.306393 0.224322 0.308577 0.223059 0.310689 0.221021 0.311198 0.221021 0.311563 0.221409 0.312145 0.222671 0.312363 0.223642 0.312436 0.227040 0.312363 0.228205 0.311708 0.229855 0.310980 0.230341
0 0.314038 0.243155 0.313237 0.242282 0.312800 0.240728 0.312655 0.239272 0.312655 0.236942 0.312363 0.235971 0.311198 0.234321 0.310980 0.233641 0.310980 0.232282 0.311344 0.231603 0.313601 0.229758 0.315203 0.229079 0.317387 0.228884 0.317824 0.228981 0.318188 0.229273 0.318480 0.229952 0.319135 0.230632 0.318989 0.231700 0.318698 0.232476 0.317824 0.234030 0.316659 0.235389 0.315786 0.237039 0.315786 0.237622 0.316077 0.238690 0.315931 0.240146 0.315494 0.241214 0.314548 0.242767
0 0.348471 0.355837 0.354262 0.355837 0.354876 0.355603 0.355666 0.355603 0.356631 0.356422 0.359088 0.357709 0.359966 0.358411 0.363388 0.358528 0.363739 0.358294 0.363739 0.357475 0.361721 0.354199 0.361282 0.353731 0.359527 0.350689 0.359352 0.349285 0.359527 0.344371 0.359352 0.341563 0.359176 0.341096 0.355842 0.341213 0.354964 0.341680 0.354438 0.341680 0.353999 0.341914 0.351805 0.342148 0.350401 0.342850 0.349963 0.342850 0.348734 0.343435 0.347506 0.343786 0.347155 0.344605 0.347067 0.345424 0.346628 0.347062 0.346628 0.352795 0.346804 0.353263 0.346892 0.354433 0.347067 0.355018 0.347418 0.355369
0 0.347243 0.368239 0.347330 0.366835 0.348822 0.362389 0.349348 0.361219 0.350489 0.359347 0.351016 0.358060 0.351454 0.357475 0.352332 0.355018 0.352420 0.354316 0.353297 0.352561 0.354087 0.349987 0.356807 0.345190 0.358035 0.340394 0.358825 0.338405 0.361370 0.333725 0.362774 0.330449 0.363651 0.328811 0.364178 0.326588 0.364529 0.325886 0.364880 0.325652 0.365143 0.324950 0.366108 0.323429 0.368039 0.321557 0.369443 0.319568 0.370583 0.316877 0.373303 0.313484 0.373742 0.313133 0.374269 0.313016 0.374707 0.312665 0.376901 0.312665 0.378393 0.313133 0.379709 0.314069 0.380499 0.315239 0.380762 0.316058 0.380762 0.317813 0.380411 0.319919 0.379797 0.322025 0.379095 0.323663 0.379007 0.324365 0.378130 0.326471 0.377866 0.327524 0.377779 0.332087 0.377164 0.337937 0.376813 0.339692 0.376813 0.340511 0.376287 0.342850 0.375497 0.344605 0.374181 0.347062 0.372952 0.348700 0.372689 0.349285 0.371812 0.350221 0.369881 0.352912 0.367688 0.355486 0.366196 0.356890 0.365231 0.357475 0.362247 0.360283 0.361896 0.360985 0.361458 0.361453 0.360756 0.362974 0.359966 0.363910 0.359703 0.364495 0.358737 0.365431 0.357860 0.366601 0.356456 0.367888 0.355929 0.368122 0.355666 0.368590 0.354701 0.369409 0.353297 0.370461 0.352420 0.370929 0.349875 0.371046 0.349436 0.370813 0.345839 0.370578 0.345488 0.370228 0.346541 0.369409 0.346628 0.368707
0 0.372148 0.430123 0.373267 0.430123 0.375257 0.428796 0.376003 0.428631 0.377868 0.426807 0.378366 0.426143 0.381475 0.423325 0.381723 0.422827 0.382594 0.421832 0.383216 0.420672 0.383340 0.419511 0.383713 0.418019 0.383713 0.417190 0.384086 0.416195 0.384459 0.416029 0.385081 0.415034 0.385454 0.414868 0.386200 0.414039 0.386200 0.411884 0.385454 0.411386 0.384832 0.410226 0.384832 0.406080 0.384459 0.404920 0.383464 0.402764 0.382718 0.401769 0.380231 0.400609 0.379858 0.400277 0.378366 0.400443 0.376749 0.400940 0.374884 0.401769 0.374511 0.402101 0.374138 0.402764 0.373889 0.403593 0.373267 0.404588 0.373018 0.405251 0.372521 0.405749 0.372396 0.406412 0.372023 0.406909 0.371526 0.408402 0.371153 0.408733 0.370531 0.410723 0.370531 0.412049 0.370780 0.412547 0.371153 0.412879 0.371402 0.413542 0.371402 0.415200 0.370655 0.416526 0.369909 0.418682 0.368790 0.419179 0.367546 0.420340 0.367298 0.421832 0.367298 0.424983 0.367920 0.425978 0.368417 0.426475 0.369163 0.427802 0.371402 0.429128
0 0.544881 0.490975 0.544881 0.494126 0.545254 0.496116 0.545379 0.497774 0.545752 0.499432 0.546125 0.499929 0.546498 0.500095 0.547990 0.500095 0.548363 0.500261 0.551596 0.500261 0.552716 0.499929 0.553338 0.499929 0.554208 0.499432 0.555327 0.499266 0.555700 0.498934 0.556571 0.498603 0.557441 0.498603 0.558436 0.498105 0.559929 0.497774 0.559555 0.497110 0.558188 0.495950 0.557317 0.491307 0.556695 0.490312 0.555700 0.489815 0.554208 0.489815 0.553213 0.490478 0.551596 0.490810 0.548985 0.490810 0.547493 0.490312 0.546000 0.490312
0 0.570499 0.588472 0.568882 0.588804 0.567017 0.588804 0.565027 0.588141 0.560923 0.585819 0.560426 0.584824 0.560053 0.582669 0.559307 0.580016 0.558934 0.577694 0.558561 0.576700 0.558063 0.575705 0.557068 0.574710 0.555700 0.573715 0.555079 0.572389 0.554830 0.571394 0.554830 0.570067 0.555327 0.569570 0.556073 0.569238 0.556446 0.568741 0.557939 0.567746 0.558934 0.567414 0.559929 0.567248 0.562913 0.567248 0.563908 0.567912 0.565152 0.569238 0.565276 0.569736 0.566395 0.571559 0.567141 0.573549 0.567266 0.574212 0.568136 0.576368 0.569255 0.577860 0.569877 0.578358 0.570375 0.578524 0.571618 0.578524 0.571991 0.578855 0.572613 0.580182 0.572737 0.580845 0.572737 0.583995 0.572364 0.585819 0.571743 0.587643
0 0.606563 0.580347 0.605319 0.580182 0.604697 0.579850 0.602956 0.579518 0.601837 0.578524 0.600096 0.577694 0.599474 0.577197 0.599350 0.573383 0.599599 0.572554 0.599972 0.572057 0.600718 0.571228 0.601962 0.570730 0.602956 0.570067 0.604076 0.570067 0.604822 0.569736 0.607185 0.569736 0.608801 0.570730 0.609050 0.571228 0.609050 0.572057 0.608677 0.573383 0.608677 0.574212 0.608179 0.577363 0.607558 0.579187
0 0.581194 0.555642 0.580199 0.555144 0.579453 0.552989 0.579453 0.552160 0.578955 0.550833 0.578955 0.550004 0.579328 0.548180 0.579701 0.547683 0.580199 0.547517 0.584054 0.547517 0.586417 0.546854 0.587909 0.545361 0.588158 0.544035 0.588531 0.543372 0.589028 0.543040 0.589277 0.542543 0.588904 0.542045 0.588158 0.541548 0.587909 0.541050 0.588158 0.540553 0.589028 0.540221 0.591018 0.540221 0.591391 0.540387 0.593008 0.541714 0.593381 0.542377 0.593754 0.544201 0.593754 0.546190 0.593008 0.547683 0.592759 0.548512 0.592386 0.549009 0.591764 0.549175 0.589774 0.551165 0.589401 0.551331 0.587536 0.553320 0.587163 0.553486 0.586541 0.554481 0.584924 0.555808 0.583059 0.555973 0.582189 0.556305
0 0.576468 0.567912 0.574976 0.567912 0.574603 0.567746 0.574105 0.567083 0.572613 0.566254 0.571867 0.564595 0.571494 0.563435 0.571369 0.562606 0.571494 0.561279 0.571867 0.560782 0.572737 0.560119 0.573484 0.559124 0.574976 0.559124 0.575473 0.559289 0.576344 0.559953 0.576841 0.560782 0.577463 0.561279 0.577960 0.561942 0.579453 0.564761 0.579328 0.565922 0.578831 0.567248 0.578458 0.567580 0.577587 0.567746
0 0.572489 0.572389 0.572986 0.570730 0.572986 0.568243 0.572613 0.567248 0.571867 0.566917 0.570748 0.566917 0.570375 0.567083 0.569007 0.567912 0.568260 0.568575 0.567266 0.569072 0.567017 0.569570 0.566022 0.570067 0.565276 0.570730 0.565152 0.571228 0.565152 0.572554 0.565276 0.573052 0.566022 0.573881 0.567390 0.574544 0.568260 0.575207 0.569380 0.577529 0.570375 0.578026 0.572737 0.578026 0.573981 0.577031 0.574230 0.576036 0.574230 0.574212 0.574105 0.573549 0.573608 0.573052
0 0.719973 0.115472 0.720689 0.112927 0.725461 0.107519 0.726892 0.106565 0.731664 0.106565 0.733334 0.107519 0.734527 0.101793 0.735243 0.100839 0.737628 0.099567 0.743354 0.098612 0.745502 0.097022 0.747172 0.094795 0.748126 0.094795 0.750273 0.096068 0.751943 0.097976 0.753375 0.100203 0.755045 0.104338 0.758385 0.107201 0.759339 0.109428 0.759816 0.109746 0.760055 0.111019 0.760532 0.111337 0.764111 0.121516 0.765065 0.122471 0.765781 0.124379 0.770791 0.132968 0.772461 0.137422 0.773177 0.138694 0.774131 0.139330 0.776040 0.139648 0.776279 0.140921 0.773177 0.144420 0.767928 0.152055 0.762918 0.157781 0.760294 0.158417 0.756715 0.158417 0.755045 0.156190 0.754806 0.150146 0.755045 0.133604 0.754090 0.128515 0.747172 0.128196 0.746217 0.127560 0.744309 0.127560 0.741446 0.126288 0.740014 0.125015 0.736674 0.124697 0.734288 0.123425 0.733095 0.122152 0.731425 0.122152 0.725222 0.118653 0.720212 0.118653
0 0.992433 0.265619 0.984799 0.257030 0.988139 0.245260 0.999829 0.247805 0.995296 0.258621
0 0.999591 0.274844 0.994342 0.268164 0.994819 0.255122 1.000000 0.253531
0 0.986946 0.242079 0.986230 0.232854 0.976687 0.222675 0.976687 0.215994 0.998398 0.224901 1.000000 0.244624 0.994581 0.246215
0 0.954976 0.263074 0.951874 0.257985 0.953306 0.256076 0.952352 0.250032 0.960823 0.249132 0.961991 0.253856 0.963804 0.256712
0 0.686681 0.856061 0.688154 0.853816 0.691311 0.851571 0.691522 0.849607 0.691311 0.846800 0.690890 0.846520 0.690890 0.844556 0.688786 0.843152 0.684576 0.841749 0.683735 0.841749 0.681840 0.844275 0.681420 0.845397 0.681840 0.852132 0.682682 0.853535 0.685208 0.854938
0 0.710042 0.823229 0.713199 0.818459 0.714462 0.818178 0.716566 0.818739 0.719513 0.821545 0.719723 0.828561 0.719092 0.831647 0.714672 0.831928 0.711936 0.828841 0.711094 0.828561 0.709832 0.825474
0 0.636802 0.824913 0.635750 0.822948 0.635750 0.822387 0.636802 0.820984 0.645220 0.820703 0.652166 0.822668 0.654270 0.822668 0.654691 0.823229 0.658479 0.824632 0.659321 0.825474 0.660374 0.828561 0.659742 0.830244 0.659532 0.833892 0.658900 0.835015 0.657427 0.835857 0.655323 0.835857 0.653849 0.835015 0.649430 0.830244 0.646694 0.829964 0.643747 0.828561 0.637854 0.826877
0 0.723722 0.767667 0.725406 0.765423 0.725406 0.758969 0.725827 0.756724 0.729615 0.751392 0.731509 0.750269 0.732772 0.748866 0.732772 0.748025 0.731509 0.746902 0.731509 0.744657 0.732140 0.743535 0.733403 0.741851 0.736560 0.741851 0.738665 0.742412 0.739717 0.743815 0.740559 0.749708 0.740559 0.753637 0.739506 0.755040 0.736350 0.757285 0.733403 0.760933 0.732351 0.762616 0.731509 0.767948 0.729615 0.769632 0.725616 0.771877 0.724143 0.771877 0.723301 0.771596 0.723091 0.771035 0.722880 0.765703
0 0.645220 0.688815 0.653007 0.689376 0.653218 0.681800 0.644379 0.682642
0 0.639959 0.698075 0.642905 0.692463 0.643326 0.692463 0.642484 0.690218 0.642484 0.687132 0.643116 0.685728 0.643958 0.680397 0.644800 0.677871 0.645641 0.677029 0.647115 0.676749 0.648377 0.678152 0.651534 0.679274 0.655112 0.679274 0.655112 0.686290 0.655533 0.686851 0.655533 0.689376 0.655323 0.690499 0.652587 0.694708 0.648167 0.697795 0.641222 0.699759
0 0.657638 0.687973 0.660584 0.688254 0.662478 0.687412 0.664162 0.685448 0.664162 0.684887 0.659532 0.682922 0.657427 0.681239 0.656585 0.679555 0.655743 0.679274 0.655954 0.687412 0.659321 0.687693
0 0.615125 0.578815 0.614914 0.575448 0.615335 0.573483 0.618282 0.573203 0.619965 0.572361 0.628384 0.572080 0.628384 0.572641 0.627542 0.573203 0.626069 0.577412 0.623964 0.579937 0.622491 0.579937 0.622070 0.580499 0.615966 0.580779
0 0.604812 0.565345 0.604602 0.561417 0.605233 0.556927 0.605654 0.556366 0.608811 0.556366 0.613020 0.559172 0.613651 0.559172 0.615335 0.561978 0.616177 0.561978 0.616808 0.561417 0.616808 0.559733 0.618492 0.557769 0.619334 0.557488 0.620597 0.556085 0.621859 0.556085 0.622912 0.557769 0.624174 0.562539 0.624174 0.565345 0.622701 0.568713 0.622070 0.569274 0.618071 0.577692 0.612389 0.578815 0.611126 0.578534 0.607759 0.576289 0.604391 0.571238 0.603760 0.569555 0.603760 0.567590
0 0.641643 0.536162 0.643537 0.534759 0.649430 0.532514 0.652166 0.529427 0.653639 0.524937 0.654270 0.519886 0.654270 0.512590 0.653428 0.510065 0.652166 0.507539 0.650482 0.506978 0.646694 0.506978 0.643326 0.507820 0.638486 0.512309 0.637644 0.512590 0.634487 0.516519 0.633856 0.519044 0.633856 0.523534 0.635118 0.525779 0.636592 0.526621 0.637644 0.529427 0.640380 0.533636
0 0.567633 0.496831 0.566329 0.496106 0.566220 0.495382 0.566329 0.494367 0.567633 0.493353 0.567851 0.492918 0.567851 0.478569 0.567525 0.478280 0.567416 0.475526 0.567742 0.475236 0.569373 0.474656 0.570460 0.474656 0.571547 0.474801 0.572960 0.475236 0.573938 0.475236 0.575134 0.476106 0.575568 0.476830 0.576329 0.478859 0.576438 0.479584 0.577090 0.481613 0.577416 0.482048 0.577416 0.483932 0.576873 0.485381 0.576221 0.485961 0.575242 0.486396 0.574808 0.488135 0.574481 0.488715 0.574373 0.490599 0.573829 0.492483 0.573721 0.495671 0.573286 0.496686 0.571438 0.497411 0.569264 0.497411 0.568829 0.497266
0 0.578612 0.469439 0.577199 0.469584 0.576329 0.469873 0.575242 0.469729 0.574264 0.468424 0.574155 0.467699 0.573503 0.466830 0.573177 0.465960 0.571981 0.463931 0.571220 0.463062 0.570677 0.462482 0.569481 0.461612 0.568938 0.461467 0.566546 0.459873 0.566329 0.459293 0.565785 0.458714 0.565025 0.457554 0.564807 0.456974 0.564372 0.456685 0.563394 0.455090 0.562742 0.453351 0.562633 0.452047 0.562633 0.450163 0.563394 0.449438 0.564372 0.448858 0.566220 0.448568 0.569155 0.448568 0.570568 0.448134 0.571655 0.448134 0.573068 0.448568 0.573612 0.449003 0.574264 0.449583 0.575025 0.450742 0.578286 0.453931 0.578829 0.454076 0.579916 0.454945 0.580786 0.454945 0.581656 0.455525 0.583286 0.456974 0.584373 0.458714 0.585786 0.460308 0.586004 0.460743 0.587199 0.461612 0.586004 0.462482 0.585351 0.463496 0.583612 0.468279 0.583612 0.468859 0.583177 0.469873 0.582199 0.470453 0.581547 0.471323 0.579699 0.471323 0.578612 0.470743
0 0.561872 0.478424 0.555024 0.472048 0.555350 0.467120 0.549589 0.460163 0.557850 0.449003 0.568068 0.462772 0.570786 0.467120 0.576003 0.469149 0.577199 0.474801 0.569155 0.481033
0 0.853532 0.333778 0.859595 0.340093 0.867267 0.338830 0.868688 0.332137 0.861773 0.331000 0.854669 0.331758 0.851638 0.330242 0.851638 0.331000 0.851922 0.331631
0 0.850407 0.328600 0.844344 0.317360 0.841313 0.311045 0.852869 0.306625 0.857984 0.315971 0.858647 0.328348
0 0.864425 0.331000 0.865562 0.327085 0.866414 0.326706 0.867646 0.326580 0.873329 0.326580 0.873708 0.326832 0.875129 0.330874 0.875034 0.331631 0.874466 0.333147 0.873708 0.333905 0.873234 0.335294 0.872855 0.335547 0.872287 0.336431 0.871908 0.336809 0.870393 0.337567 0.869919 0.337567 0.869067 0.337946 0.867930 0.337820 0.867551 0.337441 0.866699 0.335925 0.866509 0.335294 0.866036 0.334915 0.865088 0.333652 0.864615 0.332389 0.864331 0.332010
0 0.806330 0.281071 0.804909 0.279598 0.803804 0.276651 0.803646 0.271599 0.801752 0.263390 0.801594 0.260022 0.801278 0.259391 0.801594 0.258128 0.803172 0.257075 0.804751 0.256444 0.805856 0.256865 0.808856 0.261706 0.809961 0.264443 0.811855 0.276230 0.811697 0.281492 0.807435 0.282755
0 0.927888 0.125939 0.926152 0.125098 0.925994 0.122782 0.926783 0.121519 0.929625 0.120677 0.930730 0.120888 0.930730 0.123835 0.929941 0.125308 0.929309 0.125308
0 0.890759 0.000134 0.897961 0.000134 0.898097 0.004301 0.897330 0.005506 0.897010 0.005932 0.896603 0.006113 0.895923 0.007200 0.895384 0.007632 0.894564 0.008287 0.893749 0.008831 0.892933 0.009012 0.891710 0.009012 0.890895 0.008106 0.889808 0.005388 0.889808 0.004301 0.890351 0.003758 0.890623 0.002852 0.890487 0.001764
0 0.895244 0.009193 0.896331 0.010462 0.897010 0.012274 0.897418 0.012636 0.897690 0.013180 0.898097 0.013361 0.899185 0.013361 0.899728 0.013180 0.901087 0.013180 0.902990 0.012455 0.903805 0.011730 0.904213 0.011549 0.904620 0.011005 0.905436 0.009012 0.905572 0.008469 0.905436 0.006113 0.904756 0.005026 0.903941 0.004301 0.903805 0.003758 0.903805 0.002127 0.903261 0.001764 0.902854 0.001764 0.902446 0.002127 0.901902 0.002127 0.900272 0.002852 0.899049 0.002852 0.898641 0.003214 0.898505 0.003758 0.898097 0.003939 0.897690 0.005026 0.896059 0.007019 0.895787 0.007563
0 0.904708 0.000132 0.905508 0.003236 0.907065 0.005330 0.908104 0.005131 0.909512 0.005207 0.909512 0.006838 0.909784 0.007925 0.910192 0.008650 0.910328 0.009193 0.912774 0.011730 0.913589 0.011730 0.914541 0.011549 0.915764 0.010462 0.916035 0.009918 0.916035 0.009193 0.916307 0.007925 0.916307 0.004482 0.915900 0.003395 0.915492 0.002852 0.915356 0.000000 0.914948 0.000000
0 0.832658 0.012295 0.832658 0.016880 0.832933 0.018164 0.833071 0.019999 0.833208 0.020549 0.833621 0.020916 0.834034 0.020916 0.835960 0.022016 0.836785 0.022200 0.839261 0.022200 0.840362 0.021649 0.840774 0.020549 0.841462 0.019448 0.841875 0.019448 0.842288 0.018898 0.842425 0.017797 0.842425 0.015046 0.842150 0.013579 0.841875 0.013028 0.838573 0.010827 0.837335 0.010461 0.836235 0.009910 0.834997 0.009910 0.833483 0.011011
0 0.839949 0.033755 0.839261 0.036323 0.839261 0.036873 0.839674 0.037240 0.840087 0.037240 0.840499 0.037791 0.840499 0.038341 0.840774 0.038891 0.841050 0.040358 0.841600 0.041459 0.843388 0.041826 0.844214 0.042193 0.845452 0.042193 0.846965 0.041642 0.848203 0.039808 0.848616 0.039441 0.848891 0.038708 0.848753 0.038157 0.848478 0.037607 0.847653 0.036873 0.847240 0.036690 0.846690 0.035589 0.846690 0.034856 0.846140 0.034306 0.843388 0.034306 0.842838 0.034122 0.841875 0.033388 0.841462 0.033388
0 0.719440 0.082546 0.722329 0.083463 0.723842 0.084747 0.726869 0.084747 0.729070 0.081995 0.729070 0.079244 0.729208 0.077960 0.729620 0.076676 0.730033 0.075942 0.730033 0.073008 0.729620 0.072091 0.728107 0.070440 0.727006 0.068789 0.722604 0.068606 0.719853 0.070073 0.719578 0.070623 0.719303 0.071907 0.719165 0.073558 0.719165 0.076676 0.718890 0.077226 0.718890 0.080345 0.718752 0.080895
0 0.734022 0.097770 0.730033 0.097770 0.729208 0.097586 0.728795 0.097036 0.727969 0.093368 0.726181 0.089332 0.726181 0.087131 0.726456 0.086214 0.727832 0.084013 0.728245 0.083646 0.729345 0.081995 0.729758 0.081629 0.732372 0.081445 0.734022 0.082179 0.734848 0.083096 0.734985 0.083646 0.735536 0.084380 0.737324 0.085664 0.737599 0.086214 0.737737 0.086948 0.737737 0.093918 0.737599 0.095936 0.737324 0.096486 0.736911 0.096853 0.736086 0.097403 0.735123 0.097586
0 0.746266 0.093551 0.744753 0.093918 0.743927 0.093368 0.742689 0.090249 0.742551 0.088048 0.742827 0.087498 0.743239 0.087131 0.743652 0.087131 0.744065 0.086764 0.747229 0.086764 0.747779 0.086948 0.749292 0.088048 0.749705 0.088048 0.750255 0.089149 0.750255 0.089699 0.750668 0.091350 0.750806 0.093918 0.750530 0.094468 0.749980 0.094468 0.749567 0.094835 0.747917 0.094835 0.747504 0.094468
0 0.616594 0.007947 0.616798 0.009850 0.617307 0.011753 0.617715 0.012160 0.618021 0.012840 0.618531 0.013519 0.619856 0.014743 0.621079 0.015558 0.621589 0.015558 0.621894 0.015015 0.622812 0.014607 0.623423 0.014063 0.624443 0.013519 0.624647 0.012160 0.624137 0.008355 0.623423 0.005229 0.622812 0.004006 0.622710 0.003462 0.621894 0.003326 0.621385 0.003598 0.620569 0.003734 0.620263 0.004141 0.619040 0.004685 0.618734 0.005093 0.617817 0.005636 0.617205 0.006588
0 0.600284 0.006724 0.600998 0.005501 0.601303 0.004277 0.602629 0.002374 0.603954 0.001559 0.604361 0.001015 0.605789 0.000200 0.606706 0.000000 0.608541 0.000000 0.609050 0.000000 0.610885 0.001287 0.611905 0.003054 0.612109 0.004277 0.612109 0.005636 0.611803 0.006180 0.611191 0.007947 0.610376 0.008491 0.609866 0.008491 0.607114 0.009850 0.605789 0.009850 0.603750 0.009170 0.602832 0.008491 0.601915 0.008219 0.601507 0.007811 0.601100 0.007675
0 0.570825 0.028606 0.569703 0.028334 0.569398 0.027926 0.569398 0.027247 0.568888 0.026160 0.568888 0.025344 0.568378 0.023305 0.568378 0.017461 0.568582 0.016238 0.568786 0.015694 0.569194 0.015286 0.571028 0.013927 0.571436 0.013791 0.572252 0.013927 0.572863 0.014471 0.573169 0.015015 0.573577 0.016374 0.573883 0.016917 0.574188 0.018141 0.574494 0.018684 0.575106 0.020859 0.575310 0.022218 0.576125 0.024936 0.576125 0.027247 0.576023 0.027791 0.575717 0.028198 0.575717 0.028878 0.575412 0.029421 0.574596 0.029829 0.572965 0.029965 0.571640 0.029150
0 0.576635 0.016917 0.577960 0.016510 0.579285 0.016646 0.579795 0.017733 0.580610 0.018956 0.580916 0.020179 0.580814 0.021946 0.580203 0.023305 0.579183 0.024664 0.577858 0.025208 0.576227 0.025208 0.574494 0.023713 0.573883 0.021402 0.573985 0.020723 0.574596 0.019908 0.575717 0.017869
0 0.542188 0.010417 0.544531 0.010417 0.545312 0.010417 0.546094 0.011458 0.546875 0.012500 0.547656 0.017708 0.548438 0.018750 0.550781 0.016667 0.551562 0.015625 0.556250 0.016667 0.557031 0.017708 0.554688 0.021875 0.553906 0.022917 0.553906 0.038542 0.553906 0.039583 0.556250 0.042708 0.557031 0.043750 0.556250 0.059375 0.556250 0.060417 0.553906 0.062500 0.553125 0.063542 0.548438 0.063542 0.547656 0.064583 0.528906 0.063542 0.528125 0.063542 0.526563 0.058333 0.526563 0.057292 0.528125 0.051042 0.528906 0.050000 0.530469 0.035417 0.530469 0.034375 0.532813 0.029167 0.533594 0.028125 0.537500 0.013542 0.537500 0.012500 0.542188 0.010417
0 0.517716 0.041246 0.516697 0.041246 0.516187 0.040974 0.515270 0.039343 0.515168 0.038664 0.514556 0.037033 0.514556 0.035809 0.514760 0.034450 0.515575 0.032819 0.516187 0.032004 0.517410 0.031324 0.520162 0.030645 0.521488 0.030645 0.521997 0.030237 0.522507 0.030509 0.522711 0.031324 0.523323 0.032276 0.524750 0.037033 0.525667 0.038936 0.526992 0.042877 0.527910 0.044372 0.528317 0.047770 0.528215 0.057964 0.527706 0.058915 0.527094 0.059051 0.524852 0.060138 0.524444 0.060546 0.523934 0.061497 0.523526 0.061769 0.522711 0.061769 0.521997 0.061225 0.521590 0.059866 0.521590 0.058507 0.521794 0.057420 0.521794 0.055517 0.521488 0.054837 0.521182 0.053071 0.520876 0.052391 0.520774 0.051032 0.520468 0.050216 0.520468 0.049673 0.520162 0.048857 0.520061 0.048178 0.519449 0.046547 0.519041 0.044780 0.518226 0.042469
0 0.454210 0.112601 0.455026 0.111786 0.458491 0.109611 0.461040 0.107572 0.461447 0.107164 0.461855 0.106077 0.462263 0.106077 0.463079 0.105669 0.463486 0.105262 0.464506 0.105262 0.465423 0.105669 0.465729 0.106077 0.466239 0.106213 0.467564 0.107708 0.468481 0.108252 0.468787 0.108660 0.468889 0.109203 0.468685 0.110426 0.468685 0.112329 0.468991 0.112873 0.469399 0.113145 0.470826 0.113553 0.471335 0.113553 0.473068 0.115319 0.473680 0.116543 0.473986 0.117630 0.473986 0.118174 0.471845 0.120892 0.471437 0.121164 0.470520 0.121300 0.467971 0.121164 0.466442 0.120076 0.466035 0.119940 0.465219 0.119125 0.464811 0.119125 0.462671 0.120620 0.461040 0.120620 0.459205 0.121164 0.458186 0.121300 0.457676 0.121571 0.457166 0.121571 0.456657 0.121843 0.454924 0.121843 0.454210 0.121164 0.453497 0.119125 0.453395 0.118445 0.453497 0.113688
0 0.430179 0.000000 0.439098 0.000000 0.438434 0.001430 0.436370 0.004968 0.435781 0.005656 0.434675 0.006442 0.430400 0.007327 0.426272 0.007720 0.421924 0.008604 0.418386 0.008604 0.416175 0.007916 0.414184 0.007916 0.414037 0.003789 0.414921 0.003494 0.415732 0.003494 0.416690 0.003592 0.417501 0.003887 0.421039 0.003887 0.421850 0.003592 0.423177 0.003494 0.423766 0.003101 0.424872 0.003002 0.427010 0.002216 0.428189 0.002020 0.428779 0.001725 0.429442 0.000742
0 0.323185 0.003207 0.326736 0.001117 0.329870 0.001117 0.330392 0.001257 0.331228 0.001953 0.331750 0.002649 0.332064 0.003485 0.333317 0.004599 0.333631 0.005296 0.334780 0.006828 0.335511 0.008221 0.336451 0.010589 0.336765 0.012538 0.336765 0.014488 0.336660 0.015046 0.336138 0.015463 0.335615 0.015603 0.334257 0.015603 0.333317 0.014906 0.331019 0.012121 0.329348 0.010728 0.328094 0.009335 0.325901 0.007803 0.324647 0.006689 0.323603 0.005157 0.323498 0.004460
0 0.320573 0.018110 0.320573 0.012678 0.321095 0.010310 0.321409 0.009335 0.322036 0.008081 0.323185 0.006549 0.324020 0.006271 0.327363 0.006271 0.327781 0.006132 0.328199 0.006828 0.329452 0.010589 0.329557 0.011981 0.328512 0.013653 0.326214 0.015603 0.325901 0.016021 0.323603 0.017413 0.321618 0.019085 0.321095 0.019085
0 0.218165 0.242698 0.218870 0.240818 0.219575 0.236823 0.221161 0.233534 0.221338 0.226014 0.222924 0.225074 0.223981 0.225074 0.225744 0.226014 0.227330 0.228364 0.230326 0.230479 0.231031 0.231889 0.231031 0.236353 0.228211 0.239173 0.226273 0.245988 0.223805 0.246223 0.222571 0.245518 0.220809 0.245518 0.219223 0.244108
0 0.148569 0.303664 0.147220 0.302465 0.146171 0.301066 0.146021 0.299867 0.145572 0.299268 0.145572 0.297469 0.146171 0.296670 0.147520 0.296670 0.147970 0.296270 0.149019 0.296270 0.149768 0.296470 0.150967 0.297269 0.150967 0.301665 0.150817 0.302265 0.150817 0.304063 0.149768 0.304263
0 0.017585 0.249711 0.016086 0.248712 0.015337 0.247513 0.013838 0.243117 0.013238 0.240919 0.013238 0.239520 0.012789 0.238121 0.012789 0.234924 0.012639 0.234125 0.012639 0.232726 0.012040 0.230328 0.012040 0.228330 0.011740 0.227531 0.011590 0.225333 0.011290 0.224134 0.011290 0.222535 0.010841 0.220537 0.010691 0.217540 0.010990 0.217140 0.011740 0.217140 0.012189 0.216940 0.014138 0.216940 0.015936 0.215941 0.016536 0.215941 0.016985 0.215541 0.018484 0.215142 0.019533 0.214542 0.020432 0.214342 0.025528 0.214342 0.026427 0.214542 0.027776 0.215741 0.028675 0.216141 0.029874 0.216940 0.030323 0.217540 0.032721 0.218739 0.034220 0.220137 0.035719 0.220937 0.036618 0.221736 0.037067 0.222335 0.037667 0.224533 0.037967 0.225932 0.037967 0.230328 0.037667 0.231727 0.037367 0.232127 0.037217 0.233126 0.036918 0.233925 0.036918 0.234525 0.036168 0.235923 0.036018 0.237122 0.035119 0.237722 0.034070 0.238121 0.033620 0.238121 0.032721 0.238721 0.031372 0.238721 0.030773 0.239121 0.030323 0.239121 0.029874 0.239320 0.029574 0.239720 0.028675 0.239920 0.028375 0.240519 0.026876 0.241119 0.023729 0.243517 0.022830 0.244716 0.022680 0.245515 0.021781 0.247114 0.021331 0.247713 0.020732 0.248113 0.019983 0.249112 0.019383 0.249112 0.018933 0.249312
0 0.039166 0.235724 0.039915 0.237522 0.040514 0.241119 0.040964 0.242518 0.041414 0.243117 0.041414 0.245715 0.041863 0.246114 0.042613 0.246114 0.042912 0.246514 0.042912 0.248113 0.042313 0.249112 0.042163 0.249711 0.041563 0.250511 0.041114 0.250511 0.040215 0.251110 0.039465 0.252509 0.038266 0.254107 0.037817 0.254307 0.037067 0.255106 0.036618 0.255106 0.035719 0.255506 0.033770 0.255506 0.031522 0.254907 0.029124 0.254707 0.028375 0.254507 0.025528 0.254507 0.024479 0.254907 0.023579 0.254707 0.021331 0.254707 0.020882 0.254507 0.019683 0.253108 0.019683 0.246914 0.019833 0.246314 0.020282 0.245515 0.020432 0.244716 0.020882 0.243916 0.021481 0.243117 0.022680 0.242118 0.023429 0.241119 0.023879 0.239920 0.025228 0.238121 0.025528 0.237522 0.026127 0.237122 0.029874 0.236123 0.031073 0.236123 0.031372 0.235724 0.032871 0.235724 0.033770 0.235524 0.036468 0.235524 0.036918 0.235724 0.037817 0.235724
0 0.209540 0.529682 0.201894 0.522319 0.200832 0.515522 0.198495 0.510425 0.199770 0.506743 0.205717 0.509009 0.212301 0.517222 0.215700 0.522602
0 0.230567 0.456051 0.228019 0.456618 0.226532 0.455202 0.225682 0.451520 0.225258 0.451237 0.225258 0.449538 0.228019 0.447838 0.229930 0.448122 0.232479 0.450104 0.232904 0.451237 0.232904 0.453219 0.232054 0.454069
0 0.235028 0.452086 0.237789 0.452370 0.239488 0.453786 0.240762 0.453786 0.243099 0.455768 0.243948 0.457467 0.244798 0.457750 0.244798 0.454918 0.243524 0.450954 0.242674 0.445290 0.241612 0.445006 0.239913 0.445573 0.238639 0.446706 0.232904 0.446706 0.233329 0.447555 0.233541 0.450387
0 0.191911 0.470777 0.197009 0.469361 0.191061 0.461149 0.185327 0.463697 0.187238 0.469928
0 0.212611 0.650598 0.211837 0.647674 0.211837 0.644922 0.212224 0.644578 0.212482 0.643030 0.212611 0.641998 0.212611 0.638214 0.212869 0.636665 0.213127 0.636149 0.213643 0.635461 0.215836 0.635461 0.216739 0.635805 0.218416 0.637354 0.218803 0.637869 0.218932 0.638386 0.219706 0.639762 0.220480 0.642514 0.220480 0.643890 0.220093 0.644922 0.219319 0.646298 0.218932 0.647846 0.218029 0.649394 0.217900 0.650942 0.217642 0.652146 0.217126 0.653178 0.215965 0.653866 0.214804 0.653866 0.214030 0.653006 0.213643 0.652834 0.213127 0.651974
0 0.128498 0.653522 0.127337 0.653006 0.124886 0.650426 0.123467 0.649738 0.122951 0.649738 0.122048 0.648706 0.122048 0.647846 0.121919 0.647330 0.122048 0.645438 0.122177 0.644922 0.122564 0.644578 0.122822 0.644062 0.124241 0.643030 0.125789 0.642342 0.126305 0.642342 0.127208 0.641998 0.127982 0.641998 0.128627 0.642170 0.129014 0.642514 0.130175 0.642686 0.131078 0.643890 0.131465 0.645438 0.131981 0.646470 0.132497 0.646986 0.132755 0.647674 0.132884 0.649394 0.132368 0.650426 0.131465 0.651630 0.130304 0.652490 0.129788 0.652490
0 0.032388 0.780122 0.033807 0.781154 0.034323 0.782014 0.035871 0.783218 0.037806 0.785970 0.038193 0.786142 0.039483 0.786142 0.041289 0.782530 0.041289 0.780982 0.040773 0.778401 0.039741 0.778401 0.038967 0.778746 0.037677 0.778573 0.037161 0.778401 0.036129 0.777541 0.034452 0.776681 0.034065 0.776165 0.031872 0.776165 0.031872 0.777541 0.032130 0.778401
0 0.018608 0.658003 0.019448 0.657629 0.020101 0.657629 0.021873 0.656510 0.022153 0.656013 0.022433 0.654769 0.023179 0.652903 0.023086 0.651659 0.022806 0.651162 0.022339 0.650913 0.021780 0.650167 0.021593 0.649545 0.020754 0.648177 0.019448 0.647555 0.018235 0.647555 0.017302 0.647928 0.016276 0.648053 0.015903 0.648426 0.015436 0.648550 0.015063 0.649047 0.014970 0.652654 0.015996 0.654769 0.016929 0.656013 0.017768 0.656759 0.017862 0.657505
0 0.195678 0.770275 0.195364 0.753487 0.196780 0.748660 0.196151 0.747611 0.195206 0.747401 0.192216 0.749080 0.191429 0.746352 0.191272 0.742995 0.191429 0.742365 0.194577 0.739217 0.196308 0.738378 0.197882 0.738378 0.199456 0.740476 0.199928 0.741945 0.201816 0.742995 0.204964 0.742995 0.207640 0.740267 0.210315 0.740267 0.213778 0.742365 0.214407 0.745723 0.214407 0.750549 0.213620 0.753697 0.213778 0.759363 0.212046 0.761251 0.211102 0.761461 0.209843 0.764189 0.205121 0.768806 0.203075 0.769855 0.197252 0.770275
0 0.270212 0.579924 0.269320 0.571002 0.269766 0.570704 0.275119 0.571894 0.275788 0.582006 0.273335 0.585872
0 0.269766 0.566243 0.270658 0.557619 0.275342 0.559403 0.271773 0.566541
0 0.305677 0.551076 0.304339 0.548399 0.303669 0.546020 0.303446 0.542749 0.310138 0.542451 0.311030 0.543046 0.310807 0.549886 0.309246 0.551671 0.307907 0.551968
0 0.446199 0.681040 0.446422 0.671821 0.447314 0.668549 0.445530 0.668847 0.442853 0.670929 0.442407 0.672416 0.441961 0.672713 0.441069 0.678958 0.439284 0.678661 0.437946 0.674497 0.437946 0.670631 0.438392 0.669441 0.439730 0.668252 0.441069 0.665873 0.441069 0.661709 0.442184 0.658735 0.443299 0.657546 0.447760 0.656058 0.451106 0.653679 0.455121 0.653084 0.455790 0.652490 0.461366 0.652192 0.468058 0.651003 0.467388 0.651895 0.467165 0.653977 0.465381 0.657843 0.463374 0.665873 0.462704 0.670631 0.461366 0.675687 0.461366 0.677174 0.460474 0.679553 0.458020 0.680743 0.447537 0.682824
0 0.723450 0.816952 0.721666 0.816655 0.718989 0.814870 0.718543 0.813681 0.718766 0.809517 0.723227 0.808328 0.728357 0.808328 0.731926 0.807733 0.733488 0.809517 0.735272 0.813681 0.735272 0.817250 0.734380 0.818142 0.729250 0.819629 0.726127 0.819629 0.725235 0.818737
0 0.869995 0.865726 0.868656 0.862157 0.864418 0.862157 0.863526 0.860967 0.862857 0.859778 0.862857 0.857994 0.861965 0.855912 0.861965 0.853235 0.863303 0.851748 0.868656 0.849666 0.873786 0.849666 0.873563 0.853830 0.874009 0.855317 0.875125 0.857101 0.876017 0.857399 0.878470 0.860075 0.879809 0.863347 0.879586 0.863942 0.874902 0.865429 0.874456 0.866023 0.872002 0.866321
0 0.965237 0.855614 0.960776 0.856804 0.960330 0.855317 0.960330 0.853533 0.963007 0.851748 0.964791 0.849666 0.965237 0.848477 0.966129 0.847882 0.967468 0.848477 0.967691 0.853235 0.966799 0.853533
0 0.922188 0.821413 0.929995 0.819629 0.927319 0.809815 0.926203 0.810409 0.920627 0.816655
0 0.909475 0.815763 0.904567 0.808625 0.908136 0.803272 0.912597 0.801487 0.914605 0.806543
0 0.921742 0.736654 0.920181 0.735464 0.919735 0.734572 0.919066 0.732193 0.919066 0.729516 0.919735 0.728029 0.920181 0.725353 0.921073 0.724461 0.923304 0.724163 0.925757 0.727137 0.927765 0.731301 0.927765 0.733085 0.926649 0.735464 0.925757 0.736357 0.923973 0.736951
0 0.923750 0.689665 0.924642 0.685501 0.938471 0.684906 0.938471 0.686691 0.938025 0.688178 0.936464 0.691449 0.934010 0.694721 0.932226 0.695910 0.929103 0.695910 0.925311 0.694423 0.922858 0.692936 0.922411 0.691449
0 0.939363 0.690557 0.937356 0.687880 0.936017 0.684609 0.935571 0.681635 0.935571 0.676877 0.937133 0.674497 0.940479 0.673903 0.942040 0.675092 0.945386 0.678958 0.946055 0.680148 0.946501 0.682527 0.946501 0.686691 0.945832 0.688178 0.943601 0.690557 0.941371 0.691449
0 0.930887 0.658140 0.936687 0.658438 0.936687 0.659330 0.937802 0.661412 0.939586 0.661709 0.942709 0.654869 0.942709 0.648623 0.934679 0.647136 0.929549 0.650408
0 0.938248 0.666765 0.940925 0.660222 0.940925 0.656951 0.944493 0.656653 0.945163 0.656951 0.945163 0.657546 0.946501 0.659330 0.946947 0.662006 0.946724 0.668549 0.942263 0.670631 0.939363 0.670631 0.938917 0.669144
0 0.877578 0.689367 0.875348 0.688178 0.875348 0.681932 0.876240 0.680445 0.880478 0.679851 0.882262 0.681040 0.884270 0.683717 0.888508 0.687880 0.889400 0.689665 0.889400 0.691747 0.888731 0.694126 0.887393 0.695315 0.879809 0.696208 0.878470 0.695613 0.878024 0.693531 0.877132 0.692044
0 0.828061 0.701561 0.826054 0.699776 0.824715 0.699182 0.824492 0.695613 0.826500 0.695018 0.830069 0.692044 0.831630 0.689665 0.834083 0.688178 0.834530 0.688475 0.834976 0.691747 0.834753 0.695910 0.832299 0.698884 0.830738 0.702156 0.829845 0.702750
0 0.871556 0.690260 0.869325 0.690557 0.869325 0.689665 0.868656 0.688773 0.868433 0.682230 0.867318 0.680445 0.867318 0.679851 0.866203 0.679553 0.865980 0.678958 0.867541 0.678066 0.872448 0.677769 0.873117 0.678958 0.873340 0.680445 0.873340 0.688475
0 0.977282 0.601932 0.978174 0.598957 0.978620 0.598957 0.978843 0.598363 0.978843 0.595984 0.979735 0.590630 0.981743 0.587359 0.983081 0.586169 0.984419 0.588846 0.985312 0.591820 0.986204 0.595389 0.986204 0.598660 0.986873 0.601039 0.983081 0.602824 0.979066 0.602229
0 0.959661 0.460369 0.964791 0.458882 0.969475 0.458882 0.968137 0.457097 0.967691 0.455908 0.967691 0.454123 0.966129 0.453231 0.965906 0.450257 0.961668 0.449662 0.960107 0.450257 0.958992 0.451447 0.958100 0.452636 0.956984 0.455610 0.956984 0.456800 0.956538 0.457097 0.956761 0.459477 0.957653 0.459774
0 0.962784 0.476131 0.962561 0.471967 0.960553 0.466317 0.960553 0.464532 0.959884 0.464235 0.959438 0.462451 0.959661 0.460071 0.965460 0.460071 0.966575 0.460964 0.967691 0.463045 0.968360 0.465722 0.967691 0.468101 0.967245 0.468696 0.965906 0.468993 0.966799 0.469291 0.968137 0.468696 0.971260 0.468696 0.971260 0.470183 0.970144 0.474049 0.969029 0.474049 0.966799 0.475834 0.965683 0.477618 0.965683 0.478213 0.963676 0.478510
0 0.853489 0.368769 0.846351 0.368769 0.844790 0.367877 0.843452 0.365795 0.844344 0.363714 0.845236 0.363416 0.846797 0.361037 0.847690 0.360740 0.850589 0.357171 0.852374 0.357468 0.856835 0.364606 0.857281 0.366390 0.856165 0.367282 0.855050 0.367282
0 0.917281 0.495759 0.917281 0.484756 0.917727 0.482674 0.918397 0.481782 0.921742 0.479403 0.926649 0.474049 0.931780 0.470183 0.934233 0.467209 0.936910 0.465722 0.937802 0.464830 0.941371 0.458584 0.947616 0.453529 0.950739 0.452934 0.951854 0.453529 0.955200 0.457097 0.962784 0.470183 0.962784 0.471670 0.961445 0.476726 0.960999 0.477023 0.960776 0.479105 0.958323 0.484756 0.956092 0.486540 0.954754 0.486837 0.950739 0.490406 0.947393 0.491893 0.931556 0.492488 0.929326 0.493380 0.929103 0.493975 0.926203 0.495462 0.925980 0.496057 0.923304 0.497247 0.920181 0.497841 0.918397 0.498734 0.917950 0.498734 0.918620 0.497841
0 0.902337 0.488622 0.913043 0.481187 0.912597 0.481187 0.904790 0.471373 0.901222 0.478213
0 0.926172 0.232688 0.925088 0.233230 0.923462 0.233230 0.922514 0.232688 0.921430 0.232326 0.920482 0.229256 0.920482 0.227088 0.920617 0.226546 0.921024 0.226365 0.923733 0.226365 0.924681 0.226546 0.925088 0.227088 0.925494 0.227269 0.926036 0.227991 0.927526 0.230520 0.928475 0.232507 0.927662 0.232868 0.927255 0.233230
0 0.989711 0.008337 0.986324 0.005928 0.985872 0.003821 0.985421 0.003520 0.985421 0.000509 1.000000 0.000000 1.000000 0.010444 0.996936 0.011648 0.993775 0.011648 0.992872 0.011347 0.991517 0.009842
0 0.638598 0.213058 0.636791 0.213962 0.632953 0.213962 0.631598 0.212757 0.635436 0.208543 0.635662 0.206134 0.636791 0.206134 0.639275 0.204930 0.641081 0.204930 0.641533 0.205532 0.642210 0.210650 0.640856 0.211854
0 0.481895 0.243767 0.479863 0.243466 0.478282 0.242563 0.474444 0.239853 0.474218 0.239251 0.474218 0.237444 0.475347 0.235337 0.481895 0.230219 0.484379 0.230219 0.485056 0.231122 0.485959 0.234133 0.485959 0.240154 0.485056 0.242261 0.483701 0.243165
0 0.536086 0.092333 0.534054 0.093236 0.532473 0.093236 0.528409 0.092935 0.527506 0.092032 0.525700 0.088419 0.524571 0.084806 0.524345 0.082398 0.523893 0.081495 0.523893 0.077280 0.525022 0.076076 0.526603 0.075774 0.533828 0.075774 0.536764 0.081194 0.539699 0.083903 0.540828 0.086312 0.541054 0.089021 0.541505 0.090225 0.541505 0.093236 0.540828 0.094741 0.539022 0.095644 0.537893 0.095343 0.537441 0.094440
0 0.000724 0.040249 0.004336 0.039045 0.006143 0.039045 0.006594 0.040550 0.006594 0.048077 0.005917 0.049582 0.005691 0.053797 0.004110 0.060119 0.003433 0.061022 0.001627 0.061022 0.000724 0.060119 0.000000 0.060119
0 0.199487 0.056064 0.195071 0.055808 0.193535 0.054784 0.192767 0.053248 0.191231 0.051712 0.191039 0.049664 0.191423 0.046336 0.191807 0.045312 0.193727 0.044544 0.200447 0.044544 0.202175 0.045824 0.202367 0.047104 0.203135 0.047616 0.203903 0.049920 0.205823 0.052224 0.206399 0.054272 0.203903 0.055552 0.201215 0.055808
0 0.291017 0.058004 0.288296 0.058004 0.285574 0.055671 0.284408 0.053598 0.283436 0.049970 0.284214 0.049192 0.296653 0.049451 0.297042 0.049970 0.295682 0.051006 0.293155 0.058522 0.292183 0.059558
0 0.282784 0.240821 0.283909 0.240634 0.285033 0.239697 0.286017 0.239135 0.286720 0.238198 0.287001 0.237074 0.287001 0.236511 0.287282 0.236137 0.287422 0.236699 0.287563 0.240072 0.287984 0.242508 0.287984 0.244007 0.287563 0.245506 0.287282 0.245881 0.286017 0.245881 0.284330 0.245131 0.284049 0.244757 0.283487 0.244569 0.283065 0.243820 0.282644 0.242508
0 0.498479 0.400276 0.497471 0.393939 0.496174 0.390482 0.496174 0.387986 0.496606 0.387218 0.497327 0.385297 0.497615 0.384913 0.497615 0.383569 0.497471 0.382609 0.497471 0.378384 0.497615 0.377424 0.497903 0.376848 0.498047 0.376080 0.498047 0.374736 0.498767 0.373199 0.500495 0.372623 0.501503 0.372623 0.502223 0.372239 0.503376 0.372239 0.504240 0.371279 0.504960 0.369551 0.505392 0.367630 0.507264 0.364558 0.507696 0.364366 0.508848 0.363022 0.509569 0.362638 0.511585 0.360717 0.512017 0.360525 0.512881 0.359565 0.514321 0.358797 0.515618 0.358221 0.518498 0.358221 0.519074 0.359373 0.519794 0.360141 0.520370 0.360525 0.521235 0.360909 0.524259 0.360717 0.524691 0.361101 0.524835 0.361869 0.524835 0.368014 0.525123 0.368399 0.525123 0.369359 0.525267 0.370127 0.525267 0.375696 0.525411 0.376464 0.525411 0.377616 0.526419 0.381841 0.526419 0.387410 0.525843 0.389522 0.525843 0.390098 0.525555 0.390482 0.525123 0.391826 0.524403 0.393363 0.523539 0.394899 0.523107 0.396435 0.522531 0.397203 0.521955 0.398356 0.521523 0.398740 0.521090 0.398740 0.520802 0.399124 0.519794 0.399508 0.519506 0.400084 0.518354 0.400660 0.517922 0.401044 0.516338 0.401812 0.515474 0.402004 0.514033 0.402964 0.513457 0.403540 0.511729 0.404309 0.508560 0.404309 0.507984 0.404501 0.503520 0.404501 0.502511 0.404117 0.502223 0.403732 0.501791 0.403732 0.501503 0.403348 0.500063 0.402772 0.499199 0.401812
0 0.461897 0.421399 0.459448 0.421591 0.457432 0.420823 0.455704 0.419863 0.455272 0.419479 0.454984 0.419095 0.455416 0.418711 0.455560 0.418135 0.455560 0.416407 0.455704 0.415254 0.457576 0.414486 0.458440 0.414486 0.458872 0.414102 0.462761 0.414102 0.463193 0.414294 0.463193 0.415254 0.463625 0.415830 0.463625 0.417943 0.463337 0.419287 0.462905 0.420055
0 0.387148 0.428312 0.385564 0.424088 0.385132 0.422167 0.385132 0.420439 0.385564 0.419287 0.386572 0.418135 0.387004 0.416983 0.388300 0.415830 0.389165 0.415830 0.389741 0.416023 0.390029 0.416791 0.390029 0.417367 0.390461 0.418903 0.390749 0.419479 0.391037 0.421976 0.391325 0.422552 0.391469 0.423320 0.391613 0.424664 0.391613 0.426392 0.391469 0.427160 0.390605 0.427736 0.390029 0.429081 0.388444 0.429657 0.388012 0.429657
0 0.631989 0.454237 0.633141 0.451356 0.634005 0.448668 0.634005 0.447516 0.633717 0.446556 0.633717 0.445403 0.633573 0.444827 0.633861 0.444443 0.635446 0.444443 0.636454 0.444635 0.637894 0.445979 0.639766 0.447132 0.640198 0.447132 0.640774 0.447516 0.641350 0.448284 0.641206 0.448860 0.640774 0.449244 0.640054 0.451164 0.639046 0.453085 0.637894 0.455773 0.636886 0.456733 0.635446 0.457309 0.634149 0.457309 0.633285 0.457117 0.632997 0.456541 0.632277 0.455773
0 0.733807 0.447662 0.732332 0.446482 0.732184 0.445891 0.732184 0.444317 0.732036 0.443727 0.732036 0.442349 0.732332 0.441956 0.732774 0.441956 0.734250 0.441168 0.734841 0.441168 0.736759 0.440578 0.737350 0.440578 0.737940 0.440184 0.738826 0.440184 0.739268 0.440381 0.740154 0.441562 0.740597 0.443530 0.740597 0.447072 0.739711 0.447859 0.737497 0.448843 0.737202 0.449237 0.734103 0.449237
0 0.707389 0.050149 0.707093 0.048378 0.707241 0.042671 0.707536 0.042081 0.707536 0.040900 0.707831 0.040506 0.708274 0.040113 0.709750 0.039523 0.712407 0.039523 0.713588 0.039916 0.714030 0.040310 0.714621 0.040506 0.714916 0.040900 0.715211 0.042081 0.715063 0.044442 0.714325 0.045229 0.713440 0.046607 0.713145 0.047394 0.712112 0.048968 0.711964 0.049756 0.711669 0.050346 0.711669 0.052117 0.711521 0.053101 0.711226 0.053495 0.710783 0.053691 0.709750 0.053691 0.708865 0.052707 0.707979 0.052117
0 0.682150 0.064318 0.679346 0.065302 0.678756 0.065695 0.676985 0.065695 0.676542 0.065302 0.675952 0.065105 0.675656 0.064711 0.675509 0.063728 0.675509 0.061563 0.675952 0.060776 0.676394 0.060579 0.677132 0.059201 0.677132 0.058021 0.677428 0.057627 0.677428 0.056840 0.678018 0.056053 0.679051 0.056053 0.681117 0.055462 0.683036 0.056643 0.684512 0.058611 0.684807 0.059398 0.685250 0.061366 0.685250 0.063334 0.684217 0.063924 0.683626 0.063924
0 0.701042 0.079864 0.700009 0.078093 0.699861 0.076912 0.699271 0.075338 0.699271 0.073961 0.698976 0.073173 0.698976 0.072583 0.700009 0.072189 0.701190 0.072189 0.705765 0.072583 0.706651 0.072977 0.706946 0.075338 0.707536 0.076716 0.707979 0.076716 0.708127 0.077503 0.708127 0.081242 0.708274 0.082029 0.708569 0.082619 0.708569 0.083800 0.706503 0.083603 0.704880 0.082816 0.702075 0.082029 0.701780 0.081635 0.701633 0.078487
0 0.074221 0.135752 0.072892 0.135752 0.071712 0.135359 0.071121 0.134768 0.069793 0.132604 0.069350 0.131620 0.069203 0.130636 0.068612 0.129652 0.067136 0.121583 0.066989 0.119812 0.066989 0.113318 0.067579 0.113122 0.068907 0.113122 0.069498 0.113515 0.070088 0.114302 0.071121 0.115286 0.074516 0.119616 0.075402 0.120206 0.075844 0.120796 0.077025 0.123355 0.077320 0.126110 0.077320 0.127290 0.077468 0.127881 0.077468 0.129061 0.077763 0.129849 0.077911 0.133588 0.078206 0.135162 0.078206 0.135949 0.078501 0.137327 0.078501 0.137917 0.078796 0.138704 0.078501 0.139098 0.077911 0.139294 0.077468 0.139294 0.077025 0.138901 0.076582 0.138901 0.076435 0.138114 0.076435 0.136933 0.076139 0.136539 0.075697 0.136539
0 0.055181 0.128865 0.053410 0.128865 0.051787 0.127881 0.051492 0.126110 0.051492 0.117844 0.051787 0.117254 0.052525 0.114893 0.052820 0.113712 0.052820 0.113122 0.053558 0.111744 0.054591 0.110366 0.055477 0.109383 0.056362 0.108989 0.056805 0.108202 0.057691 0.105840 0.057691 0.100133 0.057838 0.099346 0.057986 0.095804 0.058281 0.095214 0.058724 0.093443 0.059904 0.091081 0.061085 0.090097 0.063447 0.087736 0.064037 0.087342 0.064923 0.085768 0.065365 0.083997 0.065660 0.083603 0.066103 0.083406 0.066841 0.083406 0.067284 0.083997 0.067874 0.084390 0.069793 0.087342 0.070531 0.088917 0.070679 0.089507 0.070974 0.089901 0.071121 0.090491 0.071417 0.090884 0.071712 0.092262 0.071712 0.094623 0.071269 0.096198 0.070088 0.098362 0.068170 0.101117 0.067727 0.103479 0.066694 0.106824 0.065660 0.108595 0.064923 0.110563 0.064923 0.111154 0.064480 0.112728 0.064185 0.115286 0.063742 0.116664 0.063742 0.121583 0.063447 0.121977 0.063151 0.123158 0.062561 0.123945 0.062118 0.124142 0.061676 0.124732 0.060347 0.125322 0.059609 0.126110 0.058724 0.126503 0.057248 0.127881 0.056805 0.128471
0 0.065218 0.132407 0.064037 0.131226 0.063742 0.130636 0.063594 0.129849 0.062856 0.128471 0.062856 0.126503 0.065365 0.125126 0.065808 0.124732 0.066251 0.124732 0.066694 0.124142 0.067579 0.124142 0.067579 0.126503 0.066546 0.129652 0.066546 0.130242 0.066251 0.130636
0 0.621490 0.117844 0.620457 0.117057 0.619867 0.116073 0.619572 0.115089 0.618686 0.113515 0.618096 0.111547 0.616915 0.108399 0.616620 0.107218 0.617948 0.106628 0.618981 0.106628 0.619867 0.106234 0.620900 0.106037 0.624147 0.106037 0.626951 0.106431 0.627394 0.106628 0.627099 0.107021 0.626066 0.107808 0.625770 0.108792 0.625475 0.109186 0.625180 0.109973 0.625032 0.110957 0.625180 0.114302 0.625032 0.115483 0.624737 0.116270 0.624295 0.116861 0.623852 0.116861 0.622966 0.117254
0 0.359515 0.064121 0.359220 0.062153 0.359220 0.060382 0.361286 0.059005 0.363795 0.058021 0.364829 0.057430 0.365862 0.055856 0.366452 0.055462 0.366895 0.055462 0.367633 0.054675 0.368076 0.054675 0.368371 0.054282 0.368518 0.054872 0.368518 0.056053 0.368223 0.056446 0.368223 0.057037 0.366747 0.059398 0.365567 0.060185 0.365271 0.060776 0.364829 0.061169 0.363943 0.061760 0.363353 0.061956 0.361286 0.063531 0.360844 0.063531
0 0.642071 0.406997 0.643367 0.406805 0.644375 0.406421 0.645095 0.404885 0.646823 0.402580 0.647688 0.402004 0.648984 0.400660 0.648984 0.399316 0.648840 0.398356 0.648552 0.397971 0.648408 0.396435 0.647688 0.394899 0.647688 0.393171 0.647255 0.392979 0.646823 0.392979 0.645671 0.393939 0.644951 0.395091 0.644807 0.395667 0.644519 0.396051 0.643799 0.399508 0.643367 0.400660 0.642071 0.401236 0.641639 0.401812 0.641206 0.403348 0.640918 0.403924 0.640486 0.405845 0.640486 0.406421 0.640774 0.406805
0 0.482924 0.327112 0.484076 0.327496 0.484364 0.328264 0.484508 0.329416 0.484508 0.330568 0.484364 0.331336 0.484508 0.333065 0.484940 0.333257 0.485517 0.333257 0.486957 0.332489 0.487389 0.332489 0.488253 0.332105 0.488829 0.332297 0.489117 0.332681 0.490125 0.333449 0.490125 0.328456 0.489549 0.327112 0.489261 0.326728 0.489117 0.324039 0.488541 0.323847 0.486669 0.325191 0.486237 0.325191 0.485229 0.325768 0.483788 0.325768
0 0.714239 0.182651 0.709046 0.178436 0.708820 0.170910 0.708369 0.170308 0.708369 0.160072 0.709272 0.157362 0.711078 0.156158 0.713788 0.155556 0.714014 0.154954 0.715368 0.154351 0.715820 0.154652 0.716046 0.156158 0.717401 0.159470 0.717401 0.169405 0.717852 0.170007 0.717852 0.172415 0.718304 0.172716 0.718755 0.177232 0.718755 0.182952 0.717852 0.183554 0.716497 0.183554
0 0.960553 0.427952 0.958769 0.424681 0.958100 0.422302 0.956984 0.421112 0.956092 0.421112 0.955423 0.420220 0.953639 0.419922 0.953192 0.419328 0.952969 0.415759 0.953415 0.415759 0.953639 0.415164 0.955200 0.414867 0.955423 0.414272 0.956315 0.414272 0.957430 0.413082 0.959215 0.412785 0.962561 0.416354 0.963899 0.416948 0.968137 0.416354 0.969252 0.416651 0.971483 0.418733 0.971036 0.419625 0.968360 0.421707 0.967022 0.424978 0.965906 0.425870 0.965014 0.425870 0.962784 0.427060
0 0.897430 0.476726 0.895199 0.475834 0.891854 0.473157 0.891407 0.472562 0.891184 0.469291 0.892523 0.467506 0.893638 0.462748 0.895422 0.460964 0.896761 0.460964 0.898322 0.461558 0.899214 0.462451 0.900776 0.464532 0.904567 0.468101 0.905906 0.470183 0.905906 0.473752 0.904567 0.475239 0.899437 0.477321
0 0.917281 0.471075 0.914159 0.467804 0.913936 0.464532 0.914382 0.464532 0.915497 0.463045 0.916835 0.462748 0.917950 0.460964 0.919735 0.460369 0.920627 0.459477 0.921742 0.460369 0.922635 0.463045 0.922635 0.464235 0.921296 0.465127 0.919512 0.467804 0.919066 0.470183
0 0.331105 0.556429 0.329543 0.554942 0.328428 0.548994 0.328428 0.545723 0.335789 0.545128 0.340473 0.543938 0.344265 0.542749 0.346718 0.540072 0.354748 0.538288 0.354302 0.542154 0.350510 0.543344 0.344042 0.549589 0.340250 0.551373 0.337350 0.553455 0.333112 0.554942
0 0.167698 0.494283 0.175769 0.494283 0.177680 0.490318 0.175769 0.486353 0.166423 0.478990 0.165999 0.489185 0.166423 0.492300
0 0.207767 0.246458 0.206181 0.246223 0.204418 0.244343 0.203713 0.242933 0.200717 0.241288 0.199660 0.239643 0.198778 0.236588 0.198602 0.234003 0.198602 0.231889 0.199131 0.230009 0.200717 0.228834 0.201598 0.226954 0.204066 0.224369 0.220104 0.224134 0.221514 0.223664 0.221866 0.224134 0.221514 0.230949 0.219575 0.235883 0.217108 0.240113 0.217108 0.242228 0.216755 0.243168 0.214640 0.245518 0.209705 0.246928 0.209177 0.247633
0 0.106498 0.188497 0.104931 0.188497 0.104583 0.188033 0.103887 0.186176 0.103190 0.180836 0.103364 0.180140 0.105105 0.178283 0.108761 0.176890 0.111895 0.176890 0.113114 0.178979 0.113462 0.182926 0.112069 0.184783 0.109980 0.185711 0.108587 0.188033 0.108065 0.188265
0 0.578266 0.015015 0.578164 0.013519 0.578470 0.012432 0.578572 0.011209 0.578979 0.010393 0.580610 0.010258 0.581834 0.009850 0.582751 0.009850 0.584280 0.009306 0.586115 0.009034 0.589785 0.006452 0.592027 0.002918 0.592537 0.002374 0.593047 0.001967 0.593862 0.002374 0.594576 0.004957 0.594576 0.007267 0.594474 0.007811 0.593862 0.008627 0.593862 0.009306 0.593047 0.010258 0.591721 0.010937 0.590906 0.011073 0.590294 0.011481 0.589989 0.012024 0.589989 0.013248 0.590192 0.013927 0.590192 0.015694 0.590090 0.016238 0.589173 0.017461 0.587134 0.018684 0.586217 0.019636 0.583872 0.020995 0.582445 0.020995 0.581630 0.020451 0.581222 0.020451 0.580509 0.019636 0.579081 0.015966
0 0.665425 0.508942 0.663530 0.507258 0.662899 0.505014 0.662689 0.493789 0.663110 0.492386 0.664583 0.492105 0.665846 0.493228 0.667108 0.500804 0.668371 0.501646 0.669002 0.503330 0.669213 0.508942 0.668792 0.511187 0.667529 0.512029 0.666266 0.512029
0 0.699940 0.709581 0.700150 0.704249 0.700571 0.703968 0.700782 0.702846 0.703728 0.701162 0.716145 0.707055 0.717408 0.712387 0.714251 0.719683 0.713830 0.719963
0 0.592571 0.195317 0.595434 0.195317 0.597342 0.196272 0.599013 0.196272 0.599251 0.194363 0.597820 0.188319 0.595672 0.186410 0.592571 0.186410 0.592094 0.187047 0.591617 0.189273 0.590662 0.190228 0.590662 0.192136 0.590901 0.193091 0.591378 0.193091
0 0.768477 0.549838 0.769348 0.548678 0.769845 0.547683 0.770094 0.547019 0.770467 0.545196 0.771462 0.544698 0.772083 0.544201 0.772954 0.544035 0.773451 0.543703 0.773576 0.541879 0.773949 0.541382 0.773576 0.537071 0.772705 0.536905 0.770342 0.536905 0.768477 0.537403 0.767980 0.537734 0.767358 0.537900 0.767109 0.538397 0.766736 0.538729 0.765865 0.542874 0.765865 0.547185 0.767233 0.548014 0.767606 0.549175 0.767980 0.550999 0.768850 0.551496
0 0.316268 0.375492 0.315478 0.375375 0.314688 0.374790 0.313548 0.372567 0.310827 0.368824 0.309248 0.365548 0.308283 0.362740 0.308020 0.360751 0.308020 0.358879 0.308809 0.356656 0.308897 0.355954 0.309160 0.355486 0.310038 0.355135 0.312319 0.354784 0.313372 0.354433 0.320567 0.354433 0.321269 0.354550 0.322761 0.355603 0.325832 0.359932 0.326534 0.361102 0.327499 0.363208 0.327850 0.363559 0.328026 0.364261 0.328026 0.366718 0.327763 0.367186 0.327236 0.367654 0.325832 0.369409 0.324253 0.369876 0.323551 0.369175 0.322937 0.368122 0.322498 0.367771 0.322322 0.367303 0.321884 0.366952 0.320918 0.366952 0.321182 0.368707 0.321445 0.369526 0.321620 0.371046 0.321620 0.375141 0.321445 0.375609 0.319602 0.376428 0.316794 0.376194
0 0.328091 0.275386 0.326416 0.270144 0.324887 0.268008 0.324450 0.267620 0.323722 0.266455 0.323649 0.265873 0.323940 0.265290 0.325469 0.263931 0.327290 0.263251 0.331513 0.263348 0.332459 0.264125 0.332823 0.264610 0.333697 0.267329 0.333697 0.269270 0.332896 0.270921 0.332168 0.271600 0.330930 0.273445 0.330639 0.274610 0.330348 0.275192 0.329620 0.275775 0.328673 0.275872
0 0.305665 0.340140 0.306393 0.338587 0.309961 0.332471 0.310543 0.330917 0.310980 0.330335 0.311198 0.329752 0.311344 0.328781 0.311927 0.327131 0.312218 0.325578 0.312873 0.323927 0.313965 0.323054 0.314839 0.322083 0.315130 0.321694 0.314985 0.321112 0.314038 0.320335 0.312363 0.320044 0.311417 0.320044 0.308432 0.320918 0.307995 0.321209 0.306539 0.321694 0.305228 0.321889 0.300495 0.321889 0.299694 0.322471 0.298821 0.323442 0.296782 0.328102 0.296272 0.329655 0.295908 0.331888 0.295981 0.332568 0.296709 0.333247 0.297364 0.334315 0.297874 0.336160 0.298529 0.337810 0.298966 0.338295 0.299185 0.338878 0.300641 0.340334 0.301515 0.340722 0.304209 0.340722 0.305082 0.340528
0 0.341051 0.275872 0.339522 0.276163 0.338575 0.275678 0.337702 0.274901 0.337265 0.274804 0.336610 0.274319 0.336318 0.273833 0.334352 0.271794 0.334862 0.270629 0.335081 0.268882 0.335517 0.267620 0.336755 0.266067 0.339376 0.264222 0.339740 0.264028 0.340833 0.264222 0.341561 0.265484 0.341852 0.266261 0.342216 0.268882 0.342726 0.270921 0.342726 0.272086 0.342289 0.273154 0.341925 0.273542 0.341634 0.274707 0.341342 0.275192
0 0.315421 0.187333 0.316586 0.187722 0.320227 0.189469 0.320737 0.189469 0.321683 0.189955 0.323285 0.191605 0.324086 0.192188 0.326125 0.194517 0.326707 0.194906 0.327508 0.195197 0.328455 0.195197 0.329110 0.195003 0.329256 0.194517 0.329256 0.193935 0.328964 0.191508 0.328819 0.191022 0.327799 0.189858 0.327581 0.188693 0.326926 0.186945 0.326052 0.186071 0.324960 0.185392 0.324450 0.184809 0.322703 0.183450 0.322266 0.182868 0.321756 0.181897 0.321683 0.180732 0.321392 0.180149 0.321101 0.178984 0.320591 0.178014 0.320081 0.177625 0.317824 0.177625 0.317315 0.177819 0.317023 0.178305 0.317023 0.178887 0.316732 0.179955 0.314912 0.183936 0.314912 0.186945
0 0.545515 0.781477 0.544839 0.781703 0.544162 0.781703 0.543063 0.781026 0.542640 0.780462 0.540017 0.778320 0.539679 0.777869 0.537564 0.776290 0.536042 0.775613 0.535619 0.775613 0.535111 0.775275 0.534435 0.774260 0.534181 0.772229 0.535111 0.771553 0.535788 0.771553 0.537818 0.771102 0.539764 0.769748 0.541202 0.769748 0.542555 0.770087 0.544247 0.770989 0.545092 0.772004 0.545600 0.772342 0.546023 0.772342 0.546446 0.772681 0.546869 0.774485 0.546869 0.775162 0.546107 0.777981 0.545854 0.779786
0 0.373033 0.617793 0.370599 0.617793 0.369625 0.617144 0.368895 0.617144 0.366825 0.616332 0.365486 0.615196 0.365365 0.614385 0.365852 0.612924 0.366947 0.610490 0.367069 0.609840 0.367462 0.609279 0.367799 0.607893 0.368286 0.607081 0.368895 0.605621 0.370599 0.602861 0.371208 0.601563 0.372303 0.599940 0.374372 0.597830 0.374981 0.596694 0.376320 0.595071 0.376563 0.594097 0.377050 0.593123 0.378876 0.590689 0.381067 0.588741 0.381798 0.588417 0.382528 0.587605 0.384719 0.585820 0.388371 0.584359 0.388858 0.584035 0.389953 0.584035 0.390805 0.583710 0.391414 0.583710 0.394944 0.581925 0.395553 0.581925 0.396526 0.580951 0.397257 0.580789 0.397622 0.580302 0.399691 0.578516 0.400178 0.578354 0.401639 0.577056 0.402369 0.576731 0.404560 0.574459 0.407725 0.572511 0.408577 0.571700 0.408821 0.570726 0.409307 0.569752 0.410038 0.568454 0.412107 0.565695 0.412959 0.563909 0.413324 0.562936 0.414907 0.562611 0.415272 0.562286 0.414785 0.562124 0.413324 0.562286 0.412959 0.561962 0.411742 0.559690 0.411255 0.559040 0.411012 0.558391 0.409916 0.557093 0.408212 0.555632 0.407969 0.554983 0.407482 0.554658 0.407238 0.554009 0.406143 0.552386 0.405534 0.550276 0.405412 0.549302 0.405777 0.548329 0.406264 0.547679 0.409064 0.547679 0.409551 0.547842 0.409916 0.548166 0.411620 0.550114 0.412351 0.551412 0.413446 0.552711 0.415272 0.555307 0.416733 0.556768 0.417585 0.557417 0.417828 0.558067 0.418559 0.559040 0.417950 0.559040 0.417950 0.558067 0.417585 0.554821 0.417463 0.554171 0.416854 0.553198 0.416854 0.552548 0.418072 0.551575 0.420141 0.551250 0.422941 0.552873 0.423428 0.552873 0.423915 0.553360 0.426227 0.554983 0.429879 0.555307 0.434626 0.555307 0.435235 0.555957 0.435357 0.556931 0.435357 0.563585 0.434991 0.565208 0.434748 0.565695 0.434748 0.566506 0.434383 0.567480 0.434383 0.568454 0.433652 0.571375 0.432800 0.573647 0.431827 0.575270 0.430853 0.576244 0.430609 0.576731 0.429514 0.577218 0.424280 0.577867 0.423671 0.578192 0.423184 0.578192 0.418193 0.579815 0.415759 0.579977 0.415272 0.580626 0.413446 0.581438 0.408334 0.581438 0.405777 0.581600 0.405291 0.581925 0.404438 0.582736 0.403099 0.585008 0.402126 0.586145 0.401152 0.587605 0.400056 0.588417 0.398717 0.590689 0.397257 0.592799 0.396526 0.593610 0.396161 0.594422 0.394822 0.596532 0.393970 0.598155 0.393848 0.602212 0.393483 0.603024 0.392996 0.604809 0.392509 0.605783 0.391170 0.606757 0.390075 0.606757 0.388736 0.606270 0.387519 0.604809 0.387154 0.603186 0.386545 0.601725 0.385936 0.601725 0.385206 0.602050 0.384841 0.602537 0.384232 0.602699 0.383623 0.603673 0.383502 0.604484 0.383258 0.604971 0.382163 0.606757 0.381311 0.607731 0.380093 0.608704 0.377537 0.613086 0.376076 0.615034 0.374859 0.616170 0.374007 0.617306
0 0.298438 0.520833 0.304688 0.520833 0.305469 0.520833 0.308594 0.526042 0.309375 0.527083 0.310156 0.531250 0.310937 0.532292 0.310156 0.537500 0.309375 0.538542 0.303125 0.538542 0.302344 0.537500 0.297656 0.525000 0.296875 0.523958 0.296875 0.522917 0.296875 0.521875 0.298438 0.520833
0 0.391406 0.563542 0.395313 0.564583 0.396094 0.564583 0.397656 0.566667 0.398438 0.567708 0.400000 0.575000 0.400000 0.576042 0.396875 0.579167 0.396094 0.580208 0.386719 0.584375 0.385937 0.584375 0.385937 0.572917 0.385937 0.571875 0.391406 0.563542
0 0.722656 0.573958 0.726562 0.573958 0.727344 0.575000 0.728906 0.584375 0.728125 0.585417 0.721875 0.584375 0.721094 0.583333 0.720313 0.577083 0.719531 0.576042 0.722656 0.573958
0 0.013281 0.571875 0.016406 0.571875 0.017188 0.572917 0.016406 0.580208 0.017188 0.581250 0.028906 0.577083 0.029687 0.576042 0.032031 0.577083 0.032813 0.577083 0.035156 0.580208 0.035156 0.581250 0.033594 0.584375 0.032813 0.585417 0.026562 0.588542 0.025781 0.589583 0.014844 0.588542 0.014063 0.588542 0.012500 0.587500 0.011719 0.586458 0.011719 0.578125 0.011719 0.577083 0.013281 0.571875
0 0.661457 0.682943 0.662868 0.680121 0.662868 0.676593 0.661457 0.674242 0.661633 0.672125 0.664279 0.669538 0.665337 0.667892 0.666748 0.667422 0.669218 0.665070 0.671510 0.662248 0.672921 0.659426 0.676978 0.655899 0.678742 0.655193 0.683680 0.650490 0.686326 0.648609 0.687384 0.648609 0.701671 0.640143 0.704493 0.640613 0.704493 0.646022 0.703082 0.649079 0.702376 0.649784 0.702376 0.651196 0.701318 0.652371 0.699554 0.653077 0.696909 0.656839 0.696379 0.658486 0.694792 0.660367 0.692146 0.662248 0.690735 0.662483 0.688266 0.664365 0.687031 0.667892 0.685973 0.669303 0.684739 0.670479 0.682269 0.671655 0.681740 0.672596 0.680506 0.672831 0.676625 0.678475 0.674156 0.680121 0.670981 0.680826 0.669394 0.683413 0.667807 0.685059 0.667454 0.686235 0.665337 0.687176 0.664103 0.687176 0.662868 0.685765 0.661104 0.685530 0.661104 0.684824 0.660575 0.684824
0 0.597656 0.725000 0.600000 0.725000 0.600781 0.725000 0.607812 0.733333 0.608594 0.733333 0.610156 0.736458 0.610938 0.737500 0.610938 0.740625 0.610938 0.741667 0.600000 0.740625 0.599219 0.740625 0.593750 0.736458 0.592969 0.736458 0.592969 0.728125 0.592969 0.727083 0.597656 0.725000
0 0.614062 0.636458 0.617969 0.636458 0.618750 0.636458 0.619531 0.637500 0.620313 0.638542 0.621875 0.646875 0.621875 0.647917 0.626563 0.653125 0.627344 0.654167 0.626563 0.664583 0.626563 0.665625 0.625000 0.667708 0.624219 0.668750 0.621094 0.668750 0.620313 0.668750 0.614062 0.656250 0.613281 0.655208 0.614062 0.636458
0 0.096896 0.812648 0.094838 0.811917 0.094151 0.811185 0.093603 0.810087 0.092642 0.808806 0.092368 0.808257 0.092368 0.807708 0.092779 0.807708 0.092779 0.806976 0.092505 0.806245 0.092642 0.804964 0.093191 0.804964 0.094014 0.804598 0.094426 0.804598 0.094975 0.805696 0.095112 0.806245 0.095798 0.807342 0.097856 0.807342 0.098817 0.807525 0.099229 0.808257 0.099640 0.808623 0.099640 0.812465 0.099503 0.813014 0.099091 0.813197 0.098131 0.813197 0.095935 0.810636
0 0.101973 0.799658 0.100189 0.800024 0.099091 0.800024 0.099091 0.801122 0.098817 0.801671 0.098405 0.801854 0.096210 0.801854 0.095798 0.801671 0.095661 0.801122 0.095249 0.800939 0.094700 0.799841 0.094151 0.799292 0.094151 0.798743 0.093740 0.798011 0.093740 0.796913 0.094563 0.796182 0.095386 0.795999 0.095524 0.795450 0.095524 0.794169 0.096073 0.793803 0.099503 0.793620 0.099503 0.793071 0.099915 0.793071 0.100738 0.793254 0.101562 0.794169 0.101562 0.796913 0.101973 0.798011 0.102385 0.798194
0 0.903906 0.527083 0.907031 0.527083 0.907813 0.527083 0.908594 0.532292 0.909375 0.533333 0.907813 0.537500 0.907031 0.538542 0.892969 0.532292 0.892188 0.531250 0.892188 0.529167 0.892188 0.528125 0.900000 0.529167 0.900781 0.529167 0.903906 0.527083
0 0.883594 0.352083 0.887500 0.353125 0.888281 0.353125 0.889062 0.357292 0.889844 0.358333 0.889844 0.362500 0.889844 0.363542 0.887500 0.369792 0.886719 0.370833 0.884375 0.370833 0.883594 0.370833 0.882812 0.368750 0.882031 0.367708 0.882031 0.356250 0.882031 0.355208 0.883594 0.352083
0 0.975000 0.122917 0.978906 0.122917 0.979688 0.122917 0.982812 0.127083 0.982812 0.128125 0.981250 0.130208 0.980469 0.131250 0.978125 0.131250 0.977344 0.132292 0.969531 0.131250 0.968750 0.131250 0.967969 0.129167 0.967969 0.128125 0.975000 0.122917
0 0.923438 0.000000 0.931250 0.000000 0.932031 0.000000 0.932813 0.004167 0.933594 0.005208 0.934375 0.021875 0.934375 0.022917 0.930469 0.030208 0.929688 0.031250 0.921875 0.036458 0.921094 0.037500 0.909375 0.038542 0.908594 0.039583 0.899219 0.037500 0.898438 0.037500 0.893750 0.034375 0.892969 0.034375 0.892188 0.031250 0.891406 0.030208 0.891406 0.029167 0.891406 0.028125 0.892969 0.027083 0.893750 0.026042 0.906250 0.027083 0.907031 0.027083 0.913281 0.022917 0.914062 0.022917 0.917188 0.018750 0.917969 0.017708 0.923438 0.000000
0 0.957031 0.033333 0.962500 0.033333 0.963281 0.033333 0.965625 0.035417 0.966406 0.036458 0.967969 0.044792 0.968750 0.045833 0.968750 0.064583 0.968750 0.065625 0.967187 0.066667 0.966406 0.067708 0.956250 0.065625 0.955469 0.064583 0.948438 0.064583 0.947656 0.064583 0.946094 0.060417 0.945312 0.059375 0.943750 0.040625 0.943750 0.039583 0.944531 0.038542 0.945312 0.037500 0.952344 0.036458 0.953125 0.036458 0.957031 0.033333
0 0.276562 0.614583 0.281250 0.615625 0.282031 0.615625 0.282031 0.623958 0.281250 0.625000 0.279687 0.625000 0.278906 0.625000 0.275000 0.621875 0.274219 0.620833 0.273438 0.617708 0.273438 0.616667 0.276562 0.614583
0 0.946620 0.026042 0.951307 0.027083 0.952089 0.027083 0.955995 0.032292 0.956776 0.033333 0.955995 0.034375 0.955214 0.035417 0.952870 0.036458 0.952089 0.037500 0.941932 0.037500 0.941151 0.037500 0.936464 0.036458 0.935682 0.036458 0.934901 0.034375 0.934120 0.033333 0.936464 0.028125 0.937245 0.027083 0.946620 0.026042
0 0.935156 0.008333 0.937500 0.008333 0.938281 0.008333 0.940625 0.011458 0.941406 0.012500 0.941406 0.017708 0.941406 0.018750 0.939063 0.023958 0.938281 0.025000 0.935937 0.023958 0.935156 0.022917 0.935156 0.008333
0 0.320312 0.660417 0.340625 0.669792 0.341406 0.669792 0.342969 0.671875 0.343750 0.672917 0.342969 0.677083 0.342969 0.678125 0.341406 0.680208 0.341406 0.681250 0.338281 0.682292 0.337500 0.682292 0.323437 0.672917 0.322656 0.672917 0.320312 0.669792 0.319531 0.669792 0.320312 0.660417
0 0.954688 0.000000 0.974219 0.000000 0.975000 0.000000 0.975000 0.002083 0.975000 0.003125 0.972656 0.006250 0.971875 0.007292 0.967187 0.007292 0.966406 0.007292 0.957031 0.003125 0.956250 0.003125 0.955469 0.002083 0.954688 0.002083 0.954688 0.000000
0 0.810937 0.017708 0.817187 0.017708 0.817969 0.017708 0.823438 0.022917 0.824219 0.023958 0.827344 0.033333 0.828125 0.034375 0.827344 0.041667 0.827344 0.042708 0.822656 0.046875 0.821875 0.046875 0.812500 0.036458 0.811719 0.035417 0.810156 0.026042 0.809375 0.025000 0.809375 0.021875 0.809375 0.020833 0.810937 0.017708
0 0.375000 0.727083 0.376563 0.727083 0.377344 0.727083 0.381250 0.731250 0.382031 0.732292 0.382812 0.752083 0.382812 0.753125 0.382031 0.754167 0.381250 0.755208 0.368750 0.755208 0.367969 0.755208 0.360938 0.751042 0.360156 0.751042 0.360156 0.747917 0.360156 0.746875 0.375000 0.727083
0 0.817939 0.000200 0.825752 0.000200 0.826533 0.000200 0.826533 0.002284 0.826533 0.003325 0.824970 0.006450 0.823964 0.008294 0.819502 0.008695 0.818044 0.005788 0.817939 0.000200
0 0.804688 0.009375 0.805469 0.009375 0.806250 0.010417 0.805469 0.017708 0.805920 0.021957 0.800781 0.021875 0.800000 0.021875 0.799219 0.018750 0.799219 0.017708 0.800781 0.014583 0.800781 0.013542 0.804688 0.009375
0 0.892969 0.176042 0.896094 0.176042 0.896875 0.176042 0.899219 0.178125 0.900000 0.178125 0.902344 0.182292 0.903125 0.183333 0.906250 0.185417 0.907031 0.186458 0.907031 0.190625 0.907031 0.191667 0.903906 0.194792 0.903125 0.194792 0.900781 0.191667 0.900000 0.190625 0.896875 0.189583 0.896094 0.189583 0.892969 0.186458 0.892188 0.186458 0.889844 0.180208 0.889844 0.179167 0.892969 0.176042
0 0.739062 0.397917 0.742969 0.398958 0.743750 0.398958 0.743750 0.405208 0.743750 0.406250 0.734375 0.415625 0.733594 0.416667 0.729688 0.416667 0.728906 0.416667 0.728906 0.413542 0.728906 0.412500 0.736719 0.403125 0.737500 0.402083 0.739062 0.397917
0 0.731916 0.402278 0.731372 0.403549 0.731372 0.404275 0.731099 0.404820 0.730691 0.405183 0.724972 0.405183 0.724699 0.404456 0.724699 0.402823 0.723474 0.402823 0.723066 0.402459 0.722929 0.401370 0.723202 0.400644 0.723610 0.400462 0.724563 0.400462 0.724563 0.398647 0.724836 0.398102 0.725653 0.397194 0.726470 0.396650 0.727014 0.396650 0.727831 0.397739 0.728104 0.398465 0.728512 0.399010 0.730691 0.399010 0.731372 0.400644
0 0.735184 0.400644 0.733959 0.401007 0.733142 0.401007 0.732733 0.400644 0.732461 0.400099 0.732461 0.399555 0.730010 0.397557 0.729193 0.396468 0.729193 0.395379 0.730827 0.392837 0.731235 0.392656 0.732052 0.391748 0.733278 0.391748 0.733686 0.391566 0.734095 0.391203 0.734367 0.390659 0.734776 0.390295 0.736137 0.388298 0.736682 0.388117 0.736818 0.388843 0.736818 0.391566 0.736546 0.393382 0.736546 0.395379 0.736410 0.396468 0.736818 0.396831 0.739133 0.396831 0.739133 0.398284 0.738997 0.398828 0.738452 0.399191 0.737907 0.400462 0.737363 0.400644 0.736546 0.400644
0 0.713281 0.345833 0.714844 0.346875 0.715625 0.346875 0.715625 0.353125 0.715625 0.354167 0.713281 0.356250 0.712500 0.356250 0.711719 0.355208 0.710938 0.354167 0.710938 0.348958 0.710938 0.347917 0.713281 0.345833
0 0.715625 0.328125 0.717187 0.329167 0.717969 0.330208 0.717969 0.341667 0.717969 0.342708 0.716406 0.346875 0.715625 0.347917 0.713281 0.347917 0.712500 0.347917 0.707812 0.342708 0.707031 0.341667 0.707031 0.339583 0.707031 0.338542 0.715625 0.328125
0 0.595057 0.006751 0.598182 0.006751 0.598964 0.006751 0.602089 0.010918 0.602870 0.011959 0.602870 0.021334 0.602089 0.022376 0.593495 0.023418 0.592714 0.022376 0.591932 0.016126 0.591932 0.015084 0.595057 0.006751
0 0.612500 0.184375 0.614062 0.184375 0.614844 0.184375 0.617188 0.188542 0.617969 0.189583 0.618750 0.193750 0.618750 0.194792 0.616406 0.196875 0.615625 0.197917 0.610156 0.196875 0.609375 0.195833 0.609375 0.189583 0.609375 0.188542 0.612500 0.184375
0 0.707812 0.408333 0.712500 0.409375 0.713281 0.409375 0.715625 0.411458 0.716406 0.411458 0.716406 0.413542 0.716406 0.414583 0.710938 0.428125 0.710938 0.429167 0.704688 0.433333 0.703906 0.433333 0.700000 0.430208 0.699219 0.429167 0.697656 0.422917 0.697656 0.421875 0.707812 0.408333
0 0.579688 0.267708 0.585938 0.277083 0.585938 0.278125 0.584375 0.281250 0.583594 0.282292 0.575781 0.283333 0.575000 0.283333 0.575000 0.273958 0.575000 0.272917 0.579688 0.267708
0 0.590625 0.228125 0.595313 0.231250 0.596094 0.232292 0.594531 0.236458 0.593750 0.237500 0.589063 0.237500 0.588281 0.236458 0.588281 0.233333 0.588281 0.232292 0.590625 0.228125
0 0.597656 0.100000 0.599219 0.100000 0.600000 0.101042 0.600000 0.104167 0.600781 0.105208 0.599219 0.114583 0.598437 0.115625 0.595313 0.113542 0.594531 0.112500 0.594531 0.106250 0.594531 0.105208 0.597656 0.100000
0 0.845313 0.261458 0.849219 0.262500 0.850000 0.263542 0.855469 0.277083 0.855469 0.278125 0.849219 0.279167 0.848437 0.279167 0.840625 0.277083 0.839844 0.276042 0.839063 0.273958 0.838281 0.272917 0.838281 0.268750 0.838281 0.267708 0.845313 0.261458
0 0.751563 0.195833 0.756250 0.195833 0.757031 0.195833 0.759375 0.200000 0.760156 0.201042 0.759375 0.203125 0.759375 0.204167 0.753906 0.204167 0.753125 0.204167 0.751563 0.202083 0.750781 0.201042 0.751563 0.195833
0 0.770312 0.232292 0.771875 0.240625 0.772656 0.241667 0.769531 0.240625 0.768750 0.240625 0.767188 0.237500 0.766406 0.236458 0.767188 0.234375 0.767969 0.233333 0.770312 0.232292
0 0.799219 0.232292 0.803906 0.233333 0.804688 0.233333 0.805469 0.236458 0.805469 0.237500 0.804688 0.238542 0.803906 0.239583 0.796875 0.238542 0.796094 0.238542 0.796094 0.235417 0.796094 0.234375 0.799219 0.232292
0 0.779687 0.268750 0.783594 0.269792 0.784375 0.270833 0.784375 0.276042 0.783594 0.277083 0.779687 0.275000 0.778906 0.273958 0.779687 0.268750
0 0.961719 0.017708 0.963281 0.017708 0.964063 0.017708 0.968750 0.021875 0.969531 0.022917 0.970313 0.025000 0.971094 0.026042 0.971094 0.031250 0.970313 0.032292 0.964844 0.031250 0.964063 0.030208 0.961719 0.025000 0.960938 0.023958 0.961719 0.017708
0 0.428125 0.318750 0.431250 0.319792 0.432031 0.319792 0.435937 0.323958 0.436719 0.323958 0.438281 0.332292 0.439063 0.333333 0.439063 0.344792 0.438281 0.345833 0.436719 0.343750 0.435937 0.343750 0.433594 0.335417 0.433594 0.334375 0.429688 0.327083 0.428906 0.326042 0.428125 0.321875 0.427344 0.320833 0.428125 0.318750
0 0.389062 0.300000 0.391406 0.301042 0.392188 0.302083 0.393750 0.319792 0.393750 0.320833 0.390625 0.328125 0.389844 0.329167 0.383594 0.333333 0.382812 0.333333 0.382031 0.332292 0.381250 0.331250 0.381250 0.319792 0.381250 0.318750 0.384375 0.309375 0.384375 0.308333 0.389062 0.300000
0 0.340625 0.000000 0.350000 0.000000 0.350781 0.000000 0.354687 0.010417 0.355469 0.011458 0.353906 0.015625 0.353906 0.016667 0.350000 0.016667 0.349219 0.016667 0.342187 0.009375 0.341406 0.009375 0.340625 0.000000
0 0.361719 0.021875 0.365625 0.021875 0.366406 0.021875 0.368750 0.026042 0.369531 0.027083 0.371094 0.043750 0.371094 0.044792 0.370312 0.048958 0.370312 0.050000 0.368750 0.051042 0.367969 0.052083 0.365625 0.052083 0.364844 0.052083 0.359375 0.045833 0.358594 0.044792 0.357812 0.033333 0.357812 0.032292 0.361719 0.021875
0 0.353906 0.000000 0.371094 0.000000 0.371094 0.001042 0.366406 0.005208 0.365625 0.006250 0.356250 0.006250 0.355469 0.006250 0.354687 0.005208 0.353906 0.004167 0.353906 0.000000
0 0.496875 0.064583 0.497656 0.064583 0.498437 0.065625 0.498437 0.070833 0.498437 0.071875 0.496875 0.077083 0.496875 0.078125 0.496094 0.079167 0.495312 0.080208 0.490625 0.081250 0.489844 0.081250 0.482812 0.085417 0.482031 0.085417 0.481250 0.081250 0.481250 0.080208 0.483594 0.075000 0.483594 0.073958 0.496875 0.064583
0 0.465625 0.125000 0.469531 0.127083 0.469531 0.128125 0.465625 0.138542 0.465625 0.139583 0.463281 0.140625 0.462500 0.140625 0.460156 0.132292 0.460156 0.131250 0.465625 0.125000
0 0.399219 0.270833 0.403906 0.270833 0.404687 0.270833 0.408594 0.272917 0.409375 0.273958 0.410156 0.288542 0.409375 0.289583 0.404687 0.290625 0.403906 0.290625 0.401562 0.292708 0.400781 0.293750 0.397656 0.293750 0.396875 0.293750 0.393750 0.291667 0.392969 0.291667 0.392188 0.286458 0.391406 0.285417 0.392188 0.280208 0.392188 0.279167 0.399219 0.270833
0 0.400000 0.314583 0.405469 0.317708 0.406250 0.318750 0.410938 0.319792 0.411719 0.319792 0.413281 0.323958 0.413281 0.325000 0.412500 0.326042 0.411719 0.327083 0.398438 0.327083 0.397656 0.327083 0.396875 0.318750 0.396875 0.317708 0.400000 0.314583
0 0.431250 0.392708 0.433594 0.392708 0.434375 0.392708 0.436719 0.395833 0.437500 0.396875 0.437500 0.400000 0.437500 0.401042 0.436719 0.402083 0.435937 0.403125 0.432031 0.404167 0.431250 0.405208 0.425781 0.404167 0.425000 0.404167 0.423438 0.398958 0.423438 0.397917 0.431250 0.392708
0 0.427344 0.354167 0.428906 0.355208 0.429688 0.355208 0.428906 0.359375 0.428906 0.360417 0.423438 0.362500 0.422656 0.362500 0.411719 0.377083 0.410938 0.378125 0.409375 0.379167 0.408594 0.379167 0.407031 0.376042 0.407031 0.375000 0.404687 0.372917 0.403906 0.371875 0.403906 0.369792 0.404687 0.368750 0.407813 0.369792 0.408594 0.369792 0.414844 0.359375 0.415625 0.358333 0.420312 0.359375 0.421094 0.359375 0.427344 0.354167
0 0.435156 0.362500 0.442188 0.365625 0.442969 0.365625 0.446094 0.370833 0.446875 0.371875 0.450781 0.373958 0.451562 0.373958 0.451562 0.381250 0.451562 0.382292 0.443750 0.386458 0.442969 0.387500 0.436719 0.388542 0.435937 0.388542 0.435937 0.381250 0.435937 0.380208 0.432812 0.375000 0.432031 0.373958 0.432031 0.371875 0.432031 0.370833 0.435156 0.362500
0 0.329688 0.310417 0.334375 0.311458 0.335156 0.312500 0.335938 0.320833 0.336719 0.321875 0.335938 0.327083 0.335156 0.328125 0.329688 0.327083 0.328906 0.326042 0.328125 0.319792 0.328125 0.318750 0.329688 0.310417
0 0.339844 0.300000 0.346094 0.301042 0.346875 0.302083 0.347656 0.313542 0.347656 0.314583 0.346094 0.317708 0.345313 0.318750 0.341406 0.317708 0.340625 0.317708 0.337500 0.313542 0.336719 0.312500 0.337500 0.304167 0.337500 0.303125 0.339844 0.300000
0 0.362500 0.139583 0.371094 0.140625 0.371875 0.140625 0.372656 0.148958 0.372656 0.150000 0.371875 0.153125 0.371875 0.154167 0.367969 0.159375 0.367188 0.160417 0.361719 0.163542 0.360938 0.163542 0.357812 0.147917 0.357812 0.146875 0.359375 0.143750 0.359375 0.142708 0.362500 0.139583
0 0.398438 0.201042 0.402344 0.202083 0.403125 0.202083 0.404687 0.204167 0.405469 0.205208 0.405469 0.207292 0.405469 0.208333 0.401562 0.213542 0.400781 0.214583 0.395313 0.215625 0.394531 0.215625 0.392969 0.213542 0.392188 0.212500 0.392969 0.206250 0.392969 0.205208 0.398438 0.201042
0 0.964694 0.329420 0.964694 0.333850 0.962922 0.334145 0.962701 0.337099 0.960707 0.339461 0.959600 0.340052 0.959378 0.340643 0.956277 0.340643 0.954062 0.341234 0.954062 0.341824 0.953176 0.342710 0.952954 0.343892 0.950518 0.345368 0.949632 0.345368 0.949632 0.345959 0.949189 0.345959 0.949189 0.346550 0.947860 0.348322 0.946974 0.350389 0.945202 0.352456 0.944316 0.352456 0.942765 0.354819 0.940107 0.356001 0.938114 0.358659 0.931468 0.358659 0.931247 0.357477 0.931247 0.358068 0.931690 0.358068 0.932133 0.361021 0.932133 0.364270 0.931690 0.364565 0.930361 0.364270 0.928909 0.365172 0.926312 0.366793 0.924411 0.368333 0.920957 0.365396 0.921534 0.361779 0.924150 0.361388 0.923273 0.358659 0.923716 0.358659 0.921722 0.356887 0.919950 0.356296 0.919286 0.355410 0.919286 0.350094 0.919729 0.350094 0.919729 0.348912 0.918621 0.346845 0.918621 0.342415 0.917735 0.342119 0.916849 0.340938 0.916849 0.340348 0.917514 0.338575 0.917514 0.337394 0.917956 0.338575 0.921279 0.316129 0.931911 0.312585 0.932797 0.312585 0.935455 0.315539 0.936120 0.315539 0.938557 0.317606 0.940329 0.317311 0.941879 0.314948 0.944094 0.314653 0.946974 0.319083 0.948303 0.319969 0.950961 0.320855 0.954062 0.321150 0.955834 0.322922 0.956720 0.324104 0.956720 0.324694 0.958492 0.325580 0.960264 0.327943 0.961593 0.328534 0.961815 0.329124 0.962701 0.329124 0.964916 0.331783 0.964916 0.332669 0.964916 0.327057 0.963144 0.326762 0.962479 0.327648 0.960929 0.327648 0.962701 0.328534 0.964916 0.331783 0.964916 0.335327 0.963587 0.337099
0 0.930469 0.238542 0.932813 0.240625 0.933594 0.241667 0.933594 0.251042 0.933594 0.252083 0.940625 0.262500 0.940625 0.263542 0.948438 0.270833 0.949219 0.271875 0.956250 0.276042 0.957031 0.276042 0.958594 0.280208 0.959375 0.281250 0.957812 0.296875 0.957812 0.297917 0.954688 0.308333 0.954688 0.309375 0.951562 0.313542 0.950781 0.314583 0.950781 0.316667 0.950000 0.317708 0.952344 0.328125 0.953125 0.329167 0.952344 0.337500 0.951562 0.338542 0.943750 0.338542 0.942969 0.338542 0.937500 0.335417 0.936719 0.334375 0.932031 0.333333 0.931250 0.333333 0.923438 0.326042 0.922656 0.326042 0.920312 0.312500 0.919531 0.311458 0.918750 0.300000 0.918750 0.298958 0.910156 0.285417 0.909375 0.284375 0.909375 0.279167 0.909375 0.278125 0.912500 0.263542 0.912500 0.262500 0.914844 0.257292 0.914844 0.256250 0.925000 0.241667 0.925781 0.240625 0.930469 0.238542
0 0.452344 0.151042 0.462500 0.151042 0.463281 0.151042 0.464844 0.153125 0.464844 0.154167 0.461719 0.158333 0.460938 0.159375 0.450781 0.163542 0.450000 0.163542 0.446875 0.158333 0.446875 0.157292 0.448437 0.154167 0.449219 0.153125 0.452344 0.151042
0 0.521875 0.320833 0.526563 0.322917 0.527344 0.323958 0.534375 0.325000 0.535156 0.326042 0.534375 0.337500 0.534375 0.338542 0.532031 0.342708 0.531250 0.343750 0.527344 0.346875 0.526563 0.347917 0.522656 0.343750 0.521875 0.342708 0.516406 0.339583 0.515625 0.339583 0.512500 0.331250 0.511719 0.330208 0.513281 0.325000 0.514062 0.323958 0.521875 0.320833
0 0.032813 0.008333 0.035937 0.009375 0.036719 0.009375 0.038281 0.011458 0.039062 0.012500 0.039844 0.016667 0.040625 0.017708 0.039844 0.028125 0.039844 0.029167 0.037500 0.032292 0.036719 0.033333 0.034375 0.033333 0.033594 0.033333 0.032031 0.031250 0.031250 0.030208 0.027344 0.017708 0.026562 0.016667 0.026562 0.012500 0.026562 0.011458 0.032813 0.008333
0 0.687500 0.811458 0.690625 0.811458 0.691406 0.811458 0.699219 0.816667 0.700000 0.816667 0.706250 0.823958 0.707031 0.823958 0.710938 0.831250 0.711719 0.832292 0.714063 0.845833 0.714063 0.846875 0.710156 0.864583 0.709375 0.865625 0.671094 0.864583 0.670312 0.864583 0.669531 0.850000 0.669531 0.848958 0.671094 0.844792 0.671875 0.843750 0.671094 0.834375 0.671094 0.833333 0.672656 0.821875 0.672656 0.820833 0.675781 0.816667 0.676562 0.815625 0.687500 0.811458
0 0.057031 0.000000 0.075781 0.000000 0.076563 0.000000 0.076563 0.002083 0.076563 0.003125 0.074219 0.009375 0.073438 0.010417 0.062500 0.015625 0.061719 0.016667 0.053125 0.017708 0.052344 0.017708 0.051562 0.015625 0.050781 0.014583 0.050781 0.010417 0.050781 0.009375 0.053125 0.005208 0.053906 0.004167 0.056250 0.003125 0.057031 0.002083 0.057031 0.000000
0 0.069531 0.012500 0.075781 0.012500 0.076563 0.012500 0.083594 0.017708 0.084375 0.017708 0.089844 0.023958 0.090625 0.025000 0.090625 0.030208 0.090625 0.031250 0.088281 0.033333 0.087500 0.034375 0.082812 0.034375 0.082031 0.034375 0.074219 0.029167 0.073438 0.029167 0.066406 0.018750 0.065625 0.017708 0.067187 0.014583 0.067187 0.013542 0.069531 0.012500
0 0.172350 0.018541 0.175632 0.019168 0.174846 0.021467 0.172649 0.022502 0.172179 0.024380 0.166394 0.024376 0.165143 0.028556 0.163108 0.028141 0.163108 0.022502 0.170783 0.018959
0 0.171875 0.027083 0.179688 0.028125 0.180469 0.028125 0.182031 0.029167 0.182812 0.030208 0.183594 0.033333 0.183594 0.034375 0.182812 0.035417 0.182031 0.036458 0.177344 0.036458 0.176563 0.036458 0.172656 0.033333 0.171875 0.032292 0.171875 0.027083
0 0.246875 0.053125 0.250000 0.054167 0.250781 0.055208 0.251563 0.062500 0.252344 0.063542 0.251563 0.068750 0.250781 0.069792 0.249219 0.069792 0.248438 0.069792 0.246875 0.057292 0.246094 0.056250 0.246875 0.053125
0 0.200781 0.009375 0.204687 0.009375 0.205469 0.009375 0.208594 0.011458 0.209375 0.011458 0.210938 0.013542 0.211719 0.013542 0.212500 0.017708 0.212500 0.018750 0.210938 0.019792 0.210156 0.020833 0.204687 0.020833 0.203906 0.020833 0.201563 0.018750 0.200781 0.018750 0.200000 0.015625 0.199219 0.014583 0.199219 0.012500 0.199219 0.011458 0.200781 0.009375
0 0.220312 0.210417 0.221094 0.213542 0.221875 0.214583 0.228125 0.217708 0.228906 0.218750 0.228125 0.223958 0.227344 0.225000 0.219531 0.223958 0.218750 0.222917 0.217969 0.217708 0.217969 0.216667 0.220312 0.210417
0 0.167969 0.205208 0.175000 0.205208 0.175781 0.205208 0.177344 0.209375 0.177344 0.210417 0.175000 0.212500 0.174219 0.213542 0.170313 0.213542 0.169531 0.213542 0.166406 0.210417 0.165625 0.209375 0.165625 0.208333 0.165625 0.207292 0.167969 0.205208
0 0.199219 0.168750 0.200781 0.168750 0.201563 0.169792 0.201563 0.172917 0.202344 0.173958 0.201563 0.177083 0.201563 0.178125 0.196875 0.181250 0.196094 0.181250 0.193750 0.178125 0.193750 0.177083 0.195312 0.172917 0.195312 0.171875 0.199219 0.168750
0 0.194531 0.161458 0.197656 0.162500 0.198437 0.162500 0.200000 0.166667 0.200000 0.167708 0.194531 0.170833 0.193750 0.170833 0.192969 0.169792 0.192188 0.168750 0.192188 0.164583 0.192188 0.163542 0.194531 0.161458
0 0.172656 0.168750 0.175781 0.169792 0.176563 0.169792 0.176563 0.171875 0.176563 0.172917 0.174219 0.176042 0.173437 0.177083 0.171094 0.177083 0.170313 0.177083 0.168750 0.173958 0.168750 0.172917 0.172656 0.168750
0 0.111719 0.107292 0.114844 0.107292 0.115625 0.107292 0.115625 0.110417 0.115625 0.111458 0.111719 0.119792 0.111719 0.120833 0.110937 0.121875 0.110156 0.122917 0.104688 0.121875 0.103906 0.121875 0.102344 0.115625 0.102344 0.114583 0.111719 0.107292
0 0.054957 0.227945 0.060426 0.228987 0.061207 0.230029 0.060426 0.239404 0.060426 0.240445 0.054176 0.253987 0.053395 0.255029 0.050270 0.258154 0.049488 0.259195 0.045582 0.259195 0.044801 0.259195 0.043238 0.258154 0.042457 0.257112 0.042457 0.252945 0.042457 0.251904 0.048707 0.237320 0.048707 0.236279 0.054957 0.227945
0 0.341406 0.286458 0.345313 0.297917 0.345313 0.298958 0.343750 0.300000 0.342969 0.301042 0.339062 0.301042 0.338281 0.302083 0.337500 0.297917 0.337500 0.296875 0.341406 0.286458
0 0.380469 0.268750 0.386719 0.271875 0.387500 0.272917 0.385156 0.279167 0.384375 0.280208 0.379688 0.280208 0.378906 0.279167 0.378906 0.273958 0.378906 0.272917 0.380469 0.268750
0 0.336719 0.146875 0.340625 0.146875 0.341406 0.146875 0.341406 0.151042 0.341406 0.152083 0.337500 0.152083 0.336719 0.152083 0.336719 0.146875
0 0.377344 0.213542 0.379688 0.213542 0.380469 0.213542 0.381250 0.215625 0.381250 0.216667 0.379688 0.219792 0.378906 0.220833 0.376563 0.221875 0.375781 0.221875 0.373437 0.219792 0.373437 0.218750 0.377344 0.213542
0 0.353906 0.227083 0.366406 0.230208 0.366406 0.231250 0.358594 0.235417 0.357812 0.236458 0.355469 0.236458 0.354687 0.236458 0.353906 0.233333 0.353125 0.232292 0.353906 0.227083
0 0.172656 0.302083 0.175000 0.303125 0.175781 0.303125 0.176563 0.311458 0.176563 0.312500 0.175781 0.313542 0.175000 0.314583 0.171094 0.315625 0.170313 0.315625 0.170313 0.309375 0.170313 0.308333 0.172656 0.302083
0 0.121094 0.285417 0.147656 0.285417 0.148438 0.285417 0.151562 0.289583 0.152344 0.290625 0.152344 0.302083 0.152344 0.303125 0.150000 0.307292 0.150000 0.308333 0.136719 0.307292 0.135937 0.307292 0.124219 0.304167 0.123438 0.303125 0.114062 0.303125 0.113281 0.303125 0.110156 0.300000 0.109375 0.298958 0.110156 0.292708 0.110156 0.291667 0.121094 0.285417
0 0.117188 0.277083 0.119531 0.277083 0.120313 0.277083 0.121094 0.278125 0.121875 0.279167 0.121875 0.282292 0.121875 0.283333 0.116406 0.287500 0.115625 0.288542 0.111719 0.288542 0.110937 0.288542 0.110156 0.283333 0.110156 0.282292 0.117188 0.277083
0 0.264844 0.128125 0.267188 0.128125 0.267969 0.128125 0.271875 0.132292 0.271875 0.133333 0.271094 0.134375 0.270313 0.135417 0.264844 0.134375 0.264062 0.134375 0.263281 0.132292 0.263281 0.131250 0.264844 0.128125
0 0.142969 0.331250 0.152344 0.332292 0.153125 0.333333 0.151562 0.341667 0.151562 0.342708 0.149219 0.346875 0.148438 0.347917 0.146094 0.346875 0.145313 0.345833 0.145313 0.340625 0.145313 0.339583 0.143750 0.336458 0.142969 0.335417 0.142969 0.331250
0 0.204687 0.364583 0.208594 0.365625 0.209375 0.366667 0.210938 0.377083 0.210938 0.378125 0.207031 0.389583 0.207031 0.390625 0.204687 0.393750 0.203906 0.394792 0.200781 0.394792 0.200000 0.394792 0.196875 0.388542 0.196094 0.387500 0.199219 0.379167 0.200000 0.378125 0.201563 0.369792 0.201563 0.368750 0.204687 0.364583
0 0.216406 0.390625 0.218750 0.391667 0.219531 0.392708 0.218750 0.397917 0.217969 0.398958 0.210156 0.401042 0.209375 0.402083 0.207813 0.401042 0.207031 0.401042 0.207031 0.395833 0.207813 0.394792 0.216406 0.390625
0 0.208594 0.357292 0.207813 0.370833 0.207031 0.371875 0.210938 0.377083 0.210938 0.378125 0.207031 0.389583 0.207031 0.390625 0.206250 0.391667 0.205469 0.392708 0.200781 0.392708 0.200000 0.392708 0.199219 0.383333 0.199219 0.382292 0.203125 0.371875 0.203906 0.370833 0.204687 0.364583 0.204687 0.363542 0.208594 0.357292
0 0.275781 0.180208 0.277344 0.180208 0.278125 0.180208 0.279687 0.182292 0.280469 0.183333 0.279687 0.192708 0.278906 0.193750 0.276562 0.192708 0.275781 0.192708 0.275000 0.188542 0.274219 0.187500 0.274219 0.184375 0.274219 0.183333 0.275781 0.180208
0 0.664844 0.713542 0.672656 0.713542 0.673438 0.714583 0.670312 0.727083 0.670312 0.728125 0.669531 0.729167 0.669531 0.730208 0.667969 0.730208 0.667188 0.731250 0.664062 0.730208 0.663281 0.730208 0.662500 0.727083 0.661719 0.726042 0.661719 0.719792 0.661719 0.718750 0.662500 0.716667 0.662500 0.715625 0.664844 0.713542
0 0.823438 0.612500 0.826562 0.612500 0.827344 0.612500 0.826562 0.613542 0.826562 0.614583 0.818750 0.626042 0.817969 0.627083 0.815625 0.627083 0.814844 0.627083 0.814844 0.622917 0.814844 0.621875 0.816406 0.619792 0.816406 0.618750 0.823438 0.612500
0 0.221094 0.827083 0.221875 0.828125 0.222656 0.828125 0.224219 0.836458 0.224219 0.837500 0.223438 0.838542 0.223438 0.839583 0.216406 0.844792 0.215625 0.844792 0.216406 0.834375 0.216406 0.833333 0.221094 0.827083
0 0.309375 0.275000 0.313281 0.276042 0.314063 0.277083 0.313281 0.281250 0.313281 0.282292 0.307031 0.290625 0.306250 0.291667 0.303125 0.298958 0.303125 0.300000 0.297656 0.301042 0.296875 0.301042 0.295312 0.297917 0.294531 0.296875 0.294531 0.292708 0.294531 0.291667 0.296094 0.287500 0.296094 0.286458 0.305469 0.277083 0.306250 0.276042 0.309375 0.275000
0 0.204687 0.845833 0.210938 0.846875 0.211719 0.846875 0.212500 0.850000 0.212500 0.851042 0.210938 0.855208 0.210156 0.856250 0.208594 0.857292 0.207813 0.857292 0.205469 0.855208 0.204687 0.854167 0.204687 0.845833
0 0.144531 0.704167 0.150000 0.706250 0.150781 0.707292 0.152344 0.713542 0.153125 0.714583 0.152344 0.718750 0.151562 0.719792 0.148438 0.719792 0.147656 0.719792 0.142187 0.711458 0.141406 0.711458 0.141406 0.708333 0.141406 0.707292 0.144531 0.704167
0 0.028906 0.739583 0.032031 0.739583 0.032813 0.739583 0.033594 0.742708 0.034375 0.743750 0.034375 0.751042 0.034375 0.752083 0.032031 0.756250 0.031250 0.757292 0.028125 0.757292 0.027344 0.757292 0.025781 0.755208 0.025000 0.754167 0.025781 0.747917 0.025781 0.746875 0.028906 0.739583
0 0.017969 0.743750 0.022656 0.744792 0.023438 0.745833 0.024219 0.753125 0.023438 0.754167 0.021875 0.754167 0.021094 0.754167 0.019531 0.752083 0.018750 0.751042 0.017969 0.743750
0 0.313281 0.320833 0.325000 0.321875 0.325781 0.321875 0.329688 0.330208 0.330469 0.331250 0.331250 0.335417 0.332031 0.336458 0.332031 0.342708 0.332031 0.343750 0.323437 0.345833 0.322656 0.346875 0.315625 0.346875 0.314844 0.347917 0.304688 0.346875 0.303906 0.346875 0.303906 0.341667 0.303906 0.340625 0.307031 0.335417 0.307812 0.334375 0.309375 0.325000 0.309375 0.323958 0.313281 0.320833
0 0.000000 0.782292 0.009375 0.782292 0.010156 0.782292 0.011719 0.783333 0.012500 0.784375 0.013281 0.787500 0.014063 0.788542 0.005469 0.791667 0.004687 0.791667 0.000781 0.795833 0.000000 0.795833 0.000000 0.782292
0 0.287500 0.448958 0.292969 0.450000 0.293750 0.451042 0.292969 0.458333 0.292187 0.459375 0.285938 0.459375 0.285156 0.458333 0.285156 0.454167 0.285156 0.453125 0.287500 0.448958
0 0.114062 0.729167 0.115625 0.730208 0.116406 0.730208 0.117969 0.734375 0.118750 0.735417 0.117969 0.751042 0.117188 0.752083 0.113281 0.750000 0.112500 0.748958 0.112500 0.732292 0.112500 0.731250 0.114062 0.729167
0 0.039062 0.688542 0.048438 0.690625 0.049219 0.691667 0.050000 0.695833 0.050000 0.696875 0.048438 0.702083 0.047656 0.703125 0.044531 0.704167 0.043750 0.704167 0.040625 0.702083 0.039844 0.702083 0.038281 0.697917 0.037500 0.696875 0.037500 0.693750 0.036719 0.692708 0.036719 0.691667 0.036719 0.690625 0.039062 0.688542
0 0.016406 0.733333 0.021094 0.733333 0.021875 0.733333 0.024219 0.735417 0.024219 0.736458 0.021875 0.739583 0.021875 0.740625 0.018750 0.741667 0.017969 0.742708 0.016406 0.739583 0.015625 0.738542 0.016406 0.733333
0 0.117969 0.848958 0.120313 0.848958 0.121094 0.848958 0.123438 0.851042 0.124219 0.851042 0.132812 0.861458 0.133594 0.862500 0.133594 0.864583 0.134375 0.865625 0.122656 0.865625 0.121875 0.865625 0.120313 0.863542 0.119531 0.862500 0.117188 0.855208 0.116406 0.854167 0.116406 0.852083 0.116406 0.851042 0.117969 0.848958
0 0.099219 0.208333 0.110937 0.208333 0.111719 0.208333 0.114062 0.210417 0.114844 0.211458 0.115625 0.216667 0.115625 0.217708 0.113281 0.221875 0.112500 0.222917 0.109375 0.222917 0.108594 0.222917 0.100000 0.215625 0.099219 0.214583 0.099219 0.208333
0 0.162498 0.008758 0.165936 0.008758 0.167501 0.008758 0.169218 0.010211 0.169999 0.011253 0.170780 0.016461 0.170780 0.017503 0.170930 0.018541 0.170137 0.018813 0.169380 0.019114 0.167729 0.017941 0.163927 0.018189 0.161673 0.018516 0.160624 0.016461 0.160940 0.015419 0.160470 0.014172 0.161880 0.011876 0.162968 0.007086
0 0.144531 0.188542 0.148438 0.189583 0.149219 0.189583 0.149219 0.194792 0.148438 0.195833 0.141406 0.195833 0.140625 0.194792 0.140625 0.191667 0.140625 0.190625 0.144531 0.188542
0 0.415625 0.165625 0.420312 0.166667 0.421094 0.167708 0.421094 0.178125 0.421094 0.179167 0.419531 0.181250 0.418750 0.182292 0.417187 0.181250 0.416406 0.181250 0.414062 0.173958 0.413281 0.172917 0.415625 0.165625
0 0.409375 0.141667 0.414062 0.142708 0.414844 0.142708 0.414844 0.145833 0.414844 0.146875 0.410156 0.147917 0.409375 0.147917 0.409375 0.141667
0 0.481250 0.103125 0.482812 0.103125 0.483594 0.103125 0.485156 0.105208 0.485938 0.106250 0.486719 0.111458 0.485938 0.112500 0.480469 0.112500 0.479687 0.111458 0.478906 0.107292 0.478906 0.106250 0.481250 0.103125
0 0.494531 0.018850 0.500000 0.026142 0.500781 0.027184 0.500781 0.032392 0.500781 0.033434 0.499219 0.034475 0.499114 0.036619 0.497176 0.036680 0.496094 0.034475 0.495312 0.031350 0.494531 0.030309 0.494531 0.018850
0 0.519531 0.142708 0.520312 0.142708 0.521094 0.142708 0.522656 0.150000 0.523438 0.151042 0.523438 0.153125 0.523438 0.154167 0.521875 0.156250 0.521094 0.157292 0.507812 0.157292 0.507031 0.156250 0.507031 0.150000 0.507812 0.148958 0.514844 0.147917 0.515625 0.147917 0.519531 0.142708
0 0.939063 0.419792 0.941406 0.420833 0.942187 0.421875 0.939844 0.434375 0.939844 0.435417 0.931250 0.438542 0.930469 0.438542 0.930469 0.431250 0.930469 0.430208 0.932031 0.426042 0.932031 0.425000 0.935156 0.421875 0.935937 0.420833 0.939063 0.419792
0 0.984375 0.426042 0.985156 0.426042 0.985938 0.426042 0.988281 0.432292 0.989062 0.433333 0.989062 0.437500 0.989062 0.438542 0.986719 0.439583 0.985938 0.440625 0.982812 0.439583 0.982031 0.439583 0.981250 0.437500 0.980469 0.436458 0.980469 0.430208 0.980469 0.429167 0.984375 0.426042
0 0.971094 0.415625 0.972656 0.415625 0.973437 0.415625 0.975000 0.417708 0.975781 0.418750 0.976562 0.421875 0.977344 0.422917 0.977565 0.426262 0.975781 0.426042 0.973437 0.426042 0.972656 0.426042 0.971094 0.423958 0.970313 0.422917 0.969531 0.418750 0.969531 0.417708 0.971094 0.415625
0 0.899219 0.409375 0.910156 0.410417 0.910937 0.410417 0.912500 0.413542 0.912500 0.414583 0.908594 0.418750 0.907813 0.419792 0.906250 0.419792 0.905469 0.419792 0.900000 0.415625 0.899219 0.414583 0.899219 0.409375
0 0.881250 0.440625 0.885938 0.440625 0.886719 0.440625 0.886719 0.444792 0.886719 0.445833 0.890625 0.454167 0.891406 0.455208 0.885938 0.457292 0.885156 0.458333 0.879687 0.458333 0.878906 0.457292 0.880469 0.451042 0.881250 0.450000 0.881250 0.440625
0 0.864062 0.486458 0.867188 0.488542 0.867969 0.489583 0.867969 0.493750 0.867969 0.494792 0.866406 0.498958 0.866406 0.500000 0.865625 0.501042 0.864844 0.502083 0.862500 0.502083 0.861719 0.502083 0.860938 0.500000 0.860156 0.498958 0.860156 0.492708 0.860156 0.491667 0.860938 0.488542 0.860938 0.487500 0.864062 0.486458
0 0.867969 0.539583 0.870313 0.539583 0.871094 0.539583 0.871094 0.543750 0.871094 0.544792 0.869531 0.547917 0.869531 0.548958 0.864844 0.550000 0.864062 0.550000 0.861719 0.544792 0.861719 0.543750 0.867969 0.539583
0 0.985156 0.543750 0.995313 0.544792 0.996094 0.545833 0.996875 0.553125 0.997656 0.554167 0.996875 0.557292 0.996875 0.558333 0.991406 0.563542 0.990625 0.564583 0.988281 0.564583 0.987500 0.564583 0.985156 0.560417 0.984375 0.559375 0.985156 0.543750
0 0.976562 0.533333 0.977344 0.533333 0.978125 0.533333 0.979688 0.538542 0.978906 0.539583 0.975781 0.541667 0.975000 0.542708 0.970313 0.540625 0.969531 0.539583 0.970313 0.535417 0.971094 0.534375 0.976562 0.533333
0 0.804688 0.536458 0.808594 0.537500 0.809375 0.537500 0.813281 0.555208 0.814063 0.556250 0.813281 0.559375 0.812500 0.560417 0.808594 0.559375 0.807813 0.559375 0.805469 0.555208 0.804688 0.554167 0.803906 0.543750 0.803125 0.542708 0.803125 0.539583 0.803125 0.538542 0.804688 0.536458
0 0.664844 0.603125 0.671875 0.606250 0.672656 0.606250 0.675000 0.610417 0.675000 0.611458 0.671094 0.616667 0.670312 0.617708 0.663281 0.620833 0.662500 0.620833 0.657031 0.613542 0.656250 0.612500 0.656250 0.610417 0.656250 0.609375 0.664844 0.603125
0 0.997656 0.455208 0.998437 0.455208 0.999219 0.455208 0.999219 0.465625 0.999219 0.466667 0.989062 0.463542 0.988281 0.462500 0.989062 0.457292 0.989844 0.456250 0.997656 0.455208
0 0.985938 0.764583 0.989844 0.766667 0.990625 0.767708 0.991406 0.771875 0.991406 0.772917 0.989844 0.776042 0.989844 0.777083 0.987500 0.779167 0.986719 0.780208 0.978906 0.779167 0.978125 0.779167 0.977344 0.778125 0.976562 0.777083 0.977344 0.769792 0.977344 0.768750 0.983594 0.766667 0.984375 0.766667 0.985938 0.764583
0 0.928906 0.800000 0.935156 0.801042 0.935937 0.801042 0.937500 0.803125 0.938281 0.804167 0.939063 0.808333 0.939063 0.809375 0.936719 0.810417 0.935937 0.811458 0.930469 0.809375 0.929688 0.809375 0.928125 0.806250 0.927344 0.805208 0.927344 0.803125 0.927344 0.802083 0.928906 0.800000
0 0.612250 0.838829 0.611403 0.836854 0.609287 0.835726 0.609499 0.834315 0.610345 0.833751 0.610768 0.831776 0.610768 0.828109 0.609499 0.824723 0.609499 0.823030 0.609922 0.823030 0.610345 0.822184 0.612884 0.822184 0.612884 0.824441 0.613942 0.828391 0.614154 0.830930 0.613942 0.837137
0 0.614365 0.846729 0.612884 0.847857 0.612461 0.848986 0.610980 0.848986 0.610557 0.848140 0.610134 0.848140 0.609287 0.845318 0.608229 0.843908 0.608229 0.843343 0.609287 0.843061 0.609287 0.840522 0.612038 0.838829 0.615423 0.838829 0.615635 0.844472
0 0.607806 0.821902 0.606325 0.820773 0.605055 0.820773 0.604421 0.819927 0.603997 0.814002 0.602305 0.814002 0.602728 0.811745 0.604844 0.810617 0.609499 0.810617 0.609710 0.817670 0.608018 0.817952 0.608018 0.818516 0.607594 0.818516 0.607594 0.819645
0 0.603929 0.845502 0.605274 0.840871 0.605722 0.839826 0.605722 0.838631 0.605498 0.837884 0.605049 0.837436 0.601352 0.837436 0.600344 0.838182 0.599784 0.838332 0.598999 0.839228 0.598775 0.839676 0.599560 0.841319 0.600120 0.841618 0.600232 0.842365 0.600008 0.843262 0.599111 0.844905 0.599111 0.846399 0.599560 0.847444 0.600008 0.847743 0.603145 0.847743 0.603481 0.846847
0 0.606506 0.833701 0.605386 0.832506 0.599560 0.832506 0.599672 0.830564 0.599560 0.829966 0.598999 0.829518 0.598551 0.829518 0.598439 0.828920 0.598663 0.828323 0.599560 0.827576 0.599784 0.827128 0.600568 0.826381 0.600680 0.825783 0.601016 0.825485 0.601688 0.825186 0.603145 0.824887 0.605386 0.824887 0.605834 0.825783 0.605834 0.826530 0.609419 0.826530 0.609531 0.828920 0.608523 0.828920 0.608299 0.829369 0.608299 0.829966 0.607402 0.829966 0.607514 0.833103
0 0.815625 0.853125 0.817969 0.853125 0.818750 0.853125 0.818750 0.857292 0.818750 0.858333 0.814844 0.864583 0.814063 0.865625 0.809375 0.865625 0.808594 0.865625 0.815625 0.853125
0 0.660937 0.596875 0.662500 0.596875 0.663281 0.596875 0.664062 0.601042 0.664062 0.602083 0.657813 0.609375 0.657031 0.610417 0.651563 0.610417 0.650781 0.610417 0.648438 0.607292 0.647656 0.607292 0.650000 0.604167 0.650781 0.603125 0.660937 0.596875
0 0.630469 0.827083 0.653125 0.828125 0.653906 0.828125 0.657031 0.830208 0.657813 0.831250 0.660937 0.839583 0.660937 0.840625 0.659375 0.842708 0.658594 0.843750 0.652344 0.844792 0.651563 0.845833 0.643750 0.845833 0.642969 0.845833 0.633594 0.841667 0.632812 0.841667 0.631250 0.839583 0.630469 0.838542 0.630469 0.827083
0 0.632031 0.712830 0.635156 0.709375 0.635938 0.709375 0.637500 0.712500 0.638281 0.713542 0.636122 0.714445 0.634539 0.718750 0.631643 0.717982 0.630407 0.716831 0.629914 0.716639 0.628125 0.714583 0.629421 0.714501 0.632607 0.710719
0 0.592969 0.602083 0.594531 0.602083 0.595313 0.602083 0.596875 0.604167 0.597656 0.604167 0.599219 0.612500 0.599219 0.613542 0.596094 0.614583 0.595313 0.614583 0.592187 0.612500 0.591406 0.611458 0.591406 0.604167 0.591406 0.603125 0.592969 0.602083
0 0.511954 0.818234 0.509626 0.819645 0.509415 0.820209 0.506478 0.820186 0.506241 0.820773 0.507933 0.820773 0.507722 0.821902 0.507087 0.821902 0.505817 0.823030 0.504125 0.823030 0.501586 0.819645 0.501374 0.817388 0.501797 0.817388 0.501797 0.816824 0.503490 0.816824 0.504548 0.815131 0.507087 0.812874 0.511530 0.812874 0.511954 0.813156 0.511954 0.814849 0.512377 0.815977
0 0.509415 0.801871 0.506664 0.799896 0.506875 0.793689 0.512377 0.793689 0.512377 0.794536 0.511742 0.795664 0.511742 0.799050 0.511319 0.801307
0 0.835156 0.579167 0.837500 0.579167 0.838281 0.579167 0.839844 0.583333 0.840625 0.584375 0.839844 0.586458 0.839844 0.587500 0.837500 0.589583 0.836719 0.590625 0.834514 0.591424 0.832199 0.590810 0.832031 0.582292 0.832812 0.582292 0.835156 0.579167
0 0.055469 0.678125 0.061719 0.679167 0.061719 0.680208 0.060156 0.683333 0.059375 0.684375 0.055469 0.684375 0.054688 0.684375 0.053906 0.683333 0.053125 0.683333 0.053125 0.680208 0.053125 0.679167 0.055469 0.678125
0 0.556250 0.256250 0.561719 0.257292 0.562500 0.257292 0.563281 0.261458 0.563281 0.262500 0.562500 0.263542 0.561719 0.264583 0.558594 0.263542 0.557813 0.263542 0.556250 0.261458 0.555469 0.260417 0.556250 0.256250
0 0.432031 0.251042 0.437500 0.251042 0.438281 0.252083 0.436719 0.256250 0.435937 0.257292 0.432031 0.258333 0.431250 0.258333 0.431250 0.254167 0.430469 0.253125 0.432031 0.251042
0 0.437500 0.278125 0.439063 0.278125 0.439844 0.278125 0.442188 0.281250 0.442969 0.282292 0.446875 0.283333 0.447656 0.283333 0.446875 0.285417 0.446875 0.286458 0.442969 0.289583 0.442188 0.290625 0.436719 0.290625 0.435937 0.290625 0.434375 0.288542 0.433594 0.287500 0.433594 0.284375 0.433594 0.283333 0.437500 0.278125
0 0.500781 0.309375 0.503906 0.310417 0.504687 0.310417 0.506250 0.312500 0.507031 0.313542 0.507031 0.317708 0.507031 0.318750 0.503125 0.319792 0.502344 0.319792 0.498437 0.322917 0.497656 0.322917 0.496875 0.319792 0.496875 0.318750 0.500781 0.309375
0 0.524219 0.244792 0.528906 0.245833 0.529687 0.246875 0.528906 0.254167 0.528125 0.255208 0.525781 0.256250 0.525000 0.256250 0.523438 0.254167 0.522656 0.253125 0.521875 0.248958 0.521094 0.247917 0.524219 0.244792
0 0.542188 0.351042 0.545312 0.351042 0.546094 0.351042 0.548438 0.355208 0.549219 0.356250 0.548438 0.357292 0.547656 0.358333 0.542188 0.357292 0.541406 0.357292 0.540625 0.356250 0.540625 0.355208 0.542188 0.351042
0 0.413281 0.277083 0.415625 0.277083 0.416406 0.277083 0.418750 0.279167 0.419531 0.280208 0.420312 0.283333 0.421094 0.284375 0.420312 0.287500 0.419531 0.288542 0.414062 0.288542 0.413281 0.287500 0.413281 0.277083
0 0.484375 0.197917 0.485938 0.197917 0.486719 0.198958 0.489844 0.208333 0.490625 0.209375 0.489844 0.212500 0.489844 0.213542 0.486719 0.215625 0.485938 0.216667 0.483594 0.213542 0.482812 0.212500 0.484375 0.197917
0 0.442188 0.715625 0.451562 0.716667 0.452344 0.716667 0.466406 0.722917 0.467187 0.722917 0.471875 0.727083 0.472656 0.727083 0.474219 0.731250 0.474219 0.732292 0.467187 0.737500 0.466406 0.738542 0.462500 0.739583 0.461719 0.740625 0.446094 0.744792 0.445312 0.745833 0.438281 0.744792 0.437500 0.744792 0.436719 0.743750 0.435937 0.742708 0.436719 0.722917 0.436719 0.721875 0.437500 0.718750 0.438281 0.717708 0.442188 0.715625
0 0.532031 0.291667 0.533594 0.291667 0.534375 0.292708 0.532031 0.313542 0.532031 0.314583 0.525000 0.318750 0.524219 0.318750 0.522656 0.317708 0.521875 0.316667 0.521094 0.311458 0.521094 0.310417 0.527344 0.304167 0.528125 0.303125 0.529687 0.294792 0.529687 0.293750 0.532031 0.291667
0 0.576562 0.310417 0.576562 0.311458 0.577344 0.312500 0.578906 0.312500 0.579688 0.313542 0.580469 0.317708 0.581250 0.318750 0.579688 0.325000 0.579688 0.326042 0.578125 0.325000 0.577344 0.323958 0.576562 0.310417
0 0.585938 0.505208 0.589063 0.505208 0.589844 0.505208 0.594531 0.511458 0.595313 0.512500 0.593750 0.518750 0.592969 0.519792 0.583594 0.516667 0.582812 0.515625 0.582031 0.513542 0.582031 0.512500 0.585938 0.505208
0 0.446875 0.551042 0.473438 0.551042 0.474219 0.551042 0.475000 0.555208 0.475000 0.556250 0.471875 0.564583 0.471094 0.565625 0.470313 0.571875 0.470313 0.572917 0.464062 0.576042 0.463281 0.577083 0.463281 0.589583 0.462500 0.590625 0.449219 0.589583 0.448437 0.589583 0.442188 0.591667 0.441406 0.591667 0.439844 0.593750 0.439063 0.594792 0.435156 0.595833 0.434375 0.595833 0.428906 0.591667 0.428125 0.590625 0.432031 0.565625 0.432031 0.564583 0.435937 0.554167 0.436719 0.553125 0.446875 0.551042
0 0.580626 0.531401 0.580626 0.530384 0.580817 0.529748 0.581771 0.529112 0.581866 0.528603 0.582915 0.526823 0.583678 0.524408 0.583678 0.523009 0.582915 0.521737 0.582820 0.520975 0.582533 0.520466 0.582343 0.519449 0.581771 0.519195 0.581294 0.519195 0.579387 0.522500 0.577861 0.524535 0.577384 0.524408 0.576430 0.524535 0.576049 0.525552 0.576049 0.526188 0.575667 0.526696 0.574905 0.527078 0.574619 0.527459 0.574523 0.530002 0.574905 0.531655 0.574905 0.532291 0.574714 0.532799 0.573760 0.532926 0.572997 0.533435 0.572997 0.534198 0.573379 0.536105 0.573760 0.536359 0.576526 0.537249 0.579196 0.537249 0.580531 0.536741 0.580912 0.536359 0.581103 0.535597 0.581103 0.533562 0.580626 0.532672 0.580245 0.532545 0.579959 0.532164
0 0.573543 0.525071 0.572238 0.523911 0.571694 0.523041 0.571694 0.521010 0.571042 0.520430 0.571042 0.517965 0.571803 0.517530 0.572673 0.516660 0.573217 0.515500 0.573543 0.515935 0.573978 0.516950 0.574413 0.517240 0.574957 0.518110 0.576479 0.518110 0.577023 0.518255 0.577241 0.518690 0.577132 0.519995 0.575718 0.521881 0.574957 0.523476 0.574848 0.524056 0.574413 0.524056
0 0.569946 0.517033 0.568515 0.516779 0.566513 0.516779 0.566418 0.514363 0.566036 0.513092 0.565941 0.511693 0.566418 0.511439 0.569088 0.511311 0.570899 0.511439 0.570899 0.514236 0.570709 0.515126 0.570709 0.516524
0 0.557012 0.534641 0.555272 0.534206 0.553967 0.534206 0.553097 0.533916 0.551792 0.533191 0.551030 0.532466 0.549617 0.532321 0.548855 0.531596 0.548855 0.531016 0.548638 0.530581 0.548203 0.530436 0.546898 0.530436 0.546245 0.529856 0.546028 0.529421 0.545593 0.529276 0.545375 0.528841 0.545701 0.528406 0.546136 0.528406 0.546463 0.528116 0.547768 0.528116 0.548094 0.526521 0.548311 0.526086 0.548311 0.525506 0.548638 0.525216 0.550813 0.526086 0.551139 0.526376 0.551574 0.526376 0.552553 0.527536 0.554402 0.527536 0.554946 0.528261 0.555054 0.528986 0.555272 0.529421 0.555272 0.530001 0.555598 0.530436 0.556142 0.530581 0.556577 0.531016 0.557012 0.531016 0.557665 0.531596 0.557773 0.533916
0 0.380469 0.252083 0.387500 0.255208 0.388281 0.256250 0.388281 0.257292 0.388281 0.258333 0.384375 0.264583 0.383594 0.265625 0.379688 0.263542 0.378906 0.262500 0.380469 0.252083
0 0.436719 0.310417 0.442188 0.310417 0.442969 0.310417 0.443750 0.313542 0.443750 0.314583 0.440625 0.318750 0.439844 0.319792 0.437500 0.319792 0.436719 0.319792 0.435937 0.318750 0.435156 0.317708 0.435156 0.313542 0.435156 0.312500 0.436719 0.310417
0 0.463281 0.300000 0.465625 0.300000 0.466406 0.301042 0.465625 0.307292 0.464844 0.308333 0.457813 0.308333 0.457031 0.308333 0.452344 0.311458 0.451562 0.312500 0.447656 0.310417 0.446875 0.310417 0.446875 0.309375 0.446875 0.308333 0.450000 0.306250 0.450781 0.305208 0.454688 0.305208 0.455469 0.305208 0.463281 0.300000
0 0.407813 0.206250 0.408594 0.206250 0.409375 0.206250 0.410938 0.210417 0.410156 0.211458 0.407031 0.210417 0.406250 0.209375 0.407813 0.206250
0 0.414062 0.210417 0.417969 0.211458 0.418750 0.211458 0.418750 0.213542 0.418750 0.214583 0.417187 0.215625 0.416406 0.216667 0.414062 0.215625 0.413281 0.215625 0.412500 0.212500 0.412500 0.211458 0.414062 0.210417
0 0.414844 0.187500 0.415625 0.187500 0.416406 0.188542 0.415625 0.192708 0.414844 0.193750 0.416406 0.205208 0.416406 0.206250 0.415625 0.207292 0.415625 0.208333 0.414062 0.208333 0.413281 0.208333 0.411719 0.206250 0.410938 0.205208 0.410156 0.193750 0.410156 0.192708 0.410938 0.190625 0.411719 0.189583 0.414844 0.187500
0 0.428906 0.264583 0.429688 0.264583 0.430469 0.264583 0.431250 0.267708 0.431250 0.268750 0.429688 0.270833 0.428906 0.271875 0.427344 0.271875 0.426563 0.271875 0.425781 0.268750 0.425781 0.267708 0.428906 0.264583
0 0.422656 0.256250 0.424219 0.262500 0.424219 0.263542 0.423438 0.264583 0.422656 0.265625 0.416406 0.266667 0.415625 0.266667 0.414062 0.263542 0.414062 0.262500 0.421094 0.258333 0.421875 0.258333 0.422656 0.256250
0 0.297656 0.176042 0.300781 0.176042 0.301563 0.176042 0.303125 0.179167 0.303125 0.180208 0.302344 0.181250 0.301563 0.182292 0.299219 0.182292 0.298438 0.182292 0.297656 0.181250 0.296875 0.180208 0.297656 0.176042
0 0.192188 0.071875 0.196094 0.072917 0.196875 0.072917 0.197656 0.076042 0.197656 0.077083 0.192969 0.076042 0.192188 0.076042 0.192188 0.071875
0 0.392969 0.050000 0.397656 0.051042 0.398438 0.052083 0.398438 0.060417 0.397656 0.061458 0.395313 0.061458 0.394531 0.061458 0.392969 0.059375 0.392188 0.058333 0.391406 0.053125 0.391406 0.052083 0.392969 0.050000
0 0.465625 0.158333 0.469531 0.159375 0.470313 0.159375 0.481250 0.166667 0.482031 0.166667 0.482812 0.168750 0.483594 0.169792 0.482812 0.203125 0.482031 0.204167 0.483594 0.214583 0.483594 0.215625 0.481250 0.220833 0.481250 0.221875 0.478906 0.223958 0.478125 0.225000 0.474219 0.221875 0.473438 0.221875 0.467969 0.211458 0.467187 0.210417 0.453125 0.210417 0.452344 0.210417 0.455469 0.190625 0.455469 0.189583 0.462500 0.169792 0.463281 0.168750 0.465625 0.158333
0 0.578906 0.087500 0.582812 0.088542 0.583594 0.089583 0.582031 0.097917 0.581250 0.098958 0.575000 0.096875 0.574219 0.095833 0.575000 0.092708 0.575000 0.091667 0.578906 0.087500
0 0.476562 0.132292 0.480469 0.132292 0.481250 0.132292 0.482812 0.136458 0.482812 0.137500 0.480469 0.138542 0.479687 0.139583 0.475781 0.138542 0.475000 0.138542 0.474219 0.136458 0.474219 0.135417 0.476562 0.132292
0 0.560156 0.185417 0.561719 0.186458 0.562500 0.187500 0.561719 0.194792 0.560937 0.195833 0.560156 0.195833 0.559375 0.195833 0.556250 0.190625 0.555469 0.189583 0.555469 0.188542 0.556250 0.187500 0.560156 0.185417
0 0.505469 0.756250 0.509375 0.756250 0.510156 0.756250 0.510938 0.757292 0.511719 0.757292 0.511719 0.760417 0.512598 0.762843 0.503888 0.762417 0.503906 0.761458 0.503125 0.758333 0.503125 0.757292 0.505469 0.756250
0 0.642969 0.734375 0.646875 0.736458 0.647656 0.737500 0.647656 0.739583 0.647656 0.740625 0.644531 0.742708 0.643750 0.743750 0.640625 0.742708 0.639844 0.741667 0.642969 0.734375
0 0.046094 0.054167 0.048438 0.055208 0.049219 0.055208 0.052344 0.059375 0.053125 0.060417 0.056250 0.070833 0.055469 0.071875 0.051562 0.071875 0.050781 0.071875 0.042969 0.065625 0.042188 0.064583 0.042969 0.059375 0.042969 0.058333 0.046094 0.054167
0 0.297656 0.358333 0.300000 0.359375 0.300781 0.360417 0.300000 0.364583 0.299219 0.365625 0.297656 0.366667 0.296875 0.367708 0.290625 0.366667 0.289844 0.366667 0.292187 0.362500 0.292969 0.361458 0.297656 0.358333
0 0.077344 0.032292 0.078125 0.032292 0.078906 0.032292 0.079687 0.034375 0.080469 0.035417 0.080469 0.063542 0.080469 0.064583 0.072656 0.082292 0.072656 0.083333 0.067969 0.086458 0.067187 0.086458 0.065625 0.085417 0.064844 0.085417 0.064844 0.076042 0.064844 0.075000 0.068750 0.056250 0.068750 0.055208 0.077344 0.032292
0 0.069587 0.230462 0.071094 0.231250 0.071875 0.232292 0.071875 0.236458 0.071875 0.237500 0.070312 0.238542 0.069531 0.239583 0.067969 0.239583 0.067187 0.239583 0.066406 0.237500 0.066838 0.236099 0.067108 0.233407 0.066704 0.231467 0.068238 0.230642
0 0.063281 0.214583 0.066406 0.219792 0.067187 0.220833 0.067187 0.223958 0.067187 0.225000 0.064844 0.226042 0.064062 0.227083 0.060937 0.226042 0.060156 0.226042 0.060156 0.221875 0.060156 0.220833 0.063281 0.214583
0 0.056250 0.205208 0.058594 0.205208 0.059375 0.205208 0.062500 0.211458 0.062500 0.212500 0.055469 0.214583 0.054688 0.214583 0.053906 0.213542 0.053125 0.212500 0.053125 0.209375 0.053125 0.208333 0.056250 0.205208
0 0.368750 0.127083 0.375000 0.128125 0.375781 0.128125 0.375781 0.133333 0.375781 0.134375 0.374219 0.135417 0.373437 0.136458 0.369531 0.136458 0.368750 0.136458 0.367969 0.135417 0.367188 0.134375 0.367188 0.130208 0.367188 0.129167 0.368750 0.127083
0 0.189062 0.331250 0.190625 0.332292 0.191406 0.333333 0.193750 0.343750 0.194531 0.344792 0.193750 0.353125 0.193750 0.354167 0.192188 0.354167 0.191406 0.353125 0.191406 0.348958 0.190625 0.347917 0.192188 0.340625 0.192188 0.339583 0.190625 0.338542 0.189844 0.338542 0.188281 0.335417 0.187500 0.334375 0.189062 0.331250
0 0.134375 0.613542 0.145313 0.621875 0.146094 0.621875 0.146875 0.625000 0.146875 0.626042 0.131250 0.626042 0.130469 0.626042 0.129688 0.621875 0.129688 0.620833 0.131250 0.617708 0.131250 0.616667 0.134375 0.613542
0 0.081169 0.777046 0.078705 0.781676 0.078257 0.781825 0.076913 0.781825 0.076017 0.782273 0.075121 0.782422 0.074673 0.781825 0.074001 0.780332 0.073777 0.778988 0.073777 0.777494 0.073553 0.776300 0.073329 0.775852 0.072545 0.775404 0.071985 0.773911 0.071985 0.770327 0.075793 0.770327 0.076353 0.770177 0.076689 0.769879 0.078705 0.769431 0.079153 0.769132 0.079601 0.769132 0.080833 0.768087 0.081281 0.767937 0.082177 0.768087 0.082513 0.768535 0.082625 0.769729 0.082737 0.775254 0.082625 0.775852 0.081617 0.775852
0 0.037154 0.742850 0.036034 0.742103 0.033682 0.739863 0.033346 0.739415 0.033234 0.738818 0.033234 0.736876 0.031890 0.736876 0.031442 0.735831 0.031442 0.735234 0.030994 0.734786 0.030098 0.734636 0.029986 0.734039 0.029986 0.732844 0.030882 0.732844 0.031890 0.732546 0.033346 0.732546 0.034802 0.733292 0.036146 0.733442 0.036482 0.733890 0.036930 0.734039 0.037602 0.735383 0.038722 0.738220 0.038722 0.739863 0.038386 0.741058 0.038050 0.741655 0.037938 0.744044
0 0.114769 0.788545 0.114545 0.791980 0.114545 0.798699 0.114881 0.799148 0.115889 0.798998 0.116561 0.798102 0.117345 0.797654 0.117681 0.797206 0.118577 0.797206 0.118577 0.796609 0.119025 0.796310 0.119921 0.796310 0.120257 0.796012 0.120257 0.794817 0.120481 0.793473 0.120481 0.791681 0.120257 0.791233 0.119585 0.790636 0.119025 0.790486 0.118801 0.790038 0.118129 0.789441 0.117681 0.789292 0.117457 0.788844 0.117009 0.788694 0.115665 0.788694
0 0.132410 0.738700 0.131264 0.737044 0.130404 0.735260 0.129926 0.735260 0.129639 0.735642 0.129162 0.735642 0.127442 0.733095 0.127442 0.730547 0.128015 0.729655 0.129353 0.729018 0.131932 0.728891 0.132506 0.728636 0.134321 0.728381 0.135850 0.728381 0.136136 0.728763 0.136423 0.730419 0.136327 0.731566 0.135372 0.731566 0.135181 0.732075 0.135181 0.733477 0.134799 0.734496 0.134512 0.736152 0.134225 0.736534 0.134225 0.737171 0.133939 0.737553 0.133174 0.738063
0 0.262954 0.590227 0.262774 0.593594 0.261691 0.594316 0.255018 0.594556 0.254116 0.593835 0.253935 0.591430 0.251410 0.588784 0.251410 0.585658 0.251591 0.585177 0.253214 0.585177 0.253394 0.583734 0.254296 0.582291 0.255378 0.582291 0.257723 0.581089 0.257904 0.579886 0.260248 0.577241 0.260789 0.577241 0.262593 0.574836 0.266381 0.574595 0.268726 0.575557 0.268906 0.580608 0.268545 0.581089 0.266020 0.581329 0.264938 0.584215 0.264758 0.587822 0.264216 0.589025
0 0.370595 0.364717 0.371094 0.363387 0.371468 0.362889 0.371842 0.361725 0.372216 0.361393 0.373089 0.361226 0.373089 0.359232 0.372964 0.358567 0.371717 0.357403 0.371343 0.357237 0.369723 0.357237 0.369224 0.357071 0.368850 0.356073 0.368476 0.355741 0.367603 0.355907 0.366107 0.355907 0.365733 0.356073 0.365609 0.356572 0.365609 0.358567 0.365484 0.359232 0.365235 0.359730 0.364362 0.359897 0.363988 0.360229 0.363364 0.360229 0.363115 0.360728 0.362990 0.361891 0.363364 0.361725 0.364362 0.361891 0.365359 0.362556 0.367354 0.362889 0.368476 0.363387 0.368601 0.363886 0.369099 0.364219 0.369224 0.364717 0.369598 0.365050
0 0.389545 0.393142 0.388548 0.395303 0.388423 0.396467 0.387925 0.397464 0.387551 0.397797 0.387301 0.398960 0.382065 0.398960 0.383062 0.398960 0.383436 0.398628 0.384060 0.397298 0.384060 0.395137 0.384434 0.394140 0.384434 0.392145 0.384559 0.391314 0.385057 0.389651 0.385805 0.388488 0.386927 0.387657 0.387052 0.387158 0.387426 0.386992 0.387800 0.387158 0.389047 0.389651 0.389171 0.390150 0.390293 0.390981 0.390293 0.391812
0 0.549380 0.204035 0.549152 0.205251 0.547784 0.205403 0.547556 0.206011 0.547556 0.206771 0.546529 0.207684 0.546073 0.207684 0.545617 0.206771 0.544705 0.206771 0.544477 0.206163 0.544021 0.206011 0.543793 0.205555 0.543793 0.204339 0.544135 0.204035 0.544363 0.203427 0.544021 0.202819 0.544021 0.201602 0.544477 0.201602 0.544933 0.200690 0.545275 0.200386 0.545731 0.200386 0.546187 0.199930 0.547556 0.199930 0.547441 0.200538 0.548012 0.200842 0.548924 0.200842 0.549266 0.201146 0.549266 0.202819
0 0.542539 0.209508 0.540258 0.209508 0.539916 0.209812 0.539460 0.209812 0.539232 0.207836 0.537864 0.207684 0.537864 0.204643 0.537978 0.204035 0.539346 0.204035 0.539460 0.203427 0.539802 0.202819 0.540144 0.201602 0.541056 0.201146 0.541969 0.201146 0.542425 0.202211 0.542425 0.203579 0.542653 0.204035 0.542995 0.204339 0.543223 0.204947 0.543223 0.208140
0 0.581099 0.140972 0.577667 0.139856 0.576830 0.139856 0.576328 0.140079 0.575073 0.140079 0.574236 0.140525 0.572478 0.140525 0.572227 0.140079 0.572227 0.139521 0.572896 0.138405 0.574236 0.136731 0.574487 0.136173 0.575156 0.135503 0.575156 0.134945 0.575491 0.134610 0.576328 0.134275 0.577249 0.134164 0.582271 0.134052 0.582690 0.133829 0.583610 0.132490 0.584364 0.130816 0.585954 0.128026 0.587628 0.125905 0.589386 0.124454 0.590307 0.124008 0.591144 0.123338 0.592985 0.120883 0.593571 0.120436 0.595412 0.119544 0.596501 0.119544 0.596668 0.120771 0.596166 0.122669 0.595998 0.124008 0.595664 0.124454 0.595580 0.125012 0.595161 0.125235 0.594241 0.126240 0.593822 0.126351 0.590893 0.129700 0.589553 0.131597 0.588967 0.132936 0.588130 0.134275 0.587042 0.134722 0.585619 0.135615 0.584280 0.137065 0.583694 0.138293 0.583276 0.138851 0.581853 0.140302
0 0.207474 0.098727 0.206697 0.096136 0.206697 0.094582 0.205337 0.093805 0.205143 0.091732 0.203394 0.091732 0.201839 0.092509 0.201645 0.090696 0.201062 0.089918 0.201256 0.089400 0.202422 0.089400 0.202617 0.086032 0.204171 0.086291 0.204365 0.088364 0.206697 0.088882 0.206891 0.090955 0.209029 0.091991 0.209417 0.095100 0.210195 0.096136 0.211555 0.096654 0.211361 0.098727 0.209612 0.098727
0 0.233392 0.111008 0.231084 0.112239 0.231084 0.112854 0.226008 0.113162 0.225316 0.111623 0.225085 0.109162 0.227854 0.107931 0.228085 0.106701 0.231315 0.106701 0.232238 0.105470 0.233392 0.105470 0.233392 0.106701 0.234545 0.108547
0 0.132047 0.718746 0.130747 0.718746 0.129947 0.719012 0.126348 0.718879 0.124449 0.717013 0.122749 0.717013 0.122049 0.716213 0.121549 0.715013 0.121949 0.714747 0.122349 0.714214 0.123349 0.713680 0.123749 0.713280 0.124149 0.712081 0.124149 0.711547 0.126748 0.711547 0.128748 0.712881 0.132747 0.714747 0.133147 0.715147 0.133147 0.717279 0.132947 0.718346
0 0.042837 0.846224 0.042837 0.855352 0.041737 0.855352 0.041248 0.855189 0.041003 0.854537 0.039536 0.854211 0.039047 0.853885 0.038558 0.852907 0.038558 0.852255 0.037580 0.852255 0.037091 0.851277 0.037336 0.849158 0.037336 0.846550 0.037702 0.846224 0.038680 0.846224 0.038925 0.845735 0.038925 0.844268 0.039414 0.843779 0.039903 0.843779 0.040514 0.843453 0.041614 0.843453 0.041859 0.842964 0.042226 0.842638 0.043326 0.842638 0.043570 0.841986 0.043937 0.841660 0.044059 0.841008 0.044670 0.840030 0.045526 0.842638 0.045526 0.843942 0.044793 0.844594 0.043815 0.844920
0 0.000000 0.478125 0.014844 0.502083 0.015625 0.503125 0.021875 0.515625 0.021875 0.516667 0.025781 0.521875 0.026562 0.522917 0.030469 0.525000 0.031250 0.526042 0.031250 0.528125 0.031250 0.529167 0.025781 0.540625 0.025000 0.541667 0.019531 0.539583 0.018750 0.538542 0.008594 0.539583 0.007812 0.539583 0.000781 0.537500 0.000000 0.537500 0.000000 0.478125
0 0.309727 0.866759 0.309727 0.862540 0.309583 0.861773 0.309295 0.861198 0.309295 0.859856 0.309151 0.859281 0.309439 0.858514 0.310014 0.858322 0.310302 0.857938 0.310733 0.857938 0.311021 0.857555 0.312028 0.857555 0.312459 0.857171 0.313322 0.858322 0.313754 0.858514 0.313897 0.859089 0.314760 0.859472 0.316055 0.859472 0.316918 0.859856 0.318212 0.859856 0.318643 0.860239 0.319650 0.860623 0.320225 0.861390 0.320225 0.865800 0.319794 0.865992 0.310733 0.865992
0 0.653486 0.423883 0.652805 0.422430 0.652396 0.422067 0.652396 0.421522 0.651579 0.421341 0.651307 0.420796 0.651307 0.419525 0.650899 0.419162 0.649265 0.419162 0.649128 0.418618 0.649128 0.417528 0.648720 0.417347 0.648039 0.418436 0.648039 0.419525 0.648448 0.420615 0.648584 0.421704 0.648448 0.422249 0.648039 0.422612 0.647903 0.423156 0.647086 0.424246 0.647086 0.425335 0.648448 0.426061 0.649401 0.426787 0.650082 0.427877 0.650218 0.428603 0.650490 0.429148 0.650899 0.429329 0.651307 0.428966 0.651715 0.428421 0.651988 0.427695 0.652396 0.427332 0.652941 0.425517
0 0.733278 0.433142 0.731780 0.432960 0.728784 0.432234 0.727831 0.432234 0.727423 0.431871 0.726470 0.431871 0.725244 0.431145 0.724972 0.430418 0.724972 0.428603 0.725516 0.426606 0.725516 0.426061 0.725789 0.425517 0.725925 0.424064 0.726197 0.423156 0.726197 0.420252 0.728648 0.420252 0.729193 0.420433 0.730010 0.420433 0.730555 0.420070 0.731916 0.418073 0.732325 0.418073 0.733414 0.418799 0.733550 0.419344 0.733550 0.422067 0.733278 0.423883 0.733005 0.424609 0.733005 0.431326
0 0.732189 0.460919 0.732189 0.462553 0.731780 0.462916 0.731644 0.463461 0.731644 0.464732 0.731099 0.466003 0.730963 0.466729 0.730282 0.468000 0.729465 0.468726 0.729057 0.468726 0.729057 0.468181 0.728376 0.467092 0.728240 0.466547 0.728240 0.462735 0.728104 0.462190 0.727831 0.461645 0.727150 0.461101 0.725925 0.459285 0.725244 0.458741 0.724155 0.457288 0.723746 0.457107 0.723202 0.456562 0.722793 0.455836 0.722385 0.455654 0.722385 0.455110 0.723066 0.454565 0.723474 0.454383 0.724019 0.453839 0.724427 0.453839 0.725244 0.453476 0.725789 0.453476 0.726606 0.453839 0.727423 0.453839 0.727967 0.453657 0.728240 0.453112 0.728784 0.452568 0.729193 0.452386 0.730010 0.452386 0.731916 0.453294 0.734095 0.453294 0.734503 0.453476 0.734912 0.453839 0.735048 0.454928 0.735048 0.457288 0.734231 0.457288 0.734095 0.457833 0.734095 0.460011 0.733142 0.460193
0 0.673269 0.483589 0.671488 0.482995 0.670448 0.482203 0.670300 0.481609 0.670300 0.479036 0.670151 0.478442 0.669706 0.478046 0.668667 0.476462 0.668221 0.476264 0.668221 0.473097 0.668073 0.472305 0.667330 0.470326 0.666736 0.469336 0.666588 0.468544 0.666143 0.468148 0.666143 0.466960 0.666440 0.466564 0.667330 0.463991 0.667627 0.463595 0.668518 0.463595 0.669112 0.464387 0.670300 0.464783 0.674160 0.464783 0.674308 0.465377 0.674605 0.465773 0.675496 0.466367 0.676239 0.467554 0.676239 0.471513 0.676090 0.472305 0.676090 0.473691 0.675942 0.474285 0.675942 0.481213 0.675051 0.481411 0.674902 0.482005 0.674457 0.482005
0 0.682177 0.469930 0.681286 0.468742 0.681138 0.468148 0.678762 0.466564 0.678911 0.461418 0.679356 0.461418 0.679802 0.461022 0.680693 0.460824 0.680989 0.460428 0.682029 0.460428 0.682177 0.461220 0.682771 0.462803 0.683365 0.463991 0.683959 0.464783 0.684404 0.464981 0.685592 0.464981 0.686037 0.465179 0.686631 0.465179 0.687225 0.465971 0.687374 0.466564 0.687374 0.468544 0.686928 0.468544 0.686780 0.469138 0.685444 0.469930 0.684404 0.471118 0.683513 0.471316 0.683216 0.470920
0 0.554260 0.450600 0.554028 0.445958 0.553680 0.445029 0.553215 0.444410 0.553099 0.443791 0.553680 0.443172 0.555305 0.442398 0.556930 0.442089 0.557278 0.441779 0.558903 0.441160 0.559367 0.441470 0.559947 0.442398 0.561108 0.446886 0.561224 0.448279 0.560992 0.448743 0.560063 0.448743 0.558554 0.449362 0.557394 0.450446 0.556930 0.450446 0.555653 0.451529 0.554724 0.451684
0 0.583114 0.487223 0.582026 0.486933 0.581591 0.486643 0.580503 0.485773 0.579851 0.484903 0.580068 0.484323 0.580938 0.483888 0.581265 0.483453 0.582026 0.481858 0.582679 0.481858 0.583005 0.482148 0.583984 0.482438 0.584201 0.482873 0.584745 0.482873 0.584854 0.484033 0.584527 0.484323 0.584310 0.484903 0.583657 0.488239 0.583440 0.488674
0 0.585289 0.481568 0.582570 0.479828 0.581156 0.478668 0.580612 0.478813 0.580503 0.478088 0.580503 0.475478 0.580177 0.474173 0.580177 0.473013 0.581156 0.471853 0.581265 0.471273 0.581591 0.471853 0.581808 0.473738 0.582244 0.474753 0.583331 0.475333 0.584201 0.475478 0.584527 0.475768 0.586050 0.475913 0.586159 0.476493 0.586159 0.481713
0 0.436254 0.533680 0.435693 0.534213 0.435293 0.534320 0.433052 0.534427 0.432652 0.534213 0.432091 0.532719 0.431771 0.531332 0.431771 0.530798 0.432091 0.530478 0.432652 0.530158 0.433052 0.530158 0.433372 0.529838 0.433372 0.529304 0.433212 0.528771 0.432892 0.528344 0.433132 0.527810 0.433532 0.527383 0.434733 0.526850 0.436734 0.526956 0.437214 0.527917 0.437294 0.528450 0.437374 0.532292 0.437214 0.533573 0.436494 0.534960 0.436173 0.535280
0 0.447219 0.533146 0.445858 0.532826 0.443377 0.532719 0.442977 0.531439 0.442977 0.530371 0.442737 0.529304 0.442977 0.528237 0.443857 0.527917 0.444658 0.528130 0.444818 0.527597 0.444898 0.526316 0.446258 0.525569 0.448099 0.525782 0.450020 0.526850 0.450340 0.527170 0.450660 0.528344 0.450660 0.529411 0.450500 0.530051 0.450020 0.530585 0.449380 0.531759 0.448019 0.533359 0.446899 0.532399
0 0.415594 0.528548 0.414881 0.531534 0.413863 0.534249 0.413558 0.534657 0.410809 0.533435 0.410809 0.534521 0.410503 0.534928 0.409994 0.534928 0.409587 0.535200 0.407958 0.535200 0.407551 0.534928 0.407347 0.532213 0.408467 0.531399 0.409180 0.530584 0.409281 0.530041 0.409994 0.529226 0.409994 0.528276 0.410198 0.527733 0.412030 0.526783 0.412438 0.526104 0.412438 0.525018 0.413659 0.525018 0.414067 0.525290 0.414678 0.526376 0.414678 0.526919 0.414983 0.527462 0.416409 0.529091 0.416816 0.529226
0 0.410198 0.503569 0.409281 0.503297 0.407958 0.501940 0.407551 0.501261 0.407551 0.497460 0.407652 0.496781 0.407958 0.496238 0.407958 0.495152 0.408263 0.494609 0.409790 0.493659 0.410198 0.494202 0.410198 0.495424 0.411114 0.496102 0.411827 0.497731 0.412132 0.500311 0.412438 0.501668 0.412743 0.502076 0.412743 0.502619 0.412030 0.503297 0.411623 0.503297 0.410401 0.504791 0.409994 0.504791
0 0.432068 0.460204 0.426815 0.460204 0.426501 0.459890 0.426501 0.459368 0.426266 0.458949 0.425874 0.458949 0.425639 0.458531 0.425639 0.457486 0.424934 0.456963 0.424855 0.456441 0.426266 0.455291 0.426031 0.454768 0.426266 0.454350 0.427286 0.455395 0.427677 0.455604 0.428148 0.455604 0.428618 0.455291 0.429794 0.455918 0.430657 0.455918 0.430814 0.457068 0.431284 0.457904 0.432460 0.458740 0.432460 0.459263
0 0.489103 0.564628 0.489641 0.561276 0.489641 0.560637 0.490060 0.560078 0.491797 0.559200 0.492395 0.558322 0.492934 0.558003 0.493413 0.558003 0.493413 0.557444 0.493712 0.556726 0.494072 0.556406 0.494910 0.556327 0.495808 0.556965 0.496706 0.557205 0.498622 0.557205 0.501555 0.557684 0.501795 0.558163 0.501675 0.558881 0.500657 0.559519 0.499460 0.559759 0.497604 0.559759 0.497125 0.560078 0.496167 0.561515 0.495149 0.562154 0.492455 0.563112 0.491617 0.563191 0.490839 0.564389 0.490001 0.566225 0.489641 0.566544 0.489222 0.566544 0.488863 0.566145 0.488923 0.565506
0 0.562370 0.616500 0.562232 0.615761 0.560707 0.611695 0.560291 0.611695 0.561262 0.610956 0.562578 0.610586 0.562786 0.610032 0.563341 0.609570 0.564380 0.609385 0.564727 0.609015 0.565628 0.607444 0.566251 0.604765 0.566598 0.604487 0.567014 0.604487 0.567637 0.603748 0.568538 0.601438 0.568469 0.600884 0.568192 0.600422 0.566944 0.599590 0.566529 0.599498 0.565558 0.599867 0.563826 0.600052 0.562648 0.602455 0.562093 0.603286 0.561677 0.603656 0.560846 0.603748 0.560499 0.604026 0.560153 0.604487 0.559321 0.606705 0.558143 0.607352 0.557450 0.608368 0.557034 0.609847 0.556411 0.610678 0.556272 0.611233 0.556272 0.613912 0.556549 0.615761 0.557658 0.618440 0.558559 0.619549 0.559183 0.619734 0.560569 0.619734 0.561539 0.619364 0.562509 0.618440 0.562925 0.617331 0.562925 0.616777
0 0.585641 0.623030 0.584559 0.621748 0.584139 0.621748 0.583358 0.620627 0.583298 0.619986 0.583418 0.618544 0.582998 0.618224 0.582457 0.618464 0.581916 0.618464 0.581616 0.617984 0.581556 0.617423 0.581916 0.615501 0.581916 0.614059 0.582096 0.613578 0.582637 0.613578 0.582277 0.612136 0.582277 0.611576 0.582457 0.611095 0.583478 0.610855 0.584619 0.611816 0.584920 0.612216 0.585040 0.612777 0.587443 0.613658 0.587924 0.614059 0.588284 0.615981 0.589065 0.618304 0.589125 0.619425 0.588524 0.620146 0.587263 0.621107 0.586962 0.621588 0.586782 0.623270 0.586362 0.623590
0 0.595192 0.598199 0.593510 0.598199 0.593090 0.597879 0.592970 0.596597 0.592669 0.596197 0.592489 0.595636 0.591648 0.595476 0.591708 0.594915 0.592009 0.594515 0.592489 0.594435 0.592910 0.594595 0.593150 0.594114 0.593210 0.593554 0.593751 0.593073 0.595192 0.592592 0.595613 0.592272 0.596034 0.592592 0.596334 0.594274 0.596995 0.595236 0.596514 0.597639 0.596214 0.598039 0.595733 0.598039
0 0.096607 0.713413 0.096607 0.711115 0.095981 0.709444 0.094884 0.707982 0.093944 0.707982 0.093474 0.709235 0.091437 0.709026 0.091123 0.709444 0.091123 0.710906 0.091907 0.713831 0.092533 0.715294 0.093787 0.716338 0.095197 0.716338 0.096294 0.715294 0.097234 0.715085
0 0.293750 0.817708 0.302344 0.817708 0.303125 0.818750 0.303906 0.825000 0.303906 0.826042 0.302344 0.830208 0.301563 0.831250 0.297656 0.832292 0.296875 0.832292 0.290625 0.830208 0.289844 0.829167 0.289844 0.825000 0.289844 0.823958 0.293750 0.817708
0 0.278125 0.828125 0.282813 0.831250 0.283594 0.832292 0.284375 0.837500 0.285156 0.838542 0.284375 0.843750 0.284375 0.844792 0.278906 0.848958 0.278125 0.850000 0.271875 0.852083 0.271094 0.853125 0.265625 0.852083 0.264844 0.852083 0.264062 0.846875 0.264062 0.845833 0.268750 0.834375 0.268750 0.833333 0.270313 0.831250 0.271094 0.830208 0.278125 0.828125
0 0.321094 0.788542 0.327344 0.792708 0.328125 0.793750 0.328125 0.798958 0.328125 0.800000 0.325781 0.805208 0.325000 0.806250 0.318750 0.810417 0.317969 0.810417 0.315625 0.807292 0.314844 0.806250 0.314063 0.801042 0.314063 0.800000 0.317188 0.792708 0.317188 0.791667 0.321094 0.788542
0 0.457813 0.764583 0.466406 0.766667 0.467187 0.766667 0.481250 0.772917 0.482031 0.773958 0.502344 0.777083 0.503125 0.777083 0.503906 0.778125 0.504687 0.779167 0.503906 0.782292 0.503906 0.783333 0.495312 0.808333 0.495312 0.809375 0.492969 0.810417 0.492188 0.810417 0.488281 0.808333 0.487500 0.808333 0.482812 0.805208 0.482031 0.804167 0.451562 0.791667 0.450781 0.791667 0.442188 0.785417 0.441406 0.785417 0.440625 0.783333 0.439844 0.782292 0.440625 0.777083 0.441406 0.776042 0.457813 0.764583
0 0.435156 0.775000 0.438281 0.775000 0.439063 0.775000 0.439063 0.778125 0.439063 0.779167 0.433594 0.785417 0.432812 0.786458 0.429688 0.793750 0.429688 0.794792 0.421875 0.806250 0.421875 0.807292 0.415625 0.814583 0.414844 0.815625 0.411719 0.816667 0.410938 0.816667 0.410938 0.814583 0.410938 0.813542 0.415625 0.805208 0.416406 0.804167 0.419363 0.801811 0.421627 0.797455 0.422310 0.791489 0.426846 0.791063 0.435156 0.775000
0 0.150327 0.820597 0.149350 0.818773 0.147982 0.817731 0.147982 0.816688 0.147591 0.816428 0.147395 0.816949 0.143682 0.816949 0.143682 0.814082 0.144855 0.812258 0.149350 0.812780 0.149936 0.814343 0.151500 0.814604 0.152086 0.817991 0.153454 0.819294 0.153454 0.821379 0.151890 0.821639
0 0.502344 0.847917 0.505469 0.850000 0.506250 0.850000 0.507031 0.851042 0.507812 0.852083 0.507812 0.855208 0.507812 0.856250 0.504687 0.863542 0.503906 0.864583 0.498437 0.864583 0.497656 0.864583 0.496875 0.862500 0.496094 0.861458 0.496094 0.856250 0.496094 0.855208 0.502344 0.847917
0 0.076798 0.102892 0.073513 0.102892 0.073513 0.101953 0.072574 0.099451 0.072574 0.095071 0.075624 0.094132 0.078205 0.094132 0.078205 0.093506 0.078909 0.093194 0.079144 0.098199 0.078909 0.100076 0.077971 0.100702
0 0.159624 0.085998 0.156104 0.080992 0.156104 0.079741 0.157043 0.079428 0.157043 0.078803 0.157982 0.078177 0.160093 0.075361 0.167132 0.075048 0.167132 0.084434 0.162205 0.084747 0.161501 0.086624
0 0.005938 0.103830 0.003826 0.107272 0.003357 0.107272 0.002888 0.108523 0.000072 0.108523 0.000000 0.104769 0.000306 0.103205 0.000776 0.102892 0.004061 0.103205
0 0.145197 0.175722 0.137117 0.175722 0.135832 0.176702 0.134730 0.176702 0.133629 0.175722 0.132527 0.175722 0.132343 0.175233 0.128487 0.172784 0.128120 0.171315 0.128120 0.168132 0.131241 0.167887 0.134914 0.170091 0.135098 0.170581 0.136199 0.170581 0.137485 0.167398 0.139872 0.165439 0.147217 0.165684 0.147401 0.167643 0.147033 0.168867 0.147033 0.171805 0.147952 0.173274 0.148135 0.174498 0.147584 0.175233 0.146666 0.175478
0 0.797656 0.769792 0.799219 0.769792 0.800000 0.769792 0.803125 0.772917 0.803906 0.773958 0.805391 0.782065 0.803125 0.781250 0.800781 0.781250 0.800000 0.781250 0.797656 0.779167 0.796875 0.778125 0.796094 0.772917 0.796094 0.771875 0.797656 0.769792
0 0.794624 0.723164 0.796968 0.724206 0.797749 0.724206 0.800294 0.723566 0.801539 0.742802 0.800982 0.754754 0.800147 0.766687 0.778999 0.789831 0.773484 0.799114 0.766778 0.808777 0.764643 0.811923 0.762817 0.812098 0.760643 0.809746 0.757905 0.802331 0.757124 0.801289 0.752437 0.784623 0.751655 0.783581 0.752437 0.753373 0.752437 0.752331 0.753218 0.750248 0.753999 0.749206 0.759468 0.746081 0.760249 0.745039 0.767280 0.729414 0.768062 0.728373 0.785249 0.727331 0.786030 0.727331 0.794624 0.723164
0 0.192767 0.205222 0.189692 0.205906 0.189179 0.207273 0.188154 0.207273 0.187642 0.207045 0.186958 0.205222 0.186958 0.202716 0.188667 0.202033 0.191913 0.202033 0.192596 0.200666 0.193621 0.200666 0.193621 0.203400
0 0.251712 0.180392 0.250687 0.176974 0.249661 0.175380 0.249491 0.174013 0.250687 0.171507 0.252737 0.171279 0.252395 0.174924 0.253933 0.176747 0.253933 0.181075 0.253079 0.181531
0 0.252566 0.222536 0.251370 0.227319 0.248295 0.226864 0.247611 0.224358 0.247611 0.221852 0.248636 0.221396 0.250003 0.219802 0.251028 0.219802 0.252395 0.220713
0 0.234797 0.136881 0.234626 0.138703 0.233601 0.140754 0.233260 0.147360 0.232405 0.147588 0.229330 0.145993 0.228476 0.144171 0.230355 0.139614 0.230355 0.136425 0.228817 0.138703 0.227280 0.138703 0.227109 0.135286 0.229672 0.133464 0.231722 0.132780 0.232576 0.131869 0.233601 0.131869 0.234626 0.132325 0.235993 0.135514
0 0.180328 0.369815 0.181844 0.370573 0.181844 0.373858 0.182981 0.374111 0.183740 0.375880 0.183740 0.379924 0.182602 0.379924 0.180707 0.378660 0.179001 0.378660 0.178622 0.378155 0.178622 0.375880 0.176348 0.375375 0.175590 0.374869 0.175210 0.373858 0.175210 0.372342 0.176348 0.370826 0.176348 0.370068 0.178054 0.366530 0.179380 0.366530 0.179759 0.367793
0 0.179759 0.380934 0.180138 0.385231 0.179191 0.388263 0.174263 0.388769 0.174263 0.395592 0.174073 0.393570 0.172746 0.391296 0.172557 0.390032 0.172557 0.387000 0.173315 0.384978 0.173315 0.381187 0.171988 0.377902 0.171988 0.376891 0.172367 0.376386 0.176916 0.375375 0.177295 0.375880 0.177295 0.378660 0.178054 0.379924
0 0.257481 0.340818 0.257481 0.344515 0.255863 0.344207 0.255632 0.343591 0.253553 0.343283 0.252628 0.340818 0.252859 0.338354 0.254939 0.338046 0.256014 0.337003 0.256556 0.338046 0.257019 0.338354
0 0.336968 0.385183 0.336737 0.388264 0.329343 0.387956 0.329343 0.385183 0.330960 0.383643 0.332116 0.381794 0.333964 0.381794 0.334657 0.382719 0.336737 0.382719
0 0.340434 0.369779 0.339972 0.372244 0.338586 0.375633 0.338586 0.378097 0.334889 0.377789 0.334889 0.372860 0.333040 0.371627 0.332116 0.371627 0.332116 0.368546 0.332347 0.367930 0.332809 0.367930 0.333040 0.366698 0.334657 0.363925 0.336044 0.363925 0.338123 0.366082 0.338586 0.366082 0.338586 0.366698 0.339510 0.366698 0.339741 0.367314
0 0.097422 0.334813 0.097422 0.346774 0.095323 0.344738 0.091887 0.344738 0.091887 0.346265 0.090360 0.346265 0.087688 0.343466 0.087688 0.341939 0.089024 0.339394 0.091887 0.339394 0.092078 0.336086 0.097804 0.332523
0 0.120516 0.332523 0.119180 0.335068 0.110973 0.340157 0.110210 0.338631 0.105629 0.338376 0.105629 0.336086 0.107156 0.334050 0.109065 0.332777 0.111546 0.333032 0.114409 0.330487 0.122234 0.330487
0 0.260004 0.028770 0.260147 0.031403 0.260182 0.032366 0.260201 0.033294 0.260201 0.035458 0.255796 0.036076 0.255564 0.034840 0.254172 0.032366 0.253709 0.032366 0.251854 0.028656 0.251854 0.027729 0.251158 0.026183 0.251158 0.022473 0.252781 0.022164 0.255796 0.023709 0.256491 0.024946 0.257419 0.025255 0.257651 0.025874 0.259641 0.027981
0 0.285476 0.038550 0.282462 0.039786 0.281321 0.039420 0.279679 0.041023 0.278288 0.039786 0.278288 0.039168 0.276896 0.038550 0.276433 0.033603 0.280375 0.033603 0.283853 0.030202 0.286172 0.030202 0.287099 0.030820 0.286867 0.036695
0 0.232376 0.062047 0.234231 0.065138 0.234231 0.068230 0.230753 0.068539 0.230289 0.068230 0.229593 0.064520 0.229593 0.061428 0.230521 0.061119
0 0.214289 0.074414 0.213826 0.076887 0.214289 0.079051 0.214289 0.081834 0.210347 0.081834 0.210116 0.075650 0.211043 0.075032 0.212202 0.072559
0 0.170242 0.074104 0.171402 0.076269 0.171402 0.078433 0.170010 0.078742 0.169083 0.078124 0.167460 0.078124 0.166996 0.076887 0.166996 0.071322 0.167280 0.070510 0.168497 0.070471 0.169546 0.070394 0.169546 0.071322
0 0.205710 0.077814 0.204319 0.075959 0.203855 0.076269 0.203391 0.077505 0.203391 0.081215 0.202927 0.081215 0.202232 0.079360 0.200609 0.079051 0.200840 0.075650 0.201304 0.074414 0.203391 0.074104 0.205014 0.071940 0.205942 0.071940 0.206174 0.075032
0 0.502014 0.100395 0.500680 0.097906 0.499347 0.097195 0.499347 0.093639 0.502547 0.089727 0.504948 0.092928 0.505748 0.093283 0.505748 0.093994 0.506548 0.094350 0.506815 0.095061 0.506548 0.100040 0.504681 0.100395
0 0.471076 0.154803 0.469743 0.157292 0.469476 0.158714 0.465476 0.158714 0.465209 0.159426 0.464142 0.160137 0.461208 0.160137 0.461208 0.154803 0.462009 0.153380 0.462275 0.151602 0.465209 0.150535 0.465476 0.149824 0.465209 0.149113 0.464142 0.148757 0.467609 0.148757 0.467609 0.143068 0.470543 0.141290 0.471610 0.138089 0.472410 0.136667 0.472943 0.137022 0.473743 0.138800 0.473743 0.143068 0.472143 0.148046 0.472143 0.150180 0.473743 0.150891 0.474010 0.151602 0.474010 0.156581 0.473477 0.156581
0 0.373078 0.068425 0.367677 0.068125 0.367452 0.067525 0.367452 0.063624 0.370152 0.061824 0.371052 0.061824 0.371277 0.061224 0.373753 0.061824 0.376453 0.064824 0.377803 0.064824 0.378704 0.065724 0.379829 0.066024 0.380054 0.067225 0.379604 0.068125 0.375328 0.068425
0 0.488073 0.030618 0.490548 0.032719 0.490548 0.034519 0.489873 0.034819 0.483122 0.034819 0.480872 0.032418 0.479972 0.032418 0.479746 0.031818 0.479296 0.031818 0.479071 0.027618 0.480422 0.026718 0.481169 0.024312 0.481997 0.023717 0.482672 0.023417 0.484400 0.023215 0.485147 0.024017 0.489198 0.026417 0.489648 0.029418
0 0.492124 0.119134 0.492574 0.121534 0.494374 0.125435 0.494374 0.127235 0.489198 0.127235 0.488523 0.125435 0.488523 0.123035 0.488073 0.123035 0.487848 0.120634 0.488523 0.114633 0.488973 0.114333 0.488973 0.113433 0.490323 0.113133 0.492349 0.111632 0.494599 0.111632 0.498650 0.114033 0.500675 0.115833 0.503376 0.115833 0.503376 0.117034 0.501800 0.118834 0.497975 0.118834 0.497975 0.117634 0.496174 0.117634 0.496174 0.119434 0.493924 0.120334
0 0.646995 0.089301 0.647296 0.090649 0.648205 0.090649 0.648659 0.091861 0.648886 0.094890 0.647296 0.094890 0.647069 0.095496 0.642752 0.095193 0.642752 0.094587 0.641616 0.093072 0.640480 0.092770 0.640025 0.091558 0.640025 0.089437 0.641389 0.085802 0.644570 0.085802 0.646387 0.089134
0 0.611852 0.153054 0.610489 0.154872 0.608217 0.154872 0.606399 0.153963 0.606626 0.152752 0.608217 0.150631 0.608217 0.147602 0.609126 0.146996 0.610943 0.146996 0.611171 0.147602 0.611625 0.147602 0.611852 0.148813 0.612307 0.148813 0.613443 0.151540 0.615942 0.151540 0.615942 0.152752 0.613670 0.152752
0 0.773451 0.124121 0.768238 0.123854 0.766434 0.120913 0.763627 0.118775 0.763226 0.117705 0.763226 0.114498 0.764028 0.114498 0.773852 0.109419 0.775455 0.109419 0.775656 0.114498 0.776458 0.117973 0.776458 0.120111 0.775055 0.120913 0.774654 0.121715
0 0.796561 0.039095 0.794217 0.037308 0.794217 0.036415 0.792207 0.033289 0.791872 0.030610 0.790867 0.030610 0.791202 0.025251 0.791537 0.024804 0.792877 0.024804 0.794217 0.026144 0.798571 0.027930 0.803595 0.027930 0.804265 0.028823 0.804265 0.030163 0.804934 0.031503 0.804934 0.039095 0.803930 0.039541 0.801920 0.038648 0.799575 0.038648
0 0.792877 0.044900 0.792207 0.049813 0.791537 0.050259 0.788858 0.050259 0.787183 0.045793 0.787183 0.042667 0.785843 0.040434 0.785173 0.040434 0.785508 0.039988 0.788858 0.039988 0.790532 0.038202 0.792877 0.037308 0.792877 0.038202 0.793547 0.039095 0.793547 0.041328
0 0.943883 0.075211 0.943473 0.078488 0.940606 0.078488 0.939992 0.077395 0.939787 0.074119 0.940197 0.074119 0.940606 0.073300 0.942859 0.073300
0 0.789527 0.005155 0.790197 0.008727 0.790197 0.012300 0.790867 0.014086 0.791537 0.014086 0.791537 0.015426 0.792877 0.016766 0.792877 0.017659 0.793547 0.017659 0.795221 0.015873 0.796561 0.015873 0.799910 0.011853 0.799910 0.008727 0.799575 0.008281 0.795556 0.008281 0.794551 0.006941 0.792877 0.006494 0.792542 0.005155
0 0.871013 0.120179 0.871013 0.125584 0.870723 0.125970 0.866670 0.127128 0.864932 0.127128 0.863774 0.129059 0.861747 0.129445 0.860878 0.126742 0.860589 0.121723 0.859431 0.120179 0.858272 0.120179 0.858562 0.118634 0.868696 0.118248
0 0.886918 0.023425 0.886710 0.025646 0.886502 0.026201 0.886398 0.027311 0.885981 0.028976 0.885565 0.029392 0.883900 0.030086 0.882234 0.030086 0.881818 0.029809 0.881090 0.028560 0.880569 0.028421 0.880881 0.027866 0.881298 0.027727 0.881922 0.026895 0.882234 0.026201 0.882234 0.025646 0.883067 0.024674 0.883483 0.024535 0.883900 0.024119 0.884316 0.024119 0.885149 0.023703 0.885981 0.023703
0 0.877201 0.053426 0.878430 0.051553 0.880889 0.052490 0.881064 0.052958 0.883698 0.052958 0.884400 0.054129 0.884400 0.059747 0.884049 0.060216 0.882644 0.060216 0.880011 0.059513 0.879484 0.058811 0.879308 0.056938 0.878079 0.056470 0.876499 0.055065
0 0.879835 0.061854 0.874919 0.061854 0.874392 0.060684 0.874392 0.059279 0.873865 0.059045 0.873865 0.056470 0.874567 0.056001 0.874567 0.054597 0.876499 0.054363 0.877026 0.055065 0.877026 0.056470 0.877377 0.056938 0.880186 0.057874 0.880713 0.059981 0.880713 0.063493
0 0.792190 0.068049 0.792321 0.069616 0.792321 0.075711 0.792190 0.076581 0.791406 0.079367 0.791276 0.080412 0.790884 0.080760 0.790492 0.080586 0.790100 0.079541 0.788925 0.079019 0.788795 0.078497 0.788403 0.077974 0.787489 0.077626 0.786705 0.076755 0.786705 0.074666 0.787227 0.074318 0.788011 0.074143 0.788795 0.073621 0.789839 0.071532 0.789970 0.071009 0.791015 0.069442
0 0.791145 0.089467 0.785921 0.089467 0.785530 0.088944 0.782395 0.089119 0.782004 0.088944 0.781873 0.088422 0.781873 0.087029 0.782265 0.084765 0.783571 0.083198 0.784485 0.083198 0.785921 0.083546 0.788142 0.083546 0.788795 0.083721 0.789317 0.084243 0.790492 0.087551 0.790884 0.087900
0 0.834944 0.061287 0.835149 0.068658 0.835558 0.070297 0.835558 0.076303 0.833101 0.075484 0.831668 0.073027 0.828596 0.070843 0.828186 0.069204 0.830439 0.066201 0.833715 0.057737 0.835353 0.057464 0.835763 0.059375
0 0.803896 0.160055 0.810250 0.160055 0.812367 0.160387 0.815731 0.160387 0.815233 0.158726 0.814734 0.157563 0.814610 0.156068 0.814236 0.154739 0.812741 0.153245 0.812741 0.150421 0.812617 0.149922 0.811744 0.148760 0.810872 0.148095 0.810374 0.148095 0.809876 0.148427 0.809876 0.150753 0.809128 0.152746 0.808755 0.152912 0.807509 0.154241 0.806387 0.154739 0.805515 0.155570 0.805142 0.156068 0.804643 0.157896 0.804270 0.158560
0 0.757923 0.233020 0.756353 0.233020 0.755960 0.233543 0.755175 0.233543 0.754390 0.234241 0.752821 0.234241 0.752428 0.234067 0.752166 0.233369 0.752428 0.232846 0.753213 0.232148 0.753605 0.232148 0.754390 0.231799 0.754652 0.230753 0.754652 0.230229 0.756484 0.229706 0.757530 0.229706 0.757792 0.230229 0.757792 0.231276
0 0.755437 0.238776 0.755045 0.240172 0.754390 0.241392 0.753998 0.241567 0.753082 0.241567 0.752951 0.241044 0.752559 0.240869 0.751774 0.239648 0.751382 0.239474 0.750858 0.238078 0.750858 0.237381 0.751251 0.237206 0.752036 0.237206 0.753998 0.235985 0.755437 0.235985 0.755568 0.237206
0 0.783301 0.195519 0.780947 0.197612 0.778984 0.200926 0.778592 0.201275 0.778199 0.201275 0.777807 0.201100 0.777153 0.200054 0.777153 0.199530 0.773490 0.199530 0.773097 0.198309 0.773097 0.196740 0.772836 0.195693 0.772443 0.195344 0.772443 0.194298 0.772836 0.194123 0.773752 0.194123 0.774144 0.194647 0.775191 0.194995 0.779115 0.194995 0.780031 0.194298 0.780816 0.193949 0.781208 0.193426 0.781732 0.193251 0.782516 0.193251 0.783040 0.193774
0 0.786236 0.261127 0.786037 0.264319 0.785438 0.265915 0.784640 0.266713 0.781049 0.266447 0.780850 0.265915 0.779054 0.265117 0.779054 0.264585 0.776660 0.263521 0.773468 0.263521 0.773468 0.261393 0.774266 0.260861 0.775064 0.259265 0.776461 0.258733 0.776860 0.257935 0.781249 0.257935 0.782446 0.258999 0.783244 0.260861 0.784640 0.261393
0 0.813968 0.213511 0.808980 0.213246 0.808780 0.210053 0.809179 0.208989 0.811773 0.206861 0.812970 0.206861 0.813369 0.207659 0.814167 0.207393 0.814965 0.205797 0.815165 0.201807 0.816561 0.199945 0.820551 0.199679 0.820551 0.200743 0.819753 0.201807 0.815364 0.212448
0 0.814965 0.288791 0.813568 0.286131 0.811972 0.285865 0.811773 0.284801 0.812172 0.284535 0.817758 0.284269 0.820152 0.284801 0.820352 0.285333 0.820352 0.291185 0.819953 0.291185 0.818556 0.293579 0.816960 0.293579 0.815763 0.292781 0.814965 0.290919
0 0.378906 0.015625 0.382812 0.016667 0.383594 0.017708 0.383594 0.022917 0.383594 0.023958 0.382031 0.026042 0.381250 0.027083 0.378125 0.026042 0.377344 0.026042 0.375000 0.022917 0.374219 0.021875 0.375000 0.019792 0.375000 0.018750 0.378906 0.015625
0 0.831056 0.408752 0.832568 0.413455 0.837607 0.413791 0.838363 0.411104 0.839874 0.408416 0.840882 0.408080 0.844661 0.403713 0.844661 0.400354 0.841386 0.400354 0.840882 0.400690 0.840630 0.401697 0.839119 0.402705 0.836347 0.402705 0.834332 0.404049 0.832568 0.404049 0.831812 0.405057 0.830552 0.405393 0.829545 0.406401
0 0.914955 0.418158 0.916215 0.421853 0.916215 0.429244 0.913696 0.429580 0.912436 0.430588 0.905381 0.430924 0.907397 0.426556 0.907649 0.424541 0.908153 0.424541 0.908405 0.423869 0.909412 0.423197 0.910168 0.423197 0.910420 0.422189 0.911428 0.421182 0.911680 0.419166 0.912184 0.418494 0.912940 0.418494
0 0.969880 0.429580 0.968117 0.431260 0.963834 0.431260 0.963582 0.430588 0.963582 0.425549 0.964085 0.424877 0.966605 0.424541 0.966605 0.423197 0.967613 0.422861 0.968873 0.424541 0.969628 0.426556
0 0.883210 0.466197 0.881446 0.464517 0.877163 0.464181 0.877163 0.460822 0.884217 0.459478 0.885729 0.459814 0.887241 0.461493 0.887241 0.462165 0.889760 0.462501 0.891272 0.462165 0.891272 0.458806 0.891272 0.467204 0.885729 0.467540 0.885729 0.466868 0.885225 0.466532
0 0.883966 0.498446 0.878927 0.498446 0.878927 0.497774 0.878423 0.497774 0.878423 0.491056 0.878675 0.490384 0.882202 0.490384 0.882202 0.491056 0.883714 0.491391 0.883714 0.490720 0.883966 0.492735 0.885225 0.489712 0.885981 0.490384 0.886485 0.492735 0.886989 0.493407 0.886989 0.498110 0.885981 0.498446
0 0.973273 0.355864 0.974035 0.355229 0.974416 0.354593 0.975941 0.352815 0.976322 0.352053 0.977751 0.350147 0.978227 0.349893 0.978990 0.349004 0.979752 0.348623 0.980419 0.347860 0.981562 0.347225 0.981943 0.346590 0.982610 0.345955 0.984992 0.344938 0.985469 0.345192 0.986040 0.345955 0.986707 0.347733 0.987279 0.348750 0.987469 0.349893 0.987469 0.353831 0.987184 0.354212 0.985754 0.354720 0.984897 0.355229 0.984230 0.357007 0.983944 0.357388 0.982420 0.358532 0.981276 0.358913 0.979752 0.358913 0.975941 0.358150 0.974892 0.358150 0.974035 0.357896 0.972606 0.357896 0.972320 0.357388 0.972415 0.356118
0 0.072656 0.386458 0.075781 0.386458 0.076563 0.386458 0.078906 0.390625 0.079687 0.391667 0.085156 0.394792 0.085938 0.394792 0.087500 0.396875 0.088281 0.397917 0.089063 0.402083 0.089844 0.403125 0.089844 0.422917 0.089844 0.423958 0.088281 0.437500 0.088281 0.438542 0.085938 0.447917 0.085938 0.448958 0.081250 0.458333 0.080469 0.459375 0.078906 0.459375 0.078125 0.459375 0.071875 0.450000 0.071094 0.448958 0.068750 0.447917 0.067969 0.446875 0.057813 0.443750 0.057031 0.442708 0.049219 0.441667 0.048438 0.440625 0.056250 0.418750 0.057031 0.417708 0.056250 0.400000 0.056250 0.398958 0.060937 0.392708 0.061719 0.391667 0.072656 0.386458
0 0.998665 0.518459 0.996220 0.519546 0.994794 0.519546 0.994590 0.520089 0.993775 0.520089 0.993368 0.520632 0.989294 0.520904 0.988886 0.520632 0.988886 0.517916 0.988071 0.515472 0.988071 0.511940 0.990109 0.511397 0.999683 0.511126 0.999683 0.516286
0 0.979923 0.621132 0.981552 0.621403 0.981960 0.621946 0.984404 0.621946 0.986034 0.618415 0.986442 0.615699 0.987053 0.614884 0.987053 0.613798 0.986238 0.612983 0.986238 0.612440 0.984404 0.610538 0.983182 0.609995 0.982775 0.608909 0.981552 0.609180 0.981349 0.611353 0.977274 0.612440 0.977274 0.618959 0.978089 0.618959 0.978497 0.619774
0 0.993164 0.612440 0.994794 0.610267 0.995201 0.610267 0.995201 0.609452 0.996424 0.607007 0.998868 0.605921 0.999276 0.605921 0.999276 0.612440 0.998053 0.613526 0.996831 0.613798 0.995813 0.615156 0.995813 0.615699 0.993572 0.618415 0.991942 0.618415 0.990720 0.616786 0.990312 0.616786 0.990720 0.612440 0.991127 0.611353 0.994386 0.610810
0 0.997239 0.852009 0.997646 0.844946 0.997442 0.837069 0.995813 0.837341 0.995609 0.839514 0.994794 0.840600 0.992961 0.847119 0.992349 0.847663 0.992349 0.848749 0.992961 0.849836 0.993368 0.855268 0.994794 0.855811 0.995609 0.853638
0 0.844656 0.675184 0.841804 0.678715 0.840582 0.677900 0.839156 0.673283 0.838137 0.673011 0.842008 0.673011 0.842008 0.671925 0.842415 0.671925 0.842415 0.668122 0.843638 0.667850 0.845675 0.666492 0.846490 0.667307 0.847712 0.667579 0.847916 0.669480 0.848527 0.670566 0.848527 0.675184 0.846490 0.675456
0 0.863351 0.609413 0.862123 0.609004 0.861662 0.609004 0.861201 0.608594 0.860894 0.607980 0.860434 0.607571 0.859820 0.606547 0.859359 0.605319 0.858745 0.604705 0.858438 0.604091 0.857363 0.603272 0.856288 0.601839 0.854753 0.600610 0.853985 0.599382 0.853524 0.599177 0.853524 0.598563 0.853064 0.598154 0.852296 0.597130 0.851375 0.595492 0.850761 0.595083 0.850146 0.594059 0.849839 0.592626 0.849839 0.591398 0.849379 0.591193 0.849379 0.589965 0.849686 0.589555 0.850146 0.589555 0.851068 0.590784 0.851682 0.591193 0.852910 0.591398 0.855674 0.591398 0.856135 0.591193 0.856442 0.590784 0.857670 0.590374 0.858438 0.590374 0.859052 0.590579 0.859820 0.591398 0.860280 0.591603 0.861201 0.593036 0.861662 0.593240 0.862430 0.594059 0.863965 0.594673 0.864579 0.594673 0.864886 0.595083 0.865808 0.595287 0.865961 0.595902 0.866422 0.596106 0.867190 0.597744 0.867957 0.598973 0.868111 0.599587 0.868571 0.600201 0.870107 0.601634 0.871335 0.602453 0.871335 0.605114 0.870721 0.607366 0.870721 0.607980 0.870414 0.608799 0.870414 0.610027 0.864579 0.610027
0 0.698492 0.698805 0.697253 0.699425 0.696788 0.700045 0.695393 0.700665 0.692603 0.700665 0.692449 0.701904 0.692139 0.702731 0.692139 0.704797 0.691829 0.705210 0.690279 0.705004 0.689039 0.703971 0.688109 0.702731 0.688109 0.700251 0.686870 0.699012 0.686250 0.698185 0.686095 0.697565 0.685630 0.696945 0.685630 0.695499 0.685940 0.692813 0.686715 0.691366 0.688574 0.691366 0.689659 0.690953 0.690589 0.690953 0.691054 0.690747 0.691519 0.691160 0.691984 0.691160 0.693223 0.692400 0.693533 0.692813 0.693688 0.693433 0.694153 0.693846 0.694463 0.694466 0.694928 0.694466 0.695548 0.695292 0.698647 0.695499 0.699112 0.695706 0.699422 0.696119 0.700352 0.696119 0.700507 0.697565 0.700197 0.697978 0.699732 0.697978
0 0.650525 0.674999 0.650525 0.672090 0.650306 0.671508 0.649979 0.671217 0.648997 0.671072 0.648343 0.670490 0.648234 0.669908 0.649870 0.668599 0.650634 0.666417 0.651397 0.665980 0.652706 0.665980 0.653143 0.665544 0.654125 0.663944 0.654779 0.664526 0.655107 0.665108 0.655979 0.667581 0.655979 0.669326 0.655870 0.669908 0.655434 0.670781 0.655434 0.671363 0.655107 0.672235 0.655107 0.677908 0.654561 0.678054 0.652816 0.678054 0.652488 0.678345 0.650525 0.678345 0.650197 0.678054 0.650197 0.676308
0 0.695204 0.642236 0.692061 0.642236 0.691762 0.641836 0.691612 0.640639 0.692061 0.640639 0.692510 0.640240 0.693259 0.639243 0.693408 0.638644 0.692510 0.638644 0.692510 0.637447 0.692959 0.636848 0.695204 0.636848 0.695653 0.637247 0.695952 0.638045 0.695952 0.638644 0.696701 0.640041 0.696701 0.641836
0 0.647166 0.628268 0.645969 0.628467 0.645520 0.628867 0.644921 0.629864 0.644771 0.630463 0.643873 0.630463 0.643125 0.629665 0.642676 0.629465 0.642227 0.628867 0.641329 0.628667 0.641180 0.628068 0.641629 0.627669 0.642077 0.626273 0.642227 0.624876 0.642227 0.622481 0.642676 0.622481 0.642975 0.622881 0.643873 0.622881 0.645370 0.621484 0.646866 0.621484 0.647315 0.621683 0.647764 0.622282 0.647764 0.626672
0 0.008594 0.207292 0.012500 0.207292 0.013281 0.207292 0.025000 0.215625 0.025781 0.215625 0.030469 0.221875 0.030469 0.222917 0.029687 0.223958 0.028906 0.225000 0.019531 0.222917 0.018750 0.222917 0.017188 0.220833 0.016406 0.219792 0.010937 0.216667 0.010156 0.216667 0.007031 0.212500 0.006250 0.211458 0.006250 0.210417 0.006250 0.209375 0.008594 0.207292
0 0.702088 0.636649 0.700741 0.636649 0.700292 0.636449 0.700143 0.635850 0.699544 0.635052 0.698646 0.635052 0.698048 0.634653 0.697748 0.634055 0.697299 0.632059 0.697449 0.631461 0.697898 0.631061 0.698347 0.631061 0.698646 0.630662 0.699095 0.630463 0.699245 0.629864 0.699694 0.629864 0.699993 0.630263 0.700442 0.630263 0.700891 0.630662 0.701789 0.631061 0.702238 0.631061 0.702238 0.634853
0 0.689068 0.682941 0.686524 0.680546 0.686075 0.680347 0.683681 0.680347 0.683382 0.679948 0.682484 0.679549 0.682184 0.679150 0.681735 0.679150 0.681286 0.678751 0.679341 0.675758 0.677395 0.673563 0.676797 0.673164 0.676348 0.672565 0.675749 0.672366 0.675300 0.671767 0.674851 0.671767 0.674552 0.671368 0.673505 0.670769 0.672756 0.670171 0.672307 0.669572 0.671858 0.669373 0.671409 0.668574 0.670511 0.667577 0.669614 0.665581 0.668566 0.664384 0.667518 0.663985 0.666920 0.663985 0.666022 0.663586 0.665723 0.663187 0.665573 0.662389 0.665573 0.660992 0.666022 0.660593 0.666022 0.659994 0.666471 0.659795 0.667668 0.661191 0.669165 0.662189 0.670511 0.662389 0.670960 0.662788 0.673355 0.662788 0.673804 0.662987 0.674253 0.663386 0.674851 0.664384 0.675600 0.665182 0.676049 0.666379 0.677545 0.668175 0.678293 0.669373 0.678742 0.669572 0.679191 0.670171 0.680239 0.670570 0.680688 0.670969 0.681137 0.670969 0.681735 0.671368 0.683082 0.671767 0.683980 0.671767 0.684429 0.672166 0.684878 0.672166 0.686075 0.673363 0.686824 0.674959 0.688021 0.676556 0.688320 0.677154 0.688919 0.677553 0.690266 0.677753 0.691313 0.678152 0.692211 0.678152 0.693708 0.678751 0.694156 0.679150 0.695503 0.679748 0.696102 0.679748 0.696401 0.680946 0.697000 0.681943 0.697449 0.682342 0.698347 0.682741 0.698347 0.683939 0.697748 0.684737 0.695653 0.685136 0.692361 0.685136 0.691912 0.685335 0.691912 0.685934 0.691463 0.686333 0.691463 0.686932 0.691014 0.688528 0.688769 0.688728 0.688021 0.687730 0.687572 0.687530 0.687272 0.687131 0.687272 0.685734 0.687422 0.685136 0.687871 0.684936 0.688170 0.684537
0 0.689218 0.673363 0.689966 0.671966 0.690266 0.672366 0.692061 0.673363 0.692061 0.674560 0.692510 0.674560 0.692810 0.674161 0.693259 0.673962 0.694156 0.672565 0.695054 0.670370 0.695653 0.669373 0.695653 0.670570 0.695952 0.670969 0.697150 0.671168 0.698945 0.671168 0.699544 0.670370 0.700592 0.669373 0.701041 0.669373 0.701041 0.670171 0.701489 0.670570 0.701938 0.671767 0.704183 0.671767 0.704483 0.672166 0.704034 0.673363 0.702986 0.674560 0.701789 0.677753 0.700592 0.679150 0.700292 0.679748 0.699095 0.680946 0.698197 0.681345 0.695952 0.681345 0.695653 0.680746 0.694456 0.680147 0.693708 0.679150 0.692810 0.678751 0.690565 0.678751 0.690266 0.678352 0.689667 0.676955 0.689517 0.675758 0.689218 0.675359
0 0.909791 0.592986 0.909791 0.583324 0.908449 0.582966 0.906302 0.585113 0.905229 0.585471 0.899324 0.584756 0.899056 0.584040 0.897983 0.583682 0.897983 0.585113 0.898519 0.585471 0.899324 0.587261 0.901203 0.588334 0.901740 0.589407 0.903350 0.590123 0.903887 0.590839 0.904424 0.593344 0.905497 0.594059 0.905497 0.594775 0.907107 0.595848 0.909254 0.595848
0 0.813263 0.593255 0.812338 0.592638 0.811876 0.592638 0.811529 0.592022 0.811529 0.591405 0.811298 0.590943 0.810488 0.590480 0.809564 0.590480 0.809101 0.590172 0.808639 0.590172 0.808292 0.588939 0.808292 0.587089 0.808754 0.586781 0.809910 0.586472 0.811413 0.586318 0.811760 0.585856 0.811991 0.585239 0.813379 0.583698 0.813957 0.583698 0.815344 0.584623 0.816384 0.585856 0.816847 0.586010 0.817194 0.586472 0.817309 0.587089 0.817194 0.588322 0.816847 0.589555 0.816038 0.590943 0.814419 0.592792 0.813725 0.594951
0 0.863093 0.584869 0.861645 0.583215 0.858131 0.583215 0.858131 0.579907 0.858544 0.578805 0.859991 0.577151 0.860818 0.576875 0.858958 0.575497 0.864746 0.575497 0.866400 0.576875 0.866400 0.577978 0.868054 0.581010 0.868054 0.583215 0.867227 0.584042 0.864746 0.584042
0 0.630636 0.708526 0.629052 0.708910 0.628189 0.709294 0.626749 0.709294 0.626461 0.708910 0.626173 0.708142 0.626029 0.706607 0.624158 0.704496 0.624158 0.703728 0.624734 0.703344 0.626461 0.702960 0.628764 0.702960 0.629196 0.702768 0.630204 0.702768 0.630636 0.702960 0.631068 0.703536 0.631499 0.703728 0.631643 0.704304 0.631643 0.707374
0 0.098437 0.000000 0.131250 0.000000 0.131250 0.001042 0.117188 0.017708 0.116406 0.018750 0.092188 0.020833 0.091406 0.020833 0.090625 0.019792 0.089844 0.018750 0.089844 0.012500 0.089844 0.011458 0.098437 0.000000
