0 0.638140 0.026996 0.639545 0.024762 0.640665 0.024838 0.641537 0.026034 0.642304 0.028283 0.641098 0.028913 0.639073 0.028054
0 0.647787 0.023311 0.649850 0.021561 0.651060 0.021966 0.651578 0.021737 0.652522 0.022996 0.651060 0.024600
0 0.916717 0.535450 0.917827 0.534744 0.918634 0.535074 0.919472 0.536937 0.919224 0.538012 0.917827 0.539130 0.916403 0.538033
0 0.843354 0.715501 0.845074 0.715846 0.845250 0.719607 0.844693 0.719806 0.841899 0.718251 0.842695 0.716228
0 0.956930 0.712461 0.957400 0.710127 0.957951 0.710150 0.959840 0.709517 0.960953 0.711001 0.959840 0.712486 0.957514 0.712781
0 0.938323 0.716481 0.939300 0.717376 0.938576 0.719049 0.938376 0.719203 0.938232 0.719674 0.935389 0.718454 0.936353 0.715414 0.937311 0.716148 0.937329 0.716167
0 0.865263 0.764930 0.867117 0.764547 0.867900 0.766356 0.867117 0.768165 0.865550 0.768165 0.864977 0.767401 0.864819 0.766095
0 0.849844 0.814469 0.851644 0.814099 0.852449 0.815857 0.852239 0.816902 0.850882 0.817946 0.849526 0.816902 0.849368 0.815596
0 0.928246 0.809134 0.930289 0.808713 0.930921 0.809555 0.930881 0.811828 0.930263 0.812651 0.928562 0.812701 0.927699 0.810707
0 0.792310 0.765072 0.790410 0.765492 0.791275 0.762244 0.791984 0.762099 0.793761 0.762244 0.793761 0.764815 0.792899 0.765014
0 0.852067 0.782030 0.854156 0.782782 0.854563 0.784810 0.853294 0.785552 0.853095 0.785448 0.852684 0.785552 0.851504 0.784928 0.850907 0.784743 0.850629 0.784581 0.850396 0.784535 0.850322 0.784399 0.849432 0.782105 0.850396 0.781363 0.851304 0.782030 0.851958 0.782143
0 0.795450 0.688685 0.797016 0.687231 0.797476 0.688104 0.798020 0.688425 0.798833 0.689702 0.798655 0.690409 0.797888 0.693166 0.796772 0.693706 0.796006 0.693466 0.795961 0.692581 0.795703 0.690963 0.795559 0.689891 0.795418 0.689361
0 0.911446 0.716327 0.912329 0.713760 0.914114 0.714398 0.913457 0.718450 0.911844 0.717132
0 0.814103 0.746533 0.811758 0.746307 0.811975 0.745692 0.812257 0.745235 0.812439 0.744696 0.812671 0.744198 0.813127 0.743365 0.814676 0.743195 0.814918 0.742887 0.816109 0.742415 0.816762 0.742649 0.817241 0.745029 0.816273 0.745842 0.815214 0.746617
0 0.875355 0.744055 0.875672 0.744477 0.876095 0.744325 0.876749 0.744559 0.877227 0.745197 0.877402 0.746068 0.877227 0.746939 0.876749 0.747577 0.876504 0.747665 0.876391 0.747816 0.875737 0.748050 0.875084 0.747816 0.875036 0.747752 0.874546 0.747577 0.874068 0.746939 0.873893 0.746068 0.874068 0.745197 0.874546 0.744559 0.874955 0.744412 0.874980 0.744355
0 0.866346 0.747040 0.866892 0.745881 0.867564 0.746095 0.869138 0.746922 0.869757 0.747710 0.869882 0.748818 0.869840 0.749598 0.869407 0.751875 0.867088 0.750604 0.867139 0.749399 0.866403 0.747737
0 0.847269 0.752040 0.847995 0.751719 0.849647 0.752992 0.848881 0.755607 0.848756 0.757206 0.847624 0.758077 0.846719 0.753728
0 0.908857 0.854289 0.909811 0.853774 0.910322 0.854025 0.910884 0.854792 0.911627 0.854750 0.911735 0.855096 0.912281 0.855940 0.912809 0.857007 0.911867 0.857757 0.911594 0.858028 0.910128 0.859002 0.909672 0.858196 0.908500 0.855894 0.908584 0.854850
0 0.670732 0.479343 0.671148 0.478789 0.673095 0.478958 0.673560 0.480031 0.673435 0.480650 0.671783 0.481320 0.671781 0.481329 0.671441 0.481782 0.670976 0.481948 0.670512 0.481782 0.670172 0.481329 0.670047 0.480710 0.670172 0.480090 0.670512 0.479637 0.670743 0.479554
0 0.470069 0.518757 0.470680 0.517006 0.471098 0.517613 0.472038 0.517742 0.473632 0.517841 0.474454 0.517704 0.474466 0.517756 0.475259 0.518812 0.474268 0.520379 0.473704 0.520502 0.473082 0.520556 0.471344 0.519938 0.470317 0.519592 0.470226 0.519431
0 0.430244 0.500742 0.431402 0.498245 0.432754 0.498245 0.433488 0.499223 0.432975 0.501017 0.432754 0.502590 0.430009 0.502491
0 0.440836 0.523247 0.441147 0.521700 0.442538 0.521550 0.443346 0.522872 0.444918 0.523942 0.443511 0.525100 0.442065 0.524869
0 0.492310 0.638972 0.493838 0.636586 0.494454 0.637501 0.495161 0.638106 0.496397 0.640075 0.494709 0.640717 0.492724 0.639666
0 0.491448 0.608488 0.491455 0.608385 0.490503 0.607861 0.489403 0.607155 0.489657 0.605892 0.491033 0.605831 0.491113 0.605597 0.492406 0.606022 0.493033 0.607469 0.491770 0.608479
0 0.392728 0.702655 0.391904 0.701039 0.392520 0.700565 0.394031 0.700617 0.394923 0.700822 0.395476 0.701559 0.394470 0.703632
0 0.375795 0.728750 0.377831 0.728844 0.378647 0.729021 0.378907 0.730317 0.376537 0.730886 0.375011 0.731314 0.375141 0.729109
0 0.625859 0.488479 0.629631 0.489236 0.628785 0.491199 0.627218 0.492765 0.625837 0.489258
0 0.601049 0.496733 0.601000 0.496846 0.600820 0.498497 0.599405 0.499587 0.598788 0.500894 0.597933 0.501199 0.597316 0.499514 0.596843 0.499332 0.596218 0.496217 0.596843 0.495383 0.598050 0.495203 0.600194 0.495383 0.600979 0.496739
0 0.526481 0.382408 0.526821 0.381999 0.528149 0.382444 0.528600 0.382545 0.530536 0.383138 0.530749 0.384359 0.531004 0.386980 0.528675 0.387780 0.527828 0.386644 0.527733 0.386206 0.526404 0.383347
0 0.451286 0.514478 0.453252 0.514120 0.453206 0.515737 0.450981 0.519395 0.449979 0.517080 0.450920 0.516036 0.450924 0.515500
0 0.386499 0.527932 0.386608 0.528285 0.387425 0.528216 0.388029 0.527936 0.389089 0.528997 0.389507 0.529554 0.388925 0.532085 0.387384 0.531606 0.387085 0.531387 0.386340 0.531239 0.385761 0.529903 0.386360 0.528506
0 0.570238 0.468822 0.571947 0.468771 0.573267 0.469800 0.573820 0.471689 0.572669 0.472493 0.569518 0.471716 0.569074 0.469625
0 0.479884 0.539762 0.480898 0.537864 0.481500 0.537078 0.482561 0.536586 0.484546 0.536767 0.484814 0.538222 0.485153 0.539703 0.485255 0.540790 0.485195 0.541822 0.484829 0.542309 0.482596 0.540483 0.482342 0.540145 0.482069 0.540485 0.480630 0.540844 0.480159 0.540420
0 0.472291 0.548786 0.474236 0.550406 0.473370 0.551072 0.472944 0.551033 0.472090 0.552172 0.471090 0.552172 0.471551 0.549248
0 0.483916 0.466367 0.484740 0.464575 0.485737 0.465417 0.487523 0.468584 0.486178 0.469177 0.484788 0.469072 0.484151 0.467552
0 0.490760 0.492968 0.492283 0.495272 0.490936 0.495904 0.491043 0.496594 0.490950 0.497097 0.490910 0.498708 0.490790 0.498727 0.489574 0.499156 0.488531 0.497988 0.488431 0.497489 0.487986 0.496043 0.488481 0.494713 0.489171 0.493428 0.489906 0.493178 0.490226 0.492967
0 0.453272 0.482477 0.453231 0.482468 0.452050 0.482769 0.451547 0.482099 0.451449 0.481250 0.453282 0.479547 0.453782 0.479368 0.453880 0.479424 0.454013 0.479280 0.455826 0.478683 0.456700 0.479971 0.455528 0.481474 0.454967 0.481856 0.454148 0.482071
0 0.436635 0.500452 0.435931 0.497934 0.436797 0.497267 0.438759 0.498299 0.438622 0.502006 0.437119 0.502677 0.436619 0.501522
0 0.427119 0.511570 0.428192 0.510047 0.428832 0.510119 0.430718 0.510458 0.430732 0.510427 0.432950 0.513384 0.433325 0.513518 0.434345 0.516090 0.432140 0.517101 0.430017 0.516979 0.428113 0.516479 0.427693 0.515801 0.427567 0.515076 0.427351 0.513396 0.427254 0.512372
0 0.523470 0.646235 0.523976 0.644113 0.524378 0.643270 0.525286 0.642666 0.526581 0.644262 0.526388 0.646294 0.524604 0.647027
0 0.561661 0.606040 0.562086 0.606231 0.563432 0.605686 0.564225 0.605760 0.564678 0.606711 0.563967 0.607658 0.563629 0.607534 0.563483 0.607624 0.562666 0.608439 0.561373 0.609868 0.561070 0.607490 0.561074 0.606581
0 0.502466 0.581673 0.504809 0.583217 0.504165 0.584293 0.503935 0.585119 0.502185 0.585855 0.501828 0.585379 0.501733 0.582439
0 0.677855 0.680277 0.677856 0.680247 0.677785 0.680272 0.677260 0.680085 0.676876 0.679573 0.676735 0.678873 0.676876 0.678173 0.677260 0.677660 0.677785 0.677473 0.677928 0.677524 0.677929 0.677473 0.678067 0.677573 0.678310 0.677660 0.678462 0.677862 0.678780 0.678095 0.680705 0.679640 0.680564 0.680340 0.679439 0.680963 0.678392 0.680765
0 0.677136 0.686067 0.677484 0.687402 0.678116 0.688653 0.676779 0.690053 0.675928 0.689430 0.674578 0.687502 0.676336 0.686132
0 0.573612 0.663847 0.573634 0.663857 0.573654 0.663857 0.574023 0.664049 0.574461 0.664265 0.575198 0.664290 0.575431 0.664045 0.577538 0.663857 0.577634 0.663983 0.577732 0.663853 0.578257 0.663665 0.578782 0.663853 0.579166 0.664365 0.579307 0.665065 0.579166 0.665765 0.579087 0.665871 0.579139 0.665938 0.579205 0.666019 0.579171 0.666066 0.578926 0.667045 0.578293 0.667214 0.578113 0.667424 0.577140 0.667137 0.576675 0.667424 0.576099 0.667321 0.572986 0.667045 0.572317 0.665640 0.573611 0.663858
0 0.558599 0.667491 0.558063 0.668195 0.555870 0.668195 0.555644 0.667072 0.555645 0.667067 0.555633 0.666983 0.556531 0.664314 0.556636 0.663790 0.557977 0.662706 0.558743 0.666149 0.558604 0.666341
0 0.758749 0.768778 0.758850 0.768579 0.758789 0.768384 0.758403 0.767629 0.758403 0.766507 0.759950 0.766427 0.761385 0.766547 0.761805 0.767550 0.762078 0.770523 0.761416 0.771083 0.759006 0.770845
0 0.813920 0.803497 0.813929 0.803487 0.813576 0.802895 0.815258 0.801757 0.815879 0.801821 0.816209 0.803179 0.816455 0.803559 0.817528 0.803287 0.817822 0.804749 0.815643 0.806104 0.814014 0.804602
0 0.827298 0.769164 0.827499 0.769106 0.827645 0.768355 0.828268 0.767377 0.828632 0.767619 0.829730 0.767084 0.830244 0.768985 0.829549 0.769520 0.829413 0.769513 0.829349 0.769688 0.829035 0.771477 0.827790 0.772598 0.826985 0.771917 0.826958 0.770053
0 0.801092 0.799330 0.802688 0.799330 0.803111 0.799578 0.804117 0.799623 0.804890 0.800801 0.805180 0.802550 0.804676 0.802677 0.804283 0.802724 0.802613 0.803143 0.801671 0.803039 0.801616 0.802955 0.801181 0.802372 0.800995 0.801541 0.800602 0.801084 0.800810 0.799841
0 0.643183 0.742254 0.645601 0.743427 0.644836 0.744979 0.644123 0.745055 0.642146 0.744624 0.642173 0.743617 0.642542 0.742681
0 0.652402 0.802289 0.652045 0.801438 0.652252 0.799706 0.653847 0.798916 0.654340 0.799574 0.654639 0.801707 0.654246 0.802232
0 0.696345 0.749529 0.696316 0.749623 0.696346 0.750522 0.696071 0.750857 0.695944 0.751748 0.694897 0.751814 0.693621 0.751441 0.693586 0.750144 0.693649 0.749998 0.693623 0.749759 0.693707 0.749339 0.694686 0.748838 0.695599 0.748688 0.696269 0.749527
0 0.727677 0.771153 0.726587 0.770680 0.726194 0.770056 0.726069 0.767434 0.726139 0.767111 0.727199 0.766783 0.727890 0.766061 0.729693 0.766159 0.730874 0.766037 0.731489 0.766451 0.731527 0.767674 0.731000 0.769549 0.729296 0.769631 0.729450 0.771156 0.728463 0.771269
0 0.676526 0.820074 0.677079 0.820439 0.678269 0.820629 0.678549 0.821002 0.678714 0.824094 0.678653 0.825092 0.677832 0.825437 0.677295 0.825605 0.676939 0.825383 0.675723 0.825359 0.675343 0.824627 0.674611 0.823841 0.673736 0.823651 0.673784 0.822646 0.673665 0.822440 0.673665 0.821421 0.675636 0.821418
0 0.714910 0.864711 0.715704 0.863211 0.716770 0.863241 0.717133 0.863315 0.717554 0.864077 0.717969 0.863523 0.718528 0.863463 0.719920 0.863697 0.719686 0.866228 0.719399 0.866611 0.718708 0.866637 0.717240 0.866597 0.716927 0.866736 0.716536 0.866493 0.716431 0.866634 0.716002 0.866685 0.715236 0.866738 0.714960 0.866126 0.714714 0.865835 0.714967 0.865079
0 0.696082 0.844321 0.696434 0.844160 0.696719 0.843523 0.697556 0.843646 0.697969 0.843456 0.699049 0.843871 0.699204 0.845501 0.698633 0.846261 0.697722 0.846378 0.696250 0.846611 0.695820 0.846349 0.694557 0.845812 0.694922 0.844565 0.696082 0.844322
0 0.691681 0.835258 0.692882 0.835069 0.694504 0.835483 0.695031 0.836309 0.695572 0.838710 0.693387 0.838884 0.691381 0.837147
0 0.673719 0.807013 0.676454 0.807013 0.677180 0.807981 0.675613 0.808944 0.674969 0.810721 0.673747 0.810515 0.673613 0.809976 0.673400 0.809533 0.672704 0.808034 0.673698 0.807230
0 0.625245 0.772731 0.625923 0.771435 0.628928 0.771939 0.629275 0.773246 0.629087 0.774088 0.626690 0.774392 0.625606 0.773528
0 0.479192 0.589538 0.482154 0.588943 0.482947 0.590000 0.481138 0.592076 0.479257 0.592221 0.478967 0.591833 0.478752 0.590145
0 0.474577 0.598939 0.474182 0.599321 0.473565 0.599347 0.472691 0.599531 0.471784 0.599475 0.471286 0.599752 0.470275 0.598695 0.470381 0.598471 0.470381 0.597441 0.471026 0.596899 0.472086 0.596017 0.472120 0.595847 0.472411 0.595460 0.472807 0.595318 0.473204 0.595460 0.473309 0.595600 0.473649 0.595763 0.474399 0.595895 0.474612 0.596116 0.475160 0.596185 0.475885 0.597919 0.475351 0.598422
0 0.495429 0.630491 0.497113 0.629658 0.498200 0.630382 0.498599 0.631972 0.497912 0.632501 0.495451 0.632359 0.495285 0.631372
0 0.487153 0.621778 0.487022 0.621713 0.486881 0.621720 0.486409 0.621749 0.486284 0.621778 0.485995 0.621775 0.485887 0.621781 0.485907 0.621750 0.485379 0.621249 0.485669 0.619804 0.486905 0.619316 0.487914 0.618648 0.488000 0.618725 0.488278 0.618355 0.488674 0.618213 0.489071 0.618355 0.489209 0.618539 0.489506 0.618645 0.489796 0.619032 0.489903 0.619561 0.489796 0.620090 0.489506 0.620477 0.489258 0.620566 0.489000 0.620764 0.488871 0.620765
0 0.496637 0.641520 0.497052 0.639840 0.498059 0.638497 0.499325 0.638210 0.500012 0.639797 0.498817 0.641391 0.497586 0.642210
0 0.452672 0.668868 0.452891 0.668149 0.452672 0.667430 0.454266 0.665870 0.455182 0.665941 0.455088 0.667171 0.455426 0.667864 0.455739 0.668708 0.454260 0.670149 0.453307 0.670513 0.452712 0.668872
0 0.483431 0.673426 0.483922 0.672755 0.485153 0.670875 0.485560 0.670491 0.485770 0.669970 0.486445 0.668599 0.488376 0.668798 0.488376 0.670216 0.487916 0.670760 0.487298 0.671973 0.486266 0.673189 0.485740 0.674050 0.484580 0.675078 0.483639 0.674055
0 0.517435 0.684801 0.518572 0.684848 0.520877 0.685513 0.521662 0.688214 0.520782 0.688935 0.519842 0.688130 0.517629 0.686997
0 0.455550 0.700468 0.458376 0.700694 0.458753 0.703757 0.457866 0.704470 0.456805 0.703282 0.456169 0.703115 0.455454 0.701542
0 0.486794 0.697389 0.487308 0.698599 0.486453 0.700273 0.485929 0.700470 0.485433 0.701050 0.483746 0.699945 0.483888 0.699236 0.484126 0.698919 0.484325 0.697877 0.484860 0.697164 0.486749 0.697449
0 0.433968 0.717222 0.434272 0.714839 0.435291 0.715280 0.437134 0.715418 0.437669 0.717548 0.435656 0.718373 0.434614 0.718261
0 0.481012 0.696001 0.480440 0.699615 0.479699 0.699069 0.478564 0.698293 0.478147 0.698048 0.477578 0.697872 0.476464 0.696256 0.476995 0.695028 0.478408 0.694504 0.478720 0.694426 0.479569 0.694344 0.480243 0.694251 0.480924 0.694964
0 0.560251 0.714048 0.560251 0.711732 0.562727 0.709985 0.564518 0.712179 0.563986 0.713407 0.563059 0.713478 0.561998 0.714373
0 0.555765 0.717288 0.555641 0.715029 0.557287 0.715224 0.557920 0.715228 0.558841 0.717354 0.558253 0.717944 0.556356 0.717855
0 0.514104 0.699385 0.513006 0.701280 0.511503 0.699174 0.511703 0.698801 0.512079 0.697137 0.512800 0.694943 0.513819 0.693895 0.513836 0.694146 0.514562 0.695682 0.514589 0.696733 0.514200 0.697647
0 0.491803 0.727656 0.490139 0.728168 0.489524 0.728324 0.489003 0.727620 0.489016 0.727560 0.489812 0.725321 0.490343 0.725131 0.490544 0.725164 0.489521 0.724864 0.489521 0.722408 0.490926 0.722465 0.492220 0.724268 0.493300 0.725772 0.492711 0.726639 0.492370 0.727142
0 0.554169 0.801578 0.553849 0.800264 0.554159 0.798746 0.556330 0.797687 0.555932 0.800514 0.555980 0.800774 0.555295 0.802330
0 0.558378 0.763734 0.559042 0.763223 0.559293 0.763309 0.560796 0.763404 0.561113 0.765356 0.561167 0.765434 0.561062 0.765446 0.560796 0.765743 0.559481 0.765632 0.559070 0.765680 0.558536 0.765743 0.558396 0.765047 0.558307 0.764758 0.558312 0.764629 0.558292 0.764532
0 0.564509 0.772510 0.564459 0.772209 0.563300 0.770861 0.563806 0.768583 0.563944 0.768488 0.563940 0.768453 0.564516 0.767778 0.565077 0.767659 0.565256 0.767130 0.565884 0.766204 0.566929 0.766311 0.568475 0.768465 0.569104 0.769091 0.570170 0.768361 0.571639 0.768747 0.573299 0.770343 0.573439 0.771083 0.574092 0.772678 0.572022 0.773636 0.571331 0.773513 0.569867 0.771918 0.569398 0.772284 0.568193 0.772335 0.566599 0.769896 0.565427 0.771711 0.564994 0.772290
0 0.517700 0.759857 0.518432 0.761299 0.517667 0.762054 0.515908 0.761918 0.514779 0.761034 0.516007 0.758780 0.517269 0.759176
0 0.516919 0.793913 0.517472 0.794614 0.518007 0.795061 0.518412 0.796331 0.519666 0.796940 0.519429 0.798195 0.518487 0.798260 0.517886 0.798699 0.517441 0.798423 0.517054 0.798303 0.516496 0.797689 0.516062 0.797509 0.515414 0.796165 0.515479 0.795904 0.516306 0.793648
0 0.515559 0.788074 0.516437 0.788103 0.517867 0.788557 0.518532 0.790813 0.516805 0.791697 0.514942 0.790632 0.514679 0.788779
0 0.492035 0.787837 0.493231 0.787010 0.495478 0.789022 0.495431 0.789804 0.494285 0.790096 0.493857 0.789815 0.492152 0.789659
0 0.532682 0.826205 0.532407 0.824892 0.533731 0.823535 0.534511 0.823539 0.535285 0.825738 0.536035 0.826483 0.535190 0.827391
0 0.532479 0.837975 0.533329 0.836842 0.534551 0.836436 0.536555 0.836510 0.536937 0.837311 0.535243 0.839534 0.532565 0.839969
0 0.508845 0.827455 0.509514 0.826013 0.510208 0.826609 0.512165 0.827396 0.512492 0.828561 0.512607 0.829559 0.513678 0.831346 0.513073 0.831725 0.511975 0.832254 0.511511 0.832206 0.510931 0.831176 0.510762 0.830695 0.509616 0.830397 0.509046 0.829648 0.508876 0.828240
0 0.492645 0.835987 0.493780 0.834041 0.495212 0.834542 0.496140 0.835847 0.496344 0.837482 0.496600 0.842134 0.497070 0.844639 0.496770 0.845549 0.495758 0.844670 0.495403 0.843431 0.495092 0.841157 0.494811 0.840127 0.493606 0.838848 0.493031 0.838714 0.492427 0.837311
0 0.470580 0.831219 0.471398 0.829948 0.474622 0.830276 0.475003 0.831077 0.473645 0.832086 0.473256 0.833625 0.470966 0.832286
0 0.457584 0.799315 0.457566 0.799500 0.457805 0.801253 0.457279 0.801281 0.456522 0.801469 0.456152 0.801286 0.455618 0.801435 0.455592 0.801369 0.455037 0.800936 0.455278 0.800369 0.455939 0.798674 0.456025 0.798320 0.456732 0.797379 0.457559 0.797245 0.459337 0.798412 0.458819 0.799609 0.457981 0.799226
0 0.441782 0.816459 0.442159 0.817290 0.442994 0.818233 0.443132 0.818960 0.443396 0.819449 0.444300 0.820862 0.442843 0.820896 0.440957 0.820383 0.440390 0.820174 0.440007 0.819663 0.440526 0.818466 0.440917 0.818361 0.440687 0.817598 0.440390 0.817331 0.439925 0.816710 0.440772 0.815294 0.441689 0.816380
0 0.446513 0.830301 0.445083 0.831346 0.443052 0.831374 0.442690 0.831031 0.442505 0.831062 0.441808 0.830620 0.441048 0.830543 0.440761 0.828984 0.441633 0.828655 0.442845 0.827664 0.443638 0.827632 0.444587 0.827664 0.444999 0.828108 0.445883 0.829169 0.446357 0.829781 0.446329 0.830062
0 0.416462 0.835596 0.418544 0.835926 0.419225 0.838115 0.418872 0.838852 0.416673 0.838877 0.416151 0.838042 0.416133 0.836378
0 0.423700 0.843739 0.423525 0.844251 0.421411 0.845437 0.420435 0.845078 0.420009 0.844607 0.419513 0.844051 0.420161 0.843083 0.420628 0.843111 0.421931 0.842351 0.422232 0.842604 0.423233 0.843046 0.423307 0.843297
0 0.403515 0.840928 0.404121 0.840130 0.405552 0.839180 0.406150 0.839226 0.406717 0.839983 0.407841 0.841135 0.407429 0.842067 0.407243 0.842615 0.405474 0.843402 0.404458 0.843458 0.403794 0.843207 0.402505 0.843194 0.401829 0.843148 0.401232 0.841447 0.401308 0.840859
0 0.424757 0.855040 0.424486 0.853914 0.427427 0.853916 0.427997 0.854676 0.426462 0.856585 0.425267 0.856585 0.424902 0.856098
0 0.409348 0.858785 0.411697 0.858289 0.411905 0.860265 0.411244 0.861374 0.410595 0.861990 0.408963 0.860900 0.408542 0.859872
0 0.412336 0.849639 0.412533 0.848185 0.412902 0.848066 0.413962 0.847664 0.414530 0.849046 0.415212 0.849330 0.416180 0.851968 0.416124 0.852765 0.415161 0.853666 0.414564 0.853564 0.414380 0.853402 0.412402 0.852244 0.412643 0.850849 0.412659 0.850301 0.412631 0.850272
0 0.363833 0.838083 0.364306 0.838112 0.365111 0.837143 0.365613 0.837220 0.366462 0.837351 0.366934 0.838188 0.367372 0.839051 0.366646 0.840229 0.365279 0.839846 0.364224 0.839860 0.363677 0.840124 0.363169 0.840067 0.363025 0.840335 0.361542 0.839953 0.361829 0.838601 0.362199 0.838525 0.362974 0.838319 0.363521 0.838407
0 0.488156 0.800002 0.488965 0.800144 0.489409 0.801496 0.488973 0.801629 0.488901 0.802160 0.488479 0.802514 0.487054 0.802681 0.487045 0.802219 0.486890 0.802267 0.486233 0.801808 0.485766 0.799892 0.484946 0.799384 0.486376 0.798519 0.487963 0.799420 0.488042 0.799851
0 0.495564 0.816487 0.495931 0.817175 0.495283 0.818040 0.494240 0.818875 0.493330 0.819186 0.492054 0.817555 0.492222 0.817139 0.492204 0.816897 0.492926 0.814728 0.493485 0.814668 0.494562 0.815314 0.495479 0.816473
0 0.499469 0.791386 0.499602 0.791370 0.499711 0.790649 0.499997 0.790267 0.501064 0.790193 0.501427 0.790267 0.502077 0.791307 0.502911 0.791712 0.503823 0.794522 0.502234 0.795074 0.500231 0.793863 0.499492 0.792305
0 0.488747 0.744088 0.490246 0.743578 0.491281 0.744475 0.490745 0.747264 0.490205 0.748137 0.488480 0.746856 0.488478 0.745288
0 0.438656 0.768743 0.439686 0.767296 0.440930 0.766645 0.442672 0.768447 0.440071 0.770770 0.438406 0.769281
0 0.413416 0.805968 0.415080 0.806281 0.415990 0.807877 0.414866 0.808716 0.412861 0.808943 0.412760 0.808758 0.411878 0.808531 0.411878 0.806380 0.412965 0.806474
0 0.405200 0.813736 0.405324 0.815106 0.404992 0.816545 0.404857 0.816549 0.404767 0.816660 0.404482 0.816762 0.404091 0.816630 0.403025 0.816556 0.402738 0.816174 0.402693 0.815637 0.402738 0.813538 0.404009 0.813083 0.405054 0.813538 0.405096 0.813656
0 0.315081 0.794186 0.315537 0.794025 0.315947 0.794034 0.317651 0.794073 0.318350 0.795502 0.319422 0.796017 0.319446 0.796658 0.319422 0.797299 0.318616 0.798096 0.318030 0.797818 0.317159 0.797681 0.316467 0.797297 0.314893 0.796952 0.314738 0.794991 0.314742 0.794897
0 0.321106 0.847826 0.323107 0.847246 0.324571 0.848136 0.325295 0.849881 0.323940 0.850701 0.322254 0.850700 0.321206 0.848661
0 0.255726 0.801103 0.255977 0.799807 0.257133 0.798358 0.259148 0.798545 0.258755 0.800223 0.257662 0.801232 0.256178 0.801902
0 0.359828 0.830669 0.359827 0.830662 0.359715 0.830535 0.359218 0.830288 0.358902 0.829555 0.359632 0.827721 0.359752 0.827845 0.359930 0.827815 0.361394 0.827815 0.362109 0.828769 0.361422 0.830681 0.360447 0.831444
0 0.315011 0.811141 0.315557 0.810762 0.316041 0.810348 0.316535 0.810791 0.317128 0.811458 0.317586 0.811689 0.318218 0.811851 0.318509 0.813064 0.318841 0.814167 0.318245 0.814962 0.317327 0.815058 0.314786 0.814962 0.314352 0.812370 0.314733 0.811813
0 0.324667 0.712194 0.326659 0.712100 0.326912 0.714882 0.325901 0.717444 0.324857 0.716654 0.324883 0.714789 0.324245 0.712900
0 0.338487 0.684777 0.339934 0.684987 0.341191 0.686554 0.341492 0.687754 0.338923 0.687935 0.337748 0.687317 0.337748 0.686518
0 0.349204 0.703936 0.350988 0.702867 0.351703 0.703263 0.351580 0.703817 0.351507 0.704467 0.351066 0.704673 0.351062 0.704721 0.352288 0.705337 0.352367 0.708217 0.350338 0.707418 0.350320 0.706535 0.349999 0.706446 0.349510 0.706001 0.349140 0.705925 0.349049 0.704619
0 0.328867 0.750518 0.330517 0.751546 0.330230 0.754355 0.327550 0.754251 0.327342 0.753212 0.327988 0.752560 0.328194 0.751065
0 0.279334 0.749381 0.279741 0.747492 0.280100 0.747335 0.280383 0.746566 0.280432 0.745802 0.280664 0.745019 0.280725 0.744147 0.282554 0.743624 0.282554 0.744579 0.282378 0.744919 0.281841 0.746707 0.281573 0.748111 0.281114 0.748723 0.280035 0.749377 0.279667 0.749504
0 0.286383 0.736298 0.287428 0.736152 0.289128 0.736821 0.288834 0.740262 0.288473 0.740742 0.286808 0.740131 0.286184 0.737669
0 0.285743 0.704824 0.286511 0.704549 0.286775 0.704907 0.286781 0.704949 0.287852 0.705422 0.287948 0.705900 0.287754 0.707817 0.286643 0.708817 0.285827 0.708340 0.285851 0.707360 0.285533 0.707293 0.285476 0.705573 0.285484 0.705476
0 0.243686 0.691964 0.243715 0.691939 0.243144 0.689985 0.243765 0.689507 0.244067 0.689539 0.245040 0.689411 0.246218 0.689376 0.247075 0.689778 0.247817 0.690724 0.247644 0.692004 0.247705 0.692141 0.247494 0.692382 0.246822 0.693150 0.246233 0.693825 0.245461 0.694085 0.245000 0.694572 0.244319 0.695083 0.243341 0.694734 0.244082 0.693308 0.244195 0.693321 0.244705 0.692660 0.244275 0.692289 0.243853 0.692055
0 0.247967 0.692509 0.251320 0.692385 0.252036 0.693340 0.251320 0.694296 0.250010 0.694691 0.248116 0.694822 0.247812 0.693389
0 0.216083 0.814669 0.217770 0.814081 0.218164 0.817876 0.215975 0.818351 0.215364 0.818226 0.214954 0.816767 0.215012 0.815777
0 0.244660 0.753694 0.242363 0.754818 0.242363 0.752486 0.244674 0.750981 0.246041 0.750790 0.246324 0.751369 0.245434 0.752811
0 0.256080 0.734840 0.256472 0.734886 0.257395 0.733788 0.258618 0.736119 0.258138 0.737228 0.255817 0.737575 0.255780 0.737515 0.255469 0.737403 0.255600 0.735011 0.256031 0.735012
0 0.250022 0.729884 0.252267 0.728528 0.253361 0.730974 0.252747 0.731618 0.251741 0.731742 0.250077 0.731793 0.249884 0.730828
0 0.258391 0.721911 0.258973 0.719587 0.261908 0.720753 0.262133 0.722444 0.262039 0.723610 0.261294 0.724605 0.258927 0.722864
0 0.242730 0.725575 0.243172 0.723427 0.243634 0.723572 0.243890 0.723232 0.244161 0.723138 0.244579 0.722307 0.245174 0.721862 0.245692 0.721515 0.246652 0.722795 0.246620 0.723686 0.246940 0.724889 0.246172 0.726358 0.245298 0.726482 0.244673 0.726360 0.243102 0.725964
0 0.232910 0.714078 0.235870 0.714906 0.235007 0.716151 0.234469 0.717066 0.232589 0.717416 0.231978 0.716133 0.232238 0.714441
0 0.178787 0.759987 0.181744 0.759856 0.183009 0.759865 0.183490 0.761621 0.181597 0.762028 0.180415 0.762052 0.179968 0.762176 0.179418 0.761959 0.178561 0.761977 0.178657 0.760440
0 0.178939 0.749273 0.180439 0.749403 0.182224 0.750206 0.182224 0.751486 0.180953 0.753182 0.178809 0.753357 0.178047 0.750813
0 0.174206 0.723501 0.174750 0.723134 0.177356 0.724724 0.177228 0.725363 0.175733 0.726655 0.174733 0.726708 0.173986 0.724636
0 0.181230 0.786486 0.181488 0.785226 0.182350 0.785257 0.184245 0.783848 0.185390 0.784801 0.182923 0.786790 0.181747 0.786810
0 0.197855 0.824328 0.198487 0.822777 0.199207 0.822506 0.200179 0.821631 0.202419 0.821693 0.203909 0.822470 0.203508 0.823311 0.202539 0.823778 0.201875 0.825029 0.201585 0.826105 0.200610 0.826671 0.199756 0.825921 0.199348 0.825722 0.198808 0.825232 0.198184 0.824870
0 0.174970 0.820966 0.175566 0.818805 0.174613 0.817963 0.174922 0.817303 0.177496 0.817265 0.177468 0.820592 0.176290 0.821818
0 0.164948 0.791844 0.164381 0.791825 0.163698 0.791801 0.163686 0.791800 0.162397 0.791842 0.161825 0.791254 0.163187 0.789975 0.163725 0.789175 0.164815 0.789413 0.165339 0.789486 0.165704 0.791254 0.165190 0.791627 0.164867 0.791696
0 0.113953 0.830770 0.113849 0.829164 0.114352 0.828883 0.117601 0.828776 0.118042 0.830059 0.117601 0.831551 0.115440 0.831653
0 0.100582 0.835082 0.101796 0.833046 0.103226 0.832942 0.105101 0.833463 0.105866 0.835236 0.107117 0.836223 0.106516 0.837226 0.105502 0.837920 0.103985 0.838023 0.103123 0.839380 0.103625 0.840322 0.103772 0.841759 0.102003 0.840473 0.100069 0.840202 0.099811 0.836943
0 0.149134 0.732894 0.151189 0.733103 0.151923 0.734811 0.152101 0.736329 0.151607 0.736709 0.150072 0.736711 0.149611 0.734999 0.148483 0.734132 0.148613 0.732885 0.149154 0.732985
0 0.130392 0.733485 0.128708 0.732514 0.129541 0.731298 0.130036 0.730118 0.132273 0.730222 0.132318 0.731175 0.131292 0.733376
0 0.097905 0.770991 0.099660 0.772186 0.097293 0.775343 0.096305 0.774095 0.095861 0.772744 0.097202 0.771998
0 0.075174 0.775644 0.075367 0.775490 0.075303 0.774866 0.075902 0.773754 0.077176 0.773650 0.077539 0.774413 0.077205 0.775241 0.077119 0.776023 0.077839 0.778994 0.076487 0.779099 0.074640 0.777086
0 0.054455 0.758053 0.057611 0.757944 0.058205 0.757742 0.058865 0.757962 0.059512 0.758993 0.058486 0.760091 0.057242 0.760476 0.056541 0.761276 0.057364 0.762274 0.056475 0.763576 0.055506 0.762752 0.055078 0.762610 0.054420 0.761461 0.054754 0.759998 0.054382 0.758732
0 0.140431 0.768698 0.141506 0.768548 0.142552 0.769902 0.141554 0.770805 0.141387 0.773211 0.139775 0.773769 0.139447 0.772774
0 0.029900 0.770408 0.030891 0.769196 0.030791 0.767663 0.032405 0.767457 0.033131 0.769363 0.032612 0.771376 0.031350 0.771436
0 0.034137 0.794612 0.034862 0.794299 0.036297 0.794650 0.036373 0.796697 0.035100 0.797505 0.033093 0.796726 0.033409 0.795205
0 0.079424 0.793813 0.081000 0.793596 0.081391 0.793568 0.082199 0.792496 0.083266 0.792533 0.084132 0.792212 0.084621 0.791455 0.086180 0.792113 0.085554 0.793123 0.083575 0.794094 0.082301 0.795376 0.080024 0.795797 0.079281 0.795895 0.078631 0.794441 0.078737 0.794321
0 0.087691 0.811998 0.088368 0.814495 0.087874 0.814875 0.085707 0.815003 0.085381 0.814316 0.085483 0.814105 0.085350 0.813952 0.085871 0.811871 0.086274 0.811811 0.087379 0.811871 0.087519 0.812024
0 0.076205 0.822127 0.076958 0.821927 0.077288 0.821386 0.077693 0.821106 0.078564 0.820241 0.078948 0.819249 0.079681 0.819307 0.080470 0.819271 0.081000 0.819273 0.081543 0.819874 0.080799 0.821492 0.080181 0.821642 0.079664 0.821730 0.077340 0.823300 0.076350 0.822465
0 0.101839 0.726162 0.103949 0.727099 0.104442 0.728240 0.103011 0.729245 0.101398 0.729143 0.100726 0.728068 0.100682 0.728050 0.100451 0.727662 0.100004 0.727146 0.099666 0.725066 0.100576 0.725206 0.101174 0.725170 0.101461 0.725552 0.101532 0.725960 0.101633 0.726168
0 0.107190 0.760443 0.105916 0.759265 0.106149 0.756906 0.106602 0.756177 0.106600 0.756107 0.106503 0.755844 0.106866 0.755081 0.107328 0.754986 0.107461 0.754881 0.107542 0.754771 0.107606 0.754810 0.108140 0.754872 0.108895 0.755880 0.108862 0.756937 0.108218 0.759315 0.107933 0.759416 0.107855 0.759412
0 0.124324 0.745951 0.124610 0.748031 0.123699 0.749039 0.122529 0.748656 0.122362 0.747326 0.122307 0.747324 0.121748 0.747320 0.121461 0.746937 0.121479 0.746275 0.121461 0.745969 0.121975 0.745596 0.123865 0.745848
0 0.118605 0.743924 0.120097 0.743402 0.121202 0.743330 0.121326 0.745524 0.121176 0.746140 0.119472 0.746763 0.118550 0.746072
0 0.117930 0.735076 0.118755 0.734151 0.119608 0.732911 0.119940 0.733045 0.121589 0.733636 0.121617 0.734696 0.121431 0.735705 0.121077 0.737195 0.120585 0.738367 0.119906 0.738416 0.119411 0.738674 0.117352 0.736961 0.117510 0.736330 0.117594 0.735776
0 0.405942 0.645535 0.407107 0.642907 0.408639 0.642703 0.408163 0.644410 0.408793 0.645791 0.407727 0.647283 0.406414 0.647018
0 0.369024 0.603419 0.370406 0.603559 0.370332 0.604549 0.369204 0.607732 0.368144 0.607968 0.367781 0.605955 0.368456 0.604132
0 0.368257 0.610392 0.369168 0.609457 0.369650 0.609258 0.370912 0.609388 0.371548 0.610464 0.372273 0.611691 0.372047 0.612489 0.371976 0.613772 0.371478 0.614076 0.370398 0.614736 0.369685 0.614659 0.369323 0.614176 0.368688 0.613861 0.368023 0.612841 0.368075 0.611115
0 0.288609 0.645669 0.290637 0.645119 0.291520 0.646400 0.291000 0.647371 0.290346 0.647513 0.289672 0.647996 0.289305 0.648069 0.288164 0.648517 0.287801 0.647754 0.288074 0.646834 0.288033 0.646020
0 0.300885 0.626831 0.301455 0.627591 0.300729 0.628352 0.299669 0.628404 0.299493 0.628670 0.299541 0.628953 0.299100 0.630132 0.298244 0.628849 0.298297 0.628471 0.298293 0.628471 0.298291 0.628460 0.297463 0.627182 0.297904 0.626315 0.298653 0.626750 0.299372 0.626776 0.300350 0.626524 0.300564 0.626819
0 0.268113 0.638949 0.268557 0.639438 0.269338 0.640857 0.268973 0.641344 0.267753 0.641521 0.267634 0.642368 0.266476 0.642762 0.266444 0.642517 0.266052 0.640955 0.265900 0.640194 0.264836 0.638393 0.265810 0.637944 0.266621 0.637620 0.267405 0.637784 0.267688 0.638176
0 0.240802 0.520005 0.241119 0.521687 0.241792 0.522446 0.240702 0.523208 0.238229 0.520571 0.238592 0.519600 0.240099 0.519576
0 0.291636 0.586599 0.291615 0.587398 0.290542 0.590172 0.289502 0.590969 0.288306 0.589479 0.288602 0.588733 0.288540 0.588630 0.288463 0.588250 0.288720 0.587317 0.288852 0.586620 0.289295 0.586133 0.290725 0.586133 0.290870 0.586285
0 0.260081 0.589435 0.259482 0.590130 0.259115 0.590203 0.258436 0.591021 0.257905 0.591212 0.257380 0.591683 0.256671 0.591849 0.257082 0.590508 0.257271 0.589647 0.257522 0.589053 0.257461 0.588733 0.257012 0.588012 0.257266 0.587396 0.257766 0.586520 0.259184 0.586356 0.259977 0.586416 0.259977 0.587941 0.259645 0.588080 0.259635 0.588279
0 0.257942 0.599105 0.259357 0.598242 0.260520 0.600038 0.261566 0.600328 0.261812 0.601552 0.259390 0.602368 0.257519 0.600938
0 0.127648 0.701639 0.127000 0.700096 0.127570 0.699463 0.128101 0.698303 0.128855 0.697993 0.129310 0.698044 0.129792 0.697680 0.130780 0.698199 0.131011 0.698472 0.132417 0.699523 0.133097 0.700628 0.132136 0.701492 0.131042 0.701360 0.129870 0.702013 0.128347 0.701839
0 0.139329 0.706052 0.140831 0.705951 0.140816 0.706677 0.141773 0.707119 0.141970 0.708121 0.141433 0.708476 0.138048 0.708019
0 0.137110 0.713462 0.137513 0.713522 0.137876 0.714285 0.136752 0.715436 0.136413 0.716091 0.136234 0.716019 0.134948 0.716052 0.134507 0.716006 0.134222 0.715348 0.134298 0.714967 0.134866 0.714210 0.135288 0.713022 0.136248 0.713497
0 0.156572 0.709336 0.159388 0.709536 0.161131 0.712651 0.160006 0.712776 0.159103 0.713872 0.158633 0.715769 0.158152 0.716129 0.156638 0.715712 0.156254 0.714732 0.155979 0.712744 0.157457 0.712937 0.158368 0.712001 0.158009 0.711448 0.156474 0.711374 0.156340 0.710205
0 0.126019 0.664283 0.127291 0.665614 0.128020 0.669049 0.126353 0.669323 0.125340 0.669153 0.124998 0.667973 0.125211 0.665057
0 0.148306 0.652667 0.149952 0.651878 0.150980 0.651818 0.151824 0.652745 0.149769 0.654651 0.148077 0.654550 0.148034 0.653532
0 0.164085 0.664905 0.162837 0.664389 0.165126 0.661962 0.167365 0.663418 0.167633 0.664096 0.166845 0.664941 0.165673 0.664705
0 0.153968 0.663424 0.156000 0.663056 0.157351 0.664337 0.155921 0.665723 0.154714 0.664874 0.154283 0.664981 0.153257 0.665149 0.153017 0.664952 0.152158 0.664743 0.151940 0.664777 0.152052 0.664421 0.152172 0.663243 0.152861 0.663316 0.153574 0.663711
0 0.157943 0.633548 0.157303 0.631289 0.158917 0.632048 0.162327 0.632122 0.162924 0.633614 0.162903 0.633625 0.162950 0.633926 0.162862 0.633951 0.163108 0.634515 0.161548 0.634897 0.161104 0.634307 0.161016 0.633933 0.160842 0.633581 0.160167 0.633541 0.160008 0.634760 0.160999 0.635247 0.160999 0.636564 0.159569 0.636460 0.158505 0.635450 0.157720 0.635140 0.157720 0.634379
0 0.152132 0.631952 0.155633 0.631968 0.156310 0.633288 0.156545 0.634674 0.155375 0.635056 0.154475 0.634065 0.152001 0.633210
0 0.237168 0.614024 0.237352 0.612477 0.239199 0.612581 0.239173 0.614357 0.239871 0.615752 0.238618 0.617055 0.236779 0.616953
0 0.212781 0.603231 0.213285 0.602912 0.214427 0.604434 0.215234 0.604706 0.215247 0.604775 0.215629 0.605491 0.215187 0.606358 0.213457 0.606314 0.212742 0.606254 0.212745 0.605770 0.212420 0.604048
0 0.174733 0.597111 0.175289 0.595522 0.176904 0.597154 0.177401 0.598859 0.177554 0.600693 0.176075 0.600106 0.174744 0.598331
0 0.170627 0.596995 0.169303 0.597257 0.169042 0.597229 0.168546 0.597151 0.168297 0.596156 0.167558 0.595451 0.168525 0.594508 0.170527 0.594664 0.170757 0.594688 0.170966 0.595727 0.170672 0.596090
0 0.081901 0.640741 0.082264 0.639479 0.084996 0.638299 0.085229 0.639409 0.084866 0.640797 0.084319 0.641317 0.082784 0.641419
0 0.079720 0.693337 0.080773 0.693497 0.081233 0.693162 0.081771 0.693676 0.082207 0.694064 0.082207 0.695658 0.081244 0.696142 0.080117 0.695031 0.079436 0.695016 0.078889 0.695099 0.078395 0.693959 0.079565 0.693264 0.079628 0.693369
0 0.068233 0.703442 0.067034 0.702811 0.066232 0.702133 0.066208 0.699722 0.066380 0.699436 0.066141 0.698543 0.067829 0.698956 0.068248 0.699202 0.068767 0.700173 0.068691 0.700554 0.068502 0.700843
0 0.023226 0.692338 0.023796 0.692338 0.023815 0.692382 0.025124 0.692651 0.025333 0.693689 0.024442 0.694148 0.023817 0.694252 0.022248 0.694331 0.021323 0.694382 0.020830 0.693241 0.021636 0.692785 0.021741 0.692651 0.022417 0.692444 0.023216 0.692385
0 0.018568 0.688991 0.017914 0.688048 0.018264 0.687238 0.019343 0.685556 0.020516 0.683837 0.021064 0.684706 0.020723 0.688277 0.020098 0.688221
0 0.012283 0.667712 0.012283 0.666791 0.013770 0.665856 0.014655 0.666284 0.014214 0.668986 0.012803 0.670001 0.011921 0.670655 0.010414 0.669610 0.010777 0.668847 0.011743 0.668601 0.012108 0.668199
0 0.029392 0.669020 0.030740 0.668937 0.031129 0.670358 0.030297 0.672371 0.027461 0.672267 0.027502 0.670431 0.028992 0.669534
0 0.034594 0.667304 0.034879 0.667963 0.034803 0.669905 0.033215 0.670286 0.032906 0.670152 0.032539 0.670079 0.032253 0.669697 0.032220 0.669549 0.031815 0.669322 0.031082 0.668379 0.031144 0.668354 0.030770 0.667858 0.031340 0.667098 0.031887 0.667126 0.032746 0.666890 0.033567 0.666932 0.034334 0.667270 0.034340 0.667283
0 0.222489 0.491024 0.223275 0.490514 0.224186 0.490496 0.224856 0.490869 0.224802 0.492135 0.224959 0.492553 0.225040 0.492119 0.225847 0.491530 0.226811 0.492195 0.227278 0.493817 0.226186 0.494314 0.225638 0.494255 0.223336 0.494248 0.222689 0.494152 0.222326 0.492059
0 0.152759 0.521404 0.152904 0.522157 0.152669 0.523049 0.151732 0.523125 0.151198 0.522812 0.150322 0.522067 0.151314 0.520754 0.151857 0.518700 0.152416 0.518696 0.154564 0.518494 0.155200 0.519120 0.156230 0.519499 0.155787 0.520851 0.154486 0.521265 0.152760 0.521136
0 0.171494 0.503077 0.171390 0.501604 0.172897 0.501708 0.173700 0.502777 0.174667 0.503512 0.173809 0.504830 0.172249 0.505317
0 0.170659 0.512962 0.171435 0.512495 0.172884 0.512640 0.173457 0.514914 0.172078 0.517343 0.169424 0.516231 0.169822 0.514211
0 0.203554 0.553693 0.202825 0.552063 0.203903 0.551445 0.205766 0.551087 0.207041 0.551335 0.206911 0.554561 0.204210 0.554489
0 0.207053 0.549819 0.207654 0.548974 0.208676 0.549712 0.209138 0.549807 0.209704 0.550202 0.210597 0.550606 0.210574 0.551403 0.210751 0.552236 0.210166 0.553607 0.209905 0.554637 0.208996 0.554357 0.208750 0.552721 0.208704 0.552099 0.207705 0.550655 0.207239 0.550231
0 0.243663 0.543528 0.245857 0.544145 0.246925 0.547163 0.245650 0.547307 0.244062 0.546329 0.243650 0.545387 0.242968 0.544871
0 0.266471 0.524024 0.267528 0.525710 0.267055 0.528072 0.266422 0.529296 0.264874 0.529170 0.264240 0.528198 0.265095 0.524109
0 0.302261 0.484026 0.303860 0.483139 0.305440 0.481906 0.305945 0.481654 0.306999 0.480594 0.308106 0.481200 0.307366 0.482888 0.306689 0.483026 0.306788 0.483549 0.306175 0.485083 0.304700 0.485141 0.304288 0.485739 0.302854 0.485950 0.302290 0.484717
0 0.284940 0.445479 0.286505 0.445536 0.286383 0.446970 0.285722 0.447049 0.284615 0.446861 0.283366 0.446468 0.282972 0.445563 0.283980 0.444020 0.285970 0.443183 0.287431 0.442927 0.287895 0.443658 0.287530 0.445114 0.285913 0.444665 0.284767 0.444943 0.284562 0.445218
0 0.306019 0.431124 0.307101 0.431419 0.307099 0.433814 0.305877 0.435270 0.304291 0.434853 0.303848 0.432669 0.305155 0.431533
0 0.299298 0.403089 0.300126 0.401881 0.301114 0.401807 0.302387 0.402644 0.300696 0.404448 0.299996 0.404594 0.298770 0.404931 0.298635 0.404751 0.298430 0.404825 0.297390 0.404028 0.298665 0.402887 0.298938 0.402985 0.299257 0.403184
0 0.314486 0.429397 0.315426 0.429542 0.317295 0.430436 0.315661 0.431748 0.315031 0.433108 0.313756 0.433801 0.313731 0.431306
0 0.301995 0.459036 0.302808 0.460151 0.301740 0.462200 0.299711 0.461192 0.299812 0.460087 0.299414 0.459923 0.299227 0.460132 0.298372 0.459473 0.298427 0.459200 0.298215 0.458640 0.299919 0.457713 0.300712 0.457773 0.300981 0.458649
0 0.248477 0.473879 0.248818 0.472524 0.249057 0.471789 0.250563 0.471583 0.251022 0.471361 0.251831 0.471453 0.252905 0.471387 0.253399 0.472052 0.253139 0.472715 0.253212 0.473275 0.252434 0.474417 0.251362 0.473907 0.251165 0.473166 0.249975 0.473262 0.248817 0.473931
0 0.251247 0.504867 0.250965 0.503145 0.254687 0.502835 0.255570 0.503595 0.254219 0.504772 0.252941 0.506233 0.252031 0.506439
0 0.229232 0.484977 0.228764 0.484168 0.229761 0.482604 0.231386 0.482490 0.233764 0.484938 0.232258 0.486424 0.230843 0.486783
0 0.243204 0.451424 0.244687 0.450690 0.246183 0.450694 0.246548 0.453087 0.245038 0.453960 0.244519 0.453886 0.243345 0.452125
0 0.241313 0.448504 0.241228 0.448653 0.241263 0.449311 0.240170 0.450112 0.239372 0.450510 0.238142 0.448464 0.237995 0.447976 0.237956 0.447949 0.238241 0.446530 0.238247 0.446531 0.238294 0.446389 0.238503 0.446111 0.238905 0.446051 0.240401 0.446215 0.240951 0.447052 0.241272 0.448199
0 0.211583 0.412513 0.212847 0.413145 0.213546 0.415559 0.212905 0.416494 0.211464 0.415920 0.210522 0.414556 0.210606 0.413447
0 0.188679 0.460113 0.190166 0.458936 0.190577 0.458839 0.191402 0.458178 0.192275 0.457478 0.192882 0.459384 0.193038 0.460321 0.193082 0.461326 0.191522 0.461396 0.191104 0.461054 0.190972 0.461431 0.190322 0.462019 0.189502 0.461817 0.188787 0.461813 0.188599 0.460790
0 0.151997 0.472560 0.153842 0.469878 0.154932 0.469641 0.156416 0.469745 0.157404 0.470264 0.157848 0.470383 0.159330 0.471130 0.158505 0.471988 0.157432 0.472412 0.156104 0.472175 0.155653 0.472458 0.155582 0.473386 0.154904 0.474081 0.153916 0.474127 0.152283 0.473109
0 0.154591 0.484563 0.154722 0.484665 0.155166 0.484669 0.155764 0.484743 0.156369 0.485569 0.156986 0.486860 0.155479 0.488245 0.154893 0.487863 0.154256 0.487831 0.154170 0.487693 0.153552 0.487651 0.153544 0.487590 0.153397 0.487518 0.153110 0.487136 0.152987 0.486183 0.153553 0.484951 0.154381 0.484678
0 0.167937 0.493498 0.168136 0.495716 0.166819 0.497176 0.165339 0.496186 0.164378 0.494615 0.165466 0.493026 0.167195 0.493048
0 0.041674 0.630593 0.040401 0.630385 0.039178 0.628789 0.039208 0.628749 0.038903 0.627993 0.040100 0.627641 0.040667 0.627620 0.043016 0.627889 0.042300 0.629759
0 0.041419 0.597342 0.041679 0.598917 0.041069 0.600552 0.038854 0.598816 0.038699 0.597431 0.038843 0.597328 0.039070 0.596435 0.039482 0.595990 0.040865 0.595219 0.041460 0.596836
0 0.109720 0.663998 0.110409 0.663421 0.111919 0.663982 0.112309 0.666825 0.110338 0.666972 0.109915 0.666617 0.109909 0.664847
0 0.121379 0.642342 0.122610 0.641143 0.125239 0.642051 0.125838 0.644444 0.123732 0.644998 0.123007 0.643861 0.121694 0.643210
0 0.137936 0.630729 0.137853 0.628432 0.138064 0.626715 0.138393 0.626416 0.140186 0.626455 0.140256 0.626717 0.141148 0.626773 0.141016 0.628872 0.141030 0.631616 0.141459 0.632466 0.141455 0.632475 0.141617 0.632711 0.141693 0.633091 0.141538 0.634409 0.141408 0.634614 0.141279 0.635342 0.139956 0.635068 0.138987 0.633671 0.138391 0.632980
0 0.100520 0.604516 0.098382 0.604708 0.096533 0.602315 0.097523 0.601412 0.099605 0.602067 0.101375 0.602141 0.101661 0.603284
0 0.101474 0.590878 0.103184 0.590375 0.103398 0.591910 0.104122 0.593740 0.103276 0.594183 0.101936 0.594122 0.101281 0.591485
0 0.127872 0.601519 0.126988 0.602107 0.126124 0.600609 0.125244 0.599956 0.125427 0.599510 0.125399 0.599021 0.125651 0.598808 0.125712 0.598605 0.126635 0.598266 0.127690 0.598280 0.128132 0.598326 0.128255 0.599913 0.128417 0.600026 0.128137 0.600678
0 0.370193 0.494191 0.371483 0.492522 0.373135 0.492566 0.374369 0.493597 0.373270 0.494721 0.372315 0.496024 0.370311 0.494985
0 0.341638 0.478625 0.343314 0.479490 0.344384 0.479771 0.344671 0.480914 0.343435 0.481252 0.342034 0.481135 0.341586 0.481428 0.341095 0.481052 0.340233 0.479246 0.341411 0.479084
0 0.334812 0.478924 0.334510 0.476881 0.334891 0.476583 0.335387 0.475643 0.336900 0.475501 0.337550 0.475985 0.337607 0.476583 0.338246 0.478059 0.338798 0.478866 0.338291 0.479820 0.338253 0.480600 0.336978 0.481605 0.335833 0.481399 0.335234 0.480704 0.334921 0.479871
0 0.361914 0.445264 0.360982 0.443932 0.362028 0.442885 0.362655 0.442479 0.364111 0.443808 0.364026 0.445150 0.365181 0.446013 0.365658 0.446882 0.366049 0.446997 0.366315 0.448070 0.365346 0.448369 0.363715 0.447541 0.363324 0.446708 0.363069 0.446452 0.362361 0.446361
0 0.383964 0.460150 0.384836 0.459043 0.386605 0.459249 0.386968 0.460324 0.386498 0.461229 0.382910 0.462545 0.382701 0.461506
0 0.360525 0.471225 0.360997 0.469230 0.362192 0.468158 0.364170 0.468850 0.363337 0.473118 0.362036 0.473324 0.360714 0.472153
0 0.388819 0.455443 0.389574 0.453729 0.391005 0.454906 0.391474 0.457266 0.390719 0.459315 0.389707 0.458656 0.390058 0.456799
0 0.398374 0.459327 0.398770 0.458441 0.400917 0.458664 0.402276 0.459756 0.402064 0.460756 0.401444 0.460955 0.401366 0.461317 0.401723 0.462683 0.400498 0.462956 0.399883 0.463032 0.399375 0.461936 0.399203 0.461243 0.398808 0.460634 0.399083 0.459991 0.398617 0.459831
0 0.371125 0.443726 0.371851 0.443726 0.372137 0.444384 0.371907 0.445374 0.371826 0.446640 0.371156 0.447124 0.371250 0.447343 0.369706 0.447364 0.368091 0.446460 0.368375 0.444696 0.368768 0.443651 0.369517 0.443911 0.370121 0.443902 0.370821 0.443881
0 0.371094 0.460723 0.371673 0.461752 0.370790 0.463341 0.368597 0.465034 0.367524 0.465187 0.367215 0.463653 0.368821 0.461808 0.368612 0.461634 0.368327 0.460976 0.369171 0.460257 0.369923 0.460302 0.370069 0.460216 0.371034 0.460751
0 0.426984 0.340998 0.428287 0.340582 0.430312 0.339827 0.430882 0.340587 0.429894 0.342392 0.428984 0.343118 0.428280 0.343118 0.427961 0.343567 0.427438 0.344751 0.426131 0.344731 0.425661 0.343978 0.425071 0.342936 0.424816 0.342403 0.425027 0.341595 0.425780 0.341181
0 0.419755 0.356974 0.421871 0.356795 0.423019 0.357014 0.423581 0.357816 0.423263 0.358312 0.420013 0.359379 0.419471 0.357815
0 0.424737 0.408265 0.424484 0.410330 0.423314 0.409844 0.422689 0.408489 0.422504 0.407826 0.421805 0.406395 0.421283 0.404812 0.422128 0.404474 0.423880 0.405395 0.424534 0.406338 0.424467 0.406697
0 0.357052 0.390241 0.357823 0.390205 0.360006 0.390972 0.360293 0.392324 0.359771 0.393019 0.357873 0.393539 0.356779 0.392498
0 0.351848 0.389328 0.353615 0.388356 0.355306 0.388507 0.356535 0.389942 0.355201 0.391362 0.353961 0.391989 0.351808 0.391222
0 0.330862 0.401170 0.333406 0.400617 0.334406 0.401544 0.332663 0.402380 0.332089 0.403140 0.330425 0.403244 0.330141 0.401955
0 0.318953 0.410752 0.319016 0.410826 0.319696 0.410648 0.320268 0.411133 0.319957 0.412646 0.319864 0.413109 0.318976 0.413459 0.317551 0.414122 0.317727 0.414950 0.317078 0.416440 0.316494 0.415987 0.316185 0.415325 0.316004 0.414971 0.315996 0.413742 0.315765 0.413456 0.315765 0.412695 0.316650 0.412002 0.317330 0.411858 0.317927 0.411063 0.318329 0.411003 0.318757 0.410922
0 0.321883 0.358152 0.322413 0.356794 0.324081 0.355021 0.324939 0.355403 0.325062 0.356773 0.324417 0.358734 0.322335 0.358704
0 0.285512 0.355292 0.286014 0.354822 0.286774 0.353714 0.288024 0.353830 0.289754 0.354140 0.290288 0.355380 0.290600 0.355484 0.291696 0.356722 0.291410 0.357381 0.290407 0.357947 0.289247 0.357302 0.288245 0.357260 0.287803 0.357135 0.286387 0.357693 0.285461 0.356044
0 0.311853 0.339817 0.314286 0.338313 0.314719 0.338468 0.315622 0.337884 0.317470 0.338064 0.318639 0.339041 0.317602 0.339861 0.317062 0.340190 0.316606 0.340172 0.315732 0.341049 0.314789 0.341158 0.314076 0.342070 0.312873 0.342172 0.312407 0.342393 0.311848 0.340562
0 0.051892 0.568975 0.053150 0.568894 0.055025 0.572675 0.054510 0.573048 0.052584 0.572926 0.051459 0.572154 0.051499 0.569570
0 0.036127 0.587587 0.037302 0.586951 0.037421 0.586847 0.038696 0.588196 0.038312 0.588566 0.035842 0.589866 0.035246 0.590765 0.033451 0.590174 0.034050 0.587989
0 0.029471 0.582320 0.029361 0.581134 0.029626 0.578913 0.030380 0.578867 0.030539 0.578876 0.031212 0.578913 0.031809 0.579780 0.031733 0.581410 0.031465 0.582124 0.031731 0.583113 0.031212 0.585334 0.030458 0.585512 0.029860 0.585438 0.029519 0.583847 0.029506 0.583141
0 0.020431 0.593389 0.022085 0.593903 0.022163 0.595637 0.020403 0.595346 0.018327 0.595277 0.017401 0.594041 0.017972 0.593280
0 0.000000 0.586363 0.000000 0.584421 0.000062 0.583481 0.000479 0.583842 0.000587 0.582913 0.000903 0.582186 0.000967 0.581482 0.001288 0.581356 0.003242 0.580917 0.003055 0.581691 0.002857 0.582838 0.002725 0.584049 0.002246 0.584846 0.001237 0.586852 0.000028 0.586723
0 0.050585 0.549796 0.051537 0.548571 0.051719 0.547007 0.052916 0.546522 0.053803 0.545687 0.055545 0.546208 0.056223 0.547007 0.056372 0.547935 0.057029 0.548499 0.057471 0.549991 0.056041 0.551036 0.055338 0.551272 0.053151 0.551272 0.052035 0.550375 0.051014 0.550215
0 0.029427 0.525101 0.029562 0.522473 0.030631 0.520424 0.031225 0.520496 0.031719 0.522469 0.032347 0.522994 0.031435 0.525491
0 0.002690 0.516948 0.003336 0.515402 0.003917 0.516109 0.004769 0.516204 0.005132 0.516966 0.004982 0.517654 0.005252 0.518385 0.004892 0.519019 0.004613 0.519708 0.002765 0.519886 0.001386 0.519917 0.001411 0.518602 0.001906 0.518394 0.002225 0.518419 0.002631 0.518025
0 0.066413 0.488758 0.067733 0.489471 0.069015 0.491830 0.067920 0.493051 0.066178 0.491825 0.066477 0.491148 0.065397 0.490528
0 0.045960 0.506995 0.044905 0.506624 0.045138 0.504473 0.045710 0.503989 0.047659 0.504122 0.048625 0.504578 0.048260 0.505825
0 0.013510 0.506375 0.014651 0.505396 0.016682 0.504903 0.017643 0.506261 0.016655 0.508690 0.014600 0.508169 0.013220 0.507162
0 0.012280 0.502544 0.010956 0.501781 0.011319 0.500602 0.012190 0.500542 0.012620 0.500396 0.012783 0.500422 0.013350 0.499664 0.015483 0.499560 0.015940 0.500169 0.016499 0.500289 0.016687 0.501773 0.016343 0.502440 0.015398 0.502323 0.015276 0.502542 0.014947 0.502357 0.012395 0.502364
0 0.215113 0.726928 0.216723 0.727330 0.217374 0.728302 0.217583 0.729340 0.216593 0.730348 0.213835 0.730139 0.213548 0.728580
0 0.215355 0.723147 0.216031 0.723100 0.216402 0.722962 0.216644 0.722535 0.217917 0.722431 0.218904 0.723435 0.219377 0.723618 0.219569 0.724043 0.219701 0.724536 0.219923 0.725032 0.218960 0.725489 0.216304 0.725357 0.215081 0.725311 0.214880 0.723846 0.214973 0.723618
0 0.209923 0.702049 0.212356 0.702919 0.212565 0.704687 0.211653 0.705798 0.210015 0.705416 0.209752 0.704232 0.208999 0.702364
0 0.205468 0.686541 0.206588 0.687433 0.206811 0.688687 0.207915 0.689584 0.207289 0.690489 0.205235 0.691018 0.204664 0.690991 0.204648 0.691000 0.203933 0.690940 0.203648 0.687782 0.204573 0.686869
0 0.199944 0.686856 0.200627 0.685717 0.201202 0.685366 0.201615 0.685094 0.202611 0.685935 0.202943 0.685928 0.203514 0.686688 0.202603 0.687867 0.202393 0.688065 0.202760 0.688530 0.202968 0.689568 0.201928 0.690053 0.201124 0.689468 0.200153 0.689217 0.199927 0.688995 0.199402 0.688857 0.199891 0.687539
0 0.056557 0.428082 0.057029 0.426902 0.058272 0.426997 0.058947 0.429010 0.058871 0.430223 0.056789 0.430119 0.056789 0.428734
0 0.106740 0.375901 0.106895 0.375128 0.106871 0.374330 0.107234 0.373847 0.108325 0.373090 0.109682 0.372489 0.109979 0.372920 0.110516 0.373392 0.110516 0.374882 0.109241 0.375874 0.109128 0.376096 0.107899 0.376401
0 0.168344 0.386329 0.170483 0.383807 0.172087 0.386271 0.172087 0.387290 0.171180 0.388221 0.169892 0.388221 0.168691 0.387061
0 0.174368 0.426337 0.175825 0.425897 0.176601 0.426471 0.176922 0.426043 0.177701 0.425889 0.178357 0.425606 0.178665 0.426017 0.179434 0.425898 0.179856 0.426253 0.179912 0.427050 0.179856 0.427742 0.179141 0.428204 0.178962 0.428618 0.178314 0.428819 0.177846 0.429207 0.177446 0.429449 0.176695 0.430084 0.175687 0.429296 0.175379 0.428816 0.174402 0.426893
0 0.161506 0.553380 0.162385 0.552524 0.164389 0.552626 0.164908 0.553597 0.164676 0.555227 0.163271 0.555922 0.161704 0.554268
0 0.151309 0.548112 0.151227 0.546133 0.153334 0.545959 0.154322 0.547555 0.153543 0.549185 0.152346 0.550295 0.151072 0.549222
0 0.181036 0.547301 0.181667 0.546459 0.183085 0.546399 0.183776 0.546878 0.183929 0.548472 0.182547 0.549355 0.180880 0.549076
0 0.202818 0.527793 0.204538 0.528083 0.205157 0.528994 0.205202 0.530051 0.204714 0.531699 0.202919 0.530692 0.202452 0.529270
0 0.230266 0.520273 0.232162 0.520876 0.232240 0.523407 0.231121 0.524204 0.229977 0.523894 0.229536 0.521986 0.229789 0.520933
0 0.239053 0.512649 0.240885 0.511892 0.241094 0.513139 0.240921 0.514814 0.241202 0.515708 0.241446 0.515798 0.241731 0.516457 0.241161 0.517217 0.240496 0.517175 0.238532 0.516907 0.238293 0.515964 0.237920 0.515467
0 0.236393 0.485075 0.238112 0.487091 0.238762 0.488336 0.237526 0.488674 0.236655 0.488614 0.235821 0.487190 0.235869 0.485869
0 0.257237 0.453542 0.257033 0.453270 0.256587 0.452953 0.256665 0.451880 0.257472 0.451500 0.259503 0.451424 0.260387 0.451776 0.260337 0.451917 0.260544 0.452193 0.260620 0.452573 0.260544 0.452953 0.260335 0.453231 0.260050 0.453333 0.259810 0.453248 0.259307 0.453396 0.258018 0.453437 0.257452 0.453376
0 0.292396 0.466654 0.294138 0.464817 0.295343 0.465981 0.295976 0.468670 0.294681 0.469078 0.293686 0.468990 0.292180 0.468631
0 0.319381 0.427550 0.320149 0.427888 0.320173 0.429466 0.320693 0.430592 0.321243 0.431221 0.321630 0.431946 0.322362 0.432193 0.322805 0.432784 0.322883 0.433752 0.321003 0.433813 0.319523 0.432777 0.318820 0.431735 0.318380 0.431253 0.318156 0.429841 0.317130 0.429569 0.316765 0.428874 0.317315 0.427589 0.319165 0.427781
0 0.274291 0.399934 0.274358 0.401648 0.275380 0.402659 0.274717 0.404061 0.274794 0.404326 0.274795 0.405748 0.274785 0.405768 0.275341 0.406094 0.275095 0.406718 0.274821 0.407484 0.274536 0.407586 0.273833 0.407795 0.273339 0.407414 0.273294 0.406149 0.273184 0.405159 0.273222 0.404948 0.273067 0.403701 0.273052 0.402547 0.272649 0.401234 0.271502 0.399925 0.271347 0.399154 0.271746 0.398921 0.271776 0.398842 0.274092 0.399258 0.274251 0.399914
0 0.269751 0.415297 0.271872 0.415552 0.272856 0.416170 0.273965 0.416171 0.274519 0.417064 0.275267 0.417735 0.275377 0.419810 0.273975 0.420221 0.273369 0.420240 0.273024 0.418929 0.273704 0.418359 0.272925 0.418513 0.271374 0.418040 0.270608 0.417082 0.269406 0.416863
0 0.287006 0.437291 0.287748 0.437249 0.288003 0.437188 0.288400 0.436414 0.289076 0.436340 0.289908 0.436414 0.290272 0.438010 0.289623 0.438874 0.288789 0.438750 0.288373 0.438979 0.287559 0.438956 0.287152 0.438998 0.286445 0.438975 0.285948 0.438959 0.285855 0.438956 0.285301 0.438943 0.285166 0.438638 0.284701 0.438352 0.284589 0.437555 0.284589 0.437432 0.284547 0.437347 0.284590 0.437324 0.285430 0.435857 0.286627 0.436446 0.286715 0.436966
0 0.311845 0.438827 0.312514 0.438785 0.314436 0.439410 0.314527 0.441619 0.314485 0.441616 0.314414 0.442244 0.313064 0.442491 0.312541 0.442418 0.312627 0.441491 0.311847 0.441439 0.310716 0.440895 0.311003 0.439710
0 0.244842 0.446053 0.243646 0.446053 0.243194 0.445557 0.243112 0.445565 0.242542 0.444804 0.242938 0.443894 0.243009 0.443487 0.243296 0.443104 0.243601 0.443009 0.243921 0.442583 0.244382 0.442489 0.244909 0.442065 0.245403 0.442445 0.245058 0.443713 0.245247 0.444112 0.245038 0.445150 0.244955 0.445204
0 0.246772 0.435580 0.247160 0.434812 0.247625 0.435154 0.248097 0.435125 0.249763 0.435609 0.249444 0.437837 0.249373 0.438453 0.248913 0.438998 0.248172 0.439067 0.247470 0.439199 0.247399 0.439180 0.245966 0.437832 0.245027 0.436823 0.246105 0.435924 0.246328 0.435852
0 0.231981 0.453920 0.234180 0.451976 0.234534 0.451959 0.234609 0.451893 0.235324 0.451833 0.236634 0.452573 0.236755 0.452635 0.236001 0.454544 0.234836 0.454638 0.233764 0.455086 0.233617 0.455294 0.233019 0.455444 0.232316 0.455708 0.232107 0.454153
0 0.201678 0.402103 0.200803 0.402298 0.199791 0.402954 0.199592 0.402533 0.198957 0.400457 0.199354 0.399912 0.199322 0.399450 0.199941 0.399548 0.200936 0.399404 0.201742 0.399832 0.201610 0.400797
0 0.199520 0.385944 0.199465 0.387064 0.199018 0.388949 0.198431 0.388926 0.197968 0.389253 0.197318 0.388768 0.197211 0.388314 0.196537 0.387414 0.196388 0.386694 0.196070 0.385680 0.196875 0.384711 0.197299 0.384955
0 0.601632 0.382490 0.603543 0.382415 0.603935 0.383993 0.603995 0.384716 0.604785 0.386426 0.604756 0.387263 0.605687 0.388176 0.605632 0.389704 0.604240 0.389412 0.604046 0.388825 0.603031 0.386598 0.602654 0.386314 0.602166 0.385579 0.601369 0.384709 0.601354 0.383163
0 0.577092 0.375589 0.577450 0.374684 0.578075 0.373340 0.578948 0.373478 0.579472 0.373644 0.581496 0.374499 0.582317 0.375070 0.581969 0.378273 0.580847 0.380075 0.579179 0.378506 0.578714 0.378142 0.578993 0.376901 0.578060 0.376727 0.577420 0.376168
0 0.779272 0.252073 0.780720 0.251814 0.781846 0.251490 0.782986 0.251478 0.784155 0.251594 0.785000 0.251820 0.785502 0.251539 0.786385 0.251389 0.787459 0.252974 0.785791 0.254209 0.784539 0.254056 0.784007 0.254251 0.780730 0.254251 0.779806 0.253943 0.779299 0.252747
0 0.832842 0.326587 0.832856 0.324516 0.833414 0.324456 0.834581 0.324679 0.835251 0.327487 0.834910 0.329375 0.832881 0.328263
0 0.825430 0.327674 0.825174 0.328716 0.825001 0.330504 0.824877 0.331189 0.824806 0.332638 0.823480 0.333020 0.822725 0.332221 0.822670 0.331732 0.821944 0.330763 0.821899 0.330018 0.822228 0.328166 0.822621 0.327016 0.824469 0.326601
0 0.778367 0.346488 0.778602 0.345222 0.779981 0.344599 0.780879 0.344745 0.781879 0.345464 0.780579 0.346956 0.778838 0.346900
0 0.708961 0.329056 0.708174 0.330674 0.706374 0.330535 0.706217 0.328629 0.708515 0.327232 0.709289 0.326894 0.709861 0.328139
0 0.623666 0.057719 0.624770 0.057858 0.625386 0.057574 0.625566 0.057710 0.626298 0.058061 0.626063 0.059550 0.624846 0.059693 0.624274 0.059911 0.622127 0.059445 0.621833 0.057822 0.623081 0.057336
0 0.514930 0.105494 0.515331 0.104596 0.515746 0.104854 0.516250 0.104811 0.516716 0.105047 0.517554 0.105090 0.517919 0.105576 0.517739 0.107475 0.517343 0.108416 0.517193 0.109138 0.516763 0.109607 0.514747 0.109049 0.514431 0.108733 0.514355 0.107832 0.515318 0.106269
0 0.537022 0.131015 0.537883 0.130837 0.539195 0.130927 0.540054 0.132385 0.540263 0.133632 0.538383 0.133797 0.537277 0.132682
0 0.490606 0.206535 0.490963 0.207378 0.490926 0.211250 0.489485 0.210461 0.488849 0.209273 0.488849 0.206677 0.489632 0.206327
0 0.420748 0.279760 0.422283 0.279862 0.422883 0.280661 0.423049 0.281335 0.423951 0.281322 0.424755 0.281803 0.425070 0.282880 0.424264 0.283260 0.423948 0.283127 0.423047 0.283080 0.422948 0.282947 0.421985 0.282792 0.420292 0.281580 0.419031 0.281161 0.419022 0.281120 0.418406 0.280505 0.419062 0.280046 0.420670 0.279799
0 0.396392 0.293355 0.396672 0.292559 0.399319 0.292858 0.399233 0.294156 0.398489 0.295032 0.397969 0.296989 0.396766 0.296108
0 0.390825 0.240639 0.390445 0.241232 0.389824 0.241840 0.388906 0.241521 0.388445 0.241426 0.388023 0.240655 0.387458 0.240214 0.386675 0.239309 0.387402 0.238340 0.390136 0.238340 0.391080 0.238366 0.391648 0.237713 0.393052 0.237887 0.392453 0.239551 0.391757 0.239854
0 0.384085 0.259074 0.384117 0.259058 0.384787 0.258078 0.386607 0.257765 0.387050 0.259637 0.386906 0.259857 0.386856 0.260054 0.386412 0.260645 0.385424 0.260955 0.384201 0.260541
0 0.388431 0.209818 0.389016 0.210233 0.389543 0.210274 0.390363 0.210204 0.391088 0.211760 0.391211 0.211856 0.391104 0.211938 0.390910 0.212350 0.390679 0.212265 0.390369 0.212504 0.388986 0.212341 0.387283 0.211682 0.387291 0.211663 0.387004 0.211621 0.386434 0.210860 0.387088 0.210126 0.388176 0.209892 0.388314 0.209923
0 0.388310 0.218539 0.388792 0.218461 0.388826 0.218344 0.389400 0.217879 0.389722 0.217074 0.391389 0.216704 0.392185 0.216422 0.392900 0.216482 0.394327 0.219114 0.394853 0.219399 0.396076 0.221203 0.394234 0.221976 0.391677 0.221880 0.389752 0.221654 0.389220 0.220493 0.388691 0.220294 0.388617 0.220318 0.388070 0.220318 0.387420 0.218969 0.388308 0.218544
0 0.393889 0.226656 0.393556 0.230719 0.394202 0.231865 0.393167 0.233210 0.392795 0.234990 0.392276 0.236690 0.391834 0.236792 0.390717 0.234781 0.390957 0.233713 0.390794 0.231172 0.391422 0.230543 0.391892 0.229187 0.391308 0.228939 0.391081 0.228877 0.391039 0.228675 0.390558 0.227938 0.390503 0.227141 0.390686 0.226486 0.392302 0.225755 0.393563 0.226703
0 0.401676 0.209231 0.402109 0.207837 0.402109 0.205407 0.404074 0.204018 0.405820 0.204169 0.407003 0.204604 0.406200 0.206687 0.405433 0.206906 0.404483 0.208395 0.405614 0.209940 0.404945 0.213463 0.404088 0.214589 0.402857 0.214038 0.402712 0.212163 0.401803 0.211017
0 0.037801 0.285157 0.039644 0.284341 0.041354 0.285054 0.042048 0.286739 0.040797 0.287131 0.039246 0.287061 0.038030 0.285762
0 0.075918 0.318875 0.076936 0.318716 0.078152 0.319309 0.079278 0.320192 0.079199 0.321603 0.077912 0.322377 0.076453 0.321225
0 0.078863 0.314150 0.079478 0.311945 0.080466 0.312068 0.081722 0.314889 0.081559 0.315922 0.079031 0.316052 0.078669 0.315085
0 0.139785 0.369030 0.141165 0.368601 0.142748 0.368199 0.143497 0.368518 0.144037 0.368612 0.144300 0.369222 0.143608 0.369658 0.142749 0.370799 0.141701 0.370991 0.140646 0.371346 0.139420 0.371339 0.139213 0.371556 0.138966 0.371302 0.138654 0.371276 0.137158 0.371140 0.136871 0.369997 0.137314 0.369406 0.138771 0.368887 0.139162 0.369020 0.139717 0.369062
0 0.135791 0.354160 0.135706 0.354308 0.135595 0.354524 0.135506 0.354657 0.135035 0.355480 0.134456 0.355469 0.133109 0.356936 0.131756 0.356348 0.131912 0.355275 0.132964 0.354168 0.133251 0.353697 0.133801 0.352547 0.135297 0.352487 0.135855 0.352547 0.135915 0.352940 0.135986 0.353034 0.136062 0.353414 0.135986 0.353794 0.135777 0.354073 0.135756 0.354080 0.135741 0.354127
0 0.087146 0.341804 0.087841 0.341364 0.088278 0.340573 0.088750 0.340153 0.089350 0.339328 0.089607 0.338282 0.090206 0.337482 0.091922 0.337969 0.090990 0.339952 0.090730 0.341049 0.090673 0.341542 0.089866 0.342131 0.089469 0.342001 0.088354 0.342966 0.087329 0.342207
0 0.074384 0.348910 0.076375 0.348821 0.076373 0.350867 0.076140 0.352602 0.075334 0.353295 0.074059 0.352602 0.074059 0.349793
0 0.124519 0.363216 0.124592 0.363155 0.124602 0.362986 0.124647 0.362449 0.126697 0.361365 0.127066 0.361442 0.127538 0.362175 0.127900 0.363939 0.127783 0.364125 0.127880 0.364364 0.126534 0.364970 0.126199 0.364740 0.125492 0.364694 0.124569 0.364355 0.124570 0.363322
0 0.415438 0.303238 0.416059 0.300800 0.418063 0.301006 0.418973 0.303539 0.417985 0.305656 0.417544 0.305758 0.415871 0.304228
0 0.367586 0.274858 0.368948 0.275310 0.367987 0.276251 0.368870 0.277602 0.367831 0.278570 0.366941 0.277851 0.366139 0.275172
0 0.398952 0.271610 0.400409 0.272394 0.401841 0.273574 0.402128 0.274717 0.400302 0.275380 0.399552 0.275412 0.398251 0.272358
0 0.371858 0.265410 0.373218 0.265260 0.373795 0.266055 0.373681 0.266595 0.373737 0.267746 0.374193 0.268476 0.374449 0.269699 0.373562 0.270767 0.373195 0.270759 0.372875 0.270976 0.372732 0.271307 0.372597 0.271904 0.371114 0.272495 0.370699 0.271199 0.370694 0.271192 0.370950 0.270083 0.371561 0.269154 0.371553 0.268395 0.371265 0.266582
0 0.315907 0.271919 0.316863 0.270881 0.317424 0.271143 0.318687 0.270571 0.319290 0.270427 0.320562 0.269530 0.321367 0.270290 0.321006 0.271257 0.320222 0.272511 0.319078 0.272925 0.318215 0.272896 0.317515 0.273342 0.316928 0.272780 0.316656 0.272821 0.316124 0.272250
0 0.290363 0.274773 0.292657 0.276644 0.292066 0.277397 0.290342 0.276822 0.290351 0.276957 0.289913 0.277820 0.289363 0.278761 0.288687 0.278807 0.287412 0.278066 0.287367 0.276488 0.287412 0.275951 0.287581 0.275707 0.287568 0.275639 0.287609 0.275625 0.288246 0.274527 0.288961 0.274467 0.289845 0.274904
0 0.194439 0.287090 0.194492 0.287303 0.194569 0.287366 0.194913 0.288137 0.195637 0.289863 0.195144 0.290243 0.194356 0.289862 0.193549 0.289715 0.192378 0.288886 0.192391 0.288868 0.192306 0.288717 0.192528 0.287957 0.192618 0.287436 0.194298 0.287212 0.194390 0.287075
0 0.222582 0.535704 0.224655 0.535271 0.225075 0.536976 0.224892 0.539501 0.223718 0.540026 0.223372 0.540003 0.222367 0.540388 0.221844 0.539866 0.221404 0.539383 0.221427 0.537544 0.221482 0.536748 0.222289 0.536293
0 0.206312 0.517827 0.207506 0.518134 0.207926 0.519769 0.207740 0.521013 0.206154 0.521013 0.205397 0.519943 0.204227 0.519538 0.204150 0.519158 0.204494 0.518666 0.204461 0.518620
0 0.176120 0.455119 0.179187 0.457191 0.178353 0.458094 0.176954 0.458397 0.175830 0.458719 0.174529 0.456186 0.175234 0.455476
0 0.189310 0.470319 0.190784 0.470441 0.191779 0.471369 0.192287 0.473073 0.190284 0.473315 0.189513 0.473085 0.189005 0.472408
0 0.147482 0.455285 0.146663 0.455131 0.146454 0.454092 0.147021 0.453742 0.147472 0.453521 0.147491 0.453474 0.148589 0.451767 0.148881 0.451879 0.149186 0.451973 0.149310 0.454688 0.149030 0.455686 0.148251 0.455408 0.148228 0.455314
0 0.102746 0.448131 0.103484 0.447754 0.104455 0.447754 0.105718 0.450808 0.104191 0.451222 0.102630 0.451163 0.102266 0.449658
0 0.139952 0.492311 0.140031 0.493193 0.140010 0.495068 0.139742 0.497115 0.139298 0.497706 0.138087 0.497265 0.137896 0.495901 0.138098 0.494739 0.137738 0.494406 0.137662 0.494026 0.137830 0.493423 0.137493 0.491823 0.138768 0.490714 0.139520 0.491902
0 0.090706 0.476838 0.091765 0.477012 0.091454 0.478538 0.090647 0.479231 0.088421 0.480515 0.087419 0.480205 0.089034 0.477395
0 0.104686 0.472302 0.106909 0.472308 0.107194 0.472967 0.106597 0.475396 0.104824 0.475527 0.104333 0.475118 0.104101 0.472967
0 0.095201 0.486240 0.095389 0.487067 0.095426 0.487169 0.095923 0.487203 0.095613 0.489037 0.095220 0.489562 0.094999 0.489369 0.094907 0.489458 0.093631 0.488829 0.093384 0.487957 0.093036 0.487653 0.093347 0.485294 0.094563 0.485509 0.094698 0.485551
0 0.098666 0.492122 0.099323 0.490694 0.100475 0.491222 0.102864 0.491907 0.102395 0.494439 0.100913 0.494821 0.099558 0.492944
0 0.117665 0.499795 0.118567 0.498535 0.119373 0.497686 0.121107 0.497583 0.121860 0.499491 0.121028 0.500297 0.118896 0.500566
0 0.105977 0.512183 0.106965 0.512257 0.107955 0.514650 0.106719 0.515093 0.103727 0.513786 0.103658 0.513603 0.103542 0.513610 0.102814 0.512497 0.104374 0.512011 0.104504 0.512143
0 0.097376 0.508737 0.099742 0.509311 0.100181 0.510278 0.099744 0.513249 0.099090 0.513743 0.096460 0.511075 0.096791 0.509605
0 0.092370 0.479351 0.092853 0.478797 0.095169 0.479098 0.095378 0.480762 0.094622 0.481665 0.093143 0.481731 0.092579 0.481622 0.092235 0.481660 0.091968 0.480210
0 0.102985 0.479832 0.103177 0.479871 0.105203 0.479250 0.105781 0.479709 0.105570 0.481036 0.105143 0.482519 0.103145 0.481866 0.102332 0.481303 0.102574 0.480474
0 0.123277 0.473292 0.123355 0.473079 0.123192 0.472657 0.123842 0.471204 0.126055 0.472001 0.126289 0.473490 0.126242 0.473553 0.126249 0.473665 0.126199 0.473927 0.126365 0.474464 0.124878 0.475217 0.124104 0.475019 0.124045 0.474546 0.123973 0.474532 0.123764 0.474064
0 0.109277 0.465703 0.110052 0.464536 0.109698 0.462977 0.110985 0.462351 0.111776 0.462117 0.112983 0.462551 0.112296 0.464477 0.112660 0.466853 0.112177 0.468034 0.111201 0.469892 0.111437 0.472807 0.110969 0.473758 0.108935 0.470868 0.108466 0.470035 0.108490 0.468618
0 0.121719 0.449466 0.122762 0.450927 0.123290 0.452200 0.120758 0.452971 0.120080 0.452068 0.119944 0.451616 0.119286 0.451079 0.119208 0.449173 0.120691 0.448895 0.120989 0.449247
0 0.126779 0.433008 0.128320 0.432986 0.128685 0.433473 0.128462 0.434530 0.129326 0.435947 0.130869 0.436281 0.131185 0.437358 0.130869 0.437675 0.129244 0.437853 0.128660 0.437815 0.127046 0.437949 0.126683 0.437186 0.126582 0.435663 0.126058 0.434061 0.126208 0.433661
0 0.116523 0.439127 0.116721 0.437691 0.116901 0.437347 0.116976 0.436845 0.117534 0.436504 0.119375 0.436267 0.119868 0.437004 0.120988 0.439217 0.120809 0.439696 0.120366 0.440776 0.119403 0.440783 0.118102 0.440397 0.117567 0.439683 0.117204 0.439866 0.116845 0.439628
0 0.080320 0.420256 0.081674 0.420564 0.081468 0.421579 0.081549 0.423021 0.081440 0.423698 0.081471 0.425417 0.081189 0.426175 0.081158 0.427292 0.080354 0.428989 0.079782 0.428505 0.079492 0.426354 0.078924 0.425000 0.079223 0.423974 0.079313 0.420974 0.079679 0.420586
0 0.013869 0.410806 0.014459 0.410522 0.015415 0.410191 0.016564 0.410368 0.017426 0.412142 0.017658 0.412906 0.017173 0.413409 0.016609 0.414124 0.016615 0.414360 0.016173 0.415747 0.014535 0.415365 0.014715 0.413010 0.014714 0.412276 0.014381 0.411931 0.013962 0.411330
0 0.037830 0.449584 0.038664 0.451198 0.038820 0.453625 0.037466 0.454943 0.036662 0.453870 0.036596 0.451498 0.037124 0.449864
0 0.012950 0.460121 0.013966 0.459780 0.014536 0.460541 0.013470 0.462866 0.010868 0.462866 0.010618 0.462018 0.010463 0.461925 0.010384 0.460191 0.011110 0.460183
0 0.055508 0.475685 0.057148 0.476063 0.058007 0.476310 0.058525 0.477001 0.058674 0.481001 0.058335 0.481687 0.057702 0.482903 0.056963 0.482793 0.056674 0.482548 0.056184 0.482519 0.055788 0.481419 0.055479 0.479761 0.055203 0.478816 0.055248 0.477538 0.055264 0.476281
0 0.058986 0.455562 0.061246 0.456012 0.062053 0.456984 0.061818 0.459655 0.061115 0.460280 0.058930 0.458647 0.058072 0.456705
0 0.068119 0.445426 0.068811 0.444542 0.070022 0.444291 0.070591 0.444859 0.071037 0.444812 0.071693 0.445200 0.072522 0.444396 0.073226 0.446505 0.072781 0.448557 0.071115 0.449326 0.070518 0.449252 0.070202 0.448727 0.069371 0.447620 0.069160 0.446409 0.068374 0.445946
0 0.045455 0.435546 0.046994 0.436188 0.048372 0.437838 0.049114 0.439729 0.047631 0.440231 0.045838 0.439055 0.045292 0.436789
0 0.059188 0.424293 0.060608 0.424496 0.062538 0.424610 0.062590 0.426794 0.061002 0.427175 0.059984 0.426208 0.058920 0.425719
0 0.095593 0.380863 0.096937 0.380888 0.098503 0.380858 0.099115 0.381719 0.097070 0.383527 0.094937 0.383423 0.094650 0.382176
0 0.091652 0.359956 0.092229 0.359800 0.092499 0.358167 0.093333 0.357055 0.094985 0.356787 0.095387 0.356847 0.095700 0.357861 0.096118 0.357891 0.096688 0.358651 0.095961 0.359516 0.094848 0.359821 0.094215 0.360976 0.093305 0.360836 0.092524 0.361287 0.091748 0.360496
0 0.144066 0.382180 0.143801 0.384533 0.141875 0.385336 0.140834 0.384880 0.140785 0.384155 0.141199 0.382174 0.143472 0.381759
0 0.149485 0.382418 0.152240 0.382913 0.152734 0.384262 0.151606 0.384846 0.149662 0.384746 0.147371 0.383949 0.147580 0.382911
0 0.156146 0.388524 0.156183 0.388537 0.156824 0.388293 0.157346 0.387494 0.158775 0.387494 0.159060 0.388569 0.159041 0.388994 0.159609 0.390616 0.157532 0.391510 0.156978 0.391936 0.156204 0.392239 0.155213 0.393352 0.154428 0.395059 0.152971 0.394957 0.152162 0.394510 0.151666 0.395165 0.151236 0.395492 0.150806 0.396519 0.149168 0.396033 0.149168 0.395064 0.150637 0.393581 0.151174 0.392806 0.151928 0.392392 0.152943 0.392496 0.153254 0.392525 0.153488 0.391694 0.153621 0.390689 0.154193 0.390205 0.154503 0.390339 0.154377 0.388119 0.155990 0.388538 0.156116 0.388543
0 0.054724 0.341004 0.055414 0.340537 0.056989 0.340970 0.057223 0.343158 0.056705 0.344818 0.055142 0.345168 0.055149 0.343199
0 0.057755 0.335096 0.058617 0.334547 0.058891 0.334759 0.061169 0.335867 0.060754 0.337154 0.061558 0.337914 0.061482 0.338294 0.060813 0.338625 0.059457 0.338534 0.058969 0.337980 0.058363 0.338752 0.057242 0.339573 0.055963 0.337534 0.056480 0.337162 0.057419 0.336218
0 0.074450 0.338170 0.075991 0.338021 0.079354 0.338021 0.080474 0.337705 0.080933 0.338044 0.082334 0.337806 0.082912 0.338442 0.083872 0.338157 0.086652 0.338095 0.088285 0.339427 0.087646 0.340182 0.084822 0.340264 0.083656 0.342430 0.081769 0.342594 0.079621 0.342997 0.078754 0.342199 0.077749 0.341774 0.076620 0.341894 0.075714 0.342324 0.074179 0.341805 0.073744 0.341328 0.072263 0.341358 0.072251 0.341351 0.072391 0.340792 0.071698 0.340579 0.071900 0.339627 0.072966 0.339421 0.073455 0.339428 0.073898 0.339113
0 0.018121 0.365369 0.018275 0.362987 0.018802 0.364542 0.019134 0.364654 0.020011 0.365206 0.020749 0.365869 0.020940 0.368437 0.021642 0.370601 0.022018 0.370496 0.023509 0.370695 0.023764 0.371709 0.022889 0.371943 0.022808 0.372079 0.022406 0.372177 0.021999 0.373401 0.021559 0.373823 0.021843 0.374515 0.023328 0.377119 0.023403 0.377636 0.024002 0.378018 0.025384 0.378508 0.025697 0.380346 0.024826 0.380510 0.021402 0.378401 0.020827 0.376800 0.019996 0.375380 0.019958 0.372829 0.019685 0.371354 0.019706 0.370104 0.019529 0.368646 0.019851 0.367974 0.019696 0.366793 0.018635 0.366089
0 0.022168 0.357131 0.023225 0.356967 0.025241 0.357998 0.024177 0.360007 0.023471 0.360949 0.022745 0.360949 0.022252 0.360292 0.021780 0.360217 0.021637 0.360094 0.021107 0.359846 0.020866 0.359869 0.020323 0.359803 0.020114 0.358764 0.021211 0.357823 0.021637 0.357431
0 0.022889 0.371943 0.025311 0.371297 0.024332 0.370409 0.024982 0.369268 0.026219 0.370161 0.026694 0.371377 0.027767 0.371557 0.028989 0.373186 0.030164 0.374128 0.030116 0.375322 0.032013 0.374893 0.032820 0.376346 0.031937 0.376699 0.031127 0.378187 0.028759 0.378395 0.027431 0.377250 0.026509 0.375800 0.025257 0.375475 0.024850 0.374641 0.023796 0.373340 0.023523 0.374680 0.022144 0.374367 0.021990 0.373466
0 0.048263 0.343017 0.048079 0.341370 0.048150 0.341020 0.048848 0.340669 0.049661 0.340391 0.050335 0.341848 0.050249 0.343071 0.050377 0.344657 0.049984 0.344952 0.049752 0.345363 0.048643 0.345771 0.047938 0.345887 0.046973 0.344636 0.046863 0.344109 0.047171 0.343938
0 0.039083 0.366857 0.040654 0.365741 0.041292 0.364421 0.042740 0.365574 0.042583 0.366928 0.042142 0.367795 0.039357 0.368313
0 0.008631 0.392210 0.009259 0.392527 0.011106 0.392626 0.011386 0.394296 0.009992 0.395085 0.008563 0.394809 0.008426 0.394205 0.007970 0.393738 0.007867 0.393229 0.008568 0.392503
0 0.004992 0.395657 0.006407 0.394732 0.007234 0.395137 0.008037 0.397785 0.007339 0.398716 0.006547 0.398678 0.005115 0.396428
0 0.005283 0.403317 0.004360 0.402133 0.003679 0.400115 0.004567 0.399686 0.004901 0.399044 0.005222 0.399150 0.005910 0.398629 0.006329 0.398629 0.006711 0.398765 0.006572 0.401413 0.005352 0.403098
0 0.013352 0.300551 0.015511 0.300686 0.016130 0.300812 0.016409 0.302204 0.015120 0.303271 0.013168 0.302577 0.013103 0.301301
0 0.005110 0.333418 0.006115 0.333087 0.008071 0.333463 0.008665 0.335273 0.007444 0.336344 0.005738 0.336344 0.005354 0.335832
0 0.018758 0.316565 0.019213 0.315575 0.020061 0.314652 0.020813 0.313745 0.021399 0.313234 0.022236 0.313346 0.023211 0.313743 0.022513 0.315553 0.021571 0.316670 0.020900 0.317286 0.020805 0.317832 0.020002 0.318763 0.019510 0.318860 0.018330 0.318669 0.018548 0.317381
0 0.390059 0.305257 0.390525 0.305596 0.391548 0.306760 0.393098 0.307574 0.393395 0.309351 0.392409 0.311581 0.391610 0.311755 0.390731 0.311808 0.390288 0.311217 0.390392 0.309886 0.390967 0.309346 0.391024 0.308917 0.389896 0.308824 0.389508 0.307399 0.389790 0.305987
0 0.329321 0.273247 0.330123 0.272690 0.330725 0.272122 0.331006 0.271226 0.331506 0.270424 0.331976 0.270063 0.333913 0.270938 0.332993 0.272819 0.332542 0.273580 0.332101 0.274032 0.330797 0.275700 0.330055 0.275549 0.329756 0.275216 0.329529 0.274184 0.329365 0.273850
0 0.358121 0.288530 0.359782 0.288146 0.360152 0.290097 0.360694 0.290716 0.359809 0.291829 0.357831 0.291060 0.357776 0.289325
0 0.345289 0.320934 0.345332 0.319376 0.346348 0.319640 0.347676 0.319584 0.348403 0.320449 0.347805 0.322149 0.345828 0.322253
0 0.323481 0.319373 0.324877 0.319224 0.324565 0.318703 0.324225 0.319052 0.323655 0.319052 0.323446 0.317805 0.324439 0.316639 0.324949 0.317122 0.325601 0.318200 0.325976 0.318550 0.326127 0.320064 0.325536 0.321322 0.324799 0.321390 0.323342 0.321135 0.323313 0.319957
0 0.293589 0.310850 0.294683 0.310773 0.296583 0.311883 0.296531 0.314901 0.294814 0.314726 0.294240 0.312819 0.293460 0.312713
0 0.273250 0.300513 0.273448 0.300790 0.274743 0.300686 0.275215 0.301971 0.274632 0.302439 0.274719 0.302561 0.272508 0.303186 0.270581 0.301762 0.271121 0.300441 0.272388 0.300272
0 0.262182 0.305870 0.264448 0.304932 0.265252 0.305797 0.264264 0.307393 0.262729 0.307515 0.262625 0.307495 0.262610 0.307507 0.261432 0.306885 0.261206 0.306365 0.262180 0.305876
0 0.245396 0.256808 0.246330 0.256126 0.246408 0.256429 0.246695 0.258024 0.247647 0.259042 0.248503 0.259566 0.248294 0.260604 0.247520 0.260699 0.245770 0.261229 0.245171 0.260534 0.245008 0.260107 0.244157 0.258904 0.244234 0.258211 0.244908 0.257520 0.244993 0.257348
0 0.189541 0.300091 0.190452 0.300718 0.190423 0.301209 0.190636 0.303043 0.189101 0.303006 0.188370 0.303564 0.186801 0.304006 0.185946 0.304149 0.185445 0.303646 0.185194 0.302899 0.185207 0.301710 0.185344 0.301698 0.186082 0.300775 0.187048 0.299823 0.189015 0.299826
0 0.157419 0.311410 0.160753 0.311297 0.161413 0.312177 0.160269 0.313904 0.158899 0.313974 0.157710 0.313904 0.157170 0.312319
0 0.180900 0.300488 0.181521 0.300904 0.182625 0.301539 0.183127 0.301532 0.183465 0.302076 0.183858 0.303001 0.183295 0.303231 0.182070 0.303539 0.180784 0.303554 0.180408 0.303717 0.179207 0.303466 0.178914 0.303201 0.177531 0.301526 0.178102 0.300299 0.179269 0.299842
0 0.176304 0.270621 0.176502 0.269870 0.176712 0.268383 0.177182 0.267710 0.178098 0.266225 0.178934 0.264401 0.180006 0.262970 0.180801 0.262444 0.182476 0.262959 0.182021 0.265223 0.181121 0.265887 0.180623 0.267087 0.180040 0.267740 0.179388 0.268940 0.178849 0.269577 0.178307 0.272235 0.177430 0.272992 0.176458 0.273681 0.175627 0.273180 0.175304 0.273131 0.174871 0.272748 0.174450 0.272668 0.173825 0.271835 0.173750 0.271630 0.173435 0.271314 0.173389 0.270361 0.173280 0.269788 0.173343 0.269059 0.173565 0.267879 0.174209 0.267977 0.174475 0.267881 0.174760 0.267983 0.175672 0.268991 0.175736 0.270148
0 0.101286 0.259775 0.102004 0.259916 0.102641 0.258840 0.104663 0.260027 0.104049 0.261443 0.102798 0.262236 0.102627 0.262183 0.102483 0.262342 0.101342 0.262102 0.100585 0.262029 0.100507 0.260087 0.101254 0.260026
0 0.132488 0.268786 0.133824 0.266415 0.134605 0.266623 0.135232 0.267489 0.134671 0.268225 0.134421 0.269917 0.132964 0.270123
0 0.155156 0.255969 0.155896 0.255992 0.156176 0.257772 0.156861 0.257869 0.157746 0.258666 0.157746 0.259843 0.157566 0.260187 0.157900 0.261442 0.157302 0.262517 0.155985 0.262308 0.156209 0.261324 0.156158 0.260661 0.155872 0.259264 0.154719 0.258844 0.154591 0.256555
0 0.157943 0.250452 0.158361 0.248783 0.161225 0.248465 0.162107 0.249546 0.160755 0.250619 0.160273 0.250598 0.158959 0.251320
0 0.201015 0.206240 0.199626 0.205780 0.200067 0.204913 0.201602 0.204707 0.203227 0.205067 0.204180 0.203624 0.203114 0.203210 0.203036 0.201788 0.205559 0.202205 0.206471 0.203421 0.205715 0.204772 0.205225 0.204988 0.204571 0.206541 0.202071 0.206645
0 0.170826 0.241143 0.171353 0.240874 0.171497 0.240868 0.171593 0.240791 0.171969 0.240656 0.172765 0.239749 0.173334 0.239269 0.173984 0.239753 0.173906 0.241659 0.173620 0.242019 0.172759 0.243083 0.171987 0.242819 0.170834 0.242881 0.170361 0.243211 0.169872 0.242081
0 0.218682 0.206775 0.219076 0.205906 0.219854 0.206240 0.221157 0.205974 0.221591 0.205847 0.222067 0.206808 0.222391 0.206822 0.223517 0.207547 0.222372 0.208727 0.222003 0.208803 0.221878 0.209178 0.220865 0.209560 0.220391 0.207731 0.219825 0.207750 0.218916 0.207180
0 0.185960 0.198561 0.189178 0.199617 0.189698 0.200484 0.188240 0.201559 0.188059 0.202531 0.187221 0.203151 0.186444 0.205101 0.185170 0.204997 0.184412 0.205414 0.182983 0.205414 0.183665 0.204020 0.184467 0.203159 0.185902 0.202676 0.186130 0.201370 0.185430 0.199719
0 0.229579 0.180547 0.230306 0.180567 0.231481 0.181824 0.230607 0.182869 0.230134 0.182842 0.229999 0.184101 0.228216 0.185889 0.227787 0.185224 0.227726 0.184768 0.227006 0.183317 0.227169 0.183218 0.227968 0.182520 0.228363 0.182550 0.228724 0.181130 0.229036 0.180848
0 0.212063 0.188348 0.213687 0.188311 0.213664 0.191681 0.212711 0.191732 0.210774 0.191266 0.210767 0.190211 0.211475 0.189066
0 0.213126 0.353288 0.214201 0.352300 0.216205 0.352177 0.217474 0.353047 0.216435 0.354368 0.215522 0.354809 0.213478 0.354312
0 0.217037 0.357735 0.217974 0.356315 0.219431 0.356109 0.220470 0.357703 0.219569 0.359473 0.219534 0.360479 0.217921 0.360583
0 0.195334 0.357544 0.195263 0.357632 0.194861 0.357692 0.193572 0.357838 0.192923 0.356973 0.193578 0.356134 0.194225 0.355641 0.194458 0.355169 0.194744 0.355067 0.195654 0.355273 0.195912 0.355617 0.196982 0.356002 0.197269 0.357666 0.195819 0.357594
0 0.186743 0.358294 0.186765 0.356659 0.187234 0.355825 0.189628 0.356036 0.190355 0.356900 0.188820 0.358392 0.187351 0.358702
0 0.179776 0.339579 0.181217 0.340738 0.181449 0.342889 0.180762 0.343935 0.178875 0.344068 0.177807 0.342331 0.178865 0.339807
0 0.155876 0.340501 0.156405 0.339796 0.157264 0.339171 0.157548 0.338584 0.158490 0.338430 0.158802 0.338379 0.158821 0.338376 0.158823 0.338381 0.159732 0.338967 0.159524 0.340631 0.158785 0.341061 0.158692 0.341149 0.158665 0.341293 0.159966 0.342576 0.157392 0.344068 0.156910 0.343284 0.156400 0.343756 0.156340 0.343756 0.156086 0.344172 0.155449 0.344128 0.154448 0.342613 0.155274 0.341472
0 0.229084 0.321013 0.227573 0.320167 0.226788 0.319538 0.227020 0.318530 0.228413 0.318338 0.229199 0.318275 0.231108 0.318233 0.231488 0.318408 0.232396 0.318642 0.232751 0.319088 0.233844 0.320230 0.232823 0.321455 0.232360 0.321793 0.231429 0.321039 0.230954 0.321064
0 0.224692 0.327542 0.226994 0.327943 0.228062 0.330232 0.226971 0.330511 0.225694 0.330376 0.224080 0.329365 0.224161 0.328410
0 0.240641 0.328671 0.239367 0.328671 0.238730 0.327200 0.238751 0.327140 0.238859 0.325083 0.239848 0.324773 0.240623 0.325632 0.241774 0.325916 0.242137 0.326679 0.240909 0.328053
0 0.264565 0.138096 0.265165 0.136159 0.267744 0.135895 0.268626 0.136760 0.268107 0.137835 0.266223 0.137967 0.264853 0.138770
0 0.212826 0.101016 0.215559 0.100093 0.215402 0.101581 0.214935 0.104193 0.214534 0.104336 0.213143 0.103460 0.212731 0.101912
0 0.198286 0.155400 0.200133 0.155237 0.201674 0.155084 0.201690 0.155889 0.202139 0.157466 0.202603 0.157846 0.203212 0.158561 0.203793 0.158948 0.203611 0.160592 0.202974 0.160424 0.200399 0.160083 0.199274 0.158690 0.198608 0.157924 0.197841 0.157440 0.197960 0.156106
0 0.160155 0.169680 0.159370 0.170570 0.159019 0.170865 0.158165 0.171788 0.157303 0.171807 0.156756 0.171349 0.156906 0.170487 0.157668 0.170029 0.157159 0.169258 0.156708 0.169062 0.156421 0.167711 0.157248 0.167129 0.158763 0.167016 0.159391 0.168270 0.160023 0.169074
0 0.096805 0.185885 0.097648 0.185016 0.098709 0.186847 0.097828 0.189284 0.096262 0.189967 0.095692 0.189206 0.096427 0.188008
0 0.296855 0.084913 0.297051 0.082611 0.298048 0.082761 0.298230 0.081933 0.298758 0.081430 0.300612 0.081041 0.303083 0.081331 0.303609 0.081511 0.304528 0.084981 0.303402 0.085396 0.301918 0.085506 0.301215 0.085847 0.300121 0.085847 0.298887 0.085284 0.297386 0.085402
0 0.281226 0.096420 0.280567 0.094760 0.280412 0.094263 0.279589 0.092206 0.280866 0.091689 0.281094 0.091999 0.281865 0.092415 0.281922 0.093116 0.281982 0.093209 0.281982 0.093210 0.282833 0.093293 0.284127 0.093895 0.283588 0.095738 0.283042 0.095850 0.281700 0.096480
0 0.277643 0.041039 0.277337 0.038194 0.279056 0.038298 0.280513 0.038609 0.280878 0.040377 0.280279 0.040967 0.278331 0.041441
0 0.216739 0.074089 0.217369 0.073391 0.219029 0.073412 0.219393 0.074383 0.218717 0.079000 0.217703 0.078409 0.217549 0.076362
0 0.204892 0.082010 0.205826 0.080406 0.206189 0.081169 0.206160 0.081476 0.206631 0.081896 0.207389 0.082073 0.207943 0.082812 0.208248 0.082906 0.208769 0.084258 0.208041 0.084610 0.206896 0.084432 0.205893 0.083915 0.204447 0.083985 0.203719 0.083632 0.204396 0.082281
0 0.197315 0.063858 0.198197 0.062961 0.199134 0.062961 0.201267 0.063929 0.200619 0.065002 0.198744 0.065836 0.198274 0.065694 0.196688 0.065299 0.197260 0.063950 0.197316 0.063959
0 0.156338 0.300385 0.156756 0.299827 0.157207 0.299964 0.157272 0.298992 0.158540 0.297849 0.159093 0.299008 0.159104 0.299511 0.159437 0.299607 0.160345 0.300784 0.159718 0.301574 0.159585 0.302050 0.159257 0.302576 0.157845 0.303261 0.156460 0.301210 0.156373 0.301007
0 0.129989 0.310569 0.129988 0.310571 0.130067 0.310672 0.129468 0.311680 0.127804 0.311576 0.126892 0.310776 0.127153 0.309860 0.127207 0.309796 0.127206 0.309772 0.127705 0.309038 0.129312 0.309010 0.129895 0.310450
0 0.144407 0.291460 0.145523 0.290292 0.145943 0.289790 0.146639 0.289591 0.147400 0.289063 0.148049 0.289928 0.147816 0.290933 0.147262 0.291880 0.147191 0.292287 0.146666 0.292907 0.146332 0.293849 0.145732 0.294649 0.144676 0.295134 0.143992 0.292896 0.144144 0.292152
0 0.156841 0.233123 0.158193 0.232086 0.159480 0.233038 0.159765 0.233905 0.158101 0.235811 0.155863 0.235501 0.155576 0.234150
0 0.149618 0.249219 0.150349 0.250026 0.151210 0.251348 0.151006 0.252569 0.152071 0.254749 0.151706 0.255236 0.150852 0.255066 0.150067 0.253916 0.149778 0.252706 0.149417 0.252632 0.148505 0.251728 0.148327 0.250265 0.147983 0.250234 0.147413 0.249473 0.148900 0.248824
0 0.148027 0.234271 0.150574 0.234492 0.150783 0.235530 0.150236 0.236572 0.148955 0.237222 0.147324 0.235719 0.147431 0.234970
0 0.026910 0.204054 0.028675 0.204181 0.028185 0.206422 0.027283 0.206278 0.025754 0.205488 0.025163 0.204735 0.025733 0.203975
0 0.396247 0.171140 0.397279 0.171269 0.397412 0.171123 0.398076 0.171269 0.399416 0.171433 0.399625 0.172993 0.398229 0.173281 0.398022 0.173261 0.397064 0.173507 0.395716 0.173510 0.395430 0.171130
0 0.413085 0.152970 0.413694 0.152906 0.414579 0.152887 0.415402 0.152490 0.415601 0.152200 0.415852 0.151959 0.416103 0.151582 0.416993 0.151800 0.417560 0.151793 0.418755 0.153387 0.418101 0.154226 0.415920 0.154772 0.415622 0.154577 0.415502 0.154671 0.414903 0.154693 0.414288 0.154590 0.413827 0.154356 0.412803 0.154590 0.412474 0.153969 0.412223 0.153424
0 0.475104 0.124744 0.475603 0.123747 0.477814 0.123851 0.478256 0.124926 0.477295 0.127041 0.476377 0.126200 0.474926 0.125827
0 0.610483 0.027789 0.611042 0.027351 0.612801 0.028080 0.614192 0.030338 0.613905 0.030721 0.612164 0.030531 0.610658 0.028714
0 0.542882 0.012118 0.544734 0.011904 0.545906 0.012863 0.545409 0.013691 0.543193 0.014042 0.542233 0.014835 0.541583 0.013173
0 0.507068 0.000000 0.512797 0.000000 0.513494 0.000333 0.513406 0.000212 0.513006 0.000465 0.512317 0.000793 0.512067 0.001007 0.511221 0.001503 0.510916 0.001597 0.510250 0.002226 0.509639 0.002593 0.508845 0.002969 0.508220 0.003224 0.506945 0.001489 0.506874 0.000561
0 0.494156 0.009341 0.495144 0.009311 0.495978 0.011495 0.494937 0.011744 0.494535 0.011738 0.494415 0.011864 0.493667 0.011628 0.492360 0.010614 0.492075 0.009955 0.493399 0.008984 0.493558 0.009155
0 0.453966 0.005885 0.454081 0.005894 0.454170 0.005796 0.454768 0.005694 0.455496 0.006178 0.455641 0.007083 0.456041 0.007808 0.455649 0.008505 0.453936 0.008779 0.453732 0.008425 0.453076 0.007842 0.452247 0.007212 0.452189 0.007214 0.452026 0.006772 0.451955 0.006798 0.451670 0.006696 0.451461 0.006418 0.451404 0.006133 0.451305 0.006001 0.451229 0.005621 0.451305 0.005241 0.451409 0.005102 0.451383 0.005032 0.451472 0.005018 0.451514 0.004962 0.451799 0.004860 0.451998 0.004931 0.452287 0.004884 0.453056 0.004781 0.453076 0.004754 0.453361 0.004652 0.453646 0.004754 0.453855 0.005032 0.453932 0.005412 0.453855 0.005793 0.453847 0.005804
0 0.417249 0.010824 0.419053 0.010419 0.419443 0.014825 0.417856 0.015358 0.417102 0.015312 0.417051 0.012049
0 0.438381 0.032524 0.439333 0.031267 0.441734 0.030792 0.442594 0.031516 0.441964 0.033561 0.441345 0.033921 0.440590 0.033549 0.439809 0.033633 0.439158 0.033690 0.438704 0.033362
0 0.295497 0.379869 0.298828 0.380006 0.299113 0.380665 0.298802 0.382607 0.297833 0.383122 0.296304 0.382990 0.295470 0.380949
0 0.310404 0.393289 0.312317 0.393444 0.312236 0.393528 0.312550 0.394206 0.312109 0.395073 0.311706 0.395133 0.310700 0.395128 0.310653 0.395177 0.310280 0.395089 0.309949 0.395279 0.309363 0.395237 0.308933 0.395383 0.308439 0.395003 0.308804 0.393756 0.309137 0.393645 0.310261 0.393238 0.310399 0.393297
0 0.322632 0.389378 0.324092 0.389343 0.325157 0.388339 0.326639 0.389139 0.326639 0.389899 0.326402 0.390218 0.326365 0.391448 0.325422 0.392099 0.324505 0.393092 0.323958 0.393092 0.322526 0.392503 0.322459 0.391024 0.321120 0.390628 0.321120 0.389868 0.322005 0.389516
0 0.412870 0.376433 0.413857 0.374769 0.414154 0.373409 0.415300 0.373508 0.416886 0.374208 0.415377 0.377536 0.414127 0.377536
0 0.401502 0.402004 0.403177 0.401617 0.404136 0.401861 0.404841 0.402871 0.404324 0.403838 0.402473 0.404985 0.401276 0.404084
0 0.407554 0.466949 0.405472 0.467023 0.404698 0.466921 0.404457 0.466947 0.404395 0.466900 0.403885 0.466552 0.404094 0.465513 0.405076 0.464395 0.405749 0.464949 0.406685 0.465026 0.407347 0.465788 0.407899 0.466559
0 0.395186 0.451787 0.395658 0.452729 0.396410 0.453732 0.395967 0.455396 0.394094 0.455013 0.394077 0.454801 0.394015 0.454762 0.393673 0.453270 0.393574 0.452645 0.393937 0.451778 0.394949 0.451779
0 0.387159 0.449423 0.389319 0.449735 0.389231 0.450293 0.389163 0.452267 0.388720 0.452962 0.388502 0.453044 0.388485 0.453066 0.388436 0.453057 0.388278 0.453064 0.387302 0.452917 0.386587 0.452858 0.386222 0.451298 0.386950 0.450709 0.387162 0.450709
0 0.404862 0.444878 0.406559 0.444355 0.407187 0.445062 0.407873 0.445921 0.408015 0.447043 0.408067 0.447824 0.407873 0.448362 0.407835 0.448933 0.406637 0.449730 0.405843 0.449262 0.405415 0.449212 0.405145 0.448630 0.404399 0.447962 0.404036 0.446782 0.404474 0.445411
0 0.395920 0.345208 0.396921 0.345236 0.397566 0.345287 0.398914 0.346213 0.398576 0.347875 0.398094 0.347544 0.397488 0.347345 0.397140 0.347217 0.396830 0.347564 0.396166 0.347711 0.395737 0.348398 0.394965 0.348033 0.394825 0.347815 0.394256 0.346281 0.395914 0.345211
0 0.377866 0.324485 0.380268 0.323539 0.381180 0.325067 0.381070 0.326960 0.380403 0.328041 0.378942 0.327182 0.377958 0.325334
0 0.391464 0.358094 0.392209 0.356916 0.392795 0.356562 0.393961 0.357109 0.394799 0.357185 0.395373 0.357916 0.396649 0.359682 0.395217 0.360062 0.394905 0.359930 0.394045 0.359854 0.393733 0.359722 0.393030 0.359750 0.392432 0.359439 0.391800 0.358375 0.391726 0.358362
0 0.383135 0.352984 0.385424 0.352914 0.385834 0.353622 0.386961 0.354130 0.386961 0.354890 0.385295 0.355271 0.383448 0.354960
0 0.346793 0.371334 0.347360 0.370648 0.348947 0.370736 0.350436 0.372612 0.351545 0.372291 0.352116 0.373052 0.351724 0.373748 0.350217 0.374277 0.349541 0.374231 0.349264 0.373424 0.348686 0.372281 0.347413 0.372101
0 0.313731 0.362472 0.314073 0.361560 0.314115 0.361631 0.315044 0.361872 0.315215 0.361975 0.315592 0.362119 0.316803 0.362843 0.315836 0.363786 0.315555 0.364994 0.314905 0.365479 0.313831 0.364847 0.312639 0.364958 0.312189 0.364848 0.312156 0.364812 0.312131 0.364812 0.311338 0.364752 0.311416 0.363331 0.312522 0.363271 0.313643 0.363186
0 0.315961 0.324549 0.316228 0.324795 0.316976 0.324470 0.317796 0.324428 0.318445 0.325292 0.317524 0.326528 0.317201 0.327020 0.317196 0.327964 0.315491 0.328407 0.314933 0.328347 0.315115 0.325016
0 0.315073 0.377611 0.315296 0.375782 0.318290 0.377412 0.318056 0.379423 0.317405 0.380011 0.316446 0.379010 0.315600 0.378344
0 0.450181 0.313655 0.451778 0.314460 0.452287 0.315636 0.451583 0.316069 0.449852 0.316232 0.447513 0.315379 0.448155 0.313460
0 0.426543 0.296302 0.426034 0.293727 0.426731 0.293004 0.427386 0.292130 0.428387 0.292124 0.429622 0.292387 0.429761 0.293836 0.429581 0.294594 0.429395 0.295192 0.429180 0.295692 0.428687 0.297276 0.428386 0.298057 0.427707 0.298409 0.426855 0.297016
0 0.545428 0.298039 0.545833 0.296427 0.548051 0.296479 0.548787 0.296967 0.549629 0.299248 0.547537 0.300527 0.546737 0.299270
0 0.567113 0.274340 0.568528 0.274477 0.570355 0.274416 0.570950 0.276343 0.569837 0.276843 0.568501 0.276883 0.566759 0.276144
0 0.551867 0.233346 0.551867 0.233342 0.551703 0.233213 0.551176 0.232956 0.550731 0.230486 0.551999 0.230796 0.552657 0.230931 0.553684 0.232277 0.553881 0.232415 0.554401 0.234192 0.553068 0.234589
0 0.528987 0.243846 0.530136 0.245916 0.527801 0.246165 0.527092 0.245304 0.526938 0.244957 0.526280 0.243052 0.526983 0.242510 0.527642 0.242992 0.528169 0.243101 0.528547 0.243774
0 0.495890 0.210193 0.497194 0.209561 0.497379 0.210179 0.498642 0.209279 0.499267 0.211562 0.496922 0.212366 0.495989 0.210676
0 0.467861 0.205941 0.468776 0.205941 0.469355 0.206386 0.469514 0.207086 0.469722 0.208743 0.469354 0.208860 0.468502 0.209799 0.467069 0.209557 0.466496 0.207259 0.466549 0.206630 0.467789 0.206312
0 0.471433 0.210268 0.471392 0.210094 0.470513 0.208419 0.470487 0.207363 0.471526 0.206961 0.472668 0.206234 0.472739 0.206297 0.473506 0.206304 0.473840 0.207076 0.473601 0.207685 0.473229 0.208906 0.473048 0.209501 0.473018 0.209597 0.473000 0.209610 0.472499 0.210168 0.471902 0.210274
0 0.607488 0.046704 0.608238 0.046251 0.610630 0.047234 0.611036 0.048998 0.609049 0.049539 0.608537 0.048709 0.607098 0.047576
0 0.607701 0.038018 0.608900 0.035298 0.609698 0.036417 0.610409 0.036621 0.611036 0.038681 0.610188 0.039517 0.607944 0.038927
0 0.562616 0.036964 0.561910 0.038003 0.560371 0.038924 0.560220 0.038765 0.560150 0.038776 0.558788 0.036278 0.559084 0.035884 0.560266 0.035782 0.560924 0.035445 0.561844 0.036131 0.561941 0.036497
0 0.549721 0.024335 0.549568 0.024358 0.548693 0.024335 0.548340 0.023729 0.547647 0.023139 0.546960 0.022615 0.547255 0.021145 0.548212 0.021041 0.548764 0.020854 0.550898 0.022224 0.549831 0.024188 0.549683 0.024302
0 0.647966 0.027828 0.649249 0.026897 0.651164 0.028466 0.651242 0.029447 0.650315 0.032000 0.648514 0.031852 0.647115 0.029447
0 0.623492 0.023359 0.624191 0.024973 0.623232 0.026546 0.620693 0.025563 0.620878 0.023651
0 0.502251 0.038795 0.502581 0.037151 0.505373 0.038255 0.505075 0.039206 0.505135 0.040001 0.504805 0.041640 0.502943 0.040464
0 0.539918 0.052954 0.538256 0.051321 0.538979 0.049802 0.540892 0.050217 0.541128 0.050552 0.543119 0.052589 0.542035 0.054079
0 0.655863 0.071214 0.657421 0.071667 0.658106 0.071765 0.658249 0.072592 0.658420 0.073773 0.658952 0.077727 0.657505 0.077727 0.656566 0.076267 0.655845 0.075514 0.654915 0.073305 0.655451 0.071718
0 0.561220 0.073426 0.562479 0.074027 0.563782 0.073855 0.565364 0.076013 0.565115 0.076399 0.564068 0.077535 0.561745 0.076559 0.560547 0.076411 0.560212 0.076470 0.559946 0.076464 0.559145 0.076893 0.558510 0.076842 0.557745 0.077308 0.557229 0.077123 0.556299 0.076001 0.557333 0.074068 0.557941 0.073879 0.559869 0.072823 0.560310 0.073462
0 0.540830 0.074545 0.539422 0.074207 0.537791 0.073448 0.537057 0.070931 0.538417 0.070907 0.539817 0.070768 0.541029 0.071239 0.542366 0.072669 0.542502 0.072621 0.543070 0.072823 0.543485 0.073378 0.543637 0.074134 0.543485 0.074891 0.543070 0.075446 0.542502 0.075648 0.541934 0.075446 0.541534 0.074912
0 0.572396 0.094393 0.573199 0.093355 0.573811 0.093168 0.576843 0.093743 0.578379 0.094185 0.579164 0.094830 0.579680 0.096336 0.579728 0.097912 0.577966 0.098877 0.576022 0.098738 0.575372 0.100194 0.573611 0.100951 0.572026 0.098419 0.571854 0.097570 0.572126 0.095670
0 0.884147 0.667638 0.886253 0.666798 0.886806 0.668197 0.886966 0.669207 0.886001 0.670943 0.885523 0.671072 0.884193 0.668416
0 0.881926 0.566291 0.883523 0.565266 0.886001 0.565553 0.886338 0.567230 0.883081 0.568113 0.882261 0.568685 0.881874 0.567428
0 0.890937 0.586157 0.889287 0.585453 0.889712 0.583510 0.891307 0.581133 0.893023 0.581307 0.893023 0.583880 0.891551 0.585675
0 0.886284 0.594464 0.888776 0.594480 0.889239 0.596998 0.888316 0.597780 0.887685 0.597399 0.885963 0.597111 0.885963 0.595337
0 0.979918 0.635395 0.981557 0.635882 0.981192 0.640775 0.979858 0.640296 0.979241 0.639663 0.978874 0.637920 0.978995 0.636454 0.980341 0.637014
0 0.981037 0.609869 0.982182 0.609010 0.983145 0.610119 0.983671 0.611966 0.983795 0.613658 0.982834 0.613762 0.982257 0.612690
0 0.969481 0.585619 0.970823 0.585045 0.971957 0.585228 0.972342 0.585329 0.973293 0.585482 0.974172 0.585475 0.974717 0.586400 0.973530 0.587471 0.972535 0.587895 0.971154 0.587665 0.970762 0.587638 0.969990 0.587466 0.969259 0.586376
0 0.988434 0.580677 0.987540 0.580017 0.987110 0.579269 0.986937 0.579147 0.986830 0.578406 0.986704 0.577543 0.986650 0.577171 0.986898 0.577228 0.987747 0.577426 0.988888 0.577692 0.989033 0.578234 0.989254 0.578249 0.990035 0.578353 0.990633 0.578663 0.990626 0.578878 0.990763 0.580223 0.990164 0.580918 0.989488 0.580992 0.988482 0.580667
0 0.976846 0.566164 0.977308 0.565411 0.978643 0.564359 0.978733 0.564353 0.980282 0.563945 0.980776 0.564325 0.980643 0.565311 0.980464 0.565989 0.980121 0.566117 0.980073 0.566544 0.979786 0.566927 0.978681 0.566987 0.978173 0.567133 0.977947 0.566929 0.977757 0.567000
0 0.989459 0.573148 0.990986 0.574428 0.992572 0.576047 0.992399 0.576929 0.991999 0.577655 0.990525 0.577615 0.989765 0.577371 0.988826 0.576469 0.987892 0.575881 0.989109 0.573459
0 0.972913 0.566064 0.973765 0.565017 0.974383 0.565459 0.976290 0.565814 0.976212 0.567720 0.973714 0.567998 0.973093 0.566986
0 0.947222 0.550894 0.948233 0.549963 0.949637 0.550242 0.949194 0.552218 0.948440 0.552424 0.947944 0.553051 0.947764 0.553029 0.946069 0.553204 0.945575 0.552824 0.946616 0.550954 0.947167 0.551117
0 0.975266 0.464298 0.975926 0.465178 0.975269 0.466539 0.973193 0.466390 0.972295 0.466236 0.971410 0.466113 0.971540 0.463824 0.972508 0.464146 0.972852 0.464343
0 0.965896 0.484109 0.967122 0.482127 0.968141 0.482469 0.969153 0.481919 0.970583 0.482783 0.969459 0.484351 0.966393 0.484513
0 0.950983 0.487101 0.954451 0.487438 0.954660 0.489415 0.953619 0.489795 0.952393 0.489239 0.950912 0.489172 0.950140 0.487981
0 0.878660 0.487786 0.880107 0.487234 0.880434 0.488085 0.882211 0.488731 0.882420 0.489770 0.880754 0.490615 0.878776 0.489770
0 0.882715 0.491257 0.886392 0.491252 0.887040 0.492116 0.885298 0.493293 0.883970 0.493814 0.882896 0.493078 0.882266 0.492198
0 0.862735 0.490776 0.864062 0.489455 0.866069 0.489917 0.864670 0.492394 0.864585 0.493446 0.863359 0.494325 0.862317 0.491942
0 0.848442 0.517309 0.850206 0.516204 0.851456 0.515759 0.852495 0.516624 0.851712 0.517737 0.849788 0.518845 0.848721 0.518946
0 0.803481 0.479119 0.804002 0.480366 0.802493 0.480927 0.801762 0.481373 0.801386 0.481373 0.801281 0.481478 0.800033 0.480783 0.800033 0.478981 0.800242 0.478702 0.800527 0.478600 0.801022 0.479033
0 0.786618 0.477883 0.786473 0.475820 0.787293 0.475809 0.787517 0.475693 0.788780 0.475693 0.789327 0.476831 0.790276 0.476671 0.790998 0.475949 0.792071 0.477127 0.791629 0.478180 0.791085 0.478273 0.790680 0.478813 0.789383 0.478937 0.787984 0.478422 0.787112 0.478263
0 0.769113 0.475301 0.769393 0.474979 0.769057 0.474531 0.769045 0.474492 0.768979 0.474427 0.768273 0.473798 0.768428 0.473615 0.767884 0.473106 0.768404 0.471822 0.768767 0.471748 0.769990 0.471822 0.770119 0.471963 0.770433 0.472205 0.770445 0.472494 0.770745 0.472725 0.770747 0.472801 0.770849 0.472864 0.770991 0.473144 0.771000 0.473134 0.771540 0.474285 0.772228 0.475814 0.771468 0.477213 0.771453 0.477302 0.770276 0.477661 0.769007 0.476273
0 0.768376 0.413292 0.768845 0.412330 0.769056 0.410903 0.769421 0.410417 0.770492 0.410296 0.772178 0.410764 0.772229 0.413784 0.771997 0.415205 0.771397 0.415900 0.770839 0.415960 0.769101 0.415787 0.768555 0.415428 0.768852 0.414050 0.768629 0.413886
0 0.766164 0.436318 0.766087 0.435836 0.766087 0.435209 0.766763 0.433821 0.767046 0.433689 0.767048 0.433490 0.767337 0.432618 0.767359 0.431652 0.767937 0.431089 0.769544 0.430644 0.769888 0.432145 0.770378 0.432798 0.770354 0.434006 0.769857 0.436753 0.768739 0.436857 0.768400 0.436508 0.768294 0.436649 0.767747 0.437274 0.766708 0.437066 0.766295 0.436325
0 0.800714 0.443795 0.801866 0.441993 0.803272 0.441993 0.804389 0.443066 0.803635 0.444453 0.802464 0.445183 0.801022 0.445141
0 0.798258 0.452254 0.798309 0.450957 0.798242 0.450890 0.797413 0.450909 0.796919 0.450529 0.797440 0.449074 0.798870 0.448970 0.798998 0.449159 0.799469 0.449040 0.799494 0.449789 0.799547 0.449873 0.799539 0.450649 0.800270 0.452294 0.801382 0.453640 0.801097 0.454298 0.799328 0.454789 0.798306 0.455312 0.797738 0.456173 0.796437 0.456484 0.795162 0.455791 0.795553 0.453989 0.796906 0.452879 0.797645 0.452765
0 0.799504 0.455300 0.800810 0.455707 0.800852 0.456349 0.800680 0.458413 0.799094 0.458517 0.798260 0.456749 0.798859 0.455950
0 0.818192 0.470748 0.818251 0.470768 0.818504 0.470243 0.819967 0.470375 0.820223 0.469930 0.820977 0.469829 0.821468 0.470205 0.822383 0.471859 0.822759 0.472360 0.821642 0.473537 0.820802 0.473009 0.819169 0.472498 0.818885 0.471988 0.818582 0.471872 0.818243 0.470841
0 0.811811 0.460126 0.810865 0.460544 0.810528 0.459768 0.810096 0.458632 0.810869 0.457857 0.811861 0.456945 0.813192 0.457289 0.814081 0.458171 0.814323 0.459719 0.814277 0.461309 0.814341 0.462096 0.814907 0.463244 0.812518 0.464149 0.812099 0.464007 0.812086 0.462812 0.812191 0.461351 0.812408 0.461062 0.812307 0.460699
0 0.910509 0.492051 0.910578 0.491992 0.911137 0.492052 0.911126 0.492145 0.911293 0.492260 0.911578 0.493127 0.911371 0.494723 0.910873 0.494964 0.910875 0.495002 0.910043 0.496286 0.908170 0.495382 0.908058 0.493439 0.908170 0.492538 0.908692 0.491948 0.909914 0.491742 0.910200 0.491843 0.910373 0.492051
0 0.824445 0.486423 0.824537 0.486623 0.825254 0.486962 0.825474 0.488658 0.825803 0.489373 0.825748 0.490691 0.824057 0.490274 0.823423 0.488656 0.822874 0.488068 0.822860 0.488068 0.822288 0.486824 0.824103 0.486469 0.824148 0.486488
0 0.864301 0.486534 0.864620 0.485343 0.866361 0.484682 0.867220 0.484029 0.868197 0.484279 0.870814 0.484238 0.871823 0.484784 0.872869 0.486040 0.870991 0.486480 0.870193 0.486146 0.869167 0.486358 0.868627 0.486696 0.868080 0.486640 0.867142 0.487008 0.865103 0.486983 0.865115 0.486749 0.864669 0.486867
0 0.898733 0.443599 0.901503 0.442413 0.902622 0.442444 0.903596 0.443252 0.902443 0.444521 0.901072 0.445239 0.898604 0.445126
0 0.861799 0.455015 0.863948 0.455068 0.864570 0.455192 0.864710 0.458116 0.864022 0.458218 0.861463 0.457225 0.861463 0.455838
0 0.870623 0.398113 0.871255 0.396501 0.872033 0.396319 0.872091 0.395490 0.872480 0.394173 0.873052 0.393688 0.873543 0.394065 0.874282 0.394737 0.874743 0.394832 0.875108 0.395319 0.873592 0.397267 0.873494 0.397967 0.872818 0.398855 0.871372 0.398396 0.870911 0.398365
0 0.814555 0.395404 0.815363 0.395198 0.817207 0.395388 0.817572 0.397052 0.816375 0.398029 0.814918 0.397747 0.813928 0.395875
0 0.822376 0.403682 0.825074 0.401783 0.826122 0.402839 0.826496 0.405161 0.825698 0.405720 0.822806 0.405726 0.822399 0.404753
0 0.812174 0.381846 0.812958 0.380670 0.813668 0.380622 0.814422 0.381112 0.815149 0.381697 0.815495 0.382467 0.815643 0.383398 0.816035 0.384969 0.815335 0.385489 0.814355 0.385032 0.813924 0.384772 0.813063 0.384142 0.812646 0.384771 0.811495 0.384360 0.811909 0.382589
0 0.917653 0.257790 0.917229 0.257023 0.916288 0.256999 0.914844 0.256336 0.914635 0.255297 0.915364 0.254917 0.915917 0.255046 0.916406 0.254081 0.918023 0.254217 0.918828 0.253144 0.919014 0.253156 0.918235 0.255987 0.917980 0.256820 0.917850 0.258396
0 0.902935 0.266440 0.903890 0.266418 0.904877 0.268151 0.905531 0.268605 0.905011 0.269996 0.903320 0.269402 0.902175 0.267493
0 0.931138 0.397079 0.933406 0.396471 0.933429 0.396485 0.934873 0.396743 0.935252 0.397628 0.935617 0.397856 0.935254 0.398619 0.933640 0.399033 0.932652 0.398931 0.931144 0.397952
0 0.973310 0.268434 0.975260 0.269334 0.975717 0.270982 0.973365 0.271199 0.972477 0.270753 0.971761 0.269520 0.972477 0.268402
0 0.969892 0.221478 0.969564 0.222885 0.969736 0.225332 0.968721 0.226686 0.967706 0.225332 0.967946 0.221544 0.967740 0.219805 0.968797 0.220495 0.969910 0.219989 0.969964 0.219922 0.970035 0.220556 0.969768 0.220980
0 0.993853 0.388999 0.994245 0.388095 0.994881 0.388254 0.995770 0.388228 0.996145 0.388996 0.996274 0.390007 0.996252 0.391013 0.996649 0.391528 0.997630 0.392642 0.997343 0.393784 0.995918 0.393438 0.995462 0.392406 0.994788 0.391404 0.994774 0.390078 0.994099 0.389522
0 0.974610 0.347474 0.975180 0.347474 0.975266 0.347673 0.975514 0.347815 0.975936 0.348169 0.975286 0.349310 0.974817 0.349310 0.974543 0.349317 0.975259 0.351291 0.974583 0.351365 0.973151 0.350805 0.973094 0.350520 0.972841 0.349487 0.973417 0.348648 0.973464 0.348482 0.974568 0.347685
0 0.971016 0.328339 0.972965 0.326920 0.973621 0.329542 0.973206 0.330925 0.972342 0.331569 0.971794 0.331207 0.971030 0.329245
0 0.866712 0.221711 0.867630 0.222745 0.866582 0.224456 0.865966 0.224486 0.863416 0.223055 0.864033 0.221647 0.864990 0.221878
0 0.853081 0.287934 0.853793 0.286695 0.855035 0.286615 0.855644 0.286351 0.856144 0.286504 0.856630 0.287396 0.855771 0.289657 0.855253 0.290932 0.855035 0.291835 0.854214 0.292996 0.853532 0.294025 0.852835 0.293078 0.853047 0.291831 0.853042 0.290734 0.853070 0.290088
0 0.902968 0.243332 0.904555 0.244079 0.904257 0.244950 0.904332 0.246378 0.904089 0.247706 0.903412 0.249368 0.902314 0.248639 0.902161 0.248122 0.901222 0.246904 0.902024 0.245553 0.900894 0.245123 0.900046 0.244997 0.899866 0.243731 0.900715 0.243352 0.901153 0.243267
0 0.872575 0.208955 0.873225 0.209279 0.872679 0.211706 0.872323 0.211918 0.872053 0.212898 0.871533 0.212972 0.871221 0.213104 0.870205 0.213312 0.869557 0.212344 0.869917 0.211481 0.870414 0.210505 0.871011 0.209814 0.871248 0.209394 0.871589 0.209251 0.872119 0.208990
0 0.920127 0.195424 0.920332 0.196190 0.919501 0.199096 0.917512 0.197487 0.917877 0.195510 0.919215 0.195134
0 0.928364 0.209239 0.928488 0.209301 0.928522 0.209471 0.929375 0.209199 0.929869 0.210340 0.929702 0.210565 0.929791 0.210652 0.928897 0.210961 0.928772 0.210969 0.927109 0.211213 0.926739 0.211236 0.926730 0.211243 0.924336 0.211866 0.923764 0.211381 0.924129 0.209718 0.925115 0.209183 0.925209 0.208642 0.925730 0.207947 0.926119 0.207981 0.926250 0.207949 0.927422 0.208081 0.927941 0.208155 0.928228 0.208538 0.928305 0.209126 0.928287 0.209197
0 0.988113 0.216414 0.989454 0.215271 0.991446 0.215208 0.992524 0.215927 0.990321 0.217205 0.989895 0.218565 0.988022 0.218391
0 0.997364 0.202148 0.997362 0.202136 0.996747 0.202002 0.996538 0.200963 0.997579 0.200611 0.997584 0.200611 0.999868 0.199357 1.000000 0.199745 1.000000 0.201311 0.999198 0.201936 0.998033 0.202323
0 0.991263 0.157990 0.990760 0.158228 0.990525 0.158467 0.989615 0.158673 0.989594 0.158624 0.989459 0.158673 0.989173 0.158571 0.989152 0.158543 0.988939 0.158467 0.988730 0.158188 0.988654 0.157808 0.988730 0.157428 0.988939 0.157150 0.989224 0.157048 0.989320 0.157082 0.989302 0.156839 0.989609 0.157029 0.990227 0.156391 0.990216 0.156246 0.991619 0.155483 0.991634 0.155546 0.991802 0.155485 0.992087 0.155587 0.992296 0.155866 0.992373 0.156246 0.992367 0.156273 0.992452 0.156386 0.992529 0.156767 0.992452 0.157147 0.992244 0.157425 0.991959 0.157527 0.991957 0.157527 0.991775 0.157842 0.991363 0.157873
0 0.935910 0.103940 0.939356 0.104226 0.939877 0.105473 0.938758 0.106374 0.937736 0.106085 0.937145 0.105647 0.935582 0.105230
0 0.372887 0.248161 0.371949 0.247696 0.370915 0.247593 0.370628 0.245930 0.372021 0.245487 0.375054 0.247180 0.375041 0.247216 0.375210 0.247461 0.375364 0.248674 0.375288 0.249055 0.374286 0.249435 0.374169 0.249779
0 0.393283 0.242629 0.393960 0.242629 0.394244 0.242881 0.394718 0.242108 0.396026 0.242090 0.396437 0.242119 0.396955 0.242110 0.397468 0.242145 0.397576 0.242339 0.397848 0.242742 0.398230 0.243392 0.397291 0.245130 0.394150 0.245168 0.393546 0.244988 0.393183 0.243159
0 0.415480 0.237609 0.417360 0.237130 0.418733 0.237686 0.418375 0.239634 0.416553 0.240070 0.415419 0.239834 0.415269 0.238494
0 0.954904 0.364223 0.956424 0.363400 0.957674 0.364546 0.958039 0.366730 0.956479 0.366800 0.956088 0.366592 0.954707 0.364751
0 0.891195 0.400481 0.891613 0.399722 0.893217 0.400496 0.892599 0.401672 0.891818 0.402263 0.891766 0.402426 0.891038 0.403223 0.889717 0.402394 0.889553 0.402390 0.888905 0.401421 0.889268 0.400658 0.890366 0.400600
0 0.884249 0.390004 0.885394 0.389686 0.887164 0.389864 0.887294 0.392673 0.886019 0.393130 0.884875 0.393264 0.884047 0.391237
0 0.861680 0.413147 0.863351 0.413235 0.864045 0.414298 0.864576 0.415940 0.862558 0.416383 0.861322 0.415628 0.861358 0.413944
0 0.850683 0.341306 0.850727 0.341275 0.850497 0.340525 0.851017 0.339346 0.852368 0.339346 0.852697 0.339887 0.852849 0.339780 0.852744 0.340372 0.852616 0.341098 0.852374 0.341786 0.852850 0.343494 0.850325 0.344187 0.849609 0.343927 0.848925 0.343744 0.847878 0.343077 0.848087 0.341726 0.849075 0.341472 0.849856 0.341207 0.850055 0.341282
0 0.827409 0.358458 0.829011 0.359078 0.829065 0.360088 0.829430 0.361304 0.829974 0.361716 0.830573 0.362515 0.830445 0.363214 0.830286 0.364075 0.828537 0.363753 0.827867 0.363380 0.827828 0.362771 0.827767 0.361812 0.827007 0.360776 0.827123 0.359447 0.827170 0.358915
0 0.831100 0.356063 0.830426 0.354699 0.831315 0.353026 0.833547 0.353727 0.834224 0.354423 0.833024 0.355562 0.832324 0.357021
0 0.842357 0.311644 0.843727 0.310802 0.844401 0.310596 0.845117 0.310618 0.845414 0.309938 0.846288 0.309831 0.847523 0.311513 0.847789 0.312161 0.846370 0.313943 0.845496 0.313836 0.845020 0.313271 0.844188 0.313336 0.843328 0.313208 0.842761 0.313068 0.842385 0.312252
0 0.872378 0.303888 0.875176 0.303852 0.875463 0.304235 0.875775 0.306141 0.874187 0.306702 0.872262 0.306211 0.871917 0.304936
0 0.934438 0.378260 0.935255 0.378620 0.935620 0.379867 0.933615 0.381395 0.932732 0.381499 0.932447 0.380841 0.933044 0.377891
0 0.941277 0.029837 0.943364 0.030282 0.943034 0.032249 0.943118 0.034105 0.942542 0.034595 0.940435 0.031866 0.940489 0.030611
0 0.993742 0.111714 0.995708 0.111379 0.995993 0.112037 0.995320 0.113004 0.995057 0.114917 0.994017 0.115714 0.993290 0.113704
0 0.995768 0.097216 0.997416 0.096242 0.997963 0.096506 0.998269 0.096822 0.998793 0.097364 0.998846 0.097419 0.998816 0.097443 0.998845 0.097680 0.998539 0.098346 0.997220 0.099024 0.996800 0.099053 0.996791 0.099061 0.995881 0.099119 0.995656 0.098030
0 0.984755 0.101461 0.986539 0.101826 0.986932 0.103007 0.985345 0.103492 0.984698 0.105172 0.984311 0.105264 0.983951 0.105682 0.983892 0.105724 0.983744 0.105888 0.983575 0.105731 0.983510 0.105728 0.982236 0.104398 0.982278 0.103148 0.982334 0.102532 0.982391 0.102039 0.983560 0.101239 0.983825 0.101695
0 0.971568 0.090739 0.973346 0.090571 0.973897 0.092381 0.973124 0.093189 0.970359 0.093091 0.969918 0.092224 0.970527 0.091432
0 0.949829 0.087656 0.950245 0.086917 0.951142 0.085246 0.952687 0.084384 0.953770 0.083733 0.954368 0.083939 0.954609 0.084365 0.955825 0.085118 0.954202 0.085946 0.953832 0.086020 0.952397 0.087617 0.951995 0.087898 0.951633 0.088485 0.950176 0.088274 0.950082 0.088202
0 0.944036 0.068701 0.945386 0.068409 0.946387 0.069060 0.946445 0.070965 0.945417 0.071529 0.943759 0.070862 0.943724 0.069336
0 0.976024 0.054522 0.976938 0.053113 0.978144 0.051709 0.979474 0.051752 0.979993 0.053244 0.978563 0.055775 0.976557 0.055430
0 0.722686 0.091581 0.724281 0.091023 0.724996 0.091082 0.724989 0.091344 0.725508 0.091539 0.725565 0.092032 0.724920 0.093989 0.724918 0.094066 0.724683 0.094044 0.724582 0.094034 0.723716 0.093953 0.722707 0.093858 0.722375 0.092210
0 0.697348 0.057645 0.700616 0.057831 0.700783 0.058615 0.700961 0.058585 0.701531 0.059554 0.700102 0.060494 0.699504 0.060420 0.699355 0.060134 0.699260 0.060144 0.698865 0.059747 0.696999 0.059782 0.696999 0.058584
0 0.818383 0.081816 0.818520 0.081998 0.819144 0.082312 0.819867 0.083657 0.819803 0.084000 0.819842 0.085147 0.818567 0.085499 0.818019 0.085461 0.817906 0.085367 0.816558 0.083545 0.816537 0.082548 0.818346 0.081967
0 0.813886 0.076399 0.814015 0.076498 0.814583 0.076193 0.815311 0.076782 0.815444 0.077598 0.815649 0.077756 0.814739 0.080830 0.814730 0.080831 0.814650 0.081162 0.814086 0.082612 0.812714 0.082064 0.811979 0.081292 0.811873 0.080838 0.811511 0.080355 0.811544 0.080152 0.811482 0.080004 0.811641 0.077441 0.811926 0.077339 0.812219 0.077432 0.813098 0.076714 0.813467 0.076778 0.813573 0.076701
0 0.968209 0.102346 0.967156 0.103813 0.965855 0.103399 0.965568 0.100694 0.966414 0.100383 0.968222 0.100519 0.968330 0.101321
0 0.852373 0.185249 0.854154 0.185692 0.854342 0.187080 0.854852 0.187819 0.854467 0.188611 0.852093 0.187934 0.852075 0.185939
0 0.743896 0.158309 0.743897 0.158308 0.743618 0.158221 0.743696 0.156383 0.744411 0.156323 0.746272 0.156974 0.746164 0.158054 0.746232 0.158136 0.745903 0.158803 0.745777 0.159058 0.745530 0.159558 0.744712 0.160253 0.743579 0.160253 0.743293 0.159110
0 0.592690 0.217379 0.592714 0.217545 0.593193 0.218427 0.593168 0.218743 0.593704 0.219407 0.593229 0.221604 0.591573 0.221061 0.591051 0.220596 0.591023 0.220524 0.590497 0.220302 0.590666 0.217002 0.592617 0.217472
0 0.625160 0.300576 0.625688 0.300981 0.626751 0.301864 0.627455 0.302520 0.627050 0.303930 0.627172 0.306245 0.626460 0.306708 0.626106 0.306994 0.624226 0.305062 0.624080 0.304291 0.624408 0.302943 0.624528 0.300994 0.624684 0.300785
0 0.592044 0.280488 0.592385 0.280137 0.592993 0.280017 0.593387 0.279722 0.593552 0.279793 0.593729 0.279792 0.593877 0.279657 0.595856 0.281326 0.595619 0.283859 0.595545 0.283911 0.595248 0.284312 0.593396 0.284439 0.592525 0.284310 0.591905 0.283482 0.591785 0.282434 0.591621 0.281522
0 0.627456 0.224670 0.627683 0.225194 0.627848 0.225492 0.627975 0.225867 0.628525 0.227138 0.627786 0.227257 0.627397 0.227740 0.626780 0.227960 0.624980 0.227289 0.624194 0.225639 0.626567 0.224460 0.627228 0.224665 0.627371 0.224799
0 0.195267 0.143254 0.196091 0.142651 0.196404 0.142783 0.197654 0.142679 0.199685 0.142130 0.200511 0.143010 0.199814 0.144070 0.199451 0.144248 0.199632 0.145562 0.198400 0.146266 0.197392 0.147299 0.196404 0.147401 0.195597 0.146812 0.195465 0.145073 0.195209 0.144244
0 0.194832 0.153987 0.192564 0.153519 0.191630 0.151968 0.190910 0.150323 0.191404 0.149942 0.191990 0.149984 0.193251 0.150148 0.193819 0.151218 0.194373 0.151297 0.195724 0.152786 0.195161 0.153759
0 0.260888 0.221233 0.264185 0.221731 0.264315 0.223186 0.263509 0.223983 0.262337 0.223775 0.260645 0.223256 0.260600 0.222065
0 0.218334 0.194804 0.218895 0.193034 0.219838 0.192531 0.220511 0.192778 0.221469 0.194081 0.219950 0.196235 0.218632 0.196235
0 0.172399 0.189892 0.174228 0.192552 0.173941 0.192935 0.172216 0.192475 0.170480 0.191164 0.169961 0.190089 0.170755 0.189016
0 0.194179 0.172483 0.194430 0.171578 0.194662 0.169605 0.195572 0.169427 0.196091 0.169501 0.196688 0.170296 0.197046 0.170701 0.197199 0.170769 0.197270 0.171036 0.197392 0.171495 0.197744 0.172816 0.197103 0.173392 0.197081 0.174082 0.196403 0.174760 0.196365 0.174933 0.196215 0.174832 0.195455 0.174941 0.194896 0.174881 0.194451 0.173388
0 0.337196 0.257605 0.338980 0.256792 0.340671 0.257623 0.341583 0.259182 0.340855 0.259771 0.338453 0.258514 0.337741 0.258412
0 0.278697 0.247448 0.278927 0.246302 0.279217 0.246366 0.280027 0.245703 0.281454 0.243800 0.282794 0.243531 0.283509 0.243591 0.283796 0.243974 0.283275 0.245429 0.282543 0.245988 0.281634 0.246992 0.280590 0.247759 0.280384 0.248033 0.279474 0.248448 0.278936 0.247846
0 0.275724 0.202061 0.278887 0.202616 0.279212 0.204000 0.277555 0.204635 0.276347 0.205739 0.276005 0.205662 0.275125 0.205376 0.274924 0.203494 0.274995 0.202671 0.275489 0.202297
0 0.260435 0.198172 0.259056 0.198380 0.259015 0.198260 0.257976 0.198449 0.257441 0.198196 0.256361 0.197858 0.256726 0.196715 0.258144 0.196551 0.258681 0.196553 0.260460 0.196612 0.260460 0.197929 0.260273 0.198020
0 0.239099 0.204909 0.240713 0.204895 0.240922 0.206871 0.239742 0.207918 0.238553 0.210064 0.237847 0.208261 0.238059 0.206006
0 0.231758 0.207032 0.234437 0.207201 0.234837 0.208091 0.235169 0.209394 0.234306 0.209706 0.232176 0.208452 0.231444 0.208310
0 0.241786 0.235583 0.243691 0.235963 0.243747 0.238128 0.243253 0.238784 0.241188 0.239251 0.240152 0.238269 0.241167 0.236185
0 0.234823 0.219307 0.237787 0.219402 0.238362 0.221810 0.237130 0.222426 0.235767 0.221367 0.235147 0.221311 0.235114 0.221209 0.234214 0.220352 0.234813 0.219408
0 0.280764 0.181849 0.280843 0.181866 0.280882 0.181779 0.281010 0.181713 0.281898 0.179695 0.283458 0.181015 0.283594 0.181821 0.283925 0.182854 0.283484 0.183721 0.283114 0.183797 0.282132 0.184033 0.282027 0.183927 0.281094 0.183836 0.279410 0.183877 0.278715 0.183418 0.279047 0.181883
0 0.315918 0.205298 0.317178 0.205397 0.317800 0.205820 0.318594 0.205944 0.319162 0.206805 0.319949 0.206884 0.320036 0.206925 0.320214 0.207012 0.320652 0.207224 0.321172 0.207298 0.321381 0.208337 0.319910 0.208675 0.319561 0.208536 0.319369 0.208636 0.318011 0.208853 0.317700 0.207917 0.317449 0.207884 0.316219 0.207147 0.315680 0.207053 0.315680 0.205800
0 0.381144 0.198879 0.380516 0.197625 0.380076 0.195548 0.381793 0.195166 0.382048 0.195610 0.382229 0.195682 0.382875 0.195526 0.383561 0.195701 0.384033 0.196882 0.381664 0.198588 0.381344 0.198554
0 0.350397 0.231581 0.351472 0.231485 0.353015 0.230123 0.353663 0.232029 0.353225 0.232892 0.350671 0.234040 0.349161 0.232170
0 0.355853 0.132660 0.355965 0.132477 0.355727 0.132025 0.355870 0.131935 0.355647 0.131332 0.355934 0.130950 0.357157 0.130744 0.357650 0.131124 0.357715 0.131350 0.358532 0.133137 0.357793 0.135944 0.355739 0.135423 0.355375 0.134660
0 0.422746 0.173251 0.423256 0.171991 0.424607 0.172408 0.425129 0.172999 0.425285 0.176259 0.424193 0.176642 0.422578 0.175530
0 0.418357 0.176434 0.417008 0.176358 0.416588 0.176640 0.415729 0.176480 0.414193 0.176434 0.413752 0.175671 0.414214 0.174693 0.415032 0.174207 0.415491 0.174021 0.416303 0.172616 0.416666 0.172543 0.417393 0.174004 0.417386 0.174362 0.417548 0.174743 0.418201 0.175012 0.418410 0.176051 0.418262 0.176238
0 0.394437 0.176133 0.395986 0.175032 0.396595 0.176815 0.397170 0.176616 0.398273 0.175465 0.398830 0.175471 0.399415 0.176563 0.399999 0.176888 0.400362 0.177651 0.400077 0.178310 0.398776 0.179245 0.397370 0.178175 0.396569 0.178300 0.395104 0.179037 0.394431 0.176979
0 0.390070 0.175591 0.392904 0.175699 0.393267 0.176939 0.391574 0.178467 0.390820 0.178673 0.389910 0.178259 0.389803 0.176427
0 0.375637 0.173241 0.375363 0.175009 0.373621 0.175113 0.371612 0.173816 0.371070 0.172788 0.372070 0.171965 0.373879 0.172129
0 0.328464 0.154672 0.328618 0.153002 0.329342 0.153759 0.330208 0.153733 0.331458 0.153941 0.332237 0.155142 0.332552 0.155087 0.332993 0.155189 0.333593 0.156436 0.333099 0.156816 0.332669 0.156747 0.331458 0.156608 0.330939 0.156402 0.329977 0.155433 0.328838 0.155071
0 0.283890 0.157463 0.284152 0.156191 0.284415 0.156215 0.285172 0.154905 0.286393 0.154718 0.287162 0.154699 0.290010 0.156726 0.289608 0.157514 0.289531 0.158103 0.288004 0.158738 0.287205 0.157455 0.287273 0.156909 0.286648 0.156718 0.285419 0.157802 0.284297 0.157774
0 0.292380 0.133690 0.292101 0.131947 0.292506 0.131867 0.294052 0.130457 0.294855 0.131221 0.294769 0.134126 0.292791 0.134663
0 0.326142 0.090796 0.328132 0.092029 0.328211 0.094180 0.326975 0.094022 0.325660 0.094386 0.324853 0.093797 0.325730 0.091361
0 0.298139 0.102493 0.298951 0.101116 0.299836 0.101705 0.300001 0.102974 0.300046 0.103013 0.301114 0.102990 0.301192 0.104515 0.300918 0.104593 0.300751 0.104722 0.299735 0.104670 0.298913 0.104696 0.298631 0.104707 0.298588 0.104723 0.298578 0.104697 0.298200 0.104515 0.297991 0.103268 0.298055 0.103142
0 0.263289 0.088346 0.263328 0.088139 0.263301 0.086034 0.263586 0.085932 0.264248 0.086203 0.264523 0.086140 0.264986 0.086479 0.266111 0.087458 0.266149 0.088342 0.265980 0.089434 0.264758 0.089925 0.264289 0.090029 0.263820 0.090161 0.263326 0.089781 0.263434 0.088614
0 0.244960 0.077214 0.246331 0.076854 0.247064 0.078344 0.248544 0.079378 0.248727 0.080289 0.246464 0.080776 0.245954 0.079122
0 0.245194 0.068152 0.245523 0.067167 0.244962 0.066564 0.245924 0.065423 0.246084 0.065489 0.246146 0.065303 0.246949 0.065952 0.247132 0.066695 0.247838 0.066793 0.248809 0.067743 0.249796 0.068255 0.250366 0.067829 0.250911 0.069087 0.249419 0.070884 0.248329 0.070427 0.247896 0.070809 0.246951 0.071231 0.246266 0.069885 0.245000 0.068897
0 0.235133 0.094305 0.236884 0.091858 0.237592 0.091864 0.237874 0.093250 0.239453 0.094204 0.239489 0.094399 0.238951 0.095123 0.235743 0.095090
0 0.241361 0.092415 0.242582 0.092595 0.241631 0.096427 0.240812 0.096651 0.239525 0.094587 0.239173 0.092716 0.240018 0.092406
0 0.224090 0.148880 0.225884 0.147789 0.226740 0.148448 0.226663 0.150599 0.226220 0.151190 0.223097 0.151536 0.223509 0.150019
0 0.215976 0.127509 0.216438 0.126756 0.218975 0.125089 0.220113 0.126363 0.219046 0.128272 0.216496 0.128242
0 0.197212 0.113446 0.197579 0.112169 0.198673 0.111024 0.199477 0.111024 0.200466 0.113141 0.200074 0.113837 0.197674 0.113868
0 0.188173 0.102626 0.189388 0.101860 0.189881 0.103001 0.189095 0.105235 0.187824 0.105625 0.185697 0.103596 0.185736 0.103509 0.185419 0.102620 0.185782 0.101649 0.186386 0.101468 0.187368 0.101440 0.187617 0.102362
0 0.171065 0.109289 0.171717 0.109092 0.174136 0.109656 0.174423 0.110799 0.172132 0.111492 0.170467 0.111111 0.170507 0.110297
0 0.120555 0.102708 0.121029 0.104097 0.119663 0.104622 0.118432 0.103751 0.117799 0.103596 0.116276 0.103543 0.115854 0.103188 0.116348 0.101839 0.116382 0.101850 0.116481 0.101937 0.117442 0.102085 0.119731 0.101937 0.119905 0.101772
0 0.100676 0.156010 0.101880 0.156817 0.101153 0.157751 0.102194 0.158312 0.101829 0.159559 0.100321 0.159559 0.098551 0.157651
0 0.033300 0.153195 0.033927 0.153104 0.035756 0.155014 0.036304 0.156127 0.035238 0.157723 0.033287 0.155987 0.033075 0.154148
0 0.136825 0.155975 0.138583 0.156728 0.138718 0.157530 0.138816 0.158486 0.137037 0.158832 0.136191 0.159876 0.135590 0.159414 0.135415 0.158674 0.134956 0.158863 0.134204 0.158199 0.133155 0.156890 0.133912 0.155875 0.134316 0.155884 0.135431 0.154862 0.136217 0.155531
0 0.137117 0.167860 0.136548 0.167614 0.136178 0.167398 0.135094 0.166933 0.135615 0.166342 0.136219 0.166161 0.136552 0.165821 0.139545 0.165509 0.140191 0.166161 0.140924 0.167105 0.140119 0.168073 0.139287 0.167867 0.139025 0.167733 0.138049 0.167663 0.137690 0.167811
0 0.114782 0.179758 0.115926 0.180173 0.117149 0.181769 0.116137 0.182427 0.115278 0.182219 0.114796 0.181618 0.114260 0.181603 0.113233 0.181439 0.113234 0.181428 0.112999 0.181335 0.112920 0.179393 0.113505 0.179287 0.113518 0.179187 0.113681 0.179312 0.114647 0.179777
0 0.102238 0.193213 0.104960 0.192884 0.105976 0.193473 0.105488 0.195850 0.103127 0.195959 0.102422 0.194936 0.102159 0.194088
0 0.110049 0.177306 0.110750 0.176973 0.111777 0.176977 0.112531 0.178677 0.111543 0.180377 0.110607 0.180203
0 0.096400 0.165293 0.095263 0.166546 0.094069 0.166790 0.093315 0.166821 0.092687 0.165983 0.092519 0.165571 0.093508 0.164013 0.093388 0.163843 0.094161 0.163851 0.094435 0.162865 0.094956 0.162170 0.098288 0.161159 0.099329 0.161615 0.098964 0.164112 0.097191 0.164995
0 0.108296 0.155349 0.108723 0.154715 0.110385 0.154618 0.111167 0.154041 0.111494 0.154477 0.112075 0.155010 0.110930 0.157752 0.110204 0.157856 0.109928 0.157266 0.108509 0.156259
0 0.145571 0.060240 0.146508 0.059558 0.147361 0.058387 0.148090 0.059184 0.148557 0.060501 0.147178 0.062201 0.145149 0.061923
0 0.151360 0.049067 0.152539 0.045296 0.154177 0.045471 0.154212 0.046267 0.153190 0.049214 0.152953 0.049634 0.151874 0.049525
0 0.094556 0.061791 0.095048 0.061045 0.097236 0.059199 0.098081 0.059746 0.097248 0.063701 0.096728 0.063907 0.094756 0.062926
0 0.112964 0.055508 0.113473 0.054239 0.113125 0.053761 0.113055 0.053768 0.112249 0.053388 0.112614 0.052037 0.113965 0.051828 0.114330 0.052419 0.114366 0.052693 0.114401 0.052753 0.114422 0.052750 0.114774 0.052560 0.115013 0.054978 0.114955 0.055679 0.114669 0.056062 0.114003 0.055918
0 0.146002 0.032747 0.146980 0.033086 0.147396 0.033033 0.147952 0.033231 0.148093 0.034411 0.147527 0.035205 0.146906 0.035308 0.146478 0.035528 0.145186 0.035962 0.144174 0.035712 0.144158 0.035601 0.143294 0.034687 0.143337 0.033708 0.143256 0.032677 0.145414 0.032605
0 0.122484 0.023151 0.122740 0.023744 0.122770 0.024686 0.122870 0.024749 0.123392 0.027038 0.122948 0.027525 0.122705 0.027576 0.122667 0.028496 0.122146 0.028983 0.120170 0.028983 0.120013 0.027249 0.120455 0.027043 0.120619 0.026397 0.120039 0.025267 0.120005 0.024470 0.120202 0.022414 0.120560 0.021624 0.122043 0.022007 0.122080 0.022578
0 0.140993 0.101267 0.141019 0.100542 0.141493 0.098829 0.142794 0.098546 0.145057 0.098705 0.145057 0.099809 0.145113 0.099903 0.144898 0.101647 0.144885 0.101701 0.144951 0.102279 0.145430 0.102917 0.145704 0.104412 0.146106 0.105014 0.146200 0.105952 0.146249 0.106114 0.145827 0.106309 0.144330 0.106582 0.144276 0.106202 0.143890 0.105687 0.143318 0.105445 0.142249 0.103395 0.141612 0.103077 0.141052 0.102216 0.140944 0.101410
0 0.140917 0.101202 0.141052 0.102216 0.141612 0.103077 0.142249 0.103395 0.143318 0.105445 0.143890 0.105687 0.144276 0.106202 0.144733 0.109416 0.144827 0.109856 0.144280 0.111931 0.143966 0.112043 0.143500 0.111729 0.143028 0.111835 0.141503 0.111302 0.141086 0.111310 0.141022 0.111534 0.140296 0.111591 0.140032 0.112437 0.138816 0.112097 0.138290 0.111813 0.137634 0.110729 0.137146 0.109696 0.137146 0.108654 0.137245 0.108237 0.137371 0.107833 0.137333 0.107719 0.136546 0.106832 0.135998 0.104971 0.136555 0.102230 0.136992 0.101586 0.137584 0.100604 0.138290 0.099558 0.140241 0.099940 0.140243 0.100214
0 0.227154 0.039856 0.228457 0.039424 0.229206 0.039901 0.229518 0.042537 0.228606 0.044794 0.227438 0.043511 0.226577 0.041808
0 0.239427 0.060191 0.240495 0.060422 0.240886 0.061047 0.240846 0.062733 0.239517 0.063019 0.239224 0.062830 0.238747 0.062707 0.238065 0.062159 0.237678 0.061916 0.237131 0.061451 0.235525 0.060594 0.235810 0.059935 0.236726 0.059859 0.238048 0.059104 0.238871 0.059835
0 0.218014 0.029033 0.220637 0.028782 0.221333 0.028877 0.222010 0.031165 0.220696 0.031608 0.218106 0.030402 0.217932 0.029872
0 0.330027 0.016321 0.330617 0.015276 0.330978 0.015294 0.331952 0.015057 0.332460 0.015211 0.332683 0.015827 0.332974 0.016867 0.333302 0.017899 0.333973 0.019320 0.333437 0.019813 0.331211 0.019771 0.330287 0.019432 0.330468 0.018431 0.330105 0.018356 0.329586 0.017177
0 0.319080 0.029069 0.321626 0.029056 0.321991 0.030407 0.321008 0.031092 0.320404 0.031308 0.318634 0.030581 0.318675 0.029781
0 0.249290 0.003937 0.250195 0.005344 0.249962 0.006048 0.250341 0.006055 0.250672 0.006219 0.251312 0.006610 0.250271 0.008480 0.249363 0.008342 0.248787 0.007931 0.247017 0.007857 0.246730 0.006193 0.247519 0.005142 0.247877 0.003831 0.248474 0.003868 0.248734 0.003814
0 0.208178 0.000055 0.210188 0.000000 0.211776 0.000868 0.212184 0.003143 0.210343 0.003386 0.209792 0.002280 0.208706 0.002081
0 0.217208 0.002636 0.217453 0.001531 0.218698 0.001844 0.219082 0.002104 0.220010 0.000974 0.220426 0.000414 0.221412 0.000731 0.221550 0.001230 0.222270 0.002882 0.221361 0.003550 0.220517 0.004090 0.219673 0.003624 0.218929 0.003534 0.218301 0.003148 0.217533 0.002947
0 0.197099 0.025423 0.197002 0.025551 0.196671 0.026084 0.196544 0.026162 0.196506 0.026213 0.195627 0.026331 0.193566 0.025041 0.193016 0.023976 0.194171 0.022853 0.195615 0.023661 0.195917 0.023311 0.197114 0.023899 0.197066 0.025369
0 0.128064 0.047005 0.128028 0.046412 0.127949 0.046312 0.127243 0.045579 0.127243 0.044819 0.128050 0.044335 0.128418 0.044498 0.129574 0.044498 0.129846 0.045435 0.130063 0.046906 0.129746 0.047328 0.128570 0.047354
0 0.306200 0.248687 0.306770 0.249447 0.306144 0.250456 0.305625 0.251147 0.303812 0.251118 0.303295 0.251303 0.302600 0.249553 0.302645 0.249016 0.303088 0.248529 0.304059 0.248712
0 0.293020 0.250901 0.293281 0.250173 0.293764 0.248748 0.293851 0.248302 0.294455 0.247498 0.295099 0.247465 0.295611 0.247883 0.296149 0.248406 0.295180 0.250370 0.295447 0.251437 0.295200 0.252916 0.295013 0.253933 0.294668 0.253713 0.293218 0.252680 0.293086 0.251661
0 0.333353 0.200232 0.334639 0.198881 0.336253 0.198912 0.337526 0.199957 0.336304 0.201969 0.333675 0.202488 0.333180 0.201443
0 0.351700 0.202117 0.353646 0.201724 0.354793 0.204117 0.354142 0.204601 0.352553 0.205020 0.351357 0.205124 0.350994 0.204257
0 0.372662 0.165915 0.372094 0.165606 0.371042 0.165068 0.371379 0.164700 0.371725 0.163909 0.371760 0.163725 0.374207 0.163165 0.375324 0.164001 0.375257 0.164354 0.375328 0.164858 0.375247 0.166163 0.374914 0.166522 0.373697 0.167771 0.373225 0.167573 0.372748 0.167421 0.373208 0.166315 0.373260 0.165984
0 0.363689 0.151853 0.364340 0.150765 0.364562 0.150261 0.364841 0.150060 0.364901 0.149622 0.365147 0.149359 0.365473 0.149033 0.365587 0.149054 0.365629 0.149033 0.365640 0.149075 0.366748 0.150247 0.366793 0.151512 0.366618 0.152848 0.365999 0.152840 0.365759 0.152936 0.364041 0.152319
0 0.358547 0.104693 0.359096 0.103127 0.360716 0.102842 0.361596 0.101460 0.361999 0.101400 0.363261 0.101564 0.364407 0.102259 0.364198 0.103506 0.363651 0.104236 0.362272 0.104546 0.361542 0.105069 0.359610 0.105562 0.359356 0.105738 0.358156 0.104833
0 0.359356 0.105739 0.359419 0.107622 0.357727 0.107696 0.356790 0.107932 0.355126 0.106443 0.356294 0.104675 0.358040 0.104745
0 0.279934 0.065471 0.279710 0.068188 0.278384 0.068467 0.278069 0.067942 0.278150 0.063712 0.278720 0.063712 0.279502 0.064337
0 0.299600 0.027823 0.301531 0.027928 0.301797 0.030081 0.301815 0.033120 0.300942 0.033754 0.299308 0.031601 0.299177 0.028833
0 0.177440 0.087177 0.178882 0.087033 0.179937 0.086991 0.180327 0.087124 0.181081 0.087197 0.181759 0.087997 0.182142 0.089237 0.182306 0.090528 0.181370 0.090910 0.180667 0.090390 0.180449 0.090062 0.179019 0.089130 0.178687 0.089137 0.177021 0.088445 0.177138 0.087748
0 0.113926 0.120111 0.114832 0.118214 0.116822 0.118837 0.117941 0.120915 0.116561 0.122235 0.115287 0.121818 0.114363 0.120889
0 0.106730 0.104907 0.108084 0.105363 0.108240 0.107134 0.107953 0.108693 0.106549 0.108207 0.106543 0.108168 0.106315 0.108068 0.105950 0.107582 0.105843 0.107127 0.105249 0.105535 0.105534 0.104876 0.106066 0.104877
0 0.103048 0.071280 0.103832 0.069876 0.103938 0.069317 0.104457 0.068418 0.104772 0.067789 0.105940 0.068760 0.105686 0.069689 0.105551 0.070807 0.104955 0.071810 0.104278 0.072825 0.104299 0.073239 0.103936 0.074419 0.102428 0.074419 0.102397 0.072623 0.102700 0.071979
0 0.104453 0.061160 0.104709 0.059768 0.105995 0.060258 0.107333 0.061239 0.107075 0.063497 0.105687 0.063974 0.104835 0.063298
0 0.116906 0.044774 0.119434 0.044833 0.120669 0.046494 0.120078 0.047655 0.117392 0.048490 0.116745 0.047571 0.116298 0.047567 0.115427 0.047535 0.115219 0.046496 0.116130 0.045280 0.116431 0.045169
0 0.141441 0.232583 0.140145 0.232583 0.139518 0.231134 0.138904 0.230620 0.138225 0.230547 0.137861 0.229784 0.137938 0.229404 0.139024 0.228090 0.139084 0.227980 0.139838 0.227878 0.140171 0.227885 0.140775 0.227566 0.141454 0.228296 0.141894 0.228779 0.142043 0.229707 0.142207 0.230029 0.142285 0.231414 0.141497 0.232187
0 0.414577 0.384947 0.415002 0.385050 0.415365 0.385052 0.415542 0.385266 0.416295 0.385312 0.417573 0.385579 0.418425 0.385673 0.418588 0.385787 0.418734 0.385848 0.418354 0.385928 0.417364 0.386832 0.416739 0.388186 0.416684 0.388878 0.416603 0.389255 0.416156 0.389423 0.415725 0.389626 0.415574 0.389306 0.415073 0.389120 0.414608 0.387900 0.413692 0.385373 0.414621 0.385189
0 0.420730 0.352360 0.420756 0.355066 0.419274 0.354579 0.418652 0.353333 0.417477 0.352808 0.417722 0.351107 0.417959 0.349859 0.419412 0.349995 0.420014 0.350067 0.420377 0.350830 0.419847 0.351692
0 0.440203 0.340652 0.440572 0.339639 0.441065 0.339370 0.443253 0.339806 0.444061 0.341296 0.445183 0.341647 0.445775 0.343166 0.446699 0.344397 0.446798 0.345290 0.444670 0.345124 0.443363 0.344735 0.442849 0.343320 0.442269 0.342756 0.441623 0.341790 0.440586 0.341295
0 0.400001 0.321787 0.400208 0.323279 0.399767 0.324146 0.398388 0.324324 0.396697 0.324771 0.395851 0.322751 0.395031 0.322305 0.396057 0.321492 0.397292 0.321126 0.397501 0.321404 0.397577 0.321742
0 0.389554 0.349410 0.389481 0.348562 0.389329 0.347306 0.389846 0.346625 0.390291 0.345978 0.391436 0.345828 0.392744 0.346300 0.393283 0.346395 0.393727 0.346986 0.393797 0.347601 0.394350 0.349345 0.392217 0.350050 0.391358 0.350106 0.390381 0.349707 0.390015 0.349700
0 0.370171 0.355894 0.371485 0.356250 0.371994 0.357511 0.372554 0.358579 0.372761 0.359613 0.371486 0.360176 0.371128 0.360113 0.370585 0.359462 0.369530 0.360297 0.368830 0.360520 0.368359 0.359576 0.368653 0.358385 0.368643 0.357414 0.368845 0.356133 0.369602 0.355665
0 0.370703 0.333844 0.371699 0.333920 0.372125 0.333426 0.372567 0.333380 0.373946 0.333426 0.374155 0.334465 0.373663 0.335126 0.373663 0.335165 0.373776 0.335363 0.373682 0.335684 0.373842 0.337486 0.373114 0.337838 0.372489 0.338074 0.371278 0.338137 0.370485 0.338077 0.369965 0.337106 0.370067 0.336484 0.369417 0.335923 0.369547 0.333634 0.369833 0.333533 0.370288 0.333782
0 0.350534 0.348130 0.351121 0.348058 0.353196 0.348058 0.353220 0.350034 0.352951 0.352760 0.352759 0.354165 0.352081 0.354470 0.350269 0.350923 0.350491 0.350041 0.350418 0.348612
0 0.286593 0.030063 0.287536 0.029609 0.287547 0.029635 0.287849 0.029497 0.288465 0.030287 0.288654 0.030362 0.288527 0.030570 0.288458 0.031729 0.288475 0.031768 0.288281 0.033356 0.286447 0.033356 0.286164 0.032900 0.286314 0.030990
0 0.262174 0.033830 0.262281 0.034658 0.262054 0.035353 0.261734 0.037245 0.261330 0.037783 0.260999 0.037555 0.260838 0.037715 0.259780 0.036903 0.259512 0.036604 0.259492 0.036333 0.259356 0.036187 0.259299 0.035694 0.259045 0.035078 0.259327 0.034215 0.259672 0.034004 0.259670 0.033932 0.260838 0.033065 0.260968 0.033213 0.261139 0.033109 0.261697 0.033169 0.262098 0.033891
0 0.242055 0.083303 0.242155 0.081655 0.242791 0.081120 0.244243 0.080675 0.245181 0.081196 0.245623 0.082245 0.244433 0.083505
0 0.268583 0.110821 0.269678 0.110243 0.269739 0.108641 0.270014 0.107521 0.271093 0.106754 0.272915 0.107391 0.272472 0.108742 0.271999 0.108956 0.272134 0.110755 0.270881 0.111593 0.270805 0.112005 0.268749 0.113844 0.267460 0.113774 0.266503 0.113399 0.267683 0.111175
0 0.286675 0.103248 0.286868 0.103026 0.288331 0.103013 0.288774 0.102422 0.288819 0.102321 0.288879 0.102322 0.290326 0.101375 0.291192 0.102395 0.291734 0.103449 0.291199 0.104364 0.291078 0.104884 0.289881 0.105623 0.288492 0.105480 0.287342 0.105446 0.287046 0.104444 0.286763 0.103919
0 0.228336 0.170602 0.230515 0.170644 0.231719 0.171520 0.231427 0.173203 0.231276 0.173047 0.230206 0.172766 0.229870 0.172526 0.229442 0.172476 0.228933 0.172110 0.228393 0.171911 0.228073 0.171589 0.228027 0.171571 0.227944 0.171269
0 0.259421 0.192721 0.259406 0.192738 0.259212 0.193331 0.259041 0.193871 0.259061 0.194192 0.258619 0.195059 0.257748 0.195223 0.257319 0.195369 0.257036 0.195186 0.255950 0.194598 0.255950 0.193004 0.256770 0.191666 0.258318 0.191478 0.259385 0.191788 0.259401 0.192211 0.259420 0.192694
0 0.265670 0.215698 0.266713 0.215276 0.267225 0.214811 0.268187 0.215295 0.268232 0.216978 0.268254 0.217338 0.268268 0.217374 0.268257 0.217396 0.268187 0.217931 0.267840 0.218283 0.267839 0.218283 0.267839 0.218283 0.267609 0.218301 0.266262 0.218407 0.265732 0.218240 0.265272 0.218311 0.264543 0.216650 0.265638 0.215801
0 0.219007 0.216278 0.219583 0.215192 0.220298 0.215084 0.222120 0.215049 0.222704 0.215747 0.220884 0.218174 0.219019 0.217716
0 0.191970 0.206784 0.193060 0.204606 0.193971 0.204532 0.196027 0.205509 0.196885 0.206827 0.196002 0.207587 0.192497 0.207477
0 0.217633 0.226755 0.219208 0.226629 0.219798 0.227524 0.220832 0.228009 0.221112 0.229082 0.218412 0.229374 0.217628 0.228433
0 0.213346 0.226434 0.215064 0.226539 0.216041 0.226497 0.216691 0.227085 0.216668 0.228195 0.216436 0.228915 0.216222 0.229721 0.214947 0.230726 0.214508 0.230700 0.214229 0.230970 0.212818 0.229640 0.212913 0.228648 0.212474 0.228437 0.212162 0.226599 0.212763 0.226714
0 0.233535 0.257230 0.234224 0.255654 0.235069 0.255764 0.235862 0.256712 0.236299 0.259990 0.235276 0.259809 0.234909 0.260252 0.234026 0.260252 0.233910 0.260021 0.232960 0.259176 0.233204 0.258399
0 0.221973 0.276210 0.221975 0.276166 0.221608 0.275067 0.222038 0.274753 0.222051 0.274476 0.223039 0.274374 0.223417 0.274530 0.225174 0.274859 0.225306 0.275661 0.225280 0.275832 0.225642 0.276213 0.225531 0.277479 0.225408 0.278536 0.224836 0.279020 0.224794 0.279019 0.224730 0.279439 0.223195 0.279721 0.222727 0.279958 0.221816 0.279647 0.221451 0.279161 0.221738 0.278018 0.222414 0.277944 0.223389 0.277646 0.223406 0.277010 0.223413 0.276924 0.223251 0.276550
0 0.274373 0.274899 0.274311 0.274621 0.274023 0.274469 0.273786 0.272531 0.273817 0.272388 0.273812 0.272367 0.273818 0.272359 0.273893 0.271972 0.274304 0.271423 0.274422 0.271178 0.274376 0.270899 0.274579 0.270748 0.275273 0.269818 0.275978 0.269712 0.276018 0.269682 0.276039 0.269723 0.276912 0.270618 0.276936 0.271566 0.276998 0.271709 0.276889 0.272006 0.276888 0.272034 0.276910 0.273185 0.276655 0.274435 0.276543 0.276223 0.276550 0.276609 0.277177 0.277449 0.277156 0.277865 0.278160 0.279539 0.276211 0.279990 0.276019 0.279715 0.275285 0.279497 0.275081 0.278856 0.274374 0.278150
0 0.307160 0.314589 0.307923 0.313994 0.308709 0.315037 0.308893 0.315343 0.309046 0.316736 0.309559 0.316862 0.309528 0.317097 0.309591 0.318861 0.309379 0.319037 0.307665 0.319239 0.307764 0.320131 0.308552 0.321309 0.308444 0.322048 0.307228 0.321708 0.306858 0.321528 0.306521 0.320953 0.305793 0.320052 0.305669 0.319431 0.305627 0.319326 0.305140 0.319028 0.304902 0.318607 0.304691 0.317719 0.304825 0.317499 0.304913 0.317034 0.305262 0.316812 0.306257 0.316840 0.306778 0.316145 0.306835 0.315444 0.306927 0.314862
0 0.190184 0.330943 0.190718 0.330709 0.193124 0.329737 0.194085 0.330497 0.193938 0.330951 0.193943 0.330955 0.192489 0.332916 0.191069 0.333670 0.189850 0.333233 0.189814 0.332024
0 0.187401 0.312817 0.187954 0.313665 0.188738 0.314865 0.189363 0.316097 0.189420 0.317713 0.189398 0.318186 0.189465 0.318306 0.188709 0.319969 0.188339 0.320046 0.187799 0.320384 0.186055 0.319170 0.185750 0.318138 0.185432 0.317436 0.185354 0.316498 0.185373 0.316177 0.185281 0.315742 0.184883 0.314035 0.185696 0.313264 0.186236 0.312925 0.187188 0.313203
0 0.311143 0.729338 0.313365 0.728829 0.314138 0.731274 0.313801 0.732409 0.313119 0.732886 0.310736 0.732751 0.310188 0.731587
0 0.386531 0.732656 0.386874 0.732192 0.388439 0.732362 0.388676 0.733186 0.388962 0.733310 0.389405 0.735182 0.389310 0.735385 0.389415 0.735751 0.388817 0.736211 0.388649 0.736398 0.387739 0.736500 0.387192 0.736264 0.386438 0.736086 0.386123 0.735352 0.385762 0.734594 0.385782 0.734169 0.385606 0.733656 0.386600 0.732810
0 0.296010 0.637219 0.296998 0.637146 0.297310 0.637013 0.297596 0.637115 0.298244 0.638189 0.298611 0.638261 0.299132 0.639821 0.297779 0.640201 0.297310 0.639937 0.296010 0.639787 0.295756 0.638034 0.295801 0.637498
0 0.329559 0.632808 0.329028 0.632847 0.328318 0.634615 0.328098 0.634693 0.327004 0.635214 0.326554 0.635624 0.325856 0.634725 0.325845 0.634556 0.326866 0.634092 0.327248 0.633612 0.326781 0.633169 0.326623 0.632786 0.326223 0.632572 0.326223 0.631694 0.327055 0.631633 0.327381 0.631499 0.327719 0.631487 0.329086 0.631528 0.330129 0.631635 0.330376 0.631718
0 0.268707 0.687899 0.269092 0.687010 0.271148 0.687807 0.271204 0.688812 0.271728 0.689830 0.273049 0.689924 0.273336 0.691692 0.271619 0.692075 0.271312 0.691769 0.270760 0.691762 0.270239 0.691067 0.270057 0.689969 0.269457 0.688984 0.269378 0.688508 0.269016 0.688318
0 0.266664 0.676622 0.269184 0.677641 0.269664 0.679006 0.268194 0.679657 0.267479 0.679597 0.266176 0.678173 0.266289 0.677276
0 0.220081 0.633375 0.221454 0.631805 0.223145 0.631493 0.222968 0.632802 0.221296 0.635136 0.220073 0.636071 0.219345 0.634201
0 0.193362 0.609268 0.193726 0.609478 0.194761 0.609029 0.195331 0.609790 0.195175 0.610313 0.195186 0.610320 0.195163 0.610329 0.195046 0.610448 0.194637 0.610541 0.193774 0.610888 0.192598 0.612502 0.191115 0.612603 0.190042 0.612266 0.188624 0.609457 0.188156 0.607719 0.189129 0.606880 0.191218 0.607462 0.193608 0.605847 0.194870 0.606418 0.195128 0.608330 0.193350 0.608526 0.192221 0.609062
0 0.159538 0.592657 0.159627 0.592970 0.160747 0.595945 0.161011 0.596565 0.161722 0.597088 0.161818 0.598816 0.159382 0.599066 0.158634 0.598493 0.157169 0.597636 0.157835 0.596662 0.158549 0.595103 0.158543 0.594376 0.158337 0.594382 0.158152 0.594036 0.157281 0.593506 0.158556 0.592365 0.158927 0.592615
0 0.093454 0.581426 0.094883 0.581218 0.095480 0.582013 0.095871 0.582918 0.094826 0.583966 0.094102 0.584723 0.093153 0.584574 0.091707 0.584616 0.091057 0.583371 0.091792 0.583017
0 0.087769 0.630366 0.089833 0.629989 0.090327 0.631130 0.089524 0.631686 0.089503 0.631947 0.089513 0.633562 0.089468 0.634515 0.088974 0.634895 0.088013 0.633943 0.087386 0.633526 0.087309 0.631374
0 0.031414 0.653711 0.031265 0.653219 0.031239 0.653204 0.030429 0.651989 0.030816 0.651885 0.030738 0.651667 0.031978 0.652030 0.032904 0.652187 0.033742 0.652289 0.034151 0.652708 0.034915 0.652672 0.036781 0.652796 0.037795 0.654945 0.037042 0.655197 0.036245 0.655373 0.034915 0.654867 0.032359 0.654363 0.032020 0.654221
0 0.775130 0.800138 0.775786 0.799861 0.776872 0.800097 0.777948 0.799782 0.778568 0.799682 0.778576 0.799650 0.778402 0.799038 0.778478 0.798658 0.779480 0.798319 0.780742 0.798588 0.781029 0.799731 0.780555 0.800203 0.780746 0.800650 0.781410 0.801697 0.780750 0.802588 0.779396 0.802408 0.778348 0.802505 0.777344 0.802949 0.775874 0.802118 0.774982 0.800750
0 0.994323 0.843734 0.994939 0.843864 0.995047 0.843679 0.995475 0.843779 0.995886 0.843771 0.996810 0.844065 0.997065 0.844406 0.997506 0.844452 0.998678 0.844820 0.999096 0.844822 1.000000 0.844807 1.000000 0.849575 0.999591 0.849883 0.997282 0.847897 0.996773 0.847730 0.995584 0.846568 0.995278 0.846494 0.994772 0.846563 0.993131 0.846070 0.992559 0.845586 0.993003 0.844339 0.993600 0.844265 0.994088 0.844163
0 0.957229 0.781250 0.957628 0.780885 0.959752 0.781180 0.960401 0.782746 0.960690 0.782846 0.960903 0.783221 0.960962 0.783831 0.961011 0.785380 0.960690 0.787601 0.959913 0.787230 0.959496 0.786969 0.958838 0.786621 0.957801 0.785448 0.957199 0.782359 0.957138 0.782186
0 0.950802 0.766984 0.950897 0.767029 0.951264 0.765974 0.952592 0.766522 0.953112 0.766596 0.953477 0.767083 0.953299 0.768601 0.952877 0.769476 0.952127 0.769258 0.951538 0.769308 0.950941 0.769262 0.950654 0.768879 0.950622 0.767480
0 0.944625 0.761835 0.945145 0.761081 0.945193 0.758241 0.945496 0.757286 0.947292 0.757619 0.947707 0.758160 0.948676 0.759337 0.948746 0.760481 0.948992 0.762835 0.948843 0.764167 0.948432 0.764286 0.946417 0.764385 0.945970 0.763490 0.945903 0.762840 0.945093 0.762672
0 0.907049 0.761367 0.907721 0.761921 0.908791 0.761919 0.909335 0.761273 0.909888 0.761057 0.911351 0.761973 0.911374 0.763966 0.910827 0.765946 0.910489 0.766509 0.909909 0.767903 0.907851 0.767816 0.907072 0.767420 0.905599 0.765566 0.905527 0.765225 0.905423 0.765178 0.904824 0.762056 0.906047 0.761476
0 0.900219 0.760184 0.900732 0.759209 0.902683 0.760216 0.902740 0.760918 0.903777 0.761987 0.904087 0.763513 0.903693 0.765560 0.903464 0.767331 0.902267 0.768336 0.901201 0.768234 0.900525 0.765909 0.900879 0.764763 0.901093 0.762888 0.900790 0.761641 0.900423 0.761067
0 0.880468 0.767283 0.882847 0.767181 0.885230 0.767385 0.886542 0.769619 0.886833 0.770507 0.886465 0.771658 0.886332 0.772644 0.885447 0.773754 0.882105 0.773860 0.881216 0.774553 0.880118 0.774894 0.878256 0.773129 0.878046 0.771719 0.878014 0.769339 0.879252 0.768016
0 0.797135 0.738721 0.797264 0.741554 0.796225 0.741972 0.795845 0.741893 0.795499 0.742615 0.794958 0.742777 0.793094 0.742964 0.792070 0.742597 0.792073 0.741025 0.792174 0.739698 0.793063 0.738560 0.794081 0.737046 0.795301 0.737156 0.795589 0.737444 0.796684 0.738057
0 0.724196 0.710136 0.724398 0.707870 0.725627 0.706986 0.725705 0.707170 0.726693 0.707420 0.726749 0.709634 0.726826 0.709817 0.726755 0.710701 0.726290 0.711322 0.724634 0.710618
0 0.669324 0.698515 0.670157 0.697409 0.671778 0.697582 0.671906 0.697550 0.671945 0.697450 0.672439 0.697070 0.673370 0.697825 0.674992 0.698842 0.675042 0.699669 0.674263 0.699947 0.674246 0.699933 0.673574 0.700210 0.673512 0.701006 0.672830 0.701793 0.671794 0.702306 0.671307 0.701350 0.671441 0.700458 0.670760 0.700354 0.669124 0.699779 0.669023 0.699278
0 0.567982 0.606054 0.568373 0.606672 0.569209 0.607818 0.569514 0.607840 0.570384 0.608579 0.569813 0.609539 0.569393 0.609681 0.567066 0.610119 0.566195 0.610059 0.565388 0.609145 0.565834 0.607999 0.566092 0.606739 0.566380 0.606413 0.567105 0.605724 0.567453 0.605808
0 0.515802 0.623665 0.517391 0.623989 0.517211 0.625198 0.516873 0.626899 0.516116 0.628151 0.515359 0.627107 0.515125 0.624444
0 0.509286 0.622330 0.509870 0.622212 0.511010 0.621732 0.511287 0.622351 0.512103 0.622774 0.512312 0.624022 0.511791 0.624612 0.509267 0.625133 0.508826 0.623433
0 0.499976 0.642273 0.501233 0.641437 0.503003 0.641538 0.503288 0.642197 0.502204 0.643795 0.500608 0.643971 0.499932 0.643897
0 0.442470 0.688545 0.443077 0.688019 0.443534 0.687416 0.444495 0.686912 0.444611 0.686941 0.446383 0.688071 0.447321 0.689392 0.445715 0.690458 0.445324 0.690757 0.445062 0.691152 0.443818 0.691354 0.443597 0.690943 0.442976 0.690294 0.442862 0.689654 0.442507 0.689090
0 0.443205 0.684346 0.445258 0.683800 0.445698 0.683109 0.447180 0.683491 0.447256 0.684913 0.444807 0.685673 0.443198 0.686718 0.443199 0.686193 0.442742 0.684741 0.443204 0.684411
0 0.477334 0.666706 0.477336 0.666858 0.477349 0.667555 0.477355 0.667907 0.477883 0.668611 0.477901 0.668918 0.478274 0.670502 0.477104 0.671301 0.476773 0.670753 0.475724 0.670121 0.475567 0.668927 0.475645 0.666929 0.476914 0.666470 0.477278 0.666763
0 0.506459 0.725654 0.506759 0.725758 0.506822 0.723955 0.508123 0.722968 0.509893 0.722758 0.510471 0.724258 0.511350 0.727166 0.510986 0.728137 0.510625 0.728212 0.509842 0.729489 0.509096 0.729035 0.508908 0.728472 0.507447 0.728345 0.507010 0.727880 0.506470 0.727615 0.506136 0.727171 0.505558 0.725951 0.506163 0.725927
0 0.531095 0.709906 0.531885 0.707804 0.531850 0.706124 0.532082 0.704494 0.532849 0.704262 0.533802 0.706164 0.534840 0.707548 0.535392 0.708898 0.535266 0.710226 0.534744 0.711169 0.534754 0.711802 0.535412 0.712999 0.534786 0.714007 0.534793 0.714446 0.534437 0.715594 0.533072 0.715693 0.532187 0.714492 0.531172 0.711108
0 0.552213 0.692719 0.553458 0.693603 0.555108 0.693787 0.555590 0.694160 0.555589 0.694371 0.555849 0.695551 0.555882 0.696400 0.555287 0.696993 0.555219 0.697440 0.554212 0.697651 0.554046 0.698223 0.553396 0.698916 0.552193 0.698742 0.551259 0.697482 0.551184 0.696763 0.550371 0.695627 0.550427 0.693783 0.551603 0.692967
0 0.537673 0.666576 0.539442 0.666061 0.539530 0.666071 0.540036 0.665624 0.540423 0.665862 0.540790 0.665935 0.540999 0.666973 0.540287 0.667353 0.539613 0.668113 0.540480 0.669406 0.537513 0.670101 0.537249 0.667672
0 0.508272 0.648495 0.509283 0.648657 0.510037 0.648627 0.511415 0.650848 0.510941 0.651967 0.510505 0.653381 0.509258 0.652582 0.509186 0.652175 0.508508 0.651687 0.507123 0.651090 0.506001 0.650462 0.505275 0.649598 0.505794 0.648627 0.506770 0.648576 0.507095 0.648421
0 0.504520 0.632259 0.506474 0.632296 0.509581 0.633601 0.510724 0.635278 0.510799 0.636540 0.510390 0.637584 0.510442 0.638774 0.509475 0.639311 0.508259 0.638275 0.507448 0.638544 0.505781 0.638103 0.506644 0.634626 0.505408 0.634006 0.504663 0.633116
0 0.481659 0.641665 0.482692 0.641973 0.484064 0.643268 0.485138 0.643336 0.486217 0.643324 0.488147 0.643993 0.489030 0.644475 0.488588 0.646055 0.487870 0.647613 0.487762 0.648852 0.488540 0.650394 0.487639 0.651776 0.487665 0.652706 0.487426 0.653850 0.487176 0.655447 0.487051 0.656657 0.485458 0.656519 0.485084 0.655959 0.483201 0.654060 0.482724 0.653483 0.481449 0.653312 0.480247 0.652600 0.479510 0.651795 0.478826 0.651540 0.478019 0.651055 0.478699 0.648414 0.479569 0.647609 0.479452 0.644848 0.479138 0.644490 0.478958 0.644423 0.478518 0.643940 0.477812 0.643207 0.478228 0.640921 0.478703 0.641146 0.479048 0.641067 0.480415 0.641025 0.481032 0.641871
0 0.378156 0.642954 0.379570 0.642734 0.380664 0.645647 0.380719 0.646655 0.381594 0.649911 0.382723 0.651938 0.382720 0.653981 0.381629 0.653598 0.379353 0.651362 0.378247 0.650468 0.378183 0.649887 0.378981 0.648922 0.378667 0.647253 0.378193 0.645718 0.377964 0.643934
0 0.365832 0.630832 0.367153 0.631769 0.368178 0.632835 0.369036 0.633281 0.369627 0.635361 0.367464 0.635900 0.366404 0.635860 0.365613 0.634994 0.364159 0.634364 0.362363 0.631901 0.361839 0.631807 0.362197 0.630748 0.362421 0.630719 0.362748 0.629853 0.364001 0.629883 0.365142 0.629851 0.365429 0.630234 0.365479 0.630533 0.365596 0.630547
0 0.403808 0.593668 0.406209 0.593734 0.407978 0.595330 0.407134 0.596257 0.405740 0.597134 0.403841 0.596509 0.403536 0.594699
0 0.416777 0.604074 0.419556 0.603424 0.420334 0.603661 0.421377 0.604913 0.420724 0.605644 0.419009 0.606403 0.416252 0.604705
0 0.438433 0.609862 0.440268 0.610068 0.441269 0.611395 0.441022 0.611343 0.439986 0.612368 0.439481 0.612303 0.439425 0.611720 0.439240 0.611766 0.438775 0.611444 0.438248 0.611660 0.437759 0.611653 0.437088 0.612295 0.437033 0.612309 0.437042 0.612390 0.436985 0.612538 0.436953 0.612554 0.436798 0.614080 0.436895 0.614410 0.436338 0.615951 0.435338 0.617288 0.435345 0.617425 0.435080 0.617830 0.435397 0.618466 0.435403 0.618571 0.435156 0.618804 0.435265 0.619056 0.435443 0.620051 0.436248 0.620051 0.437642 0.619798 0.438357 0.619634 0.438436 0.619548 0.438541 0.619590 0.440134 0.619961 0.441251 0.621581 0.440900 0.622351 0.439947 0.621965 0.439011 0.622097 0.439033 0.621892 0.438956 0.621512 0.438384 0.620924 0.435912 0.621130 0.435646 0.621693 0.435392 0.622517 0.435802 0.623655 0.436146 0.624322 0.436842 0.624416 0.439003 0.624190 0.439529 0.624113 0.439869 0.623246 0.441515 0.623381 0.441620 0.623321 0.442277 0.623748 0.443590 0.624959 0.443835 0.625664 0.445682 0.625607 0.445244 0.629237 0.443232 0.629048 0.441353 0.628871 0.439992 0.628522 0.440089 0.627622 0.440661 0.625909 0.439404 0.626511 0.438709 0.627480 0.438334 0.629145 0.436927 0.629255 0.436871 0.629276 0.436413 0.628997 0.435927 0.628630 0.436142 0.628038 0.435857 0.625921 0.433892 0.625785 0.433035 0.625741 0.432797 0.624119 0.432324 0.622974 0.432464 0.622227 0.433257 0.620692 0.432937 0.619157 0.433129 0.615614 0.433713 0.614057 0.435245 0.611679 0.434052 0.610737 0.432935 0.610352 0.432081 0.609880 0.430801 0.609826 0.430615 0.610056 0.428930 0.609820 0.428430 0.609361 0.428639 0.607697 0.429099 0.607785 0.429918 0.607205 0.430893 0.606093 0.431096 0.605015 0.430932 0.604606 0.431188 0.603986 0.431243 0.603288 0.432076 0.600822 0.432810 0.600832 0.433272 0.600926 0.433869 0.602106 0.433381 0.603243 0.432934 0.604569 0.432926 0.604594 0.433074 0.606006 0.432733 0.607236 0.434544 0.608078 0.436320 0.608385 0.437344 0.609913
0 0.159910 0.134723 0.159423 0.134549 0.159083 0.133764 0.158766 0.133665 0.158610 0.132035 0.159754 0.131649 0.160695 0.131337 0.161031 0.130994 0.161473 0.130892 0.162514 0.131376 0.162514 0.132553 0.162427 0.132668 0.162645 0.132662 0.163164 0.132869 0.163633 0.132973 0.164231 0.134256 0.163683 0.135057 0.162516 0.135436 0.162047 0.135331 0.161167 0.134574 0.160848 0.134600 0.160042 0.134622
0 0.218934 0.112743 0.219017 0.114294 0.219112 0.115101 0.219283 0.116086 0.218793 0.116729 0.217567 0.116843 0.217174 0.116925 0.216349 0.116961 0.215462 0.116278 0.215977 0.114225 0.216201 0.114114 0.216304 0.112855 0.217331 0.112222 0.217520 0.111981 0.218538 0.112344
0 0.296514 0.200957 0.295655 0.202590 0.295252 0.203260 0.293128 0.203260 0.292762 0.202772 0.292760 0.202492 0.292484 0.202528 0.292199 0.201557 0.292403 0.200903 0.292633 0.200795 0.292666 0.200552 0.293238 0.200067 0.293707 0.200123 0.294174 0.200076 0.294801 0.199783 0.295998 0.200135 0.296065 0.200359
0 0.288091 0.193351 0.287681 0.193924 0.287061 0.194006 0.285460 0.193552 0.284897 0.193332 0.283831 0.191944 0.285651 0.189830 0.286432 0.190280 0.286850 0.189619 0.288542 0.189024 0.289218 0.189098 0.289507 0.190253 0.289593 0.190946 0.288250 0.192730 0.288100 0.193341
0 0.174104 0.149367 0.173805 0.148244 0.174756 0.146731 0.176548 0.146877 0.177108 0.147624 0.177576 0.147613 0.178747 0.148196 0.179258 0.149270 0.178417 0.150636 0.176668 0.151062 0.176435 0.151286 0.175924 0.151679 0.175410 0.152511 0.173772 0.151921 0.173716 0.151020 0.174141 0.149578
0 0.221865 0.198038 0.222040 0.197955 0.223829 0.197021 0.224144 0.197337 0.224201 0.197957 0.224313 0.198041 0.224218 0.199039 0.223875 0.201156 0.224887 0.202745 0.225276 0.204356 0.226743 0.205547 0.227447 0.205810 0.227468 0.207065 0.226280 0.207276 0.225481 0.206707 0.224519 0.206299 0.224013 0.205625 0.223325 0.205036 0.223184 0.203645 0.221256 0.203557 0.220251 0.203593 0.218896 0.203177 0.219269 0.201701 0.219587 0.201395 0.219607 0.200583 0.219330 0.199697 0.219694 0.198934 0.220135 0.198832 0.220868 0.198948 0.221679 0.198609
0 0.160577 0.188563 0.161295 0.188126 0.162024 0.188145 0.162159 0.187311 0.162690 0.186604 0.164000 0.186508 0.165289 0.185591 0.166267 0.185455 0.166895 0.184812 0.167533 0.184546 0.168596 0.183648 0.171125 0.184554 0.171209 0.185556 0.169319 0.187994 0.168345 0.188708 0.167582 0.189921 0.167475 0.190453 0.165968 0.191747 0.165901 0.191730 0.165818 0.192036 0.164425 0.192271 0.163761 0.192312 0.163085 0.192211 0.162799 0.191828 0.162723 0.191443 0.162148 0.191273 0.161808 0.191034 0.161792 0.191034 0.160188 0.191236 0.160180 0.191231 0.158814 0.190995 0.159442 0.189189 0.160126 0.188998 0.160195 0.188810 0.160506 0.188767
0 0.980816 0.302592 0.981657 0.303839 0.979653 0.306165 0.977468 0.305053 0.978096 0.302726 0.978692 0.302035 0.980051 0.301941
0 0.961642 0.353694 0.962447 0.353110 0.965358 0.353182 0.965980 0.354401 0.964919 0.356501 0.962539 0.356644 0.961546 0.354988
0 0.950317 0.387123 0.950067 0.387456 0.949800 0.387843 0.950399 0.388168 0.950607 0.388446 0.950718 0.388802 0.951024 0.388897 0.951246 0.389045 0.952430 0.389209 0.952352 0.390631 0.951681 0.390854 0.951681 0.390875 0.951145 0.390925 0.951102 0.390943 0.950580 0.390978 0.949720 0.391058 0.949183 0.391002 0.948077 0.388935 0.948231 0.388334 0.948450 0.387476 0.948449 0.387472 0.948502 0.386066 0.948449 0.385597 0.949410 0.383795 0.951651 0.384552 0.951701 0.384592 0.951686 0.384645 0.951701 0.384696 0.951772 0.385728 0.951934 0.386222 0.951570 0.386985 0.950445 0.387091
0 0.867751 0.309259 0.869296 0.309162 0.871510 0.309161 0.871668 0.308721 0.872624 0.308183 0.873393 0.310322 0.873491 0.310595 0.873534 0.310716 0.873496 0.310738 0.872925 0.311736 0.872300 0.311576 0.871999 0.311597 0.871588 0.311833 0.871114 0.313492 0.871034 0.314779 0.870308 0.315643 0.868722 0.313841 0.868795 0.312747 0.867658 0.311949 0.867003 0.310716 0.867203 0.310088
0 0.895510 0.327256 0.896518 0.327135 0.896714 0.327067 0.897288 0.326724 0.898299 0.326894 0.898614 0.327211 0.898281 0.329562 0.898224 0.330055 0.897254 0.330292 0.896538 0.331151 0.895810 0.331151 0.894549 0.329646
0 0.838325 0.456848 0.838771 0.457369 0.838810 0.457847 0.838964 0.458037 0.839119 0.458626 0.838964 0.459527 0.838863 0.459772 0.838730 0.460777 0.838208 0.461368 0.836336 0.460777 0.836270 0.460497 0.836097 0.460420 0.835018 0.460274 0.834333 0.458606 0.834954 0.457402 0.835371 0.456117 0.835498 0.455977 0.835499 0.455917 0.835400 0.455397 0.835476 0.455016 0.836673 0.454692 0.837792 0.455121 0.837977 0.456409 0.838088 0.456634
0 0.764652 0.465770 0.764214 0.464004 0.764350 0.462508 0.763815 0.461599 0.764069 0.460291 0.765041 0.460144 0.766742 0.460692 0.767668 0.461074 0.768393 0.462167 0.769783 0.463629 0.768587 0.465234 0.767891 0.465781 0.767040 0.465881 0.766006 0.466295 0.765273 0.466224
0 0.735090 0.425155 0.736311 0.424667 0.737767 0.426609 0.738785 0.428279 0.738862 0.429389 0.740093 0.433564 0.739936 0.436047 0.739066 0.436857 0.737925 0.435668 0.736837 0.432091 0.736957 0.431196 0.736789 0.428841 0.735917 0.426825 0.735302 0.426186
0 0.615124 0.489393 0.615153 0.489388 0.616073 0.487548 0.616742 0.487416 0.617086 0.488083 0.617576 0.488736 0.617639 0.488980 0.617645 0.488979 0.617640 0.488990 0.617631 0.489637 0.617136 0.491750 0.616795 0.493038 0.616301 0.493418 0.614844 0.493212 0.614354 0.491661 0.614331 0.491631 0.614354 0.491567 0.614355 0.491252 0.614609 0.490437 0.614785 0.490350
0 0.683280 0.494323 0.683350 0.494104 0.683216 0.492823 0.684999 0.492381 0.685819 0.492339 0.686545 0.494141 0.686495 0.494409 0.686579 0.494948 0.687133 0.495583 0.687133 0.497280 0.686406 0.498770 0.686377 0.501100 0.685791 0.500809 0.684789 0.500055 0.684446 0.499625 0.684526 0.497308 0.683279 0.495972
0 0.792288 0.561625 0.792573 0.562283 0.791925 0.563148 0.791661 0.563018 0.791514 0.563137 0.791024 0.563790 0.789685 0.564031 0.788761 0.563616 0.788995 0.562231 0.791599 0.561225 0.792129 0.561616
0 0.792635 0.527773 0.792660 0.527577 0.791889 0.526140 0.792254 0.525653 0.793684 0.525653 0.793704 0.525667 0.794102 0.525447 0.794827 0.525927 0.795168 0.526070 0.795511 0.526546 0.795767 0.526661 0.795838 0.527276 0.796313 0.528291 0.795415 0.529088 0.795406 0.529399 0.794002 0.529677 0.792830 0.528740
0 0.772028 0.537892 0.773844 0.537892 0.774376 0.538666 0.775160 0.539919 0.775883 0.541241 0.776486 0.541923 0.776697 0.542790 0.775849 0.545765 0.775755 0.546231 0.774886 0.547394 0.774774 0.547354 0.773509 0.547297 0.772686 0.547606 0.771282 0.548271 0.770149 0.547399 0.770149 0.545656 0.770323 0.545425 0.769386 0.544345 0.769068 0.543405 0.768482 0.541433 0.768502 0.540985 0.768326 0.539852 0.768488 0.539358 0.768559 0.538951 0.769237 0.537423 0.769834 0.537321 0.770772 0.537870 0.771943 0.537948
0 0.771529 0.618241 0.772386 0.617422 0.773921 0.617391 0.774693 0.619207 0.775615 0.620066 0.776298 0.621381 0.777473 0.621435 0.778147 0.622922 0.778710 0.622000 0.777830 0.620930 0.778636 0.619581 0.780420 0.620675 0.780706 0.621475 0.782406 0.623153 0.782762 0.624804 0.783772 0.625838 0.784781 0.625933 0.784723 0.627657 0.786578 0.627704 0.787766 0.628620 0.788398 0.629478 0.790241 0.630440 0.790226 0.630794 0.790588 0.631763 0.790166 0.632190 0.790150 0.632571 0.789050 0.632968 0.787506 0.632753 0.785010 0.632673 0.784534 0.633688 0.783544 0.633823 0.782915 0.633434 0.782109 0.633815 0.782384 0.631904 0.781580 0.631034 0.780670 0.629613 0.780015 0.630583 0.777820 0.630625 0.777706 0.630558 0.777231 0.630479 0.777155 0.630233 0.777129 0.630217 0.777247 0.630090 0.776866 0.629336 0.778301 0.628941 0.778374 0.628861 0.778429 0.628396 0.777567 0.626621 0.776086 0.626417 0.775440 0.625243 0.774383 0.623798 0.773519 0.623352 0.772179 0.623083 0.771816 0.622217 0.771837 0.620446 0.771424 0.619680
0 0.834468 0.630698 0.834999 0.630662 0.836359 0.630192 0.836411 0.630076 0.836534 0.629750 0.836669 0.629258 0.837112 0.628667 0.837553 0.628621 0.839063 0.629049 0.839108 0.629794 0.839107 0.629895 0.839154 0.629935 0.839102 0.630103 0.838630 0.631622 0.838586 0.631765 0.837722 0.632846 0.837138 0.632595 0.837095 0.632620 0.837060 0.632688 0.836954 0.633247 0.836510 0.633838 0.835991 0.633912 0.835081 0.633942 0.834942 0.633843 0.834859 0.633890 0.834459 0.633504 0.834003 0.633657 0.833440 0.633838 0.833231 0.632174 0.833909 0.631271 0.834264 0.631128
0 0.830819 0.653087 0.831580 0.653120 0.832096 0.651373 0.832786 0.649431 0.834265 0.649771 0.834961 0.649741 0.836208 0.650016 0.836790 0.651203 0.837174 0.651567 0.836524 0.654061 0.835994 0.653714 0.834685 0.653352 0.833716 0.654390 0.833400 0.654597 0.833391 0.654707 0.833247 0.655584 0.833190 0.656181 0.831942 0.656668 0.831858 0.656574 0.831855 0.656578 0.830601 0.656080 0.830513 0.654192
0 0.961246 0.597301 0.961510 0.596013 0.962862 0.594531 0.963134 0.594674 0.964487 0.594659 0.964784 0.595885 0.965075 0.596221 0.965288 0.597026 0.965305 0.601066 0.965231 0.602726 0.962220 0.603049 0.961573 0.602027 0.961275 0.601685 0.961114 0.601210 0.961028 0.601173 0.960712 0.601217 0.960693 0.601171 0.959829 0.600248 0.959978 0.599406 0.959827 0.599034 0.960736 0.598696
0 0.885892 0.573061 0.886358 0.571237 0.886994 0.571080 0.889345 0.569508 0.890384 0.569508 0.891054 0.570714 0.891606 0.572250 0.891163 0.573423 0.890220 0.574990 0.889916 0.577062 0.887782 0.577908 0.887106 0.576625 0.887076 0.575925 0.886298 0.575408 0.885947 0.574159
0 0.858336 0.569390 0.859499 0.567430 0.859918 0.566350 0.861374 0.564305 0.861686 0.563471 0.861871 0.562079 0.862503 0.560507 0.862792 0.559258 0.862731 0.558916 0.862808 0.558536 0.862810 0.558532 0.862809 0.558500 0.864993 0.557841 0.865436 0.558432 0.865514 0.559713 0.865149 0.560200 0.865133 0.560210 0.865124 0.560234 0.865115 0.560249 0.865018 0.560483 0.864871 0.560838 0.864343 0.562110 0.863773 0.563704 0.863640 0.564610 0.862291 0.566721 0.862156 0.567214 0.861666 0.567867 0.861197 0.569117 0.861140 0.569819 0.860387 0.570614 0.859759 0.571972 0.858224 0.572595 0.857418 0.570412
0 0.877213 0.523482 0.877448 0.523475 0.877800 0.523436 0.877831 0.523462 0.879602 0.523401 0.880162 0.526009 0.879230 0.526606 0.878940 0.527212 0.878659 0.527878 0.877599 0.527537 0.877099 0.527078 0.877023 0.525240 0.877261 0.523846
0 0.951535 0.477386 0.951452 0.476237 0.953277 0.475906 0.953648 0.476217 0.954115 0.478889 0.953025 0.480068 0.951954 0.478488
0 0.945200 0.480655 0.945914 0.479889 0.946796 0.479826 0.948908 0.480691 0.948835 0.481585 0.949431 0.481714 0.950299 0.482394 0.950143 0.485237 0.948695 0.485953 0.947109 0.485580 0.945974 0.484063 0.944903 0.483423 0.944442 0.483328 0.943922 0.482253 0.944391 0.481093
0 0.955648 0.459822 0.956617 0.457919 0.956634 0.457237 0.956924 0.454982 0.958328 0.454496 0.958672 0.455445 0.959004 0.455779 0.959018 0.456753 0.959107 0.457064 0.959982 0.457151 0.960418 0.458618 0.960445 0.458657 0.961090 0.458692 0.961766 0.458766 0.962131 0.460013 0.961770 0.460600 0.961831 0.460689 0.960338 0.462314 0.961675 0.464127 0.959489 0.464509 0.958545 0.463146 0.957927 0.463051 0.957104 0.461502 0.955953 0.460731
0 0.967116 0.464679 0.967117 0.464678 0.966781 0.463366 0.968134 0.463222 0.968183 0.463221 0.968257 0.463120 0.968888 0.463137 0.968031 0.462096 0.968031 0.460398 0.969096 0.458977 0.969276 0.457400 0.969900 0.456832 0.969984 0.455814 0.971767 0.454851 0.972646 0.454699 0.972923 0.455257 0.972456 0.457721 0.972214 0.458147 0.971831 0.459700 0.971156 0.461433 0.970710 0.462965 0.970814 0.463382 0.969669 0.465395 0.968806 0.465945 0.968263 0.467061 0.967327 0.466783 0.967129 0.465547 0.967093 0.465481 0.967017 0.465101 0.967116 0.464833
0 0.959565 0.481147 0.960331 0.480051 0.961193 0.478482 0.961750 0.478695 0.963180 0.478857 0.963909 0.479680 0.964720 0.480935 0.964261 0.481771 0.962857 0.481681 0.962481 0.484927 0.961728 0.485029 0.960687 0.484128 0.959724 0.483677 0.959437 0.483295 0.959405 0.482216
0 0.975473 0.474440 0.977723 0.473325 0.977989 0.474097 0.979807 0.474958 0.979286 0.476934 0.978376 0.477244 0.978167 0.477562 0.977958 0.479330 0.976774 0.479390 0.976032 0.479640 0.974782 0.479536 0.974132 0.478947 0.974733 0.476848 0.974835 0.475999 0.975381 0.475608
0 0.952929 0.516342 0.954662 0.514637 0.956666 0.514327 0.957627 0.515295 0.955807 0.516429 0.953775 0.518139 0.953321 0.517655
0 0.942112 0.525160 0.941665 0.525328 0.941119 0.524537 0.941281 0.523470 0.942108 0.520604 0.943195 0.520723 0.943830 0.519661 0.945388 0.519742 0.945956 0.520603 0.946794 0.520784 0.946840 0.522195 0.945551 0.522196 0.944854 0.522447 0.944071 0.523499 0.944943 0.524210 0.944916 0.525834 0.946112 0.527062 0.946892 0.528494 0.946412 0.528833 0.945807 0.528589 0.944752 0.528600 0.943111 0.529347 0.942709 0.529287 0.942590 0.527571
0 0.938256 0.543573 0.939191 0.542066 0.939301 0.540869 0.940750 0.540121 0.941469 0.540245 0.941891 0.541082 0.943250 0.542312 0.942740 0.543370 0.942577 0.544894 0.942126 0.545599 0.941693 0.546954 0.941134 0.547014 0.939227 0.545989 0.937867 0.545426 0.937895 0.544635
0 0.981467 0.541328 0.982048 0.541236 0.982138 0.541265 0.982423 0.541160 0.983809 0.541480 0.984271 0.541574 0.984636 0.543759 0.984416 0.544057 0.984454 0.544184 0.983045 0.545366 0.983916 0.546977 0.983927 0.548761 0.983414 0.549945 0.982353 0.549547 0.980818 0.548630 0.979182 0.548077 0.979069 0.546667 0.979443 0.544988 0.979070 0.543238 0.979088 0.543104 0.980269 0.542851 0.981163 0.541291
0 0.993330 0.511074 0.994679 0.511404 0.996145 0.513358 0.995997 0.515865 0.995517 0.519781 0.995469 0.521540 0.994062 0.522813 0.992155 0.521097 0.991371 0.520504 0.990513 0.520559 0.989252 0.520454 0.988555 0.520498 0.988479 0.520432 0.988620 0.520270 0.989431 0.518375 0.990247 0.515837 0.991659 0.513697 0.991815 0.511557 0.992015 0.510856
0 0.995175 0.031916 0.998992 0.032153 0.999709 0.032204 1.000000 0.032290 1.000000 0.032845 1.000000 0.032926 1.000000 0.034548 1.000000 0.034676 0.999506 0.034642 0.998793 0.034441 0.998164 0.033857 0.997737 0.033800 0.994469 0.033842 0.993741 0.032872 0.994532 0.032230
0 0.997291 0.062099 0.997284 0.062147 0.996877 0.065241 0.995808 0.066388 0.995243 0.065601 0.995003 0.064586 0.995157 0.062748 0.995314 0.061706 0.995519 0.060598 0.996640 0.059553 0.996894 0.060365 0.997315 0.061149 0.997284 0.061930 0.997284 0.062081
0 0.682064 0.076138 0.682937 0.075708 0.685176 0.075678 0.685775 0.077862 0.684266 0.079284 0.682630 0.079049 0.681742 0.077586
0 0.593601 0.124450 0.593668 0.123308 0.593877 0.121490 0.594920 0.120400 0.595567 0.120143 0.596450 0.119290 0.597933 0.119559 0.600701 0.119900 0.601073 0.120826 0.600586 0.121988 0.599882 0.122229 0.599121 0.123244 0.598664 0.123435 0.596843 0.124454 0.594095 0.124681
0 0.601696 0.019848 0.603027 0.020158 0.604267 0.020656 0.605959 0.020757 0.606167 0.021036 0.605412 0.022387 0.605061 0.022609 0.604865 0.024991 0.602939 0.025065 0.602158 0.025301 0.601499 0.024879 0.600948 0.024971 0.600454 0.022997 0.601467 0.022614 0.601494 0.022635 0.602005 0.022636 0.601974 0.021031
0 0.584507 0.070884 0.584496 0.072754 0.584332 0.072972 0.584614 0.073780 0.584572 0.073942 0.584582 0.073962 0.584738 0.075556 0.583725 0.076251 0.583566 0.076086 0.582075 0.075933 0.581388 0.075016 0.581148 0.074103 0.581178 0.073605 0.580906 0.072810 0.581120 0.072306 0.581400 0.071753 0.582003 0.070875 0.582319 0.070246 0.583691 0.070483 0.584322 0.070888
0 0.499505 0.147699 0.500106 0.147197 0.501818 0.147044 0.501387 0.149949 0.500153 0.151861 0.499006 0.151327 0.498987 0.149088
0 0.426717 0.149084 0.427351 0.147787 0.429221 0.147541 0.430004 0.148446 0.429094 0.151187 0.427891 0.151178 0.426872 0.150189
0 0.436063 0.132890 0.437765 0.133475 0.438784 0.134510 0.438338 0.136606 0.436815 0.136401 0.435554 0.135528 0.435476 0.134876 0.435347 0.134383 0.435626 0.133755
0 0.390817 0.139638 0.390861 0.139857 0.391442 0.140607 0.391145 0.140935 0.390816 0.141868 0.390882 0.142075 0.390451 0.142461 0.390427 0.142795 0.389671 0.143802 0.389458 0.143878 0.388161 0.144462 0.388127 0.144492 0.386807 0.144021 0.386368 0.143462 0.386677 0.143003 0.386734 0.142302 0.386911 0.142066 0.386982 0.141658 0.388627 0.140090 0.389620 0.139737 0.390634 0.139394
0 0.350509 0.135136 0.351339 0.135478 0.351945 0.135728 0.352432 0.135929 0.353461 0.137000 0.352973 0.138152 0.353058 0.138600 0.352293 0.138737 0.352006 0.139120 0.351822 0.139887 0.351335 0.140432 0.350880 0.140601 0.349840 0.140276 0.349677 0.138915 0.349459 0.138632 0.349348 0.138342 0.349246 0.138283 0.349090 0.135612 0.350109 0.135285
0 0.175981 0.775427 0.177783 0.774556 0.179482 0.775742 0.180545 0.774562 0.183095 0.774663 0.183926 0.775937 0.183406 0.776757 0.181478 0.777950 0.180711 0.779503 0.179286 0.779569 0.178536 0.779347 0.177568 0.778478 0.176644 0.778801 0.175650 0.778460 0.175681 0.776847
0 0.240911 0.847306 0.240981 0.847468 0.241393 0.846367 0.241170 0.844789 0.242551 0.842427 0.243461 0.842325 0.243858 0.842351 0.244347 0.841386 0.245855 0.841386 0.246093 0.841806 0.246533 0.842393 0.246432 0.844440 0.246298 0.845445 0.245358 0.846074 0.245126 0.846591 0.244530 0.847490 0.244136 0.848328 0.243121 0.849161 0.242447 0.849340 0.242183 0.849890 0.241195 0.850409 0.240846 0.850404 0.240830 0.850445 0.239515 0.851096 0.238957 0.851036 0.238952 0.851008 0.238514 0.850549 0.238443 0.849934 0.238749 0.848425 0.238722 0.848052 0.238821 0.847983 0.239269 0.847323 0.240101 0.847221 0.240656 0.847358
0 0.298500 0.787668 0.298531 0.787689 0.298930 0.787879 0.299177 0.788134 0.299195 0.788147 0.299948 0.788154 0.301472 0.789898 0.300620 0.791712 0.300486 0.792008 0.300339 0.792854 0.299914 0.793498 0.299570 0.793449 0.297582 0.793649 0.296989 0.792280 0.297151 0.791827 0.296950 0.791358 0.296933 0.791341 0.296770 0.791267 0.296794 0.791174 0.296499 0.788675 0.296762 0.788369 0.296608 0.787879 0.297769 0.787755 0.298489 0.787683
0 0.211175 0.832158 0.212249 0.832533 0.212672 0.832725 0.212887 0.832801 0.213231 0.832711 0.213470 0.833555 0.214583 0.833501 0.214205 0.836153 0.214311 0.836527 0.213776 0.836761 0.213304 0.836929 0.212850 0.837610 0.212257 0.837822 0.211487 0.837374 0.210852 0.837177 0.209119 0.833718 0.209863 0.833091 0.210588 0.832395
0 0.254000 0.775175 0.254076 0.774847 0.255512 0.773797 0.256324 0.772281 0.256605 0.771257 0.256685 0.771106 0.257414 0.771346 0.259504 0.772338 0.258168 0.773949 0.258089 0.775137 0.257685 0.776255 0.258329 0.777649 0.258432 0.777988 0.257677 0.779573 0.257542 0.779573 0.257352 0.779434 0.256717 0.779237 0.254131 0.777406 0.253903 0.776290
0 0.417715 0.811433 0.419554 0.808906 0.420192 0.809064 0.421005 0.809051 0.421379 0.808946 0.421548 0.809149 0.421933 0.809396 0.422121 0.809808 0.422673 0.810136 0.422951 0.810676 0.423451 0.810808 0.423417 0.812064 0.421752 0.812757 0.421051 0.812769 0.420428 0.813005 0.419774 0.812852 0.418862 0.812514 0.418003 0.811984
0 0.448521 0.784151 0.448595 0.784769 0.448886 0.785158 0.449245 0.785845 0.450136 0.786825 0.450141 0.787560 0.450292 0.787762 0.450447 0.788559 0.450363 0.789315 0.451120 0.790428 0.451542 0.790783 0.451542 0.791543 0.451363 0.791788 0.451190 0.792813 0.451230 0.793627 0.450943 0.794009 0.450602 0.794152 0.450084 0.794947 0.448654 0.794947 0.448292 0.794568 0.447795 0.794218 0.447408 0.793518 0.446883 0.793002 0.446212 0.789551 0.445763 0.789322 0.445086 0.788418 0.445228 0.787644 0.445502 0.787625 0.445814 0.787757 0.446334 0.787551 0.445946 0.785300 0.445908 0.785239 0.446076 0.784151 0.447896 0.784151 0.447972 0.784206
0 0.422121 0.809808 0.421933 0.809396 0.421548 0.809149 0.420793 0.808245 0.420245 0.806991 0.419305 0.806335 0.419249 0.805851 0.419585 0.804933 0.419826 0.804359 0.420021 0.804241 0.420009 0.802622 0.420432 0.801838 0.420555 0.801408 0.421575 0.801569 0.421908 0.801549 0.422241 0.801660 0.423236 0.800611 0.424221 0.800602 0.424228 0.799809 0.424904 0.798213 0.425508 0.798033 0.425970 0.797694 0.426680 0.797720 0.427010 0.797488 0.427351 0.796096 0.427886 0.795619 0.427900 0.793351 0.428050 0.792873 0.427976 0.791721 0.428664 0.791174 0.429123 0.790401 0.429877 0.790194 0.430474 0.790296 0.430658 0.790431 0.431699 0.790783 0.431775 0.792101 0.431604 0.792906 0.432427 0.793317 0.433073 0.793970 0.433443 0.794151 0.435115 0.797213 0.435605 0.797762 0.435759 0.798663 0.434693 0.802343 0.433986 0.802788 0.432399 0.804179 0.432400 0.804601 0.432160 0.805303 0.432089 0.806023 0.431880 0.806301 0.431752 0.806315 0.429795 0.806265 0.429045 0.806234 0.428681 0.806997 0.428720 0.807188 0.428289 0.807762 0.428154 0.808359 0.427351 0.809533 0.427164 0.810065 0.427166 0.810122 0.426595 0.810882 0.424681 0.810840 0.423732 0.810780 0.423711 0.810762 0.423567 0.810851 0.423536 0.810831 0.422951 0.810676 0.422673 0.810136
0 0.348159 0.814828 0.347992 0.814775 0.347549 0.814796 0.346513 0.815237 0.344916 0.814589 0.344454 0.813974 0.344407 0.813624 0.344253 0.813574 0.344296 0.813380 0.344129 0.810472 0.344425 0.810078 0.344834 0.809315 0.346351 0.809130 0.347448 0.808927 0.348111 0.808990 0.349383 0.811518 0.349383 0.812494 0.349296 0.812956 0.349087 0.814480 0.348833 0.814547
0 0.348595 0.828036 0.349071 0.828284 0.350845 0.828469 0.351790 0.829874 0.351977 0.833962 0.351748 0.833955 0.350260 0.834898 0.349556 0.835899 0.348641 0.835868 0.347823 0.834426 0.347023 0.833416 0.346528 0.832182 0.345628 0.830692 0.345546 0.830404 0.344746 0.829773 0.344746 0.828712 0.345435 0.828182 0.345681 0.828192 0.347451 0.827804 0.348012 0.827888 0.348124 0.828012
0 0.333827 0.839816 0.334016 0.838813 0.334437 0.837625 0.335655 0.837081 0.338073 0.838499 0.338933 0.839651 0.340198 0.840728 0.340170 0.841744 0.339882 0.842358 0.340814 0.843243 0.340917 0.843839 0.340970 0.846894 0.340835 0.847019 0.340333 0.848194 0.339515 0.848324 0.338185 0.847967 0.337655 0.847260 0.335820 0.844509 0.335622 0.843482 0.335347 0.843060 0.334562 0.842526 0.334447 0.840848 0.334257 0.840255
0 0.433510 0.732466 0.433444 0.732882 0.433446 0.732971 0.433360 0.733412 0.433308 0.733746 0.433329 0.734352 0.433308 0.735711 0.433517 0.736736 0.433496 0.737719 0.434262 0.739118 0.434326 0.740690 0.434266 0.743622 0.434074 0.744646 0.432289 0.745151 0.431363 0.744997 0.429794 0.745351 0.429656 0.745518 0.428710 0.745518 0.428175 0.744554 0.427783 0.743662 0.427272 0.742635 0.427458 0.741800 0.427581 0.741625 0.427469 0.740935 0.427397 0.740755 0.427317 0.739644 0.427107 0.738870 0.427133 0.738242 0.426926 0.736482 0.428166 0.735959 0.428338 0.735604 0.428928 0.734817 0.429374 0.733596 0.429895 0.732901 0.430157 0.732052 0.430602 0.731961 0.432752 0.731835 0.433350 0.732473
0 0.709136 0.809064 0.709526 0.808945 0.709926 0.808273 0.710511 0.808170 0.711804 0.806560 0.712981 0.806309 0.714015 0.805458 0.714374 0.804847 0.716118 0.804718 0.716954 0.804734 0.716976 0.803091 0.717450 0.802664 0.717932 0.801948 0.718525 0.801553 0.719871 0.801065 0.720040 0.800324 0.721060 0.799184 0.722471 0.799923 0.723496 0.800630 0.725764 0.804283 0.727614 0.806517 0.728006 0.807303 0.728996 0.808843 0.728635 0.809676 0.727681 0.809901 0.727088 0.810200 0.726029 0.810778 0.725077 0.811916 0.724250 0.812096 0.723891 0.812575 0.722965 0.813018 0.722606 0.813366 0.721816 0.813761 0.721429 0.813881 0.720459 0.814516 0.719048 0.815737 0.717749 0.815813 0.717008 0.815831 0.716281 0.816396 0.714438 0.816718 0.713880 0.816660 0.712335 0.814468 0.711117 0.813007 0.711008 0.812858 0.710354 0.812355 0.710248 0.811865 0.710124 0.811784 0.709801 0.811222 0.708872 0.810378
0 0.644728 0.716938 0.644220 0.715766 0.644284 0.715642 0.644235 0.715332 0.644396 0.714611 0.644447 0.714521 0.644499 0.712613 0.644404 0.711943 0.644154 0.710237 0.644418 0.709487 0.644398 0.709261 0.644448 0.709015 0.644220 0.707635 0.644240 0.706126 0.643787 0.705602 0.643808 0.705193 0.643422 0.704708 0.643953 0.703794 0.643963 0.703697 0.644038 0.703678 0.644887 0.702790 0.644965 0.702469 0.645427 0.701204 0.646759 0.701864 0.647187 0.701857 0.647837 0.701965 0.648192 0.701976 0.649220 0.701945 0.649391 0.701977 0.649928 0.700947 0.650874 0.699686 0.651310 0.699538 0.651909 0.699065 0.652582 0.698060 0.653488 0.697997 0.655236 0.697983 0.655805 0.697629 0.657485 0.697952 0.658789 0.700016 0.659764 0.701750 0.659943 0.702158 0.660249 0.702288 0.660629 0.702686 0.660672 0.702798 0.660811 0.702916 0.660956 0.702722 0.661253 0.702616 0.661550 0.702722 0.661743 0.702979 0.661794 0.702938 0.662264 0.704161 0.662904 0.704708 0.662499 0.706838 0.661888 0.707978 0.661847 0.709261 0.661640 0.710020 0.661603 0.711213 0.661489 0.711700 0.661361 0.712692 0.660604 0.714135 0.660466 0.715077 0.659842 0.715909 0.659058 0.715928 0.655643 0.715878 0.655588 0.716053 0.655045 0.716560 0.654314 0.716993 0.653197 0.717289 0.653013 0.717535 0.652550 0.717640 0.652281 0.718186 0.650805 0.718140 0.649951 0.718096 0.649301 0.718292 0.647471 0.718111 0.646902 0.717985 0.646240 0.718077 0.645860 0.717571 0.645801 0.717071 0.645427 0.716993 0.644956 0.716763
0 0.894469 0.804154 0.895770 0.803151 0.896470 0.802039 0.897505 0.799554 0.898886 0.797778 0.899982 0.797755 0.900490 0.797989 0.901552 0.797553 0.901328 0.795305 0.902373 0.795436 0.903427 0.794599 0.904124 0.794409 0.905237 0.793628 0.907107 0.793209 0.908490 0.791560 0.909987 0.791736 0.910430 0.792141 0.911509 0.791827 0.912130 0.790996 0.913605 0.790578 0.914445 0.789447 0.915293 0.787330 0.915595 0.786315 0.917222 0.785138 0.918181 0.786116 0.918139 0.788873 0.918403 0.790038 0.919023 0.791224 0.919177 0.792178 0.918587 0.794655 0.917438 0.797500 0.917335 0.797996 0.916443 0.799413 0.915229 0.801107 0.914976 0.802150 0.913033 0.804564 0.912123 0.805167 0.910195 0.806992 0.908809 0.807952 0.907951 0.809103 0.907475 0.809326 0.906800 0.810226 0.906377 0.810271 0.905975 0.810968 0.905667 0.811015 0.905667 0.811015 0.905150 0.811021 0.904644 0.810271 0.904191 0.810082 0.902946 0.808699 0.901878 0.807922 0.900877 0.808334 0.900633 0.808513 0.900011 0.808651 0.898449 0.808653 0.896861 0.807227 0.895955 0.806849 0.895408 0.805982 0.894571 0.806116
0 0.962344 0.524909 0.961956 0.522918 0.961996 0.521385 0.961524 0.518537 0.961840 0.515859 0.961886 0.514448 0.962571 0.513155 0.963536 0.512318 0.963616 0.511888 0.963815 0.511737 0.964139 0.511041 0.964280 0.510871 0.964535 0.509896 0.965798 0.508212 0.966065 0.508080 0.966167 0.507927 0.966228 0.507627 0.966546 0.507203 0.966646 0.506873 0.967203 0.505946 0.968099 0.503724 0.968114 0.503652 0.969001 0.502681 0.969402 0.501553 0.969836 0.500907 0.969707 0.500331 0.969902 0.499496 0.969992 0.498006 0.970674 0.497053 0.972431 0.494525 0.973404 0.493412 0.973872 0.493159 0.974883 0.491811 0.976097 0.490934 0.976535 0.489990 0.976830 0.489772 0.978135 0.487351 0.977708 0.485545 0.977442 0.484079 0.976759 0.483528 0.976465 0.482233 0.977377 0.481257 0.978927 0.480806 0.980906 0.482125 0.982966 0.481875 0.983849 0.482303 0.984998 0.482656 0.986545 0.484187 0.986959 0.485110 0.988293 0.486279 0.989081 0.487607 0.990477 0.491446 0.991349 0.493350 0.991536 0.495513 0.992578 0.499306 0.992597 0.503112 0.992366 0.504434 0.992219 0.508600 0.992319 0.509787 0.991815 0.511557 0.991659 0.513697 0.990247 0.515837 0.989431 0.518375 0.988620 0.520270 0.987311 0.521781 0.986666 0.522826 0.986328 0.523053 0.986159 0.525856 0.986200 0.526104 0.986109 0.528156 0.986143 0.530212 0.986339 0.531481 0.985560 0.532909 0.984574 0.534484 0.984346 0.535375 0.983329 0.536732 0.982761 0.537014 0.982666 0.537264 0.982314 0.537355 0.981611 0.540040 0.981498 0.540339 0.981472 0.540752 0.980269 0.542851 0.978788 0.543168 0.977038 0.542602 0.975176 0.542145 0.973659 0.541080 0.972068 0.539389 0.971877 0.537673 0.971941 0.536632 0.971654 0.534077 0.971691 0.533522 0.970481 0.534649 0.969164 0.536382 0.968396 0.538343 0.968099 0.538569 0.966586 0.540587 0.966673 0.541773 0.966506 0.542307 0.966595 0.542486 0.966524 0.543935 0.966456 0.544952 0.965028 0.545391 0.964374 0.545262 0.963032 0.542977 0.963045 0.542794 0.962839 0.542288 0.961420 0.540234 0.961125 0.539129 0.960615 0.538282 0.960266 0.537368 0.959748 0.535187 0.960329 0.533945 0.960912 0.532167 0.961938 0.529292 0.961986 0.527773 0.962340 0.526534
0 0.834865 0.395756 0.836910 0.396164 0.837210 0.395432 0.838526 0.394077 0.840861 0.395714 0.841272 0.396365 0.841611 0.398070 0.841165 0.398614 0.839932 0.400930 0.839139 0.401537 0.837812 0.400827 0.836377 0.399431 0.834466 0.399594 0.833706 0.399052 0.834295 0.396598
0 0.792683 0.356458 0.793345 0.356026 0.794082 0.356677 0.796649 0.357458 0.798480 0.358210 0.801470 0.360149 0.803113 0.362556 0.804091 0.363867 0.804707 0.364353 0.806217 0.366378 0.806931 0.366619 0.807259 0.366928 0.807061 0.367237 0.807858 0.369078 0.808289 0.368925 0.809033 0.369917 0.809995 0.371369 0.810604 0.373862 0.810925 0.374811 0.810926 0.375024 0.809498 0.376310 0.808186 0.376361 0.808025 0.377042 0.806712 0.378059 0.805886 0.377063 0.805097 0.376466 0.804951 0.375763 0.804062 0.375906 0.803319 0.375691 0.802516 0.376818 0.800334 0.376482 0.799079 0.374006 0.798669 0.373446 0.797933 0.371327 0.796846 0.369363 0.796444 0.367967 0.795432 0.365605 0.794249 0.362053 0.793060 0.360728 0.792303 0.359383 0.792104 0.357844
0 0.900953 0.432408 0.900913 0.432234 0.900165 0.432120 0.900026 0.429404 0.900948 0.428944 0.900964 0.428133 0.901262 0.425938 0.902536 0.424342 0.902426 0.423574 0.903155 0.420626 0.902995 0.419637 0.903409 0.418404 0.903843 0.417811 0.904396 0.415427 0.904521 0.413212 0.905053 0.411999 0.906191 0.410490 0.906439 0.409599 0.908117 0.407611 0.909003 0.407094 0.910329 0.406756 0.911702 0.407350 0.913622 0.408515 0.914756 0.409550 0.915050 0.410479 0.916027 0.411956 0.917852 0.413059 0.921026 0.413339 0.922464 0.413346 0.922767 0.412623 0.923618 0.412164 0.924555 0.413128 0.925704 0.413092 0.926856 0.414132 0.927694 0.415414 0.928048 0.419235 0.928228 0.419804 0.928088 0.421325 0.927494 0.422035 0.926034 0.423005 0.925039 0.423278 0.924878 0.424560 0.921233 0.426026 0.921113 0.426780 0.919896 0.428363 0.919079 0.428701 0.917113 0.430775 0.915964 0.431019 0.913873 0.432746 0.912833 0.433463 0.912305 0.432371 0.910900 0.432074 0.910971 0.431881 0.909995 0.432475 0.909204 0.432110 0.907936 0.433369 0.905423 0.434641 0.903625 0.435230 0.902775 0.437005 0.902123 0.437702 0.901320 0.438333 0.899977 0.439718 0.899098 0.437687 0.899881 0.436457 0.900071 0.435648 0.901695 0.433484 0.902719 0.432859 0.903032 0.432431 0.903031 0.432238 0.901636 0.432523
0 0.830534 0.338576 0.831225 0.337655 0.832455 0.335854 0.832941 0.335039 0.833738 0.333901 0.834381 0.333671 0.837002 0.333027 0.838213 0.333948 0.839675 0.334816 0.840367 0.336570 0.840763 0.337694 0.840915 0.338826 0.841722 0.343039 0.840642 0.343992 0.840183 0.344619 0.839411 0.345256 0.839158 0.345687 0.837846 0.347101 0.835864 0.348221 0.835251 0.348899 0.834096 0.349410 0.833512 0.349804 0.831756 0.350468 0.831028 0.350350 0.828896 0.349681 0.828737 0.348281 0.828642 0.346625 0.828301 0.345758 0.828004 0.344707 0.829028 0.341357 0.829311 0.340287
0 0.986515 0.278635 0.987540 0.279091 0.987896 0.280535 0.988514 0.280971 0.988540 0.281220 0.988866 0.281360 0.988842 0.282184 0.988843 0.283273 0.988861 0.287459 0.988891 0.287519 0.988873 0.287665 0.988946 0.288477 0.988896 0.288984 0.988898 0.289012 0.988979 0.290537 0.988079 0.290837 0.986474 0.290799 0.986047 0.289312 0.985350 0.288480 0.985327 0.287187 0.985104 0.286436 0.985188 0.286146 0.985163 0.285522 0.984913 0.284574 0.985062 0.284086 0.984913 0.283599 0.984832 0.282189 0.984911 0.281251 0.985016 0.281105 0.985074 0.279409 0.985717 0.279129
0 0.966865 0.199929 0.967691 0.198816 0.969096 0.197633 0.969663 0.196871 0.969189 0.193329 0.969676 0.192202 0.970407 0.193272 0.971339 0.195126 0.971743 0.196439 0.972657 0.196429 0.974076 0.195838 0.976175 0.193817 0.977340 0.193494 0.978717 0.192617 0.980600 0.192492 0.981254 0.192570 0.981403 0.194573 0.983693 0.196004 0.984121 0.195951 0.984365 0.196261 0.984707 0.197311 0.984409 0.198612 0.983649 0.198861 0.981725 0.201938 0.981231 0.203130 0.980144 0.204247 0.979320 0.205906 0.978885 0.207047 0.977812 0.208231 0.977069 0.209588 0.975601 0.210839 0.974616 0.213220 0.973634 0.214708 0.973647 0.215752 0.972930 0.217381 0.971489 0.218057 0.969910 0.219989 0.968797 0.220495 0.967631 0.219733 0.967654 0.217918 0.967425 0.217099 0.968051 0.216070 0.968314 0.214553 0.968300 0.211503 0.968037 0.208260 0.967496 0.206692 0.966893 0.203788 0.966767 0.201503
0 0.994899 0.171104 0.995322 0.169713 0.995567 0.169010 0.996195 0.169380 0.996712 0.169405 0.997654 0.169551 0.997666 0.169580 0.997690 0.169580 0.998611 0.172217 0.998535 0.173134 0.997111 0.174008 0.996740 0.174424 0.995819 0.175275 0.994639 0.175092 0.994130 0.172692 0.994505 0.172192 0.995129 0.171892
0 0.985314 0.197463 0.984121 0.195951 0.983693 0.196004 0.981403 0.194573 0.981103 0.190531 0.979421 0.190815 0.977143 0.191650 0.976533 0.190311 0.976675 0.189275 0.977128 0.188694 0.977235 0.187794 0.977615 0.185724 0.978245 0.184884 0.978596 0.184687 0.978320 0.183414 0.978036 0.181665 0.977844 0.180661 0.976773 0.179046 0.976441 0.178042 0.975931 0.177363 0.975832 0.176119 0.976212 0.173378 0.977487 0.172238 0.977755 0.171133 0.980089 0.167273 0.980561 0.165147 0.982150 0.163716 0.983827 0.164142 0.984996 0.164766 0.987049 0.166381 0.988134 0.166705 0.989210 0.168140 0.989313 0.169025 0.989478 0.169807 0.989628 0.172751 0.989899 0.174670 0.991452 0.177989 0.990753 0.180169 0.990599 0.180663 0.990960 0.181178 0.991269 0.181113 0.993325 0.185158 0.991931 0.184665 0.991778 0.184578 0.991690 0.184780 0.991059 0.184375 0.990996 0.184521 0.990894 0.185032 0.990765 0.185349 0.991220 0.185599 0.991538 0.186023 0.993276 0.187904 0.991178 0.189086 0.990919 0.188740 0.990384 0.189454 0.988926 0.195240 0.988611 0.197242 0.988368 0.199063 0.988185 0.199306 0.988088 0.200185 0.986408 0.200872 0.985755 0.198380 0.985834 0.197984
0 0.723149 0.177310 0.723427 0.179504 0.723703 0.180891 0.723387 0.181265 0.721685 0.182816 0.720842 0.183494 0.718987 0.183548 0.718261 0.184415 0.717592 0.184711 0.716686 0.184820 0.715225 0.184614 0.715057 0.184004 0.715157 0.183423 0.715146 0.183360 0.715029 0.182853 0.714979 0.180800 0.715189 0.179823 0.715128 0.178635 0.715121 0.178600 0.715084 0.178427 0.714863 0.177175 0.714592 0.175635 0.714478 0.173646 0.714527 0.173031 0.715293 0.172382 0.715764 0.172578 0.716530 0.172588 0.717710 0.172388 0.718855 0.172316 0.720528 0.172978 0.722585 0.172938 0.722939 0.174518 0.723282 0.175635
0 0.685610 0.101821 0.687315 0.101085 0.688109 0.101384 0.688410 0.101913 0.688604 0.102547 0.689675 0.104080 0.688885 0.104474 0.687828 0.104218 0.686606 0.104461 0.685975 0.103976
0 0.701062 0.094945 0.701970 0.093798 0.703191 0.094469 0.703923 0.095533 0.704292 0.098152 0.704521 0.101157 0.703976 0.102034 0.703291 0.103020 0.702710 0.103260 0.702096 0.103636 0.701169 0.102134 0.701029 0.100644 0.700862 0.098218 0.700870 0.096816 0.701013 0.095833
0 0.525255 0.132307 0.524941 0.132115 0.524710 0.131683 0.524388 0.131557 0.524362 0.131555 0.523160 0.131606 0.523160 0.129461 0.523796 0.129523 0.524515 0.129125 0.524873 0.129274 0.524858 0.129346 0.524983 0.129965 0.525323 0.130419 0.525787 0.130585 0.526252 0.130419 0.526592 0.129965 0.526716 0.129346 0.526663 0.129079 0.526850 0.128782 0.527314 0.128616 0.527951 0.128707 0.529478 0.128832 0.529778 0.128893 0.529904 0.130079 0.530814 0.130177 0.530888 0.130179 0.531552 0.131382 0.530833 0.134830 0.529013 0.134491 0.528587 0.134102 0.526888 0.134491 0.525959 0.134491
0 0.591031 0.039261 0.591368 0.037251 0.591915 0.036001 0.592717 0.034931 0.593061 0.034160 0.594246 0.034284 0.594858 0.033327 0.598030 0.033151 0.598670 0.033019 0.599307 0.033985 0.598397 0.034852 0.598428 0.035147 0.600090 0.035688 0.599879 0.036454 0.598435 0.036990 0.597633 0.037643 0.597546 0.037666 0.596915 0.038567 0.596656 0.039034 0.595995 0.038681 0.595651 0.039139 0.594216 0.039386 0.593698 0.040181 0.593279 0.040323 0.592972 0.041218 0.592871 0.041282 0.592225 0.041935 0.591180 0.041935 0.590779 0.041626 0.590382 0.041294 0.591350 0.040247 0.591598 0.039935
0 0.597924 0.000015 0.598954 0.000000 0.610422 0.000000 0.610854 0.001006 0.610886 0.001423 0.611210 0.001556 0.611419 0.002907 0.610015 0.003394 0.609795 0.003064 0.608682 0.002583 0.608274 0.002611 0.607585 0.003548 0.606391 0.003512 0.606026 0.003845 0.605663 0.004852 0.604775 0.005411 0.604371 0.006175 0.603338 0.006460 0.602409 0.006621 0.601511 0.005701 0.600300 0.005891 0.599382 0.005468 0.598686 0.005373 0.598282 0.004424 0.597384 0.004053 0.597295 0.001895 0.597316 0.001418
0 0.553452 0.039644 0.555228 0.039408 0.559291 0.039324 0.559603 0.039463 0.560670 0.039426 0.561347 0.040538 0.561361 0.041231 0.561028 0.042454 0.560955 0.043001 0.560644 0.043902 0.559807 0.044939 0.559061 0.046222 0.559004 0.046408 0.559036 0.046570 0.559654 0.046822 0.560252 0.047897 0.560121 0.049199 0.559543 0.052141 0.559394 0.053069 0.558840 0.054225 0.558613 0.055153 0.557623 0.056785 0.557103 0.056803 0.556869 0.056887 0.556047 0.056115 0.555359 0.055465 0.555132 0.054537 0.554971 0.054043 0.555113 0.053574 0.554971 0.053106 0.555120 0.052628 0.555125 0.051371 0.555490 0.050572 0.555775 0.050401 0.555150 0.050324 0.554755 0.050034 0.554525 0.050116 0.554240 0.050014 0.553875 0.049527 0.553406 0.048694 0.553368 0.048123 0.553174 0.047168 0.553118 0.045497 0.552781 0.044944 0.552314 0.043522 0.552314 0.042376 0.552358 0.042075 0.551846 0.041335 0.552525 0.040230 0.552756 0.039843
0 0.506953 0.023220 0.508404 0.022655 0.508566 0.022852 0.510338 0.021585 0.510632 0.018772 0.510672 0.017100 0.511428 0.016301 0.511754 0.015345 0.511609 0.014392 0.512922 0.013224 0.513068 0.012985 0.513250 0.012413 0.513928 0.011405 0.515228 0.011408 0.516685 0.013128 0.516713 0.013133 0.517762 0.013516 0.518340 0.013561 0.519019 0.014332 0.519920 0.014945 0.519912 0.014989 0.519521 0.016864 0.519396 0.016926 0.519291 0.017057 0.519079 0.017031 0.518947 0.017532 0.518094 0.018246 0.518255 0.019244 0.517760 0.019861 0.517746 0.021987 0.518738 0.024454 0.520332 0.025121 0.520408 0.025501 0.520231 0.027272 0.519762 0.030501 0.518639 0.034285 0.517807 0.034463 0.515334 0.033764 0.514624 0.032713 0.513900 0.032616 0.511662 0.032514 0.508775 0.030043 0.508310 0.029909 0.507000 0.028590 0.506789 0.026434 0.505752 0.024876
0 0.511021 0.056295 0.512718 0.056044 0.515296 0.056044 0.515960 0.056002 0.516803 0.057378 0.518276 0.057562 0.518563 0.057945 0.518563 0.059955 0.517466 0.060584 0.516741 0.060932 0.516038 0.061481 0.515358 0.061407 0.514866 0.061585 0.512568 0.061594 0.512053 0.061794 0.511851 0.061072 0.511768 0.061067 0.510624 0.058429 0.510667 0.057252
0 0.456096 0.085181 0.456583 0.084319 0.458736 0.084235 0.459525 0.084667 0.459494 0.085202 0.459367 0.086840 0.458436 0.087850 0.457247 0.089323 0.456924 0.089690 0.456699 0.089447 0.455437 0.087569 0.455975 0.086085 0.455970 0.085927
0 0.426636 0.091858 0.426783 0.093196 0.426893 0.093656 0.426808 0.095453 0.426288 0.096031 0.425833 0.096331 0.425489 0.096186 0.424055 0.095874 0.423789 0.095390 0.423135 0.094649 0.423057 0.093511 0.423279 0.091857 0.423650 0.091855 0.424459 0.091476 0.424972 0.091623 0.425730 0.091167
0 0.365987 0.080658 0.366718 0.079779 0.368545 0.079702 0.371367 0.079640 0.372371 0.079897 0.374215 0.080131 0.375398 0.081792 0.376016 0.082538 0.376865 0.083680 0.376293 0.084375 0.375641 0.084997 0.374065 0.084385 0.373593 0.083828 0.372755 0.083408 0.372239 0.083638 0.371486 0.083766 0.366869 0.083766 0.366492 0.083883 0.366473 0.083904 0.366020 0.084693 0.365629 0.084837 0.365484 0.084997 0.365197 0.084818 0.364964 0.084782 0.364445 0.084997 0.364023 0.084847 0.363373 0.084134 0.362869 0.083923 0.362217 0.082643 0.362754 0.081516 0.363296 0.081408 0.363983 0.080904 0.364347 0.081014
0 0.315605 0.219340 0.316711 0.217699 0.317218 0.217141 0.319388 0.213957 0.320082 0.212476 0.320346 0.210655 0.321663 0.209695 0.322099 0.208944 0.322669 0.208762 0.323489 0.208893 0.323684 0.208883 0.326214 0.207468 0.327044 0.208575 0.328228 0.209564 0.328281 0.210738 0.329554 0.212314 0.328947 0.215022 0.328649 0.215958 0.326521 0.216391 0.325956 0.218629 0.325708 0.219093 0.325203 0.220690 0.324926 0.221340 0.322737 0.221550 0.322395 0.223526 0.321773 0.224075 0.320373 0.225072 0.318509 0.224880 0.317977 0.223799 0.316889 0.222916 0.316114 0.221216 0.315710 0.220524
0 0.389553 0.154311 0.388957 0.157422 0.389087 0.158047 0.388608 0.159651 0.388463 0.162646 0.387559 0.162835 0.386118 0.162883 0.384703 0.161744 0.383401 0.160953 0.381820 0.160693 0.380632 0.159739 0.378713 0.158820 0.378823 0.158751 0.379373 0.156311 0.380379 0.155833 0.382164 0.153965 0.383058 0.153868 0.383954 0.152502 0.384923 0.151391 0.386155 0.150390 0.387455 0.148843 0.389010 0.147974 0.390761 0.147784 0.391590 0.149112 0.392344 0.149743 0.392305 0.152464 0.392986 0.153608 0.393044 0.156287 0.392574 0.155955 0.390928 0.155415 0.389967 0.154356
0 0.406562 0.121434 0.406676 0.121807 0.406910 0.122576 0.407042 0.123009 0.407590 0.123179 0.408383 0.124736 0.408667 0.125363 0.408942 0.126478 0.410210 0.127982 0.410347 0.131284 0.410320 0.132081 0.412034 0.134529 0.412315 0.136213 0.412417 0.137098 0.413855 0.139327 0.413488 0.140316 0.413359 0.141572 0.413577 0.142012 0.413705 0.142743 0.413998 0.143134 0.414098 0.146436 0.413998 0.147680 0.413062 0.148741 0.412403 0.148872 0.409653 0.149115 0.407735 0.146558 0.407495 0.144565 0.407314 0.143939 0.406756 0.141759 0.407186 0.140685 0.407186 0.139092 0.406752 0.137578 0.406509 0.136132 0.406051 0.134959 0.405859 0.133956 0.404929 0.132527 0.404661 0.131422 0.403989 0.128843 0.403105 0.126916 0.403005 0.125297 0.402546 0.123988 0.402687 0.122117 0.402824 0.121434 0.403339 0.120747 0.403462 0.120774 0.405065 0.119812 0.406447 0.121410
0 0.264753 0.098003 0.265878 0.096639 0.267269 0.095226 0.268398 0.096110 0.268509 0.096504 0.268895 0.096595 0.268697 0.098277 0.268136 0.099026 0.268069 0.099148 0.267997 0.099653 0.267334 0.101025 0.265210 0.100892 0.264959 0.100046 0.264545 0.099607 0.264750 0.098226
0 0.317988 0.087834 0.318805 0.086819 0.319172 0.085557 0.319956 0.084136 0.319862 0.082955 0.321023 0.081903 0.321938 0.080364 0.323791 0.079517 0.324464 0.078920 0.325919 0.080396 0.326975 0.081974 0.328388 0.082675 0.328189 0.083864 0.327745 0.085189 0.326236 0.086053 0.325278 0.087178 0.323912 0.088123 0.322618 0.089838 0.321600 0.089860 0.320411 0.091448 0.320317 0.091684 0.319617 0.091902 0.319110 0.091935 0.318176 0.091677 0.317813 0.090189 0.317750 0.090129 0.317028 0.089214
0 0.284469 0.114710 0.286031 0.117236 0.286921 0.117662 0.287594 0.118433 0.289136 0.118079 0.289392 0.117367 0.291322 0.115639 0.292208 0.117532 0.291739 0.118283 0.291826 0.118716 0.291225 0.119982 0.291258 0.120950 0.290529 0.121922 0.289474 0.122068 0.287177 0.122175 0.286219 0.121151 0.284898 0.121035 0.283888 0.119816 0.282555 0.118671 0.282367 0.116943 0.282529 0.116389 0.282650 0.114835 0.283699 0.114368
0 0.248350 0.139032 0.250844 0.136179 0.251719 0.136169 0.252863 0.135771 0.255495 0.135088 0.256859 0.134029 0.257549 0.132856 0.258386 0.133047 0.259415 0.132985 0.260775 0.134334 0.261347 0.139245 0.261345 0.141968 0.260901 0.142560 0.260072 0.142653 0.259593 0.143377 0.261058 0.145052 0.260585 0.146147 0.260101 0.146781 0.261219 0.146406 0.261915 0.148553 0.260840 0.149394 0.256315 0.149271 0.255625 0.148224 0.254444 0.149144 0.253466 0.149017 0.252430 0.146497 0.251123 0.144754 0.250859 0.143820 0.250134 0.143055 0.249159 0.143064 0.248112 0.140620
0 0.228141 0.075580 0.228267 0.074857 0.228838 0.074776 0.230324 0.074866 0.230555 0.076014 0.230094 0.076382 0.229761 0.076333 0.229809 0.076712 0.229888 0.077011 0.229860 0.077219 0.229757 0.079167 0.231680 0.079120 0.232819 0.078904 0.233846 0.079689 0.234882 0.080057 0.235650 0.082221 0.236141 0.082286 0.236849 0.082897 0.236753 0.082969 0.236245 0.083639 0.234948 0.083602 0.234652 0.084153 0.233809 0.084236 0.233590 0.084527 0.233494 0.084526 0.232479 0.084064 0.231720 0.083431 0.229732 0.081214 0.228903 0.079556 0.228773 0.078749 0.228041 0.078483 0.227955 0.078199 0.228100 0.076734
0 0.211489 0.084462 0.212979 0.084019 0.213611 0.084109 0.214336 0.085582 0.216141 0.088075 0.215831 0.089594 0.215764 0.090942 0.215527 0.091326 0.215356 0.092000 0.215289 0.093348 0.214940 0.093813 0.213311 0.093886 0.212822 0.093813 0.212286 0.092506 0.212365 0.091571 0.212325 0.088582 0.210942 0.087308 0.210828 0.087229 0.211251 0.085241 0.211428 0.084548
0 0.207749 0.527466 0.208176 0.526734 0.208636 0.526934 0.210433 0.526802 0.210777 0.526947 0.211786 0.527287 0.211416 0.528854 0.211916 0.529178 0.212056 0.529579 0.212303 0.530083 0.212646 0.530964 0.210250 0.531103 0.209367 0.530826 0.207723 0.529051 0.207656 0.528289
0 0.159384 0.555762 0.160943 0.555576 0.161093 0.555994 0.162036 0.555966 0.163374 0.556694 0.163488 0.558125 0.163547 0.558928 0.163324 0.561024 0.163220 0.563027 0.162358 0.562848 0.161047 0.560444 0.160690 0.559968 0.160513 0.560183 0.159621 0.560183 0.159044 0.556991 0.159069 0.556532
0 0.042232 0.578469 0.042904 0.575965 0.042949 0.574908 0.043471 0.574317 0.045376 0.574743 0.047048 0.575482 0.046832 0.576898 0.046750 0.577856 0.046231 0.578755 0.045578 0.580356 0.045258 0.580678 0.044995 0.581575 0.044146 0.582090 0.042825 0.580919 0.041856 0.580252
0 0.036559 0.582812 0.037101 0.584063 0.037533 0.585138 0.037086 0.584937 0.035268 0.585426 0.034335 0.583136 0.034043 0.582752 0.033731 0.582127 0.033342 0.580601 0.033442 0.579356 0.033705 0.577546 0.033773 0.577500 0.033802 0.577402 0.033840 0.576116 0.034252 0.575359 0.035189 0.574526 0.035904 0.574465 0.037037 0.574424 0.037346 0.574557 0.038545 0.575496 0.038468 0.577231 0.038456 0.577258 0.038783 0.578054 0.036881 0.579050 0.036410 0.579195 0.036421 0.579767 0.035989 0.580842 0.036131 0.581481
0 0.001806 0.649739 0.004103 0.647278 0.004523 0.646719 0.005060 0.646610 0.007443 0.647027 0.008597 0.647796 0.010007 0.649552 0.010822 0.650636 0.011953 0.652678 0.011872 0.654009 0.012218 0.655503 0.011263 0.656192 0.010983 0.657026 0.010020 0.658003 0.009070 0.657116 0.007409 0.657591 0.006244 0.655115 0.005138 0.654410 0.005030 0.653515 0.003946 0.653436 0.003524 0.652463 0.003152 0.651215 0.002106 0.650416
0 0.014808 0.558352 0.016275 0.558514 0.016508 0.558304 0.018255 0.556944 0.018406 0.557652 0.018486 0.557714 0.018537 0.558583 0.018449 0.559029 0.018323 0.560514 0.017107 0.561141 0.016179 0.561645 0.016052 0.561478 0.015901 0.561206 0.015719 0.561095 0.015315 0.560179 0.014911 0.559864 0.014709 0.558860
0 0.088909 0.577205 0.088832 0.578436 0.088886 0.579861 0.089242 0.581614 0.088503 0.582292 0.088126 0.582795 0.086129 0.583565 0.085708 0.582592 0.085821 0.580183 0.085947 0.579858 0.086086 0.578598 0.086216 0.577282 0.086054 0.576282 0.086282 0.575412 0.088051 0.574584 0.088819 0.574693 0.089242 0.575258 0.089053 0.576668
0 0.144777 0.628005 0.145528 0.628142 0.146178 0.628276 0.147022 0.629069 0.147280 0.630838 0.148306 0.631412 0.147592 0.633210 0.147615 0.635622 0.147496 0.635898 0.147531 0.636385 0.146328 0.636807 0.146282 0.636769 0.146242 0.636807 0.145984 0.635593 0.145844 0.634485 0.144088 0.634395 0.143343 0.632865 0.143386 0.632195 0.143358 0.631840 0.144544 0.630718 0.144687 0.628945 0.144742 0.628074
0 0.202098 0.645978 0.204265 0.645349 0.205613 0.645691 0.205522 0.647379 0.205671 0.648674 0.205184 0.648906 0.204179 0.650586 0.204104 0.650580 0.204093 0.650815 0.203181 0.649627 0.202170 0.648674
0 0.159104 0.623144 0.159117 0.623132 0.159190 0.622914 0.161082 0.622263 0.161450 0.622868 0.162174 0.623488 0.162099 0.624200 0.162172 0.624252 0.162174 0.624274 0.162395 0.624307 0.162775 0.625056 0.161427 0.627964 0.160000 0.627359 0.159104 0.626624 0.159054 0.624424 0.159114 0.624281 0.159140 0.623735 0.159112 0.623169
0 0.267477 0.617155 0.267927 0.616555 0.268768 0.616325 0.270634 0.616941 0.270586 0.618074 0.270147 0.618935 0.271242 0.621282 0.271962 0.623686 0.272993 0.625573 0.273987 0.626604 0.273370 0.627547 0.273408 0.628167 0.273250 0.628656 0.273242 0.628783 0.272988 0.630223 0.271219 0.630401 0.270543 0.630327 0.270051 0.629595 0.269891 0.629596 0.269397 0.629216 0.269359 0.629099 0.269284 0.629071 0.267528 0.627205 0.267277 0.626454 0.266607 0.625668 0.266453 0.624669 0.266307 0.622012 0.266240 0.621417 0.265569 0.620674 0.265576 0.619850 0.265699 0.618489 0.266881 0.618533 0.267106 0.618177 0.267159 0.618113
0 0.260138 0.717910 0.261147 0.717291 0.262328 0.716267 0.263697 0.716280 0.264188 0.714971 0.266098 0.714423 0.267437 0.713779 0.268266 0.713035 0.270002 0.715564 0.270314 0.717851 0.270331 0.721002 0.270285 0.723052 0.269517 0.724500 0.268779 0.725485 0.268548 0.726763 0.267660 0.727514 0.265885 0.727033 0.265081 0.726123 0.263946 0.725417 0.263673 0.724830 0.262037 0.721862 0.261594 0.720989 0.260370 0.718919
0 0.240829 0.587553 0.241394 0.588132 0.242339 0.589056 0.243082 0.589841 0.243265 0.592475 0.243207 0.593307 0.243206 0.594210 0.239779 0.595134 0.237913 0.595178 0.237886 0.595059 0.237880 0.595054 0.237380 0.594074 0.236890 0.593317 0.236890 0.592556 0.237444 0.591915 0.237422 0.591663 0.237959 0.590737 0.237802 0.590679 0.237565 0.590258 0.237958 0.588424 0.238406 0.588348 0.239181 0.587905 0.239578 0.587827 0.240196 0.587593 0.240464 0.587683
0 0.199343 0.593776 0.200878 0.593090 0.201010 0.593200 0.201049 0.593168 0.201783 0.593178 0.202765 0.594176 0.202836 0.594583 0.202987 0.594849 0.203219 0.595042 0.203208 0.595233 0.203210 0.595290 0.203468 0.595634 0.203468 0.596394 0.203243 0.596683 0.203368 0.598931 0.203205 0.600544 0.202255 0.602077 0.202263 0.603045 0.202295 0.604347 0.202055 0.604946 0.201828 0.606082 0.201466 0.606669 0.200760 0.607714 0.199517 0.607705 0.198912 0.607920 0.197935 0.607879 0.197147 0.607915 0.196777 0.608165 0.196399 0.606554 0.196340 0.606501 0.196400 0.606218 0.196154 0.605493 0.196186 0.604191 0.196485 0.602020 0.196428 0.601185 0.196533 0.600070 0.197253 0.599425 0.197230 0.598077 0.197481 0.596676 0.199046 0.594352
0 0.131020 0.736900 0.133655 0.737174 0.134019 0.737937 0.133030 0.740053 0.130480 0.739947 0.129986 0.739567 0.130220 0.737244
0 0.161732 0.769534 0.161950 0.769431 0.162428 0.768792 0.162463 0.768736 0.162476 0.768739 0.162478 0.768737 0.162600 0.768768 0.162741 0.768509 0.164409 0.768775 0.164750 0.769362 0.165004 0.769457 0.166421 0.771210 0.166668 0.771352 0.167519 0.773354 0.166619 0.774312 0.165973 0.774877 0.165233 0.774133 0.163742 0.774211 0.163218 0.774088 0.162396 0.773269 0.161993 0.772507 0.161574 0.771243 0.161566 0.770057 0.161749 0.769734
0 0.203181 0.746405 0.203579 0.746914 0.204138 0.745908 0.204191 0.745067 0.205348 0.745578 0.205472 0.746143 0.206076 0.748215 0.207306 0.749143 0.208208 0.749585 0.208640 0.751507 0.209597 0.752529 0.209629 0.752555 0.209702 0.753208 0.208670 0.753970 0.208347 0.754519 0.206856 0.755576 0.205886 0.756321 0.204967 0.755096 0.204838 0.754417 0.204561 0.752079 0.204489 0.749532 0.202901 0.748141 0.202372 0.747339 0.202372 0.746364 0.203088 0.746554
0 0.123425 0.715762 0.124879 0.719055 0.124342 0.720742 0.123711 0.720832 0.122476 0.720866 0.122097 0.720706 0.120800 0.720616 0.120167 0.719644 0.120037 0.718965 0.119029 0.717409 0.119243 0.716787 0.119946 0.715343 0.120815 0.715270 0.121907 0.715253 0.122793 0.715391
0 0.000153 0.780764 0.000414 0.780857 0.001158 0.780074 0.002809 0.779618 0.004127 0.782511 0.004051 0.783827 0.002088 0.784674 0.000000 0.785614 0.000009 0.785101 0.000048 0.783240 0.000000 0.781068
0 0.047871 0.782916 0.046619 0.783369 0.046320 0.780757 0.046286 0.780085 0.046438 0.779912 0.046545 0.779416 0.047240 0.778881 0.047844 0.778940 0.049200 0.779348 0.049153 0.779511 0.049530 0.781763 0.049548 0.782522 0.048817 0.782783 0.048609 0.782558
0 0.130687 0.865748 0.129283 0.865769 0.127809 0.865615 0.127652 0.863714 0.128496 0.863083 0.128964 0.862312 0.129907 0.862064 0.130314 0.860928 0.130737 0.860278 0.133212 0.859909 0.134087 0.860512 0.133785 0.861907 0.132511 0.862806 0.132141 0.863739 0.131271 0.865114
0 0.149872 0.794602 0.149847 0.796718 0.149326 0.797587 0.147935 0.797691 0.147276 0.797877 0.146446 0.797855 0.146290 0.798401 0.145808 0.798906 0.144162 0.798514 0.144055 0.797979 0.144382 0.796272 0.145226 0.795147 0.147441 0.794183 0.148705 0.793978 0.149377 0.794197
0 0.118132 0.809189 0.119432 0.806087 0.121222 0.804385 0.122047 0.804590 0.123676 0.805066 0.123776 0.805639 0.123788 0.807887 0.124116 0.808291 0.124333 0.809266 0.124086 0.809986 0.124006 0.810973 0.123803 0.811331 0.124443 0.812344 0.124194 0.813663 0.124224 0.816154 0.123712 0.817228 0.122176 0.816689 0.121849 0.815275 0.121880 0.814535 0.120927 0.812678 0.120162 0.812098 0.119143 0.810739 0.118424 0.809965
0 0.092227 0.799292 0.092837 0.800639 0.092537 0.802096 0.093152 0.802329 0.093556 0.802868 0.093147 0.804370 0.093082 0.805462 0.093336 0.805946 0.093883 0.807653 0.093609 0.808410 0.093993 0.811024 0.093190 0.812094 0.092884 0.811663 0.091435 0.810085 0.091415 0.809039 0.091121 0.808599 0.090907 0.806474 0.091152 0.804394 0.087439 0.800713 0.087885 0.797839 0.089241 0.797426 0.091585 0.797561 0.092072 0.798602
0 0.013381 0.819127 0.013664 0.819023 0.013969 0.818599 0.014780 0.818613 0.014810 0.818602 0.015425 0.818890 0.015677 0.818301 0.016789 0.817430 0.017669 0.817801 0.018290 0.817866 0.019104 0.819391 0.019968 0.820544 0.020555 0.821248 0.021222 0.821629 0.021329 0.822164 0.021329 0.822178 0.021439 0.822311 0.021336 0.822824 0.021297 0.824153 0.020578 0.825516 0.020626 0.827040 0.020568 0.828087 0.020188 0.828196 0.020159 0.828221 0.019826 0.828300 0.019581 0.828371 0.019541 0.828277 0.019179 0.828354 0.018658 0.828657 0.018393 0.828562 0.018070 0.829100 0.017669 0.829243 0.017474 0.829087 0.017119 0.829390 0.016098 0.828568 0.015509 0.828221 0.014295 0.826507 0.014006 0.826217 0.013898 0.824802 0.014062 0.824093 0.013788 0.822311 0.013788 0.820991 0.013934 0.820405 0.013676 0.820061 0.013596 0.819264
0 0.044770 0.768757 0.044252 0.767465 0.044110 0.765737 0.045304 0.765021 0.046892 0.765418 0.047909 0.766176 0.048571 0.766860 0.049232 0.766017 0.050446 0.765766 0.051915 0.764084 0.052336 0.764235 0.052299 0.766385 0.052072 0.767824 0.052723 0.767624 0.053583 0.768175 0.054951 0.768747 0.054703 0.769894 0.051675 0.770449 0.050395 0.771693 0.049571 0.773877 0.048800 0.775155 0.048529 0.776656 0.046877 0.777569 0.045991 0.776542 0.045307 0.775115 0.044568 0.774799 0.044147 0.773826 0.044568 0.772853 0.045384 0.772655 0.045117 0.771287
0 0.022271 0.699169 0.023730 0.697433 0.023818 0.697483 0.023964 0.697329 0.025863 0.697329 0.026352 0.698086 0.026853 0.699721 0.026602 0.700030 0.026566 0.700208 0.025706 0.701458 0.023717 0.701543 0.023301 0.701228 0.023285 0.701250 0.022999 0.701352 0.022714 0.701250 0.022505 0.700971 0.022429 0.700591 0.022498 0.700247
0 0.018522 0.700811 0.019378 0.699724 0.019790 0.700377 0.020884 0.701002 0.021331 0.701183 0.021902 0.702152 0.022738 0.702433 0.023181 0.704096 0.022709 0.704517 0.021189 0.704666 0.020248 0.704654 0.019605 0.704722 0.019075 0.702960 0.018599 0.702430 0.018516 0.701486
0 0.034975 0.727931 0.035046 0.727803 0.035356 0.727245 0.035459 0.727060 0.035787 0.726149 0.037218 0.725560 0.037738 0.725766 0.037843 0.725900 0.038363 0.725974 0.038744 0.726644 0.039275 0.727190 0.039320 0.727727 0.039320 0.729289 0.039275 0.730763 0.037949 0.730937 0.037118 0.729725 0.036813 0.729515 0.035917 0.729375 0.035428 0.728826 0.035214 0.728750 0.035011 0.728000
0 0.026327 0.739354 0.027556 0.739482 0.027847 0.740808 0.028373 0.741822 0.029195 0.742987 0.028441 0.744479 0.027331 0.745283 0.027261 0.745689 0.025890 0.746248 0.025133 0.744996 0.024825 0.744384 0.024355 0.744271 0.023834 0.742711 0.023914 0.742564 0.023990 0.741774 0.024508 0.741291 0.025292 0.740037 0.025768 0.739830
0 0.010439 0.729399 0.010182 0.730159 0.009280 0.730305 0.008637 0.730405 0.008331 0.730876 0.008327 0.730957 0.008148 0.731287 0.008077 0.732197 0.007140 0.732729 0.003364 0.730432 0.001782 0.728106 0.000434 0.726002 0.000000 0.723728 0.000488 0.722860 0.002248 0.722608 0.003191 0.722841 0.003776 0.724536 0.004630 0.725118 0.005411 0.724327 0.005591 0.722053 0.005981 0.721894 0.006399 0.721337 0.006701 0.720199 0.008847 0.720797 0.010079 0.720561 0.011172 0.721698 0.012102 0.722001 0.012648 0.722942 0.012630 0.723077 0.012984 0.724222 0.013023 0.727669 0.012695 0.728212 0.012544 0.728009 0.011974 0.727806 0.011403 0.728009 0.010986 0.728566 0.010978 0.728603
0 0.067657 0.644636 0.068227 0.645293 0.069219 0.645469 0.071126 0.647386 0.071847 0.648452 0.072397 0.648977 0.072188 0.650016 0.071043 0.650222 0.070552 0.649845 0.069032 0.649069 0.067790 0.648974 0.066356 0.648034 0.066282 0.647914 0.066050 0.647696 0.065237 0.646821 0.065836 0.644636 0.066668 0.644562 0.067308 0.644609
0 0.041957 0.654908 0.043508 0.653857 0.045651 0.653855 0.046135 0.654522 0.047780 0.654951 0.048781 0.654940 0.050393 0.657413 0.049709 0.658074 0.047901 0.659407 0.047077 0.659829 0.045543 0.659952 0.044739 0.661505 0.043751 0.661367 0.043042 0.662313 0.041309 0.662636 0.040745 0.661129 0.040655 0.660455 0.039531 0.658810 0.039515 0.658671 0.039221 0.658097 0.038703 0.655289 0.041110 0.654594 0.041661 0.655012
0 0.104571 0.639455 0.104973 0.637933 0.107651 0.638025 0.108095 0.638887 0.109114 0.638077 0.110346 0.638590 0.110665 0.639491 0.111462 0.638999 0.112059 0.638199 0.112892 0.638184 0.115048 0.638826 0.115194 0.640402 0.114651 0.641049 0.114381 0.642811 0.113822 0.644974 0.113619 0.647026 0.112638 0.648712 0.111675 0.653512 0.110265 0.653765 0.109324 0.654177 0.108687 0.653015 0.108022 0.652613 0.107147 0.651493 0.106731 0.651421 0.106042 0.650505 0.105279 0.649757 0.104446 0.649341 0.104327 0.647559 0.104464 0.646983 0.104497 0.643597 0.104327 0.640774
0 0.000915 0.573158 0.000550 0.571695 0.001614 0.571426 0.004695 0.571322 0.005558 0.572441 0.007095 0.573074 0.007250 0.574392 0.007250 0.576996 0.007146 0.577413 0.007564 0.578731 0.006004 0.578801 0.004701 0.577168 0.004161 0.576346 0.003269 0.576301 0.002254 0.575051
0 0.021267 0.527483 0.023469 0.524889 0.023739 0.525249 0.024249 0.524984 0.026833 0.524940 0.027679 0.525667 0.027597 0.527450 0.027152 0.527874 0.027023 0.528544 0.026282 0.529204 0.025245 0.530586 0.024536 0.530663 0.022321 0.530415 0.021583 0.530445 0.021173 0.530693 0.019204 0.530663 0.018437 0.531679 0.017727 0.531786 0.016798 0.530950 0.016604 0.529816 0.015705 0.528726 0.015242 0.527816 0.015623 0.527015 0.015996 0.526861 0.016361 0.525812 0.017481 0.525793 0.018683 0.526031 0.019771 0.527482 0.020434 0.527455 0.021266 0.527520
0 0.120978 0.630518 0.121223 0.630707 0.121512 0.630604 0.122000 0.630778 0.122357 0.631254 0.122406 0.631497 0.122758 0.631967 0.122888 0.632617 0.122758 0.633267 0.122401 0.633743 0.122036 0.633874 0.121866 0.634099 0.121378 0.634274 0.121344 0.634261 0.121332 0.634278 0.120844 0.634452 0.120356 0.634278 0.119999 0.633802 0.119869 0.633151 0.119869 0.633150 0.119846 0.633132 0.119836 0.633049 0.119465 0.632554 0.119334 0.631904 0.119465 0.631254 0.119822 0.630778 0.120309 0.630604 0.120645 0.630723
0 0.056217 0.598600 0.056418 0.598645 0.056855 0.598062 0.057509 0.597828 0.058162 0.598062 0.058641 0.598700 0.058733 0.599158 0.058820 0.599177 0.058995 0.600049 0.060374 0.599977 0.060817 0.600616 0.061269 0.600455 0.061923 0.600688 0.062401 0.601326 0.062576 0.602198 0.062428 0.602938 0.062576 0.603153 0.062051 0.604227 0.061269 0.605373 0.060100 0.605182 0.060691 0.606974 0.060209 0.608613 0.059122 0.609926 0.058283 0.610789 0.057925 0.612619 0.055885 0.613856 0.054108 0.612299 0.053703 0.610815 0.052562 0.607861 0.052083 0.606256 0.052330 0.605586 0.053913 0.602546 0.054305 0.601491 0.054765 0.599894 0.055774 0.599167
0 0.084898 0.528245 0.085885 0.526730 0.086364 0.526313 0.089368 0.524113 0.090514 0.525164 0.090514 0.526907 0.089118 0.527684 0.088724 0.529533 0.088170 0.530510 0.088007 0.531444 0.087171 0.532320 0.086830 0.532124 0.084789 0.532320 0.084154 0.530584 0.084136 0.530572 0.084170 0.530418 0.084242 0.530095 0.084432 0.529241
0 0.143757 0.399883 0.144355 0.400656 0.144423 0.401051 0.144488 0.401067 0.144774 0.401726 0.144629 0.402247 0.144805 0.403265 0.145596 0.403595 0.145624 0.403589 0.145893 0.404181 0.146106 0.405403 0.147453 0.406487 0.147416 0.406888 0.148133 0.408705 0.147405 0.409596 0.147353 0.410023 0.146630 0.410295 0.146078 0.410715 0.145012 0.410451 0.144281 0.411444 0.143403 0.411876 0.142719 0.411559 0.142040 0.411908 0.141997 0.411928 0.141106 0.411655 0.140764 0.409429 0.140406 0.408326 0.137933 0.408208 0.137358 0.408251 0.137301 0.408322 0.137034 0.408428 0.136953 0.407299 0.137222 0.406757 0.137610 0.405059 0.137475 0.404569 0.137502 0.404364 0.138521 0.403128 0.138862 0.402707 0.138888 0.402671 0.138891 0.402678 0.139156 0.402392 0.139901 0.401305 0.139880 0.401305 0.140746 0.400111 0.141637 0.399470 0.141653 0.399473 0.142406 0.398986 0.142926 0.399192 0.143348 0.399804
0 0.193351 0.445131 0.193557 0.445204 0.195000 0.445707 0.194901 0.447137 0.194844 0.447942 0.193821 0.448993 0.192927 0.449097 0.192486 0.448406 0.191972 0.447502 0.192138 0.445916 0.192764 0.445494
0 0.213085 0.475361 0.213639 0.474618 0.214768 0.474825 0.215033 0.475502 0.215378 0.475649 0.216669 0.477327 0.216231 0.478373 0.213701 0.479095 0.212636 0.480099 0.211830 0.480538 0.211050 0.479997 0.210701 0.479378 0.210481 0.478777 0.210502 0.477626 0.210244 0.475897 0.210922 0.474993 0.212430 0.475202 0.213071 0.475543
0 0.209936 0.443954 0.210891 0.444296 0.212248 0.444959 0.212433 0.447081 0.213035 0.448319 0.213576 0.448918 0.213584 0.449079 0.214277 0.450235 0.213109 0.451623 0.212915 0.451406 0.209449 0.451266 0.208448 0.450928 0.208734 0.449681 0.209251 0.449606 0.209223 0.447008 0.209015 0.446060 0.208838 0.444230
0 0.226452 0.445638 0.228079 0.446822 0.229566 0.446822 0.230832 0.446560 0.231467 0.447251 0.231522 0.448985 0.231856 0.450652 0.231779 0.451553 0.230375 0.451519 0.229826 0.451865 0.228709 0.454293 0.228498 0.455407 0.226748 0.457220 0.226180 0.458081 0.224410 0.458808 0.223500 0.457769 0.223137 0.457006 0.223215 0.453985 0.223448 0.452043 0.224688 0.450737 0.225166 0.449126 0.225848 0.448009 0.225774 0.446458
0 0.159135 0.506219 0.160360 0.505952 0.163243 0.505907 0.164275 0.506299 0.164208 0.509599 0.164488 0.510878 0.164178 0.513029 0.163735 0.513619 0.162746 0.514034 0.162220 0.513818 0.160430 0.513724 0.159754 0.512336 0.159724 0.511741 0.158893 0.510320 0.158902 0.507202
0 0.295725 0.527380 0.296298 0.526790 0.296670 0.525944 0.296739 0.525345 0.297214 0.524681 0.297345 0.524250 0.298209 0.523857 0.299087 0.523297 0.299113 0.522686 0.299367 0.522347 0.300188 0.522258 0.300948 0.522097 0.301548 0.522559 0.301645 0.524112 0.302021 0.524794 0.301897 0.525279 0.302306 0.525807 0.301962 0.527188 0.302023 0.527244 0.302109 0.528499 0.302306 0.529226 0.302213 0.529941 0.300853 0.530783 0.300405 0.530705 0.300298 0.530805 0.299775 0.532685 0.299324 0.532761 0.299269 0.533233 0.298092 0.533284 0.296692 0.533400 0.296051 0.534369 0.295078 0.534793 0.293524 0.535691 0.291692 0.534619 0.291082 0.533404 0.291412 0.531925 0.291449 0.530998 0.291328 0.529732 0.291392 0.528149 0.291421 0.526991 0.292245 0.526273 0.292829 0.526234 0.294647 0.526779 0.295043 0.527753 0.295082 0.527938
0 0.330707 0.483127 0.330999 0.481396 0.331126 0.481416 0.331259 0.481321 0.332547 0.480745 0.333262 0.480805 0.333470 0.481727 0.333705 0.482021 0.333705 0.482781 0.332963 0.483902 0.332921 0.484035 0.332640 0.484330 0.331674 0.485698 0.331024 0.486078 0.330217 0.484521 0.330328 0.484383
0 0.284695 0.474171 0.285368 0.472937 0.287344 0.472937 0.287864 0.474741 0.287788 0.476059 0.287374 0.477241 0.287575 0.478637 0.287579 0.480087 0.285806 0.480056 0.285315 0.480233 0.284086 0.479733 0.284017 0.479300 0.285085 0.478376 0.284868 0.476608 0.284458 0.475679
0 0.349654 0.479616 0.349030 0.482913 0.347928 0.483467 0.346845 0.483816 0.346591 0.482376 0.347001 0.479478 0.347368 0.479406 0.348068 0.479064 0.349009 0.479409
0 0.294079 0.475305 0.293509 0.474501 0.293441 0.474449 0.293486 0.474273 0.293507 0.473790 0.293408 0.473373 0.295573 0.472576 0.295594 0.472472 0.295930 0.472024 0.295984 0.471535 0.296818 0.470423 0.297341 0.470246 0.297650 0.470113 0.299550 0.470910 0.299309 0.472305 0.299238 0.472920 0.298954 0.473299 0.298326 0.474552 0.297443 0.474761 0.297300 0.474611 0.297283 0.474620 0.297439 0.475352 0.296717 0.477115 0.296294 0.477990 0.295092 0.477981 0.294630 0.477886 0.294291 0.476411
0 0.269969 0.453878 0.270880 0.452090 0.273170 0.451985 0.273923 0.453686 0.273769 0.455212 0.273013 0.456115 0.271037 0.456844
0 0.314339 0.454514 0.316692 0.453047 0.317259 0.452745 0.318064 0.453477 0.317446 0.454788 0.317597 0.455076 0.317417 0.456130 0.316534 0.456339 0.316456 0.458444 0.315447 0.459347 0.314681 0.459967 0.313509 0.459835 0.312052 0.459240 0.311687 0.457785 0.313675 0.455238
0 0.280700 0.454207 0.280697 0.454094 0.280203 0.452368 0.280633 0.451912 0.280631 0.451826 0.281571 0.450588 0.282926 0.448288 0.283495 0.447500 0.284967 0.447533 0.285393 0.448503 0.286249 0.449138 0.286160 0.451702 0.285568 0.451988 0.285204 0.454948 0.285055 0.455558 0.284525 0.456635 0.283357 0.455735 0.282052 0.455464 0.281316 0.454939
0 0.326130 0.414547 0.325477 0.414092 0.324568 0.412984 0.323985 0.412520 0.323367 0.412425 0.322693 0.411630 0.321805 0.410863 0.320893 0.408470 0.321973 0.408187 0.322531 0.408191 0.322790 0.408716 0.322949 0.408715 0.323235 0.408816 0.323630 0.408959 0.323629 0.408642 0.323992 0.407879 0.324348 0.407891 0.324461 0.407775 0.324895 0.407786 0.324903 0.407777 0.325762 0.407833 0.326516 0.407879 0.326567 0.407924 0.330449 0.407937 0.330929 0.407919 0.331074 0.407881 0.331625 0.407893 0.331934 0.407881 0.332076 0.407953 0.332940 0.408098 0.333184 0.408090 0.333799 0.408227 0.334590 0.407985 0.335275 0.408549 0.335567 0.408576 0.336465 0.408610 0.336821 0.408623 0.337688 0.408087 0.338209 0.408678 0.338362 0.409299 0.339097 0.410279 0.339928 0.411491 0.340061 0.412389 0.340551 0.413121 0.340214 0.413798 0.340656 0.414129 0.341410 0.415204 0.340840 0.415965 0.338914 0.415550 0.338425 0.414897 0.337884 0.414872 0.337559 0.415027 0.337269 0.414991 0.337193 0.415689 0.336465 0.416277 0.335528 0.416249 0.332559 0.416117 0.329082 0.416131 0.327793 0.416173 0.327196 0.415967
0 0.400631 0.488079 0.401709 0.487240 0.403439 0.487360 0.403993 0.487743 0.404857 0.489064 0.405487 0.489417 0.407185 0.489333 0.407515 0.490095 0.406801 0.494181 0.404511 0.494982 0.403243 0.494920 0.402725 0.494333 0.400892 0.491890 0.400819 0.491375 0.400278 0.489054
0 0.404241 0.463108 0.405016 0.462617 0.405912 0.462412 0.406714 0.461134 0.407682 0.461118 0.408920 0.460909 0.409547 0.461020 0.411048 0.460920 0.411503 0.461104 0.413093 0.461032 0.414320 0.462281 0.417233 0.462263 0.418847 0.462176 0.419210 0.463147 0.421243 0.463704 0.421376 0.464402 0.423144 0.465509 0.424011 0.467272 0.425070 0.468147 0.424550 0.469534 0.423171 0.470157 0.422582 0.470142 0.421999 0.470678 0.420743 0.470965 0.420540 0.471756 0.419581 0.472369 0.418438 0.472320 0.416894 0.472406 0.415901 0.471074 0.414596 0.471257 0.412533 0.470106 0.410176 0.469698 0.408772 0.468417 0.408118 0.466865 0.407347 0.465788 0.406685 0.465026 0.405749 0.464949 0.404801 0.464168 0.404212 0.463795
0 0.252013 0.401763 0.252572 0.401823 0.253170 0.403106 0.253152 0.403359 0.252272 0.404098 0.252029 0.404185 0.251612 0.404742 0.251459 0.405502 0.251612 0.406262 0.252029 0.406819 0.252253 0.406899 0.252263 0.407132 0.252880 0.407110 0.252940 0.407408 0.253357 0.407965 0.253927 0.408169 0.254498 0.407965 0.254915 0.407408 0.255068 0.406648 0.255025 0.406432 0.255533 0.405900 0.255699 0.405330 0.256349 0.404846 0.256760 0.404853 0.257287 0.404637 0.257912 0.404874 0.258875 0.405330 0.258801 0.406188 0.258718 0.407236 0.258171 0.408695 0.257412 0.409419 0.256244 0.410744 0.255060 0.410804 0.252521 0.410818 0.251512 0.410716 0.251193 0.410742 0.250465 0.410153 0.250124 0.409177 0.249371 0.407861 0.249081 0.406231 0.248904 0.405606 0.249392 0.403636 0.249449 0.402622
0 0.252337 0.345251 0.253301 0.344577 0.253223 0.344043 0.253942 0.341274 0.255974 0.341897 0.256315 0.343122 0.256993 0.343933 0.257671 0.345006 0.258135 0.346079 0.257289 0.347831 0.255679 0.348166 0.254697 0.348232 0.253388 0.349524 0.252036 0.347743 0.252031 0.346273
0 0.225606 0.360291 0.226177 0.358595 0.225531 0.357141 0.225650 0.355581 0.226048 0.354717 0.225528 0.353852 0.225459 0.350434 0.224413 0.349043 0.223111 0.348191 0.220602 0.345553 0.220273 0.345048 0.220035 0.344911 0.219590 0.342977 0.221184 0.342848 0.221370 0.342502 0.222241 0.343345 0.222239 0.343383 0.222455 0.344156 0.222433 0.344206 0.223620 0.345345 0.225005 0.345343 0.225849 0.345616 0.226433 0.346683 0.227036 0.347166 0.228394 0.349440 0.228601 0.351323 0.228713 0.351918 0.229004 0.353795 0.229317 0.354717 0.229809 0.358918 0.229567 0.362473 0.229779 0.364676 0.229831 0.365389 0.229824 0.365458 0.229701 0.365932 0.230115 0.367353 0.229665 0.370095 0.229699 0.371990 0.229040 0.373029 0.227985 0.373941 0.227516 0.375874 0.226827 0.377304 0.226792 0.379277 0.226482 0.381082 0.226360 0.382590 0.225108 0.383082 0.224716 0.382354 0.223836 0.381802 0.223013 0.380793 0.222087 0.378360 0.222987 0.377227 0.223035 0.375622 0.223291 0.373766 0.222595 0.372076 0.224370 0.370373 0.224050 0.368663 0.224578 0.367778 0.224293 0.366165 0.224742 0.364393 0.224632 0.362696 0.224801 0.361075
0 0.665908 0.494196 0.667251 0.494842 0.670713 0.494819 0.671326 0.494957 0.673312 0.494963 0.674439 0.496533 0.675319 0.496561 0.676205 0.497368 0.676568 0.499165 0.676966 0.499694 0.677260 0.501401 0.678060 0.502993 0.677378 0.504356 0.677306 0.504891 0.678845 0.504851 0.679496 0.505181 0.680969 0.507189 0.676618 0.509534 0.675196 0.510597 0.674572 0.510652 0.673569 0.511682 0.672431 0.512271 0.670711 0.512522 0.669690 0.511739 0.668367 0.509197 0.669331 0.508186 0.669836 0.507145 0.670934 0.507009 0.671370 0.505340 0.670199 0.505236 0.669062 0.504460 0.667771 0.504196 0.666608 0.503378 0.666527 0.501805 0.665683 0.500472 0.665462 0.498455 0.665461 0.496576 0.665828 0.496110 0.665500 0.494872
0 0.663122 0.527970 0.664186 0.528300 0.664942 0.529389 0.665469 0.529864 0.666873 0.531972 0.667448 0.532502 0.667392 0.533648 0.666934 0.535723 0.666331 0.535794 0.664923 0.535576 0.663823 0.534990 0.663788 0.534912 0.662797 0.533319 0.662697 0.533192 0.662356 0.533228 0.661661 0.532693 0.661584 0.531711 0.661334 0.529227 0.661735 0.528300 0.662623 0.528410
0 0.581103 0.472442 0.582599 0.469283 0.583483 0.468597 0.584261 0.467126 0.585831 0.464869 0.586184 0.464564 0.586173 0.464232 0.586309 0.463664 0.587092 0.462910 0.587901 0.460788 0.589018 0.459612 0.590759 0.457404 0.592772 0.455866 0.593845 0.455685 0.594149 0.455270 0.594224 0.453848 0.594198 0.452564 0.594136 0.450916 0.594282 0.448956 0.594594 0.447966 0.595712 0.445279 0.595976 0.443784 0.597117 0.440374 0.597172 0.439894 0.597366 0.439479 0.597563 0.438436 0.598297 0.436817 0.598585 0.435456 0.598879 0.434678 0.600132 0.432154 0.601206 0.430557 0.601671 0.430080 0.601860 0.429686 0.602198 0.429381 0.601938 0.427915 0.603135 0.426701 0.604467 0.426693 0.605566 0.427981 0.606462 0.430006 0.607486 0.430479 0.608551 0.431248 0.608144 0.433456 0.608150 0.436921 0.608110 0.437381 0.608126 0.438059 0.608621 0.440308 0.608653 0.442930 0.608999 0.444970 0.609983 0.446074 0.610895 0.447976 0.611452 0.448775 0.611650 0.449627 0.611671 0.449625 0.611746 0.449618 0.612947 0.449105 0.613836 0.449006 0.615139 0.449199 0.617964 0.450875 0.619635 0.451598 0.621545 0.452845 0.622717 0.454421 0.622982 0.454569 0.625427 0.457419 0.625362 0.459698 0.625349 0.463287 0.628576 0.464095 0.628822 0.464680 0.630392 0.464907 0.631076 0.465032 0.631290 0.465325 0.631780 0.465345 0.631813 0.465675 0.632014 0.466454 0.631902 0.466543 0.631936 0.466870 0.631264 0.466735 0.630791 0.466764 0.630471 0.466691 0.629001 0.467077 0.627518 0.468332 0.625546 0.469360 0.623946 0.470066 0.623863 0.470550 0.623062 0.471409 0.623032 0.471467 0.622691 0.472634 0.621988 0.474509 0.619745 0.476899 0.619410 0.478050 0.617170 0.481558 0.615957 0.482553 0.614670 0.483849 0.613094 0.484535 0.613238 0.485637 0.613026 0.485857 0.612432 0.486660 0.612225 0.486690 0.612046 0.486875 0.610624 0.486779 0.609290 0.485928 0.608433 0.484199 0.607584 0.484026 0.607170 0.484787 0.606254 0.485384 0.605764 0.486037 0.603238 0.486876 0.601557 0.487273 0.600958 0.487272 0.599100 0.486870 0.598697 0.486626 0.597273 0.486921 0.594966 0.486709 0.594341 0.486522 0.593482 0.486786 0.592654 0.486329 0.591181 0.485940 0.589829 0.484404 0.589724 0.483983 0.589516 0.483675 0.589441 0.483490 0.588590 0.482502 0.588118 0.481725 0.586398 0.481268 0.584498 0.479521 0.583973 0.478095 0.583281 0.477357 0.582284 0.473573 0.581646 0.473404
0 0.723512 0.356006 0.723962 0.355771 0.724035 0.355280 0.725160 0.354196 0.725779 0.353754 0.726710 0.354509 0.726950 0.354483 0.727444 0.354863 0.727526 0.356858 0.727522 0.358020 0.726950 0.358608 0.726430 0.358184 0.726328 0.358144 0.725700 0.358296 0.725235 0.357717 0.723498 0.357039
0 0.640487 0.344092 0.642647 0.344402 0.643322 0.345302 0.643847 0.345342 0.644808 0.346311 0.644537 0.346516 0.643534 0.347280 0.642867 0.346959 0.641894 0.347071 0.641452 0.346969 0.641116 0.346417 0.638353 0.345754 0.639784 0.344196 0.640099 0.344352
0 0.647864 0.359284 0.647303 0.358541 0.647384 0.355216 0.648211 0.353291 0.649120 0.352958 0.652089 0.352571 0.653351 0.352631 0.653732 0.353846 0.655168 0.354871 0.657257 0.354194 0.657960 0.356615 0.659262 0.359472 0.659651 0.362457 0.659184 0.364816 0.658741 0.365407 0.657549 0.366143 0.656319 0.368115 0.654651 0.367993 0.654252 0.368756 0.654329 0.370603 0.653137 0.372179 0.651977 0.372360 0.649892 0.372218 0.649332 0.371034 0.649084 0.369456 0.648092 0.368004 0.648220 0.365993 0.648084 0.364748 0.647261 0.363602 0.648083 0.362212 0.648105 0.360403
0 0.633147 0.364359 0.634414 0.362044 0.636574 0.361116 0.637802 0.362399 0.638437 0.364043 0.640093 0.365942 0.639166 0.367045 0.638143 0.366903 0.636946 0.367435 0.635151 0.367834 0.634113 0.369219 0.632321 0.370106 0.631456 0.368953 0.631540 0.368037 0.631259 0.367271 0.631485 0.366075 0.631655 0.364659 0.633114 0.364378
0 0.668121 0.390802 0.669034 0.390387 0.672015 0.390551 0.672536 0.391350 0.671261 0.392907 0.670843 0.393014 0.671974 0.393687 0.672123 0.394959 0.672378 0.395689 0.672357 0.397251 0.672925 0.398084 0.672280 0.398818 0.672380 0.401486 0.671624 0.402389 0.669884 0.402313 0.668320 0.402389 0.667408 0.400965 0.667067 0.399989 0.665763 0.398046 0.665611 0.397819 0.665300 0.397355 0.665329 0.397034 0.665064 0.396590 0.664957 0.395822 0.664673 0.394058 0.666081 0.393568 0.666321 0.393424 0.666392 0.392496 0.667460 0.391072
0 0.657111 0.406036 0.658092 0.406255 0.658483 0.407401 0.658508 0.409481 0.658152 0.409566 0.658092 0.409724 0.657150 0.409993 0.656138 0.408853 0.656063 0.407227 0.656253 0.407122 0.656245 0.406672
0 0.746528 0.570475 0.745935 0.569711 0.745908 0.569317 0.745821 0.569090 0.745745 0.568084 0.745781 0.567847 0.745687 0.567482 0.745697 0.567391 0.745430 0.566454 0.746219 0.565091 0.746213 0.563605 0.746858 0.561739 0.747358 0.560655 0.749368 0.560370 0.750561 0.559405 0.751315 0.559331 0.751706 0.559199 0.753574 0.559537 0.754335 0.559822 0.755246 0.560725 0.755371 0.561100 0.756575 0.562496 0.756863 0.563714 0.757903 0.566142 0.757974 0.567174 0.758193 0.570064 0.758213 0.570793 0.757661 0.572432 0.757434 0.573673 0.756747 0.574844 0.756653 0.575131 0.756210 0.575722 0.755534 0.575928 0.755223 0.575901 0.754362 0.577074 0.753272 0.576941 0.752103 0.576527 0.751628 0.576449 0.751179 0.576129 0.749936 0.575826 0.749027 0.574614 0.748581 0.574574 0.747227 0.573881 0.747172 0.573189 0.747073 0.571730 0.747078 0.571495 0.746874 0.570961
0 0.779835 0.812354 0.781410 0.812426 0.783400 0.814804 0.783795 0.815605 0.785671 0.817718 0.785961 0.818357 0.787175 0.819092 0.788115 0.820352 0.789034 0.820369 0.790059 0.819620 0.792021 0.819492 0.792363 0.818736 0.793812 0.818446 0.796621 0.818516 0.797541 0.817455 0.799428 0.817394 0.799945 0.817209 0.800376 0.817364 0.801116 0.817340 0.801956 0.817647 0.803282 0.819374 0.803476 0.820936 0.804104 0.822390 0.803323 0.824407 0.802945 0.824549 0.801851 0.826008 0.801482 0.826140 0.801373 0.826268 0.800574 0.827724 0.799693 0.830155 0.798713 0.830958 0.798100 0.832392 0.796589 0.834784 0.795394 0.836263 0.795117 0.836265 0.794221 0.837719 0.792746 0.839576 0.791784 0.841096 0.790095 0.842534 0.788753 0.843888 0.786919 0.844820 0.786809 0.844953 0.786704 0.845214 0.786267 0.845671 0.785511 0.847056 0.784179 0.847254 0.782532 0.847270 0.781746 0.848060 0.781026 0.848433 0.779713 0.848022 0.778296 0.848057 0.777731 0.847772 0.776790 0.847772 0.776444 0.848477 0.775910 0.849189 0.774955 0.849136 0.774343 0.849153 0.773839 0.849817 0.772555 0.849939 0.771725 0.848874 0.769849 0.847170 0.768823 0.846930 0.767779 0.846040 0.767411 0.845926 0.767065 0.845465 0.766999 0.844248 0.766500 0.843332 0.766278 0.842282 0.765936 0.841700 0.765773 0.840479 0.765467 0.839736 0.765396 0.838973 0.764772 0.837388 0.763867 0.834967 0.764207 0.834179 0.764430 0.833254 0.764645 0.832834 0.764739 0.832081 0.764806 0.829991 0.766127 0.828355 0.766658 0.827272 0.767784 0.826021 0.768164 0.823758 0.768908 0.823644 0.770140 0.822252 0.770901 0.821575 0.771018 0.820704 0.771235 0.820290 0.771583 0.818697 0.772307 0.818527 0.772455 0.818161 0.772524 0.817191 0.773496 0.816356 0.773774 0.816442 0.773842 0.816312 0.774470 0.815475 0.775203 0.815566 0.775281 0.815509 0.775348 0.814932 0.775630 0.814430 0.776704 0.813375 0.777011 0.812965 0.777449 0.812876 0.777826 0.812716 0.778861 0.812591 0.779566 0.812803
0 0.182666 0.524683 0.182691 0.524698 0.183831 0.524760 0.184429 0.524806 0.184792 0.525568 0.184749 0.525927 0.185195 0.526193 0.184370 0.526705 0.183914 0.527435 0.183128 0.528620 0.182180 0.528062 0.182173 0.528066 0.182174 0.528055 0.181642 0.526605 0.181619 0.525813 0.182632 0.524749
0 0.723920 0.575531 0.725763 0.573024 0.725946 0.573134 0.726654 0.569967 0.727500 0.568839 0.727730 0.567696 0.728290 0.567265 0.729412 0.565160 0.729515 0.564748 0.730696 0.564036 0.731059 0.563872 0.731946 0.562786 0.733229 0.563218 0.734277 0.563261 0.734727 0.564178 0.735137 0.564929 0.735627 0.565581 0.735811 0.566036 0.737345 0.567456 0.737624 0.568594 0.739329 0.570109 0.740183 0.570722 0.740696 0.570390 0.741708 0.570491 0.742235 0.571674 0.743039 0.571877 0.743471 0.571864 0.743506 0.572044 0.744002 0.572372 0.744313 0.574523 0.744291 0.575153 0.744656 0.576264 0.745278 0.576469 0.746374 0.578035 0.747283 0.579143 0.747283 0.579903 0.747162 0.581606 0.747204 0.584523 0.746916 0.585446 0.746455 0.586095 0.746475 0.586608 0.745592 0.587685 0.745379 0.589219 0.745046 0.589768 0.744896 0.590592 0.744735 0.591086 0.745020 0.591744 0.746075 0.591602 0.747049 0.591851 0.747080 0.591911 0.747176 0.591895 0.747215 0.592221 0.747360 0.592476 0.746844 0.592961 0.746845 0.592964 0.747697 0.593098 0.747621 0.594104 0.747510 0.594400 0.747510 0.596171 0.747465 0.597645 0.747129 0.598302 0.747385 0.599244 0.747385 0.601640 0.747145 0.603071 0.747074 0.603687 0.747042 0.603752 0.747077 0.604174 0.747361 0.604500 0.747393 0.606178 0.747208 0.607148 0.746900 0.608535 0.746905 0.609105 0.746824 0.610297 0.746479 0.611698 0.745828 0.614842 0.745848 0.615284 0.745599 0.615907 0.744960 0.617152 0.744850 0.618315 0.744793 0.619366 0.744602 0.620705 0.744710 0.621138 0.744480 0.621735 0.744629 0.622223 0.744409 0.622805 0.744466 0.623090 0.744362 0.623637 0.744466 0.624066 0.744341 0.625692 0.744341 0.635123 0.744352 0.637888 0.744385 0.638918 0.743681 0.640037 0.742840 0.639592 0.742519 0.639495 0.742059 0.638050 0.741978 0.636207 0.742057 0.634434 0.742223 0.633906 0.742088 0.633237 0.742059 0.630570 0.741732 0.628689 0.741653 0.628294 0.741657 0.627992 0.741616 0.627994 0.741436 0.629849 0.741443 0.632660 0.741378 0.633032 0.741368 0.633039 0.741347 0.633117 0.741343 0.633906 0.741265 0.636094 0.741364 0.637656 0.741052 0.640469 0.740876 0.640981 0.740739 0.642136 0.740630 0.642604 0.740661 0.643906 0.740484 0.644427 0.740405 0.645151 0.740116 0.646682 0.738582 0.649561 0.738032 0.650919 0.736940 0.650537 0.736860 0.649926 0.736497 0.649708 0.735833 0.649750 0.734727 0.649810 0.734058 0.650219 0.734055 0.650217 0.733668 0.650171 0.733450 0.650021 0.732770 0.649979 0.732518 0.649902 0.732326 0.649555 0.732210 0.649520 0.731867 0.649468 0.731817 0.649400 0.731378 0.649266 0.731189 0.649358 0.730816 0.649150 0.730366 0.649286 0.730052 0.649334 0.729075 0.648979 0.727786 0.649021 0.727434 0.648875 0.726341 0.648903 0.725716 0.648771 0.724466 0.648667 0.724107 0.648866 0.723180 0.648786 0.723174 0.648748 0.723241 0.648662 0.723298 0.648377 0.723473 0.647761 0.723473 0.645261 0.723295 0.644432 0.723282 0.643898 0.722915 0.642816 0.722496 0.642257 0.722424 0.641700 0.722073 0.640492 0.722078 0.640161 0.721904 0.638645 0.721727 0.637876 0.721789 0.637568 0.721806 0.637342 0.721785 0.637314 0.720728 0.636224 0.720225 0.634102 0.720645 0.631961 0.718452 0.628119 0.718246 0.628065 0.715850 0.624183 0.712934 0.621112 0.712354 0.620711 0.712071 0.620607 0.711630 0.618490 0.711817 0.617917 0.711940 0.616651 0.712205 0.615948 0.712769 0.613060 0.715026 0.605590 0.717058 0.596949 0.717895 0.592767 0.718771 0.590624 0.719942 0.586665 0.720358 0.585807 0.721487 0.582229 0.722193 0.579269
0 0.480582 0.444020 0.480531 0.444018 0.480069 0.444306 0.479881 0.444520 0.478942 0.444714 0.477746 0.446519 0.476826 0.447072 0.475980 0.448261 0.469474 0.453094 0.467630 0.453246 0.464015 0.454474 0.463822 0.454421 0.463721 0.454539 0.461923 0.454539 0.460861 0.455258 0.459810 0.455534 0.458957 0.456104 0.457850 0.457600 0.457511 0.457504 0.456187 0.457896 0.455641 0.457836 0.455589 0.457853 0.454443 0.457575 0.453119 0.456108 0.452870 0.453308 0.451987 0.451626 0.452682 0.450082 0.451732 0.449213 0.451491 0.447210 0.451174 0.445690 0.451356 0.443217 0.451417 0.442781 0.451426 0.441375 0.450986 0.440137 0.449423 0.439281 0.448033 0.439739 0.447317 0.438785 0.446560 0.437272 0.446378 0.435144 0.445680 0.433294 0.446308 0.430831 0.446791 0.430105 0.447443 0.427467 0.448280 0.426351 0.448578 0.425112 0.449347 0.423415 0.449779 0.421999 0.449840 0.420740 0.450597 0.419058 0.451732 0.415694 0.452733 0.414191 0.452741 0.413003 0.453678 0.411847 0.454128 0.409640 0.456180 0.406231 0.456348 0.404639 0.456694 0.404121 0.456722 0.404007 0.456812 0.403703 0.457327 0.403489 0.458021 0.403066 0.457897 0.401479 0.456955 0.400311 0.456190 0.400697 0.455727 0.400553 0.453124 0.397588 0.452655 0.397522 0.451356 0.395958 0.452195 0.393718 0.452785 0.393267 0.452442 0.392306 0.451754 0.391526 0.451477 0.390882 0.451643 0.390073 0.451549 0.389564 0.451513 0.389472 0.449990 0.386042 0.449756 0.382828 0.450319 0.382078 0.450578 0.381100 0.452531 0.381125 0.453567 0.381125 0.453931 0.380970 0.455567 0.381317 0.456587 0.381036 0.458974 0.382784 0.459040 0.382842 0.459347 0.382985 0.460399 0.384347 0.461880 0.385067 0.465620 0.387292 0.467929 0.389995 0.468462 0.390227 0.469009 0.390906 0.470314 0.391437 0.470662 0.391962 0.474899 0.393229 0.475856 0.394968 0.476329 0.396247 0.476360 0.396303 0.478283 0.399784 0.480204 0.400703 0.482471 0.400474 0.484534 0.401582 0.486108 0.401808 0.487225 0.402796 0.488799 0.403698 0.491178 0.407063 0.493471 0.408740 0.495037 0.410577 0.496892 0.411212 0.497194 0.412825 0.498708 0.414969 0.499599 0.415404 0.501249 0.417479 0.503646 0.419796 0.504732 0.421369 0.506144 0.422876 0.508001 0.423846 0.509288 0.425574 0.509416 0.426356 0.509288 0.426738 0.508592 0.428712 0.507717 0.430911 0.507150 0.431293 0.506618 0.432744 0.506004 0.433564 0.505728 0.434831 0.505012 0.436060 0.504955 0.436880 0.504118 0.438443 0.503853 0.440014 0.503362 0.440604 0.502630 0.443191 0.502588 0.444570 0.501194 0.446578 0.499829 0.446253 0.499325 0.446291 0.498096 0.445668 0.497091 0.444086 0.494685 0.443263 0.493796 0.442580 0.492628 0.442163 0.492318 0.442240 0.490652 0.441159 0.489431 0.441698 0.488724 0.441707 0.486211 0.442008 0.485111 0.442404 0.485067 0.442431 0.485004 0.442414 0.481389 0.442957
0 0.738266 0.413386 0.737810 0.413802 0.737074 0.415214 0.735955 0.416354 0.734777 0.415795 0.734309 0.415698 0.733650 0.415082 0.733396 0.413740 0.732530 0.413063 0.732123 0.412358 0.731641 0.412272 0.731910 0.410899 0.731750 0.410648 0.731867 0.406999 0.731848 0.406919 0.732020 0.405689 0.731576 0.404719 0.731772 0.402920 0.731979 0.402512 0.732374 0.399350 0.732367 0.398657 0.732466 0.397603 0.732565 0.393122 0.732770 0.392564 0.732754 0.391044 0.733513 0.390287 0.733870 0.389716 0.733874 0.389707 0.734144 0.388688 0.735164 0.388207 0.735578 0.388093 0.735431 0.387456 0.735752 0.385622 0.735923 0.384867 0.736449 0.384107 0.736707 0.381293 0.737307 0.380493 0.737482 0.379418 0.738071 0.377102 0.738683 0.374045 0.739459 0.372698 0.740354 0.370369 0.740546 0.369008 0.741451 0.367065 0.741358 0.365891 0.742260 0.365387 0.742972 0.364224 0.743287 0.364340 0.743500 0.364090 0.744222 0.364090 0.744522 0.364622 0.744716 0.364749 0.745178 0.365628 0.745250 0.366251 0.745573 0.366682 0.745700 0.367611 0.746396 0.367779 0.747780 0.368307 0.748169 0.368694 0.749700 0.368078 0.750221 0.367384 0.750779 0.367255 0.751400 0.367731 0.752257 0.368215 0.753116 0.368438 0.753451 0.370062 0.753675 0.370984 0.753698 0.371560 0.754268 0.372698 0.754227 0.373542 0.754663 0.374542 0.754270 0.376209 0.754086 0.376396 0.753614 0.378161 0.753357 0.379390 0.753502 0.379796 0.753556 0.380320 0.754270 0.380914 0.754063 0.382151 0.754070 0.382976 0.753738 0.383779 0.753651 0.385472 0.753833 0.387127 0.754169 0.388247 0.754129 0.388840 0.754360 0.390257 0.754663 0.391409 0.754498 0.393762 0.754663 0.394704 0.754639 0.396497 0.754643 0.396600 0.754552 0.397471 0.755469 0.400916 0.755456 0.401115 0.754401 0.402653 0.753323 0.402904 0.752425 0.404102 0.751520 0.404310 0.750680 0.404626 0.749980 0.404857 0.749657 0.405288 0.748992 0.405516 0.748274 0.406079 0.747715 0.406137 0.747189 0.406473 0.747145 0.406661 0.746957 0.407571 0.745838 0.408448 0.745309 0.408249 0.744419 0.410164 0.744181 0.410164 0.743728 0.410559 0.743021 0.410635 0.742379 0.410951 0.741435 0.410932 0.740565 0.412009 0.739710 0.412269 0.739406 0.412237 0.738294 0.413318
0 0.951816 0.294666 0.952178 0.294489 0.952748 0.295249 0.952748 0.296603 0.952609 0.297447 0.953010 0.297507 0.953637 0.298553 0.954156 0.299452 0.954232 0.301395 0.953676 0.302588 0.953685 0.302853 0.953685 0.306647 0.954251 0.308870 0.954387 0.309136 0.955093 0.309869 0.955463 0.311508 0.956578 0.312890 0.956633 0.313791 0.956810 0.314416 0.956957 0.316244 0.957463 0.316674 0.958218 0.317890 0.958328 0.318954 0.958692 0.319439 0.958767 0.319748 0.959704 0.320893 0.960410 0.321522 0.960466 0.322527 0.960565 0.322944 0.960643 0.323986 0.959423 0.326724 0.958955 0.327765 0.958924 0.329402 0.958737 0.332267 0.958846 0.332736 0.958846 0.333569 0.958770 0.334679 0.958513 0.335236 0.958534 0.336590 0.958533 0.337011 0.959158 0.337560 0.960018 0.338569 0.959473 0.340616 0.958825 0.341694 0.958815 0.344455 0.958483 0.345894 0.957260 0.345940 0.956792 0.346100 0.955698 0.346100 0.955073 0.345913 0.954526 0.346100 0.953933 0.345693 0.953381 0.345686 0.953237 0.345538 0.952260 0.345580 0.951831 0.345406 0.951401 0.345475 0.951076 0.345320 0.950073 0.345371 0.949487 0.345197 0.948588 0.345371 0.948126 0.345033 0.947444 0.344749 0.947072 0.344443 0.946530 0.345165 0.945287 0.345156 0.944682 0.345371 0.943862 0.345301 0.942729 0.345580 0.942200 0.345024 0.941819 0.344957 0.941350 0.344540 0.940722 0.343390 0.939780 0.342135 0.939345 0.342661 0.938464 0.343544 0.938434 0.343668 0.938014 0.345894 0.937332 0.346075 0.935754 0.346037 0.935256 0.345894 0.934997 0.345352 0.934978 0.345345 0.934526 0.345371 0.933678 0.345298 0.933535 0.346345 0.933192 0.346711 0.933301 0.346866 0.932807 0.347246 0.932100 0.347217 0.931975 0.347229 0.931010 0.347871 0.930581 0.347621 0.930073 0.347503 0.928514 0.347321 0.926720 0.346908 0.926479 0.346934 0.925569 0.346728 0.924970 0.346137 0.924830 0.345368 0.924448 0.345371 0.923670 0.345134 0.923612 0.346486 0.923327 0.347144 0.922651 0.347218 0.921323 0.347142 0.920616 0.346800 0.920410 0.347699 0.919760 0.348184 0.919135 0.348184 0.918823 0.348052 0.918303 0.347978 0.917970 0.347429 0.917600 0.347353 0.917345 0.347012 0.916870 0.346934 0.916329 0.346596 0.916167 0.346621 0.915335 0.346207 0.914622 0.344329 0.914619 0.344271 0.914553 0.344228 0.913925 0.342974 0.912938 0.341658 0.913194 0.339828 0.913235 0.339729 0.913329 0.339231 0.913694 0.338744 0.914526 0.338330 0.914855 0.338352 0.914891 0.337772 0.915459 0.336807 0.915518 0.336173 0.915402 0.335585 0.914579 0.334574 0.914534 0.333205 0.914579 0.332147 0.915335 0.331797 0.915284 0.331590 0.915360 0.331210 0.916948 0.330517 0.917573 0.330517 0.917742 0.330522 0.917805 0.328153 0.917815 0.325496 0.917471 0.323986 0.917471 0.322111 0.917591 0.320340 0.917594 0.319859 0.917548 0.319805 0.917626 0.318347 0.917725 0.317930 0.917725 0.315638 0.917548 0.315117 0.917548 0.314076 0.917625 0.313175 0.917736 0.312982 0.917704 0.310326 0.917808 0.309909 0.917625 0.309456 0.917567 0.308963 0.917413 0.308557 0.916974 0.308380 0.916533 0.307305 0.916516 0.306621 0.916064 0.305430 0.916064 0.303451 0.916353 0.302136 0.916142 0.301576 0.916320 0.299696 0.916142 0.298034 0.916397 0.296992 0.916062 0.296539 0.915439 0.295117 0.915802 0.294355 0.916091 0.294254 0.916246 0.293555 0.916218 0.292758 0.917187 0.292299 0.917443 0.291959 0.918536 0.291438 0.918720 0.291406 0.919310 0.290658 0.919319 0.290482 0.919189 0.289701 0.919189 0.288138 0.919367 0.286258 0.919187 0.285498 0.919033 0.284180 0.918954 0.283138 0.918970 0.282646 0.917783 0.280222 0.917845 0.278242 0.917763 0.277718 0.917692 0.277538 0.917661 0.277382 0.917422 0.276206 0.917272 0.275521 0.916598 0.274101 0.916491 0.273437 0.915870 0.271091 0.916509 0.269282 0.916339 0.268487 0.916442 0.266519 0.917009 0.265762 0.917134 0.265011 0.917220 0.262862 0.917120 0.261924 0.917368 0.261053 0.917535 0.259540 0.917837 0.258553 0.917980 0.256820 0.918235 0.255987 0.919315 0.252063 0.919410 0.251206 0.919901 0.250314 0.919871 0.250003 0.919973 0.248425 0.920384 0.247876 0.920441 0.247592 0.921148 0.246963 0.921431 0.246480 0.921717 0.246378 0.922420 0.246510 0.923123 0.246406 0.923670 0.245962 0.924040 0.246177 0.924576 0.246320 0.924604 0.246182 0.924813 0.245904 0.925098 0.245802 0.925296 0.245873 0.926178 0.245499 0.926885 0.245728 0.926924 0.245668 0.926849 0.244326 0.926947 0.243484 0.926773 0.243148 0.926066 0.242623 0.926275 0.241584 0.927627 0.241688 0.928441 0.242872 0.929113 0.241852 0.930431 0.240946 0.930645 0.237744 0.931430 0.236887 0.932507 0.235970 0.933067 0.234193 0.934308 0.233900 0.934949 0.233923 0.935666 0.233008 0.936364 0.232800 0.937195 0.232019 0.938545 0.231321 0.938941 0.230659 0.940894 0.230582 0.941934 0.231039 0.942119 0.231806 0.942794 0.233747 0.942901 0.234306 0.943184 0.234789 0.943320 0.235594 0.944278 0.237081 0.944697 0.238056 0.946099 0.238753 0.946441 0.238575 0.947323 0.240065 0.947247 0.241591 0.946856 0.242216 0.946153 0.243154 0.945983 0.243384 0.945895 0.243585 0.945875 0.244753 0.945896 0.245482 0.946073 0.246002 0.946035 0.246402 0.946230 0.247148 0.946137 0.247452 0.946308 0.248190 0.945583 0.249747 0.945683 0.250690 0.945585 0.251219 0.945997 0.251768 0.946302 0.253009 0.946542 0.253711 0.946601 0.254240 0.947091 0.254997 0.947464 0.256003 0.949408 0.256631 0.949759 0.257083 0.949893 0.257027 0.950218 0.256073 0.951519 0.256103 0.952429 0.256281 0.952692 0.258403 0.953028 0.258747 0.953419 0.259372 0.953526 0.259827 0.954434 0.260935 0.954933 0.262334 0.955112 0.262325 0.955816 0.262221 0.956101 0.262323 0.956537 0.263999 0.956960 0.264094 0.957872 0.264581 0.957927 0.265273 0.957811 0.267243 0.958054 0.267807 0.957374 0.267984 0.956571 0.268389 0.955708 0.269040 0.955704 0.269640 0.956698 0.271419 0.956776 0.273294 0.956380 0.274517 0.956231 0.275341 0.956107 0.276384 0.956316 0.277292 0.956323 0.277334 0.956934 0.278331 0.957245 0.279857 0.957013 0.280654 0.956726 0.281036 0.956615 0.281080 0.956520 0.281518 0.956309 0.283154 0.955851 0.283521 0.955476 0.284057 0.954666 0.284512 0.954226 0.284994 0.952898 0.285828 0.952259 0.286263 0.952481 0.286664 0.952559 0.288258 0.951771 0.289830 0.951466 0.291383 0.951052 0.292148 0.951309 0.294060 0.951360 0.294231
0 0.349021 0.577240 0.348591 0.577107 0.347702 0.576214 0.346782 0.575428 0.346382 0.574748 0.346057 0.574461 0.345063 0.572989 0.343854 0.571817 0.343334 0.571710 0.342890 0.571401 0.342877 0.571367 0.338890 0.565465 0.338098 0.564849 0.337464 0.564051 0.336602 0.563458 0.336629 0.562925 0.336072 0.562148 0.335675 0.561166 0.335247 0.560772 0.334482 0.559494 0.332754 0.557156 0.332623 0.556677 0.331215 0.554517 0.330515 0.551825 0.329459 0.549292 0.329490 0.545767 0.328799 0.543429 0.328844 0.541795 0.328374 0.540050 0.329289 0.538532 0.329569 0.536393 0.330652 0.533819 0.329913 0.532297 0.330529 0.531064 0.330792 0.528930 0.331442 0.528033 0.331122 0.525563 0.331236 0.523919 0.331501 0.523338 0.331629 0.522286 0.331656 0.522218 0.332493 0.520270 0.332462 0.519384 0.332603 0.518512 0.332572 0.517625 0.332933 0.516753 0.332925 0.516275 0.333592 0.513235 0.333185 0.512638 0.333244 0.511366 0.332900 0.510960 0.332893 0.509080 0.333959 0.507902 0.334907 0.506301 0.335067 0.505174 0.335067 0.505173 0.335070 0.505130 0.334365 0.503776 0.334733 0.502000 0.335978 0.501172 0.336666 0.501182 0.337445 0.499410 0.342134 0.499345 0.343304 0.499410 0.344953 0.500436 0.345463 0.501259 0.346288 0.503655 0.347180 0.505079 0.347370 0.506068 0.348286 0.506983 0.348464 0.507868 0.348706 0.508009 0.349211 0.508135 0.349439 0.508404 0.349442 0.508638 0.351934 0.511375 0.352006 0.511406 0.352106 0.511237 0.352632 0.511661 0.352650 0.511681 0.353205 0.511918 0.353563 0.512068 0.353846 0.512446 0.354344 0.512693 0.354728 0.513097 0.354891 0.513109 0.355039 0.513449 0.355333 0.513795 0.355516 0.513839 0.355724 0.514117 0.355764 0.514314 0.356063 0.514672 0.356088 0.514702 0.356271 0.514846 0.356276 0.514929 0.356662 0.515471 0.356815 0.516092 0.357675 0.517134 0.358459 0.517867 0.358516 0.518360 0.359028 0.519122 0.359709 0.519846 0.359851 0.520255 0.359969 0.520297 0.360085 0.520690 0.360594 0.521130 0.360949 0.521730 0.361219 0.521755 0.361335 0.522004 0.362163 0.522598 0.363172 0.522901 0.363771 0.524148 0.363768 0.524155 0.363928 0.524325 0.363945 0.524999 0.364266 0.525089 0.364506 0.525972 0.364865 0.526304 0.364867 0.526679 0.365092 0.527035 0.365334 0.527242 0.365357 0.527441 0.367631 0.528538 0.368676 0.529625 0.370127 0.530190 0.371440 0.531754 0.371874 0.531800 0.373513 0.533142 0.374624 0.533322 0.375902 0.535025 0.378482 0.537458 0.382224 0.543827 0.382733 0.544360 0.383213 0.545879 0.384708 0.547725 0.385369 0.548852 0.383059 0.551152 0.381515 0.551965 0.380467 0.552830 0.379409 0.553156 0.378834 0.554282 0.377266 0.554091 0.375474 0.554855 0.375338 0.556336 0.374259 0.558488 0.374266 0.559699 0.373939 0.561406 0.373103 0.563607 0.372257 0.567753 0.372287 0.571424 0.372177 0.574209 0.371425 0.578119 0.372287 0.579486 0.371119 0.581663 0.371609 0.583426 0.371300 0.585591 0.369781 0.586506 0.369058 0.586828 0.368972 0.586926 0.368331 0.587152 0.367977 0.587310 0.366390 0.590673 0.364669 0.590816 0.364048 0.590526 0.363380 0.589607 0.363145 0.589703 0.361921 0.590523 0.360172 0.590776 0.358588 0.590867 0.358522 0.590695 0.357562 0.590233 0.355070 0.587643 0.353091 0.584418 0.352622 0.583220 0.349903 0.580314 0.349674 0.578849 0.349383 0.578495
0 0.131131 0.535971 0.131747 0.534551 0.132593 0.534258 0.132491 0.533687 0.132842 0.531324 0.133882 0.529412 0.134081 0.528215 0.134487 0.527535 0.135169 0.525725 0.135883 0.522924 0.136313 0.519984 0.136780 0.517486 0.137837 0.515221 0.138148 0.513487 0.139774 0.511255 0.139841 0.510161 0.140847 0.506933 0.140948 0.506799 0.142082 0.506006 0.142412 0.505420 0.142518 0.504878 0.143148 0.503705 0.143794 0.502324 0.144427 0.501854 0.145316 0.500961 0.146295 0.500535 0.146938 0.500033 0.148869 0.498869 0.149545 0.498991 0.150547 0.499366 0.150033 0.501268 0.149623 0.501324 0.149447 0.501902 0.148718 0.502874 0.147779 0.504169 0.147802 0.504361 0.148303 0.506795 0.147414 0.507860 0.147190 0.509793 0.146016 0.511768 0.145946 0.512918 0.145494 0.514960 0.144879 0.515923 0.144395 0.517304 0.143811 0.518236 0.143576 0.521012 0.142327 0.522804 0.141570 0.527481 0.141213 0.528820 0.140893 0.531593 0.140526 0.532075 0.140693 0.532878 0.140525 0.534792 0.140497 0.536541 0.140168 0.538695 0.140008 0.540674 0.139669 0.542764 0.138241 0.542270 0.137000 0.541533 0.136780 0.539374 0.136371 0.537194 0.136333 0.534561 0.135911 0.533241 0.135476 0.535694 0.133937 0.537305 0.133078 0.538366 0.132733 0.537782 0.131473 0.536715
0 0.126517 0.534886 0.127842 0.535391 0.129196 0.537373 0.130026 0.538188 0.131079 0.538429 0.131877 0.540184 0.133185 0.541521 0.134195 0.542873 0.134654 0.543049 0.136555 0.544988 0.136686 0.545629 0.138439 0.548673 0.138549 0.549244 0.138812 0.549636 0.139044 0.551094 0.141018 0.552397 0.141898 0.558890 0.140983 0.559571 0.140796 0.560407 0.139664 0.562170 0.139842 0.563334 0.139231 0.564510 0.137370 0.564926 0.136916 0.564716 0.135853 0.564414 0.135606 0.564124 0.132586 0.563338 0.132148 0.562598 0.131419 0.562943 0.130659 0.562174 0.129513 0.562081 0.127786 0.562455 0.127360 0.562260 0.125734 0.563293 0.124345 0.564705 0.122373 0.565439 0.121480 0.566498 0.120727 0.567942 0.120028 0.568292 0.119703 0.568525 0.119025 0.569414 0.117908 0.569834 0.117882 0.569833 0.117646 0.570002 0.115977 0.570619 0.115142 0.569283 0.113569 0.569012 0.112853 0.567824 0.113101 0.566295 0.112956 0.564661 0.113255 0.563230 0.113181 0.560518 0.112691 0.559897 0.112306 0.557910 0.110277 0.553906 0.110249 0.552123 0.109987 0.549726 0.110382 0.546889 0.109665 0.545606 0.109546 0.543837 0.109605 0.543712 0.109687 0.543025 0.109993 0.542405 0.110511 0.541610 0.110980 0.540151 0.111605 0.539006 0.112007 0.537359 0.112099 0.537262 0.112052 0.536973 0.112119 0.535657 0.112353 0.534198 0.112619 0.533417 0.112715 0.532720 0.112724 0.532721 0.112719 0.532693 0.112822 0.531594 0.112840 0.530235 0.112937 0.530112 0.113193 0.530013 0.113115 0.528645 0.113332 0.526823 0.113593 0.526362 0.113636 0.525083 0.113577 0.523764 0.115001 0.522544 0.115339 0.522955 0.115661 0.522984 0.116151 0.524516 0.117727 0.526570 0.118475 0.526840 0.120149 0.528659 0.122249 0.530090 0.123794 0.531754 0.124930 0.532675
0 0.121865 0.305137 0.120245 0.307390 0.118535 0.309036 0.118339 0.309574 0.116725 0.311478 0.116369 0.311598 0.115357 0.312660 0.113510 0.313697 0.110534 0.315170 0.109817 0.315414 0.109332 0.316061 0.108263 0.316774 0.106521 0.317499 0.105103 0.317839 0.104301 0.317399 0.101100 0.316542 0.099659 0.316045 0.098736 0.315883 0.098104 0.314106 0.098468 0.312205 0.098998 0.312034 0.101056 0.309646 0.102957 0.307357 0.104036 0.306369 0.105247 0.305483 0.108570 0.301944 0.109292 0.300625 0.110283 0.299659 0.110404 0.298963 0.110833 0.298779 0.111697 0.297774 0.113073 0.297774 0.113501 0.297915 0.114782 0.296836 0.115622 0.296333 0.116920 0.296072 0.117627 0.295656 0.119867 0.295320 0.120551 0.294577 0.121225 0.294021 0.121885 0.293982 0.125633 0.292607 0.126139 0.294175 0.125990 0.296344 0.124218 0.299776 0.123318 0.302579 0.122587 0.303490
0 0.091265 0.348722 0.091311 0.348254 0.090911 0.348132 0.090470 0.347205 0.090816 0.346404 0.091378 0.346163 0.091515 0.346139 0.091568 0.345594 0.091989 0.344293 0.090660 0.343153 0.091956 0.341340 0.093285 0.340327 0.094392 0.340617 0.096417 0.340792 0.096598 0.342553 0.097364 0.344293 0.097202 0.345765 0.098285 0.345901 0.099360 0.346996 0.098791 0.349060 0.098917 0.349570 0.099835 0.351339 0.098692 0.352610 0.098157 0.353703 0.096956 0.353954 0.093822 0.353954 0.092747 0.352605 0.092932 0.351054 0.091322 0.349693
0 0.063393 0.348332 0.064336 0.346913 0.064118 0.344246 0.063496 0.342695 0.062441 0.342384 0.061486 0.341576 0.061030 0.340159 0.061725 0.339570 0.063529 0.339984 0.064889 0.340539 0.065300 0.342606 0.066504 0.343831 0.068050 0.343737 0.068817 0.341931 0.069485 0.341294 0.071411 0.340490 0.072391 0.340792 0.072043 0.342181 0.071381 0.342303 0.070751 0.343396 0.070682 0.344882 0.069479 0.346106 0.067637 0.346024 0.067812 0.346480 0.069730 0.347585 0.068512 0.349178 0.067200 0.351551 0.064724 0.353602 0.062803 0.353323 0.061430 0.350298 0.061315 0.348009
0 0.052983 0.351838 0.055966 0.348557 0.057140 0.347624 0.058463 0.346911 0.058783 0.348730 0.060141 0.350415 0.060277 0.350994 0.060901 0.352061 0.060970 0.352660 0.061502 0.352862 0.062639 0.354361 0.062420 0.355517 0.061060 0.356612 0.060095 0.356297 0.058842 0.356279 0.059000 0.356828 0.058609 0.357539 0.057476 0.357363 0.055925 0.357341 0.055424 0.358261 0.055148 0.358308 0.054855 0.358768 0.053908 0.358429 0.053650 0.356574 0.053338 0.356150 0.053184 0.355522 0.052200 0.353662 0.052483 0.352441
0 0.005547 0.378079 0.005007 0.376884 0.004718 0.376117 0.005570 0.375448 0.006111 0.374640 0.006658 0.374487 0.007060 0.373500 0.008577 0.374218 0.009050 0.375693 0.008513 0.376874 0.007999 0.377686 0.008005 0.378099 0.007659 0.379406 0.006517 0.379120 0.006111 0.378900
0 0.010616 0.380983 0.010157 0.378822 0.011678 0.379882 0.012447 0.379765 0.013211 0.378033 0.013598 0.377657 0.013595 0.375569 0.014923 0.372421 0.017416 0.371300 0.018293 0.371765 0.018061 0.372946 0.017025 0.373375 0.016798 0.374875 0.017287 0.374703 0.018649 0.375068 0.019565 0.377213 0.019398 0.378188 0.018729 0.379079 0.018484 0.380419 0.016696 0.380927 0.017563 0.382609 0.018366 0.386140 0.018414 0.387018 0.017283 0.387886 0.016018 0.387171 0.015642 0.385656 0.014909 0.386747 0.013834 0.385778 0.013747 0.385346 0.012205 0.384670 0.010890 0.382233
0 0.061127 0.239691 0.061732 0.238605 0.062434 0.238424 0.064436 0.238845 0.064772 0.238950 0.065261 0.239601 0.065261 0.240440 0.064744 0.243311 0.063997 0.244307 0.062076 0.244996 0.061470 0.244072 0.060814 0.242662 0.060813 0.241209 0.061029 0.240920 0.061014 0.240579
0 0.063098 0.230701 0.062020 0.229799 0.062507 0.228729 0.063510 0.228157 0.064060 0.228246 0.064602 0.227198 0.065521 0.226171 0.065550 0.225475 0.066963 0.224051 0.068275 0.223753 0.068268 0.226784 0.068103 0.228726 0.067475 0.229228 0.067098 0.230411 0.063918 0.230723
0 0.067353 0.218893 0.066717 0.217614 0.066416 0.217565 0.066151 0.216475 0.066132 0.216437 0.066755 0.215413 0.066776 0.213612 0.067275 0.210591 0.067695 0.210480 0.067955 0.207598 0.068870 0.206804 0.069587 0.205172 0.070478 0.204087 0.071259 0.202837 0.072230 0.202812 0.072588 0.201691 0.073108 0.201561 0.074042 0.201900 0.074364 0.201693 0.075010 0.200936 0.077150 0.201049 0.077768 0.201040 0.078055 0.202287 0.077559 0.203157 0.077742 0.203402 0.078162 0.204377 0.079069 0.206282 0.078943 0.206728 0.078503 0.208252 0.078268 0.208982 0.078211 0.209683 0.077742 0.210933 0.077377 0.211419 0.076990 0.211624 0.076883 0.212079 0.076159 0.212940 0.075502 0.214440 0.074508 0.215037 0.074149 0.215933 0.072846 0.217669 0.071620 0.217951 0.070737 0.219024 0.069709 0.219188 0.069358 0.219334 0.068448 0.219128 0.068325 0.218993
0 0.113281 0.695833 0.121094 0.696875 0.121875 0.696875 0.128906 0.705208 0.129688 0.706250 0.130469 0.709375 0.130469 0.710417 0.128906 0.712500 0.128125 0.713542 0.122656 0.714583 0.121875 0.715625 0.114062 0.713542 0.113281 0.713542 0.106250 0.705208 0.105469 0.704167 0.105469 0.702083 0.104688 0.701042 0.107031 0.698958 0.107813 0.697917 0.113281 0.695833
0 0.883594 0.803125 0.894531 0.805208 0.895312 0.805208 0.898438 0.807292 0.899219 0.808333 0.907031 0.809375 0.907813 0.809375 0.917969 0.813542 0.918750 0.814583 0.930469 0.815625 0.931250 0.815625 0.935156 0.817708 0.935937 0.817708 0.937500 0.819792 0.938281 0.820833 0.938281 0.822917 0.938281 0.823958 0.935156 0.827083 0.934375 0.827083 0.931250 0.832292 0.931250 0.833333 0.927344 0.833333 0.926562 0.833333 0.922656 0.831250 0.921875 0.830208 0.909375 0.831250 0.908594 0.831250 0.904687 0.829167 0.903906 0.828125 0.889844 0.826042 0.889062 0.826042 0.882031 0.821875 0.881250 0.821875 0.878125 0.816667 0.877344 0.815625 0.877344 0.811458 0.877344 0.810417 0.883594 0.803125
0 0.114062 0.764583 0.128906 0.765625 0.129688 0.765625 0.136719 0.768750 0.136719 0.769792 0.134375 0.773958 0.133594 0.775000 0.129688 0.777083 0.128906 0.778125 0.115625 0.779167 0.114844 0.779167 0.111719 0.772917 0.110937 0.771875 0.110937 0.768750 0.110937 0.767708 0.114062 0.764583
0 0.145313 0.068750 0.153906 0.068750 0.154688 0.068750 0.156250 0.070833 0.157031 0.071875 0.160156 0.072917 0.160938 0.072917 0.164062 0.080208 0.164844 0.081250 0.164844 0.084375 0.164844 0.085417 0.163281 0.087500 0.162500 0.088542 0.159375 0.089583 0.158594 0.090625 0.158594 0.098958 0.158594 0.100000 0.154688 0.105208 0.153906 0.106250 0.153125 0.109375 0.152344 0.110417 0.150000 0.110417 0.149219 0.110417 0.146094 0.105208 0.145313 0.104167 0.145313 0.102083 0.144531 0.101042 0.143750 0.070833 0.143750 0.069792 0.145313 0.068750
0 0.475000 0.018750 0.480469 0.019792 0.481250 0.020833 0.481250 0.029167 0.481250 0.030208 0.471875 0.043750 0.471094 0.044792 0.463281 0.044792 0.462500 0.044792 0.461719 0.043750 0.460938 0.042708 0.462500 0.028125 0.462500 0.027083 0.475000 0.018750
0 0.904687 0.000000 0.928125 0.000000 0.928906 0.000000 0.928906 0.001042 0.928906 0.002083 0.932031 0.005208 0.932813 0.006250 0.932813 0.012500 0.932813 0.013542 0.930469 0.026042 0.930469 0.027083 0.923438 0.035417 0.922656 0.036458 0.915625 0.037500 0.914844 0.037500 0.914062 0.034375 0.913281 0.033333 0.913281 0.028125 0.913281 0.027083 0.905469 0.013542 0.904687 0.012500 0.904687 0.000000
0 0.241406 0.305208 0.247656 0.306250 0.248438 0.306250 0.250781 0.309375 0.251563 0.310417 0.250781 0.313542 0.250781 0.314583 0.248438 0.314583 0.247656 0.314583 0.246875 0.312500 0.246875 0.311458 0.242969 0.308333 0.242188 0.308333 0.241406 0.305208
0 0.081986 0.176341 0.082755 0.175548 0.085026 0.172948 0.085601 0.171516 0.086662 0.169704 0.088232 0.170620 0.088966 0.172907 0.089358 0.174440 0.089427 0.176010 0.089855 0.177358 0.089920 0.178388 0.090248 0.179631 0.090521 0.181589 0.091644 0.182822 0.091614 0.183832 0.091744 0.186584 0.091079 0.187471 0.090490 0.187592 0.089120 0.188266 0.088587 0.188014 0.088187 0.189465 0.087180 0.189048 0.086477 0.188939 0.084202 0.188312 0.084104 0.187029 0.082773 0.186274 0.081911 0.183706 0.081835 0.182764 0.081407 0.181293 0.082080 0.178338 0.081778 0.177431
