0 0.162446 0.168891 0.164851 0.168752 0.167187 0.170833 0.167969 0.171875 0.178125 0.171875 0.178906 0.171182 0.184375 0.169792 0.185987 0.169930 0.186714 0.171559 0.189842 0.172086 0.190623 0.172847 0.192188 0.185417 0.192188 0.186458 0.196875 0.198958 0.197656 0.200000 0.200781 0.215625 0.200781 0.216667 0.210938 0.243750 0.210975 0.246820 0.211686 0.246879 0.212463 0.248908 0.214643 0.257247 0.214855 0.257305 0.214902 0.258350 0.215629 0.258350 0.215732 0.260319 0.216379 0.260468 0.216396 0.263434 0.217151 0.263566 0.217118 0.265681 0.217946 0.265636 0.218063 0.268666 0.218750 0.270833 0.219531 0.271875 0.220312 0.281250 0.221094 0.282292 0.220312 0.288542 0.219531 0.289583 0.209375 0.289583 0.208594 0.289583 0.200781 0.292708 0.200000 0.293750 0.197656 0.315625 0.197656 0.316667 0.193750 0.333333 0.192969 0.334375 0.179688 0.336458 0.178906 0.336458 0.176563 0.332292 0.175781 0.331250 0.171875 0.328125 0.171094 0.328125 0.160938 0.313542 0.160156 0.312500 0.159375 0.307292 0.159375 0.306250 0.155469 0.295833 0.154688 0.294792 0.154688 0.254167 0.154688 0.253125 0.160156 0.190625 0.160938 0.189583 0.161095 0.170692
0 0.093750 0.164575 0.096118 0.164583 0.096094 0.165625 0.096899 0.166608 0.096906 0.167681 0.097651 0.167679 0.097703 0.171895 0.097646 0.174953 0.098422 0.175063 0.098439 0.180167 0.096942 0.180238 0.087500 0.191667 0.086719 0.192708 0.085938 0.195833 0.085938 0.196875 0.080469 0.206250 0.079687 0.207292 0.077344 0.207292 0.076563 0.207292 0.074219 0.205208 0.073438 0.205208 0.066406 0.197917 0.065625 0.196875 0.059375 0.185417 0.058594 0.184375 0.057822 0.182336 0.056990 0.176100 0.055469 0.169792 0.055486 0.167685 0.056974 0.167690 0.057037 0.166666 0.060102 0.166639 0.060229 0.167708 0.063256 0.167651 0.063284 0.168717 0.066410 0.168807 0.066493 0.169788 0.069475 0.169802 0.070312 0.170833 0.074208 0.170850 0.074287 0.171875 0.075781 0.171875 0.078918 0.171838 0.078926 0.170836 0.080494 0.170749 0.080443 0.169822 0.082806 0.169761 0.082834 0.168764 0.084392 0.168759 0.084394 0.167694 0.085939 0.167711 0.085940 0.166588 0.089076 0.166666 0.089054 0.165631 0.092161 0.165594 0.092267 0.164620
0 0.092188 0.228125 0.096847 0.228069 0.097628 0.229157 0.100781 0.229167 0.101562 0.230208 0.101562 0.233333 0.101562 0.234375 0.099219 0.240625 0.098437 0.241667 0.099219 0.257292 0.099219 0.258333 0.097656 0.266667 0.096875 0.267708 0.087483 0.267697 0.086736 0.267720 0.085156 0.267708 0.084375 0.267708 0.080839 0.261504 0.080469 0.261458 0.080484 0.260427 0.079687 0.260417 0.079622 0.258302 0.078868 0.258360 0.078867 0.248964 0.079682 0.248964 0.079682 0.248058 0.079703 0.245756 0.080412 0.245868 0.080488 0.243716 0.081206 0.243643 0.081250 0.236458 0.081250 0.235417 0.081244 0.233404 0.081999 0.233276 0.082037 0.232225 0.085220 0.232241 0.085195 0.231287 0.089850 0.231140 0.089860 0.230199 0.092181 0.230145 0.092188 0.228125
0 0.039083 0.027085 0.038609 0.027085 0.037873 0.026103 0.036958 0.025661 0.035392 0.024040 0.032801 0.020870 0.032597 0.020874 0.032061 0.020066 0.032072 0.019769 0.031806 0.019758 0.031285 0.019194 0.031280 0.018727 0.030906 0.018713 0.030530 0.018274 0.030439 0.017720 0.029945 0.017650 0.027841 0.015468 0.026719 0.014938 0.025245 0.013792 0.024031 0.013460 0.023523 0.013647 0.023121 0.014183 0.023038 0.014583 0.021875 0.014583 0.017969 0.018750 0.017969 0.030069 0.017390 0.031238 0.017250 0.031915 0.017168 0.033762 0.017168 0.035971 0.017445 0.037662 0.017689 0.038350 0.019291 0.041210 0.020726 0.043097 0.021436 0.044359 0.021681 0.045157 0.022513 0.046302 0.023854 0.049321 0.025781 0.052083 0.026088 0.052083 0.026629 0.052442 0.028150 0.054148 0.029059 0.054142 0.029721 0.054535 0.030388 0.054277 0.031189 0.053280 0.032041 0.051435 0.032540 0.049988 0.033529 0.049806 0.034063 0.049093 0.034563 0.047433 0.035075 0.046538 0.035435 0.045348 0.036884 0.043557 0.037131 0.042596 0.037131 0.041474 0.038280 0.039552 0.038347 0.036543 0.039069 0.036440
0 0.059376 0.069840 0.059344 0.066731 0.058574 0.066634 0.057804 0.065686 0.057825 0.063534 0.057058 0.063573 0.056270 0.062512 0.056241 0.061433 0.055469 0.061458 0.055481 0.060484 0.051562 0.060417 0.042998 0.064628 0.037500 0.067708 0.036719 0.068750 0.025000 0.078125 0.024219 0.079167 0.016850 0.086939 0.003125 0.104167 0.003125 0.105208 0.000000 0.109375 0.000000 0.132262 0.000659 0.132294 0.004687 0.128125 0.006989 0.128099 0.008517 0.127066 0.011707 0.127061 0.011720 0.124060 0.017871 0.115277 0.017969 0.114583 0.022597 0.110656 0.023742 0.110316 0.024969 0.110263 0.027244 0.108711 0.027993 0.107748 0.028161 0.107314 0.028839 0.106619 0.028831 0.105441 0.029501 0.104715 0.029635 0.104102 0.029595 0.102540 0.037092 0.090128 0.044531 0.081250 0.045312 0.081250 0.057849 0.072892 0.059340 0.072871
0 0.129637 0.068773 0.130469 0.069792 0.131250 0.069792 0.131311 0.073934 0.134399 0.073982 0.134399 0.078244 0.134404 0.079200 0.133594 0.079167 0.132814 0.079229 0.132812 0.080208 0.131369 0.080211 0.130471 0.080177 0.130459 0.081283 0.128145 0.081277 0.128125 0.082294 0.127374 0.082288 0.126627 0.082316 0.126599 0.083313 0.125057 0.083389 0.122652 0.083369 0.121899 0.083402 0.121867 0.081351 0.120411 0.081319 0.119531 0.081250 0.119531 0.075000 0.120290 0.074012 0.120342 0.072922 0.122644 0.072881 0.122665 0.071928 0.123412 0.071872 0.123505 0.070841 0.124237 0.070819 0.124249 0.069807 0.124984 0.069826 0.125032 0.068727 0.126443 0.068720
0 0.320749 0.000000 0.345313 0.000000 0.346834 0.000000 0.346902 0.002048 0.347641 0.002088 0.349997 0.008281 0.351130 0.011191 0.352376 0.014619 0.353125 0.017708 0.355396 0.022966 0.355483 0.033327 0.356250 0.033333 0.356250 0.034375 0.357211 0.034325 0.358551 0.034354 0.359416 0.035413 0.361712 0.035381 0.361711 0.036409 0.363315 0.036490 0.363351 0.037478 0.364794 0.037535 0.364881 0.038568 0.364844 0.039583 0.364881 0.040549 0.364096 0.040629 0.364105 0.043749 0.361742 0.043758 0.360895 0.044828 0.357863 0.044892 0.357801 0.045833 0.355522 0.045880 0.355398 0.046879 0.354752 0.047943 0.351568 0.047977 0.350000 0.050000 0.349219 0.051042 0.348473 0.058420 0.347784 0.058342 0.347731 0.061464 0.346380 0.063283 0.345630 0.064969 0.340466 0.074902 0.339844 0.075000 0.339809 0.079182 0.337533 0.079242 0.337500 0.076042 0.336719 0.077083 0.335963 0.078110 0.332828 0.078224 0.332803 0.079209 0.322688 0.079226 0.322669 0.080221 0.319567 0.080203 0.319521 0.081296 0.310937 0.081250 0.310156 0.081250 0.310156 0.064583 0.310156 0.063542 0.307812 0.054167 0.307812 0.053125 0.311719 0.040625 0.312500 0.039583 0.313281 0.023958 0.313281 0.022917 0.314841 0.019749 0.315690 0.019768 0.315625 0.015625 0.316406 0.014583 0.316468 0.009383 0.317181 0.009327 0.317188 0.008333 0.317188 0.007292 0.320595 0.000362
0 0.010178 0.243773 0.012509 0.243766 0.012554 0.244795 0.013238 0.244724 0.015625 0.244792 0.016765 0.244837 0.022656 0.257292 0.023438 0.258333 0.024187 0.258293 0.024226 0.263562 0.025016 0.263504 0.025000 0.265625 0.025781 0.266667 0.025847 0.271892 0.024981 0.271931 0.025057 0.276042 0.025772 0.276042 0.025795 0.279297 0.024995 0.279240 0.025022 0.285473 0.023438 0.285417 0.023472 0.286457 0.020318 0.286437 0.020313 0.285417 0.019531 0.285417 0.018737 0.284419 0.017231 0.284394 0.012500 0.282292 0.011749 0.282258 0.011719 0.281316 0.008603 0.281300 0.008617 0.279194 0.007039 0.279195 0.006997 0.278187 0.005450 0.278214 0.005383 0.277230 0.003099 0.277020 0.003071 0.276031 0.003125 0.275000 0.002318 0.274956 0.002344 0.266667 0.002344 0.265625 0.003906 0.261458 0.003906 0.260417 0.000781 0.255208 0.000000 0.255208 0.000000 0.252083 0.000000 0.251042 0.006250 0.246875 0.007031 0.246875 0.009334 0.244789 0.010161 0.244798
0 0.027354 0.337522 0.042243 0.337576 0.042088 0.339810 0.032014 0.360562 0.031468 0.361895 0.022588 0.373910 0.021366 0.375049 0.012627 0.381106 0.006250 0.384375 0.005469 0.385417 0.000781 0.386458 0.000000 0.386458 0.000000 0.339583 0.000000 0.338542 0.018766 0.338474 0.027321 0.338556
0 0.082812 0.353125 0.087500 0.353125 0.087598 0.354036 0.089091 0.354082 0.089063 0.355208 0.090558 0.355256 0.091111 0.371826 0.088281 0.376737 0.085678 0.382640 0.080728 0.386808 0.077084 0.385419 0.075000 0.380208 0.069531 0.384375 0.068750 0.385417 0.062484 0.389562 0.061721 0.390500 0.060172 0.390511 0.060156 0.383333 0.060156 0.382292 0.067187 0.365625 0.067187 0.364583 0.067183 0.362476 0.068750 0.362500 0.069531 0.361458 0.073090 0.359755 0.075876 0.357346 0.077344 0.357292 0.078125 0.357292 0.082812 0.353125
0 0.125065 0.487581 0.125065 0.481452 0.123438 0.480208 0.118694 0.457382 0.117936 0.456310 0.117256 0.456310 0.117153 0.450997 0.114844 0.451042 0.114062 0.451042 0.112522 0.451016 0.112416 0.452111 0.108611 0.452155 0.104688 0.453125 0.104650 0.454078 0.094730 0.454183 0.092163 0.454167 0.089063 0.457292 0.089063 0.458333 0.089006 0.463463 0.092184 0.476104 0.091403 0.478205 0.091451 0.482307 0.092914 0.482371 0.092946 0.483439 0.093696 0.483399 0.098437 0.493750 0.098437 0.494792 0.099219 0.501042 0.099787 0.502041 0.110446 0.502033 0.113342 0.502077 0.114207 0.503175 0.117171 0.503161 0.117188 0.501042 0.117969 0.500000
0 0.325000 0.676042 0.328059 0.675977 0.328906 0.677083 0.329688 0.677083 0.339802 0.684442 0.339844 0.685417 0.344531 0.685417 0.345313 0.685417 0.347657 0.683359 0.351503 0.683385 0.353906 0.686458 0.354687 0.686458 0.358340 0.692422 0.359403 0.692745 0.359395 0.693764 0.360175 0.693776 0.360204 0.696845 0.357854 0.696892 0.357874 0.698978 0.358615 0.698929 0.358638 0.699940 0.359334 0.699944 0.359375 0.701042 0.359375 0.702083 0.364063 0.709375 0.364844 0.710417 0.366383 0.709406 0.368745 0.709372 0.368745 0.708377 0.372636 0.708361 0.373437 0.709375 0.374219 0.709375 0.376504 0.709378 0.376563 0.711458 0.377344 0.712500 0.377344 0.718750 0.377776 0.719846 0.376414 0.723833 0.375022 0.725053 0.374219 0.725000 0.371080 0.727074 0.367218 0.727147 0.367143 0.728149 0.364844 0.728125 0.364063 0.729194 0.357003 0.734364 0.355469 0.734375 0.355451 0.735329 0.353085 0.735499 0.353093 0.736385 0.350734 0.736607 0.350782 0.737500 0.348485 0.737595 0.348497 0.738531 0.346079 0.738641 0.346113 0.739545 0.342170 0.739579 0.342238 0.740643 0.335261 0.740675 0.332813 0.741667 0.329656 0.741672 0.329703 0.742754 0.329633 0.743669 0.331258 0.743714 0.331335 0.744716 0.333608 0.744882 0.333671 0.745823 0.338281 0.745833 0.349219 0.745833 0.350000 0.745833 0.353178 0.745869 0.353140 0.746901 0.351571 0.746919 0.351552 0.747810 0.351543 0.748974 0.351558 0.752117 0.350811 0.752054 0.350775 0.753132 0.349219 0.753125 0.345307 0.762452 0.343033 0.762563 0.342245 0.764602 0.341391 0.765672 0.340639 0.765679 0.339005 0.765687 0.339021 0.764724 0.336780 0.764567 0.336632 0.763463 0.335166 0.763591 0.335062 0.762559 0.329960 0.762587 0.329664 0.764623 0.328312 0.764571 0.327913 0.762930 0.315625 0.755208 0.314844 0.754167 0.307812 0.754167 0.307031 0.754167 0.302344 0.753058 0.301563 0.752083 0.300767 0.751978 0.300675 0.748005 0.296974 0.748008 0.296589 0.747068 0.293033 0.746763 0.291478 0.743750 0.291406 0.742708 0.284375 0.728125 0.284375 0.727083 0.277147 0.718881 0.275767 0.717673 0.275803 0.713682 0.276545 0.711607 0.275782 0.707537 0.275781 0.702083 0.275677 0.698947 0.278041 0.698962 0.278199 0.699850 0.279628 0.699901 0.280466 0.701008 0.292969 0.700000 0.293750 0.700000 0.305469 0.687500 0.306250 0.687500 0.310184 0.684419 0.308576 0.684160 0.308617 0.682315 0.308607 0.681250 0.311014 0.680243 0.316286 0.680231 0.316390 0.679210 0.318750 0.679167 0.319531 0.679167 0.319645 0.678527 0.325000 0.676042
0 0.528125 0.741667 0.528906 0.741667 0.528933 0.739656 0.530529 0.739624 0.530469 0.745833 0.530502 0.758281 0.531235 0.758286 0.531264 0.759555 0.535937 0.794792 0.535937 0.795833 0.537500 0.798958 0.538281 0.800000 0.538371 0.800970 0.542248 0.801082 0.542188 0.803125 0.542969 0.804167 0.542969 0.808333 0.543750 0.809375 0.542188 0.822917 0.541406 0.823958 0.542188 0.840625 0.542188 0.841667 0.542808 0.845308 0.540625 0.846038 0.493750 0.843750 0.492969 0.843750 0.489493 0.843118 0.489063 0.839583 0.486719 0.818750 0.486719 0.817708 0.483594 0.806250 0.482812 0.805208 0.480469 0.790625 0.480469 0.789583 0.481250 0.788542 0.482107 0.786516 0.488105 0.786428 0.488342 0.785472 0.490594 0.785463 0.490625 0.784375 0.491406 0.784375 0.497310 0.774687 0.497820 0.772686 0.499142 0.770864 0.504992 0.762825 0.505712 0.761783 0.514062 0.755208 0.514844 0.754167 0.520312 0.752083 0.521094 0.752083 0.528125 0.741667
0 0.524219 0.673958 0.527344 0.673958 0.529303 0.673904 0.536719 0.687500 0.537500 0.688542 0.542188 0.702083 0.542969 0.703125 0.543725 0.704186 0.543750 0.708333 0.544531 0.709375 0.544531 0.716667 0.544489 0.718732 0.542330 0.718808 0.541691 0.717595 0.539148 0.714242 0.538509 0.713200 0.522656 0.687500 0.521875 0.686458 0.521875 0.679167 0.521875 0.678125 0.524219 0.673958
0 0.000000 0.622917 0.001456 0.622884 0.002344 0.623958 0.003125 0.623958 0.008417 0.628318 0.009375 0.629167 0.013341 0.632414 0.016627 0.635804 0.019897 0.639305 0.021082 0.639734 0.026659 0.645820 0.028125 0.647917 0.028906 0.647917 0.035937 0.666667 0.036719 0.667708 0.037514 0.668748 0.037562 0.669861 0.038249 0.670022 0.038341 0.674998 0.036658 0.675019 0.033626 0.675062 0.033514 0.676035 0.019457 0.678092 0.014844 0.678125 0.014063 0.679167 0.014024 0.692708 0.014112 0.694858 0.008594 0.708333 0.007812 0.709375 0.007832 0.710468 0.006240 0.710464 0.006250 0.709375 0.005390 0.709551 0.000541 0.704273 0.000000 0.704167 0.000000 0.622917
0 0.051562 0.618750 0.061219 0.618804 0.063281 0.619792 0.064062 0.620833 0.063281 0.625000 0.063281 0.626042 0.061950 0.627757 0.061594 0.631570 0.060937 0.631250 0.059636 0.635125 0.057469 0.637139 0.053906 0.637500 0.053125 0.638542 0.046094 0.632292 0.045312 0.631250 0.045312 0.629167 0.045312 0.628125 0.051562 0.618750
0 0.029571 0.787484 0.031985 0.787484 0.032032 0.786489 0.035937 0.786458 0.036717 0.786496 0.036719 0.787500 0.038033 0.791418 0.040280 0.799063 0.041478 0.804189 0.041434 0.805119 0.042169 0.805241 0.043163 0.811404 0.043121 0.812377 0.043750 0.813542 0.043750 0.814583 0.049219 0.825000 0.050000 0.826042 0.049219 0.831250 0.048438 0.832292 0.046671 0.833437 0.038281 0.834375 0.037500 0.834375 0.029687 0.831250 0.028906 0.831250 0.022017 0.828258 0.020313 0.826042 0.019531 0.826042 0.008594 0.815625 0.007812 0.814583 0.007711 0.811458 0.008594 0.810417 0.010185 0.808076 0.012642 0.805889 0.013425 0.804923 0.017196 0.800857 0.018758 0.799991 0.019442 0.799960 0.019534 0.798901 0.020308 0.798972 0.020257 0.797956 0.021094 0.796875 0.024670 0.792289 0.026562 0.788542 0.027344 0.787500 0.028872 0.787453
0 0.014063 0.747917 0.015570 0.747911 0.015625 0.748958 0.016406 0.750000 0.019531 0.758333 0.020313 0.759375 0.020283 0.760298 0.021075 0.760454 0.021171 0.765600 0.020313 0.765625 0.020334 0.766714 0.000781 0.798958 0.000000 0.798958 0.000000 0.767708 0.003080 0.765403 0.004834 0.760506 0.006547 0.758020 0.014063 0.747917
0 0.210128 0.771911 0.210192 0.772831 0.213356 0.772902 0.217188 0.773958 0.217969 0.773958 0.218021 0.774986 0.218700 0.775030 0.218856 0.776051 0.219495 0.776024 0.221928 0.780323 0.222656 0.782292 0.223438 0.783333 0.223417 0.789746 0.222734 0.791145 0.218593 0.796770 0.217188 0.797917 0.217215 0.801079 0.216385 0.801061 0.214875 0.803987 0.212949 0.807317 0.212538 0.808359 0.212483 0.809347 0.210996 0.809349 0.210928 0.810399 0.210156 0.810417 0.210184 0.811427 0.209375 0.811458 0.208594 0.811458 0.207813 0.810417 0.207759 0.800080 0.206703 0.800056 0.206250 0.795833 0.206186 0.794762 0.206156 0.774016 0.206206 0.772867 0.206345 0.771854 0.206289 0.771873 0.207834 0.771865
0 0.988281 0.236458 0.989844 0.236458 0.990625 0.236458 0.990625 0.238542 0.990781 0.239861 0.990625 0.247917 0.990625 0.248958 0.988266 0.252962 0.987812 0.253422 0.987605 0.254084 0.982031 0.263542 0.982031 0.264583 0.980273 0.267366 0.975760 0.272885 0.974109 0.274184 0.964844 0.284375 0.964063 0.285417 0.959549 0.288632 0.959159 0.289175 0.958594 0.289583 0.957812 0.290625 0.955340 0.291620 0.954042 0.291984 0.950781 0.293750 0.950000 0.293750 0.950000 0.290625 0.951511 0.290278 0.954700 0.287950 0.955573 0.287153 0.956250 0.286458 0.960938 0.281250 0.961719 0.281250 0.973895 0.267679 0.978906 0.260417 0.979688 0.259375 0.983410 0.252131 0.985319 0.247340 0.987181 0.241833 0.988281 0.236458
0 0.732827 0.372897 0.732812 0.370834 0.735297 0.371027 0.735322 0.369919 0.738934 0.370061 0.740661 0.374233 0.743484 0.375234 0.746631 0.378199 0.749506 0.380239 0.751514 0.384221 0.752268 0.386430 0.754961 0.391506 0.755797 0.393422 0.759662 0.404858 0.760386 0.407037 0.762444 0.410462 0.762385 0.414584 0.763371 0.415634 0.765643 0.416718 0.765642 0.419812 0.764176 0.419764 0.764158 0.420834 0.763458 0.422375 0.763283 0.426024 0.762444 0.426086 0.761753 0.439609 0.760912 0.445603 0.760934 0.446731 0.760909 0.448946 0.762547 0.449047 0.762500 0.453125 0.763281 0.454167 0.764060 0.456310 0.764863 0.460327 0.765637 0.460488 0.765649 0.462465 0.763496 0.462604 0.763724 0.468553 0.763871 0.469661 0.768824 0.490601 0.770178 0.490695 0.770289 0.491698 0.770373 0.495779 0.771210 0.499038 0.771094 0.504167 0.771875 0.505208 0.771851 0.511504 0.771851 0.513595 0.769735 0.513588 0.768750 0.513542 0.764025 0.514548 0.762615 0.515783 0.761740 0.515736 0.761748 0.516651 0.760175 0.516640 0.760122 0.515649 0.759397 0.515535 0.759375 0.513542 0.758594 0.512500 0.755469 0.500000 0.755469 0.498958 0.752344 0.492708 0.751563 0.491667 0.751529 0.489612 0.750063 0.489646 0.750027 0.491627 0.749854 0.493676 0.746930 0.493676 0.745276 0.489485 0.744531 0.486458 0.743611 0.480550 0.741802 0.480131 0.739182 0.475934 0.737071 0.472744 0.732812 0.464583 0.732031 0.463542 0.725752 0.445951 0.725000 0.444792 0.723437 0.426042 0.723437 0.425000 0.724523 0.420914 0.731871 0.405252 0.733532 0.396763 0.734371 0.395724 0.734961 0.395232 0.735938 0.392708 0.736719 0.391667 0.733594 0.372929
0 0.789078 0.336458 0.789824 0.336388 0.789889 0.335442 0.792215 0.335504 0.792188 0.336458 0.793077 0.337582 0.794531 0.343750 0.795346 0.343758 0.795685 0.344928 0.798438 0.348958 0.799219 0.350000 0.803875 0.349990 0.804587 0.350977 0.804773 0.351921 0.814063 0.352083 0.815633 0.352083 0.826562 0.359375 0.828224 0.359375 0.830543 0.363610 0.831274 0.363612 0.831317 0.365686 0.831983 0.365686 0.832010 0.370845 0.831274 0.370899 0.830469 0.370833 0.829775 0.372024 0.828344 0.376139 0.827890 0.377568 0.824154 0.393846 0.823444 0.396320 0.821758 0.408111 0.818750 0.417708 0.818688 0.419390 0.818688 0.428445 0.818784 0.433325 0.815022 0.438715 0.813919 0.439501 0.811918 0.439909 0.811640 0.440603 0.804653 0.441836 0.803174 0.442427 0.798758 0.444576 0.796875 0.444792 0.794252 0.446935 0.792980 0.447949 0.778880 0.447952 0.778906 0.446875 0.775000 0.438542 0.774219 0.437500 0.774219 0.425000 0.774219 0.423958 0.772688 0.419898 0.772656 0.414583 0.771875 0.413542 0.771923 0.408284 0.772730 0.406314 0.774715 0.405280 0.776563 0.402083 0.777344 0.401042 0.778906 0.389583 0.779687 0.388542 0.779687 0.379167 0.779687 0.378125 0.773853 0.359863 0.773438 0.358473 0.772613 0.358448 0.772639 0.352254 0.772671 0.351042 0.787595 0.336429
0 0.844531 0.404167 0.847656 0.404167 0.848437 0.404167 0.856250 0.410417 0.857031 0.411458 0.863281 0.412500 0.864062 0.412500 0.873479 0.418829 0.876544 0.420076 0.881250 0.423958 0.885086 0.426238 0.887500 0.429167 0.887562 0.430020 0.889844 0.430292 0.889782 0.433167 0.888938 0.434417 0.880175 0.448899 0.879039 0.450532 0.877344 0.456250 0.877344 0.457292 0.869531 0.475000 0.868750 0.476042 0.865625 0.473958 0.864844 0.472917 0.864844 0.470833 0.864844 0.469792 0.862500 0.464583 0.861719 0.463542 0.860938 0.463542 0.860156 0.463542 0.853906 0.469792 0.853125 0.470833 0.850000 0.468750 0.849219 0.467708 0.835938 0.464583 0.834841 0.464008 0.817774 0.463509 0.817017 0.461881 0.817285 0.458333 0.818069 0.458333 0.817969 0.457292 0.823438 0.451042 0.825114 0.450000 0.832812 0.434375 0.833594 0.433333 0.834375 0.430208 0.835156 0.429167 0.835938 0.419792 0.835938 0.418750 0.839844 0.409375 0.839844 0.408333 0.844531 0.404167
0 0.223438 0.564583 0.223463 0.562532 0.224177 0.562434 0.224215 0.561423 0.225762 0.561455 0.225800 0.565625 0.228906 0.565625 0.228942 0.566631 0.229687 0.566667 0.232048 0.566726 0.232065 0.567687 0.234346 0.567685 0.234388 0.568675 0.236729 0.568769 0.237529 0.566715 0.237481 0.564583 0.237504 0.563539 0.238268 0.563519 0.240832 0.563447 0.241422 0.564649 0.242048 0.567700 0.242146 0.568619 0.242188 0.569792 0.241463 0.575066 0.241167 0.576042 0.240010 0.579641 0.236013 0.585183 0.231491 0.591435 0.228514 0.595163 0.227538 0.596092 0.224022 0.604798 0.220602 0.611458 0.220312 0.612500 0.220340 0.613472 0.214652 0.618901 0.212540 0.618767 0.210745 0.617035 0.209646 0.615002 0.209375 0.613542 0.209456 0.588542 0.210156 0.587500 0.211015 0.583374 0.212500 0.581250 0.213321 0.580277 0.219531 0.571875 0.220226 0.570602 0.222683 0.565608 0.223415 0.565644 0.223438 0.564583
0 0.813042 0.471806 0.829688 0.478125 0.830469 0.478125 0.839931 0.482221 0.842187 0.484375 0.842969 0.485417 0.849219 0.486458 0.850000 0.486458 0.854688 0.490625 0.855469 0.490625 0.861719 0.498958 0.862500 0.498958 0.864783 0.503290 0.864844 0.507292 0.864844 0.508333 0.861808 0.531540 0.861880 0.533742 0.861500 0.539506 0.859417 0.541719 0.857031 0.541667 0.850436 0.548789 0.849146 0.550995 0.846917 0.551023 0.843633 0.550231 0.840625 0.548958 0.839844 0.548958 0.831741 0.546342 0.827557 0.545695 0.827164 0.544953 0.823711 0.544738 0.823438 0.542708 0.822656 0.541667 0.821094 0.527083 0.820812 0.526292 0.809375 0.478125 0.807795 0.477053 0.807856 0.471863
0 0.831282 0.587500 0.832812 0.587500 0.834240 0.587558 0.835938 0.591667 0.836245 0.593226 0.837310 0.596223 0.838356 0.597983 0.838145 0.606240 0.839063 0.606250 0.839063 0.613542 0.839844 0.614583 0.839874 0.624892 0.839063 0.627388 0.821653 0.637624 0.820171 0.638926 0.808990 0.644816 0.807031 0.645521 0.799219 0.648854 0.798564 0.647003 0.807218 0.636831 0.810546 0.631849 0.814386 0.626072 0.814959 0.625000 0.816447 0.621794 0.821094 0.613542 0.821875 0.612500 0.826581 0.600040 0.828185 0.592012 0.829472 0.588879
0 0.946875 0.611458 0.948468 0.611358 0.948449 0.612439 0.948942 0.612489 0.953906 0.612500 0.954688 0.612500 0.955443 0.612469 0.957474 0.614686 0.958772 0.619394 0.959915 0.619876 0.963348 0.619948 0.963285 0.622116 0.965672 0.629479 0.965625 0.631250 0.966406 0.632292 0.966406 0.635417 0.966406 0.636458 0.966413 0.638546 0.964971 0.638456 0.964063 0.638542 0.932757 0.638736 0.932752 0.637746 0.931579 0.636458 0.927899 0.629348 0.927344 0.628125 0.926529 0.626782 0.926619 0.622855 0.927344 0.621875 0.927344 0.620833 0.929688 0.616667 0.929688 0.615625 0.931250 0.614583 0.932031 0.613542 0.941406 0.613565 0.941382 0.612229 0.945309 0.612402 0.945253 0.611410 0.946875 0.611458
0 0.155586 0.506666 0.155394 0.511132 0.154581 0.514066 0.154007 0.527336 0.152523 0.533396 0.152428 0.537224 0.151736 0.537685 0.150042 0.537531 0.142189 0.530972 0.129653 0.513939 0.129749 0.508963 0.131381 0.505632 0.132757 0.504886 0.132771 0.503300 0.133669 0.502233 0.134438 0.499394 0.137466 0.496646 0.141471 0.496587 0.143672 0.498501 0.154461 0.499007 0.156038 0.499909 0.156351 0.500542 0.156351 0.505390
0 0.187103 0.440932 0.187103 0.439721 0.186887 0.438497 0.186368 0.437171 0.185961 0.436685 0.182684 0.435200 0.181073 0.434032 0.177647 0.432130 0.176955 0.432130 0.176296 0.432360 0.175629 0.433480 0.175111 0.437357 0.175154 0.442316 0.175501 0.444894 0.175500 0.446641 0.175802 0.447981 0.176139 0.448779 0.177143 0.453459 0.178070 0.454810 0.179074 0.455328 0.179853 0.455328 0.180727 0.455040 0.181333 0.454637 0.182605 0.452883 0.183989 0.450518 0.185027 0.448154 0.185822 0.445133 0.187017 0.441349
0 0.198641 0.443583 0.198500 0.442906 0.198129 0.442410 0.198070 0.442128 0.197502 0.441556 0.197008 0.440134 0.196275 0.436248 0.196276 0.434405 0.196106 0.432746 0.195937 0.431994 0.195534 0.431456 0.194857 0.431193 0.191973 0.431231 0.191011 0.431386 0.189529 0.432119 0.188537 0.432999 0.187984 0.433178 0.187609 0.433678 0.187468 0.434356 0.187516 0.436871 0.187210 0.438453 0.187210 0.439548 0.187609 0.441632 0.188195 0.442508 0.189008 0.442789 0.189868 0.442414 0.190511 0.441584 0.191330 0.441726 0.192317 0.441474 0.193313 0.443062 0.194327 0.443874 0.195119 0.444115 0.196542 0.444222 0.196969 0.444729 0.197524 0.444947 0.198125 0.444760 0.198500 0.444260
0 0.306199 0.511936 0.306145 0.511470 0.305751 0.510843 0.305452 0.509519 0.305039 0.509208 0.303943 0.509259 0.295312 0.495833 0.291406 0.495833 0.282031 0.507292 0.282031 0.508333 0.279687 0.513542 0.279687 0.516601 0.279199 0.516674 0.278866 0.517375 0.278811 0.518354 0.278904 0.518717 0.279045 0.518904 0.279480 0.519018 0.279559 0.519436 0.279776 0.519726 0.280203 0.519901 0.280783 0.519828 0.281306 0.518772 0.282568 0.518772 0.283399 0.518977 0.286210 0.518926 0.286713 0.518596 0.287046 0.518152 0.287182 0.517591 0.290176 0.517899 0.293218 0.517796 0.293990 0.517364 0.294332 0.516828 0.297261 0.516718 0.297712 0.516407 0.297747 0.515693 0.297965 0.515556 0.300110 0.515537 0.300446 0.515277 0.300496 0.514994 0.302344 0.514583 0.302767 0.514019 0.303452 0.513698 0.304541 0.513565 0.304731 0.513141 0.305889 0.512538 0.306145 0.512197
0 0.368709 0.494732 0.368709 0.494005 0.368553 0.493312 0.368554 0.491406 0.368078 0.488911 0.367727 0.487871 0.367030 0.486804 0.365817 0.484129 0.364297 0.481323 0.362660 0.479192 0.361919 0.477840 0.361439 0.477377 0.361334 0.476957 0.360827 0.476125 0.359774 0.476010 0.359462 0.476125 0.359227 0.476437 0.359141 0.476854 0.359221 0.477242 0.358760 0.477580 0.357941 0.478567 0.357151 0.479918 0.356772 0.480023 0.356421 0.480491 0.356218 0.481168 0.356219 0.482021 0.355700 0.482712 0.355388 0.483700 0.355029 0.485481 0.355067 0.486625 0.355622 0.489289 0.356284 0.490952 0.356713 0.491732 0.358438 0.493980 0.360314 0.495299 0.361333 0.496605 0.362283 0.497300 0.363086 0.499515 0.363944 0.500711 0.364802 0.501085 0.365582 0.501085 0.366206 0.500815 0.366947 0.500087 0.367649 0.498995 0.367855 0.496381 0.368273 0.495877 0.368624 0.495149
0 0.403618 0.498966 0.403392 0.497824 0.402790 0.497022 0.401791 0.496682 0.398881 0.496606 0.398053 0.496908 0.397618 0.497488 0.397054 0.497707 0.395941 0.498506 0.394712 0.500221 0.394457 0.501553 0.394457 0.502695 0.395054 0.505168 0.395656 0.505970 0.396655 0.506311 0.399423 0.506469 0.399936 0.507074 0.400764 0.507376 0.401534 0.507452 0.402362 0.507150 0.402964 0.506348 0.403504 0.502695 0.403533 0.499384
0 0.520668 0.538684 0.520466 0.536997 0.520174 0.536607 0.519336 0.535760 0.518144 0.535018 0.517603 0.534258 0.515991 0.533181 0.514749 0.533296 0.513366 0.533952 0.511756 0.533836 0.510157 0.533412 0.509207 0.533875 0.508285 0.534104 0.507678 0.534566 0.507097 0.535379 0.506982 0.535950 0.507040 0.537567 0.507906 0.540064 0.508227 0.540453 0.509063 0.540605 0.509548 0.540867 0.510288 0.541623 0.512508 0.544675 0.513016 0.544863 0.513283 0.544764 0.514206 0.545613 0.514634 0.545805 0.515587 0.545767 0.516073 0.545536 0.518271 0.542567 0.518860 0.541243 0.519777 0.539827 0.520290 0.539490 0.520582 0.539101
0 0.537722 0.429212 0.522748 0.429108 0.522717 0.429035 0.522806 0.428992 0.521951 0.416733 0.521901 0.416706 0.521924 0.407694 0.522604 0.406149 0.522656 0.403125 0.525747 0.403143 0.528125 0.404167 0.531171 0.406409 0.532813 0.409375 0.534324 0.414524 0.537500 0.423958 0.538246 0.426907
0 0.862114 0.023589 0.861974 0.022912 0.861520 0.022307 0.861172 0.022105 0.861211 0.021094 0.861761 0.018360 0.861644 0.011719 0.861346 0.009734 0.860971 0.009234 0.860463 0.009047 0.860030 0.009207 0.857812 0.006250 0.850781 0.006250 0.849739 0.007176 0.849013 0.007561 0.847697 0.009473 0.847478 0.010621 0.847566 0.012088 0.846094 0.016742 0.845680 0.016974 0.845305 0.017474 0.845164 0.018151 0.845305 0.019037 0.846466 0.020638 0.846952 0.023691 0.847327 0.024191 0.847835 0.024378 0.849407 0.024430 0.849680 0.024766 0.850423 0.025111 0.856279 0.025423 0.856823 0.025528 0.857289 0.025917 0.858071 0.026209 0.859287 0.026156 0.859912 0.025917 0.860486 0.025414 0.861403 0.025028 0.861974 0.024266
0 0.851209 0.000000 0.863278 0.000172 0.861730 0.002131 0.858712 0.004143 0.857918 0.005360 0.854821 0.005360 0.851209 0.000914
0 0.963350 0.024220 0.962779 0.026105 0.964059 0.036476 0.963999 0.039576 0.963828 0.040781 0.963436 0.040607 0.963068 0.040738 0.962547 0.040623 0.962154 0.040037 0.960433 0.039432 0.959661 0.038998 0.952872 0.038475 0.952353 0.037245 0.952411 0.032247 0.953045 0.032094 0.953161 0.027173 0.953910 0.027173 0.953795 0.024559 0.960657 0.019639 0.964693 0.019869 0.964808 0.024021
0 0.711719 0.603125 0.714054 0.603125 0.714047 0.602100 0.714938 0.602066 0.715617 0.602100 0.715625 0.603125 0.716406 0.604167 0.730251 0.631116 0.729945 0.633608 0.719402 0.640627 0.717969 0.640625 0.717194 0.641438 0.715165 0.641882 0.712962 0.644621 0.711292 0.644734 0.708594 0.643750 0.706258 0.643714 0.706216 0.642736 0.703949 0.642720 0.703932 0.643780 0.701529 0.643772 0.701562 0.642708 0.698438 0.634375 0.697656 0.633333 0.697656 0.630208 0.696875 0.629167 0.696899 0.616721 0.697656 0.615625 0.701562 0.610417 0.702344 0.609375 0.705653 0.607169 0.708623 0.607218 0.708578 0.605219 0.711719 0.603125
0 0.099193 0.688552 0.099992 0.689689 0.100233 0.691667 0.103125 0.709375 0.103825 0.711816 0.096875 0.721875 0.096094 0.722917 0.092188 0.722917 0.091406 0.722917 0.089086 0.722874 0.088311 0.721863 0.087525 0.721864 0.087500 0.718750 0.086719 0.717708 0.086719 0.697917 0.086719 0.696875 0.090625 0.690625 0.091406 0.689583 0.096024 0.688552
0 0.209392 0.749969 0.209407 0.751019 0.215622 0.751057 0.215625 0.752083 0.217166 0.752112 0.217202 0.755191 0.216653 0.755244 0.211719 0.764583 0.211738 0.766642 0.209412 0.766705 0.204687 0.769792 0.204717 0.772918 0.202397 0.772912 0.200025 0.771736 0.200000 0.770833 0.199103 0.771091 0.193343 0.767175 0.192969 0.765625 0.192969 0.756250 0.192969 0.755208 0.194531 0.752083 0.195312 0.751042 0.197666 0.749951
0 0.153845 0.701057 0.159423 0.701042 0.159671 0.701868 0.164844 0.713542 0.165625 0.714583 0.167218 0.718776 0.167209 0.719758 0.166444 0.719787 0.166420 0.720852 0.165625 0.720833 0.164798 0.721860 0.161719 0.721858 0.161719 0.720833 0.160938 0.720833 0.154005 0.716465 0.153856 0.715643 0.152322 0.715588 0.152344 0.714583 0.151562 0.713542 0.151562 0.706250 0.151562 0.705208 0.152322 0.704141 0.152295 0.701022
0 0.725000 0.798958 0.727344 0.798958 0.728125 0.798958 0.730469 0.801042 0.731250 0.801042 0.737500 0.808333 0.738281 0.809375 0.749145 0.816810 0.749219 0.818750 0.749088 0.841667 0.747656 0.842708 0.747718 0.850865 0.746957 0.851119 0.746094 0.852083 0.746094 0.853125 0.743750 0.857292 0.742969 0.858333 0.740008 0.858389 0.737542 0.858444 0.733594 0.854167 0.732812 0.854167 0.716406 0.834375 0.715625 0.833333 0.717187 0.820833 0.717187 0.819792 0.725000 0.798958
0 0.556189 0.759267 0.558594 0.759375 0.560075 0.759416 0.560900 0.760453 0.560917 0.763601 0.560300 0.764711 0.552344 0.789583 0.552344 0.790625 0.552332 0.792687 0.550365 0.793949 0.548456 0.792777 0.548108 0.791944 0.544531 0.785417 0.543750 0.784375 0.540625 0.782292 0.539844 0.781250 0.539037 0.781205 0.539062 0.778125 0.539062 0.777083 0.543750 0.771875 0.544531 0.770833 0.549983 0.763633 0.549940 0.761423 0.552291 0.761352 0.552333 0.760444 0.554644 0.760423 0.554664 0.759348
0 0.696094 0.296875 0.699219 0.296875 0.700000 0.296875 0.702344 0.303125 0.703453 0.304167 0.705469 0.333333 0.705509 0.338943 0.703125 0.348958 0.703125 0.350000 0.703148 0.350943 0.699317 0.356554 0.699098 0.357306 0.697656 0.357292 0.694439 0.357380 0.693750 0.356250 0.686719 0.345833 0.685937 0.344792 0.685937 0.340625 0.685937 0.339583 0.687500 0.337500 0.688281 0.336458 0.690011 0.329524 0.690625 0.328125 0.692969 0.311458 0.693750 0.310417 0.693750 0.304167 0.693750 0.303125 0.696094 0.296875
0 0.592192 0.710467 0.594566 0.718757 0.595313 0.720833 0.596071 0.720875 0.596094 0.729167 0.596094 0.730208 0.594892 0.735417 0.594531 0.736458 0.592548 0.738902 0.591376 0.740625 0.589032 0.740585 0.588281 0.739583 0.584765 0.734636 0.584375 0.733333 0.583594 0.725000 0.583741 0.723975 0.584365 0.717701 0.585156 0.717708 0.588281 0.712500 0.588281 0.711458 0.589821 0.711386 0.589859 0.710417
0 0.407813 0.623958 0.407783 0.622936 0.410138 0.622883 0.410156 0.623958 0.410938 0.623958 0.421218 0.634154 0.421875 0.634375 0.431250 0.646875 0.432031 0.647917 0.434374 0.650071 0.434320 0.652319 0.430469 0.654167 0.429688 0.655208 0.418272 0.663234 0.417323 0.663731 0.408692 0.672242 0.407871 0.672995 0.402351 0.677131 0.397980 0.681171 0.396210 0.681096 0.394948 0.679653 0.393869 0.678832 0.393750 0.678125 0.393750 0.675000 0.393750 0.673958 0.396094 0.667708 0.396875 0.666667 0.396944 0.663663 0.400781 0.648958 0.400781 0.647917 0.407813 0.623958
0 0.521205 0.019668 0.524219 0.019792 0.525000 0.019792 0.533594 0.029167 0.534375 0.030208 0.546094 0.035417 0.546875 0.036458 0.546895 0.037501 0.547644 0.037504 0.547660 0.041694 0.546875 0.041667 0.546869 0.042680 0.545312 0.044792 0.545312 0.045833 0.536415 0.062659 0.535156 0.063542 0.535105 0.064552 0.534400 0.065619 0.532066 0.065619 0.530917 0.062903 0.530469 0.061458 0.521875 0.037500 0.521875 0.036458 0.516406 0.029167 0.515625 0.028125 0.514062 0.023958 0.513281 0.022917 0.513312 0.020790 0.514393 0.018860 0.514888 0.017818 0.517747 0.017638 0.517288 0.019536
0 0.485938 0.041667 0.491198 0.041717 0.500000 0.043750 0.500743 0.043954 0.502628 0.048172 0.503906 0.049927 0.503906 0.055208 0.503906 0.056250 0.502344 0.057292 0.501626 0.057360 0.497716 0.057269 0.496863 0.057331 0.494194 0.055911 0.493000 0.055319 0.485938 0.045833 0.485812 0.044901 0.485938 0.041667
0 0.658663 0.120760 0.665625 0.120833 0.665749 0.120926 0.669586 0.123958 0.669548 0.124990 0.671041 0.125007 0.671875 0.128125 0.671875 0.129167 0.670312 0.132292 0.670312 0.133333 0.659983 0.144619 0.659375 0.145833 0.657031 0.152083 0.656250 0.153125 0.653125 0.153125 0.652164 0.153193 0.646094 0.139583 0.645312 0.138542 0.644159 0.131177 0.644268 0.129228 0.647656 0.126042 0.651527 0.123611 0.657591 0.120760
0 0.764844 0.152083 0.782813 0.154167 0.783594 0.155208 0.785161 0.155206 0.785195 0.160393 0.783594 0.160417 0.783685 0.161483 0.780938 0.172904 0.779687 0.172917 0.779687 0.176042 0.779687 0.177083 0.779767 0.179166 0.781260 0.179169 0.781259 0.181238 0.778956 0.181236 0.776564 0.196797 0.776552 0.196804 0.775000 0.196875 0.774973 0.198960 0.771875 0.198958 0.771094 0.200000 0.769503 0.200049 0.769463 0.201070 0.762462 0.201021 0.762500 0.200000 0.761719 0.198958 0.760938 0.197917 0.760938 0.194792 0.760930 0.193481 0.760938 0.157292 0.760938 0.156250 0.764844 0.152083
0 0.528021 0.201042 0.528144 0.201939 0.536719 0.202083 0.537500 0.202083 0.546065 0.207300 0.546875 0.208333 0.548438 0.211458 0.549219 0.212500 0.553576 0.218363 0.555350 0.219402 0.557004 0.221978 0.557813 0.226042 0.558594 0.227083 0.558594 0.238542 0.558594 0.239583 0.557728 0.247917 0.557403 0.248989 0.554687 0.259375 0.552401 0.259400 0.552095 0.258576 0.549341 0.258222 0.546875 0.257292 0.546094 0.257292 0.545345 0.257293 0.545236 0.256306 0.540650 0.256229 0.540625 0.254167 0.539844 0.253125 0.539062 0.248958 0.538716 0.248206 0.528906 0.220833 0.528004 0.219792 0.525781 0.208333 0.525000 0.207292 0.524236 0.201070
0 0.789868 0.248896 0.796875 0.248958 0.796851 0.249929 0.799195 0.249946 0.803125 0.255208 0.803906 0.256250 0.806244 0.258534 0.806286 0.261426 0.804031 0.261629 0.803125 0.266667 0.803125 0.267708 0.800781 0.270833 0.800000 0.271875 0.790625 0.279167 0.789844 0.280208 0.788243 0.281231 0.784410 0.281380 0.784392 0.282262 0.782803 0.282285 0.782824 0.283320 0.779648 0.283338 0.779506 0.282292 0.776345 0.276090 0.775781 0.275000 0.775000 0.264583 0.774219 0.263542 0.778906 0.255208 0.779687 0.254167 0.785972 0.249995 0.789838 0.249952
0 0.762500 0.220833 0.768021 0.220837 0.767969 0.221875 0.768750 0.222917 0.769531 0.238542 0.770312 0.239583 0.770320 0.258333 0.769531 0.259375 0.769515 0.262487 0.768811 0.262525 0.768754 0.269792 0.766492 0.269836 0.766406 0.270833 0.764031 0.276035 0.762500 0.276042 0.761719 0.276042 0.760148 0.276029 0.760156 0.275000 0.754687 0.257292 0.754687 0.256250 0.755469 0.253125 0.756250 0.252083 0.756203 0.236487 0.755465 0.236526 0.755469 0.232292 0.755469 0.231250 0.757031 0.227083 0.757031 0.226042 0.758653 0.224998 0.759441 0.221858 0.762527 0.221846 0.762500 0.220833
0 0.322656 0.298958 0.326562 0.298958 0.327344 0.300000 0.329538 0.305296 0.329688 0.307292 0.329688 0.308333 0.333906 0.314216 0.334375 0.315625 0.334390 0.322890 0.332813 0.322917 0.332809 0.323924 0.325781 0.323958 0.325000 0.323958 0.324232 0.323912 0.319531 0.320833 0.318750 0.320833 0.318750 0.306250 0.319843 0.305244 0.320312 0.302083 0.320312 0.301042 0.322656 0.298958
0 0.966406 0.550000 0.969531 0.550000 0.970313 0.550000 0.972656 0.554167 0.973437 0.555208 0.973437 0.562500 0.973437 0.563542 0.976562 0.575000 0.976562 0.576042 0.975823 0.580104 0.974219 0.583333 0.974219 0.584375 0.967187 0.590625 0.966406 0.590625 0.961719 0.598958 0.961719 0.600000 0.959388 0.604167 0.959411 0.605155 0.956977 0.605262 0.956637 0.604167 0.954688 0.602083 0.953906 0.601042 0.953125 0.584375 0.953125 0.583333 0.960655 0.568548 0.966406 0.550000
0 0.015234 0.503659 0.015625 0.501042 0.016406 0.501042 0.021971 0.503084 0.022632 0.503182 0.022656 0.504167 0.034957 0.532902 0.035156 0.534375 0.035977 0.534385 0.035991 0.535976 0.035963 0.538539 0.033594 0.539583 0.032813 0.540625 0.016549 0.552904 0.015357 0.553809 0.014452 0.555104 0.011738 0.555220 0.011719 0.552083 0.010937 0.551042 0.009918 0.533382 0.009970 0.532195 0.010627 0.530274 0.011258 0.523343 0.011338 0.517774 0.012249 0.512900 0.013341 0.508052
0 0.692952 0.205289 0.692969 0.206250 0.693750 0.207292 0.694515 0.208448 0.695292 0.218871 0.695312 0.226042 0.695312 0.227083 0.695264 0.229159 0.693750 0.229167 0.691406 0.229167 0.690625 0.230208 0.682813 0.230208 0.682031 0.230208 0.681250 0.228125 0.680469 0.227083 0.680469 0.221860 0.681277 0.221869 0.681207 0.218729 0.680290 0.218784 0.678125 0.208219 0.678125 0.206250 0.684336 0.206154 0.684381 0.205206
0 0.726562 0.163542 0.728906 0.163542 0.729688 0.163542 0.731250 0.165625 0.732837 0.166796 0.732830 0.172945 0.733608 0.172934 0.733594 0.181250 0.733594 0.182292 0.731979 0.188542 0.731250 0.189583 0.730509 0.192679 0.729014 0.192772 0.728125 0.193750 0.728168 0.195802 0.725775 0.195816 0.725718 0.194772 0.724234 0.194761 0.724219 0.193750 0.723437 0.193750 0.722752 0.192656 0.721933 0.190604 0.718631 0.183695 0.717187 0.179167 0.717187 0.178125 0.718584 0.175091 0.719524 0.173921 0.720272 0.173913 0.720313 0.169792 0.720313 0.168750 0.721143 0.166710 0.724188 0.166656 0.724232 0.165654 0.726529 0.165595 0.726562 0.163542
0 0.450781 0.192708 0.452897 0.192674 0.457031 0.201042 0.457813 0.202083 0.462800 0.206231 0.468750 0.212500 0.469531 0.212500 0.472578 0.216959 0.475781 0.222917 0.476562 0.223958 0.480428 0.226019 0.482812 0.228125 0.483594 0.228125 0.486742 0.231174 0.488686 0.233771 0.489128 0.234538 0.489831 0.235424 0.489863 0.236437 0.485148 0.236458 0.485069 0.235428 0.483576 0.235432 0.483594 0.234375 0.482812 0.234375 0.468750 0.223958 0.467969 0.223958 0.464844 0.219792 0.464062 0.219792 0.454688 0.206250 0.453906 0.205208 0.450781 0.195833 0.450000 0.194792 0.450781 0.192708
0 0.886719 0.720833 0.889062 0.720833 0.889844 0.720833 0.891382 0.721955 0.891867 0.722918 0.892823 0.725523 0.896094 0.731250 0.896875 0.732292 0.901563 0.744792 0.902344 0.745833 0.902344 0.748958 0.902344 0.750000 0.900781 0.753125 0.900000 0.754167 0.897640 0.754158 0.897192 0.752922 0.896877 0.752084 0.894662 0.747884 0.892188 0.741667 0.892188 0.740625 0.886719 0.728125 0.885938 0.727083 0.885977 0.724017 0.886719 0.720833
0 0.721094 0.776042 0.722656 0.776042 0.723437 0.776042 0.726562 0.782292 0.727344 0.783333 0.728892 0.784417 0.728953 0.787545 0.728016 0.788315 0.722656 0.793750 0.721875 0.794792 0.719531 0.795833 0.719031 0.796769 0.710917 0.805079 0.709375 0.805208 0.708594 0.806250 0.708546 0.807330 0.706340 0.807384 0.706278 0.808328 0.703906 0.808333 0.702344 0.807292 0.701562 0.807292 0.700000 0.796875 0.699219 0.795833 0.700000 0.792708 0.700000 0.791667 0.704688 0.786458 0.705469 0.785417 0.721094 0.776042
0 0.693750 0.584375 0.700767 0.584290 0.700807 0.583301 0.703917 0.583336 0.703915 0.584328 0.704718 0.584357 0.704688 0.585417 0.712500 0.593750 0.713281 0.593750 0.714844 0.595833 0.716422 0.596898 0.716420 0.598932 0.715083 0.600382 0.713397 0.601909 0.709375 0.603125 0.708594 0.604167 0.704688 0.604167 0.703906 0.604167 0.699901 0.606759 0.699194 0.608329 0.696597 0.608380 0.695312 0.608333 0.692969 0.608333 0.692187 0.608333 0.687500 0.605208 0.686719 0.605208 0.685156 0.603125 0.684375 0.602083 0.684375 0.600000 0.683594 0.598958 0.683594 0.589583 0.683594 0.588542 0.684375 0.587500 0.685156 0.586458 0.690507 0.585629 0.693750 0.584375
0 0.524253 0.582214 0.528906 0.582292 0.529687 0.582292 0.531236 0.583419 0.531250 0.584375 0.532832 0.584427 0.532835 0.592706 0.532031 0.594792 0.532031 0.595833 0.529687 0.600000 0.528906 0.601042 0.528163 0.602136 0.528140 0.603105 0.525781 0.603125 0.521109 0.603193 0.521094 0.602083 0.520312 0.602083 0.518728 0.602081 0.518750 0.601042 0.517936 0.600957 0.517969 0.600000 0.517969 0.597917 0.517957 0.591637 0.518730 0.591674 0.518750 0.588542 0.520215 0.587194 0.521119 0.585103 0.521875 0.582292 0.523668 0.582214
0 0.312510 0.138604 0.320312 0.138542 0.321094 0.138542 0.328906 0.142708 0.329688 0.142708 0.332031 0.146875 0.332813 0.147917 0.327344 0.158333 0.327344 0.159375 0.316406 0.169792 0.315625 0.170833 0.315602 0.171864 0.310238 0.171936 0.309375 0.170833 0.308594 0.170833 0.304688 0.168750 0.303906 0.168750 0.300781 0.165625 0.300000 0.164583 0.299219 0.160417 0.298438 0.159375 0.298438 0.154167 0.298438 0.153125 0.300000 0.150000 0.300000 0.148958 0.309020 0.141271
0 0.663896 0.459375 0.667969 0.463542 0.668750 0.463542 0.677344 0.475000 0.678125 0.476042 0.679630 0.482425 0.679688 0.484375 0.679688 0.490625 0.679688 0.491667 0.678125 0.494792 0.678125 0.495833 0.678187 0.497921 0.674961 0.497947 0.675003 0.496922 0.674123 0.495838 0.674219 0.494792 0.673438 0.494792 0.661245 0.483621 0.660937 0.482292 0.660156 0.473958 0.660707 0.472757 0.660925 0.464688 0.661766 0.459407
0 0.498437 0.413542 0.499154 0.412510 0.501968 0.412504 0.502327 0.412899 0.502246 0.415529 0.502259 0.436185 0.500890 0.438239 0.496845 0.443486 0.494531 0.446875 0.493750 0.447917 0.487500 0.451042 0.486719 0.452083 0.480520 0.452079 0.479705 0.452060 0.479650 0.451047 0.479661 0.448954 0.479615 0.447940 0.480469 0.447917 0.490311 0.429398 0.491989 0.424969 0.498437 0.413542
0 0.611131 0.634392 0.614461 0.634274 0.617184 0.634431 0.617969 0.635445 0.620325 0.636581 0.620325 0.638642 0.620338 0.640625 0.618380 0.640726 0.610938 0.640625 0.610156 0.640625 0.610152 0.638620 0.610110 0.636514 0.610143 0.634314
0 0.572630 0.813523 0.574932 0.813511 0.575781 0.814583 0.576324 0.815396 0.583081 0.823599 0.584402 0.824996 0.584375 0.827083 0.584455 0.829127 0.582031 0.829167 0.577440 0.829204 0.577344 0.830208 0.576562 0.831250 0.573391 0.831265 0.573438 0.830208 0.572656 0.830208 0.572656 0.814583
0 0.484400 0.714634 0.482044 0.714436 0.474107 0.710333 0.468674 0.710333 0.452311 0.705154 0.448448 0.705211 0.448476 0.702421 0.446679 0.700966 0.436032 0.700965 0.429687 0.705098 0.419776 0.698024 0.418705 0.697845 0.415739 0.697900 0.414102 0.696809 0.411729 0.696781 0.410890 0.697818 0.408681 0.697872 0.407024 0.696781 0.397920 0.696918 0.396099 0.695799 0.394544 0.695745 0.394544 0.694817 0.388264 0.694654 0.386750 0.692690 0.384356 0.692608 0.384397 0.693726 0.383620 0.693699 0.383620 0.694790 0.382822 0.694763 0.382842 0.695745 0.382024 0.695745 0.382024 0.699782 0.379692 0.721005 0.378868 0.722952 0.376584 0.730191 0.376603 0.732338 0.377408 0.734385 0.377370 0.740550 0.380478 0.740675 0.380553 0.741624 0.382051 0.741699 0.382182 0.739627 0.385121 0.739577 0.389053 0.738528 0.398461 0.736387 0.422695 0.731209 0.422824 0.730311 0.425750 0.730242 0.425362 0.732141 0.429012 0.735386 0.432870 0.735524 0.433000 0.736525 0.447654 0.736456 0.447628 0.740461 0.449984 0.744327 0.459538 0.749920 0.461610 0.750023 0.462568 0.753027 0.464260 0.752836 0.466446 0.750940 0.466467 0.742592 0.464217 0.740498 0.464132 0.737555 0.468059 0.737470 0.475805 0.727028 0.484379 0.716700
0 0.275238 0.584616 0.274005 0.586218 0.273344 0.586528 0.272806 0.586341 0.272040 0.585781 0.270736 0.585381 0.270316 0.584821 0.266543 0.582113 0.265184 0.581365 0.261102 0.578560 0.260223 0.578176 0.258994 0.577128 0.256679 0.576089 0.254553 0.574829 0.252427 0.573097 0.250766 0.571985 0.248263 0.571128 0.247714 0.570434 0.247082 0.570144 0.245724 0.569120 0.245272 0.568456 0.240625 0.564583 0.239844 0.563542 0.235837 0.563542 0.235136 0.563846 0.234144 0.563433 0.233189 0.562723 0.232562 0.562449 0.231904 0.561458 0.231250 0.561458 0.227344 0.557292 0.226562 0.557292 0.225387 0.555463 0.224683 0.553538 0.221587 0.546848 0.220332 0.543388 0.219549 0.538496 0.219570 0.536406 0.221141 0.534311 0.222813 0.533613 0.223359 0.532828 0.223489 0.532334 0.223881 0.532047 0.224470 0.531262 0.224785 0.529817 0.225409 0.528500 0.225634 0.526433 0.228125 0.519792 0.228125 0.518750 0.229687 0.516667 0.240625 0.517708 0.244531 0.515625 0.250781 0.518750 0.251563 0.518750 0.256250 0.525000 0.258594 0.534375 0.259375 0.535417 0.259375 0.540490 0.260513 0.542577 0.261571 0.548344 0.262349 0.550321 0.262490 0.550998 0.262404 0.553186 0.262500 0.555208 0.271094 0.571875 0.271875 0.572917 0.272600 0.575333 0.273400 0.576440 0.274104 0.577870 0.274434 0.578881 0.274870 0.579708 0.275348 0.582100 0.275378 0.583938
0 0.524966 0.464577 0.523400 0.470736 0.523247 0.471878 0.522723 0.472577 0.522170 0.472966 0.521970 0.473328 0.521794 0.474362 0.521345 0.474961 0.521000 0.475088 0.518750 0.479167 0.518060 0.480087 0.517920 0.481464 0.517545 0.481964 0.517037 0.482151 0.516269 0.481964 0.515817 0.481355 0.515114 0.481169 0.514665 0.480570 0.514573 0.480208 0.514062 0.480208 0.511719 0.478125 0.510938 0.478125 0.509136 0.475724 0.508757 0.474895 0.507467 0.473126 0.506596 0.470772 0.505961 0.469925 0.505276 0.469409 0.505012 0.469008 0.504687 0.467708 0.504763 0.462784 0.505276 0.462610 0.505491 0.462323 0.505545 0.461765 0.505164 0.460919 0.504762 0.460797 0.504735 0.456326 0.505814 0.454148 0.507077 0.452659 0.507001 0.451545 0.507170 0.450776 0.507387 0.450487 0.507811 0.450414 0.508830 0.451086 0.515994 0.452441 0.517160 0.453659 0.517819 0.456512 0.518341 0.456922 0.518714 0.456922 0.519049 0.456661 0.519451 0.453094 0.520126 0.453222 0.521056 0.453122 0.524221 0.457737 0.525039 0.459772
0 0.604711 0.482548 0.604688 0.480208 0.604297 0.476046 0.603928 0.475718 0.603816 0.475232 0.603816 0.474025 0.603958 0.473191 0.603906 0.471875 0.603125 0.470833 0.596936 0.464832 0.596823 0.463002 0.596422 0.462390 0.595415 0.462317 0.594531 0.462500 0.591406 0.465625 0.591115 0.469776 0.590803 0.469806 0.590634 0.470031 0.590551 0.470517 0.590551 0.471649 0.590605 0.471909 0.590892 0.472151 0.590833 0.472784 0.590636 0.473233 0.590690 0.475675 0.590892 0.475971 0.591407 0.476043 0.592187 0.478125 0.593209 0.478232 0.593654 0.478117 0.593745 0.477385 0.593886 0.477197 0.594703 0.477124 0.594899 0.477197 0.595152 0.477611 0.595303 0.479162 0.595419 0.479309 0.597192 0.479350 0.597466 0.479523 0.597565 0.479816 0.597509 0.481077 0.597650 0.481454 0.597622 0.481907 0.597866 0.482373 0.597678 0.483024 0.598437 0.484375 0.599206 0.484375 0.599206 0.484774 0.598649 0.485366 0.597987 0.485457 0.597705 0.485757 0.597650 0.486018 0.597846 0.486466 0.599088 0.486604 0.599176 0.487372 0.599316 0.487559 0.600640 0.487559 0.600836 0.487111 0.600910 0.485465 0.601465 0.485353 0.601909 0.484375 0.602344 0.484375 0.603186 0.483252 0.604235 0.483371 0.604571 0.483110 0.604656 0.482808
0 0.608607 0.456831 0.608381 0.457248 0.607889 0.457406 0.607055 0.458643 0.607000 0.459141 0.606664 0.459402 0.604040 0.459669 0.603097 0.459315 0.601642 0.459315 0.600968 0.459039 0.600724 0.458743 0.598432 0.458912 0.598250 0.459300 0.597989 0.459402 0.595336 0.459411 0.595216 0.460156 0.594858 0.460445 0.592120 0.460499 0.591431 0.460140 0.591161 0.459809 0.591106 0.459522 0.590696 0.459170 0.590619 0.458151 0.587417 0.453169 0.586942 0.453095 0.586737 0.452793 0.586682 0.452406 0.585954 0.452236 0.585460 0.451921 0.585157 0.451072 0.585169 0.450182 0.585526 0.449893 0.585838 0.449949 0.586126 0.449078 0.586700 0.448939 0.586899 0.448534 0.588561 0.447148 0.589155 0.446384 0.589056 0.445863 0.587817 0.445894 0.587460 0.446183 0.587451 0.446665 0.587116 0.446925 0.584666 0.447085 0.584396 0.446665 0.584342 0.446078 0.583611 0.445640 0.583581 0.445130 0.583424 0.444863 0.583121 0.444892 0.582785 0.444631 0.582812 0.440401 0.582687 0.439417 0.582806 0.438755 0.582947 0.438568 0.583482 0.438495 0.583536 0.437810 0.583806 0.437480 0.585987 0.437361 0.586321 0.437475 0.586657 0.437214 0.586750 0.436474 0.588900 0.436400 0.589041 0.436212 0.589096 0.435719 0.589566 0.435426 0.589890 0.434720 0.589821 0.433538 0.589304 0.433393 0.589056 0.433062 0.588980 0.432200 0.589121 0.431510 0.589369 0.431237 0.589886 0.431107 0.591604 0.431107 0.591929 0.431265 0.592842 0.432570 0.593112 0.434189 0.593637 0.434889 0.593680 0.435954 0.593168 0.436431 0.595788 0.439487 0.596606 0.439480 0.597411 0.440349 0.598453 0.441892 0.598508 0.442203 0.598400 0.442535 0.599388 0.443687 0.599789 0.443674 0.600079 0.444493 0.600344 0.444802 0.600672 0.444850 0.600848 0.445390 0.602163 0.446925 0.602954 0.447100 0.603114 0.447313 0.603188 0.447897 0.603817 0.447867 0.604012 0.448315 0.603993 0.448958 0.604688 0.448958 0.605771 0.451125 0.606976 0.452732 0.607434 0.452756 0.607938 0.453041 0.608359 0.453001 0.608500 0.453189 0.608662 0.454337 0.608662 0.456571
0 0.900000 0.091667 0.903125 0.092708 0.903906 0.092708 0.905469 0.094792 0.906250 0.095833 0.906250 0.101042 0.906250 0.102083 0.903125 0.110417 0.902344 0.111458 0.900781 0.119792 0.900781 0.120833 0.899219 0.121875 0.898438 0.121875 0.895312 0.119792 0.894531 0.119792 0.890625 0.114583 0.889844 0.113542 0.889844 0.108333 0.889062 0.107292 0.898438 0.098958 0.899219 0.097917 0.900000 0.091667
0 0.920978 0.115199 0.920197 0.116241 0.920978 0.117282 0.920978 0.120407 0.919416 0.122491 0.919416 0.124574 0.920197 0.124574 0.920978 0.125616 0.920978 0.129782 0.920197 0.130824 0.920978 0.131866 0.920978 0.136032 0.922541 0.138116 0.923322 0.138116 0.924103 0.139157 0.924885 0.139157 0.925666 0.140199 0.927228 0.140199 0.928010 0.141241 0.935041 0.141241 0.936603 0.139157 0.936603 0.137074 0.937385 0.136032 0.937385 0.123532 0.936603 0.122491 0.936603 0.121449 0.935041 0.119366 0.935041 0.117282 0.933478 0.117282 0.932697 0.116241 0.924103 0.116241 0.923322 0.115199
0 0.945420 0.337228 0.944531 0.338109 0.944531 0.343750 0.945312 0.344792 0.945312 0.345833 0.944536 0.346869 0.944504 0.347456 0.944222 0.348364 0.942981 0.349760 0.942095 0.350467 0.940974 0.351874 0.939366 0.351991 0.939096 0.352163 0.936913 0.352034 0.935956 0.352206 0.932492 0.352206 0.931794 0.351991 0.930064 0.352163 0.929567 0.351860 0.929526 0.351244 0.929277 0.351042 0.928906 0.351042 0.928121 0.350277 0.927926 0.349830 0.928125 0.349380 0.928125 0.348958 0.930469 0.345833 0.930469 0.344792 0.932031 0.342708 0.932031 0.341667 0.933524 0.339676 0.932103 0.339617 0.931875 0.339126 0.932059 0.338348 0.932556 0.337599 0.933594 0.337500 0.935156 0.335417 0.944167 0.335511 0.945182 0.336131 0.945475 0.336968
0 0.951039 0.379937 0.957634 0.380208 0.960614 0.383833 0.962820 0.386614 0.965360 0.389012 0.969698 0.393677 0.972438 0.396531 0.973198 0.399292 0.974197 0.402892 0.973975 0.405533 0.972555 0.408227 0.968463 0.408498 0.964844 0.410417 0.958006 0.406061 0.955465 0.402916 0.949314 0.393905 0.946414 0.390199 0.945992 0.384346 0.946072 0.382292 0.946094 0.380208 0.947235 0.379860 0.949480 0.380151
0 0.456415 0.416008 0.454094 0.419102 0.451199 0.423351 0.448868 0.425449 0.447655 0.427066 0.445950 0.430660 0.445362 0.431626 0.443984 0.432208 0.442413 0.433891 0.441324 0.436120 0.439722 0.437799 0.438863 0.438453 0.434952 0.438648 0.434379 0.438771 0.434029 0.439482 0.433716 0.439596 0.431346 0.439676 0.431136 0.440631 0.430658 0.441431 0.428872 0.441962 0.428212 0.442489 0.425641 0.443794 0.425143 0.443657 0.424391 0.442947 0.423734 0.442625 0.420232 0.442716 0.419136 0.442558 0.418470 0.442264 0.418067 0.441749 0.417981 0.441175 0.418151 0.440511 0.418487 0.440042 0.419979 0.439478 0.422729 0.439389 0.423920 0.439029 0.424219 0.438613 0.424423 0.437618 0.424423 0.436570 0.424150 0.435281 0.423178 0.433986 0.422144 0.433038 0.421819 0.432328 0.421819 0.429409 0.422643 0.429004 0.423245 0.428202 0.423890 0.426863 0.424117 0.425496 0.423872 0.424344 0.423217 0.423470 0.422858 0.423063 0.421795 0.422810 0.419678 0.419987 0.420072 0.419460 0.420640 0.416585 0.421769 0.414839 0.422873 0.413698 0.425941 0.411333 0.428937 0.409638 0.430503 0.408216 0.431377 0.406960 0.431604 0.405856 0.431604 0.405250 0.431377 0.404146 0.430696 0.402966 0.429010 0.400625 0.427557 0.398134 0.427622 0.396703 0.427300 0.395217 0.426792 0.394073 0.425428 0.391957 0.423616 0.390559 0.422372 0.390217 0.420817 0.389494 0.419260 0.389494 0.417671 0.389621 0.416118 0.390174 0.414207 0.390299 0.412491 0.390723 0.411122 0.391237 0.410521 0.392039 0.410448 0.392393 0.406830 0.392393 0.405960 0.392157 0.404791 0.392159 0.403787 0.391756 0.403440 0.388978 0.403439 0.388139 0.403873 0.386972 0.404144 0.385633 0.404142 0.384156 0.404315 0.383196 0.405675 0.380877 0.405868 0.380327 0.407214 0.378709 0.407565 0.377830 0.408470 0.376299 0.409192 0.375368 0.409584 0.374291 0.409997 0.374002 0.410876 0.372771 0.412757 0.371912 0.417969 0.375000 0.418750 0.375000 0.439063 0.392708 0.439844 0.392708 0.455469 0.408333 0.456250 0.409375 0.456250 0.412500 0.457031 0.413542
0 0.262537 0.639256 0.262451 0.637943 0.262146 0.637489 0.261833 0.637374 0.261267 0.637256 0.260859 0.637497 0.257981 0.637393 0.255730 0.637526 0.253064 0.633420 0.250023 0.633239 0.249111 0.632766 0.248855 0.632344 0.246907 0.631046 0.246536 0.630339 0.246117 0.630177 0.244277 0.630331 0.241613 0.630188 0.240615 0.631962 0.240644 0.643625 0.241125 0.644243 0.241369 0.645784 0.241914 0.646474 0.242535 0.647744 0.242916 0.647913 0.242977 0.648218 0.243794 0.649148 0.244031 0.649148 0.245435 0.650921 0.248247 0.652173 0.248662 0.652922 0.249803 0.653327 0.250357 0.654188 0.252189 0.654603 0.253235 0.655238 0.256684 0.655178 0.257489 0.654095 0.258168 0.653453 0.258783 0.652168 0.259265 0.651636 0.259457 0.650887 0.260892 0.647713 0.261683 0.643597 0.261687 0.642909 0.262221 0.642339 0.262324 0.641875 0.262518 0.639346
0 0.166424 0.666421 0.166362 0.655068 0.165634 0.653740 0.165618 0.651205 0.165469 0.650554 0.165058 0.650092 0.164141 0.649957 0.163698 0.649196 0.163401 0.649034 0.163298 0.648609 0.163251 0.645510 0.163117 0.644986 0.162354 0.643863 0.161466 0.643706 0.160514 0.643863 0.160247 0.644197 0.160190 0.644752 0.156419 0.644857 0.149435 0.644640 0.147783 0.644749 0.147661 0.644239 0.147372 0.643855 0.145845 0.643704 0.145533 0.643819 0.145298 0.644131 0.145159 0.644762 0.138989 0.644784 0.138677 0.644898 0.138317 0.645378 0.138232 0.646174 0.137943 0.646632 0.137138 0.646965 0.135909 0.646965 0.135541 0.646814 0.134039 0.644774 0.133547 0.644300 0.130799 0.642705 0.128136 0.641531 0.126901 0.640248 0.125150 0.639678 0.122768 0.639641 0.122031 0.640083 0.121919 0.641109 0.121602 0.641495 0.121126 0.641682 0.120125 0.641608 0.118750 0.642708 0.118750 0.643750 0.117969 0.645833 0.117969 0.653125 0.118750 0.654167 0.118732 0.656847 0.119636 0.659470 0.123735 0.660358 0.126299 0.662219 0.132812 0.668750 0.136114 0.671290 0.144268 0.681274 0.147261 0.682093 0.157900 0.686599 0.161574 0.688708 0.161652 0.689162 0.161887 0.689475 0.163509 0.689571 0.164080 0.689818 0.164062 0.676042 0.165564 0.670494
0 0.874935 0.842113 0.873493 0.840637 0.873425 0.840134 0.873191 0.839821 0.872584 0.839708 0.870613 0.837691 0.870515 0.836988 0.870202 0.836518 0.869304 0.836352 0.867272 0.834274 0.865720 0.834230 0.864148 0.835556 0.863757 0.835732 0.862736 0.837093 0.862461 0.837670 0.862383 0.838283 0.855414 0.838414 0.855540 0.841125 0.856277 0.841806 0.856596 0.842580 0.856253 0.843647 0.855775 0.843701 0.855540 0.844014 0.855495 0.845804 0.853802 0.845804 0.852924 0.845064 0.847698 0.843769 0.842935 0.843584 0.842750 0.841734 0.841893 0.841656 0.841363 0.841796 0.840998 0.843161 0.841084 0.844121 0.841493 0.844783 0.842213 0.844976 0.843028 0.844879 0.842981 0.847653 0.839143 0.847900 0.839097 0.849811 0.841363 0.849873 0.849455 0.866582 0.867860 0.866521 0.868394 0.861202 0.868864 0.860681 0.868989 0.860159 0.868831 0.857815 0.868891 0.856250 0.870322 0.856337 0.870753 0.856117 0.871277 0.855366 0.872656 0.855237 0.872623 0.853079 0.871699 0.853014 0.871577 0.852350 0.871395 0.852108 0.871401 0.849996
0 0.945343 0.831344 0.945343 0.826766 0.940317 0.820661 0.935092 0.820727 0.935241 0.827761 0.938874 0.831278 0.941091 0.831508 0.941412 0.832472 0.944547 0.832406 0.944947 0.832261 0.945182 0.831948 0.945254 0.831464
0 1.000000 0.819837 0.999992 0.807273 0.999234 0.807210 0.999234 0.804114 0.998452 0.804051 0.998311 0.801454 0.998053 0.801110 0.997792 0.801014 0.997295 0.800162 0.996215 0.799828 0.995731 0.799246 0.995277 0.799069 0.993629 0.799006 0.990253 0.797890 0.985064 0.797890 0.985064 0.799881 0.982813 0.799912 0.982813 0.804051 0.984120 0.804065 0.984409 0.804695 0.984409 0.806223 0.983164 0.806418 0.982882 0.806794 0.982765 0.807261 0.982524 0.807397 0.982101 0.808026 0.981857 0.810228 0.981857 0.810908 0.982045 0.811678 0.982187 0.812059 0.982709 0.812689 0.982861 0.813466 0.984074 0.813652 0.985870 0.813624 0.985965 0.817225 0.989584 0.822430 0.989772 0.823547 0.990007 0.823860 0.990547 0.824108 0.990667 0.824695 0.990936 0.825053 0.991320 0.825167 0.991493 0.825750 0.991796 0.826154 0.992238 0.826247 0.992832 0.827102 0.992986 0.827789 0.993002 0.829072 0.996911 0.829104 0.997670 0.828061 0.997670 0.826103 0.995348 0.826071 0.995269 0.822551 0.996165 0.821883 0.998404 0.821932 0.998433 0.821479 0.999120 0.821208 0.999485 0.820848 0.999968 0.820858 0.999994 0.819980
0 0.991509 0.827094 0.989376 0.827137 0.988579 0.826995 0.987888 0.827543 0.987615 0.828072 0.986959 0.828393 0.986559 0.829122 0.986103 0.829195 0.985962 0.829382 0.985906 0.829875 0.985910 0.830246 0.987082 0.830312 0.987418 0.830572 0.987509 0.831175 0.988374 0.833332 0.989707 0.833391 0.989948 0.832722 0.990454 0.832308 0.990844 0.831526 0.991484 0.831142
0 0.844544 0.730357 0.844492 0.730857 0.844317 0.731136 0.843916 0.731301 0.843154 0.731301 0.842848 0.735062 0.839246 0.739223 0.834984 0.743718 0.834658 0.744381 0.834017 0.745062 0.833592 0.745802 0.832711 0.746149 0.832490 0.746079 0.830854 0.747820 0.829114 0.747926 0.829074 0.748911 0.830787 0.748886 0.831119 0.749027 0.832062 0.750238 0.832959 0.751927 0.834459 0.751927 0.835081 0.752467 0.835204 0.752932 0.835149 0.754853 0.834819 0.755146 0.833714 0.757907 0.833189 0.758257 0.832732 0.758435 0.832264 0.758362 0.832001 0.757647 0.829675 0.755597 0.828451 0.756369 0.826420 0.756274 0.825965 0.755923 0.825810 0.755250 0.823563 0.755109 0.823309 0.754626 0.821226 0.754063 0.821036 0.753639 0.820106 0.752975 0.820237 0.749742 0.821099 0.748875 0.821154 0.748327 0.821328 0.748026 0.821884 0.747844 0.821955 0.747145 0.822130 0.746912 0.822394 0.746793 0.823100 0.746861 0.823711 0.746247 0.822881 0.745828 0.822672 0.745527 0.822689 0.744074 0.825153 0.740217 0.825873 0.729644 0.825153 0.725537 0.825021 0.722041 0.829740 0.717410 0.835704 0.717410 0.838260 0.718808 0.839010 0.719751 0.839794 0.719869 0.839935 0.720057 0.839954 0.720623 0.840514 0.720874 0.840973 0.721898 0.842021 0.722062 0.842230 0.722387 0.842346 0.723131 0.842672 0.723204 0.842882 0.723483 0.842902 0.724644 0.845142 0.727459 0.845273 0.729993
0 0.828355 0.712042 0.828216 0.711254 0.827560 0.710254 0.827257 0.708932 0.826937 0.708268 0.826275 0.707528 0.825712 0.706560 0.825760 0.703708 0.825491 0.703089 0.825062 0.702982 0.824934 0.701612 0.824646 0.701081 0.824378 0.700960 0.823205 0.701065 0.822527 0.699955 0.819532 0.697905 0.817434 0.699057 0.815866 0.699003 0.815350 0.699265 0.814961 0.699879 0.814871 0.700661 0.815102 0.701156 0.815327 0.701229 0.815471 0.701667 0.815703 0.703951 0.814995 0.704194 0.814764 0.704737 0.814891 0.706538 0.814866 0.708569 0.814618 0.709105 0.813966 0.709595 0.813911 0.712511 0.812880 0.712511 0.812684 0.712584 0.812489 0.713031 0.812544 0.713576 0.812916 0.714480 0.812951 0.715239 0.812382 0.716207 0.812311 0.719430 0.812507 0.719878 0.812738 0.719951 0.813008 0.719778 0.813307 0.720021 0.813361 0.720686 0.813502 0.720873 0.816364 0.720899 0.816328 0.721468 0.816523 0.721916 0.817856 0.722131 0.818407 0.722058 0.818773 0.721482 0.818773 0.719897 0.818225 0.719722 0.818048 0.719486 0.818050 0.718938 0.819324 0.718820 0.819508 0.718574 0.819556 0.718135 0.821040 0.716795 0.821422 0.716722 0.821894 0.715830 0.823236 0.714566 0.824025 0.713530 0.824580 0.712522 0.824983 0.712584 0.825124 0.712771 0.825179 0.713126 0.825001 0.713715 0.825107 0.714640 0.825304 0.714854 0.825712 0.714927 0.826405 0.714664 0.826636 0.714074 0.826533 0.713749 0.827187 0.713527 0.827529 0.712929 0.828111 0.712484 0.828293 0.712100
0 0.860986 0.694758 0.860869 0.692641 0.857074 0.692641 0.857074 0.690679 0.856416 0.685412 0.854751 0.685464 0.854596 0.686342 0.853124 0.686342 0.853124 0.687374 0.852420 0.687574 0.851672 0.687475 0.851476 0.687027 0.851516 0.686393 0.849174 0.686393 0.849186 0.687196 0.849891 0.687820 0.850005 0.688370 0.849832 0.689210 0.849318 0.689550 0.847645 0.689501 0.846896 0.688522 0.846396 0.688370 0.846177 0.687972 0.846103 0.687487 0.842986 0.687401 0.842889 0.689715 0.840640 0.690615 0.840304 0.691600 0.840332 0.692259 0.840403 0.692595 0.842150 0.692628 0.842279 0.693742 0.842246 0.699055 0.842953 0.699055 0.845460 0.701154 0.847109 0.701121 0.847363 0.701273 0.847999 0.700933 0.848239 0.700559 0.848374 0.699978 0.848394 0.699034 0.848714 0.698126 0.849139 0.697812 0.849274 0.696927 0.851227 0.696927 0.851533 0.697182 0.851788 0.697813 0.852484 0.697993 0.854286 0.697959 0.854639 0.698232 0.854889 0.698746 0.855444 0.698953 0.857771 0.698889 0.858004 0.695894 0.858585 0.695673 0.858691 0.695302 0.859081 0.694967 0.859663 0.694820 0.860646 0.694887
0 0.127772 0.352527 0.126739 0.348819 0.125309 0.348925 0.124752 0.346064 0.121574 0.344687 0.118793 0.344687 0.117021 0.345777 0.116220 0.346018 0.115801 0.346609 0.115693 0.347547 0.112166 0.348042 0.110286 0.347915 0.110091 0.348363 0.110036 0.350004 0.109475 0.350185 0.109158 0.350977 0.108907 0.351050 0.108266 0.352010 0.107951 0.352038 0.107810 0.352225 0.107720 0.353204 0.107095 0.354181 0.106933 0.355442 0.106988 0.357944 0.107756 0.358568 0.107774 0.361234 0.107987 0.361517 0.108257 0.361590 0.109892 0.366407 0.111109 0.367390 0.111867 0.368704 0.112669 0.368962 0.114219 0.370650 0.115491 0.371049 0.115840 0.371785 0.116829 0.372076 0.117421 0.372920 0.120090 0.373209 0.120484 0.372872 0.125785 0.373082 0.125944 0.368950 0.127534 0.368526 0.127295 0.361003 0.127083 0.360437 0.126768 0.360137 0.126592 0.359533 0.126179 0.359460 0.125876 0.359056 0.125763 0.357825 0.125287 0.357514 0.125065 0.357164 0.124889 0.356039 0.124944 0.355778 0.125327 0.355320 0.126367 0.355175 0.126562 0.354560 0.127454 0.354010
0 0.257053 0.417526 0.256717 0.417786 0.255939 0.417709 0.254648 0.416980 0.253879 0.416788 0.252831 0.416788 0.252351 0.416413 0.252225 0.415808 0.250937 0.415602 0.250754 0.415211 0.249250 0.414601 0.248467 0.414773 0.248574 0.418268 0.246925 0.425598 0.246863 0.428855 0.248635 0.429018 0.248513 0.431054 0.247169 0.431624 0.246863 0.433498 0.242872 0.433483 0.242274 0.433218 0.242075 0.432838 0.241758 0.431277 0.241442 0.430958 0.241330 0.430205 0.240806 0.430148 0.240636 0.429922 0.240553 0.429223 0.240230 0.429150 0.239854 0.428265 0.239255 0.427772 0.238178 0.425148 0.236693 0.423474 0.235559 0.421157 0.234995 0.420442 0.234034 0.418585 0.233466 0.418097 0.232663 0.416988 0.232600 0.416527 0.232147 0.415631 0.230288 0.412745 0.227845 0.407975 0.225794 0.404717 0.224643 0.402251 0.222042 0.398551 0.221125 0.396398 0.219620 0.393834 0.219803 0.391798 0.223163 0.391554 0.223835 0.392449 0.233792 0.392694 0.241549 0.397010 0.241549 0.400812 0.241893 0.400924 0.242180 0.401422 0.242293 0.404082 0.245195 0.404037 0.245997 0.404608 0.246129 0.405329 0.250964 0.405319 0.251625 0.405858 0.252762 0.407179 0.255326 0.407334 0.255496 0.407599 0.255667 0.408676 0.255612 0.409130 0.255413 0.409396 0.254868 0.409585 0.254136 0.409545 0.253860 0.409787 0.253636 0.410367 0.253324 0.410479 0.250707 0.410284 0.250746 0.411011 0.256336 0.414169 0.256851 0.415009 0.256979 0.416906 0.257107 0.417265
0 0.302490 0.307159 0.302532 0.316694 0.302405 0.323070 0.300924 0.324932 0.291487 0.324989 0.286409 0.324199 0.286748 0.328261 0.285139 0.329200 0.284383 0.329169 0.282879 0.329215 0.282008 0.330405 0.280527 0.330293 0.279046 0.328826 0.281266 0.325021 0.282093 0.324142 0.279681 0.323917 0.279046 0.323070 0.275068 0.323070 0.275110 0.326174 0.271175 0.325835 0.268678 0.324819 0.268720 0.322958 0.272487 0.318839 0.274137 0.318726 0.282855 0.308513 0.282812 0.306256 0.284378 0.306030 0.283659 0.302250 0.285140 0.299880 0.283574 0.296777 0.284420 0.294633 0.286748 0.294633 0.288991 0.295648 0.288991 0.290796 0.288314 0.291529 0.286621 0.291417 0.285073 0.288517 0.285116 0.287423 0.286628 0.287452 0.284425 0.284314 0.284404 0.277088 0.285160 0.275044 0.286736 0.275016 0.288312 0.280111 0.289780 0.280226 0.291334 0.282299 0.291399 0.286502 0.289089 0.286416 0.289067 0.287337 0.291313 0.287452 0.292220 0.290619 0.292932 0.291511 0.294530 0.291540 0.296063 0.290590 0.296840 0.290561 0.297682 0.289611 0.301547 0.289525 0.301569 0.290590 0.300014 0.292605 0.300014 0.294793 0.299215 0.294764 0.298481 0.295772 0.298503 0.296722 0.296970 0.296894 0.296905 0.297844 0.297639 0.297902 0.297769 0.304235 0.299129 0.305128 0.300813 0.307229
0 0.078214 0.000521 0.078052 0.000109 0.077823 0.000000 0.076978 0.000106 0.051582 0.000046 0.051453 0.000873 0.051505 0.001482 0.051736 0.002071 0.052239 0.002109 0.052387 0.003947 0.052723 0.004208 0.053187 0.004208 0.053278 0.008210 0.053984 0.011413 0.054500 0.012748 0.054461 0.013749 0.054659 0.015195 0.054920 0.015511 0.055320 0.015680 0.055315 0.016640 0.055720 0.016946 0.056498 0.016762 0.058363 0.016735 0.058632 0.016060 0.059495 0.015620 0.063969 0.011538 0.065523 0.011727 0.069103 0.014615 0.070197 0.015022 0.070398 0.015509 0.071976 0.015683 0.072306 0.012731 0.074190 0.012543 0.074378 0.008461 0.075925 0.006271 0.076400 0.006222 0.076558 0.006011 0.076654 0.005240 0.077227 0.005143 0.077367 0.004956 0.077609 0.001305 0.078159 0.000781
0 0.055480 0.057388 0.055381 0.058202 0.055227 0.058407 0.054871 0.058420 0.054730 0.058608 0.054697 0.059084 0.054346 0.059364 0.049307 0.059324 0.049171 0.059131 0.049117 0.058378 0.048574 0.057628 0.047825 0.057221 0.047004 0.055202 0.045489 0.053260 0.044657 0.052929 0.044363 0.052537 0.044227 0.052080 0.042871 0.052047 0.042083 0.049943 0.042177 0.047840 0.042966 0.046915 0.045490 0.046747 0.046895 0.044467 0.047065 0.043125 0.047263 0.042886 0.047681 0.042853 0.047736 0.042077 0.048291 0.041719 0.048464 0.041081 0.048662 0.040816 0.049206 0.040718 0.050096 0.039722 0.051610 0.039553 0.054765 0.043886 0.056974 0.050028 0.057068 0.051121 0.057080 0.051722 0.056885 0.052170 0.056311 0.052011 0.055714 0.052109 0.055529 0.052222 0.055535 0.052843 0.055871 0.053104 0.056247 0.053104 0.056340 0.053942 0.056480 0.054129 0.057919 0.054126 0.058646 0.055244 0.058677 0.057305
0 0.013434 0.028995 0.013309 0.025130 0.012486 0.020809 0.009590 0.020875 0.008792 0.023870 0.008592 0.028928 0.004799 0.031191 0.004848 0.033987 0.005947 0.035850 0.017078 0.045700 0.020123 0.042306 0.017228 0.037514 0.016380 0.037489 0.016393 0.038513 0.014854 0.038549 0.014842 0.037556 0.013939 0.036460 0.012635 0.036249 0.012584 0.034416 0.013273 0.034413 0.014108 0.033431 0.015630 0.033388 0.016030 0.033521 0.016878 0.033388 0.017627 0.030792 0.017278 0.030193 0.015730 0.029927 0.014732 0.028862
0 0.567805 0.618709 0.567373 0.606840 0.571851 0.603171 0.573308 0.602955 0.573416 0.601013 0.575898 0.598927 0.581940 0.594827 0.583559 0.593028 0.591651 0.588353 0.597640 0.588424 0.598611 0.610724 0.599420 0.612523 0.599258 0.614177 0.596777 0.616623 0.594295 0.617702 0.591220 0.619788 0.587551 0.621874 0.576221 0.621946 0.573632 0.620723 0.572769 0.619069
0 0.650047 0.607227 0.645336 0.604219 0.642882 0.604131 0.642981 0.597762 0.645403 0.588341 0.651506 0.588252 0.655056 0.590464 0.657942 0.590552 0.662387 0.587058 0.662420 0.585466 0.661757 0.584670 0.661690 0.583299 0.664112 0.583077 0.664079 0.582193 0.666235 0.581972 0.666434 0.580999 0.668756 0.581220 0.671808 0.586527 0.671974 0.592631 0.669519 0.592808 0.669552 0.597939 0.667993 0.600017 0.667131 0.600150 0.666467 0.598027 0.664211 0.602096 0.662586 0.602140 0.660662 0.599000 0.659401 0.598956 0.659368 0.600150 0.658539 0.602052 0.656980 0.603202 0.655653 0.603202 0.655554 0.604263 0.651573 0.607183
0 0.658619 0.580266 0.658516 0.579042 0.656239 0.579132 0.656103 0.573920 0.655593 0.571019 0.657322 0.570784 0.657726 0.570339 0.657807 0.569810 0.658481 0.569286 0.658606 0.568885 0.658516 0.568250 0.658165 0.567805 0.657460 0.567732 0.656545 0.568063 0.656282 0.568414 0.656204 0.568768 0.653001 0.568709 0.652540 0.568876 0.652113 0.569643 0.650528 0.569569 0.649443 0.569909 0.648903 0.570572 0.648451 0.570851 0.647813 0.570981 0.647581 0.571388 0.646720 0.571920 0.645634 0.572081 0.645302 0.572715 0.643083 0.572968 0.629146 0.581353 0.625977 0.582068 0.625814 0.582214 0.625740 0.583503 0.625803 0.584660 0.625943 0.585118 0.629044 0.587427 0.630539 0.587744 0.630675 0.590418 0.634517 0.593636 0.639004 0.593682 0.640500 0.592685 0.642947 0.589467 0.643117 0.587654 0.644579 0.586430 0.645682 0.584329 0.646599 0.584007 0.647128 0.584007 0.650086 0.586520 0.650698 0.586384 0.650668 0.584655 0.651403 0.584794 0.651987 0.584464 0.652323 0.584585 0.652784 0.584418 0.653120 0.583971 0.653189 0.583629 0.653616 0.583470 0.653969 0.582999 0.654131 0.582396 0.655865 0.582305 0.657089 0.581127
0 0.609491 0.554056 0.613248 0.547884 0.613248 0.545767 0.608592 0.539560 0.606264 0.539630 0.605523 0.541570 0.603143 0.541606 0.603063 0.542628 0.601503 0.544850 0.600841 0.544850 0.600709 0.550987 0.603143 0.553245 0.602271 0.554206 0.602335 0.556203 0.604502 0.558158 0.604534 0.561516 0.606288 0.562196 0.608583 0.562239
0 0.611739 0.574055 0.611580 0.569805 0.609412 0.568657 0.607850 0.568700 0.607786 0.567807 0.609539 0.565639 0.610942 0.564577 0.611388 0.561516 0.608647 0.561389 0.608360 0.562451 0.604566 0.562483 0.603542 0.562811 0.603242 0.563126 0.603187 0.566971 0.601665 0.567637 0.601506 0.574905 0.599211 0.577243 0.599233 0.577908 0.599107 0.578263 0.599266 0.579393 0.599203 0.580771 0.599398 0.581219 0.599743 0.581355 0.601096 0.581301 0.601427 0.581743 0.601546 0.582275 0.602913 0.582491 0.603149 0.582764 0.603204 0.583268 0.603610 0.583226 0.604411 0.583554 0.604615 0.583826 0.604758 0.584384 0.606256 0.584427 0.606288 0.583279 0.605395 0.583236 0.605363 0.579326 0.606543 0.579124 0.606911 0.578821 0.607029 0.578051 0.607029 0.576179 0.609830 0.576161 0.610153 0.575501 0.610241 0.574098
0 0.568111 0.573323 0.567324 0.570421 0.566351 0.564804 0.565564 0.563754 0.564407 0.558445 0.559453 0.551963 0.557786 0.551717 0.557554 0.549988 0.554777 0.550050 0.554314 0.553013 0.555378 0.556099 0.555491 0.556258 0.556091 0.556301 0.556286 0.556749 0.556166 0.557211 0.555615 0.557348 0.555474 0.557536 0.555491 0.559241 0.555632 0.559428 0.556067 0.559408 0.556736 0.559753 0.556870 0.560319 0.556697 0.561304 0.555378 0.561655 0.555505 0.562836 0.555508 0.564889 0.555922 0.565532 0.557203 0.565663 0.558434 0.566470 0.558712 0.568878 0.559393 0.572604 0.559420 0.573771 0.560092 0.574206 0.560146 0.574849 0.561119 0.576903 0.564685 0.577027 0.564848 0.576888 0.564903 0.576415 0.565112 0.576114 0.565854 0.575996 0.566189 0.576256 0.566278 0.576929 0.566444 0.577150 0.568018 0.577274
0 0.667423 0.491562 0.663976 0.491562 0.658176 0.485845 0.644810 0.500641 0.643044 0.500865 0.642708 0.506918 0.641111 0.507254 0.639766 0.523955 0.634471 0.531253 0.633952 0.531384 0.633680 0.531747 0.633614 0.532243 0.633208 0.532318 0.632980 0.532564 0.632753 0.533308 0.632192 0.533760 0.632072 0.534224 0.632214 0.535068 0.632486 0.535373 0.632933 0.535534 0.634638 0.538862 0.635114 0.538955 0.635397 0.539487 0.635592 0.539559 0.638085 0.539535 0.656429 0.511510 0.656531 0.511608 0.657138 0.510544 0.658465 0.508854 0.659368 0.507505 0.659374 0.507261 0.659585 0.507232 0.660887 0.505449 0.660929 0.504139 0.661767 0.502934 0.661822 0.502599 0.662338 0.502173 0.662653 0.501490 0.663233 0.500923 0.663288 0.500381 0.663538 0.500106 0.664021 0.499960 0.664075 0.499302 0.664238 0.499085 0.665547 0.498896 0.667003 0.497390
0 0.657209 0.324540 0.643248 0.325150 0.630202 0.318742 0.629057 0.316606 0.632719 0.311723 0.629744 0.304704 0.628600 0.296159 0.633864 0.298296 0.640272 0.305620 0.642790 0.302568 0.648283 0.301652 0.666593 0.304399 0.682526 0.310963 0.689532 0.318125 0.686262 0.321083 0.685562 0.324509 0.679373 0.328557 0.674935 0.328090 0.669681 0.326844 0.663492 0.324509
0 0.652657 0.207125 0.658614 0.204256 0.660931 0.193885 0.661428 0.161448 0.659607 0.160565 0.655966 0.154166 0.652491 0.153725 0.649843 0.157255 0.649379 0.177054 0.648407 0.181499 0.648418 0.196210 0.648850 0.199622 0.650174 0.201387 0.650671 0.206463
0 0.613708 0.204597 0.605968 0.197654 0.604420 0.203096 0.602590 0.202908 0.600057 0.198029 0.599354 0.192776 0.601605 0.191275 0.601887 0.184707 0.607094 0.181893 0.609627 0.182080 0.616241 0.190712 0.617648 0.194652 0.617930 0.198029 0.619759 0.198029 0.625529 0.204034 0.625107 0.220733 0.626373 0.221859 0.626514 0.227301 0.625951 0.233868 0.620463 0.239497 0.616100 0.238934 0.611878 0.234806 0.610471 0.226738 0.610330 0.211915
0 0.580778 0.170072 0.581200 0.165193 0.586407 0.157312 0.586688 0.149056 0.583029 0.146617 0.583170 0.141176 0.580637 0.135547 0.578245 0.135922 0.574304 0.141551 0.572193 0.151496 0.571912 0.163692 0.575008 0.171198 0.577822 0.172323 0.579370 0.171760 0.580215 0.171760
0 0.641994 0.172886 0.648890 0.166694 0.649312 0.156749 0.648186 0.155811 0.636787 0.156187 0.636928 0.166507 0.638757 0.171573 0.640305 0.172886
0 0.699837 0.136815 0.697044 0.151013 0.696455 0.152246 0.695189 0.146992 0.690123 0.152621 0.695611 0.163880 0.687449 0.170635 0.674783 0.173261 0.674643 0.170072 0.672250 0.168758 0.670843 0.164818 0.671547 0.152059 0.675206 0.140800 0.690123 0.124851 0.693641 0.125039 0.694626 0.130105 0.699974 0.133858
0 0.714468 0.182643 0.714328 0.178891 0.711513 0.179078 0.711091 0.169134 0.704195 0.159564 0.702507 0.160877 0.700959 0.161253 0.698426 0.159189 0.696033 0.156749 0.696033 0.152621 0.695048 0.146617 0.690404 0.152434 0.690537 0.153700 0.692606 0.157627 0.693077 0.158839 0.693920 0.160080 0.694303 0.161174 0.694884 0.162065 0.695092 0.163160 0.695690 0.163958 0.696161 0.164235 0.697387 0.165520 0.698462 0.166906 0.698858 0.168649 0.699208 0.169233 0.700245 0.170498 0.701144 0.170899 0.701490 0.170899 0.709824 0.181893
0 0.711935 0.133858 0.710669 0.124101 0.710110 0.123852 0.709664 0.123059 0.708687 0.122892 0.708464 0.122160 0.708136 0.118659 0.705348 0.118687 0.704187 0.118971 0.703851 0.119419 0.703726 0.120034 0.703936 0.120762 0.703210 0.125602 0.700677 0.132544 0.696995 0.151264 0.696221 0.153231 0.695900 0.154846 0.696221 0.156557 0.697176 0.157831 0.698412 0.159091 0.699165 0.159611 0.699720 0.160351 0.701367 0.160875 0.702227 0.160572 0.702366 0.160690 0.703014 0.160254 0.703279 0.159901 0.703596 0.159769 0.704478 0.158592 0.704630 0.157831 0.705040 0.157312 0.709262 0.149244 0.711654 0.142301
0 0.718750 0.140005 0.718049 0.138019 0.715334 0.137903 0.711918 0.135216 0.711743 0.141873 0.709553 0.147830 0.710692 0.147830 0.711334 0.148316 0.711838 0.149450 0.712219 0.149958 0.712679 0.150125 0.713617 0.150125 0.714051 0.150851 0.714512 0.151018 0.714973 0.150851 0.715309 0.150404 0.715434 0.149789 0.715434 0.148696 0.715702 0.147584 0.715681 0.146016 0.716737 0.144668 0.716941 0.144098 0.716941 0.143056 0.717067 0.142441 0.717492 0.141874 0.718073 0.141735
0 0.717220 0.124988 0.716836 0.124896 0.716420 0.125221 0.716389 0.126406 0.713305 0.130465 0.712529 0.131831 0.711786 0.132747 0.710713 0.124047 0.709819 0.122677 0.710177 0.121425 0.710177 0.119001 0.711163 0.117746 0.712143 0.117745 0.712635 0.118131 0.712686 0.118637 0.715663 0.118798 0.715973 0.119400 0.717864 0.119697 0.717998 0.122915
0 0.666887 0.081665 0.669504 0.061802 0.668796 0.046287 0.666342 0.038533 0.669250 0.038533 0.672340 0.041320 0.674157 0.047620 0.676974 0.046651 0.678973 0.048468 0.682335 0.059493 0.682971 0.069307 0.684061 0.070034 0.684061 0.070155 0.684061 0.077182 0.676338 0.075123 0.676247 0.079605 0.671976 0.082513
0 0.723498 0.069487 0.723498 0.062280 0.717501 0.062280 0.717228 0.059130 0.715774 0.059493 0.714048 0.061068 0.701599 0.059978 0.706415 0.054162 0.706778 0.050649 0.703871 0.049801 0.698328 0.057918 0.695420 0.057797 0.694239 0.059614 0.691422 0.057070 0.684955 0.056961 0.684275 0.058487 0.684516 0.070034 0.684061 0.076940 0.683425 0.079969 0.681154 0.080090 0.680336 0.080938 0.680336 0.084209 0.686788 0.084815 0.686606 0.086390 0.691422 0.086996 0.691604 0.085663 0.697419 0.085663 0.697601 0.088329 0.699509 0.088329 0.701872 0.085542 0.706688 0.085300 0.712594 0.083604 0.712867 0.081907 0.713195 0.081526 0.713465 0.080805 0.715212 0.078475 0.715282 0.078140 0.716674 0.075920 0.718611 0.073938 0.720698 0.072397 0.721139 0.070859 0.721848 0.070759 0.722126 0.070105 0.723489 0.069499
0 0.901551 0.358801 0.898906 0.357091 0.896421 0.350999 0.893135 0.350679 0.892814 0.348648 0.880630 0.342877 0.880310 0.342342 0.873176 0.342663 0.872695 0.342556 0.869361 0.349905 0.868126 0.353885 0.868144 0.356266 0.868173 0.359863 0.868378 0.360136 0.868536 0.361259 0.868536 0.365453 0.875500 0.370878 0.878626 0.370878 0.882554 0.374726 0.884318 0.375046 0.886241 0.372909 0.888726 0.372909 0.888726 0.374940 0.890650 0.375474 0.891051 0.371626 0.891619 0.371120 0.893576 0.370252 0.894538 0.369611 0.894908 0.369117 0.895901 0.368328 0.897266 0.366080 0.901471 0.362328
0 0.857786 0.330479 0.847205 0.314448 0.846724 0.314448 0.846884 0.309211 0.848247 0.308463 0.847045 0.303867 0.847525 0.301836 0.854499 0.302050 0.864359 0.311883 0.867004 0.308142 0.869970 0.308035 0.871252 0.306539 0.873977 0.307928 0.872695 0.315303 0.871332 0.318402 0.876623 0.325135 0.876863 0.330158 0.875019 0.332830 0.878546 0.338174 0.879188 0.338709 0.879027 0.342342 0.872535 0.342449 0.869489 0.349503 0.860832 0.336464 0.859469 0.336037 0.857866 0.334006
0 0.864198 0.355961 0.860362 0.355198 0.860190 0.336266 0.860706 0.336418 0.869408 0.349473 0.868149 0.353824 0.868092 0.356343 0.864656 0.356496
0 0.942136 0.298944 0.941366 0.302024 0.939825 0.303150 0.937565 0.303150 0.937494 0.300022 0.935933 0.300046 0.935808 0.300780 0.935149 0.301139 0.935116 0.302057 0.932771 0.301858 0.932772 0.296328 0.932820 0.295922 0.933584 0.295762 0.933491 0.294870 0.932176 0.294911 0.931859 0.295727 0.930167 0.296080 0.929641 0.296890 0.928151 0.296592 0.928275 0.294737 0.930486 0.294771 0.930486 0.293777 0.932721 0.293711 0.935180 0.291624 0.937441 0.292651 0.937490 0.293645 0.938285 0.294704 0.939105 0.294804 0.939900 0.295731 0.941415 0.295897 0.942210 0.297354
0 0.791593 0.079163 0.782896 0.093295 0.782896 0.095469 0.776646 0.098851 0.771663 0.098851 0.767859 0.092450 0.767859 0.074694 0.765503 0.075298 0.761517 0.071071 0.761064 0.055248 0.762604 0.053073 0.762423 0.050175 0.767496 0.050899 0.768583 0.051503 0.771029 0.045826 0.768661 0.041513 0.773190 0.037630 0.777979 0.036336 0.778173 0.041426 0.776749 0.042375 0.776943 0.045395 0.778949 0.045654 0.782443 0.050658 0.783414 0.050658 0.785161 0.047897 0.788591 0.047724 0.788914 0.048501 0.798426 0.048846 0.799526 0.055921 0.798038 0.058336 0.791567 0.062477 0.794414 0.068862 0.794479 0.072572
0 0.596335 0.045043 0.576357 0.012318 0.575881 0.007624 0.574549 0.006610 0.576452 0.000902 0.577974 0.000521 0.578830 0.003185 0.584348 0.007624 0.589390 0.009527 0.595478 0.013967 0.595383 0.019294 0.596810 0.020436 0.596905 0.022846 0.598406 0.022936 0.598436 0.031073 0.599282 0.031275 0.600128 0.036431 0.602243 0.036511 0.602243 0.038606 0.600098 0.041748 0.600038 0.043762 0.601578 0.045937 0.601488 0.046944
0 0.659078 0.012476 0.658325 0.013553 0.658013 0.013668 0.655964 0.013559 0.655652 0.013444 0.655316 0.012829 0.654790 0.012830 0.654204 0.012497 0.653888 0.012039 0.653802 0.011477 0.653888 0.011060 0.654150 0.010711 0.654540 0.010535 0.654626 0.009822 0.654887 0.009473 0.655664 0.009249 0.656031 0.009400 0.656265 0.009713 0.656425 0.010379 0.658095 0.010415 0.658735 0.010748 0.659051 0.011242 0.659164 0.012059
0 0.669754 0.008787 0.669636 0.009830 0.669241 0.011059 0.668908 0.011503 0.668595 0.011617 0.668019 0.011503 0.667489 0.010839 0.667279 0.010252 0.666929 0.009786 0.666844 0.007976 0.666534 0.007636 0.666419 0.006545 0.665979 0.006293 0.665468 0.006395 0.665156 0.006281 0.664889 0.005924 0.664803 0.005508 0.664889 0.004608 0.665189 0.004208 0.665501 0.004093 0.666028 0.004093 0.666460 0.004367 0.667032 0.004471 0.667365 0.005003 0.667603 0.006007 0.668743 0.006314 0.668977 0.006627 0.669148 0.007228 0.669669 0.007812 0.669787 0.008623
0 0.679688 0.022479 0.679454 0.022791 0.679141 0.022906 0.678122 0.023010 0.677496 0.022843 0.677262 0.022531 0.677058 0.021235 0.675929 0.020806 0.675185 0.019814 0.675100 0.019241 0.675185 0.018824 0.675529 0.018486 0.675705 0.018080 0.675773 0.017048 0.676086 0.016631 0.676869 0.016516 0.677808 0.016683 0.678042 0.016996 0.678246 0.017987 0.678160 0.018404 0.677926 0.018716 0.677437 0.018809 0.677422 0.019147 0.677872 0.019903 0.678631 0.020184 0.678933 0.020824 0.679454 0.020863 0.679688 0.021175 0.679774 0.022062
0 0.671171 0.019340 0.670889 0.018853 0.669610 0.018659 0.669570 0.017263 0.669309 0.016613 0.667986 0.016667 0.667875 0.016814 0.667971 0.019572 0.668205 0.019886 0.669230 0.019972 0.669484 0.020312 0.669530 0.021571 0.669764 0.021884 0.670656 0.021945 0.671154 0.021583 0.671163 0.019396
0 0.667208 0.018495 0.666574 0.019069 0.666376 0.021573 0.666040 0.021834 0.664895 0.021885 0.664819 0.023973 0.665253 0.023919 0.665589 0.024180 0.665589 0.024728 0.665407 0.024942 0.662730 0.024915 0.662494 0.024386 0.662362 0.023141 0.661638 0.022677 0.661659 0.021077 0.662177 0.020655 0.663866 0.020882 0.664781 0.020709 0.664816 0.019971 0.664956 0.019783 0.665254 0.019846 0.665590 0.019585 0.665582 0.018116 0.665786 0.017678 0.666264 0.017525 0.666966 0.017571 0.667208 0.017839 0.667262 0.018234
0 0.698473 0.000069 0.681535 0.000069 0.683874 0.005451 0.686206 0.008524 0.690276 0.014301 0.693876 0.018782 0.696900 0.018782 0.699986 0.010474 0.701437 0.008377 0.704462 0.008377 0.706458 0.007087 0.706277 0.001924 0.702950 0.002086 0.702163 0.004989 0.700711 0.004989 0.700953 0.002812
0 0.689157 0.016846 0.683773 0.016766 0.681958 0.014427 0.681958 0.011120 0.680264 0.012329 0.678571 0.012410 0.677179 0.009748 0.680446 0.005312 0.683652 0.005231 0.685225 0.011200 0.688008 0.011684
0 0.729524 0.035407 0.732437 0.035507 0.736098 0.033016 0.737742 0.029729 0.737518 0.026541 0.736247 0.026243 0.734380 0.019668 0.732661 0.019569 0.730644 0.022059 0.730570 0.025246 0.728328 0.027139 0.728328 0.032419
0 0.729717 0.039692 0.729565 0.035474 0.728612 0.033187 0.722666 0.033289 0.721789 0.034254 0.718778 0.034407 0.718549 0.035169 0.710926 0.038625 0.710964 0.040760 0.711497 0.041573 0.712412 0.041624 0.712488 0.043657 0.710964 0.043657 0.710964 0.046553 0.712260 0.047875 0.714051 0.048027 0.715652 0.050975 0.716338 0.054126 0.717253 0.054024 0.717977 0.052551 0.717977 0.050111 0.718701 0.050111 0.725829 0.042589 0.725791 0.038523 0.727240 0.038523 0.727354 0.039591
0 0.426597 0.766389 0.426657 0.774008 0.425928 0.775143 0.425867 0.781223 0.424834 0.783330 0.422827 0.783249 0.422645 0.785519 0.423555 0.789462 0.422016 0.791431 0.421770 0.794713 0.419554 0.798980 0.417708 0.799062 0.417277 0.801114 0.415554 0.801032 0.415554 0.797996 0.414200 0.796601 0.414200 0.792826 0.417831 0.792662 0.418016 0.788723 0.415800 0.787246 0.415493 0.784374 0.418816 0.784292 0.419667 0.783108 0.419587 0.781308 0.418447 0.781420 0.416775 0.778419 0.413161 0.773849 0.411579 0.772488 0.410419 0.771108 0.409841 0.770746 0.408550 0.769031 0.407887 0.768547 0.402583 0.762579 0.395470 0.752852 0.394315 0.750826 0.394497 0.748313 0.400273 0.741180 0.403495 0.742882 0.410000 0.747583 0.417234 0.751312 0.423253 0.755770 0.427205 0.759418 0.427509 0.762741
0 0.407148 0.365483 0.406369 0.366521 0.403977 0.368598 0.404199 0.370749 0.406202 0.370675 0.406903 0.371715 0.406829 0.373612 0.406290 0.374638 0.401807 0.374903 0.401751 0.371120 0.399971 0.370972 0.399915 0.372826 0.399415 0.373865 0.400805 0.376832 0.400917 0.380096 0.400027 0.382247 0.398327 0.382230 0.394519 0.374902 0.393027 0.373960 0.392988 0.369564 0.390672 0.366580 0.390515 0.362550 0.387414 0.359148 0.385059 0.358363 0.385137 0.355170 0.385922 0.351925 0.387296 0.352030 0.387336 0.348000 0.386511 0.345697 0.386747 0.343865 0.390751 0.341719 0.393773 0.341614 0.396953 0.345749 0.397699 0.345697 0.399308 0.343813 0.403116 0.343655 0.403116 0.344807 0.403940 0.344859 0.403901 0.346953 0.403116 0.347843 0.401546 0.348785 0.400800 0.348994 0.400133 0.349989 0.400172 0.351873 0.400879 0.351925 0.403705 0.355118 0.406296 0.355275 0.406335 0.356165 0.404804 0.357368 0.404804 0.358101 0.406924 0.358258 0.406924 0.360352 0.406374 0.361242 0.407871 0.362516
0 0.416552 0.373680 0.416216 0.373941 0.415742 0.373868 0.415118 0.373184 0.414129 0.372755 0.413261 0.372116 0.412153 0.371938 0.411828 0.372372 0.411216 0.372817 0.410387 0.373153 0.410145 0.373874 0.409102 0.375413 0.408539 0.375600 0.408031 0.375413 0.407656 0.374913 0.407516 0.374175 0.407252 0.374078 0.406877 0.373578 0.406736 0.372901 0.406877 0.372224 0.407252 0.371724 0.407572 0.371605 0.407627 0.371219 0.407459 0.368821 0.407459 0.366892 0.407600 0.366215 0.408031 0.365641 0.408539 0.365453 0.409436 0.365641 0.410408 0.366862 0.411383 0.367199 0.411884 0.367570 0.412623 0.368754 0.413129 0.368818 0.413270 0.369005 0.413519 0.370229 0.416077 0.370672 0.416384 0.371269 0.416384 0.372046 0.416607 0.373420
0 0.486770 0.436121 0.486806 0.435405 0.485927 0.433330 0.485836 0.432784 0.485482 0.432281 0.485161 0.431208 0.485144 0.430255 0.484679 0.430082 0.484449 0.429752 0.484338 0.429086 0.484351 0.426882 0.484521 0.426437 0.484865 0.426012 0.489095 0.426034 0.490294 0.429324
0 0.501745 0.439255 0.500462 0.439541 0.500156 0.439190 0.500890 0.438239 0.502259 0.436185 0.502246 0.415529 0.502327 0.412899 0.501968 0.412504 0.499154 0.412510 0.498437 0.413542 0.491989 0.424969 0.490699 0.428373 0.486920 0.424050 0.479222 0.416543 0.476229 0.414357 0.474518 0.410936 0.466963 0.400387 0.461760 0.392784 0.458339 0.388793 0.456486 0.388603 0.455417 0.385277 0.455488 0.381570 0.457911 0.379955 0.460620 0.380335 0.460905 0.381856 0.462402 0.382236 0.465680 0.384802 0.467747 0.385467 0.477654 0.391644 0.486279 0.396206 0.491410 0.399817 0.492622 0.397821 0.494547 0.397916 0.495972 0.399247 0.496186 0.401908 0.497896 0.402288 0.505380 0.408180 0.507162 0.408655 0.521987 0.416733 0.522843 0.428992
0 0.941991 0.477281 0.941934 0.477276 0.941035 0.483357 0.938121 0.501871 0.938009 0.501864 0.936573 0.507250 0.935402 0.507279 0.935075 0.507147 0.934625 0.506490 0.933556 0.506458 0.933053 0.506268 0.932366 0.505353 0.931294 0.505272 0.930845 0.504614 0.929228 0.504217 0.928444 0.503523 0.926898 0.502986 0.926405 0.502328 0.924964 0.502048 0.924234 0.501133 0.923645 0.500935 0.923267 0.500371 0.922871 0.500078 0.921711 0.499880 0.920739 0.499073 0.919972 0.499073 0.919513 0.498883 0.919106 0.498214 0.917887 0.497887 0.917000 0.496764 0.910308 0.493763 0.909906 0.493916 0.909271 0.493784 0.909130 0.493596 0.909076 0.493071 0.908652 0.492745 0.907776 0.492788 0.907117 0.492201 0.906881 0.491678 0.903467 0.491476 0.895041 0.484780 0.892487 0.484440 0.889338 0.485688 0.888232 0.483986 0.888487 0.474907 0.891296 0.468779 0.892998 0.460041 0.895126 0.458112 0.897424 0.457998 0.899467 0.459247 0.904914 0.458906 0.911552 0.457885 0.929426 0.450395 0.944491 0.461403
0 0.956326 0.494969 0.955640 0.493225 0.955453 0.489570 0.954207 0.489321 0.954706 0.487743 0.955516 0.487577 0.955329 0.484254 0.952961 0.481180 0.952151 0.481180 0.952151 0.478190 0.941934 0.477276 0.939318 0.494969 0.939941 0.495800 0.941623 0.495883 0.941124 0.497461 0.940564 0.497960 0.940626 0.502030 0.938009 0.501864 0.932714 0.521717 0.932714 0.523960 0.936763 0.523960 0.936826 0.526784 0.937488 0.527025 0.937449 0.531187 0.939193 0.531020 0.941301 0.529158 0.941889 0.529098 0.942199 0.528364 0.944551 0.526286 0.950968 0.509257 0.953086 0.509091 0.953086 0.504024 0.954893 0.501116 0.955017 0.497877 0.956263 0.497628
0 0.037716 0.024637 0.035426 0.023542 0.035167 0.023024 0.035167 0.017781 0.036031 0.016629 0.039746 0.016629 0.040654 0.019970 0.042728 0.021756 0.043030 0.022736 0.043116 0.031204 0.042296 0.031204 0.042166 0.034142 0.041388 0.034199 0.041388 0.033450 0.039833 0.033393 0.039876 0.034199 0.039142 0.034084 0.039055 0.027171
0 0.039358 0.042955 0.042468 0.042840 0.043937 0.039441 0.045363 0.039499 0.045234 0.036388 0.043030 0.036504 0.043030 0.035467 0.045277 0.035524 0.045277 0.034199 0.044715 0.034142 0.044515 0.033406 0.043721 0.033335 0.042277 0.033274 0.042120 0.034224 0.039098 0.034399 0.039142 0.036504 0.039833 0.036446 0.039746 0.037425 0.038450 0.037310 0.038407 0.039441 0.037068 0.041515 0.037197 0.042725
0 0.032863 0.070892 0.026556 0.076015 0.025051 0.077039 0.022746 0.077936 0.020441 0.078106 0.020377 0.076996 0.019673 0.075972 0.019456 0.074980 0.017912 0.074862 0.017848 0.071917 0.019449 0.071917 0.020284 0.071623 0.020377 0.070850 0.021850 0.070850 0.022281 0.070179 0.022682 0.069868 0.023482 0.069825 0.026748 0.066709 0.029725 0.066667 0.029725 0.065642 0.032959 0.065599
0 0.034233 0.058770 0.032325 0.061435 0.031100 0.062221 0.030358 0.062492 0.029813 0.062492 0.028572 0.062040 0.028038 0.061389 0.026530 0.060951 0.025938 0.060161 0.025644 0.058930 0.025689 0.057841 0.025892 0.056851 0.026482 0.055641 0.027392 0.054549 0.028134 0.054278 0.028724 0.054278 0.029587 0.054570 0.030630 0.054157 0.031764 0.054097 0.033051 0.054428 0.033598 0.055157 0.034233 0.056609 0.034436 0.057780
0 0.047642 0.057901 0.047642 0.056933 0.047420 0.056154 0.046006 0.054208 0.045693 0.054093 0.043742 0.054154 0.043158 0.054389 0.042923 0.054702 0.042792 0.055239 0.042868 0.056091 0.042205 0.056204 0.041925 0.056638 0.041839 0.057054 0.041925 0.057652 0.042197 0.058015 0.042515 0.058862 0.042651 0.060072 0.042885 0.060385 0.043198 0.060499 0.043723 0.060413 0.044151 0.060620 0.044562 0.060438 0.045589 0.060377 0.046465 0.060560 0.047140 0.060445 0.047510 0.060012 0.047596 0.059595 0.047596 0.058125
0 0.065625 0.049373 0.065321 0.048063 0.063912 0.046053 0.063547 0.045182 0.063122 0.044565 0.062235 0.042044 0.061325 0.040933 0.059995 0.040322 0.059137 0.040212 0.058955 0.039729 0.058238 0.038773 0.057410 0.038471 0.056466 0.038773 0.055865 0.039575 0.055479 0.040552 0.055252 0.041656 0.055252 0.042788 0.055633 0.044458 0.057693 0.048974 0.058522 0.051345 0.059453 0.055827 0.060093 0.056732 0.061538 0.057445 0.062366 0.057143 0.062968 0.056341 0.063194 0.055237 0.063349 0.054260 0.063309 0.051354 0.063969 0.051581 0.064797 0.051279 0.065399 0.050477
0 0.085996 0.052356 0.085615 0.050223 0.084821 0.049112 0.084551 0.048958 0.082218 0.048039 0.077549 0.047936 0.075960 0.048144 0.072694 0.047732 0.072536 0.046982 0.071935 0.046180 0.071145 0.045854 0.070442 0.045952 0.070065 0.045751 0.069752 0.045866 0.069445 0.046531 0.069181 0.046781 0.067981 0.046780 0.067514 0.046997 0.067280 0.047310 0.067241 0.047952 0.066550 0.048129 0.066316 0.048441 0.066160 0.048995 0.065703 0.049554 0.064964 0.051066 0.063811 0.051267 0.063460 0.051734 0.063375 0.052150 0.063105 0.053848 0.063182 0.054934 0.062727 0.056055 0.062333 0.058426 0.062457 0.060078 0.062730 0.060442 0.063193 0.060578 0.063776 0.060258 0.064114 0.060259 0.064194 0.059810 0.064428 0.059498 0.064740 0.059383 0.065477 0.059498 0.065712 0.059810 0.065798 0.060227 0.065874 0.061507 0.066438 0.061612 0.067943 0.061612 0.068771 0.061310 0.069417 0.060427 0.070675 0.060324 0.070774 0.060324 0.070945 0.061106 0.071218 0.061470 0.071531 0.061585 0.072461 0.061470 0.072734 0.061106 0.072755 0.060375 0.075977 0.060383 0.076606 0.061259 0.077434 0.061561 0.081474 0.061429 0.082874 0.061900 0.084421 0.061265 0.084925 0.060541 0.085011 0.060124 0.084925 0.059553 0.084567 0.059190 0.084490 0.055724 0.084811 0.054425 0.085168 0.054262 0.085770 0.053460
0 0.032154 0.114584 0.031627 0.117574 0.031252 0.118074 0.030434 0.118376 0.030549 0.119696 0.031560 0.119667 0.031953 0.119828 0.032148 0.120276 0.032094 0.120536 0.031911 0.120779 0.030004 0.120852 0.029776 0.121098 0.029744 0.121772 0.029343 0.121996 0.027045 0.122162 0.026064 0.121860 0.025646 0.121303 0.025574 0.120957 0.022571 0.121015 0.022063 0.120828 0.021128 0.119697 0.020988 0.118676 0.021128 0.117998 0.021677 0.117393 0.021892 0.116329 0.021633 0.114660 0.021774 0.113467 0.022192 0.112909 0.022450 0.112795 0.023130 0.112550 0.023942 0.112526 0.024355 0.111631 0.025547 0.109984 0.026580 0.109124 0.027543 0.108585 0.028055 0.107673 0.029333 0.106026 0.030099 0.105839 0.030607 0.106026 0.031025 0.106584 0.031885 0.108763 0.032198 0.110473 0.032198 0.114373
0 0.062958 0.104403 0.062777 0.103797 0.062647 0.102421 0.062104 0.101156 0.061435 0.100471 0.060117 0.097903 0.058798 0.096084 0.057943 0.095668 0.056362 0.095548 0.054062 0.095964 0.053511 0.096638 0.053425 0.097536 0.053556 0.098134 0.054242 0.099229 0.054569 0.099312 0.054739 0.099745 0.054558 0.100813 0.053971 0.100963 0.053692 0.101336 0.053606 0.101753 0.053606 0.102416 0.053861 0.103822 0.053741 0.104343 0.053827 0.104760 0.054062 0.105072 0.056317 0.105307 0.056890 0.104979 0.057431 0.105155 0.058625 0.107120 0.059841 0.107536 0.060379 0.107241 0.061197 0.106289 0.061495 0.106254 0.061808 0.105577 0.062367 0.105373 0.062872 0.104820
0 0.057264 0.118726 0.057037 0.117519 0.056435 0.116716 0.055607 0.116414 0.055142 0.116584 0.054954 0.115667 0.054127 0.114509 0.052417 0.114556 0.052217 0.113968 0.052176 0.113486 0.052472 0.112717 0.055408 0.112376 0.056034 0.111702 0.056569 0.109260 0.056492 0.107614 0.056111 0.106098 0.055509 0.105296 0.054373 0.104788 0.053061 0.104788 0.052233 0.105091 0.051631 0.105893 0.051405 0.106997 0.051631 0.108204 0.052636 0.109339 0.052618 0.110020 0.052317 0.110469 0.051608 0.110396 0.051306 0.111228 0.050820 0.111396 0.050445 0.112280 0.049947 0.112512 0.049923 0.113586 0.049656 0.114416 0.048859 0.114384 0.048479 0.114069 0.048410 0.113733 0.047582 0.113431 0.044698 0.113584 0.044173 0.114499 0.043359 0.114700 0.043051 0.114983 0.042948 0.116336 0.042433 0.116716 0.041314 0.118114 0.041386 0.120878 0.042052 0.121300 0.042344 0.122134 0.042721 0.122271 0.044419 0.122271 0.046208 0.121976 0.046158 0.122224 0.046384 0.123328 0.046865 0.123968 0.047260 0.123905 0.048054 0.124265 0.048328 0.124663 0.048407 0.125770 0.048743 0.126031 0.051353 0.125958 0.051543 0.125535 0.053258 0.123976 0.053364 0.123505 0.053624 0.123135 0.054725 0.122843 0.055349 0.122994 0.055543 0.121972 0.056015 0.121991 0.056229 0.121753 0.056224 0.120966 0.056535 0.120739 0.056772 0.120869 0.057042 0.120541 0.057037 0.119830
0 0.143353 0.015523 0.142261 0.014541 0.142195 0.013647 0.141468 0.013502 0.140769 0.012353 0.140769 0.006495 0.142061 0.005048 0.143198 0.004290 0.145369 0.004083 0.147746 0.006288 0.147643 0.008218 0.148522 0.008218 0.148522 0.012560 0.147741 0.012504 0.147695 0.014420 0.146351 0.014627 0.146144 0.015592
0 0.026501 0.154820 0.026973 0.146084 0.028036 0.143487 0.029511 0.141992 0.031105 0.141363 0.031282 0.137506 0.030515 0.137664 0.029806 0.138529 0.028390 0.138451 0.026324 0.135932 0.024199 0.135618 0.024199 0.134358 0.024022 0.133414 0.022066 0.129590 0.020931 0.127679 0.019477 0.126961 0.019477 0.120743 0.021543 0.120822 0.023373 0.125544 0.024907 0.129085 0.025320 0.131997 0.027918 0.132076 0.028921 0.131210 0.031164 0.131210 0.032462 0.132233 0.035355 0.132391 0.035355 0.133807 0.033053 0.135932 0.033230 0.137191 0.034410 0.137270 0.036063 0.139552 0.036063 0.140418 0.033997 0.142464 0.033997 0.145534 0.032108 0.145534 0.031223 0.148839 0.029688 0.150098 0.029747 0.156788 0.029039 0.157102 0.026855 0.157181
0 0.033610 0.199991 0.033576 0.200573 0.033365 0.200854 0.032464 0.201022 0.032183 0.200918 0.031776 0.200259 0.030860 0.199966 0.029462 0.199903 0.028763 0.199609 0.028364 0.199141 0.026762 0.198656 0.025356 0.196844 0.024838 0.196599 0.023792 0.196599 0.023141 0.196369 0.022376 0.195158 0.021852 0.193697 0.020756 0.191601 0.020487 0.189401 0.019786 0.188529 0.018423 0.188173 0.017804 0.187729 0.016325 0.186137 0.016200 0.185523 0.016325 0.184908 0.016660 0.184460 0.017137 0.184206 0.018846 0.183912 0.019186 0.183444 0.019647 0.183277 0.020580 0.183277 0.022168 0.182885 0.021661 0.182135 0.021393 0.180758 0.021518 0.180143 0.021902 0.179632 0.022696 0.179211 0.023601 0.179147 0.025111 0.179568 0.028160 0.181792 0.029125 0.183015 0.029590 0.183317 0.031210 0.185095 0.032689 0.187068 0.032975 0.187894 0.033100 0.188509 0.033100 0.189589 0.032814 0.190735 0.032814 0.191685 0.032641 0.192744 0.031924 0.193827 0.031130 0.193995 0.030432 0.193694 0.030432 0.193803 0.030593 0.194692 0.031260 0.195835 0.031927 0.196598 0.032052 0.197212 0.031954 0.197819 0.032687 0.198056 0.033163 0.198564 0.033547 0.199075 0.033672 0.199690
0 0.039246 0.212594 0.039148 0.215784 0.038123 0.215784 0.034265 0.221252 0.034314 0.223075 0.032459 0.222685 0.026795 0.216630 0.021863 0.216760 0.021912 0.214547 0.022791 0.214547 0.024060 0.211487 0.024109 0.205888 0.025086 0.205107 0.028015 0.204976 0.029041 0.204065 0.029773 0.204065 0.030750 0.205107 0.033045 0.205172 0.033045 0.206083 0.034217 0.206018 0.034314 0.205172 0.036170 0.205172 0.040662 0.208297 0.040662 0.210510
0 0.023563 0.242658 0.023461 0.240547 0.020296 0.240479 0.018126 0.237620 0.017998 0.236463 0.017130 0.234284 0.016466 0.231289 0.016466 0.230165 0.014909 0.230097 0.014909 0.229212 0.013377 0.229076 0.012560 0.228055 0.011616 0.228021 0.011071 0.227062 0.010219 0.227001 0.010114 0.225616 0.009692 0.225122 0.009037 0.224879 0.007897 0.225020 0.007702 0.225468 0.007779 0.226053 0.005412 0.226013 0.003880 0.230233 0.003906 0.232446 0.005438 0.232378 0.008654 0.235373 0.009369 0.235373 0.009420 0.236394 0.010161 0.236463 0.010901 0.237552 0.010926 0.240615 0.011667 0.240615 0.013403 0.238641 0.014909 0.238641 0.017181 0.240547 0.018585 0.240615 0.017972 0.242726 0.016951 0.244768 0.018764 0.248921 0.018713 0.245959
0 0.008578 0.240615 0.008527 0.237484 0.006944 0.234522 0.005514 0.234386 0.005438 0.235271 0.003957 0.235441 0.002822 0.236770 0.002378 0.237929 0.002074 0.238311 0.001641 0.238530 0.001023 0.238554 0.000000 0.239594 0.000025 0.243747 0.001608 0.242828 0.001634 0.240751 0.003166 0.240717 0.003880 0.241671 0.003880 0.243679 0.001634 0.243747 0.001583 0.244768 0.005412 0.244870 0.005521 0.243530 0.006005 0.242952 0.006971 0.241305 0.007790 0.240517 0.007962 0.240538
0 0.027975 0.143449 0.027510 0.142841 0.027324 0.141913 0.026607 0.140907 0.026615 0.140589 0.025045 0.140554 0.025071 0.136543 0.024051 0.135322 0.021827 0.135357 0.021042 0.134415 0.017249 0.134345 0.017144 0.136438 0.018060 0.136543 0.017834 0.139059 0.017860 0.139312 0.018253 0.139831 0.019155 0.140171 0.020010 0.140878 0.020999 0.141150 0.021585 0.141506 0.024439 0.144216 0.026407 0.145447 0.026981 0.146066
0 0.000000 0.140492 0.000067 0.135261 0.003113 0.135384 0.003990 0.134215 0.008605 0.134431 0.009344 0.137446 0.010175 0.138554 0.010221 0.140646 0.009390 0.140646 0.009390 0.141631 0.010221 0.141600 0.010152 0.142739 0.009529 0.142646 0.009390 0.147754 0.010105 0.148739 0.011698 0.148893 0.011744 0.152093 0.009344 0.151970 0.009298 0.150985 0.008536 0.151016 0.007082 0.149939 0.005467 0.149908 0.005513 0.147847 0.003967 0.145816 0.003990 0.144739 0.004659 0.142677 0.004659 0.140585
0 0.017204 0.136697 0.017063 0.135762 0.016828 0.135449 0.016516 0.135334 0.015765 0.135447 0.015310 0.133425 0.015032 0.132721 0.014798 0.132408 0.014068 0.132294 0.013700 0.132445 0.013586 0.132775 0.013075 0.133309 0.012854 0.133870 0.012752 0.134747 0.012476 0.135115 0.011103 0.136383 0.010250 0.136403 0.010054 0.136851 0.010149 0.137403 0.010544 0.137690 0.010953 0.137522 0.012566 0.137559 0.013014 0.137854 0.013170 0.137595 0.013663 0.137496 0.013858 0.137569 0.014117 0.137984 0.013858 0.138464 0.013526 0.138537 0.012965 0.139284 0.012548 0.139989 0.012462 0.140406 0.012741 0.141450 0.012503 0.145546 0.013067 0.145885 0.014930 0.145736 0.015326 0.145585 0.015755 0.144938 0.015925 0.143780 0.015700 0.142696 0.015410 0.142346 0.014767 0.142196 0.014951 0.140999 0.014876 0.139954 0.015419 0.138600 0.015771 0.138465 0.016354 0.137614 0.016800 0.137501 0.017118 0.137114
0 0.000082 0.179498 0.004650 0.172858 0.004719 0.171942 0.006264 0.171942 0.006436 0.170751 0.005440 0.167637 0.005577 0.160401 0.002486 0.156142 0.000047 0.156142
0 0.151968 0.349970 0.121853 0.230627 0.125797 0.227600 0.154836 0.258033 0.154358 0.294202 0.159257 0.309658 0.153760 0.350608
0 0.098550 0.284802 0.099267 0.266319 0.101545 0.256966 0.103450 0.246561 0.103211 0.228874 0.107513 0.223298 0.124243 0.229034 0.121495 0.230468 0.129023 0.258192 0.128784 0.266159 0.123287 0.271417
0 0.088392 0.310455 0.084210 0.304559 0.083612 0.290697 0.083612 0.269505 0.097953 0.281296 0.098311 0.284164 0.102255 0.283686 0.113608 0.296274 0.114922 0.293724 0.119583 0.293246 0.121973 0.299142 0.118268 0.301373 0.115878 0.309339 0.113130 0.309021 0.104286 0.302488 0.098311 0.303285
0 0.135967 0.315489 0.134077 0.317521 0.130723 0.318740 0.128163 0.318740 0.127919 0.313050 0.119566 0.292889 0.117493 0.291019 0.117736 0.288824 0.122187 0.287605 0.125541 0.287279 0.139320 0.300530 0.141332 0.308253
0 0.135621 0.365810 0.117533 0.328821 0.117940 0.322995 0.121090 0.322317 0.129219 0.326653 0.138975 0.328143 0.142938 0.331937 0.145275 0.341286 0.146088 0.342099 0.146291 0.349280 0.145275 0.356054 0.142633 0.356596
0 0.142347 0.381236 0.148568 0.381029 0.153597 0.375706 0.154012 0.363194 0.151627 0.360291 0.149450 0.360429 0.136851 0.373287 0.136747 0.375015
0 0.082164 0.408449 0.080918 0.409997 0.079072 0.412595 0.078152 0.415691 0.076300 0.415609 0.073893 0.409766 0.074325 0.403841 0.079448 0.390427 0.092039 0.375861 0.093026 0.375861 0.092965 0.386477 0.090064 0.392073 0.090064 0.399479 0.092101 0.402195 0.092039 0.404335 0.089856 0.406264 0.087682 0.409582 0.086290 0.411952 0.085064 0.414786 0.083336 0.414704 0.082846 0.410022
0 0.066319 0.441329 0.066638 0.428081 0.068072 0.424114 0.070357 0.423973 0.073385 0.426027 0.075882 0.430915 0.073704 0.434953 0.073332 0.440549 0.072376 0.441612 0.067594 0.441683
0 0.092206 0.359386 0.087383 0.347730 0.082850 0.348038 0.078970 0.341993 0.077894 0.341788 0.078125 0.339688 0.080468 0.335488 0.082658 0.335232 0.083542 0.323707 0.084464 0.323809 0.085194 0.322938 0.090034 0.322785 0.091379 0.330109 0.092880 0.330163 0.092939 0.327001 0.097623 0.327001 0.097682 0.329170 0.095389 0.331313 0.095389 0.333325 0.096898 0.335364 0.099936 0.335416 0.099956 0.334318 0.101524 0.334344 0.101544 0.335311 0.100740 0.338500 0.095369 0.338526 0.095271 0.341636 0.092174 0.341662 0.092214 0.345765 0.093056 0.345817 0.092978 0.344824 0.095311 0.344824 0.095271 0.350809 0.096153 0.352116 0.096193 0.354076 0.095311 0.356297 0.094546 0.356297 0.094605 0.358388 0.093723 0.358388 0.093742 0.359355
0 0.057266 0.326270 0.057125 0.325593 0.056750 0.325093 0.056243 0.324905 0.055571 0.325098 0.055376 0.325546 0.055423 0.325854 0.055184 0.325986 0.052621 0.325955 0.052113 0.326143 0.051699 0.326695 0.051502 0.327868 0.051362 0.328056 0.049307 0.328182 0.049227 0.330133 0.049551 0.330458 0.049809 0.331724 0.050163 0.332511 0.050790 0.333400 0.050911 0.333981 0.051286 0.334481 0.051794 0.334669 0.052424 0.334564 0.053111 0.334234 0.053221 0.333614 0.053381 0.333400 0.054475 0.333332 0.054636 0.333064 0.054650 0.332557 0.054841 0.332303 0.055218 0.332234 0.055399 0.331993 0.055454 0.331485 0.055881 0.331350 0.056203 0.330975 0.056259 0.329215 0.056394 0.328580 0.056635 0.328124 0.056985 0.327872 0.057147 0.326843
0 0.038233 0.300144 0.038130 0.301772 0.037927 0.302071 0.037538 0.302172 0.037484 0.302772 0.037281 0.303071 0.036794 0.303366 0.035847 0.303070 0.034793 0.303227 0.034457 0.302967 0.034439 0.302503 0.034251 0.302191 0.033869 0.302050 0.033473 0.301522 0.033324 0.300548 0.031993 0.299827 0.031452 0.299189 0.031290 0.298456 0.031431 0.297751 0.031795 0.297237 0.032118 0.295334 0.032493 0.294834 0.033001 0.294646 0.034390 0.294675 0.034918 0.294535 0.035426 0.294723 0.036168 0.295823 0.037426 0.296806 0.038093 0.297584 0.038234 0.298261 0.038255 0.300039
0 0.046274 0.293229 0.045851 0.293794 0.045372 0.294141 0.045305 0.295240 0.044930 0.295740 0.044088 0.295883 0.043735 0.296630 0.042840 0.296865 0.042333 0.296677 0.042095 0.296100 0.041500 0.295521 0.041385 0.294675 0.041032 0.294474 0.040657 0.293974 0.040516 0.293297 0.040622 0.292453 0.041043 0.290979 0.041524 0.290339 0.042122 0.289776 0.042981 0.289495 0.044633 0.289589 0.045141 0.289776 0.045398 0.290119 0.045672 0.290219 0.046274 0.291021 0.046500 0.292125
0 0.033038 0.330180 0.032263 0.332523 0.030783 0.334704 0.030175 0.335100 0.028870 0.336565 0.027445 0.337264 0.027301 0.337968 0.027045 0.338310 0.018858 0.338379 0.018394 0.337761 0.018183 0.336583 0.017154 0.335142 0.016927 0.334038 0.017154 0.332934 0.017755 0.332132 0.018375 0.331906 0.018323 0.331281 0.018601 0.329971 0.019306 0.328962 0.020275 0.328496 0.021063 0.327790 0.023544 0.326205 0.024528 0.325834 0.030213 0.325834 0.031609 0.325903 0.032437 0.326205 0.033038 0.327007 0.033265 0.328111 0.033265 0.329076
0 0.037336 0.310813 0.037336 0.309642 0.037195 0.308965 0.036820 0.308465 0.036261 0.308277 0.035244 0.308830 0.031886 0.309174 0.030993 0.307242 0.030049 0.305846 0.029429 0.305364 0.028100 0.304970 0.027310 0.304330 0.026802 0.304142 0.026294 0.304330 0.025919 0.304830 0.025778 0.305507 0.025778 0.307161 0.025919 0.307838 0.027091 0.309194 0.026354 0.309450 0.025148 0.309311 0.024278 0.309636 0.023968 0.309843 0.023231 0.310894 0.023091 0.311572 0.023231 0.312662 0.024071 0.313782 0.025105 0.314954 0.026863 0.316194 0.027045 0.316437 0.026967 0.316809 0.027108 0.317486 0.027483 0.317986 0.029900 0.319693 0.030489 0.320301 0.030845 0.321455 0.031302 0.323778 0.031050 0.324597 0.031191 0.325274 0.031566 0.325774 0.032798 0.326030 0.033305 0.325843 0.033680 0.325343 0.033924 0.324114 0.034182 0.321573 0.035283 0.319485 0.035630 0.317774 0.035630 0.317085 0.035386 0.315994 0.034908 0.315356 0.034233 0.314992 0.034404 0.314156 0.036355 0.313093 0.037040 0.312042 0.037283 0.311066
0 0.011173 0.295990 0.011173 0.295193 0.010920 0.294167 0.009349 0.291723 0.008789 0.291125 0.008148 0.290711 0.008316 0.290209 0.008230 0.289594 0.007995 0.289281 0.007160 0.289017 0.004693 0.289216 0.004082 0.289530 0.003747 0.290064 0.000531 0.290626 0.000147 0.291288 0.000024 0.292203 0.000061 0.293795 0.000000 0.294495 0.000111 0.296198 0.000024 0.297136 0.000169 0.298985 0.000000 0.300362 0.000137 0.301039 0.000550 0.301590 0.001379 0.301908 0.001548 0.302692 0.001942 0.303217 0.002715 0.303565 0.002875 0.304629 0.003745 0.305539 0.004400 0.305964 0.005539 0.307333 0.006898 0.307647 0.007285 0.307483 0.007520 0.307170 0.007606 0.306754 0.007520 0.306337 0.007134 0.305969 0.007071 0.305440 0.006837 0.305127 0.006478 0.305014 0.005977 0.304131 0.005512 0.303876 0.005534 0.302304 0.006211 0.301501 0.006265 0.301244 0.007256 0.301004 0.007669 0.300454 0.007809 0.299777 0.007740 0.299394 0.007980 0.298898 0.009178 0.298899 0.010059 0.298513 0.010733 0.297664 0.011135 0.296174
0 0.084327 0.301557 0.083891 0.299734 0.084007 0.298084 0.083769 0.295897 0.083742 0.290834 0.083482 0.288389 0.083539 0.280009 0.082974 0.277028 0.082035 0.275851 0.081207 0.275549 0.080700 0.275549 0.079872 0.275851 0.079703 0.275926 0.078876 0.277178 0.076738 0.285958 0.076739 0.288006 0.076452 0.291032 0.075995 0.293821 0.075788 0.294099 0.075679 0.294626 0.075078 0.295428 0.073963 0.295807 0.073059 0.295805 0.072850 0.296827 0.073076 0.297931 0.073678 0.298733 0.075160 0.300033 0.075667 0.301910 0.076493 0.303088 0.077490 0.303390 0.078769 0.302787 0.079596 0.301760 0.079816 0.300686 0.081786 0.303463 0.082671 0.303765 0.083499 0.303463 0.084100 0.302661
0 0.113990 0.314407 0.113990 0.313671 0.113705 0.312256 0.113414 0.311093 0.113065 0.310356 0.112464 0.309554 0.111707 0.308856 0.109920 0.308127 0.108378 0.308050 0.106914 0.308228 0.106153 0.309256 0.104437 0.310264 0.103053 0.313040 0.103082 0.314042 0.104476 0.315938 0.104767 0.317838 0.105369 0.318640 0.106019 0.318878 0.106575 0.318675 0.108515 0.318984 0.108595 0.321851 0.109018 0.322006 0.109836 0.321752 0.110137 0.320799 0.110979 0.319898 0.111868 0.319843 0.112181 0.319729 0.112436 0.319389 0.112469 0.318717 0.113647 0.315977 0.113959 0.314556
0 0.137590 0.293113 0.136580 0.294661 0.136267 0.294775 0.134522 0.294775 0.132938 0.293770 0.131971 0.292078 0.131785 0.290664 0.131324 0.289808 0.131152 0.289104 0.131092 0.287717 0.130354 0.286964 0.130247 0.286461 0.130333 0.285786 0.130567 0.285473 0.131181 0.285215 0.132297 0.285274 0.132722 0.284669 0.133423 0.284296 0.135114 0.284410 0.135543 0.285154 0.136362 0.288603 0.137353 0.291245 0.137676 0.292696
0 0.121899 0.035404 0.122035 0.042616 0.122763 0.045404 0.122626 0.046919 0.121172 0.047101 0.121081 0.051162 0.117035 0.051101 0.115899 0.053162 0.114172 0.053222 0.114217 0.050192 0.115217 0.047465 0.114899 0.045707 0.116308 0.038616 0.119535 0.032859 0.121581 0.031222 0.123717 0.031343 0.123717 0.034131
0 0.131217 0.044919 0.123854 0.034313 0.123808 0.031283 0.121354 0.030980 0.120308 0.032071 0.116945 0.027465 0.115672 0.026010 0.115808 0.022071 0.118354 0.018131 0.120263 0.018374 0.120308 0.021525 0.118490 0.023525 0.120535 0.024616 0.121808 0.024677 0.122899 0.026919 0.124672 0.027162 0.126763 0.028071 0.127808 0.028010 0.128172 0.030071 0.130399 0.034313 0.131263 0.036434 0.132081 0.039586 0.132217 0.044859
0 0.138423 0.039641 0.138340 0.035518 0.137484 0.034451 0.135192 0.034451 0.135137 0.030254 0.133646 0.030033 0.133702 0.028966 0.135248 0.028046 0.135220 0.027125 0.134337 0.026058 0.132073 0.026058 0.131935 0.027972 0.129698 0.030218 0.129781 0.031175 0.131962 0.036549 0.133564 0.036623 0.133619 0.039420 0.134392 0.039641 0.134309 0.042586 0.135966 0.042549
0 0.146963 0.027147 0.146179 0.025879 0.145357 0.024883 0.144595 0.023913 0.143787 0.022926 0.142919 0.020887 0.142919 0.019918 0.143562 0.019769 0.144372 0.017533 0.146161 0.017570 0.147642 0.019694 0.148565 0.019732 0.150018 0.021893 0.149990 0.024054 0.149263 0.025061 0.148453 0.027110
0 0.159363 0.017680 0.157044 0.017718 0.156328 0.015580 0.156213 0.009279 0.158848 0.006338 0.160194 0.006262 0.163230 0.008324 0.163287 0.017680 0.161741 0.018749 0.160079 0.018788
0 0.168604 0.011296 0.167013 0.007280 0.167070 0.000000 0.177526 0.000082 0.180652 0.001295 0.181220 0.002280 0.181220 0.004856 0.180368 0.005462 0.180481 0.009629 0.178890 0.011599 0.176674 0.011599 0.176617 0.014554 0.175196 0.014479 0.173094 0.012357 0.170707 0.012509 0.170309 0.013569
0 0.167918 0.013631 0.165685 0.008412 0.164178 0.008412 0.162119 0.007523 0.160293 0.006209 0.159336 0.004237 0.157915 0.004199 0.157132 0.003039 0.154900 0.003039 0.153943 0.000140 0.167048 0.000024 0.167019 0.007253 0.168614 0.011389 0.170353 0.013593
0 0.123442 0.006415 0.130642 0.000230 0.114889 0.000294 0.114841 0.002807 0.112521 0.002098 0.112618 0.004933 0.114744 0.006415
0 0.135184 0.014598 0.136054 0.011441 0.140500 0.005062 0.142046 0.003967 0.142143 0.001841 0.139872 0.000000 0.133880 0.000036 0.134266 0.002098 0.136682 0.005126 0.136586 0.006286 0.134315 0.008670 0.134266 0.011312 0.131898 0.012665 0.130449 0.013760 0.130449 0.014726
0 0.116429 0.065677 0.116301 0.063404 0.113019 0.058232 0.111271 0.057152 0.108585 0.057265 0.108671 0.059425 0.106113 0.059425 0.106198 0.061357 0.108500 0.063574 0.108244 0.064370 0.106284 0.064313 0.105346 0.063290 0.104742 0.063465 0.104679 0.069436 0.104726 0.072509 0.105824 0.072955 0.106120 0.073350 0.106206 0.073972 0.106120 0.074389 0.105855 0.074742 0.104653 0.075317 0.104621 0.076021 0.106156 0.077840 0.107690 0.078181 0.107943 0.077659 0.107910 0.076646 0.108081 0.075832 0.108785 0.074837 0.109232 0.074488 0.109231 0.073463 0.109531 0.072251 0.109850 0.071825 0.110376 0.071597 0.111698 0.071675
0 0.096792 0.073757 0.096589 0.072726 0.096042 0.071996 0.095307 0.071728 0.095339 0.069041 0.095092 0.067993 0.095571 0.067563 0.095649 0.067188 0.095571 0.066518 0.095322 0.066194 0.095267 0.065793 0.094931 0.065533 0.093118 0.065520 0.092921 0.064865 0.092978 0.063686 0.092804 0.063621 0.091626 0.063823 0.091366 0.064400 0.091405 0.065412 0.091562 0.065621 0.092104 0.065778 0.092211 0.066551 0.092610 0.066916 0.092424 0.067935 0.092061 0.068624 0.091518 0.069102 0.091399 0.069491 0.091655 0.072157 0.091904 0.072291 0.092451 0.073020 0.092654 0.074010 0.092483 0.075114 0.092186 0.075446 0.092108 0.075989 0.092249 0.076617 0.092681 0.077193 0.093247 0.077297 0.093681 0.076988 0.094857 0.077136 0.095600 0.076866 0.096146 0.076136 0.096589 0.074747
0 0.091222 0.064326 0.091081 0.063343 0.090510 0.062537 0.089724 0.061751 0.088921 0.061345 0.087954 0.061663 0.087579 0.062163 0.087440 0.063355 0.086602 0.063312 0.086701 0.060787 0.086560 0.060110 0.086185 0.059610 0.085677 0.059423 0.085170 0.059610 0.084467 0.060591 0.084321 0.061396 0.084023 0.061532 0.083648 0.062032 0.083507 0.062709 0.083648 0.063823 0.083930 0.064200 0.084467 0.065833 0.085776 0.068159 0.085981 0.069009 0.085859 0.071957 0.086000 0.072648 0.085934 0.074820 0.086107 0.075051 0.087952 0.075028 0.088165 0.074744 0.088306 0.074067 0.088174 0.072944 0.088174 0.070058 0.088192 0.067777 0.088333 0.067099 0.088469 0.066694 0.089216 0.066412 0.089494 0.066507 0.089899 0.065864 0.090543 0.065677 0.091081 0.065003
0 0.108623 0.056852 0.108537 0.053782 0.108422 0.053229 0.107969 0.052891 0.107853 0.052253 0.107345 0.052066 0.105067 0.052257 0.104738 0.052379 0.104543 0.052887 0.103456 0.053148 0.103108 0.053681 0.103005 0.054874 0.102482 0.055343 0.102269 0.056500 0.102293 0.058195 0.102482 0.059191 0.103048 0.060075 0.103604 0.060295 0.104112 0.060107 0.104487 0.059607 0.104613 0.058383 0.105835 0.058440 0.106678 0.058189 0.107053 0.057689 0.107123 0.057351 0.107561 0.057513 0.108428 0.057300 0.108569 0.057112
0 0.115061 0.047841 0.114674 0.049041 0.113492 0.049080 0.112965 0.050068 0.112544 0.050297 0.112524 0.050778 0.111788 0.051089 0.111124 0.051089 0.110616 0.050901 0.110241 0.050401 0.110177 0.050092 0.109633 0.049886 0.109135 0.049222 0.108767 0.048534 0.108626 0.047844 0.106184 0.047844 0.105470 0.048050 0.104785 0.048893 0.104730 0.049684 0.104120 0.050007 0.103047 0.049787 0.102475 0.049025 0.102286 0.048119 0.102426 0.047441 0.102801 0.046941 0.103703 0.046689 0.105455 0.044746 0.105943 0.044522 0.106365 0.043796 0.106899 0.043609 0.107274 0.043108 0.107954 0.042887 0.109150 0.043108 0.109574 0.043673 0.109738 0.044635 0.110238 0.045181 0.110378 0.045860 0.110689 0.046208 0.111560 0.046460 0.112255 0.046460 0.112582 0.046024 0.113090 0.045836 0.114635 0.045800 0.114971 0.046061 0.115202 0.047164
0 0.136682 0.052894 0.136310 0.053178 0.135947 0.053153 0.135922 0.053865 0.135687 0.054178 0.135375 0.054293 0.134505 0.054178 0.134270 0.053865 0.134185 0.053380 0.133857 0.053266 0.133623 0.052954 0.133524 0.052517 0.132746 0.052480 0.132485 0.053003 0.132173 0.053117 0.131555 0.053003 0.131302 0.052666 0.131216 0.052249 0.131297 0.050451 0.131492 0.050003 0.131823 0.049981 0.131896 0.049290 0.132130 0.048978 0.132443 0.048863 0.136076 0.048815 0.136389 0.048930 0.136623 0.049242 0.136709 0.049659 0.136737 0.052633
0 0.138975 0.044634 0.138921 0.042946 0.138478 0.042636 0.138073 0.041901 0.137364 0.041800 0.136835 0.042203 0.136759 0.042799 0.136357 0.042799 0.136021 0.043060 0.135947 0.044655 0.135391 0.044728 0.135229 0.045001 0.135229 0.045579 0.135565 0.045840 0.135945 0.045797 0.136021 0.046550 0.136162 0.046738 0.137128 0.046811 0.137688 0.046366 0.138921 0.044894
0 0.146896 0.059301 0.143761 0.059336 0.143709 0.057281 0.145381 0.055295 0.148385 0.055156 0.148463 0.058291 0.146948 0.058361
0 0.150057 0.057316 0.151494 0.057385 0.153114 0.056271 0.153898 0.056271 0.153924 0.053275 0.153166 0.053136 0.153166 0.052125 0.150789 0.052091 0.150031 0.054146
0 0.143741 0.064506 0.143741 0.063499 0.139868 0.063448 0.139793 0.062441 0.136751 0.062289 0.137601 0.060551 0.139868 0.060350 0.139925 0.058335 0.135146 0.058335 0.135164 0.062541 0.135901 0.062617 0.135826 0.063524 0.134352 0.063675 0.133596 0.065639 0.133596 0.066647 0.135259 0.066672 0.135882 0.065639 0.136751 0.065665 0.136770 0.063675 0.138225 0.063624 0.138300 0.065690 0.137564 0.065740 0.137564 0.068687 0.139143 0.070811 0.141852 0.070795 0.142188 0.070534 0.142214 0.070141 0.142966 0.069846 0.142966 0.068763 0.141730 0.067646 0.141134 0.067621 0.140723 0.067285 0.140567 0.065639 0.141654 0.065547
0 0.118564 0.126032 0.115522 0.125900 0.105437 0.122726 0.103883 0.120874 0.100114 0.120962 0.098428 0.118846 0.098395 0.116598 0.099354 0.115672 0.100841 0.115628 0.101536 0.116510 0.102296 0.116466 0.103850 0.114746 0.103189 0.114658 0.103090 0.112410 0.100742 0.112410 0.100742 0.111660 0.102396 0.110470 0.109405 0.110294 0.109372 0.109368 0.111819 0.109324 0.111786 0.110249 0.112480 0.110205 0.112513 0.107163 0.113274 0.106282 0.115753 0.106282 0.115720 0.107207 0.117374 0.107119 0.121903 0.110426 0.122631 0.110470 0.122664 0.112454 0.121738 0.113424 0.120449 0.113644 0.120349 0.112542 0.118762 0.112454 0.115654 0.110514 0.114894 0.110514 0.114927 0.112277 0.119457 0.113600 0.119589 0.117347 0.120548 0.118670 0.124152 0.118758 0.125805 0.121756 0.125838 0.122946 0.124945 0.123916 0.122796 0.123740 0.122763 0.125988 0.124251 0.127090 0.124284 0.129250 0.121011 0.129118 0.121077 0.127002 0.118861 0.127046
0 0.137459 0.127292 0.136100 0.134165 0.134272 0.134102 0.132632 0.130291 0.131851 0.124941 0.131475 0.124935 0.131280 0.124487 0.131273 0.117733 0.125744 0.120482 0.123401 0.116171 0.123682 0.115608 0.125275 0.115483 0.126493 0.113547 0.128977 0.113359 0.128977 0.112297 0.132210 0.112297 0.132163 0.113359 0.132679 0.113297 0.133335 0.114421 0.135162 0.114359 0.135209 0.112672 0.136849 0.112484 0.136802 0.113547 0.138021 0.113484 0.138161 0.116608 0.136006 0.116733 0.136006 0.119482 0.139052 0.122731 0.139099 0.124168
0 0.153798 0.115377 0.153563 0.115689 0.153251 0.115804 0.148324 0.115765 0.147925 0.115612 0.147518 0.115146 0.147262 0.114498 0.146600 0.113999 0.146048 0.113110 0.145732 0.111426 0.145818 0.110702 0.146052 0.110389 0.146480 0.110236 0.147347 0.110237 0.147838 0.109659 0.148266 0.109506 0.150283 0.109468 0.150596 0.109582 0.150992 0.110215 0.152497 0.110389 0.152760 0.110779 0.152962 0.111695 0.153047 0.113299 0.153333 0.113424 0.153740 0.113929 0.153884 0.114960
0 0.185056 0.064445 0.184548 0.058402 0.182811 0.058458 0.182811 0.049139 0.181202 0.048631 0.181202 0.046484 0.182642 0.045242 0.182727 0.042813 0.179761 0.042757 0.179719 0.041796 0.181414 0.038690 0.183447 0.038464 0.183701 0.039820 0.185988 0.042870 0.185988 0.044621 0.187513 0.044564 0.187429 0.041401 0.189462 0.038521 0.190818 0.038408 0.190563 0.046089 0.189208 0.045976 0.189250 0.048969 0.189928 0.048969 0.189970 0.052415 0.189165 0.052302 0.189123 0.054166 0.190055 0.053940 0.191326 0.056086 0.191411 0.057329 0.190140 0.057159 0.190013 0.059588 0.192808 0.062694 0.192893 0.064558 0.191538 0.065575 0.189843 0.065575 0.189843 0.064502 0.189293 0.063428 0.187640 0.063372 0.186878 0.064558
0 0.115628 0.094780 0.114125 0.094780 0.114072 0.093725 0.113202 0.093760 0.113255 0.092706 0.111594 0.092636 0.111594 0.090667 0.110882 0.090245 0.110882 0.089577 0.112438 0.089436 0.112464 0.087538 0.114046 0.087573 0.117263 0.091757 0.118001 0.093796 0.117975 0.096995 0.115628 0.096889
0 0.402677 0.456969 0.379509 0.433859 0.379509 0.432091 0.397902 0.432091 0.401263 0.440698 0.403385 0.447537 0.403915 0.456497 0.403739 0.457323
0 0.379421 0.436336 0.377387 0.436100 0.373584 0.429733 0.375530 0.428672 0.370973 0.423370 0.367849 0.423390 0.366213 0.419153 0.365353 0.416923 0.362521 0.416429 0.358198 0.412047 0.355545 0.408392 0.354041 0.405326 0.354041 0.379977 0.355810 0.379859 0.366952 0.390470 0.368809 0.390352 0.368897 0.388112 0.371462 0.388112 0.373407 0.392121 0.373319 0.400139 0.381454 0.406505 0.381631 0.411457 0.380393 0.412519 0.380747 0.418060 0.388706 0.424663 0.390209 0.424545 0.392243 0.422423 0.394542 0.422423 0.395603 0.427493 0.397814 0.431501 0.379421 0.431737
0 0.837780 0.581240 0.840191 0.560941 0.838542 0.558911 0.832579 0.559419 0.829407 0.560772 0.823317 0.560941 0.815198 0.560096 0.810884 0.557389 0.810123 0.565678 0.809235 0.572275 0.810377 0.575150 0.827124 0.577688 0.832071 0.579718
0 0.835370 0.558235 0.836131 0.556036 0.831056 0.551130 0.802765 0.537259 0.798198 0.537259 0.795787 0.539120 0.795026 0.546394 0.796168 0.550115 0.801750 0.554513 0.810377 0.556881 0.816086 0.560096 0.827885 0.560603
0 0.831945 0.586653 0.831940 0.587500 0.831282 0.587500 0.829472 0.588879 0.828185 0.592012 0.826581 0.600040 0.822408 0.611089 0.816847 0.610335 0.815071 0.607629 0.801369 0.602216 0.800735 0.599171 0.782466 0.594265 0.771809 0.586991 0.771175 0.582762 0.765466 0.579210 0.756712 0.574981 0.759376 0.563309 0.748339 0.560772 0.743518 0.561618 0.743264 0.564494 0.740727 0.564494 0.736921 0.559419 0.740092 0.545886 0.737682 0.545886 0.737936 0.541488 0.744025 0.543180 0.744660 0.546394 0.749100 0.546225 0.751003 0.543180 0.768130 0.543011 0.769779 0.545717 0.775615 0.545548 0.782593 0.549608 0.798451 0.564324 0.807205 0.568723 0.832071 0.579379
0 0.738316 0.596972 0.756331 0.574981 0.759122 0.562971 0.743137 0.560941 0.743010 0.564494 0.740346 0.564832 0.729816 0.575658 0.734764 0.593081
0 0.766481 0.599509 0.758108 0.596803 0.750876 0.590882 0.748466 0.587161 0.748846 0.584962 0.751510 0.584792 0.752018 0.581071 0.753667 0.579887 0.753794 0.577688 0.757346 0.577688 0.759630 0.579379 0.760137 0.580056 0.765973 0.579887 0.771175 0.583270 0.772190 0.587161
0 0.760714 0.626074 0.753099 0.635237 0.749478 0.635237 0.748549 0.633875 0.748456 0.629789 0.752542 0.623350 0.750870 0.623226 0.751706 0.620378 0.753935 0.620378 0.753564 0.618521 0.750685 0.616416 0.750778 0.607501 0.748827 0.607254 0.748827 0.596729 0.750778 0.596729 0.752913 0.592643 0.757928 0.596977 0.761921 0.598215 0.763779 0.603044 0.767679 0.606511 0.768555 0.608562 0.769629 0.611216 0.769785 0.611104 0.773158 0.611463 0.776687 0.620378 0.776501 0.625703 0.774087 0.625579 0.772694 0.627931 0.768607 0.629046 0.768143 0.634494 0.762571 0.636846 0.761364 0.635608
0 0.792303 0.609783 0.790408 0.607256 0.788228 0.607256 0.787234 0.608204 0.786475 0.607762 0.780979 0.602076 0.776336 0.601886 0.775531 0.603150 0.770935 0.603403 0.768898 0.608393 0.769845 0.611110 0.773399 0.611362 0.776905 0.620080 0.776763 0.624502 0.777663 0.625008 0.779842 0.624945 0.781595 0.623492 0.781595 0.624755 0.780458 0.624818 0.780458 0.626966 0.784391 0.626840 0.786096 0.624629 0.786381 0.618817 0.785101 0.616353 0.782875 0.616353 0.783606 0.614712 0.783947 0.614474 0.784264 0.613860 0.786096 0.611489 0.787281 0.611615 0.788892 0.615532 0.790787 0.615532 0.792208 0.613447
0 0.804226 0.822984 0.796135 0.818478 0.795623 0.818342 0.777291 0.800317 0.773195 0.800454 0.773092 0.795811 0.770020 0.795538 0.769815 0.782156 0.783129 0.780517 0.802997 0.789939 0.809961 0.795401 0.816003 0.797176 0.816618 0.801136 0.816618 0.804004 0.814774 0.805506 0.812726 0.805506 0.812624 0.817522 0.810268 0.817796 0.809347 0.822302
0 0.853906 0.760417 0.855469 0.760417 0.856250 0.761458 0.856244 0.767389 0.856308 0.770572 0.855469 0.770833 0.855469 0.771875 0.848713 0.788175 0.842960 0.797681 0.844643 0.798131 0.844535 0.801044 0.842858 0.801043 0.840645 0.804245 0.838901 0.802733 0.837715 0.801258 0.836744 0.799318 0.836368 0.798384 0.835935 0.797796 0.833273 0.797093 0.831250 0.795833 0.830469 0.792708 0.829688 0.791667 0.829551 0.787680 0.830901 0.786818 0.842969 0.770833 0.843750 0.769792 0.853906 0.760417
0 0.819531 0.787500 0.824219 0.787500 0.825000 0.787500 0.827344 0.789583 0.828125 0.789583 0.831250 0.795833 0.832031 0.796875 0.835156 0.797917 0.835938 0.797917 0.838281 0.802083 0.839063 0.803125 0.839063 0.812500 0.839063 0.813542 0.836719 0.819792 0.836719 0.820833 0.832031 0.828125 0.831250 0.829167 0.830469 0.833333 0.830469 0.834375 0.827344 0.838542 0.826562 0.839583 0.818750 0.843750 0.817969 0.843750 0.814063 0.832292 0.814063 0.831250 0.810937 0.826042 0.810156 0.825000 0.810156 0.819792 0.810156 0.818750 0.812500 0.814583 0.813281 0.813542 0.814844 0.805208 0.815625 0.804167 0.815625 0.798958 0.815625 0.797917 0.814063 0.793750 0.814063 0.792708 0.819531 0.787500
0 0.429784 0.672917 0.433690 0.675000 0.434471 0.675000 0.438377 0.679167 0.439159 0.679167 0.445409 0.687500 0.446190 0.688542 0.446971 0.693750 0.446971 0.694792 0.432512 0.702980 0.429713 0.705175 0.426659 0.703125 0.425877 0.703125 0.408594 0.690352 0.407108 0.688542 0.407088 0.686544 0.407825 0.685545 0.411549 0.685461 0.413234 0.683348 0.429784 0.672917
0 0.457765 0.680060 0.457773 0.679167 0.460156 0.679167 0.463233 0.680102 0.466454 0.680272 0.467187 0.681250 0.468379 0.684340 0.468978 0.684309 0.469500 0.684354 0.469436 0.685976 0.465330 0.696251 0.462500 0.703125 0.460156 0.705208 0.459375 0.706250 0.447656 0.701042 0.449937 0.699086 0.446971 0.694792 0.446747 0.692772 0.446030 0.688521 0.445197 0.687221 0.443814 0.685395 0.445312 0.685230 0.445312 0.684375 0.446094 0.683333 0.448393 0.683198 0.448487 0.682401 0.453933 0.680279 0.456983 0.680123
0 0.425000 0.658333 0.439844 0.661458 0.440625 0.661458 0.441891 0.661809 0.442188 0.665625 0.442969 0.666667 0.444445 0.669193 0.443207 0.671581 0.442944 0.675753 0.442188 0.677083 0.441380 0.682084 0.439063 0.679167 0.437327 0.677974 0.434502 0.675024 0.432748 0.674215 0.429661 0.672660 0.428349 0.673515 0.427440 0.674283 0.420076 0.678936 0.418718 0.679722 0.415829 0.681609 0.414241 0.681314 0.413281 0.680208 0.411763 0.679013 0.410176 0.677803 0.408594 0.675000 0.407813 0.673958 0.412500 0.667708 0.413281 0.666667 0.425000 0.658333
0 0.196269 0.111278 0.194535 0.107277 0.194425 0.101919 0.195278 0.101038 0.195278 0.099901 0.194535 0.098946 0.194535 0.096854 0.192966 0.096854 0.192966 0.099020 0.191315 0.099020 0.188287 0.095680 0.188232 0.092670 0.188975 0.091643 0.191287 0.091312 0.191397 0.087275 0.192994 0.087349 0.192278 0.086541 0.190516 0.086431 0.189113 0.085404 0.189113 0.084486 0.189801 0.083348 0.189856 0.082211 0.191342 0.081293 0.192085 0.081256 0.192994 0.082321 0.192966 0.085257 0.193765 0.086248 0.194425 0.086358 0.194508 0.085330 0.196049 0.082211 0.198527 0.076155 0.199325 0.072962 0.200756 0.071934 0.200756 0.070833 0.201554 0.070797 0.202408 0.071971 0.202353 0.073916 0.203233 0.073879 0.203894 0.074870 0.205546 0.074944 0.206206 0.073953 0.207748 0.073843 0.208573 0.075017 0.208573 0.079201 0.207748 0.080192 0.205463 0.080302 0.203922 0.078137 0.203922 0.080155 0.204637 0.082174 0.204665 0.084413 0.203123 0.087459 0.203178 0.088597 0.202325 0.088633 0.202490 0.091679 0.203206 0.091679 0.203096 0.092781 0.200839 0.092817 0.200040 0.093625 0.200040 0.094799 0.199187 0.094799 0.199105 0.096854 0.200013 0.096781 0.200013 0.103204 0.200013 0.104121
0 0.200835 0.096833 0.202329 0.094789 0.203135 0.094789 0.203037 0.092744 0.203941 0.092665 0.204728 0.093714 0.206320 0.093740 0.207000 0.093743 0.207008 0.094789 0.209269 0.094684 0.209328 0.096886 0.207028 0.096938 0.205455 0.099036 0.205475 0.101133 0.203096 0.103125 0.199989 0.103230 0.199970 0.096676
0 0.209387 0.104147 0.209348 0.103046 0.208640 0.102129 0.208601 0.098852 0.210135 0.096964 0.211747 0.096912 0.212553 0.097961 0.212514 0.099979 0.211000 0.102103 0.210941 0.104252
0 0.194583 0.069834 0.194486 0.068930 0.194181 0.068397 0.192907 0.067638 0.192188 0.066667 0.191122 0.066605 0.190841 0.066709 0.190583 0.067218 0.189863 0.067700 0.189069 0.067649 0.188234 0.068741 0.187980 0.069687 0.187512 0.070064 0.187397 0.071861 0.186761 0.071832 0.185969 0.069751 0.182827 0.069892 0.182795 0.070727 0.186721 0.074105 0.186762 0.075016 0.185100 0.074973 0.185194 0.079157 0.185956 0.079125 0.186622 0.080071 0.186775 0.080866 0.187210 0.081596 0.187960 0.082445 0.188079 0.082982 0.188290 0.083263 0.188571 0.083367 0.188853 0.083263 0.189064 0.082982 0.189125 0.082502 0.189665 0.082180 0.190182 0.081250 0.190625 0.081250 0.190635 0.079201 0.191347 0.078353 0.192105 0.078354 0.192707 0.078124 0.193126 0.077666 0.193234 0.077346 0.193973 0.077066 0.194297 0.076709 0.194561 0.075020 0.194564 0.069926
0 0.214039 0.024672 0.213547 0.025058 0.206280 0.025032 0.206210 0.028857 0.205718 0.029242 0.204812 0.029048 0.204699 0.028519 0.204468 0.028211 0.203974 0.028108 0.203896 0.027528 0.203625 0.027194 0.203107 0.027090 0.202661 0.026256 0.201832 0.026001 0.201013 0.025962 0.200802 0.025681 0.200775 0.025064 0.199801 0.024459 0.199455 0.024020 0.199174 0.022858 0.199253 0.021110 0.199745 0.020725 0.201393 0.020604 0.201463 0.020143 0.202141 0.019600 0.204514 0.019817 0.204800 0.020456 0.205223 0.020559 0.205384 0.020916 0.205418 0.019903 0.205249 0.018471 0.205344 0.018006 0.205639 0.017612 0.208856 0.017373 0.210470 0.017860 0.211051 0.018431 0.211432 0.018534 0.211643 0.018816 0.211772 0.019416 0.211839 0.021580 0.212377 0.021729 0.212533 0.021938 0.213052 0.021954 0.213263 0.022235 0.213311 0.022778 0.213710 0.022921 0.213988 0.023338 0.214117 0.024298
0 0.294531 0.009375 0.293750 0.008333 0.291406 0.000000 0.280469 0.000000 0.279552 0.008822 0.279687 0.015862 0.280469 0.021875 0.281396 0.025056 0.285694 0.025060 0.288420 0.023889 0.293750 0.017708
0 0.294867 0.000158 0.313281 0.000000 0.314063 0.000000 0.314784 0.001478 0.315625 0.005208 0.315615 0.019672 0.310514 0.022770 0.302344 0.032292 0.301266 0.036260 0.299288 0.036497 0.299219 0.034375 0.296104 0.028362 0.295204 0.017909 0.294008 0.017338 0.294601 0.010681 0.291604 0.000237
0 0.379253 0.005209 0.381250 0.005208 0.382031 0.006250 0.382031 0.009375 0.382031 0.010417 0.378820 0.018865 0.378038 0.020833 0.376563 0.021875 0.376215 0.023843 0.373568 0.023785 0.370876 0.024653 0.367274 0.025290 0.367188 0.022917 0.366406 0.020833 0.365625 0.019792 0.365625 0.014583 0.367405 0.013600 0.375823 0.007409
0 0.487800 0.059495 0.489844 0.059375 0.490625 0.059375 0.493750 0.062500 0.494531 0.063542 0.495312 0.066667 0.496003 0.067587 0.496859 0.068789 0.496889 0.072836 0.495042 0.074118 0.491706 0.077945 0.489844 0.079167 0.481565 0.082331 0.479883 0.082091 0.476576 0.072956 0.472552 0.071674 0.467865 0.068189 0.466903 0.066066 0.467849 0.064724 0.470207 0.062662 0.473125 0.062703 0.477825 0.069369 0.480953 0.064720
0 0.538281 0.061458 0.552344 0.062500 0.553125 0.062500 0.556250 0.065625 0.557031 0.065625 0.558594 0.069792 0.559375 0.070833 0.560128 0.072329 0.560156 0.078125 0.560937 0.079167 0.560970 0.088438 0.560970 0.090410 0.554216 0.093742 0.552001 0.095869 0.550188 0.095818 0.548438 0.093750 0.545312 0.091667 0.544531 0.090625 0.539909 0.089687 0.539657 0.091708 0.537578 0.091607 0.535207 0.092279 0.535062 0.087599 0.535980 0.085373 0.538043 0.084300 0.538281 0.080208 0.538320 0.062708 0.538281 0.061458
0 0.942099 0.128007 0.943750 0.127083 0.944704 0.128202 0.944454 0.140257 0.943767 0.140638 0.943750 0.144792 0.943923 0.147603 0.939551 0.155250 0.938281 0.157292 0.935937 0.160417 0.935156 0.161458 0.932813 0.161458 0.932204 0.160535 0.931250 0.160417 0.930469 0.159375 0.930554 0.156283 0.932147 0.156148 0.932065 0.150796 0.932078 0.145199 0.933358 0.143904 0.934109 0.142401 0.936887 0.139213 0.936870 0.137095 0.937644 0.133880 0.938731 0.133119 0.941118 0.128699
0 0.855469 0.171875 0.858594 0.172917 0.859375 0.172917 0.866406 0.183333 0.866406 0.184375 0.869531 0.186458 0.870313 0.187500 0.874194 0.185702 0.882031 0.184375 0.906069 0.184419 0.907813 0.186458 0.908594 0.192708 0.908594 0.193750 0.907813 0.196875 0.907031 0.197917 0.906250 0.207292 0.906250 0.208333 0.903906 0.212500 0.903717 0.215195 0.902667 0.217663 0.896875 0.231250 0.896094 0.232292 0.894228 0.235318 0.892188 0.236054 0.882489 0.236943 0.880105 0.236333 0.871875 0.227083 0.870238 0.225614 0.867068 0.226809 0.864844 0.223958 0.855469 0.213542 0.854688 0.212500 0.853125 0.212500 0.853161 0.208462 0.851738 0.207447 0.850737 0.199992 0.845783 0.200103 0.841687 0.202263 0.838235 0.203948 0.837530 0.206300 0.834506 0.204101 0.833425 0.199331 0.836419 0.197363 0.842187 0.193750 0.842969 0.193750 0.846875 0.185417 0.847656 0.184375 0.852344 0.182292 0.853125 0.181250 0.853125 0.176042 0.853125 0.175000 0.855469 0.171875
0 0.773438 0.731250 0.775781 0.732292 0.776563 0.733333 0.777344 0.739583 0.777344 0.740625 0.782031 0.748958 0.782813 0.750000 0.791406 0.754167 0.792188 0.754167 0.794531 0.757292 0.795312 0.758333 0.797443 0.762373 0.797656 0.767708 0.796875 0.771875 0.796875 0.772917 0.798438 0.784375 0.798438 0.785417 0.794531 0.785417 0.793750 0.785417 0.783737 0.780682 0.777936 0.780903 0.771496 0.781661 0.768821 0.782166 0.767520 0.776453 0.762287 0.776042 0.761363 0.770960 0.763281 0.769161 0.763731 0.760575 0.762500 0.756250 0.764844 0.752083 0.765625 0.751042 0.766406 0.746875 0.766406 0.745833 0.771094 0.734375 0.771094 0.733333 0.773438 0.731250
0 0.988281 0.746875 0.994531 0.746875 0.995313 0.746875 0.996094 0.748958 0.996875 0.750000 0.996981 0.756745 0.996094 0.758333 0.990625 0.770833 0.990625 0.771875 0.989844 0.772917 0.989634 0.775291 0.985897 0.775227 0.985754 0.773958 0.984375 0.773958 0.983594 0.773958 0.977344 0.771976 0.976562 0.770833 0.975781 0.767708 0.975734 0.763621 0.976773 0.760381 0.977982 0.760343 0.979287 0.763299 0.979773 0.763320 0.981250 0.752083 0.981250 0.751042 0.982812 0.748958 0.983594 0.747917 0.988281 0.746875
0 0.993664 0.746746 0.976209 0.747961 0.974843 0.745937 0.971757 0.745599 0.966445 0.743508 0.964168 0.736965 0.964421 0.726104 0.975754 0.718684 0.978031 0.718616 0.978132 0.717739 0.979195 0.717739 0.982010 0.724588 0.982078 0.724755 0.992602 0.725160 0.995132 0.726981 0.998825 0.726981 0.999938 0.725902 0.999989 0.741957
0 0.982960 0.706632 0.972455 0.694432 0.974431 0.685169 0.976126 0.685094 0.979233 0.688257 0.979684 0.687353 0.981379 0.687202 0.981209 0.689311 0.986293 0.692323 0.989287 0.692625 0.991207 0.693604 0.991263 0.694658 0.984372 0.706632
0 0.979515 0.709042 0.969743 0.703846 0.964152 0.695110 0.963982 0.689311 0.970591 0.689537 0.972681 0.691872 0.972568 0.694432 0.983017 0.706708 0.986349 0.707160 0.986406 0.708365 0.982170 0.709042 0.982057 0.710398 0.979797 0.710398
0 0.301232 0.076961 0.300845 0.078753 0.299829 0.080197 0.297497 0.082240 0.295231 0.085083 0.293275 0.087069 0.292633 0.087926 0.290367 0.090146 0.288890 0.090663 0.288246 0.090663 0.287491 0.090929 0.286280 0.090502 0.285397 0.089325 0.284814 0.088192 0.283948 0.087748 0.281973 0.086270 0.280166 0.085271 0.277312 0.084444 0.274350 0.084533 0.272166 0.085066 0.270900 0.085066 0.269556 0.084550 0.268673 0.083373 0.268116 0.082097 0.266674 0.080263 0.265742 0.078664 0.265421 0.076783 0.265742 0.075169 0.266624 0.073991 0.275831 0.071077 0.280295 0.069922 0.282227 0.069566 0.284641 0.069478 0.289889 0.068323 0.295686 0.068323 0.298163 0.069283 0.299779 0.071349 0.300312 0.072326 0.300778 0.073658 0.301232 0.075806 0.301232 0.076961
0 0.304497 0.098459 0.304497 0.096239 0.304109 0.094269 0.303843 0.093824 0.302893 0.092559 0.302161 0.091848 0.300561 0.090782 0.298618 0.090088 0.296685 0.090088 0.295220 0.090354 0.293142 0.091048 0.291943 0.091848 0.288945 0.095934 0.288720 0.096129 0.287213 0.096556 0.286330 0.097733 0.286009 0.099348 0.286282 0.100799 0.287757 0.100748 0.289235 0.101265 0.290565 0.103039 0.293887 0.103633 0.295819 0.103633 0.296945 0.103236 0.297818 0.103544 0.301549 0.103278 0.302960 0.102761 0.304109 0.101318 0.304430 0.099703 0.304496 0.098459
0 0.291927 0.091688 0.291533 0.090634 0.290958 0.089964 0.290677 0.089860 0.288267 0.090799 0.287245 0.090847 0.286079 0.090444 0.285691 0.090063 0.285196 0.088918 0.284669 0.088216 0.283320 0.087496 0.282470 0.087431 0.280187 0.087852 0.279129 0.088216 0.277964 0.089284 0.277084 0.090716 0.276118 0.091259 0.275689 0.091799 0.275689 0.092743 0.276167 0.093284 0.277395 0.093906 0.278432 0.094103 0.279202 0.094935 0.282189 0.096359 0.283039 0.097071 0.284423 0.097881 0.285394 0.099111 0.285675 0.099215 0.286167 0.098830 0.286526 0.097141 0.287189 0.096638 0.288384 0.096165 0.289453 0.095291 0.290344 0.094265 0.290596 0.093605 0.291220 0.092804 0.291517 0.092701 0.291728 0.092420 0.291849 0.092063
0 0.482489 0.130037 0.481966 0.127276 0.480536 0.125370 0.478583 0.124672 0.478088 0.124849 0.477891 0.124587 0.475938 0.123889 0.473985 0.124587 0.472887 0.125267 0.469635 0.126389 0.468577 0.127016 0.466601 0.129260 0.464669 0.129766 0.464029 0.129766 0.462714 0.129296 0.461362 0.129061 0.455327 0.129061 0.454087 0.127408 0.452016 0.126710 0.449770 0.127564 0.448105 0.129784 0.447282 0.131195 0.446758 0.133920 0.444539 0.134618 0.442991 0.136759 0.442468 0.139363 0.442409 0.141244 0.443109 0.144553 0.443755 0.145729 0.445420 0.147948 0.447830 0.149829 0.450704 0.150919 0.450945 0.151240 0.452898 0.151938 0.453208 0.151827 0.453956 0.152094 0.455974 0.151389 0.457189 0.151311 0.457699 0.151311 0.459716 0.152094 0.461891 0.152016 0.462992 0.151703 0.463562 0.151703 0.463621 0.151998 0.464520 0.153196 0.462912 0.155538 0.461619 0.158829 0.461181 0.161384 0.461501 0.162999 0.462384 0.164176 0.463595 0.164603 0.464806 0.164176 0.465689 0.162999 0.465921 0.161826 0.466570 0.160334 0.466886 0.159209 0.467687 0.157826 0.469193 0.155740 0.470448 0.154615 0.471506 0.153988 0.472065 0.153326 0.473166 0.152934 0.473850 0.152023 0.474400 0.151759 0.474752 0.151289 0.475223 0.151054 0.475738 0.150366 0.476363 0.150143 0.477186 0.149516 0.478615 0.147610 0.479256 0.144255 0.479850 0.142829 0.480304 0.140969 0.481143 0.138911 0.482019 0.134504 0.481966 0.132642
0 0.460165 0.155921 0.459845 0.157536 0.458962 0.158713 0.458476 0.158884 0.457070 0.160522 0.456748 0.161109 0.456394 0.162772 0.455918 0.163882 0.453964 0.166646 0.453420 0.167207 0.452764 0.168404 0.451915 0.170251 0.451277 0.172847 0.450096 0.174262 0.448112 0.174927 0.446030 0.175086 0.444582 0.174689 0.441567 0.174530 0.439821 0.173944 0.439047 0.173468 0.437213 0.171181 0.436358 0.169328 0.434952 0.167532 0.434119 0.165628 0.433781 0.163908 0.433167 0.163089 0.432810 0.162296 0.432489 0.160284 0.432810 0.158670 0.433107 0.158035 0.434525 0.156065 0.435132 0.155531 0.435249 0.154941 0.436132 0.153764 0.437997 0.153258 0.449362 0.153099 0.450240 0.153258 0.454208 0.153258 0.457751 0.152623 0.458962 0.153050 0.459845 0.154227 0.460165 0.155921
0 0.466174 0.173771 0.465794 0.175544 0.464614 0.177038 0.462213 0.178336 0.461282 0.179577 0.460628 0.180053 0.459417 0.180480 0.458928 0.180308 0.457870 0.180639 0.456659 0.180212 0.455538 0.178638 0.454586 0.176575 0.454266 0.174485 0.454586 0.172870 0.455469 0.171693 0.456837 0.170820 0.457313 0.170344 0.459000 0.169679 0.459595 0.169679 0.460806 0.170106 0.461140 0.170552 0.463760 0.170472 0.464971 0.170900 0.465854 0.172077 0.466174 0.173771
0 0.610970 0.084036 0.610707 0.080429 0.610707 0.076968 0.610282 0.074934 0.609294 0.073687 0.606666 0.072909 0.605564 0.072979 0.604353 0.073407 0.603565 0.073967 0.602883 0.074876 0.601734 0.075919 0.600735 0.075989 0.599524 0.076416 0.598842 0.076836 0.596637 0.079915 0.596225 0.080258 0.594737 0.080979 0.592019 0.081944 0.590549 0.082714 0.590024 0.083204 0.588397 0.085513 0.587557 0.086283 0.586622 0.087530 0.586465 0.087810 0.586144 0.089425 0.586144 0.090544 0.586675 0.093419 0.587199 0.095308 0.587758 0.096403 0.588039 0.097408 0.588922 0.098585 0.590343 0.099152 0.590920 0.099152 0.592131 0.098725 0.594431 0.095938 0.595595 0.093966 0.596453 0.093274 0.597901 0.093274 0.598711 0.093014 0.600577 0.093833 0.601365 0.093833 0.603573 0.092916 0.604308 0.092356 0.605620 0.090817 0.607457 0.089207 0.609451 0.087878 0.610387 0.086631 0.610969 0.084036
0 0.669216 0.050959 0.669216 0.049778 0.669000 0.048691 0.669153 0.047586 0.668832 0.045971 0.668326 0.044622 0.667757 0.043778 0.667125 0.041586 0.666220 0.039537 0.666180 0.038393 0.665860 0.036779 0.664977 0.035601 0.663766 0.035174 0.662555 0.035601 0.661672 0.036779 0.661577 0.037242 0.661356 0.037538 0.661035 0.039658 0.661605 0.042010 0.661492 0.042711 0.661369 0.042092 0.660486 0.040915 0.659275 0.040488 0.658064 0.040915 0.657181 0.042092 0.656861 0.043706 0.656924 0.047034 0.656612 0.047911 0.656102 0.050284 0.655912 0.052140 0.655912 0.052814 0.656296 0.054851 0.656883 0.055718 0.657371 0.057128 0.658317 0.058389 0.658833 0.058571 0.659076 0.058895 0.660287 0.059322 0.661498 0.058895 0.662381 0.057718 0.662448 0.057379 0.663965 0.056787 0.665083 0.055633 0.666233 0.055949 0.667633 0.055438 0.668769 0.053839 0.669216 0.050959
0 0.864584 0.505699 0.867376 0.505360 0.865853 0.480659 0.862808 0.464924 0.861158 0.463401 0.850499 0.485734 0.864965 0.502653
0 0.883273 0.496912 0.882936 0.498549 0.883089 0.499748 0.882768 0.501363 0.881839 0.502602 0.880582 0.503029 0.879371 0.502602 0.878488 0.501425 0.878289 0.500419 0.878076 0.500135 0.876966 0.499149 0.874465 0.496184 0.873448 0.494519 0.871737 0.491189 0.871139 0.488157 0.871185 0.485875 0.871505 0.484261 0.872388 0.483084 0.873599 0.482657 0.874810 0.483084 0.875693 0.484261 0.876080 0.485763 0.876937 0.486906 0.877677 0.487708 0.878741 0.488140 0.880204 0.489906 0.880960 0.490544 0.881982 0.491906 0.882814 0.493694 0.883274 0.496172 0.883274 0.496912
0 0.808416 0.565505 0.807869 0.566235 0.807127 0.566505 0.805670 0.566376 0.804442 0.565911 0.803247 0.564835 0.801771 0.564422 0.799483 0.563119 0.797546 0.562350 0.796186 0.561508 0.794487 0.560019 0.792398 0.558659 0.791427 0.557429 0.790941 0.557040 0.789520 0.555145 0.788019 0.552826 0.785211 0.550306 0.783293 0.547814 0.779220 0.547015 0.778038 0.546951 0.777295 0.546680 0.776748 0.545951 0.776545 0.544961 0.776748 0.543907 0.777830 0.542401 0.779494 0.541677 0.782651 0.541612 0.784510 0.542206 0.785543 0.543454 0.786073 0.544414 0.787084 0.544861 0.787631 0.545590 0.788038 0.547816 0.790678 0.550559 0.792779 0.553296 0.792925 0.554009 0.793992 0.555302 0.795728 0.556387 0.797719 0.558070 0.798854 0.558795 0.800924 0.559624 0.802946 0.560778 0.804567 0.561243 0.805871 0.562399 0.807127 0.562526 0.807869 0.562797 0.808416 0.563526 0.808619 0.564516
0 0.292417 0.140886 0.292214 0.139896 0.292029 0.139649 0.292169 0.138835 0.291470 0.135067 0.289783 0.130900 0.287301 0.127458 0.286209 0.126135 0.284820 0.124812 0.281298 0.122166 0.278422 0.121102 0.276884 0.120705 0.274800 0.120705 0.273560 0.120969 0.272421 0.121439 0.271725 0.122300 0.271522 0.123356 0.271697 0.124209 0.272667 0.123946 0.273409 0.124217 0.273968 0.125004 0.274997 0.125275 0.275642 0.125672 0.276586 0.126931 0.277100 0.128477 0.277531 0.129044 0.281414 0.132431 0.282637 0.133081 0.283332 0.133809 0.284573 0.135332 0.285222 0.136461 0.287175 0.138528 0.289984 0.142604 0.290925 0.142875 0.291667 0.142604 0.292214 0.141875
0 0.284860 0.116870 0.284657 0.115881 0.284110 0.115151 0.281243 0.113830 0.280214 0.113023 0.278930 0.111472 0.277508 0.107398 0.277234 0.106003 0.277234 0.104708 0.277554 0.104281 0.277757 0.103291 0.277554 0.102302 0.276992 0.101080 0.275835 0.096814 0.275626 0.096189 0.275278 0.095681 0.275077 0.093522 0.274640 0.091244 0.274470 0.089472 0.274508 0.088484 0.274633 0.087870 0.275045 0.087394 0.275204 0.086619 0.275001 0.085490 0.274454 0.084761 0.273712 0.084490 0.272323 0.085116 0.270534 0.084977 0.269687 0.085317 0.269141 0.086046 0.268937 0.087314 0.269193 0.088512 0.270860 0.091985 0.271589 0.094486 0.272801 0.097490 0.273882 0.100970 0.271445 0.101161 0.270521 0.101513 0.269732 0.102565 0.269490 0.103130 0.269287 0.104119 0.269490 0.105432 0.269611 0.105835 0.270218 0.106645 0.270460 0.106887 0.271566 0.107319 0.274008 0.107723 0.274008 0.108263 0.272473 0.107537 0.271368 0.107808 0.270821 0.108537 0.270618 0.109768 0.270882 0.111242 0.271305 0.112453 0.272458 0.113747 0.273613 0.114175 0.273523 0.114772 0.273726 0.115761 0.274334 0.116652 0.275500 0.117004 0.276498 0.116552 0.277602 0.118105 0.278281 0.120900 0.279335 0.121384 0.280705 0.120877 0.281492 0.120877 0.282597 0.120445 0.283202 0.119961 0.283749 0.119232 0.283999 0.118629 0.284657 0.117860
0 0.311027 0.132438 0.310845 0.133353 0.309874 0.134562 0.309554 0.136176 0.309630 0.136564 0.309416 0.137647 0.309718 0.139170 0.308858 0.140316 0.307647 0.140743 0.307109 0.140553 0.307212 0.140037 0.306891 0.138422 0.306009 0.137245 0.304798 0.136818 0.304498 0.136924 0.304359 0.136817 0.304200 0.137029 0.302546 0.137618 0.298042 0.137618 0.295963 0.136735 0.293521 0.135965 0.291177 0.133882 0.290249 0.132643 0.289497 0.130783 0.288581 0.129535 0.288281 0.128577 0.287242 0.127191 0.282317 0.122658 0.281536 0.122189 0.279770 0.121674 0.279844 0.121297 0.282044 0.120633 0.284037 0.119591 0.284541 0.118918 0.288655 0.120395 0.291112 0.120395 0.292056 0.119991 0.292740 0.119351 0.294135 0.118863 0.297858 0.118556 0.299069 0.118984 0.299813 0.119976 0.299626 0.120917 0.299946 0.122532 0.300217 0.122893 0.300180 0.123643 0.300707 0.123704 0.302885 0.124625 0.303919 0.125465 0.304124 0.125193 0.304294 0.124375 0.305329 0.123145 0.305520 0.122182 0.306590 0.121804 0.307801 0.122232 0.308684 0.123409 0.309008 0.125477 0.308818 0.126433 0.309234 0.128175 0.309234 0.128677 0.310706 0.130762 0.311027 0.132438
0 0.394561 0.131508 0.394015 0.132237 0.393272 0.132508 0.391927 0.132433 0.390007 0.131564 0.384344 0.127752 0.383124 0.126200 0.382921 0.124912 0.383124 0.123922 0.383839 0.122969 0.384581 0.122698 0.387834 0.122473 0.389473 0.123118 0.390356 0.124221 0.390460 0.124605 0.392557 0.126557 0.393328 0.127585 0.393522 0.128620 0.394015 0.128800 0.394561 0.129529 0.394765 0.130519
0 0.464951 0.091155 0.464756 0.090684 0.464078 0.090488 0.463975 0.088394 0.463818 0.087769 0.463240 0.086678 0.463297 0.085697 0.463172 0.085083 0.462836 0.084635 0.462584 0.084544 0.462626 0.081098 0.462501 0.080484 0.462165 0.080036 0.461589 0.079869 0.460056 0.080124 0.459538 0.080342 0.459065 0.081101 0.456971 0.081223 0.456457 0.081461 0.456267 0.080347 0.455429 0.079596 0.454706 0.079227 0.454013 0.077709 0.453134 0.076537 0.453058 0.076047 0.453809 0.075903 0.454140 0.075461 0.455208 0.074942 0.455946 0.074099 0.456201 0.073590 0.456347 0.072523 0.456116 0.071428 0.455674 0.070811 0.453631 0.069443 0.452346 0.068012 0.450359 0.067563 0.447963 0.067704 0.447142 0.067984 0.446549 0.068691 0.445616 0.069058 0.445195 0.069676 0.445070 0.070545 0.445238 0.071301 0.445513 0.071866 0.446400 0.073020 0.447651 0.073699 0.448859 0.074970 0.450447 0.075448 0.450801 0.076018 0.450732 0.077292 0.450120 0.077966 0.449567 0.078100 0.448632 0.080723 0.447651 0.082744 0.446132 0.084659 0.445722 0.085425 0.445401 0.087040 0.445401 0.087642 0.445927 0.089803 0.449497 0.095166 0.451406 0.097766 0.452617 0.098193 0.453828 0.097766 0.454711 0.096589 0.455031 0.094974 0.454809 0.093856 0.456209 0.092622 0.457645 0.091610 0.457624 0.093487 0.457188 0.094762 0.456885 0.096459 0.456244 0.096841 0.454398 0.098766 0.453756 0.099621 0.453449 0.100347 0.453246 0.101368 0.453449 0.102358 0.453996 0.103087 0.454738 0.103358 0.455671 0.103264 0.456163 0.102879 0.456498 0.102128 0.456982 0.102118 0.457177 0.101670 0.457122 0.101320 0.456982 0.101132 0.456587 0.101083 0.456385 0.100543 0.456463 0.100168 0.456956 0.099783 0.458053 0.100109 0.458178 0.100026 0.458168 0.100152 0.458403 0.100270 0.458665 0.100754 0.458610 0.101490 0.458873 0.102163 0.459637 0.102285 0.460751 0.102028 0.460892 0.101840 0.461011 0.100919 0.460882 0.099664 0.460986 0.096581 0.460737 0.095962 0.460342 0.095790 0.460131 0.095509 0.460020 0.095044 0.460098 0.094286 0.460444 0.093824 0.461191 0.093729 0.461699 0.093401 0.462125 0.092724 0.462336 0.092817 0.463746 0.092470 0.464896 0.091416
0 0.573734 0.116033 0.573507 0.114523 0.573264 0.113955 0.570280 0.109164 0.567235 0.103156 0.566771 0.102537 0.565712 0.100558 0.564007 0.098446 0.563520 0.097472 0.562431 0.096021 0.561823 0.095371 0.560605 0.094478 0.559411 0.094095 0.558583 0.094397 0.558218 0.094803 0.557616 0.095605 0.557312 0.096823 0.557085 0.097927 0.557171 0.100080 0.556841 0.101418 0.557068 0.102522 0.557791 0.103487 0.558210 0.103825 0.557913 0.103978 0.557312 0.104780 0.557085 0.105884 0.557312 0.106988 0.557913 0.107790 0.559051 0.108090 0.559949 0.109827 0.559949 0.110179 0.559808 0.110870 0.559443 0.111193 0.556330 0.112341 0.555606 0.113305 0.555380 0.114897 0.555728 0.116488 0.556094 0.117300 0.558035 0.120051 0.560653 0.122486 0.562395 0.123276 0.563491 0.123276 0.566521 0.122462 0.567876 0.122301 0.569130 0.121837 0.569983 0.121187 0.572236 0.118914 0.573385 0.117462 0.573507 0.117137
0 0.616890 0.100963 0.616518 0.103061 0.616359 0.104996 0.616253 0.107472 0.616254 0.115625 0.616041 0.118039 0.616041 0.127033 0.616274 0.130364 0.616679 0.132323 0.616452 0.133427 0.615851 0.134229 0.615023 0.134532 0.614195 0.134229 0.613593 0.133427 0.612724 0.130004 0.611417 0.126776 0.610554 0.123267 0.610343 0.118085 0.610023 0.114564 0.610023 0.113007 0.610237 0.111184 0.610177 0.110380 0.609766 0.111352 0.608369 0.113074 0.607116 0.113588 0.606076 0.113286 0.604254 0.110928 0.603351 0.109159 0.602860 0.107276 0.603086 0.105748 0.604165 0.104238 0.606023 0.102257 0.607137 0.100842 0.608517 0.099710 0.609366 0.098719 0.612231 0.096809 0.613855 0.096082 0.614704 0.095941 0.615533 0.096243 0.616399 0.097257 0.616891 0.099140 0.616944 0.100696
0 0.630538 0.108698 0.629829 0.109644 0.628679 0.110017 0.624960 0.110015 0.622770 0.110304 0.621780 0.109930 0.620545 0.108641 0.619460 0.107194 0.617741 0.103899 0.617085 0.101076 0.617032 0.099197 0.616667 0.097596 0.616272 0.096904 0.615623 0.096277 0.614314 0.095390 0.613712 0.094588 0.613485 0.093484 0.613712 0.092380 0.614314 0.091578 0.615518 0.091061 0.616507 0.091350 0.618030 0.091350 0.619148 0.090503 0.620035 0.090060 0.623878 0.089564 0.628361 0.089459 0.628980 0.090231 0.629303 0.091091 0.629529 0.092195 0.629529 0.092839 0.629323 0.093844 0.626026 0.093763 0.625197 0.094065 0.624796 0.094601 0.623082 0.095136 0.622598 0.097049 0.622544 0.098195 0.623168 0.098812 0.625381 0.101763 0.626241 0.103625 0.626875 0.104112 0.627387 0.104796 0.628571 0.104455 0.629400 0.104757 0.629776 0.105115 0.630485 0.106060 0.630765 0.107594
0 0.642230 0.093990 0.642061 0.093050 0.641121 0.092059 0.640993 0.091476 0.640966 0.089646 0.640769 0.088557 0.640601 0.088107 0.640085 0.087420 0.639072 0.087233 0.637341 0.087697 0.636899 0.087534 0.636391 0.087721 0.636016 0.088221 0.635802 0.090544 0.635999 0.091628 0.635943 0.094038 0.635577 0.096424 0.635718 0.097101 0.635886 0.097326 0.635802 0.097734 0.635942 0.098412 0.636317 0.098912 0.636825 0.099099 0.638119 0.098649 0.638819 0.098008 0.639397 0.097847 0.639772 0.097347 0.639843 0.097005 0.640335 0.096823 0.640710 0.096323 0.640809 0.095847 0.641686 0.095242 0.642089 0.094667
0 0.526694 0.180914 0.526897 0.178486 0.521231 0.158789 0.516880 0.154876 0.503321 0.154606 0.496542 0.149885 0.491786 0.149885 0.491179 0.159193 0.492596 0.159058 0.493608 0.162431 0.492495 0.169042 0.509898 0.176462 0.524671 0.179295
0 0.515666 0.202365 0.526998 0.180914 0.524468 0.179025 0.509696 0.176597 0.491989 0.168907 0.486019 0.177136 0.486525 0.184691 0.499881 0.197508 0.503220 0.196833 0.507166 0.197103 0.510303 0.201016 0.512832 0.201690 0.513743 0.203039
0 0.492775 0.161027 0.492672 0.158824 0.491124 0.159031 0.489317 0.157998 0.485238 0.158067 0.479405 0.156278 0.476411 0.156140 0.476462 0.158893 0.483948 0.166878 0.486632 0.166671 0.492208 0.161302
0 0.493468 0.164953 0.493013 0.165920 0.492669 0.167330 0.491563 0.169296 0.489803 0.171396 0.489043 0.172820 0.487212 0.175507 0.485708 0.176136 0.483250 0.176218 0.482114 0.175671 0.479802 0.172260 0.478918 0.171246 0.477505 0.170098 0.476841 0.169373 0.475454 0.168362 0.473326 0.167558 0.472724 0.166756 0.472498 0.165652 0.472724 0.164548 0.473326 0.163746 0.475104 0.163036 0.475428 0.160614 0.476030 0.159812 0.476858 0.159510 0.477686 0.159812 0.478288 0.160614 0.478539 0.161933 0.478791 0.162475 0.480083 0.163500 0.482357 0.166122 0.484177 0.167565 0.485180 0.167953 0.485727 0.167953 0.487154 0.166122 0.488713 0.164862 0.490065 0.163469 0.491148 0.161943 0.492038 0.161641 0.492866 0.161943 0.493468 0.162745 0.493694 0.163849
0 1.000000 0.403033 0.989442 0.409751 0.994061 0.413389 0.992801 0.416329 0.987343 0.415909 0.979575 0.408211 0.980100 0.405552 0.983249 0.404852 0.983459 0.397855 0.987553 0.395895 0.997419 0.366645 0.999939 0.366225
0 0.999572 0.366073 0.994393 0.355230 0.991010 0.350676 0.986608 0.347471 0.986608 0.340473 0.990255 0.336578 0.990457 0.332776 0.995959 0.330874 0.998033 0.330928 0.999904 0.329510
0 0.990844 0.382157 0.983807 0.383515 0.988529 0.374750 0.976638 0.359897 0.973209 0.356426 0.968134 0.356264 0.962731 0.352966 0.958344 0.352774 0.955718 0.350997 0.948899 0.349688 0.947510 0.343639 0.953436 0.342404 0.957696 0.347095 0.963714 0.347836 0.964270 0.346478 0.966585 0.346355 0.971955 0.351540 0.974455 0.351416 0.982418 0.355984 0.990011 0.363268 0.990011 0.366602 0.992511 0.366602 0.993807 0.364750 0.996770 0.363515 0.998252 0.363762 0.998437 0.365614 0.995289 0.368330
0 0.763457 0.304638 0.767188 0.303125 0.767969 0.304167 0.767969 0.307292 0.767969 0.308333 0.770312 0.314583 0.770312 0.315625 0.770288 0.319860 0.768523 0.320599 0.765600 0.322178 0.764138 0.324026 0.759678 0.324430 0.758594 0.322917 0.754687 0.315625 0.753906 0.314583 0.753906 0.310417 0.753906 0.308346 0.759430 0.306522
0 0.244531 0.210417 0.248438 0.211458 0.249219 0.212500 0.250000 0.220833 0.250000 0.221875 0.244531 0.230208 0.243750 0.231250 0.235937 0.238542 0.235156 0.239583 0.226562 0.243750 0.225781 0.243750 0.224219 0.238542 0.223438 0.237500 0.217969 0.235417 0.217188 0.235417 0.217188 0.232292 0.217188 0.231250 0.218750 0.229167 0.219531 0.228125 0.229687 0.225000 0.230469 0.225000 0.234375 0.218750 0.235156 0.217708 0.244531 0.210417
0 0.231079 0.217806 0.231606 0.217998 0.232208 0.218800 0.232435 0.219904 0.231953 0.221715 0.231069 0.223365 0.230153 0.224560 0.229168 0.224992 0.228579 0.224992 0.227751 0.224690 0.227149 0.223888 0.227049 0.223398 0.226214 0.223516 0.224691 0.225547 0.222988 0.227278 0.221094 0.227083 0.220096 0.224925 0.218084 0.221968 0.217210 0.217970 0.214844 0.217708 0.214062 0.216667 0.214844 0.212500 0.217236 0.210984 0.217099 0.206460 0.218940 0.205256 0.220312 0.198958 0.225000 0.200000 0.225781 0.200000 0.232031 0.205208 0.232813 0.206250
0 0.245216 0.192652 0.244619 0.193255 0.244552 0.194074 0.244197 0.194816 0.243195 0.194941 0.243106 0.196823 0.242839 0.198169 0.241070 0.200796 0.240222 0.201098 0.239354 0.200769 0.238752 0.199967 0.238330 0.199242 0.238083 0.198058 0.238260 0.197151 0.238120 0.196662 0.238206 0.196246 0.238521 0.195799 0.239811 0.195712 0.239908 0.193829 0.239547 0.193716 0.239313 0.193403 0.239227 0.192987 0.239373 0.192382 0.239761 0.191866 0.239997 0.191121 0.240936 0.189682 0.241566 0.189469 0.244459 0.189496 0.245081 0.189648 0.245181 0.190143 0.245140 0.191356 0.245302 0.192236
0 0.305479 0.206527 0.305393 0.206110 0.305159 0.205798 0.304706 0.205684 0.304648 0.204606 0.305123 0.204453 0.305357 0.204140 0.305443 0.203724 0.305357 0.203307 0.305123 0.202994 0.304810 0.202880 0.304167 0.202905 0.304082 0.202396 0.303847 0.202084 0.303472 0.201992 0.302897 0.200001 0.302932 0.198180 0.303117 0.197607 0.303022 0.196893 0.303150 0.196334 0.303449 0.195964 0.303804 0.195821 0.304996 0.195853 0.305223 0.194748 0.305028 0.193797 0.304517 0.193494 0.304104 0.193744 0.303513 0.193601 0.303086 0.193145 0.303037 0.192492 0.302053 0.192492 0.301459 0.192708 0.301378 0.193174 0.301143 0.193486 0.300595 0.193601 0.300074 0.193486 0.299325 0.194371 0.298520 0.194656 0.298016 0.194644 0.296505 0.195283 0.294745 0.196503 0.293370 0.197021 0.292346 0.198292 0.292120 0.199397 0.292120 0.200148 0.292663 0.202426 0.293790 0.204539 0.294319 0.205901 0.295836 0.208159 0.296664 0.208461 0.297492 0.208159 0.298094 0.207357 0.298241 0.206641 0.298654 0.206468 0.299011 0.206002 0.299464 0.205717 0.300224 0.204657 0.300552 0.206230 0.301154 0.207032 0.301695 0.207280 0.302223 0.207418 0.304739 0.207394 0.305159 0.207256 0.305393 0.206943
0 0.334428 0.184990 0.333958 0.182559 0.332377 0.180646 0.332012 0.180403 0.330993 0.180166 0.329422 0.180215 0.328731 0.180451 0.328283 0.181049 0.328143 0.182244 0.327821 0.182395 0.326760 0.181486 0.325901 0.180512 0.323022 0.178507 0.320991 0.177804 0.320163 0.178106 0.319406 0.178886 0.318382 0.178278 0.317038 0.177861 0.316210 0.178163 0.315608 0.178965 0.315382 0.180069 0.315823 0.182491 0.316038 0.183178 0.316789 0.184638 0.316844 0.185042 0.316757 0.186830 0.316065 0.188955 0.314533 0.191860 0.313030 0.192485 0.312248 0.193675 0.311495 0.193672 0.310667 0.193975 0.309980 0.194490 0.309034 0.195751 0.308347 0.197469 0.307949 0.199490 0.307906 0.200349 0.308175 0.201625 0.308636 0.202813 0.308862 0.204261 0.309464 0.205063 0.310292 0.205365 0.311120 0.205063 0.311722 0.204261 0.312152 0.203115 0.313355 0.201396 0.314558 0.198704 0.314870 0.197256 0.314861 0.196581 0.315044 0.196174 0.316448 0.195553 0.316722 0.195187 0.317386 0.195959 0.317272 0.196511 0.317358 0.198819 0.316136 0.198875 0.315823 0.198990 0.315589 0.199302 0.315503 0.199719 0.315685 0.200264 0.315632 0.201151 0.315718 0.201568 0.316038 0.202053 0.316608 0.202167 0.317007 0.201995 0.317295 0.201422 0.318069 0.201422 0.318613 0.201234 0.319229 0.201412 0.319733 0.201912 0.321204 0.202269 0.321667 0.202829 0.323242 0.203507 0.323514 0.204000 0.324170 0.204115 0.325557 0.203943 0.325791 0.203631 0.325867 0.203164 0.326760 0.202829 0.328092 0.201855 0.329768 0.200995 0.330828 0.200040 0.331604 0.200323 0.332432 0.200021 0.334289 0.198928 0.334398 0.198012 0.333990 0.197084 0.333990 0.196454 0.333721 0.195178 0.332313 0.191709 0.332141 0.190873 0.332143 0.189866 0.331658 0.187673 0.330713 0.186298 0.329483 0.185059 0.329323 0.184567 0.329751 0.184067 0.329937 0.184316 0.330932 0.184687 0.332324 0.185668 0.332750 0.186167 0.333258 0.186354 0.333912 0.186167 0.334287 0.185667
0 0.393055 0.227982 0.393055 0.232976 0.392739 0.234320 0.392047 0.235243 0.391219 0.235545 0.390526 0.235353 0.390000 0.235545 0.389098 0.235545 0.388105 0.235244 0.386149 0.234401 0.383848 0.232836 0.382224 0.231453 0.379155 0.229467 0.377711 0.228806 0.376944 0.228264 0.375230 0.226519 0.371379 0.221867 0.371153 0.220402 0.371379 0.219298 0.372161 0.218135 0.373757 0.217532 0.374585 0.217834 0.375186 0.218636 0.375413 0.219740 0.375412 0.220561 0.375629 0.220863 0.376021 0.220937 0.376207 0.220381 0.377689 0.217928 0.377923 0.217126 0.378046 0.216016 0.377749 0.214818 0.377975 0.213714 0.378577 0.212912 0.380525 0.212237 0.381202 0.212237 0.382616 0.212840 0.383524 0.213769 0.384167 0.213534 0.384954 0.213596 0.386198 0.214083 0.386892 0.215008 0.387077 0.216315 0.388347 0.217232 0.389174 0.218335 0.389378 0.219033 0.390174 0.219324 0.390776 0.220126 0.391003 0.221230 0.390894 0.221759 0.391159 0.222366 0.392693 0.224592 0.393010 0.226057 0.393101 0.227742
0 0.407232 0.213404 0.406997 0.213717 0.406602 0.213887 0.405790 0.213915 0.405478 0.213800 0.405243 0.213488 0.405124 0.212823 0.404393 0.212499 0.404169 0.212493 0.403938 0.212801 0.403626 0.212916 0.401544 0.212413 0.400935 0.211518 0.400683 0.210518 0.400769 0.209630 0.401131 0.209053 0.401372 0.207854 0.401773 0.207347 0.402187 0.207163 0.402482 0.206346 0.402829 0.204691 0.403147 0.204295 0.403459 0.204180 0.403772 0.204295 0.404006 0.204607 0.404097 0.205180 0.405748 0.205124 0.406140 0.205344 0.406486 0.205186 0.406798 0.205301 0.407033 0.205613 0.407119 0.206459 0.407033 0.206876 0.406798 0.207188 0.406258 0.207219 0.406193 0.209785 0.406795 0.210351 0.406881 0.210768 0.406795 0.211185 0.406560 0.211497 0.406283 0.211599 0.406144 0.212092 0.406997 0.212231 0.407232 0.212543 0.407318 0.212988
0 0.426525 0.183715 0.426468 0.185815 0.425708 0.189841 0.424929 0.190959 0.423899 0.191385 0.423575 0.192053 0.421880 0.194156 0.421561 0.195054 0.421041 0.195748 0.420850 0.197029 0.420249 0.197831 0.419421 0.198133 0.418593 0.197831 0.417841 0.197163 0.417288 0.197343 0.415348 0.196630 0.414681 0.196554 0.413379 0.196014 0.412689 0.195252 0.412616 0.195607 0.411896 0.196567 0.410890 0.196869 0.410062 0.196567 0.409460 0.195765 0.409234 0.194661 0.409352 0.191186 0.409579 0.190082 0.411013 0.188012 0.411013 0.187267 0.410420 0.183608 0.409934 0.182338 0.409708 0.181233 0.409934 0.179655 0.410714 0.178616 0.411897 0.178077 0.413570 0.178079 0.414859 0.177682 0.415866 0.177682 0.416694 0.177984 0.418023 0.178790 0.418651 0.178867 0.422664 0.180370 0.424041 0.180526 0.425817 0.181223 0.426419 0.182025 0.426645 0.183129
0 0.447241 0.198256 0.447241 0.191454 0.447054 0.187639 0.446267 0.183548 0.445479 0.182497 0.444608 0.182083 0.443779 0.180728 0.443631 0.180360 0.443157 0.177327 0.442908 0.176664 0.441498 0.174783 0.439943 0.174202 0.439320 0.173705 0.438442 0.172498 0.437913 0.172209 0.437178 0.171170 0.436734 0.169925 0.434779 0.167022 0.433784 0.164664 0.432956 0.164361 0.432127 0.164664 0.431526 0.165466 0.431299 0.166653 0.432086 0.170245 0.433081 0.172900 0.434139 0.174559 0.435195 0.177541 0.435282 0.177996 0.435281 0.182662 0.435632 0.184512 0.436546 0.186063 0.437516 0.186313 0.438118 0.187115 0.438344 0.188219 0.438119 0.189319 0.438929 0.191397 0.441021 0.195928 0.441682 0.197721 0.441810 0.198460 0.440961 0.198755 0.440360 0.199557 0.440133 0.200661 0.440360 0.201766 0.440961 0.202568 0.442785 0.203367 0.443613 0.203065 0.444215 0.202263 0.444308 0.201806 0.444712 0.201268 0.444860 0.200547 0.445335 0.200630 0.446164 0.200328 0.447014 0.199360
0 0.621491 0.256477 0.620890 0.257279 0.620062 0.257581 0.619703 0.257502 0.618516 0.257040 0.616742 0.255888 0.613853 0.254728 0.608557 0.251955 0.606140 0.250982 0.605180 0.249701 0.604954 0.248597 0.605180 0.247413 0.605458 0.247043 0.605180 0.246672 0.604954 0.245568 0.604989 0.244425 0.604108 0.243887 0.602553 0.242054 0.599022 0.237186 0.598297 0.235183 0.597348 0.233281 0.596549 0.230700 0.595854 0.229135 0.594542 0.227466 0.592868 0.225792 0.591669 0.224193 0.591382 0.222850 0.591609 0.221188 0.592270 0.220306 0.593406 0.219270 0.594957 0.216963 0.595882 0.214618 0.596105 0.212407 0.596571 0.210108 0.596810 0.209550 0.597412 0.208748 0.598309 0.207950 0.599854 0.207569 0.601041 0.207871 0.602752 0.209276 0.604688 0.210023 0.607199 0.211617 0.608159 0.212898 0.608936 0.214412 0.609654 0.216405 0.610299 0.219183 0.610357 0.226775 0.610777 0.230742 0.610835 0.232435 0.611276 0.234112 0.611769 0.235168 0.612318 0.235900 0.615389 0.238720 0.617616 0.239616 0.618567 0.239613 0.619395 0.239915 0.620176 0.240877 0.620821 0.243974 0.620819 0.249626 0.621718 0.255373
0 0.636200 0.255589 0.635598 0.256391 0.633963 0.256897 0.632080 0.260162 0.631679 0.262286 0.631078 0.263088 0.630187 0.263390 0.629045 0.263004 0.621851 0.257012 0.621615 0.254856 0.620557 0.251220 0.620784 0.249948 0.622128 0.248845 0.622189 0.243100 0.623018 0.241194 0.625314 0.240726 0.629684 0.238632 0.631505 0.238380 0.632522 0.238766 0.633374 0.240238 0.634040 0.244272 0.634227 0.249579 0.634881 0.251790 0.636200 0.253297 0.636426 0.254485
0 0.613209 0.273972 0.612982 0.272868 0.611879 0.271088 0.608520 0.268823 0.606050 0.267433 0.603832 0.266616 0.602385 0.266304 0.599817 0.265278 0.597841 0.265229 0.596977 0.265013 0.595627 0.264087 0.594391 0.262183 0.593563 0.261881 0.592697 0.262183 0.592095 0.262985 0.591868 0.264089 0.591922 0.264349 0.590782 0.265713 0.590474 0.266485 0.590247 0.267589 0.590247 0.268310 0.590551 0.269774 0.591429 0.271563 0.591863 0.273223 0.592520 0.274355 0.593391 0.275415 0.595916 0.276310 0.598603 0.277885 0.599585 0.278239 0.600628 0.278239 0.601842 0.277834 0.602752 0.276620 0.602882 0.276024 0.610742 0.276129 0.611064 0.276002 0.611552 0.276180 0.612381 0.275878 0.612982 0.275076
0 0.596153 0.290416 0.595926 0.288895 0.595129 0.287832 0.594005 0.287480 0.593566 0.286894 0.592464 0.286488 0.589690 0.286404 0.589377 0.286519 0.589122 0.286858 0.589077 0.288107 0.588852 0.288408 0.587678 0.288461 0.587503 0.288997 0.587563 0.289291 0.587338 0.289538 0.586864 0.289653 0.586309 0.289430 0.585787 0.288617 0.585235 0.288416 0.584407 0.288718 0.583805 0.289520 0.583292 0.292340 0.582594 0.293636 0.582211 0.295678 0.582437 0.296783 0.583039 0.297585 0.583867 0.297887 0.584695 0.297585 0.585237 0.296863 0.585288 0.296277 0.585522 0.295965 0.586086 0.295728 0.586156 0.295228 0.586390 0.294915 0.586954 0.294722 0.587497 0.294723 0.587846 0.295188 0.588801 0.295842 0.590198 0.295907 0.591246 0.295745 0.591449 0.296590 0.591879 0.296718 0.592114 0.297031 0.592199 0.297447 0.592040 0.297962 0.591617 0.298037 0.591383 0.298349 0.591297 0.298793 0.591429 0.299271 0.591358 0.299842 0.591464 0.300770 0.591698 0.301083 0.592114 0.301295 0.592363 0.303035 0.592965 0.303837 0.593871 0.304139 0.594699 0.303837 0.595301 0.303035 0.595434 0.302386 0.595334 0.300973 0.595415 0.298374 0.594730 0.297703 0.594585 0.297153 0.594647 0.296852 0.595068 0.296777 0.595479 0.296024 0.595775 0.295916 0.596009 0.295603 0.596112 0.290614
0 0.549718 0.359305 0.549718 0.349227 0.549447 0.347822 0.548845 0.347019 0.548017 0.346717 0.547635 0.346850 0.547501 0.343736 0.546957 0.341485 0.545813 0.339778 0.545360 0.339416 0.544396 0.339054 0.543400 0.339114 0.542210 0.339597 0.541577 0.340080 0.540523 0.341425 0.539255 0.343597 0.539029 0.344883 0.539255 0.345987 0.540273 0.347948 0.540479 0.349034 0.540479 0.349978 0.539316 0.349364 0.538720 0.348184 0.537725 0.346675 0.537033 0.345752 0.535222 0.343882 0.533502 0.341347 0.532246 0.340940 0.530289 0.338752 0.529429 0.338089 0.528284 0.337605 0.527049 0.337908 0.526325 0.338451 0.525044 0.340037 0.524442 0.341048 0.523609 0.341347 0.520351 0.344063 0.518993 0.345390 0.517486 0.347520 0.517079 0.348727 0.516354 0.352969 0.516400 0.354236 0.516807 0.356125 0.517861 0.357530 0.518916 0.357893 0.519459 0.357893 0.520649 0.357470 0.521450 0.356402 0.521605 0.356608 0.522240 0.358258 0.522136 0.358887 0.521495 0.358967 0.520351 0.359451 0.519749 0.360253 0.519522 0.361598 0.519794 0.362883 0.521605 0.366926 0.522283 0.368737 0.523822 0.371512 0.524967 0.373039 0.526732 0.374668 0.527275 0.375091 0.528510 0.375574 0.529687 0.375936 0.533091 0.375873 0.534711 0.376418 0.535209 0.376418 0.536037 0.376116 0.536865 0.375013 0.537063 0.374507 0.537669 0.373880 0.540087 0.373701 0.541828 0.373701 0.542120 0.373823 0.542584 0.374129 0.542650 0.374409 0.543432 0.375452 0.544351 0.375815 0.545586 0.375452 0.546278 0.374530 0.546505 0.373866 0.546912 0.371495 0.547411 0.366743 0.547998 0.364935 0.548949 0.362702 0.549671 0.359534
0 0.585772 0.424169 0.585353 0.425854 0.584086 0.428046 0.583677 0.429386 0.582961 0.430882 0.582703 0.431828 0.581245 0.433721 0.580816 0.434084 0.580031 0.434427 0.579969 0.437425 0.579743 0.438529 0.579141 0.439331 0.578001 0.439633 0.576784 0.439175 0.576331 0.438571 0.575975 0.438352 0.575274 0.438282 0.573316 0.437461 0.572715 0.436659 0.572488 0.435554 0.572715 0.434450 0.573901 0.432869 0.575352 0.432255 0.576307 0.432309 0.576634 0.431702 0.576907 0.430767 0.576377 0.429283 0.572286 0.421231 0.572060 0.419815 0.572286 0.418711 0.573016 0.417686 0.572481 0.416972 0.572215 0.415712 0.572442 0.414452 0.573784 0.412766 0.574680 0.412247 0.575703 0.411945 0.577037 0.412507 0.580544 0.414896 0.581245 0.415519 0.582820 0.417516 0.584262 0.420166 0.585353 0.421516 0.585813 0.423244 0.585813 0.423971
0 0.562843 0.443876 0.562245 0.431526 0.561898 0.430156 0.560738 0.428662 0.558233 0.427987 0.555406 0.429533 0.550687 0.429903 0.549258 0.431007 0.548951 0.432857 0.549178 0.434227 0.555967 0.442003 0.559521 0.445516 0.561187 0.446084 0.562617 0.444980
0 0.576936 0.405649 0.576895 0.404448 0.576382 0.402526 0.574839 0.400524 0.574225 0.400033 0.572456 0.399403 0.571024 0.399458 0.569296 0.400197 0.568285 0.401435 0.568122 0.401817 0.567895 0.402921 0.567895 0.403630 0.568204 0.405007 0.570331 0.408716 0.571096 0.409737 0.571669 0.410173 0.572497 0.410475 0.573356 0.410530 0.573929 0.410530 0.574921 0.410173 0.576382 0.408062 0.576893 0.405856
0 0.612111 0.381664 0.611697 0.382823 0.610847 0.383957 0.609879 0.384530 0.609398 0.385172 0.607658 0.386055 0.606706 0.386884 0.605390 0.387643 0.604718 0.388319 0.602647 0.389284 0.601736 0.388982 0.601134 0.388180 0.600825 0.386689 0.600866 0.385033 0.601093 0.383928 0.602233 0.382298 0.603119 0.381945 0.603661 0.381278 0.604406 0.378020 0.604862 0.376915 0.605318 0.376197 0.606706 0.374512 0.607948 0.373989 0.609480 0.374457 0.610102 0.375009 0.611739 0.377081 0.612338 0.379345 0.612338 0.380560
0 0.629772 0.408831 0.627752 0.410867 0.627031 0.412247 0.626203 0.412549 0.625268 0.412247 0.623661 0.409801 0.621898 0.411534 0.618859 0.412597 0.615179 0.411772 0.614042 0.410257 0.612033 0.405112 0.613044 0.398944 0.609724 0.398652 0.608659 0.397232 0.608397 0.395986 0.608624 0.394358 0.609831 0.391940 0.611372 0.391353 0.613163 0.391655 0.614299 0.392591 0.618903 0.393081 0.620752 0.395832 0.622209 0.404477 0.624057 0.403486 0.625161 0.401923 0.627531 0.401923 0.628916 0.403295 0.629522 0.404579 0.629999 0.407727
0 0.682517 0.372386 0.681983 0.369713 0.679131 0.367274 0.673239 0.364449 0.671542 0.364887 0.670480 0.366235 0.670480 0.369330 0.672168 0.373967 0.673762 0.376304 0.674959 0.376471 0.677372 0.380089 0.678201 0.380391 0.679630 0.379287 0.679744 0.377634 0.681983 0.375127 0.682310 0.373391
0 0.696063 0.250968 0.695923 0.250188 0.695548 0.249688 0.694731 0.249295 0.692393 0.249296 0.690108 0.248576 0.689369 0.248969 0.688917 0.249674 0.688776 0.250351 0.688853 0.251893 0.689071 0.252878 0.689533 0.253905 0.689985 0.254508 0.690724 0.254798 0.691975 0.254797 0.692374 0.255227 0.692882 0.255415 0.693852 0.255227 0.695239 0.254508 0.695614 0.254008 0.695768 0.253494 0.695909 0.252817 0.695923 0.251645
0 0.704815 0.224674 0.704815 0.217935 0.704497 0.215455 0.704420 0.210144 0.703982 0.207731 0.703350 0.205941 0.702619 0.204860 0.702087 0.203308 0.701355 0.201806 0.700997 0.200803 0.700349 0.197938 0.699365 0.196626 0.698029 0.196147 0.696614 0.196626 0.695551 0.198044 0.695112 0.200562 0.695115 0.203527 0.694954 0.205405 0.695033 0.210249 0.695270 0.212881 0.695709 0.215084 0.696220 0.216819 0.697010 0.221153 0.697166 0.224148 0.697525 0.225929 0.697999 0.227087 0.698983 0.228400 0.700319 0.228879 0.701768 0.228249 0.702056 0.228353 0.703392 0.227873 0.704456 0.226456
0 0.709869 0.223875 0.709447 0.226020 0.708762 0.227631 0.705567 0.231462 0.703592 0.233450 0.703085 0.233637 0.702537 0.233450 0.702162 0.232950 0.702021 0.232273 0.702162 0.231596 0.703230 0.230439 0.703109 0.229211 0.703249 0.228534 0.703674 0.227370 0.703995 0.227218 0.704451 0.226503 0.704914 0.223355 0.704885 0.221374 0.704979 0.220760 0.704720 0.219702 0.704861 0.219025 0.705236 0.218525 0.705738 0.218340 0.706525 0.217611 0.707033 0.217424 0.707823 0.217611 0.708025 0.217826 0.709085 0.219401 0.709407 0.220314 0.709910 0.222442 0.709910 0.223677
0 0.715591 0.219111 0.715591 0.218251 0.715370 0.217359 0.714471 0.216268 0.713359 0.215705 0.712755 0.215705 0.711924 0.216107 0.711026 0.217628 0.710885 0.218305 0.710885 0.219648 0.711127 0.221314 0.711308 0.222152 0.711844 0.222920 0.712714 0.223108 0.714068 0.222383 0.715088 0.220701 0.715451 0.219788
0 0.726417 0.163352 0.724187 0.139569 0.726458 0.139514 0.743676 0.148928 0.743800 0.152011 0.731165 0.165169 0.729927 0.163572
0 0.754411 0.129809 0.754309 0.127089 0.753695 0.124424 0.751844 0.122092 0.749345 0.119712 0.748172 0.118828 0.746836 0.118349 0.746225 0.118349 0.744889 0.118828 0.743904 0.120141 0.743564 0.122154 0.742451 0.122292 0.741115 0.122772 0.740758 0.123112 0.739570 0.124764 0.738805 0.126872 0.738344 0.129197 0.738344 0.130557 0.738754 0.133086 0.739213 0.134649 0.740692 0.137233 0.743614 0.141401 0.744950 0.141880 0.746286 0.141401 0.747032 0.140406 0.748172 0.139361 0.749718 0.137301 0.750528 0.135887 0.751589 0.135078 0.752609 0.133922 0.753593 0.132610 0.754052 0.131590
0 0.771494 0.137899 0.771494 0.137219 0.771083 0.135234 0.769895 0.133718 0.768559 0.133239 0.767998 0.133239 0.766050 0.133990 0.763348 0.136301 0.760069 0.140673 0.759709 0.142455 0.759709 0.143067 0.760426 0.146072 0.761920 0.148064 0.763612 0.149341 0.764622 0.150784 0.765958 0.151263 0.767294 0.150784 0.768279 0.149471 0.768636 0.147568 0.769044 0.147023 0.769610 0.143617 0.770305 0.141466 0.771134 0.139681
0 0.787385 0.127303 0.787311 0.122386 0.787164 0.121207 0.786664 0.119375 0.786236 0.116907 0.785524 0.115859 0.784696 0.115557 0.783794 0.115859 0.783193 0.116661 0.782966 0.118208 0.783300 0.119852 0.783447 0.121779 0.783045 0.122954 0.782704 0.124800 0.781849 0.124716 0.781013 0.124145 0.781886 0.122704 0.782149 0.121501 0.781923 0.120397 0.781321 0.119595 0.780493 0.119293 0.780161 0.119342 0.779333 0.119644 0.778645 0.120218 0.778646 0.119633 0.778383 0.118333 0.777781 0.117531 0.776953 0.117228 0.775793 0.117629 0.775130 0.118415 0.773090 0.121479 0.772790 0.122780 0.772827 0.123812 0.773090 0.125064 0.773898 0.126239 0.773896 0.126860 0.774381 0.128702 0.775130 0.129700 0.775587 0.130050 0.776335 0.131750 0.777637 0.133437 0.778116 0.133928 0.778944 0.134230 0.779719 0.134230 0.781224 0.133687 0.783841 0.133343 0.784277 0.133343 0.784827 0.134076 0.785655 0.134378 0.786520 0.134076 0.787121 0.133274 0.787348 0.132169 0.787348 0.127548
0 0.800790 0.124911 0.800106 0.125743 0.799422 0.129390 0.798820 0.130192 0.797805 0.130577 0.796748 0.130577 0.795192 0.130003 0.795418 0.131106 0.795192 0.132210 0.794590 0.133012 0.793451 0.133314 0.792623 0.133012 0.792001 0.132432 0.790466 0.130385 0.790155 0.129722 0.789720 0.128395 0.788871 0.124885 0.788560 0.122812 0.788786 0.121376 0.789388 0.120574 0.790216 0.120272 0.791044 0.120574 0.791387 0.121031 0.791471 0.122496 0.791737 0.122831 0.792357 0.122945 0.792661 0.122845 0.793245 0.122067 0.794073 0.121765 0.794652 0.121767 0.795173 0.121071 0.796001 0.120769 0.796830 0.121071 0.797289 0.121684 0.799361 0.121599 0.800189 0.121901 0.800790 0.122703 0.801017 0.123807
0 0.825094 0.094877 0.824156 0.090053 0.821760 0.086271 0.822339 0.083268 0.822339 0.080034 0.821070 0.074035 0.818507 0.070618 0.815048 0.069385 0.813354 0.065805 0.807926 0.057979 0.805645 0.057166 0.802837 0.058511 0.801156 0.061488 0.799688 0.063130 0.798073 0.063642 0.794032 0.063680 0.793552 0.066073 0.794103 0.069259 0.793993 0.074698 0.793168 0.076680 0.790522 0.080648 0.789584 0.085325 0.789694 0.087235 0.792827 0.100863 0.794380 0.109401 0.799037 0.115757 0.802852 0.117352 0.804590 0.116979 0.806020 0.117281 0.807291 0.118619 0.809365 0.122008 0.809965 0.122233 0.810055 0.119779 0.811485 0.118675 0.812313 0.118977 0.813786 0.121476 0.814429 0.121341 0.815373 0.120083 0.817916 0.113316 0.817820 0.112705 0.819086 0.111017 0.820881 0.104216 0.824156 0.099554 0.825094 0.094877
0 0.821821 0.175735 0.821594 0.174475 0.820992 0.173672 0.820728 0.173576 0.820579 0.172559 0.819834 0.171117 0.818695 0.168080 0.818126 0.167131 0.817414 0.165233 0.816999 0.163571 0.816738 0.163489 0.816556 0.162601 0.815960 0.161807 0.815962 0.161049 0.815609 0.159533 0.815582 0.158899 0.815066 0.157737 0.814534 0.155844 0.814412 0.154735 0.814414 0.149667 0.814220 0.149305 0.814439 0.148238 0.814316 0.147641 0.814673 0.146207 0.814534 0.145531 0.814673 0.144333 0.814085 0.142110 0.814087 0.140661 0.813671 0.139650 0.813073 0.138796 0.812689 0.137828 0.811881 0.137093 0.810554 0.136839 0.810275 0.137736 0.810394 0.138318 0.810008 0.140812 0.810008 0.143682 0.810864 0.149478 0.810949 0.152097 0.810709 0.154222 0.811028 0.154339 0.811212 0.155632 0.811126 0.157300 0.811353 0.158404 0.812300 0.159666 0.812768 0.163034 0.812767 0.163705 0.813345 0.166059 0.813931 0.166997 0.814532 0.167799 0.814830 0.167908 0.815112 0.168415 0.815164 0.168810 0.814993 0.169642 0.815219 0.170746 0.815821 0.171548 0.816073 0.171640 0.815805 0.172131 0.815579 0.173235 0.815805 0.174496 0.816407 0.175298 0.817108 0.175553 0.817329 0.176370 0.818750 0.178110 0.819578 0.178412 0.820407 0.178110 0.820992 0.177641 0.821594 0.176839
0 0.822351 0.157392 0.822351 0.155209 0.821982 0.152966 0.821840 0.152397 0.821353 0.151748 0.821057 0.150025 0.820274 0.148032 0.818249 0.145332 0.816709 0.144650 0.815525 0.145047 0.814781 0.146134 0.814555 0.147238 0.814555 0.150275 0.814626 0.151888 0.814770 0.152590 0.814768 0.154165 0.816062 0.161058 0.816703 0.162766 0.817447 0.163758 0.818275 0.164060 0.819316 0.163758 0.819918 0.162956 0.819972 0.162691 0.820313 0.162524 0.820985 0.161627 0.821555 0.160678 0.822278 0.157747
0 0.810892 0.153691 0.810821 0.150370 0.810142 0.146953 0.810073 0.143480 0.809715 0.141260 0.809717 0.137200 0.809487 0.136918 0.806888 0.136921 0.805322 0.136826 0.804715 0.136613 0.804423 0.136697 0.802928 0.137266 0.801932 0.137835 0.800903 0.139207 0.800476 0.140251 0.800250 0.141355 0.800250 0.142778 0.800476 0.143882 0.802337 0.146094 0.804177 0.149196 0.806027 0.151853 0.807237 0.154131 0.808408 0.155597 0.809236 0.155899 0.810064 0.155597 0.810666 0.154795
0 0.822114 0.130195 0.818555 0.133042 0.817368 0.134626 0.816977 0.136193 0.815641 0.136672 0.814163 0.136193 0.813649 0.135507 0.812921 0.136098 0.811585 0.136577 0.808667 0.137052 0.806888 0.137052 0.805552 0.136573 0.805358 0.136314 0.803827 0.136862 0.802491 0.136383 0.801507 0.135070 0.801148 0.133289 0.801507 0.131508 0.802491 0.130195 0.803630 0.129246 0.804388 0.128350 0.805417 0.127842 0.806485 0.127029 0.807127 0.126241 0.808264 0.125334 0.809128 0.124182 0.810247 0.123369 0.810889 0.122513 0.812633 0.121608 0.817197 0.121747 0.818155 0.121492 0.818676 0.121767 0.819877 0.122894 0.820709 0.123462 0.821536 0.124632 0.822094 0.126775 0.822247 0.130077
0 0.831238 0.138104 0.830873 0.136704 0.830490 0.134348 0.829882 0.132403 0.829142 0.131416 0.828449 0.131230 0.828180 0.130296 0.827665 0.129744 0.827546 0.126273 0.826944 0.123195 0.826571 0.122374 0.826085 0.118851 0.826087 0.105852 0.825728 0.104070 0.824744 0.102758 0.823408 0.102279 0.821950 0.102758 0.820966 0.104070 0.820115 0.106664 0.819725 0.108804 0.819507 0.109257 0.818905 0.112497 0.818905 0.116062 0.819150 0.117812 0.819148 0.118817 0.819750 0.121571 0.821075 0.123499 0.821460 0.124823 0.821703 0.127050 0.821703 0.129709 0.821580 0.130965 0.821209 0.131461 0.821043 0.132006 0.819993 0.133892 0.819705 0.134762 0.819021 0.135836 0.818540 0.138266 0.818418 0.139725 0.818418 0.141021 0.818611 0.141975 0.818453 0.142186 0.818226 0.143290 0.818453 0.144556 0.819425 0.146339 0.821242 0.148762 0.822071 0.149064 0.823263 0.148762 0.823865 0.147960 0.824048 0.147067 0.824837 0.145853 0.825064 0.144749 0.825064 0.144101 0.824837 0.142996 0.824458 0.142491 0.825351 0.142170 0.826336 0.140858 0.826695 0.139076 0.826693 0.136550 0.828200 0.136656 0.828967 0.137971 0.829210 0.138781 0.829585 0.139281 0.830215 0.139469 0.830723 0.139281 0.831097 0.138781
0 0.871652 0.146523 0.871427 0.147775 0.870685 0.148628 0.870993 0.149039 0.871220 0.150144 0.870993 0.151364 0.870305 0.152281 0.868978 0.153355 0.869047 0.153854 0.869864 0.155406 0.870178 0.156974 0.869903 0.158258 0.870091 0.159173 0.870091 0.160215 0.869864 0.161319 0.869263 0.162121 0.868891 0.162257 0.868822 0.162593 0.868221 0.163395 0.867219 0.163697 0.866391 0.163395 0.863265 0.161774 0.862310 0.160964 0.860754 0.158888 0.859071 0.155256 0.858757 0.154836 0.857422 0.150741 0.856933 0.149627 0.856361 0.147011 0.855544 0.144996 0.854676 0.142334 0.854276 0.140419 0.854502 0.138968 0.855104 0.138166 0.855932 0.137864 0.856760 0.138166 0.860026 0.142832 0.861616 0.144872 0.863092 0.147071 0.863179 0.147419 0.864655 0.149387 0.865222 0.150375 0.867294 0.147883 0.868312 0.143163 0.868261 0.142734 0.868562 0.142333 0.869824 0.142031 0.870652 0.142333 0.871254 0.143135 0.871514 0.143830 0.871741 0.144934 0.871741 0.146092
0 0.893279 0.170192 0.893052 0.169088 0.892451 0.168286 0.891623 0.167984 0.890539 0.168325 0.889208 0.168407 0.887998 0.168879 0.886634 0.170613 0.886217 0.172310 0.886224 0.173193 0.886062 0.173494 0.885814 0.173824 0.884948 0.174217 0.884155 0.175189 0.883929 0.176293 0.883929 0.177734 0.884346 0.179685 0.884948 0.180487 0.886058 0.181107 0.886380 0.181549 0.887015 0.182990 0.887680 0.183877 0.888826 0.184348 0.890649 0.184263 0.891496 0.184433 0.892324 0.184131 0.892925 0.183329 0.893152 0.182225 0.892925 0.181036 0.892731 0.180777 0.892834 0.180276 0.892834 0.177479 0.892515 0.173857 0.892515 0.172013 0.893052 0.171296
0 0.918781 0.156271 0.918692 0.155337 0.915746 0.151661 0.915746 0.150306 0.916599 0.149630 0.916802 0.148641 0.916586 0.147527 0.914367 0.146099 0.912279 0.143315 0.908974 0.140769 0.907755 0.140489 0.906487 0.140913 0.905486 0.142781 0.900086 0.148467 0.899859 0.149571 0.900687 0.151477 0.903174 0.151538 0.904057 0.152226 0.903842 0.156183 0.904743 0.157462 0.912225 0.157111 0.918187 0.157459 0.918669 0.156816
0 0.826727 0.060981 0.819572 0.050057 0.819688 0.045441 0.810456 0.033440 0.794993 0.014054 0.795917 0.011131 0.830189 0.028825 0.835150 0.028978 0.835381 0.029594 0.849921 0.036671 0.857537 0.037287 0.857421 0.038979 0.854998 0.039441 0.857537 0.042210 0.842997 0.045134 0.862037 0.043903 0.862960 0.049903 0.870692 0.059289 0.874038 0.068059 0.877846 0.074213 0.878077 0.081444 0.876000 0.086829 0.872192 0.087599 0.870346 0.082829 0.858922 0.083137 0.850729 0.074213 0.848998 0.073290 0.847267 0.074213 0.845651 0.073444 0.845536 0.068059 0.843574 0.068366 0.838151 0.065751 0.832727 0.062520 0.829958 0.060366
0 0.935982 0.074361 0.935757 0.075887 0.935485 0.076250 0.935321 0.077051 0.934719 0.077853 0.933891 0.078155 0.933024 0.077987 0.929617 0.077986 0.928931 0.078258 0.928394 0.078725 0.927566 0.079027 0.924886 0.079526 0.924058 0.079224 0.923456 0.078422 0.923334 0.077827 0.923885 0.077092 0.924205 0.075739 0.923978 0.074635 0.923229 0.073779 0.922833 0.072813 0.922606 0.071501 0.922833 0.070397 0.923434 0.069595 0.924164 0.069329 0.924525 0.068847 0.925353 0.068545 0.925800 0.068708 0.926208 0.068224 0.927054 0.067529 0.930177 0.067730 0.931447 0.068307 0.931734 0.068547 0.933237 0.068545 0.934403 0.068747 0.934394 0.070819 0.934799 0.071566 0.935742 0.072693 0.936015 0.074201
0 1.000000 0.026058 1.000000 0.014290 0.993014 0.009220 0.983509 0.000032 0.977330 0.000000 0.977330 0.001254 0.983610 0.010668 0.983817 0.011544 0.985636 0.014185 0.987050 0.017148 0.988950 0.020220 0.990772 0.022439 0.991940 0.024638 0.993285 0.026216 0.994359 0.026781 0.994541 0.027054 0.997631 0.027145
0 0.985675 0.024857 0.985448 0.023752 0.985022 0.023184 0.984342 0.020545 0.983605 0.019563 0.983530 0.019195 0.982902 0.018607 0.982715 0.017497 0.982480 0.017185 0.982066 0.017098 0.981441 0.012797 0.980301 0.008357 0.979699 0.007555 0.979037 0.007102 0.977541 0.007245 0.977307 0.007557 0.977221 0.007974 0.977215 0.009782 0.977377 0.010595 0.977282 0.014629 0.977388 0.016398 0.977260 0.017057 0.977346 0.018821 0.977251 0.019249 0.977541 0.019832 0.978159 0.019857 0.978074 0.022149 0.978704 0.024571 0.978966 0.026438 0.978867 0.027186 0.979007 0.027865 0.978180 0.028734 0.978040 0.029411 0.978180 0.030088 0.978555 0.030588 0.979063 0.030776 0.980004 0.030332 0.980581 0.029754 0.982362 0.028535 0.982703 0.028080 0.983276 0.027894 0.983542 0.027539 0.983584 0.026776 0.982928 0.025384 0.981684 0.023993 0.981214 0.023196 0.981128 0.022779 0.981214 0.022290 0.981484 0.021953 0.982161 0.021838 0.982600 0.022001 0.984617 0.025661 0.984913 0.025909 0.985448 0.025961
0 0.943078 0.000059 0.923378 0.000059 0.924039 0.000925 0.923932 0.001470 0.924073 0.002147 0.924908 0.003200 0.926713 0.004777 0.927411 0.006076 0.928338 0.007251 0.928846 0.007439 0.929461 0.007278 0.931356 0.007368 0.932114 0.008497 0.934476 0.008378 0.935412 0.009507 0.936615 0.009507 0.937585 0.007699 0.942923 0.000285
0 0.871660 0.127086 0.871512 0.131805 0.871129 0.133774 0.871168 0.135016 0.870996 0.135857 0.871119 0.136458 0.870844 0.137759 0.870598 0.138283 0.869357 0.139937 0.868529 0.140239 0.868038 0.140239 0.867209 0.139937 0.866592 0.139057 0.865544 0.139057 0.865081 0.139675 0.864155 0.140043 0.863417 0.140043 0.862589 0.139741 0.861594 0.138545 0.860562 0.135662 0.860206 0.135252 0.858805 0.134498 0.858154 0.133630 0.857927 0.132526 0.858154 0.131422 0.860328 0.128391 0.861606 0.126884 0.863228 0.125377 0.864744 0.124747 0.865769 0.125049 0.866371 0.125851 0.866597 0.126955 0.866404 0.127895 0.867618 0.129088 0.868174 0.129403 0.868298 0.123613 0.868525 0.122509 0.869126 0.121707 0.869955 0.121405 0.870783 0.121707 0.871384 0.122509 0.871611 0.123613 0.871709 0.126824
0 0.836757 0.325969 0.836757 0.320048 0.836035 0.316575 0.833655 0.309534 0.832501 0.305094 0.831685 0.303644 0.830701 0.302331 0.829434 0.301005 0.829688 0.299503 0.829328 0.297722 0.827821 0.293899 0.826065 0.288296 0.824253 0.283945 0.822712 0.281287 0.820912 0.278887 0.819552 0.277195 0.818374 0.276349 0.816041 0.275507 0.814409 0.275507 0.812802 0.276107 0.811364 0.278024 0.811005 0.279805 0.811005 0.281497 0.811455 0.283882 0.812724 0.288112 0.814083 0.290771 0.815171 0.293429 0.816530 0.295846 0.818330 0.298247 0.821050 0.300664 0.824766 0.305256 0.826974 0.307355 0.827679 0.308294 0.827932 0.308873 0.828948 0.313007 0.830694 0.317994 0.831401 0.320515 0.831401 0.325421 0.831217 0.326332 0.831219 0.327081 0.831032 0.327330 0.830673 0.329112 0.831032 0.330893 0.832017 0.332205 0.833353 0.332684 0.834870 0.332205 0.835854 0.330893 0.836485 0.328145 0.836574 0.326881
0 0.832743 0.334308 0.832516 0.333204 0.830614 0.330819 0.830878 0.330466 0.830699 0.329595 0.830790 0.327057 0.831461 0.323737 0.831111 0.320290 0.829770 0.314173 0.827935 0.311001 0.827538 0.309988 0.827210 0.309551 0.826994 0.308901 0.825669 0.306408 0.824297 0.304458 0.822035 0.302310 0.820914 0.301661 0.819652 0.300354 0.818483 0.299805 0.816655 0.295982 0.816089 0.295227 0.815633 0.293895 0.815724 0.293774 0.815148 0.293007 0.814480 0.291632 0.813120 0.289940 0.813029 0.289577 0.811795 0.287689 0.811262 0.286376 0.811079 0.285519 0.810990 0.280288 0.810763 0.279184 0.810162 0.278382 0.809062 0.278080 0.807690 0.278624 0.806240 0.280074 0.805185 0.281601 0.804777 0.283672 0.804777 0.284518 0.805366 0.287073 0.805819 0.287798 0.806001 0.288402 0.808142 0.291982 0.808629 0.293598 0.809445 0.295411 0.810804 0.297949 0.810986 0.298553 0.812073 0.300728 0.814158 0.304475 0.814430 0.305200 0.815608 0.307134 0.816243 0.308463 0.817240 0.309913 0.820503 0.315472 0.821953 0.318735 0.822225 0.319823 0.822769 0.321152 0.824513 0.324807 0.825669 0.328886 0.826666 0.331545 0.828718 0.334523 0.829024 0.334689 0.830259 0.336214 0.831087 0.336516 0.831915 0.336214 0.832516 0.335412
0 0.837373 0.292146 0.837086 0.292617 0.836773 0.292732 0.836115 0.292541 0.835881 0.292228 0.835706 0.291593 0.835050 0.291351 0.834643 0.290731 0.834442 0.289739 0.834328 0.287435 0.833139 0.287204 0.832765 0.287440 0.832771 0.291085 0.833278 0.292542 0.834840 0.292809 0.835075 0.293122 0.835218 0.294152 0.835132 0.294569 0.834898 0.294882 0.834586 0.294996 0.832833 0.294833 0.832540 0.296272 0.832471 0.298931 0.832786 0.299352 0.833093 0.299464 0.833695 0.300266 0.833921 0.301370 0.833695 0.302474 0.833093 0.303276 0.832265 0.303578 0.831159 0.303202 0.830490 0.302533 0.829442 0.301062 0.829160 0.299438 0.829217 0.296004 0.828885 0.295192 0.827548 0.293260 0.827213 0.292443 0.823758 0.282337 0.823145 0.281371 0.821975 0.278845 0.821594 0.278337 0.820514 0.277418 0.819177 0.276675 0.818519 0.275798 0.818293 0.274620 0.818519 0.273516 0.819845 0.272045 0.821294 0.270038 0.822298 0.269147 0.823126 0.268845 0.823627 0.268845 0.825681 0.269667 0.826529 0.270276 0.826924 0.270001 0.828328 0.267348 0.829319 0.266026 0.830426 0.265724 0.831533 0.266175 0.831979 0.266695 0.832480 0.266992 0.833639 0.268463 0.834364 0.269726 0.834702 0.271202 0.834702 0.273877 0.834308 0.276541 0.833716 0.277776 0.833026 0.279736 0.832280 0.281207 0.832192 0.282509 0.832682 0.283088 0.833937 0.283186 0.835100 0.283636 0.836537 0.285702 0.837094 0.287188 0.837377 0.288515 0.837600 0.290150 0.837600 0.291041
0 0.930527 0.260864 0.930486 0.257671 0.930053 0.255465 0.929640 0.254364 0.928873 0.253287 0.927467 0.252709 0.925732 0.252654 0.924367 0.253177 0.923459 0.253727 0.921742 0.255961 0.921164 0.257503 0.920896 0.258827 0.920896 0.259873 0.921164 0.261143 0.923255 0.263875 0.924179 0.266153 0.926102 0.269102 0.926930 0.269404 0.927758 0.269102 0.928359 0.268300 0.928577 0.267239 0.929061 0.266594 0.929268 0.265988 0.929857 0.263110 0.930218 0.262409 0.930484 0.261074
0 0.950784 0.284054 0.950409 0.284554 0.949902 0.284742 0.948518 0.284502 0.943930 0.284503 0.943422 0.284315 0.943017 0.283776 0.942846 0.282820 0.942907 0.282312 0.941541 0.282353 0.940316 0.281966 0.939941 0.281466 0.939801 0.280789 0.940028 0.279997 0.942735 0.280084 0.943243 0.279896 0.943618 0.279396 0.943759 0.278719 0.943683 0.277604 0.944331 0.274539 0.944706 0.274039 0.945214 0.273851 0.945721 0.274039 0.946156 0.274618 0.948366 0.278480 0.949112 0.279356 0.949313 0.280152 0.949321 0.280988 0.950784 0.282660 0.950925 0.283377
0 0.525181 0.069529 0.524916 0.066498 0.524918 0.064788 0.524691 0.063684 0.524090 0.062882 0.523218 0.062580 0.521857 0.063241 0.520973 0.061887 0.520358 0.061360 0.519530 0.061058 0.519004 0.061058 0.517868 0.061536 0.516740 0.063099 0.516125 0.065089 0.514633 0.068132 0.513140 0.070649 0.511208 0.074922 0.510806 0.076729 0.510806 0.077548 0.511008 0.077632 0.511609 0.078434 0.511836 0.079539 0.511609 0.080643 0.511008 0.081445 0.510180 0.081747 0.509668 0.081560 0.508568 0.082900 0.508630 0.085692 0.509000 0.086186 0.510092 0.086547 0.510970 0.086605 0.512243 0.086429 0.513159 0.086069 0.513848 0.085150 0.514452 0.083759 0.515030 0.082930 0.515799 0.082859 0.516627 0.082557 0.517242 0.082089 0.518633 0.079238 0.520120 0.076795 0.522512 0.073505 0.523325 0.071996 0.525155 0.069555
0 0.538352 0.076543 0.538240 0.077498 0.538264 0.082507 0.538062 0.084400 0.537550 0.084539 0.536996 0.084337 0.536418 0.084547 0.536009 0.084398 0.535181 0.084700 0.534579 0.085502 0.534216 0.087377 0.533704 0.088059 0.532656 0.088478 0.532217 0.088478 0.531301 0.088118 0.530660 0.087262 0.529812 0.086661 0.527784 0.086547 0.525551 0.085835 0.525269 0.085576 0.524140 0.085844 0.522214 0.085074 0.521525 0.084155 0.521210 0.082816 0.521212 0.080811 0.520471 0.078887 0.520245 0.077783 0.520471 0.076327 0.521380 0.074881 0.523400 0.072540 0.523663 0.072306 0.524667 0.071945 0.525694 0.072240 0.526491 0.072240 0.528442 0.071711 0.534641 0.071713 0.536783 0.071535 0.537611 0.071837 0.538213 0.072640 0.538309 0.073116 0.538354 0.076535
0 0.460901 0.025308 0.458252 0.028664 0.456972 0.029271 0.456267 0.029218 0.455274 0.029564 0.455129 0.029757 0.454151 0.030005 0.453550 0.030807 0.453323 0.031911 0.453559 0.033028 0.453455 0.033166 0.454130 0.034022 0.454356 0.035126 0.454130 0.036230 0.453528 0.037032 0.452667 0.037334 0.451376 0.036724 0.450749 0.036196 0.449982 0.035173 0.447736 0.029580 0.447510 0.028476 0.447577 0.026470 0.446910 0.024647 0.446552 0.023103 0.446778 0.021602 0.447512 0.020536 0.447941 0.020228 0.449496 0.019617 0.450619 0.019441 0.451447 0.019743 0.452062 0.020431 0.452992 0.021029 0.453988 0.021027 0.455346 0.021601 0.457021 0.021909 0.459471 0.021996 0.460300 0.022298 0.460901 0.023100 0.461128 0.024204
0 0.467078 0.032619 0.466476 0.033421 0.465539 0.033721 0.465620 0.034157 0.465393 0.035261 0.464792 0.036063 0.463964 0.036366 0.463136 0.036063 0.462534 0.035261 0.462316 0.034680 0.461791 0.034393 0.461453 0.034516 0.460625 0.034214 0.460024 0.033412 0.459946 0.033034 0.458570 0.031121 0.458278 0.029797 0.458537 0.028252 0.459271 0.027230 0.460429 0.026796 0.461345 0.026798 0.462145 0.025689 0.463036 0.025116 0.464030 0.024814 0.464858 0.025116 0.465459 0.025918 0.465683 0.026789 0.466120 0.027504 0.466496 0.028533 0.467078 0.029309 0.467305 0.030414 0.467305 0.031515
0 0.484269 0.021308 0.483386 0.021995 0.478271 0.021913 0.477801 0.022864 0.476067 0.022745 0.474754 0.018947 0.472052 0.013791 0.470831 0.010536 0.471347 0.009359 0.473430 0.009342 0.474584 0.008828 0.475507 0.008087 0.477137 0.005518 0.478825 0.004316 0.480180 0.004276 0.481182 0.006105 0.481182 0.007839 0.479812 0.009135 0.478112 0.009576 0.479149 0.011309 0.480442 0.011547 0.481206 0.012755 0.481308 0.015689 0.479738 0.016295 0.481906 0.018536 0.483752 0.019210 0.484410 0.020631
0 0.518730 0.034660 0.518234 0.035321 0.518061 0.036165 0.517418 0.037023 0.517129 0.037138 0.516974 0.037893 0.516373 0.038695 0.515544 0.038997 0.514447 0.038884 0.513916 0.039210 0.513629 0.039457 0.513254 0.040290 0.512622 0.041187 0.512557 0.044425 0.512361 0.045403 0.512561 0.046376 0.512334 0.047480 0.511205 0.049152 0.510604 0.049954 0.509776 0.050256 0.508979 0.049966 0.507853 0.050368 0.507385 0.050346 0.507276 0.050880 0.506674 0.051682 0.505846 0.051984 0.504934 0.051682 0.504333 0.050880 0.504131 0.049894 0.502230 0.047209 0.501405 0.044716 0.500924 0.043878 0.500663 0.043958 0.498998 0.043377 0.498397 0.042575 0.498170 0.041471 0.498397 0.040367 0.499072 0.039538 0.499484 0.038416 0.500163 0.037287 0.500780 0.034849 0.501741 0.032452 0.502410 0.031170 0.506899 0.025519 0.507766 0.024839 0.508657 0.023651 0.509401 0.023386 0.509665 0.023034 0.510493 0.022732 0.511120 0.022961 0.511488 0.022827 0.512316 0.023129 0.512607 0.023517 0.513068 0.023707 0.514654 0.025822 0.515521 0.027924 0.517288 0.030225 0.517346 0.030515 0.518730 0.032396 0.518956 0.033556
0 0.359556 0.056558 0.359384 0.057246 0.357922 0.059080 0.355942 0.060687 0.354794 0.061101 0.354737 0.061376 0.354136 0.062178 0.353307 0.062480 0.352189 0.062480 0.351361 0.062178 0.350071 0.060573 0.349296 0.057705 0.349070 0.056601 0.349070 0.055224 0.349255 0.054322 0.348984 0.053159 0.349210 0.051940 0.350329 0.049760 0.351103 0.048729 0.351447 0.048499 0.353566 0.047738 0.354828 0.047822 0.355803 0.047509 0.356663 0.047509 0.357491 0.047811 0.358093 0.048613 0.358190 0.049087 0.358642 0.049918 0.359297 0.050793 0.359782 0.053503 0.359782 0.055453
0 0.368074 0.048297 0.367558 0.050477 0.367278 0.051079 0.367225 0.051406 0.367434 0.052466 0.367207 0.053570 0.366606 0.054372 0.365617 0.054717 0.364339 0.054329 0.362416 0.052591 0.361170 0.051853 0.359879 0.050361 0.358503 0.048297 0.358454 0.047982 0.358018 0.047314 0.357698 0.045836 0.357801 0.045833 0.357863 0.044892 0.360895 0.044828 0.361742 0.043758 0.364105 0.043749 0.364096 0.040629 0.364881 0.040549 0.364844 0.039583 0.364881 0.038568 0.364794 0.037535 0.363351 0.037478 0.363315 0.036490 0.361711 0.036409 0.361712 0.035381 0.359416 0.035413 0.358788 0.034645 0.359387 0.034248 0.359813 0.031723 0.360616 0.031214 0.362491 0.031363 0.362977 0.032924 0.364010 0.034874 0.365817 0.037169 0.366333 0.039578 0.367021 0.041873 0.368542 0.045621
0 0.191458 0.505334 0.191458 0.504729 0.190923 0.502373 0.191276 0.500499 0.190826 0.498477 0.189842 0.497164 0.189117 0.496681 0.188483 0.495835 0.187271 0.494944 0.186567 0.494126 0.185836 0.491815 0.185564 0.490007 0.185564 0.487426 0.185841 0.486691 0.186563 0.483460 0.186563 0.481043 0.186023 0.477932 0.185570 0.476240 0.184696 0.474593 0.184573 0.474065 0.183588 0.472753 0.182252 0.472273 0.181074 0.472663 0.180235 0.471544 0.178899 0.471065 0.177563 0.471544 0.176384 0.472753 0.174315 0.473891 0.172186 0.474846 0.168771 0.476015 0.167139 0.476982 0.165430 0.479261 0.164977 0.480228 0.163876 0.481695 0.162970 0.482541 0.161623 0.484337 0.160989 0.485425 0.159267 0.488688 0.157545 0.493522 0.157094 0.495907 0.157097 0.498467 0.157004 0.498928 0.157004 0.501466 0.157454 0.503610 0.158438 0.504923 0.159774 0.505402 0.161241 0.505398 0.162354 0.505794 0.164182 0.506659 0.165508 0.507944 0.166596 0.508427 0.169835 0.509390 0.171845 0.509386 0.173165 0.509628 0.174648 0.510221 0.175841 0.510965 0.177830 0.511683 0.180372 0.512899 0.182977 0.513740 0.183884 0.513740 0.185582 0.513140 0.186799 0.512364 0.187667 0.512053 0.189389 0.510723 0.190555 0.509169 0.190917 0.508082 0.191274 0.506245
0 0.220551 0.511717 0.219973 0.508831 0.218387 0.506717 0.216344 0.504983 0.213134 0.500331 0.209792 0.494885 0.209473 0.492587 0.208081 0.491146 0.206250 0.490616 0.198603 0.480833 0.195724 0.477861 0.192659 0.474765 0.190495 0.473990 0.188145 0.474765 0.186559 0.476880 0.186174 0.478802 0.186717 0.482861 0.185564 0.487426 0.185836 0.491815 0.186567 0.494126 0.190826 0.498477 0.191276 0.500499 0.190923 0.502373 0.191458 0.505334 0.190555 0.509169 0.187667 0.512053 0.184139 0.513650 0.183655 0.516051 0.183027 0.526644 0.182228 0.526644 0.181788 0.526301 0.181045 0.526030 0.180190 0.526118 0.179448 0.526388 0.178855 0.526915 0.177914 0.528346 0.177710 0.529336 0.177710 0.530564 0.177908 0.532113 0.177908 0.534337 0.178308 0.536029 0.178987 0.536933 0.180782 0.537731 0.184795 0.537746 0.186102 0.539504 0.188424 0.541609 0.191609 0.542880 0.193467 0.542880 0.196003 0.541981 0.199254 0.539875 0.205477 0.533931 0.209942 0.527358 0.211276 0.524464 0.214393 0.521423 0.217230 0.517269 0.218387 0.516717 0.219973 0.514602
0 0.239731 0.466766 0.239731 0.466086 0.239504 0.464981 0.238903 0.464179 0.238492 0.463956 0.239300 0.462158 0.239527 0.461054 0.239527 0.460102 0.238994 0.457706 0.238291 0.456767 0.235945 0.455476 0.235117 0.455173 0.233281 0.455309 0.232045 0.455748 0.231484 0.456224 0.228995 0.459542 0.227465 0.462397 0.226853 0.463757 0.226254 0.465577 0.224303 0.469129 0.223334 0.471373 0.223006 0.473089 0.223232 0.474737 0.223836 0.475541 0.224201 0.476981 0.224905 0.477919 0.225937 0.478290 0.228900 0.476977 0.232057 0.476182 0.233956 0.475336 0.235467 0.473661 0.236659 0.472684 0.237617 0.471406 0.239045 0.469026 0.239504 0.467870
0 0.224222 0.452149 0.223390 0.452132 0.223441 0.455163 0.222641 0.456244 0.219088 0.455210 0.217615 0.453456 0.217082 0.452243 0.216816 0.451023 0.216957 0.449718 0.217457 0.449135 0.217965 0.448947 0.219635 0.449074 0.220347 0.447948 0.221585 0.447883 0.222598 0.447910 0.223351 0.448950 0.224155 0.448929 0.224247 0.450958
0 0.176775 0.459218 0.175425 0.453386 0.172159 0.445574 0.161531 0.426536 0.160728 0.422519 0.159142 0.420405 0.156978 0.419634 0.154814 0.420405 0.153228 0.422519 0.151957 0.429922 0.145277 0.435866 0.144449 0.437772 0.144675 0.439318 0.147696 0.444730 0.152788 0.448060 0.160605 0.451566 0.163197 0.454126 0.163680 0.457132 0.160639 0.460675 0.160413 0.461779 0.161241 0.463813 0.170906 0.467042 0.173455 0.466011 0.175137 0.463768 0.176193 0.462103 0.176772 0.459218
0 0.183279 0.634363 0.182940 0.635939 0.182657 0.636469 0.180352 0.638482 0.178738 0.638764 0.179135 0.639460 0.180214 0.642886 0.180698 0.643890 0.181147 0.644054 0.181748 0.644856 0.181975 0.645960 0.181748 0.647065 0.181147 0.647867 0.180148 0.648244 0.179467 0.648244 0.178128 0.647715 0.176902 0.646308 0.175937 0.644264 0.175542 0.642042 0.174849 0.641734 0.174563 0.642115 0.173735 0.642417 0.172566 0.642115 0.171487 0.641055 0.170205 0.639345 0.168786 0.636772 0.168615 0.636167 0.167480 0.634502 0.167140 0.633669 0.166856 0.632338 0.167083 0.630855 0.167968 0.629599 0.168445 0.629266 0.169126 0.627979 0.170148 0.623893 0.170659 0.622531 0.174291 0.616854 0.175024 0.615348 0.174327 0.614115 0.173574 0.613186 0.172850 0.612827 0.172248 0.612024 0.172022 0.610920 0.172248 0.609816 0.172906 0.608938 0.173962 0.608485 0.177424 0.608409 0.178252 0.608711 0.178820 0.609165 0.179819 0.610649 0.180102 0.611784 0.180556 0.614023 0.180556 0.615007 0.179932 0.617246 0.179153 0.618767 0.179989 0.620109 0.181011 0.622682 0.181748 0.625558 0.182827 0.627601 0.183280 0.630522 0.183337 0.634079
0 0.254245 0.669169 0.254245 0.668471 0.254019 0.667366 0.253417 0.666564 0.252589 0.666262 0.251586 0.666264 0.250262 0.665952 0.249004 0.665954 0.248066 0.664858 0.246540 0.664401 0.244853 0.664401 0.243036 0.664858 0.242202 0.666048 0.241801 0.668005 0.241628 0.672445 0.241395 0.673705 0.240864 0.674889 0.240321 0.675703 0.239003 0.677294 0.238718 0.678553 0.238718 0.679173 0.239003 0.680510 0.239662 0.681467 0.240490 0.681769 0.241770 0.681769 0.242827 0.681398 0.243443 0.682088 0.244956 0.682476 0.245653 0.683251 0.246481 0.683553 0.248285 0.683553 0.249113 0.683251 0.249714 0.682449 0.249941 0.681345 0.249665 0.680174 0.251032 0.679684 0.251672 0.679218 0.252564 0.678106 0.253437 0.676632 0.253780 0.674985 0.254187 0.669479
0 0.260480 0.661522 0.259770 0.662372 0.258544 0.662771 0.257301 0.662672 0.256258 0.663290 0.255430 0.663592 0.254614 0.663589 0.254122 0.664062 0.252575 0.664529 0.252479 0.664998 0.251805 0.665848 0.250977 0.666150 0.249715 0.665753 0.249420 0.665860 0.248592 0.665558 0.247696 0.664364 0.246311 0.663483 0.243393 0.660026 0.243139 0.659591 0.242876 0.658149 0.243103 0.656803 0.243813 0.655905 0.245583 0.655265 0.249239 0.654782 0.252208 0.654734 0.255459 0.655943 0.257530 0.656134 0.258901 0.656774 0.259372 0.657160 0.260118 0.658155 0.260291 0.658964 0.260480 0.659217 0.260707 0.660418
0 0.265776 0.650087 0.265739 0.648639 0.265404 0.646811 0.264803 0.646009 0.263974 0.645707 0.262887 0.645966 0.262512 0.646466 0.262083 0.650864 0.261231 0.653870 0.259869 0.656169 0.259584 0.657135 0.259725 0.658102 0.260100 0.658602 0.260607 0.658789 0.261405 0.658602 0.262600 0.657588 0.263445 0.656461 0.264038 0.655187 0.264627 0.654933 0.265075 0.654288 0.265577 0.652549 0.265613 0.650838 0.265738 0.650272
0 0.300137 0.661755 0.300116 0.663295 0.299975 0.663972 0.299600 0.664472 0.299092 0.664660 0.298886 0.664584 0.297527 0.665584 0.296948 0.665790 0.296983 0.667051 0.296843 0.667728 0.296468 0.668228 0.295960 0.668416 0.295452 0.668228 0.294432 0.666899 0.293842 0.666913 0.293334 0.666726 0.292959 0.666226 0.292818 0.665549 0.292959 0.664872 0.293379 0.664342 0.293887 0.664154 0.294606 0.664155 0.294305 0.662845 0.294396 0.659960 0.294784 0.657931 0.295497 0.657101 0.296073 0.656883 0.297267 0.656913 0.298236 0.657063 0.298992 0.657401 0.299457 0.658021 0.299862 0.658983 0.300161 0.660411 0.300161 0.661643
0 0.085298 0.552737 0.084267 0.554111 0.082932 0.554590 0.080795 0.554098 0.079495 0.554346 0.078742 0.554076 0.078191 0.554322 0.077683 0.554134 0.077308 0.553634 0.077110 0.552892 0.076075 0.553121 0.075733 0.553440 0.075801 0.553768 0.075660 0.554445 0.075285 0.554945 0.074707 0.555163 0.073464 0.555193 0.072665 0.555419 0.072246 0.556129 0.071791 0.556297 0.071710 0.556689 0.071335 0.557189 0.070827 0.557376 0.070467 0.557244 0.069690 0.557523 0.068354 0.557043 0.066957 0.555242 0.066361 0.554020 0.063108 0.549438 0.059351 0.544673 0.059122 0.544123 0.058762 0.542342 0.059122 0.540500 0.060106 0.539187 0.061580 0.538647 0.062236 0.538609 0.064734 0.536438 0.068400 0.533750 0.070010 0.533210 0.071614 0.533210 0.073958 0.533933 0.076112 0.535094 0.077715 0.536316 0.079227 0.537110 0.079960 0.537721 0.081861 0.540255 0.082961 0.543432 0.084152 0.545387 0.084352 0.546021 0.085023 0.547220 0.085474 0.549368 0.085657 0.550956
0 0.093290 0.575682 0.093290 0.574525 0.093014 0.571790 0.092540 0.569230 0.092344 0.566531 0.091909 0.564024 0.091910 0.563166 0.091532 0.561331 0.090802 0.560095 0.089742 0.559540 0.088367 0.559990 0.085823 0.562962 0.085507 0.563856 0.085172 0.565905 0.084245 0.568957 0.084104 0.569634 0.084245 0.570942 0.085276 0.572085 0.085242 0.575782 0.084642 0.576029 0.083905 0.577012 0.083577 0.578433 0.083509 0.579474 0.083648 0.580154 0.083039 0.583833 0.083040 0.585867 0.082882 0.586568 0.083022 0.587245 0.083397 0.587745 0.083905 0.587932 0.084531 0.587745 0.084910 0.587224 0.086345 0.586272 0.088436 0.584221 0.089639 0.582564 0.090428 0.581039 0.091355 0.580119 0.092163 0.579041 0.092794 0.577621 0.093149 0.576359
0 0.139136 0.145227 0.136114 0.149361 0.135937 0.150220 0.135258 0.151126 0.134177 0.151511 0.133363 0.154277 0.132605 0.155391 0.131699 0.155693 0.130871 0.155391 0.130269 0.154589 0.130043 0.153485 0.130269 0.152381 0.131225 0.149546 0.131176 0.149245 0.129155 0.146029 0.126034 0.143220 0.125694 0.142770 0.125093 0.141967 0.124866 0.140863 0.125093 0.139759 0.125694 0.138957 0.126522 0.138655 0.126740 0.138734 0.127516 0.138160 0.128734 0.137753 0.129734 0.137755 0.129552 0.136831 0.128999 0.136563 0.127227 0.134304 0.126610 0.131952 0.126837 0.130744 0.127438 0.129942 0.128266 0.129640 0.129359 0.129640 0.130187 0.129942 0.132037 0.132408 0.132263 0.133512 0.132175 0.133944 0.132427 0.134385 0.132941 0.136900 0.133541 0.137119 0.135385 0.138536 0.136603 0.139226 0.137910 0.139720 0.138223 0.140032 0.138824 0.140834 0.139363 0.143499 0.139363 0.144123
0 0.103274 0.144479 0.103048 0.143375 0.102039 0.141775 0.102027 0.140834 0.101800 0.139729 0.100623 0.138160 0.099568 0.137136 0.098944 0.136880 0.098591 0.136555 0.098059 0.135508 0.097457 0.134706 0.096629 0.134404 0.095801 0.134706 0.095199 0.135508 0.094973 0.136612 0.095100 0.137489 0.093594 0.138160 0.092993 0.138962 0.092753 0.139538 0.092526 0.140642 0.092526 0.141601 0.092849 0.143537 0.093882 0.145106 0.094458 0.145618 0.095478 0.145984 0.095963 0.145982 0.096329 0.146322 0.097445 0.146752 0.098116 0.146752 0.099040 0.146386 0.099804 0.145342 0.100055 0.145342 0.100742 0.146386 0.101570 0.146688 0.102446 0.146386 0.103048 0.145584
0 0.115742 0.178314 0.115376 0.178827 0.114706 0.179193 0.112342 0.179232 0.111386 0.178873 0.109115 0.177559 0.108189 0.176839 0.106331 0.176017 0.105581 0.175518 0.104660 0.175218 0.104059 0.174416 0.103938 0.173829 0.103312 0.173363 0.102604 0.173104 0.102002 0.172302 0.101776 0.171198 0.102002 0.170094 0.102604 0.169292 0.105367 0.167778 0.105988 0.167236 0.106372 0.166039 0.107145 0.165008 0.108787 0.164306 0.110157 0.164306 0.110986 0.164609 0.112230 0.166039 0.112585 0.167543 0.112358 0.168647 0.111714 0.169506 0.110969 0.169809 0.110801 0.170646 0.112214 0.170646 0.113042 0.170948 0.113686 0.171808 0.114084 0.173940 0.114014 0.176987 0.115508 0.177118 0.115742 0.177431 0.115828 0.177897
0 0.251579 0.070260 0.251204 0.070760 0.250574 0.070903 0.247789 0.072788 0.247166 0.072975 0.246659 0.072788 0.246284 0.072288 0.246028 0.069966 0.246169 0.069059 0.246822 0.068188 0.247030 0.066993 0.247634 0.066149 0.248515 0.065732 0.248945 0.065732 0.249769 0.066034 0.250415 0.066704 0.250667 0.066612 0.251175 0.066799 0.251550 0.067299 0.251690 0.067976 0.251575 0.068901 0.251719 0.069583
0 0.249846 0.062424 0.249706 0.061715 0.249331 0.061215 0.248823 0.061027 0.246862 0.061126 0.246683 0.060318 0.247110 0.060153 0.247485 0.059653 0.247626 0.058976 0.247485 0.057453 0.247086 0.056921 0.246068 0.056669 0.245646 0.056042 0.245237 0.055822 0.244817 0.055261 0.244309 0.055074 0.243460 0.055229 0.243011 0.055794 0.242871 0.056471 0.242865 0.059482 0.243040 0.060528 0.243415 0.061028 0.243850 0.061259 0.244358 0.061447 0.244813 0.061360 0.244872 0.063140 0.245037 0.063915 0.245460 0.064513 0.246163 0.064700 0.246671 0.064513 0.247165 0.063854 0.248799 0.063822 0.249306 0.063634 0.249706 0.063102
0 0.587604 0.671070 0.587430 0.669468 0.587034 0.668587 0.586262 0.667603 0.585337 0.666942 0.584037 0.666535 0.583537 0.666621 0.583184 0.664867 0.581145 0.661976 0.578980 0.661201 0.575290 0.661459 0.573126 0.662235 0.570213 0.664048 0.564613 0.671601 0.564095 0.672723 0.562735 0.674967 0.562000 0.676639 0.561376 0.677643 0.559498 0.680060 0.558851 0.681700 0.557884 0.686485 0.558463 0.689370 0.560049 0.691485 0.562213 0.692260 0.566707 0.690794 0.569426 0.688981 0.572242 0.685054 0.573158 0.682970 0.575059 0.681558 0.577325 0.679054 0.578361 0.678105 0.579461 0.677414 0.581339 0.675774 0.582985 0.673579 0.584154 0.673094 0.586184 0.673183 0.586692 0.672996 0.587199 0.672408 0.587463 0.671747
0 0.552258 0.679784 0.552258 0.679076 0.552031 0.677972 0.551430 0.677170 0.550602 0.676868 0.549076 0.676868 0.547717 0.677347 0.546058 0.678497 0.543123 0.682057 0.542129 0.682620 0.540318 0.682706 0.539490 0.683009 0.538694 0.683628 0.538092 0.684430 0.537893 0.685049 0.537667 0.686153 0.537667 0.687480 0.537960 0.688850 0.538540 0.690330 0.539685 0.695042 0.540945 0.698049 0.541547 0.698851 0.542375 0.699154 0.543203 0.698851 0.543805 0.698049 0.544018 0.697011 0.544932 0.695838 0.545355 0.694655 0.546284 0.692797 0.549112 0.688850 0.549339 0.687745 0.549337 0.685688 0.549544 0.684205 0.550144 0.683316 0.551164 0.682310 0.551832 0.681419 0.552031 0.680888
0 0.677493 0.643397 0.677225 0.641624 0.676456 0.640543 0.674366 0.638593 0.673412 0.638235 0.672283 0.638291 0.671163 0.638648 0.670577 0.639038 0.669282 0.640411 0.667267 0.640464 0.666439 0.640766 0.665837 0.641568 0.665611 0.642673 0.665887 0.643843 0.665336 0.644578 0.665124 0.646143 0.661824 0.650319 0.661490 0.651044 0.661263 0.652148 0.661263 0.652873 0.661573 0.654200 0.662483 0.655246 0.663471 0.656730 0.664299 0.657032 0.665336 0.656730 0.666339 0.656228 0.666674 0.655894 0.667970 0.654221 0.672526 0.649261 0.673681 0.648279 0.675620 0.646976 0.676723 0.645616 0.677266 0.644501
0 0.690109 0.657068 0.689958 0.659621 0.689960 0.663599 0.689532 0.665644 0.688880 0.666580 0.688001 0.666882 0.687072 0.666513 0.686370 0.665577 0.686017 0.664771 0.685614 0.664233 0.685224 0.663175 0.684852 0.662783 0.684361 0.662783 0.682107 0.663658 0.680977 0.663356 0.679923 0.662556 0.679308 0.663423 0.678480 0.663725 0.677249 0.663423 0.676392 0.662684 0.675740 0.661815 0.674985 0.660069 0.674657 0.658024 0.674657 0.656748 0.674860 0.655550 0.673168 0.653750 0.672063 0.652075 0.671836 0.650568 0.672063 0.649464 0.672664 0.648662 0.674903 0.647822 0.675911 0.647822 0.676739 0.648124 0.677142 0.648594 0.677435 0.648631 0.677954 0.648259 0.679264 0.646647 0.679768 0.646311 0.680999 0.645874 0.682261 0.645875 0.683496 0.644699 0.684324 0.644396 0.685152 0.644699 0.685753 0.645501 0.685980 0.646605 0.685695 0.648176 0.687570 0.649602 0.688675 0.651009 0.689632 0.652755 0.690061 0.654464 0.690161 0.656815
0 0.734336 0.662175 0.733834 0.659061 0.732707 0.657558 0.730799 0.656888 0.723802 0.656983 0.722252 0.657558 0.720494 0.659331 0.716251 0.662323 0.714030 0.662698 0.712287 0.662508 0.706568 0.660118 0.701434 0.656701 0.697222 0.652417 0.694886 0.651462 0.691908 0.652131 0.690710 0.653634 0.690210 0.655157 0.689850 0.659128 0.691067 0.666336 0.691995 0.669573 0.691278 0.677216 0.691638 0.679283 0.692622 0.680595 0.699905 0.685545 0.704168 0.687262 0.706504 0.686783 0.707588 0.684973 0.713786 0.681452 0.715999 0.679548 0.719641 0.678596 0.722573 0.673628 0.727709 0.668149 0.729045 0.667670 0.730381 0.668149 0.731418 0.669721 0.732421 0.669362 0.733691 0.667288 0.734262 0.662541
0 0.669333 0.760966 0.669333 0.759986 0.668973 0.758204 0.667569 0.756332 0.667111 0.756141 0.666624 0.755632 0.665746 0.755301 0.664735 0.754653 0.661929 0.753754 0.656891 0.753754 0.656366 0.753894 0.655030 0.754373 0.653571 0.755157 0.649362 0.756332 0.648522 0.756892 0.647433 0.758344 0.647073 0.760126 0.647073 0.760686 0.647433 0.762467 0.648825 0.765163 0.650057 0.768205 0.651146 0.769658 0.652482 0.770137 0.656156 0.769997 0.656866 0.769742 0.657952 0.768652 0.661002 0.767458 0.663111 0.767105 0.665501 0.766459 0.667132 0.766462 0.668554 0.764566 0.668973 0.762747
0 0.715653 0.718492 0.718582 0.718455 0.719587 0.718791 0.723681 0.724959 0.726562 0.727083 0.727513 0.731525 0.727344 0.735417 0.725781 0.737500 0.723481 0.737417 0.721219 0.735875 0.718750 0.734375 0.714063 0.728125 0.713281 0.727083 0.712500 0.722917 0.712500 0.721875 0.712853 0.718791
0 0.395313 0.551042 0.395313 0.540625 0.393750 0.537500 0.387500 0.535417 0.380469 0.535417 0.377727 0.538342 0.377880 0.540523 0.376678 0.547542 0.375795 0.548719 0.374584 0.549146 0.372945 0.548148 0.371094 0.550000 0.371094 0.551042 0.375781 0.567708 0.382031 0.567708 0.382812 0.566667 0.389062 0.563542 0.389844 0.562500
0 0.459375 0.547917 0.457813 0.540625 0.450000 0.529167 0.450000 0.528125 0.446094 0.517708 0.445312 0.517708 0.442188 0.514583 0.438420 0.513588 0.438858 0.519844 0.437833 0.525923 0.436719 0.529167 0.440625 0.533333 0.440625 0.534375 0.445312 0.545833 0.450781 0.553125 0.456250 0.552083
0 0.097656 0.676042 0.098437 0.676042 0.099219 0.676042 0.107031 0.685417 0.107813 0.685417 0.125781 0.712500 0.126562 0.713542 0.127344 0.725000 0.126562 0.726042 0.122656 0.727083 0.121875 0.727083 0.115625 0.733333 0.114844 0.734375 0.110156 0.730208 0.109375 0.729167 0.104688 0.713542 0.103906 0.712500 0.101562 0.697917 0.101562 0.696875 0.096875 0.686458 0.096094 0.685417 0.097656 0.676042
0 0.100781 0.716667 0.103906 0.717708 0.104688 0.717708 0.109375 0.728125 0.109375 0.729167 0.110937 0.730208 0.110937 0.731250 0.107031 0.730208 0.106250 0.730208 0.102344 0.736458 0.101562 0.737500 0.100000 0.737500 0.099219 0.737500 0.094531 0.726042 0.094531 0.725000 0.100781 0.716667
0 0.059375 0.646875 0.060156 0.647917 0.060937 0.648958 0.064844 0.670833 0.064844 0.671875 0.067187 0.678125 0.067187 0.679167 0.082812 0.698958 0.083594 0.700000 0.081250 0.704167 0.080469 0.705208 0.075781 0.706250 0.075000 0.706250 0.067969 0.702083 0.067187 0.702083 0.060937 0.695833 0.060156 0.695833 0.058594 0.690625 0.057813 0.689583 0.055469 0.668750 0.055469 0.667708 0.056250 0.664583 0.057031 0.663542 0.057031 0.651042 0.057031 0.650000 0.059375 0.646875
0 0.800781 0.057292 0.800033 0.057884 0.798856 0.051626 0.797048 0.048968 0.795096 0.048294 0.792260 0.048260 0.789047 0.039534 0.786892 0.036415 0.785597 0.033700 0.784925 0.025109 0.783864 0.021273 0.783218 0.020411 0.782031 0.012500 0.781250 0.011458 0.782031 0.006250 0.783594 0.006250 0.791406 0.016667 0.798438 0.022917 0.798438 0.029167 0.802344 0.045833 0.803125 0.046875 0.803125 0.055208
0 0.900000 0.048958 0.903125 0.050000 0.903906 0.050000 0.907813 0.056250 0.908594 0.057292 0.908594 0.059375 0.908594 0.060417 0.906250 0.063542 0.905469 0.064583 0.902344 0.065625 0.901563 0.066667 0.888281 0.068750 0.887500 0.068750 0.889062 0.063542 0.889062 0.062500 0.892969 0.056250 0.892969 0.055208 0.900000 0.048958
0 0.900633 0.090526 0.899219 0.089583 0.898438 0.089583 0.888281 0.085417 0.884375 0.085417 0.881250 0.088542 0.881250 0.089583 0.878906 0.095833 0.879687 0.096875 0.880469 0.100000 0.881250 0.101042 0.885938 0.106250 0.886719 0.106250 0.891406 0.105208 0.892188 0.104167 0.896766 0.100377 0.897961 0.098532 0.899188 0.095889 0.899755 0.092993 0.900605 0.090601
0 0.978125 0.234375 0.982031 0.234375 0.982812 0.234375 0.984375 0.237500 0.985156 0.238542 0.985156 0.242708 0.985156 0.243750 0.982031 0.251042 0.982031 0.252083 0.979688 0.255208 0.978906 0.256250 0.973437 0.256250 0.972656 0.256250 0.967187 0.253125 0.966406 0.253125 0.965625 0.245833 0.965625 0.244792 0.970313 0.238542 0.971094 0.237500 0.978125 0.234375
0 0.926352 0.315271 0.926352 0.310756 0.925761 0.308057 0.925490 0.307335 0.924201 0.305616 0.922929 0.305210 0.922281 0.304347 0.919938 0.302264 0.915250 0.302264 0.909000 0.306431 0.909000 0.307472 0.906656 0.317889 0.906656 0.318931 0.912906 0.332472 0.913077 0.332472 0.913921 0.333597 0.915132 0.334024 0.916343 0.333597 0.917226 0.332420 0.917361 0.331742 0.920719 0.327264 0.920719 0.326222 0.923063 0.323097 0.923063 0.322832 0.924271 0.321221 0.925354 0.319415 0.925896 0.317789 0.926352 0.315271
0 0.467969 0.558333 0.470313 0.558333 0.471094 0.558333 0.473438 0.560417 0.474219 0.561458 0.473438 0.568750 0.473438 0.569792 0.470313 0.571875 0.469531 0.572917 0.467187 0.572917 0.466406 0.572917 0.464062 0.570833 0.463281 0.569792 0.464062 0.562500 0.464062 0.561458 0.467969 0.558333
0 0.433594 0.562500 0.438281 0.562500 0.439063 0.562500 0.442969 0.570833 0.442969 0.571875 0.442188 0.572917 0.441406 0.573958 0.434375 0.573958 0.433594 0.573958 0.431250 0.571875 0.430469 0.571875 0.429688 0.566667 0.429688 0.565625 0.433594 0.562500
0 0.467187 0.587500 0.466406 0.586458 0.464062 0.581250 0.464062 0.580208 0.463281 0.573958 0.462500 0.572917 0.458594 0.570833 0.452344 0.577083 0.452344 0.578125 0.450781 0.585417 0.450781 0.591667 0.451562 0.592708 0.452207 0.594643 0.453863 0.596827 0.454387 0.599431 0.454167 0.600523 0.454688 0.602083 0.453906 0.603125 0.452831 0.603412 0.452434 0.603942 0.450480 0.604639 0.449538 0.604322 0.447082 0.605324 0.445042 0.606556 0.444052 0.607479 0.441208 0.609639 0.440625 0.610417 0.440625 0.611321 0.440303 0.612762 0.440202 0.614244 0.440405 0.615233 0.440809 0.616176 0.441558 0.617174 0.442603 0.617580 0.443916 0.617580 0.444658 0.617309 0.445306 0.616445 0.445721 0.614908 0.448744 0.613809 0.451288 0.613809 0.452435 0.613404 0.453385 0.612136 0.454736 0.609123 0.456617 0.606346 0.456777 0.605863 0.458191 0.604651 0.459794 0.603530 0.460413 0.603304 0.461019 0.602766 0.461869 0.601633 0.461922 0.601372 0.462500 0.601042 0.463281 0.600000 0.466406 0.594792 0.466406 0.593750
0 0.450000 0.590625 0.453125 0.596875 0.453906 0.597917 0.453906 0.602083 0.453906 0.603125 0.450000 0.604167 0.449219 0.604167 0.442188 0.600000 0.441406 0.598958 0.441406 0.595833 0.442188 0.594792 0.450000 0.590625
0 0.507519 0.534796 0.507519 0.533584 0.507316 0.532594 0.506769 0.531865 0.506027 0.531594 0.505284 0.531865 0.505132 0.532068 0.499219 0.528125 0.494531 0.528125 0.493103 0.529150 0.489903 0.532609 0.488691 0.533552 0.487883 0.534764 0.487479 0.535033 0.486333 0.535439 0.485490 0.535439 0.482527 0.536246 0.480005 0.537189 0.479804 0.537457 0.479061 0.537728 0.478125 0.537500 0.478125 0.539583 0.478906 0.539583 0.482812 0.542708 0.486719 0.542708 0.487500 0.541667 0.495887 0.538472 0.497038 0.538805 0.498452 0.538805 0.500538 0.538266 0.502123 0.538266 0.503805 0.538805 0.505118 0.538940 0.506062 0.538534 0.506710 0.537670 0.507316 0.535785
0 0.541534 0.520465 0.544659 0.521507 0.545440 0.522548 0.547003 0.528798 0.547003 0.529840 0.550909 0.538173 0.551690 0.539215 0.550909 0.543382 0.550909 0.544423 0.547003 0.547548 0.546221 0.548590 0.544659 0.547548 0.543878 0.547548 0.542315 0.545465 0.541534 0.544423 0.541534 0.542340 0.540753 0.541298 0.540753 0.524632 0.539971 0.523590 0.541534 0.520465
0 0.532180 0.505242 0.531633 0.505971 0.531300 0.506186 0.530978 0.507074 0.530345 0.507918 0.529400 0.508605 0.527971 0.508990 0.526855 0.508990 0.526112 0.508719 0.525565 0.507990 0.525499 0.507668 0.525000 0.508333 0.510490 0.507315 0.510144 0.508180 0.509496 0.509044 0.508753 0.509315 0.508011 0.509044 0.507464 0.508315 0.507261 0.507191 0.507464 0.506201 0.507767 0.505528 0.509324 0.503183 0.510132 0.502644 0.511314 0.502177 0.512466 0.500774 0.512972 0.498304 0.512769 0.497314 0.512290 0.496674 0.512411 0.496188 0.510839 0.495309 0.510191 0.494445 0.509988 0.493456 0.510191 0.492466 0.510839 0.491602 0.511849 0.491064 0.512793 0.490793 0.513819 0.491308 0.514844 0.490625 0.518750 0.490625 0.521094 0.492708 0.521875 0.493750 0.527344 0.493750 0.528125 0.497917 0.528906 0.498958 0.528327 0.503591 0.529236 0.503063 0.529805 0.502419 0.530891 0.502148 0.531633 0.502419 0.532180 0.503148 0.532383 0.504252
0 0.661719 0.192708 0.666406 0.194792 0.667188 0.194792 0.675781 0.206250 0.676562 0.207292 0.678125 0.212500 0.678906 0.213542 0.678906 0.219792 0.678125 0.220833 0.675000 0.220833 0.674219 0.220833 0.666406 0.215625 0.665625 0.215625 0.660156 0.203125 0.659375 0.202083 0.659375 0.197917 0.659375 0.196875 0.661719 0.192708
0 0.007132 0.081988 0.009439 0.082407 0.010488 0.083946 0.013950 0.083666 0.014160 0.081429 0.017201 0.080869 0.019719 0.083666 0.007656 0.097792 0.005034 0.096813 0.004614 0.093456 0.004719 0.088981 0.005663 0.082547
0 0.157031 0.061458 0.157812 0.069792 0.157812 0.070833 0.156250 0.076042 0.156250 0.077083 0.153906 0.079167 0.153125 0.079167 0.153125 0.069792 0.153125 0.068750 0.154688 0.063542 0.154688 0.062500 0.157031 0.061458
0 0.218750 0.066667 0.221094 0.066667 0.221875 0.066667 0.224219 0.069792 0.225000 0.070833 0.224219 0.079167 0.224219 0.080208 0.221875 0.083333 0.221094 0.084375 0.218750 0.083333 0.217969 0.083333 0.215625 0.077083 0.214844 0.076042 0.216406 0.070833 0.216406 0.069792 0.218750 0.066667
0 0.235218 0.077911 0.234920 0.076221 0.234375 0.075642 0.234375 0.070833 0.232813 0.068750 0.231228 0.068750 0.230841 0.069451 0.230380 0.069618 0.227904 0.069618 0.228077 0.071000 0.227816 0.071898 0.228125 0.073958 0.231250 0.078125 0.232302 0.078005 0.233086 0.078973 0.233663 0.079217 0.234757 0.078973 0.235093 0.078525
0 0.239844 0.053125 0.239063 0.052083 0.239063 0.047917 0.238281 0.047917 0.232031 0.044792 0.231372 0.046111 0.230899 0.047990 0.230611 0.050010 0.230586 0.053923 0.229873 0.054258 0.229454 0.054817 0.229329 0.055431 0.229495 0.056379 0.230203 0.058323 0.231122 0.059381 0.232000 0.059604 0.232461 0.059437 0.232827 0.058949 0.232952 0.059433 0.233621 0.060325 0.235454 0.060770 0.236914 0.061492 0.237833 0.061325 0.238294 0.060766 0.238419 0.060151 0.238148 0.059342
0 0.289316 0.067127 0.288699 0.064545 0.287183 0.062261 0.286722 0.062093 0.286229 0.062236 0.285938 0.061458 0.281250 0.061458 0.275781 0.065625 0.275781 0.068750 0.276562 0.068750 0.278637 0.068355 0.278982 0.068845 0.279443 0.069012 0.281888 0.068881 0.282492 0.069143 0.284558 0.069143 0.286493 0.068487 0.287706 0.068487 0.288855 0.068189 0.289191 0.067741 0.289316 0.067127
0 0.206969 0.056828 0.203982 0.057359 0.202488 0.056164 0.201493 0.054305 0.201094 0.052712 0.200098 0.050322 0.199999 0.047401 0.200098 0.046472 0.200895 0.045543 0.201592 0.045144 0.201990 0.045144 0.202887 0.045277 0.203385 0.046206 0.203385 0.046870 0.204480 0.052181 0.205476 0.053509 0.206272 0.053774 0.207368 0.054969 0.207965 0.055899 0.208065 0.056430 0.207865 0.056961
0 0.160156 0.142708 0.160108 0.140831 0.159851 0.139613 0.159851 0.138278 0.160023 0.136831 0.159851 0.130774 0.158962 0.124299 0.158073 0.122998 0.153906 0.120833 0.148438 0.129167 0.148438 0.129411 0.147845 0.129627 0.147374 0.130254 0.146902 0.130427 0.146355 0.131156 0.146098 0.131727 0.145724 0.133860 0.145724 0.135346 0.146013 0.136564 0.146902 0.137750 0.147759 0.138550 0.150157 0.139723 0.150781 0.141667 0.151562 0.142708 0.152447 0.143551 0.153127 0.144792 0.155388 0.147807 0.156417 0.148379 0.157017 0.148950 0.157759 0.149221 0.158273 0.149221 0.159015 0.148950 0.159562 0.148221 0.159734 0.147764 0.160108 0.145974 0.160108 0.142794
0 0.359375 0.122917 0.363281 0.122917 0.364063 0.122917 0.364844 0.125000 0.365625 0.126042 0.364844 0.136458 0.364844 0.137500 0.363281 0.142708 0.362500 0.143750 0.357812 0.143750 0.357031 0.143750 0.356250 0.139583 0.355469 0.138542 0.356250 0.130208 0.356250 0.129167 0.357812 0.125000 0.357812 0.123958 0.359375 0.122917
0 0.392143 0.142785 0.391940 0.141165 0.391125 0.140078 0.390711 0.138770 0.389844 0.137488 0.389844 0.132292 0.389062 0.131250 0.383594 0.129167 0.375000 0.136458 0.375000 0.137500 0.373437 0.142708 0.374219 0.143750 0.376563 0.153125 0.377344 0.153125 0.378242 0.153658 0.378050 0.154596 0.378050 0.155752 0.378253 0.156742 0.379200 0.158183 0.380209 0.158631 0.382833 0.158631 0.383336 0.158806 0.384269 0.159606 0.385011 0.159876 0.386287 0.159428 0.386834 0.158699 0.387037 0.157709 0.387037 0.155246 0.387437 0.152431 0.387685 0.151339 0.388435 0.149627 0.388638 0.148638 0.388525 0.148090 0.389317 0.145275 0.389989 0.145279 0.391015 0.144882 0.391940 0.143775
0 0.437540 0.149249 0.437540 0.147749 0.437337 0.146759 0.436549 0.145559 0.434314 0.143029 0.433572 0.142758 0.433391 0.142824 0.432812 0.141667 0.432031 0.141667 0.430469 0.139583 0.427344 0.139583 0.425781 0.141667 0.425781 0.145833 0.426563 0.146875 0.426769 0.148288 0.426989 0.148582 0.427344 0.150000 0.428667 0.150000 0.429544 0.150338 0.431367 0.151718 0.431608 0.152339 0.432267 0.153218 0.434135 0.153939 0.435327 0.153669 0.435665 0.153369 0.436999 0.151439 0.437337 0.150239
0 0.440586 0.050720 0.438358 0.048654 0.435646 0.049558 0.430124 0.049429 0.429543 0.049170 0.428477 0.048137 0.427702 0.047621 0.426540 0.049816 0.425474 0.051108 0.424021 0.051883 0.423634 0.052270 0.422762 0.052141 0.421987 0.051495 0.421599 0.049300 0.420727 0.046846 0.420534 0.045296 0.421309 0.043616 0.421599 0.043229 0.423149 0.042067 0.424409 0.040775 0.425571 0.039096 0.425862 0.038450 0.428090 0.037804 0.428865 0.038062 0.429446 0.037804 0.429543 0.037029 0.429155 0.035867 0.428187 0.034188 0.427121 0.031475 0.428477 0.031346 0.430124 0.031734 0.430802 0.031734 0.432643 0.031346 0.433224 0.031604 0.433708 0.031604 0.434677 0.030959 0.435839 0.030959 0.439036 0.031863 0.440586 0.031992 0.441458 0.032767 0.442524 0.035221 0.442911 0.035608 0.443395 0.036513 0.443783 0.037675 0.446883 0.038708 0.447464 0.038321 0.447561 0.038837 0.447173 0.041679 0.447173 0.042454 0.447270 0.043616 0.447948 0.045812 0.447464 0.046200 0.445333 0.046587 0.444074 0.046071 0.442814 0.046071 0.440780 0.046846 0.440877 0.048654 0.440974 0.050204
0 0.359698 0.086369 0.355049 0.088694 0.352530 0.088436 0.352142 0.087273 0.351949 0.085336 0.351367 0.083528 0.351270 0.082753 0.351561 0.081074 0.351270 0.079782 0.351270 0.079007 0.352627 0.076682 0.353014 0.076553 0.353886 0.075520 0.354855 0.075003 0.356502 0.075261 0.357373 0.075649 0.358633 0.077328 0.358923 0.079524 0.359117 0.082365 0.359408 0.084173
0 0.364639 0.078878 0.361442 0.077328 0.359408 0.077457 0.357180 0.075003 0.356889 0.074486 0.356792 0.072678 0.357277 0.071386 0.357664 0.069836 0.358245 0.068932 0.359989 0.069449 0.360280 0.069836 0.360570 0.071128 0.360570 0.072420 0.360764 0.073065 0.361539 0.073582 0.363283 0.075390 0.363961 0.075520 0.364542 0.075907 0.365511 0.077328 0.365898 0.078490 0.365607 0.078878
0 0.361926 0.156375 0.353789 0.152629 0.352627 0.148367 0.347008 0.135063 0.341941 0.129595 0.341641 0.128218 0.342488 0.126111 0.345361 0.125970 0.347266 0.126499 0.348074 0.127701 0.349817 0.128993 0.352433 0.133126 0.352820 0.134417 0.356114 0.139326 0.357277 0.144234 0.356695 0.145525 0.358245 0.146817 0.359601 0.146817 0.360667 0.148884 0.361830 0.149659 0.363283 0.152888 0.363379 0.155471
0 0.318237 0.115172 0.316397 0.117368 0.314944 0.118401 0.313394 0.118660 0.311456 0.117626 0.311166 0.117110 0.310391 0.114785 0.310391 0.112460 0.309809 0.111427 0.309519 0.110264 0.308841 0.109877 0.306613 0.107810 0.306225 0.107293 0.305935 0.106260 0.305644 0.104452 0.305547 0.099285 0.306031 0.096702 0.307097 0.095411 0.308163 0.095281 0.309422 0.095927 0.311262 0.096186 0.311844 0.096186 0.312619 0.095927 0.314362 0.096831 0.315331 0.096831 0.316978 0.098123 0.317172 0.098769 0.316784 0.100319 0.316203 0.101481 0.315815 0.102773 0.315815 0.103419 0.315137 0.104323 0.314072 0.104839 0.313297 0.107035 0.313587 0.107681 0.314459 0.108327 0.315040 0.109360 0.315719 0.110006 0.316106 0.110135 0.316494 0.110006 0.317269 0.109102 0.318044 0.108843 0.318431 0.109231 0.319109 0.109231 0.318625 0.113106 0.318819 0.113622
0 0.862326 0.269999 0.862123 0.268558 0.861576 0.267828 0.858964 0.267160 0.858594 0.266667 0.856250 0.260417 0.855469 0.260417 0.853906 0.257292 0.853125 0.257292 0.847656 0.252083 0.846094 0.243750 0.845313 0.243750 0.844531 0.242708 0.840302 0.248347 0.838453 0.247438 0.837164 0.248438 0.836961 0.250331 0.837334 0.251999 0.837881 0.252728 0.839430 0.252999 0.839844 0.255208 0.842628 0.258832 0.843879 0.259329 0.844933 0.258869 0.847507 0.262398 0.849219 0.267708 0.850000 0.267708 0.855514 0.271492 0.858291 0.272441 0.861067 0.272170 0.862123 0.270989
0 0.853543 0.211674 0.852017 0.205118 0.850322 0.199918 0.847609 0.200370 0.845066 0.199918 0.840996 0.203535 0.838284 0.204666 0.837097 0.207831 0.837097 0.208509 0.840488 0.212578 0.843201 0.214839 0.843879 0.219586 0.843370 0.220490 0.841844 0.221169 0.843370 0.223203 0.844388 0.223203 0.846592 0.221847 0.846761 0.223881 0.847763 0.223973 0.848728 0.223275 0.852382 0.221987 0.852795 0.221621 0.851509 0.216647 0.851000 0.215969 0.853035 0.213934
0 0.825717 0.215151 0.825349 0.215968 0.824881 0.216593 0.825000 0.217708 0.824225 0.218741 0.824001 0.220055 0.823331 0.220947 0.822589 0.221218 0.821847 0.220947 0.821300 0.220218 0.821097 0.218754 0.818750 0.215625 0.818113 0.212228 0.817311 0.211957 0.816764 0.211228 0.816561 0.210238 0.816764 0.209249 0.817311 0.208519 0.818271 0.208249 0.818750 0.207292 0.822228 0.208683 0.823438 0.209375 0.824219 0.210417 0.824272 0.210919 0.824532 0.211408 0.825349 0.212354 0.825717 0.213008 0.825920 0.214161
0 0.748339 0.316037 0.747340 0.317369 0.746436 0.318073 0.745693 0.318344 0.744563 0.318344 0.743821 0.318073 0.742218 0.315936 0.741389 0.314127 0.740861 0.313424 0.740409 0.312318 0.740087 0.311889 0.737703 0.311249 0.735340 0.311249 0.734311 0.310947 0.733948 0.311079 0.731943 0.310277 0.731597 0.310403 0.728431 0.310403 0.727150 0.310102 0.725729 0.309529 0.725352 0.309228 0.724805 0.308499 0.724602 0.307409 0.724805 0.306419 0.725503 0.305589 0.726697 0.305218 0.728080 0.305118 0.729584 0.304717 0.729834 0.303971 0.732276 0.303971 0.734085 0.303770 0.734827 0.303499 0.736457 0.302431 0.738294 0.301589 0.740179 0.300283 0.742214 0.298273 0.743338 0.296875 0.746094 0.296875 0.746875 0.297917 0.746745 0.300685 0.745912 0.302298 0.745610 0.303102 0.745369 0.304351 0.744781 0.305917 0.744578 0.306906 0.744654 0.308615 0.745083 0.310408 0.747288 0.313248 0.748422 0.313872 0.748542 0.315047
0 0.964989 0.865108 0.964786 0.864119 0.964304 0.862904 0.964304 0.860656 0.964101 0.859667 0.963925 0.859432 0.964063 0.858333 0.963281 0.857292 0.963281 0.853125 0.962500 0.852083 0.961795 0.850203 0.955107 0.849861 0.953936 0.849476 0.953166 0.848791 0.952017 0.847026 0.951579 0.846880 0.951654 0.846007 0.951303 0.843744 0.950798 0.843070 0.949941 0.842614 0.949599 0.842157 0.948857 0.841886 0.945350 0.841151 0.944858 0.840744 0.943349 0.838619 0.942436 0.838234 0.941522 0.838504 0.940890 0.839348 0.940687 0.840337 0.940687 0.841365 0.941318 0.843838 0.943073 0.846178 0.942969 0.846875 0.943750 0.847917 0.943910 0.849412 0.946036 0.852133 0.946379 0.852818 0.946582 0.854378 0.946381 0.855356 0.944509 0.855242 0.944410 0.854758 0.943927 0.854114 0.944014 0.852666 0.943811 0.851676 0.943007 0.850604 0.942493 0.850262 0.939525 0.849192 0.938926 0.849192 0.937670 0.849577 0.937100 0.850222 0.937646 0.851562 0.938759 0.853274 0.939108 0.854487 0.939263 0.855710 0.939521 0.856282 0.939024 0.856473 0.938931 0.856851 0.938212 0.857809 0.936567 0.859415 0.936321 0.860542 0.936321 0.861113 0.936524 0.862102 0.937071 0.862832 0.937813 0.863102 0.938412 0.863102 0.939582 0.862717 0.942065 0.861005 0.943070 0.859447 0.943425 0.859221 0.945719 0.859221 0.947401 0.859678 0.948801 0.859678 0.949543 0.859906 0.953906 0.863542 0.954926 0.863669 0.954642 0.864766 0.954845 0.865755 0.955477 0.866599 0.956220 0.866869 0.963497 0.867098 0.964239 0.866827 0.964786 0.866098
0 0.260156 0.366667 0.259375 0.365625 0.256037 0.359691 0.256426 0.359173 0.256629 0.358183 0.256426 0.357193 0.255879 0.356464 0.254800 0.355505 0.252345 0.354598 0.250535 0.354739 0.250108 0.355393 0.249284 0.354981 0.248807 0.355267 0.247676 0.356935 0.247040 0.358927 0.247040 0.363352 0.247400 0.365694 0.247197 0.366684 0.247042 0.366890 0.253906 0.375000 0.254688 0.375000 0.258594 0.373958 0.259375 0.372917
0 0.278906 0.353125 0.278906 0.342708 0.278125 0.341667 0.277488 0.337422 0.277093 0.337109 0.275194 0.336360 0.272475 0.336041 0.271650 0.336443 0.270667 0.337178 0.270329 0.337917 0.269610 0.341114 0.269011 0.342552 0.267543 0.344669 0.267453 0.345109 0.266337 0.346596 0.266457 0.347795 0.266457 0.350352 0.266026 0.352618 0.266406 0.353125 0.267125 0.355235 0.268704 0.355665 0.269466 0.356681 0.269466 0.357384 0.269945 0.359726 0.269945 0.363457 0.270149 0.364446 0.270556 0.364990 0.270420 0.365285 0.270388 0.366044 0.270935 0.366774 0.271677 0.367044 0.272419 0.366774 0.273371 0.365345 0.274405 0.364127 0.274884 0.363008 0.275160 0.361872 0.275781 0.361458 0.275781 0.360417
0 0.303495 0.478952 0.302639 0.479380 0.299428 0.479237 0.298250 0.478666 0.297822 0.478952 0.297394 0.478809 0.296217 0.477239 0.296003 0.474956 0.296431 0.473671 0.297073 0.473243 0.297822 0.472244 0.298893 0.470104 0.299749 0.469105 0.300070 0.468391 0.300391 0.466821 0.302211 0.464252 0.304244 0.460256 0.305957 0.455690 0.307562 0.455547 0.308954 0.456118 0.309168 0.456689 0.309810 0.457688 0.310452 0.459400 0.310452 0.459971 0.310666 0.460827 0.310773 0.463396 0.309596 0.468248 0.308740 0.470389 0.308205 0.472530 0.307669 0.473386 0.307241 0.474813 0.304780 0.477382
0 0.317837 0.457688 0.317837 0.455832 0.316303 0.453264 0.316333 0.452836 0.315916 0.451275 0.314243 0.449188 0.313133 0.446280 0.310966 0.443391 0.310666 0.441993 0.310666 0.440562 0.310145 0.440584 0.309268 0.439557 0.307776 0.439001 0.306813 0.439001 0.304037 0.439985 0.303395 0.440556 0.302420 0.441856 0.302217 0.442846 0.302217 0.443988 0.302420 0.444977 0.304787 0.448275 0.305586 0.448770 0.306599 0.450980 0.307562 0.452325 0.307879 0.453968 0.308414 0.455252 0.309817 0.456980 0.311463 0.457748 0.312279 0.458407 0.313456 0.459692 0.314305 0.459963 0.315048 0.459692 0.315226 0.459453 0.316553 0.460542 0.317623 0.458401
0 0.252006 0.486372 0.252006 0.485231 0.251696 0.483813 0.250828 0.482799 0.250000 0.482445 0.250000 0.481250 0.249219 0.480208 0.245312 0.477083 0.244531 0.477083 0.239063 0.475000 0.236719 0.476042 0.235937 0.477083 0.235119 0.478539 0.234466 0.478945 0.233384 0.480245 0.233181 0.481235 0.233181 0.482234 0.233384 0.483224 0.234466 0.484666 0.235459 0.485184 0.235937 0.486458 0.236246 0.490796 0.236071 0.491653 0.236164 0.493675 0.235964 0.494650 0.236167 0.495639 0.237130 0.496924 0.237665 0.498208 0.239175 0.500079 0.240153 0.500668 0.242600 0.503504 0.243557 0.503918 0.244299 0.503647 0.244846 0.502918 0.245049 0.501928 0.244846 0.500938 0.244632 0.500510 0.243764 0.499353 0.243053 0.498822 0.244888 0.495831 0.246225 0.495227 0.247403 0.494228 0.248164 0.493213 0.248244 0.492820 0.248913 0.491929 0.249381 0.491019 0.251375 0.488218 0.251803 0.487362
0 0.319531 0.517708 0.319531 0.516667 0.317188 0.513542 0.317188 0.512500 0.316406 0.508333 0.317188 0.507292 0.319531 0.501042 0.313281 0.492708 0.310937 0.492708 0.300781 0.503125 0.301563 0.504167 0.303625 0.508017 0.305522 0.508915 0.305843 0.509200 0.307194 0.510716 0.307555 0.510912 0.308050 0.511572 0.308840 0.512197 0.309720 0.513451 0.310766 0.514623 0.311301 0.514908 0.312516 0.516100 0.313279 0.516665 0.314063 0.516667
0 0.128125 0.462500 0.128125 0.453125 0.127344 0.452083 0.120313 0.440625 0.119531 0.440625 0.117969 0.439583 0.109375 0.444792 0.108594 0.445833 0.107813 0.448958 0.108338 0.449659 0.108739 0.451044 0.109286 0.451773 0.110544 0.452388 0.111318 0.452388 0.112834 0.451945 0.114355 0.451017 0.114640 0.451087 0.116575 0.452979 0.118540 0.455600 0.118872 0.456933 0.118872 0.458884 0.119001 0.459826 0.119185 0.460072 0.119331 0.460782 0.120088 0.462135 0.120266 0.462888 0.120733 0.463683 0.120936 0.464673 0.120936 0.465592 0.121230 0.466973 0.123438 0.467708 0.124219 0.466667 0.126562 0.465625 0.127344 0.464583
0 0.028906 0.462500 0.028906 0.456250 0.028125 0.455208 0.021787 0.455286 0.021514 0.453682 0.021115 0.452508 0.021235 0.451781 0.021235 0.446481 0.021032 0.445492 0.020485 0.444763 0.019743 0.444492 0.018880 0.444763 0.017852 0.446134 0.017423 0.447425 0.016611 0.447061 0.015889 0.447061 0.015146 0.447332 0.014479 0.448383 0.014276 0.449372 0.014276 0.450657 0.014840 0.452771 0.015387 0.453500 0.016110 0.454142 0.016852 0.454413 0.018329 0.454197 0.018733 0.455070 0.018973 0.456455 0.018973 0.457788 0.014844 0.461458 0.015625 0.462500 0.018750 0.475000 0.019531 0.476042 0.025000 0.479167 0.025781 0.478125 0.025781 0.471875 0.026562 0.470833
0 0.037739 0.456186 0.037610 0.465877 0.037278 0.467554 0.036569 0.469702 0.036246 0.471338 0.035988 0.471854 0.035214 0.474606 0.033924 0.476669 0.031651 0.479700 0.031602 0.479937 0.030469 0.481250 0.027344 0.481250 0.025678 0.479029 0.026001 0.477572 0.026645 0.472959 0.028709 0.464157 0.029483 0.457965 0.029483 0.454475 0.034238 0.444612 0.034238 0.443003 0.034441 0.442013 0.034988 0.441284 0.035730 0.441013 0.036473 0.441284 0.037020 0.442013 0.037223 0.443003 0.037223 0.451743 0.037664 0.452332 0.037868 0.453322 0.037868 0.455558
0 0.079402 0.506465 0.079070 0.505132 0.078523 0.504402 0.077781 0.504132 0.077039 0.504402 0.076620 0.504961 0.075661 0.505336 0.075661 0.504573 0.075458 0.503584 0.074008 0.501651 0.073266 0.501380 0.072819 0.501543 0.072649 0.501204 0.071868 0.501204 0.063274 0.492871 0.062493 0.492871 0.057805 0.489746 0.052439 0.489746 0.052209 0.489440 0.051467 0.489169 0.050596 0.489440 0.050049 0.490169 0.049717 0.491502 0.049920 0.492836 0.051499 0.495113 0.051892 0.495459 0.057128 0.503313 0.056940 0.504229 0.056940 0.505433 0.057143 0.506423 0.057819 0.507496 0.059078 0.508765 0.059368 0.509537 0.060149 0.509537 0.068743 0.512662 0.069524 0.511621 0.074313 0.509226 0.076233 0.509315 0.076749 0.509143 0.078652 0.508184 0.079199 0.507455
0 0.052344 0.455208 0.056250 0.455208 0.057031 0.456250 0.057813 0.469792 0.058594 0.470833 0.057813 0.473958 0.057031 0.475000 0.057813 0.482292 0.057813 0.483333 0.055469 0.486458 0.054688 0.487500 0.050000 0.487500 0.049219 0.487500 0.047656 0.482292 0.046875 0.481250 0.046875 0.472917 0.046875 0.471875 0.052344 0.455208
0 0.067535 0.481183 0.067535 0.478948 0.067203 0.477270 0.066945 0.476410 0.066579 0.475923 0.066406 0.475000 0.063281 0.470833 0.059375 0.470833 0.057031 0.475000 0.057031 0.481250 0.057714 0.482161 0.057917 0.483377 0.058980 0.484966 0.060754 0.485753 0.062302 0.485753 0.063044 0.485482 0.063882 0.484881 0.066269 0.483934 0.067203 0.482689 0.067332 0.482173
0 0.076435 0.486859 0.076435 0.486171 0.076103 0.484665 0.075394 0.483877 0.075258 0.483152 0.074452 0.483152 0.074008 0.482560 0.072879 0.482118 0.071976 0.482118 0.069686 0.482732 0.069139 0.483461 0.068987 0.484205 0.066172 0.484893 0.063280 0.484893 0.064320 0.488360 0.067445 0.492527 0.072914 0.492527 0.075200 0.489568 0.076039 0.488360 0.076039 0.488106 0.076232 0.487848
0 0.113455 0.503885 0.113252 0.502896 0.112705 0.502167 0.111963 0.501896 0.110931 0.501896 0.108996 0.502412 0.108130 0.502848 0.100000 0.501042 0.101562 0.511458 0.103906 0.514583 0.106250 0.514583 0.107031 0.513542 0.110156 0.508333 0.110156 0.507798 0.111028 0.506980 0.112576 0.505948 0.113252 0.504875
0 0.098492 0.541034 0.098289 0.539529 0.097656 0.538542 0.096726 0.538409 0.094531 0.536458 0.088281 0.536458 0.085156 0.539583 0.085156 0.547917 0.085938 0.548958 0.085938 0.553028 0.085391 0.553632 0.085036 0.553762 0.084569 0.554213 0.082295 0.555180 0.081166 0.555482 0.080779 0.555826 0.079876 0.556170 0.079329 0.556899 0.079126 0.558233 0.079974 0.561630 0.080650 0.562531 0.081424 0.563047 0.082166 0.563318 0.083069 0.563318 0.083811 0.563047 0.084487 0.562146 0.084745 0.561286 0.084948 0.560296 0.084907 0.559351 0.088713 0.558059 0.090961 0.555406 0.091406 0.555208 0.091406 0.554413 0.092098 0.553031 0.092195 0.552557 0.092872 0.551483 0.093049 0.550902 0.093517 0.550107 0.094290 0.549075 0.094548 0.548387 0.094752 0.547398 0.094751 0.545804 0.095517 0.543891 0.097355 0.543269 0.098289 0.542024
0 0.016702 0.500407 0.015638 0.499776 0.015061 0.498899 0.014318 0.498628 0.013936 0.498768 0.012500 0.497917 0.009375 0.501042 0.009375 0.502083 0.006250 0.511458 0.006250 0.528125 0.007151 0.529326 0.007151 0.532322 0.007022 0.533467 0.007225 0.534456 0.007772 0.535186 0.008514 0.535456 0.009256 0.535186 0.009803 0.534456 0.010135 0.532779 0.010135 0.526915 0.010762 0.523895 0.010762 0.522976 0.011020 0.520912 0.011665 0.517015 0.011665 0.515064 0.011997 0.513387 0.012500 0.512201 0.012715 0.510937 0.012715 0.510108 0.012996 0.508873 0.014189 0.506079 0.014575 0.504703 0.015220 0.503499 0.015600 0.502048 0.016383 0.500832
0 0.000000 0.475000 0.006250 0.475000 0.007031 0.475000 0.012500 0.478125 0.013281 0.478125 0.014844 0.483333 0.015625 0.484375 0.014844 0.491667 0.014844 0.492708 0.012500 0.494792 0.011719 0.495833 0.008594 0.495833 0.007812 0.496875 0.000781 0.495833 0.000000 0.495833 0.000000 0.475000
0 0.108063 0.546703 0.108063 0.533161 0.101032 0.522745 0.099469 0.522745 0.098688 0.527953 0.097907 0.528995 0.093219 0.533161 0.093219 0.536286 0.094001 0.537328 0.103376 0.541495 0.104157 0.542536 0.104738 0.544862 0.104408 0.546022 0.104611 0.547011 0.105158 0.547740 0.105900 0.548011 0.107067 0.547602 0.107282 0.547745
0 0.181250 0.521875 0.181250 0.522917 0.178125 0.525000 0.177344 0.525000 0.175781 0.523958 0.175000 0.522917 0.171000 0.522289 0.168589 0.523245 0.167640 0.522993 0.167396 0.523319 0.165719 0.524178 0.163558 0.524965 0.163042 0.524965 0.161668 0.524449 0.160410 0.524449 0.160333 0.524825 0.159657 0.525726 0.158915 0.525997 0.158043 0.525726 0.157497 0.524997 0.157293 0.524008 0.157497 0.523018 0.157938 0.521913 0.158141 0.520610 0.158786 0.519062 0.159591 0.517989 0.160938 0.517483 0.160938 0.513542 0.164844 0.509375 0.175000 0.510417 0.179688 0.513542 0.180469 0.513542 0.181250 0.515625 0.182031 0.516667
0 0.210938 0.543750 0.210156 0.542708 0.207813 0.536458 0.203906 0.536458 0.201134 0.537567 0.199838 0.538999 0.198815 0.539532 0.198506 0.539887 0.193097 0.542735 0.189844 0.545833 0.189844 0.546875 0.188281 0.550000 0.188281 0.555208 0.189062 0.556250 0.189844 0.558333 0.197656 0.557292 0.198437 0.556250
0 0.228125 0.559375 0.226238 0.555182 0.225224 0.554396 0.224233 0.553074 0.223567 0.551742 0.222178 0.547225 0.221679 0.546412 0.221484 0.545560 0.220125 0.542711 0.219570 0.541231 0.218700 0.537132 0.218619 0.534757 0.218382 0.534315 0.217344 0.533056 0.217272 0.532709 0.216757 0.532022 0.216285 0.531645 0.215471 0.530559 0.215204 0.530405 0.214242 0.530457 0.213690 0.529062 0.213143 0.528333 0.212023 0.528062 0.210620 0.528711 0.210031 0.529371 0.209771 0.529466 0.209224 0.530195 0.208657 0.531706 0.208360 0.533199 0.208360 0.534710 0.208594 0.535741 0.208594 0.538542 0.209375 0.539583 0.211719 0.545833 0.223438 0.561458 0.224219 0.561458 0.227344 0.560417
0 0.228371 0.517337 0.227621 0.515618 0.226405 0.515520 0.220312 0.511458 0.214062 0.522087 0.212528 0.523481 0.212325 0.525310 0.213000 0.527349 0.217009 0.532694 0.218223 0.533384 0.219482 0.533384 0.222656 0.531250 0.222656 0.530501 0.225020 0.527559 0.226300 0.520817 0.228167 0.518327
0 0.349067 0.567693 0.348216 0.561433 0.348438 0.557292 0.347656 0.556250 0.346094 0.545833 0.342969 0.539583 0.337500 0.539583 0.335938 0.545833 0.336719 0.546875 0.339025 0.558150 0.340366 0.559150 0.342786 0.565523 0.345087 0.569221 0.345656 0.573298 0.346945 0.574298 0.348234 0.573298 0.348864 0.568682
0 0.370312 0.546392 0.370312 0.542708 0.369531 0.541667 0.364063 0.536458 0.360156 0.535417 0.357812 0.539583 0.357812 0.548731 0.360244 0.550531 0.365411 0.552275 0.367978 0.549949 0.370122 0.546461
0 0.393218 0.576445 0.393106 0.573448 0.392881 0.572151 0.392881 0.570301 0.392544 0.567453 0.392341 0.566464 0.391794 0.565734 0.390714 0.565464 0.389949 0.565765 0.389062 0.564583 0.386719 0.564583 0.383594 0.566667 0.382812 0.567708 0.382031 0.569792 0.382031 0.570833 0.380469 0.585417 0.381250 0.586458 0.381250 0.590541 0.381497 0.590491 0.383364 0.591062 0.384052 0.591636 0.384052 0.593230 0.384255 0.594220 0.384802 0.594949 0.385544 0.595220 0.386286 0.594949 0.386848 0.594649 0.387395 0.593920 0.387957 0.592721 0.388475 0.590142 0.389531 0.587176 0.390022 0.585171 0.390767 0.583280 0.391049 0.582005 0.391779 0.580882 0.392678 0.578634 0.393015 0.577435
0 0.381641 0.592181 0.381641 0.589484 0.381191 0.587287 0.381191 0.583939 0.381079 0.583391 0.381079 0.580140 0.381641 0.576895 0.381438 0.575905 0.380891 0.575176 0.380149 0.574905 0.379441 0.575055 0.379285 0.574432 0.378238 0.574838 0.375951 0.574838 0.374854 0.575251 0.374364 0.575905 0.374026 0.576954 0.373823 0.577944 0.373848 0.579114 0.373437 0.580208 0.373437 0.592134 0.372707 0.592401 0.372160 0.593130 0.371957 0.594120 0.372160 0.595218 0.373275 0.596597 0.374251 0.597464 0.375551 0.598439 0.376456 0.598710 0.377198 0.598439 0.377774 0.597570 0.378575 0.597468 0.379654 0.597047 0.380651 0.595869 0.381438 0.593171
0 0.384281 0.607753 0.383902 0.610189 0.383277 0.611659 0.383074 0.613023 0.382498 0.614120 0.381787 0.615068 0.380964 0.615727 0.380222 0.615997 0.378739 0.615507 0.378438 0.615105 0.377288 0.615419 0.376437 0.615419 0.375695 0.615690 0.375284 0.616019 0.374490 0.617077 0.374287 0.618067 0.374287 0.619602 0.374490 0.620592 0.376170 0.622941 0.376439 0.623040 0.376986 0.623769 0.377189 0.624978 0.376986 0.625967 0.376357 0.626806 0.374874 0.627406 0.374298 0.627406 0.373556 0.627135 0.373008 0.626404 0.373075 0.624649 0.372582 0.621834 0.372582 0.621138 0.372296 0.619600 0.371923 0.618801 0.371947 0.617657 0.372296 0.616972 0.372994 0.614538 0.372680 0.614010 0.372477 0.613020 0.372066 0.610388 0.372066 0.609102 0.371088 0.608815 0.370541 0.608086 0.370338 0.607097 0.370541 0.606107 0.371197 0.605323 0.371094 0.604167 0.371422 0.602999 0.373971 0.599820 0.375366 0.598841 0.376959 0.598555 0.380906 0.599083 0.383594 0.606250 0.383594 0.607292 0.384282 0.607751
0 0.459539 0.632716 0.459336 0.631282 0.458706 0.630331 0.457873 0.629665 0.457290 0.629443 0.457040 0.629110 0.455465 0.628506 0.447969 0.628617 0.446220 0.628839 0.444051 0.629527 0.443261 0.629264 0.441965 0.630992 0.441302 0.631601 0.439930 0.633928 0.437467 0.637100 0.435218 0.639321 0.433438 0.640474 0.432636 0.641431 0.431604 0.642080 0.431250 0.642708 0.431250 0.643750 0.432862 0.648049 0.433486 0.648277 0.434083 0.649139 0.434286 0.650129 0.434336 0.651728 0.434133 0.652718 0.433596 0.653434 0.433733 0.654104 0.434280 0.654833 0.435022 0.655104 0.436884 0.654460 0.437444 0.653993 0.439250 0.651585 0.440394 0.649413 0.443750 0.645833 0.444531 0.645833 0.445843 0.645250 0.446174 0.645691 0.446916 0.645962 0.447658 0.645691 0.448275 0.644775 0.448548 0.643040 0.448478 0.639681 0.448035 0.637942 0.450077 0.637149 0.452466 0.637149 0.454104 0.636816 0.454882 0.636816 0.455624 0.636545 0.458372 0.634990 0.459336 0.633706
0 0.526572 0.672033 0.526572 0.671359 0.526369 0.670369 0.525220 0.668163 0.524970 0.667389 0.524970 0.666036 0.525645 0.662815 0.525645 0.661916 0.525357 0.660701 0.524810 0.659972 0.523984 0.659701 0.523242 0.659972 0.521635 0.661138 0.521094 0.660417 0.518750 0.659375 0.517969 0.658333 0.514844 0.653125 0.514062 0.653125 0.503125 0.646875 0.491406 0.646875 0.488281 0.648958 0.488281 0.650000 0.487500 0.653125 0.491907 0.659001 0.492055 0.660680 0.491667 0.661263 0.491380 0.663264 0.491583 0.664254 0.492467 0.665321 0.493884 0.665929 0.495064 0.666153 0.496160 0.666153 0.497830 0.665433 0.498926 0.664646 0.500106 0.663297 0.501419 0.662221 0.507031 0.663542 0.507812 0.664583 0.509925 0.669279 0.509845 0.671135 0.509271 0.673299 0.508925 0.673304 0.508116 0.672675 0.507374 0.672404 0.506548 0.672675 0.506001 0.673404 0.505798 0.674394 0.506001 0.675383 0.506632 0.676225 0.507981 0.677124 0.508723 0.677395 0.509819 0.677395 0.510611 0.677058 0.510881 0.677137 0.511481 0.679768 0.512071 0.681566 0.512955 0.682970 0.513697 0.683241 0.514440 0.682970 0.514987 0.682241 0.515190 0.681139 0.514852 0.679858 0.514852 0.677953 0.515018 0.677252 0.515636 0.676608 0.516999 0.676721 0.517805 0.679206 0.518857 0.680497 0.520527 0.680993 0.521269 0.680722 0.521816 0.679993 0.522019 0.679003 0.522019 0.677317 0.521647 0.675315 0.521260 0.674462 0.521260 0.669145 0.521463 0.668120 0.521783 0.668793 0.522779 0.672123 0.523747 0.673527 0.524000 0.673752 0.525080 0.674023 0.525822 0.673752 0.526369 0.673023
0 0.802702 0.738800 0.802702 0.735967 0.802436 0.734473 0.802436 0.731599 0.802233 0.730609 0.802056 0.730137 0.801244 0.729054 0.800609 0.728822 0.799219 0.726042 0.798748 0.726042 0.798337 0.725179 0.797614 0.724213 0.797259 0.723977 0.796517 0.723706 0.795897 0.723706 0.794525 0.724303 0.793750 0.723958 0.790625 0.726042 0.789844 0.727083 0.788281 0.730208 0.787532 0.743237 0.787948 0.743513 0.788056 0.744040 0.788603 0.744769 0.790551 0.746422 0.791968 0.748193 0.793916 0.749963 0.796074 0.750706 0.796783 0.750706 0.797525 0.750436 0.798072 0.749706 0.798275 0.748717 0.798072 0.747727 0.797842 0.747421 0.799598 0.742739 0.800890 0.742172 0.801775 0.741463 0.802322 0.740734 0.802525 0.739663
0 0.888140 0.699527 0.892046 0.701611 0.892828 0.701611 0.895171 0.704736 0.895953 0.705777 0.904546 0.712027 0.905328 0.713069 0.907671 0.723486 0.908453 0.724527 0.907671 0.730777 0.906890 0.731819 0.901421 0.733902 0.900640 0.734944 0.898296 0.732861 0.897515 0.731819 0.887359 0.705777 0.886578 0.704736 0.886578 0.701611 0.886578 0.700569 0.888140 0.699527
0 0.917969 0.664583 0.923438 0.665625 0.924219 0.665625 0.948438 0.680208 0.949219 0.680208 0.949219 0.686458 0.949219 0.687500 0.945312 0.690625 0.944531 0.691667 0.940625 0.692708 0.939844 0.693750 0.932031 0.691667 0.931250 0.691667 0.917188 0.672917 0.916406 0.672917 0.915625 0.667708 0.915625 0.666667 0.917969 0.664583
0 0.875000 0.678125 0.876563 0.678125 0.877344 0.678125 0.885156 0.686458 0.885938 0.687500 0.886719 0.691667 0.887500 0.692708 0.886719 0.698958 0.885938 0.700000 0.881250 0.700000 0.880469 0.700000 0.878125 0.697917 0.877344 0.696875 0.875000 0.678125
0 0.866712 0.742322 0.864365 0.740330 0.864045 0.738196 0.864258 0.737342 0.862871 0.734639 0.860950 0.734639 0.860310 0.734781 0.858709 0.734497 0.858069 0.733358 0.857109 0.730228 0.856895 0.728806 0.857002 0.726672 0.858923 0.724111 0.859883 0.723399 0.860737 0.722403 0.861910 0.721834 0.862551 0.721834 0.864258 0.721407 0.864791 0.721407 0.866605 0.722119 0.867459 0.722119 0.869380 0.722972 0.870127 0.724111 0.870554 0.724395 0.870874 0.725107 0.870767 0.727241 0.871300 0.729090 0.871300 0.729659 0.871087 0.730228 0.871300 0.731936 0.870980 0.732363 0.870660 0.733501 0.870340 0.734070 0.869273 0.735066 0.868633 0.736204 0.867993 0.736204 0.867886 0.736773 0.868099 0.737484 0.869700 0.739903 0.869593 0.741468 0.868419 0.742179 0.867779 0.742179
0 0.724219 0.529167 0.730469 0.533333 0.731250 0.533333 0.731250 0.536458 0.732031 0.537500 0.729688 0.541667 0.729688 0.542708 0.726562 0.545833 0.725781 0.546875 0.719531 0.544792 0.718750 0.543750 0.718750 0.539583 0.718750 0.538542 0.724219 0.529167
0 0.714063 0.546875 0.717187 0.547917 0.717969 0.547917 0.719531 0.551042 0.720313 0.552083 0.720313 0.555208 0.720313 0.556250 0.718750 0.558333 0.717969 0.559375 0.712500 0.559375 0.711719 0.559375 0.709375 0.556250 0.708594 0.555208 0.708594 0.551042 0.708594 0.550000 0.714063 0.546875
0 0.708447 0.531298 0.708244 0.530308 0.707338 0.529100 0.706595 0.528829 0.705277 0.528829 0.703696 0.529579 0.702468 0.530737 0.701417 0.531250 0.696094 0.531250 0.690625 0.533333 0.689844 0.534375 0.689413 0.535237 0.687635 0.535972 0.686728 0.537020 0.686525 0.538010 0.686728 0.539479 0.687755 0.540847 0.688114 0.541007 0.688354 0.541327 0.689096 0.541598 0.691957 0.541757 0.693750 0.543750 0.696164 0.543750 0.696624 0.544363 0.697486 0.544634 0.698228 0.544363 0.698828 0.543884 0.699854 0.542356 0.700094 0.541876 0.700274 0.540996 0.701292 0.538680 0.702731 0.536283 0.703367 0.534824 0.707098 0.533496 0.707697 0.533017 0.708244 0.532287
0 0.701735 0.522348 0.701735 0.521549 0.701532 0.520560 0.700783 0.519082 0.700573 0.518003 0.700333 0.517523 0.699427 0.516315 0.698708 0.515835 0.697966 0.515564 0.696864 0.515835 0.695905 0.516315 0.695575 0.516754 0.695312 0.516667 0.692187 0.518750 0.692187 0.519792 0.691406 0.522917 0.690625 0.522917 0.685156 0.525000 0.685059 0.526301 0.684039 0.527182 0.682773 0.528870 0.682413 0.529829 0.682210 0.530818 0.682210 0.533216 0.682413 0.534205 0.683799 0.536213 0.684541 0.536484 0.686100 0.536484 0.686842 0.536213 0.687801 0.535414 0.688429 0.534575 0.688759 0.534455 0.689718 0.533496 0.691516 0.532377 0.692542 0.531009 0.693022 0.530050 0.693112 0.529610 0.694063 0.528822 0.694688 0.528493 0.697606 0.528493 0.699067 0.527903 0.700333 0.526374 0.700813 0.525256 0.701003 0.524043 0.701532 0.523338
0 0.782031 0.529167 0.781250 0.511458 0.780469 0.510417 0.779687 0.507292 0.778906 0.507292 0.776744 0.506715 0.776204 0.508635 0.775964 0.508955 0.775605 0.510233 0.774886 0.511831 0.772129 0.515827 0.770376 0.518963 0.768750 0.523414 0.768750 0.527083 0.771094 0.530208 0.781250 0.530208
0 0.789062 0.495833 0.788281 0.494792 0.785156 0.481250 0.784375 0.480208 0.781250 0.478125 0.776563 0.482292 0.776563 0.483333 0.775801 0.487900 0.776923 0.490195 0.777486 0.492623 0.777606 0.494276 0.778325 0.498696 0.778325 0.502267 0.778685 0.504929 0.778685 0.507006 0.778573 0.507550 0.782813 0.515625 0.783594 0.514583 0.786719 0.512500 0.786719 0.511458 0.788281 0.508333 0.788281 0.507292
0 0.960156 0.559375 0.959375 0.547917 0.958087 0.546199 0.955324 0.544780 0.953639 0.544124 0.953095 0.543750 0.946875 0.543750 0.939063 0.548958 0.939063 0.550000 0.938281 0.556250 0.939063 0.557292 0.940625 0.561458 0.941406 0.562500 0.944531 0.565625 0.955469 0.565625
0 0.960428 0.523479 0.959647 0.522438 0.956522 0.522438 0.951053 0.530771 0.951053 0.531813 0.946883 0.538603 0.947928 0.542229 0.958865 0.546396 0.959647 0.545354
0 0.999219 0.532292 0.999219 0.497917 0.989844 0.497917 0.987628 0.500872 0.986931 0.503081 0.986755 0.504230 0.986580 0.507469 0.986668 0.509223 0.987106 0.512108 0.987106 0.513201 0.987282 0.514447 0.987282 0.517372 0.987106 0.519126 0.986552 0.521637 0.985562 0.524500 0.989844 0.530208 0.990625 0.530208 0.994531 0.532292
0 0.686719 0.823958 0.686719 0.818750 0.685937 0.817708 0.685156 0.814583 0.684375 0.813542 0.680469 0.809375 0.679737 0.809619 0.676610 0.812365 0.676197 0.812916 0.675023 0.815477 0.674693 0.816857 0.674693 0.817895 0.675430 0.822124 0.676304 0.824595 0.676931 0.825431 0.677784 0.826237 0.682031 0.828125 0.682813 0.827083 0.684375 0.827083
0 0.430996 0.856823 0.430793 0.855627 0.430271 0.854931 0.429688 0.851042 0.428906 0.851042 0.423438 0.846875 0.415625 0.845833 0.414844 0.846875 0.410938 0.847917 0.410156 0.846875 0.404687 0.842708 0.398438 0.842708 0.392969 0.845833 0.389062 0.851042 0.389062 0.855208 0.389844 0.856250 0.402344 0.865625 0.403435 0.867278 0.425620 0.867071 0.425702 0.865812 0.427456 0.864947 0.428541 0.863914 0.429553 0.862565 0.429756 0.861369 0.429520 0.860336 0.430328 0.858846 0.430445 0.858277 0.430793 0.857813
0 0.447340 0.753745 0.449684 0.753745 0.450465 0.753745 0.452027 0.756870 0.452809 0.757912 0.453590 0.763120 0.453590 0.764162 0.451246 0.768328 0.450465 0.769370 0.448121 0.769370 0.447340 0.769370 0.445777 0.765203 0.444996 0.764162 0.444996 0.759995 0.444996 0.758953 0.447340 0.753745
0 0.495159 0.701042 0.494378 0.700000 0.490472 0.695833 0.485723 0.695833 0.485269 0.696510 0.485058 0.697404 0.483439 0.699562 0.483133 0.699766 0.482054 0.701409 0.481893 0.702812 0.482054 0.703666 0.482375 0.704396 0.482980 0.704901 0.484752 0.707467 0.485108 0.709273 0.485051 0.710162 0.484251 0.710412 0.483704 0.711141 0.483501 0.712131 0.483704 0.713325 0.486241 0.717320 0.486701 0.717728 0.487443 0.717999 0.488491 0.717728 0.489257 0.717320 0.489803 0.716591 0.490007 0.715601 0.490007 0.713356 0.489803 0.712366 0.488732 0.710325 0.488185 0.709596 0.487941 0.709474 0.488297 0.707876 0.489915 0.705718 0.491117 0.705243 0.493260 0.705243 0.494052 0.705547 0.494378 0.705208 0.494378 0.704167
0 0.300781 0.755208 0.300781 0.751042 0.298438 0.747917 0.295586 0.747941 0.291394 0.749909 0.287889 0.749909 0.283092 0.748926 0.280868 0.747909 0.279687 0.748958 0.278906 0.754167 0.279687 0.755208 0.280469 0.766667 0.282813 0.770833 0.286719 0.770833 0.296094 0.757292 0.296875 0.757292
0 0.600304 0.531402 0.600100 0.530298 0.599758 0.529613 0.599126 0.528770 0.598437 0.528519 0.598437 0.528125 0.597656 0.527083 0.593750 0.520833 0.593750 0.519792 0.592256 0.514811 0.592256 0.514165 0.592053 0.513175 0.591197 0.511349 0.589794 0.509821 0.587739 0.507081 0.586997 0.506810 0.586255 0.507081 0.585708 0.507810 0.585535 0.508649 0.585403 0.508684 0.585708 0.509903 0.587120 0.512243 0.587334 0.513556 0.587596 0.514248 0.587140 0.514856 0.586055 0.515127 0.585828 0.515044 0.585632 0.514088 0.584229 0.512218 0.582494 0.510808 0.581318 0.509136 0.580576 0.508865 0.579834 0.509136 0.579287 0.509865 0.579189 0.510341 0.578906 0.510417 0.578906 0.511458 0.577344 0.516667 0.577344 0.517708 0.578125 0.523958 0.578906 0.525000 0.589844 0.532292 0.593200 0.532635 0.593874 0.531624 0.594616 0.531353 0.595387 0.531353 0.598581 0.532837 0.599635 0.533012 0.600100 0.532391
0 0.613089 0.508675 0.612449 0.512199 0.611174 0.513705 0.610432 0.513975 0.609568 0.513542 0.606250 0.513542 0.602344 0.509375 0.601562 0.508333 0.600723 0.505534 0.600326 0.504908 0.599367 0.504154 0.598042 0.503804 0.597495 0.503074 0.597292 0.502085 0.597495 0.501095 0.598042 0.500366 0.602351 0.499125 0.603807 0.499125 0.607714 0.499998 0.610505 0.499998 0.611611 0.500366 0.612522 0.501387 0.613032 0.502746 0.613235 0.503735 0.613164 0.506508 0.613281 0.508333
0 0.667969 0.523958 0.667969 0.518750 0.665625 0.515625 0.664844 0.515625 0.657813 0.511458 0.650781 0.518750 0.650781 0.519792 0.647656 0.527140 0.646733 0.528371 0.646247 0.529504 0.646044 0.530493 0.646247 0.531968 0.646490 0.532615 0.647158 0.533506 0.648174 0.534053 0.648614 0.534477 0.649720 0.534910 0.650448 0.534910 0.651554 0.534477 0.651990 0.533897 0.652193 0.532901 0.652678 0.531769 0.653467 0.530716 0.654574 0.530283 0.658114 0.530445 0.660156 0.530208 0.660556 0.529675 0.663688 0.528815 0.664780 0.528168 0.665387 0.527521 0.667624 0.524214
0 0.659099 0.560908 0.659099 0.559128 0.658896 0.558139 0.658532 0.557168 0.657500 0.555954 0.656510 0.555729 0.656250 0.555208 0.655469 0.555208 0.650000 0.554167 0.650781 0.561458 0.652838 0.564201 0.652717 0.564791 0.652921 0.565780 0.653467 0.566509 0.654210 0.566780 0.655195 0.566509 0.656165 0.565539 0.656848 0.564467 0.657621 0.563759 0.658896 0.561898
0 0.474400 0.470170 0.474197 0.469181 0.473650 0.468451 0.472764 0.468116 0.472381 0.467746 0.471944 0.467587 0.470901 0.466619 0.470226 0.466284 0.469531 0.465639 0.471094 0.455208 0.470313 0.454167 0.461719 0.448958 0.453906 0.447917 0.448437 0.451042 0.448437 0.452083 0.446875 0.454167 0.446875 0.455208 0.447656 0.459375 0.448437 0.460417 0.465625 0.473958 0.468009 0.473958 0.468129 0.474543 0.468676 0.475272 0.469418 0.475543 0.470053 0.475543 0.470795 0.475272 0.471521 0.474445 0.471958 0.474285 0.472553 0.473493 0.473333 0.472876 0.474091 0.471724 0.474294 0.470686
0 0.502344 0.464583 0.502344 0.465625 0.496875 0.464583 0.496094 0.464583 0.488881 0.458172 0.488384 0.458172 0.487642 0.457902 0.486648 0.457392 0.485904 0.456807 0.483437 0.455863 0.482890 0.455134 0.482687 0.454144 0.482890 0.453155 0.483437 0.452425 0.484180 0.452155 0.485632 0.451951 0.487676 0.451849 0.488281 0.451042 0.497656 0.445833 0.502344 0.448958 0.503125 0.450000 0.503906 0.455208 0.503906 0.456250
0 0.504919 0.492699 0.504919 0.492085 0.504519 0.490481 0.503845 0.489706 0.504226 0.487954 0.504226 0.487026 0.503946 0.485314 0.503481 0.484385 0.502935 0.483656 0.502192 0.483385 0.501856 0.483508 0.497656 0.476042 0.497725 0.469586 0.497445 0.468390 0.496743 0.467455 0.495459 0.466874 0.494221 0.466874 0.492860 0.467455 0.491079 0.468900 0.489140 0.471383 0.488366 0.473034 0.487853 0.475984 0.487853 0.480147 0.487621 0.481247 0.487824 0.482237 0.488446 0.482993 0.488281 0.485417 0.489063 0.486458 0.492476 0.492526 0.492187 0.493630 0.492390 0.494723 0.493169 0.495761 0.494330 0.496587 0.495304 0.496961 0.497007 0.497477 0.498632 0.497477 0.500412 0.497064 0.501541 0.496587 0.502781 0.495562 0.503032 0.495654 0.503906 0.495295 0.504584 0.494391 0.504787 0.493341
0 0.428906 0.510417 0.428906 0.509375 0.428651 0.508016 0.428763 0.507431 0.428763 0.505939 0.428280 0.503457 0.427344 0.501042 0.426693 0.500174 0.426135 0.498482 0.425109 0.496741 0.424095 0.495390 0.422230 0.493649 0.420458 0.491535 0.419716 0.491264 0.418876 0.491264 0.418134 0.491535 0.417214 0.492762 0.416561 0.494005 0.416282 0.494752 0.415985 0.496363 0.416282 0.498347 0.416828 0.499077 0.417664 0.499347 0.418406 0.499077 0.418808 0.498622 0.419152 0.498748 0.419792 0.499602 0.419995 0.500591 0.419792 0.502202 0.419326 0.503322 0.417969 0.505007 0.417969 0.508611 0.418837 0.509893 0.421857 0.512925 0.422432 0.513220 0.422624 0.514265 0.423171 0.514994 0.424010 0.515616 0.424752 0.515887 0.425774 0.515616 0.427080 0.514373 0.428187 0.512649 0.428390 0.511106
0 0.386243 0.469290 0.386040 0.467877 0.382955 0.464082 0.381896 0.463705 0.380706 0.463705 0.379488 0.464082 0.378774 0.464610 0.377751 0.465868 0.377615 0.466532 0.375940 0.468766 0.375940 0.469807 0.368909 0.486474 0.368909 0.487516 0.369690 0.489599 0.370471 0.489599 0.375159 0.488557 0.375940 0.487516 0.376721 0.485432 0.376721 0.484391 0.380972 0.470222 0.381832 0.470222 0.382740 0.471009 0.383720 0.471385 0.384513 0.471385 0.385493 0.471009 0.386040 0.470280
0 0.406467 0.489593 0.406388 0.488324 0.406185 0.487335 0.405638 0.486606 0.404896 0.486335 0.404660 0.486421 0.403906 0.485417 0.399219 0.481250 0.394531 0.482292 0.393750 0.483333 0.393750 0.487500 0.394531 0.488542 0.396875 0.496875 0.397656 0.496875 0.403125 0.497917 0.403125 0.496976 0.403893 0.496705 0.404757 0.495553 0.405312 0.494390 0.406264 0.490583
0 0.445994 0.453857 0.445926 0.464143 0.445857 0.464962 0.445313 0.467499 0.444630 0.468410 0.443273 0.468954 0.441293 0.468954 0.439796 0.468317 0.438146 0.468226 0.437410 0.468752 0.436232 0.470322 0.435618 0.470777 0.434876 0.471048 0.433852 0.470957 0.431266 0.469867 0.428372 0.467009 0.425287 0.465981 0.424831 0.466317 0.423406 0.466769 0.422624 0.466586 0.422283 0.465086 0.422200 0.462356 0.421706 0.460150 0.421300 0.459409 0.421571 0.458147 0.422234 0.457375 0.425000 0.450000 0.425000 0.448958 0.427344 0.447917 0.428125 0.447917 0.428428 0.448078 0.428603 0.448929 0.431198 0.452207 0.432213 0.452569 0.433092 0.452207 0.434662 0.450114 0.435959 0.448839 0.436480 0.448418 0.438076 0.447747 0.438683 0.447029 0.444425 0.449225 0.444936 0.449907 0.445312 0.450044 0.445859 0.450773 0.446062 0.451763 0.446062 0.453492
0 0.350631 0.437002 0.350631 0.434613 0.350315 0.433067 0.349999 0.428429 0.349472 0.427726 0.348101 0.426602 0.346520 0.426040 0.344623 0.428710 0.340723 0.429553 0.331131 0.440937 0.330709 0.441218 0.330182 0.442202 0.329761 0.442483 0.329234 0.442483 0.328074 0.443467 0.327231 0.444451 0.325439 0.445294 0.324490 0.445294 0.323225 0.445013 0.322277 0.444591 0.320801 0.441499 0.321223 0.438829 0.321223 0.437424 0.319852 0.433629 0.318166 0.434191 0.318166 0.438126 0.317744 0.439532 0.317533 0.440937 0.317533 0.442624 0.318693 0.447683 0.319220 0.448948 0.320906 0.449370 0.323225 0.449651 0.326598 0.448948 0.329128 0.447824 0.329655 0.447402 0.330815 0.445575 0.332923 0.445153 0.338404 0.453024 0.340723 0.453024 0.341250 0.452743 0.341882 0.451056 0.341988 0.447262 0.341882 0.445575 0.341777 0.445013 0.341039 0.443607 0.341145 0.441780 0.341988 0.439251 0.342726 0.437845 0.342961 0.436727 0.343909 0.435462 0.344051 0.434771 0.344834 0.434191 0.346204 0.434613 0.347364 0.436159 0.347785 0.437283 0.348418 0.438126 0.349261 0.438267 0.349893 0.437845
0 0.354126 0.419856 0.353923 0.418726 0.353376 0.417996 0.352002 0.417444 0.350365 0.417444 0.349582 0.416310 0.348839 0.416039 0.347891 0.416039 0.346727 0.416450 0.346075 0.417320 0.345879 0.418272 0.344153 0.418859 0.344323 0.418029 0.344323 0.417185 0.344015 0.415915 0.343046 0.414623 0.342308 0.414061 0.341039 0.413650 0.339770 0.414202 0.338439 0.415695 0.337451 0.416310 0.335975 0.417856 0.334645 0.418787 0.332643 0.419553 0.329339 0.419974 0.327754 0.420667 0.326383 0.421791 0.326001 0.422300 0.325540 0.422494 0.324044 0.424488 0.323841 0.425618 0.324044 0.426608 0.324591 0.427337 0.325334 0.427607 0.325685 0.427530 0.326699 0.428321 0.327442 0.428591 0.328180 0.428591 0.328922 0.428321 0.330206 0.426748 0.330405 0.425781 0.331096 0.425141 0.332992 0.424656 0.335208 0.424656 0.334651 0.426227 0.333847 0.427299 0.331278 0.431708 0.329947 0.433623 0.329315 0.434747 0.328748 0.436206 0.328175 0.436970 0.326805 0.438235 0.325896 0.439587 0.325158 0.440290 0.324381 0.440764 0.323834 0.441494 0.323631 0.442483 0.323834 0.443473 0.324381 0.444202 0.325123 0.444473 0.326497 0.443921 0.327037 0.443342 0.327762 0.443078 0.330292 0.440407 0.331979 0.439142 0.332466 0.438493 0.333454 0.437737 0.333876 0.437175 0.335246 0.435910 0.340226 0.429410 0.343679 0.428039 0.344944 0.427056 0.345536 0.426265 0.347289 0.424632 0.349265 0.423683 0.350003 0.423120 0.351479 0.422558 0.353376 0.421574 0.353923 0.420845
0 0.325139 0.417278 0.325034 0.418310 0.324620 0.420002 0.324093 0.420986 0.322626 0.422680 0.322406 0.423937 0.321458 0.426467 0.320173 0.428461 0.318803 0.429445 0.317955 0.429716 0.317205 0.429434 0.316479 0.429435 0.315437 0.429153 0.312052 0.430418 0.311173 0.430418 0.309733 0.430981 0.308574 0.430981 0.307832 0.430710 0.307285 0.429981 0.307082 0.428991 0.307285 0.428001 0.308569 0.426148 0.309096 0.425726 0.310151 0.425164 0.311772 0.424753 0.313734 0.423899 0.314039 0.423577 0.314242 0.422239 0.314558 0.421536 0.315993 0.419948 0.315725 0.418872 0.315755 0.417882 0.315625 0.417708 0.315625 0.405208 0.319531 0.405208 0.321875 0.407292 0.322656 0.408333 0.323338 0.410152 0.323862 0.410407 0.324409 0.411136 0.325041 0.412542 0.325245 0.413531 0.325245 0.416764
0 0.350310 0.377066 0.350107 0.375599 0.349748 0.374643 0.348527 0.373134 0.348045 0.371894 0.347362 0.370864 0.347173 0.369059 0.346880 0.367711 0.346154 0.366624 0.345233 0.366353 0.344042 0.366743 0.343316 0.367831 0.343113 0.368820 0.343251 0.369731 0.339198 0.369240 0.338623 0.368473 0.338242 0.368328 0.337316 0.367530 0.336445 0.366368 0.335703 0.366098 0.334961 0.366368 0.334414 0.367097 0.334211 0.368160 0.334592 0.369709 0.334575 0.370301 0.334375 0.370833 0.335156 0.371875 0.335938 0.375000 0.337645 0.377586 0.337938 0.379012 0.338655 0.381163 0.339292 0.382012 0.340009 0.382490 0.341020 0.382761 0.341762 0.382490 0.342395 0.382044 0.342731 0.382177 0.344221 0.383924 0.344964 0.384195 0.345770 0.384195 0.347050 0.383805 0.348216 0.382610 0.349300 0.381044 0.350107 0.378056
0 0.331935 0.367147 0.331732 0.366158 0.331185 0.365428 0.330354 0.365158 0.329611 0.365428 0.328885 0.366397 0.328659 0.367774 0.327908 0.368058 0.327651 0.368401 0.327344 0.368513 0.327344 0.365625 0.326562 0.364583 0.325000 0.360417 0.324219 0.359375 0.317188 0.356250 0.317188 0.367708 0.317969 0.368750 0.321875 0.369792 0.322656 0.370833 0.325000 0.372917 0.325876 0.372853 0.326768 0.373081 0.327959 0.372690 0.329381 0.371630 0.330827 0.370898 0.331463 0.370049 0.331732 0.368137
0 0.402799 0.319618 0.403410 0.320695 0.403613 0.321684 0.403410 0.322849 0.401925 0.324740 0.401841 0.325093 0.401907 0.326845 0.401245 0.329235 0.400501 0.330226 0.399759 0.330497 0.398951 0.330226 0.398404 0.329497 0.397906 0.327792 0.397656 0.328125 0.389062 0.328125 0.387500 0.326042 0.387500 0.321875 0.389844 0.317708 0.389844 0.316667 0.392188 0.314583 0.392969 0.313542 0.399219 0.313826 0.403125 0.311458 0.403906 0.312500 0.403906 0.316667
0 0.435731 0.309985 0.435527 0.308996 0.434887 0.308232 0.434375 0.302083 0.433594 0.301042 0.428906 0.291667 0.428125 0.291667 0.423438 0.287500 0.417187 0.287500 0.412500 0.292708 0.412500 0.295833 0.413281 0.296875 0.414062 0.300000 0.414844 0.300000 0.420312 0.304167 0.420164 0.307186 0.419921 0.307275 0.419002 0.308500 0.418706 0.309861 0.418613 0.311473 0.418816 0.312462 0.419614 0.314519 0.419531 0.315625 0.420198 0.315625 0.420733 0.316383 0.420861 0.316802 0.422059 0.318275 0.423731 0.319041 0.425033 0.319041 0.426054 0.318647 0.426891 0.318151 0.428647 0.315562 0.428775 0.315143 0.430354 0.313533 0.431521 0.312647 0.432886 0.312004 0.434375 0.312500 0.435527 0.310975
0 0.531250 0.231250 0.531250 0.230208 0.528125 0.219792 0.527344 0.218750 0.525000 0.217708 0.514062 0.225000 0.513281 0.225000 0.511498 0.225594 0.510694 0.225058 0.509575 0.224788 0.508833 0.225058 0.508192 0.225913 0.507895 0.227279 0.508192 0.229398 0.508757 0.230653 0.509398 0.231508 0.510611 0.232030 0.511552 0.232030 0.513246 0.231779 0.514143 0.231429 0.516406 0.232292 0.517188 0.232292
0 0.642213 0.135495 0.642213 0.131894 0.642010 0.130904 0.641618 0.130382 0.640625 0.119792 0.639844 0.118750 0.637500 0.116667 0.632031 0.116667 0.628125 0.119792 0.628125 0.120833 0.626933 0.125602 0.626062 0.127123 0.625387 0.129464 0.625184 0.130453 0.625184 0.133154 0.625792 0.136124 0.626095 0.136529 0.626467 0.137565 0.627419 0.138834 0.628635 0.139915 0.629377 0.140186 0.631267 0.140186 0.632010 0.139915 0.632556 0.139186 0.633097 0.137745 0.633300 0.136755 0.633300 0.135495 0.633182 0.134923 0.633692 0.134244 0.634690 0.134244 0.635205 0.134424 0.638081 0.137385 0.638553 0.138194 0.638756 0.139186 0.639303 0.139915 0.640045 0.140186 0.640787 0.139915 0.641334 0.139186 0.641739 0.137925 0.641943 0.136785 0.642188 0.136458 0.642133 0.135881
0 0.975000 0.204167 0.974219 0.204167 0.971685 0.202477 0.971004 0.202720 0.969051 0.202022 0.968672 0.201572 0.965198 0.200310 0.962383 0.198839 0.960875 0.198830 0.960629 0.199055 0.958676 0.199753 0.956637 0.199055 0.955207 0.197148 0.954737 0.194809 0.953705 0.193370 0.952436 0.192373 0.951329 0.191977 0.949899 0.190071 0.949728 0.189221 0.949219 0.188542 0.949899 0.184863 0.950164 0.184510 0.953125 0.171875 0.953125 0.170833 0.955405 0.164753 0.955726 0.162794 0.956608 0.161616 0.957819 0.161189 0.959030 0.161616 0.959913 0.162794 0.960075 0.163520 0.960938 0.164583 0.973000 0.184496 0.973871 0.189272 0.974737 0.192151 0.975659 0.197284 0.976430 0.200783 0.976601 0.203455
0 0.999936 0.213014 0.999861 0.230208 0.999219 0.231107 0.981250 0.235274 0.980469 0.234232 0.980469 0.231107 0.981250 0.230066 0.983594 0.229024 0.984375 0.229024 0.988281 0.224857 0.989062 0.224857 0.998437 0.214441
0 0.197439 0.142402 0.197118 0.144017 0.195165 0.146859 0.193954 0.147286 0.192743 0.146859 0.191861 0.145682 0.191362 0.142400 0.190612 0.140925 0.190113 0.138359 0.190433 0.136744 0.191316 0.135567 0.193062 0.135140 0.195165 0.135805 0.196226 0.137220 0.197439 0.142402
0 0.253809 0.131223 0.253327 0.133054 0.253560 0.133962 0.253311 0.135216 0.252428 0.136393 0.251039 0.136821 0.246081 0.135680 0.243236 0.132838 0.242024 0.128129 0.241096 0.126892 0.240775 0.125039 0.241096 0.123425 0.241979 0.122248 0.243189 0.121820 0.245727 0.122058 0.247732 0.121236 0.248624 0.118064 0.248521 0.115623 0.247911 0.113622 0.248231 0.112008 0.249114 0.110831 0.250325 0.110403 0.252071 0.110831 0.252727 0.111925 0.252517 0.113804 0.253453 0.116477 0.253810 0.131223
0 0.330914 0.291823 0.330593 0.287248 0.329340 0.285331 0.327791 0.285023 0.326249 0.281596 0.326472 0.279733 0.325967 0.277378 0.324301 0.274911 0.323561 0.272690 0.322493 0.271266 0.321282 0.270839 0.320071 0.271266 0.319519 0.272002 0.320415 0.273184 0.321476 0.277019 0.321476 0.279486 0.320230 0.287023 0.318516 0.289759 0.317754 0.289461 0.317011 0.289732 0.315983 0.290474 0.314840 0.291009 0.313640 0.291080 0.312898 0.291351 0.312351 0.292080 0.312148 0.293069 0.312620 0.295048 0.314381 0.297396 0.315663 0.298385 0.316742 0.298746 0.317484 0.298475 0.318031 0.297746 0.318234 0.296177 0.318945 0.295958 0.320056 0.295676 0.325000 0.296875 0.326831 0.295274 0.328129 0.295536 0.329340 0.295109 0.330593 0.293438 0.330913 0.291823
0 0.316454 0.332126 0.316454 0.330261 0.315795 0.326459 0.315878 0.322691 0.315675 0.321702 0.315128 0.320973 0.313917 0.320482 0.313478 0.320076 0.312156 0.319579 0.311610 0.318849 0.311406 0.317860 0.311406 0.316596 0.311610 0.315606 0.312100 0.314952 0.312490 0.314071 0.312490 0.312379 0.312355 0.311386 0.311984 0.311584 0.311744 0.311265 0.310325 0.310813 0.308635 0.311265 0.308279 0.311738 0.307009 0.312710 0.306462 0.313439 0.306298 0.314617 0.305604 0.314987 0.305604 0.316028 0.305926 0.317315 0.306732 0.317586 0.307139 0.317947 0.307957 0.319218 0.308160 0.320208 0.308160 0.321833 0.307957 0.322823 0.307003 0.324094 0.306151 0.324568 0.304823 0.331653 0.306385 0.333737 0.312503 0.333025 0.312235 0.334100 0.312438 0.335090 0.312985 0.335819 0.313727 0.336090 0.314634 0.335819 0.315128 0.335490 0.316168 0.334212 0.316371 0.333223 0.316371 0.332527
0 0.123856 0.058273 0.123547 0.059782 0.123069 0.061199 0.121528 0.064103 0.120025 0.066107 0.118911 0.066591 0.118326 0.066661 0.117584 0.066391 0.116719 0.065236 0.116061 0.061668 0.112150 0.056878 0.111947 0.055888 0.112150 0.054899 0.112697 0.054170 0.113439 0.053899 0.113734 0.053999 0.114344 0.054845 0.115086 0.055116 0.116414 0.055116 0.117156 0.054845 0.118282 0.053840 0.118698 0.053686 0.120717 0.053686 0.121991 0.054241 0.122734 0.054878 0.123334 0.055678 0.123909 0.058013
0 0.130778 0.050019 0.130575 0.048608 0.130138 0.048026 0.130335 0.046731 0.130132 0.045741 0.129585 0.045012 0.128843 0.044741 0.127746 0.044573 0.126882 0.044235 0.126014 0.044506 0.125413 0.045222 0.123610 0.045939 0.122937 0.046837 0.122747 0.047512 0.122544 0.048501 0.122544 0.049429 0.122987 0.053983 0.123696 0.057165 0.124139 0.058261 0.124749 0.059074 0.125491 0.059345 0.126233 0.059074 0.126906 0.058092 0.127183 0.057049 0.128447 0.055954 0.129310 0.054804 0.130069 0.053117 0.130651 0.050636
0 0.065633 0.082862 0.065430 0.081531 0.064755 0.080631 0.064243 0.080204 0.063245 0.079848 0.062476 0.079848 0.061026 0.080275 0.058955 0.080189 0.056292 0.081058 0.054496 0.081982 0.047943 0.082665 0.046279 0.083092 0.044192 0.083875 0.043424 0.084301 0.042557 0.085372 0.042098 0.086959 0.042301 0.087949 0.042848 0.088678 0.043590 0.088949 0.045553 0.088266 0.052937 0.088181 0.055050 0.087754 0.057141 0.086815 0.058699 0.086644 0.060470 0.086217 0.062092 0.086217 0.062669 0.086046 0.063411 0.085776 0.064499 0.085093 0.065430 0.083851
0 0.056869 0.091597 0.056869 0.090871 0.056666 0.089882 0.055792 0.088717 0.054669 0.088229 0.053491 0.088572 0.052820 0.089463 0.049630 0.089608 0.048136 0.089027 0.047394 0.089298 0.046520 0.090608 0.046317 0.091597 0.046317 0.092541 0.046480 0.093460 0.046480 0.095444 0.046683 0.096434 0.047448 0.097599 0.048517 0.098087 0.050368 0.098087 0.051655 0.097599 0.053723 0.096437 0.054758 0.095494 0.056067 0.093676 0.056666 0.092587
0 0.086842 0.117711 0.084108 0.119023 0.083780 0.119315 0.082140 0.119898 0.081484 0.119898 0.079843 0.118148 0.080609 0.115378 0.080390 0.111879 0.080171 0.111004 0.081921 0.108817 0.082686 0.106776 0.083233 0.105901 0.083780 0.104443 0.084108 0.102694 0.085092 0.101381 0.086404 0.101673 0.087388 0.102985 0.087607 0.104297 0.086732 0.106047 0.085748 0.106630 0.085529 0.107068 0.085529 0.107651 0.086404 0.109838 0.087716 0.111733 0.087935 0.112462 0.089466 0.115524 0.090013 0.116253 0.089685 0.116982 0.088700 0.117273
0 0.080482 0.170258 0.079935 0.170987 0.079193 0.171258 0.078542 0.171258 0.077550 0.170886 0.076487 0.171134 0.074356 0.168914 0.072963 0.168519 0.071849 0.169038 0.071023 0.170139 0.070929 0.170597 0.070640 0.170491 0.070094 0.169762 0.069890 0.168773 0.070094 0.167783 0.070860 0.166637 0.071395 0.164808 0.071697 0.164281 0.072232 0.162700 0.072872 0.161847 0.073430 0.161475 0.074172 0.161204 0.075102 0.161204 0.076030 0.161599 0.078065 0.164188 0.078622 0.166047 0.078826 0.167236 0.079935 0.167550 0.080482 0.168279 0.080685 0.169269
0 0.099005 0.193599 0.099405 0.199148 0.097084 0.201496 0.096524 0.205338 0.095483 0.205445 0.094763 0.205231 0.094523 0.204804 0.091721 0.201603 0.091321 0.201496 0.090361 0.200642 0.089640 0.198508 0.089560 0.195947 0.089960 0.194453 0.091081 0.193065 0.092442 0.192745 0.094443 0.193065 0.097164 0.192532
0 0.023069 0.196957 0.023207 0.201091 0.017350 0.198886 0.011494 0.188781 0.012045 0.186760 0.012941 0.186300 0.016661 0.186392 0.018039 0.188321 0.019762 0.188689 0.020589 0.192088
0 0.231250 0.259375 0.232813 0.260417 0.233594 0.261458 0.239844 0.275000 0.240625 0.276042 0.240625 0.278125 0.240625 0.279167 0.237500 0.282292 0.236719 0.283333 0.235156 0.283333 0.234375 0.283333 0.227344 0.270833 0.226562 0.269792 0.226562 0.267708 0.226562 0.266667 0.231250 0.259375
0 0.277126 0.286594 0.276923 0.285604 0.276500 0.285041 0.276500 0.280688 0.272594 0.275479 0.270250 0.275479 0.269806 0.279630 0.270211 0.280170 0.271293 0.284925 0.272341 0.286042 0.272427 0.286464 0.273094 0.287354 0.275514 0.288583 0.276376 0.288312 0.276923 0.287583
0 0.268856 0.282439 0.268616 0.281400 0.268736 0.279402 0.268533 0.278413 0.267986 0.277683 0.267656 0.277563 0.266308 0.275766 0.265903 0.275546 0.265589 0.275126 0.265019 0.274846 0.263791 0.273528 0.263192 0.273209 0.262353 0.272250 0.261514 0.271610 0.260771 0.271340 0.259573 0.271340 0.258831 0.271610 0.257835 0.272459 0.257319 0.271770 0.256956 0.271566 0.256547 0.269783 0.256000 0.269053 0.255258 0.268783 0.254516 0.269053 0.253969 0.269783 0.253250 0.272499 0.252807 0.274767 0.252807 0.278443 0.253250 0.280072 0.254276 0.281440 0.255378 0.281871 0.255977 0.281871 0.256719 0.281600 0.257266 0.280871 0.258150 0.278094 0.259132 0.277207 0.259677 0.277934 0.259962 0.278953 0.261468 0.280961 0.261827 0.281281 0.262569 0.281551 0.262831 0.281500 0.264344 0.283518 0.264704 0.283678 0.265303 0.284317 0.266045 0.284588 0.267244 0.284588 0.267986 0.284317 0.268653 0.283428
0 0.379252 0.057146 0.379252 0.055654 0.379049 0.054664 0.378502 0.053935 0.377748 0.053664 0.376473 0.053664 0.374219 0.054277 0.374219 0.059829 0.374568 0.060296 0.376061 0.060296 0.376516 0.060461 0.377271 0.060296 0.377568 0.059943 0.378253 0.059693 0.378800 0.058964 0.379049 0.058135
0 0.488031 0.152226 0.487926 0.149125 0.487503 0.146844 0.487503 0.145693 0.487820 0.143627 0.487820 0.140900 0.488031 0.139679 0.487828 0.138126 0.487281 0.137397 0.486539 0.137126 0.486175 0.137259 0.484375 0.136458 0.482031 0.141667 0.482031 0.145833 0.482812 0.146875 0.483515 0.152492 0.481676 0.152351 0.479878 0.151787 0.478609 0.151787 0.477867 0.152058 0.477320 0.152787 0.477117 0.153777 0.477320 0.154907 0.477867 0.155637 0.478908 0.156471 0.479736 0.156721 0.482416 0.156721 0.482802 0.156862 0.485905 0.157003 0.486544 0.157184 0.487405 0.156035 0.487926 0.152742
0 0.637099 0.085445 0.636361 0.082722 0.635520 0.081193 0.634144 0.079562 0.633915 0.078951 0.633303 0.078135 0.632997 0.077422 0.632297 0.076488 0.631606 0.076236 0.631250 0.072917 0.630469 0.071875 0.626563 0.065625 0.625781 0.065625 0.614844 0.059375 0.611719 0.059375 0.610156 0.067708 0.610938 0.068750 0.612500 0.071875 0.613281 0.071875 0.624792 0.083386 0.624991 0.084497 0.625691 0.085329 0.626433 0.085599 0.627809 0.085396 0.629086 0.084819 0.629899 0.083940 0.630511 0.083866 0.631883 0.085023 0.633565 0.087265 0.634308 0.087536 0.635531 0.087536 0.636273 0.087265 0.636896 0.086434
0 0.568909 0.065968 0.568909 0.064819 0.568519 0.063371 0.568519 0.061461 0.567738 0.061461 0.566176 0.059378 0.565394 0.059378 0.560707 0.058336 0.559144 0.065628 0.559266 0.065790 0.559187 0.066177 0.559265 0.067639 0.559547 0.068942 0.560095 0.070509 0.560720 0.071343 0.561455 0.071800 0.562269 0.072920 0.562687 0.072920 0.563462 0.073745 0.564205 0.074016 0.565223 0.074016 0.566200 0.073641 0.566749 0.073223 0.567296 0.072494 0.567687 0.071762 0.567890 0.070773 0.567981 0.068550 0.568706 0.066957
0 0.387353 0.283952 0.394384 0.283952 0.395166 0.284994 0.395947 0.287077 0.395947 0.288119 0.392822 0.295410 0.392041 0.296452 0.388916 0.297494 0.388134 0.297494 0.386572 0.295410 0.385791 0.294369 0.385791 0.287077 0.385791 0.286035 0.387353 0.283952
0 0.708250 0.116671 0.708046 0.115682 0.706770 0.113980 0.706810 0.112938 0.707250 0.111896 0.707453 0.110906 0.707453 0.109541 0.707250 0.108551 0.704577 0.105290 0.704291 0.103696 0.703745 0.102967 0.703002 0.102696 0.702260 0.102967 0.701713 0.103696 0.701510 0.104686 0.701612 0.106093 0.699918 0.107410 0.699307 0.108225 0.697607 0.109781 0.694847 0.114626 0.693959 0.115811 0.691027 0.118490 0.691421 0.123220 0.692203 0.123220 0.697671 0.130512 0.698453 0.130512 0.701578 0.126345 0.701578 0.125303 0.701996 0.123908 0.702721 0.123396 0.703495 0.122364 0.703926 0.120464 0.703926 0.119051 0.704661 0.118560 0.706757 0.118661 0.707500 0.118390 0.708046 0.117661
0 0.689063 0.123958 0.689063 0.115625 0.688281 0.115625 0.685156 0.114583 0.680469 0.119792 0.680259 0.119513 0.679010 0.119923 0.678690 0.118867 0.678143 0.118138 0.677645 0.117929 0.677119 0.117228 0.676377 0.116957 0.675521 0.117228 0.674860 0.118109 0.674543 0.119554 0.674543 0.121222 0.674887 0.123206 0.674708 0.123881 0.673438 0.126029 0.673438 0.127083 0.672656 0.128125 0.670312 0.134375 0.670312 0.137500 0.672656 0.140625 0.673438 0.140625 0.678125 0.137500 0.683594 0.129167 0.684375 0.129167
0 0.674569 0.121829 0.674569 0.120616 0.674252 0.119323 0.673592 0.118442 0.672849 0.118171 0.672540 0.118284 0.671875 0.115625 0.671094 0.115625 0.669698 0.115160 0.669587 0.114620 0.669132 0.113861 0.668016 0.112373 0.667030 0.111665 0.667789 0.110956 0.669815 0.108254 0.670245 0.106658 0.670245 0.105293 0.670042 0.104303 0.669587 0.103544 0.669473 0.103089 0.668358 0.101753 0.667615 0.101482 0.666705 0.101482 0.664939 0.102057 0.664051 0.103241 0.663595 0.104303 0.663392 0.105293 0.663392 0.110642 0.662549 0.111160 0.660489 0.114140 0.659022 0.115104 0.657792 0.116744 0.657589 0.117733 0.657589 0.118643 0.657792 0.119633 0.658453 0.120514 0.659650 0.121088 0.660219 0.121240 0.663064 0.121240 0.664049 0.120936 0.664824 0.120917 0.666765 0.121476 0.670633 0.123752 0.670889 0.124092 0.671885 0.124662 0.672390 0.125336 0.673364 0.125065 0.673911 0.124336 0.674139 0.123881 0.674455 0.122384
0 0.638912 0.186311 0.638590 0.184686 0.638043 0.183957 0.636854 0.183085 0.636111 0.182814 0.632004 0.182735 0.631352 0.182497 0.630482 0.182662 0.630088 0.181962 0.630286 0.180996 0.630286 0.179330 0.629632 0.175153 0.629691 0.172746 0.629131 0.169774 0.628953 0.169060 0.628358 0.167711 0.627454 0.166506 0.626563 0.165625 0.625907 0.165237 0.624917 0.164949 0.624003 0.163968 0.623142 0.163618 0.621984 0.164047 0.621437 0.164777 0.621277 0.165978 0.618750 0.171875 0.618750 0.172917 0.619083 0.175134 0.618760 0.175961 0.618437 0.177426 0.618319 0.179648 0.618522 0.180637 0.619166 0.181402 0.618675 0.183693 0.618675 0.184724 0.618997 0.186348 0.619723 0.187395 0.620199 0.187791 0.621417 0.188300 0.622814 0.187950 0.623420 0.187062 0.623777 0.185793 0.623980 0.184383 0.625343 0.184321 0.627037 0.184988 0.628060 0.186193 0.629310 0.188177 0.630023 0.189604 0.630520 0.191054 0.631621 0.192075 0.632899 0.192663 0.633434 0.192663 0.635426 0.191678 0.636913 0.190092 0.637638 0.189124 0.638709 0.187300
0 0.675036 0.186383 0.674833 0.185393 0.673379 0.183541 0.671370 0.181812 0.669620 0.180689 0.667870 0.178096 0.666550 0.177027 0.665343 0.175418 0.664241 0.174294 0.663239 0.173851 0.662432 0.174121 0.661885 0.174851 0.661682 0.175840 0.661885 0.176830 0.662189 0.177234 0.661719 0.177405 0.661108 0.178394 0.660905 0.179383 0.660905 0.181544 0.661021 0.182139 0.660775 0.183185 0.661034 0.185835 0.661034 0.187017 0.660905 0.187765 0.661020 0.189913 0.660840 0.190790 0.661043 0.191779 0.661590 0.192509 0.662332 0.192779 0.662788 0.192637 0.663404 0.193200 0.664341 0.193557 0.665119 0.193557 0.665861 0.193286 0.666509 0.192941 0.668227 0.190996 0.669750 0.189743 0.671269 0.187718 0.671581 0.186799 0.672802 0.188101 0.673544 0.188372 0.674286 0.188101 0.674833 0.187372
0 0.092359 0.811856 0.092156 0.808990 0.088282 0.802822 0.084149 0.802067 0.079238 0.803399 0.078205 0.805614 0.074376 0.811476 0.068750 0.823958 0.068750 0.825000 0.071875 0.832292 0.072656 0.832292 0.078906 0.838542 0.086986 0.837157 0.088538 0.834820 0.091352 0.824905 0.091957 0.821771 0.092158 0.812835
0 0.147656 0.767708 0.151562 0.767708 0.151562 0.768750 0.149219 0.776042 0.149219 0.777083 0.146094 0.781250 0.145313 0.782292 0.135937 0.790625 0.135156 0.791667 0.129688 0.790625 0.128906 0.789583 0.129688 0.785417 0.130469 0.784375 0.135937 0.780208 0.136719 0.780208 0.142187 0.770833 0.142969 0.769792 0.147656 0.767708
0 0.223857 0.819910 0.223784 0.817664 0.223581 0.816674 0.223088 0.815626 0.222922 0.814819 0.222302 0.813992 0.221908 0.813848 0.221875 0.813542 0.221094 0.813542 0.215625 0.810417 0.210938 0.810417 0.208594 0.812500 0.208594 0.815625 0.209375 0.816667 0.214062 0.821875 0.214337 0.821875 0.215763 0.823875 0.216506 0.824146 0.218776 0.824146 0.219802 0.823951 0.221496 0.823289 0.222741 0.822606 0.223581 0.821486 0.223784 0.820267
0 0.207199 0.720906 0.207199 0.720306 0.206770 0.718516 0.204797 0.715885 0.202696 0.714284 0.201653 0.713913 0.199852 0.713712 0.198501 0.713712 0.197608 0.714083 0.197233 0.714583 0.195312 0.714583 0.191406 0.717708 0.187500 0.717708 0.185156 0.720833 0.185156 0.725000 0.185938 0.726042 0.187508 0.729183 0.188091 0.731019 0.190922 0.734932 0.191872 0.735341 0.192495 0.735341 0.193237 0.735070 0.193784 0.734341 0.193987 0.733351 0.193987 0.732521 0.193572 0.730608 0.195174 0.730496 0.195981 0.731434 0.196447 0.732471 0.196604 0.733234 0.197854 0.736706 0.197854 0.737689 0.197542 0.739441 0.197542 0.740825 0.197745 0.741815 0.198500 0.742821 0.199242 0.743092 0.200384 0.743092 0.201334 0.742683 0.202192 0.741538 0.202504 0.740846 0.203330 0.737780 0.203330 0.735427 0.202607 0.732500 0.200005 0.729160 0.203999 0.723835 0.205998 0.723326 0.206996 0.721896
0 0.522678 0.853269 0.522131 0.853998 0.521586 0.854434 0.518128 0.855722 0.516463 0.856469 0.515154 0.857341 0.511796 0.858775 0.510379 0.859211 0.508706 0.859356 0.506781 0.860083 0.504383 0.860664 0.502857 0.860664 0.500350 0.860374 0.499389 0.859957 0.498297 0.858501 0.497588 0.855811 0.496989 0.854432 0.494373 0.850798 0.492302 0.847600 0.492043 0.846964 0.491430 0.846147 0.491117 0.844721 0.491321 0.843731 0.491867 0.843002 0.492610 0.842731 0.493352 0.843002 0.493980 0.843840 0.517188 0.845833 0.519531 0.847917 0.520312 0.847917 0.520565 0.848422 0.521477 0.848671 0.521913 0.849107 0.522569 0.849982 0.522881 0.851407 0.522881 0.852279
0 0.613716 0.815715 0.612434 0.817670 0.610220 0.818432 0.608771 0.817708 0.603125 0.817708 0.597656 0.812500 0.596875 0.811458 0.596094 0.802083 0.596751 0.796827 0.598323 0.795625 0.599802 0.795625 0.603148 0.796501 0.605494 0.796501 0.607521 0.795769 0.607812 0.795833 0.611672 0.807156 0.612980 0.808341 0.613735 0.811783 0.613919 0.814726
0 0.603914 0.864429 0.603711 0.863440 0.603164 0.862710 0.602396 0.862449 0.602000 0.861867 0.601562 0.859375 0.600781 0.858333 0.593750 0.843750 0.593750 0.842708 0.592187 0.835417 0.591406 0.834375 0.590625 0.834375 0.588281 0.838542 0.588281 0.852083 0.589063 0.853125 0.592187 0.864583 0.592969 0.865625 0.593522 0.865625 0.594099 0.866502 0.598299 0.867660 0.601092 0.867660 0.602366 0.867212 0.603031 0.866502 0.603711 0.865419
0 0.614953 0.856272 0.614953 0.853612 0.614749 0.852623 0.613804 0.851184 0.613260 0.850986 0.610938 0.844792 0.610156 0.844792 0.603906 0.839583 0.600000 0.839583 0.600517 0.846482 0.602233 0.847283 0.603829 0.848702 0.604893 0.849411 0.607435 0.852977 0.609829 0.856879 0.609890 0.857177 0.610651 0.857008 0.611654 0.858346 0.612396 0.858617 0.613061 0.858617 0.613804 0.858346 0.614749 0.857262
0 0.552516 0.842830 0.552403 0.841472 0.552200 0.840483 0.551974 0.840031 0.550635 0.838246 0.548806 0.836950 0.548438 0.836458 0.547469 0.835833 0.547242 0.835532 0.546048 0.834959 0.544563 0.834809 0.543750 0.834375 0.543750 0.835028 0.543063 0.835809 0.542859 0.836798 0.542859 0.838004 0.543063 0.838994 0.543750 0.840212 0.543750 0.841667 0.544531 0.842708 0.546875 0.846875 0.547614 0.846875 0.547812 0.847890 0.548359 0.848619 0.549327 0.848890 0.550296 0.848469 0.550956 0.847589 0.551860 0.845930 0.552200 0.844875 0.552403 0.843381
0 0.559375 0.756250 0.558904 0.756879 0.558508 0.758393 0.557961 0.759122 0.557219 0.759393 0.556546 0.759393 0.555729 0.759022 0.555557 0.759250 0.552504 0.760886 0.552288 0.761174 0.551037 0.761943 0.550364 0.762969 0.549622 0.763240 0.548880 0.762969 0.548333 0.762240 0.548068 0.760861 0.546860 0.759763 0.546217 0.758906 0.546014 0.757916 0.546217 0.756927 0.546764 0.756198 0.547656 0.755941 0.547656 0.752083 0.553125 0.744792 0.557813 0.746875 0.558594 0.746875 0.560156 0.752083 0.560156 0.753125
0 0.582295 0.732138 0.582092 0.731149 0.579688 0.728125 0.578305 0.728285 0.577354 0.727915 0.576368 0.727915 0.575626 0.728186 0.575029 0.729159 0.571094 0.730208 0.570312 0.729167 0.569592 0.727629 0.568887 0.724316 0.567650 0.722404 0.567004 0.722109 0.566406 0.720833 0.564063 0.720833 0.561719 0.728125 0.561719 0.733333 0.562500 0.734375 0.562500 0.736458 0.563281 0.736458 0.564063 0.737500 0.565807 0.737714 0.567644 0.739375 0.569174 0.739909 0.570259 0.739778 0.571129 0.739470 0.572867 0.737252 0.574444 0.736069 0.576414 0.734887 0.578472 0.733996 0.580310 0.734390 0.581446 0.733988 0.582092 0.733128
0 0.573124 0.702907 0.572577 0.703636 0.571099 0.704556 0.570357 0.704827 0.568774 0.704958 0.568044 0.705476 0.566838 0.706022 0.565598 0.706987 0.565345 0.708709 0.565641 0.710458 0.565641 0.711973 0.565930 0.712359 0.566232 0.713743 0.566035 0.716572 0.566719 0.717484 0.566922 0.718473 0.566719 0.719594 0.566172 0.720323 0.565430 0.720594 0.564688 0.720323 0.564250 0.719871 0.559044 0.720565 0.559531 0.722415 0.559531 0.723072 0.559328 0.724061 0.558781 0.724791 0.558190 0.725185 0.556856 0.725587 0.555969 0.725587 0.554932 0.725185 0.553749 0.724265 0.553202 0.723536 0.552611 0.722222 0.552014 0.719656 0.551718 0.717245 0.551028 0.713743 0.550861 0.711874 0.549610 0.710337 0.548995 0.709911 0.547836 0.709549 0.547289 0.708820 0.547086 0.707830 0.547289 0.706841 0.547836 0.706111 0.548578 0.705841 0.550519 0.705769 0.550634 0.705289 0.550369 0.704385 0.549162 0.702513 0.548600 0.701370 0.547935 0.700877 0.546691 0.699087 0.545767 0.698380 0.544826 0.697126 0.544623 0.696136 0.544826 0.695146 0.545373 0.694417 0.546509 0.694146 0.547448 0.694549 0.548594 0.696076 0.549518 0.696782 0.550515 0.698088 0.552948 0.697957 0.554445 0.697694 0.555469 0.696875 0.558594 0.697917 0.559274 0.698359 0.560510 0.700008 0.560708 0.700534 0.560911 0.701523 0.560911 0.702969 0.560510 0.704747 0.560221 0.705420 0.560635 0.705800 0.560987 0.704738 0.562717 0.702695 0.563406 0.702301 0.565725 0.701505 0.567856 0.701111 0.570456 0.700059 0.571835 0.699928 0.572577 0.700199 0.573124 0.700928 0.573327 0.701917
0 0.583131 0.686464 0.582547 0.687729 0.581343 0.689335 0.580090 0.689898 0.579492 0.689995 0.577765 0.690893 0.576962 0.691769 0.575501 0.693813 0.571558 0.697221 0.570974 0.697903 0.568491 0.699460 0.565704 0.700315 0.565047 0.700315 0.563977 0.699926 0.560958 0.699731 0.560216 0.699460 0.559218 0.698114 0.558427 0.697784 0.554386 0.697687 0.553644 0.697416 0.552805 0.696394 0.552602 0.694821 0.552805 0.693831 0.553571 0.692907 0.554313 0.692636 0.555661 0.692633 0.556109 0.692347 0.557295 0.690960 0.558037 0.690689 0.558767 0.690689 0.559802 0.691057 0.560915 0.692152 0.561294 0.692344 0.564196 0.692150 0.565894 0.691471 0.566715 0.690668 0.568714 0.689171 0.569709 0.687942 0.571023 0.687065 0.571133 0.686529 0.572995 0.683561 0.574017 0.682879 0.575197 0.682413 0.576292 0.682121 0.578337 0.682024 0.581562 0.682976 0.582584 0.683366 0.583131 0.684095 0.583334 0.685474
0 0.591204 0.702898 0.591204 0.701157 0.590894 0.699227 0.590894 0.697736 0.591204 0.695695 0.591204 0.694045 0.590625 0.691690 0.590516 0.690480 0.589844 0.689583 0.587380 0.689173 0.586681 0.688312 0.585725 0.687970 0.584982 0.688241 0.584329 0.689184 0.583912 0.690815 0.583805 0.691953 0.583270 0.693672 0.582636 0.694939 0.581245 0.696795 0.579238 0.698907 0.578024 0.699822 0.575038 0.703170 0.574625 0.706595 0.574812 0.708582 0.575139 0.710151 0.575698 0.711227 0.576307 0.712039 0.577297 0.712476 0.578474 0.712122 0.579394 0.710896 0.579952 0.709654 0.580156 0.708665 0.580156 0.707422 0.582812 0.705208 0.584161 0.705208 0.584814 0.705913 0.586177 0.706515 0.587853 0.706432 0.589465 0.705913 0.590086 0.705416 0.591025 0.704164 0.591142 0.703201
0 0.618597 0.675496 0.618394 0.674082 0.617879 0.673395 0.617969 0.672917 0.617188 0.671875 0.614062 0.671875 0.607031 0.677083 0.607031 0.678125 0.606644 0.681220 0.605889 0.682396 0.605686 0.683810 0.606144 0.685478 0.607136 0.686801 0.607645 0.687226 0.608387 0.687496 0.609511 0.687226 0.610631 0.685563 0.610459 0.684319 0.610459 0.683131 0.610662 0.682142 0.611399 0.681158 0.612163 0.680649 0.613414 0.680208 0.615172 0.680339 0.616511 0.679760 0.617020 0.679335 0.617694 0.678437 0.618394 0.676485
0 0.694092 0.460174 0.693187 0.459033 0.693273 0.458612 0.693070 0.457622 0.692523 0.456893 0.691781 0.456622 0.691039 0.456893 0.690492 0.457622 0.690419 0.457976 0.689957 0.457976 0.689389 0.459145 0.686873 0.462842 0.686102 0.463641 0.684883 0.464416 0.684969 0.467401 0.684773 0.468507 0.685499 0.468507 0.686280 0.469549 0.692530 0.469549 0.693311 0.468507
0 0.656250 0.481250 0.655469 0.480208 0.654723 0.477723 0.654723 0.476794 0.654417 0.475529 0.653870 0.474800 0.653354 0.474387 0.652381 0.474007 0.651563 0.472917 0.642188 0.472917 0.642011 0.474325 0.641315 0.475254 0.640596 0.478032 0.640596 0.479545 0.640799 0.480535 0.641346 0.481264 0.642501 0.481810 0.643017 0.481810 0.644068 0.481402 0.644771 0.480859 0.645202 0.481041 0.645855 0.483149 0.646505 0.484015 0.646789 0.484119 0.647227 0.484703 0.647640 0.484978 0.649001 0.485524 0.649743 0.485253 0.649898 0.485047 0.651563 0.485417 0.652344 0.484375 0.653906 0.484375
0 0.643750 0.497917 0.643750 0.496875 0.642693 0.488972 0.641702 0.487769 0.640936 0.487498 0.639062 0.484375 0.635156 0.484375 0.634509 0.484893 0.633766 0.484893 0.632669 0.485282 0.632047 0.485874 0.630967 0.487432 0.630409 0.490080 0.630409 0.490790 0.630624 0.491880 0.630469 0.492708 0.631250 0.493750 0.632758 0.494878 0.635938 0.496875 0.636719 0.497917 0.638281 0.502083 0.639062 0.503125 0.640356 0.504275 0.640559 0.505517 0.641106 0.506246 0.641848 0.506517 0.642591 0.506246 0.643137 0.505517 0.643341 0.504527 0.643163 0.502436 0.643138 0.499549
0 0.626563 0.564583 0.626563 0.563542 0.625781 0.558333 0.625000 0.557292 0.620313 0.556250 0.614844 0.558333 0.612975 0.560824 0.612407 0.561032 0.611860 0.561761 0.611657 0.562751 0.611719 0.564583 0.612500 0.564583 0.615921 0.566213 0.617220 0.565481 0.617993 0.565729 0.618994 0.566457 0.620195 0.567886 0.620676 0.568821 0.620940 0.569827 0.620849 0.571003 0.621052 0.571992 0.621599 0.572721 0.622341 0.572992 0.623174 0.572721 0.623903 0.571750 0.624197 0.570396 0.624337 0.568540
0 0.508594 0.375000 0.514062 0.375000 0.514844 0.375000 0.521875 0.381250 0.522656 0.382292 0.522656 0.396875 0.522656 0.397917 0.521094 0.401042 0.520312 0.402083 0.517969 0.403125 0.517188 0.404167 0.511719 0.398958 0.510938 0.397917 0.507031 0.388542 0.506250 0.387500 0.506250 0.383333 0.505469 0.382292 0.506250 0.379167 0.506250 0.378125 0.508594 0.375000
0 0.531275 0.390589 0.530968 0.388976 0.530467 0.388170 0.530032 0.386618 0.528888 0.384330 0.528056 0.381557 0.527172 0.380101 0.525741 0.378262 0.524843 0.377853 0.523892 0.378124 0.523242 0.379061 0.522831 0.381336 0.522643 0.381524 0.522851 0.385597 0.522799 0.395235 0.522591 0.396667 0.522619 0.397905 0.523543 0.397821 0.524285 0.398092 0.524426 0.398281 0.525720 0.397789 0.527235 0.397918 0.528445 0.397439 0.529252 0.396363 0.529687 0.393750 0.529687 0.393003 0.530317 0.392655 0.531072 0.391579
0 0.493644 0.371096 0.493644 0.370261 0.493336 0.368993 0.492790 0.368263 0.492237 0.368037 0.492188 0.367708 0.491406 0.366667 0.487200 0.365545 0.485676 0.364790 0.484460 0.364814 0.484338 0.365049 0.483158 0.365896 0.482089 0.367321 0.481672 0.368296 0.481260 0.370121 0.481296 0.371415 0.480303 0.372659 0.478660 0.373540 0.478148 0.374059 0.477533 0.377171 0.477042 0.378153 0.474878 0.381367 0.474463 0.382411 0.474064 0.382943 0.473971 0.383394 0.472656 0.385311 0.472656 0.387500 0.473438 0.387500 0.476562 0.389583 0.482812 0.389583 0.482942 0.389411 0.486418 0.387994 0.487567 0.387298 0.488612 0.386463 0.490099 0.384341 0.490302 0.383351 0.490302 0.381680 0.490011 0.379658 0.490877 0.378201 0.492258 0.375376 0.492763 0.373129 0.493441 0.372086
0 0.734343 0.863284 0.733243 0.860070 0.732765 0.858031 0.730902 0.854272 0.726164 0.851147 0.723039 0.851147 0.718351 0.855314 0.718351 0.861423 0.716563 0.861169 0.713122 0.861169 0.712380 0.861439 0.711642 0.862423 0.711474 0.863029 0.711082 0.863208 0.710159 0.862953 0.709264 0.862953 0.708225 0.861567 0.707292 0.861296 0.706549 0.861567 0.706003 0.862296 0.705799 0.863286 0.706003 0.864530 0.706385 0.865422 0.707123 0.866406 0.709108 0.867187 0.713504 0.867187 0.715670 0.866804 0.725834 0.866804 0.726867 0.866273 0.733976 0.866772 0.733976 0.865730
0 0.751872 0.759576 0.751872 0.758942 0.751515 0.757120 0.751694 0.755769 0.751491 0.754779 0.750944 0.754050 0.750202 0.753779 0.749459 0.754050 0.748912 0.754779 0.748791 0.755373 0.748461 0.755145 0.750000 0.751042 0.750000 0.745833 0.746875 0.741667 0.746094 0.741667 0.742969 0.740625 0.739062 0.742708 0.739062 0.743750 0.738281 0.744792 0.738281 0.745833 0.739062 0.753125 0.741406 0.756250 0.744129 0.756250 0.745771 0.757963 0.746805 0.758469 0.748470 0.759738 0.748794 0.760407 0.749578 0.761295 0.750380 0.761566 0.751122 0.761295 0.751669 0.760566
0 0.706028 0.767977 0.706458 0.784705 0.704665 0.786331 0.699288 0.778874 0.693839 0.782602 0.692692 0.781933 0.692692 0.781168 0.693051 0.779352 0.693266 0.778874 0.693624 0.777249 0.695847 0.773043 0.697998 0.772374 0.698786 0.774095 0.700220 0.774095 0.701726 0.771609 0.703590 0.767307
0 0.726461 0.760349 0.725914 0.761078 0.723561 0.762066 0.722575 0.762820 0.721414 0.763400 0.720309 0.763768 0.718858 0.763962 0.718132 0.763962 0.717576 0.763768 0.717664 0.764701 0.718204 0.764531 0.718946 0.764801 0.719493 0.765531 0.719696 0.766520 0.719493 0.767510 0.718768 0.769252 0.717713 0.770949 0.716172 0.771606 0.715664 0.771606 0.714777 0.771239 0.714157 0.770413 0.713794 0.769542 0.713591 0.768552 0.713591 0.767681 0.713794 0.766692 0.714607 0.765705 0.714680 0.764549 0.714564 0.764275 0.712817 0.763110 0.712125 0.762187 0.711849 0.760907 0.712052 0.759531 0.712745 0.758511 0.713253 0.758028 0.714704 0.757350 0.717479 0.756402 0.720309 0.756402 0.723332 0.757079 0.724736 0.757176 0.725914 0.757640 0.726461 0.758370 0.726664 0.759359
0 0.734148 0.770438 0.733960 0.771505 0.732146 0.774155 0.732060 0.774500 0.731487 0.775378 0.731282 0.776113 0.729900 0.779108 0.729353 0.779837 0.729007 0.780068 0.728092 0.780339 0.727350 0.780068 0.726717 0.779108 0.726047 0.775566 0.725664 0.774233 0.725333 0.773997 0.724565 0.772876 0.724289 0.771396 0.724289 0.770201 0.722476 0.770201 0.721561 0.769815 0.720928 0.768971 0.720582 0.768049 0.720293 0.766599 0.720496 0.765263 0.720841 0.764457 0.721561 0.763497 0.722735 0.762996 0.723081 0.762996 0.723996 0.763382 0.725276 0.764628 0.726450 0.764609 0.727193 0.764880 0.727740 0.765609 0.727826 0.765955 0.728029 0.766944 0.728064 0.768421 0.729475 0.767835 0.730511 0.767604 0.732239 0.767604 0.733414 0.767990 0.734047 0.768835 0.734250 0.769939
0 0.761283 0.793041 0.761283 0.792208 0.760867 0.789062 0.760659 0.784017 0.760351 0.782055 0.759492 0.780910 0.758750 0.780639 0.757709 0.780639 0.756967 0.780910 0.756211 0.781916 0.755899 0.783305 0.754759 0.789292 0.754759 0.791097 0.755274 0.792920 0.756211 0.794586 0.757279 0.796009 0.758528 0.796981 0.759271 0.797252 0.760429 0.796981 0.760976 0.796252 0.761179 0.795262 0.760967 0.794261 0.761080 0.794030
0 0.790637 0.822801 0.792218 0.823102 0.798843 0.820191 0.805017 0.822901 0.809986 0.822098 0.808706 0.828523 0.805921 0.832137 0.798467 0.832337 0.792519 0.825712 0.790862 0.825009
0 0.867308 0.773636 0.867080 0.777700 0.865022 0.779936 0.863269 0.781257 0.861668 0.780648 0.859839 0.779123 0.858848 0.777802 0.858696 0.775871 0.862735 0.775566 0.862583 0.773636 0.860906 0.772416 0.858086 0.771298 0.856638 0.771298 0.856485 0.761034 0.853894 0.760120 0.853818 0.758494 0.856638 0.757986 0.860144 0.751685 0.861821 0.751786 0.868299 0.761237 0.868375 0.756969 0.871805 0.758189 0.874930 0.759815 0.874930 0.773636 0.872110 0.773940 0.869823 0.772619
0 0.963681 0.832454 0.963465 0.834088 0.962937 0.836229 0.962391 0.836958 0.961648 0.837229 0.960795 0.836810 0.959776 0.836622 0.954998 0.838297 0.954145 0.838297 0.953403 0.838026 0.952856 0.837297 0.952653 0.836307 0.952922 0.834793 0.953665 0.833714 0.955868 0.831808 0.955306 0.827964 0.954790 0.827363 0.953692 0.826859 0.951387 0.826860 0.950020 0.826571 0.945230 0.826572 0.944487 0.826301 0.943941 0.825572 0.943737 0.824582 0.943941 0.823304 0.945136 0.821567 0.945932 0.820937 0.947404 0.819119 0.948916 0.817822 0.950306 0.817119 0.952021 0.817534 0.952568 0.818263 0.952993 0.820991 0.954158 0.821440 0.955155 0.821440 0.956896 0.820864 0.958826 0.821711 0.960338 0.823295 0.960993 0.824168 0.961749 0.825609 0.962278 0.827234 0.962931 0.827472 0.963477 0.828201 0.963789 0.830055 0.963789 0.831927
0 0.987898 0.862538 0.982727 0.854821 0.980924 0.854062 0.978647 0.855264 0.976322 0.852291 0.976417 0.850013 0.980307 0.847800 0.980782 0.848053 0.984577 0.847800 0.986807 0.848938 0.987898 0.850899 0.988989 0.850393 0.989985 0.847863 0.993069 0.847926 0.992405 0.851089 0.989843 0.855390 0.989701 0.862411
0 0.987706 0.866664 0.987379 0.863397 0.981703 0.855066 0.979702 0.855066 0.979702 0.857952 0.980028 0.858279 0.980641 0.860130 0.980232 0.860130 0.979620 0.860511 0.978395 0.866719
0 0.905865 0.846779 0.905514 0.844936 0.904574 0.843616 0.902847 0.842755 0.901615 0.842492 0.898762 0.841442 0.898172 0.841442 0.897233 0.841779 0.896575 0.842328 0.895510 0.842829 0.894378 0.843813 0.892946 0.845986 0.892207 0.847692 0.891666 0.848611 0.891371 0.849529 0.890922 0.852094 0.890922 0.853537 0.891321 0.855249 0.892410 0.856765 0.894575 0.858143 0.896056 0.858545 0.897044 0.858143 0.897689 0.857283 0.898230 0.855971 0.899172 0.851828 0.901036 0.848424 0.901467 0.847849 0.902025 0.847866 0.903040 0.848891 0.904077 0.849162 0.904820 0.848891 0.905662 0.847768
0 0.916739 0.854952 0.915747 0.856986 0.915747 0.858266 0.915536 0.859299 0.916612 0.860767 0.916815 0.861791 0.916612 0.862781 0.916065 0.863510 0.915323 0.863781 0.914581 0.863510 0.911594 0.859696 0.911175 0.858968 0.909294 0.857579 0.908467 0.856375 0.908239 0.855318 0.908188 0.854335 0.908544 0.851804 0.908544 0.850844 0.908315 0.849488 0.908518 0.848092 0.909294 0.846889 0.910087 0.846584 0.911083 0.846855 0.912024 0.847397 0.913177 0.848698 0.913557 0.848192 0.914299 0.847921 0.915041 0.848192 0.915588 0.848921 0.915791 0.849911 0.915588 0.850900 0.915433 0.851108 0.916637 0.852430 0.916942 0.853962
0 0.855934 0.667086 0.855834 0.667570 0.855287 0.668299 0.854346 0.668984 0.852805 0.669898 0.852062 0.670168 0.851513 0.669999 0.851211 0.671223 0.850322 0.672409 0.849808 0.672866 0.848467 0.673365 0.847439 0.673365 0.846440 0.672980 0.846012 0.672637 0.844951 0.670995 0.844748 0.670005 0.844951 0.668787 0.845131 0.668549 0.845131 0.668051 0.849464 0.663924 0.849660 0.662966 0.850207 0.662237 0.850550 0.662008 0.851891 0.661509 0.852319 0.661509 0.853318 0.661894 0.854174 0.662465 0.854602 0.662807 0.855410 0.663884 0.856068 0.663884 0.856068 0.667009
0 0.842804 0.607091 0.849963 0.607576 0.855423 0.603370 0.857122 0.583471 0.849599 0.579103 0.847172 0.579265 0.842926 0.584603 0.841591 0.586707 0.834675 0.587354
0 0.289724 0.144091 0.289480 0.144498 0.287523 0.144825 0.285847 0.144496 0.285825 0.143280 0.285488 0.141756 0.284686 0.139973 0.283805 0.138798 0.282528 0.138171 0.282082 0.138052 0.281770 0.138149 0.280551 0.137649 0.280062 0.137649 0.275476 0.135366 0.272173 0.133328 0.270278 0.130963 0.269972 0.130311 0.267954 0.128109 0.267770 0.126316 0.267954 0.124685 0.269666 0.123543 0.270217 0.123543 0.273396 0.124359 0.275781 0.126479 0.276332 0.127213 0.277249 0.129088 0.286667 0.138139 0.289357 0.142134 0.289785 0.143194
0 0.284116 0.201909 0.284116 0.192534 0.283335 0.191493 0.279429 0.189409 0.277085 0.191493 0.277085 0.192534 0.274872 0.199910 0.274337 0.200386 0.273521 0.201475 0.272622 0.203153 0.272239 0.204862 0.272239 0.205461 0.272532 0.206931 0.273169 0.207780 0.274360 0.208290 0.275799 0.208770 0.277597 0.208770 0.278339 0.208499 0.278976 0.207650 0.279060 0.207240 0.282554 0.206076 0.282554 0.205034
0 0.291969 0.224681 0.291422 0.225410 0.290680 0.225681 0.290318 0.225549 0.290089 0.225855 0.289347 0.226125 0.286473 0.224700 0.284008 0.223012 0.283128 0.221928 0.282925 0.220760 0.283195 0.219504 0.283941 0.218509 0.284950 0.218060 0.286416 0.218060 0.288824 0.218775 0.289956 0.219663 0.291769 0.222169 0.292172 0.223692
0 0.313030 0.227747 0.313091 0.228044 0.312887 0.229034 0.312341 0.229763 0.311199 0.230123 0.310057 0.229674 0.307865 0.228435 0.306802 0.228257 0.304194 0.227276 0.303647 0.226547 0.303444 0.225557 0.303647 0.224568 0.304194 0.223838 0.304936 0.223568 0.305872 0.223568 0.305843 0.222892 0.306046 0.221903 0.306592 0.221173 0.307335 0.220903 0.307701 0.221036 0.309200 0.220814 0.309942 0.221085 0.312821 0.224479 0.313224 0.226801
0 0.387761 0.205633 0.380497 0.200153 0.380497 0.195565 0.385467 0.195820 0.388621 0.193653 0.389768 0.194928 0.388717 0.205123
0 0.348663 0.299422 0.348116 0.300151 0.347374 0.300422 0.342536 0.300422 0.341275 0.300036 0.340065 0.299345 0.339173 0.298040 0.338797 0.296589 0.339000 0.295139 0.339979 0.293834 0.341966 0.292451 0.343313 0.291950 0.344609 0.291950 0.345301 0.292181 0.346043 0.292451 0.346648 0.292912 0.347367 0.293872 0.347713 0.294563 0.347916 0.295553 0.347818 0.296605 0.348116 0.296714 0.348663 0.297443 0.348866 0.298433
0 0.346762 0.285137 0.346244 0.286059 0.345352 0.287249 0.344920 0.287594 0.343918 0.287980 0.341865 0.287980 0.341571 0.288142 0.341263 0.288668 0.341060 0.290206 0.340167 0.291396 0.339425 0.291667 0.338993 0.291667 0.337905 0.291166 0.337186 0.290206 0.336896 0.289594 0.336235 0.288824 0.336032 0.287834 0.336235 0.286844 0.336677 0.286255 0.336927 0.285232 0.337359 0.284310 0.338071 0.283245 0.338655 0.281776 0.339633 0.280470 0.340368 0.280067 0.340843 0.279434 0.341585 0.279163 0.342449 0.278932 0.344005 0.278932 0.345352 0.279434 0.346071 0.280393 0.346676 0.281776 0.346966 0.283226 0.346966 0.284148
0 0.358043 0.286918 0.357525 0.289330 0.356505 0.290759 0.354249 0.292509 0.352517 0.294678 0.351782 0.295237 0.350883 0.295578 0.350358 0.295578 0.349248 0.295168 0.348514 0.294538 0.346550 0.291919 0.346347 0.290860 0.346550 0.289870 0.347097 0.289141 0.347839 0.288870 0.348893 0.288940 0.348813 0.288481 0.349016 0.287491 0.350131 0.285166 0.350440 0.283187 0.350335 0.281833 0.350853 0.279724 0.351925 0.278225 0.352877 0.277815 0.353349 0.277815 0.354661 0.278216 0.355186 0.278024 0.355746 0.278171 0.356341 0.277955 0.357083 0.278225 0.357682 0.279024 0.357990 0.280294 0.358095 0.281554 0.358095 0.286661
0 0.280009 0.332828 0.279462 0.333557 0.278720 0.333828 0.276193 0.334115 0.274030 0.335493 0.272269 0.336193 0.271213 0.337026 0.268769 0.342006 0.265112 0.347599 0.262306 0.350838 0.261241 0.351324 0.260176 0.350982 0.259253 0.349751 0.258877 0.348603 0.258137 0.345179 0.257938 0.344770 0.257649 0.344600 0.256941 0.343656 0.256630 0.342092 0.256728 0.340680 0.256304 0.340513 0.255874 0.340011 0.255327 0.339282 0.255058 0.338636 0.254801 0.337432 0.255005 0.336227 0.255713 0.335354 0.256939 0.334940 0.260004 0.334797 0.261134 0.335084 0.262335 0.335084 0.265003 0.333651 0.266213 0.332748 0.265826 0.330978 0.265826 0.330333 0.266029 0.329343 0.266352 0.328626 0.267329 0.327395 0.268082 0.326750 0.270545 0.325833 0.271728 0.325762 0.272470 0.326033 0.273017 0.326762 0.273095 0.327307 0.272859 0.327622 0.272656 0.328612 0.272859 0.329601 0.273406 0.330331 0.274740 0.330673 0.277106 0.329706 0.278720 0.329849 0.279462 0.330120 0.280009 0.330849 0.280212 0.331839
0 0.209821 0.363853 0.209274 0.364582 0.208971 0.364693 0.208775 0.365645 0.208228 0.366375 0.207187 0.366845 0.204910 0.367491 0.201767 0.368996 0.200311 0.370956 0.199568 0.371227 0.198677 0.370956 0.198130 0.370227 0.197927 0.369237 0.198130 0.368247 0.199176 0.367052 0.199325 0.366455 0.200856 0.364016 0.200968 0.363467 0.201360 0.362944 0.201566 0.362272 0.203756 0.359153 0.205250 0.357758 0.206440 0.357288 0.206888 0.357288 0.207631 0.357559 0.208079 0.357958 0.209821 0.360479 0.210024 0.361469 0.210024 0.362863
0 0.221695 0.364247 0.221594 0.364750 0.221746 0.365798 0.221543 0.366788 0.220996 0.367517 0.220254 0.367788 0.219339 0.367788 0.218145 0.367510 0.216977 0.367686 0.215777 0.367314 0.215230 0.366584 0.215148 0.366183 0.212881 0.363757 0.211995 0.362880 0.210518 0.361826 0.209742 0.360792 0.209539 0.359802 0.209742 0.358813 0.210289 0.358083 0.211032 0.357813 0.214461 0.357914 0.215737 0.358388 0.218128 0.360033 0.221149 0.361234 0.221695 0.361963 0.221899 0.363257
0 0.244238 0.389510 0.244238 0.387478 0.243536 0.384169 0.242647 0.381629 0.241504 0.379427 0.240494 0.378081 0.240321 0.378020 0.238715 0.375709 0.237505 0.375282 0.237178 0.375353 0.236556 0.374524 0.235345 0.374097 0.234134 0.374524 0.233251 0.375701 0.232931 0.377654 0.233439 0.379950 0.233439 0.381209 0.232489 0.382814 0.231590 0.385707 0.231346 0.386033 0.231025 0.387647 0.231025 0.389002 0.231346 0.390617 0.232610 0.392302 0.233245 0.392810 0.235345 0.393576 0.237122 0.393576 0.238775 0.394254 0.240299 0.394254 0.242526 0.393318 0.243663 0.391802 0.243917 0.391125 0.244238 0.389510
0 0.269516 0.387647 0.269196 0.386033 0.268236 0.384582 0.268053 0.383661 0.267043 0.382315 0.266054 0.381966 0.265385 0.380443 0.264760 0.379440 0.264623 0.378749 0.264415 0.378472 0.265004 0.377236 0.265452 0.374944 0.265452 0.371387 0.265325 0.370371 0.265004 0.368757 0.264121 0.367579 0.262910 0.367152 0.261318 0.367579 0.260810 0.367918 0.259927 0.369095 0.259607 0.370710 0.259607 0.371387 0.260115 0.373720 0.260115 0.374266 0.255797 0.374943 0.254205 0.375540 0.251791 0.376726 0.250400 0.378411 0.250019 0.379596 0.249572 0.381719 0.249572 0.382905 0.250146 0.385366 0.251537 0.387221 0.252553 0.387729 0.253764 0.388156 0.255924 0.388156 0.257516 0.387559 0.258740 0.385757 0.259834 0.384638 0.260618 0.386076 0.261825 0.387685 0.262415 0.387893 0.262722 0.389600 0.263732 0.390947 0.264943 0.391374 0.266213 0.391374 0.268186 0.390608 0.269196 0.389262
0 0.250953 0.371284 0.247912 0.367483 0.247685 0.366800 0.246774 0.365459 0.246394 0.364321 0.246074 0.362497 0.242469 0.359293 0.238378 0.362764 0.238564 0.364748 0.239586 0.368591 0.240144 0.368839 0.242655 0.370947 0.244143 0.371319 0.245723 0.371939 0.247118 0.372063
0 0.207045 0.407852 0.207045 0.406962 0.206569 0.404932 0.206473 0.402897 0.205520 0.398987 0.205425 0.395655 0.204819 0.393151 0.203460 0.391339 0.202030 0.389941 0.200506 0.388035 0.199362 0.387146 0.197865 0.386592 0.196559 0.387019 0.195105 0.388958 0.194819 0.389848 0.194498 0.391778 0.193988 0.391504 0.193861 0.390864 0.192978 0.389687 0.191767 0.389260 0.190461 0.389687 0.189578 0.390864 0.189258 0.392562 0.189006 0.392897 0.188625 0.393913 0.187863 0.396708 0.187066 0.400737 0.187066 0.401880 0.187482 0.403876 0.187768 0.404638 0.188746 0.405942 0.189957 0.406370 0.190910 0.406370 0.195652 0.404718 0.199418 0.404232 0.200060 0.408450 0.200942 0.409627 0.201323 0.409761 0.200978 0.411409 0.201298 0.413151 0.202181 0.414328 0.203392 0.414755 0.204698 0.414328 0.205676 0.413023 0.206534 0.410737 0.207045 0.407852
0 0.302265 0.458416 0.302062 0.456950 0.301372 0.456030 0.300415 0.455664 0.299530 0.455935 0.298983 0.456664 0.298780 0.457654 0.298843 0.458056 0.298387 0.458222 0.297172 0.459842 0.294741 0.462225 0.292955 0.463178 0.290739 0.465656 0.289667 0.466418 0.288214 0.467100 0.286621 0.466528 0.285664 0.466799 0.285046 0.467624 0.284688 0.468481 0.284485 0.469471 0.284485 0.470710 0.284831 0.472271 0.285450 0.473096 0.288336 0.474085 0.289667 0.475764 0.290695 0.476226 0.293053 0.476321 0.293840 0.476226 0.295082 0.475764 0.295654 0.475383 0.296487 0.474273 0.298202 0.470175 0.299346 0.468364 0.300204 0.466553 0.300847 0.464838 0.301407 0.461803 0.302062 0.459406
0 0.957207 0.074918 0.957004 0.073540 0.956457 0.072811 0.954368 0.071989 0.954441 0.070048 0.955330 0.068045 0.955605 0.066764 0.955605 0.066182 0.955402 0.065193 0.954855 0.064463 0.953749 0.063998 0.952002 0.063901 0.951260 0.064172 0.949877 0.065240 0.945908 0.070046 0.944234 0.073055 0.943958 0.074433 0.944031 0.075695 0.944234 0.076684 0.944889 0.078140 0.945581 0.079064 0.949149 0.081199 0.950532 0.082558 0.951565 0.082926 0.952308 0.082655 0.952475 0.082431 0.953458 0.082829 0.954783 0.082267 0.955402 0.081441 0.955605 0.080451 0.955307 0.079335 0.955357 0.079171 0.955621 0.078431 0.957004 0.075908
0 0.829768 0.024485 0.829990 0.024781 0.830193 0.025771 0.829990 0.026761 0.829443 0.027490 0.828701 0.027761 0.827959 0.027490 0.826699 0.026099 0.825000 0.026042 0.821567 0.023426 0.820575 0.023427 0.819291 0.023011 0.818744 0.022282 0.818541 0.021292 0.818817 0.020205 0.820312 0.006250 0.820312 0.005208 0.822656 0.000000 0.833594 0.000000
0 0.560627 0.598488 0.560627 0.597636 0.560236 0.596241 0.560105 0.595263 0.560163 0.592450 0.559669 0.589603 0.559379 0.588906 0.558675 0.587967 0.558594 0.586458 0.557813 0.585417 0.555469 0.580208 0.554688 0.580208 0.552344 0.579167 0.546875 0.585417 0.546875 0.590625 0.547521 0.591487 0.548208 0.591738 0.549021 0.592821 0.549950 0.593750 0.551542 0.595950 0.554173 0.600051 0.554465 0.600106 0.555026 0.600903 0.555768 0.601174 0.557858 0.601174 0.558656 0.600905 0.559375 0.601042 0.559353 0.600633 0.559761 0.600439 0.560424 0.599477
0 0.953701 0.809726 0.953701 0.809055 0.953497 0.808066 0.952867 0.807225 0.952125 0.806954 0.948772 0.807066 0.947444 0.807560 0.946538 0.808742 0.944360 0.809077 0.943557 0.809115 0.942915 0.808705 0.942643 0.808342 0.941901 0.808071 0.941159 0.808342 0.940612 0.809071 0.940409 0.810061 0.940595 0.811385 0.940409 0.812296 0.940409 0.814084 0.940576 0.814901 0.940492 0.815536 0.940695 0.816526 0.941242 0.817255 0.943158 0.817973 0.944235 0.817702 0.946917 0.816249 0.948425 0.814908 0.949451 0.813764 0.951694 0.812674 0.952783 0.811780 0.953497 0.810715
0 0.965307 0.809391 0.964247 0.810690 0.962921 0.811545 0.962024 0.812457 0.960399 0.813597 0.958004 0.815764 0.956807 0.816505 0.956065 0.816776 0.954981 0.816505 0.954254 0.815992 0.953493 0.814977 0.953247 0.813874 0.953247 0.812962 0.953493 0.811801 0.954211 0.810844 0.955955 0.809765 0.955503 0.809163 0.955329 0.808315 0.954953 0.808452 0.953103 0.807579 0.949850 0.806414 0.947285 0.804134 0.946738 0.803405 0.946096 0.802036 0.945893 0.800762 0.946267 0.799259 0.947071 0.798245 0.948054 0.797561 0.948796 0.797290 0.951105 0.797290 0.953414 0.797575 0.954798 0.798017 0.955337 0.798566 0.955696 0.798701 0.956499 0.799886 0.956926 0.800969 0.957301 0.802529 0.957258 0.803629 0.957992 0.803959 0.958391 0.803903 0.958872 0.803262 0.959614 0.802991 0.960383 0.802934 0.961923 0.802934 0.962879 0.803262 0.963810 0.804390 0.964596 0.806179 0.965307 0.807126 0.965510 0.808401
0 0.957756 0.774975 0.955150 0.771824 0.953514 0.766411 0.953150 0.763502 0.953756 0.762048 0.957998 0.763502 0.958846 0.765441 0.959331 0.768350 0.961816 0.769723 0.959271 0.774813
0 0.952461 0.754292 0.952461 0.753484 0.952197 0.752090 0.951590 0.751280 0.950545 0.750848 0.949696 0.750848 0.948651 0.751199 0.947621 0.751926 0.947074 0.752656 0.946711 0.753302 0.946226 0.754676 0.945281 0.755936 0.944157 0.756660 0.942713 0.757097 0.942166 0.757826 0.941984 0.758554 0.941781 0.759543 0.941781 0.760351 0.941984 0.761341 0.942531 0.762070 0.943273 0.762341 0.944492 0.761779 0.944590 0.761301 0.945197 0.760491 0.946848 0.759977 0.947818 0.759977 0.948560 0.760248 0.949234 0.761165 0.950181 0.761614 0.950984 0.761343 0.951773 0.760452 0.951955 0.759967 0.952219 0.758493 0.952400 0.754587
0 0.972467 0.749918 0.972423 0.748867 0.972176 0.747702 0.970884 0.745863 0.967469 0.744774 0.966554 0.745101 0.965625 0.744792 0.959375 0.752083 0.959375 0.752336 0.959082 0.752726 0.958879 0.753716 0.958923 0.754534 0.959214 0.755815 0.959931 0.756830 0.960156 0.758333 0.960938 0.758333 0.962654 0.759249 0.963288 0.760547 0.963967 0.761452 0.964884 0.761723 0.965714 0.761393 0.967970 0.758444 0.968320 0.757743 0.968750 0.757292 0.968750 0.756878 0.969810 0.754472 0.971957 0.751609 0.972264 0.750908
0 0.876827 0.821884 0.876702 0.821269 0.876366 0.820821 0.875905 0.820654 0.875189 0.820821 0.874896 0.821128 0.874171 0.821330 0.872999 0.822456 0.870145 0.826190 0.869063 0.828311 0.868937 0.828926 0.869063 0.830389 0.869590 0.831176 0.870751 0.831513 0.871387 0.831513 0.872405 0.831344 0.873311 0.830837 0.874411 0.829201 0.875173 0.825956 0.875333 0.824324 0.876702 0.822498
0 0.875864 0.778560 0.875739 0.777087 0.875338 0.776553 0.873921 0.775264 0.872395 0.774710 0.871280 0.773890 0.870819 0.773723 0.870294 0.773890 0.869958 0.774338 0.869833 0.774953 0.869958 0.775653 0.870874 0.776874 0.871453 0.777132 0.871862 0.777533 0.870225 0.779574 0.868571 0.782883 0.867399 0.784784 0.866556 0.785568 0.864536 0.786651 0.863671 0.787719 0.863468 0.788709 0.863671 0.789953 0.864981 0.791870 0.865427 0.792209 0.866741 0.792735 0.867378 0.792735 0.868884 0.792124 0.870894 0.789444 0.871505 0.788324 0.872702 0.787203 0.873949 0.785626 0.874776 0.783929 0.875349 0.782062 0.875552 0.781073 0.875552 0.779768 0.875864 0.778560
0 0.913362 0.701981 0.912813 0.703916 0.911911 0.705181 0.911581 0.705433 0.911120 0.705600 0.910329 0.705433 0.909663 0.704545 0.909488 0.704065 0.909091 0.704952 0.909030 0.705964 0.909361 0.706493 0.909486 0.707194 0.909361 0.707809 0.909025 0.708257 0.907847 0.708598 0.906281 0.708511 0.905429 0.708257 0.905028 0.707722 0.904707 0.706064 0.904833 0.705450 0.905364 0.704828 0.906865 0.703650 0.905225 0.698549 0.904590 0.699127 0.903999 0.699295 0.903212 0.698954 0.902876 0.698506 0.902686 0.696587 0.902876 0.695451 0.903277 0.694829 0.903906 0.694522 0.903906 0.690876 0.903794 0.690066 0.903906 0.688542 0.904283 0.688793 0.904712 0.688221 0.905434 0.688054 0.905895 0.688221 0.906351 0.688655 0.907078 0.689712 0.907510 0.690625 0.907813 0.690625 0.909375 0.693750 0.910156 0.694792 0.911367 0.698020 0.912100 0.698842 0.913190 0.700801 0.913363 0.701981
0 0.948543 0.697643 0.948293 0.695647 0.947491 0.694139 0.946567 0.693032 0.945542 0.692698 0.945023 0.692698 0.943810 0.693158 0.942866 0.693724 0.941894 0.694643 0.938717 0.697056 0.937274 0.698728 0.936803 0.699545 0.936567 0.700363 0.936175 0.702547 0.936175 0.703553 0.936317 0.705187 0.936708 0.706994 0.937038 0.707812 0.937915 0.708918 0.938893 0.709315 0.939742 0.709377 0.940909 0.708855 0.943501 0.704833 0.944162 0.704014 0.946190 0.702568 0.947133 0.701625 0.947868 0.700582 0.948340 0.698632
0 0.999972 0.690287 0.999894 0.666815 0.995852 0.665425 0.994370 0.664691 0.992798 0.664242 0.991451 0.664242 0.990733 0.664449 0.988655 0.664615 0.988527 0.666417 0.988309 0.666889 0.987938 0.668776 0.987447 0.672444 0.987554 0.673043 0.987442 0.673616 0.987442 0.675912 0.987610 0.677833 0.987554 0.682382 0.993921 0.689030 0.999658 0.691754
0 0.921394 0.553221 0.917529 0.549570 0.914307 0.548711 0.913260 0.555154 0.912938 0.548067 0.910200 0.544953 0.905368 0.542376 0.900777 0.542805 0.902227 0.549033 0.903999 0.553865 0.907864 0.561704 0.907542 0.564603 0.906415 0.565784 0.906495 0.569113 0.911408 0.572120 0.914307 0.571905 0.915998 0.570080 0.920508 0.562026
0 0.927155 0.541036 0.927059 0.539630 0.926280 0.536595 0.925446 0.535482 0.924871 0.534971 0.924129 0.534700 0.920773 0.535339 0.919360 0.535866 0.918017 0.536633 0.916416 0.538384 0.916213 0.539374 0.916213 0.540525 0.916596 0.543549 0.916500 0.547300 0.916703 0.548289 0.917250 0.549018 0.917993 0.549289 0.919022 0.549018 0.919310 0.548763 0.919857 0.548034 0.920449 0.546860 0.922211 0.546733 0.923624 0.546206 0.924775 0.545439 0.926185 0.543687 0.926952 0.542026
0 0.881219 0.625628 0.879817 0.627370 0.879685 0.627801 0.878659 0.629170 0.878176 0.629599 0.877229 0.632100 0.876617 0.634960 0.875975 0.635817 0.875041 0.636088 0.874298 0.635817 0.873368 0.634704 0.871834 0.632276 0.870779 0.630486 0.870300 0.629336 0.870001 0.627451 0.870001 0.626173 0.870684 0.622754 0.871056 0.622002 0.871056 0.621395 0.870980 0.621294 0.869959 0.621515 0.869217 0.621244 0.868670 0.620515 0.868371 0.619014 0.868574 0.617641 0.868958 0.616746 0.870080 0.615122 0.872189 0.612949 0.873039 0.612709 0.873416 0.612847 0.874274 0.612422 0.875016 0.612693 0.877480 0.615979 0.878343 0.617257 0.878535 0.617769 0.879618 0.618829 0.880740 0.620326 0.881123 0.621092 0.881518 0.623360 0.881482 0.624175 0.881760 0.624546
0 0.846716 0.632948 0.846513 0.631831 0.845870 0.630974 0.844491 0.630158 0.843281 0.628417 0.841841 0.627359 0.841719 0.626973 0.840980 0.625988 0.840238 0.625717 0.839542 0.626230 0.838679 0.627380 0.837049 0.628403 0.834940 0.630065 0.834198 0.630336 0.833859 0.630282 0.832209 0.631357 0.831662 0.632086 0.831459 0.633076 0.831555 0.634226 0.832142 0.636750 0.832813 0.638284 0.833935 0.639652 0.835565 0.641058 0.835961 0.641203 0.837195 0.642848 0.838441 0.644126 0.839436 0.644686 0.840359 0.645788 0.841101 0.646059 0.842131 0.645788 0.842965 0.644676 0.843360 0.642919 0.843360 0.641597 0.843552 0.640402 0.844439 0.636574 0.844839 0.635843 0.845390 0.635434 0.846513 0.633938
0 0.832143 0.636527 0.831940 0.635410 0.831393 0.634681 0.829117 0.633899 0.826840 0.634809 0.826198 0.635666 0.825910 0.636688 0.825707 0.637678 0.825707 0.638621 0.825526 0.638861 0.825132 0.640618 0.825132 0.642024 0.825263 0.642664 0.825036 0.643686 0.825036 0.645348 0.825239 0.646337 0.825977 0.647322 0.828062 0.647976 0.829021 0.647976 0.829763 0.647706 0.830310 0.646976 0.830896 0.644197 0.831280 0.639635 0.831533 0.638443 0.831940 0.637517
0 0.870534 0.630903 0.865261 0.640107 0.860947 0.644069 0.859701 0.644197 0.855386 0.633843 0.861426 0.633971 0.866795 0.631925 0.867275 0.628857 0.870534 0.628729
0 0.889284 0.606614 0.889081 0.605497 0.888534 0.604768 0.888296 0.604681 0.888122 0.603835 0.887575 0.603106 0.887327 0.603015 0.887259 0.602685 0.886433 0.601454 0.886013 0.600511 0.882877 0.595819 0.881439 0.594797 0.880697 0.594526 0.879067 0.594526 0.877750 0.595052 0.876915 0.596293 0.876712 0.597283 0.876712 0.598561 0.877107 0.600062 0.878421 0.601941 0.879408 0.603002 0.880175 0.604536 0.881393 0.606032 0.882963 0.606975 0.884174 0.608205 0.885779 0.608860 0.887217 0.608860 0.887959 0.608589 0.888534 0.608333 0.889081 0.607604
0 0.794547 0.669519 0.794422 0.668839 0.793285 0.667714 0.792600 0.666539 0.792444 0.666006 0.792493 0.664823 0.792188 0.663542 0.791424 0.663202 0.791199 0.663266 0.788281 0.659375 0.787500 0.659375 0.781317 0.654795 0.781218 0.654310 0.780882 0.653862 0.780361 0.653555 0.779911 0.652956 0.778092 0.652272 0.777146 0.652439 0.776175 0.653215 0.775839 0.653663 0.775512 0.655523 0.774577 0.657286 0.773413 0.660780 0.773287 0.661395 0.773314 0.662821 0.772586 0.663792 0.771915 0.664431 0.769962 0.665129 0.769578 0.665129 0.767625 0.664431 0.767111 0.663746 0.766406 0.665625 0.766406 0.666667 0.767969 0.669792 0.776318 0.670709 0.777440 0.670308 0.778303 0.670308 0.780256 0.671006 0.783032 0.674707 0.783280 0.674376 0.783741 0.672401 0.785650 0.669855 0.786608 0.669216 0.787663 0.667810 0.789205 0.667259 0.790229 0.668690 0.791159 0.669668 0.792431 0.670581 0.793087 0.670813 0.794037 0.670646 0.794422 0.670133 0.794547 0.669519
0 0.784609 0.690594 0.784558 0.689376 0.784382 0.688626 0.783945 0.688043 0.783581 0.687911 0.781920 0.680059 0.781744 0.678612 0.781306 0.677962 0.780642 0.677727 0.779678 0.677727 0.779217 0.677894 0.778881 0.678342 0.778756 0.678956 0.779027 0.680039 0.778851 0.680856 0.778515 0.681304 0.777344 0.681742 0.776193 0.681742 0.775018 0.683309 0.774866 0.686083 0.774944 0.686529 0.775369 0.687366 0.779226 0.690749 0.779703 0.691440 0.780545 0.692035 0.780964 0.692708 0.783594 0.692708 0.784375 0.691667 0.784609 0.690594
0 0.720130 0.710268 0.719774 0.707522 0.718868 0.704216 0.717892 0.701887 0.716659 0.700244 0.716345 0.698935 0.715398 0.697983 0.714844 0.696875 0.713715 0.696772 0.712626 0.696101 0.711138 0.695454 0.709036 0.695386 0.707031 0.694792 0.706695 0.695688 0.706054 0.695895 0.705564 0.696480 0.705438 0.697095 0.705550 0.698741 0.705469 0.698958 0.706250 0.700000 0.712500 0.706250 0.713281 0.707292 0.715461 0.710924 0.716633 0.711443 0.717301 0.711991 0.718906 0.714063 0.719408 0.714078 0.719730 0.713961 0.719770 0.713761 0.720079 0.710519
0 0.706004 0.722114 0.705916 0.721111 0.705614 0.720084 0.704924 0.719283 0.703848 0.718595 0.703125 0.716667 0.702344 0.716667 0.699219 0.713542 0.695312 0.713542 0.695312 0.716751 0.694690 0.717431 0.694564 0.718046 0.694822 0.719721 0.695530 0.721254 0.698438 0.725000 0.699489 0.725000 0.699934 0.725535 0.701633 0.725996 0.702518 0.725996 0.703509 0.725711 0.704175 0.725000 0.704688 0.725000 0.704688 0.724317 0.705189 0.723943 0.705702 0.723259 0.706004 0.722114
0 0.650781 0.615625 0.657031 0.616667 0.657813 0.617708 0.657813 0.619792 0.658594 0.620833 0.655469 0.627083 0.654687 0.628125 0.648438 0.625000 0.647656 0.623958 0.647656 0.620833 0.647656 0.619792 0.650781 0.615625
0 0.475752 0.607641 0.475752 0.606242 0.475557 0.605441 0.475221 0.604993 0.474713 0.604826 0.474219 0.604167 0.471824 0.602890 0.470953 0.602008 0.469303 0.601281 0.468142 0.601634 0.466897 0.603295 0.466267 0.605067 0.465722 0.607268 0.465792 0.608387 0.466197 0.610215 0.467093 0.611502 0.468422 0.612995 0.469233 0.613442 0.471635 0.613348 0.472941 0.613721 0.473682 0.613554 0.475207 0.611801 0.475752 0.607641
0 0.493323 0.602977 0.493323 0.601578 0.492630 0.598443 0.492083 0.597713 0.491341 0.597442 0.489576 0.597915 0.488822 0.597629 0.487773 0.597629 0.485184 0.598002 0.484092 0.598366 0.483196 0.599469 0.482993 0.600458 0.482993 0.601298 0.483755 0.604153 0.484862 0.605628 0.485422 0.606095 0.488683 0.606832 0.491201 0.606739 0.491943 0.606468 0.492700 0.605459 0.492980 0.604713 0.493253 0.603318
0 0.555380 0.659536 0.555177 0.660683 0.554898 0.661336 0.553721 0.662812 0.551629 0.663736 0.550363 0.664584 0.548851 0.665042 0.547941 0.665135 0.547199 0.664864 0.546766 0.664286 0.540625 0.663542 0.539844 0.662500 0.540625 0.658333 0.541406 0.657292 0.543254 0.657299 0.545073 0.656833 0.546795 0.656095 0.549979 0.654167 0.553497 0.654167 0.554028 0.653973 0.554688 0.654167 0.555317 0.654973 0.555520 0.655962 0.555520 0.658854
0 0.661408 0.686997 0.661011 0.685278 0.660516 0.681709 0.660218 0.680432 0.660218 0.679858 0.659623 0.677259 0.659524 0.675318 0.659722 0.674306 0.659722 0.672719 0.659321 0.670672 0.658774 0.669943 0.658032 0.669672 0.657191 0.669943 0.656247 0.671333 0.656049 0.671994 0.655108 0.673248 0.654055 0.674123 0.653638 0.674299 0.652324 0.674299 0.651525 0.673630 0.651774 0.671212 0.652341 0.669186 0.652975 0.667892 0.653277 0.666241 0.652876 0.664326 0.652578 0.663665 0.652032 0.662936 0.651289 0.662665 0.650298 0.662665 0.649556 0.662936 0.649009 0.663665 0.648806 0.664655 0.648903 0.665128 0.648574 0.665441 0.646759 0.665309 0.645737 0.664913 0.644150 0.664913 0.643159 0.665045 0.641524 0.665580 0.640977 0.666309 0.640382 0.667896 0.640179 0.668885 0.640179 0.669678 0.640581 0.671858 0.640680 0.672254 0.641524 0.673380 0.643507 0.674834 0.644249 0.675105 0.644944 0.675105 0.645668 0.674841 0.645798 0.674981 0.645831 0.677834 0.645633 0.678801 0.646133 0.680583 0.646978 0.681709 0.647573 0.682106 0.648711 0.682509 0.650893 0.682377 0.652726 0.681841 0.655195 0.680129 0.655410 0.680129 0.656044 0.681106 0.656143 0.682354 0.655802 0.682502 0.655156 0.683364 0.654953 0.684353 0.655156 0.685475 0.656496 0.687130 0.657338 0.687400 0.658080 0.687130 0.658230 0.686929 0.658528 0.687987 0.659074 0.688716 0.659916 0.688987 0.660658 0.688716 0.661205 0.687987
0 0.675091 0.664244 0.674219 0.655208 0.673438 0.654167 0.669531 0.653125 0.666406 0.657292 0.662500 0.657292 0.660464 0.660007 0.658005 0.660932 0.656725 0.661615 0.656405 0.662042 0.654687 0.662500 0.654687 0.664583 0.655637 0.665700 0.655837 0.666600 0.656384 0.667329 0.658235 0.668055 0.659772 0.668055 0.666827 0.665745 0.667189 0.667055 0.667906 0.667898 0.669929 0.668738 0.671551 0.668624 0.673488 0.667898 0.674376 0.666713 0.674888 0.665234
0 0.609910 0.630186 0.609706 0.629196 0.609160 0.628467 0.607318 0.627966 0.607201 0.627468 0.606250 0.625625 0.605617 0.624781 0.604976 0.624547 0.605469 0.616667 0.604688 0.615625 0.598437 0.613542 0.596875 0.615625 0.596875 0.618750 0.597656 0.619792 0.600280 0.624164 0.601038 0.624435 0.602161 0.625241 0.603658 0.627468 0.604522 0.628505 0.605416 0.632422 0.606344 0.632752 0.607381 0.632752 0.609073 0.632020 0.609706 0.631176
0 0.631885 0.641015 0.631682 0.640026 0.631135 0.639296 0.630249 0.639026 0.627346 0.640256 0.626762 0.640843 0.625781 0.640625 0.621094 0.642708 0.621094 0.643750 0.622656 0.646875 0.622964 0.646875 0.624034 0.648110 0.625352 0.648573 0.626792 0.648573 0.627535 0.648302 0.628802 0.646805 0.628910 0.646276 0.629666 0.645077 0.629774 0.644548 0.630271 0.644078 0.630962 0.643157 0.631041 0.642768 0.631682 0.642005
0 0.639763 0.619607 0.639763 0.617399 0.639485 0.616108 0.639302 0.615864 0.639491 0.614604 0.638458 0.614305 0.635919 0.614405 0.634341 0.614942 0.633245 0.616358 0.634026 0.619792 0.634807 0.619792 0.636597 0.620388 0.636681 0.620798 0.637228 0.621527 0.637970 0.621798 0.638863 0.621527 0.639560 0.620597
0 0.623425 0.582162 0.623222 0.581172 0.622675 0.580443 0.621933 0.580172 0.621307 0.580373 0.618168 0.580172 0.617426 0.580443 0.617144 0.580819 0.615845 0.581246 0.614846 0.582678 0.614643 0.583668 0.614643 0.584571 0.615298 0.587669 0.616126 0.589576 0.616824 0.590506 0.617566 0.590777 0.618910 0.590205 0.619909 0.588874 0.620991 0.586326 0.623222 0.583152
0 0.569313 0.458248 0.577126 0.460331 0.577907 0.460331 0.580251 0.465539 0.580251 0.466581 0.577907 0.468664 0.577126 0.469706 0.574001 0.469706 0.573220 0.470748 0.570095 0.470748 0.569313 0.470748 0.566188 0.468664 0.565407 0.468664 0.564626 0.467623 0.563845 0.466581 0.563845 0.463456 0.563845 0.462414 0.569313 0.458248
0 0.414844 0.596875 0.418750 0.600000 0.419531 0.601042 0.420312 0.605208 0.420312 0.606250 0.417187 0.606250 0.416406 0.606250 0.414062 0.604167 0.413281 0.603125 0.413281 0.598958 0.413281 0.597917 0.414844 0.596875
0 0.404441 0.634850 0.404238 0.633737 0.403598 0.632883 0.402856 0.632613 0.399880 0.632737 0.399138 0.633007 0.398939 0.633273 0.397092 0.631982 0.395948 0.630580 0.394810 0.630580 0.392466 0.632664 0.392466 0.638832 0.394113 0.639578 0.394857 0.640198 0.395590 0.641175 0.396165 0.643529 0.396258 0.644816 0.396613 0.646011 0.397089 0.647017 0.399073 0.648794 0.400279 0.649330 0.400279 0.648289 0.403404 0.639955 0.403404 0.638067 0.403866 0.637079 0.404238 0.635840
0 0.366221 0.641597 0.365962 0.640231 0.365415 0.639502 0.364995 0.639349 0.364844 0.638542 0.364063 0.638542 0.358594 0.637500 0.356250 0.639583 0.356250 0.640625 0.356417 0.641741 0.356155 0.642264 0.355895 0.643480 0.355895 0.644158 0.356155 0.645373 0.356701 0.646102 0.357849 0.647180 0.358301 0.648461 0.359130 0.649717 0.360268 0.650214 0.361679 0.650063 0.363269 0.649491 0.364737 0.648738 0.365454 0.647783 0.365657 0.646793 0.365487 0.644118 0.365625 0.643488 0.365905 0.643114 0.366165 0.641873
0 0.385534 0.638052 0.385521 0.636945 0.385156 0.636458 0.384923 0.635216 0.383736 0.633831 0.382897 0.632331 0.382225 0.631969 0.380916 0.630639 0.379517 0.630639 0.377732 0.631096 0.376938 0.632307 0.376299 0.634089 0.376169 0.634901 0.376169 0.638221 0.377158 0.638752 0.377540 0.639262 0.379063 0.640203 0.380671 0.642075 0.381291 0.642408 0.381347 0.642682 0.385156 0.641667 0.385156 0.640625 0.385477 0.639341 0.385477 0.638331
0 0.394095 0.657266 0.387062 0.640326 0.387175 0.636998 0.396591 0.646527 0.396818 0.646981 0.397725 0.650913 0.396591 0.658476
0 0.365625 0.510417 0.368750 0.510417 0.369531 0.510417 0.372656 0.512500 0.373437 0.513542 0.373437 0.517708 0.373437 0.518750 0.369531 0.526042 0.368750 0.527083 0.364844 0.518750 0.364063 0.517708 0.364063 0.513542 0.364063 0.512500 0.365625 0.510417
0 0.385937 0.507292 0.385937 0.502083 0.385156 0.501042 0.383594 0.495833 0.382812 0.494792 0.379688 0.493750 0.377812 0.496751 0.377588 0.497624 0.376746 0.499268 0.376319 0.502051 0.376124 0.502572 0.375577 0.503301 0.375186 0.503691 0.374151 0.504092 0.372198 0.504223 0.371122 0.504092 0.370312 0.506250 0.370312 0.507292 0.375781 0.514583 0.376563 0.514583 0.381250 0.513542
0 0.325536 0.533443 0.324840 0.534410 0.324520 0.534527 0.324268 0.534863 0.324007 0.534747 0.323529 0.534865 0.322437 0.535419 0.321279 0.535148 0.320515 0.534619 0.320607 0.532322 0.320331 0.531094 0.320331 0.529924 0.320187 0.529226 0.320362 0.529276 0.320362 0.528613 0.329737 0.519238 0.332862 0.520280 0.333643 0.520280 0.334424 0.525488 0.334424 0.526530
0 0.312142 0.579599 0.311719 0.573958 0.304688 0.562500 0.301508 0.561652 0.298773 0.564420 0.298394 0.565805 0.297444 0.566952 0.299547 0.569757 0.300080 0.571845 0.299712 0.574811 0.299165 0.575541 0.297764 0.575811 0.295559 0.574676 0.292986 0.575152 0.290089 0.573834 0.290625 0.578125 0.291093 0.578862 0.293399 0.579352 0.295870 0.581549 0.297899 0.584475 0.298432 0.586782 0.298242 0.590127 0.299219 0.591667 0.306059 0.591667 0.310581 0.584997 0.312126 0.579642
0 0.298438 0.573958 0.298438 0.572917 0.297656 0.565625 0.296875 0.564583 0.289844 0.560417 0.289226 0.568654 0.289857 0.569414 0.291081 0.574087 0.292411 0.574258 0.295593 0.573937 0.296377 0.574264
0 0.223596 0.019679 0.222846 0.017961 0.218113 0.015251 0.216872 0.015522 0.214844 0.018750 0.215625 0.019792 0.215625 0.022917 0.216406 0.023958 0.217755 0.024558 0.219034 0.026941 0.220275 0.027433 0.221183 0.027162 0.222229 0.025990 0.223393 0.020669
0 0.229687 0.060417 0.228906 0.059375 0.228584 0.057872 0.228584 0.053301 0.229249 0.047170 0.229046 0.046181 0.227757 0.045181 0.226849 0.045451 0.224916 0.048250 0.218369 0.053654 0.216491 0.055935 0.215956 0.057590 0.216122 0.060251 0.216824 0.062349 0.218369 0.064851 0.221362 0.067290 0.225685 0.069507 0.227092 0.069778 0.228381 0.068778 0.228418 0.066512 0.228906 0.065625
0 0.177814 0.114935 0.177611 0.113380 0.176922 0.112462 0.176180 0.112191 0.174908 0.112191 0.174165 0.112462 0.173824 0.112758 0.173437 0.112500 0.170313 0.114583 0.170313 0.116657 0.170084 0.116962 0.169881 0.117951 0.170084 0.119318 0.171338 0.121178 0.172363 0.121638 0.173246 0.121367 0.173934 0.120449 0.174041 0.119930 0.174660 0.119104 0.175933 0.117973 0.176480 0.117244 0.176632 0.116811 0.177064 0.116654 0.177611 0.115924
0 0.229987 0.113615 0.229784 0.112626 0.229237 0.111897 0.228495 0.111626 0.226891 0.111626 0.225243 0.111060 0.223369 0.111519 0.222804 0.111897 0.222257 0.112626 0.222054 0.113615 0.222069 0.114820 0.220995 0.115553 0.219835 0.116044 0.219005 0.117150 0.218896 0.117682 0.218491 0.117175 0.217360 0.116421 0.216618 0.116150 0.215628 0.116150 0.214179 0.116798 0.213208 0.118093 0.213005 0.119683 0.212501 0.120544 0.212218 0.121863 0.212015 0.122853 0.212015 0.123607 0.212642 0.126482 0.214320 0.128531 0.215062 0.128801 0.217608 0.128801 0.218350 0.128531 0.219764 0.127776 0.221124 0.126339 0.221725 0.125916 0.223214 0.125219 0.223996 0.125219 0.224925 0.125891 0.225667 0.126162 0.226656 0.126162 0.227399 0.125891 0.228087 0.124974 0.228290 0.123984 0.228087 0.122617 0.227540 0.121888 0.226798 0.121617 0.225759 0.121617 0.223378 0.120863 0.221941 0.119324 0.222909 0.118681 0.224147 0.118350 0.224518 0.117856 0.224995 0.117596 0.225366 0.117102 0.226771 0.115982 0.227315 0.115793 0.228353 0.115793 0.229095 0.115523 0.229784 0.114605
0 0.233093 0.094952 0.233093 0.094386 0.232826 0.093206 0.232507 0.092781 0.232402 0.092263 0.231925 0.091627 0.231464 0.091460 0.230720 0.091627 0.230243 0.092263 0.230117 0.093372 0.227892 0.094455 0.227274 0.095468 0.227115 0.096871 0.226771 0.095411 0.226064 0.094091 0.225181 0.092914 0.223829 0.092487 0.222618 0.092914 0.221735 0.094091 0.221414 0.095706 0.221273 0.099183 0.221119 0.099815 0.220887 0.100124 0.220566 0.101739 0.220566 0.104001 0.221028 0.105992 0.222194 0.107547 0.223687 0.108162 0.224898 0.107735 0.225922 0.106369 0.226243 0.104245 0.226629 0.103542 0.226983 0.101699 0.227363 0.101837 0.227840 0.101648 0.228495 0.101648 0.229380 0.101293 0.230423 0.100091 0.230548 0.099476 0.230548 0.097214 0.230297 0.096300 0.230688 0.095778 0.230907 0.095698 0.231144 0.096014 0.231605 0.096181 0.232632 0.096014 0.232968 0.095566 0.233093 0.094952
0 0.277296 0.166474 0.277171 0.165763 0.276810 0.165186 0.275392 0.163680 0.274204 0.163032 0.273300 0.162334 0.271757 0.161782 0.271390 0.161889 0.268750 0.159375 0.268750 0.155165 0.269116 0.155033 0.269452 0.154585 0.269623 0.153587 0.269989 0.152960 0.270163 0.152771 0.271156 0.152507 0.273921 0.152410 0.274382 0.152243 0.274790 0.151699 0.274916 0.151085 0.273677 0.150801 0.272017 0.150031 0.270371 0.147643 0.269160 0.147643 0.268699 0.147810 0.267353 0.149508 0.267133 0.150000 0.265625 0.150000 0.262500 0.154167 0.262500 0.160417 0.263281 0.161458 0.264062 0.163542 0.266256 0.166466 0.266343 0.167281 0.266751 0.167825 0.267256 0.168114 0.268222 0.168281 0.268900 0.168017 0.269524 0.167281 0.269650 0.166633 0.269972 0.166202 0.272158 0.165838 0.273172 0.166286 0.274542 0.167440 0.275292 0.167800 0.276835 0.167537 0.277171 0.167089 0.277296 0.166474
0 0.272656 0.476042 0.275781 0.476042 0.276562 0.476042 0.280469 0.482292 0.281250 0.483333 0.284375 0.485417 0.285156 0.486458 0.286719 0.498958 0.285938 0.500000 0.280469 0.497917 0.279687 0.497917 0.274219 0.491667 0.273438 0.490625 0.271875 0.483333 0.271094 0.482292 0.271094 0.478125 0.271094 0.477083 0.272656 0.476042
0 0.342387 0.462841 0.341870 0.461691 0.341008 0.456402 0.331520 0.445132 0.326518 0.452722 0.327726 0.453642 0.329278 0.453872 0.330485 0.456402 0.328416 0.459162 0.328416 0.459852 0.331865 0.464451 0.335270 0.466133 0.336178 0.467291 0.340951 0.465744 0.341977 0.464606 0.342100 0.463061
0 0.303467 0.527355 0.303264 0.526366 0.302717 0.525637 0.301975 0.525366 0.301007 0.525561 0.301121 0.525009 0.300917 0.524019 0.300371 0.523290 0.299967 0.523142 0.299344 0.522508 0.297711 0.521700 0.297235 0.521261 0.295090 0.518205 0.293761 0.517739 0.293019 0.518009 0.292472 0.518739 0.292122 0.520511 0.292122 0.523444 0.292472 0.525216 0.293606 0.526923 0.294633 0.527705 0.296979 0.528879 0.297722 0.529149 0.298505 0.529149 0.299482 0.529541 0.301535 0.529541 0.302717 0.529074 0.303264 0.528345
0 0.268502 0.507615 0.267955 0.508344 0.267515 0.508539 0.266773 0.508810 0.265746 0.508810 0.263537 0.508148 0.262768 0.507318 0.262364 0.507171 0.261246 0.506071 0.260750 0.505802 0.258883 0.503508 0.258443 0.502530 0.257654 0.499194 0.257857 0.497813 0.258404 0.497084 0.259292 0.496813 0.260035 0.497084 0.260419 0.497597 0.260979 0.497952 0.261777 0.496888 0.263839 0.496422 0.264582 0.496693 0.265022 0.497084 0.265845 0.498378 0.266626 0.498377 0.267368 0.498648 0.268062 0.499573 0.268265 0.500563 0.268118 0.502323 0.267561 0.504763 0.267955 0.504906 0.268502 0.505636 0.268705 0.506625
0 0.428515 0.227441 0.427765 0.225722 0.426338 0.225598 0.426563 0.225000 0.422656 0.219792 0.422240 0.217740 0.421473 0.216717 0.418645 0.214455 0.417347 0.212724 0.414062 0.214583 0.409375 0.219792 0.409375 0.221116 0.408484 0.222304 0.408484 0.227299 0.409596 0.228782 0.410339 0.229053 0.411929 0.228782 0.412762 0.228048 0.416772 0.229301 0.417974 0.230184 0.425326 0.230561 0.427199 0.229913 0.428312 0.228430
0 0.295155 0.158648 0.295155 0.159243 0.294631 0.161847 0.294141 0.163319 0.293282 0.164955 0.291116 0.167679 0.289163 0.168377 0.286709 0.168377 0.284705 0.167611 0.284375 0.167708 0.283594 0.168750 0.282031 0.167708 0.281250 0.167708 0.281667 0.164372 0.282805 0.163160 0.283327 0.160564 0.284011 0.159652 0.283456 0.159369 0.283238 0.159079 0.281051 0.158224 0.279278 0.155860 0.278755 0.153256 0.278953 0.152268 0.280821 0.152019 0.283264 0.151157 0.283968 0.150710 0.285940 0.150383 0.287323 0.150383 0.289276 0.149685 0.289844 0.148958 0.294531 0.150000 0.295312 0.151042 0.295312 0.158333
0 0.307086 0.183732 0.306765 0.182117 0.306137 0.181280 0.306341 0.180254 0.306341 0.178764 0.306020 0.177150 0.305137 0.175973 0.303926 0.175545 0.302064 0.175545 0.300853 0.175973 0.299607 0.177469 0.299634 0.181653 0.299999 0.183693 0.300228 0.184495 0.300431 0.184767 0.300849 0.187015 0.300977 0.187186 0.302188 0.187613 0.303305 0.187613 0.303926 0.187448 0.305758 0.186689 0.306765 0.185346
0 0.313472 0.190480 0.312216 0.192319 0.310881 0.192747 0.309670 0.192319 0.309183 0.191670 0.308677 0.191491 0.308304 0.191160 0.306552 0.188989 0.306232 0.187209 0.306552 0.185595 0.307435 0.184418 0.308646 0.183991 0.310105 0.184583 0.310955 0.185551 0.312589 0.186074 0.313472 0.187251 0.313792 0.188865
0 0.347656 0.207292 0.343750 0.207292 0.342187 0.206250 0.341644 0.205558 0.340836 0.204959 0.339007 0.204078 0.338124 0.202901 0.337804 0.201286 0.338124 0.199671 0.339007 0.198494 0.339886 0.198185 0.340175 0.198570 0.342912 0.199716 0.347492 0.200673 0.348943 0.200673 0.349219 0.201042 0.349219 0.203125 0.350000 0.204167
0 0.409642 0.260442 0.409322 0.258827 0.408341 0.257615 0.407941 0.255964 0.405525 0.252742 0.404314 0.252314 0.402780 0.252314 0.399575 0.253355 0.399269 0.253560 0.398386 0.254737 0.398065 0.256352 0.398065 0.258192 0.398386 0.259807 0.399269 0.260984 0.400956 0.262620 0.404774 0.263865 0.407075 0.263865 0.408286 0.263438 0.409322 0.262056
0 0.409642 0.192956 0.409322 0.191341 0.407519 0.188937 0.406308 0.188510 0.397531 0.188542 0.397832 0.187025 0.397512 0.185411 0.396476 0.184029 0.394805 0.183397 0.393287 0.183824 0.392404 0.185001 0.391930 0.187434 0.391930 0.188048 0.392311 0.189742 0.392311 0.195500 0.392586 0.196021 0.395405 0.197214 0.396835 0.197508 0.398367 0.197508 0.399713 0.197099 0.401434 0.197099 0.402013 0.196894 0.403854 0.196894 0.405081 0.196690 0.406638 0.195966 0.407228 0.196174 0.408439 0.195747 0.409322 0.194570
0 0.410274 0.197396 0.416628 0.196666 0.419148 0.201486 0.422653 0.201048 0.425721 0.212296 0.424516 0.215656 0.420134 0.214925 0.419695 0.207183 0.416518 0.204846 0.416080 0.204846 0.411807 0.203385 0.411369 0.203385 0.408521 0.204992 0.405672 0.203531 0.405563 0.202509 0.408411 0.200756 0.407097 0.199295 0.406111 0.197396 0.406768 0.196812 0.408959 0.196812
0 0.518321 0.135606 0.517662 0.136485 0.516482 0.137010 0.515978 0.137533 0.515332 0.137795 0.513845 0.139179 0.513199 0.139442 0.511600 0.140527 0.510049 0.141097 0.509898 0.141212 0.509789 0.141743 0.509242 0.142472 0.508500 0.142743 0.507645 0.142472 0.506425 0.140696 0.506222 0.139706 0.506425 0.138716 0.506972 0.137987 0.509933 0.137033 0.511575 0.135143 0.512066 0.134937 0.512473 0.134395 0.513006 0.134132 0.514157 0.132898 0.514899 0.132627 0.517032 0.132627 0.517774 0.132898 0.518321 0.133627 0.518524 0.134616
0 0.513606 0.127074 0.512722 0.128402 0.511150 0.130198 0.510841 0.130311 0.509915 0.131246 0.507938 0.132115 0.507196 0.131844 0.506649 0.131115 0.506446 0.129527 0.507098 0.126591 0.508319 0.124814 0.509061 0.124544 0.509728 0.124582 0.510115 0.124066 0.511755 0.123645 0.512722 0.124066 0.513606 0.125094 0.513809 0.126084
0 0.521668 0.106025 0.521465 0.105036 0.520918 0.104307 0.519165 0.103736 0.517413 0.104307 0.516964 0.104606 0.516080 0.105784 0.515907 0.106626 0.515625 0.106250 0.514707 0.106027 0.514504 0.105036 0.513957 0.104307 0.511419 0.103287 0.509847 0.103287 0.507196 0.104456 0.505624 0.105803 0.504853 0.106832 0.504040 0.109509 0.502369 0.110893 0.501822 0.111622 0.501619 0.112612 0.501822 0.113751 0.502369 0.114480 0.503111 0.114751 0.506030 0.114601 0.506772 0.114331 0.506971 0.114065 0.508163 0.113915 0.510184 0.114065 0.511375 0.114635 0.511846 0.115263 0.512878 0.115412 0.514860 0.116011 0.516134 0.116161 0.516876 0.116432 0.517211 0.116878 0.517648 0.116146 0.517963 0.114707 0.518188 0.112312 0.518251 0.109952 0.518785 0.109241 0.520918 0.107744 0.521465 0.107015
0 0.540873 0.100481 0.540670 0.099262 0.539868 0.097734 0.539321 0.097005 0.539027 0.096898 0.538063 0.097124 0.536402 0.097124 0.535201 0.096548 0.534170 0.095097 0.533271 0.094909 0.530862 0.094790 0.529687 0.095833 0.529687 0.096875 0.529923 0.098448 0.530843 0.099067 0.531817 0.100213 0.532994 0.101782 0.533769 0.103763 0.534915 0.105102 0.535657 0.105372 0.537318 0.105372 0.538633 0.104872 0.539149 0.104491 0.539925 0.103456 0.540248 0.102185 0.540670 0.101470
0 0.600423 0.058521 0.600423 0.053470 0.600288 0.052207 0.599679 0.049414 0.598732 0.047429 0.598050 0.046520 0.597373 0.045978 0.596631 0.045708 0.595413 0.045708 0.594671 0.045978 0.594232 0.046564 0.593859 0.046700 0.593177 0.047790 0.592974 0.048780 0.592974 0.050764 0.593109 0.051423 0.593109 0.053831 0.593245 0.054490 0.593245 0.064176 0.593109 0.065015 0.593312 0.066005 0.593859 0.066734 0.594601 0.067005 0.595344 0.066734 0.598596 0.062577 0.598647 0.062329 0.599273 0.061495 0.599375 0.060998 0.599814 0.060413 0.600220 0.059511
0 0.574987 0.038316 0.574784 0.037327 0.574237 0.036598 0.573696 0.036237 0.571060 0.035425 0.568759 0.035425 0.568017 0.035696 0.567205 0.036417 0.565982 0.038048 0.565549 0.040611 0.562876 0.041288 0.562194 0.042198 0.561991 0.043187 0.561991 0.044270 0.562194 0.045259 0.562741 0.045988 0.563552 0.046710 0.564971 0.047342 0.567136 0.047342 0.568284 0.046890 0.569366 0.046169 0.571886 0.042990 0.573155 0.041839 0.573837 0.040930 0.574040 0.040238 0.574784 0.039306
0 0.553542 0.054099 0.552995 0.054828 0.552253 0.055099 0.551712 0.055099 0.549594 0.054377 0.548418 0.054377 0.547112 0.054738 0.545983 0.054738 0.544406 0.055279 0.543459 0.055279 0.542716 0.055008 0.542170 0.054279 0.541966 0.052929 0.542305 0.051578 0.543742 0.049662 0.543928 0.049053 0.544689 0.047858 0.545011 0.047068 0.546234 0.045618 0.547112 0.045347 0.547854 0.045618 0.550019 0.047061 0.551236 0.048324 0.552319 0.048865 0.552725 0.049226 0.553271 0.049955 0.553475 0.050944 0.553300 0.051796 0.553542 0.052119 0.553745 0.053109
0 0.562404 0.055635 0.562404 0.054913 0.561931 0.053022 0.561248 0.052112 0.560506 0.051841 0.559785 0.052104 0.558747 0.052022 0.558253 0.052202 0.554283 0.052202 0.553540 0.052473 0.552723 0.053563 0.552452 0.054284 0.551944 0.057667 0.551370 0.058975 0.551031 0.060505 0.551235 0.061495 0.551781 0.062224 0.552323 0.062585 0.555500 0.063577 0.556583 0.063577 0.557325 0.063307 0.557899 0.062442 0.558813 0.062224 0.559630 0.061134 0.559969 0.059420 0.560223 0.058901 0.561384 0.057895 0.562201 0.056624
0 0.549416 0.019194 0.549416 0.016669 0.549212 0.015679 0.549077 0.015138 0.548260 0.014048 0.547313 0.013326 0.546165 0.012875 0.544611 0.013326 0.544064 0.014056 0.543861 0.015045 0.543861 0.016669 0.544064 0.017658 0.544692 0.019038 0.539844 0.022917 0.539844 0.023958 0.538281 0.029167 0.538178 0.029838 0.538381 0.030827 0.538928 0.031556 0.539670 0.031827 0.539844 0.032292 0.540625 0.032292 0.543750 0.031250 0.548438 0.025000 0.548438 0.023958 0.549219 0.021875 0.548971 0.021545 0.549212 0.020184
0 0.487807 0.266884 0.486628 0.270028 0.485964 0.270915 0.485221 0.271186 0.484479 0.270915 0.483932 0.270186 0.483729 0.269196 0.483816 0.268618 0.483315 0.265962 0.481802 0.265998 0.479527 0.264941 0.478863 0.264055 0.478659 0.263065 0.478863 0.261447 0.479763 0.260246 0.481650 0.259146 0.482863 0.258718 0.483807 0.258718 0.484549 0.258989 0.485728 0.260246 0.486435 0.260718 0.487100 0.261604 0.487807 0.263491 0.488010 0.264480 0.488010 0.265895
0 0.497560 0.249232 0.497560 0.248289 0.497357 0.247299 0.496810 0.246570 0.496068 0.246299 0.495361 0.246299 0.493675 0.246727 0.492850 0.247356 0.491360 0.249500 0.490888 0.250443 0.490463 0.252048 0.489945 0.253273 0.489624 0.254891 0.489624 0.255677 0.489945 0.257138 0.490492 0.257867 0.491234 0.258138 0.492212 0.257867 0.492877 0.256981 0.493246 0.255860 0.494218 0.254406 0.496221 0.252051 0.497121 0.250850 0.497357 0.250221
0 0.479522 0.290104 0.479522 0.287588 0.478965 0.285027 0.478375 0.283455 0.477828 0.282726 0.477086 0.282455 0.473037 0.282455 0.471612 0.282141 0.471156 0.281690 0.471740 0.277370 0.471628 0.276667 0.472362 0.275688 0.472566 0.274698 0.472362 0.273394 0.471698 0.272508 0.470955 0.272237 0.470012 0.272237 0.469246 0.272540 0.468986 0.272193 0.468244 0.271922 0.467502 0.272193 0.466955 0.272923 0.466752 0.273912 0.466865 0.274462 0.466752 0.275012 0.467073 0.276316 0.467504 0.276892 0.467223 0.278314 0.467335 0.278860 0.466719 0.280154 0.466247 0.281726 0.465808 0.284444 0.465808 0.286016 0.466129 0.287320 0.466719 0.288106 0.466955 0.288735 0.467780 0.289993 0.469977 0.292608 0.470685 0.293080 0.473785 0.294294 0.474307 0.294294 0.475082 0.294608 0.476143 0.294608 0.477828 0.293866 0.478729 0.292665 0.478866 0.291999 0.479319 0.291093
0 0.252980 0.326379 0.252980 0.325719 0.252653 0.324399 0.251858 0.323339 0.250744 0.322679 0.250002 0.322408 0.249011 0.322408 0.245959 0.323234 0.244264 0.323234 0.243404 0.323069 0.241299 0.322408 0.241086 0.322184 0.239973 0.321748 0.238947 0.321583 0.238192 0.321131 0.237424 0.319941 0.236805 0.318621 0.236258 0.317892 0.235516 0.317621 0.234773 0.317892 0.234227 0.318621 0.234023 0.319610 0.234023 0.321261 0.234350 0.322911 0.236012 0.325291 0.237523 0.326811 0.237817 0.327699 0.239478 0.330079 0.241459 0.331399 0.242361 0.331670 0.243740 0.332424 0.245793 0.333876 0.246535 0.334146 0.247649 0.333876 0.248195 0.333146 0.248309 0.332591 0.249258 0.332225 0.250249 0.331564 0.251239 0.330574 0.252157 0.329349 0.252777 0.327368
0 0.346844 0.342649 0.346222 0.343478 0.344728 0.343950 0.342698 0.343950 0.340376 0.342877 0.339323 0.341774 0.336144 0.337435 0.335941 0.335844 0.336144 0.334854 0.336992 0.333624 0.337443 0.333323 0.339314 0.332751 0.340216 0.332651 0.342086 0.333423 0.342462 0.333724 0.344513 0.336358 0.344964 0.337261 0.345566 0.338063 0.345769 0.339052 0.345694 0.339720 0.346298 0.339941 0.346844 0.340670 0.347048 0.341659
0 0.330535 0.347065 0.330118 0.344939 0.329692 0.343375 0.329500 0.343120 0.329682 0.342233 0.329682 0.340244 0.329372 0.338828 0.328946 0.337407 0.328520 0.336696 0.327973 0.335967 0.327227 0.335399 0.324353 0.334275 0.323607 0.334275 0.322865 0.334546 0.322488 0.335049 0.321791 0.334262 0.320303 0.333565 0.318171 0.333565 0.317110 0.333978 0.315923 0.335418 0.315603 0.336412 0.315400 0.337402 0.315400 0.338112 0.315710 0.339670 0.316136 0.341234 0.317106 0.342668 0.317041 0.343305 0.316882 0.343517 0.316679 0.344507 0.316679 0.345360 0.316882 0.346349 0.318282 0.348215 0.319237 0.348628 0.319770 0.348628 0.320832 0.348215 0.321379 0.347486 0.321582 0.346497 0.321582 0.345084 0.322332 0.345800 0.323717 0.346652 0.323917 0.346918 0.324289 0.348125 0.324556 0.349760 0.325423 0.350915 0.326804 0.351470 0.327764 0.351470 0.329572 0.350915 0.330225 0.350044 0.330428 0.349054 0.330253 0.348202 0.330332 0.348055
0 0.340255 0.331817 0.339708 0.332546 0.338836 0.332817 0.337706 0.332373 0.336900 0.331385 0.336856 0.331170 0.336471 0.331683 0.335815 0.332015 0.333594 0.336458 0.332813 0.337500 0.329688 0.337500 0.327344 0.334375 0.327454 0.333204 0.328768 0.332632 0.329315 0.331903 0.329627 0.330406 0.329126 0.330400 0.327543 0.329784 0.327025 0.329352 0.326413 0.328537 0.326145 0.327029 0.326413 0.325867 0.327413 0.324706 0.328285 0.324349 0.330356 0.324263 0.331811 0.324706 0.332151 0.325117 0.331971 0.326080 0.332174 0.327069 0.332563 0.327933 0.333239 0.328834 0.333517 0.328997 0.334949 0.328123 0.334690 0.326770 0.334893 0.325608 0.335440 0.324879 0.336182 0.324608 0.337054 0.324965 0.337601 0.325694 0.338507 0.327766 0.339336 0.328957 0.339708 0.329108 0.340255 0.329837 0.340458 0.330827
0 0.174582 0.405603 0.174251 0.404099 0.173447 0.403028 0.172927 0.402838 0.172635 0.401539 0.172186 0.400427 0.171030 0.395803 0.170805 0.394133 0.170057 0.391217 0.170057 0.390131 0.169800 0.388820 0.169800 0.386936 0.169967 0.386119 0.168750 0.381250 0.167969 0.380208 0.164062 0.379167 0.161719 0.382292 0.161719 0.383333 0.162321 0.388550 0.163300 0.388985 0.163847 0.389714 0.164050 0.390704 0.164050 0.392587 0.163922 0.393272 0.163590 0.394776 0.163130 0.395561 0.163281 0.396875 0.163452 0.397078 0.163195 0.397420 0.162992 0.398410 0.163324 0.399742 0.163999 0.400643 0.165127 0.401085 0.165640 0.401085 0.166533 0.400728 0.170313 0.405208 0.171179 0.405208 0.171287 0.405736 0.172348 0.407321 0.173090 0.407592 0.173832 0.407321 0.174379 0.406592
0 0.128936 0.379136 0.128936 0.377826 0.128733 0.376836 0.127968 0.375816 0.126352 0.375399 0.125369 0.375253 0.122857 0.375253 0.120710 0.375690 0.117833 0.375836 0.116435 0.376252 0.115889 0.376982 0.115576 0.378554 0.115576 0.379282 0.115889 0.380708 0.116872 0.382166 0.120367 0.383767 0.122529 0.384475 0.124502 0.384475 0.124735 0.385514 0.125828 0.386971 0.126571 0.387242 0.127422 0.386971 0.127969 0.386242 0.128390 0.383942 0.128281 0.381020 0.128733 0.380126
0 0.135812 0.414974 0.135812 0.412547 0.135219 0.410170 0.134412 0.409094 0.133696 0.408833 0.132592 0.407361 0.131849 0.407090 0.130765 0.407090 0.130289 0.406917 0.127689 0.406917 0.126686 0.407361 0.126140 0.408090 0.125936 0.409080 0.125936 0.409946 0.126530 0.412843 0.127597 0.414439 0.129417 0.416346 0.130400 0.416617 0.132500 0.417657 0.133540 0.417657 0.134802 0.417039 0.135609 0.415964
0 0.104216 0.426589 0.104216 0.422949 0.104013 0.421959 0.103466 0.421230 0.102464 0.420959 0.101202 0.421403 0.099772 0.422617 0.097795 0.425080 0.097405 0.425773 0.097145 0.426640 0.096941 0.427629 0.096941 0.429016 0.097145 0.430006 0.098602 0.431775 0.100384 0.432566 0.101294 0.432566 0.102036 0.432295 0.102713 0.431393 0.102916 0.430403 0.102864 0.430151 0.103623 0.428966 0.104013 0.427579
0 0.133919 0.399147 0.133372 0.399876 0.131979 0.400494 0.130530 0.399974 0.129769 0.399974 0.127987 0.399356 0.127440 0.398627 0.127237 0.397638 0.127440 0.396648 0.128170 0.395852 0.128772 0.394698 0.128797 0.390356 0.129000 0.389367 0.130327 0.387771 0.131329 0.387500 0.132072 0.387771 0.132618 0.388500 0.132822 0.389489 0.132691 0.391283 0.132951 0.394403 0.133212 0.395879 0.133919 0.397168 0.134122 0.398158
0 0.015042 0.464771 0.015042 0.463577 0.014727 0.461692 0.014391 0.460648 0.014035 0.460172 0.014035 0.458775 0.014370 0.457459 0.014370 0.455668 0.013943 0.453783 0.013434 0.453104 0.013281 0.452083 0.005469 0.452083 0.000000 0.454167 0.000000 0.465625 0.000781 0.465625 0.002994 0.464150 0.003812 0.464522 0.005418 0.464522 0.006834 0.464821 0.008737 0.465567 0.009507 0.465670 0.009674 0.465893 0.011325 0.466752 0.012024 0.467385 0.012766 0.467656 0.013732 0.467385 0.014839 0.465761
0 0.041876 0.390965 0.041780 0.389569 0.041577 0.388579 0.040935 0.387723 0.040625 0.387553 0.039844 0.386458 0.037500 0.385417 0.028125 0.385417 0.026562 0.388542 0.027344 0.389583 0.027344 0.391667 0.028125 0.391667 0.034748 0.393138 0.035073 0.393445 0.036196 0.393843 0.037148 0.393843 0.037890 0.393572 0.038890 0.392574 0.040098 0.393081 0.041126 0.392684 0.041673 0.391954
0 0.064062 0.371875 0.064062 0.370833 0.061719 0.367708 0.054688 0.367708 0.050000 0.376042 0.050000 0.377083 0.049593 0.378439 0.048864 0.378883 0.047864 0.380216 0.047736 0.380840 0.047411 0.381274 0.047208 0.382414 0.047411 0.383404 0.047958 0.384133 0.049493 0.384706 0.050739 0.384706 0.051481 0.384435 0.053068 0.382924 0.054692 0.380607 0.056922 0.379921 0.057475 0.380658 0.058495 0.381565 0.059237 0.381836 0.060319 0.381565 0.061319 0.380231 0.062339 0.377059 0.062542 0.376064 0.063132 0.374793 0.063562 0.372676
0 0.018344 0.433312 0.018141 0.432323 0.017594 0.431593 0.017283 0.431480 0.017178 0.431038 0.016631 0.430309 0.015889 0.430038 0.015026 0.430309 0.014183 0.431112 0.012431 0.433447 0.010986 0.436980 0.010625 0.438425 0.010301 0.440057 0.010301 0.443912 0.010421 0.445197 0.010745 0.446668 0.011136 0.447189 0.011227 0.447632 0.011774 0.448361 0.012516 0.448632 0.013258 0.448361 0.014176 0.447297 0.014824 0.446915 0.015576 0.446073 0.015908 0.445952 0.016455 0.445223 0.016658 0.444233 0.016658 0.440163 0.016778 0.439199 0.018141 0.434302
0 0.033882 0.446000 0.033679 0.444849 0.033132 0.444120 0.032390 0.443849 0.031468 0.444171 0.029735 0.443862 0.029114 0.443301 0.027712 0.441069 0.026849 0.440798 0.026107 0.441069 0.025560 0.441798 0.025357 0.442788 0.025357 0.443751 0.025699 0.445086 0.023819 0.445726 0.022308 0.447901 0.022105 0.448890 0.022105 0.449533 0.022308 0.450522 0.025505 0.454464 0.025866 0.454785 0.026609 0.455056 0.027090 0.455056 0.027832 0.454785 0.028178 0.454484 0.029278 0.454142 0.029825 0.453413 0.030028 0.452424 0.030028 0.451621 0.029825 0.450631 0.029289 0.449434 0.031065 0.449435 0.032169 0.449003 0.032410 0.448842 0.032956 0.448113 0.033030 0.447756 0.033679 0.446989
0 0.073776 0.648866 0.073573 0.647876 0.073026 0.647147 0.072284 0.646876 0.071653 0.646876 0.070542 0.646489 0.068460 0.646489 0.063669 0.645522 0.060833 0.644244 0.060252 0.643857 0.059962 0.643470 0.059178 0.643199 0.058800 0.642696 0.058058 0.642425 0.057171 0.642696 0.056877 0.643087 0.054688 0.639583 0.053906 0.639583 0.046875 0.633333 0.046094 0.632292 0.043750 0.628125 0.042969 0.628125 0.033594 0.626042 0.032813 0.625000 0.030469 0.622917 0.026562 0.622917 0.027344 0.630208 0.033594 0.637500 0.036719 0.637500 0.037500 0.638542 0.056250 0.647917 0.057928 0.647917 0.059379 0.648573 0.063281 0.651042 0.064062 0.651042 0.065487 0.650662 0.068414 0.650662 0.069671 0.651049 0.072139 0.651049 0.072881 0.650778 0.073573 0.649855
0 0.052820 0.618433 0.052168 0.619302 0.049641 0.620412 0.047850 0.619862 0.046065 0.618602 0.044089 0.616667 0.043750 0.616667 0.039062 0.612500 0.038281 0.612500 0.036270 0.609483 0.034393 0.607097 0.032945 0.604495 0.031250 0.602083 0.031250 0.601367 0.030955 0.600694 0.029984 0.599260 0.029781 0.598270 0.029984 0.597281 0.030531 0.596552 0.031378 0.596281 0.032121 0.596552 0.032363 0.596875 0.033594 0.596875 0.046094 0.608333 0.046875 0.608333 0.048998 0.613996 0.049222 0.613914 0.049964 0.614185 0.050685 0.615006 0.052273 0.615724 0.052820 0.616454 0.053023 0.617443
0 0.114846 0.618639 0.114210 0.619487 0.113195 0.620365 0.112068 0.621749 0.111326 0.622019 0.109898 0.622019 0.107907 0.621424 0.107032 0.621323 0.106535 0.621987 0.105346 0.622257 0.104604 0.621987 0.103712 0.621392 0.102897 0.620305 0.102512 0.618187 0.103054 0.617821 0.103869 0.616735 0.104072 0.615746 0.103869 0.614399 0.103043 0.613061 0.102976 0.612733 0.102117 0.611707 0.101905 0.611067 0.099714 0.607788 0.097656 0.603125 0.096875 0.602083 0.097656 0.598958 0.102344 0.600000 0.103125 0.601042 0.110156 0.601042 0.110937 0.605208 0.110937 0.606250 0.114062 0.612500 0.114844 0.613542 0.114844 0.616657 0.115050 0.617650
0 0.091393 0.589711 0.091303 0.590072 0.090304 0.591404 0.087237 0.594650 0.086695 0.595614 0.086514 0.596216 0.085877 0.597066 0.084954 0.597457 0.083579 0.596945 0.082671 0.595734 0.082151 0.593957 0.081768 0.593205 0.081565 0.592215 0.081768 0.590984 0.082766 0.589653 0.084988 0.588866 0.087420 0.587664 0.088368 0.586882 0.088922 0.586626 0.089362 0.586039 0.090104 0.585768 0.090846 0.586039 0.091393 0.586768 0.091596 0.587758 0.091596 0.588721
0 0.076029 0.594655 0.076029 0.591241 0.075826 0.590251 0.075490 0.589632 0.075186 0.588544 0.074383 0.587302 0.072718 0.586278 0.071976 0.586007 0.071336 0.586007 0.069697 0.586790 0.069022 0.587690 0.068819 0.588680 0.068819 0.590216 0.069022 0.591206 0.071151 0.594215 0.072352 0.596498 0.072899 0.597228 0.073641 0.597498 0.074383 0.597228 0.075826 0.595645
0 0.068859 0.604045 0.068655 0.602885 0.067853 0.601814 0.066828 0.600790 0.065627 0.600043 0.065420 0.599766 0.063909 0.599153 0.061631 0.598812 0.060585 0.598271 0.059529 0.597205 0.057763 0.596592 0.056893 0.596863 0.056346 0.597592 0.056143 0.598582 0.056143 0.600289 0.056474 0.601962 0.057149 0.602862 0.059427 0.603815 0.060671 0.604143 0.061600 0.604634 0.061374 0.604717 0.060827 0.605446 0.060624 0.606436 0.060827 0.607425 0.061374 0.608154 0.062116 0.608425 0.062987 0.608154 0.064523 0.607301 0.065345 0.606035 0.067366 0.606035 0.068109 0.605764 0.068655 0.605035
0 0.057632 0.741830 0.057632 0.745669 0.057144 0.749062 0.056598 0.749791 0.055855 0.750062 0.055113 0.749791 0.053902 0.748050 0.052194 0.744761 0.050464 0.742327 0.047143 0.738405 0.046479 0.737773 0.045910 0.737520 0.044202 0.736254 0.043655 0.735525 0.043452 0.734536 0.043655 0.733546 0.044202 0.732817 0.045637 0.732041 0.046004 0.731678 0.046691 0.731405 0.047997 0.730413 0.049632 0.728233 0.049822 0.727600 0.050296 0.726841 0.051887 0.724847 0.052629 0.724576 0.053371 0.724847 0.053918 0.725576 0.054026 0.726099 0.054488 0.726968 0.055481 0.731484 0.056006 0.732787 0.056326 0.734353 0.056765 0.735191 0.057334 0.736962 0.057727 0.739723 0.057727 0.741367
0 0.081185 0.745800 0.081089 0.743623 0.080022 0.738663 0.079445 0.737383 0.078899 0.736653 0.078156 0.736382 0.076043 0.736382 0.075301 0.736653 0.074533 0.737038 0.073506 0.738407 0.073206 0.739653 0.073206 0.741062 0.073495 0.742811 0.073495 0.743623 0.073890 0.745381 0.074060 0.745657 0.073825 0.745763 0.072911 0.745475 0.071983 0.744850 0.071067 0.743727 0.070513 0.742505 0.069197 0.740880 0.068455 0.740609 0.067713 0.740880 0.067166 0.741609 0.066974 0.742505 0.066579 0.745120 0.066099 0.747081 0.066195 0.750410 0.066590 0.752296 0.066974 0.753321 0.067521 0.754050 0.068263 0.754321 0.069320 0.754321 0.070214 0.753937 0.071348 0.754080 0.071036 0.754818 0.070595 0.755095 0.069952 0.755952 0.069749 0.756942 0.069952 0.757931 0.070499 0.758661 0.071241 0.758931 0.072079 0.758661 0.072655 0.758276 0.073328 0.757380 0.074288 0.756612 0.075699 0.754602 0.075988 0.753833 0.076948 0.752168 0.077151 0.751179 0.077170 0.749824 0.077554 0.749568 0.078409 0.748556 0.079405 0.748814 0.080147 0.748543 0.080790 0.747686 0.080982 0.746790
0 0.126854 0.771741 0.126854 0.772783 0.120604 0.773824 0.119823 0.773824 0.118260 0.770699 0.117479 0.769657 0.117479 0.768939 0.116857 0.768110 0.116537 0.766495 0.116857 0.764881 0.117740 0.763703 0.119048 0.763276 0.119759 0.763527 0.125292 0.764449 0.126073 0.764449 0.126854 0.766533 0.127635 0.767574
0 0.064306 0.704472 0.064103 0.705622 0.063320 0.707900 0.062346 0.709293 0.061635 0.709862 0.060211 0.710622 0.058900 0.710987 0.057832 0.710987 0.054883 0.709673 0.054029 0.708913 0.052984 0.707520 0.051703 0.705337 0.050778 0.703345 0.050504 0.702070 0.050707 0.700796 0.051538 0.699592 0.053745 0.697884 0.056764 0.696759 0.059825 0.696190 0.060893 0.696665 0.061462 0.696664 0.062418 0.697030 0.062702 0.697220 0.063463 0.698234 0.063721 0.699338 0.064174 0.700132 0.064449 0.701501 0.064449 0.703778
0 0.126008 0.695018 0.125886 0.692894 0.125438 0.690597 0.125000 0.689278 0.125000 0.688542 0.124487 0.687858 0.124090 0.686758 0.123661 0.686023 0.122869 0.685048 0.122127 0.684777 0.121323 0.685048 0.120930 0.685572 0.116894 0.689416 0.116061 0.689025 0.115319 0.689296 0.114772 0.690025 0.114569 0.691342 0.114895 0.692821 0.115093 0.693085 0.114844 0.693750 0.116929 0.696531 0.118076 0.698370 0.120098 0.700576 0.121637 0.701010 0.122678 0.700928 0.123420 0.700657 0.123967 0.699928 0.125131 0.697723 0.125805 0.696007
0 0.150317 0.685200 0.150114 0.684211 0.149568 0.683482 0.148825 0.683211 0.147632 0.683211 0.146639 0.683565 0.145886 0.684067 0.145251 0.684747 0.144818 0.684905 0.144390 0.685475 0.143374 0.685077 0.142827 0.684348 0.142388 0.683260 0.141934 0.681350 0.141572 0.679016 0.139063 0.675000 0.138281 0.675000 0.130469 0.668750 0.128906 0.671875 0.128906 0.677083 0.129688 0.678125 0.134375 0.692708 0.135156 0.692708 0.139844 0.693750 0.139992 0.693552 0.140789 0.693552 0.142410 0.693030 0.144356 0.691942 0.147245 0.688593 0.149505 0.687003 0.150114 0.686190
0 0.000000 0.582292 0.006250 0.584375 0.007031 0.584375 0.009375 0.587500 0.010156 0.588542 0.010156 0.595833 0.010156 0.596875 0.001563 0.614583 0.000781 0.615625 0.000000 0.582292
0 0.042969 0.643750 0.042969 0.642708 0.040121 0.641189 0.040277 0.640427 0.040074 0.639438 0.039527 0.638709 0.037794 0.637957 0.036232 0.637717 0.034967 0.637290 0.033312 0.636427 0.031871 0.634865 0.030070 0.632584 0.028967 0.632072 0.027256 0.631952 0.026462 0.632292 0.025000 0.632292 0.022331 0.635851 0.021740 0.636066 0.021193 0.636796 0.020990 0.637785 0.021283 0.639255 0.021643 0.639976 0.022640 0.641185 0.023305 0.641591 0.023721 0.642146 0.025062 0.642853 0.025703 0.643467 0.026177 0.643640 0.028906 0.646875 0.029687 0.646875 0.033661 0.645912 0.034170 0.646590 0.035452 0.646981 0.036443 0.646981 0.037320 0.646620 0.040177 0.646577 0.040625 0.646875 0.041094 0.646249 0.042049 0.645869 0.042686 0.645020 0.042861 0.643893
0 0.057257 0.656500 0.057257 0.654156 0.057054 0.653166 0.056507 0.652437 0.055630 0.652216 0.055586 0.651568 0.053724 0.654195 0.052533 0.655496 0.052208 0.656216 0.051662 0.656945 0.050919 0.657216 0.050177 0.656945 0.049630 0.656216 0.049427 0.655227 0.049630 0.654092 0.049970 0.653350 0.050079 0.652491 0.047351 0.648690 0.046699 0.647243 0.046537 0.646450 0.044531 0.645833 0.040625 0.655208 0.041406 0.656250 0.045312 0.659375 0.045312 0.660417 0.046094 0.667708 0.046875 0.668750 0.047656 0.670833 0.048438 0.670833 0.053906 0.669792 0.053906 0.668750 0.055815 0.662813 0.056614 0.661885 0.057147 0.659284 0.057147 0.657036
0 0.058514 0.693637 0.057967 0.694366 0.057765 0.694440 0.057650 0.694998 0.057103 0.695727 0.054592 0.697087 0.053535 0.697463 0.052515 0.697568 0.051380 0.697087 0.050203 0.695622 0.049360 0.695022 0.047413 0.694951 0.046043 0.694471 0.045182 0.693219 0.044979 0.691706 0.045182 0.690716 0.045886 0.689673 0.046357 0.689255 0.047570 0.688879 0.049062 0.688879 0.051887 0.689402 0.053715 0.690135 0.056177 0.690658 0.057225 0.690554 0.057967 0.690824 0.058514 0.691554 0.058717 0.692648
0 0.701453 0.393844 0.701249 0.392854 0.700703 0.392125 0.699960 0.391854 0.697656 0.391667 0.692187 0.390625 0.691867 0.390892 0.690905 0.392285 0.689036 0.395544 0.687420 0.396169 0.686416 0.397452 0.686333 0.397729 0.686130 0.399106 0.686374 0.400206 0.687004 0.401102 0.687747 0.401372 0.689284 0.401372 0.690468 0.401042 0.695312 0.401042 0.696094 0.400000 0.698438 0.397917 0.698438 0.396956 0.699373 0.396726 0.700661 0.395618 0.701249 0.394833
0 0.658594 0.204167 0.660156 0.205208 0.660937 0.205208 0.661719 0.208333 0.661719 0.209375 0.665625 0.215625 0.666406 0.216667 0.666406 0.227083 0.666406 0.228125 0.661719 0.226042 0.660937 0.226042 0.656250 0.216667 0.655469 0.215625 0.654687 0.209375 0.654687 0.208333 0.658594 0.204167
0 0.792969 0.306722 0.792969 0.301042 0.789062 0.295833 0.788281 0.295833 0.785937 0.294792 0.782031 0.295833 0.781250 0.296875 0.778906 0.301042 0.778906 0.306250 0.779156 0.306583 0.780001 0.306816 0.780890 0.308115 0.781232 0.309027 0.782034 0.312533 0.782462 0.313745 0.782796 0.314224 0.786127 0.312289 0.787666 0.311034 0.788607 0.310578 0.790830 0.308868 0.792711 0.306816
0 0.832812 0.415625 0.834375 0.415625 0.835156 0.416667 0.835156 0.425000 0.835156 0.426042 0.832812 0.434375 0.832812 0.435417 0.822656 0.451042 0.822656 0.452083 0.817187 0.456250 0.816406 0.456250 0.814063 0.452083 0.813281 0.451042 0.814063 0.440625 0.814063 0.439583 0.828125 0.418750 0.828906 0.417708 0.832812 0.415625
0 0.900000 0.423958 0.900000 0.418750 0.897656 0.414583 0.897656 0.408333 0.896875 0.407292 0.892969 0.405208 0.892969 0.397917 0.888281 0.390625 0.887500 0.390625 0.885156 0.388542 0.882031 0.388542 0.882031 0.392708 0.879687 0.396875 0.879687 0.402083 0.876563 0.406250 0.875781 0.406250 0.871094 0.401042 0.870313 0.401042 0.866406 0.398958 0.865625 0.398958 0.860938 0.402083 0.853906 0.392708 0.850781 0.392708 0.846875 0.398958 0.847656 0.400000 0.860938 0.410417 0.861719 0.410417 0.883594 0.423958 0.884375 0.423958 0.890625 0.427083 0.896094 0.426042 0.896875 0.425000
0 0.973437 0.520833 0.972656 0.519792 0.972378 0.518802 0.972894 0.518113 0.973097 0.517124 0.973097 0.516306 0.972807 0.515082 0.971841 0.513723 0.971958 0.513034 0.971755 0.512045 0.971054 0.510759 0.969455 0.508511 0.968601 0.506437 0.967812 0.504918 0.967265 0.504189 0.966564 0.503721 0.965008 0.503049 0.964253 0.502509 0.963869 0.501646 0.963409 0.501033 0.963343 0.500712 0.962796 0.499982 0.962054 0.499712 0.961616 0.499712 0.960698 0.500099 0.959889 0.501179 0.959598 0.502402 0.959801 0.503392 0.960182 0.503900 0.959801 0.505034 0.959423 0.506842 0.959335 0.509179 0.960649 0.517551 0.960562 0.520613 0.960156 0.521875 0.960156 0.522917 0.960938 0.529167 0.961719 0.530208 0.965625 0.532292 0.966406 0.531250 0.972656 0.527083 0.972656 0.526042
0 0.977105 0.455283 0.977105 0.452980 0.976720 0.451142 0.976468 0.450639 0.976286 0.448537 0.976286 0.446314 0.976083 0.445324 0.975536 0.444595 0.974794 0.444324 0.974052 0.444595 0.973904 0.444792 0.971183 0.444792 0.970295 0.445648 0.969266 0.447061 0.967187 0.450801 0.967187 0.458184 0.966847 0.459710 0.967050 0.460699 0.967597 0.461428 0.968339 0.461699 0.969081 0.461428 0.969705 0.460596 0.969870 0.459964 0.970211 0.459612 0.970692 0.459375 0.971094 0.459375 0.971875 0.458333 0.974179 0.457104 0.974232 0.457363 0.974779 0.458092 0.975521 0.458363 0.976264 0.458092 0.976810 0.457363 0.977014 0.456374 0.977014 0.455726
0 0.984378 0.504053 0.984375 0.492708 0.983594 0.491667 0.982031 0.487500 0.976562 0.496875 0.976562 0.497917 0.978906 0.506250 0.980824 0.505997 0.982718 0.506192 0.983460 0.505921 0.983985 0.505295 0.984375 0.505208 0.984375 0.504066
0 0.999945 0.494887 0.999945 0.495987 0.999741 0.496976 0.999517 0.497575 0.998970 0.498304 0.998116 0.498575 0.996656 0.498126 0.995197 0.497976 0.993556 0.497256 0.992701 0.496115 0.991873 0.495460 0.989450 0.491974 0.988295 0.490689 0.987172 0.488893 0.987087 0.488481 0.985600 0.485899 0.985397 0.484611 0.985600 0.483621 0.986259 0.482742 0.987001 0.482471 0.987900 0.482471 0.988642 0.482742 0.990423 0.483920 0.991229 0.484267 0.991626 0.484267 0.990231 0.482943 0.988617 0.481839 0.987733 0.480810 0.987530 0.479372 0.987733 0.478382 0.988392 0.477353 0.988729 0.477204 0.989471 0.476933 0.991155 0.476933 0.991683 0.476769 0.991572 0.476228 0.991775 0.475239 0.992470 0.474283 0.992673 0.472694 0.993220 0.471965 0.993962 0.471694 0.994704 0.471965 0.995475 0.473143 0.996500 0.473761 0.997356 0.474752 0.998296 0.475258 0.999629 0.477035 0.999832 0.478024 0.999832 0.480321 0.999945 0.480868 1.000000 0.494340
0 0.983752 0.587926 0.983752 0.586173 0.983549 0.585184 0.983002 0.584454 0.982364 0.584222 0.981250 0.581250 0.980469 0.581250 0.975781 0.580208 0.971094 0.588542 0.971722 0.597124 0.971564 0.597897 0.971767 0.598886 0.972314 0.599616 0.973056 0.599886 0.974291 0.599506 0.976674 0.597972 0.981440 0.592384 0.982398 0.591107 0.983549 0.588916
0 0.605381 0.338960 0.604747 0.339923 0.603345 0.341325 0.602819 0.341675 0.600979 0.344012 0.599711 0.344516 0.598834 0.344516 0.596778 0.343778 0.595888 0.342708 0.593750 0.342708 0.588009 0.332971 0.588973 0.332211 0.589871 0.331014 0.590026 0.330255 0.589767 0.330108 0.588169 0.328093 0.587906 0.327509 0.587703 0.326520 0.587906 0.325530 0.588453 0.324801 0.588707 0.324708 0.588584 0.323856 0.589633 0.324303 0.591189 0.324420 0.592187 0.327083 0.592969 0.328125 0.599219 0.330208 0.600000 0.330208 0.600340 0.330813 0.600587 0.330723 0.601592 0.331110 0.601822 0.331417 0.603170 0.332279 0.604768 0.334527 0.605381 0.336513 0.605585 0.337970
0 0.621316 0.332595 0.620996 0.334210 0.619850 0.335737 0.619468 0.335896 0.619237 0.336205 0.617500 0.336866 0.617062 0.336866 0.615046 0.336067 0.613819 0.336515 0.611629 0.336749 0.610051 0.336749 0.608757 0.336399 0.608036 0.336399 0.605949 0.335621 0.605510 0.335270 0.604540 0.333859 0.604219 0.331894 0.604540 0.330280 0.605686 0.328752 0.606793 0.328072 0.607888 0.325699 0.608075 0.324825 0.607900 0.322080 0.608396 0.319764 0.608921 0.318596 0.610242 0.316834 0.611557 0.315783 0.613381 0.315122 0.615046 0.315005 0.616257 0.315432 0.616448 0.315687 0.616815 0.315315 0.618026 0.314888 0.619237 0.315315 0.620119 0.316492 0.620440 0.318107 0.620119 0.319722 0.619457 0.320722 0.619125 0.321885 0.618950 0.323105 0.619038 0.325468 0.618950 0.326033 0.620558 0.328410 0.621316 0.331661 0.621316 0.332595
0 0.644060 0.342642 0.643196 0.343794 0.643337 0.344504 0.643017 0.346119 0.642134 0.347296 0.640774 0.347823 0.632354 0.347624 0.631012 0.347922 0.624529 0.347823 0.623095 0.347296 0.622212 0.346119 0.621892 0.344504 0.622212 0.342890 0.623095 0.341713 0.623893 0.341202 0.624299 0.339015 0.624969 0.337425 0.626225 0.335851 0.627436 0.335423 0.627957 0.335423 0.629820 0.335921 0.635264 0.335722 0.635837 0.334957 0.637048 0.334529 0.637570 0.334529 0.639079 0.335155 0.640111 0.336531 0.640443 0.338056 0.641147 0.337808 0.641966 0.337808 0.643177 0.338235 0.644060 0.339412 0.644380 0.341027
0 0.551994 0.131507 0.551791 0.130518 0.551244 0.129789 0.550791 0.129623 0.550148 0.128239 0.549140 0.126984 0.546971 0.125231 0.546511 0.124705 0.545375 0.124347 0.544501 0.124705 0.543560 0.125960 0.542837 0.127976 0.542406 0.128462 0.542135 0.128561 0.540273 0.131044 0.539419 0.132796 0.539084 0.134838 0.539084 0.136415 0.539287 0.137405 0.540294 0.138835 0.541168 0.139194 0.541628 0.139194 0.542567 0.138835 0.545540 0.134959 0.546886 0.135425 0.547544 0.135425 0.548615 0.135067 0.549995 0.134365 0.550791 0.133391 0.551244 0.133226 0.551791 0.132497
0 0.561648 0.133004 0.561445 0.131925 0.560832 0.131107 0.558009 0.130113 0.556174 0.129067 0.554899 0.128619 0.553967 0.128707 0.553092 0.129067 0.552479 0.129885 0.552146 0.130594 0.551943 0.131584 0.551943 0.133004 0.552213 0.134437 0.552612 0.135235 0.552941 0.136372 0.552941 0.136721 0.552409 0.138593 0.552409 0.139303 0.552745 0.140736 0.553491 0.141643 0.554433 0.141914 0.555907 0.141288 0.557586 0.139405 0.557985 0.138696 0.558243 0.137730 0.558702 0.137384 0.559249 0.136655 0.559374 0.136044 0.559634 0.135698 0.560898 0.134722 0.561445 0.133993
0 0.559715 0.145084 0.558650 0.147035 0.558318 0.147923 0.557638 0.148829 0.556762 0.149189 0.554433 0.148923 0.551096 0.147498 0.550531 0.147100 0.549266 0.146704 0.547047 0.146705 0.546305 0.146434 0.545758 0.145705 0.545555 0.144715 0.545422 0.142852 0.545488 0.140279 0.546024 0.137426 0.547370 0.135721 0.549299 0.134390 0.550973 0.133942 0.551981 0.134213 0.552528 0.134942 0.552731 0.135931 0.552731 0.136996 0.552399 0.138413 0.552332 0.139719 0.552795 0.140798 0.553405 0.141651 0.554078 0.141927 0.555567 0.141838 0.556045 0.141455 0.557018 0.140246 0.557827 0.139975 0.558569 0.140246 0.559715 0.141862 0.559918 0.142852 0.559918 0.144094
0 0.555462 0.172531 0.552004 0.177298 0.551683 0.177415 0.551305 0.177919 0.550824 0.178095 0.549872 0.179985 0.548044 0.182422 0.547229 0.183044 0.546879 0.183509 0.545555 0.184091 0.543225 0.184091 0.541224 0.183208 0.541224 0.184275 0.541020 0.185265 0.540474 0.185994 0.539731 0.186265 0.539265 0.186265 0.538277 0.185885 0.537351 0.184446 0.536427 0.182253 0.535583 0.181184 0.533950 0.180404 0.532943 0.180261 0.532270 0.179053 0.532066 0.178064 0.532270 0.176919 0.532816 0.176190 0.535073 0.175298 0.535545 0.175428 0.537519 0.174987 0.539149 0.174987 0.539848 0.175143 0.541289 0.175724 0.542185 0.176919 0.542388 0.177908 0.542306 0.179397 0.543678 0.180112 0.545132 0.180112 0.546370 0.179082 0.547367 0.177753 0.544964 0.175016 0.544761 0.174026 0.544964 0.172571 0.546443 0.170755 0.546792 0.170599 0.547419 0.169920 0.548306 0.168736 0.549471 0.167959 0.552077 0.167223 0.552659 0.167223 0.553867 0.167649 0.554566 0.168115 0.555462 0.169310 0.555665 0.170299 0.555665 0.171542
0 0.484774 0.579638 0.484774 0.578904 0.484571 0.577915 0.483991 0.576735 0.483118 0.573633 0.483031 0.573255 0.483125 0.572715 0.482922 0.571725 0.482375 0.570996 0.480900 0.570644 0.479913 0.571078 0.478756 0.572540 0.478606 0.572917 0.478199 0.572917 0.477550 0.573701 0.476138 0.574573 0.475534 0.575167 0.474129 0.577040 0.472358 0.578994 0.471381 0.580379 0.470892 0.580868 0.470203 0.581246 0.470327 0.581849 0.470874 0.582578 0.471616 0.582849 0.473204 0.582849 0.475076 0.582441 0.479843 0.582441 0.480717 0.582604 0.483597 0.581845 0.484571 0.580627
0 0.488022 0.552652 0.487819 0.551663 0.487272 0.550933 0.486530 0.550662 0.483624 0.551857 0.481113 0.554050 0.478749 0.556972 0.477450 0.560319 0.477247 0.561309 0.477334 0.562463 0.477796 0.564722 0.479095 0.569108 0.479642 0.569837 0.480421 0.570183 0.481163 0.570454 0.481905 0.570183 0.482452 0.569454 0.482655 0.568465 0.482454 0.567022 0.482828 0.565233 0.483129 0.562110 0.483577 0.561144 0.486174 0.557566 0.486867 0.556181 0.487592 0.553944 0.487819 0.553642
0 0.532512 0.560792 0.531965 0.561521 0.531346 0.561934 0.529804 0.562479 0.529350 0.562810 0.526812 0.565369 0.524442 0.566880 0.523288 0.567289 0.522339 0.567018 0.521792 0.566289 0.521589 0.565299 0.521673 0.564892 0.521071 0.563678 0.520556 0.562991 0.520246 0.562166 0.518662 0.559641 0.518153 0.558963 0.517805 0.558773 0.516537 0.557082 0.516021 0.555983 0.515609 0.555433 0.515406 0.554444 0.515609 0.553454 0.516156 0.552725 0.516898 0.552454 0.522498 0.552592 0.526173 0.551493 0.527307 0.551493 0.528440 0.551767 0.529492 0.552176 0.530213 0.552725 0.531481 0.554279 0.532203 0.556340 0.532512 0.556889 0.532715 0.557879 0.532715 0.559803
0 0.542994 0.570355 0.542131 0.571434 0.541231 0.571775 0.540653 0.571775 0.536809 0.569962 0.535810 0.569121 0.534811 0.568630 0.534338 0.568139 0.532687 0.565798 0.532483 0.564808 0.532687 0.563819 0.533233 0.563089 0.533976 0.562819 0.534718 0.563089 0.535875 0.564071 0.537091 0.565483 0.539082 0.566104 0.539885 0.566674 0.540706 0.566534 0.542447 0.567156 0.542994 0.567885 0.543197 0.569365
0 0.567901 0.616706 0.567635 0.609136 0.567343 0.607792 0.566899 0.606846 0.566175 0.605880 0.565255 0.605126 0.563617 0.603179 0.563174 0.602233 0.562006 0.600558 0.561264 0.600287 0.560521 0.600558 0.559974 0.601287 0.559771 0.602394 0.559974 0.603384 0.560617 0.605306 0.561394 0.609298 0.562176 0.611287 0.556975 0.611168 0.556074 0.610932 0.554872 0.610350 0.553223 0.609074 0.552215 0.608684 0.551328 0.608684 0.550586 0.608955 0.549862 0.609803 0.549658 0.610792 0.549658 0.611620 0.550039 0.613201 0.550482 0.614147 0.551473 0.615350 0.551916 0.615586 0.552892 0.616651 0.555642 0.620318 0.557860 0.621973 0.559135 0.622363 0.560465 0.622244 0.563906 0.620825 0.566175 0.620081 0.566707 0.619726 0.567520 0.618642 0.567812 0.617139
0 0.558164 0.604138 0.557542 0.604968 0.556373 0.605721 0.556159 0.606903 0.556255 0.607373 0.556052 0.608362 0.555505 0.609091 0.554763 0.609362 0.554160 0.609362 0.552564 0.608658 0.552021 0.608658 0.549407 0.609664 0.548439 0.609393 0.548137 0.609192 0.547288 0.608061 0.546911 0.607155 0.546066 0.603895 0.545101 0.601221 0.544898 0.599829 0.545101 0.598840 0.545648 0.598111 0.546842 0.597840 0.547811 0.598211 0.548339 0.598614 0.548942 0.599217 0.550574 0.601392 0.550927 0.601561 0.552651 0.601762 0.553778 0.602144 0.554549 0.601530 0.555291 0.601259 0.556875 0.601159 0.557617 0.601430 0.558164 0.602159 0.558367 0.603148
0 0.553058 0.622077 0.552727 0.620831 0.548686 0.615101 0.546721 0.611199 0.547403 0.609896 0.547606 0.608906 0.547606 0.608222 0.547339 0.607061 0.546535 0.605904 0.543905 0.603595 0.542109 0.601372 0.541532 0.600858 0.540790 0.600587 0.540148 0.600587 0.539406 0.600858 0.538303 0.602159 0.538025 0.600131 0.537571 0.598303 0.536647 0.596904 0.536144 0.596568 0.535402 0.596298 0.534282 0.596568 0.532899 0.597574 0.532353 0.598303 0.532149 0.599796 0.532353 0.600785 0.532782 0.601526 0.532652 0.602478 0.532855 0.603468 0.533358 0.604809 0.534534 0.606376 0.535257 0.606837 0.535540 0.607214 0.536282 0.607485 0.537275 0.607214 0.537960 0.606258 0.538481 0.606448 0.539014 0.606254 0.539855 0.606862 0.541489 0.609554 0.542678 0.611138 0.543694 0.611865 0.543927 0.612803 0.546108 0.617080 0.548585 0.620554 0.548701 0.620794 0.548353 0.621258 0.548150 0.622334 0.548353 0.623323 0.548900 0.624052 0.549642 0.624323 0.550604 0.624323 0.552308 0.623796 0.552855 0.623067
0 0.560273 0.652502 0.559824 0.653101 0.559655 0.654254 0.559108 0.654984 0.558366 0.655254 0.557623 0.654984 0.557027 0.654122 0.556459 0.653605 0.555300 0.653296 0.552259 0.653193 0.549739 0.652407 0.547342 0.650964 0.546164 0.649805 0.544637 0.648799 0.544386 0.648465 0.543786 0.648181 0.543240 0.647452 0.543036 0.646462 0.543240 0.645370 0.543786 0.644640 0.544529 0.644370 0.545224 0.644370 0.547981 0.645091 0.549785 0.645194 0.553469 0.646328 0.556356 0.646431 0.558103 0.647217 0.559340 0.648145 0.560273 0.649595 0.560476 0.650585 0.560476 0.651513
0 0.552366 0.636026 0.550289 0.638869 0.549392 0.640654 0.548832 0.642431 0.547899 0.643749 0.547157 0.644020 0.546384 0.644020 0.545145 0.643528 0.544543 0.642725 0.544340 0.641736 0.544570 0.640709 0.541942 0.639479 0.540843 0.638161 0.540530 0.636730 0.540806 0.634651 0.539297 0.632934 0.539094 0.631871 0.539297 0.630881 0.539844 0.630152 0.540586 0.629881 0.541470 0.630028 0.543218 0.630691 0.545445 0.630838 0.546298 0.631182 0.547568 0.632360 0.548690 0.633120 0.549697 0.633047 0.550387 0.633299 0.551077 0.633047 0.551819 0.633317 0.552366 0.634047 0.552569 0.635036
0 0.618104 0.647248 0.618104 0.645892 0.617666 0.643233 0.616962 0.641563 0.616415 0.640834 0.615673 0.640563 0.614148 0.641147 0.612974 0.642399 0.611957 0.643234 0.611097 0.644381 0.610627 0.645320 0.610424 0.646309 0.610424 0.647666 0.610706 0.649281 0.610940 0.649907 0.612661 0.652410 0.613522 0.652932 0.614264 0.653203 0.615047 0.653203 0.615789 0.652932 0.616414 0.652098 0.616884 0.651055 0.617080 0.650272 0.617431 0.649803 0.617666 0.649177 0.617901 0.648238
0 0.600653 0.644118 0.600450 0.643128 0.599903 0.642399 0.598905 0.642112 0.598544 0.641838 0.597556 0.640626 0.596851 0.639999 0.596109 0.639729 0.595367 0.639999 0.594820 0.640729 0.594617 0.641718 0.594617 0.643179 0.594977 0.645525 0.596150 0.647089 0.596892 0.647360 0.597909 0.647360 0.598886 0.646984 0.600450 0.645108
0 0.635499 0.661508 0.635295 0.660021 0.633724 0.658050 0.633165 0.657553 0.631302 0.656559 0.630560 0.656289 0.628696 0.656289 0.627768 0.656684 0.627035 0.657786 0.626831 0.658775 0.626831 0.659645 0.627314 0.661752 0.628059 0.662994 0.629258 0.664593 0.629817 0.665090 0.630560 0.665361 0.631584 0.665361 0.633072 0.664841 0.634562 0.663475 0.635295 0.662497
0 0.621152 0.616543 0.620949 0.615553 0.620402 0.614824 0.619474 0.614553 0.617721 0.615180 0.617798 0.614183 0.617595 0.613193 0.617223 0.612324 0.616024 0.610974 0.614350 0.610206 0.612021 0.610206 0.609974 0.611098 0.609136 0.611843 0.608123 0.613193 0.608030 0.613566 0.607641 0.615549 0.607641 0.616295 0.608310 0.619272 0.609881 0.621491 0.610624 0.621762 0.611928 0.621762 0.612856 0.621367 0.614717 0.618499 0.615285 0.619007 0.616399 0.619402 0.617610 0.619402 0.620216 0.618386 0.620949 0.617532
0 0.674702 0.620762 0.673663 0.622863 0.674050 0.623876 0.674253 0.624865 0.674253 0.625859 0.674050 0.626848 0.673130 0.628074 0.672108 0.628345 0.671087 0.627826 0.669410 0.625342 0.668868 0.624991 0.665494 0.625116 0.664752 0.624845 0.664205 0.624116 0.663541 0.622236 0.662994 0.621383 0.662791 0.620269 0.662994 0.619280 0.663914 0.617805 0.664787 0.617013 0.665404 0.616191 0.666336 0.615569 0.667078 0.615299 0.668006 0.615694 0.669080 0.617331 0.670019 0.616962 0.669701 0.616539 0.669498 0.615549 0.669888 0.613193 0.670435 0.612464 0.671270 0.612193 0.672012 0.612464 0.672559 0.613193 0.672874 0.615476 0.674702 0.618038 0.674905 0.619027 0.674905 0.619772
0 0.650781 0.796875 0.650781 0.793750 0.650000 0.792708 0.647656 0.790625 0.635156 0.790625 0.628906 0.798958 0.628125 0.809375 0.628906 0.810417 0.629687 0.813542 0.630469 0.813542 0.636789 0.811856 0.637345 0.812630 0.638087 0.812901 0.642189 0.812900 0.642389 0.813876 0.642936 0.814606 0.643813 0.814876 0.644555 0.814606 0.644825 0.814336 0.645574 0.813248 0.645940 0.812272 0.646935 0.812272 0.649269 0.812631 0.650012 0.812360 0.650559 0.811631 0.650762 0.810641 0.650559 0.809652 0.649944 0.808833 0.649202 0.808562 0.647114 0.808293 0.645699 0.808293 0.644196 0.808742 0.643308 0.808832
0 0.665652 0.776637 0.665516 0.770636 0.665448 0.769636 0.665177 0.768374 0.664289 0.767099 0.663948 0.766827 0.663069 0.766465 0.662660 0.766465 0.661031 0.767099 0.659485 0.767994 0.658902 0.768900 0.657606 0.770173 0.654469 0.774628 0.653265 0.775820 0.652575 0.777284 0.652303 0.779001 0.652371 0.781547 0.652779 0.783264 0.653461 0.784810 0.654211 0.786992 0.655781 0.788903 0.656463 0.789357 0.657478 0.789628 0.658220 0.789357 0.658866 0.788386 0.662261 0.786446 0.663198 0.786175 0.663880 0.785721 0.664767 0.784537 0.665243 0.782729 0.665584 0.778819 0.665584 0.776970
0 0.700361 0.783549 0.699671 0.786632 0.698535 0.789122 0.697257 0.790933 0.696040 0.791907 0.694810 0.792287 0.692862 0.792287 0.691104 0.791854 0.690102 0.791854 0.689360 0.791583 0.688813 0.790854 0.688610 0.789864 0.688813 0.788874 0.689360 0.788145 0.690709 0.787753 0.692201 0.786846 0.693419 0.785872 0.694636 0.784465 0.696422 0.783058 0.696606 0.782380 0.698046 0.780244 0.698788 0.779973 0.699693 0.780244 0.700240 0.780973 0.700443 0.781963 0.700443 0.783153
0 0.657602 0.830640 0.657542 0.828026 0.657220 0.826323 0.657031 0.826071 0.657031 0.821875 0.656250 0.820833 0.655469 0.818750 0.653125 0.818750 0.651609 0.821782 0.651137 0.822062 0.650590 0.822791 0.650387 0.823781 0.650387 0.824609 0.650590 0.825599 0.651413 0.826788 0.652029 0.827272 0.652344 0.830208 0.652527 0.830453 0.652730 0.831950 0.653415 0.832863 0.653780 0.832996 0.653906 0.833333 0.654969 0.833333 0.655812 0.833739 0.656555 0.833468 0.657101 0.832739 0.657542 0.830930
0 0.609306 0.764435 0.609103 0.763202 0.608556 0.762473 0.607814 0.762202 0.605988 0.762283 0.603114 0.763691 0.602567 0.764420 0.602364 0.765410 0.602364 0.766059 0.602811 0.767780 0.603153 0.768398 0.603217 0.769481 0.601917 0.770078 0.600437 0.770078 0.599422 0.769050 0.598915 0.768130 0.599472 0.768130 0.600397 0.767778 0.601126 0.766886 0.601329 0.765897 0.601329 0.765247 0.601005 0.763527 0.600092 0.762148 0.599350 0.761877 0.598522 0.762135 0.598143 0.760604 0.596621 0.758414 0.595575 0.758061 0.594600 0.758061 0.593676 0.758414 0.592642 0.759792 0.591850 0.762147 0.591647 0.763136 0.591647 0.764760 0.591951 0.766790 0.592520 0.769079 0.594345 0.771594 0.595940 0.772352 0.597036 0.772677 0.597656 0.772677 0.597818 0.773950 0.598425 0.774760 0.599350 0.775112 0.601765 0.774869 0.603795 0.775112 0.605634 0.774354 0.607277 0.772083 0.607885 0.770784 0.608150 0.769550 0.608150 0.768820 0.607946 0.767830 0.607806 0.767642 0.608860 0.766074 0.609103 0.765425
0 0.641536 0.864689 0.641333 0.863627 0.640625 0.862839 0.640625 0.852083 0.639844 0.851042 0.639062 0.848958 0.636719 0.848958 0.636461 0.853433 0.637146 0.856014 0.637784 0.859469 0.637442 0.865469 0.638051 0.866408 0.638793 0.866679 0.639300 0.866534 0.640044 0.866679 0.640786 0.866408 0.641333 0.865679
0 0.566909 0.837692 0.566909 0.836906 0.566706 0.835916 0.566387 0.835491 0.566057 0.834257 0.565992 0.831926 0.565789 0.830936 0.565242 0.830207 0.564500 0.829936 0.563756 0.830208 0.561311 0.830208 0.560502 0.829849 0.559760 0.830119 0.559213 0.830849 0.559010 0.831838 0.559010 0.835857 0.559344 0.837459 0.560156 0.838716 0.560156 0.839583 0.561238 0.839583 0.562337 0.840031 0.563371 0.840119 0.563823 0.840634 0.564565 0.840905 0.565307 0.840634 0.566706 0.838682
0 0.424308 0.837607 0.424215 0.834883 0.424012 0.833893 0.423361 0.831417 0.423025 0.830968 0.422711 0.830178 0.422072 0.829326 0.421329 0.829055 0.420587 0.829326 0.419973 0.830235 0.417969 0.829167 0.414844 0.825000 0.414844 0.823958 0.412185 0.819527 0.411523 0.819286 0.409706 0.817917 0.407920 0.816166 0.406074 0.814652 0.405293 0.813717 0.402344 0.816667 0.402344 0.817708 0.401562 0.820833 0.406617 0.828522 0.409162 0.829449 0.411113 0.830688 0.411845 0.831664 0.412053 0.832268 0.412320 0.832421 0.413981 0.834389 0.414875 0.838218 0.413714 0.838218 0.411578 0.838984 0.410567 0.840209 0.410381 0.840704 0.410178 0.841694 0.410178 0.845532 0.410381 0.846522 0.410928 0.847251 0.411671 0.847522 0.412506 0.847522 0.415725 0.846284 0.416686 0.846284 0.418450 0.845641 0.419182 0.844541 0.419511 0.842977 0.420215 0.843064 0.420772 0.842940 0.421793 0.842546 0.422536 0.841926 0.423733 0.840083 0.424215 0.838060
0 0.421688 0.812870 0.419951 0.818239 0.420583 0.818999 0.420786 0.819989 0.420583 0.820978 0.420036 0.821708 0.419294 0.821978 0.416530 0.821978 0.414129 0.820970 0.409785 0.818233 0.407683 0.815745 0.406959 0.815137 0.405679 0.814442 0.405132 0.813713 0.404929 0.812723 0.405132 0.811734 0.405679 0.811004 0.406421 0.810734 0.408605 0.811471 0.409212 0.811471 0.409819 0.811193 0.410605 0.810649 0.411632 0.809596 0.413892 0.806582 0.414998 0.805845 0.416767 0.805258 0.418741 0.805363 0.420194 0.806055 0.421373 0.807627 0.421530 0.808048 0.421892 0.809775 0.421892 0.811881
0 0.258337 0.857171 0.258018 0.855407 0.257452 0.854189 0.256740 0.851537 0.256480 0.851189 0.255811 0.849370 0.253871 0.846628 0.253125 0.846358 0.253906 0.837500 0.251563 0.834375 0.250781 0.834375 0.242969 0.832292 0.240625 0.837500 0.240625 0.842708 0.241406 0.843750 0.245312 0.845833 0.246094 0.846875 0.247014 0.849944 0.247196 0.851194 0.247544 0.852123 0.248705 0.854135 0.249600 0.855329 0.252082 0.856935 0.252503 0.857496 0.253382 0.858070 0.254075 0.858763 0.253495 0.861970 0.253698 0.863424 0.254245 0.864153 0.254987 0.864424 0.255729 0.864153 0.256276 0.863424 0.257060 0.859082 0.257587 0.858890 0.258134 0.858160
0 0.231205 0.775623 0.231250 0.777083 0.230518 0.777571 0.228092 0.780964 0.227021 0.782075 0.226188 0.782710 0.225668 0.782928 0.225474 0.783186 0.224137 0.783615 0.223395 0.783344 0.222015 0.781346 0.220900 0.778430 0.220067 0.777003 0.218755 0.775253 0.217922 0.774460 0.217253 0.774044 0.214233 0.772874 0.213686 0.772144 0.213483 0.771155 0.213686 0.770165 0.214233 0.769436 0.216641 0.768689 0.218750 0.768601 0.218750 0.767708 0.220312 0.765625 0.221576 0.765625 0.221777 0.765088 0.222919 0.763566 0.223128 0.763474 0.224393 0.764318 0.225332 0.765185 0.226543 0.765932 0.228801 0.768461 0.230563 0.769627 0.230614 0.770101 0.231019 0.770641 0.231341 0.772107 0.231341 0.774962
0 0.182959 0.801841 0.182669 0.803567 0.182252 0.804796 0.181101 0.809722 0.180206 0.810916 0.179389 0.811656 0.178203 0.813122 0.177129 0.813509 0.176167 0.814327 0.175677 0.814980 0.174761 0.815251 0.174018 0.814980 0.173452 0.814225 0.172799 0.813819 0.172165 0.812974 0.171962 0.811752 0.172165 0.810762 0.172973 0.809801 0.174151 0.809530 0.175631 0.810090 0.175875 0.809907 0.174865 0.808677 0.174658 0.807936 0.174168 0.806935 0.173965 0.805946 0.173878 0.804087 0.174255 0.801937 0.174923 0.800001 0.175301 0.797988 0.175562 0.797292 0.176631 0.795982 0.178593 0.795014 0.179115 0.795014 0.180467 0.795517 0.181972 0.797640 0.182843 0.799266 0.183046 0.800255 0.183046 0.801417
0 0.128854 0.820514 0.128098 0.821523 0.127258 0.822083 0.125151 0.823054 0.124102 0.823333 0.123381 0.823333 0.122010 0.824742 0.120638 0.825293 0.119169 0.825293 0.118426 0.825022 0.117482 0.824042 0.117167 0.823902 0.115697 0.821803 0.114221 0.820394 0.113312 0.820394 0.112445 0.820842 0.111851 0.822054 0.111304 0.822783 0.110562 0.823054 0.109820 0.822783 0.109273 0.822054 0.109070 0.821064 0.109273 0.819654 0.110322 0.817275 0.111709 0.815287 0.112339 0.814587 0.113921 0.814036 0.116335 0.814036 0.118252 0.814596 0.120533 0.814736 0.121275 0.815007 0.122141 0.815741 0.123541 0.816415 0.124066 0.816555 0.126411 0.816555 0.127468 0.816966 0.128308 0.817666 0.128854 0.818395 0.129058 0.819524
0 0.051615 0.835936 0.051411 0.834828 0.050686 0.833980 0.049498 0.833590 0.048694 0.833590 0.047149 0.834218 0.045888 0.835780 0.044951 0.837862 0.042969 0.839794 0.041742 0.840500 0.039741 0.841358 0.038224 0.842548 0.036695 0.844467 0.036070 0.846014 0.035867 0.847004 0.035956 0.848194 0.036338 0.849897 0.036695 0.850730 0.037420 0.851697 0.038341 0.852087 0.039323 0.852087 0.040333 0.851697 0.042029 0.850388 0.045521 0.845970 0.047841 0.842162 0.048198 0.841210 0.048491 0.839579 0.050418 0.838369 0.051411 0.836926
0 0.107984 0.828439 0.107781 0.827014 0.107234 0.826285 0.106492 0.826014 0.105703 0.826285 0.104490 0.826969 0.103370 0.827841 0.102390 0.828898 0.100916 0.829835 0.100243 0.830080 0.099671 0.830936 0.097479 0.831417 0.095168 0.831539 0.092757 0.832358 0.091294 0.833456 0.089773 0.835606 0.089249 0.838210 0.089249 0.838820 0.090138 0.842766 0.091019 0.844184 0.091327 0.844961 0.093214 0.847477 0.094129 0.848452 0.096082 0.849150 0.096722 0.849150 0.100779 0.847843 0.100984 0.847569 0.102608 0.846989 0.104130 0.844961 0.104404 0.844473 0.104532 0.843835 0.105261 0.843574 0.106690 0.841668 0.107214 0.839064 0.106690 0.836460 0.106114 0.835692 0.106258 0.834412 0.105931 0.832943 0.105931 0.832338 0.106408 0.831038 0.107781 0.829429
0 0.142902 0.815476 0.142356 0.816205 0.141613 0.816476 0.140582 0.816476 0.139364 0.816926 0.138408 0.816926 0.136372 0.816205 0.134741 0.814256 0.132809 0.812579 0.128885 0.812352 0.127881 0.812485 0.126890 0.813206 0.125967 0.813549 0.126178 0.814561 0.125975 0.815551 0.125428 0.816280 0.124686 0.816551 0.123944 0.816280 0.120529 0.811352 0.120157 0.809688 0.120360 0.808173 0.120963 0.807369 0.122155 0.806798 0.127160 0.805598 0.128735 0.805598 0.129815 0.806019 0.132727 0.807923 0.134145 0.808494 0.135326 0.809318 0.138272 0.812647 0.141613 0.812497 0.142356 0.812768 0.142902 0.813497 0.143106 0.814486
0 0.098398 0.757542 0.098398 0.756905 0.098195 0.755915 0.096134 0.752954 0.094938 0.752104 0.093743 0.751679 0.091352 0.749873 0.090610 0.749602 0.089867 0.749873 0.089241 0.750814 0.089038 0.751804 0.089038 0.752548 0.089117 0.754035 0.089400 0.755556 0.089878 0.756832 0.091143 0.758517 0.092522 0.759213 0.095026 0.759869 0.095287 0.760217 0.096029 0.760488 0.097090 0.760005 0.098195 0.758532
0 0.184375 0.752083 0.180653 0.752083 0.180490 0.749918 0.180548 0.747636 0.180391 0.746870 0.180642 0.746271 0.181707 0.745438 0.182368 0.745298 0.184375 0.745833 0.185156 0.745833 0.185156 0.751042
0 0.163601 0.751721 0.163398 0.750732 0.162851 0.750003 0.162109 0.749732 0.161570 0.749886 0.158712 0.749886 0.157363 0.749269 0.156900 0.749269 0.156158 0.749540 0.155495 0.750423 0.155292 0.751413 0.155495 0.752865 0.156505 0.754212 0.160094 0.756373 0.161299 0.756643 0.162041 0.756373 0.162588 0.755643 0.162791 0.754654 0.162579 0.753652 0.163398 0.752711
0 0.120194 0.778576 0.120194 0.777650 0.119643 0.775734 0.119097 0.775005 0.118354 0.774734 0.117612 0.775005 0.115992 0.776240 0.115413 0.776857 0.114635 0.778049 0.114431 0.779039 0.114431 0.780582 0.114750 0.782035 0.115098 0.782807 0.116223 0.784462 0.116965 0.784733 0.117708 0.784462 0.118717 0.783115 0.119036 0.781919 0.119643 0.780646 0.119991 0.779566
0 0.152142 0.817006 0.151591 0.814782 0.151143 0.813876 0.151013 0.813238 0.150234 0.812046 0.149492 0.811775 0.148913 0.811775 0.148171 0.812046 0.147161 0.813393 0.147045 0.813856 0.146842 0.814845 0.146842 0.815617 0.147045 0.816607 0.147624 0.817841 0.148171 0.818571 0.149724 0.818996 0.150650 0.818996 0.151392 0.818725 0.151939 0.817996
0 0.206574 0.799321 0.206027 0.800050 0.205285 0.800321 0.204543 0.800050 0.203617 0.799124 0.201823 0.797813 0.197829 0.796192 0.197051 0.795154 0.196848 0.794164 0.197051 0.793175 0.198396 0.791381 0.199091 0.790300 0.199250 0.789779 0.200144 0.788587 0.201349 0.788008 0.201928 0.788008 0.202670 0.788278 0.203249 0.788741 0.204016 0.789764 0.204407 0.789976 0.205069 0.790860 0.205417 0.791786 0.205707 0.793562 0.206227 0.794872 0.206430 0.795862 0.206272 0.796785 0.206574 0.797187 0.206777 0.798331
0 0.176794 0.864248 0.176874 0.864751 0.176671 0.865741 0.176124 0.866470 0.175381 0.866741 0.173915 0.866647 0.172763 0.867008 0.170587 0.867008 0.169779 0.866785 0.165230 0.866785 0.164488 0.866514 0.163941 0.865785 0.163738 0.864795 0.163941 0.863806 0.164234 0.863416 0.164360 0.862801 0.164907 0.862072 0.166402 0.861578 0.167228 0.861849 0.167822 0.862806 0.167984 0.862806 0.168840 0.863836 0.169259 0.864171 0.170001 0.864441 0.170922 0.864441 0.171664 0.864171 0.172005 0.863780 0.172104 0.863301 0.173040 0.862226 0.174430 0.861551 0.175135 0.861588 0.175328 0.861405 0.175933 0.861626 0.176731 0.862578 0.176934 0.863568
0 0.066153 0.842514 0.065950 0.841181 0.065403 0.840452 0.064661 0.840181 0.064062 0.840399 0.064062 0.831250 0.063281 0.830208 0.059375 0.830208 0.056089 0.833338 0.055915 0.834469 0.055499 0.835132 0.055174 0.836058 0.055260 0.838748 0.057105 0.846128 0.056170 0.846128 0.055427 0.846399 0.054880 0.847128 0.054677 0.848117 0.054880 0.849221 0.055427 0.849951 0.056170 0.850221 0.057323 0.850107 0.057947 0.850451 0.058451 0.851237 0.058864 0.853104 0.059544 0.853104 0.060349 0.852874 0.060756 0.852674 0.061195 0.852203 0.061110 0.849947 0.061313 0.848958 0.061742 0.847928 0.062546 0.846970 0.064061 0.846471 0.064496 0.846471 0.065607 0.844533 0.065950 0.843503
0 0.070226 0.845867 0.070023 0.846890 0.069294 0.848154 0.068492 0.850488 0.068127 0.851169 0.066559 0.852967 0.065599 0.853353 0.065559 0.854031 0.066668 0.855511 0.066871 0.856500 0.066871 0.858445 0.066213 0.860917 0.066012 0.862352 0.065465 0.863081 0.065027 0.863373 0.063410 0.863838 0.062522 0.863567 0.061975 0.862838 0.061772 0.861849 0.061973 0.860868 0.061136 0.860456 0.060516 0.859629 0.060313 0.858542 0.060516 0.857553 0.061656 0.856228 0.061975 0.855219 0.062539 0.854466 0.062720 0.850860 0.063069 0.849092 0.063944 0.847439 0.065330 0.845494 0.065914 0.843744 0.066825 0.842528 0.067567 0.842257 0.068423 0.842680 0.068807 0.842646 0.069549 0.842917 0.070096 0.843646 0.070299 0.844636 0.070299 0.845511
0 0.033012 0.834976 0.032809 0.833871 0.032262 0.833142 0.028568 0.832060 0.025529 0.832060 0.022095 0.833373 0.021140 0.834184 0.020246 0.835607 0.020042 0.836597 0.020042 0.837986 0.020246 0.838976 0.020593 0.839786 0.021661 0.841210 0.023011 0.841712 0.024523 0.841712 0.022850 0.844637 0.022329 0.846027 0.022040 0.847479 0.022243 0.848469 0.022790 0.849198 0.023532 0.849469 0.025316 0.848851 0.026531 0.847693 0.028789 0.846304 0.029683 0.845227 0.030204 0.844417 0.030899 0.842912 0.031246 0.841754 0.031536 0.840186 0.031366 0.838353 0.031539 0.837890 0.032809 0.835966
0 0.017614 0.865950 0.017067 0.866679 0.016325 0.866950 0.015439 0.866603 0.014531 0.866487 0.011550 0.866603 0.010807 0.866332 0.010174 0.865487 0.009450 0.862414 0.009276 0.860909 0.009309 0.860051 0.009015 0.858941 0.009219 0.857488 0.009939 0.856527 0.011289 0.856025 0.012157 0.856025 0.013226 0.856488 0.013981 0.856488 0.015504 0.856990 0.016051 0.857719 0.016659 0.859687 0.016862 0.860677 0.016862 0.862505 0.017614 0.863971 0.017817 0.864961
0 0.069627 0.798722 0.069331 0.799510 0.068637 0.800436 0.067013 0.801519 0.066123 0.801790 0.065381 0.801519 0.064686 0.800593 0.064317 0.799805 0.064040 0.798520 0.063819 0.795469 0.063366 0.792827 0.062693 0.791634 0.062268 0.789660 0.062471 0.788080 0.062766 0.786997 0.063387 0.786170 0.064277 0.785899 0.065167 0.786268 0.066304 0.787785 0.066895 0.788966 0.067172 0.790251 0.067615 0.794843 0.068116 0.794660 0.068858 0.794931 0.069405 0.795660 0.069627 0.796251 0.069830 0.797733
0 0.173293 0.735364 0.172746 0.736093 0.172004 0.736364 0.170592 0.735876 0.170279 0.735977 0.170115 0.736777 0.169356 0.737647 0.168614 0.737918 0.168084 0.737918 0.167342 0.737647 0.166795 0.736918 0.166332 0.735029 0.165418 0.733952 0.164995 0.732681 0.164580 0.729855 0.164783 0.728583 0.165330 0.727854 0.165753 0.727571 0.166601 0.727301 0.167344 0.727571 0.168681 0.729637 0.170521 0.730961 0.171647 0.732179 0.172746 0.732656 0.173293 0.733385 0.173496 0.734375
0 0.186235 0.711601 0.185688 0.712330 0.185328 0.712570 0.183775 0.713081 0.182874 0.713081 0.181592 0.712570 0.180685 0.711361 0.180301 0.709531 0.180504 0.708541 0.181231 0.707572 0.182334 0.707181 0.183505 0.707181 0.184675 0.707782 0.185688 0.708052 0.186235 0.708781 0.186438 0.709771 0.186352 0.710191 0.186438 0.710611
0 0.204093 0.650479 0.204093 0.651883 0.203890 0.652873 0.202442 0.654563 0.201721 0.655043 0.200349 0.655554 0.199538 0.655554 0.198346 0.655163 0.196454 0.654203 0.195547 0.652993 0.195254 0.651643 0.195434 0.645638 0.195817 0.643328 0.195997 0.642847 0.196634 0.641998 0.196994 0.641758 0.197737 0.641487 0.198367 0.641487 0.199109 0.641758 0.201068 0.643889 0.201430 0.643889 0.202622 0.644400 0.203169 0.645129 0.204070 0.647171 0.204273 0.648160 0.204273 0.649601
0 0.199409 0.657528 0.199206 0.655938 0.198389 0.654969 0.197510 0.654518 0.196824 0.653842 0.195367 0.651900 0.195265 0.651602 0.195626 0.649121 0.195333 0.647531 0.194425 0.646321 0.193413 0.645931 0.193053 0.645931 0.191770 0.646442 0.191426 0.646901 0.182812 0.646875 0.178906 0.647917 0.172656 0.656250 0.172656 0.659375 0.175000 0.662500 0.175210 0.662500 0.175460 0.663321 0.176368 0.664531 0.176908 0.664891 0.178010 0.665282 0.179181 0.665282 0.180194 0.664891 0.181912 0.662361 0.182739 0.660515 0.184375 0.658333 0.189195 0.658333 0.189332 0.658998 0.190689 0.660688 0.192221 0.661649 0.194224 0.662520 0.195305 0.662520 0.196857 0.661889 0.198755 0.659478 0.199206 0.658518
0 0.108656 0.516971 0.107675 0.518134 0.106957 0.518461 0.105612 0.520160 0.104310 0.521173 0.102808 0.521734 0.100600 0.521878 0.099804 0.522115 0.098665 0.523634 0.097923 0.523905 0.096855 0.523634 0.096042 0.522984 0.095247 0.522747 0.093218 0.522602 0.092821 0.522747 0.091627 0.522747 0.090885 0.522476 0.090121 0.521602 0.089918 0.520613 0.090121 0.519623 0.090555 0.518755 0.091862 0.517012 0.093707 0.515275 0.095268 0.514497 0.095444 0.514262 0.096512 0.513847 0.097815 0.513557 0.100962 0.513412 0.103550 0.514262 0.104432 0.514715 0.105993 0.514715 0.106516 0.514262 0.107367 0.513991 0.108109 0.514262 0.108656 0.514991 0.108859 0.515981
0 0.224571 0.417343 0.224368 0.415730 0.222326 0.413007 0.221397 0.412612 0.221225 0.412675 0.220998 0.411990 0.220291 0.411153 0.218066 0.409352 0.216795 0.408081 0.215836 0.407299 0.213060 0.405856 0.212575 0.405208 0.210156 0.408333 0.210156 0.409375 0.211719 0.416667 0.212500 0.417708 0.217188 0.421875 0.219040 0.421875 0.219627 0.422799 0.220369 0.423070 0.221111 0.422799 0.222197 0.421226 0.222606 0.420930 0.224274 0.418831 0.224477 0.417798
0 0.208974 0.383819 0.208427 0.384548 0.207901 0.384740 0.207847 0.384998 0.207220 0.385835 0.206317 0.386213 0.204771 0.385835 0.203327 0.384819 0.202966 0.384711 0.200579 0.384604 0.198834 0.385112 0.197005 0.386371 0.195539 0.387071 0.194574 0.387285 0.192804 0.387285 0.191821 0.386907 0.191016 0.386371 0.190644 0.385875 0.189488 0.385299 0.188861 0.384462 0.188657 0.383365 0.188861 0.382376 0.189890 0.381218 0.194574 0.379982 0.199158 0.379553 0.200016 0.379767 0.204306 0.379874 0.207684 0.380840 0.208427 0.381110 0.208974 0.381840 0.209177 0.382829
0 0.223141 0.443329 0.222594 0.444058 0.222017 0.444498 0.221275 0.444769 0.220274 0.444734 0.219544 0.445487 0.218555 0.445868 0.216989 0.445868 0.216247 0.445597 0.215422 0.444828 0.214298 0.443329 0.213725 0.441911 0.212290 0.441531 0.211743 0.440801 0.211540 0.439812 0.211743 0.438822 0.212290 0.438093 0.213032 0.437822 0.214166 0.437681 0.214845 0.436994 0.216164 0.436613 0.216907 0.436884 0.217649 0.437544 0.218308 0.438423 0.219379 0.439192 0.220574 0.440785 0.221852 0.440240 0.222594 0.440511 0.223141 0.441240 0.223344 0.442340
0 0.235193 0.493918 0.234646 0.494647 0.233904 0.494918 0.233162 0.494647 0.230403 0.490812 0.228373 0.489507 0.227248 0.488320 0.224751 0.486704 0.223817 0.485925 0.222569 0.484105 0.222015 0.481558 0.221899 0.479162 0.221517 0.478654 0.221314 0.477664 0.221517 0.476675 0.222064 0.475945 0.222806 0.475675 0.223666 0.475945 0.224250 0.476257 0.225023 0.477289 0.228105 0.478282 0.229346 0.479936 0.231259 0.481553 0.233558 0.484774 0.234142 0.486643 0.234462 0.488411 0.234462 0.489346 0.234175 0.490447 0.235193 0.491939 0.235396 0.492928
0 0.245674 0.475138 0.245127 0.475867 0.243467 0.476361 0.242391 0.476090 0.240742 0.475359 0.238711 0.475248 0.237968 0.474977 0.237421 0.474248 0.237218 0.473147 0.237922 0.470711 0.238391 0.470086 0.239138 0.468646 0.239674 0.465482 0.240221 0.464753 0.240964 0.464482 0.241706 0.464753 0.242336 0.465705 0.242623 0.467251 0.242706 0.469441 0.243004 0.470266 0.244063 0.471790 0.245127 0.472430 0.245674 0.473159 0.245877 0.474148
0 0.255139 0.467584 0.255139 0.465582 0.254936 0.464592 0.253873 0.462619 0.253350 0.458807 0.252720 0.457855 0.251978 0.457584 0.250985 0.457855 0.250272 0.458807 0.249990 0.459627 0.249296 0.460553 0.249066 0.460637 0.247017 0.463368 0.246684 0.464481 0.246480 0.465471 0.246480 0.466583 0.246767 0.467906 0.247685 0.470465 0.248186 0.471244 0.249270 0.474804 0.249817 0.475533 0.250559 0.475804 0.251385 0.475533 0.251938 0.474777 0.252303 0.474643 0.252933 0.473803 0.253684 0.471355 0.254852 0.469019 0.255055 0.467991
0 0.300016 0.485168 0.300016 0.483906 0.299576 0.481813 0.299148 0.481084 0.298749 0.479763 0.297611 0.478403 0.294858 0.477344 0.293084 0.477344 0.291987 0.477773 0.291751 0.478088 0.291396 0.478246 0.290849 0.478975 0.290376 0.480236 0.290173 0.481226 0.290173 0.482803 0.290612 0.484738 0.291514 0.485940 0.292105 0.486413 0.293406 0.487202 0.295856 0.487945 0.296836 0.488621 0.297814 0.488892 0.298557 0.488621 0.299222 0.487734 0.299414 0.486690 0.299813 0.486157
0 0.311960 0.477284 0.311757 0.476294 0.311210 0.475565 0.309404 0.474821 0.308457 0.474821 0.307715 0.475092 0.307006 0.475723 0.305276 0.478344 0.304567 0.481024 0.304364 0.482014 0.304364 0.483118 0.304567 0.484107 0.305114 0.484837 0.306329 0.485107 0.307781 0.484521 0.309318 0.483102 0.310693 0.481269 0.311402 0.479850 0.311757 0.478273
0 0.309595 0.491002 0.309358 0.488321 0.309155 0.487332 0.308682 0.486070 0.308017 0.485183 0.307275 0.484912 0.306533 0.485183 0.306160 0.485680 0.305736 0.485265 0.304759 0.484994 0.304212 0.484265 0.304009 0.483276 0.304009 0.482014 0.304212 0.481024 0.304650 0.480283 0.304543 0.479763 0.303996 0.479034 0.303254 0.478763 0.302822 0.478921 0.300889 0.478763 0.299674 0.479192 0.299122 0.479945 0.299458 0.480394 0.299661 0.481383 0.299543 0.484537 0.299291 0.485820 0.299718 0.488049 0.299870 0.488252 0.299870 0.489643 0.297655 0.489327 0.294976 0.488539 0.294267 0.488539 0.293525 0.488810 0.292741 0.489854 0.292538 0.490844 0.292538 0.492736 0.292741 0.493726 0.293525 0.494770 0.294589 0.495559 0.296887 0.496460 0.297782 0.496978 0.299083 0.497924 0.300029 0.498870 0.300383 0.499027 0.301211 0.499973 0.301953 0.500244 0.303136 0.500244 0.303878 0.499973 0.304469 0.499658 0.305061 0.499027 0.306081 0.497668 0.306835 0.496347 0.309037 0.493410 0.309274 0.492937 0.309477 0.491578
0 0.068653 0.319333 0.065815 0.322999 0.065083 0.324211 0.064395 0.325956 0.063671 0.326922 0.062929 0.327192 0.061921 0.326803 0.061108 0.325719 0.060638 0.324020 0.060638 0.323171 0.059348 0.322782 0.059027 0.322472 0.058928 0.322436 0.059010 0.322837 0.058807 0.323827 0.058171 0.324674 0.056986 0.325064 0.054945 0.325064 0.053526 0.324945 0.051985 0.324320 0.051276 0.323728 0.050729 0.322999 0.050526 0.322009 0.050729 0.321020 0.051276 0.320291 0.052018 0.320020 0.053456 0.320020 0.053826 0.319847 0.054132 0.319570 0.054074 0.319289 0.054277 0.318300 0.054824 0.317570 0.055566 0.317300 0.057340 0.317300 0.058139 0.317536 0.059502 0.318162 0.060574 0.319119 0.061566 0.317925 0.062719 0.317097 0.064969 0.316235 0.066300 0.316117 0.068106 0.316624 0.068653 0.317353 0.068856 0.318343
0 0.077181 0.338546 0.077181 0.337708 0.076978 0.336719 0.076431 0.335990 0.075689 0.335719 0.073462 0.335551 0.071289 0.334713 0.069780 0.334713 0.069038 0.334984 0.068491 0.335713 0.068288 0.336703 0.068288 0.337373 0.068994 0.340039 0.070044 0.341439 0.071426 0.342444 0.072169 0.342715 0.073552 0.342715 0.074294 0.342444 0.075092 0.341548 0.075164 0.341199 0.075425 0.341103 0.076085 0.340392 0.076431 0.340265 0.076978 0.339536
0 0.060886 0.340039 0.060215 0.340813 0.060335 0.341396 0.060132 0.342386 0.059585 0.343115 0.058843 0.343386 0.058101 0.343115 0.056466 0.341271 0.056089 0.341103 0.054958 0.340098 0.054502 0.339490 0.054078 0.339259 0.053405 0.338363 0.053202 0.337206 0.053405 0.336216 0.054958 0.334313 0.055634 0.333915 0.056375 0.332927 0.056830 0.332152 0.056925 0.331690 0.057472 0.330961 0.058340 0.330690 0.059082 0.330961 0.059629 0.331690 0.059832 0.332680 0.059832 0.336151 0.060101 0.337013 0.060886 0.337892 0.061089 0.339049
0 0.074328 0.402937 0.074328 0.402082 0.074125 0.401093 0.073150 0.399793 0.072408 0.399523 0.072160 0.399613 0.071339 0.399237 0.070597 0.399508 0.070050 0.400237 0.069847 0.401227 0.069954 0.402938 0.068453 0.402516 0.067063 0.402516 0.064504 0.403357 0.063957 0.404086 0.063342 0.407329 0.062781 0.408219 0.062578 0.409209 0.062914 0.410376 0.062460 0.411070 0.062257 0.412060 0.062257 0.412915 0.062460 0.413905 0.063435 0.415061 0.064497 0.415475 0.065241 0.415475 0.066000 0.416344 0.067063 0.416758 0.067491 0.416758 0.068767 0.416202 0.069314 0.415472 0.070276 0.412622 0.070833 0.408856 0.071559 0.407348 0.072735 0.405637 0.072989 0.404871 0.073578 0.404656 0.074125 0.403927
0 0.142744 0.535809 0.142119 0.536642 0.140907 0.536913 0.139539 0.536225 0.138209 0.534869 0.136254 0.532261 0.135784 0.531218 0.135158 0.530279 0.133720 0.527005 0.132497 0.525479 0.131479 0.524539 0.130620 0.523393 0.130416 0.521777 0.130620 0.520788 0.131166 0.520059 0.131909 0.519788 0.133042 0.520059 0.133825 0.520580 0.136798 0.523189 0.138597 0.525692 0.141883 0.531117 0.142275 0.531952 0.142947 0.534819
0 0.173543 0.544626 0.173340 0.543428 0.172245 0.541760 0.168921 0.540759 0.168227 0.540759 0.167909 0.540047 0.167471 0.537794 0.166298 0.536126 0.165046 0.534978 0.162270 0.533977 0.159609 0.533456 0.158632 0.533726 0.157929 0.534664 0.157726 0.535654 0.157726 0.536488 0.158085 0.538208 0.159024 0.539773 0.159963 0.541964 0.160823 0.543111 0.161527 0.543737 0.162798 0.544256 0.162546 0.544785 0.162342 0.545774 0.162342 0.546609 0.162546 0.547598 0.163092 0.548327 0.164069 0.548703 0.165165 0.548494 0.166377 0.548015 0.167236 0.546972 0.167440 0.545983 0.167236 0.544993 0.166967 0.544634 0.167289 0.544634 0.167866 0.545511 0.171503 0.546616 0.172051 0.546616 0.172793 0.546345 0.173340 0.545616
0 0.135292 0.479136 0.135089 0.478021 0.134542 0.477292 0.133800 0.477021 0.133058 0.477292 0.132322 0.478272 0.132008 0.478930 0.129688 0.481250 0.129688 0.487500 0.130538 0.487500 0.130625 0.487921 0.131172 0.488651 0.131914 0.488921 0.132668 0.488796 0.133411 0.488525 0.133958 0.487796 0.134161 0.486806 0.134161 0.485757 0.134375 0.485417 0.134375 0.481329 0.135089 0.480126
0 0.074987 0.529571 0.073772 0.531318 0.073390 0.531573 0.072648 0.531844 0.071503 0.531844 0.067419 0.530682 0.066872 0.529953 0.066669 0.528963 0.066872 0.527974 0.067515 0.527117 0.069634 0.525965 0.070760 0.524317 0.072075 0.523664 0.072913 0.523935 0.074033 0.525428 0.074987 0.527083 0.075190 0.528581
0 0.052852 0.528581 0.052649 0.527592 0.052184 0.526972 0.052184 0.526545 0.051790 0.525046 0.051243 0.524317 0.050501 0.524046 0.049928 0.524046 0.049186 0.524317 0.048544 0.525173 0.048162 0.526064 0.047863 0.527563 0.047959 0.529218 0.048544 0.531480 0.049472 0.532591 0.050501 0.532989 0.051339 0.532719 0.052458 0.530971 0.052757 0.529047
0 0.089605 0.501088 0.089510 0.497015 0.089211 0.495644 0.089020 0.495262 0.088092 0.494024 0.086968 0.493626 0.085748 0.494024 0.083674 0.496789 0.083196 0.497808 0.081524 0.503395 0.079283 0.506463 0.078614 0.508372 0.078411 0.509362 0.078411 0.510934 0.078125 0.512035 0.078328 0.513024 0.079352 0.514262 0.080094 0.514533 0.081123 0.514262 0.081886 0.513244 0.082650 0.512608 0.087970 0.505260 0.089116 0.503223 0.089510 0.501554
0 0.068470 0.454436 0.067726 0.455428 0.067102 0.455960 0.066843 0.457789 0.066148 0.458715 0.065258 0.459051 0.063499 0.458788 0.061346 0.458788 0.058355 0.459314 0.057613 0.459044 0.057066 0.458314 0.056863 0.457325 0.057066 0.456335 0.057613 0.455606 0.059002 0.455154 0.059536 0.454817 0.061113 0.452977 0.061606 0.452582 0.063036 0.451662 0.064469 0.451128 0.065406 0.451062 0.067824 0.451662 0.068470 0.452457 0.068673 0.453446
0 0.149477 0.202325 0.149274 0.201335 0.148727 0.200606 0.147489 0.200068 0.146296 0.199273 0.144983 0.197841 0.143954 0.196309 0.142999 0.195832 0.142257 0.195561 0.138080 0.195720 0.136860 0.196150 0.136074 0.197198 0.135871 0.198187 0.135871 0.198824 0.136432 0.200768 0.137029 0.201882 0.139486 0.204998 0.141899 0.206065 0.142959 0.206224 0.143808 0.206542 0.144405 0.206542 0.145505 0.206112 0.146410 0.205065 0.146613 0.204075 0.146562 0.203825 0.147985 0.204314 0.148727 0.204043 0.149274 0.203314
0 0.254827 0.208056 0.254827 0.206099 0.254624 0.205110 0.254135 0.203805 0.253814 0.203377 0.253279 0.202174 0.252606 0.201399 0.252344 0.200000 0.250000 0.196875 0.249219 0.196875 0.246094 0.195833 0.242188 0.197917 0.242188 0.198958 0.239844 0.204167 0.239844 0.204807 0.240070 0.205110 0.240274 0.206262 0.240070 0.207252 0.239581 0.208556 0.238806 0.209590 0.239010 0.210850 0.239443 0.211285 0.240524 0.211122 0.241189 0.210780 0.241953 0.209599 0.242940 0.209165 0.245019 0.209328 0.245609 0.209543 0.246035 0.209374 0.246233 0.209109 0.247465 0.208676 0.249299 0.208676 0.250531 0.209109 0.250882 0.209577 0.251387 0.209762 0.251973 0.210315 0.253404 0.210999 0.254257 0.210024 0.254624 0.209046
0 0.254380 0.226168 0.254135 0.226983 0.253646 0.227799 0.251876 0.230158 0.250286 0.231300 0.249620 0.231572 0.249691 0.231864 0.249488 0.232854 0.248696 0.233909 0.247954 0.234180 0.247056 0.234180 0.246609 0.234343 0.245019 0.234343 0.244277 0.234072 0.243730 0.233343 0.243527 0.232353 0.243730 0.231364 0.244521 0.230145 0.244949 0.229916 0.245500 0.229167 0.245913 0.228942 0.246233 0.228515 0.246884 0.228225 0.247567 0.227333 0.248133 0.225330 0.249658 0.223296 0.251256 0.222536 0.252235 0.222536 0.253833 0.223133 0.254380 0.223863 0.254583 0.225178
0 0.265631 0.246878 0.265273 0.247356 0.263436 0.248301 0.262428 0.248465 0.259695 0.248464 0.258392 0.248954 0.255781 0.248791 0.255039 0.249061 0.254851 0.249312 0.254003 0.248182 0.253678 0.246703 0.253881 0.245388 0.254428 0.244659 0.256882 0.244062 0.257952 0.244388 0.262752 0.244388 0.263168 0.244539 0.263600 0.244006 0.264342 0.243735 0.265085 0.244006 0.265631 0.244735 0.265835 0.245888
0 0.295799 0.244094 0.295799 0.243442 0.295595 0.242453 0.295229 0.241311 0.294942 0.240874 0.294739 0.239517 0.294192 0.238788 0.292961 0.238354 0.292307 0.238354 0.291613 0.238607 0.291303 0.238494 0.290088 0.239020 0.289480 0.237723 0.289039 0.237135 0.290121 0.236533 0.290121 0.235786 0.290324 0.234796 0.290623 0.234259 0.290641 0.233883 0.289180 0.231783 0.288994 0.231105 0.288389 0.230884 0.287231 0.231294 0.286580 0.232300 0.286377 0.233290 0.286538 0.234353 0.286398 0.234901 0.285748 0.235905 0.285545 0.236895 0.285545 0.237588 0.285922 0.239104 0.285476 0.242301 0.285476 0.244094 0.285802 0.245736 0.286348 0.246465 0.287091 0.246736 0.288167 0.246493 0.288167 0.247519 0.288492 0.248834 0.289039 0.249564 0.289781 0.249834 0.290407 0.249606 0.290735 0.250684 0.290735 0.252411 0.290938 0.253400 0.291485 0.254130 0.292227 0.254400 0.293092 0.254130 0.294372 0.252585 0.294617 0.251933 0.294942 0.250291 0.294942 0.248171 0.294564 0.246622 0.295351 0.245736 0.295595 0.245084
0 0.372552 0.235401 0.372005 0.236130 0.371137 0.236401 0.371084 0.236144 0.370537 0.235414 0.369194 0.234698 0.367736 0.234189 0.366035 0.234189 0.365802 0.235735 0.365255 0.236465 0.364513 0.236735 0.362500 0.235963 0.361953 0.235234 0.361780 0.234670 0.360965 0.233582 0.358990 0.232621 0.358443 0.231892 0.358240 0.230902 0.358443 0.229913 0.358990 0.229184 0.359366 0.229016 0.360610 0.228579 0.363492 0.228579 0.368997 0.230353 0.369669 0.231250 0.369751 0.231645 0.370359 0.232170 0.372005 0.232693 0.372552 0.233422 0.372755 0.234412
0 0.457091 0.258083 0.456888 0.256755 0.456341 0.256026 0.456023 0.255909 0.456457 0.253684 0.456457 0.251823 0.456127 0.249988 0.455580 0.249259 0.454737 0.249025 0.453906 0.247917 0.453639 0.248184 0.452935 0.247973 0.452192 0.248244 0.451098 0.249195 0.450543 0.249428 0.450210 0.249872 0.448767 0.250612 0.447712 0.251849 0.447459 0.252526 0.447256 0.253853 0.447459 0.254843 0.448006 0.255572 0.448748 0.255843 0.449636 0.255843 0.450781 0.255411 0.450781 0.259260 0.450250 0.260815 0.449666 0.263327 0.449539 0.264003 0.449539 0.265526 0.449869 0.267023 0.450250 0.267530 0.450884 0.269222 0.451431 0.269951 0.452173 0.270222 0.452916 0.269951 0.453589 0.269053 0.454224 0.266854 0.454494 0.265309 0.456888 0.259072
0 0.480635 0.273477 0.480432 0.272487 0.480252 0.272247 0.480070 0.271158 0.479523 0.270429 0.478781 0.270158 0.477662 0.270158 0.476785 0.269751 0.476351 0.269341 0.475337 0.268950 0.474431 0.268708 0.471168 0.268829 0.470064 0.269220 0.469517 0.269950 0.469314 0.271060 0.469517 0.272050 0.470064 0.272779 0.471106 0.273203 0.473235 0.274470 0.474479 0.274844 0.475048 0.275679 0.476243 0.276191 0.477965 0.276191 0.479160 0.275800 0.479885 0.275195 0.480432 0.274466
0 0.523863 0.287735 0.523863 0.286285 0.523569 0.284933 0.522844 0.283604 0.522391 0.282154 0.520666 0.279733 0.520179 0.279446 0.519760 0.278887 0.518401 0.278041 0.517404 0.277074 0.516571 0.276804 0.515829 0.277074 0.515282 0.277804 0.515191 0.278251 0.514557 0.279012 0.514354 0.280122 0.514738 0.282079 0.515010 0.282804 0.516348 0.284950 0.516620 0.286727 0.516620 0.287856 0.517004 0.289933 0.517276 0.290537 0.518004 0.291508 0.519001 0.292233 0.519743 0.292504 0.520377 0.292504 0.521391 0.292112 0.522573 0.290537 0.523660 0.288724
0 0.568852 0.328139 0.568541 0.326430 0.568204 0.325550 0.567989 0.321378 0.567786 0.320389 0.567131 0.319516 0.566924 0.319440 0.566406 0.318750 0.563281 0.316667 0.560937 0.318750 0.560937 0.323958 0.561719 0.325000 0.564063 0.329167 0.565294 0.329167 0.565862 0.330002 0.566604 0.330273 0.567252 0.330273 0.567994 0.330002 0.568649 0.329129
0 0.544266 0.307264 0.542641 0.309144 0.540011 0.310061 0.538757 0.310870 0.536936 0.311716 0.535870 0.311445 0.535323 0.310716 0.535201 0.310122 0.534460 0.309134 0.533988 0.308072 0.533597 0.307551 0.531655 0.303524 0.531236 0.301959 0.531439 0.300538 0.531986 0.299808 0.532728 0.299537 0.533686 0.299808 0.536428 0.302745 0.536414 0.301239 0.536618 0.300250 0.537380 0.299233 0.538338 0.298818 0.539956 0.298818 0.540699 0.299089 0.542425 0.300384 0.544159 0.302551 0.544470 0.303973 0.544292 0.305411 0.544470 0.306274
0 0.550943 0.300808 0.550782 0.299554 0.549248 0.297923 0.547994 0.296683 0.546443 0.296053 0.545148 0.295046 0.544493 0.294173 0.543859 0.291337 0.543612 0.291034 0.542869 0.290763 0.541804 0.291034 0.540609 0.292338 0.540286 0.293201 0.540083 0.294191 0.540083 0.296492 0.540286 0.297482 0.541041 0.299208 0.541804 0.300225 0.542878 0.301229 0.543590 0.302606 0.544385 0.305106 0.544932 0.305835 0.545674 0.306106 0.546417 0.305835 0.546618 0.305566 0.547131 0.305314 0.550085 0.304109 0.550632 0.303380 0.550835 0.302390 0.550740 0.301797
0 0.572656 0.220833 0.575781 0.220833 0.576562 0.220833 0.584375 0.226042 0.585156 0.226042 0.585156 0.232292 0.585156 0.233333 0.579688 0.234375 0.578906 0.234375 0.574219 0.233333 0.573438 0.233333 0.571094 0.231250 0.570312 0.231250 0.570312 0.225000 0.570312 0.223958 0.572656 0.220833
0 0.546965 0.268606 0.546242 0.265189 0.545695 0.264460 0.545142 0.264258 0.544531 0.259375 0.543750 0.258333 0.535937 0.257292 0.534375 0.258333 0.534375 0.259855 0.534843 0.259962 0.535982 0.259682 0.536724 0.259953 0.537271 0.260682 0.538124 0.263925 0.537806 0.266634 0.541406 0.270833 0.542517 0.270980 0.542624 0.271503 0.543014 0.272196 0.543821 0.273272 0.544563 0.273543 0.545461 0.273357 0.545151 0.271900 0.545151 0.270860 0.545354 0.269870 0.546031 0.268967 0.546965 0.268606
0 0.570727 0.221016 0.569916 0.221189 0.565756 0.221189 0.565014 0.220918 0.564467 0.220189 0.564264 0.219199 0.564467 0.218210 0.565014 0.217481 0.567354 0.216094 0.568709 0.215537 0.569659 0.214754 0.567187 0.211458 0.566406 0.211458 0.555469 0.213542 0.554688 0.212500 0.552344 0.208333 0.551562 0.208333 0.548438 0.206250 0.548438 0.210417 0.549219 0.211458 0.552142 0.214187 0.551912 0.215212 0.552115 0.216375 0.553182 0.217798 0.553832 0.218491 0.554190 0.218622 0.554742 0.219358 0.555831 0.219943 0.556146 0.220536 0.557218 0.224566 0.557633 0.227521 0.558096 0.229550 0.558518 0.230113 0.558876 0.231284 0.559423 0.232013 0.560165 0.232284 0.560907 0.232013 0.561454 0.231284 0.561536 0.230887 0.569531 0.226042 0.569531 0.225000
0 0.017748 0.172395 0.017624 0.163950 0.017420 0.162960 0.017172 0.162463 0.016625 0.161734 0.015883 0.161463 0.014892 0.161900 0.013973 0.163126 0.013554 0.164016 0.012855 0.164947 0.012731 0.165444 0.012110 0.166437 0.011892 0.167225 0.011613 0.167597 0.011213 0.168627 0.010997 0.168749 0.009406 0.168171 0.008428 0.166868 0.007686 0.166597 0.006820 0.166868 0.006273 0.167597 0.006025 0.168259 0.005821 0.169249 0.005821 0.170242 0.006025 0.171232 0.006630 0.171982 0.007018 0.172888 0.007872 0.173969 0.008633 0.176365 0.009800 0.177922 0.010543 0.178193 0.011536 0.178193 0.012902 0.177862 0.015507 0.176598 0.017296 0.174378 0.017545 0.173384
0 0.026859 0.158812 0.026611 0.159475 0.026069 0.160198 0.026069 0.162351 0.026193 0.163287 0.025990 0.164277 0.024822 0.165668 0.023707 0.165939 0.022965 0.165668 0.021921 0.164442 0.021052 0.162455 0.020804 0.161462 0.020560 0.161137 0.018491 0.161303 0.017497 0.161137 0.015886 0.160369 0.015339 0.159640 0.015136 0.158651 0.015339 0.157496 0.015886 0.156766 0.017161 0.156164 0.018246 0.155442 0.020727 0.154508 0.021844 0.154508 0.024213 0.155521 0.025073 0.155171 0.026188 0.155442 0.026859 0.156336 0.027062 0.157823
0 0.610973 0.517607 0.610426 0.518336 0.608900 0.518908 0.606684 0.520652 0.605942 0.520923 0.605273 0.520728 0.604712 0.520965 0.604278 0.521544 0.603476 0.522078 0.601531 0.522884 0.600847 0.522732 0.600414 0.522933 0.601376 0.524487 0.602820 0.526320 0.603054 0.527167 0.603622 0.528102 0.603825 0.529091 0.603622 0.530081 0.603075 0.530810 0.602333 0.531081 0.601323 0.530632 0.600643 0.529725 0.600275 0.528521 0.599440 0.527408 0.599385 0.527092 0.598166 0.525709 0.597581 0.525286 0.597034 0.524557 0.596934 0.524066 0.596633 0.523666 0.596430 0.522676 0.596479 0.522261 0.595977 0.522078 0.595430 0.521349 0.595227 0.520359 0.595430 0.519370 0.596245 0.518462 0.596987 0.518192 0.599305 0.518013 0.599794 0.517835 0.600796 0.518103 0.601084 0.517998 0.601641 0.517682 0.602125 0.517037 0.602978 0.516435 0.603328 0.515968 0.604531 0.515433 0.605467 0.514186 0.606209 0.513915 0.607679 0.513915 0.610426 0.514898 0.610973 0.515628 0.611176 0.516617
0 0.626343 0.543981 0.625529 0.544888 0.624787 0.545159 0.623616 0.545122 0.621713 0.545872 0.617837 0.545694 0.617095 0.545423 0.616754 0.544969 0.616099 0.545159 0.614956 0.544710 0.614522 0.544132 0.613887 0.543819 0.613206 0.542912 0.613155 0.542663 0.612417 0.542393 0.611615 0.541324 0.610946 0.540790 0.610348 0.539991 0.609343 0.539720 0.608796 0.538991 0.608593 0.538002 0.608796 0.537012 0.609343 0.536283 0.610085 0.536012 0.611421 0.536012 0.614850 0.537081 0.615565 0.537081 0.617376 0.537708 0.618662 0.538532 0.620597 0.539398 0.622335 0.539754 0.623450 0.539754 0.624192 0.540025 0.625796 0.541094 0.626343 0.541824 0.626546 0.542991
0 0.633694 0.531863 0.633147 0.532592 0.631730 0.533894 0.631358 0.534622 0.631155 0.536140 0.630474 0.537047 0.628930 0.537674 0.627743 0.537853 0.627546 0.538813 0.626865 0.539720 0.625722 0.539991 0.624980 0.539720 0.624300 0.538813 0.624096 0.537823 0.624096 0.534800 0.623631 0.533823 0.622996 0.531551 0.621225 0.528477 0.621022 0.527309 0.621225 0.526320 0.621772 0.525591 0.622515 0.525320 0.623584 0.525498 0.625529 0.526482 0.626464 0.527373 0.626865 0.527551 0.627483 0.528375 0.627815 0.528527 0.631336 0.528349 0.633147 0.528976 0.633694 0.529706 0.633897 0.530873
0 0.621066 0.532299 0.621066 0.530873 0.620596 0.528458 0.620329 0.527745 0.618579 0.525591 0.617302 0.524963 0.616589 0.524963 0.616656 0.523745 0.616453 0.522756 0.616319 0.522399 0.614970 0.520601 0.614168 0.520066 0.613426 0.519795 0.612891 0.519795 0.612149 0.520066 0.611602 0.520795 0.611399 0.521785 0.611399 0.523567 0.611736 0.525448 0.611953 0.525737 0.612672 0.527764 0.613456 0.528810 0.613538 0.529208 0.613404 0.533368 0.613741 0.534714 0.615758 0.537226 0.617168 0.537674 0.618980 0.536869 0.619660 0.535962 0.619794 0.535427 0.620195 0.534892 0.620863 0.533289
0 0.640167 0.554478 0.639964 0.553360 0.639417 0.552631 0.638675 0.552360 0.636549 0.552360 0.635718 0.552748 0.628060 0.551128 0.627700 0.553661 0.627700 0.555038 0.627893 0.557015 0.628377 0.559504 0.628473 0.560792 0.628377 0.563112 0.627980 0.564874 0.627727 0.565341 0.626917 0.568353 0.626337 0.569771 0.623437 0.574024 0.623437 0.575000 0.625000 0.577083 0.627344 0.577083 0.627344 0.576042 0.628125 0.571875 0.628906 0.570833 0.631250 0.568750 0.631250 0.567708 0.632812 0.558333 0.633594 0.557292 0.638281 0.557292 0.638281 0.556339 0.638675 0.556468 0.639417 0.556197 0.639964 0.555468
0 0.681704 0.531235 0.681501 0.529785 0.681156 0.528865 0.680609 0.528136 0.679761 0.527771 0.679288 0.527295 0.679288 0.525623 0.679688 0.520833 0.678906 0.519792 0.678906 0.516667 0.678125 0.515625 0.676562 0.515625 0.672106 0.519339 0.671186 0.519545 0.670312 0.520833 0.670312 0.521300 0.669834 0.522269 0.669631 0.523258 0.669631 0.526173 0.669834 0.527162 0.670496 0.528045 0.672337 0.529579 0.673488 0.530806 0.675443 0.532033 0.678717 0.533685 0.679407 0.533685 0.680724 0.533261 0.681501 0.532225
0 0.731741 0.531367 0.731741 0.526709 0.731538 0.525719 0.729957 0.522281 0.728959 0.518842 0.728543 0.517955 0.727746 0.516893 0.726665 0.516116 0.725775 0.515732 0.724336 0.514674 0.723171 0.513565 0.722589 0.513232 0.718803 0.511957 0.718976 0.511726 0.719179 0.510736 0.718976 0.509747 0.718429 0.509017 0.717687 0.508747 0.716945 0.509017 0.716446 0.509572 0.715780 0.510016 0.715150 0.510856 0.714947 0.512067 0.715233 0.513390 0.715722 0.514152 0.715899 0.514832 0.716779 0.516115 0.718602 0.516941 0.720669 0.517052 0.722890 0.525936 0.722637 0.526274 0.722434 0.527263 0.722637 0.528253 0.723184 0.528982 0.727593 0.531422 0.729257 0.533086 0.730249 0.533357 0.730991 0.533086 0.731538 0.532357
0 0.813281 0.328125 0.816406 0.329167 0.817187 0.329167 0.818750 0.331250 0.819531 0.332292 0.821094 0.338542 0.821094 0.339583 0.823438 0.343750 0.824219 0.344792 0.821875 0.353125 0.821094 0.354167 0.814844 0.352083 0.814063 0.351042 0.803906 0.350000 0.803125 0.348958 0.803125 0.345833 0.803125 0.344792 0.805469 0.339583 0.806250 0.338542 0.807031 0.333333 0.807031 0.332292 0.813281 0.328125
0 0.860938 0.236458 0.860938 0.232292 0.860156 0.231250 0.856250 0.228125 0.851562 0.228125 0.846875 0.235417 0.846875 0.241667 0.847309 0.242245 0.847308 0.242727 0.847869 0.245308 0.848586 0.247217 0.850565 0.249538 0.851307 0.249809 0.853455 0.249809 0.854436 0.249379 0.855460 0.247854 0.856147 0.243437 0.856842 0.241312
0 0.778906 0.221893 0.773922 0.220816 0.772368 0.216865 0.771963 0.212989 0.770312 0.212500 0.769712 0.212900 0.769913 0.226197 0.770312 0.227083 0.769913 0.227615 0.769674 0.229899 0.771875 0.257292 0.772656 0.256250 0.778125 0.252083 0.777344 0.243750 0.778125 0.242708
0 0.991744 0.352007 0.991540 0.350854 0.990871 0.349962 0.989404 0.348657 0.988661 0.348387 0.986827 0.348387 0.986380 0.348550 0.982259 0.348550 0.981102 0.348114 0.982812 0.345833 0.982812 0.340625 0.987500 0.334375 0.986719 0.333333 0.982812 0.329167 0.982031 0.329167 0.974219 0.327083 0.974219 0.338542 0.973437 0.339583 0.973337 0.340522 0.971775 0.341808 0.970494 0.343679 0.970291 0.344668 0.970291 0.346788 0.970494 0.347778 0.971182 0.349021 0.971350 0.349572 0.972386 0.350953 0.976064 0.352040 0.978226 0.352202 0.978322 0.352670 0.979235 0.353889 0.979847 0.354378 0.980589 0.354649 0.981445 0.354649 0.983605 0.353996 0.986582 0.353833 0.987029 0.353670 0.990251 0.353996 0.990994 0.353726 0.991540 0.352996
0 0.879780 0.284678 0.879780 0.283826 0.879577 0.282836 0.878604 0.281396 0.877222 0.280841 0.876796 0.280841 0.875414 0.281538 0.874228 0.283120 0.873912 0.284332 0.871893 0.283541 0.871254 0.283541 0.869446 0.284381 0.868366 0.285820 0.868163 0.286810 0.868163 0.288089 0.868366 0.289078 0.869232 0.290234 0.870765 0.291282 0.872213 0.292787 0.872213 0.296757 0.872522 0.298173 0.874135 0.300465 0.874668 0.300892 0.875623 0.301163 0.876365 0.300892 0.876912 0.300163 0.877658 0.298884 0.877978 0.297889 0.878181 0.296899 0.878181 0.294910 0.877329 0.290980 0.877329 0.290229 0.878165 0.287834 0.879577 0.285668
0 0.963882 0.796409 0.963679 0.795069 0.962627 0.793199 0.959452 0.788965 0.958488 0.788030 0.957632 0.786890 0.957019 0.785605 0.956384 0.784759 0.955642 0.784488 0.954900 0.784759 0.954353 0.785488 0.954150 0.786594 0.954325 0.787449 0.954413 0.791308 0.954221 0.792441 0.953740 0.793316 0.953537 0.794890 0.953915 0.796581 0.954616 0.797866 0.955251 0.798712 0.956039 0.799179 0.957220 0.799567 0.959323 0.799567 0.960667 0.799333 0.961601 0.799684 0.962127 0.799684 0.962869 0.799413 0.963504 0.798567 0.963679 0.797399
0 0.910262 0.606835 0.910059 0.605418 0.909085 0.604118 0.908443 0.603691 0.907487 0.603420 0.906745 0.603691 0.906319 0.604259 0.903125 0.596875 0.902344 0.595833 0.900000 0.594792 0.900000 0.609375 0.900781 0.610417 0.902146 0.612844 0.902146 0.614104 0.902349 0.615094 0.902670 0.615949 0.903217 0.616678 0.904494 0.617092 0.905236 0.616821 0.906743 0.615239 0.908443 0.614825 0.909311 0.613669 0.909621 0.612109 0.909591 0.610256 0.909728 0.608708 0.909859 0.608091 0.910059 0.607824
0 0.983594 0.626042 0.981250 0.622917 0.979981 0.622801 0.979218 0.620934 0.977818 0.618898 0.976927 0.617031 0.976125 0.615963 0.975129 0.615522 0.974386 0.615793 0.973840 0.616522 0.973636 0.617682 0.973840 0.618671 0.974459 0.620007 0.974782 0.621285 0.974782 0.622152 0.974527 0.623621 0.974527 0.627243 0.973919 0.629483 0.973368 0.629878 0.972986 0.630387 0.972096 0.630896 0.971421 0.631795 0.971218 0.632784 0.971421 0.633944 0.971968 0.634673 0.972838 0.634944 0.973580 0.634673 0.973914 0.634228 0.975489 0.633315 0.977016 0.632636 0.978085 0.631415 0.982031 0.632292 0.982812 0.631250
0 0.875277 0.574725 0.875074 0.573533 0.874527 0.572804 0.874181 0.572678 0.874014 0.571513 0.873012 0.569976 0.872270 0.569705 0.871513 0.569705 0.870164 0.570178 0.869618 0.570907 0.869414 0.571897 0.869414 0.572705 0.869618 0.573694 0.871982 0.576646 0.872725 0.576916 0.873634 0.576916 0.874376 0.576646 0.875074 0.575714
0 0.880580 0.567856 0.880377 0.566867 0.879830 0.566138 0.878667 0.565867 0.878012 0.565330 0.877270 0.565059 0.876512 0.565059 0.875770 0.565330 0.875072 0.566261 0.874869 0.567250 0.874869 0.569674 0.875223 0.571674 0.875922 0.572807 0.876967 0.573078 0.878315 0.572403 0.879317 0.571068 0.879710 0.569619 0.880377 0.568846
0 0.901531 0.555696 0.899908 0.559544 0.899361 0.560273 0.898258 0.560544 0.896969 0.559544 0.896586 0.557832 0.896789 0.555159 0.898598 0.552506 0.899340 0.552236 0.900984 0.552506 0.901531 0.553236 0.901734 0.554706
0 0.941406 0.595833 0.941406 0.596875 0.940579 0.599081 0.941555 0.600382 0.941758 0.601372 0.941555 0.602484 0.941008 0.603213 0.939622 0.603852 0.938518 0.603852 0.937776 0.603582 0.936953 0.602484 0.936657 0.600960 0.936237 0.600399 0.936237 0.593764 0.936053 0.592334 0.936145 0.588937 0.938281 0.580208 0.941406 0.580208 0.942187 0.581250
0 0.933329 0.653174 0.933126 0.651811 0.932486 0.650958 0.931092 0.650563 0.929604 0.651206 0.928021 0.652449 0.926915 0.653923 0.926449 0.655289 0.926153 0.657273 0.926153 0.659384 0.926729 0.662361 0.928219 0.664970 0.928778 0.666336 0.929604 0.667438 0.930719 0.667833 0.931461 0.667562 0.932195 0.666584 0.932677 0.664353 0.932770 0.663732 0.932770 0.658266 0.932584 0.655971 0.933126 0.654163
0 0.866645 0.650070 0.866098 0.650799 0.865356 0.651070 0.864771 0.650987 0.864490 0.652304 0.864131 0.653262 0.863075 0.654490 0.862934 0.655178 0.862387 0.655907 0.861698 0.656187 0.861070 0.656864 0.860328 0.657135 0.859586 0.656864 0.859310 0.656497 0.857215 0.656497 0.855341 0.656177 0.853384 0.656178 0.851271 0.655379 0.849793 0.655379 0.848452 0.654949 0.846943 0.653943 0.846201 0.653943 0.844142 0.653353 0.843356 0.652464 0.843153 0.651315 0.843356 0.650325 0.844023 0.649436 0.844765 0.649166 0.845603 0.649166 0.847956 0.650123 0.849697 0.650554 0.851548 0.651400 0.852450 0.651400 0.853407 0.651081 0.854244 0.650494 0.854797 0.649756 0.855779 0.649325 0.859569 0.649065 0.859877 0.648250 0.860663 0.647202 0.862363 0.646612 0.864518 0.646771 0.866098 0.647361 0.866645 0.648090 0.866848 0.649080
0 0.872165 0.676341 0.872165 0.675695 0.871962 0.674705 0.871294 0.673814 0.870662 0.673555 0.870324 0.673168 0.869657 0.672925 0.869476 0.672683 0.868370 0.672251 0.867264 0.672522 0.866475 0.673412 0.866261 0.674190 0.864962 0.674622 0.864172 0.675675 0.863809 0.676483 0.863606 0.677472 0.863606 0.678854 0.863475 0.679352 0.862960 0.680199 0.862112 0.682462 0.861667 0.684744 0.861667 0.685875 0.861991 0.687349 0.862901 0.688563 0.864007 0.688996 0.864976 0.688907 0.864808 0.690178 0.864536 0.690541 0.864333 0.691531 0.864333 0.692662 0.864657 0.694136 0.865568 0.695512 0.865931 0.695835 0.866673 0.696106 0.867764 0.696106 0.868749 0.695673 0.869296 0.694944 0.869499 0.693954 0.869296 0.692965 0.868974 0.692535 0.869014 0.691369 0.868408 0.687546 0.868408 0.684921 0.868584 0.684096 0.869173 0.683675 0.869688 0.684362 0.870552 0.684633 0.871294 0.684362 0.871841 0.683633 0.872044 0.682643 0.872044 0.681674 0.871841 0.680684 0.871294 0.679955 0.870074 0.679525 0.871962 0.677331
0 0.881122 0.643334 0.880745 0.640953 0.879329 0.638601 0.874761 0.635549 0.872281 0.635820 0.871386 0.637012 0.871129 0.638346 0.868952 0.640722 0.868749 0.642175 0.869499 0.643894 0.871110 0.644164 0.873040 0.643005 0.874831 0.643704 0.876399 0.648187 0.876602 0.650583 0.877891 0.651583 0.879180 0.650583 0.879383 0.649593 0.879383 0.647275 0.878916 0.645555 0.880024 0.645285 0.880919 0.644324
0 0.906552 0.634366 0.904971 0.637027 0.904228 0.637298 0.903486 0.637027 0.900869 0.634090 0.900728 0.631418 0.899631 0.628409 0.899835 0.624383 0.901331 0.623107 0.902694 0.623378 0.903444 0.625097 0.902616 0.627106 0.904435 0.626971 0.905931 0.628247 0.906756 0.630617 0.906756 0.633376
0 0.570012 0.536801 0.569385 0.534114 0.568059 0.532895 0.566406 0.521875 0.565625 0.520833 0.560156 0.517708 0.557813 0.519792 0.557813 0.520833 0.557031 0.522917 0.557813 0.532292 0.558594 0.533333 0.564058 0.536369 0.564270 0.539346 0.565020 0.541065 0.566505 0.541065 0.567273 0.540040 0.568838 0.539368 0.569809 0.537790
0 0.576626 0.553738 0.576626 0.552496 0.576290 0.551063 0.575676 0.550245 0.575243 0.550087 0.574612 0.549180 0.573869 0.548909 0.572728 0.549180 0.572047 0.550000 0.570312 0.550000 0.568672 0.551641 0.568157 0.550955 0.567415 0.550684 0.566673 0.550955 0.566126 0.551684 0.565923 0.553295 0.566189 0.555513 0.567054 0.559066 0.566721 0.560481 0.566991 0.561914 0.567671 0.562910 0.569012 0.563535 0.571341 0.563890 0.571940 0.563890 0.572682 0.563619 0.573295 0.562802 0.573745 0.561315 0.574493 0.559874 0.574784 0.558776 0.575159 0.558099 0.576423 0.554728
0 0.543117 0.520993 0.543039 0.520636 0.541738 0.518900 0.540571 0.517847 0.539758 0.516889 0.538532 0.516260 0.536834 0.514248 0.536092 0.513977 0.535803 0.513977 0.535212 0.515196 0.533722 0.517182 0.531612 0.519242 0.531171 0.520206 0.531253 0.522234 0.535197 0.522260 0.535668 0.522511 0.537613 0.524601 0.538368 0.525230 0.539216 0.525859 0.540713 0.526507 0.540753 0.526497 0.540753 0.524632 0.539971 0.523590 0.541534 0.520465
0 0.486128 0.524783 0.486128 0.523535 0.485658 0.521833 0.484844 0.520748 0.484309 0.520391 0.483166 0.520120 0.480622 0.521190 0.477018 0.521189 0.476276 0.521460 0.475741 0.521817 0.474660 0.523259 0.473858 0.525219 0.473521 0.526921 0.473521 0.528703 0.473858 0.530762 0.474125 0.531475 0.474526 0.532366 0.475328 0.533435 0.477211 0.536481 0.477612 0.536838 0.478354 0.537108 0.479290 0.537108 0.481516 0.536396 0.481963 0.536396 0.484844 0.535055 0.485792 0.533970 0.485995 0.532980 0.485594 0.531493 0.485861 0.529773 0.485861 0.526147 0.485995 0.525434
0 0.464792 0.514697 0.463905 0.515729 0.462822 0.516152 0.461571 0.516152 0.460829 0.515881 0.459920 0.515275 0.456440 0.512604 0.455942 0.512396 0.455395 0.511666 0.455192 0.510525 0.455395 0.509536 0.456560 0.507983 0.456613 0.507722 0.455988 0.505525 0.456191 0.504384 0.456738 0.503654 0.457480 0.503384 0.458246 0.503687 0.458957 0.503687 0.460094 0.503990 0.461632 0.504715 0.462747 0.506354 0.463745 0.511283 0.463745 0.511806 0.464246 0.511989 0.464792 0.512718 0.464996 0.513707
0 0.525437 0.519954 0.525437 0.514841 0.525234 0.513851 0.524687 0.513122 0.523807 0.512851 0.522188 0.513408 0.521616 0.513399 0.520052 0.513852 0.519368 0.514764 0.519165 0.515754 0.519255 0.516193 0.518820 0.516956 0.518343 0.519406 0.518343 0.522145 0.518546 0.523135 0.518683 0.523683 0.520189 0.525690 0.520874 0.526238 0.521616 0.526509 0.522164 0.526509 0.523317 0.526056 0.524001 0.524961 0.524221 0.523645 0.525234 0.520944
0 0.436810 0.580903 0.436810 0.580126 0.436477 0.578279 0.436432 0.575779 0.436109 0.575015 0.435356 0.573901 0.434847 0.573686 0.431242 0.573797 0.428660 0.572487 0.426476 0.573371 0.423914 0.575190 0.422885 0.575675 0.422049 0.576901 0.421044 0.578906 0.420677 0.578802 0.419934 0.579073 0.419388 0.579802 0.419228 0.581002 0.418984 0.581250 0.419278 0.581250 0.419388 0.581782 0.419934 0.582511 0.420548 0.582885 0.421016 0.583509 0.423089 0.584445 0.423671 0.584445 0.424414 0.584174 0.424996 0.583620 0.425543 0.582891 0.425625 0.582560 0.426666 0.582449 0.427908 0.582067 0.430258 0.580789 0.430500 0.581069 0.431408 0.581451 0.432569 0.581339 0.433827 0.582511 0.434985 0.583003 0.435977 0.582732 0.436607 0.581893
0 0.331428 0.559874 0.331225 0.560863 0.331225 0.564624 0.330393 0.567703 0.330393 0.570540 0.329783 0.573215 0.328737 0.574978 0.328190 0.575708 0.327448 0.575978 0.326567 0.575708 0.326374 0.575449 0.325781 0.576042 0.325000 0.576042 0.323437 0.561458 0.322656 0.560417 0.329688 0.557292 0.330124 0.558456 0.330499 0.558319 0.331241 0.558590 0.331816 0.559357
0 0.334051 0.609042 0.333730 0.606637 0.333111 0.605027 0.332904 0.604122 0.332240 0.603236 0.331497 0.602965 0.330554 0.602965 0.329812 0.603236 0.329081 0.603897 0.327135 0.603032 0.326745 0.602512 0.326302 0.600978 0.324812 0.598992 0.324070 0.598721 0.323244 0.598721 0.322502 0.598992 0.321913 0.599306 0.321366 0.600035 0.321163 0.601025 0.321163 0.603697 0.321366 0.604687 0.321913 0.605416 0.322101 0.605484 0.321875 0.607292 0.322656 0.608333 0.322656 0.610417 0.325000 0.613542 0.325781 0.613542 0.329688 0.614583 0.330469 0.613542 0.332813 0.612500 0.332813 0.610939 0.333301 0.610761 0.333848 0.610031
0 0.345058 0.610956 0.345058 0.610144 0.344753 0.608613 0.344003 0.607613 0.342380 0.606260 0.341637 0.605989 0.340248 0.605854 0.339679 0.605230 0.338576 0.601237 0.339374 0.600037 0.339577 0.599048 0.339577 0.597965 0.339273 0.596434 0.338726 0.595705 0.337578 0.595434 0.336157 0.595570 0.334907 0.595976 0.333994 0.596652 0.333447 0.597381 0.333244 0.597923 0.333041 0.598912 0.333041 0.599860 0.333244 0.600849 0.333574 0.601288 0.333650 0.601661 0.334501 0.602796 0.335110 0.603337 0.335680 0.603555 0.336390 0.607886 0.337405 0.610996 0.336867 0.610996 0.336125 0.611267 0.335765 0.611575 0.334939 0.611267 0.333892 0.611537 0.333346 0.612267 0.333142 0.613256 0.333346 0.614246 0.333892 0.614975 0.334235 0.615161 0.334806 0.615922 0.335922 0.616869 0.336766 0.617140 0.337508 0.616869 0.338072 0.616058 0.339370 0.615787 0.339811 0.615922 0.340927 0.615787 0.343090 0.614840 0.344449 0.613163 0.344855 0.611945
0 0.618551 0.357846 0.618008 0.355272 0.615086 0.351376 0.613220 0.350019 0.610951 0.349296 0.608236 0.349296 0.605627 0.350019 0.602875 0.352105 0.602875 0.354537 0.605118 0.357302 0.611566 0.360922 0.613156 0.361419 0.615362 0.361193 0.617631 0.359791 0.618348 0.358835
0 0.663109 0.361738 0.663109 0.358083 0.662761 0.356708 0.662215 0.355979 0.661472 0.355708 0.660730 0.355979 0.660183 0.356708 0.660035 0.357305 0.658748 0.356449 0.657742 0.354825 0.656423 0.354169 0.653826 0.354169 0.652811 0.354455 0.652028 0.354455 0.650242 0.355282 0.648861 0.357124 0.648652 0.357819 0.648339 0.358237 0.647922 0.359767 0.647614 0.361452 0.647614 0.363399 0.648026 0.365084 0.649095 0.366370 0.650776 0.367058 0.653393 0.367190 0.655001 0.366534 0.655663 0.365843 0.656588 0.365572 0.657056 0.365140 0.657856 0.364727 0.660030 0.364689 0.661782 0.364034 0.662906 0.362727
0 0.634375 0.286458 0.646094 0.290625 0.646875 0.290625 0.647656 0.291667 0.648438 0.292708 0.648438 0.296875 0.648438 0.297917 0.644531 0.300000 0.643750 0.301042 0.639062 0.301042 0.638281 0.301042 0.631250 0.295833 0.630469 0.295833 0.628906 0.291667 0.628906 0.290625 0.634375 0.286458
0 0.675000 0.280208 0.675000 0.279167 0.673438 0.273958 0.672656 0.273958 0.669531 0.272917 0.667188 0.276042 0.667188 0.277083 0.667969 0.282292 0.668551 0.282292 0.669025 0.282753 0.669767 0.283024 0.671114 0.282939 0.672370 0.282326 0.673524 0.281299 0.674123 0.280501
0 0.752344 0.268750 0.752344 0.267708 0.752047 0.265529 0.750182 0.264113 0.748462 0.261992 0.747810 0.260601 0.747418 0.259384 0.746954 0.257003 0.746954 0.255264 0.748201 0.249579 0.749922 0.247285 0.752304 0.244986 0.752245 0.244625 0.751196 0.244211 0.750521 0.244211 0.749953 0.244004 0.744092 0.244004 0.739062 0.245833 0.738281 0.246875 0.735938 0.248958 0.735938 0.250000 0.733594 0.254167 0.733594 0.261458 0.734375 0.262500 0.735156 0.264583 0.735938 0.264583 0.740625 0.263542 0.741406 0.264583 0.750781 0.269792 0.751563 0.269792
0 0.924219 0.294792 0.924219 0.287138 0.922530 0.287345 0.920899 0.286140 0.914844 0.290625 0.910349 0.281636 0.909512 0.282035 0.908576 0.282035 0.907567 0.281586 0.906218 0.279609 0.905449 0.277514 0.904881 0.276758 0.904577 0.276042 0.901045 0.276042 0.900509 0.277827 0.899491 0.280077 0.899307 0.280856 0.898706 0.282014 0.898307 0.284261 0.898307 0.288126 0.898656 0.289771 0.899173 0.290639 0.899274 0.291130 0.901433 0.293474 0.902381 0.294916 0.902851 0.296975 0.902851 0.298044 0.902514 0.299568 0.901712 0.301885 0.900433 0.304303 0.901563 0.311458 0.902344 0.312500 0.903906 0.313542 0.910156 0.304167 0.910937 0.304167 0.915625 0.301042 0.920312 0.301042 0.920312 0.300000
0 0.896762 0.315118 0.896762 0.314076 0.895981 0.310951 0.895200 0.309910 0.892856 0.302618 0.892075 0.301576 0.888950 0.300535 0.886606 0.302618 0.886606 0.303660 0.885837 0.310839 0.886390 0.310845 0.888468 0.311651 0.889717 0.313151 0.889843 0.314795 0.890110 0.316221 0.890901 0.318955 0.890912 0.319963 0.891293 0.321368 0.891662 0.321682 0.892404 0.321953 0.893146 0.321682 0.893382 0.321368 0.894418 0.321368 0.895200 0.320326
0 0.960210 0.253715 0.959982 0.254776 0.959095 0.255808 0.958352 0.256079 0.957610 0.255808 0.957063 0.255079 0.956381 0.253109 0.956065 0.251210 0.956026 0.248846 0.955415 0.246972 0.954904 0.246290 0.954179 0.244263 0.953722 0.243653 0.953095 0.243501 0.952389 0.244291 0.951647 0.244562 0.950791 0.244291 0.948973 0.242018 0.947836 0.241412 0.946721 0.240077 0.946291 0.238481 0.946494 0.237188 0.947268 0.236005 0.948291 0.235247 0.949488 0.234825 0.950426 0.234825 0.951192 0.234522 0.952443 0.234522 0.954208 0.235095 0.956708 0.236611 0.957255 0.237340 0.957458 0.238329 0.957257 0.239611 0.957952 0.241754 0.958846 0.243401 0.959116 0.244368 0.959301 0.244614 0.960299 0.249695 0.960413 0.252725
0 0.967232 0.241057 0.967029 0.240068 0.966482 0.239338 0.966041 0.239177 0.965523 0.238212 0.965438 0.237795 0.964436 0.236459 0.963868 0.236005 0.963126 0.235734 0.961929 0.236005 0.961336 0.236795 0.960284 0.236795 0.959542 0.237065 0.958995 0.237795 0.958792 0.238784 0.958792 0.239542 0.959109 0.240986 0.960565 0.243079 0.961035 0.243250 0.962497 0.245352 0.962952 0.245655 0.963694 0.245926 0.964376 0.245926 0.965118 0.245655 0.966347 0.243865 0.967029 0.242047
0 0.942662 0.174526 0.942662 0.173624 0.942459 0.172635 0.942053 0.171552 0.941506 0.170823 0.940764 0.170552 0.939844 0.170833 0.935156 0.162500 0.934375 0.162500 0.931250 0.160417 0.930214 0.161798 0.930214 0.164306 0.930350 0.164965 0.930291 0.166514 0.933594 0.177083 0.934375 0.178125 0.937500 0.183333 0.937783 0.183333 0.937986 0.184355 0.938533 0.185085 0.939275 0.185355 0.940018 0.185085 0.940564 0.184355 0.940767 0.183366 0.940767 0.181319 0.941208 0.178808 0.941444 0.177771 0.942459 0.175516
0 0.895337 0.119824 0.898462 0.119824 0.899243 0.119824 0.901587 0.121907 0.902368 0.122949 0.902368 0.133365 0.902368 0.134407 0.900024 0.140657 0.899243 0.141699 0.894555 0.140657 0.893774 0.140657 0.889868 0.130240 0.889087 0.129199 0.889087 0.125032 0.889087 0.123990 0.895337 0.119824
0 0.944394 0.081282 0.944394 0.072949 0.943670 0.071457 0.942381 0.070457 0.939061 0.070728 0.938329 0.072362 0.937146 0.073263 0.935938 0.076658 0.933457 0.080240 0.935019 0.083365 0.935801 0.083365 0.938926 0.085449 0.939707 0.084407
0 0.965895 0.078675 0.965253 0.074913 0.964344 0.073272 0.963642 0.069114 0.962598 0.067722 0.961387 0.067295 0.960015 0.067722 0.959132 0.068899 0.958167 0.074165 0.958639 0.081789 0.958328 0.085332 0.959937 0.089954 0.960981 0.091345 0.962192 0.091773 0.963886 0.091345 0.965414 0.089739 0.965734 0.088124 0.965414 0.086295 0.964124 0.084739 0.963640 0.082707 0.963897 0.081747 0.964692 0.081466 0.965575 0.080289 0.965895 0.078675
0 0.928367 0.278737 0.928046 0.280352 0.926859 0.281800 0.925547 0.282227 0.925039 0.282227 0.923828 0.281800 0.922724 0.281064 0.920020 0.279926 0.918036 0.279926 0.916826 0.279499 0.915943 0.278322 0.915622 0.276707 0.915943 0.275093 0.916927 0.273781 0.917370 0.273597 0.917942 0.272833 0.919153 0.272406 0.920364 0.272833 0.920993 0.273672 0.922997 0.274483 0.923422 0.273916 0.924633 0.273489 0.925141 0.273489 0.926656 0.274051 0.927640 0.275364 0.928046 0.276581 0.928367 0.278196 0.928367 0.278737
0 0.804506 0.298609 0.804185 0.296720 0.803349 0.295606 0.803906 0.293750 0.803906 0.287500 0.803125 0.286458 0.797312 0.283229 0.798329 0.282004 0.798649 0.280390 0.798329 0.278775 0.797446 0.277598 0.796235 0.277171 0.795619 0.277171 0.794408 0.277598 0.792045 0.278831 0.790196 0.280612 0.788594 0.282885 0.788170 0.284773 0.788170 0.285732 0.788594 0.287758 0.789201 0.288842 0.789062 0.289583 0.796155 0.298935 0.796976 0.299483 0.798906 0.300184 0.799826 0.300041 0.799998 0.300908 0.800880 0.302085 0.802091 0.302512 0.803302 0.302085 0.804185 0.300908 0.804505 0.299294 0.804505 0.298609
0 0.447632 0.380172 0.447312 0.378558 0.445368 0.375965 0.444395 0.375258 0.443184 0.374831 0.441681 0.374477 0.439912 0.374477 0.437633 0.375066 0.436325 0.375066 0.435286 0.374315 0.432136 0.373276 0.431373 0.372885 0.428299 0.370541 0.422578 0.368699 0.421871 0.368699 0.420660 0.369126 0.419777 0.370303 0.419423 0.371482 0.419103 0.373097 0.419511 0.375301 0.419865 0.376127 0.421102 0.377775 0.421544 0.378247 0.425347 0.380723 0.427116 0.381667 0.428329 0.382105 0.429415 0.383318 0.430388 0.384025 0.431599 0.384452 0.439224 0.384217 0.442824 0.384688 0.444245 0.385160 0.445456 0.384733 0.446339 0.383556 0.446466 0.382914 0.447312 0.381787
0 0.457385 0.396609 0.456661 0.397574 0.455565 0.397963 0.454593 0.397963 0.453620 0.397727 0.452082 0.397102 0.451452 0.396381 0.450313 0.395805 0.448809 0.394508 0.447571 0.393801 0.446168 0.392637 0.443945 0.391442 0.441734 0.389791 0.441188 0.389062 0.440984 0.388073 0.441188 0.386965 0.441823 0.386118 0.443184 0.385493 0.445395 0.385376 0.446403 0.385764 0.447077 0.386309 0.448525 0.386943 0.451444 0.389066 0.453124 0.390599 0.453831 0.391660 0.454450 0.392132 0.455301 0.393267 0.455919 0.393276 0.456838 0.393665 0.457385 0.394394 0.457588 0.395619
0 0.417969 0.341667 0.429688 0.346875 0.430469 0.346875 0.434375 0.351042 0.434375 0.352083 0.432031 0.354167 0.431250 0.355208 0.414844 0.352083 0.414062 0.352083 0.415625 0.345833 0.415625 0.344792 0.417969 0.341667
0 0.421390 0.330077 0.419658 0.329446 0.418832 0.329446 0.417448 0.329961 0.416809 0.330813 0.416606 0.331802 0.416698 0.333637 0.417176 0.335850 0.417969 0.337519 0.418306 0.338897 0.418103 0.340009 0.417556 0.340738 0.416171 0.341131 0.415154 0.340738 0.414492 0.340275 0.413663 0.340275 0.412685 0.340642 0.411668 0.340371 0.411121 0.339642 0.410918 0.338653 0.411121 0.337663 0.411719 0.336915 0.411719 0.327083 0.414844 0.323958 0.421094 0.323958 0.422656 0.328125 0.423438 0.329167
0 0.690852 0.406001 0.690649 0.405011 0.690102 0.404282 0.689149 0.404052 0.688674 0.402641 0.688127 0.401912 0.687089 0.401510 0.686048 0.401905 0.685462 0.401254 0.684423 0.400983 0.683187 0.401386 0.682595 0.401781 0.679868 0.405680 0.679238 0.406125 0.678099 0.407644 0.677896 0.408633 0.677896 0.409555 0.678889 0.413836 0.679382 0.414494 0.679580 0.415152 0.680127 0.415881 0.680869 0.416152 0.681611 0.415881 0.682355 0.414889 0.682410 0.414625 0.682993 0.414302 0.683647 0.413430 0.685955 0.411010 0.687893 0.409349 0.689510 0.408246 0.690649 0.406990
0 0.160199 0.620242 0.160199 0.619324 0.159910 0.617647 0.159105 0.616459 0.158696 0.616309 0.158594 0.615625 0.157812 0.615625 0.153125 0.612500 0.149219 0.615625 0.149219 0.616667 0.150000 0.620833 0.150781 0.621875 0.155469 0.623958 0.155939 0.623331 0.156384 0.623494 0.157675 0.623494 0.158417 0.623223 0.159191 0.622535 0.159910 0.621576 0.159996 0.621232
0 0.169546 0.623297 0.168095 0.625159 0.168459 0.626551 0.168459 0.627584 0.168170 0.628803 0.167309 0.630524 0.166590 0.631482 0.165730 0.632171 0.164472 0.632556 0.163955 0.632556 0.163213 0.632285 0.162413 0.631218 0.161944 0.631712 0.160826 0.632400 0.159137 0.632786 0.158395 0.632515 0.157762 0.631671 0.157559 0.630566 0.157762 0.629577 0.159053 0.627971 0.159633 0.626968 0.160085 0.624529 0.161234 0.623112 0.161815 0.622796 0.162095 0.622424 0.163988 0.620932 0.165934 0.620088 0.167225 0.619973 0.168999 0.620588 0.169546 0.621317 0.169749 0.622307
0 0.411767 0.591143 0.411554 0.590141 0.411555 0.584910 0.411351 0.583920 0.410805 0.583191 0.410221 0.582978 0.410156 0.582292 0.408948 0.580857 0.408164 0.579387 0.407617 0.578658 0.406450 0.578104 0.405280 0.578520 0.404687 0.578125 0.404386 0.580137 0.403992 0.580945 0.403789 0.581935 0.403789 0.583493 0.403992 0.584483 0.405134 0.585864 0.406250 0.589583 0.408594 0.592708 0.408899 0.592301 0.409320 0.592862 0.410275 0.593133 0.411017 0.592862 0.411564 0.592133
0 0.619486 0.188340 0.619282 0.187350 0.618838 0.186617 0.618654 0.185953 0.618014 0.184961 0.618124 0.184428 0.617921 0.183439 0.617374 0.182709 0.616971 0.182563 0.616971 0.180469 0.617181 0.177583 0.617181 0.171018 0.616873 0.168911 0.615907 0.167483 0.613069 0.166514 0.612126 0.166514 0.610756 0.167204 0.610209 0.167933 0.609580 0.170028 0.609272 0.171577 0.609272 0.173541 0.609516 0.173629 0.610063 0.174359 0.610889 0.178533 0.611739 0.181064 0.611942 0.182053 0.611726 0.183201 0.612199 0.184859 0.612956 0.185868 0.613899 0.186566 0.615464 0.186976 0.616102 0.188106 0.616390 0.189189 0.617146 0.190058 0.617993 0.190329 0.618736 0.190058 0.619282 0.189329
0 0.647132 0.210649 0.647132 0.209224 0.646929 0.208234 0.646382 0.207505 0.643769 0.206878 0.643344 0.207001 0.642969 0.206250 0.639844 0.206250 0.638281 0.209375 0.638281 0.210417 0.638618 0.211315 0.638535 0.211837 0.638739 0.212827 0.639375 0.213675 0.643324 0.215133 0.644393 0.215133 0.645492 0.214625 0.646573 0.213183 0.647043 0.211084
0 0.535990 0.136732 0.535443 0.137461 0.534701 0.137732 0.532901 0.137216 0.531382 0.136541 0.529956 0.135621 0.529363 0.134830 0.529160 0.133841 0.529363 0.132851 0.529910 0.132122 0.531152 0.131386 0.532216 0.130992 0.532723 0.130992 0.533925 0.131447 0.534661 0.132061 0.535622 0.133280 0.535944 0.133955 0.536193 0.135742
0 0.532767 0.149411 0.532564 0.148422 0.531169 0.146649 0.529419 0.145507 0.529303 0.144944 0.529001 0.144455 0.528724 0.143589 0.528977 0.143097 0.529180 0.142108 0.529180 0.141412 0.528977 0.140423 0.527713 0.138563 0.526971 0.138292 0.525992 0.138292 0.524272 0.138824 0.523489 0.139346 0.522712 0.140429 0.521729 0.140824 0.521182 0.141553 0.520979 0.142629 0.521182 0.143619 0.521729 0.144348 0.523750 0.145304 0.526164 0.146088 0.526703 0.146894 0.526326 0.148629 0.526326 0.150107 0.526594 0.151357 0.527141 0.152086 0.527949 0.152357 0.528759 0.151996 0.529383 0.152009 0.530126 0.151739 0.530557 0.151163 0.531274 0.151401 0.532017 0.151130 0.532564 0.150401
0 0.817020 0.787926 0.819696 0.782771 0.819994 0.780392 0.820588 0.780392 0.821183 0.779202 0.824157 0.778806 0.824752 0.777616 0.828915 0.777220 0.828320 0.777220 0.828023 0.778409 0.827726 0.784753 0.827428 0.785150 0.824454 0.785150 0.823860 0.785546 0.823860 0.786339 0.822968 0.786736 0.819696 0.786736
0 0.836350 0.772462 0.830402 0.772462 0.828320 0.770876 0.828320 0.767704 0.828618 0.766911 0.829807 0.766911 0.830997 0.765721 0.831294 0.764531 0.832186 0.764531 0.832781 0.763738 0.837539 0.763738 0.839026 0.764531 0.839918 0.766514 0.841108 0.766911 0.841108 0.770876 0.839026 0.770876
0 0.865493 0.717347 0.865493 0.712985 0.866088 0.711003 0.867277 0.711003 0.867277 0.711796 0.868467 0.713382 0.869359 0.713778 0.869359 0.718536 0.868170 0.718536
0 0.716346 0.654104 0.718904 0.648989 0.719756 0.646715 0.719756 0.644442 0.721035 0.642169 0.724019 0.605796 0.714641 0.604091 0.711657 0.606364 0.711231 0.612047 0.709526 0.612616 0.708674 0.614889 0.706116 0.616594 0.706116 0.619436 0.705264 0.621709 0.704411 0.621709 0.703985 0.637054 0.706116 0.641032 0.706116 0.642169 0.706969 0.642737 0.706969 0.643874 0.708674 0.646147 0.708674 0.655809 0.709100 0.655809 0.710379 0.654672 0.713789 0.655240
0 0.771711 0.685141 0.771555 0.683478 0.770922 0.680824 0.769884 0.679439 0.768439 0.678908 0.767348 0.679116 0.764750 0.680155 0.763450 0.680155 0.762239 0.680582 0.761850 0.681102 0.760992 0.681622 0.759720 0.683215 0.759642 0.683526 0.759321 0.685141 0.759321 0.686596 0.759642 0.688211 0.761148 0.690427 0.762359 0.690854 0.763217 0.690854 0.764583 0.690323 0.765257 0.689425 0.766367 0.688672 0.767971 0.688672 0.770507 0.687933 0.771390 0.686756 0.771710 0.685141
0 0.240130 0.154627 0.238135 0.157695 0.236295 0.159741 0.235067 0.160559 0.233840 0.160559 0.233073 0.156672 0.232766 0.155650 0.234147 0.153809 0.236908 0.152377 0.238902 0.153400
0 0.256851 0.187763 0.253169 0.187149 0.251942 0.186536 0.249948 0.181627 0.252556 0.179786 0.253372 0.181216 0.254390 0.181216 0.255013 0.182347 0.256201 0.182272 0.256428 0.184536 0.257107 0.185743
0 0.039446 0.128381 0.042856 0.128229 0.043197 0.131564 0.043083 0.133079 0.042629 0.135959 0.041606 0.137475 0.040241 0.138536 0.039105 0.140203 0.038423 0.138687 0.037741 0.137626 0.036490 0.137626 0.035922 0.136565 0.036263 0.135504 0.036263 0.134746 0.037741 0.134292 0.038536 0.134898 0.038877 0.135656 0.039446 0.134898 0.039446 0.134292 0.039900 0.133079 0.040583 0.132776 0.040241 0.132321 0.040241 0.131564 0.039787 0.131109 0.039446 0.130351
0 0.086393 0.127623 0.082641 0.127320 0.082528 0.129745 0.081505 0.130200 0.081277 0.131715 0.081277 0.132928 0.081846 0.133989 0.083323 0.134898 0.084233 0.134292 0.085028 0.133079 0.085710 0.130503
0 0.039673 0.112467 0.038423 0.112921 0.037286 0.113982 0.036831 0.115195 0.036945 0.116407 0.037854 0.118075 0.040014 0.119439 0.039446 0.119893 0.038082 0.120045 0.037968 0.121106 0.037741 0.121712 0.037627 0.122621 0.037968 0.124440 0.038991 0.126865 0.040583 0.127017 0.041947 0.126562 0.042174 0.124592 0.042174 0.123986 0.041151 0.122621 0.040696 0.121257 0.041037 0.120196 0.040810 0.117468 0.041492 0.116711 0.041265 0.115346 0.040469 0.113982
0 0.144365 0.083821 0.142319 0.083821 0.141296 0.082609 0.138000 0.082457 0.137545 0.081851 0.134476 0.082002 0.133566 0.082457 0.133794 0.083821 0.134590 0.084579 0.136408 0.085185 0.137090 0.086246 0.138000 0.087307 0.139932 0.088217 0.142547 0.088217 0.142774 0.087004 0.142774 0.085337
0 0.330871 0.098973 0.330871 0.097016 0.330284 0.095972 0.329892 0.095972 0.328327 0.093884 0.328033 0.092971 0.326761 0.093102 0.324217 0.092971 0.324119 0.092058 0.321966 0.091666 0.321184 0.091797 0.320596 0.095450 0.319618 0.097668 0.318444 0.098973 0.317563 0.101451 0.316780 0.103017 0.317465 0.104452 0.318052 0.104844 0.318737 0.103800 0.319226 0.100669 0.319618 0.099886 0.320107 0.100669 0.321184 0.101060 0.324315 0.101191 0.324217 0.102626 0.324608 0.103278 0.327446 0.103017 0.329403 0.101451 0.329892 0.100669
0 0.376077 0.094015 0.373240 0.094015 0.372848 0.094276 0.372946 0.097277 0.374218 0.098451 0.374610 0.098451 0.374708 0.099234 0.376958 0.099234 0.377349 0.098581 0.377936 0.098190 0.378132 0.097407 0.378034 0.096885 0.377056 0.096755 0.376762 0.095972 0.376371 0.095711
0 0.370206 0.065704 0.368151 0.065182 0.366684 0.066095 0.365412 0.066486 0.365118 0.067661 0.365314 0.071705 0.365510 0.073271 0.366488 0.074314 0.367662 0.073662 0.368347 0.072357 0.369130 0.071444 0.369815 0.071183 0.370109 0.070270 0.370109 0.069748 0.368836 0.069748 0.368934 0.068835 0.369913 0.068574 0.370598 0.068574 0.370598 0.067139
0 0.298972 0.057354 0.297210 0.059311 0.296917 0.061007 0.297015 0.063355 0.297699 0.064921 0.299852 0.066095 0.301320 0.065834 0.301907 0.060876 0.301124 0.059441 0.299656 0.058789
0 0.134210 0.096279 0.136617 0.094675 0.139024 0.096681 0.139325 0.097483 0.142334 0.097483 0.142334 0.095076 0.145041 0.091867 0.141732 0.090663 0.139626 0.091465 0.137219 0.089058 0.135413 0.089058
0 0.051270 0.162218 0.049521 0.162218 0.048647 0.162995 0.044276 0.164549 0.046316 0.166880 0.048356 0.167269 0.048938 0.170766 0.054766 0.170377 0.055349 0.166103 0.052727 0.166103
0 0.057680 0.211174 0.066131 0.213116 0.067588 0.211174 0.063800 0.208065 0.058555 0.207288
0 0.100770 0.176991 0.104817 0.181617 0.109153 0.183159 0.109153 0.184700 0.111466 0.185471 0.112333 0.182773 0.114068 0.181231 0.114068 0.178533 0.110310 0.178148 0.105684 0.175450 0.103372 0.173522 0.103083 0.172752 0.100770 0.171210 0.099324 0.172366
0 0.107708 0.287999 0.113779 0.283759 0.114068 0.284144 0.112911 0.279134 0.111755 0.277592 0.101637 0.283759
0 0.047579 0.302646 0.051915 0.304958 0.053071 0.301875 0.054228 0.300333 0.055095 0.300333 0.058275 0.298791 0.056540 0.295708 0.053939 0.294166 0.053360 0.291853 0.051048 0.291853 0.050470 0.294937 0.047579 0.297635 0.047001 0.298791
0 0.062322 0.289926 0.059720 0.289541 0.059431 0.290697 0.057119 0.293009 0.057697 0.298406 0.058853 0.301104 0.065213 0.301489 0.062033 0.294937
0 0.002319 0.389966 0.005929 0.390768 0.009841 0.390768 0.014354 0.380739 0.010743 0.381942 0.003221 0.385553 0.000000 0.385553
0 0.000000 0.418048 0.002018 0.418048 0.003522 0.413234 0.006531 0.411629 0.008637 0.409623 0.007133 0.406414 0.002319 0.406414 0.001115 0.404408 0.000000 0.404408
0 0.141933 0.440738 0.135915 0.451169 0.141331 0.453174 0.146747 0.453174 0.147951 0.450366 0.153366 0.451169 0.150358 0.446756 0.146747 0.444349 0.144340 0.440337
0 0.131383 0.500944 0.125360 0.503621 0.120772 0.504768 0.118191 0.507062 0.120485 0.510886 0.123353 0.510504 0.129375 0.510886 0.129949 0.507445
0 0.055100 0.579713 0.058828 0.579330 0.062556 0.573977 0.061122 0.571683 0.059688 0.567477 0.057681 0.567477 0.055386 0.574360
0 0.024462 0.554101 0.031081 0.555304 0.031683 0.551292 0.031081 0.548083 0.032285 0.546478 0.031081 0.541263 0.024161 0.546478
0 0.083735 0.684482 0.079824 0.690499 0.076213 0.690499 0.082833 0.697720 0.085541 0.697720 0.090656 0.690499 0.086744 0.688493
0 0.133079 0.690900 0.126761 0.690900 0.127664 0.696116 0.129770 0.698121 0.130973 0.697720 0.131274 0.696517 0.133681 0.695313
0 0.091257 0.738239 0.089452 0.738239 0.088549 0.739041 0.088549 0.741448 0.086443 0.741849 0.085541 0.743454 0.085541 0.744657 0.086443 0.746262 0.088850 0.746262 0.093363 0.747867 0.094868 0.750274 0.096673 0.750274 0.096071 0.746262 0.098478 0.747064 0.096071 0.743855 0.093363 0.743053 0.093363 0.741849
0 0.097275 0.739843 0.100885 0.746262 0.101487 0.746663 0.101487 0.744256 0.102390 0.744657 0.102089 0.741849 0.100284 0.737837
0 0.006409 0.803229 0.004604 0.806037 0.004002 0.816066 0.008215 0.816066 0.007613 0.810450 0.011524 0.806438 0.009418 0.804432
0 0.008515 0.796007 0.014834 0.794804 0.022055 0.794403 0.020551 0.798013 0.014533 0.800019 0.015436 0.803229 0.011825 0.806438 0.008816 0.804833
0 0.049059 0.720413 0.043469 0.725071 0.041606 0.727556 0.044168 0.730040 0.045798 0.730662 0.046031 0.731904 0.046730 0.731904 0.050224 0.728177 0.051155 0.723829
0 0.153875 0.687183 0.152943 0.690288 0.155505 0.693083 0.159232 0.693394 0.162260 0.692462 0.161328 0.687493 0.154806 0.685009
0 0.164123 0.696499 0.162493 0.694636 0.160629 0.694947 0.158999 0.700847 0.164356 0.711717
0 0.083066 0.794327 0.081901 0.795569 0.084230 0.798675 0.082367 0.799917 0.080504 0.800228 0.078175 0.801781 0.079339 0.803955 0.080504 0.802091 0.083765 0.802091 0.089122 0.803644 0.091451 0.807681 0.093082 0.806439 0.091451 0.803023 0.089588 0.802713 0.088423 0.797743 0.085162 0.795569
0 0.166326 0.687119 0.169357 0.690057 0.170734 0.692262 0.174316 0.690057 0.175418 0.688221 0.174316 0.684547 0.171010 0.685649 0.171010 0.683077 0.170459 0.681240 0.167428 0.682343 0.167428 0.683077 0.166050 0.683812
0 0.124309 0.446801 0.124830 0.444369 0.129780 0.444369 0.130562 0.447148 0.129780 0.453053 0.128478 0.454443 0.127957 0.451664
0 0.070120 0.387400 0.072985 0.390527 0.073506 0.395390 0.074288 0.398169 0.075591 0.396779 0.076372 0.398169 0.078978 0.390874 0.083667 0.384969 0.080541 0.386358 0.074288 0.383927 0.069859 0.384621
0 0.103988 0.359958 0.102425 0.362390 0.102425 0.366211 0.104770 0.367600 0.107375 0.371769 0.107896 0.371769 0.110762 0.371074 0.110501 0.367948 0.108157 0.363432 0.107115 0.359263
0 0.235034 0.300905 0.235815 0.310631 0.239723 0.309589 0.243110 0.307853 0.243110 0.303684 0.244673 0.303684 0.245455 0.299863 0.245455 0.298126 0.242849 0.299516 0.237378 0.300905
0 0.232360 0.313483 0.226890 0.317910 0.224546 0.317650 0.224937 0.321817 0.222788 0.326505 0.222398 0.326505 0.221616 0.323900 0.217905 0.323900 0.217124 0.326505 0.215952 0.328588 0.216538 0.330412 0.218686 0.331453 0.220249 0.330672 0.220835 0.329630 0.222398 0.330151 0.220249 0.335100 0.219468 0.335621 0.218686 0.337444 0.219663 0.338485 0.220054 0.337444 0.222202 0.337444 0.223374 0.336402 0.224937 0.332495 0.226890 0.339788 0.228844 0.343434 0.231188 0.344736 0.233922 0.344476 0.235290 0.342913 0.236266 0.342913 0.236266 0.343434 0.237829 0.344736 0.239001 0.343694 0.239392 0.341611 0.237243 0.341611 0.236071 0.341090 0.236071 0.339006 0.238220 0.338485 0.238220 0.336662 0.235094 0.337444 0.235290 0.339527 0.234508 0.340569 0.232360 0.340048 0.231188 0.338225 0.230406 0.335360 0.228062 0.333537 0.226500 0.330412 0.229625 0.319733 0.233532 0.317910
0 0.272027 0.370875 0.270388 0.370656 0.270061 0.372622 0.270716 0.380048 0.275794 0.391842 0.279398 0.392934 0.279726 0.388129 0.277760 0.387037 0.275958 0.385072 0.274484 0.382232 0.273173 0.376335 0.273009 0.373932
0 0.202407 0.416305 0.202080 0.421110 0.201261 0.422857 0.205028 0.425041 0.209615 0.425915 0.209451 0.421765 0.210434 0.418489 0.210270 0.414776 0.205520 0.414557 0.203718 0.415213
0 0.197165 0.431157 0.201916 0.430720 0.201916 0.429191 0.203226 0.428973 0.203226 0.426133 0.199131 0.425915 0.198148 0.427225 0.197657 0.429191
0 0.266457 0.407568 0.263672 0.407568 0.261379 0.410189 0.261870 0.412592 0.263672 0.415649 0.266621 0.415868 0.269569 0.414776 0.269897 0.411500 0.268095 0.408879
0 0.268824 0.401077 0.268824 0.396634 0.265700 0.394413 0.264451 0.394413 0.263826 0.399688 0.262576 0.401632 0.263618 0.404409 0.267574 0.407741 0.271531 0.409962 0.275487 0.409962 0.275487 0.406907 0.274655 0.404686 0.272572 0.402743 0.272364 0.398300 0.270073 0.398023
0 0.285483 0.410517 0.277778 0.410795 0.278403 0.414404 0.279861 0.418014 0.282151 0.418291 0.281943 0.420790 0.283609 0.422179 0.285900 0.419957 0.285900 0.413016
0 0.277570 0.422734 0.276945 0.422179 0.273613 0.425511 0.271531 0.428565 0.271531 0.429953 0.273197 0.431341 0.277154 0.431897 0.278403 0.426066
0 0.290689 0.413016 0.289648 0.413571 0.288399 0.416626 0.287982 0.420513 0.289232 0.424955 0.290898 0.424955 0.291106 0.419680 0.292355 0.418847
0 0.290689 0.437728 0.295062 0.432174 0.295895 0.428010 0.295895 0.422734 0.294021 0.422734 0.292980 0.421346 0.291314 0.420790 0.285483 0.424400 0.281110 0.423567 0.281318 0.426899 0.284234 0.427732 0.286733 0.431619 0.288607 0.433563
0 0.283193 0.439394 0.280902 0.443558 0.280277 0.453276 0.283193 0.453554 0.283817 0.455498 0.286524 0.454109 0.287149 0.451055 0.286524 0.446057 0.284859 0.442170
0 0.218103 0.399283 0.214240 0.398199 0.213224 0.402536 0.213833 0.406873 0.217290 0.409042 0.220339 0.412024 0.221966 0.408771 0.222372 0.405789 0.222576 0.402536 0.220543 0.403349 0.219119 0.406331 0.217290 0.405789 0.217696 0.403349
0 0.309327 0.405552 0.303333 0.405848 0.300669 0.406736 0.304665 0.409400 0.304887 0.410584 0.311325 0.418281 0.313990 0.417985 0.313990 0.415025 0.311547 0.412361 0.309549 0.411473 0.312213 0.409104 0.311103 0.407624
0 0.324646 0.380096 0.323092 0.380687 0.320872 0.383056 0.319096 0.384240 0.320428 0.385720 0.322426 0.385424 0.322648 0.388976 0.330196 0.389864 0.329086 0.385424 0.330640 0.385424 0.329308 0.384240 0.327754 0.380391 0.326200 0.378911
0 0.375041 0.304909 0.374819 0.311421 0.375707 0.313789 0.377039 0.315565 0.381924 0.314381 0.381702 0.316453 0.383922 0.317046 0.385698 0.316453 0.385920 0.311125 0.384144 0.311421 0.383922 0.308461 0.380370 0.307869 0.376817 0.305501
0 0.334192 0.339246 0.334192 0.346646 0.339298 0.346646 0.342406 0.346054 0.342406 0.343982 0.339520 0.342798 0.338410 0.340430 0.336412 0.339542
0 0.383256 0.298989 0.381924 0.301949 0.381702 0.304317 0.383034 0.306685 0.385254 0.306685 0.385254 0.304317 0.387696 0.303133 0.389472 0.302837 0.389694 0.300469 0.391248 0.301357 0.392358 0.299285 0.394134 0.298989 0.394356 0.297213 0.392358 0.294845 0.391026 0.296621 0.388140 0.297213 0.384588 0.294845 0.375041 0.294845 0.377928 0.299581 0.380592 0.299285
0 0.399906 0.300765 0.403014 0.303133 0.404790 0.305797 0.405900 0.315861 0.404346 0.317341 0.401460 0.316157 0.400128 0.313789 0.399684 0.308757
0 0.067722 0.101605 0.067453 0.105550 0.066108 0.108419 0.066915 0.111289 0.066915 0.112723 0.068529 0.112723 0.068529 0.110213 0.071757 0.110571 0.072295 0.112723 0.074716 0.114517 0.074716 0.111289 0.074178 0.109495 0.074178 0.105550 0.072833 0.102681 0.071488 0.101605
0 0.227508 0.139264 0.228046 0.142851 0.231005 0.145003 0.235309 0.146079 0.236385 0.141416 0.235578 0.138189 0.232081 0.137471 0.230467 0.137471 0.229929 0.138189
0 0.257636 0.123483 0.255753 0.123842 0.254408 0.125277 0.254677 0.133167 0.257098 0.133167 0.258443 0.131733 0.259519 0.129222 0.259519 0.124918
0 0.266513 0.041707 0.272431 0.043142 0.276466 0.043142 0.276197 0.039197 0.274852 0.038121 0.267589 0.037045
0 0.505922 0.062151 0.498928 0.062151 0.497314 0.063945 0.497583 0.069683 0.500542 0.069683 0.506998 0.072553 0.508612 0.071118 0.508074 0.066814
0 0.471490 0.043142 0.476332 0.044577 0.479022 0.049598 0.482250 0.048881 0.485478 0.046729 0.487092 0.043142 0.486554 0.040273 0.484402 0.040631 0.484402 0.041707 0.481174 0.042783 0.481174 0.039197 0.476332 0.039914 0.476870 0.038121 0.479560 0.035251 0.473642 0.035251 0.472297 0.036686 0.471759 0.039555
0 0.505922 0.011579 0.509419 0.012297 0.509150 0.009786 0.513454 0.011579 0.513992 0.007993 0.512647 0.005841 0.511571 0.005124 0.507267 0.005124 0.506729 0.006917 0.505384 0.007993
0 0.466110 0.089051 0.470952 0.089410 0.472835 0.087617 0.473104 0.086182 0.476870 0.085823 0.476063 0.082237 0.472566 0.082954 0.470414 0.080085 0.469338 0.079726 0.465034 0.082237 0.466110 0.086182
0 0.588774 0.000819 0.589043 0.002254 0.578552 0.001896 0.581511 0.006558 0.585008 0.008351 0.589312 0.005841 0.590657 0.010145 0.597920 0.013373 0.600879 0.012656 0.600879 0.009428 0.597382 0.009428 0.600610 0.007993 0.597651 0.004047 0.597651 0.000819 0.600072 0.001537 0.601955 0.003330 0.602224 0.005124 0.603569 0.005124 0.603300 0.000000
0 0.683731 0.107702 0.677275 0.107702 0.676468 0.105191 0.674854 0.105550 0.675661 0.116669 0.682924 0.115951 0.684538 0.112365
0 0.696643 0.095866 0.692877 0.099453 0.691801 0.098018 0.688035 0.098377 0.688842 0.099453 0.683731 0.101246 0.681848 0.104115 0.687766 0.105909 0.689380 0.105909 0.692070 0.105191 0.692339 0.104474 0.697450 0.100887
0 0.666246 0.085823 0.670819 0.091562 0.677813 0.089051 0.681310 0.083671 0.679965 0.081519 0.675930 0.081161 0.670819 0.082595 0.666515 0.082595
0 0.716818 0.166523 0.715204 0.165806 0.710900 0.165806 0.711169 0.170110 0.715742 0.177283 0.717356 0.174414 0.717087 0.170468
0 0.694491 0.185891 0.692877 0.183022 0.688842 0.181587 0.686152 0.182304 0.684538 0.190195 0.684000 0.190195 0.682386 0.194140 0.685076 0.197368 0.687497 0.198444 0.691532 0.198803 0.691801 0.194499 0.693684 0.190195
0 0.711976 0.185174 0.715473 0.193423 0.718970 0.191988 0.721929 0.189119 0.718970 0.185174 0.716549 0.178000 0.714128 0.178718 0.714128 0.180870
0 0.781916 0.025926 0.777881 0.025926 0.777343 0.028078 0.775191 0.028795 0.778957 0.040273 0.785413 0.040631 0.785413 0.035969 0.787296 0.036327 0.785682 0.033099 0.784875 0.028795 0.784068 0.028795
0 0.830605 0.090127 0.825494 0.094790 0.823880 0.102322 0.824687 0.104474 0.826301 0.106267 0.826839 0.115593 0.831950 0.118821
0 0.879562 0.053185 0.877141 0.054261 0.875796 0.058923 0.875527 0.069325 0.878217 0.073629 0.879293 0.072553 0.879831 0.072553 0.879024 0.059999
0 0.825494 0.066814 0.823342 0.068607 0.822535 0.075422 0.823880 0.083313 0.824418 0.083671 0.823880 0.090486 0.825225 0.093714 0.830336 0.089051 0.830336 0.084030 0.827107 0.084747 0.827377 0.080443 0.826839 0.076139 0.824687 0.072194 0.824418 0.070759
0 0.791062 0.000461 0.791062 0.009786 0.791600 0.013731 0.792138 0.014807 0.792138 0.018753 0.798863 0.023774 0.798863 0.026643 0.800208 0.023774 0.800477 0.019829 0.795366 0.014090 0.796442 0.011221 0.799670 0.013014 0.797249 0.000461
0 0.833564 0.157915 0.836254 0.162219 0.843785 0.155763 0.839213 0.148590 0.837330 0.148231 0.835985 0.151459 0.835985 0.154328
0 0.873106 0.091203 0.861808 0.092638 0.862615 0.097301 0.867457 0.099453 0.875796 0.099811 0.876065 0.095866
0 0.883328 0.058206 0.883059 0.070042 0.884404 0.082595 0.884135 0.085106 0.880907 0.086182 0.880907 0.088334 0.877410 0.095507 0.875527 0.095866 0.874182 0.094073 0.873913 0.090127 0.878217 0.080802 0.879293 0.071118 0.879831 0.061793
0 0.930403 0.040990 0.936052 0.042425 0.938204 0.042425 0.940087 0.038121 0.940087 0.035251 0.934707 0.035251 0.932017 0.038121
0 0.960262 0.000819 0.960262 0.004047 0.959186 0.006917 0.964835 0.010862 0.966987 0.005482 0.969139 0.007993 0.970484 0.007276 0.971022 0.005124 0.967256 0.003330 0.968063 0.000102
0 0.943315 0.000819 0.937666 0.009069 0.933093 0.012297 0.931748 0.011579 0.933631 0.021263 0.936590 0.030589 0.942239 0.033099 0.947619 0.037045 0.954075 0.038838 0.960531 0.038838 0.964028 0.041707 0.970484 0.041707 0.970215 0.044577 0.973174 0.045653 0.971291 0.039555 0.974519 0.039197 0.975595 0.041707 0.977747 0.038838 0.977747 0.033817 0.982589 0.034534 0.986086 0.034175 0.986624 0.030230 0.991735 0.024491 0.985548 0.015883 0.979630 0.004765 0.976671 0.001178 0.976671 0.000102
0 0.997653 0.078650 0.994425 0.081519 0.997384 0.091562 1.000000 0.096225 1.000000 0.080443
0 0.974788 0.225703 0.972905 0.224627 0.969677 0.227138 0.967794 0.230007 0.970484 0.234311 0.972905 0.236822 0.975864 0.234670 0.977209 0.232518 0.975326 0.232518 0.975326 0.231442
0 0.925561 0.183380 0.921257 0.183380 0.918029 0.185891 0.915339 0.190912 0.918029 0.194858 0.914263 0.199520 0.913994 0.200955 0.918029 0.201672 0.920181 0.201314 0.919643 0.197727 0.926099 0.197727 0.926637 0.191271 0.924216 0.191271 0.926368 0.186967
0 0.897585 0.241843 0.894088 0.242202 0.891398 0.241843 0.893281 0.246147 0.893819 0.246147 0.897585 0.250092 0.897585 0.251168 0.900813 0.252962 0.902696 0.252244 0.901351 0.242560
0 0.799670 0.224627 0.797249 0.224986 0.792407 0.228572 0.790524 0.240767 0.791869 0.242560 0.796173 0.242560 0.798056 0.241484 0.798056 0.235028 0.800746 0.231083
0 0.830066 0.217095 0.830605 0.223551 0.832756 0.226779 0.837599 0.226062 0.838675 0.222834 0.835715 0.220323 0.834370 0.218171
0 0.649568 0.327205 0.646340 0.330433 0.645802 0.332585 0.647147 0.341911 0.650644 0.340835 0.651451 0.338683 0.651720 0.332944
0 0.663556 0.299947 0.667591 0.300664 0.672164 0.293491 0.674585 0.293491 0.674585 0.290263 0.669205 0.287752 0.666784 0.287393 0.666246 0.291339 0.665708 0.292056 0.664632 0.295643
0 0.725695 0.298512 0.736186 0.299588 0.735648 0.296360 0.736724 0.290263 0.736455 0.287393 0.729999 0.287035 0.727040 0.292056
0 0.750443 0.299947 0.747484 0.303892 0.746408 0.306403 0.748560 0.311424 0.750981 0.312141 0.752057 0.311424 0.752864 0.303892
0 0.750174 0.272688 0.751788 0.277709 0.764969 0.281296 0.765507 0.277351 0.764700 0.275557 0.759858 0.275557 0.758782 0.269460 0.756092 0.269819
0 0.618364 0.282731 0.617557 0.285600 0.617557 0.293849 0.619709 0.299588 0.624820 0.300664 0.625089 0.294925 0.624820 0.294208 0.624820 0.287752 0.622399 0.283807
0 0.607066 0.290621 0.611101 0.289187 0.611908 0.287035 0.608680 0.286318 0.605721 0.283448 0.605721 0.279503 0.597651 0.278068 0.594692 0.278068 0.597651 0.282014 0.601148 0.282731 0.603300 0.288111
0 0.568330 0.262646 0.562412 0.269819 0.564026 0.274123 0.566447 0.276992 0.569406 0.276992 0.571558 0.272688 0.569944 0.273047
0 0.568868 0.243636 0.569675 0.247223 0.569944 0.252603 0.568330 0.252603 0.571020 0.257983 0.573979 0.256907 0.576938 0.256907 0.576400 0.252244 0.581242 0.252603 0.583125 0.249016 0.576400 0.250092 0.575324 0.249016 0.572634 0.248299 0.571558 0.245430
0 0.480098 0.306761 0.476870 0.308555 0.475256 0.311065 0.478215 0.318597 0.481981 0.310707
0 0.451046 0.212432 0.448894 0.216019 0.452122 0.221758 0.455619 0.224627 0.455350 0.213150 0.453198 0.211715
0 0.378955 0.248658 0.381645 0.253320 0.391867 0.256190 0.396171 0.256190 0.395364 0.252962 0.391329 0.246864 0.388908 0.244712 0.385411 0.242560 0.382452 0.242919
0 0.397247 0.241126 0.391867 0.244354 0.390522 0.247582 0.389715 0.253320 0.395364 0.255114 0.396709 0.251527 0.398861 0.249734 0.398861 0.246147
0 0.356628 0.212791 0.355821 0.216019 0.358511 0.217454 0.368733 0.214584 0.371154 0.208128 0.368733 0.206335 0.363891 0.208128
0 0.338336 0.266232 0.336722 0.269460 0.335915 0.273406 0.336722 0.275557 0.341564 0.276275 0.342371 0.274123 0.342909 0.270178 0.341833 0.270178 0.340488 0.267308
0 0.219707 0.484660 0.213789 0.485736 0.212175 0.488605 0.212175 0.494344 0.214865 0.494344 0.216748 0.496496 0.216748 0.497213 0.221590 0.496137 0.223204 0.493985 0.221052 0.488246
0 0.213789 0.457760 0.217017 0.464216 0.217824 0.464933 0.222666 0.463498 0.222397 0.456325 0.218631 0.456684 0.218093 0.457401
0 0.261940 0.513353 0.260057 0.514070 0.259250 0.515864 0.259250 0.520168 0.266513 0.520526 0.265706 0.515864 0.264092 0.514429
0 0.277273 0.503310 0.275121 0.506180 0.275121 0.510842 0.274045 0.514070 0.274045 0.516581 0.277542 0.511918 0.281308 0.511201 0.281846 0.508690 0.279425 0.504745
0 0.310629 0.471389 0.313588 0.472106 0.316278 0.479280 0.319237 0.483584 0.321927 0.490757 0.325693 0.487888 0.324348 0.485018 0.323810 0.485018 0.322465 0.482866 0.320313 0.478562 0.318968 0.474258 0.317085 0.471389 0.315202 0.469596 0.315471 0.466368 0.313588 0.465650 0.311705 0.462781 0.309284 0.468161
0 0.389715 0.504386 0.388639 0.507614 0.390791 0.512636 0.393750 0.516222 0.396709 0.516940 0.399668 0.511918 0.399668 0.508690 0.399130 0.508690
0 0.435445 0.485736 0.429258 0.485018 0.429258 0.485736 0.429526 0.481432 0.426030 0.481432 0.425223 0.482866 0.422532 0.484301 0.424954 0.490040 0.427912 0.488964 0.430065 0.493268
0 0.407469 0.445924 0.410159 0.448434 0.414463 0.449510 0.417960 0.449152 0.417691 0.446641 0.416077 0.443054 0.416077 0.440902 0.413925 0.440902 0.412580 0.438392 0.410697 0.438750
0 0.451584 0.364507 0.445666 0.373115 0.449163 0.378136 0.452660 0.371321
0 0.437596 0.363789 0.438404 0.373473 0.445398 0.374191 0.446204 0.370604 0.441362 0.368093 0.440555 0.365224
0 0.461268 0.372397 0.454005 0.372397 0.453736 0.374549 0.452391 0.375984 0.454812 0.384951 0.456426 0.387461 0.454812 0.383875 0.454812 0.382081 0.460192 0.377777 0.463689 0.381723 0.463689 0.378853 0.463151 0.376701
0 0.456964 0.404319 0.454005 0.403243 0.453736 0.397862 0.439479 0.388179 0.437596 0.391048 0.456157 0.408264
0 0.512109 0.440544 0.518834 0.441261 0.521793 0.443413 0.523407 0.445924 0.522062 0.438392 0.522062 0.434805 0.520448 0.434088 0.520179 0.433012 0.515337 0.433370 0.513454 0.435522
0 0.560529 0.348008 0.560798 0.353388 0.563488 0.360203 0.564295 0.366659 0.569406 0.352312 0.567254 0.349084 0.566716 0.349084
0 0.620516 0.455608 0.631007 0.461705 0.636118 0.466726 0.632083 0.456325 0.629124 0.449869 0.628586 0.449869 0.618364 0.436957 0.614598 0.435881 0.617826 0.444489 0.616481 0.443772 0.619440 0.450586
0 0.583394 0.495420 0.575862 0.504386 0.578014 0.506180 0.578552 0.506180 0.580973 0.509766 0.584470 0.511201 0.585815 0.510842 0.585546 0.508332 0.587429 0.505821 0.589850 0.509049 0.589850 0.509766 0.594154 0.511560 0.596575 0.509049 0.594154 0.507256 0.593616 0.504028 0.588774 0.503310 0.587160 0.499724 0.584470 0.499365
0 0.714128 0.481432 0.712514 0.479997 0.706327 0.479280 0.706058 0.488246 0.707941 0.494344 0.710900 0.494702 0.712245 0.491833 0.711976 0.489322 0.713859 0.485018
0 0.716011 0.426197 0.710900 0.430501 0.710362 0.430501 0.713052 0.436957 0.718701 0.442696 0.717356 0.434805 0.717356 0.430501 0.716818 0.430501
0 0.742911 0.489322 0.738338 0.488246 0.734841 0.491116 0.733496 0.492909 0.736724 0.497572 0.741028 0.499365 0.743987 0.498648 0.746677 0.496137 0.745870 0.492909
0 0.689111 0.452021 0.688035 0.451304 0.688842 0.449510 0.688573 0.446282 0.685076 0.447000 0.684000 0.448434 0.686152 0.449869 0.681848 0.450586 0.684807 0.457401 0.687766 0.462064 0.690456 0.456684 0.692608 0.454890
0 0.713321 0.446641 0.711169 0.447358 0.710362 0.445565 0.708748 0.444848 0.706327 0.445206 0.703368 0.447000 0.703099 0.448434 0.706058 0.449869 0.707403 0.453456 0.706596 0.458477 0.707403 0.462422 0.708748 0.465292 0.710362 0.463857 0.710900 0.465650 0.706865 0.468878 0.707672 0.472465 0.707403 0.477128 0.708210 0.478921 0.715204 0.479280 0.717894 0.478921 0.717356 0.474258 0.715742 0.474258 0.715204 0.467444 0.718163 0.468520 0.718432 0.466009 0.717625 0.464216 0.718432 0.460988 0.717625 0.458836 0.715473 0.457042 0.713859 0.453456 0.715204 0.450586
0 0.770080 0.364148 0.766583 0.373832 0.767121 0.375984 0.771425 0.375625 0.775729 0.369169
0 0.776536 0.373115 0.773846 0.375984 0.766583 0.381723 0.770618 0.384951 0.778688 0.380288 0.779226 0.377419 0.779226 0.374549
0 0.766045 0.437316 0.766314 0.442696 0.763893 0.448793 0.763893 0.450228 0.765507 0.452380 0.768197 0.450586 0.768466 0.449869 0.772501 0.446282 0.772770 0.442696 0.770080 0.439109
0 0.751519 0.526982 0.748560 0.526982 0.745870 0.532362 0.748560 0.538459 0.751519 0.539536 0.752057 0.533438 0.754478 0.532721 0.755554 0.531286
0 0.741297 0.520526 0.752864 0.521244 0.753402 0.520885 0.751519 0.515864 0.745870 0.510842 0.743449 0.509408 0.740221 0.509408 0.740759 0.516222 0.742911 0.518016
0 0.718970 0.494344 0.715742 0.497572 0.715473 0.507256 0.718970 0.507614 0.718970 0.505462 0.720584 0.505462 0.721391 0.502234 0.722736 0.501158 0.723274 0.499724 0.720853 0.496496
0 0.803436 0.496496 0.806664 0.502234 0.810430 0.505104 0.809892 0.510484 0.812044 0.510842 0.816348 0.505821 0.813658 0.496496 0.811237 0.495420 0.805588 0.495420
0 0.994425 0.460629 0.992542 0.463140 0.986355 0.464216 0.985548 0.469237 0.987700 0.469237 0.991735 0.471389 0.992811 0.472824 0.993618 0.470313 0.999805 0.477486 0.999805 0.469954 0.998191 0.468878 0.996846 0.464574
0 0.973443 0.492192 0.971022 0.491833 0.969139 0.489681 0.965104 0.487888 0.963490 0.488246 0.964566 0.494702 0.964835 0.499365 0.969139 0.502234 0.972636 0.502952 0.972636 0.495778
0 0.993349 0.419382 0.992542 0.424404 0.992811 0.428349 0.994425 0.427990 0.993349 0.429784 0.997115 0.429425 0.998460 0.428708 0.998729 0.420458 1.000000 0.417948 0.999267 0.406112 0.997384 0.408622 0.995232 0.413644
0 0.958379 0.429425 0.954613 0.427632 0.950578 0.427632 0.950578 0.433370 0.954613 0.439468 0.954882 0.436957 0.959724 0.436598
0 0.932017 0.509408 0.930134 0.511560 0.930403 0.518016 0.928520 0.519809 0.933093 0.520168 0.936590 0.508332
0 0.868533 0.525189 0.863960 0.530927 0.862077 0.536666 0.861808 0.540253 0.869071 0.537742 0.871761 0.539536 0.871223 0.535949 0.870685 0.535949 0.870147 0.532721
0 0.985548 0.544557 0.986086 0.547068 0.989045 0.552089 0.990390 0.556034 0.991197 0.560338 0.993349 0.560338 0.992811 0.556751 0.994963 0.553523 0.994963 0.552447 0.992273 0.552089 0.992273 0.547426 0.988776 0.543839
0 0.904579 0.537384 0.907269 0.535590 0.915608 0.542764 0.915608 0.543481 0.912111 0.547426 0.910497 0.545274 0.905117 0.543122
0 0.985010 0.620235 0.989045 0.628126 0.989045 0.637093 0.990121 0.638527 0.994694 0.634582 0.994694 0.628843 0.993349 0.629202 0.993349 0.619877 0.995501 0.619159 0.995501 0.617007 0.992273 0.615573 0.988507 0.614855 0.986355 0.612345
0 0.976133 0.641397 0.968870 0.644266 0.968870 0.648570 0.971829 0.652874 0.975057 0.650363 0.976940 0.647135 0.976940 0.646059
0 0.958917 0.712412 0.959455 0.736802 0.964297 0.739312 0.964835 0.718151 0.962952 0.718151
0 0.974788 0.782711 0.978823 0.786298 0.983127 0.784863 0.986086 0.783070 0.984203 0.774103 0.977747 0.772310 0.975326 0.766212
0 0.979361 0.834718 0.982320 0.840815 0.979630 0.842967 0.980168 0.845836 0.983127 0.843684 0.985010 0.841173 0.996039 0.835793 0.997115 0.831131 0.999536 0.832924 0.999805 0.830055 0.996308 0.829337 0.992811 0.829337 0.990659 0.832924 0.988507 0.834359 0.986086 0.830413 0.984203 0.830413
0 0.916415 0.741823 0.912111 0.742182 0.910497 0.745051 0.909959 0.750072 0.915339 0.755094 0.918836 0.755094 0.922871 0.750431 0.922871 0.745410 0.919374 0.744692
0 0.901082 0.778766 0.911035 0.778048 0.913187 0.778407 0.912918 0.782711 0.905924 0.781994 0.904041 0.783787 0.900813 0.783787
0 0.817962 0.846912 0.821997 0.855520 0.827107 0.856955 0.830605 0.858748 0.829260 0.851216 0.829529 0.847271 0.827646 0.845119 0.826570 0.838663
0 0.820114 0.690175 0.825494 0.694838 0.830874 0.688023 0.828991 0.688023 0.826839 0.684078 0.821459 0.685512
0 0.837330 0.705239 0.832488 0.708108 0.834370 0.715282 0.843516 0.721020 0.843516 0.718151 0.838944 0.710619
0 0.736455 0.866639 0.752057 0.866639 0.752326 0.863769 0.749367 0.861976 0.748829 0.858031 0.746408 0.858031 0.745870 0.854444 0.742911 0.856596 0.742911 0.858389 0.738876 0.859465 0.736724 0.859107
0 0.721391 0.833641 0.716280 0.831131 0.714128 0.832207 0.714666 0.840815 0.717087 0.848705 0.719239 0.851933 0.723005 0.850499 0.722736 0.849781 0.729730 0.849423 0.726502 0.846195 0.723274 0.841173 0.722736 0.841891 0.721122 0.842249 0.719777 0.839739 0.721122 0.837945
0 0.483369 0.667702 0.479489 0.667702 0.478594 0.669294 0.477400 0.668896 0.477400 0.666508 0.474415 0.668498 0.477400 0.678845 0.484563 0.681631 0.484563 0.675263 0.483668 0.673273
0 0.509636 0.744909 0.512023 0.750083 0.508143 0.752073 0.505755 0.759634 0.501278 0.768787 0.496502 0.773563 0.496502 0.774359 0.494115 0.778737 0.494115 0.772767 0.497696 0.764410 0.497696 0.763614 0.500383 0.756450 0.501875 0.750083 0.505457 0.745307
0 0.396810 0.742521 0.387258 0.743317 0.380095 0.745705 0.381587 0.749685 0.389049 0.749685 0.395317 0.746501
0 0.378304 0.757644 0.383378 0.756450 0.386064 0.757644 0.386363 0.751277 0.386960 0.751277 0.389049 0.748093 0.395019 0.746501 0.398003 0.743317 0.400093 0.738541 0.394720 0.737745 0.384273 0.740133 0.377707 0.747695 0.377110 0.747695 0.376513 0.749685
0 0.369946 0.732970 0.374125 0.741725 0.375916 0.741327 0.377110 0.737347 0.376811 0.730184 0.372334 0.730582
0 0.251150 0.865894 0.253837 0.862710 0.259209 0.862312 0.264881 0.863108 0.272044 0.865098 0.272641 0.867486
0 0.800108 0.610515 0.801917 0.609068 0.806257 0.603764 0.801917 0.602799 0.798662 0.605210 0.796130 0.604246 0.787089 0.597013 0.781664 0.597013
0 0.772984 0.598942 0.778770 0.598942 0.780579 0.597013 0.778770 0.595084 0.777324 0.592191 0.775515 0.590744 0.771537 0.590744
0 0.515715 0.630076 0.513845 0.630699 0.511740 0.630387 0.510104 0.628829 0.509636 0.627270 0.509636 0.625400 0.513377 0.621035 0.515247 0.621035 0.516183 0.621970 0.517585 0.629452
0 0.942508 0.254038 0.939011 0.254038 0.934169 0.256548 0.932286 0.256907 0.936590 0.262646 0.939549 0.262287 0.939549 0.261570 0.941701 0.259776 0.943315 0.259417
0 0.296094 0.353125 0.296899 0.351997 0.298436 0.352037 0.298438 0.353125 0.299219 0.353125 0.299967 0.353135 0.303125 0.356250 0.303906 0.356250 0.313281 0.366667 0.314063 0.367708 0.315672 0.368745 0.315603 0.375027 0.314847 0.375081 0.307057 0.389307 0.305469 0.390625 0.302147 0.395860 0.300708 0.396808 0.292869 0.399469 0.287518 0.402181 0.283703 0.402151 0.278906 0.402083 0.277327 0.402083 0.276564 0.402065 0.276533 0.398963 0.277340 0.398935 0.277344 0.397917 0.277344 0.396875 0.283594 0.385417 0.284375 0.384375 0.285938 0.377083 0.285938 0.376042 0.286610 0.372850 0.296094 0.353125
0 0.656655 0.693494 0.656655 0.691364 0.656267 0.689307 0.655955 0.688394 0.655598 0.687838 0.654755 0.687437 0.654185 0.686676 0.653196 0.686929 0.653125 0.687500 0.652344 0.688542 0.648691 0.690629 0.648249 0.690524 0.646739 0.690931 0.646192 0.691660 0.646021 0.692806 0.640625 0.700000 0.640625 0.701042 0.641406 0.702083 0.642188 0.702083 0.646094 0.701042 0.649219 0.696875 0.649655 0.696875 0.650529 0.695916 0.653909 0.694482 0.655035 0.693594 0.656187 0.693323
