0 0.618058 0.685519 0.619472 0.687230 0.621133 0.688071 0.623750 0.688629 0.626122 0.690138 0.627207 0.691157 0.628216 0.695625 0.629151 0.697525 0.630775 0.698740 0.631914 0.699857 0.633219 0.701551 0.633888 0.703589 0.633356 0.704999 0.632606 0.705021 0.631403 0.704276 0.627773 0.703722 0.625803 0.702443 0.623575 0.702200 0.620070 0.701473 0.618855 0.700856 0.616130 0.701639 0.615459 0.702661 0.615329 0.703906 0.613617 0.704647 0.613101 0.703546 0.612706 0.703589 0.612782 0.702090 0.612402 0.699180 0.612594 0.697959 0.612746 0.695047 0.612630 0.694419 0.613085 0.689658 0.613845 0.687013 0.614452 0.685515 0.615088 0.684614 0.615292 0.683372 0.615170 0.682300 0.615795 0.682135
0 0.767261 0.676758 0.768894 0.677060 0.770584 0.677060 0.772122 0.677551 0.773880 0.679474 0.774964 0.680892 0.775927 0.682557 0.777118 0.685338 0.777354 0.687564 0.776109 0.688678 0.774100 0.690048 0.773572 0.690847 0.772443 0.695017 0.771983 0.695970 0.771471 0.698028 0.771075 0.700202 0.771296 0.703471 0.770061 0.708734 0.769976 0.710867 0.769559 0.711940 0.767824 0.713992 0.766430 0.714463 0.763000 0.716111 0.761177 0.712973 0.760716 0.712016 0.760445 0.709790 0.760685 0.705363 0.760406 0.703223 0.760484 0.701002 0.760352 0.700008 0.760518 0.696745 0.760981 0.693513 0.761443 0.691415 0.761196 0.688031 0.761234 0.685848 0.762079 0.682664 0.762864 0.678505 0.763431 0.677825 0.765599 0.676845
0 0.507763 0.419280 0.509750 0.421714 0.512601 0.423843 0.515380 0.426577 0.515564 0.430261 0.514497 0.431972 0.512258 0.432256 0.511592 0.431450 0.510050 0.431661 0.509744 0.432380 0.510897 0.433528 0.512869 0.433729 0.513588 0.436095 0.514672 0.438020 0.516025 0.441535 0.515596 0.447043 0.514156 0.448524 0.511951 0.452668 0.511278 0.454970 0.511229 0.460120 0.512453 0.461661 0.512255 0.464423 0.510544 0.465620 0.509424 0.467523 0.507325 0.465226 0.505767 0.464485 0.504604 0.460955 0.500295 0.452435 0.499069 0.448901 0.497935 0.447055 0.496435 0.445677 0.496055 0.443170 0.496094 0.432256 0.496706 0.429954 0.498053 0.428419 0.499584 0.424889 0.500936 0.423456 0.504053 0.419057 0.504953 0.418616
0 0.490150 0.189894 0.490554 0.190494 0.491178 0.192072 0.491583 0.192823 0.491913 0.193574 0.492427 0.195226 0.492648 0.196052 0.492758 0.196878 0.492905 0.198606 0.492979 0.200408 0.492942 0.202211 0.492832 0.203112 0.492586 0.203905 0.492260 0.205539 0.491987 0.206417 0.491289 0.207844 0.490554 0.209421 0.490297 0.210172 0.489929 0.210923 0.489415 0.211148 0.488129 0.211073 0.487542 0.210923 0.484419 0.210172 0.483905 0.209796 0.483427 0.209195 0.483023 0.207618 0.482913 0.206792 0.482913 0.205891 0.483097 0.204088 0.483390 0.202436 0.483831 0.200784 0.484382 0.199207 0.485742 0.196127 0.486476 0.194550 0.486844 0.193799 0.487505 0.192297 0.488129 0.190720 0.488497 0.189894 0.488956 0.189443
0 0.570039 0.330799 0.571645 0.331404 0.573075 0.332318 0.574391 0.333726 0.574816 0.334649 0.575939 0.336199 0.576329 0.338206 0.576484 0.340543 0.576484 0.346401 0.576562 0.348779 0.576357 0.349882 0.575603 0.350307 0.573050 0.350544 0.571535 0.351579 0.570373 0.353104 0.568304 0.355067 0.566715 0.356009 0.565045 0.356355 0.562360 0.356354 0.561589 0.356095 0.560055 0.355142 0.558529 0.352450 0.557974 0.350343 0.557228 0.348413 0.556331 0.346531 0.555715 0.344581 0.554891 0.342626 0.554611 0.341669 0.554845 0.339270 0.554832 0.336920 0.555510 0.335025 0.556745 0.333412 0.558322 0.332648 0.559944 0.332208 0.561527 0.331442 0.564142 0.331185 0.564956 0.330911 0.566688 0.330865 0.568368 0.330568
0 0.502171 0.200951 0.504508 0.201221 0.507775 0.203508 0.511973 0.204957 0.515466 0.206603 0.516832 0.207517 0.518806 0.209163 0.519945 0.210717 0.521540 0.213734 0.522906 0.211906 0.523438 0.213369 0.523210 0.215289 0.522830 0.216112 0.522602 0.218032 0.522160 0.218876 0.521037 0.220136 0.519739 0.221241 0.519186 0.222146 0.517971 0.223426 0.516832 0.224889 0.514631 0.225438 0.512237 0.225591 0.511507 0.225969 0.510094 0.225605 0.508557 0.225529 0.508405 0.226078 0.507570 0.223426 0.506128 0.222878 0.505520 0.222329 0.505141 0.219403 0.504609 0.217574 0.503774 0.215929 0.502635 0.214466 0.501724 0.212729 0.501193 0.210991 0.500130 0.209346 0.499219 0.205597 0.499219 0.200203 0.500661 0.200385
0 0.407685 0.545961 0.409243 0.548998 0.411631 0.551645 0.413014 0.554531 0.413655 0.558562 0.413655 0.563499 0.413791 0.564734 0.413655 0.568574 0.413927 0.571042 0.413720 0.575980 0.413279 0.577077 0.411975 0.578164 0.410738 0.579784 0.410089 0.581761 0.408941 0.583236 0.406324 0.585717 0.404950 0.586119 0.404805 0.586951 0.401420 0.585746 0.400264 0.584077 0.398838 0.583248 0.398309 0.582209 0.398302 0.578448 0.398582 0.576109 0.400236 0.575878 0.401034 0.573648 0.400495 0.571454 0.399163 0.570192 0.398842 0.569010 0.399351 0.566557 0.400005 0.565831 0.400964 0.563701 0.401316 0.561308 0.400997 0.556342 0.401360 0.553938 0.402106 0.550330 0.403723 0.547471 0.404952 0.545944 0.406852 0.544829
0 0.426509 0.523570 0.431463 0.526254 0.433335 0.527986 0.435032 0.531506 0.435599 0.532072 0.437592 0.537915 0.437780 0.542379 0.437691 0.552505 0.437514 0.553765 0.435632 0.554362 0.431950 0.552671 0.429810 0.553191 0.428915 0.554768 0.428997 0.559228 0.428757 0.562493 0.426235 0.564781 0.425390 0.565076 0.422088 0.564577 0.420763 0.562493 0.421868 0.563120 0.418182 0.558183 0.417254 0.555360 0.415934 0.554003 0.414471 0.553327 0.413198 0.551863 0.411030 0.548331 0.410751 0.545004 0.410859 0.542721 0.415790 0.536835 0.417177 0.535962 0.419395 0.532820 0.420819 0.532570 0.422823 0.534135 0.424425 0.533016 0.423927 0.530884 0.422678 0.529427 0.422494 0.528232 0.423426 0.526261 0.424055 0.523247
0 0.501654 0.299256 0.502800 0.300581 0.503159 0.302667 0.503158 0.305811 0.502676 0.307669 0.500844 0.313058 0.499763 0.314274 0.500009 0.315000 0.502142 0.317566 0.502037 0.319533 0.500645 0.320271 0.498260 0.323993 0.494646 0.327167 0.493446 0.327886 0.491737 0.329892 0.488526 0.331542 0.489001 0.333190 0.489258 0.336207 0.488571 0.338651 0.487147 0.339259 0.484201 0.339839 0.483474 0.339687 0.481689 0.337750 0.479802 0.333437 0.478158 0.330095 0.477892 0.328162 0.478243 0.326088 0.479363 0.322477 0.481887 0.318678 0.485830 0.312356 0.487201 0.312644 0.488401 0.313649 0.492586 0.313955 0.492155 0.311063 0.492867 0.307027 0.495569 0.301056 0.496630 0.299569 0.497916 0.298851 0.500193 0.298903
0 0.504344 0.269545 0.506483 0.271516 0.509222 0.275430 0.510267 0.276429 0.511171 0.277920 0.511665 0.279761 0.512213 0.283512 0.513043 0.285866 0.515540 0.285201 0.516804 0.285371 0.517959 0.286572 0.518519 0.288237 0.519345 0.292987 0.520065 0.301669 0.518899 0.307220 0.517528 0.310485 0.517048 0.312281 0.516774 0.314240 0.516156 0.316036 0.514579 0.317179 0.514406 0.315707 0.514579 0.311955 0.513208 0.309832 0.512591 0.308199 0.510191 0.303628 0.506736 0.297812 0.506350 0.295954 0.505569 0.294216 0.504019 0.289913 0.505116 0.287464 0.504225 0.286321 0.502916 0.281855 0.501838 0.279330 0.500817 0.277922 0.499973 0.276198 0.499836 0.275382 0.500727 0.272770 0.502442 0.269668 0.502966 0.269272
0 0.568155 0.514678 0.569647 0.515112 0.571209 0.515203 0.571920 0.515341 0.574182 0.515568 0.575738 0.515568 0.578723 0.515315 0.580290 0.515269 0.581779 0.515406 0.583973 0.516366 0.584679 0.516549 0.585235 0.516989 0.585541 0.517783 0.586089 0.518332 0.587360 0.519289 0.587617 0.520178 0.587607 0.523339 0.586951 0.523818 0.584679 0.526012 0.581741 0.527142 0.579698 0.528334 0.579008 0.528601 0.577547 0.528984 0.575988 0.529279 0.575199 0.529325 0.572915 0.529325 0.572152 0.529162 0.570945 0.527064 0.570632 0.526287 0.569788 0.524961 0.566919 0.523643 0.565659 0.522725 0.563612 0.521438 0.563106 0.520843 0.562930 0.520027 0.563137 0.518140 0.563993 0.516580 0.565764 0.514985 0.566597 0.514634
0 0.578617 0.531818 0.578926 0.533555 0.578882 0.536207 0.578661 0.538858 0.578000 0.544070 0.577824 0.544893 0.577567 0.546562 0.577074 0.548184 0.576810 0.549922 0.576722 0.550744 0.576634 0.552573 0.576457 0.553396 0.576149 0.554127 0.575443 0.555590 0.575399 0.556413 0.574870 0.555499 0.573989 0.554310 0.573504 0.553762 0.571961 0.552665 0.571476 0.552207 0.570550 0.551110 0.569095 0.549647 0.568302 0.548367 0.567288 0.545990 0.567156 0.544253 0.567255 0.542424 0.567211 0.541601 0.567255 0.539773 0.567156 0.537944 0.567156 0.536207 0.567376 0.534470 0.569448 0.532824 0.570021 0.532550 0.571227 0.532254 0.572375 0.531871 0.573648 0.531836 0.575719 0.531836 0.577022 0.531650 0.577594 0.531324
0 0.588637 0.557519 0.589856 0.558699 0.591329 0.561024 0.592412 0.563765 0.592891 0.564471 0.595008 0.568816 0.595551 0.570986 0.598036 0.579265 0.597546 0.580110 0.596012 0.580416 0.594585 0.582694 0.592432 0.583803 0.594450 0.586566 0.596121 0.590302 0.596606 0.593463 0.597764 0.597582 0.598240 0.600295 0.597744 0.600813 0.596228 0.601078 0.594935 0.601940 0.593427 0.601796 0.592942 0.601078 0.591541 0.600934 0.589332 0.598491 0.587810 0.598079 0.586307 0.595865 0.583757 0.590200 0.583217 0.588051 0.582302 0.582739 0.581383 0.578409 0.581219 0.576215 0.582058 0.573060 0.582357 0.570991 0.582954 0.568821 0.583782 0.566882 0.584510 0.562666 0.585111 0.560483 0.585873 0.558594 0.587101 0.557379
0 0.815462 0.394203 0.818664 0.396150 0.819455 0.398242 0.820660 0.399984 0.821508 0.402322 0.823761 0.404311 0.824219 0.406779 0.824306 0.412036 0.824235 0.418589 0.822764 0.419122 0.819987 0.419579 0.819127 0.421751 0.817143 0.424380 0.816416 0.426665 0.816004 0.429046 0.812376 0.428808 0.813044 0.430208 0.811589 0.429065 0.811655 0.428494 0.808439 0.426539 0.806176 0.424582 0.803985 0.420494 0.803125 0.415694 0.803257 0.413179 0.804812 0.412144 0.806608 0.412035 0.807460 0.412603 0.811176 0.413065 0.813813 0.414082 0.814076 0.410743 0.813504 0.409671 0.811655 0.408722 0.808481 0.409065 0.805638 0.405979 0.805505 0.404950 0.807886 0.399579 0.809142 0.394893 0.809870 0.394321 0.812614 0.393750
0 0.980422 0.240911 0.981800 0.241522 0.985369 0.244700 0.985794 0.246811 0.985063 0.248523 0.983878 0.249657 0.983032 0.251424 0.982599 0.254614 0.982244 0.261974 0.983897 0.268993 0.985035 0.271852 0.984923 0.273248 0.982315 0.274461 0.979956 0.274311 0.977667 0.274860 0.974862 0.276079 0.973015 0.279372 0.973402 0.283384 0.972159 0.283004 0.967395 0.283097 0.965085 0.282477 0.964560 0.278497 0.965270 0.275493 0.966122 0.273691 0.969364 0.269555 0.970540 0.268432 0.974881 0.265267 0.975212 0.264389 0.973793 0.261974 0.972159 0.260022 0.969034 0.257618 0.966902 0.253874 0.968177 0.253356 0.974176 0.254700 0.974429 0.254034 0.973793 0.248760 0.974007 0.245591 0.974944 0.241489 0.975533 0.240898
0 0.771723 0.140906 0.773991 0.146369 0.774989 0.150198 0.775323 0.155566 0.774021 0.160735 0.772938 0.162509 0.769855 0.165471 0.767512 0.166349 0.764841 0.164511 0.764539 0.158243 0.763295 0.156296 0.762440 0.159247 0.762502 0.161429 0.761677 0.164387 0.760095 0.166862 0.747864 0.178523 0.745836 0.176536 0.744214 0.172752 0.743993 0.170480 0.745016 0.168680 0.748168 0.168247 0.749702 0.167173 0.751714 0.163357 0.752113 0.161288 0.751773 0.157040 0.749354 0.150557 0.749035 0.147150 0.749628 0.146230 0.753220 0.144555 0.754756 0.139910 0.756608 0.141454 0.760222 0.147210 0.764267 0.150798 0.766554 0.149753 0.767716 0.148054 0.767716 0.146088 0.765934 0.140341 0.766585 0.138365 0.768513 0.137747
0 0.709629 0.225416 0.710607 0.227216 0.710795 0.228155 0.710978 0.230207 0.710971 0.231245 0.711267 0.234584 0.710950 0.235302 0.710345 0.237317 0.710453 0.239374 0.711638 0.241843 0.711810 0.242904 0.712078 0.243921 0.712681 0.244591 0.716001 0.249326 0.717565 0.252678 0.717780 0.253638 0.717565 0.255832 0.716385 0.257024 0.715738 0.257260 0.714437 0.258363 0.713839 0.259028 0.708957 0.262774 0.708082 0.263969 0.707455 0.263963 0.705221 0.264152 0.702282 0.263837 0.700874 0.263803 0.699208 0.263450 0.698425 0.263487 0.696074 0.264031 0.695367 0.263752 0.694612 0.262141 0.693319 0.257478 0.692957 0.256414 0.692728 0.255421 0.691854 0.252854 0.690978 0.251038 0.690406 0.250043 0.689802 0.249388 0.688757 0.247924 0.686981 0.244578 0.685842 0.243323 0.685939 0.242447 0.687294 0.241934 0.688412 0.242263 0.693087 0.243078 0.693848 0.242673 0.695207 0.241655 0.696514 0.240950 0.699027 0.238590 0.700403 0.235950 0.700944 0.234008 0.701560 0.233122 0.703411 0.229823 0.704364 0.228346 0.706142 0.226071 0.707466 0.225171 0.708865 0.225022
0 0.659037 0.000000 0.661327 0.000468 0.661866 0.001414 0.666409 0.006662 0.666597 0.009936 0.665809 0.014071 0.664266 0.016402 0.663845 0.018464 0.661351 0.022564 0.661431 0.024630 0.663020 0.027186 0.666666 0.025895 0.669718 0.026504 0.670868 0.027478 0.671804 0.029297 0.672752 0.033389 0.673438 0.035221 0.673180 0.037219 0.671895 0.038218 0.669752 0.041216 0.669152 0.044214 0.669237 0.046379 0.668980 0.049543 0.668552 0.050376 0.665380 0.049043 0.661951 0.043214 0.660237 0.041216 0.657579 0.037299 0.655769 0.033610 0.655248 0.030582 0.654237 0.022064 0.653723 0.020066 0.653723 0.015736 0.651751 0.011073 0.648322 0.007243 0.646779 0.002247 0.646694 0.000248 0.647465 0.000082 0.653247 0.000000
0 0.645403 0.000000 0.645770 0.000464 0.645559 0.002250 0.645917 0.003902 0.646223 0.006600 0.646946 0.008105 0.649444 0.011034 0.650473 0.012053 0.651902 0.013903 0.653485 0.015109 0.654293 0.016510 0.654881 0.018038 0.654954 0.018930 0.654514 0.023514 0.653926 0.025170 0.653485 0.025807 0.651354 0.029500 0.650914 0.030136 0.648269 0.032684 0.646799 0.034212 0.645624 0.034976 0.644375 0.035485 0.641969 0.036077 0.641077 0.035747 0.641592 0.035367 0.639819 0.034594 0.636733 0.033448 0.635191 0.031919 0.634309 0.029372 0.633427 0.024278 0.633207 0.021477 0.633207 0.018675 0.633354 0.016892 0.634309 0.012689 0.634024 0.008105 0.634244 0.004412 0.633951 0.000836 0.634235 0.000082 0.635595 0.000000
0 0.503682 0.118628 0.505807 0.121247 0.508926 0.125777 0.510151 0.126789 0.511635 0.126591 0.516901 0.126811 0.518227 0.127655 0.518588 0.129598 0.518364 0.131592 0.518364 0.133590 0.518204 0.135574 0.517432 0.138334 0.515113 0.143352 0.514054 0.144879 0.511353 0.148228 0.509617 0.150042 0.508567 0.151463 0.507112 0.151580 0.505665 0.152016 0.504097 0.151775 0.503513 0.151172 0.502535 0.149631 0.501697 0.147936 0.500685 0.146469 0.498876 0.144781 0.497082 0.142882 0.496665 0.142156 0.495312 0.138649 0.493615 0.135240 0.493373 0.133477 0.494056 0.131654 0.496548 0.129793 0.497914 0.129209 0.500889 0.128657 0.502263 0.128775 0.502282 0.126909 0.500323 0.119606 0.501293 0.118548 0.502480 0.117684
0 0.418249 0.239714 0.419136 0.241178 0.420745 0.243343 0.421565 0.244775 0.422393 0.247414 0.423114 0.250901 0.423852 0.252619 0.426402 0.256039 0.428681 0.259779 0.429511 0.263257 0.430077 0.265021 0.430081 0.266975 0.427959 0.270827 0.426871 0.273182 0.424995 0.273119 0.422247 0.272411 0.420225 0.272202 0.418370 0.271124 0.417619 0.271238 0.416568 0.272531 0.415921 0.272296 0.413420 0.271785 0.411289 0.269388 0.409655 0.264275 0.407830 0.262328 0.405754 0.259904 0.405816 0.256044 0.402914 0.249879 0.403962 0.245764 0.405818 0.246486 0.406276 0.245824 0.407528 0.245376 0.409662 0.245494 0.411107 0.245243 0.412366 0.244504 0.413507 0.243297 0.414467 0.241732 0.416143 0.240173 0.417181 0.238706
0 0.540894 0.190155 0.543711 0.191755 0.549023 0.193224 0.550490 0.193453 0.554188 0.195412 0.557342 0.195641 0.561060 0.196898 0.563876 0.198269 0.566130 0.198955 0.569622 0.199641 0.569059 0.202269 0.569847 0.203869 0.571199 0.204898 0.571650 0.205698 0.571974 0.207746 0.571741 0.209867 0.570185 0.211984 0.569284 0.213584 0.567031 0.216556 0.565145 0.221772 0.564441 0.222489 0.560364 0.225226 0.559145 0.225242 0.557568 0.224556 0.556152 0.223515 0.555344 0.221887 0.552878 0.218136 0.551298 0.215959 0.548674 0.213581 0.545006 0.209465 0.542398 0.206930 0.541232 0.204441 0.539880 0.202155 0.538078 0.199984 0.536726 0.197698 0.535937 0.194955 0.536050 0.193926 0.537402 0.191641 0.539332 0.190152
0 0.571441 0.381681 0.573499 0.384195 0.575419 0.384881 0.576447 0.386024 0.577987 0.390983 0.579808 0.399053 0.583099 0.407053 0.583099 0.408653 0.582002 0.409796 0.581385 0.413682 0.581728 0.416882 0.581659 0.422139 0.581865 0.424197 0.583510 0.428768 0.583716 0.432883 0.582789 0.435810 0.583373 0.439740 0.583236 0.442026 0.581659 0.445226 0.579122 0.448883 0.572150 0.450495 0.569123 0.450249 0.565581 0.447705 0.563973 0.445365 0.563615 0.437932 0.563967 0.432654 0.563898 0.426254 0.564629 0.423138 0.565316 0.414886 0.565209 0.413723 0.565896 0.402274 0.564823 0.391679 0.564276 0.389629 0.564637 0.388534 0.568318 0.388996 0.569606 0.388198 0.570070 0.386253 0.568673 0.381363 0.570126 0.381110
0 0.822086 0.417411 0.822759 0.417473 0.823984 0.418094 0.825050 0.419048 0.825698 0.419397 0.826861 0.420203 0.827474 0.420513 0.828637 0.421258 0.829249 0.421754 0.831870 0.424411 0.833280 0.426275 0.834209 0.427586 0.835358 0.428567 0.836231 0.429833 0.836423 0.430604 0.836413 0.431495 0.836168 0.433170 0.835678 0.434721 0.834882 0.435962 0.834209 0.436024 0.832861 0.435962 0.831456 0.436122 0.828757 0.436060 0.827402 0.435935 0.826722 0.435747 0.824880 0.435001 0.823599 0.434568 0.822366 0.434068 0.819994 0.432584 0.819668 0.432639 0.818535 0.430680 0.817974 0.429103 0.817728 0.427479 0.817728 0.425707 0.818161 0.424072 0.819142 0.421091 0.819448 0.420408 0.820133 0.418029 0.820725 0.417676
0 0.723491 0.173988 0.724704 0.175222 0.726589 0.179199 0.731573 0.185645 0.734537 0.188937 0.736557 0.190583 0.738578 0.191817 0.740101 0.192167 0.742278 0.193137 0.743432 0.194610 0.744254 0.200438 0.744246 0.208753 0.745852 0.210369 0.745246 0.212300 0.742225 0.212732 0.741406 0.212526 0.738308 0.212526 0.736153 0.211566 0.733863 0.211292 0.730900 0.210195 0.723895 0.205943 0.722010 0.204023 0.721067 0.202652 0.719855 0.200183 0.718373 0.194834 0.717295 0.192366 0.715409 0.189348 0.712850 0.184685 0.710964 0.181668 0.708675 0.178788 0.707462 0.176456 0.707328 0.175496 0.708675 0.174811 0.712042 0.177279 0.714197 0.178102 0.715814 0.177828 0.718286 0.175189 0.719651 0.174214 0.721134 0.173713
0 0.750034 0.263552 0.751177 0.264280 0.752120 0.265664 0.753586 0.267498 0.754352 0.269019 0.755028 0.269530 0.756454 0.269213 0.757621 0.269363 0.758628 0.270402 0.758684 0.271372 0.758227 0.274155 0.758166 0.276060 0.759136 0.279622 0.759811 0.281286 0.760205 0.283010 0.759698 0.284734 0.758628 0.285812 0.757896 0.287320 0.757663 0.289165 0.758065 0.290984 0.758346 0.292816 0.758290 0.293786 0.757332 0.294864 0.756037 0.294864 0.753840 0.293032 0.752657 0.292277 0.750230 0.291014 0.747513 0.288415 0.746595 0.287209 0.745236 0.284934 0.744208 0.282417 0.743926 0.277622 0.743870 0.273743 0.743694 0.271905 0.743866 0.269936 0.744264 0.268194 0.744795 0.266349 0.746623 0.263396 0.747256 0.263000
0 0.767778 0.316138 0.770832 0.316503 0.771990 0.317509 0.771934 0.318079 0.770709 0.322566 0.770305 0.325372 0.770219 0.326322 0.770245 0.328412 0.770282 0.329206 0.770480 0.330340 0.771108 0.331893 0.771850 0.333444 0.771967 0.333435 0.772777 0.335006 0.774126 0.336857 0.774461 0.337727 0.774297 0.339017 0.774096 0.342287 0.771990 0.342927 0.769855 0.341821 0.768584 0.340810 0.767932 0.340018 0.767470 0.339282 0.765418 0.336793 0.763987 0.336801 0.762769 0.338880 0.762055 0.339841 0.761418 0.340523 0.760175 0.340392 0.759470 0.340196 0.758539 0.340110 0.757180 0.339699 0.756568 0.339075 0.755774 0.338072 0.754828 0.336648 0.754428 0.335850 0.753433 0.334356 0.753021 0.332736 0.753245 0.332047 0.751922 0.329968 0.748017 0.325662 0.747338 0.324972 0.746675 0.324597 0.745347 0.323544 0.743872 0.321624 0.743557 0.319886 0.744504 0.318515 0.745989 0.318516 0.748836 0.319523 0.751046 0.320071 0.755990 0.321533 0.757470 0.321661 0.760868 0.319547 0.762434 0.318714 0.763672 0.318196 0.764882 0.316979 0.765580 0.316507 0.766607 0.316173
0 0.746568 0.328950 0.746876 0.330549 0.748111 0.331726 0.748691 0.333448 0.748518 0.337542 0.749003 0.343394 0.748680 0.349886 0.745729 0.351461 0.741083 0.351897 0.737325 0.352865 0.732800 0.354419 0.728945 0.355054 0.724329 0.354156 0.722743 0.353563 0.719664 0.353686 0.716657 0.352610 0.713432 0.352110 0.707350 0.350524 0.702690 0.349990 0.701311 0.347171 0.701184 0.345520 0.701802 0.343942 0.701490 0.340001 0.702359 0.336779 0.703475 0.335838 0.705730 0.335523 0.709115 0.336039 0.714036 0.332487 0.716198 0.331917 0.719256 0.331918 0.723919 0.333054 0.726374 0.333147 0.731061 0.332148 0.734133 0.332148 0.738820 0.331508 0.741569 0.329399 0.742984 0.328779 0.744108 0.327378 0.745271 0.327378
0 0.776702 0.349605 0.777368 0.350036 0.778516 0.351224 0.779866 0.352622 0.780891 0.354262 0.780724 0.355187 0.780503 0.355833 0.779875 0.357676 0.779478 0.358837 0.778566 0.360445 0.778451 0.362428 0.778705 0.363145 0.779089 0.364228 0.779510 0.366188 0.779594 0.368248 0.779317 0.369997 0.779117 0.371264 0.779675 0.373074 0.779510 0.375046 0.779671 0.378665 0.780246 0.379295 0.781032 0.381070 0.782031 0.382364 0.781615 0.383010 0.780435 0.382956 0.779283 0.382902 0.778617 0.382579 0.777368 0.379562 0.776020 0.378344 0.773497 0.376066 0.771172 0.373163 0.769177 0.371657 0.766926 0.369295 0.766094 0.368423 0.764957 0.367835 0.764031 0.367356 0.762783 0.366951 0.761131 0.366415 0.757880 0.366604 0.756468 0.365984 0.755658 0.364262 0.755917 0.363355 0.758383 0.360704 0.759135 0.359732 0.760715 0.357687 0.761964 0.356501 0.763385 0.355582 0.764628 0.354777 0.766616 0.352949 0.767792 0.351868 0.768543 0.351338 0.770540 0.349928 0.772070 0.349732 0.772825 0.349635 0.773961 0.349546
0 0.986402 0.395893 0.990362 0.400621 0.991236 0.401350 0.992154 0.403084 0.993598 0.413850 0.994012 0.415531 0.995318 0.419153 0.995803 0.419957 0.996576 0.422110 0.996341 0.424019 0.996541 0.424642 0.998008 0.426936 0.999431 0.428306 0.999213 0.431138 0.997504 0.431264 0.995282 0.431757 0.993220 0.433856 0.993170 0.435194 0.992375 0.439331 0.992785 0.445262 0.991438 0.446817 0.989461 0.447800 0.988100 0.448220 0.985596 0.450749 0.984835 0.451149 0.978862 0.455337 0.976733 0.456351 0.975372 0.457248 0.974603 0.457365 0.970345 0.459393 0.969126 0.459725 0.969115 0.458334 0.969776 0.454304 0.969679 0.450386 0.969427 0.447294 0.969853 0.442277 0.971325 0.435474 0.974034 0.432303 0.977930 0.430498 0.978985 0.428568 0.979123 0.419955 0.980928 0.416984 0.982350 0.415038 0.981212 0.412396 0.979953 0.412610 0.977994 0.415056 0.976175 0.415555 0.971777 0.411269 0.968980 0.410552 0.967736 0.409120 0.967920 0.400838 0.968557 0.396579 0.969579 0.396248 0.974035 0.395344 0.977660 0.393972 0.978383 0.393456 0.984342 0.392766 0.985307 0.393889
0 0.943314 0.376521 0.945770 0.378132 0.950296 0.382050 0.951258 0.382533 0.953105 0.382495 0.954930 0.381919 0.956773 0.381959 0.958518 0.382622 0.961072 0.386360 0.965167 0.391454 0.966029 0.393544 0.967969 0.395634 0.967969 0.407259 0.967645 0.409610 0.964131 0.413601 0.961719 0.415618 0.960857 0.417578 0.957951 0.417617 0.954424 0.416746 0.949432 0.414104 0.945900 0.413050 0.944182 0.412008 0.939089 0.409741 0.937365 0.410524 0.936072 0.412223 0.934456 0.412484 0.933594 0.410786 0.933662 0.407009 0.934758 0.403862 0.936348 0.402717 0.937817 0.399620 0.938943 0.393811 0.938551 0.391454 0.938471 0.386648 0.938933 0.382943 0.938395 0.380453 0.935338 0.377801 0.935749 0.376172 0.939574 0.376133
0 0.686924 0.588221 0.691198 0.591128 0.692714 0.593268 0.692913 0.594972 0.693334 0.597240 0.693275 0.597946 0.693473 0.600033 0.694021 0.601793 0.694631 0.603312 0.695564 0.604838 0.695945 0.607136 0.696429 0.609339 0.697820 0.612565 0.698604 0.617061 0.699509 0.619133 0.699996 0.619915 0.700798 0.621756 0.701546 0.625825 0.700795 0.626020 0.699282 0.625749 0.695702 0.625504 0.691476 0.622754 0.687862 0.621318 0.687178 0.620870 0.684084 0.619638 0.682813 0.619422 0.681076 0.619295 0.680602 0.618892 0.677476 0.617405 0.675042 0.617032 0.672086 0.617529 0.670415 0.618346 0.668970 0.618901 0.667565 0.619266 0.666313 0.620598 0.664314 0.622298 0.662597 0.622811 0.661315 0.622906 0.660558 0.622791 0.657133 0.623033 0.654871 0.622492 0.651220 0.620507 0.649829 0.618521 0.650524 0.616908 0.653654 0.614551 0.656088 0.612317 0.658221 0.610804 0.660957 0.607602 0.662870 0.604872 0.663449 0.602894 0.665304 0.600529 0.666567 0.599637 0.674497 0.592535 0.675463 0.591467 0.677604 0.590696 0.677966 0.590782 0.683040 0.589609 0.685595 0.588294
0 0.789029 0.514693 0.790493 0.514944 0.793189 0.516470 0.794862 0.517601 0.797169 0.521942 0.797690 0.523180 0.797211 0.526924 0.796608 0.529953 0.795018 0.530390 0.793099 0.530120 0.787136 0.528145 0.786924 0.528359 0.789454 0.533366 0.792866 0.533197 0.793728 0.533400 0.796413 0.534971 0.798506 0.535916 0.799260 0.537565 0.801327 0.541017 0.801646 0.544403 0.800411 0.546889 0.798509 0.551842 0.798002 0.556015 0.797152 0.561359 0.794149 0.566836 0.792805 0.572907 0.792495 0.574899 0.790339 0.581045 0.789252 0.582562 0.787125 0.584538 0.786185 0.581680 0.783000 0.578304 0.784747 0.568101 0.786923 0.560490 0.789042 0.555166 0.788126 0.553793 0.783106 0.551218 0.782496 0.549913 0.780638 0.547045 0.778404 0.546581 0.775604 0.547764 0.772946 0.549416 0.771288 0.550223 0.767372 0.550690 0.765279 0.552447 0.764411 0.550340 0.764517 0.543981 0.768549 0.535556 0.768867 0.535504 0.772121 0.533444 0.772249 0.533580 0.775153 0.532899 0.777720 0.530938 0.778041 0.527715 0.779015 0.525608 0.781589 0.519132 0.784553 0.515616 0.787936 0.514831
0 0.900635 0.736632 0.901030 0.737463 0.903370 0.741212 0.903925 0.742288 0.905228 0.742163 0.906154 0.741931 0.907271 0.743002 0.908013 0.745773 0.908946 0.752666 0.908763 0.753238 0.907923 0.754857 0.906916 0.757012 0.903789 0.758473 0.901051 0.760615 0.898275 0.764079 0.897316 0.764711 0.893870 0.767503 0.892147 0.770754 0.890240 0.772456 0.885680 0.770180 0.881151 0.769338 0.880653 0.767509 0.880559 0.766129 0.880560 0.763537 0.880961 0.762267 0.882048 0.759866 0.884052 0.758464 0.886258 0.758690 0.887760 0.758200 0.889017 0.757597 0.889960 0.754528 0.888729 0.752624 0.887474 0.756556 0.886430 0.756928 0.885098 0.757048 0.883764 0.755745 0.882420 0.751151 0.883035 0.749328 0.883425 0.748493 0.884936 0.744073 0.885676 0.743883 0.887692 0.743711 0.889059 0.745055 0.891264 0.747019 0.891452 0.745139 0.890743 0.742895 0.890544 0.741948 0.889897 0.740118 0.889017 0.739086 0.884023 0.737745 0.882337 0.735467 0.883410 0.733570 0.883706 0.733668 0.889775 0.733898 0.892660 0.734702 0.895359 0.737513 0.898134 0.734347 0.898997 0.734007
0 0.993680 0.653057 0.996752 0.657471 0.997255 0.662632 0.997036 0.670787 0.995354 0.675124 0.992649 0.674835 0.992644 0.676619 0.996234 0.681606 0.997321 0.684453 0.995876 0.690479 0.993929 0.693243 0.991690 0.692978 0.987431 0.693399 0.984177 0.691814 0.981376 0.690090 0.978406 0.690474 0.974486 0.690334 0.968717 0.690876 0.965953 0.692251 0.962434 0.691308 0.962664 0.688016 0.964207 0.685723 0.966815 0.683842 0.971417 0.678260 0.972973 0.676068 0.973441 0.674060 0.970176 0.667516 0.969587 0.665693 0.969340 0.662781 0.969570 0.660724 0.970376 0.659215 0.975096 0.656472 0.977973 0.657158 0.978779 0.658666 0.982692 0.663055 0.984074 0.662507 0.985685 0.660449 0.990750 0.656061 0.992315 0.653883
0 0.813271 0.824138 0.814061 0.829211 0.815035 0.831897 0.814839 0.835920 0.814251 0.837787 0.811963 0.842186 0.811640 0.843135 0.809839 0.846598 0.808815 0.848000 0.806316 0.852155 0.802954 0.856850 0.802195 0.857981 0.801524 0.858515 0.799459 0.860920 0.799263 0.862931 0.800732 0.864942 0.800392 0.865692 0.798929 0.864691 0.795876 0.864534 0.793115 0.862577 0.792631 0.860584 0.792014 0.858621 0.791940 0.855627 0.792046 0.854343 0.791110 0.852503 0.787507 0.848707 0.786038 0.845115 0.786332 0.839639 0.786285 0.838252 0.786104 0.836711 0.787818 0.836321 0.789322 0.837346 0.789796 0.838781 0.790128 0.840375 0.790304 0.841818 0.790288 0.842860 0.790481 0.844461 0.791813 0.848086 0.792205 0.848393 0.792797 0.846839 0.792762 0.846010 0.793061 0.843719 0.794353 0.841118 0.794899 0.840696 0.796752 0.838404 0.799949 0.835345 0.801856 0.834024 0.802484 0.833953 0.804060 0.833279 0.805956 0.831742 0.806540 0.831049 0.807828 0.830003 0.809143 0.828661 0.809286 0.827776 0.809335 0.825693 0.809841 0.823529 0.810499 0.823103 0.811610 0.822974
0 0.526803 0.824822 0.528113 0.824860 0.528274 0.824782 0.528962 0.825173 0.531202 0.826009 0.531706 0.826390 0.532964 0.826996 0.537564 0.829562 0.538236 0.829730 0.539927 0.830883 0.541517 0.832185 0.543013 0.834080 0.543971 0.836403 0.544497 0.837990 0.544472 0.838692 0.544335 0.839655 0.544296 0.840640 0.543882 0.842349 0.543250 0.849246 0.542619 0.851545 0.542470 0.851848 0.542106 0.854113 0.542310 0.855855 0.542278 0.856606 0.541987 0.858297 0.540196 0.862895 0.539409 0.864299 0.538700 0.865780 0.537301 0.866430 0.536396 0.866436 0.529172 0.866440 0.528449 0.866310 0.519780 0.866315 0.519057 0.866446 0.516949 0.866447 0.516531 0.866591 0.514565 0.866253 0.514126 0.865496 0.513884 0.861910 0.513982 0.860737 0.513982 0.858287 0.514290 0.855711 0.514192 0.853843 0.514192 0.850241 0.514726 0.847614 0.515777 0.844604 0.516304 0.842305 0.518503 0.837033 0.518760 0.836097 0.519061 0.834627 0.519596 0.833166 0.520773 0.831003 0.521277 0.830301 0.521701 0.829521 0.522338 0.828130 0.523342 0.824984 0.524011 0.824583 0.525723 0.824725
0 0.840219 0.693516 0.840233 0.695366 0.839900 0.698240 0.840316 0.702119 0.840387 0.706172 0.841815 0.709734 0.842051 0.712622 0.842565 0.716487 0.842232 0.720223 0.842814 0.722091 0.843811 0.723452 0.844661 0.726242 0.844405 0.728315 0.842547 0.731384 0.841360 0.732409 0.839983 0.733010 0.838984 0.734303 0.836902 0.734878 0.835540 0.734336 0.833821 0.731142 0.831906 0.728412 0.828956 0.728391 0.827319 0.726234 0.826202 0.724076 0.824162 0.723240 0.822747 0.721085 0.821664 0.719792 0.819583 0.715625 0.819333 0.713757 0.819583 0.709734 0.820744 0.705076 0.821508 0.703469 0.822747 0.702550 0.824199 0.702241 0.830779 0.697211 0.834769 0.695491 0.836031 0.694765 0.837818 0.693355 0.839654 0.692312
0 0.707107 0.803055 0.709507 0.803125 0.711026 0.803282 0.712397 0.803987 0.712593 0.803752 0.713720 0.804144 0.714010 0.805040 0.713600 0.805148 0.713181 0.804144 0.712985 0.804457 0.713965 0.806103 0.714063 0.813548 0.713961 0.816679 0.713965 0.817780 0.713426 0.819661 0.712838 0.820210 0.711711 0.821464 0.711124 0.822247 0.710144 0.823893 0.709703 0.824755 0.708724 0.826322 0.708185 0.826949 0.706813 0.827576 0.705295 0.827733 0.703783 0.828037 0.702258 0.828047 0.700887 0.827341 0.700250 0.826793 0.699809 0.826009 0.698438 0.822482 0.698438 0.818172 0.698780 0.816213 0.699222 0.813254 0.699760 0.811354 0.700544 0.809551 0.700936 0.807670 0.701327 0.806730 0.702662 0.804173 0.703899 0.803090
0 0.720555 0.704102 0.721747 0.705267 0.722708 0.706842 0.724263 0.710337 0.725255 0.711736 0.725689 0.713591 0.725835 0.718809 0.726208 0.720715 0.727510 0.723295 0.727804 0.725176 0.727601 0.726092 0.726801 0.727848 0.725931 0.729295 0.725271 0.729815 0.723021 0.732491 0.722334 0.732782 0.720898 0.732883 0.719482 0.732561 0.718880 0.732015 0.717445 0.729670 0.716563 0.727057 0.716930 0.725072 0.717812 0.722460 0.718106 0.718384 0.717959 0.716399 0.717004 0.715145 0.716196 0.715040 0.713918 0.715354 0.710021 0.715537 0.708542 0.715326 0.706497 0.714100 0.706424 0.713160 0.707342 0.711654 0.709315 0.710408 0.710574 0.709355 0.712302 0.707412 0.714947 0.705845 0.716196 0.704905 0.719032 0.703860
0 0.669154 0.633454 0.670286 0.634271 0.672710 0.635740 0.674407 0.637291 0.675539 0.638107 0.676797 0.638829 0.678916 0.641135 0.680370 0.643746 0.681259 0.645052 0.682225 0.646305 0.682723 0.647763 0.683618 0.649982 0.683786 0.650831 0.683540 0.652557 0.682689 0.653801 0.681439 0.654271 0.680065 0.654598 0.677398 0.655006 0.675377 0.655006 0.674080 0.655138 0.671537 0.654622 0.670239 0.654086 0.667885 0.652775 0.666568 0.652475 0.663528 0.650608 0.662123 0.648720 0.660911 0.646761 0.660426 0.645291 0.660426 0.643414 0.660668 0.641699 0.661153 0.640230 0.662042 0.638026 0.662204 0.637209 0.662689 0.635658 0.663012 0.635005 0.664062 0.633781 0.665194 0.633046 0.666568 0.632801 0.667901 0.632924
0 0.706630 0.629567 0.708060 0.634104 0.710537 0.638901 0.712636 0.641879 0.714176 0.645110 0.715334 0.646349 0.715813 0.648327 0.714231 0.654676 0.714388 0.655706 0.716482 0.658482 0.716987 0.661207 0.712974 0.668277 0.712432 0.670991 0.713019 0.672636 0.710815 0.675085 0.709409 0.674829 0.706951 0.672861 0.704332 0.671560 0.701337 0.671656 0.699122 0.674234 0.698541 0.676825 0.696885 0.676145 0.693420 0.672792 0.692447 0.670316 0.693994 0.669049 0.694021 0.665460 0.692296 0.660151 0.690721 0.657769 0.685553 0.659111 0.685211 0.654513 0.685467 0.650594 0.687606 0.645485 0.689496 0.642520 0.691970 0.640472 0.694597 0.639255 0.699824 0.634358 0.702439 0.632961 0.704324 0.631280 0.705320 0.628836
0 0.735446 0.658316 0.736624 0.659155 0.737911 0.659921 0.738593 0.660186 0.740524 0.661333 0.741128 0.661833 0.742635 0.662590 0.743666 0.664164 0.743767 0.664714 0.744901 0.667715 0.749171 0.673427 0.750093 0.677041 0.749897 0.678824 0.749113 0.680470 0.748918 0.682527 0.748036 0.685133 0.748199 0.688999 0.747056 0.692401 0.746484 0.693525 0.745208 0.695578 0.742717 0.697401 0.740507 0.698076 0.739799 0.698159 0.738436 0.698573 0.736966 0.698436 0.734202 0.698498 0.733495 0.698385 0.732088 0.698546 0.730892 0.698573 0.729913 0.698299 0.730794 0.697339 0.729915 0.697102 0.728667 0.696574 0.725785 0.693386 0.723027 0.689799 0.722599 0.688008 0.723258 0.686189 0.722959 0.684314 0.723233 0.684106 0.724133 0.683075 0.724133 0.682115 0.723483 0.681253 0.721669 0.678269 0.721023 0.674638 0.720843 0.673542 0.721433 0.673096 0.722174 0.672378 0.723937 0.674024 0.726597 0.672701 0.729212 0.673936 0.730305 0.672652 0.730827 0.670845 0.731121 0.667964 0.731903 0.664274 0.731833 0.662981 0.731929 0.659095 0.733243 0.658384 0.734284 0.658099
0 0.535265 0.623574 0.535916 0.624101 0.537359 0.624871 0.538078 0.625039 0.539681 0.625411 0.540221 0.625732 0.540958 0.625969 0.542424 0.626833 0.543435 0.628382 0.545344 0.630091 0.547578 0.632866 0.547950 0.634754 0.549439 0.636974 0.551080 0.641377 0.553131 0.645477 0.554035 0.648278 0.553867 0.654676 0.553189 0.655130 0.549939 0.655797 0.549178 0.655770 0.547920 0.656028 0.544150 0.656599 0.542493 0.656673 0.541140 0.656735 0.541154 0.656611 0.540744 0.655861 0.540412 0.654960 0.540412 0.653961 0.542189 0.650739 0.542803 0.648973 0.542203 0.647221 0.542183 0.645851 0.540557 0.646247 0.538450 0.647324 0.536192 0.647376 0.535799 0.647319 0.533964 0.647923 0.533637 0.647867 0.532905 0.647754 0.530908 0.647450 0.530750 0.647294 0.530147 0.646752 0.527829 0.644683 0.527639 0.644548 0.526378 0.643866 0.525410 0.642504 0.524873 0.640795 0.524219 0.635864 0.524282 0.632661 0.525393 0.629022 0.527384 0.625880 0.529654 0.623057 0.530396 0.622718 0.531715 0.621925 0.531803 0.621925 0.532575 0.622017 0.533321 0.622110 0.534361 0.622634
0 0.482828 0.637855 0.485103 0.638509 0.487306 0.639489 0.488732 0.640308 0.489347 0.640785 0.491406 0.642173 0.492756 0.643152 0.494815 0.644785 0.495455 0.645193 0.496804 0.646255 0.497403 0.646880 0.497820 0.647680 0.498458 0.649473 0.499503 0.652132 0.500055 0.653992 0.500199 0.654984 0.500126 0.656070 0.499764 0.656990 0.498224 0.659235 0.496804 0.660459 0.496875 0.659969 0.495241 0.660133 0.493750 0.659806 0.492269 0.659242 0.489134 0.658745 0.487713 0.658092 0.484801 0.656622 0.483452 0.655561 0.481960 0.653275 0.480256 0.650010 0.479474 0.648214 0.479048 0.646336 0.478906 0.645357 0.478764 0.643316 0.478835 0.641193 0.479190 0.640377 0.480185 0.638826 0.481364 0.637320
0 0.269749 0.775134 0.274248 0.776416 0.278156 0.775839 0.280385 0.776990 0.281137 0.778896 0.284850 0.794873 0.286728 0.799383 0.289080 0.803765 0.291798 0.807926 0.291862 0.810090 0.289526 0.810245 0.288222 0.810959 0.289235 0.814709 0.288766 0.819015 0.286656 0.824693 0.284423 0.829063 0.283131 0.830373 0.280094 0.831299 0.278605 0.830829 0.275382 0.831090 0.273119 0.830738 0.272303 0.828916 0.271353 0.825160 0.269051 0.825343 0.267951 0.826886 0.264332 0.830646 0.260764 0.832109 0.257886 0.830463 0.256159 0.821686 0.257235 0.814523 0.261036 0.805189 0.262759 0.798439 0.264102 0.791330 0.264217 0.789319 0.262219 0.782387 0.262667 0.779082 0.265046 0.775983 0.267267 0.775186
0 0.323151 0.328644 0.324527 0.328997 0.325678 0.330094 0.327175 0.331975 0.329362 0.334326 0.331434 0.337618 0.332470 0.338793 0.333621 0.339577 0.335462 0.338009 0.336268 0.335580 0.336959 0.334169 0.338079 0.332964 0.340367 0.333141 0.341218 0.335580 0.342264 0.336899 0.342276 0.338767 0.341196 0.341132 0.339836 0.342085 0.338110 0.343730 0.335607 0.345641 0.334081 0.345611 0.330283 0.346082 0.327405 0.347257 0.325376 0.348458 0.323158 0.349171 0.318663 0.349407 0.314839 0.349249 0.314053 0.348824 0.313362 0.349373 0.311856 0.349720 0.310428 0.349000 0.308412 0.347649 0.307952 0.346082 0.308067 0.343103 0.308643 0.339498 0.310600 0.334953 0.312211 0.332210 0.316930 0.325862 0.319089 0.325872
0 0.489682 0.000000 0.491813 0.000189 0.492516 0.000471 0.492562 0.000576 0.492627 0.002096 0.491946 0.003101 0.491451 0.003732 0.491005 0.004451 0.489315 0.006345 0.488678 0.006807 0.488314 0.007250 0.487698 0.008144 0.486817 0.009470 0.486427 0.009904 0.485849 0.010408 0.485148 0.011189 0.484042 0.012614 0.483843 0.012913 0.483217 0.014015 0.482115 0.015436 0.480719 0.017519 0.479249 0.020549 0.477853 0.024527 0.477486 0.025284 0.476531 0.026799 0.476090 0.027367 0.475355 0.027273 0.474767 0.026894 0.473893 0.025439 0.473228 0.023915 0.472710 0.022294 0.472229 0.020521 0.472080 0.019660 0.471896 0.017814 0.471896 0.016862 0.471749 0.014971 0.471828 0.013731 0.471828 0.010227 0.472049 0.008428 0.472637 0.006818 0.473518 0.005398 0.475722 0.002936 0.476174 0.002251 0.476898 0.000758 0.478147 0.000095 0.478895 0.000045 0.479922 0.000000
0 0.410017 0.043193 0.410662 0.043647 0.411529 0.045151 0.412343 0.048108 0.412422 0.049161 0.412826 0.051218 0.413671 0.054010 0.414730 0.057952 0.415135 0.060011 0.415797 0.064280 0.415875 0.065325 0.416426 0.069586 0.417120 0.073686 0.417231 0.075907 0.417011 0.078995 0.416863 0.083269 0.416630 0.084335 0.416043 0.084811 0.415225 0.084814 0.413928 0.085309 0.412716 0.086044 0.411393 0.086631 0.410006 0.086865 0.409496 0.086092 0.408905 0.084177 0.408751 0.079881 0.408571 0.078722 0.408094 0.074608 0.407762 0.070334 0.407539 0.066072 0.406805 0.059755 0.406621 0.057693 0.406581 0.054451 0.406403 0.053426 0.406366 0.050189 0.406553 0.046919 0.407103 0.044863 0.407442 0.043963 0.408558 0.042989
0 0.384575 0.078351 0.385815 0.079209 0.387931 0.082044 0.388930 0.083562 0.390165 0.086093 0.390875 0.087951 0.390640 0.089802 0.389823 0.091698 0.389888 0.093065 0.391227 0.094598 0.392179 0.096273 0.393395 0.097695 0.392352 0.098604 0.388871 0.099860 0.388107 0.099551 0.386496 0.099553 0.384997 0.099863 0.383751 0.101088 0.383014 0.102915 0.380938 0.107038 0.382230 0.106743 0.381230 0.108261 0.380643 0.108768 0.381230 0.107249 0.380172 0.108464 0.377876 0.107075 0.376781 0.105607 0.376185 0.103760 0.376058 0.101783 0.375647 0.098847 0.375529 0.095811 0.375588 0.092672 0.376763 0.089028 0.377234 0.088218 0.379439 0.085583 0.380806 0.083022 0.381054 0.081031 0.381113 0.079108 0.383208 0.078577
0 0.396804 0.067359 0.399361 0.067388 0.400051 0.067377 0.401278 0.067581 0.402344 0.068358 0.404332 0.070468 0.405235 0.071641 0.406164 0.073875 0.406652 0.075427 0.406380 0.077152 0.405455 0.080158 0.405095 0.080966 0.404774 0.081843 0.403872 0.083866 0.402740 0.087629 0.401665 0.090651 0.401190 0.091381 0.400593 0.091957 0.399331 0.093399 0.397492 0.095832 0.397467 0.096018 0.396845 0.097063 0.395739 0.097779 0.394531 0.097669 0.393395 0.097224 0.392401 0.096225 0.391051 0.094227 0.390902 0.094184 0.389593 0.092957 0.388707 0.091673 0.389062 0.091118 0.390172 0.090491 0.391143 0.089409 0.391406 0.087898 0.390909 0.086344 0.389256 0.082746 0.388117 0.080742 0.386719 0.078905 0.386648 0.077351 0.387444 0.074210 0.388281 0.072799 0.391548 0.069024 0.392330 0.067581 0.392418 0.067367 0.393198 0.066437 0.394380 0.066313 0.395456 0.066489
0 0.362144 0.070749 0.369327 0.076272 0.368560 0.078512 0.365997 0.082162 0.366647 0.084843 0.367071 0.090240 0.366256 0.092710 0.365848 0.097303 0.366417 0.096221 0.370882 0.090272 0.372724 0.091750 0.375340 0.096194 0.375142 0.098776 0.375303 0.103708 0.375792 0.106141 0.374139 0.106916 0.371149 0.107305 0.368821 0.108339 0.372461 0.112678 0.369494 0.116703 0.364805 0.116164 0.368648 0.120682 0.369670 0.124877 0.367219 0.130135 0.364319 0.130238 0.362019 0.128314 0.358782 0.124713 0.355576 0.120204 0.353716 0.116829 0.348263 0.123435 0.346985 0.128512 0.343649 0.129815 0.341709 0.126150 0.340084 0.124314 0.337241 0.125157 0.334640 0.122385 0.330660 0.109066 0.328937 0.103862 0.331271 0.100376 0.333825 0.097853 0.336300 0.098583 0.340154 0.105633 0.341166 0.113079 0.342141 0.113518 0.341702 0.106139 0.344255 0.098526 0.345305 0.096659 0.347019 0.095304 0.349936 0.092249 0.344654 0.086542 0.342626 0.082050 0.344545 0.080760 0.346168 0.079040 0.352075 0.081874 0.354006 0.076747 0.355402 0.072226 0.357424 0.070568 0.359250 0.070072
0 0.354016 0.565109 0.356844 0.569140 0.358017 0.571669 0.359556 0.577070 0.359724 0.578255 0.361224 0.581623 0.361945 0.583947 0.362365 0.584745 0.362855 0.586529 0.362886 0.587503 0.363326 0.589659 0.362114 0.590928 0.362153 0.592825 0.362491 0.594139 0.364291 0.597821 0.363495 0.599481 0.362335 0.600183 0.361618 0.600373 0.357171 0.602985 0.356371 0.603362 0.353620 0.605496 0.352613 0.611238 0.352154 0.612891 0.351176 0.613958 0.348526 0.614985 0.346065 0.616375 0.343349 0.619174 0.342300 0.618632 0.339363 0.614032 0.338405 0.609290 0.338543 0.609070 0.338185 0.605316 0.338264 0.600284 0.337985 0.596375 0.337626 0.595961 0.336739 0.593880 0.336631 0.591732 0.336823 0.590478 0.336976 0.584822 0.337182 0.582731 0.337685 0.581117 0.337812 0.580157 0.338360 0.578399 0.338602 0.577072 0.340339 0.573426 0.340596 0.570869 0.342163 0.570093 0.342982 0.570664 0.344333 0.571269 0.345748 0.571527 0.347097 0.572415 0.348533 0.572463 0.349852 0.572704 0.352091 0.572410 0.352289 0.572111 0.351528 0.569023 0.351862 0.565076 0.352960 0.564624
0 0.199916 0.641653 0.203416 0.644514 0.204642 0.644666 0.205584 0.644239 0.206546 0.643531 0.208709 0.644378 0.210664 0.646365 0.211520 0.647401 0.212755 0.647675 0.213749 0.645537 0.214816 0.643946 0.216095 0.644664 0.217512 0.645823 0.217712 0.646511 0.217921 0.648939 0.216865 0.652551 0.216562 0.652897 0.215387 0.655086 0.214600 0.655695 0.211839 0.658342 0.210396 0.660447 0.210337 0.662021 0.212050 0.665286 0.211792 0.666579 0.211119 0.667059 0.209300 0.668745 0.208465 0.670168 0.208497 0.671021 0.208096 0.675911 0.207632 0.677598 0.206954 0.679301 0.205790 0.681688 0.203086 0.681438 0.201193 0.679714 0.200549 0.679285 0.198312 0.677248 0.198156 0.675335 0.198686 0.674240 0.199265 0.672773 0.201646 0.670853 0.200656 0.669371 0.199140 0.665076 0.198928 0.661891 0.198913 0.660155 0.197766 0.656590 0.195930 0.655370 0.195752 0.655337 0.194256 0.653659 0.194402 0.651392 0.194573 0.650459 0.194857 0.646852 0.194504 0.646029 0.191898 0.644768 0.191773 0.641872 0.192890 0.641782 0.194944 0.641786 0.197821 0.641096 0.198894 0.641108
0 0.441989 0.776095 0.442186 0.776794 0.442066 0.776871 0.441133 0.778245 0.440707 0.779006 0.438818 0.781812 0.437123 0.783154 0.438727 0.784601 0.439928 0.784600 0.441767 0.784398 0.442993 0.785195 0.445138 0.787859 0.446131 0.789440 0.446547 0.790293 0.446988 0.791039 0.447757 0.792615 0.448024 0.793521 0.448250 0.794527 0.447901 0.797436 0.446865 0.801022 0.446030 0.802593 0.444457 0.806486 0.443929 0.807616 0.442384 0.808865 0.441062 0.810040 0.437626 0.810641 0.433282 0.805967 0.431529 0.804526 0.430765 0.804742 0.429403 0.804888 0.428194 0.804032 0.425911 0.800176 0.425759 0.795223 0.426291 0.793531 0.426647 0.792975 0.427555 0.791170 0.428709 0.789942 0.430091 0.789907 0.431091 0.790485 0.432064 0.790852 0.433520 0.789696 0.433410 0.788807 0.433036 0.787277 0.431576 0.786434 0.430433 0.786338 0.429784 0.786227 0.429479 0.784604 0.430128 0.782947 0.431248 0.782027 0.433129 0.780639 0.435109 0.779973 0.435187 0.779992 0.436254 0.778719 0.437214 0.777456 0.438137 0.775897 0.438559 0.775062 0.439282 0.775149 0.440318 0.775487
0 0.379271 0.729919 0.381486 0.731408 0.383317 0.733329 0.383030 0.735005 0.381429 0.735379 0.381931 0.737400 0.382962 0.738955 0.386317 0.739168 0.388654 0.739859 0.391212 0.742092 0.393595 0.746307 0.394791 0.747654 0.393629 0.750285 0.392215 0.751656 0.386371 0.754184 0.386852 0.756208 0.390528 0.760240 0.391502 0.763764 0.388336 0.768493 0.386402 0.770022 0.380870 0.771091 0.377785 0.769968 0.375522 0.769687 0.373979 0.770108 0.371613 0.769828 0.370217 0.769055 0.368076 0.762349 0.366264 0.754523 0.365173 0.751610 0.364138 0.745536 0.364413 0.743430 0.366631 0.740604 0.368825 0.740993 0.369453 0.740201 0.368013 0.739358 0.367019 0.737669 0.367558 0.736900 0.371038 0.734376 0.376122 0.729566
0 0.050426 0.690820 0.056608 0.696085 0.061151 0.697672 0.065823 0.710920 0.069219 0.715306 0.070027 0.719270 0.068419 0.722234 0.070189 0.722307 0.071315 0.720782 0.073460 0.721871 0.075982 0.726215 0.077505 0.726509 0.081529 0.729023 0.085813 0.734555 0.085993 0.737869 0.082624 0.746371 0.079448 0.751077 0.075429 0.755927 0.073015 0.763503 0.073092 0.765984 0.071145 0.765733 0.068887 0.760241 0.069977 0.754921 0.067381 0.740589 0.066602 0.738829 0.063747 0.738829 0.060891 0.732543 0.061800 0.730783 0.062059 0.721983 0.061410 0.720223 0.057516 0.717457 0.053233 0.713685 0.051813 0.713114 0.049934 0.707152 0.052065 0.704131 0.050875 0.700499 0.046419 0.696067 0.046740 0.692329 0.048896 0.690561
0 0.004943 0.772391 0.006360 0.775758 0.006810 0.778712 0.008263 0.781188 0.007815 0.783856 0.008562 0.785681 0.010803 0.786664 0.013940 0.786664 0.015434 0.785681 0.015506 0.782671 0.016937 0.780101 0.019854 0.777968 0.024190 0.773332 0.026644 0.772469 0.028224 0.775617 0.032315 0.777818 0.032697 0.780752 0.036797 0.777678 0.040574 0.772490 0.042894 0.771350 0.044223 0.771998 0.044498 0.774167 0.042883 0.778708 0.042026 0.784839 0.039038 0.797897 0.035938 0.796903 0.031718 0.791719 0.032970 0.795322 0.032405 0.805104 0.030486 0.805826 0.026191 0.806660 0.020557 0.805980 0.013759 0.800342 0.009866 0.795735 0.009949 0.792622 0.001391 0.788068 0.000000 0.784839 0.000007 0.769721 0.000298 0.768900
0 0.217184 0.794031 0.216573 0.799024 0.215537 0.800180 0.211447 0.801800 0.211475 0.804929 0.214721 0.803369 0.216876 0.805915 0.217667 0.809696 0.221360 0.812452 0.222383 0.815341 0.220219 0.820573 0.223898 0.822484 0.224330 0.824445 0.223134 0.826959 0.216227 0.829271 0.215882 0.835244 0.216343 0.837170 0.215537 0.841987 0.211724 0.847083 0.211048 0.846418 0.204832 0.848152 0.202337 0.841479 0.205941 0.838949 0.205177 0.835051 0.200803 0.830042 0.195508 0.827345 0.194667 0.823475 0.195128 0.816564 0.196169 0.812616 0.191562 0.807894 0.191382 0.805277 0.192909 0.803132 0.195965 0.806239 0.198567 0.807705 0.202489 0.807807 0.205018 0.804083 0.206559 0.796326 0.209436 0.793822 0.214318 0.792248
0 0.332164 0.708478 0.332129 0.711925 0.328482 0.715811 0.328295 0.716921 0.331341 0.720409 0.333795 0.727286 0.334762 0.728633 0.337791 0.727126 0.340123 0.727286 0.344120 0.731926 0.348405 0.734962 0.349793 0.738434 0.348901 0.742588 0.346000 0.746068 0.342129 0.745705 0.339791 0.743212 0.341342 0.737904 0.333392 0.739337 0.327966 0.735446 0.323469 0.733366 0.319639 0.736566 0.316754 0.740262 0.311443 0.744077 0.307648 0.752247 0.302985 0.752567 0.299988 0.751287 0.300154 0.748726 0.306982 0.739286 0.312447 0.737137 0.312317 0.733871 0.311812 0.728726 0.312811 0.723926 0.315809 0.718486 0.314314 0.715365 0.313972 0.712212 0.316282 0.709617 0.320805 0.711285 0.322058 0.710920 0.327281 0.705249
0 0.446557 0.700611 0.445028 0.703412 0.445601 0.705029 0.446843 0.705568 0.448180 0.705136 0.453025 0.705863 0.454962 0.707184 0.457781 0.710025 0.462082 0.710582 0.463218 0.711438 0.464322 0.716559 0.465850 0.719576 0.466137 0.722270 0.465373 0.726688 0.464609 0.728305 0.463558 0.729274 0.461552 0.729921 0.458973 0.728628 0.457667 0.728813 0.456490 0.729921 0.455248 0.729813 0.453659 0.728013 0.453469 0.725215 0.453024 0.724612 0.451748 0.724931 0.450689 0.726122 0.449991 0.726237 0.447287 0.725147 0.445768 0.723429 0.442329 0.722351 0.438205 0.718781 0.437322 0.716356 0.437418 0.714279 0.437907 0.712736 0.439056 0.711450 0.441649 0.707222 0.442416 0.704734 0.442792 0.700010 0.444582 0.699618
0 0.406433 0.675059 0.409292 0.676930 0.410798 0.676251 0.412404 0.676251 0.413886 0.677037 0.415198 0.678318 0.417512 0.680954 0.418709 0.682220 0.421843 0.686439 0.423349 0.688731 0.424956 0.692891 0.424856 0.693570 0.424153 0.694080 0.422345 0.695948 0.420939 0.697136 0.419032 0.699004 0.418931 0.699344 0.417525 0.698749 0.416722 0.698664 0.415216 0.698070 0.410798 0.695608 0.407837 0.694161 0.407106 0.693997 0.404084 0.692719 0.402657 0.691944 0.402002 0.691353 0.400500 0.690337 0.399853 0.689750 0.398347 0.689156 0.397644 0.688731 0.396539 0.687373 0.395736 0.685760 0.395234 0.684061 0.395134 0.683043 0.395535 0.682109 0.397343 0.680241 0.401560 0.677100 0.403468 0.675232 0.404913 0.674641
0 0.249731 0.617323 0.250813 0.618368 0.250554 0.620314 0.250563 0.623593 0.251280 0.627608 0.250661 0.630770 0.249072 0.637454 0.247287 0.640933 0.244984 0.643707 0.244651 0.644622 0.246317 0.647757 0.248791 0.649881 0.249231 0.651732 0.247193 0.654920 0.241770 0.655057 0.240405 0.655849 0.237657 0.654418 0.235409 0.654941 0.233862 0.654526 0.232258 0.652342 0.231149 0.649657 0.230507 0.645616 0.227158 0.643926 0.225660 0.641582 0.225399 0.637265 0.226591 0.634620 0.227889 0.633399 0.230851 0.632857 0.232224 0.631715 0.232494 0.629732 0.231236 0.627140 0.231410 0.626022 0.232557 0.624599 0.234613 0.623706 0.238482 0.623167 0.239489 0.621633 0.243069 0.617976 0.245138 0.617069 0.246694 0.616869
0 0.246493 0.655959 0.247394 0.657057 0.247901 0.658519 0.248577 0.659982 0.250098 0.662634 0.250323 0.663457 0.250380 0.665102 0.250100 0.666819 0.249985 0.668394 0.249478 0.670771 0.248971 0.672326 0.248352 0.673606 0.247056 0.675434 0.244803 0.678269 0.243789 0.679274 0.243508 0.679823 0.244465 0.678817 0.243500 0.680249 0.242955 0.680510 0.241987 0.681469 0.241423 0.681743 0.240184 0.681835 0.239001 0.681469 0.237875 0.680920 0.236523 0.679274 0.235115 0.677811 0.233932 0.677354 0.233594 0.676806 0.233650 0.675160 0.234608 0.672966 0.235396 0.671594 0.237480 0.668486 0.239734 0.664371 0.240353 0.662908 0.240916 0.660622 0.242043 0.656874 0.242944 0.655868 0.244230 0.655885 0.245366 0.655563
0 0.505064 0.524121 0.507580 0.527798 0.509231 0.529638 0.510428 0.533199 0.510040 0.535208 0.510358 0.537170 0.508765 0.540586 0.508307 0.542339 0.509355 0.543430 0.511532 0.544026 0.513083 0.547683 0.512335 0.549786 0.510942 0.549772 0.510510 0.551366 0.511152 0.553412 0.512374 0.554281 0.516939 0.553783 0.518390 0.553941 0.520725 0.556092 0.521870 0.558679 0.522262 0.560678 0.521566 0.565634 0.519730 0.566309 0.518553 0.565929 0.516206 0.563977 0.512337 0.568264 0.510409 0.572730 0.509096 0.573701 0.506086 0.572930 0.505116 0.571242 0.504792 0.567164 0.506039 0.564508 0.505479 0.561798 0.502916 0.555393 0.499864 0.545923 0.498758 0.541014 0.501722 0.532562 0.502603 0.526487 0.503602 0.523729
0 0.550827 0.429973 0.550233 0.433193 0.549391 0.435011 0.548692 0.436954 0.547853 0.438672 0.546145 0.441000 0.543027 0.444800 0.541701 0.446067 0.539888 0.448573 0.538634 0.449944 0.537162 0.451057 0.535513 0.451775 0.532648 0.453472 0.532050 0.454069 0.530571 0.454847 0.529158 0.455860 0.528626 0.456513 0.527546 0.456378 0.526965 0.455009 0.527467 0.453125 0.527556 0.451903 0.527238 0.449651 0.527159 0.442771 0.526445 0.437360 0.526131 0.436378 0.525860 0.434173 0.526296 0.433627 0.529622 0.433915 0.532116 0.433720 0.532889 0.433365 0.535399 0.433169 0.538541 0.432240 0.540119 0.431649 0.540942 0.431605 0.542475 0.431127 0.544550 0.429781 0.548077 0.427066 0.548957 0.426766 0.550724 0.426798
0 0.491614 0.490973 0.493907 0.493885 0.496254 0.497999 0.498698 0.506330 0.498845 0.511898 0.497372 0.515754 0.493111 0.515854 0.490826 0.516543 0.489627 0.521181 0.488801 0.522821 0.487287 0.523514 0.483377 0.521850 0.482206 0.519218 0.482092 0.512960 0.479764 0.513339 0.476330 0.513004 0.471477 0.511596 0.469182 0.510368 0.466038 0.510764 0.463332 0.514322 0.461498 0.517643 0.459812 0.518141 0.458121 0.516239 0.455895 0.514854 0.454790 0.509885 0.455224 0.505689 0.457852 0.501942 0.461293 0.502198 0.464560 0.501309 0.467259 0.499089 0.468778 0.496603 0.472742 0.494469 0.475344 0.493904 0.478628 0.494276 0.483777 0.494242 0.486068 0.494955 0.485517 0.490980 0.486815 0.489404 0.488505 0.489467
0 0.334399 0.402547 0.338147 0.402449 0.340894 0.403625 0.343823 0.404223 0.345641 0.405584 0.348513 0.406074 0.349854 0.405390 0.354853 0.404109 0.359270 0.403912 0.360828 0.404218 0.362904 0.405436 0.364538 0.408409 0.363502 0.415772 0.363800 0.418747 0.363276 0.423333 0.362385 0.426738 0.359555 0.430556 0.356632 0.430172 0.354634 0.428801 0.352577 0.428005 0.351386 0.426842 0.350262 0.423805 0.352885 0.419886 0.352760 0.418907 0.350704 0.420946 0.349263 0.421160 0.345516 0.417045 0.344766 0.413911 0.342768 0.414596 0.342143 0.416066 0.340020 0.416262 0.337272 0.415282 0.335963 0.414220 0.330028 0.410776 0.327405 0.407935 0.327006 0.406270 0.328279 0.402241 0.329504 0.401175 0.330925 0.401273
0 0.291063 0.409005 0.292696 0.411969 0.293001 0.413942 0.291991 0.415670 0.289711 0.416102 0.286719 0.415889 0.285318 0.416453 0.281759 0.416707 0.281174 0.420348 0.278622 0.420944 0.280469 0.423766 0.279708 0.426290 0.278384 0.427143 0.274929 0.426940 0.274645 0.430466 0.275071 0.432112 0.279190 0.438107 0.277344 0.441516 0.273651 0.441399 0.272480 0.440294 0.267685 0.438225 0.263991 0.441164 0.262571 0.441516 0.258878 0.440929 0.258310 0.439518 0.258736 0.437284 0.257173 0.435639 0.252912 0.434816 0.251592 0.434063 0.250923 0.430701 0.251349 0.428233 0.252486 0.426117 0.254901 0.423883 0.261067 0.421142 0.272230 0.411893 0.274929 0.410247 0.279048 0.408719 0.286947 0.407086
0 0.390874 0.454807 0.394814 0.455500 0.398038 0.455855 0.399480 0.456773 0.400692 0.458021 0.402858 0.461315 0.404967 0.462680 0.404720 0.463723 0.403378 0.466237 0.401251 0.469380 0.397838 0.472110 0.396767 0.473356 0.398283 0.475880 0.399580 0.479449 0.399645 0.480548 0.399203 0.483689 0.396932 0.489105 0.395009 0.491358 0.393520 0.492088 0.388704 0.492496 0.387125 0.491915 0.383201 0.491079 0.379845 0.490900 0.376651 0.491218 0.375449 0.490998 0.375394 0.489072 0.374700 0.485034 0.373805 0.480919 0.374629 0.477043 0.377079 0.471673 0.378257 0.467891 0.378559 0.463672 0.379161 0.461687 0.381069 0.459453 0.384181 0.458957 0.385688 0.458461 0.386089 0.457468 0.386190 0.455483 0.388353 0.454587
0 0.307525 0.479078 0.305564 0.480668 0.303176 0.483939 0.303803 0.484789 0.308759 0.485655 0.312020 0.485918 0.320805 0.485801 0.325898 0.487333 0.330875 0.489474 0.331600 0.490721 0.330946 0.493237 0.327792 0.496059 0.328034 0.498358 0.329000 0.500404 0.327009 0.502545 0.323166 0.503722 0.320413 0.506321 0.316057 0.508100 0.312485 0.509983 0.311028 0.510106 0.308418 0.509066 0.303693 0.506082 0.302860 0.504722 0.306808 0.503229 0.306197 0.502176 0.302526 0.500786 0.298948 0.498899 0.296363 0.498117 0.294459 0.498706 0.291757 0.495058 0.291938 0.491858 0.291525 0.489475 0.292681 0.486186 0.295761 0.483254 0.296175 0.479503 0.297148 0.478183 0.300728 0.475939 0.303776 0.474752 0.305536 0.475535
0 0.347368 0.257024 0.349173 0.262251 0.352304 0.264887 0.356974 0.273403 0.356301 0.279402 0.357427 0.287265 0.355365 0.296637 0.352976 0.298005 0.347313 0.297270 0.343196 0.291098 0.343187 0.299008 0.340908 0.299385 0.337971 0.296401 0.332832 0.292979 0.328294 0.291080 0.323920 0.282696 0.321505 0.283679 0.312740 0.293846 0.307151 0.296159 0.308958 0.300226 0.307481 0.301249 0.301065 0.300033 0.298370 0.295730 0.293084 0.291798 0.291661 0.286298 0.292865 0.279692 0.295770 0.277890 0.298335 0.283443 0.300264 0.285096 0.303121 0.281342 0.306532 0.278618 0.308109 0.274700 0.308785 0.269684 0.321192 0.272301 0.326585 0.270938 0.328612 0.262631 0.333569 0.259496 0.340655 0.260802 0.342342 0.256115
0 0.348620 0.806979 0.353529 0.807939 0.352450 0.814102 0.367171 0.815415 0.372826 0.811913 0.379199 0.810668 0.382812 0.810417 0.385156 0.812500 0.384978 0.817353 0.385156 0.831744 0.384921 0.838372 0.380028 0.841865 0.376669 0.845119 0.371266 0.844922 0.362167 0.841678 0.356638 0.837554 0.351526 0.832252 0.347929 0.827655 0.342291 0.824422 0.337568 0.824173 0.334125 0.820199 0.334333 0.816042 0.340106 0.809569 0.341803 0.807057 0.344891 0.806725
0 0.622532 0.519335 0.626390 0.522800 0.626789 0.526615 0.626418 0.528061 0.621875 0.534375 0.618450 0.544555 0.615368 0.552279 0.610156 0.556250 0.603326 0.564887 0.600916 0.565191 0.596853 0.564784 0.594408 0.562618 0.595845 0.552183 0.595094 0.550030 0.591406 0.546875 0.591354 0.544820 0.590233 0.535144 0.590298 0.531306 0.591428 0.528799 0.595193 0.525910 0.599504 0.524898 0.601802 0.521351 0.604978 0.520686 0.610114 0.520363 0.618321 0.517990
0 0.772785 0.098544 0.777452 0.100487 0.778845 0.102653 0.778145 0.105335 0.776832 0.106217 0.775494 0.108279 0.773155 0.110428 0.766693 0.114214 0.765701 0.115429 0.765370 0.117150 0.765481 0.119883 0.764599 0.124135 0.763938 0.125552 0.762284 0.127273 0.760191 0.127779 0.757986 0.127678 0.756774 0.126969 0.754350 0.123730 0.752476 0.122414 0.749721 0.122718 0.748070 0.121117 0.746738 0.119075 0.746276 0.117384 0.746635 0.115530 0.748949 0.113404 0.751154 0.113506 0.754561 0.114502 0.756106 0.114341 0.755341 0.112089 0.753880 0.111968 0.749170 0.110266 0.748948 0.108837 0.750823 0.107230 0.752366 0.104496 0.755949 0.101489 0.757409 0.100871 0.760852 0.100447 0.765678 0.099149 0.771388 0.098331
0 0.786176 0.180342 0.789215 0.184200 0.791331 0.187590 0.793750 0.195833 0.794253 0.200143 0.794152 0.209383 0.785214 0.219902 0.780100 0.218805 0.773537 0.218230 0.770589 0.214247 0.766406 0.211458 0.760938 0.211458 0.761719 0.205463 0.763369 0.203539 0.766422 0.198480 0.773287 0.192878 0.773849 0.190231 0.778495 0.187170 0.780048 0.182862 0.782474 0.180456
0 0.097991 0.294561 0.104747 0.309174 0.107485 0.305256 0.111725 0.309603 0.117023 0.312195 0.116064 0.315483 0.115345 0.317829 0.120076 0.321868 0.121746 0.328831 0.125153 0.333776 0.125938 0.327083 0.123108 0.314312 0.123509 0.312027 0.128668 0.314984 0.131686 0.326414 0.134635 0.345575 0.133130 0.353775 0.134289 0.361742 0.133160 0.367935 0.128909 0.370532 0.126981 0.366994 0.122288 0.361266 0.114038 0.359586 0.115005 0.368277 0.113587 0.372428 0.110670 0.369764 0.108480 0.362155 0.100360 0.361835 0.098910 0.354072 0.102554 0.351515 0.102141 0.347267 0.107184 0.344562 0.101795 0.338447 0.098148 0.331461 0.090863 0.329640 0.089011 0.324186 0.090901 0.312930 0.089951 0.296117 0.091858 0.290183
0 0.273499 0.515673 0.275399 0.521077 0.289088 0.527926 0.295312 0.531250 0.295312 0.537500 0.300567 0.547138 0.300890 0.551072 0.298438 0.556250 0.297089 0.557503 0.293001 0.559816 0.289424 0.559201 0.286788 0.557874 0.283145 0.554759 0.277292 0.549089 0.264721 0.546245 0.262500 0.542708 0.262611 0.536449 0.261593 0.531077 0.261153 0.524030 0.264070 0.523178 0.266627 0.521598 0.269661 0.520686 0.267996 0.513140
0 0.435386 0.725569 0.439270 0.729955 0.439813 0.734208 0.440749 0.739020 0.439982 0.761489 0.435997 0.766837 0.430445 0.766851 0.424696 0.758291 0.424745 0.741170 0.424819 0.736766 0.424041 0.736309 0.427363 0.727452 0.428125 0.725000 0.430835 0.724040
0 0.613728 0.591200 0.616406 0.590625 0.619743 0.593962 0.622637 0.597674 0.625772 0.597703 0.632361 0.601986 0.639844 0.607292 0.641548 0.611374 0.642182 0.618711 0.641556 0.624014 0.638506 0.629452 0.631330 0.628656 0.624275 0.624811 0.618076 0.621043 0.615245 0.617402 0.611200 0.613320 0.609521 0.607222 0.604639 0.600967 0.603406 0.594701 0.606009 0.590201
0 0.130861 0.180172 0.132673 0.181718 0.133374 0.184363 0.133375 0.186321 0.132986 0.191164 0.132455 0.194828 0.131073 0.199164 0.130604 0.199940 0.127140 0.203017 0.124052 0.205173 0.121389 0.205929 0.117686 0.208522 0.116249 0.209811 0.115573 0.209915 0.114635 0.210990 0.114610 0.210394 0.112184 0.209159 0.110590 0.207328 0.110362 0.206358 0.110742 0.204634 0.111565 0.203091 0.112640 0.201940 0.114467 0.200785 0.113475 0.200108 0.112108 0.199784 0.111577 0.199246 0.111265 0.197395 0.111511 0.196481 0.112869 0.196116 0.115069 0.196121 0.117878 0.195582 0.119150 0.194911 0.119616 0.194141 0.120997 0.190777 0.123352 0.186033 0.124641 0.183772 0.125560 0.181227 0.126807 0.180381 0.129532 0.179741
0 0.347600 0.018319 0.350783 0.015339 0.351629 0.008633 0.342901 0.007828 0.343990 0.004454 0.345251 0.001853 0.347077 0.001310 0.355469 0.003125 0.358145 0.005961 0.358405 0.012413 0.359760 0.015889 0.360892 0.019389 0.360753 0.027063 0.361322 0.031389 0.357716 0.038037 0.355784 0.046549 0.355379 0.047412 0.354482 0.051325 0.354525 0.052181 0.353132 0.059509 0.354690 0.067524 0.354695 0.073193 0.354475 0.076250 0.352529 0.078594 0.351993 0.078807 0.348326 0.077636 0.346145 0.078049 0.343307 0.078248 0.338876 0.076387 0.336731 0.076571 0.334973 0.078259 0.332628 0.080110 0.333264 0.084268 0.333972 0.087648 0.332008 0.089069 0.328169 0.083016 0.327851 0.082089 0.322668 0.073767 0.322043 0.073180 0.320918 0.070958 0.321450 0.065134 0.321708 0.064887 0.322494 0.061137 0.322471 0.058294 0.321462 0.056407 0.320008 0.052984 0.319817 0.051998 0.317999 0.047719 0.317005 0.039774 0.319873 0.037936 0.315987 0.034311 0.316990 0.022967 0.317750 0.019416 0.319317 0.017107 0.320511 0.015899 0.323931 0.013399 0.327191 0.010882 0.330332 0.011696 0.330074 0.014893 0.329948 0.019614 0.332894 0.020784 0.337642 0.020460 0.340588 0.019802 0.342460 0.018789 0.344735 0.017720 0.346495 0.017953 0.345406 0.018068 0.348094 0.018100 0.348039 0.018079 0.347365 0.018423 0.346816 0.018423 0.347012 0.017943 0.347099 0.018026 0.348203 0.017734 0.347326 0.017922
0 0.054844 0.176370 0.053821 0.185419 0.053733 0.186444 0.053407 0.185373 0.054149 0.185576 0.054958 0.187240 0.056104 0.188463 0.058332 0.189134 0.059005 0.189574 0.059317 0.191465 0.058790 0.192111 0.057448 0.192851 0.057157 0.194661 0.054925 0.195149 0.052939 0.193806 0.049895 0.193889 0.048386 0.193583 0.046336 0.192221 0.046094 0.191667 0.040678 0.198028 0.037560 0.199211 0.028966 0.206639 0.024219 0.205208 0.024796 0.202281 0.028665 0.198319 0.032949 0.191640 0.036026 0.183974 0.036677 0.178506 0.037878 0.173825 0.041558 0.168735 0.046401 0.166314 0.051155 0.164786 0.054944 0.167145 0.056285 0.168000 0.058502 0.172118 0.059934 0.174487 0.060279 0.175391 0.061840 0.177599 0.062710 0.179267 0.063292 0.179919 0.064651 0.180764 0.065739 0.182188 0.066538 0.183852 0.066343 0.184686 0.065621 0.184892 0.064143 0.184464 0.062056 0.183226 0.060936 0.181877 0.059706 0.180705 0.058722 0.179153 0.057594 0.177801 0.055094 0.175532 0.054726 0.175814 0.055088 0.176695
0 0.702408 0.116666 0.704639 0.119565 0.705341 0.121251 0.706546 0.122557 0.707952 0.122166 0.706948 0.118770 0.706736 0.115666 0.708202 0.115468 0.711454 0.117851 0.712811 0.119904 0.715726 0.120298 0.719600 0.122949 0.721914 0.125581 0.722731 0.127176 0.723682 0.130999 0.723341 0.133067 0.722395 0.134714 0.714378 0.141366 0.713977 0.143195 0.713692 0.147202 0.709268 0.152937 0.707194 0.151979 0.706038 0.150618 0.704211 0.146390 0.703199 0.139811 0.703233 0.136664 0.701703 0.130202 0.701026 0.128688 0.699157 0.127159 0.694624 0.124275 0.693673 0.122766 0.693593 0.119814 0.694497 0.118508 0.697569 0.118609 0.700120 0.120598 0.701425 0.120468 0.701425 0.119553 0.700120 0.116027 0.700471 0.115374
0 0.201036 0.149609 0.211948 0.150908 0.222984 0.162999 0.227937 0.167000 0.230022 0.174051 0.228421 0.186981 0.234607 0.200546 0.230257 0.203358 0.238322 0.207914 0.245114 0.221198 0.243960 0.223736 0.232637 0.224420 0.224075 0.218225 0.216529 0.208572 0.214704 0.203733 0.210917 0.200844 0.204538 0.200891 0.205190 0.190547 0.203383 0.183846 0.206938 0.183141 0.204849 0.177178 0.199028 0.167420 0.196993 0.166535 0.197213 0.167419 0.194424 0.168228 0.194581 0.169009 0.195890 0.169996 0.197844 0.169956 0.199548 0.176807 0.193074 0.179690 0.192488 0.186015 0.183956 0.181503 0.179557 0.181965 0.179147 0.178401 0.181604 0.167532 0.179434 0.164077 0.170899 0.160757 0.170887 0.156166 0.175713 0.154065 0.181208 0.157906 0.190716 0.160235 0.197695 0.155711 0.196341 0.147772 0.200126 0.143591
0 0.206583 0.296361 0.206721 0.302036 0.205752 0.304969 0.206950 0.309647 0.210737 0.310617 0.211517 0.314933 0.207457 0.320129 0.206446 0.325108 0.208100 0.332427 0.205379 0.339146 0.202256 0.342349 0.196921 0.345871 0.194137 0.350749 0.190115 0.349965 0.189018 0.340194 0.187379 0.338251 0.185569 0.341472 0.180155 0.345328 0.177947 0.343837 0.181997 0.336471 0.177623 0.336080 0.182258 0.330686 0.181556 0.327829 0.178787 0.326255 0.177126 0.322440 0.176357 0.316291 0.180040 0.315899 0.190285 0.322365 0.190515 0.328830 0.192011 0.330986 0.195925 0.327851 0.197035 0.323011 0.192472 0.317663 0.192356 0.314332 0.195119 0.305515 0.199378 0.303556 0.201017 0.301111 0.202601 0.293956 0.203945 0.292706
0 0.339205 0.127720 0.345325 0.133363 0.348322 0.132945 0.353611 0.136021 0.351680 0.149836 0.355428 0.156563 0.353934 0.159245 0.358267 0.166011 0.358409 0.169822 0.355795 0.172525 0.356677 0.178108 0.354931 0.181262 0.355541 0.187369 0.352628 0.187830 0.345390 0.176341 0.340165 0.173958 0.343219 0.178153 0.342731 0.185222 0.338441 0.184410 0.334458 0.187072 0.328912 0.185752 0.331596 0.175418 0.334701 0.173503 0.333517 0.168192 0.339829 0.169308 0.340168 0.165861 0.336095 0.166957 0.330273 0.163381 0.327464 0.156978 0.330336 0.153216 0.322842 0.150709 0.323217 0.148619 0.332981 0.149819 0.334563 0.147349 0.332085 0.140259 0.335333 0.137960 0.331307 0.136715 0.330352 0.133093 0.334015 0.126963
0 0.593149 0.359943 0.585938 0.369792 0.586719 0.372917 0.594531 0.375000 0.600000 0.370833 0.607812 0.371875 0.612500 0.382292 0.617969 0.389583 0.617188 0.394792 0.608594 0.394792 0.607031 0.396875 0.599219 0.396875 0.597656 0.400000 0.603906 0.413542 0.604688 0.420833 0.610938 0.429167 0.614844 0.437500 0.617969 0.453125 0.621875 0.458333 0.623437 0.467708 0.618750 0.475000 0.608594 0.473958 0.606250 0.471875 0.598437 0.471875 0.589844 0.468750 0.588281 0.460417 0.595319 0.450535 0.581709 0.438663 0.585482 0.432173 0.595096 0.438285 0.596374 0.435121 0.588930 0.425277 0.585259 0.404509 0.584375 0.391667 0.589802 0.386201 0.582812 0.378125 0.574219 0.376042 0.567969 0.367708 0.568750 0.361458 0.571094 0.360417 0.581250 0.361458 0.588281 0.356250
0 0.063281 0.285417 0.074219 0.294792 0.074219 0.298958 0.071875 0.301042 0.065625 0.302083 0.066704 0.316824 0.060633 0.311873 0.058594 0.304167 0.055469 0.302083 0.042188 0.288542 0.042188 0.283333 0.050000 0.279167
0 0.525781 0.350000 0.525781 0.352083 0.534375 0.363542 0.536719 0.370833 0.536719 0.376042 0.528906 0.384375 0.525781 0.385417 0.518750 0.380208 0.514844 0.370833 0.514062 0.360417 0.520312 0.347917
0 0.005469 0.303125 0.008594 0.304167 0.010156 0.306250 0.013281 0.306250 0.014844 0.308333 0.021094 0.308333 0.022656 0.311458 0.022656 0.314583 0.021094 0.318750 0.017188 0.325000 0.015625 0.333333 0.015625 0.348958 0.013281 0.355208 0.010156 0.373958 0.007031 0.377083 0.003125 0.383333 0.000000 0.382292 0.000000 0.303125
0 0.247656 0.168750 0.260156 0.175000 0.262500 0.181250 0.262500 0.189583 0.265625 0.194792 0.267188 0.201042 0.266406 0.218750 0.264062 0.222917 0.260937 0.221875 0.258594 0.214583 0.246875 0.213542 0.242188 0.209375 0.230469 0.190625 0.228906 0.183333 0.229687 0.177083 0.234375 0.168750 0.238281 0.168750
0 0.814063 0.565625 0.811719 0.575000 0.804688 0.589583 0.802344 0.597917 0.797656 0.607292 0.785156 0.607292 0.788281 0.588542 0.792188 0.582292 0.807813 0.562500
0 0.746094 0.821875 0.751563 0.827083 0.754687 0.836458 0.760938 0.844792 0.760938 0.850000 0.756250 0.856250 0.759375 0.858333 0.766406 0.853125 0.768750 0.853125 0.775000 0.858333 0.775781 0.865625 0.760156 0.865625 0.756250 0.867708 0.753906 0.865625 0.732031 0.865625 0.725000 0.857292 0.720313 0.856250 0.715625 0.852083 0.714844 0.844792 0.720313 0.834375 0.728906 0.823958 0.732812 0.820833 0.739062 0.819792
0 0.766406 0.447917 0.768750 0.447917 0.773438 0.454167 0.784375 0.457292 0.785156 0.461458 0.780469 0.467708 0.775000 0.478125 0.772656 0.485417 0.763281 0.484375 0.755469 0.476042 0.748437 0.475000 0.751563 0.459375 0.750300 0.459608 0.750201 0.459856 0.751520 0.459396 0.750149 0.460296 0.750676 0.460566 0.751216 0.461286 0.751465 0.460938 0.751097 0.460478 0.749577 0.460356 0.748821 0.460475 0.748080 0.460722 0.746573 0.461058 0.745049 0.460996 0.744323 0.460713 0.742906 0.459949 0.741507 0.459128 0.740845 0.458628 0.739616 0.457421 0.738544 0.455969 0.738060 0.455181 0.737672 0.454326 0.737327 0.452363 0.738054 0.450570 0.738644 0.449959 0.739943 0.448884 0.740613 0.448396 0.741991 0.447515 0.742712 0.447727 0.744158 0.448389 0.745582 0.449129 0.746989 0.449925 0.747704 0.450274 0.749949 0.450894 0.751427 0.451414 0.752926 0.451812 0.753574 0.452281 0.753988 0.453042 0.753682 0.455036 0.753709 0.455860 0.753125 0.456250
0 0.098467 0.732193 0.103833 0.743794 0.104688 0.747917 0.109375 0.755208 0.111430 0.761197 0.112715 0.766903 0.111868 0.775076 0.100132 0.787767 0.095427 0.786933 0.091375 0.785515 0.092282 0.778363 0.091946 0.772803 0.089702 0.767572 0.089472 0.764439 0.088765 0.760857 0.087664 0.750028 0.090310 0.744175 0.092024 0.738796 0.094885 0.733089 0.095680 0.732292
0 0.050899 0.715251 0.058246 0.725368 0.060034 0.730017 0.061321 0.735715 0.063026 0.736869 0.066448 0.740828 0.068899 0.752043 0.069054 0.765615 0.070507 0.770267 0.071423 0.782379 0.071840 0.785373 0.072027 0.791459 0.072483 0.793485 0.072331 0.797537 0.071180 0.802624 0.068685 0.806816 0.067240 0.807261 0.058702 0.813921 0.057252 0.814504 0.051966 0.815295 0.049219 0.814583 0.044531 0.810417 0.042983 0.810417 0.036228 0.804739 0.037211 0.799055 0.040313 0.792410 0.041870 0.785439 0.042969 0.777083 0.046602 0.773361 0.046930 0.770211 0.050382 0.758988 0.047956 0.749929 0.046231 0.744706 0.043096 0.739473 0.041494 0.732905 0.040125 0.730401 0.038728 0.725845 0.038709 0.723129 0.041078 0.720810 0.044087 0.714994 0.045721 0.714354
0 0.662352 0.659914 0.666406 0.661458 0.668870 0.664500 0.669156 0.666314 0.668885 0.672910 0.671358 0.683254 0.669386 0.687884 0.666669 0.695204 0.655138 0.698920 0.651429 0.699499 0.646041 0.699124 0.642969 0.691667 0.644714 0.684218 0.648237 0.671719 0.649219 0.669792 0.653151 0.665301 0.654927 0.661064 0.658781 0.660098 0.661252 0.659956
0 0.829501 0.770445 0.834232 0.774256 0.837500 0.781250 0.840016 0.791613 0.840019 0.797880 0.841319 0.804320 0.841672 0.814937 0.841754 0.825089 0.839410 0.828550 0.834476 0.837694 0.831168 0.834600 0.826872 0.834493 0.823972 0.834965 0.821091 0.834729 0.815546 0.826095 0.816411 0.814911 0.815801 0.807266 0.811334 0.803568 0.807031 0.798958 0.809062 0.795332 0.820262 0.795451 0.812845 0.786768 0.815243 0.783322 0.817519 0.778310 0.819216 0.775544 0.822153 0.772612 0.826187 0.771410 0.828465 0.770195
0 0.300000 0.765625 0.301563 0.767708 0.307812 0.768750 0.320312 0.776042 0.322656 0.779167 0.325781 0.788542 0.325781 0.791667 0.328906 0.798958 0.328906 0.807292 0.327344 0.810417 0.328906 0.820833 0.337500 0.831250 0.335938 0.836458 0.323437 0.841667 0.317969 0.841667 0.312500 0.837500 0.303125 0.823958 0.286719 0.802083 0.283594 0.792708 0.281250 0.776042 0.282031 0.764583 0.284375 0.761458
0 0.278906 0.702083 0.283594 0.705208 0.289844 0.712500 0.290625 0.716667 0.294531 0.720833 0.297656 0.730208 0.302344 0.735417 0.301563 0.741667 0.296094 0.748958 0.292187 0.751042 0.283594 0.759375 0.278125 0.767708 0.275000 0.775000 0.264844 0.771875 0.260156 0.773958 0.257031 0.778125 0.245312 0.785417 0.236719 0.785417 0.232031 0.777083 0.231250 0.766667 0.233594 0.759375 0.233594 0.752083 0.228906 0.751042 0.229687 0.745833 0.235937 0.737500 0.242969 0.722917 0.250781 0.717708 0.250781 0.714583 0.263281 0.700000 0.264844 0.700000
0 0.032864 0.380007 0.036149 0.387091 0.040497 0.393878 0.043597 0.402146 0.044212 0.418734 0.041680 0.423348 0.039844 0.426042 0.034203 0.430527 0.031947 0.433034 0.027166 0.433440 0.022637 0.433437 0.018983 0.429276 0.017426 0.426800 0.014913 0.419739 0.011785 0.418556 0.009733 0.416368 0.007241 0.412947 0.003975 0.409309 0.003365 0.403128 0.008995 0.397084 0.011268 0.394351 0.018263 0.390088 0.019928 0.386983 0.021109 0.386400 0.025991 0.381824 0.030052 0.380155
0 0.528906 0.130208 0.545312 0.153125 0.544531 0.159375 0.541406 0.165625 0.535937 0.165625 0.531250 0.162500 0.525781 0.154167 0.521094 0.142708 0.521094 0.131250 0.524219 0.128125
0 0.451535 0.238758 0.455853 0.241892 0.459375 0.243750 0.460528 0.253399 0.460441 0.256346 0.463610 0.268529 0.463702 0.279246 0.464844 0.282292 0.467840 0.295443 0.462500 0.296875 0.457031 0.295833 0.454094 0.292846 0.451714 0.289053 0.446496 0.282228 0.440629 0.281251 0.436902 0.281291 0.434241 0.280608 0.432812 0.268750 0.438835 0.263317 0.435320 0.259370 0.432445 0.253811 0.432613 0.249389 0.438111 0.245206 0.444011 0.241087 0.445584 0.239396 0.448026 0.238761
0 0.050946 0.530092 0.050875 0.530147 0.051103 0.530168 0.051303 0.530026 0.051535 0.529986 0.051551 0.530061 0.051698 0.529957 0.051744 0.529949 0.051752 0.529963 0.051796 0.529941 0.051915 0.529920 0.051812 0.530066 0.052159 0.530659 0.052084 0.530903 0.052188 0.531193 0.051970 0.531274 0.051954 0.531329 0.051853 0.531370 0.053125 0.536458 0.057031 0.541667 0.070312 0.542708 0.075000 0.546875 0.081250 0.550000 0.083594 0.554167 0.082812 0.559375 0.078125 0.570833 0.072656 0.578125 0.066406 0.584375 0.060937 0.587500 0.046875 0.602083 0.032031 0.605208 0.029687 0.602083 0.023438 0.598958 0.017188 0.591667 0.017188 0.588542 0.014063 0.581250 0.014063 0.578125 0.010937 0.572917 0.002344 0.562500 0.002344 0.550000 0.008594 0.541667 0.014063 0.537500 0.016406 0.530208 0.019531 0.526042 0.025781 0.525000 0.029687 0.525000 0.035937 0.531250 0.035335 0.531902 0.034394 0.533523 0.033270 0.534948 0.031399 0.536794 0.030094 0.537912 0.028844 0.539138 0.027533 0.540244 0.025454 0.541635 0.024114 0.542676 0.023427 0.543156 0.022021 0.544009 0.021422 0.544665 0.020764 0.545175 0.020020 0.545469 0.019423 0.546125 0.018351 0.547620 0.017918 0.548478 0.017589 0.549415 0.017536 0.550284 0.018221 0.550697 0.018988 0.550804 0.020349 0.550377 0.021875 0.550026 0.022617 0.549724 0.023243 0.549126 0.024468 0.547855 0.025170 0.547446 0.025915 0.547190 0.026690 0.547233 0.028202 0.546914 0.028974 0.547016 0.030471 0.546493 0.031207 0.546176 0.032553 0.545160 0.033055 0.544379 0.034141 0.543119 0.034426 0.542169 0.034479 0.540107 0.034811 0.538086 0.035177 0.537177 0.035644 0.536434 0.037924 0.535857 0.039336 0.535001 0.040099 0.535014 0.040811 0.534786 0.041469 0.534243 0.042186 0.533848 0.042812 0.533243 0.043511 0.532844 0.044266 0.532606 0.045787 0.532247 0.047280 0.531686 0.048526 0.530899 0.047985 0.531001 0.049165 0.530497 0.050989 0.529935
0 0.953125 0.718750 0.953125 0.727083 0.956250 0.730208 0.966406 0.735417 0.969531 0.744792 0.968750 0.755208 0.964844 0.762500 0.956250 0.766667 0.946875 0.764583 0.937500 0.764583 0.937500 0.763542 0.928906 0.762500 0.926562 0.760417 0.927344 0.755208 0.932031 0.747917 0.932813 0.740625 0.936719 0.732292 0.950000 0.716667
0 0.453906 0.164583 0.457031 0.173958 0.462500 0.185417 0.462500 0.198958 0.458594 0.204167 0.455469 0.204167 0.450781 0.214583 0.445312 0.214583 0.442188 0.220833 0.436719 0.220833 0.435156 0.213542 0.438281 0.207292 0.437500 0.200000 0.431250 0.197917 0.422656 0.181250 0.421094 0.173958 0.421875 0.164583 0.426563 0.162500 0.435156 0.170833 0.439844 0.165625 0.439063 0.160417 0.442969 0.157292
0 0.309872 0.409080 0.312052 0.411972 0.313710 0.415398 0.316585 0.418502 0.320649 0.418863 0.324856 0.426482 0.324604 0.431301 0.322327 0.435963 0.319054 0.441502 0.314282 0.446041 0.313337 0.454765 0.313382 0.460781 0.314191 0.467655 0.314304 0.478245 0.312999 0.478801 0.307044 0.479338 0.301665 0.465311 0.296164 0.469852 0.294531 0.465625 0.294917 0.457323 0.297409 0.450001 0.299575 0.444595 0.298438 0.438542 0.298695 0.434677 0.298309 0.426708 0.298824 0.424716 0.298438 0.417708 0.297006 0.411201 0.304311 0.411399
0 0.715625 0.279167 0.719283 0.283069 0.723830 0.286948 0.722385 0.293854 0.722542 0.301034 0.723773 0.305118 0.724332 0.309390 0.721203 0.316712 0.721311 0.320927 0.716668 0.327898 0.711620 0.334408 0.703122 0.336329 0.700779 0.336177 0.695431 0.334115 0.687723 0.322699 0.685702 0.318530 0.686268 0.312670 0.688209 0.311762 0.692101 0.312363 0.697756 0.314597 0.698630 0.313998 0.702879 0.304428 0.703142 0.300208 0.702686 0.296043 0.701122 0.288505 0.702644 0.287280 0.705953 0.281894 0.712137 0.279316
0 0.452468 0.120857 0.457689 0.128606 0.461028 0.129090 0.465973 0.131923 0.471772 0.134685 0.477344 0.139583 0.477729 0.141946 0.482917 0.148861 0.484097 0.154256 0.478496 0.158050 0.473539 0.160727 0.468770 0.161626 0.455469 0.161458 0.445994 0.156562 0.442939 0.151564 0.436199 0.142816 0.432807 0.140156 0.431357 0.138450 0.433968 0.133791 0.438417 0.130810 0.444417 0.128359 0.447965 0.126184 0.448029 0.120346
0 0.942018 0.269389 0.942641 0.270329 0.943887 0.272209 0.944511 0.273149 0.945757 0.275028 0.947004 0.276908 0.947523 0.277941 0.948358 0.280190 0.948775 0.281314 0.949134 0.282450 0.948817 0.284923 0.948659 0.286160 0.948342 0.288633 0.948211 0.289875 0.947703 0.294848 0.947399 0.296002 0.946882 0.297051 0.946291 0.298009 0.945557 0.298794 0.944731 0.299233 0.943790 0.299245 0.942850 0.299225 0.940977 0.298980 0.940117 0.298481 0.939263 0.297956 0.937553 0.296907 0.937220 0.295759 0.936622 0.293380 0.936151 0.292351 0.935414 0.291572 0.933202 0.289233 0.931728 0.287674 0.931001 0.286879 0.930303 0.286038 0.929604 0.285197 0.928906 0.284356 0.928141 0.283715 0.927206 0.283586 0.924398 0.283199 0.923468 0.283047 0.921122 0.280955 0.919557 0.279560 0.918864 0.278799 0.918860 0.276290 0.918858 0.275036 0.918856 0.273781 0.918852 0.271272 0.918536 0.270134 0.917566 0.267985 0.917039 0.266953 0.915725 0.265157 0.915068 0.264259 0.914451 0.263340 0.914678 0.262443 0.916502 0.263062 0.917414 0.263372 0.919237 0.263992 0.919919 0.264824 0.920565 0.265736 0.921857 0.267560 0.922575 0.268301 0.926256 0.269343 0.928097 0.269864 0.928993 0.269861 0.930681 0.268752 0.931527 0.268299 0.934976 0.270306
0 0.977611 0.198703 0.977652 0.204319 0.970371 0.208538 0.968040 0.208538 0.964087 0.204178 0.961085 0.206489 0.961107 0.211920 0.967506 0.211824 0.967598 0.213345 0.967348 0.218703 0.968750 0.220833 0.978996 0.222733 0.979944 0.225338 0.980814 0.229382 0.976704 0.235685 0.973929 0.237184 0.969641 0.238829 0.966656 0.240273 0.963450 0.244126 0.959816 0.244148 0.950768 0.245010 0.945286 0.242812 0.940492 0.232603 0.939322 0.226536 0.942746 0.221048 0.940557 0.215068 0.942009 0.205045 0.945930 0.199758 0.951802 0.190371 0.955484 0.191187 0.960119 0.191232 0.962469 0.189635 0.963687 0.189390
0 0.725781 0.522917 0.736719 0.529167 0.736719 0.536458 0.741406 0.550000 0.749219 0.558333 0.749219 0.567708 0.747656 0.571875 0.742969 0.573958 0.735938 0.572917 0.732031 0.569792 0.730469 0.576042 0.723437 0.590625 0.719531 0.591667 0.714844 0.585417 0.707812 0.584375 0.705469 0.580208 0.703125 0.561458 0.711719 0.551042 0.711719 0.545833 0.716406 0.534375 0.715625 0.528125 0.719531 0.522917
0 0.878926 0.576780 0.893723 0.571072 0.901115 0.579553 0.892606 0.586994 0.902378 0.592401 0.915737 0.583875 0.917411 0.578470 0.923087 0.577690 0.928622 0.581586 0.932810 0.594805 0.930856 0.603216 0.933308 0.609162 0.930965 0.624241 0.926452 0.630844 0.923688 0.628692 0.915665 0.636817 0.908806 0.653710 0.904896 0.653422 0.903606 0.640757 0.905545 0.637594 0.909976 0.616076 0.914663 0.601714 0.908944 0.603144 0.909006 0.610539 0.901119 0.606451 0.892115 0.607711 0.880519 0.614867 0.869702 0.614238 0.856971 0.606101 0.851286 0.592401 0.853702 0.587927 0.867513 0.588802 0.877112 0.594873 0.880288 0.599305 0.889190 0.595194 0.879484 0.586093 0.867319 0.581794 0.862733 0.570471 0.865700 0.564622
0 0.881212 0.774296 0.882965 0.776523 0.888289 0.775552 0.892045 0.775552 0.897165 0.778867 0.897426 0.781876 0.896692 0.789558 0.892675 0.795540 0.892007 0.807339 0.898296 0.816823 0.900000 0.822917 0.902591 0.825986 0.905627 0.828001 0.904064 0.834781 0.900855 0.835109 0.893343 0.833396 0.889549 0.833680 0.886644 0.835342 0.882812 0.835417 0.878269 0.818605 0.872399 0.810770 0.872420 0.798960 0.869032 0.797956 0.866997 0.806209 0.864200 0.809537 0.859292 0.809593 0.857178 0.802977 0.852767 0.799034 0.850372 0.792590 0.850236 0.789690 0.852622 0.787334 0.855027 0.786386 0.858474 0.782506 0.860712 0.778954 0.865044 0.777980 0.871204 0.775467 0.876158 0.771092
0 0.903906 0.639583 0.903125 0.650000 0.907031 0.657292 0.909375 0.666667 0.909375 0.677083 0.910156 0.677083 0.910156 0.693750 0.910937 0.694792 0.910937 0.709375 0.908594 0.725000 0.908594 0.732292 0.904687 0.741667 0.902344 0.741667 0.897656 0.729167 0.895312 0.719792 0.892969 0.703125 0.892969 0.693750 0.889844 0.683333 0.889062 0.667708 0.886719 0.656250 0.887500 0.642708 0.890625 0.640625 0.897656 0.639583
0 0.935410 0.163518 0.939622 0.163514 0.940454 0.165848 0.936396 0.170394 0.934727 0.176902 0.934600 0.183405 0.938046 0.187996 0.934808 0.190468 0.937678 0.193997 0.936696 0.202513 0.937969 0.215969 0.937277 0.224665 0.931813 0.228859 0.928059 0.226940 0.926969 0.224081 0.926768 0.215356 0.923814 0.211009 0.917863 0.209019 0.917932 0.206472 0.911904 0.208381 0.909659 0.213610 0.905587 0.216916 0.903174 0.216394 0.902489 0.211360 0.905557 0.207811 0.902768 0.198145 0.898173 0.187271 0.893579 0.183647 0.893852 0.177912 0.907362 0.172048 0.915204 0.175886 0.914865 0.181099 0.916785 0.183899 0.920259 0.181096 0.919886 0.178595 0.924328 0.176544 0.924469 0.171519 0.931144 0.164291 0.931884 0.156914
0 0.892309 0.000000 0.892352 0.004127 0.896247 0.015536 0.896762 0.018661 0.896733 0.020054 0.892457 0.026306 0.887801 0.037694 0.885469 0.050158 0.882934 0.052499 0.882416 0.052626 0.880922 0.051912 0.870213 0.048342 0.870145 0.044846 0.870313 0.043859 0.870313 0.039912 0.869467 0.035161 0.868750 0.032292 0.863730 0.028202 0.854560 0.017853 0.852975 0.013639 0.850785 0.001012 0.851151 0.000000
0 0.405469 0.419792 0.406250 0.422917 0.411719 0.425000 0.435156 0.427083 0.439063 0.435417 0.439844 0.443750 0.432812 0.452083 0.425000 0.454167 0.425000 0.460417 0.432812 0.465625 0.428906 0.471875 0.428125 0.483333 0.431250 0.488542 0.435156 0.502083 0.432812 0.506250 0.425781 0.507292 0.420312 0.496875 0.420312 0.491667 0.416406 0.482292 0.414844 0.472917 0.410938 0.464583 0.406250 0.462500 0.397656 0.455208 0.382812 0.454167 0.377344 0.447917 0.377344 0.442708 0.386719 0.423958 0.389844 0.423958 0.395313 0.419792
0 0.142800 0.312268 0.147149 0.313726 0.151189 0.316063 0.153906 0.316667 0.162511 0.328176 0.164062 0.335417 0.167187 0.339583 0.175782 0.344553 0.180469 0.346875 0.180643 0.348186 0.180642 0.359397 0.179688 0.363542 0.172643 0.371671 0.170313 0.373958 0.162488 0.373148 0.150817 0.373149 0.149219 0.372917 0.148029 0.368516 0.146106 0.353607 0.145860 0.351102 0.144808 0.347971 0.142666 0.337791 0.142317 0.332725 0.140125 0.327851 0.135556 0.323386 0.131107 0.320967 0.131921 0.316918 0.134744 0.314329 0.139443 0.312500
0 0.227139 0.354581 0.231669 0.356821 0.239332 0.355415 0.241031 0.357650 0.242969 0.362500 0.244800 0.363097 0.247256 0.367534 0.247009 0.373644 0.247412 0.378787 0.247007 0.383364 0.245568 0.386569 0.245445 0.393781 0.242446 0.403224 0.241792 0.413697 0.236247 0.423261 0.230372 0.426614 0.225914 0.431562 0.217188 0.431250 0.214691 0.430213 0.211719 0.428125 0.212054 0.424321 0.211511 0.419217 0.211743 0.413602 0.212954 0.409808 0.215197 0.404427 0.216265 0.398253 0.220881 0.383312 0.220617 0.376233 0.218750 0.369792 0.218959 0.364445 0.219531 0.356250 0.223782 0.353373
0 0.134375 0.558333 0.139063 0.566667 0.150000 0.583333 0.152344 0.591667 0.163281 0.611458 0.164062 0.625000 0.166406 0.631250 0.171875 0.636458 0.174219 0.642708 0.171094 0.659375 0.164844 0.666667 0.157812 0.665625 0.154688 0.673958 0.147656 0.686458 0.142969 0.686458 0.139063 0.689583 0.135156 0.689583 0.132031 0.696875 0.127344 0.704167 0.117188 0.702083 0.114844 0.706250 0.116406 0.715625 0.114062 0.721875 0.110156 0.725000 0.104688 0.722917 0.093750 0.709375 0.093750 0.701042 0.096094 0.691667 0.094531 0.680208 0.090625 0.673958 0.094531 0.663542 0.100781 0.660417 0.105469 0.652083 0.106250 0.640625 0.100000 0.639583 0.099219 0.636458 0.102344 0.628125 0.100781 0.620833 0.092969 0.613542 0.092969 0.605208 0.096094 0.594792 0.104688 0.592708 0.108594 0.586458 0.117969 0.558333 0.122656 0.558333 0.127344 0.555208
0 0.314022 0.527042 0.326699 0.529295 0.327414 0.529735 0.336332 0.531472 0.350781 0.539583 0.355961 0.543988 0.361080 0.548714 0.372459 0.562991 0.375599 0.567350 0.378309 0.571686 0.382422 0.580915 0.386130 0.587326 0.388469 0.595652 0.389979 0.596624 0.391160 0.600958 0.392626 0.608129 0.395766 0.615667 0.396009 0.617806 0.395856 0.628012 0.395180 0.631587 0.391528 0.635681 0.386719 0.635417 0.381250 0.628125 0.378125 0.619792 0.378125 0.614583 0.376992 0.608069 0.374875 0.600730 0.374915 0.596892 0.373386 0.590843 0.370918 0.584957 0.367654 0.580560 0.367524 0.578341 0.365932 0.575076 0.364120 0.571680 0.361548 0.569558 0.357301 0.564266 0.353398 0.558874 0.349194 0.556707 0.346316 0.554664 0.342266 0.550750 0.336939 0.551351 0.327307 0.551347 0.327174 0.550212 0.322672 0.549745 0.318809 0.548659 0.311943 0.543152 0.310806 0.540973 0.308106 0.534049 0.308818 0.530289 0.312888 0.526996
0 0.325000 0.212500 0.325000 0.220833 0.323437 0.226042 0.328906 0.232292 0.350781 0.247917 0.351562 0.253125 0.348438 0.255208 0.335938 0.254167 0.326562 0.260417 0.319531 0.263542 0.309375 0.264583 0.301563 0.269792 0.294531 0.271875 0.285938 0.272917 0.283594 0.270833 0.289062 0.248958 0.291406 0.245833 0.291406 0.234375 0.289062 0.231250 0.290625 0.227083 0.298438 0.230208 0.309375 0.229167 0.311719 0.227083 0.314063 0.216667 0.318750 0.209375 0.320312 0.209375
0 0.826562 0.213542 0.826562 0.222917 0.820312 0.244792 0.820312 0.247917 0.823438 0.247917 0.831250 0.238542 0.839844 0.235417 0.842969 0.232292 0.847656 0.232292 0.858594 0.245833 0.864844 0.250000 0.870313 0.259375 0.868750 0.261458 0.860938 0.261458 0.855469 0.262500 0.852344 0.260417 0.819531 0.260417 0.818750 0.267708 0.814844 0.271875 0.810937 0.271875 0.808594 0.269792 0.800781 0.259375 0.800781 0.256250 0.803125 0.254167 0.803906 0.250000 0.807813 0.245833 0.809375 0.240625 0.817969 0.225000 0.818750 0.220833 0.825000 0.213542
0 0.478906 0.421875 0.478906 0.427083 0.485156 0.432292 0.489063 0.438542 0.494531 0.443750 0.497656 0.453125 0.503125 0.465625 0.502344 0.470833 0.496094 0.479167 0.485156 0.487500 0.480469 0.489583 0.469531 0.489583 0.464844 0.480208 0.464062 0.476042 0.464844 0.458333 0.463281 0.455208 0.463281 0.443750 0.460156 0.436458 0.455469 0.431250 0.455469 0.422917 0.459375 0.419792 0.465625 0.419792 0.468750 0.414583 0.472656 0.413542
0 0.795312 0.261458 0.805469 0.267708 0.805469 0.275000 0.801562 0.280208 0.801562 0.286458 0.796875 0.300000 0.789844 0.315625 0.789844 0.330208 0.787500 0.339583 0.783594 0.347917 0.779687 0.346875 0.782031 0.336458 0.781250 0.322917 0.778906 0.318750 0.772656 0.313542 0.773438 0.310417 0.773438 0.293750 0.776563 0.284375 0.776563 0.278125 0.786719 0.262500 0.791406 0.261458
0 0.866503 0.443604 0.861446 0.439157 0.857660 0.437917 0.853906 0.435417 0.848437 0.435417 0.844171 0.438928 0.839804 0.438729 0.839337 0.436154 0.842301 0.423093 0.845492 0.418525 0.846890 0.413640 0.851212 0.404974 0.850927 0.399745 0.851511 0.395649 0.851779 0.385724 0.854212 0.377501 0.857984 0.375744 0.866504 0.375768 0.866869 0.375096 0.864687 0.366848 0.862500 0.360417 0.853906 0.360417 0.851229 0.355750 0.851852 0.355353 0.853201 0.347356 0.853194 0.344187 0.854471 0.333624 0.856533 0.326990 0.852862 0.322232 0.851991 0.316544 0.847656 0.312500 0.847656 0.305716 0.848532 0.299571 0.848087 0.294894 0.854569 0.290792 0.854489 0.285471 0.859525 0.282259 0.866024 0.281639 0.868750 0.281250 0.872828 0.285102 0.880602 0.290279 0.884793 0.297891 0.886719 0.302083 0.887249 0.306442 0.892903 0.314943 0.895496 0.321241 0.898392 0.326085 0.900539 0.331537 0.904258 0.339310 0.904832 0.346844 0.908983 0.353899 0.909642 0.358176 0.916492 0.366509 0.919685 0.367377 0.928891 0.368233 0.931002 0.369704 0.934586 0.373689 0.939739 0.381926 0.939354 0.390278 0.939938 0.394375 0.939787 0.398039 0.937961 0.402562 0.935361 0.405041 0.931405 0.410888 0.929349 0.418619 0.925557 0.431482 0.925284 0.435510 0.920914 0.435718 0.920794 0.438953 0.922656 0.443482 0.922929 0.455346 0.917422 0.458054 0.912123 0.465145 0.908652 0.466400 0.903239 0.466397 0.894951 0.463328 0.889946 0.462775 0.879052 0.453950 0.878759 0.454695 0.879455 0.454307 0.880563 0.452923 0.881022 0.452117 0.882609 0.448664 0.882953 0.446699 0.882794 0.444684 0.882530 0.443742 0.880052 0.441472 0.878698 0.440549 0.877421 0.439457 0.875356 0.438179 0.874627 0.437918 0.873226 0.437141 0.871236 0.435652 0.868534 0.433909 0.867121 0.433189 0.865601 0.433111 0.864206 0.433866 0.863197 0.435364 0.862903 0.436300 0.863325 0.438150 0.864476 0.439425 0.865513 0.440886 0.865939 0.441699 0.866015 0.443711 0.866409 0.444556
0 0.639844 0.102083 0.645312 0.106250 0.656250 0.106250 0.660156 0.107292 0.668750 0.115625 0.677344 0.122917 0.683594 0.135417 0.683594 0.139583 0.680469 0.142708 0.675000 0.140625 0.667969 0.140625 0.660937 0.138542 0.650000 0.126042 0.650000 0.119792 0.648438 0.115625 0.637500 0.107292 0.631250 0.104167 0.633594 0.101042
0 0.664450 0.139524 0.666367 0.139786 0.667127 0.140134 0.672656 0.140625 0.676028 0.142872 0.683718 0.148733 0.685851 0.152058 0.687653 0.154563 0.691994 0.158888 0.694045 0.162075 0.702275 0.171118 0.704332 0.173125 0.706374 0.177290 0.709375 0.182292 0.717187 0.192708 0.717625 0.193135 0.719047 0.195569 0.719307 0.202180 0.718646 0.202663 0.717609 0.204266 0.714829 0.207185 0.712690 0.206384 0.710514 0.205240 0.709162 0.204336 0.705354 0.203863 0.705335 0.203640 0.699487 0.198465 0.698755 0.198054 0.695791 0.195431 0.691206 0.192663 0.688468 0.195008 0.685622 0.195811 0.683681 0.193120 0.680656 0.189768 0.678395 0.186195 0.674944 0.183308 0.674177 0.183108 0.669326 0.179870 0.666956 0.178736 0.663510 0.177383 0.657660 0.174663 0.656325 0.173698 0.651855 0.168350 0.650924 0.164514 0.650600 0.163639 0.649159 0.161177 0.647844 0.159250 0.647852 0.155610 0.647706 0.154569 0.647860 0.152144 0.649904 0.149850 0.651442 0.144677 0.653003 0.143180 0.658543 0.139398 0.658988 0.139588 0.661719 0.139532
0 0.646875 0.158333 0.649219 0.160417 0.651563 0.167708 0.655469 0.172917 0.664844 0.179167 0.668750 0.193750 0.673438 0.197917 0.682813 0.197917 0.688281 0.195833 0.690625 0.197917 0.695312 0.207292 0.700000 0.221875 0.700000 0.237500 0.696875 0.243750 0.691406 0.242708 0.678906 0.242708 0.678125 0.247917 0.685156 0.257292 0.689063 0.273958 0.691406 0.279167 0.691406 0.284375 0.692969 0.291667 0.687500 0.296875 0.684375 0.302083 0.679688 0.316667 0.675781 0.335417 0.675000 0.344792 0.675000 0.356250 0.674219 0.357292 0.674219 0.398958 0.673438 0.400000 0.673438 0.417708 0.675000 0.425000 0.675000 0.431250 0.671094 0.436458 0.672656 0.445833 0.675781 0.452083 0.675000 0.456250 0.671094 0.456250 0.665625 0.453125 0.656250 0.439583 0.649219 0.422917 0.647656 0.421875 0.645312 0.415625 0.641406 0.409375 0.638281 0.401042 0.634375 0.386458 0.632812 0.366667 0.631250 0.365625 0.628906 0.357292 0.625000 0.347917 0.623437 0.341667 0.619531 0.333333 0.619531 0.327083 0.625000 0.318750 0.625781 0.312500 0.625781 0.301042 0.628906 0.292708 0.628906 0.284375 0.622656 0.263542 0.623437 0.258333 0.621094 0.250000 0.616406 0.236458 0.614062 0.225000 0.613281 0.213542 0.608594 0.203125 0.607812 0.198958 0.599219 0.187500 0.600781 0.184375 0.608594 0.186458 0.610938 0.184375 0.613281 0.178125 0.610156 0.164583 0.610938 0.162500 0.619531 0.159375 0.633594 0.165625 0.639844 0.165625 0.642188 0.158333
0 0.828906 0.000000 0.829688 0.004167 0.835156 0.011458 0.835156 0.022917 0.832812 0.029167 0.827344 0.035417 0.822656 0.050000 0.817187 0.058333 0.809611 0.059285 0.805598 0.061835 0.799219 0.056250 0.799219 0.050000 0.804908 0.042086 0.806444 0.035817 0.812714 0.023738 0.814548 0.012788 0.816335 0.002276
0 0.832812 0.042708 0.840625 0.047917 0.845313 0.048958 0.854688 0.055208 0.853906 0.058333 0.856250 0.061458 0.860156 0.061458 0.865625 0.067708 0.867188 0.073958 0.869531 0.077083 0.869531 0.085417 0.867188 0.088542 0.867188 0.104167 0.864844 0.127083 0.855469 0.138542 0.850000 0.137500 0.846094 0.134375 0.839063 0.123958 0.838281 0.118750 0.825000 0.102083 0.820312 0.098958 0.816406 0.093750 0.805469 0.086458 0.800781 0.082292 0.799219 0.075000 0.808594 0.061458 0.815625 0.059375 0.822656 0.051042 0.822656 0.048958 0.828906 0.041667
0 0.991406 0.000000 0.992969 0.002083 0.999219 0.005208 0.999219 0.193750 0.992969 0.189583 0.992188 0.187500 0.986719 0.184375 0.982031 0.180208 0.978125 0.179167 0.967969 0.170833 0.958594 0.165625 0.956250 0.165625 0.954688 0.163542 0.952344 0.163542 0.950781 0.161458 0.939844 0.158333 0.938281 0.156250 0.935156 0.156250 0.931250 0.154167 0.924219 0.153125 0.921094 0.151042 0.920312 0.147917 0.924219 0.138542 0.926562 0.134375 0.928125 0.129167 0.933594 0.117708 0.935937 0.113542 0.935156 0.107292 0.932031 0.100000 0.932031 0.097917 0.923438 0.075000 0.920312 0.069792 0.916406 0.061458 0.914062 0.053125 0.906250 0.038542 0.903906 0.033333 0.902344 0.028125 0.900000 0.025000 0.899219 0.021875 0.896875 0.017708 0.894531 0.011458 0.894531 0.008333 0.892969 0.005208 0.892969 0.000000
0 0.064844 0.397917 0.077344 0.404167 0.086719 0.405208 0.089844 0.407292 0.093750 0.407292 0.098437 0.409375 0.110937 0.410417 0.114062 0.412500 0.120313 0.413542 0.120313 0.418750 0.110937 0.432292 0.110937 0.434375 0.104688 0.443750 0.102344 0.448958 0.103125 0.455208 0.107813 0.462500 0.112500 0.473958 0.118750 0.480208 0.125000 0.482292 0.125781 0.488542 0.131250 0.495833 0.134375 0.497917 0.139063 0.496875 0.148438 0.489583 0.150781 0.481250 0.160938 0.473958 0.165625 0.467708 0.174219 0.468750 0.176563 0.470833 0.182031 0.471875 0.183594 0.473958 0.199219 0.483333 0.204687 0.488542 0.216406 0.494792 0.221875 0.495833 0.229687 0.501042 0.232031 0.501042 0.243750 0.509375 0.244531 0.511458 0.241406 0.536458 0.240625 0.546875 0.237500 0.561458 0.234375 0.580208 0.221875 0.579167 0.217188 0.577083 0.206250 0.576042 0.203906 0.573958 0.194531 0.572917 0.192188 0.570833 0.188281 0.570833 0.184375 0.568750 0.176563 0.567708 0.173437 0.565625 0.165625 0.564583 0.162500 0.562500 0.158594 0.562500 0.152344 0.559375 0.146875 0.558333 0.139063 0.554167 0.132812 0.553125 0.114062 0.543750 0.110156 0.539583 0.101562 0.535417 0.092969 0.529167 0.087500 0.523958 0.083594 0.521875 0.071875 0.511458 0.067187 0.508333 0.039844 0.483333 0.035937 0.478125 0.032031 0.475000 0.023438 0.463542 0.023438 0.457292 0.027344 0.452083 0.028125 0.448958 0.035937 0.442708 0.043750 0.434375 0.052344 0.421875 0.055469 0.410417 0.055469 0.405208 0.057031 0.398958 0.059375 0.396875
0 0.187500 0.376042 0.193750 0.386458 0.200781 0.389583 0.205469 0.398958 0.205469 0.410417 0.208594 0.415625 0.209375 0.420833 0.204687 0.428125 0.187500 0.440625 0.180469 0.447917 0.174219 0.456250 0.168750 0.460417 0.164062 0.466667 0.160156 0.475000 0.153906 0.478125 0.150781 0.482292 0.148438 0.489583 0.139063 0.497917 0.133594 0.498958 0.125000 0.487500 0.122656 0.481250 0.115625 0.478125 0.110156 0.470833 0.107031 0.460417 0.103125 0.455208 0.103125 0.447917 0.105469 0.441667 0.117188 0.420833 0.124219 0.413542 0.133594 0.398958 0.141406 0.388542 0.150000 0.380208 0.152344 0.373958 0.167969 0.377083 0.173437 0.370833 0.177344 0.369792 0.180469 0.366667 0.185938 0.366667
0 0.553906 0.657292 0.558594 0.670833 0.550000 0.689583 0.550000 0.692708 0.546875 0.697917 0.546094 0.702083 0.541406 0.710417 0.535156 0.725000 0.532031 0.730208 0.526563 0.745833 0.524219 0.748958 0.517969 0.766667 0.517188 0.777083 0.515625 0.779167 0.514844 0.786458 0.512500 0.792708 0.511719 0.805208 0.510156 0.810417 0.510156 0.826042 0.509375 0.827083 0.509375 0.839583 0.508594 0.845833 0.506250 0.850000 0.500781 0.854167 0.497656 0.858333 0.487500 0.865625 0.422656 0.865625 0.421875 0.864583 0.425781 0.858333 0.428125 0.851042 0.428906 0.843750 0.433594 0.837500 0.439063 0.823958 0.440625 0.816667 0.451562 0.786458 0.451562 0.783333 0.455469 0.775000 0.460156 0.760417 0.468750 0.739583 0.477344 0.720833 0.482031 0.713542 0.482812 0.709375 0.487500 0.702083 0.492969 0.688542 0.502344 0.672917 0.504687 0.670833 0.510938 0.670833 0.514844 0.668750 0.519531 0.668750 0.525000 0.666667 0.531250 0.666667 0.534375 0.664583 0.539062 0.664583 0.542188 0.661458 0.546094 0.661458 0.546875 0.659375 0.551562 0.657292
0 0.530469 0.461458 0.532813 0.461458 0.533594 0.461458 0.536719 0.467708 0.537500 0.468750 0.538281 0.483333 0.539062 0.484375 0.537500 0.489583 0.536719 0.490625 0.531250 0.488542 0.530469 0.488542 0.527344 0.483333 0.526563 0.482292 0.526563 0.475000 0.526563 0.473958 0.528906 0.464583 0.528906 0.463542 0.530469 0.461458
0 0.462500 0.612500 0.465625 0.612500 0.466406 0.613542 0.470313 0.625000 0.471094 0.626042 0.471094 0.631250 0.470313 0.632292 0.464844 0.632292 0.464062 0.632292 0.459375 0.622917 0.458594 0.621875 0.457813 0.617708 0.457813 0.616667 0.462500 0.612500
0 0.547656 0.244792 0.554688 0.248958 0.555469 0.248958 0.561719 0.255208 0.562500 0.255208 0.567187 0.263542 0.567969 0.264583 0.570312 0.263542 0.571094 0.263542 0.575000 0.258333 0.575781 0.257292 0.578906 0.256250 0.579688 0.256250 0.580469 0.257292 0.572656 0.276042 0.572656 0.277083 0.566406 0.282292 0.566406 0.283333 0.569531 0.285417 0.570312 0.286458 0.582812 0.286458 0.583594 0.286458 0.592969 0.293750 0.593750 0.294792 0.602344 0.297917 0.603125 0.297917 0.605469 0.305208 0.606250 0.306250 0.612500 0.304167 0.613281 0.303125 0.616406 0.304167 0.617188 0.304167 0.618750 0.307292 0.619531 0.308333 0.619531 0.313542 0.619531 0.314583 0.617188 0.320833 0.617188 0.321875 0.613281 0.327083 0.612500 0.328125 0.605469 0.329167 0.604688 0.329167 0.599219 0.334375 0.598437 0.335417 0.586719 0.336458 0.585938 0.336458 0.580469 0.331250 0.579688 0.330208 0.573438 0.328125 0.572656 0.328125 0.564844 0.319792 0.564063 0.318750 0.555469 0.314583 0.554688 0.314583 0.548438 0.309375 0.547656 0.309375 0.544531 0.300000 0.543750 0.298958 0.533594 0.293750 0.532813 0.292708 0.532813 0.289583 0.532813 0.288542 0.537500 0.282292 0.538281 0.281250 0.545312 0.266667 0.546094 0.265625 0.545312 0.256250 0.545312 0.255208 0.546094 0.247917 0.546094 0.246875 0.547656 0.244792
0 0.529687 0.228125 0.545312 0.228125 0.546094 0.228125 0.547656 0.230208 0.548438 0.231250 0.548438 0.240625 0.548438 0.241667 0.546875 0.246875 0.546094 0.247917 0.544531 0.260417 0.545312 0.261458 0.542969 0.267708 0.542969 0.268750 0.538281 0.273958 0.537500 0.275000 0.535156 0.273958 0.534375 0.273958 0.530469 0.269792 0.529687 0.268750 0.525781 0.267708 0.525000 0.267708 0.517188 0.262500 0.516406 0.261458 0.516406 0.257292 0.516406 0.256250 0.521094 0.247917 0.521875 0.246875 0.521094 0.241667 0.520312 0.240625 0.521094 0.234375 0.521094 0.233333 0.529687 0.228125
0 0.373437 0.200000 0.383594 0.200000 0.384375 0.200000 0.387500 0.203125 0.387500 0.204167 0.375000 0.211458 0.374219 0.211458 0.371094 0.215625 0.370312 0.216667 0.357812 0.214583 0.357031 0.214583 0.353125 0.211458 0.352344 0.211458 0.354687 0.208333 0.355469 0.207292 0.364063 0.205208 0.364844 0.205208 0.373437 0.200000
0 0.382812 0.000000 0.450781 0.001042 0.450781 0.002083 0.443750 0.009375 0.442969 0.010417 0.429688 0.019792 0.428906 0.020833 0.421875 0.021875 0.421094 0.022917 0.407031 0.022917 0.406250 0.022917 0.401562 0.020833 0.400781 0.020833 0.396094 0.016667 0.395313 0.016667 0.386719 0.006250 0.385937 0.006250 0.383594 0.003125 0.382812 0.002083 0.382812 0.000000
0 0.492188 0.032292 0.496875 0.036458 0.497656 0.037500 0.499219 0.046875 0.500000 0.047917 0.500000 0.073958 0.499219 0.075000 0.494531 0.072917 0.493750 0.072917 0.490625 0.067708 0.489844 0.066667 0.486719 0.064583 0.485938 0.063542 0.477344 0.063542 0.476562 0.063542 0.475781 0.060417 0.475000 0.059375 0.475781 0.055208 0.475781 0.054167 0.472656 0.050000 0.471875 0.048958 0.473438 0.043750 0.473438 0.042708 0.475781 0.040625 0.476562 0.039583 0.480469 0.037500 0.481250 0.036458 0.485156 0.036458 0.485938 0.036458 0.492188 0.032292
0 0.214844 0.016667 0.218750 0.017708 0.219531 0.017708 0.221875 0.021875 0.222656 0.022917 0.222656 0.040625 0.222656 0.041667 0.220312 0.050000 0.220312 0.051042 0.219531 0.052083 0.218750 0.053125 0.196875 0.052083 0.196094 0.052083 0.194531 0.050000 0.193750 0.048958 0.192969 0.043750 0.192969 0.042708 0.195312 0.035417 0.196094 0.034375 0.196875 0.028125 0.196875 0.027083 0.200000 0.023958 0.200781 0.022917 0.207813 0.021875 0.208594 0.021875 0.214844 0.016667
0 0.189844 0.000000 0.207813 0.000000 0.208594 0.000000 0.201563 0.011458 0.200781 0.012500 0.198437 0.019792 0.198437 0.020833 0.196094 0.022917 0.195312 0.023958 0.193750 0.023958 0.192969 0.023958 0.192188 0.021875 0.191406 0.020833 0.189844 0.000000
0 0.278125 0.320833 0.280469 0.320833 0.281250 0.320833 0.282031 0.322917 0.282813 0.323958 0.283594 0.322917 0.284375 0.321875 0.292969 0.321875 0.293750 0.321875 0.298438 0.326042 0.299219 0.326042 0.300000 0.333333 0.300000 0.334375 0.297656 0.340625 0.297656 0.341667 0.295312 0.344792 0.295312 0.345833 0.293750 0.345833 0.292969 0.345833 0.289844 0.342708 0.289062 0.341667 0.287500 0.336458 0.286719 0.335417 0.285938 0.328125 0.285938 0.327083 0.284375 0.325000 0.283594 0.323958 0.279687 0.325000 0.278906 0.325000 0.278125 0.320833
0 0.261719 0.325000 0.264062 0.325000 0.264844 0.325000 0.271094 0.329167 0.271875 0.329167 0.277344 0.335417 0.278125 0.336458 0.283594 0.338542 0.284375 0.338542 0.285156 0.339583 0.285938 0.340625 0.284375 0.344792 0.284375 0.345833 0.271094 0.345833 0.270313 0.345833 0.264062 0.342708 0.263281 0.342708 0.260937 0.338542 0.260156 0.337500 0.256250 0.335417 0.255469 0.334375 0.255469 0.331250 0.254688 0.330208 0.255469 0.328125 0.255469 0.327083 0.261719 0.325000
0 0.685156 0.061458 0.695312 0.063542 0.696094 0.063542 0.699219 0.065625 0.700000 0.065625 0.703125 0.070833 0.703906 0.071875 0.703906 0.077083 0.703906 0.078125 0.700781 0.081250 0.700000 0.082292 0.692187 0.081250 0.691406 0.081250 0.687500 0.077083 0.686719 0.076042 0.684375 0.069792 0.683594 0.068750 0.683594 0.064583 0.683594 0.063542 0.685156 0.061458
0 0.716406 0.042708 0.719531 0.043750 0.720313 0.043750 0.728125 0.053125 0.728906 0.054167 0.729688 0.059375 0.729688 0.060417 0.736719 0.073958 0.737500 0.075000 0.737500 0.078125 0.737500 0.079167 0.736719 0.079167 0.735938 0.080208 0.727344 0.072917 0.726562 0.072917 0.717969 0.060417 0.717187 0.059375 0.715625 0.051042 0.714844 0.050000 0.714844 0.045833 0.714844 0.044792 0.716406 0.042708
0 0.746094 0.010417 0.754687 0.010417 0.755469 0.011458 0.752344 0.021875 0.751563 0.022917 0.746094 0.021875 0.745313 0.020833 0.743750 0.013542 0.743750 0.012500 0.746094 0.010417
0 0.795312 0.000000 0.813281 0.000000 0.814063 0.000000 0.810937 0.021875 0.810937 0.022917 0.804688 0.035417 0.803906 0.036458 0.800781 0.035417 0.800000 0.035417 0.792188 0.027083 0.791406 0.026042 0.792188 0.020833 0.792188 0.019792 0.798438 0.011458 0.799219 0.010417 0.799219 0.006250 0.799219 0.005208 0.795312 0.000000
0 0.118750 0.851042 0.121875 0.851042 0.122656 0.851042 0.125781 0.853125 0.126562 0.853125 0.130469 0.863542 0.130469 0.864583 0.110937 0.865625 0.110156 0.865625 0.110156 0.859375 0.110156 0.858333 0.112500 0.855208 0.113281 0.854167 0.118750 0.851042
0 0.235937 0.684375 0.240625 0.686458 0.241406 0.687500 0.242188 0.694792 0.242188 0.695833 0.240625 0.700000 0.240625 0.701042 0.233594 0.709375 0.232813 0.710417 0.231250 0.710417 0.230469 0.710417 0.228125 0.703125 0.228125 0.702083 0.225781 0.700000 0.225000 0.698958 0.224219 0.695833 0.223438 0.694792 0.226562 0.688542 0.227344 0.687500 0.235937 0.684375
0 0.184375 0.680208 0.189062 0.680208 0.189844 0.680208 0.191406 0.682292 0.192188 0.683333 0.192969 0.687500 0.192969 0.688542 0.197656 0.695833 0.198437 0.696875 0.198437 0.702083 0.197656 0.703125 0.189844 0.704167 0.189062 0.704167 0.185156 0.702083 0.184375 0.701042 0.183594 0.694792 0.182812 0.693750 0.182812 0.684375 0.182812 0.683333 0.184375 0.680208
0 0.215625 0.733333 0.219531 0.734375 0.220312 0.734375 0.226562 0.746875 0.227344 0.747917 0.227344 0.750000 0.227344 0.751042 0.223438 0.755208 0.222656 0.756250 0.225000 0.759375 0.225781 0.760417 0.228125 0.767708 0.228906 0.768750 0.228906 0.771875 0.229687 0.772917 0.227344 0.784375 0.226562 0.785417 0.225000 0.785417 0.224219 0.785417 0.221875 0.779167 0.221875 0.778125 0.220312 0.776042 0.219531 0.775000 0.216406 0.773958 0.215625 0.773958 0.214844 0.771875 0.214062 0.770833 0.214062 0.763542 0.214062 0.762500 0.211719 0.753125 0.211719 0.752083 0.214062 0.748958 0.214844 0.747917 0.214062 0.737500 0.214062 0.736458 0.215625 0.733333
0 0.119531 0.783333 0.122656 0.783333 0.123438 0.784375 0.123438 0.788542 0.123438 0.789583 0.125000 0.792708 0.125781 0.793750 0.131250 0.794792 0.132031 0.794792 0.133594 0.797917 0.134375 0.798958 0.132031 0.801042 0.131250 0.802083 0.122656 0.803125 0.121875 0.804167 0.129688 0.818750 0.130469 0.819792 0.130469 0.821875 0.130469 0.822917 0.126562 0.823958 0.125781 0.823958 0.124219 0.821875 0.123438 0.820833 0.118750 0.820833 0.117969 0.820833 0.112500 0.823958 0.111719 0.825000 0.105469 0.825000 0.104688 0.825000 0.095312 0.820833 0.094531 0.820833 0.089844 0.807292 0.089063 0.806250 0.091406 0.800000 0.091406 0.798958 0.095312 0.796875 0.096094 0.795833 0.106250 0.796875 0.107031 0.796875 0.108594 0.791667 0.109375 0.790625 0.114062 0.788542 0.114844 0.788542 0.119531 0.783333
0 0.153906 0.821875 0.158594 0.827083 0.159375 0.827083 0.161719 0.830208 0.162500 0.831250 0.162500 0.833333 0.163281 0.834375 0.162500 0.839583 0.162500 0.840625 0.158594 0.844792 0.157812 0.845833 0.154688 0.845833 0.153906 0.845833 0.152344 0.842708 0.151562 0.841667 0.150781 0.830208 0.150781 0.829167 0.153906 0.821875
0 0.426563 0.692708 0.429688 0.696875 0.430469 0.697917 0.430469 0.709375 0.430469 0.710417 0.427344 0.713542 0.426563 0.713542 0.423438 0.718750 0.422656 0.719792 0.419531 0.719792 0.418750 0.719792 0.417969 0.717708 0.417187 0.716667 0.417187 0.712500 0.416406 0.711458 0.417969 0.703125 0.417969 0.702083 0.420312 0.696875 0.421094 0.695833 0.426563 0.692708
0 0.605469 0.730208 0.607812 0.731250 0.608594 0.731250 0.610938 0.735417 0.611719 0.736458 0.610156 0.744792 0.609375 0.745833 0.609375 0.759375 0.609375 0.760417 0.610938 0.771875 0.611719 0.772917 0.611719 0.781250 0.610938 0.782292 0.607812 0.782292 0.607031 0.782292 0.604688 0.779167 0.603906 0.778125 0.601562 0.772917 0.601562 0.771875 0.594531 0.761458 0.593750 0.760417 0.592187 0.751042 0.591406 0.750000 0.592187 0.739583 0.592187 0.738542 0.597656 0.736458 0.598437 0.736458 0.605469 0.730208
0 0.582812 0.717708 0.591406 0.718750 0.592187 0.718750 0.599219 0.723958 0.600000 0.725000 0.602344 0.725000 0.603125 0.725000 0.605469 0.727083 0.605469 0.728125 0.600781 0.733333 0.600000 0.734375 0.593750 0.736458 0.592969 0.737500 0.588281 0.737500 0.587500 0.737500 0.582812 0.734375 0.582031 0.734375 0.579688 0.736458 0.578906 0.737500 0.578906 0.741667 0.578906 0.742708 0.572656 0.750000 0.571875 0.751042 0.568750 0.752083 0.567969 0.752083 0.567969 0.747917 0.567969 0.746875 0.571875 0.741667 0.572656 0.740625 0.574219 0.735417 0.574219 0.734375 0.578906 0.727083 0.579688 0.726042 0.580469 0.720833 0.580469 0.719792 0.582812 0.717708
0 0.692187 0.770833 0.696875 0.772917 0.697656 0.772917 0.703125 0.781250 0.703906 0.782292 0.703125 0.788542 0.702344 0.789583 0.696094 0.790625 0.695312 0.790625 0.690625 0.788542 0.689844 0.788542 0.685937 0.784375 0.685156 0.783333 0.685156 0.779167 0.685156 0.778125 0.689063 0.772917 0.689844 0.771875 0.692187 0.770833
0 0.715625 0.616667 0.720313 0.618750 0.721094 0.618750 0.725000 0.623958 0.725781 0.625000 0.732031 0.627083 0.732812 0.627083 0.732812 0.632292 0.732812 0.633333 0.730469 0.634375 0.729688 0.635417 0.714844 0.634375 0.714063 0.634375 0.712500 0.632292 0.711719 0.631250 0.710938 0.627083 0.710938 0.626042 0.706250 0.621875 0.706250 0.620833 0.715625 0.616667
0 0.700000 0.714583 0.703906 0.715625 0.704688 0.716667 0.705469 0.725000 0.706250 0.726042 0.703125 0.732292 0.702344 0.733333 0.699219 0.734375 0.698438 0.734375 0.692969 0.731250 0.692187 0.730208 0.692187 0.723958 0.692187 0.722917 0.693750 0.719792 0.694531 0.718750 0.700000 0.714583
0 0.870363 0.464332 0.874786 0.469382 0.880500 0.474480 0.883136 0.478875 0.885385 0.486991 0.886593 0.499461 0.884135 0.504591 0.883564 0.512777 0.880796 0.519397 0.878367 0.519460 0.872486 0.532798 0.869863 0.536567 0.865217 0.544540 0.863391 0.546048 0.859143 0.539527 0.857556 0.537892 0.854688 0.537500 0.852580 0.531251 0.852914 0.521267 0.854407 0.517493 0.857461 0.512650 0.856235 0.509203 0.848437 0.509375 0.843210 0.498967 0.842482 0.496003 0.838491 0.488653 0.836124 0.483257 0.836902 0.477172 0.839341 0.476198 0.841035 0.474516 0.839650 0.468784 0.846936 0.465097 0.852818 0.465790 0.855744 0.465374
0 0.831250 0.457292 0.835938 0.458333 0.836719 0.458333 0.840625 0.463542 0.841406 0.464583 0.840625 0.469792 0.840625 0.470833 0.836719 0.477582 0.835938 0.480208 0.831250 0.479167 0.830469 0.479167 0.826562 0.471875 0.825781 0.470833 0.825894 0.463542 0.828420 0.463193 0.828125 0.459375 0.828906 0.458333 0.831250 0.457292
0 0.313281 0.156250 0.314063 0.156250 0.314844 0.156250 0.324219 0.165625 0.325000 0.166667 0.325000 0.168750 0.325000 0.169792 0.321875 0.177083 0.321875 0.178125 0.320312 0.179167 0.319531 0.180208 0.313281 0.179167 0.312500 0.179167 0.310156 0.177083 0.309375 0.176042 0.308594 0.172917 0.307812 0.171875 0.307812 0.162500 0.307812 0.161458 0.308594 0.159375 0.309375 0.158333 0.313281 0.156250
0 0.517188 0.185417 0.521875 0.185417 0.522656 0.185417 0.529687 0.192708 0.530469 0.193750 0.531250 0.201042 0.531250 0.202083 0.528906 0.207292 0.528125 0.208333 0.525000 0.208333 0.524219 0.208333 0.515625 0.203125 0.514844 0.202083 0.514062 0.198958 0.513281 0.197917 0.513281 0.192708 0.513281 0.191667 0.517188 0.185417
0 0.554688 0.167708 0.557813 0.167708 0.558594 0.167708 0.561719 0.171875 0.562500 0.172917 0.562500 0.184375 0.562500 0.185417 0.560937 0.188542 0.560156 0.189583 0.558594 0.189583 0.557813 0.190625 0.550000 0.188542 0.549219 0.188542 0.545312 0.181250 0.544531 0.180208 0.546875 0.173958 0.547656 0.172917 0.551562 0.170833 0.552344 0.170833 0.554688 0.167708
0 0.547656 0.056250 0.551562 0.057292 0.552344 0.057292 0.559375 0.066667 0.560156 0.067708 0.563281 0.079167 0.563281 0.080208 0.557813 0.081250 0.557031 0.081250 0.553906 0.078125 0.553125 0.077083 0.547656 0.075000 0.546875 0.073958 0.546875 0.070833 0.546875 0.069792 0.543750 0.060417 0.543750 0.059375 0.547656 0.056250
0 0.609222 0.001653 0.610449 0.002154 0.612093 0.003598 0.613005 0.005088 0.615109 0.008925 0.616110 0.010184 0.618243 0.012284 0.620672 0.015759 0.621356 0.017248 0.621963 0.020846 0.622343 0.022459 0.623085 0.024036 0.623622 0.026798 0.623178 0.031270 0.621508 0.035364 0.621280 0.036233 0.621811 0.036605 0.622874 0.036729 0.621659 0.036853 0.620445 0.036109 0.619430 0.035059 0.617888 0.031905 0.615448 0.028539 0.613511 0.025985 0.609449 0.021465 0.608918 0.020721 0.606819 0.018669 0.606248 0.018241 0.604166 0.015820 0.603342 0.014472 0.602266 0.011276 0.602711 0.009572 0.602190 0.006925 0.602189 0.005990 0.602688 0.004489 0.603478 0.003047 0.605261 0.002109 0.606627 0.001861 0.607893 0.001323
0 0.595313 0.000000 0.603125 0.000000 0.603906 0.000000 0.601562 0.005208 0.600781 0.006250 0.603906 0.016667 0.603906 0.017708 0.596875 0.025000 0.596094 0.026042 0.595313 0.031250 0.595313 0.032292 0.591406 0.035417 0.590625 0.035417 0.588281 0.032292 0.587500 0.031250 0.586719 0.021875 0.586719 0.020833 0.591406 0.013542 0.592187 0.012500 0.593750 0.012500 0.594531 0.012500 0.597656 0.009375 0.598437 0.008333 0.598437 0.005208 0.598437 0.004167 0.596094 0.002083 0.595313 0.002083 0.595313 0.000000
0 0.000000 0.000000 0.071875 0.000000 0.071875 0.001042 0.062500 0.008333 0.061719 0.008333 0.051562 0.028125 0.051562 0.029167 0.048438 0.030208 0.047656 0.031250 0.014844 0.021875 0.014063 0.020833 0.000781 0.018750 0.000000 0.018750 0.000000 0.000000
0 0.045680 0.380017 0.045360 0.378403 0.044168 0.376813 0.042286 0.375967 0.042587 0.374243 0.041957 0.371598 0.041561 0.371070 0.041505 0.370784 0.041195 0.367026 0.040720 0.364587 0.040411 0.363350 0.040102 0.362731 0.039064 0.361348 0.038876 0.361281 0.038876 0.359809 0.038400 0.356957 0.038091 0.356133 0.037208 0.354956 0.035452 0.354056 0.035198 0.353718 0.030585 0.352054 0.029467 0.352054 0.028883 0.351847 0.023557 0.351847 0.021091 0.351068 0.021091 0.348880 0.020770 0.347266 0.019887 0.346089 0.018676 0.345662 0.017465 0.346089 0.016583 0.347266 0.016262 0.348880 0.016262 0.350819 0.015345 0.352008 0.015025 0.353623 0.015025 0.356510 0.015179 0.357747 0.016119 0.362249 0.017046 0.364104 0.018703 0.366106 0.019167 0.366313 0.020094 0.367344 0.021078 0.367830 0.021796 0.368787 0.022637 0.369084 0.023796 0.370835 0.023851 0.371115 0.025971 0.373942 0.026281 0.374148 0.027054 0.375179 0.027518 0.375386 0.028136 0.376210 0.028906 0.376482 0.030302 0.377860 0.033059 0.378906 0.035070 0.379524 0.035602 0.379524 0.036333 0.379922 0.038158 0.380499 0.039172 0.381233 0.039426 0.381572 0.040057 0.381794 0.040354 0.382190 0.043111 0.383236 0.044477 0.382809 0.045360 0.381632
0 0.081866 0.398647 0.081642 0.395367 0.081321 0.393753 0.080762 0.391963 0.079544 0.390339 0.077886 0.389614 0.075314 0.389614 0.074103 0.390041 0.072996 0.391516 0.072564 0.393578 0.072564 0.396113 0.072884 0.397727 0.073767 0.398904 0.074751 0.399322 0.076563 0.401886 0.078109 0.402463 0.079004 0.402463 0.080215 0.402036 0.081545 0.400262 0.081865 0.398647
0 0.108256 0.400437 0.107936 0.402051 0.107721 0.402338 0.107601 0.402946 0.106818 0.404139 0.105935 0.405316 0.104724 0.405743 0.099642 0.405594 0.099033 0.405870 0.098443 0.406509 0.097232 0.406936 0.094101 0.406936 0.092491 0.406276 0.092311 0.406339 0.091100 0.405912 0.090410 0.404992 0.090056 0.405465 0.088845 0.405892 0.087634 0.405465 0.086751 0.404288 0.086430 0.402673 0.086542 0.400437 0.086975 0.398524 0.088193 0.396899 0.089991 0.396142 0.090584 0.395500 0.090777 0.394647 0.091032 0.394307 0.091112 0.393902 0.092150 0.392220 0.092790 0.390174 0.093784 0.388848 0.094995 0.388421 0.095554 0.388421 0.096765 0.388848 0.097315 0.389433 0.099673 0.390488 0.099911 0.390806 0.100810 0.390806 0.102021 0.391234 0.102348 0.391669 0.102804 0.391830 0.103687 0.393007 0.105913 0.396647 0.107053 0.397049 0.107936 0.398226 0.108257 0.399840 0.108257 0.400437
0 0.379332 0.401874 0.378449 0.403051 0.375455 0.403478 0.374629 0.404579 0.371317 0.405006 0.370106 0.404579 0.369224 0.403402 0.368903 0.401696 0.359094 0.401186 0.357883 0.400759 0.357000 0.399582 0.356680 0.397967 0.357000 0.396353 0.357883 0.395176 0.359094 0.394748 0.374182 0.395258 0.378449 0.397468 0.379332 0.398645 0.379652 0.400259
0 0.391037 0.130082 0.390717 0.128468 0.389834 0.127291 0.388623 0.126864 0.386952 0.127598 0.385967 0.128911 0.382118 0.129746 0.381446 0.130642 0.380507 0.130974 0.379164 0.132764 0.378383 0.136220 0.378704 0.137835 0.379586 0.139012 0.380797 0.139439 0.382008 0.139012 0.383239 0.136935 0.384310 0.136557 0.384910 0.135757 0.388683 0.134716 0.390717 0.131697
0 0.576354 0.500074 0.575472 0.501251 0.574261 0.501679 0.570392 0.501564 0.569182 0.501137 0.566173 0.499532 0.564602 0.497209 0.559046 0.497209 0.557835 0.496782 0.556952 0.495604 0.556632 0.493990 0.556952 0.492375 0.557835 0.491198 0.559046 0.490771 0.565665 0.490771 0.567048 0.491313 0.568962 0.494096 0.569338 0.494366 0.569955 0.493605 0.571166 0.493178 0.572377 0.493605 0.573323 0.494178 0.573856 0.494889 0.575472 0.495668 0.576354 0.496845 0.576675 0.498460
0 0.540354 0.558345 0.539699 0.561259 0.538160 0.563893 0.535857 0.565194 0.534646 0.564767 0.533763 0.563589 0.533443 0.561975 0.534196 0.558339 0.533443 0.556148 0.533763 0.554533 0.534646 0.553356 0.538042 0.552929 0.539253 0.553356 0.540136 0.554533 0.540675 0.556731
0 0.667076 0.487391 0.666304 0.488420 0.665985 0.490010 0.664555 0.491916 0.663660 0.492236 0.659961 0.496878 0.660397 0.504574 0.659874 0.507179 0.658444 0.509085 0.656491 0.509783 0.654614 0.509535 0.652988 0.511413 0.650598 0.512402 0.648197 0.512402 0.646510 0.511820 0.639031 0.511820 0.637078 0.511122 0.635648 0.509216 0.635125 0.506611 0.635648 0.504007 0.637078 0.502101 0.639686 0.501112 0.643732 0.501112 0.645819 0.500530 0.641879 0.496863 0.640013 0.493793 0.639490 0.490607 0.640013 0.488003 0.641443 0.486096 0.643396 0.485398 0.645142 0.485398 0.648607 0.486438 0.651093 0.485689 0.654176 0.484089 0.655629 0.482604 0.663038 0.479578 0.665646 0.480276 0.667076 0.482183 0.667599 0.484787
0 0.276308 0.550466 0.275725 0.547782 0.274579 0.549310 0.272626 0.550008 0.269554 0.549012 0.267514 0.546589 0.265828 0.548240 0.264618 0.548240 0.263893 0.546917 0.261771 0.539891 0.261100 0.534741 0.261100 0.529293 0.260576 0.526689 0.259147 0.524783 0.257194 0.524085 0.255240 0.524783 0.253811 0.526689 0.253287 0.529293 0.253287 0.535258 0.253958 0.540923 0.256942 0.551877 0.257837 0.554263 0.259574 0.556579 0.257134 0.559534 0.252780 0.561164 0.250456 0.564263 0.249841 0.565993 0.247800 0.565120 0.247069 0.564146 0.243826 0.563102 0.243044 0.562058 0.241091 0.561361 0.239138 0.562058 0.237708 0.563965 0.236961 0.567165 0.237484 0.569769 0.238914 0.571676 0.243431 0.573524 0.244058 0.574359 0.248918 0.576548 0.255852 0.578934 0.257805 0.578236 0.259235 0.576330 0.259758 0.573726 0.259235 0.570227 0.258816 0.569669 0.261607 0.568395 0.265633 0.562730 0.267605 0.560976 0.272342 0.558555 0.275338 0.554561 0.275785 0.553070
0 0.492636 0.369887 0.491206 0.371793 0.488435 0.372803 0.487000 0.372959 0.485933 0.373367 0.485152 0.374408 0.484684 0.375344 0.483255 0.377250 0.481302 0.377948 0.479349 0.377250 0.477919 0.375344 0.477395 0.372584 0.477919 0.369980 0.479322 0.367953 0.479673 0.367173 0.481103 0.365267 0.481570 0.364955 0.482155 0.364175 0.485862 0.362698 0.487360 0.362542 0.488669 0.362074 0.489253 0.362074 0.491206 0.362772 0.492636 0.364679 0.493160 0.367283
0 0.489596 0.393430 0.489311 0.393966 0.489011 0.395457 0.488777 0.395924 0.486646 0.398922 0.486061 0.399390 0.484108 0.400088 0.482155 0.399390 0.480725 0.397484 0.480403 0.395878 0.478261 0.395878 0.476308 0.395180 0.475662 0.394319 0.474753 0.394163 0.472800 0.393465 0.470898 0.392020 0.469292 0.391126 0.468807 0.390591 0.468123 0.390347 0.466158 0.388506 0.465199 0.388164 0.462861 0.386917 0.460846 0.384387 0.460323 0.381783 0.460846 0.379178 0.462276 0.377272 0.464229 0.376574 0.466182 0.377272 0.466610 0.377756 0.467936 0.378364 0.468521 0.378831 0.470158 0.379455 0.471635 0.380957 0.472614 0.381482 0.473156 0.382048 0.474472 0.382839 0.475256 0.381794 0.477209 0.381096 0.479548 0.381252 0.481501 0.381950 0.483281 0.384168 0.483604 0.385773 0.485644 0.385821 0.486213 0.385617 0.488166 0.386315 0.489596 0.388221 0.490119 0.390826
0 0.313281 0.357292 0.327344 0.358333 0.328125 0.358333 0.328906 0.360417 0.329688 0.361458 0.328125 0.366667 0.328125 0.367708 0.331250 0.372917 0.332031 0.373958 0.332813 0.380208 0.332813 0.381250 0.332031 0.382292 0.332031 0.383333 0.324219 0.389583 0.323437 0.390625 0.316406 0.392708 0.315625 0.393750 0.309375 0.393750 0.308594 0.393750 0.303906 0.389583 0.303125 0.388542 0.300000 0.371875 0.300000 0.370833 0.308594 0.360417 0.309375 0.359375 0.313281 0.357292
0 0.385156 0.398958 0.388281 0.398958 0.389062 0.398958 0.390625 0.401042 0.391406 0.402083 0.391406 0.417708 0.391406 0.418750 0.389062 0.420833 0.388281 0.421875 0.385937 0.421875 0.385156 0.422917 0.382812 0.420833 0.382031 0.419792 0.379688 0.419792 0.378906 0.419792 0.376563 0.422917 0.375781 0.422917 0.374219 0.419792 0.373437 0.418750 0.374219 0.411458 0.374219 0.410417 0.378906 0.403125 0.379688 0.402083 0.385156 0.398958
0 0.774044 0.791264 0.774044 0.805002 0.771571 0.805002 0.769922 0.806651 0.769922 0.809398 0.775692 0.810497 0.776517 0.812695 0.777753 0.813794 0.777753 0.814894 0.775692 0.814894 0.774044 0.816542 0.757970 0.816542 0.757558 0.812146 0.753436 0.812146 0.753436 0.802804 0.755497 0.801705 0.756733 0.803903 0.759618 0.803903 0.760443 0.802254 0.761679 0.802254 0.763328 0.799507 0.764152 0.799507 0.765389 0.797308 0.767861 0.797308 0.767861 0.792912 0.769922 0.792912 0.770746 0.791813
0 0.282813 0.489583 0.285938 0.490625 0.286719 0.490625 0.292187 0.497917 0.292969 0.498958 0.292969 0.512500 0.292969 0.513542 0.294531 0.525000 0.293750 0.526042 0.291406 0.526042 0.290625 0.526042 0.284375 0.520833 0.283594 0.520833 0.278906 0.511458 0.278125 0.510417 0.278125 0.497917 0.278125 0.496875 0.282813 0.489583
0 0.952344 0.582292 0.957031 0.582292 0.957812 0.582292 0.964844 0.584375 0.965625 0.584375 0.967969 0.586458 0.968750 0.586458 0.971094 0.590625 0.971875 0.591667 0.971094 0.598958 0.971094 0.600000 0.962500 0.601042 0.961719 0.601042 0.954688 0.597917 0.953906 0.597917 0.952344 0.595833 0.951562 0.595833 0.949219 0.592708 0.948438 0.591667 0.948438 0.585417 0.948438 0.584375 0.952344 0.582292
0 0.414844 0.103125 0.417187 0.104167 0.417969 0.104167 0.418750 0.106250 0.419531 0.107292 0.418750 0.118750 0.418750 0.119792 0.414844 0.127083 0.414844 0.128125 0.411719 0.132292 0.410938 0.133333 0.408594 0.133333 0.407813 0.133333 0.402344 0.125000 0.401562 0.123958 0.400781 0.115625 0.400781 0.114583 0.403906 0.105208 0.403906 0.104167 0.414844 0.103125
0 0.096875 0.220833 0.100781 0.221875 0.101562 0.221875 0.102344 0.225000 0.103125 0.226042 0.103906 0.231250 0.104688 0.232292 0.104688 0.239583 0.104688 0.240625 0.110156 0.251042 0.110937 0.252083 0.110937 0.255208 0.111719 0.256250 0.110156 0.257292 0.109375 0.258333 0.105469 0.257292 0.104688 0.257292 0.099219 0.248958 0.099219 0.247917 0.091406 0.238542 0.090625 0.237500 0.089844 0.230208 0.089844 0.229167 0.093750 0.222917 0.094531 0.221875 0.096875 0.220833
0 0.080469 0.251042 0.084375 0.252083 0.085156 0.253125 0.085938 0.255208 0.086719 0.256250 0.085938 0.260417 0.085938 0.261458 0.078906 0.268750 0.078125 0.269792 0.068750 0.271875 0.067969 0.271875 0.066406 0.267708 0.066406 0.266667 0.072656 0.261458 0.073438 0.261458 0.080469 0.251042
0 0.032813 0.211458 0.039844 0.213542 0.040625 0.213542 0.041406 0.216667 0.042188 0.217708 0.042188 0.223958 0.042188 0.225000 0.038281 0.231250 0.037500 0.232292 0.028125 0.233333 0.027344 0.233333 0.023438 0.230208 0.022656 0.229167 0.021094 0.222917 0.021094 0.221875 0.032813 0.211458
0 0.127928 0.125137 0.133679 0.126317 0.134121 0.128086 0.137661 0.128676 0.140315 0.131036 0.140315 0.132216 0.141200 0.132216 0.144739 0.135165 0.146509 0.135165 0.147394 0.136934 0.150490 0.136934 0.150933 0.130446 0.148721 0.128086 0.147394 0.128086 0.146951 0.126907 0.145181 0.126317 0.145181 0.121598 0.144297 0.117469 0.140315 0.116289 0.137218 0.116879 0.134121 0.118649 0.132794 0.119828 0.131025 0.119238 0.127043 0.119828
0 0.138103 0.107441 0.142969 0.106851 0.142969 0.106261 0.144739 0.105671 0.144739 0.104492 0.145624 0.104492 0.145624 0.096823 0.143412 0.096234 0.142969 0.095054 0.141200 0.094464 0.140758 0.093284 0.139873 0.093284 0.138988 0.092104 0.136333 0.092104 0.135006 0.092694 0.133679 0.095644 0.133679 0.093284 0.132352 0.093284 0.130582 0.093874 0.128813 0.096234 0.128813 0.097413 0.127928 0.097413 0.127485 0.102132 0.128370 0.103312 0.127928 0.116289 0.132352 0.115699 0.133679 0.113930 0.135891 0.113930 0.135891 0.112750 0.137661 0.112160
0 0.121734 0.128086 0.123504 0.123957 0.123504 0.121008 0.122177 0.121008 0.121734 0.119238 0.121734 0.113340 0.120407 0.112750 0.120407 0.111570 0.119522 0.111570 0.118637 0.109801 0.113329 0.110980 0.111117 0.112750 0.107577 0.112750 0.107577 0.111570 0.103153 0.111570 0.102269 0.112750 0.102269 0.117469 0.106250 0.117469 0.106250 0.118649 0.107577 0.120418 0.107577 0.121598 0.108462 0.122188 0.108462 0.123368 0.111117 0.123368 0.112886 0.125727 0.115541 0.125727 0.116868 0.126907 0.118195 0.126907
0 0.089881 0.135165 0.095190 0.133985 0.095190 0.134575 0.098729 0.136345 0.099172 0.137524 0.100499 0.137524 0.101384 0.136345 0.101384 0.135165 0.108462 0.135165 0.112001 0.136934 0.113329 0.138114 0.113329 0.139294 0.114656 0.139884 0.114656 0.130446 0.113771 0.130446 0.113771 0.129266 0.111117 0.128676 0.111117 0.128086 0.108462 0.128086 0.108462 0.127497 0.105365 0.128086 0.104923 0.123957 0.104038 0.123957 0.104038 0.123368 0.100499 0.123368 0.100499 0.123957 0.099172 0.123957 0.098729 0.125137 0.092093 0.125137 0.089881 0.122188 0.089881 0.121008 0.088554 0.121008 0.088554 0.120418 0.085015 0.120418 0.084573 0.121598 0.081476 0.121598 0.081033 0.126317 0.087227 0.125727 0.088554 0.126907 0.088554 0.128086 0.089439 0.128086 0.089439 0.130446 0.088997 0.130446
0 0.087669 0.148732 0.087227 0.142833 0.084573 0.142833 0.084130 0.144603 0.081476 0.146962 0.079264 0.147552 0.079264 0.148732 0.076167 0.148732 0.072185 0.152271 0.069973 0.152271 0.069973 0.158760 0.063337 0.158760 0.063337 0.160529 0.064665 0.161119 0.064665 0.162889 0.065549 0.163479 0.065992 0.170557 0.066876 0.170557 0.066876 0.171737 0.067761 0.171737 0.067761 0.176456 0.068646 0.177635 0.068646 0.178815 0.072628 0.178815 0.073070 0.181175 0.074840 0.181175 0.075725 0.182354 0.078821 0.182354 0.078821 0.183534 0.082361 0.183534 0.083245 0.182354 0.083245 0.177635 0.085900 0.175866 0.085900 0.173506 0.086342 0.173506 0.085900 0.165248 0.087227 0.162299 0.087227 0.159349 0.088112 0.159349 0.088112 0.154041
0 0.045597 0.137045 0.053751 0.137045 0.053124 0.134118 0.053124 0.131191 0.055319 0.130354 0.055633 0.129100 0.057515 0.127009 0.058142 0.127009 0.058142 0.126173 0.059083 0.126173 0.060651 0.127427 0.060651 0.129100 0.065042 0.129100 0.066296 0.128263 0.067551 0.124918 0.068178 0.124918 0.068178 0.124082 0.070060 0.119482 0.071315 0.119900 0.072255 0.121991 0.073196 0.122409 0.073196 0.123245 0.074451 0.124082 0.075078 0.125336 0.077274 0.125754 0.077587 0.122827 0.078214 0.122409 0.078528 0.119482 0.076960 0.117391 0.076960 0.116136 0.076019 0.115718 0.075078 0.113627 0.072569 0.113627 0.071942 0.113209 0.071942 0.112373 0.071001 0.112373 0.070374 0.111118 0.069119 0.110282 0.065983 0.109864 0.064101 0.112373 0.063474 0.112373 0.063160 0.116555 0.062219 0.119064 0.057201 0.119064 0.057201 0.118227 0.055006 0.116973 0.054378 0.113627 0.056574 0.113627 0.057515 0.113209 0.057515 0.112373 0.058142 0.112373 0.059397 0.113627 0.061278 0.113627 0.062219 0.111536 0.063160 0.110700 0.064415 0.110700 0.065042 0.111955 0.066610 0.112791 0.067237 0.111536 0.067237 0.109027 0.066610 0.109027 0.066610 0.108191 0.062846 0.107773 0.062533 0.107355 0.057828 0.107355 0.055947 0.107773 0.055947 0.108609 0.053438 0.109446 0.052183 0.111118 0.050929 0.111118 0.049988 0.112373 0.047479 0.112373 0.046851 0.115300 0.046851 0.117391 0.046538 0.117809 0.046538 0.127427 0.041833 0.127845 0.041833 0.129100 0.041206 0.129936 0.041520 0.133282 0.042774 0.134954 0.046851 0.134118 0.047792 0.134536 0.048106 0.136627
0 0.053634 0.215603 0.052389 0.218507 0.052389 0.220996 0.053323 0.220996 0.053634 0.221826 0.054567 0.222240 0.062657 0.222240 0.063279 0.221411 0.063901 0.221411 0.066390 0.219336 0.064835 0.219336 0.065768 0.217262 0.065457 0.214773 0.064835 0.214358 0.064212 0.213529 0.062346 0.212699 0.061723 0.211454 0.058612 0.211454 0.058301 0.199424 0.057990 0.197765 0.057368 0.197765 0.057056 0.195690 0.056434 0.195690 0.055812 0.194446 0.054879 0.194446 0.053012 0.195690 0.051456 0.196105 0.050523 0.197350 0.046478 0.197765 0.045545 0.199839 0.045233 0.201498 0.045233 0.207306 0.043989 0.207306 0.044922 0.208551 0.046789 0.209380 0.047723 0.211040 0.048345 0.211040 0.049278 0.212284 0.049589 0.213944 0.050834 0.214358 0.050834 0.215188
0 0.023143 0.296497 0.028432 0.293178 0.029988 0.294008 0.032788 0.291934 0.032788 0.289860 0.033410 0.289860 0.033410 0.289030 0.034966 0.288615 0.035588 0.287371 0.035588 0.285711 0.036522 0.284882 0.035900 0.282392 0.033722 0.281563 0.033722 0.280733 0.034966 0.279903 0.035277 0.279074 0.035277 0.274511 0.033410 0.272021 0.031544 0.271607 0.030921 0.270777 0.029366 0.270777 0.029055 0.271607 0.028432 0.271607 0.027499 0.272851 0.025321 0.274096 0.016920 0.274096 0.016609 0.274925 0.015365 0.274925 0.014120 0.277000 0.013498 0.277000 0.011942 0.280318 0.011631 0.282807 0.010698 0.283637 0.010387 0.286956 0.011631 0.288200 0.015365 0.287371 0.015987 0.288615 0.015987 0.292764 0.016609 0.292764 0.015365 0.294838 0.016298 0.297742 0.019098 0.295668 0.018476 0.293178 0.018476 0.291519 0.019721 0.290689 0.021587 0.290689 0.022521 0.292764
0 0.057679 0.275340 0.053012 0.275340 0.051456 0.274511 0.050212 0.272851 0.049589 0.269118 0.048967 0.268288 0.048967 0.263725 0.040566 0.262895 0.039011 0.259991 0.051456 0.259161 0.049900 0.255843 0.051767 0.254598 0.055190 0.254183 0.057990 0.256672 0.060168 0.257502 0.064212 0.257502 0.065146 0.258746 0.066079 0.260406 0.066079 0.261236 0.064524 0.264969 0.064524 0.266214 0.063901 0.266628 0.063901 0.271607 0.066390 0.274511 0.066390 0.276585 0.065768 0.276585 0.065768 0.277414 0.067013 0.277414 0.068879 0.280733 0.071369 0.281978 0.072613 0.281978 0.072924 0.283222 0.076035 0.284467 0.076035 0.285296 0.076969 0.285711 0.077280 0.286541 0.077902 0.286541 0.077902 0.289860 0.077280 0.289860 0.077280 0.290689 0.072613 0.289860 0.071369 0.289030 0.071369 0.288200 0.070124 0.288200 0.069813 0.286956 0.068257 0.285711 0.066390 0.285711 0.066390 0.286541 0.064835 0.286541 0.064835 0.285711 0.063901 0.285711 0.063901 0.281148 0.062035 0.278244 0.061412 0.278244 0.061412 0.277000 0.060790 0.277000 0.060790 0.276170 0.060168 0.275755
0 0.034966 0.334663 0.031233 0.333003 0.029988 0.333003 0.029055 0.331344 0.029366 0.328025 0.030299 0.328025 0.030299 0.327196 0.030921 0.326781 0.032788 0.326366 0.032788 0.325536 0.033410 0.325536 0.033722 0.324706 0.034344 0.324706 0.034655 0.323877 0.036522 0.322217 0.037144 0.322217 0.037144 0.321388 0.041500 0.321388 0.042122 0.324292 0.042122 0.328440 0.042744 0.328855 0.042744 0.332174 0.041500 0.333418 0.041500 0.335492 0.041189 0.335907 0.038077 0.336322 0.037144 0.336737 0.036833 0.337567
0 0.076347 0.328025 0.080080 0.329685 0.085369 0.328440 0.085369 0.326366 0.085681 0.325121 0.086303 0.324706 0.086303 0.318484 0.085058 0.318069 0.085058 0.317239 0.083503 0.315995 0.081636 0.315995 0.081325 0.315580 0.080080 0.315580 0.079769 0.314750 0.078525 0.314750 0.078525 0.313091 0.076658 0.311431 0.073235 0.311846 0.072924 0.317654 0.073858 0.319728 0.074791 0.320143 0.075102 0.321388 0.074791 0.324292
0 0.050212 0.359553 0.049589 0.363287 0.046167 0.366191 0.048345 0.369924 0.048967 0.374073 0.052078 0.374487 0.056434 0.362872 0.063901 0.366191 0.067013 0.366191 0.068879 0.361213 0.072613 0.358724 0.076969 0.354990 0.078836 0.354160 0.078836 0.352916 0.078213 0.351671 0.078213 0.349597 0.077591 0.347938 0.074169 0.347938 0.073858 0.348767 0.070746 0.350427 0.070435 0.351256 0.069191 0.351256 0.068879 0.352501 0.068257 0.352501 0.067324 0.353745 0.067324 0.354575 0.066390 0.354990 0.066390 0.356649 0.065768 0.357064 0.065146 0.356234 0.065146 0.354575 0.066079 0.354160 0.066390 0.351256 0.067013 0.351256 0.067635 0.348352 0.069502 0.345863 0.069502 0.345034 0.070124 0.344204 0.070124 0.342959 0.071057 0.342959 0.071369 0.341715 0.072924 0.339641 0.067635 0.339641 0.066390 0.341300 0.065768 0.341300 0.065768 0.342130 0.065146 0.342959 0.062346 0.342545 0.061412 0.343789 0.061412 0.345449 0.058923 0.345034 0.058923 0.341715 0.059234 0.341300 0.058923 0.339641 0.057679 0.339641 0.057368 0.338396 0.056434 0.337981 0.056434 0.337152 0.055190 0.335907 0.060168 0.333418 0.060168 0.330514 0.053012 0.330514 0.051456 0.339226 0.047723 0.340470 0.048345 0.344619 0.047100 0.349182 0.044922 0.350012 0.044922 0.356649 0.046789 0.357479
0 0.229735 0.153791 0.232535 0.152547 0.233779 0.149643 0.234090 0.146324 0.228490 0.138027 0.223823 0.137198 0.221334 0.135123 0.218534 0.141346 0.221956 0.148398 0.224134 0.150058 0.226312 0.152547
0 0.207644 0.126412 0.210444 0.127241 0.212311 0.128901 0.214489 0.128901 0.215423 0.125582 0.222579 0.123923 0.218845 0.112307 0.213245 0.112722 0.212622 0.119774 0.209511 0.122263
0 0.221645 0.247961 0.226623 0.248375 0.227246 0.246301 0.233779 0.247131 0.236268 0.244227 0.236268 0.238834 0.234713 0.236760 0.231913 0.235100 0.229735 0.235515 0.223823 0.239664 0.221645 0.243812
0 0.115549 0.277000 0.111193 0.281563 0.102793 0.284882 0.102793 0.281978 0.105593 0.281563 0.105593 0.278244 0.096259 0.278659 0.095637 0.281148 0.092837 0.283222 0.092214 0.286126 0.090348 0.289030 0.096881 0.290689 0.101859 0.290689 0.103726 0.291519 0.101237 0.294423 0.103104 0.297327 0.108393 0.296912 0.111816 0.289860 0.115549 0.286126 0.116483 0.281978
0 0.064212 0.248375 0.063590 0.252109 0.061412 0.252524 0.061101 0.253354 0.060168 0.253768 0.062657 0.255428 0.075102 0.255843 0.075102 0.255013 0.076035 0.255013 0.076658 0.254183 0.077280 0.254183 0.077902 0.252939 0.078836 0.252524 0.078836 0.248375 0.077902 0.247546 0.070746 0.247546 0.071057 0.247131 0.073858 0.247131 0.074169 0.246716 0.074480 0.243397 0.073858 0.243397 0.073235 0.242568 0.070746 0.242568 0.070435 0.242983 0.061412 0.242568 0.063279 0.242983 0.064212 0.244642
0 0.268315 0.082853 0.267070 0.084513 0.263959 0.085342 0.263959 0.089491 0.269871 0.094054 0.272049 0.094884 0.272982 0.089076 0.278582 0.093639 0.280449 0.093224 0.280449 0.089906 0.285427 0.087831 0.282316 0.080779 0.279205 0.078290 0.277960 0.076631 0.277338 0.073312 0.277960 0.071653 0.280449 0.071238 0.282938 0.071653 0.284183 0.069993 0.282316 0.067504 0.281382 0.065430 0.280138 0.064600 0.278893 0.061696 0.275471 0.061281 0.274226 0.060037 0.272049 0.055059 0.268315 0.055059 0.268626 0.059207 0.267693 0.067504 0.267693 0.071653 0.268937 0.078290
0 0.263026 0.000300 0.263959 0.004448 0.265515 0.006937 0.271426 0.010671 0.275782 0.011915 0.282627 0.026020 0.288227 0.030583 0.287916 0.027679 0.286672 0.023531 0.285116 0.020212 0.284494 0.016479 0.281694 0.008597 0.286049 0.008597 0.288227 0.011500 0.293206 0.011086 0.292894 0.007352 0.295695 0.005278 0.296317 0.002789 0.295383 0.000300 0.285427 0.000300 0.285738 0.002374 0.279827 0.002789 0.278582 0.000300
0 0.317785 0.194446 0.310007 0.193201 0.307518 0.201083 0.307829 0.207306 0.310629 0.212699 0.314674 0.216433 0.318718 0.210210 0.323074 0.209380 0.323074 0.205232 0.321830 0.201083
0 0.380945 0.184490 0.389034 0.184490 0.396812 0.183660 0.408635 0.181171 0.410813 0.180341 0.410502 0.173704 0.394634 0.173289 0.393701 0.175363 0.379389 0.179926
0 0.392457 0.160014 0.387790 0.162918 0.383745 0.164577 0.382189 0.169141 0.385301 0.176608 0.389345 0.174533 0.393390 0.171630 0.393390 0.167066 0.389345 0.169970 0.388723 0.169970 0.388723 0.168726 0.392457 0.167066
0 0.434770 0.109818 0.440993 0.111892 0.445349 0.107329 0.445038 0.104010 0.443793 0.104010 0.440993 0.100692 0.434770 0.102351 0.433215 0.103181 0.432281 0.108159
0 0.464328 0.108988 0.465573 0.108159 0.466195 0.105255 0.467439 0.103181 0.470551 0.092809 0.472106 0.090320 0.473040 0.086587 0.473040 0.084928 0.469617 0.084928 0.469617 0.086172 0.468995 0.086172 0.467128 0.088246 0.465261 0.089491 0.463395 0.089491 0.460906 0.091150 0.460906 0.087002 0.462772 0.087002 0.463083 0.082853 0.460906 0.079949 0.460594 0.078290 0.455305 0.076216 0.450327 0.074971 0.449705 0.079535 0.452816 0.083683 0.452816 0.084513 0.458416 0.089906 0.458416 0.097373 0.460906 0.100692
0 0.353876 0.250864 0.365388 0.251694 0.370055 0.254183 0.370677 0.251694 0.370988 0.247961 0.370366 0.247961 0.368499 0.241738 0.367566 0.241323 0.366321 0.235515 0.367255 0.230537 0.374100 0.232197 0.375967 0.229293 0.378144 0.223900 0.376900 0.219751 0.375033 0.219336 0.374722 0.220996 0.372544 0.223070 0.371922 0.223070 0.367877 0.222240 0.366010 0.220581 0.361655 0.218922 0.360721 0.222240 0.364144 0.226804 0.360099 0.227218 0.356365 0.224315 0.352009 0.223485 0.348587 0.226389 0.347654 0.230952 0.354498 0.242568
0 0.427926 0.241738 0.430104 0.240493 0.430415 0.238004 0.432593 0.236345 0.432593 0.229708 0.430415 0.228878 0.431970 0.228463 0.431659 0.223485 0.427926 0.223485 0.426992 0.223900 0.426059 0.227218 0.422947 0.228878 0.418903 0.229293 0.417969 0.233441 0.417347 0.233856 0.421703 0.235930 0.425125 0.240493
0 0.493574 0.188638 0.495752 0.189053 0.503531 0.192787 0.506020 0.187394 0.506331 0.184075 0.508198 0.184075 0.506642 0.179512 0.494508 0.179097 0.493886 0.179512 0.489530 0.179512
0 0.555490 0.095713 0.561090 0.102351 0.565446 0.103595 0.565446 0.100692 0.569802 0.100277 0.571357 0.097373 0.571668 0.093639 0.574469 0.090320 0.573535 0.087002 0.579447 0.089906 0.581625 0.089491 0.583803 0.088246 0.583491 0.086587 0.580691 0.085757 0.580069 0.082853 0.577891 0.081194 0.570113 0.084513 0.568868 0.086587 0.561712 0.089906 0.556734 0.091565
0 0.601537 0.131390 0.604337 0.134294 0.609627 0.134294 0.609004 0.130975 0.609627 0.127656 0.614605 0.125582 0.614294 0.123093 0.611493 0.122263 0.609627 0.120604 0.607137 0.119774 0.604648 0.119774 0.603404 0.118115 0.602159 0.118115 0.602159 0.121019 0.601226 0.122678 0.600915 0.127656
0 0.596248 0.122263 0.595626 0.121019 0.597804 0.118945 0.600293 0.115626 0.608382 0.112307 0.609627 0.117285 0.611804 0.118530 0.615227 0.120189 0.618961 0.119359 0.620205 0.118115 0.620205 0.110648 0.617405 0.108988 0.616471 0.106914 0.614294 0.104425 0.608071 0.102351 0.603404 0.104010 0.603404 0.104840 0.597181 0.107329 0.597181 0.109818 0.591581 0.109818 0.590336 0.107329 0.588781 0.106914 0.590959 0.111063 0.593759 0.113966 0.594381 0.113966 0.589714 0.116041 0.587225 0.116456 0.587225 0.118945 0.591892 0.118945 0.593448 0.120604 0.593448 0.123508
0 0.643229 0.059622 0.644473 0.062526 0.645096 0.062526 0.646962 0.064185 0.647585 0.063771 0.648518 0.061696 0.649451 0.061696 0.649451 0.060867 0.651940 0.060867 0.653185 0.057548 0.653807 0.053814 0.655052 0.052570 0.656919 0.055059 0.656919 0.055889 0.658163 0.057133 0.660341 0.057133 0.660341 0.056303 0.661897 0.055889 0.664386 0.053814 0.664697 0.052985 0.655674 0.048836 0.655985 0.042614 0.650696 0.041784 0.638251 0.041369 0.637940 0.042199 0.637006 0.042614 0.632961 0.043443 0.629539 0.045103 0.629539 0.045932 0.628917 0.046762 0.626117 0.049251 0.624561 0.052570 0.632650 0.057133 0.641984 0.053814 0.645096 0.051325 0.646029 0.054229
0 0.667497 0.080779 0.662208 0.085342 0.659719 0.089076 0.659719 0.094469 0.666875 0.096958 0.676520 0.087417 0.678698 0.088661 0.679009 0.084098 0.678076 0.081609 0.679631 0.078290 0.675898 0.077046 0.674342 0.074971 0.671853 0.074142 0.669364 0.075801 0.665630 0.075801
0 0.746525 0.054229 0.742791 0.055474 0.736568 0.054229 0.732835 0.047592 0.732212 0.044688 0.734079 0.042614 0.739369 0.045518 0.742169 0.047592 0.752125 0.050910 0.758036 0.058378 0.752436 0.053814
0 0.741858 0.036806 0.746836 0.039295 0.749014 0.039295 0.754614 0.040954 0.757725 0.043858 0.759592 0.044273 0.760214 0.042614 0.763948 0.042614 0.766126 0.041369 0.764570 0.037636 0.757725 0.034317 0.756170 0.034317 0.754925 0.037636 0.749636 0.033487 0.751503 0.033072 0.752747 0.032243 0.749325 0.026435 0.748080 0.026020 0.736257 0.025605 0.735635 0.027679 0.738435 0.030998
0 0.781994 0.039710 0.785416 0.041784 0.788838 0.042199 0.791327 0.040954 0.791327 0.037636 0.789461 0.035976 0.787905 0.035976 0.786349 0.033072 0.783549 0.025605 0.781994 0.026020 0.780127 0.029339 0.779816 0.034732
0 0.712611 0.216847 0.720389 0.225144 0.723501 0.225974 0.727234 0.225559 0.730035 0.221826 0.727546 0.218922 0.729723 0.215188 0.728168 0.213114 0.723812 0.213114 0.715723 0.208551 0.713856 0.208551 0.713856 0.211869
0 0.806262 0.177022 0.814040 0.177022 0.817151 0.175778 0.820263 0.173704 0.820885 0.167896 0.820263 0.162503 0.816840 0.162503 0.814351 0.164162 0.812485 0.162088 0.811862 0.159599 0.805951 0.157940 0.804395 0.160014 0.805017 0.170385
0 0.838308 0.204402 0.846087 0.204402 0.849198 0.205232 0.859154 0.202743 0.854798 0.196935 0.851998 0.196105 0.851998 0.193616 0.851065 0.191127 0.846087 0.191127 0.834264 0.192787 0.836131 0.199839
0 0.922003 0.121434 0.918580 0.123923 0.910491 0.124752 0.909558 0.125582 0.909558 0.126412 0.907069 0.128486 0.904580 0.131805 0.905824 0.135953 0.914536 0.139687 0.924803 0.137198 0.933204 0.122263 0.930715 0.122263 0.928226 0.123923 0.925736 0.124338 0.924803 0.122263
0 0.874711 0.111477 0.885912 0.109818 0.885912 0.107744 0.887778 0.104425 0.887467 0.091980 0.889956 0.088246 0.887156 0.088246 0.884978 0.089906 0.882800 0.090320 0.880934 0.092809 0.882178 0.096128 0.880311 0.097373 0.878444 0.097373 0.876889 0.101106 0.875333 0.103181 0.872222 0.103181 0.871911 0.106499
0 0.842353 0.011500 0.840798 0.021457 0.839242 0.025605 0.838931 0.030583 0.837375 0.036806 0.835508 0.032657 0.834886 0.029339 0.831464 0.034317 0.833953 0.037221 0.833019 0.040539 0.832086 0.042199 0.839864 0.047177 0.842975 0.046762 0.852309 0.029753 0.856354 0.033902 0.859154 0.033902 0.860399 0.034732 0.862266 0.033487 0.863821 0.030998 0.864132 0.029339 0.854176 0.018138 0.853865 0.013575 0.852309 0.010256 0.851998 0.006937 0.850443 0.008182 0.847954 0.008597 0.845464 0.010256
0 0.953116 0.260821 0.960272 0.258746 0.961828 0.257502 0.962761 0.252939 0.961205 0.250035 0.958716 0.250035 0.957783 0.247546 0.954672 0.247131 0.952805 0.245057 0.950627 0.246301 0.944404 0.244227 0.942538 0.244227 0.939426 0.245886 0.939737 0.249620 0.944093 0.250864 0.945960 0.250864 0.945960 0.252939 0.944716 0.254183 0.943471 0.254183 0.942538 0.255843 0.944404 0.258332 0.948449 0.259991
0 0.943471 0.267873 0.948138 0.271607 0.950938 0.270777 0.953116 0.268703 0.958716 0.270777 0.960272 0.270777 0.959650 0.267458 0.959961 0.265384 0.960894 0.262895 0.959028 0.261650 0.957161 0.258746 0.951872 0.259991 0.948138 0.259991 0.944404 0.258332 0.943782 0.262480
0 0.912047 0.329685 0.922003 0.328025 0.923247 0.327196 0.920758 0.322632 0.916091 0.323047 0.913291 0.321388 0.913913 0.316824 0.913602 0.314750 0.912358 0.312676 0.909869 0.311431 0.903335 0.311846 0.899601 0.310187 0.895868 0.311846 0.891823 0.312261 0.896801 0.320973 0.900535 0.320973 0.903646 0.322217 0.905513 0.326366 0.908313 0.329685
0 0.938804 0.350841 0.946271 0.354575 0.946271 0.355405 0.950005 0.356234 0.954049 0.354990 0.956539 0.352501 0.959028 0.351671 0.959650 0.347523 0.955605 0.346693 0.951249 0.344619 0.955294 0.341715 0.949694 0.338396 0.945338 0.338396 0.941293 0.339226 0.945027 0.342959 0.942226 0.346278
0 0.925114 0.263310 0.931648 0.261236 0.933826 0.256672 0.930092 0.253354 0.924492 0.250864 0.922625 0.247961 0.921070 0.247131 0.919203 0.243812 0.918269 0.238419 0.914536 0.238419 0.910180 0.242568 0.912980 0.247131 0.916091 0.247131 0.917647 0.248375 0.914536 0.253768 0.921070 0.259576 0.920136 0.261650 0.922314 0.264969
0 0.755236 0.236345 0.760525 0.230537 0.763326 0.225974 0.762081 0.223485 0.760214 0.221826 0.756481 0.223485 0.757414 0.221826 0.755547 0.216018 0.753058 0.218092 0.751192 0.218922 0.747147 0.217677 0.744658 0.219336 0.748391 0.226804 0.747769 0.230122 0.748391 0.234686 0.752436 0.237589
0 0.726612 0.270777 0.731590 0.272021 0.734390 0.268703 0.743413 0.262480 0.744347 0.259576 0.738435 0.255013 0.740302 0.252109 0.735635 0.246301 0.729412 0.253768 0.726612 0.254598 0.726923 0.265799
0 0.798172 0.237175 0.788838 0.237175 0.792572 0.247131 0.800039 0.254183 0.802217 0.254598 0.802839 0.250864 0.800350 0.247546 0.800973 0.245472 0.800661 0.242568
0 0.791016 0.154621 0.787905 0.153377 0.786972 0.153791 0.782927 0.161259 0.780749 0.164162 0.781682 0.169141 0.784483 0.173289 0.789461 0.178682 0.791950 0.179097 0.793194 0.163333 0.791950 0.157940
0 0.815596 0.184490 0.813107 0.186564 0.809995 0.190297 0.813729 0.199009 0.814040 0.202328 0.813729 0.203987 0.809684 0.199424 0.808129 0.201083 0.807506 0.205232 0.809062 0.208965 0.813107 0.211040 0.816218 0.209380 0.819329 0.205647 0.818085 0.199009 0.816840 0.194861 0.816218 0.187808
0 0.904268 0.223485 0.903024 0.238004 0.906757 0.239664 0.907691 0.241738 0.908313 0.241738 0.908935 0.235930 0.910180 0.231782 0.908002 0.227633
0 0.834264 0.306868 0.835508 0.303964 0.840486 0.302720 0.847331 0.304794 0.847020 0.312261 0.850131 0.314750 0.840486 0.313921 0.838931 0.311846 0.836442 0.311431
0 0.819329 0.323877 0.820574 0.326781 0.823374 0.328025 0.826485 0.326781 0.825552 0.323462 0.828663 0.323462 0.829286 0.316824 0.827419 0.315580 0.826174 0.311017 0.824307 0.308942 0.820574 0.306039 0.820574 0.310602 0.819952 0.311431 0.819641 0.315580
0 0.720701 0.324706 0.727546 0.323462 0.730968 0.317239 0.734079 0.315165 0.734702 0.313921 0.735635 0.307698 0.729101 0.298986 0.723190 0.295668 0.722256 0.299401 0.722879 0.299401 0.724745 0.311431 0.722256 0.315580 0.722256 0.319728
0 0.733768 0.290689 0.731901 0.289860 0.730035 0.287371 0.728479 0.280733 0.725990 0.279074 0.723812 0.274925 0.721012 0.271607 0.718212 0.270777 0.715723 0.270777 0.714167 0.272851 0.711056 0.274096 0.709811 0.279074 0.717278 0.279903 0.725368 0.286541 0.722256 0.294008 0.734702 0.294423
0 0.620827 0.264139 0.618649 0.262480 0.616471 0.259161 0.613671 0.263725 0.616160 0.267873 0.614916 0.270777 0.615849 0.275340 0.618649 0.278659 0.622072 0.286126 0.625183 0.289445 0.629539 0.290689 0.629539 0.284052
0 0.133906 0.367850 0.137951 0.369095 0.146040 0.367020 0.148218 0.369924 0.146351 0.353331 0.145418 0.348767 0.144173 0.347523 0.143551 0.340056 0.137328 0.340056 0.136706 0.340470 0.136395 0.341715 0.134839 0.343789 0.134839 0.352086 0.132350 0.354990 0.133595 0.363702
0 0.252758 0.341300 0.243736 0.338811 0.241869 0.343374 0.241869 0.344204 0.239691 0.347523 0.242491 0.353331 0.244980 0.353745 0.250580 0.350427 0.254003 0.345449
0 0.370366 0.442107 0.363521 0.433810 0.360410 0.435054 0.360410 0.443351 0.363210 0.443766 0.361966 0.453308 0.365699 0.453308 0.365699 0.456626 0.362899 0.456626 0.361966 0.458286 0.357610 0.457871 0.357610 0.464923 0.361655 0.463264 0.365699 0.460775 0.370366 0.462434 0.370055 0.451233 0.371300 0.449989
0 0.455305 0.445011 0.451883 0.448329 0.450327 0.457041 0.450327 0.464923 0.454994 0.469486 0.457794 0.469486 0.460906 0.466583 0.465884 0.466583 0.465261 0.457456 0.464017 0.454967 0.464017 0.451648 0.459039 0.448329
0 0.354498 0.483591 0.351387 0.486080 0.350765 0.488154 0.349520 0.489399 0.348898 0.489399 0.348587 0.490229 0.349520 0.484421 0.348276 0.481932 0.342987 0.477368 0.340809 0.480687 0.340498 0.487325 0.342053 0.495207 0.344853 0.500185 0.349209 0.500600 0.355432 0.498940 0.360410 0.496451 0.362588 0.496451 0.365077 0.490643 0.372855 0.480687 0.372855 0.478198 0.369433 0.477368 0.362899 0.483591 0.359788 0.485250 0.358854 0.484006
0 0.397746 0.348767 0.398990 0.349597 0.401168 0.342959 0.403035 0.338811 0.405524 0.335492 0.405524 0.334663 0.410813 0.333833 0.410813 0.332174 0.406146 0.330099 0.402413 0.329270 0.397746 0.329270 0.396501 0.336322 0.394634 0.343789 0.395879 0.345863
0 0.561712 0.474879 0.564512 0.476124 0.570113 0.473635 0.571980 0.471561 0.571357 0.466997 0.567935 0.466583 0.561712 0.460775 0.560468 0.455797 0.562957 0.453722 0.564512 0.453308 0.568868 0.450819 0.565446 0.447085 0.562335 0.446670 0.555490 0.450404 0.555801 0.454967 0.557668 0.455797 0.556734 0.461604 0.557979 0.467827
0 0.546156 0.475294 0.556423 0.470316 0.553623 0.463679 0.549889 0.459530 0.548022 0.462019 0.542733 0.462849 0.545222 0.458286 0.543044 0.452478 0.540555 0.449159 0.535577 0.452893 0.536822 0.458286 0.539311 0.459530 0.540555 0.465338
0 0.513487 0.465753 0.525932 0.463264 0.529043 0.465753 0.529355 0.461604 0.528421 0.456211 0.526243 0.452893 0.522821 0.454552 0.521265 0.452478 0.518465 0.450404 0.516909 0.452478 0.516909 0.455797 0.514731 0.454967 0.513798 0.459530
0 0.542111 0.300231 0.541178 0.304379 0.541800 0.306453 0.540244 0.306868 0.537444 0.308942 0.532777 0.306868 0.532466 0.302720 0.530288 0.301060 0.527488 0.300231 0.525932 0.295668 0.526243 0.292764 0.528421 0.292349 0.527488 0.289445 0.526243 0.287785 0.526243 0.285711 0.527799 0.284882 0.530599 0.284882 0.533088 0.285711 0.532466 0.293593
0 0.616160 0.478613 0.615538 0.484421 0.619583 0.485250 0.619583 0.488154 0.624561 0.490643 0.627050 0.484421 0.632650 0.481102 0.632961 0.473635 0.630784 0.465753 0.628917 0.469901 0.622072 0.469072 0.622072 0.470731 0.618649 0.474465 0.618649 0.475294
0 0.692699 0.437129 0.711678 0.440448 0.711056 0.436299 0.714167 0.431736 0.714478 0.425928 0.712300 0.422609 0.714789 0.420950 0.714789 0.413898 0.708878 0.413483 0.707322 0.416801 0.702344 0.415972 0.699544 0.421780 0.694877 0.421780 0.694566 0.430491
0 0.676831 0.411823 0.687098 0.416801 0.689276 0.413068 0.695188 0.408505 0.694254 0.406016 0.693943 0.401452 0.694566 0.400623 0.695188 0.400623 0.700477 0.397304 0.714167 0.391496 0.719767 0.386103 0.719767 0.382369 0.715411 0.381540 0.710433 0.383199 0.704833 0.387763 0.702966 0.388592 0.704211 0.386933 0.704833 0.383614 0.701722 0.384444 0.700477 0.390252 0.697055 0.393570 0.692076 0.395230 0.689587 0.394815 0.687098 0.392326 0.687098 0.390252 0.688965 0.390252 0.688965 0.387348 0.674342 0.381125 0.674031 0.401867 0.674342 0.412653
0 0.676209 0.362457 0.680565 0.368680 0.685543 0.378636 0.692699 0.378636 0.708566 0.372828 0.709811 0.371584 0.709811 0.369509 0.700477 0.366191 0.696432 0.365776 0.695499 0.362872 0.688032 0.363287 0.686787 0.364531 0.683676 0.360383 0.679009 0.360383
0 0.692076 0.329685 0.690521 0.335492 0.680565 0.335492 0.685232 0.346693 0.688032 0.350841 0.693010 0.354575 0.693632 0.350427 0.697988 0.347523 0.700166 0.342130 0.699233 0.340056 0.699233 0.339226 0.700477 0.335907 0.696121 0.335492 0.693943 0.332588
0 0.733146 0.454137 0.726612 0.456211 0.719145 0.454137 0.719145 0.453308 0.716656 0.450819 0.715723 0.446670 0.713233 0.446670 0.713545 0.449574 0.710744 0.449989 0.710433 0.447500 0.708255 0.445011 0.708566 0.441277 0.711989 0.443766 0.711989 0.438373 0.716034 0.434640 0.720389 0.435469 0.720389 0.436299 0.724745 0.438373 0.727857 0.442937 0.727857 0.445426 0.727234 0.446670 0.721323 0.448329 0.720701 0.448744 0.720389 0.449989 0.723812 0.452893 0.725679 0.453308
0 0.765815 0.392326 0.762703 0.395644 0.758659 0.396474 0.757725 0.404356 0.764570 0.412238 0.767370 0.410994 0.770171 0.410994 0.773282 0.412653 0.773282 0.409334 0.769548 0.397719
0 0.752436 0.415557 0.754303 0.402697 0.757414 0.389007 0.749636 0.389007 0.752436 0.386933 0.759592 0.387763 0.764259 0.387763 0.768304 0.386103 0.769237 0.382784 0.767993 0.378636 0.766748 0.376562 0.762392 0.376562 0.758348 0.377806 0.744347 0.387763 0.743413 0.401037 0.744035 0.410579 0.749947 0.414312
0 0.953116 0.437544 0.950938 0.435469 0.946893 0.434640 0.943160 0.437544 0.940982 0.442522 0.933826 0.445426 0.935070 0.450819 0.947516 0.453308 0.949071 0.456626 0.942538 0.458286 0.942538 0.460775 0.939426 0.461604 0.936004 0.463264 0.931337 0.463264 0.927603 0.459115 0.922936 0.459530 0.919203 0.455382 0.923870 0.455797 0.923870 0.445426 0.920758 0.437544 0.921070 0.433395 0.925425 0.434225 0.930092 0.418461 0.934448 0.418461 0.938804 0.416387 0.943782 0.415142 0.947516 0.419291 0.950938 0.420535 0.953427 0.418461 0.959650 0.419291 0.962450 0.420950 0.963695 0.420950 0.962450 0.416387 0.969917 0.410994 0.972406 0.413898 0.976762 0.417631 0.981118 0.415972 0.979562 0.420950 0.978629 0.429247 0.970228 0.435884 0.968673 0.440862 0.968984 0.457456 0.967428 0.459115 0.961517 0.447085 0.963383 0.442522 0.963383 0.440033 0.956850 0.440033
0 0.811719 0.485417 0.814063 0.486458 0.814844 0.487500 0.817187 0.497917 0.817187 0.498958 0.810156 0.503125 0.809375 0.504167 0.807031 0.504167 0.806250 0.505208 0.800781 0.504167 0.800000 0.504167 0.799219 0.502083 0.798438 0.501042 0.800000 0.493750 0.800000 0.492708 0.805469 0.488542 0.806250 0.487500 0.811719 0.485417
0 0.722656 0.507292 0.728906 0.510417 0.729688 0.510417 0.732812 0.514583 0.733594 0.515625 0.733594 0.522917 0.732812 0.523958 0.721094 0.521875 0.720313 0.521875 0.717969 0.518750 0.717187 0.517708 0.717969 0.512500 0.717969 0.511458 0.722656 0.507292
0 0.665625 0.535417 0.665625 0.563542 0.665625 0.564583 0.663281 0.572917 0.663281 0.573958 0.659375 0.579167 0.658594 0.580208 0.655469 0.581250 0.654687 0.581250 0.653125 0.580208 0.652344 0.579167 0.652344 0.577083 0.651563 0.576042 0.652344 0.571875 0.653125 0.570833 0.652344 0.559375 0.652344 0.558333 0.656250 0.559375 0.657031 0.560417 0.659375 0.558333 0.660156 0.557292 0.660937 0.551042 0.661719 0.550000 0.661719 0.539583 0.661719 0.538542 0.665625 0.535417
0 0.932813 0.632292 0.936719 0.633333 0.937500 0.634375 0.939063 0.640625 0.939844 0.641667 0.939844 0.646875 0.939844 0.647917 0.935937 0.652083 0.935156 0.653125 0.932813 0.653125 0.932031 0.653125 0.927344 0.656250 0.926562 0.656250 0.922656 0.666667 0.921875 0.667708 0.916406 0.666667 0.915625 0.666667 0.914062 0.664583 0.913281 0.663542 0.913281 0.660417 0.913281 0.659375 0.911719 0.656250 0.910937 0.655208 0.911719 0.646875 0.911719 0.645833 0.913281 0.643750 0.914062 0.642708 0.915625 0.642708 0.916406 0.641667 0.925000 0.641667 0.925781 0.641667 0.932813 0.632292
0 0.936719 0.573958 0.940625 0.575000 0.941406 0.575000 0.944531 0.579167 0.945312 0.580208 0.945312 0.582292 0.946094 0.583333 0.946094 0.590625 0.946094 0.591667 0.943750 0.603125 0.943750 0.604167 0.941406 0.606250 0.940625 0.607292 0.936719 0.607292 0.935937 0.607292 0.933594 0.604167 0.932813 0.603125 0.933594 0.595833 0.933594 0.594792 0.932813 0.590625 0.932031 0.589583 0.932031 0.582292 0.931250 0.581250 0.932031 0.579167 0.932031 0.578125 0.936719 0.573958
0 0.804688 0.681250 0.807813 0.681250 0.808594 0.681250 0.813281 0.689583 0.814063 0.690625 0.814063 0.696875 0.814063 0.697917 0.808594 0.703125 0.807813 0.704167 0.804688 0.703125 0.803906 0.702083 0.802344 0.697917 0.801562 0.696875 0.801562 0.692708 0.800781 0.691667 0.800781 0.687500 0.800781 0.686458 0.804688 0.681250
0 0.785937 0.661458 0.792188 0.661458 0.792969 0.661458 0.796094 0.663542 0.796875 0.664583 0.796875 0.672917 0.796875 0.673958 0.792188 0.679167 0.791406 0.680208 0.787500 0.679167 0.786719 0.679167 0.785156 0.675000 0.784375 0.673958 0.784375 0.666667 0.784375 0.665625 0.785937 0.661458
0 0.774219 0.729167 0.775781 0.729167 0.776563 0.729167 0.785156 0.735417 0.785937 0.736458 0.786719 0.742708 0.786719 0.743750 0.785156 0.745833 0.784375 0.746875 0.778906 0.746875 0.778125 0.746875 0.770312 0.738542 0.769531 0.737500 0.774219 0.729167
0 0.702344 0.746875 0.707031 0.746875 0.707812 0.746875 0.709375 0.751042 0.710156 0.752083 0.710156 0.758333 0.710156 0.759375 0.705469 0.765625 0.704688 0.766667 0.701562 0.766667 0.700781 0.766667 0.699219 0.764583 0.698438 0.763542 0.698438 0.760417 0.697656 0.759375 0.698438 0.753125 0.698438 0.752083 0.702344 0.746875
0 0.586719 0.678125 0.592969 0.680208 0.593750 0.680208 0.595313 0.685417 0.595313 0.686458 0.592969 0.688542 0.592187 0.689583 0.589063 0.689583 0.588281 0.690625 0.583594 0.688542 0.582812 0.688542 0.582031 0.683333 0.582031 0.682292 0.586719 0.678125
0 0.578125 0.769792 0.579688 0.769792 0.580469 0.769792 0.583594 0.772917 0.584375 0.772917 0.585938 0.778125 0.585938 0.779167 0.578125 0.787500 0.577344 0.788542 0.572656 0.791667 0.571875 0.791667 0.571875 0.777083 0.571875 0.776042 0.578125 0.769792
0 0.536719 0.796875 0.541406 0.796875 0.542188 0.797917 0.549219 0.819792 0.550000 0.820833 0.548438 0.826042 0.548438 0.827083 0.546094 0.830208 0.545312 0.831250 0.542969 0.830208 0.542188 0.830208 0.537500 0.821875 0.536719 0.820833 0.535937 0.811458 0.535156 0.810417 0.535156 0.801042 0.535156 0.800000 0.536719 0.796875
0 0.559375 0.634375 0.570312 0.636458 0.571094 0.636458 0.572656 0.637500 0.573438 0.638542 0.575000 0.642708 0.575000 0.643750 0.570312 0.644792 0.569531 0.644792 0.560937 0.642708 0.560156 0.642708 0.557031 0.639583 0.556250 0.638542 0.556250 0.637500 0.556250 0.636458 0.559375 0.634375
0 0.560156 0.614583 0.570312 0.618750 0.571094 0.618750 0.575000 0.621875 0.575781 0.621875 0.578125 0.625000 0.578906 0.626042 0.578906 0.631250 0.578906 0.632292 0.577344 0.633333 0.576562 0.634375 0.567187 0.633333 0.566406 0.633333 0.555469 0.623958 0.554688 0.623958 0.553906 0.621875 0.553906 0.620833 0.560156 0.614583
0 0.629687 0.644792 0.632812 0.646875 0.633594 0.646875 0.639062 0.654167 0.639062 0.655208 0.635938 0.656250 0.635156 0.656250 0.624219 0.653125 0.623437 0.653125 0.625000 0.648958 0.625000 0.647917 0.629687 0.644792
0 0.627344 0.630208 0.635156 0.631250 0.635938 0.631250 0.637500 0.632292 0.638281 0.633333 0.638281 0.637500 0.638281 0.638542 0.636719 0.639583 0.635938 0.640625 0.632812 0.640625 0.632031 0.641667 0.627344 0.640625 0.626563 0.640625 0.625781 0.635417 0.625781 0.634375 0.627344 0.630208
0 0.627679 0.727559 0.636253 0.724961 0.643268 0.724961 0.651842 0.727559 0.658858 0.726520 0.662755 0.726520 0.658858 0.719245 0.647945 0.715087 0.649504 0.716646 0.646386 0.718205 0.638201 0.717686 0.630017 0.719245 0.628458 0.723402 0.624561 0.722882 0.623781 0.726000
0 0.643658 0.765494 0.651453 0.769651 0.651842 0.767053 0.649894 0.758738 0.651842 0.756140 0.651842 0.750424 0.651063 0.746266 0.648335 0.746266 0.645996 0.742109 0.641319 0.748865 0.641319 0.756659 0.642878 0.760817
0 0.631576 0.762895 0.635473 0.767053 0.640150 0.768092 0.645217 0.772769 0.645606 0.769651 0.644437 0.767053 0.644437 0.766013 0.643658 0.766013 0.643268 0.765494 0.643268 0.761856 0.637032 0.758738 0.633914 0.758738
0 0.907813 0.843750 0.914062 0.846875 0.914844 0.847917 0.922656 0.846875 0.923438 0.846875 0.925781 0.848958 0.926562 0.848958 0.931250 0.854167 0.932031 0.855208 0.932813 0.861458 0.932813 0.862500 0.929688 0.864583 0.928906 0.865625 0.903125 0.865625 0.902344 0.865625 0.901563 0.864583 0.900781 0.863542 0.899219 0.854167 0.899219 0.853125 0.902344 0.847917 0.903125 0.846875 0.907813 0.843750
0 0.814844 0.845833 0.818750 0.845833 0.819531 0.845833 0.824219 0.850000 0.825000 0.851042 0.832031 0.852083 0.832812 0.852083 0.836719 0.855208 0.837500 0.855208 0.838281 0.862500 0.838281 0.863542 0.836719 0.864583 0.835938 0.865625 0.824219 0.865625 0.823438 0.866667 0.813281 0.866667 0.812500 0.866667 0.802344 0.864583 0.801562 0.864583 0.800781 0.862500 0.800781 0.861458 0.806250 0.854167 0.806250 0.853125 0.814844 0.845833
0 0.696094 0.835417 0.698438 0.836458 0.699219 0.836458 0.703125 0.842708 0.703906 0.843750 0.704688 0.847917 0.705469 0.848958 0.703906 0.856250 0.703906 0.857292 0.697656 0.857292 0.696875 0.857292 0.691406 0.852083 0.690625 0.851042 0.691406 0.842708 0.691406 0.841667 0.692969 0.838542 0.692969 0.837500 0.696094 0.835417
0 0.710156 0.851042 0.713281 0.851042 0.714063 0.851042 0.720313 0.857292 0.721094 0.857292 0.721094 0.863542 0.721094 0.864583 0.714063 0.865625 0.713281 0.866667 0.706250 0.865625 0.705469 0.865625 0.703906 0.858333 0.703906 0.857292 0.706250 0.853125 0.707031 0.852083 0.710156 0.851042
0 0.642188 0.854167 0.646094 0.854167 0.646875 0.854167 0.650000 0.857292 0.650781 0.857292 0.651563 0.859375 0.652344 0.860417 0.651563 0.863542 0.651563 0.864583 0.639062 0.865625 0.638281 0.865625 0.637500 0.862500 0.636719 0.861458 0.637500 0.859375 0.637500 0.858333 0.642188 0.854167
0 0.664844 0.845833 0.669531 0.846875 0.670312 0.846875 0.671875 0.848958 0.672656 0.850000 0.671875 0.854167 0.671875 0.855208 0.668750 0.856250 0.667969 0.857292 0.661719 0.856250 0.660937 0.856250 0.660156 0.853125 0.659375 0.852083 0.661719 0.847917 0.662500 0.846875 0.664844 0.845833
0 0.661976 0.861109 0.658468 0.856952 0.654181 0.854874 0.651063 0.856952 0.651063 0.862668 0.655350 0.866826 0.683021 0.866826 0.682242 0.864227 0.676786 0.864227 0.671329 0.860590 0.665873 0.861629
0 0.678734 0.855913 0.674447 0.854874 0.674837 0.857992 0.675227 0.858511 0.675227 0.862668 0.675616 0.863708 0.678734 0.863708 0.681073 0.861629 0.681073 0.859031
0 0.557031 0.856250 0.562500 0.856250 0.563281 0.856250 0.567969 0.861458 0.568750 0.862500 0.568750 0.864583 0.568750 0.865625 0.546875 0.865625 0.546094 0.865625 0.546875 0.859375 0.547656 0.858333 0.557031 0.856250
0 0.565320 0.807066 0.560254 0.809664 0.556746 0.812262 0.553628 0.817978 0.555967 0.820577 0.558305 0.826293 0.561813 0.829930 0.566490 0.827852 0.569607 0.825773 0.570777 0.820577 0.571556 0.813821 0.570777 0.809664
0 0.588705 0.834088 0.583248 0.833568 0.580130 0.838245 0.573895 0.842922 0.573895 0.843961 0.571556 0.846559 0.573895 0.851236 0.577792 0.846559 0.581689 0.845000 0.587925 0.840843
0 0.591433 0.861109 0.593381 0.866826 0.610920 0.866826 0.610530 0.864227 0.610920 0.851236 0.606243 0.854354 0.600787 0.856433 0.600397 0.856952 0.595720 0.857992
0 0.562500 0.684375 0.564844 0.684375 0.565625 0.684375 0.568750 0.687500 0.569531 0.688542 0.570312 0.691667 0.571094 0.692708 0.570312 0.696875 0.569531 0.697917 0.558594 0.695833 0.557813 0.694792 0.559375 0.688542 0.559375 0.687500 0.562500 0.684375
0 0.668601 0.704694 0.665873 0.708852 0.665093 0.714048 0.664314 0.715607 0.656909 0.714048 0.654181 0.714568 0.650673 0.716127 0.645606 0.714568 0.643268 0.715087 0.643268 0.717166 0.638201 0.717166 0.637422 0.708852 0.635084 0.700537 0.631186 0.696380 0.630796 0.694301 0.631576 0.694301 0.634694 0.692223 0.633914 0.687026 0.632745 0.683908 0.639371 0.678712 0.645606 0.679231 0.644437 0.685467 0.641319 0.686506 0.643268 0.697419 0.645606 0.699498 0.650673 0.701576 0.657688 0.698978 0.663924 0.697939 0.667432 0.696380
0 0.544531 0.577083 0.550000 0.579167 0.550781 0.579167 0.550781 0.580208 0.550781 0.581250 0.554688 0.585417 0.555469 0.586458 0.554688 0.592708 0.554688 0.593750 0.550781 0.597917 0.550000 0.598958 0.544531 0.598958 0.543750 0.598958 0.542188 0.596875 0.541406 0.595833 0.540625 0.581250 0.540625 0.580208 0.544531 0.577083
0 0.605469 0.575000 0.609375 0.575000 0.610156 0.575000 0.613281 0.577083 0.614062 0.578125 0.614844 0.581250 0.614844 0.582292 0.612500 0.586458 0.611719 0.587500 0.604688 0.588542 0.603906 0.588542 0.601562 0.586458 0.600781 0.585417 0.600781 0.580208 0.600781 0.579167 0.605469 0.575000
0 0.650000 0.525000 0.652344 0.527083 0.653125 0.527083 0.655469 0.530208 0.656250 0.531250 0.656250 0.533333 0.656250 0.534375 0.653906 0.539583 0.653125 0.540625 0.649219 0.542708 0.648438 0.542708 0.646875 0.541667 0.646094 0.541667 0.641406 0.534375 0.640625 0.533333 0.641406 0.531250 0.642188 0.530208 0.650000 0.525000
0 0.558361 0.594628 0.562410 0.599127 0.561398 0.602277 0.559373 0.604077 0.557348 0.604977 0.554986 0.602277 0.553974 0.597328 0.553974 0.594628
0 0.556673 0.588778 0.558023 0.589678 0.560723 0.589678 0.566460 0.585629 0.566460 0.583379 0.564098 0.582929 0.562073 0.579329 0.565448 0.579779 0.564773 0.578429 0.562073 0.577079 0.561061 0.575729 0.558698 0.575729 0.555661 0.573480 0.551274 0.575279 0.550262 0.580679 0.553974 0.583829
0 0.538113 0.580679 0.536763 0.583379 0.533725 0.583829 0.533051 0.587878 0.533051 0.592378 0.542837 0.597328 0.541150 0.581579
0 0.498629 0.630625 0.503016 0.633324 0.507065 0.633324 0.510777 0.630625 0.511790 0.629275 0.508078 0.624775 0.504703 0.622525 0.504028 0.622525 0.502341 0.624775 0.498966 0.624325
0 0.508078 0.637824 0.510103 0.640524 0.512127 0.642324 0.517189 0.641874 0.518877 0.639624 0.519214 0.637374 0.520227 0.634674 0.520902 0.634674 0.521577 0.631075 0.519214 0.631075 0.518539 0.632874 0.512127 0.633324
0 0.482430 0.667071 0.478043 0.665272 0.474331 0.665721 0.472643 0.667521 0.472306 0.671121 0.470281 0.674271 0.470619 0.675621 0.471294 0.675621 0.476693 0.679220 0.477368 0.676971 0.480743 0.676971 0.480405 0.675171 0.480068 0.671571
0 0.490264 0.596141 0.491861 0.597205 0.497849 0.591882 0.495853 0.585495 0.497051 0.582834 0.492260 0.581769 0.491063 0.578576 0.487869 0.579640 0.485873 0.581237 0.484675 0.583898 0.484675 0.586560 0.486671 0.589221 0.487470 0.592415
0 0.479692 0.561175 0.479286 0.557930 0.471173 0.550899 0.468740 0.549817 0.467523 0.546031 0.459004 0.547654 0.465494 0.553603 0.469956 0.556308 0.472390 0.560634 0.475230 0.561175
0 0.387030 0.514854 0.378419 0.513666 0.376044 0.514458 0.376044 0.522376 0.380201 0.523959 0.384655 0.523959 0.387030 0.524751 0.385842 0.528314 0.389405 0.531877 0.392672 0.531877 0.392969 0.529502 0.394453 0.529106 0.395938 0.525939 0.392969 0.521980 0.392375 0.521980 0.389405 0.515645
0 0.487984 0.597596 0.485312 0.601159 0.483827 0.604723 0.479670 0.610661 0.481155 0.612245 0.485312 0.612641 0.486500 0.612245 0.489172 0.613036 0.492141 0.613036 0.494814 0.606306 0.498080 0.602743 0.497189 0.597596 0.494814 0.596409 0.491250 0.597201
0 0.560137 0.660940 0.562809 0.664503 0.568748 0.670838 0.567560 0.673213 0.566669 0.673609 0.563106 0.672817 0.561028 0.670442 0.558355 0.670442 0.554495 0.660940
0 0.457104 0.693008 0.457104 0.690237 0.455026 0.687465 0.453244 0.689445 0.451166 0.689841 0.449978 0.692216 0.452353 0.695383 0.451166 0.700530 0.450869 0.703697 0.449681 0.704885 0.454729 0.705281 0.455916 0.702906 0.457995 0.702114 0.461855 0.706073 0.464230 0.706073 0.463933 0.702114 0.465121 0.701322 0.466309 0.697759 0.463043 0.695383 0.461558 0.693404
0 0.351102 0.683506 0.359416 0.687070 0.363870 0.685486 0.367136 0.688257 0.377529 0.691424 0.376935 0.687070 0.376341 0.687070 0.374559 0.685090 0.372184 0.685090 0.370402 0.682319 0.362385 0.682319 0.359713 0.680339 0.357931 0.680735 0.357338 0.681527 0.354071 0.681923
0 0.417910 0.675589 0.421770 0.678756 0.423849 0.683902 0.427115 0.690237 0.430381 0.692612 0.435429 0.694196 0.436913 0.690633 0.435132 0.689841 0.433647 0.686674 0.428896 0.682715 0.429490 0.679152 0.427412 0.675984 0.425036 0.674401
0 0.445227 0.644708 0.442852 0.644312 0.441961 0.639562 0.441070 0.639562 0.440476 0.638770 0.438101 0.638770 0.436320 0.640354 0.435726 0.644312 0.436023 0.645500 0.438101 0.649063 0.441070 0.652230 0.442555 0.650647 0.446415 0.649063
0 0.338928 0.639562 0.337741 0.638770 0.336553 0.643125 0.339819 0.648667 0.343679 0.656585 0.347836 0.657773 0.351993 0.660148 0.353478 0.658565 0.351102 0.656189 0.349024 0.655398 0.349024 0.645500 0.347242 0.644708 0.347242 0.643521 0.346351 0.641937 0.342491 0.639166 0.341898 0.639166 0.341007 0.639166
0 0.410784 0.801880 0.408706 0.802276 0.406330 0.803860 0.405143 0.808215 0.406033 0.808215 0.407815 0.809402 0.396235 0.808611 0.398907 0.811778 0.400095 0.816133 0.397126 0.819300 0.400095 0.823259 0.400095 0.824051 0.402173 0.825634 0.406627 0.824446 0.409596 0.820883 0.410190 0.820883 0.414050 0.817320 0.414347 0.811778 0.411378 0.805839
0 0.403064 0.850972 0.405439 0.850972 0.405143 0.847013 0.404252 0.846221 0.404252 0.845033 0.405439 0.841866 0.403955 0.840283 0.403361 0.840283 0.400392 0.835532 0.397126 0.835532 0.397126 0.836323 0.397719 0.843054 0.398313 0.843054 0.398313 0.843846 0.400689 0.848596
0 0.332031 0.786458 0.339062 0.787500 0.339844 0.787500 0.344531 0.792708 0.345313 0.793750 0.345313 0.796875 0.345313 0.797917 0.341406 0.800000 0.340625 0.800000 0.332813 0.796875 0.332031 0.796875 0.331250 0.793750 0.330469 0.792708 0.330469 0.788542 0.330469 0.787500 0.332031 0.786458
0 0.153906 0.563542 0.165625 0.565625 0.166406 0.565625 0.170313 0.577083 0.170313 0.578125 0.173437 0.581250 0.174219 0.582292 0.175000 0.586458 0.175000 0.587500 0.174219 0.588542 0.173437 0.589583 0.167187 0.589583 0.166406 0.589583 0.153906 0.586458 0.153125 0.586458 0.151562 0.584375 0.150781 0.583333 0.149219 0.575000 0.149219 0.573958 0.150781 0.568750 0.150781 0.567708 0.153906 0.563542
0 0.085938 0.571875 0.091406 0.572917 0.092188 0.572917 0.096094 0.577083 0.096875 0.578125 0.098437 0.582292 0.099219 0.583333 0.100000 0.589583 0.100000 0.590625 0.096875 0.595833 0.096094 0.596875 0.092969 0.608333 0.092188 0.609375 0.086719 0.601042 0.086719 0.600000 0.080469 0.592708 0.079687 0.591667 0.082031 0.577083 0.082031 0.576042 0.085938 0.571875
0 0.071094 0.582292 0.073438 0.583333 0.074219 0.583333 0.075781 0.586458 0.076563 0.587500 0.076563 0.595833 0.076563 0.596875 0.075000 0.600000 0.075000 0.601042 0.074219 0.602083 0.073438 0.603125 0.068633 0.601607 0.065806 0.599605 0.060156 0.601042 0.059375 0.601042 0.058594 0.600000 0.057813 0.596360 0.064829 0.593754 0.065218 0.589075 0.071094 0.582292
0 0.164062 0.671875 0.165625 0.671875 0.166406 0.671875 0.171094 0.676042 0.171875 0.677083 0.172656 0.679167 0.173437 0.680208 0.173437 0.685417 0.173437 0.686458 0.170313 0.691667 0.169531 0.692708 0.167187 0.693750 0.166406 0.694792 0.161719 0.694792 0.160938 0.694792 0.157031 0.690625 0.156250 0.689583 0.156250 0.686458 0.156250 0.685417 0.157812 0.681250 0.157812 0.680208 0.164062 0.671875
0 0.351562 0.777083 0.355469 0.777083 0.356250 0.777083 0.362500 0.780208 0.363281 0.781250 0.366406 0.781250 0.367188 0.781250 0.369531 0.784375 0.369531 0.785417 0.368750 0.786458 0.368750 0.787500 0.362500 0.791667 0.361719 0.792708 0.346875 0.790625 0.346094 0.790625 0.345313 0.789583 0.344531 0.788542 0.345313 0.785417 0.345313 0.784375 0.351562 0.777083
0 0.371875 0.779167 0.379688 0.779167 0.380469 0.779167 0.381250 0.786458 0.381250 0.787500 0.378906 0.788542 0.378125 0.789583 0.371875 0.789583 0.371094 0.789583 0.369531 0.787500 0.368750 0.786458 0.368750 0.783333 0.368750 0.782292 0.371875 0.779167
0 0.322656 0.672917 0.325000 0.672917 0.325781 0.672917 0.328125 0.679167 0.328125 0.680208 0.327344 0.682292 0.326562 0.683333 0.321094 0.684375 0.320312 0.684375 0.316406 0.679167 0.316406 0.678125 0.322656 0.672917
0 0.314844 0.680208 0.317188 0.681250 0.317969 0.682292 0.319531 0.688542 0.319531 0.689583 0.318750 0.690625 0.318750 0.691667 0.314063 0.693750 0.313281 0.693750 0.311719 0.691667 0.310937 0.690625 0.310156 0.685417 0.310156 0.684375 0.314844 0.680208
0 0.284375 0.688542 0.292187 0.688542 0.292969 0.688542 0.298438 0.692708 0.299219 0.693750 0.304688 0.695833 0.305469 0.695833 0.305469 0.697917 0.306250 0.698958 0.304688 0.702083 0.304688 0.703125 0.302344 0.705208 0.301563 0.706250 0.291406 0.707292 0.290625 0.707292 0.288281 0.701042 0.287500 0.700000 0.280469 0.696875 0.279687 0.695833 0.281250 0.691667 0.281250 0.690625 0.284375 0.688542
0 0.277344 0.635417 0.280469 0.635417 0.281250 0.635417 0.288281 0.641667 0.288281 0.642708 0.284375 0.645833 0.283594 0.646875 0.275000 0.644792 0.274219 0.644792 0.267100 0.643251 0.273438 0.640625 0.277344 0.635417
0 0.275000 0.644792 0.278906 0.647917 0.279687 0.648958 0.279687 0.656250 0.280469 0.657292 0.279687 0.659375 0.279687 0.660417 0.276562 0.663542 0.275781 0.664583 0.271094 0.661458 0.270313 0.660417 0.270313 0.656250 0.270313 0.655208 0.275000 0.644792
0 0.301563 0.586458 0.311719 0.586458 0.312500 0.586458 0.314844 0.587500 0.315625 0.587500 0.317188 0.590625 0.317188 0.591667 0.315625 0.593750 0.314844 0.594792 0.298438 0.594792 0.297656 0.594792 0.293750 0.591667 0.292969 0.590625 0.293750 0.589583 0.294531 0.588542 0.301563 0.586458
0 0.294531 0.596875 0.298438 0.597917 0.299219 0.597917 0.303125 0.602083 0.303906 0.603125 0.304688 0.607292 0.304688 0.608333 0.303906 0.609375 0.303125 0.610417 0.297656 0.612500 0.296875 0.612500 0.294531 0.611458 0.293750 0.611458 0.290625 0.607292 0.289844 0.607292 0.289062 0.603125 0.289062 0.602083 0.294531 0.596875
0 0.313281 0.550000 0.327344 0.551042 0.328125 0.551042 0.330469 0.552083 0.331250 0.552083 0.332031 0.555208 0.332031 0.556250 0.329688 0.559375 0.328906 0.560417 0.321875 0.560417 0.321094 0.560417 0.314844 0.564583 0.314063 0.564583 0.311719 0.562500 0.310937 0.562500 0.309375 0.557292 0.308594 0.556250 0.309375 0.553125 0.309375 0.552083 0.313281 0.550000
0 0.314584 0.566744 0.305870 0.576249 0.304286 0.578890 0.301513 0.587867 0.307454 0.582586 0.311019 0.584171 0.313395 0.582586 0.312999 0.579418 0.315772 0.578890 0.315772 0.574665
0 0.301117 0.536642 0.301117 0.543508 0.303890 0.547732 0.303890 0.551957 0.300721 0.551957 0.297552 0.557238 0.298741 0.563047 0.301117 0.562519 0.303890 0.568856 0.308246 0.572553 0.313791 0.566744 0.313791 0.563575 0.310623 0.560935 0.309039 0.557766 0.308643 0.555126 0.309039 0.551957 0.311019 0.549845 0.311415 0.547204 0.315376 0.546148 0.310227 0.540867 0.305474 0.537698
0 0.269432 0.567272 0.270224 0.573609 0.272600 0.583643 0.276561 0.587339 0.278937 0.585755 0.280125 0.581530 0.286463 0.583114 0.289631 0.587867 0.293988 0.587867 0.296760 0.584171 0.293196 0.572553 0.284086 0.566744 0.281710 0.568856 0.277353 0.570968 0.275769 0.568328 0.275769 0.564631 0.272996 0.564631
0 0.417969 0.786458 0.420312 0.786458 0.421094 0.786458 0.421875 0.787500 0.422656 0.788542 0.422656 0.791667 0.422656 0.792708 0.421875 0.793750 0.421875 0.794792 0.415625 0.795833 0.414844 0.795833 0.414844 0.789583 0.414844 0.788542 0.417969 0.786458
0 0.414789 0.838184 0.411621 0.837127 0.410036 0.841352 0.406472 0.840824 0.408452 0.847161 0.411225 0.846105 0.412809 0.851914 0.414789 0.851914 0.418354 0.847161 0.417958 0.840296
0 0.415625 0.498958 0.420312 0.501042 0.421094 0.502083 0.420312 0.506250 0.420312 0.507292 0.414844 0.514583 0.414062 0.515625 0.409375 0.514583 0.408594 0.514583 0.407813 0.512500 0.407031 0.511458 0.407031 0.507292 0.407031 0.506250 0.408594 0.504167 0.408594 0.503125 0.411719 0.502083 0.412500 0.502083 0.415625 0.498958
0 0.547656 0.544792 0.557031 0.545833 0.557813 0.545833 0.558594 0.555208 0.558594 0.556250 0.556250 0.561458 0.555469 0.562500 0.552344 0.562500 0.551562 0.562500 0.546875 0.553125 0.546094 0.552083 0.545312 0.548958 0.544531 0.547917 0.547656 0.544792
0 0.403906 0.532292 0.408594 0.532292 0.409375 0.532292 0.410156 0.533333 0.410938 0.534375 0.410156 0.539583 0.410156 0.540625 0.408594 0.541667 0.407813 0.542708 0.404687 0.542708 0.403906 0.543750 0.397656 0.541667 0.396875 0.541667 0.396875 0.538542 0.396875 0.537500 0.403906 0.532292
0 0.461548 0.564992 0.459738 0.565394 0.459436 0.570222 0.455815 0.569015 0.455513 0.571027 0.455815 0.572234 0.458229 0.574245 0.461246 0.575855 0.464565 0.575855 0.464565 0.567406
0 0.484207 0.630127 0.481241 0.631445 0.474651 0.635839 0.473333 0.641550 0.470368 0.645065 0.472015 0.652534 0.475969 0.652534 0.480912 0.651655 0.480253 0.647701 0.479923 0.639353 0.481571 0.638475 0.484866 0.638475 0.486513 0.636278
0 0.286174 0.658684 0.288151 0.660442 0.291117 0.659563 0.293753 0.654730 0.290788 0.652534 0.289470 0.651655 0.286174 0.651655 0.283538 0.652534 0.283538 0.656927
0 0.299355 0.667910 0.304627 0.670986 0.307263 0.670546 0.308910 0.667032 0.311217 0.666592 0.311876 0.665714 0.312535 0.665714 0.313523 0.664835 0.311217 0.663078 0.309240 0.662638 0.302320 0.665714
0 0.399195 0.777306 0.399854 0.779063 0.404467 0.780821 0.403478 0.777306 0.404796 0.775988 0.405455 0.773352 0.402819 0.772473 0.401172 0.772034 0.401831 0.770716 0.399524 0.770277 0.398865 0.773352
0 0.496094 0.667708 0.497656 0.667708 0.498437 0.667708 0.500781 0.670833 0.501563 0.671875 0.500781 0.675000 0.500781 0.676042 0.498437 0.678125 0.497656 0.679167 0.495312 0.676042 0.494531 0.675000 0.494531 0.670833 0.494531 0.669792 0.496094 0.667708
0 0.589844 0.629167 0.593750 0.629167 0.594531 0.629167 0.597656 0.631250 0.598437 0.631250 0.600000 0.634375 0.600781 0.635417 0.600000 0.639583 0.600000 0.640625 0.596094 0.641667 0.595313 0.642708 0.589063 0.641667 0.588281 0.641667 0.587500 0.640625 0.586719 0.639583 0.586719 0.635417 0.586719 0.634375 0.589844 0.629167
0 0.717187 0.740625 0.728906 0.746875 0.729688 0.746875 0.735938 0.752083 0.736719 0.752083 0.737500 0.755208 0.737500 0.756250 0.727344 0.757292 0.726562 0.757292 0.720313 0.754167 0.719531 0.754167 0.718750 0.753125 0.717969 0.752083 0.717187 0.740625
0 0.664062 0.770833 0.667969 0.770833 0.668750 0.770833 0.671094 0.772917 0.671875 0.772917 0.672656 0.778125 0.672656 0.779167 0.671875 0.780208 0.671094 0.781250 0.667969 0.781250 0.667188 0.781250 0.664844 0.779167 0.664062 0.779167 0.664062 0.770833
0 0.767188 0.641667 0.769531 0.642708 0.770312 0.642708 0.770312 0.647917 0.770312 0.648958 0.767969 0.652083 0.767188 0.653125 0.762500 0.654167 0.761719 0.654167 0.757812 0.651042 0.757031 0.650000 0.757031 0.647917 0.757031 0.646875 0.767188 0.641667
0 0.750781 0.638542 0.752344 0.640625 0.753125 0.641667 0.753125 0.645833 0.753125 0.646875 0.748437 0.654167 0.748437 0.655208 0.745313 0.657292 0.744531 0.657292 0.743750 0.653125 0.743750 0.652083 0.745313 0.647917 0.745313 0.646875 0.746875 0.643750 0.746875 0.642708 0.750781 0.638542
0 0.818750 0.662500 0.825000 0.662500 0.825781 0.662500 0.826562 0.668750 0.826562 0.669792 0.823438 0.677083 0.823438 0.678125 0.818750 0.684375 0.817969 0.685417 0.814063 0.685417 0.813281 0.685417 0.808594 0.680208 0.807813 0.680208 0.807813 0.675000 0.807813 0.673958 0.813281 0.666667 0.814063 0.665625 0.818750 0.662500
0 0.614025 0.847356 0.614967 0.851962 0.619050 0.854475 0.622505 0.855312 0.623133 0.851962 0.620935 0.846519
0 0.511013 0.609506 0.515410 0.609506 0.517922 0.608669 0.516980 0.597363 0.511955 0.596525 0.508186 0.599038 0.507558 0.600713 0.514468 0.601550 0.513525 0.605738 0.511955 0.606156
0 0.387586 0.552556 0.383504 0.556325 0.381619 0.558838 0.381619 0.566375 0.384132 0.566375 0.388529 0.560513
0 0.592796 0.810434 0.591751 0.810434 0.590183 0.811479 0.588354 0.811479 0.591751 0.819492 0.594625 0.817402 0.595148 0.813221
0 0.679688 0.484375 0.681250 0.484375 0.682031 0.484375 0.683594 0.488542 0.684375 0.489583 0.684375 0.496875 0.684375 0.497917 0.682031 0.504167 0.681250 0.505208 0.679688 0.504167 0.678906 0.503125 0.677344 0.495833 0.676562 0.494792 0.676562 0.490625 0.676562 0.489583 0.679688 0.484375
0 0.707812 0.497917 0.710938 0.498958 0.711719 0.500000 0.714844 0.508333 0.714844 0.509375 0.717187 0.511458 0.717969 0.512500 0.717187 0.513542 0.717187 0.514583 0.714063 0.514583 0.713281 0.514583 0.710156 0.512500 0.709375 0.511458 0.703125 0.509375 0.702344 0.508333 0.701562 0.502083 0.701562 0.501042 0.707812 0.497917
0 0.758594 0.506250 0.760156 0.506250 0.760938 0.506250 0.764844 0.510417 0.765625 0.511458 0.767188 0.520833 0.767969 0.521875 0.767188 0.525000 0.767188 0.526042 0.764062 0.526042 0.763281 0.526042 0.760156 0.520833 0.759375 0.519792 0.753906 0.516667 0.753125 0.515625 0.752344 0.513542 0.752344 0.512500 0.758594 0.506250
0 0.683938 0.566116 0.682170 0.568866 0.682465 0.572008 0.683349 0.574365 0.683938 0.580257 0.688062 0.581042 0.688946 0.579471 0.691303 0.577900 0.690419 0.571616 0.687473 0.567688 0.686589 0.564545 0.688062 0.562581 0.688357 0.559439 0.689535 0.558653 0.688357 0.555511 0.686589 0.553940 0.684822 0.553940 0.683349 0.556689 0.680403 0.555511 0.683054 0.560225 0.683054 0.561010
0 0.702883 0.481972 0.706533 0.481972 0.708966 0.486838 0.710791 0.486838 0.711095 0.485622 0.710791 0.481972 0.711095 0.475483 0.708966 0.474672 0.706533 0.475483 0.704099 0.475483 0.702883 0.478727
0 0.700145 0.489677 0.699233 0.491705 0.700449 0.493327 0.709270 0.492922 0.709270 0.490894 0.705316 0.487650 0.703795 0.485622 0.701362 0.484405 0.700449 0.484405 0.698016 0.486027
0 0.829214 0.658874 0.832086 0.663129 0.836873 0.665256 0.838788 0.663129 0.842937 0.664831 0.843575 0.661853 0.843575 0.658448 0.842299 0.656321 0.838469 0.657597 0.835597 0.656321 0.832086 0.656321
0 0.877722 0.716317 0.878041 0.722699 0.882509 0.723125 0.884104 0.720572 0.887296 0.720572 0.889529 0.716742 0.889529 0.713764 0.888891 0.711636 0.887615 0.710360 0.886019 0.710360 0.884423 0.709509 0.881870 0.709934
0 0.810386 0.761846 0.808471 0.765675 0.809109 0.765675 0.809109 0.767377 0.812939 0.765250 0.815811 0.766101 0.818683 0.760995 0.824427 0.760995 0.828257 0.757591 0.830810 0.754612 0.830491 0.750357 0.827619 0.751208 0.819960 0.756314 0.814215 0.756740 0.811981 0.757591 0.811981 0.758867
0 0.063319 0.866716 0.083171 0.866716 0.082355 0.865266 0.080451 0.864178 0.078004 0.863815 0.077732 0.863090 0.075285 0.861640 0.075285 0.854026 0.071749 0.853300 0.068214 0.851125 0.066310 0.851125 0.064679 0.851850 0.064135 0.849312 0.058696 0.849674 0.057064 0.851125 0.056521 0.854751 0.057608 0.858377 0.061687 0.858739 0.063863 0.863815
0 0.069574 0.833358 0.071205 0.837346 0.071477 0.840247 0.073925 0.842785 0.072837 0.846049 0.072565 0.848949 0.077460 0.852213 0.089154 0.855113 0.092145 0.855476 0.093777 0.852938 0.095680 0.852213 0.095680 0.848587 0.094321 0.844961 0.091329 0.846049 0.090241 0.843510 0.088066 0.843510 0.085890 0.845323 0.083715 0.849312 0.080995 0.848587 0.079908 0.845323 0.078548 0.844598 0.078276 0.842060 0.076372 0.838797 0.074197 0.837709 0.073381 0.834808 0.071749 0.833720
0 0.114172 0.831908 0.113900 0.838434 0.114172 0.844236 0.120155 0.847136 0.122331 0.847136 0.122603 0.846411 0.121787 0.844598 0.120427 0.843510 0.120427 0.842785 0.119611 0.842060 0.119067 0.838434 0.122331 0.838434 0.121243 0.836621 0.119611 0.835896 0.117436 0.831908
0 0.142187 0.781250 0.145313 0.781250 0.146094 0.781250 0.148438 0.784375 0.149219 0.785417 0.150000 0.788542 0.150781 0.789583 0.150781 0.795833 0.151562 0.796875 0.150781 0.804167 0.150000 0.805208 0.148438 0.802083 0.148438 0.801042 0.140625 0.792708 0.139844 0.791667 0.139844 0.785417 0.139844 0.784375 0.142187 0.781250
0 0.146269 0.712015 0.147348 0.717051 0.148967 0.718849 0.158948 0.719928 0.161376 0.717410 0.161376 0.711295 0.166502 0.711295 0.170009 0.709497 0.171897 0.706619 0.171897 0.705181 0.167581 0.704821 0.164614 0.705181 0.161646 0.706619 0.157060 0.706619 0.154902 0.709497 0.151125 0.709857
0 0.252588 0.693038 0.249802 0.693781 0.250917 0.711236 0.248688 0.713465 0.251474 0.716064 0.255373 0.709751 0.254816 0.706779 0.254816 0.702694 0.254259 0.702694 0.255095 0.695638
0 0.524544 0.612639 0.521281 0.614647 0.521029 0.618664 0.518519 0.621342 0.516511 0.624354 0.518770 0.628036 0.523791 0.627032 0.522787 0.625693 0.522787 0.623685 0.523791 0.621007 0.525297 0.620672 0.526050 0.622011 0.529063 0.620003 0.527807 0.617994 0.526050 0.616321
0 0.513498 0.615651 0.510486 0.614982 0.508980 0.615986 0.508478 0.617660 0.508227 0.621342 0.510737 0.623015 0.512996 0.623015
0 0.380189 0.700936 0.386247 0.701638 0.389934 0.701287 0.391778 0.700234 0.391778 0.697424 0.392568 0.697424 0.389144 0.693561 0.386247 0.693210 0.386247 0.690401 0.381506 0.691103 0.379663 0.692508 0.377556 0.696020 0.380453 0.696020 0.381770 0.697073
0 0.396782 0.747291 0.398626 0.750802 0.402313 0.749749 0.402576 0.747291 0.402050 0.747642 0.404157 0.746939 0.404157 0.744130 0.399943 0.743779
0 0.286904 0.842380 0.289335 0.844001 0.290794 0.844001 0.293712 0.841408 0.296629 0.840435 0.298574 0.841732 0.301492 0.842704 0.303680 0.841732 0.305139 0.837842 0.304896 0.835249 0.303923 0.833952 0.302221 0.833303 0.298331 0.833303 0.298574 0.834924 0.297602 0.836221 0.290308 0.836221 0.286175 0.838166
0 0.291767 0.854699 0.295900 0.858265 0.297359 0.860534 0.297359 0.863776 0.300276 0.863776 0.300276 0.865721 0.302708 0.867017 0.302951 0.864424 0.305868 0.864748 0.307327 0.866045 0.306841 0.861831 0.309272 0.860858 0.309515 0.859237 0.309272 0.858589 0.307327 0.857292 0.303437 0.855671 0.301492 0.853078 0.300763 0.850485 0.300276 0.844649 0.296872 0.843677 0.295657 0.842704 0.293226 0.844001 0.291767 0.846919
0 0.616923 0.627263 0.613934 0.634349 0.615595 0.634792 0.621241 0.634792 0.621906 0.631249 0.623566 0.630806 0.623566 0.627263 0.622238 0.625492 0.620577 0.625492
0 0.470111 0.527769 0.464509 0.527769 0.464509 0.526012 0.462203 0.526451 0.459567 0.527769 0.457260 0.531723 0.460555 0.533920 0.464839 0.533041 0.470770 0.533480 0.470770 0.531723 0.475713 0.531723 0.477360 0.528208 0.476701 0.526012 0.474065 0.526451
0 0.621354 0.663086 0.612457 0.674948 0.611798 0.683734 0.614764 0.684174 0.615093 0.679780 0.620695 0.683295 0.623001 0.682416 0.623331 0.678902 0.621683 0.676266 0.620695 0.676266 0.617729 0.674508 0.620036 0.670554 0.622342 0.670554 0.623660 0.667040 0.624978 0.667479 0.623990 0.664843
0 0.774219 0.434375 0.775000 0.434375 0.775781 0.434375 0.777344 0.437500 0.778125 0.438542 0.780469 0.447917 0.781250 0.448958 0.780469 0.454167 0.779687 0.455208 0.775781 0.454167 0.775000 0.454167 0.771094 0.450000 0.770312 0.448958 0.769531 0.445833 0.768750 0.444792 0.768750 0.440625 0.768750 0.439583 0.774219 0.434375
0 0.427344 0.301042 0.432031 0.301042 0.432812 0.301042 0.435156 0.303125 0.435937 0.304167 0.435937 0.306250 0.435937 0.307292 0.432031 0.311458 0.431250 0.312500 0.425000 0.312500 0.424219 0.312500 0.417187 0.308333 0.416406 0.308333 0.417969 0.306250 0.418750 0.305208 0.427344 0.301042
0 0.407031 0.267708 0.409375 0.267708 0.410156 0.267708 0.412500 0.269792 0.413281 0.270833 0.413281 0.271875 0.413281 0.272917 0.410938 0.276042 0.410156 0.277083 0.400781 0.282292 0.400000 0.283333 0.393750 0.283333 0.392969 0.283333 0.391406 0.273958 0.392188 0.272917 0.399219 0.273958 0.400000 0.273958 0.407031 0.267708
0 0.396875 0.212500 0.400000 0.212500 0.400781 0.212500 0.401562 0.217708 0.401562 0.218750 0.400781 0.221875 0.400000 0.222917 0.392969 0.228125 0.392188 0.229167 0.390625 0.227083 0.389844 0.226042 0.390625 0.220833 0.390625 0.219792 0.393750 0.215625 0.393750 0.214583 0.396875 0.212500
0 0.502344 0.230208 0.504687 0.230208 0.505469 0.230208 0.507812 0.232292 0.508594 0.232292 0.510938 0.235417 0.511719 0.236458 0.510938 0.238542 0.510938 0.239583 0.509375 0.240625 0.508594 0.240625 0.498437 0.235417 0.497656 0.235417 0.498437 0.233333 0.498437 0.232292 0.502344 0.230208
0 0.477344 0.288542 0.478906 0.288542 0.479687 0.288542 0.481250 0.293750 0.482031 0.294792 0.482031 0.304167 0.482031 0.305208 0.479687 0.307292 0.478906 0.308333 0.474219 0.305208 0.473438 0.305208 0.468750 0.298958 0.467969 0.298958 0.470313 0.296875 0.471094 0.296875 0.477344 0.288542
0 0.335156 0.226042 0.338281 0.226042 0.339062 0.226042 0.341406 0.228125 0.342187 0.229167 0.342187 0.237500 0.342187 0.238542 0.334375 0.235417 0.333594 0.234375 0.332813 0.230208 0.332813 0.229167 0.335156 0.226042
0 0.243750 0.273958 0.246094 0.275000 0.246875 0.275000 0.248438 0.278125 0.249219 0.279167 0.248438 0.288542 0.247656 0.289583 0.241406 0.289583 0.240625 0.289583 0.239063 0.288542 0.238281 0.288542 0.236719 0.285417 0.235937 0.284375 0.237500 0.280208 0.237500 0.279167 0.243750 0.273958
0 0.276562 0.261458 0.281250 0.262500 0.282031 0.262500 0.282031 0.269792 0.281250 0.270833 0.278906 0.271875 0.278125 0.271875 0.274219 0.269792 0.273438 0.268750 0.273438 0.265625 0.273438 0.264583 0.276562 0.261458
0 0.216406 0.331250 0.218750 0.332292 0.219531 0.332292 0.221875 0.338542 0.222656 0.339583 0.220312 0.347917 0.220312 0.348958 0.217188 0.346875 0.216406 0.346875 0.212500 0.340625 0.211719 0.339583 0.211719 0.337500 0.211719 0.336458 0.216406 0.331250
0 0.603125 0.490625 0.610938 0.491667 0.611719 0.491667 0.611719 0.496875 0.611719 0.497917 0.607812 0.501042 0.607031 0.502083 0.600000 0.505208 0.599219 0.505208 0.594531 0.510417 0.593750 0.511458 0.587500 0.512500 0.586719 0.512500 0.586719 0.504167 0.586719 0.503125 0.596094 0.494792 0.596875 0.493750 0.603125 0.490625
0 0.576562 0.595833 0.585938 0.596875 0.586719 0.596875 0.590625 0.601042 0.591406 0.602083 0.590625 0.604167 0.590625 0.605208 0.585156 0.608333 0.584375 0.609375 0.580469 0.608333 0.579688 0.608333 0.574219 0.602083 0.573438 0.601042 0.573438 0.597917 0.573438 0.596875 0.576562 0.595833
0 0.446839 0.567206 0.444245 0.567206 0.443596 0.570665 0.441650 0.576718 0.440353 0.576718 0.441650 0.581042 0.447812 0.582772 0.451054 0.582772 0.452351 0.579313 0.450730 0.575854 0.450730 0.574124 0.451703 0.574124 0.452027 0.571530 0.449109 0.569801
0 0.467592 0.556830 0.465647 0.558559 0.463701 0.558559 0.463701 0.562450 0.464674 0.563747 0.470835 0.565909 0.470835 0.562018 0.470187 0.557262
0 0.486725 0.568071 0.486725 0.565477 0.489643 0.564612 0.488346 0.559856 0.487049 0.558559 0.486400 0.556397 0.483158 0.556397 0.481860 0.557262 0.481860 0.560289 0.480239 0.562450 0.482509 0.566342
0 0.413439 0.616929 0.414736 0.622982 0.415060 0.627738 0.418303 0.629035 0.418303 0.623846 0.419600 0.622549 0.426085 0.626008 0.426085 0.621685 0.423491 0.620387 0.422194 0.619090 0.421545 0.615631 0.419924 0.615631
0 0.396252 0.632494 0.401440 0.634223 0.401440 0.633358 0.404035 0.632061 0.409223 0.632061 0.408574 0.628602 0.407926 0.628170 0.407602 0.623846 0.406629 0.620387 0.402738 0.619090 0.401116 0.619090 0.400143 0.616929 0.398198 0.618658 0.398522 0.619523 0.396252 0.619955
0 0.855469 0.683333 0.870313 0.684375 0.871094 0.684375 0.872656 0.687500 0.873437 0.688542 0.861719 0.694792 0.860938 0.694792 0.852344 0.702083 0.851562 0.702083 0.849219 0.700000 0.848437 0.700000 0.846875 0.696875 0.846094 0.695833 0.846094 0.692708 0.846094 0.691667 0.849219 0.686458 0.850000 0.685417 0.855469 0.683333
0 0.851100 0.615131 0.854502 0.621028 0.858245 0.623750 0.863008 0.625111 0.864028 0.627379 0.868111 0.629193 0.867090 0.623750 0.871853 0.623750 0.874235 0.622389 0.874915 0.620121 0.885802 0.620121 0.889545 0.622843 0.888524 0.617853 0.885122 0.617399 0.885122 0.616492 0.880699 0.615131 0.870833 0.615131 0.859605 0.609234 0.855183 0.609687 0.852801 0.610595
0 0.924219 0.536458 0.928906 0.536458 0.929688 0.536458 0.929688 0.541667 0.929688 0.542708 0.923438 0.552083 0.922656 0.553125 0.917969 0.556250 0.917188 0.557292 0.914844 0.556250 0.914062 0.556250 0.913281 0.548958 0.913281 0.547917 0.914844 0.543750 0.914844 0.542708 0.924219 0.536458
0 0.931250 0.472917 0.937500 0.476042 0.938281 0.476042 0.939844 0.480208 0.940625 0.481250 0.941406 0.486458 0.941406 0.487500 0.936719 0.494792 0.935937 0.495833 0.932031 0.494792 0.931250 0.493750 0.927344 0.481250 0.926562 0.480208 0.927344 0.477083 0.927344 0.476042 0.931250 0.472917
0 0.918750 0.462500 0.922656 0.463542 0.923438 0.463542 0.928906 0.468750 0.929688 0.468750 0.931250 0.472917 0.931250 0.473958 0.917969 0.481250 0.917188 0.481250 0.908594 0.470833 0.908594 0.469792 0.910156 0.467708 0.910937 0.466667 0.918750 0.462500
0 0.834230 0.441583 0.833931 0.447171 0.833033 0.447570 0.833632 0.453158 0.841415 0.464732 0.842013 0.466728 0.848000 0.465132 0.870451 0.465132 0.870451 0.462338 0.874941 0.468325 0.883921 0.469921 0.885717 0.465132 0.879132 0.463934 0.878832 0.454355 0.881826 0.449965 0.881526 0.442381 0.871648 0.435996 0.868056 0.432803 0.865661 0.432803 0.864464 0.434000 0.863865 0.434000 0.864763 0.437592 0.867457 0.442381 0.870151 0.445175 0.870750 0.445175 0.863865 0.446373 0.862967 0.443978 0.857579 0.442381 0.856980 0.440386 0.852790 0.438789 0.845605 0.438390 0.844109 0.439987
0 0.298469 0.157417 0.296956 0.167505 0.295821 0.171540 0.300739 0.175575 0.301495 0.175575 0.300739 0.166496
0 0.297712 0.196759 0.291660 0.198272 0.293173 0.209872 0.298469 0.210377 0.298847 0.202307
0 0.328732 0.222482 0.332893 0.223491 0.339702 0.222986 0.349916 0.216934 0.343863 0.215925 0.339702 0.214412 0.333271 0.215925 0.329866 0.218447
0 0.414837 0.659261 0.412869 0.665035 0.417987 0.675009 0.419562 0.668710 0.417987 0.660836
0 0.419562 0.640887 0.420743 0.645612 0.423499 0.648236 0.427043 0.648236 0.427830 0.645087 0.424680 0.644562 0.422712 0.641412 0.422712 0.642987
0 0.449879 0.598365 0.451847 0.602040 0.454997 0.602040 0.457359 0.600990 0.457359 0.596790 0.455785 0.595215 0.452635 0.595215
0 0.694370 0.516926 0.692418 0.526821 0.695542 0.531508 0.703354 0.532549 0.702573 0.526821 0.701401 0.521613 0.699448 0.517968 0.698276 0.517968
0 0.330997 0.518463 0.339492 0.524865 0.339492 0.525850 0.343185 0.530281 0.338384 0.532251 0.335429 0.530281 0.331367 0.523388
0 0.317333 0.458881 0.324350 0.463313 0.330628 0.464297 0.332105 0.462820 0.328781 0.458881 0.325088 0.456911 0.322872 0.456911
0 0.889062 0.468750 0.891406 0.469792 0.892188 0.469792 0.900781 0.478125 0.901563 0.478125 0.902344 0.479167 0.903125 0.480208 0.903125 0.484375 0.903125 0.485417 0.896094 0.483333 0.895312 0.483333 0.892969 0.480208 0.892188 0.479167 0.891406 0.475000 0.891406 0.473958 0.889062 0.471875 0.888281 0.470833 0.889062 0.468750
0 0.796306 0.718796 0.799841 0.720760 0.801608 0.720367 0.801314 0.713689 0.800725 0.711333 0.797779 0.707798 0.795422 0.706619 0.791887 0.706226 0.792771 0.710154 0.795127 0.712118 0.795717 0.715653
0 0.797779 0.699942 0.796600 0.701906 0.796600 0.704655 0.797189 0.704655 0.798368 0.709369 0.801314 0.712511 0.807206 0.709369 0.806911 0.704263 0.801608 0.700335
0 0.999219 0.482292 0.999219 0.539583 0.995313 0.542708 0.989062 0.544792 0.977344 0.551042 0.975000 0.551042 0.967969 0.555208 0.960938 0.557292 0.956250 0.560417 0.950781 0.562500 0.946094 0.562500 0.942969 0.564583 0.939063 0.564583 0.935156 0.566667 0.918750 0.568750 0.919255 0.563149 0.929385 0.545725 0.937945 0.535845 0.940625 0.531250 0.942187 0.528125 0.954609 0.517034 0.967313 0.503601 0.983594 0.484375 0.988281 0.482292 0.998706 0.483087
0 0.809062 0.372828 0.816218 0.371169 0.820574 0.376147 0.820574 0.382784 0.821818 0.382369 0.821818 0.375732 0.825241 0.375317 0.827730 0.368680 0.821196 0.368680 0.817463 0.369509 0.816840 0.365361 0.817774 0.361627 0.817151 0.356234 0.815596 0.354575 0.812796 0.353331 0.805951 0.360383 0.807817 0.368265
0 0.092978 0.191792 0.096960 0.191792 0.099614 0.194742 0.100499 0.194742 0.100499 0.195921 0.102711 0.197691 0.106250 0.197691 0.106693 0.196511 0.107577 0.196511 0.107577 0.194742 0.108905 0.194742 0.108905 0.193562 0.109789 0.193562 0.109347 0.191792 0.107577 0.189433 0.104481 0.188253 0.104038 0.187073 0.100941 0.187073 0.100941 0.184714 0.100499 0.184714 0.099614 0.181175 0.098729 0.181175 0.098729 0.179995 0.097402 0.179405 0.096517 0.175866 0.095190 0.175276 0.095190 0.174096 0.093421 0.172916 0.088997 0.172916 0.088112 0.174096 0.088112 0.175276 0.086785 0.175866 0.086342 0.178225 0.084573 0.179995 0.084573 0.182354 0.091209 0.187073 0.092093 0.187073
0 0.510889 0.330073 0.510538 0.331321 0.509757 0.332362 0.508880 0.332753 0.508237 0.333297 0.507027 0.333724 0.505929 0.333724 0.505245 0.334012 0.505245 0.335069 0.505393 0.335578 0.505978 0.336358 0.506212 0.336981 0.506649 0.339062 0.506649 0.339530 0.506445 0.340520 0.505899 0.341249 0.505156 0.341520 0.504180 0.341249 0.503479 0.340625 0.502698 0.339584 0.502230 0.338649 0.501451 0.336415 0.500906 0.336104 0.499994 0.335191 0.497023 0.333905 0.496778 0.334233 0.495217 0.334659 0.494241 0.334389 0.493694 0.333659 0.493491 0.332670 0.493694 0.331680 0.495293 0.329704 0.495761 0.329392 0.497673 0.328653 0.500858 0.328021 0.500858 0.327057 0.501295 0.324976 0.501646 0.323729 0.502069 0.323164 0.502347 0.322170 0.503245 0.320817 0.504338 0.320390 0.508314 0.320390 0.509407 0.320817 0.509991 0.321440 0.510538 0.322170 0.510975 0.323939 0.511092 0.325030 0.511092 0.329084
0 0.535937 0.118750 0.538281 0.120833 0.539062 0.121875 0.538281 0.125000 0.538281 0.126042 0.536719 0.128125 0.535937 0.129167 0.532031 0.130208 0.531250 0.130208 0.531250 0.122917 0.531250 0.121875 0.535937 0.118750
