0 0.672656 0.095833 0.676562 0.095833 0.677344 0.095833 0.682813 0.100000 0.683594 0.100000 0.688281 0.110417 0.689063 0.111458 0.690625 0.127083 0.691406 0.128125 0.691406 0.140625 0.692187 0.141667 0.691406 0.163542 0.690625 0.164583 0.691406 0.167708 0.691406 0.168750 0.689844 0.184375 0.689844 0.185417 0.687500 0.189583 0.687500 0.190625 0.680469 0.198958 0.679688 0.198958 0.673438 0.208333 0.672656 0.209375 0.668750 0.212500 0.667969 0.213542 0.660156 0.217708 0.659375 0.218750 0.650781 0.220833 0.650000 0.221875 0.629687 0.219792 0.628906 0.218750 0.581250 0.217708 0.580469 0.217708 0.534375 0.222917 0.533594 0.223958 0.510156 0.223958 0.509375 0.223958 0.499219 0.221875 0.498437 0.221875 0.492188 0.217708 0.491406 0.216667 0.491406 0.204167 0.491406 0.203125 0.494531 0.193750 0.494531 0.192708 0.498437 0.185417 0.498437 0.184375 0.513281 0.165625 0.514062 0.164583 0.523438 0.156250 0.524219 0.155208 0.534375 0.148958 0.535156 0.147917 0.557813 0.137500 0.558594 0.136458 0.578125 0.132292 0.578906 0.131250 0.595313 0.129167 0.596094 0.129167 0.629687 0.119792 0.630469 0.119792 0.644531 0.112500 0.645312 0.112500 0.653125 0.106250 0.653906 0.105208 0.664844 0.098958 0.665625 0.097917 0.672656 0.095833
0 0.778125 0.205208 0.780469 0.205208 0.781250 0.205208 0.783594 0.207292 0.784375 0.207292 0.794531 0.218750 0.795312 0.218750 0.802344 0.230208 0.803125 0.231250 0.803906 0.238542 0.804688 0.239583 0.804688 0.247917 0.804688 0.248958 0.803125 0.254167 0.802344 0.255208 0.803125 0.261458 0.803125 0.262500 0.801562 0.268750 0.801562 0.269792 0.797656 0.272917 0.796875 0.273958 0.790625 0.273958 0.789844 0.273958 0.778906 0.266667 0.778125 0.266667 0.775781 0.262500 0.775000 0.261458 0.772656 0.243750 0.771875 0.242708 0.771875 0.231250 0.771875 0.230208 0.772656 0.227083 0.773438 0.226042 0.773438 0.220833 0.773438 0.219792 0.775781 0.208333 0.775781 0.207292 0.778125 0.205208
0 0.372656 0.416667 0.376563 0.416667 0.377344 0.416667 0.394531 0.428125 0.395313 0.429167 0.433594 0.451042 0.434375 0.452083 0.459375 0.463542 0.460156 0.463542 0.472656 0.470833 0.473438 0.471875 0.472656 0.477083 0.472656 0.478125 0.463281 0.487500 0.462500 0.488542 0.449219 0.498958 0.448437 0.500000 0.441406 0.503125 0.440625 0.503125 0.432031 0.509375 0.431250 0.510417 0.421875 0.513542 0.421094 0.514583 0.409375 0.516667 0.408594 0.516667 0.396875 0.520833 0.396094 0.521875 0.367969 0.528125 0.367188 0.529167 0.355469 0.530208 0.354687 0.531250 0.335938 0.531250 0.335156 0.531250 0.330469 0.538542 0.329688 0.539583 0.323437 0.544792 0.322656 0.545833 0.313281 0.551042 0.312500 0.552083 0.301563 0.556250 0.300781 0.557292 0.273438 0.563542 0.272656 0.564583 0.257031 0.565625 0.256250 0.566667 0.237500 0.565625 0.236719 0.565625 0.219531 0.560417 0.218750 0.560417 0.202344 0.548958 0.201563 0.548958 0.182031 0.532292 0.181250 0.532292 0.178125 0.528125 0.177344 0.527083 0.178906 0.522917 0.179688 0.521875 0.182812 0.520833 0.183594 0.519792 0.203906 0.517708 0.204687 0.517708 0.215625 0.513542 0.216406 0.512500 0.228125 0.510417 0.228906 0.510417 0.238281 0.507292 0.239063 0.506250 0.256250 0.502083 0.257031 0.502083 0.286719 0.486458 0.287500 0.486458 0.300781 0.477083 0.301563 0.477083 0.325781 0.456250 0.326562 0.456250 0.346094 0.437500 0.346875 0.436458 0.354687 0.431250 0.355469 0.431250 0.372656 0.416667
0 0.278125 0.638542 0.281250 0.639583 0.282031 0.640625 0.282031 0.646875 0.282031 0.647917 0.274219 0.667708 0.273438 0.668750 0.271094 0.681250 0.271094 0.682292 0.257812 0.722917 0.257812 0.723958 0.254688 0.728125 0.253906 0.729167 0.240625 0.740625 0.239844 0.740625 0.225781 0.761458 0.225781 0.762500 0.216406 0.772917 0.216406 0.773958 0.210156 0.768750 0.209375 0.767708 0.207031 0.768750 0.206250 0.768750 0.203906 0.772917 0.203125 0.773958 0.200781 0.789583 0.200781 0.790625 0.198437 0.796875 0.198437 0.797917 0.196875 0.800000 0.196094 0.801042 0.193750 0.801042 0.192969 0.801042 0.192188 0.800000 0.191406 0.798958 0.190625 0.785417 0.189844 0.784375 0.190625 0.769792 0.190625 0.768750 0.196094 0.726042 0.196094 0.725000 0.202344 0.704167 0.202344 0.703125 0.214844 0.682292 0.214844 0.681250 0.229687 0.665625 0.230469 0.664583 0.246094 0.655208 0.246875 0.654167 0.259375 0.648958 0.260156 0.648958 0.278125 0.638542
0 0.735156 0.758333 0.739062 0.759375 0.739844 0.759375 0.750000 0.766667 0.750781 0.767708 0.768750 0.777083 0.769531 0.777083 0.783594 0.787500 0.784375 0.788542 0.796875 0.794792 0.797656 0.795833 0.812500 0.800000 0.813281 0.800000 0.827344 0.809375 0.828125 0.809375 0.830469 0.812500 0.831250 0.813542 0.831250 0.816667 0.831250 0.817708 0.820312 0.841667 0.820312 0.842708 0.816406 0.847917 0.815625 0.848958 0.809375 0.847917 0.808594 0.847917 0.753906 0.811458 0.753125 0.811458 0.742188 0.798958 0.741406 0.797917 0.737500 0.771875 0.737500 0.770833 0.735938 0.766667 0.735156 0.765625 0.735156 0.758333
0 0.090625 0.719792 0.102344 0.720833 0.103125 0.720833 0.107813 0.722917 0.108594 0.722917 0.122656 0.732292 0.123438 0.733333 0.129688 0.735417 0.130469 0.735417 0.134375 0.739583 0.135156 0.739583 0.139063 0.744792 0.139844 0.745833 0.144531 0.761458 0.145313 0.762500 0.149219 0.787500 0.149219 0.788542 0.145313 0.796875 0.145313 0.797917 0.140625 0.803125 0.139844 0.804167 0.139063 0.809375 0.139063 0.810417 0.132812 0.827083 0.132812 0.828125 0.124219 0.841667 0.123438 0.842708 0.119531 0.844792 0.118750 0.845833 0.110937 0.844792 0.110156 0.844792 0.100781 0.852083 0.100000 0.853125 0.096094 0.854167 0.095312 0.855208 0.080469 0.856250 0.079687 0.856250 0.067187 0.860417 0.066406 0.860417 0.046875 0.840625 0.046094 0.840625 0.044531 0.836458 0.044531 0.835417 0.040625 0.830208 0.039844 0.829167 0.039062 0.826042 0.038281 0.825000 0.037500 0.811458 0.036719 0.810417 0.038281 0.779167 0.038281 0.778125 0.048438 0.764583 0.049219 0.763542 0.052344 0.753125 0.052344 0.752083 0.056250 0.745833 0.057031 0.744792 0.060156 0.736458 0.060937 0.735417 0.071094 0.729167 0.071875 0.728125 0.078906 0.726042 0.079687 0.726042 0.083594 0.722917 0.084375 0.721875 0.090625 0.719792
0 0.189844 0.314583 0.195312 0.315625 0.196094 0.315625 0.200781 0.319792 0.201563 0.319792 0.206250 0.329167 0.207031 0.330208 0.213281 0.332292 0.214062 0.332292 0.219531 0.338542 0.220312 0.338542 0.225000 0.344792 0.225781 0.345833 0.227344 0.351042 0.227344 0.352083 0.234375 0.365625 0.235156 0.366667 0.235937 0.382292 0.235937 0.383333 0.237500 0.386458 0.238281 0.387500 0.238281 0.400000 0.238281 0.401042 0.240625 0.412500 0.240625 0.413542 0.243750 0.423958 0.243750 0.425000 0.250000 0.434375 0.250781 0.435417 0.250781 0.439583 0.251563 0.440625 0.252344 0.460417 0.253125 0.461458 0.253125 0.495833 0.253125 0.496875 0.250781 0.501042 0.250000 0.502083 0.233594 0.507292 0.232813 0.508333 0.225000 0.509375 0.224219 0.510417 0.216406 0.509375 0.215625 0.508333 0.209375 0.466667 0.208594 0.465625 0.207813 0.444792 0.207813 0.443750 0.202344 0.414583 0.201563 0.413542 0.199219 0.394792 0.198437 0.393750 0.197656 0.368750 0.197656 0.367708 0.195312 0.364583 0.194531 0.363542 0.192188 0.350000 0.192188 0.348958 0.186719 0.333333 0.185938 0.332292 0.185938 0.323958 0.185938 0.322917 0.189844 0.314583
0 0.152344 0.355208 0.171875 0.361458 0.172656 0.362500 0.180469 0.363542 0.181250 0.363542 0.184375 0.365625 0.185156 0.366667 0.191406 0.367708 0.192188 0.367708 0.195312 0.369792 0.196094 0.369792 0.196094 0.371875 0.196094 0.372917 0.191406 0.380208 0.190625 0.381250 0.194531 0.386458 0.195312 0.387500 0.199219 0.406250 0.200000 0.407292 0.206250 0.444792 0.207031 0.445833 0.206250 0.466667 0.205469 0.467708 0.204687 0.467708 0.203906 0.466667 0.201563 0.460417 0.200781 0.459375 0.191406 0.457292 0.190625 0.457292 0.185938 0.453125 0.185156 0.453125 0.182812 0.448958 0.182031 0.447917 0.177344 0.443750 0.176563 0.442708 0.174219 0.441667 0.173437 0.441667 0.167187 0.443750 0.166406 0.444792 0.165625 0.443750 0.164844 0.442708 0.139063 0.378125 0.138281 0.377083 0.139063 0.369792 0.139063 0.368750 0.149219 0.357292 0.150000 0.356250 0.152344 0.355208
0 0.032813 0.335417 0.037500 0.337500 0.038281 0.337500 0.043750 0.343750 0.044531 0.344792 0.053906 0.352083 0.054688 0.352083 0.062500 0.361458 0.063281 0.362500 0.072656 0.370833 0.073438 0.370833 0.095312 0.401042 0.096094 0.402083 0.106250 0.411458 0.107031 0.412500 0.108594 0.416667 0.109375 0.417708 0.110156 0.427083 0.110937 0.428125 0.110156 0.432292 0.110156 0.433333 0.107031 0.438542 0.106250 0.439583 0.100781 0.439583 0.100000 0.439583 0.077344 0.429167 0.076563 0.429167 0.067187 0.416667 0.066406 0.415625 0.053125 0.404167 0.052344 0.403125 0.046875 0.400000 0.046094 0.400000 0.035156 0.385417 0.034375 0.384375 0.027344 0.379167 0.026562 0.379167 0.020313 0.371875 0.019531 0.370833 0.019531 0.362500 0.019531 0.361458 0.029687 0.340625 0.029687 0.339583 0.032813 0.335417
0 0.000000 0.194792 0.003906 0.194792 0.004687 0.194792 0.014063 0.198958 0.014844 0.198958 0.017188 0.203125 0.017969 0.204167 0.021094 0.205208 0.021875 0.205208 0.026562 0.210417 0.027344 0.210417 0.029687 0.215625 0.029687 0.216667 0.040625 0.230208 0.041406 0.231250 0.040625 0.242708 0.040625 0.243750 0.033594 0.255208 0.032813 0.256250 0.033594 0.269792 0.033594 0.270833 0.036719 0.278125 0.037500 0.279167 0.038281 0.288542 0.038281 0.289583 0.026562 0.304167 0.025781 0.305208 0.014063 0.300000 0.013281 0.300000 0.007812 0.295833 0.007031 0.294792 0.000781 0.295833 0.000000 0.295833 0.000000 0.194792
0 0.060937 0.156250 0.080469 0.159375 0.081250 0.160417 0.083594 0.160417 0.084375 0.160417 0.086719 0.158333 0.087500 0.158333 0.088281 0.160417 0.089063 0.161458 0.089063 0.178125 0.089063 0.179167 0.090625 0.181250 0.091406 0.182292 0.092969 0.193750 0.092969 0.194792 0.096875 0.204167 0.097656 0.205208 0.097656 0.209375 0.097656 0.210417 0.096094 0.214583 0.095312 0.215625 0.095312 0.220833 0.095312 0.221875 0.092188 0.232292 0.092188 0.233333 0.086719 0.238542 0.085938 0.239583 0.081250 0.239583 0.080469 0.240625 0.071094 0.237500 0.070312 0.237500 0.067969 0.235417 0.067187 0.235417 0.054688 0.223958 0.053906 0.222917 0.046875 0.206250 0.046094 0.205208 0.045312 0.200000 0.044531 0.198958 0.044531 0.192708 0.044531 0.191667 0.046094 0.186458 0.046094 0.185417 0.053125 0.170833 0.053906 0.169792 0.055469 0.162500 0.055469 0.161458 0.060937 0.156250
0 0.065625 0.105208 0.076563 0.106250 0.077344 0.106250 0.082031 0.110417 0.082812 0.111458 0.085938 0.126042 0.086719 0.127083 0.086719 0.133333 0.086719 0.134375 0.092188 0.142708 0.092969 0.143750 0.092969 0.150000 0.092969 0.151042 0.088281 0.158333 0.088281 0.159375 0.071875 0.156250 0.071094 0.155208 0.056250 0.157292 0.055469 0.157292 0.050781 0.153125 0.050000 0.152083 0.046094 0.139583 0.045312 0.138542 0.045312 0.122917 0.045312 0.121875 0.050781 0.116667 0.051562 0.116667 0.055469 0.109375 0.056250 0.108333 0.065625 0.105208
0 0.102344 0.168750 0.107031 0.168750 0.107813 0.168750 0.117969 0.171875 0.118750 0.171875 0.132031 0.179167 0.132812 0.179167 0.135156 0.183333 0.135937 0.184375 0.139063 0.197917 0.139844 0.198958 0.139844 0.200000 0.139844 0.201042 0.135156 0.208333 0.135156 0.209375 0.132031 0.212500 0.131250 0.213542 0.115625 0.213542 0.114844 0.213542 0.109375 0.211458 0.108594 0.211458 0.102344 0.206250 0.101562 0.206250 0.096875 0.197917 0.096094 0.196875 0.095312 0.179167 0.095312 0.178125 0.096875 0.175000 0.096875 0.173958 0.102344 0.168750
0 0.141406 0.202083 0.144531 0.204167 0.145313 0.205208 0.152344 0.229167 0.153125 0.230208 0.153125 0.234375 0.153125 0.235417 0.150000 0.246875 0.149219 0.247917 0.134375 0.245833 0.133594 0.245833 0.126562 0.240625 0.125781 0.239583 0.125781 0.229167 0.125781 0.228125 0.128125 0.220833 0.128125 0.219792 0.141406 0.202083
0 0.212500 0.129167 0.214844 0.129167 0.215625 0.129167 0.217969 0.132292 0.218750 0.133333 0.221094 0.142708 0.221875 0.143750 0.222656 0.159375 0.222656 0.160417 0.228125 0.171875 0.228906 0.172917 0.233594 0.188542 0.234375 0.189583 0.234375 0.194792 0.234375 0.195833 0.228906 0.202083 0.228125 0.203125 0.223438 0.205208 0.222656 0.206250 0.216406 0.205208 0.215625 0.205208 0.210938 0.198958 0.210156 0.197917 0.201563 0.193750 0.200781 0.192708 0.200781 0.186458 0.200781 0.185417 0.197656 0.167708 0.196875 0.166667 0.196875 0.162500 0.196875 0.161458 0.200781 0.145833 0.200781 0.144792 0.204687 0.138542 0.204687 0.137500 0.212500 0.129167
0 0.301563 0.000000 0.392969 0.000000 0.393750 0.000000 0.393750 0.001042 0.394531 0.002083 0.399219 0.002083 0.400000 0.002083 0.403125 0.004167 0.403906 0.004167 0.412500 0.016667 0.413281 0.017708 0.413281 0.034375 0.413281 0.035417 0.410938 0.054167 0.410938 0.055208 0.414844 0.072917 0.415625 0.073958 0.414062 0.093750 0.414062 0.094792 0.407031 0.108333 0.407031 0.109375 0.400781 0.115625 0.400000 0.116667 0.389844 0.120833 0.389062 0.121875 0.371094 0.125000 0.370312 0.125000 0.363281 0.121875 0.362500 0.121875 0.357031 0.114583 0.356250 0.113542 0.349219 0.111458 0.348438 0.111458 0.346094 0.108333 0.345313 0.108333 0.341406 0.103125 0.340625 0.102083 0.336719 0.093750 0.336719 0.092708 0.329688 0.083333 0.329688 0.082292 0.326562 0.080208 0.325781 0.080208 0.317969 0.069792 0.317188 0.069792 0.310156 0.058333 0.309375 0.057292 0.305469 0.047917 0.304688 0.046875 0.304688 0.028125 0.304688 0.027083 0.301563 0.008333 0.300781 0.007292 0.301563 0.000000
0 0.298438 0.000000 0.400000 0.000000 0.400781 0.000000 0.401562 0.002083 0.402344 0.003125 0.410156 0.010417 0.410938 0.010417 0.413281 0.016667 0.414062 0.017708 0.412500 0.059375 0.412500 0.060417 0.415625 0.071875 0.415625 0.072917 0.416406 0.073958 0.417187 0.073958 0.423438 0.070833 0.424219 0.069792 0.431250 0.069792 0.432031 0.069792 0.438281 0.075000 0.439063 0.075000 0.442188 0.079167 0.442969 0.080208 0.447656 0.089583 0.448437 0.090625 0.448437 0.093750 0.448437 0.094792 0.443750 0.097917 0.442969 0.098958 0.433594 0.100000 0.432812 0.100000 0.427344 0.105208 0.426563 0.105208 0.421094 0.113542 0.420312 0.114583 0.416406 0.115625 0.415625 0.116667 0.411719 0.116667 0.410938 0.116667 0.408594 0.114583 0.407813 0.113542 0.405469 0.113542 0.404687 0.113542 0.398438 0.118750 0.397656 0.119792 0.382031 0.123958 0.381250 0.125000 0.364844 0.123958 0.364063 0.123958 0.357031 0.116667 0.356250 0.115625 0.347656 0.111458 0.346875 0.111458 0.335156 0.093750 0.335156 0.092708 0.317188 0.071875 0.316406 0.071875 0.310156 0.061458 0.309375 0.060417 0.304688 0.045833 0.303906 0.044792 0.303906 0.022917 0.303906 0.021875 0.298438 0.000000
0 0.570312 0.059375 0.571875 0.059375 0.572656 0.059375 0.575781 0.063542 0.576562 0.064583 0.583594 0.061458 0.584375 0.061458 0.591406 0.067708 0.592187 0.067708 0.598437 0.077083 0.599219 0.078125 0.604688 0.079167 0.605469 0.079167 0.607812 0.081250 0.608594 0.081250 0.610938 0.085417 0.611719 0.086458 0.612500 0.093750 0.612500 0.094792 0.617969 0.098958 0.618750 0.100000 0.621094 0.108333 0.621875 0.109375 0.621875 0.113542 0.621875 0.114583 0.620313 0.118750 0.620313 0.119792 0.601562 0.125000 0.600781 0.126042 0.574219 0.130208 0.573438 0.130208 0.552344 0.136458 0.551562 0.136458 0.543750 0.130208 0.542969 0.129167 0.537500 0.127083 0.536719 0.127083 0.530469 0.117708 0.529687 0.116667 0.523438 0.113542 0.522656 0.113542 0.514062 0.101042 0.513281 0.100000 0.512500 0.095833 0.511719 0.094792 0.512500 0.086458 0.513281 0.085417 0.519531 0.083333 0.520312 0.083333 0.528906 0.075000 0.529687 0.075000 0.539844 0.088542 0.540625 0.088542 0.547656 0.080208 0.548438 0.080208 0.551562 0.073958 0.552344 0.072917 0.557031 0.071875 0.557813 0.071875 0.564063 0.063542 0.564844 0.062500 0.570312 0.059375
0 0.466406 0.006250 0.475000 0.009375 0.475781 0.009375 0.485938 0.020833 0.486719 0.021875 0.490625 0.033333 0.491406 0.034375 0.491406 0.037500 0.492188 0.038542 0.492969 0.050000 0.493750 0.051042 0.492969 0.057292 0.492969 0.058333 0.482031 0.059375 0.481250 0.059375 0.475781 0.061458 0.475000 0.062500 0.471094 0.062500 0.470313 0.062500 0.463281 0.059375 0.462500 0.058333 0.460938 0.050000 0.460156 0.048958 0.459375 0.035417 0.459375 0.034375 0.465625 0.028125 0.466406 0.027083 0.466406 0.018750 0.466406 0.017708 0.464844 0.013542 0.464062 0.012500 0.464062 0.009375 0.464062 0.008333 0.466406 0.006250
0 0.507812 0.016667 0.509375 0.016667 0.510156 0.016667 0.513281 0.020833 0.514062 0.021875 0.521094 0.036458 0.521094 0.037500 0.525781 0.044792 0.526563 0.045833 0.526563 0.048958 0.526563 0.050000 0.520312 0.058333 0.519531 0.059375 0.510938 0.066667 0.510156 0.067708 0.506250 0.067708 0.505469 0.067708 0.499219 0.062500 0.498437 0.062500 0.496875 0.060417 0.496094 0.059375 0.496094 0.057292 0.495312 0.056250 0.495312 0.039583 0.495312 0.038542 0.497656 0.030208 0.497656 0.029167 0.501563 0.022917 0.502344 0.021875 0.507812 0.016667
0 0.453906 0.006250 0.463281 0.010417 0.464062 0.011458 0.465625 0.018750 0.466406 0.019792 0.466406 0.026042 0.466406 0.027083 0.457813 0.034375 0.457031 0.035417 0.445312 0.034375 0.444531 0.034375 0.443750 0.033333 0.442969 0.032292 0.442969 0.029167 0.442969 0.028125 0.444531 0.023958 0.445312 0.022917 0.446094 0.016667 0.446094 0.015625 0.449219 0.009375 0.450000 0.008333 0.453906 0.006250
0 0.419531 0.000000 0.441406 0.000000 0.442188 0.000000 0.446094 0.008333 0.446875 0.009375 0.451562 0.007292 0.452344 0.006250 0.457031 0.007292 0.457813 0.007292 0.463281 0.011458 0.464062 0.012500 0.465625 0.020833 0.466406 0.021875 0.465625 0.027083 0.465625 0.028125 0.458594 0.033333 0.457813 0.034375 0.444531 0.034375 0.443750 0.034375 0.442188 0.038542 0.441406 0.039583 0.440625 0.045833 0.439844 0.046875 0.439844 0.054167 0.439844 0.055208 0.435937 0.059375 0.435156 0.060417 0.429688 0.063542 0.428906 0.064583 0.426563 0.064583 0.425781 0.064583 0.421094 0.060417 0.420312 0.059375 0.419531 0.056250 0.418750 0.055208 0.417187 0.041667 0.416406 0.040625 0.417187 0.034375 0.417187 0.033333 0.419531 0.029167 0.420312 0.028125 0.420312 0.022917 0.420312 0.021875 0.415625 0.012500 0.414844 0.011458 0.415625 0.008333 0.415625 0.007292 0.418750 0.003125 0.419531 0.002083 0.419531 0.000000
0 0.473438 0.118750 0.479687 0.123958 0.480469 0.125000 0.482031 0.135417 0.482812 0.136458 0.482031 0.139583 0.481250 0.140625 0.478125 0.141667 0.477344 0.141667 0.471094 0.139583 0.470313 0.139583 0.465625 0.134375 0.464844 0.133333 0.464844 0.126042 0.464844 0.125000 0.468750 0.120833 0.469531 0.119792 0.473438 0.118750
0 0.328906 0.148958 0.346094 0.152083 0.346875 0.152083 0.350000 0.156250 0.350781 0.157292 0.350781 0.178125 0.350781 0.179167 0.347656 0.194792 0.346875 0.195833 0.346094 0.207292 0.345313 0.208333 0.345313 0.214583 0.345313 0.215625 0.347656 0.229167 0.348438 0.230208 0.348438 0.243750 0.348438 0.244792 0.341406 0.251042 0.340625 0.251042 0.328906 0.266667 0.328125 0.267708 0.325781 0.276042 0.325000 0.277083 0.308594 0.292708 0.307812 0.293750 0.305469 0.294792 0.304688 0.294792 0.303125 0.292708 0.302344 0.291667 0.291406 0.292708 0.290625 0.292708 0.287500 0.290625 0.286719 0.290625 0.282813 0.282292 0.282031 0.281250 0.277344 0.261458 0.276562 0.260417 0.275000 0.241667 0.275000 0.240625 0.272656 0.237500 0.271875 0.236458 0.265625 0.232292 0.264844 0.232292 0.262500 0.229167 0.261719 0.228125 0.257812 0.216667 0.257031 0.215625 0.257812 0.209375 0.257812 0.208333 0.260156 0.204167 0.260937 0.203125 0.273438 0.206250 0.274219 0.207292 0.278906 0.206250 0.279687 0.206250 0.282813 0.203125 0.283594 0.203125 0.290625 0.191667 0.291406 0.190625 0.296094 0.180208 0.296094 0.179167 0.307812 0.169792 0.308594 0.168750 0.308594 0.164583 0.308594 0.163542 0.310156 0.161458 0.310937 0.160417 0.321094 0.161458 0.321875 0.161458 0.328906 0.148958
0 0.336719 0.117708 0.343750 0.117708 0.344531 0.117708 0.346094 0.118750 0.346875 0.119792 0.348438 0.125000 0.349219 0.126042 0.350000 0.142708 0.350000 0.143750 0.348438 0.147917 0.348438 0.148958 0.346875 0.150000 0.346094 0.151042 0.337500 0.151042 0.336719 0.151042 0.332031 0.148958 0.331250 0.148958 0.327344 0.144792 0.326562 0.143750 0.326562 0.133333 0.326562 0.132292 0.329688 0.125000 0.329688 0.123958 0.332031 0.120833 0.332813 0.119792 0.336719 0.117708
0 0.306250 0.114583 0.310937 0.118750 0.311719 0.119792 0.310937 0.127083 0.310937 0.128125 0.311719 0.130208 0.312500 0.131250 0.312500 0.141667 0.312500 0.142708 0.308594 0.155208 0.308594 0.156250 0.307031 0.158333 0.306250 0.159375 0.301563 0.159375 0.300781 0.159375 0.295312 0.152083 0.294531 0.151042 0.288281 0.147917 0.287500 0.147917 0.282813 0.143750 0.282031 0.142708 0.281250 0.138542 0.280469 0.137500 0.280469 0.125000 0.280469 0.123958 0.285156 0.120833 0.285938 0.119792 0.293750 0.120833 0.294531 0.120833 0.306250 0.114583
0 0.321875 0.090625 0.325000 0.092708 0.325781 0.092708 0.328906 0.100000 0.329688 0.101042 0.328125 0.110417 0.328125 0.111458 0.326562 0.113542 0.326562 0.114583 0.323437 0.116667 0.322656 0.117708 0.315625 0.118750 0.314844 0.118750 0.312500 0.121875 0.311719 0.122917 0.310937 0.146875 0.310937 0.147917 0.307031 0.157292 0.307031 0.158333 0.302344 0.159375 0.301563 0.159375 0.294531 0.151042 0.293750 0.150000 0.285938 0.145833 0.285156 0.145833 0.282813 0.142708 0.282031 0.141667 0.281250 0.137500 0.280469 0.136458 0.280469 0.127083 0.280469 0.126042 0.282031 0.122917 0.282813 0.121875 0.286719 0.119792 0.287500 0.118750 0.296094 0.119792 0.296875 0.119792 0.302344 0.116667 0.303125 0.116667 0.318750 0.096875 0.319531 0.095833 0.319531 0.094792 0.319531 0.093750 0.321875 0.090625
0 0.259375 0.000000 0.280469 0.000000 0.281250 0.000000 0.281250 0.001042 0.281250 0.002083 0.282813 0.003125 0.283594 0.004167 0.293750 0.006250 0.294531 0.007292 0.293750 0.011458 0.293750 0.012500 0.295312 0.020833 0.295312 0.021875 0.299219 0.026042 0.300000 0.027083 0.299219 0.037500 0.298438 0.038542 0.299219 0.043750 0.299219 0.044792 0.295312 0.047917 0.294531 0.048958 0.294531 0.056250 0.294531 0.057292 0.298438 0.063542 0.299219 0.064583 0.301563 0.072917 0.302344 0.073958 0.310937 0.077083 0.311719 0.077083 0.314063 0.081250 0.314844 0.082292 0.318750 0.085417 0.319531 0.085417 0.328125 0.097917 0.328906 0.098958 0.327344 0.111458 0.327344 0.112500 0.321875 0.116667 0.321094 0.117708 0.314063 0.120833 0.313281 0.120833 0.311719 0.123958 0.310937 0.125000 0.310937 0.144792 0.310937 0.145833 0.307031 0.154167 0.307031 0.155208 0.304688 0.157292 0.303906 0.158333 0.302344 0.158333 0.301563 0.158333 0.296094 0.151042 0.295312 0.150000 0.283594 0.142708 0.282813 0.142708 0.282031 0.137500 0.281250 0.136458 0.281250 0.127083 0.281250 0.126042 0.285156 0.119792 0.285938 0.118750 0.284375 0.109375 0.284375 0.108333 0.282813 0.105208 0.282813 0.104167 0.279687 0.101042 0.278906 0.100000 0.275000 0.100000 0.274219 0.100000 0.271875 0.097917 0.271094 0.096875 0.272656 0.090625 0.272656 0.089583 0.271875 0.087500 0.271094 0.086458 0.267969 0.085417 0.267188 0.084375 0.267188 0.077083 0.267188 0.076042 0.253125 0.040625 0.252344 0.039583 0.250781 0.014583 0.250781 0.013542 0.253125 0.008333 0.253125 0.007292 0.256250 0.004167 0.257031 0.004167 0.259375 0.000000
0 0.243750 0.046875 0.248438 0.047917 0.249219 0.047917 0.251563 0.051042 0.252344 0.052083 0.254688 0.060417 0.255469 0.061458 0.255469 0.073958 0.255469 0.075000 0.253125 0.078125 0.252344 0.079167 0.249219 0.080208 0.248438 0.081250 0.242969 0.080208 0.242188 0.080208 0.232031 0.061458 0.231250 0.060417 0.231250 0.057292 0.232031 0.056250 0.238281 0.053125 0.239063 0.053125 0.243750 0.046875
0 0.244531 0.046875 0.246875 0.046875 0.247656 0.046875 0.252344 0.052083 0.253125 0.053125 0.254688 0.059375 0.255469 0.060417 0.255469 0.075000 0.255469 0.076042 0.253125 0.080208 0.253125 0.081250 0.258594 0.088542 0.259375 0.089583 0.260937 0.093750 0.261719 0.094792 0.261719 0.098958 0.261719 0.100000 0.252344 0.111458 0.251563 0.112500 0.246094 0.111458 0.245312 0.111458 0.242188 0.101042 0.241406 0.100000 0.239063 0.097917 0.238281 0.097917 0.236719 0.094792 0.235937 0.093750 0.225781 0.087500 0.225000 0.087500 0.221875 0.082292 0.221094 0.081250 0.221094 0.076042 0.221094 0.075000 0.223438 0.071875 0.224219 0.070833 0.233594 0.067708 0.234375 0.066667 0.234375 0.064583 0.234375 0.063542 0.231250 0.059375 0.231250 0.058333 0.238281 0.053125 0.239063 0.053125 0.244531 0.046875
0 0.155469 0.073958 0.164844 0.076042 0.165625 0.076042 0.168750 0.078125 0.169531 0.078125 0.182812 0.094792 0.183594 0.095833 0.184375 0.104167 0.184375 0.105208 0.189062 0.116667 0.189062 0.117708 0.182812 0.123958 0.182031 0.123958 0.178906 0.129167 0.178125 0.130208 0.174219 0.132292 0.173437 0.133333 0.168750 0.131250 0.167969 0.131250 0.162500 0.125000 0.161719 0.123958 0.153906 0.119792 0.153125 0.119792 0.150000 0.115625 0.149219 0.114583 0.141406 0.108333 0.140625 0.108333 0.138281 0.104167 0.137500 0.103125 0.133594 0.102083 0.132812 0.102083 0.130469 0.098958 0.129688 0.097917 0.129688 0.091667 0.129688 0.090625 0.137500 0.081250 0.138281 0.080208 0.148438 0.080208 0.149219 0.080208 0.155469 0.073958
0 0.125000 0.101042 0.128125 0.102083 0.128906 0.102083 0.130469 0.106250 0.131250 0.107292 0.131250 0.112500 0.131250 0.113542 0.128125 0.118750 0.127344 0.119792 0.125000 0.128125 0.125000 0.129167 0.121094 0.133333 0.120313 0.134375 0.117969 0.139583 0.117969 0.140625 0.110156 0.148958 0.109375 0.150000 0.108594 0.158333 0.107813 0.159375 0.105469 0.160417 0.104688 0.161458 0.097656 0.160417 0.096875 0.160417 0.096094 0.150000 0.096094 0.148958 0.092969 0.137500 0.092188 0.136458 0.096094 0.116667 0.096094 0.115625 0.100000 0.113542 0.100781 0.113542 0.105469 0.115625 0.106250 0.116667 0.109375 0.116667 0.110156 0.116667 0.113281 0.108333 0.113281 0.107292 0.117969 0.104167 0.118750 0.103125 0.125000 0.101042
0 0.139063 0.112500 0.147656 0.116667 0.148438 0.116667 0.152344 0.121875 0.152344 0.122917 0.150000 0.127083 0.149219 0.128125 0.146094 0.138542 0.146094 0.139583 0.142187 0.144792 0.141406 0.145833 0.139063 0.154167 0.139063 0.155208 0.130469 0.157292 0.129688 0.157292 0.127344 0.156250 0.126562 0.155208 0.125781 0.140625 0.125000 0.139583 0.127344 0.121875 0.127344 0.120833 0.128906 0.118750 0.129688 0.117708 0.139063 0.112500
0 0.176563 0.135417 0.182031 0.136458 0.182812 0.136458 0.185938 0.145833 0.186719 0.146875 0.192188 0.147917 0.192969 0.147917 0.196875 0.151042 0.197656 0.152083 0.197656 0.154167 0.197656 0.155208 0.196094 0.157292 0.195312 0.158333 0.195312 0.163542 0.195312 0.164583 0.193750 0.168750 0.192969 0.169792 0.192969 0.172917 0.192969 0.173958 0.198437 0.179167 0.199219 0.179167 0.200781 0.193750 0.200000 0.194792 0.195312 0.196875 0.194531 0.197917 0.189844 0.197917 0.189062 0.197917 0.186719 0.194792 0.185938 0.194792 0.181250 0.178125 0.181250 0.177083 0.178906 0.175000 0.178125 0.175000 0.172656 0.165625 0.171875 0.164583 0.168750 0.154167 0.167969 0.153125 0.167187 0.145833 0.167187 0.144792 0.176563 0.135417
0 0.067187 0.060417 0.071094 0.061458 0.071875 0.061458 0.075781 0.066667 0.076563 0.067708 0.078906 0.073958 0.079687 0.075000 0.079687 0.079167 0.079687 0.080208 0.083594 0.085417 0.084375 0.086458 0.092188 0.089583 0.092969 0.089583 0.092188 0.092708 0.092188 0.093750 0.089063 0.097917 0.088281 0.098958 0.081250 0.100000 0.080469 0.101042 0.071875 0.100000 0.071094 0.100000 0.067969 0.097917 0.067187 0.097917 0.064844 0.092708 0.064844 0.091667 0.063281 0.089583 0.062500 0.088542 0.060937 0.088542 0.060156 0.087500 0.060156 0.076042 0.060156 0.075000 0.061719 0.072917 0.062500 0.071875 0.064062 0.064583 0.064062 0.063542 0.067187 0.060417
0 0.033594 0.096875 0.036719 0.096875 0.037500 0.096875 0.040625 0.101042 0.041406 0.102083 0.041406 0.107292 0.041406 0.108333 0.039062 0.113542 0.039062 0.114583 0.037500 0.115625 0.036719 0.116667 0.032031 0.116667 0.031250 0.116667 0.017188 0.122917 0.016406 0.122917 0.015625 0.117708 0.015625 0.116667 0.018750 0.108333 0.018750 0.107292 0.022656 0.101042 0.022656 0.100000 0.033594 0.096875
0 0.036719 0.060417 0.043750 0.060417 0.044531 0.060417 0.048438 0.064583 0.049219 0.065625 0.050781 0.075000 0.051562 0.076042 0.051562 0.085417 0.051562 0.086458 0.049219 0.089583 0.048438 0.090625 0.042188 0.089583 0.041406 0.089583 0.040625 0.085417 0.040625 0.084375 0.036719 0.077083 0.035937 0.076042 0.035156 0.071875 0.034375 0.070833 0.034375 0.064583 0.034375 0.063542 0.036719 0.060417
0 0.039844 0.146875 0.046094 0.147917 0.046875 0.147917 0.051562 0.158333 0.052344 0.159375 0.052344 0.166667 0.052344 0.167708 0.050781 0.171875 0.050781 0.172917 0.044531 0.184375 0.043750 0.185417 0.035937 0.181250 0.035156 0.180208 0.025781 0.179167 0.025000 0.179167 0.021094 0.175000 0.020313 0.173958 0.019531 0.169792 0.018750 0.168750 0.018750 0.158333 0.018750 0.157292 0.020313 0.153125 0.021094 0.152083 0.025781 0.150000 0.026562 0.148958 0.035937 0.148958 0.036719 0.148958 0.039844 0.146875
0 0.039844 0.146875 0.046094 0.147917 0.046875 0.147917 0.052344 0.158333 0.053125 0.159375 0.052344 0.167708 0.052344 0.168750 0.043750 0.185417 0.042969 0.186458 0.042188 0.192708 0.041406 0.193750 0.041406 0.200000 0.041406 0.201042 0.042188 0.203125 0.042969 0.204167 0.042969 0.210417 0.042969 0.211458 0.043750 0.212500 0.044531 0.213542 0.044531 0.216667 0.044531 0.217708 0.037500 0.215625 0.036719 0.215625 0.035156 0.211458 0.034375 0.210417 0.034375 0.207292 0.034375 0.206250 0.031250 0.203125 0.030469 0.203125 0.026562 0.196875 0.025781 0.195833 0.017969 0.194792 0.017188 0.194792 0.014063 0.191667 0.013281 0.190625 0.000781 0.190625 0.000000 0.190625 0.000000 0.148958 0.000000 0.147917 0.009375 0.148958 0.010156 0.148958 0.017188 0.158333 0.017969 0.158333 0.019531 0.155208 0.019531 0.154167 0.023438 0.151042 0.024219 0.150000 0.028125 0.148958 0.028906 0.147917 0.039844 0.146875
0 0.184375 0.228125 0.196094 0.233333 0.196875 0.234375 0.203125 0.235417 0.203906 0.235417 0.208594 0.239583 0.209375 0.239583 0.220312 0.261458 0.221094 0.262500 0.217969 0.272917 0.217188 0.273958 0.200000 0.273958 0.199219 0.273958 0.194531 0.269792 0.193750 0.268750 0.175000 0.263542 0.174219 0.263542 0.171875 0.261458 0.171094 0.260417 0.166406 0.245833 0.166406 0.244792 0.167187 0.243750 0.167969 0.242708 0.178125 0.238542 0.178906 0.238542 0.181250 0.232292 0.181250 0.231250 0.184375 0.228125
0 0.219531 0.281250 0.225781 0.283333 0.226562 0.284375 0.239844 0.284375 0.240625 0.284375 0.250781 0.290625 0.251563 0.291667 0.254688 0.291667 0.255469 0.291667 0.258594 0.294792 0.259375 0.295833 0.271875 0.296875 0.272656 0.296875 0.275781 0.298958 0.276562 0.298958 0.280469 0.304167 0.281250 0.305208 0.285938 0.307292 0.286719 0.307292 0.294531 0.313542 0.295312 0.314583 0.307031 0.316667 0.307812 0.316667 0.311719 0.323958 0.311719 0.325000 0.317969 0.333333 0.317969 0.334375 0.325781 0.341667 0.326562 0.342708 0.328125 0.347917 0.328125 0.348958 0.328906 0.350000 0.329688 0.351042 0.333594 0.351042 0.334375 0.351042 0.334375 0.353125 0.335156 0.354167 0.333594 0.368750 0.333594 0.369792 0.325000 0.391667 0.325000 0.392708 0.320312 0.396875 0.319531 0.397917 0.314844 0.396875 0.314063 0.396875 0.311719 0.391667 0.311719 0.390625 0.314844 0.379167 0.315625 0.378125 0.314844 0.371875 0.314844 0.370833 0.311719 0.367708 0.310937 0.366667 0.298438 0.360417 0.297656 0.360417 0.292187 0.354167 0.291406 0.353125 0.287500 0.353125 0.286719 0.353125 0.278125 0.347917 0.277344 0.347917 0.272656 0.340625 0.271875 0.339583 0.271875 0.335417 0.271875 0.334375 0.274219 0.332292 0.274219 0.331250 0.264844 0.322917 0.264062 0.321875 0.252344 0.315625 0.251563 0.314583 0.246875 0.314583 0.246094 0.314583 0.237500 0.311458 0.236719 0.310417 0.221094 0.312500 0.220312 0.313542 0.214844 0.311458 0.214062 0.311458 0.211719 0.314583 0.210938 0.315625 0.209375 0.315625 0.208594 0.315625 0.207813 0.314583 0.207031 0.313542 0.207031 0.309375 0.207031 0.308333 0.211719 0.305208 0.212500 0.304167 0.207813 0.297917 0.207031 0.297917 0.207031 0.289583 0.207031 0.288542 0.210938 0.285417 0.211719 0.284375 0.219531 0.281250
0 0.168750 0.286458 0.177344 0.286458 0.178125 0.286458 0.184375 0.289583 0.185156 0.289583 0.188281 0.293750 0.189062 0.294792 0.189844 0.297917 0.190625 0.298958 0.190625 0.304167 0.190625 0.305208 0.185938 0.310417 0.185156 0.311458 0.183594 0.317708 0.182812 0.318750 0.182812 0.323958 0.182812 0.325000 0.180469 0.329167 0.179688 0.330208 0.166406 0.333333 0.165625 0.333333 0.156250 0.327083 0.155469 0.326042 0.151562 0.318750 0.151562 0.317708 0.144531 0.309375 0.143750 0.309375 0.142969 0.302083 0.142969 0.301042 0.143750 0.297917 0.144531 0.296875 0.147656 0.295833 0.148438 0.295833 0.153125 0.291667 0.153906 0.290625 0.168750 0.286458
0 0.112500 0.291667 0.123438 0.291667 0.124219 0.291667 0.139063 0.303125 0.139844 0.303125 0.142969 0.311458 0.143750 0.312500 0.143750 0.319792 0.143750 0.320833 0.142187 0.323958 0.142187 0.325000 0.139063 0.328125 0.138281 0.329167 0.134375 0.329167 0.133594 0.330208 0.123438 0.330208 0.122656 0.330208 0.118750 0.329167 0.117969 0.329167 0.114062 0.326042 0.113281 0.326042 0.110156 0.321875 0.109375 0.320833 0.109375 0.316667 0.108594 0.315625 0.109375 0.303125 0.109375 0.302083 0.112500 0.291667
0 0.123438 0.241667 0.125781 0.241667 0.126562 0.241667 0.131250 0.244792 0.132031 0.245833 0.138281 0.247917 0.139063 0.247917 0.140625 0.250000 0.141406 0.251042 0.142187 0.257292 0.142187 0.258333 0.140625 0.272917 0.140625 0.273958 0.135937 0.284375 0.135156 0.285417 0.130469 0.285417 0.129688 0.285417 0.125000 0.282292 0.124219 0.282292 0.116406 0.272917 0.115625 0.271875 0.113281 0.266667 0.112500 0.265625 0.110937 0.253125 0.110156 0.252083 0.110937 0.247917 0.110937 0.246875 0.114062 0.244792 0.114844 0.243750 0.119531 0.243750 0.120313 0.243750 0.123438 0.241667
0 0.099219 0.280208 0.107813 0.282292 0.108594 0.282292 0.111719 0.290625 0.112500 0.291667 0.123438 0.291667 0.124219 0.291667 0.138281 0.302083 0.139063 0.302083 0.142969 0.311458 0.143750 0.312500 0.142969 0.321875 0.142969 0.322917 0.139844 0.327083 0.139063 0.328125 0.137500 0.328125 0.136719 0.329167 0.120313 0.330208 0.119531 0.330208 0.115625 0.327083 0.114844 0.326042 0.107813 0.322917 0.107031 0.322917 0.097656 0.313542 0.096875 0.312500 0.091406 0.310417 0.090625 0.310417 0.087500 0.306250 0.086719 0.305208 0.087500 0.300000 0.088281 0.298958 0.087500 0.289583 0.087500 0.288542 0.089063 0.285417 0.089063 0.284375 0.099219 0.280208
0 0.098437 0.262500 0.109375 0.263542 0.110156 0.263542 0.114844 0.269792 0.115625 0.270833 0.115625 0.275000 0.115625 0.276042 0.112500 0.280208 0.111719 0.281250 0.110156 0.281250 0.109375 0.282292 0.100781 0.280208 0.100000 0.280208 0.098437 0.269792 0.097656 0.268750 0.098437 0.262500
0 0.091406 0.236458 0.094531 0.236458 0.095312 0.236458 0.097656 0.241667 0.098437 0.242708 0.098437 0.252083 0.098437 0.253125 0.096875 0.256250 0.096094 0.257292 0.096094 0.267708 0.096094 0.268750 0.082031 0.295833 0.082031 0.296875 0.075781 0.303125 0.075000 0.304167 0.078906 0.308333 0.078906 0.309375 0.072656 0.313542 0.071875 0.314583 0.070312 0.313542 0.069531 0.313542 0.066406 0.307292 0.065625 0.306250 0.064062 0.296875 0.063281 0.295833 0.063281 0.272917 0.063281 0.271875 0.068750 0.248958 0.068750 0.247917 0.071875 0.242708 0.072656 0.241667 0.082812 0.241667 0.083594 0.241667 0.091406 0.236458
0 0.044531 0.275000 0.049219 0.275000 0.050000 0.275000 0.057813 0.282292 0.058594 0.283333 0.062500 0.297917 0.063281 0.298958 0.063281 0.303125 0.063281 0.304167 0.060937 0.309375 0.060937 0.310417 0.057813 0.311458 0.057031 0.312500 0.050000 0.312500 0.049219 0.312500 0.046094 0.309375 0.045312 0.308333 0.045312 0.307292 0.045312 0.306250 0.041406 0.301042 0.040625 0.300000 0.040625 0.284375 0.040625 0.283333 0.044531 0.275000
0 0.039844 0.301042 0.044531 0.303125 0.045312 0.304167 0.050000 0.323958 0.049219 0.325000 0.036719 0.325000 0.035937 0.325000 0.029687 0.329167 0.028906 0.329167 0.021094 0.321875 0.020313 0.320833 0.021875 0.310417 0.022656 0.309375 0.025781 0.308333 0.026562 0.308333 0.031250 0.304167 0.032031 0.303125 0.035937 0.303125 0.036719 0.303125 0.039844 0.301042
0 0.059375 0.230208 0.066406 0.235417 0.067187 0.236458 0.066406 0.240625 0.066406 0.241667 0.057031 0.246875 0.056250 0.247917 0.049219 0.246875 0.048438 0.246875 0.048438 0.240625 0.048438 0.239583 0.054688 0.233333 0.055469 0.232292 0.059375 0.230208
0 0.260156 0.345833 0.263281 0.345833 0.264062 0.345833 0.265625 0.347917 0.266406 0.348958 0.269531 0.350000 0.270313 0.351042 0.283594 0.354167 0.284375 0.354167 0.285156 0.355208 0.285938 0.356250 0.285938 0.359375 0.286719 0.360417 0.285156 0.363542 0.284375 0.364583 0.272656 0.370833 0.271875 0.371875 0.269531 0.378125 0.268750 0.379167 0.267188 0.387500 0.267188 0.388542 0.259375 0.397917 0.258594 0.398958 0.257812 0.410417 0.257812 0.411458 0.253125 0.428125 0.252344 0.429167 0.251563 0.436458 0.250781 0.437500 0.245312 0.423958 0.244531 0.422917 0.242969 0.415625 0.242188 0.414583 0.237500 0.382292 0.236719 0.381250 0.235937 0.367708 0.235937 0.366667 0.232813 0.361458 0.232813 0.360417 0.233594 0.358333 0.233594 0.357292 0.239844 0.351042 0.240625 0.350000 0.253125 0.350000 0.253906 0.350000 0.260156 0.345833
0 0.167969 0.456250 0.176563 0.458333 0.177344 0.459375 0.185156 0.458333 0.185938 0.458333 0.196094 0.460417 0.196875 0.460417 0.199219 0.462500 0.200000 0.462500 0.202344 0.469792 0.203125 0.470833 0.200000 0.481250 0.200000 0.482292 0.197656 0.484375 0.196875 0.485417 0.181250 0.483333 0.180469 0.483333 0.174219 0.487500 0.173437 0.488542 0.171094 0.488542 0.170313 0.489583 0.157812 0.487500 0.157031 0.487500 0.153125 0.478125 0.152344 0.477083 0.153906 0.471875 0.154688 0.470833 0.155469 0.462500 0.155469 0.461458 0.160156 0.458333 0.160938 0.457292 0.167969 0.456250
0 0.207813 0.482292 0.208594 0.482292 0.209375 0.483333 0.210938 0.488542 0.211719 0.489583 0.211719 0.502083 0.211719 0.503125 0.210156 0.510417 0.210156 0.511458 0.209375 0.512500 0.208594 0.513542 0.201563 0.515625 0.200781 0.516667 0.186719 0.516667 0.185938 0.516667 0.183594 0.513542 0.183594 0.512500 0.191406 0.504167 0.192188 0.503125 0.193750 0.492708 0.193750 0.491667 0.207813 0.482292
0 0.206250 0.481250 0.208594 0.481250 0.209375 0.482292 0.210938 0.488542 0.211719 0.489583 0.210938 0.511458 0.210156 0.512500 0.204687 0.514583 0.203906 0.515625 0.195312 0.516667 0.194531 0.517708 0.188281 0.517708 0.187500 0.517708 0.182031 0.515625 0.181250 0.515625 0.175781 0.519792 0.175000 0.520833 0.172656 0.520833 0.171875 0.520833 0.168750 0.517708 0.167969 0.516667 0.164062 0.505208 0.163281 0.504167 0.164062 0.491667 0.164844 0.490625 0.172656 0.490625 0.173437 0.490625 0.176563 0.488542 0.177344 0.487500 0.185938 0.487500 0.186719 0.487500 0.189062 0.489583 0.189844 0.490625 0.192188 0.490625 0.192969 0.490625 0.199219 0.486458 0.200000 0.486458 0.200781 0.484375 0.201563 0.483333 0.206250 0.481250
0 0.335156 0.421875 0.340625 0.422917 0.341406 0.422917 0.348438 0.432292 0.348438 0.433333 0.337500 0.444792 0.336719 0.445833 0.310156 0.467708 0.309375 0.468750 0.306250 0.468750 0.305469 0.468750 0.302344 0.466667 0.301563 0.466667 0.293750 0.470833 0.292969 0.471875 0.281250 0.471875 0.280469 0.471875 0.279687 0.473958 0.278906 0.475000 0.278906 0.480208 0.278906 0.481250 0.275781 0.483333 0.275000 0.484375 0.264844 0.478125 0.264062 0.478125 0.257812 0.469792 0.257031 0.468750 0.257812 0.461458 0.257812 0.460417 0.263281 0.455208 0.264062 0.454167 0.276562 0.453125 0.277344 0.453125 0.282031 0.447917 0.282813 0.446875 0.285938 0.446875 0.286719 0.446875 0.289844 0.450000 0.290625 0.451042 0.296094 0.450000 0.296875 0.450000 0.309375 0.442708 0.310156 0.441667 0.319531 0.439583 0.320312 0.438542 0.325000 0.439583 0.325781 0.440625 0.327344 0.439583 0.328125 0.439583 0.329688 0.437500 0.330469 0.436458 0.332031 0.429167 0.332031 0.428125 0.335156 0.421875
0 0.367188 0.383333 0.373437 0.383333 0.374219 0.383333 0.375781 0.386458 0.376563 0.387500 0.378125 0.404167 0.378125 0.405208 0.373437 0.412500 0.372656 0.413542 0.367188 0.409375 0.366406 0.409375 0.362500 0.403125 0.361719 0.402083 0.361719 0.395833 0.361719 0.394792 0.367188 0.383333
0 0.322656 0.318750 0.327344 0.319792 0.328125 0.319792 0.330469 0.322917 0.331250 0.323958 0.332031 0.332292 0.332031 0.333333 0.328125 0.337500 0.327344 0.338542 0.324219 0.338542 0.323437 0.338542 0.321094 0.336458 0.320312 0.336458 0.318750 0.334375 0.317969 0.333333 0.317969 0.331250 0.317188 0.330208 0.317188 0.327083 0.317188 0.326042 0.318750 0.322917 0.318750 0.321875 0.322656 0.318750
0 0.083594 0.483333 0.087500 0.484375 0.088281 0.484375 0.094531 0.489583 0.095312 0.490625 0.097656 0.498958 0.098437 0.500000 0.100000 0.511458 0.100000 0.512500 0.103906 0.526042 0.104688 0.527083 0.104688 0.534375 0.103906 0.535417 0.096875 0.536458 0.096094 0.536458 0.094531 0.537500 0.093750 0.538542 0.092188 0.542708 0.091406 0.543750 0.088281 0.542708 0.087500 0.542708 0.082812 0.535417 0.082812 0.534375 0.077344 0.529167 0.076563 0.529167 0.068750 0.518750 0.067969 0.517708 0.064062 0.509375 0.063281 0.508333 0.064062 0.503125 0.064844 0.502083 0.066406 0.501042 0.067187 0.501042 0.075781 0.489583 0.076563 0.488542 0.083594 0.483333
0 0.116406 0.491667 0.118750 0.491667 0.119531 0.491667 0.124219 0.501042 0.125000 0.502083 0.125000 0.511458 0.125000 0.512500 0.127344 0.518750 0.128125 0.519792 0.127344 0.535417 0.127344 0.536458 0.125000 0.539583 0.124219 0.540625 0.112500 0.537500 0.111719 0.537500 0.107031 0.529167 0.106250 0.528125 0.103125 0.515625 0.102344 0.514583 0.102344 0.508333 0.102344 0.507292 0.105469 0.503125 0.105469 0.502083 0.116406 0.491667
0 0.309375 0.563542 0.311719 0.564583 0.312500 0.564583 0.314063 0.567708 0.314844 0.568750 0.317188 0.584375 0.317188 0.585417 0.323437 0.606250 0.323437 0.607292 0.314844 0.621875 0.314063 0.622917 0.307812 0.623958 0.307031 0.623958 0.300781 0.629167 0.300000 0.630208 0.297656 0.630208 0.296875 0.630208 0.294531 0.628125 0.293750 0.627083 0.291406 0.621875 0.290625 0.620833 0.290625 0.607292 0.290625 0.606250 0.293750 0.594792 0.293750 0.593750 0.299219 0.581250 0.299219 0.580208 0.309375 0.563542
0 0.332813 0.569792 0.346094 0.575000 0.346875 0.576042 0.356250 0.578125 0.357031 0.578125 0.362500 0.584375 0.363281 0.585417 0.364063 0.588542 0.364844 0.589583 0.363281 0.594792 0.363281 0.595833 0.358594 0.603125 0.357812 0.604167 0.353906 0.613542 0.353906 0.614583 0.348438 0.620833 0.347656 0.621875 0.341406 0.622917 0.340625 0.623958 0.337500 0.622917 0.336719 0.622917 0.335156 0.619792 0.334375 0.618750 0.331250 0.607292 0.330469 0.606250 0.329688 0.597917 0.328906 0.596875 0.328906 0.578125 0.328906 0.577083 0.332813 0.569792
0 0.346094 0.536458 0.354687 0.537500 0.355469 0.537500 0.364063 0.542708 0.364844 0.543750 0.366406 0.558333 0.367188 0.559375 0.367188 0.566667 0.367188 0.567708 0.364844 0.576042 0.364063 0.577083 0.353906 0.578125 0.353125 0.578125 0.333594 0.569792 0.332813 0.568750 0.332813 0.563542 0.332813 0.562500 0.337500 0.546875 0.337500 0.545833 0.346094 0.536458
0 0.219531 0.564583 0.236719 0.566667 0.237500 0.567708 0.250000 0.567708 0.250781 0.568750 0.272656 0.567708 0.273438 0.567708 0.282813 0.564583 0.283594 0.564583 0.284375 0.565625 0.285156 0.565625 0.284375 0.568750 0.284375 0.569792 0.287500 0.572917 0.288281 0.573958 0.277344 0.575000 0.276562 0.575000 0.274219 0.577083 0.273438 0.577083 0.268750 0.587500 0.267969 0.588542 0.250781 0.589583 0.250000 0.589583 0.244531 0.587500 0.243750 0.586458 0.236719 0.586458 0.235937 0.586458 0.231250 0.581250 0.230469 0.580208 0.225000 0.579167 0.224219 0.579167 0.221875 0.577083 0.221094 0.577083 0.219531 0.575000 0.218750 0.573958 0.218750 0.571875 0.217969 0.570833 0.219531 0.564583
0 0.267188 0.591667 0.272656 0.591667 0.273438 0.591667 0.277344 0.593750 0.278125 0.593750 0.282031 0.597917 0.282813 0.598958 0.283594 0.603125 0.284375 0.604167 0.286719 0.616667 0.286719 0.617708 0.285156 0.620833 0.285156 0.621875 0.276562 0.632292 0.275781 0.633333 0.271875 0.633333 0.271094 0.633333 0.265625 0.625000 0.264844 0.623958 0.258594 0.621875 0.257812 0.621875 0.255469 0.618750 0.254688 0.617708 0.253906 0.608333 0.253906 0.607292 0.255469 0.602083 0.255469 0.601042 0.260937 0.595833 0.261719 0.594792 0.267188 0.591667
0 0.213281 0.654167 0.217969 0.654167 0.218750 0.654167 0.221875 0.658333 0.221875 0.659375 0.210938 0.683333 0.210938 0.684375 0.203906 0.696875 0.203906 0.697917 0.198437 0.705208 0.197656 0.706250 0.194531 0.706250 0.193750 0.706250 0.188281 0.698958 0.187500 0.697917 0.171094 0.666667 0.170313 0.665625 0.170313 0.663542 0.170313 0.662500 0.174219 0.660417 0.175000 0.659375 0.192969 0.657292 0.193750 0.656250 0.205469 0.656250 0.206250 0.656250 0.213281 0.654167
0 0.389062 0.640625 0.394531 0.642708 0.395313 0.642708 0.396875 0.646875 0.397656 0.647917 0.396094 0.651042 0.395313 0.652083 0.396094 0.660417 0.396094 0.661458 0.393750 0.665625 0.392969 0.666667 0.390625 0.675000 0.389844 0.676042 0.388281 0.677083 0.387500 0.677083 0.384375 0.675000 0.383594 0.675000 0.380469 0.679167 0.379688 0.680208 0.376563 0.681250 0.375781 0.681250 0.371875 0.677083 0.371094 0.677083 0.364063 0.666667 0.363281 0.665625 0.363281 0.657292 0.363281 0.656250 0.371094 0.646875 0.371875 0.645833 0.380469 0.646875 0.381250 0.646875 0.389062 0.640625
0 0.389062 0.640625 0.391406 0.640625 0.392188 0.640625 0.394531 0.642708 0.395313 0.642708 0.396875 0.645833 0.397656 0.646875 0.396875 0.652083 0.396094 0.653125 0.396875 0.659375 0.396875 0.660417 0.392188 0.671875 0.392188 0.672917 0.389062 0.676042 0.388281 0.677083 0.383594 0.677083 0.382812 0.677083 0.380469 0.680208 0.379688 0.680208 0.375000 0.686458 0.374219 0.687500 0.373437 0.695833 0.372656 0.696875 0.366406 0.692708 0.365625 0.691667 0.360156 0.691667 0.359375 0.691667 0.357031 0.689583 0.356250 0.689583 0.353125 0.685417 0.352344 0.684375 0.351562 0.679167 0.351562 0.678125 0.353125 0.675000 0.353906 0.673958 0.361719 0.666667 0.362500 0.665625 0.363281 0.656250 0.363281 0.655208 0.371094 0.646875 0.371875 0.645833 0.380469 0.646875 0.381250 0.646875 0.389062 0.640625
0 0.344531 0.634375 0.352344 0.634375 0.353125 0.634375 0.355469 0.637500 0.356250 0.638542 0.357031 0.643750 0.357812 0.644792 0.357812 0.647917 0.357812 0.648958 0.355469 0.652083 0.354687 0.653125 0.351562 0.661458 0.351562 0.662500 0.349219 0.665625 0.348438 0.666667 0.339844 0.668750 0.339062 0.668750 0.331250 0.673958 0.330469 0.675000 0.324219 0.676042 0.323437 0.677083 0.318750 0.677083 0.317969 0.677083 0.310937 0.668750 0.310156 0.667708 0.309375 0.664583 0.308594 0.663542 0.310156 0.657292 0.310937 0.656250 0.319531 0.650000 0.320312 0.648958 0.325781 0.646875 0.326562 0.646875 0.338281 0.637500 0.339062 0.636458 0.344531 0.634375
0 0.318750 0.677083 0.328906 0.678125 0.329688 0.678125 0.335938 0.684375 0.335938 0.685417 0.332031 0.686458 0.331250 0.686458 0.325781 0.692708 0.325000 0.693750 0.318750 0.696875 0.317969 0.696875 0.314063 0.693750 0.313281 0.693750 0.310156 0.689583 0.309375 0.688542 0.309375 0.686458 0.309375 0.685417 0.310937 0.682292 0.311719 0.681250 0.318750 0.677083
0 0.399219 0.705208 0.400000 0.705208 0.400781 0.705208 0.403906 0.710417 0.404687 0.711458 0.408594 0.709375 0.409375 0.708333 0.412500 0.708333 0.413281 0.708333 0.424219 0.712500 0.425000 0.712500 0.429688 0.720833 0.430469 0.721875 0.430469 0.729167 0.430469 0.730208 0.428906 0.733333 0.428906 0.734375 0.421094 0.741667 0.420312 0.742708 0.412500 0.746875 0.411719 0.747917 0.392969 0.750000 0.392188 0.750000 0.388281 0.741667 0.387500 0.740625 0.387500 0.729167 0.387500 0.728125 0.388281 0.726042 0.389062 0.725000 0.394531 0.727083 0.395313 0.728125 0.396094 0.727083 0.396875 0.726042 0.395313 0.721875 0.395313 0.720833 0.396875 0.717708 0.397656 0.716667 0.397656 0.707292 0.397656 0.706250 0.399219 0.705208
0 0.475781 0.680208 0.478125 0.680208 0.478906 0.680208 0.481250 0.682292 0.482031 0.683333 0.486719 0.698958 0.486719 0.700000 0.489844 0.706250 0.490625 0.707292 0.492188 0.715625 0.492188 0.716667 0.490625 0.719792 0.489844 0.720833 0.487500 0.721875 0.486719 0.722917 0.482031 0.722917 0.481250 0.722917 0.474219 0.711458 0.473438 0.712500 0.472656 0.714583 0.472656 0.715625 0.473438 0.719792 0.474219 0.720833 0.474219 0.736458 0.475000 0.737500 0.474219 0.750000 0.474219 0.751042 0.473438 0.753125 0.472656 0.754167 0.467969 0.755208 0.467187 0.755208 0.464844 0.753125 0.464062 0.752083 0.464062 0.747917 0.464062 0.746875 0.462500 0.742708 0.462500 0.741667 0.456250 0.737500 0.455469 0.736458 0.455469 0.702083 0.455469 0.701042 0.458594 0.690625 0.458594 0.689583 0.462500 0.682292 0.463281 0.681250 0.470313 0.684375 0.471094 0.684375 0.475781 0.680208
0 0.431250 0.609375 0.435156 0.609375 0.435937 0.609375 0.449219 0.616667 0.450000 0.616667 0.452344 0.620833 0.453125 0.621875 0.455469 0.630208 0.455469 0.631250 0.443750 0.642708 0.442969 0.642708 0.437500 0.651042 0.436719 0.652083 0.427344 0.657292 0.426563 0.657292 0.423438 0.655208 0.422656 0.655208 0.421875 0.653125 0.421094 0.652083 0.421094 0.640625 0.421094 0.639583 0.422656 0.632292 0.422656 0.631250 0.429688 0.616667 0.430469 0.615625 0.431250 0.609375
0 0.512500 0.733333 0.516406 0.734375 0.517188 0.734375 0.517969 0.744792 0.517969 0.745833 0.516406 0.748958 0.515625 0.750000 0.507812 0.755208 0.507031 0.756250 0.502344 0.756250 0.501563 0.756250 0.498437 0.752083 0.497656 0.751042 0.496875 0.746875 0.496875 0.745833 0.498437 0.742708 0.499219 0.741667 0.503125 0.738542 0.503906 0.737500 0.512500 0.733333
0 0.526563 0.741667 0.531250 0.741667 0.532031 0.741667 0.533594 0.743750 0.534375 0.743750 0.536719 0.748958 0.537500 0.750000 0.537500 0.754167 0.538281 0.755208 0.535937 0.764583 0.535937 0.765625 0.530469 0.769792 0.529687 0.770833 0.525781 0.770833 0.525000 0.770833 0.516406 0.764583 0.515625 0.763542 0.515625 0.755208 0.515625 0.754167 0.518750 0.746875 0.518750 0.745833 0.526563 0.741667
0 0.512500 0.733333 0.516406 0.733333 0.517188 0.734375 0.517969 0.744792 0.517969 0.745833 0.514844 0.750000 0.514062 0.751042 0.504687 0.757292 0.503906 0.757292 0.502344 0.761458 0.502344 0.762500 0.495312 0.770833 0.494531 0.771875 0.489844 0.772917 0.489063 0.772917 0.485156 0.763542 0.484375 0.762500 0.484375 0.758333 0.484375 0.757292 0.489063 0.752083 0.489844 0.752083 0.493750 0.744792 0.494531 0.743750 0.505469 0.736458 0.506250 0.735417 0.512500 0.733333
0 0.489844 0.773958 0.497656 0.780208 0.498437 0.781250 0.499219 0.784375 0.499219 0.785417 0.497656 0.787500 0.496875 0.788542 0.493750 0.789583 0.492969 0.789583 0.488281 0.785417 0.487500 0.784375 0.485938 0.778125 0.485938 0.777083 0.489844 0.773958
0 0.468750 0.758333 0.473438 0.760417 0.474219 0.760417 0.483594 0.777083 0.484375 0.778125 0.495312 0.812500 0.496094 0.813542 0.496094 0.818750 0.496094 0.819792 0.493750 0.823958 0.492969 0.825000 0.482031 0.833333 0.481250 0.834375 0.476562 0.836458 0.475781 0.837500 0.470313 0.836458 0.469531 0.836458 0.464062 0.829167 0.463281 0.828125 0.457031 0.822917 0.456250 0.821875 0.453906 0.812500 0.453906 0.811458 0.444531 0.796875 0.443750 0.795833 0.439844 0.785417 0.439063 0.784375 0.439844 0.779167 0.439844 0.778125 0.441406 0.776042 0.442188 0.775000 0.468750 0.758333
0 0.570312 0.661458 0.578125 0.661458 0.578906 0.661458 0.583594 0.664583 0.584375 0.664583 0.584375 0.667708 0.585156 0.668750 0.584375 0.678125 0.584375 0.679167 0.578906 0.688542 0.578906 0.689583 0.572656 0.695833 0.571875 0.696875 0.567969 0.694792 0.567187 0.693750 0.564063 0.683333 0.563281 0.682292 0.562500 0.675000 0.561719 0.673958 0.562500 0.667708 0.562500 0.666667 0.570312 0.661458
0 0.591406 0.634375 0.598437 0.634375 0.599219 0.634375 0.601562 0.636458 0.602344 0.637500 0.602344 0.647917 0.602344 0.648958 0.600781 0.657292 0.600781 0.658333 0.599219 0.663542 0.598437 0.664583 0.594531 0.663542 0.593750 0.663542 0.590625 0.665625 0.589844 0.666667 0.585156 0.666667 0.584375 0.666667 0.579688 0.662500 0.578906 0.662500 0.578125 0.659375 0.578125 0.658333 0.587500 0.638542 0.587500 0.637500 0.591406 0.634375
0 0.616406 0.655208 0.628125 0.655208 0.628906 0.655208 0.638281 0.657292 0.639062 0.657292 0.640625 0.658333 0.641406 0.659375 0.641406 0.667708 0.641406 0.668750 0.636719 0.670833 0.635938 0.671875 0.617188 0.673958 0.616406 0.673958 0.611719 0.665625 0.610938 0.664583 0.611719 0.659375 0.611719 0.658333 0.616406 0.655208
0 0.587500 0.583333 0.592187 0.585417 0.592969 0.586458 0.592187 0.588542 0.592187 0.589583 0.593750 0.593750 0.594531 0.594792 0.598437 0.593750 0.599219 0.593750 0.607031 0.598958 0.607812 0.598958 0.609375 0.602083 0.610156 0.603125 0.611719 0.615625 0.610938 0.616667 0.603906 0.619792 0.603125 0.620833 0.597656 0.619792 0.596875 0.618750 0.587500 0.619792 0.586719 0.619792 0.585156 0.617708 0.584375 0.616667 0.581250 0.610417 0.581250 0.609375 0.568750 0.592708 0.567969 0.591667 0.567969 0.588542 0.567969 0.587500 0.568750 0.586458 0.569531 0.585417 0.583594 0.585417 0.584375 0.585417 0.587500 0.583333
0 0.650000 0.468750 0.657031 0.469792 0.657813 0.469792 0.663281 0.473958 0.664062 0.475000 0.668750 0.503125 0.668750 0.504167 0.673438 0.516667 0.673438 0.517708 0.683594 0.537500 0.683594 0.538542 0.688281 0.543750 0.689063 0.544792 0.700000 0.562500 0.700781 0.563542 0.702344 0.571875 0.703125 0.572917 0.703125 0.575000 0.703125 0.576042 0.700781 0.579167 0.700000 0.580208 0.696094 0.582292 0.695312 0.583333 0.686719 0.585417 0.685937 0.585417 0.675000 0.594792 0.674219 0.595833 0.671094 0.596875 0.670312 0.596875 0.668750 0.606250 0.668750 0.607292 0.671094 0.610417 0.670312 0.611458 0.666406 0.610417 0.665625 0.610417 0.664844 0.607292 0.664062 0.606250 0.655469 0.602083 0.654687 0.601042 0.642969 0.569792 0.642188 0.568750 0.635156 0.529167 0.634375 0.528125 0.633594 0.513542 0.633594 0.512500 0.635938 0.497917 0.635938 0.496875 0.642188 0.481250 0.642188 0.480208 0.650000 0.468750
0 0.675000 0.465625 0.683594 0.465625 0.684375 0.465625 0.694531 0.468750 0.695312 0.468750 0.699219 0.482292 0.699219 0.483333 0.703906 0.493750 0.703906 0.494792 0.716406 0.514583 0.717187 0.515625 0.717969 0.520833 0.718750 0.521875 0.718750 0.535417 0.718750 0.536458 0.716406 0.565625 0.716406 0.566667 0.714844 0.569792 0.714063 0.570833 0.710938 0.568750 0.710156 0.568750 0.705469 0.562500 0.704688 0.562500 0.688281 0.540625 0.687500 0.539583 0.676562 0.520833 0.675781 0.519792 0.671875 0.509375 0.671094 0.508333 0.664844 0.471875 0.664844 0.470833 0.667188 0.467708 0.667969 0.466667 0.675000 0.465625
0 0.706250 0.580208 0.708594 0.580208 0.709375 0.580208 0.710156 0.582292 0.710938 0.583333 0.710156 0.607292 0.710156 0.608333 0.710938 0.612500 0.711719 0.613542 0.711719 0.620833 0.711719 0.621875 0.709375 0.632292 0.709375 0.633333 0.703906 0.644792 0.703125 0.644792 0.698438 0.641667 0.697656 0.641667 0.689844 0.629167 0.689063 0.628125 0.679688 0.622917 0.678906 0.621875 0.671875 0.601042 0.671094 0.600000 0.671875 0.597917 0.672656 0.596875 0.685156 0.588542 0.685937 0.587500 0.706250 0.580208
0 0.822656 0.593750 0.826562 0.593750 0.827344 0.593750 0.838281 0.601042 0.839063 0.601042 0.850781 0.613542 0.851562 0.614583 0.851562 0.621875 0.851562 0.622917 0.850781 0.625000 0.850000 0.626042 0.849219 0.633333 0.849219 0.634375 0.845313 0.640625 0.844531 0.641667 0.827344 0.641667 0.826562 0.641667 0.821875 0.636458 0.821094 0.635417 0.812500 0.629167 0.811719 0.629167 0.807813 0.622917 0.807031 0.621875 0.801562 0.616667 0.800781 0.615625 0.800000 0.610417 0.800000 0.609375 0.805469 0.598958 0.806250 0.597917 0.808594 0.596875 0.809375 0.595833 0.814063 0.596875 0.814844 0.596875 0.822656 0.593750
0 0.812500 0.495833 0.815625 0.495833 0.816406 0.495833 0.818750 0.498958 0.819531 0.500000 0.820312 0.504167 0.821094 0.505208 0.823438 0.523958 0.824219 0.525000 0.825000 0.539583 0.825781 0.540625 0.824219 0.551042 0.823438 0.552083 0.818750 0.552083 0.817969 0.552083 0.815625 0.550000 0.814844 0.548958 0.813281 0.544792 0.812500 0.543750 0.812500 0.532292 0.812500 0.531250 0.809375 0.523958 0.808594 0.522917 0.808594 0.512500 0.808594 0.511458 0.810937 0.497917 0.810937 0.496875 0.812500 0.495833
0 0.742188 0.562500 0.746875 0.563542 0.747656 0.564583 0.756250 0.578125 0.757031 0.579167 0.757031 0.585417 0.757031 0.586458 0.750781 0.590625 0.750000 0.591667 0.743750 0.593750 0.742969 0.594792 0.735156 0.594792 0.734375 0.594792 0.732812 0.591667 0.732812 0.590625 0.736719 0.581250 0.737500 0.580208 0.738281 0.569792 0.738281 0.568750 0.739844 0.565625 0.739844 0.564583 0.742188 0.562500
0 0.739844 0.613542 0.745313 0.614583 0.746094 0.615625 0.748437 0.623958 0.749219 0.625000 0.749219 0.631250 0.749219 0.632292 0.742969 0.655208 0.742969 0.656250 0.736719 0.660417 0.735938 0.661458 0.729688 0.653125 0.728906 0.652083 0.727344 0.630208 0.727344 0.629167 0.730469 0.622917 0.731250 0.621875 0.734375 0.619792 0.735156 0.619792 0.739844 0.613542
0 0.754687 0.588542 0.757812 0.589583 0.758594 0.590625 0.758594 0.596875 0.758594 0.597917 0.753125 0.604167 0.752344 0.605208 0.744531 0.609375 0.743750 0.610417 0.738281 0.611458 0.737500 0.612500 0.727344 0.612500 0.726562 0.612500 0.723437 0.610417 0.722656 0.610417 0.717187 0.602083 0.716406 0.601042 0.717187 0.598958 0.717969 0.597917 0.719531 0.597917 0.720313 0.596875 0.740625 0.594792 0.741406 0.594792 0.754687 0.588542
0 0.710938 0.579167 0.717969 0.579167 0.718750 0.579167 0.724219 0.581250 0.725000 0.581250 0.726562 0.585417 0.727344 0.586458 0.725781 0.591667 0.725781 0.592708 0.721094 0.595833 0.720313 0.595833 0.717187 0.591667 0.716406 0.590625 0.714063 0.590625 0.713281 0.590625 0.711719 0.587500 0.711719 0.586458 0.706250 0.581250 0.705469 0.581250 0.710938 0.579167
0 0.753906 0.552083 0.757812 0.554167 0.758594 0.554167 0.761719 0.559375 0.762500 0.560417 0.762500 0.565625 0.762500 0.566667 0.757812 0.572917 0.757031 0.573958 0.757812 0.586458 0.757812 0.587500 0.760156 0.594792 0.760938 0.595833 0.760156 0.598958 0.760156 0.600000 0.741406 0.610417 0.740625 0.611458 0.738281 0.611458 0.737500 0.612500 0.727344 0.612500 0.726562 0.612500 0.722656 0.609375 0.721875 0.609375 0.717187 0.602083 0.716406 0.601042 0.715625 0.595833 0.714844 0.594792 0.714063 0.589583 0.714063 0.588542 0.715625 0.582292 0.715625 0.581250 0.716406 0.580208 0.717187 0.579167 0.719531 0.579167 0.720313 0.579167 0.721875 0.577083 0.722656 0.576042 0.723437 0.571875 0.723437 0.570833 0.734375 0.557292 0.735156 0.556250 0.739844 0.554167 0.740625 0.553125 0.749219 0.554167 0.750000 0.554167 0.753906 0.552083
0 0.763281 0.608333 0.771094 0.612500 0.771875 0.612500 0.784375 0.625000 0.785156 0.626042 0.787500 0.632292 0.787500 0.633333 0.783594 0.639583 0.782813 0.640625 0.775781 0.641667 0.775000 0.641667 0.769531 0.638542 0.768750 0.638542 0.764062 0.629167 0.764062 0.628125 0.757812 0.618750 0.757031 0.617708 0.757031 0.612500 0.757031 0.611458 0.763281 0.608333
0 0.755469 0.631250 0.758594 0.631250 0.759375 0.631250 0.764844 0.636458 0.765625 0.637500 0.767188 0.647917 0.767188 0.648958 0.765625 0.653125 0.765625 0.654167 0.757812 0.662500 0.757031 0.663542 0.753125 0.665625 0.752344 0.666667 0.746875 0.666667 0.746094 0.666667 0.744531 0.662500 0.743750 0.661458 0.743750 0.653125 0.743750 0.652083 0.750000 0.636458 0.750000 0.635417 0.755469 0.631250
0 0.756250 0.668750 0.757812 0.668750 0.758594 0.668750 0.761719 0.671875 0.762500 0.672917 0.763281 0.678125 0.764062 0.679167 0.764062 0.683333 0.764062 0.684375 0.762500 0.688542 0.762500 0.689583 0.760938 0.691667 0.760156 0.692708 0.750000 0.698958 0.749219 0.700000 0.738281 0.697917 0.737500 0.697917 0.736719 0.681250 0.736719 0.680208 0.738281 0.675000 0.738281 0.673958 0.750000 0.671875 0.750781 0.671875 0.756250 0.668750
0 0.777344 0.643750 0.783594 0.643750 0.784375 0.644792 0.784375 0.648958 0.784375 0.650000 0.786719 0.657292 0.787500 0.658333 0.786719 0.661458 0.786719 0.662500 0.775781 0.678125 0.775000 0.679167 0.771094 0.680208 0.770312 0.681250 0.767188 0.680208 0.766406 0.680208 0.764844 0.676042 0.764062 0.675000 0.764844 0.659375 0.764844 0.658333 0.770312 0.652083 0.771094 0.652083 0.774219 0.645833 0.775000 0.644792 0.777344 0.643750
0 0.708594 0.646875 0.714844 0.648958 0.715625 0.648958 0.720313 0.657292 0.721094 0.658333 0.721094 0.660417 0.721094 0.661458 0.716406 0.670833 0.716406 0.671875 0.714063 0.672917 0.713281 0.673958 0.706250 0.669792 0.705469 0.669792 0.703125 0.666667 0.702344 0.665625 0.703125 0.652083 0.703125 0.651042 0.704688 0.648958 0.705469 0.647917 0.708594 0.646875
0 0.696094 0.639583 0.703906 0.645833 0.704688 0.646875 0.714063 0.647917 0.714844 0.647917 0.717969 0.652083 0.718750 0.653125 0.720313 0.656250 0.721094 0.657292 0.721094 0.661458 0.721094 0.662500 0.717187 0.671875 0.716406 0.672917 0.713281 0.673958 0.712500 0.673958 0.696875 0.665625 0.696094 0.665625 0.695312 0.660417 0.694531 0.659375 0.696094 0.639583
0 0.710938 0.473958 0.719531 0.477083 0.720313 0.478125 0.733594 0.480208 0.734375 0.480208 0.735156 0.481250 0.735938 0.482292 0.735938 0.485417 0.735938 0.486458 0.734375 0.487500 0.733594 0.488542 0.732812 0.491667 0.732812 0.492708 0.736719 0.497917 0.737500 0.498958 0.737500 0.503125 0.737500 0.504167 0.730469 0.506250 0.729688 0.506250 0.726562 0.511458 0.725781 0.512500 0.713281 0.507292 0.712500 0.507292 0.707812 0.500000 0.707031 0.498958 0.705469 0.493750 0.704688 0.492708 0.704688 0.488542 0.703906 0.487500 0.705469 0.478125 0.705469 0.477083 0.710938 0.473958
0 0.707031 0.433333 0.711719 0.434375 0.712500 0.434375 0.721875 0.447917 0.722656 0.448958 0.726562 0.465625 0.726562 0.466667 0.725000 0.471875 0.725000 0.472917 0.721875 0.476042 0.721094 0.477083 0.716406 0.475000 0.715625 0.475000 0.714063 0.472917 0.713281 0.472917 0.707031 0.458333 0.707031 0.457292 0.702344 0.452083 0.701562 0.451042 0.699219 0.445833 0.698438 0.444792 0.698438 0.440625 0.698438 0.439583 0.700781 0.436458 0.701562 0.435417 0.707031 0.433333
0 0.681250 0.415625 0.685937 0.415625 0.686719 0.415625 0.688281 0.417708 0.689063 0.418750 0.697656 0.416667 0.698438 0.416667 0.701562 0.419792 0.702344 0.420833 0.703125 0.431250 0.703125 0.432292 0.696094 0.443750 0.695312 0.444792 0.692969 0.445833 0.692187 0.446875 0.685937 0.446875 0.685156 0.446875 0.678906 0.443750 0.678125 0.442708 0.675781 0.434375 0.675000 0.433333 0.675000 0.428125 0.675000 0.427083 0.681250 0.415625
0 0.667969 0.377083 0.677344 0.377083 0.678125 0.377083 0.679688 0.379167 0.680469 0.379167 0.685156 0.394792 0.685937 0.395833 0.685156 0.404167 0.685156 0.405208 0.681250 0.411458 0.681250 0.412500 0.674219 0.419792 0.673438 0.420833 0.673438 0.427083 0.673438 0.428125 0.675781 0.439583 0.675781 0.440625 0.671875 0.444792 0.671094 0.445833 0.670312 0.457292 0.669531 0.458333 0.661719 0.453125 0.660937 0.452083 0.660937 0.434375 0.660937 0.433333 0.659375 0.425000 0.659375 0.423958 0.657031 0.416667 0.657031 0.415625 0.654687 0.412500 0.653906 0.411458 0.651563 0.396875 0.650781 0.395833 0.650781 0.389583 0.650781 0.388542 0.653906 0.384375 0.654687 0.383333 0.667969 0.377083
0 0.966406 0.637500 0.971094 0.639583 0.971875 0.639583 0.978125 0.648958 0.978906 0.650000 0.981250 0.651042 0.982031 0.652083 0.988281 0.653125 0.989062 0.653125 0.998437 0.657292 0.999219 0.657292 0.999219 0.762500 0.999219 0.763542 0.993750 0.759375 0.992969 0.758333 0.992188 0.751042 0.992188 0.750000 0.984375 0.736458 0.983594 0.735417 0.978125 0.713542 0.978125 0.712500 0.971094 0.695833 0.970313 0.694792 0.968750 0.684375 0.968750 0.683333 0.960938 0.664583 0.960156 0.663542 0.960156 0.657292 0.960156 0.656250 0.962500 0.643750 0.962500 0.642708 0.966406 0.637500
0 0.976562 0.736458 0.978906 0.737500 0.979688 0.737500 0.981250 0.741667 0.982031 0.742708 0.984694 0.741931 0.988139 0.745597 0.992943 0.754161 0.999137 0.770292 0.985938 0.791667 0.985938 0.792708 0.984375 0.795833 0.984375 0.796875 0.976562 0.807292 0.975781 0.808333 0.975000 0.814583 0.975000 0.815625 0.971875 0.818750 0.971094 0.819792 0.966406 0.819792 0.965625 0.819792 0.964063 0.818750 0.963281 0.817708 0.960156 0.810417 0.959375 0.809375 0.955469 0.807292 0.954688 0.806250 0.952344 0.789583 0.952344 0.788542 0.953906 0.785417 0.954688 0.784375 0.957031 0.783333 0.957812 0.782292 0.958594 0.777083 0.958594 0.776042 0.964063 0.764583 0.964844 0.763542 0.968750 0.747917 0.968750 0.746875 0.972656 0.740625 0.972656 0.739583 0.976562 0.736458
0 0.935156 0.796875 0.939063 0.797917 0.939844 0.797917 0.945312 0.802083 0.946094 0.802083 0.951562 0.808333 0.952344 0.808333 0.957031 0.815625 0.957812 0.816667 0.963281 0.821875 0.964063 0.821875 0.978125 0.839583 0.978906 0.839583 0.988281 0.852083 0.989062 0.853125 0.993750 0.863542 0.993750 0.864583 0.957812 0.864583 0.957031 0.864583 0.947656 0.848958 0.946875 0.847917 0.941406 0.833333 0.941406 0.832292 0.930469 0.814583 0.929688 0.813542 0.930469 0.810417 0.930469 0.809375 0.932813 0.807292 0.933594 0.806250 0.935156 0.796875
0 0.859375 0.808333 0.866406 0.810417 0.867188 0.810417 0.869531 0.814583 0.870313 0.815625 0.871094 0.823958 0.871094 0.825000 0.869531 0.829167 0.868750 0.830208 0.868750 0.841667 0.868750 0.842708 0.862500 0.848958 0.861719 0.850000 0.857031 0.850000 0.856250 0.850000 0.842187 0.841667 0.841406 0.841667 0.833594 0.830208 0.833594 0.829167 0.835156 0.826042 0.835938 0.825000 0.839844 0.822917 0.840625 0.821875 0.848437 0.820833 0.849219 0.820833 0.851562 0.815625 0.851562 0.814583 0.859375 0.808333
0 0.790625 0.745833 0.793750 0.745833 0.794531 0.745833 0.796094 0.747917 0.796875 0.748958 0.799219 0.755208 0.800000 0.756250 0.800000 0.760417 0.800000 0.761458 0.802344 0.768750 0.802344 0.769792 0.807031 0.776042 0.807813 0.777083 0.806250 0.787500 0.806250 0.788542 0.803906 0.793750 0.803125 0.794792 0.799219 0.794792 0.798438 0.794792 0.790625 0.790625 0.789844 0.790625 0.783594 0.786458 0.782813 0.786458 0.778125 0.781250 0.777344 0.780208 0.778125 0.777083 0.778125 0.776042 0.783594 0.765625 0.784375 0.764583 0.784375 0.758333 0.784375 0.757292 0.785937 0.753125 0.785937 0.752083 0.790625 0.745833
0 0.760938 0.821875 0.765625 0.821875 0.766406 0.821875 0.778906 0.830208 0.779687 0.831250 0.780469 0.846875 0.780469 0.847917 0.778906 0.863542 0.778125 0.864583 0.775000 0.864583 0.774219 0.864583 0.771094 0.861458 0.770312 0.860417 0.762500 0.856250 0.761719 0.856250 0.752344 0.845833 0.751563 0.844792 0.751563 0.838542 0.751563 0.837500 0.760938 0.821875
0 0.727344 0.767708 0.732812 0.767708 0.733594 0.767708 0.735156 0.769792 0.735938 0.770833 0.739844 0.797917 0.740625 0.798958 0.739844 0.807292 0.739844 0.808333 0.736719 0.815625 0.735938 0.816667 0.717969 0.816667 0.717187 0.816667 0.712500 0.818750 0.711719 0.818750 0.709375 0.815625 0.708594 0.814583 0.707812 0.806250 0.707812 0.805208 0.712500 0.798958 0.713281 0.797917 0.713281 0.788542 0.713281 0.787500 0.714063 0.786458 0.714844 0.785417 0.715625 0.773958 0.715625 0.772917 0.717969 0.770833 0.718750 0.769792 0.727344 0.767708
0 0.730469 0.746875 0.733594 0.747917 0.734375 0.748958 0.733594 0.756250 0.732812 0.757292 0.728906 0.760417 0.728125 0.760417 0.721875 0.767708 0.721094 0.768750 0.716406 0.768750 0.715625 0.768750 0.713281 0.766667 0.712500 0.765625 0.712500 0.752083 0.713281 0.751042 0.730469 0.746875
0 0.686719 0.758333 0.690625 0.758333 0.691406 0.759375 0.693750 0.765625 0.694531 0.766667 0.693750 0.770833 0.693750 0.771875 0.690625 0.773958 0.689844 0.775000 0.686719 0.775000 0.685937 0.775000 0.678125 0.771875 0.677344 0.771875 0.675781 0.769792 0.675000 0.768750 0.675781 0.763542 0.676562 0.762500 0.686719 0.758333
0 0.805469 0.669792 0.812500 0.673958 0.813281 0.673958 0.811719 0.688542 0.811719 0.689583 0.810156 0.691667 0.809375 0.692708 0.807813 0.692708 0.807031 0.693750 0.802344 0.691667 0.801562 0.691667 0.797656 0.687500 0.796875 0.686458 0.797656 0.678125 0.797656 0.677083 0.803125 0.672917 0.803906 0.672917 0.805469 0.669792
0 0.403125 0.213542 0.407031 0.213542 0.407813 0.213542 0.414844 0.219792 0.415625 0.219792 0.417187 0.226042 0.417969 0.227083 0.417969 0.236458 0.417969 0.237500 0.416406 0.240625 0.415625 0.241667 0.416406 0.244792 0.416406 0.245833 0.418750 0.246875 0.419531 0.247917 0.427344 0.248958 0.428125 0.248958 0.429688 0.251042 0.430469 0.251042 0.434375 0.260417 0.435156 0.261458 0.428906 0.267708 0.428125 0.268750 0.427344 0.277083 0.427344 0.278125 0.424219 0.281250 0.423438 0.282292 0.408594 0.279167 0.407813 0.279167 0.396875 0.273958 0.396094 0.273958 0.389062 0.266667 0.388281 0.266667 0.382031 0.257292 0.381250 0.256250 0.380469 0.253125 0.380469 0.252083 0.375000 0.246875 0.374219 0.246875 0.372656 0.242708 0.371875 0.241667 0.371094 0.237500 0.371094 0.236458 0.379688 0.228125 0.380469 0.227083 0.385156 0.225000 0.385937 0.225000 0.387500 0.221875 0.388281 0.220833 0.392969 0.219792 0.393750 0.219792 0.403125 0.213542
0 0.535937 0.279167 0.540625 0.279167 0.541406 0.279167 0.557813 0.290625 0.558594 0.290625 0.578125 0.314583 0.578906 0.315625 0.582812 0.323958 0.583594 0.325000 0.583594 0.329167 0.583594 0.330208 0.580469 0.334375 0.579688 0.335417 0.568750 0.326042 0.567969 0.325000 0.561719 0.321875 0.560937 0.321875 0.557031 0.316667 0.556250 0.315625 0.550781 0.313542 0.550000 0.312500 0.542188 0.313542 0.541406 0.314583 0.521875 0.313542 0.521094 0.313542 0.511719 0.318750 0.510938 0.319792 0.507812 0.318750 0.507031 0.318750 0.504687 0.314583 0.504687 0.313542 0.506250 0.309375 0.506250 0.308333 0.510156 0.303125 0.510156 0.302083 0.531250 0.284375 0.532031 0.284375 0.535937 0.279167
0 0.640625 0.276042 0.644531 0.276042 0.645312 0.276042 0.652344 0.282292 0.653125 0.282292 0.655469 0.286458 0.656250 0.287500 0.655469 0.298958 0.655469 0.300000 0.657813 0.306250 0.658594 0.307292 0.659375 0.317708 0.659375 0.318750 0.652344 0.341667 0.652344 0.342708 0.643750 0.354167 0.642969 0.355208 0.641406 0.362500 0.641406 0.363542 0.636719 0.373958 0.635938 0.375000 0.634375 0.405208 0.634375 0.406250 0.631250 0.406250 0.630469 0.406250 0.624219 0.411458 0.623437 0.411458 0.617969 0.407292 0.617188 0.407292 0.611719 0.400000 0.610938 0.398958 0.604688 0.394792 0.603906 0.394792 0.601562 0.391667 0.600781 0.391667 0.596094 0.376042 0.596094 0.375000 0.589844 0.365625 0.589063 0.364583 0.588281 0.357292 0.588281 0.356250 0.586719 0.352083 0.585938 0.351042 0.582812 0.336458 0.582031 0.335417 0.589063 0.325000 0.589844 0.323958 0.594531 0.319792 0.595313 0.318750 0.598437 0.306250 0.599219 0.305208 0.599219 0.300000 0.599219 0.298958 0.601562 0.292708 0.602344 0.291667 0.610938 0.285417 0.611719 0.284375 0.617188 0.283333 0.617969 0.282292 0.624219 0.282292 0.625000 0.282292 0.632812 0.285417 0.633594 0.285417 0.640625 0.276042
0 0.546875 0.314583 0.552344 0.314583 0.553125 0.314583 0.569531 0.331250 0.570312 0.332292 0.575000 0.332292 0.575781 0.332292 0.578906 0.334375 0.579688 0.334375 0.583594 0.347917 0.584375 0.348958 0.584375 0.354167 0.584375 0.355208 0.578906 0.360417 0.578125 0.361458 0.571875 0.363542 0.571094 0.364583 0.559375 0.360417 0.558594 0.360417 0.557813 0.359375 0.557031 0.358333 0.556250 0.347917 0.556250 0.346875 0.543750 0.332292 0.542969 0.331250 0.541406 0.326042 0.540625 0.325000 0.540625 0.318750 0.540625 0.317708 0.546875 0.314583
0 0.544531 0.314583 0.552344 0.314583 0.553125 0.314583 0.559375 0.320833 0.560156 0.321875 0.567969 0.326042 0.568750 0.326042 0.571094 0.329167 0.571875 0.330208 0.578125 0.334375 0.578906 0.334375 0.582812 0.343750 0.583594 0.344792 0.584375 0.354167 0.585156 0.355208 0.580469 0.360417 0.579688 0.361458 0.579688 0.369792 0.579688 0.370833 0.575000 0.373958 0.574219 0.375000 0.562500 0.377083 0.561719 0.377083 0.557813 0.386458 0.557031 0.387500 0.557813 0.392708 0.558594 0.393750 0.563281 0.393750 0.564063 0.393750 0.573438 0.397917 0.574219 0.397917 0.575781 0.400000 0.576562 0.401042 0.578906 0.412500 0.578906 0.413542 0.582031 0.420833 0.582812 0.421875 0.582031 0.425000 0.581250 0.426042 0.575781 0.427083 0.575000 0.427083 0.572656 0.426042 0.571875 0.425000 0.567969 0.425000 0.567187 0.425000 0.564063 0.420833 0.563281 0.419792 0.548438 0.412500 0.547656 0.411458 0.544531 0.411458 0.543750 0.411458 0.538281 0.417708 0.537500 0.418750 0.533594 0.418750 0.532813 0.418750 0.528906 0.414583 0.528125 0.413542 0.526563 0.409375 0.525781 0.408333 0.525781 0.403125 0.525781 0.402083 0.532031 0.390625 0.532813 0.389583 0.535937 0.367708 0.536719 0.366667 0.536719 0.362500 0.536719 0.361458 0.532031 0.357292 0.531250 0.356250 0.531250 0.351042 0.531250 0.350000 0.538281 0.341667 0.539062 0.340625 0.544531 0.336458 0.545312 0.335417 0.542188 0.330208 0.541406 0.329167 0.540625 0.322917 0.539844 0.321875 0.540625 0.317708 0.540625 0.316667 0.544531 0.314583
0 0.457813 0.372917 0.469531 0.373958 0.470313 0.373958 0.471875 0.376042 0.472656 0.376042 0.475781 0.380208 0.476562 0.381250 0.475781 0.390625 0.475781 0.391667 0.475000 0.392708 0.474219 0.393750 0.460156 0.392708 0.459375 0.392708 0.457031 0.389583 0.456250 0.388542 0.454688 0.383333 0.453906 0.382292 0.453906 0.378125 0.453906 0.377083 0.457813 0.372917
0 0.475781 0.381250 0.483594 0.382292 0.484375 0.382292 0.495312 0.393750 0.496094 0.394792 0.500781 0.408333 0.501563 0.409375 0.500781 0.416667 0.500000 0.417708 0.493750 0.417708 0.492969 0.417708 0.486719 0.412500 0.485938 0.411458 0.478125 0.409375 0.477344 0.409375 0.475000 0.406250 0.474219 0.405208 0.474219 0.391667 0.474219 0.390625 0.475781 0.381250
0 0.456250 0.405208 0.459375 0.405208 0.460156 0.405208 0.467187 0.409375 0.467969 0.409375 0.469531 0.415625 0.469531 0.416667 0.465625 0.421875 0.464844 0.422917 0.463281 0.432292 0.463281 0.433333 0.461719 0.435417 0.460938 0.436458 0.454688 0.438542 0.453906 0.438542 0.448437 0.436458 0.447656 0.436458 0.444531 0.433333 0.443750 0.433333 0.442188 0.427083 0.441406 0.426042 0.441406 0.421875 0.441406 0.420833 0.447656 0.410417 0.448437 0.409375 0.456250 0.405208
0 0.403125 0.213542 0.407031 0.213542 0.407813 0.213542 0.414844 0.219792 0.415625 0.219792 0.417187 0.227083 0.417969 0.228125 0.417969 0.236458 0.417969 0.237500 0.416406 0.239583 0.415625 0.240625 0.415625 0.243750 0.415625 0.244792 0.418750 0.246875 0.419531 0.247917 0.427344 0.248958 0.428125 0.248958 0.429688 0.251042 0.430469 0.251042 0.434375 0.260417 0.435156 0.261458 0.428906 0.267708 0.428125 0.268750 0.427344 0.277083 0.427344 0.278125 0.424219 0.281250 0.423438 0.282292 0.408594 0.279167 0.407813 0.279167 0.395313 0.272917 0.394531 0.272917 0.386719 0.264583 0.385937 0.263542 0.380469 0.253125 0.380469 0.252083 0.376563 0.247917 0.375781 0.247917 0.372656 0.242708 0.371875 0.241667 0.371875 0.235417 0.372656 0.234375 0.385156 0.225000 0.385937 0.225000 0.387500 0.221875 0.388281 0.220833 0.393750 0.219792 0.394531 0.219792 0.403125 0.213542
0 0.508594 0.240625 0.510156 0.240625 0.510938 0.241667 0.510156 0.244792 0.510156 0.245833 0.513281 0.253125 0.514062 0.254167 0.514844 0.260417 0.514844 0.261458 0.514062 0.263542 0.513281 0.264583 0.507031 0.268750 0.506250 0.269792 0.503906 0.269792 0.503125 0.269792 0.499219 0.266667 0.498437 0.265625 0.494531 0.257292 0.494531 0.256250 0.500000 0.248958 0.500781 0.247917 0.508594 0.240625
0 0.482031 0.213542 0.485156 0.213542 0.485938 0.213542 0.492969 0.222917 0.493750 0.223958 0.497656 0.227083 0.498437 0.228125 0.500781 0.235417 0.501563 0.236458 0.500781 0.243750 0.500000 0.244792 0.496094 0.246875 0.495312 0.247917 0.490625 0.245833 0.489844 0.245833 0.478125 0.228125 0.477344 0.227083 0.476562 0.221875 0.476562 0.220833 0.482031 0.213542
0 0.550781 0.240625 0.554688 0.241667 0.555469 0.242708 0.561719 0.261458 0.562500 0.262500 0.564844 0.281250 0.565625 0.282292 0.564844 0.292708 0.564063 0.293750 0.545312 0.281250 0.544531 0.281250 0.539844 0.275000 0.539062 0.273958 0.535937 0.265625 0.535156 0.264583 0.533594 0.254167 0.532813 0.253125 0.533594 0.248958 0.533594 0.247917 0.540625 0.247917 0.541406 0.247917 0.546875 0.242708 0.547656 0.241667 0.550781 0.240625
0 0.462500 0.311458 0.467969 0.311458 0.468750 0.311458 0.473438 0.317708 0.474219 0.318750 0.473438 0.323958 0.473438 0.325000 0.469531 0.333333 0.469531 0.334375 0.467187 0.335417 0.466406 0.335417 0.457031 0.332292 0.456250 0.331250 0.457031 0.322917 0.457031 0.321875 0.462500 0.311458
0 0.506250 0.280208 0.509375 0.282292 0.510156 0.282292 0.511719 0.285417 0.512500 0.286458 0.513281 0.293750 0.513281 0.294792 0.510156 0.297917 0.509375 0.297917 0.505469 0.304167 0.504687 0.305208 0.502344 0.314583 0.501563 0.314583 0.498437 0.310417 0.497656 0.309375 0.496875 0.295833 0.496875 0.294792 0.497656 0.292708 0.497656 0.291667 0.506250 0.280208
0 0.718750 0.168750 0.723437 0.168750 0.724219 0.168750 0.725781 0.173958 0.725781 0.175000 0.730469 0.181250 0.731250 0.182292 0.731250 0.184375 0.731250 0.185417 0.725781 0.187500 0.725000 0.188542 0.725781 0.194792 0.725781 0.195833 0.721875 0.200000 0.721094 0.201042 0.718750 0.206250 0.717969 0.207292 0.717187 0.213542 0.717187 0.214583 0.714063 0.222917 0.713281 0.223958 0.710938 0.225000 0.710156 0.226042 0.702344 0.225000 0.701562 0.225000 0.697656 0.231250 0.696875 0.232292 0.689844 0.234375 0.689063 0.235417 0.684375 0.235417 0.683594 0.235417 0.676562 0.232292 0.675781 0.232292 0.664062 0.223958 0.663281 0.222917 0.662500 0.220833 0.662500 0.219792 0.664062 0.217708 0.664844 0.216667 0.667969 0.215625 0.668750 0.215625 0.677344 0.204167 0.678125 0.203125 0.682813 0.198958 0.683594 0.197917 0.688281 0.195833 0.689063 0.195833 0.691406 0.190625 0.691406 0.189583 0.694531 0.186458 0.695312 0.185417 0.697656 0.184375 0.698438 0.184375 0.705469 0.177083 0.706250 0.176042 0.718750 0.168750
0 0.723437 0.217708 0.734375 0.218750 0.735156 0.218750 0.742188 0.223958 0.742969 0.225000 0.745313 0.225000 0.746094 0.225000 0.752344 0.219792 0.753125 0.218750 0.767188 0.218750 0.767969 0.218750 0.771094 0.220833 0.771875 0.220833 0.771094 0.239583 0.771094 0.240625 0.771875 0.245833 0.772656 0.246875 0.772656 0.255208 0.772656 0.256250 0.769531 0.259375 0.768750 0.259375 0.764844 0.265625 0.764062 0.266667 0.760156 0.267708 0.759375 0.267708 0.746875 0.258333 0.746094 0.257292 0.737500 0.253125 0.736719 0.252083 0.728906 0.252083 0.728125 0.252083 0.722656 0.248958 0.721875 0.247917 0.713281 0.246875 0.712500 0.246875 0.704688 0.236458 0.704688 0.235417 0.723437 0.217708
0 0.759375 0.280208 0.768750 0.280208 0.769531 0.280208 0.774219 0.282292 0.775000 0.282292 0.776563 0.287500 0.777344 0.288542 0.776563 0.295833 0.776563 0.296875 0.771094 0.298958 0.770312 0.298958 0.760938 0.307292 0.760156 0.308333 0.757812 0.306250 0.757031 0.306250 0.755469 0.302083 0.754687 0.301042 0.754687 0.295833 0.754687 0.294792 0.756250 0.286458 0.756250 0.285417 0.759375 0.280208
0 0.920312 0.250000 0.926562 0.252083 0.927344 0.253125 0.957031 0.252083 0.957812 0.252083 0.958594 0.257292 0.959375 0.258333 0.959375 0.269792 0.960156 0.270833 0.959375 0.278125 0.959375 0.279167 0.955469 0.281250 0.954688 0.282292 0.942969 0.283333 0.942187 0.283333 0.936719 0.278125 0.935937 0.277083 0.930469 0.276042 0.929688 0.276042 0.917188 0.261458 0.916406 0.260417 0.916406 0.257292 0.916406 0.256250 0.920312 0.250000
0 0.969531 0.152083 0.975000 0.156250 0.975781 0.157292 0.976562 0.162500 0.977344 0.163542 0.976562 0.176042 0.976562 0.177083 0.975781 0.179167 0.975000 0.180208 0.971875 0.182292 0.971094 0.183333 0.947656 0.193750 0.946875 0.194792 0.929688 0.201042 0.928906 0.202083 0.915625 0.205208 0.914844 0.206250 0.896094 0.206250 0.895312 0.206250 0.892969 0.205208 0.892188 0.205208 0.890625 0.201042 0.889844 0.200000 0.888281 0.188542 0.889062 0.187500 0.894531 0.187500 0.895312 0.188542 0.903125 0.186458 0.903906 0.186458 0.922656 0.171875 0.923438 0.170833 0.935937 0.166667 0.936719 0.165625 0.944531 0.164583 0.945312 0.164583 0.969531 0.152083
0 0.978906 0.153125 0.989062 0.155208 0.989844 0.156250 0.989062 0.164583 0.988281 0.165625 0.988281 0.180208 0.988281 0.181250 0.987500 0.182292 0.987500 0.183333 0.984375 0.184375 0.983594 0.185417 0.982031 0.185417 0.981250 0.185417 0.977344 0.181250 0.976562 0.180208 0.978125 0.169792 0.978906 0.168750 0.978125 0.160417 0.977344 0.159375 0.978906 0.153125
0 0.989062 0.134375 0.993750 0.134375 0.994531 0.134375 0.998437 0.136458 0.999219 0.136458 0.999219 0.152083 0.999219 0.153125 0.995313 0.152083 0.994531 0.152083 0.990625 0.156250 0.989844 0.157292 0.988281 0.179167 0.988281 0.180208 0.987500 0.182292 0.986719 0.183333 0.982812 0.185417 0.982031 0.185417 0.977344 0.181250 0.976562 0.180208 0.978125 0.169792 0.978906 0.168750 0.978125 0.159375 0.977344 0.158333 0.978125 0.154167 0.978125 0.153125 0.973437 0.147917 0.972656 0.147917 0.971875 0.144792 0.971875 0.143750 0.974219 0.141667 0.975000 0.140625 0.980469 0.139583 0.981250 0.139583 0.989062 0.134375
0 0.832812 0.016667 0.837500 0.017708 0.838281 0.017708 0.842187 0.022917 0.842969 0.023958 0.846094 0.025000 0.846875 0.026042 0.846875 0.032292 0.846875 0.033333 0.850000 0.039583 0.850781 0.040625 0.850781 0.044792 0.850781 0.045833 0.847656 0.053125 0.846875 0.054167 0.849219 0.060417 0.849219 0.061458 0.834375 0.081250 0.833594 0.082292 0.829688 0.090625 0.828906 0.091667 0.821875 0.093750 0.821094 0.093750 0.821094 0.091667 0.821094 0.090625 0.824219 0.086458 0.825000 0.085417 0.825781 0.076042 0.825781 0.075000 0.827344 0.070833 0.828125 0.069792 0.828125 0.064583 0.828125 0.063542 0.826562 0.058333 0.826562 0.057292 0.825000 0.055208 0.824219 0.054167 0.822656 0.054167 0.821875 0.054167 0.817187 0.059375 0.816406 0.060417 0.810156 0.064583 0.809375 0.064583 0.807813 0.060417 0.807031 0.059375 0.807031 0.054167 0.807031 0.053125 0.809375 0.046875 0.810156 0.045833 0.822656 0.035417 0.823438 0.034375 0.827344 0.023958 0.827344 0.022917 0.832812 0.016667
0 0.763281 0.000000 0.805469 0.001042 0.805469 0.002083 0.800781 0.015625 0.800781 0.016667 0.793750 0.026042 0.792969 0.027083 0.791406 0.037500 0.791406 0.038542 0.786719 0.044792 0.785937 0.044792 0.784375 0.043750 0.783594 0.042708 0.775781 0.042708 0.775000 0.042708 0.769531 0.040625 0.768750 0.040625 0.760938 0.033333 0.760156 0.032292 0.759375 0.028125 0.759375 0.027083 0.764844 0.019792 0.765625 0.018750 0.765625 0.014583 0.765625 0.013542 0.764062 0.009375 0.763281 0.008333 0.763281 0.000000
0 0.686719 0.000000 0.733594 0.000000 0.734375 0.000000 0.731250 0.020833 0.731250 0.021875 0.727344 0.033333 0.726562 0.034375 0.726562 0.044792 0.726562 0.045833 0.722656 0.055208 0.721875 0.056250 0.714844 0.060417 0.714063 0.060417 0.695312 0.082292 0.694531 0.083333 0.682031 0.090625 0.681250 0.091667 0.678906 0.091667 0.678125 0.092708 0.667188 0.090625 0.666406 0.090625 0.664062 0.088542 0.663281 0.087500 0.662500 0.076042 0.662500 0.075000 0.665625 0.063542 0.666406 0.062500 0.667188 0.054167 0.667188 0.053125 0.670312 0.042708 0.670312 0.041667 0.678125 0.022917 0.678906 0.021875 0.680469 0.014583 0.680469 0.013542 0.686719 0.000000
0 0.628906 0.000000 0.681250 0.000000 0.681250 0.001042 0.678906 0.008333 0.678906 0.009375 0.671875 0.018750 0.671094 0.019792 0.667188 0.021875 0.666406 0.022917 0.658594 0.025000 0.657813 0.026042 0.646094 0.026042 0.645312 0.026042 0.643750 0.025000 0.642969 0.025000 0.635156 0.015625 0.634375 0.015625 0.629687 0.004167 0.628906 0.003125 0.628906 0.000000
0 0.353125 0.226042 0.365625 0.228125 0.366406 0.228125 0.367969 0.229167 0.368750 0.230208 0.368750 0.233333 0.368750 0.234375 0.365625 0.238542 0.364844 0.239583 0.358594 0.241667 0.357812 0.242708 0.352344 0.242708 0.351562 0.242708 0.349219 0.239583 0.348438 0.238542 0.348438 0.234375 0.348438 0.233333 0.353125 0.226042
0 0.272656 0.155208 0.275000 0.155208 0.275781 0.155208 0.283594 0.161458 0.284375 0.162500 0.290625 0.184375 0.289844 0.185417 0.282031 0.186458 0.281250 0.186458 0.278906 0.184375 0.278125 0.184375 0.275000 0.178125 0.274219 0.177083 0.267969 0.173958 0.267188 0.172917 0.267188 0.163542 0.267188 0.162500 0.272656 0.155208
0 0.000000 0.497917 0.011719 0.501042 0.012500 0.501042 0.017188 0.504167 0.017969 0.504167 0.026562 0.520833 0.027344 0.521875 0.026562 0.534375 0.026562 0.535417 0.021094 0.545833 0.020313 0.546875 0.020313 0.548958 0.020313 0.550000 0.021875 0.556250 0.022656 0.557292 0.022656 0.571875 0.022656 0.572917 0.027344 0.580208 0.028125 0.581250 0.029687 0.606250 0.029687 0.607292 0.027344 0.616667 0.027344 0.617708 0.022656 0.620833 0.021875 0.621875 0.017188 0.619792 0.016406 0.619792 0.003125 0.605208 0.002344 0.604167 0.000781 0.604167 0.000000 0.604167 0.000000 0.497917
0 0.034375 0.633333 0.053125 0.633333 0.053906 0.633333 0.056250 0.637500 0.057031 0.638542 0.057031 0.642708 0.057031 0.643750 0.062500 0.660417 0.063281 0.661458 0.063281 0.681250 0.063281 0.682292 0.053906 0.691667 0.053125 0.692708 0.047656 0.694792 0.046875 0.695833 0.039844 0.695833 0.039062 0.695833 0.032813 0.690625 0.032031 0.689583 0.027344 0.687500 0.026562 0.687500 0.025000 0.683333 0.024219 0.682292 0.021094 0.666667 0.020313 0.665625 0.020313 0.661458 0.020313 0.660417 0.024219 0.648958 0.025000 0.647917 0.025781 0.640625 0.025781 0.639583 0.034375 0.633333
0 0.250000 0.746875 0.297656 0.758333 0.298438 0.759375 0.305469 0.759375 0.306250 0.759375 0.313281 0.762500 0.314063 0.763542 0.314844 0.770833 0.314844 0.771875 0.303125 0.795833 0.302344 0.796875 0.298438 0.810417 0.298438 0.811458 0.293750 0.818750 0.292969 0.819792 0.290625 0.820833 0.289844 0.820833 0.276562 0.815625 0.275781 0.814583 0.269531 0.814583 0.268750 0.814583 0.257031 0.805208 0.256250 0.804167 0.253125 0.791667 0.252344 0.790625 0.251563 0.777083 0.251563 0.776042 0.249219 0.763542 0.248438 0.762500 0.248438 0.750000 0.248438 0.748958 0.250000 0.746875
0 0.192969 0.708333 0.197656 0.709375 0.198437 0.709375 0.198437 0.715625 0.198437 0.716667 0.196094 0.721875 0.196094 0.722917 0.194531 0.723958 0.193750 0.725000 0.187500 0.725000 0.186719 0.725000 0.181250 0.729167 0.180469 0.729167 0.172656 0.723958 0.171875 0.723958 0.170313 0.721875 0.169531 0.721875 0.168750 0.718750 0.167969 0.717708 0.168750 0.711458 0.169531 0.710417 0.180469 0.711458 0.181250 0.711458 0.192969 0.708333
0 0.186719 0.709375 0.197656 0.710417 0.198437 0.711458 0.196094 0.722917 0.195312 0.723958 0.195312 0.730208 0.195312 0.731250 0.192969 0.742708 0.192969 0.743750 0.191406 0.746875 0.190625 0.747917 0.185156 0.746875 0.184375 0.746875 0.182812 0.743750 0.182031 0.742708 0.181250 0.732292 0.181250 0.731250 0.171094 0.723958 0.170313 0.723958 0.168750 0.720833 0.167969 0.719792 0.168750 0.711458 0.169531 0.710417 0.179688 0.711458 0.180469 0.711458 0.186719 0.709375
0 0.148438 0.630208 0.153125 0.631250 0.153906 0.631250 0.157031 0.635417 0.157812 0.636458 0.158594 0.640625 0.159375 0.641667 0.159375 0.653125 0.158594 0.654167 0.148438 0.653125 0.147656 0.652083 0.143750 0.637500 0.143750 0.636458 0.144531 0.634375 0.144531 0.633333 0.148438 0.630208
0 0.147656 0.631250 0.152344 0.631250 0.153125 0.631250 0.157031 0.636458 0.157812 0.637500 0.160156 0.662500 0.160156 0.663542 0.153906 0.676042 0.153125 0.677083 0.150781 0.701042 0.150781 0.702083 0.148438 0.705208 0.147656 0.706250 0.142187 0.708333 0.141406 0.708333 0.138281 0.711458 0.137500 0.712500 0.135156 0.712500 0.134375 0.712500 0.129688 0.706250 0.128906 0.705208 0.125781 0.683333 0.125781 0.682292 0.128906 0.673958 0.129688 0.672917 0.131250 0.671875 0.132031 0.671875 0.141406 0.659375 0.142187 0.658333 0.146875 0.655208 0.147656 0.654167 0.145313 0.641667 0.144531 0.640625 0.144531 0.636458 0.144531 0.635417 0.147656 0.631250
0 0.092188 0.615625 0.096094 0.615625 0.096875 0.615625 0.105469 0.623958 0.106250 0.625000 0.107813 0.635417 0.108594 0.636458 0.107813 0.641667 0.107813 0.642708 0.106250 0.644792 0.105469 0.645833 0.099219 0.646875 0.098437 0.646875 0.091406 0.642708 0.090625 0.641667 0.089063 0.634375 0.088281 0.633333 0.088281 0.622917 0.088281 0.621875 0.092188 0.615625
0 0.399219 0.781250 0.408594 0.781250 0.409375 0.781250 0.413281 0.783333 0.414062 0.783333 0.417969 0.787500 0.418750 0.787500 0.419531 0.790625 0.420312 0.791667 0.420312 0.796875 0.420312 0.797917 0.418750 0.803125 0.418750 0.804167 0.406250 0.815625 0.405469 0.815625 0.402344 0.823958 0.402344 0.825000 0.400781 0.826042 0.400000 0.827083 0.377344 0.831250 0.376563 0.831250 0.367969 0.838542 0.367188 0.839583 0.364844 0.845833 0.364063 0.846875 0.364063 0.851042 0.363281 0.852083 0.360156 0.854167 0.359375 0.855208 0.357031 0.855208 0.356250 0.856250 0.350000 0.856250 0.349219 0.856250 0.343750 0.842708 0.342969 0.841667 0.342969 0.829167 0.342969 0.828125 0.344531 0.822917 0.344531 0.821875 0.357812 0.803125 0.358594 0.802083 0.359375 0.794792 0.359375 0.793750 0.367188 0.788542 0.367969 0.787500 0.372656 0.789583 0.373437 0.789583 0.388281 0.784375 0.389062 0.783333 0.399219 0.781250
0 0.401562 0.781250 0.410938 0.782292 0.411719 0.782292 0.417187 0.787500 0.417969 0.787500 0.418750 0.790625 0.419531 0.791667 0.418750 0.802083 0.418750 0.803125 0.416406 0.806250 0.415625 0.807292 0.407031 0.813542 0.406250 0.813542 0.403906 0.819792 0.403906 0.820833 0.401562 0.823958 0.400781 0.825000 0.402344 0.831250 0.402344 0.832292 0.407031 0.836458 0.407813 0.836458 0.410938 0.841667 0.411719 0.842708 0.413281 0.848958 0.414062 0.850000 0.414062 0.856250 0.414062 0.857292 0.405469 0.864583 0.404687 0.865625 0.379688 0.865625 0.378906 0.865625 0.375000 0.862500 0.374219 0.862500 0.371875 0.858333 0.371094 0.857292 0.370312 0.853125 0.369531 0.852083 0.369531 0.842708 0.368750 0.841667 0.367188 0.844792 0.366406 0.845833 0.366406 0.850000 0.366406 0.851042 0.362500 0.855208 0.361719 0.856250 0.350000 0.856250 0.349219 0.856250 0.343750 0.841667 0.342969 0.840625 0.343750 0.825000 0.343750 0.823958 0.358594 0.801042 0.359375 0.800000 0.359375 0.794792 0.359375 0.793750 0.367188 0.788542 0.367969 0.787500 0.374219 0.789583 0.375000 0.789583 0.389062 0.784375 0.389844 0.783333 0.401562 0.781250
0 0.802344 0.280208 0.806250 0.280208 0.807031 0.280208 0.817969 0.285417 0.818750 0.285417 0.829688 0.292708 0.830469 0.292708 0.834375 0.298958 0.835156 0.300000 0.835156 0.307292 0.835156 0.308333 0.829688 0.312500 0.828906 0.313542 0.801562 0.300000 0.800781 0.300000 0.797656 0.294792 0.796875 0.293750 0.799219 0.290625 0.800000 0.289583 0.802344 0.280208
0 0.804688 0.204167 0.811719 0.204167 0.812500 0.204167 0.819531 0.207292 0.820312 0.207292 0.827344 0.218750 0.828125 0.219792 0.826562 0.227083 0.826562 0.228125 0.825000 0.229167 0.824219 0.230208 0.816406 0.229167 0.815625 0.229167 0.806250 0.232292 0.805469 0.232292 0.806250 0.226042 0.806250 0.225000 0.802344 0.220833 0.801562 0.219792 0.792188 0.213542 0.791406 0.212500 0.794531 0.208333 0.795312 0.207292 0.804688 0.204167
0 0.853125 0.173958 0.857812 0.173958 0.858594 0.173958 0.860156 0.176042 0.860938 0.177083 0.858594 0.185417 0.857812 0.186458 0.857812 0.192708 0.857812 0.193750 0.854688 0.196875 0.853906 0.197917 0.853125 0.203125 0.853125 0.204167 0.848437 0.203125 0.847656 0.202083 0.842187 0.203125 0.841406 0.204167 0.838281 0.202083 0.837500 0.202083 0.835938 0.195833 0.835938 0.194792 0.837500 0.191667 0.838281 0.190625 0.840625 0.189583 0.841406 0.188542 0.842187 0.181250 0.842187 0.180208 0.844531 0.178125 0.845313 0.177083 0.853125 0.173958
0 0.800781 0.138542 0.806250 0.140625 0.807031 0.141667 0.808594 0.140625 0.809375 0.140625 0.814063 0.144792 0.814844 0.145833 0.817969 0.156250 0.818750 0.157292 0.818750 0.158333 0.818750 0.159375 0.815625 0.163542 0.814844 0.164583 0.805469 0.166667 0.804688 0.166667 0.799219 0.163542 0.798438 0.162500 0.797656 0.145833 0.797656 0.144792 0.799219 0.140625 0.799219 0.139583 0.800781 0.138542
0 0.825000 0.150000 0.832031 0.151042 0.832812 0.151042 0.836719 0.155208 0.837500 0.156250 0.838281 0.163542 0.838281 0.164583 0.835938 0.169792 0.835156 0.170833 0.832031 0.171875 0.831250 0.171875 0.823438 0.166667 0.822656 0.165625 0.821875 0.156250 0.821875 0.155208 0.825000 0.150000
0 0.926562 0.098958 0.934375 0.098958 0.935156 0.098958 0.938281 0.105208 0.939063 0.106250 0.936719 0.129167 0.936719 0.130208 0.932031 0.136458 0.931250 0.137500 0.927344 0.134375 0.926562 0.133333 0.925781 0.121875 0.925781 0.120833 0.921094 0.108333 0.920312 0.107292 0.920312 0.104167 0.920312 0.103125 0.926562 0.098958
0 0.924219 0.072917 0.925781 0.073958 0.926562 0.073958 0.927344 0.078125 0.928125 0.079167 0.928125 0.094792 0.928125 0.095833 0.929688 0.097917 0.930469 0.098958 0.934375 0.098958 0.935156 0.098958 0.938281 0.105208 0.939063 0.106250 0.936719 0.129167 0.936719 0.130208 0.932813 0.136458 0.932031 0.137500 0.927344 0.134375 0.926562 0.133333 0.925781 0.121875 0.925781 0.120833 0.921094 0.108333 0.920312 0.107292 0.919531 0.094792 0.919531 0.093750 0.917969 0.091667 0.917188 0.090625 0.914844 0.090625 0.914062 0.090625 0.904687 0.095833 0.903906 0.095833 0.902344 0.087500 0.901563 0.086458 0.903125 0.078125 0.903906 0.077083 0.911719 0.078125 0.912500 0.078125 0.924219 0.072917
0 0.986719 0.016667 0.992188 0.016667 0.992969 0.016667 0.998437 0.022917 0.999219 0.022917 0.999219 0.046875 0.999219 0.047917 0.995313 0.046875 0.994531 0.045833 0.993750 0.046875 0.992969 0.047917 0.991406 0.060417 0.991406 0.061458 0.989844 0.064583 0.989062 0.065625 0.985938 0.067708 0.985156 0.067708 0.982812 0.066667 0.982031 0.065625 0.980469 0.059375 0.980469 0.058333 0.977344 0.054167 0.976562 0.053125 0.967187 0.051042 0.966406 0.051042 0.959375 0.043750 0.958594 0.043750 0.957031 0.039583 0.956250 0.038542 0.956250 0.034375 0.956250 0.033333 0.960938 0.032292 0.961719 0.032292 0.974219 0.040625 0.975000 0.040625 0.977344 0.038542 0.978125 0.037500 0.984375 0.019792 0.984375 0.018750 0.986719 0.016667
0 0.924219 0.022917 0.930469 0.022917 0.931250 0.022917 0.935937 0.026042 0.936719 0.026042 0.937500 0.029167 0.937500 0.030208 0.935937 0.033333 0.935156 0.034375 0.936719 0.037500 0.936719 0.038542 0.933594 0.039583 0.932813 0.039583 0.927344 0.036458 0.926562 0.036458 0.923438 0.038542 0.922656 0.039583 0.917969 0.039583 0.917188 0.039583 0.910937 0.034375 0.910156 0.034375 0.909375 0.033333 0.909375 0.032292 0.911719 0.028125 0.912500 0.027083 0.916406 0.025000 0.917188 0.023958 0.924219 0.022917
0 0.952344 0.000000 0.964063 0.000000 0.964844 0.000000 0.964844 0.006250 0.964844 0.007292 0.960156 0.015625 0.960156 0.016667 0.952344 0.023958 0.951562 0.025000 0.944531 0.041667 0.944531 0.042708 0.942187 0.044792 0.941406 0.045833 0.937500 0.045833 0.936719 0.045833 0.935937 0.044792 0.935937 0.043750 0.941406 0.021875 0.941406 0.020833 0.943750 0.017708 0.944531 0.016667 0.950000 0.014583 0.950781 0.014583 0.953125 0.011458 0.953906 0.010417 0.952344 0.000000
0 0.978906 0.076042 0.981250 0.076042 0.982031 0.076042 0.982031 0.079167 0.982031 0.080208 0.976562 0.089583 0.976562 0.090625 0.964844 0.105208 0.964063 0.106250 0.954688 0.120833 0.953906 0.121875 0.938281 0.152083 0.938281 0.153125 0.930469 0.162500 0.929688 0.163542 0.925000 0.165625 0.924219 0.165625 0.922656 0.163542 0.922656 0.162500 0.928906 0.145833 0.928906 0.144792 0.931250 0.141667 0.931250 0.140625 0.939844 0.131250 0.940625 0.130208 0.961719 0.098958 0.961719 0.097917 0.970313 0.087500 0.971094 0.087500 0.978906 0.076042
0 0.453125 0.498958 0.456250 0.501042 0.457031 0.502083 0.457813 0.506250 0.457813 0.507292 0.460938 0.511458 0.461719 0.512500 0.462500 0.515625 0.462500 0.516667 0.465625 0.521875 0.464844 0.522917 0.459375 0.526042 0.458594 0.526042 0.450781 0.518750 0.450000 0.518750 0.445312 0.526042 0.444531 0.527083 0.440625 0.528125 0.439844 0.529167 0.431250 0.528125 0.430469 0.528125 0.426563 0.523958 0.425781 0.522917 0.425781 0.515625 0.426563 0.514583 0.437500 0.507292 0.438281 0.506250 0.448437 0.502083 0.449219 0.502083 0.453125 0.498958
0 0.469531 0.297917 0.478906 0.298958 0.479687 0.298958 0.490625 0.304167 0.491406 0.304167 0.493750 0.309375 0.494531 0.310417 0.492969 0.320833 0.492969 0.321875 0.494531 0.323958 0.495312 0.323958 0.499219 0.318750 0.500000 0.317708 0.501563 0.318750 0.502344 0.319792 0.502344 0.322917 0.501563 0.323958 0.495312 0.327083 0.494531 0.328125 0.494531 0.329167 0.494531 0.330208 0.498437 0.334375 0.499219 0.334375 0.501563 0.339583 0.501563 0.340625 0.493750 0.342708 0.492969 0.342708 0.488281 0.340625 0.487500 0.340625 0.482812 0.335417 0.482031 0.334375 0.478906 0.333333 0.478125 0.332292 0.471094 0.335417 0.470313 0.336458 0.466406 0.336458 0.465625 0.336458 0.458594 0.333333 0.457813 0.333333 0.457031 0.332292 0.456250 0.331250 0.457031 0.322917 0.457031 0.321875 0.459375 0.316667 0.459375 0.315625 0.461719 0.312500 0.462500 0.311458 0.466406 0.309375 0.467187 0.308333 0.466406 0.303125 0.466406 0.302083 0.469531 0.297917
0 0.450781 0.336458 0.454688 0.337500 0.455469 0.338542 0.454688 0.351042 0.454688 0.352083 0.450781 0.355208 0.450000 0.355208 0.442188 0.351042 0.441406 0.351042 0.440625 0.346875 0.440625 0.345833 0.442969 0.342708 0.443750 0.341667 0.450781 0.336458
0 0.434375 0.117708 0.434375 0.125000 0.434375 0.126042 0.430469 0.135417 0.430469 0.136458 0.428125 0.137500 0.427344 0.138542 0.417187 0.139583 0.416406 0.139583 0.408594 0.144792 0.407813 0.145833 0.404687 0.145833 0.403906 0.145833 0.396875 0.133333 0.396094 0.132292 0.396094 0.128125 0.396094 0.127083 0.397656 0.126042 0.398438 0.125000 0.403906 0.125000 0.404687 0.125000 0.412500 0.121875 0.413281 0.120833 0.421875 0.120833 0.422656 0.120833 0.432812 0.123958 0.433594 0.123958 0.434375 0.117708
0 0.192188 0.040625 0.202344 0.042708 0.203125 0.042708 0.205469 0.044792 0.206250 0.045833 0.206250 0.050000 0.206250 0.051042 0.204687 0.056250 0.203906 0.057292 0.197656 0.059375 0.196875 0.059375 0.195312 0.062500 0.195312 0.063542 0.192188 0.065625 0.191406 0.066667 0.187500 0.081250 0.187500 0.082292 0.185938 0.084375 0.185156 0.085417 0.181250 0.085417 0.180469 0.085417 0.177344 0.081250 0.176563 0.080208 0.175781 0.071875 0.175781 0.070833 0.180469 0.060417 0.180469 0.059375 0.189062 0.050000 0.189844 0.048958 0.192188 0.040625
0 0.031250 0.392708 0.035937 0.393750 0.036719 0.393750 0.042188 0.400000 0.042969 0.400000 0.046875 0.405208 0.047656 0.406250 0.050781 0.418750 0.050781 0.419792 0.044531 0.428125 0.043750 0.429167 0.029687 0.433333 0.028906 0.433333 0.028125 0.432292 0.027344 0.431250 0.027344 0.426042 0.026562 0.425000 0.025781 0.402083 0.025781 0.401042 0.027344 0.396875 0.027344 0.395833 0.031250 0.392708
0 0.131250 0.346875 0.139063 0.350000 0.139844 0.350000 0.142187 0.354167 0.142969 0.355208 0.142969 0.359375 0.142969 0.360417 0.136719 0.369792 0.135937 0.370833 0.130469 0.373958 0.129688 0.373958 0.126562 0.371875 0.125781 0.370833 0.125000 0.356250 0.125000 0.355208 0.125781 0.353125 0.125781 0.352083 0.131250 0.346875
0 0.171875 0.441667 0.176563 0.442708 0.177344 0.442708 0.182812 0.450000 0.183594 0.451042 0.183594 0.454167 0.183594 0.455208 0.182812 0.456250 0.182031 0.457292 0.179688 0.457292 0.178906 0.458333 0.171875 0.456250 0.171094 0.456250 0.168750 0.453125 0.167969 0.452083 0.167187 0.445833 0.167187 0.444792 0.171875 0.441667
0 0.332813 0.350000 0.335156 0.351042 0.335938 0.351042 0.334375 0.367708 0.334375 0.368750 0.325781 0.390625 0.325781 0.391667 0.321875 0.397917 0.321094 0.398958 0.316406 0.400000 0.315625 0.400000 0.312500 0.397917 0.311719 0.396875 0.305469 0.396875 0.304688 0.396875 0.300000 0.392708 0.299219 0.391667 0.298438 0.388542 0.298438 0.387500 0.300781 0.384375 0.301563 0.383333 0.308594 0.378125 0.309375 0.377083 0.314844 0.376042 0.315625 0.376042 0.321094 0.362500 0.321094 0.361458 0.328125 0.355208 0.328906 0.355208 0.332813 0.350000
0 0.539844 0.460417 0.542969 0.461458 0.543750 0.461458 0.550000 0.468750 0.550781 0.469792 0.550000 0.478125 0.550000 0.479167 0.531250 0.481250 0.530469 0.482292 0.528906 0.481250 0.528125 0.481250 0.527344 0.476042 0.527344 0.475000 0.528906 0.469792 0.528906 0.468750 0.531250 0.465625 0.532031 0.464583 0.539844 0.460417
0 0.589063 0.473958 0.592969 0.475000 0.593750 0.476042 0.604688 0.476042 0.605469 0.476042 0.605469 0.478125 0.605469 0.479167 0.586719 0.494792 0.585938 0.494792 0.580469 0.490625 0.579688 0.490625 0.578906 0.486458 0.578906 0.485417 0.582031 0.480208 0.582812 0.479167 0.589063 0.473958
0 0.985156 0.489583 0.988281 0.489583 0.989062 0.489583 0.991406 0.491667 0.992188 0.492708 0.992969 0.495833 0.993750 0.496875 0.992188 0.501042 0.992188 0.502083 0.985156 0.510417 0.984375 0.511458 0.977344 0.512500 0.976562 0.513542 0.971094 0.512500 0.970313 0.512500 0.969531 0.507292 0.969531 0.506250 0.973437 0.498958 0.974219 0.497917 0.975000 0.493750 0.975000 0.492708 0.982031 0.491667 0.982812 0.491667 0.985156 0.489583
0 0.966406 0.458333 0.972656 0.458333 0.973437 0.458333 0.982812 0.470833 0.983594 0.470833 0.985938 0.477083 0.986719 0.478125 0.986719 0.486458 0.985938 0.487500 0.982031 0.488542 0.981250 0.489583 0.972656 0.489583 0.971875 0.489583 0.959375 0.481250 0.958594 0.481250 0.956250 0.478125 0.955469 0.477083 0.953125 0.470833 0.952344 0.469792 0.953125 0.463542 0.953125 0.462500 0.961719 0.462500 0.962500 0.462500 0.966406 0.458333
0 0.990625 0.505208 0.998437 0.506250 0.999219 0.506250 0.999219 0.523958 0.999219 0.525000 0.994531 0.525000 0.993750 0.525000 0.989844 0.522917 0.989062 0.522917 0.986719 0.519792 0.985938 0.518750 0.984375 0.512500 0.984375 0.511458 0.990625 0.505208
0 0.915625 0.494792 0.920312 0.494792 0.921094 0.494792 0.925781 0.497917 0.926562 0.497917 0.927344 0.500000 0.928125 0.501042 0.928906 0.505208 0.928906 0.506250 0.928125 0.510417 0.927344 0.511458 0.927344 0.520833 0.926562 0.521875 0.917188 0.525000 0.916406 0.525000 0.911719 0.519792 0.910937 0.518750 0.907813 0.509375 0.907031 0.508333 0.907813 0.501042 0.907813 0.500000 0.908594 0.498958 0.908594 0.497917 0.915625 0.494792
0 0.267188 0.818750 0.271875 0.820833 0.272656 0.821875 0.272656 0.827083 0.272656 0.828125 0.270313 0.835417 0.270313 0.836458 0.276562 0.840625 0.277344 0.840625 0.279687 0.844792 0.280469 0.845833 0.280469 0.856250 0.280469 0.857292 0.278906 0.862500 0.278906 0.863542 0.276562 0.864583 0.275781 0.865625 0.235937 0.864583 0.235156 0.864583 0.231250 0.855208 0.230469 0.854167 0.230469 0.847917 0.230469 0.846875 0.233594 0.841667 0.233594 0.840625 0.239063 0.834375 0.239844 0.833333 0.241406 0.828125 0.241406 0.827083 0.243750 0.823958 0.244531 0.822917 0.246875 0.822917 0.247656 0.821875 0.259375 0.820833 0.260156 0.821875 0.267188 0.818750
0 0.218750 0.822917 0.220312 0.822917 0.221094 0.822917 0.222656 0.825000 0.223438 0.825000 0.225000 0.829167 0.225781 0.830208 0.225781 0.840625 0.225781 0.841667 0.228125 0.845833 0.228906 0.846875 0.229687 0.855208 0.229687 0.856250 0.231250 0.860417 0.232031 0.861458 0.231250 0.863542 0.231250 0.864583 0.177344 0.865625 0.176563 0.865625 0.176563 0.861458 0.176563 0.860417 0.189844 0.843750 0.190625 0.842708 0.218750 0.822917
0 0.186719 0.813542 0.189062 0.813542 0.189844 0.813542 0.196875 0.819792 0.197656 0.820833 0.198437 0.822917 0.199219 0.823958 0.198437 0.832292 0.198437 0.833333 0.195312 0.838542 0.194531 0.839583 0.186719 0.844792 0.185938 0.844792 0.178906 0.857292 0.178906 0.858333 0.175000 0.859375 0.174219 0.859375 0.171875 0.862500 0.171094 0.863542 0.169531 0.863542 0.168750 0.864583 0.149219 0.864583 0.148438 0.864583 0.143750 0.861458 0.142969 0.860417 0.142969 0.852083 0.142969 0.851042 0.145313 0.845833 0.146094 0.844792 0.157031 0.836458 0.157812 0.835417 0.164062 0.834375 0.164844 0.834375 0.167187 0.830208 0.167187 0.829167 0.172656 0.822917 0.173437 0.821875 0.186719 0.813542
0 0.161719 0.797917 0.166406 0.801042 0.167187 0.802083 0.167969 0.807292 0.167969 0.808333 0.166406 0.823958 0.166406 0.825000 0.164844 0.830208 0.164844 0.831250 0.158594 0.833333 0.157812 0.833333 0.156250 0.832292 0.155469 0.831250 0.154688 0.828125 0.153906 0.827083 0.153906 0.814583 0.153906 0.813542 0.156250 0.804167 0.156250 0.803125 0.161719 0.797917
0 0.207813 0.768750 0.213281 0.773958 0.214062 0.775000 0.217188 0.782292 0.217969 0.783333 0.219531 0.795833 0.219531 0.796875 0.217188 0.806250 0.217188 0.807292 0.214844 0.811458 0.214062 0.812500 0.209375 0.814583 0.208594 0.815625 0.204687 0.815625 0.203906 0.815625 0.200000 0.811458 0.199219 0.810417 0.197656 0.802083 0.197656 0.801042 0.200000 0.794792 0.200781 0.793750 0.203125 0.776042 0.203125 0.775000 0.207813 0.768750
0 0.055469 0.738542 0.057031 0.738542 0.057813 0.738542 0.058594 0.740625 0.058594 0.741667 0.053125 0.750000 0.052344 0.751042 0.047656 0.764583 0.047656 0.765625 0.039062 0.775000 0.038281 0.776042 0.036719 0.784375 0.035937 0.785417 0.014063 0.773958 0.013281 0.772917 0.013281 0.769792 0.013281 0.768750 0.017969 0.763542 0.018750 0.762500 0.038281 0.748958 0.039062 0.747917 0.055469 0.738542
0 0.003125 0.840625 0.004687 0.840625 0.005469 0.840625 0.007031 0.842708 0.007812 0.842708 0.011719 0.847917 0.012500 0.848958 0.025000 0.860417 0.025781 0.860417 0.027344 0.863542 0.027344 0.864583 0.000781 0.865625 0.000000 0.865625 0.000000 0.842708 0.000000 0.841667 0.003125 0.840625
0 0.036719 0.836458 0.039844 0.836458 0.040625 0.836458 0.043750 0.840625 0.044531 0.841667 0.046875 0.850000 0.047656 0.851042 0.049219 0.864583 0.048438 0.865625 0.036719 0.864583 0.035937 0.863542 0.035156 0.839583 0.035156 0.838542 0.036719 0.836458
0 0.892188 0.206250 0.900000 0.207292 0.900781 0.207292 0.903906 0.212500 0.904687 0.213542 0.915625 0.214583 0.916406 0.214583 0.918750 0.217708 0.919531 0.218750 0.919531 0.221875 0.919531 0.222917 0.915625 0.227083 0.914844 0.228125 0.909375 0.226042 0.908594 0.226042 0.907813 0.227083 0.907031 0.228125 0.905469 0.235417 0.905469 0.236458 0.904687 0.237500 0.903906 0.238542 0.900781 0.238542 0.900000 0.238542 0.896875 0.234375 0.896094 0.233333 0.889062 0.229167 0.888281 0.229167 0.887500 0.227083 0.886719 0.226042 0.886719 0.214583 0.886719 0.213542 0.888281 0.210417 0.888281 0.209375 0.892188 0.206250
0 0.889844 0.234375 0.894531 0.235417 0.895312 0.235417 0.897656 0.238542 0.898438 0.239583 0.898438 0.241667 0.899219 0.242708 0.896875 0.248958 0.896875 0.250000 0.893750 0.253125 0.892969 0.254167 0.889844 0.255208 0.889062 0.255208 0.885938 0.251042 0.885156 0.251042 0.883594 0.240625 0.883594 0.239583 0.889844 0.234375
0 0.774219 0.489583 0.779687 0.490625 0.780469 0.491667 0.782031 0.502083 0.782031 0.503125 0.781250 0.507292 0.781250 0.508333 0.779687 0.510417 0.779687 0.511458 0.771094 0.522917 0.771094 0.523958 0.764062 0.516667 0.763281 0.515625 0.762500 0.511458 0.762500 0.510417 0.764844 0.498958 0.764844 0.497917 0.774219 0.489583
0 0.510156 0.819792 0.515625 0.819792 0.516406 0.819792 0.525781 0.830208 0.526563 0.831250 0.529687 0.855208 0.530469 0.856250 0.530469 0.860417 0.530469 0.861458 0.528906 0.864583 0.528125 0.865625 0.518750 0.865625 0.517969 0.865625 0.513281 0.864583 0.512500 0.864583 0.510156 0.862500 0.509375 0.861458 0.508594 0.855208 0.507812 0.854167 0.508594 0.842708 0.508594 0.841667 0.507031 0.835417 0.506250 0.834375 0.506250 0.826042 0.506250 0.825000 0.510156 0.819792
0 0.525781 0.804167 0.529687 0.804167 0.530469 0.804167 0.535937 0.808333 0.536719 0.809375 0.535937 0.814583 0.535937 0.815625 0.538281 0.819792 0.538281 0.820833 0.535937 0.825000 0.535937 0.826042 0.537500 0.829167 0.537500 0.830208 0.542188 0.835417 0.541406 0.836458 0.534375 0.836458 0.533594 0.836458 0.515625 0.820833 0.514844 0.819792 0.517188 0.815625 0.517188 0.814583 0.521875 0.809375 0.522656 0.809375 0.525781 0.804167
0 0.582812 0.830208 0.589844 0.832292 0.590625 0.832292 0.599219 0.838542 0.600000 0.839583 0.600781 0.843750 0.600781 0.844792 0.603906 0.848958 0.604688 0.850000 0.604688 0.851042 0.604688 0.852083 0.601562 0.856250 0.600781 0.857292 0.603125 0.861458 0.602344 0.862500 0.590625 0.864583 0.589844 0.865625 0.567969 0.864583 0.567187 0.864583 0.564844 0.862500 0.564063 0.862500 0.564063 0.859375 0.564063 0.858333 0.569531 0.854167 0.570312 0.853125 0.570312 0.851042 0.570312 0.850000 0.574219 0.843750 0.575000 0.842708 0.575781 0.837500 0.575781 0.836458 0.578906 0.832292 0.579688 0.831250 0.582812 0.830208
0 0.550000 0.840625 0.553125 0.840625 0.553906 0.840625 0.559375 0.846875 0.560156 0.847917 0.560937 0.854167 0.560937 0.855208 0.557031 0.861458 0.556250 0.862500 0.550781 0.862500 0.550000 0.862500 0.544531 0.855208 0.543750 0.854167 0.544531 0.846875 0.544531 0.845833 0.550000 0.840625
0 0.668750 0.766667 0.672656 0.767708 0.673438 0.768750 0.672656 0.776042 0.671875 0.777083 0.673438 0.785417 0.672656 0.786458 0.669531 0.786458 0.668750 0.786458 0.664844 0.790625 0.664062 0.791667 0.661719 0.791667 0.660937 0.792708 0.656250 0.791667 0.655469 0.791667 0.650781 0.787500 0.650000 0.786458 0.650000 0.781250 0.650000 0.780208 0.652344 0.772917 0.653125 0.771875 0.668750 0.766667
0 0.349219 0.728125 0.352344 0.728125 0.353125 0.728125 0.357812 0.733333 0.358594 0.734375 0.360156 0.739583 0.360938 0.740625 0.360938 0.746875 0.360938 0.747917 0.356250 0.766667 0.356250 0.767708 0.353906 0.769792 0.353125 0.770833 0.347656 0.771875 0.346875 0.771875 0.340625 0.766667 0.339844 0.765625 0.337500 0.759375 0.336719 0.758333 0.336719 0.750000 0.336719 0.748958 0.342187 0.737500 0.342187 0.736458 0.349219 0.728125
0 0.335156 0.766667 0.339844 0.767708 0.340625 0.768750 0.341406 0.776042 0.341406 0.777083 0.338281 0.782292 0.337500 0.783333 0.334375 0.785417 0.333594 0.786458 0.328906 0.787500 0.328125 0.787500 0.327344 0.785417 0.326562 0.784375 0.326562 0.776042 0.326562 0.775000 0.328125 0.771875 0.328906 0.770833 0.335156 0.766667
0 0.369531 0.301042 0.371875 0.301042 0.372656 0.301042 0.376563 0.309375 0.377344 0.310417 0.377344 0.318750 0.377344 0.319792 0.374219 0.323958 0.373437 0.325000 0.367969 0.326042 0.367188 0.326042 0.357812 0.319792 0.357812 0.318750 0.369531 0.301042
0 0.369531 0.301042 0.371094 0.301042 0.371875 0.301042 0.375781 0.307292 0.376563 0.308333 0.377344 0.318750 0.377344 0.319792 0.370312 0.327083 0.369531 0.328125 0.371875 0.338542 0.372656 0.339583 0.371875 0.342708 0.371875 0.343750 0.370312 0.344792 0.369531 0.345833 0.365625 0.345833 0.364844 0.345833 0.362500 0.342708 0.361719 0.341667 0.358594 0.332292 0.358594 0.331250 0.354687 0.331250 0.353906 0.332292 0.353125 0.330208 0.353125 0.329167 0.357031 0.319792 0.357031 0.318750 0.360156 0.314583 0.360156 0.313542 0.364063 0.310417 0.364844 0.309375 0.369531 0.301042
0 0.489844 0.623958 0.492188 0.627083 0.492969 0.628125 0.492969 0.634375 0.492969 0.635417 0.489844 0.643750 0.489844 0.644792 0.485938 0.646875 0.485156 0.646875 0.482812 0.644792 0.482031 0.643750 0.480469 0.635417 0.480469 0.634375 0.482031 0.629167 0.482812 0.628125 0.489844 0.623958
0 0.521875 0.635417 0.527344 0.635417 0.528125 0.635417 0.528906 0.637500 0.529687 0.638542 0.528906 0.644792 0.528125 0.645833 0.523438 0.647917 0.522656 0.647917 0.517969 0.644792 0.517188 0.643750 0.517188 0.638542 0.517188 0.637500 0.521875 0.635417
0 0.503125 0.630208 0.506250 0.630208 0.507031 0.630208 0.507812 0.631250 0.508594 0.632292 0.508594 0.637500 0.508594 0.638542 0.503906 0.642708 0.503125 0.643750 0.499219 0.643750 0.498437 0.643750 0.497656 0.642708 0.496875 0.641667 0.496875 0.637500 0.496875 0.636458 0.503125 0.630208
0 0.523438 0.676042 0.526563 0.677083 0.527344 0.678125 0.528125 0.688542 0.528125 0.689583 0.525781 0.693750 0.525000 0.694792 0.521094 0.695833 0.520312 0.695833 0.518750 0.694792 0.517969 0.693750 0.517969 0.686458 0.517969 0.685417 0.521094 0.679167 0.521094 0.678125 0.523438 0.676042
0 0.511719 0.721875 0.519531 0.722917 0.520312 0.722917 0.521875 0.723958 0.522656 0.725000 0.521875 0.728125 0.521875 0.729167 0.517969 0.731250 0.517188 0.732292 0.503125 0.735417 0.502344 0.735417 0.501563 0.732292 0.501563 0.731250 0.504687 0.726042 0.504687 0.725000 0.511719 0.721875
0 0.688281 0.830208 0.700781 0.832292 0.701562 0.832292 0.707031 0.836458 0.707812 0.837500 0.714844 0.839583 0.715625 0.839583 0.716406 0.840625 0.717187 0.840625 0.717187 0.845833 0.717187 0.846875 0.706250 0.861458 0.705469 0.862500 0.700781 0.862500 0.700000 0.862500 0.696094 0.857292 0.695312 0.856250 0.689844 0.855208 0.689063 0.855208 0.685156 0.848958 0.684375 0.847917 0.680469 0.844792 0.679688 0.844792 0.678125 0.841667 0.677344 0.840625 0.678906 0.837500 0.679688 0.836458 0.688281 0.830208
0 0.889062 0.795833 0.895312 0.795833 0.896094 0.795833 0.898438 0.800000 0.898438 0.801042 0.896875 0.804167 0.896875 0.805208 0.891406 0.811458 0.890625 0.812500 0.886719 0.813542 0.885938 0.814583 0.882812 0.813542 0.882031 0.813542 0.879687 0.810417 0.878906 0.809375 0.879687 0.805208 0.879687 0.804167 0.889062 0.795833
0 0.742969 0.147917 0.751563 0.147917 0.752344 0.147917 0.754687 0.150000 0.755469 0.151042 0.754687 0.160417 0.754687 0.161458 0.752344 0.165625 0.751563 0.166667 0.749219 0.167708 0.748437 0.168750 0.745313 0.167708 0.744531 0.167708 0.739844 0.161458 0.739062 0.160417 0.739062 0.155208 0.739062 0.154167 0.740625 0.151042 0.740625 0.150000 0.742969 0.147917
0 0.696875 0.122917 0.700781 0.122917 0.701562 0.122917 0.712500 0.135417 0.713281 0.135417 0.714063 0.138542 0.714844 0.139583 0.714844 0.144792 0.715625 0.145833 0.714844 0.150000 0.714844 0.151042 0.713281 0.153125 0.712500 0.154167 0.710156 0.154167 0.709375 0.154167 0.707031 0.152083 0.706250 0.152083 0.701562 0.144792 0.700781 0.143750 0.696094 0.142708 0.695312 0.141667 0.694531 0.129167 0.694531 0.128125 0.696875 0.122917
0 0.839063 0.000000 0.865625 0.000000 0.866406 0.000000 0.867969 0.003125 0.868750 0.004167 0.869531 0.004167 0.870313 0.004167 0.878906 0.013542 0.878906 0.014583 0.871875 0.027083 0.871094 0.028125 0.858594 0.030208 0.857812 0.030208 0.848437 0.023958 0.847656 0.022917 0.847656 0.014583 0.847656 0.013542 0.840625 0.007292 0.839844 0.006250 0.839063 0.000000
0 0.228906 0.141667 0.237500 0.142708 0.238281 0.142708 0.239063 0.144792 0.239844 0.145833 0.239063 0.153125 0.239063 0.154167 0.236719 0.155208 0.235937 0.156250 0.228125 0.155208 0.227344 0.155208 0.226562 0.154167 0.225781 0.153125 0.225000 0.147917 0.225000 0.146875 0.228906 0.141667
0 0.180469 0.268750 0.187500 0.268750 0.188281 0.268750 0.199219 0.275000 0.200000 0.276042 0.208594 0.278125 0.209375 0.279167 0.205469 0.286458 0.204687 0.287500 0.203906 0.291667 0.203906 0.292708 0.199219 0.302083 0.198437 0.303125 0.196875 0.303125 0.196094 0.303125 0.187500 0.290625 0.186719 0.289583 0.175000 0.283333 0.174219 0.282292 0.175000 0.275000 0.175000 0.273958 0.180469 0.268750
0 0.219531 0.281250 0.223438 0.282292 0.224219 0.282292 0.225781 0.284375 0.226562 0.284375 0.228125 0.291667 0.228125 0.292708 0.234375 0.301042 0.235156 0.302083 0.237500 0.308333 0.237500 0.309375 0.234375 0.311458 0.233594 0.312500 0.224219 0.312500 0.223438 0.312500 0.216406 0.318750 0.215625 0.319792 0.211719 0.319792 0.210938 0.319792 0.206250 0.315625 0.205469 0.314583 0.204687 0.305208 0.204687 0.304167 0.202344 0.298958 0.202344 0.297917 0.207031 0.287500 0.207813 0.286458 0.219531 0.281250
0 0.130469 0.483333 0.133594 0.483333 0.134375 0.483333 0.138281 0.486458 0.139063 0.487500 0.140625 0.494792 0.141406 0.495833 0.140625 0.501042 0.139844 0.502083 0.134375 0.503125 0.133594 0.503125 0.127344 0.497917 0.126562 0.496875 0.125781 0.494792 0.125000 0.493750 0.125000 0.489583 0.125000 0.488542 0.125781 0.486458 0.126562 0.485417 0.130469 0.483333
0 0.064062 0.583333 0.079687 0.585417 0.080469 0.585417 0.084375 0.589583 0.084375 0.590625 0.078125 0.597917 0.077344 0.598958 0.065625 0.601042 0.064844 0.601042 0.061719 0.596875 0.060937 0.595833 0.060937 0.593750 0.060156 0.592708 0.060937 0.587500 0.060937 0.586458 0.064062 0.583333
0 0.157812 0.716667 0.160938 0.719792 0.161719 0.719792 0.164844 0.725000 0.165625 0.726042 0.164844 0.729167 0.164844 0.730208 0.161719 0.734375 0.160938 0.735417 0.152344 0.738542 0.151562 0.739583 0.146094 0.739583 0.145313 0.739583 0.141406 0.735417 0.140625 0.734375 0.138281 0.729167 0.137500 0.728125 0.137500 0.719792 0.138281 0.718750 0.154688 0.719792 0.155469 0.719792 0.157812 0.716667
0 0.153906 0.711458 0.157031 0.712500 0.157812 0.712500 0.159375 0.714583 0.160156 0.715625 0.160156 0.716667 0.160156 0.717708 0.164062 0.723958 0.164844 0.725000 0.164844 0.728125 0.164844 0.729167 0.160938 0.734375 0.160156 0.735417 0.152344 0.738542 0.151562 0.739583 0.146875 0.739583 0.146094 0.739583 0.139844 0.733333 0.139063 0.732292 0.135937 0.720833 0.135937 0.719792 0.136719 0.718750 0.137500 0.717708 0.146875 0.717708 0.147656 0.717708 0.150000 0.713542 0.150781 0.712500 0.153906 0.711458
0 0.171875 0.637500 0.172656 0.637500 0.173437 0.637500 0.181250 0.646875 0.182031 0.647917 0.182812 0.650000 0.183594 0.651042 0.183594 0.655208 0.183594 0.656250 0.169531 0.661458 0.168750 0.662500 0.163281 0.658333 0.162500 0.657292 0.162500 0.653125 0.162500 0.652083 0.167187 0.646875 0.167969 0.645833 0.170313 0.639583 0.170313 0.638542 0.171875 0.637500
0 0.173437 0.677083 0.177344 0.679167 0.178125 0.680208 0.187500 0.697917 0.188281 0.698958 0.188281 0.703125 0.187500 0.704167 0.179688 0.703125 0.178906 0.703125 0.168750 0.691667 0.167969 0.690625 0.167969 0.683333 0.167969 0.682292 0.173437 0.677083
0 0.871875 0.182292 0.878125 0.184375 0.878906 0.185417 0.883594 0.185417 0.884375 0.185417 0.885938 0.188542 0.885938 0.189583 0.875000 0.202083 0.874219 0.203125 0.869531 0.204167 0.868750 0.205208 0.866406 0.204167 0.865625 0.203125 0.865625 0.198958 0.865625 0.197917 0.867969 0.187500 0.867969 0.186458 0.871875 0.182292
0 0.772656 0.490625 0.778125 0.490625 0.778906 0.490625 0.779687 0.492708 0.780469 0.493750 0.781250 0.506250 0.781250 0.507292 0.778906 0.512500 0.778906 0.513542 0.782813 0.520833 0.783594 0.521875 0.783594 0.528125 0.783594 0.529167 0.781250 0.536458 0.780469 0.537500 0.778906 0.547917 0.778906 0.548958 0.771094 0.557292 0.770312 0.557292 0.755469 0.541667 0.754687 0.540625 0.754687 0.535417 0.754687 0.534375 0.753125 0.529167 0.753125 0.528125 0.757812 0.525000 0.758594 0.523958 0.763281 0.525000 0.764062 0.525000 0.767188 0.528125 0.767969 0.527083 0.767969 0.523958 0.767969 0.522917 0.766406 0.520833 0.765625 0.520833 0.764062 0.516667 0.763281 0.515625 0.762500 0.510417 0.762500 0.509375 0.764844 0.500000 0.764844 0.498958 0.772656 0.490625
0 0.785156 0.555208 0.787500 0.555208 0.788281 0.556250 0.792969 0.570833 0.793750 0.571875 0.794531 0.581250 0.794531 0.582292 0.793750 0.584375 0.793750 0.585417 0.791406 0.586458 0.790625 0.587500 0.786719 0.585417 0.785937 0.584375 0.780469 0.584375 0.779687 0.584375 0.776563 0.581250 0.775781 0.580208 0.775000 0.577083 0.774219 0.576042 0.775000 0.567708 0.775000 0.566667 0.779687 0.557292 0.779687 0.556250 0.785156 0.555208
0 0.802344 0.553125 0.805469 0.554167 0.806250 0.554167 0.807813 0.556250 0.808594 0.557292 0.807813 0.590625 0.807813 0.591667 0.809375 0.594792 0.810156 0.595833 0.826562 0.593750 0.827344 0.593750 0.838281 0.601042 0.839063 0.601042 0.850000 0.613542 0.850781 0.614583 0.851562 0.619792 0.851562 0.620833 0.849219 0.632292 0.849219 0.633333 0.846094 0.639583 0.845313 0.640625 0.826562 0.640625 0.825781 0.640625 0.821094 0.635417 0.820312 0.634375 0.812500 0.629167 0.811719 0.629167 0.800000 0.614583 0.799219 0.613542 0.797656 0.607292 0.796875 0.606250 0.796094 0.597917 0.795312 0.596875 0.796094 0.579167 0.796094 0.578125 0.790625 0.559375 0.790625 0.558333 0.791406 0.556250 0.791406 0.555208 0.799219 0.555208 0.800000 0.555208 0.802344 0.553125
0 0.788281 0.521875 0.794531 0.523958 0.795312 0.525000 0.804688 0.525000 0.805469 0.525000 0.808594 0.527083 0.809375 0.527083 0.810937 0.531250 0.811719 0.532292 0.810156 0.539583 0.810156 0.540625 0.805469 0.542708 0.804688 0.542708 0.800000 0.539583 0.799219 0.538542 0.792969 0.537500 0.792188 0.537500 0.788281 0.533333 0.787500 0.532292 0.788281 0.521875
0 0.887500 0.287500 0.891406 0.288542 0.892188 0.289583 0.891406 0.293750 0.891406 0.294792 0.861719 0.329167 0.860938 0.330208 0.850000 0.331250 0.849219 0.331250 0.843750 0.329167 0.842969 0.329167 0.841406 0.327083 0.840625 0.327083 0.839844 0.323958 0.839063 0.322917 0.839063 0.310417 0.839063 0.309375 0.841406 0.303125 0.842187 0.302083 0.846875 0.301042 0.847656 0.300000 0.858594 0.300000 0.859375 0.300000 0.862500 0.303125 0.863281 0.304167 0.866406 0.304167 0.867188 0.304167 0.870313 0.302083 0.871094 0.302083 0.881250 0.291667 0.882031 0.290625 0.887500 0.287500
0 0.893750 0.257292 0.903906 0.258333 0.904687 0.258333 0.910156 0.263542 0.910937 0.263542 0.917188 0.271875 0.917969 0.272917 0.909375 0.289583 0.908594 0.290625 0.896094 0.291667 0.895312 0.291667 0.888281 0.287500 0.887500 0.286458 0.885938 0.280208 0.885156 0.279167 0.885938 0.268750 0.885938 0.267708 0.889062 0.261458 0.889062 0.260417 0.893750 0.257292
0 0.875781 0.318750 0.880469 0.320833 0.881250 0.321875 0.886719 0.336458 0.886719 0.337500 0.890625 0.342708 0.891406 0.343750 0.892188 0.343750 0.892969 0.343750 0.898438 0.337500 0.899219 0.336458 0.900781 0.330208 0.900781 0.329167 0.905469 0.323958 0.906250 0.322917 0.910156 0.322917 0.910937 0.322917 0.912500 0.326042 0.913281 0.327083 0.912500 0.360417 0.912500 0.361458 0.909375 0.367708 0.909375 0.368750 0.900000 0.381250 0.900000 0.382292 0.897656 0.383333 0.896875 0.384375 0.889062 0.384375 0.888281 0.384375 0.882031 0.381250 0.881250 0.380208 0.877344 0.382292 0.876563 0.383333 0.860938 0.382292 0.860156 0.382292 0.855469 0.375000 0.854688 0.373958 0.847656 0.356250 0.847656 0.355208 0.844531 0.350000 0.843750 0.348958 0.843750 0.346875 0.843750 0.345833 0.846094 0.342708 0.846875 0.341667 0.850000 0.333333 0.850000 0.332292 0.853125 0.331250 0.853906 0.331250 0.864062 0.333333 0.864844 0.333333 0.867188 0.328125 0.867188 0.327083 0.871094 0.326042 0.871875 0.326042 0.875781 0.318750
0 0.925781 0.278125 0.927344 0.278125 0.928125 0.278125 0.935937 0.285417 0.936719 0.286458 0.945312 0.288542 0.946094 0.288542 0.942187 0.292708 0.941406 0.293750 0.941406 0.298958 0.941406 0.300000 0.943750 0.309375 0.943750 0.310417 0.948438 0.317708 0.949219 0.318750 0.949219 0.323958 0.950000 0.325000 0.949219 0.332292 0.948438 0.333333 0.948438 0.343750 0.948438 0.344792 0.946875 0.346875 0.946094 0.347917 0.945312 0.353125 0.944531 0.354167 0.944531 0.363542 0.944531 0.364583 0.933594 0.375000 0.932813 0.376042 0.930469 0.376042 0.929688 0.376042 0.928125 0.373958 0.927344 0.372917 0.921094 0.358333 0.920312 0.357292 0.920312 0.335417 0.920312 0.334375 0.916406 0.325000 0.915625 0.323958 0.915625 0.318750 0.915625 0.317708 0.918750 0.309375 0.919531 0.308333 0.921094 0.298958 0.921875 0.297917 0.923438 0.281250 0.923438 0.280208 0.925781 0.278125
0 0.957812 0.359375 0.960156 0.360417 0.960938 0.361458 0.966406 0.378125 0.966406 0.379167 0.971875 0.387500 0.972656 0.388542 0.971094 0.405208 0.970313 0.406250 0.971094 0.428125 0.971094 0.429167 0.967187 0.441667 0.966406 0.442708 0.963281 0.459375 0.962500 0.460417 0.958594 0.460417 0.957812 0.460417 0.950781 0.454167 0.950000 0.453125 0.946875 0.445833 0.946094 0.444792 0.943750 0.433333 0.942969 0.432292 0.943750 0.414583 0.943750 0.413542 0.949219 0.393750 0.950000 0.392708 0.950000 0.386458 0.950000 0.385417 0.947656 0.379167 0.946875 0.378125 0.947656 0.370833 0.947656 0.369792 0.949219 0.366667 0.950000 0.365625 0.957812 0.359375
0 0.942969 0.367708 0.946875 0.367708 0.947656 0.367708 0.949219 0.382292 0.949219 0.383333 0.944531 0.394792 0.944531 0.395833 0.942187 0.398958 0.941406 0.400000 0.939844 0.400000 0.939063 0.401042 0.934375 0.393750 0.933594 0.392708 0.932813 0.387500 0.932813 0.386458 0.934375 0.379167 0.934375 0.378125 0.935937 0.376042 0.935937 0.375000 0.942969 0.367708
0 0.970313 0.384375 0.976562 0.385417 0.977344 0.385417 0.998437 0.393750 0.999219 0.393750 0.999219 0.406250 0.999219 0.407292 0.982812 0.407292 0.982031 0.407292 0.978125 0.404167 0.977344 0.404167 0.973437 0.400000 0.972656 0.400000 0.970313 0.394792 0.969531 0.393750 0.968750 0.387500 0.968750 0.386458 0.970313 0.384375
0 0.903906 0.382292 0.911719 0.382292 0.912500 0.382292 0.917969 0.387500 0.918750 0.388542 0.918750 0.392708 0.918750 0.393750 0.914062 0.398958 0.913281 0.400000 0.910156 0.406250 0.910156 0.407292 0.907031 0.408333 0.906250 0.409375 0.899219 0.407292 0.898438 0.407292 0.896094 0.405208 0.895312 0.405208 0.892969 0.401042 0.892188 0.400000 0.892969 0.393750 0.892969 0.392708 0.903906 0.382292
0 0.929688 0.426042 0.933594 0.426042 0.934375 0.426042 0.941406 0.431250 0.942187 0.432292 0.945312 0.445833 0.946094 0.446875 0.945312 0.452083 0.945312 0.453125 0.939844 0.454167 0.939063 0.454167 0.929688 0.448958 0.928906 0.447917 0.927344 0.439583 0.927344 0.438542 0.925000 0.433333 0.925000 0.432292 0.925781 0.429167 0.925781 0.428125 0.929688 0.426042
0 0.905469 0.380208 0.910156 0.380208 0.910937 0.380208 0.921875 0.388542 0.922656 0.389583 0.927344 0.387500 0.928125 0.387500 0.934375 0.396875 0.935156 0.397917 0.935937 0.402083 0.935937 0.403125 0.932813 0.402083 0.932031 0.401042 0.930469 0.402083 0.929688 0.403125 0.928906 0.412500 0.928906 0.413542 0.922656 0.421875 0.922656 0.422917 0.926562 0.426042 0.927344 0.427083 0.931250 0.426042 0.932031 0.426042 0.938281 0.428125 0.939063 0.428125 0.941406 0.433333 0.942187 0.434375 0.942969 0.439583 0.943750 0.440625 0.944531 0.447917 0.945312 0.448958 0.944531 0.452083 0.943750 0.453125 0.939844 0.453125 0.939063 0.453125 0.932031 0.448958 0.931250 0.448958 0.926562 0.436458 0.925781 0.435417 0.907813 0.422917 0.907031 0.422917 0.903125 0.412500 0.903125 0.411458 0.900781 0.408333 0.900000 0.407292 0.893750 0.403125 0.892969 0.402083 0.892188 0.394792 0.892188 0.393750 0.900000 0.384375 0.900781 0.383333 0.905469 0.380208
0 0.926562 0.273958 0.928906 0.273958 0.929688 0.273958 0.939063 0.284375 0.939844 0.285417 0.949219 0.287500 0.950000 0.288542 0.954688 0.287500 0.955469 0.287500 0.958594 0.289583 0.959375 0.290625 0.959375 0.295833 0.959375 0.296875 0.957031 0.303125 0.956250 0.304167 0.955469 0.313542 0.955469 0.314583 0.951562 0.317708 0.950781 0.318750 0.950781 0.330208 0.950781 0.331250 0.959375 0.332292 0.960156 0.332292 0.960938 0.333333 0.961719 0.334375 0.963281 0.343750 0.963281 0.344792 0.959375 0.350000 0.958594 0.351042 0.956250 0.352083 0.955469 0.352083 0.943750 0.366667 0.942969 0.367708 0.934375 0.375000 0.933594 0.376042 0.930469 0.376042 0.929688 0.376042 0.921875 0.360417 0.921094 0.359375 0.920312 0.337500 0.920312 0.336458 0.915625 0.325000 0.914844 0.323958 0.914844 0.318750 0.914844 0.317708 0.917969 0.311458 0.918750 0.310417 0.918750 0.307292 0.919531 0.306250 0.922656 0.280208 0.922656 0.279167 0.926562 0.273958
0 0.982031 0.408333 0.998437 0.409375 0.999219 0.409375 0.999219 0.442708 0.999219 0.443750 0.996094 0.442708 0.995313 0.442708 0.989062 0.434375 0.988281 0.433333 0.983594 0.431250 0.982812 0.431250 0.981250 0.429167 0.980469 0.428125 0.978906 0.418750 0.978906 0.417708 0.982031 0.408333
0 0.324219 0.286458 0.328125 0.287500 0.328906 0.287500 0.334375 0.294792 0.335156 0.295833 0.335938 0.302083 0.336719 0.303125 0.335156 0.309375 0.334375 0.310417 0.328906 0.311458 0.328125 0.311458 0.326562 0.309375 0.325781 0.308333 0.321875 0.296875 0.321094 0.295833 0.321094 0.291667 0.321094 0.290625 0.324219 0.286458
0 0.021094 0.018750 0.026562 0.018750 0.027344 0.018750 0.028906 0.019792 0.029687 0.020833 0.029687 0.022917 0.029687 0.023958 0.025781 0.028125 0.025000 0.028125 0.021094 0.034375 0.021094 0.035417 0.016406 0.036458 0.015625 0.036458 0.014844 0.035417 0.014063 0.034375 0.014844 0.028125 0.014844 0.027083 0.021094 0.018750
0 0.208067 0.086050 0.206829 0.082750 0.206829 0.078212 0.207139 0.075736 0.207758 0.074499 0.208067 0.071198 0.208067 0.066247 0.208376 0.065010 0.211780 0.065010 0.212708 0.065422 0.213637 0.069548 0.213946 0.087701 0.215184 0.089763 0.216421 0.089763 0.217659 0.090588 0.218587 0.093064 0.218587 0.095539 0.213018 0.099665 0.211780 0.100077 0.209305 0.102553 0.206520 0.103791 0.206211 0.104616 0.204663 0.105028 0.204354 0.105853 0.202807 0.106678 0.200641 0.109154 0.197237 0.114930 0.192905 0.117818 0.188573 0.119055 0.188573 0.113692 0.187955 0.111217 0.187336 0.110391 0.188883 0.109154 0.190430 0.109154 0.194453 0.107504 0.196000 0.103378 0.198475 0.100490 0.199094 0.100490 0.201879 0.097602 0.205592 0.091826 0.205592 0.091001 0.206520 0.090176 0.206829 0.088938
0 0.054463 0.050964 0.051853 0.048478 0.049988 0.045992 0.049988 0.042014 0.050361 0.041020 0.049615 0.040025 0.049615 0.039031 0.050361 0.038037 0.054836 0.038037 0.055954 0.039528 0.057073 0.039528 0.058192 0.041020 0.058192 0.042014 0.058937 0.043506 0.058937 0.049472 0.057446 0.049969
0 0.011953 0.057924 0.008970 0.056433 0.008224 0.054941 0.008224 0.051461 0.007851 0.049472 0.007105 0.049472 0.006732 0.048975 0.005987 0.046489 0.005987 0.038534 0.007478 0.038534 0.008970 0.041020 0.009343 0.043506 0.009715 0.044997 0.010461 0.045992 0.010461 0.046986 0.012699 0.049969 0.016055 0.052952 0.017173 0.053450 0.017546 0.054444 0.017546 0.057427 0.016428 0.058919 0.015682 0.058919 0.015309 0.059416
0 0.175781 0.531250 0.177344 0.531250 0.178125 0.531250 0.183594 0.535417 0.184375 0.535417 0.200000 0.550000 0.200781 0.550000 0.207031 0.561458 0.207813 0.562500 0.212500 0.562500 0.213281 0.562500 0.214062 0.565625 0.214062 0.566667 0.210938 0.569792 0.210156 0.570833 0.210938 0.572917 0.210938 0.573958 0.213281 0.576042 0.214062 0.577083 0.213281 0.581250 0.213281 0.582292 0.205469 0.582292 0.204687 0.582292 0.201563 0.579167 0.200781 0.578125 0.196094 0.578125 0.195312 0.578125 0.192969 0.576042 0.192188 0.575000 0.190625 0.568750 0.189844 0.567708 0.185156 0.565625 0.184375 0.564583 0.182031 0.553125 0.182031 0.552083 0.175000 0.538542 0.174219 0.537500 0.174219 0.533333 0.174219 0.532292 0.175781 0.531250
0 0.292187 0.561458 0.296094 0.561458 0.296875 0.561458 0.300781 0.568750 0.301563 0.569792 0.298438 0.576042 0.298438 0.577083 0.296875 0.579167 0.296094 0.580208 0.282813 0.579167 0.282031 0.578125 0.275781 0.579167 0.275000 0.579167 0.274219 0.580208 0.273438 0.581250 0.274219 0.585417 0.274219 0.586458 0.272656 0.588542 0.271875 0.589583 0.244531 0.590625 0.243750 0.590625 0.233594 0.586458 0.232813 0.586458 0.229687 0.583333 0.228906 0.582292 0.227344 0.582292 0.226562 0.582292 0.222656 0.586458 0.221875 0.587500 0.217188 0.585417 0.216406 0.584375 0.217188 0.570833 0.217188 0.569792 0.219531 0.564583 0.220312 0.563542 0.236719 0.566667 0.237500 0.567708 0.252344 0.568750 0.253125 0.568750 0.269531 0.567708 0.270313 0.567708 0.279687 0.564583 0.280469 0.563542 0.292187 0.561458
0 0.690625 0.343750 0.694531 0.344792 0.695312 0.344792 0.698438 0.348958 0.699219 0.350000 0.700000 0.355208 0.700000 0.356250 0.698438 0.359375 0.698438 0.360417 0.692187 0.368750 0.691406 0.369792 0.685937 0.370833 0.685156 0.370833 0.681250 0.368750 0.680469 0.368750 0.676562 0.356250 0.676562 0.355208 0.690625 0.343750
0 0.677344 0.325000 0.679688 0.326042 0.680469 0.326042 0.681250 0.328125 0.681250 0.329167 0.685156 0.333333 0.685937 0.334375 0.685156 0.339583 0.685156 0.340625 0.679688 0.346875 0.678906 0.347917 0.678125 0.347917 0.677344 0.347917 0.670312 0.340625 0.669531 0.340625 0.667188 0.333333 0.666406 0.332292 0.666406 0.329167 0.667188 0.328125 0.673438 0.327083 0.674219 0.327083 0.677344 0.325000
0 0.708594 0.295833 0.712500 0.295833 0.713281 0.296875 0.714844 0.301042 0.715625 0.302083 0.715625 0.309375 0.715625 0.310417 0.712500 0.315625 0.711719 0.316667 0.710156 0.322917 0.710156 0.323958 0.707812 0.325000 0.707031 0.325000 0.703906 0.321875 0.703125 0.320833 0.703125 0.317708 0.703125 0.316667 0.703906 0.303125 0.703906 0.302083 0.708594 0.295833
0 0.618750 0.627083 0.621875 0.628125 0.622656 0.628125 0.625781 0.631250 0.626563 0.632292 0.626563 0.636458 0.627344 0.637500 0.625781 0.642708 0.625000 0.643750 0.621094 0.643750 0.620313 0.643750 0.617969 0.641667 0.617188 0.640625 0.615625 0.632292 0.615625 0.631250 0.618750 0.627083
0 0.615625 0.516667 0.617969 0.517708 0.618750 0.517708 0.624219 0.522917 0.625000 0.523958 0.628906 0.522917 0.629687 0.521875 0.631250 0.522917 0.632031 0.523958 0.633594 0.533333 0.634375 0.534375 0.633594 0.541667 0.632812 0.542708 0.628906 0.542708 0.628125 0.542708 0.615625 0.534375 0.614844 0.533333 0.615625 0.516667
0 0.986719 0.318750 0.993750 0.318750 0.994531 0.318750 0.998437 0.320833 0.999219 0.320833 0.999219 0.344792 0.999219 0.345833 0.988281 0.347917 0.987500 0.348958 0.974219 0.345833 0.973437 0.345833 0.967187 0.336458 0.966406 0.335417 0.966406 0.330208 0.966406 0.329167 0.968750 0.327083 0.969531 0.326042 0.974219 0.328125 0.975000 0.328125 0.986719 0.318750
0 0.557813 0.479167 0.565625 0.480208 0.566406 0.480208 0.582812 0.494792 0.583594 0.495833 0.585938 0.496875 0.586719 0.497917 0.594531 0.498958 0.595313 0.498958 0.597656 0.501042 0.598437 0.501042 0.600000 0.505208 0.600781 0.506250 0.602344 0.516667 0.603125 0.517708 0.602344 0.528125 0.602344 0.529167 0.600000 0.533333 0.600000 0.534375 0.584375 0.553125 0.583594 0.554167 0.577344 0.567708 0.577344 0.568750 0.567969 0.580208 0.567187 0.581250 0.564844 0.586458 0.564844 0.587500 0.563281 0.589583 0.562500 0.590625 0.559375 0.591667 0.558594 0.592708 0.544531 0.589583 0.543750 0.589583 0.503906 0.552083 0.503125 0.551042 0.491406 0.547917 0.490625 0.547917 0.484375 0.540625 0.483594 0.539583 0.482031 0.533333 0.482031 0.532292 0.475000 0.517708 0.474219 0.516667 0.473438 0.512500 0.472656 0.511458 0.474219 0.482292 0.474219 0.481250 0.491406 0.482292 0.492188 0.482292 0.501563 0.480208 0.502344 0.480208 0.517969 0.483333 0.518750 0.484375 0.526563 0.484375 0.527344 0.484375 0.557813 0.479167
0 0.164062 0.552083 0.165625 0.552083 0.166406 0.552083 0.168750 0.558333 0.169531 0.559375 0.171094 0.573958 0.171094 0.575000 0.172656 0.576042 0.173437 0.577083 0.184375 0.579167 0.185156 0.580208 0.186719 0.590625 0.186719 0.591667 0.184375 0.597917 0.183594 0.598958 0.180469 0.600000 0.179688 0.601042 0.168750 0.601042 0.167969 0.601042 0.160938 0.597917 0.160156 0.596875 0.155469 0.571875 0.155469 0.570833 0.159375 0.566667 0.160156 0.565625 0.161719 0.556250 0.161719 0.555208 0.164062 0.552083
0 0.461719 0.616667 0.468750 0.619792 0.469531 0.620833 0.476562 0.620833 0.477344 0.620833 0.477344 0.629167 0.477344 0.630208 0.469531 0.632292 0.468750 0.633333 0.465625 0.632292 0.464844 0.632292 0.460938 0.627083 0.460156 0.626042 0.460156 0.619792 0.460156 0.618750 0.461719 0.616667
0 0.293750 0.683333 0.297656 0.683333 0.298438 0.683333 0.304688 0.686458 0.305469 0.686458 0.307031 0.689583 0.307812 0.690625 0.308594 0.697917 0.308594 0.698958 0.305469 0.701042 0.304688 0.701042 0.299219 0.697917 0.298438 0.697917 0.292969 0.690625 0.292187 0.689583 0.292187 0.686458 0.292187 0.685417 0.293750 0.683333
0 0.282031 0.670833 0.288281 0.671875 0.289062 0.671875 0.291406 0.677083 0.292187 0.678125 0.292187 0.681250 0.292187 0.682292 0.290625 0.683333 0.289844 0.684375 0.282813 0.683333 0.282031 0.683333 0.281250 0.682292 0.280469 0.681250 0.280469 0.675000 0.280469 0.673958 0.282031 0.670833
0 0.102344 0.650000 0.110156 0.653125 0.110937 0.654167 0.116406 0.654167 0.117188 0.654167 0.121875 0.664583 0.122656 0.665625 0.123438 0.671875 0.124219 0.672917 0.124219 0.686458 0.124219 0.687500 0.123438 0.693750 0.123438 0.694792 0.121094 0.697917 0.120313 0.698958 0.119531 0.703125 0.119531 0.704167 0.113281 0.705208 0.112500 0.705208 0.107813 0.703125 0.107031 0.703125 0.103906 0.705208 0.103125 0.706250 0.097656 0.706250 0.096875 0.706250 0.096094 0.705208 0.095312 0.704167 0.087500 0.703125 0.086719 0.703125 0.074219 0.696875 0.073438 0.696875 0.072656 0.690625 0.072656 0.689583 0.081250 0.683333 0.082031 0.682292 0.090625 0.680208 0.091406 0.680208 0.094531 0.682292 0.095312 0.683333 0.097656 0.683333 0.098437 0.683333 0.100000 0.681250 0.100781 0.680208 0.102344 0.671875 0.102344 0.670833 0.100781 0.667708 0.100000 0.666667 0.096875 0.664583 0.096094 0.663542 0.094531 0.658333 0.094531 0.657292 0.095312 0.654167 0.096094 0.653125 0.102344 0.650000
0 0.305469 0.625000 0.309375 0.625000 0.310156 0.625000 0.314063 0.628125 0.314844 0.629167 0.315625 0.637500 0.315625 0.638542 0.313281 0.642708 0.312500 0.643750 0.306250 0.645833 0.305469 0.645833 0.299219 0.640625 0.298438 0.639583 0.296875 0.633333 0.296875 0.632292 0.305469 0.625000
0 0.321875 0.612500 0.324219 0.612500 0.325000 0.612500 0.328125 0.615625 0.328906 0.616667 0.328906 0.636458 0.328125 0.637500 0.326562 0.637500 0.325781 0.637500 0.319531 0.629167 0.318750 0.628125 0.317969 0.621875 0.317969 0.620833 0.321875 0.612500
0 0.884375 0.084375 0.891406 0.087500 0.892188 0.087500 0.898438 0.104167 0.899219 0.105208 0.900000 0.110417 0.900000 0.111458 0.898438 0.113542 0.897656 0.114583 0.896094 0.114583 0.895312 0.114583 0.885938 0.105208 0.885156 0.104167 0.882031 0.092708 0.881250 0.091667 0.881250 0.088542 0.881250 0.087500 0.884375 0.084375
0 0.825781 0.194792 0.828906 0.194792 0.829688 0.194792 0.831250 0.197917 0.832031 0.198958 0.832031 0.209375 0.832031 0.210417 0.829688 0.213542 0.828906 0.214583 0.825000 0.213542 0.824219 0.213542 0.821094 0.205208 0.820312 0.204167 0.820312 0.202083 0.820312 0.201042 0.825781 0.194792
0 0.428125 0.110417 0.432812 0.110417 0.433594 0.110417 0.435937 0.114583 0.436719 0.115625 0.435937 0.125000 0.435937 0.126042 0.428125 0.137500 0.427344 0.138542 0.416406 0.139583 0.415625 0.139583 0.407813 0.144792 0.407031 0.145833 0.395313 0.145833 0.394531 0.145833 0.391406 0.143750 0.390625 0.143750 0.385156 0.134375 0.384375 0.133333 0.384375 0.129167 0.384375 0.128125 0.385937 0.127083 0.386719 0.126042 0.402344 0.119792 0.403125 0.118750 0.414844 0.119792 0.415625 0.119792 0.422656 0.115625 0.423438 0.115625 0.428125 0.110417
0 0.676562 0.662500 0.688281 0.663542 0.689063 0.663542 0.705469 0.672917 0.706250 0.673958 0.718750 0.677083 0.719531 0.678125 0.733594 0.680208 0.734375 0.681250 0.735156 0.695833 0.735156 0.696875 0.734375 0.703125 0.733594 0.704167 0.733594 0.712500 0.732812 0.713542 0.734375 0.739583 0.734375 0.740625 0.732031 0.744792 0.731250 0.745833 0.696094 0.753125 0.695312 0.753125 0.689844 0.756250 0.689063 0.757292 0.658594 0.767708 0.657813 0.767708 0.622656 0.784375 0.621875 0.784375 0.619531 0.782292 0.618750 0.781250 0.611719 0.767708 0.611719 0.766667 0.596094 0.743750 0.595313 0.742708 0.596094 0.736458 0.596094 0.735417 0.592969 0.729167 0.592187 0.728125 0.589844 0.727083 0.589063 0.726042 0.579688 0.726042 0.578906 0.726042 0.573438 0.720833 0.572656 0.719792 0.572656 0.706250 0.572656 0.705208 0.574219 0.700000 0.574219 0.698958 0.581250 0.685417 0.581250 0.684375 0.585938 0.680208 0.586719 0.679167 0.603906 0.679167 0.604688 0.679167 0.617969 0.676042 0.618750 0.675000 0.646094 0.671875 0.646875 0.671875 0.676562 0.662500
0 0.844774 0.786359 0.844454 0.784745 0.843571 0.783568 0.842372 0.783049 0.842483 0.781380 0.842941 0.779230 0.842621 0.777615 0.841738 0.776438 0.840527 0.776011 0.839316 0.776438 0.838280 0.777819 0.837807 0.780045 0.837654 0.780860 0.837654 0.781933 0.837043 0.784730 0.837043 0.786156 0.837364 0.787770 0.838247 0.788947 0.839457 0.789375 0.841631 0.789375 0.842360 0.789578 0.843571 0.789151 0.844454 0.787974
0 0.754094 0.512274 0.753211 0.513451 0.751577 0.514979 0.751464 0.515430 0.751069 0.515956 0.750675 0.517359 0.749792 0.518536 0.748318 0.518964 0.747107 0.518536 0.745961 0.517008 0.745304 0.515606 0.743989 0.513677 0.743668 0.512062 0.743989 0.510448 0.745003 0.509095 0.746214 0.508668 0.747425 0.509095 0.748384 0.510374 0.749474 0.508920 0.750132 0.508569 0.750658 0.507868 0.751869 0.507441 0.753211 0.507868 0.754094 0.509045 0.754414 0.510660
0 0.601211 0.812179 0.600328 0.813356 0.599117 0.813784 0.597521 0.813228 0.596548 0.811809 0.593575 0.808351 0.592307 0.806532 0.591986 0.804917 0.591890 0.803045 0.590221 0.805270 0.589547 0.805655 0.587429 0.807837 0.585119 0.810019 0.584726 0.810158 0.584349 0.810661 0.582740 0.811652 0.582424 0.812073 0.581639 0.812350 0.580595 0.813100 0.578806 0.813784 0.577940 0.813783 0.574090 0.814939 0.572357 0.814939 0.570472 0.814255 0.569991 0.813741 0.568643 0.813228 0.567207 0.811570 0.566541 0.812458 0.564656 0.813142 0.563212 0.813142 0.562001 0.812714 0.560926 0.811409 0.559963 0.808714 0.559643 0.807099 0.559643 0.803891 0.560124 0.801719 0.560124 0.799955 0.559963 0.799729 0.559450 0.797345 0.559771 0.795730 0.560654 0.794553 0.561864 0.794126 0.563075 0.794553 0.565260 0.796865 0.566081 0.797175 0.565804 0.799270 0.566124 0.800885 0.567135 0.802211 0.567279 0.802938 0.568258 0.804244 0.569469 0.804671 0.569950 0.804671 0.572028 0.803987 0.572328 0.803586 0.573305 0.803242 0.577285 0.804009 0.578654 0.802767 0.582241 0.801169 0.583248 0.800621 0.583564 0.800200 0.584087 0.800016 0.584606 0.799324 0.585087 0.797142 0.586066 0.795837 0.587277 0.795409 0.588488 0.795837 0.589371 0.797014 0.589442 0.797369 0.590687 0.795837 0.591553 0.795195 0.593246 0.794639 0.595556 0.794639 0.596767 0.795066 0.597650 0.796244 0.597970 0.797858 0.597970 0.799142 0.597650 0.800756 0.597361 0.801911 0.596719 0.802896 0.596719 0.803602 0.598788 0.806104 0.599173 0.806361 0.601211 0.808950 0.601531 0.810565
0 0.895312 0.446875 0.904687 0.446875 0.905469 0.446875 0.910156 0.448958 0.910937 0.450000 0.910937 0.454167 0.910937 0.455208 0.906250 0.464583 0.905469 0.465625 0.900781 0.465625 0.900000 0.465625 0.895312 0.460417 0.894531 0.459375 0.893750 0.451042 0.893750 0.450000 0.895312 0.446875
0 0.974219 0.301042 0.979688 0.302083 0.980469 0.302083 0.981250 0.305208 0.982031 0.306250 0.982031 0.311458 0.982031 0.312500 0.980469 0.320833 0.980469 0.321875 0.978125 0.323958 0.977344 0.325000 0.973437 0.326042 0.972656 0.326042 0.967187 0.322917 0.966406 0.322917 0.963281 0.318750 0.962500 0.317708 0.961719 0.311458 0.961719 0.310417 0.964844 0.305208 0.965625 0.304167 0.974219 0.301042
0 0.403125 0.627083 0.409375 0.627083 0.410156 0.627083 0.415625 0.630208 0.416406 0.630208 0.417969 0.633333 0.417969 0.634375 0.415625 0.637500 0.414844 0.638542 0.407031 0.637500 0.406250 0.637500 0.399219 0.633333 0.398438 0.633333 0.398438 0.632292 0.398438 0.631250 0.403125 0.627083
0 0.044022 0.020138 0.041411 0.016657 0.041411 0.015663 0.041039 0.015166 0.041039 0.010691 0.041411 0.009697 0.046632 0.009697 0.047751 0.010691 0.048124 0.013177 0.048124 0.019143 0.047005 0.019143
0 0.131279 0.052455 0.128669 0.054444 0.124567 0.054444 0.121211 0.050964 0.121211 0.049969 0.120092 0.048478 0.120092 0.045992 0.124567 0.041517 0.125685 0.041020 0.129787 0.041020 0.130533 0.041517 0.131652 0.047980 0.132025 0.048478
0 0.982031 0.407292 0.998437 0.408333 0.999219 0.408333 0.999219 0.486458 0.999219 0.487500 0.998437 0.487500 0.997656 0.487500 0.994531 0.482292 0.993750 0.481250 0.993750 0.478125 0.993750 0.477083 0.989062 0.466667 0.988281 0.465625 0.989062 0.458333 0.989062 0.457292 0.994531 0.444792 0.994531 0.443750 0.993750 0.441667 0.993750 0.440625 0.989844 0.436458 0.989062 0.435417 0.986719 0.439583 0.985938 0.439583 0.986719 0.435417 0.986719 0.434375 0.982812 0.431250 0.982031 0.431250 0.981250 0.429167 0.980469 0.428125 0.978906 0.418750 0.978906 0.417708 0.982031 0.407292
0 0.900781 0.112500 0.907031 0.113542 0.907813 0.113542 0.911719 0.116667 0.912500 0.116667 0.921094 0.131250 0.921875 0.132292 0.923438 0.137500 0.924219 0.138542 0.925000 0.147917 0.925000 0.148958 0.924219 0.153125 0.924219 0.154167 0.921094 0.159375 0.920312 0.160417 0.908594 0.161458 0.907813 0.161458 0.901563 0.157292 0.900781 0.157292 0.892969 0.150000 0.892188 0.148958 0.885938 0.148958 0.885156 0.148958 0.884375 0.146875 0.884375 0.145833 0.878125 0.138542 0.877344 0.137500 0.879687 0.134375 0.880469 0.133333 0.885938 0.131250 0.886719 0.131250 0.895312 0.118750 0.895312 0.117708 0.900781 0.112500
0 0.812500 0.495833 0.816406 0.496875 0.817187 0.496875 0.819531 0.501042 0.820312 0.502083 0.822656 0.518750 0.823438 0.519792 0.825000 0.540625 0.825781 0.541667 0.824219 0.552083 0.823438 0.553125 0.815625 0.554167 0.814844 0.555208 0.811719 0.555208 0.810937 0.555208 0.808594 0.553125 0.807813 0.553125 0.806250 0.550000 0.805469 0.548958 0.810937 0.542708 0.811719 0.541667 0.811719 0.529167 0.811719 0.528125 0.809375 0.522917 0.808594 0.521875 0.808594 0.513542 0.808594 0.512500 0.810937 0.497917 0.810937 0.496875 0.812500 0.495833
0 0.185938 0.763542 0.187500 0.765625 0.188281 0.766667 0.188281 0.772917 0.188281 0.773958 0.183594 0.793750 0.183594 0.794792 0.177344 0.800000 0.176563 0.801042 0.173437 0.802083 0.172656 0.802083 0.169531 0.798958 0.168750 0.797917 0.171094 0.780208 0.171094 0.779167 0.178906 0.769792 0.179688 0.768750 0.185938 0.763542
0 0.500781 0.395833 0.510156 0.396875 0.510938 0.396875 0.514062 0.408333 0.514844 0.409375 0.514844 0.415625 0.514844 0.416667 0.513281 0.419792 0.513281 0.420833 0.503125 0.430208 0.502344 0.431250 0.496875 0.442708 0.496875 0.443750 0.492188 0.445833 0.491406 0.445833 0.489844 0.441667 0.489063 0.440625 0.489063 0.434375 0.489063 0.433333 0.490625 0.428125 0.490625 0.427083 0.492969 0.425000 0.493750 0.423958 0.498437 0.423958 0.499219 0.423958 0.500781 0.421875 0.501563 0.420833 0.500781 0.405208 0.500000 0.404167 0.500781 0.395833
0 0.855469 0.137500 0.859375 0.137500 0.860156 0.137500 0.863281 0.139583 0.864062 0.140625 0.864844 0.144792 0.865625 0.145833 0.865625 0.148958 0.865625 0.150000 0.864062 0.152083 0.863281 0.153125 0.857031 0.153125 0.856250 0.153125 0.853125 0.150000 0.852344 0.148958 0.851562 0.142708 0.851562 0.141667 0.852344 0.139583 0.853125 0.138542 0.855469 0.137500
0 0.231250 0.763542 0.246875 0.764583 0.247656 0.765625 0.250000 0.776042 0.250781 0.777083 0.250781 0.793750 0.250781 0.794792 0.243750 0.794792 0.242969 0.794792 0.239063 0.790625 0.238281 0.789583 0.228906 0.788542 0.228125 0.788542 0.220312 0.783333 0.219531 0.782292 0.219531 0.773958 0.219531 0.772917 0.220312 0.771875 0.221094 0.770833 0.223438 0.770833 0.224219 0.770833 0.231250 0.763542
0 0.215625 0.811458 0.217969 0.813542 0.218750 0.814583 0.220312 0.820833 0.220312 0.821875 0.207813 0.826042 0.207031 0.826042 0.203906 0.823958 0.203125 0.823958 0.201563 0.820833 0.200781 0.819792 0.202344 0.817708 0.203125 0.816667 0.207813 0.815625 0.208594 0.815625 0.215625 0.811458
0 0.308594 0.788542 0.315625 0.789583 0.316406 0.790625 0.317969 0.796875 0.318750 0.797917 0.317969 0.804167 0.317969 0.805208 0.316406 0.808333 0.315625 0.809375 0.309375 0.809375 0.308594 0.809375 0.304688 0.805208 0.303906 0.804167 0.303906 0.795833 0.303906 0.794792 0.308594 0.788542
0 0.435156 0.821875 0.437500 0.822917 0.438281 0.822917 0.442188 0.831250 0.442969 0.832292 0.441406 0.840625 0.441406 0.841667 0.439063 0.844792 0.438281 0.845833 0.434375 0.843750 0.433594 0.843750 0.426563 0.837500 0.425781 0.836458 0.426563 0.832292 0.426563 0.831250 0.435156 0.821875
0 0.429688 0.792708 0.441406 0.794792 0.442188 0.794792 0.447656 0.802083 0.448437 0.803125 0.450781 0.809375 0.450781 0.810417 0.449219 0.811458 0.448437 0.812500 0.442188 0.812500 0.441406 0.812500 0.436719 0.809375 0.435937 0.809375 0.431250 0.800000 0.430469 0.798958 0.429688 0.795833 0.428906 0.794792 0.429688 0.792708
0 0.551562 0.816667 0.557031 0.819792 0.557813 0.819792 0.558594 0.825000 0.558594 0.826042 0.554688 0.830208 0.553906 0.831250 0.553125 0.836458 0.552344 0.837500 0.541406 0.838542 0.540625 0.838542 0.539844 0.837500 0.539062 0.836458 0.538281 0.825000 0.538281 0.823958 0.540625 0.821875 0.541406 0.820833 0.551562 0.816667
0 0.575000 0.814583 0.580469 0.817708 0.581250 0.818750 0.579688 0.829167 0.578906 0.830208 0.578906 0.839583 0.578906 0.840625 0.581250 0.844792 0.580469 0.845833 0.575000 0.841667 0.574219 0.840625 0.571875 0.827083 0.571094 0.826042 0.571094 0.818750 0.571094 0.817708 0.575000 0.814583
0 0.664062 0.855208 0.667969 0.855208 0.668750 0.855208 0.671094 0.858333 0.671875 0.859375 0.671875 0.864583 0.671875 0.865625 0.659375 0.865625 0.658594 0.865625 0.659375 0.860417 0.659375 0.859375 0.664062 0.855208
0 0.946094 0.517708 0.957812 0.526042 0.958594 0.527083 0.965625 0.525000 0.966406 0.523958 0.970313 0.526042 0.971094 0.527083 0.970313 0.531250 0.970313 0.532292 0.953906 0.553125 0.953125 0.554167 0.950000 0.554167 0.949219 0.554167 0.950000 0.551042 0.950781 0.550000 0.950000 0.545833 0.950000 0.544792 0.941406 0.537500 0.940625 0.537500 0.939844 0.532292 0.939063 0.531250 0.935156 0.531250 0.934375 0.531250 0.932813 0.533333 0.932031 0.534375 0.925000 0.537500 0.924219 0.538542 0.921094 0.536458 0.920312 0.536458 0.918750 0.533333 0.917969 0.532292 0.917969 0.527083 0.918750 0.526042 0.922656 0.526042 0.923438 0.526042 0.927344 0.523958 0.928125 0.522917 0.934375 0.521875 0.935156 0.520833 0.942187 0.520833 0.942969 0.520833 0.946094 0.517708
0 0.953125 0.482292 0.963281 0.483333 0.964063 0.483333 0.971094 0.491667 0.971875 0.492708 0.971875 0.495833 0.971875 0.496875 0.966406 0.507292 0.966406 0.508333 0.962500 0.509375 0.961719 0.509375 0.955469 0.506250 0.954688 0.506250 0.950781 0.501042 0.950000 0.500000 0.943750 0.496875 0.942969 0.495833 0.942969 0.492708 0.942969 0.491667 0.945312 0.487500 0.945312 0.486458 0.953125 0.482292
0 0.595313 0.012500 0.599219 0.013542 0.600000 0.013542 0.605469 0.019792 0.606250 0.020833 0.607812 0.029167 0.607812 0.030208 0.612500 0.036458 0.613281 0.037500 0.613281 0.043750 0.613281 0.044792 0.611719 0.046875 0.610938 0.047917 0.603125 0.052083 0.602344 0.053125 0.596875 0.052083 0.596094 0.052083 0.589844 0.041667 0.589063 0.040625 0.589063 0.023958 0.589063 0.022917 0.592969 0.015625 0.592969 0.014583 0.595313 0.012500
0 0.496875 0.104167 0.501563 0.105208 0.502344 0.105208 0.501563 0.111458 0.501563 0.112500 0.503906 0.119792 0.504687 0.120833 0.503906 0.128125 0.503906 0.129167 0.500000 0.132292 0.499219 0.133333 0.496094 0.132292 0.495312 0.132292 0.489844 0.125000 0.489063 0.123958 0.492188 0.109375 0.492188 0.108333 0.496875 0.104167
0 0.822656 0.345833 0.832812 0.346875 0.833594 0.346875 0.839844 0.350000 0.840625 0.350000 0.846094 0.357292 0.846875 0.358333 0.856250 0.384375 0.857031 0.385417 0.859375 0.395833 0.859375 0.396875 0.864844 0.411458 0.864844 0.412500 0.869531 0.420833 0.870313 0.421875 0.878125 0.445833 0.878125 0.446875 0.886719 0.463542 0.887500 0.464583 0.891406 0.484375 0.891406 0.485417 0.892969 0.488542 0.892969 0.489583 0.921875 0.541667 0.922656 0.542708 0.925000 0.553125 0.925781 0.554167 0.924219 0.559375 0.923438 0.560417 0.921875 0.561458 0.921094 0.561458 0.913281 0.571875 0.912500 0.572917 0.905469 0.578125 0.904687 0.578125 0.900781 0.583333 0.900000 0.583333 0.892969 0.592708 0.892188 0.593750 0.889062 0.602083 0.889062 0.603125 0.885938 0.607292 0.885156 0.608333 0.871094 0.618750 0.870313 0.619792 0.867969 0.619792 0.867188 0.619792 0.860938 0.615625 0.860156 0.615625 0.845313 0.602083 0.844531 0.601042 0.842969 0.596875 0.842969 0.595833 0.836719 0.585417 0.835938 0.584375 0.835156 0.579167 0.835156 0.578125 0.828125 0.561458 0.827344 0.560417 0.826562 0.554167 0.825781 0.553125 0.825781 0.540625 0.825781 0.539583 0.823438 0.521875 0.823438 0.520833 0.818750 0.498958 0.817969 0.497917 0.817187 0.486458 0.817187 0.485417 0.818750 0.472917 0.818750 0.471875 0.816406 0.446875 0.815625 0.445833 0.815625 0.434375 0.815625 0.433333 0.813281 0.410417 0.812500 0.409375 0.812500 0.398958 0.812500 0.397917 0.814844 0.386458 0.814844 0.385417 0.817187 0.380208 0.817969 0.379167 0.823438 0.378125 0.824219 0.377083 0.821875 0.363542 0.821094 0.362500 0.821094 0.353125 0.821094 0.352083 0.822656 0.345833
0 0.750000 0.366667 0.752344 0.366667 0.753125 0.366667 0.766406 0.380208 0.767188 0.381250 0.767969 0.385417 0.768750 0.386458 0.767969 0.391667 0.767969 0.392708 0.771875 0.398958 0.772656 0.400000 0.778906 0.405208 0.779687 0.406250 0.782031 0.405208 0.782813 0.405208 0.790625 0.410417 0.791406 0.411458 0.799219 0.443750 0.800000 0.444792 0.800781 0.453125 0.801562 0.454167 0.800781 0.463542 0.800781 0.464583 0.792188 0.472917 0.791406 0.473958 0.785937 0.475000 0.785156 0.476042 0.778125 0.476042 0.777344 0.476042 0.763281 0.482292 0.762500 0.483333 0.750000 0.482292 0.749219 0.482292 0.746094 0.480208 0.745313 0.480208 0.733594 0.467708 0.732812 0.466667 0.727344 0.452083 0.727344 0.451042 0.715625 0.437500 0.714844 0.436458 0.710156 0.421875 0.710156 0.420833 0.702344 0.411458 0.701562 0.410417 0.701562 0.402083 0.702344 0.401042 0.709375 0.397917 0.710156 0.397917 0.714844 0.390625 0.715625 0.389583 0.718750 0.387500 0.719531 0.387500 0.726562 0.380208 0.727344 0.379167 0.750000 0.366667
0 0.778125 0.296875 0.787500 0.298958 0.788281 0.298958 0.790625 0.301042 0.791406 0.302083 0.789844 0.312500 0.789844 0.313542 0.792188 0.316667 0.792969 0.317708 0.797656 0.329167 0.798438 0.330208 0.797656 0.345833 0.797656 0.346875 0.792969 0.357292 0.792969 0.358333 0.787500 0.365625 0.786719 0.366667 0.784375 0.367708 0.783594 0.368750 0.779687 0.367708 0.778906 0.367708 0.776563 0.359375 0.776563 0.358333 0.773438 0.355208 0.772656 0.354167 0.768750 0.353125 0.767969 0.352083 0.757812 0.352083 0.757031 0.352083 0.749219 0.357292 0.748437 0.358333 0.740625 0.361458 0.739844 0.362500 0.732812 0.362500 0.732031 0.362500 0.731250 0.361458 0.730469 0.360417 0.730469 0.356250 0.730469 0.355208 0.742188 0.332292 0.742188 0.331250 0.756250 0.315625 0.757031 0.315625 0.764844 0.304167 0.765625 0.303125 0.778125 0.296875
0 0.759375 0.281250 0.772656 0.282292 0.773438 0.282292 0.775000 0.285417 0.775781 0.286458 0.776563 0.294792 0.777344 0.295833 0.789844 0.300000 0.790625 0.300000 0.791406 0.301042 0.792188 0.302083 0.790625 0.310417 0.790625 0.311458 0.795312 0.316667 0.796094 0.317708 0.805469 0.323958 0.806250 0.323958 0.807813 0.326042 0.808594 0.327083 0.809375 0.331250 0.810156 0.332292 0.812500 0.330208 0.813281 0.329167 0.815625 0.337500 0.815625 0.338542 0.819531 0.343750 0.820312 0.344792 0.819531 0.371875 0.819531 0.372917 0.821094 0.376042 0.821094 0.377083 0.816406 0.380208 0.815625 0.381250 0.814063 0.387500 0.813281 0.388542 0.810937 0.404167 0.810937 0.405208 0.808594 0.406250 0.807813 0.407292 0.801562 0.407292 0.800781 0.407292 0.795312 0.405208 0.794531 0.404167 0.790625 0.405208 0.789844 0.405208 0.780469 0.402083 0.779687 0.402083 0.775000 0.397917 0.774219 0.397917 0.771094 0.394792 0.770312 0.393750 0.770312 0.387500 0.770312 0.386458 0.768750 0.383333 0.768750 0.382292 0.759375 0.370833 0.758594 0.370833 0.752344 0.360417 0.751563 0.359375 0.740625 0.362500 0.739844 0.363542 0.729688 0.362500 0.728906 0.361458 0.720313 0.363542 0.719531 0.363542 0.717187 0.361458 0.716406 0.360417 0.715625 0.352083 0.715625 0.351042 0.718750 0.345833 0.718750 0.344792 0.725000 0.338542 0.725781 0.338542 0.732812 0.328125 0.733594 0.327083 0.739844 0.322917 0.740625 0.322917 0.746094 0.312500 0.746875 0.311458 0.751563 0.309375 0.752344 0.309375 0.756250 0.305208 0.757031 0.304167 0.756250 0.302083 0.755469 0.301042 0.755469 0.294792 0.755469 0.293750 0.757812 0.284375 0.757812 0.283333 0.759375 0.281250
0 0.502344 0.372917 0.508594 0.373958 0.509375 0.373958 0.512500 0.381250 0.512500 0.382292 0.511719 0.383333 0.510938 0.384375 0.500781 0.383333 0.500000 0.383333 0.499219 0.380208 0.499219 0.379167 0.502344 0.372917
0 0.496094 0.356250 0.500781 0.357292 0.501563 0.358333 0.501563 0.363542 0.501563 0.364583 0.500000 0.367708 0.499219 0.368750 0.492969 0.369792 0.492188 0.369792 0.487500 0.366667 0.486719 0.365625 0.486719 0.361458 0.487500 0.360417 0.493750 0.358333 0.494531 0.358333 0.496094 0.356250
0 0.417187 0.357292 0.421875 0.357292 0.422656 0.357292 0.425781 0.359375 0.426563 0.360417 0.438281 0.363542 0.439063 0.363542 0.440625 0.365625 0.441406 0.365625 0.448437 0.373958 0.449219 0.375000 0.453125 0.383333 0.453906 0.384375 0.454688 0.388542 0.454688 0.389583 0.457813 0.392708 0.458594 0.393750 0.459375 0.401042 0.459375 0.402083 0.458594 0.403125 0.457813 0.404167 0.454688 0.404167 0.453906 0.404167 0.448437 0.407292 0.447656 0.408333 0.439063 0.406250 0.438281 0.406250 0.432031 0.411458 0.431250 0.412500 0.415625 0.402083 0.414844 0.402083 0.407813 0.391667 0.407031 0.390625 0.403906 0.389583 0.403125 0.388542 0.403125 0.383333 0.403125 0.382292 0.408594 0.377083 0.409375 0.376042 0.414844 0.360417 0.414844 0.359375 0.417187 0.357292
0 0.457031 0.405208 0.459375 0.405208 0.460156 0.405208 0.476562 0.412500 0.477344 0.412500 0.483594 0.416667 0.484375 0.416667 0.487500 0.421875 0.488281 0.422917 0.486719 0.434375 0.486719 0.435417 0.482812 0.438542 0.482031 0.439583 0.477344 0.439583 0.476562 0.439583 0.472656 0.437500 0.471875 0.436458 0.464844 0.435417 0.464062 0.435417 0.458594 0.441667 0.457813 0.441667 0.455469 0.439583 0.454688 0.438542 0.445312 0.434375 0.444531 0.434375 0.442188 0.428125 0.441406 0.427083 0.442188 0.418750 0.442188 0.417708 0.448437 0.409375 0.449219 0.408333 0.457031 0.405208
0 0.527344 0.779167 0.545312 0.781250 0.546094 0.781250 0.547656 0.784375 0.548438 0.785417 0.548438 0.795833 0.548438 0.796875 0.547656 0.797917 0.546875 0.798958 0.542188 0.800000 0.541406 0.801042 0.531250 0.801042 0.530469 0.801042 0.528125 0.798958 0.527344 0.798958 0.525781 0.790625 0.525000 0.789583 0.525000 0.783333 0.525000 0.782292 0.527344 0.779167
0 0.528125 0.779167 0.546875 0.782292 0.547656 0.783333 0.548438 0.787500 0.549219 0.788542 0.549219 0.814583 0.549219 0.815625 0.541406 0.818750 0.540625 0.818750 0.538281 0.816667 0.537500 0.815625 0.537500 0.811458 0.536719 0.810417 0.539844 0.804167 0.539844 0.803125 0.539062 0.802083 0.538281 0.801042 0.530469 0.801042 0.529687 0.801042 0.527344 0.798958 0.526563 0.797917 0.525000 0.785417 0.525000 0.784375 0.525781 0.782292 0.525781 0.781250 0.528125 0.779167
0 0.610938 0.818750 0.614844 0.819792 0.615625 0.819792 0.617188 0.821875 0.617969 0.822917 0.622656 0.832292 0.623437 0.833333 0.624219 0.837500 0.625000 0.838542 0.625000 0.844792 0.625000 0.845833 0.621875 0.850000 0.621094 0.851042 0.617969 0.852083 0.617188 0.853125 0.608594 0.852083 0.607812 0.852083 0.603906 0.845833 0.603125 0.844792 0.603125 0.841667 0.602344 0.840625 0.603906 0.832292 0.603906 0.831250 0.607031 0.828125 0.607812 0.827083 0.610938 0.818750
0 0.571875 0.732292 0.575781 0.732292 0.576562 0.732292 0.579688 0.735417 0.580469 0.736458 0.581250 0.739583 0.582031 0.740625 0.579688 0.745833 0.578906 0.746875 0.571875 0.746875 0.571094 0.745833 0.569531 0.737500 0.569531 0.736458 0.571875 0.732292
0 0.000000 0.752083 0.008594 0.756250 0.009375 0.757292 0.007812 0.767708 0.007812 0.768750 0.012500 0.777083 0.013281 0.778125 0.014063 0.784375 0.014063 0.785417 0.017188 0.795833 0.017188 0.796875 0.019531 0.798958 0.020313 0.798958 0.024219 0.805208 0.025000 0.806250 0.025000 0.814583 0.025000 0.815625 0.021094 0.832292 0.021094 0.833333 0.002344 0.839583 0.001563 0.840625 0.000781 0.840625 0.000000 0.840625 0.000000 0.752083
