0 0.035937 0.015625 0.042188 0.015625 0.042969 0.015625 0.053125 0.018750 0.053906 0.018750 0.055469 0.021875 0.056250 0.022917 0.057031 0.028125 0.057031 0.029167 0.075000 0.050000 0.075781 0.051042 0.077119 0.055951 0.076563 0.056993 0.075000 0.067708 0.075054 0.070235 0.074830 0.073205 0.072656 0.069792 0.069531 0.066667 0.068750 0.065625 0.053906 0.061458 0.053125 0.061458 0.044531 0.055208 0.043750 0.054167 0.042188 0.048958 0.042188 0.047917 0.035156 0.034375 0.034375 0.033333 0.033594 0.018750 0.033594 0.017708 0.035937 0.015625
0 0.082031 0.002083 0.085883 0.002383 0.088614 0.003496 0.090401 0.005136 0.091739 0.007663 0.092520 0.011458 0.091406 0.012500 0.096094 0.018750 0.096875 0.019792 0.110156 0.046875 0.110156 0.047917 0.117188 0.058333 0.119361 0.060860 0.119864 0.063542 0.118750 0.064583 0.116460 0.071576 0.114844 0.071875 0.096983 0.073360 0.094531 0.073731 0.091793 0.075072 0.089063 0.076114 0.087051 0.077299 0.085156 0.073958 0.078125 0.062500 0.077344 0.061458 0.077344 0.055208 0.077344 0.054167 0.075781 0.051042 0.075781 0.050000 0.053125 0.015625 0.052344 0.015625 0.052344 0.012500 0.052344 0.011458 0.054688 0.009375 0.055469 0.008333 0.060156 0.007292 0.067898 0.004023 0.071875 0.006250 0.075441 0.004765 0.082031 0.002083
0 0.173437 0.000000 0.200000 0.000000 0.200781 0.000000 0.200781 0.001042 0.200781 0.002083 0.203798 0.005735 0.206582 0.007148 0.207634 0.011758 0.201563 0.014356 0.198097 0.021132 0.194531 0.022917 0.192404 0.026042 0.188281 0.027083 0.179796 0.031693 0.177344 0.031250 0.173437 0.028125 0.172656 0.028125 0.161719 0.015625 0.160938 0.014583 0.161719 0.012500 0.162500 0.011458 0.171094 0.004167 0.171875 0.004167 0.173437 0.000000
0 0.171400 0.072161 0.172902 0.074326 0.179688 0.076042 0.182812 0.079167 0.186167 0.081740 0.186948 0.085355 0.184942 0.085539 0.185233 0.089767 0.184375 0.091667 0.184604 0.094036 0.181250 0.094792 0.155469 0.105208 0.154688 0.106250 0.151562 0.105208 0.150781 0.105208 0.150000 0.087500 0.149219 0.086458 0.150000 0.080208 0.150000 0.079167 0.151562 0.077083 0.152344 0.076042 0.153906 0.076042 0.154688 0.075000 0.167969 0.071875
0 0.145313 0.106250 0.170603 0.115339 0.170956 0.128389 0.171094 0.141667 0.171875 0.142708 0.172380 0.146875 0.168811 0.150204 0.165578 0.150204 0.160938 0.147917 0.150000 0.138542 0.149219 0.137500 0.146094 0.131250 0.144669 0.130208 0.144531 0.126042 0.143750 0.125000 0.142969 0.109375 0.142969 0.108333 0.145313 0.106250
0 0.126562 0.120833 0.129688 0.120833 0.130469 0.120833 0.132812 0.122917 0.133594 0.122917 0.134375 0.129167 0.134375 0.130208 0.133747 0.133885 0.131250 0.138929 0.122656 0.140625 0.121875 0.140625 0.110156 0.133333 0.109375 0.132292 0.109375 0.128125 0.110156 0.127083 0.126562 0.120833
0 0.121094 0.051042 0.125000 0.052083 0.125781 0.052083 0.135156 0.067708 0.135937 0.068750 0.135937 0.070833 0.135156 0.071875 0.131250 0.071875 0.130469 0.071875 0.121875 0.065625 0.121094 0.064583 0.120313 0.060417 0.119531 0.059375 0.121094 0.051042
0 0.144531 0.011458 0.146875 0.011458 0.147656 0.011458 0.150000 0.013542 0.150781 0.013542 0.153233 0.015182 0.151562 0.017708 0.150000 0.019792 0.149219 0.020833 0.142969 0.022917 0.142187 0.022917 0.141406 0.019792 0.141406 0.018750 0.144531 0.011458
0 0.214062 0.000000 0.220312 0.000000 0.222486 0.000000 0.221094 0.003125 0.221094 0.004167 0.220645 0.006549 0.221759 0.008705 0.216406 0.008333 0.215625 0.007292 0.214062 0.000000
0 0.078906 0.138542 0.082812 0.138542 0.083594 0.138542 0.084375 0.139583 0.085156 0.140625 0.085156 0.143750 0.085156 0.144792 0.089063 0.150000 0.089844 0.151042 0.091406 0.163542 0.091406 0.164583 0.094531 0.171875 0.095312 0.172917 0.095312 0.176042 0.096094 0.177083 0.095312 0.187500 0.095312 0.188542 0.092969 0.191667 0.092188 0.192708 0.089844 0.201042 0.089844 0.202083 0.083594 0.209375 0.082812 0.210417 0.070312 0.206250 0.069531 0.206250 0.060937 0.195833 0.060156 0.195833 0.058594 0.191667 0.057813 0.190625 0.057031 0.183333 0.057031 0.182292 0.054688 0.175000 0.053906 0.173958 0.059375 0.167708 0.060156 0.166667 0.060937 0.164583 0.060937 0.163542 0.078906 0.138542
0 0.000000 0.120833 0.002344 0.121875 0.003125 0.122917 0.004687 0.127083 0.004687 0.128125 0.013281 0.140625 0.014063 0.141667 0.013281 0.145833 0.013281 0.146875 0.008594 0.147917 0.007812 0.147917 0.000781 0.144792 0.000000 0.144792 0.000000 0.120833
0 0.130469 0.138542 0.136719 0.140625 0.137500 0.140625 0.137500 0.144792 0.137500 0.145833 0.128125 0.152083 0.127344 0.153125 0.121875 0.152083 0.121094 0.152083 0.120313 0.150000 0.119531 0.148958 0.120313 0.144792 0.120313 0.143750 0.130469 0.138542
0 0.323437 0.000000 0.337500 0.000000 0.338281 0.000000 0.333594 0.020833 0.333594 0.021875 0.329688 0.020833 0.328906 0.019792 0.325000 0.008333 0.324219 0.007292 0.323437 0.000000
0 0.323437 0.030208 0.325781 0.030208 0.326562 0.030208 0.328125 0.032292 0.328906 0.033333 0.328906 0.036458 0.328906 0.037500 0.326562 0.041667 0.325781 0.042708 0.321094 0.043750 0.320312 0.043750 0.319531 0.038542 0.319531 0.037500 0.321094 0.033333 0.321094 0.032292 0.323437 0.030208
0 0.271094 0.128125 0.276562 0.129167 0.277344 0.129167 0.278125 0.131250 0.278906 0.132292 0.278906 0.136458 0.278906 0.137500 0.275781 0.140625 0.275000 0.141667 0.267188 0.142708 0.266406 0.142708 0.265625 0.140625 0.264844 0.139583 0.264844 0.135417 0.264844 0.134375 0.266406 0.131250 0.267188 0.130208 0.271094 0.128125
0 0.096558 0.087979 0.092906 0.095947 0.091578 0.102588 0.093238 0.108785 0.098218 0.114097 0.100542 0.114097 0.100210 0.111884 0.104194 0.107900 0.101870 0.105244 0.095562 0.101702 0.096558 0.097276 0.099546 0.094619 0.099878 0.089750
0 0.105190 0.087536 0.100874 0.089750 0.101538 0.095505 0.100874 0.102588 0.103530 0.110113 0.106850 0.110113 0.108178 0.107900 0.108178 0.107014 0.107182 0.103916 0.105522 0.103030 0.107514 0.097718 0.106518 0.093734
0 0.105190 0.073371 0.115814 0.082667 0.117142 0.087094 0.118803 0.078240 0.119467 0.070715 0.119135 0.064517 0.116146 0.073371
0 0.050715 0.141368 0.049880 0.141740 0.046260 0.146194 0.045425 0.148793 0.048488 0.150278 0.050715 0.152877 0.052107 0.147308
0 0.053500 0.162158 0.050159 0.163272 0.048488 0.167355 0.047931 0.167355 0.047931 0.172552 0.051829 0.176636 0.054057 0.177379
0 0.045544 0.170394 0.041255 0.170108 0.039754 0.172681 0.044472 0.176112 0.048331 0.174110 0.047688 0.171537
0 0.000000 0.191265 0.002229 0.182973 0.006732 0.181830 0.009520 0.184403 0.008233 0.187262 0.006089 0.190121 0.007161 0.200699 0.005231 0.200699 0.003945 0.197554 0.002015 0.202129 0.000000 0.201271
0 0.123167 0.094629 0.122524 0.101205 0.127670 0.102348 0.130672 0.100061 0.129600 0.097774 0.126169 0.095487
0 0.137533 0.082335 0.132602 0.083765 0.130243 0.085194 0.128742 0.088339 0.131744 0.090626 0.132173 0.094343 0.132173 0.093771 0.137319 0.094343 0.136676 0.088339 0.137533 0.085194
0 0.122524 0.047169 0.131101 0.047169 0.131101 0.044882 0.132602 0.043166 0.134960 0.045168 0.136461 0.043166 0.134746 0.039449 0.132173 0.037162 0.123596 0.037162 0.122738 0.038592 0.120594 0.035733 0.117377 0.037734 0.115876 0.037734 0.115447 0.039449 0.117806 0.040021 0.118235 0.042880 0.121880 0.044024 0.121880 0.044024
0 0.157046 0.038878 0.161549 0.037448 0.161978 0.034303 0.166696 0.029443 0.166052 0.028585 0.158547 0.029729 0.157475 0.031730 0.156403 0.032016 0.155117 0.030301 0.153187 0.030301 0.154259 0.032588 0.155760 0.034589
0 0.174201 0.051458 0.172056 0.051458 0.170341 0.053459 0.172914 0.061178 0.178275 0.061178 0.177631 0.056890 0.176345 0.053173
0 0.173772 0.043166 0.166052 0.047741 0.170770 0.049742 0.172700 0.051743 0.174630 0.050314 0.175702 0.048313 0.174630 0.045168
0 0.166910 0.064609 0.170126 0.066896 0.176559 0.068040 0.179347 0.065753 0.183421 0.063465 0.184922 0.061178 0.177417 0.061464 0.175058 0.063465 0.171627 0.064037
0 0.179133 0.102634 0.179776 0.104350 0.179561 0.111211 0.174201 0.113499 0.171627 0.116072 0.173343 0.119503 0.181491 0.119503 0.181920 0.117501 0.183207 0.118073 0.186637 0.111497 0.186209 0.109210 0.182778 0.108352 0.182563 0.105207 0.182134 0.105207 0.181277 0.101491
0 0.193285 0.129795 0.192213 0.147521 0.196716 0.152096 0.200790 0.155241 0.203148 0.155813 0.205293 0.158386 0.208295 0.157528 0.209367 0.155241 0.211940 0.152953 0.215156 0.153525 0.215371 0.147807 0.214513 0.147521 0.213655 0.140945 0.210868 0.140660 0.207008 0.137801 0.206150 0.136657 0.203148 0.134941 0.202076 0.134941 0.200146 0.133226 0.198002 0.131797 0.196501 0.130939
0 0.218158 0.133512 0.217515 0.138372 0.221589 0.139516 0.222232 0.141231 0.224377 0.141231 0.224377 0.138944 0.224377 0.140374 0.226950 0.138086 0.228451 0.134370 0.226736 0.134084 0.225878 0.132654 0.223948 0.131797 0.221804 0.131797
0 0.235804 0.114527 0.229247 0.114527 0.226906 0.117337 0.226906 0.128577 0.231355 0.137006 0.233696 0.137006 0.231589 0.131387 0.231120 0.127640 0.231823 0.124206 0.231823 0.119835 0.234867 0.117025
0 0.285043 0.063768 0.279800 0.062104 0.276306 0.059774 0.273560 0.059774 0.271563 0.060107 0.267818 0.063103 0.262576 0.066431 0.259580 0.072089 0.256585 0.075418 0.256086 0.079079 0.258832 0.085070 0.252341 0.085070 0.249346 0.082074 0.248597 0.080077 0.252092 0.077748 0.248347 0.073753 0.246849 0.073088 0.245352 0.073088 0.245352 0.078413 0.242356 0.079079 0.241358 0.079745 0.241108 0.086401 0.236115 0.086401 0.236115 0.091061 0.239610 0.091061 0.239610 0.094722 0.241857 0.096719 0.244103 0.097718 0.248097 0.097385 0.252591 0.100381 0.255586 0.105040 0.252591 0.103376 0.246600 0.102377 0.241607 0.101712 0.239361 0.102377 0.248597 0.108701 0.254089 0.108369 0.257334 0.110366 0.259580 0.113028 0.261578 0.117022 0.263575 0.117688 0.263824 0.115025 0.269316 0.114360 0.270314 0.112696 0.276306 0.109700 0.276555 0.104375 0.277054 0.103043 0.279551 0.102710 0.279551 0.101046 0.278303 0.100713 0.278802 0.098051 0.280050 0.099049 0.280549 0.097385 0.282047 0.097052 0.282546 0.095388 0.281548 0.094057 0.281049 0.091394 0.282047 0.091727 0.283545 0.089397 0.284044 0.086401 0.286041 0.084071
0 0.246350 0.127673 0.241857 0.128339 0.240609 0.125011 0.239610 0.123679 0.238612 0.117022 0.238362 0.112030 0.240359 0.108036 0.237114 0.105373 0.235616 0.106372 0.234618 0.106372 0.233869 0.113028 0.227628 0.115025 0.225631 0.115025 0.226130 0.112030 0.223634 0.112030 0.224383 0.098383 0.228876 0.090395 0.230624 0.088731 0.232870 0.088731 0.233869 0.094722 0.237613 0.095388 0.238861 0.094389 0.241857 0.097052 0.248097 0.097718 0.252840 0.099715 0.255586 0.105373 0.251842 0.103043 0.246350 0.102045 0.241857 0.101712 0.239610 0.102710 0.248846 0.109034 0.249346 0.113028 0.248597 0.116024 0.247099 0.115691 0.246849 0.119019 0.242855 0.120351 0.243604 0.123346 0.244852 0.125011
0 0.200539 0.161873 0.201432 0.165147 0.212591 0.163956 0.216161 0.158898 0.216161 0.158303 0.213483 0.157112 0.213037 0.154732 0.209243 0.154732 0.208127 0.157707 0.205003 0.157707 0.205003 0.160088
0 0.212591 0.088671 0.211698 0.093134 0.211921 0.097895 0.215715 0.098491 0.216161 0.101764 0.217501 0.102359 0.218393 0.099383 0.222410 0.099383 0.223973 0.101764 0.224642 0.101169 0.224642 0.098491 0.228436 0.091646 0.225089 0.093134 0.224865 0.091646 0.227544 0.090456 0.227544 0.087778 0.223080 0.088671 0.219732 0.088076 0.215715 0.088968
0 0.194736 0.048796 0.197414 0.055938 0.201208 0.061592 0.198307 0.062484 0.195183 0.066055 0.195629 0.069329 0.197861 0.071412 0.199200 0.074090 0.200316 0.074982 0.200985 0.069626 0.198977 0.065162 0.203440 0.065460 0.205895 0.063972 0.205895 0.059806 0.204556 0.057426 0.202324 0.057426 0.201878 0.053855 0.200093 0.054152 0.199423 0.051177 0.198084 0.048201 0.196522 0.048201
0 0.238256 0.030644 0.238033 0.035703 0.236694 0.036893 0.236024 0.038381 0.235801 0.045523 0.237587 0.047308 0.237587 0.049986 0.239595 0.049094 0.242050 0.045820 0.238702 0.044332 0.239372 0.041654 0.242497 0.041357 0.243389 0.038679 0.245621 0.038976 0.245621 0.034513 0.240934 0.032132
0 0.245844 0.026478 0.242273 0.026181 0.242497 0.029751 0.243389 0.031834 0.246514 0.032132 0.247406 0.028859
0 0.245621 0.014278 0.244952 0.012195 0.246960 0.011600 0.246960 0.010112 0.245621 0.010409 0.245621 0.008326 0.243389 0.008921 0.242720 0.014278 0.243389 0.015468 0.243836 0.018146 0.241604 0.018741 0.240042 0.021122 0.239595 0.024990 0.240711 0.026776 0.245621 0.023205 0.246737 0.020229
0 0.237363 0.011897 0.233346 0.011897 0.233123 0.014278 0.230445 0.013087 0.230222 0.012492 0.223080 0.010112 0.221518 0.011897 0.221518 0.014278 0.223526 0.014278 0.223526 0.018146 0.230668 0.018741 0.233123 0.021419 0.234909 0.020824 0.236248 0.017849 0.236024 0.015468 0.237587 0.014278
0 0.214376 0.010112 0.214153 0.014278 0.217947 0.014575 0.220848 0.018444 0.221741 0.017849 0.221741 0.010707 0.218170 0.011302 0.216385 0.010707
0 0.259681 0.021419 0.257226 0.023502 0.255441 0.026181 0.255441 0.028264 0.252763 0.033025 0.252986 0.035405 0.255218 0.034513 0.254548 0.033025 0.259235 0.032132 0.259905 0.029454 0.262583 0.028264 0.263029 0.024990 0.262360 0.022610
0 0.267493 0.038381 0.264368 0.039274 0.262360 0.040464 0.258342 0.050284 0.258342 0.051474 0.263252 0.053557 0.270840 0.053855 0.270617 0.049391 0.271733 0.046415 0.268832 0.041654
0 0.288471 0.042845 0.283561 0.042249 0.282892 0.040762 0.279544 0.041654 0.278205 0.039869 0.277982 0.038083 0.275527 0.038083 0.273965 0.040464 0.272179 0.040464 0.271287 0.041654 0.270171 0.042249 0.273742 0.044332 0.271510 0.048498 0.271510 0.052367 0.270171 0.054152 0.269055 0.058318 0.272179 0.059211 0.272403 0.060401 0.273965 0.059509 0.276866 0.059806 0.279321 0.061592 0.285570 0.063079 0.289364 0.061294 0.288471 0.059211 0.288471 0.058021 0.289811 0.056533 0.291596 0.053557 0.291596 0.050581 0.291150 0.047308
0 0.275973 0.030347 0.273518 0.033322 0.273965 0.040464 0.276197 0.037191 0.278652 0.037786 0.278652 0.039571 0.280437 0.041654 0.283561 0.041059 0.284008 0.042547 0.289141 0.042547 0.292042 0.040464 0.291373 0.037488 0.289141 0.034810 0.286016 0.032430 0.283561 0.029454 0.279768 0.030942
0 0.305210 0.051177 0.305879 0.048796 0.311459 0.044630 0.312575 0.042249 0.311459 0.039274 0.302978 0.038679 0.296952 0.043440 0.295836 0.047308 0.294051 0.048796 0.292935 0.048796 0.292042 0.052367 0.290257 0.056235 0.291150 0.058021 0.298068 0.058318 0.307219 0.056235 0.331322 0.048201 0.335562 0.046118 0.338240 0.044035 0.338687 0.042845 0.344489 0.042845 0.345159 0.040464 0.351631 0.039571 0.356541 0.036000 0.352301 0.033917 0.351854 0.031834 0.348507 0.032132 0.344713 0.029454 0.343150 0.027371 0.344489 0.026776 0.346944 0.024395 0.346944 0.021419 0.346275 0.019039 0.342034 0.021122 0.330875 0.038976 0.330652 0.041357 0.323511 0.043440 0.318824 0.046415 0.310343 0.049986
0 0.023940 0.110291 0.023717 0.112969 0.024386 0.113862 0.016798 0.114159 0.016129 0.116242 0.016575 0.117730 0.022824 0.118028 0.029296 0.115647 0.031082 0.112076 0.030859 0.108505 0.029743 0.107910 0.026172 0.109101 0.026172 0.109696
0 0.041832 0.100912 0.044733 0.101507 0.051428 0.101209 0.052098 0.099424 0.050536 0.096151 0.050759 0.091389 0.048527 0.091389 0.048081 0.093472 0.047188 0.091687 0.044063 0.091687 0.042055 0.094067 0.042055 0.094663 0.043394 0.096746 0.041385 0.096746
0 0.195156 0.154177 0.193370 0.157153 0.192924 0.155070 0.191138 0.152689 0.189353 0.152392 0.187344 0.153879 0.186452 0.157153 0.189130 0.161021 0.188014 0.161021 0.188237 0.165187 0.192701 0.167865 0.192701 0.164592 0.195379 0.159236
0 0.415625 0.000000 0.450781 0.000000 0.451562 0.000000 0.453906 0.006250 0.454688 0.007292 0.454688 0.011458 0.455469 0.012500 0.453906 0.033333 0.453906 0.034375 0.454688 0.036458 0.455469 0.037500 0.464062 0.042708 0.464844 0.043750 0.467969 0.058333 0.468750 0.059375 0.470982 0.077233 0.471763 0.093748 0.470759 0.100298 0.470759 0.102232 0.470535 0.105654 0.467746 0.106994 0.447879 0.113839 0.443304 0.115625 0.442522 0.118750 0.439955 0.121279 0.434487 0.123511 0.418083 0.128719 0.403571 0.134226 0.398326 0.134524 0.394317 0.138216 0.379353 0.144047 0.374331 0.144494 0.372879 0.140476 0.370312 0.140625 0.361718 0.141220 0.356250 0.140625 0.331919 0.148214 0.327344 0.149553 0.319420 0.150595 0.316630 0.151785 0.314063 0.153125 0.313281 0.154167 0.304018 0.155654 0.298773 0.155357 0.297917 0.158431 0.295312 0.158779 0.292969 0.157292 0.290625 0.153125 0.289844 0.152083 0.281250 0.135417 0.280469 0.134375 0.275335 0.121874 0.273438 0.116667 0.270983 0.112947 0.273438 0.112500 0.284375 0.086458 0.286272 0.080060 0.285380 0.063690 0.287500 0.061458 0.292523 0.058036 0.300000 0.058333 0.305693 0.056844 0.312277 0.054315 0.332813 0.046875 0.333594 0.046875 0.345982 0.041816 0.356807 0.035864 0.361719 0.034375 0.362500 0.034375 0.366406 0.030208 0.366741 0.025150 0.368862 0.022917 0.373660 0.021875 0.375447 0.019494 0.379799 0.019792 0.381027 0.013542 0.385602 0.010715 0.389112 0.009632 0.385449 0.014209 0.388249 0.014554 0.393384 0.011293 0.400112 0.006250 0.407366 0.001935 0.409599 0.001191 0.413281 0.000298 0.415625 0.000000
0 0.354729 0.011045 0.352050 0.011342 0.349372 0.016104 0.348926 0.019377 0.349372 0.028899 0.355844 0.035743 0.360978 0.034256 0.362540 0.030089 0.365441 0.028006 0.365441 0.025923 0.368566 0.022948 0.366334 0.020567 0.363433 0.020567 0.360531 0.017294 0.356737 0.016996 0.356960 0.013425
0 0.356514 0.000630 0.356960 0.004796 0.360085 0.008367 0.363656 0.009259 0.369682 0.006879 0.377270 0.000000
0 0.343123 0.007772 0.346694 0.008069 0.346471 0.002415 0.343570 0.002415 0.343123 0.000000 0.338660 0.000035 0.337990 0.002713 0.341338 0.005391
0 0.351604 0.005093 0.349595 0.008069 0.348926 0.009855 0.348926 0.015806 0.351381 0.011045 0.354729 0.011045 0.356514 0.013425 0.356737 0.017294 0.361424 0.017294 0.363879 0.019674 0.360085 0.014913 0.360085 0.009855 0.359415 0.009855 0.358523 0.007176 0.356960 0.005391
0 0.346471 0.158045 0.349372 0.149118 0.352050 0.145547 0.353166 0.147333 0.350711 0.149713 0.351604 0.151499 0.353166 0.152094 0.352050 0.159236 0.349819 0.161319 0.350265 0.164294 0.347140 0.161021
0 0.430163 0.149416 0.435296 0.149118 0.438197 0.146738 0.439537 0.140786 0.443331 0.135132 0.447348 0.130074 0.447348 0.127991 0.446678 0.127991 0.444447 0.125610 0.434850 0.127693 0.432618 0.130669 0.431725 0.139596
0 0.493750 0.000000 0.510938 0.000447 0.510938 0.002083 0.505469 0.013542 0.505469 0.014583 0.502344 0.015625 0.501563 0.015625 0.499107 0.011607 0.496540 0.008929 0.493750 0.000000
0 0.490625 0.011458 0.495312 0.011458 0.496094 0.011458 0.500000 0.014583 0.500781 0.015625 0.505469 0.015625 0.508259 0.016518 0.507589 0.018155 0.507143 0.019792 0.505469 0.021875 0.504687 0.022917 0.498437 0.026042 0.497656 0.027083 0.490625 0.029167 0.489844 0.030208 0.483594 0.030208 0.482812 0.030208 0.480469 0.027083 0.479687 0.026042 0.478906 0.020833 0.478906 0.019792 0.482031 0.015625 0.482812 0.014583 0.490625 0.011458
0 0.492188 0.029167 0.496875 0.030208 0.497656 0.031250 0.499219 0.035417 0.500000 0.036458 0.500223 0.044791 0.498326 0.045238 0.494977 0.042262 0.491964 0.039732 0.489063 0.033333 0.489063 0.032292 0.492188 0.029167
0 0.452344 0.000000 0.457031 0.000000 0.457813 0.000000 0.465849 0.013692 0.469531 0.021875 0.471094 0.027232 0.473214 0.030654 0.472991 0.034375 0.471875 0.035417 0.468750 0.040625 0.467969 0.041667 0.463281 0.041667 0.462500 0.041667 0.456250 0.036458 0.455469 0.036458 0.454688 0.031250 0.454688 0.030208 0.455469 0.023958 0.456250 0.022917 0.456250 0.014583 0.456250 0.013542 0.452344 0.000000
0 0.477344 0.033333 0.483594 0.035417 0.484375 0.035417 0.489844 0.044792 0.491518 0.045833 0.492812 0.051742 0.490035 0.058607 0.492411 0.060268 0.493080 0.066369 0.489620 0.067560 0.485714 0.073363 0.477009 0.076190 0.474219 0.075000 0.471875 0.072917 0.471094 0.071875 0.471094 0.069792 0.470313 0.068750 0.470313 0.048958 0.470313 0.047917 0.468750 0.043750 0.468750 0.042708 0.471094 0.037500 0.471875 0.036458 0.477344 0.033333
0 0.556808 0.018303 0.560156 0.018750 0.561830 0.019792 0.561719 0.026339 0.560156 0.027083 0.557031 0.029167 0.556250 0.030208 0.551562 0.029167 0.550781 0.029167 0.549219 0.027083 0.548438 0.027083 0.547656 0.023066 0.551673 0.022917 0.554576 0.019494
0 0.466541 0.000332 0.464756 0.007474 0.468327 0.013425 0.466988 0.015806 0.468104 0.017591 0.474129 0.011640 0.478816 0.004498 0.482610 0.004498 0.484396 0.000000
0 0.474129 0.013425 0.475022 0.016699 0.478370 0.015806 0.482833 0.008664 0.481271 0.006581 0.478593 0.005689 0.478237 0.007056 0.475915 0.008664 0.475915 0.009259
0 0.528362 0.046456 0.530817 0.046754 0.531933 0.044968 0.532379 0.039612 0.532156 0.036338 0.530594 0.036934 0.528808 0.034851 0.527246 0.033958 0.526130 0.037529
0 0.492789 0.140728 0.488367 0.145314 0.488858 0.149900 0.487138 0.151210 0.490678 0.155994 0.494263 0.150555 0.495982 0.146952 0.495737 0.144987
0 0.473381 0.113214 0.483945 0.113541 0.485173 0.106335 0.483453 0.105680 0.481979 0.102077 0.480014 0.106990 0.477557 0.108301 0.477557 0.110921
0 0.489014 0.114851 0.489678 0.113966 0.492335 0.112490 0.492557 0.108947 0.500527 0.106881 0.501413 0.107471 0.502741 0.109538 0.505841 0.108947 0.508498 0.105995 0.510490 0.105110 0.512040 0.107176 0.512040 0.114851 0.515804 0.117803 0.516468 0.120755 0.514697 0.121641 0.511597 0.118689 0.509605 0.118689 0.512926 0.122231 0.513590 0.125183 0.512040 0.129021 0.515361 0.128431 0.515582 0.134630 0.514918 0.136401 0.512926 0.136696 0.511154 0.138172 0.506726 0.139058 0.506726 0.140829 0.503405 0.140534 0.504070 0.143191 0.503627 0.144962 0.501634 0.147914 0.498535 0.150275 0.499199 0.152932 0.493442 0.152932 0.493442 0.151456 0.496099 0.147323 0.496099 0.145257 0.492778 0.141124 0.492778 0.133744 0.495435 0.132268 0.496099 0.121936 0.493885 0.119574 0.492114 0.116327
0 0.473438 0.112500 0.482031 0.113542 0.482812 0.113542 0.490404 0.115937 0.492513 0.117708 0.493854 0.119201 0.495964 0.121719 0.495521 0.132397 0.492422 0.134619 0.492943 0.140625 0.488737 0.145209 0.488594 0.150000 0.485938 0.151042 0.481446 0.157309 0.474687 0.164393 0.473074 0.169653 0.468307 0.173056 0.463294 0.173056 0.461627 0.168628 0.453881 0.164984 0.451107 0.159514 0.446242 0.157868 0.442988 0.157471 0.439842 0.154222 0.436276 0.154011 0.435937 0.152969 0.435612 0.150000 0.436719 0.148958 0.439063 0.146875 0.439844 0.146875 0.446875 0.136458 0.447656 0.135417 0.453906 0.130208 0.454688 0.130208 0.467187 0.116667 0.467969 0.115625 0.473438 0.112500
0 0.614062 0.065625 0.621420 0.066667 0.626921 0.073905 0.649219 0.108333 0.650000 0.109375 0.652344 0.114583 0.653125 0.115625 0.654305 0.118750 0.655086 0.122939 0.655322 0.128222 0.654850 0.130523 0.654777 0.133333 0.653833 0.135319 0.651961 0.138444 0.650309 0.140115 0.646566 0.140213 0.643424 0.140213 0.634375 0.133333 0.633594 0.133333 0.629704 0.128342 0.627271 0.126356 0.624724 0.126888 0.618750 0.125000 0.613404 0.123883 0.606250 0.119792 0.598437 0.110417 0.597656 0.109375 0.596094 0.105208 0.595313 0.104167 0.595313 0.097917 0.595313 0.096875 0.597656 0.090625 0.597656 0.089583 0.601562 0.082292 0.601562 0.081250 0.603906 0.079167 0.604688 0.079167 0.614062 0.065625
0 0.618091 0.000313 0.629604 0.000313 0.628940 0.025996 0.628497 0.026291 0.627833 0.030129 0.624069 0.031605 0.620526 0.031309 0.620526 0.025701 0.619419 0.022453 0.618755 0.018321
0 0.615434 0.017140 0.614327 0.018616 0.609899 0.018911 0.607242 0.020387 0.613220 0.022749 0.613663 0.024520 0.616762 0.025405 0.617205 0.023929 0.620305 0.023339 0.619419 0.022453 0.618755 0.018321
0 0.616320 0.045479 0.616762 0.047250 0.615213 0.050202 0.615434 0.055811 0.616320 0.057877 0.618534 0.059944 0.618755 0.062010 0.616984 0.064667 0.619641 0.066143 0.620305 0.064372 0.626947 0.064962 0.626947 0.061715 0.626504 0.061715 0.623626 0.053745 0.621412 0.046365 0.620084 0.045184
0 0.604364 0.044298 0.604585 0.053449 0.606578 0.055811 0.608349 0.056401 0.608128 0.059058 0.616984 0.059649 0.615213 0.055516 0.614770 0.049612 0.614991 0.048136 0.609013 0.046660 0.607242 0.044298
0 0.601929 0.065553 0.595729 0.065553 0.596394 0.067029 0.597722 0.067324 0.596394 0.070571 0.597501 0.074114 0.600157 0.074999 0.602814 0.071162 0.603921 0.065848
0 0.582445 0.048136 0.574475 0.055221 0.574918 0.057287 0.569161 0.060239 0.570933 0.062896 0.574918 0.062896 0.583331 0.054040 0.587980 0.050498 0.586652 0.048431
0 0.565176 0.074114 0.567390 0.076180 0.567833 0.075885 0.570047 0.072637 0.572040 0.071162 0.574475 0.067029 0.573589 0.063782 0.570047 0.064372 0.567390 0.066438 0.566283 0.071162
0 0.575582 0.076770 0.578682 0.077361 0.583331 0.069686 0.583331 0.067324 0.579567 0.068210 0.579789 0.066143 0.582667 0.064962 0.584659 0.062306 0.584659 0.057877 0.580453 0.057877 0.579789 0.061715 0.575361 0.062306 0.575361 0.066734 0.577353 0.066734 0.577796 0.068210 0.574696 0.070276 0.572704 0.072933
0 0.549235 0.125774 0.551449 0.126069 0.556763 0.122822 0.558534 0.118689 0.557649 0.114261 0.555434 0.113080 0.554549 0.111309 0.551892 0.112194 0.551449 0.122527
0 0.584019 0.104755 0.589600 0.098329 0.591629 0.092580 0.591375 0.087506 0.585795 0.086154 0.580215 0.087168 0.577678 0.088521 0.578439 0.098329 0.580975 0.099344 0.581736 0.103402
0 0.592390 0.130120 0.600761 0.131811 0.601775 0.128768 0.604819 0.128768 0.604819 0.124371 0.599746 0.122680 0.593912 0.122342 0.591375 0.125047
0 0.656818 0.000587 0.652760 0.032041 0.653521 0.034070 0.657579 0.033732 0.658594 0.030688 0.662399 0.031702 0.663667 0.028997 0.661638 0.028659 0.660623 0.025276 0.662652 0.024262 0.663160 0.019865 0.669247 0.019527 0.670516 0.018174 0.668233 0.017159 0.667472 0.014116 0.663160 0.014116 0.665950 0.013101 0.667725 0.009719 0.668486 0.005322 0.669755 0.001264 0.668740 0.000000
0 0.679688 0.018750 0.682813 0.019792 0.683594 0.020833 0.684375 0.031250 0.683594 0.032292 0.680469 0.031250 0.679688 0.030208 0.679688 0.018750
0 0.721094 0.000000 0.746875 0.000000 0.747656 0.000000 0.746203 0.011747 0.745658 0.017514 0.743115 0.023958 0.739062 0.023958 0.728943 0.022651 0.727344 0.020833 0.723437 0.015625 0.722656 0.015625 0.721094 0.010417 0.720313 0.009375 0.721094 0.000000
0 0.764844 0.000000 0.781250 0.000000 0.782031 0.000000 0.783122 0.007340 0.782031 0.007292 0.779687 0.012500 0.778906 0.013542 0.771094 0.013542 0.770312 0.013542 0.768750 0.012500 0.767969 0.011458 0.764844 0.000000
0 0.754834 0.000363 0.757031 0.000000 0.757812 0.000000 0.757812 0.001042 0.758594 0.002083 0.762500 0.003125 0.763281 0.003125 0.766769 0.006685 0.768913 0.013905 0.778125 0.013954 0.780269 0.014317 0.780469 0.015625 0.781250 0.016667 0.781250 0.022917 0.781250 0.023958 0.779724 0.033333 0.778906 0.034375 0.778125 0.035417 0.777344 0.036458 0.768896 0.041667 0.764299 0.043435 0.760974 0.044574 0.759375 0.041667 0.757031 0.035417 0.756250 0.034375 0.752344 0.012500 0.751563 0.011458 0.750745 0.000363
0 0.683198 0.009719 0.685481 0.013101 0.687257 0.018851 0.688018 0.025276 0.695881 0.026291 0.697149 0.021894 0.696642 0.012763 0.696135 0.010057 0.691569 0.007352 0.688018 0.007352
0 0.707296 0.014116 0.707549 0.017159 0.706535 0.018851 0.706535 0.023924 0.710593 0.022571 0.714398 0.025953 0.715413 0.023585 0.720993 0.020880 0.722008 0.018174 0.720739 0.013439 0.718964 0.011410 0.715920 0.013101 0.715920 0.010734 0.712115 0.010734 0.709832 0.013439
0 0.704505 0.027982 0.705013 0.032717 0.709325 0.038128 0.712369 0.038128 0.713891 0.037452 0.714905 0.033393 0.708564 0.028997
0 0.703237 0.047936 0.699179 0.052671 0.698418 0.058083 0.698671 0.060112 0.706281 0.060788 0.709832 0.062141 0.709832 0.060788 0.708310 0.058421 0.708564 0.053348 0.706281 0.049289
0 0.658594 0.050642 0.659608 0.056053 0.661638 0.057406 0.661130 0.059435 0.657072 0.062479 0.656565 0.066876 0.651238 0.065185 0.646672 0.063832 0.644389 0.060112 0.642106 0.060112 0.640077 0.062479 0.640584 0.063832 0.644643 0.067890 0.646165 0.070596 0.646165 0.073640 0.649462 0.072964 0.650984 0.077022 0.649462 0.079728 0.653521 0.079728 0.654789 0.074655 0.655804 0.079051 0.657326 0.082095 0.654028 0.084124 0.655804 0.085815 0.656311 0.085815 0.657072 0.086830 0.657579 0.088521 0.660369 0.087168 0.660116 0.084124 0.667725 0.080742 0.666964 0.083786 0.670008 0.083448 0.670769 0.073640 0.670008 0.063156 0.668233 0.060450 0.666711 0.055039 0.665442 0.052333 0.661638 0.051995
0 0.638809 0.084801 0.639823 0.088859 0.642360 0.088183 0.645150 0.092918 0.649462 0.092918 0.650984 0.091565 0.650984 0.089197 0.653267 0.088521 0.653267 0.082772 0.650984 0.084801 0.649970 0.080742 0.645911 0.080404 0.644896 0.083110 0.641853 0.084801
0 0.672926 0.000354 0.670472 0.005079 0.668564 0.010531 0.668564 0.012348 0.674834 0.013075 0.674834 0.015256 0.678105 0.015619 0.680558 0.011621 0.682739 0.014166 0.682194 0.006170 0.680286 0.005806 0.680013 0.007260 0.678105 0.007260 0.678377 0.000354
0 0.688463 0.086493 0.687918 0.089401 0.689826 0.090128 0.693642 0.088674 0.693642 0.086130 0.695551 0.086493 0.696368 0.087584 0.698549 0.084676 0.700185 0.080678 0.700185 0.078134 0.698822 0.076680 0.698004 0.071955 0.692280 0.070138 0.688736 0.073772 0.688736 0.077770 0.687918 0.082132 0.686555 0.085039
0 0.698549 0.094853 0.693370 0.095216 0.692825 0.096307 0.687646 0.097033 0.686828 0.099214 0.692280 0.103576 0.692280 0.105756 0.693915 0.107937 0.691734 0.111208 0.696914 0.110481 0.699094 0.112299 0.705091 0.114843 0.705637 0.114843 0.705364 0.110845 0.703183 0.109754 0.701820 0.103212
0 0.684647 0.134469 0.686555 0.132652 0.689826 0.132652 0.693915 0.137377 0.698277 0.133742 0.699912 0.131562 0.702093 0.131562 0.702638 0.135923 0.701548 0.137377 0.698822 0.137377 0.697459 0.141738 0.695551 0.143919 0.690917 0.142465 0.686010 0.138104
0 0.720084 0.129018 0.718448 0.128291 0.711906 0.134469 0.711088 0.143919 0.715177 0.147190 0.717631 0.146100 0.717631 0.144646 0.720629 0.143556 0.722537 0.141738 0.721992 0.135923 0.722265 0.130108
0 0.731260 0.070501 0.722810 0.074863 0.722537 0.078497 0.720356 0.079951 0.721447 0.086130 0.718994 0.086130 0.718721 0.088311 0.720356 0.090128 0.722537 0.089037 0.726081 0.090128 0.727171 0.092309 0.727171 0.094126 0.729897 0.093762 0.733168 0.092309 0.734804 0.090855 0.734259 0.081768 0.731533 0.081768
0 0.730442 0.054509 0.726081 0.055963 0.724991 0.057780 0.724991 0.061051 0.721719 0.066140 0.722265 0.071592 0.721719 0.072318 0.726081 0.072682 0.731533 0.071228 0.736985 0.069047 0.737257 0.066140 0.734804 0.062869 0.733713 0.059234 0.731260 0.058507 0.730442 0.057417
0 0.744890 0.043242 0.741891 0.045059 0.739983 0.048330 0.740801 0.050148 0.738075 0.051601 0.736985 0.054873 0.740801 0.057053 0.744617 0.058144 0.749251 0.061778 0.752250 0.064686 0.753068 0.066503 0.754976 0.067594 0.756884 0.071955 0.757974 0.076316 0.762881 0.078861 0.761790 0.074863 0.758792 0.067230 0.757702 0.059961 0.753340 0.054509 0.751432 0.053419 0.749524 0.050148 0.748706 0.047240 0.746798 0.045423
0 0.756884 0.050148 0.753340 0.050148 0.751159 0.053782 0.753885 0.055963 0.757974 0.061415 0.762063 0.061778 0.761245 0.054873 0.759610 0.051965
0 0.768060 0.079224 0.767787 0.085766 0.764516 0.087584 0.762336 0.090855 0.767787 0.097033 0.768878 0.095216 0.775420 0.087947 0.775420 0.085039 0.774330 0.082859 0.777328 0.081768 0.777873 0.078861 0.777056 0.076316
0 0.774875 0.067957 0.775693 0.073772 0.784961 0.074136 0.788232 0.071592 0.788777 0.069047 0.782235 0.066867 0.778419 0.066140
0 0.816309 0.079588 0.809766 0.079588 0.808676 0.083222 0.805405 0.083586 0.805405 0.086493 0.809494 0.086493 0.810039 0.090855 0.811947 0.090855 0.814401 0.087947 0.816309 0.085039 0.816309 0.084312 0.817672 0.083222 0.817672 0.082495
0 0.800226 0.087584 0.795047 0.095216 0.792866 0.095943 0.794774 0.102122 0.796682 0.102122 0.800226 0.100668 0.800226 0.097760 0.802407 0.094126 0.803497 0.091218 0.803497 0.087947
0 0.786051 0.124293 0.790140 0.125383 0.792866 0.118477 0.791230 0.114843 0.787687 0.113752 0.786051 0.113752 0.783870 0.115570 0.785778 0.118477
0 0.785233 0.092309 0.781417 0.092309 0.782235 0.096307 0.782780 0.096307 0.783325 0.103939 0.785778 0.107937 0.787141 0.112662 0.789322 0.114116 0.792866 0.114116 0.789595 0.109027 0.789595 0.106120 0.791503 0.099941 0.791503 0.096307 0.789595 0.096307 0.787959 0.095216
0 0.683011 0.168634 0.685737 0.173722 0.689281 0.176994 0.696368 0.176994 0.697731 0.174813 0.697459 0.174086 0.696096 0.174086 0.695005 0.172996 0.697731 0.171542 0.698822 0.169361 0.696641 0.167180 0.690099 0.165726 0.686010 0.165726
0 0.815218 0.003625 0.814946 0.010531 0.815218 0.015256 0.813855 0.013439 0.812492 0.009441 0.810312 0.009077 0.808676 0.009441 0.808949 0.016346 0.810312 0.021071 0.812492 0.025069 0.815491 0.027250 0.818489 0.032338 0.823396 0.032702 0.822033 0.031248 0.822033 0.028340 0.822851 0.022525 0.822033 0.016710 0.819307 0.005443 0.818217 0.003625
0 0.802679 0.027250 0.806223 0.029067 0.813038 0.029067 0.813310 0.025433 0.811129 0.021435 0.807313 0.021435 0.803769 0.023615
0 0.787414 0.125746 0.790412 0.133016 0.797500 0.134469 0.797772 0.124293 0.795592 0.124293 0.791775 0.120295 0.789867 0.125383
0 0.818489 0.064322 0.814128 0.066140 0.812220 0.066140 0.814401 0.074863 0.822033 0.085039 0.823124 0.081041 0.821761 0.078134 0.820670 0.074136 0.821488 0.070138
0 0.831029 0.032338 0.835663 0.026523 0.838661 0.031248 0.846839 0.038154 0.846021 0.041425 0.844658 0.043606 0.842205 0.043969 0.840297 0.050511 0.835117 0.050511 0.832937 0.040334 0.831846 0.037063
0 0.845476 0.054509 0.850383 0.052328 0.850383 0.045423 0.851746 0.044332 0.851746 0.039971 0.847112 0.040698 0.844931 0.046150
0 0.856652 0.020344 0.850383 0.023252 0.850383 0.026523 0.853381 0.029794 0.855289 0.034883 0.861831 0.035609 0.861831 0.033792 0.863467 0.032338 0.863467 0.031611 0.862377 0.030158 0.861831 0.027613 0.862104 0.024706 0.858560 0.024706
0 0.866466 0.000718 0.868646 0.005079 0.868646 0.008350 0.874371 0.004352 0.874916 0.001081 0.874371 0.000354
0 0.886092 0.000718 0.891271 0.003989 0.892634 0.006896 0.895088 0.006533 0.895633 0.010168 0.896451 0.012348 0.901902 0.015619 0.905991 0.015256 0.907899 0.013802 0.909535 0.006170 0.911988 0.000718 0.911988 0.000000
0 0.809920 0.113639 0.815189 0.114269 0.815698 0.121126 0.820312 0.132292 0.821094 0.133333 0.822729 0.136724 0.822184 0.139947 0.811719 0.153125 0.810937 0.154167 0.807031 0.154167 0.804887 0.152349 0.803125 0.137500 0.803125 0.136458 0.799219 0.127083 0.799219 0.126042 0.805286 0.120545
0 0.843750 0.102083 0.848437 0.104167 0.849219 0.105208 0.850545 0.108963 0.850781 0.111458 0.849219 0.116667 0.849219 0.117708 0.846203 0.120833 0.842969 0.120833 0.840153 0.129167 0.838281 0.130208 0.832812 0.132389 0.832031 0.130208 0.829688 0.123958 0.828906 0.122917 0.832031 0.110417 0.832031 0.109375 0.832812 0.108333 0.833594 0.107292 0.839063 0.106250 0.839844 0.106250 0.843750 0.102083
0 0.825329 0.032026 0.830233 0.032606 0.831014 0.034738 0.839063 0.059375 0.840389 0.061144 0.836719 0.082292 0.836719 0.083333 0.834375 0.089583 0.833594 0.090625 0.831287 0.091352 0.829688 0.090625 0.821094 0.078125 0.820312 0.077083 0.815934 0.059038 0.814063 0.047819 0.814844 0.038542 0.814844 0.037500 0.816606 0.032389
0 0.711906 0.204253 0.723900 0.182445 0.731260 0.170815 0.732896 0.168998 0.733441 0.166453 0.735894 0.165000 0.737802 0.165000 0.737802 0.162092 0.743799 0.161365 0.743799 0.163546 0.744617 0.167180 0.744345 0.185353 0.741891 0.185353 0.741346 0.193349 0.739983 0.193713 0.739710 0.198437 0.740256 0.201345 0.740256 0.207160 0.739165 0.210068 0.739710 0.214066 0.739438 0.218791 0.737257 0.220608 0.733986 0.220608 0.724991 0.217337 0.722810 0.217337 0.717358 0.215520 0.716268 0.210068 0.712451 0.207524
0 0.727989 0.161002 0.722810 0.163182 0.720629 0.165726 0.720629 0.168634 0.717085 0.168998 0.716540 0.174813 0.718176 0.178084 0.718448 0.182445 0.719539 0.185717 0.719539 0.189715 0.733168 0.168634 0.732351 0.164636 0.730170 0.161365
0 0.802690 0.144809 0.798914 0.145439 0.795609 0.148901 0.792069 0.150789 0.794901 0.154880 0.797497 0.157713 0.801038 0.158027 0.802926 0.149215
0 0.789708 0.151733 0.787820 0.155510 0.789236 0.160545 0.792305 0.161804 0.792777 0.165895 0.794665 0.170616 0.798914 0.172819 0.805523 0.172819 0.806467 0.172189 0.807411 0.168413 0.803398 0.167783 0.804578 0.165580 0.808355 0.166839 0.813312 0.162433 0.815200 0.158657 0.816852 0.158342 0.819449 0.160860 0.821573 0.161804 0.822281 0.159286 0.822517 0.152677 0.816616 0.152362 0.816616 0.149215 0.814256 0.149215 0.814020 0.152992 0.811423 0.152992 0.810243 0.157083 0.807883 0.156139 0.805286 0.156454 0.803398 0.160545 0.799386 0.162748 0.802690 0.160230 0.801982 0.157713 0.798205 0.157713 0.793957 0.154880 0.794193 0.154251 0.792069 0.151733
0 0.767520 0.188665 0.762614 0.191209 0.762614 0.197025 0.764794 0.197025 0.768611 0.198842 0.772427 0.195571 0.769701 0.191573
0 0.747348 0.171946 0.749529 0.175217 0.753073 0.172673 0.758252 0.172310 0.761251 0.174854 0.766157 0.173763 0.763704 0.172673 0.763431 0.171219 0.762614 0.169765 0.762614 0.167221 0.764794 0.165041 0.762886 0.164314 0.757707 0.161043 0.755254 0.161043 0.759342 0.167948 0.753891 0.166131 0.749529 0.170492
0 0.880373 0.136691 0.877102 0.136691 0.876829 0.139235 0.874921 0.139599 0.874103 0.143597 0.875739 0.154864 0.870832 0.156318 0.870832 0.158498 0.873286 0.161769 0.874921 0.167221 0.877647 0.167221 0.881191 0.166494 0.880373 0.157408 0.881463 0.148685 0.883644 0.148685 0.882554 0.141779 0.885552 0.143233 0.884735 0.137054 0.883372 0.135601
0 0.819313 0.165404 0.819313 0.169402 0.815224 0.167585 0.818222 0.177035 0.823129 0.174854 0.828308 0.176671 0.834578 0.176671 0.831307 0.172673 0.827763 0.169039 0.826400 0.166494 0.824764 0.165767
0 0.915810 0.029108 0.911994 0.032379 0.912266 0.050916 0.914447 0.053823 0.913902 0.055641 0.926168 0.056731 0.924805 0.055277 0.926168 0.052006 0.923442 0.048735 0.922352 0.048735 0.925078 0.048008 0.925078 0.045100 0.920717 0.044010 0.920717 0.041829 0.919626 0.040739 0.923170 0.041466 0.924533 0.040375 0.923988 0.034924 0.923170 0.033106 0.918263 0.033106 0.917991 0.030562
0 0.993226 0.030562 0.989682 0.032379 0.988864 0.030926 0.988592 0.028381 0.987229 0.028381 0.984776 0.032016 0.984230 0.035650 0.985321 0.039648 0.988592 0.041829 0.991863 0.042556 0.994316 0.040375 0.997860 0.035287 0.997587 0.032016
0 0.911719 0.057292 0.937500 0.058333 0.938281 0.058333 0.950000 0.061458 0.950781 0.061458 0.958448 0.063396 0.962500 0.066667 0.965189 0.068750 0.965425 0.070155 0.963281 0.075000 0.963590 0.080767 0.963590 0.083333 0.962500 0.084375 0.961320 0.097092 0.959684 0.101769 0.956905 0.105208 0.953125 0.107704 0.950346 0.108746 0.944658 0.109787 0.938191 0.108067 0.934957 0.107704 0.932214 0.109326 0.927344 0.111458 0.924219 0.111458 0.923438 0.112500 0.907886 0.109424 0.905196 0.108382 0.896512 0.109424 0.893278 0.110465 0.890189 0.111556 0.887500 0.111192 0.885156 0.108382 0.881104 0.105111 0.877344 0.097917 0.876563 0.096875 0.875000 0.092708 0.875000 0.091667 0.867969 0.081250 0.867188 0.080208 0.865861 0.078174 0.866170 0.076405 0.866406 0.070833 0.866406 0.069792 0.867696 0.067708 0.868750 0.066667 0.871875 0.065625 0.877018 0.063856 0.885156 0.063542 0.888391 0.062088 0.911719 0.057292
0 0.903906 0.108333 0.910609 0.111458 0.918750 0.112500 0.927344 0.112185 0.930578 0.110731 0.929688 0.112500 0.930469 0.113542 0.930469 0.115625 0.931250 0.116667 0.932340 0.119912 0.932613 0.126042 0.922656 0.132752 0.916423 0.132340 0.921186 0.127567 0.911955 0.128245 0.906250 0.132243 0.899744 0.132243 0.898197 0.129394 0.892769 0.128901 0.890625 0.127083 0.889844 0.126042 0.887700 0.124224 0.888281 0.121875 0.888281 0.120833 0.891406 0.116667 0.892188 0.115625 0.896875 0.113542 0.897656 0.113542 0.900000 0.110417 0.900781 0.109375 0.903906 0.108333
0 0.985156 0.122917 0.989608 0.125678 0.989844 0.127083 0.996094 0.145833 0.996875 0.146875 0.998783 0.150944 0.997965 0.155257 0.996167 0.157655 0.993750 0.158333 0.985794 0.162403 0.976562 0.164583 0.959648 0.157389 0.958594 0.154167 0.958594 0.152083 0.958594 0.151042 0.960938 0.146875 0.960938 0.145833 0.967969 0.134375 0.967969 0.133333 0.974219 0.126042 0.975000 0.125000 0.985156 0.122917
0 0.895366 0.152683 0.894003 0.160316 0.895366 0.161043 0.900545 0.160679 0.899182 0.155954 0.903271 0.151956 0.908450 0.144324 0.910358 0.142870 0.911448 0.135964 0.916900 0.133056 0.920444 0.127968 0.911721 0.127605 0.905997 0.131966 0.905997 0.134874 0.899454 0.136328 0.899182 0.139599 0.900545 0.140326 0.899727 0.144687 0.899727 0.148322
0 0.931075 0.130512 0.925078 0.133056 0.925351 0.141779 0.926168 0.148322 0.931075 0.143597 0.931620 0.137054
0 0.951792 0.128695 0.951792 0.134510 0.955881 0.134874 0.958334 0.135601 0.959152 0.129058 0.956971 0.128332 0.956154 0.125787
0 0.981504 0.106161 0.980142 0.105434 0.979051 0.109068 0.976598 0.113066 0.977961 0.117791 0.982050 0.119245 0.983685 0.119245 0.983685 0.114157 0.984230 0.109432
0 0.988319 0.117428 0.989137 0.122880 0.991590 0.126514 0.990773 0.127241 0.991590 0.130149 0.994589 0.129785 0.995407 0.125060 0.995134 0.123243 0.992136 0.119245
0 0.997587 0.087625 0.994316 0.089442 0.991318 0.089442 0.988592 0.092349 0.989955 0.098165 0.995134 0.095621 0.997587 0.092349 1.000000 0.091622 1.000000 0.089442
0 0.730175 0.030926 0.726631 0.034197 0.724996 0.038195 0.724996 0.041829 0.723360 0.044373 0.723360 0.045100 0.727449 0.046191 0.730175 0.044373 0.729903 0.042556 0.733174 0.043283 0.735900 0.041102 0.735900 0.038195 0.735354 0.038195 0.734537 0.037104 0.734537 0.034197 0.733719 0.033106 0.733719 0.030562
0 0.790145 0.028381 0.790418 0.034197 0.797505 0.035287 0.799141 0.034197 0.796960 0.031289 0.795324 0.029835 0.793144 0.029835 0.792326 0.026564 0.791236 0.028381
0 0.951792 0.000759 0.949611 0.003666 0.950156 0.010935 0.950702 0.012389 0.955063 0.008028 0.954518 0.000759 0.953973 0.000759
0 0.879828 0.013480 0.875194 0.016751 0.873286 0.019295 0.873558 0.024020 0.876829 0.024020 0.876829 0.022203 0.880100 0.017114 0.882826 0.017114 0.881191 0.018568 0.880100 0.020749 0.885007 0.020749 0.886643 0.016024 0.888551 0.014207 0.886915 0.012026 0.883372 0.013116
0 0.886915 0.005484 0.886915 0.010935 0.888823 0.013116 0.891004 0.011299 0.891822 0.011299 0.893185 0.010209 0.892912 0.006574 0.890731 0.005120
0 0.875194 0.000395 0.875466 0.005847 0.873831 0.007664 0.874103 0.011662 0.875194 0.015297 0.879283 0.013843 0.879828 0.013116 0.879555 0.008391 0.877375 0.007301 0.878738 0.004393 0.877375 0.000032
0 0.867016 0.021112 0.864290 0.021112 0.860474 0.022566 0.862655 0.025474 0.862382 0.028381 0.862927 0.031289 0.868924 0.031289 0.868379 0.024020
0 0.869197 0.094167 0.866198 0.095257 0.862927 0.101072 0.862927 0.102163 0.861837 0.103980 0.858838 0.105434 0.855840 0.105434 0.856112 0.108341 0.860201 0.108705 0.863745 0.110886 0.866743 0.109068 0.867016 0.106524 0.871105 0.106888 0.870832 0.101072 0.873286 0.098528 0.872740 0.095257
0 0.974690 0.165404 0.969510 0.171583 0.968693 0.177761 0.968693 0.189029 0.971146 0.190119 0.975780 0.179579 0.978233 0.171583 0.979051 0.171583 0.980414 0.164314
0 0.960242 0.169765 0.956154 0.169765 0.954245 0.173763 0.955608 0.182123 0.959970 0.186848 0.959970 0.187575 0.962696 0.188665 0.962696 0.182123 0.962150 0.174854
0 0.687278 0.146918 0.688459 0.153212 0.691763 0.155730 0.696012 0.156044 0.695068 0.151638 0.691291 0.145974
0 0.656122 0.136532 0.652345 0.141253 0.651873 0.144400 0.648805 0.145029 0.649749 0.148806 0.653290 0.150694 0.653998 0.153212 0.655414 0.153841 0.655414 0.149435 0.656594 0.149121 0.659899 0.146288 0.660371 0.141882 0.659426 0.141253 0.657302 0.140938 0.655650 0.143771 0.657774 0.139994
0 0.588852 0.084919 0.593573 0.083975 0.596405 0.083975 0.599710 0.078940 0.601834 0.079569 0.601362 0.083975 0.597350 0.089640 0.595697 0.089326 0.594753 0.087752 0.591213 0.087752
0 0.580355 0.104117 0.580355 0.107893 0.579411 0.106635 0.577523 0.105691 0.575634 0.108208 0.573982 0.112299 0.573982 0.113244 0.575398 0.116391 0.579175 0.115132 0.579175 0.114188 0.580591 0.111355 0.582243 0.110726 0.584368 0.112929 0.584368 0.112299 0.587200 0.111355 0.586492 0.107579 0.584604 0.107264 0.584368 0.104746
0 0.563833 0.100970 0.573746 0.107264 0.576815 0.106320 0.575871 0.104117 0.571858 0.100655 0.569970 0.096564 0.567373 0.095305 0.564305 0.095934 0.563833 0.097823 0.564069 0.098452
0 0.554864 0.047784 0.548019 0.048413 0.549671 0.054078 0.552267 0.053763 0.553919 0.056910 0.557696 0.056596 0.559348 0.054707 0.557932 0.050931
0 0.530788 0.051875 0.529608 0.055651 0.530788 0.057540 0.532912 0.058169 0.535273 0.060057 0.540229 0.057540 0.540938 0.056596 0.537161 0.055337 0.535509 0.054392 0.535273 0.053134 0.532912 0.052504
0 0.980959 0.065817 0.976870 0.069452 0.977688 0.074904 0.982867 0.081082 0.987774 0.082173 0.989955 0.078538 0.988592 0.070542 0.986139 0.070542 0.984503 0.067634
0 0.561473 0.000000 0.561473 0.004039 0.572094 0.003409 0.573982 0.000262 0.581535 0.002150 0.581535 0.000000
0 0.655277 0.160214 0.651391 0.164176 0.653906 0.168748 0.656649 0.172101 0.658478 0.170577 0.658935 0.168444 0.657792 0.164481 0.655963 0.163262
0 0.652077 0.034027 0.645905 0.033112 0.644990 0.036770 0.647734 0.039818 0.651391 0.038904 0.652763 0.037684 0.655735 0.036770
0 0.751747 0.091634 0.752204 0.098340 0.754033 0.098340 0.754718 0.102607 0.757004 0.102607 0.760662 0.100168 0.762034 0.096206 0.758833 0.095901 0.758833 0.095292 0.757690 0.093463 0.754718 0.092853 0.754718 0.091024 0.754261 0.091024 0.754261 0.091634
0 0.832900 0.095292 0.836329 0.096511 0.839072 0.103521 0.842272 0.104740 0.843644 0.100778 0.842501 0.097730 0.841129 0.095292 0.837700 0.093768
0 0.838386 0.084319 0.842958 0.085843 0.844558 0.085843 0.844558 0.084319 0.843644 0.081880 0.841586 0.080661 0.838157 0.077004 0.836100 0.082185
0 0.794765 0.051075 0.791565 0.051684 0.789050 0.052904 0.788136 0.054123 0.788136 0.057171 0.793394 0.058085 0.794536 0.055647
0 0.794079 0.044369 0.788593 0.048941 0.788821 0.051684 0.792936 0.051989 0.794765 0.050770 0.794994 0.047722
0 0.789736 0.075459 0.786535 0.078507 0.789279 0.083384 0.791108 0.084603 0.792250 0.081555 0.793622 0.079421 0.792479 0.077592
0 0.999591 0.163546 0.997762 0.165680 0.993647 0.168118 0.988618 0.172080 0.988161 0.176652 0.989532 0.180005 0.990218 0.190064 0.989532 0.198293 0.992276 0.199512 0.992733 0.209571 0.992504 0.224201 0.987704 0.238527 0.979474 0.254681 0.976274 0.263825 0.975588 0.270531 0.969873 0.276627 0.969873 0.277541 0.969416 0.277541 0.968730 0.279065 0.968501 0.286381 0.970330 0.288209 0.972159 0.288209 0.974902 0.291257 0.978331 0.297353 0.978560 0.302230 0.982446 0.303754 0.983360 0.306802 0.987246 0.308936 0.993190 0.309545 0.999819 0.307716
0 0.964158 0.299792 0.968273 0.301621 0.970330 0.303449 0.972159 0.306802 0.974902 0.306802 0.973759 0.304668 0.973988 0.294001 0.974902 0.291867 0.970787 0.287600 0.968501 0.286990 0.968501 0.279370 0.969187 0.276932 0.974673 0.270531 0.968501 0.273884 0.964844 0.277846 0.962786 0.279370 0.962100 0.290038 0.963472 0.293391
0 0.999591 0.330272 0.999362 0.308021 0.996848 0.308326 0.994790 0.312593 0.992961 0.313508 0.992504 0.317775 0.998448 0.327224
0 0.945184 0.248585 0.950670 0.252853 0.954328 0.252548 0.956843 0.251024 0.957300 0.247061 0.959814 0.241880 0.959586 0.239136 0.957071 0.235174 0.952271 0.236393 0.950442 0.238222 0.948384 0.238832 0.945413 0.238832 0.944041 0.244318
0 0.970330 0.203780 0.970559 0.208047 0.979931 0.208047 0.983360 0.206218 0.984960 0.204694 0.984960 0.202865
0 0.895578 0.242489 0.903579 0.243099 0.908151 0.238832 0.911808 0.231821 0.911351 0.229383 0.907694 0.229992 0.905865 0.233040 0.899921 0.233040 0.896264 0.239746
0 0.862659 0.179700 0.857859 0.185187 0.857859 0.186101 0.853058 0.189759 0.853058 0.190368 0.851001 0.194331 0.854430 0.196160 0.858087 0.198903 0.857859 0.200427 0.860145 0.198903 0.861516 0.194940 0.862431 0.189149 0.865403 0.184882 0.867231 0.183053 0.867003 0.180005 0.865631 0.179091
0 0.881577 0.203321 0.877752 0.206921 0.877302 0.214120 0.878877 0.215020 0.879102 0.223119 0.883826 0.223419 0.887876 0.220119 0.890126 0.216520 0.892375 0.214120 0.892375 0.211420 0.887651 0.209621 0.889901 0.208121 0.889001 0.205721 0.884501 0.203921
0 0.866504 0.200022 0.866054 0.204521 0.863371 0.213255 0.864254 0.215020 0.865829 0.214120 0.865829 0.211720 0.867853 0.209021 0.872353 0.208721 0.873028 0.211720 0.873253 0.216520 0.870778 0.218919 0.875952 0.218919 0.875727 0.214120 0.876402 0.209321 0.877752 0.206621 0.877752 0.203621 0.882252 0.199722 0.882252 0.198522 0.879552 0.197922 0.874828 0.200622 0.872353 0.202722 0.872353 0.202122 0.868978 0.201222 0.868528 0.198822
0 0.858775 0.219854 0.855657 0.224011 0.856956 0.227475 0.860334 0.228861 0.860854 0.228861 0.861373 0.227129 0.861373 0.223665 0.864751 0.223665 0.863712 0.221933 0.861893 0.220893
0 0.874104 0.270085 0.870986 0.271124 0.868128 0.270778 0.866050 0.273896 0.865530 0.275628 0.865530 0.278399 0.863971 0.279438 0.866570 0.281863 0.867089 0.282903 0.868908 0.280478 0.875143 0.279438 0.876442 0.275281 0.876183 0.272164
0 0.981408 0.326898 0.979590 0.331055 0.976991 0.334173 0.976732 0.337637 0.979590 0.338677 0.981408 0.346298 0.983487 0.351148 0.984526 0.351148 0.984526 0.346644 0.982707 0.346644 0.983747 0.339369 0.986085 0.339023 0.986605 0.335905 0.986085 0.329670 0.985565 0.329670 0.985565 0.328977
0 0.958804 0.336944 0.955427 0.337637 0.952569 0.340755 0.951270 0.343873 0.951529 0.346991 0.955946 0.347337 0.955427 0.350801 0.960103 0.352533 0.962961 0.350455 0.965300 0.345605 0.962701 0.343873 0.961662 0.341448 0.961143 0.341448
0 0.930224 0.332787 0.926847 0.336252 0.923989 0.336944 0.923989 0.344912 0.925808 0.349762 0.926067 0.350801 0.928146 0.351148 0.930224 0.341794 0.932303 0.335212
0 0.953348 0.328977 0.951010 0.328630 0.947372 0.333134 0.950230 0.336252 0.953088 0.337291 0.956986 0.335559 0.956986 0.334173 0.957765 0.332095 0.957505 0.330709
0 0.835156 0.245833 0.846094 0.246875 0.846875 0.246875 0.851562 0.251042 0.852344 0.252083 0.858594 0.253125 0.859375 0.253125 0.860938 0.255208 0.861719 0.256250 0.861719 0.258333 0.861719 0.259375 0.855469 0.268750 0.854688 0.269792 0.852344 0.269792 0.851562 0.270833 0.836719 0.269792 0.835938 0.268750 0.825000 0.269792 0.824219 0.269792 0.823438 0.268750 0.822656 0.267708 0.823438 0.259375 0.823438 0.258333 0.821094 0.255208 0.820312 0.254167 0.820312 0.248958 0.820312 0.247917 0.826562 0.250000 0.827344 0.250000 0.835156 0.245833
0 0.848437 0.294792 0.850781 0.295833 0.851562 0.295833 0.852344 0.298958 0.852344 0.300000 0.857031 0.307292 0.857812 0.308333 0.857031 0.320833 0.857031 0.321875 0.853906 0.321875 0.853125 0.321875 0.842969 0.313542 0.842187 0.313542 0.841406 0.311458 0.840625 0.310417 0.840625 0.305208 0.840625 0.304167 0.844531 0.301042 0.845313 0.301042 0.848437 0.294792
0 0.853319 0.328284 0.857216 0.329670 0.861373 0.328630 0.862932 0.330709 0.865011 0.330709 0.864751 0.326898 0.858255 0.323088 0.856177 0.322395 0.853579 0.322395 0.853579 0.324127 0.852539 0.324820
0 0.826038 0.293988 0.821621 0.293295 0.820582 0.296067 0.818244 0.297106 0.819023 0.300917 0.820322 0.304381 0.824219 0.306459 0.824999 0.299877 0.826038 0.298838
0 0.843186 0.291217 0.839289 0.296760 0.839029 0.306113 0.840328 0.306459 0.841108 0.303342 0.842926 0.302302
0 0.879560 0.307499 0.874364 0.302995 0.871766 0.301609 0.868388 0.302995 0.873585 0.307499 0.874364 0.312695 0.878001 0.313388 0.879041 0.312349
0 0.872026 0.287406 0.869034 0.288470 0.864231 0.290178 0.860594 0.293988 0.862932 0.295027 0.866570 0.293295 0.865270 0.295374 0.860594 0.296067 0.859554 0.298492 0.861893 0.300917 0.864491 0.299184 0.867609 0.300917 0.869168 0.299531 0.873325 0.293642 0.877482 0.293295 0.875923 0.290524 0.872026 0.290524
0 0.936200 0.316852 0.934641 0.321702 0.938279 0.321009 0.941916 0.318238 0.940877 0.316159 0.940617 0.309577 0.936720 0.309231 0.935681 0.310270
0 0.889433 0.292602 0.883717 0.292602 0.880340 0.293642 0.878521 0.293642 0.876962 0.298145 0.882678 0.299531 0.886835 0.301956 0.888134 0.303688 0.888654 0.303688 0.889433 0.300570 0.891512 0.299877 0.891772 0.297452 0.889693 0.295720
0 0.902684 0.278399 0.901905 0.281517 0.909959 0.283942 0.912557 0.282903 0.911778 0.282903 0.909699 0.278746
0 0.881639 0.264889 0.877742 0.265928 0.875923 0.269046 0.890992 0.270085 0.887874 0.266967 0.887874 0.266274 0.887355 0.266274 0.887355 0.264889 0.889953 0.264542 0.889953 0.260732 0.892291 0.260385 0.893071 0.257960 0.889174 0.255189 0.887874 0.255882 0.887874 0.258307 0.880859 0.258653
0 0.837990 0.207729 0.833833 0.210154 0.833833 0.210847 0.830715 0.215351 0.827077 0.222972 0.826818 0.227129 0.828636 0.228861 0.827857 0.231632 0.832274 0.236136 0.839289 0.239254 0.840848 0.236482 0.841367 0.234404 0.839549 0.231979 0.840068 0.227822 0.846044 0.219161 0.847083 0.216043 0.843706 0.216390 0.840328 0.210154
0 0.827857 0.211540 0.821361 0.213618 0.821361 0.210501 0.819283 0.211193 0.819283 0.212233 0.816685 0.212233 0.816165 0.215351 0.817984 0.216390 0.816165 0.220200 0.815646 0.223665 0.819023 0.226782 0.824479 0.228514 0.829676 0.217775
0 0.810449 0.200108 0.810969 0.203919 0.809410 0.203919 0.809410 0.205997 0.812788 0.208076 0.817204 0.213965 0.819543 0.210847 0.820062 0.207729 0.819543 0.207729 0.817204 0.205304 0.814087 0.203572 0.815646 0.200108
0 0.802915 0.252418 0.804214 0.255189 0.806552 0.255535 0.808630 0.255189 0.810709 0.249646 0.810709 0.246875 0.808111 0.246875 0.814087 0.245489 0.814087 0.241679 0.813047 0.240293 0.810969 0.239946 0.815386 0.237175 0.816165 0.234404 0.815646 0.232672 0.813047 0.231632 0.810969 0.233018
0 0.797458 0.219161 0.795380 0.219161 0.793042 0.229207 0.794341 0.235096 0.794341 0.250686 0.796159 0.253803 0.800057 0.255189 0.797978 0.249300 0.797458 0.249300 0.797718 0.242718 0.796939 0.232325 0.799277 0.222279
0 0.681250 0.294792 0.690625 0.296875 0.691406 0.296875 0.695312 0.300000 0.696094 0.300000 0.698438 0.304167 0.699219 0.305208 0.699219 0.309375 0.699219 0.310417 0.698438 0.311458 0.697656 0.312500 0.695312 0.312500 0.694531 0.312500 0.681250 0.308333 0.680469 0.308333 0.678906 0.305208 0.678125 0.304167 0.678125 0.300000 0.678125 0.298958 0.681250 0.294792
0 0.756927 0.252071 0.763942 0.252071 0.764462 0.251032 0.769398 0.251032 0.771996 0.247568 0.774335 0.246875 0.774854 0.240986 0.772776 0.241679 0.772776 0.239254 0.764462 0.240639 0.760565 0.242371 0.758486 0.246528 0.757966 0.249646
0 0.750432 0.266274 0.750172 0.277014 0.755888 0.277360 0.758226 0.276667 0.763163 0.272856 0.764981 0.268007 0.767060 0.264542 0.760305 0.264196 0.756927 0.264889 0.756927 0.265582 0.754329 0.267314
0 0.791223 0.242718 0.787326 0.239946 0.782129 0.240986 0.782389 0.243411 0.777712 0.244450 0.778752 0.246875 0.774595 0.247221 0.774854 0.249300 0.782649 0.248953 0.783688 0.251032 0.790184 0.251032 0.791223 0.248607
0 0.772516 0.254496 0.776153 0.255882 0.776673 0.254842 0.780830 0.254496 0.782129 0.252418 0.781610 0.249646 0.770957 0.249300
0 0.767320 0.269739 0.763423 0.269739 0.762123 0.273896 0.760824 0.275281 0.761864 0.281171 0.765241 0.280824 0.765241 0.276321 0.768359 0.273549 0.768359 0.272856
0 0.770437 0.325166 0.767060 0.325513 0.763163 0.326898 0.761344 0.330709 0.758746 0.330709 0.758746 0.331402 0.760565 0.333827 0.761344 0.339716 0.762643 0.343526 0.762123 0.347337 0.762383 0.346644 0.768359 0.344566 0.769398 0.340755 0.771996 0.341794 0.775634 0.339369 0.774335 0.337984 0.773555 0.335212 0.773555 0.330709 0.772776 0.328977 0.772776 0.326552
0 0.744716 0.233711 0.739000 0.235096 0.737960 0.233018 0.735362 0.232672 0.733284 0.233711 0.733284 0.235096 0.730426 0.237521 0.729646 0.239254 0.736661 0.239946 0.742897 0.238561 0.746794 0.235789
0 0.777712 0.217083 0.775114 0.217775 0.773036 0.221240 0.773295 0.224011 0.775894 0.226782 0.778492 0.226782 0.779531 0.224357 0.782649 0.224357 0.783169 0.219854 0.781869 0.219161 0.781869 0.217429 0.781090 0.214311 0.779791 0.215697
0 0.665991 0.280824 0.665732 0.302302 0.668070 0.304381 0.672487 0.306113 0.673526 0.300917 0.676124 0.298145 0.678203 0.297452 0.678722 0.294681 0.681840 0.293295 0.682100 0.291217 0.681580 0.289138 0.677943 0.284981 0.669109 0.279092
0 0.702366 0.323780 0.705483 0.322048 0.705483 0.321356 0.707562 0.319970 0.706783 0.315813 0.704964 0.315466 0.704704 0.312002 0.703405 0.309924 0.700287 0.309231 0.698468 0.312695 0.698988 0.322048
0 0.645466 0.276667 0.649623 0.276667 0.649103 0.272510 0.647285 0.268353 0.649363 0.266967 0.650922 0.266621 0.651442 0.263503 0.651182 0.261771 0.647544 0.261425 0.646765 0.257614 0.644946 0.260039 0.642608 0.261425 0.641829 0.268353 0.643128 0.272510
0 0.643387 0.233018 0.653260 0.225397 0.649623 0.225397 0.651442 0.222625 0.650402 0.219854 0.649103 0.219508 0.647804 0.222625 0.646245 0.222625 0.646245 0.220547 0.645206 0.221933 0.648324 0.218468 0.647285 0.215697 0.645206 0.216390 0.644686 0.219161 0.643647 0.218468 0.642608 0.216736 0.638971 0.217083 0.639490 0.221933 0.639490 0.226436 0.641049 0.230593
0 0.662874 0.243411 0.659756 0.244450 0.658457 0.248953 0.654560 0.250339 0.658717 0.253457 0.663133 0.254496 0.663133 0.247914
0 0.656898 0.305074 0.653260 0.305766 0.649883 0.305766 0.648324 0.305074 0.649623 0.312002 0.651961 0.314773 0.654819 0.315466 0.656638 0.314773 0.658976 0.310616
0 0.651961 0.326898 0.652481 0.331402 0.654040 0.334173 0.656898 0.334173 0.658717 0.335905 0.660275 0.338330 0.664173 0.336944 0.665472 0.335905 0.665732 0.332441 0.660535 0.332787 0.660535 0.329670 0.656118 0.327937 0.654560 0.325859 0.654040 0.325859
0 0.626240 0.253457 0.621563 0.254496 0.623901 0.262464 0.628058 0.263849 0.630397 0.263503 0.630397 0.260732 0.631176 0.257960 0.630137 0.253803 0.628318 0.252418
0 0.601037 0.283249 0.605974 0.289485 0.610131 0.291563 0.612989 0.291910 0.610910 0.286367 0.609871 0.286021 0.608312 0.282903 0.607793 0.282903 0.604935 0.275281 0.602856 0.272164 0.598699 0.273203 0.598959 0.280478
0 0.597140 0.299184 0.599998 0.299531 0.605194 0.299184 0.606753 0.297452 0.607533 0.293988 0.602077 0.292949 0.597920 0.295374 0.597920 0.296067
0 0.592463 0.312002 0.594282 0.314427 0.596880 0.314081 0.598179 0.312002 0.599998 0.312002 0.600518 0.302649 0.599998 0.301609 0.596620 0.300917 0.591684 0.300917
0 0.627279 0.313041 0.624421 0.312349 0.620004 0.313041 0.620004 0.313734 0.615847 0.315466 0.609092 0.320316 0.609092 0.321009 0.604415 0.322741 0.602596 0.325859 0.604675 0.326552 0.604155 0.335212 0.609351 0.336944 0.612209 0.335212 0.613509 0.333480 0.617925 0.333480 0.619484 0.334173 0.619744 0.334866 0.627279 0.336944 0.629877 0.335559 0.631176 0.334519 0.631696 0.331402 0.625980 0.330709 0.625460 0.327245 0.625460 0.326205 0.629098 0.321702 0.629617 0.316506
0 0.594282 0.330362 0.591164 0.330362 0.589086 0.332441 0.588306 0.335559 0.588566 0.339716 0.589346 0.342487 0.591944 0.344219 0.595841 0.338330 0.595321 0.335212
0 0.624161 0.300917 0.620783 0.302302 0.619744 0.304381 0.620783 0.307845 0.622342 0.307845 0.622342 0.310616 0.621563 0.312695 0.624421 0.312002 0.627539 0.313388 0.629098 0.316506 0.635073 0.317891 0.635073 0.314081 0.632995 0.313734 0.632735 0.310616 0.632215 0.309231 0.630916 0.308191 0.628058 0.301956
0 0.617146 0.220547 0.621043 0.220893 0.623382 0.224357 0.623901 0.224357 0.623901 0.223318 0.625720 0.219161 0.625720 0.213618 0.619744 0.213618 0.617146 0.214311
0 0.646245 0.204611 0.651442 0.205304 0.651961 0.207036 0.651961 0.210847 0.656118 0.211193 0.658197 0.209808 0.657417 0.205304 0.650922 0.204265 0.650922 0.200801 0.650402 0.200108 0.647804 0.199761 0.647025 0.200454
0 0.583370 0.244796 0.586488 0.245489 0.586488 0.247221 0.589346 0.247221 0.591684 0.244796 0.589346 0.238561 0.581811 0.237521 0.581032 0.241332
0 0.568750 0.280208 0.575000 0.281250 0.575781 0.282292 0.575781 0.290625 0.575781 0.291667 0.572656 0.293750 0.571875 0.294792 0.569531 0.293750 0.568750 0.293750 0.564844 0.289583 0.564063 0.288542 0.564844 0.285417 0.564844 0.284375 0.568750 0.280208
0 0.567001 0.306459 0.575835 0.297452 0.574016 0.295374 0.570379 0.295374 0.568041 0.297106 0.566742 0.301956 0.567781 0.303688
0 0.632735 0.217083 0.632215 0.220893 0.630137 0.222625 0.630137 0.228861 0.632475 0.228861 0.633255 0.225397 0.635333 0.224704 0.638971 0.224704 0.638971 0.220547 0.635073 0.216390
0 0.597660 0.337637 0.602077 0.339369 0.602596 0.334866 0.603895 0.332787 0.595062 0.332787
0 0.604155 0.343873 0.602856 0.346644 0.599998 0.348030 0.599219 0.348030 0.598439 0.346298 0.599998 0.340755 0.602596 0.337984 0.605194 0.338330 0.608832 0.341101 0.610391 0.345605
0 0.620783 0.228861 0.616367 0.230247 0.616367 0.231979 0.613509 0.231979 0.611170 0.234404 0.611430 0.235096 0.618705 0.238561 0.621563 0.238561 0.621043 0.233364
0 0.712185 0.286759 0.708126 0.284053 0.704829 0.283715 0.697980 0.286083 0.697473 0.281009 0.695190 0.279657 0.692399 0.279657 0.691385 0.283715 0.693921 0.284053 0.693414 0.284730 0.688595 0.286759 0.688595 0.288788 0.696458 0.290141 0.697980 0.293523 0.701531 0.291156 0.701785 0.290479 0.702546 0.290818 0.711931 0.290818
0 0.641669 0.289465 0.639386 0.286759 0.637610 0.285744 0.636342 0.287435 0.634312 0.287774 0.633805 0.285068 0.627464 0.285068 0.631522 0.287774 0.632537 0.290479 0.635581 0.294200 0.640400 0.294876 0.643190 0.292170
0 0.648010 0.233999 0.645220 0.235352 0.644712 0.238057 0.645727 0.241439 0.651307 0.243469 0.654098 0.243469 0.654859 0.241778 0.653590 0.240763 0.650800 0.236704
0 0.546041 0.222500 0.546802 0.227911 0.548070 0.230617 0.547309 0.232984 0.547816 0.235690 0.551875 0.232308 0.557709 0.226220 0.560499 0.222500 0.560499 0.219118 0.559992 0.216750 0.549845 0.219118 0.549845 0.219794
0 0.546094 0.196875 0.550000 0.196875 0.550781 0.196875 0.550781 0.203125 0.550000 0.204167 0.546094 0.207292 0.545312 0.208333 0.542969 0.208333 0.542188 0.209375 0.538281 0.209375 0.537500 0.209375 0.535937 0.207292 0.535156 0.206250 0.534375 0.201042 0.535156 0.200000 0.546094 0.196875
0 0.541982 0.296229 0.536655 0.294200 0.533612 0.294200 0.529553 0.298258 0.529553 0.299611 0.532090 0.305699 0.533865 0.308742 0.536655 0.309757 0.539699 0.306375 0.541221 0.301640
0 0.527016 0.289126 0.522197 0.290818 0.520675 0.293523 0.520421 0.298934 0.521943 0.298596 0.523465 0.296905 0.526002 0.301640 0.526002 0.302655 0.528031 0.307390 0.530060 0.304684 0.531582 0.303669 0.529046 0.299611 0.529046 0.298258 0.533104 0.294876 0.530568 0.290479 0.529046 0.289465
0 0.498607 0.284730 0.499114 0.290818 0.500129 0.295552 0.502919 0.299949 0.507739 0.303669 0.514587 0.303669 0.512812 0.300287 0.510022 0.298596 0.505202 0.293185 0.504695 0.289126 0.501651 0.287097
0 0.528031 0.319227 0.523719 0.321933 0.521690 0.325653 0.521943 0.326329 0.521690 0.329035 0.524480 0.328358 0.526002 0.325653 0.530060 0.324638 0.530060 0.318889
0 0.500129 0.313477 0.499875 0.325653 0.496578 0.324638 0.495056 0.323285 0.494549 0.319227 0.496578 0.313816
0 0.540460 0.331402 0.546041 0.331740 0.550860 0.325991 0.550606 0.324638 0.546294 0.323962 0.542997 0.326329 0.540207 0.327344
0 0.481105 0.273231 0.489476 0.273231 0.494295 0.274584 0.493534 0.270187 0.491251 0.266467 0.485671 0.266128 0.483388 0.270863
0 0.494041 0.251586 0.497846 0.249218 0.501397 0.249218 0.498607 0.247527 0.502412 0.245836 0.503427 0.242116 0.501651 0.234675 0.501651 0.235352 0.498861 0.235352 0.496071 0.236366 0.495056 0.239748 0.495056 0.244483 0.495563 0.247189 0.493280 0.246851 0.491759 0.253277
0 0.507739 0.255644 0.507739 0.259026 0.512305 0.257673 0.516109 0.257335 0.519153 0.254629 0.520929 0.254629 0.524480 0.252938 0.526002 0.247865 0.522958 0.245498 0.520675 0.245498 0.520421 0.249218 0.519407 0.250909 0.515856 0.251586 0.515602 0.253277
0 0.528538 0.241101 0.525241 0.245498 0.524987 0.247865 0.531329 0.247865 0.532090 0.243469 0.531075 0.242116
0 0.480344 0.216074 0.480344 0.225205 0.484910 0.224867 0.490237 0.222838 0.492519 0.221485 0.496324 0.222500 0.497339 0.219794 0.501905 0.220471 0.500890 0.208295 0.494549 0.207619 0.491759 0.211339 0.491505 0.214721
0 0.497593 0.197134 0.492519 0.197472 0.490998 0.199502 0.489983 0.201869 0.490490 0.204913 0.492266 0.206266 0.494041 0.204913 0.498607 0.204237 0.499622 0.202884 0.500383 0.200516 0.502666 0.198487 0.501144 0.196120
0 0.504695 0.210663 0.503173 0.213706 0.503173 0.214721 0.505710 0.214721 0.507231 0.213706 0.508500 0.210663 0.509261 0.205928 0.507992 0.203898 0.507992 0.203222 0.509007 0.202207 0.509768 0.200516 0.507992 0.200178 0.506724 0.195105 0.501651 0.194767 0.503173 0.199164 0.503173 0.200855 0.501144 0.201531 0.500383 0.204237 0.502666 0.204575 0.501397 0.206266 0.501651 0.209986 0.502666 0.211001
0 0.517885 0.190032 0.517124 0.195443 0.520421 0.195443 0.523212 0.193414 0.523719 0.190708 0.522197 0.188003 0.523973 0.186650 0.525241 0.180900 0.525241 0.177180 0.523212 0.174813 0.522704 0.171769 0.520675 0.166696 0.518900 0.166019 0.517885 0.172107 0.518646 0.175827 0.516870 0.176166 0.514334 0.175489 0.511797 0.175827 0.511797 0.182253 0.512558 0.184959 0.514841 0.186988 0.515095 0.187664
0 0.520929 0.276275 0.514080 0.275936 0.514334 0.281009 0.512051 0.282024 0.512812 0.283039 0.517885 0.286759 0.523465 0.285406 0.522958 0.283377 0.525241 0.283039 0.524480 0.279995 0.521943 0.278642
0 0.517885 0.272893 0.524987 0.272893 0.524734 0.273569 0.529046 0.275936 0.530314 0.277627 0.529299 0.281009 0.526509 0.283039 0.524987 0.281348 0.523973 0.278642 0.523973 0.277289 0.519661 0.275936
0 0.520421 0.197472 0.520168 0.200516 0.518900 0.203222 0.523465 0.209310 0.526256 0.212015 0.526763 0.212015 0.528792 0.215059 0.529553 0.211339 0.531075 0.211677 0.531329 0.210324 0.527778 0.206266 0.522958 0.202884 0.523465 0.196796 0.522958 0.196796
0 0.472734 0.271201 0.470959 0.278980 0.471720 0.281686 0.473749 0.284053 0.476286 0.284053 0.477300 0.286421 0.477808 0.286421 0.477808 0.287097 0.479837 0.285744 0.478822 0.282024 0.477300 0.280671 0.476539 0.274922 0.476032 0.273907
0 0.415625 0.254167 0.421875 0.254167 0.422656 0.254167 0.425781 0.259375 0.426563 0.260417 0.425781 0.265625 0.425781 0.266667 0.421094 0.267708 0.420312 0.267708 0.416406 0.265625 0.415625 0.265625 0.414062 0.262500 0.413281 0.261458 0.413281 0.257292 0.413281 0.256250 0.415625 0.254167
0 0.332813 0.258333 0.345313 0.259375 0.346094 0.259375 0.348438 0.262500 0.349219 0.263542 0.350000 0.267708 0.350000 0.268750 0.349219 0.269792 0.348438 0.270833 0.331250 0.268750 0.330469 0.268750 0.329688 0.262500 0.329688 0.261458 0.332813 0.258333
0 0.318750 0.258333 0.320312 0.258333 0.321094 0.258333 0.322656 0.260417 0.323437 0.261458 0.324219 0.266667 0.324219 0.267708 0.319531 0.273958 0.318750 0.275000 0.317188 0.275000 0.316406 0.275000 0.315625 0.270833 0.315625 0.269792 0.318750 0.258333
0 0.318750 0.152083 0.321875 0.152083 0.322656 0.152083 0.330469 0.157292 0.331250 0.158333 0.342187 0.157292 0.342969 0.157292 0.345313 0.159375 0.346094 0.159375 0.348438 0.162500 0.349219 0.163542 0.350781 0.168750 0.350781 0.169792 0.356250 0.178125 0.357031 0.179167 0.358594 0.184375 0.359375 0.185417 0.358594 0.192708 0.358594 0.193750 0.344531 0.210417 0.343750 0.210417 0.334375 0.226042 0.333594 0.227083 0.329688 0.226042 0.328906 0.226042 0.322656 0.217708 0.321875 0.217708 0.315625 0.207292 0.314844 0.206250 0.311719 0.197917 0.310937 0.196875 0.311719 0.192708 0.311719 0.191667 0.315625 0.184375 0.316406 0.183333 0.316406 0.178125 0.316406 0.177083 0.313281 0.163542 0.312500 0.162500 0.312500 0.158333 0.312500 0.157292 0.314844 0.156250 0.315625 0.156250 0.318750 0.152083
0 0.375000 0.158333 0.380469 0.159375 0.381250 0.160417 0.381250 0.165625 0.381250 0.166667 0.378906 0.172917 0.378906 0.173958 0.375781 0.177083 0.375000 0.178125 0.369531 0.178125 0.368750 0.177083 0.362500 0.183333 0.361719 0.184375 0.358594 0.181250 0.357812 0.180208 0.351562 0.168750 0.350781 0.167708 0.351562 0.164583 0.352344 0.163542 0.359375 0.160417 0.360156 0.159375 0.365625 0.159375 0.366406 0.159375 0.367188 0.160417 0.367969 0.161458 0.370312 0.161458 0.371094 0.161458 0.375000 0.158333
0 0.404755 0.229264 0.405516 0.229940 0.409321 0.237381 0.413379 0.239410 0.416423 0.238734 0.416677 0.237719 0.415155 0.237043 0.414901 0.232308 0.414140 0.230617 0.406784 0.226558 0.403233 0.226558
0 0.424033 0.235013 0.424286 0.238396 0.425555 0.241778 0.428091 0.242454 0.429613 0.242116 0.430881 0.240087 0.430628 0.237043 0.428598 0.234675
0 0.460813 0.200855 0.457261 0.204575 0.455486 0.207281 0.455486 0.208972 0.458783 0.211677 0.461827 0.210663 0.463603 0.209310 0.463603 0.201869 0.463095 0.200178
0 0.413633 0.165681 0.413633 0.167710 0.414394 0.170416 0.414140 0.178871 0.415916 0.180900 0.418452 0.181915 0.419974 0.183606 0.429106 0.182930 0.427837 0.178533 0.427330 0.178533 0.425808 0.176166 0.424033 0.175151 0.420735 0.174813 0.419974 0.167710 0.416169 0.167710
0 0.417438 0.283377 0.412618 0.284730 0.410843 0.287774 0.414394 0.293523 0.418706 0.295891 0.419974 0.294200 0.419467 0.290818 0.418960 0.290479 0.418452 0.287435
0 0.409321 0.290479 0.406023 0.300287 0.407799 0.299273 0.411350 0.299273 0.414394 0.297243 0.414394 0.293185 0.412872 0.291494 0.412618 0.289803
0 0.432150 0.193414 0.425808 0.194090 0.425301 0.198149 0.424286 0.198149 0.424540 0.201193 0.431389 0.200855 0.432657 0.199840 0.433418 0.198149
0 0.457261 0.186312 0.456500 0.189694 0.451935 0.191385 0.449398 0.191385 0.449144 0.193076 0.448637 0.193414 0.448637 0.195105 0.453964 0.200855 0.455486 0.201531 0.456500 0.200178 0.460559 0.198149 0.461320 0.195443 0.462842 0.194767 0.464110 0.192738 0.460559 0.191385 0.460559 0.188341 0.459544 0.186312
0 0.425047 0.299611 0.423525 0.297582 0.419974 0.295552 0.415916 0.298596 0.415916 0.300964 0.416930 0.302316 0.416930 0.303669 0.415408 0.303669 0.414901 0.306037 0.417184 0.308404 0.420989 0.308404 0.422764 0.306713 0.424286 0.303669 0.424794 0.303669
0 0.393087 0.319227 0.398667 0.319227 0.402218 0.317198 0.401711 0.312463 0.400443 0.310433 0.396638 0.310433 0.392326 0.311786 0.392072 0.315845
0 0.393594 0.322609 0.394355 0.327344 0.395370 0.328697 0.396892 0.329373 0.401457 0.329373 0.402726 0.327682 0.402726 0.327006 0.399682 0.321256 0.395623 0.321256
0 0.482627 0.311448 0.477808 0.313477 0.476793 0.315507 0.478822 0.315507 0.480090 0.319227 0.486178 0.318550 0.486432 0.314154 0.484656 0.311786
0 0.439252 0.324638 0.437984 0.325315 0.439506 0.328020 0.444325 0.325315 0.447876 0.325991 0.451174 0.327344 0.450666 0.323624 0.449398 0.321933 0.449398 0.320241 0.443310 0.319903 0.443310 0.317198 0.440774 0.318889 0.441028 0.321256
0 0.391565 0.298934 0.388014 0.301978 0.387506 0.303331 0.385731 0.304007 0.384970 0.305699 0.384970 0.306713 0.386492 0.310433 0.388521 0.309419 0.388775 0.312801 0.393594 0.308742 0.394609 0.307051 0.394101 0.305699 0.395370 0.304346 0.394101 0.301640
0 0.393087 0.290141 0.385984 0.291494 0.386745 0.294876 0.387506 0.295552 0.384463 0.296905 0.382941 0.296905 0.382941 0.299949 0.392326 0.298596 0.393340 0.292847
0 0.376563 0.339583 0.382031 0.341667 0.382812 0.342708 0.382812 0.348958 0.382812 0.350000 0.370312 0.352083 0.369531 0.352083 0.363281 0.357292 0.362500 0.358333 0.358594 0.357292 0.357812 0.357292 0.356250 0.355208 0.355469 0.354167 0.356250 0.350000 0.357031 0.348958 0.364063 0.343750 0.364844 0.342708 0.376563 0.339583
0 0.264062 0.332292 0.268750 0.332292 0.269531 0.332292 0.270313 0.333333 0.271094 0.334375 0.271875 0.340625 0.271875 0.341667 0.266406 0.361458 0.266406 0.362500 0.264844 0.364583 0.264062 0.365625 0.259375 0.367708 0.258594 0.367708 0.251563 0.358333 0.250781 0.357292 0.250000 0.354167 0.249219 0.353125 0.249219 0.347917 0.249219 0.346875 0.254688 0.339583 0.255469 0.338542 0.264062 0.332292
0 0.289062 0.267708 0.295312 0.270833 0.296094 0.271875 0.296094 0.280208 0.296094 0.281250 0.292969 0.286458 0.292187 0.287500 0.289844 0.287500 0.289062 0.287500 0.285938 0.282292 0.285156 0.281250 0.285156 0.272917 0.285156 0.271875 0.289062 0.267708
0 0.282031 0.302083 0.286719 0.307292 0.287500 0.308333 0.287500 0.314583 0.286719 0.315625 0.282813 0.315625 0.282031 0.314583 0.281250 0.306250 0.280469 0.305208 0.282031 0.302083
0 0.275781 0.346875 0.278906 0.346875 0.279687 0.346875 0.286719 0.352083 0.287500 0.352083 0.288281 0.353125 0.289062 0.354167 0.289062 0.358333 0.289062 0.359375 0.286719 0.361458 0.285938 0.361458 0.281250 0.354167 0.280469 0.353125 0.276562 0.352083 0.275781 0.352083 0.275781 0.346875
0 0.176563 0.289583 0.179688 0.290625 0.180469 0.290625 0.186719 0.298958 0.187500 0.300000 0.186719 0.305208 0.185938 0.306250 0.182812 0.307292 0.182031 0.308333 0.177344 0.308333 0.176563 0.308333 0.168750 0.305208 0.167969 0.305208 0.171094 0.293750 0.171094 0.292708 0.176563 0.289583
0 0.138281 0.295833 0.150000 0.297917 0.150781 0.297917 0.162500 0.303125 0.164774 0.306310 0.161236 0.313542 0.160938 0.314583 0.156180 0.315778 0.153608 0.315380 0.136719 0.309375 0.135937 0.309375 0.133594 0.304167 0.133594 0.303125 0.138281 0.295833
0 0.142187 0.322917 0.143750 0.323958 0.144531 0.323958 0.146875 0.328125 0.147656 0.329167 0.146875 0.337500 0.146875 0.338542 0.146094 0.339583 0.145313 0.340625 0.135156 0.339583 0.134375 0.339583 0.135156 0.333333 0.135156 0.332292 0.142187 0.322917
0 0.133594 0.148958 0.135156 0.148958 0.138028 0.148408 0.135937 0.155208 0.135937 0.156250 0.134674 0.161153 0.134788 0.166176 0.133594 0.169792 0.133410 0.176009 0.130469 0.211458 0.130469 0.212500 0.129250 0.229631 0.125781 0.240625 0.126562 0.243750 0.128837 0.247977 0.128239 0.262713 0.124955 0.265745 0.124607 0.271019 0.119347 0.277236 0.117969 0.280208 0.117969 0.281250 0.115073 0.291667 0.112500 0.292708 0.111649 0.302880 0.109375 0.304319 0.106171 0.304717 0.083594 0.305116 0.080354 0.301592 0.080469 0.298958 0.080469 0.283333 0.080469 0.282292 0.078125 0.272917 0.075254 0.264311 0.077344 0.257292 0.077344 0.256250 0.073438 0.231250 0.073438 0.230208 0.114062 0.170833 0.114062 0.169792 0.125000 0.156250 0.125781 0.155208 0.133594 0.148958
0 0.043750 0.361458 0.046094 0.361458 0.046875 0.361458 0.051562 0.364583 0.052344 0.364583 0.053906 0.366667 0.054688 0.367708 0.054688 0.370833 0.054688 0.371875 0.046094 0.387500 0.045312 0.388542 0.038281 0.393750 0.037500 0.394792 0.033594 0.394792 0.032813 0.394792 0.028906 0.386458 0.028125 0.385417 0.025781 0.376042 0.025781 0.375000 0.026562 0.373958 0.026562 0.372917 0.032813 0.371875 0.033594 0.371875 0.043750 0.361458
0 0.035937 0.312500 0.046875 0.313542 0.047656 0.313542 0.050781 0.315625 0.051562 0.315625 0.051562 0.323958 0.051562 0.325000 0.047656 0.334375 0.046875 0.335417 0.043750 0.336458 0.042969 0.336458 0.039844 0.332292 0.039062 0.331250 0.035156 0.319792 0.034375 0.318750 0.034375 0.315625 0.034375 0.314583 0.035937 0.312500
0 0.060156 0.376042 0.069531 0.378125 0.070312 0.378125 0.070312 0.380208 0.071094 0.381250 0.067187 0.387500 0.066406 0.388542 0.066406 0.390625 0.065625 0.391667 0.060156 0.391667 0.059375 0.391667 0.053125 0.388542 0.052344 0.387500 0.053125 0.383333 0.053125 0.382292 0.056250 0.378125 0.057031 0.377083 0.060156 0.376042
0 0.239844 0.393750 0.243750 0.394792 0.244531 0.394792 0.245312 0.395833 0.246094 0.396875 0.246094 0.402083 0.246094 0.403125 0.221094 0.412500 0.220312 0.413542 0.214062 0.411458 0.213281 0.410417 0.213281 0.407292 0.213281 0.406250 0.215625 0.404167 0.216406 0.403125 0.239844 0.393750
0 0.226562 0.365625 0.235937 0.367708 0.236719 0.368750 0.236719 0.371875 0.236719 0.372917 0.233594 0.378125 0.232813 0.379167 0.225781 0.378125 0.225000 0.378125 0.223438 0.376042 0.222656 0.375000 0.222656 0.369792 0.222656 0.368750 0.226562 0.365625
0 0.234375 0.380208 0.241406 0.381250 0.242188 0.381250 0.242188 0.387500 0.242188 0.388542 0.240625 0.391667 0.239844 0.392708 0.237500 0.393750 0.236719 0.394792 0.233594 0.393750 0.232813 0.393750 0.230469 0.390625 0.229687 0.389583 0.230469 0.384375 0.230469 0.383333 0.234375 0.380208
0 0.175781 0.403125 0.178125 0.406250 0.178906 0.407292 0.178906 0.413542 0.178906 0.414583 0.176563 0.416667 0.175781 0.417708 0.173437 0.417708 0.172656 0.417708 0.172656 0.407292 0.172656 0.406250 0.175781 0.403125
0 0.203906 0.393750 0.206250 0.397917 0.207031 0.398958 0.207031 0.405208 0.206250 0.406250 0.202344 0.406250 0.201563 0.406250 0.200000 0.404167 0.199219 0.403125 0.200781 0.396875 0.200781 0.395833 0.203906 0.393750
0 0.195312 0.357292 0.199219 0.358333 0.200000 0.358333 0.203468 0.365380 0.200781 0.365625 0.198437 0.368750 0.197656 0.369792 0.192969 0.369792 0.192188 0.369792 0.190625 0.365625 0.190625 0.364583 0.195312 0.357292
0 0.426222 0.343163 0.426820 0.347542 0.427417 0.347941 0.425625 0.353514 0.425924 0.357495 0.433090 0.352718 0.431597 0.347941 0.429805 0.344358
0 0.328288 0.255182 0.325900 0.256774 0.324407 0.258765 0.325004 0.264736 0.330080 0.263940 0.330677 0.255182
0 0.360535 0.337988 0.356952 0.339580 0.355459 0.341969 0.355758 0.342367 0.359340 0.342765 0.363222 0.340376 0.366506 0.340376 0.366506 0.337192 0.363222 0.334803 0.361729 0.332016 0.359340 0.332813
0 0.284695 0.176357 0.283501 0.175560 0.275141 0.179541 0.269766 0.180736 0.275440 0.183124 0.276634 0.187105 0.279620 0.190290 0.285890 0.190290 0.284397 0.192679 0.284397 0.193873 0.288278 0.193873 0.288278 0.189096 0.287383 0.181930 0.285293 0.180338
0 0.267378 0.205020 0.265586 0.207011 0.268871 0.212186 0.269468 0.214575 0.271259 0.218556 0.274544 0.218158 0.275141 0.214177 0.273947 0.213381 0.271558 0.210196 0.270662 0.206215
0 0.276335 0.239656 0.271857 0.240850 0.269169 0.244433 0.268871 0.245627 0.265288 0.248016 0.266184 0.254784 0.268572 0.253987 0.267079 0.259163 0.267378 0.261153 0.272752 0.259561 0.276932 0.251997 0.279918 0.251201 0.279918 0.248016 0.277231 0.248016 0.277530 0.245229 0.279321 0.244433 0.278724 0.241646
0 0.265885 0.274291 0.267975 0.275087 0.276335 0.269514 0.278724 0.261153 0.273349 0.260755 0.270065 0.262348 0.269169 0.266329 0.268572 0.266329 0.267378 0.270310
0 0.260510 0.259959 0.261108 0.267921 0.267079 0.267921 0.267975 0.263940 0.265885 0.263940 0.266184 0.259561 0.263496 0.259561
0 0.262302 0.238859 0.259316 0.239656 0.256629 0.239257 0.253942 0.242442 0.254240 0.250404 0.252747 0.260357 0.254240 0.263940 0.253643 0.267125 0.259316 0.267921 0.260809 0.265533 0.260809 0.259163 0.265586 0.259163 0.267079 0.254385 0.265586 0.248016 0.269169 0.244433 0.270065 0.241248 0.269169 0.238859 0.267378 0.238859
0 0.251255 0.268717 0.249762 0.269115 0.248866 0.271902 0.252449 0.273495 0.252747 0.275087 0.250060 0.277077 0.250956 0.278670 0.250956 0.280661 0.253345 0.281059 0.251255 0.282651 0.252449 0.287826 0.252449 0.289419 0.256629 0.291011 0.256928 0.288623 0.258420 0.285040 0.258420 0.281059 0.256032 0.278272 0.263198 0.268717 0.257525 0.267125 0.257226 0.266329 0.252747 0.265533
0 0.213633 0.287428 0.216619 0.288225 0.219605 0.291409 0.223188 0.288623 0.227368 0.287030 0.229458 0.287428 0.229458 0.286632 0.227667 0.283049 0.225875 0.283049 0.225577 0.281059 0.220501 0.279864 0.218411 0.279864 0.216619 0.281457 0.216619 0.283049 0.216022 0.283049 0.215425 0.283845 0.212439 0.283845 0.212439 0.284642
0 0.217814 0.298973 0.216918 0.296585 0.211842 0.298177 0.212439 0.301362 0.212141 0.308926 0.216619 0.304149
0 0.241700 0.272698 0.235728 0.275087 0.236624 0.279864 0.237221 0.281059 0.240506 0.283049 0.243790 0.283049 0.246179 0.282253 0.244089 0.277874
0 0.239908 0.329229 0.236027 0.327637 0.233638 0.330822 0.230951 0.331220 0.230951 0.334803 0.235728 0.336794 0.238117 0.332414
0 0.234534 0.321267 0.233340 0.325248 0.236326 0.325248 0.236326 0.326045 0.239311 0.327637 0.243193 0.322860 0.241103 0.322064 0.241103 0.321267 0.237221 0.320869
0 0.214231 0.329229 0.210648 0.328433 0.210648 0.330822 0.207065 0.331220 0.208259 0.335599 0.212141 0.337590 0.216022 0.337192 0.216321 0.332016 0.215724 0.332016
0 0.210946 0.345552 0.211842 0.344756 0.210946 0.339182 0.210050 0.336395 0.207662 0.334007 0.207065 0.331618 0.204676 0.332813 0.204975 0.337988
0 0.191539 0.331618 0.185268 0.335201 0.182880 0.337988 0.182581 0.341173 0.184671 0.343561 0.189448 0.344358 0.191539 0.345552 0.191837 0.334803
0 0.219306 0.273495 0.228562 0.273495 0.229458 0.268319 0.227667 0.265931 0.222889 0.265134 0.220501 0.262348 0.219008 0.261551 0.219008 0.257570 0.211842 0.257968 0.211842 0.260357 0.206169 0.260755 0.206169 0.262348 0.209155 0.264736 0.211842 0.265533 0.216619 0.263144 0.218112 0.267125 0.218709 0.267125 0.219904 0.269912
0 0.157500 0.271902 0.157799 0.277077 0.162875 0.284243 0.161681 0.272698
0 0.211842 0.224129 0.211245 0.231693 0.209752 0.236869 0.219306 0.238859 0.218112 0.232888 0.218709 0.232888 0.219008 0.232091 0.216619 0.230499 0.215126 0.226120
0 0.212439 0.215769 0.208558 0.215769 0.207065 0.221741 0.207662 0.226916 0.212141 0.225722 0.214529 0.221741 0.215425 0.212584 0.216022 0.212584 0.217216 0.209797 0.215724 0.208205 0.213036 0.209001 0.212738 0.212584
0 0.217814 0.222537 0.228861 0.225324 0.232145 0.231693 0.240506 0.229703 0.238117 0.224528 0.235728 0.222139 0.236326 0.217760 0.233937 0.216565 0.233340 0.218954 0.231548 0.217760 0.231548 0.216963 0.228562 0.215371 0.226771 0.212186 0.223785 0.210594 0.224382 0.214973 0.220501 0.217362 0.220501 0.218158
0 0.242894 0.187902 0.238416 0.187902 0.238117 0.193077 0.233937 0.196262 0.233340 0.196262 0.233041 0.200243 0.233638 0.202632 0.236624 0.202632 0.238714 0.205816 0.241700 0.201835 0.241700 0.199845 0.243491 0.195466 0.243491 0.193873
0 0.254240 0.201437 0.247970 0.200243 0.248866 0.204622 0.248866 0.207807 0.247373 0.209001 0.246179 0.211390 0.248269 0.212584 0.248866 0.214177 0.251553 0.216565 0.254837 0.217362 0.254539 0.214575 0.252747 0.211390 0.251852 0.208205 0.253643 0.205020
0 0.242894 0.217760 0.240506 0.217760 0.240506 0.220944 0.236624 0.221741 0.236923 0.223731 0.239311 0.227314 0.244387 0.225324 0.245880 0.222139 0.242894 0.222139
0 0.229160 0.336395 0.228861 0.339182 0.226472 0.337192 0.229757 0.344756 0.235131 0.343959 0.234235 0.340376 0.235430 0.336794 0.231847 0.335599
0 0.170339 0.210196 0.165861 0.210196 0.162576 0.211788 0.160188 0.215371 0.159590 0.215371 0.159292 0.218556 0.163771 0.217362 0.167055 0.215769
0 0.153022 0.171579 0.148842 0.173570 0.148244 0.177551 0.150633 0.187105 0.152723 0.189892 0.154515 0.189892 0.153619 0.179939 0.155112 0.178347 0.155112 0.174764
0 0.187060 0.186309 0.183775 0.186707 0.182581 0.185115 0.178401 0.185911 0.178998 0.191485 0.186164 0.191485
0 0.190344 0.180338 0.187358 0.183124 0.187358 0.188300 0.190941 0.191485 0.193629 0.191883 0.194226 0.189096 0.198107 0.188698 0.198406 0.184717 0.195121 0.185115 0.192136 0.184717
0 0.184671 0.167996 0.181387 0.174366 0.181387 0.175560 0.184671 0.180736 0.188553 0.181930 0.193330 0.181532 0.195121 0.179143 0.195121 0.177153 0.190643 0.176755 0.187956 0.177551 0.187956 0.172774 0.184970 0.172774
0 0.267676 0.173570 0.262899 0.175162 0.262601 0.179541 0.265885 0.183523 0.270662 0.185911 0.270662 0.181134 0.268274 0.177551
0 0.193330 0.195864 0.197212 0.195864 0.197510 0.194271 0.201093 0.194271 0.201093 0.190688 0.201989 0.186309 0.200496 0.184319 0.198107 0.185911 0.198107 0.189096 0.193927 0.188698 0.193927 0.189494
0 0.210349 0.166802 0.213932 0.167598 0.215425 0.167200 0.218112 0.163617 0.219008 0.160432 0.218112 0.160432 0.218112 0.161229 0.217515 0.161229 0.215425 0.163219 0.212738 0.163617
0 0.127642 0.282651 0.124358 0.285040 0.121671 0.283447 0.116894 0.282253 0.117789 0.279068 0.119282 0.276679 0.119282 0.275883 0.120178 0.275883 0.124955 0.270310 0.129135 0.278670 0.129135 0.279864
0 0.111519 0.330822 0.112116 0.333609 0.114505 0.335599 0.115102 0.335599 0.118685 0.334007 0.121074 0.334007 0.130330 0.328035 0.138391 0.310120 0.134808 0.308926 0.134808 0.308130 0.132420 0.302556 0.126747 0.302158 0.127642 0.306139 0.126149 0.311315
0 0.151827 0.315694 0.153022 0.319675 0.157500 0.324452 0.161382 0.319675 0.162278 0.317684 0.162278 0.316490 0.161382 0.313305 0.160785 0.315296
0 0.113311 0.308926 0.110623 0.314898 0.110325 0.316490 0.114505 0.318082 0.115102 0.314898 0.117789 0.316490 0.122865 0.316490 0.127045 0.310917 0.119581 0.309722 0.116296 0.309722
0 0.075092 0.300964 0.074794 0.306537 0.075092 0.317684 0.081661 0.318481 0.075092 0.318481 0.074794 0.324452 0.077481 0.325248 0.079272 0.322064 0.085841 0.322860 0.087334 0.320073 0.088230 0.320869 0.085244 0.326045 0.088230 0.332414 0.092709 0.334803 0.093306 0.335997 0.094799 0.334007 0.093604 0.328831 0.095097 0.326443 0.095097 0.324452 0.098979 0.329628 0.098979 0.324452 0.096590 0.323258 0.092709 0.319277 0.097486 0.322064 0.101367 0.320073 0.102263 0.316888 0.102263 0.314898 0.098083 0.314898 0.095396 0.313305 0.094799 0.308130 0.090021 0.306936 0.087931 0.304149 0.083154 0.305741 0.079870 0.300566
0 0.100472 0.361078 0.092709 0.363865 0.091216 0.369040 0.093007 0.374614 0.093306 0.376604 0.097486 0.376604 0.098979 0.371827 0.103756 0.367846 0.103756 0.361874
0 0.122865 0.359486 0.118386 0.361476 0.115699 0.360282 0.111519 0.363069 0.111519 0.363865 0.111818 0.367050 0.114505 0.370234 0.114206 0.381780 0.116296 0.382178 0.119282 0.373419 0.122268 0.372225 0.123164 0.367846
0 0.000000 0.284642 0.003433 0.292604 0.005822 0.293002 0.007315 0.299372 0.007315 0.304547 0.007016 0.304945 0.004627 0.307732 0.002239 0.308926 0.000000 0.308926
0 0.038964 0.212186 0.034187 0.213779 0.033888 0.224129 0.038964 0.222537 0.039561 0.217362 0.040756 0.216565 0.040756 0.215769
0 0.023438 0.188698 0.022542 0.191883 0.020452 0.191883 0.020154 0.192281 0.019855 0.193873 0.020154 0.199447 0.024334 0.199447 0.035381 0.201437 0.035680 0.194271 0.034485 0.191086 0.030305 0.190688 0.031500 0.195466 0.030305 0.192281 0.028514 0.189096 0.026125 0.187504
0 0.017765 0.240850 0.028514 0.240054 0.034187 0.238461 0.036874 0.238461 0.038367 0.240054 0.036575 0.242044 0.031500 0.243637 0.032993 0.249210 0.031500 0.251201 0.023737 0.251599 0.023438 0.252395 0.019258 0.252793 0.018959 0.248812 0.020154 0.247220 0.020452 0.245229 0.018661 0.245229
0 0.038666 0.257172 0.040756 0.257172 0.039561 0.248016 0.035381 0.246423 0.033888 0.247220 0.033888 0.248016 0.032097 0.252395 0.035680 0.254385
0 0.055685 0.274689 0.052997 0.274689 0.048817 0.276281 0.047623 0.276281 0.047026 0.273096 0.042846 0.273096 0.042547 0.278272 0.041353 0.281457 0.041353 0.283447 0.038367 0.281855 0.038964 0.276679 0.035978 0.274291 0.033291 0.277077 0.033291 0.278272 0.030902 0.280262 0.033888 0.283845 0.036277 0.288623 0.037173 0.291409 0.042846 0.293798 0.046130 0.293798 0.047026 0.291011 0.052400 0.291011 0.053296 0.292604 0.054789 0.293002 0.053595 0.287826 0.058969 0.283049 0.057775 0.281457 0.052699 0.282651 0.053296 0.277476
0 0.012689 0.248812 0.009405 0.249210 0.007613 0.252395 0.007613 0.255978 0.005225 0.257172 0.002537 0.261153 0.000447 0.260357 0.001044 0.266329 0.001642 0.266329 0.003433 0.268717 0.005822 0.261551 0.010599 0.259163 0.009405 0.261153 0.009405 0.262348 0.008509 0.265533 0.005822 0.265134 0.005822 0.267523 0.008807 0.268717 0.010599 0.270708 0.011495 0.271106 0.014481 0.271106 0.016869 0.273495 0.015376 0.279068 0.016571 0.281855 0.017765 0.281457 0.019556 0.276679 0.023737 0.275087 0.026125 0.272300 0.026125 0.269115 0.020154 0.267523 0.016571 0.267523 0.015376 0.265533 0.015078 0.253191
0 0.059566 0.253191 0.050907 0.254385 0.052699 0.259163 0.055386 0.263940 0.058670 0.265533 0.059566 0.262746 0.061955 0.262746 0.061656 0.259163 0.060760 0.257570
0 0.142187 0.376042 0.143750 0.377083 0.144531 0.377083 0.144531 0.382292 0.144531 0.383333 0.142187 0.388542 0.141406 0.389583 0.135937 0.391667 0.135156 0.392708 0.129688 0.391667 0.128906 0.391667 0.128906 0.386458 0.128906 0.385417 0.131250 0.382292 0.132031 0.381250 0.142187 0.376042
0 0.071094 0.456250 0.075781 0.458333 0.076563 0.458333 0.085938 0.468750 0.086719 0.468750 0.089063 0.471875 0.089844 0.472917 0.089844 0.478125 0.089844 0.479167 0.089063 0.480208 0.088281 0.481250 0.078125 0.480208 0.077344 0.480208 0.072656 0.486458 0.071875 0.487500 0.066406 0.488542 0.065625 0.488542 0.064844 0.486458 0.064844 0.485417 0.067187 0.477083 0.067969 0.476042 0.067969 0.470833 0.068750 0.469792 0.067969 0.460417 0.067969 0.459375 0.071094 0.456250
0 0.064844 0.490625 0.070312 0.490625 0.071094 0.490625 0.079687 0.493750 0.080469 0.493750 0.082812 0.500000 0.083594 0.501042 0.082812 0.506250 0.082812 0.507292 0.080469 0.509375 0.079687 0.510417 0.061719 0.509375 0.060937 0.509375 0.060156 0.501042 0.060156 0.500000 0.064844 0.490625
0 0.129732 0.362272 0.123164 0.369836 0.118685 0.379391 0.116595 0.388946 0.116894 0.392927 0.126448 0.388149 0.127344 0.383372 0.131524 0.375808 0.132718 0.371827 0.132420 0.364661 0.131823 0.364661
0 0.111220 0.381780 0.111220 0.386557 0.111818 0.386557 0.113012 0.390140 0.113012 0.392130 0.114505 0.397704 0.115699 0.399694 0.117789 0.399694 0.118685 0.396510 0.118088 0.389742 0.116595 0.384964 0.115401 0.382576
0 0.021755 0.368490 0.018911 0.371248 0.017360 0.375384 0.016843 0.375384 0.019429 0.377453 0.024858 0.378142 0.025892 0.377797 0.025892 0.375729 0.026409 0.373316 0.028477 0.372627 0.027960 0.370214 0.024341 0.371592
0 0.072687 0.409856 0.083804 0.409511 0.086131 0.412614 0.086131 0.415371 0.088199 0.417440 0.088975 0.421921 0.089492 0.422266 0.090009 0.424679 0.091560 0.425023 0.090526 0.431573 0.091043 0.436054 0.093370 0.437433 0.096472 0.438123 0.097507 0.437433 0.100609 0.438812 0.100092 0.442949 0.098282 0.444672 0.095955 0.442949 0.094146 0.442604 0.093111 0.441225 0.088975 0.439502 0.087941 0.439502 0.086131 0.430884 0.084580 0.426747 0.078116 0.419508 0.077082 0.419508 0.077599 0.422266 0.073204 0.421232 0.072687 0.413303
0 0.093111 0.416061 0.095697 0.418129 0.104487 0.415371 0.104746 0.413993 0.109658 0.408477 0.109658 0.407098 0.109141 0.406754 0.107848 0.407098 0.105521 0.409167 0.102419 0.407788 0.102160 0.403996 0.101643 0.403651 0.101643 0.397446 0.098799 0.396412 0.096990 0.396757 0.096731 0.399514 0.097765 0.401583 0.095180 0.402962 0.095697 0.407098 0.092336 0.410201
0 0.134994 0.396067 0.135770 0.400204 0.139390 0.400549 0.141975 0.399859 0.141716 0.397101 0.139390 0.396412 0.136287 0.391586 0.134736 0.392965
0 0.123102 0.411924 0.117414 0.411924 0.114570 0.413993 0.114829 0.416061 0.116121 0.417095 0.116897 0.421576 0.116897 0.423645 0.118965 0.423645 0.120516 0.420887 0.124136 0.418819 0.124653 0.417095 0.123619 0.417095
0 0.125946 0.391586 0.124136 0.392965 0.122843 0.395378 0.122585 0.400204 0.121033 0.401927 0.121033 0.412958 0.123360 0.412614 0.125170 0.409856 0.125429 0.404341 0.126463 0.405719 0.126204 0.408822 0.127497 0.407098 0.128014 0.407098 0.129307 0.405030 0.131375 0.403996 0.131375 0.402617 0.130082 0.401583 0.131633 0.399859 0.132409 0.400204 0.133702 0.401927 0.133960 0.399859 0.132668 0.397791 0.132409 0.394689 0.131633 0.392276 0.129565 0.392965 0.129048 0.394689 0.129307 0.396067 0.128272 0.397446 0.127497 0.394344
0 0.110950 0.398825 0.109399 0.401238 0.109399 0.408477 0.110175 0.419163 0.113536 0.420887 0.116638 0.420887 0.116380 0.416406 0.114311 0.416406 0.114311 0.412614 0.113277 0.411924 0.118448 0.410545 0.121550 0.407788 0.121033 0.401583 0.118707 0.401583 0.117931 0.400204 0.114829 0.400204
0 0.126980 0.428471 0.123102 0.429160 0.122843 0.430539 0.120516 0.434676 0.120516 0.435365 0.119999 0.435365 0.119482 0.437433 0.119741 0.438123 0.125170 0.439157 0.128790 0.437433 0.128531 0.432262
0 0.161719 0.423958 0.164844 0.423958 0.165625 0.423958 0.167969 0.429167 0.167969 0.430208 0.168480 0.431595 0.166406 0.432292 0.155469 0.437493 0.154170 0.434742 0.154688 0.430208 0.154688 0.429167 0.161719 0.423958
0 0.002882 0.430539 0.014258 0.422955 0.014258 0.422266 0.018911 0.420887 0.020980 0.420887 0.020980 0.422955 0.019946 0.422955 0.011414 0.431918 0.006243 0.432262
0 0.035975 0.437089 0.034165 0.435020 0.032097 0.434676 0.026926 0.439502 0.029770 0.442259 0.029770 0.442949 0.031321 0.446051 0.033131 0.447085 0.034165 0.439502
0 0.056916 0.409167 0.055365 0.409167 0.053038 0.411580 0.049677 0.412614 0.047350 0.411235 0.045799 0.413993 0.048643 0.419163 0.048643 0.419853 0.051229 0.421232 0.057692 0.415371 0.057692 0.414682
0 0.069068 0.415371 0.065448 0.413648 0.062087 0.414682 0.061829 0.421576 0.063121 0.422955 0.063121 0.423645 0.064931 0.426747 0.068033 0.427436 0.068809 0.426747 0.069326 0.425368 0.073463 0.426402 0.074497 0.425023 0.074497 0.423300 0.070360 0.422266 0.068033 0.422266
0 0.069326 0.430194 0.066482 0.429849 0.064414 0.433297 0.065189 0.434676 0.068292 0.436054 0.071394 0.438812 0.071653 0.434676 0.072687 0.432952 0.073463 0.432607 0.074238 0.428126 0.074755 0.428126 0.075531 0.427092 0.075531 0.426402 0.075272 0.424679 0.073721 0.425023 0.072170 0.426402 0.068809 0.426402
0 0.078375 0.443983 0.076565 0.448809 0.076824 0.452256 0.078116 0.456737 0.078375 0.459495 0.079668 0.457771 0.080960 0.451911 0.082770 0.449498 0.082770 0.446396 0.081477 0.447430 0.080702 0.447430
0 0.080443 0.436054 0.077858 0.436054 0.077341 0.439846 0.076565 0.441570 0.080443 0.441225 0.080960 0.441915 0.081736 0.438812
0 0.094146 0.458116 0.091043 0.462253 0.090009 0.464321 0.090009 0.468458 0.099316 0.471905 0.100868 0.470526 0.100350 0.465355 0.098799 0.463287 0.097507 0.463287 0.096214 0.461908 0.094404 0.461908 0.094921 0.461908 0.096990 0.458461 0.096214 0.457771
0 0.140682 0.436054 0.137321 0.437778 0.138355 0.448464 0.142492 0.446396 0.141975 0.443293 0.144819 0.443293 0.143526 0.440191 0.143009 0.440191
0 0.040370 0.447430 0.042955 0.443983 0.042955 0.440536 0.043472 0.440536 0.043472 0.437778 0.039077 0.438812 0.038560 0.443638
0 0.046058 0.434676 0.044507 0.438467 0.046575 0.440880 0.045541 0.443638 0.041404 0.446396 0.037785 0.446396 0.037267 0.448119 0.038302 0.448464 0.041404 0.451222 0.042438 0.451222 0.045799 0.453290 0.050711 0.450188 0.052780 0.444672 0.055882 0.443638 0.055365 0.443638 0.054331 0.441915
0 0.013999 0.463632 0.013224 0.467424 0.013224 0.469147 0.014516 0.471560 0.019687 0.470526 0.019946 0.469837 0.024858 0.465355 0.023824 0.462253 0.019687 0.460874 0.018394 0.461219 0.018394 0.461908 0.016068 0.462942
0 0.002624 0.413303 0.007019 0.412614 0.010380 0.413303 0.010380 0.409856 0.009863 0.409856 0.008828 0.406409 0.005726 0.408132 0.003141 0.407098 0.002624 0.409856
0 0.013999 0.396067 0.009346 0.398136 0.004175 0.398480 0.004692 0.402962 0.010380 0.402272 0.012965 0.400893 0.015809 0.403306 0.017619 0.402272 0.016585 0.400549 0.016585 0.398825 0.016068 0.397446
0 0.079668 0.402272 0.076565 0.401583 0.074238 0.399170 0.071394 0.396757 0.067775 0.397446 0.068292 0.398480 0.073721 0.404341 0.074755 0.406754 0.075531 0.409856 0.080443 0.408822 0.080443 0.408132
0 0.058985 0.325745 0.057433 0.325745 0.055882 0.328503 0.052780 0.329882 0.050194 0.328848 0.047350 0.335397 0.054072 0.336087 0.055882 0.340568 0.062863 0.339189 0.062087 0.336087 0.064931 0.333329 0.063638 0.332640 0.063897 0.329193 0.061053 0.328158
0 0.068550 0.337121 0.063638 0.337121 0.061570 0.339879 0.061829 0.341947 0.061311 0.345049 0.063121 0.344705 0.063380 0.344015 0.064672 0.344015 0.067516 0.342292 0.069068 0.339879
0 0.059502 0.468458 0.055882 0.467768 0.054848 0.465011 0.050194 0.466734 0.051746 0.473628 0.052521 0.474662 0.052521 0.475697 0.049936 0.477076 0.046058 0.476731 0.045541 0.480523 0.045541 0.481212 0.046316 0.482246 0.049419 0.485004 0.053297 0.481557 0.055882 0.474662 0.055624 0.471560 0.060019 0.471905 0.061570 0.470526 0.061829 0.468458
0 0.065965 0.470871 0.062346 0.474318 0.061829 0.477420 0.062087 0.482591 0.060277 0.484315 0.061570 0.486038 0.062087 0.486038 0.063638 0.483625 0.065189 0.479489 0.065189 0.475007 0.067775 0.474662 0.067516 0.468802
0 0.112760 0.493277 0.111985 0.500861 0.112760 0.506721 0.115604 0.504653 0.117155 0.502240 0.117672 0.498448 0.116897 0.495690
0 0.000000 0.535417 0.005469 0.536458 0.006250 0.536458 0.007812 0.538542 0.008594 0.538542 0.012500 0.545833 0.013281 0.546875 0.014574 0.550704 0.015350 0.553470 0.010937 0.554167 0.010156 0.555208 0.000781 0.556250 0.000000 0.555216 0.000000 0.535417
0 0.009346 0.472249 0.008311 0.475352 0.005468 0.476731 0.005985 0.483625 0.009604 0.489485 0.012965 0.492243 0.018653 0.492932 0.016068 0.488796 0.016068 0.487417 0.014516 0.483625 0.011931 0.481212 0.010380 0.474662
0 0.000555 0.502929 0.005468 0.500861 0.005985 0.500171 0.006760 0.500171 0.007794 0.498793 0.008828 0.492588 0.009346 0.492588 0.010380 0.489485 0.008570 0.488106 0.004175 0.489141 0.003399 0.492243 0.000555 0.496035
0 0.003399 0.504308 0.006760 0.508789 0.007794 0.511547 0.005985 0.512926 0.004950 0.516718 0.004175 0.524991 0.004692 0.531196 0.002882 0.534988 0.001848 0.536022 0.000000 0.536367 0.000297 0.503619
0 0.018911 0.517063 0.017877 0.515684 0.017102 0.515339 0.015809 0.513271 0.015292 0.513271 0.014775 0.511202 0.010897 0.511547 0.009604 0.512581 0.007019 0.512581 0.005985 0.513960 0.004950 0.517407 0.004692 0.526370 0.004175 0.526370 0.004433 0.533954 0.002624 0.536022 0.008053 0.537401 0.007794 0.532919 0.010121 0.528783 0.009604 0.524991 0.015550 0.522233 0.017102 0.519476
0 0.045541 0.507411 0.041663 0.511202 0.041921 0.517407 0.040887 0.520165 0.046575 0.519476 0.049419 0.516718 0.049419 0.512237 0.048126 0.510513
0 0.019429 0.527059 0.015033 0.527404 0.015033 0.529817 0.022789 0.534643 0.023307 0.537401 0.026409 0.536711 0.025892 0.532230 0.024341 0.532230 0.022272 0.529472
0 0.026150 0.485349 0.024341 0.491898 0.024341 0.492932 0.025633 0.496380 0.028477 0.491898 0.028477 0.490519 0.031321 0.488106 0.032097 0.488106 0.032614 0.482591 0.030287 0.482246 0.028994 0.480178 0.026150 0.479489 0.024341 0.480523 0.026409 0.481557 0.023307 0.483625 0.023307 0.486038
0 0.053814 0.513271 0.054331 0.518441 0.057433 0.519476 0.061570 0.517752 0.061570 0.510513 0.060277 0.508789 0.053814 0.509479 0.050711 0.507411 0.047609 0.506721 0.047092 0.508445 0.050194 0.512581
0 0.051746 0.500171 0.047868 0.502929 0.050194 0.507066 0.055882 0.508445 0.059243 0.506376 0.057692 0.501550 0.052780 0.495690 0.050453 0.491898 0.050453 0.491209 0.049936 0.490864 0.048643 0.487762 0.046058 0.485004 0.041921 0.486038 0.040629 0.484659 0.040887 0.490864 0.045282 0.491554 0.049419 0.497069
0 0.058726 0.524302 0.059502 0.530162 0.061570 0.529817 0.064414 0.530162 0.064672 0.524991 0.066482 0.523612 0.065965 0.520510 0.059502 0.519131 0.056399 0.519131 0.054589 0.518097 0.053297 0.515339 0.047092 0.519476 0.047609 0.521199 0.051487 0.522233 0.055882 0.524302
0 0.107813 0.531250 0.117188 0.534375 0.117969 0.534375 0.119531 0.537500 0.120313 0.538542 0.119531 0.543750 0.119531 0.544792 0.109375 0.541667 0.108594 0.541667 0.106250 0.535417 0.105469 0.534375 0.105469 0.533333 0.105469 0.532292 0.107813 0.531250
0 0.196875 0.429167 0.203906 0.430208 0.204687 0.430208 0.209375 0.434375 0.210156 0.434375 0.215625 0.441667 0.216406 0.442708 0.223438 0.446875 0.224219 0.446875 0.227344 0.451042 0.228125 0.452083 0.232031 0.464583 0.232031 0.465625 0.245290 0.481235 0.245915 0.485851 0.242969 0.486758 0.242969 0.498958 0.242969 0.500000 0.249472 0.506962 0.249219 0.510417 0.250000 0.515625 0.250781 0.516667 0.251298 0.521538 0.251815 0.522924 0.251546 0.526401 0.249994 0.528822 0.248421 0.531242 0.245312 0.531250 0.241406 0.531250 0.234420 0.533656 0.202344 0.537500 0.201563 0.538542 0.195256 0.538886 0.187494 0.539576 0.183571 0.540280 0.177102 0.543735 0.171094 0.541667 0.170313 0.541667 0.157812 0.536458 0.157031 0.536458 0.155469 0.534375 0.154688 0.533333 0.167187 0.507292 0.167969 0.506250 0.179688 0.470833 0.180469 0.469792 0.178125 0.462500 0.178125 0.461458 0.173437 0.452083 0.172656 0.451042 0.172656 0.445833 0.172656 0.444792 0.182031 0.436458 0.182812 0.435417 0.196875 0.429167
0 0.225781 0.411458 0.228125 0.411458 0.228906 0.411458 0.235156 0.420833 0.235937 0.421875 0.235937 0.429167 0.235937 0.430208 0.233594 0.443750 0.233594 0.444792 0.232031 0.447917 0.231250 0.448958 0.229687 0.448958 0.228906 0.450000 0.218750 0.441667 0.217969 0.441667 0.215625 0.437500 0.214844 0.436458 0.215625 0.428125 0.215625 0.427083 0.219531 0.418750 0.219531 0.417708 0.225781 0.411458
0 0.215625 0.415625 0.217969 0.416667 0.218750 0.417708 0.218750 0.420833 0.218750 0.421875 0.215625 0.432292 0.215625 0.433333 0.213281 0.435417 0.212500 0.435417 0.209375 0.431250 0.208594 0.430208 0.208594 0.427083 0.208594 0.426042 0.215625 0.415625
0 0.203906 0.538542 0.212500 0.538542 0.213281 0.539583 0.212500 0.547917 0.212500 0.548958 0.216406 0.559375 0.216406 0.560417 0.212500 0.561458 0.211719 0.561458 0.207813 0.558333 0.207031 0.558333 0.204687 0.553125 0.204687 0.552083 0.200000 0.545833 0.199219 0.544792 0.199219 0.541667 0.199219 0.540625 0.203906 0.538542
0 0.108594 0.542708 0.116406 0.543750 0.117188 0.543750 0.120313 0.546875 0.121094 0.546875 0.126562 0.556250 0.127344 0.557292 0.128125 0.562500 0.128125 0.563542 0.123438 0.568750 0.122656 0.569792 0.120313 0.569792 0.119531 0.569792 0.108594 0.551042 0.107813 0.550000 0.107813 0.548958 0.107031 0.547917 0.108594 0.542708
0 0.102160 0.509479 0.095697 0.511892 0.093887 0.516718 0.096472 0.516718 0.099316 0.523957 0.103453 0.526370 0.106814 0.522233 0.107072 0.520854 0.105780 0.520854 0.106814 0.514994 0.106038 0.512926 0.103970 0.512581
0 0.113536 0.510168 0.109141 0.513271 0.107072 0.518097 0.109141 0.522233 0.111985 0.522923 0.114570 0.521544 0.115863 0.518441 0.115087 0.512926
0 0.118448 0.513615 0.115346 0.516718 0.115604 0.521199 0.118448 0.523612
0 0.111209 0.505687 0.107848 0.505687 0.104487 0.508445 0.104487 0.509134 0.107848 0.510858 0.108882 0.512926 0.113277 0.510168 0.115087 0.513960 0.118965 0.512581 0.118965 0.504997 0.118448 0.506376 0.116380 0.508100 0.113536 0.507066
0 0.101126 0.529472 0.101902 0.533264 0.106297 0.531196 0.108624 0.531196 0.110692 0.532230 0.110175 0.528783 0.108624 0.527059 0.104487 0.526370
0 0.123619 0.473284 0.120258 0.472939 0.115863 0.480523 0.115863 0.482246 0.116897 0.485004 0.116380 0.488106 0.119741 0.488451 0.121033 0.480178
0 0.132668 0.445362 0.129824 0.449843 0.121292 0.480178 0.118190 0.501206 0.117931 0.516718 0.118448 0.528093 0.122068 0.530162 0.126721 0.537056 0.129565 0.546363 0.129565 0.547742 0.131633 0.553258 0.131633 0.554637 0.132926 0.556015 0.136029 0.556705 0.142233 0.550845 0.142233 0.549466 0.153609 0.534643 0.165760 0.511892 0.174809 0.487762 0.179980 0.470526 0.181273 0.468458 0.181273 0.467768 0.177653 0.460529 0.174551 0.456393 0.172999 0.451222 0.170155 0.445017 0.169121 0.437089 0.169121 0.432607 0.166536 0.432262 0.145336 0.442949 0.142233 0.445706 0.142233 0.447085 0.134736 0.446051
0 0.255731 0.475352 0.252887 0.477076 0.251595 0.476386 0.250819 0.475352 0.249785 0.472594 0.246682 0.472594 0.243838 0.474318 0.245907 0.477076 0.244614 0.480867 0.246682 0.486038 0.245907 0.487417 0.248234 0.490864 0.250819 0.486383 0.253921 0.482591 0.255990 0.479144
0 0.259092 0.386071 0.253921 0.383313 0.249526 0.384692 0.248751 0.385381 0.250560 0.387794 0.251336 0.390207 0.253921 0.392620 0.259351 0.389518
0 0.269434 0.378142 0.266073 0.379866 0.265297 0.382623 0.266331 0.385036 0.271502 0.385726 0.273570 0.384692 0.273570 0.381245 0.271502 0.380555
0 0.299165 0.403306 0.293219 0.405030 0.292443 0.406064 0.292185 0.409856 0.303560 0.410201 0.302268 0.407098
0 0.304595 0.408132 0.303560 0.409856 0.303302 0.412614 0.300975 0.412614 0.302009 0.420887 0.299682 0.421576 0.299682 0.422266 0.302268 0.424679 0.304595 0.425713 0.310282 0.426402 0.310541 0.427092 0.310799 0.425713 0.308731 0.422266 0.307697 0.417440 0.308473 0.411924 0.305629 0.410890
0 0.292443 0.439502 0.287014 0.438467 0.286756 0.441570 0.285980 0.444672 0.285980 0.445706 0.287790 0.449843 0.292443 0.453635 0.302268 0.453980 0.303560 0.453290 0.303560 0.452601 0.307697 0.449843 0.304336 0.445706 0.296838 0.446051 0.293219 0.443638
0 0.315712 0.446051 0.312092 0.445017 0.312092 0.449498 0.312609 0.449843 0.313902 0.452601 0.317780 0.453290 0.319073 0.451567 0.319073 0.450877 0.317780 0.448464
0 0.305629 0.434331 0.301751 0.433297 0.298390 0.431573 0.294770 0.436054 0.296321 0.436054 0.291151 0.436744 0.293219 0.440191 0.295287 0.440536 0.296580 0.442949 0.301492 0.440191 0.302526 0.436744 0.303560 0.436744
0 0.307956 0.428815 0.308990 0.434676 0.308990 0.436744 0.312868 0.437433 0.313126 0.440191 0.310799 0.442949 0.306663 0.442949 0.302526 0.445017 0.298907 0.445706 0.295287 0.443293 0.301492 0.439846 0.302009 0.440191 0.302785 0.436054 0.304595 0.436054 0.305629 0.433297 0.304595 0.432262 0.304853 0.427436 0.305629 0.427436
0 0.287531 0.480523 0.283395 0.481902 0.283395 0.486728 0.281326 0.487762 0.283912 0.491554 0.288048 0.492588 0.290116 0.487417 0.289082 0.483280
0 0.258594 0.484375 0.262500 0.485417 0.263281 0.486458 0.268750 0.500000 0.268750 0.501042 0.272656 0.506250 0.273438 0.507292 0.274219 0.510417 0.275000 0.511458 0.277344 0.523958 0.277344 0.525000 0.274219 0.533333 0.273438 0.534375 0.264844 0.534375 0.264062 0.534375 0.260156 0.527083 0.260156 0.526042 0.253125 0.517708 0.252344 0.516667 0.246875 0.503125 0.246094 0.502083 0.248438 0.495833 0.248438 0.494792 0.258594 0.484375
0 0.279687 0.505208 0.285938 0.507292 0.286719 0.508333 0.297656 0.507292 0.298438 0.507292 0.300781 0.511458 0.301563 0.512500 0.299219 0.526042 0.299219 0.527083 0.296875 0.529167 0.296094 0.530208 0.292187 0.530208 0.291406 0.530208 0.287500 0.527083 0.286719 0.527083 0.282813 0.521875 0.282031 0.521875 0.279687 0.517708 0.278906 0.516667 0.278125 0.508333 0.278125 0.507292 0.279687 0.505208
0 0.412500 0.419792 0.414062 0.419792 0.414844 0.419792 0.419531 0.423958 0.420312 0.425000 0.421094 0.432292 0.421875 0.433333 0.421094 0.436458 0.420312 0.437500 0.412500 0.436458 0.411719 0.436458 0.406250 0.429167 0.405469 0.428125 0.405469 0.425000 0.406250 0.423958 0.412500 0.419792
0 0.388281 0.407292 0.389844 0.407292 0.390625 0.407292 0.391406 0.411458 0.392188 0.412500 0.392188 0.423958 0.392188 0.425000 0.389062 0.429167 0.388281 0.430208 0.385937 0.427083 0.385156 0.426042 0.385156 0.414583 0.385156 0.413542 0.388281 0.407292
0 0.405469 0.450000 0.410156 0.451042 0.410938 0.451042 0.410938 0.459375 0.410938 0.460417 0.409375 0.463542 0.408594 0.464583 0.405469 0.464583 0.404687 0.464583 0.403125 0.457292 0.402344 0.456250 0.402344 0.454167 0.402344 0.453125 0.405469 0.450000
0 0.398438 0.509375 0.403125 0.511458 0.403906 0.512500 0.404687 0.525000 0.405469 0.526042 0.404687 0.538542 0.403906 0.539583 0.401562 0.536458 0.400781 0.535417 0.398438 0.528125 0.397656 0.527083 0.396094 0.512500 0.396094 0.511458 0.398438 0.509375
0 0.410938 0.530208 0.414844 0.532292 0.414844 0.533333 0.410156 0.540625 0.410156 0.541667 0.405469 0.541667 0.404687 0.541667 0.403906 0.539583 0.403125 0.538542 0.403906 0.536458 0.403906 0.535417 0.410938 0.530208
0 0.371875 0.428125 0.379688 0.429167 0.380469 0.430208 0.380469 0.433333 0.380469 0.434375 0.378125 0.439583 0.378125 0.440625 0.373437 0.441667 0.372656 0.441667 0.369531 0.438542 0.368750 0.437500 0.367969 0.434375 0.367969 0.433333 0.369531 0.430208 0.369531 0.429167 0.371875 0.428125
0 0.353975 0.496724 0.344151 0.504653 0.342082 0.508100 0.342082 0.516373 0.342599 0.516718 0.346219 0.514994 0.347253 0.510513 0.356819 0.500861 0.357336 0.500861
0 0.400000 0.479167 0.401562 0.480208 0.402344 0.481250 0.402344 0.485417 0.402344 0.486458 0.400000 0.493750 0.399219 0.494792 0.387500 0.503125 0.386719 0.504167 0.381250 0.506227 0.380469 0.502083 0.380469 0.490625 0.381250 0.489583 0.382812 0.488542 0.383594 0.487500 0.392705 0.488864 0.396330 0.485072 0.400000 0.479167
0 0.375692 0.470181 0.369746 0.470181 0.365092 0.474662 0.365092 0.475352 0.362507 0.477076 0.359146 0.471905 0.357077 0.474662 0.355785 0.479144 0.359921 0.485004 0.365609 0.487072 0.364317 0.483280 0.362507 0.480178 0.374399 0.478454 0.378536 0.476041 0.379312 0.476041 0.380087 0.475007 0.381121 0.476041 0.385258 0.477420 0.386292 0.477420 0.387585 0.476386 0.389395 0.476386 0.389395 0.474662 0.385517 0.474662 0.383707 0.470526 0.379312 0.470871
0 0.332516 0.504997 0.323985 0.503963 0.321916 0.507411 0.323468 0.511547 0.324243 0.515339 0.324243 0.517063 0.326829 0.520165 0.330448 0.518786 0.334585 0.512926 0.333551 0.507755
0 0.340531 0.441915 0.335619 0.445017 0.335619 0.446396 0.334585 0.450532 0.329931 0.455358 0.329414 0.464666 0.333809 0.466734 0.335102 0.472939 0.335619 0.473628 0.335619 0.475007 0.337946 0.479144 0.338721 0.479833 0.344926 0.476731 0.344926 0.476041 0.346995 0.474318 0.347253 0.472594 0.348029 0.472594 0.349839 0.469837 0.349321 0.470181 0.347253 0.469837 0.348029 0.467079 0.348546 0.467079 0.349839 0.468458 0.350356 0.470181 0.352424 0.471215 0.352682 0.471905 0.354234 0.469492 0.352682 0.466734 0.352165 0.466734 0.351390 0.464321 0.350873 0.459495 0.349063 0.453980 0.355526 0.459495 0.360956 0.458461 0.361473 0.457427 0.363282 0.448809 0.360697 0.449843 0.360439 0.450532 0.356560 0.452601 0.356043 0.448809 0.356302 0.448119 0.358370 0.446051 0.359146 0.442949 0.359404 0.443983 0.363282 0.444328 0.365092 0.445706 0.365351 0.446396 0.367677 0.446051 0.367419 0.443638 0.366902 0.443638 0.363541 0.440880 0.356560 0.440191 0.355785 0.434331 0.355526 0.435710 0.350614 0.436744 0.348029 0.439846 0.347512 0.445017 0.344926 0.446396 0.344926 0.450877 0.343117 0.450877 0.343117 0.444672
0 0.279775 0.396757 0.278999 0.403306 0.281068 0.403996 0.286756 0.415027 0.288824 0.413993 0.289599 0.407098 0.288307 0.398825 0.285204 0.397791
0 0.436965 0.509134 0.431536 0.509479 0.429209 0.512926 0.428951 0.517063 0.425590 0.517063 0.424814 0.512926 0.422229 0.515339 0.420419 0.515684 0.420419 0.516373 0.422487 0.518441 0.421970 0.524646 0.424297 0.524646 0.431795 0.519476 0.432312 0.519820 0.433863 0.517752 0.434639 0.513615 0.435414 0.511892 0.435931 0.511892
0 0.342341 0.538090 0.336653 0.542227 0.336136 0.544640 0.336653 0.544985 0.336136 0.551189 0.341307 0.550155 0.341824 0.545329 0.342858 0.545674 0.345702 0.543950 0.344409 0.539469
0 0.512500 0.337500 0.516406 0.337500 0.517188 0.337500 0.517969 0.340625 0.518750 0.341667 0.517188 0.350000 0.516406 0.351042 0.507031 0.353125 0.506250 0.353125 0.500781 0.347917 0.500000 0.346875 0.500781 0.341667 0.501563 0.340625 0.512500 0.337500
0 0.495312 0.369792 0.500000 0.369792 0.500781 0.369792 0.503906 0.371875 0.504687 0.372917 0.505469 0.376739 0.505469 0.380193 0.503906 0.382292 0.503906 0.383333 0.502344 0.385417 0.502855 0.388527 0.498690 0.389561 0.496875 0.386458 0.491406 0.391667 0.490625 0.392708 0.483594 0.391667 0.482812 0.391667 0.479687 0.384015 0.478906 0.381250 0.479687 0.379167 0.479687 0.378125 0.487500 0.372917 0.488281 0.371875 0.495312 0.369792
0 0.465625 0.358333 0.476562 0.364583 0.477344 0.364583 0.483594 0.370833 0.484375 0.371875 0.483594 0.373958 0.483594 0.375000 0.479687 0.379167 0.478906 0.380208 0.478906 0.382292 0.478906 0.383333 0.482812 0.390625 0.490310 0.393046 0.490344 0.398928 0.490350 0.401349 0.490614 0.404167 0.489833 0.406932 0.479687 0.407292 0.478906 0.407292 0.475781 0.404167 0.475000 0.403125 0.472656 0.395833 0.472656 0.394792 0.467969 0.386458 0.467187 0.385417 0.463281 0.372917 0.462500 0.371875 0.462500 0.368750 0.461719 0.367708 0.464062 0.360417 0.464062 0.359375 0.465625 0.358333
0 0.537500 0.350000 0.540625 0.350000 0.541406 0.350000 0.546094 0.353125 0.546875 0.353125 0.550000 0.356250 0.550781 0.356250 0.552344 0.360417 0.552344 0.361458 0.547656 0.365625 0.546875 0.366667 0.542188 0.365625 0.541406 0.365625 0.535156 0.356250 0.534375 0.355208 0.537500 0.350000
0 0.537500 0.350000 0.540625 0.350000 0.541406 0.350000 0.549219 0.355208 0.550000 0.355208 0.559375 0.365625 0.560156 0.366667 0.567969 0.366667 0.568750 0.366667 0.571094 0.368750 0.571875 0.368750 0.574219 0.386458 0.574219 0.387500 0.572656 0.389583 0.571875 0.390625 0.564063 0.389583 0.563281 0.389583 0.561719 0.386458 0.561719 0.385417 0.555469 0.377083 0.555469 0.376042 0.551562 0.372917 0.550781 0.372917 0.548438 0.367708 0.547656 0.366667 0.544531 0.366667 0.543750 0.366667 0.541406 0.364583 0.540625 0.364583 0.535937 0.358333 0.535156 0.357292 0.535156 0.353125 0.535156 0.352083 0.537500 0.350000
0 0.532813 0.394792 0.536719 0.396875 0.537500 0.397917 0.536719 0.402083 0.536719 0.403125 0.532813 0.403125 0.532031 0.403125 0.530469 0.397917 0.530469 0.396875 0.532813 0.394792
0 0.541406 0.395833 0.546094 0.397917 0.546875 0.398958 0.546875 0.408333 0.546094 0.409375 0.542188 0.408333 0.541406 0.408333 0.539844 0.405208 0.539062 0.404167 0.539062 0.400000 0.539062 0.398958 0.541406 0.395833
0 0.549219 0.409375 0.553125 0.409375 0.553906 0.410417 0.553125 0.419792 0.552344 0.420833 0.550000 0.418750 0.549219 0.418750 0.549219 0.409375
0 0.587500 0.409375 0.589844 0.411458 0.590625 0.412500 0.588281 0.418750 0.587500 0.419792 0.579688 0.418750 0.578906 0.418750 0.576562 0.415625 0.575781 0.414583 0.577344 0.413542 0.578125 0.412500 0.583594 0.412500 0.584375 0.412500 0.587500 0.409375
0 0.582031 0.426042 0.584375 0.427083 0.585156 0.428125 0.585156 0.435417 0.585156 0.436458 0.578906 0.442708 0.578906 0.443750 0.575781 0.444792 0.575000 0.444792 0.573438 0.440625 0.572656 0.439583 0.572656 0.434375 0.572656 0.433333 0.575000 0.430208 0.575781 0.429167 0.582031 0.426042
0 0.558594 0.437500 0.561719 0.438542 0.562500 0.438542 0.563281 0.442708 0.564063 0.443750 0.563281 0.448958 0.562500 0.450000 0.557813 0.450000 0.557031 0.450000 0.555469 0.447917 0.554688 0.446875 0.554688 0.444792 0.554688 0.443750 0.558594 0.437500
0 0.587500 0.342708 0.589844 0.343750 0.590625 0.343750 0.594531 0.348958 0.595313 0.350000 0.595313 0.352083 0.596094 0.353125 0.596875 0.360417 0.596875 0.361458 0.592187 0.365625 0.591406 0.366667 0.589063 0.365625 0.588281 0.364583 0.586719 0.359375 0.585938 0.358333 0.585938 0.345833 0.585938 0.344792 0.587500 0.342708
0 0.495653 0.419508 0.492809 0.421576 0.492292 0.423300 0.491000 0.424679 0.491000 0.427092 0.491517 0.428815 0.492034 0.428815 0.493068 0.431573 0.495395 0.432952 0.498239 0.431918 0.498239 0.431228 0.499790 0.429505 0.500824 0.427781 0.500824 0.427092 0.501858 0.426402 0.501341 0.426402 0.501341 0.425713 0.500565 0.424679 0.500048 0.420887 0.498756 0.420887 0.498497 0.420197 0.497980 0.420197
0 0.489190 0.427436 0.488414 0.429849 0.485053 0.429849 0.482985 0.431228 0.485053 0.438812 0.487639 0.445017 0.488156 0.445017 0.488156 0.445706 0.490482 0.446396 0.493585 0.445362 0.495395 0.439846 0.495395 0.438123 0.494102 0.434676 0.493326 0.434676 0.493585 0.433297 0.492809 0.429505 0.491258 0.425713
0 0.487380 0.447775 0.482209 0.449843 0.482209 0.450532 0.478590 0.453980 0.477814 0.460184 0.479107 0.462597 0.482985 0.462253 0.486604 0.462942 0.488156 0.456737 0.488931 0.450188
0 0.480658 0.439157 0.477556 0.442259 0.477814 0.444328 0.478331 0.444672 0.479107 0.446741 0.480917 0.448119 0.481434 0.449843 0.485570 0.448119 0.484019 0.444672 0.487121 0.446741 0.487121 0.447430 0.489190 0.445706 0.487121 0.444328 0.486087 0.439846 0.483761 0.436744
0 0.508322 0.425368 0.515044 0.433641 0.515044 0.434676 0.517887 0.441570 0.518146 0.451567 0.515561 0.458806 0.512200 0.460874 0.511941 0.465011 0.507287 0.467768 0.507546 0.471905 0.508063 0.472594 0.504444 0.474662 0.499531 0.478454 0.495395 0.477420 0.491258 0.477076 0.489190 0.474662 0.487639 0.470181 0.486087 0.462597 0.488156 0.456393 0.489190 0.450188 0.490224 0.446741 0.495136 0.444328 0.495395 0.436054 0.497722 0.432262 0.501600 0.427436 0.504185 0.425713
0 0.543482 0.512237 0.548912 0.507066 0.553565 0.508445 0.553824 0.509134 0.554341 0.509134 0.554600 0.510168 0.548136 0.514650 0.545034 0.518097 0.546326 0.513271
0 0.588985 0.447775 0.586658 0.454324 0.592087 0.458806 0.592087 0.459840 0.596224 0.462942 0.596483 0.463632 0.598292 0.464321 0.598551 0.461563 0.596483 0.458806 0.597258 0.453980 0.594931 0.451911 0.594156 0.449843 0.591829 0.449154
0 0.600361 0.446051 0.593897 0.450532 0.597258 0.452601 0.597517 0.454324 0.598809 0.455703 0.599326 0.455703 0.599326 0.456393 0.601653 0.461563 0.603463 0.461219 0.603722 0.461563 0.605273 0.461563 0.607600 0.462253 0.607341 0.456737 0.606566 0.456737 0.606048 0.451911 0.604497 0.449154
0 0.560287 0.417095 0.557702 0.420197 0.554858 0.420887 0.552531 0.422955 0.553307 0.424679 0.554083 0.425713 0.561063 0.430539 0.564424 0.429849 0.563131 0.421576 0.562614 0.421576 0.562356 0.419508 0.561839 0.419163
0 0.622595 0.426058 0.618458 0.430539 0.616907 0.425023 0.612770 0.427436 0.609151 0.426747 0.609668 0.426747 0.610444 0.433297 0.615356 0.433986 0.620268 0.441915 0.620268 0.442604 0.620785 0.442604 0.620785 0.443293 0.626473 0.443638 0.627507 0.440880 0.628024 0.440880 0.630868 0.437433 0.631385 0.437433 0.633712 0.433986 0.631902 0.430539 0.626990 0.428471 0.624922 0.426747
0 0.610961 0.360217 0.624663 0.359528 0.622078 0.353323 0.617941 0.345394 0.617941 0.344705 0.616390 0.343671 0.612253 0.343671 0.611478 0.347118 0.607083 0.349875 0.608117 0.354012 0.608634 0.355391 0.609151 0.355736
0 0.692917 0.359528 0.702483 0.349875 0.706619 0.349875 0.712307 0.348497 0.712824 0.350220 0.712566 0.352633 0.713341 0.357114 0.711014 0.360906 0.709205 0.362975 0.708170 0.360906 0.706102 0.366077 0.702224 0.363664 0.699122 0.362975 0.692917 0.362975 0.691883 0.362285
0 0.681800 0.351254 0.675078 0.350220 0.674819 0.354012 0.670683 0.355046 0.670683 0.358493 0.671200 0.358838 0.676370 0.359528 0.681024 0.361596 0.682317 0.358149 0.681800 0.354701
0 0.703517 0.327814 0.698087 0.328158 0.699122 0.332295 0.704292 0.334363
0 0.646094 0.368750 0.653125 0.371875 0.653906 0.371875 0.666406 0.384375 0.667188 0.385417 0.667188 0.396875 0.667188 0.397917 0.665625 0.407292 0.665625 0.408333 0.663281 0.413542 0.662500 0.414583 0.653125 0.413542 0.652344 0.413542 0.648438 0.416667 0.647656 0.417708 0.645312 0.417708 0.644531 0.417708 0.636719 0.409375 0.635938 0.408333 0.633594 0.386458 0.633594 0.385417 0.635938 0.380208 0.635938 0.379167 0.641406 0.371875 0.642188 0.370833 0.646094 0.368750
0 0.653906 0.429167 0.657031 0.429167 0.657813 0.429167 0.664844 0.442708 0.665625 0.443750 0.665625 0.448958 0.665625 0.450000 0.660156 0.461458 0.660156 0.462500 0.653125 0.468750 0.652344 0.468750 0.650781 0.464583 0.650000 0.463542 0.649219 0.439583 0.649219 0.438542 0.653906 0.429167
0 0.660937 0.488542 0.664844 0.489583 0.665625 0.490625 0.668750 0.501042 0.669531 0.502083 0.668750 0.505208 0.667969 0.506250 0.654687 0.506250 0.653906 0.505208 0.654687 0.500000 0.654687 0.498958 0.660937 0.488542
0 0.657813 0.477083 0.661719 0.480208 0.662500 0.481250 0.661719 0.486458 0.660937 0.487500 0.657031 0.486458 0.656250 0.486458 0.655469 0.483333 0.654687 0.482292 0.654687 0.481250 0.654687 0.480208 0.657813 0.477083
0 0.570370 0.441225 0.567526 0.445362 0.567785 0.450877 0.569853 0.456048 0.570112 0.457771 0.571922 0.458116 0.575024 0.449498 0.576834 0.447430 0.583297 0.447085 0.581229 0.442949 0.579161 0.441225 0.578644 0.443983 0.575024 0.444328 0.572439 0.441570
0 0.613029 0.460529 0.609926 0.460874 0.605531 0.464321 0.604239 0.469147 0.604239 0.472939 0.611219 0.473628 0.615873 0.470871 0.617424 0.465355 0.617424 0.462942 0.614580 0.463287 0.612512 0.464666
0 0.621561 0.456048 0.619492 0.458461 0.616648 0.459150 0.616131 0.464321 0.617166 0.467079 0.617166 0.471905 0.624405 0.471905 0.624405 0.470871 0.623888 0.470526 0.623629 0.465011 0.624663 0.463632 0.622595 0.460874 0.622595 0.459150
0 0.616907 0.487762 0.614063 0.491209 0.614063 0.495001 0.613287 0.495690 0.613287 0.496724 0.617166 0.498793 0.622078 0.499482 0.623629 0.496380 0.623629 0.495346 0.623112 0.495346 0.621819 0.492588 0.620785 0.492932 0.620268 0.488796
0 0.611736 0.503274 0.613287 0.506721 0.613287 0.507411 0.611995 0.509824 0.611736 0.514305 0.613546 0.514650 0.614580 0.510513 0.617424 0.511547 0.618200 0.510858 0.619492 0.505342 0.617424 0.505342 0.615356 0.502240
0 0.634229 0.456048 0.629575 0.458806 0.632678 0.464321 0.629834 0.473628 0.628800 0.479144 0.629058 0.480867 0.631902 0.481902 0.631902 0.474662 0.636039 0.472939 0.636814 0.475352 0.640434 0.473284 0.640951 0.473284 0.641726 0.475352 0.641726 0.471905 0.641209 0.471905 0.640434 0.469492 0.640434 0.465011 0.641209 0.460874 0.640951 0.457082 0.640951 0.457771 0.643019 0.458461 0.642761 0.456048 0.641985 0.455358 0.639658 0.455358 0.636556 0.458461
0 0.638624 0.449843 0.630609 0.449498 0.628024 0.444328 0.624663 0.444328 0.623629 0.449154 0.627248 0.452945 0.628283 0.455014 0.627507 0.458116 0.632419 0.458116 0.634746 0.456737 0.638107 0.457771
0 0.642244 0.442259 0.636556 0.442259 0.634746 0.440536 0.628800 0.441915 0.628024 0.442949 0.627766 0.446396 0.628283 0.447085 0.630868 0.449843 0.636297 0.450188 0.638107 0.447775 0.643536 0.447775 0.645088 0.447085 0.645088 0.442259
0 0.680507 0.423989 0.671717 0.423645 0.667580 0.426402 0.667580 0.427436 0.668873 0.431573 0.670424 0.432607 0.671975 0.436054 0.671975 0.437089 0.676112 0.435020 0.674302 0.433641 0.674302 0.429849 0.681283 0.429160 0.681800 0.427092
0 0.691883 0.367111 0.691883 0.376763 0.691366 0.376763 0.691107 0.379521 0.692141 0.379176 0.697829 0.374350 0.698087 0.370558 0.699380 0.368490 0.699897 0.368490 0.702224 0.372627 0.705327 0.374695 0.705327 0.376763 0.708170 0.372627 0.707912 0.370214 0.703517 0.370214 0.703258 0.366767 0.701707 0.362975 0.697570 0.362975 0.692917 0.364009
0 0.734283 0.344015 0.731180 0.345739 0.730405 0.349186 0.734283 0.351254 0.735575 0.354701 0.732214 0.356080 0.731956 0.356770 0.727819 0.359183 0.731180 0.361596 0.737902 0.361596 0.739453 0.360217 0.743590 0.359528 0.744107 0.346084 0.740488 0.345394 0.740488 0.350220 0.736868 0.350220 0.736351 0.346773
0 0.731180 0.367801 0.735575 0.367111 0.739195 0.367456 0.736868 0.364354 0.736351 0.364354 0.734541 0.362285 0.732473 0.362285 0.730405 0.361596 0.730146 0.364354 0.730405 0.365732
0 0.600878 0.408132 0.597775 0.412269 0.598034 0.418819 0.600878 0.419853 0.601653 0.417095 0.603980 0.417095 0.604239 0.419508 0.605014 0.421576 0.606048 0.421921 0.606566 0.421921 0.608892 0.419853 0.608117 0.414682 0.607600 0.414337 0.606566 0.410890 0.604756 0.409856 0.604497 0.412614 0.602946 0.411924
0 0.556822 0.308490 0.555155 0.311083 0.554599 0.316269 0.554877 0.317751 0.551821 0.316269 0.549598 0.317010 0.548765 0.319603 0.548765 0.323678 0.550709 0.324049 0.550987 0.324790 0.557100 0.324419 0.557933 0.311453
0 0.553210 0.327383 0.555155 0.334051 0.556266 0.337014 0.556822 0.337014 0.557378 0.335533 0.557933 0.329976 0.557378 0.326642
0 0.553210 0.335533 0.550987 0.339608 0.553210 0.342942 0.553488 0.344053 0.551821 0.348128 0.551821 0.350351 0.556266 0.348128 0.559322 0.345905 0.561267 0.345905 0.559600 0.340349 0.555711 0.339978 0.555155 0.337385
0 0.590440 0.315528 0.588218 0.318862 0.588495 0.320344 0.590996 0.321085 0.590996 0.325160 0.591829 0.326642 0.593219 0.327012 0.595164 0.326271 0.595164 0.325531 0.596275 0.324419 0.596275 0.322196 0.597386 0.322196 0.597108 0.319603 0.596553 0.319233 0.596275 0.318122 0.595719 0.318122 0.593496 0.316269
0 0.574881 0.346276 0.569602 0.349610 0.569602 0.361464 0.570158 0.361835 0.570714 0.361835 0.578493 0.356278 0.577382 0.351092 0.573492 0.350721 0.574604 0.350351
0 0.835215 0.337755 0.831326 0.338496 0.831326 0.339237 0.832993 0.352203 0.834104 0.356648 0.834938 0.357389 0.835215 0.365169 0.837438 0.366651 0.837438 0.352944 0.837994 0.352944 0.837716 0.348498 0.838272 0.341830 0.838272 0.338867 0.837716 0.338867
0 0.853275 0.332940 0.846607 0.334051 0.848552 0.341460 0.852164 0.342571 0.853275 0.340349 0.853275 0.337755
0 0.853125 0.343750 0.857812 0.347917 0.858594 0.348958 0.861719 0.356250 0.862500 0.357292 0.862500 0.360417 0.862500 0.361458 0.861719 0.362500 0.860938 0.363542 0.855469 0.364583 0.854688 0.365625 0.843750 0.364583 0.842969 0.364583 0.842969 0.363542 0.842187 0.362500 0.843750 0.359375 0.843750 0.358333 0.849219 0.348958 0.849219 0.347917 0.853125 0.343750
0 0.973437 0.373958 0.977344 0.373958 0.978125 0.373958 0.979688 0.377083 0.980469 0.378125 0.980469 0.387500 0.980469 0.388542 0.978906 0.390625 0.978125 0.391667 0.972656 0.391667 0.971875 0.390625 0.971875 0.379167 0.971875 0.378125 0.973437 0.373958
0 0.795312 0.426042 0.798438 0.428125 0.799219 0.429167 0.803125 0.440625 0.803906 0.441667 0.805469 0.450000 0.806250 0.451042 0.806250 0.455208 0.806250 0.456250 0.803906 0.459375 0.803125 0.460417 0.801562 0.460417 0.800781 0.461458 0.792188 0.460417 0.791406 0.461458 0.790625 0.459375 0.789844 0.458333 0.789844 0.435417 0.789844 0.434375 0.791406 0.431250 0.791406 0.430208 0.795312 0.426042
0 0.753125 0.463542 0.755469 0.463542 0.756250 0.463542 0.761719 0.472917 0.762500 0.473958 0.771875 0.473958 0.772656 0.473958 0.777344 0.471875 0.778125 0.470833 0.782813 0.470833 0.784983 0.471574 0.785990 0.476042 0.786268 0.479306 0.785313 0.481760 0.782031 0.480208 0.774219 0.483333 0.773438 0.484375 0.764844 0.484375 0.764062 0.484375 0.748437 0.480208 0.747656 0.480208 0.745313 0.479167 0.744531 0.478125 0.744531 0.475000 0.744531 0.473958 0.753125 0.463542
0 0.757812 0.438542 0.761719 0.439583 0.762500 0.439583 0.762500 0.443750 0.762500 0.444792 0.759375 0.455208 0.759375 0.456250 0.756250 0.459375 0.755469 0.460417 0.752344 0.461458 0.751563 0.461458 0.750781 0.459375 0.750000 0.458333 0.747656 0.444792 0.747656 0.443750 0.753906 0.441667 0.754687 0.441667 0.757812 0.438542
0 0.825781 0.415625 0.828906 0.416667 0.829688 0.416667 0.835156 0.421875 0.835938 0.422917 0.835938 0.423958 0.835938 0.425000 0.829688 0.431250 0.828906 0.432292 0.825781 0.441667 0.825000 0.441667 0.821875 0.437500 0.821094 0.436458 0.817187 0.436458 0.816406 0.436458 0.813281 0.434375 0.812500 0.434375 0.810937 0.430208 0.810937 0.429167 0.814063 0.423958 0.814844 0.422917 0.825781 0.415625
0 0.840625 0.404167 0.846094 0.406250 0.846875 0.406250 0.848437 0.412500 0.848437 0.413542 0.846094 0.418750 0.845313 0.419792 0.837500 0.420833 0.836719 0.420833 0.835938 0.419792 0.835156 0.419792 0.833594 0.414583 0.832812 0.413542 0.834375 0.409375 0.835156 0.408333 0.840625 0.404167
0 0.855469 0.405208 0.859375 0.406250 0.860156 0.406250 0.863281 0.411458 0.864062 0.412500 0.866406 0.419792 0.865625 0.420833 0.860938 0.420833 0.860156 0.420833 0.853906 0.416667 0.853125 0.415625 0.852344 0.409375 0.852344 0.408333 0.855469 0.405208
0 0.856250 0.365625 0.857812 0.365625 0.858594 0.365625 0.859375 0.372917 0.859375 0.373958 0.856250 0.385417 0.856250 0.386458 0.853125 0.387500 0.852344 0.387500 0.851562 0.373958 0.851562 0.372917 0.856250 0.365625
0 0.848552 0.380357 0.841328 0.380357 0.838272 0.382209 0.833271 0.382209 0.836049 0.387025 0.841050 0.388137 0.842995 0.389618 0.851330 0.388878 0.852164 0.388137 0.852164 0.379246
0 0.846329 0.397028 0.841606 0.399991 0.837716 0.401473 0.837994 0.404066 0.845495 0.405177 0.845495 0.405918 0.850774 0.405918 0.852997 0.407030 0.857442 0.405177 0.853553 0.404436 0.851886 0.401473 0.850219 0.396287 0.849663 0.396287
0 0.821879 0.451113 0.819934 0.464079 0.828825 0.465931 0.829381 0.465190 0.835215 0.466302 0.835493 0.466672 0.834104 0.461115 0.831604 0.458522 0.830770 0.458522 0.829103 0.455559 0.828547 0.455559 0.826880 0.453336 0.826880 0.452595 0.824935 0.450372
0 0.917455 0.371096 0.911621 0.371837 0.911621 0.374800 0.913010 0.381469 0.917455 0.381469 0.918845 0.380728 0.919678 0.374430 0.919122 0.374430
0 0.924124 0.378875 0.921067 0.379246 0.919122 0.380728 0.918567 0.385173 0.919400 0.387396 0.923012 0.387396 0.924679 0.382950 0.924679 0.382209
0 0.930514 0.371837 0.924124 0.372948 0.922734 0.374060 0.923012 0.375912 0.924124 0.377764 0.924401 0.380357 0.926624 0.384803 0.929402 0.381469 0.929958 0.378505
0 0.943294 0.365169 0.932737 0.363687 0.934126 0.368503 0.932737 0.369614 0.932737 0.370355 0.939127 0.374060 0.941350 0.376282 0.944684 0.374060 0.945239 0.372578 0.943294 0.369985
0 0.960798 0.361835 0.957464 0.361835 0.956909 0.364428 0.956353 0.364428 0.953852 0.363687 0.955797 0.361835 0.953574 0.359982 0.947740 0.360353 0.948573 0.364798 0.948851 0.371096 0.949407 0.371096 0.949685 0.372207 0.950240 0.372578 0.951074 0.372578 0.954130 0.369614 0.959409 0.369614 0.956909 0.372578 0.959131 0.372578 0.960798 0.371466 0.962743 0.371096 0.964688 0.368132 0.964688 0.365539 0.965244 0.364057 0.964132 0.362205 0.963577 0.362205
0 0.969133 0.387766 0.958020 0.388878 0.958576 0.394434 0.959131 0.394434 0.959131 0.395175 0.961354 0.397398 0.964688 0.396657 0.965244 0.395916 0.965799 0.395916 0.967466 0.391100 0.968022 0.391100 0.968022 0.390359
0 0.956075 0.387766 0.952463 0.387025 0.949685 0.387025 0.948018 0.392582 0.952463 0.395916 0.956075 0.396287 0.959131 0.391841
0 0.948296 0.394805 0.942739 0.396657 0.942739 0.398139 0.944684 0.407771 0.945517 0.408141 0.948296 0.405177 0.948573 0.399250
0 0.904953 0.408882 0.902452 0.410364 0.897729 0.411475 0.898007 0.414439 0.891339 0.414439 0.887449 0.416661 0.887449 0.420366 0.885226 0.423700 0.891617 0.424441 0.896062 0.420366 0.899118 0.420366 0.900507 0.420736 0.900507 0.421477 0.904397 0.418514 0.903564 0.414068 0.904119 0.414068 0.905786 0.411846
0 0.899118 0.429257 0.895506 0.431109 0.895506 0.431850 0.892728 0.432220 0.893839 0.427775 0.888838 0.426664 0.884671 0.428145 0.882170 0.430368 0.882170 0.431109 0.886615 0.432591 0.886615 0.434443 0.885782 0.438888 0.888560 0.440370 0.889394 0.442222 0.890783 0.442593 0.891061 0.449631 0.892450 0.451484 0.896062 0.451484 0.896062 0.447409 0.895506 0.446668 0.895228 0.440741 0.897729 0.437777 0.901341 0.437777 0.902452 0.436666 0.902174 0.434813 0.900785 0.431850
0 0.989138 0.404807 0.990249 0.410364 0.995806 0.408882 0.998584 0.409252 0.999973 0.407400 1.000000 0.400732 0.995806 0.402584 0.995806 0.403325 0.992750 0.403696 0.991360 0.404436
0 0.959131 0.445186 0.952463 0.445557 0.952185 0.445927 0.952741 0.451854 0.956909 0.455559 0.959687 0.457041 0.960520 0.450372
0 0.932737 0.411105 0.931625 0.407771 0.926068 0.407400 0.925791 0.408882 0.924679 0.409623 0.924957 0.410364
0 0.916900 0.415550 0.913844 0.422959 0.913844 0.424811 0.914399 0.425182 0.914399 0.429998 0.911621 0.431850 0.912177 0.432220 0.911621 0.435925 0.912454 0.437036 0.915788 0.437407 0.916622 0.438888 0.921345 0.439259 0.921345 0.435184 0.922457 0.431479 0.921345 0.429627 0.919122 0.430368 0.917733 0.424070 0.918011 0.418143
0 0.919122 0.454077 0.924401 0.452595 0.925791 0.446297 0.924679 0.442222 0.920234 0.443704 0.919678 0.437777 0.914121 0.438518 0.915233 0.445186 0.915788 0.445186 0.918289 0.450743
0 0.939127 0.460004 0.939127 0.463338 0.938571 0.465931 0.947184 0.464449 0.952463 0.464449 0.953019 0.458522 0.944406 0.459263 0.942183 0.459263 0.941350 0.458522
0 0.954408 0.400732 0.952463 0.404066 0.954408 0.407030 0.955241 0.407400 0.952185 0.408511 0.952463 0.413327 0.958020 0.413327 0.958020 0.411475 0.958576 0.411475 0.966077 0.417032 0.968022 0.414809 0.966911 0.410364 0.963299 0.409252 0.961910 0.406659 0.961354 0.404436
0 0.938015 0.410734 0.936349 0.414068 0.936349 0.414809 0.936904 0.418884 0.937460 0.419254 0.938571 0.421477 0.942183 0.422589 0.948851 0.422589 0.950796 0.418514 0.949685 0.416291 0.944684 0.415180 0.940794 0.415180 0.939960 0.412216
0 0.925791 0.464449 0.922179 0.467043 0.920512 0.472599 0.920512 0.475193 0.928569 0.472599 0.926624 0.469265 0.928013 0.464079
0 0.955519 0.485936 0.955519 0.489270 0.951630 0.489640 0.951630 0.490381 0.949129 0.493345 0.949129 0.495197 0.948296 0.496308 0.948018 0.498901 0.948573 0.499642 0.948573 0.500383 0.950240 0.501495 0.950796 0.503347 0.956353 0.502235 0.958298 0.497790 0.959687 0.493345 0.958020 0.488158
0 0.964688 0.479638 0.959409 0.478527 0.959687 0.481490 0.954686 0.482972 0.951630 0.486677 0.951630 0.487417 0.957742 0.485936 0.959131 0.487417 0.959131 0.489270 0.961354 0.491863 0.970245 0.485936 0.970523 0.481120 0.967466 0.481490 0.966911 0.482602 0.966077 0.482602
0 0.960520 0.460745 0.952463 0.465190 0.952463 0.467413 0.953297 0.471118 0.956075 0.471488 0.958020 0.466672 0.964132 0.467784
0 0.939960 0.508163 0.936904 0.515942 0.935793 0.520017 0.937738 0.522610 0.941350 0.524462 0.943017 0.518535 0.951352 0.521499 0.955241 0.521128 0.956631 0.516313 0.954964 0.513719 0.950240 0.511867 0.948573 0.508533 0.946351 0.509274
0 0.987193 0.497049 0.985248 0.499272 0.984692 0.501865 0.982747 0.502235 0.982747 0.504829 0.982470 0.505199 0.982747 0.506310 0.976635 0.505569 0.977469 0.511126 0.978858 0.511867 0.979691 0.512979 0.986915 0.512979 0.990249 0.505199 0.990805 0.505199 0.991360 0.502235 0.990527 0.500754 0.988582 0.500383
0 0.994972 0.490011 0.990805 0.495938 0.992472 0.500754 0.994417 0.503717 0.999140 0.503347 0.999696 0.505199 0.999696 0.498161 0.998306 0.496308 0.996084 0.496308 0.994694 0.494456 0.995250 0.494456
0 0.961910 0.525944 0.956631 0.537058 0.954964 0.538169 0.971356 0.539281 0.970245 0.533353 0.970245 0.529649 0.964688 0.525574
0 0.959131 0.518906 0.949129 0.524092 0.952463 0.527797 0.952741 0.528908 0.956909 0.530390 0.959965 0.524462 0.963577 0.524462 0.963577 0.521499
0 0.840494 0.451484 0.842161 0.462227 0.842161 0.459263 0.842995 0.468154 0.846607 0.467413 0.847162 0.459634 0.850774 0.459263 0.846885 0.455188 0.842995 0.449631
0 0.860499 0.462968 0.854942 0.467043 0.855775 0.473711 0.854664 0.481120 0.860777 0.481490 0.863833 0.480749 0.860221 0.475563 0.864944 0.471488 0.865778 0.466672 0.864666 0.465561 0.864666 0.466302 0.864111 0.467043 0.861888 0.466672
0 0.841050 0.474822 0.837994 0.478527 0.838272 0.485195 0.838550 0.487417 0.839105 0.488158 0.842717 0.481490 0.844106 0.479638 0.845773 0.478527 0.844662 0.474822
0 0.847718 0.489270 0.849385 0.500013 0.845773 0.503717 0.849663 0.509644 0.853275 0.507422 0.854108 0.503347 0.852441 0.498531 0.851886 0.493715 0.851330 0.493715 0.851330 0.492974
0 0.858832 0.493715 0.852719 0.493715 0.856887 0.499272 0.857998 0.498161
0 0.865500 0.436666 0.861332 0.437777 0.861332 0.438518 0.860221 0.440741 0.860221 0.442963 0.860777 0.443704 0.862166 0.443704 0.862721 0.444445 0.867445 0.444445 0.868000 0.448520 0.873001 0.448520 0.873557 0.447409 0.873279 0.444816 0.872168 0.442963 0.870779 0.442593 0.870501 0.438148 0.868278 0.434813 0.867722 0.434813
0 0.878558 0.472599 0.880225 0.477045 0.884671 0.478527 0.888005 0.477045 0.888005 0.475933 0.886893 0.474452 0.884948 0.473711 0.881337 0.473711 0.881337 0.471488
0 0.876891 0.480008 0.875780 0.482602 0.872724 0.484454 0.872724 0.486677 0.873557 0.488158 0.873557 0.488899 0.874946 0.489640 0.879392 0.489640 0.879670 0.488899 0.880225 0.488899 0.880225 0.487788 0.880781 0.487417 0.888283 0.487417 0.888560 0.486306 0.888005 0.485936 0.888005 0.484824 0.887449 0.484824 0.887449 0.484083 0.884671 0.480749 0.884671 0.480008 0.880503 0.480008 0.879392 0.478897
0 0.870223 0.505199 0.863555 0.504458 0.861054 0.508163 0.865778 0.509274 0.868000 0.509274 0.868000 0.511867 0.868556 0.512238 0.868834 0.513719 0.869390 0.514090 0.873835 0.514090 0.872724 0.510385 0.871334 0.508163
0 0.892172 0.510015 0.881337 0.510015 0.881337 0.517794 0.883559 0.518535 0.885226 0.517053 0.885504 0.517794 0.892172 0.520017 0.892450 0.515572
0 0.901063 0.515201 0.896062 0.513349 0.892172 0.515572 0.891339 0.516683 0.891617 0.520758 0.890505 0.522981 0.890505 0.525944 0.891061 0.525944 0.891061 0.526685 0.897173 0.525944 0.900230 0.524462 0.898007 0.523722 0.901897 0.519276 0.904675 0.517053 0.904675 0.516313
0 0.901063 0.532242 0.904675 0.531501 0.909120 0.531501 0.909954 0.527426 0.910510 0.527426 0.909954 0.521869 0.906898 0.519647 0.909676 0.519647 0.910510 0.518906 0.911343 0.518906 0.913010 0.520017 0.914955 0.520017 0.914121 0.518535 0.913566 0.515942 0.911621 0.516683 0.908565 0.514090 0.904675 0.515201 0.903564 0.520017 0.899674 0.524092 0.899118 0.529649
0 0.853906 0.509375 0.857812 0.509375 0.858594 0.509375 0.876563 0.519792 0.877344 0.519792 0.878906 0.521875 0.879687 0.522917 0.879687 0.529167 0.879687 0.530208 0.878125 0.532292 0.877344 0.533333 0.864844 0.532292 0.864062 0.532292 0.853125 0.522917 0.852344 0.521875 0.852344 0.518750 0.851562 0.517708 0.852344 0.512500 0.852344 0.511458 0.853906 0.509375
0 0.798438 0.470833 0.801562 0.473958 0.802344 0.475000 0.802344 0.485417 0.802344 0.486458 0.807813 0.492708 0.808594 0.492708 0.813281 0.504167 0.814063 0.505208 0.815730 0.508935 0.814618 0.510717 0.812605 0.514884 0.809601 0.521112 0.803125 0.531250 0.801510 0.540071 0.799219 0.546875 0.799219 0.547917 0.780799 0.595833 0.779687 0.596875 0.778560 0.600000 0.775000 0.601042 0.772865 0.602894 0.768750 0.601042 0.766406 0.598958 0.765625 0.598958 0.758594 0.589583 0.757812 0.588542 0.757031 0.585417 0.756250 0.584375 0.754687 0.578125 0.753906 0.577083 0.753906 0.570833 0.753906 0.569792 0.755469 0.563542 0.755469 0.562500 0.758594 0.553125 0.758594 0.552083 0.760938 0.547917 0.761719 0.546875 0.769531 0.526042 0.770312 0.525000 0.773438 0.511458 0.773438 0.510417 0.781250 0.498958 0.782031 0.497917 0.786719 0.493750 0.787500 0.492708 0.788281 0.487500 0.788281 0.486458 0.796875 0.475000 0.797656 0.473958 0.798438 0.470833
0 0.813160 0.474398 0.814844 0.472917 0.815625 0.472917 0.822656 0.478125 0.823438 0.479167 0.824219 0.486458 0.824219 0.487500 0.822656 0.492708 0.821875 0.493750 0.810937 0.491667 0.810156 0.491667 0.804688 0.488542 0.803906 0.487500 0.803906 0.486458 0.803959 0.485046 0.806077 0.478866 0.808855 0.477083 0.810937 0.474769
0 0.728906 0.508333 0.730469 0.509375 0.731250 0.510417 0.732031 0.514583 0.732031 0.515625 0.745313 0.533333 0.746094 0.534375 0.742969 0.554167 0.742969 0.555208 0.735156 0.576042 0.735156 0.577083 0.732812 0.580208 0.732031 0.581250 0.719531 0.564583 0.718750 0.563542 0.714063 0.554167 0.713281 0.553125 0.721875 0.525000 0.721875 0.523958 0.726562 0.512500 0.726562 0.511458 0.728906 0.508333
0 0.755469 0.535417 0.761719 0.537500 0.762500 0.538542 0.762500 0.540625 0.762500 0.541667 0.756250 0.558333 0.755469 0.559375 0.753125 0.571875 0.752344 0.572917 0.754687 0.583333 0.755469 0.584375 0.755469 0.588542 0.756250 0.589583 0.755469 0.592708 0.754687 0.593750 0.754687 0.596875 0.754687 0.597917 0.756250 0.600000 0.757031 0.601042 0.759359 0.602083 0.762467 0.604607 0.748977 0.603936 0.744584 0.603635 0.735156 0.602083 0.734375 0.602083 0.732812 0.601042 0.732031 0.600000 0.732031 0.592708 0.732031 0.591667 0.734375 0.580208 0.734375 0.579167 0.745313 0.552083 0.745313 0.551042 0.755469 0.535417
0 0.758594 0.521875 0.764844 0.522917 0.765625 0.523958 0.766406 0.530208 0.766406 0.531250 0.764062 0.536458 0.763281 0.537500 0.757031 0.535417 0.756250 0.535417 0.754687 0.532292 0.753906 0.531250 0.753906 0.525000 0.753906 0.523958 0.758594 0.521875
0 0.838281 0.585417 0.846875 0.585417 0.847656 0.585417 0.848437 0.591667 0.848437 0.592708 0.832812 0.614583 0.832031 0.615625 0.827344 0.617708 0.826562 0.617708 0.822656 0.608333 0.821875 0.607292 0.821094 0.601042 0.821094 0.600000 0.826562 0.589583 0.827344 0.588542 0.838281 0.585417
0 0.829688 0.569792 0.835938 0.572917 0.836719 0.573958 0.837500 0.579167 0.838281 0.580208 0.837500 0.583333 0.837500 0.584375 0.834375 0.585417 0.833594 0.586458 0.827344 0.585417 0.826562 0.584375 0.825781 0.573958 0.825781 0.572917 0.829688 0.569792
0 0.856250 0.575000 0.858594 0.576042 0.859375 0.576042 0.861719 0.581250 0.862500 0.582292 0.863281 0.592708 0.863281 0.593750 0.860156 0.600000 0.860156 0.601042 0.853125 0.605208 0.852344 0.605208 0.850000 0.597917 0.849219 0.596875 0.849219 0.588542 0.849219 0.587500 0.847656 0.584375 0.847656 0.583333 0.848437 0.579167 0.849219 0.578125 0.851562 0.578125 0.852344 0.578125 0.856250 0.575000
0 0.737500 0.602083 0.745313 0.603125 0.746094 0.603125 0.751563 0.611458 0.751563 0.612500 0.760938 0.625000 0.761719 0.626042 0.771875 0.636458 0.772656 0.636458 0.773438 0.639583 0.773438 0.640625 0.763281 0.640625 0.762500 0.640625 0.758594 0.637500 0.757812 0.636458 0.749219 0.634375 0.748437 0.634375 0.742188 0.629167 0.741406 0.629167 0.737500 0.623958 0.736719 0.622917 0.735156 0.617708 0.734375 0.616667 0.734375 0.607292 0.734375 0.606250 0.737500 0.602083
0 0.965625 0.600000 0.973437 0.600000 0.974219 0.600000 0.998437 0.606250 0.999219 0.606250 0.999219 0.623958 0.999219 0.625000 0.986719 0.629167 0.985938 0.630208 0.978125 0.628125 0.977344 0.628125 0.974219 0.621875 0.973437 0.620833 0.964844 0.612500 0.964063 0.611458 0.960938 0.603125 0.960938 0.602083 0.965625 0.600000
0 0.949129 0.542985 0.943572 0.546689 0.938571 0.559285 0.938015 0.559285 0.935793 0.562248 0.940794 0.563730 0.947462 0.563360 0.952185 0.558914 0.953574 0.554469 0.953574 0.548912 0.950240 0.547430
0 0.985248 0.557062 0.980247 0.557803 0.980247 0.558914 0.976913 0.563360 0.978580 0.568917 0.983581 0.572621 0.986915 0.574473 0.989416 0.570028 0.987471 0.570769 0.986915 0.570398 0.986915 0.566323 0.989416 0.565212 0.990249 0.562989 0.988582 0.558173
0 0.999418 0.537799 0.992472 0.537799 0.992472 0.547430 0.995528 0.551876 0.997751 0.551135 0.998584 0.547430 0.999418 0.547430
0 0.953019 0.531131 0.950240 0.532242 0.944961 0.532983 0.944684 0.535946 0.946073 0.535946 0.949129 0.537058 0.949129 0.543726 0.951352 0.544837 0.952463 0.544467 0.955241 0.540392 0.955519 0.537058 0.952463 0.537058 0.952463 0.534835 0.954964 0.533353
0 0.998584 0.571880 0.995250 0.572621 0.995528 0.578548 0.996639 0.582623 0.995806 0.583735 0.996361 0.585957 0.999418 0.585957 0.999973 0.574844
0 0.790761 0.464079 0.791317 0.467043 0.787983 0.470006 0.786872 0.473340 0.786316 0.480749 0.784371 0.480749 0.786316 0.491122 0.786872 0.491122 0.787705 0.486677 0.794095 0.478897 0.793540 0.477415 0.794373 0.474452 0.794929 0.474452 0.797152 0.471859 0.797985 0.471859 0.801597 0.474822 0.803542 0.471859 0.804098 0.471859 0.805765 0.470377 0.805765 0.469265 0.804653 0.467413 0.801319 0.468895 0.800764 0.468524 0.800764 0.461486 0.791595 0.461115
0 0.809377 0.469636 0.805487 0.471859 0.805209 0.472599 0.805209 0.477045 0.801875 0.479638 0.802153 0.487417 0.804098 0.486677 0.806320 0.478527 0.808543 0.477045 0.809654 0.474081
0 0.764089 0.603739 0.769368 0.600405 0.764367 0.595959 0.763811 0.595959 0.757699 0.590032 0.754365 0.597071 0.761866 0.603368
0 0.794929 0.562619 0.802986 0.580030 0.799374 0.588180 0.798541 0.592996 0.801875 0.596330 0.808543 0.597071 0.809654 0.597441 0.813544 0.600405 0.816878 0.600775 0.818545 0.591514 0.817434 0.573732 0.816323 0.572251 0.815211 0.572251 0.811877 0.569658 0.804098 0.555210 0.801597 0.551135 0.800764 0.551135 0.799930 0.549653
0 0.792428 0.595219 0.792984 0.602257 0.795207 0.606703 0.796596 0.607073 0.799374 0.608925 0.801041 0.608925 0.802153 0.608184 0.802153 0.606703 0.801319 0.603368 0.803820 0.600775 0.802986 0.595589 0.800208 0.595589 0.797707 0.592255
0 0.797707 0.582994 0.793540 0.586328 0.792984 0.586328 0.792984 0.594107 0.795207 0.594848 0.797152 0.588180
0 0.781315 0.597071 0.792151 0.595589 0.792984 0.585587 0.792984 0.578548 0.791873 0.567805 0.782982 0.588921
0 0.712967 0.586328 0.712967 0.590773 0.716301 0.594107 0.722413 0.595219 0.724080 0.593366 0.732138 0.591884 0.732415 0.586698 0.721858 0.585957
0 0.715467 0.596330 0.716023 0.600034 0.721024 0.602257 0.721302 0.602998 0.724080 0.602998 0.723802 0.598553 0.721302 0.596700 0.718246 0.596330
0 0.727970 0.593737 0.728804 0.603739 0.734082 0.608925 0.735749 0.601516 0.732138 0.599664 0.732138 0.597071 0.731026 0.595589
0 0.737972 0.651157 0.734082 0.653379 0.730193 0.659306 0.730193 0.660788 0.729081 0.664122 0.731304 0.664493 0.735472 0.658566 0.738806 0.656343
0 0.784649 0.648934 0.784649 0.651898 0.790206 0.654861 0.798819 0.654491 0.804375 0.651898 0.805765 0.651898 0.813822 0.649675 0.814100 0.648934 0.814655 0.648934 0.815211 0.647452 0.815489 0.644859 0.814933 0.644118 0.809654 0.643748 0.809377 0.644488 0.796040 0.650045 0.788539 0.648934
0 0.742969 0.635417 0.745313 0.636458 0.746094 0.636458 0.749219 0.640625 0.750000 0.641667 0.753125 0.642708 0.753906 0.643750 0.775121 0.642268 0.779236 0.644861 0.778125 0.661458 0.778125 0.662500 0.783872 0.662361 0.786876 0.664954 0.787379 0.670533 0.785937 0.670833 0.790383 0.675880 0.788438 0.676922 0.786598 0.676111 0.785539 0.676042 0.784202 0.679167 0.782813 0.680208 0.783630 0.682893 0.779792 0.686898 0.773820 0.687870 0.768871 0.687500 0.753125 0.676042 0.752344 0.675000 0.739844 0.673958 0.739062 0.673958 0.737500 0.641667 0.737500 0.640625 0.738281 0.638542 0.738281 0.637500 0.742969 0.635417
0 0.953852 0.642266 0.953297 0.647452 0.954686 0.651157 0.956353 0.653009 0.958020 0.649304 0.958853 0.644488
0 0.949129 0.650045 0.949129 0.664493 0.949685 0.668938 0.959409 0.671161 0.958576 0.664493 0.958298 0.658195 0.957464 0.657084 0.956353 0.653009 0.951907 0.648193
0 0.932031 0.651042 0.933594 0.652083 0.934375 0.652083 0.935156 0.656250 0.935156 0.657292 0.938281 0.663542 0.939063 0.664583 0.939844 0.670833 0.940625 0.671875 0.939844 0.678125 0.939063 0.679167 0.935156 0.676042 0.934375 0.675000 0.931250 0.675000 0.930469 0.675000 0.925000 0.684375 0.925000 0.685417 0.922656 0.686458 0.921875 0.686458 0.918750 0.684375 0.917969 0.684375 0.910937 0.677083 0.910156 0.676042 0.911719 0.662500 0.912500 0.661458 0.920312 0.662500 0.921094 0.662500 0.922656 0.660417 0.923438 0.659375 0.926562 0.659375 0.927344 0.659375 0.932031 0.651042
0 0.875224 0.679311 0.885782 0.677459 0.886060 0.673013 0.877725 0.673013 0.873835 0.676718
0 0.985156 0.703125 0.988281 0.703125 0.989062 0.703125 0.991406 0.707292 0.992188 0.708333 0.991406 0.713542 0.991406 0.714583 0.987500 0.722917 0.986719 0.723958 0.983594 0.722917 0.982812 0.722917 0.981250 0.718750 0.980469 0.717708 0.980469 0.711458 0.980469 0.710417 0.982031 0.707292 0.982031 0.706250 0.985156 0.703125
0 0.973437 0.705208 0.977344 0.706250 0.978125 0.706250 0.980469 0.710417 0.980469 0.711458 0.975000 0.725000 0.975000 0.726042 0.969531 0.730208 0.968750 0.730208 0.968750 0.714583 0.968750 0.713542 0.971094 0.708333 0.971094 0.707292 0.973437 0.705208
0 0.907031 0.720833 0.909375 0.721875 0.910156 0.721875 0.912049 0.725000 0.911719 0.726042 0.911320 0.735277 0.908594 0.738542 0.901563 0.736458 0.900781 0.735417 0.901563 0.729167 0.901563 0.728125 0.907031 0.720833
0 0.928125 0.730208 0.939063 0.730208 0.939844 0.730208 0.939844 0.734375 0.939844 0.735417 0.934375 0.738542 0.933594 0.739583 0.928906 0.739583 0.928125 0.739583 0.928125 0.730208
0 0.885938 0.713542 0.887500 0.713542 0.888281 0.713542 0.889062 0.715625 0.889844 0.716667 0.890625 0.727083 0.889844 0.728125 0.888281 0.728125 0.887500 0.728125 0.884375 0.725000 0.883594 0.723958 0.883594 0.718750 0.883594 0.717708 0.885938 0.713542
0 0.885782 0.708576 0.882448 0.707836 0.879392 0.710058 0.878558 0.711170 0.879114 0.715615 0.882448 0.715985 0.882726 0.714874 0.887171 0.711540
0 0.939682 0.621521 0.938293 0.621150 0.935793 0.618927 0.933570 0.623743 0.935237 0.625966 0.935237 0.626707 0.939127 0.624484 0.941072 0.624484 0.941905 0.623743
0 0.896340 0.569658 0.904675 0.564842 0.904675 0.564101 0.901619 0.559655 0.900230 0.553358 0.904675 0.556692 0.903286 0.558914 0.906064 0.564471 0.911343 0.565212 0.919400 0.564842 0.924957 0.566323 0.926624 0.566323 0.932181 0.567805 0.933014 0.569658 0.933570 0.569658 0.934404 0.570769 0.935793 0.571139 0.935515 0.566694 0.934959 0.566694 0.933570 0.564842 0.932459 0.561878 0.927458 0.559285 0.925235 0.556692 0.922734 0.550394 0.919678 0.548171 0.917455 0.548542 0.913010 0.546319 0.908009 0.545949 0.904119 0.544096 0.903286 0.542244 0.890227 0.543726 0.887727 0.545578 0.885226 0.550024 0.885782 0.557803 0.887171 0.558544 0.888283 0.558544 0.890227 0.560767 0.893284 0.562989 0.893561 0.563730 0.894395 0.563730 0.900507 0.562248 0.896618 0.563360
0 0.890505 0.568546 0.888560 0.573362 0.888005 0.576326 0.885782 0.577807 0.887171 0.584846 0.886338 0.588921 0.886060 0.592996 0.889950 0.594107 0.896340 0.598923 0.904119 0.611889 0.908009 0.610407 0.909120 0.610407 0.909120 0.609666 0.916900 0.602628 0.909120 0.598182 0.904397 0.596330 0.903286 0.596330 0.901619 0.595219 0.901619 0.594478 0.900507 0.593366 0.899396 0.585216 0.898840 0.575585 0.898285 0.575214 0.898563 0.570398 0.894951 0.568176
0 0.928569 0.568176 0.924679 0.569287 0.920234 0.567805 0.918289 0.565953 0.914955 0.564842 0.910510 0.564842 0.905786 0.565953 0.904675 0.567435 0.900785 0.567435 0.900230 0.568546 0.898840 0.568917 0.898563 0.569287 0.898563 0.573362 0.900230 0.589662 0.901341 0.596330 0.909954 0.599664 0.911343 0.599664 0.918845 0.603368 0.926346 0.609296 0.934126 0.616334 0.937460 0.620409 0.938015 0.620409 0.942739 0.623743 0.943294 0.630782 0.954686 0.640784 0.959687 0.647452 0.968300 0.660047 0.968300 0.662641 0.967744 0.663752 0.999418 0.665234 0.999418 0.640414 0.991916 0.637079 0.987471 0.635968 0.985526 0.635968 0.981914 0.631152 0.978024 0.627818 0.977191 0.627818 0.972745 0.625596 0.968300 0.620780 0.967744 0.619668 0.967189 0.619668 0.963854 0.617075 0.961354 0.611148 0.960520 0.605962 0.960520 0.600034 0.942461 0.584105 0.932459 0.568917
0 0.950781 0.733333 0.955469 0.734375 0.956250 0.734375 0.964063 0.743750 0.964844 0.744792 0.964844 0.748958 0.964844 0.750000 0.961719 0.757292 0.961719 0.758333 0.954688 0.769792 0.953906 0.770833 0.952344 0.787500 0.952344 0.788542 0.929412 0.794120 0.915295 0.794491 0.912500 0.789583 0.911719 0.788542 0.909375 0.788542 0.908594 0.787500 0.896094 0.788542 0.895312 0.788542 0.883594 0.785417 0.882812 0.784375 0.882031 0.763542 0.882031 0.762500 0.884375 0.735417 0.885156 0.734375 0.891406 0.734375 0.892188 0.734375 0.901563 0.737500 0.902344 0.738542 0.916406 0.739583 0.917188 0.740625 0.932031 0.740625 0.932813 0.740625 0.950781 0.733333
0 0.993750 0.747917 0.998437 0.747917 0.999219 0.747917 0.999219 0.770833 0.999219 0.771875 0.996094 0.770833 0.995313 0.770833 0.992188 0.765625 0.991406 0.764583 0.989062 0.763542 0.988281 0.762500 0.988281 0.759375 0.987500 0.758333 0.991406 0.751042 0.991406 0.750000 0.993750 0.747917
0 0.954688 0.800000 0.958594 0.801042 0.959375 0.802083 0.959375 0.809375 0.959375 0.810417 0.949219 0.815625 0.948438 0.816667 0.944531 0.816667 0.943750 0.816667 0.942969 0.815625 0.942187 0.814583 0.942969 0.809375 0.942969 0.808333 0.946094 0.804167 0.946875 0.803125 0.954688 0.800000
0 0.961719 0.836458 0.964844 0.837500 0.965625 0.837500 0.969531 0.843750 0.970313 0.844792 0.974219 0.847917 0.975000 0.848958 0.976562 0.854167 0.977344 0.855208 0.977344 0.861458 0.977344 0.862500 0.975781 0.864583 0.975000 0.865625 0.971875 0.865625 0.971094 0.866667 0.946094 0.865625 0.945312 0.865625 0.946094 0.860417 0.946094 0.859375 0.953125 0.846875 0.953125 0.845833 0.961719 0.836458
0 0.783594 0.703125 0.810156 0.705208 0.810937 0.705208 0.831250 0.711458 0.832031 0.711458 0.838281 0.717708 0.839063 0.718750 0.839063 0.720833 0.839063 0.721875 0.837500 0.723958 0.837500 0.725000 0.814098 0.765277 0.808594 0.773357 0.807361 0.778055 0.807917 0.780208 0.807518 0.784815 0.803125 0.784375 0.796875 0.787500 0.796094 0.787500 0.788281 0.796875 0.787500 0.797917 0.785156 0.797917 0.784375 0.797917 0.783594 0.793750 0.782813 0.792708 0.780469 0.773958 0.779687 0.772917 0.779687 0.758333 0.779687 0.757292 0.775781 0.752083 0.775000 0.751042 0.775000 0.745833 0.774219 0.744792 0.774219 0.737500 0.774219 0.736458 0.776563 0.729167 0.777344 0.728125 0.782031 0.706250 0.782031 0.705208 0.783594 0.703125
0 0.752344 0.732292 0.764062 0.733333 0.764844 0.733333 0.771094 0.737500 0.771875 0.738542 0.776563 0.760417 0.777344 0.761458 0.775781 0.765625 0.775000 0.766667 0.774219 0.780208 0.773438 0.781250 0.767969 0.781250 0.767188 0.781250 0.748437 0.765625 0.747656 0.765625 0.741406 0.758333 0.740625 0.757292 0.737500 0.750000 0.736719 0.748958 0.732812 0.746875 0.732031 0.745833 0.732031 0.741667 0.732031 0.740625 0.733594 0.739583 0.734375 0.738542 0.752344 0.732292
0 0.725781 0.694792 0.728906 0.694792 0.729688 0.694792 0.735938 0.698958 0.736719 0.698958 0.750000 0.717708 0.750781 0.718750 0.755469 0.728125 0.756250 0.729167 0.756250 0.730208 0.755469 0.731250 0.752344 0.731250 0.751563 0.731250 0.737500 0.736458 0.736719 0.736458 0.731250 0.741667 0.730469 0.742708 0.730469 0.750000 0.730469 0.751042 0.732812 0.761458 0.732812 0.762500 0.728906 0.762500 0.728125 0.762500 0.721094 0.757292 0.720313 0.756250 0.717187 0.748958 0.716406 0.747917 0.714063 0.734375 0.713281 0.733333 0.713281 0.723958 0.713281 0.722917 0.714844 0.717708 0.714844 0.716667 0.721094 0.702083 0.721094 0.701042 0.725781 0.694792
0 0.715625 0.756250 0.717187 0.757292 0.717969 0.758333 0.718750 0.763542 0.718750 0.764583 0.717187 0.767708 0.716406 0.768750 0.715625 0.778125 0.715625 0.779167 0.714063 0.782292 0.714063 0.783333 0.710938 0.787500 0.710938 0.788542 0.708594 0.789583 0.707812 0.790625 0.697656 0.788542 0.696875 0.788542 0.695312 0.782292 0.695312 0.781250 0.697656 0.778125 0.698438 0.777083 0.698438 0.775000 0.698438 0.773958 0.695312 0.768750 0.695312 0.767708 0.704688 0.762500 0.705469 0.762500 0.710156 0.758333 0.710938 0.757292 0.715625 0.756250
0 0.746875 0.819792 0.750000 0.819792 0.750781 0.819792 0.751563 0.822917 0.752344 0.823958 0.751563 0.828125 0.750781 0.829167 0.750781 0.840625 0.750781 0.841667 0.749219 0.843750 0.748437 0.844792 0.743750 0.844792 0.742969 0.844792 0.742188 0.838542 0.742188 0.837500 0.743750 0.825000 0.743750 0.823958 0.746875 0.819792
0 0.780469 0.821875 0.783594 0.821875 0.784375 0.821875 0.786719 0.823958 0.787500 0.823958 0.796094 0.833333 0.796875 0.833333 0.797656 0.835417 0.798438 0.836458 0.797656 0.844792 0.796875 0.845833 0.792969 0.846875 0.792188 0.846875 0.779687 0.840625 0.778906 0.839583 0.778906 0.826042 0.778906 0.825000 0.780469 0.821875
0 0.819531 0.838542 0.823438 0.838542 0.824219 0.838542 0.827344 0.840625 0.828125 0.840625 0.829688 0.842708 0.830469 0.843750 0.831250 0.848958 0.831250 0.850000 0.830469 0.851042 0.829688 0.852083 0.826562 0.852083 0.825781 0.852083 0.817969 0.848958 0.817187 0.848958 0.815625 0.845833 0.815625 0.844792 0.816406 0.842708 0.816406 0.841667 0.819531 0.838542
0 0.838281 0.843750 0.840625 0.844792 0.841406 0.845833 0.841406 0.851042 0.841406 0.852083 0.839844 0.856250 0.839844 0.857292 0.837500 0.860417 0.836719 0.861458 0.835156 0.861458 0.834375 0.862500 0.828125 0.861458 0.827344 0.861458 0.827344 0.856250 0.827344 0.855208 0.832031 0.852083 0.832812 0.852083 0.838281 0.843750
0 0.900000 0.829167 0.906250 0.842708 0.907031 0.843750 0.906250 0.852083 0.905469 0.853125 0.902344 0.853125 0.901563 0.853125 0.895312 0.846875 0.894531 0.845833 0.895312 0.840625 0.895312 0.839583 0.900000 0.829167
0 0.871334 0.741547 0.869667 0.744881 0.862166 0.747474 0.866889 0.751178 0.871612 0.752660 0.871334 0.756365 0.878003 0.756735 0.878003 0.757476 0.878836 0.757846 0.879392 0.752660 0.878003 0.748956 0.876891 0.743028 0.874391 0.743028
0 0.864666 0.755994 0.871890 0.763774 0.873279 0.769701 0.874946 0.769701 0.875780 0.764885 0.883004 0.760069 0.881059 0.756735 0.878558 0.758958 0.876335 0.761921 0.872168 0.758587 0.870501 0.755994 0.868278 0.754142 0.866611 0.754512
0 0.914677 0.795262 0.911065 0.800819 0.912454 0.802671 0.917733 0.802671 0.924957 0.803782 0.929402 0.803782 0.935793 0.806005 0.935793 0.806746 0.942461 0.809709 0.946906 0.803041 0.946351 0.800448 0.939682 0.800819 0.935237 0.796373 0.929125 0.794891 0.922457 0.794891
0 0.983859 0.840086 0.976357 0.840457 0.971912 0.836382 0.968300 0.838605 0.967466 0.841939 0.975524 0.849348 0.982192 0.848607 0.986081 0.845273 0.986081 0.840827
0 1.000000 0.840827 0.995250 0.841568 0.996639 0.844902 0.995806 0.848977 0.995250 0.850089 0.990805 0.852311 0.989693 0.854534 0.989693 0.855275 0.988582 0.856757 0.988304 0.860832 0.989693 0.863795 0.990249 0.864166 0.990527 0.866018 0.995250 0.866759 0.995806 0.862313 0.993027 0.861572 0.993027 0.856386 0.993583 0.857498 0.997195 0.859350 0.997473 0.860091 0.999418 0.860091 0.999696 0.856386 0.997473 0.854534 0.995250 0.854534 1.000000 0.848607
0 0.928291 0.859720 0.919122 0.859350 0.917455 0.860832 0.917178 0.867500 0.931903 0.866388
0 0.898840 0.799707 0.898007 0.802300 0.893561 0.808228 0.900507 0.811932 0.903008 0.811191 0.903564 0.807487 0.904397 0.807487 0.905508 0.805264 0.905508 0.804523 0.904675 0.800448 0.902452 0.798596 0.901897 0.798596
0 0.914399 0.820823 0.911343 0.819341 0.910510 0.818230 0.908565 0.818971 0.906898 0.821193 0.903564 0.822675 0.908009 0.826750 0.911899 0.826380 0.913566 0.824527
0 0.901897 0.813414 0.899118 0.817859 0.898563 0.827861 0.899118 0.832677 0.900230 0.831196 0.902730 0.835641 0.901063 0.820823 0.903564 0.819341 0.906620 0.819341 0.912177 0.817118 0.908009 0.815266 0.906898 0.813414 0.906342 0.813414
0 0.883281 0.817118 0.880503 0.816377 0.879114 0.818230 0.879114 0.819712 0.879670 0.820823 0.879670 0.821934 0.880225 0.822675 0.880225 0.829714 0.881059 0.831196 0.881059 0.835641 0.881614 0.836382 0.881614 0.837123 0.882448 0.837123 0.883837 0.838234 0.883559 0.838605 0.878280 0.838234 0.877725 0.839346 0.878003 0.843050 0.880225 0.842680 0.881059 0.841568 0.881059 0.840457 0.883004 0.840457 0.884671 0.842309 0.884671 0.843050 0.885504 0.844161 0.886338 0.846754 0.887727 0.847125 0.888283 0.846384 0.889116 0.846384 0.889116 0.845643 0.890505 0.845643 0.891339 0.842680 0.893006 0.840457 0.893006 0.839716 0.892450 0.839346 0.892450 0.837493 0.891061 0.835641 0.889672 0.835271 0.889672 0.834530 0.889116 0.834530 0.888005 0.832307 0.888005 0.824527 0.885782 0.824527 0.884948 0.823416 0.884948 0.819341
0 0.890227 0.812303 0.884948 0.813784 0.884948 0.814896 0.887171 0.817489 0.889394 0.824157 0.889950 0.824157 0.890227 0.825268 0.892728 0.826750 0.894395 0.826750 0.895228 0.825268 0.892450 0.822305 0.891894 0.816377 0.891339 0.815637
0 0.893284 0.807487 0.882448 0.804523 0.878558 0.804894 0.877447 0.818600 0.881059 0.820453 0.884671 0.819341 0.886893 0.826750 0.890227 0.827491 0.890783 0.830455 0.898007 0.829343 0.899118 0.828232 0.897729 0.820823 0.898007 0.817118 0.895784 0.812303 0.895784 0.811191
0 0.870223 0.816377 0.871057 0.824898 0.874668 0.823416 0.878280 0.828232 0.878280 0.828973 0.880503 0.831196 0.880225 0.822305 0.878836 0.819341 0.874946 0.819341 0.874946 0.818600 0.873279 0.817118 0.872724 0.817118
0 0.843551 0.801189 0.838827 0.801189 0.837994 0.801930 0.837160 0.807116 0.843551 0.807116 0.847996 0.806005 0.848274 0.803041 0.845773 0.801559
0 0.837438 0.780073 0.831326 0.780814 0.832715 0.786001 0.838550 0.786741 0.839383 0.788223 0.840217 0.787853 0.840772 0.784148 0.837716 0.783037
0 0.854108 0.779703 0.851886 0.780073 0.850774 0.781926 0.850497 0.789335 0.849663 0.790076 0.849663 0.791928 0.849107 0.792669 0.849107 0.794151 0.850219 0.797855 0.851608 0.797855 0.855220 0.795632 0.855498 0.794521 0.856331 0.793780 0.856331 0.793039 0.857165 0.792298 0.857720 0.788594 0.855220 0.785260 0.854942 0.784519 0.855220 0.782296
0 0.808543 0.822305 0.805487 0.825268 0.802986 0.825268 0.801875 0.826380 0.801875 0.827861 0.801041 0.831196 0.805487 0.833048 0.808543 0.833418
0 0.800764 0.814155 0.796596 0.814896 0.789928 0.818971 0.790484 0.825268 0.796318 0.825268 0.798541 0.822305 0.795207 0.820453 0.799374 0.818600 0.799652 0.818971 0.801875 0.817118
0 0.802708 0.859350 0.804375 0.863795 0.804653 0.863425 0.806042 0.866759 0.812988 0.866759 0.811599 0.863425 0.806042 0.858238
0 0.817990 0.784519 0.812433 0.784889 0.811599 0.786371 0.811599 0.787482 0.813266 0.787853 0.814378 0.789335 0.815211 0.789705 0.819934 0.789705 0.819934 0.787112 0.819657 0.786741
0 0.766312 0.788964 0.763533 0.790446 0.763533 0.791187 0.762700 0.791928 0.761033 0.792298 0.760755 0.793039 0.758810 0.793410 0.758810 0.794151 0.757421 0.794891 0.756032 0.797485 0.756865 0.797855 0.757699 0.799337 0.758532 0.799337 0.758532 0.800078 0.760199 0.802300 0.760755 0.802300 0.760755 0.803041 0.762144 0.804153 0.763811 0.804523 0.763811 0.805264 0.766034 0.805264 0.766312 0.803782 0.767423 0.803782 0.768257 0.805264 0.767979 0.807116 0.767423 0.807116 0.767145 0.809339 0.767423 0.811191 0.768257 0.811191 0.768812 0.811932 0.771313 0.810450 0.771313 0.807857 0.772146 0.805264 0.773813 0.804523 0.774091 0.803782 0.777147 0.803412 0.778537 0.802300 0.779370 0.802300 0.780481 0.801189 0.780481 0.799707 0.777703 0.799707 0.777425 0.800078 0.776036 0.799707 0.776314 0.796744 0.778259 0.796003 0.778537 0.794891 0.778259 0.792298 0.777703 0.792298 0.777425 0.790816 0.776314 0.790816 0.774369 0.791928 0.773535 0.793410 0.772980 0.793410 0.772424 0.794151 0.771313 0.794151 0.771868 0.792298 0.771868 0.787482 0.771313 0.787482 0.771313 0.786741 0.768534 0.787112
0 0.728804 0.806746 0.732693 0.814155 0.737694 0.816377 0.743807 0.816377 0.744640 0.817118 0.746030 0.817118 0.749641 0.818971 0.755476 0.820082 0.755754 0.820453 0.753531 0.821564 0.754365 0.824157 0.756310 0.824527 0.761033 0.823416 0.757421 0.817859 0.761033 0.818230 0.764645 0.816377 0.764923 0.813414 0.758254 0.812673 0.749364 0.813414 0.748530 0.808598 0.744640 0.806746 0.744085 0.809339 0.739361 0.808598 0.737694 0.805264 0.734360 0.805264
0 0.726303 0.834900 0.728248 0.841198 0.736027 0.842680 0.736305 0.840086 0.733249 0.835641 0.732971 0.834159 0.729081 0.833418
0 0.723525 0.817118 0.726581 0.822675 0.729637 0.822305 0.732971 0.817118 0.732971 0.816377 0.729637 0.814155 0.725747 0.814155
0 0.699219 0.838542 0.701562 0.838542 0.702344 0.838542 0.708594 0.843750 0.709375 0.843750 0.710938 0.845833 0.711719 0.846875 0.710938 0.850000 0.710156 0.851042 0.700781 0.857292 0.700000 0.857292 0.696094 0.861458 0.695312 0.862500 0.689844 0.864583 0.689063 0.865625 0.683594 0.865625 0.682813 0.865625 0.678125 0.861458 0.677344 0.860417 0.675781 0.856250 0.675781 0.855208 0.683594 0.852083 0.684375 0.852083 0.690625 0.844792 0.691406 0.843750 0.699219 0.838542
0 0.646094 0.813542 0.648438 0.813542 0.649219 0.813542 0.654687 0.816667 0.655469 0.817708 0.660156 0.818750 0.660937 0.819792 0.661719 0.829167 0.661719 0.830208 0.660156 0.833333 0.659375 0.834375 0.659375 0.838542 0.658594 0.839583 0.650000 0.829167 0.649219 0.828125 0.646875 0.819792 0.646094 0.818750 0.646094 0.813542
0 0.537500 0.831250 0.542969 0.832292 0.543750 0.833333 0.544531 0.836458 0.544531 0.837500 0.548438 0.842708 0.549219 0.843750 0.550781 0.852083 0.550000 0.853125 0.546094 0.855208 0.545312 0.856250 0.540625 0.855208 0.539844 0.854167 0.535156 0.837500 0.534375 0.836458 0.534375 0.834375 0.534375 0.833333 0.537500 0.831250
0 0.481250 0.847917 0.488281 0.850000 0.489063 0.850000 0.491406 0.852083 0.492188 0.852083 0.494531 0.855208 0.495312 0.856250 0.495312 0.864583 0.495312 0.865625 0.468750 0.865625 0.467969 0.865625 0.467187 0.862500 0.467187 0.861458 0.469531 0.857292 0.469531 0.856250 0.472656 0.852083 0.473438 0.851042 0.481250 0.847917
0 0.450000 0.820833 0.453125 0.820833 0.453906 0.820833 0.458594 0.823958 0.459375 0.823958 0.461719 0.827083 0.462500 0.827083 0.469531 0.839583 0.470313 0.840625 0.471875 0.845833 0.472656 0.846875 0.472656 0.851042 0.472656 0.852083 0.467187 0.861458 0.467187 0.862500 0.464062 0.864583 0.463281 0.865625 0.428125 0.865625 0.427344 0.865625 0.428125 0.860417 0.428125 0.859375 0.439844 0.842708 0.440625 0.841667 0.445312 0.832292 0.446094 0.831250 0.447656 0.825000 0.447656 0.823958 0.450000 0.820833
0 0.435156 0.804167 0.441406 0.811458 0.442188 0.812500 0.455469 0.813542 0.456250 0.813542 0.466406 0.819792 0.467187 0.819792 0.467969 0.823958 0.467969 0.825000 0.466406 0.827083 0.465625 0.828125 0.464062 0.828125 0.463281 0.828125 0.456250 0.822917 0.455469 0.821875 0.450781 0.821875 0.450000 0.821875 0.448437 0.823958 0.447656 0.825000 0.444531 0.825000 0.443750 0.825000 0.432812 0.816667 0.432031 0.815625 0.431250 0.809375 0.431250 0.808333 0.435156 0.804167
0 0.489063 0.751042 0.492969 0.752083 0.493750 0.752083 0.496875 0.760417 0.496875 0.761458 0.505469 0.772917 0.506250 0.773958 0.507031 0.778125 0.507031 0.779167 0.503906 0.780208 0.503125 0.780208 0.500000 0.785417 0.499219 0.786458 0.494531 0.786458 0.493750 0.786458 0.484375 0.778125 0.483594 0.778125 0.482812 0.776042 0.482031 0.775000 0.481250 0.762500 0.481250 0.761458 0.484375 0.756250 0.484375 0.755208 0.489063 0.751042
0 0.473438 0.695833 0.480469 0.697917 0.481250 0.697917 0.489844 0.704167 0.490625 0.705208 0.500000 0.726042 0.500781 0.727083 0.500000 0.733333 0.500000 0.734375 0.497656 0.735417 0.496875 0.735417 0.488281 0.731250 0.487500 0.730208 0.481250 0.729167 0.480469 0.729167 0.472656 0.722917 0.471875 0.722917 0.468750 0.702083 0.468750 0.701042 0.473438 0.695833
0 0.439063 0.632292 0.444531 0.633333 0.445312 0.634375 0.447656 0.641667 0.447656 0.642708 0.453125 0.652083 0.453906 0.653125 0.464844 0.678125 0.464844 0.679167 0.471094 0.689583 0.471875 0.690625 0.472656 0.694792 0.472656 0.695833 0.470313 0.698958 0.469531 0.700000 0.458594 0.701042 0.457813 0.701042 0.455469 0.698958 0.454688 0.698958 0.449219 0.684375 0.448437 0.683333 0.447656 0.676042 0.447656 0.675000 0.446094 0.671875 0.446094 0.670833 0.439844 0.659375 0.439844 0.658333 0.434375 0.651042 0.433594 0.650000 0.430469 0.647917 0.429688 0.646875 0.428906 0.643750 0.428906 0.642708 0.439063 0.632292
0 0.457813 0.702083 0.462500 0.702083 0.463281 0.702083 0.467969 0.704167 0.468750 0.705208 0.469531 0.709375 0.470313 0.710417 0.470313 0.722917 0.470313 0.723958 0.468750 0.727083 0.467969 0.728125 0.464062 0.728125 0.463281 0.728125 0.459375 0.719792 0.459375 0.718750 0.456250 0.715625 0.455469 0.714583 0.454688 0.709375 0.454688 0.708333 0.455469 0.705208 0.455469 0.704167 0.457813 0.702083
0 0.434375 0.696875 0.435937 0.696875 0.436719 0.696875 0.442188 0.702083 0.442969 0.703125 0.450000 0.706250 0.450781 0.706250 0.453906 0.712500 0.453906 0.713542 0.459375 0.720833 0.460156 0.721875 0.458594 0.745833 0.458594 0.746875 0.451562 0.757292 0.450781 0.758333 0.447656 0.758333 0.446875 0.758333 0.439063 0.754167 0.438281 0.753125 0.428125 0.751042 0.427344 0.751042 0.426563 0.723958 0.426563 0.722917 0.429688 0.713542 0.430469 0.712500 0.430469 0.706250 0.430469 0.705208 0.434375 0.696875
0 0.460156 0.731250 0.461719 0.731250 0.462500 0.731250 0.464844 0.734375 0.465625 0.735417 0.469531 0.745833 0.470313 0.746875 0.471094 0.755208 0.471094 0.756250 0.466406 0.763542 0.465625 0.764583 0.451562 0.767708 0.450781 0.767708 0.449219 0.761458 0.449219 0.760417 0.457813 0.747917 0.458594 0.746875 0.458594 0.737500 0.458594 0.736458 0.460156 0.731250
0 0.642188 0.640625 0.644531 0.641667 0.645312 0.641667 0.646875 0.645833 0.646875 0.646875 0.642969 0.656250 0.642188 0.657292 0.641406 0.662500 0.641406 0.663542 0.632031 0.681250 0.632031 0.682292 0.628906 0.686458 0.628125 0.687500 0.624219 0.688542 0.623437 0.689583 0.622656 0.688542 0.621875 0.687500 0.621094 0.675000 0.621094 0.673958 0.622656 0.666667 0.622656 0.665625 0.626563 0.656250 0.626563 0.655208 0.632812 0.645833 0.633594 0.644792 0.642188 0.640625
0 0.613281 0.653125 0.614844 0.653125 0.615625 0.653125 0.621094 0.658333 0.621875 0.658333 0.621875 0.664583 0.621094 0.665625 0.610156 0.665625 0.609375 0.664583 0.610938 0.658333 0.610938 0.657292 0.613281 0.653125
0 0.617188 0.715625 0.621094 0.716667 0.621875 0.716667 0.623437 0.718750 0.624219 0.719792 0.624219 0.725000 0.624219 0.726042 0.621875 0.731250 0.621094 0.732292 0.612500 0.737500 0.611719 0.737500 0.609375 0.733333 0.608594 0.732292 0.608594 0.727083 0.608594 0.726042 0.611719 0.719792 0.612500 0.718750 0.617188 0.715625
0 0.582031 0.731250 0.585938 0.732292 0.586719 0.732292 0.587500 0.736458 0.587500 0.737500 0.584375 0.744792 0.583594 0.745833 0.582031 0.746875 0.581250 0.747917 0.578125 0.747917 0.577344 0.747917 0.575000 0.745833 0.574219 0.744792 0.574219 0.741667 0.574219 0.740625 0.578906 0.733333 0.579688 0.732292 0.582031 0.731250
0 0.571094 0.767708 0.575000 0.768750 0.575781 0.768750 0.575781 0.772917 0.575781 0.773958 0.569531 0.780208 0.568750 0.781250 0.561719 0.781250 0.560937 0.781250 0.560156 0.779167 0.559375 0.778125 0.560937 0.775000 0.560937 0.773958 0.571094 0.767708
0 0.454688 0.788542 0.461719 0.788542 0.461719 0.789583 0.460938 0.791667 0.460938 0.792708 0.457813 0.795833 0.457031 0.795833 0.453125 0.802083 0.452344 0.802083 0.451562 0.801042 0.450781 0.800000 0.450781 0.795833 0.450781 0.794792 0.452344 0.791667 0.452344 0.790625 0.454688 0.788542
0 0.496094 0.826042 0.499219 0.826042 0.500000 0.826042 0.502344 0.828125 0.503125 0.829167 0.503125 0.834375 0.503125 0.835417 0.500781 0.842708 0.500000 0.843750 0.499219 0.855208 0.498437 0.856250 0.482031 0.845833 0.481250 0.844792 0.481250 0.840625 0.481250 0.839583 0.483594 0.836458 0.484375 0.835417 0.482812 0.830208 0.483594 0.829167 0.489063 0.829167 0.489844 0.829167 0.496094 0.826042
0 0.632605 0.814941 0.624898 0.817818 0.626439 0.823573 0.630755 0.827272 0.634455 0.825217
0 0.605476 0.835904 0.622123 0.835082 0.617807 0.840837 0.614724 0.844125 0.607942 0.844536 0.606400 0.839604 0.600543 0.838782 0.598077 0.837138 0.598077 0.833849 0.599618 0.831383 0.602084 0.830561 0.603626 0.830561 0.605167 0.832205
0 0.568789 0.835493 0.563548 0.837138 0.561390 0.837138 0.560465 0.845359 0.564473 0.847825 0.566015 0.847414 0.568173 0.850291 0.573105 0.849469 0.573105 0.846592 0.570639 0.843303 0.571872 0.839193
0 0.590986 0.841659 0.584204 0.842070 0.583587 0.841659 0.583279 0.839604 0.579271 0.839193 0.579271 0.840015 0.578346 0.840426 0.578346 0.841248 0.576496 0.842892 0.574647 0.845359 0.574647 0.847003 0.574030 0.847003 0.573722 0.850291 0.578963 0.849880 0.579579 0.850291 0.579579 0.851113 0.581429 0.853580 0.582662 0.853580 0.583279 0.852757 0.583587 0.849880 0.582970 0.848236 0.582354 0.848236 0.582354 0.847414 0.586978 0.848236 0.586053 0.849058 0.586053 0.850291 0.585437 0.850291 0.584512 0.851524 0.589445 0.851524 0.589445 0.850702 0.590678 0.850702 0.592527 0.849058 0.593452 0.846592 0.593452 0.844947 0.589753 0.844947
0 0.532103 0.859745 0.532719 0.863034 0.540118 0.865089 0.541043 0.861801 0.541660 0.861801 0.544126 0.858512 0.544743 0.856457 0.543818 0.856457 0.540118 0.854402 0.535802 0.858923
0 0.572797 0.805075 0.567248 0.804664 0.564473 0.809597 0.564473 0.810830 0.563856 0.811652 0.575880 0.812885
0 0.568481 0.788633 0.566015 0.791922 0.563548 0.791922 0.561082 0.793977 0.560774 0.796854 0.564165 0.798499 0.567556 0.798499 0.569714 0.792333
0 0.587595 0.777124 0.582662 0.780823 0.587903 0.787400 0.590678 0.787400 0.593144 0.782879 0.593144 0.776713
0 0.595919 0.795210 0.593452 0.797677 0.601160 0.806309 0.601776 0.806309 0.603009 0.803020 0.603009 0.795210 0.601468 0.794388
0 0.627672 0.797677 0.623973 0.802609 0.619657 0.802609 0.617191 0.806720 0.616266 0.810008 0.615341 0.811241 0.616882 0.817407 0.619965 0.820695 0.615341 0.819051 0.612258 0.818640 0.611025 0.822340 0.610408 0.822340 0.610408 0.824395 0.609792 0.824806 0.609792 0.825628 0.605476 0.830150 0.611641 0.830561 0.611641 0.829739 0.613491 0.826039 0.616266 0.823162 0.617807 0.823162 0.619349 0.824806 0.619349 0.825628 0.625206 0.824806 0.625206 0.823984 0.625823 0.823984 0.626439 0.820695 0.624589 0.817407 0.631988 0.814941 0.631988 0.804664 0.631372 0.800965
0 0.637229 0.800554 0.632605 0.803842 0.631372 0.810008 0.631988 0.814530 0.636304 0.808775
0 0.611641 0.769725 0.604551 0.773836 0.606400 0.777124 0.612874 0.778768 0.615957 0.777946 0.615341 0.770958
0 0.637538 0.741362 0.635071 0.746706 0.636304 0.749994 0.641237 0.754516 0.642779 0.756571 0.644012 0.751639 0.643395 0.745884 0.642470 0.742596
0 0.694571 0.790689 0.689330 0.790278 0.688097 0.788222 0.688097 0.787400 0.685014 0.783290 0.679157 0.783701 0.678848 0.784523 0.678232 0.784523 0.677924 0.785345 0.677307 0.785345 0.676690 0.786167 0.677615 0.786989 0.680081 0.786989 0.681931 0.788633 0.682856 0.788633 0.684398 0.790278 0.684398 0.791922 0.685322 0.793566 0.685631 0.795210 0.685631 0.797677 0.685014 0.797677 0.684398 0.799732 0.685631 0.800965 0.693338 0.800965 0.694263 0.800554 0.695804 0.798910 0.695804 0.797265 0.695496 0.796854 0.695804 0.793977
0 0.674841 0.816585 0.672066 0.824395 0.672066 0.825628 0.679465 0.823573 0.682856 0.820284 0.682856 0.817818 0.677307 0.816996
0 0.582046 0.756160 0.577421 0.756571 0.576496 0.759860 0.576188 0.763148 0.577113 0.764381 0.578654 0.768492 0.581429 0.768903 0.582662 0.761915 0.584512 0.761915 0.584512 0.755749
0 0.660659 0.774658 0.661584 0.777946 0.655418 0.776713 0.656960 0.784112 0.657268 0.784523 0.663434 0.784523 0.663742 0.779590
0 0.669291 0.766848 0.663434 0.766848 0.663126 0.767670 0.660659 0.769725 0.663434 0.772191 0.663742 0.774247 0.664975 0.776302 0.664975 0.777535 0.668675 0.777946 0.670833 0.775480 0.670833 0.770136 0.670525 0.769725
0 0.709061 0.733552 0.705361 0.739718 0.706594 0.745062 0.709986 0.747939 0.711527 0.743829 0.713377 0.741362 0.713377 0.738074 0.713068 0.737663
0 0.761778 0.835082 0.753454 0.840837 0.752838 0.840837 0.754687 0.845770 0.755921 0.846592 0.759004 0.840426 0.763011 0.840426 0.764244 0.837549
0 0.599001 0.750406 0.599310 0.756571 0.597152 0.759860 0.593761 0.759860 0.591911 0.757393 0.591294 0.754927 0.586362 0.755749 0.586362 0.765614 0.588211 0.765614 0.588520 0.771369 0.589445 0.771369 0.591911 0.768081 0.591294 0.764792 0.595919 0.765614 0.597460 0.766437 0.602701 0.756160 0.602393 0.750406 0.604242 0.752050 0.603934 0.748350 0.601776 0.745062 0.598693 0.743418 0.596843 0.741773 0.595302 0.745062
0 0.610408 0.690803 0.611025 0.693680 0.607942 0.697791 0.620273 0.696969 0.620273 0.692036 0.618115 0.688748
0 0.660659 0.671072 0.653569 0.670661 0.655727 0.671484 0.654185 0.675183 0.652952 0.680116 0.652027 0.681349 0.652335 0.689159 0.659118 0.687515 0.658501 0.680938 0.660968 0.676005
0 0.657576 0.666140 0.652335 0.665318 0.647403 0.665318 0.643703 0.665729 0.641237 0.667373 0.638462 0.671484 0.638462 0.672717 0.637538 0.674772 0.642470 0.677649 0.645245 0.680938 0.649869 0.681349 0.652644 0.678883 0.654494 0.674772 0.654494 0.671072 0.661584 0.671072 0.660968 0.667784
0 0.501890 0.853991 0.504357 0.859745 0.504357 0.861390 0.521929 0.842892 0.527787 0.830561 0.529020 0.823984 0.525937 0.823984 0.521929 0.828094 0.521313 0.833027 0.509598 0.842070 0.506515 0.847003 0.503124 0.850702
0 0.480927 0.779179 0.475994 0.785756 0.472603 0.794388 0.480618 0.795210 0.484318 0.794388 0.487401 0.791100 0.493258 0.787811 0.492333 0.785345 0.488326 0.781234 0.484010 0.780001
0 0.473220 0.796854 0.473220 0.805075 0.475069 0.811241 0.475377 0.811057 0.481235 0.807542 0.483085 0.805075 0.482468 0.803431 0.479385 0.799321 0.477227 0.794388
0 0.476302 0.812885 0.471061 0.813296 0.470137 0.820284 0.472295 0.824806 0.474761 0.827272 0.476611 0.826039 0.478152 0.822751 0.478769 0.817818
0 0.481852 0.796854 0.482468 0.800554 0.483085 0.800554 0.504357 0.792744 0.508673 0.789456 0.509289 0.786167 0.512989 0.784523 0.509289 0.780001 0.508364 0.777535 0.505590 0.777535 0.504048 0.779590 0.500657 0.780412 0.499424 0.786989 0.497574 0.788222 0.493567 0.788222 0.489559 0.790278 0.488326 0.791511 0.484010 0.793566
0 0.535186 0.752872 0.532719 0.760682 0.532719 0.782057 0.533028 0.783701 0.532411 0.793155 0.533953 0.808364 0.536727 0.810830 0.537344 0.810830 0.537652 0.810008 0.541351 0.808775 0.540118 0.799732 0.539193 0.795621 0.538577 0.795210 0.538577 0.782468 0.539810 0.775891 0.540427 0.768903 0.541660 0.761915 0.541043 0.752050
0 0.529945 0.765203 0.526739 0.767341 0.525012 0.768492 0.519155 0.771369 0.512681 0.773013 0.512681 0.773836 0.509289 0.778357 0.513297 0.787400 0.514222 0.791511 0.509906 0.792333 0.510831 0.805487 0.508673 0.816585 0.503432 0.831383 0.504357 0.835904 0.501890 0.840426 0.502815 0.847825 0.505898 0.844536 0.509906 0.843714 0.520388 0.833027 0.522238 0.827272 0.525629 0.819873 0.525937 0.820695 0.525937 0.823984 0.533953 0.822751 0.534261 0.809597 0.532411 0.792333 0.532719 0.767670
0 0.549059 0.789044 0.546592 0.787811 0.544126 0.784523 0.541351 0.783701 0.540735 0.784523 0.540118 0.784523 0.540118 0.785345 0.539502 0.785345 0.539502 0.786989 0.540118 0.789044 0.540118 0.794388 0.541351 0.794388 0.543201 0.793566 0.543201 0.796443 0.543509 0.796854 0.547209 0.796854 0.547517 0.795210 0.549059 0.792744
0 0.558616 0.773013 0.555841 0.773836 0.553991 0.773836 0.553375 0.773013 0.551833 0.773424 0.551525 0.773836 0.551525 0.777946 0.557382 0.777946 0.557382 0.778768 0.559232 0.779590 0.560465 0.779590 0.560774 0.779179 0.560774 0.775069
0 0.456264 0.769725 0.457497 0.772602 0.457805 0.774658 0.458730 0.776302 0.458730 0.777124 0.456264 0.778357 0.456264 0.781234 0.459346 0.781234 0.459346 0.783701 0.459655 0.784112 0.463354 0.784112 0.463663 0.783290 0.464279 0.783290 0.464896 0.781234 0.467054 0.779590 0.469212 0.779590 0.469212 0.781234 0.469520 0.781646 0.471061 0.781646 0.471061 0.776713 0.471678 0.776302 0.471678 0.773424 0.471061 0.771780 0.470137 0.771369 0.467979 0.771780 0.467054 0.770547 0.467054 0.768903 0.466437 0.768492 0.466437 0.767670 0.462429 0.767670 0.461196 0.769314 0.458730 0.770136
0 0.475378 0.764792 0.473220 0.767259 0.473528 0.782879 0.476611 0.782879 0.477227 0.784112 0.477227 0.780001 0.477844 0.778357 0.477844 0.774658 0.478460 0.773424 0.478460 0.769725 0.477227 0.768081 0.477227 0.767259
0 0.497883 0.717521 0.504973 0.719166 0.511447 0.726564 0.506823 0.727387 0.505590 0.728620 0.503124 0.728620 0.500041 0.726976
0 0.687500 0.616667 0.689844 0.616667 0.690625 0.616667 0.700000 0.634375 0.700000 0.635417 0.703906 0.640625 0.704688 0.641667 0.708594 0.643750 0.709375 0.643750 0.714844 0.650000 0.715625 0.650000 0.716406 0.653125 0.717187 0.654167 0.718750 0.663542 0.719531 0.664583 0.718750 0.667708 0.718750 0.668750 0.717187 0.669792 0.716406 0.669792 0.708594 0.679167 0.707812 0.680208 0.700781 0.680208 0.700000 0.680208 0.692187 0.683333 0.691406 0.684375 0.683594 0.683333 0.682813 0.683333 0.680469 0.680208 0.679688 0.679167 0.675781 0.669792 0.675000 0.668750 0.669531 0.651042 0.669531 0.650000 0.666406 0.646875 0.665625 0.645833 0.663281 0.639583 0.662500 0.638542 0.664844 0.634375 0.665625 0.633333 0.669531 0.630208 0.670312 0.629167 0.687500 0.616667
0 0.673438 0.608333 0.675781 0.609375 0.676562 0.610417 0.680469 0.619792 0.680469 0.620833 0.662500 0.633333 0.661719 0.633333 0.660937 0.628125 0.660937 0.627083 0.668750 0.619792 0.669531 0.618750 0.671875 0.614583 0.672656 0.613542 0.673438 0.608333
0 0.574219 0.555208 0.587500 0.558333 0.588281 0.558333 0.589063 0.559375 0.589844 0.559375 0.589844 0.565625 0.589844 0.566667 0.588281 0.573958 0.588281 0.575000 0.582031 0.585417 0.582031 0.586458 0.576562 0.591667 0.575781 0.592708 0.572656 0.592708 0.571875 0.592708 0.569531 0.590625 0.568750 0.589583 0.567187 0.582292 0.567187 0.581250 0.570312 0.573958 0.571094 0.572917 0.571094 0.559375 0.571094 0.558333 0.574219 0.555208
0 0.629687 0.618750 0.632031 0.618750 0.632812 0.619792 0.631250 0.644792 0.630469 0.645833 0.625000 0.634375 0.624219 0.633333 0.625000 0.627083 0.625000 0.626042 0.629687 0.618750
0 0.609375 0.618750 0.611719 0.618750 0.612500 0.618750 0.615625 0.621875 0.616406 0.622917 0.617188 0.631250 0.617188 0.632292 0.615625 0.635417 0.614844 0.636458 0.611719 0.635417 0.610938 0.634375 0.608594 0.622917 0.607812 0.621875 0.609375 0.618750
0 0.603125 0.603125 0.610156 0.604167 0.610938 0.604167 0.612500 0.606250 0.613281 0.607292 0.613281 0.612500 0.613281 0.613542 0.610938 0.615625 0.610156 0.616667 0.606250 0.616667 0.605469 0.616667 0.603125 0.614583 0.602344 0.614583 0.601562 0.613542 0.600781 0.612500 0.600781 0.606250 0.600781 0.605208 0.603125 0.603125
0 0.654687 0.589583 0.660937 0.590625 0.661719 0.590625 0.663281 0.598958 0.663281 0.600000 0.661719 0.603125 0.660937 0.604167 0.653125 0.608333 0.652344 0.608333 0.649219 0.612500 0.648438 0.612500 0.642969 0.604167 0.642188 0.603125 0.641406 0.596875 0.641406 0.595833 0.643750 0.593750 0.644531 0.592708 0.650781 0.591667 0.651563 0.591667 0.654687 0.589583
0 0.676562 0.537500 0.680469 0.537500 0.681250 0.537500 0.683594 0.539583 0.684375 0.539583 0.685156 0.542708 0.685156 0.543750 0.678906 0.554167 0.678906 0.555208 0.677344 0.557292 0.676562 0.558333 0.675000 0.558333 0.674219 0.558333 0.671094 0.550000 0.671094 0.548958 0.673438 0.540625 0.673438 0.539583 0.676562 0.537500
0 0.644531 0.539583 0.650000 0.540625 0.650781 0.541667 0.652344 0.545833 0.653125 0.546875 0.653125 0.554167 0.652344 0.555208 0.648438 0.556250 0.647656 0.556250 0.639844 0.553125 0.639062 0.553125 0.639062 0.547917 0.639062 0.546875 0.644531 0.539583
0 0.492969 0.610417 0.495312 0.610417 0.496094 0.610417 0.499219 0.618750 0.500000 0.619792 0.498437 0.634375 0.498437 0.635417 0.496094 0.638542 0.495312 0.639583 0.487500 0.640625 0.486719 0.640625 0.478125 0.632292 0.477344 0.631250 0.477344 0.627083 0.477344 0.626042 0.480469 0.619792 0.481250 0.618750 0.492969 0.610417
0 0.524219 0.590625 0.532813 0.591667 0.533594 0.591667 0.539062 0.601042 0.539062 0.602083 0.538281 0.605208 0.537500 0.606250 0.521875 0.614583 0.521094 0.614583 0.517969 0.612500 0.517188 0.612500 0.515625 0.609375 0.515625 0.608333 0.518750 0.602083 0.519531 0.601042 0.519531 0.594792 0.519531 0.593750 0.524219 0.590625
0 0.532031 0.575000 0.536719 0.576042 0.537500 0.576042 0.539844 0.583333 0.539844 0.584375 0.536719 0.588542 0.535937 0.589583 0.534375 0.589583 0.533594 0.590625 0.526563 0.588542 0.525781 0.588542 0.525000 0.586458 0.524219 0.585417 0.524219 0.581250 0.524219 0.580208 0.532031 0.575000
0 0.507031 0.480208 0.511719 0.480208 0.512500 0.480208 0.514844 0.484375 0.515625 0.485417 0.529687 0.501042 0.530469 0.502083 0.542188 0.511458 0.542969 0.511458 0.543750 0.512500 0.544531 0.513542 0.544531 0.516667 0.544531 0.517708 0.542969 0.519792 0.542188 0.520833 0.529687 0.531250 0.528906 0.531250 0.523438 0.537500 0.522656 0.538542 0.521094 0.538542 0.520312 0.539583 0.513281 0.539583 0.512500 0.539583 0.505469 0.537500 0.504687 0.536458 0.492969 0.536458 0.492188 0.535417 0.485938 0.535417 0.485156 0.535417 0.471875 0.540625 0.471094 0.541667 0.465625 0.541667 0.464844 0.541667 0.460938 0.538542 0.460156 0.537500 0.459375 0.533333 0.459375 0.532292 0.470313 0.516667 0.471094 0.515625 0.477344 0.498958 0.478125 0.497917 0.488281 0.496875 0.489063 0.496875 0.494531 0.492708 0.495312 0.492708 0.500000 0.486458 0.500781 0.485417 0.507031 0.480208
0 0.442969 0.534375 0.446094 0.535417 0.446875 0.535417 0.448437 0.537500 0.449219 0.538542 0.457813 0.553125 0.458594 0.554167 0.460156 0.560417 0.460156 0.561458 0.435156 0.572917 0.434375 0.573958 0.427344 0.575000 0.426563 0.576042 0.413281 0.577083 0.412500 0.578125 0.390625 0.578125 0.389844 0.578125 0.383594 0.576042 0.382812 0.575000 0.383594 0.570833 0.383594 0.569792 0.392969 0.555208 0.392969 0.554167 0.400000 0.546875 0.400781 0.545833 0.405469 0.544792 0.406250 0.543750 0.427344 0.542708 0.428125 0.542708 0.435156 0.539583 0.435937 0.539583 0.442969 0.534375
0 0.419531 0.577083 0.427344 0.577083 0.428125 0.577083 0.428906 0.578125 0.429688 0.579167 0.429688 0.582292 0.430469 0.583333 0.428906 0.589583 0.428906 0.590625 0.426563 0.592708 0.425781 0.593750 0.412500 0.595833 0.411719 0.596875 0.409375 0.595833 0.408594 0.595833 0.407813 0.588542 0.407813 0.587500 0.409375 0.582292 0.409375 0.581250 0.412500 0.579167 0.413281 0.578125 0.419531 0.577083
0 0.421094 0.577083 0.428906 0.578125 0.429688 0.579167 0.428906 0.590625 0.428906 0.591667 0.427344 0.592708 0.426563 0.593750 0.414062 0.595833 0.413281 0.595833 0.409375 0.597917 0.408594 0.597917 0.403906 0.603125 0.403125 0.603125 0.401562 0.596875 0.400781 0.595833 0.400781 0.591667 0.400781 0.590625 0.405469 0.589583 0.406250 0.589583 0.409375 0.581250 0.410156 0.580208 0.421094 0.577083
0 0.396875 0.615625 0.400000 0.615625 0.400781 0.615625 0.402344 0.618750 0.403125 0.619792 0.405469 0.620833 0.406250 0.621875 0.412500 0.622917 0.415439 0.625191 0.413733 0.637500 0.412500 0.638542 0.410938 0.643750 0.410938 0.644792 0.409375 0.648958 0.409375 0.650000 0.407070 0.655923 0.397965 0.665597 0.390131 0.669353 0.387500 0.668750 0.382031 0.667708 0.381250 0.667708 0.378125 0.663542 0.377344 0.662500 0.378125 0.661458 0.378125 0.660417 0.384375 0.660417 0.385156 0.660417 0.389062 0.656250 0.389844 0.655208 0.391406 0.646875 0.392188 0.645833 0.392188 0.638542 0.392188 0.637500 0.394531 0.621875 0.394531 0.620833 0.396875 0.615625
0 0.429688 0.605208 0.431250 0.605208 0.432031 0.605208 0.435156 0.610417 0.435937 0.611458 0.435937 0.625000 0.435937 0.626042 0.434375 0.627083 0.433594 0.628125 0.429688 0.628125 0.428906 0.628125 0.425781 0.623958 0.425000 0.622917 0.427344 0.608333 0.427344 0.607292 0.429688 0.605208
0 0.431250 0.656250 0.433594 0.656250 0.434375 0.656250 0.441406 0.666667 0.442188 0.667708 0.441406 0.672917 0.441406 0.673958 0.439063 0.678125 0.438281 0.679167 0.435937 0.679167 0.435156 0.679167 0.432812 0.677083 0.432031 0.676042 0.431250 0.663542 0.430469 0.662500 0.431250 0.656250
0 0.521875 0.629167 0.533594 0.629167 0.534375 0.629167 0.535156 0.630208 0.535937 0.631250 0.536719 0.636458 0.536719 0.637500 0.538281 0.639583 0.539062 0.640625 0.542188 0.641667 0.542969 0.641667 0.544531 0.643750 0.545312 0.643750 0.546875 0.646875 0.547656 0.647917 0.546875 0.648958 0.546875 0.650000 0.541406 0.651042 0.540625 0.651042 0.532813 0.644792 0.532031 0.643750 0.516406 0.643750 0.515625 0.643750 0.512500 0.638542 0.511719 0.637500 0.511719 0.634375 0.511719 0.633333 0.514844 0.631250 0.515625 0.630208 0.521875 0.629167
0 0.510938 0.684375 0.515625 0.685417 0.516406 0.686458 0.516406 0.692708 0.516406 0.693750 0.513281 0.704167 0.513281 0.705208 0.506250 0.709375 0.505469 0.709375 0.504687 0.706250 0.503906 0.705208 0.503906 0.700000 0.503906 0.698958 0.509375 0.686458 0.509375 0.685417 0.510938 0.684375
0 0.492025 0.537481 0.494183 0.542824 0.502815 0.542824 0.503740 0.543646 0.508056 0.543646 0.511139 0.539947 0.510214 0.538714 0.504048 0.536658
0 0.529020 0.551867 0.530870 0.553101 0.543818 0.553512 0.546284 0.556389 0.555533 0.555978 0.557382 0.550223 0.557999 0.545291 0.557382 0.545291 0.555533 0.542002 0.541660 0.538303 0.534877 0.540769 0.534877 0.548579 0.532411 0.552278
0 0.592219 0.539536 0.591603 0.553512 0.599618 0.550634 0.599310 0.546113 0.597152 0.542002
0 0.609483 0.552689 0.606709 0.549812 0.601776 0.549401 0.599310 0.558444 0.599618 0.572420 0.602393 0.577353 0.602393 0.585985 0.606092 0.585985 0.606400 0.579819 0.610408 0.573242 0.613183 0.573242 0.613799 0.570365 0.611641 0.566254 0.610716 0.560088 0.610100 0.560088
0 0.619349 0.538714 0.615649 0.538714 0.612874 0.542002 0.611641 0.545702 0.611641 0.548168 0.609175 0.553512 0.611333 0.565843 0.612874 0.560088 0.616882 0.551867 0.617807 0.551867 0.618732 0.555156 0.621815 0.555156 0.621507 0.550223 0.623665 0.548579 0.623356 0.542002
0 0.626131 0.587629 0.617807 0.587218 0.617807 0.586396 0.612258 0.586396 0.609792 0.590095 0.617191 0.591328 0.619965 0.594617 0.622740 0.595028 0.623665 0.592973
0 0.662201 0.573242 0.656960 0.576942 0.654802 0.583107 0.656652 0.589273 0.662201 0.589273 0.664667 0.588040 0.664667 0.582696 0.665592 0.577353
0 0.693646 0.573242 0.689638 0.579408 0.689638 0.588451 0.694263 0.591328 0.696421 0.590506 0.697962 0.588862 0.694571 0.581874 0.694571 0.579819 0.695188 0.579819 0.696113 0.578175 0.696113 0.577353
0 0.483393 0.562555 0.483393 0.569543 0.488326 0.571187 0.490484 0.570365 0.491100 0.571598 0.496958 0.573653 0.496649 0.567076 0.496033 0.567076 0.495416 0.565021 0.496341 0.563377 0.495108 0.560088 0.485859 0.559677
0 0.481543 0.594617 0.475686 0.594206 0.474761 0.601605 0.474761 0.609004 0.476611 0.615991 0.477227 0.616814 0.481235 0.615580 0.483393 0.609826 0.481852 0.606126 0.480927 0.602016 0.482468 0.598316
0 0.656035 0.644765 0.651719 0.642299 0.648944 0.646409 0.651719 0.650520 0.652335 0.650520 0.656652 0.655453 0.657268 0.655453 0.657885 0.652575
0 0.653260 0.639421 0.660968 0.637777 0.662509 0.640244 0.662509 0.643121 0.658501 0.643121 0.657268 0.645176 0.656035 0.644765
0 0.660351 0.644765 0.657576 0.646409 0.658810 0.650109 0.656035 0.654630 0.657885 0.663674 0.662201 0.662440 0.664667 0.657919 0.664667 0.656686 0.666209 0.652575 0.665900 0.652164
0 0.541351 0.615991 0.532719 0.619691 0.549059 0.634078 0.551525 0.637777 0.551525 0.634078 0.545051 0.627912 0.542585 0.620924
0 0.525320 0.619280 0.519463 0.619691 0.517305 0.622979 0.518230 0.624213 0.524704 0.624213 0.529020 0.626679 0.529020 0.622568 0.527787 0.620513
0 0.541043 0.630789 0.543201 0.635722 0.544126 0.640655 0.545051 0.641066 0.545051 0.643121 0.546284 0.647643 0.546592 0.652164 0.542585 0.652164 0.547209 0.651753 0.548750 0.650109 0.550600 0.645587 0.549367 0.639421 0.545976 0.635722 0.545359 0.635722 0.543818 0.633667
0 0.586053 0.524738 0.587595 0.529259 0.584820 0.533370 0.579271 0.532137 0.579271 0.533370 0.585745 0.537892 0.590369 0.537892 0.593144 0.535836 0.592527 0.534603 0.592219 0.530904 0.589136 0.524327
0 0.449790 0.599549 0.451331 0.606126 0.453797 0.610648 0.459346 0.610237 0.458730 0.607770 0.455647 0.604071 0.452256 0.601194
0 0.443932 0.604893 0.439616 0.606948 0.439924 0.609004 0.440541 0.609826 0.451023 0.612292 0.451023 0.613114 0.456264 0.618047 0.456264 0.618869 0.457189 0.619691 0.461196 0.615991 0.461813 0.615991 0.463046 0.613936 0.463046 0.610237 0.459963 0.609415 0.455955 0.610648 0.453181 0.610648 0.451331 0.609415 0.447323 0.604893
0 0.475686 0.667373 0.477227 0.678060 0.481235 0.678471 0.484626 0.676827 0.480927 0.668195 0.478460 0.667784
0 0.479077 0.692447 0.483701 0.687926 0.489251 0.689159 0.494800 0.687926 0.497574 0.687926 0.498191 0.688337 0.498191 0.689570 0.498808 0.689981 0.498808 0.690803 0.494491 0.694913 0.490175 0.694913 0.487709 0.696969 0.487709 0.698202 0.485243 0.699435 0.480927 0.699024 0.477844 0.697380 0.476611 0.695736
0 0.570947 0.646820 0.567556 0.647231 0.562623 0.649698 0.558616 0.655453 0.558616 0.656275 0.559232 0.657097 0.559849 0.657097 0.561699 0.660796 0.567248 0.659974 0.568481 0.656275 0.568481 0.653808 0.570639 0.651753
0 0.564781 0.701490 0.562315 0.704779 0.562315 0.705601 0.557691 0.705601 0.555224 0.706423 0.554916 0.707656 0.553375 0.709711 0.556766 0.712589 0.562932 0.710533 0.568173 0.707245
0 0.538885 0.696147 0.528403 0.698202 0.528403 0.701079 0.529945 0.701901 0.535186 0.702312 0.536110 0.703134 0.541043 0.704779 0.540427 0.700257
0 0.560465 0.760682 0.557074 0.758627 0.553683 0.759038 0.553683 0.759860 0.551833 0.762326 0.548750 0.763970 0.550908 0.766026 0.552758 0.768903 0.553375 0.768903 0.553683 0.770136 0.554608 0.770958 0.562315 0.770547 0.562623 0.766437
0 0.435608 0.791100 0.430676 0.795210 0.427901 0.800965 0.425126 0.804253 0.425126 0.806720 0.426360 0.807542 0.431292 0.807953 0.435300 0.803842 0.439924 0.807953 0.440541 0.807953 0.443932 0.803431 0.442699 0.803431 0.442699 0.802198 0.441466 0.801376 0.440849 0.795621 0.438999 0.794799
0 0.437458 0.838371 0.432217 0.836726 0.426668 0.836726 0.422660 0.838371 0.422660 0.839193 0.418344 0.839604 0.418344 0.841659 0.424510 0.842892 0.430059 0.845770 0.437766 0.845770
0 0.381041 0.839604 0.376108 0.842070 0.376417 0.849469 0.381349 0.852757 0.383507 0.858101 0.383507 0.859334 0.386282 0.862623 0.390906 0.863034 0.392448 0.860156 0.389981 0.856868 0.388440 0.846592 0.386899 0.843303 0.384741 0.841248
0 0.394914 0.840426 0.390906 0.839604 0.389365 0.840426 0.389981 0.846181 0.390598 0.846181 0.392448 0.851113 0.392448 0.851935 0.393064 0.852757 0.395531 0.853169 0.395531 0.853991 0.396456 0.854813 0.397072 0.846592 0.396764 0.846181
0 0.428518 0.811652 0.421427 0.811241 0.417727 0.819873 0.423277 0.821106 0.426976 0.821106 0.426976 0.820284 0.431600 0.814119 0.430367 0.809186
0 0.392756 0.786578 0.387207 0.786989 0.384432 0.792333 0.377958 0.795621 0.377958 0.797677 0.377033 0.800965 0.374259 0.804253 0.379808 0.803842 0.385665 0.801787 0.389057 0.796443 0.392756 0.791922
0 0.401080 0.756160 0.397997 0.762326 0.398305 0.768081 0.401388 0.769314 0.404779 0.769314 0.405704 0.767259 0.403238 0.763970 0.407554 0.761504 0.406937 0.758627 0.404471 0.757393
0 0.307031 0.812500 0.313281 0.813542 0.314063 0.813542 0.322656 0.818750 0.323437 0.818750 0.332813 0.827083 0.333594 0.827083 0.342187 0.838542 0.342969 0.839583 0.342969 0.853125 0.342969 0.854167 0.339062 0.862500 0.338281 0.863542 0.335938 0.864583 0.335156 0.865625 0.301563 0.865625 0.300781 0.865625 0.288281 0.860417 0.287500 0.860417 0.281250 0.856250 0.280469 0.855208 0.280469 0.850000 0.280469 0.848958 0.281043 0.844516 0.283818 0.840186 0.285465 0.835197 0.290562 0.827798 0.298438 0.819792 0.299219 0.818750 0.307031 0.812500
0 0.387500 0.731250 0.392188 0.731250 0.392969 0.732292 0.392969 0.745833 0.392969 0.746875 0.391406 0.747917 0.390625 0.748958 0.387500 0.748958 0.386719 0.750000 0.375781 0.751042 0.375000 0.751042 0.374219 0.748958 0.373437 0.747917 0.374219 0.744792 0.374219 0.743750 0.387500 0.731250
0 0.312458 0.748519 0.313281 0.747917 0.314063 0.747917 0.319531 0.756250 0.320312 0.757292 0.319531 0.760417 0.319531 0.761458 0.315625 0.765625 0.314844 0.766667 0.313362 0.767269 0.308573 0.763981 0.301563 0.759375 0.302939 0.757922 0.309067 0.750574
0 0.322656 0.655208 0.324219 0.655208 0.328083 0.655208 0.328906 0.661458 0.329688 0.662500 0.330591 0.664611 0.328577 0.669764 0.327344 0.670833 0.326562 0.671875 0.328906 0.678125 0.328906 0.679167 0.331250 0.682292 0.332031 0.683333 0.338281 0.685417 0.339062 0.686458 0.342187 0.686458 0.342969 0.686458 0.347656 0.680208 0.348438 0.679167 0.349219 0.675000 0.350000 0.673958 0.349219 0.663542 0.349219 0.662500 0.350000 0.661458 0.350000 0.660417 0.352344 0.661458 0.353125 0.661458 0.353906 0.664583 0.354687 0.665625 0.354687 0.672917 0.355469 0.673958 0.354687 0.684375 0.354687 0.685417 0.357031 0.688542 0.359354 0.691008 0.358737 0.695394 0.357812 0.694792 0.350000 0.702083 0.349219 0.703125 0.342187 0.703125 0.341406 0.703125 0.334375 0.708333 0.333594 0.709375 0.331250 0.709375 0.330469 0.709375 0.329688 0.700000 0.329688 0.698958 0.333594 0.692708 0.333594 0.691667 0.327407 0.688350 0.324159 0.680732 0.321546 0.685169 0.318606 0.685361 0.318936 0.659375 0.321094 0.658333 0.322656 0.655208
0 0.324219 0.704167 0.328125 0.704167 0.328906 0.704167 0.332031 0.709375 0.332813 0.709375 0.332813 0.712500 0.332813 0.713542 0.329688 0.717708 0.328906 0.718750 0.319531 0.719792 0.318750 0.719792 0.317969 0.716667 0.317969 0.715625 0.324219 0.704167
0 0.411719 0.658333 0.417969 0.662500 0.418750 0.663542 0.414844 0.671875 0.414844 0.672917 0.411719 0.675000 0.410938 0.675000 0.409375 0.673958 0.408594 0.673958 0.405469 0.668750 0.404687 0.667708 0.405469 0.664583 0.405469 0.663542 0.411719 0.658333
0 0.403906 0.687500 0.408594 0.687500 0.409375 0.688542 0.413281 0.705208 0.413281 0.706250 0.400781 0.706250 0.400000 0.706250 0.400781 0.695833 0.400781 0.694792 0.402344 0.689583 0.402344 0.688542 0.403906 0.687500
0 0.286719 0.713542 0.292969 0.716667 0.293750 0.717708 0.303125 0.716667 0.303906 0.716667 0.305469 0.720833 0.305469 0.721875 0.303125 0.728125 0.303125 0.729167 0.302344 0.730208 0.301563 0.730208 0.296875 0.728125 0.296094 0.727083 0.292187 0.727083 0.291406 0.727083 0.285156 0.722917 0.284375 0.722917 0.284375 0.721875 0.283594 0.720833 0.286719 0.713542
0 0.276223 0.838371 0.276223 0.841659 0.278073 0.844536 0.279922 0.846181 0.280539 0.846181 0.280539 0.847003 0.281155 0.847825 0.281155 0.843714 0.283930 0.839604 0.285780 0.834260 0.278689 0.837960
0 0.344971 0.744240 0.340655 0.748761 0.340347 0.749994 0.340347 0.750817 0.342813 0.757804 0.343738 0.759038 0.348671 0.763148 0.348979 0.763970 0.353295 0.766437 0.355453 0.766848 0.357611 0.763148 0.356686 0.759038 0.353295 0.759038 0.353295 0.753283 0.351137 0.752461 0.348979 0.752461
0 0.402621 0.834260 0.395839 0.834671 0.395839 0.836315 0.395222 0.836315 0.394914 0.837138 0.399230 0.839604 0.403238 0.839604 0.404471 0.837960
0 0.415569 0.823984 0.409095 0.828094 0.415261 0.834671 0.420194 0.835493 0.419885 0.828094 0.425126 0.826039 0.424510 0.820695 0.419885 0.822751 0.419269 0.823573 0.418036 0.823573
0 0.384741 0.599549 0.383199 0.606948 0.383199 0.615580 0.391523 0.616814 0.393989 0.617636 0.394606 0.617636 0.395839 0.614347 0.412795 0.614758 0.413103 0.612703 0.411562 0.612703 0.408787 0.610237 0.404471 0.610237 0.400772 0.606948 0.398305 0.603660 0.400155 0.601194 0.400155 0.598316 0.392448 0.599960 0.392139 0.599549 0.387515 0.599549
0 0.354836 0.574064 0.357611 0.581463 0.357611 0.583107 0.361311 0.585985 0.364702 0.579408 0.367168 0.577764 0.367785 0.574475 0.367168 0.573242 0.364085 0.572009 0.357303 0.572009
0 0.361311 0.560088 0.348362 0.573242 0.348054 0.574064 0.357303 0.574064 0.365318 0.566665 0.364702 0.563377 0.363469 0.561733
0 0.364393 0.596261 0.363777 0.602427 0.361311 0.603249 0.358228 0.608181 0.355145 0.608181 0.356070 0.609826 0.358844 0.612703 0.360386 0.613525 0.360386 0.612703 0.363469 0.607359 0.365010 0.606126 0.365935 0.606537 0.366243 0.607359 0.368401 0.607770 0.369018 0.604482 0.373642 0.605715 0.373642 0.604893 0.370559 0.602838 0.368710 0.598316 0.366860 0.597905
0 0.292254 0.577353 0.292870 0.591328 0.294720 0.596672 0.297186 0.591328 0.297186 0.590506 0.300269 0.590095 0.299344 0.584752 0.297186 0.579819
0 0.283313 0.559677 0.283622 0.576531 0.291021 0.570776 0.289787 0.568309 0.289787 0.567076 0.288246 0.562966 0.287321 0.558444 0.287321 0.556800 0.286705 0.556800
0 0.317842 0.557622 0.318458 0.563377 0.318458 0.568721 0.319075 0.568721 0.324316 0.573242 0.325241 0.565021 0.330173 0.569954 0.331715 0.564199 0.329557 0.560088 0.323083 0.560499
0 0.352370 0.610237 0.346821 0.605715 0.343738 0.604071 0.342285 0.610355 0.344046 0.612703 0.348979 0.611881 0.349904 0.612292
0 0.295312 0.620833 0.296875 0.620833 0.297656 0.620833 0.303125 0.626042 0.303906 0.627083 0.309375 0.640625 0.311081 0.640845 0.311533 0.649397 0.308594 0.652083 0.305469 0.653125 0.304688 0.654167 0.298438 0.654167 0.297656 0.654167 0.293750 0.647917 0.292969 0.646875 0.292187 0.627083 0.292187 0.626042 0.292969 0.623958 0.292969 0.622917 0.295312 0.620833
0 0.285156 0.652083 0.286719 0.652083 0.287500 0.652083 0.289844 0.658333 0.289844 0.659375 0.289062 0.661458 0.288281 0.662500 0.282813 0.666667 0.282031 0.666667 0.278906 0.664583 0.278125 0.663542 0.277344 0.659375 0.277344 0.658333 0.285156 0.652083
0 0.249219 0.670833 0.260156 0.671875 0.260937 0.671875 0.262500 0.672917 0.263281 0.673958 0.263281 0.680208 0.263281 0.681250 0.260156 0.682292 0.259375 0.683333 0.250000 0.682292 0.249219 0.682292 0.248438 0.679167 0.247656 0.678125 0.247656 0.673958 0.247656 0.672917 0.249219 0.670833
0 0.242969 0.663542 0.245312 0.663542 0.246094 0.663542 0.246094 0.665625 0.246875 0.666667 0.245312 0.677083 0.245312 0.678125 0.242188 0.682292 0.241406 0.683333 0.237500 0.682292 0.236719 0.682292 0.233594 0.676042 0.233594 0.675000 0.242969 0.663542
0 0.242003 0.616814 0.242928 0.627090 0.246935 0.632845 0.250018 0.635722 0.253409 0.634900 0.253409 0.632434 0.258959 0.629145 0.257109 0.624624 0.252793 0.624624 0.246319 0.620102 0.243852 0.613525 0.243852 0.614347
0 0.270982 0.640244 0.266357 0.643943 0.267282 0.649698 0.264508 0.650520 0.261733 0.654219 0.264200 0.658741 0.269749 0.658741 0.271290 0.663262 0.273140 0.663262 0.271907 0.655453 0.275606 0.655864 0.275606 0.653808 0.274065 0.652164 0.273448 0.652164 0.272523 0.648876 0.271907 0.648465
0 0.256492 0.639010 0.262350 0.651753 0.267282 0.649698 0.266974 0.643532 0.270057 0.641888 0.270057 0.638599 0.264508 0.639833 0.261117 0.639421 0.260192 0.637777 0.258959 0.638188
0 0.261733 0.619280 0.258650 0.619280 0.256492 0.624213 0.257725 0.630789 0.261425 0.637366 0.262658 0.630789 0.262658 0.622568
0 0.265124 0.595439 0.266357 0.604482 0.271290 0.605304 0.272523 0.604482 0.272523 0.596672 0.271290 0.594617 0.270365 0.594206
0 0.259267 0.595439 0.257725 0.599549 0.258034 0.602838 0.264200 0.602838 0.265741 0.597905 0.264200 0.596261
0 0.253409 0.587629 0.251560 0.589684 0.251560 0.591328 0.250326 0.594206 0.252485 0.598727 0.256801 0.597905 0.259267 0.594617 0.259267 0.591328
0 0.369943 0.520627 0.365318 0.523094 0.365318 0.524738 0.366243 0.527204 0.360386 0.530493 0.360077 0.536247 0.363160 0.536658 0.366243 0.534192 0.370251 0.535014 0.370251 0.534192 0.371176 0.533370 0.371176 0.527615 0.370559 0.526793
0 0.241386 0.566665 0.240461 0.569954 0.242003 0.576119 0.237995 0.575708 0.239536 0.583107 0.242311 0.583107 0.243544 0.577764 0.249093 0.576942 0.250943 0.574475 0.248477 0.571187 0.246319 0.569132 0.243544 0.569132
0 0.385357 0.634489 0.382582 0.636955 0.381658 0.640244 0.381658 0.643121 0.383507 0.645587 0.384124 0.645587 0.384124 0.646409 0.384741 0.646409 0.382582 0.649287 0.382582 0.651753 0.382891 0.652164 0.387823 0.651342 0.389981 0.649698 0.389981 0.648054 0.390598 0.645998 0.388440 0.644765 0.388440 0.641477 0.390290 0.640244 0.390290 0.636955 0.388748 0.636133 0.389057 0.632845
0 0.303352 0.738485 0.295645 0.740129 0.295337 0.740951 0.290712 0.741773 0.287013 0.745884 0.292870 0.745473 0.302736 0.745884
0 0.277148 0.766437 0.274990 0.764381 0.273756 0.764381 0.273756 0.765203 0.271907 0.765203 0.272215 0.764381 0.273448 0.764381 0.273448 0.762326 0.273140 0.761093 0.272523 0.761093 0.272523 0.759860 0.268207 0.759860 0.267591 0.760682 0.266357 0.761093 0.266357 0.762737 0.265741 0.762737 0.265741 0.763559 0.265124 0.763559 0.265124 0.767670 0.265433 0.769314 0.266049 0.769314 0.266357 0.770547 0.263275 0.773836 0.261425 0.774247 0.261425 0.775891 0.262658 0.776302 0.267282 0.776302 0.268824 0.777535 0.271290 0.777535 0.272523 0.778357 0.274990 0.778357 0.276223 0.776713 0.278381 0.776713 0.279922 0.778357 0.279922 0.774658 0.279614 0.773013 0.278997 0.773013 0.278997 0.770136
0 0.250326 0.777535 0.250326 0.782879 0.260192 0.782468 0.262658 0.779179 0.262658 0.778357 0.261425 0.776302 0.254334 0.777124
0 0.267282 0.753283 0.262350 0.753694 0.260500 0.756160 0.257725 0.758216 0.262041 0.761504 0.266974 0.761915 0.270057 0.759038 0.270057 0.756571
0 0.378697 0.832178 0.374492 0.830777 0.370989 0.830777 0.372741 0.835449 0.372741 0.836383 0.377296 0.837317 0.380449 0.837317
0 0.464191 0.292583 0.457184 0.292583 0.457885 0.303795 0.462790 0.298189 0.464542 0.298189 0.467345 0.300058
0 0.024219 0.570833 0.035937 0.575000 0.036719 0.576042 0.036719 0.590625 0.036719 0.591667 0.037500 0.594792 0.038281 0.595833 0.038281 0.603125 0.038281 0.604167 0.040625 0.618750 0.041406 0.619792 0.041406 0.628125 0.041406 0.629167 0.036719 0.639583 0.035937 0.640625 0.021094 0.645833 0.020313 0.645833 0.010937 0.638542 0.010156 0.638542 0.007812 0.635417 0.007031 0.634375 0.007031 0.631250 0.007031 0.630208 0.010937 0.619792 0.011719 0.618750 0.014063 0.596875 0.014063 0.595833 0.016406 0.587500 0.016406 0.586458 0.021094 0.573958 0.021094 0.572917 0.024219 0.570833
0 0.151562 0.555208 0.164844 0.555208 0.165625 0.555208 0.175781 0.560417 0.177344 0.560416 0.178387 0.563542 0.177605 0.565626 0.173179 0.573955 0.170574 0.580209 0.168751 0.588193 0.167187 0.590625 0.167971 0.592361 0.166667 0.595487 0.160938 0.594792 0.160156 0.594792 0.154688 0.593750 0.153906 0.592708 0.138281 0.591667 0.137500 0.591667 0.113281 0.586458 0.112500 0.585417 0.113281 0.582292 0.113281 0.581250 0.121094 0.570833 0.121875 0.569792 0.132031 0.561458 0.132812 0.560417 0.139063 0.557292 0.139844 0.556250 0.151562 0.555208
0 0.152540 0.611260 0.158737 0.613995 0.161719 0.615625 0.169574 0.622322 0.181845 0.642268 0.190136 0.658199 0.194340 0.668367 0.198145 0.684177 0.198437 0.687500 0.199952 0.694792 0.199415 0.696811 0.196875 0.695833 0.196094 0.695833 0.182031 0.685417 0.181250 0.684375 0.164844 0.677083 0.164062 0.676042 0.161719 0.664583 0.161719 0.663542 0.157031 0.654167 0.156250 0.653125 0.149219 0.632292 0.147704 0.629620 0.149952 0.618622 0.146530 0.618232 0.146918 0.611912
0 0.143750 0.639583 0.148438 0.640625 0.149219 0.640625 0.151562 0.644792 0.152344 0.645833 0.150000 0.655208 0.149219 0.656250 0.149219 0.666667 0.149219 0.667708 0.146875 0.671875 0.146094 0.672917 0.142969 0.671875 0.142187 0.670833 0.140625 0.660417 0.139844 0.659375 0.139844 0.644792 0.139844 0.643750 0.140625 0.641667 0.141406 0.640625 0.143750 0.639583
0 0.156250 0.672917 0.157812 0.672917 0.158594 0.672917 0.160156 0.675000 0.160938 0.676042 0.160938 0.683333 0.160938 0.684375 0.159375 0.688542 0.158594 0.689583 0.153906 0.683333 0.153125 0.682292 0.153125 0.677083 0.153125 0.676042 0.156250 0.672917
0 0.171094 0.692708 0.173437 0.693750 0.174219 0.693750 0.181250 0.702083 0.182031 0.702083 0.185938 0.709375 0.186719 0.710417 0.185156 0.711458 0.184375 0.712500 0.179688 0.712500 0.178906 0.712500 0.175000 0.710417 0.174219 0.710417 0.169531 0.702083 0.168750 0.701042 0.168750 0.695833 0.168750 0.694792 0.171094 0.692708
0 0.110937 0.663542 0.113281 0.666667 0.114062 0.667708 0.113281 0.672917 0.113281 0.673958 0.111719 0.677083 0.110937 0.678125 0.107031 0.678125 0.106250 0.678125 0.105469 0.675000 0.105469 0.673958 0.110937 0.663542
0 0.137500 0.592708 0.142969 0.593750 0.143750 0.593750 0.145020 0.593814 0.146876 0.594791 0.145557 0.597178 0.144270 0.599305 0.143750 0.601042 0.142969 0.601042 0.137500 0.608333 0.136719 0.609375 0.114062 0.647917 0.114062 0.648958 0.112500 0.651042 0.111719 0.652083 0.110156 0.652083 0.109375 0.652083 0.109375 0.636458 0.109375 0.635417 0.108594 0.631250 0.107813 0.630208 0.107031 0.616667 0.106250 0.615625 0.107031 0.608333 0.107031 0.607292 0.118750 0.597917 0.119531 0.596875 0.137500 0.592708
0 0.102344 0.586458 0.112500 0.586458 0.113281 0.586458 0.129688 0.591667 0.130469 0.591667 0.127344 0.593750 0.126562 0.594792 0.118750 0.596875 0.117969 0.596875 0.111719 0.603125 0.110937 0.604167 0.105469 0.607292 0.104688 0.608333 0.080469 0.619792 0.079687 0.620833 0.076563 0.619792 0.075781 0.619792 0.069531 0.623958 0.068750 0.625000 0.060156 0.625000 0.059375 0.625000 0.057813 0.622917 0.057031 0.621875 0.060937 0.607292 0.060937 0.606250 0.071094 0.589583 0.071875 0.588542 0.085938 0.591667 0.086719 0.591667 0.102344 0.586458
0 0.092283 0.614066 0.095557 0.613414 0.097316 0.613414 0.094531 0.616667 0.094531 0.617708 0.088281 0.625000 0.087500 0.626042 0.084327 0.629755 0.079635 0.630796 0.067969 0.632292 0.067187 0.632292 0.059375 0.627083 0.058594 0.626042 0.058594 0.625000 0.058594 0.623958 0.067969 0.625000 0.068750 0.626042 0.076563 0.625000 0.077344 0.625000 0.087500 0.617708 0.088281 0.617708 0.093994 0.613414
0 0.013281 0.671875 0.016406 0.671875 0.017188 0.671875 0.020313 0.673958 0.021094 0.673958 0.022656 0.676042 0.023438 0.677083 0.023438 0.683333 0.022656 0.684375 0.021094 0.684375 0.020313 0.684375 0.016406 0.680208 0.015625 0.679167 0.010937 0.679167 0.010156 0.679167 0.000781 0.683333 0.000000 0.683333 0.000000 0.677083 0.000000 0.676042 0.013281 0.671875
0 0.200781 0.701042 0.203125 0.701042 0.203906 0.701042 0.205469 0.703125 0.206250 0.704167 0.208594 0.709375 0.208594 0.710417 0.225781 0.738542 0.226562 0.739583 0.229687 0.746875 0.230469 0.747917 0.230469 0.753125 0.231250 0.754167 0.230469 0.760417 0.230469 0.761458 0.223438 0.767708 0.222656 0.767708 0.217188 0.775000 0.216406 0.776042 0.213281 0.784375 0.212500 0.785417 0.214211 0.794664 0.211767 0.795706 0.210156 0.796875 0.209375 0.797917 0.207520 0.798569 0.206006 0.800914 0.203125 0.794792 0.202344 0.793750 0.189844 0.761458 0.189844 0.760417 0.181250 0.745833 0.181250 0.744792 0.176563 0.739583 0.175292 0.740497 0.171142 0.738414 0.168405 0.734765 0.171094 0.732292 0.171094 0.731250 0.168750 0.728125 0.167969 0.727083 0.167235 0.725000 0.167724 0.723632 0.179688 0.717708 0.180469 0.717708 0.193750 0.708333 0.194531 0.708333 0.200781 0.701042
0 0.220312 0.711458 0.222656 0.711458 0.223438 0.711458 0.224219 0.714583 0.225000 0.715625 0.226562 0.730208 0.227344 0.731250 0.227344 0.739583 0.227344 0.740625 0.220312 0.730208 0.219531 0.729167 0.217188 0.721875 0.216406 0.720833 0.220312 0.711458
0 0.113281 0.741667 0.121094 0.742708 0.121875 0.742708 0.127344 0.746875 0.128125 0.747917 0.143750 0.756250 0.144531 0.757292 0.150585 0.754684 0.157477 0.760551 0.160938 0.765625 0.161719 0.766667 0.166406 0.768750 0.167187 0.768750 0.168750 0.770833 0.170265 0.774157 0.171875 0.795833 0.171875 0.796875 0.176563 0.808333 0.177344 0.809375 0.183153 0.831102 0.185353 0.847463 0.190625 0.860417 0.191406 0.861458 0.191406 0.864583 0.195318 0.865951 0.146875 0.866603 0.129151 0.866865 0.128125 0.863542 0.118750 0.838542 0.117969 0.837500 0.111719 0.813542 0.110937 0.812500 0.109375 0.802083 0.109375 0.801042 0.103125 0.784375 0.102344 0.783333 0.103125 0.775000 0.103125 0.773958 0.107813 0.763542 0.108594 0.762500 0.108594 0.757292 0.108594 0.756250 0.105469 0.745833 0.105469 0.744792 0.106250 0.743750 0.106250 0.742708 0.113281 0.741667
0 0.076563 0.773958 0.081250 0.775000 0.082031 0.775000 0.085156 0.780208 0.085938 0.781250 0.087629 0.785074 0.086719 0.788542 0.085512 0.795570 0.084148 0.796308 0.081142 0.801701 0.075000 0.807292 0.072677 0.810245 0.064844 0.812500 0.058890 0.813107 0.058109 0.805827 0.050138 0.798787 0.053906 0.796835 0.055469 0.778125 0.055469 0.777083 0.056250 0.777083 0.057031 0.776042 0.060156 0.777083 0.060937 0.778125 0.067969 0.778125 0.068750 0.778125 0.076563 0.773958
0 0.029687 0.782292 0.033594 0.783333 0.034375 0.783333 0.039844 0.791667 0.040625 0.792708 0.048438 0.800000 0.049219 0.801042 0.051562 0.811458 0.052344 0.812500 0.052344 0.819792 0.052344 0.820833 0.050781 0.823958 0.050000 0.825000 0.043750 0.827083 0.042969 0.828125 0.039062 0.828125 0.038281 0.829167 0.019531 0.827083 0.018750 0.827083 0.014844 0.825000 0.014063 0.825000 0.000781 0.813542 0.000000 0.813542 0.000000 0.805208 0.000000 0.804167 0.001563 0.803125 0.002344 0.802083 0.007812 0.789583 0.008594 0.788542 0.024219 0.786458 0.025000 0.786458 0.029687 0.782292
0 0.000000 0.596302 0.003312 0.592132 0.004876 0.588658 0.005397 0.588658 0.008264 0.582055 0.009567 0.581013 0.012694 0.584488 0.017125 0.584835 0.013476 0.596997 0.012955 0.607422 0.008525 0.608812 0.005137 0.610897 0.005397 0.612981 0.002531 0.614719 0.000000 0.612981
0 0.074199 0.570241 0.072114 0.570241 0.069508 0.574411 0.068205 0.574411 0.067423 0.575453 0.066641 0.577886 0.066641 0.579970 0.070551 0.579970 0.070811 0.580665 0.071854 0.581360 0.074720 0.581360 0.075242 0.580318 0.077327 0.579623 0.077587 0.577538 0.078369 0.575801 0.078369 0.574063 0.076545 0.574063 0.076284 0.573021 0.075763 0.572673
0 0.069508 0.582750 0.068987 0.585530 0.068205 0.585530 0.067423 0.584140 0.066120 0.584140 0.065860 0.584835 0.065860 0.590047 0.067684 0.592480 0.067684 0.594912 0.071332 0.588310 0.076284 0.588310 0.073939 0.585183 0.074199 0.581360 0.071332 0.581360
0 0.061429 0.578580 0.059605 0.581360 0.059084 0.586573 0.056477 0.588310 0.055435 0.591090 0.054914 0.594912 0.055174 0.595607 0.057520 0.595260 0.058041 0.593870 0.059605 0.592480 0.060647 0.595607 0.065860 0.592480 0.065860 0.586920 0.064035 0.585530 0.062732 0.581360
0 0.056477 0.600124 0.055174 0.604294 0.058041 0.605337 0.060126 0.607074 0.066381 0.596650 0.064296 0.594565 0.061690 0.593870 0.058823 0.595955 0.057520 0.597692
0 0.230046 0.668926 0.226658 0.668926 0.224573 0.667536 0.223791 0.667536 0.223270 0.666842 0.220664 0.666494 0.220664 0.667189 0.220143 0.667189 0.220143 0.667884 0.219361 0.667884 0.218840 0.668926 0.219361 0.669274 0.219361 0.669969 0.217015 0.670664 0.217015 0.671706 0.218318 0.673444 0.220664 0.674486 0.219361 0.674834 0.219361 0.675529 0.218579 0.676571 0.219361 0.677266 0.220403 0.677266 0.221185 0.678309 0.227440 0.678309 0.227701 0.677614 0.225876 0.676919 0.225616 0.675876 0.224573 0.675876 0.224573 0.674486 0.226137 0.673791 0.226397 0.673096 0.231610 0.673096 0.231870 0.671011
0 0.209718 0.612286 0.206070 0.613329 0.203203 0.615761 0.206070 0.621321 0.207894 0.623406 0.207894 0.624101 0.209458 0.625491 0.209979 0.624796 0.211021 0.619584 0.210761 0.615066
0 0.167499 0.596650 0.171147 0.598040 0.172190 0.602209 0.176360 0.605684 0.176620 0.606379 0.180530 0.606379 0.182614 0.609854 0.186524 0.603599 0.187566 0.602904 0.189912 0.599777 0.184178 0.591785 0.183657 0.591785 0.181051 0.587615 0.180530 0.587615 0.179487 0.584140 0.175578 0.584140 0.178705 0.580318 0.178705 0.579623 0.177402 0.577191 0.175057 0.575801 0.174535 0.575801 0.173754 0.578233 0.173754 0.579623 0.172190 0.579623 0.172190 0.581013 0.171147 0.582750 0.171408 0.583793 0.171147 0.587268 0.178445 0.592827 0.179226 0.593870 0.176620 0.593870 0.176620 0.592827 0.175317 0.591090 0.173232 0.591437 0.172450 0.592132 0.170366 0.591090 0.168281 0.591437
0 0.168134 0.608827 0.168867 0.616324 0.173756 0.617302 0.174734 0.615998 0.177912 0.615020 0.179379 0.614043 0.179379 0.611435 0.178890 0.611109 0.178401 0.607198 0.173756 0.605894 0.170823 0.603286 0.169845 0.605894 0.169845 0.606872
0 0.158600 0.596442 0.160311 0.601657 0.165445 0.604916 0.168867 0.607850 0.171312 0.605568 0.171556 0.602961 0.170578 0.599049 0.167645 0.596768 0.160800 0.595138
0 0.144910 0.600679 0.150044 0.599049 0.152733 0.603286 0.156644 0.601983 0.162511 0.602635 0.163000 0.608176 0.160556 0.610783 0.154444 0.612087 0.152244 0.610783 0.151511 0.609805 0.148822 0.608502 0.147355 0.612087 0.144177 0.609805 0.140999 0.603938
0 0.120220 0.641096 0.120220 0.643051 0.127065 0.645007 0.130243 0.640770 0.131954 0.637510 0.131221 0.631643 0.133176 0.632621 0.133665 0.626428 0.132199 0.624473 0.129510 0.623495 0.124865 0.632295 0.120709 0.638488
0 0.090641 0.630014 0.086241 0.630340 0.088196 0.625125 0.093575 0.620235 0.096997 0.619909 0.105797 0.629688 0.107753 0.629688 0.109464 0.638162 0.109709 0.653482 0.108731 0.653807 0.094308 0.647615 0.095530 0.641748 0.096019 0.636207 0.095041 0.635881 0.092108 0.631969
0 0.081841 0.632295 0.084041 0.643703 0.084041 0.645659 0.085019 0.646637 0.085996 0.646637 0.090641 0.648592 0.094552 0.645985 0.096019 0.639466 0.093086 0.636859 0.091619 0.633273 0.088196 0.634577 0.085752 0.632947
0 0.018037 0.663260 0.024882 0.662608 0.024882 0.667823 0.025371 0.670431 0.028549 0.669779 0.028794 0.672060 0.026838 0.673364 0.023904 0.673364 0.021949 0.674016 0.019749 0.670431 0.017060 0.668149
0 0.000192 0.689661 0.005570 0.689661 0.004592 0.695528 0.002148 0.704003 0.000000 0.706610
0 0.059840 0.694876 0.057150 0.694224 0.056906 0.693573 0.055928 0.693573 0.054461 0.694876 0.053728 0.697158 0.053239 0.697484 0.053484 0.702047 0.053728 0.702699 0.055439 0.704003 0.055439 0.704654 0.057884 0.706284 0.058373 0.705958 0.058862 0.704329 0.059595 0.703351 0.060084 0.703351 0.060084 0.702699 0.060817 0.701721 0.060817 0.697484
0 0.066929 0.696180 0.062040 0.696180 0.059840 0.706284 0.060817 0.708892 0.062040 0.709544 0.062773 0.709218 0.063262 0.703025 0.066684 0.702699 0.067418 0.698788
0 0.062773 0.686728 0.059595 0.688357 0.059595 0.689661 0.059106 0.689661 0.059106 0.692269 0.055928 0.691617 0.055684 0.692269 0.051528 0.693246 0.053484 0.696506 0.056906 0.694224 0.060817 0.694876 0.063751 0.696180 0.066684 0.692921 0.073529 0.694550 0.074507 0.693573 0.073529 0.690313 0.066440 0.688357 0.065706 0.686728
0 0.078907 0.687380 0.076707 0.694224 0.076707 0.694876 0.078663 0.698788 0.080618 0.697810 0.081352 0.694224 0.083063 0.693573 0.083063 0.692921
0 0.094552 0.713455 0.089174 0.715085 0.093086 0.719648 0.093086 0.720300 0.093575 0.720626 0.093575 0.721277 0.096264 0.726493 0.100175 0.726167 0.100175 0.724863 0.097241 0.719648 0.096752 0.719648 0.095775 0.716388 0.095286 0.716388
0 0.108731 0.706936 0.100908 0.707914 0.100908 0.712477 0.097730 0.713455 0.095041 0.715085 0.095041 0.716388 0.098219 0.718344 0.098953 0.718344 0.107020 0.714759 0.108731 0.713455 0.108731 0.711173 0.111420 0.708892
0 0.113620 0.709544 0.109709 0.711825 0.110442 0.715085 0.106531 0.718018 0.110442 0.718996 0.114109 0.718996 0.117287 0.717040 0.118020 0.714107 0.115087 0.713129
0 0.163489 0.707914 0.160800 0.705632 0.157133 0.705306 0.155666 0.702699 0.154200 0.704980 0.153711 0.708240 0.155178 0.708566 0.155666 0.713455 0.162022 0.713781 0.163245 0.713129
0 0.152733 0.741486 0.153955 0.744745 0.154200 0.750612 0.160556 0.751264 0.161778 0.751916 0.162022 0.745723 0.161533 0.744094 0.157133 0.742138
0 0.178156 0.808630 0.180112 0.804393 0.182801 0.802763 0.185246 0.802111 0.186957 0.803089 0.187201 0.812867 0.184024 0.816779 0.180357 0.818408 0.180357 0.814823 0.178645 0.812867
0 0.035394 0.694876 0.037349 0.697810 0.038083 0.703351 0.042483 0.702373 0.045905 0.700417 0.043461 0.698136 0.041750 0.694550 0.038816 0.691943 0.036861 0.691943
0 0.073040 0.753546 0.068395 0.756153 0.068395 0.757783 0.064973 0.758761 0.062529 0.761368 0.058617 0.762020 0.057884 0.763976 0.062529 0.772450 0.067173 0.771799 0.070840 0.769517 0.075485 0.763324 0.074507 0.756153
0 0.071818 0.745071 0.067173 0.746375 0.063262 0.748331 0.067662 0.750938 0.072796 0.750938 0.071818 0.753546 0.071818 0.754198 0.072307 0.754524 0.075485 0.755176 0.076707 0.752894 0.076463 0.747679
0 0.081841 0.722907 0.079640 0.722907 0.079640 0.719974 0.078907 0.718670 0.077196 0.718670 0.074018 0.720300 0.073529 0.722907 0.073040 0.722907 0.071573 0.725515 0.071573 0.727144 0.071818 0.727796 0.072307 0.727796 0.072551 0.729752 0.071329 0.731382 0.070596 0.731382 0.070351 0.732686 0.075485 0.732686 0.078663 0.731056 0.078907 0.730078 0.081107 0.729752 0.081596 0.727470 0.077440 0.727470 0.080618 0.727144 0.082085 0.725841
0 0.140755 0.674342 0.140755 0.678579 0.143444 0.680861 0.148333 0.681187 0.151022 0.679231 0.151266 0.678579 0.152244 0.678253 0.152244 0.676297 0.148088 0.676297 0.147355 0.673690 0.145644 0.672386 0.142221 0.672060
0 0.075729 0.768865 0.077929 0.773102 0.082085 0.775384 0.086974 0.781577 0.090152 0.781577 0.090885 0.774732 0.090641 0.772450 0.086730 0.771147 0.085752 0.768539 0.080618 0.768539 0.079152 0.764628 0.076707 0.763976 0.076463 0.766258
0 0.039305 0.776036 0.037594 0.774080 0.036616 0.773754 0.034660 0.774080 0.033194 0.773102 0.031727 0.773102 0.031238 0.773754 0.029771 0.774080 0.019749 0.779295 0.019993 0.782555 0.026104 0.782881 0.026349 0.782229 0.027327 0.781903 0.027571 0.780599 0.028794 0.780273 0.033438 0.780273 0.033438 0.781251 0.033927 0.781903 0.035394 0.781903 0.037349 0.780599 0.037838 0.779621 0.040283 0.779621 0.040527 0.778969 0.040283 0.778317
0 0.026104 0.764628 0.023660 0.766258 0.022193 0.766258 0.022438 0.767561 0.023415 0.768539 0.024149 0.771147 0.023904 0.776362 0.027571 0.775710 0.028794 0.774080 0.028794 0.771147 0.026838 0.768213 0.028060 0.765932
0 0.059106 0.823297 0.057639 0.824275 0.056662 0.822971 0.055928 0.822971 0.050795 0.824927 0.048595 0.835031 0.049083 0.835357 0.047861 0.839269 0.054950 0.839269 0.055928 0.836661 0.060084 0.837313 0.061551 0.835031 0.061551 0.833728 0.062040 0.832424 0.062773 0.831772 0.062773 0.831120 0.061795 0.829816 0.061306 0.829816 0.060573 0.825253
0 0.007037 0.832424 0.002637 0.833728 0.002881 0.846113 0.006548 0.846765 0.008504 0.844810 0.010948 0.839269 0.009237 0.835031
0 0.094552 0.816453 0.097730 0.832098 0.100908 0.834379 0.102864 0.834379 0.106042 0.831446 0.106775 0.831446 0.110198 0.828838 0.109709 0.824601 0.105308 0.824601 0.100908 0.825253 0.099197 0.818408 0.097241 0.816779
0 0.094552 0.809282 0.094552 0.816453 0.097975 0.816779 0.098464 0.818082 0.102375 0.821994 0.102864 0.821016 0.103108 0.818408 0.106042 0.819060 0.106042 0.819712 0.108731 0.820690 0.110198 0.816779 0.109709 0.812867 0.105308 0.813519 0.104820 0.814171 0.101397 0.814171 0.100908 0.813193 0.098464 0.811889
0 0.103108 0.842854 0.101886 0.844484 0.097241 0.844484 0.096264 0.850677 0.096264 0.851328 0.096997 0.851328 0.096997 0.854914 0.103597 0.855892 0.105064 0.844158
0 0.083063 0.862085 0.085263 0.866974 0.094063 0.865996 0.093575 0.861433 0.094797 0.856869 0.093575 0.854588 0.092108 0.856869 0.089663 0.855892 0.086485 0.856869
0 0.080374 0.803741 0.083796 0.815475 0.084285 0.815475 0.086241 0.817431 0.086241 0.818082 0.088196 0.819060 0.088685 0.819060 0.089663 0.817431 0.094552 0.818082 0.094797 0.814171 0.094308 0.813519 0.094063 0.808630 0.097241 0.807978 0.098708 0.804393 0.098953 0.800807 0.095775 0.800807 0.093086 0.800156 0.091619 0.801133 0.089174 0.801133 0.085996 0.800156 0.084285 0.800807 0.082330 0.803089
0 0.066440 0.812867 0.066929 0.819712 0.073774 0.824601 0.080374 0.825905 0.083796 0.827535 0.084774 0.828512 0.085507 0.828512 0.085019 0.821994 0.084285 0.821016 0.083307 0.815801 0.082574 0.814823 0.082085 0.807978 0.080374 0.803415 0.077929 0.803741 0.075974 0.806674 0.075240 0.809934 0.073774 0.811238 0.068640 0.811889
0 0.074296 0.826009 0.081576 0.832682 0.082031 0.832682 0.086353 0.831772 0.088400 0.829042 0.085215 0.826313 0.084760 0.828132 0.084305 0.828132 0.078619 0.825706
0 0.066562 0.839961 0.066562 0.846937 0.068837 0.851183 0.071339 0.851486 0.071567 0.855429 0.073842 0.856946 0.074296 0.856642 0.074751 0.854823 0.077481 0.854823 0.078164 0.851486 0.076571 0.851183 0.076571 0.846634 0.073387 0.844814 0.073387 0.844207 0.072932 0.843904 0.072932 0.842691 0.069520 0.840871
0 0.059738 0.813877 0.062013 0.818427 0.063833 0.819337 0.066335 0.816304 0.065880 0.812967 0.064743 0.812057
0 0.058373 0.843904 0.052686 0.848453 0.050184 0.851486 0.050412 0.854823 0.051094 0.856946 0.056326 0.864528 0.059283 0.866651 0.079983 0.866651 0.079983 0.864225 0.076571 0.864225 0.075206 0.865438 0.073614 0.864528 0.073387 0.860585 0.072477 0.860585 0.070202 0.854519 0.067472 0.849060 0.066107 0.846634 0.063150 0.846634 0.062013 0.843601
0 0.045635 0.841477 0.046772 0.844207 0.046545 0.843601 0.043587 0.842084 0.042450 0.842084 0.039948 0.843904 0.039720 0.847240 0.038356 0.848453 0.037901 0.849666 0.037446 0.849666 0.037446 0.850576 0.037901 0.851183 0.039720 0.852093 0.043360 0.851790 0.045407 0.850880 0.048137 0.850576 0.048137 0.849970 0.049957 0.849666 0.056554 0.846027 0.056326 0.845117 0.053369 0.844510 0.052914 0.842691 0.051549 0.842691 0.049274 0.839961 0.047227 0.839658
0 0.042859 0.788347 0.041188 0.789620 0.041188 0.792484 0.042142 0.794711 0.045245 0.794711 0.046200 0.795984 0.047632 0.796302 0.047632 0.797257 0.050496 0.797257 0.050018 0.793438 0.048109 0.793120 0.047393 0.790892 0.045006 0.789620
0 0.036653 0.832260 0.030210 0.831306 0.028539 0.832897 0.028539 0.834488 0.030448 0.836079 0.033789 0.836079 0.036892 0.837988 0.037847 0.837988 0.039517 0.837670 0.038324 0.834169
0 0.535803 0.677593 0.529750 0.682815 0.531887 0.686138 0.540787 0.686613 0.539007 0.681391 0.537939 0.681391
0 0.470648 0.627273 0.463171 0.629172 0.461747 0.627273 0.461747 0.633919 0.462459 0.634394 0.462459 0.635818 0.464595 0.638192 0.465307 0.638192 0.467088 0.630121 0.469936 0.635818 0.478837 0.635818 0.480261 0.636767 0.478481 0.636293 0.477413 0.634869 0.476701 0.628223 0.473496 0.626798
0 0.415462 0.644363 0.411902 0.646736 0.411902 0.648635 0.409765 0.654807 0.410121 0.655756 0.410834 0.656231 0.415462 0.658130 0.418310 0.662402 0.418310 0.657655 0.417954 0.657180 0.417954 0.654807 0.416886 0.652908 0.416886 0.650059
0 0.423295 0.680441 0.418310 0.682815 0.418666 0.686613 0.418310 0.687088 0.426855 0.687562 0.433976 0.689936 0.433976 0.685189 0.436468 0.682815 0.435756 0.682815 0.435044 0.681866 0.428279 0.681866 0.428279 0.680916
0 0.406227 0.730260 0.397864 0.732384 0.395873 0.736632 0.397864 0.744066 0.408616 0.739287
0 0.275606 0.576277 0.272420 0.573091 0.267243 0.573091 0.262863 0.584773 0.268040 0.589551 0.276004 0.586896 0.273615 0.581587
0 0.372101 0.732730 0.367476 0.733141 0.368710 0.737663 0.368710 0.738896 0.367476 0.740129 0.367476 0.740951 0.372717 0.741362 0.373950 0.742184 0.375184 0.742184 0.377033 0.739718 0.377033 0.738485 0.376108 0.737663 0.373950 0.737252 0.373642 0.736430
0 0.514530 0.545291 0.518538 0.550634 0.521313 0.551045 0.523162 0.548579 0.525320 0.548579 0.529636 0.550634 0.533644 0.549812 0.534877 0.546935 0.533953 0.538714 0.535186 0.534603 0.540118 0.535425 0.540427 0.533781 0.541043 0.533781 0.541043 0.528848 0.542585 0.528026 0.543818 0.524327 0.542585 0.521038 0.528095 0.531726 0.524087 0.537481 0.517921 0.539947 0.512989 0.538714
0 0.418868 0.513271 0.413697 0.507411 0.409302 0.505687 0.413180 0.503274 0.408785 0.503619 0.402321 0.505342 0.402321 0.507066 0.401804 0.507411 0.401029 0.510858 0.414731 0.513960
0 0.240804 0.286234 0.240804 0.290613 0.239908 0.294992 0.243790 0.295390 0.246776 0.294196 0.247970 0.291011 0.246477 0.289021 0.243491 0.286632
0 0.523925 0.159348 0.527344 0.159375 0.528125 0.159375 0.537500 0.172917 0.538281 0.173958 0.539844 0.179167 0.540625 0.180208 0.540625 0.184375 0.540625 0.185417 0.536719 0.194792 0.535937 0.195833 0.534375 0.194792 0.533594 0.193750 0.532813 0.189583 0.532813 0.188542 0.530469 0.184375 0.530469 0.183333 0.524219 0.175000 0.524198 0.171929 0.521895 0.166450
0 0.707562 0.217429 0.707562 0.228168 0.715616 0.230939 0.717435 0.227822 0.717695 0.225050 0.711459 0.219508
0 0.751991 0.286021 0.748093 0.286713 0.746275 0.288445 0.746015 0.297452 0.745495 0.298492 0.747574 0.299184 0.749392 0.299184 0.750172 0.296760 0.754849 0.296067 0.754589 0.289831
0 0.695049 0.193404 0.699219 0.200000 0.702079 0.202774 0.702344 0.208333 0.703125 0.209375 0.705207 0.216671 0.706248 0.219792 0.706248 0.230218 0.705469 0.236802 0.701555 0.239581 0.697656 0.239583 0.683594 0.240625 0.682813 0.240625 0.682813 0.228125 0.682813 0.227083 0.686719 0.215625 0.687500 0.214583 0.689844 0.201042 0.689844 0.200000 0.693750 0.193750
0 0.769138 0.230939 0.764722 0.230247 0.763163 0.229554 0.761344 0.227475 0.758746 0.227822 0.756407 0.229900 0.757707 0.232672 0.760045 0.231632 0.762123 0.234750 0.760045 0.236136 0.760045 0.239254 0.770697 0.239600 0.769398 0.236482
0 0.538577 0.036139 0.535745 0.037083 0.534093 0.039601 0.535509 0.044636 0.537869 0.047784 0.538813 0.047469 0.540465 0.040860 0.539757 0.038342
0 0.038464 0.144709 0.037908 0.146566 0.042919 0.146194 0.042919 0.143967 0.047653 0.137656 0.042919 0.137285 0.041527 0.139141 0.036515 0.140626 0.034288 0.140626 0.034288 0.143224
