0 0.894531 0.000000 0.920312 0.000000 0.921094 0.000000 0.921094 0.001042 0.921875 0.002083 0.931250 0.004167 0.932031 0.004167 0.966406 0.018750 0.967187 0.019792 0.984375 0.025000 0.985156 0.025000 0.998437 0.031250 0.999219 0.031250 0.999219 0.286458 0.999219 0.287500 0.975781 0.278125 0.975000 0.278125 0.958594 0.267708 0.957812 0.266667 0.955469 0.266667 0.954688 0.266667 0.946875 0.262500 0.946094 0.262500 0.939063 0.257292 0.938281 0.257292 0.935937 0.254167 0.935156 0.253125 0.934375 0.247917 0.934375 0.246875 0.932813 0.244792 0.932031 0.243750 0.916406 0.236458 0.915625 0.236458 0.914062 0.234375 0.913281 0.233333 0.910937 0.221875 0.910937 0.220833 0.909375 0.218750 0.908594 0.217708 0.903125 0.214583 0.902344 0.213542 0.898438 0.205208 0.898438 0.204167 0.868750 0.163542 0.867969 0.162500 0.867188 0.159375 0.866406 0.158333 0.867188 0.142708 0.867969 0.141667 0.867188 0.131250 0.867188 0.130208 0.869531 0.120833 0.870313 0.119792 0.872656 0.104167 0.873437 0.103125 0.875000 0.085417 0.875000 0.084375 0.878125 0.067708 0.878906 0.066667 0.879687 0.057292 0.879687 0.056250 0.885938 0.032292 0.886719 0.031250 0.887500 0.022917 0.887500 0.021875 0.890625 0.008333 0.890625 0.007292 0.894531 0.000000
0 0.926562 0.576042 0.929688 0.576042 0.930469 0.576042 0.932813 0.579167 0.933594 0.580208 0.940625 0.583333 0.941406 0.583333 0.942187 0.588542 0.942969 0.589583 0.942187 0.594792 0.942187 0.595833 0.949219 0.605208 0.950000 0.606250 0.952344 0.613542 0.953125 0.614583 0.953125 0.616667 0.953125 0.617708 0.950000 0.625000 0.949219 0.626042 0.948438 0.633333 0.948438 0.634375 0.943750 0.644792 0.942969 0.645833 0.942969 0.652083 0.942969 0.653125 0.939063 0.669792 0.939063 0.670833 0.936719 0.676042 0.936719 0.677083 0.934375 0.678125 0.933594 0.679167 0.919531 0.678125 0.918750 0.678125 0.915625 0.675000 0.914844 0.673958 0.906250 0.670833 0.905469 0.670833 0.903906 0.669792 0.903125 0.668750 0.902344 0.652083 0.901563 0.651042 0.892188 0.646875 0.891406 0.645833 0.878906 0.645833 0.878125 0.645833 0.876563 0.644792 0.875781 0.643750 0.875781 0.641667 0.875000 0.640625 0.875000 0.636458 0.875000 0.635417 0.880469 0.625000 0.881250 0.623958 0.892188 0.619792 0.892969 0.619792 0.899219 0.613542 0.900000 0.613542 0.903125 0.608333 0.903906 0.607292 0.909375 0.603125 0.910156 0.602083 0.910937 0.598958 0.911719 0.597917 0.911719 0.590625 0.911719 0.589583 0.917188 0.587500 0.917969 0.587500 0.926562 0.576042
0 0.827344 0.594792 0.846094 0.601042 0.846875 0.602083 0.856250 0.603125 0.857031 0.603125 0.881250 0.616667 0.882031 0.616667 0.882812 0.619792 0.882812 0.620833 0.875781 0.628125 0.875000 0.629167 0.874219 0.645833 0.874219 0.646875 0.871094 0.647917 0.870313 0.648958 0.836719 0.647917 0.835938 0.647917 0.828125 0.642708 0.827344 0.642708 0.825781 0.639583 0.825000 0.638542 0.825000 0.619792 0.825000 0.618750 0.821094 0.608333 0.820312 0.607292 0.820312 0.603125 0.820312 0.602083 0.827344 0.594792
0 0.886719 0.646875 0.893750 0.650000 0.894531 0.650000 0.900781 0.657292 0.901563 0.658333 0.900781 0.666667 0.900000 0.667708 0.894531 0.669792 0.893750 0.669792 0.886719 0.666667 0.885938 0.665625 0.877344 0.665625 0.876563 0.665625 0.874219 0.662500 0.873437 0.661458 0.871875 0.657292 0.871875 0.656250 0.875000 0.650000 0.875781 0.648958 0.886719 0.646875
0 0.538281 0.391667 0.553906 0.393750 0.554688 0.393750 0.560937 0.396875 0.561719 0.396875 0.570312 0.418750 0.570312 0.419792 0.583594 0.445833 0.583594 0.446875 0.614844 0.490625 0.615625 0.491667 0.626563 0.501042 0.627344 0.501042 0.628906 0.503125 0.629687 0.504167 0.629687 0.506250 0.629687 0.507292 0.603125 0.510417 0.602344 0.511458 0.563281 0.510417 0.562500 0.509375 0.535937 0.510417 0.535156 0.510417 0.534375 0.506250 0.533594 0.505208 0.532813 0.443750 0.532813 0.442708 0.535937 0.394792 0.535937 0.393750 0.538281 0.391667
0 0.395313 0.054167 0.410938 0.055208 0.411719 0.055208 0.457031 0.067708 0.457813 0.068750 0.484375 0.071875 0.485156 0.071875 0.488281 0.073958 0.489063 0.073958 0.494531 0.081250 0.495312 0.082292 0.500000 0.095833 0.500781 0.096875 0.500781 0.111458 0.500781 0.112500 0.498437 0.128125 0.497656 0.129167 0.496875 0.140625 0.496875 0.141667 0.491406 0.154167 0.490625 0.155208 0.490625 0.161458 0.490625 0.162500 0.497656 0.172917 0.498437 0.173958 0.505469 0.181250 0.506250 0.182292 0.506250 0.188542 0.506250 0.189583 0.501563 0.195833 0.500781 0.196875 0.470313 0.221875 0.469531 0.222917 0.455469 0.229167 0.454688 0.229167 0.435156 0.241667 0.434375 0.241667 0.432031 0.238542 0.431250 0.237500 0.428906 0.228125 0.428125 0.227083 0.429688 0.222917 0.430469 0.221875 0.429688 0.214583 0.429688 0.213542 0.428125 0.211458 0.427344 0.210417 0.421875 0.209375 0.421094 0.209375 0.415625 0.194792 0.414844 0.193750 0.413281 0.181250 0.413281 0.180208 0.414062 0.167708 0.414062 0.166667 0.416406 0.155208 0.417187 0.154167 0.417187 0.147917 0.417969 0.146875 0.417187 0.126042 0.417187 0.125000 0.413281 0.107292 0.413281 0.106250 0.411719 0.103125 0.410938 0.102083 0.408594 0.092708 0.408594 0.091667 0.398438 0.070833 0.397656 0.069792 0.394531 0.060417 0.393750 0.059375 0.395313 0.054167
0 0.607812 0.118750 0.610156 0.119792 0.610938 0.119792 0.611719 0.123958 0.611719 0.125000 0.603125 0.207292 0.602344 0.208333 0.601562 0.230208 0.601562 0.231250 0.599219 0.236458 0.599219 0.237500 0.589063 0.250000 0.588281 0.251042 0.583594 0.253125 0.582812 0.254167 0.577344 0.253125 0.576562 0.253125 0.570312 0.248958 0.569531 0.247917 0.564844 0.232292 0.564844 0.231250 0.554688 0.216667 0.553906 0.215625 0.552344 0.208333 0.551562 0.207292 0.553125 0.190625 0.553125 0.189583 0.560156 0.170833 0.560156 0.169792 0.582031 0.138542 0.582812 0.137500 0.589844 0.130208 0.590625 0.129167 0.601562 0.121875 0.602344 0.120833 0.607812 0.118750
0 0.516406 0.086458 0.519531 0.086458 0.520312 0.086458 0.527344 0.094792 0.528125 0.095833 0.528906 0.100000 0.529687 0.101042 0.522656 0.135417 0.522656 0.136458 0.519531 0.144792 0.519531 0.145833 0.514062 0.152083 0.513281 0.153125 0.506250 0.155208 0.505469 0.156250 0.500000 0.153125 0.499219 0.153125 0.498437 0.150000 0.497656 0.148958 0.499219 0.121875 0.499219 0.120833 0.502344 0.105208 0.502344 0.104167 0.504687 0.098958 0.504687 0.097917 0.508594 0.091667 0.509375 0.090625 0.516406 0.086458
0 0.716406 0.237500 0.739844 0.238542 0.740625 0.238542 0.753906 0.244792 0.754687 0.244792 0.757812 0.252083 0.757812 0.253125 0.762500 0.256250 0.763281 0.257292 0.764844 0.263542 0.764844 0.264583 0.767969 0.267708 0.768750 0.268750 0.769531 0.271875 0.770312 0.272917 0.768750 0.277083 0.767969 0.278125 0.769531 0.283333 0.769531 0.284375 0.773438 0.289583 0.774219 0.290625 0.785156 0.300000 0.785937 0.300000 0.786719 0.302083 0.787500 0.303125 0.786719 0.307292 0.786719 0.308333 0.772656 0.317708 0.771875 0.318750 0.764844 0.318750 0.764062 0.318750 0.756250 0.323958 0.755469 0.325000 0.745313 0.325000 0.744531 0.325000 0.740625 0.321875 0.739844 0.321875 0.726562 0.305208 0.725781 0.304167 0.721094 0.294792 0.720313 0.293750 0.719531 0.284375 0.719531 0.283333 0.715625 0.276042 0.714844 0.275000 0.714844 0.242708 0.714844 0.241667 0.716406 0.237500
0 0.599219 0.004167 0.604688 0.005208 0.605469 0.005208 0.612500 0.012500 0.613281 0.013542 0.616406 0.027083 0.617188 0.028125 0.615625 0.034375 0.614844 0.035417 0.616406 0.044792 0.616406 0.045833 0.611719 0.050000 0.610938 0.051042 0.603906 0.051042 0.603125 0.051042 0.600000 0.055208 0.599219 0.056250 0.591406 0.059375 0.590625 0.059375 0.589063 0.063542 0.588281 0.064583 0.587500 0.071875 0.587500 0.072917 0.585938 0.075000 0.585156 0.076042 0.582031 0.076042 0.581250 0.076042 0.578906 0.073958 0.578125 0.072917 0.570312 0.071875 0.569531 0.071875 0.568750 0.068750 0.568750 0.067708 0.570312 0.065625 0.571094 0.064583 0.569531 0.060417 0.569531 0.059375 0.564063 0.051042 0.563281 0.050000 0.562500 0.045833 0.561719 0.044792 0.561719 0.039583 0.561719 0.038542 0.564063 0.034375 0.564844 0.033333 0.564063 0.029167 0.564063 0.028125 0.565625 0.025000 0.565625 0.023958 0.574219 0.018750 0.575000 0.018750 0.578125 0.014583 0.578906 0.013542 0.582812 0.013542 0.583594 0.014583 0.588281 0.009375 0.589063 0.008333 0.593750 0.007292 0.594531 0.007292 0.599219 0.004167
0 0.858594 0.248958 0.861719 0.248958 0.862500 0.248958 0.866406 0.256250 0.867188 0.257292 0.867188 0.270833 0.867188 0.271875 0.864844 0.272917 0.864062 0.272917 0.860938 0.270833 0.860156 0.270833 0.857031 0.273958 0.856250 0.275000 0.856250 0.276042 0.856250 0.277083 0.853125 0.281250 0.852344 0.282292 0.848437 0.282292 0.847656 0.282292 0.841406 0.277083 0.840625 0.277083 0.837500 0.272917 0.837500 0.271875 0.843750 0.258333 0.843750 0.257292 0.848437 0.254167 0.849219 0.253125 0.856250 0.253125 0.857031 0.253125 0.858594 0.248958
0 0.796875 0.430208 0.802344 0.431250 0.803125 0.431250 0.809375 0.436458 0.810156 0.437500 0.812500 0.436458 0.813281 0.435417 0.821094 0.435417 0.821875 0.435417 0.829688 0.437500 0.830469 0.437500 0.841406 0.444792 0.842187 0.445833 0.846094 0.446875 0.846875 0.446875 0.848437 0.448958 0.848437 0.450000 0.846094 0.454167 0.846094 0.455208 0.844531 0.456250 0.843750 0.456250 0.842187 0.459375 0.841406 0.460417 0.845313 0.467708 0.846094 0.468750 0.845313 0.478125 0.845313 0.479167 0.842187 0.481250 0.841406 0.482292 0.837500 0.482292 0.836719 0.482292 0.829688 0.485417 0.828906 0.486458 0.814063 0.485417 0.813281 0.485417 0.810156 0.487500 0.809375 0.487500 0.803906 0.493750 0.803125 0.494792 0.793750 0.502083 0.792969 0.503125 0.776563 0.510417 0.775781 0.511458 0.771094 0.511458 0.770312 0.511458 0.769531 0.510417 0.768750 0.509375 0.768750 0.505208 0.768750 0.504167 0.772656 0.493750 0.772656 0.492708 0.777344 0.486458 0.778125 0.485417 0.778906 0.476042 0.778906 0.475000 0.785937 0.456250 0.786719 0.455208 0.789062 0.442708 0.789062 0.441667 0.796875 0.430208
0 0.760156 0.375000 0.762500 0.375000 0.763281 0.375000 0.765625 0.380208 0.766406 0.381250 0.771094 0.406250 0.771094 0.407292 0.777344 0.425000 0.777344 0.426042 0.775781 0.434375 0.775781 0.435417 0.772656 0.438542 0.771875 0.439583 0.767969 0.440625 0.767188 0.441667 0.758594 0.440625 0.757812 0.440625 0.751563 0.442708 0.750781 0.442708 0.743750 0.438542 0.742969 0.437500 0.740625 0.425000 0.739844 0.423958 0.743750 0.406250 0.743750 0.405208 0.753125 0.380208 0.753125 0.379167 0.753906 0.378125 0.754687 0.377083 0.760156 0.375000
0 0.717187 0.328125 0.725781 0.328125 0.726562 0.328125 0.738281 0.331250 0.739062 0.331250 0.739844 0.333333 0.740625 0.334375 0.740625 0.344792 0.740625 0.345833 0.735156 0.359375 0.734375 0.360417 0.726562 0.361458 0.725781 0.361458 0.717969 0.356250 0.717187 0.355208 0.713281 0.355208 0.712500 0.355208 0.702344 0.344792 0.701562 0.343750 0.701562 0.339583 0.701562 0.338542 0.703906 0.334375 0.704688 0.333333 0.710938 0.332292 0.711719 0.332292 0.713281 0.330208 0.714063 0.329167 0.717187 0.328125
0 0.773438 0.369792 0.775781 0.369792 0.776563 0.369792 0.786719 0.382292 0.787500 0.383333 0.787500 0.387500 0.787500 0.388542 0.779687 0.398958 0.778906 0.400000 0.776563 0.407292 0.775781 0.408333 0.772656 0.406250 0.771875 0.405208 0.768750 0.389583 0.767969 0.388542 0.768750 0.377083 0.768750 0.376042 0.773438 0.369792
0 0.996094 0.782292 0.998437 0.782292 0.999219 0.782292 0.999219 0.809375 0.999219 0.810417 0.993750 0.813542 0.992969 0.813542 0.990625 0.816667 0.989844 0.817708 0.990625 0.825000 0.991406 0.826042 0.991406 0.840625 0.991406 0.841667 0.989844 0.844792 0.989844 0.845833 0.985938 0.846875 0.985156 0.846875 0.983594 0.843750 0.982812 0.842708 0.973437 0.843750 0.972656 0.843750 0.966406 0.838542 0.965625 0.837500 0.964063 0.838542 0.963281 0.839583 0.963281 0.845833 0.962500 0.846875 0.956250 0.841667 0.955469 0.841667 0.953906 0.838542 0.953125 0.837500 0.950781 0.826042 0.950781 0.825000 0.957812 0.811458 0.957812 0.810417 0.960938 0.808333 0.961719 0.807292 0.966406 0.806250 0.967187 0.805208 0.973437 0.805208 0.974219 0.805208 0.978906 0.807292 0.979688 0.807292 0.982812 0.803125 0.983594 0.802083 0.985938 0.791667 0.985938 0.790625 0.996094 0.782292
0 0.867188 0.746875 0.881250 0.748958 0.882031 0.748958 0.887500 0.758333 0.888281 0.759375 0.895312 0.760417 0.896094 0.760417 0.896875 0.762500 0.897656 0.763542 0.896094 0.771875 0.896094 0.772917 0.892969 0.777083 0.892188 0.778125 0.871094 0.785417 0.870313 0.786458 0.860156 0.786458 0.859375 0.786458 0.855469 0.783333 0.854688 0.783333 0.852344 0.779167 0.851562 0.778125 0.853906 0.758333 0.853906 0.757292 0.857812 0.752083 0.858594 0.751042 0.867188 0.746875
0 0.978125 0.677083 0.983594 0.678125 0.984375 0.679167 0.985156 0.689583 0.985156 0.690625 0.983594 0.701042 0.982812 0.702083 0.982812 0.711458 0.982812 0.712500 0.979688 0.722917 0.979688 0.723958 0.978906 0.726042 0.978125 0.727083 0.972656 0.729167 0.971875 0.729167 0.969531 0.728125 0.968750 0.727083 0.967969 0.720833 0.967969 0.719792 0.969531 0.715625 0.970313 0.714583 0.975000 0.682292 0.975000 0.681250 0.978125 0.677083
0 0.922656 0.743750 0.926562 0.744792 0.927344 0.745833 0.930469 0.743750 0.931250 0.743750 0.932031 0.744792 0.932813 0.745833 0.932031 0.754167 0.932031 0.755208 0.928906 0.761458 0.928906 0.762500 0.924219 0.768750 0.923438 0.769792 0.916406 0.775000 0.915625 0.776042 0.912500 0.776042 0.911719 0.776042 0.907031 0.769792 0.906250 0.768750 0.907813 0.760417 0.907813 0.759375 0.912500 0.747917 0.913281 0.746875 0.922656 0.743750
0 0.592187 0.662500 0.607031 0.664583 0.607812 0.664583 0.610156 0.666667 0.610938 0.666667 0.615625 0.672917 0.616406 0.673958 0.616406 0.681250 0.616406 0.682292 0.613281 0.684375 0.612500 0.685417 0.605469 0.685417 0.604688 0.686458 0.597656 0.685417 0.596875 0.685417 0.592187 0.682292 0.591406 0.682292 0.587500 0.678125 0.586719 0.678125 0.585938 0.668750 0.585938 0.667708 0.586719 0.665625 0.587500 0.664583 0.592187 0.662500
0 0.278906 0.030208 0.295312 0.031250 0.296094 0.031250 0.298438 0.034375 0.299219 0.035417 0.298438 0.040625 0.298438 0.041667 0.294531 0.046875 0.293750 0.047917 0.286719 0.052083 0.285938 0.053125 0.276562 0.055208 0.275781 0.056250 0.265625 0.056250 0.264844 0.056250 0.264062 0.051042 0.263281 0.050000 0.264844 0.043750 0.264844 0.042708 0.278906 0.030208
0 0.242969 0.034375 0.250000 0.034375 0.250781 0.034375 0.257031 0.037500 0.257812 0.037500 0.260937 0.040625 0.261719 0.040625 0.263281 0.042708 0.264062 0.043750 0.264844 0.057292 0.264844 0.058333 0.260156 0.062500 0.259375 0.063542 0.247656 0.064583 0.246875 0.064583 0.244531 0.061458 0.243750 0.060417 0.244531 0.050000 0.244531 0.048958 0.242188 0.041667 0.241406 0.040625 0.242969 0.034375
0 0.021094 0.061458 0.025000 0.061458 0.025781 0.061458 0.031250 0.066667 0.032031 0.067708 0.032813 0.070833 0.032813 0.071875 0.029687 0.078125 0.028906 0.079167 0.021094 0.078125 0.020313 0.078125 0.018750 0.077083 0.017969 0.077083 0.016406 0.073958 0.015625 0.072917 0.014844 0.069792 0.014844 0.068750 0.021094 0.061458
0 0.013281 0.078125 0.016406 0.078125 0.017188 0.079167 0.020313 0.086458 0.020313 0.087500 0.030469 0.103125 0.031250 0.104167 0.032031 0.110417 0.032031 0.111458 0.030469 0.119792 0.029687 0.120833 0.026562 0.120833 0.025781 0.120833 0.022656 0.117708 0.021875 0.116667 0.018750 0.115625 0.017969 0.115625 0.011719 0.105208 0.010937 0.104167 0.010156 0.089583 0.010156 0.088542 0.013281 0.078125
0 0.003906 0.106250 0.012500 0.107292 0.013281 0.107292 0.017188 0.115625 0.017188 0.116667 0.010156 0.130208 0.010156 0.131250 0.007812 0.134375 0.007031 0.135417 0.000781 0.138542 0.000000 0.138542 0.000000 0.108333 0.000000 0.107292 0.003906 0.106250
0 0.008594 0.155208 0.010156 0.156250 0.010937 0.157292 0.016406 0.177083 0.016406 0.178125 0.014844 0.182292 0.014844 0.183333 0.000781 0.198958 0.000000 0.198958 0.000000 0.171875 0.000000 0.170833 0.001563 0.169792 0.002344 0.169792 0.004687 0.165625 0.005469 0.164583 0.008594 0.155208
0 0.039844 0.123958 0.042969 0.123958 0.043750 0.123958 0.046094 0.127083 0.046875 0.128125 0.048438 0.138542 0.048438 0.139583 0.046875 0.144792 0.046875 0.145833 0.043750 0.151042 0.042969 0.152083 0.037500 0.153125 0.036719 0.153125 0.034375 0.152083 0.033594 0.152083 0.031250 0.148958 0.030469 0.147917 0.028906 0.135417 0.028906 0.134375 0.032813 0.127083 0.033594 0.126042 0.039844 0.123958
0 0.028492 0.227147 0.030898 0.228345 0.033656 0.228908 0.036860 0.229815 0.047656 0.251042 0.048438 0.252083 0.050000 0.260417 0.050781 0.261458 0.050781 0.269792 0.050000 0.270833 0.044531 0.271875 0.043750 0.271875 0.041406 0.269792 0.040625 0.269792 0.025781 0.250000 0.025000 0.248958 0.023438 0.243750 0.022656 0.242708 0.022656 0.235417 0.022656 0.234375 0.025000 0.229167 0.025000 0.228125 0.027773 0.227387
0 0.012500 0.223958 0.018750 0.225000 0.019531 0.225000 0.020313 0.227083 0.021094 0.228125 0.020313 0.234375 0.020313 0.235417 0.005469 0.239583 0.004687 0.239583 0.003906 0.238542 0.003125 0.237500 0.003906 0.234375 0.003906 0.233333 0.012500 0.223958
0 0.013281 0.197917 0.015625 0.197917 0.016406 0.197917 0.023438 0.202083 0.024219 0.202083 0.026562 0.204167 0.027344 0.205208 0.027344 0.209375 0.027344 0.210417 0.025781 0.211458 0.025000 0.212500 0.019531 0.212500 0.018750 0.212500 0.014844 0.210417 0.014063 0.210417 0.012500 0.205208 0.011719 0.204167 0.011719 0.201042 0.011719 0.200000 0.013281 0.197917
0 0.091406 0.103125 0.099219 0.105208 0.100000 0.106250 0.106250 0.106250 0.107031 0.106250 0.115625 0.115625 0.116406 0.116667 0.117969 0.123958 0.117969 0.125000 0.110937 0.125000 0.110156 0.125000 0.105469 0.130208 0.104688 0.131250 0.100000 0.131250 0.099219 0.131250 0.089063 0.127083 0.088281 0.127083 0.085938 0.112500 0.085938 0.111458 0.086719 0.107292 0.086719 0.106250 0.091406 0.103125
0 0.106250 0.132292 0.115625 0.138542 0.116406 0.139583 0.121875 0.140625 0.122656 0.140625 0.125000 0.146875 0.125781 0.147917 0.125781 0.154167 0.125781 0.155208 0.125000 0.156250 0.124219 0.157292 0.119531 0.158333 0.118750 0.158333 0.116406 0.160417 0.115625 0.161458 0.110156 0.161458 0.109375 0.161458 0.101562 0.154167 0.100781 0.154167 0.100000 0.140625 0.100000 0.139583 0.102344 0.135417 0.103125 0.134375 0.106250 0.132292
0 0.131250 0.087500 0.138281 0.090625 0.139063 0.091667 0.145313 0.092708 0.146094 0.092708 0.153125 0.096875 0.153906 0.097917 0.153125 0.106250 0.153125 0.107292 0.150000 0.115625 0.150000 0.116667 0.147656 0.119792 0.146875 0.120833 0.140625 0.118750 0.139844 0.118750 0.128125 0.111458 0.127344 0.110417 0.127344 0.101042 0.127344 0.100000 0.125000 0.095833 0.124219 0.094792 0.126562 0.090625 0.127344 0.089583 0.131250 0.087500
0 0.219531 0.072917 0.225781 0.072917 0.226562 0.072917 0.229687 0.076042 0.230469 0.076042 0.235937 0.084375 0.236719 0.085417 0.236719 0.090625 0.236719 0.091667 0.234375 0.093750 0.233594 0.094792 0.225781 0.094792 0.225000 0.094792 0.214062 0.086458 0.213281 0.086458 0.212500 0.082292 0.211719 0.081250 0.212500 0.078125 0.212500 0.077083 0.214844 0.075000 0.215625 0.073958 0.219531 0.072917
0 0.177344 0.042708 0.179688 0.042708 0.180469 0.042708 0.182031 0.044792 0.182812 0.045833 0.183594 0.051042 0.184375 0.052083 0.184375 0.060417 0.184375 0.061458 0.180469 0.069792 0.180469 0.070833 0.177344 0.072917 0.176563 0.072917 0.173437 0.070833 0.172656 0.070833 0.171875 0.060417 0.171875 0.059375 0.169531 0.053125 0.169531 0.052083 0.177344 0.042708
0 0.163281 0.025000 0.169531 0.026042 0.170313 0.027083 0.167187 0.039583 0.167187 0.040625 0.164062 0.045833 0.163281 0.046875 0.160156 0.048958 0.159375 0.050000 0.155469 0.051042 0.154688 0.052083 0.148438 0.051042 0.147656 0.051042 0.146875 0.048958 0.146875 0.047917 0.149219 0.042708 0.149219 0.041667 0.163281 0.025000
0 0.223438 0.260417 0.228906 0.272917 0.229687 0.273958 0.228906 0.280208 0.228906 0.281250 0.230469 0.283333 0.231250 0.284375 0.236719 0.280208 0.237500 0.279167 0.244531 0.279167 0.245312 0.279167 0.247656 0.281250 0.248438 0.281250 0.254688 0.291667 0.255469 0.292708 0.265625 0.301042 0.266406 0.301042 0.267969 0.307292 0.268750 0.308333 0.266406 0.334375 0.266406 0.335417 0.264062 0.335417 0.263281 0.335417 0.259375 0.332292 0.258594 0.331250 0.257031 0.321875 0.257031 0.320833 0.255469 0.319792 0.254688 0.318750 0.239063 0.320833 0.238281 0.320833 0.236719 0.322917 0.235937 0.323958 0.235937 0.326042 0.235937 0.327083 0.233594 0.325000 0.232813 0.323958 0.225781 0.320833 0.225000 0.320833 0.215625 0.307292 0.214844 0.306250 0.210938 0.294792 0.210156 0.293750 0.208594 0.285417 0.208594 0.284375 0.204687 0.280208 0.203906 0.279167 0.201563 0.272917 0.201563 0.271875 0.203125 0.270833 0.203906 0.269792 0.212500 0.271875 0.213281 0.271875 0.214062 0.270833 0.214844 0.269792 0.214844 0.262500 0.215625 0.261458 0.223438 0.260417
0 0.192188 0.295833 0.196875 0.295833 0.197656 0.295833 0.203125 0.302083 0.203906 0.303125 0.208594 0.313542 0.209375 0.314583 0.211719 0.322917 0.212500 0.323958 0.215625 0.344792 0.215625 0.345833 0.210938 0.348958 0.210156 0.350000 0.200781 0.353125 0.200000 0.354167 0.181250 0.356250 0.180469 0.356250 0.175000 0.351042 0.174219 0.350000 0.171094 0.339583 0.170313 0.338542 0.170313 0.332292 0.170313 0.331250 0.172656 0.317708 0.172656 0.316667 0.175781 0.310417 0.176563 0.309375 0.192188 0.295833
0 0.297656 0.132292 0.307031 0.132292 0.307812 0.132292 0.308594 0.133333 0.309375 0.134375 0.309375 0.140625 0.309375 0.141667 0.303125 0.156250 0.302344 0.157292 0.300781 0.164583 0.300781 0.165625 0.300000 0.166667 0.299219 0.167708 0.296094 0.167708 0.295312 0.167708 0.291406 0.160417 0.290625 0.159375 0.289062 0.146875 0.289062 0.145833 0.292187 0.137500 0.292187 0.136458 0.293750 0.134375 0.294531 0.133333 0.297656 0.132292
0 0.347656 0.250000 0.356250 0.250000 0.357031 0.250000 0.358594 0.251042 0.359375 0.251042 0.361719 0.255208 0.362500 0.256250 0.361719 0.271875 0.361719 0.272917 0.363281 0.278125 0.363281 0.279167 0.358594 0.285417 0.357812 0.286458 0.353906 0.286458 0.353125 0.286458 0.349219 0.281250 0.348438 0.280208 0.332031 0.271875 0.331250 0.271875 0.329688 0.269792 0.328906 0.268750 0.328906 0.254167 0.329688 0.253125 0.340625 0.254167 0.341406 0.254167 0.347656 0.250000
0 0.651563 0.122917 0.655469 0.123958 0.656250 0.123958 0.657031 0.127083 0.657813 0.128125 0.658594 0.142708 0.658594 0.143750 0.656250 0.145833 0.655469 0.146875 0.650781 0.144792 0.650000 0.144792 0.641406 0.135417 0.640625 0.134375 0.640625 0.131250 0.640625 0.130208 0.642188 0.128125 0.642969 0.127083 0.651563 0.122917
0 0.402344 0.136458 0.406250 0.137500 0.407031 0.138542 0.410156 0.147917 0.410938 0.148958 0.413281 0.168750 0.414062 0.169792 0.414062 0.173958 0.414062 0.175000 0.412500 0.178125 0.411719 0.179167 0.408594 0.179167 0.407813 0.179167 0.403906 0.173958 0.403125 0.172917 0.403125 0.168750 0.403125 0.167708 0.398438 0.148958 0.397656 0.147917 0.399219 0.142708 0.399219 0.141667 0.402344 0.136458
0 0.407031 0.189583 0.408594 0.189583 0.409375 0.189583 0.413281 0.193750 0.414062 0.194792 0.420312 0.210417 0.421094 0.211458 0.426563 0.211458 0.427344 0.211458 0.428906 0.213542 0.429688 0.214583 0.429688 0.220833 0.429688 0.221875 0.425781 0.228125 0.425000 0.229167 0.421875 0.239583 0.421094 0.240625 0.417187 0.240625 0.416406 0.240625 0.410938 0.232292 0.410156 0.231250 0.410156 0.216667 0.410156 0.215625 0.407031 0.210417 0.406250 0.209375 0.404687 0.209375 0.403906 0.209375 0.401562 0.206250 0.400781 0.205208 0.404687 0.193750 0.404687 0.192708 0.407031 0.189583
0 0.375000 0.191667 0.379688 0.193750 0.380469 0.193750 0.382031 0.196875 0.382812 0.197917 0.383594 0.210417 0.383594 0.211458 0.380469 0.222917 0.380469 0.223958 0.378906 0.225000 0.378125 0.226042 0.372656 0.225000 0.371875 0.225000 0.367188 0.217708 0.366406 0.216667 0.367188 0.203125 0.367188 0.202083 0.375000 0.191667
0 0.426563 0.381250 0.430469 0.381250 0.431250 0.381250 0.434375 0.385417 0.435156 0.386458 0.442969 0.405208 0.443750 0.406250 0.444531 0.412500 0.444531 0.413542 0.439844 0.422917 0.439063 0.423958 0.435156 0.425000 0.434375 0.425000 0.432812 0.423958 0.432031 0.422917 0.428906 0.422917 0.428125 0.421875 0.423438 0.422917 0.422656 0.422917 0.421094 0.418750 0.420312 0.417708 0.419531 0.412500 0.419531 0.411458 0.421875 0.404167 0.422656 0.403125 0.423438 0.385417 0.423438 0.384375 0.426563 0.381250
0 0.342969 0.313542 0.347656 0.313542 0.348438 0.313542 0.357031 0.320833 0.357812 0.320833 0.358594 0.322917 0.359375 0.323958 0.359375 0.334375 0.359375 0.335417 0.361719 0.344792 0.362500 0.345833 0.362500 0.351042 0.362500 0.352083 0.360938 0.354167 0.360156 0.355208 0.357031 0.356250 0.356250 0.356250 0.346875 0.353125 0.346094 0.353125 0.338281 0.346875 0.337500 0.345833 0.329688 0.341667 0.328906 0.341667 0.328125 0.336458 0.328125 0.335417 0.335938 0.326042 0.336719 0.325000 0.342969 0.313542
0 0.289062 0.396875 0.292187 0.396875 0.292969 0.396875 0.294531 0.400000 0.295312 0.401042 0.297656 0.402083 0.298438 0.403125 0.307812 0.406250 0.308594 0.406250 0.311719 0.411458 0.312500 0.412500 0.311719 0.421875 0.311719 0.422917 0.307812 0.427083 0.307031 0.428125 0.303125 0.428125 0.302344 0.428125 0.296094 0.425000 0.295312 0.423958 0.286719 0.422917 0.285938 0.422917 0.282813 0.420833 0.282031 0.420833 0.281250 0.416667 0.280469 0.415625 0.280469 0.406250 0.280469 0.405208 0.285156 0.402083 0.285938 0.402083 0.289062 0.396875
0 0.295312 0.378125 0.298438 0.378125 0.299219 0.378125 0.301563 0.380208 0.302344 0.380208 0.303906 0.383333 0.304688 0.384375 0.304688 0.394792 0.304688 0.395833 0.301563 0.401042 0.300781 0.402083 0.297656 0.402083 0.296875 0.402083 0.296094 0.398958 0.295312 0.397917 0.294531 0.389583 0.293750 0.388542 0.293750 0.382292 0.293750 0.381250 0.295312 0.378125
0 0.243750 0.439583 0.247656 0.439583 0.248438 0.439583 0.250781 0.441667 0.251563 0.441667 0.253906 0.444792 0.254688 0.445833 0.254688 0.450000 0.254688 0.451042 0.239844 0.461458 0.239063 0.462500 0.235937 0.477083 0.235937 0.478125 0.225000 0.486458 0.224219 0.487500 0.216406 0.486458 0.215625 0.486458 0.215625 0.482292 0.215625 0.481250 0.213281 0.475000 0.212500 0.473958 0.211719 0.460417 0.211719 0.459375 0.214844 0.456250 0.215625 0.455208 0.227344 0.451042 0.228125 0.451042 0.243750 0.439583
0 0.264062 0.468750 0.268750 0.468750 0.269531 0.468750 0.278125 0.473958 0.278906 0.475000 0.278906 0.482292 0.278906 0.483333 0.276562 0.488542 0.275781 0.489583 0.246875 0.488542 0.246094 0.487500 0.246875 0.478125 0.247656 0.477083 0.251563 0.477083 0.252344 0.477083 0.259375 0.473958 0.260156 0.473958 0.264062 0.468750
0 0.193750 0.464583 0.198437 0.464583 0.199219 0.464583 0.202344 0.466667 0.203125 0.467708 0.204687 0.473958 0.205469 0.475000 0.203906 0.480208 0.203125 0.481250 0.189844 0.481250 0.189062 0.481250 0.181250 0.483333 0.180469 0.483333 0.175781 0.480208 0.175000 0.479167 0.174219 0.472917 0.174219 0.471875 0.177344 0.467708 0.178125 0.466667 0.189844 0.466667 0.190625 0.466667 0.193750 0.464583
0 0.169531 0.445833 0.171875 0.445833 0.172656 0.445833 0.174219 0.447917 0.175000 0.448958 0.176563 0.457292 0.177344 0.458333 0.177344 0.465625 0.177344 0.466667 0.173437 0.469792 0.172656 0.470833 0.165625 0.470833 0.164844 0.470833 0.156250 0.467708 0.155469 0.467708 0.153906 0.465625 0.153906 0.464583 0.157812 0.457292 0.157812 0.456250 0.160938 0.452083 0.161719 0.451042 0.169531 0.445833
0 0.093750 0.338542 0.096094 0.338542 0.096875 0.338542 0.099219 0.340625 0.100000 0.341667 0.101562 0.347917 0.102344 0.348958 0.103125 0.359375 0.103125 0.360417 0.107031 0.363542 0.107813 0.364583 0.109375 0.371875 0.109375 0.372917 0.107031 0.390625 0.107031 0.391667 0.096094 0.406250 0.095312 0.407292 0.091406 0.421875 0.090625 0.422917 0.087500 0.423958 0.086719 0.423958 0.081250 0.429167 0.080469 0.430208 0.064844 0.430208 0.064062 0.430208 0.061719 0.428125 0.060937 0.427083 0.057031 0.426042 0.056250 0.425000 0.057031 0.420833 0.057031 0.419792 0.060156 0.415625 0.060937 0.414583 0.057031 0.409375 0.056250 0.408333 0.053125 0.400000 0.052344 0.398958 0.046875 0.398958 0.046094 0.398958 0.038281 0.402083 0.037500 0.403125 0.033594 0.402083 0.032813 0.402083 0.031250 0.400000 0.030469 0.398958 0.030469 0.394792 0.030469 0.393750 0.032813 0.388542 0.033594 0.387500 0.034375 0.378125 0.034375 0.377083 0.039844 0.370833 0.040625 0.369792 0.042188 0.361458 0.042188 0.360417 0.044531 0.357292 0.045312 0.356250 0.053906 0.355208 0.054688 0.355208 0.063281 0.360417 0.064062 0.360417 0.071094 0.369792 0.071875 0.369792 0.075781 0.378125 0.076563 0.379167 0.086719 0.383333 0.087500 0.384375 0.088281 0.383333 0.089063 0.382292 0.089063 0.372917 0.089063 0.371875 0.092188 0.356250 0.092969 0.355208 0.089844 0.345833 0.089844 0.344792 0.090625 0.341667 0.090625 0.340625 0.093750 0.338542
0 0.125781 0.316667 0.127344 0.316667 0.128125 0.316667 0.134375 0.321875 0.135156 0.321875 0.143750 0.332292 0.144531 0.333333 0.146875 0.339583 0.147656 0.340625 0.147656 0.348958 0.146875 0.350000 0.134375 0.350000 0.133594 0.350000 0.122656 0.343750 0.121875 0.342708 0.118750 0.330208 0.118750 0.329167 0.121875 0.321875 0.121875 0.320833 0.125781 0.316667
0 0.135937 0.367708 0.139063 0.367708 0.139844 0.367708 0.139844 0.370833 0.139844 0.371875 0.135156 0.380208 0.134375 0.381250 0.132031 0.381250 0.131250 0.382292 0.130469 0.381250 0.129688 0.380208 0.129688 0.373958 0.129688 0.372917 0.135937 0.367708
0 0.051562 0.338542 0.061719 0.340625 0.062500 0.340625 0.066406 0.344792 0.067187 0.345833 0.067187 0.348958 0.067187 0.350000 0.065625 0.351042 0.064844 0.352083 0.053906 0.350000 0.053125 0.350000 0.050000 0.344792 0.049219 0.343750 0.049219 0.341667 0.049219 0.340625 0.051562 0.338542
0 0.247656 0.263542 0.253906 0.263542 0.254688 0.263542 0.257031 0.265625 0.257812 0.266667 0.257812 0.272917 0.257812 0.273958 0.255469 0.277083 0.254688 0.278125 0.247656 0.279167 0.246875 0.279167 0.242188 0.277083 0.241406 0.277083 0.241406 0.267708 0.241406 0.266667 0.247656 0.263542
0 0.168750 0.253125 0.171875 0.253125 0.172656 0.253125 0.172656 0.269792 0.171875 0.270833 0.169531 0.270833 0.168750 0.270833 0.167187 0.267708 0.166406 0.266667 0.166406 0.257292 0.166406 0.256250 0.168750 0.253125
0 0.144531 0.262500 0.148438 0.264583 0.149219 0.265625 0.149219 0.269792 0.149219 0.270833 0.146875 0.272917 0.146094 0.273958 0.144531 0.273958 0.143750 0.273958 0.141406 0.270833 0.140625 0.269792 0.140625 0.266667 0.140625 0.265625 0.144531 0.262500
0 0.484375 0.266667 0.489063 0.266667 0.489844 0.266667 0.496094 0.272917 0.496875 0.273958 0.496875 0.281250 0.496875 0.282292 0.495312 0.284375 0.494531 0.285417 0.489063 0.287500 0.488281 0.287500 0.485156 0.286458 0.484375 0.286458 0.481250 0.283333 0.480469 0.282292 0.479687 0.275000 0.479687 0.273958 0.481250 0.270833 0.481250 0.269792 0.484375 0.266667
0 0.450781 0.314583 0.452344 0.315625 0.453125 0.315625 0.458594 0.322917 0.459375 0.323958 0.459375 0.331250 0.459375 0.332292 0.456250 0.336458 0.455469 0.337500 0.449219 0.337500 0.448437 0.337500 0.442969 0.326042 0.442188 0.325000 0.442969 0.319792 0.443750 0.318750 0.450781 0.314583
0 0.475000 0.288542 0.478125 0.288542 0.478906 0.288542 0.479687 0.293750 0.479687 0.294792 0.485156 0.309375 0.485156 0.310417 0.482031 0.315625 0.481250 0.316667 0.468750 0.317708 0.467969 0.317708 0.467187 0.316667 0.466406 0.315625 0.467969 0.298958 0.467969 0.297917 0.475000 0.288542
0 0.515625 0.331250 0.517188 0.331250 0.517969 0.331250 0.517969 0.335417 0.517969 0.336458 0.513281 0.346875 0.513281 0.347917 0.510156 0.351042 0.509375 0.352083 0.507031 0.352083 0.506250 0.353125 0.503125 0.351042 0.502344 0.351042 0.501563 0.347917 0.500781 0.346875 0.501563 0.344792 0.501563 0.343750 0.503906 0.340625 0.504687 0.339583 0.515625 0.331250
0 0.498437 0.318750 0.505469 0.322917 0.506250 0.322917 0.507812 0.325000 0.508594 0.326042 0.508594 0.329167 0.508594 0.330208 0.505469 0.330208 0.504687 0.330208 0.502344 0.328125 0.501563 0.328125 0.498437 0.323958 0.497656 0.322917 0.498437 0.318750
0 0.525000 0.144792 0.526563 0.144792 0.527344 0.144792 0.530469 0.152083 0.531250 0.153125 0.535937 0.154167 0.536719 0.154167 0.542969 0.170833 0.543750 0.171875 0.543750 0.181250 0.543750 0.182292 0.542188 0.190625 0.542188 0.191667 0.547656 0.202083 0.548438 0.203125 0.551562 0.214583 0.552344 0.215625 0.551562 0.219792 0.551562 0.220833 0.548438 0.225000 0.547656 0.226042 0.537500 0.226042 0.536719 0.226042 0.529687 0.216667 0.528906 0.216667 0.528125 0.213542 0.527344 0.212500 0.526563 0.202083 0.525781 0.201042 0.525781 0.182292 0.525000 0.181250 0.525781 0.161458 0.525781 0.160417 0.524219 0.154167 0.523438 0.153125 0.525000 0.144792
0 0.664844 0.171875 0.669531 0.172917 0.670312 0.172917 0.671875 0.179167 0.671875 0.180208 0.669531 0.185417 0.669531 0.186458 0.664062 0.188542 0.663281 0.188542 0.662500 0.187500 0.661719 0.186458 0.660156 0.179167 0.660156 0.178125 0.664844 0.171875
0 0.645312 0.194792 0.649219 0.196875 0.650000 0.197917 0.650781 0.206250 0.650781 0.207292 0.647656 0.215625 0.646875 0.216667 0.641406 0.216667 0.640625 0.216667 0.635938 0.212500 0.635156 0.211458 0.633594 0.204167 0.633594 0.203125 0.635156 0.198958 0.635938 0.197917 0.645312 0.194792
0 0.630469 0.238542 0.635156 0.240625 0.635938 0.240625 0.639062 0.244792 0.639844 0.245833 0.639844 0.253125 0.639062 0.254167 0.635156 0.254167 0.634375 0.254167 0.628906 0.248958 0.628125 0.248958 0.627344 0.242708 0.627344 0.241667 0.630469 0.238542
0 0.771094 0.164583 0.783594 0.164583 0.784375 0.164583 0.796094 0.173958 0.796094 0.175000 0.795312 0.176042 0.795312 0.177083 0.789062 0.176042 0.788281 0.176042 0.786719 0.178125 0.785937 0.178125 0.785156 0.180208 0.784375 0.181250 0.785156 0.188542 0.785156 0.189583 0.783594 0.192708 0.783594 0.193750 0.782031 0.193750 0.781250 0.193750 0.772656 0.186458 0.771875 0.186458 0.767969 0.180208 0.767188 0.179167 0.767188 0.172917 0.767188 0.171875 0.771094 0.164583
0 0.810156 0.271875 0.816406 0.273958 0.817187 0.273958 0.821875 0.283333 0.822656 0.284375 0.822656 0.289583 0.822656 0.290625 0.818750 0.306250 0.817969 0.307292 0.812500 0.302083 0.811719 0.301042 0.804688 0.301042 0.803906 0.301042 0.798438 0.295833 0.797656 0.295833 0.796094 0.292708 0.795312 0.291667 0.795312 0.288542 0.795312 0.287500 0.798438 0.280208 0.798438 0.279167 0.801562 0.276042 0.802344 0.275000 0.810156 0.271875
0 0.793750 0.253125 0.799219 0.254167 0.800000 0.254167 0.806250 0.259375 0.807031 0.260417 0.816406 0.260417 0.817187 0.260417 0.817969 0.262500 0.817969 0.263542 0.813281 0.268750 0.812500 0.269792 0.809375 0.270833 0.808594 0.271875 0.799219 0.273958 0.798438 0.275000 0.792969 0.273958 0.792188 0.273958 0.791406 0.272917 0.790625 0.272917 0.790625 0.270833 0.790625 0.269792 0.791406 0.264583 0.792188 0.263542 0.792188 0.256250 0.792188 0.255208 0.793750 0.253125
0 0.836719 0.333333 0.839844 0.334375 0.840625 0.334375 0.856250 0.345833 0.857031 0.345833 0.862500 0.357292 0.863281 0.358333 0.864062 0.363542 0.864062 0.364583 0.862500 0.366667 0.861719 0.367708 0.855469 0.367708 0.854688 0.367708 0.848437 0.363542 0.847656 0.363542 0.842187 0.353125 0.842187 0.352083 0.838281 0.346875 0.837500 0.345833 0.831250 0.341667 0.830469 0.340625 0.832031 0.336458 0.832812 0.335417 0.836719 0.333333
0 0.739844 0.346875 0.746094 0.347917 0.746875 0.347917 0.750000 0.351042 0.750781 0.352083 0.751563 0.355208 0.752344 0.356250 0.752344 0.362500 0.752344 0.363542 0.750781 0.366667 0.750781 0.367708 0.746094 0.371875 0.745313 0.372917 0.741406 0.371875 0.740625 0.371875 0.738281 0.368750 0.737500 0.367708 0.736719 0.363542 0.735938 0.362500 0.736719 0.354167 0.736719 0.353125 0.739844 0.346875
0 0.765625 0.320833 0.769531 0.322917 0.770312 0.323958 0.772656 0.331250 0.772656 0.332292 0.771875 0.340625 0.771875 0.341667 0.767969 0.345833 0.767188 0.346875 0.766406 0.350000 0.766406 0.351042 0.764844 0.352083 0.764062 0.352083 0.757812 0.327083 0.757031 0.326042 0.759375 0.323958 0.760156 0.322917 0.765625 0.320833
0 0.763281 0.353125 0.764062 0.353125 0.764844 0.354167 0.764844 0.357292 0.764844 0.358333 0.763281 0.361458 0.763281 0.362500 0.760938 0.364583 0.760156 0.365625 0.756250 0.364583 0.755469 0.364583 0.754687 0.359375 0.754687 0.358333 0.757031 0.356250 0.757812 0.355208 0.763281 0.353125
0 0.722656 0.396875 0.726562 0.396875 0.727344 0.396875 0.728906 0.397917 0.729688 0.398958 0.730469 0.402083 0.730469 0.403125 0.728125 0.408333 0.728125 0.409375 0.724219 0.413542 0.723437 0.414583 0.722656 0.418750 0.722656 0.419792 0.717187 0.427083 0.716406 0.428125 0.710938 0.431250 0.710156 0.431250 0.709375 0.415625 0.709375 0.414583 0.722656 0.396875
0 0.689063 0.401042 0.692187 0.401042 0.692969 0.401042 0.692969 0.414583 0.692969 0.415625 0.691406 0.423958 0.691406 0.425000 0.692187 0.427083 0.692187 0.428125 0.696875 0.433333 0.697656 0.434375 0.698438 0.446875 0.698438 0.447917 0.695312 0.451042 0.694531 0.452083 0.690625 0.453125 0.689844 0.454167 0.680469 0.453125 0.679688 0.452083 0.671094 0.453125 0.670312 0.453125 0.669531 0.451042 0.668750 0.450000 0.667188 0.434375 0.667188 0.433333 0.671875 0.423958 0.671875 0.422917 0.667969 0.414583 0.667969 0.413542 0.668750 0.412500 0.669531 0.411458 0.677344 0.414583 0.678125 0.414583 0.682813 0.405208 0.683594 0.404167 0.689063 0.401042
0 0.714063 0.196875 0.715625 0.196875 0.716406 0.196875 0.721875 0.205208 0.722656 0.205208 0.722656 0.212500 0.721875 0.213542 0.718750 0.214583 0.717969 0.215625 0.716406 0.215625 0.715625 0.215625 0.714063 0.213542 0.713281 0.212500 0.710938 0.205208 0.710938 0.204167 0.714063 0.196875
0 0.703125 0.173958 0.710156 0.175000 0.710938 0.176042 0.710938 0.181250 0.710938 0.182292 0.708594 0.187500 0.708594 0.188542 0.704688 0.189583 0.703906 0.189583 0.700000 0.186458 0.699219 0.185417 0.700000 0.181250 0.700000 0.180208 0.703125 0.173958
0 0.589844 0.353125 0.603906 0.357292 0.604688 0.357292 0.611719 0.363542 0.612500 0.363542 0.614844 0.370833 0.615625 0.371875 0.614844 0.381250 0.614844 0.382292 0.613281 0.384375 0.612500 0.385417 0.603906 0.385417 0.603125 0.385417 0.600781 0.383333 0.600000 0.382292 0.592187 0.383333 0.591406 0.383333 0.583594 0.368750 0.582812 0.367708 0.581250 0.362500 0.580469 0.361458 0.580469 0.357292 0.581250 0.356250 0.589844 0.353125
0 0.617969 0.416667 0.628906 0.419792 0.629687 0.419792 0.632812 0.422917 0.633594 0.423958 0.634375 0.430208 0.634375 0.431250 0.633594 0.432292 0.633594 0.433333 0.630469 0.434375 0.629687 0.435417 0.629687 0.438542 0.629687 0.439583 0.632812 0.441667 0.633594 0.441667 0.636719 0.447917 0.637500 0.448958 0.635938 0.461458 0.635938 0.462500 0.632812 0.462500 0.632031 0.462500 0.625000 0.456250 0.624219 0.456250 0.616406 0.443750 0.616406 0.442708 0.608594 0.433333 0.607812 0.432292 0.607812 0.430208 0.607812 0.429167 0.617969 0.416667
0 0.571875 0.384375 0.576562 0.386458 0.577344 0.386458 0.585938 0.392708 0.586719 0.392708 0.592187 0.400000 0.592969 0.401042 0.592969 0.406250 0.592969 0.407292 0.587500 0.415625 0.586719 0.416667 0.584375 0.417708 0.583594 0.418750 0.580469 0.417708 0.579688 0.417708 0.571875 0.404167 0.571094 0.403125 0.567969 0.391667 0.567969 0.390625 0.568750 0.388542 0.568750 0.387500 0.571875 0.384375
0 0.580469 0.343750 0.588281 0.343750 0.589063 0.343750 0.590625 0.344792 0.591406 0.345833 0.591406 0.348958 0.591406 0.350000 0.589844 0.352083 0.589063 0.353125 0.580469 0.357292 0.579688 0.357292 0.575000 0.353125 0.574219 0.352083 0.574219 0.348958 0.574219 0.347917 0.575000 0.346875 0.575000 0.345833 0.580469 0.343750
0 0.571875 0.323958 0.575781 0.325000 0.576562 0.326042 0.579688 0.335417 0.579688 0.336458 0.578125 0.338542 0.577344 0.339583 0.574219 0.348958 0.574219 0.350000 0.568750 0.356250 0.567969 0.356250 0.565625 0.333333 0.565625 0.332292 0.571875 0.323958
0 0.417187 0.000000 0.457031 0.001042 0.457031 0.002083 0.453906 0.010417 0.453906 0.011458 0.451562 0.014583 0.450781 0.015625 0.445312 0.016667 0.444531 0.016667 0.436719 0.010417 0.435937 0.009375 0.432031 0.008333 0.431250 0.008333 0.417187 0.000000
0 0.389062 0.012500 0.392188 0.012500 0.392969 0.012500 0.397656 0.018750 0.398438 0.019792 0.402344 0.036458 0.403125 0.037500 0.403125 0.044792 0.403125 0.045833 0.400781 0.048958 0.400000 0.050000 0.396094 0.048958 0.395313 0.048958 0.393750 0.046875 0.392969 0.046875 0.388281 0.038542 0.387500 0.037500 0.386719 0.023958 0.386719 0.022917 0.389062 0.012500
0 0.458594 0.000000 0.478125 0.000000 0.478906 0.000000 0.477344 0.005208 0.476562 0.006250 0.479687 0.012500 0.480469 0.013542 0.479687 0.015625 0.478906 0.016667 0.472656 0.017708 0.471875 0.018750 0.468750 0.029167 0.468750 0.030208 0.464062 0.034375 0.463281 0.035417 0.461719 0.041667 0.461719 0.042708 0.456250 0.047917 0.455469 0.048958 0.458594 0.054167 0.459375 0.055208 0.460938 0.062500 0.461719 0.063542 0.460156 0.065625 0.459375 0.066667 0.452344 0.064583 0.451562 0.064583 0.446875 0.061458 0.446094 0.061458 0.443750 0.055208 0.442969 0.054167 0.442969 0.046875 0.442969 0.045833 0.445312 0.041667 0.446094 0.040625 0.445312 0.028125 0.445312 0.027083 0.448437 0.019792 0.448437 0.018750 0.453906 0.011458 0.454688 0.010417 0.458594 0.000000
0 0.055469 0.541667 0.059375 0.541667 0.060156 0.541667 0.060937 0.546875 0.060937 0.547917 0.052344 0.559375 0.051562 0.560417 0.050781 0.565625 0.050781 0.566667 0.050000 0.567708 0.050000 0.568750 0.048438 0.568750 0.047656 0.568750 0.039062 0.558333 0.038281 0.557292 0.038281 0.553125 0.038281 0.552083 0.045312 0.552083 0.046094 0.552083 0.048438 0.550000 0.049219 0.550000 0.055469 0.541667
0 0.060156 0.512500 0.063281 0.513542 0.064062 0.513542 0.066406 0.517708 0.066406 0.518750 0.053125 0.531250 0.053125 0.532292 0.050781 0.532292 0.050000 0.532292 0.049219 0.530208 0.048438 0.529167 0.049219 0.525000 0.049219 0.523958 0.054688 0.516667 0.055469 0.515625 0.060156 0.512500
0 0.058594 0.484375 0.072656 0.496875 0.073438 0.496875 0.073438 0.500000 0.073438 0.501042 0.071094 0.505208 0.070312 0.506250 0.067187 0.506250 0.066406 0.506250 0.057813 0.497917 0.057031 0.496875 0.056250 0.494792 0.055469 0.493750 0.055469 0.489583 0.055469 0.488542 0.058594 0.484375
0 0.028906 0.638542 0.031250 0.639583 0.032031 0.639583 0.032031 0.642708 0.032813 0.643750 0.032813 0.662500 0.032813 0.663542 0.032031 0.670833 0.032031 0.671875 0.031250 0.672917 0.030469 0.673958 0.027344 0.673958 0.026562 0.673958 0.024219 0.671875 0.023438 0.671875 0.021094 0.667708 0.020313 0.666667 0.019531 0.646875 0.019531 0.645833 0.020313 0.642708 0.021094 0.641667 0.028906 0.638542
0 0.298438 0.651042 0.301563 0.651042 0.302344 0.651042 0.307812 0.654167 0.308594 0.655208 0.322656 0.656250 0.323437 0.656250 0.338281 0.660417 0.339062 0.660417 0.347656 0.667708 0.348438 0.668750 0.360156 0.673958 0.360938 0.673958 0.362500 0.687500 0.362500 0.688542 0.358594 0.690625 0.357812 0.691667 0.353906 0.691667 0.353125 0.691667 0.350000 0.686458 0.349219 0.685417 0.345313 0.685417 0.344531 0.685417 0.334375 0.700000 0.333594 0.701042 0.328906 0.705208 0.328125 0.706250 0.319531 0.709375 0.318750 0.710417 0.311719 0.711458 0.310937 0.711458 0.303906 0.705208 0.303125 0.704167 0.303125 0.689583 0.303125 0.688542 0.302344 0.686458 0.301563 0.680228 0.300516 0.688876 0.298501 0.689175 0.298438 0.684375 0.295147 0.676593 0.291646 0.678706 0.288126 0.677170 0.285516 0.673498 0.286588 0.668750 0.292969 0.662500 0.292969 0.661458 0.298438 0.651042
0 0.234375 0.522917 0.236719 0.522917 0.237500 0.522917 0.239063 0.526042 0.239844 0.527083 0.239063 0.536458 0.239063 0.537500 0.232813 0.545833 0.232031 0.546875 0.228906 0.547917 0.228125 0.547917 0.225000 0.545833 0.224219 0.545833 0.224219 0.538542 0.224219 0.537500 0.226562 0.533333 0.226562 0.532292 0.234375 0.522917
0 0.135156 0.614583 0.137500 0.615625 0.138281 0.615625 0.142187 0.623958 0.142969 0.625000 0.156250 0.633333 0.157031 0.634375 0.160938 0.642708 0.161719 0.643750 0.160938 0.646875 0.160938 0.647917 0.158594 0.651042 0.157812 0.652083 0.158594 0.657292 0.158594 0.658333 0.175000 0.672917 0.175781 0.672917 0.176563 0.673958 0.176563 0.675000 0.175000 0.677083 0.174219 0.678125 0.167187 0.675000 0.166406 0.675000 0.157812 0.665625 0.157031 0.665625 0.155469 0.661458 0.155469 0.660417 0.151562 0.655208 0.150781 0.654167 0.142969 0.653125 0.142187 0.653125 0.135937 0.647917 0.135156 0.647917 0.131250 0.642708 0.130469 0.641667 0.130469 0.637500 0.130469 0.636458 0.128906 0.633333 0.128125 0.632292 0.128125 0.628125 0.128125 0.627083 0.135156 0.614583
0 0.225781 0.639583 0.230469 0.639583 0.231250 0.639583 0.235156 0.647917 0.235937 0.648958 0.235156 0.660417 0.235156 0.661458 0.233594 0.664583 0.233594 0.665625 0.230469 0.668750 0.229687 0.669792 0.225000 0.669792 0.224219 0.669792 0.219531 0.667708 0.218750 0.667708 0.217188 0.663542 0.216406 0.662500 0.214062 0.648958 0.213281 0.647917 0.214062 0.645833 0.214844 0.644792 0.219531 0.643750 0.220312 0.643750 0.225781 0.639583
0 0.200781 0.563542 0.203125 0.565625 0.203906 0.566667 0.203906 0.573958 0.203906 0.575000 0.202344 0.577083 0.201563 0.578125 0.201563 0.583333 0.200781 0.584375 0.201563 0.589583 0.201563 0.590625 0.200000 0.597917 0.199219 0.598958 0.199219 0.616667 0.199219 0.617708 0.198437 0.619792 0.198437 0.620833 0.196094 0.620833 0.195312 0.620833 0.191406 0.615625 0.190625 0.614583 0.189844 0.603125 0.189844 0.602083 0.192969 0.592708 0.192969 0.591667 0.196094 0.587500 0.196875 0.586458 0.196094 0.575000 0.196094 0.573958 0.198437 0.566667 0.198437 0.565625 0.200781 0.563542
0 0.039844 0.637500 0.053125 0.644792 0.053906 0.644792 0.057031 0.650000 0.057813 0.651042 0.057031 0.658333 0.057031 0.659375 0.049219 0.663542 0.048438 0.664583 0.042969 0.661458 0.042188 0.661458 0.035937 0.650000 0.035156 0.648958 0.035156 0.643750 0.035156 0.642708 0.039844 0.637500
0 0.255469 0.664583 0.257812 0.664583 0.258594 0.664583 0.263281 0.669792 0.264062 0.670833 0.265625 0.679167 0.264844 0.680208 0.254688 0.680208 0.253906 0.680208 0.253125 0.673958 0.253125 0.672917 0.255469 0.664583
0 0.422656 0.673958 0.424219 0.675000 0.425000 0.676042 0.427344 0.684375 0.428125 0.685417 0.425781 0.697917 0.425781 0.698958 0.419531 0.708333 0.418750 0.709375 0.415625 0.709375 0.414844 0.709375 0.412500 0.705208 0.411719 0.704167 0.412500 0.695833 0.412500 0.694792 0.422656 0.673958
0 0.410938 0.655208 0.411719 0.655208 0.412500 0.655208 0.415625 0.660417 0.416406 0.661458 0.416406 0.667708 0.416406 0.668750 0.411719 0.668750 0.410938 0.668750 0.406250 0.662500 0.405469 0.661458 0.404687 0.658333 0.405469 0.657292 0.410938 0.655208
0 0.417187 0.625000 0.419531 0.625000 0.420312 0.625000 0.424219 0.632292 0.425000 0.633333 0.425000 0.639583 0.425000 0.640625 0.423438 0.644792 0.422656 0.645833 0.415625 0.645833 0.414844 0.645833 0.413281 0.643750 0.412500 0.642708 0.413281 0.633333 0.413281 0.632292 0.415625 0.627083 0.415625 0.626042 0.417187 0.625000
0 0.388281 0.538542 0.393750 0.539583 0.394531 0.539583 0.396094 0.542708 0.396875 0.543750 0.396094 0.547917 0.396094 0.548958 0.390625 0.555208 0.389844 0.556250 0.388281 0.560417 0.388281 0.561458 0.386719 0.562500 0.385937 0.563542 0.375000 0.562500 0.374219 0.562500 0.371875 0.556250 0.371094 0.555208 0.372656 0.552083 0.372656 0.551042 0.375000 0.547917 0.375781 0.546875 0.388281 0.538542
0 0.187500 0.664583 0.195312 0.666667 0.196094 0.667708 0.203906 0.666667 0.204687 0.666667 0.205469 0.670833 0.205469 0.671875 0.203125 0.675000 0.202344 0.676042 0.193750 0.678125 0.192969 0.678125 0.191406 0.680208 0.190625 0.681250 0.187500 0.682292 0.186719 0.682292 0.185938 0.681250 0.185156 0.680208 0.185156 0.669792 0.185156 0.668750 0.187500 0.664583
0 0.012500 0.644792 0.017969 0.644792 0.018750 0.645833 0.018750 0.656250 0.017969 0.657292 0.013281 0.657292 0.012500 0.656250 0.012500 0.644792
0 0.364844 0.405208 0.372656 0.408333 0.373437 0.409375 0.375000 0.417708 0.375000 0.418750 0.377344 0.423958 0.377344 0.425000 0.382812 0.432292 0.383594 0.433333 0.382812 0.438542 0.382812 0.439583 0.380469 0.443750 0.379688 0.444792 0.376563 0.444792 0.375781 0.444792 0.368750 0.426042 0.367969 0.425000 0.367188 0.418750 0.367188 0.417708 0.363281 0.413542 0.362500 0.413542 0.362500 0.408333 0.362500 0.407292 0.364844 0.405208
0 0.407031 0.829167 0.415625 0.830208 0.416406 0.831250 0.417969 0.835417 0.417969 0.836458 0.414062 0.844792 0.414062 0.845833 0.415625 0.847917 0.416406 0.848958 0.418750 0.856250 0.418750 0.857292 0.412500 0.859375 0.411719 0.860417 0.405469 0.859375 0.404687 0.858333 0.400000 0.840625 0.400000 0.839583 0.404687 0.831250 0.404687 0.830208 0.407031 0.829167
0 0.367188 0.692708 0.370312 0.693750 0.371094 0.694792 0.372656 0.702083 0.372656 0.703125 0.382031 0.711458 0.382812 0.711458 0.384375 0.713542 0.385156 0.714583 0.384375 0.716667 0.383594 0.717708 0.367969 0.721875 0.367188 0.721875 0.366406 0.698958 0.365625 0.697917 0.365625 0.695833 0.365625 0.694792 0.367188 0.692708
0 0.336719 0.723958 0.345313 0.725000 0.346094 0.725000 0.349219 0.728125 0.350000 0.729167 0.349219 0.734375 0.349219 0.735417 0.346094 0.740625 0.345313 0.741667 0.341406 0.754167 0.340625 0.755208 0.338281 0.755208 0.337500 0.755208 0.335156 0.751042 0.334375 0.750000 0.334375 0.733333 0.334375 0.732292 0.336719 0.723958
0 0.320312 0.728125 0.330469 0.732292 0.331250 0.732292 0.331250 0.735417 0.331250 0.736458 0.328906 0.743750 0.328906 0.744792 0.321875 0.744792 0.321094 0.744792 0.316406 0.739583 0.315625 0.738542 0.315625 0.733333 0.315625 0.732292 0.320312 0.728125
0 0.285938 0.752083 0.289062 0.753125 0.289844 0.753125 0.290625 0.759375 0.291406 0.760417 0.290625 0.778125 0.290625 0.779167 0.289062 0.780208 0.288281 0.781250 0.283594 0.780208 0.282813 0.780208 0.280469 0.773958 0.279687 0.772917 0.279687 0.767708 0.279687 0.766667 0.280469 0.764583 0.281250 0.763542 0.283594 0.762500 0.284375 0.761458 0.285938 0.752083
0 0.257031 0.692708 0.260156 0.692708 0.260937 0.692708 0.263281 0.694792 0.264062 0.695833 0.267969 0.696875 0.268750 0.696875 0.270313 0.697917 0.271094 0.698958 0.271094 0.702083 0.271875 0.703125 0.270313 0.708333 0.270313 0.709375 0.260156 0.722917 0.259375 0.723958 0.257031 0.725000 0.256250 0.726042 0.253906 0.725000 0.253125 0.725000 0.252344 0.722917 0.251563 0.721875 0.251563 0.713542 0.250781 0.712500 0.250000 0.713542 0.249219 0.714583 0.245312 0.715625 0.244531 0.715625 0.240625 0.725000 0.239844 0.726042 0.230469 0.727083 0.229687 0.728125 0.227344 0.727083 0.226562 0.726042 0.225781 0.721875 0.225781 0.720833 0.227344 0.718750 0.228125 0.717708 0.231250 0.715625 0.232031 0.714583 0.235937 0.714583 0.236719 0.714583 0.241406 0.709375 0.242188 0.709375 0.247656 0.701042 0.248438 0.700000 0.257031 0.692708
0 0.203906 0.727083 0.229687 0.730208 0.230469 0.730208 0.235937 0.735417 0.236719 0.736458 0.237500 0.743750 0.237500 0.744792 0.233594 0.748958 0.232813 0.750000 0.224219 0.750000 0.223438 0.750000 0.208594 0.744792 0.207813 0.744792 0.202344 0.739583 0.201563 0.738542 0.201563 0.731250 0.201563 0.730208 0.203906 0.727083
0 0.183594 0.705208 0.190625 0.707292 0.191406 0.707292 0.196875 0.712500 0.197656 0.713542 0.197656 0.721875 0.197656 0.722917 0.192969 0.729167 0.192188 0.730208 0.189062 0.739583 0.188281 0.740625 0.184375 0.739583 0.183594 0.739583 0.177344 0.731250 0.176563 0.730208 0.175781 0.723958 0.175000 0.722917 0.175781 0.715625 0.175781 0.714583 0.183594 0.705208
0 0.164844 0.714583 0.175000 0.715625 0.175781 0.715625 0.175781 0.725000 0.175781 0.726042 0.177344 0.732292 0.177344 0.733333 0.178906 0.735417 0.178906 0.736458 0.174219 0.736458 0.173437 0.736458 0.165625 0.729167 0.164844 0.728125 0.163281 0.721875 0.162500 0.720833 0.162500 0.718750 0.162500 0.717708 0.164844 0.714583
0 0.180469 0.745833 0.185156 0.748958 0.185938 0.750000 0.185938 0.757292 0.185938 0.758333 0.183594 0.764583 0.182812 0.765625 0.180469 0.765625 0.179688 0.765625 0.176563 0.762500 0.175781 0.761458 0.175781 0.756250 0.175781 0.755208 0.177344 0.750000 0.177344 0.748958 0.180469 0.745833
0 0.196094 0.815625 0.198437 0.816667 0.199219 0.816667 0.203125 0.822917 0.203906 0.823958 0.203906 0.837500 0.203906 0.838542 0.205469 0.851042 0.205469 0.852083 0.199219 0.854167 0.198437 0.854167 0.196875 0.856250 0.196094 0.857292 0.195312 0.863542 0.194531 0.864583 0.182031 0.865625 0.181250 0.865625 0.176563 0.863542 0.175781 0.863542 0.174219 0.859375 0.173437 0.858333 0.172656 0.851042 0.171875 0.850000 0.171875 0.838542 0.171875 0.837500 0.174219 0.832292 0.174219 0.831250 0.178906 0.826042 0.179688 0.825000 0.188281 0.820833 0.189062 0.820833 0.192188 0.817708 0.192969 0.816667 0.196094 0.815625
0 0.243750 0.768750 0.251563 0.769792 0.252344 0.769792 0.256250 0.775000 0.257031 0.776042 0.262500 0.778125 0.263281 0.778125 0.265625 0.781250 0.265625 0.782292 0.256250 0.786458 0.255469 0.787500 0.251563 0.787500 0.250781 0.787500 0.242969 0.790625 0.242188 0.790625 0.239844 0.788542 0.239063 0.787500 0.238281 0.783333 0.238281 0.782292 0.245312 0.779167 0.246094 0.778125 0.242188 0.775000 0.241406 0.773958 0.241406 0.771875 0.241406 0.770833 0.243750 0.768750
0 0.322656 0.781250 0.325781 0.782292 0.326562 0.782292 0.328125 0.784375 0.328906 0.785417 0.330469 0.792708 0.331250 0.793750 0.330469 0.796875 0.330469 0.797917 0.328125 0.797917 0.327344 0.797917 0.319531 0.790625 0.318750 0.789583 0.319531 0.785417 0.319531 0.784375 0.322656 0.781250
0 0.328125 0.768750 0.331250 0.768750 0.332031 0.768750 0.331250 0.778125 0.330469 0.779167 0.328906 0.779167 0.328125 0.778125 0.327344 0.773958 0.326562 0.772917 0.328125 0.768750
0 0.411719 0.779167 0.415625 0.780208 0.416406 0.780208 0.420312 0.784375 0.421094 0.785417 0.421875 0.787500 0.421875 0.788542 0.420312 0.791667 0.419531 0.792708 0.415625 0.793750 0.414844 0.793750 0.410156 0.788542 0.409375 0.787500 0.409375 0.783333 0.409375 0.782292 0.411719 0.779167
0 0.710938 0.513542 0.724219 0.516667 0.725000 0.516667 0.730469 0.522917 0.731250 0.522917 0.732031 0.526042 0.732812 0.527083 0.732031 0.530208 0.732031 0.531250 0.726562 0.537500 0.725781 0.538542 0.716406 0.537500 0.715625 0.537500 0.710938 0.534375 0.710156 0.534375 0.708594 0.532292 0.707812 0.531250 0.707031 0.527083 0.706250 0.526042 0.706250 0.517708 0.706250 0.516667 0.710938 0.513542
0 0.771875 0.521875 0.778125 0.521875 0.778906 0.522917 0.778906 0.537500 0.778125 0.538542 0.767188 0.540625 0.766406 0.540625 0.755469 0.547917 0.754687 0.548958 0.752344 0.546875 0.751563 0.545833 0.751563 0.539583 0.751563 0.538542 0.757812 0.528125 0.758594 0.527083 0.760156 0.526042 0.760938 0.525000 0.771875 0.521875
0 0.731250 0.467708 0.734375 0.467708 0.735156 0.467708 0.742188 0.470833 0.742969 0.471875 0.750781 0.471875 0.751563 0.471875 0.756250 0.473958 0.757031 0.473958 0.761719 0.479167 0.762500 0.480208 0.755469 0.503125 0.754687 0.504167 0.746094 0.501042 0.745313 0.501042 0.739062 0.492708 0.738281 0.491667 0.732031 0.475000 0.731250 0.473958 0.731250 0.467708
0 0.590625 0.572917 0.592187 0.572917 0.592969 0.572917 0.598437 0.578125 0.599219 0.579167 0.605469 0.582292 0.606250 0.583333 0.610156 0.583333 0.610938 0.583333 0.611719 0.582292 0.612500 0.581250 0.617188 0.580208 0.617969 0.579167 0.619531 0.580208 0.620313 0.580208 0.621094 0.584375 0.621094 0.585417 0.623437 0.588542 0.623437 0.589583 0.633594 0.600000 0.634375 0.601042 0.633594 0.607292 0.633594 0.608333 0.635938 0.615625 0.636719 0.616667 0.634375 0.617708 0.633594 0.617708 0.628906 0.611458 0.628125 0.610417 0.621094 0.606250 0.620313 0.606250 0.617188 0.601042 0.616406 0.600000 0.602344 0.593750 0.601562 0.593750 0.596094 0.588542 0.595313 0.587500 0.589844 0.584375 0.589063 0.584375 0.586719 0.580208 0.586719 0.579167 0.588281 0.576042 0.588281 0.575000 0.590625 0.572917
0 0.671875 0.673958 0.675000 0.673958 0.675781 0.673958 0.681250 0.681250 0.682031 0.682292 0.685937 0.682292 0.686719 0.682292 0.689063 0.684375 0.689844 0.685417 0.693750 0.697917 0.694531 0.698958 0.693750 0.704167 0.692969 0.705208 0.684375 0.707292 0.683594 0.707292 0.675781 0.702083 0.675000 0.701042 0.668750 0.690625 0.667969 0.689583 0.668750 0.679167 0.668750 0.678125 0.671875 0.673958
0 0.652344 0.507292 0.664062 0.507292 0.664844 0.508333 0.665625 0.511458 0.665625 0.512500 0.661719 0.525000 0.660937 0.526042 0.643750 0.525000 0.642969 0.523958 0.643750 0.518750 0.643750 0.517708 0.646094 0.515625 0.646875 0.514583 0.649219 0.509375 0.650000 0.508333 0.652344 0.507292
0 0.851562 0.564583 0.855469 0.565625 0.856250 0.566667 0.856250 0.580208 0.856250 0.581250 0.854688 0.585417 0.853906 0.586458 0.849219 0.587500 0.848437 0.587500 0.847656 0.585417 0.846875 0.584375 0.847656 0.573958 0.847656 0.572917 0.848437 0.568750 0.848437 0.567708 0.851562 0.564583
0 0.810156 0.594792 0.812500 0.594792 0.813281 0.594792 0.818750 0.600000 0.819531 0.601042 0.818750 0.606250 0.818750 0.607292 0.815625 0.611458 0.814844 0.612500 0.812500 0.611458 0.811719 0.611458 0.806250 0.604167 0.805469 0.603125 0.805469 0.601042 0.805469 0.600000 0.810156 0.594792
0 0.661719 0.620833 0.666406 0.620833 0.667188 0.620833 0.671094 0.623958 0.671875 0.625000 0.673438 0.631250 0.674219 0.632292 0.673438 0.642708 0.672656 0.643750 0.665625 0.642708 0.664844 0.642708 0.660156 0.639583 0.659375 0.638542 0.657031 0.627083 0.657031 0.626042 0.657813 0.623958 0.658594 0.622917 0.661719 0.620833
0 0.107031 0.778125 0.117969 0.784375 0.118750 0.784375 0.120313 0.787500 0.121094 0.788542 0.120313 0.797917 0.120313 0.798958 0.115625 0.813542 0.114844 0.814583 0.110156 0.812500 0.109375 0.812500 0.107031 0.808333 0.106250 0.807292 0.104688 0.785417 0.104688 0.784375 0.107031 0.778125
0 0.123438 0.806250 0.125781 0.806250 0.126562 0.806250 0.130469 0.811458 0.131250 0.812500 0.135156 0.825000 0.135937 0.826042 0.138281 0.842708 0.138281 0.843750 0.137500 0.845833 0.137500 0.846875 0.135156 0.848958 0.134375 0.850000 0.128125 0.848958 0.127344 0.847917 0.118750 0.847917 0.117969 0.847917 0.115625 0.844792 0.114844 0.843750 0.114062 0.839583 0.114062 0.838542 0.116406 0.816667 0.116406 0.815625 0.123438 0.806250
0 0.158594 0.830208 0.164844 0.832292 0.165625 0.832292 0.167969 0.835417 0.168750 0.836458 0.168750 0.840625 0.168750 0.841667 0.160938 0.844792 0.160156 0.844792 0.154688 0.853125 0.153906 0.854167 0.152344 0.854167 0.151562 0.854167 0.146094 0.858333 0.145313 0.858333 0.144531 0.855208 0.144531 0.854167 0.147656 0.845833 0.147656 0.844792 0.153125 0.836458 0.153125 0.835417 0.158594 0.830208
0 0.098437 0.685417 0.102344 0.685417 0.103125 0.685417 0.103906 0.687500 0.104688 0.688542 0.105469 0.704167 0.105469 0.705208 0.103906 0.707292 0.103125 0.708333 0.102344 0.708333 0.101562 0.708333 0.098437 0.704167 0.097656 0.703125 0.096875 0.698958 0.096094 0.697917 0.098437 0.685417
0 0.216406 0.842708 0.219531 0.842708 0.220312 0.842708 0.224219 0.846875 0.225000 0.852631 0.227725 0.849947 0.228804 0.842280 0.232531 0.842673 0.232644 0.852388 0.236447 0.851916 0.235951 0.856250 0.233594 0.858470 0.239844 0.864583 0.240625 0.865625 0.219531 0.865625 0.218750 0.865625 0.214844 0.863542 0.214062 0.863542 0.211719 0.859375 0.210938 0.858333 0.210938 0.848958 0.210938 0.847917 0.211719 0.845833 0.212500 0.844792 0.216406 0.842708
0 0.240625 0.621875 0.242969 0.622917 0.243750 0.622917 0.247656 0.627083 0.248438 0.628125 0.249219 0.632292 0.249219 0.633333 0.247656 0.636458 0.246875 0.637500 0.242969 0.636458 0.242188 0.636458 0.241406 0.632292 0.240625 0.631250 0.240625 0.621875
0 0.634375 0.703125 0.639062 0.704167 0.639844 0.704167 0.640625 0.711458 0.640625 0.712500 0.638281 0.717708 0.637500 0.718750 0.632031 0.722917 0.631250 0.723958 0.628906 0.720833 0.628906 0.719792 0.629687 0.717708 0.630469 0.716667 0.632031 0.706250 0.632031 0.705208 0.634375 0.703125
0 0.491406 0.578125 0.501563 0.582292 0.502344 0.582292 0.503906 0.584375 0.504687 0.585417 0.505469 0.589583 0.505469 0.590625 0.503906 0.591667 0.503125 0.592708 0.498437 0.592708 0.497656 0.592708 0.495312 0.597917 0.494531 0.598958 0.490625 0.597917 0.489844 0.597917 0.486719 0.593750 0.485938 0.592708 0.481250 0.580208 0.481250 0.579167 0.487500 0.580208 0.488281 0.580208 0.491406 0.578125
0 0.502344 0.558333 0.504687 0.558333 0.505469 0.558333 0.510938 0.567708 0.511719 0.568750 0.511719 0.570833 0.510938 0.571875 0.497656 0.570833 0.496875 0.569792 0.498437 0.564583 0.498437 0.563542 0.502344 0.558333
0 0.483594 0.602083 0.488281 0.603125 0.489063 0.603125 0.489063 0.619792 0.489063 0.620833 0.487500 0.620833 0.486719 0.620833 0.483594 0.613542 0.482812 0.612500 0.482031 0.606250 0.482031 0.605208 0.483594 0.602083
0 0.464062 0.568750 0.465625 0.568750 0.466406 0.568750 0.466406 0.575000 0.466406 0.576042 0.464844 0.588542 0.464844 0.589583 0.463281 0.590625 0.462500 0.590625 0.460938 0.588542 0.460156 0.587500 0.460156 0.578125 0.460156 0.577083 0.464062 0.568750
0 0.505469 0.671875 0.510156 0.672917 0.510938 0.673958 0.512500 0.682292 0.512500 0.683333 0.514844 0.686458 0.515625 0.686458 0.516406 0.689583 0.517188 0.690625 0.513281 0.697917 0.512500 0.698958 0.504687 0.697917 0.503906 0.697917 0.494531 0.693750 0.493750 0.692708 0.489844 0.692708 0.489063 0.692708 0.478906 0.688542 0.478125 0.687500 0.478125 0.685417 0.478906 0.684375 0.482812 0.684375 0.483594 0.684375 0.487500 0.682292 0.488281 0.682292 0.492188 0.678125 0.492969 0.677083 0.497656 0.679167 0.498437 0.679167 0.505469 0.671875
0 0.553906 0.718750 0.563281 0.718750 0.564063 0.718750 0.564844 0.719792 0.565625 0.720833 0.565625 0.725000 0.565625 0.726042 0.564063 0.729167 0.564063 0.730208 0.561719 0.731250 0.560937 0.732292 0.556250 0.732292 0.555469 0.732292 0.553125 0.730208 0.552344 0.730208 0.550000 0.726042 0.550000 0.725000 0.550781 0.722917 0.550781 0.721875 0.553906 0.718750
0 0.560937 0.733333 0.566406 0.734375 0.567187 0.735417 0.567187 0.745833 0.567187 0.746875 0.564844 0.752083 0.564063 0.753125 0.560937 0.751042 0.560156 0.750000 0.557813 0.742708 0.557031 0.741667 0.557813 0.737500 0.557813 0.736458 0.560937 0.733333
0 0.600000 0.711458 0.604688 0.711458 0.605469 0.711458 0.610156 0.714583 0.610938 0.715625 0.610156 0.720833 0.610156 0.721875 0.605469 0.727083 0.604688 0.728125 0.600781 0.728125 0.600000 0.728125 0.599219 0.726042 0.598437 0.725000 0.598437 0.714583 0.598437 0.713542 0.600000 0.711458
0 0.578906 0.756250 0.581250 0.756250 0.582031 0.756250 0.582812 0.761458 0.582812 0.762500 0.579688 0.768750 0.578906 0.769792 0.575781 0.770833 0.575000 0.770833 0.573438 0.766667 0.572656 0.765625 0.572656 0.760417 0.572656 0.759375 0.578906 0.756250
0 0.680469 0.773958 0.685937 0.773958 0.686719 0.773958 0.691406 0.778125 0.692187 0.778125 0.692969 0.782292 0.692969 0.783333 0.682031 0.790625 0.681250 0.790625 0.677344 0.785417 0.676562 0.784375 0.676562 0.779167 0.676562 0.778125 0.680469 0.773958
0 0.973437 0.417708 0.978125 0.418750 0.978906 0.418750 0.979688 0.419792 0.980469 0.420833 0.980469 0.423958 0.980469 0.425000 0.972656 0.444792 0.972656 0.445833 0.967187 0.454167 0.966406 0.455208 0.960938 0.459375 0.960156 0.460417 0.957812 0.461458 0.957031 0.462500 0.953125 0.461458 0.952344 0.461458 0.951562 0.456250 0.951562 0.455208 0.952344 0.453125 0.953125 0.452083 0.953125 0.446875 0.953125 0.445833 0.951562 0.442708 0.950781 0.441667 0.952344 0.435417 0.952344 0.434375 0.955469 0.429167 0.956250 0.428125 0.958594 0.428125 0.959375 0.428125 0.961719 0.431250 0.962500 0.431250 0.966406 0.420833 0.967187 0.419792 0.973437 0.417708
0 0.930469 0.527083 0.936719 0.528125 0.937500 0.528125 0.945312 0.537500 0.945312 0.538542 0.925000 0.551042 0.924219 0.552083 0.922656 0.547917 0.922656 0.546875 0.924219 0.542708 0.924219 0.541667 0.928125 0.537500 0.928906 0.536458 0.928906 0.529167 0.928906 0.528125 0.930469 0.527083
0 0.878906 0.586458 0.882031 0.586458 0.882812 0.586458 0.885156 0.588542 0.885938 0.588542 0.890625 0.592708 0.891406 0.592708 0.896094 0.598958 0.896875 0.600000 0.898438 0.610417 0.898438 0.611458 0.896094 0.614583 0.895312 0.615625 0.892188 0.616667 0.891406 0.617708 0.885938 0.617708 0.885156 0.617708 0.875781 0.611458 0.875000 0.610417 0.875781 0.593750 0.875781 0.592708 0.876563 0.589583 0.876563 0.588542 0.878906 0.586458
0 0.700781 0.845833 0.704688 0.846875 0.705469 0.846875 0.706250 0.850000 0.707031 0.851042 0.706250 0.859375 0.706250 0.860417 0.704688 0.864583 0.703906 0.865625 0.689844 0.865625 0.689063 0.865625 0.685156 0.863542 0.684375 0.862500 0.683594 0.857292 0.683594 0.856250 0.687500 0.848958 0.688281 0.847917 0.696875 0.847917 0.697656 0.847917 0.700781 0.845833
0 0.712500 0.716667 0.722656 0.717708 0.723437 0.717708 0.724219 0.719792 0.725000 0.720833 0.725781 0.728125 0.725781 0.729167 0.730469 0.732292 0.731250 0.732292 0.734375 0.737500 0.735156 0.738542 0.739844 0.740625 0.739844 0.741667 0.733594 0.742708 0.732812 0.742708 0.725781 0.738542 0.725000 0.737500 0.715625 0.734375 0.714844 0.734375 0.708594 0.729167 0.707812 0.729167 0.704688 0.726042 0.703906 0.725000 0.703125 0.721875 0.703125 0.720833 0.708594 0.719792 0.709375 0.719792 0.712500 0.716667
0 0.559375 0.292708 0.563281 0.292708 0.564063 0.293750 0.564063 0.302083 0.564063 0.303125 0.561719 0.305208 0.560937 0.306250 0.560156 0.306250 0.559375 0.306250 0.556250 0.301042 0.555469 0.300000 0.555469 0.297917 0.555469 0.296875 0.559375 0.292708
0 0.555469 0.273958 0.558594 0.275000 0.559375 0.275000 0.561719 0.280208 0.562500 0.281250 0.563281 0.286458 0.563281 0.287500 0.561719 0.290625 0.561719 0.291667 0.560156 0.291667 0.559375 0.290625 0.557813 0.286458 0.557813 0.285417 0.553906 0.280208 0.553125 0.279167 0.553906 0.276042 0.553906 0.275000 0.555469 0.273958
0 0.602344 0.303125 0.607031 0.306250 0.607812 0.307292 0.608594 0.312500 0.608594 0.313542 0.605469 0.316667 0.604688 0.317708 0.600000 0.317708 0.599219 0.317708 0.597656 0.308333 0.597656 0.307292 0.598437 0.305208 0.599219 0.304167 0.602344 0.303125
0 0.275000 0.366667 0.275781 0.369792 0.275781 0.370833 0.281250 0.373958 0.282031 0.373958 0.286719 0.382292 0.286719 0.383333 0.285156 0.385417 0.284375 0.386458 0.279687 0.387500 0.278906 0.387500 0.274219 0.392708 0.273438 0.392708 0.265625 0.388542 0.264844 0.388542 0.261719 0.384375 0.260937 0.383333 0.260937 0.381250 0.260937 0.380208 0.263281 0.378125 0.264062 0.377083 0.264844 0.371875 0.265625 0.370833 0.270313 0.369792 0.271094 0.369792 0.275000 0.366667
0 0.312500 0.004167 0.313281 0.004167 0.314063 0.004167 0.317188 0.008333 0.317969 0.009375 0.321094 0.016667 0.321875 0.017708 0.321875 0.021875 0.321875 0.022917 0.320312 0.027083 0.319531 0.028125 0.318750 0.028125 0.317969 0.028125 0.314063 0.021875 0.313281 0.020833 0.312500 0.010417 0.311719 0.009375 0.312500 0.004167
0 0.911719 0.545833 0.914062 0.547917 0.914844 0.548958 0.914844 0.556250 0.914844 0.557292 0.911719 0.565625 0.911719 0.566667 0.909375 0.566667 0.908594 0.566667 0.907813 0.560417 0.907813 0.559375 0.909375 0.550000 0.909375 0.548958 0.911719 0.545833
0 0.891941 0.458090 0.896875 0.456250 0.897656 0.456250 0.899219 0.458333 0.900000 0.459375 0.900781 0.464583 0.900781 0.465625 0.897656 0.471875 0.896875 0.472917 0.895312 0.472917 0.894531 0.472917 0.891406 0.466667 0.890625 0.465625 0.891189 0.461348
0 0.969531 0.479167 0.970313 0.479167 0.971094 0.479167 0.976562 0.485417 0.977344 0.486458 0.976562 0.490625 0.976562 0.491667 0.974219 0.494792 0.973437 0.495833 0.969531 0.491667 0.968750 0.490625 0.967187 0.486458 0.966406 0.485417 0.966406 0.483333 0.966406 0.482292 0.969531 0.479167
0 0.552344 0.836458 0.558594 0.837500 0.559375 0.837500 0.563281 0.841667 0.564063 0.842708 0.571094 0.845833 0.571875 0.845833 0.572656 0.848958 0.572656 0.850000 0.569531 0.854167 0.568750 0.855208 0.549219 0.851042 0.548438 0.851042 0.546875 0.848958 0.546094 0.847917 0.545312 0.842708 0.545312 0.841667 0.546094 0.839583 0.546875 0.838542 0.552344 0.836458
0 0.734375 0.820833 0.737500 0.821875 0.738281 0.822917 0.739062 0.832292 0.739062 0.833333 0.733594 0.842708 0.732812 0.843750 0.728125 0.844792 0.727344 0.844792 0.725000 0.842708 0.724219 0.842708 0.722656 0.839583 0.722656 0.838542 0.734375 0.820833
0 0.617969 0.836458 0.621094 0.836458 0.621875 0.836458 0.625000 0.838542 0.625781 0.839583 0.626563 0.860417 0.626563 0.861458 0.625000 0.864583 0.624219 0.865625 0.617188 0.864583 0.616406 0.864583 0.617188 0.853125 0.617969 0.852083 0.616406 0.839583 0.616406 0.838542 0.617969 0.836458
0 0.622656 0.808333 0.625781 0.816667 0.626563 0.817708 0.625781 0.822917 0.625781 0.823958 0.623437 0.825000 0.622656 0.826042 0.621094 0.825000 0.620313 0.825000 0.617969 0.821875 0.617188 0.820833 0.617188 0.818750 0.616406 0.817708 0.616406 0.815625 0.616406 0.814583 0.620313 0.811458 0.621094 0.811458 0.622656 0.808333
0 0.603125 0.770833 0.612500 0.771875 0.613281 0.772917 0.613281 0.777083 0.613281 0.778125 0.607812 0.787500 0.607031 0.788542 0.603125 0.788542 0.602344 0.787500 0.601562 0.780208 0.601562 0.779167 0.603125 0.770833
0 0.103125 0.560417 0.117969 0.561458 0.118750 0.561458 0.122656 0.563542 0.123438 0.564583 0.129688 0.565625 0.130469 0.565625 0.133594 0.569792 0.133594 0.570833 0.132812 0.571875 0.132031 0.572917 0.125781 0.572917 0.125000 0.572917 0.115625 0.568750 0.114844 0.567708 0.103125 0.565625 0.102344 0.565625 0.102344 0.564583 0.101562 0.563542 0.103125 0.560417
0 0.496875 0.798958 0.501563 0.800000 0.502344 0.801042 0.503125 0.808333 0.503125 0.809375 0.499219 0.816667 0.498437 0.817708 0.495312 0.817708 0.494531 0.817708 0.492969 0.814583 0.492188 0.813542 0.492188 0.808333 0.492188 0.807292 0.494531 0.802083 0.494531 0.801042 0.496875 0.798958
0 0.489844 0.817708 0.492188 0.818750 0.492969 0.818750 0.496094 0.822917 0.496875 0.823958 0.496094 0.829167 0.496094 0.830208 0.492969 0.835417 0.492188 0.836458 0.489844 0.837500 0.489063 0.838542 0.484375 0.838542 0.483594 0.838542 0.482031 0.834375 0.481250 0.833333 0.481250 0.828125 0.481250 0.827083 0.482812 0.822917 0.483594 0.821875 0.489844 0.817708
0 0.439844 0.743750 0.446094 0.748958 0.446875 0.750000 0.446875 0.758333 0.446094 0.759375 0.442188 0.760417 0.441406 0.760417 0.437500 0.758333 0.436719 0.757292 0.435937 0.751042 0.435937 0.750000 0.439844 0.743750
0 0.660840 0.272336 0.658210 0.272336 0.657917 0.272725 0.657917 0.275064 0.653825 0.275064 0.652071 0.273505 0.651779 0.270777 0.650317 0.269997 0.650025 0.266489 0.653533 0.264541 0.654410 0.262982 0.654410 0.261423 0.654994 0.260643 0.658502 0.260643 0.662302 0.263761 0.662887 0.264541 0.663471 0.267269 0.663471 0.270387 0.663179 0.270777
0 0.680133 0.239207 0.675456 0.239597 0.673410 0.239207 0.670487 0.237649 0.668148 0.237259 0.666687 0.235310 0.666687 0.232582 0.669025 0.231413 0.669025 0.230633 0.671071 0.226736 0.673117 0.226736 0.675456 0.227905 0.678671 0.231413 0.680425 0.234531 0.680425 0.235310
0 0.407224 0.121869 0.403702 0.121869 0.402997 0.120460 0.402997 0.118112 0.404759 0.116233 0.407224 0.116233 0.407929 0.115294 0.408281 0.114354 0.408281 0.104961 0.408633 0.103082 0.409338 0.102143 0.411099 0.102612 0.412156 0.103552 0.413213 0.105430 0.414622 0.109188 0.414622 0.113415 0.414270 0.116233 0.413213 0.118112 0.412508 0.120930 0.410747 0.122809 0.410043 0.124218
0 0.701132 0.602830 0.698196 0.599475 0.696938 0.596680 0.694841 0.596121 0.691906 0.592766 0.691486 0.586615 0.701551 0.586615 0.702390 0.585497 0.704487 0.585497 0.704067 0.595561 0.701971 0.598357
0 0.683519 0.617368 0.679325 0.619605 0.675551 0.619605 0.671357 0.618487 0.668002 0.615691 0.668421 0.608981 0.673873 0.608422 0.678486 0.606185 0.682680 0.606185 0.685615 0.608981 0.686873 0.611777 0.686454 0.615132
0 0.680164 0.603389 0.676389 0.601712 0.675131 0.599475 0.674712 0.592766 0.675551 0.591647 0.680164 0.591647 0.683938 0.598357 0.686873 0.600594 0.686873 0.602830 0.683519 0.603389
0 0.368576 0.560894 0.361446 0.555302 0.361446 0.550270 0.363963 0.550270 0.363963 0.548033 0.363124 0.546356 0.362285 0.541324 0.369414 0.537409 0.373189 0.536291 0.373189 0.556421 0.371931 0.558098
0 0.358511 0.574314 0.357253 0.568163 0.357253 0.563130 0.358092 0.563130 0.358930 0.559216 0.357253 0.554743 0.354737 0.551947 0.354737 0.549711 0.357253 0.547474 0.354737 0.548593 0.352220 0.548593 0.349704 0.545797 0.348446 0.550829 0.343833 0.557539 0.343833 0.559776 0.347188 0.562012 0.348027 0.573195 0.349285 0.574873 0.354737 0.576550
0 0.959497 0.658235 0.953553 0.657442 0.952364 0.651103 0.948798 0.647933 0.948798 0.639216 0.949987 0.637631 0.952364 0.637631 0.952364 0.636838 0.954742 0.636046 0.955931 0.633669 0.957119 0.632876 0.957714 0.630499 0.960091 0.630499 0.967223 0.637631 0.967223 0.650310 0.966629 0.651895 0.965440 0.652688 0.964251 0.656650
0 0.060156 0.158333 0.072656 0.159375 0.073438 0.159375 0.075000 0.162500 0.075000 0.163542 0.072656 0.168750 0.071875 0.169792 0.067969 0.170833 0.067187 0.170833 0.061719 0.166667 0.060937 0.165625 0.060156 0.163542 0.059375 0.162500 0.060156 0.158333
0 0.068750 0.185417 0.071875 0.186458 0.072656 0.186458 0.074219 0.189583 0.074219 0.190625 0.071094 0.194792 0.070312 0.195833 0.066406 0.196875 0.065625 0.196875 0.064062 0.195833 0.063281 0.194792 0.062500 0.190625 0.062500 0.189583 0.068750 0.185417
0 0.110156 0.206250 0.113281 0.209375 0.114062 0.210417 0.114844 0.214583 0.114844 0.215625 0.109375 0.218750 0.108594 0.219792 0.102344 0.218750 0.101562 0.218750 0.101562 0.213542 0.101562 0.212500 0.110156 0.206250
0 0.135156 0.220833 0.139844 0.220833 0.140625 0.220833 0.140625 0.225000 0.140625 0.226042 0.138281 0.227083 0.137500 0.228125 0.133594 0.228125 0.132812 0.228125 0.132812 0.227083 0.132031 0.226042 0.135156 0.220833
0 0.157812 0.256250 0.160938 0.256250 0.161719 0.256250 0.162500 0.257292 0.163281 0.258333 0.163281 0.261458 0.163281 0.262500 0.160156 0.262500 0.159375 0.262500 0.158594 0.261458 0.157812 0.260417 0.157812 0.256250
0 0.153125 0.288542 0.155469 0.289583 0.156250 0.290625 0.156250 0.295833 0.155469 0.296875 0.153906 0.296875 0.153125 0.296875 0.152344 0.294792 0.151562 0.293750 0.151562 0.291667 0.151562 0.290625 0.153125 0.288542
0 0.171875 0.182292 0.175000 0.182292 0.175781 0.182292 0.176563 0.183333 0.177344 0.184375 0.176563 0.186458 0.176563 0.187500 0.172656 0.188542 0.171875 0.188542 0.171875 0.182292
0 0.294531 0.204167 0.296875 0.205208 0.297656 0.205208 0.303125 0.212500 0.303906 0.212500 0.305469 0.214583 0.306250 0.215625 0.306250 0.219792 0.306250 0.220833 0.301563 0.219792 0.300781 0.219792 0.296094 0.216667 0.295312 0.216667 0.294531 0.212500 0.293750 0.211458 0.294531 0.204167
0 0.221875 0.038542 0.225000 0.038542 0.225781 0.038542 0.226562 0.041667 0.226562 0.042708 0.224219 0.046875 0.224219 0.047917 0.221094 0.051042 0.220312 0.051042 0.219531 0.050000 0.218750 0.050000 0.218750 0.045833 0.218750 0.044792 0.221875 0.038542
0 0.258594 0.010417 0.264844 0.011458 0.265625 0.011458 0.267188 0.017708 0.267188 0.018750 0.264844 0.020833 0.264062 0.021875 0.260937 0.021875 0.260156 0.022917 0.255469 0.020833 0.254688 0.020833 0.254688 0.014583 0.254688 0.013542 0.258594 0.010417
0 0.195312 0.104167 0.200781 0.107292 0.201563 0.108333 0.200781 0.113542 0.200000 0.114583 0.197656 0.115625 0.196875 0.115625 0.194531 0.112500 0.193750 0.111458 0.193750 0.107292 0.193750 0.106250 0.195312 0.104167
0 0.024219 0.315625 0.025781 0.315625 0.026562 0.315625 0.027344 0.316667 0.028125 0.317708 0.028125 0.320833 0.028125 0.321875 0.025000 0.327083 0.024219 0.328125 0.021094 0.329167 0.020313 0.329167 0.018750 0.327083 0.018750 0.326042 0.024219 0.315625
0 0.328906 0.276042 0.329688 0.282292 0.329688 0.283333 0.326562 0.288542 0.326562 0.289583 0.322656 0.293750 0.321875 0.293750 0.321094 0.291667 0.321094 0.290625 0.323437 0.283333 0.323437 0.282292 0.325781 0.278125 0.326562 0.277083 0.328906 0.276042
0 0.318750 0.235417 0.320312 0.235417 0.321094 0.235417 0.324219 0.241667 0.325000 0.242708 0.325000 0.246875 0.325000 0.247917 0.321875 0.251042 0.321094 0.252083 0.317969 0.252083 0.317188 0.252083 0.316406 0.250000 0.315625 0.248958 0.315625 0.244792 0.314844 0.243750 0.315625 0.240625 0.315625 0.239583 0.318750 0.235417
0 0.342969 0.301042 0.345313 0.301042 0.346094 0.302083 0.346094 0.307292 0.346094 0.308333 0.343750 0.311458 0.342969 0.312500 0.339062 0.312500 0.338281 0.312500 0.337500 0.311458 0.336719 0.310417 0.336719 0.304167 0.336719 0.303125 0.342969 0.301042
0 0.324219 0.312500 0.327344 0.313542 0.328125 0.314583 0.328125 0.318750 0.328125 0.319792 0.322656 0.320833 0.321875 0.319792 0.321875 0.315625 0.321875 0.314583 0.324219 0.312500
0 0.298438 0.321875 0.302344 0.321875 0.303125 0.321875 0.303906 0.322917 0.304688 0.323958 0.303906 0.328125 0.303125 0.329167 0.296094 0.331250 0.295312 0.332292 0.290625 0.331250 0.289844 0.331250 0.289844 0.329167 0.290625 0.328125 0.298438 0.321875
0 0.384375 0.298958 0.391406 0.301042 0.392188 0.301042 0.392969 0.303125 0.393750 0.304167 0.392969 0.309375 0.392969 0.310417 0.385156 0.310417 0.384375 0.310417 0.382812 0.306250 0.382031 0.305208 0.382812 0.301042 0.382812 0.300000 0.384375 0.298958
0 0.432812 0.302083 0.435937 0.302083 0.436719 0.302083 0.441406 0.305208 0.442188 0.305208 0.444531 0.308333 0.445312 0.308333 0.446094 0.313542 0.446094 0.314583 0.444531 0.316667 0.443750 0.317708 0.439844 0.318750 0.439063 0.318750 0.432031 0.309375 0.431250 0.308333 0.431250 0.304167 0.431250 0.303125 0.432812 0.302083
0 0.451562 0.280208 0.457031 0.283333 0.457813 0.283333 0.458594 0.286458 0.458594 0.287500 0.451562 0.291667 0.450781 0.291667 0.449219 0.289583 0.448437 0.288542 0.448437 0.284375 0.448437 0.283333 0.451562 0.280208
0 0.360938 0.181250 0.364844 0.181250 0.365625 0.181250 0.366406 0.185417 0.366406 0.186458 0.360938 0.188542 0.360156 0.188542 0.358594 0.185417 0.358594 0.184375 0.360938 0.181250
0 0.496094 0.385417 0.500000 0.386458 0.500781 0.387500 0.510938 0.407292 0.511719 0.408333 0.510938 0.410417 0.510156 0.411458 0.504687 0.411458 0.503906 0.411458 0.496094 0.404167 0.495312 0.403125 0.494531 0.398958 0.493750 0.397917 0.493750 0.389583 0.493750 0.388542 0.496094 0.385417
0 0.470313 0.379167 0.485938 0.380208 0.486719 0.380208 0.488281 0.385417 0.488281 0.386458 0.490625 0.389583 0.491406 0.390625 0.491406 0.394792 0.491406 0.395833 0.482812 0.396875 0.482031 0.396875 0.482031 0.393750 0.482031 0.392708 0.480469 0.389583 0.479687 0.388542 0.475000 0.387500 0.474219 0.387500 0.469531 0.383333 0.468750 0.382292 0.470313 0.379167
0 0.516406 0.367708 0.518750 0.369792 0.519531 0.370833 0.518750 0.377083 0.518750 0.378125 0.521094 0.381250 0.521875 0.382292 0.524219 0.382292 0.525000 0.382292 0.525781 0.383333 0.526563 0.384375 0.526563 0.388542 0.526563 0.389583 0.524219 0.392708 0.523438 0.393750 0.521875 0.393750 0.521094 0.394792 0.508594 0.393750 0.507812 0.393750 0.505469 0.388542 0.505469 0.387500 0.510938 0.381250 0.511719 0.380208 0.516406 0.367708
0 0.511719 0.315625 0.515625 0.316667 0.516406 0.317708 0.514844 0.321875 0.514062 0.322917 0.511719 0.321875 0.510938 0.320833 0.511719 0.315625
0 0.496875 0.203125 0.500781 0.204167 0.501563 0.204167 0.504687 0.210417 0.504687 0.211458 0.501563 0.212500 0.500781 0.213542 0.495312 0.212500 0.494531 0.212500 0.494531 0.208333 0.494531 0.207292 0.496875 0.203125
0 0.318686 0.169231 0.323160 0.164591 0.323160 0.158294 0.321420 0.157300 0.318188 0.157300 0.317940 0.157963 0.316449 0.158626 0.316200 0.167242 0.315703 0.169231 0.315703 0.169894 0.316200 0.169894
0 0.368397 0.182156 0.368149 0.173871 0.368397 0.173208 0.369392 0.173208 0.369889 0.174202 0.370634 0.178510 0.371380 0.180499 0.372623 0.182156 0.372623 0.183481 0.370634 0.183481
0 0.223736 0.241147 0.220256 0.239821 0.219262 0.238164 0.218765 0.238164 0.218765 0.236839 0.219262 0.236176 0.220256 0.236176 0.221996 0.235182 0.223487 0.232530 0.224730 0.232862 0.225973 0.234850 0.227216 0.238164 0.227713 0.238496 0.227713 0.239159 0.225973 0.239490
0 0.170793 0.102617 0.175018 0.099634 0.176013 0.097977 0.176758 0.097646 0.176758 0.096983 0.178995 0.096651 0.181978 0.093337 0.182227 0.092012 0.178995 0.090686 0.174770 0.091018 0.172036 0.093006 0.171290 0.095326 0.171290 0.096651 0.169302 0.097977 0.168804 0.100628
0 0.028691 0.224940 0.029769 0.222065 0.031566 0.220387 0.032645 0.221585 0.034262 0.222304 0.035161 0.219908 0.035341 0.214875 0.036958 0.212479 0.039115 0.212479 0.041451 0.214396 0.041272 0.217511 0.040193 0.219668 0.040014 0.221585 0.039474 0.222304 0.039474 0.223742 0.038755 0.225899 0.033184 0.228295 0.029949 0.228535 0.028691 0.227097
0 0.044686 0.234526 0.040373 0.234526 0.039654 0.233567 0.040193 0.231890 0.041092 0.231650 0.041990 0.230691 0.042170 0.227337 0.043967 0.225659 0.046663 0.225899 0.048101 0.230691 0.048281 0.233807 0.046124 0.234526
0 0.046484 0.216792 0.044686 0.215594 0.042530 0.215594 0.041990 0.214636 0.041990 0.211041 0.043967 0.208645 0.047023 0.206488 0.048640 0.206488 0.050258 0.205769 0.050617 0.206488 0.050438 0.216313 0.047742 0.217751
0 0.127002 0.182524 0.124845 0.179170 0.124665 0.177732 0.127721 0.175335 0.128440 0.175335 0.128979 0.176294 0.129158 0.179409 0.129158 0.181087 0.128440 0.182764
0 0.082070 0.250821 0.076678 0.250821 0.075060 0.248425 0.074521 0.243392 0.080991 0.243153 0.082429 0.247945
0 0.199791 0.192829 0.199432 0.188755 0.197814 0.187796 0.196377 0.185640 0.196197 0.181326 0.198533 0.181566 0.199252 0.183483 0.201589 0.181566 0.203026 0.181087 0.203925 0.179649 0.204285 0.180847 0.204285 0.192110 0.201589 0.192350
0 0.618750 0.387500 0.623437 0.389583 0.624219 0.390625 0.629687 0.390625 0.630469 0.390625 0.632812 0.393750 0.633594 0.394792 0.632812 0.402083 0.632812 0.403125 0.627344 0.412500 0.626563 0.413542 0.620313 0.413542 0.619531 0.413542 0.617188 0.411458 0.616406 0.410417 0.615625 0.407292 0.614844 0.406250 0.614062 0.394792 0.614062 0.393750 0.615625 0.390625 0.615625 0.389583 0.618750 0.387500
0 0.649219 0.283333 0.652344 0.284375 0.653125 0.285417 0.660156 0.284375 0.660937 0.284375 0.664062 0.287500 0.664844 0.288542 0.662500 0.314583 0.662500 0.315625 0.665625 0.320833 0.666406 0.321875 0.668750 0.331250 0.668750 0.332292 0.667969 0.334375 0.667188 0.335417 0.664062 0.336458 0.663281 0.336458 0.659375 0.340625 0.658594 0.341667 0.655469 0.353125 0.654687 0.354167 0.650000 0.379167 0.650000 0.380208 0.646875 0.383333 0.646094 0.384375 0.635938 0.386458 0.635156 0.385417 0.627344 0.390625 0.626563 0.390625 0.617188 0.384375 0.616406 0.383333 0.616406 0.372917 0.616406 0.371875 0.615625 0.370833 0.614844 0.369792 0.612500 0.356250 0.611719 0.355208 0.613281 0.337500 0.613281 0.336458 0.614844 0.333333 0.614844 0.332292 0.621094 0.326042 0.621875 0.325000 0.625781 0.325000 0.626563 0.325000 0.628125 0.331250 0.628906 0.332292 0.631250 0.330208 0.632031 0.329167 0.639062 0.308333 0.639844 0.307292 0.642969 0.292708 0.642969 0.291667 0.649219 0.283333
0 0.302364 0.431404 0.299168 0.438506 0.298864 0.438912 0.300538 0.442158 0.300995 0.443376 0.299016 0.444796 0.298407 0.447028 0.297038 0.449057 0.297646 0.450681 0.296733 0.450884 0.294603 0.450681 0.292320 0.452101 0.292320 0.454131 0.291863 0.456768 0.292168 0.458595 0.291711 0.459203 0.290341 0.464276 0.290950 0.465494 0.292472 0.466103 0.298103 0.467726 0.313474 0.468335 0.313626 0.466914 0.312409 0.460421 0.313931 0.460015 0.314844 0.458392 0.315605 0.456566 0.315757 0.454739 0.315605 0.451290 0.314996 0.448652 0.313017 0.446825 0.312104 0.446623 0.312256 0.442361 0.311648 0.440941 0.312865 0.438912 0.313626 0.438709 0.313017 0.436477 0.309974 0.436679 0.309974 0.434853 0.309061 0.432418 0.304799 0.432418
0 0.393478 0.517147 0.398214 0.518831 0.400109 0.516516 0.400109 0.512306 0.399478 0.509780 0.395846 0.506411 0.393005 0.504727 0.392373 0.505569 0.392057 0.507885 0.392531 0.513569
0 0.338875 0.474616 0.340190 0.472862 0.342780 0.470616 0.342862 0.464698 0.341958 0.463821 0.342738 0.463109 0.342985 0.461520 0.341588 0.460588 0.341958 0.459602 0.340396 0.459657 0.339862 0.458999 0.339040 0.458506 0.338793 0.457903 0.335629 0.454068 0.334478 0.454341 0.334396 0.456479 0.332752 0.458835 0.331437 0.459054 0.331026 0.456972 0.330492 0.456095 0.327286 0.456150 0.326176 0.456424 0.324286 0.458999 0.323258 0.459821 0.322149 0.460040 0.321039 0.458068 0.319806 0.457410 0.318450 0.458396 0.318368 0.460533 0.318039 0.461246 0.318204 0.462944 0.318779 0.463766 0.319560 0.464095 0.320217 0.464095 0.320752 0.465520 0.320258 0.466725 0.319108 0.467383 0.317916 0.467383 0.317012 0.465301 0.315984 0.465301 0.315820 0.465794 0.316190 0.466780 0.317464 0.469191 0.317299 0.470342 0.317423 0.470999 0.319765 0.473027 0.320710 0.473137 0.321245 0.471986 0.322026 0.471219 0.322683 0.469849 0.324327 0.469465 0.325108 0.469849 0.326012 0.470013 0.326587 0.470342 0.329875 0.468753 0.331766 0.467438 0.333451 0.468150 0.335670 0.468808 0.336122 0.474013 0.337642 0.474506
0 0.054688 0.000000 0.066406 0.000000 0.066406 0.001042 0.064062 0.006250 0.064062 0.007292 0.058594 0.013542 0.057813 0.014583 0.050000 0.030208 0.050000 0.031250 0.045312 0.035417 0.044531 0.036458 0.039844 0.037500 0.039062 0.037500 0.033594 0.043750 0.032813 0.043750 0.024219 0.054167 0.023438 0.055208 0.023438 0.056250 0.023438 0.057292 0.020313 0.061458 0.019531 0.062500 0.015625 0.065625 0.014844 0.066667 0.010937 0.073958 0.010156 0.075000 0.008594 0.076042 0.007812 0.077083 0.000781 0.077083 0.000000 0.077083 0.000000 0.069792 0.000000 0.068750 0.000781 0.068750 0.001563 0.068750 0.006250 0.062500 0.007031 0.061458 0.009375 0.055208 0.009375 0.054167 0.017188 0.043750 0.017969 0.042708 0.021875 0.040625 0.022656 0.040625 0.042188 0.019792 0.042969 0.019792 0.047656 0.013542 0.048438 0.012500 0.054688 0.000000
0 0.084375 0.069792 0.089844 0.071875 0.090625 0.072917 0.092969 0.078125 0.092969 0.079167 0.098437 0.087500 0.099219 0.088542 0.103906 0.100000 0.104688 0.101042 0.104688 0.104167 0.104688 0.105208 0.099219 0.105208 0.098437 0.105208 0.093750 0.100000 0.092969 0.098958 0.083594 0.077083 0.082812 0.076042 0.082812 0.071875 0.082812 0.070833 0.084375 0.069792
0 0.130469 0.129167 0.137500 0.130208 0.138281 0.131250 0.142187 0.130208 0.142969 0.130208 0.148438 0.132292 0.149219 0.132292 0.150781 0.134375 0.151562 0.134375 0.166406 0.155208 0.167187 0.156250 0.167969 0.158333 0.167969 0.159375 0.164844 0.169792 0.164844 0.170833 0.162500 0.172917 0.161719 0.173958 0.156250 0.173958 0.155469 0.173958 0.151562 0.170833 0.150781 0.170833 0.149219 0.168750 0.148438 0.167708 0.147656 0.163542 0.147656 0.162500 0.136719 0.152083 0.135937 0.152083 0.134375 0.148958 0.134375 0.147917 0.126562 0.138542 0.125781 0.137500 0.130469 0.129167
0 0.150000 0.114583 0.157812 0.115625 0.158594 0.115625 0.158594 0.120833 0.158594 0.121875 0.160156 0.125000 0.160156 0.126042 0.165625 0.131250 0.166406 0.131250 0.167969 0.135417 0.168750 0.136458 0.166406 0.143750 0.165625 0.144792 0.159375 0.140625 0.158594 0.140625 0.150000 0.130208 0.149219 0.129167 0.146875 0.121875 0.146875 0.120833 0.150000 0.114583
0 0.172656 0.132292 0.175781 0.132292 0.176563 0.133333 0.177344 0.142708 0.177344 0.143750 0.176563 0.145833 0.175781 0.146875 0.171094 0.147917 0.170313 0.147917 0.166406 0.142708 0.166406 0.141667 0.167969 0.138542 0.167969 0.137500 0.172656 0.132292
0 0.205469 0.123958 0.211719 0.125000 0.212500 0.125000 0.214062 0.127083 0.214844 0.128125 0.218750 0.139583 0.218750 0.140625 0.230469 0.156250 0.231250 0.157292 0.231250 0.159375 0.231250 0.160417 0.228906 0.163542 0.228125 0.164583 0.227344 0.168750 0.226562 0.169792 0.227344 0.178125 0.227344 0.179167 0.225000 0.184375 0.224219 0.185417 0.221094 0.186458 0.220312 0.187500 0.213281 0.186458 0.212500 0.186458 0.205469 0.177083 0.204687 0.176042 0.200000 0.162500 0.199219 0.161458 0.198437 0.156250 0.197656 0.155208 0.196094 0.135417 0.196094 0.134375 0.200000 0.127083 0.200781 0.126042 0.205469 0.123958
0 0.203125 0.125000 0.212500 0.126042 0.213281 0.126042 0.219531 0.141667 0.219531 0.142708 0.230469 0.156250 0.231250 0.157292 0.233594 0.155208 0.234375 0.154167 0.235156 0.148958 0.235937 0.147917 0.247656 0.148958 0.248438 0.148958 0.250781 0.153125 0.251563 0.154167 0.253125 0.154167 0.253906 0.154167 0.256250 0.148958 0.257031 0.147917 0.260156 0.147917 0.260937 0.147917 0.271094 0.157292 0.271875 0.157292 0.273438 0.161458 0.274219 0.162500 0.272656 0.177083 0.272656 0.178125 0.271094 0.181250 0.270313 0.182292 0.260937 0.188542 0.260156 0.189583 0.255469 0.189583 0.254688 0.189583 0.252344 0.187500 0.251563 0.186458 0.249219 0.188542 0.248438 0.189583 0.249219 0.195833 0.249219 0.196875 0.246875 0.210417 0.246875 0.211458 0.248438 0.216667 0.249219 0.217708 0.249219 0.221875 0.249219 0.222917 0.247656 0.225000 0.247656 0.226042 0.244531 0.227083 0.243750 0.228125 0.240625 0.227083 0.239844 0.227083 0.229687 0.209375 0.229687 0.208333 0.226562 0.205208 0.225781 0.204167 0.224219 0.204167 0.223438 0.204167 0.214062 0.210417 0.213281 0.211458 0.210938 0.210417 0.210156 0.210417 0.204687 0.205208 0.203906 0.204167 0.203906 0.198958 0.203906 0.197917 0.205469 0.192708 0.205469 0.191667 0.211719 0.185417 0.211719 0.184375 0.205469 0.178125 0.204687 0.177083 0.197656 0.155208 0.196875 0.154167 0.196094 0.136458 0.196094 0.135417 0.199219 0.129167 0.199219 0.128125 0.203125 0.125000
0 0.328906 0.116667 0.334375 0.116667 0.335156 0.116667 0.337500 0.118750 0.338281 0.119792 0.338281 0.126042 0.338281 0.127083 0.336719 0.130208 0.335938 0.131250 0.332031 0.132292 0.331250 0.133333 0.325000 0.133333 0.324219 0.133333 0.321875 0.131250 0.321094 0.130208 0.313281 0.128125 0.312500 0.128125 0.313281 0.125000 0.314063 0.123958 0.318750 0.122917 0.319531 0.122917 0.328906 0.116667
0 0.321094 0.096875 0.324219 0.096875 0.325000 0.096875 0.331250 0.107292 0.332031 0.108333 0.335938 0.109375 0.336719 0.109375 0.337500 0.110417 0.338281 0.111458 0.337500 0.113542 0.337500 0.114583 0.325781 0.119792 0.325000 0.120833 0.319531 0.119792 0.318750 0.119792 0.317969 0.116667 0.317188 0.115625 0.317969 0.103125 0.317969 0.102083 0.321094 0.096875
0 0.316406 0.171875 0.321094 0.172917 0.321875 0.173958 0.322656 0.183333 0.322656 0.184375 0.325000 0.192708 0.325000 0.193750 0.328125 0.198958 0.328906 0.200000 0.328906 0.204167 0.328906 0.205208 0.326562 0.208333 0.325781 0.209375 0.323437 0.209375 0.322656 0.209375 0.318750 0.201042 0.317969 0.200000 0.310156 0.197917 0.309375 0.197917 0.307812 0.195833 0.307031 0.194792 0.307812 0.188542 0.307812 0.187500 0.311719 0.177083 0.311719 0.176042 0.316406 0.171875
0 0.353125 0.193750 0.359375 0.194792 0.360156 0.194792 0.365625 0.198958 0.366406 0.198958 0.367188 0.201042 0.367188 0.202083 0.364844 0.209375 0.364844 0.210417 0.356250 0.213542 0.355469 0.213542 0.349219 0.221875 0.348438 0.222917 0.346094 0.220833 0.345313 0.219792 0.344531 0.215625 0.344531 0.214583 0.350000 0.210417 0.350781 0.209375 0.350781 0.200000 0.350781 0.198958 0.353125 0.193750
0 0.409375 0.000000 0.417969 0.000000 0.418750 0.000000 0.418750 0.001042 0.419531 0.002083 0.421875 0.002083 0.422656 0.002083 0.436719 0.009375 0.437500 0.009375 0.446094 0.016667 0.446094 0.017708 0.442969 0.021875 0.442188 0.022917 0.439844 0.031250 0.439844 0.032292 0.435937 0.036458 0.435156 0.037500 0.425000 0.035417 0.424219 0.035417 0.419531 0.029167 0.418750 0.028125 0.407031 0.029167 0.406250 0.029167 0.404687 0.025000 0.403906 0.023958 0.403906 0.016667 0.403906 0.015625 0.405469 0.008333 0.405469 0.007292 0.409375 0.000000
0 0.422656 0.031250 0.434375 0.034375 0.435156 0.034375 0.434375 0.058333 0.433594 0.059375 0.431250 0.059375 0.430469 0.059375 0.426563 0.056250 0.425781 0.055208 0.424219 0.050000 0.423438 0.048958 0.422656 0.031250
0 0.341406 0.008333 0.342969 0.009375 0.343750 0.010417 0.344531 0.014583 0.344531 0.015625 0.340625 0.026042 0.340625 0.027083 0.338281 0.030208 0.337500 0.031250 0.335938 0.031250 0.335156 0.031250 0.332031 0.025000 0.331250 0.023958 0.330469 0.013542 0.330469 0.012500 0.335938 0.011458 0.336719 0.012500 0.341406 0.008333
0 0.301563 0.015625 0.306250 0.018750 0.307031 0.019792 0.311719 0.020833 0.312500 0.020833 0.314844 0.023958 0.315625 0.025000 0.315625 0.026042 0.316406 0.027083 0.314844 0.029167 0.314063 0.030208 0.314063 0.034375 0.314063 0.035417 0.316406 0.038542 0.317188 0.039583 0.317969 0.045833 0.317969 0.046875 0.314844 0.051042 0.314063 0.052083 0.312500 0.051042 0.311719 0.051042 0.303906 0.038542 0.303906 0.037500 0.296875 0.030208 0.296094 0.029167 0.295312 0.022917 0.295312 0.021875 0.301563 0.015625
0 0.275781 0.017708 0.285156 0.018750 0.285938 0.018750 0.287500 0.021875 0.287500 0.022917 0.284375 0.028125 0.283594 0.029167 0.279687 0.030208 0.278906 0.030208 0.278125 0.029167 0.277344 0.028125 0.275781 0.019792 0.275000 0.018750 0.275781 0.017708
0 0.309375 0.106250 0.310156 0.107292 0.310937 0.107292 0.310937 0.110417 0.311719 0.111458 0.309375 0.123958 0.309375 0.125000 0.305469 0.125000 0.304688 0.125000 0.303906 0.126042 0.303125 0.127083 0.300781 0.127083 0.300000 0.128125 0.296875 0.128125 0.296094 0.128125 0.293750 0.126042 0.292969 0.125000 0.289844 0.125000 0.289062 0.125000 0.286719 0.127083 0.285938 0.126042 0.286719 0.122917 0.287500 0.121875 0.293750 0.121875 0.294531 0.121875 0.300781 0.110417 0.301563 0.109375 0.309375 0.106250
0 0.212500 0.384375 0.226562 0.388542 0.227344 0.388542 0.239063 0.394792 0.239844 0.394792 0.245312 0.400000 0.246094 0.401042 0.251563 0.402083 0.252344 0.402083 0.255469 0.405208 0.256250 0.406250 0.257031 0.413542 0.257031 0.414583 0.256250 0.415625 0.255469 0.416667 0.251563 0.416667 0.250781 0.416667 0.243750 0.412500 0.242969 0.411458 0.225000 0.410417 0.224219 0.409375 0.220312 0.410417 0.219531 0.410417 0.214844 0.405208 0.214062 0.404167 0.209375 0.404167 0.208594 0.404167 0.204687 0.406250 0.203906 0.406250 0.189844 0.397917 0.189062 0.397917 0.188281 0.396875 0.189844 0.393750 0.190625 0.392708 0.200000 0.388542 0.200781 0.387500 0.210156 0.386458 0.210938 0.386458 0.212500 0.384375
0 0.245312 0.329167 0.255469 0.331250 0.256250 0.331250 0.261719 0.336458 0.262500 0.336458 0.271875 0.350000 0.272656 0.351042 0.274219 0.351042 0.275000 0.352083 0.275000 0.361458 0.274219 0.362500 0.268750 0.365625 0.267969 0.366667 0.266406 0.366667 0.265625 0.365625 0.264844 0.361458 0.264062 0.360417 0.260937 0.364583 0.260156 0.365625 0.257031 0.363542 0.256250 0.362500 0.250781 0.362500 0.250000 0.361458 0.231250 0.362500 0.230469 0.362500 0.222656 0.367708 0.221875 0.367708 0.213281 0.383333 0.213281 0.384375 0.200000 0.387500 0.199219 0.387500 0.189062 0.395833 0.188281 0.396875 0.178906 0.401042 0.178125 0.401042 0.177344 0.397917 0.177344 0.396875 0.180469 0.391667 0.181250 0.390625 0.185156 0.372917 0.185156 0.371875 0.189844 0.365625 0.190625 0.364583 0.201563 0.355208 0.202344 0.354167 0.210156 0.351042 0.210938 0.351042 0.232813 0.335417 0.233594 0.334375 0.245312 0.329167
0 0.246875 0.360417 0.254688 0.361458 0.255469 0.361458 0.262500 0.366667 0.262500 0.367708 0.253125 0.372917 0.252344 0.373958 0.243750 0.377083 0.242969 0.377083 0.242188 0.376042 0.241406 0.376042 0.241406 0.373958 0.240625 0.372917 0.242969 0.364583 0.242969 0.363542 0.246875 0.360417
0 0.042969 0.507292 0.045312 0.508333 0.045312 0.509375 0.042188 0.519792 0.042188 0.520833 0.032031 0.532292 0.031250 0.533333 0.023438 0.552083 0.022656 0.553125 0.018750 0.555208 0.017969 0.556250 0.014063 0.556250 0.013281 0.556250 0.007812 0.551042 0.007031 0.550000 0.007812 0.545833 0.007812 0.544792 0.017969 0.533333 0.018750 0.532292 0.021094 0.520833 0.021094 0.519792 0.024219 0.514583 0.025000 0.513542 0.042969 0.507292
0 0.404687 0.329167 0.409375 0.331250 0.410156 0.331250 0.416406 0.338542 0.417187 0.339583 0.417187 0.346875 0.417187 0.347917 0.413281 0.362500 0.413281 0.363542 0.408594 0.373958 0.407813 0.375000 0.403125 0.389583 0.403125 0.390625 0.400781 0.392708 0.400000 0.392708 0.395313 0.385417 0.395313 0.384375 0.386719 0.375000 0.385937 0.375000 0.383594 0.369792 0.382812 0.368750 0.382812 0.362500 0.382812 0.361458 0.385937 0.354167 0.385937 0.353125 0.390625 0.348958 0.391406 0.347917 0.398438 0.335417 0.398438 0.334375 0.404687 0.329167
0 0.455469 0.407292 0.465625 0.407292 0.466406 0.407292 0.471875 0.413542 0.472656 0.414583 0.473438 0.427083 0.474219 0.428125 0.470313 0.427083 0.469531 0.427083 0.466406 0.433333 0.465625 0.434375 0.465625 0.438542 0.465625 0.439583 0.465625 0.438542 0.464844 0.437500 0.446875 0.431250 0.446094 0.431250 0.442969 0.423958 0.442188 0.422917 0.443750 0.414583 0.443750 0.413542 0.448437 0.412500 0.449219 0.412500 0.455469 0.407292
0 0.450000 0.339583 0.455469 0.339583 0.456250 0.339583 0.457813 0.341667 0.458594 0.342708 0.458594 0.344792 0.459375 0.345833 0.458594 0.351042 0.458594 0.352083 0.451562 0.358333 0.450781 0.359375 0.445312 0.353125 0.444531 0.352083 0.445312 0.345833 0.445312 0.344792 0.450000 0.339583
0 0.471094 0.316667 0.481250 0.316667 0.482031 0.316667 0.488281 0.321875 0.489063 0.322917 0.489063 0.329167 0.489063 0.330208 0.487500 0.332292 0.486719 0.333333 0.480469 0.336458 0.479687 0.337500 0.470313 0.336458 0.469531 0.336458 0.463281 0.332292 0.462500 0.332292 0.461719 0.331250 0.460938 0.330208 0.461719 0.327083 0.461719 0.326042 0.467187 0.318750 0.467969 0.317708 0.471094 0.316667
0 0.539062 0.228125 0.542969 0.228125 0.543750 0.228125 0.550781 0.232292 0.551562 0.232292 0.551562 0.237500 0.551562 0.238542 0.548438 0.241667 0.547656 0.242708 0.549219 0.245833 0.550000 0.246875 0.550000 0.251042 0.550000 0.252083 0.540625 0.256250 0.539844 0.257292 0.536719 0.257292 0.535937 0.257292 0.525781 0.253125 0.525000 0.253125 0.525000 0.246875 0.525000 0.245833 0.523438 0.242708 0.522656 0.241667 0.519531 0.239583 0.518750 0.238542 0.517969 0.234375 0.517969 0.233333 0.518750 0.232292 0.519531 0.231250 0.524219 0.231250 0.525000 0.231250 0.528906 0.234375 0.529687 0.234375 0.539062 0.228125
0 0.696094 0.639583 0.709375 0.639583 0.710156 0.639583 0.714063 0.642708 0.714844 0.643750 0.715625 0.646875 0.716406 0.647917 0.716406 0.662500 0.716406 0.663542 0.713281 0.669792 0.712500 0.670833 0.709375 0.668750 0.708594 0.668750 0.696875 0.673958 0.696094 0.673958 0.693750 0.672917 0.692969 0.672917 0.690625 0.669792 0.689844 0.668750 0.688281 0.648958 0.688281 0.647917 0.690625 0.643750 0.691406 0.642708 0.696094 0.639583
0 0.703125 0.625000 0.717969 0.625000 0.718750 0.625000 0.721094 0.627083 0.721875 0.628125 0.720313 0.630208 0.720313 0.631250 0.714063 0.634375 0.713281 0.634375 0.709375 0.638542 0.708594 0.639583 0.702344 0.639583 0.701562 0.639583 0.696094 0.637500 0.695312 0.637500 0.694531 0.631250 0.694531 0.630208 0.696875 0.628125 0.697656 0.627083 0.703125 0.625000
0 0.717187 0.577083 0.718750 0.577083 0.719531 0.577083 0.723437 0.580208 0.724219 0.580208 0.728125 0.584375 0.728906 0.585417 0.729688 0.589583 0.730469 0.590625 0.734375 0.592708 0.735156 0.592708 0.742969 0.602083 0.743750 0.603125 0.743750 0.604167 0.744531 0.605208 0.740625 0.617708 0.739844 0.618750 0.735156 0.616667 0.734375 0.615625 0.728125 0.614583 0.727344 0.614583 0.719531 0.605208 0.718750 0.604167 0.717969 0.601042 0.717969 0.600000 0.719531 0.596875 0.720313 0.595833 0.720313 0.588542 0.720313 0.587500 0.718750 0.583333 0.717969 0.582292 0.714063 0.581250 0.713281 0.580208 0.717187 0.577083
0 0.564844 0.580208 0.567187 0.580208 0.567969 0.580208 0.570312 0.583333 0.571094 0.584375 0.577344 0.584375 0.578125 0.585417 0.578125 0.591667 0.578125 0.592708 0.576562 0.597917 0.575781 0.598958 0.564844 0.598958 0.564063 0.598958 0.562500 0.596875 0.561719 0.595833 0.560937 0.586458 0.560937 0.585417 0.564844 0.580208
0 0.817969 0.635417 0.821875 0.636458 0.822656 0.636458 0.824219 0.641667 0.825000 0.642708 0.833594 0.647917 0.834375 0.647917 0.836719 0.652083 0.836719 0.653125 0.847656 0.665625 0.848437 0.666667 0.848437 0.680208 0.847656 0.681250 0.845313 0.681250 0.844531 0.681250 0.842187 0.679167 0.841406 0.679167 0.833594 0.669792 0.832812 0.668750 0.823438 0.664583 0.822656 0.663542 0.821875 0.659375 0.821875 0.658333 0.816406 0.652083 0.815625 0.652083 0.813281 0.644792 0.812500 0.643750 0.814063 0.639583 0.814063 0.638542 0.817969 0.635417
0 0.500781 0.763542 0.506250 0.764583 0.507031 0.764583 0.512500 0.768750 0.513281 0.768750 0.520312 0.777083 0.521094 0.778125 0.521094 0.782292 0.521094 0.783333 0.516406 0.792708 0.515625 0.793750 0.513281 0.793750 0.512500 0.793750 0.507031 0.788542 0.506250 0.788542 0.494531 0.773958 0.493750 0.772917 0.493750 0.769792 0.493750 0.768750 0.495312 0.766667 0.496094 0.765625 0.500781 0.763542
0 0.512500 0.759375 0.515625 0.759375 0.516406 0.759375 0.527344 0.765625 0.528125 0.766667 0.532813 0.767708 0.533594 0.768750 0.542969 0.767708 0.543750 0.767708 0.544531 0.771875 0.544531 0.772917 0.542969 0.777083 0.542188 0.778125 0.542188 0.782292 0.542188 0.783333 0.540625 0.785417 0.539844 0.786458 0.533594 0.787500 0.532813 0.787500 0.526563 0.782292 0.525781 0.782292 0.519531 0.772917 0.518750 0.771875 0.508594 0.764583 0.507812 0.763542 0.512500 0.759375
0 0.492969 0.722917 0.496094 0.723958 0.496875 0.723958 0.503125 0.731250 0.503906 0.732292 0.503906 0.735417 0.503906 0.736458 0.501563 0.742708 0.500781 0.743750 0.500781 0.758333 0.500781 0.759375 0.499219 0.763542 0.498437 0.764583 0.496094 0.764583 0.495312 0.764583 0.491406 0.758333 0.490625 0.757292 0.488281 0.743750 0.487500 0.742708 0.488281 0.733333 0.488281 0.732292 0.492969 0.722917
0 0.462500 0.683333 0.465625 0.683333 0.466406 0.683333 0.470313 0.687500 0.471094 0.688542 0.475781 0.689583 0.476562 0.689583 0.481250 0.692708 0.482031 0.692708 0.491406 0.705208 0.492188 0.706250 0.492188 0.723958 0.492188 0.725000 0.489063 0.730208 0.488281 0.731250 0.485938 0.740625 0.485156 0.741667 0.482812 0.740625 0.482031 0.740625 0.480469 0.737500 0.479687 0.736458 0.477344 0.715625 0.478125 0.714583 0.475781 0.707292 0.475781 0.706250 0.474219 0.704167 0.473438 0.703125 0.460938 0.694792 0.460156 0.694792 0.457813 0.691667 0.457031 0.690625 0.462500 0.683333
0 0.450781 0.690625 0.453906 0.690625 0.454688 0.690625 0.460938 0.696875 0.461719 0.696875 0.466406 0.703125 0.467187 0.703125 0.471094 0.710417 0.471875 0.711458 0.469531 0.720833 0.469531 0.721875 0.471875 0.735417 0.471875 0.736458 0.473438 0.740625 0.474219 0.741667 0.476562 0.754167 0.477344 0.755208 0.477344 0.762500 0.477344 0.763542 0.474219 0.769792 0.473438 0.770833 0.468750 0.770833 0.467969 0.770833 0.462500 0.764583 0.461719 0.763542 0.458594 0.757292 0.457813 0.756250 0.457813 0.754167 0.458594 0.753125 0.456250 0.745833 0.455469 0.744792 0.452344 0.745833 0.451562 0.746875 0.449219 0.745833 0.448437 0.745833 0.443750 0.741667 0.442969 0.741667 0.440625 0.736458 0.439844 0.735417 0.439844 0.731250 0.439844 0.730208 0.441406 0.726042 0.442188 0.725000 0.450781 0.721875 0.451562 0.720833 0.448437 0.709375 0.447656 0.708333 0.447656 0.698958 0.447656 0.697917 0.448437 0.694792 0.448437 0.693750 0.450781 0.690625
0 0.392969 0.773958 0.394531 0.776042 0.395313 0.777083 0.395313 0.790625 0.395313 0.791667 0.392188 0.797917 0.391406 0.798958 0.385156 0.800000 0.384375 0.800000 0.383594 0.796875 0.382812 0.795833 0.382812 0.788542 0.382812 0.787500 0.392969 0.773958
0 0.268750 0.725000 0.276562 0.727083 0.277344 0.727083 0.281250 0.730208 0.282031 0.731250 0.282031 0.736458 0.282031 0.737500 0.280469 0.737500 0.279687 0.737500 0.275781 0.745833 0.275000 0.746875 0.271094 0.746875 0.270313 0.746875 0.267969 0.742708 0.267188 0.741667 0.266406 0.730208 0.266406 0.729167 0.268750 0.725000
0 0.150781 0.762500 0.153125 0.762500 0.153906 0.762500 0.156250 0.768750 0.156250 0.769792 0.157031 0.770833 0.157812 0.771875 0.160938 0.771875 0.161719 0.772917 0.164062 0.781250 0.164844 0.782292 0.164062 0.786458 0.164062 0.787500 0.157031 0.793750 0.156250 0.794792 0.146094 0.792708 0.145313 0.792708 0.142969 0.790625 0.142187 0.789583 0.142969 0.784375 0.142969 0.783333 0.150781 0.762500
0 0.887500 0.805208 0.888281 0.805208 0.889062 0.805208 0.896875 0.812500 0.897656 0.813542 0.897656 0.818750 0.896875 0.819792 0.899219 0.830208 0.899219 0.831250 0.895312 0.839583 0.895312 0.840625 0.876563 0.836458 0.875781 0.836458 0.874219 0.833333 0.873437 0.832292 0.872656 0.826042 0.871875 0.825000 0.871875 0.819792 0.871875 0.818750 0.873437 0.815625 0.873437 0.814583 0.876563 0.811458 0.877344 0.810417 0.883594 0.809375 0.884375 0.809375 0.887500 0.805208
0 0.869531 0.846875 0.871875 0.846875 0.872656 0.846875 0.871875 0.863542 0.871875 0.864583 0.863281 0.865625 0.862500 0.865625 0.861719 0.859375 0.861719 0.858333 0.863281 0.855208 0.863281 0.854167 0.869531 0.846875
0 0.875781 0.783333 0.878906 0.786458 0.879687 0.787500 0.890625 0.808333 0.890625 0.809375 0.877344 0.810417 0.876563 0.810417 0.875000 0.807292 0.874219 0.806250 0.870313 0.803125 0.869531 0.802083 0.871094 0.789583 0.871094 0.788542 0.872656 0.785417 0.873437 0.784375 0.875781 0.783333
0 0.982031 0.643750 0.987500 0.643750 0.988281 0.643750 0.993750 0.647917 0.994531 0.648958 0.998437 0.647917 0.999219 0.647917 0.999219 0.677083 0.999219 0.678125 0.993750 0.677083 0.992969 0.677083 0.986719 0.682292 0.985938 0.682292 0.984375 0.679167 0.983594 0.678125 0.980469 0.676042 0.979688 0.675000 0.981250 0.658333 0.981250 0.657292 0.978125 0.654167 0.977344 0.654167 0.976562 0.651042 0.976562 0.650000 0.982031 0.643750
0 0.990625 0.554167 0.994531 0.554167 0.995313 0.554167 0.998437 0.557292 0.999219 0.557292 0.999219 0.580208 0.999219 0.581250 0.995313 0.579167 0.994531 0.579167 0.989062 0.573958 0.988281 0.572917 0.975000 0.571875 0.974219 0.570833 0.975000 0.563542 0.975781 0.562500 0.990625 0.554167
0 0.939844 0.847917 0.946094 0.850000 0.946875 0.850000 0.950781 0.854167 0.951562 0.855208 0.951562 0.862500 0.951562 0.863542 0.950000 0.864583 0.949219 0.865625 0.914062 0.864583 0.913281 0.863542 0.914062 0.859375 0.914844 0.858333 0.918750 0.857292 0.919531 0.857292 0.923438 0.853125 0.924219 0.852083 0.939844 0.847917
0 0.953125 0.785417 0.959375 0.785417 0.960156 0.785417 0.962500 0.787500 0.963281 0.788542 0.964063 0.794792 0.964063 0.795833 0.962500 0.798958 0.962500 0.800000 0.957812 0.801042 0.957031 0.801042 0.944531 0.797917 0.943750 0.797917 0.942969 0.793750 0.942969 0.792708 0.944531 0.790625 0.945312 0.789583 0.953125 0.785417
0 0.817969 0.753125 0.825000 0.755208 0.825781 0.755208 0.828125 0.757292 0.828906 0.757292 0.833594 0.771875 0.834375 0.772917 0.832812 0.776042 0.832031 0.777083 0.830469 0.778125 0.829688 0.779167 0.826562 0.779167 0.825781 0.779167 0.814844 0.764583 0.814063 0.763542 0.814844 0.758333 0.814844 0.757292 0.817969 0.753125
0 0.797656 0.769792 0.811719 0.769792 0.812500 0.769792 0.816406 0.771875 0.817187 0.771875 0.818750 0.773958 0.819531 0.775000 0.821094 0.781250 0.821875 0.782292 0.819531 0.791667 0.819531 0.792708 0.816406 0.794792 0.815625 0.795833 0.808594 0.793750 0.807813 0.792708 0.799219 0.792708 0.798438 0.792708 0.790625 0.794792 0.789844 0.794792 0.792969 0.789583 0.793750 0.788542 0.793750 0.786458 0.793750 0.785417 0.791406 0.782292 0.790625 0.781250 0.790625 0.779167 0.790625 0.778125 0.797656 0.769792
0 0.817187 0.754167 0.825781 0.756250 0.826562 0.756250 0.831250 0.765625 0.831250 0.766667 0.835938 0.772917 0.836719 0.773958 0.836719 0.776042 0.837500 0.777083 0.834375 0.781250 0.833594 0.782292 0.826562 0.784375 0.825781 0.784375 0.823438 0.786458 0.822656 0.786458 0.820312 0.790625 0.820312 0.791667 0.817187 0.794792 0.816406 0.795833 0.808594 0.794792 0.807813 0.793750 0.800781 0.793750 0.800000 0.793750 0.790625 0.796875 0.789844 0.797917 0.783594 0.795833 0.782813 0.795833 0.775000 0.786458 0.774219 0.785417 0.773438 0.779167 0.773438 0.778125 0.771875 0.776042 0.771094 0.775000 0.765625 0.775000 0.764844 0.775000 0.760938 0.772917 0.760156 0.771875 0.761719 0.765625 0.761719 0.764583 0.771094 0.756250 0.771875 0.755208 0.782031 0.757292 0.782813 0.757292 0.784375 0.763542 0.784375 0.764583 0.790625 0.771875 0.791406 0.771875 0.793750 0.769792 0.794531 0.768750 0.810937 0.768750 0.811719 0.768750 0.813281 0.765625 0.814063 0.764583 0.814063 0.759375 0.814063 0.758333 0.817187 0.754167
0 0.867969 0.521875 0.871875 0.521875 0.872656 0.521875 0.882812 0.526042 0.883594 0.526042 0.891406 0.536458 0.892188 0.537500 0.894531 0.538542 0.895312 0.538542 0.897656 0.541667 0.898438 0.542708 0.900781 0.553125 0.900781 0.554167 0.900000 0.555208 0.899219 0.555208 0.893750 0.552083 0.892969 0.552083 0.889062 0.545833 0.888281 0.544792 0.885938 0.548958 0.885156 0.550000 0.880469 0.552083 0.879687 0.553125 0.877344 0.553125 0.876563 0.553125 0.869531 0.547917 0.868750 0.547917 0.867969 0.543750 0.867969 0.542708 0.868750 0.537500 0.869531 0.536458 0.869531 0.529167 0.869531 0.528125 0.867969 0.526042 0.867188 0.525000 0.867969 0.521875
0 0.526563 0.789583 0.528906 0.789583 0.529687 0.789583 0.532031 0.791667 0.532813 0.792708 0.532031 0.809375 0.531250 0.810417 0.526563 0.809375 0.525781 0.809375 0.523438 0.803125 0.522656 0.802083 0.523438 0.793750 0.523438 0.792708 0.526563 0.789583
0 0.603125 0.803125 0.607031 0.804167 0.607812 0.804167 0.612500 0.810417 0.613281 0.811458 0.614062 0.814583 0.614844 0.815625 0.614062 0.819792 0.613281 0.820833 0.603125 0.820833 0.602344 0.820833 0.594531 0.816667 0.593750 0.815625 0.594531 0.810417 0.594531 0.809375 0.597656 0.806250 0.598437 0.805208 0.603125 0.803125
0 0.573438 0.850000 0.579688 0.850000 0.580469 0.850000 0.583594 0.852083 0.584375 0.852083 0.585156 0.853125 0.585938 0.854167 0.585156 0.861458 0.585156 0.862500 0.582812 0.864583 0.582031 0.865625 0.576562 0.865625 0.575781 0.865625 0.572656 0.863542 0.571875 0.863542 0.570312 0.856250 0.570312 0.855208 0.573438 0.850000
0 0.594531 0.776042 0.598437 0.777083 0.599219 0.778125 0.598437 0.791667 0.598437 0.792708 0.596094 0.797917 0.595313 0.798958 0.594531 0.804167 0.594531 0.805208 0.589844 0.818750 0.589844 0.819792 0.584375 0.827083 0.583594 0.827083 0.581250 0.825000 0.580469 0.823958 0.578125 0.816667 0.577344 0.815625 0.577344 0.812500 0.577344 0.811458 0.578906 0.806250 0.578906 0.805208 0.582812 0.800000 0.583594 0.798958 0.584375 0.788542 0.584375 0.787500 0.594531 0.776042
0 0.594531 0.816667 0.612500 0.823958 0.612500 0.825000 0.606250 0.833333 0.605469 0.834375 0.596875 0.837500 0.596094 0.838542 0.592969 0.837500 0.592187 0.837500 0.591406 0.836458 0.590625 0.835417 0.591406 0.822917 0.591406 0.821875 0.594531 0.816667
0 0.043750 0.751042 0.055469 0.751042 0.056250 0.751042 0.057031 0.754167 0.057813 0.755208 0.057031 0.759375 0.057031 0.760417 0.050781 0.767708 0.050000 0.768750 0.040625 0.767708 0.039844 0.767708 0.036719 0.769792 0.035937 0.769792 0.025781 0.787500 0.025000 0.787500 0.023438 0.785417 0.022656 0.784375 0.022656 0.782292 0.021875 0.781250 0.022656 0.769792 0.022656 0.768750 0.032031 0.759375 0.032813 0.759375 0.035156 0.755208 0.035937 0.754167 0.040625 0.753125 0.041406 0.753125 0.043750 0.751042
0 0.016406 0.732292 0.018750 0.734375 0.019531 0.735417 0.019531 0.739583 0.019531 0.740625 0.015625 0.750000 0.014844 0.751042 0.011719 0.775000 0.011719 0.776042 0.010156 0.777083 0.009375 0.778125 0.005469 0.778125 0.004687 0.778125 0.000781 0.775000 0.000000 0.775000 0.000000 0.761458 0.000000 0.760417 0.001563 0.759375 0.002344 0.758333 0.003906 0.747917 0.003906 0.746875 0.005469 0.743750 0.005469 0.742708 0.011719 0.734375 0.012500 0.733333 0.016406 0.732292
0 0.009375 0.776042 0.019531 0.780208 0.020313 0.780208 0.025781 0.787500 0.026562 0.788542 0.025781 0.790625 0.025781 0.791667 0.020313 0.792708 0.019531 0.792708 0.009375 0.787500 0.008594 0.787500 0.007031 0.780208 0.007031 0.779167 0.009375 0.776042
0 0.032031 0.696875 0.035937 0.698958 0.036719 0.698958 0.037500 0.702083 0.038281 0.703125 0.039062 0.714583 0.039062 0.715625 0.032813 0.720833 0.032031 0.721875 0.022656 0.721875 0.021875 0.721875 0.021094 0.720833 0.023438 0.707292 0.023438 0.706250 0.027344 0.703125 0.028125 0.703125 0.032031 0.696875
0 0.017188 0.683333 0.019531 0.684375 0.020313 0.684375 0.024219 0.688542 0.025000 0.689583 0.028906 0.689583 0.029687 0.689583 0.030469 0.693750 0.030469 0.694792 0.026562 0.700000 0.025781 0.701042 0.015625 0.694792 0.014844 0.694792 0.012500 0.689583 0.011719 0.688542 0.012500 0.686458 0.013281 0.685417 0.017188 0.683333
0 0.121875 0.585417 0.126562 0.585417 0.127344 0.585417 0.136719 0.595833 0.136719 0.596875 0.133594 0.603125 0.132812 0.604167 0.126562 0.609375 0.125781 0.610417 0.121875 0.611458 0.121094 0.612500 0.114844 0.612500 0.114062 0.612500 0.113281 0.610417 0.112500 0.609375 0.112500 0.604167 0.111719 0.603125 0.112500 0.598958 0.112500 0.597917 0.115625 0.592708 0.115625 0.591667 0.121875 0.585417
0 0.134375 0.580208 0.142187 0.581250 0.142969 0.581250 0.146094 0.584375 0.146875 0.585417 0.146094 0.597917 0.146094 0.598958 0.142187 0.603125 0.141406 0.604167 0.135156 0.601042 0.134375 0.601042 0.133594 0.595833 0.133594 0.594792 0.132031 0.592708 0.132031 0.591667 0.128125 0.587500 0.127344 0.586458 0.125781 0.586458 0.125000 0.585417 0.134375 0.580208
0 0.039844 0.571875 0.046875 0.572917 0.047656 0.572917 0.052344 0.575000 0.053125 0.575000 0.053575 0.575450 0.056250 0.578125 0.057031 0.579167 0.057031 0.581250 0.057031 0.582292 0.054688 0.587500 0.053906 0.588542 0.055469 0.601042 0.055469 0.602083 0.048438 0.610417 0.047656 0.611458 0.044531 0.612500 0.043750 0.613542 0.040625 0.612500 0.039844 0.612500 0.034375 0.604167 0.033594 0.603125 0.031250 0.602083 0.030469 0.601042 0.032813 0.591667 0.033594 0.590625 0.033594 0.583333 0.033594 0.582292 0.036719 0.576042 0.036719 0.575000 0.039844 0.571875
0 0.017188 0.566667 0.021094 0.568750 0.021875 0.568750 0.023438 0.573958 0.024219 0.575000 0.024219 0.580208 0.024219 0.581250 0.021094 0.586458 0.020313 0.587500 0.017969 0.587500 0.017188 0.586458 0.013281 0.576042 0.012500 0.575000 0.013281 0.570833 0.013281 0.569792 0.017188 0.566667
0 0.004687 0.570833 0.010156 0.571875 0.010937 0.571875 0.014063 0.578125 0.014063 0.579167 0.017188 0.583333 0.017969 0.584375 0.021094 0.585417 0.021094 0.586458 0.019531 0.588542 0.018750 0.589583 0.015625 0.589583 0.014844 0.590625 0.009375 0.586458 0.008594 0.586458 0.007031 0.584375 0.006250 0.583333 0.004687 0.576042 0.003906 0.575000 0.004687 0.570833
0 0.044531 0.479167 0.047656 0.479167 0.048438 0.479167 0.051562 0.486458 0.052344 0.487500 0.050781 0.500000 0.050781 0.501042 0.048438 0.506250 0.048438 0.507292 0.045312 0.510417 0.044531 0.511458 0.039062 0.510417 0.038281 0.509375 0.033594 0.510417 0.032813 0.510417 0.030469 0.504167 0.029687 0.503125 0.029687 0.497917 0.029687 0.496875 0.035937 0.484375 0.036719 0.483333 0.044531 0.479167
0 0.856250 0.098958 0.870313 0.105208 0.871094 0.106250 0.871094 0.112500 0.871094 0.113542 0.867188 0.134375 0.866406 0.135417 0.864062 0.134375 0.863281 0.133333 0.862500 0.131250 0.862500 0.130208 0.853906 0.117708 0.853125 0.116667 0.853125 0.112500 0.853125 0.111458 0.854688 0.108333 0.855469 0.107292 0.856250 0.098958
0 0.871875 0.016667 0.875781 0.018750 0.876563 0.018750 0.878125 0.034375 0.878125 0.035417 0.876563 0.048958 0.876563 0.050000 0.874219 0.057292 0.874219 0.058333 0.869531 0.062500 0.868750 0.062500 0.859375 0.052083 0.858594 0.051042 0.857812 0.045833 0.857812 0.044792 0.853906 0.038542 0.853906 0.037500 0.854688 0.035417 0.855469 0.034375 0.858594 0.032292 0.859375 0.032292 0.867188 0.023958 0.867969 0.023958 0.871875 0.016667
0 0.860938 0.000000 0.885156 0.000000 0.885938 0.000000 0.886719 0.010417 0.886719 0.011458 0.884375 0.015625 0.884375 0.016667 0.876563 0.017708 0.875781 0.017708 0.867188 0.012500 0.866406 0.012500 0.860938 0.000000
0 0.961719 0.328125 0.964063 0.330208 0.964844 0.331250 0.972656 0.351042 0.972656 0.352083 0.964063 0.369792 0.963281 0.370833 0.955469 0.370833 0.954688 0.370833 0.951562 0.366667 0.950781 0.365625 0.950781 0.346875 0.950781 0.345833 0.953125 0.339583 0.953125 0.338542 0.958594 0.330208 0.959375 0.329167 0.961719 0.328125
0 0.957812 0.369792 0.961719 0.369792 0.962500 0.369792 0.967187 0.375000 0.967969 0.376042 0.969531 0.380208 0.970313 0.381250 0.970313 0.385417 0.970313 0.386458 0.967187 0.391667 0.967187 0.392708 0.961719 0.398958 0.960938 0.400000 0.957812 0.400000 0.957031 0.400000 0.954688 0.397917 0.953906 0.397917 0.946875 0.386458 0.946094 0.385417 0.946875 0.382292 0.946875 0.381250 0.954688 0.371875 0.955469 0.370833 0.957812 0.369792
0 0.871094 0.219792 0.872656 0.219792 0.873437 0.219792 0.875000 0.222917 0.875781 0.223958 0.878906 0.226042 0.879687 0.226042 0.879687 0.231250 0.879687 0.232292 0.878125 0.235417 0.877344 0.236458 0.871875 0.239583 0.871094 0.239583 0.864844 0.247917 0.864062 0.248958 0.860156 0.247917 0.859375 0.247917 0.858594 0.243750 0.858594 0.242708 0.860938 0.236458 0.860938 0.235417 0.858594 0.232292 0.857812 0.231250 0.857812 0.228125 0.857812 0.227083 0.858594 0.226042 0.859375 0.225000 0.865625 0.226042 0.866406 0.226042 0.871094 0.219792
0 0.829688 0.225000 0.832812 0.225000 0.833594 0.225000 0.835156 0.228125 0.835938 0.229167 0.848437 0.235417 0.849219 0.235417 0.851562 0.240625 0.852344 0.241667 0.852344 0.245833 0.852344 0.246875 0.848437 0.247917 0.847656 0.247917 0.843750 0.243750 0.842969 0.242708 0.835156 0.238542 0.834375 0.238542 0.828906 0.231250 0.828125 0.230208 0.828125 0.228125 0.828125 0.227083 0.829688 0.225000
0 0.927344 0.303125 0.929688 0.304167 0.930469 0.304167 0.932031 0.314583 0.932031 0.315625 0.938281 0.329167 0.939063 0.330208 0.939063 0.333333 0.939063 0.334375 0.934375 0.336458 0.933594 0.336458 0.930469 0.343750 0.929688 0.344792 0.925000 0.343750 0.924219 0.342708 0.921875 0.327083 0.921094 0.326042 0.920312 0.313542 0.920312 0.312500 0.917188 0.308333 0.916406 0.308333 0.922656 0.307292 0.923438 0.307292 0.927344 0.303125
0 0.794531 0.290625 0.797656 0.293750 0.798438 0.293750 0.797656 0.308333 0.797656 0.309375 0.791406 0.315625 0.790625 0.316667 0.784375 0.314583 0.783594 0.314583 0.785937 0.310417 0.786719 0.309375 0.788281 0.297917 0.788281 0.296875 0.794531 0.290625
0 0.774219 0.213542 0.778906 0.213542 0.779687 0.213542 0.782031 0.218750 0.782813 0.219792 0.782031 0.222917 0.782031 0.223958 0.775781 0.230208 0.775000 0.231250 0.765625 0.226042 0.764844 0.225000 0.765625 0.218750 0.765625 0.217708 0.774219 0.213542
0 0.790625 0.109375 0.799219 0.123958 0.800000 0.125000 0.800781 0.130208 0.800781 0.131250 0.796094 0.143750 0.795312 0.144792 0.794531 0.144792 0.793750 0.143750 0.792969 0.139583 0.792188 0.138542 0.794531 0.127083 0.794531 0.126042 0.791406 0.120833 0.790625 0.119792 0.789844 0.115625 0.789062 0.114583 0.789062 0.112500 0.789062 0.111458 0.790625 0.109375
0 0.762500 0.120833 0.764844 0.120833 0.765625 0.120833 0.769531 0.128125 0.770312 0.129167 0.770312 0.134375 0.770312 0.135417 0.764844 0.146875 0.764062 0.147917 0.762500 0.146875 0.761719 0.145833 0.760938 0.136458 0.760156 0.135417 0.762500 0.120833
0 0.754687 0.045833 0.762500 0.048958 0.763281 0.050000 0.768750 0.050000 0.769531 0.050000 0.771094 0.052083 0.771875 0.053125 0.773438 0.062500 0.773438 0.063542 0.771875 0.064583 0.771094 0.065625 0.763281 0.064583 0.762500 0.064583 0.760156 0.069792 0.759375 0.070833 0.757812 0.069792 0.757031 0.069792 0.750000 0.057292 0.749219 0.056250 0.749219 0.050000 0.749219 0.048958 0.750000 0.047917 0.750781 0.046875 0.754687 0.045833
0 0.645312 0.682292 0.650000 0.688542 0.650781 0.689583 0.651563 0.696875 0.651563 0.697917 0.650000 0.700000 0.649219 0.701042 0.642188 0.702083 0.641406 0.702083 0.639844 0.698958 0.639062 0.697917 0.639062 0.687500 0.639062 0.686458 0.639844 0.685417 0.639844 0.684375 0.645312 0.682292
0 0.667969 0.698958 0.670312 0.698958 0.671094 0.698958 0.675781 0.705208 0.676562 0.706250 0.677344 0.712500 0.678125 0.713542 0.677344 0.717708 0.677344 0.718750 0.663281 0.719792 0.662500 0.719792 0.659375 0.716667 0.658594 0.715625 0.657031 0.708333 0.657031 0.707292 0.659375 0.702083 0.659375 0.701042 0.667969 0.698958
0 0.246875 0.108333 0.252344 0.109375 0.253125 0.109375 0.256250 0.113542 0.257031 0.114583 0.259375 0.120833 0.260156 0.121875 0.260156 0.125000 0.260156 0.126042 0.254688 0.136458 0.254688 0.137500 0.253125 0.139583 0.252344 0.140625 0.249219 0.140625 0.248438 0.141667 0.234375 0.136458 0.233594 0.135417 0.233594 0.115625 0.233594 0.114583 0.235156 0.112500 0.235156 0.111458 0.237500 0.110417 0.238281 0.109375 0.242188 0.109375 0.242969 0.110417 0.246875 0.108333
0 0.107031 0.044792 0.109375 0.044792 0.110156 0.044792 0.117188 0.056250 0.117969 0.057292 0.118750 0.060417 0.119531 0.061458 0.117969 0.069792 0.117188 0.070833 0.115625 0.070833 0.114844 0.071875 0.107813 0.066667 0.107031 0.065625 0.107031 0.060417 0.107031 0.059375 0.104688 0.054167 0.103906 0.053125 0.103906 0.050000 0.103906 0.048958 0.107031 0.044792
0 0.334375 0.363542 0.337500 0.363542 0.338281 0.363542 0.349219 0.368750 0.350000 0.368750 0.355469 0.377083 0.356250 0.378125 0.357031 0.383333 0.357812 0.384375 0.357031 0.391667 0.357031 0.392708 0.353906 0.392708 0.353125 0.392708 0.347656 0.384375 0.346875 0.383333 0.342187 0.380208 0.341406 0.379167 0.335156 0.378125 0.334375 0.377083 0.331250 0.378125 0.330469 0.379167 0.329688 0.378125 0.328906 0.377083 0.328125 0.368750 0.328125 0.367708 0.334375 0.363542
0 0.481250 0.236458 0.484375 0.237500 0.485156 0.237500 0.487500 0.242708 0.487500 0.243750 0.489844 0.245833 0.490625 0.246875 0.490625 0.253125 0.490625 0.254167 0.488281 0.257292 0.487500 0.258333 0.478906 0.260417 0.478125 0.261458 0.474219 0.261458 0.473438 0.261458 0.467187 0.256250 0.466406 0.256250 0.464062 0.246875 0.464062 0.245833 0.467969 0.241667 0.468750 0.240625 0.478125 0.238542 0.478906 0.238542 0.481250 0.236458
0 0.521875 0.536458 0.525000 0.537500 0.525781 0.537500 0.528125 0.540625 0.528906 0.541667 0.531250 0.541667 0.532031 0.542708 0.539062 0.540625 0.539844 0.540625 0.543750 0.537500 0.544531 0.537500 0.546094 0.540625 0.546875 0.541667 0.546875 0.544792 0.546875 0.545833 0.545312 0.547917 0.544531 0.548958 0.538281 0.550000 0.537500 0.550000 0.536719 0.551042 0.535937 0.552083 0.535156 0.559375 0.534375 0.560417 0.526563 0.562500 0.525781 0.562500 0.522656 0.555208 0.521875 0.554167 0.513281 0.548958 0.512500 0.547917 0.512500 0.542708 0.512500 0.541667 0.515625 0.541667 0.516406 0.541667 0.521875 0.536458
0 0.416406 0.494792 0.423438 0.495833 0.424219 0.496875 0.425000 0.501042 0.425781 0.502083 0.425000 0.506250 0.425000 0.507292 0.430469 0.520833 0.431250 0.521875 0.432812 0.531250 0.432812 0.532292 0.435156 0.535417 0.435937 0.536458 0.441406 0.535417 0.442188 0.534375 0.444531 0.537500 0.445312 0.538542 0.445312 0.541667 0.446094 0.542708 0.443750 0.550000 0.442969 0.551042 0.432812 0.551042 0.432031 0.551042 0.429688 0.545833 0.429688 0.544792 0.420312 0.531250 0.419531 0.530208 0.410156 0.529167 0.409375 0.528125 0.409375 0.516667 0.409375 0.515625 0.411719 0.507292 0.412500 0.506250 0.412500 0.500000 0.412500 0.498958 0.416406 0.494792
0 0.438281 0.491667 0.439844 0.491667 0.440625 0.491667 0.445312 0.495833 0.446094 0.496875 0.454688 0.497917 0.455469 0.497917 0.456250 0.502083 0.456250 0.503125 0.452344 0.511458 0.451562 0.512500 0.446094 0.511458 0.445312 0.511458 0.441406 0.495833 0.441406 0.494792 0.438281 0.491667
0 0.367188 0.455208 0.369531 0.458333 0.370312 0.459375 0.371875 0.459375 0.372656 0.460417 0.375781 0.460417 0.376563 0.460417 0.378906 0.458333 0.379688 0.457292 0.381250 0.457292 0.382031 0.457292 0.382812 0.460417 0.382812 0.461458 0.380469 0.464583 0.379688 0.465625 0.371875 0.469792 0.371094 0.470833 0.368750 0.470833 0.367969 0.470833 0.362500 0.467708 0.361719 0.467708 0.358594 0.463542 0.357812 0.462500 0.357812 0.458333 0.358594 0.457292 0.367188 0.455208
0 0.375781 0.348958 0.380469 0.348958 0.381250 0.348958 0.383594 0.351042 0.384375 0.352083 0.382812 0.360417 0.382031 0.361458 0.382812 0.371875 0.382812 0.372917 0.380469 0.375000 0.379688 0.376042 0.373437 0.376042 0.372656 0.376042 0.365625 0.366667 0.364844 0.365625 0.364844 0.356250 0.364844 0.355208 0.375781 0.348958
0 0.504687 0.422917 0.510156 0.422917 0.510938 0.422917 0.514844 0.427083 0.515625 0.427083 0.517969 0.437500 0.517969 0.438542 0.513281 0.439583 0.512500 0.439583 0.507031 0.434375 0.506250 0.433333 0.503906 0.433333 0.503125 0.432292 0.500781 0.432292 0.500000 0.432292 0.497656 0.434375 0.496875 0.435417 0.496094 0.434375 0.496094 0.433333 0.497656 0.430208 0.497656 0.429167 0.500000 0.426042 0.500781 0.425000 0.504687 0.422917
0 0.602344 0.530208 0.607812 0.531250 0.608594 0.531250 0.613281 0.534375 0.614062 0.534375 0.617969 0.542708 0.618750 0.543750 0.616406 0.546875 0.615625 0.547917 0.616406 0.558333 0.616406 0.559375 0.614062 0.563542 0.613281 0.564583 0.608594 0.563542 0.607812 0.563542 0.606250 0.550000 0.606250 0.548958 0.601562 0.537500 0.601562 0.536458 0.597656 0.533333 0.596875 0.532292 0.602344 0.530208
0 0.594531 0.514583 0.601562 0.519792 0.602344 0.520833 0.603125 0.535417 0.602344 0.536458 0.599219 0.536458 0.598437 0.536458 0.596094 0.534375 0.595313 0.533333 0.587500 0.533333 0.586719 0.533333 0.582031 0.530208 0.581250 0.529167 0.581250 0.527083 0.581250 0.526042 0.582812 0.523958 0.583594 0.522917 0.587500 0.520833 0.588281 0.520833 0.590625 0.516667 0.591406 0.515625 0.594531 0.514583
0 0.715625 0.661458 0.723437 0.671875 0.724219 0.672917 0.723437 0.680208 0.723437 0.681250 0.720313 0.686458 0.720313 0.687500 0.717969 0.688542 0.717187 0.689583 0.717187 0.680208 0.717187 0.679167 0.712500 0.675000 0.711719 0.675000 0.710938 0.671875 0.710156 0.670833 0.710156 0.668750 0.710156 0.667708 0.711719 0.665625 0.711719 0.664583 0.715625 0.661458
0 0.653906 0.643750 0.657031 0.644792 0.657813 0.645833 0.660937 0.643750 0.661719 0.643750 0.661719 0.647917 0.661719 0.648958 0.654687 0.656250 0.653906 0.657292 0.658594 0.668750 0.657813 0.669792 0.652344 0.670833 0.651563 0.670833 0.644531 0.667708 0.643750 0.666667 0.636719 0.665625 0.635938 0.664583 0.635156 0.660417 0.635156 0.659375 0.638281 0.655208 0.639062 0.654167 0.647656 0.654167 0.648438 0.653125 0.648438 0.652083 0.648438 0.651042 0.644531 0.647917 0.644531 0.646875 0.653906 0.643750
0 0.637500 0.539583 0.644531 0.539583 0.645312 0.539583 0.646875 0.542708 0.647656 0.543750 0.647656 0.546875 0.647656 0.547917 0.646094 0.555208 0.646094 0.556250 0.639062 0.557292 0.638281 0.556250 0.635156 0.564583 0.634375 0.564583 0.626563 0.557292 0.625781 0.556250 0.625000 0.551042 0.625000 0.550000 0.637500 0.539583
0 0.556250 0.609375 0.561719 0.610417 0.562500 0.610417 0.564063 0.616667 0.564063 0.617708 0.567969 0.622917 0.568750 0.623958 0.571094 0.625000 0.571875 0.626042 0.571875 0.630208 0.571875 0.631250 0.564844 0.639583 0.564063 0.640625 0.560156 0.639583 0.559375 0.639583 0.557813 0.641667 0.557031 0.642708 0.555469 0.642708 0.554688 0.642708 0.550781 0.640625 0.550000 0.640625 0.548438 0.637500 0.548438 0.636458 0.551562 0.634375 0.552344 0.633333 0.557031 0.633333 0.557813 0.632292 0.557813 0.627083 0.557813 0.626042 0.553125 0.615625 0.552344 0.614583 0.552344 0.612500 0.552344 0.611458 0.556250 0.609375
0 0.844531 0.651042 0.864844 0.652083 0.865625 0.652083 0.868750 0.655208 0.869531 0.656250 0.872656 0.662500 0.873437 0.663542 0.872656 0.669792 0.871875 0.670833 0.869531 0.672917 0.868750 0.673958 0.860938 0.676042 0.860156 0.677083 0.860938 0.689583 0.860938 0.690625 0.859375 0.693750 0.858594 0.694792 0.855469 0.694792 0.854688 0.694792 0.848437 0.685417 0.847656 0.684375 0.849219 0.669792 0.849219 0.668750 0.846875 0.663542 0.846094 0.662500 0.841406 0.659375 0.840625 0.658333 0.842187 0.654167 0.842187 0.653125 0.844531 0.651042
0 0.800781 0.648958 0.802344 0.648958 0.803125 0.648958 0.803906 0.651042 0.804688 0.652083 0.804688 0.670833 0.804688 0.671875 0.800781 0.676042 0.800000 0.677083 0.797656 0.677083 0.796875 0.677083 0.796094 0.671875 0.796094 0.670833 0.800781 0.648958
0 0.797656 0.631250 0.810937 0.633333 0.811719 0.633333 0.812500 0.635417 0.813281 0.636458 0.809375 0.642708 0.808594 0.643750 0.799219 0.647917 0.798438 0.647917 0.794531 0.644792 0.793750 0.643750 0.793750 0.639583 0.793750 0.638542 0.795312 0.634375 0.795312 0.633333 0.797656 0.631250
0 0.871875 0.572917 0.875000 0.575000 0.875781 0.576042 0.875781 0.590625 0.875781 0.591667 0.871094 0.602083 0.871094 0.603125 0.865625 0.604167 0.864844 0.604167 0.863281 0.602083 0.862500 0.601042 0.860938 0.585417 0.860938 0.584375 0.865625 0.578125 0.866406 0.577083 0.871875 0.572917
0 0.872656 0.563542 0.875000 0.563542 0.875781 0.563542 0.877344 0.566667 0.878125 0.567708 0.880469 0.568750 0.881250 0.569792 0.882812 0.573958 0.883594 0.575000 0.883594 0.579167 0.882812 0.580208 0.880469 0.580208 0.879687 0.580208 0.871875 0.573958 0.871094 0.572917 0.870313 0.568750 0.870313 0.567708 0.872656 0.563542
0 0.936719 0.563542 0.944531 0.565625 0.945312 0.566667 0.946094 0.572917 0.946094 0.573958 0.942969 0.580208 0.942187 0.581250 0.935937 0.579167 0.935156 0.579167 0.928125 0.573958 0.927344 0.573958 0.928906 0.571875 0.928906 0.570833 0.931250 0.569792 0.932031 0.569792 0.936719 0.563542
0 0.942187 0.431250 0.942969 0.442708 0.942187 0.443750 0.948438 0.448958 0.949219 0.450000 0.950000 0.457292 0.950781 0.458333 0.950000 0.460417 0.949219 0.461458 0.945312 0.461458 0.944531 0.461458 0.937500 0.456250 0.936719 0.456250 0.935937 0.454167 0.935156 0.453125 0.935156 0.437500 0.935156 0.436458 0.942187 0.431250
0 0.882031 0.452083 0.887500 0.452083 0.888281 0.452083 0.895312 0.455208 0.896094 0.455208 0.899219 0.458333 0.900000 0.459375 0.903906 0.468750 0.903906 0.469792 0.913281 0.483333 0.914062 0.484375 0.917969 0.487500 0.918750 0.488542 0.920312 0.493750 0.920312 0.494792 0.925781 0.506250 0.926562 0.507292 0.926562 0.514583 0.925781 0.515625 0.922656 0.516667 0.921875 0.516667 0.918750 0.514583 0.917969 0.514583 0.914062 0.503125 0.914062 0.502083 0.912500 0.500000 0.911719 0.498958 0.907813 0.498958 0.907031 0.498958 0.905469 0.493750 0.904687 0.492708 0.904687 0.488542 0.905469 0.487500 0.892969 0.471875 0.892188 0.470833 0.889844 0.461458 0.889844 0.460417 0.882812 0.454167 0.882031 0.454167 0.882031 0.452083
0 0.981250 0.439583 0.994531 0.440625 0.995313 0.441667 0.996094 0.451042 0.996875 0.452083 0.996094 0.460417 0.995313 0.461458 0.989844 0.462500 0.989062 0.462500 0.986719 0.460417 0.985938 0.460417 0.981250 0.446875 0.980469 0.445833 0.981250 0.439583
0 0.380469 0.725000 0.389062 0.729167 0.389844 0.729167 0.392188 0.734375 0.392969 0.735417 0.392188 0.746875 0.391406 0.747917 0.386719 0.747917 0.385937 0.747917 0.379688 0.744792 0.378906 0.743750 0.378125 0.740625 0.378125 0.739583 0.380469 0.725000
0 0.393750 0.751042 0.397656 0.751042 0.398438 0.752083 0.396875 0.757292 0.396094 0.758333 0.387500 0.762500 0.386719 0.762500 0.382031 0.772917 0.381250 0.773958 0.378906 0.775000 0.378125 0.776042 0.372656 0.775000 0.371875 0.773958 0.373437 0.761458 0.374219 0.760417 0.378906 0.760417 0.379688 0.760417 0.393750 0.751042
0 0.539844 0.802083 0.543750 0.803125 0.544531 0.803125 0.547656 0.806250 0.548438 0.807292 0.548438 0.809375 0.549219 0.810417 0.547656 0.816667 0.546875 0.817708 0.541406 0.818750 0.540625 0.818750 0.538281 0.815625 0.537500 0.814583 0.536719 0.805208 0.536719 0.804167 0.539844 0.802083
0 0.546875 0.816667 0.547656 0.816667 0.548438 0.816667 0.550781 0.820833 0.551562 0.821875 0.553906 0.822917 0.554688 0.823958 0.548438 0.828125 0.547656 0.829167 0.544531 0.829167 0.543750 0.829167 0.541406 0.827083 0.540625 0.827083 0.540625 0.821875 0.540625 0.820833 0.546875 0.816667
0 0.137500 0.710417 0.142187 0.711458 0.142969 0.711458 0.145313 0.713542 0.146094 0.714583 0.145313 0.720833 0.145313 0.721875 0.141406 0.734375 0.140625 0.735417 0.138281 0.735417 0.137500 0.735417 0.129688 0.731250 0.128906 0.731250 0.125781 0.728125 0.125000 0.727083 0.125000 0.726042 0.125000 0.725000 0.131250 0.715625 0.131250 0.714583 0.137500 0.710417
0 0.953244 0.670611 0.951336 0.669656 0.950859 0.668384 0.948234 0.667748 0.944178 0.663294 0.943224 0.663294 0.941792 0.662340 0.941554 0.658522 0.942270 0.658522 0.943224 0.657568 0.944894 0.657250 0.947518 0.655659 0.951097 0.654705 0.955630 0.654705 0.956346 0.656614 0.957062 0.657250 0.957062 0.658204 0.957539 0.658522 0.957539 0.659477 0.958732 0.662340 0.958732 0.663612 0.959447 0.664566 0.959447 0.665839 0.957777 0.670611 0.956346 0.671883 0.954914 0.671883
0 0.735102 0.635737 0.736696 0.635737 0.738435 0.636509 0.739739 0.637669 0.740464 0.637862 0.740899 0.638442 0.741478 0.638828 0.742058 0.638828 0.743797 0.639601 0.745246 0.639601 0.746116 0.638635 0.746116 0.637862 0.746550 0.636509 0.746550 0.631293 0.746695 0.630713 0.746695 0.628588 0.746260 0.625883 0.745971 0.625110 0.745971 0.624530 0.744956 0.623178 0.744811 0.622598 0.743942 0.621632 0.743507 0.621632 0.740319 0.623757 0.739884 0.623757 0.739450 0.624530 0.738290 0.625303 0.737566 0.626076 0.737276 0.626462 0.737131 0.627235 0.736696 0.627428 0.736551 0.628588 0.734812 0.631486 0.734378 0.631872 0.734088 0.632452 0.734088 0.634577 0.736262 0.635930
0 0.708004 0.615642 0.697281 0.615642 0.697281 0.614290 0.698005 0.612164 0.698440 0.611778 0.699020 0.611392 0.699744 0.611392 0.700324 0.611005 0.701048 0.611005 0.701628 0.610426 0.702063 0.610232 0.702352 0.609846 0.702932 0.609653 0.703512 0.608493 0.704381 0.607721 0.705106 0.606561 0.706845 0.605595 0.707135 0.605209 0.708439 0.604629 0.708729 0.604243 0.709308 0.604049 0.710468 0.604243 0.711337 0.604629 0.712351 0.605402 0.712931 0.606175 0.713800 0.609073 0.714090 0.609459 0.714090 0.611971 0.712061 0.613710 0.710323 0.614676 0.709163 0.615063
0 0.696411 0.624530 0.695252 0.624723 0.692643 0.624530 0.691774 0.623757 0.690905 0.623371 0.690180 0.622405 0.690180 0.620473 0.690760 0.619507 0.690905 0.618347 0.691194 0.617768 0.691339 0.616802 0.691919 0.616029 0.693513 0.615449 0.697281 0.615449 0.698730 0.615836 0.700179 0.615836 0.700758 0.616029 0.703367 0.616029 0.704381 0.615449 0.705685 0.615449 0.706265 0.615642 0.706555 0.616608 0.706555 0.620279 0.707135 0.622984 0.707135 0.623564 0.706700 0.624144 0.705540 0.624337 0.704671 0.624917 0.703657 0.625110 0.703222 0.625496 0.697425 0.625496
0 0.720321 0.660661 0.718727 0.660275 0.717423 0.658729 0.716988 0.657377 0.716554 0.656604 0.716554 0.656024 0.716119 0.655444 0.716119 0.654672 0.715829 0.653899 0.715829 0.650421 0.715974 0.649455 0.716264 0.648682 0.716264 0.648102 0.716699 0.647329 0.716699 0.646750 0.716988 0.646363 0.717133 0.645784 0.718727 0.643852 0.719307 0.643465 0.720032 0.642499 0.720321 0.640953 0.720466 0.639214 0.720756 0.638828 0.720901 0.638055 0.722060 0.636703 0.722930 0.636123 0.723799 0.636123 0.724234 0.635930 0.726842 0.635930 0.728291 0.635350 0.729016 0.635350 0.729306 0.634964 0.730320 0.634771 0.733363 0.634771 0.735392 0.636509 0.736117 0.637476 0.736262 0.638635 0.736262 0.641147 0.735827 0.641726 0.734957 0.642306 0.733653 0.643852 0.728436 0.647329 0.727277 0.648489 0.726263 0.649841 0.725828 0.651387 0.725538 0.651773 0.725393 0.653126 0.725104 0.653899 0.723944 0.655831 0.723799 0.656411 0.723220 0.657570 0.721626 0.659309
0 0.684673 0.645011 0.683659 0.644045 0.683224 0.642886 0.683369 0.639408 0.684384 0.637862 0.684818 0.636509 0.685543 0.635350 0.685978 0.633804 0.686122 0.632066 0.686412 0.630906 0.687716 0.628588 0.687861 0.627815 0.688151 0.627235 0.689745 0.625883 0.690180 0.625883 0.690615 0.625496 0.691774 0.625496 0.692788 0.625110 0.698295 0.625110 0.700179 0.624530 0.703802 0.624337 0.706700 0.623564 0.717423 0.623564 0.718583 0.623371 0.721771 0.623371 0.722350 0.623951 0.723075 0.628588 0.722495 0.629747 0.722205 0.630133 0.720321 0.631293 0.717713 0.631679 0.717133 0.632066 0.714815 0.633032 0.714380 0.633032 0.713076 0.633998 0.712641 0.634577 0.712496 0.635157 0.711917 0.636123 0.711337 0.638828 0.711047 0.639408 0.710033 0.640374 0.709743 0.640953 0.708873 0.641147 0.708294 0.641533 0.707424 0.641533 0.706845 0.641726 0.702208 0.641726 0.701773 0.641919 0.698150 0.642113 0.697136 0.642499 0.696846 0.642886 0.696266 0.643079 0.695687 0.643658 0.693078 0.644818 0.689166 0.645977 0.686122 0.645977 0.685688 0.645784
0 0.686412 0.576999 0.685108 0.577193 0.682645 0.575840 0.680761 0.575067 0.679022 0.573522 0.677863 0.572942 0.676558 0.571976 0.675979 0.571976 0.675399 0.571589 0.674674 0.571396 0.674095 0.570817 0.673225 0.570430 0.672791 0.570430 0.671921 0.569657 0.671921 0.568884 0.672501 0.568498 0.673080 0.567725 0.675254 0.566952 0.679746 0.566952 0.680181 0.566759 0.680326 0.566179 0.680326 0.565407 0.679891 0.564247 0.679022 0.564054 0.678732 0.563668 0.678007 0.563281 0.676558 0.561929 0.676269 0.561542 0.676124 0.560190 0.676413 0.559610 0.677138 0.558837 0.680181 0.557291 0.680616 0.557291 0.680906 0.556905 0.681340 0.556712 0.681775 0.555553 0.683224 0.552848 0.684384 0.552075 0.684818 0.552075 0.684963 0.553620 0.685253 0.554586 0.685253 0.555746 0.685398 0.556325 0.685398 0.562122 0.685688 0.563861 0.685833 0.568112 0.686557 0.570044 0.687861 0.572749 0.688006 0.576227 0.687716 0.576806
0 0.716409 0.575067 0.714235 0.573908 0.713656 0.573328 0.713221 0.573135 0.712931 0.572555 0.712496 0.572362 0.711917 0.571783 0.711482 0.570623 0.711047 0.570237 0.710902 0.569657 0.710033 0.568498 0.709453 0.565986 0.709453 0.564247 0.710033 0.562895 0.710757 0.561735 0.711337 0.560383 0.711482 0.559610 0.712641 0.558258 0.713076 0.558064 0.713366 0.557678 0.714090 0.557485 0.714815 0.557871 0.715394 0.559224 0.715684 0.560383 0.715684 0.564827 0.715250 0.566179 0.715250 0.567339 0.715829 0.567532 0.717713 0.567532 0.718148 0.568112 0.719017 0.568691 0.721046 0.571396 0.721481 0.571589 0.721626 0.572169 0.721626 0.575260 0.721336 0.576033 0.721046 0.576420 0.719887 0.577386 0.719162 0.577579 0.716699 0.577579 0.715250 0.575260 0.715250 0.574681
0 0.561499 0.673413 0.560774 0.674766 0.560340 0.674766 0.559036 0.675346 0.556427 0.675732 0.554688 0.675732 0.554253 0.675152 0.552804 0.674766 0.552370 0.674959 0.551935 0.675539 0.551500 0.676698 0.551500 0.679210 0.551935 0.679596 0.552370 0.680369 0.553239 0.680562 0.555413 0.680562 0.556137 0.680949 0.557731 0.681335 0.558021 0.681722 0.559180 0.682301 0.560919 0.685006 0.561789 0.685006 0.562803 0.683847 0.563383 0.681722 0.563383 0.680949 0.564542 0.678437 0.565991 0.677471 0.566716 0.676698 0.567006 0.675539 0.567295 0.675152 0.567730 0.673607 0.567730 0.672447 0.567875 0.671675 0.567730 0.669549 0.567585 0.668776 0.567295 0.668390 0.567295 0.667810 0.566571 0.666458 0.565991 0.666265 0.564542 0.666265 0.563238 0.668003 0.562369 0.670322 0.562224 0.671675
0 0.638737 0.768298 0.639610 0.767300 0.640483 0.766635 0.641107 0.766469 0.641980 0.766635 0.643352 0.767300 0.644974 0.768964 0.645348 0.769130 0.645598 0.769795 0.646221 0.770128 0.647843 0.771791 0.648841 0.772290 0.649714 0.772955 0.652708 0.775783 0.653955 0.776115 0.656325 0.777612 0.656699 0.778111 0.657074 0.778277 0.657822 0.779275 0.659943 0.781105 0.660941 0.782768 0.660941 0.785097 0.661190 0.786427 0.661190 0.787092 0.661065 0.788090 0.660442 0.789255 0.658196 0.789255 0.657822 0.789088 0.656699 0.787924 0.655452 0.786926 0.654329 0.785596 0.653581 0.785263 0.652583 0.784265 0.651585 0.783766 0.651211 0.783267 0.650088 0.782435 0.648467 0.781437 0.647344 0.780939 0.646471 0.780273 0.644849 0.779608 0.643602 0.778610 0.643227 0.778444 0.641731 0.778444 0.640483 0.777945 0.639735 0.777113 0.639361 0.776115 0.638986 0.775783 0.637988 0.773787 0.637614 0.772623 0.637614 0.770460 0.637864 0.769795
0 0.648217 0.767799 0.648217 0.766136 0.648467 0.765304 0.648467 0.764639 0.648716 0.763475 0.648841 0.761146 0.648591 0.760647 0.647344 0.759982 0.646595 0.759151 0.645847 0.756988 0.645722 0.755658 0.646970 0.754327 0.649090 0.753329 0.650712 0.753329 0.651211 0.753163 0.653082 0.752165 0.654704 0.750668 0.655702 0.750502 0.655826 0.751334 0.655826 0.755991 0.655577 0.756656 0.655203 0.758485 0.655203 0.774286 0.653581 0.775284 0.651835 0.775284 0.649964 0.773288 0.649215 0.772789 0.648342 0.770959 0.647843 0.769462
0 0.820538 0.747027 0.819527 0.746522 0.818896 0.744670 0.818896 0.743997 0.818644 0.743323 0.818770 0.741808 0.819275 0.741303 0.820285 0.739787 0.821043 0.737430 0.821043 0.735241 0.820664 0.735073 0.820538 0.734400 0.819401 0.733221 0.818391 0.732884 0.815992 0.732884 0.815234 0.733221 0.814729 0.734231 0.814350 0.735578 0.813971 0.735915 0.813593 0.737262 0.813593 0.740461 0.812961 0.741471 0.811951 0.742313 0.811698 0.742818 0.811698 0.744333 0.811951 0.745344 0.812330 0.746017 0.815487 0.750395 0.815865 0.750563 0.816623 0.751405 0.817381 0.751573 0.818138 0.752078 0.819906 0.752078 0.820916 0.750900 0.821295 0.750226 0.821548 0.749216 0.821548 0.747701
0 0.812330 0.762854 0.811067 0.762685 0.809930 0.762012 0.809299 0.761002 0.809047 0.759992 0.809047 0.758139 0.809930 0.755109 0.810814 0.752583 0.811951 0.751405 0.812709 0.750900 0.814350 0.750900 0.814981 0.751236 0.815739 0.752078 0.816244 0.752247 0.816118 0.753762 0.814350 0.758139 0.813466 0.761675 0.813214 0.762180
0 0.803617 0.713634 0.802354 0.711389 0.802143 0.708583 0.800460 0.708022 0.799197 0.706058 0.798987 0.700445 0.799618 0.698762 0.803406 0.696517 0.805300 0.695956 0.807826 0.695956 0.808668 0.696517 0.809510 0.697920 0.809720 0.702690 0.807615 0.706619 0.806984 0.711389 0.806984 0.714757 0.806563 0.715879 0.804248 0.715879
0 0.812877 0.690343 0.812035 0.686415 0.812246 0.684731 0.813087 0.683889 0.815402 0.683609 0.816034 0.682767 0.817507 0.682206 0.826136 0.682206 0.829082 0.683889 0.830556 0.684170 0.831397 0.685012 0.831397 0.687257 0.829924 0.687818 0.817086 0.687818 0.814981 0.689221
0 0.787201 0.666491 0.785096 0.664807 0.784254 0.663124 0.783833 0.660037 0.779414 0.653583 0.778993 0.651899 0.778993 0.649093 0.780045 0.648251 0.784465 0.648532 0.786149 0.650496 0.786990 0.653302 0.787201 0.656109 0.790779 0.656109 0.791831 0.656670 0.792883 0.658073 0.793725 0.660037 0.793725 0.660879 0.793094 0.662001 0.790989 0.664246 0.788884 0.665088
0 0.777941 0.683328 0.777520 0.681083 0.777730 0.677996 0.780045 0.675190 0.782150 0.671262 0.783202 0.665930 0.783202 0.661440 0.781729 0.658353 0.780677 0.657512 0.779835 0.657512 0.776888 0.660318 0.776467 0.661440 0.776257 0.664246 0.773731 0.665649 0.773100 0.667894 0.773100 0.669017 0.775625 0.671262 0.775836 0.672945 0.775415 0.673507 0.772048 0.673787 0.771416 0.674629 0.771206 0.675751 0.771206 0.679680 0.773100 0.683889 0.776046 0.687257 0.776467 0.687257 0.777520 0.685854
0 0.809510 0.676593 0.807194 0.675751 0.806142 0.674629 0.804879 0.674068 0.804459 0.672945 0.804459 0.669859 0.804879 0.669017 0.808878 0.668736 0.809510 0.669297 0.810772 0.672104 0.810772 0.674910
0 0.812666 0.668175 0.809930 0.667894 0.806142 0.665930 0.804669 0.663685 0.804459 0.659476 0.804669 0.658634 0.806142 0.656950 0.811825 0.653022 0.812666 0.651899 0.813719 0.651619 0.813929 0.651058 0.814981 0.651619 0.815613 0.654425 0.817507 0.656950 0.817507 0.661721 0.817928 0.662282 0.821085 0.662563 0.822769 0.660318 0.824663 0.660318 0.826767 0.663124 0.828451 0.668175 0.828240 0.669578 0.818980 0.669578 0.816876 0.667894 0.814561 0.668175
0 0.941382 0.683899 0.931897 0.683660 0.927960 0.681751 0.927244 0.678411 0.929213 0.676502 0.931181 0.675547 0.938877 0.675309 0.940308 0.674593 0.945677 0.674354 0.946214 0.675309 0.946214 0.676502 0.945856 0.679126 0.944961 0.681513 0.943887 0.682467 0.939950 0.684376
0 0.999903 0.645004 1.000000 0.632119 0.998292 0.631880 0.997397 0.637369 0.992923 0.637607 0.990597 0.638323 0.990239 0.639278 0.990239 0.641664 0.992386 0.643811 0.995966 0.645243 0.998292 0.645243
0 1.000000 0.628540 1.000000 0.612075 0.997755 0.613507 0.997039 0.614461 0.995608 0.618518 0.995608 0.619234 0.996145 0.619472 0.997397 0.622097 0.998113 0.625676 0.998829 0.627108
0 0.906053 0.504974 0.904836 0.504974 0.904379 0.505379 0.901945 0.505582 0.900423 0.506191 0.898749 0.506191 0.897684 0.503756 0.897684 0.500510 0.898140 0.499089 0.898901 0.497669 0.899814 0.496452 0.900727 0.496046 0.902401 0.496046 0.903314 0.496857 0.904379 0.497060 0.904988 0.497466 0.908336 0.497872 0.909249 0.498481 0.909401 0.499089 0.909401 0.500713 0.909249 0.501524 0.908945 0.502133 0.907727 0.503756 0.907271 0.504162
0 0.943642 0.428884 0.939228 0.426246 0.937402 0.424420 0.936946 0.423609 0.936337 0.421985 0.936337 0.420159 0.936641 0.419550 0.938315 0.418333 0.938772 0.418130 0.939381 0.418130 0.940750 0.418536 0.941968 0.419753 0.943489 0.420971 0.943794 0.421579 0.944707 0.422391 0.946533 0.424623 0.946533 0.426449 0.945772 0.427261 0.945316 0.427464 0.945011 0.428072
0 0.730197 0.048316 0.723521 0.048316 0.723007 0.047974 0.722751 0.040785 0.724291 0.036677 0.729940 0.035307 0.731994 0.035307 0.732251 0.034623 0.733534 0.034280 0.734048 0.034623 0.734818 0.037361 0.734818 0.040443 0.734305 0.042496 0.732251 0.046947
0 0.872438 0.096586 0.871925 0.092136 0.871925 0.088027 0.870127 0.079811 0.868844 0.078442 0.868073 0.076388 0.863965 0.070911 0.863195 0.069199 0.862168 0.068514 0.857803 0.062694 0.856776 0.060298 0.856263 0.059956 0.855749 0.056190 0.856006 0.051740 0.861398 0.051397 0.863195 0.052082 0.865506 0.053794 0.866533 0.055163 0.867046 0.055163 0.869614 0.059271 0.872952 0.067145 0.873979 0.067830 0.876803 0.067830 0.877316 0.068514 0.877316 0.075703 0.874492 0.085631 0.874235 0.092478 0.873722 0.093847
0 0.989004 0.011344 0.986950 0.012371 0.983099 0.012371 0.981559 0.010659 0.981302 0.008263 0.981559 0.004497 0.984640 0.001758 0.988748 0.001758 0.990802 0.003128 0.990802 0.003812 0.991572 0.004155 0.991572 0.008947 0.991058 0.010659
0 0.758439 0.122604 0.755615 0.122261 0.755102 0.120892 0.754331 0.120550 0.754331 0.118838 0.755615 0.117811 0.757413 0.114045 0.758183 0.114045 0.758183 0.113018 0.756899 0.110622 0.756899 0.107883 0.765115 0.107883 0.767169 0.108568 0.767683 0.109595 0.767683 0.112334 0.767169 0.115072 0.766399 0.115757 0.766399 0.117126 0.765629 0.118838 0.764858 0.119865 0.762291 0.120892 0.760750 0.120892
0 0.798236 0.115072 0.796696 0.113018 0.797209 0.109937 0.798750 0.107883 0.802344 0.105487 0.805425 0.105487 0.806966 0.106856 0.807479 0.108226 0.808506 0.109253 0.808506 0.111991 0.808250 0.112676 0.806709 0.113361 0.804142 0.113361 0.801061 0.114045 0.800547 0.114730
0 0.534147 0.297196 0.534147 0.291817 0.545517 0.291328 0.549552 0.290594 0.549369 0.289616 0.546984 0.286682 0.546067 0.286193 0.539282 0.285214 0.538915 0.284725 0.536714 0.284481 0.536531 0.283992 0.534147 0.283014 0.531762 0.283503 0.530479 0.285214 0.530112 0.286682 0.530112 0.291817 0.530846 0.293528 0.531029 0.295485 0.527178 0.295974 0.525527 0.296952 0.524977 0.297930 0.524243 0.310156 0.526261 0.312357 0.527361 0.312357 0.528095 0.311134 0.528095 0.309423 0.528828 0.307222 0.531579 0.303065 0.533230 0.298908
0 0.537264 0.333142 0.532863 0.333142 0.531946 0.330697 0.532313 0.328007 0.534513 0.324339 0.534880 0.321649 0.535614 0.320915 0.537631 0.320182 0.541483 0.320182 0.545701 0.318959 0.547351 0.318959 0.547901 0.319937 0.547901 0.324339 0.546434 0.327273 0.538548 0.331919
0 0.562390 0.334364 0.559822 0.333875 0.558355 0.332653 0.557071 0.329229 0.557071 0.326784 0.557438 0.326540 0.560189 0.326540 0.561289 0.327518 0.562940 0.330941 0.564040 0.331919 0.564407 0.333875 0.563857 0.334364
0 0.606588 0.357350 0.599802 0.355149 0.599069 0.354416 0.599069 0.351970 0.599435 0.350259 0.601820 0.347813 0.606771 0.347813 0.608605 0.346102 0.604387 0.345857 0.598885 0.350748 0.597051 0.351726 0.595768 0.351726 0.595217 0.349525 0.595217 0.347080 0.598885 0.343412 0.601453 0.339989 0.602370 0.333875 0.603654 0.329718 0.606588 0.326295 0.608605 0.325072 0.610623 0.325072 0.612457 0.324339 0.616491 0.324339 0.617408 0.323605 0.622177 0.322627 0.627128 0.322872 0.627678 0.324094 0.627495 0.327762 0.623277 0.336810 0.621993 0.346835 0.620709 0.349281 0.618142 0.352704 0.616491 0.356372 0.615574 0.357106 0.609706 0.358817 0.608239 0.358573
0 0.527361 0.537567 0.524427 0.537567 0.523326 0.537078 0.521309 0.534633 0.520942 0.532187 0.521859 0.529497 0.522226 0.526319 0.520575 0.525585 0.519475 0.523873 0.518925 0.521917 0.520025 0.520450 0.522043 0.519716 0.526811 0.519716 0.531029 0.521917 0.531396 0.523873 0.531029 0.533654 0.530295 0.535122 0.528828 0.536344
0 0.432546 0.597476 0.431629 0.595520 0.429428 0.593074 0.429244 0.591852 0.428878 0.591607 0.429061 0.589651 0.430161 0.586961 0.430712 0.586472 0.431995 0.586472 0.435113 0.589896 0.435663 0.591852 0.435663 0.595275 0.435480 0.596253 0.434013 0.596742
0 0.425393 0.603100 0.424293 0.600410 0.423376 0.600410 0.420258 0.604078 0.416040 0.606524 0.413656 0.608480 0.412739 0.611414 0.410905 0.611659 0.410171 0.611414 0.408337 0.609458 0.406137 0.605056 0.403936 0.601878 0.403752 0.599921 0.404119 0.599188 0.405586 0.598210 0.407237 0.597721 0.415856 0.597721 0.418424 0.595275 0.421358 0.593564 0.425943 0.592830 0.428511 0.593808 0.430161 0.595275 0.431995 0.597476 0.433279 0.600899 0.432912 0.602367 0.429795 0.604323 0.427961 0.604323 0.426860 0.603589
0 0.377527 0.619483 0.374042 0.619483 0.370558 0.618016 0.369641 0.616549 0.369641 0.615327 0.370374 0.613615 0.371475 0.613370 0.376243 0.610436 0.378444 0.610191 0.379177 0.608969 0.379911 0.608969 0.381011 0.611659 0.381195 0.615816 0.380645 0.617283 0.379911 0.618016 0.378811 0.618261
0 0.376977 0.606279 0.375326 0.605545 0.374776 0.604567 0.374226 0.600899 0.374776 0.599677 0.376610 0.597965 0.378260 0.596987 0.380094 0.596987 0.380278 0.600410 0.379361 0.601144 0.377710 0.601388 0.377160 0.604323
0 0.309854 0.580848 0.308020 0.580359 0.305086 0.577425 0.301051 0.574735 0.299951 0.572779 0.299584 0.569600 0.304535 0.565687 0.305452 0.565932 0.307653 0.567888 0.313889 0.575469 0.314072 0.576936 0.313705 0.578158 0.311321 0.580359
0 0.225125 0.686973 0.223291 0.686973 0.221824 0.685017 0.222007 0.680126 0.223841 0.677436 0.225492 0.677192 0.227142 0.678904 0.228059 0.679148 0.229160 0.680860 0.229160 0.681593 0.227142 0.685506
0 0.217422 0.680860 0.215589 0.680126 0.213204 0.674991 0.210637 0.671812 0.210820 0.671323 0.212104 0.670834 0.215589 0.670834 0.220724 0.674991 0.221824 0.676458 0.222007 0.677681 0.219256 0.680126
0 0.213938 0.668144 0.209720 0.665455 0.207886 0.662765 0.207519 0.661542 0.207519 0.658608 0.208253 0.657141 0.211004 0.655184 0.214305 0.653962 0.216139 0.653962 0.216872 0.655184 0.216872 0.665210 0.215405 0.666677
0 0.261437 0.756174 0.259237 0.755441 0.258320 0.752017 0.258686 0.746882 0.259604 0.745415 0.261071 0.744193 0.265656 0.744437 0.267123 0.746149 0.268040 0.748839 0.267673 0.752017 0.264922 0.754707 0.263088 0.755441
0 0.199266 0.787963 0.195598 0.786496 0.195232 0.785762 0.192664 0.785029 0.191380 0.783561 0.189913 0.779160 0.190097 0.777693 0.191197 0.776226 0.194315 0.774025 0.194865 0.772802 0.195048 0.770601 0.196149 0.768890 0.197066 0.768401 0.197616 0.768401 0.198349 0.770112 0.198349 0.773291 0.197799 0.776226 0.197983 0.778182 0.202201 0.781116 0.203118 0.782828 0.203118 0.785273 0.200917 0.787229
0 0.222924 0.792364 0.219073 0.792364 0.217973 0.791631 0.217239 0.790408 0.217056 0.784539 0.217422 0.783072 0.218339 0.782339 0.225675 0.782094 0.227142 0.782583 0.230260 0.785029 0.231727 0.788696 0.231911 0.791631 0.231361 0.792609 0.229160 0.792853 0.226409 0.791386 0.224575 0.791386 0.221641 0.793342
0 0.176709 0.819507 0.175241 0.818773 0.174691 0.818284 0.173774 0.816817 0.173408 0.816084 0.173041 0.814616 0.173041 0.812171 0.173408 0.810948 0.173774 0.810215 0.173774 0.808748 0.173958 0.808014 0.174508 0.806302 0.174875 0.805813 0.175792 0.803368 0.176709 0.801901 0.177626 0.801167 0.177992 0.799945 0.178543 0.799700 0.178909 0.799211 0.179643 0.798967 0.180560 0.797499 0.180743 0.796766 0.180743 0.796032 0.180560 0.794810 0.180193 0.793832 0.180193 0.792120 0.180377 0.791631 0.181294 0.790653 0.183678 0.789675 0.193581 0.789675 0.195782 0.790164 0.198349 0.790164 0.198716 0.790408 0.200000 0.790408 0.200367 0.790897 0.200367 0.793587 0.199266 0.796032 0.198349 0.797499 0.197432 0.798722 0.197066 0.798967 0.197066 0.799700 0.196332 0.800678 0.195965 0.801412 0.195232 0.803857 0.194865 0.804346 0.194865 0.805324 0.194131 0.807036 0.192114 0.808992 0.191564 0.809726 0.190647 0.810459 0.190097 0.811193 0.187712 0.813149 0.187162 0.813883 0.185878 0.815105 0.185145 0.816084 0.183678 0.817306 0.183494 0.817795 0.181294 0.818284 0.180010 0.819507 0.178359 0.819751
0 0.146664 0.807161 0.142951 0.807656 0.142209 0.806665 0.141466 0.804438 0.141466 0.802210 0.143322 0.798497 0.146107 0.798002 0.152419 0.798002 0.153719 0.798992 0.153905 0.802210 0.153533 0.803200 0.152605 0.804438 0.148335 0.806170
0 0.139238 0.797011 0.137196 0.797259 0.136268 0.796764 0.135525 0.794784 0.135154 0.789833 0.134411 0.786615 0.134597 0.784387 0.135525 0.783397 0.137196 0.782654 0.137010 0.781417 0.135525 0.779931 0.134225 0.775971 0.134411 0.773495 0.136082 0.772010 0.137567 0.772010 0.140352 0.771020 0.143322 0.771020 0.143508 0.771763 0.143508 0.775228 0.141652 0.778941 0.141652 0.781417 0.142394 0.782407 0.142394 0.790576 0.141837 0.793793 0.140909 0.796021
0 0.107120 0.862856 0.104521 0.860381 0.103778 0.858648 0.102107 0.856420 0.100808 0.855430 0.097837 0.851717 0.093753 0.849984 0.088555 0.848747 0.086141 0.847262 0.085213 0.845034 0.085213 0.840331 0.085770 0.839588 0.088183 0.838845 0.092453 0.835875 0.095424 0.835380 0.096724 0.834390 0.097280 0.831914 0.098394 0.829439 0.098766 0.820032 0.100437 0.815329 0.101179 0.814339 0.104335 0.812359 0.109348 0.812359 0.110833 0.813101 0.113804 0.816072 0.116031 0.819537 0.118631 0.826221 0.118445 0.830677 0.116217 0.831667 0.113061 0.831914 0.113061 0.836370 0.113804 0.840083 0.114175 0.844786 0.114732 0.846271 0.115289 0.850975 0.116588 0.856420 0.116588 0.858648 0.116217 0.860381 0.115289 0.860876 0.109534 0.861124
0 0.140826 0.854356 0.139405 0.851740 0.138796 0.850928 0.137714 0.848131 0.136090 0.840463 0.135616 0.838930 0.135414 0.837126 0.135414 0.835772 0.135684 0.834690 0.136158 0.834058 0.138458 0.832344 0.139879 0.831713 0.140961 0.830901 0.142924 0.830360 0.143329 0.830450 0.144480 0.833246 0.144886 0.834690 0.145292 0.836855 0.145630 0.837937 0.146036 0.840554 0.147524 0.846237 0.147863 0.848221 0.148336 0.849665 0.148945 0.852732 0.149216 0.853363 0.149622 0.855889 0.149622 0.858235 0.149554 0.858776 0.149216 0.859137 0.147930 0.859768 0.146915 0.860129 0.146036 0.860129 0.145562 0.859949 0.144750 0.858505 0.143126 0.856882 0.141773 0.854987 0.141367 0.854626
0 0.128242 0.865993 0.123573 0.865993 0.120461 0.864279 0.119108 0.862024 0.118364 0.860310 0.118161 0.858596 0.118296 0.857333 0.118770 0.856431 0.119649 0.855619 0.120055 0.855438 0.125400 0.855348 0.125941 0.855619 0.127362 0.857694 0.129460 0.861663 0.129392 0.863557 0.128512 0.865091
0 0.154628 0.864730 0.154425 0.862024 0.154425 0.858596 0.154561 0.857964 0.155102 0.856701 0.155508 0.856160 0.155914 0.855889 0.157267 0.855528 0.158282 0.855528 0.159635 0.856160 0.160920 0.857423 0.162071 0.859407 0.162274 0.860310 0.162544 0.860761 0.162815 0.863377 0.162138 0.864730 0.161056 0.866173 0.160176 0.866173 0.157538 0.865091 0.155237 0.864730
0 0.097570 0.820326 0.095879 0.820076 0.095127 0.819324 0.093811 0.814563 0.093811 0.813059 0.096067 0.810303 0.099262 0.810303 0.099638 0.810804 0.099825 0.813059 0.100577 0.814813 0.100577 0.819324 0.100389 0.819825 0.099262 0.819825
0 0.078814 0.656586 0.077330 0.656586 0.075960 0.655368 0.075618 0.654151 0.075618 0.652324 0.075504 0.651716 0.076531 0.649889 0.076873 0.649432 0.077330 0.649128 0.077901 0.648976 0.081211 0.648976 0.081782 0.649128 0.082923 0.650954 0.083380 0.651259 0.084636 0.652629 0.086120 0.652781 0.087261 0.653694 0.087604 0.654151 0.087832 0.654760 0.087832 0.655521 0.087489 0.655825 0.085891 0.656282 0.085435 0.656586 0.084407 0.656586 0.084065 0.656890 0.083494 0.657043 0.079613 0.657195
0 0.077216 0.663587 0.076303 0.663435 0.075846 0.663131 0.074933 0.662217 0.074134 0.661152 0.073677 0.660087 0.073563 0.657956 0.074705 0.655977 0.075047 0.655521 0.077787 0.655521 0.079042 0.655216 0.079499 0.655673 0.079499 0.657499 0.079385 0.658260 0.078015 0.662370
0 0.041372 0.622645 0.040345 0.622493 0.038290 0.620514 0.037491 0.619449 0.036121 0.618079 0.034752 0.616100 0.032354 0.613056 0.032012 0.612295 0.030414 0.610469 0.028930 0.607881 0.027446 0.605903 0.025962 0.602707 0.025391 0.602250 0.024250 0.602098 0.023565 0.601489 0.022081 0.601032 0.021168 0.600576 0.020140 0.599663 0.019570 0.599510 0.018885 0.598902 0.017401 0.597988 0.017172 0.596619 0.017172 0.595401 0.017286 0.594792 0.018200 0.593270 0.018770 0.592661 0.020483 0.591444 0.021967 0.590835 0.022880 0.590835 0.023793 0.591291 0.024478 0.590378 0.024820 0.589313 0.024935 0.584747 0.025505 0.583377 0.025848 0.583073 0.028816 0.582616 0.029158 0.582312 0.030300 0.582312 0.030756 0.582464 0.031099 0.582920 0.031213 0.583681 0.031555 0.584138 0.031898 0.586573 0.031898 0.595705 0.032126 0.596619 0.032126 0.597227 0.033268 0.601641 0.034752 0.604229 0.036806 0.607273 0.037149 0.607577 0.038176 0.609099 0.039204 0.610012 0.039546 0.611230 0.040802 0.613817 0.041715 0.616557 0.042742 0.618231 0.043199 0.619449 0.043427 0.622036 0.042856 0.622341 0.042400 0.622341
0 0.006899 0.654963 0.005377 0.654709 0.003664 0.649128 0.004045 0.637459 0.001191 0.627059 0.001191 0.625283 0.001572 0.624269 0.002903 0.623507 0.004045 0.624015 0.007470 0.622239 0.010133 0.622239 0.011275 0.623507 0.011465 0.627566 0.010704 0.629849 0.008991 0.632640 0.006518 0.634923 0.010323 0.634923 0.011465 0.633908 0.014699 0.633908 0.016982 0.634923 0.017172 0.635430 0.017363 0.639235 0.016792 0.641011 0.015270 0.641011 0.011655 0.642533 0.010894 0.643801 0.011084 0.647352 0.011655 0.649128 0.011465 0.650143 0.010894 0.651665 0.008801 0.653948
0 0.000811 0.614122 0.006709 0.614122 0.009372 0.613361 0.011465 0.613361 0.011845 0.614122 0.011845 0.616658 0.011465 0.618180 0.010133 0.620717 0.007660 0.621986 0.000620 0.621986 0.000050 0.619195 0.000240 0.616151
0 0.014128 0.618941 0.011465 0.617419 0.007089 0.611078 0.007089 0.608795 0.007660 0.607526 0.011465 0.601438 0.012797 0.601438 0.013938 0.602199 0.017172 0.606765 0.018885 0.608287 0.019836 0.610570 0.020216 0.615644 0.018694 0.617419 0.018124 0.617419 0.017172 0.618434 0.016031 0.618434
0 0.000620 0.605497 0.004235 0.605497 0.007850 0.602199 0.009562 0.596365 0.009562 0.590784 0.008801 0.588501 0.007279 0.586725 0.002713 0.586472 0.001001 0.585457 0.000240 0.585457 0.000000 0.586218 0.000000 0.588501 0.000000 0.590784 0.001191 0.592560 0.002142 0.594336 0.001572 0.596872 0.000050 0.597887 0.000000 0.598902 0.000000 0.603721
0 0.031631 0.583428 0.031441 0.579623 0.031061 0.578862 0.031061 0.574296 0.032393 0.569476 0.034485 0.566939 0.038290 0.565925 0.043427 0.565925 0.045710 0.568208 0.046281 0.571759 0.046091 0.573281 0.043237 0.575310 0.039242 0.578862 0.038671 0.579876 0.035817 0.581652 0.033915 0.581906 0.033154 0.582667
0 0.054462 0.574296 0.051418 0.574042 0.051037 0.573535 0.048754 0.572774 0.046281 0.573027 0.045520 0.568715 0.050086 0.561612 0.051227 0.560851 0.058267 0.560851 0.063784 0.560090 0.067970 0.560344 0.069872 0.562373 0.069682 0.563895 0.065496 0.567700 0.064355 0.567954 0.064165 0.569222 0.067018 0.571759 0.069682 0.573281 0.071014 0.573281 0.072536 0.574042 0.073297 0.575057 0.073297 0.577086 0.071775 0.579369 0.068921 0.580130 0.064355 0.579876 0.057125 0.576071
0 0.123437 0.542660 0.122073 0.540580 0.122073 0.530962 0.124412 0.525763 0.125972 0.523423 0.126557 0.521344 0.127922 0.521084 0.129091 0.521604 0.131236 0.524463 0.131431 0.529142 0.130846 0.531222 0.124802 0.541360
0 0.110180 0.559037 0.108425 0.556697 0.107645 0.552018 0.112129 0.551758 0.113494 0.550978 0.113884 0.550458 0.114079 0.544999 0.114664 0.543960 0.116614 0.543180 0.126557 0.543180 0.128506 0.542660 0.129286 0.542660 0.129871 0.543440 0.129871 0.545519 0.128701 0.547339 0.125192 0.549939 0.122073 0.550458 0.121098 0.551498 0.120903 0.553838 0.121293 0.558517 0.120708 0.559817 0.119538 0.560597 0.115834 0.560857 0.114079 0.559557 0.111934 0.559037
0 0.001000 0.503667 0.012502 0.487550 0.005484 0.471433 0.000000 0.470653
0 0.011723 0.530182 0.010553 0.528622 0.008798 0.523943 0.012502 0.523943 0.015037 0.527063 0.015037 0.530182 0.014062 0.530962 0.013282 0.530962
0 0.006849 0.514325 0.004704 0.514065 0.004314 0.513545 0.003534 0.510946 0.003534 0.507566 0.003924 0.506007 0.006264 0.502107 0.006849 0.496648 0.008018 0.496128 0.009968 0.496388 0.011138 0.500028 0.011333 0.503407 0.010943 0.505487 0.008993 0.508346 0.007823 0.511726 0.007433 0.511985
0 0.007238 0.569695 0.003729 0.569435 0.000220 0.566836 0.000000 0.565016 0.000220 0.561896 0.001389 0.561117 0.001974 0.560077 0.003339 0.559297 0.004704 0.559297 0.006069 0.559817 0.007823 0.561896 0.008603 0.563976 0.008603 0.568655
0 0.121748 0.296398 0.119473 0.294665 0.118498 0.290766 0.118173 0.286433 0.117523 0.283400 0.116549 0.282100 0.116549 0.279068 0.118498 0.277335 0.119148 0.276035 0.119148 0.275168 0.120448 0.275168 0.122398 0.277335 0.122398 0.284267 0.126947 0.291199 0.126947 0.293798 0.125972 0.295965 0.124997 0.296398
0 0.196159 0.160356 0.192910 0.156457 0.191610 0.153857 0.191610 0.152991 0.189010 0.149091 0.189010 0.148225 0.188036 0.146492 0.188036 0.138260 0.193885 0.138260 0.195184 0.140426 0.196484 0.145192 0.198109 0.147358 0.198434 0.149524 0.199084 0.150391 0.199084 0.155590 0.199409 0.156457 0.199409 0.158190 0.199084 0.158623
0 0.196809 0.081504 0.195509 0.077604 0.194859 0.076738 0.194859 0.075871 0.192910 0.073272 0.192910 0.071539 0.194534 0.069372 0.195184 0.069372 0.196484 0.068073 0.200058 0.068073 0.203308 0.072838 0.203633 0.076304 0.204283 0.076738 0.204283 0.080204 0.202658 0.082370 0.201033 0.083237 0.199084 0.083237
0 0.193885 0.064173 0.191610 0.062440 0.191610 0.057674 0.193235 0.054642 0.193885 0.054642 0.194534 0.053342 0.195509 0.052909 0.195509 0.052042 0.197784 0.051609 0.198434 0.052475 0.199084 0.054642 0.199084 0.062874 0.197134 0.065040 0.196484 0.065040
0 0.210781 0.045543 0.206882 0.041644 0.204608 0.038178 0.204608 0.031679 0.206882 0.026480 0.207857 0.025614 0.210132 0.025180 0.211431 0.026047 0.212731 0.028213 0.213056 0.032546 0.213706 0.035145 0.213706 0.044244 0.213381 0.044677
0 0.171139 0.000918 0.174063 0.005251 0.174388 0.006984 0.175363 0.007850 0.177962 0.007850 0.185436 0.004817 0.185338 0.002390 0.183811 0.000485
0 0.068132 0.146492 0.082105 0.145625 0.084054 0.144759 0.084379 0.143459 0.084054 0.142159 0.082755 0.139993 0.082105 0.137827 0.082105 0.136094 0.080805 0.133927 0.080805 0.133061 0.080155 0.132194 0.078530 0.131328 0.075606 0.131328 0.074306 0.130028 0.072357 0.130028 0.071057 0.131328 0.071057 0.132194 0.070407 0.132628 0.070407 0.133494 0.069432 0.134794 0.068782 0.137393 0.068132 0.138260 0.067807 0.142592
0 0.340433 0.117030 0.338808 0.112698 0.338808 0.109665 0.340433 0.107066 0.342058 0.105766 0.344007 0.105333 0.350181 0.105766 0.352781 0.107066 0.356030 0.111398 0.356030 0.113998 0.355705 0.114431 0.353106 0.114431 0.350831 0.115731 0.344007 0.115731 0.343032 0.116164
0 0.386250 0.145625 0.389174 0.140426 0.390474 0.140426 0.391774 0.139126 0.392424 0.135660 0.393073 0.134361 0.393398 0.131761 0.395023 0.129595 0.395673 0.129595 0.396973 0.128295 0.399897 0.128295 0.400872 0.128728 0.401847 0.130028 0.402497 0.132628 0.402497 0.144325 0.402172 0.146925 0.400547 0.149091 0.395348 0.153857 0.387874 0.153857 0.386900 0.153424 0.385600 0.152124 0.385600 0.149091
0 0.362204 0.139560 0.359929 0.137827 0.357980 0.134361 0.357980 0.130461 0.358305 0.129162 0.360904 0.128295 0.361879 0.127429 0.362529 0.127429 0.363179 0.126562 0.364804 0.126562 0.365453 0.125262 0.365453 0.115731 0.367078 0.114431 0.370652 0.114431 0.370977 0.113998 0.372927 0.113998 0.374552 0.116164 0.375527 0.121363 0.375527 0.123096 0.376176 0.123963 0.376176 0.125262 0.376826 0.126129 0.376826 0.132628 0.376501 0.134794 0.374552 0.136527 0.371627 0.137393 0.369678 0.137393 0.365129 0.139560
0 0.324186 0.147358 0.321261 0.148225 0.319312 0.148225 0.317362 0.143026 0.317362 0.138260 0.322236 0.136960 0.326136 0.136960 0.327435 0.138260 0.328085 0.140426 0.328085 0.143892 0.327110 0.146925
0 0.402497 0.016515 0.398272 0.016082 0.394698 0.012616 0.390799 0.011749 0.389174 0.009583 0.388524 0.007850 0.388524 0.005251 0.389499 0.004384 0.391449 0.003084 0.402822 0.003084 0.403147 0.003518 0.405421 0.003951 0.408346 0.006550 0.408346 0.008283 0.408021 0.010016 0.404771 0.014782
0 0.389499 0.086703 0.385600 0.085836 0.384625 0.084536 0.384625 0.081070 0.386900 0.078471 0.387225 0.077171 0.387225 0.073705 0.387874 0.071972 0.392099 0.071539 0.392749 0.072405 0.394048 0.077171 0.396648 0.081504 0.396648 0.082370 0.397623 0.084103 0.398272 0.087569 0.397948 0.089302 0.395023 0.089302 0.393073 0.088002 0.392749 0.087136 0.392099 0.087136
0 0.347582 0.104899 0.342383 0.105333 0.342383 0.104466 0.341733 0.103599 0.342058 0.102300 0.342708 0.101866 0.343032 0.099700 0.343682 0.099267 0.343682 0.097101 0.344332 0.096667 0.344982 0.094934 0.350181 0.094934 0.350831 0.097534 0.350831 0.101433 0.349856 0.102733
0 0.330360 0.068073 0.333284 0.060707 0.333284 0.059841 0.334584 0.057241 0.334584 0.054642 0.334259 0.052909 0.333609 0.052042 0.332309 0.051176 0.327435 0.051176 0.325486 0.054208 0.324836 0.054642 0.322236 0.054642 0.320936 0.055941 0.319637 0.056375 0.319312 0.057241 0.319312 0.061141 0.319962 0.065473 0.320936 0.068506 0.320936 0.076738 0.322236 0.079337 0.324186 0.080637 0.325486 0.080637 0.327110 0.077171 0.328410 0.072405 0.328410 0.070672
0 0.257898 0.109232 0.257248 0.103599 0.256598 0.103166 0.256273 0.101433 0.255298 0.099700 0.255298 0.098834 0.254649 0.098400 0.254649 0.097101 0.253349 0.095368 0.253349 0.090169 0.252699 0.088869 0.252699 0.084536 0.253999 0.081070 0.254649 0.080637 0.255623 0.078471 0.256923 0.077604 0.258873 0.077604 0.259523 0.077171 0.261472 0.077604 0.261797 0.078471 0.261797 0.085403 0.261472 0.085836 0.261472 0.087136 0.260173 0.089735 0.259523 0.090169 0.259523 0.097101 0.260173 0.098834 0.260497 0.101433 0.260497 0.106199 0.259848 0.106632
0 0.519151 0.201515 0.516551 0.203248 0.513627 0.204548 0.512652 0.204548 0.511677 0.205414 0.510052 0.205414 0.509727 0.204981 0.509727 0.203248 0.509077 0.201948 0.509077 0.198049 0.511352 0.192850 0.518176 0.185485 0.519800 0.184185 0.520450 0.184185 0.521425 0.185485 0.522075 0.191550 0.522725 0.194150 0.522725 0.196749 0.521750 0.198916
0 0.518176 0.214079 0.514276 0.212346 0.512977 0.210180 0.512977 0.208014 0.514601 0.206281 0.518826 0.204548 0.523050 0.204548 0.523375 0.204115 0.527599 0.203681 0.527599 0.204548 0.528249 0.205848 0.528249 0.208880 0.527599 0.210180 0.526299 0.211480 0.524675 0.211913 0.524025 0.212780 0.521425 0.213213
0 0.507128 0.231410 0.512002 0.223611 0.512652 0.221012 0.513951 0.219279 0.516226 0.217546 0.516876 0.217546 0.517851 0.216246 0.517851 0.214079 0.517201 0.213213 0.514276 0.211480 0.511352 0.210613 0.509077 0.208880 0.507453 0.208880 0.507128 0.209314 0.507128 0.212346 0.506478 0.216246 0.505828 0.217112 0.505503 0.218845 0.501604 0.218845 0.500629 0.219279 0.499329 0.221012 0.499329 0.226211 0.499979 0.228377 0.502254 0.230110 0.504528 0.230976
0 0.511027 0.182885 0.507778 0.179419 0.506803 0.178986 0.504203 0.175087 0.504203 0.168588 0.504853 0.168588 0.506153 0.167288 0.509402 0.166421 0.512652 0.166421 0.516551 0.164688 0.517851 0.163389 0.519151 0.162955 0.520775 0.160789 0.521750 0.160356 0.522075 0.159489 0.523375 0.159056 0.524025 0.158190 0.524675 0.158190 0.525649 0.160789 0.525649 0.165988 0.523050 0.170754 0.523375 0.180286 0.515901 0.181152 0.513627 0.182019
0 0.581864 0.113131 0.578290 0.113131 0.576990 0.112698 0.576015 0.111831 0.576015 0.110532 0.576990 0.109232 0.580564 0.107499 0.581864 0.105766 0.583489 0.105333 0.585764 0.103166 0.586088 0.101000 0.587713 0.097967 0.589663 0.096234 0.592587 0.092335 0.592587 0.090602 0.593237 0.090602 0.593562 0.091468 0.593562 0.095801 0.592587 0.098400 0.592587 0.101000 0.591937 0.102733 0.589988 0.105333 0.588038 0.106199 0.587388 0.107066 0.586413 0.107066 0.585764 0.107932 0.584139 0.107932 0.581214 0.109665
0 0.642303 0.415110 0.638079 0.410777 0.637754 0.409477 0.635155 0.404712 0.635155 0.402545 0.633530 0.398213 0.633530 0.391281 0.633855 0.389981 0.636129 0.387815 0.639704 0.385648 0.642953 0.384349 0.644903 0.384349 0.645553 0.383482 0.649777 0.382616 0.650752 0.382182 0.651726 0.380883 0.654001 0.380449 0.654976 0.379583 0.657251 0.379583 0.657575 0.380016 0.657575 0.387381 0.657251 0.388681 0.653676 0.394313 0.653676 0.395180 0.655951 0.397346 0.655951 0.398213 0.656926 0.400379 0.656926 0.406011 0.654651 0.409044 0.653026 0.410344 0.652376 0.410344 0.651402 0.411644 0.648802 0.412510 0.645878 0.414676 0.644903 0.414676
0 0.411595 0.400812 0.404446 0.400812 0.400547 0.399079 0.399247 0.397779 0.399247 0.394313 0.399897 0.392580 0.400872 0.391281 0.401847 0.390847 0.403147 0.388681 0.404771 0.387815 0.406721 0.387815 0.408996 0.389981 0.413545 0.389981 0.414195 0.390414 0.414520 0.391281 0.414520 0.396480 0.413870 0.398646
0 0.400872 0.507826 0.397948 0.505227 0.397298 0.505227 0.395998 0.503494 0.395998 0.500461 0.396648 0.498728 0.398922 0.495695 0.400872 0.494395 0.402172 0.494395 0.403147 0.495262 0.404121 0.497861 0.405096 0.498295 0.406396 0.496128 0.406396 0.494829 0.407046 0.493962 0.407046 0.492229 0.409320 0.489196 0.416794 0.489196 0.418419 0.490063 0.419719 0.492229 0.419719 0.496562 0.419394 0.496995 0.415819 0.499161 0.414844 0.499161 0.414520 0.500028 0.411920 0.500894 0.411270 0.501761 0.409645 0.501761 0.407046 0.503927 0.405096 0.504360 0.404446 0.505227 0.403147 0.505227
0 0.427517 0.360520 0.423943 0.361386 0.421018 0.360953 0.420044 0.359653 0.420044 0.356187 0.422968 0.348388 0.430767 0.341456 0.443439 0.341456 0.446689 0.342323 0.447664 0.343189 0.447988 0.349255 0.447339 0.351421 0.446039 0.353154 0.443114 0.355754 0.438890 0.357487 0.434991 0.357487 0.432391 0.358787 0.431416 0.358787 0.430117 0.360086
0 0.443114 0.373951 0.440515 0.376117 0.438240 0.375684 0.435641 0.373951 0.434991 0.372651 0.434991 0.369618 0.437265 0.366152 0.443439 0.360086 0.444739 0.360086 0.447339 0.362253 0.448313 0.363986 0.448963 0.366585 0.449288 0.373084 0.448963 0.373517 0.446689 0.373951
0 0.482107 0.353154 0.480483 0.348822 0.480483 0.341890 0.480807 0.340157 0.481782 0.338424 0.482107 0.336257 0.483407 0.333658 0.486331 0.329758 0.486981 0.330192 0.488281 0.332791 0.488281 0.334091 0.488931 0.334524 0.488931 0.337124 0.489256 0.337990 0.489256 0.341456 0.486331 0.346222 0.485357 0.348822 0.484057 0.350121
0 0.457737 0.369618 0.453837 0.362253 0.453837 0.361386 0.454812 0.359653 0.460011 0.359653 0.460661 0.360520 0.461311 0.360520 0.462936 0.362686 0.462936 0.363552 0.461961 0.366152 0.461311 0.366152 0.460336 0.367018
0 0.461636 0.356187 0.460336 0.353154 0.460336 0.349255 0.462936 0.349255 0.467160 0.352288 0.469435 0.355754 0.469110 0.357054 0.464885 0.357487
0 0.471709 0.353587 0.468785 0.353587 0.466510 0.350555 0.466185 0.348388 0.466185 0.346655 0.471059 0.346222 0.473009 0.347089 0.475284 0.347089 0.476583 0.348388 0.476908 0.352721 0.475933 0.353587 0.474309 0.354021
0 0.390474 0.259571 0.387549 0.259138 0.386575 0.258271 0.385925 0.258271 0.385275 0.256538 0.383650 0.255239 0.383000 0.255239 0.380726 0.253072 0.380076 0.253072 0.380076 0.251339 0.380726 0.250473 0.382025 0.250040 0.389174 0.250040 0.389499 0.249173 0.391124 0.249173 0.391774 0.250473 0.391774 0.255672
0 0.494455 0.460601 0.491856 0.459735 0.488606 0.456702 0.487956 0.455836 0.487956 0.454103 0.487306 0.452803 0.487306 0.451936 0.487956 0.451070 0.488606 0.448904 0.491531 0.445871 0.496405 0.445871 0.500629 0.448470 0.501929 0.449770 0.501929 0.455836 0.501604 0.456269 0.500629 0.456269 0.498679 0.458868 0.497055 0.459302
0 0.468460 0.455402 0.462936 0.454969 0.461311 0.453669 0.458387 0.452370 0.455137 0.448470 0.455137 0.446737 0.454487 0.445871 0.454162 0.444138 0.454162 0.437639 0.455787 0.434606 0.460011 0.434606 0.461961 0.435906 0.466185 0.437206 0.472034 0.441971 0.472684 0.442838 0.473334 0.445004 0.473334 0.449337 0.470734 0.452803
0 0.287793 0.275168 0.283893 0.274302 0.282269 0.273002 0.280644 0.268670 0.280319 0.259138 0.279994 0.256105 0.279344 0.255672 0.279669 0.249606 0.279994 0.247873 0.280644 0.247007 0.281294 0.243107 0.281619 0.234876 0.281944 0.233576 0.284868 0.230110 0.289742 0.230110 0.293317 0.233143 0.293317 0.241374 0.292342 0.245274 0.291367 0.247440 0.291367 0.271269 0.290392 0.274735
0 0.297216 0.242241 0.296566 0.238775 0.296566 0.234009 0.295591 0.232276 0.295591 0.231410 0.296891 0.229677 0.302415 0.229243 0.303065 0.228377 0.305664 0.227077 0.310863 0.227077 0.312163 0.227944 0.312163 0.231843 0.311838 0.232709 0.309564 0.234442 0.307289 0.234876 0.305989 0.236175 0.303390 0.237475 0.299815 0.241374
0 0.091136 0.384460 0.092715 0.381566 0.098636 0.373145 0.098636 0.369724 0.099228 0.366303 0.099228 0.361040 0.097452 0.356303 0.095676 0.354724 0.094097 0.354987 0.093307 0.356040 0.092123 0.359724 0.090741 0.366303 0.090149 0.373671 0.090149 0.382355
0 0.097255 0.352619 0.094097 0.352356 0.092320 0.351040 0.091728 0.349461 0.091334 0.349461 0.090939 0.348671 0.089952 0.345777 0.089952 0.342882 0.090347 0.341566 0.091728 0.339724 0.094294 0.338145 0.098833 0.337882 0.100412 0.338935 0.101399 0.340251 0.102386 0.342619 0.102583 0.347356 0.101399 0.349461 0.099031 0.351303
0 0.090149 0.412091 0.087781 0.411828 0.083767 0.408845 0.082058 0.406302 0.080873 0.403407 0.080676 0.399460 0.083636 0.395513 0.085807 0.393671 0.086992 0.393671 0.087781 0.392881 0.090544 0.388144 0.094491 0.384986 0.096465 0.384986 0.097452 0.385776 0.098833 0.388934 0.099623 0.392881 0.099623 0.399460 0.097847 0.403144 0.095084 0.406039 0.091926 0.411039 0.091926 0.411565
0 0.535305 0.802063 0.533872 0.800698 0.533053 0.799060 0.532644 0.797695 0.532644 0.794692 0.533053 0.793600 0.535510 0.791416 0.536329 0.789778 0.537353 0.789505 0.538377 0.792508 0.538377 0.796876 0.539196 0.801790 0.537148 0.802336
0 0.508075 0.809160 0.506027 0.807795 0.504389 0.804793 0.504389 0.801517 0.506232 0.799879 0.511555 0.799333 0.512989 0.800152 0.514831 0.803155 0.515036 0.807249 0.509508 0.808068
0 0.425516 0.800230 0.422062 0.798256 0.421568 0.796940 0.422062 0.793979 0.422555 0.793321 0.422802 0.790360 0.424529 0.788715 0.426010 0.788386 0.428724 0.788715 0.428724 0.790031 0.429217 0.790360 0.430204 0.793979 0.429957 0.797598 0.427490 0.799901
0 0.442048 0.818653 0.444762 0.815692 0.445009 0.814705 0.443282 0.812073 0.443282 0.810428 0.444762 0.809770 0.447476 0.809770 0.448463 0.810428 0.449697 0.813060 0.450190 0.815692 0.450190 0.817666 0.449450 0.819969 0.447970 0.821943 0.445502 0.822930 0.443035 0.822930 0.442048 0.821614
0 0.421568 0.814705 0.419841 0.813060 0.419594 0.808125 0.421322 0.805822 0.424036 0.803849 0.424776 0.805822 0.424776 0.812731 0.423789 0.814705
0 0.420581 0.826878 0.418607 0.824575 0.417620 0.824575 0.417127 0.823917 0.416387 0.822601 0.415893 0.820298 0.416387 0.819640 0.420828 0.819640 0.422062 0.818653 0.422802 0.816679 0.424036 0.816350 0.424529 0.815692 0.427737 0.815692 0.427984 0.820298 0.427243 0.822272 0.427490 0.828852 0.426503 0.829510 0.424776 0.829510 0.423295 0.828852 0.423049 0.828194
0 0.431931 0.775226 0.432425 0.772594 0.433659 0.771279 0.435633 0.770949 0.436620 0.772594 0.436866 0.774568 0.435879 0.775555 0.434152 0.775884
0 0.742333 0.822272 0.740359 0.820627 0.738139 0.816350 0.736658 0.814376 0.735424 0.811086 0.735424 0.806809 0.736905 0.806480 0.739619 0.804506 0.743567 0.804506 0.746034 0.805493 0.746281 0.806151 0.746775 0.806151 0.748255 0.807796 0.748749 0.809441 0.748749 0.817995 0.748008 0.820956 0.747021 0.823588 0.746034 0.824246 0.743814 0.824246
0 0.726295 0.825233 0.724074 0.825233 0.723581 0.824575 0.723334 0.817337 0.723581 0.814047 0.724568 0.810757 0.726788 0.810428 0.727529 0.810757 0.728762 0.812731 0.730490 0.817008 0.730490 0.823588 0.729996 0.823917 0.729996 0.824575 0.728269 0.825562
0 0.736411 0.792005 0.733944 0.788715 0.731230 0.786741 0.730243 0.785425 0.724321 0.785096 0.721607 0.786083 0.720126 0.786083 0.719880 0.785425 0.720126 0.783780 0.724321 0.780161 0.727529 0.779832 0.731477 0.777858 0.733450 0.777858 0.734438 0.779174 0.735178 0.783122 0.736905 0.783451 0.740853 0.780161 0.742333 0.777858 0.743320 0.777200 0.745294 0.777200 0.745788 0.777858 0.745788 0.786083 0.745047 0.788715 0.740606 0.792334 0.738632 0.792663
0 0.770215 0.853526 0.767254 0.854184 0.766267 0.853855 0.762813 0.851552 0.762073 0.849907 0.761579 0.848262 0.761579 0.844314 0.763306 0.842340 0.765034 0.841353 0.766020 0.841353 0.768241 0.843327 0.769228 0.844972 0.769475 0.846288 0.770955 0.848262 0.773176 0.849907 0.773669 0.851223 0.773669 0.852868 0.772189 0.854184
0 0.772682 0.841024 0.770462 0.839708 0.769228 0.838063 0.768241 0.835431 0.768241 0.831813 0.772682 0.832142 0.775150 0.836089 0.776384 0.840695 0.776384 0.842011 0.774410 0.842340
0 0.784526 0.819640 0.780085 0.816679 0.773916 0.810099 0.773176 0.808125 0.770955 0.804835 0.770955 0.800888 0.773669 0.799572 0.779345 0.799243 0.785266 0.797598 0.796370 0.796940 0.797604 0.796282 0.805746 0.796282 0.807226 0.796940 0.808707 0.798914 0.809447 0.801217 0.809694 0.805493 0.808954 0.808454 0.806733 0.812073 0.805746 0.815034 0.803032 0.818982 0.800564 0.820956 0.791682 0.820956 0.786994 0.820298
0 0.877855 0.562483 0.876356 0.562283 0.874558 0.560085 0.873959 0.558086 0.873959 0.557487 0.873509 0.555689 0.873359 0.554490 0.873359 0.552092 0.874258 0.551492 0.875907 0.551293 0.876806 0.550893 0.878754 0.550893 0.879803 0.552092 0.880253 0.555089 0.880253 0.557687 0.879204 0.559685 0.879054 0.560285 0.878604 0.560884
0 0.915172 0.586262 0.913823 0.584463 0.913074 0.581866 0.912924 0.580667 0.912475 0.579867 0.912475 0.578269 0.912175 0.575671 0.912325 0.573873 0.912624 0.573073 0.913674 0.571674 0.914873 0.571075 0.915322 0.571075 0.918020 0.570076 0.918769 0.570076 0.919818 0.569676 0.922366 0.569277 0.929260 0.569277 0.931058 0.569876 0.931957 0.571275 0.931957 0.573473 0.931808 0.574072 0.930309 0.575671 0.929410 0.576470 0.928660 0.576670 0.927611 0.577270 0.923865 0.579668 0.922666 0.580866 0.922216 0.580866 0.921017 0.582265 0.919668 0.583264 0.919219 0.583264 0.918020 0.584463 0.916821 0.584863 0.916221 0.585263
0 0.400580 0.867176 0.416257 0.866839 0.413982 0.861107 0.412717 0.860096 0.409683 0.860096 0.407913 0.860770 0.402603 0.863467 0.401845 0.864479
0 0.356355 0.439805 0.353106 0.439372 0.347907 0.434606 0.345307 0.431140 0.345632 0.429840 0.346607 0.428541 0.349531 0.427674 0.352456 0.427674 0.355380 0.429407 0.357980 0.429840 0.358305 0.434173 0.358955 0.436339 0.358630 0.437206
0 0.564040 0.541479 0.561839 0.536100 0.560372 0.533654 0.558905 0.532187 0.557071 0.528519 0.556888 0.525096 0.557255 0.523629 0.557988 0.522651 0.559089 0.522651 0.565141 0.531943 0.569359 0.534633 0.570092 0.535366 0.570642 0.536833 0.570459 0.538300 0.568625 0.540746 0.565324 0.542946
0 0.526575 0.652739 0.525416 0.653319 0.521938 0.653319 0.521504 0.653126 0.521069 0.652739 0.520779 0.650034 0.520489 0.648875 0.520489 0.648296 0.520924 0.647523 0.521649 0.647136 0.522373 0.647136 0.522808 0.646943 0.524257 0.645591 0.524402 0.645011 0.525271 0.643658 0.525706 0.643272 0.525851 0.642692 0.525851 0.641340 0.526286 0.639794 0.526720 0.639601 0.527300 0.639021 0.528894 0.638442 0.531068 0.638442 0.531502 0.638828 0.531937 0.639987 0.532227 0.641533 0.532807 0.642306 0.533821 0.641919 0.534546 0.641340 0.534980 0.641340 0.536429 0.640567 0.536719 0.640181 0.537154 0.639987 0.538023 0.638828 0.539907 0.637282 0.541356 0.636703 0.542371 0.635543 0.543240 0.634964 0.543675 0.634771 0.544255 0.634771 0.544400 0.635543 0.544400 0.637862 0.544255 0.638635 0.543385 0.640374 0.542661 0.640953 0.542226 0.641726 0.542081 0.642306 0.540777 0.644045 0.537734 0.646943 0.537299 0.647716 0.536864 0.647716 0.536429 0.648102 0.534546 0.649068 0.533676 0.649068 0.533241 0.649262 0.533096 0.650034 0.533386 0.650421 0.533821 0.650614 0.533821 0.651194 0.534111 0.651773 0.533966 0.653126 0.532807 0.653512 0.530198 0.653512 0.528894 0.653126 0.528025 0.653126
0 0.447747 0.514658 0.445418 0.514436 0.445473 0.513697 0.444586 0.512883 0.443699 0.512366 0.441092 0.512809 0.439539 0.513401 0.438097 0.514288 0.436877 0.515767 0.436599 0.517172 0.435934 0.518799 0.435490 0.521535 0.435934 0.523088 0.437099 0.523976 0.438430 0.524346 0.440537 0.523754 0.441425 0.522645 0.442312 0.521979 0.443366 0.519835 0.445584 0.518799 0.446084 0.517764 0.448136 0.516359 0.448468 0.515546
0 0.332041 0.467523 0.327932 0.469958 0.322757 0.470161 0.321236 0.473205 0.318192 0.471581 0.316822 0.471379 0.314387 0.472799 0.313931 0.473611 0.313931 0.475843 0.315148 0.478278 0.316366 0.481322 0.315452 0.484974 0.313778 0.487003 0.312104 0.489438 0.310887 0.492888 0.307995 0.497352 0.307691 0.500396 0.304799 0.504860 0.302821 0.513991 0.302516 0.516426 0.304190 0.525152 0.306169 0.531036 0.307082 0.538950 0.307843 0.541182 0.308300 0.546458 0.307539 0.553155 0.308147 0.555184 0.314235 0.555184 0.315757 0.554981 0.316974 0.555387 0.318801 0.554778 0.318192 0.552546 0.318192 0.551125 0.315909 0.549908 0.315300 0.546458 0.315605 0.543617 0.314996 0.542603 0.317279 0.544023 0.319562 0.544226 0.320627 0.543617 0.321388 0.542806 0.322149 0.540574 0.322149 0.535095 0.322910 0.532254 0.322301 0.531036 0.324279 0.531645 0.327019 0.530631 0.329758 0.528196 0.331280 0.524949 0.332041 0.522920 0.331584 0.521499 0.330824 0.519876 0.328693 0.518658 0.331889 0.518861 0.332802 0.518658 0.332954 0.515615 0.332954 0.512368 0.334172 0.510542 0.335389 0.509324 0.337824 0.509324 0.339803 0.509121 0.341477 0.511759 0.342999 0.512774 0.344216 0.515615 0.347716 0.519470 0.350304 0.519470 0.351369 0.517238 0.351369 0.515615 0.350760 0.513991 0.350151 0.510948 0.349543 0.508918 0.349543 0.507498 0.351217 0.505875 0.348934 0.498164 0.347716 0.496540 0.347412 0.495120 0.345890 0.493294 0.345434 0.493294 0.344673 0.492279 0.344825 0.491670 0.342542 0.490656 0.342846 0.488018 0.342999 0.483757 0.342542 0.479495 0.340411 0.475843 0.338889 0.473814 0.337520 0.472596 0.335694 0.471987 0.335846 0.470567 0.335389 0.468741
0 0.351087 0.092839 0.348585 0.093142 0.346538 0.091929 0.340397 0.090716 0.340397 0.080404 0.341989 0.079494 0.346083 0.079798 0.348130 0.082224 0.349268 0.084347 0.351997 0.085257 0.353134 0.087076 0.353362 0.091322 0.352907 0.091929
0 0.759604 0.177087 0.754615 0.179646 0.753848 0.180669 0.753080 0.180669 0.751545 0.182716 0.750777 0.185786 0.750010 0.186298 0.747324 0.186298 0.746172 0.185274 0.745789 0.183739 0.745789 0.178111 0.747324 0.176064 0.747324 0.175041 0.749242 0.172994 0.750010 0.170947 0.751929 0.169924 0.753080 0.168389 0.753464 0.167366 0.753464 0.165319 0.753848 0.164807 0.753848 0.162760 0.754615 0.162249 0.756534 0.162249 0.757301 0.162760 0.757685 0.163272 0.757685 0.164295 0.758453 0.164807 0.758836 0.167366 0.761139 0.171459 0.763058 0.173506 0.763058 0.174529
0 0.766042 0.169329 0.760951 0.169590 0.759189 0.167762 0.758602 0.163324 0.756644 0.161236 0.756644 0.157581 0.758406 0.155753 0.760951 0.155753 0.763888 0.158364 0.767804 0.163585 0.770545 0.163585 0.770154 0.165674 0.769175 0.166979 0.767413 0.168023 0.764867 0.171156
0 0.056185 0.481572 0.054616 0.480875 0.053570 0.478319 0.051479 0.476924 0.051304 0.475065 0.055662 0.474832 0.055488 0.471811 0.056708 0.471579 0.057754 0.472043 0.057754 0.480178
0 0.777790 0.136957 0.776419 0.134346 0.776028 0.131213 0.780139 0.128342 0.779944 0.125209 0.785622 0.125731 0.785818 0.130691 0.785034 0.132519 0.783076 0.134607 0.782293 0.136174 0.779552 0.137740
0 0.784251 0.106673 0.783860 0.103802 0.784251 0.091271 0.786013 0.091793 0.788950 0.094925 0.789733 0.096231 0.790712 0.101191 0.790712 0.102235 0.789538 0.104063 0.787384 0.105629 0.785818 0.105890
0 0.718267 0.175594 0.718267 0.170895 0.716897 0.169068 0.716897 0.163324 0.717092 0.161758 0.718463 0.161758 0.719638 0.163846 0.721987 0.171939 0.721987 0.176639 0.721987 0.177161 0.721008 0.177944 0.720225 0.177944 0.719638 0.177161
0 0.726491 0.170112 0.726491 0.164107 0.726882 0.162802 0.727861 0.162541 0.728253 0.160975 0.728644 0.160714 0.732756 0.164107 0.734714 0.164368 0.735106 0.165152 0.735106 0.167762 0.731386 0.168546 0.728057 0.170895
0 0.721400 0.095709 0.719246 0.094142 0.718659 0.093098 0.715526 0.091271 0.715526 0.088660 0.718071 0.087354 0.722770 0.083439 0.723358 0.083961 0.723945 0.086571 0.723749 0.092837 0.723358 0.093359 0.723358 0.096231 0.722966 0.096492
0 0.874839 0.309277 0.872461 0.310334 0.869091 0.310862 0.868893 0.311391 0.868100 0.311391 0.866118 0.312712 0.865127 0.314298 0.856604 0.313769 0.855613 0.312977 0.854622 0.310334 0.860568 0.307162 0.869487 0.306898 0.874244 0.302141 0.875434 0.301348 0.877614 0.301084 0.878407 0.301348 0.878605 0.303463 0.876227 0.308220
0 0.675368 0.022615 0.675706 0.019004 0.676045 0.018553 0.679092 0.016296 0.680446 0.014490 0.682139 0.014039 0.683493 0.015844 0.683493 0.020358 0.682816 0.021712 0.682139 0.022164 0.679092 0.022164 0.678753 0.023066 0.678076 0.023066
0 0.695148 0.302179 0.690194 0.301790 0.689319 0.301013 0.688445 0.297516 0.688445 0.293631 0.688737 0.292854 0.692525 0.292854 0.694273 0.293631 0.696022 0.293631 0.696605 0.293242 0.696896 0.291300 0.700102 0.289745 0.700976 0.292854 0.700976 0.297516 0.700684 0.298293 0.697770 0.301402
0 0.700684 0.283917 0.698645 0.281197 0.696313 0.280032 0.696605 0.277312 0.697187 0.276923 0.698645 0.274204 0.700102 0.274204 0.701559 0.272261 0.703307 0.272261 0.703599 0.272649 0.704764 0.277312 0.706513 0.279255 0.706513 0.281975 0.705930 0.282363 0.702724 0.282363
0 0.812195 0.391673 0.808124 0.387897 0.807770 0.384593 0.806177 0.383413 0.805646 0.381761 0.806000 0.377985 0.806885 0.377277 0.809186 0.373266 0.809363 0.369489 0.810248 0.368310 0.812018 0.367838 0.816266 0.367838 0.816796 0.368782 0.816796 0.372557 0.816089 0.373738 0.819628 0.373973 0.820336 0.376097 0.820513 0.380817 0.818035 0.384593 0.815026 0.386717 0.814850 0.388841 0.815204 0.389077 0.815204 0.391201
0 0.841930 0.389785 0.838213 0.387425 0.835558 0.384357 0.833965 0.381997 0.833965 0.379165 0.834496 0.378221 0.835735 0.377749 0.837328 0.376097 0.839983 0.376097 0.841399 0.372793 0.843346 0.370434 0.844408 0.370197 0.845116 0.371141 0.845293 0.373266 0.846532 0.376569 0.847417 0.377513 0.847771 0.378693 0.848125 0.388133 0.847948 0.388841 0.846532 0.388369 0.847063 0.389077 0.847063 0.390493 0.846355 0.391201 0.843169 0.390965 0.840337 0.388605
0 0.827239 0.392617 0.823345 0.390729 0.819983 0.390257 0.819628 0.389785 0.819628 0.384357 0.820867 0.382705 0.821575 0.382469 0.824230 0.382941 0.825115 0.384593 0.827770 0.386953 0.831133 0.387189 0.831664 0.388133 0.831841 0.389785 0.830602 0.391201 0.830071 0.391437 0.829540 0.390965 0.830071 0.391201 0.829540 0.392381 0.830779 0.391673
0 0.812427 0.412714 0.811223 0.412112 0.810169 0.410908 0.809567 0.410707 0.808815 0.409503 0.808664 0.408901 0.808664 0.407697 0.808965 0.407296 0.809417 0.407296 0.811223 0.406092 0.811975 0.405088 0.811975 0.404486 0.812728 0.404888 0.814233 0.406493 0.814685 0.406694 0.814986 0.407095 0.815136 0.407697 0.815889 0.409302 0.816792 0.410506 0.816792 0.411109 0.816340 0.411510 0.815588 0.411911 0.814384 0.412313 0.813932 0.412313
0 0.864322 0.392037 0.861976 0.390330 0.860696 0.388340 0.860696 0.383505 0.861336 0.381798 0.863896 0.380092 0.864109 0.379523 0.866669 0.379523 0.869442 0.381229 0.872215 0.381229 0.872641 0.381798 0.872855 0.383505 0.872855 0.387771 0.872428 0.388908 0.869228 0.392890 0.866029 0.392890
0 0.863256 0.343119 0.861976 0.341412 0.861976 0.340843 0.860270 0.339990 0.860056 0.339421 0.860056 0.336577 0.861549 0.332596 0.863256 0.332596 0.864749 0.334586 0.865176 0.336862 0.865176 0.340275 0.864749 0.340843
0 0.520312 0.811458 0.528125 0.812500 0.528906 0.812500 0.532031 0.817708 0.532813 0.818750 0.532813 0.823958 0.532813 0.825000 0.529687 0.829167 0.528906 0.830208 0.521094 0.831250 0.520312 0.831250 0.510938 0.829167 0.510156 0.829167 0.509375 0.823958 0.509375 0.822917 0.510938 0.819792 0.510938 0.818750 0.513281 0.815625 0.514062 0.814583 0.515625 0.814583 0.516406 0.814583 0.520312 0.811458
0 0.831687 0.332311 0.828487 0.331174 0.824221 0.331458 0.823794 0.329752 0.822514 0.328330 0.821661 0.328330 0.821448 0.327192 0.823368 0.324348 0.824647 0.323495 0.825714 0.323495 0.826567 0.327476 0.826567 0.329183 0.826994 0.328614 0.827207 0.326908 0.828060 0.326339 0.829340 0.323210 0.830407 0.322926 0.832753 0.325485 0.832753 0.330036
0 0.700749 0.396749 0.696790 0.395790 0.696430 0.393391 0.695711 0.392431 0.693911 0.391471 0.693911 0.390511 0.694991 0.389072 0.696071 0.388592 0.703268 0.388592 0.706147 0.390032 0.710466 0.390032 0.710466 0.396270 0.710106 0.397709 0.708667 0.399629 0.702908 0.399629
0 0.643887 0.456730 0.639569 0.456730 0.639569 0.454811 0.641368 0.453371 0.644247 0.452412 0.645327 0.450012 0.646046 0.447133 0.646766 0.446174 0.647486 0.445694 0.649645 0.445694 0.650005 0.446174 0.650005 0.453371 0.649285 0.453851 0.649285 0.457210 0.648566 0.457690 0.647126 0.457690
0 0.680236 0.475444 0.677356 0.474965 0.676277 0.473525 0.675197 0.473045 0.675197 0.471126 0.674118 0.470646 0.674118 0.469686 0.673398 0.468247 0.673398 0.461529 0.673758 0.460089 0.674477 0.459609 0.676277 0.459609 0.677356 0.460569 0.679156 0.461049 0.681675 0.463928 0.682035 0.464408 0.681675 0.465368 0.681675 0.470166
0 0.605020 0.474485 0.604300 0.470646 0.605739 0.466807 0.605739 0.465847 0.606819 0.464408 0.607539 0.462489 0.607539 0.455291 0.606459 0.453851 0.594583 0.453851 0.593503 0.452892 0.592424 0.452892 0.589904 0.451452 0.589185 0.450492 0.586305 0.448573 0.585226 0.447133 0.584866 0.447613 0.585586 0.449533 0.590264 0.456251 0.594583 0.464888 0.600341 0.472086 0.601421 0.472565 0.602140 0.473525
0 0.357286 0.032961 0.351524 0.032218 0.348364 0.028252 0.347806 0.023544 0.346877 0.020074 0.344832 0.016852 0.344832 0.015117 0.345204 0.014869 0.351895 0.016356 0.357286 0.018587 0.367695 0.027757 0.368066 0.028500 0.366579 0.031970 0.358959 0.032466
0 0.814063 0.000000 0.860938 0.000000 0.861719 0.000000 0.864844 0.009375 0.865625 0.010417 0.867188 0.021875 0.867188 0.022917 0.860938 0.030208 0.860156 0.031250 0.857031 0.032292 0.856250 0.033333 0.846094 0.031250 0.845313 0.031250 0.842187 0.029167 0.841406 0.029167 0.836719 0.022917 0.835938 0.021875 0.827344 0.015625 0.826562 0.014583 0.818750 0.014583 0.817969 0.014583 0.814844 0.011458 0.814063 0.011458 0.812500 0.008333 0.811719 0.007292 0.814063 0.000000
0 0.700781 0.000000 0.790625 0.000000 0.791406 0.000000 0.791406 0.001042 0.792188 0.002083 0.796875 0.002083 0.797656 0.002083 0.802344 0.005208 0.803125 0.005208 0.803125 0.011458 0.803125 0.012500 0.804688 0.015625 0.804688 0.016667 0.810156 0.021875 0.810937 0.022917 0.817187 0.023958 0.817969 0.023958 0.821875 0.018750 0.822656 0.017708 0.825781 0.017708 0.826562 0.017708 0.832812 0.020833 0.833594 0.020833 0.840625 0.030208 0.841406 0.031250 0.853906 0.043750 0.854688 0.043750 0.856250 0.047917 0.856250 0.048958 0.842969 0.055208 0.842187 0.056250 0.835938 0.056250 0.835156 0.056250 0.829688 0.054167 0.828906 0.053125 0.816406 0.052083 0.815625 0.051042 0.806250 0.052083 0.805469 0.052083 0.800781 0.050000 0.800000 0.048958 0.785156 0.045833 0.784375 0.044792 0.772656 0.043750 0.771875 0.043750 0.768750 0.040625 0.767969 0.039583 0.751563 0.030208 0.750781 0.029167 0.731250 0.030208 0.730469 0.030208 0.713281 0.037500 0.712500 0.038542 0.703125 0.036458 0.702344 0.035417 0.696094 0.036458 0.695312 0.036458 0.687500 0.032292 0.686719 0.032292 0.682813 0.022917 0.682813 0.021875 0.688281 0.011458 0.689063 0.010417 0.695312 0.008333 0.696094 0.008333 0.700781 0.000000
0 0.238828 0.075455 0.238256 0.071645 0.237685 0.071391 0.237685 0.069106 0.237304 0.068598 0.238828 0.067074 0.240542 0.067074 0.241304 0.069106 0.241304 0.072407 0.242257 0.075455 0.242066 0.075963 0.240352 0.075963
0 0.096409 0.285419 0.093445 0.283224 0.093445 0.281467 0.094433 0.280589 0.094104 0.277076 0.096738 0.277076 0.098056 0.278833 0.098385 0.280589 0.099373 0.282346 0.099373 0.284541
0 0.102142 0.328605 0.100294 0.326813 0.099118 0.323900 0.098950 0.322108 0.096933 0.319867 0.096765 0.318523 0.098950 0.318523 0.099622 0.318747 0.101134 0.320764 0.102814 0.322108 0.103822 0.323900 0.104326 0.326813 0.103486 0.328829
0 0.148642 0.415171 0.147281 0.411996 0.146941 0.403605 0.150173 0.402471 0.150513 0.403151 0.150683 0.406326 0.152554 0.408821 0.152724 0.409728 0.152384 0.413811 0.151024 0.416079 0.150513 0.416305 0.150173 0.415852
0 0.155106 0.405646 0.152895 0.403151 0.152384 0.400203 0.154425 0.397708 0.154425 0.395667 0.156637 0.395213 0.158338 0.396347 0.158338 0.398842 0.160039 0.400203 0.160209 0.406100 0.160039 0.406780 0.159188 0.407460 0.156467 0.407460
0 0.008483 0.393172 0.006782 0.394533 0.003720 0.395440 0.002870 0.393172 0.002870 0.388636 0.003550 0.386595 0.003720 0.379338 0.004230 0.378431 0.008653 0.376843 0.009163 0.377070 0.009673 0.380699 0.010184 0.381152 0.010524 0.382513 0.010524 0.385461 0.009844 0.385688 0.010694 0.387502 0.011034 0.393172 0.010014 0.393626
0 0.353906 0.364583 0.357812 0.364583 0.358594 0.364583 0.366406 0.368750 0.367188 0.368750 0.370312 0.376042 0.371094 0.377083 0.370312 0.381250 0.370312 0.382292 0.367188 0.384375 0.366406 0.385417 0.360938 0.383333 0.360156 0.383333 0.357031 0.377083 0.356250 0.376042 0.353906 0.367708 0.353125 0.366667 0.353906 0.364583
0 0.379688 0.376042 0.383594 0.377083 0.384375 0.377083 0.386719 0.383333 0.386719 0.384375 0.382812 0.394792 0.382812 0.395833 0.379688 0.401042 0.378906 0.402083 0.377344 0.402083 0.376563 0.402083 0.371094 0.396875 0.370312 0.395833 0.369531 0.391667 0.369531 0.390625 0.371875 0.381250 0.371875 0.380208 0.379688 0.376042
0 0.201909 0.442623 0.198293 0.441934 0.196743 0.440327 0.191233 0.437801 0.188822 0.435965 0.185895 0.432751 0.184518 0.430455 0.181763 0.428159 0.181246 0.426781 0.181074 0.421960 0.182796 0.420123 0.182451 0.416679 0.183140 0.415761 0.186240 0.416220 0.186412 0.419664 0.185895 0.422649 0.185895 0.426322 0.187961 0.430225 0.190200 0.431832 0.192094 0.433899 0.197948 0.437113 0.198809 0.438261 0.202770 0.438720 0.202770 0.440786
0 0.099588 0.513645 0.096974 0.513645 0.096102 0.512483 0.096102 0.510624 0.097845 0.507603 0.098891 0.507603 0.099588 0.508532 0.099588 0.511321
0 0.106909 0.507138 0.104120 0.507835 0.102900 0.508997 0.102377 0.507603 0.102377 0.506208 0.103074 0.504814 0.103249 0.502722 0.103597 0.502025 0.105340 0.501095 0.106212 0.497841 0.109175 0.498306 0.110744 0.500165 0.111267 0.501560 0.110744 0.502722 0.109175 0.502954 0.107083 0.504349 0.107258 0.505279
0 0.302136 0.370247 0.300219 0.365366 0.298301 0.363739 0.298301 0.358161 0.298476 0.357231 0.299521 0.356069 0.300916 0.356069 0.302310 0.356999 0.303879 0.359323 0.303879 0.362345 0.305622 0.363739 0.305797 0.366063 0.305274 0.367690 0.303879 0.368852
0 0.454271 0.471817 0.448691 0.468435 0.448691 0.464377 0.449452 0.462348 0.449452 0.459304 0.455539 0.458966 0.456553 0.460319 0.456553 0.463024 0.457568 0.465391 0.458075 0.465391 0.459597 0.467759 0.459597 0.470802 0.458329 0.473169 0.452495 0.473508
0 0.186010 0.573033 0.185001 0.573033 0.184497 0.572697 0.184119 0.571689 0.182859 0.570681 0.182733 0.570176 0.181976 0.569504 0.181472 0.569336 0.180464 0.569336 0.180212 0.568832 0.180212 0.567824 0.180842 0.566311 0.180716 0.564799 0.181472 0.563958 0.183237 0.564126 0.183615 0.564294 0.183741 0.564967 0.184245 0.565975 0.185253 0.566143 0.185379 0.567319 0.185757 0.567824 0.187522 0.568664 0.187648 0.569336 0.187648 0.572361 0.187270 0.572697
0 0.165969 0.547489 0.164457 0.547993 0.163449 0.547993 0.162440 0.547657 0.162062 0.547153 0.161558 0.547153 0.161054 0.547321 0.160676 0.547993 0.160171 0.547825 0.159793 0.547321 0.159415 0.546145 0.159289 0.544128 0.159541 0.543624 0.159289 0.543120 0.158785 0.542616 0.158407 0.542448 0.158281 0.541775 0.158407 0.540095 0.158533 0.539591 0.158911 0.539423 0.161180 0.539423 0.161558 0.539255 0.161936 0.537742 0.161936 0.536398 0.162062 0.535726 0.163953 0.535726 0.164835 0.536566 0.167608 0.536566 0.168112 0.537238 0.168112 0.538582 0.169120 0.538582 0.169498 0.538750 0.170003 0.539759 0.170003 0.541271 0.168616 0.543288 0.168616 0.544632 0.168742 0.545136 0.168616 0.546817 0.168112 0.547825 0.167230 0.547993
0 0.500631 0.463823 0.506194 0.463252 0.508334 0.464964 0.508762 0.476375 0.510045 0.476375 0.511329 0.477516 0.512613 0.476946 0.512613 0.465534 0.511329 0.458117 0.509190 0.456405 0.504483 0.456405 0.502343 0.459258
0 0.190799 0.553539 0.188278 0.553371 0.187774 0.552867 0.187648 0.552195 0.187648 0.548497 0.187774 0.547993 0.188278 0.547993 0.189413 0.549170 0.189791 0.549338 0.190169 0.548161 0.190547 0.547489 0.190925 0.547657 0.191429 0.548666 0.191681 0.549674 0.191555 0.550514 0.191051 0.552195
0 0.158029 0.587318 0.156516 0.587486 0.152735 0.587486 0.151223 0.585805 0.151097 0.585133 0.150719 0.584965 0.149962 0.584125 0.148954 0.582612 0.148198 0.582108 0.148072 0.581604 0.148324 0.580932 0.151601 0.579923 0.152357 0.580764 0.152861 0.580932 0.154122 0.581772 0.158911 0.581772 0.159289 0.581940 0.159667 0.582780 0.159919 0.585301 0.159541 0.586309 0.159163 0.586646
0 0.162944 0.580596 0.161180 0.580596 0.160424 0.579923 0.159793 0.578915 0.159793 0.578243 0.159415 0.577907 0.158659 0.574882 0.158785 0.573369 0.159163 0.572865 0.160802 0.571521 0.161306 0.571521 0.162566 0.572697 0.163196 0.572697 0.163953 0.573201 0.164457 0.574546 0.164583 0.575218 0.164583 0.577403 0.164079 0.578747 0.164079 0.580259 0.163953 0.580932
0 0.162699 0.608087 0.158055 0.608563 0.156625 0.607372 0.156447 0.604514 0.158769 0.603085 0.159305 0.601894 0.159484 0.596178 0.160019 0.595464 0.161984 0.595464 0.163056 0.595940 0.163949 0.597131 0.164128 0.601894 0.165200 0.603799 0.165021 0.606181 0.164128 0.607372
0 0.246832 0.591415 0.246118 0.593082 0.242903 0.593082 0.241652 0.591653 0.241652 0.586413 0.242009 0.585937 0.243081 0.585937 0.245939 0.583793 0.246654 0.584984 0.247368 0.588318 0.248261 0.588795 0.248797 0.591176 0.248440 0.591415
0 0.332931 0.582364 0.332931 0.578792 0.330966 0.577839 0.334717 0.575219 0.336682 0.575457 0.336861 0.582126 0.335789 0.583555 0.334181 0.583555
0 0.305422 0.623091 0.302921 0.623568 0.302207 0.622853 0.301671 0.620710 0.300599 0.620471 0.299349 0.617852 0.300063 0.616184 0.300063 0.614279 0.300421 0.613326 0.304708 0.613326 0.305780 0.618090 0.305958 0.620948
0 0.321677 0.625235 0.315961 0.625473 0.315425 0.624044 0.315425 0.623329 0.315961 0.622615 0.316854 0.622615 0.318462 0.621186 0.318462 0.619519 0.318819 0.619042 0.321141 0.618328 0.321677 0.618328 0.321856 0.619042 0.321856 0.620710 0.321141 0.623329
0 0.318462 0.640001 0.315425 0.640001 0.313282 0.638572 0.311317 0.636429 0.311138 0.634285 0.311674 0.632856 0.312925 0.631427 0.315068 0.631427 0.316497 0.632142 0.316676 0.635476 0.317569 0.637620 0.317212 0.638811
0 0.343366 0.662507 0.344572 0.659694 0.344572 0.656479 0.343667 0.655676 0.343667 0.654872 0.342763 0.654068 0.342462 0.652863 0.340955 0.650452 0.338544 0.652863 0.336434 0.658087 0.337037 0.660096 0.338845 0.662105 0.340955 0.662507
0 0.349605 0.659983 0.348287 0.659837 0.348068 0.659251 0.348068 0.658519 0.347409 0.657494 0.347079 0.656176 0.347079 0.655590 0.347519 0.654858 0.348727 0.653540 0.349496 0.652954 0.351802 0.651636 0.354328 0.651490 0.355207 0.650757 0.355756 0.649732 0.356085 0.649440 0.358282 0.649440 0.358612 0.649732 0.359051 0.650318 0.359051 0.652515 0.358612 0.653833 0.357403 0.655444 0.356854 0.656469 0.355866 0.657640 0.354108 0.657933 0.353010 0.657933 0.352461 0.658226 0.352022 0.658519 0.351143 0.660276 0.350374 0.660716
0 0.937500 0.686458 0.953125 0.695833 0.953906 0.695833 0.960938 0.705208 0.961719 0.706250 0.963281 0.712500 0.964063 0.713542 0.964063 0.718750 0.964844 0.719792 0.964844 0.731250 0.964844 0.732292 0.963281 0.735417 0.962500 0.736458 0.969531 0.745833 0.970313 0.746875 0.970313 0.753125 0.970313 0.754167 0.968750 0.757292 0.968750 0.758333 0.965625 0.758333 0.964844 0.758333 0.952344 0.740625 0.951562 0.739583 0.947656 0.740625 0.946875 0.741667 0.928906 0.742708 0.928125 0.743750 0.924219 0.742708 0.923438 0.742708 0.922656 0.729167 0.922656 0.728125 0.920312 0.721875 0.919531 0.720833 0.920312 0.710417 0.920312 0.709375 0.921875 0.706250 0.922656 0.705208 0.926562 0.704167 0.927344 0.704167 0.931250 0.698958 0.932031 0.697917 0.934375 0.689583 0.934375 0.688542 0.937500 0.686458
0 0.351472 0.629670 0.349056 0.629670 0.347299 0.628938 0.344333 0.628938 0.343235 0.628645 0.341807 0.627766 0.341478 0.627327 0.341368 0.625862 0.340929 0.623812 0.339940 0.622494 0.339940 0.621176 0.341039 0.620005 0.342027 0.619712 0.344663 0.619712 0.345102 0.619565 0.346201 0.619712 0.348178 0.619126 0.348617 0.619126 0.349056 0.619419 0.349715 0.621323 0.349715 0.623226 0.349935 0.623812 0.350814 0.624837 0.351582 0.626155 0.352241 0.626741 0.353120 0.626741 0.353230 0.629670 0.352681 0.630402 0.352241 0.630402
0 0.357074 0.640653 0.355426 0.640653 0.354767 0.639481 0.354548 0.637431 0.354218 0.636406 0.354218 0.633184 0.354438 0.632745 0.355097 0.632452 0.357733 0.632452 0.358172 0.630695 0.358721 0.629816 0.359161 0.629523 0.361247 0.629231 0.361687 0.629377 0.363115 0.630402 0.363334 0.631134 0.363334 0.633477 0.363005 0.634063 0.362895 0.634649 0.362456 0.635088 0.361797 0.636699 0.361687 0.638456 0.361467 0.639042 0.361138 0.639481 0.360149 0.639921 0.359161 0.640214 0.358282 0.640214
0 0.377458 0.635109 0.375976 0.636098 0.374678 0.636098 0.372825 0.633380 0.370231 0.632886 0.368378 0.634121 0.366340 0.636592 0.365228 0.635851 0.363931 0.633380 0.363931 0.630662 0.364301 0.629180 0.365042 0.627450 0.366340 0.626462 0.367637 0.625721 0.376346 0.625474 0.378014 0.626462 0.379867 0.626462 0.380608 0.628191 0.380608 0.630415 0.379867 0.632639 0.379867 0.634615 0.379311 0.635604
0 0.389688 0.658829 0.380794 0.659323 0.379496 0.657840 0.378940 0.655864 0.373937 0.655617 0.371528 0.654134 0.371714 0.652158 0.372825 0.651911 0.375605 0.648946 0.378385 0.645734 0.379311 0.644992 0.380052 0.645487 0.380238 0.644498 0.382832 0.649440 0.381535 0.652652 0.381720 0.653887 0.390244 0.654134 0.390800 0.654628 0.390800 0.657346
0 0.386353 0.644498 0.380052 0.644251 0.380238 0.641780 0.381905 0.640051 0.382091 0.637827 0.382461 0.637333 0.383573 0.637333 0.384500 0.635357 0.389503 0.634121 0.389688 0.631650 0.394135 0.628933 0.394691 0.630168 0.394691 0.634368 0.394321 0.636098 0.393765 0.637086 0.391912 0.637827 0.387835 0.641039 0.387464 0.642769
0 0.390985 0.627203 0.388206 0.626956 0.387279 0.624979 0.385611 0.623497 0.385241 0.621026 0.385797 0.618803 0.384500 0.616085 0.384500 0.614602 0.384870 0.614108 0.387279 0.613367 0.388576 0.610649 0.389688 0.610649 0.391541 0.615838 0.393950 0.618803 0.393580 0.623497 0.394691 0.625474 0.395247 0.625474 0.395247 0.626709 0.392468 0.628191 0.390429 0.625226
0 0.398768 0.589648 0.393024 0.589648 0.392468 0.589401 0.391912 0.587918 0.392097 0.583718 0.392653 0.582483 0.396544 0.582236 0.398212 0.580012 0.398398 0.578529 0.400436 0.578529 0.401733 0.581494 0.402104 0.585200 0.401362 0.587918 0.400251 0.588907
0 0.358371 0.531832 0.356518 0.530597 0.355221 0.527879 0.353554 0.527632 0.352812 0.526891 0.352627 0.523926 0.353183 0.522444 0.359854 0.520220 0.360225 0.520714 0.360225 0.523185 0.360780 0.525656 0.364857 0.526891 0.364857 0.528126 0.363931 0.528373 0.363745 0.528868 0.362448 0.529609 0.359854 0.530103
0 0.401548 0.576306 0.397656 0.576059 0.395803 0.575565 0.394506 0.574576 0.394135 0.573588 0.394135 0.570376 0.393394 0.566917 0.393394 0.564693 0.393950 0.562964 0.398212 0.559505 0.398212 0.558764 0.399509 0.556787 0.400065 0.555057 0.401918 0.553822 0.403030 0.553822 0.404883 0.552587 0.406922 0.552092 0.408033 0.551104 0.408775 0.549375 0.409701 0.549869 0.409886 0.550610 0.409886 0.554316 0.408960 0.557034 0.408033 0.558516 0.408033 0.559999 0.409701 0.561234 0.409886 0.561976 0.409886 0.564199 0.410257 0.564446 0.410072 0.568894 0.408775 0.570870 0.403215 0.575812
0 0.012364 0.152386 0.007047 0.152031 0.006781 0.150968 0.007047 0.145296 0.007313 0.144587 0.009440 0.144587 0.009174 0.142815 0.008110 0.142460 0.008110 0.141042 0.008642 0.140333 0.009706 0.140333 0.009971 0.139625 0.011301 0.139625 0.014225 0.138207 0.015289 0.138207 0.015289 0.143524 0.015820 0.143524 0.016618 0.142815 0.017415 0.141042 0.017150 0.138916 0.021669 0.138561 0.023264 0.139979 0.024328 0.142106 0.024593 0.144233 0.021669 0.144587 0.021403 0.145296 0.019276 0.147068 0.019276 0.148486 0.014491 0.150259
0 0.814063 0.809375 0.815625 0.810417 0.816406 0.811458 0.818750 0.817708 0.818750 0.818750 0.826562 0.829167 0.827344 0.830208 0.825000 0.854167 0.825000 0.855208 0.822656 0.858333 0.821875 0.859375 0.817969 0.861458 0.817187 0.862500 0.810156 0.864583 0.809375 0.865625 0.793750 0.865625 0.792969 0.865625 0.791406 0.859375 0.791406 0.858333 0.794531 0.847917 0.795312 0.846875 0.790625 0.840625 0.789844 0.839583 0.789062 0.830208 0.789062 0.829167 0.796875 0.826042 0.797656 0.826042 0.800781 0.815625 0.801562 0.814583 0.814063 0.809375
0 0.036635 0.685164 0.034268 0.682008 0.031225 0.673443 0.031225 0.669836 0.032578 0.666680 0.032578 0.664877 0.033592 0.660819 0.039678 0.660819 0.042045 0.659918 0.052189 0.659918 0.052527 0.660819 0.052527 0.663524 0.051851 0.663975 0.050837 0.666680 0.048132 0.668483 0.047455 0.669836 0.044750 0.672090 0.043736 0.673893 0.043736 0.683361 0.043398 0.685164 0.041707 0.686968 0.040693 0.689222 0.037988 0.689222 0.037312 0.688771
0 0.057599 0.672541 0.055232 0.669385 0.050498 0.669385 0.049146 0.668033 0.048808 0.667131 0.048808 0.664426 0.049484 0.663073 0.052865 0.660368 0.058613 0.660368 0.058952 0.661270 0.061657 0.663524 0.064362 0.663073 0.064700 0.662623 0.064362 0.661721 0.063685 0.661721 0.062671 0.659467 0.063009 0.657663 0.064023 0.656311 0.064362 0.654057 0.064700 0.653606 0.068757 0.653606 0.069433 0.653155 0.069433 0.651352 0.070448 0.650901 0.071462 0.651803 0.071462 0.656762 0.069772 0.660368 0.070786 0.662172 0.071800 0.663073 0.071800 0.666680 0.071462 0.667582 0.070448 0.667582 0.069433 0.668483 0.068081 0.668483 0.065714 0.670287 0.065038 0.671188 0.065038 0.672992 0.064362 0.673893 0.060642 0.673893
0 0.610156 0.628125 0.623437 0.628125 0.624219 0.628125 0.631250 0.630208 0.632031 0.630208 0.641406 0.643750 0.642188 0.644792 0.641406 0.650000 0.641406 0.651042 0.630469 0.662500 0.629687 0.662500 0.623437 0.670833 0.622656 0.671875 0.616406 0.671875 0.615625 0.671875 0.614844 0.669792 0.614062 0.668750 0.603906 0.661458 0.603125 0.661458 0.600000 0.654167 0.599219 0.653125 0.600000 0.646875 0.600000 0.645833 0.601562 0.643750 0.602344 0.642708 0.603906 0.635417 0.603906 0.634375 0.610156 0.628125
0 0.091412 0.594096 0.087692 0.595899 0.087016 0.597702 0.085664 0.593645 0.084987 0.592743 0.084311 0.592743 0.082282 0.589587 0.083297 0.588235 0.083973 0.588235 0.086340 0.586432 0.086340 0.583276 0.086678 0.582825 0.089721 0.582825 0.090735 0.583276 0.092088 0.584628 0.092426 0.586432 0.093102 0.586882 0.096822 0.586882 0.097498 0.587333 0.097160 0.589587 0.094793 0.592292 0.093779 0.592292
0 0.115757 0.670738 0.111699 0.667131 0.108994 0.667131 0.107642 0.666229 0.106289 0.663524 0.106289 0.662623 0.107304 0.661270 0.111699 0.659016 0.123872 0.659016 0.124548 0.659467 0.124886 0.663073 0.121505 0.663524 0.119476 0.664426 0.118800 0.665778 0.118124 0.666229 0.117785 0.668033
0 0.124210 0.679303 0.121167 0.677500 0.121167 0.674795 0.124548 0.668033 0.125224 0.665327 0.126239 0.663975 0.127929 0.663975 0.129282 0.665327 0.129620 0.664426 0.130296 0.664426 0.130972 0.664877 0.131310 0.665778 0.131310 0.669385 0.130296 0.672090 0.128267 0.674344 0.127929 0.676148 0.127929 0.684263 0.125224 0.684263 0.124548 0.683361
0 0.261243 0.772036 0.258297 0.771643 0.257118 0.769679 0.257118 0.768893 0.257413 0.768501 0.260949 0.768501 0.261833 0.768108 0.265663 0.762608 0.266252 0.762608 0.268315 0.761036 0.268315 0.756715 0.270083 0.755536 0.272734 0.755536 0.273618 0.756715 0.273618 0.757501 0.276270 0.758679 0.275681 0.763393 0.275681 0.770072 0.275091 0.770858 0.263895 0.771251
0 0.275386 0.807786 0.269199 0.810536 0.266841 0.810536 0.265368 0.811715 0.263011 0.811715 0.261833 0.809751 0.261833 0.807001 0.262422 0.805429 0.262422 0.804251 0.264484 0.801501 0.266547 0.800715 0.267136 0.801108 0.268020 0.803858 0.269493 0.805036 0.270083 0.804644 0.270966 0.802286 0.272734 0.800322 0.272734 0.798358 0.275091 0.795608 0.277154 0.797965 0.277154 0.799536 0.278627 0.800715 0.280984 0.797965 0.280984 0.795608 0.280395 0.795608 0.279511 0.794429 0.280395 0.794429 0.281868 0.795608 0.283341 0.795608 0.285404 0.796394 0.285404 0.798358 0.283931 0.800715 0.282752 0.801501 0.280984 0.801501 0.277449 0.805036 0.276270 0.805822 0.276859 0.807394
0 0.270966 0.796786 0.270083 0.793644 0.269493 0.792858 0.269493 0.789715 0.275975 0.789322 0.276270 0.789715 0.275975 0.793251 0.275386 0.794036 0.275386 0.794822 0.273618 0.796394 0.273324 0.797179
0 0.248868 0.843929 0.245627 0.843929 0.244154 0.842751 0.242091 0.842751 0.239145 0.841179 0.237966 0.838429 0.237966 0.837251 0.237082 0.834501 0.237672 0.833715 0.240029 0.832929 0.241502 0.828608 0.245332 0.826251 0.254172 0.825858 0.254466 0.827037 0.255056 0.827429 0.255056 0.829001 0.255645 0.829787 0.258002 0.829787 0.259475 0.828215 0.259770 0.825858 0.260654 0.825072 0.263011 0.825072 0.264190 0.826644 0.265074 0.830572 0.265074 0.834894 0.263306 0.834894 0.263306 0.839608 0.253288 0.839215 0.252404 0.838822 0.250636 0.836858 0.250636 0.832144 0.247984 0.833322 0.246511 0.835679 0.244154 0.835679 0.242681 0.834894 0.242681 0.837251 0.244743 0.839608 0.246806 0.840787 0.247100 0.841572
0 0.267431 0.856108 0.267431 0.852572 0.268020 0.851001 0.268904 0.849822 0.269493 0.849822 0.269788 0.849037 0.271261 0.849822 0.273324 0.854537 0.273618 0.856501 0.275386 0.858465 0.276859 0.857287 0.277154 0.856501 0.277743 0.856501 0.278627 0.854929 0.275975 0.850215 0.275975 0.845894 0.275091 0.843929 0.274207 0.843537 0.273324 0.841965 0.273324 0.838822 0.272145 0.837251 0.270377 0.838037 0.269788 0.838822 0.268904 0.841965 0.263895 0.841965 0.262716 0.840001 0.261833 0.839608 0.260654 0.839608 0.258886 0.841572 0.258297 0.844322 0.258297 0.846679 0.260359 0.849037 0.260654 0.850608 0.260654 0.856894 0.260949 0.857679 0.261833 0.859251 0.266547 0.859251
0 0.274207 0.865930 0.275386 0.861215 0.270966 0.861215 0.268904 0.860429 0.265368 0.860429 0.264779 0.861215 0.261538 0.862787 0.258886 0.863179 0.257707 0.863965 0.257707 0.865144 0.260065 0.866322 0.263011 0.866715 0.271850 0.866322
0 0.351404 0.843929 0.348458 0.845501 0.344333 0.845501 0.343154 0.842751 0.341681 0.841179 0.341976 0.836072 0.344038 0.832537 0.345511 0.832144 0.346395 0.831358 0.346690 0.829787 0.347279 0.829787 0.348163 0.830965 0.348163 0.836072 0.347279 0.837251 0.352288 0.837251 0.353467 0.838429 0.354056 0.838429 0.354351 0.838822 0.354351 0.842751 0.354056 0.843144
0 0.350520 0.830179 0.351699 0.826251 0.351699 0.823501 0.352583 0.821144 0.352583 0.819965 0.351994 0.815251 0.349342 0.809751 0.348458 0.810144 0.347869 0.811715 0.347574 0.814465 0.347574 0.825858 0.346985 0.829394 0.348163 0.830179
0 0.360244 0.812501 0.356708 0.813286 0.353467 0.810144 0.351994 0.810144 0.350520 0.808179 0.349342 0.805036 0.347869 0.803858 0.348163 0.803072 0.349636 0.801894 0.354645 0.801501 0.357002 0.802679 0.359949 0.802679 0.359654 0.805036 0.360538 0.805429 0.362306 0.803858 0.363190 0.805036 0.363485 0.807786 0.365252 0.808965 0.365547 0.809751 0.364663 0.811322 0.363485 0.811715 0.362601 0.812894
0 0.363485 0.781858 0.359949 0.780286 0.358476 0.780286 0.357297 0.782251 0.354940 0.781858 0.354056 0.781072 0.354351 0.777929 0.356708 0.775965 0.357886 0.775572 0.358770 0.774394 0.359949 0.774001 0.361422 0.772429 0.361717 0.770465 0.364074 0.770072 0.365252 0.771251 0.365252 0.774394 0.366136 0.775965 0.366136 0.778715 0.365547 0.779894
0 0.209727 0.719153 0.205467 0.720155 0.202461 0.720155 0.200707 0.719821 0.199204 0.718819 0.198452 0.717482 0.198452 0.714142 0.199705 0.712471 0.199705 0.710467 0.200206 0.710133 0.205217 0.710133 0.208474 0.711469 0.208474 0.713140 0.209225 0.715812
0 0.104998 0.720489 0.101240 0.721825 0.099736 0.719821 0.098985 0.717817 0.098484 0.710801 0.098985 0.709799 0.099486 0.709799 0.100237 0.708797 0.100989 0.708797 0.102242 0.710467 0.102743 0.713140 0.103244 0.713808 0.104246 0.713808 0.107754 0.711803 0.108255 0.712137 0.108756 0.713474 0.108756 0.716814 0.107503 0.718485 0.107503 0.719821 0.107002 0.720823
0 0.123037 0.707461 0.119028 0.704454 0.117275 0.704454 0.115270 0.703452 0.114268 0.701447 0.114268 0.699443 0.115020 0.698441 0.116773 0.698107 0.118277 0.696102 0.119279 0.695768 0.122035 0.697773 0.125042 0.697439 0.125292 0.702450 0.124290 0.705122
0 0.051882 0.728841 0.050629 0.731513 0.049376 0.732181 0.047372 0.730177 0.046370 0.729843 0.045367 0.728507 0.044866 0.725834 0.044615 0.724452 0.044866 0.723496 0.045367 0.722827 0.046871 0.722493 0.047622 0.721825 0.048875 0.721825 0.050128 0.724832 0.050629 0.725166 0.050629 0.725834
0 0.050879 0.687083 0.048625 0.687417 0.046871 0.685078 0.046620 0.679733 0.046119 0.679065 0.045117 0.675391 0.045618 0.674388 0.046119 0.674054 0.053886 0.674054 0.053886 0.677395 0.053134 0.679399 0.053134 0.684744 0.052633 0.684744 0.052633 0.685412
0 0.810922 0.434387 0.810019 0.432782 0.809868 0.431377 0.809567 0.430775 0.809567 0.430173 0.809266 0.429571 0.808815 0.429571 0.808514 0.429170 0.808062 0.428969 0.807460 0.428367 0.807009 0.428367 0.806407 0.427564 0.806256 0.426761 0.806256 0.424955 0.806407 0.424353 0.806858 0.423751 0.807912 0.423350 0.808664 0.422346 0.809116 0.422146 0.809567 0.420942 0.809567 0.419136 0.808815 0.418132 0.805805 0.416126 0.805805 0.414119 0.806407 0.412915 0.810320 0.412915 0.811223 0.414319 0.811674 0.415925 0.812276 0.416928 0.812878 0.418534 0.813179 0.418935 0.813631 0.419336 0.814082 0.419336 0.814835 0.420139 0.815287 0.420139 0.816491 0.420741 0.816942 0.420741 0.817996 0.421343 0.819049 0.423751 0.819200 0.424353 0.819952 0.425557 0.820103 0.426159 0.820253 0.427163 0.820253 0.428367 0.820404 0.428969 0.820404 0.431778 0.819952 0.433584 0.819501 0.433785 0.818899 0.434588 0.818297 0.434989 0.813932 0.434989 0.813029 0.435391 0.812728 0.435792 0.812276 0.435993 0.811223 0.435993 0.810771 0.436193
0 0.902344 0.238542 0.908594 0.239583 0.909375 0.240625 0.909375 0.252083 0.909375 0.253125 0.919531 0.271875 0.920312 0.272917 0.920312 0.282292 0.920312 0.283333 0.922656 0.293750 0.923438 0.294792 0.923438 0.301042 0.923438 0.302083 0.919531 0.306250 0.918750 0.307292 0.917188 0.307292 0.916406 0.308333 0.909375 0.306250 0.908594 0.306250 0.896094 0.300000 0.895312 0.300000 0.885156 0.280208 0.884375 0.279167 0.885156 0.262500 0.885156 0.261458 0.882031 0.253125 0.881250 0.252083 0.881250 0.242708 0.881250 0.241667 0.883594 0.239583 0.884375 0.239583 0.887500 0.241667 0.888281 0.242708 0.894531 0.242708 0.895312 0.242708 0.902344 0.238542
0 0.372347 0.499547 0.370065 0.500223 0.366007 0.500223 0.366007 0.498871 0.367529 0.496165 0.369050 0.495489 0.369050 0.493122 0.373616 0.493122 0.374630 0.493798 0.378435 0.494136 0.380210 0.494813 0.380210 0.496842 0.381225 0.498532 0.381225 0.499209 0.379703 0.499885 0.374377 0.499885
0 0.597519 0.086205 0.596544 0.086530 0.596057 0.086530 0.594716 0.085880 0.594595 0.085230 0.594595 0.083767 0.594229 0.082467 0.594838 0.082305 0.596910 0.082305 0.597276 0.081817 0.597276 0.080355 0.598251 0.080192 0.598616 0.080517 0.598738 0.081167 0.599104 0.081980 0.599226 0.082955 0.599104 0.084417 0.598616 0.084905
0 0.483514 0.541990 0.480091 0.540849 0.475384 0.536855 0.471960 0.528296 0.471104 0.528296 0.468537 0.531149 0.467253 0.530579 0.467253 0.520879 0.470249 0.514032 0.472816 0.512321 0.474100 0.512321 0.473672 0.510609 0.477951 0.515173 0.483086 0.515173 0.483514 0.527155 0.484798 0.528867 0.486510 0.529438 0.486510 0.539708
0 0.865465 0.515553 0.859898 0.514069 0.856001 0.509615 0.855444 0.508131 0.854331 0.508131 0.852661 0.506646 0.852661 0.505904 0.851547 0.505904 0.849321 0.502935 0.848207 0.499966 0.847651 0.499966 0.847651 0.497739 0.847094 0.496997 0.847094 0.490317 0.856558 0.490317 0.858228 0.492543 0.860454 0.493286 0.863238 0.497739 0.864351 0.497739 0.864908 0.499224 0.866021 0.499224 0.867135 0.501450 0.868805 0.502193 0.869361 0.503677 0.870475 0.503677 0.872702 0.505904 0.872702 0.510358 0.870475 0.512584
0 0.884949 0.500708 0.880495 0.502935 0.877712 0.502193 0.877155 0.500708 0.877155 0.494770 0.874928 0.492543 0.874928 0.490317 0.880495 0.490317 0.880495 0.491801 0.881609 0.491801 0.883279 0.494028 0.888289 0.494028 0.888846 0.494770 0.888846 0.497739
0 0.980143 0.533367 0.976803 0.528172 0.975689 0.528172 0.975133 0.526687 0.970122 0.526687 0.969009 0.524460 0.967339 0.523718 0.965669 0.521491 0.965669 0.518522 0.979586 0.518522 0.980143 0.522976 0.980699 0.522976 0.980699 0.524460 0.981813 0.525203 0.982370 0.528172
0 0.705138 0.548212 0.700684 0.549697 0.698458 0.547470 0.697344 0.545243 0.696788 0.541532 0.697344 0.532625 0.709292 0.536850
0 0.714602 0.508131 0.712375 0.502935 0.708478 0.500708 0.708478 0.497739 0.709591 0.496255 0.712932 0.494770 0.716828 0.494770 0.720725 0.496255 0.720725 0.496997 0.724622 0.499224 0.725735 0.499224 0.725735 0.500708 0.724065 0.502193 0.718499 0.505162
0 0.745776 0.528172 0.751900 0.521491 0.753013 0.519264 0.753013 0.515553 0.752457 0.514811 0.741880 0.514811 0.741880 0.514069 0.743550 0.512584 0.748003 0.511842 0.749116 0.510358 0.753570 0.510358 0.755240 0.507388 0.757467 0.507388 0.759694 0.505904 0.761364 0.505904 0.761920 0.510358 0.762477 0.511842 0.763034 0.511842 0.763034 0.522234 0.762477 0.523718 0.758024 0.528172 0.758024 0.528914 0.756353 0.528914 0.754683 0.529656 0.754127 0.531141 0.751343 0.531141 0.749116 0.532625
0 0.721282 0.560088 0.711262 0.552666 0.711262 0.544501 0.712375 0.542274 0.715715 0.542274 0.717385 0.543759 0.717385 0.544501 0.724622 0.553408 0.724622 0.554893 0.725735 0.555635 0.725735 0.558604
0 0.786971 0.523718 0.781404 0.524460 0.776394 0.520007 0.774168 0.520007 0.772497 0.518522 0.768601 0.517780 0.767487 0.515553 0.766374 0.515553 0.761920 0.512584 0.772497 0.512584 0.774168 0.514069 0.775838 0.514069 0.776394 0.515553 0.778064 0.516296 0.779734 0.518522 0.781404 0.518522 0.783075 0.520007
0 0.617969 0.615625 0.619531 0.615625 0.620313 0.615625 0.625000 0.620833 0.625781 0.621875 0.639062 0.619792 0.639844 0.618750 0.651563 0.619792 0.652344 0.619792 0.655469 0.621875 0.656250 0.622917 0.657813 0.631250 0.657813 0.632292 0.657031 0.633333 0.656250 0.634375 0.652344 0.635417 0.651563 0.635417 0.647656 0.638542 0.646875 0.639583 0.642969 0.640625 0.642188 0.640625 0.634375 0.631250 0.633594 0.630208 0.626563 0.627083 0.625781 0.626042 0.620313 0.626042 0.619531 0.626042 0.617969 0.621875 0.617188 0.620833 0.617969 0.615625
0 0.723437 0.851042 0.728125 0.853125 0.728906 0.854167 0.728906 0.863542 0.728906 0.864583 0.717187 0.865625 0.716406 0.865625 0.715625 0.864583 0.714844 0.863542 0.714844 0.860417 0.714844 0.859375 0.723437 0.851042
0 0.939063 0.833333 0.944531 0.835417 0.945312 0.835417 0.946094 0.837500 0.946875 0.838542 0.946094 0.840625 0.946094 0.841667 0.942187 0.842708 0.941406 0.842708 0.936719 0.839583 0.935937 0.839583 0.935156 0.836458 0.935156 0.835417 0.939063 0.833333
0 0.802344 0.604167 0.804688 0.604167 0.805469 0.604167 0.807813 0.606250 0.808594 0.607292 0.808594 0.611458 0.808594 0.612500 0.806250 0.616667 0.805469 0.617708 0.798438 0.616667 0.797656 0.615625 0.798438 0.609375 0.798438 0.608333 0.802344 0.604167
0 0.759375 0.596875 0.760156 0.596875 0.760938 0.597917 0.760938 0.601042 0.760938 0.602083 0.758594 0.605208 0.757812 0.605208 0.757031 0.604167 0.756250 0.604167 0.756250 0.601042 0.756250 0.600000 0.759375 0.596875
0 0.189283 0.025202 0.186432 0.023740 0.185555 0.022571 0.184897 0.019647 0.184240 0.018770 0.184240 0.013508 0.185994 0.013508 0.188186 0.016724 0.189940 0.018478 0.190160 0.019355 0.191475 0.020524 0.191475 0.022279 0.190598 0.023156
0 0.170426 0.011462 0.169330 0.009123 0.167576 0.009123 0.165602 0.011462 0.163848 0.012631 0.160998 0.012631 0.158805 0.011169 0.156174 0.007661 0.156393 0.004445 0.158586 0.001522 0.160779 0.000645 0.165383 0.000645 0.169549 0.002984 0.171742 0.005615 0.173715 0.005615 0.174373 0.011754 0.173715 0.012339 0.172399 0.012339
0 0.137500 0.065625 0.140625 0.065625 0.141406 0.065625 0.141406 0.072917 0.141406 0.073958 0.139063 0.076042 0.138281 0.077083 0.132812 0.076042 0.132031 0.076042 0.131250 0.075000 0.133594 0.069792 0.133594 0.068750 0.137500 0.065625
0 0.124758 0.046976 0.121086 0.047588 0.119249 0.043303 0.119479 0.041773 0.122233 0.039937 0.124070 0.036876 0.124988 0.036264 0.127054 0.035958 0.127743 0.034733 0.129120 0.033815 0.129809 0.034121 0.130956 0.035652 0.131186 0.039018 0.129809 0.041161 0.126136 0.044834
0 0.464844 0.623958 0.467187 0.623958 0.467969 0.623958 0.475000 0.629167 0.475781 0.629167 0.476562 0.630208 0.477344 0.631250 0.477344 0.637500 0.477344 0.638542 0.476562 0.639583 0.475781 0.640625 0.467187 0.639583 0.466406 0.639583 0.463281 0.635417 0.462500 0.634375 0.461719 0.629167 0.460938 0.628125 0.461719 0.626042 0.462500 0.625000 0.464844 0.623958
0 0.544531 0.569792 0.548438 0.570833 0.549219 0.570833 0.550000 0.573958 0.550000 0.575000 0.545312 0.578125 0.544531 0.578125 0.543750 0.576042 0.542969 0.575000 0.542969 0.572917 0.542969 0.571875 0.544531 0.569792
0 0.841406 0.431250 0.850781 0.431250 0.851562 0.431250 0.853906 0.433333 0.854688 0.433333 0.855469 0.435417 0.856250 0.436458 0.855469 0.444792 0.855469 0.445833 0.850000 0.450000 0.849219 0.451042 0.846875 0.451042 0.846094 0.451042 0.842187 0.446875 0.841406 0.446875 0.838281 0.441667 0.837500 0.440625 0.838281 0.435417 0.838281 0.434375 0.841406 0.431250
0 0.019531 0.020833 0.021094 0.020833 0.021875 0.020833 0.025781 0.023958 0.026562 0.025000 0.028125 0.033333 0.028125 0.034375 0.017969 0.044792 0.017188 0.044792 0.010937 0.053125 0.010156 0.054167 0.007812 0.060417 0.007812 0.061458 0.005469 0.063542 0.004687 0.064583 0.002344 0.070833 0.002344 0.071875 0.000781 0.072917 0.000000 0.072917 0.000000 0.043750 0.000000 0.042708 0.003125 0.040625 0.003906 0.039583 0.007031 0.030208 0.007031 0.029167 0.009375 0.026042 0.010156 0.025000 0.012500 0.025000 0.013281 0.025000 0.019531 0.020833
0 0.642188 0.481250 0.645312 0.482292 0.646094 0.483333 0.649219 0.492708 0.649219 0.493750 0.642969 0.502083 0.642969 0.503125 0.639844 0.503125 0.639062 0.503125 0.638281 0.502083 0.637500 0.501042 0.638281 0.486458 0.638281 0.485417 0.642188 0.481250
0 0.621875 0.719792 0.625000 0.720833 0.625781 0.720833 0.626563 0.726042 0.626563 0.727083 0.623437 0.733333 0.622656 0.734375 0.617969 0.736458 0.617188 0.736458 0.616406 0.725000 0.616406 0.723958 0.621875 0.719792
0 0.714844 0.826042 0.716406 0.827083 0.717187 0.828125 0.717187 0.830208 0.717187 0.831250 0.716406 0.833333 0.715625 0.834375 0.714063 0.834375 0.713281 0.835417 0.712500 0.834375 0.711719 0.834375 0.711719 0.830208 0.711719 0.829167 0.714844 0.826042
0 0.661719 0.751042 0.667188 0.752083 0.667969 0.753125 0.667969 0.758333 0.667969 0.759375 0.666406 0.762500 0.666406 0.763542 0.664062 0.765625 0.663281 0.766667 0.660937 0.765625 0.660156 0.764583 0.659375 0.759375 0.658594 0.758333 0.659375 0.754167 0.659375 0.753125 0.661719 0.751042
0 0.676562 0.753125 0.678125 0.754167 0.678906 0.755208 0.679688 0.759375 0.680469 0.760417 0.679688 0.767708 0.678906 0.768750 0.675781 0.766667 0.675000 0.765625 0.675000 0.756250 0.675000 0.755208 0.676562 0.753125
0 0.750000 0.664583 0.751563 0.664583 0.752344 0.664583 0.753906 0.667708 0.754687 0.668750 0.753906 0.677083 0.753906 0.678125 0.752344 0.680208 0.752344 0.681250 0.750781 0.680208 0.750000 0.679167 0.749219 0.676042 0.748437 0.675000 0.748437 0.668750 0.748437 0.667708 0.750000 0.664583
0 0.794531 0.583333 0.804688 0.584375 0.805469 0.584375 0.806250 0.585417 0.807031 0.586458 0.806250 0.591667 0.806250 0.592708 0.803125 0.596875 0.802344 0.597917 0.799219 0.597917 0.798438 0.597917 0.793750 0.591667 0.792969 0.590625 0.792969 0.586458 0.792969 0.585417 0.794531 0.583333
0 0.817187 0.545833 0.823438 0.545833 0.824219 0.545833 0.825000 0.547917 0.825781 0.548958 0.825000 0.552083 0.825000 0.553125 0.822656 0.554167 0.821875 0.554167 0.819531 0.552083 0.818750 0.552083 0.817187 0.550000 0.816406 0.548958 0.817187 0.545833
0 0.810156 0.517708 0.813281 0.517708 0.814063 0.517708 0.814063 0.521875 0.814063 0.522917 0.810937 0.527083 0.810156 0.528125 0.807031 0.528125 0.806250 0.528125 0.807031 0.523958 0.807031 0.522917 0.810156 0.517708
0 0.607031 0.386458 0.610938 0.388542 0.611719 0.388542 0.612500 0.391667 0.612500 0.392708 0.610156 0.398958 0.609375 0.400000 0.603125 0.402083 0.602344 0.402083 0.596875 0.398958 0.596094 0.397917 0.596875 0.392708 0.596875 0.391667 0.607031 0.386458
0 0.429688 0.743750 0.432031 0.743750 0.432812 0.744792 0.432812 0.755208 0.432812 0.756250 0.432031 0.758333 0.431250 0.759375 0.427344 0.759375 0.426563 0.759375 0.425781 0.752083 0.425781 0.751042 0.429688 0.743750
0 0.404687 0.784375 0.406250 0.785417 0.407031 0.785417 0.407031 0.788542 0.407031 0.789583 0.403906 0.806250 0.403906 0.807292 0.400781 0.809375 0.400000 0.809375 0.398438 0.803125 0.398438 0.802083 0.402344 0.788542 0.402344 0.787500 0.404687 0.784375
0 0.453906 0.778125 0.458594 0.779167 0.459375 0.780208 0.458594 0.786458 0.458594 0.787500 0.453906 0.787500 0.453125 0.787500 0.450000 0.785417 0.449219 0.784375 0.449219 0.783333 0.449219 0.782292 0.453906 0.778125
0 0.672656 0.516667 0.676562 0.517708 0.677344 0.518750 0.678125 0.526042 0.677344 0.527083 0.674219 0.527083 0.673438 0.526042 0.672656 0.516667
0 0.669531 0.534375 0.672656 0.535417 0.673438 0.536458 0.673438 0.541667 0.673438 0.542708 0.671094 0.544792 0.670312 0.545833 0.665625 0.543750 0.664844 0.542708 0.664844 0.539583 0.664844 0.538542 0.669531 0.534375
0 0.489844 0.633333 0.493750 0.634375 0.494531 0.634375 0.498437 0.640625 0.499219 0.641667 0.498437 0.642708 0.497656 0.643750 0.485938 0.643750 0.485156 0.643750 0.485156 0.638542 0.485156 0.637500 0.489844 0.633333
0 0.514062 0.718750 0.519531 0.719792 0.520312 0.719792 0.520312 0.725000 0.520312 0.726042 0.516406 0.728125 0.515625 0.729167 0.511719 0.728125 0.510938 0.728125 0.510156 0.727083 0.510156 0.726042 0.511719 0.725000 0.512500 0.723958 0.514062 0.718750
0 0.283324 0.598938 0.283004 0.600552 0.281822 0.602128 0.279413 0.602556 0.278202 0.602128 0.276937 0.599732 0.274909 0.598934 0.273726 0.597358 0.273106 0.594546 0.273427 0.592931 0.274310 0.591754 0.275521 0.591327 0.276731 0.591754 0.277850 0.593323 0.280910 0.592924 0.282121 0.593351 0.283004 0.594528 0.283325 0.598938
0 0.233526 0.569168 0.232140 0.569504 0.230880 0.570344 0.229619 0.570512 0.228611 0.570008 0.227603 0.568328 0.227225 0.567992 0.226594 0.568328 0.226342 0.568832 0.226216 0.569336 0.226342 0.569840 0.226342 0.570681 0.225964 0.570849 0.223821 0.570849 0.223191 0.570512 0.222687 0.570512 0.221931 0.570008 0.221427 0.569000 0.221427 0.567656 0.221805 0.567488 0.220796 0.567151 0.219410 0.567151 0.219158 0.566647 0.219536 0.566143 0.220796 0.565639 0.221427 0.564462 0.221931 0.562950 0.222309 0.562782 0.223948 0.562782 0.224326 0.562950 0.225334 0.564631 0.226216 0.564631 0.227099 0.564294 0.227225 0.563790 0.226972 0.563118 0.226594 0.562614 0.225838 0.562110 0.225586 0.561606 0.225334 0.560429 0.225460 0.558917 0.225964 0.558581 0.226972 0.558581 0.227603 0.558917 0.228359 0.559589 0.228611 0.560093 0.228737 0.561270 0.229115 0.562278 0.229997 0.562782 0.231762 0.562782 0.232014 0.563286 0.232140 0.564631 0.232518 0.565135 0.234409 0.565303 0.234661 0.565807 0.234535 0.566479 0.234283 0.566983
0 0.387694 0.681034 0.387374 0.679419 0.386251 0.678029 0.383044 0.676750 0.382564 0.676750 0.381194 0.677284 0.379545 0.679695 0.377999 0.680905 0.377116 0.682082 0.376716 0.683910 0.377036 0.685524 0.377919 0.686701 0.379130 0.687128 0.380341 0.686701 0.382178 0.685104 0.383350 0.683541 0.385280 0.684253 0.386491 0.683826 0.387374 0.682649
0 0.584236 0.734755 0.583813 0.736779 0.583076 0.737898 0.582892 0.738826 0.582009 0.740003 0.580798 0.740430 0.579587 0.740003 0.578705 0.738826 0.578384 0.737211 0.578384 0.736529 0.578597 0.735456 0.577950 0.735227 0.577234 0.734409 0.576415 0.733863 0.575430 0.732549 0.575110 0.730935 0.575430 0.729320 0.576415 0.728007 0.577626 0.727580 0.578837 0.728007 0.579298 0.728621 0.580401 0.729546 0.582316 0.730872 0.583915 0.732868 0.584236 0.734755
