0 0.554688 0.000000 0.569531 0.000000 0.570312 0.000000 0.578125 0.009375 0.578906 0.010417 0.579688 0.017708 0.579688 0.018750 0.575781 0.020833 0.575000 0.021875 0.568750 0.021875 0.567969 0.021875 0.557031 0.015625 0.556250 0.015625 0.554688 0.012500 0.553906 0.011458 0.554688 0.000000
0 0.497656 0.211458 0.508594 0.213542 0.509375 0.214583 0.512500 0.213542 0.513281 0.212500 0.517969 0.212500 0.518750 0.212500 0.524219 0.220833 0.525000 0.221875 0.532031 0.226042 0.532813 0.227083 0.537500 0.228125 0.538281 0.228125 0.554688 0.239583 0.555469 0.240625 0.564844 0.241667 0.565625 0.241667 0.575000 0.246875 0.575781 0.247917 0.578125 0.247917 0.578906 0.247917 0.606250 0.268750 0.607031 0.269792 0.617969 0.272917 0.618750 0.272917 0.625781 0.277083 0.626563 0.277083 0.629687 0.283333 0.630469 0.284375 0.633594 0.298958 0.634375 0.300000 0.634375 0.310417 0.634375 0.311458 0.632812 0.314583 0.632812 0.315625 0.631250 0.317708 0.630469 0.318750 0.628906 0.318750 0.628125 0.319792 0.623437 0.318750 0.622656 0.317708 0.619531 0.318750 0.618750 0.318750 0.617188 0.321875 0.616406 0.322917 0.615625 0.331250 0.615625 0.332292 0.612500 0.339583 0.612500 0.340625 0.599219 0.356250 0.598437 0.357292 0.589063 0.360417 0.588281 0.361458 0.579688 0.359375 0.578906 0.359375 0.577344 0.361458 0.576562 0.362500 0.569531 0.365625 0.568750 0.365625 0.560156 0.380208 0.559375 0.381250 0.554688 0.381250 0.553906 0.381250 0.550000 0.378125 0.549219 0.378125 0.546875 0.362500 0.546094 0.361458 0.546875 0.356250 0.546875 0.355208 0.543750 0.347917 0.543750 0.346875 0.541406 0.344792 0.540625 0.344792 0.527344 0.328125 0.526563 0.327083 0.521094 0.323958 0.520312 0.323958 0.512500 0.311458 0.511719 0.310417 0.510938 0.296875 0.510938 0.295833 0.500781 0.271875 0.500000 0.270833 0.497656 0.261458 0.496875 0.260417 0.496094 0.241667 0.496094 0.240625 0.492969 0.231250 0.492188 0.230208 0.492969 0.219792 0.492969 0.218750 0.497656 0.211458
0 0.758594 0.705208 0.757812 0.704167 0.750781 0.672917 0.750000 0.671875 0.743750 0.662500 0.739844 0.662500 0.724219 0.676042 0.721094 0.680208 0.721094 0.681250 0.719531 0.686458 0.720313 0.687500 0.721094 0.691667 0.727344 0.700000 0.727344 0.701042 0.732812 0.717708 0.733594 0.718750 0.734153 0.719683 0.734787 0.719455 0.737500 0.719792 0.740462 0.724178 0.741104 0.724225 0.742074 0.723832 0.743410 0.724311 0.743477 0.724401 0.751563 0.725000 0.752344 0.723958 0.756250 0.720833 0.756250 0.719792 0.757812 0.716667 0.757812 0.715625
0 0.748233 0.758126 0.747545 0.751794 0.745409 0.749243 0.745541 0.740446 0.744854 0.736302 0.744424 0.735728 0.744423 0.729132 0.744754 0.727405 0.744394 0.725623 0.743410 0.724311 0.742074 0.723832 0.740625 0.724419 0.737500 0.719792 0.734787 0.719455 0.733451 0.719935 0.732467 0.721247 0.732108 0.723028 0.733977 0.733475 0.735167 0.737500 0.731250 0.737500 0.730469 0.736458 0.724219 0.732292 0.711719 0.719792 0.701562 0.717708 0.699219 0.720833 0.699219 0.723958 0.700000 0.725000 0.703906 0.735417 0.703906 0.736458 0.701562 0.740625 0.701562 0.741667 0.703125 0.746875 0.703906 0.746875 0.710938 0.753125 0.711719 0.753125 0.720313 0.758333 0.729688 0.758333 0.730469 0.757292 0.735938 0.756250 0.736719 0.757292 0.741980 0.759375 0.743298 0.761045 0.745094 0.761699 0.746889 0.761220 0.747873 0.759908
0 0.782031 0.563542 0.788281 0.566667 0.789062 0.567708 0.798438 0.564583 0.799219 0.563542 0.804688 0.564583 0.805469 0.564583 0.814063 0.579167 0.814844 0.580208 0.820312 0.583333 0.821094 0.584375 0.825000 0.592708 0.825781 0.593750 0.828125 0.602083 0.828906 0.603125 0.829688 0.616667 0.829688 0.617708 0.822656 0.631250 0.821875 0.632292 0.824219 0.639583 0.824219 0.640625 0.822656 0.643750 0.822656 0.644792 0.817187 0.651042 0.816406 0.652083 0.825000 0.668750 0.825000 0.669792 0.822656 0.672917 0.822656 0.673958 0.819531 0.675000 0.818750 0.675000 0.815625 0.679167 0.814844 0.680208 0.813281 0.687500 0.813281 0.688542 0.810937 0.693750 0.810156 0.694792 0.807031 0.694792 0.806250 0.694792 0.803125 0.697917 0.802344 0.698958 0.800000 0.698958 0.799219 0.698958 0.796875 0.695833 0.796094 0.694792 0.794531 0.685417 0.794531 0.684375 0.790625 0.671875 0.790625 0.670833 0.782813 0.654167 0.782031 0.653125 0.782813 0.634375 0.782813 0.633333 0.781250 0.631250 0.780469 0.630208 0.775781 0.629167 0.775000 0.628125 0.775781 0.621875 0.775781 0.620833 0.771094 0.611458 0.770312 0.610417 0.770312 0.606250 0.770312 0.605208 0.779687 0.587500 0.780469 0.586458 0.780469 0.581250 0.780469 0.580208 0.775000 0.571875 0.774219 0.570833 0.774219 0.568750 0.774219 0.567708 0.782031 0.563542
0 0.097656 0.358333 0.100907 0.358321 0.101562 0.359375 0.102344 0.359375 0.106250 0.363542 0.107031 0.364583 0.111719 0.366667 0.112500 0.366667 0.114851 0.367779 0.114844 0.370833 0.114844 0.378125 0.114844 0.379167 0.114826 0.386504 0.113281 0.386458 0.112500 0.387500 0.112502 0.397108 0.112498 0.398402 0.112506 0.404153 0.113281 0.404167 0.114033 0.405208 0.117188 0.411458 0.117969 0.412500 0.118681 0.418276 0.117924 0.420119 0.117878 0.421815 0.095020 0.421742 0.094531 0.420833 0.087500 0.417708 0.086719 0.417708 0.076563 0.409375 0.075781 0.408333 0.066406 0.404167 0.065625 0.404167 0.058594 0.398958 0.057813 0.397917 0.057031 0.387500 0.057031 0.386458 0.061719 0.378125 0.062500 0.377083 0.063931 0.376121 0.067187 0.376042 0.067969 0.376042 0.080469 0.367708 0.081250 0.366667 0.090625 0.364583 0.091406 0.364583 0.097656 0.358333
0 0.934375 0.176042 0.935937 0.176042 0.936719 0.176042 0.940625 0.180208 0.941406 0.181250 0.942969 0.181250 0.943750 0.182292 0.947656 0.182292 0.948438 0.182292 0.960156 0.186458 0.960938 0.187500 0.981250 0.191667 0.982031 0.191667 0.984375 0.193750 0.985156 0.194792 0.984375 0.198958 0.984375 0.200000 0.985938 0.206250 0.985938 0.207292 0.985156 0.209375 0.984375 0.210417 0.972656 0.213542 0.971875 0.214583 0.958594 0.214583 0.957812 0.214583 0.939844 0.212500 0.939063 0.212500 0.926562 0.206250 0.925781 0.206250 0.917188 0.197917 0.916406 0.197917 0.914844 0.194792 0.914062 0.193750 0.914844 0.191667 0.914844 0.190625 0.925781 0.183333 0.926562 0.183333 0.934375 0.176042
0 0.996875 0.082292 0.998437 0.082292 0.999219 0.082292 0.999219 0.101042 0.999219 0.102083 0.982031 0.107292 0.981250 0.107292 0.978125 0.109375 0.977344 0.110417 0.967969 0.113542 0.967187 0.114583 0.954688 0.115625 0.953906 0.115625 0.949219 0.112500 0.948438 0.112500 0.949219 0.107292 0.949219 0.106250 0.952344 0.102083 0.953125 0.101042 0.957031 0.098958 0.957812 0.097917 0.978906 0.088542 0.979688 0.087500 0.990625 0.085417 0.991406 0.085417 0.996875 0.082292
0 0.967187 0.025000 0.970313 0.025000 0.971094 0.025000 0.980469 0.030208 0.981250 0.031250 0.988281 0.030208 0.989062 0.030208 0.989844 0.032292 0.990625 0.033333 0.991406 0.039583 0.991406 0.040625 0.987500 0.057292 0.987500 0.058333 0.982812 0.067708 0.982812 0.068750 0.979688 0.070833 0.978906 0.071875 0.975781 0.071875 0.975000 0.072917 0.971875 0.070833 0.971094 0.070833 0.966406 0.066667 0.965625 0.066667 0.962500 0.060417 0.961719 0.059375 0.960938 0.053125 0.960938 0.052083 0.962500 0.038542 0.962500 0.037500 0.967187 0.025000
0 0.650000 0.000000 0.726562 0.001042 0.726562 0.002083 0.725000 0.004167 0.724219 0.005208 0.718750 0.008333 0.717969 0.008333 0.716406 0.011458 0.715625 0.012500 0.716406 0.027083 0.716406 0.028125 0.711719 0.033333 0.710938 0.034375 0.704688 0.033333 0.703906 0.033333 0.702344 0.035417 0.701562 0.036458 0.700781 0.041667 0.700000 0.042708 0.700000 0.053125 0.700000 0.054167 0.692969 0.061458 0.692187 0.061458 0.690625 0.059375 0.689844 0.058333 0.689063 0.050000 0.688281 0.048958 0.669531 0.047917 0.668750 0.047917 0.660156 0.042708 0.659375 0.042708 0.651563 0.035417 0.650781 0.034375 0.649219 0.028125 0.648438 0.027083 0.647656 0.017708 0.646875 0.016667 0.650000 0.000000
0 0.996875 0.312500 0.998437 0.312500 0.999219 0.312500 0.999219 0.378125 0.999219 0.379167 0.996094 0.379167 0.995313 0.379167 0.992969 0.381250 0.992188 0.382292 0.992188 0.390625 0.992188 0.391667 0.987500 0.414583 0.986719 0.415625 0.970313 0.418750 0.969531 0.418750 0.962500 0.411458 0.961719 0.410417 0.952344 0.410417 0.951562 0.410417 0.937500 0.401042 0.936719 0.400000 0.932031 0.400000 0.931250 0.400000 0.926562 0.408333 0.925781 0.409375 0.914844 0.416667 0.914062 0.417708 0.902344 0.417708 0.901563 0.417708 0.895312 0.412500 0.894531 0.411458 0.894531 0.406250 0.894531 0.405208 0.897656 0.391667 0.897656 0.390625 0.900000 0.387500 0.900781 0.386458 0.903906 0.378125 0.904687 0.377083 0.907813 0.376042 0.908594 0.376042 0.911719 0.372917 0.912500 0.371875 0.921875 0.351042 0.922656 0.350000 0.925781 0.347917 0.926562 0.346875 0.931250 0.347917 0.932031 0.348958 0.936719 0.347917 0.937500 0.347917 0.940625 0.344792 0.941406 0.343750 0.943750 0.338542 0.944531 0.337500 0.948438 0.334375 0.949219 0.333333 0.958594 0.330208 0.959375 0.330208 0.965625 0.323958 0.966406 0.322917 0.974219 0.317708 0.975000 0.316667 0.983594 0.314583 0.984375 0.313542 0.996875 0.312500
0 0.617969 0.075000 0.618750 0.075000 0.619531 0.075000 0.622656 0.081250 0.623437 0.082292 0.626563 0.101042 0.626563 0.102083 0.628125 0.105208 0.628906 0.106250 0.629687 0.106250 0.630469 0.106250 0.632031 0.103125 0.632812 0.102083 0.632812 0.097917 0.632812 0.096875 0.636719 0.080208 0.636719 0.079167 0.637500 0.078125 0.638281 0.077083 0.645312 0.077083 0.646094 0.077083 0.647656 0.079167 0.648438 0.080208 0.648438 0.085417 0.647656 0.086458 0.642969 0.086458 0.642188 0.087500 0.642969 0.127083 0.642969 0.128125 0.641406 0.134375 0.640625 0.135417 0.640625 0.141667 0.640625 0.142708 0.638281 0.147917 0.637500 0.148958 0.634375 0.148958 0.633594 0.148958 0.630469 0.139583 0.629687 0.138542 0.628125 0.123958 0.627344 0.122917 0.620313 0.126042 0.619531 0.126042 0.612500 0.131250 0.611719 0.132292 0.604688 0.132292 0.603906 0.132292 0.601562 0.129167 0.600781 0.128125 0.599219 0.118750 0.598437 0.117708 0.599219 0.103125 0.599219 0.102083 0.610938 0.081250 0.610938 0.080208 0.617969 0.075000
0 0.563281 0.069792 0.564844 0.069792 0.565625 0.069792 0.567187 0.071875 0.567969 0.072917 0.569531 0.084375 0.569531 0.085417 0.574219 0.091667 0.574219 0.092708 0.582031 0.092708 0.582812 0.092708 0.585938 0.100000 0.586719 0.101042 0.586719 0.104167 0.587500 0.105208 0.586719 0.110417 0.586719 0.111458 0.584375 0.116667 0.583594 0.117708 0.578906 0.121875 0.578125 0.122917 0.572656 0.125000 0.571875 0.125000 0.567969 0.128125 0.567187 0.129167 0.563281 0.129167 0.562500 0.129167 0.557813 0.119792 0.557031 0.118750 0.555469 0.105208 0.555469 0.104167 0.553125 0.094792 0.552344 0.093750 0.553125 0.082292 0.553125 0.081250 0.563281 0.069792
0 0.461719 0.078125 0.469531 0.078125 0.470313 0.078125 0.480469 0.086458 0.481250 0.086458 0.482031 0.088542 0.482812 0.089583 0.484375 0.107292 0.484375 0.108333 0.488281 0.113542 0.489063 0.114583 0.493750 0.109375 0.494531 0.108333 0.496094 0.108333 0.496875 0.108333 0.500781 0.113542 0.501563 0.114583 0.491406 0.141667 0.490625 0.142708 0.487500 0.144792 0.486719 0.145833 0.478125 0.146875 0.477344 0.146875 0.471094 0.152083 0.470313 0.153125 0.467969 0.153125 0.467187 0.153125 0.457813 0.139583 0.457031 0.138542 0.454688 0.134375 0.453906 0.133333 0.453125 0.122917 0.453125 0.121875 0.443750 0.112500 0.442969 0.111458 0.442188 0.106250 0.441406 0.105208 0.441406 0.102083 0.441406 0.101042 0.443750 0.094792 0.443750 0.093750 0.453906 0.083333 0.454688 0.082292 0.461719 0.078125
0 0.469531 0.043750 0.471094 0.044792 0.471875 0.044792 0.474219 0.048958 0.475000 0.050000 0.475000 0.057292 0.475000 0.058333 0.467969 0.069792 0.467187 0.070833 0.454688 0.080208 0.453906 0.080208 0.450781 0.059375 0.450781 0.058333 0.454688 0.050000 0.455469 0.048958 0.463281 0.050000 0.464062 0.050000 0.469531 0.043750
0 0.540625 0.173958 0.552344 0.173958 0.553125 0.173958 0.557813 0.178125 0.558594 0.179167 0.572656 0.186458 0.573438 0.187500 0.578125 0.187500 0.578906 0.187500 0.582031 0.184375 0.582812 0.183333 0.585938 0.183333 0.586719 0.182292 0.589063 0.183333 0.589844 0.183333 0.590625 0.187500 0.590625 0.188542 0.584375 0.203125 0.583594 0.204167 0.576562 0.208333 0.575781 0.209375 0.556250 0.214583 0.555469 0.214583 0.546094 0.220833 0.545312 0.220833 0.542969 0.226042 0.542188 0.227083 0.539844 0.227083 0.539062 0.227083 0.528125 0.221875 0.527344 0.221875 0.520312 0.212500 0.519531 0.211458 0.510938 0.207292 0.510156 0.207292 0.509375 0.205208 0.508594 0.204167 0.508594 0.197917 0.508594 0.196875 0.509375 0.192708 0.510156 0.191667 0.510156 0.184375 0.510156 0.183333 0.521875 0.178125 0.522656 0.177083 0.525781 0.177083 0.526563 0.176042 0.534375 0.178125 0.535156 0.178125 0.540625 0.173958
0 0.622656 0.232292 0.625781 0.232292 0.626563 0.232292 0.629687 0.234375 0.630469 0.234375 0.636719 0.241667 0.637500 0.241667 0.641406 0.246875 0.642188 0.247917 0.646875 0.260417 0.647656 0.261458 0.648438 0.269792 0.649219 0.270833 0.649219 0.283333 0.649219 0.284375 0.647656 0.293750 0.647656 0.294792 0.646875 0.297917 0.646875 0.298958 0.644531 0.300000 0.643750 0.300000 0.639844 0.305208 0.639062 0.306250 0.637500 0.304167 0.636719 0.303125 0.633594 0.290625 0.632812 0.289583 0.632812 0.284375 0.632812 0.283333 0.634375 0.280208 0.635156 0.279167 0.635156 0.271875 0.635156 0.270833 0.633594 0.264583 0.633594 0.263542 0.629687 0.258333 0.628906 0.257292 0.625781 0.250000 0.625781 0.248958 0.621094 0.241667 0.620313 0.240625 0.620313 0.238542 0.619531 0.237500 0.620313 0.235417 0.620313 0.234375 0.622656 0.232292
0 0.641406 0.200000 0.644531 0.205208 0.645312 0.206250 0.647656 0.205208 0.648438 0.204167 0.651563 0.205208 0.652344 0.206250 0.653125 0.216667 0.653125 0.217708 0.647656 0.225000 0.646875 0.226042 0.639844 0.232292 0.639062 0.233333 0.630469 0.233333 0.629687 0.233333 0.621875 0.228125 0.621094 0.228125 0.610938 0.218750 0.610156 0.217708 0.603906 0.216667 0.603125 0.216667 0.610938 0.211458 0.611719 0.210417 0.633594 0.205208 0.634375 0.205208 0.641406 0.200000
0 0.743750 0.310417 0.751563 0.310417 0.752344 0.310417 0.762500 0.315625 0.763281 0.316667 0.763281 0.321875 0.763281 0.322917 0.756250 0.332292 0.755469 0.333333 0.739062 0.332292 0.738281 0.332292 0.735938 0.334375 0.735156 0.335417 0.728906 0.335417 0.728125 0.335417 0.724219 0.330208 0.723437 0.329167 0.716406 0.326042 0.715625 0.326042 0.715625 0.323958 0.715625 0.322917 0.717187 0.320833 0.717187 0.319792 0.721094 0.316667 0.721875 0.315625 0.730469 0.314583 0.731250 0.314583 0.743750 0.310417
0 0.744531 0.310417 0.754687 0.311458 0.755469 0.311458 0.760938 0.314583 0.761719 0.314583 0.763281 0.318750 0.764062 0.319792 0.762500 0.323958 0.762500 0.325000 0.757812 0.331250 0.757031 0.332292 0.749219 0.334375 0.748437 0.333333 0.746094 0.335417 0.745313 0.336458 0.745313 0.346875 0.745313 0.347917 0.740625 0.354167 0.739844 0.354167 0.735156 0.348958 0.734375 0.347917 0.728906 0.345833 0.728125 0.345833 0.725781 0.342708 0.725000 0.342708 0.723437 0.340625 0.722656 0.339583 0.723437 0.331250 0.723437 0.330208 0.717187 0.327083 0.716406 0.327083 0.715625 0.323958 0.715625 0.322917 0.717969 0.318750 0.718750 0.317708 0.721875 0.316667 0.722656 0.315625 0.744531 0.310417
0 0.815625 0.331250 0.815625 0.325000 0.814844 0.323958 0.810156 0.313542 0.810156 0.306250 0.810937 0.305208 0.811719 0.303125 0.810937 0.302083 0.810937 0.300000 0.806250 0.300000 0.803125 0.303125 0.803125 0.304167 0.795312 0.318750 0.795312 0.320833 0.796094 0.321875 0.799219 0.331250 0.814844 0.332292
0 0.833209 0.310286 0.833209 0.308454 0.832790 0.306447 0.832201 0.305008 0.831326 0.303840 0.830337 0.299904 0.828865 0.297681 0.827688 0.296895 0.827001 0.296241 0.824155 0.292185 0.822747 0.291627 0.821985 0.291758 0.820341 0.291686 0.817579 0.289699 0.816402 0.288652 0.813843 0.287333 0.813163 0.286820 0.811619 0.286262 0.811619 0.285555 0.811200 0.283548 0.810317 0.282371 0.808714 0.281813 0.807307 0.282240 0.804461 0.283811 0.802891 0.286034 0.802570 0.287649 0.802570 0.288565 0.802989 0.290572 0.804264 0.292403 0.806816 0.294235 0.808386 0.295020 0.809047 0.295640 0.809047 0.296939 0.809405 0.298899 0.809273 0.298958 0.810349 0.300385 0.811560 0.300812 0.811786 0.300733 0.812423 0.301542 0.812937 0.302542 0.813281 0.302083 0.825680 0.309316 0.825855 0.310199 0.826248 0.311115 0.827130 0.312292 0.828014 0.312816 0.830108 0.313505 0.830795 0.313505 0.832006 0.313078 0.832888 0.311901 0.833209 0.310286
0 0.817969 0.109375 0.821094 0.110417 0.821875 0.110417 0.825000 0.113542 0.825781 0.114583 0.828906 0.113542 0.829688 0.113542 0.833594 0.115625 0.834375 0.116667 0.835938 0.126042 0.836719 0.127083 0.836719 0.132292 0.836719 0.133333 0.834375 0.138542 0.833594 0.139583 0.821094 0.143750 0.820312 0.143750 0.818750 0.142708 0.817969 0.142708 0.812500 0.133333 0.811719 0.132292 0.810156 0.126042 0.809375 0.125000 0.810156 0.119792 0.810156 0.118750 0.817969 0.109375
0 0.793750 0.058333 0.794531 0.058333 0.795312 0.058333 0.800781 0.067708 0.800781 0.068750 0.803125 0.070833 0.803906 0.071875 0.806250 0.081250 0.807031 0.082292 0.805469 0.102083 0.805469 0.103125 0.798438 0.109375 0.797656 0.110417 0.794531 0.109375 0.793750 0.108333 0.795312 0.097917 0.795312 0.096875 0.793750 0.088542 0.792969 0.087500 0.792969 0.080208 0.792969 0.079167 0.789844 0.069792 0.789062 0.068750 0.789062 0.064583 0.789062 0.063542 0.793750 0.058333
0 0.758594 0.139583 0.762500 0.140625 0.763281 0.140625 0.767969 0.145833 0.768750 0.146875 0.775000 0.163542 0.775781 0.164583 0.775781 0.166667 0.775781 0.167708 0.771875 0.172917 0.771094 0.173958 0.765625 0.178125 0.764844 0.179167 0.761719 0.179167 0.760938 0.179167 0.757031 0.173958 0.756250 0.172917 0.754687 0.144792 0.754687 0.143750 0.758594 0.139583
0 0.054688 0.177083 0.057813 0.177083 0.058594 0.177083 0.074219 0.187500 0.075000 0.188542 0.082812 0.189583 0.083594 0.189583 0.084375 0.194792 0.084375 0.195833 0.078125 0.207292 0.077344 0.208333 0.076563 0.213542 0.076563 0.214583 0.074219 0.216667 0.073438 0.217708 0.064844 0.221875 0.064062 0.222917 0.055469 0.222917 0.054688 0.222917 0.036719 0.218750 0.035937 0.218750 0.034375 0.215625 0.033594 0.214583 0.032031 0.203125 0.032031 0.202083 0.028906 0.195833 0.028125 0.194792 0.028906 0.188542 0.028906 0.187500 0.035937 0.181250 0.036719 0.180208 0.045312 0.180208 0.046094 0.180208 0.054688 0.177083
0 0.213281 0.230208 0.224219 0.231250 0.225000 0.231250 0.234375 0.240625 0.235156 0.241667 0.233594 0.246875 0.232813 0.247917 0.234375 0.262500 0.234375 0.263542 0.232813 0.267708 0.232031 0.268750 0.225000 0.273958 0.224219 0.275000 0.220312 0.284375 0.219531 0.285417 0.214062 0.289583 0.213281 0.290625 0.209375 0.291667 0.208594 0.291667 0.201563 0.286458 0.200781 0.286458 0.191406 0.272917 0.190625 0.271875 0.189062 0.266667 0.189062 0.265625 0.191406 0.255208 0.191406 0.254167 0.196094 0.247917 0.196875 0.246875 0.196875 0.242708 0.196875 0.241667 0.197656 0.240625 0.198437 0.239583 0.207813 0.236458 0.208594 0.236458 0.213281 0.230208
0 0.305469 0.118750 0.309375 0.121875 0.310156 0.121875 0.311719 0.127083 0.311719 0.128125 0.319531 0.141667 0.320312 0.142708 0.323437 0.153125 0.324219 0.154167 0.326562 0.168750 0.327344 0.169792 0.327344 0.180208 0.327344 0.181250 0.330469 0.205208 0.331250 0.206250 0.331250 0.220833 0.331250 0.221875 0.329688 0.227083 0.329688 0.228125 0.323437 0.241667 0.323437 0.242708 0.320312 0.245833 0.319531 0.246875 0.308594 0.238542 0.307812 0.238542 0.297656 0.228125 0.296875 0.227083 0.291406 0.205208 0.290625 0.204167 0.290625 0.192708 0.290625 0.191667 0.287500 0.173958 0.286719 0.172917 0.285156 0.155208 0.284375 0.154167 0.285156 0.148958 0.285156 0.147917 0.291406 0.140625 0.292187 0.139583 0.297656 0.123958 0.297656 0.122917 0.298438 0.121875 0.299219 0.120833 0.305469 0.118750
0 0.250000 0.070833 0.253125 0.071875 0.253906 0.071875 0.256250 0.075000 0.257031 0.076042 0.259375 0.085417 0.259375 0.086458 0.266406 0.092708 0.267188 0.093750 0.274219 0.094792 0.275000 0.095833 0.289844 0.095833 0.290625 0.095833 0.293750 0.097917 0.294531 0.097917 0.298438 0.103125 0.299219 0.104167 0.301563 0.110417 0.302344 0.111458 0.301563 0.113542 0.301563 0.114583 0.293750 0.119792 0.292969 0.120833 0.284375 0.117708 0.283594 0.116667 0.269531 0.113542 0.268750 0.112500 0.257031 0.112500 0.256250 0.112500 0.251563 0.114583 0.250781 0.115625 0.247656 0.115625 0.246875 0.115625 0.243750 0.112500 0.242969 0.111458 0.238281 0.101042 0.237500 0.100000 0.237500 0.086458 0.237500 0.085417 0.238281 0.081250 0.238281 0.080208 0.242188 0.075000 0.242969 0.073958 0.250000 0.070833
0 0.221094 0.088542 0.224219 0.088542 0.225000 0.088542 0.226562 0.091667 0.227344 0.092708 0.227344 0.100000 0.227344 0.101042 0.222656 0.110417 0.222656 0.111458 0.214844 0.121875 0.214062 0.122917 0.209375 0.134375 0.209375 0.135417 0.204687 0.140625 0.203906 0.141667 0.200000 0.141667 0.199219 0.141667 0.196094 0.133333 0.195312 0.132292 0.195312 0.127083 0.195312 0.126042 0.199219 0.115625 0.199219 0.114583 0.207813 0.105208 0.208594 0.105208 0.210938 0.101042 0.210938 0.100000 0.221094 0.088542
0 0.269531 0.323958 0.275000 0.323958 0.275781 0.323958 0.280469 0.327083 0.281250 0.328125 0.289062 0.326042 0.289844 0.325000 0.296094 0.325000 0.296875 0.325000 0.300781 0.327083 0.301563 0.327083 0.303906 0.335417 0.304688 0.336458 0.304688 0.347917 0.304688 0.348958 0.298438 0.360417 0.297656 0.361458 0.289844 0.364583 0.289062 0.364583 0.282813 0.370833 0.282031 0.371875 0.276562 0.373958 0.275781 0.375000 0.262500 0.373958 0.261719 0.373958 0.259375 0.371875 0.258594 0.371875 0.253125 0.365625 0.252344 0.364583 0.250000 0.356250 0.249219 0.355208 0.249219 0.350000 0.249219 0.348958 0.265625 0.327083 0.266406 0.326042 0.269531 0.323958
0 0.349219 0.392708 0.372656 0.392708 0.373437 0.392708 0.374219 0.394792 0.375000 0.395833 0.374219 0.407292 0.374219 0.408333 0.371875 0.415625 0.371094 0.416667 0.366406 0.437500 0.366406 0.438542 0.361719 0.446875 0.360938 0.447917 0.357812 0.448958 0.357031 0.450000 0.353125 0.450000 0.352344 0.450000 0.349219 0.444792 0.348438 0.443750 0.346094 0.445833 0.345313 0.446875 0.340625 0.446875 0.339844 0.446875 0.333594 0.440625 0.332813 0.440625 0.329688 0.435417 0.328906 0.434375 0.328906 0.415625 0.328906 0.414583 0.330469 0.411458 0.330469 0.410417 0.335156 0.403125 0.335938 0.402083 0.349219 0.392708
0 0.485156 0.316667 0.500781 0.318750 0.501563 0.317708 0.504687 0.319792 0.505469 0.319792 0.510938 0.326042 0.511719 0.327083 0.511719 0.333333 0.511719 0.334375 0.510156 0.335417 0.509375 0.336458 0.500781 0.335417 0.500000 0.335417 0.496094 0.344792 0.495312 0.345833 0.489844 0.347917 0.489063 0.348958 0.488281 0.355208 0.488281 0.356250 0.482031 0.369792 0.481250 0.370833 0.470313 0.370833 0.469531 0.370833 0.464844 0.366667 0.464062 0.365625 0.463281 0.350000 0.463281 0.348958 0.460938 0.340625 0.460938 0.339583 0.457031 0.335417 0.456250 0.334375 0.455469 0.325000 0.455469 0.323958 0.457813 0.320833 0.458594 0.319792 0.465625 0.322917 0.466406 0.323958 0.471094 0.323958 0.471875 0.323958 0.485156 0.316667
0 0.160938 0.408333 0.180469 0.413542 0.181250 0.414583 0.190625 0.414583 0.191406 0.414583 0.200000 0.416667 0.200781 0.416667 0.202344 0.417708 0.203125 0.418750 0.203906 0.423958 0.203906 0.425000 0.202344 0.429167 0.201563 0.430208 0.198437 0.431250 0.197656 0.432292 0.181250 0.433333 0.180469 0.433333 0.175000 0.431250 0.174219 0.431250 0.162500 0.423958 0.161719 0.422917 0.160938 0.419792 0.160156 0.418750 0.160938 0.408333
0 0.032813 0.344792 0.032031 0.343750 0.032031 0.325000 0.025781 0.314583 0.027344 0.292708 0.026562 0.291667 0.021875 0.288542 0.014063 0.289583 0.013281 0.288542 0.008594 0.276042 0.002344 0.269792 0.000000 0.269792 0.000781 0.483333 0.001563 0.482292 0.006250 0.469792 0.016406 0.458333 0.016406 0.457292 0.019531 0.448958 0.020313 0.440625 0.022656 0.436458 0.021094 0.417708 0.027344 0.409375 0.028125 0.390625 0.028906 0.389583 0.032031 0.381250 0.032031 0.380208
0 0.064062 0.308333 0.069531 0.311458 0.070312 0.311458 0.072656 0.314583 0.073438 0.315625 0.079687 0.319792 0.080469 0.319792 0.089844 0.336458 0.089844 0.337500 0.092188 0.340625 0.092969 0.341667 0.098437 0.344792 0.099219 0.345833 0.098437 0.348958 0.098437 0.350000 0.087500 0.361458 0.086719 0.362500 0.083594 0.363542 0.082812 0.364583 0.066406 0.364583 0.065625 0.365625 0.049219 0.365625 0.048438 0.365625 0.044531 0.362500 0.043750 0.361458 0.043750 0.356250 0.043750 0.355208 0.047656 0.351042 0.048438 0.350000 0.045312 0.344792 0.044531 0.343750 0.041406 0.343750 0.040625 0.343750 0.037500 0.335417 0.036719 0.334375 0.035937 0.326042 0.035937 0.325000 0.044531 0.315625 0.045312 0.314583 0.047656 0.313542 0.048438 0.313542 0.051562 0.315625 0.052344 0.315625 0.056250 0.312500 0.057031 0.311458 0.064062 0.308333
0 0.183837 0.324808 0.183313 0.321970 0.181884 0.320064 0.179201 0.319143 0.176563 0.315625 0.175781 0.315625 0.170313 0.312500 0.166406 0.306250 0.165625 0.306250 0.163017 0.303932 0.162987 0.301795 0.164244 0.299653 0.165117 0.295882 0.165292 0.291917 0.164768 0.289313 0.163339 0.287406 0.161386 0.286708 0.158033 0.287640 0.155903 0.290479 0.155030 0.298408 0.152784 0.299536 0.151355 0.301443 0.150847 0.304123 0.149219 0.305208 0.141406 0.305208 0.141406 0.306250 0.139844 0.310417 0.139844 0.315625 0.140625 0.316667 0.142969 0.323958 0.146875 0.329167 0.146875 0.330208 0.150781 0.340625 0.150781 0.350000 0.152344 0.352083 0.157031 0.352083 0.162500 0.341667 0.162500 0.322917 0.164844 0.319792 0.169531 0.319792 0.175556 0.325494 0.175848 0.326945 0.177977 0.329318 0.179930 0.330016 0.181884 0.329318 0.183313 0.327412
0 0.126562 0.272917 0.132031 0.272917 0.132812 0.272917 0.136719 0.277083 0.137500 0.278125 0.137500 0.293750 0.137500 0.294792 0.135937 0.298958 0.135937 0.300000 0.134375 0.301042 0.133594 0.302083 0.128906 0.298958 0.128125 0.297917 0.121094 0.283333 0.120313 0.282292 0.120313 0.279167 0.120313 0.278125 0.126562 0.272917
0 0.000000 0.226042 0.000781 0.226042 0.001563 0.226042 0.006250 0.231250 0.007031 0.232292 0.016406 0.233333 0.017188 0.233333 0.020313 0.236458 0.021094 0.237500 0.023438 0.248958 0.023438 0.250000 0.027344 0.257292 0.028125 0.258333 0.028125 0.263542 0.028125 0.264583 0.025781 0.266667 0.025000 0.266667 0.021875 0.272917 0.021094 0.273958 0.017188 0.275000 0.016406 0.275000 0.009375 0.270833 0.008594 0.269792 0.000781 0.269792 0.000000 0.269792 0.000000 0.226042
0 0.193750 0.166667 0.196875 0.166667 0.197656 0.166667 0.203125 0.172917 0.203906 0.173958 0.203125 0.182292 0.203125 0.183333 0.200000 0.188542 0.200000 0.189583 0.188281 0.206250 0.187500 0.207292 0.175000 0.217708 0.174219 0.217708 0.171094 0.225000 0.170313 0.226042 0.162500 0.228125 0.161719 0.228125 0.157812 0.221875 0.157031 0.220833 0.155469 0.213542 0.154688 0.212500 0.155469 0.206250 0.155469 0.205208 0.160156 0.194792 0.160156 0.193750 0.176563 0.175000 0.177344 0.173958 0.184375 0.176042 0.185156 0.176042 0.193750 0.166667
0 0.119376 0.205727 0.118750 0.208959 0.117670 0.208959 0.116723 0.206693 0.113518 0.202419 0.110759 0.201218 0.108436 0.201218 0.105096 0.202161 0.100839 0.204484 0.099290 0.205516 0.098021 0.207209 0.097700 0.208824 0.098021 0.212502 0.100065 0.215744 0.101663 0.216171 0.104522 0.215397 0.111963 0.215397 0.113170 0.215671 0.114841 0.218157 0.113281 0.218750 0.110937 0.222917 0.110156 0.229167 0.107813 0.232292 0.104688 0.233333 0.103906 0.234375 0.086719 0.232292 0.082031 0.228125 0.081250 0.223958 0.080469 0.222917 0.079687 0.215625 0.082812 0.205208 0.082812 0.204167 0.087500 0.200000 0.090625 0.191667 0.090625 0.190625 0.095312 0.187500 0.103906 0.188542 0.114844 0.198958 0.119061 0.199895 0.119569 0.201753 0.119569 0.204752
0 0.617188 0.681250 0.624219 0.682292 0.625000 0.682292 0.628906 0.686458 0.629687 0.687500 0.633594 0.697917 0.633594 0.698958 0.640625 0.708333 0.641406 0.709375 0.644531 0.722917 0.644531 0.723958 0.645312 0.725000 0.646094 0.726042 0.650781 0.727083 0.651563 0.728125 0.653906 0.737500 0.653906 0.738542 0.650000 0.744792 0.650000 0.745833 0.646875 0.747917 0.646094 0.747917 0.637500 0.760417 0.636719 0.761458 0.635156 0.762500 0.634375 0.763542 0.631250 0.763542 0.630469 0.763542 0.628125 0.767708 0.628125 0.768750 0.623437 0.770833 0.622656 0.770833 0.617188 0.778125 0.616406 0.779167 0.607812 0.784375 0.607031 0.785417 0.600781 0.786458 0.600000 0.786458 0.593750 0.782292 0.592969 0.781250 0.589063 0.770833 0.589063 0.769792 0.580469 0.759375 0.579688 0.758333 0.585156 0.741667 0.585156 0.740625 0.578906 0.727083 0.578125 0.726042 0.578125 0.722917 0.578125 0.721875 0.582812 0.714583 0.583594 0.713542 0.595313 0.713542 0.596094 0.713542 0.607812 0.694792 0.608594 0.693750 0.610156 0.686458 0.610156 0.685417 0.617188 0.681250
0 0.035937 0.700000 0.040625 0.701042 0.041406 0.701042 0.043750 0.703125 0.044531 0.703125 0.052344 0.717708 0.052344 0.718750 0.063281 0.732292 0.064062 0.733333 0.064844 0.737500 0.065625 0.738542 0.065625 0.767708 0.065625 0.768750 0.057813 0.782292 0.057031 0.783333 0.056250 0.793750 0.056250 0.794792 0.052344 0.797917 0.051562 0.798958 0.044531 0.802083 0.043750 0.802083 0.032813 0.815625 0.032031 0.816667 0.028906 0.817708 0.028125 0.817708 0.024219 0.813542 0.023438 0.812500 0.018750 0.802083 0.018750 0.801042 0.017969 0.800000 0.017188 0.798958 0.013281 0.797917 0.012500 0.797917 0.007812 0.789583 0.007031 0.788542 0.000781 0.768750 0.000000 0.768750 0.000000 0.754167 0.000000 0.753125 0.000781 0.753125 0.001563 0.753125 0.008594 0.742708 0.009375 0.741667 0.014063 0.741667 0.014844 0.741667 0.025781 0.746875 0.026562 0.745833 0.026562 0.737500 0.026562 0.736458 0.027344 0.732292 0.028125 0.731250 0.030469 0.707292 0.030469 0.706250 0.032031 0.703125 0.032813 0.702083 0.035937 0.700000
0 0.046094 0.601042 0.056250 0.601042 0.057031 0.601042 0.061719 0.605208 0.062500 0.605208 0.064062 0.610417 0.064844 0.611458 0.064062 0.620833 0.064062 0.621875 0.055469 0.629167 0.054688 0.629167 0.046094 0.642708 0.045312 0.643750 0.039062 0.645833 0.038281 0.646875 0.033594 0.645833 0.032813 0.645833 0.028125 0.639583 0.027344 0.638542 0.017188 0.630208 0.016406 0.629167 0.017188 0.622917 0.017188 0.621875 0.019531 0.618750 0.020313 0.617708 0.031250 0.608333 0.032031 0.607292 0.046094 0.601042
0 0.000000 0.621875 0.002344 0.622917 0.003125 0.623958 0.006250 0.632292 0.007031 0.633333 0.007812 0.640625 0.007812 0.641667 0.012500 0.657292 0.013281 0.658333 0.014063 0.678125 0.014844 0.679167 0.013281 0.708333 0.013281 0.709375 0.010156 0.736458 0.010156 0.737500 0.007031 0.743750 0.007031 0.744792 0.001563 0.750000 0.000781 0.751042 0.000000 0.621875
0 0.008594 0.634375 0.009375 0.634375 0.010156 0.634375 0.014844 0.639583 0.015625 0.640625 0.019531 0.641667 0.020313 0.641667 0.028906 0.647917 0.029687 0.648958 0.042969 0.650000 0.043750 0.650000 0.051562 0.661458 0.052344 0.662500 0.047656 0.669792 0.046875 0.670833 0.046094 0.680208 0.046094 0.681250 0.042188 0.683333 0.041406 0.683333 0.035937 0.679167 0.035156 0.679167 0.022656 0.683333 0.021875 0.684375 0.016406 0.684375 0.015625 0.684375 0.013281 0.659375 0.013281 0.658333 0.010156 0.650000 0.009375 0.648958 0.008594 0.640625 0.007812 0.639583 0.008594 0.634375
0 0.074219 0.723958 0.079687 0.725000 0.080469 0.725000 0.088281 0.731250 0.089063 0.731250 0.093750 0.738542 0.094531 0.739583 0.098437 0.754167 0.098437 0.755208 0.101562 0.761458 0.101562 0.762500 0.109375 0.769792 0.110156 0.770833 0.110156 0.771875 0.110156 0.772917 0.103125 0.783333 0.102344 0.784375 0.099219 0.798958 0.098437 0.800000 0.096094 0.801042 0.095312 0.801042 0.092969 0.798958 0.092188 0.798958 0.089063 0.793750 0.089063 0.792708 0.082812 0.785417 0.082031 0.784375 0.075000 0.762500 0.075000 0.761458 0.068750 0.746875 0.067969 0.745833 0.067969 0.740625 0.067969 0.739583 0.065625 0.731250 0.065625 0.730208 0.074219 0.723958
0 0.074219 0.801042 0.073438 0.796875 0.068750 0.790625 0.067969 0.790625 0.064844 0.787500 0.062500 0.787500 0.061719 0.788542 0.058594 0.790625 0.058594 0.791667 0.052344 0.800000 0.051562 0.800000 0.045312 0.803125 0.033594 0.817708 0.028125 0.819792 0.027344 0.818750 0.025781 0.818750 0.022656 0.814583 0.022656 0.813542 0.014844 0.801042 0.014063 0.801042 0.010156 0.798958 0.009375 0.797917 0.008594 0.793750 0.005469 0.788542 0.001563 0.783333 0.000000 0.783333 0.000000 0.864583 0.032813 0.864583 0.033594 0.863542 0.035937 0.863542 0.037500 0.861458 0.037500 0.860417 0.039062 0.856250 0.053906 0.859375 0.054688 0.858333 0.057813 0.856250 0.060937 0.851042 0.063090 0.851042 0.065625 0.845029 0.065625 0.833333 0.066406 0.832292 0.071875 0.815625 0.071875 0.814583
0 0.226562 0.816667 0.230469 0.816667 0.231250 0.816667 0.233594 0.818750 0.234375 0.819792 0.235937 0.825000 0.236719 0.826042 0.236719 0.832292 0.237500 0.833333 0.237500 0.838542 0.237500 0.839583 0.235156 0.851042 0.235156 0.852083 0.231250 0.863542 0.231250 0.864583 0.225781 0.863542 0.225000 0.863542 0.217969 0.852083 0.217188 0.851042 0.211719 0.828125 0.210938 0.827083 0.210938 0.822917 0.210938 0.821875 0.221094 0.820833 0.221875 0.820833 0.226562 0.816667
0 0.150000 0.716667 0.165625 0.716667 0.166406 0.716667 0.167969 0.718750 0.168750 0.719792 0.173437 0.734375 0.173437 0.735417 0.176563 0.737500 0.177344 0.738542 0.178125 0.751042 0.178125 0.752083 0.175781 0.757292 0.175781 0.758333 0.169531 0.766667 0.168750 0.767708 0.166406 0.768750 0.165625 0.769792 0.160938 0.769792 0.160156 0.769792 0.155469 0.767708 0.154688 0.766667 0.153125 0.762500 0.153125 0.761458 0.147656 0.752083 0.146875 0.751042 0.146875 0.735417 0.146094 0.734375 0.134375 0.733333 0.133594 0.733333 0.129688 0.728125 0.128906 0.727083 0.129688 0.723958 0.130469 0.722917 0.136719 0.720833 0.137500 0.719792 0.146094 0.720833 0.146875 0.720833 0.150000 0.716667
0 0.229687 0.700000 0.229687 0.693750 0.228906 0.692708 0.221875 0.675000 0.215625 0.668750 0.212500 0.668750 0.209375 0.670833 0.205469 0.677083 0.189844 0.682292 0.188281 0.684375 0.189062 0.695833 0.188281 0.696875 0.187893 0.700501 0.184689 0.704686 0.182895 0.705296 0.177965 0.705296 0.176754 0.705724 0.175871 0.706901 0.175550 0.708897 0.175871 0.710512 0.177899 0.713216 0.179110 0.713643 0.183117 0.713643 0.185474 0.712834 0.190913 0.709780 0.191566 0.708910 0.193489 0.707872 0.195197 0.705977 0.197656 0.706250 0.206250 0.715625 0.225781 0.717708 0.228906 0.714583 0.228906 0.710417 0.225781 0.704167 0.226562 0.703125
0 0.210938 0.520833 0.217188 0.522917 0.217969 0.523958 0.210938 0.552083 0.210156 0.553125 0.212500 0.590625 0.212500 0.591667 0.210938 0.594792 0.210156 0.595833 0.201563 0.601042 0.200781 0.602083 0.192969 0.603125 0.192188 0.603125 0.189062 0.601042 0.188281 0.600000 0.185938 0.592708 0.185156 0.591667 0.184375 0.584375 0.184375 0.583333 0.185938 0.579167 0.185938 0.578125 0.178906 0.569792 0.178125 0.569792 0.178125 0.565625 0.178125 0.564583 0.181250 0.557292 0.182031 0.556250 0.185938 0.539583 0.185938 0.538542 0.187500 0.536458 0.188281 0.535417 0.192969 0.533333 0.193750 0.533333 0.199219 0.528125 0.200000 0.527083 0.210938 0.520833
0 0.133594 0.563542 0.138281 0.565625 0.139063 0.566667 0.142969 0.586458 0.143750 0.587500 0.157812 0.586458 0.158594 0.586458 0.163281 0.581250 0.164062 0.580208 0.171094 0.576042 0.171875 0.576042 0.176563 0.570833 0.177344 0.569792 0.183594 0.576042 0.184375 0.576042 0.185938 0.580208 0.185938 0.581250 0.185156 0.582292 0.184375 0.583333 0.181250 0.582292 0.180469 0.582292 0.173437 0.591667 0.172656 0.592708 0.170313 0.598958 0.170313 0.600000 0.166406 0.604167 0.165625 0.604167 0.160156 0.613542 0.160156 0.614583 0.154688 0.616667 0.153906 0.617708 0.150781 0.617708 0.150000 0.617708 0.145313 0.614583 0.144531 0.613542 0.135937 0.610417 0.135156 0.609375 0.131250 0.609375 0.130469 0.608333 0.119531 0.610417 0.118750 0.610417 0.117188 0.609375 0.116406 0.608333 0.114844 0.601042 0.114844 0.600000 0.118750 0.596875 0.119531 0.596875 0.124219 0.589583 0.125000 0.588542 0.126562 0.569792 0.126562 0.568750 0.128125 0.566667 0.128906 0.565625 0.133594 0.563542
0 0.242969 0.477083 0.250000 0.482292 0.250781 0.483333 0.258594 0.483333 0.259375 0.483333 0.260937 0.485417 0.261719 0.486458 0.261719 0.490625 0.261719 0.491667 0.257031 0.497917 0.256250 0.498958 0.254688 0.504167 0.254688 0.505208 0.248438 0.511458 0.247656 0.512500 0.241406 0.528125 0.241406 0.529167 0.236719 0.535417 0.236719 0.536458 0.228906 0.536458 0.228125 0.536458 0.221094 0.539583 0.220312 0.540625 0.218750 0.539583 0.217969 0.538542 0.217969 0.528125 0.217969 0.527083 0.221094 0.519792 0.221875 0.518750 0.221875 0.515625 0.221875 0.514583 0.223438 0.512500 0.224219 0.511458 0.230469 0.508333 0.231250 0.507292 0.232813 0.497917 0.232813 0.496875 0.235937 0.493750 0.236719 0.492708 0.238281 0.488542 0.239063 0.487500 0.240625 0.479167 0.240625 0.478125 0.242969 0.477083
0 0.213281 0.462500 0.220312 0.463542 0.221094 0.463542 0.224219 0.468750 0.225000 0.469792 0.225000 0.472917 0.225000 0.473958 0.217969 0.491667 0.217188 0.492708 0.212500 0.492708 0.211719 0.492708 0.210156 0.490625 0.209375 0.490625 0.204687 0.484375 0.203906 0.483333 0.202344 0.478125 0.201563 0.477083 0.203906 0.470833 0.203906 0.469792 0.206250 0.466667 0.207031 0.465625 0.213281 0.462500
0 0.140625 0.508333 0.142969 0.508333 0.143750 0.508333 0.145313 0.510417 0.146094 0.511458 0.146094 0.514583 0.146094 0.515625 0.150000 0.528125 0.150781 0.529167 0.150781 0.537500 0.150781 0.538542 0.145313 0.545833 0.144531 0.546875 0.142187 0.547917 0.141406 0.548958 0.130469 0.548958 0.129688 0.548958 0.128906 0.542708 0.128906 0.541667 0.130469 0.537500 0.131250 0.536458 0.134375 0.520833 0.134375 0.519792 0.138281 0.511458 0.138281 0.510417 0.140625 0.508333
0 0.083594 0.508333 0.087500 0.509375 0.088281 0.509375 0.096875 0.517708 0.097656 0.518750 0.102344 0.536458 0.103125 0.537500 0.103125 0.546875 0.103125 0.547917 0.101562 0.551042 0.100781 0.552083 0.095312 0.556250 0.094531 0.557292 0.090625 0.567708 0.089844 0.568750 0.072656 0.583333 0.071875 0.583333 0.071094 0.582292 0.070312 0.581250 0.070312 0.576042 0.070312 0.575000 0.075781 0.552083 0.076563 0.551042 0.075781 0.536458 0.075781 0.535417 0.071875 0.523958 0.071875 0.522917 0.075000 0.514583 0.075781 0.513542 0.083594 0.508333
0 0.012500 0.568750 0.014063 0.568750 0.014844 0.568750 0.023438 0.575000 0.024219 0.576042 0.028906 0.575000 0.029687 0.575000 0.035156 0.578125 0.035937 0.578125 0.038281 0.582292 0.038281 0.583333 0.042969 0.588542 0.043750 0.589583 0.045312 0.597917 0.045312 0.598958 0.031250 0.606250 0.030469 0.606250 0.022656 0.613542 0.021875 0.614583 0.017969 0.614583 0.017188 0.614583 0.009375 0.611458 0.008594 0.611458 0.000781 0.601042 0.000000 0.601042 0.000000 0.577083 0.000000 0.576042 0.001563 0.576042 0.002344 0.576042 0.005469 0.580208 0.006250 0.580208 0.008594 0.577083 0.009375 0.576042 0.010937 0.570833 0.010937 0.569792 0.012500 0.568750
0 0.067187 0.483333 0.072656 0.485417 0.073438 0.486458 0.075000 0.494792 0.075781 0.495833 0.073438 0.509375 0.073438 0.510417 0.069531 0.516667 0.068750 0.517708 0.068750 0.522917 0.068750 0.523958 0.067187 0.527083 0.067187 0.528125 0.062500 0.534375 0.061719 0.535417 0.059375 0.536458 0.058594 0.537500 0.058594 0.543750 0.058594 0.544792 0.060937 0.552083 0.061719 0.553125 0.060937 0.558333 0.060937 0.559375 0.055469 0.561458 0.054688 0.561458 0.053125 0.563542 0.052344 0.564583 0.051562 0.568750 0.051562 0.569792 0.048438 0.576042 0.047656 0.577083 0.045312 0.577083 0.044531 0.577083 0.039062 0.572917 0.038281 0.571875 0.033594 0.570833 0.032813 0.570833 0.030469 0.566667 0.029687 0.565625 0.028906 0.555208 0.028906 0.554167 0.025000 0.544792 0.024219 0.543750 0.024219 0.540625 0.023438 0.539583 0.026562 0.537500 0.027344 0.537500 0.032031 0.531250 0.032813 0.530208 0.037500 0.511458 0.037500 0.510417 0.042188 0.505208 0.042969 0.504167 0.046094 0.496875 0.046875 0.495833 0.060156 0.486458 0.060937 0.485417 0.067187 0.483333
0 0.128125 0.484375 0.132031 0.484375 0.132812 0.484375 0.135937 0.487500 0.136719 0.488542 0.136719 0.492708 0.136719 0.493750 0.132812 0.500000 0.132031 0.501042 0.128906 0.501042 0.128125 0.501042 0.124219 0.496875 0.123438 0.495833 0.124219 0.489583 0.124219 0.488542 0.128125 0.484375
0 0.118750 0.511458 0.123438 0.512500 0.124219 0.513542 0.124219 0.518750 0.124219 0.519792 0.121875 0.531250 0.121875 0.532292 0.115625 0.540625 0.114844 0.541667 0.110937 0.541667 0.110156 0.541667 0.108594 0.539583 0.107813 0.538542 0.107813 0.535417 0.107813 0.534375 0.110156 0.530208 0.110937 0.529167 0.113281 0.517708 0.113281 0.516667 0.118750 0.511458
0 0.195312 0.492708 0.199219 0.492708 0.200000 0.492708 0.207031 0.502083 0.207813 0.503125 0.208594 0.512500 0.207813 0.513542 0.203125 0.512500 0.202344 0.512500 0.197656 0.507292 0.196875 0.506250 0.194531 0.498958 0.193750 0.497917 0.195312 0.492708
0 0.121413 0.673381 0.120719 0.669983 0.120410 0.669458 0.120039 0.668170 0.119793 0.667841 0.118934 0.665564 0.117690 0.663112 0.116979 0.660804 0.116138 0.659342 0.116044 0.658877 0.115449 0.657744 0.113000 0.654591 0.110877 0.653780 0.110112 0.653780 0.108159 0.654478 0.105878 0.657292 0.103906 0.657292 0.103125 0.656250 0.097656 0.645833 0.091406 0.637500 0.090625 0.637500 0.085938 0.633333 0.081250 0.633333 0.078125 0.646875 0.078125 0.647917 0.080469 0.655208 0.080469 0.659375 0.079687 0.660417 0.073438 0.665625 0.073438 0.666667 0.070312 0.672917 0.070312 0.680208 0.064062 0.688542 0.064062 0.689583 0.060937 0.695833 0.060937 0.700000 0.061719 0.700000 0.071875 0.702083 0.072656 0.703125 0.077344 0.712500 0.078125 0.713542 0.085156 0.720833 0.085938 0.720833 0.098437 0.722917 0.099219 0.721875 0.102344 0.721875 0.103125 0.720833 0.110937 0.714583 0.111719 0.713542 0.115625 0.705208 0.115625 0.697917 0.114844 0.696875 0.114844 0.694792 0.112500 0.691667 0.112500 0.686458 0.113281 0.685417 0.114844 0.679167 0.115625 0.678125 0.115828 0.677990 0.117506 0.678589 0.119460 0.677891 0.120889 0.675985
0 0.653906 0.614583 0.670312 0.619792 0.671094 0.620833 0.680469 0.620833 0.681250 0.620833 0.683594 0.625000 0.684375 0.626042 0.684375 0.630208 0.683594 0.631250 0.687500 0.638542 0.688281 0.639583 0.689063 0.650000 0.689063 0.651042 0.686719 0.656250 0.685937 0.657292 0.678906 0.684375 0.678125 0.685417 0.668750 0.686458 0.667969 0.685417 0.667969 0.673958 0.667969 0.672917 0.661719 0.659375 0.660937 0.658333 0.659375 0.648958 0.658594 0.647917 0.657813 0.630208 0.657813 0.629167 0.654687 0.626042 0.653906 0.626042 0.650781 0.620833 0.650000 0.619792 0.650000 0.618750 0.650000 0.617708 0.653906 0.614583
0 0.481250 0.703125 0.498437 0.706250 0.499219 0.706250 0.503125 0.710417 0.503906 0.711458 0.508594 0.713542 0.509375 0.714583 0.514844 0.713542 0.515625 0.713542 0.520312 0.710417 0.521094 0.709375 0.525000 0.709375 0.525781 0.709375 0.532031 0.714583 0.532813 0.715625 0.539844 0.716667 0.540625 0.716667 0.549219 0.728125 0.550000 0.729167 0.558594 0.747917 0.559375 0.748958 0.560937 0.756250 0.561719 0.757292 0.561719 0.770833 0.561719 0.771875 0.557813 0.771875 0.557031 0.771875 0.541406 0.761458 0.540625 0.761458 0.516406 0.741667 0.515625 0.740625 0.510156 0.737500 0.509375 0.737500 0.503906 0.732292 0.503125 0.731250 0.478906 0.714583 0.478125 0.714583 0.477344 0.713542 0.476562 0.712500 0.476562 0.709375 0.476562 0.708333 0.477344 0.706250 0.478125 0.705208 0.481250 0.703125
0 0.494531 0.664583 0.497656 0.664583 0.498437 0.664583 0.507031 0.671875 0.507812 0.672917 0.511719 0.685417 0.511719 0.686458 0.514844 0.690625 0.515625 0.691667 0.521094 0.704167 0.521875 0.705208 0.520312 0.709375 0.519531 0.710417 0.517188 0.711458 0.516406 0.712500 0.508594 0.713542 0.507812 0.713542 0.506250 0.712500 0.505469 0.712500 0.502344 0.706250 0.501563 0.705208 0.485938 0.703125 0.485156 0.702083 0.483594 0.694792 0.483594 0.693750 0.478906 0.684375 0.478125 0.683333 0.478125 0.680208 0.478125 0.679167 0.483594 0.672917 0.484375 0.671875 0.494531 0.664583
0 0.535937 0.657292 0.537500 0.658333 0.538281 0.659375 0.550781 0.683333 0.551562 0.684375 0.551562 0.688542 0.551562 0.689583 0.548438 0.695833 0.547656 0.696875 0.544531 0.709375 0.544531 0.710417 0.541406 0.711458 0.540625 0.712500 0.530469 0.710417 0.529687 0.710417 0.525000 0.706250 0.524219 0.706250 0.521875 0.700000 0.521094 0.698958 0.521094 0.686458 0.521094 0.685417 0.522656 0.681250 0.522656 0.680208 0.525000 0.675000 0.525000 0.673958 0.529687 0.668750 0.530469 0.667708 0.530469 0.665625 0.530469 0.664583 0.532813 0.660417 0.532813 0.659375 0.535937 0.657292
0 0.932031 0.720833 0.932031 0.719792 0.930469 0.715625 0.929688 0.715625 0.925781 0.711458 0.925000 0.711458 0.917188 0.705208 0.916406 0.705208 0.902344 0.696875 0.880469 0.696875 0.879687 0.697917 0.875000 0.698958 0.874219 0.697917 0.872656 0.697917 0.868750 0.692708 0.867969 0.692708 0.864844 0.690625 0.846875 0.689583 0.839844 0.692708 0.826562 0.706250 0.826562 0.707292 0.825000 0.712500 0.825781 0.713542 0.826562 0.721875 0.828906 0.725000 0.829688 0.725000 0.840625 0.730208 0.843750 0.735417 0.844531 0.735417 0.849219 0.738542 0.860938 0.738542 0.861719 0.737500 0.864062 0.736458 0.867969 0.737500 0.868750 0.738542 0.869531 0.743750 0.868750 0.744792 0.868240 0.748872 0.865667 0.750924 0.863882 0.753304 0.863181 0.756619 0.863705 0.759223 0.865134 0.761129 0.867088 0.761827 0.869583 0.760880 0.872950 0.760643 0.875164 0.759932 0.875781 0.760417 0.875781 0.767708 0.876563 0.768750 0.877344 0.771875 0.882031 0.772917 0.882812 0.771875 0.886719 0.770833 0.888281 0.768750 0.892188 0.768750 0.900781 0.777083 0.901563 0.776042 0.908594 0.775000 0.909375 0.773958 0.917188 0.770833 0.925000 0.759375 0.922656 0.735417 0.923438 0.734375
0 0.963281 0.676042 0.960156 0.672917 0.954688 0.672917 0.953906 0.671875 0.948438 0.668750 0.943750 0.668750 0.942969 0.667708 0.943750 0.653125 0.940625 0.653125 0.931250 0.659375 0.922656 0.670833 0.921875 0.670833 0.919531 0.672917 0.919531 0.673958 0.915625 0.680208 0.914844 0.680208 0.902843 0.687738 0.901135 0.686648 0.887546 0.686945 0.884776 0.688560 0.883893 0.689737 0.883573 0.691352 0.883893 0.694451 0.885221 0.696223 0.886432 0.696650 0.896902 0.696650 0.902521 0.696056 0.908090 0.698336 0.914062 0.702083 0.920312 0.708333 0.921094 0.708333 0.931250 0.714583 0.934375 0.719792 0.935156 0.719792 0.939844 0.718750 0.945312 0.712500 0.945312 0.711458 0.949219 0.704167 0.949219 0.690625 0.950000 0.689583 0.961719 0.682292 0.962500 0.681250
0 0.881250 0.600000 0.895312 0.600000 0.896094 0.600000 0.904687 0.604167 0.905469 0.604167 0.906250 0.605208 0.907031 0.606250 0.907813 0.618750 0.907813 0.619792 0.909375 0.622917 0.910156 0.623958 0.911719 0.623958 0.912500 0.623958 0.919531 0.617708 0.920312 0.616667 0.924219 0.615625 0.925000 0.615625 0.928906 0.620833 0.929688 0.621875 0.941406 0.622917 0.942187 0.622917 0.944531 0.623958 0.945312 0.623958 0.946875 0.627083 0.946875 0.628125 0.940625 0.636458 0.939844 0.637500 0.935156 0.640625 0.934375 0.641667 0.932031 0.646875 0.932031 0.647917 0.925781 0.657292 0.925781 0.658333 0.922656 0.661458 0.921875 0.661458 0.917969 0.667708 0.917969 0.668750 0.909375 0.679167 0.908594 0.680208 0.903125 0.681250 0.902344 0.681250 0.893750 0.679167 0.892969 0.678125 0.877344 0.677083 0.876563 0.677083 0.875000 0.676042 0.874219 0.675000 0.871094 0.666667 0.870313 0.665625 0.861719 0.660417 0.860938 0.659375 0.853125 0.657292 0.852344 0.657292 0.850781 0.655208 0.850000 0.654167 0.850000 0.643750 0.850000 0.642708 0.850781 0.631250 0.850781 0.630208 0.855469 0.620833 0.855469 0.619792 0.861719 0.611458 0.862500 0.610417 0.868750 0.605208 0.869531 0.604167 0.881250 0.600000
0 0.967187 0.608333 0.971094 0.610417 0.971875 0.610417 0.974219 0.613542 0.975000 0.614583 0.980469 0.628125 0.981250 0.629167 0.982031 0.633333 0.982031 0.634375 0.978906 0.641667 0.978125 0.642708 0.977344 0.647917 0.977344 0.648958 0.984375 0.655208 0.985156 0.656250 0.998437 0.653125 0.999219 0.653125 0.999219 0.684375 0.999219 0.685417 0.989062 0.687500 0.988281 0.687500 0.984375 0.690625 0.983594 0.690625 0.979688 0.698958 0.978906 0.700000 0.975781 0.701042 0.975000 0.702083 0.971875 0.701042 0.971094 0.701042 0.969531 0.698958 0.968750 0.698958 0.967187 0.694792 0.966406 0.693750 0.964844 0.678125 0.964844 0.677083 0.967187 0.667708 0.967969 0.666667 0.967187 0.656250 0.967187 0.655208 0.964844 0.648958 0.964844 0.647917 0.957031 0.637500 0.956250 0.636458 0.953906 0.628125 0.953125 0.627083 0.953125 0.623958 0.953125 0.622917 0.955469 0.617708 0.955469 0.616667 0.967187 0.608333
0 0.955469 0.752083 0.958594 0.752083 0.959375 0.752083 0.962500 0.754167 0.963281 0.754167 0.965625 0.758333 0.966406 0.759375 0.966406 0.763542 0.966406 0.764583 0.960156 0.775000 0.960156 0.776042 0.950000 0.786458 0.949219 0.787500 0.946875 0.788542 0.946094 0.788542 0.944531 0.786458 0.943750 0.785417 0.942187 0.785417 0.941406 0.785417 0.936719 0.787500 0.935937 0.788542 0.932813 0.788542 0.932031 0.789583 0.901563 0.789583 0.900781 0.789583 0.900781 0.787500 0.900781 0.786458 0.904687 0.779167 0.905469 0.778125 0.910937 0.776042 0.911719 0.776042 0.916406 0.771875 0.917188 0.771875 0.927344 0.758333 0.928125 0.757292 0.944531 0.757292 0.945312 0.757292 0.955469 0.752083
0 0.965625 0.703125 0.971094 0.705208 0.971875 0.706250 0.971875 0.712500 0.971875 0.713542 0.968750 0.719792 0.967969 0.720833 0.968750 0.723958 0.969531 0.725000 0.976562 0.721875 0.977344 0.720833 0.981250 0.722917 0.982031 0.723958 0.982031 0.731250 0.982031 0.732292 0.978906 0.739583 0.978125 0.740625 0.976562 0.755208 0.976562 0.756250 0.972656 0.760417 0.971875 0.761458 0.968750 0.760417 0.967969 0.760417 0.960156 0.746875 0.959375 0.745833 0.950781 0.746875 0.950000 0.746875 0.942187 0.742708 0.941406 0.742708 0.935156 0.737500 0.934375 0.736458 0.934375 0.730208 0.934375 0.729167 0.937500 0.722917 0.938281 0.721875 0.940625 0.720833 0.941406 0.720833 0.948438 0.713542 0.949219 0.713542 0.952344 0.708333 0.953125 0.707292 0.957812 0.705208 0.958594 0.704167 0.965625 0.703125
0 0.872656 0.787500 0.875000 0.788542 0.875781 0.788542 0.885156 0.798958 0.885938 0.800000 0.888281 0.809375 0.888281 0.810417 0.896875 0.820833 0.897656 0.821875 0.900781 0.830208 0.900781 0.831250 0.893750 0.833333 0.892969 0.833333 0.885156 0.842708 0.884375 0.843750 0.880469 0.852083 0.879687 0.853125 0.878906 0.860417 0.878906 0.861458 0.877344 0.863542 0.876563 0.864583 0.842969 0.863542 0.842187 0.863542 0.837500 0.850000 0.837500 0.848958 0.834375 0.845833 0.833594 0.844792 0.834375 0.841667 0.834375 0.840625 0.844531 0.834375 0.845313 0.833333 0.846875 0.823958 0.846875 0.822917 0.851562 0.810417 0.851562 0.809375 0.867969 0.795833 0.868750 0.795833 0.872656 0.787500
0 0.930469 0.813542 0.932031 0.814583 0.932813 0.814583 0.934375 0.817708 0.935156 0.818750 0.935937 0.837500 0.935937 0.838542 0.939063 0.845833 0.939063 0.846875 0.931250 0.859375 0.931250 0.860417 0.927344 0.862500 0.926562 0.862500 0.910937 0.850000 0.910156 0.850000 0.902344 0.838542 0.901563 0.837500 0.900781 0.834375 0.900781 0.833333 0.901563 0.831250 0.902344 0.830208 0.902344 0.821875 0.902344 0.820833 0.903906 0.818750 0.904687 0.817708 0.925000 0.815625 0.925781 0.815625 0.930469 0.813542
0 0.850000 0.809375 0.849219 0.800000 0.848437 0.798958 0.845313 0.789583 0.836719 0.776042 0.831250 0.776042 0.817187 0.785417 0.814844 0.789583 0.814844 0.794792 0.821094 0.804167 0.821094 0.805208 0.822656 0.808333 0.822656 0.815213 0.815884 0.817368 0.813423 0.820650 0.813102 0.826053 0.813423 0.827668 0.814937 0.830108 0.816831 0.831791 0.819936 0.833061 0.821199 0.833061 0.824304 0.831791 0.826134 0.829773 0.827081 0.828089 0.827826 0.824991 0.829683 0.820831 0.831250 0.821875 0.844531 0.821875 0.845313 0.820833
0 0.771875 0.684375 0.776563 0.684375 0.777344 0.684375 0.783594 0.689583 0.784375 0.689583 0.787500 0.694792 0.788281 0.695833 0.790625 0.704167 0.790625 0.705208 0.793750 0.708333 0.794531 0.709375 0.794531 0.714583 0.794531 0.715625 0.791406 0.718750 0.790625 0.719792 0.789062 0.732292 0.789062 0.733333 0.784375 0.741667 0.783594 0.742708 0.767188 0.740625 0.766406 0.740625 0.764844 0.732292 0.764844 0.731250 0.761719 0.723958 0.760938 0.722917 0.760938 0.717708 0.760938 0.716667 0.762500 0.713542 0.762500 0.712500 0.766406 0.708333 0.767188 0.707292 0.771875 0.696875 0.772656 0.695833 0.771875 0.690625 0.771094 0.689583 0.771875 0.684375
0 0.672656 0.480208 0.676562 0.480208 0.677344 0.480208 0.679688 0.486458 0.680469 0.487500 0.682813 0.511458 0.683594 0.512500 0.682031 0.529167 0.682031 0.530208 0.680469 0.533333 0.680469 0.534375 0.675000 0.540625 0.674219 0.541667 0.658594 0.554167 0.657813 0.555208 0.653906 0.556250 0.653125 0.556250 0.652344 0.555208 0.651563 0.555208 0.651563 0.550000 0.651563 0.548958 0.650000 0.544792 0.649219 0.543750 0.649219 0.540625 0.649219 0.539583 0.651563 0.536458 0.652344 0.535417 0.654687 0.523958 0.654687 0.522917 0.656250 0.519792 0.657031 0.518750 0.662500 0.497917 0.662500 0.496875 0.664844 0.491667 0.664844 0.490625 0.672656 0.480208
0 0.808744 0.449287 0.807900 0.443880 0.805587 0.440786 0.801524 0.439661 0.798360 0.440786 0.797548 0.441871 0.796750 0.441587 0.796094 0.430208 0.795312 0.429167 0.793750 0.421875 0.792969 0.420833 0.787500 0.416667 0.782813 0.416667 0.773438 0.421875 0.767188 0.422917 0.766406 0.423958 0.763281 0.426042 0.763281 0.427083 0.761719 0.430208 0.760156 0.445833 0.767969 0.456250 0.775781 0.459375 0.776563 0.458333 0.789062 0.455208 0.789897 0.454096 0.790815 0.455316 0.791252 0.457502 0.793572 0.460586 0.796729 0.461711 0.799426 0.461711 0.803190 0.460186 0.807900 0.453496
0 0.789844 0.382292 0.801562 0.382292 0.802344 0.382292 0.807813 0.389583 0.808594 0.390625 0.811719 0.390625 0.812500 0.391667 0.821875 0.391667 0.822656 0.391667 0.825000 0.390625 0.825781 0.389583 0.832031 0.389583 0.832812 0.389583 0.833594 0.390625 0.834375 0.391667 0.834375 0.407292 0.835156 0.408333 0.835156 0.411458 0.835156 0.412500 0.833594 0.415625 0.833594 0.416667 0.828125 0.420833 0.827344 0.421875 0.821875 0.422917 0.821094 0.423958 0.817187 0.422917 0.816406 0.422917 0.814844 0.420833 0.814063 0.419792 0.807031 0.421875 0.806250 0.422917 0.796875 0.421875 0.796094 0.421875 0.790625 0.417708 0.789844 0.417708 0.787500 0.413542 0.786719 0.412500 0.785156 0.403125 0.784375 0.402083 0.784375 0.397917 0.784375 0.396875 0.786719 0.390625 0.787500 0.389583 0.787500 0.385417 0.787500 0.384375 0.789844 0.382292
0 0.560156 0.577083 0.564063 0.577083 0.564844 0.577083 0.566406 0.588542 0.566406 0.589583 0.571094 0.593750 0.571875 0.593750 0.574219 0.597917 0.574219 0.598958 0.579688 0.605208 0.580469 0.606250 0.579688 0.612500 0.579688 0.613542 0.564844 0.625000 0.564063 0.626042 0.557813 0.629167 0.557031 0.629167 0.550781 0.635417 0.550000 0.635417 0.544531 0.642708 0.543750 0.643750 0.533594 0.648958 0.532813 0.650000 0.530469 0.648958 0.529687 0.648958 0.525781 0.638542 0.525000 0.637500 0.528125 0.625000 0.528125 0.623958 0.535937 0.610417 0.535937 0.609375 0.539844 0.605208 0.540625 0.604167 0.544531 0.587500 0.544531 0.586458 0.560156 0.577083
0 0.535156 0.514583 0.537500 0.516667 0.538281 0.517708 0.540625 0.526042 0.541406 0.527083 0.542969 0.558333 0.542969 0.559375 0.540625 0.565625 0.540625 0.566667 0.535156 0.570833 0.534375 0.571875 0.532813 0.580208 0.532813 0.581250 0.530469 0.586458 0.530469 0.587500 0.528125 0.590625 0.527344 0.591667 0.522656 0.593750 0.521875 0.593750 0.517188 0.589583 0.516406 0.588542 0.513281 0.575000 0.513281 0.573958 0.521875 0.565625 0.522656 0.564583 0.521875 0.556250 0.521094 0.555208 0.521094 0.542708 0.521094 0.541667 0.522656 0.533333 0.522656 0.532292 0.528906 0.520833 0.528906 0.519792 0.535156 0.514583
0 0.802344 0.522917 0.804688 0.522917 0.805469 0.522917 0.807031 0.527083 0.807031 0.528125 0.812500 0.535417 0.813281 0.536458 0.821094 0.538542 0.821875 0.539583 0.829688 0.539583 0.830469 0.539583 0.836719 0.531250 0.837500 0.530208 0.845313 0.525000 0.846094 0.523958 0.853906 0.525000 0.854688 0.525000 0.858594 0.527083 0.859375 0.527083 0.864062 0.536458 0.864844 0.537500 0.864844 0.542708 0.864844 0.543750 0.857031 0.553125 0.856250 0.553125 0.854688 0.557292 0.854688 0.558333 0.864062 0.567708 0.864844 0.567708 0.867969 0.572917 0.868750 0.573958 0.871094 0.573958 0.871875 0.575000 0.873437 0.573958 0.874219 0.572917 0.875781 0.566667 0.876563 0.565625 0.886719 0.562500 0.887500 0.561458 0.890625 0.562500 0.891406 0.562500 0.895312 0.567708 0.896094 0.568750 0.896094 0.572917 0.896094 0.573958 0.893750 0.580208 0.892969 0.581250 0.892188 0.590625 0.892188 0.591667 0.889844 0.595833 0.889062 0.596875 0.881250 0.596875 0.880469 0.596875 0.875000 0.598958 0.874219 0.598958 0.860156 0.608333 0.859375 0.609375 0.855469 0.610417 0.854688 0.610417 0.854688 0.617708 0.854688 0.618750 0.850000 0.631250 0.849219 0.632292 0.842969 0.630208 0.842187 0.629167 0.835938 0.630208 0.835156 0.630208 0.832812 0.628125 0.832031 0.628125 0.831250 0.622917 0.830469 0.621875 0.830469 0.611458 0.830469 0.610417 0.828906 0.602083 0.828906 0.601042 0.825781 0.592708 0.825781 0.591667 0.817187 0.573958 0.816406 0.572917 0.810937 0.552083 0.810937 0.551042 0.805469 0.545833 0.804688 0.544792 0.794531 0.540625 0.793750 0.539583 0.793750 0.535417 0.793750 0.534375 0.796094 0.532292 0.796875 0.532292 0.802344 0.522917
0 0.824219 0.333333 0.830469 0.336458 0.831250 0.336458 0.835156 0.341667 0.835938 0.342708 0.838281 0.348958 0.838281 0.350000 0.846875 0.361458 0.847656 0.362500 0.848437 0.382292 0.848437 0.383333 0.846875 0.385417 0.846094 0.386458 0.834375 0.384375 0.833594 0.384375 0.831250 0.380208 0.831250 0.379167 0.819531 0.365625 0.818750 0.364583 0.817969 0.354167 0.817969 0.353125 0.818750 0.350000 0.819531 0.348958 0.820312 0.338542 0.820312 0.337500 0.821094 0.335417 0.821875 0.334375 0.824219 0.333333
0 0.946094 0.250000 0.950781 0.250000 0.951562 0.250000 0.964063 0.261458 0.964844 0.262500 0.967187 0.270833 0.967969 0.271875 0.967969 0.290625 0.967187 0.291667 0.954688 0.287500 0.953906 0.287500 0.947656 0.270833 0.946875 0.269792 0.945312 0.261458 0.944531 0.260417 0.944531 0.254167 0.944531 0.253125 0.946094 0.250000
0 0.939063 0.213542 0.946094 0.215625 0.946875 0.215625 0.950000 0.222917 0.950781 0.223958 0.953125 0.221875 0.953906 0.220833 0.957812 0.223958 0.958594 0.223958 0.962500 0.229167 0.963281 0.230208 0.963281 0.233333 0.963281 0.234375 0.961719 0.236458 0.960938 0.237500 0.950000 0.236458 0.949219 0.236458 0.943750 0.246875 0.942969 0.247917 0.938281 0.242708 0.937500 0.241667 0.932031 0.239583 0.931250 0.239583 0.929688 0.237500 0.928906 0.236458 0.928125 0.232292 0.928125 0.231250 0.929688 0.228125 0.929688 0.227083 0.934375 0.222917 0.935156 0.221875 0.939063 0.213542
0 0.899219 0.221875 0.906250 0.221875 0.907031 0.221875 0.911719 0.227083 0.912500 0.227083 0.913281 0.230208 0.914062 0.231250 0.912500 0.241667 0.912500 0.242708 0.904687 0.250000 0.903906 0.251042 0.900781 0.251042 0.900000 0.251042 0.898438 0.248958 0.897656 0.247917 0.894531 0.239583 0.893750 0.238542 0.892969 0.233333 0.892188 0.232292 0.892969 0.228125 0.892969 0.227083 0.899219 0.221875
0 0.857812 0.293750 0.861719 0.293750 0.862500 0.293750 0.864844 0.295833 0.865625 0.296875 0.865625 0.300000 0.865625 0.301042 0.864062 0.304167 0.864062 0.305208 0.858594 0.309375 0.857812 0.310417 0.855469 0.310417 0.854688 0.311458 0.851562 0.311458 0.850781 0.311458 0.847656 0.308333 0.846875 0.308333 0.846875 0.305208 0.846875 0.304167 0.857812 0.293750
0 0.757031 0.198958 0.770312 0.201042 0.771094 0.201042 0.776563 0.206250 0.777344 0.207292 0.778125 0.211458 0.778906 0.212500 0.778125 0.227083 0.778125 0.228125 0.781250 0.239583 0.782031 0.240625 0.764062 0.240625 0.763281 0.240625 0.759375 0.248958 0.759375 0.250000 0.754687 0.254167 0.753906 0.255208 0.757031 0.281250 0.757812 0.282292 0.757031 0.287500 0.757031 0.288542 0.755469 0.290625 0.755469 0.291667 0.750781 0.291667 0.750000 0.291667 0.748437 0.289583 0.747656 0.288542 0.744531 0.287500 0.743750 0.287500 0.737500 0.295833 0.736719 0.296875 0.729688 0.301042 0.728906 0.302083 0.718750 0.300000 0.717969 0.300000 0.709375 0.303125 0.708594 0.303125 0.706250 0.305208 0.705469 0.306250 0.704688 0.309375 0.704688 0.310417 0.701562 0.311458 0.700781 0.312500 0.694531 0.312500 0.693750 0.312500 0.685937 0.307292 0.685156 0.307292 0.684375 0.305208 0.683594 0.304167 0.683594 0.300000 0.683594 0.298958 0.686719 0.292708 0.687500 0.291667 0.695312 0.288542 0.696094 0.287500 0.703125 0.289583 0.703906 0.290625 0.706250 0.284375 0.707031 0.283333 0.715625 0.276042 0.716406 0.275000 0.734375 0.264583 0.735156 0.263542 0.742969 0.243750 0.743750 0.242708 0.742188 0.236458 0.741406 0.235417 0.742188 0.219792 0.742188 0.218750 0.744531 0.209375 0.744531 0.208333 0.747656 0.203125 0.748437 0.202083 0.757031 0.198958
0 0.614062 0.603125 0.617969 0.603125 0.618750 0.603125 0.620313 0.604167 0.621094 0.605208 0.627344 0.606250 0.628125 0.606250 0.632812 0.615625 0.633594 0.616667 0.637500 0.617708 0.638281 0.617708 0.644531 0.625000 0.645312 0.626042 0.645312 0.628125 0.645312 0.629167 0.640625 0.632292 0.639844 0.633333 0.637500 0.633333 0.636719 0.634375 0.632031 0.634375 0.631250 0.634375 0.618750 0.629167 0.617969 0.629167 0.614844 0.625000 0.614062 0.623958 0.613281 0.617708 0.612500 0.616667 0.611719 0.606250 0.611719 0.605208 0.614062 0.603125
0 0.685937 0.514583 0.687500 0.514583 0.688281 0.514583 0.692187 0.521875 0.692969 0.522917 0.692969 0.542708 0.692969 0.543750 0.689063 0.554167 0.689063 0.555208 0.687500 0.557292 0.686719 0.558333 0.682031 0.560417 0.681250 0.560417 0.674219 0.557292 0.673438 0.557292 0.671094 0.555208 0.670312 0.554167 0.668750 0.550000 0.668750 0.548958 0.675781 0.541667 0.676562 0.541667 0.679688 0.536458 0.680469 0.535417 0.683594 0.523958 0.684375 0.522917 0.684375 0.517708 0.684375 0.516667 0.685937 0.514583
0 0.611719 0.479167 0.603906 0.471875 0.597656 0.471875 0.595313 0.475000 0.594531 0.484375 0.595313 0.485417 0.595621 0.487476 0.596499 0.488646 0.597022 0.491250 0.596801 0.495337 0.597656 0.501042 0.598437 0.502083 0.603906 0.505208 0.604688 0.504167 0.610938 0.488542 0.610938 0.487500
0 0.514127 0.459375 0.518815 0.459375 0.519596 0.459375 0.526627 0.464583 0.527408 0.465625 0.526627 0.469792 0.526627 0.470833 0.524283 0.475000 0.524283 0.476042 0.506315 0.498958 0.505533 0.500000 0.498502 0.500000 0.497721 0.500000 0.488346 0.504167 0.487565 0.505208 0.484440 0.504167 0.483658 0.504167 0.482096 0.502083 0.481315 0.501042 0.481315 0.498958 0.480533 0.497917 0.480533 0.493750 0.480533 0.492708 0.483658 0.484375 0.483658 0.483333 0.492252 0.472917 0.493033 0.471875 0.507096 0.462500 0.507877 0.461458 0.514127 0.459375
0 0.447656 0.227083 0.460938 0.230208 0.461719 0.230208 0.466406 0.233333 0.467187 0.233333 0.469531 0.236458 0.470313 0.236458 0.475000 0.245833 0.475781 0.246875 0.476562 0.258333 0.476562 0.259375 0.475000 0.261458 0.474219 0.262500 0.471875 0.262500 0.471094 0.262500 0.463281 0.255208 0.462500 0.255208 0.457031 0.246875 0.456250 0.245833 0.448437 0.237500 0.447656 0.236458 0.447656 0.227083
0 0.420312 0.297917 0.427344 0.300000 0.428125 0.300000 0.431250 0.304167 0.432031 0.305208 0.432031 0.309375 0.432031 0.310417 0.424219 0.332292 0.423438 0.333333 0.420312 0.332292 0.419531 0.332292 0.415625 0.328125 0.414844 0.328125 0.413281 0.326042 0.412500 0.325000 0.411719 0.320833 0.410938 0.319792 0.410938 0.310417 0.410938 0.309375 0.412500 0.306250 0.412500 0.305208 0.415625 0.301042 0.416406 0.300000 0.420312 0.297917
0 0.453125 0.361458 0.452344 0.356250 0.447656 0.348958 0.446875 0.348958 0.439063 0.342708 0.433594 0.346875 0.433594 0.347917 0.430469 0.352083 0.430469 0.353125 0.427344 0.362500 0.425000 0.365625 0.424219 0.365625 0.420843 0.363374 0.418799 0.360382 0.417588 0.359955 0.412974 0.360649 0.411691 0.362093 0.411371 0.363707 0.411691 0.365589 0.412972 0.367030 0.413281 0.375000 0.414062 0.376042 0.418750 0.379167 0.425781 0.388542 0.435937 0.385417 0.436719 0.384375 0.446875 0.377083 0.447656 0.376042
0 0.016406 0.000000 0.054688 0.000000 0.055469 0.000000 0.054688 0.006250 0.054688 0.007292 0.053125 0.009375 0.052344 0.010417 0.045312 0.017708 0.044531 0.017708 0.036719 0.029167 0.035937 0.030208 0.032031 0.030208 0.031250 0.030208 0.029687 0.032292 0.028906 0.033333 0.029687 0.040625 0.030469 0.041667 0.028906 0.067708 0.028906 0.068750 0.030469 0.075000 0.030469 0.076042 0.029687 0.077083 0.028906 0.078125 0.026562 0.078125 0.025781 0.079167 0.017188 0.077083 0.016406 0.076042 0.003906 0.078125 0.003125 0.078125 0.000781 0.075000 0.000000 0.075000 0.000781 0.066667 0.001563 0.065625 0.000781 0.064583 0.000000 0.064583 0.000000 0.012500 0.000000 0.011458 0.002344 0.015625 0.002344 0.016667 0.005469 0.018750 0.006250 0.018750 0.016406 0.000000
0 0.659034 0.794720 0.659034 0.789725 0.658219 0.785857 0.655361 0.781646 0.654952 0.780301 0.651165 0.775652 0.650668 0.772917 0.650000 0.772917 0.647656 0.770833 0.643750 0.770833 0.638970 0.772958 0.637918 0.774361 0.637019 0.774761 0.632822 0.778757 0.623831 0.785551 0.617536 0.793144 0.616528 0.793690 0.609934 0.800484 0.607577 0.804426 0.599453 0.814858 0.597656 0.818750 0.597656 0.819792 0.600781 0.825000 0.600781 0.828125 0.600000 0.829167 0.597656 0.835417 0.602344 0.844792 0.603125 0.844792 0.606250 0.846875 0.611719 0.846875 0.612500 0.845833 0.627344 0.840625 0.628125 0.839583 0.633594 0.836458 0.646875 0.836458 0.647656 0.835417 0.655469 0.832292 0.658594 0.829167 0.657235 0.823402 0.657235 0.806617 0.658958 0.794821
0 0.804060 0.843277 0.803536 0.840673 0.802530 0.839332 0.802007 0.836391 0.801660 0.835725 0.801548 0.835168 0.800993 0.834427 0.800631 0.833537 0.800228 0.833000 0.800019 0.832314 0.798602 0.830016 0.798184 0.828439 0.797796 0.827515 0.797572 0.826401 0.797114 0.825585 0.795684 0.823679 0.793731 0.822981 0.791778 0.823679 0.790348 0.825585 0.790042 0.826197 0.789519 0.829137 0.789125 0.830071 0.788601 0.832675 0.788601 0.834306 0.789125 0.836910 0.789889 0.838745 0.791057 0.840302 0.791724 0.841600 0.794530 0.845137 0.795045 0.845416 0.796059 0.846768 0.796518 0.847176 0.797436 0.847788 0.799389 0.848486 0.800153 0.848486 0.802107 0.847788 0.803536 0.845882
0 0.360156 0.516667 0.363281 0.517708 0.364063 0.517708 0.367969 0.522917 0.368750 0.523958 0.369531 0.532292 0.369531 0.533333 0.372656 0.541667 0.372656 0.542708 0.380469 0.546875 0.381250 0.546875 0.383594 0.552083 0.384375 0.553125 0.385937 0.570833 0.385937 0.571875 0.381250 0.579167 0.380469 0.580208 0.377344 0.581250 0.376563 0.581250 0.371094 0.572917 0.370312 0.571875 0.370312 0.553125 0.370312 0.552083 0.368750 0.550000 0.367969 0.548958 0.364844 0.547917 0.364063 0.547917 0.360938 0.544792 0.360156 0.544792 0.358594 0.541667 0.357812 0.540625 0.356250 0.528125 0.356250 0.527083 0.357031 0.522917 0.357031 0.521875 0.360156 0.516667
0 0.280469 0.466667 0.285156 0.466667 0.285938 0.466667 0.290625 0.471875 0.291406 0.472917 0.300000 0.477083 0.300781 0.477083 0.302344 0.481250 0.303125 0.482292 0.303125 0.486458 0.303125 0.487500 0.302344 0.488542 0.301563 0.489583 0.294531 0.491667 0.293750 0.491667 0.285156 0.486458 0.284375 0.486458 0.281250 0.482292 0.280469 0.481250 0.278125 0.473958 0.277344 0.472917 0.278125 0.469792 0.278125 0.468750 0.280469 0.466667
0 0.322656 0.500000 0.325781 0.500000 0.326562 0.500000 0.328906 0.502083 0.329688 0.503125 0.328125 0.511458 0.328125 0.512500 0.324219 0.516667 0.323437 0.517708 0.320312 0.518750 0.319531 0.519792 0.317188 0.519792 0.316406 0.519792 0.314063 0.517708 0.313281 0.517708 0.312500 0.512500 0.312500 0.511458 0.314063 0.509375 0.314063 0.508333 0.322656 0.500000
0 0.271875 0.591667 0.282031 0.591667 0.282813 0.591667 0.287500 0.596875 0.288281 0.597917 0.287500 0.605208 0.287500 0.606250 0.284375 0.610417 0.283594 0.611458 0.283594 0.613542 0.282813 0.614583 0.283594 0.623958 0.283594 0.625000 0.277344 0.632292 0.276562 0.633333 0.269531 0.633333 0.268750 0.633333 0.267188 0.631250 0.266406 0.630208 0.265625 0.627083 0.265625 0.626042 0.267969 0.616667 0.267969 0.615625 0.264844 0.613542 0.264062 0.613542 0.262500 0.608333 0.261719 0.607292 0.262500 0.601042 0.262500 0.600000 0.271875 0.591667
0 0.251563 0.561458 0.257812 0.562500 0.258594 0.562500 0.260156 0.565625 0.260937 0.566667 0.262500 0.575000 0.262500 0.576042 0.260156 0.581250 0.260156 0.582292 0.258594 0.583333 0.257812 0.584375 0.254688 0.583333 0.253906 0.583333 0.249219 0.573958 0.248438 0.572917 0.248438 0.568750 0.248438 0.567708 0.251563 0.561458
0 0.267969 0.403125 0.267969 0.402083 0.266406 0.396875 0.265625 0.396875 0.261719 0.395833 0.256250 0.400000 0.250781 0.400000 0.250000 0.401042 0.246094 0.405208 0.245312 0.405208 0.240625 0.407292 0.239844 0.407292 0.232031 0.401042 0.214062 0.402083 0.213281 0.403125 0.210156 0.405208 0.210156 0.406250 0.209375 0.410417 0.210156 0.411458 0.215625 0.415625 0.216406 0.416667 0.224219 0.429167 0.225000 0.429167 0.226621 0.428446 0.227092 0.425447 0.227092 0.422427 0.227615 0.419823 0.229045 0.417917 0.231116 0.417219 0.233069 0.417917 0.234498 0.419823 0.235022 0.422427 0.234904 0.423012 0.234904 0.425875 0.234632 0.427741 0.235118 0.430157 0.242188 0.431250 0.242969 0.432292 0.243750 0.434375 0.246875 0.434375 0.247656 0.433333 0.249219 0.430208 0.249219 0.429167 0.248438 0.423958 0.249219 0.422917 0.260156 0.409375 0.260937 0.409375 0.264844 0.407292
0 0.294531 0.366667 0.298438 0.367708 0.299219 0.367708 0.314063 0.382292 0.314844 0.383333 0.321094 0.384375 0.321875 0.384375 0.325000 0.386458 0.325781 0.386458 0.326562 0.401042 0.327344 0.402083 0.325781 0.411458 0.325781 0.412500 0.323437 0.412500 0.322656 0.413542 0.317188 0.408333 0.316406 0.407292 0.314844 0.396875 0.314063 0.395833 0.306250 0.394792 0.305469 0.394792 0.303125 0.396875 0.302344 0.397917 0.298438 0.397917 0.297656 0.397917 0.291406 0.394792 0.290625 0.393750 0.289844 0.384375 0.289062 0.383333 0.289844 0.371875 0.289844 0.370833 0.294531 0.366667
0 0.610156 0.133333 0.611719 0.134375 0.612500 0.134375 0.614844 0.142708 0.615625 0.143750 0.616406 0.156250 0.616406 0.157292 0.618750 0.159375 0.619531 0.160417 0.623437 0.161458 0.624219 0.161458 0.628125 0.165625 0.628906 0.165625 0.632031 0.170833 0.632812 0.171875 0.642969 0.178125 0.643750 0.179167 0.642969 0.182292 0.642969 0.183333 0.639062 0.189583 0.639062 0.190625 0.632812 0.196875 0.632031 0.197917 0.627344 0.198958 0.626563 0.200000 0.614844 0.200000 0.614062 0.200000 0.603906 0.186458 0.603125 0.185417 0.602344 0.182292 0.601562 0.181250 0.602344 0.173958 0.602344 0.172917 0.598437 0.158333 0.597656 0.157292 0.598437 0.155208 0.598437 0.154167 0.603125 0.150000 0.603906 0.148958 0.606250 0.136458 0.606250 0.135417 0.610156 0.133333
0 0.771094 0.341667 0.775000 0.341667 0.775781 0.342708 0.776563 0.346875 0.776563 0.347917 0.782031 0.355208 0.782813 0.356250 0.782813 0.361458 0.782813 0.362500 0.775781 0.368750 0.775000 0.369792 0.768750 0.372917 0.767969 0.373958 0.760938 0.375000 0.760156 0.376042 0.757031 0.375000 0.756250 0.375000 0.753906 0.370833 0.753125 0.369792 0.753906 0.363542 0.753906 0.362500 0.763281 0.347917 0.764062 0.346875 0.771094 0.341667
0 0.912500 0.513542 0.932031 0.517708 0.932813 0.517708 0.937500 0.523958 0.938281 0.525000 0.948438 0.530208 0.949219 0.530208 0.951562 0.533333 0.952344 0.533333 0.953906 0.537500 0.954688 0.538542 0.956250 0.554167 0.956250 0.555208 0.949219 0.555208 0.948438 0.555208 0.944531 0.550000 0.943750 0.548958 0.943750 0.546875 0.943750 0.545833 0.942187 0.543750 0.941406 0.542708 0.935156 0.540625 0.934375 0.540625 0.914844 0.523958 0.914062 0.523958 0.911719 0.519792 0.910937 0.518750 0.912500 0.513542
0 0.693750 0.789583 0.696094 0.789583 0.696875 0.789583 0.698438 0.791667 0.699219 0.792708 0.699219 0.798958 0.699219 0.800000 0.705469 0.808333 0.706250 0.809375 0.707031 0.812500 0.707031 0.813542 0.703906 0.816667 0.703125 0.817708 0.700000 0.817708 0.699219 0.817708 0.696094 0.814583 0.695312 0.814583 0.691406 0.804167 0.691406 0.803125 0.686719 0.800000 0.685937 0.798958 0.686719 0.795833 0.686719 0.794792 0.693750 0.789583
0 0.265985 0.842467 0.272235 0.843509 0.273017 0.844551 0.290985 0.845592 0.291767 0.845592 0.293329 0.846634 0.294110 0.847676 0.297235 0.856009 0.298017 0.857051 0.306610 0.861217 0.307392 0.861217 0.308173 0.863301 0.308173 0.864342 0.304267 0.865384 0.303485 0.866426 0.262860 0.866426 0.262079 0.866426 0.261298 0.865384 0.260517 0.865384 0.258954 0.858092 0.258954 0.857051 0.265985 0.842467
0 0.269522 0.841034 0.269129 0.841397 0.268441 0.841675 0.267240 0.842956 0.266601 0.843310 0.266346 0.843268 0.265483 0.844658 0.265078 0.844877 0.264572 0.845535 0.264170 0.846548 0.263133 0.848090 0.262488 0.849430 0.261692 0.850492 0.261528 0.851031 0.259744 0.853409 0.259522 0.854847 0.258605 0.856071 0.257884 0.857352 0.256760 0.859812 0.255242 0.861995 0.254282 0.864397 0.254083 0.865384 0.253045 0.865384 0.252412 0.866228 0.250459 0.866925 0.248775 0.866324 0.231349 0.865574 0.231146 0.864563 0.231250 0.864583 0.231250 0.863542 0.235156 0.852083 0.235156 0.851042 0.237500 0.839583 0.237500 0.833333 0.236719 0.832292 0.236719 0.826042 0.235937 0.825000 0.235492 0.823516 0.236079 0.822994 0.237602 0.820840 0.238548 0.819926 0.243329 0.818509 0.244110 0.817467 0.254267 0.817467 0.255829 0.818509 0.256610 0.819551 0.262079 0.820592 0.262860 0.820592 0.265985 0.823717 0.266767 0.823717 0.269892 0.828926 0.270673 0.829967 0.270673 0.840623
0 0.282031 0.280208 0.285156 0.282292 0.285938 0.282292 0.288281 0.287500 0.289062 0.288542 0.293750 0.290625 0.294531 0.291667 0.302344 0.291667 0.303125 0.292708 0.305469 0.300000 0.305469 0.301042 0.312500 0.310417 0.313281 0.311458 0.314063 0.314583 0.314844 0.315625 0.314844 0.319792 0.314844 0.320833 0.317188 0.328125 0.317969 0.329167 0.317969 0.334375 0.317188 0.335417 0.314063 0.336458 0.313281 0.336458 0.308594 0.330208 0.307812 0.330208 0.306250 0.326042 0.305469 0.325000 0.282031 0.326042 0.281250 0.326042 0.271875 0.321875 0.271094 0.320833 0.270313 0.315625 0.270313 0.314583 0.273438 0.305208 0.274219 0.304167 0.272656 0.300000 0.271875 0.298958 0.271875 0.294792 0.271875 0.293750 0.269531 0.287500 0.269531 0.286458 0.270313 0.284375 0.271094 0.283333 0.282031 0.280208
0 0.036719 0.091667 0.038281 0.092708 0.039062 0.093750 0.039062 0.096875 0.039062 0.097917 0.034375 0.114583 0.033594 0.115625 0.034375 0.123958 0.034375 0.125000 0.027344 0.142708 0.026562 0.143750 0.023438 0.142708 0.022656 0.142708 0.018750 0.134375 0.017969 0.133333 0.014844 0.134375 0.014063 0.134375 0.010156 0.138542 0.009375 0.139583 0.005469 0.136458 0.004687 0.136458 0.000781 0.131250 0.000000 0.131250 0.000000 0.096875 0.000000 0.095833 0.006250 0.094792 0.007031 0.094792 0.011719 0.097917 0.012500 0.098958 0.017969 0.098958 0.018750 0.098958 0.024219 0.097917 0.025000 0.097917 0.036719 0.091667
0 0.016406 0.136458 0.017188 0.136458 0.017969 0.136458 0.021875 0.142708 0.022656 0.143750 0.038281 0.146875 0.039062 0.146875 0.040625 0.147917 0.041406 0.148958 0.041406 0.151042 0.041406 0.152083 0.035937 0.160417 0.035156 0.161458 0.035156 0.167708 0.035156 0.168750 0.036719 0.172917 0.037500 0.173958 0.036719 0.177083 0.035937 0.178125 0.025781 0.178125 0.025000 0.178125 0.013281 0.185417 0.012500 0.185417 0.006250 0.181250 0.005469 0.180208 0.005469 0.177083 0.005469 0.176042 0.008594 0.165625 0.009375 0.164583 0.005469 0.158333 0.005469 0.157292 0.012500 0.147917 0.013281 0.146875 0.016406 0.136458
0 0.050781 0.042708 0.067969 0.046875 0.068750 0.046875 0.071094 0.050000 0.071875 0.051042 0.072656 0.054167 0.072656 0.055208 0.070312 0.063542 0.070312 0.064583 0.060937 0.075000 0.060156 0.076042 0.052344 0.076042 0.051562 0.076042 0.050000 0.070833 0.050000 0.069792 0.049219 0.068750 0.048438 0.067708 0.045312 0.067708 0.044531 0.066667 0.042969 0.058333 0.042188 0.057292 0.042969 0.051042 0.042969 0.050000 0.044531 0.046875 0.045312 0.045833 0.050781 0.042708
0 0.874219 0.026042 0.875781 0.026042 0.876563 0.026042 0.881250 0.032292 0.882031 0.033333 0.885156 0.041667 0.885156 0.042708 0.887500 0.045833 0.888281 0.046875 0.888281 0.055208 0.888281 0.056250 0.890625 0.063542 0.890625 0.064583 0.886719 0.077083 0.885938 0.078125 0.882812 0.078125 0.882031 0.078125 0.880469 0.076042 0.879687 0.075000 0.876563 0.064583 0.875781 0.063542 0.870313 0.061458 0.869531 0.060417 0.857812 0.061458 0.857031 0.061458 0.852344 0.054167 0.851562 0.053125 0.852344 0.047917 0.852344 0.046875 0.856250 0.041667 0.857031 0.040625 0.860156 0.031250 0.860938 0.030208 0.867969 0.029167 0.868750 0.029167 0.874219 0.026042
0 0.717187 0.763542 0.726562 0.764583 0.727344 0.765625 0.743750 0.765625 0.744531 0.765625 0.753125 0.775000 0.753906 0.776042 0.754687 0.782292 0.754687 0.783333 0.749219 0.785417 0.748437 0.786458 0.739844 0.785417 0.739062 0.785417 0.723437 0.775000 0.722656 0.773958 0.716406 0.771875 0.715625 0.771875 0.714063 0.767708 0.714063 0.766667 0.717187 0.763542
0 0.704539 0.780779 0.693880 0.781016 0.691570 0.780069 0.690149 0.777700 0.688017 0.771778 0.687662 0.767988 0.689439 0.765620 0.692992 0.764435 0.697788 0.763725 0.701874 0.763725 0.705782 0.765620 0.708625 0.765857 0.710046 0.766567 0.711112 0.769173 0.714665 0.773436 0.715908 0.775805 0.716441 0.777937 0.716264 0.780305 0.713776 0.782911 0.711467 0.784332 0.708269 0.784806 0.706671 0.784332 0.705605 0.783385
0 0.554688 0.787500 0.560156 0.788542 0.560937 0.788542 0.565625 0.797917 0.566406 0.798958 0.566406 0.809375 0.566406 0.810417 0.567969 0.815625 0.567969 0.816667 0.565625 0.821875 0.564844 0.822917 0.561719 0.823958 0.560937 0.825000 0.557031 0.825000 0.556250 0.823958 0.556250 0.818750 0.556250 0.817708 0.553906 0.812500 0.553125 0.811458 0.543750 0.812500 0.542969 0.812500 0.539062 0.810417 0.538281 0.809375 0.538281 0.794792 0.538281 0.793750 0.539844 0.791667 0.540625 0.790625 0.547656 0.790625 0.548438 0.790625 0.554688 0.787500
0 0.631250 0.652083 0.634375 0.652083 0.635156 0.652083 0.639062 0.655208 0.639844 0.656250 0.639844 0.660417 0.639844 0.661458 0.636719 0.668750 0.636719 0.669792 0.626563 0.680208 0.625781 0.681250 0.621094 0.680208 0.620313 0.680208 0.611719 0.683333 0.610938 0.683333 0.609375 0.680208 0.609375 0.679167 0.612500 0.671875 0.612500 0.670833 0.617188 0.667708 0.617969 0.667708 0.622656 0.659375 0.623437 0.658333 0.631250 0.652083
0 0.707031 0.685417 0.710156 0.685417 0.710938 0.685417 0.713281 0.687500 0.714063 0.687500 0.717187 0.690625 0.717969 0.690625 0.721094 0.695833 0.721875 0.696875 0.723437 0.705208 0.723437 0.706250 0.717187 0.715625 0.716406 0.716667 0.703906 0.716667 0.703125 0.716667 0.700781 0.714583 0.700000 0.714583 0.690625 0.702083 0.689844 0.701042 0.691406 0.694792 0.692187 0.693750 0.707031 0.685417
0 0.446875 0.621875 0.450781 0.621875 0.451562 0.621875 0.459375 0.628125 0.460156 0.628125 0.461719 0.631250 0.462500 0.632292 0.462500 0.638542 0.463281 0.639583 0.472656 0.641667 0.473438 0.641667 0.474219 0.642708 0.474219 0.643750 0.471875 0.650000 0.471875 0.651042 0.469531 0.653125 0.468750 0.654167 0.465625 0.654167 0.464844 0.654167 0.453125 0.650000 0.452344 0.650000 0.450000 0.647917 0.449219 0.647917 0.443750 0.639583 0.442969 0.638542 0.441406 0.631250 0.440625 0.630208 0.440625 0.626042 0.440625 0.625000 0.446875 0.621875
0 0.068161 0.843422 0.075974 0.845505 0.076755 0.845505 0.084568 0.849672 0.085349 0.849672 0.086130 0.850713 0.086911 0.851755 0.085349 0.864255 0.085349 0.865297 0.083786 0.866338 0.083005 0.867380 0.063474 0.866338 0.062693 0.866338 0.061130 0.858005 0.061130 0.856963 0.064255 0.848630 0.064255 0.847588 0.068161 0.843422
0 0.344531 0.809375 0.343750 0.808333 0.339844 0.807292 0.332813 0.811458 0.336074 0.816008 0.336874 0.819226 0.339844 0.819792 0.340625 0.818750 0.343750 0.816667 0.343750 0.815625
0 0.317270 0.844730 0.317270 0.838810 0.316224 0.832375 0.314533 0.830121 0.312058 0.829075 0.309707 0.829075 0.307754 0.829773 0.306324 0.831679 0.304827 0.838550 0.303451 0.841778 0.302928 0.844382 0.303189 0.849257 0.303712 0.851862 0.305664 0.854464 0.309185 0.855162 0.312182 0.854116 0.315963 0.849772 0.316746 0.847334
0 0.078038 0.843686 0.076993 0.835328 0.071509 0.826622 0.071509 0.823139 0.072031 0.821398 0.072553 0.821398 0.073337 0.820353 0.073598 0.817567 0.074904 0.811995 0.075426 0.811647 0.076210 0.808165 0.077255 0.798762 0.077777 0.797369 0.079866 0.795280 0.081956 0.795280 0.083784 0.795976 0.088485 0.801896 0.089269 0.805727 0.089008 0.810602 0.089269 0.825229 0.089791 0.827318 0.094493 0.835676 0.096060 0.835676 0.097104 0.834283 0.097888 0.832890 0.098149 0.829407 0.099716 0.827318 0.105724 0.827666 0.106768 0.828363 0.109380 0.832542 0.109380 0.835328 0.108335 0.837069 0.103373 0.839158 0.102850 0.840899 0.101022 0.843686 0.099977 0.848561 0.100239 0.849954 0.098933 0.852392 0.097104 0.853436 0.093448 0.853785 0.091358 0.853088 0.088747 0.851347 0.086396 0.847516 0.083784 0.844730 0.080389 0.843337
0 0.146875 0.762500 0.149219 0.766667 0.150000 0.767708 0.153906 0.768750 0.154688 0.768750 0.165625 0.784375 0.166406 0.785417 0.174219 0.791667 0.175000 0.791667 0.178125 0.798958 0.178906 0.800000 0.187500 0.807292 0.188281 0.808333 0.187500 0.812500 0.187500 0.813542 0.179688 0.820833 0.178906 0.821875 0.173437 0.820833 0.172656 0.820833 0.169531 0.814583 0.168750 0.813542 0.167969 0.804167 0.167969 0.803125 0.166406 0.801042 0.165625 0.800000 0.159375 0.800000 0.158594 0.800000 0.155469 0.797917 0.154688 0.797917 0.153906 0.795833 0.153906 0.794792 0.149219 0.788542 0.148438 0.788542 0.148438 0.778125 0.148438 0.777083 0.144531 0.770833 0.143750 0.769792 0.146875 0.762500
0 0.233594 0.758333 0.230469 0.741667 0.230469 0.731250 0.225781 0.723958 0.221875 0.723958 0.215625 0.737500 0.217301 0.740629 0.219276 0.741319 0.220706 0.743225 0.221539 0.746077 0.222758 0.748200 0.223281 0.750834 0.228125 0.757292 0.228906 0.757292
0 0.296875 0.765625 0.303906 0.766667 0.304688 0.766667 0.305469 0.772917 0.305469 0.773958 0.313281 0.782292 0.314063 0.783333 0.317188 0.791667 0.317969 0.792708 0.317969 0.794792 0.317188 0.795833 0.309375 0.798958 0.308594 0.798958 0.305469 0.805208 0.304688 0.806250 0.300781 0.806250 0.300000 0.805208 0.299219 0.795833 0.299219 0.794792 0.296875 0.788542 0.296875 0.787500 0.293750 0.784375 0.292969 0.783333 0.292969 0.771875 0.292969 0.770833 0.293750 0.768750 0.293750 0.767708 0.296875 0.765625
0 0.285938 0.695833 0.289062 0.695833 0.289844 0.695833 0.292187 0.698958 0.292969 0.700000 0.294531 0.712500 0.295312 0.713542 0.294531 0.723958 0.294531 0.725000 0.292969 0.728125 0.292187 0.729167 0.289062 0.730208 0.288281 0.731250 0.276562 0.731250 0.275781 0.731250 0.272656 0.740625 0.272656 0.741667 0.271094 0.742708 0.270313 0.742708 0.268750 0.737500 0.267969 0.736458 0.267969 0.729167 0.267969 0.728125 0.269531 0.722917 0.269531 0.721875 0.279687 0.702083 0.279687 0.701042 0.285938 0.695833
0 0.201143 0.657273 0.200000 0.658797 0.200000 0.660417 0.196094 0.672917 0.196094 0.673958 0.189062 0.678125 0.188281 0.678125 0.182812 0.685417 0.177344 0.685417 0.173437 0.683333 0.172656 0.683333 0.151562 0.663542 0.150781 0.663542 0.144531 0.652083 0.138281 0.647917 0.137500 0.646875 0.136719 0.643750 0.135937 0.642708 0.135937 0.637839 0.135406 0.633170 0.134363 0.628347 0.131408 0.620795 0.127995 0.616760 0.127472 0.613898 0.127995 0.611294 0.129425 0.609388 0.131378 0.608690 0.133331 0.609388 0.135856 0.611458 0.137500 0.611458 0.139061 0.613540 0.143782 0.615581 0.145259 0.617293 0.148814 0.618419 0.150175 0.619435 0.159375 0.617708 0.167187 0.623958 0.167969 0.625000 0.177344 0.622917 0.178125 0.621875 0.185156 0.621875 0.192969 0.625000 0.193750 0.629167 0.194531 0.630208 0.192969 0.646875 0.196418 0.649941 0.197760 0.649461 0.199713 0.650159 0.201143 0.652065 0.201666 0.654669
0 0.267969 0.323958 0.267188 0.322917 0.267188 0.320833 0.257031 0.320833 0.245312 0.330208 0.241406 0.331250 0.239063 0.334375 0.239063 0.339583 0.237500 0.341667 0.228906 0.339583 0.228125 0.340625 0.224219 0.352083 0.221094 0.356250 0.220312 0.356250 0.212500 0.360417 0.197656 0.363542 0.193750 0.369792 0.193750 0.378125 0.194531 0.378125 0.196875 0.380208 0.200781 0.379167 0.201563 0.380208 0.203125 0.388542 0.206250 0.391667 0.209375 0.391667 0.210156 0.390625 0.213281 0.388542 0.213281 0.387500 0.214796 0.384615 0.215571 0.384338 0.215937 0.384013 0.218098 0.380969 0.218622 0.378364 0.218622 0.377714 0.218098 0.375110 0.216546 0.373041 0.214682 0.372375 0.215113 0.370232 0.216542 0.368326 0.218496 0.367628 0.220449 0.368326 0.223098 0.372021 0.223591 0.373166 0.226562 0.373958 0.230469 0.379167 0.232813 0.379167 0.236719 0.373958 0.236719 0.372917 0.239844 0.362500 0.246094 0.355208 0.246875 0.348958 0.252344 0.343750
0 0.200000 0.286458 0.207031 0.291667 0.207813 0.292708 0.211719 0.293750 0.212500 0.294792 0.208594 0.297917 0.207813 0.298958 0.208594 0.307292 0.209375 0.308333 0.208594 0.311458 0.208594 0.312500 0.207813 0.313542 0.207031 0.314583 0.202344 0.315625 0.201563 0.315625 0.197656 0.319792 0.196875 0.320833 0.194531 0.319792 0.193750 0.319792 0.190625 0.315625 0.189844 0.314583 0.187500 0.307292 0.186719 0.306250 0.186719 0.301042 0.186719 0.300000 0.196094 0.288542 0.196875 0.287500 0.200000 0.286458
0 0.118750 0.294792 0.121875 0.296875 0.122656 0.297917 0.123438 0.304167 0.123438 0.305208 0.120313 0.314583 0.119531 0.315625 0.118750 0.326042 0.118750 0.327083 0.114844 0.332292 0.114062 0.332292 0.110937 0.330208 0.110156 0.330208 0.109375 0.322917 0.109375 0.321875 0.107813 0.319792 0.107031 0.318750 0.106250 0.313542 0.106250 0.312500 0.102344 0.305208 0.102344 0.304167 0.107813 0.297917 0.108594 0.296875 0.118750 0.294792
0 0.103369 0.310253 0.102344 0.300000 0.101562 0.298958 0.100000 0.292708 0.099219 0.291667 0.095748 0.291667 0.090152 0.295160 0.088665 0.296812 0.088882 0.301559 0.087863 0.305816 0.085442 0.309044 0.083210 0.310698 0.080034 0.311849 0.078906 0.313542 0.078125 0.313542 0.076563 0.314583 0.077344 0.314583 0.084004 0.319792 0.085502 0.317545 0.088726 0.315562 0.090679 0.314864 0.094961 0.314864 0.100991 0.312344 0.102701 0.311143
0 0.185447 0.384774 0.184923 0.382169 0.183494 0.380263 0.181540 0.379565 0.180787 0.379565 0.180178 0.379783 0.177344 0.377083 0.177344 0.370833 0.174219 0.370833 0.168750 0.375000 0.167969 0.375000 0.160938 0.378125 0.154688 0.378125 0.150000 0.371875 0.149219 0.372917 0.146875 0.377083 0.146875 0.378125 0.145775 0.383258 0.146271 0.383439 0.146766 0.384099 0.147491 0.384455 0.148649 0.385804 0.149188 0.385607 0.151475 0.385607 0.152642 0.386014 0.155411 0.386014 0.155521 0.386554 0.156221 0.387486 0.158151 0.387960 0.159480 0.388579 0.160242 0.389189 0.160642 0.389722 0.161337 0.390242 0.161149 0.391026 0.160602 0.391755 0.159572 0.392315 0.158925 0.392975 0.157725 0.393449 0.156435 0.393449 0.155913 0.393738 0.155571 0.394194 0.154504 0.395007 0.153761 0.395278 0.153152 0.395278 0.150885 0.394194 0.150332 0.393458 0.150123 0.393381 0.149529 0.392427 0.149360 0.392365 0.147741 0.390205 0.147531 0.390129 0.146208 0.388318 0.145911 0.387969 0.145092 0.387486 0.144321 0.386458 0.140625 0.386458 0.139063 0.388542 0.139844 0.398958 0.140625 0.400000 0.146094 0.404167 0.146875 0.403125 0.158594 0.402083 0.159375 0.401042 0.167187 0.395833 0.174219 0.395833 0.175000 0.394792 0.178906 0.390625 0.179688 0.390625 0.180893 0.389982 0.181540 0.389982 0.183494 0.389284 0.184923 0.387378
0 0.135156 0.421875 0.139063 0.422917 0.139844 0.422917 0.147656 0.433333 0.148438 0.434375 0.149219 0.437500 0.149219 0.438542 0.142187 0.450000 0.141406 0.451042 0.135937 0.454167 0.135156 0.454167 0.129688 0.462500 0.128906 0.463542 0.121875 0.464583 0.121094 0.464583 0.118750 0.461458 0.117969 0.460417 0.117969 0.456250 0.117969 0.455208 0.126562 0.439583 0.127344 0.438542 0.128906 0.430208 0.128906 0.429167 0.132031 0.423958 0.132812 0.422917 0.135156 0.421875
0 0.059375 0.418750 0.061719 0.419792 0.062500 0.420833 0.063281 0.434375 0.063281 0.435417 0.060937 0.441667 0.060156 0.442708 0.057031 0.442708 0.056250 0.442708 0.054688 0.439583 0.053906 0.438542 0.053125 0.426042 0.053125 0.425000 0.059375 0.418750
0 0.055678 0.488015 0.055475 0.487026 0.054928 0.486297 0.054430 0.486115 0.051562 0.482292 0.050781 0.482292 0.044531 0.477083 0.037500 0.483333 0.032813 0.483333 0.032031 0.484375 0.029687 0.491667 0.029687 0.496875 0.035825 0.505058 0.035896 0.507916 0.035753 0.508610 0.035956 0.509599 0.036503 0.510329 0.037317 0.510599 0.038059 0.510329 0.038606 0.509599 0.039318 0.508271 0.043090 0.502766 0.043588 0.501153 0.044656 0.499255 0.045537 0.497226 0.046004 0.496603 0.047099 0.495523 0.048638 0.493661 0.049732 0.492676 0.052126 0.491004 0.054928 0.489734 0.055475 0.489005
0 0.145313 0.464583 0.153906 0.464583 0.154688 0.464583 0.158594 0.476042 0.158594 0.477083 0.157812 0.479167 0.157812 0.480208 0.150781 0.487500 0.150000 0.488542 0.139063 0.490625 0.138281 0.490625 0.137500 0.485417 0.137500 0.484375 0.139844 0.477083 0.139844 0.476042 0.137500 0.471875 0.137500 0.470833 0.139063 0.467708 0.139844 0.466667 0.145313 0.464583
0 0.028906 0.198958 0.025275 0.192216 0.017711 0.194116 0.007421 0.194116 0.005468 0.193419 0.003340 0.190582 0.002468 0.186583 0.002468 0.184722 0.003587 0.179736 0.003125 0.176042 0.000000 0.172917 0.000000 0.222917 0.000443 0.223778 0.002373 0.226350 0.007779 0.231466 0.011258 0.232359 0.014387 0.231931 0.015270 0.230754 0.015591 0.229140 0.015270 0.227293 0.014585 0.226379 0.014844 0.225000 0.011719 0.220833 0.012500 0.219792 0.019531 0.218750 0.025781 0.209375 0.025781 0.208333
0 0.197656 0.078125 0.204687 0.081250 0.205469 0.082292 0.205469 0.094792 0.205469 0.095833 0.198437 0.103125 0.197656 0.104167 0.196875 0.111458 0.196875 0.112500 0.192969 0.120833 0.192969 0.121875 0.185156 0.121875 0.184375 0.121875 0.182031 0.119792 0.181250 0.119792 0.178906 0.114583 0.178125 0.113542 0.178125 0.109375 0.178125 0.108333 0.180469 0.103125 0.181250 0.102083 0.178125 0.084375 0.178125 0.083333 0.190625 0.083333 0.191406 0.083333 0.192188 0.081250 0.192969 0.080208 0.197656 0.078125
0 0.180140 0.103584 0.179642 0.101022 0.176208 0.097628 0.175734 0.095811 0.174485 0.094505 0.174219 0.091667 0.173437 0.091667 0.169531 0.089583 0.164062 0.092708 0.160156 0.097917 0.160156 0.098958 0.158594 0.101042 0.158594 0.105208 0.164844 0.113542 0.173437 0.114583 0.174219 0.113542 0.176563 0.112500 0.176563 0.109375 0.179820 0.105199 0.180140 0.103584
0 0.231250 0.037500 0.235156 0.038542 0.235937 0.038542 0.239063 0.041667 0.239844 0.042708 0.239844 0.052083 0.239844 0.053125 0.237500 0.063542 0.237500 0.064583 0.235156 0.067708 0.234375 0.068750 0.227344 0.070833 0.226562 0.070833 0.217969 0.061458 0.217188 0.060417 0.217188 0.056250 0.217188 0.055208 0.224219 0.042708 0.225000 0.041667 0.231250 0.037500
0 0.230415 0.035604 0.230094 0.033990 0.229211 0.032813 0.227344 0.032292 0.221460 0.035655 0.220857 0.036458 0.209375 0.034375 0.205469 0.035417 0.201563 0.040625 0.200781 0.047917 0.202344 0.051042 0.203125 0.051042 0.206250 0.053125 0.216406 0.054167 0.225298 0.040766 0.227790 0.039580 0.230094 0.037219
0 0.299219 0.035417 0.306250 0.035417 0.307031 0.035417 0.313281 0.037500 0.314063 0.037500 0.331250 0.055208 0.332031 0.055208 0.335156 0.063542 0.335156 0.064583 0.334375 0.065625 0.333594 0.066667 0.325000 0.063542 0.324219 0.063542 0.300781 0.047917 0.300000 0.047917 0.298438 0.045833 0.297656 0.045833 0.296875 0.040625 0.296094 0.039583 0.299219 0.035417
0 0.366406 0.075000 0.366406 0.063542 0.365625 0.062500 0.364653 0.060771 0.363685 0.059994 0.361895 0.057609 0.361233 0.056423 0.360399 0.055764 0.358949 0.053831 0.358269 0.052321 0.357949 0.050706 0.357949 0.050102 0.358383 0.048185 0.359606 0.046555 0.360681 0.046175 0.362500 0.043750 0.361719 0.042708 0.352344 0.041667 0.341406 0.053125 0.341406 0.054167 0.338281 0.060417 0.338281 0.061458 0.338467 0.062574 0.339400 0.062444 0.340611 0.062872 0.341607 0.064200 0.341928 0.065814 0.341928 0.066419 0.341607 0.068033 0.340271 0.069815 0.339753 0.070291 0.339844 0.070833 0.340625 0.071875 0.342187 0.075000 0.342969 0.075000 0.344531 0.076042 0.345313 0.075000 0.352344 0.068750 0.352344 0.067708 0.353906 0.065625 0.357031 0.065625 0.357812 0.066667 0.362500 0.075000 0.363281 0.075000 0.365625 0.076042
0 0.342969 0.011458 0.338281 0.005208 0.332031 0.005208 0.328125 0.010417 0.328125 0.019792 0.328906 0.020833 0.333594 0.029167 0.334375 0.029167 0.336719 0.031250 0.337973 0.031250 0.338408 0.031830 0.339619 0.032257 0.340945 0.031830 0.341828 0.030653 0.342148 0.029038 0.342034 0.028308 0.342148 0.025979 0.341874 0.024597
0 0.360156 0.013542 0.365625 0.013542 0.366406 0.013542 0.373437 0.016667 0.374219 0.016667 0.377344 0.020833 0.378125 0.021875 0.378906 0.031250 0.379688 0.032292 0.378906 0.035417 0.378906 0.036458 0.377344 0.037500 0.376563 0.038542 0.370312 0.038542 0.369531 0.038542 0.355469 0.032292 0.354687 0.032292 0.353125 0.028125 0.353125 0.027083 0.355469 0.022917 0.356250 0.021875 0.357031 0.017708 0.357031 0.016667 0.360156 0.013542
0 0.131250 0.000000 0.153125 0.001042 0.153125 0.002083 0.151562 0.007292 0.151562 0.008333 0.147656 0.012500 0.146875 0.013542 0.135937 0.018750 0.135156 0.018750 0.132812 0.012500 0.132031 0.011458 0.131250 0.000000
0 0.169531 0.013542 0.169531 0.007292 0.168750 0.007292 0.164062 0.006250 0.159375 0.008333 0.158594 0.009375 0.152344 0.014583 0.151562 0.014583 0.138352 0.021073 0.136241 0.021839 0.135480 0.022346 0.134216 0.024031 0.133896 0.025645 0.133896 0.027676 0.134216 0.029290 0.134506 0.029845 0.134851 0.031151 0.135612 0.032843 0.136749 0.034189 0.137960 0.034617 0.139102 0.034617 0.139844 0.034375 0.152344 0.035417 0.153125 0.036458 0.156250 0.037500 0.158646 0.037500 0.159335 0.038419 0.160800 0.038846 0.163661 0.037912 0.166066 0.034535 0.166387 0.032920 0.166387 0.031567 0.166066 0.029952 0.165812 0.029276 0.164844 0.027815 0.164844 0.021875 0.165625 0.020833
0 0.135499 0.209015 0.135499 0.207918 0.135061 0.205676 0.134356 0.203482 0.133651 0.201915 0.132062 0.199954 0.131315 0.199427 0.130887 0.198857 0.130064 0.198387 0.128383 0.197802 0.124375 0.197804 0.123521 0.197421 0.122257 0.196302 0.122058 0.195848 0.120467 0.193915 0.119192 0.193159 0.119119 0.193134 0.121875 0.188542 0.125781 0.188542 0.126562 0.187500 0.127227 0.186082 0.126184 0.184587 0.126028 0.184067 0.125708 0.182453 0.125708 0.181724 0.126028 0.180110 0.126911 0.178933 0.128360 0.178335 0.129088 0.177227 0.129408 0.175612 0.129275 0.174940 0.129374 0.174439 0.129054 0.172824 0.128351 0.171887 0.126562 0.163542 0.125781 0.162500 0.124072 0.162044 0.121322 0.164131 0.118942 0.166543 0.116338 0.170143 0.115671 0.171285 0.114929 0.172964 0.113608 0.177121 0.112972 0.179579 0.112454 0.180833 0.112020 0.182372 0.111708 0.182788 0.110729 0.185362 0.110437 0.186566 0.110126 0.189103 0.110403 0.190494 0.111259 0.192271 0.112142 0.193448 0.112808 0.194082 0.113988 0.194587 0.113867 0.195196 0.114187 0.196810 0.115353 0.198365 0.117813 0.199377 0.119304 0.201366 0.118916 0.203216 0.119034 0.205632 0.118018 0.209337 0.117554 0.210249 0.117003 0.210317 0.117044 0.209172 0.116723 0.207557 0.115548 0.204736 0.113842 0.202618 0.112784 0.201991 0.110280 0.201094 0.108987 0.201094 0.107694 0.201407 0.104132 0.202775 0.103352 0.203816 0.099901 0.205439 0.099238 0.206010 0.098725 0.206223 0.097842 0.207400 0.097522 0.209015 0.097736 0.210095 0.097639 0.211679 0.098195 0.213921 0.099195 0.215255 0.100253 0.215882 0.101464 0.216309 0.102640 0.216309 0.104729 0.215839 0.112799 0.215839 0.114561 0.216778 0.115417 0.217449 0.116628 0.217876 0.117098 0.217876 0.118309 0.217449 0.119165 0.216308 0.120190 0.215725 0.122954 0.212040 0.123231 0.211200 0.125042 0.208159 0.126990 0.208316 0.128004 0.208841 0.130228 0.211336 0.130816 0.211807 0.132027 0.212234 0.133085 0.212234 0.134296 0.211807 0.135179 0.210629 0.135499 0.209015
0 0.999219 0.469792 0.999219 0.463542 0.998437 0.463542 0.996094 0.461458 0.990625 0.461458 0.973437 0.467708 0.956250 0.467708 0.955469 0.468750 0.951562 0.470833 0.950781 0.471875 0.945560 0.475853 0.945240 0.474010 0.944357 0.472833 0.942845 0.472406 0.941031 0.473034 0.939546 0.475014 0.938944 0.476821 0.938623 0.482050 0.939069 0.483832 0.936719 0.491667 0.937500 0.497917 0.938040 0.499327 0.939676 0.501709 0.942242 0.502337 0.943453 0.501910 0.944336 0.500733 0.944594 0.498200 0.947656 0.491667 0.950000 0.491667 0.950781 0.492708 0.954688 0.504167 0.955469 0.505208 0.958594 0.507292 0.962500 0.507292 0.963281 0.506250 0.969531 0.503125 0.979688 0.505208 0.980469 0.504167 0.987500 0.503125 0.988281 0.502083 0.989844 0.491667 0.989062 0.490625 0.988979 0.489621 0.987527 0.487969 0.987207 0.486355 0.987527 0.480756 0.990331 0.478156 0.993555 0.477343 0.997656 0.469792
0 0.999871 0.469715 0.999219 0.516667 0.999219 0.517708 0.995313 0.517708 0.994531 0.517708 0.992969 0.514583 0.992188 0.513542 0.990625 0.503125 0.989844 0.502083 0.989844 0.491667 0.989844 0.490625 0.997004 0.470597
0 0.997656 0.407292 0.998437 0.407292 0.999219 0.407292 0.999219 0.442708 0.999219 0.443750 0.990625 0.439583 0.989844 0.439583 0.982812 0.431250 0.982031 0.430208 0.982031 0.425000 0.982031 0.423958 0.987500 0.416667 0.988281 0.415625 0.997656 0.407292
0 0.857812 0.178125 0.860938 0.178125 0.861719 0.178125 0.864062 0.181250 0.864844 0.182292 0.871875 0.182292 0.872656 0.182292 0.878906 0.184375 0.879687 0.184375 0.879687 0.192708 0.879687 0.193750 0.875781 0.198958 0.875000 0.200000 0.869531 0.202083 0.868750 0.203125 0.867188 0.202083 0.866406 0.202083 0.857031 0.186458 0.856250 0.185417 0.856250 0.181250 0.856250 0.180208 0.857812 0.178125
0 0.957812 0.018750 0.957812 0.010417 0.957031 0.009375 0.950000 0.008333 0.945312 0.002083 0.945312 0.000000 0.885938 0.000000 0.885156 0.003125 0.884375 0.003125 0.882031 0.005208 0.882031 0.019792 0.882812 0.020833 0.883594 0.025000 0.889062 0.031250 0.898438 0.033333 0.899219 0.034375 0.909375 0.040625 0.921094 0.037500 0.931641 0.036908 0.932102 0.040204 0.932985 0.041381 0.934196 0.041808 0.937222 0.041381 0.944483 0.034725 0.946046 0.032338 0.946454 0.030520 0.950781 0.025000 0.953906 0.023958
0 0.911719 0.056250 0.918750 0.057292 0.919531 0.057292 0.925781 0.064583 0.926562 0.065625 0.930469 0.072917 0.931250 0.073958 0.931250 0.089583 0.931250 0.090625 0.928906 0.095833 0.928906 0.096875 0.930469 0.098958 0.931250 0.100000 0.939844 0.105208 0.940625 0.105208 0.942969 0.112500 0.942969 0.113542 0.946875 0.117708 0.947656 0.118750 0.960156 0.123958 0.960938 0.125000 0.960938 0.131250 0.960938 0.132292 0.959375 0.141667 0.959375 0.142708 0.957812 0.145833 0.957031 0.146875 0.946875 0.151042 0.946094 0.152083 0.938281 0.151042 0.937500 0.151042 0.932813 0.153125 0.932031 0.154167 0.928906 0.154167 0.928125 0.154167 0.927344 0.153125 0.927344 0.152083 0.928125 0.150000 0.928906 0.148958 0.928906 0.137500 0.928906 0.136458 0.928125 0.135417 0.927344 0.134375 0.923438 0.135417 0.922656 0.135417 0.919531 0.133333 0.918750 0.133333 0.913281 0.123958 0.912500 0.122917 0.910937 0.125000 0.910156 0.126042 0.910156 0.130208 0.910156 0.131250 0.908594 0.134375 0.908594 0.135417 0.906250 0.138542 0.905469 0.139583 0.900781 0.140625 0.900000 0.139583 0.899219 0.137500 0.899219 0.136458 0.903125 0.114583 0.903906 0.113542 0.903906 0.106250 0.903906 0.105208 0.907031 0.093750 0.907813 0.092708 0.907813 0.081250 0.907813 0.080208 0.910937 0.075000 0.911719 0.073958 0.911719 0.070833 0.912500 0.069792 0.910156 0.065625 0.909375 0.064583 0.911719 0.056250
0 0.867188 0.081250 0.870313 0.081250 0.871094 0.081250 0.877344 0.085417 0.878125 0.085417 0.882812 0.092708 0.883594 0.093750 0.884375 0.101042 0.884375 0.102083 0.896094 0.110417 0.896875 0.111458 0.894531 0.122917 0.894531 0.123958 0.885156 0.128125 0.884375 0.129167 0.872656 0.130208 0.871875 0.130208 0.870313 0.133333 0.869531 0.134375 0.865625 0.135417 0.864844 0.135417 0.864062 0.132292 0.864062 0.131250 0.867969 0.115625 0.868750 0.114583 0.867188 0.103125 0.866406 0.102083 0.867188 0.095833 0.867969 0.094792 0.867188 0.085417 0.866406 0.084375 0.867188 0.081250
0 0.600781 0.215625 0.605469 0.217708 0.606250 0.218750 0.610156 0.218750 0.610938 0.218750 0.620313 0.230208 0.621094 0.231250 0.618750 0.236458 0.618750 0.237500 0.624219 0.247917 0.625000 0.248958 0.627344 0.257292 0.628125 0.258333 0.626563 0.262500 0.625781 0.263542 0.621875 0.264583 0.621094 0.265625 0.614844 0.263542 0.614062 0.263542 0.611719 0.258333 0.610938 0.257292 0.610156 0.250000 0.610156 0.248958 0.607812 0.243750 0.607812 0.242708 0.606250 0.240625 0.605469 0.239583 0.598437 0.238542 0.597656 0.237500 0.593750 0.221875 0.593750 0.220833 0.595313 0.217708 0.596094 0.216667 0.600781 0.215625
0 0.879687 0.311458 0.882812 0.313542 0.883594 0.314583 0.889062 0.325000 0.889844 0.326042 0.892188 0.341667 0.892969 0.342708 0.892188 0.351042 0.892188 0.352083 0.887500 0.355208 0.886719 0.355208 0.882031 0.361458 0.881250 0.362500 0.878125 0.361458 0.877344 0.361458 0.877344 0.358333 0.876563 0.357292 0.880469 0.350000 0.881250 0.348958 0.882812 0.340625 0.882812 0.339583 0.873437 0.319792 0.872656 0.318750 0.872656 0.313542 0.872656 0.312500 0.879687 0.311458
0 0.964844 0.318750 0.964063 0.317708 0.964063 0.308333 0.950781 0.309375 0.950000 0.308333 0.948232 0.307862 0.945229 0.310698 0.939330 0.318562 0.937583 0.319228 0.934227 0.318801 0.933166 0.317385 0.932331 0.313540 0.929194 0.310910 0.915625 0.316667 0.909375 0.329167 0.909375 0.330208 0.907813 0.335417 0.908594 0.336458 0.908594 0.338542 0.913281 0.342708 0.916406 0.342708 0.922656 0.334375 0.927344 0.334375 0.928125 0.335417 0.930469 0.336458 0.936719 0.335417 0.939063 0.337500 0.939844 0.336458 0.949863 0.330009 0.951016 0.328471 0.951071 0.328196 0.951983 0.326980 0.952135 0.326574 0.953778 0.324384 0.955298 0.322966 0.956076 0.322649 0.956361 0.322358 0.959244 0.321525 0.959886 0.321525 0.960460 0.321322 0.962284 0.321322 0.962782 0.321498
0 0.779687 0.255208 0.789062 0.256250 0.789844 0.256250 0.800781 0.277083 0.801562 0.278125 0.800781 0.282292 0.800781 0.283333 0.785156 0.301042 0.784375 0.302083 0.782031 0.302083 0.781250 0.302083 0.778906 0.300000 0.778125 0.298958 0.770312 0.282292 0.769531 0.281250 0.769531 0.279167 0.769531 0.278125 0.775000 0.273958 0.775781 0.272917 0.773438 0.262500 0.773438 0.261458 0.779687 0.255208
0 0.606250 0.404167 0.609375 0.404167 0.610156 0.404167 0.610156 0.405208 0.610156 0.406250 0.612500 0.408333 0.613281 0.409375 0.622656 0.410417 0.623437 0.410417 0.627344 0.414583 0.628125 0.415625 0.628125 0.417708 0.628125 0.418750 0.625000 0.427083 0.625000 0.428125 0.621094 0.432292 0.620313 0.433333 0.612500 0.438542 0.611719 0.439583 0.607812 0.439583 0.607031 0.439583 0.601562 0.431250 0.600781 0.430208 0.600781 0.423958 0.600781 0.422917 0.598437 0.409375 0.598437 0.408333 0.600000 0.406250 0.600781 0.405208 0.606250 0.404167
0 0.600781 0.468750 0.600781 0.457292 0.600000 0.456250 0.597656 0.450000 0.597656 0.448958 0.600000 0.433333 0.599219 0.432292 0.598437 0.430208 0.597656 0.430208 0.594531 0.429167 0.584375 0.436458 0.580469 0.441667 0.580469 0.442708 0.579688 0.448958 0.575781 0.454167 0.575781 0.455208 0.574219 0.461458 0.571875 0.464583 0.571094 0.464583 0.567969 0.465625 0.567187 0.464583 0.560937 0.462500 0.560156 0.462500 0.555469 0.463542 0.555469 0.464583 0.554688 0.470833 0.555469 0.471875 0.556250 0.477083 0.557031 0.478125 0.561719 0.482292 0.561719 0.483333 0.566406 0.493750 0.567187 0.494792 0.570312 0.497917 0.580469 0.497917 0.581250 0.496875 0.581250 0.494792 0.582031 0.493750 0.584375 0.491667 0.583594 0.491667 0.580469 0.486458 0.582812 0.483333 0.588281 0.483333 0.589063 0.482292 0.595313 0.470833 0.599219 0.470833
0 0.585156 0.421875 0.585156 0.408333 0.584375 0.407292 0.581250 0.404167 0.576562 0.404167 0.575461 0.406369 0.574700 0.410606 0.574507 0.411249 0.573832 0.412277 0.573609 0.412871 0.573479 0.413531 0.573479 0.416087 0.573674 0.416802 0.573882 0.417335 0.576556 0.417335 0.577498 0.417668 0.577725 0.417221 0.578695 0.417078 0.579502 0.417377 0.580080 0.417763 0.580963 0.418940 0.581252 0.419582 0.581718 0.421988 0.582812 0.422917 0.583594 0.422917
0 0.625781 0.492708 0.629687 0.496875 0.630469 0.497917 0.631250 0.504167 0.632031 0.505208 0.631250 0.508333 0.631250 0.509375 0.629687 0.510417 0.628906 0.511458 0.617188 0.514583 0.616406 0.515625 0.610938 0.514583 0.610156 0.514583 0.609375 0.512500 0.609375 0.511458 0.612500 0.504167 0.612500 0.503125 0.614844 0.500000 0.615625 0.498958 0.625781 0.492708
0 0.590625 0.543750 0.588281 0.544792 0.587500 0.545833 0.580469 0.545833 0.578125 0.543750 0.577344 0.542708 0.577344 0.538542 0.580469 0.534375 0.579688 0.528125 0.579688 0.527083 0.577344 0.522917 0.576562 0.521875 0.568750 0.521875 0.567020 0.524182 0.567226 0.525223 0.566906 0.526838 0.566023 0.528015 0.565559 0.528266 0.565194 0.528752 0.563297 0.529807 0.563120 0.530043 0.559919 0.531178 0.559111 0.531886 0.557900 0.532313 0.556551 0.531886 0.555668 0.530709 0.555348 0.529094 0.555668 0.527480 0.556689 0.526118 0.557380 0.525565 0.560164 0.524431 0.560937 0.519792 0.560937 0.518750 0.567236 0.512751 0.567236 0.510765 0.566545 0.507529 0.566130 0.504580 0.566451 0.502781 0.567334 0.501604 0.568959 0.500992 0.569789 0.500992 0.571000 0.501420 0.571967 0.502341 0.573126 0.503887 0.573453 0.504690 0.573818 0.505177 0.574144 0.506165 0.574870 0.507133 0.575423 0.507502 0.576346 0.508785 0.579688 0.511458 0.580469 0.511458 0.595313 0.529167 0.596094 0.535417 0.596094 0.536458
0 0.638281 0.443750 0.640625 0.443750 0.641406 0.443750 0.642969 0.450000 0.642969 0.451042 0.639844 0.456250 0.639062 0.457292 0.639062 0.464583 0.639062 0.465625 0.637500 0.467708 0.636719 0.468750 0.628125 0.472917 0.627344 0.473958 0.614844 0.472917 0.614062 0.471875 0.614062 0.468750 0.614062 0.467708 0.615625 0.464583 0.615625 0.463542 0.617969 0.463542 0.618750 0.463542 0.620313 0.461458 0.621094 0.460417 0.621094 0.458333 0.621094 0.457292 0.626563 0.454167 0.627344 0.454167 0.632031 0.447917 0.632812 0.446875 0.638281 0.443750
0 0.727738 0.475733 0.727344 0.473923 0.727344 0.472917 0.726589 0.472917 0.724219 0.471875 0.712399 0.478259 0.712154 0.478173 0.710943 0.478600 0.710060 0.479777 0.709739 0.481391 0.710060 0.483103 0.711382 0.484671 0.713763 0.485488 0.716251 0.485488 0.718226 0.485098 0.720462 0.484183 0.722291 0.483012 0.724486 0.481256 0.726096 0.479598 0.726978 0.478421 0.727344 0.477738 0.727738 0.475733
0 0.735156 0.478125 0.743750 0.478125 0.744531 0.478125 0.748437 0.486458 0.748437 0.487500 0.745313 0.492708 0.744531 0.493750 0.732812 0.497917 0.732031 0.498958 0.729688 0.496875 0.729688 0.495833 0.732031 0.484375 0.732031 0.483333 0.735156 0.478125
0 0.740220 0.531004 0.739899 0.529287 0.738479 0.527393 0.737775 0.526763 0.736826 0.524780 0.735573 0.523171 0.735156 0.521875 0.734494 0.521875 0.734176 0.521451 0.732965 0.521024 0.732409 0.521220 0.731250 0.520833 0.726836 0.525754 0.725781 0.527083 0.725479 0.528751 0.725479 0.529775 0.725781 0.531421 0.725781 0.532292 0.726310 0.533094 0.727874 0.537229 0.728203 0.537770 0.728906 0.539583 0.729119 0.539606 0.729257 0.540302 0.730140 0.541480 0.731351 0.541907 0.732639 0.541480 0.735980 0.537024 0.736634 0.535947 0.738940 0.533898 0.739899 0.532619 0.740219 0.531004
0 0.713521 0.551275 0.713521 0.547442 0.713325 0.546135 0.712744 0.543650 0.711811 0.542406 0.711719 0.541667 0.710938 0.541667 0.704688 0.539583 0.700781 0.543750 0.700781 0.548958 0.703110 0.552063 0.704674 0.552578 0.705556 0.553755 0.705949 0.554452 0.706530 0.557025 0.706530 0.557635 0.706210 0.559249 0.705127 0.560506 0.704669 0.560680 0.703721 0.561944 0.703401 0.563558 0.703721 0.565173 0.704604 0.566350 0.705815 0.566777 0.707549 0.566089 0.708416 0.565106 0.710685 0.563650 0.711795 0.562517 0.712744 0.561253 0.713456 0.557896 0.713521 0.551275
0 0.691406 0.512500 0.703125 0.517708 0.703906 0.517708 0.705469 0.520833 0.706250 0.521875 0.707812 0.533333 0.707812 0.534375 0.700781 0.542708 0.700000 0.543750 0.696094 0.543750 0.695312 0.543750 0.694531 0.541667 0.693750 0.540625 0.692969 0.525000 0.692969 0.523958 0.690625 0.514583 0.689844 0.513542 0.691406 0.512500
0 0.718414 0.507206 0.717969 0.505208 0.716406 0.503125 0.706250 0.502083 0.701562 0.506250 0.701562 0.507292 0.702344 0.513542 0.704688 0.516667 0.705469 0.516667 0.709375 0.517708 0.709651 0.517340 0.710158 0.517480 0.711589 0.516905 0.712982 0.515194 0.714455 0.514113 0.715364 0.513195 0.716406 0.512500 0.716406 0.512099 0.717102 0.511172 0.717653 0.510143 0.717882 0.509103 0.718094 0.508820
0 0.771305 0.584026 0.770984 0.582261 0.770541 0.581670 0.770081 0.579549 0.769403 0.578043 0.768407 0.576716 0.768028 0.576511 0.766826 0.575209 0.766518 0.575101 0.765809 0.574456 0.764146 0.573878 0.763242 0.573728 0.761209 0.573728 0.759289 0.573276 0.757400 0.573854 0.755839 0.575784 0.755519 0.577399 0.755603 0.580534 0.755469 0.581250 0.755795 0.581685 0.756291 0.584586 0.756775 0.585683 0.756987 0.586854 0.756874 0.591858 0.757195 0.593473 0.758078 0.594650 0.759289 0.595077 0.760500 0.594650 0.761636 0.593030 0.762976 0.591951 0.763663 0.591637 0.764679 0.590734 0.765307 0.589897 0.767188 0.589583 0.767806 0.588758 0.768439 0.588902 0.769650 0.588474 0.770646 0.587147 0.771094 0.585417 0.771305 0.584026
0 0.756250 0.544792 0.759375 0.544792 0.760156 0.544792 0.766406 0.550000 0.767188 0.551042 0.767969 0.564583 0.767969 0.565625 0.764062 0.571875 0.763281 0.572917 0.756250 0.573958 0.755469 0.573958 0.746094 0.566667 0.745313 0.565625 0.746094 0.561458 0.746094 0.560417 0.756250 0.544792
0 0.713281 0.606250 0.713281 0.605208 0.712500 0.604167 0.711719 0.601042 0.707812 0.600000 0.704688 0.595833 0.704688 0.594792 0.703125 0.589583 0.702344 0.589583 0.696875 0.583333 0.689844 0.583333 0.689063 0.582292 0.686719 0.581250 0.667969 0.581250 0.664062 0.585417 0.664844 0.586458 0.665625 0.589583 0.666301 0.590485 0.665352 0.590881 0.664328 0.592247 0.662439 0.592674 0.660421 0.593870 0.659314 0.595346 0.658994 0.596960 0.659314 0.599471 0.660870 0.601844 0.662753 0.602570 0.672501 0.602271 0.675887 0.606924 0.677994 0.607650 0.681223 0.607223 0.682227 0.605431 0.682813 0.605208 0.689063 0.605208 0.692187 0.609375 0.690625 0.616667 0.690625 0.617708 0.691406 0.619792 0.692187 0.619792 0.698438 0.622917 0.703125 0.631250 0.703906 0.631250 0.705469 0.630208 0.706250 0.612500 0.708594 0.608333 0.712500 0.607292
0 0.401212 0.311349 0.400726 0.308184 0.399843 0.307007 0.398632 0.306580 0.396139 0.306801 0.395313 0.306250 0.387500 0.307292 0.382812 0.311458 0.381250 0.325000 0.371094 0.340625 0.370312 0.340625 0.364063 0.346875 0.363281 0.346875 0.358357 0.349793 0.356446 0.349319 0.352469 0.351042 0.348438 0.351042 0.347656 0.352083 0.343750 0.353125 0.342969 0.354167 0.340625 0.355208 0.336154 0.361458 0.332813 0.364583 0.332527 0.368287 0.331599 0.371692 0.330253 0.369676 0.328544 0.368806 0.326669 0.369233 0.325786 0.370410 0.325466 0.372025 0.325632 0.374239 0.327115 0.378511 0.329326 0.382124 0.332702 0.383746 0.335133 0.390089 0.336249 0.394234 0.337630 0.396076 0.338841 0.396503 0.340052 0.396076 0.342098 0.392462 0.346304 0.387297 0.347526 0.386332 0.349414 0.383593 0.353368 0.387582 0.354020 0.391355 0.354903 0.392532 0.356114 0.392960 0.358986 0.392311 0.360395 0.391188 0.365297 0.390318 0.366647 0.388239 0.372656 0.386458 0.378125 0.381250 0.381250 0.365625 0.384375 0.360417 0.385156 0.360417 0.389062 0.362500 0.394531 0.362500 0.396094 0.360417 0.396875 0.355208 0.392969 0.347917 0.394531 0.334375 0.393750 0.333333 0.392188 0.323958 0.400000 0.314583 0.400892 0.312963 0.401212 0.311349
0 0.532031 0.370833 0.528906 0.364583 0.528125 0.364583 0.523438 0.361458 0.519531 0.361458 0.515625 0.365625 0.515625 0.366667 0.514062 0.370833 0.515625 0.378125 0.521094 0.384375 0.526563 0.384375 0.527144 0.383600 0.529566 0.383242 0.530449 0.382065 0.530769 0.380451 0.530589 0.379006 0.531250 0.378125 0.531250 0.377083
0 0.656250 0.352083 0.664844 0.354167 0.665625 0.355208 0.672656 0.354167 0.673438 0.354167 0.676562 0.358333 0.677344 0.359375 0.676562 0.366667 0.676562 0.367708 0.668750 0.386458 0.667969 0.387500 0.666406 0.403125 0.666406 0.404167 0.657813 0.392708 0.657031 0.391667 0.654687 0.386458 0.654687 0.385417 0.648438 0.379167 0.647656 0.378125 0.642969 0.364583 0.642188 0.363542 0.642188 0.360417 0.642188 0.359375 0.643750 0.356250 0.644531 0.355208 0.650000 0.355208 0.650781 0.355208 0.656250 0.352083
0 0.634375 0.320833 0.647656 0.321875 0.648438 0.321875 0.656250 0.323958 0.657031 0.323958 0.659375 0.326042 0.660156 0.327083 0.659375 0.340625 0.659375 0.341667 0.655469 0.351042 0.654687 0.352083 0.644531 0.352083 0.643750 0.352083 0.628125 0.335417 0.627344 0.334375 0.627344 0.331250 0.626563 0.330208 0.628906 0.326042 0.628906 0.325000 0.634375 0.320833
0 0.661220 0.408444 0.661220 0.403500 0.660751 0.400699 0.660047 0.399563 0.659375 0.396875 0.658538 0.395759 0.657643 0.396998 0.656136 0.397623 0.653169 0.397623 0.651069 0.396998 0.649734 0.395811 0.648554 0.394238 0.647220 0.391865 0.646520 0.389153 0.645551 0.387663 0.645194 0.387537 0.639097 0.387491 0.638281 0.388542 0.634375 0.390625 0.628125 0.398958 0.628125 0.403125 0.628906 0.404167 0.635156 0.409375 0.635938 0.409375 0.642433 0.407364 0.645420 0.407364 0.648527 0.408283 0.649250 0.408283 0.652503 0.409329 0.655138 0.409345 0.655401 0.409674 0.655610 0.410726 0.657815 0.411673 0.658677 0.412381 0.659868 0.412026 0.660751 0.410849 0.661219 0.408444
0 0.661773 0.500761 0.661773 0.500138 0.661452 0.498523 0.660569 0.497346 0.659358 0.496919 0.658147 0.497346 0.657660 0.497996 0.643750 0.505208 0.642969 0.506250 0.640625 0.513542 0.641406 0.514583 0.645312 0.515625 0.646094 0.514583 0.650781 0.513542 0.651563 0.512500 0.654687 0.510417 0.657813 0.510417 0.657813 0.510246 0.658420 0.510031 0.659583 0.508481 0.660090 0.505686 0.660424 0.504992 0.660659 0.503806 0.661265 0.502998 0.661772 0.500761
0 0.680469 0.448958 0.683594 0.448958 0.684375 0.448958 0.687500 0.451042 0.688281 0.451042 0.688281 0.458333 0.688281 0.459375 0.684375 0.463542 0.683594 0.464583 0.699219 0.475000 0.700000 0.475000 0.703906 0.480208 0.704688 0.481250 0.704688 0.486458 0.703906 0.487500 0.689063 0.487500 0.688281 0.487500 0.674219 0.478125 0.673438 0.478125 0.669531 0.473958 0.668750 0.472917 0.668750 0.465625 0.668750 0.464583 0.674219 0.456250 0.674219 0.455208 0.680469 0.448958
0 0.663281 0.469792 0.660156 0.464583 0.657813 0.446875 0.656250 0.446875 0.651563 0.454167 0.641406 0.453125 0.641406 0.454167 0.640625 0.456250 0.641406 0.457292 0.642188 0.460417 0.641406 0.461458 0.639844 0.465625 0.641041 0.467037 0.641942 0.470911 0.642825 0.472088 0.644355 0.472728 0.646589 0.472515 0.649556 0.471237 0.650999 0.469525 0.653906 0.468750 0.654687 0.469792 0.657031 0.476042 0.660937 0.476042 0.661719 0.475000
0 0.772207 0.390450 0.771725 0.386466 0.771240 0.385173 0.769388 0.382919 0.767208 0.382061 0.765753 0.382061 0.762927 0.382919 0.761634 0.383996 0.758812 0.388405 0.757843 0.391206 0.757199 0.394759 0.757199 0.401222 0.757520 0.402836 0.758403 0.404014 0.759614 0.404441 0.760986 0.404014 0.764382 0.400132 0.767772 0.399059 0.769065 0.398197 0.771079 0.394435 0.772207 0.390450
0 0.923438 0.564583 0.939063 0.564583 0.939844 0.564583 0.946094 0.570833 0.946875 0.571875 0.947656 0.578125 0.947656 0.579167 0.946875 0.581250 0.946094 0.582292 0.930469 0.591667 0.929688 0.592708 0.925000 0.592708 0.924219 0.592708 0.921094 0.589583 0.920312 0.588542 0.921094 0.582292 0.921875 0.581250 0.920312 0.578125 0.919531 0.577083 0.919531 0.572917 0.919531 0.571875 0.923438 0.564583
0 0.898438 0.486458 0.908594 0.491667 0.909375 0.491667 0.910156 0.492708 0.908594 0.495833 0.908594 0.496875 0.910937 0.500000 0.911719 0.501042 0.914844 0.500000 0.915625 0.500000 0.915625 0.502083 0.915625 0.503125 0.912500 0.505208 0.911719 0.506250 0.912500 0.511458 0.912500 0.512500 0.910937 0.514583 0.910156 0.515625 0.908594 0.521875 0.907813 0.522917 0.907031 0.533333 0.907031 0.534375 0.903125 0.546875 0.902344 0.547917 0.902344 0.548958 0.902344 0.550000 0.904687 0.553125 0.905469 0.554167 0.905469 0.557292 0.905469 0.558333 0.903125 0.559375 0.902344 0.560417 0.896094 0.560417 0.895312 0.560417 0.892969 0.556250 0.892188 0.555208 0.892188 0.550000 0.892188 0.548958 0.888281 0.545833 0.887500 0.545833 0.886719 0.543750 0.885938 0.542708 0.885938 0.536458 0.885938 0.535417 0.894531 0.522917 0.894531 0.521875 0.886719 0.505208 0.886719 0.504167 0.885156 0.503125 0.884375 0.502083 0.885156 0.492708 0.885156 0.491667 0.888281 0.488542 0.889062 0.487500 0.898438 0.486458
0 0.825000 0.728125 0.828906 0.729167 0.829688 0.729167 0.834375 0.736458 0.835156 0.737500 0.834375 0.750000 0.834375 0.751042 0.832812 0.754167 0.832031 0.755208 0.828906 0.757292 0.828125 0.758333 0.818750 0.759375 0.817969 0.759375 0.816406 0.757292 0.815625 0.757292 0.813281 0.746875 0.813281 0.745833 0.815625 0.742708 0.816406 0.741667 0.818750 0.734375 0.818750 0.733333 0.825000 0.728125
0 0.785608 0.756915 0.785608 0.755366 0.785182 0.753188 0.784865 0.752343 0.784179 0.751429 0.783594 0.747917 0.782031 0.745833 0.775781 0.745833 0.771875 0.747917 0.771094 0.748958 0.770312 0.751042 0.771094 0.762500 0.770312 0.763542 0.768750 0.767708 0.768750 0.773958 0.772656 0.779167 0.776563 0.779167 0.778125 0.777083 0.778125 0.776042 0.780431 0.765793 0.781131 0.765480 0.782858 0.763317 0.783809 0.760923 0.785287 0.758529 0.785608 0.756915
0 0.636719 0.837500 0.639844 0.837500 0.640625 0.837500 0.642188 0.842708 0.642969 0.843750 0.641406 0.859375 0.641406 0.860417 0.639062 0.862500 0.638281 0.863542 0.632031 0.863542 0.631250 0.863542 0.628125 0.859375 0.627344 0.858333 0.625781 0.845833 0.625781 0.844792 0.629687 0.844792 0.630469 0.844792 0.636719 0.837500
0 0.591406 0.845833 0.596875 0.847917 0.597656 0.847917 0.598437 0.850000 0.599219 0.851042 0.596094 0.861458 0.596094 0.862500 0.592187 0.863542 0.591406 0.864583 0.581250 0.863542 0.580469 0.863542 0.579688 0.861458 0.579688 0.860417 0.581250 0.858333 0.581250 0.857292 0.591406 0.845833
0 0.567187 0.850000 0.571094 0.851042 0.571875 0.851042 0.572656 0.855208 0.573438 0.856250 0.573438 0.864583 0.572656 0.865625 0.553125 0.864583 0.552344 0.863542 0.553125 0.858333 0.553125 0.857292 0.558594 0.856250 0.559375 0.856250 0.567187 0.850000
0 0.525000 0.817708 0.531250 0.820833 0.532031 0.820833 0.537500 0.826042 0.538281 0.826042 0.539062 0.828125 0.539844 0.829167 0.539844 0.833333 0.539844 0.834375 0.535156 0.836458 0.534375 0.836458 0.531250 0.839583 0.530469 0.840625 0.525781 0.841667 0.525000 0.841667 0.523438 0.828125 0.522656 0.827083 0.522656 0.822917 0.522656 0.821875 0.525000 0.817708
0 0.325781 0.841667 0.328125 0.841667 0.328906 0.841667 0.330469 0.847917 0.331250 0.848958 0.330469 0.863542 0.329688 0.864583 0.323437 0.858333 0.322656 0.857292 0.321875 0.853125 0.321094 0.852083 0.321875 0.847917 0.321875 0.846875 0.325781 0.841667
0 0.290625 0.819792 0.292969 0.820833 0.293750 0.820833 0.296094 0.825000 0.296875 0.826042 0.296094 0.830208 0.296094 0.831250 0.294531 0.832292 0.293750 0.833333 0.289062 0.832292 0.288281 0.832292 0.286719 0.828125 0.285938 0.827083 0.285938 0.826042 0.285938 0.825000 0.290625 0.819792
0 0.270187 0.807644 0.270187 0.806826 0.269866 0.805211 0.269406 0.804393 0.268370 0.803012 0.267744 0.802791 0.266683 0.801785 0.265472 0.801357 0.262404 0.801357 0.261193 0.801785 0.259813 0.803012 0.258623 0.804598 0.257089 0.807256 0.256574 0.808966 0.256322 0.809302 0.256002 0.810916 0.256002 0.813984 0.256322 0.815598 0.256629 0.816416 0.258125 0.818412 0.259336 0.818839 0.260257 0.818839 0.261928 0.818207 0.262124 0.817945 0.263001 0.817594 0.263462 0.817184 0.264787 0.815213 0.268370 0.812685 0.269406 0.811304 0.269688 0.809496 0.269866 0.809258 0.270187 0.807644
0 0.382812 0.512500 0.389062 0.513542 0.389844 0.513542 0.391406 0.518750 0.391406 0.519792 0.385937 0.526042 0.385156 0.527083 0.371875 0.529167 0.371094 0.529167 0.370312 0.523958 0.370312 0.522917 0.374219 0.517708 0.375000 0.516667 0.382812 0.512500
0 0.364665 0.554178 0.363684 0.558962 0.363420 0.561426 0.363420 0.562835 0.364005 0.565505 0.364393 0.566520 0.361719 0.567708 0.360938 0.568750 0.353125 0.568750 0.346094 0.564583 0.345313 0.564583 0.353906 0.558333 0.354687 0.558333 0.361719 0.551042 0.364063 0.553125 0.364759 0.554053
0 0.353931 0.532957 0.353931 0.531460 0.353610 0.529845 0.352615 0.528369 0.352367 0.528281 0.351562 0.527083 0.345313 0.523958 0.344531 0.522917 0.339062 0.513542 0.335938 0.513542 0.332031 0.520833 0.331812 0.522328 0.331812 0.523376 0.332357 0.526188 0.333689 0.528114 0.333994 0.528222 0.334475 0.528713 0.336698 0.529581 0.338669 0.530713 0.339415 0.531557 0.339752 0.531707 0.340875 0.532755 0.342895 0.535000 0.344130 0.536048 0.345029 0.537246 0.346713 0.538892 0.348485 0.539619 0.349383 0.539619 0.350931 0.539042 0.351492 0.538593 0.352824 0.536817 0.353498 0.535170 0.353931 0.532957
0 0.477344 0.612500 0.485938 0.612500 0.486719 0.612500 0.489063 0.614583 0.489844 0.615625 0.491406 0.619792 0.492188 0.620833 0.491406 0.634375 0.491406 0.635417 0.486719 0.641667 0.485938 0.642708 0.479687 0.642708 0.478906 0.642708 0.475781 0.639583 0.475000 0.638542 0.474219 0.633333 0.473438 0.632292 0.473438 0.618750 0.473438 0.617708 0.477344 0.612500
0 0.393188 0.443887 0.392868 0.442272 0.391985 0.441095 0.390774 0.440668 0.388416 0.440668 0.385610 0.442173 0.385017 0.441930 0.383214 0.440451 0.380806 0.437240 0.379792 0.432483 0.380113 0.430868 0.380996 0.429691 0.382207 0.429264 0.384388 0.429691 0.388764 0.432568 0.390160 0.432938 0.387500 0.418750 0.379688 0.409375 0.375781 0.408333 0.373437 0.412500 0.372656 0.420833 0.369531 0.427083 0.366406 0.441667 0.362500 0.448958 0.355469 0.454167 0.354631 0.454167 0.350972 0.450397 0.348476 0.448918 0.343799 0.447751 0.341441 0.447751 0.338736 0.448576 0.337500 0.447917 0.337474 0.449233 0.335881 0.451759 0.335283 0.454668 0.335283 0.456516 0.335881 0.459240 0.337041 0.460787 0.341164 0.462324 0.344264 0.462257 0.348438 0.468750 0.349219 0.468750 0.356250 0.473958 0.359375 0.473958 0.360156 0.472917 0.375781 0.461458 0.379688 0.456250 0.380469 0.456250 0.384375 0.454167 0.390235 0.447106 0.391985 0.446678 0.392868 0.445501
0 0.676562 0.121875 0.689063 0.121875 0.689844 0.121875 0.689844 0.128125 0.689844 0.129167 0.691406 0.135417 0.691406 0.136458 0.700781 0.157292 0.701562 0.158333 0.700781 0.169792 0.700781 0.170833 0.698438 0.175000 0.698438 0.176042 0.696094 0.177083 0.695312 0.178125 0.686719 0.179167 0.685937 0.179167 0.680469 0.173958 0.679688 0.172917 0.664062 0.163542 0.663281 0.163542 0.656250 0.153125 0.655469 0.152083 0.655469 0.147917 0.655469 0.146875 0.661719 0.138542 0.662500 0.137500 0.669531 0.136458 0.670312 0.136458 0.673438 0.133333 0.674219 0.132292 0.674219 0.123958 0.674219 0.122917 0.676562 0.121875
0 0.853384 0.251189 0.853384 0.248751 0.852078 0.243733 0.851816 0.239697 0.851235 0.237038 0.850000 0.235417 0.848437 0.226042 0.845313 0.221875 0.840625 0.220833 0.834375 0.222917 0.833594 0.223958 0.830469 0.226042 0.830469 0.227083 0.828906 0.230208 0.829688 0.235417 0.830469 0.235417 0.834974 0.239622 0.835816 0.241660 0.840878 0.248757 0.845245 0.251097 0.848191 0.253981 0.849402 0.254408 0.852180 0.253981 0.853063 0.252803 0.853383 0.251189
0 0.725000 0.137500 0.724219 0.136458 0.720313 0.125000 0.719531 0.125000 0.716855 0.122917 0.714727 0.125490 0.711557 0.126701 0.709954 0.126274 0.707308 0.122223 0.706400 0.117708 0.700781 0.112500 0.696875 0.112500 0.689844 0.119792 0.689175 0.119792 0.689286 0.127458 0.689802 0.128928 0.690625 0.130208 0.699219 0.132292 0.700000 0.133333 0.703906 0.144792 0.707812 0.150000 0.720313 0.148958 0.723437 0.145833 0.723437 0.144792
0 0.661719 0.164583 0.664062 0.164583 0.664844 0.164583 0.667188 0.166667 0.667969 0.167708 0.668750 0.172917 0.669531 0.173958 0.668750 0.182292 0.668750 0.183333 0.661719 0.197917 0.660937 0.198958 0.655469 0.202083 0.654687 0.203125 0.646875 0.203125 0.646094 0.203125 0.641406 0.197917 0.640625 0.196875 0.639844 0.190625 0.639844 0.189583 0.641406 0.187500 0.642188 0.186458 0.651563 0.182292 0.652344 0.182292 0.660156 0.169792 0.660937 0.168750 0.661719 0.164583
0 0.696094 0.187500 0.695312 0.188542 0.694531 0.197917 0.693750 0.198958 0.694118 0.202879 0.694988 0.203186 0.695871 0.204363 0.696026 0.205143 0.696624 0.206658 0.696945 0.208273 0.696945 0.208990 0.696624 0.210604 0.696409 0.211178 0.695526 0.212355 0.693885 0.213069 0.693485 0.213069 0.692514 0.213933 0.690443 0.214647 0.689475 0.214647 0.688264 0.214220 0.687381 0.213043 0.687061 0.211428 0.687381 0.209813 0.688264 0.208636 0.689016 0.207919 0.689124 0.207374 0.685156 0.202083 0.685156 0.196875 0.684375 0.195833 0.686719 0.190625 0.687500 0.189583 0.687500 0.184375 0.689844 0.182292 0.696875 0.182292 0.697656 0.183333
0 0.728125 0.820833 0.733594 0.820833 0.734375 0.820833 0.740625 0.828125 0.741406 0.829167 0.741406 0.834375 0.741406 0.835417 0.735156 0.845833 0.734375 0.846875 0.729688 0.846875 0.728906 0.846875 0.726562 0.844792 0.725781 0.844792 0.723437 0.841667 0.722656 0.840625 0.722656 0.838542 0.721875 0.837500 0.722656 0.830208 0.722656 0.829167 0.725000 0.825000 0.725000 0.823958 0.728125 0.820833
0 0.764062 0.818750 0.766406 0.818750 0.767188 0.819792 0.767188 0.826042 0.767188 0.827083 0.766406 0.829167 0.765625 0.830208 0.763281 0.831250 0.762500 0.831250 0.760156 0.826042 0.760156 0.825000 0.764062 0.818750
0 0.843750 0.155208 0.849219 0.156250 0.850000 0.156250 0.853906 0.160417 0.854688 0.161458 0.854688 0.163542 0.854688 0.164583 0.847656 0.172917 0.846875 0.173958 0.842187 0.173958 0.841406 0.172917 0.842187 0.158333 0.842187 0.157292 0.843750 0.155208
0 0.786719 0.119792 0.792969 0.120833 0.793750 0.120833 0.798438 0.131250 0.798438 0.132292 0.793750 0.133333 0.792969 0.133333 0.788281 0.129167 0.787500 0.129167 0.785937 0.125000 0.785156 0.123958 0.786719 0.119792
0 0.875665 0.177117 0.875344 0.178731 0.874461 0.179908 0.874156 0.180016 0.874075 0.180424 0.873192 0.181601 0.871981 0.182028 0.871173 0.182028 0.869962 0.181601 0.868271 0.179501 0.867605 0.175886 0.867720 0.171115 0.868182 0.166037 0.868502 0.164423 0.869385 0.163246 0.870942 0.162818 0.872153 0.163246 0.873382 0.164731 0.874280 0.168499 0.874280 0.169337 0.874511 0.170688 0.875665 0.176039 0.875665 0.177117
0 0.426563 0.114583 0.432031 0.115625 0.432812 0.116667 0.432031 0.122917 0.432031 0.123958 0.429688 0.128125 0.428906 0.129167 0.426563 0.138542 0.426563 0.139583 0.425000 0.141667 0.424219 0.142708 0.415625 0.145833 0.414844 0.145833 0.412500 0.139583 0.411719 0.138542 0.411719 0.134375 0.411719 0.133333 0.422656 0.117708 0.423438 0.116667 0.426563 0.114583
0 0.450000 0.197917 0.453125 0.197917 0.453906 0.197917 0.460156 0.201042 0.460938 0.202083 0.472656 0.201042 0.473438 0.201042 0.475000 0.209375 0.475000 0.210417 0.474219 0.211458 0.473438 0.212500 0.469531 0.213542 0.468750 0.213542 0.461719 0.223958 0.460938 0.223958 0.448437 0.206250 0.447656 0.205208 0.447656 0.202083 0.447656 0.201042 0.450000 0.197917
0 0.248438 0.672917 0.251563 0.673958 0.252344 0.673958 0.253125 0.676042 0.253906 0.677083 0.253906 0.686458 0.253906 0.687500 0.252344 0.694792 0.252344 0.695833 0.248438 0.705208 0.248438 0.706250 0.244531 0.712500 0.244531 0.713542 0.242188 0.715625 0.241406 0.716667 0.239063 0.716667 0.238281 0.716667 0.234375 0.713542 0.233594 0.712500 0.233594 0.702083 0.233594 0.701042 0.239844 0.684375 0.239844 0.683333 0.248438 0.672917
0 0.262500 0.531250 0.267188 0.531250 0.267969 0.531250 0.270313 0.536458 0.270313 0.537500 0.273438 0.539583 0.274219 0.539583 0.276562 0.546875 0.276562 0.547917 0.275781 0.550000 0.275000 0.551042 0.267969 0.552083 0.267188 0.552083 0.260937 0.558333 0.260156 0.559375 0.257031 0.559375 0.256250 0.559375 0.254688 0.558333 0.253906 0.557292 0.252344 0.543750 0.252344 0.542708 0.253906 0.539583 0.253906 0.538542 0.262500 0.531250
0 0.279687 0.529167 0.282813 0.529167 0.283594 0.529167 0.285938 0.532292 0.286719 0.533333 0.286719 0.537500 0.286719 0.538542 0.283594 0.541667 0.282813 0.542708 0.277344 0.541667 0.276562 0.540625 0.276562 0.535417 0.276562 0.534375 0.279687 0.529167
0 0.877344 0.280208 0.881250 0.280208 0.882031 0.280208 0.886719 0.282292 0.887500 0.283333 0.894531 0.284375 0.895312 0.284375 0.896875 0.287500 0.897656 0.288542 0.896875 0.290625 0.896094 0.291667 0.894531 0.291667 0.893750 0.292708 0.882031 0.291667 0.881250 0.291667 0.878125 0.293750 0.877344 0.294792 0.875000 0.294792 0.874219 0.294792 0.871875 0.291667 0.871094 0.290625 0.871094 0.288542 0.871094 0.287500 0.877344 0.280208
0 0.887500 0.205208 0.894531 0.212500 0.895312 0.213542 0.896875 0.219792 0.896875 0.220833 0.892188 0.225000 0.891406 0.226042 0.881250 0.229167 0.880469 0.230208 0.879687 0.229167 0.878906 0.229167 0.878125 0.225000 0.877344 0.223958 0.878125 0.216667 0.878125 0.215625 0.881250 0.209375 0.881250 0.208333 0.887500 0.205208
0 0.819531 0.176042 0.825781 0.176042 0.826562 0.176042 0.829688 0.179167 0.830469 0.179167 0.830469 0.191667 0.829688 0.192708 0.822656 0.195833 0.821875 0.195833 0.814063 0.187500 0.813281 0.186458 0.813281 0.182292 0.813281 0.181250 0.819531 0.176042
0 0.844531 0.193750 0.849219 0.194792 0.850000 0.194792 0.855469 0.205208 0.856250 0.206250 0.856250 0.210417 0.856250 0.211458 0.853125 0.218750 0.852344 0.219792 0.852344 0.223958 0.851562 0.225000 0.844531 0.219792 0.843750 0.219792 0.842187 0.215625 0.842187 0.214583 0.839063 0.211458 0.838281 0.210417 0.839844 0.198958 0.839844 0.197917 0.840625 0.195833 0.841406 0.194792 0.844531 0.193750
0 0.281250 0.016667 0.284375 0.017708 0.285156 0.017708 0.285938 0.020833 0.286719 0.021875 0.285156 0.037500 0.285156 0.038542 0.283594 0.042708 0.282813 0.043750 0.276562 0.044792 0.275781 0.044792 0.274219 0.042708 0.273438 0.041667 0.274219 0.021875 0.274219 0.020833 0.276562 0.018750 0.277344 0.017708 0.281250 0.016667
0 0.467187 0.000000 0.480469 0.000000 0.481250 0.000000 0.483594 0.004167 0.484375 0.004167 0.485156 0.009375 0.485938 0.010417 0.485938 0.017708 0.485938 0.018750 0.483594 0.028125 0.482812 0.029167 0.476562 0.029167 0.475781 0.028125 0.467969 0.008333 0.467187 0.007292 0.467187 0.000000
0 0.242188 0.014583 0.247656 0.014583 0.248438 0.014583 0.250781 0.016667 0.251563 0.016667 0.252344 0.020833 0.253125 0.021875 0.253125 0.026042 0.253125 0.027083 0.251563 0.029167 0.250781 0.030208 0.239844 0.030208 0.239063 0.029167 0.237500 0.019792 0.237500 0.018750 0.242188 0.014583
0 0.586719 0.208333 0.589844 0.211458 0.590625 0.212500 0.591406 0.215625 0.592187 0.216667 0.592187 0.223958 0.592187 0.225000 0.589063 0.228125 0.588281 0.229167 0.583594 0.229167 0.582812 0.229167 0.578125 0.231250 0.577344 0.231250 0.575781 0.233333 0.575000 0.234375 0.572656 0.234375 0.571875 0.234375 0.569531 0.229167 0.568750 0.228125 0.568750 0.219792 0.568750 0.218750 0.571094 0.213542 0.571094 0.212500 0.581250 0.211458 0.582031 0.211458 0.586719 0.208333
0 0.602344 0.192708 0.607812 0.195833 0.608594 0.195833 0.610938 0.198958 0.611719 0.200000 0.611719 0.208333 0.610938 0.209375 0.595313 0.210417 0.594531 0.210417 0.589063 0.209375 0.588281 0.209375 0.585938 0.207292 0.585156 0.206250 0.588281 0.197917 0.589063 0.196875 0.599219 0.195833 0.600000 0.195833 0.602344 0.192708
0 0.696875 0.095833 0.696875 0.094792 0.693750 0.091667 0.689063 0.090625 0.685156 0.085417 0.684375 0.085417 0.678125 0.080208 0.677344 0.080208 0.671094 0.077083 0.666406 0.077083 0.660156 0.084375 0.660156 0.087500 0.660937 0.087500 0.665625 0.090625 0.660156 0.097917 0.659375 0.105208 0.664062 0.111458 0.669426 0.112477 0.671706 0.111565 0.673532 0.110104 0.677184 0.105722 0.682047 0.102617 0.684743 0.103076 0.692187 0.102083
0 0.695312 0.734375 0.694531 0.733333 0.694531 0.730208 0.692187 0.726042 0.692187 0.719792 0.692969 0.718750 0.694531 0.708333 0.685937 0.698958 0.675781 0.702083 0.671094 0.695833 0.671094 0.694792 0.669531 0.690625 0.668750 0.690625 0.665625 0.688542 0.658594 0.688542 0.653906 0.682292 0.653125 0.678125 0.652344 0.678125 0.638281 0.665625 0.636719 0.670833 0.629687 0.680208 0.633594 0.696875 0.638281 0.702083 0.638281 0.703125 0.646094 0.715625 0.648983 0.716328 0.652978 0.726991 0.655699 0.732172 0.657031 0.737500 0.657813 0.737500 0.670312 0.751042 0.670312 0.758333 0.671094 0.759375 0.673438 0.766667 0.682031 0.768750 0.682813 0.767708 0.685937 0.760417 0.691406 0.754167 0.691406 0.753125 0.694531 0.743750 0.694531 0.742708
0 0.450000 0.825000 0.454688 0.825000 0.455469 0.825000 0.457813 0.827083 0.458594 0.827083 0.461719 0.832292 0.462500 0.833333 0.464062 0.841667 0.464062 0.842708 0.461719 0.842708 0.460938 0.842708 0.459375 0.840625 0.458594 0.840625 0.452344 0.832292 0.451562 0.831250 0.450000 0.827083 0.449219 0.826042 0.450000 0.825000
0 0.064844 0.646875 0.077344 0.648958 0.078125 0.648958 0.078906 0.650000 0.079687 0.651042 0.080469 0.656250 0.081250 0.657292 0.080469 0.659375 0.080469 0.660417 0.077344 0.662500 0.076563 0.663542 0.060156 0.662500 0.059375 0.662500 0.058594 0.660417 0.057813 0.659375 0.058594 0.655208 0.058594 0.654167 0.064844 0.646875
0 0.696094 0.375000 0.700000 0.383333 0.700000 0.384375 0.711719 0.395833 0.712500 0.396875 0.712500 0.402083 0.712500 0.403125 0.709375 0.406250 0.708594 0.407292 0.710938 0.413542 0.711719 0.414583 0.711719 0.417708 0.711719 0.418750 0.705469 0.423958 0.704688 0.425000 0.671094 0.423958 0.670312 0.423958 0.670312 0.409375 0.670312 0.408333 0.668750 0.394792 0.667969 0.393750 0.669531 0.386458 0.669531 0.385417 0.675000 0.381250 0.675781 0.381250 0.677344 0.378125 0.678125 0.377083 0.679688 0.377083 0.680469 0.376042 0.682813 0.379167 0.683594 0.380208 0.688281 0.381250 0.689063 0.381250 0.696094 0.375000
0 0.992188 0.519792 0.998437 0.519792 0.999219 0.519792 0.999219 0.561458 0.999219 0.562500 0.994531 0.560417 0.993750 0.560417 0.991406 0.562500 0.990625 0.563542 0.982812 0.563542 0.982031 0.563542 0.978125 0.567708 0.977344 0.568750 0.975000 0.568750 0.974219 0.569792 0.971094 0.569792 0.970313 0.569792 0.964844 0.565625 0.964063 0.565625 0.961719 0.560417 0.960938 0.559375 0.960938 0.553125 0.960938 0.552083 0.963281 0.545833 0.963281 0.544792 0.971094 0.537500 0.971875 0.536458 0.976562 0.534375 0.977344 0.534375 0.984375 0.522917 0.985156 0.521875 0.992188 0.519792
0 0.821094 0.248958 0.826562 0.252083 0.827344 0.252083 0.829688 0.255208 0.830469 0.255208 0.834375 0.260417 0.835156 0.261458 0.835938 0.266667 0.835938 0.267708 0.835156 0.268750 0.834375 0.269792 0.829688 0.270833 0.828906 0.270833 0.821875 0.278125 0.821094 0.279167 0.807813 0.275000 0.807031 0.275000 0.806250 0.272917 0.806250 0.271875 0.809375 0.257292 0.809375 0.256250 0.812500 0.255208 0.813281 0.255208 0.814844 0.253125 0.815625 0.252083 0.821094 0.248958
0 0.809375 0.212500 0.813281 0.212500 0.814063 0.212500 0.821094 0.223958 0.821875 0.225000 0.822656 0.231250 0.822656 0.232292 0.821094 0.235417 0.820312 0.236458 0.814063 0.237500 0.813281 0.237500 0.810156 0.236458 0.809375 0.235417 0.803125 0.235417 0.802344 0.235417 0.799219 0.232292 0.798438 0.231250 0.799219 0.227083 0.799219 0.226042 0.809375 0.212500
0 0.466406 0.425000 0.469531 0.425000 0.470313 0.425000 0.473438 0.428125 0.474219 0.429167 0.475781 0.439583 0.476562 0.440625 0.476562 0.445833 0.476562 0.446875 0.470313 0.457292 0.469531 0.458333 0.467969 0.457292 0.467187 0.457292 0.465625 0.452083 0.465625 0.451042 0.464062 0.450000 0.463281 0.448958 0.451562 0.446875 0.450781 0.445833 0.452344 0.437500 0.452344 0.436458 0.453125 0.435417 0.453906 0.434375 0.457813 0.433333 0.458594 0.433333 0.460938 0.429167 0.461719 0.428125 0.466406 0.425000
0 0.497656 0.375000 0.502344 0.376042 0.503125 0.376042 0.505469 0.389583 0.505469 0.390625 0.507031 0.392708 0.507812 0.393750 0.514844 0.396875 0.515625 0.397917 0.514062 0.419792 0.514062 0.420833 0.512500 0.422917 0.511719 0.423958 0.503125 0.429167 0.502344 0.430208 0.499219 0.430208 0.498437 0.430208 0.492969 0.427083 0.492188 0.426042 0.492188 0.419792 0.492969 0.418750 0.489844 0.410417 0.489063 0.409375 0.490625 0.391667 0.490625 0.390625 0.492969 0.383333 0.492969 0.382292 0.497656 0.375000
0 0.225000 0.622917 0.228906 0.622917 0.229687 0.622917 0.235156 0.629167 0.235937 0.630208 0.240625 0.646875 0.241406 0.647917 0.241406 0.652083 0.241406 0.653125 0.229687 0.654167 0.228906 0.654167 0.225000 0.648958 0.224219 0.647917 0.217188 0.642708 0.216406 0.641667 0.217188 0.633333 0.217188 0.632292 0.214844 0.628125 0.214844 0.627083 0.221094 0.626042 0.221875 0.626042 0.225000 0.622917
0 0.999282 0.858816 0.998439 0.854608 0.996126 0.851514 0.992962 0.850389 0.991849 0.850389 0.989596 0.849670 0.989062 0.848958 0.981250 0.829167 0.981250 0.826042 0.980469 0.825000 0.976562 0.817708 0.976562 0.803125 0.975781 0.802083 0.967969 0.794792 0.967187 0.794792 0.960938 0.793750 0.950781 0.798958 0.942969 0.809375 0.942969 0.810417 0.946875 0.821875 0.947656 0.822917 0.951562 0.827083 0.951562 0.828125 0.949219 0.837500 0.950000 0.838542 0.951562 0.844792 0.952344 0.845833 0.957812 0.851042 0.958594 0.851042 0.966406 0.854167 0.967187 0.855208 0.970387 0.860417 0.970623 0.861596 0.972944 0.864679 0.976100 0.865804 0.979912 0.865804 0.980417 0.865984 0.987062 0.866164 0.989255 0.866524 0.991478 0.867243 0.992962 0.867243 0.996126 0.866118 0.998439 0.863024
0 0.989844 0.773958 0.998437 0.777083 0.999219 0.777083 0.999219 0.823958 0.999219 0.825000 0.991406 0.825000 0.990625 0.825000 0.982031 0.819792 0.981250 0.818750 0.981250 0.798958 0.981250 0.797917 0.982812 0.792708 0.983594 0.791667 0.984375 0.784375 0.984375 0.783333 0.986719 0.778125 0.986719 0.777083 0.989844 0.773958
0 0.867969 0.381250 0.867969 0.382292 0.865625 0.385417 0.860156 0.387500 0.859375 0.388542 0.853125 0.387500 0.852344 0.386458 0.851562 0.376042 0.850781 0.375000 0.851560 0.365659 0.852848 0.365201 0.855160 0.362107 0.855396 0.360933 0.857031 0.359375 0.860602 0.362837 0.861256 0.366111 0.863577 0.369194 0.867336 0.370187 0.868750 0.372917
0 0.586719 0.498958 0.589063 0.498958 0.589844 0.498958 0.592187 0.501042 0.592969 0.501042 0.598437 0.507292 0.599219 0.508333 0.600781 0.512500 0.600781 0.513542 0.598437 0.521875 0.597656 0.522917 0.595313 0.523958 0.594531 0.523958 0.583594 0.515625 0.582812 0.514583 0.582812 0.509375 0.582812 0.508333 0.584375 0.503125 0.584375 0.502083 0.586719 0.498958
0 0.504687 0.508333 0.508594 0.509375 0.509375 0.509375 0.510938 0.511458 0.511719 0.512500 0.513281 0.521875 0.513281 0.522917 0.517188 0.532292 0.517969 0.533333 0.517188 0.542708 0.517188 0.543750 0.510156 0.554167 0.510156 0.555208 0.501563 0.548958 0.500781 0.548958 0.500000 0.544792 0.499219 0.543750 0.499219 0.518750 0.499219 0.517708 0.500000 0.515625 0.500000 0.514583 0.504687 0.508333
0 0.082812 0.056250 0.095312 0.059375 0.096094 0.059375 0.098437 0.062500 0.099219 0.063542 0.101562 0.070833 0.102344 0.071875 0.102344 0.081250 0.102344 0.082292 0.106250 0.089583 0.107031 0.090625 0.107813 0.094792 0.107813 0.095833 0.103906 0.103125 0.103906 0.104167 0.100781 0.107292 0.100000 0.108333 0.097656 0.117708 0.097656 0.118750 0.095312 0.122917 0.094531 0.123958 0.087500 0.121875 0.086719 0.121875 0.081250 0.123958 0.080469 0.123958 0.075781 0.128125 0.075000 0.129167 0.069531 0.141667 0.068750 0.142708 0.070312 0.146875 0.071094 0.147917 0.069531 0.154167 0.068750 0.155208 0.070312 0.177083 0.070312 0.178125 0.067187 0.179167 0.066406 0.179167 0.064062 0.178125 0.063281 0.178125 0.058594 0.172917 0.057813 0.171875 0.056250 0.164583 0.055469 0.163542 0.056250 0.159375 0.057031 0.158333 0.055469 0.154167 0.054688 0.153125 0.053125 0.137500 0.053125 0.136458 0.050781 0.129167 0.050781 0.128125 0.046875 0.121875 0.046094 0.120833 0.040625 0.116667 0.039844 0.115625 0.039062 0.111458 0.039062 0.110417 0.042188 0.104167 0.042969 0.103125 0.042188 0.089583 0.042188 0.088542 0.044531 0.080208 0.045312 0.079167 0.057031 0.078125 0.057813 0.078125 0.067187 0.075000 0.067969 0.075000 0.071094 0.069792 0.071875 0.068750 0.075781 0.067708 0.076563 0.067708 0.078125 0.065625 0.078906 0.064583 0.078906 0.059375 0.078906 0.058333 0.082812 0.056250
0 0.432031 0.018750 0.453125 0.021875 0.453906 0.022917 0.452344 0.029167 0.452344 0.030208 0.450000 0.031250 0.449219 0.032292 0.447656 0.037500 0.446875 0.038542 0.447656 0.040625 0.448437 0.041667 0.447656 0.053125 0.446875 0.054167 0.442969 0.054167 0.442188 0.054167 0.439844 0.052083 0.439063 0.052083 0.429688 0.041667 0.428906 0.040625 0.426563 0.032292 0.426563 0.031250 0.428906 0.022917 0.428906 0.021875 0.432031 0.018750
0 0.797656 0.293750 0.800781 0.298958 0.801562 0.300000 0.801562 0.303125 0.801562 0.304167 0.800000 0.306250 0.799219 0.307292 0.798438 0.311458 0.797656 0.312500 0.794531 0.312500 0.793750 0.312500 0.789844 0.315625 0.789062 0.316667 0.783594 0.317708 0.782813 0.317708 0.780469 0.319792 0.779687 0.320833 0.767188 0.319792 0.766406 0.318750 0.765625 0.310417 0.765625 0.309375 0.768750 0.306250 0.769531 0.305208 0.775000 0.304167 0.775781 0.304167 0.777344 0.302083 0.778125 0.301042 0.786719 0.303125 0.787500 0.303125 0.790625 0.297917 0.791406 0.296875 0.797656 0.293750
0 0.337500 0.247917 0.341406 0.252083 0.342187 0.252083 0.350000 0.263542 0.350781 0.264583 0.353906 0.267708 0.354687 0.267708 0.364063 0.280208 0.364844 0.281250 0.374219 0.287500 0.375000 0.287500 0.377344 0.291667 0.378125 0.292708 0.378906 0.322917 0.378906 0.323958 0.373437 0.332292 0.373437 0.333333 0.364844 0.342708 0.364063 0.343750 0.342969 0.351042 0.342187 0.352083 0.339062 0.352083 0.338281 0.352083 0.335156 0.346875 0.334375 0.345833 0.323437 0.337500 0.322656 0.337500 0.317188 0.321875 0.316406 0.320833 0.314844 0.311458 0.314844 0.310417 0.307031 0.301042 0.306250 0.300000 0.304688 0.293750 0.303906 0.292708 0.304688 0.284375 0.304688 0.283333 0.306250 0.280208 0.306250 0.279167 0.318750 0.263542 0.319531 0.262500 0.321875 0.257292 0.321875 0.256250 0.337500 0.247917
0 0.285938 0.045833 0.296875 0.047917 0.297656 0.047917 0.324219 0.064583 0.325000 0.065625 0.335938 0.069792 0.336719 0.069792 0.346094 0.079167 0.346875 0.080208 0.349219 0.081250 0.350000 0.081250 0.369531 0.097917 0.370312 0.098958 0.388281 0.111458 0.389062 0.111458 0.391406 0.115625 0.392188 0.116667 0.394531 0.126042 0.394531 0.127083 0.397656 0.133333 0.397656 0.134375 0.407813 0.151042 0.408594 0.152083 0.409375 0.163542 0.409375 0.164583 0.413281 0.179167 0.414062 0.180208 0.414844 0.189583 0.414844 0.190625 0.417969 0.203125 0.418750 0.204167 0.419531 0.211458 0.420312 0.212500 0.419531 0.231250 0.419531 0.232292 0.414062 0.254167 0.413281 0.255208 0.410938 0.272917 0.410938 0.273958 0.408594 0.280208 0.408594 0.281250 0.403125 0.290625 0.403125 0.291667 0.400781 0.293750 0.400000 0.294792 0.393750 0.296875 0.392969 0.297917 0.389062 0.293750 0.388281 0.292708 0.382812 0.289583 0.382031 0.288542 0.382031 0.266667 0.382031 0.265625 0.379688 0.259375 0.379688 0.258333 0.376563 0.254167 0.375781 0.253125 0.372656 0.253125 0.371875 0.253125 0.367969 0.256250 0.367188 0.256250 0.362500 0.261458 0.361719 0.261458 0.360156 0.266667 0.360156 0.267708 0.357812 0.268750 0.357031 0.268750 0.339844 0.246875 0.339062 0.245833 0.334375 0.232292 0.333594 0.231250 0.333594 0.210417 0.333594 0.209375 0.330469 0.188542 0.329688 0.187500 0.328906 0.171875 0.328906 0.170833 0.325000 0.153125 0.325000 0.152083 0.317969 0.134375 0.317969 0.133333 0.310937 0.119792 0.310937 0.118750 0.304688 0.111458 0.303906 0.110417 0.303906 0.109375 0.303906 0.108333 0.301563 0.105208 0.301563 0.104167 0.292969 0.092708 0.292187 0.091667 0.286719 0.087500 0.285938 0.087500 0.282031 0.082292 0.281250 0.081250 0.280469 0.072917 0.280469 0.071875 0.285938 0.045833
0 0.728125 0.555208 0.730469 0.555208 0.731250 0.555208 0.732812 0.557292 0.733594 0.558333 0.732031 0.563542 0.731250 0.564583 0.732031 0.565625 0.732812 0.566667 0.735156 0.565625 0.735938 0.565625 0.741406 0.572917 0.742188 0.573958 0.742188 0.576042 0.742969 0.577083 0.740625 0.589583 0.740625 0.590625 0.738281 0.593750 0.737500 0.594792 0.733594 0.596875 0.732812 0.597917 0.728125 0.595833 0.727344 0.595833 0.724219 0.591667 0.723437 0.591667 0.716406 0.582292 0.715625 0.581250 0.714844 0.577083 0.714063 0.576042 0.714063 0.569792 0.714063 0.568750 0.715625 0.565625 0.715625 0.564583 0.728125 0.555208
0 0.875781 0.539583 0.879687 0.539583 0.880469 0.539583 0.882031 0.541667 0.882812 0.542708 0.882031 0.553125 0.882031 0.554167 0.883594 0.560417 0.883594 0.561458 0.881250 0.563542 0.880469 0.564583 0.878125 0.564583 0.877344 0.564583 0.872656 0.571875 0.871875 0.571875 0.868750 0.569792 0.867969 0.569792 0.863281 0.563542 0.862500 0.562500 0.860938 0.554167 0.860938 0.553125 0.865625 0.546875 0.866406 0.545833 0.869531 0.544792 0.870313 0.544792 0.875781 0.539583
0 0.716406 0.231250 0.717969 0.231250 0.718750 0.231250 0.719531 0.234375 0.720313 0.235417 0.718750 0.250000 0.718750 0.251042 0.717187 0.255208 0.717187 0.256250 0.710938 0.262500 0.710156 0.263542 0.701562 0.263542 0.700781 0.263542 0.697656 0.257292 0.696875 0.256250 0.697656 0.244792 0.697656 0.243750 0.699219 0.241667 0.700000 0.240625 0.707812 0.239583 0.708594 0.239583 0.716406 0.231250
0 0.652344 0.580208 0.651563 0.579167 0.648438 0.569792 0.647656 0.568750 0.643750 0.568750 0.632812 0.575000 0.632031 0.581250 0.633594 0.584375 0.638808 0.586345 0.641924 0.584769 0.646914 0.584769 0.648569 0.585329 0.651563 0.583333 0.651563 0.582292
0 0.667077 0.427026 0.667077 0.426349 0.666553 0.423745 0.666046 0.422391 0.665538 0.421545 0.663093 0.418455 0.661347 0.417831 0.656250 0.410417 0.655469 0.410417 0.644531 0.408333 0.639062 0.413542 0.638281 0.413542 0.629687 0.416667 0.628906 0.417708 0.626563 0.425000 0.623437 0.429167 0.622656 0.429167 0.620313 0.432292 0.619531 0.432292 0.615625 0.434375 0.614844 0.435417 0.611719 0.441667 0.610938 0.441667 0.607031 0.442708 0.607031 0.443750 0.605469 0.451042 0.605469 0.452083 0.606250 0.460417 0.609375 0.460417 0.610938 0.458333 0.611719 0.458333 0.614062 0.459375 0.621094 0.448958 0.621875 0.448958 0.625000 0.445833 0.628906 0.445833 0.629687 0.444792 0.635938 0.440625 0.639844 0.440625 0.640625 0.439583 0.649219 0.436458 0.650000 0.435417 0.653125 0.433333 0.653906 0.433333 0.658481 0.432571 0.660379 0.433249 0.662332 0.432551 0.662570 0.432234 0.663170 0.432234 0.665124 0.431536 0.666553 0.429630
0 0.968750 0.154167 0.971094 0.154167 0.971875 0.154167 0.974219 0.156250 0.975000 0.157292 0.975781 0.166667 0.976562 0.167708 0.975000 0.171875 0.975000 0.172917 0.968750 0.179167 0.967969 0.180208 0.958594 0.184375 0.957812 0.184375 0.944531 0.181250 0.943750 0.181250 0.938281 0.176042 0.937500 0.175000 0.939844 0.164583 0.939844 0.163542 0.942187 0.158333 0.942969 0.157292 0.955469 0.157292 0.956250 0.157292 0.968750 0.154167
