image_path,label,split,source_image,ann_id,magnification,bbox_w,bbox_h,px_size,um_per_px,size_nm,polymer_label
resultados/01_extract_real_crops/data/real_crops/train/PE/PE-1000x_312.png,NANOPLASTIC,train,PE-1000x.png,312,1000,6,4,6,0.1,600.0000000000001,PE
resultados/01_extract_real_crops/data/real_crops/train/PE/PE-1000x_278.png,MICROPLASTIC,train,PE-1000x.png,278,1000,11,7,11,0.1,1100.0,PE
resultados/01_extract_real_crops/data/real_crops/train/PE/PE-3000X_407.png,NANOPLASTIC,train,PE-3000X.png,407,3000,29,20,29,0.03333333333333333,966.6666666666666,PE
resultados/01_extract_real_crops/data/real_crops/train/PE/PE 500-2_192.png,MICROPLASTIC,train,PE 500-2.png,192,500,7,8,8,0.2,1600.0,PE
resultados/01_extract_real_crops/data/real_crops/train/PE/PE-2000X-3_372.png,MICROPLASTIC,train,PE-2000X-3.png,372,2000,25,25,25,0.05,1250.0,PE
resultados/01_extract_real_crops/data/real_crops/train/PE/PE 3000X 3_124.png,MICROPLASTIC,train,PE 3000X 3.png,124,3000,34,20,34,0.03333333333333333,1133.3333333333333,PE
resultados/01_extract_real_crops/data/real_crops/train/PE/PEL 500X_530.png,MICROPLASTIC,train,PEL 500X.png,530,500,18,12,18,0.2,3600.0,PE
resultados/01_extract_real_crops/data/real_crops/train/PE/PE-1000x_247.png,MICROPLASTIC,train,PE-1000x.png,247,1000,16,5,16,0.1,1600.0,PE
resultados/01_extract_real_crops/data/real_crops/train/PE/PE-1000x_264.png,NANOPLASTIC,train,PE-1000x.png,264,1000,7,7,7,0.1,700.0000000000001,PE
resultados/01_extract_real_crops/data/real_crops/train/PE/PE-1000x_303.png,MICROPLASTIC,train,PE-1000x.png,303,1000,11,9,11,0.1,1100.0,PE
resultados/01_extract_real_crops/data/real_crops/train/PE/PEL 200X_449.png,MICROPLASTIC,train,PEL 200X.png,449,200,11,10,11,0.5,5500.0,PE
resultados/01_extract_real_crops/data/real_crops/train/PE/PEL 500X_539.png,MICROPLASTIC,train,PEL 500X.png,539,500,17,13,17,0.2,3400.0000000000005,PE
resultados/01_extract_real_crops/data/real_crops/train/PE/PE 3000X 3_125.png,NANOPLASTIC,train,PE 3000X 3.png,125,3000,22,20,22,0.03333333333333333,733.3333333333333,PE
resultados/01_extract_real_crops/data/real_crops/train/PE/PE-1000x_211.png,NANOPLASTIC,train,PE-1000x.png,211,1000,5,7,7,0.1,700.0000000000001,PE
resultados/01_extract_real_crops/data/real_crops/train/PE/PEL 200X_463.png,MICROPLASTIC,train,PEL 200X.png,463,200,8,9,9,0.5,4500.0,PE
resultados/01_extract_real_crops/data/real_crops/train/PE/PE 1000X 2_41.png,MICROPLASTIC,train,PE 1000X 2.png,41,1000,10,8,10,0.1,1000.0,PE
resultados/01_extract_real_crops/data/real_crops/train/PE/PE 1000X 2_17.png,MICROPLASTIC,train,PE 1000X 2.png,17,1000,9,11,11,0.1,1100.0,PE
resultados/01_extract_real_crops/data/real_crops/train/PE/PE 500-2_185.png,MICROPLASTIC,train,PE 500-2.png,185,500,158,297,297,0.2,59400.00000000001,PE
resultados/01_extract_real_crops/data/real_crops/train/PE/PEL 200X_467.png,MICROPLASTIC,train,PEL 200X.png,467,200,10,8,10,0.5,5000.0,PE
resultados/01_extract_real_crops/data/real_crops/train/PE/PE-1000x_228.png,MICROPLASTIC,train,PE-1000x.png,228,1000,26,19,26,0.1,2600.0,PE
resultados/01_extract_real_crops/data/real_crops/train/PE/PEL 200X_436.png,MICROPLASTIC,train,PEL 200X.png,436,200,15,7,15,0.5,7500.0,PE
resultados/01_extract_real_crops/data/real_crops/train/PE/PELFT 2000X_554.png,MICROPLASTIC,train,PELFT 2000X.png,554,2000,23,20,23,0.05,1150.0000000000002,PE
resultados/01_extract_real_crops/data/real_crops/train/PE/PEL 200X_459.png,MICROPLASTIC,train,PEL 200X.png,459,200,13,9,13,0.5,6500.0,PE
resultados/01_extract_real_crops/data/real_crops/train/PE/PE 1000X 3_55.png,MICROPLASTIC,train,PE 1000X 3.png,55,1000,12,8,12,0.1,1200.0000000000002,PE
resultados/01_extract_real_crops/data/real_crops/train/PE/PE-1000x_291.png,NANOPLASTIC,train,PE-1000x.png,291,1000,6,4,6,0.1,600.0000000000001,PE
resultados/01_extract_real_crops/data/real_crops/train/PE/PE-1000x_261.png,NANOPLASTIC,train,PE-1000x.png,261,1000,7,6,7,0.1,700.0000000000001,PE
resultados/01_extract_real_crops/data/real_crops/train/PE/PE 1000X 3_47.png,MICROPLASTIC,train,PE 1000X 3.png,47,1000,68,65,68,0.1,6800.000000000001,PE
resultados/01_extract_real_crops/data/real_crops/train/PE/PE-1000x_276.png,NANOPLASTIC,train,PE-1000x.png,276,1000,9,7,9,0.1,900.0,PE
resultados/01_extract_real_crops/data/real_crops/train/PE/PE 1000X 2_16.png,MICROPLASTIC,train,PE 1000X 2.png,16,1000,28,35,35,0.1,3500.0,PE
resultados/01_extract_real_crops/data/real_crops/train/PE/PEL 200X_468.png,MICROPLASTIC,train,PEL 200X.png,468,200,10,8,10,0.5,5000.0,PE
resultados/01_extract_real_crops/data/real_crops/train/PE/PELFT 2000X_568.png,NANOPLASTIC,train,PELFT 2000X.png,568,2000,10,9,10,0.05,500.0,PE
resultados/01_extract_real_crops/data/real_crops/train/PE/PE-1000x_225.png,MICROPLASTIC,train,PE-1000x.png,225,1000,10,12,12,0.1,1200.0000000000002,PE
resultados/01_extract_real_crops/data/real_crops/train/PE/PE-2-3000X_319.png,NANOPLASTIC,train,PE-2-3000X.png,319,3000,11,15,15,0.03333333333333333,500.0,PE
resultados/01_extract_real_crops/data/real_crops/train/PE/PEL 500X_491.png,MICROPLASTIC,train,PEL 500X.png,491,500,7,7,7,0.2,1400.0000000000002,PE
resultados/01_extract_real_crops/data/real_crops/train/PE/PE-1000x_219.png,NANOPLASTIC,train,PE-1000x.png,219,1000,8,6,8,0.1,800.0,PE
resultados/01_extract_real_crops/data/real_crops/train/PE/PEL 200X_426.png,MICROPLASTIC,train,PEL 200X.png,426,200,14,18,18,0.5,9000.0,PE
resultados/01_extract_real_crops/data/real_crops/train/PE/PELFT 2000X_562.png,NANOPLASTIC,train,PELFT 2000X.png,562,2000,9,9,9,0.05,450.0,PE
resultados/01_extract_real_crops/data/real_crops/train/PE/PE 1000X 3_51.png,MICROPLASTIC,train,PE 1000X 3.png,51,1000,16,15,16,0.1,1600.0,PE
resultados/01_extract_real_crops/data/real_crops/train/PE/PE 1000X 2_31.png,NANOPLASTIC,train,PE 1000X 2.png,31,1000,9,6,9,0.1,900.0,PE
resultados/01_extract_real_crops/data/real_crops/train/PE/PE-3000X_401.png,NANOPLASTIC,train,PE-3000X.png,401,3000,9,7,9,0.03333333333333333,300.0,PE
resultados/01_extract_real_crops/data/real_crops/train/PE/PE 1000X 3_84.png,MICROPLASTIC,train,PE 1000X 3.png,84,1000,9,10,10,0.1,1000.0,PE
resultados/01_extract_real_crops/data/real_crops/train/PE/PE 1000X 3_78.png,MICROPLASTIC,train,PE 1000X 3.png,78,1000,14,9,14,0.1,1400.0000000000002,PE
resultados/01_extract_real_crops/data/real_crops/train/PE/PE 500-3_197.png,MICROPLASTIC,train,PE 500-3.png,197,500,10,6,10,0.2,2000.0,PE
resultados/01_extract_real_crops/data/real_crops/train/PE/PE-1000x_223.png,MICROPLASTIC,train,PE-1000x.png,223,1000,14,9,14,0.1,1400.0000000000002,PE
resultados/01_extract_real_crops/data/real_crops/train/PE/PE 1000X 3_63.png,MICROPLASTIC,train,PE 1000X 3.png,63,1000,7,10,10,0.1,1000.0,PE
resultados/01_extract_real_crops/data/real_crops/train/PE/PE-1000x_240.png,MICROPLASTIC,train,PE-1000x.png,240,1000,17,14,17,0.1,1700.0000000000002,PE
resultados/01_extract_real_crops/data/real_crops/train/PE/PEL 200X_448.png,MICROPLASTIC,train,PEL 200X.png,448,200,13,14,14,0.5,7000.0,PE
resultados/01_extract_real_crops/data/real_crops/train/PE/PE-1000x_266.png,MICROPLASTIC,train,PE-1000x.png,266,1000,12,11,12,0.1,1200.0000000000002,PE
resultados/01_extract_real_crops/data/real_crops/train/PE/PE-1000x_302.png,NANOPLASTIC,train,PE-1000x.png,302,1000,7,5,7,0.1,700.0000000000001,PE
resultados/01_extract_real_crops/data/real_crops/train/PE/PE-3000X_398.png,NANOPLASTIC,train,PE-3000X.png,398,3000,16,15,16,0.03333333333333333,533.3333333333334,PE
resultados/01_extract_real_crops/data/real_crops/train/PE/PE-2-3000X_330.png,NANOPLASTIC,train,PE-2-3000X.png,330,3000,12,13,13,0.03333333333333333,433.33333333333337,PE
resultados/01_extract_real_crops/data/real_crops/train/PE/PEL 500X_514.png,MICROPLASTIC,train,PEL 500X.png,514,500,11,8,11,0.2,2200.0,PE
resultados/01_extract_real_crops/data/real_crops/train/PE/PE-2-3000X_331.png,NANOPLASTIC,train,PE-2-3000X.png,331,3000,10,10,10,0.03333333333333333,333.3333333333333,PE
resultados/01_extract_real_crops/data/real_crops/train/PE/PEL 500X_483.png,MICROPLASTIC,train,PEL 500X.png,483,500,8,7,8,0.2,1600.0,PE
resultados/01_extract_real_crops/data/real_crops/train/PE/PEL 500X_502.png,MICROPLASTIC,train,PEL 500X.png,502,500,11,5,11,0.2,2200.0,PE
resultados/01_extract_real_crops/data/real_crops/train/PE/PE-1000x_221.png,NANOPLASTIC,train,PE-1000x.png,221,1000,6,7,7,0.1,700.0000000000001,PE
resultados/01_extract_real_crops/data/real_crops/train/PE/PEL 500X_516.png,MICROPLASTIC,train,PEL 500X.png,516,500,7,6,7,0.2,1400.0000000000002,PE
resultados/01_extract_real_crops/data/real_crops/train/PE/PE-1000x_283.png,NANOPLASTIC,train,PE-1000x.png,283,1000,9,5,9,0.1,900.0,PE
resultados/01_extract_real_crops/data/real_crops/train/PE/PE-1000x_216.png,MICROPLASTIC,train,PE-1000x.png,216,1000,12,6,12,0.1,1200.0000000000002,PE
resultados/01_extract_real_crops/data/real_crops/train/PE/PE 1000X 3_60.png,MICROPLASTIC,train,PE 1000X 3.png,60,1000,12,9,12,0.1,1200.0000000000002,PE
resultados/01_extract_real_crops/data/real_crops/train/PE/PE 1000X 3_69.png,MICROPLASTIC,train,PE 1000X 3.png,69,1000,21,22,22,0.1,2200.0,PE
resultados/01_extract_real_crops/data/real_crops/train/PE/PE-2000X_388.png,MICROPLASTIC,train,PE-2000X.png,388,2000,26,15,26,0.05,1300.0,PE
resultados/01_extract_real_crops/data/real_crops/train/PE/PE-1000x_277.png,NANOPLASTIC,train,PE-1000x.png,277,1000,8,5,8,0.1,800.0,PE
resultados/01_extract_real_crops/data/real_crops/train/PE/PE-1000x_253.png,NANOPLASTIC,train,PE-1000x.png,253,1000,6,7,7,0.1,700.0000000000001,PE
resultados/01_extract_real_crops/data/real_crops/train/PE/PEL 200X_461.png,MICROPLASTIC,train,PEL 200X.png,461,200,11,7,11,0.5,5500.0,PE
resultados/01_extract_real_crops/data/real_crops/train/PE/PE-2000X_384.png,MICROPLASTIC,train,PE-2000X.png,384,2000,32,20,32,0.05,1600.0,PE
resultados/01_extract_real_crops/data/real_crops/train/PE/PE-2000X-3_375.png,NANOPLASTIC,train,PE-2000X-3.png,375,2000,11,10,11,0.05,550.0,PE
resultados/01_extract_real_crops/data/real_crops/train/PE/PE-1000x_295.png,MICROPLASTIC,train,PE-1000x.png,295,1000,10,7,10,0.1,1000.0,PE
resultados/01_extract_real_crops/data/real_crops/train/PE/PE-2-3000X_351.png,NANOPLASTIC,train,PE-2-3000X.png,351,3000,15,19,19,0.03333333333333333,633.3333333333333,PE
resultados/01_extract_real_crops/data/real_crops/train/PE/PE 1000X 2_13.png,MICROPLASTIC,train,PE 1000X 2.png,13,1000,25,40,40,0.1,4000.0,PE
resultados/01_extract_real_crops/data/real_crops/train/PE/PEL 500X_484.png,MICROPLASTIC,train,PEL 500X.png,484,500,10,11,11,0.2,2200.0,PE
resultados/01_extract_real_crops/data/real_crops/train/PE/PE-2-3000X_345.png,NANOPLASTIC,train,PE-2-3000X.png,345,3000,20,19,20,0.03333333333333333,666.6666666666666,PE
resultados/01_extract_real_crops/data/real_crops/train/PE/PE-2000X-3_377.png,NANOPLASTIC,train,PE-2000X-3.png,377,2000,17,13,17,0.05,850.0000000000001,PE
resultados/01_extract_real_crops/data/real_crops/train/PE/PEL 500X_517.png,MICROPLASTIC,train,PEL 500X.png,517,500,7,6,7,0.2,1400.0000000000002,PE
resultados/01_extract_real_crops/data/real_crops/train/PE/PE 500-3_204.png,MICROPLASTIC,train,PE 500-3.png,204,500,6,6,6,0.2,1200.0000000000002,PE
resultados/01_extract_real_crops/data/real_crops/train/PE/PE-1000x_290.png,MICROPLASTIC,train,PE-1000x.png,290,1000,12,9,12,0.1,1200.0000000000002,PE
resultados/01_extract_real_crops/data/real_crops/train/PE/PE 3000X 3_128.png,MICROPLASTIC,train,PE 3000X 3.png,128,3000,23,33,33,0.03333333333333333,1100.0,PE
resultados/01_extract_real_crops/data/real_crops/train/PE/PE-1000x_314.png,NANOPLASTIC,train,PE-1000x.png,314,1000,6,6,6,0.1,600.0000000000001,PE
resultados/01_extract_real_crops/data/real_crops/train/PE/PE-2000X-2_361.png,NANOPLASTIC,train,PE-2000X-2.png,361,2000,13,11,13,0.05,650.0,PE
resultados/01_extract_real_crops/data/real_crops/train/PE/PEL 500X_519.png,MICROPLASTIC,train,PEL 500X.png,519,500,8,12,12,0.2,2400.0000000000005,PE
resultados/01_extract_real_crops/data/real_crops/train/PE/PEL 500X_497.png,MICROPLASTIC,train,PEL 500X.png,497,500,33,37,37,0.2,7400.0,PE
resultados/01_extract_real_crops/data/real_crops/train/PE/PE 3000X 3_120.png,NANOPLASTIC,train,PE 3000X 3.png,120,3000,20,24,24,0.03333333333333333,800.0,PE
resultados/01_extract_real_crops/data/real_crops/train/PE/PE-2-3000X_334.png,NANOPLASTIC,train,PE-2-3000X.png,334,3000,7,8,8,0.03333333333333333,266.6666666666667,PE
resultados/01_extract_real_crops/data/real_crops/train/PE/PELFT 2000X_565.png,NANOPLASTIC,train,PELFT 2000X.png,565,2000,12,11,12,0.05,600.0000000000001,PE
resultados/01_extract_real_crops/data/real_crops/train/PE/PE-1000x_265.png,NANOPLASTIC,train,PE-1000x.png,265,1000,5,6,6,0.1,600.0000000000001,PE
resultados/01_extract_real_crops/data/real_crops/train/PE/PEL 500X_481.png,MICROPLASTIC,train,PEL 500X.png,481,500,8,5,8,0.2,1600.0,PE
resultados/01_extract_real_crops/data/real_crops/train/PE/PE-1000x_293.png,MICROPLASTIC,train,PE-1000x.png,293,1000,14,16,16,0.1,1600.0,PE
resultados/01_extract_real_crops/data/real_crops/train/PE/PE-3000X_405.png,NANOPLASTIC,train,PE-3000X.png,405,3000,15,15,15,0.03333333333333333,500.0,PE
resultados/01_extract_real_crops/data/real_crops/train/PE/PEL 200X_470.png,MICROPLASTIC,train,PEL 200X.png,470,200,9,7,9,0.5,4500.0,PE
resultados/01_extract_real_crops/data/real_crops/train/PE/PE 1000X 2_20.png,MICROPLASTIC,train,PE 1000X 2.png,20,1000,17,9,17,0.1,1700.0000000000002,PE
resultados/01_extract_real_crops/data/real_crops/train/PE/PE 1000X 2_15.png,MICROPLASTIC,train,PE 1000X 2.png,15,1000,9,10,10,0.1,1000.0,PE
resultados/01_extract_real_crops/data/real_crops/train/PE/PEL 500X_546.png,MICROPLASTIC,train,PEL 500X.png,546,500,39,30,39,0.2,7800.000000000001,PE
resultados/01_extract_real_crops/data/real_crops/train/PE/PE-1000x_236.png,NANOPLASTIC,train,PE-1000x.png,236,1000,6,7,7,0.1,700.0000000000001,PE
resultados/01_extract_real_crops/data/real_crops/train/PE/PEL 200X_434.png,MICROPLASTIC,train,PEL 200X.png,434,200,14,11,14,0.5,7000.0,PE
resultados/01_extract_real_crops/data/real_crops/train/PE/PE-2-3000X_327.png,NANOPLASTIC,train,PE-2-3000X.png,327,3000,8,8,8,0.03333333333333333,266.6666666666667,PE
resultados/01_extract_real_crops/data/real_crops/train/PE/PEL 200X_420.png,MICROPLASTIC,train,PEL 200X.png,420,200,27,58,58,0.5,29000.0,PE
resultados/01_extract_real_crops/data/real_crops/train/PE/PEL 200X_473.png,MICROPLASTIC,train,PEL 200X.png,473,200,9,6,9,0.5,4500.0,PE
resultados/01_extract_real_crops/data/real_crops/train/PE/PE 3000X 3_132.png,NANOPLASTIC,train,PE 3000X 3.png,132,3000,11,10,11,0.03333333333333333,366.66666666666663,PE
resultados/01_extract_real_crops/data/real_crops/train/PE/PE-2000X-3_368.png,MICROPLASTIC,train,PE-2000X-3.png,368,2000,40,25,40,0.05,2000.0,PE
resultados/01_extract_real_crops/data/real_crops/train/PE/PEL 200X_443.png,MICROPLASTIC,train,PEL 200X.png,443,200,14,14,14,0.5,7000.0,PE
resultados/01_extract_real_crops/data/real_crops/train/PE/PE 1000X 2_36.png,MICROPLASTIC,train,PE 1000X 2.png,36,1000,10,11,11,0.1,1100.0,PE
resultados/01_extract_real_crops/data/real_crops/train/PE/PE 1000X 3_87.png,NANOPLASTIC,train,PE 1000X 3.png,87,1000,6,8,8,0.1,800.0,PE
resultados/01_extract_real_crops/data/real_crops/train/PE/PE-2-3000X_332.png,NANOPLASTIC,train,PE-2-3000X.png,332,3000,15,9,15,0.03333333333333333,500.0,PE
resultados/01_extract_real_crops/data/real_crops/train/PE/PE-2000X-2_358.png,MICROPLASTIC,train,PE-2000X-2.png,358,2000,57,41,57,0.05,2850.0,PE
resultados/01_extract_real_crops/data/real_crops/train/PE/PEL 200X_446.png,MICROPLASTIC,train,PEL 200X.png,446,200,10,12,12,0.5,6000.0,PE
resultados/01_extract_real_crops/data/real_crops/train/PE/PEL 500X_543.png,MICROPLASTIC,train,PEL 500X.png,543,500,13,16,16,0.2,3200.0,PE
resultados/01_extract_real_crops/data/real_crops/train/PE/PE 3000X 3_127.png,NANOPLASTIC,train,PE 3000X 3.png,127,3000,24,17,24,0.03333333333333333,800.0,PE
resultados/01_extract_real_crops/data/real_crops/train/PE/PELFT 2000X_556.png,MICROPLASTIC,train,PELFT 2000X.png,556,2000,214,244,244,0.05,12200.000000000002,PE
resultados/01_extract_real_crops/data/real_crops/train/PE/PE-1000x_309.png,NANOPLASTIC,train,PE-1000x.png,309,1000,9,9,9,0.1,900.0,PE
resultados/01_extract_real_crops/data/real_crops/train/PE/PE-1000x_218.png,MICROPLASTIC,train,PE-1000x.png,218,1000,10,8,10,0.1,1000.0,PE
resultados/01_extract_real_crops/data/real_crops/train/PE/PE 500-3_196.png,MICROPLASTIC,train,PE 500-3.png,196,500,10,10,10,0.2,2000.0,PE
resultados/01_extract_real_crops/data/real_crops/train/PE/PE-1000x_310.png,NANOPLASTIC,train,PE-1000x.png,310,1000,4,5,5,0.1,500.0,PE
resultados/01_extract_real_crops/data/real_crops/train/PE/PEL 500X_503.png,MICROPLASTIC,train,PEL 500X.png,503,500,5,9,9,0.2,1800.0,PE
resultados/01_extract_real_crops/data/real_crops/train/PE/PEL 500X_520.png,MICROPLASTIC,train,PEL 500X.png,520,500,7,11,11,0.2,2200.0,PE
resultados/01_extract_real_crops/data/real_crops/train/PE/PEL 200X_428.png,MICROPLASTIC,train,PEL 200X.png,428,200,24,18,24,0.5,12000.0,PE
resultados/01_extract_real_crops/data/real_crops/train/PE/PE-2-3000X_322.png,NANOPLASTIC,train,PE-2-3000X.png,322,3000,12,12,12,0.03333333333333333,400.0,PE
resultados/01_extract_real_crops/data/real_crops/train/PE/PE 2000X2_117.png,NANOPLASTIC,train,PE 2000X2.png,117,2000,15,8,15,0.05,750.0,PE
resultados/01_extract_real_crops/data/real_crops/train/PE/PEL 500X_548.png,MICROPLASTIC,train,PEL 500X.png,548,500,100,60,100,0.2,20000.0,PE
resultados/01_extract_real_crops/data/real_crops/train/PE/PEL 500X_536.png,MICROPLASTIC,train,PEL 500X.png,536,500,14,12,14,0.2,2800.0000000000005,PE
resultados/01_extract_real_crops/data/real_crops/train/PE/PEL 200X_469.png,MICROPLASTIC,train,PEL 200X.png,469,200,11,8,11,0.5,5500.0,PE
resultados/01_extract_real_crops/data/real_crops/train/PE/PE-1000x_229.png,NANOPLASTIC,train,PE-1000x.png,229,1000,7,7,7,0.1,700.0000000000001,PE
resultados/01_extract_real_crops/data/real_crops/train/PE/PEL 200X_421.png,MICROPLASTIC,train,PEL 200X.png,421,200,52,47,52,0.5,26000.0,PE
resultados/01_extract_real_crops/data/real_crops/train/PE/PE 1000X 3_48.png,MICROPLASTIC,train,PE 1000X 3.png,48,1000,31,32,32,0.1,3200.0,PE
resultados/01_extract_real_crops/data/real_crops/train/PE/PE-1000x_316.png,NANOPLASTIC,train,PE-1000x.png,316,1000,8,6,8,0.1,800.0,PE
resultados/01_extract_real_crops/data/real_crops/train/PE/PE 1000X 3_79.png,MICROPLASTIC,train,PE 1000X 3.png,79,1000,7,11,11,0.1,1100.0,PE
resultados/01_extract_real_crops/data/real_crops/train/PE/PE 3000X 3_138.png,NANOPLASTIC,train,PE 3000X 3.png,138,3000,14,16,16,0.03333333333333333,533.3333333333334,PE
resultados/01_extract_real_crops/data/real_crops/train/PE/PEL 200X_423.png,MICROPLASTIC,train,PEL 200X.png,423,200,39,35,39,0.5,19500.0,PE
resultados/01_extract_real_crops/data/real_crops/train/PE/PE-2-3000X_343.png,NANOPLASTIC,train,PE-2-3000X.png,343,3000,22,11,22,0.03333333333333333,733.3333333333333,PE
resultados/01_extract_real_crops/data/real_crops/train/PE/PE 1000X 3_82.png,MICROPLASTIC,train,PE 1000X 3.png,82,1000,10,8,10,0.1,1000.0,PE
resultados/01_extract_real_crops/data/real_crops/train/PE/PE 3000X 3_126.png,NANOPLASTIC,train,PE 3000X 3.png,126,3000,26,22,26,0.03333333333333333,866.6666666666667,PE
resultados/01_extract_real_crops/data/real_crops/train/PE/PE 1000X 3_72.png,NANOPLASTIC,train,PE 1000X 3.png,72,1000,8,7,8,0.1,800.0,PE
resultados/01_extract_real_crops/data/real_crops/train/PE/PE-1000x_280.png,NANOPLASTIC,train,PE-1000x.png,280,1000,6,7,7,0.1,700.0000000000001,PE
resultados/01_extract_real_crops/data/real_crops/train/PE/PE 3000X 3_121.png,MICROPLASTIC,train,PE 3000X 3.png,121,3000,42,43,43,0.03333333333333333,1433.3333333333333,PE
resultados/01_extract_real_crops/data/real_crops/train/PE/PE-1000x_227.png,MICROPLASTIC,train,PE-1000x.png,227,1000,51,17,51,0.1,5100.000000000001,PE
resultados/01_extract_real_crops/data/real_crops/train/PE/PE-1000x_212.png,NANOPLASTIC,train,PE-1000x.png,212,1000,6,5,6,0.1,600.0000000000001,PE
resultados/01_extract_real_crops/data/real_crops/train/PE/PE 500-2_194.png,MICROPLASTIC,train,PE 500-2.png,194,500,7,9,9,0.2,1800.0,PE
resultados/01_extract_real_crops/data/real_crops/train/PE/PEL 200X_454.png,MICROPLASTIC,train,PEL 200X.png,454,200,30,17,30,0.5,15000.0,PE
resultados/01_extract_real_crops/data/real_crops/train/PE/PE-1000x_206.png,MICROPLASTIC,train,PE-1000x.png,206,1000,9,10,10,0.1,1000.0,PE
resultados/01_extract_real_crops/data/real_crops/train/PE/PE-1000x_282.png,NANOPLASTIC,train,PE-1000x.png,282,1000,9,6,9,0.1,900.0,PE
resultados/01_extract_real_crops/data/real_crops/train/PE/PE-1000x_208.png,NANOPLASTIC,train,PE-1000x.png,208,1000,9,7,9,0.1,900.0,PE
resultados/01_extract_real_crops/data/real_crops/train/PE/PE 1000X 2_11.png,MICROPLASTIC,train,PE 1000X 2.png,11,1000,10,13,13,0.1,1300.0,PE
resultados/01_extract_real_crops/data/real_crops/train/PE/PE 1000X 2_28.png,NANOPLASTIC,train,PE 1000X 2.png,28,1000,6,5,6,0.1,600.0000000000001,PE
resultados/01_extract_real_crops/data/real_crops/train/PE/PE-1000x_220.png,MICROPLASTIC,train,PE-1000x.png,220,1000,9,10,10,0.1,1000.0,PE
resultados/01_extract_real_crops/data/real_crops/train/PE/PE-2000X_382.png,NANOPLASTIC,train,PE-2000X.png,382,2000,9,11,11,0.05,550.0,PE
resultados/01_extract_real_crops/data/real_crops/train/PE/PE 1000X 3_86.png,NANOPLASTIC,train,PE 1000X 3.png,86,1000,8,8,8,0.1,800.0,PE
resultados/01_extract_real_crops/data/real_crops/train/PE/PEL 200X_452.png,MICROPLASTIC,train,PEL 200X.png,452,200,16,18,18,0.5,9000.0,PE
resultados/01_extract_real_crops/data/real_crops/train/PE/PE-2000X_387.png,MICROPLASTIC,train,PE-2000X.png,387,2000,19,23,23,0.05,1150.0000000000002,PE
resultados/01_extract_real_crops/data/real_crops/train/PE/PE-1000x_263.png,NANOPLASTIC,train,PE-1000x.png,263,1000,9,7,9,0.1,900.0,PE
resultados/01_extract_real_crops/data/real_crops/train/PE/PEL 500X_509.png,MICROPLASTIC,train,PEL 500X.png,509,500,12,11,12,0.2,2400.0000000000005,PE
resultados/01_extract_real_crops/data/real_crops/train/PE/PE-2-3000X_353.png,MICROPLASTIC,train,PE-2-3000X.png,353,3000,36,22,36,0.03333333333333333,1200.0,PE
resultados/01_extract_real_crops/data/real_crops/train/PE/PEL 500X_526.png,MICROPLASTIC,train,PEL 500X.png,526,500,14,13,14,0.2,2800.0000000000005,PE
resultados/01_extract_real_crops/data/real_crops/train/PE/PE 1000X 3_76.png,MICROPLASTIC,train,PE 1000X 3.png,76,1000,11,9,11,0.1,1100.0,PE
resultados/01_extract_real_crops/data/real_crops/train/PE/PE-1000x_245.png,MICROPLASTIC,train,PE-1000x.png,245,1000,13,7,13,0.1,1300.0,PE
resultados/01_extract_real_crops/data/real_crops/train/PE/PE 500-3_198.png,MICROPLASTIC,train,PE 500-3.png,198,500,13,12,13,0.2,2600.0,PE
resultados/01_extract_real_crops/data/real_crops/train/PE/PE-1000x_209.png,MICROPLASTIC,train,PE-1000x.png,209,1000,10,18,18,0.1,1800.0,PE
resultados/01_extract_real_crops/data/real_crops/train/PE/PE-1000x_242.png,NANOPLASTIC,train,PE-1000x.png,242,1000,9,7,9,0.1,900.0,PE
resultados/01_extract_real_crops/data/real_crops/train/PE/PEL 500X_482.png,MICROPLASTIC,train,PEL 500X.png,482,500,18,12,18,0.2,3600.0,PE
resultados/01_extract_real_crops/data/real_crops/train/PE/PE-1000x_235.png,NANOPLASTIC,train,PE-1000x.png,235,1000,8,7,8,0.1,800.0,PE
resultados/01_extract_real_crops/data/real_crops/train/PE/PE-2-3000X_342.png,NANOPLASTIC,train,PE-2-3000X.png,342,3000,26,18,26,0.03333333333333333,866.6666666666667,PE
resultados/01_extract_real_crops/data/real_crops/train/PE/PE-2000X-2_362.png,MICROPLASTIC,train,PE-2000X-2.png,362,2000,28,20,28,0.05,1400.0000000000002,PE
resultados/01_extract_real_crops/data/real_crops/train/PE/PE-1000x_255.png,MICROPLASTIC,train,PE-1000x.png,255,1000,9,10,10,0.1,1000.0,PE
resultados/01_extract_real_crops/data/real_crops/train/PE/PE-1000x_288.png,NANOPLASTIC,train,PE-1000x.png,288,1000,6,5,6,0.1,600.0000000000001,PE
resultados/01_extract_real_crops/data/real_crops/train/PE/PE-1000x_210.png,MICROPLASTIC,train,PE-1000x.png,210,1000,25,20,25,0.1,2500.0,PE
resultados/01_extract_real_crops/data/real_crops/train/PE/PE-2000X-3_365.png,MICROPLASTIC,train,PE-2000X-3.png,365,2000,38,15,38,0.05,1900.0000000000002,PE
resultados/01_extract_real_crops/data/real_crops/train/PE/PE-5000x-1_412.png,MICROPLASTIC,train,PE-5000x-1.png,412,5000,52,31,52,0.02,1040.0,PE
resultados/01_extract_real_crops/data/real_crops/train/PE/PE-1000x_275.png,MICROPLASTIC,train,PE-1000x.png,275,1000,10,9,10,0.1,1000.0,PE
resultados/01_extract_real_crops/data/real_crops/train/PE/PE-1000x_318.png,MICROPLASTIC,train,PE-1000x.png,318,1000,12,12,12,0.1,1200.0000000000002,PE
resultados/01_extract_real_crops/data/real_crops/train/PE/PEL 200X_474.png,MICROPLASTIC,train,PEL 200X.png,474,200,5,7,7,0.5,3500.0,PE
resultados/01_extract_real_crops/data/real_crops/train/PE/PE 1000X 2_27.png,MICROPLASTIC,train,PE 1000X 2.png,27,1000,8,11,11,0.1,1100.0,PE
resultados/01_extract_real_crops/data/real_crops/train/PE/PEL 500X_525.png,MICROPLASTIC,train,PEL 500X.png,525,500,21,19,21,0.2,4200.0,PE
resultados/01_extract_real_crops/data/real_crops/train/PE/PE 1000X 2_30.png,NANOPLASTIC,train,PE 1000X 2.png,30,1000,7,8,8,0.1,800.0,PE
resultados/01_extract_real_crops/data/real_crops/train/PE/PE 500-3_195.png,MICROPLASTIC,train,PE 500-3.png,195,500,25,24,25,0.2,5000.0,PE
resultados/01_extract_real_crops/data/real_crops/train/PE/PE-1000x_244.png,MICROPLASTIC,train,PE-1000x.png,244,1000,11,9,11,0.1,1100.0,PE
resultados/01_extract_real_crops/data/real_crops/train/PE/PE-2000X-3_369.png,MICROPLASTIC,train,PE-2000X-3.png,369,2000,27,22,27,0.05,1350.0,PE
resultados/01_extract_real_crops/data/real_crops/train/PE/PE-2000X-2_359.png,MICROPLASTIC,train,PE-2000X-2.png,359,2000,23,21,23,0.05,1150.0000000000002,PE
resultados/01_extract_real_crops/data/real_crops/train/PE/PE-5000x-1_410.png,NANOPLASTIC,train,PE-5000x-1.png,410,5000,15,19,19,0.02,380.0,PE
resultados/01_extract_real_crops/data/real_crops/train/PE/PELFT 2000X_553.png,NANOPLASTIC,train,PELFT 2000X.png,553,2000,18,16,18,0.05,900.0,PE
resultados/01_extract_real_crops/data/real_crops/train/PE/PE-1000x_214.png,MICROPLASTIC,train,PE-1000x.png,214,1000,12,8,12,0.1,1200.0000000000002,PE
resultados/01_extract_real_crops/data/real_crops/train/PE/PE-2000X-2_357.png,NANOPLASTIC,train,PE-2000X-2.png,357,2000,16,10,16,0.05,800.0,PE
resultados/01_extract_real_crops/data/real_crops/train/PE/PE-1000x_249.png,MICROPLASTIC,train,PE-1000x.png,249,1000,15,14,15,0.1,1500.0,PE
resultados/01_extract_real_crops/data/real_crops/train/PE/PE-3000X_399.png,NANOPLASTIC,train,PE-3000X.png,399,3000,14,10,14,0.03333333333333333,466.6666666666667,PE
resultados/01_extract_real_crops/data/real_crops/train/PE/PE-1000x_268.png,MICROPLASTIC,train,PE-1000x.png,268,1000,10,7,10,0.1,1000.0,PE
resultados/01_extract_real_crops/data/real_crops/train/PE/PEL 500X_545.png,MICROPLASTIC,train,PEL 500X.png,545,500,32,25,32,0.2,6400.0,PE
resultados/01_extract_real_crops/data/real_crops/train/PE/PEL 500X_494.png,MICROPLASTIC,train,PEL 500X.png,494,500,25,14,25,0.2,5000.0,PE
resultados/01_extract_real_crops/data/real_crops/train/PE/PE 1000X 2_23.png,NANOPLASTIC,train,PE 1000X 2.png,23,1000,7,9,9,0.1,900.0,PE
resultados/01_extract_real_crops/data/real_crops/train/PE/PE 1000X 3_65.png,MICROPLASTIC,train,PE 1000X 3.png,65,1000,13,11,13,0.1,1300.0,PE
resultados/01_extract_real_crops/data/real_crops/train/PE/PE 1000X 3_85.png,MICROPLASTIC,train,PE 1000X 3.png,85,1000,9,10,10,0.1,1000.0,PE
resultados/01_extract_real_crops/data/real_crops/train/PE/PE-5000x-1_409.png,NANOPLASTIC,train,PE-5000x-1.png,409,5000,27,23,27,0.02,540.0,PE
resultados/01_extract_real_crops/data/real_crops/train/PE/PE 1000X 3_49.png,MICROPLASTIC,train,PE 1000X 3.png,49,1000,14,13,14,0.1,1400.0000000000002,PE
resultados/01_extract_real_crops/data/real_crops/train/PE/PE-1000x_272.png,MICROPLASTIC,train,PE-1000x.png,272,1000,13,6,13,0.1,1300.0,PE
resultados/01_extract_real_crops/data/real_crops/train/PE/PELFT 2000X_564.png,NANOPLASTIC,train,PELFT 2000X.png,564,2000,11,11,11,0.05,550.0,PE
resultados/01_extract_real_crops/data/real_crops/train/PE/PE-2-3000X_333.png,NANOPLASTIC,train,PE-2-3000X.png,333,3000,9,7,9,0.03333333333333333,300.0,PE
resultados/01_extract_real_crops/data/real_crops/train/PE/PE-2-3000X_349.png,NANOPLASTIC,train,PE-2-3000X.png,349,3000,17,16,17,0.03333333333333333,566.6666666666666,PE
resultados/01_extract_real_crops/data/real_crops/train/PE/PE-1000x_252.png,MICROPLASTIC,train,PE-1000x.png,252,1000,13,6,13,0.1,1300.0,PE
resultados/01_extract_real_crops/data/real_crops/train/PE/PE-1000x_243.png,NANOPLASTIC,train,PE-1000x.png,243,1000,6,6,6,0.1,600.0000000000001,PE
resultados/01_extract_real_crops/data/real_crops/train/PE/PE-1000x_292.png,NANOPLASTIC,train,PE-1000x.png,292,1000,7,5,7,0.1,700.0000000000001,PE
resultados/01_extract_real_crops/data/real_crops/train/PE/PEL 200X_441.png,MICROPLASTIC,train,PEL 200X.png,441,200,10,11,11,0.5,5500.0,PE
resultados/01_extract_real_crops/data/real_crops/train/PE/PEL 500X_496.png,MICROPLASTIC,train,PEL 500X.png,496,500,10,10,10,0.2,2000.0,PE
resultados/01_extract_real_crops/data/real_crops/train/PE/PE-2-3000X_326.png,NANOPLASTIC,train,PE-2-3000X.png,326,3000,8,9,9,0.03333333333333333,300.0,PE
resultados/01_extract_real_crops/data/real_crops/train/PE/PE 3000X 3_131.png,NANOPLASTIC,train,PE 3000X 3.png,131,3000,15,15,15,0.03333333333333333,500.0,PE
resultados/01_extract_real_crops/data/real_crops/train/PE/PEL 500X_505.png,MICROPLASTIC,train,PEL 500X.png,505,500,5,9,9,0.2,1800.0,PE
resultados/01_extract_real_crops/data/real_crops/train/PE/PE-2000X_395.png,MICROPLASTIC,train,PE-2000X.png,395,2000,36,35,36,0.05,1800.0,PE
resultados/01_extract_real_crops/data/real_crops/train/PE/PE-1000x_274.png,NANOPLASTIC,train,PE-1000x.png,274,1000,7,7,7,0.1,700.0000000000001,PE
resultados/01_extract_real_crops/data/real_crops/train/PE/PE-1000x_305.png,NANOPLASTIC,train,PE-1000x.png,305,1000,5,6,6,0.1,600.0000000000001,PE
resultados/01_extract_real_crops/data/real_crops/train/PE/PE-2-3000X_354.png,MICROPLASTIC,train,PE-2-3000X.png,354,3000,62,33,62,0.03333333333333333,2066.6666666666665,PE
resultados/01_extract_real_crops/data/real_crops/train/PE/PEL 200X_465.png,MICROPLASTIC,train,PEL 200X.png,465,200,11,6,11,0.5,5500.0,PE
resultados/01_extract_real_crops/data/real_crops/train/PE/PE-2000X-3_380.png,MICROPLASTIC,train,PE-2000X-3.png,380,2000,68,114,114,0.05,5700.0,PE
resultados/01_extract_real_crops/data/real_crops/train/PE/PE-2000X_389.png,MICROPLASTIC,train,PE-2000X.png,389,2000,33,47,47,0.05,2350.0,PE
resultados/01_extract_real_crops/data/real_crops/train/PE/PE 3000X 3_136.png,MICROPLASTIC,train,PE 3000X 3.png,136,3000,34,16,34,0.03333333333333333,1133.3333333333333,PE
resultados/01_extract_real_crops/data/real_crops/train/PE/PE 1000X 3_52.png,MICROPLASTIC,train,PE 1000X 3.png,52,1000,11,10,11,0.1,1100.0,PE
resultados/01_extract_real_crops/data/real_crops/train/PE/PE 1000X 3_70.png,NANOPLASTIC,train,PE 1000X 3.png,70,1000,6,5,6,0.1,600.0000000000001,PE
resultados/01_extract_real_crops/data/real_crops/train/PE/PE-1000x_257.png,NANOPLASTIC,train,PE-1000x.png,257,1000,7,8,8,0.1,800.0,PE
resultados/01_extract_real_crops/data/real_crops/train/PE/PEL 500X_521.png,MICROPLASTIC,train,PEL 500X.png,521,500,5,6,6,0.2,1200.0000000000002,PE
resultados/01_extract_real_crops/data/real_crops/train/PE/PE-3000X_406.png,NANOPLASTIC,train,PE-3000X.png,406,3000,18,10,18,0.03333333333333333,600.0,PE
resultados/01_extract_real_crops/data/real_crops/train/PE/PEL 200X_466.png,MICROPLASTIC,train,PEL 200X.png,466,200,6,10,10,0.5,5000.0,PE
resultados/01_extract_real_crops/data/real_crops/train/PE/PEL 500X_495.png,MICROPLASTIC,train,PEL 500X.png,495,500,25,24,25,0.2,5000.0,PE
resultados/01_extract_real_crops/data/real_crops/train/PE/PELFT 2000X_574.png,NANOPLASTIC,train,PELFT 2000X.png,574,2000,10,11,11,0.05,550.0,PE
resultados/01_extract_real_crops/data/real_crops/train/PE/PE-1000x_306.png,NANOPLASTIC,train,PE-1000x.png,306,1000,7,7,7,0.1,700.0000000000001,PE
resultados/01_extract_real_crops/data/real_crops/train/PE/PELFT 2000X_572.png,NANOPLASTIC,train,PELFT 2000X.png,572,2000,10,10,10,0.05,500.0,PE
resultados/01_extract_real_crops/data/real_crops/train/PE/PEL 200X_433.png,MICROPLASTIC,train,PEL 200X.png,433,200,16,12,16,0.5,8000.0,PE
resultados/01_extract_real_crops/data/real_crops/train/PE/PE-1000x_271.png,MICROPLASTIC,train,PE-1000x.png,271,1000,12,14,14,0.1,1400.0000000000002,PE
resultados/01_extract_real_crops/data/real_crops/train/PE/PE 500-1_178.png,MICROPLASTIC,train,PE 500-1.png,178,500,17,18,18,0.2,3600.0,PE
resultados/01_extract_real_crops/data/real_crops/train/PE/PE 1000X 2_29.png,NANOPLASTIC,train,PE 1000X 2.png,29,1000,7,6,7,0.1,700.0000000000001,PE
resultados/01_extract_real_crops/data/real_crops/train/PE/PE-1000x_298.png,NANOPLASTIC,train,PE-1000x.png,298,1000,6,6,6,0.1,600.0000000000001,PE
resultados/01_extract_real_crops/data/real_crops/train/PE/PE 500-1_183.png,MICROPLASTIC,train,PE 500-1.png,183,500,7,8,8,0.2,1600.0,PE
resultados/01_extract_real_crops/data/real_crops/train/PE/PEL 200X_439.png,MICROPLASTIC,train,PEL 200X.png,439,200,13,9,13,0.5,6500.0,PE
resultados/01_extract_real_crops/data/real_crops/train/PE/PEL 500X_500.png,MICROPLASTIC,train,PEL 500X.png,500,500,8,9,9,0.2,1800.0,PE
resultados/01_extract_real_crops/data/real_crops/train/PE/PE-2000X-3_378.png,NANOPLASTIC,train,PE-2000X-3.png,378,2000,18,14,18,0.05,900.0,PE
resultados/01_extract_real_crops/data/real_crops/train/PE/PEL 500X_542.png,MICROPLASTIC,train,PEL 500X.png,542,500,34,52,52,0.2,10400.0,PE
resultados/01_extract_real_crops/data/real_crops/train/PE/PELFT 2000X_570.png,NANOPLASTIC,train,PELFT 2000X.png,570,2000,11,8,11,0.05,550.0,PE
resultados/01_extract_real_crops/data/real_crops/train/PE/PEL 500X_537.png,MICROPLASTIC,train,PEL 500X.png,537,500,16,16,16,0.2,3200.0,PE
resultados/01_extract_real_crops/data/real_crops/train/PE/PEL 200X_445.png,MICROPLASTIC,train,PEL 200X.png,445,200,13,8,13,0.5,6500.0,PE
resultados/01_extract_real_crops/data/real_crops/train/PE/PEL 500X_523.png,MICROPLASTIC,train,PEL 500X.png,523,500,9,9,9,0.2,1800.0,PE
resultados/01_extract_real_crops/data/real_crops/train/PE/PEL 500X_512.png,MICROPLASTIC,train,PEL 500X.png,512,500,10,10,10,0.2,2000.0,PE
resultados/01_extract_real_crops/data/real_crops/train/PE/PE 1000X 2_37.png,NANOPLASTIC,train,PE 1000X 2.png,37,1000,8,9,9,0.1,900.0,PE
resultados/01_extract_real_crops/data/real_crops/train/PE/PE-1000x_285.png,NANOPLASTIC,train,PE-1000x.png,285,1000,7,6,7,0.1,700.0000000000001,PE
resultados/01_extract_real_crops/data/real_crops/train/PE/PEL 200X_437.png,MICROPLASTIC,train,PEL 200X.png,437,200,22,8,22,0.5,11000.0,PE
resultados/01_extract_real_crops/data/real_crops/train/PE/PE 2000X2_118.png,NANOPLASTIC,train,PE 2000X2.png,118,2000,8,7,8,0.05,400.0,PE
resultados/01_extract_real_crops/data/real_crops/train/PE/PE-1000x_311.png,MICROPLASTIC,train,PE-1000x.png,311,1000,19,18,19,0.1,1900.0000000000002,PE
resultados/01_extract_real_crops/data/real_crops/train/PE/PE 3000X 3_135.png,NANOPLASTIC,train,PE 3000X 3.png,135,3000,21,11,21,0.03333333333333333,700.0,PE
resultados/01_extract_real_crops/data/real_crops/train/PE/PELFT 2000X_558.png,NANOPLASTIC,train,PELFT 2000X.png,558,2000,14,10,14,0.05,700.0000000000001,PE
resultados/01_extract_real_crops/data/real_crops/train/PE/PE 1000X 2_35.png,MICROPLASTIC,train,PE 1000X 2.png,35,1000,11,10,11,0.1,1100.0,PE
resultados/01_extract_real_crops/data/real_crops/train/PE/PE-2000X-3_379.png,NANOPLASTIC,train,PE-2000X-3.png,379,2000,9,14,14,0.05,700.0000000000001,PE
resultados/01_extract_real_crops/data/real_crops/train/PE/PE-1000x_232.png,MICROPLASTIC,train,PE-1000x.png,232,1000,19,8,19,0.1,1900.0000000000002,PE
resultados/01_extract_real_crops/data/real_crops/train/PE/PEL 500X_527.png,MICROPLASTIC,train,PEL 500X.png,527,500,14,9,14,0.2,2800.0000000000005,PE
resultados/01_extract_real_crops/data/real_crops/train/PE/PELFT 2000X_552.png,NANOPLASTIC,train,PELFT 2000X.png,552,2000,16,11,16,0.05,800.0,PE
resultados/01_extract_real_crops/data/real_crops/train/PE/PEL 500X_486.png,MICROPLASTIC,train,PEL 500X.png,486,500,7,11,11,0.2,2200.0,PE
resultados/01_extract_real_crops/data/real_crops/train/PE/PE-1000x_286.png,NANOPLASTIC,train,PE-1000x.png,286,1000,5,6,6,0.1,600.0000000000001,PE
resultados/01_extract_real_crops/data/real_crops/train/PE/PEL 500X_492.png,MICROPLASTIC,train,PEL 500X.png,492,500,7,8,8,0.2,1600.0,PE
resultados/01_extract_real_crops/data/real_crops/train/PE/PE 3000X 3_137.png,NANOPLASTIC,train,PE 3000X 3.png,137,3000,28,18,28,0.03333333333333333,933.3333333333334,PE
resultados/01_extract_real_crops/data/real_crops/val/PE/PELFT 500X_612.png,MICROPLASTIC,val,PELFT 500X.png,612,500,11,9,11,0.2,2200.0,PE
resultados/01_extract_real_crops/data/real_crops/val/PE/PE 3000X_148.png,NANOPLASTIC,val,PE 3000X.png,148,3000,20,15,20,0.03333333333333333,666.6666666666666,PE
resultados/01_extract_real_crops/data/real_crops/val/PE/PE 3000X2_167.png,NANOPLASTIC,val,PE 3000X2.png,167,3000,22,18,22,0.03333333333333333,733.3333333333333,PE
resultados/01_extract_real_crops/data/real_crops/val/PE/PELFT 500X_578.png,MICROPLASTIC,val,PELFT 500X.png,578,500,12,16,16,0.2,3200.0,PE
resultados/01_extract_real_crops/data/real_crops/val/PE/PELFT 500X_608.png,MICROPLASTIC,val,PELFT 500X.png,608,500,6,10,10,0.2,2000.0,PE
resultados/01_extract_real_crops/data/real_crops/val/PE/PELFT 500X_590.png,MICROPLASTIC,val,PELFT 500X.png,590,500,10,9,10,0.2,2000.0,PE
resultados/01_extract_real_crops/data/real_crops/val/PE/PE 3000X2_166.png,NANOPLASTIC,val,PE 3000X2.png,166,3000,17,8,17,0.03333333333333333,566.6666666666666,PE
resultados/01_extract_real_crops/data/real_crops/val/PE/PE 2000X_113.png,MICROPLASTIC,val,PE 2000X.png,113,2000,68,60,68,0.05,3400.0000000000005,PE
resultados/01_extract_real_crops/data/real_crops/val/PE/PE 3000X_139.png,MICROPLASTIC,val,PE 3000X.png,139,3000,58,52,58,0.03333333333333333,1933.3333333333333,PE
resultados/01_extract_real_crops/data/real_crops/val/PE/PE 3000X2_159.png,NANOPLASTIC,val,PE 3000X2.png,159,3000,17,15,17,0.03333333333333333,566.6666666666666,PE
resultados/01_extract_real_crops/data/real_crops/val/PE/PELFT 500X_599.png,MICROPLASTIC,val,PELFT 500X.png,599,500,6,8,8,0.2,1600.0,PE
resultados/01_extract_real_crops/data/real_crops/val/PE/PE 3000X_140.png,MICROPLASTIC,val,PE 3000X.png,140,3000,27,49,49,0.03333333333333333,1633.3333333333333,PE
resultados/01_extract_real_crops/data/real_crops/val/PE/PE 3000X2_153.png,NANOPLASTIC,val,PE 3000X2.png,153,3000,23,22,23,0.03333333333333333,766.6666666666666,PE
resultados/01_extract_real_crops/data/real_crops/val/PE/PE 3000X_152.png,NANOPLASTIC,val,PE 3000X.png,152,3000,9,15,15,0.03333333333333333,500.0,PE
resultados/01_extract_real_crops/data/real_crops/val/PE/PELFT 500X_598.png,MICROPLASTIC,val,PELFT 500X.png,598,500,7,5,7,0.2,1400.0000000000002,PE
resultados/01_extract_real_crops/data/real_crops/val/PE/PELFT 500X_609.png,MICROPLASTIC,val,PELFT 500X.png,609,500,11,10,11,0.2,2200.0,PE
resultados/01_extract_real_crops/data/real_crops/val/PE/PE 3000X_147.png,MICROPLASTIC,val,PE 3000X.png,147,3000,82,151,151,0.03333333333333333,5033.333333333333,PE
resultados/01_extract_real_crops/data/real_crops/val/PE/PELFT 500X_615.png,MICROPLASTIC,val,PELFT 500X.png,615,500,7,9,9,0.2,1800.0,PE
resultados/01_extract_real_crops/data/real_crops/val/PE/PE 3000X_143.png,NANOPLASTIC,val,PE 3000X.png,143,3000,20,19,20,0.03333333333333333,666.6666666666666,PE
resultados/01_extract_real_crops/data/real_crops/val/PE/PELFT 500X_579.png,MICROPLASTIC,val,PELFT 500X.png,579,500,26,17,26,0.2,5200.0,PE
resultados/01_extract_real_crops/data/real_crops/val/PE/PE 3000X2_168.png,NANOPLASTIC,val,PE 3000X2.png,168,3000,12,15,15,0.03333333333333333,500.0,PE
resultados/01_extract_real_crops/data/real_crops/val/PE/PELFT 500X_602.png,MICROPLASTIC,val,PELFT 500X.png,602,500,8,12,12,0.2,2400.0000000000005,PE
resultados/01_extract_real_crops/data/real_crops/val/PE/PE 3000X2_154.png,NANOPLASTIC,val,PE 3000X2.png,154,3000,25,21,25,0.03333333333333333,833.3333333333334,PE
resultados/01_extract_real_crops/data/real_crops/val/PE/PELFT 500X_601.png,MICROPLASTIC,val,PELFT 500X.png,601,500,12,13,13,0.2,2600.0,PE
resultados/01_extract_real_crops/data/real_crops/val/PE/PE 3000X_146.png,NANOPLASTIC,val,PE 3000X.png,146,3000,15,11,15,0.03333333333333333,500.0,PE
resultados/01_extract_real_crops/data/real_crops/val/PE/PELFT 500X_577.png,MICROPLASTIC,val,PELFT 500X.png,577,500,13,10,13,0.2,2600.0,PE
resultados/01_extract_real_crops/data/real_crops/val/PE/PELFT 500X_604.png,MICROPLASTIC,val,PELFT 500X.png,604,500,13,10,13,0.2,2600.0,PE
resultados/01_extract_real_crops/data/real_crops/val/PE/PELFT 500X_605.png,MICROPLASTIC,val,PELFT 500X.png,605,500,11,9,11,0.2,2200.0,PE
resultados/01_extract_real_crops/data/real_crops/val/PE/PE 3000X2_165.png,NANOPLASTIC,val,PE 3000X2.png,165,3000,26,28,28,0.03333333333333333,933.3333333333334,PE
resultados/01_extract_real_crops/data/real_crops/val/PE/PELFT 500X_592.png,MICROPLASTIC,val,PELFT 500X.png,592,500,6,10,10,0.2,2000.0,PE
resultados/01_extract_real_crops/data/real_crops/val/PE/PELFT 500X_611.png,MICROPLASTIC,val,PELFT 500X.png,611,500,9,8,9,0.2,1800.0,PE
resultados/01_extract_real_crops/data/real_crops/val/PE/PELFT 500X_610.png,MICROPLASTIC,val,PELFT 500X.png,610,500,9,6,9,0.2,1800.0,PE
resultados/01_extract_real_crops/data/real_crops/val/PE/PELFT 500X_580.png,MICROPLASTIC,val,PELFT 500X.png,580,500,17,14,17,0.2,3400.0000000000005,PE
resultados/01_extract_real_crops/data/real_crops/val/PE/PELFT 500X_600.png,MICROPLASTIC,val,PELFT 500X.png,600,500,7,9,9,0.2,1800.0,PE
resultados/01_extract_real_crops/data/real_crops/val/PE/PE 3000X_145.png,NANOPLASTIC,val,PE 3000X.png,145,3000,27,25,27,0.03333333333333333,900.0,PE
resultados/01_extract_real_crops/data/real_crops/val/PE/PE 3000X2_155.png,NANOPLASTIC,val,PE 3000X2.png,155,3000,20,25,25,0.03333333333333333,833.3333333333334,PE
resultados/01_extract_real_crops/data/real_crops/val/PE/PE 3000X2_162.png,NANOPLASTIC,val,PE 3000X2.png,162,3000,15,13,15,0.03333333333333333,500.0,PE
resultados/01_extract_real_crops/data/real_crops/val/PE/PELFT 500X_613.png,MICROPLASTIC,val,PELFT 500X.png,613,500,9,8,9,0.2,1800.0,PE
resultados/01_extract_real_crops/data/real_crops/val/PE/PE 3000X2_163.png,NANOPLASTIC,val,PE 3000X2.png,163,3000,15,20,20,0.03333333333333333,666.6666666666666,PE
resultados/01_extract_real_crops/data/real_crops/val/PE/PELFT 500X_583.png,MICROPLASTIC,val,PELFT 500X.png,583,500,9,10,10,0.2,2000.0,PE
resultados/01_extract_real_crops/data/real_crops/val/PE/PELFT 500X_606.png,MICROPLASTIC,val,PELFT 500X.png,606,500,8,7,8,0.2,1600.0,PE
resultados/01_extract_real_crops/data/real_crops/val/PE/PE 3000X2_156.png,NANOPLASTIC,val,PE 3000X2.png,156,3000,20,18,20,0.03333333333333333,666.6666666666666,PE
resultados/01_extract_real_crops/data/real_crops/val/PE/PE 3000X_144.png,NANOPLASTIC,val,PE 3000X.png,144,3000,27,27,27,0.03333333333333333,900.0,PE
resultados/01_extract_real_crops/data/real_crops/val/PE/PELFT 500X_595.png,MICROPLASTIC,val,PELFT 500X.png,595,500,6,7,7,0.2,1400.0000000000002,PE
resultados/01_extract_real_crops/data/real_crops/val/PE/PE 3000X2_157.png,MICROPLASTIC,val,PE 3000X2.png,157,3000,59,62,62,0.03333333333333333,2066.6666666666665,PE
resultados/01_extract_real_crops/data/real_crops/val/PE/PELFT 500X_581.png,MICROPLASTIC,val,PELFT 500X.png,581,500,21,19,21,0.2,4200.0,PE
resultados/01_extract_real_crops/data/real_crops/val/PE/PE 3000X2_158.png,NANOPLASTIC,val,PE 3000X2.png,158,3000,23,17,23,0.03333333333333333,766.6666666666666,PE
resultados/01_extract_real_crops/data/real_crops/val/PE/PELFT 500X_594.png,MICROPLASTIC,val,PELFT 500X.png,594,500,8,10,10,0.2,2000.0,PE
resultados/01_extract_real_crops/data/real_crops/val/PE/PELFT 500X_616.png,MICROPLASTIC,val,PELFT 500X.png,616,500,9,9,9,0.2,1800.0,PE
resultados/01_extract_real_crops/data/real_crops/val/PE/PELFT 500X_603.png,MICROPLASTIC,val,PELFT 500X.png,603,500,14,9,14,0.2,2800.0000000000005,PE
resultados/01_extract_real_crops/data/real_crops/val/PE/PE 3000X2_160.png,NANOPLASTIC,val,PE 3000X2.png,160,3000,16,14,16,0.03333333333333333,533.3333333333334,PE
resultados/01_extract_real_crops/data/real_crops/val/PE/PE 3000X_149.png,NANOPLASTIC,val,PE 3000X.png,149,3000,18,11,18,0.03333333333333333,600.0,PE
resultados/01_extract_real_crops/data/real_crops/val/PE/PELFT 500X_584.png,MICROPLASTIC,val,PELFT 500X.png,584,500,18,15,18,0.2,3600.0,PE
resultados/01_extract_real_crops/data/real_crops/val/PE/PELFT 500X_596.png,MICROPLASTIC,val,PELFT 500X.png,596,500,6,7,7,0.2,1400.0000000000002,PE
resultados/01_extract_real_crops/data/real_crops/val/PE/PELFT 500X_589.png,MICROPLASTIC,val,PELFT 500X.png,589,500,7,9,9,0.2,1800.0,PE
resultados/01_extract_real_crops/data/real_crops/val/PE/PELFT 500X_588.png,MICROPLASTIC,val,PELFT 500X.png,588,500,9,11,11,0.2,2200.0,PE
resultados/01_extract_real_crops/data/real_crops/val/PE/PELFT 500X_585.png,MICROPLASTIC,val,PELFT 500X.png,585,500,6,8,8,0.2,1600.0,PE
resultados/01_extract_real_crops/data/real_crops/val/PE/PE 3000X2_171.png,MICROPLASTIC,val,PE 3000X2.png,171,3000,40,31,40,0.03333333333333333,1333.3333333333333,PE
resultados/01_extract_real_crops/data/real_crops/val/PE/PELFT 500X_593.png,MICROPLASTIC,val,PELFT 500X.png,593,500,14,12,14,0.2,2800.0000000000005,PE
resultados/01_extract_real_crops/data/real_crops/val/PE/PE 3000X2_170.png,MICROPLASTIC,val,PE 3000X2.png,170,3000,27,36,36,0.03333333333333333,1200.0,PE
resultados/01_extract_real_crops/data/real_crops/test/PE/PE 1000X_92.png,MICROPLASTIC,test,PE 1000X.png,92,1000,71,100,100,0.1,10000.0,PE
resultados/01_extract_real_crops/data/real_crops/test/PE/PE 1000X_107.png,MICROPLASTIC,test,PE 1000X.png,107,1000,12,8,12,0.1,1200.0000000000002,PE
resultados/01_extract_real_crops/data/real_crops/test/PE/PE 1000-1_6.png,MICROPLASTIC,test,PE 1000-1.png,6,1000,13,10,13,0.1,1300.0,PE
resultados/01_extract_real_crops/data/real_crops/test/PE/PE 1000X_111.png,NANOPLASTIC,test,PE 1000X.png,111,1000,9,7,9,0.1,900.0,PE
resultados/01_extract_real_crops/data/real_crops/test/PE/PE 1000X_110.png,MICROPLASTIC,test,PE 1000X.png,110,1000,11,9,11,0.1,1100.0,PE
resultados/01_extract_real_crops/data/real_crops/test/PE/PE 1000X_100.png,NANOPLASTIC,test,PE 1000X.png,100,1000,8,9,9,0.1,900.0,PE
resultados/01_extract_real_crops/data/real_crops/test/PE/PE 1000X_94.png,MICROPLASTIC,test,PE 1000X.png,94,1000,26,15,26,0.1,2600.0,PE
resultados/01_extract_real_crops/data/real_crops/test/PE/PE 1000X_106.png,MICROPLASTIC,test,PE 1000X.png,106,1000,6,11,11,0.1,1100.0,PE
resultados/01_extract_real_crops/data/real_crops/test/PE/PE 1000X_102.png,NANOPLASTIC,test,PE 1000X.png,102,1000,8,8,8,0.1,800.0,PE
resultados/01_extract_real_crops/data/real_crops/test/PE/PE 1000-1_4.png,MICROPLASTIC,test,PE 1000-1.png,4,1000,11,12,12,0.1,1200.0000000000002,PE
resultados/01_extract_real_crops/data/real_crops/test/PE/PE 1000X_96.png,MICROPLASTIC,test,PE 1000X.png,96,1000,27,49,49,0.1,4900.0,PE
resultados/01_extract_real_crops/data/real_crops/test/PE/PE 1000X_104.png,MICROPLASTIC,test,PE 1000X.png,104,1000,12,11,12,0.1,1200.0000000000002,PE
resultados/01_extract_real_crops/data/real_crops/test/PE/PE 1000X_103.png,MICROPLASTIC,test,PE 1000X.png,103,1000,19,18,19,0.1,1900.0000000000002,PE
resultados/01_extract_real_crops/data/real_crops/test/PE/PE 1000X_101.png,MICROPLASTIC,test,PE 1000X.png,101,1000,11,12,12,0.1,1200.0000000000002,PE
resultados/01_extract_real_crops/data/real_crops/test/PE/PE 1000X_95.png,MICROPLASTIC,test,PE 1000X.png,95,1000,22,18,22,0.1,2200.0,PE
resultados/01_extract_real_crops/data/real_crops/test/PE/PE 1000X_108.png,NANOPLASTIC,test,PE 1000X.png,108,1000,6,8,8,0.1,800.0,PE
resultados/01_extract_real_crops/data/real_crops/test/PE/PE 1000X_97.png,MICROPLASTIC,test,PE 1000X.png,97,1000,13,12,13,0.1,1300.0,PE
resultados/01_extract_real_crops/data/real_crops/test/PE/PE 1000X_98.png,MICROPLASTIC,test,PE 1000X.png,98,1000,17,25,25,0.1,2500.0,PE
resultados/01_extract_real_crops/data/real_crops/test/PE/PE 1000-1_3.png,MICROPLASTIC,test,PE 1000-1.png,3,1000,12,13,13,0.1,1300.0,PE
resultados/01_extract_real_crops/data/real_crops/test/PE/PE 1000X_99.png,MICROPLASTIC,test,PE 1000X.png,99,1000,16,11,16,0.1,1600.0,PE
resultados/01_extract_real_crops/data/real_crops/test/PE/PE 1000X_109.png,NANOPLASTIC,test,PE 1000X.png,109,1000,9,9,9,0.1,900.0,PE
resultados/01_extract_real_crops/data/real_crops/test/PE/PE 1000-1_2.png,MICROPLASTIC,test,PE 1000-1.png,2,1000,13,10,13,0.1,1300.0,PE
resultados/01_extract_real_crops/data/real_crops/test/PE/PE 1000-1_1.png,MICROPLASTIC,test,PE 1000-1.png,1,1000,36,27,36,0.1,3600.0,PE
resultados/01_extract_real_crops/data/real_crops/test/PE/PE 1000-1_5.png,MICROPLASTIC,test,PE 1000-1.png,5,1000,11,10,11,0.1,1100.0,PE
resultados/01_extract_real_crops/data/real_crops/test/PE/PE 1000-1_7.png,NANOPLASTIC,test,PE 1000-1.png,7,1000,8,7,8,0.1,800.0,PE
resultados/01_extract_real_crops/data/real_crops/test/PE/PE 1000-1_8.png,MICROPLASTIC,test,PE 1000-1.png,8,1000,14,10,14,0.1,1400.0000000000002,PE
resultados/01_extract_real_crops/data/real_crops/test/PE/PE 1000X_93.png,MICROPLASTIC,test,PE 1000X.png,93,1000,51,42,51,0.1,5100.000000000001,PE
resultados/01_extract_real_crops/data/real_crops/test/PE/PE 1000X_105.png,MICROPLASTIC,test,PE 1000X.png,105,1000,12,15,15,0.1,1500.0,PE
resultados/01_extract_real_crops/data/real_crops/train/PET/PET-B-2000x-4_4351.png,MICROPLASTIC,train,PET-B-2000x-4.png,4351,2000,22,19,22,0.05,1100.0,PET
resultados/01_extract_real_crops/data/real_crops/train/PET/PET-2000X-3_1361.png,NANOPLASTIC,train,PET-2000X-3.png,1361,2000,13,17,17,0.05,850.0000000000001,PET
resultados/01_extract_real_crops/data/real_crops/train/PET/PET-B-2000x-4_4378.png,NANOPLASTIC,train,PET-B-2000x-4.png,4378,2000,9,13,13,0.05,650.0,PET
resultados/01_extract_real_crops/data/real_crops/train/PET/PET-10000X_335.png,MICROPLASTIC,train,PET-10000X.png,335,10000,146,116,146,0.01,1460.0,PET
resultados/01_extract_real_crops/data/real_crops/train/PET/PET-B-2000x-2_4225.png,MICROPLASTIC,train,PET-B-2000x-2.png,4225,2000,23,28,28,0.05,1400.0000000000002,PET
resultados/01_extract_real_crops/data/real_crops/train/PET/PET-2000X-4_2185.png,NANOPLASTIC,train,PET-2000X-4.png,2185,2000,13,11,13,0.05,650.0,PET
resultados/01_extract_real_crops/data/real_crops/train/PET/PETL 200X_3870.png,MICROPLASTIC,train,PETL 200X.png,3870,200,5,6,6,0.5,3000.0,PET
resultados/01_extract_real_crops/data/real_crops/train/PET/PET-2000X-3_1712.png,MICROPLASTIC,train,PET-2000X-3.png,1712,2000,22,20,22,0.05,1100.0,PET
resultados/01_extract_real_crops/data/real_crops/train/PET/PET-B-2000x-4_4394.png,NANOPLASTIC,train,PET-B-2000x-4.png,4394,2000,13,14,14,0.05,700.0000000000001,PET
resultados/01_extract_real_crops/data/real_crops/train/PET/PET-B-2000x-2_4209.png,MICROPLASTIC,train,PET-B-2000x-2.png,4209,2000,55,24,55,0.05,2750.0,PET
resultados/01_extract_real_crops/data/real_crops/train/PET/PET-B2-2000x-1_4530.png,MICROPLASTIC,train,PET-B2-2000x-1.png,4530,2000,25,16,25,0.05,1250.0,PET
resultados/01_extract_real_crops/data/real_crops/train/PET/PET-10000X_351.png,NANOPLASTIC,train,PET-10000X.png,351,10000,74,68,74,0.01,740.0,PET
resultados/01_extract_real_crops/data/real_crops/train/PET/PET-5000X_3062.png,MICROPLASTIC,train,PET-5000X.png,3062,5000,59,66,66,0.02,1320.0,PET
resultados/01_extract_real_crops/data/real_crops/train/PET/PET-2000X-4_1800.png,MICROPLASTIC,train,PET-2000X-4.png,1800,2000,30,26,30,0.05,1500.0,PET
resultados/01_extract_real_crops/data/real_crops/train/PET/PET-2000X-3_1633.png,NANOPLASTIC,train,PET-2000X-3.png,1633,2000,14,15,15,0.05,750.0,PET
resultados/01_extract_real_crops/data/real_crops/train/PET/PET-B-2000x-2_4280.png,MICROPLASTIC,train,PET-B-2000x-2.png,4280,2000,24,17,24,0.05,1200.0000000000002,PET
resultados/01_extract_real_crops/data/real_crops/train/PET/PET-2000X-3_1525.png,NANOPLASTIC,train,PET-2000X-3.png,1525,2000,11,11,11,0.05,550.0,PET
resultados/01_extract_real_crops/data/real_crops/train/PET/PET-2-3000X_570.png,NANOPLASTIC,train,PET-2-3000X.png,570,3000,12,10,12,0.03333333333333333,400.0,PET
resultados/01_extract_real_crops/data/real_crops/train/PET/PETL 200X_3638.png,MICROPLASTIC,train,PETL 200X.png,3638,200,11,13,13,0.5,6500.0,PET
resultados/01_extract_real_crops/data/real_crops/train/PET/PETL 1000X_3366.png,MICROPLASTIC,train,PETL 1000X.png,3366,1000,14,11,14,0.1,1400.0000000000002,PET
resultados/01_extract_real_crops/data/real_crops/train/PET/PET 5000X_254.png,NANOPLASTIC,train,PET 5000X.png,254,5000,47,41,47,0.02,940.0000000000001,PET
resultados/01_extract_real_crops/data/real_crops/train/PET/PET-2-3000X_510.png,NANOPLASTIC,train,PET-2-3000X.png,510,3000,9,5,9,0.03333333333333333,300.0,PET
resultados/01_extract_real_crops/data/real_crops/train/PET/PET-B2-2000x-1_4536.png,MICROPLASTIC,train,PET-B2-2000x-1.png,4536,2000,32,16,32,0.05,1600.0,PET
resultados/01_extract_real_crops/data/real_crops/train/PET/PET-2-3000X_689.png,NANOPLASTIC,train,PET-2-3000X.png,689,3000,18,12,18,0.03333333333333333,600.0,PET
resultados/01_extract_real_crops/data/real_crops/train/PET/PETL 200X_4002.png,MICROPLASTIC,train,PETL 200X.png,4002,200,5,7,7,0.5,3500.0,PET
resultados/01_extract_real_crops/data/real_crops/train/PET/PET-5000X-2_2738.png,NANOPLASTIC,train,PET-5000X-2.png,2738,5000,43,47,47,0.02,940.0000000000001,PET
resultados/01_extract_real_crops/data/real_crops/train/PET/PETL 200X_3374.png,MICROPLASTIC,train,PETL 200X.png,3374,200,18,8,18,0.5,9000.0,PET
resultados/01_extract_real_crops/data/real_crops/train/PET/PET-5000X-4_2981.png,NANOPLASTIC,train,PET-5000X-4.png,2981,5000,43,42,43,0.02,860.0,PET
resultados/01_extract_real_crops/data/real_crops/train/PET/PET-2000X-4_1976.png,NANOPLASTIC,train,PET-2000X-4.png,1976,2000,16,16,16,0.05,800.0,PET
resultados/01_extract_real_crops/data/real_crops/train/PET/PET-B2-5000x-4_5037.png,NANOPLASTIC,train,PET-B2-5000x-4.png,5037,5000,33,28,33,0.02,660.0,PET
resultados/01_extract_real_crops/data/real_crops/train/PET/PET-2000X-4_2174.png,MICROPLASTIC,train,PET-2000X-4.png,2174,2000,22,25,25,0.05,1250.0,PET
resultados/01_extract_real_crops/data/real_crops/train/PET/PET-2000X-3_1643.png,NANOPLASTIC,train,PET-2000X-3.png,1643,2000,13,12,13,0.05,650.0,PET
resultados/01_extract_real_crops/data/real_crops/train/PET/PET-B2-2000x-1_4566.png,NANOPLASTIC,train,PET-B2-2000x-1.png,4566,2000,10,7,10,0.05,500.0,PET
resultados/01_extract_real_crops/data/real_crops/train/PET/PETL 200X_3695.png,MICROPLASTIC,train,PETL 200X.png,3695,200,51,35,51,0.5,25500.0,PET
resultados/01_extract_real_crops/data/real_crops/train/PET/PETL 200X_3969.png,MICROPLASTIC,train,PETL 200X.png,3969,200,8,7,8,0.5,4000.0,PET
resultados/01_extract_real_crops/data/real_crops/train/PET/PET 5000X_256.png,NANOPLASTIC,train,PET 5000X.png,256,5000,30,23,30,0.02,600.0,PET
resultados/01_extract_real_crops/data/real_crops/train/PET/PET-2000X-3_1401.png,MICROPLASTIC,train,PET-2000X-3.png,1401,2000,23,19,23,0.05,1150.0000000000002,PET
resultados/01_extract_real_crops/data/real_crops/train/PET/PET-B2-5000x-4_5030.png,NANOPLASTIC,train,PET-B2-5000x-4.png,5030,5000,14,13,14,0.02,280.0,PET
resultados/01_extract_real_crops/data/real_crops/train/PET/PET-5000X-2_2765.png,NANOPLASTIC,train,PET-5000X-2.png,2765,5000,18,15,18,0.02,360.0,PET
resultados/01_extract_real_crops/data/real_crops/train/PET/PET-2000X-4_1850.png,NANOPLASTIC,train,PET-2000X-4.png,1850,2000,14,19,19,0.05,950.0000000000001,PET
resultados/01_extract_real_crops/data/real_crops/train/PET/PET-2-3000X_727.png,NANOPLASTIC,train,PET-2-3000X.png,727,3000,24,28,28,0.03333333333333333,933.3333333333334,PET
resultados/01_extract_real_crops/data/real_crops/train/PET/PET-5000X-4_2911.png,NANOPLASTIC,train,PET-5000X-4.png,2911,5000,19,21,21,0.02,420.0,PET
resultados/01_extract_real_crops/data/real_crops/train/PET/PET-B2-2000x-2_4742.png,NANOPLASTIC,train,PET-B2-2000x-2.png,4742,2000,11,15,15,0.05,750.0,PET
resultados/01_extract_real_crops/data/real_crops/train/PET/PET-2000X-3_1301.png,NANOPLASTIC,train,PET-2000X-3.png,1301,2000,8,8,8,0.05,400.0,PET
resultados/01_extract_real_crops/data/real_crops/train/PET/PET-2-3000X_410.png,NANOPLASTIC,train,PET-2-3000X.png,410,3000,9,7,9,0.03333333333333333,300.0,PET
resultados/01_extract_real_crops/data/real_crops/train/PET/PET-2-3000X_440.png,NANOPLASTIC,train,PET-2-3000X.png,440,3000,11,11,11,0.03333333333333333,366.66666666666663,PET
resultados/01_extract_real_crops/data/real_crops/train/PET/PET-2000X-4_1937.png,NANOPLASTIC,train,PET-2000X-4.png,1937,2000,12,11,12,0.05,600.0000000000001,PET
resultados/01_extract_real_crops/data/real_crops/train/PET/PET-2000X-4_1881.png,NANOPLASTIC,train,PET-2000X-4.png,1881,2000,10,14,14,0.05,700.0000000000001,PET
resultados/01_extract_real_crops/data/real_crops/train/PET/PET-B-2000x-2_4267.png,MICROPLASTIC,train,PET-B-2000x-2.png,4267,2000,12,21,21,0.05,1050.0,PET
resultados/01_extract_real_crops/data/real_crops/train/PET/PETL 200X_3955.png,MICROPLASTIC,train,PETL 200X.png,3955,200,12,16,16,0.5,8000.0,PET
resultados/01_extract_real_crops/data/real_crops/train/PET/PET-2000X-4_2066.png,NANOPLASTIC,train,PET-2000X-4.png,2066,2000,8,11,11,0.05,550.0,PET
resultados/01_extract_real_crops/data/real_crops/train/PET/PETL 200X_3461.png,MICROPLASTIC,train,PETL 200X.png,3461,200,19,17,19,0.5,9500.0,PET
resultados/01_extract_real_crops/data/real_crops/train/PET/PETL 200X_3840.png,MICROPLASTIC,train,PETL 200X.png,3840,200,12,13,13,0.5,6500.0,PET
resultados/01_extract_real_crops/data/real_crops/train/PET/PET-2000X-4_2086.png,NANOPLASTIC,train,PET-2000X-4.png,2086,2000,8,9,9,0.05,450.0,PET
resultados/01_extract_real_crops/data/real_crops/train/PET/PET-B-2000x-2_4323.png,NANOPLASTIC,train,PET-B-2000x-2.png,4323,2000,6,8,8,0.05,400.0,PET
resultados/01_extract_real_crops/data/real_crops/train/PET/PET-2000X-4_1946.png,NANOPLASTIC,train,PET-2000X-4.png,1946,2000,5,6,6,0.05,300.00000000000006,PET
resultados/01_extract_real_crops/data/real_crops/train/PET/PET-2-3000X_681.png,NANOPLASTIC,train,PET-2-3000X.png,681,3000,11,13,13,0.03333333333333333,433.33333333333337,PET
resultados/01_extract_real_crops/data/real_crops/train/PET/PET-2-3000X_719.png,MICROPLASTIC,train,PET-2-3000X.png,719,3000,17,32,32,0.03333333333333333,1066.6666666666667,PET
resultados/01_extract_real_crops/data/real_crops/train/PET/PET-B-2000x-4_4433.png,NANOPLASTIC,train,PET-B-2000x-4.png,4433,2000,10,8,10,0.05,500.0,PET
resultados/01_extract_real_crops/data/real_crops/train/PET/PETL 1000X_3342.png,MICROPLASTIC,train,PETL 1000X.png,3342,1000,32,25,32,0.1,3200.0,PET
resultados/01_extract_real_crops/data/real_crops/train/PET/PET-2-3000X_622.png,NANOPLASTIC,train,PET-2-3000X.png,622,3000,23,16,23,0.03333333333333333,766.6666666666666,PET
resultados/01_extract_real_crops/data/real_crops/train/PET/PET-2-3000X_382.png,NANOPLASTIC,train,PET-2-3000X.png,382,3000,8,6,8,0.03333333333333333,266.6666666666667,PET
resultados/01_extract_real_crops/data/real_crops/train/PET/PET 5000X_273.png,NANOPLASTIC,train,PET 5000X.png,273,5000,31,17,31,0.02,620.0,PET
resultados/01_extract_real_crops/data/real_crops/train/PET/PET-B-2000x-4_4341.png,NANOPLASTIC,train,PET-B-2000x-4.png,4341,2000,8,10,10,0.05,500.0,PET
resultados/01_extract_real_crops/data/real_crops/train/PET/PET-B2-2000x-1_4625.png,NANOPLASTIC,train,PET-B2-2000x-1.png,4625,2000,16,14,16,0.05,800.0,PET
resultados/01_extract_real_crops/data/real_crops/train/PET/PETL 200X_3956.png,MICROPLASTIC,train,PETL 200X.png,3956,200,28,32,32,0.5,16000.0,PET
resultados/01_extract_real_crops/data/real_crops/train/PET/PET-B-1000X_4071.png,NANOPLASTIC,train,PET-B-1000X.png,4071,1000,7,9,9,0.1,900.0,PET
resultados/01_extract_real_crops/data/real_crops/train/PET/PET-2000X-4_1787.png,NANOPLASTIC,train,PET-2000X-4.png,1787,2000,15,14,15,0.05,750.0,PET
resultados/01_extract_real_crops/data/real_crops/train/PET/PET 5000X_300.png,MICROPLASTIC,train,PET 5000X.png,300,5000,55,20,55,0.02,1100.0,PET
resultados/01_extract_real_crops/data/real_crops/train/PET/PET-2-3000X_698.png,NANOPLASTIC,train,PET-2-3000X.png,698,3000,7,5,7,0.03333333333333333,233.33333333333334,PET
resultados/01_extract_real_crops/data/real_crops/train/PET/PETL 200X_4005.png,MICROPLASTIC,train,PETL 200X.png,4005,200,6,5,6,0.5,3000.0,PET
resultados/01_extract_real_crops/data/real_crops/train/PET/PET-B2-2000x-2_4785.png,NANOPLASTIC,train,PET-B2-2000x-2.png,4785,2000,9,6,9,0.05,450.0,PET
resultados/01_extract_real_crops/data/real_crops/train/PET/PET-B-2000x-2_4211.png,MICROPLASTIC,train,PET-B-2000x-2.png,4211,2000,83,16,83,0.05,4150.0,PET
resultados/01_extract_real_crops/data/real_crops/train/PET/PET-2000X-4_2076.png,MICROPLASTIC,train,PET-2000X-4.png,2076,2000,28,36,36,0.05,1800.0,PET
resultados/01_extract_real_crops/data/real_crops/train/PET/PET-2-3000X_739.png,NANOPLASTIC,train,PET-2-3000X.png,739,3000,13,10,13,0.03333333333333333,433.33333333333337,PET
resultados/01_extract_real_crops/data/real_crops/train/PET/PETL 200X_3899.png,MICROPLASTIC,train,PETL 200X.png,3899,200,18,29,29,0.5,14500.0,PET
resultados/01_extract_real_crops/data/real_crops/train/PET/PET 5000X_322.png,NANOPLASTIC,train,PET 5000X.png,322,5000,18,13,18,0.02,360.0,PET
resultados/01_extract_real_crops/data/real_crops/train/PET/PET-2000X-4_1920.png,NANOPLASTIC,train,PET-2000X-4.png,1920,2000,7,7,7,0.05,350.00000000000006,PET
resultados/01_extract_real_crops/data/real_crops/train/PET/PET-2-3000X_593.png,NANOPLASTIC,train,PET-2-3000X.png,593,3000,6,5,6,0.03333333333333333,200.0,PET
resultados/01_extract_real_crops/data/real_crops/train/PET/PET-2000X-3_1379.png,NANOPLASTIC,train,PET-2000X-3.png,1379,2000,10,10,10,0.05,500.0,PET
resultados/01_extract_real_crops/data/real_crops/train/PET/PET-5000X_3085.png,NANOPLASTIC,train,PET-5000X.png,3085,5000,35,37,37,0.02,740.0,PET
resultados/01_extract_real_crops/data/real_crops/train/PET/PET-5000X-2_2746.png,NANOPLASTIC,train,PET-5000X-2.png,2746,5000,21,18,21,0.02,420.0,PET
resultados/01_extract_real_crops/data/real_crops/train/PET/PET-10000X_336.png,MICROPLASTIC,train,PET-10000X.png,336,10000,116,153,153,0.01,1530.0,PET
resultados/01_extract_real_crops/data/real_crops/train/PET/PET-B2-2000x-2_4727.png,NANOPLASTIC,train,PET-B2-2000x-2.png,4727,2000,10,8,10,0.05,500.0,PET
resultados/01_extract_real_crops/data/real_crops/train/PET/PET-B-1000X_4094.png,NANOPLASTIC,train,PET-B-1000X.png,4094,1000,5,7,7,0.1,700.0000000000001,PET
resultados/01_extract_real_crops/data/real_crops/train/PET/PET-2000X-3_1641.png,NANOPLASTIC,train,PET-2000X-3.png,1641,2000,7,7,7,0.05,350.00000000000006,PET
resultados/01_extract_real_crops/data/real_crops/train/PET/PETL 200X_3724.png,MICROPLASTIC,train,PETL 200X.png,3724,200,8,6,8,0.5,4000.0,PET
resultados/01_extract_real_crops/data/real_crops/train/PET/PET-2000X-3_1651.png,NANOPLASTIC,train,PET-2000X-3.png,1651,2000,9,7,9,0.05,450.0,PET
resultados/01_extract_real_crops/data/real_crops/train/PET/PET-2000X-4_1852.png,NANOPLASTIC,train,PET-2000X-4.png,1852,2000,9,9,9,0.05,450.0,PET
resultados/01_extract_real_crops/data/real_crops/train/PET/PETL 200X_3546.png,MICROPLASTIC,train,PETL 200X.png,3546,200,9,8,9,0.5,4500.0,PET
resultados/01_extract_real_crops/data/real_crops/train/PET/PET-2000X-3_1354.png,NANOPLASTIC,train,PET-2000X-3.png,1354,2000,14,12,14,0.05,700.0000000000001,PET
resultados/01_extract_real_crops/data/real_crops/train/PET/PET-2000X-3_1609.png,NANOPLASTIC,train,PET-2000X-3.png,1609,2000,12,9,12,0.05,600.0000000000001,PET
resultados/01_extract_real_crops/data/real_crops/train/PET/PET-2000X-4_1756.png,NANOPLASTIC,train,PET-2000X-4.png,1756,2000,5,4,5,0.05,250.0,PET
resultados/01_extract_real_crops/data/real_crops/train/PET/PETL 200X_3460.png,MICROPLASTIC,train,PETL 200X.png,3460,200,15,10,15,0.5,7500.0,PET
resultados/01_extract_real_crops/data/real_crops/train/PET/PET-2000X-4_2131.png,NANOPLASTIC,train,PET-2000X-4.png,2131,2000,11,10,11,0.05,550.0,PET
resultados/01_extract_real_crops/data/real_crops/train/PET/PETL 200X_3792.png,MICROPLASTIC,train,PETL 200X.png,3792,200,6,7,7,0.5,3500.0,PET
resultados/01_extract_real_crops/data/real_crops/train/PET/PETL 200X_3838.png,MICROPLASTIC,train,PETL 200X.png,3838,200,9,11,11,0.5,5500.0,PET
resultados/01_extract_real_crops/data/real_crops/train/PET/PET-2000X-3_1326.png,NANOPLASTIC,train,PET-2000X-3.png,1326,2000,11,11,11,0.05,550.0,PET
resultados/01_extract_real_crops/data/real_crops/train/PET/PET-5000X_3054.png,NANOPLASTIC,train,PET-5000X.png,3054,5000,33,41,41,0.02,820.0000000000001,PET
resultados/01_extract_real_crops/data/real_crops/train/PET/PETL 200X_3863.png,MICROPLASTIC,train,PETL 200X.png,3863,200,7,7,7,0.5,3500.0,PET
resultados/01_extract_real_crops/data/real_crops/train/PET/PETL 200X_3937.png,MICROPLASTIC,train,PETL 200X.png,3937,200,8,7,8,0.5,4000.0,PET
resultados/01_extract_real_crops/data/real_crops/train/PET/PET-5000X-4_2968.png,NANOPLASTIC,train,PET-5000X-4.png,2968,5000,32,25,32,0.02,640.0,PET
resultados/01_extract_real_crops/data/real_crops/train/PET/PET-10000X_350.png,NANOPLASTIC,train,PET-10000X.png,350,10000,46,54,54,0.01,540.0,PET
resultados/01_extract_real_crops/data/real_crops/train/PET/PETL 200X_3464.png,MICROPLASTIC,train,PETL 200X.png,3464,200,15,7,15,0.5,7500.0,PET
resultados/01_extract_real_crops/data/real_crops/train/PET/PET-2-3000X_444.png,NANOPLASTIC,train,PET-2-3000X.png,444,3000,9,6,9,0.03333333333333333,300.0,PET
resultados/01_extract_real_crops/data/real_crops/train/PET/PET 5000X 2_201.png,NANOPLASTIC,train,PET 5000X 2.png,201,5000,27,10,27,0.02,540.0,PET
resultados/01_extract_real_crops/data/real_crops/train/PET/PET-2-3000X_505.png,NANOPLASTIC,train,PET-2-3000X.png,505,3000,8,7,8,0.03333333333333333,266.6666666666667,PET
resultados/01_extract_real_crops/data/real_crops/train/PET/PETL 200X_3450.png,MICROPLASTIC,train,PETL 200X.png,3450,200,7,12,12,0.5,6000.0,PET
resultados/01_extract_real_crops/data/real_crops/train/PET/PET-B2-2000x-1_4708.png,MICROPLASTIC,train,PET-B2-2000x-1.png,4708,2000,16,23,23,0.05,1150.0000000000002,PET
resultados/01_extract_real_crops/data/real_crops/train/PET/PET-2-3000X_371.png,NANOPLASTIC,train,PET-2-3000X.png,371,3000,7,7,7,0.03333333333333333,233.33333333333334,PET
resultados/01_extract_real_crops/data/real_crops/train/PET/PET-B-2000x-4_4354.png,MICROPLASTIC,train,PET-B-2000x-4.png,4354,2000,12,20,20,0.05,1000.0,PET
resultados/01_extract_real_crops/data/real_crops/train/PET/PETL 200X_3755.png,MICROPLASTIC,train,PETL 200X.png,3755,200,6,7,7,0.5,3500.0,PET
resultados/01_extract_real_crops/data/real_crops/train/PET/PETL 200X_3555.png,MICROPLASTIC,train,PETL 200X.png,3555,200,17,16,17,0.5,8500.0,PET
resultados/01_extract_real_crops/data/real_crops/train/PET/PET-2-3000X_403.png,NANOPLASTIC,train,PET-2-3000X.png,403,3000,6,5,6,0.03333333333333333,200.0,PET
resultados/01_extract_real_crops/data/real_crops/train/PET/PET-B2-2000x-1_4620.png,NANOPLASTIC,train,PET-B2-2000x-1.png,4620,2000,11,12,12,0.05,600.0000000000001,PET
resultados/01_extract_real_crops/data/real_crops/train/PET/PET-2000X-3_1713.png,NANOPLASTIC,train,PET-2000X-3.png,1713,2000,9,7,9,0.05,450.0,PET
resultados/01_extract_real_crops/data/real_crops/train/PET/PET-2-3000X_563.png,NANOPLASTIC,train,PET-2-3000X.png,563,3000,24,26,26,0.03333333333333333,866.6666666666667,PET
resultados/01_extract_real_crops/data/real_crops/train/PET/PET-2-3000X_581.png,NANOPLASTIC,train,PET-2-3000X.png,581,3000,19,15,19,0.03333333333333333,633.3333333333333,PET
resultados/01_extract_real_crops/data/real_crops/train/PET/PET-5000X_2993.png,NANOPLASTIC,train,PET-5000X.png,2993,5000,24,28,28,0.02,560.0,PET
resultados/01_extract_real_crops/data/real_crops/train/PET/PET-2000X-4_2111.png,MICROPLASTIC,train,PET-2000X-4.png,2111,2000,32,34,34,0.05,1700.0000000000002,PET
resultados/01_extract_real_crops/data/real_crops/train/PET/PET-2-3000X_602.png,NANOPLASTIC,train,PET-2-3000X.png,602,3000,13,7,13,0.03333333333333333,433.33333333333337,PET
resultados/01_extract_real_crops/data/real_crops/train/PET/PET-2000X-4_2122.png,MICROPLASTIC,train,PET-2000X-4.png,2122,2000,28,28,28,0.05,1400.0000000000002,PET
resultados/01_extract_real_crops/data/real_crops/train/PET/PET 5000X_288.png,NANOPLASTIC,train,PET 5000X.png,288,5000,20,22,22,0.02,440.0,PET
resultados/01_extract_real_crops/data/real_crops/train/PET/PET-B2-2000x-1_4538.png,NANOPLASTIC,train,PET-B2-2000x-1.png,4538,2000,17,13,17,0.05,850.0000000000001,PET
resultados/01_extract_real_crops/data/real_crops/train/PET/PET-2000X-4_1891.png,NANOPLASTIC,train,PET-2000X-4.png,1891,2000,5,6,6,0.05,300.00000000000006,PET
resultados/01_extract_real_crops/data/real_crops/train/PET/PET-B-1000X_4090.png,MICROPLASTIC,train,PET-B-1000X.png,4090,1000,11,11,11,0.1,1100.0,PET
resultados/01_extract_real_crops/data/real_crops/train/PET/PETL 200X_4015.png,MICROPLASTIC,train,PETL 200X.png,4015,200,6,5,6,0.5,3000.0,PET
resultados/01_extract_real_crops/data/real_crops/train/PET/PET-2000X-4_2063.png,NANOPLASTIC,train,PET-2000X-4.png,2063,2000,15,11,15,0.05,750.0,PET
resultados/01_extract_real_crops/data/real_crops/train/PET/PET-B2-2000x-1_4686.png,NANOPLASTIC,train,PET-B2-2000x-1.png,4686,2000,18,17,18,0.05,900.0,PET
resultados/01_extract_real_crops/data/real_crops/train/PET/PET-5000X_3030.png,NANOPLASTIC,train,PET-5000X.png,3030,5000,17,30,30,0.02,600.0,PET
resultados/01_extract_real_crops/data/real_crops/train/PET/PET-5000X-4_2944.png,NANOPLASTIC,train,PET-5000X-4.png,2944,5000,14,21,21,0.02,420.0,PET
resultados/01_extract_real_crops/data/real_crops/train/PET/PETL 200X_3583.png,MICROPLASTIC,train,PETL 200X.png,3583,200,6,11,11,0.5,5500.0,PET
resultados/01_extract_real_crops/data/real_crops/train/PET/PET-2000X-3_1357.png,NANOPLASTIC,train,PET-2000X-3.png,1357,2000,12,12,12,0.05,600.0000000000001,PET
resultados/01_extract_real_crops/data/real_crops/train/PET/PET-2000X-4_2102.png,NANOPLASTIC,train,PET-2000X-4.png,2102,2000,10,7,10,0.05,500.0,PET
resultados/01_extract_real_crops/data/real_crops/train/PET/PET-2000X-3_1644.png,NANOPLASTIC,train,PET-2000X-3.png,1644,2000,16,15,16,0.05,800.0,PET
resultados/01_extract_real_crops/data/real_crops/train/PET/PETL 200X_3849.png,MICROPLASTIC,train,PETL 200X.png,3849,200,9,12,12,0.5,6000.0,PET
resultados/01_extract_real_crops/data/real_crops/train/PET/PETL 200X_3771.png,MICROPLASTIC,train,PETL 200X.png,3771,200,6,7,7,0.5,3500.0,PET
resultados/01_extract_real_crops/data/real_crops/train/PET/PET-B2-2000x-1_4500.png,NANOPLASTIC,train,PET-B2-2000x-1.png,4500,2000,10,7,10,0.05,500.0,PET
resultados/01_extract_real_crops/data/real_crops/train/PET/PET-5000X-4_2929.png,MICROPLASTIC,train,PET-5000X-4.png,2929,5000,37,57,57,0.02,1140.0000000000002,PET
resultados/01_extract_real_crops/data/real_crops/train/PET/PETL 200X_3941.png,MICROPLASTIC,train,PETL 200X.png,3941,200,27,27,27,0.5,13500.0,PET
resultados/01_extract_real_crops/data/real_crops/train/PET/PET-B-2000x-4_4335.png,MICROPLASTIC,train,PET-B-2000x-4.png,4335,2000,28,16,28,0.05,1400.0000000000002,PET
resultados/01_extract_real_crops/data/real_crops/train/PET/PETL 5000X_4036.png,NANOPLASTIC,train,PETL 5000X.png,4036,5000,12,18,18,0.02,360.0,PET
resultados/01_extract_real_crops/data/real_crops/train/PET/PET-B-2000x-4_4423.png,NANOPLASTIC,train,PET-B-2000x-4.png,4423,2000,12,10,12,0.05,600.0000000000001,PET
resultados/01_extract_real_crops/data/real_crops/train/PET/PETL 200X_3826.png,MICROPLASTIC,train,PETL 200X.png,3826,200,13,19,19,0.5,9500.0,PET
resultados/01_extract_real_crops/data/real_crops/train/PET/PET-B2-2000x-1_4692.png,MICROPLASTIC,train,PET-B2-2000x-1.png,4692,2000,49,18,49,0.05,2450.0,PET
resultados/01_extract_real_crops/data/real_crops/train/PET/PET-2000X-4_1790.png,NANOPLASTIC,train,PET-2000X-4.png,1790,2000,7,7,7,0.05,350.00000000000006,PET
resultados/01_extract_real_crops/data/real_crops/train/PET/PET 5000X 2_182.png,NANOPLASTIC,train,PET 5000X 2.png,182,5000,44,31,44,0.02,880.0,PET
resultados/01_extract_real_crops/data/real_crops/train/PET/PET 5000X 2_236.png,NANOPLASTIC,train,PET 5000X 2.png,236,5000,17,21,21,0.02,420.0,PET
resultados/01_extract_real_crops/data/real_crops/train/PET/PETL 1000X_3357.png,MICROPLASTIC,train,PETL 1000X.png,3357,1000,13,8,13,0.1,1300.0,PET
resultados/01_extract_real_crops/data/real_crops/train/PET/PET-B2-2000x-1_4684.png,NANOPLASTIC,train,PET-B2-2000x-1.png,4684,2000,7,8,8,0.05,400.0,PET
resultados/01_extract_real_crops/data/real_crops/train/PET/PETL 200X_3998.png,MICROPLASTIC,train,PETL 200X.png,3998,200,12,14,14,0.5,7000.0,PET
resultados/01_extract_real_crops/data/real_crops/train/PET/PET-2000X-3_1329.png,NANOPLASTIC,train,PET-2000X-3.png,1329,2000,15,12,15,0.05,750.0,PET
resultados/01_extract_real_crops/data/real_crops/train/PET/PET-2000X-4_1836.png,NANOPLASTIC,train,PET-2000X-4.png,1836,2000,6,6,6,0.05,300.00000000000006,PET
resultados/01_extract_real_crops/data/real_crops/train/PET/PETL 200X_3861.png,MICROPLASTIC,train,PETL 200X.png,3861,200,12,11,12,0.5,6000.0,PET
resultados/01_extract_real_crops/data/real_crops/train/PET/PET-2000X-4_1822.png,NANOPLASTIC,train,PET-2000X-4.png,1822,2000,10,10,10,0.05,500.0,PET
resultados/01_extract_real_crops/data/real_crops/train/PET/PETL 200X_3639.png,MICROPLASTIC,train,PETL 200X.png,3639,200,28,27,28,0.5,14000.0,PET
resultados/01_extract_real_crops/data/real_crops/train/PET/PET 5000X 2_161.png,NANOPLASTIC,train,PET 5000X 2.png,161,5000,14,16,16,0.02,320.0,PET
resultados/01_extract_real_crops/data/real_crops/train/PET/PETL 200X_3552.png,MICROPLASTIC,train,PETL 200X.png,3552,200,5,5,5,0.5,2500.0,PET
resultados/01_extract_real_crops/data/real_crops/train/PET/PET-2000X-3_1469.png,MICROPLASTIC,train,PET-2000X-3.png,1469,2000,24,28,28,0.05,1400.0000000000002,PET
resultados/01_extract_real_crops/data/real_crops/train/PET/PET-2-3000X_405.png,NANOPLASTIC,train,PET-2-3000X.png,405,3000,7,5,7,0.03333333333333333,233.33333333333334,PET
resultados/01_extract_real_crops/data/real_crops/train/PET/PET-B2-2000x-2_4722.png,NANOPLASTIC,train,PET-B2-2000x-2.png,4722,2000,8,8,8,0.05,400.0,PET
resultados/01_extract_real_crops/data/real_crops/train/PET/PET-2-3000X_578.png,NANOPLASTIC,train,PET-2-3000X.png,578,3000,5,8,8,0.03333333333333333,266.6666666666667,PET
resultados/01_extract_real_crops/data/real_crops/train/PET/PETL 200X_4023.png,MICROPLASTIC,train,PETL 200X.png,4023,200,7,7,7,0.5,3500.0,PET
resultados/01_extract_real_crops/data/real_crops/train/PET/PETL 200X_3579.png,MICROPLASTIC,train,PETL 200X.png,3579,200,8,8,8,0.5,4000.0,PET
resultados/01_extract_real_crops/data/real_crops/train/PET/PETL 200X_3927.png,MICROPLASTIC,train,PETL 200X.png,3927,200,27,32,32,0.5,16000.0,PET
resultados/01_extract_real_crops/data/real_crops/train/PET/PET-B2-5000x-4_5022.png,NANOPLASTIC,train,PET-B2-5000x-4.png,5022,5000,23,18,23,0.02,460.0,PET
resultados/01_extract_real_crops/data/real_crops/train/PET/PET-2000X-3_1567.png,NANOPLASTIC,train,PET-2000X-3.png,1567,2000,7,11,11,0.05,550.0,PET
resultados/01_extract_real_crops/data/real_crops/train/PET/PET-B-2000x-4_4399.png,NANOPLASTIC,train,PET-B-2000x-4.png,4399,2000,7,14,14,0.05,700.0000000000001,PET
resultados/01_extract_real_crops/data/real_crops/train/PET/PET-2000X-3_1423.png,NANOPLASTIC,train,PET-2000X-3.png,1423,2000,9,13,13,0.05,650.0,PET
resultados/01_extract_real_crops/data/real_crops/train/PET/PETL 200X_3671.png,MICROPLASTIC,train,PETL 200X.png,3671,200,6,6,6,0.5,3000.0,PET
resultados/01_extract_real_crops/data/real_crops/train/PET/PET-2-3000X_515.png,NANOPLASTIC,train,PET-2-3000X.png,515,3000,9,7,9,0.03333333333333333,300.0,PET
resultados/01_extract_real_crops/data/real_crops/train/PET/PET-B2-5000x-4_5035.png,NANOPLASTIC,train,PET-B2-5000x-4.png,5035,5000,39,25,39,0.02,780.0,PET
resultados/01_extract_real_crops/data/real_crops/train/PET/PET-B2-2000x-1_4491.png,NANOPLASTIC,train,PET-B2-2000x-1.png,4491,2000,12,13,13,0.05,650.0,PET
resultados/01_extract_real_crops/data/real_crops/train/PET/PET 5000X 2_230.png,NANOPLASTIC,train,PET 5000X 2.png,230,5000,25,21,25,0.02,500.0,PET
resultados/01_extract_real_crops/data/real_crops/train/PET/PET-B2-2000x-2_4849.png,MICROPLASTIC,train,PET-B2-2000x-2.png,4849,2000,24,14,24,0.05,1200.0000000000002,PET
resultados/01_extract_real_crops/data/real_crops/train/PET/PETL 200X_3833.png,MICROPLASTIC,train,PETL 200X.png,3833,200,9,7,9,0.5,4500.0,PET
resultados/01_extract_real_crops/data/real_crops/train/PET/PET 5000X 2_144.png,NANOPLASTIC,train,PET 5000X 2.png,144,5000,22,18,22,0.02,440.0,PET
resultados/01_extract_real_crops/data/real_crops/train/PET/PET-B2-2000x-2_4724.png,MICROPLASTIC,train,PET-B2-2000x-2.png,4724,2000,29,22,29,0.05,1450.0000000000002,PET
resultados/01_extract_real_crops/data/real_crops/train/PET/PET-2000X-4_1861.png,NANOPLASTIC,train,PET-2000X-4.png,1861,2000,6,5,6,0.05,300.00000000000006,PET
resultados/01_extract_real_crops/data/real_crops/train/PET/PET-2-3000X_574.png,NANOPLASTIC,train,PET-2-3000X.png,574,3000,16,13,16,0.03333333333333333,533.3333333333334,PET
resultados/01_extract_real_crops/data/real_crops/train/PET/PETL 1000X_3343.png,MICROPLASTIC,train,PETL 1000X.png,3343,1000,21,31,31,0.1,3100.0,PET
resultados/01_extract_real_crops/data/real_crops/train/PET/PET-B-2000x-4_4352.png,MICROPLASTIC,train,PET-B-2000x-4.png,4352,2000,21,18,21,0.05,1050.0,PET
resultados/01_extract_real_crops/data/real_crops/train/PET/PET-B2-2000x-1_4677.png,MICROPLASTIC,train,PET-B2-2000x-1.png,4677,2000,85,72,85,0.05,4250.0,PET
resultados/01_extract_real_crops/data/real_crops/train/PET/PET-2000X-4_2166.png,NANOPLASTIC,train,PET-2000X-4.png,2166,2000,9,9,9,0.05,450.0,PET
resultados/01_extract_real_crops/data/real_crops/train/PET/PET-2000X-3_1293.png,MICROPLASTIC,train,PET-2000X-3.png,1293,2000,19,31,31,0.05,1550.0,PET
resultados/01_extract_real_crops/data/real_crops/train/PET/PET 5000X_297.png,NANOPLASTIC,train,PET 5000X.png,297,5000,24,22,24,0.02,480.0,PET
resultados/01_extract_real_crops/data/real_crops/train/PET/PET-2-3000X_624.png,NANOPLASTIC,train,PET-2-3000X.png,624,3000,16,12,16,0.03333333333333333,533.3333333333334,PET
resultados/01_extract_real_crops/data/real_crops/train/PET/PET-2-3000X_713.png,NANOPLASTIC,train,PET-2-3000X.png,713,3000,10,9,10,0.03333333333333333,333.3333333333333,PET
resultados/01_extract_real_crops/data/real_crops/train/PET/PET-5000X-4_2889.png,NANOPLASTIC,train,PET-5000X-4.png,2889,5000,21,26,26,0.02,520.0,PET
resultados/01_extract_real_crops/data/real_crops/train/PET/PET-2000X-3_1319.png,NANOPLASTIC,train,PET-2000X-3.png,1319,2000,11,10,11,0.05,550.0,PET
resultados/01_extract_real_crops/data/real_crops/train/PET/PET 5000X 2_164.png,NANOPLASTIC,train,PET 5000X 2.png,164,5000,13,16,16,0.02,320.0,PET
resultados/01_extract_real_crops/data/real_crops/train/PET/PET-B2-2000x-2_4762.png,NANOPLASTIC,train,PET-B2-2000x-2.png,4762,2000,13,11,13,0.05,650.0,PET
resultados/01_extract_real_crops/data/real_crops/train/PET/PET 5000X 2_156.png,NANOPLASTIC,train,PET 5000X 2.png,156,5000,35,26,35,0.02,700.0000000000001,PET
resultados/01_extract_real_crops/data/real_crops/train/PET/PET-B2-2000x-1_4606.png,NANOPLASTIC,train,PET-B2-2000x-1.png,4606,2000,12,12,12,0.05,600.0000000000001,PET
resultados/01_extract_real_crops/data/real_crops/train/PET/PET-B-2000x-2_4270.png,MICROPLASTIC,train,PET-B-2000x-2.png,4270,2000,22,32,32,0.05,1600.0,PET
resultados/01_extract_real_crops/data/real_crops/train/PET/PET-2-3000X_434.png,NANOPLASTIC,train,PET-2-3000X.png,434,3000,13,12,13,0.03333333333333333,433.33333333333337,PET
resultados/01_extract_real_crops/data/real_crops/train/PET/PET-5000X-4_2891.png,MICROPLASTIC,train,PET-5000X-4.png,2891,5000,70,39,70,0.02,1400.0000000000002,PET
resultados/01_extract_real_crops/data/real_crops/train/PET/PETL 200X_3617.png,MICROPLASTIC,train,PETL 200X.png,3617,200,27,18,27,0.5,13500.0,PET
resultados/01_extract_real_crops/data/real_crops/train/PET/PET-B2-2000x-1_4585.png,MICROPLASTIC,train,PET-B2-2000x-1.png,4585,2000,35,35,35,0.05,1750.0,PET
resultados/01_extract_real_crops/data/real_crops/train/PET/PET-2000X-3_1352.png,NANOPLASTIC,train,PET-2000X-3.png,1352,2000,10,11,11,0.05,550.0,PET
resultados/01_extract_real_crops/data/real_crops/train/PET/PET-2000X-3_1390.png,NANOPLASTIC,train,PET-2000X-3.png,1390,2000,9,7,9,0.05,450.0,PET
resultados/01_extract_real_crops/data/real_crops/train/PET/PET-5000X-2_2709.png,MICROPLASTIC,train,PET-5000X-2.png,2709,5000,130,112,130,0.02,2600.0,PET
resultados/01_extract_real_crops/data/real_crops/train/PET/PETL 200X_3876.png,MICROPLASTIC,train,PETL 200X.png,3876,200,6,4,6,0.5,3000.0,PET
resultados/01_extract_real_crops/data/real_crops/train/PET/PET-5000X-4_2986.png,NANOPLASTIC,train,PET-5000X-4.png,2986,5000,26,15,26,0.02,520.0,PET
resultados/01_extract_real_crops/data/real_crops/train/PET/PET-B2-2000x-1_4695.png,NANOPLASTIC,train,PET-B2-2000x-1.png,4695,2000,16,14,16,0.05,800.0,PET
resultados/01_extract_real_crops/data/real_crops/train/PET/PET-B-2000x-2_4215.png,MICROPLASTIC,train,PET-B-2000x-2.png,4215,2000,26,29,29,0.05,1450.0000000000002,PET
resultados/01_extract_real_crops/data/real_crops/train/PET/PET-B2-2000x-2_4743.png,MICROPLASTIC,train,PET-B2-2000x-2.png,4743,2000,21,18,21,0.05,1050.0,PET
resultados/01_extract_real_crops/data/real_crops/train/PET/PETL 200X_3548.png,MICROPLASTIC,train,PETL 200X.png,3548,200,10,10,10,0.5,5000.0,PET
resultados/01_extract_real_crops/data/real_crops/train/PET/PETL 200X_3774.png,MICROPLASTIC,train,PETL 200X.png,3774,200,6,6,6,0.5,3000.0,PET
resultados/01_extract_real_crops/data/real_crops/train/PET/PET-B-2000x-2_4228.png,MICROPLASTIC,train,PET-B-2000x-2.png,4228,2000,65,40,65,0.05,3250.0,PET
resultados/01_extract_real_crops/data/real_crops/train/PET/PET-2-3000X_453.png,NANOPLASTIC,train,PET-2-3000X.png,453,3000,8,5,8,0.03333333333333333,266.6666666666667,PET
resultados/01_extract_real_crops/data/real_crops/train/PET/PET-2000X-4_1833.png,NANOPLASTIC,train,PET-2000X-4.png,1833,2000,9,10,10,0.05,500.0,PET
resultados/01_extract_real_crops/data/real_crops/train/PET/PET 5000X 2_162.png,NANOPLASTIC,train,PET 5000X 2.png,162,5000,22,28,28,0.02,560.0,PET
resultados/01_extract_real_crops/data/real_crops/train/PET/PET-2000X-4_2150.png,NANOPLASTIC,train,PET-2000X-4.png,2150,2000,13,9,13,0.05,650.0,PET
resultados/01_extract_real_crops/data/real_crops/train/PET/PET-2-3000X_363.png,NANOPLASTIC,train,PET-2-3000X.png,363,3000,7,8,8,0.03333333333333333,266.6666666666667,PET
resultados/01_extract_real_crops/data/real_crops/train/PET/PET-2-3000X_674.png,NANOPLASTIC,train,PET-2-3000X.png,674,3000,15,8,15,0.03333333333333333,500.0,PET
resultados/01_extract_real_crops/data/real_crops/train/PET/PET-5000X_3024.png,NANOPLASTIC,train,PET-5000X.png,3024,5000,45,38,45,0.02,900.0,PET
resultados/01_extract_real_crops/data/real_crops/train/PET/PET-B2-2000x-2_4729.png,NANOPLASTIC,train,PET-B2-2000x-2.png,4729,2000,16,9,16,0.05,800.0,PET
resultados/01_extract_real_crops/data/real_crops/train/PET/PET-2-3000X_427.png,NANOPLASTIC,train,PET-2-3000X.png,427,3000,7,7,7,0.03333333333333333,233.33333333333334,PET
resultados/01_extract_real_crops/data/real_crops/train/PET/PET-2000X-3_1584.png,NANOPLASTIC,train,PET-2000X-3.png,1584,2000,10,12,12,0.05,600.0000000000001,PET
resultados/01_extract_real_crops/data/real_crops/train/PET/PET-2000X-4_2129.png,NANOPLASTIC,train,PET-2000X-4.png,2129,2000,9,8,9,0.05,450.0,PET
resultados/01_extract_real_crops/data/real_crops/train/PET/PET-2000X-3_1430.png,NANOPLASTIC,train,PET-2000X-3.png,1430,2000,9,11,11,0.05,550.0,PET
resultados/01_extract_real_crops/data/real_crops/train/PET/PETL 200X_4009.png,MICROPLASTIC,train,PETL 200X.png,4009,200,9,11,11,0.5,5500.0,PET
resultados/01_extract_real_crops/data/real_crops/train/PET/PET-B-2000x-4_4439.png,MICROPLASTIC,train,PET-B-2000x-4.png,4439,2000,14,20,20,0.05,1000.0,PET
resultados/01_extract_real_crops/data/real_crops/train/PET/PET-2-3000X_523.png,NANOPLASTIC,train,PET-2-3000X.png,523,3000,8,10,10,0.03333333333333333,333.3333333333333,PET
resultados/01_extract_real_crops/data/real_crops/train/PET/PET 5000X_248.png,MICROPLASTIC,train,PET 5000X.png,248,5000,155,123,155,0.02,3100.0,PET
resultados/01_extract_real_crops/data/real_crops/train/PET/PET-2000X-4_1799.png,NANOPLASTIC,train,PET-2000X-4.png,1799,2000,12,10,12,0.05,600.0000000000001,PET
resultados/01_extract_real_crops/data/real_crops/train/PET/PET-2000X-3_1664.png,NANOPLASTIC,train,PET-2000X-3.png,1664,2000,12,10,12,0.05,600.0000000000001,PET
resultados/01_extract_real_crops/data/real_crops/train/PET/PET-10000X_324.png,NANOPLASTIC,train,PET-10000X.png,324,10000,43,25,43,0.01,430.0,PET
resultados/01_extract_real_crops/data/real_crops/train/PET/PET-B-2000x-4_4353.png,MICROPLASTIC,train,PET-B-2000x-4.png,4353,2000,22,29,29,0.05,1450.0000000000002,PET
resultados/01_extract_real_crops/data/real_crops/train/PET/PET-B-2000x-2_4241.png,MICROPLASTIC,train,PET-B-2000x-2.png,4241,2000,23,16,23,0.05,1150.0000000000002,PET
resultados/01_extract_real_crops/data/real_crops/train/PET/PETL 200X_3414.png,MICROPLASTIC,train,PETL 200X.png,3414,200,11,7,11,0.5,5500.0,PET
resultados/01_extract_real_crops/data/real_crops/train/PET/PET 5000X 2_243.png,NANOPLASTIC,train,PET 5000X 2.png,243,5000,11,17,17,0.02,340.0,PET
resultados/01_extract_real_crops/data/real_crops/train/PET/PETL 200X_3377.png,MICROPLASTIC,train,PETL 200X.png,3377,200,12,17,17,0.5,8500.0,PET
resultados/01_extract_real_crops/data/real_crops/train/PET/PET 5000X 2_157.png,NANOPLASTIC,train,PET 5000X 2.png,157,5000,18,24,24,0.02,480.0,PET
resultados/01_extract_real_crops/data/real_crops/train/PET/PET-5000X-4_2903.png,NANOPLASTIC,train,PET-5000X-4.png,2903,5000,23,17,23,0.02,460.0,PET
resultados/01_extract_real_crops/data/real_crops/train/PET/PET 5000X 2_197.png,NANOPLASTIC,train,PET 5000X 2.png,197,5000,25,32,32,0.02,640.0,PET
resultados/01_extract_real_crops/data/real_crops/train/PET/PETL 200X_3643.png,MICROPLASTIC,train,PETL 200X.png,3643,200,9,6,9,0.5,4500.0,PET
resultados/01_extract_real_crops/data/real_crops/train/PET/PETL 200X_3478.png,MICROPLASTIC,train,PETL 200X.png,3478,200,8,11,11,0.5,5500.0,PET
resultados/01_extract_real_crops/data/real_crops/train/PET/PET-B-2000x-4_4358.png,MICROPLASTIC,train,PET-B-2000x-4.png,4358,2000,33,27,33,0.05,1650.0000000000002,PET
resultados/01_extract_real_crops/data/real_crops/train/PET/PET-B2-2000x-1_4715.png,NANOPLASTIC,train,PET-B2-2000x-1.png,4715,2000,6,7,7,0.05,350.00000000000006,PET
resultados/01_extract_real_crops/data/real_crops/train/PET/PET-2000X-3_1338.png,NANOPLASTIC,train,PET-2000X-3.png,1338,2000,18,14,18,0.05,900.0,PET
resultados/01_extract_real_crops/data/real_crops/train/PET/PET-2000X-4_1964.png,NANOPLASTIC,train,PET-2000X-4.png,1964,2000,12,10,12,0.05,600.0000000000001,PET
resultados/01_extract_real_crops/data/real_crops/train/PET/PET-B-2000x-2_4310.png,NANOPLASTIC,train,PET-B-2000x-2.png,4310,2000,12,14,14,0.05,700.0000000000001,PET
resultados/01_extract_real_crops/data/real_crops/train/PET/PET-B2-2000x-1_4608.png,NANOPLASTIC,train,PET-B2-2000x-1.png,4608,2000,8,6,8,0.05,400.0,PET
resultados/01_extract_real_crops/data/real_crops/train/PET/PET-2000X-4_2038.png,NANOPLASTIC,train,PET-2000X-4.png,2038,2000,12,10,12,0.05,600.0000000000001,PET
resultados/01_extract_real_crops/data/real_crops/train/PET/PET-2000X-3_1621.png,MICROPLASTIC,train,PET-2000X-3.png,1621,2000,18,33,33,0.05,1650.0000000000002,PET
resultados/01_extract_real_crops/data/real_crops/train/PET/PET-B2-2000x-1_4626.png,NANOPLASTIC,train,PET-B2-2000x-1.png,4626,2000,7,7,7,0.05,350.00000000000006,PET
resultados/01_extract_real_crops/data/real_crops/train/PET/PET 5000X_316.png,NANOPLASTIC,train,PET 5000X.png,316,5000,34,28,34,0.02,680.0,PET
resultados/01_extract_real_crops/data/real_crops/train/PET/PET-B2-2000x-2_4741.png,NANOPLASTIC,train,PET-B2-2000x-2.png,4741,2000,14,12,14,0.05,700.0000000000001,PET
resultados/01_extract_real_crops/data/real_crops/val/PET/PET1-5000X_3267.png,MICROPLASTIC,val,PET1-5000X.png,3267,5000,60,51,60,0.02,1200.0,PET
resultados/01_extract_real_crops/data/real_crops/val/PET/PET-5000X-3_2795.png,NANOPLASTIC,val,PET-5000X-3.tif,2795,5000,18,19,19,0.02,380.0,PET
resultados/01_extract_real_crops/data/real_crops/val/PET/PET1-5000X_3257.png,NANOPLASTIC,val,PET1-5000X.png,3257,5000,27,21,27,0.02,540.0,PET
resultados/01_extract_real_crops/data/real_crops/val/PET/PET-B2-2000x-4_4946.png,MICROPLASTIC,val,PET-B2-2000x-4.png,4946,2000,23,13,23,0.05,1150.0000000000002,PET
resultados/01_extract_real_crops/data/real_crops/val/PET/PET1-5000X_3154.png,NANOPLASTIC,val,PET1-5000X.png,3154,5000,17,18,18,0.02,360.0,PET
resultados/01_extract_real_crops/data/real_crops/val/PET/PET1-5000X_3133.png,NANOPLASTIC,val,PET1-5000X.png,3133,5000,28,30,30,0.02,600.0,PET
resultados/01_extract_real_crops/data/real_crops/val/PET/PET-B2-2000x-4_4860.png,MICROPLASTIC,val,PET-B2-2000x-4.png,4860,2000,42,12,42,0.05,2100.0,PET
resultados/01_extract_real_crops/data/real_crops/val/PET/PET1-5000X_3241.png,NANOPLASTIC,val,PET1-5000X.png,3241,5000,18,15,18,0.02,360.0,PET
resultados/01_extract_real_crops/data/real_crops/val/PET/PET1-5000X_3137.png,NANOPLASTIC,val,PET1-5000X.png,3137,5000,17,16,17,0.02,340.0,PET
resultados/01_extract_real_crops/data/real_crops/val/PET/PET1-5000X_3153.png,NANOPLASTIC,val,PET1-5000X.png,3153,5000,13,12,13,0.02,260.0,PET
resultados/01_extract_real_crops/data/real_crops/val/PET/PET1-5000X_3285.png,NANOPLASTIC,val,PET1-5000X.png,3285,5000,28,35,35,0.02,700.0000000000001,PET
resultados/01_extract_real_crops/data/real_crops/val/PET/PET-B2-2000x-4_4923.png,MICROPLASTIC,val,PET-B2-2000x-4.png,4923,2000,37,39,39,0.05,1950.0000000000002,PET
resultados/01_extract_real_crops/data/real_crops/val/PET/PET-B2-2000x-4_4931.png,NANOPLASTIC,val,PET-B2-2000x-4.png,4931,2000,12,11,12,0.05,600.0000000000001,PET
resultados/01_extract_real_crops/data/real_crops/val/PET/PET-5000X-3_2824.png,NANOPLASTIC,val,PET-5000X-3.tif,2824,5000,23,21,23,0.02,460.0,PET
resultados/01_extract_real_crops/data/real_crops/val/PET/PET-B-5000x-1_4484.png,NANOPLASTIC,val,PET-B-5000x-1.png,4484,5000,20,17,20,0.02,400.0,PET
resultados/01_extract_real_crops/data/real_crops/val/PET/PET-5000X-3_2853.png,NANOPLASTIC,val,PET-5000X-3.tif,2853,5000,22,23,23,0.02,460.0,PET
resultados/01_extract_real_crops/data/real_crops/val/PET/PET-5000X-3_2875.png,NANOPLASTIC,val,PET-5000X-3.tif,2875,5000,15,17,17,0.02,340.0,PET
resultados/01_extract_real_crops/data/real_crops/val/PET/PET-B2-2000x-4_5008.png,MICROPLASTIC,val,PET-B2-2000x-4.png,5008,2000,21,18,21,0.05,1050.0,PET
resultados/01_extract_real_crops/data/real_crops/val/PET/PET1-5000X_3199.png,MICROPLASTIC,val,PET1-5000X.png,3199,5000,83,68,83,0.02,1660.0000000000002,PET
resultados/01_extract_real_crops/data/real_crops/val/PET/PET1-5000X_3273.png,NANOPLASTIC,val,PET1-5000X.png,3273,5000,30,25,30,0.02,600.0,PET
resultados/01_extract_real_crops/data/real_crops/val/PET/PET1-5000X_3145.png,NANOPLASTIC,val,PET1-5000X.png,3145,5000,18,12,18,0.02,360.0,PET
resultados/01_extract_real_crops/data/real_crops/val/PET/PET-5000X-3_2793.png,NANOPLASTIC,val,PET-5000X-3.tif,2793,5000,38,36,38,0.02,760.0,PET
resultados/01_extract_real_crops/data/real_crops/val/PET/PET1-5000X_3129.png,NANOPLASTIC,val,PET1-5000X.png,3129,5000,13,12,13,0.02,260.0,PET
resultados/01_extract_real_crops/data/real_crops/val/PET/PET-B-5000x-1_4450.png,MICROPLASTIC,val,PET-B-5000x-1.png,4450,5000,54,40,54,0.02,1080.0,PET
resultados/01_extract_real_crops/data/real_crops/val/PET/PET-B2-2000x-4_4987.png,NANOPLASTIC,val,PET-B2-2000x-4.png,4987,2000,12,11,12,0.05,600.0000000000001,PET
resultados/01_extract_real_crops/data/real_crops/val/PET/PET1-5000X_3122.png,NANOPLASTIC,val,PET1-5000X.png,3122,5000,23,36,36,0.02,720.0,PET
resultados/01_extract_real_crops/data/real_crops/val/PET/PET-B-5000x-1_4469.png,NANOPLASTIC,val,PET-B-5000x-1.png,4469,5000,13,18,18,0.02,360.0,PET
resultados/01_extract_real_crops/data/real_crops/val/PET/PET-B-5000x-1_4449.png,NANOPLASTIC,val,PET-B-5000x-1.png,4449,5000,25,28,28,0.02,560.0,PET
resultados/01_extract_real_crops/data/real_crops/val/PET/PET-B2-2000x-4_4991.png,MICROPLASTIC,val,PET-B2-2000x-4.png,4991,2000,17,21,21,0.05,1050.0,PET
resultados/01_extract_real_crops/data/real_crops/val/PET/PET-B-5000x-1_4473.png,NANOPLASTIC,val,PET-B-5000x-1.png,4473,5000,19,24,24,0.02,480.0,PET
resultados/01_extract_real_crops/data/real_crops/val/PET/PET1-5000X_3299.png,NANOPLASTIC,val,PET1-5000X.png,3299,5000,18,11,18,0.02,360.0,PET
resultados/01_extract_real_crops/data/real_crops/val/PET/PET-B2-2000x-4_4882.png,NANOPLASTIC,val,PET-B2-2000x-4.png,4882,2000,8,9,9,0.05,450.0,PET
resultados/01_extract_real_crops/data/real_crops/val/PET/PET1-5000X_3110.png,NANOPLASTIC,val,PET1-5000X.png,3110,5000,13,10,13,0.02,260.0,PET
resultados/01_extract_real_crops/data/real_crops/val/PET/PET-B2-2000x-4_4915.png,NANOPLASTIC,val,PET-B2-2000x-4.png,4915,2000,8,7,8,0.05,400.0,PET
resultados/01_extract_real_crops/data/real_crops/val/PET/PET1-5000X_3151.png,NANOPLASTIC,val,PET1-5000X.png,3151,5000,15,9,15,0.02,300.0,PET
resultados/01_extract_real_crops/data/real_crops/val/PET/PET-5000X-3_2869.png,NANOPLASTIC,val,PET-5000X-3.tif,2869,5000,29,24,29,0.02,580.0,PET
resultados/01_extract_real_crops/data/real_crops/val/PET/PET-B2-2000x-4_4872.png,NANOPLASTIC,val,PET-B2-2000x-4.png,4872,2000,7,5,7,0.05,350.00000000000006,PET
resultados/01_extract_real_crops/data/real_crops/val/PET/PET-B2-2000x-4_4910.png,NANOPLASTIC,val,PET-B2-2000x-4.png,4910,2000,16,15,16,0.05,800.0,PET
resultados/01_extract_real_crops/data/real_crops/val/PET/PET1-5000X_3202.png,NANOPLASTIC,val,PET1-5000X.png,3202,5000,20,18,20,0.02,400.0,PET
resultados/01_extract_real_crops/data/real_crops/val/PET/PET-B2-2000x-4_4979.png,NANOPLASTIC,val,PET-B2-2000x-4.png,4979,2000,13,15,15,0.05,750.0,PET
resultados/01_extract_real_crops/data/real_crops/val/PET/PET-B2-2000x-4_4897.png,NANOPLASTIC,val,PET-B2-2000x-4.png,4897,2000,18,19,19,0.05,950.0000000000001,PET
resultados/01_extract_real_crops/data/real_crops/val/PET/PET-B-5000x-1_4471.png,NANOPLASTIC,val,PET-B-5000x-1.png,4471,5000,10,11,11,0.02,220.0,PET
resultados/01_extract_real_crops/data/real_crops/val/PET/PET1-5000X_3232.png,NANOPLASTIC,val,PET1-5000X.png,3232,5000,17,11,17,0.02,340.0,PET
resultados/01_extract_real_crops/data/real_crops/val/PET/PET1-5000X_3160.png,NANOPLASTIC,val,PET1-5000X.png,3160,5000,18,12,18,0.02,360.0,PET
resultados/01_extract_real_crops/data/real_crops/val/PET/PET-5000X-3_2837.png,NANOPLASTIC,val,PET-5000X-3.tif,2837,5000,24,17,24,0.02,480.0,PET
resultados/01_extract_real_crops/data/real_crops/val/PET/PET-B2-2000x-4_4901.png,MICROPLASTIC,val,PET-B2-2000x-4.png,4901,2000,102,111,111,0.05,5550.000000000001,PET
resultados/01_extract_real_crops/data/real_crops/val/PET/PET-5000X-3_2828.png,NANOPLASTIC,val,PET-5000X-3.tif,2828,5000,21,25,25,0.02,500.0,PET
resultados/01_extract_real_crops/data/real_crops/val/PET/PET1-5000X_3186.png,NANOPLASTIC,val,PET1-5000X.png,3186,5000,32,35,35,0.02,700.0000000000001,PET
resultados/01_extract_real_crops/data/real_crops/val/PET/PET-B2-2000x-4_4903.png,NANOPLASTIC,val,PET-B2-2000x-4.png,4903,2000,9,5,9,0.05,450.0,PET
resultados/01_extract_real_crops/data/real_crops/val/PET/PET-B2-2000x-4_4920.png,NANOPLASTIC,val,PET-B2-2000x-4.png,4920,2000,14,8,14,0.05,700.0000000000001,PET
resultados/01_extract_real_crops/data/real_crops/val/PET/PET1-5000X_3311.png,NANOPLASTIC,val,PET1-5000X.png,3311,5000,45,25,45,0.02,900.0,PET
resultados/01_extract_real_crops/data/real_crops/val/PET/PET1-5000X_3215.png,NANOPLASTIC,val,PET1-5000X.png,3215,5000,13,14,14,0.02,280.0,PET
resultados/01_extract_real_crops/data/real_crops/val/PET/PET-5000X-3_2874.png,NANOPLASTIC,val,PET-5000X-3.tif,2874,5000,12,12,12,0.02,240.0,PET
resultados/01_extract_real_crops/data/real_crops/val/PET/PET-B2-2000x-4_4960.png,NANOPLASTIC,val,PET-B2-2000x-4.png,4960,2000,9,11,11,0.05,550.0,PET
resultados/01_extract_real_crops/data/real_crops/val/PET/PET-B2-2000x-4_4895.png,NANOPLASTIC,val,PET-B2-2000x-4.png,4895,2000,12,8,12,0.05,600.0000000000001,PET
resultados/01_extract_real_crops/data/real_crops/val/PET/PET1-5000X_3171.png,NANOPLASTIC,val,PET1-5000X.png,3171,5000,19,16,19,0.02,380.0,PET
resultados/01_extract_real_crops/data/real_crops/val/PET/PET-B2-2000x-4_4906.png,MICROPLASTIC,val,PET-B2-2000x-4.png,4906,2000,33,26,33,0.05,1650.0000000000002,PET
resultados/01_extract_real_crops/data/real_crops/val/PET/PET1-5000X_3253.png,NANOPLASTIC,val,PET1-5000X.png,3253,5000,13,13,13,0.02,260.0,PET
resultados/01_extract_real_crops/data/real_crops/val/PET/PET1-5000X_3168.png,NANOPLASTIC,val,PET1-5000X.png,3168,5000,12,9,12,0.02,240.0,PET
resultados/01_extract_real_crops/data/real_crops/val/PET/PET1-5000X_3203.png,NANOPLASTIC,val,PET1-5000X.png,3203,5000,21,13,21,0.02,420.0,PET
resultados/01_extract_real_crops/data/real_crops/test/PET/PET-2000X_2501.png,NANOPLASTIC,test,PET-2000X.png,2501,2000,12,9,12,0.05,600.0000000000001,PET
resultados/01_extract_real_crops/data/real_crops/test/PET/PET-2000X-2_1091.png,MICROPLASTIC,test,PET-2000X-2.png,1091,2000,16,21,21,0.05,1050.0,PET
resultados/01_extract_real_crops/data/real_crops/test/PET/PET-2000X-2_1080.png,NANOPLASTIC,test,PET-2000X-2.png,1080,2000,7,7,7,0.05,350.00000000000006,PET
resultados/01_extract_real_crops/data/real_crops/test/PET/PET-2000X_2562.png,NANOPLASTIC,test,PET-2000X.png,2562,2000,8,7,8,0.05,400.0,PET
resultados/01_extract_real_crops/data/real_crops/test/PET/PET-2000X_2697.png,MICROPLASTIC,test,PET-2000X.png,2697,2000,25,12,25,0.05,1250.0,PET
resultados/01_extract_real_crops/data/real_crops/test/PET/PET-2000X-2_1144.png,NANOPLASTIC,test,PET-2000X-2.png,1144,2000,8,6,8,0.05,400.0,PET
resultados/01_extract_real_crops/data/real_crops/test/PET/PET-2000X-2_1267.png,NANOPLASTIC,test,PET-2000X-2.png,1267,2000,11,11,11,0.05,550.0,PET
resultados/01_extract_real_crops/data/real_crops/test/PET/PET-B-2-5000X_4206.png,NANOPLASTIC,test,PET-B-2-5000X.png,4206,5000,14,8,14,0.02,280.0,PET
resultados/01_extract_real_crops/data/real_crops/test/PET/PET-2000X-2_924.png,NANOPLASTIC,test,PET-2000X-2.png,924,2000,8,6,8,0.05,400.0,PET
resultados/01_extract_real_crops/data/real_crops/test/PET/PET-2000X-2_1086.png,NANOPLASTIC,test,PET-2000X-2.png,1086,2000,10,12,12,0.05,600.0000000000001,PET
resultados/01_extract_real_crops/data/real_crops/test/PET/PET-2000X-2_1118.png,NANOPLASTIC,test,PET-2000X-2.png,1118,2000,10,10,10,0.05,500.0,PET
resultados/01_extract_real_crops/data/real_crops/test/PET/PET-2000X-2_1213.png,NANOPLASTIC,test,PET-2000X-2.png,1213,2000,9,12,12,0.05,600.0000000000001,PET
resultados/01_extract_real_crops/data/real_crops/test/PET/PET-2000X-2_1075.png,NANOPLASTIC,test,PET-2000X-2.png,1075,2000,7,8,8,0.05,400.0,PET
resultados/01_extract_real_crops/data/real_crops/test/PET/PET-2000X-2_1125.png,MICROPLASTIC,test,PET-2000X-2.png,1125,2000,22,27,27,0.05,1350.0,PET
resultados/01_extract_real_crops/data/real_crops/test/PET/PET-2000X_2470.png,NANOPLASTIC,test,PET-2000X.png,2470,2000,11,12,12,0.05,600.0000000000001,PET
resultados/01_extract_real_crops/data/real_crops/test/PET/PET 5000X 1_84.png,MICROPLASTIC,test,PET 5000X 1.png,84,5000,110,21,110,0.02,2200.0,PET
resultados/01_extract_real_crops/data/real_crops/test/PET/PET-B-2-5000X_4138.png,NANOPLASTIC,test,PET-B-2-5000X.png,4138,5000,13,11,13,0.02,260.0,PET
resultados/01_extract_real_crops/data/real_crops/test/PET/PET-B-2-5000X_4122.png,NANOPLASTIC,test,PET-B-2-5000X.png,4122,5000,38,27,38,0.02,760.0,PET
resultados/01_extract_real_crops/data/real_crops/test/PET/PET-2000X-2_1110.png,NANOPLASTIC,test,PET-2000X-2.png,1110,2000,11,14,14,0.05,700.0000000000001,PET
resultados/01_extract_real_crops/data/real_crops/test/PET/PET-2000X_2398.png,NANOPLASTIC,test,PET-2000X.png,2398,2000,10,9,10,0.05,500.0,PET
resultados/01_extract_real_crops/data/real_crops/test/PET/PET-2000X-2_795.png,NANOPLASTIC,test,PET-2000X-2.png,795,2000,16,15,16,0.05,800.0,PET
resultados/01_extract_real_crops/data/real_crops/test/PET/PET 5000X 1_32.png,NANOPLASTIC,test,PET 5000X 1.png,32,5000,25,21,25,0.02,500.0,PET
resultados/01_extract_real_crops/data/real_crops/test/PET/PET-2000X-2_838.png,NANOPLASTIC,test,PET-2000X-2.png,838,2000,15,12,15,0.05,750.0,PET
resultados/01_extract_real_crops/data/real_crops/test/PET/PET-2000X-2_955.png,NANOPLASTIC,test,PET-2000X-2.png,955,2000,16,17,17,0.05,850.0000000000001,PET
resultados/01_extract_real_crops/data/real_crops/test/PET/PET-2000X-2_1246.png,NANOPLASTIC,test,PET-2000X-2.png,1246,2000,9,6,9,0.05,450.0,PET
resultados/01_extract_real_crops/data/real_crops/test/PET/PET-2000X-2_889.png,NANOPLASTIC,test,PET-2000X-2.png,889,2000,9,10,10,0.05,500.0,PET
resultados/01_extract_real_crops/data/real_crops/test/PET/PET-2000X-2_971.png,MICROPLASTIC,test,PET-2000X-2.png,971,2000,20,13,20,0.05,1000.0,PET
resultados/01_extract_real_crops/data/real_crops/test/PET/PET-2000X_2425.png,MICROPLASTIC,test,PET-2000X.png,2425,2000,65,11,65,0.05,3250.0,PET
resultados/01_extract_real_crops/data/real_crops/test/PET/PET-B-2-5000X_4135.png,NANOPLASTIC,test,PET-B-2-5000X.png,4135,5000,16,14,16,0.02,320.0,PET
resultados/01_extract_real_crops/data/real_crops/test/PET/PET-2000X_2612.png,NANOPLASTIC,test,PET-2000X.png,2612,2000,7,5,7,0.05,350.00000000000006,PET
resultados/01_extract_real_crops/data/real_crops/test/PET/PET-2000X-2_1248.png,NANOPLASTIC,test,PET-2000X-2.png,1248,2000,11,11,11,0.05,550.0,PET
resultados/01_extract_real_crops/data/real_crops/test/PET/PET-2000X_2399.png,NANOPLASTIC,test,PET-2000X.png,2399,2000,18,15,18,0.05,900.0,PET
resultados/01_extract_real_crops/data/real_crops/test/PET/PET-2000X-2_1198.png,NANOPLASTIC,test,PET-2000X-2.png,1198,2000,10,13,13,0.05,650.0,PET
resultados/01_extract_real_crops/data/real_crops/test/PET/PET-2000X-2_786.png,MICROPLASTIC,test,PET-2000X-2.png,786,2000,27,21,27,0.05,1350.0,PET
resultados/01_extract_real_crops/data/real_crops/test/PET/PET-2000X-2_820.png,MICROPLASTIC,test,PET-2000X-2.png,820,2000,20,14,20,0.05,1000.0,PET
resultados/01_extract_real_crops/data/real_crops/test/PET/PET-2000X-2_1023.png,NANOPLASTIC,test,PET-2000X-2.png,1023,2000,8,8,8,0.05,400.0,PET
resultados/01_extract_real_crops/data/real_crops/test/PET/PET-2000X-2_985.png,NANOPLASTIC,test,PET-2000X-2.png,985,2000,12,11,12,0.05,600.0000000000001,PET
resultados/01_extract_real_crops/data/real_crops/test/PET/PET-2000X-2_857.png,NANOPLASTIC,test,PET-2000X-2.png,857,2000,11,17,17,0.05,850.0000000000001,PET
resultados/01_extract_real_crops/data/real_crops/test/PET/PET 5000X 1_7.png,NANOPLASTIC,test,PET 5000X 1.png,7,5000,27,25,27,0.02,540.0,PET
resultados/01_extract_real_crops/data/real_crops/test/PET/PET-2000X_2644.png,NANOPLASTIC,test,PET-2000X.png,2644,2000,15,14,15,0.05,750.0,PET
resultados/01_extract_real_crops/data/real_crops/test/PET/PET-2000X-2_972.png,NANOPLASTIC,test,PET-2000X-2.png,972,2000,14,16,16,0.05,800.0,PET
resultados/01_extract_real_crops/data/real_crops/test/PET/PET-2000X_2346.png,NANOPLASTIC,test,PET-2000X.png,2346,2000,14,16,16,0.05,800.0,PET
resultados/01_extract_real_crops/data/real_crops/test/PET/PET 5000X 1_25.png,MICROPLASTIC,test,PET 5000X 1.png,25,5000,55,49,55,0.02,1100.0,PET
resultados/01_extract_real_crops/data/real_crops/test/PET/PET-2000X_2310.png,NANOPLASTIC,test,PET-2000X.png,2310,2000,13,14,14,0.05,700.0000000000001,PET
resultados/01_extract_real_crops/data/real_crops/test/PET/PET-2000X_2601.png,NANOPLASTIC,test,PET-2000X.png,2601,2000,14,10,14,0.05,700.0000000000001,PET
resultados/01_extract_real_crops/data/real_crops/test/PET/PET-B-2-5000X_4186.png,NANOPLASTIC,test,PET-B-2-5000X.png,4186,5000,10,10,10,0.02,200.0,PET
resultados/01_extract_real_crops/data/real_crops/test/PET/PET-2000X_2359.png,MICROPLASTIC,test,PET-2000X.png,2359,2000,25,26,26,0.05,1300.0,PET
resultados/01_extract_real_crops/data/real_crops/test/PET/PET-2000X-2_1266.png,NANOPLASTIC,test,PET-2000X-2.png,1266,2000,16,14,16,0.05,800.0,PET
resultados/01_extract_real_crops/data/real_crops/test/PET/PET-2000X-2_1016.png,NANOPLASTIC,test,PET-2000X-2.png,1016,2000,13,13,13,0.05,650.0,PET
resultados/01_extract_real_crops/data/real_crops/test/PET/PET-B-2-5000X_4144.png,NANOPLASTIC,test,PET-B-2-5000X.png,4144,5000,18,19,19,0.02,380.0,PET
resultados/01_extract_real_crops/data/real_crops/test/PET/PET-2000X_2645.png,MICROPLASTIC,test,PET-2000X.png,2645,2000,35,29,35,0.05,1750.0,PET
resultados/01_extract_real_crops/data/real_crops/test/PET/PET-2000X-2_910.png,NANOPLASTIC,test,PET-2000X-2.png,910,2000,9,8,9,0.05,450.0,PET
resultados/01_extract_real_crops/data/real_crops/test/PET/PET-2000X-2_1207.png,NANOPLASTIC,test,PET-2000X-2.png,1207,2000,14,14,14,0.05,700.0000000000001,PET
resultados/01_extract_real_crops/data/real_crops/test/PET/PET-2000X-2_1127.png,NANOPLASTIC,test,PET-2000X-2.png,1127,2000,9,8,9,0.05,450.0,PET
resultados/01_extract_real_crops/data/real_crops/test/PET/PET-2000X-2_1205.png,NANOPLASTIC,test,PET-2000X-2.png,1205,2000,8,10,10,0.05,500.0,PET
resultados/01_extract_real_crops/data/real_crops/test/PET/PET-2000X_2590.png,NANOPLASTIC,test,PET-2000X.png,2590,2000,6,5,6,0.05,300.00000000000006,PET
resultados/01_extract_real_crops/data/real_crops/test/PET/PET-2000X_2326.png,NANOPLASTIC,test,PET-2000X.png,2326,2000,12,13,13,0.05,650.0,PET
resultados/01_extract_real_crops/data/real_crops/test/PET/PET-2000X_2334.png,NANOPLASTIC,test,PET-2000X.png,2334,2000,14,15,15,0.05,750.0,PET
resultados/01_extract_real_crops/data/real_crops/test/PET/PET 5000X 1_128.png,NANOPLASTIC,test,PET 5000X 1.png,128,5000,17,19,19,0.02,380.0,PET
resultados/01_extract_real_crops/data/real_crops/test/PET/PET-2000X-2_787.png,NANOPLASTIC,test,PET-2000X-2.png,787,2000,13,16,16,0.05,800.0,PET
resultados/01_extract_real_crops/data/real_crops/train/PP/PP-3000x8_6939.png,MICROPLASTIC,train,PP-3000x8.png,6939,3000,37,50,50,0.03333333333333333,1666.6666666666667,PP
resultados/01_extract_real_crops/data/real_crops/train/PP/PPFT 500X_7665.png,MICROPLASTIC,train,PPFT 500X.png,7665,500,12,11,12,0.2,2400.0000000000005,PP
resultados/01_extract_real_crops/data/real_crops/train/PP/PP-5000X_7157.png,NANOPLASTIC,train,PP-5000X.png,7157,5000,27,16,27,0.02,540.0,PP
resultados/01_extract_real_crops/data/real_crops/train/PP/PPLFT 200X_7932.png,MICROPLASTIC,train,PPLFT 200X.png,7932,200,7,8,8,0.5,4000.0,PP
resultados/01_extract_real_crops/data/real_crops/train/PP/PPFT 200X_7477.png,MICROPLASTIC,train,PPFT 200X.png,7477,200,9,7,9,0.5,4500.0,PP
resultados/01_extract_real_crops/data/real_crops/train/PP/PP-2-3000X_4735.png,MICROPLASTIC,train,PP-2-3000X.png,4735,3000,52,17,52,0.03333333333333333,1733.3333333333335,PP
resultados/01_extract_real_crops/data/real_crops/train/PP/PP-3000x8_6994.png,MICROPLASTIC,train,PP-3000x8.png,6994,3000,42,41,42,0.03333333333333333,1400.0,PP
resultados/01_extract_real_crops/data/real_crops/train/PP/PP-1000x2_2926.png,MICROPLASTIC,train,PP-1000x2.png,2926,1000,14,20,20,0.1,2000.0,PP
resultados/01_extract_real_crops/data/real_crops/train/PP/PP 500X2_1224.png,MICROPLASTIC,train,PP 500X2.png,1224,500,13,7,13,0.2,2600.0,PP
resultados/01_extract_real_crops/data/real_crops/train/PP/PP-3000x8_7022.png,NANOPLASTIC,train,PP-3000x8.png,7022,3000,10,10,10,0.03333333333333333,333.3333333333333,PP
resultados/01_extract_real_crops/data/real_crops/train/PP/PPLFT 200X_8034.png,MICROPLASTIC,train,PPLFT 200X.png,8034,200,6,5,6,0.5,3000.0,PP
resultados/01_extract_real_crops/data/real_crops/train/PP/PP-1000x2_2858.png,NANOPLASTIC,train,PP-1000x2.png,2858,1000,5,8,8,0.1,800.0,PP
resultados/01_extract_real_crops/data/real_crops/train/PP/PP-3000x1_5312.png,MICROPLASTIC,train,PP-3000x1.png,5312,3000,35,26,35,0.03333333333333333,1166.6666666666667,PP
resultados/01_extract_real_crops/data/real_crops/train/PP/PP-1000x2_3294.png,MICROPLASTIC,train,PP-1000x2.png,3294,1000,16,17,17,0.1,1700.0000000000002,PP
resultados/01_extract_real_crops/data/real_crops/train/PP/PPLFT 200X_7874.png,MICROPLASTIC,train,PPLFT 200X.png,7874,200,24,21,24,0.5,12000.0,PP
resultados/01_extract_real_crops/data/real_crops/train/PP/PP-3000x2_5677.png,MICROPLASTIC,train,PP-3000x2.png,5677,3000,22,31,31,0.03333333333333333,1033.3333333333333,PP
resultados/01_extract_real_crops/data/real_crops/train/PP/PPLFT 200X_8099.png,MICROPLASTIC,train,PPLFT 200X.png,8099,200,11,13,13,0.5,6500.0,PP
resultados/01_extract_real_crops/data/real_crops/train/PP/PPLFT 500X_8258.png,MICROPLASTIC,train,PPLFT 500X.png,8258,500,9,7,9,0.2,1800.0,PP
resultados/01_extract_real_crops/data/real_crops/train/PP/PP-10000X_1302.png,NANOPLASTIC,train,PP-10000X.png,1302,10000,24,36,36,0.01,360.0,PP
resultados/01_extract_real_crops/data/real_crops/train/PP/PP 100X2_610.png,MICROPLASTIC,train,PP 100X2.png,610,100,6,6,6,1.0,6000.0,PP
resultados/01_extract_real_crops/data/real_crops/train/PP/PPFT 200X_7607.png,MICROPLASTIC,train,PPFT 200X.png,7607,200,6,7,7,0.5,3500.0,PP
resultados/01_extract_real_crops/data/real_crops/train/PP/PP 100X_183.png,MICROPLASTIC,train,PP 100X.png,183,100,6,7,7,1.0,7000.0,PP
resultados/01_extract_real_crops/data/real_crops/train/PP/PPFT 500X_7803.png,MICROPLASTIC,train,PPFT 500X.png,7803,500,5,11,11,0.2,2200.0,PP
resultados/01_extract_real_crops/data/real_crops/train/PP/PP-1000x2_3299.png,MICROPLASTIC,train,PP-1000x2.png,3299,1000,16,18,18,0.1,1800.0,PP
resultados/01_extract_real_crops/data/real_crops/train/PP/PPLFT 200X_7892.png,MICROPLASTIC,train,PPLFT 200X.png,7892,200,39,22,39,0.5,19500.0,PP
resultados/01_extract_real_crops/data/real_crops/train/PP/PPLFT 500X_8221.png,MICROPLASTIC,train,PPLFT 500X.png,8221,500,8,6,8,0.2,1600.0,PP
resultados/01_extract_real_crops/data/real_crops/train/PP/PP-1000x2_2763.png,NANOPLASTIC,train,PP-1000x2.png,2763,1000,5,7,7,0.1,700.0000000000001,PP
resultados/01_extract_real_crops/data/real_crops/train/PP/PP 500X2_1195.png,MICROPLASTIC,train,PP 500X2.png,1195,500,15,9,15,0.2,3000.0,PP
resultados/01_extract_real_crops/data/real_crops/train/PP/PP-1000x2_2620.png,NANOPLASTIC,train,PP-1000x2.png,2620,1000,6,6,6,0.1,600.0000000000001,PP
resultados/01_extract_real_crops/data/real_crops/train/PP/PPFT 200X_7322.png,MICROPLASTIC,train,PPFT 200X.png,7322,200,8,8,8,0.5,4000.0,PP
resultados/01_extract_real_crops/data/real_crops/train/PP/PP-2-3000X_4640.png,NANOPLASTIC,train,PP-2-3000X.png,4640,3000,23,7,23,0.03333333333333333,766.6666666666666,PP
resultados/01_extract_real_crops/data/real_crops/train/PP/PPLFT 200X_8091.png,MICROPLASTIC,train,PPLFT 200X.png,8091,200,6,9,9,0.5,4500.0,PP
resultados/01_extract_real_crops/data/real_crops/train/PP/PP-3000X_5092.png,NANOPLASTIC,train,PP-3000X.png,5092,3000,7,7,7,0.03333333333333333,233.33333333333334,PP
resultados/01_extract_real_crops/data/real_crops/train/PP/PP-1000x2_3075.png,NANOPLASTIC,train,PP-1000x2.png,3075,1000,6,5,6,0.1,600.0000000000001,PP
resultados/01_extract_real_crops/data/real_crops/train/PP/PP-3000x1_5435.png,NANOPLASTIC,train,PP-3000x1.png,5435,3000,23,21,23,0.03333333333333333,766.6666666666666,PP
resultados/01_extract_real_crops/data/real_crops/train/PP/PP 100X_416.png,MICROPLASTIC,train,PP 100X.png,416,100,7,7,7,1.0,7000.0,PP
resultados/01_extract_real_crops/data/real_crops/train/PP/PP 100X_89.png,MICROPLASTIC,train,PP 100X.png,89,100,8,5,8,1.0,8000.0,PP
resultados/01_extract_real_crops/data/real_crops/train/PP/PP-3000x3_5884.png,NANOPLASTIC,train,PP-3000x3.png,5884,3000,13,13,13,0.03333333333333333,433.33333333333337,PP
resultados/01_extract_real_crops/data/real_crops/train/PP/PP-2-3000X_4748.png,MICROPLASTIC,train,PP-2-3000X.png,4748,3000,44,39,44,0.03333333333333333,1466.6666666666665,PP
resultados/01_extract_real_crops/data/real_crops/train/PP/PP-1000x2_3404.png,MICROPLASTIC,train,PP-1000x2.png,3404,1000,12,13,13,0.1,1300.0,PP
resultados/01_extract_real_crops/data/real_crops/train/PP/PP-1000x2_3012.png,MICROPLASTIC,train,PP-1000x2.png,3012,1000,12,10,12,0.1,1200.0000000000002,PP
resultados/01_extract_real_crops/data/real_crops/train/PP/PPLFT 500X_8191.png,MICROPLASTIC,train,PPLFT 500X.png,8191,500,13,7,13,0.2,2600.0,PP
resultados/01_extract_real_crops/data/real_crops/train/PP/PPLFT 200X_8031.png,MICROPLASTIC,train,PPLFT 200X.png,8031,200,6,5,6,0.5,3000.0,PP
resultados/01_extract_real_crops/data/real_crops/train/PP/PP 100X2_434.png,MICROPLASTIC,train,PP 100X2.png,434,100,5,6,6,1.0,6000.0,PP
resultados/01_extract_real_crops/data/real_crops/train/PP/PP-2-3000X_4819.png,NANOPLASTIC,train,PP-2-3000X.png,4819,3000,13,9,13,0.03333333333333333,433.33333333333337,PP
resultados/01_extract_real_crops/data/real_crops/train/PP/PP-3000X_5021.png,NANOPLASTIC,train,PP-3000X.png,5021,3000,9,6,9,0.03333333333333333,300.0,PP
resultados/01_extract_real_crops/data/real_crops/train/PP/PP 2000X2_898.png,NANOPLASTIC,train,PP 2000X2.png,898,2000,5,5,5,0.05,250.0,PP
resultados/01_extract_real_crops/data/real_crops/train/PP/PP-3000x2_5572.png,NANOPLASTIC,train,PP-3000x2.png,5572,3000,26,23,26,0.03333333333333333,866.6666666666667,PP
resultados/01_extract_real_crops/data/real_crops/train/PP/PP-1000x2_3156.png,NANOPLASTIC,train,PP-1000x2.png,3156,1000,8,9,9,0.1,900.0,PP
resultados/01_extract_real_crops/data/real_crops/train/PP/PP-2-3000X_4795.png,NANOPLASTIC,train,PP-2-3000X.png,4795,3000,19,17,19,0.03333333333333333,633.3333333333333,PP
resultados/01_extract_real_crops/data/real_crops/train/PP/PP 100X2_566.png,MICROPLASTIC,train,PP 100X2.png,566,100,5,6,6,1.0,6000.0,PP
resultados/01_extract_real_crops/data/real_crops/train/PP/PP-3000X_5052.png,NANOPLASTIC,train,PP-3000X.png,5052,3000,24,24,24,0.03333333333333333,800.0,PP
resultados/01_extract_real_crops/data/real_crops/train/PP/PP-2-3000X_4627.png,NANOPLASTIC,train,PP-2-3000X.png,4627,3000,24,13,24,0.03333333333333333,800.0,PP
resultados/01_extract_real_crops/data/real_crops/train/PP/PP-3000x3_5755.png,NANOPLASTIC,train,PP-3000x3.png,5755,3000,25,22,25,0.03333333333333333,833.3333333333334,PP
resultados/01_extract_real_crops/data/real_crops/train/PP/PPLFT 200X_7899.png,MICROPLASTIC,train,PPLFT 200X.png,7899,200,12,10,12,0.5,6000.0,PP
resultados/01_extract_real_crops/data/real_crops/train/PP/PP 500X2_1268.png,MICROPLASTIC,train,PP 500X2.png,1268,500,8,11,11,0.2,2200.0,PP
resultados/01_extract_real_crops/data/real_crops/train/PP/PP 100X2_424.png,MICROPLASTIC,train,PP 100X2.png,424,100,11,8,11,1.0,11000.0,PP
resultados/01_extract_real_crops/data/real_crops/train/PP/PP-5000X_7138.png,NANOPLASTIC,train,PP-5000X.png,7138,5000,31,26,31,0.02,620.0,PP
resultados/01_extract_real_crops/data/real_crops/train/PP/PPFT 200X_7399.png,MICROPLASTIC,train,PPFT 200X.png,7399,200,11,12,12,0.5,6000.0,PP
resultados/01_extract_real_crops/data/real_crops/train/PP/PP-3000x3_5825.png,NANOPLASTIC,train,PP-3000x3.png,5825,3000,12,11,12,0.03333333333333333,400.0,PP
resultados/01_extract_real_crops/data/real_crops/train/PP/PP-3000x2_5646.png,MICROPLASTIC,train,PP-3000x2.png,5646,3000,31,34,34,0.03333333333333333,1133.3333333333333,PP
resultados/01_extract_real_crops/data/real_crops/train/PP/PP-5000X_7121.png,NANOPLASTIC,train,PP-5000X.png,7121,5000,12,18,18,0.02,360.0,PP
resultados/01_extract_real_crops/data/real_crops/train/PP/PP-3000x8_6917.png,NANOPLASTIC,train,PP-3000x8.png,6917,3000,8,9,9,0.03333333333333333,300.0,PP
resultados/01_extract_real_crops/data/real_crops/train/PP/PP-3000X_5165.png,MICROPLASTIC,train,PP-3000X.png,5165,3000,57,47,57,0.03333333333333333,1900.0,PP
resultados/01_extract_real_crops/data/real_crops/train/PP/PP 100X2_681.png,MICROPLASTIC,train,PP 100X2.png,681,100,10,8,10,1.0,10000.0,PP
resultados/01_extract_real_crops/data/real_crops/train/PP/PP-3000x3_5807.png,NANOPLASTIC,train,PP-3000x3.png,5807,3000,15,16,16,0.03333333333333333,533.3333333333334,PP
resultados/01_extract_real_crops/data/real_crops/train/PP/PPFT 500X_7810.png,MICROPLASTIC,train,PPFT 500X.png,7810,500,8,11,11,0.2,2200.0,PP
resultados/01_extract_real_crops/data/real_crops/train/PP/PP-3000x1_5359.png,MICROPLASTIC,train,PP-3000x1.png,5359,3000,23,56,56,0.03333333333333333,1866.6666666666667,PP
resultados/01_extract_real_crops/data/real_crops/train/PP/PPLFT 200X_7942.png,MICROPLASTIC,train,PPLFT 200X.png,7942,200,6,4,6,0.5,3000.0,PP
resultados/01_extract_real_crops/data/real_crops/train/PP/PP-1000x2_3226.png,MICROPLASTIC,train,PP-1000x2.png,3226,1000,20,16,20,0.1,2000.0,PP
resultados/01_extract_real_crops/data/real_crops/train/PP/PP-1000x2_2715.png,MICROPLASTIC,train,PP-1000x2.png,2715,1000,7,10,10,0.1,1000.0,PP
resultados/01_extract_real_crops/data/real_crops/train/PP/PP-3000x3_5767.png,NANOPLASTIC,train,PP-3000x3.png,5767,3000,11,10,11,0.03333333333333333,366.66666666666663,PP
resultados/01_extract_real_crops/data/real_crops/train/PP/PP-1000x2_3166.png,NANOPLASTIC,train,PP-1000x2.png,3166,1000,8,8,8,0.1,800.0,PP
resultados/01_extract_real_crops/data/real_crops/train/PP/PPLFT 500X_8224.png,MICROPLASTIC,train,PPLFT 500X.png,8224,500,10,10,10,0.2,2000.0,PP
resultados/01_extract_real_crops/data/real_crops/train/PP/PP-3000x8_6863.png,NANOPLASTIC,train,PP-3000x8.png,6863,3000,15,16,16,0.03333333333333333,533.3333333333334,PP
resultados/01_extract_real_crops/data/real_crops/train/PP/PP-3000X_5015.png,NANOPLASTIC,train,PP-3000X.png,5015,3000,25,16,25,0.03333333333333333,833.3333333333334,PP
resultados/01_extract_real_crops/data/real_crops/train/PP/PPFT 200X_7531.png,MICROPLASTIC,train,PPFT 200X.png,7531,200,7,8,8,0.5,4000.0,PP
resultados/01_extract_real_crops/data/real_crops/train/PP/PP-3000x2_5578.png,NANOPLASTIC,train,PP-3000x2.png,5578,3000,18,15,18,0.03333333333333333,600.0,PP
resultados/01_extract_real_crops/data/real_crops/train/PP/PPFT 500X_7652.png,MICROPLASTIC,train,PPFT 500X.png,7652,500,17,14,17,0.2,3400.0000000000005,PP
resultados/01_extract_real_crops/data/real_crops/train/PP/PP 100X_126.png,MICROPLASTIC,train,PP 100X.png,126,100,6,7,7,1.0,7000.0,PP
resultados/01_extract_real_crops/data/real_crops/train/PP/PP-1000x2_3130.png,NANOPLASTIC,train,PP-1000x2.png,3130,1000,6,4,6,0.1,600.0000000000001,PP
resultados/01_extract_real_crops/data/real_crops/train/PP/PP-3000X_5042.png,NANOPLASTIC,train,PP-3000X.png,5042,3000,13,9,13,0.03333333333333333,433.33333333333337,PP
resultados/01_extract_real_crops/data/real_crops/train/PP/PP-10000X_1303.png,NANOPLASTIC,train,PP-10000X.png,1303,10000,44,52,52,0.01,520.0,PP
resultados/01_extract_real_crops/data/real_crops/train/PP/PP-2-3000X_4835.png,NANOPLASTIC,train,PP-2-3000X.png,4835,3000,22,7,22,0.03333333333333333,733.3333333333333,PP
resultados/01_extract_real_crops/data/real_crops/train/PP/PP-1000x2_2760.png,NANOPLASTIC,train,PP-1000x2.png,2760,1000,6,5,6,0.1,600.0000000000001,PP
resultados/01_extract_real_crops/data/real_crops/train/PP/PP 100X_133.png,MICROPLASTIC,train,PP 100X.png,133,100,13,12,13,1.0,13000.0,PP
resultados/01_extract_real_crops/data/real_crops/train/PP/PP-3000x8_7102.png,NANOPLASTIC,train,PP-3000x8.png,7102,3000,11,13,13,0.03333333333333333,433.33333333333337,PP
resultados/01_extract_real_crops/data/real_crops/train/PP/PP-1000x2_3516.png,NANOPLASTIC,train,PP-1000x2.png,3516,1000,6,5,6,0.1,600.0000000000001,PP
resultados/01_extract_real_crops/data/real_crops/train/PP/PP-2-3000X_4638.png,NANOPLASTIC,train,PP-2-3000X.png,4638,3000,17,18,18,0.03333333333333333,600.0,PP
resultados/01_extract_real_crops/data/real_crops/train/PP/PP-1000x2_2862.png,NANOPLASTIC,train,PP-1000x2.png,2862,1000,7,7,7,0.1,700.0000000000001,PP
resultados/01_extract_real_crops/data/real_crops/train/PP/PP-3000x2_5524.png,NANOPLASTIC,train,PP-3000x2.png,5524,3000,22,18,22,0.03333333333333333,733.3333333333333,PP
resultados/01_extract_real_crops/data/real_crops/train/PP/PP-3000x3_5808.png,NANOPLASTIC,train,PP-3000x3.png,5808,3000,15,14,15,0.03333333333333333,500.0,PP
resultados/01_extract_real_crops/data/real_crops/train/PP/PP-3000X_4900.png,NANOPLASTIC,train,PP-3000X.png,4900,3000,17,15,17,0.03333333333333333,566.6666666666666,PP
resultados/01_extract_real_crops/data/real_crops/train/PP/PP-3000X_4977.png,NANOPLASTIC,train,PP-3000X.png,4977,3000,18,12,18,0.03333333333333333,600.0,PP
resultados/01_extract_real_crops/data/real_crops/train/PP/PP-3000x8_7092.png,MICROPLASTIC,train,PP-3000x8.png,7092,3000,51,87,87,0.03333333333333333,2900.0,PP
resultados/01_extract_real_crops/data/real_crops/train/PP/PP-3000x1_5240.png,NANOPLASTIC,train,PP-3000x1.png,5240,3000,4,18,18,0.03333333333333333,600.0,PP
resultados/01_extract_real_crops/data/real_crops/train/PP/PP-3000x3_5796.png,NANOPLASTIC,train,PP-3000x3.png,5796,3000,14,12,14,0.03333333333333333,466.6666666666667,PP
resultados/01_extract_real_crops/data/real_crops/train/PP/PP-3000x3_5843.png,NANOPLASTIC,train,PP-3000x3.png,5843,3000,21,19,21,0.03333333333333333,700.0,PP
resultados/01_extract_real_crops/data/real_crops/train/PP/PP-1000x2_3240.png,MICROPLASTIC,train,PP-1000x2.png,3240,1000,15,4,15,0.1,1500.0,PP
resultados/01_extract_real_crops/data/real_crops/train/PP/PP-3000x1_5304.png,NANOPLASTIC,train,PP-3000x1.png,5304,3000,23,23,23,0.03333333333333333,766.6666666666666,PP
resultados/01_extract_real_crops/data/real_crops/train/PP/PPLFT 200X_7844.png,MICROPLASTIC,train,PPLFT 200X.png,7844,200,27,26,27,0.5,13500.0,PP
resultados/01_extract_real_crops/data/real_crops/train/PP/PPFT 2000X_7218.png,NANOPLASTIC,train,PPFT 2000X.png,7218,2000,14,13,14,0.05,700.0000000000001,PP
resultados/01_extract_real_crops/data/real_crops/train/PP/PP-1000x2_2944.png,MICROPLASTIC,train,PP-1000x2.png,2944,1000,12,11,12,0.1,1200.0000000000002,PP
resultados/01_extract_real_crops/data/real_crops/train/PP/PP-1000x2_3316.png,NANOPLASTIC,train,PP-1000x2.png,3316,1000,9,8,9,0.1,900.0,PP
resultados/01_extract_real_crops/data/real_crops/train/PP/PP-1000x2_3063.png,NANOPLASTIC,train,PP-1000x2.png,3063,1000,8,6,8,0.1,800.0,PP
resultados/01_extract_real_crops/data/real_crops/train/PP/PP-1000x2_2704.png,MICROPLASTIC,train,PP-1000x2.png,2704,1000,16,6,16,0.1,1600.0,PP
resultados/01_extract_real_crops/data/real_crops/train/PP/PPFT 200X_7601.png,MICROPLASTIC,train,PPFT 200X.png,7601,200,8,7,8,0.5,4000.0,PP
resultados/01_extract_real_crops/data/real_crops/train/PP/PP-3000x3_5774.png,MICROPLASTIC,train,PP-3000x3.png,5774,3000,43,24,43,0.03333333333333333,1433.3333333333333,PP
resultados/01_extract_real_crops/data/real_crops/train/PP/PP-1000x2_3256.png,NANOPLASTIC,train,PP-1000x2.png,3256,1000,8,7,8,0.1,800.0,PP
resultados/01_extract_real_crops/data/real_crops/train/PP/PPLFT 200X_8117.png,MICROPLASTIC,train,PPLFT 200X.png,8117,200,10,10,10,0.5,5000.0,PP
resultados/01_extract_real_crops/data/real_crops/train/PP/PPLFT 200X_8003.png,MICROPLASTIC,train,PPLFT 200X.png,8003,200,20,13,20,0.5,10000.0,PP
resultados/01_extract_real_crops/data/real_crops/train/PP/PP-3000x1_5226.png,NANOPLASTIC,train,PP-3000x1.png,5226,3000,14,12,14,0.03333333333333333,466.6666666666667,PP
resultados/01_extract_real_crops/data/real_crops/train/PP/PP-1000x2_2898.png,MICROPLASTIC,train,PP-1000x2.png,2898,1000,10,15,15,0.1,1500.0,PP
resultados/01_extract_real_crops/data/real_crops/train/PP/PP-2-3000X_4822.png,NANOPLASTIC,train,PP-2-3000X.png,4822,3000,15,4,15,0.03333333333333333,500.0,PP
resultados/01_extract_real_crops/data/real_crops/train/PP/PPLFT 200X_7853.png,MICROPLASTIC,train,PPLFT 200X.png,7853,200,10,6,10,0.5,5000.0,PP
resultados/01_extract_real_crops/data/real_crops/train/PP/PP-3000x3_5931.png,NANOPLASTIC,train,PP-3000x3.png,5931,3000,11,12,12,0.03333333333333333,400.0,PP
resultados/01_extract_real_crops/data/real_crops/train/PP/PPFT 200X_7271.png,MICROPLASTIC,train,PPFT 200X.png,7271,200,9,10,10,0.5,5000.0,PP
resultados/01_extract_real_crops/data/real_crops/train/PP/PPLFT 200X_7919.png,MICROPLASTIC,train,PPLFT 200X.png,7919,200,6,5,6,0.5,3000.0,PP
resultados/01_extract_real_crops/data/real_crops/train/PP/PP-1000x2_2725.png,NANOPLASTIC,train,PP-1000x2.png,2725,1000,8,8,8,0.1,800.0,PP
resultados/01_extract_real_crops/data/real_crops/train/PP/PP-1000x2_2995.png,NANOPLASTIC,train,PP-1000x2.png,2995,1000,5,6,6,0.1,600.0000000000001,PP
resultados/01_extract_real_crops/data/real_crops/train/PP/PPFT 500X_7760.png,MICROPLASTIC,train,PPFT 500X.png,7760,500,7,6,7,0.2,1400.0000000000002,PP
resultados/01_extract_real_crops/data/real_crops/train/PP/PP-1000x2_3332.png,NANOPLASTIC,train,PP-1000x2.png,3332,1000,7,8,8,0.1,800.0,PP
resultados/01_extract_real_crops/data/real_crops/train/PP/PP-3000X_5148.png,NANOPLASTIC,train,PP-3000X.png,5148,3000,25,14,25,0.03333333333333333,833.3333333333334,PP
resultados/01_extract_real_crops/data/real_crops/train/PP/PP-2-3000X_4730.png,NANOPLASTIC,train,PP-2-3000X.png,4730,3000,15,12,15,0.03333333333333333,500.0,PP
resultados/01_extract_real_crops/data/real_crops/train/PP/PP 100X2_715.png,MICROPLASTIC,train,PP 100X2.png,715,100,7,7,7,1.0,7000.0,PP
resultados/01_extract_real_crops/data/real_crops/train/PP/PP 5000X_947.png,NANOPLASTIC,train,PP 5000X.png,947,5000,36,28,36,0.02,720.0,PP
resultados/01_extract_real_crops/data/real_crops/train/PP/PP 2000X2_880.png,NANOPLASTIC,train,PP 2000X2.png,880,2000,5,5,5,0.05,250.0,PP
resultados/01_extract_real_crops/data/real_crops/train/PP/PP-1000x2_3030.png,NANOPLASTIC,train,PP-1000x2.png,3030,1000,8,7,8,0.1,800.0,PP
resultados/01_extract_real_crops/data/real_crops/train/PP/PP-1000x2_3453.png,MICROPLASTIC,train,PP-1000x2.png,3453,1000,22,16,22,0.1,2200.0,PP
resultados/01_extract_real_crops/data/real_crops/train/PP/PP-3000x8_7021.png,NANOPLASTIC,train,PP-3000x8.png,7021,3000,11,10,11,0.03333333333333333,366.66666666666663,PP
resultados/01_extract_real_crops/data/real_crops/train/PP/PP-1000x2_2638.png,NANOPLASTIC,train,PP-1000x2.png,2638,1000,4,5,5,0.1,500.0,PP
resultados/01_extract_real_crops/data/real_crops/train/PP/PP-1000x2_3353.png,NANOPLASTIC,train,PP-1000x2.png,3353,1000,7,5,7,0.1,700.0000000000001,PP
resultados/01_extract_real_crops/data/real_crops/train/PP/PPLFT 200X_7966.png,MICROPLASTIC,train,PPLFT 200X.png,7966,200,14,20,20,0.5,10000.0,PP
resultados/01_extract_real_crops/data/real_crops/train/PP/PP-2-3000X_4791.png,MICROPLASTIC,train,PP-2-3000X.png,4791,3000,22,30,30,0.03333333333333333,1000.0,PP
resultados/01_extract_real_crops/data/real_crops/train/PP/PP 100X_337.png,MICROPLASTIC,train,PP 100X.png,337,100,6,4,6,1.0,6000.0,PP
resultados/01_extract_real_crops/data/real_crops/train/PP/PP-1000x2_2699.png,NANOPLASTIC,train,PP-1000x2.png,2699,1000,6,6,6,0.1,600.0000000000001,PP
resultados/01_extract_real_crops/data/real_crops/train/PP/PP-3000x8_6993.png,NANOPLASTIC,train,PP-3000x8.png,6993,3000,18,16,18,0.03333333333333333,600.0,PP
resultados/01_extract_real_crops/data/real_crops/train/PP/PP 100X_9.png,MICROPLASTIC,train,PP 100X.png,9,100,7,5,7,1.0,7000.0,PP
resultados/01_extract_real_crops/data/real_crops/train/PP/PP 100X_29.png,MICROPLASTIC,train,PP 100X.png,29,100,9,9,9,1.0,9000.0,PP
resultados/01_extract_real_crops/data/real_crops/train/PP/PP 100X2_480.png,MICROPLASTIC,train,PP 100X2.png,480,100,6,8,8,1.0,8000.0,PP
resultados/01_extract_real_crops/data/real_crops/train/PP/PP 100X2_605.png,MICROPLASTIC,train,PP 100X2.png,605,100,12,5,12,1.0,12000.0,PP
resultados/01_extract_real_crops/data/real_crops/train/PP/PPLFT 200X_8046.png,MICROPLASTIC,train,PPLFT 200X.png,8046,200,20,18,20,0.5,10000.0,PP
resultados/01_extract_real_crops/data/real_crops/train/PP/PP-3000x3_5765.png,NANOPLASTIC,train,PP-3000x3.png,5765,3000,24,29,29,0.03333333333333333,966.6666666666666,PP
resultados/01_extract_real_crops/data/real_crops/train/PP/PPFT 500X_7758.png,MICROPLASTIC,train,PPFT 500X.png,7758,500,5,6,6,0.2,1200.0000000000002,PP
resultados/01_extract_real_crops/data/real_crops/train/PP/PP-2-3000X_4667.png,NANOPLASTIC,train,PP-2-3000X.png,4667,3000,25,15,25,0.03333333333333333,833.3333333333334,PP
resultados/01_extract_real_crops/data/real_crops/train/PP/PP 500X2_1253.png,MICROPLASTIC,train,PP 500X2.png,1253,500,13,21,21,0.2,4200.0,PP
resultados/01_extract_real_crops/data/real_crops/train/PP/PPLFT 200X_8067.png,MICROPLASTIC,train,PPLFT 200X.png,8067,200,6,8,8,0.5,4000.0,PP
resultados/01_extract_real_crops/data/real_crops/train/PP/PP-3000x3_5829.png,NANOPLASTIC,train,PP-3000x3.png,5829,3000,16,16,16,0.03333333333333333,533.3333333333334,PP
resultados/01_extract_real_crops/data/real_crops/train/PP/PPFT 200X_7550.png,MICROPLASTIC,train,PPFT 200X.png,7550,200,8,7,8,0.5,4000.0,PP
resultados/01_extract_real_crops/data/real_crops/train/PP/PP 100X2_687.png,MICROPLASTIC,train,PP 100X2.png,687,100,7,5,7,1.0,7000.0,PP
resultados/01_extract_real_crops/data/real_crops/train/PP/PP-3000x3_5916.png,NANOPLASTIC,train,PP-3000x3.png,5916,3000,10,10,10,0.03333333333333333,333.3333333333333,PP
resultados/01_extract_real_crops/data/real_crops/train/PP/PP-3000x1_5183.png,MICROPLASTIC,train,PP-3000x1.png,5183,3000,33,28,33,0.03333333333333333,1100.0,PP
resultados/01_extract_real_crops/data/real_crops/train/PP/PP 100X_269.png,MICROPLASTIC,train,PP 100X.png,269,100,5,4,5,1.0,5000.0,PP
resultados/01_extract_real_crops/data/real_crops/train/PP/PPLFT 200X_7937.png,MICROPLASTIC,train,PPLFT 200X.png,7937,200,6,5,6,0.5,3000.0,PP
resultados/01_extract_real_crops/data/real_crops/train/PP/PP-3000X_5125.png,NANOPLASTIC,train,PP-3000X.png,5125,3000,15,13,15,0.03333333333333333,500.0,PP
resultados/01_extract_real_crops/data/real_crops/train/PP/PP-3000X_5133.png,NANOPLASTIC,train,PP-3000X.png,5133,3000,25,16,25,0.03333333333333333,833.3333333333334,PP
resultados/01_extract_real_crops/data/real_crops/train/PP/PP-1000x2_3264.png,NANOPLASTIC,train,PP-1000x2.png,3264,1000,6,6,6,0.1,600.0000000000001,PP
resultados/01_extract_real_crops/data/real_crops/train/PP/PPLFT 500X_8165.png,MICROPLASTIC,train,PPLFT 500X.png,8165,500,9,7,9,0.2,1800.0,PP
resultados/01_extract_real_crops/data/real_crops/train/PP/PP 100X_298.png,MICROPLASTIC,train,PP 100X.png,298,100,6,8,8,1.0,8000.0,PP
resultados/01_extract_real_crops/data/real_crops/train/PP/PP-2-3000X_4769.png,NANOPLASTIC,train,PP-2-3000X.png,4769,3000,12,10,12,0.03333333333333333,400.0,PP
resultados/01_extract_real_crops/data/real_crops/train/PP/PP-1000x2_3449.png,MICROPLASTIC,train,PP-1000x2.png,3449,1000,16,21,21,0.1,2100.0,PP
resultados/01_extract_real_crops/data/real_crops/train/PP/PPLFT 500X_8270.png,MICROPLASTIC,train,PPLFT 500X.png,8270,500,6,5,6,0.2,1200.0000000000002,PP
resultados/01_extract_real_crops/data/real_crops/train/PP/PP-2-3000X_4736.png,NANOPLASTIC,train,PP-2-3000X.png,4736,3000,10,10,10,0.03333333333333333,333.3333333333333,PP
resultados/01_extract_real_crops/data/real_crops/train/PP/PPFT 200X_7347.png,MICROPLASTIC,train,PPFT 200X.png,7347,200,10,11,11,0.5,5500.0,PP
resultados/01_extract_real_crops/data/real_crops/train/PP/PP 100X2_539.png,MICROPLASTIC,train,PP 100X2.png,539,100,16,14,16,1.0,16000.0,PP
resultados/01_extract_real_crops/data/real_crops/train/PP/PP 100X_227.png,MICROPLASTIC,train,PP 100X.png,227,100,11,9,11,1.0,11000.0,PP
resultados/01_extract_real_crops/data/real_crops/train/PP/PP-1000x2_3154.png,NANOPLASTIC,train,PP-1000x2.png,3154,1000,9,9,9,0.1,900.0,PP
resultados/01_extract_real_crops/data/real_crops/train/PP/PP 100X_393.png,MICROPLASTIC,train,PP 100X.png,393,100,5,5,5,1.0,5000.0,PP
resultados/01_extract_real_crops/data/real_crops/train/PP/PP-3000x8_7005.png,NANOPLASTIC,train,PP-3000x8.png,7005,3000,15,7,15,0.03333333333333333,500.0,PP
resultados/01_extract_real_crops/data/real_crops/train/PP/PP-1000x2_2716.png,MICROPLASTIC,train,PP-1000x2.png,2716,1000,10,12,12,0.1,1200.0000000000002,PP
resultados/01_extract_real_crops/data/real_crops/train/PP/PP 100X_351.png,MICROPLASTIC,train,PP 100X.png,351,100,5,5,5,1.0,5000.0,PP
resultados/01_extract_real_crops/data/real_crops/train/PP/PP-1000x2_2658.png,NANOPLASTIC,train,PP-1000x2.png,2658,1000,6,5,6,0.1,600.0000000000001,PP
resultados/01_extract_real_crops/data/real_crops/train/PP/PPFT 200X_7410.png,MICROPLASTIC,train,PPFT 200X.png,7410,200,13,16,16,0.5,8000.0,PP
resultados/01_extract_real_crops/data/real_crops/train/PP/PP 2000X2_900.png,NANOPLASTIC,train,PP 2000X2.png,900,2000,9,10,10,0.05,500.0,PP
resultados/01_extract_real_crops/data/real_crops/train/PP/PP-2-3000X_4755.png,NANOPLASTIC,train,PP-2-3000X.png,4755,3000,12,26,26,0.03333333333333333,866.6666666666667,PP
resultados/01_extract_real_crops/data/real_crops/train/PP/PPLFT 500X_8338.png,MICROPLASTIC,train,PPLFT 500X.png,8338,500,7,9,9,0.2,1800.0,PP
resultados/01_extract_real_crops/data/real_crops/train/PP/PP-3000x8_7033.png,NANOPLASTIC,train,PP-3000x8.png,7033,3000,23,16,23,0.03333333333333333,766.6666666666666,PP
resultados/01_extract_real_crops/data/real_crops/train/PP/PP-3000x2_5691.png,NANOPLASTIC,train,PP-3000x2.png,5691,3000,21,23,23,0.03333333333333333,766.6666666666666,PP
resultados/01_extract_real_crops/data/real_crops/train/PP/PP-3000X_5055.png,MICROPLASTIC,train,PP-3000X.png,5055,3000,31,19,31,0.03333333333333333,1033.3333333333333,PP
resultados/01_extract_real_crops/data/real_crops/train/PP/PP 2000X2_929.png,MICROPLASTIC,train,PP 2000X2.png,929,2000,67,67,67,0.05,3350.0,PP
resultados/01_extract_real_crops/data/real_crops/train/PP/PP-3000x3_5805.png,NANOPLASTIC,train,PP-3000x3.png,5805,3000,18,29,29,0.03333333333333333,966.6666666666666,PP
resultados/01_extract_real_crops/data/real_crops/train/PP/PPLFT 200X_8015.png,MICROPLASTIC,train,PPLFT 200X.png,8015,200,5,7,7,0.5,3500.0,PP
resultados/01_extract_real_crops/data/real_crops/train/PP/PP-3000x8_7094.png,NANOPLASTIC,train,PP-3000x8.png,7094,3000,12,8,12,0.03333333333333333,400.0,PP
resultados/01_extract_real_crops/data/real_crops/train/PP/PP-3000x3_5804.png,NANOPLASTIC,train,PP-3000x3.png,5804,3000,16,16,16,0.03333333333333333,533.3333333333334,PP
resultados/01_extract_real_crops/data/real_crops/train/PP/PP 100X_145.png,MICROPLASTIC,train,PP 100X.png,145,100,12,11,12,1.0,12000.0,PP
resultados/01_extract_real_crops/data/real_crops/train/PP/PP-3000x8_6873.png,NANOPLASTIC,train,PP-3000x8.png,6873,3000,9,12,12,0.03333333333333333,400.0,PP
resultados/01_extract_real_crops/data/real_crops/train/PP/PPFT 500X_7662.png,MICROPLASTIC,train,PPFT 500X.png,7662,500,11,12,12,0.2,2400.0000000000005,PP
resultados/01_extract_real_crops/data/real_crops/train/PP/PPFT 500X_7744.png,MICROPLASTIC,train,PPFT 500X.png,7744,500,6,7,7,0.2,1400.0000000000002,PP
resultados/01_extract_real_crops/data/real_crops/train/PP/PP-1000x2_3038.png,NANOPLASTIC,train,PP-1000x2.png,3038,1000,5,4,5,0.1,500.0,PP
resultados/01_extract_real_crops/data/real_crops/train/PP/PP-3000X_5110.png,NANOPLASTIC,train,PP-3000X.png,5110,3000,23,18,23,0.03333333333333333,766.6666666666666,PP
resultados/01_extract_real_crops/data/real_crops/train/PP/PP 100X2_733.png,MICROPLASTIC,train,PP 100X2.png,733,100,7,5,7,1.0,7000.0,PP
resultados/01_extract_real_crops/data/real_crops/train/PP/PP-3000x1_5222.png,NANOPLASTIC,train,PP-3000x1.png,5222,3000,8,7,8,0.03333333333333333,266.6666666666667,PP
resultados/01_extract_real_crops/data/real_crops/train/PP/PP-2-3000X_4828.png,NANOPLASTIC,train,PP-2-3000X.png,4828,3000,11,10,11,0.03333333333333333,366.66666666666663,PP
resultados/01_extract_real_crops/data/real_crops/train/PP/PP-1000x2_3022.png,NANOPLASTIC,train,PP-1000x2.png,3022,1000,6,5,6,0.1,600.0000000000001,PP
resultados/01_extract_real_crops/data/real_crops/train/PP/PPFT 500X_7759.png,MICROPLASTIC,train,PPFT 500X.png,7759,500,9,8,9,0.2,1800.0,PP
resultados/01_extract_real_crops/data/real_crops/train/PP/PPFT 500X_7732.png,MICROPLASTIC,train,PPFT 500X.png,7732,500,11,6,11,0.2,2200.0,PP
resultados/01_extract_real_crops/data/real_crops/train/PP/PPLFT 500X_8332.png,MICROPLASTIC,train,PPLFT 500X.png,8332,500,9,7,9,0.2,1800.0,PP
resultados/01_extract_real_crops/data/real_crops/train/PP/PP 100X_284.png,MICROPLASTIC,train,PP 100X.png,284,100,11,7,11,1.0,11000.0,PP
resultados/01_extract_real_crops/data/real_crops/train/PP/PP-3000x2_5569.png,NANOPLASTIC,train,PP-3000x2.png,5569,3000,13,18,18,0.03333333333333333,600.0,PP
resultados/01_extract_real_crops/data/real_crops/train/PP/PP-3000X_4981.png,NANOPLASTIC,train,PP-3000X.png,4981,3000,19,10,19,0.03333333333333333,633.3333333333333,PP
resultados/01_extract_real_crops/data/real_crops/train/PP/PP-1000x2_2702.png,NANOPLASTIC,train,PP-1000x2.png,2702,1000,5,4,5,0.1,500.0,PP
resultados/01_extract_real_crops/data/real_crops/train/PP/PPFT 200X_7340.png,MICROPLASTIC,train,PPFT 200X.png,7340,200,10,9,10,0.5,5000.0,PP
resultados/01_extract_real_crops/data/real_crops/train/PP/PP-3000x2_5561.png,NANOPLASTIC,train,PP-3000x2.png,5561,3000,15,13,15,0.03333333333333333,500.0,PP
resultados/01_extract_real_crops/data/real_crops/train/PP/PP-3000x3_5845.png,NANOPLASTIC,train,PP-3000x3.png,5845,3000,14,18,18,0.03333333333333333,600.0,PP
resultados/01_extract_real_crops/data/real_crops/train/PP/PP 5000X_949.png,NANOPLASTIC,train,PP 5000X.png,949,5000,8,12,12,0.02,240.0,PP
resultados/01_extract_real_crops/data/real_crops/train/PP/PP 100X_259.png,MICROPLASTIC,train,PP 100X.png,259,100,6,4,6,1.0,6000.0,PP
resultados/01_extract_real_crops/data/real_crops/train/PP/PP 500X2_1240.png,MICROPLASTIC,train,PP 500X2.png,1240,500,11,11,11,0.2,2200.0,PP
resultados/01_extract_real_crops/data/real_crops/train/PP/PP-5000X_7162.png,NANOPLASTIC,train,PP-5000X.png,7162,5000,11,16,16,0.02,320.0,PP
resultados/01_extract_real_crops/data/real_crops/train/PP/PPLFT 200X_7860.png,MICROPLASTIC,train,PPLFT 200X.png,7860,200,14,7,14,0.5,7000.0,PP
resultados/01_extract_real_crops/data/real_crops/train/PP/PP-1000x2_3073.png,NANOPLASTIC,train,PP-1000x2.png,3073,1000,8,6,8,0.1,800.0,PP
resultados/01_extract_real_crops/data/real_crops/train/PP/PP 100X2_650.png,MICROPLASTIC,train,PP 100X2.png,650,100,9,6,9,1.0,9000.0,PP
resultados/01_extract_real_crops/data/real_crops/train/PP/PPFT 200X_7483.png,MICROPLASTIC,train,PPFT 200X.png,7483,200,8,6,8,0.5,4000.0,PP
resultados/01_extract_real_crops/data/real_crops/train/PP/PPFT 200X_7380.png,MICROPLASTIC,train,PPFT 200X.png,7380,200,9,10,10,0.5,5000.0,PP
resultados/01_extract_real_crops/data/real_crops/train/PP/PP-2-3000X_4699.png,NANOPLASTIC,train,PP-2-3000X.png,4699,3000,26,22,26,0.03333333333333333,866.6666666666667,PP
resultados/01_extract_real_crops/data/real_crops/train/PP/PPFT 200X_7397.png,MICROPLASTIC,train,PPFT 200X.png,7397,200,12,7,12,0.5,6000.0,PP
resultados/01_extract_real_crops/data/real_crops/train/PP/PP 100X2_554.png,MICROPLASTIC,train,PP 100X2.png,554,100,7,12,12,1.0,12000.0,PP
resultados/01_extract_real_crops/data/real_crops/train/PP/PPFT 500X_7779.png,MICROPLASTIC,train,PPFT 500X.png,7779,500,7,5,7,0.2,1400.0000000000002,PP
resultados/01_extract_real_crops/data/real_crops/train/PP/PP-1000x2_2842.png,MICROPLASTIC,train,PP-1000x2.png,2842,1000,8,10,10,0.1,1000.0,PP
resultados/01_extract_real_crops/data/real_crops/train/PP/PP 2000X2_855.png,NANOPLASTIC,train,PP 2000X2.png,855,2000,15,12,15,0.05,750.0,PP
resultados/01_extract_real_crops/data/real_crops/train/PP/PP-3000X_4925.png,NANOPLASTIC,train,PP-3000X.png,4925,3000,18,19,19,0.03333333333333333,633.3333333333333,PP
resultados/01_extract_real_crops/data/real_crops/train/PP/PP 100X2_702.png,MICROPLASTIC,train,PP 100X2.png,702,100,9,9,9,1.0,9000.0,PP
resultados/01_extract_real_crops/data/real_crops/train/PP/PPFT 200X_7457.png,MICROPLASTIC,train,PPFT 200X.png,7457,200,8,7,8,0.5,4000.0,PP
resultados/01_extract_real_crops/data/real_crops/train/PP/PP-1000x2_2814.png,NANOPLASTIC,train,PP-1000x2.png,2814,1000,7,7,7,0.1,700.0000000000001,PP
resultados/01_extract_real_crops/data/real_crops/train/PP/PP-3000x1_5201.png,NANOPLASTIC,train,PP-3000x1.png,5201,3000,18,18,18,0.03333333333333333,600.0,PP
resultados/01_extract_real_crops/data/real_crops/train/PP/PP 100X_358.png,MICROPLASTIC,train,PP 100X.png,358,100,4,5,5,1.0,5000.0,PP
resultados/01_extract_real_crops/data/real_crops/train/PP/PP-1000x2_3081.png,NANOPLASTIC,train,PP-1000x2.png,3081,1000,5,5,5,0.1,500.0,PP
resultados/01_extract_real_crops/data/real_crops/train/PP/PP-2-3000X_4654.png,NANOPLASTIC,train,PP-2-3000X.png,4654,3000,11,6,11,0.03333333333333333,366.66666666666663,PP
resultados/01_extract_real_crops/data/real_crops/train/PP/PP-3000X_5137.png,NANOPLASTIC,train,PP-3000X.png,5137,3000,27,21,27,0.03333333333333333,900.0,PP
resultados/01_extract_real_crops/data/real_crops/train/PP/PP-3000x3_5719.png,MICROPLASTIC,train,PP-3000x3.png,5719,3000,32,37,37,0.03333333333333333,1233.3333333333335,PP
resultados/01_extract_real_crops/data/real_crops/train/PP/PP-2-3000X_4648.png,MICROPLASTIC,train,PP-2-3000X.png,4648,3000,34,21,34,0.03333333333333333,1133.3333333333333,PP
resultados/01_extract_real_crops/data/real_crops/train/PP/PP-2-3000X_4701.png,NANOPLASTIC,train,PP-2-3000X.png,4701,3000,15,22,22,0.03333333333333333,733.3333333333333,PP
resultados/01_extract_real_crops/data/real_crops/train/PP/PP-1000x2_3357.png,MICROPLASTIC,train,PP-1000x2.png,3357,1000,8,11,11,0.1,1100.0,PP
resultados/01_extract_real_crops/data/real_crops/train/PP/PPLFT 200X_7977.png,MICROPLASTIC,train,PPLFT 200X.png,7977,200,8,7,8,0.5,4000.0,PP
resultados/01_extract_real_crops/data/real_crops/train/PP/PP 100X2_427.png,MICROPLASTIC,train,PP 100X2.png,427,100,7,6,7,1.0,7000.0,PP
resultados/01_extract_real_crops/data/real_crops/train/PP/PP 100X2_699.png,MICROPLASTIC,train,PP 100X2.png,699,100,6,5,6,1.0,6000.0,PP
resultados/01_extract_real_crops/data/real_crops/train/PP/PP-3000X_5014.png,NANOPLASTIC,train,PP-3000X.png,5014,3000,25,11,25,0.03333333333333333,833.3333333333334,PP
resultados/01_extract_real_crops/data/real_crops/train/PP/PP 100X_84.png,MICROPLASTIC,train,PP 100X.png,84,100,11,12,12,1.0,12000.0,PP
resultados/01_extract_real_crops/data/real_crops/train/PP/PP-3000x8_7003.png,NANOPLASTIC,train,PP-3000x8.png,7003,3000,9,10,10,0.03333333333333333,333.3333333333333,PP
resultados/01_extract_real_crops/data/real_crops/train/PP/PP-3000x1_5291.png,NANOPLASTIC,train,PP-3000x1.png,5291,3000,14,12,14,0.03333333333333333,466.6666666666667,PP
resultados/01_extract_real_crops/data/real_crops/train/PP/PP-3000x3_5887.png,MICROPLASTIC,train,PP-3000x3.png,5887,3000,31,26,31,0.03333333333333333,1033.3333333333333,PP
resultados/01_extract_real_crops/data/real_crops/train/PP/PP-1000x2_2626.png,NANOPLASTIC,train,PP-1000x2.png,2626,1000,7,6,7,0.1,700.0000000000001,PP
resultados/01_extract_real_crops/data/real_crops/train/PP/PP 100X2_637.png,MICROPLASTIC,train,PP 100X2.png,637,100,5,6,6,1.0,6000.0,PP
resultados/01_extract_real_crops/data/real_crops/train/PP/PP 100X_99.png,MICROPLASTIC,train,PP 100X.png,99,100,7,7,7,1.0,7000.0,PP
resultados/01_extract_real_crops/data/real_crops/train/PP/PP-3000X_5074.png,NANOPLASTIC,train,PP-3000X.png,5074,3000,11,9,11,0.03333333333333333,366.66666666666663,PP
resultados/01_extract_real_crops/data/real_crops/train/PP/PPLFT 200X_8056.png,MICROPLASTIC,train,PPLFT 200X.png,8056,200,9,8,9,0.5,4500.0,PP
resultados/01_extract_real_crops/data/real_crops/train/PP/PP 100X_299.png,MICROPLASTIC,train,PP 100X.png,299,100,7,4,7,1.0,7000.0,PP
resultados/01_extract_real_crops/data/real_crops/train/PP/PP-1000x2_3219.png,NANOPLASTIC,train,PP-1000x2.png,3219,1000,6,4,6,0.1,600.0000000000001,PP
resultados/01_extract_real_crops/data/real_crops/train/PP/PP-3000X_5116.png,NANOPLASTIC,train,PP-3000X.png,5116,3000,11,10,11,0.03333333333333333,366.66666666666663,PP
resultados/01_extract_real_crops/data/real_crops/train/PP/PPLFT 500X_8179.png,MICROPLASTIC,train,PPLFT 500X.png,8179,500,9,10,10,0.2,2000.0,PP
resultados/01_extract_real_crops/data/real_crops/train/PP/PP-3000x1_5449.png,NANOPLASTIC,train,PP-3000x1.png,5449,3000,7,9,9,0.03333333333333333,300.0,PP
resultados/01_extract_real_crops/data/real_crops/val/PP/PP-1000x3_3929.png,NANOPLASTIC,val,PP-1000x3.png,3929,1000,7,8,8,0.1,800.0,PP
resultados/01_extract_real_crops/data/real_crops/val/PP/PP-3000x5_6376.png,NANOPLASTIC,val,PP-3000x5.png,6376,3000,10,11,11,0.03333333333333333,366.66666666666663,PP
resultados/01_extract_real_crops/data/real_crops/val/PP/PP-1000x3_3965.png,NANOPLASTIC,val,PP-1000x3.png,3965,1000,4,6,6,0.1,600.0000000000001,PP
resultados/01_extract_real_crops/data/real_crops/val/PP/PP-1000x3_4086.png,NANOPLASTIC,val,PP-1000x3.png,4086,1000,5,6,6,0.1,600.0000000000001,PP
resultados/01_extract_real_crops/data/real_crops/val/PP/PP 500X_1153.png,MICROPLASTIC,val,PP 500X.png,1153,500,8,7,8,0.2,1600.0,PP
resultados/01_extract_real_crops/data/real_crops/val/PP/PP-3000x5_6302.png,NANOPLASTIC,val,PP-3000x5.png,6302,3000,15,23,23,0.03333333333333333,766.6666666666666,PP
resultados/01_extract_real_crops/data/real_crops/val/PP/PP-1000x3_3745.png,NANOPLASTIC,val,PP-1000x3.png,3745,1000,6,9,9,0.1,900.0,PP
resultados/01_extract_real_crops/data/real_crops/val/PP/PP 2000X_792.png,NANOPLASTIC,val,PP 2000X.png,792,2000,11,9,11,0.05,550.0,PP
resultados/01_extract_real_crops/data/real_crops/val/PP/PP-1000x3_4278.png,MICROPLASTIC,val,PP-1000x3.png,4278,1000,18,24,24,0.1,2400.0000000000005,PP
resultados/01_extract_real_crops/data/real_crops/val/PP/PP 2000X_821.png,MICROPLASTIC,val,PP 2000X.png,821,2000,19,22,22,0.05,1100.0,PP
resultados/01_extract_real_crops/data/real_crops/val/PP/PP-1000x3_4113.png,NANOPLASTIC,val,PP-1000x3.png,4113,1000,9,9,9,0.1,900.0,PP
resultados/01_extract_real_crops/data/real_crops/val/PP/PP-3000x5_6288.png,NANOPLASTIC,val,PP-3000x5.png,6288,3000,9,12,12,0.03333333333333333,400.0,PP
resultados/01_extract_real_crops/data/real_crops/val/PP/PP-3000x5_6257.png,NANOPLASTIC,val,PP-3000x5.png,6257,3000,15,12,15,0.03333333333333333,500.0,PP
resultados/01_extract_real_crops/data/real_crops/val/PP/PP-3000x5_6310.png,MICROPLASTIC,val,PP-3000x5.png,6310,3000,41,40,41,0.03333333333333333,1366.6666666666667,PP
resultados/01_extract_real_crops/data/real_crops/val/PP/PP-1000x3_4020.png,NANOPLASTIC,val,PP-1000x3.png,4020,1000,5,5,5,0.1,500.0,PP
resultados/01_extract_real_crops/data/real_crops/val/PP/PP 2000X_760.png,NANOPLASTIC,val,PP 2000X.png,760,2000,7,6,7,0.05,350.00000000000006,PP
resultados/01_extract_real_crops/data/real_crops/val/PP/PP-1000x3_3819.png,MICROPLASTIC,val,PP-1000x3.png,3819,1000,13,11,13,0.1,1300.0,PP
resultados/01_extract_real_crops/data/real_crops/val/PP/PP-1000x3_3592.png,NANOPLASTIC,val,PP-1000x3.png,3592,1000,5,8,8,0.1,800.0,PP
resultados/01_extract_real_crops/data/real_crops/val/PP/PP-1000x3_4231.png,MICROPLASTIC,val,PP-1000x3.png,4231,1000,25,22,25,0.1,2500.0,PP
resultados/01_extract_real_crops/data/real_crops/val/PP/PP-1000x3_4230.png,MICROPLASTIC,val,PP-1000x3.png,4230,1000,16,17,17,0.1,1700.0000000000002,PP
resultados/01_extract_real_crops/data/real_crops/val/PP/PP 2000X_789.png,NANOPLASTIC,val,PP 2000X.png,789,2000,9,8,9,0.05,450.0,PP
resultados/01_extract_real_crops/data/real_crops/val/PP/PP-3000x5_6149.png,NANOPLASTIC,val,PP-3000x5.png,6149,3000,7,12,12,0.03333333333333333,400.0,PP
resultados/01_extract_real_crops/data/real_crops/val/PP/PP-1000x3_3947.png,NANOPLASTIC,val,PP-1000x3.png,3947,1000,5,6,6,0.1,600.0000000000001,PP
resultados/01_extract_real_crops/data/real_crops/val/PP/PP-1000x3_3780.png,MICROPLASTIC,val,PP-1000x3.png,3780,1000,13,14,14,0.1,1400.0000000000002,PP
resultados/01_extract_real_crops/data/real_crops/val/PP/PP-1000x3_4180.png,MICROPLASTIC,val,PP-1000x3.png,4180,1000,34,24,34,0.1,3400.0000000000005,PP
resultados/01_extract_real_crops/data/real_crops/val/PP/PP-1000x3_3985.png,NANOPLASTIC,val,PP-1000x3.png,3985,1000,8,7,8,0.1,800.0,PP
resultados/01_extract_real_crops/data/real_crops/val/PP/PP-1000x3_4552.png,MICROPLASTIC,val,PP-1000x3.png,4552,1000,12,10,12,0.1,1200.0000000000002,PP
resultados/01_extract_real_crops/data/real_crops/val/PP/PP-1000x3_3606.png,NANOPLASTIC,val,PP-1000x3.png,3606,1000,7,5,7,0.1,700.0000000000001,PP
resultados/01_extract_real_crops/data/real_crops/val/PP/PP-1000x3_4055.png,MICROPLASTIC,val,PP-1000x3.png,4055,1000,11,9,11,0.1,1100.0,PP
resultados/01_extract_real_crops/data/real_crops/val/PP/PP-1000x3_4049.png,MICROPLASTIC,val,PP-1000x3.png,4049,1000,7,11,11,0.1,1100.0,PP
resultados/01_extract_real_crops/data/real_crops/val/PP/PP 500X_1131.png,MICROPLASTIC,val,PP 500X.png,1131,500,6,6,6,0.2,1200.0000000000002,PP
resultados/01_extract_real_crops/data/real_crops/val/PP/PP-1000x3_4066.png,NANOPLASTIC,val,PP-1000x3.png,4066,1000,6,6,6,0.1,600.0000000000001,PP
resultados/01_extract_real_crops/data/real_crops/val/PP/PP-1000x3_3740.png,NANOPLASTIC,val,PP-1000x3.png,3740,1000,6,6,6,0.1,600.0000000000001,PP
resultados/01_extract_real_crops/data/real_crops/val/PP/PP-1000x3_4112.png,NANOPLASTIC,val,PP-1000x3.png,4112,1000,7,6,7,0.1,700.0000000000001,PP
resultados/01_extract_real_crops/data/real_crops/val/PP/PP-1000x3_4422.png,MICROPLASTIC,val,PP-1000x3.png,4422,1000,10,9,10,0.1,1000.0,PP
resultados/01_extract_real_crops/data/real_crops/val/PP/PP-1000x3_4558.png,MICROPLASTIC,val,PP-1000x3.png,4558,1000,13,12,13,0.1,1300.0,PP
resultados/01_extract_real_crops/data/real_crops/val/PP/PP-1000x3_3880.png,NANOPLASTIC,val,PP-1000x3.png,3880,1000,7,9,9,0.1,900.0,PP
resultados/01_extract_real_crops/data/real_crops/val/PP/PP-1000x3_3995.png,NANOPLASTIC,val,PP-1000x3.png,3995,1000,5,5,5,0.1,500.0,PP
resultados/01_extract_real_crops/data/real_crops/val/PP/PP-1000x3_3787.png,MICROPLASTIC,val,PP-1000x3.png,3787,1000,13,14,14,0.1,1400.0000000000002,PP
resultados/01_extract_real_crops/data/real_crops/val/PP/PP-1000x3_3596.png,NANOPLASTIC,val,PP-1000x3.png,3596,1000,6,7,7,0.1,700.0000000000001,PP
resultados/01_extract_real_crops/data/real_crops/val/PP/PP-1000x3_3711.png,MICROPLASTIC,val,PP-1000x3.png,3711,1000,15,7,15,0.1,1500.0,PP
resultados/01_extract_real_crops/data/real_crops/val/PP/PP-1000x3_4057.png,MICROPLASTIC,val,PP-1000x3.png,4057,1000,15,10,15,0.1,1500.0,PP
resultados/01_extract_real_crops/data/real_crops/val/PP/PP-1000x3_4253.png,MICROPLASTIC,val,PP-1000x3.png,4253,1000,10,8,10,0.1,1000.0,PP
resultados/01_extract_real_crops/data/real_crops/val/PP/PP-1000x3_4402.png,MICROPLASTIC,val,PP-1000x3.png,4402,1000,11,9,11,0.1,1100.0,PP
resultados/01_extract_real_crops/data/real_crops/val/PP/PP-1000x3_4092.png,MICROPLASTIC,val,PP-1000x3.png,4092,1000,55,40,55,0.1,5500.0,PP
resultados/01_extract_real_crops/data/real_crops/val/PP/PP 500X_1097.png,MICROPLASTIC,val,PP 500X.png,1097,500,9,5,9,0.2,1800.0,PP
resultados/01_extract_real_crops/data/real_crops/val/PP/PP-1000x3_3850.png,NANOPLASTIC,val,PP-1000x3.png,3850,1000,3,7,7,0.1,700.0000000000001,PP
resultados/01_extract_real_crops/data/real_crops/val/PP/PP-3000x5_6283.png,NANOPLASTIC,val,PP-3000x5.png,6283,3000,12,14,14,0.03333333333333333,466.6666666666667,PP
resultados/01_extract_real_crops/data/real_crops/val/PP/PP-1000x3_4101.png,NANOPLASTIC,val,PP-1000x3.png,4101,1000,4,6,6,0.1,600.0000000000001,PP
resultados/01_extract_real_crops/data/real_crops/val/PP/PP-1000x3_4560.png,MICROPLASTIC,val,PP-1000x3.png,4560,1000,30,32,32,0.1,3200.0,PP
resultados/01_extract_real_crops/data/real_crops/val/PP/PP 500X_1108.png,MICROPLASTIC,val,PP 500X.png,1108,500,7,7,7,0.2,1400.0000000000002,PP
resultados/01_extract_real_crops/data/real_crops/val/PP/PP-1000x3_3759.png,NANOPLASTIC,val,PP-1000x3.png,3759,1000,6,4,6,0.1,600.0000000000001,PP
resultados/01_extract_real_crops/data/real_crops/val/PP/PP-1000x3_4147.png,MICROPLASTIC,val,PP-1000x3.png,4147,1000,10,10,10,0.1,1000.0,PP
resultados/01_extract_real_crops/data/real_crops/val/PP/PP-1000x3_3698.png,NANOPLASTIC,val,PP-1000x3.png,3698,1000,6,6,6,0.1,600.0000000000001,PP
resultados/01_extract_real_crops/data/real_crops/val/PP/PP 500X_1173.png,MICROPLASTIC,val,PP 500X.png,1173,500,14,12,14,0.2,2800.0000000000005,PP
resultados/01_extract_real_crops/data/real_crops/val/PP/PP-1000x3_3701.png,MICROPLASTIC,val,PP-1000x3.png,3701,1000,10,10,10,0.1,1000.0,PP
resultados/01_extract_real_crops/data/real_crops/val/PP/PP-1000x3_3960.png,NANOPLASTIC,val,PP-1000x3.png,3960,1000,5,7,7,0.1,700.0000000000001,PP
resultados/01_extract_real_crops/data/real_crops/val/PP/PP 500X_1144.png,MICROPLASTIC,val,PP 500X.png,1144,500,9,9,9,0.2,1800.0,PP
resultados/01_extract_real_crops/data/real_crops/val/PP/PP-3000x5_6253.png,NANOPLASTIC,val,PP-3000x5.png,6253,3000,12,13,13,0.03333333333333333,433.33333333333337,PP
resultados/01_extract_real_crops/data/real_crops/val/PP/PP-3000x5_6270.png,NANOPLASTIC,val,PP-3000x5.png,6270,3000,14,14,14,0.03333333333333333,466.6666666666667,PP
resultados/01_extract_real_crops/data/real_crops/test/PP/PP-1000x1_2337.png,MICROPLASTIC,test,PP-1000x1.png,2337,1000,16,16,16,0.1,1600.0,PP
resultados/01_extract_real_crops/data/real_crops/test/PP/PP-1000x1_1957.png,NANOPLASTIC,test,PP-1000x1.png,1957,1000,6,8,8,0.1,800.0,PP
resultados/01_extract_real_crops/data/real_crops/test/PP/PP-1000x1_2412.png,MICROPLASTIC,test,PP-1000x1.png,2412,1000,9,11,11,0.1,1100.0,PP
resultados/01_extract_real_crops/data/real_crops/test/PP/PP-1000x1_1755.png,MICROPLASTIC,test,PP-1000x1.png,1755,1000,26,16,26,0.1,2600.0,PP
resultados/01_extract_real_crops/data/real_crops/test/PP/PP-1000x1_2025.png,NANOPLASTIC,test,PP-1000x1.png,2025,1000,5,5,5,0.1,500.0,PP
resultados/01_extract_real_crops/data/real_crops/test/PP/PP-3000x6_6465.png,MICROPLASTIC,test,PP-3000x6.png,6465,3000,23,42,42,0.03333333333333333,1400.0,PP
resultados/01_extract_real_crops/data/real_crops/test/PP/PP-1000x1_1341.png,MICROPLASTIC,test,PP-1000x1.png,1341,1000,21,16,21,0.1,2100.0,PP
resultados/01_extract_real_crops/data/real_crops/test/PP/PP-1000x1_1386.png,NANOPLASTIC,test,PP-1000x1.png,1386,1000,5,6,6,0.1,600.0000000000001,PP
resultados/01_extract_real_crops/data/real_crops/test/PP/PP-3000x4_6011.png,NANOPLASTIC,test,PP-3000x4.png,6011,3000,15,28,28,0.03333333333333333,933.3333333333334,PP
resultados/01_extract_real_crops/data/real_crops/test/PP/PP-1000x1_2124.png,MICROPLASTIC,test,PP-1000x1.png,2124,1000,10,9,10,0.1,1000.0,PP
resultados/01_extract_real_crops/data/real_crops/test/PP/PP-3000x7_6827.png,NANOPLASTIC,test,PP-3000x7.png,6827,3000,11,12,12,0.03333333333333333,400.0,PP
resultados/01_extract_real_crops/data/real_crops/test/PP/PP-1000x1_1434.png,NANOPLASTIC,test,PP-1000x1.png,1434,1000,6,4,6,0.1,600.0000000000001,PP
resultados/01_extract_real_crops/data/real_crops/test/PP/PP-3000x7_6831.png,NANOPLASTIC,test,PP-3000x7.png,6831,3000,17,18,18,0.03333333333333333,600.0,PP
resultados/01_extract_real_crops/data/real_crops/test/PP/PP-3000x7_6676.png,NANOPLASTIC,test,PP-3000x7.png,6676,3000,20,23,23,0.03333333333333333,766.6666666666666,PP
resultados/01_extract_real_crops/data/real_crops/test/PP/PP-1000x1_2037.png,NANOPLASTIC,test,PP-1000x1.png,2037,1000,8,5,8,0.1,800.0,PP
resultados/01_extract_real_crops/data/real_crops/test/PP/PP-3000x7_6666.png,NANOPLASTIC,test,PP-3000x7.png,6666,3000,15,19,19,0.03333333333333333,633.3333333333333,PP
resultados/01_extract_real_crops/data/real_crops/test/PP/PP-3000x6_6475.png,MICROPLASTIC,test,PP-3000x6.png,6475,3000,84,64,84,0.03333333333333333,2800.0,PP
resultados/01_extract_real_crops/data/real_crops/test/PP/PP-1000x1_1709.png,MICROPLASTIC,test,PP-1000x1.png,1709,1000,11,9,11,0.1,1100.0,PP
resultados/01_extract_real_crops/data/real_crops/test/PP/PP-3000x6_6440.png,NANOPLASTIC,test,PP-3000x6.png,6440,3000,10,11,11,0.03333333333333333,366.66666666666663,PP
resultados/01_extract_real_crops/data/real_crops/test/PP/PP-3000x7_6665.png,NANOPLASTIC,test,PP-3000x7.png,6665,3000,21,13,21,0.03333333333333333,700.0,PP
resultados/01_extract_real_crops/data/real_crops/test/PP/PP-3000x6_6455.png,NANOPLASTIC,test,PP-3000x6.png,6455,3000,21,17,21,0.03333333333333333,700.0,PP
resultados/01_extract_real_crops/data/real_crops/test/PP/PP-3000x6_6616.png,NANOPLASTIC,test,PP-3000x6.png,6616,3000,23,11,23,0.03333333333333333,766.6666666666666,PP
resultados/01_extract_real_crops/data/real_crops/test/PP/PP-1000x1_1438.png,NANOPLASTIC,test,PP-1000x1.png,1438,1000,9,8,9,0.1,900.0,PP
resultados/01_extract_real_crops/data/real_crops/test/PP/PP-3000x6_6418.png,NANOPLASTIC,test,PP-3000x6.png,6418,3000,13,16,16,0.03333333333333333,533.3333333333334,PP
resultados/01_extract_real_crops/data/real_crops/test/PP/PP-1000x1_1813.png,NANOPLASTIC,test,PP-1000x1.png,1813,1000,6,6,6,0.1,600.0000000000001,PP
resultados/01_extract_real_crops/data/real_crops/test/PP/PP-3000x7_6854.png,NANOPLASTIC,test,PP-3000x7.png,6854,3000,14,16,16,0.03333333333333333,533.3333333333334,PP
resultados/01_extract_real_crops/data/real_crops/test/PP/PP-1000x1_1822.png,MICROPLASTIC,test,PP-1000x1.png,1822,1000,13,9,13,0.1,1300.0,PP
resultados/01_extract_real_crops/data/real_crops/test/PP/PP-1000x1_2279.png,MICROPLASTIC,test,PP-1000x1.png,2279,1000,76,72,76,0.1,7600.000000000001,PP
resultados/01_extract_real_crops/data/real_crops/test/PP/PP-3000x4_6075.png,NANOPLASTIC,test,PP-3000x4.png,6075,3000,12,17,17,0.03333333333333333,566.6666666666666,PP
resultados/01_extract_real_crops/data/real_crops/test/PP/PP-1000x1_1485.png,NANOPLASTIC,test,PP-1000x1.png,1485,1000,5,6,6,0.1,600.0000000000001,PP
resultados/01_extract_real_crops/data/real_crops/test/PP/PP-1000x1_2060.png,MICROPLASTIC,test,PP-1000x1.png,2060,1000,9,17,17,0.1,1700.0000000000002,PP
resultados/01_extract_real_crops/data/real_crops/test/PP/PP-3000x6_6569.png,NANOPLASTIC,test,PP-3000x6.png,6569,3000,19,26,26,0.03333333333333333,866.6666666666667,PP
resultados/01_extract_real_crops/data/real_crops/test/PP/PP-3000x4_6107.png,NANOPLASTIC,test,PP-3000x4.png,6107,3000,20,19,20,0.03333333333333333,666.6666666666666,PP
resultados/01_extract_real_crops/data/real_crops/test/PP/PP-1000x1_1954.png,NANOPLASTIC,test,PP-1000x1.png,1954,1000,5,5,5,0.1,500.0,PP
resultados/01_extract_real_crops/data/real_crops/test/PP/PP-1000x1_2092.png,NANOPLASTIC,test,PP-1000x1.png,2092,1000,8,7,8,0.1,800.0,PP
resultados/01_extract_real_crops/data/real_crops/test/PP/PP-3000x7_6806.png,NANOPLASTIC,test,PP-3000x7.png,6806,3000,8,12,12,0.03333333333333333,400.0,PP
resultados/01_extract_real_crops/data/real_crops/test/PP/PP-1000x1_1610.png,NANOPLASTIC,test,PP-1000x1.png,1610,1000,6,7,7,0.1,700.0000000000001,PP
resultados/01_extract_real_crops/data/real_crops/test/PP/PP-1000x1_2267.png,MICROPLASTIC,test,PP-1000x1.png,2267,1000,130,301,301,0.1,30100.0,PP
resultados/01_extract_real_crops/data/real_crops/test/PP/PP-3000x7_6849.png,NANOPLASTIC,test,PP-3000x7.png,6849,3000,12,15,15,0.03333333333333333,500.0,PP
resultados/01_extract_real_crops/data/real_crops/test/PP/PP-3000x7_6664.png,NANOPLASTIC,test,PP-3000x7.png,6664,3000,21,19,21,0.03333333333333333,700.0,PP
resultados/01_extract_real_crops/data/real_crops/test/PP/PP-1000x1_2079.png,MICROPLASTIC,test,PP-1000x1.png,2079,1000,10,8,10,0.1,1000.0,PP
resultados/01_extract_real_crops/data/real_crops/test/PP/PP-1000x1_1645.png,MICROPLASTIC,test,PP-1000x1.png,1645,1000,13,17,17,0.1,1700.0000000000002,PP
resultados/01_extract_real_crops/data/real_crops/test/PP/PP-3000x4_6090.png,NANOPLASTIC,test,PP-3000x4.png,6090,3000,11,12,12,0.03333333333333333,400.0,PP
resultados/01_extract_real_crops/data/real_crops/test/PP/PP-1000x1_2373.png,MICROPLASTIC,test,PP-1000x1.png,2373,1000,12,12,12,0.1,1200.0000000000002,PP
resultados/01_extract_real_crops/data/real_crops/test/PP/PP-1000x1_2024.png,NANOPLASTIC,test,PP-1000x1.png,2024,1000,7,5,7,0.1,700.0000000000001,PP
resultados/01_extract_real_crops/data/real_crops/test/PP/PP-1000x1_1413.png,NANOPLASTIC,test,PP-1000x1.png,1413,1000,6,5,6,0.1,600.0000000000001,PP
resultados/01_extract_real_crops/data/real_crops/test/PP/PP-1000x1_1968.png,MICROPLASTIC,test,PP-1000x1.png,1968,1000,10,8,10,0.1,1000.0,PP
resultados/01_extract_real_crops/data/real_crops/test/PP/PP-1000x1_2428.png,MICROPLASTIC,test,PP-1000x1.png,2428,1000,14,11,14,0.1,1400.0000000000002,PP
resultados/01_extract_real_crops/data/real_crops/test/PP/PP-1000x1_1505.png,MICROPLASTIC,test,PP-1000x1.png,1505,1000,15,13,15,0.1,1500.0,PP
resultados/01_extract_real_crops/data/real_crops/test/PP/PP-1000x1_1489.png,NANOPLASTIC,test,PP-1000x1.png,1489,1000,6,7,7,0.1,700.0000000000001,PP
resultados/01_extract_real_crops/data/real_crops/test/PP/PP-3000x4_6087.png,NANOPLASTIC,test,PP-3000x4.png,6087,3000,11,23,23,0.03333333333333333,766.6666666666666,PP
resultados/01_extract_real_crops/data/real_crops/test/PP/PP-1000x1_1461.png,NANOPLASTIC,test,PP-1000x1.png,1461,1000,8,8,8,0.1,800.0,PP
resultados/01_extract_real_crops/data/real_crops/test/PP/PP-1000x1_2453.png,NANOPLASTIC,test,PP-1000x1.png,2453,1000,9,7,9,0.1,900.0,PP
resultados/01_extract_real_crops/data/real_crops/test/PP/PP-3000x4_6050.png,NANOPLASTIC,test,PP-3000x4.png,6050,3000,17,18,18,0.03333333333333333,600.0,PP
resultados/01_extract_real_crops/data/real_crops/test/PP/PP-3000x6_6543.png,NANOPLASTIC,test,PP-3000x6.png,6543,3000,12,11,12,0.03333333333333333,400.0,PP
resultados/01_extract_real_crops/data/real_crops/test/PP/PP-1000x1_2576.png,MICROPLASTIC,test,PP-1000x1.png,2576,1000,15,10,15,0.1,1500.0,PP
resultados/01_extract_real_crops/data/real_crops/test/PP/PP-1000x1_2233.png,NANOPLASTIC,test,PP-1000x1.png,2233,1000,7,6,7,0.1,700.0000000000001,PP
resultados/01_extract_real_crops/data/real_crops/test/PP/PP-1000x1_1361.png,NANOPLASTIC,test,PP-1000x1.png,1361,1000,6,6,6,0.1,600.0000000000001,PP
resultados/01_extract_real_crops/data/real_crops/test/PP/PP-1000x1_1947.png,NANOPLASTIC,test,PP-1000x1.png,1947,1000,8,8,8,0.1,800.0,PP
resultados/01_extract_real_crops/data/real_crops/test/PP/PP-1000x1_1404.png,NANOPLASTIC,test,PP-1000x1.png,1404,1000,5,6,6,0.1,600.0000000000001,PP
resultados/01_extract_real_crops/data/real_crops/train/PS/PS2  5000X_8217.png,NANOPLASTIC,train,PS2  5000X.png,8217,5000,17,25,25,0.02,500.0,PS
resultados/01_extract_real_crops/data/real_crops/train/PS/PS 500X_2336.png,MICROPLASTIC,train,PS 500X.png,2336,500,22,13,22,0.2,4400.0,PS
resultados/01_extract_real_crops/data/real_crops/train/PS/PSL 200X_10730.png,MICROPLASTIC,train,PSL 200X.png,10730,200,14,9,14,0.5,7000.0,PS
resultados/01_extract_real_crops/data/real_crops/train/PS/PS 2000X_446.png,MICROPLASTIC,train,PS 2000X.png,446,2000,34,15,34,0.05,1700.0000000000002,PS
resultados/01_extract_real_crops/data/real_crops/train/PS/PS 5000X_1800.png,NANOPLASTIC,train,PS 5000X.png,1800,5000,24,20,24,0.02,480.0,PS
resultados/01_extract_real_crops/data/real_crops/train/PS/PSFT 200X_9613.png,MICROPLASTIC,train,PSFT 200X.png,9613,200,19,34,34,0.5,17000.0,PS
resultados/01_extract_real_crops/data/real_crops/train/PS/PS2  2000X_7770.png,MICROPLASTIC,train,PS2  2000X.png,7770,2000,62,74,74,0.05,3700.0,PS
resultados/01_extract_real_crops/data/real_crops/train/PS/PSFT 2000X_9012.png,MICROPLASTIC,train,PSFT 2000X.png,9012,2000,45,79,79,0.05,3950.0,PS
resultados/01_extract_real_crops/data/real_crops/train/PS/PSFT 200X_9454.png,MICROPLASTIC,train,PSFT 200X.png,9454,200,30,17,30,0.5,15000.0,PS
resultados/01_extract_real_crops/data/real_crops/train/PS/PS-200x-4_7050.png,MICROPLASTIC,train,PS-200x-4.png,7050,200,7,6,7,0.5,3500.0,PS
resultados/01_extract_real_crops/data/real_crops/train/PS/PSLFT 200X_11756.png,MICROPLASTIC,train,PSLFT 200X.png,11756,200,22,26,26,0.5,13000.0,PS
resultados/01_extract_real_crops/data/real_crops/train/PS/PS 2000X_362.png,NANOPLASTIC,train,PS 2000X.png,362,2000,10,8,10,0.05,500.0,PS
resultados/01_extract_real_crops/data/real_crops/train/PS/PSLFT 200X_11978.png,MICROPLASTIC,train,PSLFT 200X.png,11978,200,9,13,13,0.5,6500.0,PS
resultados/01_extract_real_crops/data/real_crops/train/PS/PS 2000X_23.png,MICROPLASTIC,train,PS 2000X.png,23,2000,24,18,24,0.05,1200.0000000000002,PS
resultados/01_extract_real_crops/data/real_crops/train/PS/PSL 200X_10409.png,MICROPLASTIC,train,PSL 200X.png,10409,200,8,7,8,0.5,4000.0,PS
resultados/01_extract_real_crops/data/real_crops/train/PS/PS-200X_6625.png,MICROPLASTIC,train,PS-200X.png,6625,200,8,6,8,0.5,4000.0,PS
resultados/01_extract_real_crops/data/real_crops/train/PS/PS-200x-4_7632.png,MICROPLASTIC,train,PS-200x-4.png,7632,200,121,217,217,0.5,108500.0,PS
resultados/01_extract_real_crops/data/real_crops/train/PS/PS 500X2_3513.png,MICROPLASTIC,train,PS 500X2.png,3513,500,18,11,18,0.2,3600.0,PS
resultados/01_extract_real_crops/data/real_crops/train/PS/PSFT 2000X_8936.png,MICROPLASTIC,train,PSFT 2000X.png,8936,2000,35,20,35,0.05,1750.0,PS
resultados/01_extract_real_crops/data/real_crops/train/PS/PSFT 200X_9309.png,MICROPLASTIC,train,PSFT 200X.png,9309,200,32,52,52,0.5,26000.0,PS
resultados/01_extract_real_crops/data/real_crops/train/PS/PS-200x-4_7373.png,MICROPLASTIC,train,PS-200x-4.png,7373,200,7,5,7,0.5,3500.0,PS
resultados/01_extract_real_crops/data/real_crops/train/PS/PS 500X_2404.png,MICROPLASTIC,train,PS 500X.png,2404,500,23,12,23,0.2,4600.000000000001,PS
resultados/01_extract_real_crops/data/real_crops/train/PS/PSFT 200X_9658.png,MICROPLASTIC,train,PSFT 200X.png,9658,200,19,24,24,0.5,12000.0,PS
resultados/01_extract_real_crops/data/real_crops/train/PS/PS2-200x-1_8616.png,MICROPLASTIC,train,PS2-200x-1.png,8616,200,5,4,5,0.5,2500.0,PS
resultados/01_extract_real_crops/data/real_crops/train/PS/PS-200x-4_7279.png,MICROPLASTIC,train,PS-200x-4.png,7279,200,6,8,8,0.5,4000.0,PS
resultados/01_extract_real_crops/data/real_crops/train/PS/PSFT 200X_9365.png,MICROPLASTIC,train,PSFT 200X.png,9365,200,18,9,18,0.5,9000.0,PS
resultados/01_extract_real_crops/data/real_crops/train/PS/PS2  2000X_7683.png,MICROPLASTIC,train,PS2  2000X.png,7683,2000,21,25,25,0.05,1250.0,PS
resultados/01_extract_real_crops/data/real_crops/train/PS/PS-200X_6664.png,MICROPLASTIC,train,PS-200X.png,6664,200,19,18,19,0.5,9500.0,PS
resultados/01_extract_real_crops/data/real_crops/train/PS/PS 500X 2_1978.png,MICROPLASTIC,train,PS 500X 2.png,1978,500,6,9,9,0.2,1800.0,PS
resultados/01_extract_real_crops/data/real_crops/train/PS/PSL 200X_10951.png,MICROPLASTIC,train,PSL 200X.png,10951,200,20,18,20,0.5,10000.0,PS
resultados/01_extract_real_crops/data/real_crops/train/PS/PSFT 200X_9284.png,MICROPLASTIC,train,PSFT 200X.png,9284,200,43,47,47,0.5,23500.0,PS
resultados/01_extract_real_crops/data/real_crops/train/PS/PS-200X_5880.png,MICROPLASTIC,train,PS-200X.png,5880,200,6,4,6,0.5,3000.0,PS
resultados/01_extract_real_crops/data/real_crops/train/PS/PS-200X_6097.png,MICROPLASTIC,train,PS-200X.png,6097,200,7,4,7,0.5,3500.0,PS
resultados/01_extract_real_crops/data/real_crops/train/PS/PS 5000X_1736.png,NANOPLASTIC,train,PS 5000X.png,1736,5000,24,26,26,0.02,520.0,PS
resultados/01_extract_real_crops/data/real_crops/train/PS/PS 5000X_1793.png,NANOPLASTIC,train,PS 5000X.png,1793,5000,19,13,19,0.02,380.0,PS
resultados/01_extract_real_crops/data/real_crops/train/PS/PS 500X_2321.png,MICROPLASTIC,train,PS 500X.png,2321,500,10,14,14,0.2,2800.0000000000005,PS
resultados/01_extract_real_crops/data/real_crops/train/PS/PS-200x-4_7501.png,MICROPLASTIC,train,PS-200x-4.png,7501,200,9,7,9,0.5,4500.0,PS
resultados/01_extract_real_crops/data/real_crops/train/PS/PS2-200x-1_8608.png,MICROPLASTIC,train,PS2-200x-1.png,8608,200,4,5,5,0.5,2500.0,PS
resultados/01_extract_real_crops/data/real_crops/train/PS/PSL 200X_10920.png,MICROPLASTIC,train,PSL 200X.png,10920,200,26,17,26,0.5,13000.0,PS
resultados/01_extract_real_crops/data/real_crops/train/PS/PSLFT 200X_12237.png,MICROPLASTIC,train,PSLFT 200X.png,12237,200,33,19,33,0.5,16500.0,PS
resultados/01_extract_real_crops/data/real_crops/train/PS/PS 500X 2_2003.png,MICROPLASTIC,train,PS 500X 2.png,2003,500,6,10,10,0.2,2000.0,PS
resultados/01_extract_real_crops/data/real_crops/train/PS/PS2-200x-1_8640.png,MICROPLASTIC,train,PS2-200x-1.png,8640,200,19,22,22,0.5,11000.0,PS
resultados/01_extract_real_crops/data/real_crops/train/PS/PSL 200X_11116.png,MICROPLASTIC,train,PSL 200X.png,11116,200,15,12,15,0.5,7500.0,PS
resultados/01_extract_real_crops/data/real_crops/train/PS/PSL 5000X_11249.png,MICROPLASTIC,train,PSL 5000X.png,11249,5000,64,24,64,0.02,1280.0,PS
resultados/01_extract_real_crops/data/real_crops/train/PS/PSFT 200X_10036.png,MICROPLASTIC,train,PSFT 200X.png,10036,200,20,13,20,0.5,10000.0,PS
resultados/01_extract_real_crops/data/real_crops/train/PS/PS2  5000X_8288.png,NANOPLASTIC,train,PS2  5000X.png,8288,5000,20,14,20,0.02,400.0,PS
resultados/01_extract_real_crops/data/real_crops/train/PS/PSLFT 200X_12784.png,MICROPLASTIC,train,PSLFT 200X.png,12784,200,7,8,8,0.5,4000.0,PS
resultados/01_extract_real_crops/data/real_crops/train/PS/PSFT 200X_9723.png,MICROPLASTIC,train,PSFT 200X.png,9723,200,18,20,20,0.5,10000.0,PS
resultados/01_extract_real_crops/data/real_crops/train/PS/PSFT 2000X_9123.png,NANOPLASTIC,train,PSFT 2000X.png,9123,2000,11,14,14,0.05,700.0000000000001,PS
resultados/01_extract_real_crops/data/real_crops/train/PS/PSLFT 200X_11823.png,MICROPLASTIC,train,PSLFT 200X.png,11823,200,62,37,62,0.5,31000.0,PS
resultados/01_extract_real_crops/data/real_crops/train/PS/PSLFT 200X_12258.png,MICROPLASTIC,train,PSLFT 200X.png,12258,200,26,25,26,0.5,13000.0,PS
resultados/01_extract_real_crops/data/real_crops/train/PS/PSLFT 200X_12198.png,MICROPLASTIC,train,PSLFT 200X.png,12198,200,26,30,30,0.5,15000.0,PS
resultados/01_extract_real_crops/data/real_crops/train/PS/PSL 5000X_11268.png,NANOPLASTIC,train,PSL 5000X.png,11268,5000,33,40,40,0.02,800.0,PS
resultados/01_extract_real_crops/data/real_crops/train/PS/PSLFT 200X_11872.png,MICROPLASTIC,train,PSLFT 200X.png,11872,200,16,12,16,0.5,8000.0,PS
resultados/01_extract_real_crops/data/real_crops/train/PS/PS 2000X_577.png,NANOPLASTIC,train,PS 2000X.png,577,2000,9,17,17,0.05,850.0000000000001,PS
resultados/01_extract_real_crops/data/real_crops/train/PS/PS-200x-4_7122.png,MICROPLASTIC,train,PS-200x-4.png,7122,200,5,5,5,0.5,2500.0,PS
resultados/01_extract_real_crops/data/real_crops/train/PS/PS 2000X_262.png,MICROPLASTIC,train,PS 2000X.png,262,2000,30,38,38,0.05,1900.0000000000002,PS
resultados/01_extract_real_crops/data/real_crops/train/PS/PSLFT 200X_12846.png,MICROPLASTIC,train,PSLFT 200X.png,12846,200,11,7,11,0.5,5500.0,PS
resultados/01_extract_real_crops/data/real_crops/train/PS/PSL 200X_10406.png,MICROPLASTIC,train,PSL 200X.png,10406,200,26,32,32,0.5,16000.0,PS
resultados/01_extract_real_crops/data/real_crops/train/PS/PS2  2000X_7984.png,MICROPLASTIC,train,PS2  2000X.png,7984,2000,20,21,21,0.05,1050.0,PS
resultados/01_extract_real_crops/data/real_crops/train/PS/PS-200x-4_7339.png,MICROPLASTIC,train,PS-200x-4.png,7339,200,50,44,50,0.5,25000.0,PS
resultados/01_extract_real_crops/data/real_crops/train/PS/PS2  5000X_8124.png,NANOPLASTIC,train,PS2  5000X.png,8124,5000,27,25,27,0.02,540.0,PS
resultados/01_extract_real_crops/data/real_crops/train/PS/PSFT 200X_9711.png,MICROPLASTIC,train,PSFT 200X.png,9711,200,29,22,29,0.5,14500.0,PS
resultados/01_extract_real_crops/data/real_crops/train/PS/PSFT 2000X_8887.png,MICROPLASTIC,train,PSFT 2000X.png,8887,2000,31,29,31,0.05,1550.0,PS
resultados/01_extract_real_crops/data/real_crops/train/PS/PS-200x-4_7562.png,MICROPLASTIC,train,PS-200x-4.png,7562,200,5,5,5,0.5,2500.0,PS
resultados/01_extract_real_crops/data/real_crops/train/PS/PS 500X 2_1960.png,MICROPLASTIC,train,PS 500X 2.png,1960,500,9,6,9,0.2,1800.0,PS
resultados/01_extract_real_crops/data/real_crops/train/PS/PSL 5000X_11371.png,NANOPLASTIC,train,PSL 5000X.png,11371,5000,31,17,31,0.02,620.0,PS
resultados/01_extract_real_crops/data/real_crops/train/PS/PSFT 200X_9584.png,MICROPLASTIC,train,PSFT 200X.png,9584,200,26,26,26,0.5,13000.0,PS
resultados/01_extract_real_crops/data/real_crops/train/PS/PS2  2000X_7899.png,MICROPLASTIC,train,PS2  2000X.png,7899,2000,43,23,43,0.05,2150.0,PS
resultados/01_extract_real_crops/data/real_crops/train/PS/PSL 200X_10566.png,MICROPLASTIC,train,PSL 200X.png,10566,200,39,27,39,0.5,19500.0,PS
resultados/01_extract_real_crops/data/real_crops/train/PS/PS2  2000X_8069.png,MICROPLASTIC,train,PS2  2000X.png,8069,2000,33,25,33,0.05,1650.0000000000002,PS
resultados/01_extract_real_crops/data/real_crops/train/PS/PS 500X_2283.png,MICROPLASTIC,train,PS 500X.png,2283,500,14,9,14,0.2,2800.0000000000005,PS
resultados/01_extract_real_crops/data/real_crops/train/PS/PS-200x-4_7407.png,MICROPLASTIC,train,PS-200x-4.png,7407,200,5,11,11,0.5,5500.0,PS
resultados/01_extract_real_crops/data/real_crops/train/PS/PS 500X2_3783.png,MICROPLASTIC,train,PS 500X2.png,3783,500,16,13,16,0.2,3200.0,PS
resultados/01_extract_real_crops/data/real_crops/train/PS/PS 2000X_424.png,MICROPLASTIC,train,PS 2000X.png,424,2000,20,17,20,0.05,1000.0,PS
resultados/01_extract_real_crops/data/real_crops/train/PS/PS-200x-4_7051.png,MICROPLASTIC,train,PS-200x-4.png,7051,200,5,7,7,0.5,3500.0,PS
resultados/01_extract_real_crops/data/real_crops/train/PS/PSLFT 200X_12109.png,MICROPLASTIC,train,PSLFT 200X.png,12109,200,23,24,24,0.5,12000.0,PS
resultados/01_extract_real_crops/data/real_crops/train/PS/PSL 200X_10530.png,MICROPLASTIC,train,PSL 200X.png,10530,200,31,14,31,0.5,15500.0,PS
resultados/01_extract_real_crops/data/real_crops/train/PS/PS 500X 2_1880.png,MICROPLASTIC,train,PS 500X 2.png,1880,500,11,8,11,0.2,2200.0,PS
resultados/01_extract_real_crops/data/real_crops/train/PS/PSL 200X_10777.png,MICROPLASTIC,train,PSL 200X.png,10777,200,14,13,14,0.5,7000.0,PS
resultados/01_extract_real_crops/data/real_crops/train/PS/PS 500X2_3575.png,MICROPLASTIC,train,PS 500X2.png,3575,500,12,27,27,0.2,5400.0,PS
resultados/01_extract_real_crops/data/real_crops/train/PS/PSLFT 200X_12175.png,MICROPLASTIC,train,PSLFT 200X.png,12175,200,21,17,21,0.5,10500.0,PS
resultados/01_extract_real_crops/data/real_crops/train/PS/PSFT 200X_9196.png,MICROPLASTIC,train,PSFT 200X.png,9196,200,19,13,19,0.5,9500.0,PS
resultados/01_extract_real_crops/data/real_crops/train/PS/PSFT 200X_9272.png,MICROPLASTIC,train,PSFT 200X.png,9272,200,18,52,52,0.5,26000.0,PS
resultados/01_extract_real_crops/data/real_crops/train/PS/PS 2000X_25.png,MICROPLASTIC,train,PS 2000X.png,25,2000,23,32,32,0.05,1600.0,PS
resultados/01_extract_real_crops/data/real_crops/train/PS/PS 500X2_3673.png,MICROPLASTIC,train,PS 500X2.png,3673,500,13,11,13,0.2,2600.0,PS
resultados/01_extract_real_crops/data/real_crops/train/PS/PSLFT 200X_12012.png,MICROPLASTIC,train,PSLFT 200X.png,12012,200,23,22,23,0.5,11500.0,PS
resultados/01_extract_real_crops/data/real_crops/train/PS/PS 500X2_3027.png,MICROPLASTIC,train,PS 500X2.png,3027,500,22,22,22,0.2,4400.0,PS
resultados/01_extract_real_crops/data/real_crops/train/PS/PS 500X_2320.png,MICROPLASTIC,train,PS 500X.png,2320,500,38,25,38,0.2,7600.000000000001,PS
resultados/01_extract_real_crops/data/real_crops/train/PS/PS-200X_4910.png,MICROPLASTIC,train,PS-200X.png,4910,200,6,5,6,0.5,3000.0,PS
resultados/01_extract_real_crops/data/real_crops/train/PS/PSLFT 200X_11926.png,MICROPLASTIC,train,PSLFT 200X.png,11926,200,38,44,44,0.5,22000.0,PS
resultados/01_extract_real_crops/data/real_crops/train/PS/PS 500X_2813.png,MICROPLASTIC,train,PS 500X.png,2813,500,22,23,23,0.2,4600.000000000001,PS
resultados/01_extract_real_crops/data/real_crops/train/PS/PS 500X_2393.png,MICROPLASTIC,train,PS 500X.png,2393,500,11,15,15,0.2,3000.0,PS
resultados/01_extract_real_crops/data/real_crops/train/PS/PSFT 200X_9322.png,MICROPLASTIC,train,PSFT 200X.png,9322,200,23,36,36,0.5,18000.0,PS
resultados/01_extract_real_crops/data/real_crops/train/PS/PS2-200x-1_8565.png,MICROPLASTIC,train,PS2-200x-1.png,8565,200,10,6,10,0.5,5000.0,PS
resultados/01_extract_real_crops/data/real_crops/train/PS/PSFT 200X_9932.png,MICROPLASTIC,train,PSFT 200X.png,9932,200,16,9,16,0.5,8000.0,PS
resultados/01_extract_real_crops/data/real_crops/train/PS/PS 500X2_3479.png,MICROPLASTIC,train,PS 500X2.png,3479,500,25,21,25,0.2,5000.0,PS
resultados/01_extract_real_crops/data/real_crops/train/PS/PS-200x-4_7330.png,MICROPLASTIC,train,PS-200x-4.png,7330,200,13,8,13,0.5,6500.0,PS
resultados/01_extract_real_crops/data/real_crops/train/PS/PS 500X2_3154.png,MICROPLASTIC,train,PS 500X2.png,3154,500,21,20,21,0.2,4200.0,PS
resultados/01_extract_real_crops/data/real_crops/train/PS/PS-200X_6362.png,MICROPLASTIC,train,PS-200X.png,6362,200,6,5,6,0.5,3000.0,PS
resultados/01_extract_real_crops/data/real_crops/train/PS/PSFT 200X_9198.png,MICROPLASTIC,train,PSFT 200X.png,9198,200,23,20,23,0.5,11500.0,PS
resultados/01_extract_real_crops/data/real_crops/train/PS/PS 500X2_3719.png,MICROPLASTIC,train,PS 500X2.png,3719,500,12,11,12,0.2,2400.0000000000005,PS
resultados/01_extract_real_crops/data/real_crops/train/PS/PS-200X_5034.png,MICROPLASTIC,train,PS-200X.png,5034,200,7,7,7,0.5,3500.0,PS
resultados/01_extract_real_crops/data/real_crops/train/PS/PSFT 200X_9443.png,MICROPLASTIC,train,PSFT 200X.png,9443,200,19,17,19,0.5,9500.0,PS
resultados/01_extract_real_crops/data/real_crops/train/PS/PS 500X 2_1866.png,MICROPLASTIC,train,PS 500X 2.png,1866,500,9,15,15,0.2,3000.0,PS
resultados/01_extract_real_crops/data/real_crops/train/PS/PSFT 200X_9870.png,MICROPLASTIC,train,PSFT 200X.png,9870,200,16,13,16,0.5,8000.0,PS
resultados/01_extract_real_crops/data/real_crops/train/PS/PS 500X_2519.png,MICROPLASTIC,train,PS 500X.png,2519,500,17,14,17,0.2,3400.0000000000005,PS
resultados/01_extract_real_crops/data/real_crops/train/PS/PSFT 2000X_9070.png,MICROPLASTIC,train,PSFT 2000X.png,9070,2000,28,31,31,0.05,1550.0,PS
resultados/01_extract_real_crops/data/real_crops/train/PS/PSL 200X_10726.png,MICROPLASTIC,train,PSL 200X.png,10726,200,27,18,27,0.5,13500.0,PS
resultados/01_extract_real_crops/data/real_crops/train/PS/PS 500X2_3500.png,MICROPLASTIC,train,PS 500X2.png,3500,500,22,19,22,0.2,4400.0,PS
resultados/01_extract_real_crops/data/real_crops/train/PS/PS-200x-4_7556.png,MICROPLASTIC,train,PS-200x-4.png,7556,200,8,6,8,0.5,4000.0,PS
resultados/01_extract_real_crops/data/real_crops/train/PS/PS 500X2_3520.png,MICROPLASTIC,train,PS 500X2.png,3520,500,14,15,15,0.2,3000.0,PS
resultados/01_extract_real_crops/data/real_crops/train/PS/PS 500X 2_2015.png,MICROPLASTIC,train,PS 500X 2.png,2015,500,13,7,13,0.2,2600.0,PS
resultados/01_extract_real_crops/data/real_crops/train/PS/PS2  2000X_8059.png,NANOPLASTIC,train,PS2  2000X.png,8059,2000,11,8,11,0.05,550.0,PS
resultados/01_extract_real_crops/data/real_crops/train/PS/PSFT 200X_9428.png,MICROPLASTIC,train,PSFT 200X.png,9428,200,19,38,38,0.5,19000.0,PS
resultados/01_extract_real_crops/data/real_crops/train/PS/PS-200X_6093.png,MICROPLASTIC,train,PS-200X.png,6093,200,6,4,6,0.5,3000.0,PS
resultados/01_extract_real_crops/data/real_crops/train/PS/PS2  2000X_7800.png,MICROPLASTIC,train,PS2  2000X.png,7800,2000,24,51,51,0.05,2550.0000000000005,PS
resultados/01_extract_real_crops/data/real_crops/train/PS/PS 2000X_425.png,MICROPLASTIC,train,PS 2000X.png,425,2000,12,24,24,0.05,1200.0000000000002,PS
resultados/01_extract_real_crops/data/real_crops/train/PS/PS2  5000X_8253.png,NANOPLASTIC,train,PS2  5000X.png,8253,5000,39,44,44,0.02,880.0,PS
resultados/01_extract_real_crops/data/real_crops/train/PS/PS-200X_6719.png,MICROPLASTIC,train,PS-200X.png,6719,200,6,6,6,0.5,3000.0,PS
resultados/01_extract_real_crops/data/real_crops/train/PS/PSL 5000X_11177.png,MICROPLASTIC,train,PSL 5000X.png,11177,5000,52,46,52,0.02,1040.0,PS
resultados/01_extract_real_crops/data/real_crops/train/PS/PSL 200X_10629.png,MICROPLASTIC,train,PSL 200X.png,10629,200,16,24,24,0.5,12000.0,PS
resultados/01_extract_real_crops/data/real_crops/train/PS/PS 2000X_525.png,MICROPLASTIC,train,PS 2000X.png,525,2000,29,29,29,0.05,1450.0000000000002,PS
resultados/01_extract_real_crops/data/real_crops/train/PS/PSFT 200X_9829.png,MICROPLASTIC,train,PSFT 200X.png,9829,200,15,11,15,0.5,7500.0,PS
resultados/01_extract_real_crops/data/real_crops/train/PS/PSL 200X_10901.png,MICROPLASTIC,train,PSL 200X.png,10901,200,9,10,10,0.5,5000.0,PS
resultados/01_extract_real_crops/data/real_crops/train/PS/PSL 200X_10721.png,MICROPLASTIC,train,PSL 200X.png,10721,200,20,15,20,0.5,10000.0,PS
resultados/01_extract_real_crops/data/real_crops/train/PS/PS 500X2_2961.png,MICROPLASTIC,train,PS 500X2.png,2961,500,15,14,15,0.2,3000.0,PS
resultados/01_extract_real_crops/data/real_crops/train/PS/PSFT 2000X_9132.png,MICROPLASTIC,train,PSFT 2000X.png,9132,2000,62,48,62,0.05,3100.0,PS
resultados/01_extract_real_crops/data/real_crops/train/PS/PS 500X 2_1981.png,MICROPLASTIC,train,PS 500X 2.png,1981,500,6,7,7,0.2,1400.0000000000002,PS
resultados/01_extract_real_crops/data/real_crops/train/PS/PS 500X_2736.png,MICROPLASTIC,train,PS 500X.png,2736,500,15,11,15,0.2,3000.0,PS
resultados/01_extract_real_crops/data/real_crops/train/PS/PS 500X_2270.png,MICROPLASTIC,train,PS 500X.png,2270,500,17,36,36,0.2,7200.0,PS
resultados/01_extract_real_crops/data/real_crops/train/PS/PS 500X2_3804.png,MICROPLASTIC,train,PS 500X2.png,3804,500,8,13,13,0.2,2600.0,PS
resultados/01_extract_real_crops/data/real_crops/train/PS/PS-200X_6482.png,MICROPLASTIC,train,PS-200X.png,6482,200,5,7,7,0.5,3500.0,PS
resultados/01_extract_real_crops/data/real_crops/train/PS/PSLFT 200X_12061.png,MICROPLASTIC,train,PSLFT 200X.png,12061,200,60,45,60,0.5,30000.0,PS
resultados/01_extract_real_crops/data/real_crops/train/PS/PSL 200X_11093.png,MICROPLASTIC,train,PSL 200X.png,11093,200,19,14,19,0.5,9500.0,PS
resultados/01_extract_real_crops/data/real_crops/train/PS/PS 5000X_1769.png,NANOPLASTIC,train,PS 5000X.png,1769,5000,36,23,36,0.02,720.0,PS
resultados/01_extract_real_crops/data/real_crops/train/PS/PS-200X_6679.png,MICROPLASTIC,train,PS-200X.png,6679,200,6,10,10,0.5,5000.0,PS
resultados/01_extract_real_crops/data/real_crops/train/PS/PSL 200X_10943.png,MICROPLASTIC,train,PSL 200X.png,10943,200,19,11,19,0.5,9500.0,PS
resultados/01_extract_real_crops/data/real_crops/train/PS/PSLFT 200X_11812.png,MICROPLASTIC,train,PSLFT 200X.png,11812,200,61,35,61,0.5,30500.0,PS
resultados/01_extract_real_crops/data/real_crops/train/PS/PSL 200X_10986.png,MICROPLASTIC,train,PSL 200X.png,10986,200,14,13,14,0.5,7000.0,PS
resultados/01_extract_real_crops/data/real_crops/train/PS/PSLFT 200X_12367.png,MICROPLASTIC,train,PSLFT 200X.png,12367,200,11,14,14,0.5,7000.0,PS
resultados/01_extract_real_crops/data/real_crops/train/PS/PS 2000X_161.png,MICROPLASTIC,train,PS 2000X.png,161,2000,22,24,24,0.05,1200.0000000000002,PS
resultados/01_extract_real_crops/data/real_crops/train/PS/PS 500X_2938.png,MICROPLASTIC,train,PS 500X.png,2938,500,9,12,12,0.2,2400.0000000000005,PS
resultados/01_extract_real_crops/data/real_crops/train/PS/PSFT 200X_9957.png,MICROPLASTIC,train,PSFT 200X.png,9957,200,9,8,9,0.5,4500.0,PS
resultados/01_extract_real_crops/data/real_crops/train/PS/PSFT 200X_10117.png,MICROPLASTIC,train,PSFT 200X.png,10117,200,13,9,13,0.5,6500.0,PS
resultados/01_extract_real_crops/data/real_crops/train/PS/PSLFT 200X_12007.png,MICROPLASTIC,train,PSLFT 200X.png,12007,200,11,14,14,0.5,7000.0,PS
resultados/01_extract_real_crops/data/real_crops/train/PS/PSFT 200X_9205.png,MICROPLASTIC,train,PSFT 200X.png,9205,200,44,58,58,0.5,29000.0,PS
resultados/01_extract_real_crops/data/real_crops/train/PS/PS 500X2_3499.png,MICROPLASTIC,train,PS 500X2.png,3499,500,34,19,34,0.2,6800.000000000001,PS
resultados/01_extract_real_crops/data/real_crops/train/PS/PSFT 200X_9488.png,MICROPLASTIC,train,PSFT 200X.png,9488,200,18,19,19,0.5,9500.0,PS
resultados/01_extract_real_crops/data/real_crops/train/PS/PS2  5000X_8287.png,NANOPLASTIC,train,PS2  5000X.png,8287,5000,31,36,36,0.02,720.0,PS
resultados/01_extract_real_crops/data/real_crops/train/PS/PS2  2000X_7986.png,MICROPLASTIC,train,PS2  2000X.png,7986,2000,36,23,36,0.05,1800.0,PS
resultados/01_extract_real_crops/data/real_crops/train/PS/PSFT 200X_9626.png,MICROPLASTIC,train,PSFT 200X.png,9626,200,29,20,29,0.5,14500.0,PS
resultados/01_extract_real_crops/data/real_crops/train/PS/PSFT 200X_9466.png,MICROPLASTIC,train,PSFT 200X.png,9466,200,14,32,32,0.5,16000.0,PS
resultados/01_extract_real_crops/data/real_crops/train/PS/PSFT 200X_9861.png,MICROPLASTIC,train,PSFT 200X.png,9861,200,23,12,23,0.5,11500.0,PS
resultados/01_extract_real_crops/data/real_crops/train/PS/PS 500X_2175.png,MICROPLASTIC,train,PS 500X.png,2175,500,16,21,21,0.2,4200.0,PS
resultados/01_extract_real_crops/data/real_crops/train/PS/PS 500X2_3086.png,MICROPLASTIC,train,PS 500X2.png,3086,500,15,14,15,0.2,3000.0,PS
resultados/01_extract_real_crops/data/real_crops/train/PS/PSL 5000X_11271.png,MICROPLASTIC,train,PSL 5000X.png,11271,5000,96,69,96,0.02,1920.0,PS
resultados/01_extract_real_crops/data/real_crops/train/PS/PSFT 200X_9761.png,MICROPLASTIC,train,PSFT 200X.png,9761,200,9,8,9,0.5,4500.0,PS
resultados/01_extract_real_crops/data/real_crops/train/PS/PS-200x-4_7638.png,MICROPLASTIC,train,PS-200x-4.png,7638,200,12,8,12,0.5,6000.0,PS
resultados/01_extract_real_crops/data/real_crops/train/PS/PS-200X_6564.png,MICROPLASTIC,train,PS-200X.png,6564,200,9,8,9,0.5,4500.0,PS
resultados/01_extract_real_crops/data/real_crops/train/PS/PSL 5000X_11302.png,NANOPLASTIC,train,PSL 5000X.png,11302,5000,42,46,46,0.02,920.0,PS
resultados/01_extract_real_crops/data/real_crops/train/PS/PSFT 200X_9468.png,MICROPLASTIC,train,PSFT 200X.png,9468,200,7,8,8,0.5,4000.0,PS
resultados/01_extract_real_crops/data/real_crops/train/PS/PS 500X_2342.png,MICROPLASTIC,train,PS 500X.png,2342,500,15,8,15,0.2,3000.0,PS
resultados/01_extract_real_crops/data/real_crops/train/PS/PSL 200X_10935.png,MICROPLASTIC,train,PSL 200X.png,10935,200,11,8,11,0.5,5500.0,PS
resultados/01_extract_real_crops/data/real_crops/train/PS/PSFT 2000X_9126.png,MICROPLASTIC,train,PSFT 2000X.png,9126,2000,23,19,23,0.05,1150.0000000000002,PS
resultados/01_extract_real_crops/data/real_crops/train/PS/PS 500X2_3237.png,MICROPLASTIC,train,PS 500X2.png,3237,500,19,17,19,0.2,3800.0000000000005,PS
resultados/01_extract_real_crops/data/real_crops/train/PS/PSLFT 200X_12634.png,MICROPLASTIC,train,PSLFT 200X.png,12634,200,17,12,17,0.5,8500.0,PS
resultados/01_extract_real_crops/data/real_crops/train/PS/PS2  5000X_8079.png,MICROPLASTIC,train,PS2  5000X.png,8079,5000,57,50,57,0.02,1140.0000000000002,PS
resultados/01_extract_real_crops/data/real_crops/train/PS/PSL 200X_11051.png,MICROPLASTIC,train,PSL 200X.png,11051,200,16,13,16,0.5,8000.0,PS
resultados/01_extract_real_crops/data/real_crops/train/PS/PSFT 200X_9288.png,MICROPLASTIC,train,PSFT 200X.png,9288,200,36,46,46,0.5,23000.0,PS
resultados/01_extract_real_crops/data/real_crops/train/PS/PS 2000X_120.png,NANOPLASTIC,train,PS 2000X.png,120,2000,17,15,17,0.05,850.0000000000001,PS
resultados/01_extract_real_crops/data/real_crops/train/PS/PS2  2000X_7656.png,MICROPLASTIC,train,PS2  2000X.png,7656,2000,17,25,25,0.05,1250.0,PS
resultados/01_extract_real_crops/data/real_crops/train/PS/PSLFT 200X_12795.png,MICROPLASTIC,train,PSLFT 200X.png,12795,200,10,11,11,0.5,5500.0,PS
resultados/01_extract_real_crops/data/real_crops/train/PS/PS 500X2_3292.png,MICROPLASTIC,train,PS 500X2.png,3292,500,13,8,13,0.2,2600.0,PS
resultados/01_extract_real_crops/data/real_crops/train/PS/PS 500X2_3712.png,MICROPLASTIC,train,PS 500X2.png,3712,500,13,12,13,0.2,2600.0,PS
resultados/01_extract_real_crops/data/real_crops/train/PS/PS 500X2_3333.png,MICROPLASTIC,train,PS 500X2.png,3333,500,18,12,18,0.2,3600.0,PS
resultados/01_extract_real_crops/data/real_crops/train/PS/PS-200x-4_7437.png,MICROPLASTIC,train,PS-200x-4.png,7437,200,9,5,9,0.5,4500.0,PS
resultados/01_extract_real_crops/data/real_crops/train/PS/PS 500X_2829.png,MICROPLASTIC,train,PS 500X.png,2829,500,22,16,22,0.2,4400.0,PS
resultados/01_extract_real_crops/data/real_crops/train/PS/PSL 5000X_11145.png,MICROPLASTIC,train,PSL 5000X.png,11145,5000,135,103,135,0.02,2700.0,PS
resultados/01_extract_real_crops/data/real_crops/train/PS/PSL 200X_10429.png,MICROPLASTIC,train,PSL 200X.png,10429,200,66,80,80,0.5,40000.0,PS
resultados/01_extract_real_crops/data/real_crops/train/PS/PS2  5000X_8098.png,MICROPLASTIC,train,PS2  5000X.png,8098,5000,43,55,55,0.02,1100.0,PS
resultados/01_extract_real_crops/data/real_crops/train/PS/PSL 200X_10339.png,MICROPLASTIC,train,PSL 200X.png,10339,200,23,20,23,0.5,11500.0,PS
resultados/01_extract_real_crops/data/real_crops/train/PS/PS 5000X_1694.png,MICROPLASTIC,train,PS 5000X.png,1694,5000,52,68,68,0.02,1360.0,PS
resultados/01_extract_real_crops/data/real_crops/train/PS/PS-200x-4_7107.png,MICROPLASTIC,train,PS-200x-4.png,7107,200,11,5,11,0.5,5500.0,PS
resultados/01_extract_real_crops/data/real_crops/train/PS/PS 500X_2917.png,MICROPLASTIC,train,PS 500X.png,2917,500,16,17,17,0.2,3400.0000000000005,PS
resultados/01_extract_real_crops/data/real_crops/train/PS/PSFT 200X_9411.png,MICROPLASTIC,train,PSFT 200X.png,9411,200,24,14,24,0.5,12000.0,PS
resultados/01_extract_real_crops/data/real_crops/train/PS/PSL 5000X_11238.png,MICROPLASTIC,train,PSL 5000X.png,11238,5000,39,63,63,0.02,1260.0,PS
resultados/01_extract_real_crops/data/real_crops/train/PS/PSLFT 200X_12589.png,MICROPLASTIC,train,PSLFT 200X.png,12589,200,17,33,33,0.5,16500.0,PS
resultados/01_extract_real_crops/data/real_crops/train/PS/PSFT 2000X_9150.png,MICROPLASTIC,train,PSFT 2000X.png,9150,2000,129,113,129,0.05,6450.0,PS
resultados/01_extract_real_crops/data/real_crops/train/PS/PS 500X 2_1923.png,MICROPLASTIC,train,PS 500X 2.png,1923,500,7,8,8,0.2,1600.0,PS
resultados/01_extract_real_crops/data/real_crops/train/PS/PSL 200X_10514.png,MICROPLASTIC,train,PSL 200X.png,10514,200,30,24,30,0.5,15000.0,PS
resultados/01_extract_real_crops/data/real_crops/train/PS/PSL 200X_10665.png,MICROPLASTIC,train,PSL 200X.png,10665,200,24,92,92,0.5,46000.0,PS
resultados/01_extract_real_crops/data/real_crops/train/PS/PS 500X2_3789.png,MICROPLASTIC,train,PS 500X2.png,3789,500,20,16,20,0.2,4000.0,PS
resultados/01_extract_real_crops/data/real_crops/train/PS/PSL 200X_10549.png,MICROPLASTIC,train,PSL 200X.png,10549,200,20,29,29,0.5,14500.0,PS
resultados/01_extract_real_crops/data/real_crops/train/PS/PSLFT 200X_12529.png,MICROPLASTIC,train,PSLFT 200X.png,12529,200,20,17,20,0.5,10000.0,PS
resultados/01_extract_real_crops/data/real_crops/train/PS/PSLFT 200X_12523.png,MICROPLASTIC,train,PSLFT 200X.png,12523,200,15,13,15,0.5,7500.0,PS
resultados/01_extract_real_crops/data/real_crops/train/PS/PS-200x-4_7493.png,MICROPLASTIC,train,PS-200x-4.png,7493,200,5,8,8,0.5,4000.0,PS
resultados/01_extract_real_crops/data/real_crops/train/PS/PSL 200X_11023.png,MICROPLASTIC,train,PSL 200X.png,11023,200,19,18,19,0.5,9500.0,PS
resultados/01_extract_real_crops/data/real_crops/train/PS/PS 500X2_3059.png,MICROPLASTIC,train,PS 500X2.png,3059,500,16,9,16,0.2,3200.0,PS
resultados/01_extract_real_crops/data/real_crops/train/PS/PSLFT 200X_12067.png,MICROPLASTIC,train,PSLFT 200X.png,12067,200,61,62,62,0.5,31000.0,PS
resultados/01_extract_real_crops/data/real_crops/train/PS/PSLFT 200X_12815.png,MICROPLASTIC,train,PSLFT 200X.png,12815,200,9,5,9,0.5,4500.0,PS
resultados/01_extract_real_crops/data/real_crops/train/PS/PSFT 2000X_9125.png,MICROPLASTIC,train,PSFT 2000X.png,9125,2000,54,21,54,0.05,2700.0,PS
resultados/01_extract_real_crops/data/real_crops/train/PS/PS-200X_5012.png,MICROPLASTIC,train,PS-200X.png,5012,200,7,4,7,0.5,3500.0,PS
resultados/01_extract_real_crops/data/real_crops/train/PS/PS2  2000X_7858.png,MICROPLASTIC,train,PS2  2000X.png,7858,2000,41,12,41,0.05,2050.0000000000005,PS
resultados/01_extract_real_crops/data/real_crops/train/PS/PS2  2000X_7897.png,MICROPLASTIC,train,PS2  2000X.png,7897,2000,19,31,31,0.05,1550.0,PS
resultados/01_extract_real_crops/data/real_crops/train/PS/PS 500X2_3417.png,MICROPLASTIC,train,PS 500X2.png,3417,500,30,19,30,0.2,6000.0,PS
resultados/01_extract_real_crops/data/real_crops/train/PS/PS-200X_5197.png,MICROPLASTIC,train,PS-200X.png,5197,200,8,5,8,0.5,4000.0,PS
resultados/01_extract_real_crops/data/real_crops/train/PS/PSL 200X_11010.png,MICROPLASTIC,train,PSL 200X.png,11010,200,15,30,30,0.5,15000.0,PS
resultados/01_extract_real_crops/data/real_crops/train/PS/PSLFT 200X_12429.png,MICROPLASTIC,train,PSLFT 200X.png,12429,200,31,30,31,0.5,15500.0,PS
resultados/01_extract_real_crops/data/real_crops/train/PS/PS 500X_2325.png,MICROPLASTIC,train,PS 500X.png,2325,500,15,10,15,0.2,3000.0,PS
resultados/01_extract_real_crops/data/real_crops/train/PS/PS-200x-4_7541.png,MICROPLASTIC,train,PS-200x-4.png,7541,200,5,5,5,0.5,2500.0,PS
resultados/01_extract_real_crops/data/real_crops/train/PS/PSFT 200X_9226.png,MICROPLASTIC,train,PSFT 200X.png,9226,200,21,22,22,0.5,11000.0,PS
resultados/01_extract_real_crops/data/real_crops/train/PS/PS 500X2_3309.png,MICROPLASTIC,train,PS 500X2.png,3309,500,30,28,30,0.2,6000.0,PS
resultados/01_extract_real_crops/data/real_crops/train/PS/PS2  2000X_7837.png,MICROPLASTIC,train,PS2  2000X.png,7837,2000,28,22,28,0.05,1400.0000000000002,PS
resultados/01_extract_real_crops/data/real_crops/train/PS/PSL 200X_10752.png,MICROPLASTIC,train,PSL 200X.png,10752,200,10,19,19,0.5,9500.0,PS
resultados/01_extract_real_crops/data/real_crops/train/PS/PS 500X 2_1941.png,MICROPLASTIC,train,PS 500X 2.png,1941,500,9,8,9,0.2,1800.0,PS
resultados/01_extract_real_crops/data/real_crops/train/PS/PS-200X_5524.png,MICROPLASTIC,train,PS-200X.png,5524,200,6,3,6,0.5,3000.0,PS
resultados/01_extract_real_crops/data/real_crops/train/PS/PS-200X_6200.png,MICROPLASTIC,train,PS-200X.png,6200,200,6,4,6,0.5,3000.0,PS
resultados/01_extract_real_crops/data/real_crops/train/PS/PS 500X2_3596.png,MICROPLASTIC,train,PS 500X2.png,3596,500,8,12,12,0.2,2400.0000000000005,PS
resultados/01_extract_real_crops/data/real_crops/train/PS/PSFT 200X_10100.png,MICROPLASTIC,train,PSFT 200X.png,10100,200,12,10,12,0.5,6000.0,PS
resultados/01_extract_real_crops/data/real_crops/train/PS/PS 500X_2683.png,MICROPLASTIC,train,PS 500X.png,2683,500,19,19,19,0.2,3800.0000000000005,PS
resultados/01_extract_real_crops/data/real_crops/train/PS/PS2  2000X_7953.png,NANOPLASTIC,train,PS2  2000X.png,7953,2000,18,11,18,0.05,900.0,PS
resultados/01_extract_real_crops/data/real_crops/train/PS/PS-200X_5687.png,MICROPLASTIC,train,PS-200X.png,5687,200,7,5,7,0.5,3500.0,PS
resultados/01_extract_real_crops/data/real_crops/train/PS/PS-200x-4_7072.png,MICROPLASTIC,train,PS-200x-4.png,7072,200,8,6,8,0.5,4000.0,PS
resultados/01_extract_real_crops/data/real_crops/train/PS/PSFT 2000X_9161.png,MICROPLASTIC,train,PSFT 2000X.png,9161,2000,33,86,86,0.05,4300.0,PS
resultados/01_extract_real_crops/data/real_crops/train/PS/PS 500X2_3258.png,MICROPLASTIC,train,PS 500X2.png,3258,500,16,11,16,0.2,3200.0,PS
resultados/01_extract_real_crops/data/real_crops/train/PS/PS2  2000X_8062.png,NANOPLASTIC,train,PS2  2000X.png,8062,2000,17,14,17,0.05,850.0000000000001,PS
resultados/01_extract_real_crops/data/real_crops/train/PS/PSL 200X_11122.png,MICROPLASTIC,train,PSL 200X.png,11122,200,15,23,23,0.5,11500.0,PS
resultados/01_extract_real_crops/data/real_crops/train/PS/PS 500X2_3533.png,MICROPLASTIC,train,PS 500X2.png,3533,500,51,52,52,0.2,10400.0,PS
resultados/01_extract_real_crops/data/real_crops/train/PS/PSL 5000X_11180.png,MICROPLASTIC,train,PSL 5000X.png,11180,5000,63,45,63,0.02,1260.0,PS
resultados/01_extract_real_crops/data/real_crops/train/PS/PS 500X_2402.png,MICROPLASTIC,train,PS 500X.png,2402,500,23,29,29,0.2,5800.000000000001,PS
resultados/01_extract_real_crops/data/real_crops/train/PS/PSL 5000X_11259.png,NANOPLASTIC,train,PSL 5000X.png,11259,5000,40,31,40,0.02,800.0,PS
resultados/01_extract_real_crops/data/real_crops/train/PS/PS 500X 2_2006.png,MICROPLASTIC,train,PS 500X 2.png,2006,500,9,7,9,0.2,1800.0,PS
resultados/01_extract_real_crops/data/real_crops/train/PS/PS 2000X_78.png,NANOPLASTIC,train,PS 2000X.png,78,2000,16,19,19,0.05,950.0000000000001,PS
resultados/01_extract_real_crops/data/real_crops/train/PS/PS-200X_6668.png,MICROPLASTIC,train,PS-200X.png,6668,200,16,14,16,0.5,8000.0,PS
resultados/01_extract_real_crops/data/real_crops/train/PS/PSLFT 200X_12108.png,MICROPLASTIC,train,PSLFT 200X.png,12108,200,42,44,44,0.5,22000.0,PS
resultados/01_extract_real_crops/data/real_crops/train/PS/PS-200X_6173.png,MICROPLASTIC,train,PS-200X.png,6173,200,5,6,6,0.5,3000.0,PS
resultados/01_extract_real_crops/data/real_crops/train/PS/PS-200X_5939.png,MICROPLASTIC,train,PS-200X.png,5939,200,4,5,5,0.5,2500.0,PS
resultados/01_extract_real_crops/data/real_crops/train/PS/PSFT 200X_9219.png,MICROPLASTIC,train,PSFT 200X.png,9219,200,35,53,53,0.5,26500.0,PS
resultados/01_extract_real_crops/data/real_crops/train/PS/PSLFT 200X_12383.png,MICROPLASTIC,train,PSLFT 200X.png,12383,200,18,21,21,0.5,10500.0,PS
resultados/01_extract_real_crops/data/real_crops/train/PS/PS2-200x-1_8703.png,MICROPLASTIC,train,PS2-200x-1.png,8703,200,5,5,5,0.5,2500.0,PS
resultados/01_extract_real_crops/data/real_crops/train/PS/PS 500X_2364.png,MICROPLASTIC,train,PS 500X.png,2364,500,13,13,13,0.2,2600.0,PS
resultados/01_extract_real_crops/data/real_crops/train/PS/PSL 200X_11100.png,MICROPLASTIC,train,PSL 200X.png,11100,200,15,16,16,0.5,8000.0,PS
resultados/01_extract_real_crops/data/real_crops/train/PS/PS-200x-4_7618.png,MICROPLASTIC,train,PS-200x-4.png,7618,200,10,17,17,0.5,8500.0,PS
resultados/01_extract_real_crops/data/real_crops/train/PS/PS 500X_2259.png,MICROPLASTIC,train,PS 500X.png,2259,500,18,16,18,0.2,3600.0,PS
resultados/01_extract_real_crops/data/real_crops/train/PS/PS 500X 2_1908.png,MICROPLASTIC,train,PS 500X 2.png,1908,500,13,6,13,0.2,2600.0,PS
resultados/01_extract_real_crops/data/real_crops/train/PS/PS2  2000X_7702.png,MICROPLASTIC,train,PS2  2000X.png,7702,2000,57,37,57,0.05,2850.0,PS
resultados/01_extract_real_crops/data/real_crops/train/PS/PSL 200X_10860.png,MICROPLASTIC,train,PSL 200X.png,10860,200,12,11,12,0.5,6000.0,PS
resultados/01_extract_real_crops/data/real_crops/train/PS/PS-200x-4_7396.png,MICROPLASTIC,train,PS-200x-4.png,7396,200,12,10,12,0.5,6000.0,PS
resultados/01_extract_real_crops/data/real_crops/train/PS/PS 2000X_447.png,NANOPLASTIC,train,PS 2000X.png,447,2000,17,14,17,0.05,850.0000000000001,PS
resultados/01_extract_real_crops/data/real_crops/val/PS/PSLFT 2000X_11502.png,MICROPLASTIC,val,PSLFT 2000X.png,11502,2000,53,37,53,0.05,2650.0000000000005,PS
resultados/01_extract_real_crops/data/real_crops/val/PS/PSLFT 2000X_11642.png,NANOPLASTIC,val,PSLFT 2000X.png,11642,2000,18,14,18,0.05,900.0,PS
resultados/01_extract_real_crops/data/real_crops/val/PS/PSLFT 2000X_11634.png,NANOPLASTIC,val,PSLFT 2000X.png,11634,2000,19,9,19,0.05,950.0000000000001,PS
resultados/01_extract_real_crops/data/real_crops/val/PS/PS2-2000x-3_8346.png,MICROPLASTIC,val,PS2-2000x-3.png,8346,2000,23,15,23,0.05,1150.0000000000002,PS
resultados/01_extract_real_crops/data/real_crops/val/PS/PS-200x-3_7022.png,MICROPLASTIC,val,PS-200x-3.png,7022,200,10,5,10,0.5,5000.0,PS
resultados/01_extract_real_crops/data/real_crops/val/PS/PSLFT 2000X_11456.png,MICROPLASTIC,val,PSLFT 2000X.png,11456,2000,28,14,28,0.05,1400.0000000000002,PS
resultados/01_extract_real_crops/data/real_crops/val/PS/PSLFT 2000X_11688.png,NANOPLASTIC,val,PSLFT 2000X.png,11688,2000,12,9,12,0.05,600.0000000000001,PS
resultados/01_extract_real_crops/data/real_crops/val/PS/PSLFT 2000X_11438.png,MICROPLASTIC,val,PSLFT 2000X.png,11438,2000,43,35,43,0.05,2150.0,PS
resultados/01_extract_real_crops/data/real_crops/val/PS/PS2-2000x-3_8370.png,MICROPLASTIC,val,PS2-2000x-3.png,8370,2000,20,19,20,0.05,1000.0,PS
resultados/01_extract_real_crops/data/real_crops/val/PS/PSLFT 2000X_11590.png,MICROPLASTIC,val,PSLFT 2000X.png,11590,2000,25,25,25,0.05,1250.0,PS
resultados/01_extract_real_crops/data/real_crops/val/PS/PSLFT 2000X_11444.png,MICROPLASTIC,val,PSLFT 2000X.png,11444,2000,41,34,41,0.05,2050.0000000000005,PS
resultados/01_extract_real_crops/data/real_crops/val/PS/PSLFT 2000X_11646.png,NANOPLASTIC,val,PSLFT 2000X.png,11646,2000,12,17,17,0.05,850.0000000000001,PS
resultados/01_extract_real_crops/data/real_crops/val/PS/PSLFT 2000X_11424.png,MICROPLASTIC,val,PSLFT 2000X.png,11424,2000,39,21,39,0.05,1950.0000000000002,PS
resultados/01_extract_real_crops/data/real_crops/val/PS/PSLFT 2000X_11610.png,MICROPLASTIC,val,PSLFT 2000X.png,11610,2000,28,14,28,0.05,1400.0000000000002,PS
resultados/01_extract_real_crops/data/real_crops/val/PS/PSLFT 2000X_11524.png,MICROPLASTIC,val,PSLFT 2000X.png,11524,2000,61,21,61,0.05,3050.0000000000005,PS
resultados/01_extract_real_crops/data/real_crops/val/PS/PSLFT 2000X_11662.png,MICROPLASTIC,val,PSLFT 2000X.png,11662,2000,25,15,25,0.05,1250.0,PS
resultados/01_extract_real_crops/data/real_crops/val/PS/PS2-2000x-3_8329.png,NANOPLASTIC,val,PS2-2000x-3.png,8329,2000,14,12,14,0.05,700.0000000000001,PS
resultados/01_extract_real_crops/data/real_crops/val/PS/PS-200x-3_6969.png,MICROPLASTIC,val,PS-200x-3.png,6969,200,61,53,61,0.5,30500.0,PS
resultados/01_extract_real_crops/data/real_crops/val/PS/PS-200x-3_7016.png,MICROPLASTIC,val,PS-200x-3.png,7016,200,6,5,6,0.5,3000.0,PS
resultados/01_extract_real_crops/data/real_crops/val/PS/PS2-2000x-3_8362.png,MICROPLASTIC,val,PS2-2000x-3.png,8362,2000,10,21,21,0.05,1050.0,PS
resultados/01_extract_real_crops/data/real_crops/val/PS/PSLFT 2000X_11577.png,NANOPLASTIC,val,PSLFT 2000X.png,11577,2000,16,11,16,0.05,800.0,PS
resultados/01_extract_real_crops/data/real_crops/val/PS/PS2-2000x-3_8390.png,NANOPLASTIC,val,PS2-2000x-3.png,8390,2000,18,12,18,0.05,900.0,PS
resultados/01_extract_real_crops/data/real_crops/val/PS/PSLFT 2000X_11740.png,MICROPLASTIC,val,PSLFT 2000X.png,11740,2000,161,151,161,0.05,8050.000000000001,PS
resultados/01_extract_real_crops/data/real_crops/val/PS/PSLFT 2000X_11693.png,NANOPLASTIC,val,PSLFT 2000X.png,11693,2000,16,18,18,0.05,900.0,PS
resultados/01_extract_real_crops/data/real_crops/val/PS/PS2-2000x-3_8371.png,MICROPLASTIC,val,PS2-2000x-3.png,8371,2000,13,24,24,0.05,1200.0000000000002,PS
resultados/01_extract_real_crops/data/real_crops/val/PS/PSLFT 2000X_11464.png,NANOPLASTIC,val,PSLFT 2000X.png,11464,2000,18,19,19,0.05,950.0000000000001,PS
resultados/01_extract_real_crops/data/real_crops/val/PS/PS-200x-3_6989.png,MICROPLASTIC,val,PS-200x-3.png,6989,200,12,18,18,0.5,9000.0,PS
resultados/01_extract_real_crops/data/real_crops/val/PS/PSLFT 2000X_11746.png,MICROPLASTIC,val,PSLFT 2000X.png,11746,2000,66,53,66,0.05,3300.0000000000005,PS
resultados/01_extract_real_crops/data/real_crops/val/PS/PSLFT 2000X_11545.png,MICROPLASTIC,val,PSLFT 2000X.png,11545,2000,60,39,60,0.05,3000.0,PS
resultados/01_extract_real_crops/data/real_crops/val/PS/PS-200x-3_7004.png,MICROPLASTIC,val,PS-200x-3.png,7004,200,9,10,10,0.5,5000.0,PS
resultados/01_extract_real_crops/data/real_crops/val/PS/PS2-2000x-3_8312.png,NANOPLASTIC,val,PS2-2000x-3.png,8312,2000,9,8,9,0.05,450.0,PS
resultados/01_extract_real_crops/data/real_crops/val/PS/PSLFT 2000X_11463.png,MICROPLASTIC,val,PSLFT 2000X.png,11463,2000,37,18,37,0.05,1850.0,PS
resultados/01_extract_real_crops/data/real_crops/val/PS/PS-200x-3_6978.png,MICROPLASTIC,val,PS-200x-3.png,6978,200,6,9,9,0.5,4500.0,PS
resultados/01_extract_real_crops/data/real_crops/val/PS/PSLFT 2000X_11535.png,MICROPLASTIC,val,PSLFT 2000X.png,11535,2000,42,22,42,0.05,2100.0,PS
resultados/01_extract_real_crops/data/real_crops/val/PS/PSLFT 2000X_11418.png,MICROPLASTIC,val,PSLFT 2000X.png,11418,2000,39,23,39,0.05,1950.0000000000002,PS
resultados/01_extract_real_crops/data/real_crops/val/PS/PS2-2000x-3_8401.png,NANOPLASTIC,val,PS2-2000x-3.png,8401,2000,10,9,10,0.05,500.0,PS
resultados/01_extract_real_crops/data/real_crops/val/PS/PSLFT 2000X_11707.png,NANOPLASTIC,val,PSLFT 2000X.png,11707,2000,11,17,17,0.05,850.0000000000001,PS
resultados/01_extract_real_crops/data/real_crops/val/PS/PSLFT 2000X_11628.png,NANOPLASTIC,val,PSLFT 2000X.png,11628,2000,16,14,16,0.05,800.0,PS
resultados/01_extract_real_crops/data/real_crops/val/PS/PSLFT 2000X_11404.png,MICROPLASTIC,val,PSLFT 2000X.png,11404,2000,110,51,110,0.05,5500.0,PS
resultados/01_extract_real_crops/data/real_crops/val/PS/PSLFT 2000X_11660.png,MICROPLASTIC,val,PSLFT 2000X.png,11660,2000,34,20,34,0.05,1700.0000000000002,PS
resultados/01_extract_real_crops/data/real_crops/val/PS/PSLFT 2000X_11475.png,MICROPLASTIC,val,PSLFT 2000X.png,11475,2000,68,34,68,0.05,3400.0000000000005,PS
resultados/01_extract_real_crops/data/real_crops/val/PS/PS2-2000x-3_8313.png,NANOPLASTIC,val,PS2-2000x-3.png,8313,2000,10,10,10,0.05,500.0,PS
resultados/01_extract_real_crops/data/real_crops/val/PS/PS-200x-3_7011.png,MICROPLASTIC,val,PS-200x-3.png,7011,200,7,9,9,0.5,4500.0,PS
resultados/01_extract_real_crops/data/real_crops/val/PS/PSLFT 2000X_11537.png,MICROPLASTIC,val,PSLFT 2000X.png,11537,2000,42,54,54,0.05,2700.0,PS
resultados/01_extract_real_crops/data/real_crops/val/PS/PSLFT 2000X_11679.png,MICROPLASTIC,val,PSLFT 2000X.png,11679,2000,18,22,22,0.05,1100.0,PS
resultados/01_extract_real_crops/data/real_crops/val/PS/PS2-2000x-3_8376.png,MICROPLASTIC,val,PS2-2000x-3.png,8376,2000,28,20,28,0.05,1400.0000000000002,PS
resultados/01_extract_real_crops/data/real_crops/val/PS/PS-200x-3_7001.png,MICROPLASTIC,val,PS-200x-3.png,7001,200,11,9,11,0.5,5500.0,PS
resultados/01_extract_real_crops/data/real_crops/val/PS/PS-200x-3_6931.png,MICROPLASTIC,val,PS-200x-3.png,6931,200,48,54,54,0.5,27000.0,PS
resultados/01_extract_real_crops/data/real_crops/val/PS/PSLFT 2000X_11565.png,MICROPLASTIC,val,PSLFT 2000X.png,11565,2000,24,18,24,0.05,1200.0000000000002,PS
resultados/01_extract_real_crops/data/real_crops/val/PS/PS-200x-3_6935.png,MICROPLASTIC,val,PS-200x-3.png,6935,200,271,82,271,0.5,135500.0,PS
resultados/01_extract_real_crops/data/real_crops/val/PS/PSLFT 2000X_11496.png,MICROPLASTIC,val,PSLFT 2000X.png,11496,2000,26,34,34,0.05,1700.0000000000002,PS
resultados/01_extract_real_crops/data/real_crops/val/PS/PSLFT 2000X_11525.png,MICROPLASTIC,val,PSLFT 2000X.png,11525,2000,38,33,38,0.05,1900.0000000000002,PS
resultados/01_extract_real_crops/data/real_crops/val/PS/PSLFT 2000X_11636.png,MICROPLASTIC,val,PSLFT 2000X.png,11636,2000,28,26,28,0.05,1400.0000000000002,PS
resultados/01_extract_real_crops/data/real_crops/val/PS/PS2-2000x-3_8336.png,NANOPLASTIC,val,PS2-2000x-3.png,8336,2000,12,10,12,0.05,600.0000000000001,PS
resultados/01_extract_real_crops/data/real_crops/val/PS/PSLFT 2000X_11449.png,MICROPLASTIC,val,PSLFT 2000X.png,11449,2000,35,54,54,0.05,2700.0,PS
resultados/01_extract_real_crops/data/real_crops/val/PS/PSLFT 2000X_11468.png,NANOPLASTIC,val,PSLFT 2000X.png,11468,2000,19,14,19,0.05,950.0000000000001,PS
resultados/01_extract_real_crops/data/real_crops/val/PS/PSLFT 2000X_11663.png,MICROPLASTIC,val,PSLFT 2000X.png,11663,2000,29,31,31,0.05,1550.0,PS
resultados/01_extract_real_crops/data/real_crops/val/PS/PS-200x-3_6970.png,MICROPLASTIC,val,PS-200x-3.png,6970,200,22,13,22,0.5,11000.0,PS
resultados/01_extract_real_crops/data/real_crops/val/PS/PSLFT 2000X_11495.png,MICROPLASTIC,val,PSLFT 2000X.png,11495,2000,25,23,25,0.05,1250.0,PS
resultados/01_extract_real_crops/data/real_crops/val/PS/PSLFT 2000X_11474.png,MICROPLASTIC,val,PSLFT 2000X.png,11474,2000,80,94,94,0.05,4700.0,PS
resultados/01_extract_real_crops/data/real_crops/test/PS/PS-100x_4041.png,MICROPLASTIC,test,PS-100x.png,4041,100,13,6,13,1.0,13000.0,PS
resultados/01_extract_real_crops/data/real_crops/test/PS/PS-100x_4024.png,MICROPLASTIC,test,PS-100x.png,4024,100,5,4,5,1.0,5000.0,PS
resultados/01_extract_real_crops/data/real_crops/test/PS/PS2-200x2_8733.png,MICROPLASTIC,test,PS2-200x2.png,8733,200,8,7,8,0.5,4000.0,PS
resultados/01_extract_real_crops/data/real_crops/test/PS/PS-100x_4311.png,MICROPLASTIC,test,PS-100x.png,4311,100,36,21,36,1.0,36000.0,PS
resultados/01_extract_real_crops/data/real_crops/test/PS/PS2-200x2_8784.png,MICROPLASTIC,test,PS2-200x2.png,8784,200,12,6,12,0.5,6000.0,PS
resultados/01_extract_real_crops/data/real_crops/test/PS/PS-100x_3922.png,MICROPLASTIC,test,PS-100x.png,3922,100,6,6,6,1.0,6000.0,PS
resultados/01_extract_real_crops/data/real_crops/test/PS/PS-100x_4765.png,MICROPLASTIC,test,PS-100x.png,4765,100,11,11,11,1.0,11000.0,PS
resultados/01_extract_real_crops/data/real_crops/test/PS/PS-100x_4814.png,MICROPLASTIC,test,PS-100x.png,4814,100,6,7,7,1.0,7000.0,PS
resultados/01_extract_real_crops/data/real_crops/test/PS/PS-100x_4211.png,MICROPLASTIC,test,PS-100x.png,4211,100,9,7,9,1.0,9000.0,PS
resultados/01_extract_real_crops/data/real_crops/test/PS/PS-100x_4291.png,MICROPLASTIC,test,PS-100x.png,4291,100,10,13,13,1.0,13000.0,PS
resultados/01_extract_real_crops/data/real_crops/test/PS/PS-100x_4613.png,MICROPLASTIC,test,PS-100x.png,4613,100,9,9,9,1.0,9000.0,PS
resultados/01_extract_real_crops/data/real_crops/test/PS/PSL 10000X_10187.png,NANOPLASTIC,test,PSL 10000X.png,10187,10000,44,45,45,0.01,450.0,PS
resultados/01_extract_real_crops/data/real_crops/test/PS/PS-100x_4711.png,MICROPLASTIC,test,PS-100x.png,4711,100,6,7,7,1.0,7000.0,PS
resultados/01_extract_real_crops/data/real_crops/test/PS/PS-100x_4450.png,MICROPLASTIC,test,PS-100x.png,4450,100,7,8,8,1.0,8000.0,PS
resultados/01_extract_real_crops/data/real_crops/test/PS/PS-100x_4264.png,MICROPLASTIC,test,PS-100x.png,4264,100,4,5,5,1.0,5000.0,PS
resultados/01_extract_real_crops/data/real_crops/test/PS/PS-100x_4609.png,MICROPLASTIC,test,PS-100x.png,4609,100,12,12,12,1.0,12000.0,PS
resultados/01_extract_real_crops/data/real_crops/test/PS/PS-200x-2_6817.png,MICROPLASTIC,test,PS-200x-2.png,6817,200,9,11,11,0.5,5500.0,PS
resultados/01_extract_real_crops/data/real_crops/test/PS/PSL 10000X_10241.png,NANOPLASTIC,test,PSL 10000X.png,10241,10000,23,66,66,0.01,660.0,PS
resultados/01_extract_real_crops/data/real_crops/test/PS/PS-100x_4292.png,MICROPLASTIC,test,PS-100x.png,4292,100,8,7,8,1.0,8000.0,PS
resultados/01_extract_real_crops/data/real_crops/test/PS/PS2-200x2_8736.png,MICROPLASTIC,test,PS2-200x2.png,8736,200,6,5,6,0.5,3000.0,PS
resultados/01_extract_real_crops/data/real_crops/test/PS/PSL 10000X_10226.png,NANOPLASTIC,test,PSL 10000X.png,10226,10000,92,49,92,0.01,920.0,PS
resultados/01_extract_real_crops/data/real_crops/test/PS/PSL 10000X_10208.png,NANOPLASTIC,test,PSL 10000X.png,10208,10000,78,88,88,0.01,880.0,PS
resultados/01_extract_real_crops/data/real_crops/test/PS/PS-100x_4532.png,MICROPLASTIC,test,PS-100x.png,4532,100,9,10,10,1.0,10000.0,PS
resultados/01_extract_real_crops/data/real_crops/test/PS/PS-100x_4244.png,MICROPLASTIC,test,PS-100x.png,4244,100,14,11,14,1.0,14000.0,PS
resultados/01_extract_real_crops/data/real_crops/test/PS/PS-100x_4123.png,MICROPLASTIC,test,PS-100x.png,4123,100,10,6,10,1.0,10000.0,PS
resultados/01_extract_real_crops/data/real_crops/test/PS/PS-100x_4389.png,MICROPLASTIC,test,PS-100x.png,4389,100,17,27,27,1.0,27000.0,PS
resultados/01_extract_real_crops/data/real_crops/test/PS/PS-100x_4420.png,MICROPLASTIC,test,PS-100x.png,4420,100,16,9,16,1.0,16000.0,PS
resultados/01_extract_real_crops/data/real_crops/test/PS/PS-100x_4083.png,MICROPLASTIC,test,PS-100x.png,4083,100,4,7,7,1.0,7000.0,PS
resultados/01_extract_real_crops/data/real_crops/test/PS/PS-100x_3932.png,MICROPLASTIC,test,PS-100x.png,3932,100,8,5,8,1.0,8000.0,PS
resultados/01_extract_real_crops/data/real_crops/test/PS/PS-100x_4540.png,MICROPLASTIC,test,PS-100x.png,4540,100,56,53,56,1.0,56000.0,PS
resultados/01_extract_real_crops/data/real_crops/test/PS/PS-200x-2_6853.png,MICROPLASTIC,test,PS-200x-2.png,6853,200,9,18,18,0.5,9000.0,PS
resultados/01_extract_real_crops/data/real_crops/test/PS/PS2-200x2_8820.png,MICROPLASTIC,test,PS2-200x2.png,8820,200,4,7,7,0.5,3500.0,PS
resultados/01_extract_real_crops/data/real_crops/test/PS/PS-100x_4671.png,MICROPLASTIC,test,PS-100x.png,4671,100,8,14,14,1.0,14000.0,PS
resultados/01_extract_real_crops/data/real_crops/test/PS/PS-100x_4375.png,MICROPLASTIC,test,PS-100x.png,4375,100,6,7,7,1.0,7000.0,PS
resultados/01_extract_real_crops/data/real_crops/test/PS/PS-100x_4640.png,MICROPLASTIC,test,PS-100x.png,4640,100,5,5,5,1.0,5000.0,PS
resultados/01_extract_real_crops/data/real_crops/test/PS/PS2-200x2_8806.png,MICROPLASTIC,test,PS2-200x2.png,8806,200,10,10,10,0.5,5000.0,PS
resultados/01_extract_real_crops/data/real_crops/test/PS/PSL 10000X_10297.png,NANOPLASTIC,test,PSL 10000X.png,10297,10000,53,39,53,0.01,530.0,PS
resultados/01_extract_real_crops/data/real_crops/test/PS/PS-200x-2_6849.png,MICROPLASTIC,test,PS-200x-2.png,6849,200,6,7,7,0.5,3500.0,PS
resultados/01_extract_real_crops/data/real_crops/test/PS/PS2-200x2_8741.png,MICROPLASTIC,test,PS2-200x2.png,8741,200,21,32,32,0.5,16000.0,PS
resultados/01_extract_real_crops/data/real_crops/test/PS/PSL 10000X_10264.png,NANOPLASTIC,test,PSL 10000X.png,10264,10000,51,36,51,0.01,510.0,PS
resultados/01_extract_real_crops/data/real_crops/test/PS/PS-200x-2_6889.png,MICROPLASTIC,test,PS-200x-2.png,6889,200,10,5,10,0.5,5000.0,PS
resultados/01_extract_real_crops/data/real_crops/test/PS/PS-100x_4074.png,MICROPLASTIC,test,PS-100x.png,4074,100,9,8,9,1.0,9000.0,PS
resultados/01_extract_real_crops/data/real_crops/test/PS/PS2-200x2_8847.png,MICROPLASTIC,test,PS2-200x2.png,8847,200,9,9,9,0.5,4500.0,PS
resultados/01_extract_real_crops/data/real_crops/test/PS/PS2-200x2_8844.png,MICROPLASTIC,test,PS2-200x2.png,8844,200,10,13,13,0.5,6500.0,PS
resultados/01_extract_real_crops/data/real_crops/test/PS/PS-100x_4719.png,MICROPLASTIC,test,PS-100x.png,4719,100,7,5,7,1.0,7000.0,PS
resultados/01_extract_real_crops/data/real_crops/test/PS/PS-100x_4566.png,MICROPLASTIC,test,PS-100x.png,4566,100,15,19,19,1.0,19000.0,PS
resultados/01_extract_real_crops/data/real_crops/test/PS/PS-100x_4812.png,MICROPLASTIC,test,PS-100x.png,4812,100,9,5,9,1.0,9000.0,PS
resultados/01_extract_real_crops/data/real_crops/test/PS/PS2-200x2_8789.png,MICROPLASTIC,test,PS2-200x2.png,8789,200,6,4,6,0.5,3000.0,PS
resultados/01_extract_real_crops/data/real_crops/test/PS/PS2-200x2_8862.png,MICROPLASTIC,test,PS2-200x2.png,8862,200,13,12,13,0.5,6500.0,PS
resultados/01_extract_real_crops/data/real_crops/test/PS/PS-100x_4001.png,MICROPLASTIC,test,PS-100x.png,4001,100,7,6,7,1.0,7000.0,PS
resultados/01_extract_real_crops/data/real_crops/test/PS/PS-200x-2_6810.png,MICROPLASTIC,test,PS-200x-2.png,6810,200,10,14,14,0.5,7000.0,PS
resultados/01_extract_real_crops/data/real_crops/test/PS/PS-100x_3969.png,MICROPLASTIC,test,PS-100x.png,3969,100,6,4,6,1.0,6000.0,PS
resultados/01_extract_real_crops/data/real_crops/test/PS/PS-100x_4734.png,MICROPLASTIC,test,PS-100x.png,4734,100,3,7,7,1.0,7000.0,PS
resultados/01_extract_real_crops/data/real_crops/test/PS/PSL 10000X_10221.png,NANOPLASTIC,test,PSL 10000X.png,10221,10000,25,25,25,0.01,250.0,PS
resultados/01_extract_real_crops/data/real_crops/test/PS/PS-100x_4017.png,MICROPLASTIC,test,PS-100x.png,4017,100,8,12,12,1.0,12000.0,PS
resultados/01_extract_real_crops/data/real_crops/test/PS/PS2-200x2_8854.png,MICROPLASTIC,test,PS2-200x2.png,8854,200,7,7,7,0.5,3500.0,PS
resultados/01_extract_real_crops/data/real_crops/test/PS/PS-100x_4219.png,MICROPLASTIC,test,PS-100x.png,4219,100,37,30,37,1.0,37000.0,PS
resultados/01_extract_real_crops/data/real_crops/test/PS/PS-100x_4045.png,MICROPLASTIC,test,PS-100x.png,4045,100,7,3,7,1.0,7000.0,PS
resultados/01_extract_real_crops/data/real_crops/test/PS/PS-100x_4409.png,MICROPLASTIC,test,PS-100x.png,4409,100,6,5,6,1.0,6000.0,PS
resultados/01_extract_real_crops/data/real_crops/test/PS/PSL 10000X_10249.png,NANOPLASTIC,test,PSL 10000X.png,10249,10000,26,44,44,0.01,440.0,PS
