timestamp_utc,current_experiment,current_repetition,current_seed,cpu_pct,ram_used_gb,ram_total_gb,disk_free_gb,gpu_name,gpu_temp_c,gpu_power_w,gpu_util_pct,gpu_mem_used_mb,gpu_mem_total_mb,gpu_error
2026-09-05T00:00:00.402901+00:00,03_vlm_polymer_real_synth,3,3,8.5,13.0,30.49,1501.53,NVIDIA GeForce RTX 4060 Ti,41,69.67,52,3337.1,16380.0,
2026-09-05T00:00:10.466833+00:00,03_vlm_polymer_real_synth,3,3,8.5,13.04,30.49,1501.53,NVIDIA GeForce RTX 4060 Ti,39,67.34,37,3337.1,16380.0,
2026-09-05T00:00:20.531819+00:00,03_vlm_polymer_real_synth,3,3,8.5,13.02,30.49,1501.53,NVIDIA GeForce RTX 4060 Ti,39,67.3,52,3337.1,16380.0,
2026-09-05T00:00:30.600463+00:00,03_vlm_polymer_real_synth,3,3,8.5,12.98,30.49,1501.53,NVIDIA GeForce RTX 4060 Ti,40,66.86,0,3337.1,16380.0,
2026-09-05T00:00:40.664836+00:00,03_vlm_polymer_real_synth,3,3,8.5,13.03,30.49,1501.53,NVIDIA GeForce RTX 4060 Ti,37,67.37,45,3337.1,16380.0,
2026-09-05T00:00:50.728825+00:00,03_vlm_polymer_real_synth,3,3,8.5,13.02,30.49,1501.53,NVIDIA GeForce RTX 4060 Ti,37,67.56,54,3337.1,16380.0,
2026-09-05T00:01:00.798846+00:00,03_vlm_polymer_real_synth,3,3,8.5,13.06,30.49,1501.53,NVIDIA GeForce RTX 4060 Ti,38,66.48,0,3336.6,16380.0,
2026-09-05T00:01:10.861820+00:00,03_vlm_polymer_real_synth,3,3,8.6,13.02,30.49,1501.53,NVIDIA GeForce RTX 4060 Ti,39,69.93,39,3336.6,16380.0,
2026-09-05T00:01:20.931838+00:00,03_vlm_polymer_real_synth,3,3,8.5,13.01,30.49,1501.53,NVIDIA GeForce RTX 4060 Ti,38,68.29,80,3336.6,16380.0,
2026-09-05T00:01:30.997836+00:00,03_vlm_polymer_real_synth,3,3,8.5,13.02,30.49,1501.53,NVIDIA GeForce RTX 4060 Ti,40,66.45,55,3336.6,16380.0,
2026-09-05T00:01:41.065854+00:00,03_vlm_polymer_real_synth,3,3,8.6,12.97,30.49,1501.53,NVIDIA GeForce RTX 4060 Ti,39,67.05,20,3369.1,16380.0,
2026-09-05T00:01:51.102543+00:00,03_vlm_polymer_real_synth,3,3,8.8,12.99,30.49,1501.52,NVIDIA GeForce RTX 4060 Ti,41,65.63,58,3369.1,16380.0,
2026-09-05T00:02:01.173836+00:00,03_vlm_polymer_real_synth,3,3,9.9,12.99,30.49,1501.53,NVIDIA GeForce RTX 4060 Ti,39,68.79,32,3369.1,16380.0,
2026-09-05T00:02:11.238837+00:00,03_vlm_polymer_real_synth,3,3,8.6,12.95,30.49,1501.53,NVIDIA GeForce RTX 4060 Ti,39,66.3,62,3369.1,16380.0,
2026-09-05T00:02:21.288932+00:00,03_vlm_polymer_real_synth,3,3,8.5,12.93,30.49,1501.53,NVIDIA GeForce RTX 4060 Ti,39,68.62,11,3369.1,16380.0,
2026-09-05T00:02:31.352613+00:00,03_vlm_polymer_real_synth,3,3,8.6,12.92,30.49,1501.53,NVIDIA GeForce RTX 4060 Ti,39,67.5,0,3369.1,16380.0,
2026-09-05T00:02:41.415826+00:00,03_vlm_polymer_real_synth,3,3,8.5,12.93,30.49,1501.53,NVIDIA GeForce RTX 4060 Ti,41,66.45,0,3369.1,16380.0,
2026-09-05T00:02:51.478829+00:00,03_vlm_polymer_real_synth,3,3,8.5,12.95,30.49,1501.53,NVIDIA GeForce RTX 4060 Ti,41,66.58,0,3369.1,16380.0,
2026-09-05T00:03:01.542836+00:00,03_vlm_polymer_real_synth,3,3,8.5,12.92,30.49,1501.53,NVIDIA GeForce RTX 4060 Ti,39,66.31,0,3369.1,16380.0,
2026-09-05T00:03:11.606840+00:00,03_vlm_polymer_real_synth,3,3,8.5,12.9,30.49,1501.53,NVIDIA GeForce RTX 4060 Ti,37,68.07,79,3369.1,16380.0,
2026-09-05T00:03:21.671828+00:00,03_vlm_polymer_real_synth,3,3,8.5,12.94,30.49,1501.53,NVIDIA GeForce RTX 4060 Ti,42,71.09,0,3369.1,16380.0,
2026-09-05T00:03:31.734844+00:00,03_vlm_polymer_real_synth,3,3,8.5,12.95,30.49,1501.53,NVIDIA GeForce RTX 4060 Ti,39,66.37,37,3369.1,16380.0,
2026-09-05T00:03:41.798831+00:00,03_vlm_polymer_real_synth,3,3,8.5,12.93,30.49,1501.53,NVIDIA GeForce RTX 4060 Ti,37,65.91,0,3369.1,16380.0,
2026-09-05T00:03:51.863833+00:00,03_vlm_polymer_real_synth,3,3,8.5,12.95,30.49,1501.53,NVIDIA GeForce RTX 4060 Ti,39,69.84,48,3369.1,16380.0,
2026-09-05T00:04:01.927595+00:00,03_vlm_polymer_real_synth,3,3,8.5,12.95,30.49,1501.53,NVIDIA GeForce RTX 4060 Ti,41,66.36,53,3369.1,16380.0,
2026-09-05T00:04:11.995832+00:00,03_vlm_polymer_real_synth,3,3,8.5,12.97,30.49,1501.53,NVIDIA GeForce RTX 4060 Ti,39,67.54,70,3369.1,16380.0,
2026-09-05T00:04:22.059819+00:00,03_vlm_polymer_real_synth,3,3,8.5,12.94,30.49,1501.53,NVIDIA GeForce RTX 4060 Ti,38,67.38,0,3369.1,16380.0,
2026-09-05T00:04:32.120950+00:00,03_vlm_polymer_real_synth,3,3,8.7,12.99,30.49,1501.53,NVIDIA GeForce RTX 4060 Ti,39,65.87,50,3369.1,16380.0,
2026-09-05T00:04:42.185834+00:00,03_vlm_polymer_real_synth,3,3,8.5,13.0,30.49,1501.53,NVIDIA GeForce RTX 4060 Ti,41,66.49,51,3369.1,16380.0,
2026-09-05T00:04:52.248815+00:00,03_vlm_polymer_real_synth,3,3,8.5,12.94,30.49,1501.53,NVIDIA GeForce RTX 4060 Ti,40,68.43,59,3369.1,16380.0,
2026-09-05T00:05:02.311833+00:00,03_vlm_polymer_real_synth,3,3,8.8,12.96,30.49,1501.53,NVIDIA GeForce RTX 4060 Ti,40,69.47,51,3369.1,16380.0,
2026-09-05T00:05:12.381833+00:00,03_vlm_polymer_real_synth,3,3,8.6,12.97,30.49,1501.53,NVIDIA GeForce RTX 4060 Ti,39,66.3,1,3369.1,16380.0,
2026-09-05T00:05:22.445417+00:00,03_vlm_polymer_real_synth,3,3,8.5,12.96,30.49,1501.53,NVIDIA GeForce RTX 4060 Ti,39,66.43,20,3369.1,16380.0,
2026-09-05T00:05:32.508840+00:00,03_vlm_polymer_real_synth,3,3,8.5,12.93,30.49,1501.53,NVIDIA GeForce RTX 4060 Ti,37,71.35,51,3369.1,16380.0,
2026-09-05T00:05:42.571830+00:00,03_vlm_polymer_real_synth,3,3,8.5,12.94,30.49,1501.53,NVIDIA GeForce RTX 4060 Ti,41,66.58,61,3369.1,16380.0,
2026-09-05T00:05:52.637826+00:00,03_vlm_polymer_real_synth,3,3,8.5,12.92,30.49,1501.53,NVIDIA GeForce RTX 4060 Ti,37,66.41,55,3369.1,16380.0,
2026-09-05T00:06:02.703829+00:00,03_vlm_polymer_real_synth,3,3,8.5,12.94,30.49,1501.53,NVIDIA GeForce RTX 4060 Ti,39,65.88,0,3369.1,16380.0,
2026-09-05T00:06:12.773833+00:00,03_vlm_polymer_real_synth,3,3,8.5,12.94,30.49,1501.53,NVIDIA GeForce RTX 4060 Ti,37,66.53,79,3369.1,16380.0,
2026-09-05T00:06:22.843207+00:00,03_vlm_polymer_real_synth,3,3,8.5,12.97,30.49,1501.53,NVIDIA GeForce RTX 4060 Ti,39,66.5,71,3369.1,16380.0,
2026-09-05T00:06:32.888153+00:00,03_vlm_polymer_real_synth,3,3,8.5,12.95,30.49,1501.53,NVIDIA GeForce RTX 4060 Ti,39,67.82,58,3369.1,16380.0,
2026-09-05T00:06:42.925425+00:00,03_vlm_polymer_real_synth,3,3,8.5,12.98,30.49,1501.53,NVIDIA GeForce RTX 4060 Ti,40,69.53,0,3369.1,16380.0,
2026-09-05T00:06:52.983857+00:00,03_vlm_polymer_real_synth,3,3,8.5,12.93,30.49,1501.53,NVIDIA GeForce RTX 4060 Ti,41,68.12,51,3369.1,16380.0,
2026-09-05T00:07:03.043008+00:00,03_vlm_polymer_real_synth,3,3,8.5,12.9,30.49,1501.53,NVIDIA GeForce RTX 4060 Ti,40,69.69,60,3369.1,16380.0,
2026-09-05T00:07:13.107828+00:00,03_vlm_polymer_real_synth,3,3,8.5,12.96,30.49,1501.53,NVIDIA GeForce RTX 4060 Ti,40,66.9,51,3369.1,16380.0,
2026-09-05T00:07:23.172832+00:00,03_vlm_polymer_real_synth,3,3,8.5,12.95,30.49,1501.53,NVIDIA GeForce RTX 4060 Ti,38,66.34,59,3369.1,16380.0,
2026-09-05T00:07:33.241825+00:00,03_vlm_polymer_real_synth,3,3,8.5,12.91,30.49,1501.53,NVIDIA GeForce RTX 4060 Ti,40,69.44,0,3369.1,16380.0,
2026-09-05T00:07:43.305827+00:00,03_vlm_polymer_real_synth,3,3,8.5,12.96,30.49,1501.53,NVIDIA GeForce RTX 4060 Ti,39,68.68,26,3369.1,16380.0,
2026-09-05T00:07:53.376837+00:00,03_vlm_polymer_real_synth,3,3,8.5,12.95,30.49,1501.53,NVIDIA GeForce RTX 4060 Ti,41,66.14,20,3369.1,16380.0,
2026-09-05T00:08:03.424906+00:00,03_vlm_polymer_real_synth,3,3,8.5,12.93,30.49,1501.53,NVIDIA GeForce RTX 4060 Ti,37,68.02,46,3369.1,16380.0,
2026-09-05T00:08:13.482665+00:00,03_vlm_polymer_real_synth,3,3,8.5,12.95,30.49,1501.53,NVIDIA GeForce RTX 4060 Ti,39,70.67,63,3369.1,16380.0,
2026-09-05T00:08:23.511854+00:00,03_vlm_polymer_real_synth,3,3,8.5,12.96,30.49,1501.53,NVIDIA GeForce RTX 4060 Ti,37,66.19,50,3369.1,16380.0,
2026-09-05T00:08:33.563846+00:00,03_vlm_polymer_real_synth,3,3,8.5,12.97,30.49,1501.53,NVIDIA GeForce RTX 4060 Ti,41,66.23,0,3369.1,16380.0,
2026-09-05T00:08:43.589804+00:00,03_vlm_polymer_real_synth,3,3,8.5,12.93,30.49,1501.53,NVIDIA GeForce RTX 4060 Ti,40,68.25,78,3369.1,16380.0,
2026-09-05T00:08:53.643959+00:00,03_vlm_polymer_real_synth,3,3,8.5,12.92,30.49,1501.53,NVIDIA GeForce RTX 4060 Ti,39,66.9,0,3369.1,16380.0,
2026-09-05T00:09:03.697807+00:00,03_vlm_polymer_real_synth,3,3,8.5,12.92,30.49,1501.53,NVIDIA GeForce RTX 4060 Ti,37,68.16,65,3369.1,16380.0,
2026-09-05T00:09:13.759153+00:00,03_vlm_polymer_real_synth,3,3,8.5,12.93,30.49,1501.53,NVIDIA GeForce RTX 4060 Ti,39,65.25,56,3369.1,16380.0,
2026-09-05T00:09:23.810039+00:00,03_vlm_polymer_real_synth,3,3,8.5,12.91,30.49,1501.53,NVIDIA GeForce RTX 4060 Ti,38,59.67,16,3369.1,16380.0,
2026-09-05T00:09:33.858251+00:00,03_vlm_polymer_real_synth,3,3,8.7,12.91,30.49,1501.53,NVIDIA GeForce RTX 4060 Ti,40,60.09,50,3369.1,16380.0,
2026-09-05T00:09:43.879171+00:00,03_vlm_polymer_real_synth,3,3,8.5,12.95,30.49,1501.53,NVIDIA GeForce RTX 4060 Ti,37,62.75,8,3369.1,16380.0,
2026-09-05T00:09:53.942832+00:00,03_vlm_polymer_real_synth,3,3,8.5,12.93,30.49,1501.53,NVIDIA GeForce RTX 4060 Ti,36,67.63,40,3369.1,16380.0,
2026-09-05T00:10:04.006662+00:00,03_vlm_polymer_real_synth,3,3,8.5,12.96,30.49,1501.53,NVIDIA GeForce RTX 4060 Ti,39,66.19,57,3369.1,16380.0,
2026-09-05T00:10:14.070832+00:00,03_vlm_polymer_real_synth,3,3,8.5,12.97,30.49,1501.53,NVIDIA GeForce RTX 4060 Ti,39,68.2,50,3369.1,16380.0,
2026-09-05T00:10:24.108615+00:00,03_vlm_polymer_real_synth,3,3,8.5,12.96,30.49,1501.53,NVIDIA GeForce RTX 4060 Ti,40,67.79,67,3369.1,16380.0,
2026-09-05T00:10:34.177829+00:00,03_vlm_polymer_real_synth,3,3,8.5,12.97,30.49,1501.53,NVIDIA GeForce RTX 4060 Ti,39,69.22,37,3369.1,16380.0,
2026-09-05T00:10:44.248841+00:00,03_vlm_polymer_real_synth,3,3,8.5,12.98,30.49,1501.53,NVIDIA GeForce RTX 4060 Ti,39,67.93,5,3369.1,16380.0,
2026-09-05T00:10:54.317821+00:00,03_vlm_polymer_real_synth,3,3,8.5,12.97,30.49,1501.53,NVIDIA GeForce RTX 4060 Ti,39,69.18,7,3369.1,16380.0,
2026-09-05T00:11:04.381831+00:00,03_vlm_polymer_real_synth,3,3,8.5,12.96,30.49,1501.53,NVIDIA GeForce RTX 4060 Ti,38,66.47,61,3368.6,16380.0,
2026-09-05T00:11:14.444834+00:00,03_vlm_polymer_real_synth,3,3,8.5,12.97,30.49,1501.53,NVIDIA GeForce RTX 4060 Ti,38,68.24,30,3368.6,16380.0,
2026-09-05T00:11:24.508833+00:00,03_vlm_polymer_real_synth,3,3,8.5,12.97,30.49,1501.53,NVIDIA GeForce RTX 4060 Ti,37,67.98,52,3368.6,16380.0,
2026-09-05T00:11:34.557653+00:00,03_vlm_polymer_real_synth,3,3,8.5,12.96,30.49,1501.53,NVIDIA GeForce RTX 4060 Ti,37,67.55,60,3368.6,16380.0,
2026-09-05T00:11:44.571496+00:00,03_vlm_polymer_real_synth,3,3,8.6,13.01,30.49,1501.53,NVIDIA GeForce RTX 4060 Ti,39,70.66,61,3336.6,16380.0,
2026-09-05T00:11:54.641348+00:00,03_vlm_polymer_real_synth,3,3,8.5,12.97,30.49,1501.53,NVIDIA GeForce RTX 4060 Ti,37,66.29,57,3336.6,16380.0,
2026-09-05T00:12:04.690069+00:00,03_vlm_polymer_real_synth,3,3,8.5,12.95,30.49,1501.53,NVIDIA GeForce RTX 4060 Ti,38,68.64,40,3336.6,16380.0,
2026-09-05T00:12:14.729034+00:00,03_vlm_polymer_real_synth,3,3,8.5,13.0,30.49,1501.53,NVIDIA GeForce RTX 4060 Ti,37,65.77,74,3336.6,16380.0,
2026-09-05T00:12:24.793829+00:00,03_vlm_polymer_real_synth,3,3,8.5,12.97,30.49,1501.53,NVIDIA GeForce RTX 4060 Ti,37,65.53,2,3336.6,16380.0,
2026-09-05T00:12:34.838925+00:00,03_vlm_polymer_real_synth,3,3,8.6,12.96,30.49,1501.53,NVIDIA GeForce RTX 4060 Ti,37,65.76,34,3336.6,16380.0,
2026-09-05T00:12:44.867239+00:00,03_vlm_polymer_real_synth,3,3,8.5,13.01,30.49,1501.53,NVIDIA GeForce RTX 4060 Ti,38,66.38,78,3336.6,16380.0,
2026-09-05T00:12:54.930733+00:00,03_vlm_polymer_real_synth,3,3,8.5,13.0,30.49,1501.53,NVIDIA GeForce RTX 4060 Ti,37,65.01,0,3336.6,16380.0,
2026-09-05T00:13:04.979301+00:00,03_vlm_polymer_real_synth,3,3,8.6,13.01,30.49,1501.53,NVIDIA GeForce RTX 4060 Ti,38,66.34,79,3336.6,16380.0,
2026-09-05T00:13:15.044579+00:00,03_vlm_polymer_real_synth,3,3,8.5,13.01,30.49,1501.53,NVIDIA GeForce RTX 4060 Ti,37,69.43,31,3336.6,16380.0,
2026-09-05T00:13:25.108152+00:00,03_vlm_polymer_real_synth,3,3,8.5,13.0,30.49,1501.53,NVIDIA GeForce RTX 4060 Ti,39,68.92,63,3336.6,16380.0,
2026-09-05T00:13:35.176828+00:00,03_vlm_polymer_real_synth,3,3,8.5,12.98,30.49,1501.53,NVIDIA GeForce RTX 4060 Ti,37,67.78,48,3336.6,16380.0,
2026-09-05T00:13:45.240818+00:00,03_vlm_polymer_real_synth,3,3,8.5,12.96,30.49,1501.53,NVIDIA GeForce RTX 4060 Ti,40,72.4,61,3336.6,16380.0,
2026-09-05T00:13:55.303857+00:00,03_vlm_polymer_real_synth,3,3,8.5,13.01,30.49,1501.53,NVIDIA GeForce RTX 4060 Ti,38,66.4,63,3336.6,16380.0,
2026-09-05T00:14:05.367666+00:00,03_vlm_polymer_real_synth,3,3,8.6,12.99,30.49,1501.53,NVIDIA GeForce RTX 4060 Ti,41,70.01,54,3336.6,16380.0,
2026-09-05T00:14:15.430830+00:00,03_vlm_polymer_real_synth,3,3,8.5,12.99,30.49,1501.53,NVIDIA GeForce RTX 4060 Ti,41,67.97,54,3336.6,16380.0,
2026-09-05T00:14:25.494966+00:00,03_vlm_polymer_real_synth,3,3,8.5,12.99,30.49,1501.53,NVIDIA GeForce RTX 4060 Ti,39,67.46,0,3336.6,16380.0,
2026-09-05T00:14:35.560180+00:00,03_vlm_polymer_real_synth,3,3,8.7,13.03,30.49,1501.53,NVIDIA GeForce RTX 4060 Ti,37,66.4,0,3336.6,16380.0,
2026-09-05T00:14:45.618867+00:00,03_vlm_polymer_real_synth,3,3,8.5,13.01,30.49,1501.53,NVIDIA GeForce RTX 4060 Ti,40,69.95,44,3336.6,16380.0,
2026-09-05T00:14:55.684843+00:00,03_vlm_polymer_real_synth,3,3,8.5,13.0,30.49,1501.53,NVIDIA GeForce RTX 4060 Ti,41,66.6,24,3336.6,16380.0,
2026-09-05T00:15:05.747827+00:00,03_vlm_polymer_real_synth,3,3,8.5,13.0,30.49,1501.53,NVIDIA GeForce RTX 4060 Ti,39,67.64,34,3336.6,16380.0,
2026-09-05T00:15:15.812822+00:00,03_vlm_polymer_real_synth,3,3,8.5,13.01,30.49,1501.53,NVIDIA GeForce RTX 4060 Ti,39,67.0,47,3336.6,16380.0,
2026-09-05T00:15:25.877837+00:00,03_vlm_polymer_real_synth,3,3,8.5,12.98,30.49,1501.53,NVIDIA GeForce RTX 4060 Ti,38,66.2,64,3336.6,16380.0,
2026-09-05T00:15:35.945947+00:00,03_vlm_polymer_real_synth,3,3,8.5,13.03,30.49,1501.53,NVIDIA GeForce RTX 4060 Ti,39,68.67,32,3336.6,16380.0,
2026-09-05T00:15:46.009623+00:00,03_vlm_polymer_real_synth,3,3,8.6,13.01,30.49,1501.53,NVIDIA GeForce RTX 4060 Ti,40,66.18,58,3336.6,16380.0,
2026-09-05T00:15:56.065898+00:00,03_vlm_polymer_real_synth,3,3,8.5,12.99,30.49,1501.53,NVIDIA GeForce RTX 4060 Ti,37,66.33,0,3336.6,16380.0,
2026-09-05T00:16:06.114048+00:00,03_vlm_polymer_real_synth,3,3,8.5,13.01,30.49,1501.53,NVIDIA GeForce RTX 4060 Ti,39,65.7,63,3336.6,16380.0,
2026-09-05T00:16:16.150013+00:00,03_vlm_polymer_real_synth,3,3,8.5,13.01,30.49,1501.53,NVIDIA GeForce RTX 4060 Ti,39,66.36,57,3336.6,16380.0,
2026-09-05T00:16:26.205588+00:00,03_vlm_polymer_real_synth,3,3,8.5,13.02,30.49,1501.53,NVIDIA GeForce RTX 4060 Ti,38,71.79,80,3336.6,16380.0,
2026-09-05T00:16:36.267034+00:00,03_vlm_polymer_real_synth,3,3,8.5,13.01,30.49,1501.53,NVIDIA GeForce RTX 4060 Ti,39,65.75,0,3336.6,16380.0,
2026-09-05T00:16:46.336674+00:00,03_vlm_polymer_real_synth,3,3,8.6,13.0,30.49,1501.53,NVIDIA GeForce RTX 4060 Ti,41,69.9,21,3336.6,16380.0,
2026-09-05T00:16:56.400482+00:00,03_vlm_polymer_real_synth,3,3,8.5,12.98,30.49,1501.53,NVIDIA GeForce RTX 4060 Ti,41,66.65,0,3336.6,16380.0,
2026-09-05T00:17:06.424795+00:00,03_vlm_polymer_real_synth,3,3,8.5,12.99,30.49,1501.53,NVIDIA GeForce RTX 4060 Ti,39,66.38,67,3336.6,16380.0,
2026-09-05T00:17:16.446377+00:00,03_vlm_polymer_real_synth,3,3,8.5,13.09,30.49,1501.53,NVIDIA GeForce RTX 4060 Ti,37,67.96,64,3336.6,16380.0,
2026-09-05T00:17:26.515829+00:00,03_vlm_polymer_real_synth,3,3,8.5,12.6,30.49,1501.53,NVIDIA GeForce RTX 4060 Ti,40,66.38,0,3336.6,16380.0,
2026-09-05T00:17:36.540694+00:00,03_vlm_polymer_real_synth,3,3,8.5,12.67,30.49,1501.53,NVIDIA GeForce RTX 4060 Ti,39,68.96,67,3336.6,16380.0,
2026-09-05T00:17:46.562263+00:00,03_vlm_polymer_real_synth,3,3,8.6,12.7,30.49,1501.53,NVIDIA GeForce RTX 4060 Ti,39,69.06,4,3336.6,16380.0,
2026-09-05T00:17:56.627138+00:00,03_vlm_polymer_real_synth,3,3,8.5,12.75,30.49,1501.53,NVIDIA GeForce RTX 4060 Ti,38,66.25,39,3336.6,16380.0,
2026-09-05T00:18:06.649983+00:00,03_vlm_polymer_real_synth,3,3,8.5,12.74,30.49,1501.53,NVIDIA GeForce RTX 4060 Ti,40,68.59,41,3336.6,16380.0,
2026-09-05T00:18:16.698632+00:00,03_vlm_polymer_real_synth,3,3,8.5,12.77,30.49,1501.53,NVIDIA GeForce RTX 4060 Ti,39,67.52,0,3336.6,16380.0,
2026-09-05T00:18:26.768855+00:00,03_vlm_polymer_real_synth,3,3,8.5,12.81,30.49,1501.53,NVIDIA GeForce RTX 4060 Ti,39,66.47,36,3336.6,16380.0,
2026-09-05T00:18:36.837831+00:00,03_vlm_polymer_real_synth,3,3,8.5,12.8,30.49,1501.53,NVIDIA GeForce RTX 4060 Ti,37,67.81,24,3336.6,16380.0,
2026-09-05T00:18:46.890839+00:00,03_vlm_polymer_real_synth,3,3,8.9,12.83,30.49,1501.53,NVIDIA GeForce RTX 4060 Ti,39,66.34,74,3336.6,16380.0,
2026-09-05T00:18:56.944153+00:00,03_vlm_polymer_real_synth,3,3,8.5,12.82,30.49,1501.53,NVIDIA GeForce RTX 4060 Ti,41,66.56,49,3336.6,16380.0,
2026-09-05T00:19:07.011991+00:00,03_vlm_polymer_real_synth,3,3,8.5,12.79,30.49,1501.53,NVIDIA GeForce RTX 4060 Ti,39,66.39,55,3336.6,16380.0,
2026-09-05T00:19:17.075838+00:00,03_vlm_polymer_real_synth,3,3,8.5,12.83,30.49,1501.53,NVIDIA GeForce RTX 4060 Ti,37,66.59,7,3336.6,16380.0,
2026-09-05T00:19:27.138845+00:00,03_vlm_polymer_real_synth,3,3,8.5,12.84,30.49,1501.53,NVIDIA GeForce RTX 4060 Ti,37,66.84,34,3336.6,16380.0,
2026-09-05T00:19:37.203839+00:00,03_vlm_polymer_real_synth,3,3,8.7,12.84,30.49,1501.53,NVIDIA GeForce RTX 4060 Ti,37,66.51,31,3336.6,16380.0,
2026-09-05T00:19:47.262084+00:00,03_vlm_polymer_real_synth,3,3,8.5,12.86,30.49,1501.53,NVIDIA GeForce RTX 4060 Ti,38,66.63,75,3336.6,16380.0,
2026-09-05T00:19:57.325838+00:00,03_vlm_polymer_real_synth,3,3,8.5,12.86,30.49,1501.53,NVIDIA GeForce RTX 4060 Ti,38,66.38,63,3336.6,16380.0,
2026-09-05T00:20:07.390843+00:00,03_vlm_polymer_real_synth,3,3,8.5,12.87,30.49,1501.53,NVIDIA GeForce RTX 4060 Ti,38,66.48,60,3336.6,16380.0,
2026-09-05T00:20:17.453838+00:00,03_vlm_polymer_real_synth,3,3,8.5,12.85,30.49,1501.53,NVIDIA GeForce RTX 4060 Ti,37,66.3,56,3336.6,16380.0,
2026-09-05T00:20:27.518358+00:00,03_vlm_polymer_real_synth,3,3,8.5,12.88,30.49,1501.53,NVIDIA GeForce RTX 4060 Ti,39,66.77,54,3336.6,16380.0,
2026-09-05T00:20:37.581936+00:00,03_vlm_polymer_real_synth,3,3,8.5,12.9,30.49,1501.53,NVIDIA GeForce RTX 4060 Ti,39,66.43,75,3336.6,16380.0,
2026-09-05T00:20:47.636165+00:00,03_vlm_polymer_real_synth,3,3,8.5,12.88,30.49,1501.53,NVIDIA GeForce RTX 4060 Ti,37,69.09,61,3336.6,16380.0,
2026-09-05T00:20:57.693754+00:00,03_vlm_polymer_real_synth,3,3,8.5,12.88,30.49,1501.53,NVIDIA GeForce RTX 4060 Ti,40,71.6,0,3336.6,16380.0,
2026-09-05T00:21:07.756830+00:00,03_vlm_polymer_real_synth,3,3,8.5,12.87,30.49,1501.53,NVIDIA GeForce RTX 4060 Ti,37,71.16,50,3336.6,16380.0,
2026-09-05T00:21:17.827833+00:00,03_vlm_polymer_real_synth,3,3,8.5,12.86,30.49,1501.53,NVIDIA GeForce RTX 4060 Ti,39,66.48,0,3336.6,16380.0,
2026-09-05T00:21:27.892865+00:00,03_vlm_polymer_real_synth,3,3,8.5,12.84,30.49,1501.53,NVIDIA GeForce RTX 4060 Ti,39,68.85,57,3336.6,16380.0,
2026-09-05T00:21:37.955824+00:00,03_vlm_polymer_real_synth,3,3,8.6,12.85,30.49,1501.53,NVIDIA GeForce RTX 4060 Ti,38,61.2,23,3336.6,16380.0,
2026-09-05T00:21:48.021128+00:00,03_vlm_polymer_real_synth,3,3,8.5,12.88,30.49,1501.53,NVIDIA GeForce RTX 4060 Ti,40,62.52,23,3336.6,16380.0,
2026-09-05T00:21:58.083831+00:00,03_vlm_polymer_real_synth,3,3,8.5,12.87,30.49,1501.53,NVIDIA GeForce RTX 4060 Ti,37,59.81,24,3336.6,16380.0,
2026-09-05T00:22:08.122454+00:00,03_vlm_polymer_real_synth,3,3,8.0,12.87,30.49,1501.53,NVIDIA GeForce RTX 4060 Ti,35,38.92,0,2880.6,16380.0,
2026-09-05T00:22:18.185835+00:00,03_vlm_polymer_real_synth,3,3,7.5,12.91,30.49,1501.53,NVIDIA GeForce RTX 4060 Ti,38,59.88,40,3946.6,16380.0,
2026-09-05T00:22:28.249820+00:00,03_vlm_polymer_real_synth,3,3,10.9,12.78,30.49,1501.53,NVIDIA GeForce RTX 4060 Ti,41,61.76,19,3946.6,16380.0,
2026-09-05T00:22:38.313898+00:00,03_vlm_polymer_real_synth,3,3,15.7,12.76,30.49,1501.53,NVIDIA GeForce RTX 4060 Ti,40,61.25,42,3946.6,16380.0,
2026-09-05T00:22:48.376836+00:00,03_vlm_polymer_real_synth,4,4,13.8,11.62,30.49,1501.53,NVIDIA GeForce RTX 4060 Ti,38,22.62,0,2802.6,16380.0,
2026-09-05T00:22:58.440560+00:00,03_vlm_polymer_real_synth,4,4,9.8,12.82,30.49,1501.53,NVIDIA GeForce RTX 4060 Ti,43,68.16,58,3336.6,16380.0,
2026-09-05T00:23:08.498577+00:00,03_vlm_polymer_real_synth,4,4,8.5,12.74,30.49,1501.53,NVIDIA GeForce RTX 4060 Ti,44,67.34,62,3336.6,16380.0,
2026-09-05T00:23:18.562835+00:00,03_vlm_polymer_real_synth,4,4,8.5,12.77,30.49,1501.53,NVIDIA GeForce RTX 4060 Ti,46,66.38,47,3336.6,16380.0,
2026-09-05T00:23:28.626845+00:00,03_vlm_polymer_real_synth,4,4,8.5,12.75,30.49,1501.53,NVIDIA GeForce RTX 4060 Ti,46,67.44,65,3336.6,16380.0,
2026-09-05T00:23:38.686274+00:00,03_vlm_polymer_real_synth,4,4,8.6,12.77,30.49,1501.53,NVIDIA GeForce RTX 4060 Ti,50,67.87,54,3336.6,16380.0,
2026-09-05T00:23:48.749839+00:00,03_vlm_polymer_real_synth,4,4,8.5,12.71,30.49,1501.53,NVIDIA GeForce RTX 4060 Ti,49,71.67,20,3336.6,16380.0,
2026-09-05T00:23:58.794885+00:00,03_vlm_polymer_real_synth,4,4,8.5,12.76,30.49,1501.53,NVIDIA GeForce RTX 4060 Ti,48,67.22,28,3336.6,16380.0,
2026-09-05T00:24:08.863914+00:00,03_vlm_polymer_real_synth,4,4,8.5,12.78,30.49,1501.53,NVIDIA GeForce RTX 4060 Ti,52,68.74,24,3336.6,16380.0,
2026-09-05T00:24:18.927832+00:00,03_vlm_polymer_real_synth,4,4,8.5,12.77,30.49,1501.53,NVIDIA GeForce RTX 4060 Ti,50,69.0,32,3336.6,16380.0,
2026-09-05T00:24:28.992833+00:00,03_vlm_polymer_real_synth,4,4,8.5,12.8,30.49,1501.53,NVIDIA GeForce RTX 4060 Ti,53,69.09,69,3336.6,16380.0,
2026-09-05T00:24:39.058828+00:00,03_vlm_polymer_real_synth,4,4,8.7,12.78,30.49,1501.53,NVIDIA GeForce RTX 4060 Ti,53,69.41,57,3336.6,16380.0,
2026-09-05T00:24:49.126842+00:00,03_vlm_polymer_real_synth,4,4,8.5,12.77,30.49,1501.53,NVIDIA GeForce RTX 4060 Ti,56,72.5,55,3336.6,16380.0,
2026-09-05T00:24:59.169360+00:00,03_vlm_polymer_real_synth,4,4,8.5,12.78,30.49,1501.53,NVIDIA GeForce RTX 4060 Ti,56,73.23,53,3336.6,16380.0,
2026-09-05T00:25:09.238941+00:00,03_vlm_polymer_real_synth,4,4,8.5,12.77,30.49,1501.53,NVIDIA GeForce RTX 4060 Ti,53,70.15,0,3336.6,16380.0,
2026-09-05T00:25:19.271311+00:00,03_vlm_polymer_real_synth,4,4,8.5,12.8,30.49,1501.53,NVIDIA GeForce RTX 4060 Ti,54,71.1,19,3336.6,16380.0,
2026-09-05T00:25:29.316076+00:00,03_vlm_polymer_real_synth,4,4,8.5,12.79,30.49,1501.53,NVIDIA GeForce RTX 4060 Ti,56,70.82,5,3336.6,16380.0,
2026-09-05T00:25:39.387140+00:00,03_vlm_polymer_real_synth,4,4,8.6,12.8,30.49,1501.53,NVIDIA GeForce RTX 4060 Ti,57,74.9,76,3336.6,16380.0,
2026-09-05T00:25:49.456807+00:00,03_vlm_polymer_real_synth,4,4,8.5,12.8,30.49,1501.53,NVIDIA GeForce RTX 4060 Ti,55,70.62,52,3336.6,16380.0,
2026-09-05T00:25:59.520822+00:00,03_vlm_polymer_real_synth,4,4,8.5,12.77,30.49,1501.53,NVIDIA GeForce RTX 4060 Ti,56,71.53,53,3336.6,16380.0,
2026-09-05T00:26:09.590830+00:00,03_vlm_polymer_real_synth,4,4,8.5,12.75,30.49,1501.53,NVIDIA GeForce RTX 4060 Ti,58,72.65,0,3336.6,16380.0,
2026-09-05T00:26:19.660837+00:00,03_vlm_polymer_real_synth,4,4,8.5,12.74,30.49,1501.53,NVIDIA GeForce RTX 4060 Ti,56,71.2,51,3336.6,16380.0,
2026-09-05T00:26:29.723818+00:00,03_vlm_polymer_real_synth,4,4,8.5,12.76,30.49,1501.53,NVIDIA GeForce RTX 4060 Ti,60,73.82,27,3336.6,16380.0,
2026-09-05T00:26:39.786869+00:00,03_vlm_polymer_real_synth,4,4,8.6,12.79,30.49,1501.53,NVIDIA GeForce RTX 4060 Ti,61,71.59,9,3336.6,16380.0,
2026-09-05T00:26:49.850843+00:00,03_vlm_polymer_real_synth,4,4,8.5,12.8,30.49,1501.53,NVIDIA GeForce RTX 4060 Ti,59,71.73,62,3336.6,16380.0,
2026-09-05T00:26:59.907064+00:00,03_vlm_polymer_real_synth,4,4,8.5,12.79,30.49,1501.53,NVIDIA GeForce RTX 4060 Ti,62,71.56,67,3336.6,16380.0,
2026-09-05T00:27:09.969823+00:00,03_vlm_polymer_real_synth,4,4,8.5,12.73,30.49,1501.53,NVIDIA GeForce RTX 4060 Ti,60,71.89,61,3336.6,16380.0,
2026-09-05T00:27:20.036826+00:00,03_vlm_polymer_real_synth,4,4,8.5,12.77,30.49,1501.53,NVIDIA GeForce RTX 4060 Ti,59,73.35,64,3336.6,16380.0,
2026-09-05T00:27:30.080803+00:00,03_vlm_polymer_real_synth,4,4,8.5,12.79,30.49,1501.53,NVIDIA GeForce RTX 4060 Ti,60,72.64,3,3336.6,16380.0,
2026-09-05T00:27:40.146832+00:00,03_vlm_polymer_real_synth,4,4,8.6,12.74,30.49,1501.53,NVIDIA GeForce RTX 4060 Ti,62,72.68,62,3336.6,16380.0,
2026-09-05T00:27:50.210834+00:00,03_vlm_polymer_real_synth,4,4,8.5,12.79,30.49,1501.53,NVIDIA GeForce RTX 4060 Ti,63,72.06,67,3336.6,16380.0,
2026-09-05T00:28:00.274824+00:00,03_vlm_polymer_real_synth,4,4,8.5,12.75,30.49,1501.53,NVIDIA GeForce RTX 4060 Ti,62,74.29,58,3336.6,16380.0,
2026-09-05T00:28:10.339829+00:00,03_vlm_polymer_real_synth,4,4,8.5,12.77,30.49,1501.53,NVIDIA GeForce RTX 4060 Ti,60,72.48,74,3336.6,16380.0,
2026-09-05T00:28:20.403399+00:00,03_vlm_polymer_real_synth,4,4,8.5,12.8,30.49,1501.53,NVIDIA GeForce RTX 4060 Ti,60,72.53,71,3336.6,16380.0,
2026-09-05T00:28:30.467836+00:00,03_vlm_polymer_real_synth,4,4,8.5,12.76,30.49,1501.53,NVIDIA GeForce RTX 4060 Ti,64,73.56,53,3336.6,16380.0,
2026-09-05T00:28:40.532843+00:00,03_vlm_polymer_real_synth,4,4,8.5,12.79,30.49,1501.53,NVIDIA GeForce RTX 4060 Ti,57,71.3,1,3336.6,16380.0,
2026-09-05T00:28:50.597823+00:00,03_vlm_polymer_real_synth,4,4,8.5,12.76,30.49,1501.53,NVIDIA GeForce RTX 4060 Ti,52,69.44,63,3336.6,16380.0,
2026-09-05T00:29:00.660846+00:00,03_vlm_polymer_real_synth,4,4,8.5,12.76,30.49,1501.53,NVIDIA GeForce RTX 4060 Ti,47,68.59,80,3336.6,16380.0,
2026-09-05T00:29:10.706249+00:00,03_vlm_polymer_real_synth,4,4,8.5,12.79,30.49,1501.53,NVIDIA GeForce RTX 4060 Ti,46,67.91,56,3336.6,16380.0,
2026-09-05T00:29:20.741601+00:00,03_vlm_polymer_real_synth,4,4,8.5,12.77,30.49,1501.53,NVIDIA GeForce RTX 4060 Ti,46,67.32,0,3336.6,16380.0,
2026-09-05T00:29:30.811854+00:00,03_vlm_polymer_real_synth,4,4,8.5,12.8,30.49,1501.53,NVIDIA GeForce RTX 4060 Ti,44,67.29,0,3336.6,16380.0,
2026-09-05T00:29:40.874832+00:00,03_vlm_polymer_real_synth,4,4,8.7,12.85,30.49,1501.53,NVIDIA GeForce RTX 4060 Ti,44,66.52,34,3336.6,16380.0,
2026-09-05T00:29:50.943831+00:00,03_vlm_polymer_real_synth,4,4,8.5,12.81,30.49,1501.53,NVIDIA GeForce RTX 4060 Ti,43,65.71,51,3336.6,16380.0,
2026-09-05T00:30:01.006832+00:00,03_vlm_polymer_real_synth,4,4,8.5,12.82,30.49,1501.53,NVIDIA GeForce RTX 4060 Ti,41,66.08,65,3336.6,16380.0,
2026-09-05T00:30:11.071827+00:00,03_vlm_polymer_real_synth,4,4,8.5,12.83,30.49,1501.53,NVIDIA GeForce RTX 4060 Ti,41,66.54,79,3336.6,16380.0,
2026-09-05T00:30:21.135830+00:00,03_vlm_polymer_real_synth,4,4,8.5,12.84,30.49,1501.53,NVIDIA GeForce RTX 4060 Ti,39,66.54,0,3336.6,16380.0,
2026-09-05T00:30:31.199852+00:00,03_vlm_polymer_real_synth,4,4,8.5,12.81,30.49,1501.53,NVIDIA GeForce RTX 4060 Ti,39,66.73,10,3336.6,16380.0,
2026-09-05T00:30:41.255029+00:00,03_vlm_polymer_real_synth,4,4,8.5,12.84,30.49,1501.53,NVIDIA GeForce RTX 4060 Ti,39,66.61,64,3336.6,16380.0,
2026-09-05T00:30:51.321822+00:00,03_vlm_polymer_real_synth,4,4,8.5,12.8,30.49,1501.53,NVIDIA GeForce RTX 4060 Ti,39,68.09,30,3336.6,16380.0,
2026-09-05T00:31:01.391832+00:00,03_vlm_polymer_real_synth,4,4,8.5,12.83,30.49,1501.53,NVIDIA GeForce RTX 4060 Ti,43,67.29,0,3336.6,16380.0,
2026-09-05T00:31:11.454856+00:00,03_vlm_polymer_real_synth,4,4,8.5,12.81,30.49,1501.53,NVIDIA GeForce RTX 4060 Ti,41,66.55,46,3336.6,16380.0,
2026-09-05T00:31:21.517835+00:00,03_vlm_polymer_real_synth,4,4,8.5,12.83,30.49,1501.53,NVIDIA GeForce RTX 4060 Ti,42,66.47,63,3336.6,16380.0,
2026-09-05T00:31:31.584832+00:00,03_vlm_polymer_real_synth,4,4,8.5,12.83,30.49,1501.53,NVIDIA GeForce RTX 4060 Ti,41,66.39,25,3336.6,16380.0,
2026-09-05T00:31:41.652819+00:00,03_vlm_polymer_real_synth,4,4,8.8,12.83,30.49,1501.53,NVIDIA GeForce RTX 4060 Ti,40,67.11,47,3336.6,16380.0,
2026-09-05T00:31:51.705485+00:00,03_vlm_polymer_real_synth,4,4,8.5,12.8,30.49,1501.53,NVIDIA GeForce RTX 4060 Ti,41,68.36,77,3336.6,16380.0,
2026-09-05T00:32:01.769821+00:00,03_vlm_polymer_real_synth,4,4,8.5,12.82,30.49,1501.53,NVIDIA GeForce RTX 4060 Ti,41,66.02,64,3336.6,16380.0,
2026-09-05T00:32:11.839829+00:00,03_vlm_polymer_real_synth,4,4,8.5,12.79,30.49,1501.53,NVIDIA GeForce RTX 4060 Ti,39,66.4,0,3336.6,16380.0,
2026-09-05T00:32:21.890455+00:00,03_vlm_polymer_real_synth,4,4,8.5,12.79,30.49,1501.53,NVIDIA GeForce RTX 4060 Ti,39,66.58,0,3336.6,16380.0,
2026-09-05T00:32:31.953824+00:00,03_vlm_polymer_real_synth,4,4,8.6,12.8,30.49,1501.53,NVIDIA GeForce RTX 4060 Ti,38,70.05,36,3336.6,16380.0,
2026-09-05T00:32:42.022827+00:00,03_vlm_polymer_real_synth,4,4,8.5,12.79,30.49,1501.53,NVIDIA GeForce RTX 4060 Ti,41,68.72,72,3336.6,16380.0,
2026-09-05T00:32:52.086820+00:00,03_vlm_polymer_real_synth,4,4,8.5,12.78,30.49,1501.53,NVIDIA GeForce RTX 4060 Ti,42,70.73,41,3336.6,16380.0,
2026-09-05T00:33:02.151418+00:00,03_vlm_polymer_real_synth,4,4,8.5,12.8,30.49,1501.53,NVIDIA GeForce RTX 4060 Ti,37,66.58,43,3336.6,16380.0,
2026-09-05T00:33:12.218677+00:00,03_vlm_polymer_real_synth,4,4,8.5,12.82,30.49,1501.53,NVIDIA GeForce RTX 4060 Ti,37,68.48,36,3336.6,16380.0,
2026-09-05T00:33:22.288827+00:00,03_vlm_polymer_real_synth,4,4,8.5,12.81,30.49,1501.53,NVIDIA GeForce RTX 4060 Ti,38,66.39,0,3336.6,16380.0,
2026-09-05T00:33:32.353844+00:00,03_vlm_polymer_real_synth,4,4,8.5,12.78,30.49,1501.53,NVIDIA GeForce RTX 4060 Ti,38,68.87,79,3336.6,16380.0,
2026-09-05T00:33:42.419004+00:00,03_vlm_polymer_real_synth,4,4,8.5,12.79,30.49,1501.53,NVIDIA GeForce RTX 4060 Ti,40,68.02,77,3336.6,16380.0,
2026-09-05T00:33:52.484141+00:00,03_vlm_polymer_real_synth,4,4,8.5,12.8,30.49,1501.53,NVIDIA GeForce RTX 4060 Ti,41,73.22,13,3336.6,16380.0,
2026-09-05T00:34:02.547836+00:00,03_vlm_polymer_real_synth,4,4,8.5,12.8,30.49,1501.53,NVIDIA GeForce RTX 4060 Ti,42,66.25,0,3336.6,16380.0,
2026-09-05T00:34:12.591459+00:00,03_vlm_polymer_real_synth,4,4,8.5,12.81,30.49,1501.53,NVIDIA GeForce RTX 4060 Ti,40,66.25,0,3336.6,16380.0,
2026-09-05T00:34:22.635581+00:00,03_vlm_polymer_real_synth,4,4,8.5,12.79,30.49,1501.53,NVIDIA GeForce RTX 4060 Ti,40,66.57,31,3336.6,16380.0,
2026-09-05T00:34:32.699834+00:00,03_vlm_polymer_real_synth,4,4,8.5,12.79,30.49,1501.53,NVIDIA GeForce RTX 4060 Ti,40,68.06,67,3336.6,16380.0,
2026-09-05T00:34:42.764849+00:00,03_vlm_polymer_real_synth,4,4,8.7,12.89,30.49,1501.53,NVIDIA GeForce RTX 4060 Ti,40,62.74,12,3336.6,16380.0,
2026-09-05T00:34:52.830837+00:00,03_vlm_polymer_real_synth,4,4,8.5,12.87,30.49,1501.53,NVIDIA GeForce RTX 4060 Ti,36,56.15,31,3336.6,16380.0,
2026-09-05T00:35:02.897836+00:00,03_vlm_polymer_real_synth,4,4,8.5,12.88,30.49,1501.53,NVIDIA GeForce RTX 4060 Ti,39,59.98,19,3336.6,16380.0,
2026-09-05T00:35:12.960825+00:00,03_vlm_polymer_real_synth,4,4,8.5,12.87,30.49,1501.53,NVIDIA GeForce RTX 4060 Ti,37,62.72,50,3336.6,16380.0,
2026-09-05T00:35:23.029822+00:00,03_vlm_polymer_real_synth,4,4,8.2,12.89,30.49,1501.51,NVIDIA GeForce RTX 4060 Ti,37,66.81,39,3336.6,16380.0,
2026-09-05T00:35:33.074440+00:00,03_vlm_polymer_real_synth,4,4,8.5,12.88,30.49,1501.51,NVIDIA GeForce RTX 4060 Ti,37,69.23,23,3336.6,16380.0,
2026-09-05T00:35:43.135119+00:00,03_vlm_polymer_real_synth,4,4,8.5,12.91,30.49,1501.51,NVIDIA GeForce RTX 4060 Ti,37,66.89,46,3336.6,16380.0,
2026-09-05T00:35:53.197834+00:00,03_vlm_polymer_real_synth,4,4,8.5,12.93,30.49,1501.51,NVIDIA GeForce RTX 4060 Ti,37,67.44,0,3336.6,16380.0,
2026-09-05T00:36:03.263863+00:00,03_vlm_polymer_real_synth,4,4,8.5,12.87,30.49,1501.51,NVIDIA GeForce RTX 4060 Ti,41,66.08,50,3336.6,16380.0,
2026-09-05T00:36:13.326825+00:00,03_vlm_polymer_real_synth,4,4,8.5,12.93,30.49,1501.51,NVIDIA GeForce RTX 4060 Ti,37,66.08,32,3336.6,16380.0,
2026-09-05T00:36:23.390835+00:00,03_vlm_polymer_real_synth,4,4,8.5,12.93,30.49,1501.51,NVIDIA GeForce RTX 4060 Ti,41,66.31,0,3336.6,16380.0,
2026-09-05T00:36:33.453836+00:00,03_vlm_polymer_real_synth,4,4,8.5,12.89,30.49,1501.51,NVIDIA GeForce RTX 4060 Ti,37,66.38,55,3336.6,16380.0,
2026-09-05T00:36:43.518846+00:00,03_vlm_polymer_real_synth,4,4,8.5,12.92,30.49,1501.51,NVIDIA GeForce RTX 4060 Ti,37,66.78,29,3336.6,16380.0,
2026-09-05T00:36:53.581828+00:00,03_vlm_polymer_real_synth,4,4,8.5,12.91,30.49,1501.51,NVIDIA GeForce RTX 4060 Ti,42,65.94,53,3336.6,16380.0,
2026-09-05T00:37:03.646866+00:00,03_vlm_polymer_real_synth,4,4,8.5,12.88,30.49,1501.51,NVIDIA GeForce RTX 4060 Ti,37,66.26,45,3336.6,16380.0,
2026-09-05T00:37:13.710829+00:00,03_vlm_polymer_real_synth,4,4,8.5,12.94,30.49,1501.51,NVIDIA GeForce RTX 4060 Ti,40,68.52,67,3336.6,16380.0,
2026-09-05T00:37:23.774834+00:00,03_vlm_polymer_real_synth,4,4,8.5,12.87,30.49,1501.51,NVIDIA GeForce RTX 4060 Ti,37,67.65,45,3336.6,16380.0,
2026-09-05T00:37:33.839832+00:00,03_vlm_polymer_real_synth,4,4,8.5,12.9,30.49,1501.51,NVIDIA GeForce RTX 4060 Ti,38,67.96,65,3336.6,16380.0,
2026-09-05T00:37:43.904829+00:00,03_vlm_polymer_real_synth,4,4,8.5,12.92,30.49,1501.51,NVIDIA GeForce RTX 4060 Ti,39,69.52,63,3336.6,16380.0,
2026-09-05T00:37:53.967840+00:00,03_vlm_polymer_real_synth,4,4,8.6,12.88,30.49,1501.51,NVIDIA GeForce RTX 4060 Ti,41,67.78,69,3336.6,16380.0,
2026-09-05T00:38:04.030827+00:00,03_vlm_polymer_real_synth,4,4,8.6,12.87,30.49,1501.51,NVIDIA GeForce RTX 4060 Ti,39,68.7,52,3336.6,16380.0,
2026-09-05T00:38:14.095841+00:00,03_vlm_polymer_real_synth,4,4,8.5,12.9,30.49,1501.51,NVIDIA GeForce RTX 4060 Ti,40,66.68,61,3336.6,16380.0,
2026-09-05T00:38:24.158398+00:00,03_vlm_polymer_real_synth,4,4,8.5,12.9,30.49,1501.51,NVIDIA GeForce RTX 4060 Ti,39,66.65,37,3336.6,16380.0,
2026-09-05T00:38:34.208850+00:00,03_vlm_polymer_real_synth,4,4,8.5,12.91,30.49,1501.51,NVIDIA GeForce RTX 4060 Ti,39,67.17,54,3336.6,16380.0,
2026-09-05T00:38:44.272854+00:00,03_vlm_polymer_real_synth,4,4,8.5,12.86,30.49,1501.51,NVIDIA GeForce RTX 4060 Ti,37,66.14,26,3336.6,16380.0,
2026-09-05T00:38:54.341832+00:00,03_vlm_polymer_real_synth,4,4,8.5,12.84,30.49,1501.51,NVIDIA GeForce RTX 4060 Ti,37,66.87,35,3336.6,16380.0,
2026-09-05T00:39:04.406683+00:00,03_vlm_polymer_real_synth,4,4,8.6,12.89,30.49,1501.51,NVIDIA GeForce RTX 4060 Ti,39,65.23,6,3336.6,16380.0,
2026-09-05T00:39:14.477820+00:00,03_vlm_polymer_real_synth,4,4,8.5,12.85,30.49,1501.51,NVIDIA GeForce RTX 4060 Ti,39,68.71,73,3336.6,16380.0,
2026-09-05T00:39:24.542837+00:00,03_vlm_polymer_real_synth,4,4,8.5,12.88,30.49,1501.51,NVIDIA GeForce RTX 4060 Ti,39,67.01,37,3336.6,16380.0,
2026-09-05T00:39:34.608837+00:00,03_vlm_polymer_real_synth,4,4,8.5,12.88,30.49,1501.51,NVIDIA GeForce RTX 4060 Ti,40,66.52,0,3336.6,16380.0,
2026-09-05T00:39:44.673838+00:00,03_vlm_polymer_real_synth,4,4,8.7,12.89,30.49,1501.51,NVIDIA GeForce RTX 4060 Ti,39,66.52,43,3336.6,16380.0,
2026-09-05T00:39:54.726671+00:00,03_vlm_polymer_real_synth,4,4,8.5,12.88,30.49,1501.51,NVIDIA GeForce RTX 4060 Ti,40,65.97,62,3336.6,16380.0,
2026-09-05T00:40:04.772373+00:00,03_vlm_polymer_real_synth,4,4,8.6,12.85,30.49,1501.51,NVIDIA GeForce RTX 4060 Ti,37,66.63,33,3336.6,16380.0,
2026-09-05T00:40:14.835825+00:00,03_vlm_polymer_real_synth,4,4,8.5,12.84,30.49,1501.51,NVIDIA GeForce RTX 4060 Ti,37,67.54,50,3336.6,16380.0,
2026-09-05T00:40:24.899821+00:00,03_vlm_polymer_real_synth,4,4,8.5,12.83,30.49,1501.51,NVIDIA GeForce RTX 4060 Ti,40,70.18,62,3336.6,16380.0,
2026-09-05T00:40:34.962838+00:00,03_vlm_polymer_real_synth,4,4,8.5,12.83,30.49,1501.51,NVIDIA GeForce RTX 4060 Ti,39,66.59,72,3336.6,16380.0,
2026-09-05T00:40:45.030819+00:00,03_vlm_polymer_real_synth,4,4,8.5,12.85,30.49,1501.51,NVIDIA GeForce RTX 4060 Ti,37,68.67,11,3336.6,16380.0,
2026-09-05T00:40:55.093817+00:00,03_vlm_polymer_real_synth,4,4,8.5,12.85,30.49,1501.51,NVIDIA GeForce RTX 4060 Ti,37,66.56,0,3336.6,16380.0,
2026-09-05T00:41:05.156824+00:00,03_vlm_polymer_real_synth,4,4,8.5,12.87,30.49,1501.51,NVIDIA GeForce RTX 4060 Ti,40,67.2,26,3336.6,16380.0,
2026-09-05T00:41:15.220821+00:00,03_vlm_polymer_real_synth,4,4,8.5,12.88,30.49,1501.51,NVIDIA GeForce RTX 4060 Ti,41,66.24,50,3336.6,16380.0,
2026-09-05T00:41:25.283837+00:00,03_vlm_polymer_real_synth,4,4,8.5,12.86,30.49,1501.51,NVIDIA GeForce RTX 4060 Ti,42,66.68,42,3336.6,16380.0,
2026-09-05T00:41:35.346825+00:00,03_vlm_polymer_real_synth,4,4,8.5,12.84,30.49,1501.51,NVIDIA GeForce RTX 4060 Ti,38,71.49,43,3336.6,16380.0,
2026-09-05T00:41:45.415820+00:00,03_vlm_polymer_real_synth,4,4,8.6,12.9,30.49,1501.51,NVIDIA GeForce RTX 4060 Ti,39,68.16,4,3336.6,16380.0,
2026-09-05T00:41:55.479388+00:00,03_vlm_polymer_real_synth,4,4,8.5,12.88,30.49,1501.51,NVIDIA GeForce RTX 4060 Ti,38,66.79,73,3336.6,16380.0,
2026-09-05T00:42:05.543829+00:00,03_vlm_polymer_real_synth,4,4,8.5,12.8,30.49,1501.51,NVIDIA GeForce RTX 4060 Ti,42,70.18,56,3336.6,16380.0,
2026-09-05T00:42:15.607832+00:00,03_vlm_polymer_real_synth,4,4,8.5,12.86,30.49,1501.51,NVIDIA GeForce RTX 4060 Ti,39,66.55,0,3336.6,16380.0,
2026-09-05T00:42:25.672822+00:00,03_vlm_polymer_real_synth,4,4,8.5,12.85,30.49,1501.51,NVIDIA GeForce RTX 4060 Ti,41,71.34,41,3336.6,16380.0,
2026-09-05T00:42:35.735831+00:00,03_vlm_polymer_real_synth,4,4,8.6,12.86,30.49,1501.51,NVIDIA GeForce RTX 4060 Ti,42,66.55,54,3336.6,16380.0,
2026-09-05T00:42:45.798839+00:00,03_vlm_polymer_real_synth,4,4,8.6,12.83,30.49,1501.51,NVIDIA GeForce RTX 4060 Ti,37,67.47,14,3336.6,16380.0,
2026-09-05T00:42:55.855574+00:00,03_vlm_polymer_real_synth,4,4,8.5,12.85,30.49,1501.51,NVIDIA GeForce RTX 4060 Ti,39,66.52,0,3336.6,16380.0,
2026-09-05T00:43:05.918635+00:00,03_vlm_polymer_real_synth,4,4,8.5,12.86,30.49,1501.51,NVIDIA GeForce RTX 4060 Ti,41,66.56,50,3336.6,16380.0,
2026-09-05T00:43:15.974927+00:00,03_vlm_polymer_real_synth,4,4,8.5,12.84,30.49,1501.51,NVIDIA GeForce RTX 4060 Ti,39,70.52,61,3336.6,16380.0,
2026-09-05T00:43:26.038827+00:00,03_vlm_polymer_real_synth,4,4,8.5,12.88,30.49,1501.51,NVIDIA GeForce RTX 4060 Ti,40,67.3,0,3336.6,16380.0,
2026-09-05T00:43:36.101883+00:00,03_vlm_polymer_real_synth,4,4,8.5,12.85,30.49,1501.51,NVIDIA GeForce RTX 4060 Ti,39,65.3,0,3336.6,16380.0,
2026-09-05T00:43:46.128307+00:00,03_vlm_polymer_real_synth,4,4,8.6,12.84,30.49,1501.51,NVIDIA GeForce RTX 4060 Ti,37,71.28,40,3336.6,16380.0,
2026-09-05T00:43:56.170120+00:00,03_vlm_polymer_real_synth,4,4,8.5,12.88,30.49,1501.51,NVIDIA GeForce RTX 4060 Ti,39,66.34,44,3336.6,16380.0,
2026-09-05T00:44:06.225395+00:00,03_vlm_polymer_real_synth,4,4,8.5,12.85,30.49,1501.51,NVIDIA GeForce RTX 4060 Ti,39,69.04,9,3336.6,16380.0,
2026-09-05T00:44:16.294829+00:00,03_vlm_polymer_real_synth,4,4,8.5,12.86,30.49,1501.51,NVIDIA GeForce RTX 4060 Ti,37,66.52,0,3336.6,16380.0,
2026-09-05T00:44:26.360987+00:00,03_vlm_polymer_real_synth,4,4,8.5,12.89,30.49,1501.51,NVIDIA GeForce RTX 4060 Ti,40,66.53,68,3336.6,16380.0,
2026-09-05T00:44:36.430831+00:00,03_vlm_polymer_real_synth,4,4,8.5,12.87,30.49,1501.51,NVIDIA GeForce RTX 4060 Ti,37,66.33,66,3336.6,16380.0,
2026-09-05T00:44:46.461399+00:00,03_vlm_polymer_real_synth,4,4,8.7,12.9,30.49,1501.51,NVIDIA GeForce RTX 4060 Ti,40,65.96,0,3336.6,16380.0,
2026-09-05T00:44:56.524839+00:00,03_vlm_polymer_real_synth,4,4,8.5,12.9,30.49,1501.51,NVIDIA GeForce RTX 4060 Ti,37,66.22,52,3336.6,16380.0,
2026-09-05T00:45:06.595826+00:00,03_vlm_polymer_real_synth,4,4,8.5,12.89,30.49,1501.51,NVIDIA GeForce RTX 4060 Ti,41,66.88,12,3336.6,16380.0,
2026-09-05T00:45:16.659830+00:00,03_vlm_polymer_real_synth,4,4,8.5,12.88,30.49,1501.51,NVIDIA GeForce RTX 4060 Ti,39,67.74,21,3336.6,16380.0,
2026-09-05T00:45:26.723833+00:00,03_vlm_polymer_real_synth,4,4,8.5,12.87,30.49,1501.51,NVIDIA GeForce RTX 4060 Ti,40,71.65,4,3336.6,16380.0,
2026-09-05T00:45:36.786824+00:00,03_vlm_polymer_real_synth,4,4,8.8,12.91,30.49,1501.51,NVIDIA GeForce RTX 4060 Ti,37,64.41,54,3336.6,16380.0,
2026-09-05T00:45:46.855835+00:00,03_vlm_polymer_real_synth,4,4,8.6,12.88,30.49,1501.51,NVIDIA GeForce RTX 4060 Ti,39,68.35,25,3336.6,16380.0,
2026-09-05T00:45:56.922828+00:00,03_vlm_polymer_real_synth,4,4,8.5,12.87,30.49,1501.51,NVIDIA GeForce RTX 4060 Ti,41,66.41,62,3336.6,16380.0,
2026-09-05T00:46:06.985834+00:00,03_vlm_polymer_real_synth,4,4,8.5,12.88,30.49,1501.51,NVIDIA GeForce RTX 4060 Ti,37,66.5,40,3336.6,16380.0,
2026-09-05T00:46:17.057704+00:00,03_vlm_polymer_real_synth,4,4,8.5,12.88,30.49,1501.51,NVIDIA GeForce RTX 4060 Ti,37,67.44,15,3336.6,16380.0,
2026-09-05T00:46:27.121026+00:00,03_vlm_polymer_real_synth,4,4,8.5,12.88,30.49,1501.51,NVIDIA GeForce RTX 4060 Ti,40,72.28,53,3336.6,16380.0,
2026-09-05T00:46:37.172057+00:00,03_vlm_polymer_real_synth,4,4,8.5,12.86,30.49,1501.51,NVIDIA GeForce RTX 4060 Ti,38,66.44,0,3336.6,16380.0,
2026-09-05T00:46:47.235832+00:00,03_vlm_polymer_real_synth,4,4,8.5,12.9,30.49,1501.51,NVIDIA GeForce RTX 4060 Ti,41,70.59,39,3336.6,16380.0,
2026-09-05T00:46:57.290973+00:00,03_vlm_polymer_real_synth,4,4,8.5,12.86,30.49,1501.51,NVIDIA GeForce RTX 4060 Ti,37,65.85,0,3336.6,16380.0,
2026-09-05T00:47:07.307527+00:00,03_vlm_polymer_real_synth,4,4,8.5,12.87,30.49,1501.51,NVIDIA GeForce RTX 4060 Ti,39,66.16,67,3336.6,16380.0,
2026-09-05T00:47:17.371018+00:00,03_vlm_polymer_real_synth,4,4,8.5,12.86,30.49,1501.51,NVIDIA GeForce RTX 4060 Ti,37,60.21,14,3336.6,16380.0,
2026-09-05T00:47:27.434365+00:00,03_vlm_polymer_real_synth,4,4,8.5,12.86,30.49,1501.51,NVIDIA GeForce RTX 4060 Ti,37,60.1,9,3336.6,16380.0,
2026-09-05T00:47:37.460847+00:00,03_vlm_polymer_real_synth,4,4,8.5,12.86,30.49,1501.51,NVIDIA GeForce RTX 4060 Ti,37,58.74,26,3336.6,16380.0,
2026-09-05T00:47:47.530902+00:00,03_vlm_polymer_real_synth,4,4,8.5,12.85,30.49,1501.51,NVIDIA GeForce RTX 4060 Ti,37,62.04,32,3336.6,16380.0,
2026-09-05T00:47:57.594118+00:00,03_vlm_polymer_real_synth,4,4,8.6,12.89,30.49,1501.51,NVIDIA GeForce RTX 4060 Ti,38,65.88,6,3336.6,16380.0,
2026-09-05T00:48:07.657827+00:00,03_vlm_polymer_real_synth,4,4,8.6,12.88,30.49,1501.51,NVIDIA GeForce RTX 4060 Ti,36,66.05,72,3336.6,16380.0,
2026-09-05T00:48:17.720830+00:00,03_vlm_polymer_real_synth,4,4,8.5,12.87,30.49,1501.51,NVIDIA GeForce RTX 4060 Ti,39,66.63,0,3336.6,16380.0,
2026-09-05T00:48:27.783190+00:00,03_vlm_polymer_real_synth,4,4,8.5,12.86,30.49,1501.51,NVIDIA GeForce RTX 4060 Ti,37,66.3,60,3336.6,16380.0,
2026-09-05T00:48:37.840596+00:00,03_vlm_polymer_real_synth,4,4,8.5,12.87,30.49,1501.51,NVIDIA GeForce RTX 4060 Ti,39,72.04,75,3336.6,16380.0,
2026-09-05T00:48:47.883940+00:00,03_vlm_polymer_real_synth,4,4,8.5,12.89,30.49,1501.51,NVIDIA GeForce RTX 4060 Ti,40,66.53,50,3336.6,16380.0,
2026-09-05T00:48:57.947837+00:00,03_vlm_polymer_real_synth,4,4,8.5,12.87,30.49,1501.51,NVIDIA GeForce RTX 4060 Ti,37,65.31,0,3336.6,16380.0,
2026-09-05T00:49:08.011819+00:00,03_vlm_polymer_real_synth,4,4,8.6,12.88,30.49,1501.51,NVIDIA GeForce RTX 4060 Ti,37,67.52,22,3336.6,16380.0,
2026-09-05T00:49:18.080826+00:00,03_vlm_polymer_real_synth,4,4,8.5,12.88,30.49,1501.51,NVIDIA GeForce RTX 4060 Ti,37,66.25,29,3336.6,16380.0,
2026-09-05T00:49:28.150832+00:00,03_vlm_polymer_real_synth,4,4,8.5,12.87,30.49,1501.51,NVIDIA GeForce RTX 4060 Ti,39,67.93,36,3336.6,16380.0,
2026-09-05T00:49:38.185782+00:00,03_vlm_polymer_real_synth,4,4,8.5,12.9,30.49,1501.51,NVIDIA GeForce RTX 4060 Ti,37,65.58,50,3336.6,16380.0,
2026-09-05T00:49:48.242562+00:00,03_vlm_polymer_real_synth,4,4,8.7,12.91,30.49,1501.51,NVIDIA GeForce RTX 4060 Ti,37,66.3,59,3336.6,16380.0,
2026-09-05T00:49:58.305825+00:00,03_vlm_polymer_real_synth,4,4,8.5,12.91,30.49,1501.51,NVIDIA GeForce RTX 4060 Ti,39,64.61,28,3336.6,16380.0,
2026-09-05T00:50:08.375842+00:00,03_vlm_polymer_real_synth,4,4,8.6,12.89,30.49,1501.51,NVIDIA GeForce RTX 4060 Ti,41,66.17,55,3336.6,16380.0,
2026-09-05T00:50:18.438818+00:00,03_vlm_polymer_real_synth,4,4,8.5,12.89,30.49,1501.51,NVIDIA GeForce RTX 4060 Ti,39,66.28,51,3336.6,16380.0,
2026-09-05T00:50:28.508829+00:00,03_vlm_polymer_real_synth,4,4,8.5,12.88,30.49,1501.51,NVIDIA GeForce RTX 4060 Ti,38,67.77,40,3336.6,16380.0,
2026-09-05T00:50:38.573830+00:00,03_vlm_polymer_real_synth,4,4,8.5,12.91,30.49,1501.51,NVIDIA GeForce RTX 4060 Ti,39,66.24,50,3336.6,16380.0,
2026-09-05T00:50:48.637897+00:00,03_vlm_polymer_real_synth,4,4,8.5,12.91,30.49,1501.51,NVIDIA GeForce RTX 4060 Ti,39,66.31,0,3336.6,16380.0,
2026-09-05T00:50:58.700826+00:00,03_vlm_polymer_real_synth,4,4,8.5,12.87,30.49,1501.51,NVIDIA GeForce RTX 4060 Ti,39,67.56,37,3336.6,16380.0,
2026-09-05T00:51:08.771833+00:00,03_vlm_polymer_real_synth,4,4,8.5,12.87,30.49,1501.51,NVIDIA GeForce RTX 4060 Ti,39,66.08,54,3336.6,16380.0,
2026-09-05T00:51:18.835830+00:00,03_vlm_polymer_real_synth,4,4,8.5,12.89,30.49,1501.51,NVIDIA GeForce RTX 4060 Ti,37,66.21,78,3336.6,16380.0,
2026-09-05T00:51:28.901913+00:00,03_vlm_polymer_real_synth,4,4,8.5,12.87,30.49,1501.51,NVIDIA GeForce RTX 4060 Ti,39,68.67,77,3336.6,16380.0,
2026-09-05T00:51:38.964823+00:00,03_vlm_polymer_real_synth,4,4,8.6,12.87,30.49,1501.51,NVIDIA GeForce RTX 4060 Ti,39,66.95,55,3336.6,16380.0,
2026-09-05T00:51:49.032818+00:00,03_vlm_polymer_real_synth,4,4,8.5,12.89,30.49,1501.51,NVIDIA GeForce RTX 4060 Ti,37,67.6,37,3336.6,16380.0,
2026-09-05T00:51:59.095832+00:00,03_vlm_polymer_real_synth,4,4,8.5,12.88,30.49,1501.51,NVIDIA GeForce RTX 4060 Ti,37,66.3,40,3336.6,16380.0,
2026-09-05T00:52:09.158826+00:00,03_vlm_polymer_real_synth,4,4,8.5,12.87,30.49,1501.51,NVIDIA GeForce RTX 4060 Ti,39,66.85,70,3336.6,16380.0,
2026-09-05T00:52:19.203354+00:00,03_vlm_polymer_real_synth,4,4,8.5,12.88,30.49,1501.51,NVIDIA GeForce RTX 4060 Ti,39,66.36,36,3336.6,16380.0,
2026-09-05T00:52:29.268837+00:00,03_vlm_polymer_real_synth,4,4,14.0,12.94,30.49,1501.51,NVIDIA GeForce RTX 4060 Ti,37,66.48,54,3336.6,16380.0,
2026-09-05T00:52:39.331830+00:00,03_vlm_polymer_real_synth,4,4,15.4,13.06,30.49,1501.51,NVIDIA GeForce RTX 4060 Ti,39,65.51,6,3336.6,16380.0,
2026-09-05T00:52:49.367402+00:00,03_vlm_polymer_real_synth,4,4,14.6,13.05,30.49,1501.51,NVIDIA GeForce RTX 4060 Ti,40,68.3,49,3336.6,16380.0,
2026-09-05T00:52:59.403909+00:00,03_vlm_polymer_real_synth,4,4,10.0,12.88,30.49,1501.51,NVIDIA GeForce RTX 4060 Ti,37,66.33,56,3336.6,16380.0,
2026-09-05T00:53:09.466826+00:00,03_vlm_polymer_real_synth,4,4,8.5,12.89,30.49,1501.51,NVIDIA GeForce RTX 4060 Ti,39,68.65,17,3336.6,16380.0,
2026-09-05T00:53:19.529831+00:00,03_vlm_polymer_real_synth,4,4,8.5,12.92,30.49,1501.51,NVIDIA GeForce RTX 4060 Ti,40,70.6,79,3336.6,16380.0,
2026-09-05T00:53:29.595136+00:00,03_vlm_polymer_real_synth,4,4,8.5,12.93,30.49,1501.51,NVIDIA GeForce RTX 4060 Ti,39,66.61,77,3336.6,16380.0,
2026-09-05T00:53:39.658712+00:00,03_vlm_polymer_real_synth,4,4,8.6,12.92,30.49,1501.51,NVIDIA GeForce RTX 4060 Ti,37,67.91,59,3336.6,16380.0,
2026-09-05T00:53:49.721821+00:00,03_vlm_polymer_real_synth,4,4,8.5,12.9,30.49,1501.51,NVIDIA GeForce RTX 4060 Ti,41,68.41,8,3336.6,16380.0,
2026-09-05T00:53:59.785826+00:00,03_vlm_polymer_real_synth,4,4,8.5,12.9,30.49,1501.51,NVIDIA GeForce RTX 4060 Ti,40,69.64,52,3336.6,16380.0,
2026-09-05T00:54:09.857869+00:00,03_vlm_polymer_real_synth,4,4,8.5,12.93,30.49,1501.51,NVIDIA GeForce RTX 4060 Ti,38,66.5,48,3336.6,16380.0,
2026-09-05T00:54:19.920836+00:00,03_vlm_polymer_real_synth,4,4,8.5,12.92,30.49,1501.51,NVIDIA GeForce RTX 4060 Ti,37,67.21,2,3336.6,16380.0,
2026-09-05T00:54:29.951230+00:00,03_vlm_polymer_real_synth,4,4,8.5,12.93,30.49,1501.51,NVIDIA GeForce RTX 4060 Ti,38,66.47,76,3336.6,16380.0,
2026-09-05T00:54:40.014740+00:00,03_vlm_polymer_real_synth,4,4,8.6,12.96,30.49,1501.51,NVIDIA GeForce RTX 4060 Ti,39,66.46,54,3336.6,16380.0,
2026-09-05T00:54:50.045120+00:00,03_vlm_polymer_real_synth,4,4,8.7,12.97,30.49,1501.51,NVIDIA GeForce RTX 4060 Ti,37,68.35,0,3336.6,16380.0,
2026-09-05T00:55:00.107830+00:00,03_vlm_polymer_real_synth,4,4,8.5,12.91,30.49,1501.51,NVIDIA GeForce RTX 4060 Ti,41,66.94,59,3336.6,16380.0,
2026-09-05T00:55:10.172492+00:00,03_vlm_polymer_real_synth,4,4,8.5,12.9,30.49,1501.51,NVIDIA GeForce RTX 4060 Ti,39,66.25,45,3336.6,16380.0,
2026-09-05T00:55:20.236835+00:00,03_vlm_polymer_real_synth,4,4,8.5,12.93,30.49,1501.51,NVIDIA GeForce RTX 4060 Ti,39,68.19,54,3336.6,16380.0,
2026-09-05T00:55:30.266587+00:00,03_vlm_polymer_real_synth,4,4,8.5,12.93,30.49,1501.51,NVIDIA GeForce RTX 4060 Ti,37,66.49,0,3336.6,16380.0,
2026-09-05T00:55:40.335794+00:00,03_vlm_polymer_real_synth,4,4,8.6,12.95,30.49,1501.51,NVIDIA GeForce RTX 4060 Ti,39,66.39,15,3336.6,16380.0,
2026-09-05T00:55:50.405827+00:00,03_vlm_polymer_real_synth,4,4,8.5,12.92,30.49,1501.51,NVIDIA GeForce RTX 4060 Ti,37,69.58,43,3336.6,16380.0,
2026-09-05T00:56:00.470582+00:00,03_vlm_polymer_real_synth,4,4,8.5,12.91,30.49,1501.51,NVIDIA GeForce RTX 4060 Ti,39,68.66,41,3336.6,16380.0,
2026-09-05T00:56:10.535664+00:00,03_vlm_polymer_real_synth,4,4,8.5,12.91,30.49,1501.51,NVIDIA GeForce RTX 4060 Ti,39,68.11,53,3336.6,16380.0,
2026-09-05T00:56:20.568845+00:00,03_vlm_polymer_real_synth,4,4,8.5,12.95,30.49,1501.51,NVIDIA GeForce RTX 4060 Ti,39,66.64,51,3336.6,16380.0,
2026-09-05T00:56:30.599032+00:00,03_vlm_polymer_real_synth,4,4,8.5,12.93,30.49,1501.51,NVIDIA GeForce RTX 4060 Ti,39,70.48,51,3336.6,16380.0,
2026-09-05T00:56:40.662558+00:00,03_vlm_polymer_real_synth,4,4,8.6,12.97,30.49,1501.51,NVIDIA GeForce RTX 4060 Ti,39,73.39,70,3336.6,16380.0,
2026-09-05T00:56:50.691554+00:00,03_vlm_polymer_real_synth,4,4,8.5,12.94,30.49,1501.51,NVIDIA GeForce RTX 4060 Ti,40,67.27,0,3336.6,16380.0,
2026-09-05T00:57:00.755817+00:00,03_vlm_polymer_real_synth,4,4,8.5,12.97,30.49,1501.51,NVIDIA GeForce RTX 4060 Ti,38,66.38,38,3336.6,16380.0,
2026-09-05T00:57:10.808696+00:00,03_vlm_polymer_real_synth,4,4,8.5,12.93,30.49,1501.51,NVIDIA GeForce RTX 4060 Ti,37,66.12,56,3336.6,16380.0,
2026-09-05T00:57:20.835832+00:00,03_vlm_polymer_real_synth,4,4,8.5,12.91,30.49,1501.51,NVIDIA GeForce RTX 4060 Ti,39,67.21,35,3336.6,16380.0,
2026-09-05T00:57:30.901618+00:00,03_vlm_polymer_real_synth,4,4,8.5,12.92,30.49,1501.51,NVIDIA GeForce RTX 4060 Ti,37,66.09,0,3336.6,16380.0,
2026-09-05T00:57:40.970767+00:00,03_vlm_polymer_real_synth,4,4,8.5,12.92,30.49,1501.51,NVIDIA GeForce RTX 4060 Ti,39,66.31,61,3336.6,16380.0,
2026-09-05T00:57:50.987836+00:00,03_vlm_polymer_real_synth,4,4,8.5,12.96,30.49,1501.51,NVIDIA GeForce RTX 4060 Ti,37,68.25,0,3336.6,16380.0,
2026-09-05T00:58:01.052498+00:00,03_vlm_polymer_real_synth,4,4,8.6,12.97,30.49,1501.51,NVIDIA GeForce RTX 4060 Ti,41,66.34,59,3336.6,16380.0,
2026-09-05T00:58:11.119845+00:00,03_vlm_polymer_real_synth,4,4,8.6,12.96,30.49,1501.51,NVIDIA GeForce RTX 4060 Ti,39,66.33,49,3336.6,16380.0,
2026-09-05T00:58:21.186830+00:00,03_vlm_polymer_real_synth,4,4,8.5,12.95,30.49,1501.51,NVIDIA GeForce RTX 4060 Ti,41,68.24,57,3336.6,16380.0,
2026-09-05T00:58:31.254847+00:00,03_vlm_polymer_real_synth,4,4,8.5,12.95,30.49,1501.51,NVIDIA GeForce RTX 4060 Ti,38,67.4,76,3336.6,16380.0,
2026-09-05T00:58:41.317847+00:00,03_vlm_polymer_real_synth,4,4,8.5,12.95,30.49,1501.51,NVIDIA GeForce RTX 4060 Ti,38,66.52,76,3336.6,16380.0,
2026-09-05T00:58:51.354250+00:00,03_vlm_polymer_real_synth,4,4,8.5,12.91,30.49,1501.51,NVIDIA GeForce RTX 4060 Ti,37,66.57,9,3336.6,16380.0,
2026-09-05T00:59:01.418826+00:00,03_vlm_polymer_real_synth,4,4,8.5,12.92,30.49,1501.51,NVIDIA GeForce RTX 4060 Ti,41,68.74,0,3336.6,16380.0,
2026-09-05T00:59:11.481828+00:00,03_vlm_polymer_real_synth,4,4,8.6,12.91,30.49,1501.51,NVIDIA GeForce RTX 4060 Ti,41,66.41,0,3336.6,16380.0,
2026-09-05T00:59:21.544815+00:00,03_vlm_polymer_real_synth,4,4,8.8,12.89,30.49,1501.51,NVIDIA GeForce RTX 4060 Ti,40,71.69,63,3336.6,16380.0,
2026-09-05T00:59:31.607838+00:00,03_vlm_polymer_real_synth,4,4,8.5,12.9,30.49,1501.51,NVIDIA GeForce RTX 4060 Ti,41,69.83,8,3336.6,16380.0,
2026-09-05T00:59:41.672827+00:00,03_vlm_polymer_real_synth,4,4,8.5,12.92,30.49,1501.51,NVIDIA GeForce RTX 4060 Ti,39,66.04,47,3336.6,16380.0,
2026-09-05T00:59:51.735824+00:00,03_vlm_polymer_real_synth,4,4,8.7,12.9,30.49,1501.51,NVIDIA GeForce RTX 4060 Ti,38,59.77,14,3336.6,16380.0,
2026-09-05T01:00:01.798825+00:00,03_vlm_polymer_real_synth,4,4,8.5,12.9,30.49,1501.51,NVIDIA GeForce RTX 4060 Ti,39,60.9,50,3336.6,16380.0,
2026-09-05T01:00:11.861832+00:00,03_vlm_polymer_real_synth,4,4,8.6,12.91,30.49,1501.51,NVIDIA GeForce RTX 4060 Ti,38,58.11,46,3336.6,16380.0,
2026-09-05T01:00:21.924837+00:00,03_vlm_polymer_real_synth,4,4,8.5,12.91,30.49,1501.51,NVIDIA GeForce RTX 4060 Ti,38,59.83,31,3336.6,16380.0,
2026-09-05T01:00:31.992826+00:00,03_vlm_polymer_real_synth,4,4,8.1,12.9,30.49,1501.51,NVIDIA GeForce RTX 4060 Ti,38,69.67,0,3336.6,16380.0,
2026-09-05T01:00:42.056822+00:00,03_vlm_polymer_real_synth,4,4,8.5,12.88,30.49,1501.51,NVIDIA GeForce RTX 4060 Ti,38,69.11,0,3336.6,16380.0,
2026-09-05T01:00:52.125833+00:00,03_vlm_polymer_real_synth,4,4,8.5,12.9,30.49,1501.51,NVIDIA GeForce RTX 4060 Ti,39,66.43,59,3336.6,16380.0,
2026-09-05T01:01:02.190839+00:00,03_vlm_polymer_real_synth,4,4,8.5,12.9,30.49,1501.51,NVIDIA GeForce RTX 4060 Ti,38,66.41,0,3336.6,16380.0,
2026-09-05T01:01:12.253825+00:00,03_vlm_polymer_real_synth,4,4,8.5,12.89,30.49,1501.51,NVIDIA GeForce RTX 4060 Ti,39,68.08,55,3336.6,16380.0,
2026-09-05T01:01:22.317849+00:00,03_vlm_polymer_real_synth,4,4,8.5,12.88,30.49,1501.51,NVIDIA GeForce RTX 4060 Ti,39,71.97,53,3336.6,16380.0,
2026-09-05T01:01:32.341650+00:00,03_vlm_polymer_real_synth,4,4,8.5,12.85,30.49,1501.51,NVIDIA GeForce RTX 4060 Ti,40,68.94,56,3336.6,16380.0,
2026-09-05T01:01:42.405306+00:00,03_vlm_polymer_real_synth,4,4,8.7,12.85,30.49,1501.51,NVIDIA GeForce RTX 4060 Ti,38,70.44,54,3336.6,16380.0,
2026-09-05T01:01:52.424864+00:00,03_vlm_polymer_real_synth,4,4,8.5,12.86,30.49,1501.51,NVIDIA GeForce RTX 4060 Ti,40,66.39,73,3336.6,16380.0,
2026-09-05T01:02:02.484829+00:00,03_vlm_polymer_real_synth,4,4,8.5,12.86,30.49,1501.51,NVIDIA GeForce RTX 4060 Ti,37,68.51,61,3336.6,16380.0,
2026-09-05T01:02:12.549889+00:00,03_vlm_polymer_real_synth,4,4,8.5,12.89,30.49,1501.51,NVIDIA GeForce RTX 4060 Ti,41,66.36,14,3336.6,16380.0,
2026-09-05T01:02:22.601868+00:00,03_vlm_polymer_real_synth,4,4,8.5,12.87,30.49,1501.51,NVIDIA GeForce RTX 4060 Ti,41,66.4,0,3336.6,16380.0,
2026-09-05T01:02:32.667093+00:00,03_vlm_polymer_real_synth,4,4,8.6,12.88,30.49,1501.51,NVIDIA GeForce RTX 4060 Ti,37,66.6,49,3336.6,16380.0,
2026-09-05T01:02:42.701574+00:00,03_vlm_polymer_real_synth,4,4,8.5,12.87,30.49,1501.51,NVIDIA GeForce RTX 4060 Ti,41,70.05,10,3336.6,16380.0,
2026-09-05T01:02:52.772817+00:00,03_vlm_polymer_real_synth,4,4,8.5,12.9,30.49,1501.51,NVIDIA GeForce RTX 4060 Ti,40,70.21,0,3336.6,16380.0,
2026-09-05T01:03:02.835828+00:00,03_vlm_polymer_real_synth,4,4,8.5,12.87,30.49,1501.51,NVIDIA GeForce RTX 4060 Ti,37,68.59,59,3336.6,16380.0,
2026-09-05T01:03:12.904846+00:00,03_vlm_polymer_real_synth,4,4,8.6,12.87,30.49,1501.51,NVIDIA GeForce RTX 4060 Ti,37,66.38,2,3336.6,16380.0,
2026-09-05T01:03:22.974827+00:00,03_vlm_polymer_real_synth,4,4,8.5,12.87,30.49,1501.51,NVIDIA GeForce RTX 4060 Ti,40,67.99,0,3336.6,16380.0,
2026-09-05T01:03:33.044831+00:00,03_vlm_polymer_real_synth,4,4,8.5,12.86,30.49,1501.51,NVIDIA GeForce RTX 4060 Ti,39,66.39,27,3336.6,16380.0,
2026-09-05T01:03:43.082466+00:00,03_vlm_polymer_real_synth,4,4,8.5,12.86,30.49,1501.51,NVIDIA GeForce RTX 4060 Ti,37,68.54,40,3336.6,16380.0,
2026-09-05T01:03:53.114086+00:00,03_vlm_polymer_real_synth,4,4,8.5,12.86,30.49,1501.51,NVIDIA GeForce RTX 4060 Ti,37,69.06,40,3336.6,16380.0,
2026-09-05T01:04:03.177826+00:00,03_vlm_polymer_real_synth,4,4,8.5,12.85,30.49,1501.51,NVIDIA GeForce RTX 4060 Ti,39,68.65,49,3336.6,16380.0,
2026-09-05T01:04:13.241843+00:00,03_vlm_polymer_real_synth,4,4,8.6,12.85,30.49,1501.51,NVIDIA GeForce RTX 4060 Ti,41,69.66,60,3336.6,16380.0,
2026-09-05T01:04:23.304827+00:00,03_vlm_polymer_real_synth,4,4,8.5,12.85,30.49,1501.51,NVIDIA GeForce RTX 4060 Ti,39,69.95,56,3336.6,16380.0,
2026-09-05T01:04:33.367820+00:00,03_vlm_polymer_real_synth,4,4,8.5,12.87,30.49,1501.51,NVIDIA GeForce RTX 4060 Ti,37,67.95,47,3336.6,16380.0,
2026-09-05T01:04:43.437903+00:00,03_vlm_polymer_real_synth,4,4,8.6,12.88,30.49,1501.51,NVIDIA GeForce RTX 4060 Ti,38,66.48,55,3336.6,16380.0,
2026-09-05T01:04:53.464546+00:00,03_vlm_polymer_real_synth,4,4,8.6,12.87,30.49,1501.51,NVIDIA GeForce RTX 4060 Ti,39,69.53,23,3336.6,16380.0,
2026-09-05T01:05:03.527819+00:00,03_vlm_polymer_real_synth,4,4,8.5,12.88,30.49,1501.51,NVIDIA GeForce RTX 4060 Ti,41,66.45,53,3336.6,16380.0,
2026-09-05T01:05:13.592824+00:00,03_vlm_polymer_real_synth,4,4,8.6,12.88,30.49,1501.51,NVIDIA GeForce RTX 4060 Ti,42,70.72,31,3336.6,16380.0,
2026-09-05T01:05:23.656900+00:00,03_vlm_polymer_real_synth,4,4,8.5,12.91,30.49,1501.51,NVIDIA GeForce RTX 4060 Ti,37,69.46,40,3336.6,16380.0,
2026-09-05T01:05:33.719830+00:00,03_vlm_polymer_real_synth,4,4,8.5,12.88,30.49,1501.51,NVIDIA GeForce RTX 4060 Ti,37,69.26,66,3336.6,16380.0,
2026-09-05T01:05:43.783831+00:00,03_vlm_polymer_real_synth,4,4,8.5,12.88,30.49,1501.51,NVIDIA GeForce RTX 4060 Ti,37,69.19,66,3336.6,16380.0,
2026-09-05T01:05:53.847837+00:00,03_vlm_polymer_real_synth,4,4,8.5,12.87,30.49,1501.51,NVIDIA GeForce RTX 4060 Ti,41,66.23,56,3336.6,16380.0,
2026-09-05T01:06:03.914435+00:00,03_vlm_polymer_real_synth,4,4,8.5,12.87,30.49,1501.51,NVIDIA GeForce RTX 4060 Ti,38,70.65,72,3336.6,16380.0,
2026-09-05T01:06:13.977835+00:00,03_vlm_polymer_real_synth,4,4,8.5,12.86,30.49,1501.51,NVIDIA GeForce RTX 4060 Ti,37,67.1,25,3336.6,16380.0,
2026-09-05T01:06:24.046823+00:00,03_vlm_polymer_real_synth,4,4,8.5,12.91,30.49,1501.51,NVIDIA GeForce RTX 4060 Ti,39,68.76,27,3336.6,16380.0,
2026-09-05T01:06:34.109820+00:00,03_vlm_polymer_real_synth,4,4,8.5,12.88,30.49,1501.51,NVIDIA GeForce RTX 4060 Ti,37,68.97,46,3336.6,16380.0,
2026-09-05T01:06:44.178825+00:00,03_vlm_polymer_real_synth,4,4,8.6,12.9,30.49,1501.51,NVIDIA GeForce RTX 4060 Ti,38,70.74,68,3336.6,16380.0,
2026-09-05T01:06:54.243834+00:00,03_vlm_polymer_real_synth,4,4,8.5,12.85,30.49,1501.51,NVIDIA GeForce RTX 4060 Ti,39,66.35,18,3336.6,16380.0,
2026-09-05T01:07:04.310471+00:00,03_vlm_polymer_real_synth,4,4,8.5,12.84,30.49,1501.51,NVIDIA GeForce RTX 4060 Ti,40,68.65,0,3336.6,16380.0,
2026-09-05T01:07:14.374849+00:00,03_vlm_polymer_real_synth,4,4,8.5,12.89,30.49,1501.51,NVIDIA GeForce RTX 4060 Ti,40,68.36,58,3336.6,16380.0,
2026-09-05T01:07:24.438841+00:00,03_vlm_polymer_real_synth,4,4,8.5,12.88,30.49,1501.51,NVIDIA GeForce RTX 4060 Ti,39,69.41,15,3336.6,16380.0,
2026-09-05T01:07:34.501890+00:00,03_vlm_polymer_real_synth,4,4,8.5,12.86,30.49,1501.51,NVIDIA GeForce RTX 4060 Ti,37,67.42,55,3336.6,16380.0,
2026-09-05T01:07:44.541699+00:00,03_vlm_polymer_real_synth,4,4,8.6,12.88,30.49,1501.51,NVIDIA GeForce RTX 4060 Ti,39,69.45,64,3336.6,16380.0,
2026-09-05T01:07:54.604818+00:00,03_vlm_polymer_real_synth,4,4,8.5,12.87,30.49,1501.51,NVIDIA GeForce RTX 4060 Ti,38,69.3,69,3336.6,16380.0,
2026-09-05T01:08:04.668830+00:00,03_vlm_polymer_real_synth,4,4,8.5,12.88,30.49,1501.51,NVIDIA GeForce RTX 4060 Ti,37,71.56,54,3336.6,16380.0,
2026-09-05T01:08:14.732348+00:00,03_vlm_polymer_real_synth,4,4,8.5,12.87,30.49,1501.51,NVIDIA GeForce RTX 4060 Ti,39,69.01,63,3336.6,16380.0,
2026-09-05T01:08:24.796831+00:00,03_vlm_polymer_real_synth,4,4,8.5,12.85,30.49,1501.51,NVIDIA GeForce RTX 4060 Ti,37,66.5,61,3336.6,16380.0,
2026-09-05T01:08:34.850658+00:00,03_vlm_polymer_real_synth,4,4,8.5,12.88,30.49,1501.51,NVIDIA GeForce RTX 4060 Ti,40,66.55,14,3336.6,16380.0,
2026-09-05T01:08:44.913841+00:00,03_vlm_polymer_real_synth,4,4,8.6,12.89,30.49,1501.51,NVIDIA GeForce RTX 4060 Ti,42,66.52,0,3336.6,16380.0,
2026-09-05T01:08:54.978892+00:00,03_vlm_polymer_real_synth,4,4,8.5,12.89,30.49,1501.51,NVIDIA GeForce RTX 4060 Ti,41,66.61,54,3336.6,16380.0,
2026-09-05T01:09:05.041835+00:00,03_vlm_polymer_real_synth,4,4,8.5,12.89,30.49,1501.51,NVIDIA GeForce RTX 4060 Ti,41,66.52,60,3336.6,16380.0,
2026-09-05T01:09:15.111858+00:00,03_vlm_polymer_real_synth,4,4,8.5,12.88,30.49,1501.51,NVIDIA GeForce RTX 4060 Ti,38,70.54,17,3336.6,16380.0,
2026-09-05T01:09:25.175427+00:00,03_vlm_polymer_real_synth,4,4,8.5,12.89,30.49,1501.51,NVIDIA GeForce RTX 4060 Ti,39,67.72,56,3336.6,16380.0,
2026-09-05T01:09:35.240267+00:00,03_vlm_polymer_real_synth,4,4,8.5,12.87,30.49,1501.51,NVIDIA GeForce RTX 4060 Ti,39,69.32,54,3336.6,16380.0,
2026-09-05T01:09:45.275140+00:00,03_vlm_polymer_real_synth,4,4,8.6,12.91,30.49,1501.51,NVIDIA GeForce RTX 4060 Ti,38,68.15,0,3336.6,16380.0,
2026-09-05T01:09:55.338695+00:00,03_vlm_polymer_real_synth,4,4,8.5,12.93,30.49,1501.51,NVIDIA GeForce RTX 4060 Ti,37,67.98,1,3336.6,16380.0,
2026-09-05T01:10:05.385947+00:00,03_vlm_polymer_real_synth,4,4,8.5,12.89,30.49,1501.51,NVIDIA GeForce RTX 4060 Ti,39,68.17,80,3336.6,16380.0,
2026-09-05T01:10:15.449486+00:00,03_vlm_polymer_real_synth,4,4,8.6,12.9,30.49,1501.51,NVIDIA GeForce RTX 4060 Ti,38,70.39,58,3336.6,16380.0,
2026-09-05T01:10:25.515491+00:00,03_vlm_polymer_real_synth,4,4,8.5,12.89,30.49,1501.51,NVIDIA GeForce RTX 4060 Ti,37,69.17,72,3336.6,16380.0,
2026-09-05T01:10:35.584885+00:00,03_vlm_polymer_real_synth,4,4,8.5,12.89,30.49,1501.51,NVIDIA GeForce RTX 4060 Ti,40,69.75,51,3336.6,16380.0,
2026-09-05T01:10:45.654665+00:00,03_vlm_polymer_real_synth,4,4,8.6,12.93,30.49,1501.51,NVIDIA GeForce RTX 4060 Ti,39,67.64,0,3336.6,16380.0,
2026-09-05T01:10:55.700369+00:00,03_vlm_polymer_real_synth,4,4,8.5,12.89,30.49,1501.51,NVIDIA GeForce RTX 4060 Ti,39,67.43,63,3336.6,16380.0,
2026-09-05T01:11:05.718428+00:00,03_vlm_polymer_real_synth,4,4,8.5,12.88,30.49,1501.51,NVIDIA GeForce RTX 4060 Ti,39,66.48,70,3336.6,16380.0,
2026-09-05T01:11:15.761368+00:00,03_vlm_polymer_real_synth,4,4,8.5,12.93,30.49,1501.51,NVIDIA GeForce RTX 4060 Ti,39,66.61,66,3336.6,16380.0,
2026-09-05T01:11:25.822807+00:00,03_vlm_polymer_real_synth,4,4,8.5,12.92,30.49,1501.51,NVIDIA GeForce RTX 4060 Ti,38,66.39,50,3336.6,16380.0,
2026-09-05T01:11:35.861364+00:00,03_vlm_polymer_real_synth,4,4,8.5,12.88,30.49,1501.51,NVIDIA GeForce RTX 4060 Ti,39,67.87,69,3336.6,16380.0,
2026-09-05T01:11:45.929850+00:00,03_vlm_polymer_real_synth,4,4,8.5,12.89,30.49,1501.51,NVIDIA GeForce RTX 4060 Ti,37,61.42,36,3336.6,16380.0,
2026-09-05T01:11:55.945835+00:00,03_vlm_polymer_real_synth,4,4,8.5,12.89,30.49,1501.51,NVIDIA GeForce RTX 4060 Ti,39,61.34,26,3336.6,16380.0,
2026-09-05T01:12:05.973035+00:00,03_vlm_polymer_real_synth,4,4,8.5,12.9,30.49,1501.51,NVIDIA GeForce RTX 4060 Ti,37,60.68,43,3336.6,16380.0,
2026-09-05T01:12:16.034998+00:00,03_vlm_polymer_real_synth,4,4,8.8,12.91,30.49,1501.51,NVIDIA GeForce RTX 4060 Ti,37,62.6,50,3336.6,16380.0,
2026-09-05T01:12:26.097845+00:00,03_vlm_polymer_real_synth,4,4,8.5,12.9,30.49,1501.51,NVIDIA GeForce RTX 4060 Ti,41,67.18,64,3336.6,16380.0,
2026-09-05T01:12:36.155727+00:00,03_vlm_polymer_real_synth,4,4,8.6,12.93,30.49,1501.51,NVIDIA GeForce RTX 4060 Ti,39,66.3,38,3336.6,16380.0,
2026-09-05T01:12:46.224854+00:00,03_vlm_polymer_real_synth,4,4,8.5,12.89,30.49,1501.51,NVIDIA GeForce RTX 4060 Ti,38,69.43,76,3336.6,16380.0,
2026-09-05T01:12:56.288380+00:00,03_vlm_polymer_real_synth,4,4,8.5,12.91,30.49,1501.51,NVIDIA GeForce RTX 4060 Ti,37,70.52,10,3336.6,16380.0,
2026-09-05T01:13:06.358597+00:00,03_vlm_polymer_real_synth,4,4,8.5,12.89,30.49,1501.51,NVIDIA GeForce RTX 4060 Ti,39,73.43,33,3336.6,16380.0,
2026-09-05T01:13:16.421190+00:00,03_vlm_polymer_real_synth,4,4,8.5,12.89,30.49,1501.51,NVIDIA GeForce RTX 4060 Ti,41,70.02,56,3336.6,16380.0,
2026-09-05T01:13:26.484709+00:00,03_vlm_polymer_real_synth,4,4,8.5,12.89,30.49,1501.51,NVIDIA GeForce RTX 4060 Ti,38,66.43,34,3336.6,16380.0,
2026-09-05T01:13:36.551839+00:00,03_vlm_polymer_real_synth,4,4,8.5,12.9,30.49,1501.51,NVIDIA GeForce RTX 4060 Ti,39,66.02,46,3336.6,16380.0,
2026-09-05T01:13:46.579843+00:00,03_vlm_polymer_real_synth,4,4,8.5,12.89,30.49,1501.51,NVIDIA GeForce RTX 4060 Ti,39,66.3,0,3336.6,16380.0,
2026-09-05T01:13:56.643124+00:00,03_vlm_polymer_real_synth,4,4,8.5,12.9,30.49,1501.51,NVIDIA GeForce RTX 4060 Ti,39,66.72,26,3336.6,16380.0,
2026-09-05T01:14:06.709263+00:00,03_vlm_polymer_real_synth,4,4,8.5,12.9,30.49,1501.51,NVIDIA GeForce RTX 4060 Ti,37,70.25,76,3336.6,16380.0,
2026-09-05T01:14:16.771964+00:00,03_vlm_polymer_real_synth,4,4,8.5,12.92,30.49,1501.51,NVIDIA GeForce RTX 4060 Ti,38,68.06,52,3336.6,16380.0,
2026-09-05T01:14:26.797729+00:00,03_vlm_polymer_real_synth,4,4,8.5,12.9,30.49,1501.51,NVIDIA GeForce RTX 4060 Ti,38,68.48,70,3336.6,16380.0,
2026-09-05T01:14:36.862274+00:00,03_vlm_polymer_real_synth,4,4,8.5,12.9,30.49,1501.51,NVIDIA GeForce RTX 4060 Ti,41,66.6,31,3336.6,16380.0,
2026-09-05T01:14:46.925780+00:00,03_vlm_polymer_real_synth,4,4,8.6,12.94,30.49,1501.51,NVIDIA GeForce RTX 4060 Ti,37,70.36,65,3336.6,16380.0,
2026-09-05T01:14:56.980881+00:00,03_vlm_polymer_real_synth,4,4,8.6,12.93,30.49,1501.51,NVIDIA GeForce RTX 4060 Ti,41,70.72,39,3336.6,16380.0,
2026-09-05T01:15:07.021532+00:00,03_vlm_polymer_real_synth,4,4,8.5,12.92,30.49,1501.51,NVIDIA GeForce RTX 4060 Ti,37,67.89,27,3336.6,16380.0,
2026-09-05T01:15:17.091268+00:00,03_vlm_polymer_real_synth,4,4,8.5,12.93,30.49,1501.51,NVIDIA GeForce RTX 4060 Ti,37,70.54,0,3336.6,16380.0,
2026-09-05T01:15:27.155092+00:00,03_vlm_polymer_real_synth,4,4,8.5,12.93,30.49,1501.51,NVIDIA GeForce RTX 4060 Ti,38,69.95,75,3336.6,16380.0,
2026-09-05T01:15:37.224878+00:00,03_vlm_polymer_real_synth,4,4,8.5,12.96,30.49,1501.51,NVIDIA GeForce RTX 4060 Ti,40,68.9,59,3336.6,16380.0,
2026-09-05T01:15:47.241683+00:00,03_vlm_polymer_real_synth,4,4,8.5,12.94,30.49,1501.51,NVIDIA GeForce RTX 4060 Ti,41,67.25,63,3336.6,16380.0,
2026-09-05T01:15:57.312951+00:00,03_vlm_polymer_real_synth,4,4,8.5,12.94,30.49,1501.51,NVIDIA GeForce RTX 4060 Ti,38,66.28,76,3336.6,16380.0,
2026-09-05T01:16:07.382843+00:00,03_vlm_polymer_real_synth,4,4,8.5,12.95,30.49,1501.51,NVIDIA GeForce RTX 4060 Ti,39,65.93,62,3336.6,16380.0,
2026-09-05T01:16:17.445826+00:00,03_vlm_polymer_real_synth,4,4,8.5,12.95,30.49,1501.51,NVIDIA GeForce RTX 4060 Ti,39,67.66,36,3336.6,16380.0,
2026-09-05T01:16:27.510833+00:00,03_vlm_polymer_real_synth,4,4,8.5,12.95,30.49,1501.51,NVIDIA GeForce RTX 4060 Ti,40,69.92,62,3336.6,16380.0,
2026-09-05T01:16:37.557237+00:00,03_vlm_polymer_real_synth,4,4,8.5,12.94,30.49,1501.51,NVIDIA GeForce RTX 4060 Ti,39,70.36,17,3336.6,16380.0,
2026-09-05T01:16:47.620829+00:00,03_vlm_polymer_real_synth,4,4,8.5,12.92,30.49,1501.51,NVIDIA GeForce RTX 4060 Ti,38,68.75,39,3336.6,16380.0,
2026-09-05T01:16:57.676086+00:00,03_vlm_polymer_real_synth,4,4,8.5,12.93,30.49,1501.51,NVIDIA GeForce RTX 4060 Ti,40,66.32,74,3336.6,16380.0,
2026-09-05T01:17:07.709825+00:00,03_vlm_polymer_real_synth,4,4,8.5,12.94,30.49,1501.51,NVIDIA GeForce RTX 4060 Ti,38,70.01,53,3336.6,16380.0,
2026-09-05T01:17:17.735827+00:00,03_vlm_polymer_real_synth,4,4,8.5,12.94,30.49,1501.51,NVIDIA GeForce RTX 4060 Ti,39,68.56,53,3336.6,16380.0,
2026-09-05T01:17:27.800757+00:00,03_vlm_polymer_real_synth,4,4,8.5,12.95,30.49,1501.51,NVIDIA GeForce RTX 4060 Ti,40,67.69,0,3336.6,16380.0,
2026-09-05T01:17:37.865739+00:00,03_vlm_polymer_real_synth,4,4,8.5,12.95,30.49,1501.51,NVIDIA GeForce RTX 4060 Ti,37,69.09,50,3336.6,16380.0,
2026-09-05T01:17:47.900912+00:00,03_vlm_polymer_real_synth,4,4,8.5,12.99,30.49,1501.51,NVIDIA GeForce RTX 4060 Ti,39,67.26,9,3336.6,16380.0,
2026-09-05T01:17:57.963832+00:00,03_vlm_polymer_real_synth,4,4,8.5,12.95,30.49,1501.51,NVIDIA GeForce RTX 4060 Ti,39,69.4,8,3336.6,16380.0,
2026-09-05T01:18:08.027826+00:00,03_vlm_polymer_real_synth,4,4,8.5,12.94,30.49,1501.51,NVIDIA GeForce RTX 4060 Ti,39,69.41,31,3336.6,16380.0,
2026-09-05T01:18:18.061383+00:00,03_vlm_polymer_real_synth,4,4,8.6,12.94,30.49,1501.51,NVIDIA GeForce RTX 4060 Ti,38,69.87,0,3336.6,16380.0,
2026-09-05T01:18:28.125899+00:00,03_vlm_polymer_real_synth,4,4,8.5,12.93,30.49,1501.51,NVIDIA GeForce RTX 4060 Ti,37,72.37,0,3336.6,16380.0,
2026-09-05T01:18:38.188819+00:00,03_vlm_polymer_real_synth,4,4,8.5,12.97,30.49,1501.51,NVIDIA GeForce RTX 4060 Ti,41,68.79,42,3336.6,16380.0,
2026-09-05T01:18:48.254095+00:00,03_vlm_polymer_real_synth,4,4,8.5,12.93,30.49,1501.51,NVIDIA GeForce RTX 4060 Ti,39,69.38,53,3336.6,16380.0,
2026-09-05T01:18:58.318837+00:00,03_vlm_polymer_real_synth,4,4,8.5,12.96,30.49,1501.51,NVIDIA GeForce RTX 4060 Ti,37,66.61,27,3336.6,16380.0,
2026-09-05T01:19:08.382848+00:00,03_vlm_polymer_real_synth,4,4,8.5,12.92,30.49,1501.51,NVIDIA GeForce RTX 4060 Ti,37,69.09,36,3336.6,16380.0,
2026-09-05T01:19:18.453835+00:00,03_vlm_polymer_real_synth,4,4,8.6,12.92,30.49,1501.51,NVIDIA GeForce RTX 4060 Ti,39,68.56,0,3336.6,16380.0,
2026-09-05T01:19:28.523831+00:00,03_vlm_polymer_real_synth,4,4,8.5,12.91,30.49,1501.51,NVIDIA GeForce RTX 4060 Ti,38,69.48,65,3336.6,16380.0,
2026-09-05T01:19:38.575646+00:00,03_vlm_polymer_real_synth,4,4,8.5,12.92,30.49,1501.51,NVIDIA GeForce RTX 4060 Ti,39,70.13,43,3336.6,16380.0,
2026-09-05T01:19:48.628740+00:00,03_vlm_polymer_real_synth,4,4,8.6,12.97,30.49,1501.51,NVIDIA GeForce RTX 4060 Ti,39,66.2,24,3336.6,16380.0,
2026-09-05T01:19:58.696842+00:00,03_vlm_polymer_real_synth,4,4,8.6,13.0,30.49,1501.51,NVIDIA GeForce RTX 4060 Ti,37,69.02,78,3336.6,16380.0,
2026-09-05T01:20:08.759823+00:00,03_vlm_polymer_real_synth,4,4,8.5,12.93,30.49,1501.51,NVIDIA GeForce RTX 4060 Ti,38,68.53,6,3336.6,16380.0,
2026-09-05T01:20:18.824830+00:00,03_vlm_polymer_real_synth,4,4,8.6,12.92,30.49,1501.51,NVIDIA GeForce RTX 4060 Ti,38,66.36,45,3336.6,16380.0,
2026-09-05T01:20:28.887823+00:00,03_vlm_polymer_real_synth,4,4,8.5,12.92,30.49,1501.51,NVIDIA GeForce RTX 4060 Ti,39,68.37,69,3336.6,16380.0,
2026-09-05T01:20:38.957832+00:00,03_vlm_polymer_real_synth,4,4,8.5,12.94,30.49,1501.51,NVIDIA GeForce RTX 4060 Ti,38,66.29,0,3336.6,16380.0,
2026-09-05T01:20:49.004280+00:00,03_vlm_polymer_real_synth,4,4,8.5,12.93,30.49,1501.51,NVIDIA GeForce RTX 4060 Ti,37,68.59,28,3336.6,16380.0,
2026-09-05T01:20:59.069827+00:00,03_vlm_polymer_real_synth,4,4,8.5,12.94,30.49,1501.51,NVIDIA GeForce RTX 4060 Ti,37,68.59,4,3336.6,16380.0,
2026-09-05T01:21:09.134679+00:00,03_vlm_polymer_real_synth,4,4,8.5,12.92,30.49,1501.51,NVIDIA GeForce RTX 4060 Ti,41,68.4,63,3336.6,16380.0,
2026-09-05T01:21:19.168100+00:00,03_vlm_polymer_real_synth,4,4,8.5,12.93,30.49,1501.51,NVIDIA GeForce RTX 4060 Ti,41,66.44,54,3336.6,16380.0,
2026-09-05T01:21:29.232834+00:00,03_vlm_polymer_real_synth,4,4,8.5,12.98,30.49,1501.51,NVIDIA GeForce RTX 4060 Ti,39,67.23,33,3336.6,16380.0,
2026-09-05T01:21:39.297826+00:00,03_vlm_polymer_real_synth,4,4,8.5,12.94,30.49,1501.51,NVIDIA GeForce RTX 4060 Ti,39,68.15,54,3336.6,16380.0,
2026-09-05T01:21:49.368836+00:00,03_vlm_polymer_real_synth,4,4,8.6,12.93,30.49,1501.51,NVIDIA GeForce RTX 4060 Ti,37,67.47,0,3336.6,16380.0,
2026-09-05T01:21:59.433885+00:00,03_vlm_polymer_real_synth,4,4,8.5,12.94,30.49,1501.51,NVIDIA GeForce RTX 4060 Ti,39,66.21,57,3336.6,16380.0,
2026-09-05T01:22:09.496822+00:00,03_vlm_polymer_real_synth,4,4,8.5,12.96,30.49,1501.51,NVIDIA GeForce RTX 4060 Ti,39,72.29,46,3336.6,16380.0,
2026-09-05T01:22:19.559837+00:00,03_vlm_polymer_real_synth,4,4,8.5,12.97,30.49,1501.51,NVIDIA GeForce RTX 4060 Ti,41,66.43,0,3336.6,16380.0,
2026-09-05T01:22:29.622838+00:00,03_vlm_polymer_real_synth,4,4,11.6,12.97,30.49,1501.51,NVIDIA GeForce RTX 4060 Ti,39,67.3,42,3336.6,16380.0,
2026-09-05T01:22:39.685835+00:00,03_vlm_polymer_real_synth,4,4,14.7,12.93,30.49,1501.51,NVIDIA GeForce RTX 4060 Ti,39,66.47,68,3336.6,16380.0,
2026-09-05T01:22:49.748912+00:00,03_vlm_polymer_real_synth,4,4,15.4,12.84,30.49,1501.51,NVIDIA GeForce RTX 4060 Ti,38,67.19,45,3336.6,16380.0,
2026-09-05T01:22:59.769564+00:00,03_vlm_polymer_real_synth,4,4,8.5,12.84,30.49,1501.51,NVIDIA GeForce RTX 4060 Ti,38,69.72,37,3336.6,16380.0,
2026-09-05T01:23:09.810949+00:00,03_vlm_polymer_real_synth,4,4,8.5,12.86,30.49,1501.51,NVIDIA GeForce RTX 4060 Ti,40,70.99,63,3336.6,16380.0,
2026-09-05T01:23:19.874508+00:00,03_vlm_polymer_real_synth,4,4,8.5,12.85,30.49,1501.51,NVIDIA GeForce RTX 4060 Ti,39,69.27,18,3336.6,16380.0,
2026-09-05T01:23:29.942977+00:00,03_vlm_polymer_real_synth,4,4,8.5,12.87,30.49,1501.51,NVIDIA GeForce RTX 4060 Ti,40,68.87,46,3336.6,16380.0,
2026-09-05T01:23:40.009500+00:00,03_vlm_polymer_real_synth,4,4,8.5,12.88,30.49,1501.51,NVIDIA GeForce RTX 4060 Ti,39,61.0,24,3336.6,16380.0,
2026-09-05T01:23:50.068927+00:00,03_vlm_polymer_real_synth,4,4,8.6,12.88,30.49,1501.51,NVIDIA GeForce RTX 4060 Ti,37,61.1,26,3336.6,16380.0,
2026-09-05T01:24:00.137976+00:00,03_vlm_polymer_real_synth,4,4,8.5,12.88,30.49,1501.51,NVIDIA GeForce RTX 4060 Ti,39,60.98,43,3336.6,16380.0,
2026-09-05T01:24:10.203831+00:00,03_vlm_polymer_real_synth,4,4,8.5,12.86,30.49,1501.51,NVIDIA GeForce RTX 4060 Ti,39,61.79,49,3336.6,16380.0,
2026-09-05T01:24:20.268822+00:00,03_vlm_polymer_real_synth,4,4,8.5,12.86,30.49,1501.51,NVIDIA GeForce RTX 4060 Ti,39,67.02,80,3336.6,16380.0,
2026-09-05T01:24:30.294743+00:00,03_vlm_polymer_real_synth,4,4,8.5,12.86,30.49,1501.51,NVIDIA GeForce RTX 4060 Ti,41,70.43,51,3336.6,16380.0,
2026-09-05T01:24:40.355834+00:00,03_vlm_polymer_real_synth,4,4,8.5,12.85,30.49,1501.51,NVIDIA GeForce RTX 4060 Ti,37,66.42,3,3336.6,16380.0,
2026-09-05T01:24:50.424833+00:00,03_vlm_polymer_real_synth,4,4,8.6,12.91,30.49,1501.51,NVIDIA GeForce RTX 4060 Ti,37,69.71,48,3336.6,16380.0,
2026-09-05T01:25:00.488823+00:00,03_vlm_polymer_real_synth,4,4,8.6,12.88,30.49,1501.51,NVIDIA GeForce RTX 4060 Ti,39,69.1,7,3336.6,16380.0,
2026-09-05T01:25:10.558845+00:00,03_vlm_polymer_real_synth,4,4,8.6,12.87,30.49,1501.51,NVIDIA GeForce RTX 4060 Ti,41,70.87,18,3336.6,16380.0,
2026-09-05T01:25:20.621833+00:00,03_vlm_polymer_real_synth,4,4,8.5,12.89,30.49,1501.51,NVIDIA GeForce RTX 4060 Ti,41,66.46,0,3336.6,16380.0,
2026-09-05T01:25:30.692078+00:00,03_vlm_polymer_real_synth,4,4,8.5,12.89,30.49,1501.51,NVIDIA GeForce RTX 4060 Ti,39,68.22,22,3336.6,16380.0,
2026-09-05T01:25:40.756875+00:00,03_vlm_polymer_real_synth,4,4,8.5,12.87,30.49,1501.51,NVIDIA GeForce RTX 4060 Ti,38,71.58,33,3336.6,16380.0,
2026-09-05T01:25:50.819830+00:00,03_vlm_polymer_real_synth,4,4,8.5,12.87,30.49,1501.51,NVIDIA GeForce RTX 4060 Ti,39,69.33,70,3336.6,16380.0,
2026-09-05T01:26:00.884835+00:00,03_vlm_polymer_real_synth,4,4,8.8,12.87,30.49,1501.51,NVIDIA GeForce RTX 4060 Ti,38,69.64,38,3336.6,16380.0,
2026-09-05T01:26:10.948854+00:00,03_vlm_polymer_real_synth,4,4,8.5,12.88,30.49,1501.51,NVIDIA GeForce RTX 4060 Ti,40,66.41,0,3336.6,16380.0,
2026-09-05T01:26:20.994223+00:00,03_vlm_polymer_real_synth,4,4,8.5,12.85,30.49,1501.51,NVIDIA GeForce RTX 4060 Ti,37,69.41,54,3337.9,16380.0,
2026-09-05T01:26:31.059335+00:00,03_vlm_polymer_real_synth,4,4,8.5,12.86,30.49,1501.51,NVIDIA GeForce RTX 4060 Ti,39,68.36,4,3337.9,16380.0,
2026-09-05T01:26:41.128820+00:00,03_vlm_polymer_real_synth,4,4,8.5,12.95,30.49,1501.51,NVIDIA GeForce RTX 4060 Ti,39,68.13,0,3337.9,16380.0,
2026-09-05T01:26:51.191833+00:00,03_vlm_polymer_real_synth,4,4,8.6,12.92,30.49,1501.51,NVIDIA GeForce RTX 4060 Ti,39,66.48,10,3337.9,16380.0,
2026-09-05T01:27:01.259838+00:00,03_vlm_polymer_real_synth,4,4,8.5,12.9,30.49,1501.51,NVIDIA GeForce RTX 4060 Ti,37,71.56,45,3337.9,16380.0,
2026-09-05T01:27:11.326120+00:00,03_vlm_polymer_real_synth,4,4,8.6,12.89,30.49,1501.51,NVIDIA GeForce RTX 4060 Ti,39,69.18,55,3337.9,16380.0,
2026-09-05T01:27:21.388836+00:00,03_vlm_polymer_real_synth,4,4,8.5,12.88,30.49,1501.51,NVIDIA GeForce RTX 4060 Ti,37,69.69,30,3337.9,16380.0,
2026-09-05T01:27:31.452840+00:00,03_vlm_polymer_real_synth,4,4,8.5,12.87,30.49,1501.51,NVIDIA GeForce RTX 4060 Ti,41,66.45,57,3337.9,16380.0,
2026-09-05T01:27:41.517862+00:00,03_vlm_polymer_real_synth,4,4,8.5,12.88,30.49,1501.51,NVIDIA GeForce RTX 4060 Ti,39,70.59,23,3337.9,16380.0,
2026-09-05T01:27:51.581824+00:00,03_vlm_polymer_real_synth,4,4,8.5,12.88,30.49,1501.51,NVIDIA GeForce RTX 4060 Ti,37,68.03,68,3337.9,16380.0,
2026-09-05T01:28:01.646686+00:00,03_vlm_polymer_real_synth,4,4,8.5,12.92,30.49,1501.51,NVIDIA GeForce RTX 4060 Ti,39,66.38,0,3337.9,16380.0,
2026-09-05T01:28:11.709826+00:00,03_vlm_polymer_real_synth,4,4,8.5,12.88,30.49,1501.51,NVIDIA GeForce RTX 4060 Ti,40,66.44,36,3337.9,16380.0,
2026-09-05T01:28:21.775843+00:00,03_vlm_polymer_real_synth,4,4,8.5,12.88,30.49,1501.51,NVIDIA GeForce RTX 4060 Ti,37,69.68,56,3337.9,16380.0,
2026-09-05T01:28:31.838846+00:00,03_vlm_polymer_real_synth,4,4,8.5,12.86,30.49,1501.51,NVIDIA GeForce RTX 4060 Ti,41,66.48,53,3337.9,16380.0,
2026-09-05T01:28:41.901826+00:00,03_vlm_polymer_real_synth,4,4,8.5,12.84,30.49,1501.51,NVIDIA GeForce RTX 4060 Ti,41,66.53,59,3337.9,16380.0,
2026-09-05T01:28:51.941000+00:00,03_vlm_polymer_real_synth,4,4,8.5,12.87,30.49,1501.51,NVIDIA GeForce RTX 4060 Ti,38,68.82,50,3337.9,16380.0,
2026-09-05T01:29:02.005866+00:00,03_vlm_polymer_real_synth,4,4,8.6,12.91,30.49,1501.51,NVIDIA GeForce RTX 4060 Ti,39,68.1,75,3337.9,16380.0,
2026-09-05T01:29:12.068825+00:00,03_vlm_polymer_real_synth,4,4,8.5,12.86,30.49,1501.51,NVIDIA GeForce RTX 4060 Ti,38,69.04,0,3337.9,16380.0,
2026-09-05T01:29:22.083826+00:00,03_vlm_polymer_real_synth,4,4,8.5,12.89,30.49,1501.51,NVIDIA GeForce RTX 4060 Ti,39,69.28,25,3337.9,16380.0,
2026-09-05T01:29:32.109828+00:00,03_vlm_polymer_real_synth,4,4,8.5,12.88,30.49,1501.51,NVIDIA GeForce RTX 4060 Ti,40,66.9,0,3337.9,16380.0,
2026-09-05T01:29:42.167269+00:00,03_vlm_polymer_real_synth,4,4,8.5,12.87,30.49,1501.51,NVIDIA GeForce RTX 4060 Ti,37,68.59,17,3337.9,16380.0,
2026-09-05T01:29:52.237560+00:00,03_vlm_polymer_real_synth,4,4,8.6,12.9,30.49,1501.51,NVIDIA GeForce RTX 4060 Ti,38,68.19,67,3337.9,16380.0,
2026-09-05T01:30:02.305814+00:00,03_vlm_polymer_real_synth,4,4,8.6,12.91,30.49,1501.51,NVIDIA GeForce RTX 4060 Ti,41,70.26,54,3337.9,16380.0,
2026-09-05T01:30:12.368840+00:00,03_vlm_polymer_real_synth,4,4,8.5,12.88,30.49,1501.51,NVIDIA GeForce RTX 4060 Ti,37,66.36,46,3337.9,16380.0,
2026-09-05T01:30:22.390959+00:00,03_vlm_polymer_real_synth,4,4,8.5,12.88,30.49,1501.51,NVIDIA GeForce RTX 4060 Ti,39,68.57,59,3337.9,16380.0,
2026-09-05T01:30:32.453843+00:00,03_vlm_polymer_real_synth,4,4,8.6,12.87,30.49,1501.51,NVIDIA GeForce RTX 4060 Ti,38,66.45,77,3337.9,16380.0,
2026-09-05T01:30:42.516406+00:00,03_vlm_polymer_real_synth,4,4,8.5,12.86,30.49,1501.51,NVIDIA GeForce RTX 4060 Ti,37,66.32,58,3337.9,16380.0,
2026-09-05T01:30:52.580829+00:00,03_vlm_polymer_real_synth,4,4,8.5,12.84,30.49,1501.51,NVIDIA GeForce RTX 4060 Ti,37,68.72,62,3337.9,16380.0,
2026-09-05T01:31:02.641249+00:00,03_vlm_polymer_real_synth,4,4,8.6,12.89,30.49,1501.51,NVIDIA GeForce RTX 4060 Ti,39,67.24,48,3337.9,16380.0,
2026-09-05T01:31:12.675295+00:00,03_vlm_polymer_real_synth,4,4,8.5,12.89,30.49,1501.51,NVIDIA GeForce RTX 4060 Ti,38,69.3,50,3337.9,16380.0,
2026-09-05T01:31:22.721953+00:00,03_vlm_polymer_real_synth,4,4,8.5,12.88,30.49,1501.51,NVIDIA GeForce RTX 4060 Ti,39,66.81,69,3337.9,16380.0,
2026-09-05T01:31:32.786019+00:00,03_vlm_polymer_real_synth,4,4,8.5,12.88,30.49,1501.51,NVIDIA GeForce RTX 4060 Ti,39,68.51,79,3337.9,16380.0,
2026-09-05T01:31:42.802028+00:00,03_vlm_polymer_real_synth,4,4,8.5,12.88,30.49,1501.51,NVIDIA GeForce RTX 4060 Ti,39,70.83,60,3337.9,16380.0,
2026-09-05T01:31:52.862716+00:00,03_vlm_polymer_real_synth,4,4,8.5,12.88,30.49,1501.51,NVIDIA GeForce RTX 4060 Ti,37,66.48,59,3337.9,16380.0,
2026-09-05T01:32:02.898506+00:00,03_vlm_polymer_real_synth,4,4,8.6,12.86,30.49,1501.51,NVIDIA GeForce RTX 4060 Ti,37,67.29,50,3337.9,16380.0,
2026-09-05T01:32:12.944146+00:00,03_vlm_polymer_real_synth,4,4,8.5,12.87,30.49,1501.51,NVIDIA GeForce RTX 4060 Ti,38,69.49,17,3337.9,16380.0,
2026-09-05T01:32:23.013825+00:00,03_vlm_polymer_real_synth,4,4,8.5,12.86,30.49,1501.51,NVIDIA GeForce RTX 4060 Ti,40,70.12,0,3337.9,16380.0,
2026-09-05T01:32:33.082832+00:00,03_vlm_polymer_real_synth,4,4,8.6,12.88,30.49,1501.51,NVIDIA GeForce RTX 4060 Ti,39,68.22,68,3337.9,16380.0,
2026-09-05T01:32:43.145922+00:00,03_vlm_polymer_real_synth,4,4,8.5,12.87,30.49,1501.51,NVIDIA GeForce RTX 4060 Ti,39,71.64,50,3337.9,16380.0,
2026-09-05T01:32:53.208820+00:00,03_vlm_polymer_real_synth,4,4,8.5,12.89,30.49,1501.51,NVIDIA GeForce RTX 4060 Ti,39,67.23,9,3337.9,16380.0,
2026-09-05T01:33:03.278443+00:00,03_vlm_polymer_real_synth,4,4,8.6,12.87,30.49,1501.51,NVIDIA GeForce RTX 4060 Ti,39,67.45,73,3337.4,16380.0,
2026-09-05T01:33:13.329633+00:00,03_vlm_polymer_real_synth,4,4,8.5,12.85,30.49,1501.51,NVIDIA GeForce RTX 4060 Ti,39,68.7,62,3337.4,16380.0,
2026-09-05T01:33:23.349198+00:00,03_vlm_polymer_real_synth,4,4,8.5,12.9,30.49,1501.51,NVIDIA GeForce RTX 4060 Ti,39,66.58,75,3337.4,16380.0,
2026-09-05T01:33:33.380846+00:00,03_vlm_polymer_real_synth,4,4,8.5,12.9,30.49,1501.51,NVIDIA GeForce RTX 4060 Ti,40,66.5,66,3337.4,16380.0,
2026-09-05T01:33:43.402091+00:00,03_vlm_polymer_real_synth,4,4,8.5,12.88,30.49,1501.51,NVIDIA GeForce RTX 4060 Ti,39,68.81,60,3337.4,16380.0,
2026-09-05T01:33:53.457577+00:00,03_vlm_polymer_real_synth,4,4,8.5,12.86,30.49,1501.51,NVIDIA GeForce RTX 4060 Ti,40,67.22,62,3337.4,16380.0,
2026-09-05T01:34:03.520838+00:00,03_vlm_polymer_real_synth,4,4,8.6,12.86,30.49,1501.51,NVIDIA GeForce RTX 4060 Ti,41,69.51,0,3337.4,16380.0,
2026-09-05T01:34:13.583828+00:00,03_vlm_polymer_real_synth,4,4,8.5,12.87,30.49,1501.51,NVIDIA GeForce RTX 4060 Ti,39,67.58,25,3337.4,16380.0,
2026-09-05T01:34:23.649072+00:00,03_vlm_polymer_real_synth,4,4,8.5,12.88,30.49,1501.51,NVIDIA GeForce RTX 4060 Ti,39,69.78,71,3337.4,16380.0,
2026-09-05T01:34:33.712838+00:00,03_vlm_polymer_real_synth,4,4,8.5,12.9,30.49,1501.51,NVIDIA GeForce RTX 4060 Ti,39,66.4,0,3337.4,16380.0,
2026-09-05T01:34:43.777852+00:00,03_vlm_polymer_real_synth,4,4,8.5,12.85,30.49,1501.51,NVIDIA GeForce RTX 4060 Ti,40,68.62,50,3337.4,16380.0,
2026-09-05T01:34:53.846834+00:00,03_vlm_polymer_real_synth,4,4,8.6,12.91,30.49,1501.51,NVIDIA GeForce RTX 4060 Ti,39,66.29,34,3337.4,16380.0,
2026-09-05T01:35:03.909824+00:00,03_vlm_polymer_real_synth,4,4,8.6,12.9,30.49,1501.51,NVIDIA GeForce RTX 4060 Ti,39,70.29,69,3337.4,16380.0,
2026-09-05T01:35:13.935384+00:00,03_vlm_polymer_real_synth,4,4,8.5,12.86,30.49,1501.51,NVIDIA GeForce RTX 4060 Ti,41,66.47,0,3337.4,16380.0,
2026-09-05T01:35:23.967762+00:00,03_vlm_polymer_real_synth,4,4,8.5,12.86,30.49,1501.51,NVIDIA GeForce RTX 4060 Ti,39,66.27,40,3337.4,16380.0,
2026-09-05T01:35:34.027271+00:00,03_vlm_polymer_real_synth,4,4,8.6,12.88,30.49,1501.51,NVIDIA GeForce RTX 4060 Ti,38,60.53,30,3337.4,16380.0,
2026-09-05T01:35:44.094831+00:00,03_vlm_polymer_real_synth,4,4,8.5,12.88,30.49,1501.51,NVIDIA GeForce RTX 4060 Ti,37,62.27,50,3337.4,16380.0,
2026-09-05T01:35:54.134859+00:00,03_vlm_polymer_real_synth,4,4,8.5,12.88,30.49,1501.51,NVIDIA GeForce RTX 4060 Ti,39,62.51,17,3337.4,16380.0,
2026-09-05T01:36:04.184385+00:00,03_vlm_polymer_real_synth,4,4,8.5,12.89,30.49,1501.51,NVIDIA GeForce RTX 4060 Ti,38,59.83,29,3337.4,16380.0,
2026-09-05T01:36:14.248531+00:00,03_vlm_polymer_real_synth,4,4,7.0,12.91,30.49,1501.51,NVIDIA GeForce RTX 4060 Ti,38,62.11,33,3947.4,16380.0,
2026-09-05T01:36:24.286426+00:00,03_vlm_polymer_real_synth,4,4,8.5,12.9,30.49,1501.51,NVIDIA GeForce RTX 4060 Ti,39,62.41,39,3947.4,16380.0,
2026-09-05T01:36:34.351823+00:00,03_vlm_polymer_real_synth,4,4,8.6,12.91,30.49,1501.51,NVIDIA GeForce RTX 4060 Ti,40,62.37,42,3947.4,16380.0,
2026-09-05T01:36:44.415845+00:00,03_vlm_polymer_real_synth,5,5,7.6,11.6,30.49,1501.51,NVIDIA GeForce RTX 4060 Ti,37,21.63,0,1666.2,16380.0,
2026-09-05T01:36:54.481824+00:00,03_vlm_polymer_real_synth,5,5,9.0,12.87,30.49,1501.51,NVIDIA GeForce RTX 4060 Ti,43,67.15,40,3337.4,16380.0,
2026-09-05T01:37:04.544827+00:00,03_vlm_polymer_real_synth,5,5,8.5,12.84,30.49,1501.51,NVIDIA GeForce RTX 4060 Ti,43,67.0,39,3337.4,16380.0,
2026-09-05T01:37:14.611832+00:00,03_vlm_polymer_real_synth,5,5,8.5,12.81,30.49,1501.51,NVIDIA GeForce RTX 4060 Ti,47,67.75,61,3337.4,16380.0,
2026-09-05T01:37:24.675829+00:00,03_vlm_polymer_real_synth,5,5,8.5,12.83,30.49,1501.51,NVIDIA GeForce RTX 4060 Ti,49,67.55,62,3337.4,16380.0,
2026-09-05T01:37:34.740834+00:00,03_vlm_polymer_real_synth,5,5,8.5,12.8,30.49,1501.51,NVIDIA GeForce RTX 4060 Ti,50,67.4,63,3337.4,16380.0,
2026-09-05T01:37:44.809845+00:00,03_vlm_polymer_real_synth,5,5,8.5,12.81,30.49,1501.51,NVIDIA GeForce RTX 4060 Ti,47,68.13,66,3337.4,16380.0,
2026-09-05T01:37:54.872833+00:00,03_vlm_polymer_real_synth,5,5,8.5,12.79,30.49,1501.51,NVIDIA GeForce RTX 4060 Ti,47,69.29,67,3337.4,16380.0,
2026-09-05T01:38:04.937856+00:00,03_vlm_polymer_real_synth,5,5,8.5,12.79,30.49,1501.51,NVIDIA GeForce RTX 4060 Ti,53,68.53,58,3336.6,16380.0,
2026-09-05T01:38:14.982027+00:00,03_vlm_polymer_real_synth,5,5,8.7,12.81,30.49,1501.51,NVIDIA GeForce RTX 4060 Ti,49,67.7,19,3336.6,16380.0,
2026-09-05T01:38:25.046838+00:00,03_vlm_polymer_real_synth,5,5,8.5,12.79,30.49,1501.51,NVIDIA GeForce RTX 4060 Ti,50,68.9,0,3336.6,16380.0,
2026-09-05T01:38:35.111827+00:00,03_vlm_polymer_real_synth,5,5,8.5,12.81,30.49,1501.51,NVIDIA GeForce RTX 4060 Ti,53,69.23,50,3336.6,16380.0,
2026-09-05T01:38:45.174823+00:00,03_vlm_polymer_real_synth,5,5,8.5,12.81,30.49,1501.51,NVIDIA GeForce RTX 4060 Ti,51,67.23,0,3336.6,16380.0,
2026-09-05T01:38:55.245251+00:00,03_vlm_polymer_real_synth,5,5,8.8,12.83,30.49,1501.51,NVIDIA GeForce RTX 4060 Ti,54,69.55,62,3336.6,16380.0,
2026-09-05T01:39:05.309842+00:00,03_vlm_polymer_real_synth,5,5,8.5,12.85,30.49,1501.51,NVIDIA GeForce RTX 4060 Ti,57,70.75,51,3336.6,16380.0,
2026-09-05T01:39:15.379035+00:00,03_vlm_polymer_real_synth,5,5,8.6,12.8,30.49,1501.51,NVIDIA GeForce RTX 4060 Ti,55,68.28,0,3336.6,16380.0,
2026-09-05T01:39:25.444825+00:00,03_vlm_polymer_real_synth,5,5,8.6,12.81,30.49,1501.51,NVIDIA GeForce RTX 4060 Ti,55,72.76,26,3336.6,16380.0,
2026-09-05T01:39:35.507825+00:00,03_vlm_polymer_real_synth,5,5,8.5,12.79,30.49,1501.51,NVIDIA GeForce RTX 4060 Ti,56,74.33,0,3336.6,16380.0,
2026-09-05T01:39:45.576836+00:00,03_vlm_polymer_real_synth,5,5,8.5,12.78,30.49,1501.51,NVIDIA GeForce RTX 4060 Ti,54,69.8,50,3336.6,16380.0,
2026-09-05T01:39:55.640836+00:00,03_vlm_polymer_real_synth,5,5,8.7,12.81,30.49,1501.51,NVIDIA GeForce RTX 4060 Ti,57,70.51,35,3336.6,16380.0,
2026-09-05T01:40:05.703842+00:00,03_vlm_polymer_real_synth,5,5,8.5,12.85,30.49,1501.51,NVIDIA GeForce RTX 4060 Ti,57,73.94,68,3337.9,16380.0,
2026-09-05T01:40:15.766828+00:00,03_vlm_polymer_real_synth,5,5,8.5,12.82,30.49,1501.51,NVIDIA GeForce RTX 4060 Ti,58,72.54,0,3337.9,16380.0,
2026-09-05T01:40:25.835822+00:00,03_vlm_polymer_real_synth,5,5,8.6,12.78,30.49,1501.51,NVIDIA GeForce RTX 4060 Ti,59,71.39,4,3337.9,16380.0,
2026-09-05T01:40:35.899840+00:00,03_vlm_polymer_real_synth,5,5,8.5,12.78,30.49,1501.51,NVIDIA GeForce RTX 4060 Ti,58,71.05,44,3337.9,16380.0,
2026-09-05T01:40:45.963819+00:00,03_vlm_polymer_real_synth,5,5,8.6,12.81,30.49,1501.51,NVIDIA GeForce RTX 4060 Ti,59,73.81,66,3337.9,16380.0,
2026-09-05T01:40:56.026845+00:00,03_vlm_polymer_real_synth,5,5,8.6,12.79,30.49,1501.51,NVIDIA GeForce RTX 4060 Ti,57,71.25,35,3361.9,16380.0,
2026-09-05T01:41:06.094824+00:00,03_vlm_polymer_real_synth,5,5,8.5,12.85,30.49,1501.51,NVIDIA GeForce RTX 4060 Ti,59,77.8,0,3361.9,16380.0,
2026-09-05T01:41:16.163862+00:00,03_vlm_polymer_real_synth,5,5,8.5,12.82,30.49,1501.51,NVIDIA GeForce RTX 4060 Ti,61,71.55,52,3361.9,16380.0,
2026-09-05T01:41:26.229091+00:00,03_vlm_polymer_real_synth,5,5,8.5,12.78,30.49,1501.51,NVIDIA GeForce RTX 4060 Ti,60,74.43,61,3361.9,16380.0,
2026-09-05T01:41:36.293826+00:00,03_vlm_polymer_real_synth,5,5,8.5,12.79,30.49,1501.51,NVIDIA GeForce RTX 4060 Ti,59,71.39,44,3361.9,16380.0,
2026-09-05T01:41:46.358818+00:00,03_vlm_polymer_real_synth,5,5,8.5,12.81,30.49,1501.51,NVIDIA GeForce RTX 4060 Ti,61,73.41,50,3361.9,16380.0,
2026-09-05T01:41:56.422414+00:00,03_vlm_polymer_real_synth,5,5,8.5,12.8,30.49,1501.51,NVIDIA GeForce RTX 4060 Ti,61,73.34,71,3361.9,16380.0,
2026-09-05T01:42:06.485829+00:00,03_vlm_polymer_real_synth,5,5,8.5,12.79,30.49,1501.51,NVIDIA GeForce RTX 4060 Ti,63,71.78,52,3361.9,16380.0,
2026-09-05T01:42:16.548819+00:00,03_vlm_polymer_real_synth,5,5,8.5,12.79,30.49,1501.51,NVIDIA GeForce RTX 4060 Ti,61,73.07,0,3361.9,16380.0,
2026-09-05T01:42:26.611840+00:00,03_vlm_polymer_real_synth,5,5,8.5,12.79,30.49,1501.51,NVIDIA GeForce RTX 4060 Ti,61,71.85,10,3361.9,16380.0,
2026-09-05T01:42:36.674913+00:00,03_vlm_polymer_real_synth,5,5,8.6,12.79,30.49,1501.51,NVIDIA GeForce RTX 4060 Ti,58,71.91,54,3361.9,16380.0,
2026-09-05T01:42:46.738971+00:00,03_vlm_polymer_real_synth,5,5,8.5,12.78,30.49,1501.51,NVIDIA GeForce RTX 4060 Ti,59,71.96,35,3361.9,16380.0,
2026-09-05T01:42:56.801833+00:00,03_vlm_polymer_real_synth,5,5,8.5,12.74,30.49,1501.51,NVIDIA GeForce RTX 4060 Ti,61,71.36,32,3361.9,16380.0,
2026-09-05T01:43:06.868831+00:00,03_vlm_polymer_real_synth,5,5,8.5,12.79,30.49,1501.51,NVIDIA GeForce RTX 4060 Ti,59,71.47,18,3361.9,16380.0,
2026-09-05T01:43:16.932831+00:00,03_vlm_polymer_real_synth,5,5,8.5,12.77,30.49,1501.51,NVIDIA GeForce RTX 4060 Ti,59,71.17,15,3361.9,16380.0,
2026-09-05T01:43:26.997837+00:00,03_vlm_polymer_real_synth,5,5,8.6,12.79,30.49,1501.51,NVIDIA GeForce RTX 4060 Ti,59,72.24,0,3361.9,16380.0,
2026-09-05T01:43:37.060836+00:00,03_vlm_polymer_real_synth,5,5,8.5,12.79,30.49,1501.51,NVIDIA GeForce RTX 4060 Ti,61,71.84,60,3361.9,16380.0,
2026-09-05T01:43:47.123842+00:00,03_vlm_polymer_real_synth,5,5,8.5,12.79,30.49,1501.51,NVIDIA GeForce RTX 4060 Ti,60,72.19,75,3361.9,16380.0,
2026-09-05T01:43:57.192840+00:00,03_vlm_polymer_real_synth,5,5,8.5,12.78,30.49,1501.51,NVIDIA GeForce RTX 4060 Ti,60,75.62,42,3361.9,16380.0,
2026-09-05T01:44:07.262825+00:00,03_vlm_polymer_real_synth,5,5,8.5,12.8,30.49,1501.51,NVIDIA GeForce RTX 4060 Ti,60,70.73,72,3361.9,16380.0,
2026-09-05T01:44:17.333115+00:00,03_vlm_polymer_real_synth,5,5,8.5,12.77,30.49,1501.51,NVIDIA GeForce RTX 4060 Ti,60,72.52,71,3361.9,16380.0,
2026-09-05T01:44:27.395828+00:00,03_vlm_polymer_real_synth,5,5,8.6,12.77,30.49,1501.51,NVIDIA GeForce RTX 4060 Ti,60,74.79,0,3361.9,16380.0,
2026-09-05T01:44:37.459833+00:00,03_vlm_polymer_real_synth,5,5,8.5,12.76,30.49,1501.51,NVIDIA GeForce RTX 4060 Ti,57,72.21,7,3361.9,16380.0,
2026-09-05T01:44:47.523831+00:00,03_vlm_polymer_real_synth,5,5,8.5,12.81,30.49,1501.51,NVIDIA GeForce RTX 4060 Ti,54,70.53,78,3361.9,16380.0,
2026-09-05T01:44:57.588836+00:00,03_vlm_polymer_real_synth,5,5,8.6,12.83,30.49,1501.51,NVIDIA GeForce RTX 4060 Ti,53,68.95,0,3361.9,16380.0,
2026-09-05T01:45:07.651831+00:00,03_vlm_polymer_real_synth,5,5,8.5,12.81,30.49,1501.51,NVIDIA GeForce RTX 4060 Ti,51,70.82,0,3361.9,16380.0,
2026-09-05T01:45:17.715821+00:00,03_vlm_polymer_real_synth,5,5,8.5,12.82,30.49,1501.51,NVIDIA GeForce RTX 4060 Ti,44,69.26,53,3361.9,16380.0,
2026-09-05T01:45:27.779828+00:00,03_vlm_polymer_real_synth,5,5,8.6,12.8,30.49,1501.51,NVIDIA GeForce RTX 4060 Ti,46,67.06,37,3361.9,16380.0,
2026-09-05T01:45:37.848825+00:00,03_vlm_polymer_real_synth,5,5,8.5,12.82,30.49,1501.51,NVIDIA GeForce RTX 4060 Ti,44,66.5,24,3361.9,16380.0,
2026-09-05T01:45:47.912842+00:00,03_vlm_polymer_real_synth,5,5,8.5,12.78,30.49,1501.51,NVIDIA GeForce RTX 4060 Ti,42,66.88,66,3361.9,16380.0,
2026-09-05T01:45:57.977910+00:00,03_vlm_polymer_real_synth,5,5,8.5,12.78,30.49,1501.51,NVIDIA GeForce RTX 4060 Ti,42,67.06,0,3361.9,16380.0,
2026-09-05T01:46:08.030611+00:00,03_vlm_polymer_real_synth,5,5,8.5,12.81,30.49,1501.51,NVIDIA GeForce RTX 4060 Ti,41,66.8,79,3361.9,16380.0,
2026-09-05T01:46:18.093824+00:00,03_vlm_polymer_real_synth,5,5,8.5,12.83,30.49,1501.51,NVIDIA GeForce RTX 4060 Ti,42,66.8,0,3361.9,16380.0,
2026-09-05T01:46:28.157827+00:00,03_vlm_polymer_real_synth,5,5,8.5,12.8,30.49,1501.51,NVIDIA GeForce RTX 4060 Ti,41,71.36,16,3361.9,16380.0,
2026-09-05T01:46:38.220833+00:00,03_vlm_polymer_real_synth,5,5,8.5,12.83,30.49,1501.51,NVIDIA GeForce RTX 4060 Ti,41,66.5,71,3361.9,16380.0,
2026-09-05T01:46:48.285841+00:00,03_vlm_polymer_real_synth,5,5,8.5,12.83,30.49,1501.51,NVIDIA GeForce RTX 4060 Ti,39,66.65,0,3361.9,16380.0,
2026-09-05T01:46:58.348910+00:00,03_vlm_polymer_real_synth,5,5,8.5,12.78,30.49,1501.51,NVIDIA GeForce RTX 4060 Ti,43,69.05,33,3361.9,16380.0,
2026-09-05T01:47:08.411829+00:00,03_vlm_polymer_real_synth,5,5,8.5,12.79,30.49,1501.51,NVIDIA GeForce RTX 4060 Ti,40,67.41,58,3361.9,16380.0,
2026-09-05T01:47:18.470927+00:00,03_vlm_polymer_real_synth,5,5,8.5,12.81,30.49,1501.51,NVIDIA GeForce RTX 4060 Ti,40,66.64,73,3361.9,16380.0,
2026-09-05T01:47:28.534666+00:00,03_vlm_polymer_real_synth,5,5,8.5,12.8,30.49,1501.51,NVIDIA GeForce RTX 4060 Ti,40,66.51,50,3361.9,16380.0,
2026-09-05T01:47:38.598836+00:00,03_vlm_polymer_real_synth,5,5,8.5,12.78,30.49,1501.51,NVIDIA GeForce RTX 4060 Ti,38,69.35,0,3361.9,16380.0,
2026-09-05T01:47:48.662831+00:00,03_vlm_polymer_real_synth,5,5,8.5,12.81,30.49,1501.51,NVIDIA GeForce RTX 4060 Ti,42,67.06,53,3361.9,16380.0,
2026-09-05T01:47:58.726818+00:00,03_vlm_polymer_real_synth,5,5,8.5,12.82,30.49,1501.51,NVIDIA GeForce RTX 4060 Ti,38,67.43,78,3361.9,16380.0,
2026-09-05T01:48:08.757589+00:00,03_vlm_polymer_real_synth,5,5,8.5,12.82,30.49,1501.51,NVIDIA GeForce RTX 4060 Ti,38,69.6,20,3361.9,16380.0,
2026-09-05T01:48:18.817968+00:00,03_vlm_polymer_real_synth,5,5,8.6,12.79,30.49,1501.51,NVIDIA GeForce RTX 4060 Ti,37,66.39,80,3361.9,16380.0,
2026-09-05T01:48:28.881378+00:00,03_vlm_polymer_real_synth,5,5,8.5,12.77,30.49,1501.51,NVIDIA GeForce RTX 4060 Ti,38,66.49,30,3361.9,16380.0,
2026-09-05T01:48:38.944843+00:00,03_vlm_polymer_real_synth,5,5,8.5,12.79,30.49,1501.51,NVIDIA GeForce RTX 4060 Ti,38,68.61,0,3361.9,16380.0,
2026-09-05T01:48:49.007834+00:00,03_vlm_polymer_real_synth,5,5,8.5,12.87,30.49,1501.51,NVIDIA GeForce RTX 4060 Ti,37,56.27,29,3361.9,16380.0,
2026-09-05T01:48:59.075829+00:00,03_vlm_polymer_real_synth,5,5,8.5,12.83,30.49,1501.51,NVIDIA GeForce RTX 4060 Ti,39,59.83,12,3361.9,16380.0,
2026-09-05T01:49:09.138833+00:00,03_vlm_polymer_real_synth,5,5,8.5,12.82,30.49,1501.51,NVIDIA GeForce RTX 4060 Ti,36,56.63,37,3360.6,16380.0,
2026-09-05T01:49:19.204824+00:00,03_vlm_polymer_real_synth,5,5,8.5,12.82,30.49,1501.51,NVIDIA GeForce RTX 4060 Ti,39,62.63,41,3360.6,16380.0,
2026-09-05T01:49:29.267833+00:00,03_vlm_polymer_real_synth,5,5,8.2,12.83,30.49,1501.49,NVIDIA GeForce RTX 4060 Ti,39,67.46,19,3350.6,16380.0,
2026-09-05T01:49:39.332882+00:00,03_vlm_polymer_real_synth,5,5,8.5,12.82,30.49,1501.49,NVIDIA GeForce RTX 4060 Ti,37,66.2,26,3350.6,16380.0,
2026-09-05T01:49:49.401846+00:00,03_vlm_polymer_real_synth,5,5,8.5,12.83,30.49,1501.49,NVIDIA GeForce RTX 4060 Ti,37,67.01,0,3350.6,16380.0,
2026-09-05T01:49:59.466838+00:00,03_vlm_polymer_real_synth,5,5,8.7,12.86,30.49,1501.49,NVIDIA GeForce RTX 4060 Ti,39,68.8,52,3350.6,16380.0,
2026-09-05T01:50:09.529832+00:00,03_vlm_polymer_real_synth,5,5,8.5,12.85,30.49,1501.49,NVIDIA GeForce RTX 4060 Ti,38,66.55,51,3350.6,16380.0,
2026-09-05T01:50:19.577350+00:00,03_vlm_polymer_real_synth,5,5,8.5,12.83,30.49,1501.49,NVIDIA GeForce RTX 4060 Ti,41,67.76,0,3350.6,16380.0,
2026-09-05T01:50:29.634603+00:00,03_vlm_polymer_real_synth,5,5,8.5,12.83,30.49,1501.49,NVIDIA GeForce RTX 4060 Ti,38,69.05,4,3350.6,16380.0,
2026-09-05T01:50:39.699014+00:00,03_vlm_polymer_real_synth,5,5,8.5,12.82,30.49,1501.49,NVIDIA GeForce RTX 4060 Ti,39,70.98,77,3350.6,16380.0,
2026-09-05T01:50:49.762799+00:00,03_vlm_polymer_real_synth,5,5,8.5,12.81,30.49,1501.49,NVIDIA GeForce RTX 4060 Ti,41,70.65,28,3350.6,16380.0,
2026-09-05T01:50:59.831829+00:00,03_vlm_polymer_real_synth,5,5,8.5,12.81,30.49,1501.49,NVIDIA GeForce RTX 4060 Ti,39,68.34,26,3350.6,16380.0,
2026-09-05T01:51:09.894836+00:00,03_vlm_polymer_real_synth,5,5,8.5,12.82,30.49,1501.49,NVIDIA GeForce RTX 4060 Ti,38,67.45,53,3350.6,16380.0,
2026-09-05T01:51:19.959862+00:00,03_vlm_polymer_real_synth,5,5,8.5,12.82,30.49,1501.49,NVIDIA GeForce RTX 4060 Ti,39,71.59,0,3350.6,16380.0,
2026-09-05T01:51:30.004407+00:00,03_vlm_polymer_real_synth,5,5,8.5,12.82,30.49,1501.49,NVIDIA GeForce RTX 4060 Ti,38,66.62,0,3350.6,16380.0,
2026-09-05T01:51:40.067825+00:00,03_vlm_polymer_real_synth,5,5,8.5,12.82,30.49,1501.49,NVIDIA GeForce RTX 4060 Ti,39,70.91,76,3383.1,16380.0,
2026-09-05T01:51:50.130826+00:00,03_vlm_polymer_real_synth,5,5,8.6,12.84,30.49,1501.49,NVIDIA GeForce RTX 4060 Ti,41,66.41,60,3383.1,16380.0,
2026-09-05T01:52:00.194830+00:00,03_vlm_polymer_real_synth,5,5,8.5,12.83,30.49,1501.49,NVIDIA GeForce RTX 4060 Ti,39,67.55,64,3383.1,16380.0,
2026-09-05T01:52:10.249152+00:00,03_vlm_polymer_real_synth,5,5,8.5,12.83,30.49,1501.49,NVIDIA GeForce RTX 4060 Ti,41,69.75,69,3383.1,16380.0,
2026-09-05T01:52:20.318820+00:00,03_vlm_polymer_real_synth,5,5,8.5,12.82,30.49,1501.49,NVIDIA GeForce RTX 4060 Ti,39,72.28,77,3383.1,16380.0,
2026-09-05T01:52:30.381820+00:00,03_vlm_polymer_real_synth,5,5,14.5,12.89,30.49,1501.5,NVIDIA GeForce RTX 4060 Ti,39,71.78,58,3383.1,16380.0,
2026-09-05T01:52:40.445853+00:00,03_vlm_polymer_real_synth,5,5,15.5,12.91,30.49,1501.5,NVIDIA GeForce RTX 4060 Ti,39,69.89,62,3383.1,16380.0,
2026-09-05T01:52:50.509828+00:00,03_vlm_polymer_real_synth,5,5,15.1,13.03,30.49,1501.5,NVIDIA GeForce RTX 4060 Ti,40,67.75,0,3383.1,16380.0,
2026-09-05T01:53:00.576536+00:00,03_vlm_polymer_real_synth,5,5,8.9,13.05,30.49,1501.5,NVIDIA GeForce RTX 4060 Ti,38,66.55,48,3383.1,16380.0,
2026-09-05T01:53:10.625836+00:00,03_vlm_polymer_real_synth,5,5,8.5,13.04,30.49,1501.5,NVIDIA GeForce RTX 4060 Ti,37,68.15,56,3383.1,16380.0,
2026-09-05T01:53:20.689825+00:00,03_vlm_polymer_real_synth,5,5,8.5,13.05,30.49,1501.5,NVIDIA GeForce RTX 4060 Ti,40,69.69,0,3383.1,16380.0,
2026-09-05T01:53:30.741331+00:00,03_vlm_polymer_real_synth,5,5,8.5,13.06,30.49,1501.5,NVIDIA GeForce RTX 4060 Ti,38,68.96,54,3383.1,16380.0,
2026-09-05T01:53:40.804826+00:00,03_vlm_polymer_real_synth,5,5,8.5,13.04,30.49,1501.5,NVIDIA GeForce RTX 4060 Ti,39,68.24,62,3383.1,16380.0,
2026-09-05T01:53:50.821857+00:00,03_vlm_polymer_real_synth,5,5,8.6,13.04,30.49,1501.5,NVIDIA GeForce RTX 4060 Ti,40,66.62,75,3383.1,16380.0,
2026-09-05T01:54:00.886930+00:00,03_vlm_polymer_real_synth,5,5,8.5,13.03,30.49,1501.5,NVIDIA GeForce RTX 4060 Ti,41,73.06,46,3383.1,16380.0,
2026-09-05T01:54:10.940113+00:00,03_vlm_polymer_real_synth,5,5,8.5,13.02,30.49,1501.5,NVIDIA GeForce RTX 4060 Ti,38,69.76,45,3383.1,16380.0,
2026-09-05T01:54:21.004831+00:00,03_vlm_polymer_real_synth,5,5,8.5,13.03,30.49,1501.5,NVIDIA GeForce RTX 4060 Ti,39,71.62,64,3383.1,16380.0,
2026-09-05T01:54:31.068489+00:00,03_vlm_polymer_real_synth,5,5,8.5,13.03,30.49,1501.5,NVIDIA GeForce RTX 4060 Ti,39,70.09,58,3383.1,16380.0,
2026-09-05T01:54:41.131833+00:00,03_vlm_polymer_real_synth,5,5,8.5,13.04,30.49,1501.5,NVIDIA GeForce RTX 4060 Ti,39,67.49,58,3383.1,16380.0,
2026-09-05T01:54:51.154279+00:00,03_vlm_polymer_real_synth,5,5,8.6,13.04,30.49,1501.5,NVIDIA GeForce RTX 4060 Ti,40,66.48,54,3383.1,16380.0,
2026-09-05T01:55:01.176822+00:00,03_vlm_polymer_real_synth,5,5,8.7,13.08,30.49,1501.5,NVIDIA GeForce RTX 4060 Ti,38,69.73,77,3383.1,16380.0,
2026-09-05T01:55:11.240214+00:00,03_vlm_polymer_real_synth,5,5,8.5,13.07,30.49,1501.5,NVIDIA GeForce RTX 4060 Ti,38,72.26,61,3383.1,16380.0,
2026-09-05T01:55:21.302682+00:00,03_vlm_polymer_real_synth,5,5,8.5,13.05,30.49,1501.5,NVIDIA GeForce RTX 4060 Ti,39,69.0,63,3383.1,16380.0,
2026-09-05T01:55:31.344938+00:00,03_vlm_polymer_real_synth,5,5,8.6,13.06,30.49,1501.5,NVIDIA GeForce RTX 4060 Ti,39,71.35,58,3383.1,16380.0,
2026-09-05T01:55:41.412832+00:00,03_vlm_polymer_real_synth,5,5,8.5,13.06,30.49,1501.5,NVIDIA GeForce RTX 4060 Ti,40,69.07,67,3383.1,16380.0,
2026-09-05T01:55:51.477836+00:00,03_vlm_polymer_real_synth,5,5,8.6,13.06,30.49,1501.5,NVIDIA GeForce RTX 4060 Ti,41,67.76,43,3383.1,16380.0,
2026-09-05T01:56:01.541819+00:00,03_vlm_polymer_real_synth,5,5,8.5,13.05,30.49,1501.5,NVIDIA GeForce RTX 4060 Ti,39,73.57,24,3383.1,16380.0,
2026-09-05T01:56:11.577223+00:00,03_vlm_polymer_real_synth,5,5,8.5,13.05,30.49,1501.5,NVIDIA GeForce RTX 4060 Ti,38,69.04,30,3383.1,16380.0,
2026-09-05T01:56:21.608934+00:00,03_vlm_polymer_real_synth,5,5,8.5,13.05,30.49,1501.5,NVIDIA GeForce RTX 4060 Ti,40,72.57,54,3383.1,16380.0,
2026-09-05T01:56:31.673234+00:00,03_vlm_polymer_real_synth,5,5,8.5,13.05,30.49,1501.5,NVIDIA GeForce RTX 4060 Ti,41,69.27,53,3383.1,16380.0,
2026-09-05T01:56:41.728942+00:00,03_vlm_polymer_real_synth,5,5,8.5,13.06,30.49,1501.5,NVIDIA GeForce RTX 4060 Ti,41,69.68,36,3351.1,16380.0,
2026-09-05T01:56:51.783018+00:00,03_vlm_polymer_real_synth,5,5,8.6,13.05,30.49,1501.5,NVIDIA GeForce RTX 4060 Ti,38,70.55,63,3351.1,16380.0,
2026-09-05T01:57:01.846422+00:00,03_vlm_polymer_real_synth,5,5,8.5,13.08,30.49,1501.5,NVIDIA GeForce RTX 4060 Ti,40,70.12,39,3351.1,16380.0,
2026-09-05T01:57:11.900471+00:00,03_vlm_polymer_real_synth,5,5,8.5,13.07,30.49,1501.5,NVIDIA GeForce RTX 4060 Ti,41,66.45,55,3351.1,16380.0,
2026-09-05T01:57:21.948811+00:00,03_vlm_polymer_real_synth,5,5,8.5,13.07,30.49,1501.5,NVIDIA GeForce RTX 4060 Ti,37,67.31,58,3351.1,16380.0,
2026-09-05T01:57:32.013076+00:00,03_vlm_polymer_real_synth,5,5,8.5,13.08,30.49,1501.5,NVIDIA GeForce RTX 4060 Ti,40,68.58,31,3351.1,16380.0,
2026-09-05T01:57:42.077847+00:00,03_vlm_polymer_real_synth,5,5,8.5,13.08,30.49,1501.5,NVIDIA GeForce RTX 4060 Ti,37,69.08,14,3351.1,16380.0,
2026-09-05T01:57:52.129717+00:00,03_vlm_polymer_real_synth,5,5,8.6,13.07,30.49,1501.5,NVIDIA GeForce RTX 4060 Ti,38,68.38,47,3351.1,16380.0,
2026-09-05T01:58:02.193825+00:00,03_vlm_polymer_real_synth,5,5,8.5,13.1,30.49,1501.5,NVIDIA GeForce RTX 4060 Ti,38,70.65,51,3351.1,16380.0,
2026-09-05T01:58:12.263844+00:00,03_vlm_polymer_real_synth,5,5,8.5,13.11,30.49,1501.5,NVIDIA GeForce RTX 4060 Ti,40,66.42,0,3351.1,16380.0,
2026-09-05T01:58:22.326837+00:00,03_vlm_polymer_real_synth,5,5,8.6,13.1,30.49,1501.5,NVIDIA GeForce RTX 4060 Ti,39,67.87,32,3351.1,16380.0,
2026-09-05T01:58:32.390835+00:00,03_vlm_polymer_real_synth,5,5,8.5,13.1,30.49,1501.5,NVIDIA GeForce RTX 4060 Ti,40,69.52,1,3351.1,16380.0,
2026-09-05T01:58:42.415906+00:00,03_vlm_polymer_real_synth,5,5,8.6,13.1,30.49,1501.5,NVIDIA GeForce RTX 4060 Ti,37,66.42,14,3351.1,16380.0,
2026-09-05T01:58:52.480835+00:00,03_vlm_polymer_real_synth,5,5,8.5,13.1,30.49,1501.5,NVIDIA GeForce RTX 4060 Ti,38,69.97,39,3351.1,16380.0,
2026-09-05T01:59:02.544831+00:00,03_vlm_polymer_real_synth,5,5,8.5,13.09,30.49,1501.5,NVIDIA GeForce RTX 4060 Ti,39,68.33,76,3351.1,16380.0,
2026-09-05T01:59:12.608820+00:00,03_vlm_polymer_real_synth,5,5,8.6,13.07,30.49,1501.5,NVIDIA GeForce RTX 4060 Ti,39,68.92,70,3351.1,16380.0,
2026-09-05T01:59:22.671840+00:00,03_vlm_polymer_real_synth,5,5,8.5,13.08,30.49,1501.5,NVIDIA GeForce RTX 4060 Ti,41,66.39,17,3351.1,16380.0,
2026-09-05T01:59:32.740858+00:00,03_vlm_polymer_real_synth,5,5,8.5,13.08,30.49,1501.5,NVIDIA GeForce RTX 4060 Ti,40,66.41,78,3351.1,16380.0,
2026-09-05T01:59:42.781664+00:00,03_vlm_polymer_real_synth,5,5,8.6,13.08,30.49,1501.5,NVIDIA GeForce RTX 4060 Ti,41,73.56,13,3351.1,16380.0,
2026-09-05T01:59:52.806760+00:00,03_vlm_polymer_real_synth,5,5,8.5,13.08,30.49,1501.5,NVIDIA GeForce RTX 4060 Ti,40,69.05,74,3351.1,16380.0,
2026-09-05T02:00:02.871002+00:00,03_vlm_polymer_real_synth,5,5,8.6,13.14,30.49,1501.49,NVIDIA GeForce RTX 4060 Ti,37,68.81,50,3350.6,16380.0,
2026-09-05T02:00:12.934839+00:00,03_vlm_polymer_real_synth,5,5,8.5,13.15,30.49,1501.49,NVIDIA GeForce RTX 4060 Ti,41,69.02,33,3350.6,16380.0,
2026-09-05T02:00:23.003844+00:00,03_vlm_polymer_real_synth,5,5,8.5,13.11,30.49,1501.49,NVIDIA GeForce RTX 4060 Ti,39,68.51,29,3350.6,16380.0,
2026-09-05T02:00:33.067837+00:00,03_vlm_polymer_real_synth,5,5,8.6,13.11,30.49,1501.49,NVIDIA GeForce RTX 4060 Ti,40,62.61,50,3350.6,16380.0,
2026-09-05T02:00:43.130831+00:00,03_vlm_polymer_real_synth,5,5,8.6,13.11,30.49,1501.49,NVIDIA GeForce RTX 4060 Ti,38,62.85,20,3350.6,16380.0,
2026-09-05T02:00:53.168429+00:00,03_vlm_polymer_real_synth,5,5,8.5,13.11,30.49,1501.49,NVIDIA GeForce RTX 4060 Ti,39,62.7,36,3350.6,16380.0,
2026-09-05T02:01:03.231825+00:00,03_vlm_polymer_real_synth,5,5,8.1,13.12,30.49,1501.49,NVIDIA GeForce RTX 4060 Ti,41,69.35,37,3350.6,16380.0,
2026-09-05T02:01:13.280507+00:00,03_vlm_polymer_real_synth,5,5,8.5,13.12,30.49,1501.49,NVIDIA GeForce RTX 4060 Ti,38,69.47,0,3350.6,16380.0,
2026-09-05T02:01:23.343823+00:00,03_vlm_polymer_real_synth,5,5,8.5,13.11,30.49,1501.49,NVIDIA GeForce RTX 4060 Ti,40,69.52,75,3350.6,16380.0,
2026-09-05T02:01:33.391033+00:00,03_vlm_polymer_real_synth,5,5,8.6,13.12,30.49,1501.49,NVIDIA GeForce RTX 4060 Ti,40,68.67,60,3350.6,16380.0,
2026-09-05T02:01:43.456826+00:00,03_vlm_polymer_real_synth,5,5,8.6,13.13,30.49,1501.49,NVIDIA GeForce RTX 4060 Ti,37,69.35,31,3350.6,16380.0,
2026-09-05T02:01:53.525828+00:00,03_vlm_polymer_real_synth,5,5,8.5,13.12,30.49,1501.49,NVIDIA GeForce RTX 4060 Ti,37,68.98,49,3350.6,16380.0,
2026-09-05T02:02:03.589936+00:00,03_vlm_polymer_real_synth,5,5,8.5,13.12,30.49,1501.49,NVIDIA GeForce RTX 4060 Ti,38,66.4,47,3350.6,16380.0,
2026-09-05T02:02:13.652839+00:00,03_vlm_polymer_real_synth,5,5,8.5,13.11,30.49,1501.49,NVIDIA GeForce RTX 4060 Ti,38,66.53,51,3350.6,16380.0,
2026-09-05T02:02:23.718844+00:00,03_vlm_polymer_real_synth,5,5,8.5,13.11,30.49,1501.49,NVIDIA GeForce RTX 4060 Ti,40,68.89,18,3350.6,16380.0,
2026-09-05T02:02:33.782835+00:00,03_vlm_polymer_real_synth,5,5,8.6,13.11,30.49,1501.49,NVIDIA GeForce RTX 4060 Ti,39,68.46,20,3350.6,16380.0,
2026-09-05T02:02:43.851831+00:00,03_vlm_polymer_real_synth,5,5,8.6,13.11,30.49,1501.49,NVIDIA GeForce RTX 4060 Ti,39,68.88,0,3350.6,16380.0,
2026-09-05T02:02:53.902054+00:00,03_vlm_polymer_real_synth,5,5,8.5,13.11,30.49,1501.49,NVIDIA GeForce RTX 4060 Ti,39,69.55,46,3350.6,16380.0,
2026-09-05T02:03:03.972479+00:00,03_vlm_polymer_real_synth,5,5,8.5,13.11,30.49,1501.49,NVIDIA GeForce RTX 4060 Ti,39,70.67,77,3350.6,16380.0,
2026-09-05T02:03:14.043824+00:00,03_vlm_polymer_real_synth,5,5,8.5,13.11,30.49,1501.49,NVIDIA GeForce RTX 4060 Ti,41,70.01,51,3350.6,16380.0,
2026-09-05T02:03:24.106831+00:00,03_vlm_polymer_real_synth,5,5,8.5,13.11,30.49,1501.49,NVIDIA GeForce RTX 4060 Ti,37,68.94,21,3350.6,16380.0,
2026-09-05T02:03:34.170831+00:00,03_vlm_polymer_real_synth,5,5,8.5,13.11,30.49,1501.49,NVIDIA GeForce RTX 4060 Ti,38,70.8,53,3350.6,16380.0,
2026-09-05T02:03:44.223582+00:00,03_vlm_polymer_real_synth,5,5,8.6,13.11,30.49,1501.49,NVIDIA GeForce RTX 4060 Ti,40,71.21,32,3350.6,16380.0,
2026-09-05T02:03:54.287364+00:00,03_vlm_polymer_real_synth,5,5,8.5,13.11,30.49,1501.49,NVIDIA GeForce RTX 4060 Ti,39,68.51,78,3350.6,16380.0,
2026-09-05T02:04:04.334467+00:00,03_vlm_polymer_real_synth,5,5,8.5,13.11,30.49,1501.49,NVIDIA GeForce RTX 4060 Ti,38,70.84,64,3350.6,16380.0,
2026-09-05T02:04:14.397843+00:00,03_vlm_polymer_real_synth,5,5,8.5,13.11,30.49,1501.49,NVIDIA GeForce RTX 4060 Ti,37,66.62,20,3350.6,16380.0,
2026-09-05T02:04:24.461833+00:00,03_vlm_polymer_real_synth,5,5,8.5,13.13,30.49,1501.49,NVIDIA GeForce RTX 4060 Ti,39,68.46,74,3350.6,16380.0,
2026-09-05T02:04:34.525828+00:00,03_vlm_polymer_real_synth,5,5,8.5,13.12,30.49,1501.49,NVIDIA GeForce RTX 4060 Ti,38,69.75,49,3350.6,16380.0,
2026-09-05T02:04:44.597821+00:00,03_vlm_polymer_real_synth,5,5,8.6,13.11,30.49,1501.49,NVIDIA GeForce RTX 4060 Ti,39,70.84,27,3350.6,16380.0,
2026-09-05T02:04:54.660830+00:00,03_vlm_polymer_real_synth,5,5,8.5,13.13,30.49,1501.49,NVIDIA GeForce RTX 4060 Ti,38,69.54,52,3350.6,16380.0,
2026-09-05T02:05:04.731834+00:00,03_vlm_polymer_real_synth,5,5,8.7,13.14,30.49,1501.49,NVIDIA GeForce RTX 4060 Ti,39,68.47,54,3350.6,16380.0,
2026-09-05T02:05:14.796846+00:00,03_vlm_polymer_real_synth,5,5,8.5,13.11,30.49,1501.49,NVIDIA GeForce RTX 4060 Ti,38,71.11,72,3350.6,16380.0,
2026-09-05T02:05:24.860851+00:00,03_vlm_polymer_real_synth,5,5,8.5,13.14,30.49,1501.49,NVIDIA GeForce RTX 4060 Ti,38,66.59,79,3350.6,16380.0,
2026-09-05T02:05:34.901456+00:00,03_vlm_polymer_real_synth,5,5,8.8,13.13,30.49,1501.49,NVIDIA GeForce RTX 4060 Ti,38,67.67,76,3350.6,16380.0,
2026-09-05T02:05:44.952235+00:00,03_vlm_polymer_real_synth,5,5,8.6,13.11,30.49,1501.49,NVIDIA GeForce RTX 4060 Ti,39,71.48,0,3350.6,16380.0,
2026-09-05T02:05:54.983283+00:00,03_vlm_polymer_real_synth,5,5,8.5,13.1,30.49,1501.49,NVIDIA GeForce RTX 4060 Ti,39,70.78,21,3350.6,16380.0,
2026-09-05T02:06:05.023834+00:00,03_vlm_polymer_real_synth,5,5,8.5,13.12,30.49,1501.49,NVIDIA GeForce RTX 4060 Ti,37,70.36,51,3350.6,16380.0,
2026-09-05T02:06:15.040286+00:00,03_vlm_polymer_real_synth,5,5,8.5,13.12,30.49,1501.49,NVIDIA GeForce RTX 4060 Ti,39,66.65,3,3350.6,16380.0,
2026-09-05T02:06:25.070365+00:00,03_vlm_polymer_real_synth,5,5,8.5,13.13,30.49,1501.49,NVIDIA GeForce RTX 4060 Ti,38,67.56,18,3350.6,16380.0,
2026-09-05T02:06:35.134833+00:00,03_vlm_polymer_real_synth,5,5,8.5,13.13,30.49,1501.49,NVIDIA GeForce RTX 4060 Ti,41,67.01,62,3350.6,16380.0,
2026-09-05T02:06:45.199941+00:00,03_vlm_polymer_real_synth,5,5,8.6,13.13,30.49,1501.49,NVIDIA GeForce RTX 4060 Ti,38,69.83,64,3350.6,16380.0,
2026-09-05T02:06:55.264831+00:00,03_vlm_polymer_real_synth,5,5,8.5,13.12,30.49,1501.49,NVIDIA GeForce RTX 4060 Ti,39,68.77,75,3350.6,16380.0,
2026-09-05T02:07:05.328844+00:00,03_vlm_polymer_real_synth,5,5,8.5,13.11,30.49,1501.49,NVIDIA GeForce RTX 4060 Ti,37,71.02,25,3350.6,16380.0,
2026-09-05T02:07:15.357667+00:00,03_vlm_polymer_real_synth,5,5,8.5,13.13,30.49,1501.49,NVIDIA GeForce RTX 4060 Ti,40,66.59,0,3350.6,16380.0,
2026-09-05T02:07:25.404519+00:00,03_vlm_polymer_real_synth,5,5,8.5,13.1,30.49,1501.49,NVIDIA GeForce RTX 4060 Ti,37,68.61,1,3350.6,16380.0,
2026-09-05T02:07:35.457645+00:00,03_vlm_polymer_real_synth,5,5,8.5,13.12,30.49,1501.49,NVIDIA GeForce RTX 4060 Ti,37,66.56,23,3350.6,16380.0,
2026-09-05T02:07:45.496465+00:00,03_vlm_polymer_real_synth,5,5,8.6,13.12,30.49,1501.49,NVIDIA GeForce RTX 4060 Ti,40,70.41,27,3350.6,16380.0,
2026-09-05T02:07:55.562974+00:00,03_vlm_polymer_real_synth,5,5,8.5,13.12,30.49,1501.49,NVIDIA GeForce RTX 4060 Ti,42,68.51,0,3350.6,16380.0,
2026-09-05T02:08:05.626983+00:00,03_vlm_polymer_real_synth,5,5,8.5,13.12,30.49,1501.49,NVIDIA GeForce RTX 4060 Ti,40,67.01,18,3350.6,16380.0,
2026-09-05T02:08:15.682622+00:00,03_vlm_polymer_real_synth,5,5,8.5,13.11,30.49,1501.49,NVIDIA GeForce RTX 4060 Ti,42,66.79,0,3350.6,16380.0,
2026-09-05T02:08:25.749846+00:00,03_vlm_polymer_real_synth,5,5,8.5,13.12,30.49,1501.49,NVIDIA GeForce RTX 4060 Ti,39,71.38,78,3350.6,16380.0,
2026-09-05T02:08:35.812830+00:00,03_vlm_polymer_real_synth,5,5,8.5,13.12,30.49,1501.49,NVIDIA GeForce RTX 4060 Ti,41,70.41,62,3350.6,16380.0,
2026-09-05T02:08:45.878843+00:00,03_vlm_polymer_real_synth,5,5,8.6,13.11,30.49,1501.49,NVIDIA GeForce RTX 4060 Ti,38,70.44,13,3350.6,16380.0,
2026-09-05T02:08:55.941841+00:00,03_vlm_polymer_real_synth,5,5,8.5,13.1,30.49,1501.49,NVIDIA GeForce RTX 4060 Ti,41,71.99,2,3350.6,16380.0,
2026-09-05T02:09:06.004844+00:00,03_vlm_polymer_real_synth,5,5,8.5,13.1,30.49,1501.49,NVIDIA GeForce RTX 4060 Ti,40,72.31,71,3350.6,16380.0,
2026-09-05T02:09:16.067828+00:00,03_vlm_polymer_real_synth,5,5,8.5,13.11,30.49,1501.49,NVIDIA GeForce RTX 4060 Ti,38,68.48,47,3350.6,16380.0,
2026-09-05T02:09:26.133189+00:00,03_vlm_polymer_real_synth,5,5,8.5,13.11,30.49,1501.49,NVIDIA GeForce RTX 4060 Ti,40,70.24,0,3350.6,16380.0,
2026-09-05T02:09:36.203455+00:00,03_vlm_polymer_real_synth,5,5,8.5,13.11,30.49,1501.49,NVIDIA GeForce RTX 4060 Ti,37,70.74,15,3350.6,16380.0,
2026-09-05T02:09:46.266827+00:00,03_vlm_polymer_real_synth,5,5,8.6,13.11,30.49,1501.49,NVIDIA GeForce RTX 4060 Ti,38,71.57,76,3350.6,16380.0,
2026-09-05T02:09:56.330850+00:00,03_vlm_polymer_real_synth,5,5,8.5,13.11,30.49,1501.49,NVIDIA GeForce RTX 4060 Ti,37,67.43,50,3350.6,16380.0,
2026-09-05T02:10:06.400212+00:00,03_vlm_polymer_real_synth,5,5,8.7,13.12,30.49,1501.49,NVIDIA GeForce RTX 4060 Ti,37,66.45,31,3350.6,16380.0,
2026-09-05T02:10:16.456833+00:00,03_vlm_polymer_real_synth,5,5,8.6,13.11,30.49,1501.49,NVIDIA GeForce RTX 4060 Ti,38,69.51,0,3350.6,16380.0,
2026-09-05T02:10:26.521853+00:00,03_vlm_polymer_real_synth,5,5,8.5,13.11,30.49,1501.49,NVIDIA GeForce RTX 4060 Ti,42,66.55,34,3350.6,16380.0,
2026-09-05T02:10:36.585836+00:00,03_vlm_polymer_real_synth,5,5,8.6,13.11,30.49,1501.49,NVIDIA GeForce RTX 4060 Ti,37,68.8,78,3350.6,16380.0,
2026-09-05T02:10:46.649832+00:00,03_vlm_polymer_real_synth,5,5,8.5,13.1,30.49,1501.49,NVIDIA GeForce RTX 4060 Ti,38,68.76,66,3350.6,16380.0,
2026-09-05T02:10:56.713825+00:00,03_vlm_polymer_real_synth,5,5,8.5,13.11,30.49,1501.49,NVIDIA GeForce RTX 4060 Ti,39,68.92,34,3350.6,16380.0,
2026-09-05T02:11:06.778826+00:00,03_vlm_polymer_real_synth,5,5,8.5,13.11,30.49,1501.49,NVIDIA GeForce RTX 4060 Ti,39,69.35,3,3350.6,16380.0,
2026-09-05T02:11:16.843828+00:00,03_vlm_polymer_real_synth,5,5,8.5,13.11,30.49,1501.49,NVIDIA GeForce RTX 4060 Ti,37,66.59,69,3350.6,16380.0,
2026-09-05T02:11:26.908857+00:00,03_vlm_polymer_real_synth,5,5,8.5,13.11,30.49,1501.49,NVIDIA GeForce RTX 4060 Ti,40,69.97,77,3350.6,16380.0,
2026-09-05T02:11:36.972818+00:00,03_vlm_polymer_real_synth,5,5,8.5,13.1,30.49,1501.49,NVIDIA GeForce RTX 4060 Ti,39,69.39,54,3350.6,16380.0,
2026-09-05T02:11:46.999509+00:00,03_vlm_polymer_real_synth,5,5,8.5,13.09,30.49,1501.49,NVIDIA GeForce RTX 4060 Ti,42,66.44,0,3350.6,16380.0,
2026-09-05T02:11:57.062843+00:00,03_vlm_polymer_real_synth,5,5,8.5,13.1,30.49,1501.49,NVIDIA GeForce RTX 4060 Ti,37,69.74,18,3350.6,16380.0,
2026-09-05T02:12:07.121980+00:00,03_vlm_polymer_real_synth,5,5,8.5,13.09,30.49,1501.49,NVIDIA GeForce RTX 4060 Ti,38,68.64,34,3350.6,16380.0,
2026-09-05T02:12:17.182705+00:00,03_vlm_polymer_real_synth,5,5,8.5,13.09,30.49,1501.49,NVIDIA GeForce RTX 4060 Ti,38,62.93,32,3350.6,16380.0,
2026-09-05T02:12:27.214848+00:00,03_vlm_polymer_real_synth,5,5,8.5,13.1,30.49,1501.49,NVIDIA GeForce RTX 4060 Ti,39,62.55,24,3350.6,16380.0,
2026-09-05T02:12:37.241589+00:00,03_vlm_polymer_real_synth,5,5,8.5,13.1,30.49,1501.49,NVIDIA GeForce RTX 4060 Ti,39,62.72,26,3350.6,16380.0,
2026-09-05T02:12:47.304826+00:00,03_vlm_polymer_real_synth,5,5,8.5,13.11,30.49,1501.49,NVIDIA GeForce RTX 4060 Ti,37,71.21,31,3350.6,16380.0,
2026-09-05T02:12:57.367835+00:00,03_vlm_polymer_real_synth,5,5,8.5,13.1,30.49,1501.49,NVIDIA GeForce RTX 4060 Ti,38,70.06,78,3350.6,16380.0,
2026-09-05T02:13:07.430843+00:00,03_vlm_polymer_real_synth,5,5,8.5,13.09,30.49,1501.49,NVIDIA GeForce RTX 4060 Ti,39,67.96,74,3350.6,16380.0,
2026-09-05T02:13:17.496825+00:00,03_vlm_polymer_real_synth,5,5,8.5,13.09,30.49,1501.49,NVIDIA GeForce RTX 4060 Ti,39,71.16,23,3350.6,16380.0,
2026-09-05T02:13:27.538011+00:00,03_vlm_polymer_real_synth,5,5,8.6,13.09,30.49,1501.49,NVIDIA GeForce RTX 4060 Ti,39,69.83,51,3350.6,16380.0,
2026-09-05T02:13:37.600840+00:00,03_vlm_polymer_real_synth,5,5,8.5,13.1,30.49,1501.49,NVIDIA GeForce RTX 4060 Ti,38,66.35,54,3350.6,16380.0,
2026-09-05T02:13:47.667828+00:00,03_vlm_polymer_real_synth,5,5,8.5,13.11,30.49,1501.49,NVIDIA GeForce RTX 4060 Ti,38,70.65,45,3350.6,16380.0,
2026-09-05T02:13:57.736101+00:00,03_vlm_polymer_real_synth,5,5,8.5,13.11,30.49,1501.49,NVIDIA GeForce RTX 4060 Ti,38,70.96,35,3350.6,16380.0,
2026-09-05T02:14:07.799835+00:00,03_vlm_polymer_real_synth,5,5,8.5,13.11,30.49,1501.49,NVIDIA GeForce RTX 4060 Ti,38,71.29,51,3350.6,16380.0,
2026-09-05T02:14:17.862821+00:00,03_vlm_polymer_real_synth,5,5,8.5,13.1,30.49,1501.49,NVIDIA GeForce RTX 4060 Ti,40,70.67,14,3350.6,16380.0,
2026-09-05T02:14:27.915864+00:00,03_vlm_polymer_real_synth,5,5,8.6,13.1,30.49,1501.49,NVIDIA GeForce RTX 4060 Ti,41,70.79,0,3350.6,16380.0,
2026-09-05T02:14:37.979409+00:00,03_vlm_polymer_real_synth,5,5,8.5,13.1,30.49,1501.49,NVIDIA GeForce RTX 4060 Ti,40,72.21,75,3350.6,16380.0,
2026-09-05T02:14:48.047850+00:00,03_vlm_polymer_real_synth,5,5,8.5,13.09,30.49,1501.49,NVIDIA GeForce RTX 4060 Ti,40,70.97,61,3350.6,16380.0,
2026-09-05T02:14:58.111828+00:00,03_vlm_polymer_real_synth,5,5,8.5,13.09,30.49,1501.49,NVIDIA GeForce RTX 4060 Ti,37,69.35,54,3350.6,16380.0,
2026-09-05T02:15:08.180845+00:00,03_vlm_polymer_real_synth,5,5,8.7,13.13,30.49,1501.49,NVIDIA GeForce RTX 4060 Ti,39,66.26,31,3350.6,16380.0,
2026-09-05T02:15:18.243836+00:00,03_vlm_polymer_real_synth,5,5,8.5,13.09,30.49,1501.49,NVIDIA GeForce RTX 4060 Ti,37,66.23,42,3350.6,16380.0,
2026-09-05T02:15:28.306824+00:00,03_vlm_polymer_real_synth,5,5,8.6,13.1,30.49,1501.49,NVIDIA GeForce RTX 4060 Ti,40,66.99,22,3350.6,16380.0,
2026-09-05T02:15:38.371827+00:00,03_vlm_polymer_real_synth,5,5,8.5,13.11,30.49,1501.49,NVIDIA GeForce RTX 4060 Ti,39,71.51,35,3350.6,16380.0,
2026-09-05T02:15:48.434841+00:00,03_vlm_polymer_real_synth,5,5,8.5,13.12,30.49,1501.49,NVIDIA GeForce RTX 4060 Ti,38,68.71,62,3350.6,16380.0,
2026-09-05T02:15:58.499835+00:00,03_vlm_polymer_real_synth,5,5,8.5,13.11,30.49,1501.49,NVIDIA GeForce RTX 4060 Ti,41,66.28,55,3350.6,16380.0,
2026-09-05T02:16:08.566343+00:00,03_vlm_polymer_real_synth,5,5,8.5,13.11,30.49,1501.49,NVIDIA GeForce RTX 4060 Ti,39,67.4,18,3350.6,16380.0,
2026-09-05T02:16:18.630824+00:00,03_vlm_polymer_real_synth,5,5,8.5,13.1,30.49,1501.49,NVIDIA GeForce RTX 4060 Ti,39,70.33,51,3350.6,16380.0,
2026-09-05T02:16:28.696923+00:00,03_vlm_polymer_real_synth,5,5,8.6,13.11,30.49,1501.49,NVIDIA GeForce RTX 4060 Ti,39,70.1,41,3350.6,16380.0,
2026-09-05T02:16:38.760471+00:00,03_vlm_polymer_real_synth,5,5,8.5,13.11,30.49,1501.49,NVIDIA GeForce RTX 4060 Ti,39,69.67,42,3350.6,16380.0,
2026-09-05T02:16:48.816878+00:00,03_vlm_polymer_real_synth,5,5,8.5,13.11,30.49,1501.49,NVIDIA GeForce RTX 4060 Ti,38,70.19,79,3350.6,16380.0,
2026-09-05T02:16:58.838246+00:00,03_vlm_polymer_real_synth,5,5,8.5,13.13,30.49,1501.49,NVIDIA GeForce RTX 4060 Ti,38,69.75,76,3350.6,16380.0,
2026-09-05T02:17:08.903325+00:00,03_vlm_polymer_real_synth,5,5,8.5,13.12,30.49,1501.49,NVIDIA GeForce RTX 4060 Ti,38,70.36,78,3350.6,16380.0,
2026-09-05T02:17:18.966825+00:00,03_vlm_polymer_real_synth,5,5,8.5,13.12,30.49,1501.49,NVIDIA GeForce RTX 4060 Ti,40,71.36,56,3350.6,16380.0,
2026-09-05T02:17:29.029830+00:00,03_vlm_polymer_real_synth,5,5,8.5,13.1,30.49,1501.49,NVIDIA GeForce RTX 4060 Ti,39,70.49,61,3350.6,16380.0,
2026-09-05T02:17:39.092822+00:00,03_vlm_polymer_real_synth,5,5,8.5,13.1,30.49,1501.49,NVIDIA GeForce RTX 4060 Ti,41,69.88,0,3350.6,16380.0,
2026-09-05T02:17:49.155856+00:00,03_vlm_polymer_real_synth,5,5,8.5,13.1,30.49,1501.49,NVIDIA GeForce RTX 4060 Ti,40,71.65,1,3350.6,16380.0,
2026-09-05T02:17:59.218836+00:00,03_vlm_polymer_real_synth,5,5,8.5,13.11,30.49,1501.49,NVIDIA GeForce RTX 4060 Ti,40,67.76,20,3350.6,16380.0,
2026-09-05T02:18:09.250961+00:00,03_vlm_polymer_real_synth,5,5,8.5,13.1,30.49,1501.49,NVIDIA GeForce RTX 4060 Ti,38,69.18,36,3350.6,16380.0,
2026-09-05T02:18:19.276893+00:00,03_vlm_polymer_real_synth,5,5,8.5,13.1,30.49,1501.49,NVIDIA GeForce RTX 4060 Ti,38,72.71,32,3350.6,16380.0,
2026-09-05T02:18:29.339836+00:00,03_vlm_polymer_real_synth,5,5,8.6,13.11,30.49,1501.49,NVIDIA GeForce RTX 4060 Ti,40,69.24,0,3350.6,16380.0,
2026-09-05T02:18:39.395552+00:00,03_vlm_polymer_real_synth,5,5,8.5,13.11,30.49,1501.49,NVIDIA GeForce RTX 4060 Ti,38,66.67,56,3350.6,16380.0,
2026-09-05T02:18:49.425713+00:00,03_vlm_polymer_real_synth,5,5,8.5,13.11,30.49,1501.49,NVIDIA GeForce RTX 4060 Ti,38,68.08,36,3350.6,16380.0,
2026-09-05T02:18:59.489827+00:00,03_vlm_polymer_real_synth,5,5,8.5,13.1,30.49,1501.49,NVIDIA GeForce RTX 4060 Ti,38,69.04,55,3350.6,16380.0,
2026-09-05T02:19:09.536741+00:00,03_vlm_polymer_real_synth,5,5,8.5,13.1,30.49,1501.49,NVIDIA GeForce RTX 4060 Ti,42,66.56,0,3350.6,16380.0,
2026-09-05T02:19:19.601827+00:00,03_vlm_polymer_real_synth,5,5,8.8,13.09,30.49,1501.49,NVIDIA GeForce RTX 4060 Ti,38,66.59,0,3350.6,16380.0,
2026-09-05T02:19:29.666758+00:00,03_vlm_polymer_real_synth,5,5,8.6,13.1,30.49,1501.49,NVIDIA GeForce RTX 4060 Ti,40,70.8,58,3350.6,16380.0,
2026-09-05T02:19:39.729827+00:00,03_vlm_polymer_real_synth,5,5,8.5,13.1,30.49,1501.49,NVIDIA GeForce RTX 4060 Ti,41,68.91,63,3350.6,16380.0,
2026-09-05T02:19:49.793838+00:00,03_vlm_polymer_real_synth,5,5,8.5,13.11,30.49,1501.49,NVIDIA GeForce RTX 4060 Ti,39,71.99,14,3350.6,16380.0,
2026-09-05T02:19:59.856835+00:00,03_vlm_polymer_real_synth,5,5,8.5,13.1,30.49,1501.49,NVIDIA GeForce RTX 4060 Ti,40,70.03,59,3350.6,16380.0,
2026-09-05T02:20:09.920827+00:00,03_vlm_polymer_real_synth,5,5,8.7,13.13,30.49,1501.49,NVIDIA GeForce RTX 4060 Ti,40,70.75,51,3350.6,16380.0,
2026-09-05T02:20:19.984834+00:00,03_vlm_polymer_real_synth,5,5,8.5,13.1,30.49,1501.49,NVIDIA GeForce RTX 4060 Ti,38,71.89,51,3350.6,16380.0,
2026-09-05T02:20:30.048850+00:00,03_vlm_polymer_real_synth,5,5,8.6,13.11,30.49,1501.49,NVIDIA GeForce RTX 4060 Ti,41,71.64,61,3350.6,16380.0,
2026-09-05T02:20:40.112838+00:00,03_vlm_polymer_real_synth,5,5,8.5,13.1,30.49,1501.49,NVIDIA GeForce RTX 4060 Ti,39,70.14,0,3350.6,16380.0,
2026-09-05T02:20:50.175820+00:00,03_vlm_polymer_real_synth,5,5,8.5,13.1,30.49,1501.49,NVIDIA GeForce RTX 4060 Ti,39,70.31,59,3350.6,16380.0,
2026-09-05T02:21:00.238845+00:00,03_vlm_polymer_real_synth,5,5,8.6,13.1,30.49,1501.49,NVIDIA GeForce RTX 4060 Ti,39,66.64,5,3350.6,16380.0,
2026-09-05T02:21:10.305829+00:00,03_vlm_polymer_real_synth,5,5,8.5,13.1,30.49,1501.49,NVIDIA GeForce RTX 4060 Ti,39,68.53,6,3350.6,16380.0,
2026-09-05T02:21:20.369828+00:00,03_vlm_polymer_real_synth,5,5,8.5,13.09,30.49,1501.49,NVIDIA GeForce RTX 4060 Ti,41,70.41,14,3350.6,16380.0,
2026-09-05T02:21:30.439828+00:00,03_vlm_polymer_real_synth,5,5,8.6,13.1,30.49,1501.49,NVIDIA GeForce RTX 4060 Ti,37,68.06,62,3350.6,16380.0,
2026-09-05T02:21:40.503833+00:00,03_vlm_polymer_real_synth,5,5,8.5,13.09,30.49,1501.49,NVIDIA GeForce RTX 4060 Ti,38,67.45,51,3350.6,16380.0,
2026-09-05T02:21:50.567828+00:00,03_vlm_polymer_real_synth,5,5,8.5,13.09,30.49,1501.49,NVIDIA GeForce RTX 4060 Ti,39,67.65,19,3350.6,16380.0,
2026-09-05T02:22:00.632829+00:00,03_vlm_polymer_real_synth,5,5,8.5,13.09,30.49,1501.49,NVIDIA GeForce RTX 4060 Ti,37,68.91,29,3350.6,16380.0,
2026-09-05T02:22:10.696828+00:00,03_vlm_polymer_real_synth,5,5,8.5,13.09,30.49,1501.49,NVIDIA GeForce RTX 4060 Ti,38,69.56,71,3350.6,16380.0,
2026-09-05T02:22:20.713843+00:00,03_vlm_polymer_real_synth,5,5,8.5,13.09,30.49,1501.49,NVIDIA GeForce RTX 4060 Ti,38,70.2,65,3350.6,16380.0,
2026-09-05T02:22:30.778834+00:00,03_vlm_polymer_real_synth,5,5,12.4,12.85,30.49,1501.49,NVIDIA GeForce RTX 4060 Ti,39,69.31,26,3350.6,16380.0,
2026-09-05T02:22:40.812843+00:00,03_vlm_polymer_real_synth,5,5,11.7,12.85,30.49,1501.49,NVIDIA GeForce RTX 4060 Ti,39,68.7,50,3350.6,16380.0,
2026-09-05T02:22:50.877826+00:00,03_vlm_polymer_real_synth,5,5,15.2,12.89,30.49,1501.49,NVIDIA GeForce RTX 4060 Ti,39,68.35,53,3350.6,16380.0,
2026-09-05T02:23:00.941826+00:00,03_vlm_polymer_real_synth,5,5,10.7,12.96,30.49,1501.5,NVIDIA GeForce RTX 4060 Ti,39,68.58,36,3350.6,16380.0,
2026-09-05T02:23:11.011838+00:00,03_vlm_polymer_real_synth,5,5,8.5,12.97,30.49,1501.5,NVIDIA GeForce RTX 4060 Ti,41,67.77,54,3350.6,16380.0,
2026-09-05T02:23:21.077846+00:00,03_vlm_polymer_real_synth,5,5,8.5,12.99,30.49,1501.5,NVIDIA GeForce RTX 4060 Ti,38,66.47,37,3350.6,16380.0,
2026-09-05T02:23:31.140836+00:00,03_vlm_polymer_real_synth,5,5,8.6,12.98,30.49,1501.5,NVIDIA GeForce RTX 4060 Ti,38,67.23,32,3350.6,16380.0,
2026-09-05T02:23:41.201835+00:00,03_vlm_polymer_real_synth,5,5,8.5,12.97,30.49,1501.5,NVIDIA GeForce RTX 4060 Ti,38,68.81,50,3350.6,16380.0,
2026-09-05T02:23:51.230148+00:00,03_vlm_polymer_real_synth,5,5,8.5,12.98,30.49,1501.5,NVIDIA GeForce RTX 4060 Ti,40,62.71,36,3350.6,16380.0,
2026-09-05T02:24:01.293900+00:00,03_vlm_polymer_real_synth,5,5,8.5,12.98,30.49,1501.5,NVIDIA GeForce RTX 4060 Ti,39,62.14,44,3350.6,16380.0,
2026-09-05T02:24:11.357841+00:00,03_vlm_polymer_real_synth,5,5,8.6,12.97,30.49,1501.5,NVIDIA GeForce RTX 4060 Ti,37,62.63,16,3350.6,16380.0,
2026-09-05T02:24:21.417556+00:00,03_vlm_polymer_real_synth,5,5,8.5,12.97,30.49,1501.5,NVIDIA GeForce RTX 4060 Ti,37,62.88,27,3350.6,16380.0,
2026-09-05T02:24:31.486839+00:00,03_vlm_polymer_real_synth,5,5,8.6,12.98,30.49,1501.5,NVIDIA GeForce RTX 4060 Ti,38,67.17,57,3350.6,16380.0,
2026-09-05T02:24:41.530869+00:00,03_vlm_polymer_real_synth,5,5,8.5,12.97,30.49,1501.5,NVIDIA GeForce RTX 4060 Ti,37,69.39,64,3350.6,16380.0,
2026-09-05T02:24:51.600823+00:00,03_vlm_polymer_real_synth,5,5,8.5,12.96,30.49,1501.5,NVIDIA GeForce RTX 4060 Ti,39,70.34,68,3350.6,16380.0,
2026-09-05T02:25:01.664900+00:00,03_vlm_polymer_real_synth,5,5,8.5,12.97,30.49,1501.5,NVIDIA GeForce RTX 4060 Ti,39,70.6,57,3350.6,16380.0,
2026-09-05T02:25:11.727832+00:00,03_vlm_polymer_real_synth,5,5,8.7,12.98,30.49,1501.5,NVIDIA GeForce RTX 4060 Ti,41,67.21,36,3350.6,16380.0,
2026-09-05T02:25:21.791828+00:00,03_vlm_polymer_real_synth,5,5,8.5,12.98,30.49,1501.5,NVIDIA GeForce RTX 4060 Ti,38,68.88,71,3350.6,16380.0,
2026-09-05T02:25:31.855835+00:00,03_vlm_polymer_real_synth,5,5,8.6,12.97,30.49,1501.5,NVIDIA GeForce RTX 4060 Ti,37,68.92,10,3350.6,16380.0,
2026-09-05T02:25:41.919402+00:00,03_vlm_polymer_real_synth,5,5,8.5,12.98,30.49,1501.5,NVIDIA GeForce RTX 4060 Ti,39,69.4,57,3350.6,16380.0,
2026-09-05T02:25:51.988835+00:00,03_vlm_polymer_real_synth,5,5,8.5,12.99,30.49,1501.5,NVIDIA GeForce RTX 4060 Ti,39,71.39,63,3350.6,16380.0,
2026-09-05T02:26:02.052520+00:00,03_vlm_polymer_real_synth,5,5,8.5,12.97,30.49,1501.5,NVIDIA GeForce RTX 4060 Ti,39,70.25,51,3350.6,16380.0,
2026-09-05T02:26:12.115837+00:00,03_vlm_polymer_real_synth,5,5,8.5,12.98,30.49,1501.5,NVIDIA GeForce RTX 4060 Ti,37,66.55,56,3350.6,16380.0,
2026-09-05T02:26:22.180826+00:00,03_vlm_polymer_real_synth,5,5,8.5,12.96,30.49,1501.5,NVIDIA GeForce RTX 4060 Ti,38,69.66,61,3350.6,16380.0,
2026-09-05T02:26:32.250485+00:00,03_vlm_polymer_real_synth,5,5,8.5,12.95,30.49,1501.5,NVIDIA GeForce RTX 4060 Ti,37,68.39,51,3350.6,16380.0,
2026-09-05T02:26:42.320522+00:00,03_vlm_polymer_real_synth,5,5,8.5,12.97,30.49,1501.5,NVIDIA GeForce RTX 4060 Ti,41,68.47,0,3350.6,16380.0,
2026-09-05T02:26:52.352810+00:00,03_vlm_polymer_real_synth,5,5,8.6,12.97,30.49,1501.49,NVIDIA GeForce RTX 4060 Ti,39,68.47,73,3350.6,16380.0,
2026-09-05T02:27:02.414308+00:00,03_vlm_polymer_real_synth,5,5,8.5,12.95,30.49,1501.49,NVIDIA GeForce RTX 4060 Ti,40,68.77,74,3350.6,16380.0,
2026-09-05T02:27:12.480797+00:00,03_vlm_polymer_real_synth,5,5,8.5,12.95,30.49,1501.49,NVIDIA GeForce RTX 4060 Ti,41,71.01,26,3350.6,16380.0,
2026-09-05T02:27:22.543829+00:00,03_vlm_polymer_real_synth,5,5,8.5,12.93,30.49,1501.49,NVIDIA GeForce RTX 4060 Ti,37,69.27,51,3350.6,16380.0,
2026-09-05T02:27:32.608829+00:00,03_vlm_polymer_real_synth,5,5,8.6,12.93,30.49,1501.49,NVIDIA GeForce RTX 4060 Ti,39,69.75,45,3350.6,16380.0,
2026-09-05T02:27:42.678871+00:00,03_vlm_polymer_real_synth,5,5,8.5,12.93,30.49,1501.49,NVIDIA GeForce RTX 4060 Ti,39,70.27,20,3350.6,16380.0,
2026-09-05T02:27:52.733954+00:00,03_vlm_polymer_real_synth,5,5,8.5,12.94,30.49,1501.49,NVIDIA GeForce RTX 4060 Ti,39,71.37,26,3350.6,16380.0,
2026-09-05T02:28:02.797725+00:00,03_vlm_polymer_real_synth,5,5,8.6,12.94,30.49,1501.49,NVIDIA GeForce RTX 4060 Ti,39,69.7,47,3350.6,16380.0,
2026-09-05T02:28:12.849174+00:00,03_vlm_polymer_real_synth,5,5,8.5,12.93,30.49,1501.49,NVIDIA GeForce RTX 4060 Ti,40,70.31,58,3350.6,16380.0,
2026-09-05T02:28:22.918846+00:00,03_vlm_polymer_real_synth,5,5,8.5,12.94,30.49,1501.49,NVIDIA GeForce RTX 4060 Ti,38,66.59,71,3350.6,16380.0,
2026-09-05T02:28:32.987840+00:00,03_vlm_polymer_real_synth,5,5,8.5,12.94,30.49,1501.49,NVIDIA GeForce RTX 4060 Ti,38,68.2,0,3350.6,16380.0,
2026-09-05T02:28:43.051816+00:00,03_vlm_polymer_real_synth,5,5,8.5,12.92,30.49,1501.49,NVIDIA GeForce RTX 4060 Ti,40,71.3,55,3350.6,16380.0,
2026-09-05T02:28:53.114838+00:00,03_vlm_polymer_real_synth,5,5,8.5,12.93,30.49,1501.49,NVIDIA GeForce RTX 4060 Ti,38,67.58,70,3350.6,16380.0,
2026-09-05T02:29:03.179932+00:00,03_vlm_polymer_real_synth,5,5,8.6,12.93,30.49,1501.49,NVIDIA GeForce RTX 4060 Ti,39,67.98,0,3350.6,16380.0,
2026-09-05T02:29:13.210886+00:00,03_vlm_polymer_real_synth,5,5,8.5,12.92,30.49,1501.49,NVIDIA GeForce RTX 4060 Ti,38,69.73,54,3350.6,16380.0,
2026-09-05T02:29:23.274828+00:00,03_vlm_polymer_real_synth,5,5,8.5,12.91,30.49,1501.49,NVIDIA GeForce RTX 4060 Ti,41,69.86,46,3350.6,16380.0,
2026-09-05T02:29:33.338826+00:00,03_vlm_polymer_real_synth,5,5,8.5,12.91,30.49,1501.49,NVIDIA GeForce RTX 4060 Ti,39,68.76,33,3350.6,16380.0,
2026-09-05T02:29:43.403833+00:00,03_vlm_polymer_real_synth,5,5,8.5,12.94,30.49,1501.49,NVIDIA GeForce RTX 4060 Ti,37,68.98,43,3350.6,16380.0,
2026-09-05T02:29:53.466068+00:00,03_vlm_polymer_real_synth,5,5,8.5,12.93,30.49,1501.49,NVIDIA GeForce RTX 4060 Ti,39,68.49,49,3350.6,16380.0,
2026-09-05T02:30:03.492867+00:00,03_vlm_polymer_real_synth,5,5,8.5,12.93,30.49,1501.49,NVIDIA GeForce RTX 4060 Ti,41,71.63,0,3350.6,16380.0,
2026-09-05T02:30:13.555852+00:00,03_vlm_polymer_real_synth,5,5,8.7,12.95,30.49,1501.49,NVIDIA GeForce RTX 4060 Ti,39,66.74,1,3350.6,16380.0,
2026-09-05T02:30:23.618842+00:00,03_vlm_polymer_real_synth,5,5,8.5,12.95,30.49,1501.49,NVIDIA GeForce RTX 4060 Ti,40,66.63,4,3350.6,16380.0,
2026-09-05T02:30:33.682849+00:00,03_vlm_polymer_real_synth,5,5,8.6,12.95,30.49,1501.49,NVIDIA GeForce RTX 4060 Ti,39,70.69,59,3350.6,16380.0,
2026-09-05T02:30:43.713559+00:00,03_vlm_polymer_real_synth,5,5,8.5,12.95,30.49,1501.49,NVIDIA GeForce RTX 4060 Ti,41,70.43,61,3350.6,16380.0,
2026-09-05T02:30:53.779843+00:00,03_vlm_polymer_real_synth,5,5,8.5,12.96,30.49,1501.49,NVIDIA GeForce RTX 4060 Ti,41,68.76,55,3350.6,16380.0,
2026-09-05T02:31:03.840846+00:00,03_vlm_polymer_real_synth,5,5,8.5,12.96,30.49,1501.49,NVIDIA GeForce RTX 4060 Ti,38,71.7,53,3350.6,16380.0,
2026-09-05T02:31:13.903847+00:00,03_vlm_polymer_real_synth,5,5,8.5,12.95,30.49,1501.49,NVIDIA GeForce RTX 4060 Ti,39,68.85,75,3350.6,16380.0,
2026-09-05T02:31:23.966829+00:00,03_vlm_polymer_real_synth,5,5,8.5,12.96,30.49,1501.49,NVIDIA GeForce RTX 4060 Ti,38,66.66,57,3350.6,16380.0,
2026-09-05T02:31:34.000477+00:00,03_vlm_polymer_real_synth,5,5,8.6,12.95,30.49,1501.49,NVIDIA GeForce RTX 4060 Ti,41,71.28,63,3350.6,16380.0,
2026-09-05T02:31:44.054846+00:00,03_vlm_polymer_real_synth,5,5,8.6,12.96,30.49,1501.49,NVIDIA GeForce RTX 4060 Ti,41,67.31,51,3350.6,16380.0,
2026-09-05T02:31:54.121841+00:00,03_vlm_polymer_real_synth,5,5,8.5,12.95,30.49,1501.49,NVIDIA GeForce RTX 4060 Ti,38,69.83,56,3350.6,16380.0,
2026-09-05T02:32:04.185853+00:00,03_vlm_polymer_real_synth,5,5,8.5,12.95,30.49,1501.49,NVIDIA GeForce RTX 4060 Ti,41,68.34,0,3350.6,16380.0,
2026-09-05T02:32:14.248872+00:00,03_vlm_polymer_real_synth,5,5,8.8,12.96,30.49,1501.49,NVIDIA GeForce RTX 4060 Ti,40,71.45,79,3350.6,16380.0,
2026-09-05T02:32:24.311823+00:00,03_vlm_polymer_real_synth,5,5,8.5,12.97,30.49,1501.49,NVIDIA GeForce RTX 4060 Ti,38,69.77,49,3350.6,16380.0,
2026-09-05T02:32:34.380826+00:00,03_vlm_polymer_real_synth,5,5,8.6,12.97,30.49,1501.49,NVIDIA GeForce RTX 4060 Ti,39,68.07,76,3350.6,16380.0,
2026-09-05T02:32:44.444818+00:00,03_vlm_polymer_real_synth,5,5,8.5,12.97,30.49,1501.49,NVIDIA GeForce RTX 4060 Ti,40,70.1,13,3350.6,16380.0,
2026-09-05T02:32:54.507846+00:00,03_vlm_polymer_real_synth,5,5,8.5,12.96,30.49,1501.49,NVIDIA GeForce RTX 4060 Ti,41,66.4,0,3350.6,16380.0,
2026-09-05T02:33:04.574854+00:00,03_vlm_polymer_real_synth,5,5,8.5,12.95,30.49,1501.49,NVIDIA GeForce RTX 4060 Ti,40,67.18,7,3350.6,16380.0,
2026-09-05T02:33:14.633927+00:00,03_vlm_polymer_real_synth,5,5,8.5,12.95,30.49,1501.49,NVIDIA GeForce RTX 4060 Ti,39,70.71,70,3350.6,16380.0,
2026-09-05T02:33:24.665677+00:00,03_vlm_polymer_real_synth,5,5,8.5,12.95,30.49,1501.49,NVIDIA GeForce RTX 4060 Ti,37,69.28,45,3350.6,16380.0,
2026-09-05T02:33:34.687158+00:00,03_vlm_polymer_real_synth,5,5,8.5,12.94,30.49,1501.49,NVIDIA GeForce RTX 4060 Ti,37,69.89,29,3350.6,16380.0,
2026-09-05T02:33:44.749137+00:00,03_vlm_polymer_real_synth,5,5,8.5,12.95,30.49,1501.49,NVIDIA GeForce RTX 4060 Ti,39,69.67,75,3350.6,16380.0,
2026-09-05T02:33:54.813838+00:00,03_vlm_polymer_real_synth,5,5,8.5,12.96,30.49,1501.49,NVIDIA GeForce RTX 4060 Ti,40,70.16,69,3350.6,16380.0,
2026-09-05T02:34:04.872091+00:00,03_vlm_polymer_real_synth,5,5,8.5,12.97,30.49,1501.49,NVIDIA GeForce RTX 4060 Ti,39,69.79,71,3350.6,16380.0,
2026-09-05T02:34:14.941838+00:00,03_vlm_polymer_real_synth,5,5,8.5,12.96,30.49,1501.49,NVIDIA GeForce RTX 4060 Ti,38,68.84,0,3350.6,16380.0,
2026-09-05T02:34:24.958655+00:00,03_vlm_polymer_real_synth,5,5,8.5,12.96,30.49,1501.49,NVIDIA GeForce RTX 4060 Ti,39,66.43,8,3350.6,16380.0,
2026-09-05T02:34:35.021838+00:00,03_vlm_polymer_real_synth,5,5,8.5,12.95,30.49,1501.49,NVIDIA GeForce RTX 4060 Ti,38,68.95,0,3350.6,16380.0,
2026-09-05T02:34:45.085830+00:00,03_vlm_polymer_real_synth,5,5,8.5,12.95,30.49,1501.49,NVIDIA GeForce RTX 4060 Ti,41,66.55,57,3350.6,16380.0,
2026-09-05T02:34:55.152845+00:00,03_vlm_polymer_real_synth,5,5,8.5,12.95,30.49,1501.49,NVIDIA GeForce RTX 4060 Ti,38,66.61,47,3350.6,16380.0,
2026-09-05T02:35:05.216399+00:00,03_vlm_polymer_real_synth,5,5,8.5,12.97,30.49,1501.49,NVIDIA GeForce RTX 4060 Ti,39,70.11,0,3350.6,16380.0,
2026-09-05T02:35:15.280154+00:00,03_vlm_polymer_real_synth,5,5,8.7,13.0,30.49,1501.49,NVIDIA GeForce RTX 4060 Ti,41,66.45,0,3350.6,16380.0,
2026-09-05T02:35:25.337431+00:00,03_vlm_polymer_real_synth,5,5,8.5,12.96,30.49,1501.49,NVIDIA GeForce RTX 4060 Ti,41,70.8,0,3350.6,16380.0,
2026-09-05T02:35:35.401112+00:00,03_vlm_polymer_real_synth,5,5,8.5,12.97,30.49,1501.49,NVIDIA GeForce RTX 4060 Ti,38,62.21,30,3350.6,16380.0,
2026-09-05T02:35:45.464828+00:00,03_vlm_polymer_real_synth,5,5,8.5,12.95,30.49,1501.49,NVIDIA GeForce RTX 4060 Ti,37,62.57,26,3350.6,16380.0,
2026-09-05T02:35:55.527824+00:00,03_vlm_polymer_real_synth,5,5,8.5,12.95,30.49,1501.49,NVIDIA GeForce RTX 4060 Ti,37,61.85,13,3350.6,16380.0,
2026-09-05T02:36:05.579580+00:00,03_vlm_polymer_real_synth,5,5,8.5,12.94,30.49,1501.49,NVIDIA GeForce RTX 4060 Ti,39,71.08,68,3350.6,16380.0,
2026-09-05T02:36:15.595456+00:00,03_vlm_polymer_real_synth,5,5,8.5,12.95,30.49,1501.49,NVIDIA GeForce RTX 4060 Ti,38,71.17,78,3350.6,16380.0,
2026-09-05T02:36:25.658839+00:00,03_vlm_polymer_real_synth,5,5,8.5,12.97,30.49,1501.49,NVIDIA GeForce RTX 4060 Ti,41,69.63,50,3350.6,16380.0,
2026-09-05T02:36:35.721827+00:00,03_vlm_polymer_real_synth,5,5,8.5,12.95,30.49,1501.49,NVIDIA GeForce RTX 4060 Ti,38,69.21,76,3350.6,16380.0,
2026-09-05T02:36:45.785826+00:00,03_vlm_polymer_real_synth,5,5,8.5,12.95,30.49,1501.49,NVIDIA GeForce RTX 4060 Ti,37,70.52,59,3350.6,16380.0,
2026-09-05T02:36:55.844961+00:00,03_vlm_polymer_real_synth,5,5,8.5,12.95,30.49,1501.49,NVIDIA GeForce RTX 4060 Ti,37,71.51,55,3350.6,16380.0,
2026-09-05T02:37:05.908846+00:00,03_vlm_polymer_real_synth,5,5,8.5,12.95,30.49,1501.49,NVIDIA GeForce RTX 4060 Ti,37,66.53,35,3350.6,16380.0,
2026-09-05T02:37:15.950396+00:00,03_vlm_polymer_real_synth,5,5,8.5,12.96,30.49,1501.49,NVIDIA GeForce RTX 4060 Ti,39,71.85,74,3350.6,16380.0,
2026-09-05T02:37:26.013835+00:00,03_vlm_polymer_real_synth,5,5,8.5,12.97,30.49,1501.49,NVIDIA GeForce RTX 4060 Ti,37,68.85,29,3350.6,16380.0,
2026-09-05T02:37:36.077832+00:00,03_vlm_polymer_real_synth,5,5,8.5,12.96,30.49,1501.49,NVIDIA GeForce RTX 4060 Ti,41,68.48,64,3350.6,16380.0,
2026-09-05T02:37:46.141845+00:00,03_vlm_polymer_real_synth,5,5,8.5,12.96,30.49,1501.49,NVIDIA GeForce RTX 4060 Ti,40,70.62,2,3350.6,16380.0,
2026-09-05T02:37:56.204837+00:00,03_vlm_polymer_real_synth,5,5,8.5,12.96,30.49,1501.49,NVIDIA GeForce RTX 4060 Ti,37,68.03,78,3350.6,16380.0,
2026-09-05T02:38:06.268844+00:00,03_vlm_polymer_real_synth,5,5,8.5,12.96,30.49,1501.49,NVIDIA GeForce RTX 4060 Ti,39,66.5,36,3350.6,16380.0,
2026-09-05T02:38:16.332845+00:00,03_vlm_polymer_real_synth,5,5,8.5,12.96,30.49,1501.49,NVIDIA GeForce RTX 4060 Ti,37,71.92,62,3350.6,16380.0,
2026-09-05T02:38:26.395846+00:00,03_vlm_polymer_real_synth,5,5,8.5,12.96,30.49,1501.49,NVIDIA GeForce RTX 4060 Ti,39,71.11,53,3350.6,16380.0,
2026-09-05T02:38:36.458849+00:00,03_vlm_polymer_real_synth,5,5,8.6,12.99,30.49,1501.49,NVIDIA GeForce RTX 4060 Ti,39,71.79,10,3350.6,16380.0,
2026-09-05T02:38:46.521836+00:00,03_vlm_polymer_real_synth,5,5,8.5,12.98,30.49,1501.49,NVIDIA GeForce RTX 4060 Ti,40,66.61,51,3350.6,16380.0,
2026-09-05T02:38:56.584829+00:00,03_vlm_polymer_real_synth,5,5,8.5,12.98,30.49,1501.49,NVIDIA GeForce RTX 4060 Ti,41,69.05,50,3350.6,16380.0,
2026-09-05T02:39:06.650827+00:00,03_vlm_polymer_real_synth,5,5,8.5,12.98,30.49,1501.49,NVIDIA GeForce RTX 4060 Ti,37,67.22,14,3350.6,16380.0,
2026-09-05T02:39:16.697474+00:00,03_vlm_polymer_real_synth,5,5,8.5,12.97,30.49,1501.49,NVIDIA GeForce RTX 4060 Ti,37,68.54,21,3350.6,16380.0,
2026-09-05T02:39:26.736232+00:00,03_vlm_polymer_real_synth,5,5,8.5,12.96,30.49,1501.49,NVIDIA GeForce RTX 4060 Ti,39,68.23,27,3350.6,16380.0,
2026-09-05T02:39:36.799823+00:00,03_vlm_polymer_real_synth,5,5,8.6,12.97,30.49,1501.49,NVIDIA GeForce RTX 4060 Ti,40,71.78,0,3350.6,16380.0,
2026-09-05T02:39:46.862828+00:00,03_vlm_polymer_real_synth,5,5,8.5,12.96,30.49,1501.49,NVIDIA GeForce RTX 4060 Ti,39,68.08,39,3350.6,16380.0,
2026-09-05T02:39:56.929067+00:00,03_vlm_polymer_real_synth,5,5,8.5,12.96,30.49,1501.49,NVIDIA GeForce RTX 4060 Ti,37,70.09,0,3350.6,16380.0,
2026-09-05T02:40:06.998901+00:00,03_vlm_polymer_real_synth,5,5,8.5,12.96,30.49,1501.49,NVIDIA GeForce RTX 4060 Ti,39,69.98,33,3350.6,16380.0,
2026-09-05T02:40:17.070826+00:00,03_vlm_polymer_real_synth,5,5,8.7,12.97,30.49,1501.49,NVIDIA GeForce RTX 4060 Ti,39,68.67,0,3350.6,16380.0,
2026-09-05T02:40:27.141827+00:00,03_vlm_polymer_real_synth,5,5,8.5,12.95,30.49,1501.49,NVIDIA GeForce RTX 4060 Ti,39,68.69,59,3350.6,16380.0,
2026-09-05T02:40:37.212824+00:00,03_vlm_polymer_real_synth,5,5,8.6,12.97,30.49,1501.49,NVIDIA GeForce RTX 4060 Ti,39,72.43,73,3350.6,16380.0,
2026-09-05T02:40:47.275832+00:00,03_vlm_polymer_real_synth,5,5,8.6,12.96,30.49,1501.49,NVIDIA GeForce RTX 4060 Ti,40,67.12,40,3350.6,16380.0,
2026-09-05T02:40:57.340835+00:00,03_vlm_polymer_real_synth,5,5,8.5,12.97,30.49,1501.49,NVIDIA GeForce RTX 4060 Ti,39,67.17,67,3350.6,16380.0,
2026-09-05T02:41:07.409845+00:00,03_vlm_polymer_real_synth,5,5,8.5,13.02,30.49,1501.49,NVIDIA GeForce RTX 4060 Ti,37,71.36,55,3350.6,16380.0,
2026-09-05T02:41:17.472834+00:00,03_vlm_polymer_real_synth,5,5,8.5,13.0,30.49,1501.49,NVIDIA GeForce RTX 4060 Ti,40,68.84,64,3350.6,16380.0,
2026-09-05T02:41:27.537848+00:00,03_vlm_polymer_real_synth,5,5,8.5,12.97,30.49,1501.49,NVIDIA GeForce RTX 4060 Ti,39,69.13,35,3350.6,16380.0,
2026-09-05T02:41:37.567428+00:00,03_vlm_polymer_real_synth,5,5,8.5,12.97,30.49,1501.49,NVIDIA GeForce RTX 4060 Ti,37,68.34,51,3350.6,16380.0,
2026-09-05T02:41:47.631836+00:00,03_vlm_polymer_real_synth,5,5,8.5,12.96,30.49,1501.49,NVIDIA GeForce RTX 4060 Ti,39,70.46,14,3350.6,16380.0,
2026-09-05T02:41:57.695825+00:00,03_vlm_polymer_real_synth,5,5,8.5,12.96,30.49,1501.49,NVIDIA GeForce RTX 4060 Ti,37,68.61,10,3350.6,16380.0,
2026-09-05T02:42:07.759846+00:00,03_vlm_polymer_real_synth,5,5,8.5,12.96,30.49,1501.49,NVIDIA GeForce RTX 4060 Ti,39,68.41,27,3350.6,16380.0,
2026-09-05T02:42:17.822836+00:00,03_vlm_polymer_real_synth,5,5,8.5,12.96,30.49,1501.49,NVIDIA GeForce RTX 4060 Ti,39,69.41,42,3350.6,16380.0,
2026-09-05T02:42:27.838550+00:00,03_vlm_polymer_real_synth,5,5,8.5,12.98,30.49,1501.49,NVIDIA GeForce RTX 4060 Ti,41,70.54,52,3350.6,16380.0,
2026-09-05T02:42:37.908421+00:00,03_vlm_polymer_real_synth,5,5,8.5,12.97,30.49,1501.49,NVIDIA GeForce RTX 4060 Ti,40,69.08,28,3350.6,16380.0,
2026-09-05T02:42:47.960979+00:00,03_vlm_polymer_real_synth,5,5,8.5,12.95,30.49,1501.49,NVIDIA GeForce RTX 4060 Ti,38,69.5,0,3350.6,16380.0,
2026-09-05T02:42:58.026814+00:00,03_vlm_polymer_real_synth,5,5,8.5,12.97,30.49,1501.49,NVIDIA GeForce RTX 4060 Ti,39,68.5,76,3350.6,16380.0,
2026-09-05T02:43:08.090212+00:00,03_vlm_polymer_real_synth,5,5,8.5,12.97,30.49,1501.49,NVIDIA GeForce RTX 4060 Ti,39,67.9,50,3350.6,16380.0,
2026-09-05T02:43:18.153652+00:00,03_vlm_polymer_real_synth,5,5,8.5,12.97,30.49,1501.49,NVIDIA GeForce RTX 4060 Ti,38,66.49,63,3350.6,16380.0,
2026-09-05T02:43:28.218067+00:00,03_vlm_polymer_real_synth,5,5,8.6,12.97,30.49,1501.49,NVIDIA GeForce RTX 4060 Ti,37,71.41,77,3350.6,16380.0,
2026-09-05T02:43:38.273879+00:00,03_vlm_polymer_real_synth,5,5,8.5,12.98,30.49,1501.49,NVIDIA GeForce RTX 4060 Ti,37,69.44,56,3350.6,16380.0,
2026-09-05T02:43:48.337429+00:00,03_vlm_polymer_real_synth,5,5,8.5,12.96,30.49,1501.49,NVIDIA GeForce RTX 4060 Ti,40,66.59,10,3350.6,16380.0,
2026-09-05T02:43:58.387561+00:00,03_vlm_polymer_real_synth,5,5,8.5,12.95,30.49,1501.49,NVIDIA GeForce RTX 4060 Ti,38,66.65,60,3350.6,16380.0,
2026-09-05T02:44:08.450829+00:00,03_vlm_polymer_real_synth,5,5,8.5,12.95,30.49,1501.49,NVIDIA GeForce RTX 4060 Ti,37,69.53,58,3350.6,16380.0,
2026-09-05T02:44:18.513968+00:00,03_vlm_polymer_real_synth,5,5,8.5,12.95,30.49,1501.49,NVIDIA GeForce RTX 4060 Ti,40,69.98,2,3350.6,16380.0,
2026-09-05T02:44:28.577495+00:00,03_vlm_polymer_real_synth,5,5,8.5,12.95,30.49,1501.49,NVIDIA GeForce RTX 4060 Ti,40,69.64,62,3350.6,16380.0,
2026-09-05T02:44:38.647116+00:00,03_vlm_polymer_real_synth,5,5,8.5,12.95,30.49,1501.49,NVIDIA GeForce RTX 4060 Ti,40,68.05,57,3350.6,16380.0,
2026-09-05T02:44:48.668904+00:00,03_vlm_polymer_real_synth,5,5,8.5,12.95,30.49,1501.49,NVIDIA GeForce RTX 4060 Ti,39,69.12,40,3350.6,16380.0,
2026-09-05T02:44:58.737825+00:00,03_vlm_polymer_real_synth,5,5,8.5,12.95,30.49,1501.49,NVIDIA GeForce RTX 4060 Ti,40,69.58,0,3350.6,16380.0,
2026-09-05T02:45:08.807077+00:00,03_vlm_polymer_real_synth,5,5,8.5,12.96,30.49,1501.49,NVIDIA GeForce RTX 4060 Ti,37,70.99,40,3350.6,16380.0,
2026-09-05T02:45:18.875961+00:00,03_vlm_polymer_real_synth,5,5,8.6,12.97,30.49,1501.49,NVIDIA GeForce RTX 4060 Ti,39,66.73,41,3350.6,16380.0,
2026-09-05T02:45:28.941834+00:00,03_vlm_polymer_real_synth,5,5,8.5,12.95,30.49,1501.49,NVIDIA GeForce RTX 4060 Ti,39,66.41,11,3350.6,16380.0,
2026-09-05T02:45:39.005839+00:00,03_vlm_polymer_real_synth,5,5,8.5,12.95,30.49,1501.49,NVIDIA GeForce RTX 4060 Ti,39,70.16,25,3350.6,16380.0,
2026-09-05T02:45:49.076833+00:00,03_vlm_polymer_real_synth,5,5,8.5,12.95,30.49,1501.49,NVIDIA GeForce RTX 4060 Ti,38,69.97,70,3350.6,16380.0,
2026-09-05T02:45:59.140832+00:00,03_vlm_polymer_real_synth,5,5,8.5,12.96,30.49,1501.49,NVIDIA GeForce RTX 4060 Ti,40,69.22,67,3350.6,16380.0,
2026-09-05T02:46:09.205842+00:00,03_vlm_polymer_real_synth,5,5,8.5,12.95,30.49,1501.49,NVIDIA GeForce RTX 4060 Ti,39,68.71,72,3350.6,16380.0,
2026-09-05T02:46:19.275846+00:00,03_vlm_polymer_real_synth,5,5,8.8,12.95,30.49,1501.49,NVIDIA GeForce RTX 4060 Ti,39,70.75,79,3350.6,16380.0,
2026-09-05T02:46:29.338838+00:00,03_vlm_polymer_real_synth,5,5,8.5,12.95,30.49,1501.49,NVIDIA GeForce RTX 4060 Ti,39,66.61,74,3350.6,16380.0,
2026-09-05T02:46:39.403831+00:00,03_vlm_polymer_real_synth,5,5,8.5,12.95,30.49,1501.49,NVIDIA GeForce RTX 4060 Ti,39,67.92,76,3350.6,16380.0,
2026-09-05T02:46:49.467856+00:00,03_vlm_polymer_real_synth,5,5,8.6,12.94,30.49,1501.49,NVIDIA GeForce RTX 4060 Ti,38,71.41,0,3350.6,16380.0,
2026-09-05T02:46:59.531325+00:00,03_vlm_polymer_real_synth,5,5,8.5,12.94,30.49,1501.49,NVIDIA GeForce RTX 4060 Ti,37,69.89,59,3350.6,16380.0,
2026-09-05T02:47:09.570389+00:00,03_vlm_polymer_real_synth,5,5,8.5,12.94,30.49,1501.49,NVIDIA GeForce RTX 4060 Ti,37,70.58,76,3350.6,16380.0,
2026-09-05T02:47:19.607848+00:00,03_vlm_polymer_real_synth,5,5,8.5,12.95,30.49,1501.49,NVIDIA GeForce RTX 4060 Ti,37,61.4,27,3350.6,16380.0,
2026-09-05T02:47:29.663175+00:00,03_vlm_polymer_real_synth,5,5,8.5,12.94,30.49,1501.49,NVIDIA GeForce RTX 4060 Ti,37,60.64,19,3350.6,16380.0,
2026-09-05T02:47:39.727821+00:00,03_vlm_polymer_real_synth,5,5,8.6,12.94,30.49,1501.49,NVIDIA GeForce RTX 4060 Ti,40,63.14,50,3350.6,16380.0,
2026-09-05T02:47:49.758438+00:00,03_vlm_polymer_real_synth,5,5,7.2,12.97,30.49,1501.49,NVIDIA GeForce RTX 4060 Ti,38,49.11,49,3960.6,16380.0,
2026-09-05T02:47:59.821836+00:00,03_vlm_polymer_real_synth,5,5,8.5,12.98,30.49,1501.49,NVIDIA GeForce RTX 4060 Ti,37,60.54,39,3960.6,16380.0,
2026-09-05T02:48:09.842871+00:00,03_vlm_polymer_real_synth,5,5,8.5,12.98,30.49,1501.49,NVIDIA GeForce RTX 4060 Ti,40,62.58,12,3960.6,16380.0,
2026-09-05T02:48:19.906811+00:00,,,,8.6,11.65,30.49,1501.49,NVIDIA GeForce RTX 4060 Ti,39,43.64,0,3960.6,16380.0,
2026-09-05T02:48:29.968725+00:00,03_vlm_polymer_real_synth,6,6,7.9,12.86,30.49,1501.49,NVIDIA GeForce RTX 4060 Ti,40,65.98,34,3342.6,16380.0,
2026-09-05T02:48:40.032825+00:00,03_vlm_polymer_real_synth,6,6,8.5,12.89,30.49,1501.49,NVIDIA GeForce RTX 4060 Ti,44,67.51,37,3350.6,16380.0,
2026-09-05T02:48:50.102686+00:00,03_vlm_polymer_real_synth,6,6,8.6,12.91,30.49,1501.49,NVIDIA GeForce RTX 4060 Ti,44,66.87,0,3350.6,16380.0,
2026-09-05T02:49:00.162613+00:00,03_vlm_polymer_real_synth,6,6,8.5,12.9,30.49,1501.49,NVIDIA GeForce RTX 4060 Ti,44,67.34,60,3350.6,16380.0,
2026-09-05T02:49:10.225659+00:00,03_vlm_polymer_real_synth,6,6,8.5,12.9,30.49,1501.49,NVIDIA GeForce RTX 4060 Ti,47,67.34,40,3350.6,16380.0,
2026-09-05T02:49:20.290829+00:00,03_vlm_polymer_real_synth,6,6,8.5,12.9,30.49,1501.49,NVIDIA GeForce RTX 4060 Ti,48,67.92,0,3350.6,16380.0,
2026-09-05T02:49:30.325582+00:00,03_vlm_polymer_real_synth,6,6,8.5,12.87,30.49,1501.49,NVIDIA GeForce RTX 4060 Ti,47,68.95,50,3350.6,16380.0,
2026-09-05T02:49:40.351176+00:00,03_vlm_polymer_real_synth,6,6,8.5,12.92,30.49,1501.49,NVIDIA GeForce RTX 4060 Ti,49,67.72,59,3350.6,16380.0,
2026-09-05T02:49:50.384906+00:00,03_vlm_polymer_real_synth,6,6,8.5,12.93,30.49,1501.49,NVIDIA GeForce RTX 4060 Ti,51,68.09,0,3350.6,16380.0,
2026-09-05T02:50:00.449823+00:00,03_vlm_polymer_real_synth,6,6,8.5,12.89,30.49,1501.49,NVIDIA GeForce RTX 4060 Ti,54,68.34,1,3350.6,16380.0,
2026-09-05T02:50:10.519917+00:00,03_vlm_polymer_real_synth,6,6,8.6,12.94,30.49,1501.49,NVIDIA GeForce RTX 4060 Ti,51,69.11,38,3350.6,16380.0,
2026-09-05T02:50:20.588416+00:00,03_vlm_polymer_real_synth,6,6,8.7,12.96,30.49,1501.49,NVIDIA GeForce RTX 4060 Ti,54,68.41,52,3350.6,16380.0,
2026-09-05T02:50:30.640874+00:00,03_vlm_polymer_real_synth,6,6,8.6,12.94,30.49,1501.49,NVIDIA GeForce RTX 4060 Ti,52,69.43,40,3350.6,16380.0,
2026-09-05T02:50:40.655829+00:00,03_vlm_polymer_real_synth,6,6,8.5,12.9,30.49,1501.49,NVIDIA GeForce RTX 4060 Ti,52,70.69,2,3350.6,16380.0,
2026-09-05T02:50:50.721602+00:00,03_vlm_polymer_real_synth,6,6,8.5,12.94,30.49,1501.49,NVIDIA GeForce RTX 4060 Ti,53,69.81,40,3350.6,16380.0,
2026-09-05T02:51:00.786689+00:00,03_vlm_polymer_real_synth,6,6,8.5,12.91,30.49,1501.49,NVIDIA GeForce RTX 4060 Ti,54,70.15,43,3350.6,16380.0,
2026-09-05T02:51:10.851334+00:00,03_vlm_polymer_real_synth,6,6,8.5,12.93,30.49,1501.49,NVIDIA GeForce RTX 4060 Ti,54,74.14,28,3350.6,16380.0,
2026-09-05T02:51:20.870373+00:00,03_vlm_polymer_real_synth,6,6,8.5,12.94,30.49,1501.49,NVIDIA GeForce RTX 4060 Ti,57,72.33,62,3350.6,16380.0,
2026-09-05T02:51:30.935321+00:00,03_vlm_polymer_real_synth,6,6,8.6,12.94,30.49,1501.49,NVIDIA GeForce RTX 4060 Ti,55,71.41,0,3350.6,16380.0,
2026-09-05T02:51:41.002268+00:00,03_vlm_polymer_real_synth,6,6,8.5,12.9,30.49,1501.49,NVIDIA GeForce RTX 4060 Ti,59,72.03,53,3350.6,16380.0,
2026-09-05T02:51:51.044332+00:00,03_vlm_polymer_real_synth,6,6,8.5,12.92,30.49,1501.49,NVIDIA GeForce RTX 4060 Ti,56,74.64,30,3350.6,16380.0,
2026-09-05T02:52:01.114563+00:00,03_vlm_polymer_real_synth,6,6,8.5,12.89,30.49,1501.49,NVIDIA GeForce RTX 4060 Ti,58,75.89,55,3350.6,16380.0,
2026-09-05T02:52:11.178045+00:00,03_vlm_polymer_real_synth,6,6,8.5,12.92,30.49,1501.49,NVIDIA GeForce RTX 4060 Ti,60,71.25,58,3350.6,16380.0,
2026-09-05T02:52:21.241340+00:00,03_vlm_polymer_real_synth,6,6,8.5,12.93,30.49,1501.49,NVIDIA GeForce RTX 4060 Ti,59,71.97,3,3350.6,16380.0,
2026-09-05T02:52:31.305021+00:00,03_vlm_polymer_real_synth,6,6,15.3,12.99,30.49,1501.49,NVIDIA GeForce RTX 4060 Ti,59,69.25,41,3350.6,16380.0,
2026-09-05T02:52:41.368318+00:00,03_vlm_polymer_real_synth,6,6,15.1,12.93,30.49,1501.49,NVIDIA GeForce RTX 4060 Ti,57,71.51,20,3350.6,16380.0,
2026-09-05T02:52:51.417895+00:00,03_vlm_polymer_real_synth,6,6,14.5,12.97,30.49,1501.49,NVIDIA GeForce RTX 4060 Ti,58,71.68,61,3350.6,16380.0,
2026-09-05T02:53:01.480835+00:00,03_vlm_polymer_real_synth,6,6,8.5,12.98,30.49,1501.49,NVIDIA GeForce RTX 4060 Ti,62,74.11,59,3350.6,16380.0,
2026-09-05T02:53:11.543830+00:00,03_vlm_polymer_real_synth,6,6,8.5,12.97,30.49,1501.49,NVIDIA GeForce RTX 4060 Ti,61,71.74,48,3350.6,16380.0,
2026-09-05T02:53:21.607533+00:00,03_vlm_polymer_real_synth,6,6,8.5,12.98,30.49,1501.49,NVIDIA GeForce RTX 4060 Ti,60,71.86,0,3350.6,16380.0,
2026-09-05T02:53:31.670833+00:00,03_vlm_polymer_real_synth,6,6,8.6,13.02,30.49,1501.49,NVIDIA GeForce RTX 4060 Ti,61,71.95,0,3350.6,16380.0,
2026-09-05T02:53:41.693935+00:00,03_vlm_polymer_real_synth,6,6,8.5,13.01,30.49,1501.49,NVIDIA GeForce RTX 4060 Ti,59,72.93,24,3350.6,16380.0,
2026-09-05T02:53:51.757880+00:00,03_vlm_polymer_real_synth,6,6,8.5,13.01,30.49,1501.49,NVIDIA GeForce RTX 4060 Ti,61,71.72,51,3350.6,16380.0,
2026-09-05T02:54:01.782942+00:00,03_vlm_polymer_real_synth,6,6,8.5,13.01,30.49,1501.49,NVIDIA GeForce RTX 4060 Ti,62,72.12,6,3350.6,16380.0,
2026-09-05T02:54:11.832550+00:00,03_vlm_polymer_real_synth,6,6,8.5,13.03,30.49,1501.49,NVIDIA GeForce RTX 4060 Ti,62,72.35,39,3350.6,16380.0,
2026-09-05T02:54:21.895880+00:00,03_vlm_polymer_real_synth,6,6,8.5,13.01,30.49,1501.49,NVIDIA GeForce RTX 4060 Ti,62,72.45,14,3350.6,16380.0,
2026-09-05T02:54:31.958829+00:00,03_vlm_polymer_real_synth,6,6,8.6,13.02,30.49,1501.49,NVIDIA GeForce RTX 4060 Ti,62,73.57,47,3350.6,16380.0,
2026-09-05T02:54:42.022832+00:00,03_vlm_polymer_real_synth,6,6,8.5,13.02,30.49,1501.49,NVIDIA GeForce RTX 4060 Ti,62,72.64,61,3350.6,16380.0,
2026-09-05T02:54:52.091829+00:00,03_vlm_polymer_real_synth,6,6,8.5,13.01,30.49,1501.49,NVIDIA GeForce RTX 4060 Ti,58,70.53,52,3350.6,16380.0,
2026-09-05T02:55:02.158831+00:00,03_vlm_polymer_real_synth,6,6,8.5,13.01,30.49,1501.49,NVIDIA GeForce RTX 4060 Ti,53,69.11,70,3350.6,16380.0,
2026-09-05T02:55:12.222828+00:00,03_vlm_polymer_real_synth,6,6,8.6,13.04,30.49,1501.49,NVIDIA GeForce RTX 4060 Ti,47,69.32,77,3350.6,16380.0,
2026-09-05T02:55:22.286824+00:00,03_vlm_polymer_real_synth,6,6,8.6,13.05,30.49,1501.49,NVIDIA GeForce RTX 4060 Ti,45,69.81,70,3350.6,16380.0,
2026-09-05T02:55:32.358832+00:00,03_vlm_polymer_real_synth,6,6,8.5,13.05,30.49,1501.49,NVIDIA GeForce RTX 4060 Ti,43,71.79,51,3350.6,16380.0,
2026-09-05T02:55:42.422379+00:00,03_vlm_polymer_real_synth,6,6,8.5,13.04,30.49,1501.49,NVIDIA GeForce RTX 4060 Ti,43,67.38,59,3350.6,16380.0,
2026-09-05T02:55:52.485830+00:00,03_vlm_polymer_real_synth,6,6,8.5,13.03,30.49,1501.49,NVIDIA GeForce RTX 4060 Ti,44,69.16,70,3350.6,16380.0,
2026-09-05T02:56:02.549824+00:00,03_vlm_polymer_real_synth,6,6,8.5,13.0,30.49,1501.49,NVIDIA GeForce RTX 4060 Ti,43,69.08,47,3350.6,16380.0,
2026-09-05T02:56:12.618842+00:00,03_vlm_polymer_real_synth,6,6,8.5,13.01,30.49,1501.49,NVIDIA GeForce RTX 4060 Ti,44,67.09,34,3350.6,16380.0,
2026-09-05T02:56:22.687867+00:00,03_vlm_polymer_real_synth,6,6,8.5,13.01,30.49,1501.49,NVIDIA GeForce RTX 4060 Ti,40,67.56,29,3350.6,16380.0,
2026-09-05T02:56:32.754067+00:00,03_vlm_polymer_real_synth,6,6,8.5,12.98,30.49,1501.49,NVIDIA GeForce RTX 4060 Ti,39,68.52,18,3350.6,16380.0,
2026-09-05T02:56:42.823825+00:00,03_vlm_polymer_real_synth,6,6,8.6,13.03,30.49,1501.49,NVIDIA GeForce RTX 4060 Ti,40,67.14,0,3350.6,16380.0,
2026-09-05T02:56:52.894823+00:00,03_vlm_polymer_real_synth,6,6,8.5,13.04,30.49,1501.49,NVIDIA GeForce RTX 4060 Ti,39,71.82,3,3350.6,16380.0,
2026-09-05T02:57:02.957833+00:00,03_vlm_polymer_real_synth,6,6,8.5,13.01,30.49,1501.49,NVIDIA GeForce RTX 4060 Ti,39,66.72,31,3350.6,16380.0,
2026-09-05T02:57:13.020884+00:00,03_vlm_polymer_real_synth,6,6,8.5,13.06,30.49,1501.49,NVIDIA GeForce RTX 4060 Ti,41,66.69,23,3350.6,16380.0,
2026-09-05T02:57:23.083827+00:00,03_vlm_polymer_real_synth,6,6,8.5,12.99,30.49,1501.49,NVIDIA GeForce RTX 4060 Ti,39,66.43,0,3350.6,16380.0,
2026-09-05T02:57:33.147840+00:00,03_vlm_polymer_real_synth,6,6,8.5,12.99,30.49,1501.49,NVIDIA GeForce RTX 4060 Ti,39,66.31,49,3350.6,16380.0,
2026-09-05T02:57:43.211370+00:00,03_vlm_polymer_real_synth,6,6,8.6,13.0,30.49,1501.49,NVIDIA GeForce RTX 4060 Ti,40,66.07,51,3350.6,16380.0,
2026-09-05T02:57:53.274829+00:00,03_vlm_polymer_real_synth,6,6,8.5,12.99,30.49,1501.49,NVIDIA GeForce RTX 4060 Ti,40,68.53,2,3350.6,16380.0,
2026-09-05T02:58:03.337817+00:00,03_vlm_polymer_real_synth,6,6,8.5,13.07,30.49,1501.49,NVIDIA GeForce RTX 4060 Ti,40,66.32,29,3350.6,16380.0,
2026-09-05T02:58:13.400823+00:00,03_vlm_polymer_real_synth,6,6,8.5,13.07,30.49,1501.49,NVIDIA GeForce RTX 4060 Ti,39,66.31,51,3350.6,16380.0,
2026-09-05T02:58:23.467830+00:00,03_vlm_polymer_real_synth,6,6,8.5,13.04,30.49,1501.49,NVIDIA GeForce RTX 4060 Ti,41,66.31,78,3350.6,16380.0,
2026-09-05T02:58:33.533837+00:00,03_vlm_polymer_real_synth,6,6,8.5,13.07,30.49,1501.49,NVIDIA GeForce RTX 4060 Ti,39,67.05,0,3350.6,16380.0,
2026-09-05T02:58:43.604934+00:00,03_vlm_polymer_real_synth,6,6,8.6,13.03,30.49,1501.49,NVIDIA GeForce RTX 4060 Ti,38,66.39,59,3350.6,16380.0,
2026-09-05T02:58:53.668338+00:00,03_vlm_polymer_real_synth,6,6,8.5,13.02,30.49,1501.49,NVIDIA GeForce RTX 4060 Ti,40,66.48,0,3350.6,16380.0,
2026-09-05T02:59:03.733342+00:00,03_vlm_polymer_real_synth,6,6,8.5,13.05,30.49,1501.49,NVIDIA GeForce RTX 4060 Ti,40,65.75,0,3350.6,16380.0,
2026-09-05T02:59:13.804209+00:00,03_vlm_polymer_real_synth,6,6,8.5,13.02,30.49,1501.49,NVIDIA GeForce RTX 4060 Ti,39,68.55,79,3350.6,16380.0,
2026-09-05T02:59:23.868842+00:00,03_vlm_polymer_real_synth,6,6,8.5,13.03,30.49,1501.49,NVIDIA GeForce RTX 4060 Ti,38,69.61,0,3350.6,16380.0,
2026-09-05T02:59:33.931828+00:00,03_vlm_polymer_real_synth,6,6,8.5,13.02,30.49,1501.49,NVIDIA GeForce RTX 4060 Ti,39,68.53,59,3350.6,16380.0,
2026-09-05T02:59:43.995825+00:00,03_vlm_polymer_real_synth,6,6,8.6,13.02,30.49,1501.49,NVIDIA GeForce RTX 4060 Ti,40,67.12,1,3350.6,16380.0,
2026-09-05T02:59:54.059829+00:00,03_vlm_polymer_real_synth,6,6,8.5,13.03,30.49,1501.49,NVIDIA GeForce RTX 4060 Ti,40,64.86,0,3350.6,16380.0,
2026-09-05T03:00:04.088132+00:00,03_vlm_polymer_real_synth,6,6,8.5,13.0,30.49,1501.49,NVIDIA GeForce RTX 4060 Ti,38,66.36,58,3350.6,16380.0,
2026-09-05T03:00:14.153821+00:00,03_vlm_polymer_real_synth,6,6,9.0,13.05,30.49,1501.49,NVIDIA GeForce RTX 4060 Ti,39,65.89,0,3350.6,16380.0,
2026-09-05T03:00:24.223832+00:00,03_vlm_polymer_real_synth,6,6,8.6,13.09,30.49,1501.49,NVIDIA GeForce RTX 4060 Ti,37,59.88,39,3350.6,16380.0,
2026-09-05T03:00:34.288832+00:00,03_vlm_polymer_real_synth,6,6,8.6,13.07,30.49,1501.49,NVIDIA GeForce RTX 4060 Ti,39,59.07,12,3350.6,16380.0,
2026-09-05T03:00:44.352830+00:00,03_vlm_polymer_real_synth,6,6,8.6,13.05,30.49,1501.49,NVIDIA GeForce RTX 4060 Ti,36,56.6,37,3350.6,16380.0,
2026-09-05T03:00:54.417816+00:00,03_vlm_polymer_real_synth,6,6,8.6,13.05,30.49,1501.49,NVIDIA GeForce RTX 4060 Ti,39,61.43,49,3350.6,16380.0,
2026-09-05T03:01:04.480849+00:00,03_vlm_polymer_real_synth,6,6,8.1,13.08,30.49,1501.48,NVIDIA GeForce RTX 4060 Ti,39,66.22,27,3350.6,16380.0,
2026-09-05T03:01:14.543827+00:00,03_vlm_polymer_real_synth,6,6,8.5,13.07,30.49,1501.48,NVIDIA GeForce RTX 4060 Ti,37,66.35,64,3350.6,16380.0,
2026-09-05T03:01:24.607821+00:00,03_vlm_polymer_real_synth,6,6,8.5,13.06,30.49,1501.48,NVIDIA GeForce RTX 4060 Ti,39,67.63,0,3350.6,16380.0,
2026-09-05T03:01:34.670830+00:00,03_vlm_polymer_real_synth,6,6,8.6,13.09,30.49,1501.48,NVIDIA GeForce RTX 4060 Ti,37,63.05,18,3350.6,16380.0,
2026-09-05T03:01:44.736826+00:00,03_vlm_polymer_real_synth,6,6,8.6,13.05,30.49,1501.48,NVIDIA GeForce RTX 4060 Ti,38,65.83,2,3350.6,16380.0,
2026-09-05T03:01:54.800828+00:00,03_vlm_polymer_real_synth,6,6,8.6,13.04,30.49,1501.48,NVIDIA GeForce RTX 4060 Ti,39,66.32,78,3350.6,16380.0,
2026-09-05T03:02:04.869830+00:00,03_vlm_polymer_real_synth,6,6,8.5,13.06,30.49,1501.48,NVIDIA GeForce RTX 4060 Ti,37,66.21,34,3350.6,16380.0,
2026-09-05T03:02:14.932826+00:00,03_vlm_polymer_real_synth,6,6,8.5,13.07,30.49,1501.48,NVIDIA GeForce RTX 4060 Ti,39,66.09,80,3350.6,16380.0,
2026-09-05T03:02:24.996817+00:00,03_vlm_polymer_real_synth,6,6,8.5,13.05,30.49,1501.48,NVIDIA GeForce RTX 4060 Ti,41,66.65,69,3350.6,16380.0,
2026-09-05T03:02:35.059824+00:00,03_vlm_polymer_real_synth,6,6,8.6,13.05,30.49,1501.48,NVIDIA GeForce RTX 4060 Ti,39,66.3,55,3350.6,16380.0,
2026-09-05T03:02:45.129842+00:00,03_vlm_polymer_real_synth,6,6,8.5,13.07,30.49,1501.48,NVIDIA GeForce RTX 4060 Ti,40,66.23,50,3350.6,16380.0,
2026-09-05T03:02:55.192826+00:00,03_vlm_polymer_real_synth,6,6,8.5,13.07,30.49,1501.48,NVIDIA GeForce RTX 4060 Ti,40,66.06,53,3350.6,16380.0,
2026-09-05T03:03:05.257826+00:00,03_vlm_polymer_real_synth,6,6,8.5,13.04,30.49,1501.48,NVIDIA GeForce RTX 4060 Ti,39,65.59,0,3350.6,16380.0,
2026-09-05T03:03:15.321897+00:00,03_vlm_polymer_real_synth,6,6,8.5,13.03,30.49,1501.48,NVIDIA GeForce RTX 4060 Ti,40,66.08,0,3350.6,16380.0,
2026-09-05T03:03:25.384829+00:00,03_vlm_polymer_real_synth,6,6,8.5,13.08,30.49,1501.48,NVIDIA GeForce RTX 4060 Ti,39,68.3,54,3350.6,16380.0,
2026-09-05T03:03:35.447421+00:00,03_vlm_polymer_real_synth,6,6,8.5,13.07,30.49,1501.48,NVIDIA GeForce RTX 4060 Ti,39,66.16,30,3350.6,16380.0,
2026-09-05T03:03:45.482729+00:00,03_vlm_polymer_real_synth,6,6,8.5,13.06,30.49,1501.48,NVIDIA GeForce RTX 4060 Ti,37,66.31,80,3350.6,16380.0,
2026-09-05T03:03:55.545826+00:00,03_vlm_polymer_real_synth,6,6,8.5,13.09,30.49,1501.48,NVIDIA GeForce RTX 4060 Ti,39,67.44,20,3350.6,16380.0,
2026-09-05T03:04:05.614824+00:00,03_vlm_polymer_real_synth,6,6,8.5,13.09,30.49,1501.48,NVIDIA GeForce RTX 4060 Ti,39,69.93,71,3350.6,16380.0,
2026-09-05T03:04:15.678812+00:00,03_vlm_polymer_real_synth,6,6,8.5,13.08,30.49,1501.48,NVIDIA GeForce RTX 4060 Ti,40,66.69,49,3350.6,16380.0,
2026-09-05T03:04:25.710207+00:00,03_vlm_polymer_real_synth,6,6,8.5,13.11,30.49,1501.48,NVIDIA GeForce RTX 4060 Ti,39,67.54,61,3350.6,16380.0,
2026-09-05T03:04:35.772822+00:00,03_vlm_polymer_real_synth,6,6,8.5,13.07,30.49,1501.48,NVIDIA GeForce RTX 4060 Ti,39,71.43,29,3350.6,16380.0,
2026-09-05T03:04:45.835819+00:00,03_vlm_polymer_real_synth,6,6,8.5,13.09,30.49,1501.48,NVIDIA GeForce RTX 4060 Ti,36,66.42,0,3350.6,16380.0,
2026-09-05T03:04:55.898817+00:00,03_vlm_polymer_real_synth,6,6,8.5,13.11,30.49,1501.48,NVIDIA GeForce RTX 4060 Ti,37,66.52,47,3350.6,16380.0,
2026-09-05T03:05:05.961818+00:00,03_vlm_polymer_real_synth,6,6,8.6,13.06,30.49,1501.48,NVIDIA GeForce RTX 4060 Ti,41,68.25,50,3350.6,16380.0,
2026-09-05T03:05:16.031653+00:00,03_vlm_polymer_real_synth,6,6,8.6,13.1,30.49,1501.48,NVIDIA GeForce RTX 4060 Ti,40,68.36,0,3350.6,16380.0,
2026-09-05T03:05:26.095986+00:00,03_vlm_polymer_real_synth,6,6,8.5,13.1,30.49,1501.48,NVIDIA GeForce RTX 4060 Ti,39,66.39,62,3350.6,16380.0,
2026-09-05T03:05:36.158826+00:00,03_vlm_polymer_real_synth,6,6,8.5,13.07,30.49,1501.48,NVIDIA GeForce RTX 4060 Ti,41,66.23,10,3350.6,16380.0,
2026-09-05T03:05:46.221833+00:00,03_vlm_polymer_real_synth,6,6,8.5,13.05,30.49,1501.48,NVIDIA GeForce RTX 4060 Ti,41,66.41,55,3350.6,16380.0,
2026-09-05T03:05:56.284825+00:00,03_vlm_polymer_real_synth,6,6,8.5,13.05,30.49,1501.48,NVIDIA GeForce RTX 4060 Ti,38,69.19,61,3350.6,16380.0,
2026-09-05T03:06:06.352832+00:00,03_vlm_polymer_real_synth,6,6,8.6,13.09,30.49,1501.48,NVIDIA GeForce RTX 4060 Ti,39,66.42,0,3350.6,16380.0,
2026-09-05T03:06:16.415831+00:00,03_vlm_polymer_real_synth,6,6,8.5,13.1,30.49,1501.48,NVIDIA GeForce RTX 4060 Ti,36,66.33,19,3350.6,16380.0,
2026-09-05T03:06:26.484850+00:00,03_vlm_polymer_real_synth,6,6,8.5,13.09,30.49,1501.48,NVIDIA GeForce RTX 4060 Ti,37,66.38,78,3350.6,16380.0,
2026-09-05T03:06:36.547834+00:00,03_vlm_polymer_real_synth,6,6,8.5,13.09,30.49,1501.48,NVIDIA GeForce RTX 4060 Ti,40,67.22,7,3350.6,16380.0,
2026-09-05T03:06:46.617880+00:00,03_vlm_polymer_real_synth,6,6,8.5,13.05,30.49,1501.48,NVIDIA GeForce RTX 4060 Ti,39,68.94,36,3350.6,16380.0,
2026-09-05T03:06:56.681829+00:00,03_vlm_polymer_real_synth,6,6,8.5,13.06,30.49,1501.48,NVIDIA GeForce RTX 4060 Ti,38,66.3,0,3350.6,16380.0,
2026-09-05T03:07:06.750348+00:00,03_vlm_polymer_real_synth,6,6,8.5,13.06,30.49,1501.48,NVIDIA GeForce RTX 4060 Ti,40,66.19,69,3350.6,16380.0,
2026-09-05T03:07:16.807827+00:00,03_vlm_polymer_real_synth,6,6,8.5,13.07,30.49,1501.48,NVIDIA GeForce RTX 4060 Ti,37,66.4,53,3350.6,16380.0,
2026-09-05T03:07:26.869002+00:00,03_vlm_polymer_real_synth,6,6,8.5,13.04,30.49,1501.48,NVIDIA GeForce RTX 4060 Ti,36,64.7,0,3350.6,16380.0,
2026-09-05T03:07:36.912494+00:00,03_vlm_polymer_real_synth,6,6,8.5,13.05,30.49,1501.48,NVIDIA GeForce RTX 4060 Ti,36,65.26,0,3350.6,16380.0,
2026-09-05T03:07:46.955821+00:00,03_vlm_polymer_real_synth,6,6,8.6,13.05,30.49,1501.48,NVIDIA GeForce RTX 4060 Ti,39,66.1,48,3350.6,16380.0,
2026-09-05T03:07:56.998010+00:00,03_vlm_polymer_real_synth,6,6,8.5,13.08,30.49,1501.48,NVIDIA GeForce RTX 4060 Ti,39,67.66,27,3350.6,16380.0,
2026-09-05T03:08:07.015014+00:00,03_vlm_polymer_real_synth,6,6,8.5,13.08,30.49,1501.48,NVIDIA GeForce RTX 4060 Ti,39,68.4,36,3350.6,16380.0,
2026-09-05T03:08:17.058379+00:00,03_vlm_polymer_real_synth,6,6,8.5,13.08,30.49,1501.48,NVIDIA GeForce RTX 4060 Ti,38,71.26,70,3350.6,16380.0,
2026-09-05T03:08:27.121112+00:00,03_vlm_polymer_real_synth,6,6,8.6,13.07,30.49,1501.48,NVIDIA GeForce RTX 4060 Ti,37,66.28,67,3350.6,16380.0,
2026-09-05T03:08:37.189833+00:00,03_vlm_polymer_real_synth,6,6,8.6,13.09,30.49,1501.48,NVIDIA GeForce RTX 4060 Ti,38,68.21,27,3350.6,16380.0,
2026-09-05T03:08:47.252822+00:00,03_vlm_polymer_real_synth,6,6,8.5,13.1,30.49,1501.48,NVIDIA GeForce RTX 4060 Ti,39,66.43,36,3350.6,16380.0,
2026-09-05T03:08:57.295917+00:00,03_vlm_polymer_real_synth,6,6,8.5,13.06,30.49,1501.48,NVIDIA GeForce RTX 4060 Ti,41,66.23,27,3350.6,16380.0,
2026-09-05T03:09:07.312096+00:00,03_vlm_polymer_real_synth,6,6,8.5,13.08,30.49,1501.48,NVIDIA GeForce RTX 4060 Ti,41,66.38,0,3350.6,16380.0,
2026-09-05T03:09:17.381821+00:00,03_vlm_polymer_real_synth,6,6,8.5,13.08,30.49,1501.48,NVIDIA GeForce RTX 4060 Ti,39,66.42,56,3350.6,16380.0,
2026-09-05T03:09:27.444824+00:00,03_vlm_polymer_real_synth,6,6,8.6,13.06,30.49,1501.48,NVIDIA GeForce RTX 4060 Ti,39,68.17,1,3350.6,16380.0,
2026-09-05T03:09:37.508831+00:00,03_vlm_polymer_real_synth,6,6,8.5,13.06,30.49,1501.48,NVIDIA GeForce RTX 4060 Ti,37,67.27,31,3350.6,16380.0,
2026-09-05T03:09:47.571822+00:00,03_vlm_polymer_real_synth,6,6,8.5,13.09,30.49,1501.48,NVIDIA GeForce RTX 4060 Ti,39,66.85,3,3350.6,16380.0,
2026-09-05T03:09:57.634835+00:00,03_vlm_polymer_real_synth,6,6,8.5,13.01,30.49,1501.48,NVIDIA GeForce RTX 4060 Ti,40,66.4,0,3350.6,16380.0,
2026-09-05T03:10:07.704867+00:00,03_vlm_polymer_real_synth,6,6,8.5,13.07,30.49,1501.48,NVIDIA GeForce RTX 4060 Ti,37,66.21,61,3350.6,16380.0,
2026-09-05T03:10:17.770827+00:00,03_vlm_polymer_real_synth,6,6,8.6,13.01,30.49,1501.48,NVIDIA GeForce RTX 4060 Ti,37,67.72,34,3350.6,16380.0,
2026-09-05T03:10:27.841832+00:00,03_vlm_polymer_real_synth,6,6,8.6,13.05,30.49,1501.48,NVIDIA GeForce RTX 4060 Ti,37,68.56,51,3350.6,16380.0,
2026-09-05T03:10:37.904831+00:00,03_vlm_polymer_real_synth,6,6,8.6,13.07,30.49,1501.48,NVIDIA GeForce RTX 4060 Ti,39,66.6,77,3350.6,16380.0,
2026-09-05T03:10:47.968832+00:00,03_vlm_polymer_real_synth,6,6,8.6,13.07,30.49,1501.48,NVIDIA GeForce RTX 4060 Ti,38,65.77,53,3350.6,16380.0,
2026-09-05T03:10:58.037835+00:00,03_vlm_polymer_real_synth,6,6,8.5,13.09,30.49,1501.48,NVIDIA GeForce RTX 4060 Ti,37,66.23,0,3350.6,16380.0,
2026-09-05T03:11:08.100832+00:00,03_vlm_polymer_real_synth,6,6,8.5,13.07,30.49,1501.48,NVIDIA GeForce RTX 4060 Ti,37,66.11,7,3350.6,16380.0,
2026-09-05T03:11:18.164830+00:00,03_vlm_polymer_real_synth,6,6,8.5,13.05,30.49,1501.48,NVIDIA GeForce RTX 4060 Ti,39,69.1,51,3350.6,16380.0,
2026-09-05T03:11:28.227821+00:00,03_vlm_polymer_real_synth,6,6,8.5,13.1,30.49,1501.48,NVIDIA GeForce RTX 4060 Ti,39,66.03,58,3350.6,16380.0,
2026-09-05T03:11:38.292816+00:00,03_vlm_polymer_real_synth,6,6,8.6,13.1,30.49,1501.48,NVIDIA GeForce RTX 4060 Ti,37,68.81,45,3350.6,16380.0,
2026-09-05T03:11:48.355835+00:00,03_vlm_polymer_real_synth,6,6,8.5,13.12,30.49,1501.48,NVIDIA GeForce RTX 4060 Ti,37,67.47,0,3350.6,16380.0,
2026-09-05T03:11:58.390729+00:00,03_vlm_polymer_real_synth,6,6,8.5,13.08,30.49,1501.48,NVIDIA GeForce RTX 4060 Ti,39,66.87,59,3350.6,16380.0,
2026-09-05T03:12:08.409730+00:00,03_vlm_polymer_real_synth,6,6,8.5,13.11,30.49,1501.48,NVIDIA GeForce RTX 4060 Ti,38,69.11,70,3350.6,16380.0,
2026-09-05T03:12:18.480464+00:00,03_vlm_polymer_real_synth,6,6,8.5,13.1,30.49,1501.48,NVIDIA GeForce RTX 4060 Ti,39,66.47,39,3350.6,16380.0,
2026-09-05T03:12:28.510524+00:00,03_vlm_polymer_real_synth,6,6,8.5,13.1,30.49,1501.48,NVIDIA GeForce RTX 4060 Ti,39,66.29,32,3350.6,16380.0,
2026-09-05T03:12:38.574840+00:00,03_vlm_polymer_real_synth,6,6,8.6,13.07,30.49,1501.48,NVIDIA GeForce RTX 4060 Ti,37,66.31,67,3350.6,16380.0,
2026-09-05T03:12:48.637831+00:00,03_vlm_polymer_real_synth,6,6,8.5,13.12,30.49,1501.48,NVIDIA GeForce RTX 4060 Ti,36,67.3,0,3350.6,16380.0,
2026-09-05T03:12:58.701845+00:00,03_vlm_polymer_real_synth,6,6,8.8,13.1,30.49,1501.48,NVIDIA GeForce RTX 4060 Ti,38,59.61,18,3350.6,16380.0,
2026-09-05T03:13:08.723346+00:00,03_vlm_polymer_real_synth,6,6,8.5,13.13,30.49,1501.48,NVIDIA GeForce RTX 4060 Ti,37,59.71,6,3350.6,16380.0,
2026-09-05T03:13:18.782674+00:00,03_vlm_polymer_real_synth,6,6,8.5,13.11,30.49,1501.48,NVIDIA GeForce RTX 4060 Ti,38,56.0,14,3350.6,16380.0,
2026-09-05T03:13:28.850815+00:00,03_vlm_polymer_real_synth,6,6,8.5,13.07,30.49,1501.48,NVIDIA GeForce RTX 4060 Ti,38,61.92,46,3350.6,16380.0,
2026-09-05T03:13:38.882100+00:00,03_vlm_polymer_real_synth,6,6,8.5,13.11,30.49,1501.48,NVIDIA GeForce RTX 4060 Ti,36,65.99,53,3350.6,16380.0,
2026-09-05T03:13:48.944087+00:00,03_vlm_polymer_real_synth,6,6,8.5,12.6,30.49,1501.48,NVIDIA GeForce RTX 4060 Ti,37,69.26,63,3350.6,16380.0,
2026-09-05T03:13:58.987566+00:00,03_vlm_polymer_real_synth,6,6,8.5,12.69,30.49,1501.48,NVIDIA GeForce RTX 4060 Ti,37,70.64,58,3350.6,16380.0,
2026-09-05T03:14:09.050826+00:00,03_vlm_polymer_real_synth,6,6,8.5,12.71,30.49,1501.48,NVIDIA GeForce RTX 4060 Ti,40,64.56,6,3350.6,16380.0,
2026-09-05T03:14:19.113825+00:00,03_vlm_polymer_real_synth,6,6,8.5,12.71,30.49,1501.48,NVIDIA GeForce RTX 4060 Ti,39,66.12,58,3350.6,16380.0,
2026-09-05T03:14:29.184885+00:00,03_vlm_polymer_real_synth,6,6,8.5,12.75,30.49,1501.48,NVIDIA GeForce RTX 4060 Ti,37,66.63,31,3350.6,16380.0,
2026-09-05T03:14:39.253822+00:00,03_vlm_polymer_real_synth,6,6,8.5,12.76,30.49,1501.48,NVIDIA GeForce RTX 4060 Ti,39,67.02,2,3350.6,16380.0,
2026-09-05T03:14:49.324828+00:00,03_vlm_polymer_real_synth,6,6,8.5,12.76,30.49,1501.48,NVIDIA GeForce RTX 4060 Ti,39,68.65,14,3350.6,16380.0,
2026-09-05T03:14:59.387856+00:00,03_vlm_polymer_real_synth,6,6,11.9,12.87,30.49,1501.47,NVIDIA GeForce RTX 4060 Ti,39,65.64,71,3350.6,16380.0,
2026-09-05T03:15:09.452878+00:00,03_vlm_polymer_real_synth,6,6,15.5,12.76,30.49,1501.47,NVIDIA GeForce RTX 4060 Ti,38,66.58,57,3350.6,16380.0,
2026-09-05T03:15:19.512667+00:00,03_vlm_polymer_real_synth,6,6,15.6,13.5,30.49,1501.47,NVIDIA GeForce RTX 4060 Ti,40,65.42,58,3377.8,16380.0,
2026-09-05T03:15:29.540907+00:00,03_vlm_polymer_real_synth,6,6,14.1,13.81,30.49,1501.47,NVIDIA GeForce RTX 4060 Ti,38,69.91,15,3885.8,16380.0,
2026-09-05T03:15:39.604811+00:00,03_vlm_polymer_real_synth,6,6,14.0,12.84,30.49,1501.47,NVIDIA GeForce RTX 4060 Ti,37,69.04,41,3350.6,16380.0,
2026-09-05T03:15:49.668830+00:00,03_vlm_polymer_real_synth,6,6,14.5,12.78,30.49,1501.47,NVIDIA GeForce RTX 4060 Ti,39,66.92,53,3350.6,16380.0,
2026-09-05T03:15:59.733643+00:00,03_vlm_polymer_real_synth,6,6,14.3,12.97,30.49,1501.47,NVIDIA GeForce RTX 4060 Ti,39,65.97,46,3350.6,16380.0,
2026-09-05T03:16:09.781438+00:00,03_vlm_polymer_real_synth,6,6,13.8,13.13,30.49,1501.47,NVIDIA GeForce RTX 4060 Ti,41,64.79,49,3350.6,16380.0,
2026-09-05T03:16:19.836708+00:00,03_vlm_polymer_real_synth,6,6,13.9,13.47,30.49,1501.46,NVIDIA GeForce RTX 4060 Ti,39,67.03,33,3365.6,16380.0,
2026-09-05T03:16:29.935857+00:00,03_vlm_polymer_real_synth,6,6,14.0,13.79,30.49,1501.46,NVIDIA GeForce RTX 4060 Ti,39,70.32,19,3885.8,16380.0,
2026-09-05T03:16:39.988036+00:00,03_vlm_polymer_real_synth,6,6,14.0,12.92,30.49,1501.46,NVIDIA GeForce RTX 4060 Ti,37,74.64,62,3350.6,16380.0,
2026-09-05T03:16:50.052057+00:00,03_vlm_polymer_real_synth,6,6,13.7,12.95,30.49,1501.46,NVIDIA GeForce RTX 4060 Ti,38,66.14,37,3350.6,16380.0,
2026-09-05T03:17:00.109853+00:00,03_vlm_polymer_real_synth,6,6,8.5,12.88,30.49,1501.46,NVIDIA GeForce RTX 4060 Ti,39,67.98,60,3350.6,16380.0,
2026-09-05T03:17:10.174728+00:00,03_vlm_polymer_real_synth,6,6,8.5,12.91,30.49,1501.46,NVIDIA GeForce RTX 4060 Ti,36,65.67,77,3350.6,16380.0,
2026-09-05T03:17:20.244823+00:00,03_vlm_polymer_real_synth,6,6,8.5,12.91,30.49,1501.46,NVIDIA GeForce RTX 4060 Ti,39,66.41,33,3350.6,16380.0,
2026-09-05T03:17:30.314832+00:00,03_vlm_polymer_real_synth,6,6,8.5,12.92,30.49,1501.46,NVIDIA GeForce RTX 4060 Ti,37,65.93,64,3350.6,16380.0,
2026-09-05T03:17:40.380825+00:00,03_vlm_polymer_real_synth,6,6,8.5,12.87,30.49,1501.46,NVIDIA GeForce RTX 4060 Ti,37,66.86,40,3350.6,16380.0,
2026-09-05T03:17:50.445840+00:00,03_vlm_polymer_real_synth,6,6,8.5,12.89,30.49,1501.46,NVIDIA GeForce RTX 4060 Ti,37,67.57,66,3350.6,16380.0,
2026-09-05T03:18:00.516834+00:00,03_vlm_polymer_real_synth,6,6,8.5,12.88,30.49,1501.46,NVIDIA GeForce RTX 4060 Ti,38,65.56,61,3350.6,16380.0,
2026-09-05T03:18:10.581631+00:00,03_vlm_polymer_real_synth,6,6,8.5,12.89,30.49,1501.46,NVIDIA GeForce RTX 4060 Ti,40,69.09,56,3350.6,16380.0,
2026-09-05T03:18:20.644839+00:00,03_vlm_polymer_real_synth,6,6,8.5,12.89,30.49,1501.46,NVIDIA GeForce RTX 4060 Ti,37,66.11,69,3350.6,16380.0,
2026-09-05T03:18:30.714822+00:00,03_vlm_polymer_real_synth,6,6,8.5,12.9,30.49,1501.46,NVIDIA GeForce RTX 4060 Ti,39,67.38,4,3350.6,16380.0,
2026-09-05T03:18:40.778836+00:00,03_vlm_polymer_real_synth,6,6,8.5,12.9,30.49,1501.46,NVIDIA GeForce RTX 4060 Ti,37,66.23,50,3350.6,16380.0,
2026-09-05T03:18:50.842825+00:00,03_vlm_polymer_real_synth,6,6,8.6,12.91,30.49,1501.46,NVIDIA GeForce RTX 4060 Ti,37,67.67,55,3350.6,16380.0,
2026-09-05T03:19:00.912830+00:00,03_vlm_polymer_real_synth,6,6,8.5,12.95,30.49,1501.46,NVIDIA GeForce RTX 4060 Ti,40,66.21,0,3350.6,16380.0,
2026-09-05T03:19:10.977872+00:00,03_vlm_polymer_real_synth,6,6,8.5,12.94,30.49,1501.46,NVIDIA GeForce RTX 4060 Ti,41,65.9,21,3350.6,16380.0,
2026-09-05T03:19:21.047831+00:00,03_vlm_polymer_real_synth,6,6,8.5,12.94,30.49,1501.46,NVIDIA GeForce RTX 4060 Ti,39,68.5,14,3350.6,16380.0,
2026-09-05T03:19:31.111536+00:00,03_vlm_polymer_real_synth,6,6,8.5,12.93,30.49,1501.46,NVIDIA GeForce RTX 4060 Ti,39,69.89,48,3350.6,16380.0,
2026-09-05T03:19:41.174824+00:00,03_vlm_polymer_real_synth,6,6,8.5,12.92,30.49,1501.46,NVIDIA GeForce RTX 4060 Ti,36,65.9,1,3350.6,16380.0,
2026-09-05T03:19:51.243567+00:00,03_vlm_polymer_real_synth,6,6,8.7,12.94,30.49,1501.46,NVIDIA GeForce RTX 4060 Ti,36,67.9,47,3350.6,16380.0,
2026-09-05T03:20:01.309291+00:00,03_vlm_polymer_real_synth,6,6,8.5,12.94,30.49,1501.46,NVIDIA GeForce RTX 4060 Ti,40,66.21,62,3350.6,16380.0,
2026-09-05T03:20:11.328162+00:00,03_vlm_polymer_real_synth,6,6,8.5,12.94,30.49,1501.46,NVIDIA GeForce RTX 4060 Ti,37,69.6,0,3350.6,16380.0,
2026-09-05T03:20:21.398706+00:00,03_vlm_polymer_real_synth,6,6,8.7,12.94,30.49,1501.46,NVIDIA GeForce RTX 4060 Ti,39,66.61,21,3350.6,16380.0,
2026-09-05T03:20:31.469833+00:00,03_vlm_polymer_real_synth,6,6,8.5,12.98,30.49,1501.46,NVIDIA GeForce RTX 4060 Ti,38,65.95,66,3350.6,16380.0,
2026-09-05T03:20:41.534829+00:00,03_vlm_polymer_real_synth,6,6,8.5,12.96,30.49,1501.46,NVIDIA GeForce RTX 4060 Ti,39,68.54,54,3350.6,16380.0,
2026-09-05T03:20:51.585487+00:00,03_vlm_polymer_real_synth,6,6,8.5,12.94,30.49,1501.46,NVIDIA GeForce RTX 4060 Ti,40,68.88,61,3350.6,16380.0,
2026-09-05T03:21:01.656792+00:00,03_vlm_polymer_real_synth,6,6,8.5,12.94,30.49,1501.46,NVIDIA GeForce RTX 4060 Ti,37,66.1,0,3350.6,16380.0,
2026-09-05T03:21:11.716849+00:00,03_vlm_polymer_real_synth,6,6,8.5,12.95,30.49,1501.46,NVIDIA GeForce RTX 4060 Ti,40,66.31,0,3350.6,16380.0,
2026-09-05T03:21:21.786827+00:00,03_vlm_polymer_real_synth,6,6,8.5,12.92,30.49,1501.46,NVIDIA GeForce RTX 4060 Ti,37,66.14,54,3350.6,16380.0,
2026-09-05T03:21:31.851835+00:00,03_vlm_polymer_real_synth,6,6,8.5,12.91,30.49,1501.46,NVIDIA GeForce RTX 4060 Ti,40,66.21,13,3350.6,16380.0,
2026-09-05T03:21:41.914846+00:00,03_vlm_polymer_real_synth,6,6,8.5,12.94,30.49,1501.46,NVIDIA GeForce RTX 4060 Ti,39,66.3,0,3383.1,16380.0,
2026-09-05T03:21:51.983816+00:00,03_vlm_polymer_real_synth,6,6,8.6,12.92,30.49,1501.46,NVIDIA GeForce RTX 4060 Ti,37,66.34,53,3383.1,16380.0,
2026-09-05T03:22:02.046827+00:00,03_vlm_polymer_real_synth,6,6,8.5,12.93,30.49,1501.46,NVIDIA GeForce RTX 4060 Ti,39,67.67,58,3383.1,16380.0,
2026-09-05T03:22:12.108180+00:00,03_vlm_polymer_real_synth,6,6,8.5,12.95,30.49,1501.46,NVIDIA GeForce RTX 4060 Ti,41,66.3,29,3383.1,16380.0,
2026-09-05T03:22:22.170830+00:00,03_vlm_polymer_real_synth,6,6,8.5,12.93,30.49,1501.46,NVIDIA GeForce RTX 4060 Ti,37,65.64,62,3383.1,16380.0,
2026-09-05T03:22:32.234884+00:00,03_vlm_polymer_real_synth,6,6,13.2,12.99,30.49,1501.46,NVIDIA GeForce RTX 4060 Ti,38,66.25,76,3383.1,16380.0,
2026-09-05T03:22:42.284913+00:00,03_vlm_polymer_real_synth,6,6,14.4,12.99,30.49,1501.46,NVIDIA GeForce RTX 4060 Ti,39,63.5,31,3383.1,16380.0,
2026-09-05T03:22:52.350724+00:00,03_vlm_polymer_real_synth,6,6,14.1,12.95,30.49,1501.46,NVIDIA GeForce RTX 4060 Ti,37,65.89,59,3383.1,16380.0,
2026-09-05T03:23:02.399464+00:00,03_vlm_polymer_real_synth,6,6,8.5,12.97,30.49,1501.46,NVIDIA GeForce RTX 4060 Ti,38,67.99,78,3383.1,16380.0,
2026-09-05T03:23:12.463624+00:00,03_vlm_polymer_real_synth,6,6,8.5,12.94,30.49,1501.46,NVIDIA GeForce RTX 4060 Ti,37,66.49,24,3383.1,16380.0,
2026-09-05T03:23:22.526691+00:00,03_vlm_polymer_real_synth,6,6,8.5,12.99,30.49,1501.46,NVIDIA GeForce RTX 4060 Ti,40,69.08,53,3383.1,16380.0,
2026-09-05T03:23:32.589999+00:00,03_vlm_polymer_real_synth,6,6,8.5,12.98,30.49,1501.46,NVIDIA GeForce RTX 4060 Ti,37,66.34,50,3383.1,16380.0,
2026-09-05T03:23:42.654456+00:00,03_vlm_polymer_real_synth,6,6,8.5,12.96,30.49,1501.46,NVIDIA GeForce RTX 4060 Ti,37,67.61,34,3383.1,16380.0,
2026-09-05T03:23:52.719035+00:00,03_vlm_polymer_real_synth,6,6,8.5,12.98,30.49,1501.46,NVIDIA GeForce RTX 4060 Ti,39,68.29,0,3383.1,16380.0,
2026-09-05T03:24:02.787991+00:00,03_vlm_polymer_real_synth,6,6,8.5,12.99,30.49,1501.46,NVIDIA GeForce RTX 4060 Ti,37,66.34,61,3383.1,16380.0,
2026-09-05T03:24:12.830463+00:00,03_vlm_polymer_real_synth,6,6,8.5,12.94,30.49,1501.46,NVIDIA GeForce RTX 4060 Ti,37,68.23,39,3383.1,16380.0,
2026-09-05T03:24:22.901047+00:00,03_vlm_polymer_real_synth,6,6,8.5,12.97,30.49,1501.46,NVIDIA GeForce RTX 4060 Ti,37,65.0,80,3383.1,16380.0,
2026-09-05T03:24:32.971955+00:00,03_vlm_polymer_real_synth,6,6,8.5,12.95,30.49,1501.46,NVIDIA GeForce RTX 4060 Ti,37,69.15,61,3383.1,16380.0,
2026-09-05T03:24:43.035821+00:00,03_vlm_polymer_real_synth,6,6,8.5,12.93,30.49,1501.46,NVIDIA GeForce RTX 4060 Ti,39,69.91,41,3383.1,16380.0,
2026-09-05T03:24:53.098817+00:00,03_vlm_polymer_real_synth,6,6,8.5,12.97,30.49,1501.46,NVIDIA GeForce RTX 4060 Ti,39,66.44,40,3383.1,16380.0,
2026-09-05T03:25:03.132583+00:00,03_vlm_polymer_real_synth,6,6,8.5,12.95,30.49,1501.46,NVIDIA GeForce RTX 4060 Ti,39,66.24,49,3383.1,16380.0,
2026-09-05T03:25:13.199836+00:00,03_vlm_polymer_real_synth,6,6,8.5,12.97,30.49,1501.46,NVIDIA GeForce RTX 4060 Ti,37,66.39,0,3383.1,16380.0,
2026-09-05T03:25:23.270159+00:00,03_vlm_polymer_real_synth,6,6,9.0,12.96,30.49,1501.46,NVIDIA GeForce RTX 4060 Ti,38,66.39,0,3383.1,16380.0,
2026-09-05T03:25:33.336829+00:00,03_vlm_polymer_real_synth,6,6,8.5,13.0,30.49,1501.46,NVIDIA GeForce RTX 4060 Ti,36,56.04,18,3383.1,16380.0,
2026-09-05T03:25:43.401816+00:00,03_vlm_polymer_real_synth,6,6,8.6,12.93,30.49,1501.46,NVIDIA GeForce RTX 4060 Ti,39,60.48,20,3383.1,16380.0,
2026-09-05T03:25:53.437397+00:00,03_vlm_polymer_real_synth,6,6,8.6,12.92,30.49,1501.46,NVIDIA GeForce RTX 4060 Ti,38,58.75,25,3383.1,16380.0,
2026-09-05T03:26:03.500834+00:00,03_vlm_polymer_real_synth,6,6,8.5,12.91,30.49,1501.46,NVIDIA GeForce RTX 4060 Ti,39,61.02,24,3383.1,16380.0,
2026-09-05T03:26:13.549711+00:00,03_vlm_polymer_real_synth,6,6,8.2,12.94,30.49,1501.46,NVIDIA GeForce RTX 4060 Ti,38,67.65,62,3383.1,16380.0,
2026-09-05T03:26:23.566880+00:00,03_vlm_polymer_real_synth,6,6,8.5,12.95,30.49,1501.46,NVIDIA GeForce RTX 4060 Ti,38,74.05,47,3383.1,16380.0,
2026-09-05T03:26:33.631834+00:00,03_vlm_polymer_real_synth,6,6,8.5,12.91,30.49,1501.46,NVIDIA GeForce RTX 4060 Ti,38,67.19,72,3383.1,16380.0,
2026-09-05T03:26:43.694844+00:00,03_vlm_polymer_real_synth,6,6,8.5,13.02,30.49,1501.46,NVIDIA GeForce RTX 4060 Ti,37,67.61,46,3351.1,16380.0,
2026-09-05T03:26:53.758827+00:00,03_vlm_polymer_real_synth,6,6,8.7,12.99,30.49,1501.46,NVIDIA GeForce RTX 4060 Ti,39,67.64,73,3351.1,16380.0,
2026-09-05T03:27:03.827827+00:00,03_vlm_polymer_real_synth,6,6,8.5,13.0,30.49,1501.46,NVIDIA GeForce RTX 4060 Ti,36,66.19,69,3351.1,16380.0,
2026-09-05T03:27:13.897825+00:00,03_vlm_polymer_real_synth,6,6,8.5,12.97,30.49,1501.46,NVIDIA GeForce RTX 4060 Ti,39,66.3,34,3351.1,16380.0,
2026-09-05T03:27:23.960819+00:00,03_vlm_polymer_real_synth,6,6,8.5,12.95,30.49,1501.46,NVIDIA GeForce RTX 4060 Ti,37,65.69,54,3351.1,16380.0,
2026-09-05T03:27:33.998012+00:00,03_vlm_polymer_real_synth,6,6,8.5,12.97,30.49,1501.46,NVIDIA GeForce RTX 4060 Ti,39,67.21,28,3351.1,16380.0,
2026-09-05T03:27:44.067198+00:00,03_vlm_polymer_real_synth,6,6,8.5,12.95,30.49,1501.46,NVIDIA GeForce RTX 4060 Ti,37,65.69,69,3351.1,16380.0,
2026-09-05T03:27:54.105449+00:00,03_vlm_polymer_real_synth,6,6,8.6,12.96,30.49,1501.46,NVIDIA GeForce RTX 4060 Ti,37,66.09,45,3351.1,16380.0,
2026-09-05T03:28:04.168824+00:00,03_vlm_polymer_real_synth,6,6,8.5,12.96,30.49,1501.46,NVIDIA GeForce RTX 4060 Ti,40,68.61,50,3351.1,16380.0,
2026-09-05T03:28:14.217705+00:00,03_vlm_polymer_real_synth,6,6,8.5,12.97,30.49,1501.46,NVIDIA GeForce RTX 4060 Ti,37,67.01,26,3351.1,16380.0,
2026-09-05T03:28:24.287827+00:00,03_vlm_polymer_real_synth,6,6,8.5,12.96,30.49,1501.46,NVIDIA GeForce RTX 4060 Ti,36,66.03,0,3351.1,16380.0,
2026-09-05T03:28:34.351838+00:00,03_vlm_polymer_real_synth,6,6,8.5,12.97,30.49,1501.46,NVIDIA GeForce RTX 4060 Ti,40,66.07,51,3351.1,16380.0,
2026-09-05T03:28:44.414814+00:00,03_vlm_polymer_real_synth,6,6,8.5,12.97,30.49,1501.46,NVIDIA GeForce RTX 4060 Ti,37,69.69,26,3351.1,16380.0,
2026-09-05T03:28:54.477830+00:00,03_vlm_polymer_real_synth,6,6,8.6,12.96,30.49,1501.46,NVIDIA GeForce RTX 4060 Ti,37,68.88,21,3351.1,16380.0,
2026-09-05T03:29:04.525831+00:00,03_vlm_polymer_real_synth,6,6,8.5,12.99,30.49,1501.46,NVIDIA GeForce RTX 4060 Ti,39,66.27,74,3351.1,16380.0,
2026-09-05T03:29:14.596838+00:00,03_vlm_polymer_real_synth,6,6,8.5,12.97,30.49,1501.46,NVIDIA GeForce RTX 4060 Ti,41,66.11,43,3351.1,16380.0,
2026-09-05T03:29:24.655037+00:00,03_vlm_polymer_real_synth,6,6,8.5,13.0,30.49,1501.46,NVIDIA GeForce RTX 4060 Ti,38,66.23,76,3351.1,16380.0,
2026-09-05T03:29:34.717336+00:00,03_vlm_polymer_real_synth,6,6,8.5,13.01,30.49,1501.46,NVIDIA GeForce RTX 4060 Ti,36,67.79,31,3351.1,16380.0,
2026-09-05T03:29:44.782311+00:00,03_vlm_polymer_real_synth,6,6,8.5,13.01,30.49,1501.46,NVIDIA GeForce RTX 4060 Ti,37,70.13,79,3351.1,16380.0,
2026-09-05T03:29:54.846830+00:00,03_vlm_polymer_real_synth,6,6,8.6,12.96,30.49,1501.46,NVIDIA GeForce RTX 4060 Ti,38,69.7,70,3351.1,16380.0,
2026-09-05T03:30:04.915835+00:00,03_vlm_polymer_real_synth,6,6,9.3,13.02,30.49,1501.46,NVIDIA GeForce RTX 4060 Ti,39,66.1,33,3351.1,16380.0,
2026-09-05T03:30:14.980826+00:00,03_vlm_polymer_real_synth,6,6,8.5,13.02,30.49,1501.46,NVIDIA GeForce RTX 4060 Ti,37,65.89,50,3351.1,16380.0,
2026-09-05T03:30:25.044617+00:00,03_vlm_polymer_real_synth,6,6,8.7,13.02,30.49,1501.46,NVIDIA GeForce RTX 4060 Ti,37,69.17,62,3351.1,16380.0,
2026-09-05T03:30:35.098347+00:00,03_vlm_polymer_real_synth,6,6,8.5,13.07,30.49,1501.46,NVIDIA GeForce RTX 4060 Ti,41,66.2,0,3351.1,16380.0,
2026-09-05T03:30:45.164825+00:00,03_vlm_polymer_real_synth,6,6,8.6,13.01,30.49,1501.46,NVIDIA GeForce RTX 4060 Ti,39,66.38,0,3351.1,16380.0,
2026-09-05T03:30:55.227833+00:00,03_vlm_polymer_real_synth,6,6,8.5,13.02,30.49,1501.46,NVIDIA GeForce RTX 4060 Ti,38,66.83,40,3351.1,16380.0,
2026-09-05T03:31:05.259952+00:00,03_vlm_polymer_real_synth,6,6,8.5,13.03,30.49,1501.46,NVIDIA GeForce RTX 4060 Ti,37,69.16,7,3351.1,16380.0,
2026-09-05T03:31:15.325819+00:00,03_vlm_polymer_real_synth,6,6,8.5,13.01,30.49,1501.46,NVIDIA GeForce RTX 4060 Ti,38,65.62,43,3351.1,16380.0,
2026-09-05T03:31:25.373579+00:00,03_vlm_polymer_real_synth,6,6,8.5,13.05,30.49,1501.46,NVIDIA GeForce RTX 4060 Ti,41,67.12,66,3351.1,16380.0,
2026-09-05T03:31:35.437844+00:00,03_vlm_polymer_real_synth,6,6,8.6,13.03,30.49,1501.46,NVIDIA GeForce RTX 4060 Ti,36,64.77,0,3351.1,16380.0,
2026-09-05T03:31:45.500823+00:00,03_vlm_polymer_real_synth,6,6,8.5,13.03,30.49,1501.46,NVIDIA GeForce RTX 4060 Ti,37,68.19,70,3351.1,16380.0,
2026-09-05T03:31:55.551280+00:00,03_vlm_polymer_real_synth,6,6,8.5,13.02,30.49,1501.46,NVIDIA GeForce RTX 4060 Ti,37,66.07,44,3351.1,16380.0,
2026-09-05T03:32:05.592380+00:00,03_vlm_polymer_real_synth,6,6,8.5,13.01,30.49,1501.46,NVIDIA GeForce RTX 4060 Ti,39,67.07,62,3350.6,16380.0,
2026-09-05T03:32:15.656350+00:00,03_vlm_polymer_real_synth,6,6,8.5,13.01,30.49,1501.46,NVIDIA GeForce RTX 4060 Ti,40,65.56,0,3350.6,16380.0,
2026-09-05T03:32:25.715181+00:00,03_vlm_polymer_real_synth,6,6,8.5,12.99,30.49,1501.46,NVIDIA GeForce RTX 4060 Ti,39,65.98,0,3350.6,16380.0,
2026-09-05T03:32:35.777776+00:00,03_vlm_polymer_real_synth,6,6,8.5,13.03,30.49,1501.46,NVIDIA GeForce RTX 4060 Ti,41,66.22,26,3350.6,16380.0,
2026-09-05T03:32:45.835477+00:00,03_vlm_polymer_real_synth,6,6,8.5,13.03,30.49,1501.46,NVIDIA GeForce RTX 4060 Ti,39,66.39,39,3350.6,16380.0,
2026-09-05T03:32:55.883997+00:00,03_vlm_polymer_real_synth,6,6,8.5,13.04,30.49,1501.46,NVIDIA GeForce RTX 4060 Ti,37,66.61,59,3350.6,16380.0,
2026-09-05T03:33:05.900829+00:00,03_vlm_polymer_real_synth,6,6,8.5,13.02,30.49,1501.46,NVIDIA GeForce RTX 4060 Ti,38,66.69,49,3350.6,16380.0,
2026-09-05T03:33:15.965503+00:00,03_vlm_polymer_real_synth,6,6,8.5,13.01,30.49,1501.46,NVIDIA GeForce RTX 4060 Ti,38,66.17,52,3350.6,16380.0,
2026-09-05T03:33:25.991137+00:00,03_vlm_polymer_real_synth,6,6,8.5,12.99,30.49,1501.46,NVIDIA GeForce RTX 4060 Ti,39,66.58,50,3350.6,16380.0,
2026-09-05T03:33:36.055851+00:00,03_vlm_polymer_real_synth,6,6,8.6,13.03,30.49,1501.46,NVIDIA GeForce RTX 4060 Ti,38,68.04,60,3350.6,16380.0,
2026-09-05T03:33:46.119344+00:00,03_vlm_polymer_real_synth,6,6,8.5,12.99,30.49,1501.46,NVIDIA GeForce RTX 4060 Ti,37,66.39,78,3350.6,16380.0,
2026-09-05T03:33:56.187838+00:00,03_vlm_polymer_real_synth,6,6,8.5,13.03,30.49,1501.46,NVIDIA GeForce RTX 4060 Ti,41,66.16,50,3350.6,16380.0,
2026-09-05T03:34:06.255836+00:00,03_vlm_polymer_real_synth,6,6,8.5,13.02,30.49,1501.46,NVIDIA GeForce RTX 4060 Ti,41,66.35,33,3350.6,16380.0,
2026-09-05T03:34:16.318833+00:00,03_vlm_polymer_real_synth,6,6,8.5,12.99,30.49,1501.46,NVIDIA GeForce RTX 4060 Ti,39,68.42,59,3350.6,16380.0,
2026-09-05T03:34:26.381850+00:00,03_vlm_polymer_real_synth,6,6,8.5,13.04,30.49,1501.46,NVIDIA GeForce RTX 4060 Ti,38,66.23,77,3350.6,16380.0,
2026-09-05T03:34:36.449838+00:00,03_vlm_polymer_real_synth,6,6,8.5,13.02,30.49,1501.46,NVIDIA GeForce RTX 4060 Ti,39,67.67,76,3350.6,16380.0,
2026-09-05T03:34:46.513836+00:00,03_vlm_polymer_real_synth,6,6,8.5,13.02,30.49,1501.46,NVIDIA GeForce RTX 4060 Ti,38,66.18,50,3350.6,16380.0,
2026-09-05T03:34:56.578847+00:00,03_vlm_polymer_real_synth,6,6,8.5,13.05,30.49,1501.46,NVIDIA GeForce RTX 4060 Ti,36,65.79,0,3350.6,16380.0,
2026-09-05T03:35:06.646826+00:00,03_vlm_polymer_real_synth,6,6,8.5,13.05,30.49,1501.46,NVIDIA GeForce RTX 4060 Ti,39,66.89,16,3350.6,16380.0,
2026-09-05T03:35:16.711819+00:00,03_vlm_polymer_real_synth,6,6,8.5,13.05,30.49,1501.46,NVIDIA GeForce RTX 4060 Ti,39,67.92,28,3350.6,16380.0,
2026-09-05T03:35:26.780818+00:00,03_vlm_polymer_real_synth,6,6,8.7,13.05,30.49,1501.46,NVIDIA GeForce RTX 4060 Ti,39,70.72,0,3350.6,16380.0,
2026-09-05T03:35:36.843828+00:00,03_vlm_polymer_real_synth,6,6,8.5,13.08,30.49,1501.46,NVIDIA GeForce RTX 4060 Ti,36,66.77,65,3350.6,16380.0,
2026-09-05T03:35:46.912822+00:00,03_vlm_polymer_real_synth,6,6,8.6,13.01,30.49,1501.46,NVIDIA GeForce RTX 4060 Ti,40,66.69,71,3350.6,16380.0,
2026-09-05T03:35:56.975890+00:00,03_vlm_polymer_real_synth,6,6,8.5,13.03,30.49,1501.46,NVIDIA GeForce RTX 4060 Ti,36,66.21,78,3350.6,16380.0,
2026-09-05T03:36:07.038821+00:00,03_vlm_polymer_real_synth,6,6,8.5,13.02,30.49,1501.46,NVIDIA GeForce RTX 4060 Ti,38,66.35,41,3350.6,16380.0,
2026-09-05T03:36:17.101842+00:00,03_vlm_polymer_real_synth,6,6,8.5,12.99,30.49,1501.46,NVIDIA GeForce RTX 4060 Ti,38,66.07,47,3350.6,16380.0,
2026-09-05T03:36:27.164824+00:00,03_vlm_polymer_real_synth,6,6,8.5,13.04,30.49,1501.46,NVIDIA GeForce RTX 4060 Ti,38,69.62,46,3350.6,16380.0,
2026-09-05T03:36:37.228823+00:00,03_vlm_polymer_real_synth,6,6,8.5,13.05,30.49,1501.46,NVIDIA GeForce RTX 4060 Ti,39,66.05,57,3350.6,16380.0,
2026-09-05T03:36:47.296826+00:00,03_vlm_polymer_real_synth,6,6,8.6,13.03,30.49,1501.46,NVIDIA GeForce RTX 4060 Ti,36,65.74,0,3350.6,16380.0,
2026-09-05T03:36:57.360827+00:00,03_vlm_polymer_real_synth,6,6,8.5,13.02,30.49,1501.46,NVIDIA GeForce RTX 4060 Ti,36,65.69,0,3350.6,16380.0,
2026-09-05T03:37:07.430821+00:00,03_vlm_polymer_real_synth,6,6,8.5,13.02,30.49,1501.46,NVIDIA GeForce RTX 4060 Ti,37,67.46,50,3350.6,16380.0,
2026-09-05T03:37:17.500825+00:00,03_vlm_polymer_real_synth,6,6,8.5,13.02,30.49,1501.46,NVIDIA GeForce RTX 4060 Ti,39,66.22,27,3350.6,16380.0,
2026-09-05T03:37:27.565820+00:00,03_vlm_polymer_real_synth,6,6,8.5,13.01,30.49,1501.46,NVIDIA GeForce RTX 4060 Ti,39,66.58,62,3350.6,16380.0,
2026-09-05T03:37:37.636831+00:00,03_vlm_polymer_real_synth,6,6,8.5,13.02,30.49,1501.46,NVIDIA GeForce RTX 4060 Ti,39,70.17,50,3350.6,16380.0,
2026-09-05T03:37:47.700831+00:00,03_vlm_polymer_real_synth,6,6,8.6,13.05,30.49,1501.46,NVIDIA GeForce RTX 4060 Ti,38,66.31,77,3350.6,16380.0,
2026-09-05T03:37:57.765818+00:00,03_vlm_polymer_real_synth,6,6,8.5,13.02,30.49,1501.46,NVIDIA GeForce RTX 4060 Ti,39,66.48,18,3350.6,16380.0,
2026-09-05T03:38:07.835938+00:00,03_vlm_polymer_real_synth,6,6,8.7,13.02,30.49,1501.46,NVIDIA GeForce RTX 4060 Ti,37,59.84,7,3350.6,16380.0,
2026-09-05T03:38:17.882094+00:00,03_vlm_polymer_real_synth,6,6,8.6,12.99,30.49,1501.46,NVIDIA GeForce RTX 4060 Ti,37,58.59,46,3350.6,16380.0,
2026-09-05T03:38:27.945834+00:00,03_vlm_polymer_real_synth,6,6,8.5,13.0,30.49,1501.46,NVIDIA GeForce RTX 4060 Ti,38,57.19,34,3350.6,16380.0,
2026-09-05T03:38:38.001419+00:00,03_vlm_polymer_real_synth,6,6,8.5,13.0,30.49,1501.46,NVIDIA GeForce RTX 4060 Ti,36,62.07,50,3350.6,16380.0,
2026-09-05T03:38:48.069836+00:00,03_vlm_polymer_real_synth,6,6,8.3,12.99,30.49,1501.46,NVIDIA GeForce RTX 4060 Ti,36,66.2,17,3350.6,16380.0,
2026-09-05T03:38:58.134840+00:00,03_vlm_polymer_real_synth,6,6,8.5,13.04,30.49,1501.46,NVIDIA GeForce RTX 4060 Ti,40,66.22,61,3350.6,16380.0,
2026-09-05T03:39:08.201837+00:00,03_vlm_polymer_real_synth,6,6,8.5,13.0,30.49,1501.46,NVIDIA GeForce RTX 4060 Ti,37,66.61,69,3350.6,16380.0,
2026-09-05T03:39:18.265831+00:00,03_vlm_polymer_real_synth,6,6,8.5,13.02,30.49,1501.46,NVIDIA GeForce RTX 4060 Ti,36,65.36,38,3350.6,16380.0,
2026-09-05T03:39:28.306842+00:00,03_vlm_polymer_real_synth,6,6,8.5,13.02,30.49,1501.46,NVIDIA GeForce RTX 4060 Ti,39,66.35,13,3350.6,16380.0,
2026-09-05T03:39:38.371825+00:00,03_vlm_polymer_real_synth,6,6,8.5,13.01,30.49,1501.46,NVIDIA GeForce RTX 4060 Ti,39,66.53,11,3350.6,16380.0,
2026-09-05T03:39:48.423436+00:00,03_vlm_polymer_real_synth,6,6,8.6,13.03,30.49,1501.46,NVIDIA GeForce RTX 4060 Ti,39,66.19,27,3350.6,16380.0,
2026-09-05T03:39:58.487037+00:00,03_vlm_polymer_real_synth,6,6,8.6,13.03,30.49,1501.46,NVIDIA GeForce RTX 4060 Ti,36,66.23,0,3350.6,16380.0,
2026-09-05T03:40:08.549824+00:00,03_vlm_polymer_real_synth,6,6,8.5,13.03,30.49,1501.46,NVIDIA GeForce RTX 4060 Ti,39,66.21,26,3350.6,16380.0,
2026-09-05T03:40:18.617818+00:00,03_vlm_polymer_real_synth,6,6,8.5,13.03,30.49,1501.46,NVIDIA GeForce RTX 4060 Ti,41,69.63,52,3350.6,16380.0,
2026-09-05T03:40:28.680821+00:00,03_vlm_polymer_real_synth,6,6,8.7,13.06,30.49,1501.46,NVIDIA GeForce RTX 4060 Ti,38,67.19,40,3350.6,16380.0,
2026-09-05T03:40:38.745835+00:00,03_vlm_polymer_real_synth,6,6,8.5,13.03,30.49,1501.46,NVIDIA GeForce RTX 4060 Ti,36,66.47,58,3350.6,16380.0,
2026-09-05T03:40:48.808829+00:00,03_vlm_polymer_real_synth,6,6,8.5,13.04,30.49,1501.46,NVIDIA GeForce RTX 4060 Ti,36,68.97,58,3350.6,16380.0,
2026-09-05T03:40:58.872828+00:00,03_vlm_polymer_real_synth,6,6,8.5,13.06,30.49,1501.46,NVIDIA GeForce RTX 4060 Ti,37,65.83,50,3350.6,16380.0,
2026-09-05T03:41:08.936838+00:00,03_vlm_polymer_real_synth,6,6,8.5,13.07,30.49,1501.46,NVIDIA GeForce RTX 4060 Ti,38,66.36,0,3350.6,16380.0,
2026-09-05T03:41:18.999836+00:00,03_vlm_polymer_real_synth,6,6,8.5,13.06,30.49,1501.46,NVIDIA GeForce RTX 4060 Ti,39,66.39,64,3350.6,16380.0,
2026-09-05T03:41:29.062851+00:00,03_vlm_polymer_real_synth,6,6,8.5,13.03,30.49,1501.46,NVIDIA GeForce RTX 4060 Ti,39,65.84,32,3350.6,16380.0,
2026-09-05T03:41:39.117742+00:00,03_vlm_polymer_real_synth,6,6,8.5,13.04,30.49,1501.46,NVIDIA GeForce RTX 4060 Ti,39,67.7,77,3350.6,16380.0,
2026-09-05T03:41:49.181832+00:00,03_vlm_polymer_real_synth,6,6,8.5,13.06,30.49,1501.46,NVIDIA GeForce RTX 4060 Ti,39,71.87,77,3350.6,16380.0,
2026-09-05T03:41:59.245833+00:00,03_vlm_polymer_real_synth,6,6,8.5,13.06,30.49,1501.46,NVIDIA GeForce RTX 4060 Ti,37,66.31,66,3350.6,16380.0,
2026-09-05T03:42:09.308831+00:00,03_vlm_polymer_real_synth,6,6,8.5,13.06,30.49,1501.46,NVIDIA GeForce RTX 4060 Ti,39,66.34,0,3350.6,16380.0,
2026-09-05T03:42:19.377827+00:00,03_vlm_polymer_real_synth,6,6,8.5,13.03,30.49,1501.46,NVIDIA GeForce RTX 4060 Ti,37,68.17,28,3350.6,16380.0,
2026-09-05T03:42:29.431938+00:00,03_vlm_polymer_real_synth,6,6,8.6,13.03,30.49,1501.46,NVIDIA GeForce RTX 4060 Ti,36,66.16,0,3350.6,16380.0,
2026-09-05T03:42:39.463937+00:00,03_vlm_polymer_real_synth,6,6,8.5,13.02,30.49,1501.46,NVIDIA GeForce RTX 4060 Ti,36,66.31,45,3350.6,16380.0,
2026-09-05T03:42:49.487360+00:00,03_vlm_polymer_real_synth,6,6,8.5,13.03,30.49,1501.46,NVIDIA GeForce RTX 4060 Ti,40,66.31,60,3350.6,16380.0,
2026-09-05T03:42:59.550820+00:00,03_vlm_polymer_real_synth,6,6,8.5,13.04,30.49,1501.46,NVIDIA GeForce RTX 4060 Ti,39,70.83,20,3350.6,16380.0,
2026-09-05T03:43:09.613825+00:00,03_vlm_polymer_real_synth,6,6,8.5,13.05,30.49,1501.46,NVIDIA GeForce RTX 4060 Ti,39,66.84,64,3350.6,16380.0,
2026-09-05T03:43:19.685961+00:00,03_vlm_polymer_real_synth,6,6,8.5,13.04,30.49,1501.46,NVIDIA GeForce RTX 4060 Ti,37,66.33,0,3350.6,16380.0,
2026-09-05T03:43:29.750825+00:00,03_vlm_polymer_real_synth,6,6,8.6,13.02,30.49,1501.46,NVIDIA GeForce RTX 4060 Ti,41,69.88,62,3350.6,16380.0,
2026-09-05T03:43:39.813828+00:00,03_vlm_polymer_real_synth,6,6,8.5,13.03,30.49,1501.46,NVIDIA GeForce RTX 4060 Ti,37,66.95,72,3350.6,16380.0,
2026-09-05T03:43:49.877829+00:00,03_vlm_polymer_real_synth,6,6,8.5,13.03,30.49,1501.46,NVIDIA GeForce RTX 4060 Ti,40,66.43,50,3350.6,16380.0,
2026-09-05T03:43:59.941827+00:00,03_vlm_polymer_real_synth,6,6,8.5,13.02,30.49,1501.46,NVIDIA GeForce RTX 4060 Ti,36,66.29,0,3350.6,16380.0,
2026-09-05T03:44:10.005390+00:00,03_vlm_polymer_real_synth,6,6,8.5,12.99,30.49,1501.46,NVIDIA GeForce RTX 4060 Ti,39,66.35,67,3350.6,16380.0,
2026-09-05T03:44:20.068829+00:00,03_vlm_polymer_real_synth,6,6,8.5,13.03,30.49,1501.46,NVIDIA GeForce RTX 4060 Ti,39,66.37,46,3350.6,16380.0,
2026-09-05T03:44:30.132819+00:00,03_vlm_polymer_real_synth,6,6,8.6,13.03,30.49,1501.46,NVIDIA GeForce RTX 4060 Ti,41,67.94,0,3350.6,16380.0,
2026-09-05T03:44:40.203817+00:00,03_vlm_polymer_real_synth,6,6,8.5,13.01,30.49,1501.46,NVIDIA GeForce RTX 4060 Ti,39,70.89,66,3350.6,16380.0,
2026-09-05T03:44:50.266832+00:00,03_vlm_polymer_real_synth,6,6,8.5,13.03,30.49,1501.46,NVIDIA GeForce RTX 4060 Ti,41,73.11,64,3350.6,16380.0,
2026-09-05T03:45:00.330379+00:00,03_vlm_polymer_real_synth,6,6,8.5,13.02,30.49,1501.46,NVIDIA GeForce RTX 4060 Ti,40,66.02,0,3350.6,16380.0,
2026-09-05T03:45:10.396310+00:00,03_vlm_polymer_real_synth,6,6,9.3,13.03,30.49,1501.46,NVIDIA GeForce RTX 4060 Ti,40,66.03,53,3350.6,16380.0,
2026-09-05T03:45:20.454847+00:00,03_vlm_polymer_real_synth,6,6,8.5,13.03,30.49,1501.46,NVIDIA GeForce RTX 4060 Ti,40,66.28,53,3350.6,16380.0,
2026-09-05T03:45:30.493158+00:00,03_vlm_polymer_real_synth,6,6,8.8,13.08,30.49,1501.46,NVIDIA GeForce RTX 4060 Ti,36,66.17,5,3350.6,16380.0,
2026-09-05T03:45:40.528823+00:00,03_vlm_polymer_real_synth,6,6,8.5,13.04,30.49,1501.46,NVIDIA GeForce RTX 4060 Ti,37,64.52,73,3350.6,16380.0,
2026-09-05T03:45:50.596833+00:00,03_vlm_polymer_real_synth,6,6,8.5,13.03,30.49,1501.46,NVIDIA GeForce RTX 4060 Ti,41,66.35,65,3350.6,16380.0,
2026-09-05T03:46:00.659828+00:00,03_vlm_polymer_real_synth,6,6,8.5,12.98,30.49,1501.46,NVIDIA GeForce RTX 4060 Ti,37,66.08,7,3350.6,16380.0,
2026-09-05T03:46:10.723829+00:00,03_vlm_polymer_real_synth,6,6,8.5,12.94,30.49,1501.46,NVIDIA GeForce RTX 4060 Ti,39,68.42,0,3350.6,16380.0,
2026-09-05T03:46:20.786841+00:00,03_vlm_polymer_real_synth,6,6,8.5,12.97,30.49,1501.46,NVIDIA GeForce RTX 4060 Ti,36,65.63,72,3350.6,16380.0,
2026-09-05T03:46:30.851982+00:00,03_vlm_polymer_real_synth,6,6,8.5,12.97,30.49,1501.46,NVIDIA GeForce RTX 4060 Ti,39,69.35,0,3350.6,16380.0,
2026-09-05T03:46:40.914829+00:00,03_vlm_polymer_real_synth,6,6,8.5,12.98,30.49,1501.46,NVIDIA GeForce RTX 4060 Ti,40,66.21,0,3350.6,16380.0,
2026-09-05T03:46:50.981834+00:00,03_vlm_polymer_real_synth,6,6,8.5,13.02,30.49,1501.46,NVIDIA GeForce RTX 4060 Ti,38,66.12,2,3350.6,16380.0,
2026-09-05T03:47:01.046004+00:00,03_vlm_polymer_real_synth,6,6,8.5,12.98,30.49,1501.46,NVIDIA GeForce RTX 4060 Ti,40,65.3,58,3350.6,16380.0,
2026-09-05T03:47:11.091392+00:00,03_vlm_polymer_real_synth,6,6,8.5,12.99,30.49,1501.46,NVIDIA GeForce RTX 4060 Ti,39,66.58,0,3350.6,16380.0,
2026-09-05T03:47:21.109801+00:00,03_vlm_polymer_real_synth,6,6,8.5,13.0,30.49,1501.46,NVIDIA GeForce RTX 4060 Ti,39,68.52,19,3350.6,16380.0,
2026-09-05T03:47:31.157842+00:00,03_vlm_polymer_real_synth,6,6,8.5,12.98,30.49,1501.46,NVIDIA GeForce RTX 4060 Ti,38,65.7,71,3350.6,16380.0,
2026-09-05T03:47:41.220833+00:00,03_vlm_polymer_real_synth,6,6,8.5,13.01,30.49,1501.46,NVIDIA GeForce RTX 4060 Ti,36,66.64,26,3350.6,16380.0,
2026-09-05T03:47:51.290833+00:00,03_vlm_polymer_real_synth,6,6,8.5,12.99,30.49,1501.46,NVIDIA GeForce RTX 4060 Ti,40,67.19,67,3350.6,16380.0,
2026-09-05T03:48:01.353829+00:00,03_vlm_polymer_real_synth,6,6,8.5,12.96,30.49,1501.46,NVIDIA GeForce RTX 4060 Ti,36,65.94,45,3350.6,16380.0,
2026-09-05T03:48:11.425289+00:00,03_vlm_polymer_real_synth,6,6,8.5,13.01,30.49,1501.46,NVIDIA GeForce RTX 4060 Ti,37,67.26,0,3350.6,16380.0,
2026-09-05T03:48:21.470598+00:00,03_vlm_polymer_real_synth,6,6,8.5,12.98,30.49,1501.46,NVIDIA GeForce RTX 4060 Ti,36,69.83,13,3350.6,16380.0,
2026-09-05T03:48:31.533839+00:00,03_vlm_polymer_real_synth,6,6,8.6,13.05,30.49,1501.46,NVIDIA GeForce RTX 4060 Ti,40,66.99,72,3350.6,16380.0,
2026-09-05T03:48:41.554822+00:00,03_vlm_polymer_real_synth,6,6,8.5,13.08,30.49,1501.46,NVIDIA GeForce RTX 4060 Ti,37,67.47,68,3350.6,16380.0,
2026-09-05T03:48:51.605834+00:00,03_vlm_polymer_real_synth,6,6,8.5,13.05,30.49,1501.46,NVIDIA GeForce RTX 4060 Ti,41,67.87,62,3350.6,16380.0,
2026-09-05T03:49:01.659826+00:00,03_vlm_polymer_real_synth,6,6,8.5,13.04,30.49,1501.46,NVIDIA GeForce RTX 4060 Ti,39,66.18,59,3350.6,16380.0,
2026-09-05T03:49:11.731217+00:00,03_vlm_polymer_real_synth,6,6,8.5,13.06,30.49,1501.46,NVIDIA GeForce RTX 4060 Ti,39,68.81,37,3350.6,16380.0,
2026-09-05T03:49:21.793838+00:00,03_vlm_polymer_real_synth,6,6,8.5,13.06,30.49,1501.46,NVIDIA GeForce RTX 4060 Ti,39,66.76,37,3350.6,16380.0,
2026-09-05T03:49:31.856864+00:00,03_vlm_polymer_real_synth,6,6,8.6,13.05,30.49,1501.46,NVIDIA GeForce RTX 4060 Ti,41,70.68,10,3350.6,16380.0,
2026-09-05T03:49:41.919823+00:00,03_vlm_polymer_real_synth,6,6,8.5,13.03,30.49,1501.46,NVIDIA GeForce RTX 4060 Ti,39,66.3,47,3350.6,16380.0,
2026-09-05T03:49:51.982827+00:00,03_vlm_polymer_real_synth,6,6,8.5,13.04,30.49,1501.46,NVIDIA GeForce RTX 4060 Ti,37,69.45,59,3350.6,16380.0,
2026-09-05T03:50:02.045338+00:00,03_vlm_polymer_real_synth,6,6,8.5,13.04,30.49,1501.46,NVIDIA GeForce RTX 4060 Ti,39,66.15,77,3350.6,16380.0,
2026-09-05T03:50:12.082657+00:00,03_vlm_polymer_real_synth,6,6,8.5,13.06,30.49,1501.46,NVIDIA GeForce RTX 4060 Ti,41,66.21,16,3350.6,16380.0,
2026-09-05T03:50:22.152869+00:00,03_vlm_polymer_real_synth,6,6,8.5,13.0,30.49,1501.46,NVIDIA GeForce RTX 4060 Ti,38,66.64,8,3350.6,16380.0,
2026-09-05T03:50:32.215832+00:00,03_vlm_polymer_real_synth,6,6,8.7,13.05,30.49,1501.46,NVIDIA GeForce RTX 4060 Ti,40,66.27,0,3350.6,16380.0,
2026-09-05T03:50:42.273781+00:00,03_vlm_polymer_real_synth,6,6,8.6,13.04,30.49,1501.46,NVIDIA GeForce RTX 4060 Ti,38,51.51,10,3350.6,16380.0,
2026-09-05T03:50:52.323167+00:00,03_vlm_polymer_real_synth,6,6,8.6,13.04,30.49,1501.46,NVIDIA GeForce RTX 4060 Ti,38,59.69,30,3350.6,16380.0,
2026-09-05T03:51:02.364987+00:00,03_vlm_polymer_real_synth,6,6,8.5,13.04,30.49,1501.46,NVIDIA GeForce RTX 4060 Ti,37,52.94,7,3350.6,16380.0,
2026-09-05T03:51:12.429828+00:00,03_vlm_polymer_real_synth,6,6,8.5,13.05,30.49,1501.46,NVIDIA GeForce RTX 4060 Ti,39,60.69,67,3350.6,16380.0,
2026-09-05T03:51:22.494839+00:00,03_vlm_polymer_real_synth,6,6,8.5,13.03,30.49,1501.46,NVIDIA GeForce RTX 4060 Ti,38,66.06,62,3350.6,16380.0,
2026-09-05T03:51:32.558823+00:00,03_vlm_polymer_real_synth,6,6,8.6,13.03,30.49,1501.46,NVIDIA GeForce RTX 4060 Ti,40,65.69,64,3350.6,16380.0,
2026-09-05T03:51:42.627855+00:00,03_vlm_polymer_real_synth,6,6,8.5,12.99,30.49,1501.46,NVIDIA GeForce RTX 4060 Ti,38,70.98,74,3383.1,16380.0,
2026-09-05T03:51:52.677271+00:00,03_vlm_polymer_real_synth,6,6,8.5,12.99,30.49,1501.46,NVIDIA GeForce RTX 4060 Ti,41,66.2,36,3383.1,16380.0,
2026-09-05T03:52:02.740820+00:00,03_vlm_polymer_real_synth,6,6,8.8,13.0,30.49,1501.46,NVIDIA GeForce RTX 4060 Ti,38,66.88,54,3383.1,16380.0,
2026-09-05T03:52:12.803823+00:00,03_vlm_polymer_real_synth,6,6,8.5,12.99,30.49,1501.46,NVIDIA GeForce RTX 4060 Ti,37,66.35,69,3383.1,16380.0,
2026-09-05T03:52:22.868819+00:00,03_vlm_polymer_real_synth,6,6,8.5,12.98,30.49,1501.46,NVIDIA GeForce RTX 4060 Ti,39,71.16,37,3383.1,16380.0,
2026-09-05T03:52:32.931942+00:00,03_vlm_polymer_real_synth,6,6,16.6,12.84,30.49,1501.46,NVIDIA GeForce RTX 4060 Ti,38,66.33,31,3383.1,16380.0,
2026-09-05T03:52:42.995810+00:00,03_vlm_polymer_real_synth,6,6,15.4,12.78,30.49,1501.46,NVIDIA GeForce RTX 4060 Ti,39,66.6,48,3383.1,16380.0,
2026-09-05T03:52:53.059845+00:00,03_vlm_polymer_real_synth,6,6,10.9,12.88,30.49,1501.46,NVIDIA GeForce RTX 4060 Ti,40,67.87,62,3383.1,16380.0,
2026-09-05T03:53:03.114402+00:00,03_vlm_polymer_real_synth,6,6,10.7,12.78,30.49,1501.46,NVIDIA GeForce RTX 4060 Ti,37,66.19,50,3383.1,16380.0,
2026-09-05T03:53:13.180837+00:00,03_vlm_polymer_real_synth,6,6,8.5,12.82,30.49,1501.46,NVIDIA GeForce RTX 4060 Ti,38,66.31,60,3383.1,16380.0,
2026-09-05T03:53:23.244810+00:00,03_vlm_polymer_real_synth,6,6,8.5,12.79,30.49,1501.46,NVIDIA GeForce RTX 4060 Ti,39,68.13,34,3383.1,16380.0,
2026-09-05T03:53:33.264104+00:00,03_vlm_polymer_real_synth,6,6,8.5,12.78,30.49,1501.46,NVIDIA GeForce RTX 4060 Ti,38,66.72,57,3383.1,16380.0,
2026-09-05T03:53:43.281780+00:00,03_vlm_polymer_real_synth,6,6,8.5,12.78,30.49,1501.46,NVIDIA GeForce RTX 4060 Ti,40,66.25,0,3383.1,16380.0,
2026-09-05T03:53:53.312904+00:00,03_vlm_polymer_real_synth,6,6,8.5,12.79,30.49,1501.46,NVIDIA GeForce RTX 4060 Ti,37,67.86,63,3383.1,16380.0,
2026-09-05T03:54:03.338658+00:00,03_vlm_polymer_real_synth,6,6,8.5,12.81,30.49,1501.46,NVIDIA GeForce RTX 4060 Ti,37,66.05,69,3383.1,16380.0,
2026-09-05T03:54:13.401842+00:00,03_vlm_polymer_real_synth,6,6,8.5,12.78,30.49,1501.46,NVIDIA GeForce RTX 4060 Ti,37,65.98,70,3383.1,16380.0,
2026-09-05T03:54:23.465098+00:00,03_vlm_polymer_real_synth,6,6,8.5,12.77,30.49,1501.46,NVIDIA GeForce RTX 4060 Ti,37,69.13,0,3383.1,16380.0,
2026-09-05T03:54:33.528848+00:00,03_vlm_polymer_real_synth,6,6,8.5,12.82,30.49,1501.46,NVIDIA GeForce RTX 4060 Ti,38,66.02,36,3383.1,16380.0,
2026-09-05T03:54:43.593834+00:00,03_vlm_polymer_real_synth,6,6,8.5,12.81,30.49,1501.46,NVIDIA GeForce RTX 4060 Ti,37,66.07,16,3383.1,16380.0,
2026-09-05T03:54:53.656842+00:00,03_vlm_polymer_real_synth,6,6,8.5,12.8,30.49,1501.46,NVIDIA GeForce RTX 4060 Ti,40,67.67,51,3383.1,16380.0,
2026-09-05T03:55:03.720587+00:00,03_vlm_polymer_real_synth,6,6,8.5,12.82,30.49,1501.46,NVIDIA GeForce RTX 4060 Ti,38,66.25,60,3383.1,16380.0,
2026-09-05T03:55:13.771789+00:00,03_vlm_polymer_real_synth,6,6,8.5,12.81,30.49,1501.46,NVIDIA GeForce RTX 4060 Ti,38,65.58,0,3383.1,16380.0,
2026-09-05T03:55:23.791974+00:00,03_vlm_polymer_real_synth,6,6,8.5,12.81,30.49,1501.46,NVIDIA GeForce RTX 4060 Ti,37,66.32,35,3383.1,16380.0,
2026-09-05T03:55:33.854837+00:00,03_vlm_polymer_real_synth,6,6,8.7,12.89,30.49,1501.46,NVIDIA GeForce RTX 4060 Ti,38,65.82,0,3383.1,16380.0,
2026-09-05T03:55:43.917860+00:00,03_vlm_polymer_real_synth,6,6,8.5,12.81,30.49,1501.46,NVIDIA GeForce RTX 4060 Ti,38,66.38,0,3383.1,16380.0,
2026-09-05T03:55:53.980840+00:00,03_vlm_polymer_real_synth,6,6,8.6,12.81,30.49,1501.46,NVIDIA GeForce RTX 4060 Ti,39,68.39,26,3383.1,16380.0,
2026-09-05T03:56:04.044841+00:00,03_vlm_polymer_real_synth,6,6,8.5,12.84,30.49,1501.46,NVIDIA GeForce RTX 4060 Ti,39,66.19,0,3383.1,16380.0,
2026-09-05T03:56:14.108888+00:00,03_vlm_polymer_real_synth,6,6,8.5,12.82,30.49,1501.46,NVIDIA GeForce RTX 4060 Ti,40,71.95,21,3383.1,16380.0,
2026-09-05T03:56:24.171838+00:00,03_vlm_polymer_real_synth,6,6,8.5,12.84,30.49,1501.46,NVIDIA GeForce RTX 4060 Ti,40,66.31,56,3383.1,16380.0,
2026-09-05T03:56:34.234824+00:00,03_vlm_polymer_real_synth,6,6,8.5,12.83,30.49,1501.46,NVIDIA GeForce RTX 4060 Ti,39,70.91,39,3383.1,16380.0,
2026-09-05T03:56:44.298699+00:00,03_vlm_polymer_real_synth,6,6,8.5,12.85,30.49,1501.46,NVIDIA GeForce RTX 4060 Ti,39,65.05,51,3351.1,16380.0,
2026-09-05T03:56:54.368830+00:00,03_vlm_polymer_real_synth,6,6,8.6,12.82,30.49,1501.46,NVIDIA GeForce RTX 4060 Ti,37,67.82,50,3351.1,16380.0,
2026-09-05T03:57:04.438837+00:00,03_vlm_polymer_real_synth,6,6,8.5,12.86,30.49,1501.46,NVIDIA GeForce RTX 4060 Ti,38,66.37,67,3351.1,16380.0,
2026-09-05T03:57:14.501898+00:00,03_vlm_polymer_real_synth,6,6,8.5,12.83,30.49,1501.46,NVIDIA GeForce RTX 4060 Ti,36,66.38,45,3351.1,16380.0,
2026-09-05T03:57:24.559682+00:00,03_vlm_polymer_real_synth,6,6,8.5,12.84,30.49,1501.46,NVIDIA GeForce RTX 4060 Ti,39,67.33,60,3351.1,16380.0,
2026-09-05T03:57:34.623836+00:00,03_vlm_polymer_real_synth,6,6,8.6,12.84,30.49,1501.46,NVIDIA GeForce RTX 4060 Ti,41,70.0,44,3337.9,16380.0,
2026-09-05T03:57:44.686822+00:00,03_vlm_polymer_real_synth,6,6,8.5,12.82,30.49,1501.46,NVIDIA GeForce RTX 4060 Ti,39,67.92,56,3337.9,16380.0,
2026-09-05T03:57:54.740863+00:00,03_vlm_polymer_real_synth,6,6,8.6,12.88,30.49,1501.46,NVIDIA GeForce RTX 4060 Ti,38,66.27,59,3337.9,16380.0,
2026-09-05T03:58:04.759820+00:00,03_vlm_polymer_real_synth,6,6,8.6,12.89,30.49,1501.46,NVIDIA GeForce RTX 4060 Ti,37,66.2,0,3337.9,16380.0,
2026-09-05T03:58:14.814870+00:00,03_vlm_polymer_real_synth,6,6,8.5,12.91,30.49,1501.46,NVIDIA GeForce RTX 4060 Ti,39,66.23,26,3337.9,16380.0,
2026-09-05T03:58:24.879831+00:00,03_vlm_polymer_real_synth,6,6,8.5,12.9,30.49,1501.46,NVIDIA GeForce RTX 4060 Ti,39,66.37,0,3337.9,16380.0,
2026-09-05T03:58:34.942833+00:00,03_vlm_polymer_real_synth,6,6,8.6,12.9,30.49,1501.46,NVIDIA GeForce RTX 4060 Ti,38,67.31,8,3337.9,16380.0,
2026-09-05T03:58:45.002565+00:00,03_vlm_polymer_real_synth,6,6,8.5,12.85,30.49,1501.46,NVIDIA GeForce RTX 4060 Ti,38,68.08,10,3337.9,16380.0,
2026-09-05T03:58:55.024625+00:00,03_vlm_polymer_real_synth,6,6,8.7,12.85,30.49,1501.46,NVIDIA GeForce RTX 4060 Ti,41,66.07,28,3337.9,16380.0,
2026-09-05T03:59:05.043622+00:00,03_vlm_polymer_real_synth,6,6,8.5,12.85,30.49,1501.46,NVIDIA GeForce RTX 4060 Ti,39,66.39,37,3337.9,16380.0,
2026-09-05T03:59:15.096787+00:00,03_vlm_polymer_real_synth,6,6,8.5,12.86,30.49,1501.46,NVIDIA GeForce RTX 4060 Ti,40,66.06,2,3337.9,16380.0,
2026-09-05T03:59:25.128793+00:00,03_vlm_polymer_real_synth,6,6,8.5,12.83,30.49,1501.46,NVIDIA GeForce RTX 4060 Ti,37,66.41,46,3337.9,16380.0,
2026-09-05T03:59:35.192822+00:00,03_vlm_polymer_real_synth,6,6,8.5,12.86,30.49,1501.46,NVIDIA GeForce RTX 4060 Ti,39,66.22,0,3337.9,16380.0,
2026-09-05T03:59:45.259835+00:00,03_vlm_polymer_real_synth,6,6,8.5,12.85,30.49,1501.46,NVIDIA GeForce RTX 4060 Ti,37,66.49,53,3337.9,16380.0,
2026-09-05T03:59:55.324947+00:00,03_vlm_polymer_real_synth,6,6,8.5,12.8,30.49,1501.46,NVIDIA GeForce RTX 4060 Ti,37,66.29,73,3337.9,16380.0,
2026-09-05T04:00:05.387817+00:00,03_vlm_polymer_real_synth,6,6,8.6,12.81,30.49,1501.46,NVIDIA GeForce RTX 4060 Ti,39,65.57,33,3337.9,16380.0,
2026-09-05T04:00:15.450827+00:00,03_vlm_polymer_real_synth,6,6,8.5,12.85,30.49,1501.46,NVIDIA GeForce RTX 4060 Ti,38,66.89,76,3337.9,16380.0,
2026-09-05T04:00:25.515834+00:00,03_vlm_polymer_real_synth,6,6,8.5,12.84,30.49,1501.46,NVIDIA GeForce RTX 4060 Ti,40,67.28,50,3337.9,16380.0,
2026-09-05T04:00:35.572126+00:00,03_vlm_polymer_real_synth,6,6,8.7,12.85,30.49,1501.46,NVIDIA GeForce RTX 4060 Ti,36,66.14,0,3337.9,16380.0,
2026-09-05T04:00:45.634852+00:00,03_vlm_polymer_real_synth,6,6,8.5,12.84,30.49,1501.46,NVIDIA GeForce RTX 4060 Ti,37,66.28,6,3337.9,16380.0,
2026-09-05T04:00:55.651272+00:00,03_vlm_polymer_real_synth,6,6,8.5,12.88,30.49,1501.46,NVIDIA GeForce RTX 4060 Ti,39,69.99,0,3337.9,16380.0,
2026-09-05T04:01:05.721831+00:00,03_vlm_polymer_real_synth,6,6,8.5,12.87,30.49,1501.46,NVIDIA GeForce RTX 4060 Ti,39,66.5,54,3337.9,16380.0,
2026-09-05T04:01:15.791826+00:00,03_vlm_polymer_real_synth,6,6,8.5,12.87,30.49,1501.46,NVIDIA GeForce RTX 4060 Ti,39,65.81,47,3337.9,16380.0,
2026-09-05T04:01:25.855839+00:00,03_vlm_polymer_real_synth,6,6,8.5,12.85,30.49,1501.46,NVIDIA GeForce RTX 4060 Ti,39,66.22,37,3337.9,16380.0,
2026-09-05T04:01:35.918836+00:00,03_vlm_polymer_real_synth,6,6,8.6,12.83,30.49,1501.46,NVIDIA GeForce RTX 4060 Ti,39,66.39,47,3337.9,16380.0,
2026-09-05T04:01:45.987830+00:00,03_vlm_polymer_real_synth,6,6,8.5,12.86,30.49,1501.46,NVIDIA GeForce RTX 4060 Ti,41,65.8,50,3337.9,16380.0,
2026-09-05T04:01:56.052824+00:00,03_vlm_polymer_real_synth,6,6,8.6,12.85,30.49,1501.46,NVIDIA GeForce RTX 4060 Ti,40,65.94,56,3337.9,16380.0,
2026-09-05T04:02:06.117653+00:00,03_vlm_polymer_real_synth,6,6,8.5,12.84,30.49,1501.46,NVIDIA GeForce RTX 4060 Ti,40,65.9,51,3337.9,16380.0,
2026-09-05T04:02:16.182824+00:00,03_vlm_polymer_real_synth,6,6,8.5,12.88,30.49,1501.46,NVIDIA GeForce RTX 4060 Ti,40,65.91,0,3337.9,16380.0,
2026-09-05T04:02:26.221577+00:00,03_vlm_polymer_real_synth,6,6,8.5,12.85,30.49,1501.46,NVIDIA GeForce RTX 4060 Ti,38,66.46,68,3337.9,16380.0,
2026-09-05T04:02:36.279884+00:00,03_vlm_polymer_real_synth,6,6,8.6,12.85,30.49,1501.46,NVIDIA GeForce RTX 4060 Ti,37,68.66,53,3337.9,16380.0,
2026-09-05T04:02:46.344828+00:00,03_vlm_polymer_real_synth,6,6,8.5,12.84,30.49,1501.46,NVIDIA GeForce RTX 4060 Ti,38,65.79,50,3337.9,16380.0,
2026-09-05T04:02:56.396733+00:00,03_vlm_polymer_real_synth,6,6,8.6,12.87,30.49,1501.46,NVIDIA GeForce RTX 4060 Ti,39,67.89,0,3337.9,16380.0,
2026-09-05T04:03:06.467827+00:00,03_vlm_polymer_real_synth,6,6,8.5,12.82,30.49,1501.46,NVIDIA GeForce RTX 4060 Ti,37,67.9,30,3337.9,16380.0,
2026-09-05T04:03:16.532837+00:00,03_vlm_polymer_real_synth,6,6,8.5,12.81,30.49,1501.46,NVIDIA GeForce RTX 4060 Ti,36,59.72,45,3337.9,16380.0,
2026-09-05T04:03:26.595841+00:00,03_vlm_polymer_real_synth,6,6,8.5,12.8,30.49,1501.46,NVIDIA GeForce RTX 4060 Ti,36,59.64,50,3337.9,16380.0,
2026-09-05T04:03:36.659514+00:00,03_vlm_polymer_real_synth,6,6,8.5,12.8,30.49,1501.46,NVIDIA GeForce RTX 4060 Ti,36,62.34,50,3337.9,16380.0,
2026-09-05T04:03:46.676161+00:00,03_vlm_polymer_real_synth,6,6,7.6,12.78,30.49,1501.46,NVIDIA GeForce RTX 4060 Ti,34,35.45,0,2895.9,16380.0,
2026-09-05T04:03:56.739917+00:00,03_vlm_polymer_real_synth,6,6,8.1,12.83,30.49,1501.46,NVIDIA GeForce RTX 4060 Ti,38,63.2,36,3961.9,16380.0,
2026-09-05T04:04:06.799696+00:00,03_vlm_polymer_real_synth,6,6,8.5,12.83,30.49,1501.46,NVIDIA GeForce RTX 4060 Ti,40,61.95,50,3960.7,16380.0,
2026-09-05T04:04:16.854966+00:00,03_vlm_polymer_real_synth,6,6,8.5,12.83,30.49,1501.46,NVIDIA GeForce RTX 4060 Ti,41,62.88,43,3960.7,16380.0,
2026-09-05T04:04:26.918840+00:00,03_vlm_polymer_real_synth,7,7,8.3,12.62,30.49,1501.46,NVIDIA GeForce RTX 4060 Ti,42,61.49,81,3312.7,16380.0,
2026-09-05T04:04:36.950846+00:00,03_vlm_polymer_real_synth,7,7,8.5,12.78,30.49,1501.46,NVIDIA GeForce RTX 4060 Ti,44,70.46,74,3350.7,16380.0,
2026-09-05T04:04:46.982948+00:00,03_vlm_polymer_real_synth,7,7,8.8,12.78,30.49,1501.46,NVIDIA GeForce RTX 4060 Ti,44,68.22,40,3350.7,16380.0,
2026-09-05T04:04:57.052831+00:00,03_vlm_polymer_real_synth,7,7,8.5,12.79,30.49,1501.46,NVIDIA GeForce RTX 4060 Ti,46,67.28,72,3350.7,16380.0,
2026-09-05T04:05:07.122831+00:00,03_vlm_polymer_real_synth,7,7,8.6,12.75,30.49,1501.46,NVIDIA GeForce RTX 4060 Ti,47,70.13,73,3350.7,16380.0,
2026-09-05T04:05:17.186827+00:00,03_vlm_polymer_real_synth,7,7,8.6,12.77,30.49,1501.46,NVIDIA GeForce RTX 4060 Ti,48,68.49,38,3350.7,16380.0,
2026-09-05T04:05:27.257835+00:00,03_vlm_polymer_real_synth,7,7,8.5,12.76,30.49,1501.46,NVIDIA GeForce RTX 4060 Ti,47,69.33,54,3350.7,16380.0,
2026-09-05T04:05:37.321827+00:00,03_vlm_polymer_real_synth,7,7,8.7,12.8,30.49,1501.46,NVIDIA GeForce RTX 4060 Ti,50,70.81,45,3350.7,16380.0,
2026-09-05T04:05:47.385834+00:00,03_vlm_polymer_real_synth,7,7,8.5,12.81,30.49,1501.46,NVIDIA GeForce RTX 4060 Ti,51,68.43,63,3350.7,16380.0,
2026-09-05T04:05:57.448900+00:00,03_vlm_polymer_real_synth,7,7,8.5,12.78,30.49,1501.46,NVIDIA GeForce RTX 4060 Ti,51,68.69,69,3350.7,16380.0,
2026-09-05T04:06:07.488660+00:00,03_vlm_polymer_real_synth,7,7,8.5,12.81,30.49,1501.46,NVIDIA GeForce RTX 4060 Ti,52,69.77,6,3350.7,16380.0,
2026-09-05T04:06:17.552820+00:00,03_vlm_polymer_real_synth,7,7,8.5,12.82,30.49,1501.46,NVIDIA GeForce RTX 4060 Ti,51,72.92,0,3350.7,16380.0,
2026-09-05T04:06:27.615826+00:00,03_vlm_polymer_real_synth,7,7,8.5,12.78,30.49,1501.46,NVIDIA GeForce RTX 4060 Ti,52,69.48,0,3350.7,16380.0,
2026-09-05T04:06:37.678822+00:00,03_vlm_polymer_real_synth,7,7,8.5,12.81,30.49,1501.46,NVIDIA GeForce RTX 4060 Ti,54,69.22,54,3350.7,16380.0,
2026-09-05T04:06:47.742828+00:00,03_vlm_polymer_real_synth,7,7,8.5,12.81,30.49,1501.46,NVIDIA GeForce RTX 4060 Ti,53,69.19,51,3350.7,16380.0,
2026-09-05T04:06:57.811832+00:00,03_vlm_polymer_real_synth,7,7,8.5,12.78,30.49,1501.46,NVIDIA GeForce RTX 4060 Ti,56,71.17,0,3350.7,16380.0,
2026-09-05T04:07:07.834552+00:00,03_vlm_polymer_real_synth,7,7,8.5,12.78,30.49,1501.46,NVIDIA GeForce RTX 4060 Ti,53,70.25,63,3350.7,16380.0,
2026-09-05T04:07:17.901839+00:00,03_vlm_polymer_real_synth,7,7,8.5,12.79,30.49,1501.46,NVIDIA GeForce RTX 4060 Ti,55,70.33,55,3350.7,16380.0,
2026-09-05T04:07:27.945667+00:00,03_vlm_polymer_real_synth,7,7,8.5,12.78,30.49,1501.46,NVIDIA GeForce RTX 4060 Ti,59,70.58,0,3350.7,16380.0,
2026-09-05T04:07:38.008820+00:00,03_vlm_polymer_real_synth,7,7,8.5,12.8,30.49,1501.46,NVIDIA GeForce RTX 4060 Ti,55,71.58,57,3350.7,16380.0,
2026-09-05T04:07:48.073826+00:00,03_vlm_polymer_real_synth,7,7,8.5,12.79,30.49,1501.46,NVIDIA GeForce RTX 4060 Ti,57,71.21,33,3350.7,16380.0,
2026-09-05T04:07:58.143829+00:00,03_vlm_polymer_real_synth,7,7,8.5,12.77,30.49,1501.46,NVIDIA GeForce RTX 4060 Ti,58,70.81,30,3350.7,16380.0,
2026-09-05T04:08:08.209008+00:00,03_vlm_polymer_real_synth,7,7,8.5,12.8,30.49,1501.46,NVIDIA GeForce RTX 4060 Ti,59,71.58,27,3350.7,16380.0,
2026-09-05T04:08:18.279835+00:00,03_vlm_polymer_real_synth,7,7,8.5,12.8,30.49,1501.46,NVIDIA GeForce RTX 4060 Ti,60,72.0,65,3350.7,16380.0,
2026-09-05T04:08:28.349825+00:00,03_vlm_polymer_real_synth,7,7,8.5,12.81,30.49,1501.46,NVIDIA GeForce RTX 4060 Ti,57,63.66,9,3350.7,16380.0,
2026-09-05T04:08:38.414846+00:00,03_vlm_polymer_real_synth,7,7,8.5,12.8,30.49,1501.46,NVIDIA GeForce RTX 4060 Ti,60,71.5,73,3350.7,16380.0,
2026-09-05T04:08:48.477819+00:00,03_vlm_polymer_real_synth,7,7,8.5,12.81,30.49,1501.46,NVIDIA GeForce RTX 4060 Ti,58,72.52,11,3350.7,16380.0,
2026-09-05T04:08:58.549851+00:00,03_vlm_polymer_real_synth,7,7,8.5,12.78,30.49,1501.46,NVIDIA GeForce RTX 4060 Ti,60,71.86,7,3350.7,16380.0,
2026-09-05T04:09:08.612840+00:00,03_vlm_polymer_real_synth,7,7,8.5,12.81,30.49,1501.46,NVIDIA GeForce RTX 4060 Ti,59,72.42,29,3350.6,16380.0,
2026-09-05T04:09:18.675844+00:00,03_vlm_polymer_real_synth,7,7,8.5,12.8,30.49,1501.46,NVIDIA GeForce RTX 4060 Ti,60,72.04,80,3350.6,16380.0,
2026-09-05T04:09:28.712194+00:00,03_vlm_polymer_real_synth,7,7,8.5,12.76,30.49,1501.46,NVIDIA GeForce RTX 4060 Ti,61,72.13,64,3350.6,16380.0,
2026-09-05T04:09:38.775830+00:00,03_vlm_polymer_real_synth,7,7,8.5,12.81,30.49,1501.46,NVIDIA GeForce RTX 4060 Ti,61,72.2,54,3350.6,16380.0,
2026-09-05T04:09:48.838825+00:00,03_vlm_polymer_real_synth,7,7,8.5,12.77,30.49,1501.46,NVIDIA GeForce RTX 4060 Ti,62,71.86,65,3350.6,16380.0,
2026-09-05T04:09:58.902830+00:00,03_vlm_polymer_real_synth,7,7,8.5,12.78,30.49,1501.46,NVIDIA GeForce RTX 4060 Ti,61,75.87,0,3350.6,16380.0,
2026-09-05T04:10:08.966833+00:00,03_vlm_polymer_real_synth,7,7,8.5,12.77,30.49,1501.46,NVIDIA GeForce RTX 4060 Ti,64,72.56,12,3350.6,16380.0,
2026-09-05T04:10:19.031820+00:00,03_vlm_polymer_real_synth,7,7,8.5,12.77,30.49,1501.46,NVIDIA GeForce RTX 4060 Ti,64,72.84,55,3350.6,16380.0,
2026-09-05T04:10:29.095834+00:00,03_vlm_polymer_real_synth,7,7,8.5,12.75,30.49,1501.46,NVIDIA GeForce RTX 4060 Ti,56,71.17,78,3350.6,16380.0,
2026-09-05T04:10:39.158846+00:00,03_vlm_polymer_real_synth,7,7,8.7,12.79,30.49,1501.46,NVIDIA GeForce RTX 4060 Ti,52,69.56,74,3350.6,16380.0,
2026-09-05T04:10:49.222838+00:00,03_vlm_polymer_real_synth,7,7,8.6,12.77,30.49,1501.46,NVIDIA GeForce RTX 4060 Ti,52,68.45,58,3350.6,16380.0,
2026-09-05T04:10:59.285826+00:00,03_vlm_polymer_real_synth,7,7,8.5,12.77,30.49,1501.46,NVIDIA GeForce RTX 4060 Ti,46,69.05,78,3350.6,16380.0,
2026-09-05T04:11:09.356056+00:00,03_vlm_polymer_real_synth,7,7,8.5,12.73,30.49,1501.46,NVIDIA GeForce RTX 4060 Ti,44,67.27,0,3350.6,16380.0,
2026-09-05T04:11:19.421825+00:00,03_vlm_polymer_real_synth,7,7,8.5,12.78,30.49,1501.46,NVIDIA GeForce RTX 4060 Ti,42,66.64,0,3350.6,16380.0,
2026-09-05T04:11:29.478827+00:00,03_vlm_polymer_real_synth,7,7,8.5,12.78,30.49,1501.46,NVIDIA GeForce RTX 4060 Ti,46,68.55,35,3350.6,16380.0,
2026-09-05T04:11:39.542826+00:00,03_vlm_polymer_real_synth,7,7,8.5,12.75,30.49,1501.46,NVIDIA GeForce RTX 4060 Ti,45,69.75,63,3350.6,16380.0,
2026-09-05T04:11:49.607815+00:00,03_vlm_polymer_real_synth,7,7,8.5,12.72,30.49,1501.46,NVIDIA GeForce RTX 4060 Ti,41,71.13,76,3350.6,16380.0,
2026-09-05T04:11:59.670828+00:00,03_vlm_polymer_real_synth,7,7,8.5,12.76,30.49,1501.46,NVIDIA GeForce RTX 4060 Ti,41,66.62,74,3350.6,16380.0,
2026-09-05T04:12:09.733826+00:00,03_vlm_polymer_real_synth,7,7,8.5,12.72,30.49,1501.46,NVIDIA GeForce RTX 4060 Ti,41,67.34,30,3350.6,16380.0,
2026-09-05T04:12:19.804835+00:00,03_vlm_polymer_real_synth,7,7,8.5,12.78,30.49,1501.46,NVIDIA GeForce RTX 4060 Ti,43,66.45,57,3350.6,16380.0,
2026-09-05T04:12:29.867835+00:00,03_vlm_polymer_real_synth,7,7,8.6,12.74,30.49,1501.46,NVIDIA GeForce RTX 4060 Ti,39,67.99,0,3350.6,16380.0,
2026-09-05T04:12:39.933862+00:00,03_vlm_polymer_real_synth,7,7,8.5,12.75,30.49,1501.46,NVIDIA GeForce RTX 4060 Ti,38,67.08,0,3350.6,16380.0,
2026-09-05T04:12:50.004834+00:00,03_vlm_polymer_real_synth,7,7,8.5,12.75,30.49,1501.46,NVIDIA GeForce RTX 4060 Ti,41,68.51,67,3350.6,16380.0,
2026-09-05T04:13:00.069838+00:00,03_vlm_polymer_real_synth,7,7,8.5,12.72,30.49,1501.46,NVIDIA GeForce RTX 4060 Ti,41,66.37,2,3350.6,16380.0,
2026-09-05T04:13:10.134832+00:00,03_vlm_polymer_real_synth,7,7,8.5,12.74,30.49,1501.46,NVIDIA GeForce RTX 4060 Ti,39,71.19,79,3350.6,16380.0,
2026-09-05T04:13:20.198353+00:00,03_vlm_polymer_real_synth,7,7,8.5,12.75,30.49,1501.46,NVIDIA GeForce RTX 4060 Ti,40,67.25,41,3350.6,16380.0,
2026-09-05T04:13:30.262839+00:00,03_vlm_polymer_real_synth,7,7,8.6,12.76,30.49,1501.46,NVIDIA GeForce RTX 4060 Ti,39,66.47,77,3350.6,16380.0,
2026-09-05T04:13:40.326494+00:00,03_vlm_polymer_real_synth,7,7,8.5,12.74,30.49,1501.46,NVIDIA GeForce RTX 4060 Ti,40,66.3,73,3350.6,16380.0,
2026-09-05T04:13:50.390828+00:00,03_vlm_polymer_real_synth,7,7,8.5,12.73,30.49,1501.46,NVIDIA GeForce RTX 4060 Ti,38,66.44,61,3350.6,16380.0,
2026-09-05T04:14:00.460839+00:00,03_vlm_polymer_real_synth,7,7,8.6,12.77,30.49,1501.46,NVIDIA GeForce RTX 4060 Ti,39,68.06,0,3350.6,16380.0,
2026-09-05T04:14:10.526702+00:00,03_vlm_polymer_real_synth,7,7,8.5,12.74,30.49,1501.46,NVIDIA GeForce RTX 4060 Ti,37,69.99,69,3350.6,16380.0,
2026-09-05T04:14:20.589829+00:00,03_vlm_polymer_real_synth,7,7,8.5,12.75,30.49,1501.46,NVIDIA GeForce RTX 4060 Ti,42,70.37,30,3350.6,16380.0,
2026-09-05T04:14:30.654435+00:00,03_vlm_polymer_real_synth,7,7,8.6,12.73,30.49,1501.46,NVIDIA GeForce RTX 4060 Ti,37,65.14,68,3350.6,16380.0,
2026-09-05T04:14:40.718759+00:00,03_vlm_polymer_real_synth,7,7,8.5,12.77,30.49,1501.46,NVIDIA GeForce RTX 4060 Ti,39,67.36,74,3350.6,16380.0,
2026-09-05T04:14:50.761471+00:00,03_vlm_polymer_real_synth,7,7,8.5,12.77,30.49,1501.46,NVIDIA GeForce RTX 4060 Ti,38,66.3,26,3350.6,16380.0,
2026-09-05T04:15:00.806993+00:00,03_vlm_polymer_real_synth,7,7,8.5,12.77,30.49,1501.46,NVIDIA GeForce RTX 4060 Ti,40,66.41,50,3350.6,16380.0,
2026-09-05T04:15:10.869826+00:00,03_vlm_polymer_real_synth,7,7,8.5,12.74,30.49,1501.46,NVIDIA GeForce RTX 4060 Ti,38,66.42,0,3350.6,16380.0,
2026-09-05T04:15:20.934825+00:00,03_vlm_polymer_real_synth,7,7,8.5,12.79,30.49,1501.46,NVIDIA GeForce RTX 4060 Ti,38,66.88,0,3350.6,16380.0,
2026-09-05T04:15:30.998863+00:00,03_vlm_polymer_real_synth,7,7,8.6,12.75,30.49,1501.46,NVIDIA GeForce RTX 4060 Ti,37,66.58,47,3350.6,16380.0,
2026-09-05T04:15:41.049300+00:00,03_vlm_polymer_real_synth,7,7,8.7,12.78,30.49,1501.46,NVIDIA GeForce RTX 4060 Ti,37,67.37,7,3350.6,16380.0,
2026-09-05T04:15:51.109851+00:00,03_vlm_polymer_real_synth,7,7,8.5,12.74,30.49,1501.46,NVIDIA GeForce RTX 4060 Ti,40,68.5,58,3350.6,16380.0,
2026-09-05T04:16:01.175131+00:00,03_vlm_polymer_real_synth,7,7,8.5,12.78,30.49,1501.46,NVIDIA GeForce RTX 4060 Ti,38,66.42,0,3350.6,16380.0,
2026-09-05T04:16:11.222449+00:00,03_vlm_polymer_real_synth,7,7,8.5,12.78,30.49,1501.46,NVIDIA GeForce RTX 4060 Ti,40,67.91,61,3350.6,16380.0,
2026-09-05T04:16:21.292834+00:00,03_vlm_polymer_real_synth,7,7,8.5,12.86,30.49,1501.46,NVIDIA GeForce RTX 4060 Ti,40,62.21,9,3350.6,16380.0,
2026-09-05T04:16:31.357848+00:00,03_vlm_polymer_real_synth,7,7,8.6,12.82,30.49,1501.46,NVIDIA GeForce RTX 4060 Ti,38,60.76,24,3350.6,16380.0,
2026-09-05T04:16:41.420839+00:00,03_vlm_polymer_real_synth,7,7,8.5,12.82,30.49,1501.46,NVIDIA GeForce RTX 4060 Ti,39,58.16,12,3350.6,16380.0,
2026-09-05T04:16:51.483827+00:00,03_vlm_polymer_real_synth,7,7,8.5,12.84,30.49,1501.46,NVIDIA GeForce RTX 4060 Ti,38,62.58,43,3350.6,16380.0,
2026-09-05T04:17:01.546829+00:00,03_vlm_polymer_real_synth,7,7,8.1,12.83,30.49,1501.44,NVIDIA GeForce RTX 4060 Ti,37,66.77,52,3350.6,16380.0,
2026-09-05T04:17:11.570413+00:00,03_vlm_polymer_real_synth,7,7,8.5,12.78,30.49,1501.44,NVIDIA GeForce RTX 4060 Ti,39,66.18,46,3350.6,16380.0,
2026-09-05T04:17:21.630314+00:00,03_vlm_polymer_real_synth,7,7,8.5,12.78,30.49,1501.44,NVIDIA GeForce RTX 4060 Ti,36,66.26,81,3350.6,16380.0,
2026-09-05T04:17:31.681761+00:00,03_vlm_polymer_real_synth,7,7,8.6,12.81,30.49,1501.44,NVIDIA GeForce RTX 4060 Ti,39,66.47,65,3350.6,16380.0,
2026-09-05T04:17:41.731826+00:00,03_vlm_polymer_real_synth,7,7,8.5,12.82,30.49,1501.44,NVIDIA GeForce RTX 4060 Ti,37,68.33,55,3350.6,16380.0,
2026-09-05T04:17:51.796841+00:00,03_vlm_polymer_real_synth,7,7,8.5,12.8,30.49,1501.44,NVIDIA GeForce RTX 4060 Ti,39,68.33,26,3350.6,16380.0,
2026-09-05T04:18:01.859830+00:00,03_vlm_polymer_real_synth,7,7,8.5,12.82,30.49,1501.44,NVIDIA GeForce RTX 4060 Ti,39,67.14,7,3350.6,16380.0,
2026-09-05T04:18:11.904937+00:00,03_vlm_polymer_real_synth,7,7,8.5,12.79,30.49,1501.44,NVIDIA GeForce RTX 4060 Ti,39,70.03,55,3350.6,16380.0,
2026-09-05T04:18:21.967826+00:00,03_vlm_polymer_real_synth,7,7,8.5,12.81,30.49,1501.44,NVIDIA GeForce RTX 4060 Ti,37,69.75,35,3350.6,16380.0,
2026-09-05T04:18:32.031826+00:00,03_vlm_polymer_real_synth,7,7,8.9,12.82,30.49,1501.44,NVIDIA GeForce RTX 4060 Ti,41,68.39,55,3350.6,16380.0,
2026-09-05T04:18:42.099819+00:00,03_vlm_polymer_real_synth,7,7,8.5,12.82,30.49,1501.44,NVIDIA GeForce RTX 4060 Ti,41,68.71,64,3350.6,16380.0,
2026-09-05T04:18:52.162823+00:00,03_vlm_polymer_real_synth,7,7,8.5,12.81,30.49,1501.44,NVIDIA GeForce RTX 4060 Ti,39,67.96,40,3350.6,16380.0,
2026-09-05T04:19:02.226842+00:00,03_vlm_polymer_real_synth,7,7,8.5,12.83,30.49,1501.44,NVIDIA GeForce RTX 4060 Ti,39,66.43,69,3350.6,16380.0,
2026-09-05T04:19:12.289833+00:00,03_vlm_polymer_real_synth,7,7,8.5,12.85,30.49,1501.44,NVIDIA GeForce RTX 4060 Ti,41,66.3,62,3350.6,16380.0,
2026-09-05T04:19:22.352830+00:00,03_vlm_polymer_real_synth,7,7,8.5,12.86,30.49,1501.44,NVIDIA GeForce RTX 4060 Ti,36,67.75,79,3350.6,16380.0,
2026-09-05T04:19:32.416835+00:00,03_vlm_polymer_real_synth,7,7,8.5,12.79,30.49,1501.44,NVIDIA GeForce RTX 4060 Ti,41,66.37,41,3350.6,16380.0,
2026-09-05T04:19:42.443219+00:00,03_vlm_polymer_real_synth,7,7,8.6,12.81,30.49,1501.44,NVIDIA GeForce RTX 4060 Ti,37,67.43,68,3350.6,16380.0,
2026-09-05T04:19:52.507827+00:00,03_vlm_polymer_real_synth,7,7,8.5,12.84,30.49,1501.44,NVIDIA GeForce RTX 4060 Ti,37,69.17,64,3350.6,16380.0,
2026-09-05T04:20:02.579339+00:00,03_vlm_polymer_real_synth,7,7,8.5,12.78,30.49,1501.44,NVIDIA GeForce RTX 4060 Ti,39,67.74,31,3350.6,16380.0,
2026-09-05T04:20:12.643832+00:00,03_vlm_polymer_real_synth,7,7,8.5,12.83,30.49,1501.44,NVIDIA GeForce RTX 4060 Ti,37,66.23,67,3350.6,16380.0,
2026-09-05T04:20:22.711838+00:00,03_vlm_polymer_real_synth,7,7,8.5,12.82,30.49,1501.44,NVIDIA GeForce RTX 4060 Ti,40,66.1,45,3350.6,16380.0,
2026-09-05T04:20:32.774827+00:00,03_vlm_polymer_real_synth,7,7,8.5,12.79,30.49,1501.44,NVIDIA GeForce RTX 4060 Ti,37,69.92,75,3350.6,16380.0,
2026-09-05T04:20:42.843840+00:00,03_vlm_polymer_real_synth,7,7,8.7,12.85,30.49,1501.44,NVIDIA GeForce RTX 4060 Ti,41,66.0,44,3350.6,16380.0,
2026-09-05T04:20:52.906853+00:00,03_vlm_polymer_real_synth,7,7,8.5,12.81,30.49,1501.44,NVIDIA GeForce RTX 4060 Ti,39,66.25,64,3350.6,16380.0,
2026-09-05T04:21:02.969842+00:00,03_vlm_polymer_real_synth,7,7,8.5,12.85,30.49,1501.44,NVIDIA GeForce RTX 4060 Ti,39,65.82,57,3350.6,16380.0,
2026-09-05T04:21:13.032828+00:00,03_vlm_polymer_real_synth,7,7,8.5,12.84,30.49,1501.44,NVIDIA GeForce RTX 4060 Ti,40,68.25,57,3350.6,16380.0,
2026-09-05T04:21:23.097868+00:00,03_vlm_polymer_real_synth,7,7,8.5,12.85,30.49,1501.44,NVIDIA GeForce RTX 4060 Ti,38,66.28,0,3350.6,16380.0,
2026-09-05T04:21:33.160823+00:00,03_vlm_polymer_real_synth,7,7,8.5,12.85,30.49,1501.44,NVIDIA GeForce RTX 4060 Ti,38,66.48,78,3350.6,16380.0,
2026-09-05T04:21:43.223837+00:00,03_vlm_polymer_real_synth,7,7,8.5,12.88,30.49,1501.44,NVIDIA GeForce RTX 4060 Ti,37,66.24,34,3350.6,16380.0,
2026-09-05T04:21:53.286840+00:00,03_vlm_polymer_real_synth,7,7,8.6,12.85,30.49,1501.44,NVIDIA GeForce RTX 4060 Ti,37,66.18,26,3350.6,16380.0,
2026-09-05T04:22:03.350827+00:00,03_vlm_polymer_real_synth,7,7,8.5,12.87,30.49,1501.44,NVIDIA GeForce RTX 4060 Ti,40,65.67,0,3350.6,16380.0,
2026-09-05T04:22:13.382197+00:00,03_vlm_polymer_real_synth,7,7,8.5,12.83,30.49,1501.44,NVIDIA GeForce RTX 4060 Ti,38,65.97,36,3350.6,16380.0,
2026-09-05T04:22:23.429782+00:00,03_vlm_polymer_real_synth,7,7,8.5,12.89,30.49,1501.44,NVIDIA GeForce RTX 4060 Ti,41,66.57,0,3350.6,16380.0,
2026-09-05T04:22:33.492832+00:00,03_vlm_polymer_real_synth,7,7,14.1,12.93,30.49,1501.44,NVIDIA GeForce RTX 4060 Ti,39,69.95,78,3350.6,16380.0,
2026-09-05T04:22:43.555990+00:00,03_vlm_polymer_real_synth,7,7,14.7,12.98,30.49,1501.44,NVIDIA GeForce RTX 4060 Ti,41,67.09,8,3350.6,16380.0,
2026-09-05T04:22:53.620877+00:00,03_vlm_polymer_real_synth,7,7,12.6,12.95,30.49,1501.44,NVIDIA GeForce RTX 4060 Ti,38,66.4,73,3350.6,16380.0,
2026-09-05T04:23:03.659777+00:00,03_vlm_polymer_real_synth,7,7,8.5,12.93,30.49,1501.44,NVIDIA GeForce RTX 4060 Ti,40,69.96,63,3350.6,16380.0,
2026-09-05T04:23:13.724820+00:00,03_vlm_polymer_real_synth,7,7,8.5,12.98,30.49,1501.44,NVIDIA GeForce RTX 4060 Ti,39,67.01,1,3350.6,16380.0,
2026-09-05T04:23:23.771369+00:00,03_vlm_polymer_real_synth,7,7,8.5,12.92,30.49,1501.44,NVIDIA GeForce RTX 4060 Ti,39,67.72,17,3350.6,16380.0,
2026-09-05T04:23:33.834820+00:00,03_vlm_polymer_real_synth,7,7,8.5,12.88,30.49,1501.44,NVIDIA GeForce RTX 4060 Ti,40,67.68,51,3350.6,16380.0,
2026-09-05T04:23:43.897827+00:00,03_vlm_polymer_real_synth,7,7,8.5,12.93,30.49,1501.44,NVIDIA GeForce RTX 4060 Ti,36,67.57,0,3350.6,16380.0,
2026-09-05T04:23:53.966839+00:00,03_vlm_polymer_real_synth,7,7,8.5,12.91,30.49,1501.44,NVIDIA GeForce RTX 4060 Ti,39,66.54,54,3350.6,16380.0,
2026-09-05T04:24:04.029827+00:00,03_vlm_polymer_real_synth,7,7,8.5,12.9,30.49,1501.44,NVIDIA GeForce RTX 4060 Ti,41,70.6,56,3350.6,16380.0,
2026-09-05T04:24:14.098838+00:00,03_vlm_polymer_real_synth,7,7,8.5,12.91,30.49,1501.44,NVIDIA GeForce RTX 4060 Ti,39,65.58,78,3350.6,16380.0,
2026-09-05T04:24:24.162820+00:00,03_vlm_polymer_real_synth,7,7,8.5,12.92,30.49,1501.44,NVIDIA GeForce RTX 4060 Ti,39,67.28,75,3350.6,16380.0,
2026-09-05T04:24:34.232827+00:00,03_vlm_polymer_real_synth,7,7,8.5,12.88,30.49,1501.44,NVIDIA GeForce RTX 4060 Ti,38,66.87,54,3350.6,16380.0,
2026-09-05T04:24:44.263421+00:00,03_vlm_polymer_real_synth,7,7,8.5,12.88,30.49,1501.44,NVIDIA GeForce RTX 4060 Ti,37,68.53,31,3350.6,16380.0,
2026-09-05T04:24:54.318163+00:00,03_vlm_polymer_real_synth,7,7,8.5,12.91,30.49,1501.44,NVIDIA GeForce RTX 4060 Ti,39,66.38,69,3350.6,16380.0,
2026-09-05T04:25:04.382214+00:00,03_vlm_polymer_real_synth,7,7,8.5,12.92,30.49,1501.44,NVIDIA GeForce RTX 4060 Ti,40,69.4,54,3350.6,16380.0,
2026-09-05T04:25:14.445847+00:00,03_vlm_polymer_real_synth,7,7,8.5,12.91,30.49,1501.44,NVIDIA GeForce RTX 4060 Ti,41,66.34,12,3350.6,16380.0,
2026-09-05T04:25:24.509828+00:00,03_vlm_polymer_real_synth,7,7,8.5,12.92,30.49,1501.44,NVIDIA GeForce RTX 4060 Ti,39,68.59,21,3350.6,16380.0,
2026-09-05T04:25:34.574822+00:00,03_vlm_polymer_real_synth,7,7,8.5,12.9,30.49,1501.44,NVIDIA GeForce RTX 4060 Ti,37,66.8,50,3350.6,16380.0,
2026-09-05T04:25:44.638285+00:00,03_vlm_polymer_real_synth,7,7,8.7,12.94,30.49,1501.44,NVIDIA GeForce RTX 4060 Ti,39,66.28,70,3350.6,16380.0,
2026-09-05T04:25:54.701836+00:00,03_vlm_polymer_real_synth,7,7,8.5,12.91,30.49,1501.44,NVIDIA GeForce RTX 4060 Ti,39,69.81,0,3350.6,16380.0,
2026-09-05T04:26:04.765417+00:00,03_vlm_polymer_real_synth,7,7,8.5,12.91,30.49,1501.44,NVIDIA GeForce RTX 4060 Ti,39,65.4,0,3350.6,16380.0,
2026-09-05T04:26:14.834821+00:00,03_vlm_polymer_real_synth,7,7,8.5,12.9,30.49,1501.44,NVIDIA GeForce RTX 4060 Ti,40,70.56,79,3350.6,16380.0,
2026-09-05T04:26:24.897825+00:00,03_vlm_polymer_real_synth,7,7,8.5,12.89,30.49,1501.44,NVIDIA GeForce RTX 4060 Ti,38,66.34,77,3350.6,16380.0,
2026-09-05T04:26:34.960854+00:00,03_vlm_polymer_real_synth,7,7,8.5,12.91,30.49,1501.44,NVIDIA GeForce RTX 4060 Ti,41,66.29,63,3350.6,16380.0,
2026-09-05T04:26:45.023839+00:00,03_vlm_polymer_real_synth,7,7,8.5,12.94,30.49,1501.44,NVIDIA GeForce RTX 4060 Ti,37,67.3,70,3350.6,16380.0,
2026-09-05T04:26:55.092853+00:00,03_vlm_polymer_real_synth,7,7,8.5,12.94,30.49,1501.44,NVIDIA GeForce RTX 4060 Ti,36,66.32,0,3350.6,16380.0,
2026-09-05T04:27:05.155837+00:00,03_vlm_polymer_real_synth,7,7,8.6,12.92,30.49,1501.44,NVIDIA GeForce RTX 4060 Ti,39,66.29,13,3350.6,16380.0,
2026-09-05T04:27:15.221821+00:00,03_vlm_polymer_real_synth,7,7,8.5,12.92,30.49,1501.44,NVIDIA GeForce RTX 4060 Ti,39,68.52,45,3350.6,16380.0,
2026-09-05T04:27:25.291861+00:00,03_vlm_polymer_real_synth,7,7,8.5,12.95,30.49,1501.44,NVIDIA GeForce RTX 4060 Ti,37,68.44,34,3350.6,16380.0,
2026-09-05T04:27:35.318442+00:00,03_vlm_polymer_real_synth,7,7,8.5,12.92,30.49,1501.44,NVIDIA GeForce RTX 4060 Ti,39,66.48,41,3350.6,16380.0,
2026-09-05T04:27:45.381829+00:00,03_vlm_polymer_real_synth,7,7,8.5,12.91,30.49,1501.44,NVIDIA GeForce RTX 4060 Ti,39,66.23,64,3350.6,16380.0,
2026-09-05T04:27:55.445843+00:00,03_vlm_polymer_real_synth,7,7,8.6,12.93,30.49,1501.44,NVIDIA GeForce RTX 4060 Ti,41,66.19,23,3350.6,16380.0,
2026-09-05T04:28:05.509427+00:00,03_vlm_polymer_real_synth,7,7,8.5,12.91,30.49,1501.44,NVIDIA GeForce RTX 4060 Ti,36,66.7,80,3350.6,16380.0,
2026-09-05T04:28:15.572964+00:00,03_vlm_polymer_real_synth,7,7,8.5,12.92,30.49,1501.44,NVIDIA GeForce RTX 4060 Ti,38,70.99,30,3350.6,16380.0,
2026-09-05T04:28:25.624918+00:00,03_vlm_polymer_real_synth,7,7,8.5,12.88,30.49,1501.44,NVIDIA GeForce RTX 4060 Ti,40,66.33,0,3350.6,16380.0,
2026-09-05T04:28:35.677382+00:00,03_vlm_polymer_real_synth,7,7,8.5,12.92,30.49,1501.44,NVIDIA GeForce RTX 4060 Ti,39,68.53,0,3350.6,16380.0,
2026-09-05T04:28:45.744818+00:00,03_vlm_polymer_real_synth,7,7,8.5,12.88,30.49,1501.44,NVIDIA GeForce RTX 4060 Ti,38,60.08,45,3350.6,16380.0,
2026-09-05T04:28:55.807843+00:00,03_vlm_polymer_real_synth,7,7,8.6,12.86,30.49,1501.44,NVIDIA GeForce RTX 4060 Ti,36,59.64,12,3350.6,16380.0,
2026-09-05T04:29:05.870890+00:00,03_vlm_polymer_real_synth,7,7,8.5,12.89,30.49,1501.44,NVIDIA GeForce RTX 4060 Ti,38,59.69,50,3350.6,16380.0,
2026-09-05T04:29:15.915731+00:00,03_vlm_polymer_real_synth,7,7,8.4,12.89,30.49,1501.44,NVIDIA GeForce RTX 4060 Ti,35,56.72,0,3350.6,16380.0,
2026-09-05T04:29:25.978904+00:00,03_vlm_polymer_real_synth,7,7,8.3,12.88,30.49,1501.44,NVIDIA GeForce RTX 4060 Ti,37,69.54,0,3350.6,16380.0,
2026-09-05T04:29:36.002896+00:00,03_vlm_polymer_real_synth,7,7,8.5,12.89,30.49,1501.44,NVIDIA GeForce RTX 4060 Ti,39,70.65,55,3350.6,16380.0,
2026-09-05T04:29:46.064552+00:00,03_vlm_polymer_real_synth,7,7,8.5,12.9,30.49,1501.44,NVIDIA GeForce RTX 4060 Ti,39,67.08,74,3350.6,16380.0,
2026-09-05T04:29:56.128823+00:00,03_vlm_polymer_real_synth,7,7,8.6,12.91,30.49,1501.44,NVIDIA GeForce RTX 4060 Ti,38,70.4,0,3350.6,16380.0,
2026-09-05T04:30:06.191834+00:00,03_vlm_polymer_real_synth,7,7,8.5,12.91,30.49,1501.44,NVIDIA GeForce RTX 4060 Ti,41,70.11,42,3350.6,16380.0,
2026-09-05T04:30:16.255830+00:00,03_vlm_polymer_real_synth,7,7,8.5,12.91,30.49,1501.44,NVIDIA GeForce RTX 4060 Ti,39,70.58,53,3350.6,16380.0,
2026-09-05T04:30:26.276980+00:00,03_vlm_polymer_real_synth,7,7,8.5,12.92,30.49,1501.44,NVIDIA GeForce RTX 4060 Ti,40,68.13,51,3350.6,16380.0,
2026-09-05T04:30:36.340818+00:00,03_vlm_polymer_real_synth,7,7,8.5,12.9,30.49,1501.44,NVIDIA GeForce RTX 4060 Ti,37,70.82,39,3350.6,16380.0,
2026-09-05T04:30:46.411836+00:00,03_vlm_polymer_real_synth,7,7,8.7,12.92,30.49,1501.44,NVIDIA GeForce RTX 4060 Ti,37,66.25,49,3350.6,16380.0,
2026-09-05T04:30:56.474823+00:00,03_vlm_polymer_real_synth,7,7,8.5,12.92,30.49,1501.44,NVIDIA GeForce RTX 4060 Ti,36,68.97,54,3350.6,16380.0,
2026-09-05T04:31:06.544818+00:00,03_vlm_polymer_real_synth,7,7,8.5,12.92,30.49,1501.44,NVIDIA GeForce RTX 4060 Ti,37,68.72,63,3350.6,16380.0,
2026-09-05T04:31:16.610827+00:00,03_vlm_polymer_real_synth,7,7,8.5,12.94,30.49,1501.44,NVIDIA GeForce RTX 4060 Ti,41,67.68,10,3350.6,16380.0,
2026-09-05T04:31:26.680008+00:00,03_vlm_polymer_real_synth,7,7,8.5,12.94,30.49,1501.44,NVIDIA GeForce RTX 4060 Ti,41,69.14,20,3350.6,16380.0,
2026-09-05T04:31:36.743835+00:00,03_vlm_polymer_real_synth,7,7,8.8,12.93,30.49,1501.44,NVIDIA GeForce RTX 4060 Ti,36,68.34,74,3350.6,16380.0,
2026-09-05T04:31:46.808835+00:00,03_vlm_polymer_real_synth,7,7,8.5,12.93,30.49,1501.44,NVIDIA GeForce RTX 4060 Ti,39,68.15,23,3350.6,16380.0,
2026-09-05T04:31:56.871832+00:00,03_vlm_polymer_real_synth,7,7,8.5,12.94,30.49,1501.44,NVIDIA GeForce RTX 4060 Ti,37,68.05,39,3350.6,16380.0,
2026-09-05T04:32:06.938826+00:00,03_vlm_polymer_real_synth,7,7,8.5,12.91,30.49,1501.44,NVIDIA GeForce RTX 4060 Ti,39,67.5,33,3350.6,16380.0,
2026-09-05T04:32:17.001959+00:00,03_vlm_polymer_real_synth,7,7,8.5,12.92,30.49,1501.44,NVIDIA GeForce RTX 4060 Ti,39,67.19,12,3350.6,16380.0,
2026-09-05T04:32:27.064834+00:00,03_vlm_polymer_real_synth,7,7,8.5,12.92,30.49,1501.44,NVIDIA GeForce RTX 4060 Ti,41,68.71,50,3350.6,16380.0,
2026-09-05T04:32:37.128842+00:00,03_vlm_polymer_real_synth,7,7,8.5,12.89,30.49,1501.44,NVIDIA GeForce RTX 4060 Ti,37,67.87,1,3350.6,16380.0,
2026-09-05T04:32:47.155356+00:00,03_vlm_polymer_real_synth,7,7,8.5,12.91,30.49,1501.44,NVIDIA GeForce RTX 4060 Ti,41,70.52,60,3350.6,16380.0,
2026-09-05T04:32:57.218830+00:00,03_vlm_polymer_real_synth,7,7,8.5,12.91,30.49,1501.44,NVIDIA GeForce RTX 4060 Ti,39,71.46,34,3350.6,16380.0,
2026-09-05T04:33:07.281831+00:00,03_vlm_polymer_real_synth,7,7,8.5,12.92,30.49,1501.44,NVIDIA GeForce RTX 4060 Ti,37,67.99,1,3350.6,16380.0,
2026-09-05T04:33:17.348826+00:00,03_vlm_polymer_real_synth,7,7,8.6,12.96,30.49,1501.44,NVIDIA GeForce RTX 4060 Ti,38,68.28,0,3351.9,16380.0,
2026-09-05T04:33:27.417831+00:00,03_vlm_polymer_real_synth,7,7,8.5,12.48,30.49,1501.44,NVIDIA GeForce RTX 4060 Ti,41,66.53,62,3351.9,16380.0,
2026-09-05T04:33:37.480837+00:00,03_vlm_polymer_real_synth,7,7,8.5,12.57,30.49,1501.44,NVIDIA GeForce RTX 4060 Ti,38,69.65,57,3351.9,16380.0,
2026-09-05T04:33:47.545871+00:00,03_vlm_polymer_real_synth,7,7,8.5,12.58,30.49,1501.44,NVIDIA GeForce RTX 4060 Ti,39,68.41,24,3351.9,16380.0,
2026-09-05T04:33:57.609839+00:00,03_vlm_polymer_real_synth,7,7,8.5,12.63,30.49,1501.44,NVIDIA GeForce RTX 4060 Ti,39,69.51,38,3351.9,16380.0,
2026-09-05T04:34:07.678841+00:00,03_vlm_polymer_real_synth,7,7,8.5,12.65,30.49,1501.44,NVIDIA GeForce RTX 4060 Ti,41,71.39,42,3351.9,16380.0,
2026-09-05T04:34:17.742026+00:00,03_vlm_polymer_real_synth,7,7,8.5,12.65,30.49,1501.44,NVIDIA GeForce RTX 4060 Ti,41,66.1,52,3351.9,16380.0,
2026-09-05T04:34:27.797808+00:00,03_vlm_polymer_real_synth,7,7,8.5,12.69,30.49,1501.44,NVIDIA GeForce RTX 4060 Ti,37,68.74,59,3351.9,16380.0,
2026-09-05T04:34:37.861826+00:00,03_vlm_polymer_real_synth,7,7,8.5,12.7,30.49,1501.44,NVIDIA GeForce RTX 4060 Ti,39,70.83,51,3351.9,16380.0,
2026-09-05T04:34:47.931844+00:00,03_vlm_polymer_real_synth,7,7,8.5,12.69,30.49,1501.44,NVIDIA GeForce RTX 4060 Ti,37,66.38,35,3351.9,16380.0,
2026-09-05T04:34:58.000837+00:00,03_vlm_polymer_real_synth,7,7,8.5,12.7,30.49,1501.44,NVIDIA GeForce RTX 4060 Ti,39,69.46,55,3351.9,16380.0,
2026-09-05T04:35:08.063834+00:00,03_vlm_polymer_real_synth,7,7,8.5,12.74,30.49,1501.44,NVIDIA GeForce RTX 4060 Ti,37,69.6,45,3351.9,16380.0,
2026-09-05T04:35:18.132840+00:00,03_vlm_polymer_real_synth,7,7,8.5,12.74,30.49,1501.44,NVIDIA GeForce RTX 4060 Ti,39,66.31,31,3351.9,16380.0,
2026-09-05T04:35:28.198830+00:00,03_vlm_polymer_real_synth,7,7,8.5,12.7,30.49,1501.44,NVIDIA GeForce RTX 4060 Ti,39,68.62,62,3351.9,16380.0,
2026-09-05T04:35:38.267828+00:00,03_vlm_polymer_real_synth,7,7,8.6,12.77,30.49,1501.44,NVIDIA GeForce RTX 4060 Ti,37,66.11,30,3351.9,16380.0,
2026-09-05T04:35:48.333840+00:00,03_vlm_polymer_real_synth,7,7,8.5,12.8,30.49,1501.44,NVIDIA GeForce RTX 4060 Ti,40,66.18,56,3351.9,16380.0,
2026-09-05T04:35:58.396836+00:00,03_vlm_polymer_real_synth,7,7,8.5,12.76,30.49,1501.44,NVIDIA GeForce RTX 4060 Ti,38,66.15,37,3351.9,16380.0,
2026-09-05T04:36:08.460491+00:00,03_vlm_polymer_real_synth,7,7,8.6,12.77,30.49,1501.44,NVIDIA GeForce RTX 4060 Ti,37,68.13,51,3351.9,16380.0,
2026-09-05T04:36:18.497246+00:00,03_vlm_polymer_real_synth,7,7,8.5,12.8,30.49,1501.44,NVIDIA GeForce RTX 4060 Ti,38,68.32,79,3351.9,16380.0,
2026-09-05T04:36:28.568864+00:00,03_vlm_polymer_real_synth,7,7,8.5,12.77,30.49,1501.44,NVIDIA GeForce RTX 4060 Ti,39,68.64,76,3351.9,16380.0,
2026-09-05T04:36:38.631832+00:00,03_vlm_polymer_real_synth,7,7,8.5,12.75,30.49,1501.44,NVIDIA GeForce RTX 4060 Ti,37,66.22,54,3351.9,16380.0,
2026-09-05T04:36:48.694825+00:00,03_vlm_polymer_real_synth,7,7,8.5,12.76,30.49,1501.44,NVIDIA GeForce RTX 4060 Ti,39,68.32,33,3351.9,16380.0,
2026-09-05T04:36:58.763835+00:00,03_vlm_polymer_real_synth,7,7,8.5,12.74,30.49,1501.44,NVIDIA GeForce RTX 4060 Ti,38,67.05,28,3351.9,16380.0,
2026-09-05T04:37:08.828844+00:00,03_vlm_polymer_real_synth,7,7,8.5,12.78,30.49,1501.44,NVIDIA GeForce RTX 4060 Ti,39,69.32,39,3351.9,16380.0,
2026-09-05T04:37:18.891842+00:00,03_vlm_polymer_real_synth,7,7,8.5,12.79,30.49,1501.44,NVIDIA GeForce RTX 4060 Ti,38,66.51,72,3351.9,16380.0,
2026-09-05T04:37:28.954822+00:00,03_vlm_polymer_real_synth,7,7,8.5,12.76,30.49,1501.44,NVIDIA GeForce RTX 4060 Ti,39,67.19,12,3351.9,16380.0,
2026-09-05T04:37:39.018841+00:00,03_vlm_polymer_real_synth,7,7,8.5,12.77,30.49,1501.44,NVIDIA GeForce RTX 4060 Ti,39,66.42,56,3351.9,16380.0,
2026-09-05T04:37:49.086825+00:00,03_vlm_polymer_real_synth,7,7,8.5,12.75,30.49,1501.44,NVIDIA GeForce RTX 4060 Ti,37,69.77,0,3351.9,16380.0,
2026-09-05T04:37:59.151832+00:00,03_vlm_polymer_real_synth,7,7,8.5,12.79,30.49,1501.44,NVIDIA GeForce RTX 4060 Ti,39,66.5,58,3351.9,16380.0,
2026-09-05T04:38:09.216825+00:00,03_vlm_polymer_real_synth,7,7,8.5,12.76,30.49,1501.44,NVIDIA GeForce RTX 4060 Ti,39,68.37,79,3351.9,16380.0,
2026-09-05T04:38:19.280824+00:00,03_vlm_polymer_real_synth,7,7,8.5,12.78,30.49,1501.44,NVIDIA GeForce RTX 4060 Ti,38,69.95,0,3351.9,16380.0,
2026-09-05T04:38:29.345962+00:00,03_vlm_polymer_real_synth,7,7,8.5,12.8,30.49,1501.44,NVIDIA GeForce RTX 4060 Ti,39,69.44,50,3351.9,16380.0,
2026-09-05T04:38:39.389049+00:00,03_vlm_polymer_real_synth,7,7,8.5,12.75,30.49,1501.44,NVIDIA GeForce RTX 4060 Ti,39,70.96,18,3351.9,16380.0,
2026-09-05T04:38:49.451828+00:00,03_vlm_polymer_real_synth,7,7,8.5,12.79,30.49,1501.44,NVIDIA GeForce RTX 4060 Ti,39,66.49,29,3351.9,16380.0,
2026-09-05T04:38:59.514835+00:00,03_vlm_polymer_real_synth,7,7,8.5,12.77,30.49,1501.44,NVIDIA GeForce RTX 4060 Ti,37,70.63,66,3351.9,16380.0,
2026-09-05T04:39:09.577827+00:00,03_vlm_polymer_real_synth,7,7,8.6,12.79,30.49,1501.44,NVIDIA GeForce RTX 4060 Ti,39,70.75,40,3351.9,16380.0,
2026-09-05T04:39:19.648831+00:00,03_vlm_polymer_real_synth,7,7,8.5,12.79,30.49,1501.44,NVIDIA GeForce RTX 4060 Ti,39,70.03,20,3351.9,16380.0,
2026-09-05T04:39:29.713836+00:00,03_vlm_polymer_real_synth,7,7,8.5,12.83,30.49,1501.44,NVIDIA GeForce RTX 4060 Ti,37,68.27,60,3351.9,16380.0,
2026-09-05T04:39:39.776848+00:00,03_vlm_polymer_real_synth,7,7,8.5,12.85,30.49,1501.44,NVIDIA GeForce RTX 4060 Ti,38,66.45,38,3351.9,16380.0,
2026-09-05T04:39:49.840825+00:00,03_vlm_polymer_real_synth,7,7,8.5,12.79,30.49,1501.44,NVIDIA GeForce RTX 4060 Ti,39,70.17,70,3351.9,16380.0,
2026-09-05T04:39:59.863296+00:00,03_vlm_polymer_real_synth,7,7,8.5,12.82,30.49,1501.44,NVIDIA GeForce RTX 4060 Ti,41,66.33,0,3351.9,16380.0,
2026-09-05T04:40:09.927150+00:00,03_vlm_polymer_real_synth,7,7,8.6,12.8,30.49,1501.44,NVIDIA GeForce RTX 4060 Ti,40,68.27,57,3351.9,16380.0,
2026-09-05T04:40:19.964287+00:00,03_vlm_polymer_real_synth,7,7,8.5,12.81,30.49,1501.44,NVIDIA GeForce RTX 4060 Ti,37,68.31,1,3351.9,16380.0,
2026-09-05T04:40:29.989224+00:00,03_vlm_polymer_real_synth,7,7,8.5,12.82,30.49,1501.44,NVIDIA GeForce RTX 4060 Ti,40,71.47,67,3351.9,16380.0,
2026-09-05T04:40:40.052839+00:00,03_vlm_polymer_real_synth,7,7,8.6,12.81,30.49,1501.44,NVIDIA GeForce RTX 4060 Ti,38,61.61,24,3351.9,16380.0,
2026-09-05T04:40:50.117279+00:00,03_vlm_polymer_real_synth,7,7,8.6,12.81,30.49,1501.44,NVIDIA GeForce RTX 4060 Ti,37,62.5,38,3351.9,16380.0,
2026-09-05T04:41:00.181829+00:00,03_vlm_polymer_real_synth,7,7,8.6,12.84,30.49,1501.44,NVIDIA GeForce RTX 4060 Ti,37,62.67,43,3351.9,16380.0,
2026-09-05T04:41:10.247834+00:00,03_vlm_polymer_real_synth,7,7,8.3,12.86,30.49,1501.44,NVIDIA GeForce RTX 4060 Ti,36,66.15,42,3351.9,16380.0,
2026-09-05T04:41:20.292661+00:00,03_vlm_polymer_real_synth,7,7,8.5,12.83,30.49,1501.44,NVIDIA GeForce RTX 4060 Ti,38,68.44,55,3351.9,16380.0,
2026-09-05T04:41:30.359841+00:00,03_vlm_polymer_real_synth,7,7,8.5,12.81,30.49,1501.44,NVIDIA GeForce RTX 4060 Ti,40,66.27,50,3351.9,16380.0,
2026-09-05T04:41:40.422831+00:00,03_vlm_polymer_real_synth,7,7,8.5,12.81,30.49,1501.44,NVIDIA GeForce RTX 4060 Ti,40,69.74,66,3351.9,16380.0,
2026-09-05T04:41:50.486833+00:00,03_vlm_polymer_real_synth,7,7,8.5,12.78,30.49,1501.44,NVIDIA GeForce RTX 4060 Ti,40,68.82,8,3351.9,16380.0,
2026-09-05T04:42:00.531939+00:00,03_vlm_polymer_real_synth,7,7,8.5,12.82,30.49,1501.44,NVIDIA GeForce RTX 4060 Ti,40,66.25,0,3350.6,16380.0,
2026-09-05T04:42:10.596829+00:00,03_vlm_polymer_real_synth,7,7,8.6,12.83,30.49,1501.44,NVIDIA GeForce RTX 4060 Ti,37,69.32,37,3350.6,16380.0,
2026-09-05T04:42:20.664366+00:00,03_vlm_polymer_real_synth,7,7,8.5,12.79,30.49,1501.44,NVIDIA GeForce RTX 4060 Ti,39,66.58,59,3350.6,16380.0,
2026-09-05T04:42:30.728828+00:00,03_vlm_polymer_real_synth,7,7,8.6,12.8,30.49,1501.44,NVIDIA GeForce RTX 4060 Ti,37,68.49,79,3350.6,16380.0,
2026-09-05T04:42:40.792837+00:00,03_vlm_polymer_real_synth,7,7,8.5,12.82,30.49,1501.44,NVIDIA GeForce RTX 4060 Ti,39,70.33,0,3350.6,16380.0,
2026-09-05T04:42:50.855819+00:00,03_vlm_polymer_real_synth,7,7,8.5,12.82,30.49,1501.44,NVIDIA GeForce RTX 4060 Ti,39,69.64,2,3350.6,16380.0,
2026-09-05T04:43:00.920832+00:00,03_vlm_polymer_real_synth,7,7,8.5,12.83,30.49,1501.44,NVIDIA GeForce RTX 4060 Ti,40,72.3,76,3350.6,16380.0,
2026-09-05T04:43:10.967377+00:00,03_vlm_polymer_real_synth,7,7,8.5,12.81,30.49,1501.44,NVIDIA GeForce RTX 4060 Ti,37,68.04,13,3350.6,16380.0,
2026-09-05T04:43:21.031815+00:00,03_vlm_polymer_real_synth,7,7,8.5,12.79,30.49,1501.44,NVIDIA GeForce RTX 4060 Ti,37,70.25,31,3350.6,16380.0,
2026-09-05T04:43:31.094829+00:00,03_vlm_polymer_real_synth,7,7,8.5,12.84,30.49,1501.44,NVIDIA GeForce RTX 4060 Ti,39,68.92,60,3350.6,16380.0,
2026-09-05T04:43:41.158874+00:00,03_vlm_polymer_real_synth,7,7,8.5,12.8,30.49,1501.44,NVIDIA GeForce RTX 4060 Ti,41,70.39,61,3350.6,16380.0,
2026-09-05T04:43:51.223943+00:00,03_vlm_polymer_real_synth,7,7,8.5,12.49,30.49,1501.44,NVIDIA GeForce RTX 4060 Ti,39,67.86,78,3350.6,16380.0,
2026-09-05T04:44:01.286834+00:00,03_vlm_polymer_real_synth,7,7,8.5,12.53,30.49,1501.44,NVIDIA GeForce RTX 4060 Ti,37,69.29,17,3350.6,16380.0,
2026-09-05T04:44:11.350833+00:00,03_vlm_polymer_real_synth,7,7,8.5,12.57,30.49,1501.44,NVIDIA GeForce RTX 4060 Ti,37,69.42,22,3350.6,16380.0,
2026-09-05T04:44:21.414840+00:00,03_vlm_polymer_real_synth,7,7,8.6,12.6,30.49,1501.44,NVIDIA GeForce RTX 4060 Ti,39,70.15,1,3350.6,16380.0,
2026-09-05T04:44:31.477834+00:00,03_vlm_polymer_real_synth,7,7,8.5,12.61,30.49,1501.44,NVIDIA GeForce RTX 4060 Ti,37,68.45,54,3350.6,16380.0,
2026-09-05T04:44:41.542064+00:00,03_vlm_polymer_real_synth,7,7,8.5,12.61,30.49,1501.44,NVIDIA GeForce RTX 4060 Ti,39,67.91,66,3350.6,16380.0,
2026-09-05T04:44:51.604833+00:00,03_vlm_polymer_real_synth,7,7,8.5,12.62,30.49,1501.44,NVIDIA GeForce RTX 4060 Ti,39,70.61,58,3350.6,16380.0,
2026-09-05T04:45:01.667841+00:00,03_vlm_polymer_real_synth,7,7,8.5,12.65,30.49,1501.44,NVIDIA GeForce RTX 4060 Ti,37,71.12,59,3350.6,16380.0,
2026-09-05T04:45:11.730825+00:00,03_vlm_polymer_real_synth,7,7,8.5,12.65,30.49,1501.44,NVIDIA GeForce RTX 4060 Ti,41,68.09,0,3350.6,16380.0,
2026-09-05T04:45:21.797520+00:00,03_vlm_polymer_real_synth,7,7,8.5,12.67,30.49,1501.44,NVIDIA GeForce RTX 4060 Ti,39,67.59,60,3350.6,16380.0,
2026-09-05T04:45:31.861819+00:00,03_vlm_polymer_real_synth,7,7,8.5,12.67,30.49,1501.44,NVIDIA GeForce RTX 4060 Ti,39,68.47,53,3350.6,16380.0,
2026-09-05T04:45:41.924824+00:00,03_vlm_polymer_real_synth,7,7,8.9,12.69,30.49,1501.44,NVIDIA GeForce RTX 4060 Ti,39,70.72,54,3350.6,16380.0,
2026-09-05T04:45:51.989834+00:00,03_vlm_polymer_real_synth,7,7,8.6,12.72,30.49,1501.44,NVIDIA GeForce RTX 4060 Ti,40,70.61,66,3350.6,16380.0,
2026-09-05T04:46:02.054819+00:00,03_vlm_polymer_real_synth,7,7,8.5,12.69,30.49,1501.44,NVIDIA GeForce RTX 4060 Ti,37,67.24,21,3350.6,16380.0,
2026-09-05T04:46:12.124824+00:00,03_vlm_polymer_real_synth,7,7,8.5,12.67,30.49,1501.44,NVIDIA GeForce RTX 4060 Ti,37,71.13,0,3350.6,16380.0,
2026-09-05T04:46:22.163934+00:00,03_vlm_polymer_real_synth,7,7,8.5,12.7,30.49,1501.44,NVIDIA GeForce RTX 4060 Ti,38,70.01,76,3350.6,16380.0,
2026-09-05T04:46:32.227836+00:00,03_vlm_polymer_real_synth,7,7,8.5,12.68,30.49,1501.44,NVIDIA GeForce RTX 4060 Ti,39,67.32,0,3350.6,16380.0,
2026-09-05T04:46:42.292836+00:00,03_vlm_polymer_real_synth,7,7,8.5,12.7,30.49,1501.44,NVIDIA GeForce RTX 4060 Ti,37,68.86,46,3350.6,16380.0,
2026-09-05T04:46:52.357827+00:00,03_vlm_polymer_real_synth,7,7,8.5,12.71,30.49,1501.44,NVIDIA GeForce RTX 4060 Ti,40,72.26,52,3350.6,16380.0,
2026-09-05T04:47:02.422616+00:00,03_vlm_polymer_real_synth,7,7,8.5,12.71,30.49,1501.44,NVIDIA GeForce RTX 4060 Ti,39,66.33,50,3350.6,16380.0,
2026-09-05T04:47:12.486182+00:00,03_vlm_polymer_real_synth,7,7,8.5,12.71,30.49,1501.44,NVIDIA GeForce RTX 4060 Ti,37,70.0,63,3350.6,16380.0,
2026-09-05T04:47:22.550848+00:00,03_vlm_polymer_real_synth,7,7,8.5,12.74,30.49,1501.44,NVIDIA GeForce RTX 4060 Ti,39,72.17,40,3350.6,16380.0,
2026-09-05T04:47:32.613843+00:00,03_vlm_polymer_real_synth,7,7,8.5,12.74,30.49,1501.44,NVIDIA GeForce RTX 4060 Ti,39,67.6,50,3350.6,16380.0,
2026-09-05T04:47:42.676819+00:00,03_vlm_polymer_real_synth,7,7,8.5,12.73,30.49,1501.44,NVIDIA GeForce RTX 4060 Ti,40,71.35,42,3350.6,16380.0,
2026-09-05T04:47:52.696668+00:00,03_vlm_polymer_real_synth,7,7,8.5,12.76,30.49,1501.44,NVIDIA GeForce RTX 4060 Ti,39,66.99,16,3350.6,16380.0,
2026-09-05T04:48:02.719211+00:00,03_vlm_polymer_real_synth,7,7,8.5,12.78,30.49,1501.44,NVIDIA GeForce RTX 4060 Ti,37,66.77,66,3350.6,16380.0,
2026-09-05T04:48:12.763207+00:00,03_vlm_polymer_real_synth,7,7,8.5,12.74,30.49,1501.44,NVIDIA GeForce RTX 4060 Ti,39,71.21,0,3350.6,16380.0,
2026-09-05T04:48:22.822799+00:00,03_vlm_polymer_real_synth,7,7,8.5,12.78,30.49,1501.44,NVIDIA GeForce RTX 4060 Ti,41,66.32,59,3350.6,16380.0,
2026-09-05T04:48:32.889036+00:00,03_vlm_polymer_real_synth,7,7,8.5,12.75,30.49,1501.44,NVIDIA GeForce RTX 4060 Ti,40,66.32,8,3350.6,16380.0,
2026-09-05T04:48:42.951830+00:00,03_vlm_polymer_real_synth,7,7,8.6,12.76,30.49,1501.44,NVIDIA GeForce RTX 4060 Ti,39,68.68,28,3350.6,16380.0,
2026-09-05T04:48:53.004394+00:00,03_vlm_polymer_real_synth,7,7,8.5,12.75,30.49,1501.44,NVIDIA GeForce RTX 4060 Ti,39,68.76,39,3350.6,16380.0,
2026-09-05T04:49:03.032951+00:00,03_vlm_polymer_real_synth,7,7,8.5,12.78,30.49,1501.44,NVIDIA GeForce RTX 4060 Ti,37,68.37,1,3350.6,16380.0,
2026-09-05T04:49:13.097835+00:00,03_vlm_polymer_real_synth,7,7,8.5,12.77,30.49,1501.44,NVIDIA GeForce RTX 4060 Ti,39,66.47,60,3350.6,16380.0,
2026-09-05T04:49:23.162829+00:00,03_vlm_polymer_real_synth,7,7,8.5,12.76,30.49,1501.44,NVIDIA GeForce RTX 4060 Ti,38,69.1,79,3350.6,16380.0,
2026-09-05T04:49:33.232837+00:00,03_vlm_polymer_real_synth,7,7,8.5,12.79,30.49,1501.44,NVIDIA GeForce RTX 4060 Ti,39,70.69,35,3350.6,16380.0,
2026-09-05T04:49:43.296826+00:00,03_vlm_polymer_real_synth,7,7,8.5,12.78,30.49,1501.44,NVIDIA GeForce RTX 4060 Ti,37,66.73,31,3350.6,16380.0,
2026-09-05T04:49:53.360825+00:00,03_vlm_polymer_real_synth,7,7,8.5,12.8,30.49,1501.44,NVIDIA GeForce RTX 4060 Ti,39,68.82,48,3350.6,16380.0,
2026-09-05T04:50:03.384214+00:00,03_vlm_polymer_real_synth,7,7,8.5,12.79,30.49,1501.44,NVIDIA GeForce RTX 4060 Ti,37,70.55,23,3350.6,16380.0,
2026-09-05T04:50:13.454391+00:00,03_vlm_polymer_real_synth,7,7,8.5,12.76,30.49,1501.44,NVIDIA GeForce RTX 4060 Ti,36,69.13,68,3350.6,16380.0,
2026-09-05T04:50:23.518823+00:00,03_vlm_polymer_real_synth,7,7,8.5,12.74,30.49,1501.44,NVIDIA GeForce RTX 4060 Ti,37,70.03,45,3350.6,16380.0,
2026-09-05T04:50:33.582845+00:00,03_vlm_polymer_real_synth,7,7,8.5,12.77,30.49,1501.44,NVIDIA GeForce RTX 4060 Ti,39,71.57,57,3350.6,16380.0,
2026-09-05T04:50:43.645831+00:00,03_vlm_polymer_real_synth,7,7,8.6,12.79,30.49,1501.44,NVIDIA GeForce RTX 4060 Ti,39,68.27,33,3350.6,16380.0,
2026-09-05T04:50:53.710828+00:00,03_vlm_polymer_real_synth,7,7,8.6,12.83,30.49,1501.44,NVIDIA GeForce RTX 4060 Ti,39,72.74,77,3350.6,16380.0,
2026-09-05T04:51:03.780838+00:00,03_vlm_polymer_real_synth,7,7,8.6,12.79,30.49,1501.44,NVIDIA GeForce RTX 4060 Ti,40,71.29,0,3350.6,16380.0,
2026-09-05T04:51:13.813842+00:00,03_vlm_polymer_real_synth,7,7,8.5,12.79,30.49,1501.44,NVIDIA GeForce RTX 4060 Ti,39,71.62,75,3350.6,16380.0,
2026-09-05T04:51:23.851226+00:00,03_vlm_polymer_real_synth,7,7,8.5,12.83,30.49,1501.44,NVIDIA GeForce RTX 4060 Ti,38,68.93,34,3350.6,16380.0,
2026-09-05T04:51:33.909995+00:00,03_vlm_polymer_real_synth,7,7,8.5,12.79,30.49,1501.44,NVIDIA GeForce RTX 4060 Ti,37,68.56,0,3350.6,16380.0,
2026-09-05T04:51:43.976234+00:00,03_vlm_polymer_real_synth,7,7,8.5,12.8,30.49,1501.44,NVIDIA GeForce RTX 4060 Ti,41,69.76,30,3350.6,16380.0,
2026-09-05T04:51:54.040876+00:00,03_vlm_polymer_real_synth,7,7,8.5,12.82,30.49,1501.44,NVIDIA GeForce RTX 4060 Ti,37,67.77,23,3350.6,16380.0,
2026-09-05T04:52:04.097208+00:00,03_vlm_polymer_real_synth,7,7,8.6,12.81,30.49,1501.44,NVIDIA GeForce RTX 4060 Ti,39,67.86,62,3350.6,16380.0,
2026-09-05T04:52:14.142950+00:00,03_vlm_polymer_real_synth,7,7,8.5,12.78,30.49,1501.44,NVIDIA GeForce RTX 4060 Ti,38,69.14,0,3350.6,16380.0,
2026-09-05T04:52:24.205941+00:00,03_vlm_polymer_real_synth,7,7,8.5,12.79,30.49,1501.44,NVIDIA GeForce RTX 4060 Ti,37,69.31,44,3350.6,16380.0,
2026-09-05T04:52:34.269740+00:00,03_vlm_polymer_real_synth,7,7,16.1,12.9,30.49,1501.44,NVIDIA GeForce RTX 4060 Ti,36,61.24,42,3350.6,16380.0,
2026-09-05T04:52:44.339846+00:00,03_vlm_polymer_real_synth,7,7,15.1,12.77,30.49,1501.44,NVIDIA GeForce RTX 4060 Ti,38,59.15,24,3350.6,16380.0,
2026-09-05T04:52:54.404216+00:00,03_vlm_polymer_real_synth,7,7,13.4,12.82,30.49,1501.44,NVIDIA GeForce RTX 4060 Ti,37,60.91,38,3350.6,16380.0,
2026-09-05T04:53:04.468842+00:00,03_vlm_polymer_real_synth,7,7,8.2,12.82,30.49,1501.44,NVIDIA GeForce RTX 4060 Ti,40,68.64,59,3350.6,16380.0,
2026-09-05T04:53:14.533849+00:00,03_vlm_polymer_real_synth,7,7,8.5,12.85,30.49,1501.44,NVIDIA GeForce RTX 4060 Ti,38,69.45,50,3350.6,16380.0,
2026-09-05T04:53:24.603853+00:00,03_vlm_polymer_real_synth,7,7,8.6,12.88,30.49,1501.44,NVIDIA GeForce RTX 4060 Ti,40,66.41,0,3350.6,16380.0,
2026-09-05T04:53:34.668259+00:00,03_vlm_polymer_real_synth,7,7,8.5,12.81,30.49,1501.44,NVIDIA GeForce RTX 4060 Ti,40,70.12,31,3350.6,16380.0,
2026-09-05T04:53:44.729902+00:00,03_vlm_polymer_real_synth,7,7,8.5,12.86,30.49,1501.44,NVIDIA GeForce RTX 4060 Ti,37,71.09,43,3350.6,16380.0,
2026-09-05T04:53:54.779921+00:00,03_vlm_polymer_real_synth,7,7,8.5,12.8,30.49,1501.44,NVIDIA GeForce RTX 4060 Ti,41,70.95,3,3350.6,16380.0,
2026-09-05T04:54:04.843822+00:00,03_vlm_polymer_real_synth,7,7,8.6,12.82,30.49,1501.44,NVIDIA GeForce RTX 4060 Ti,39,72.83,57,3350.6,16380.0,
2026-09-05T04:54:14.914835+00:00,03_vlm_polymer_real_synth,7,7,8.5,12.83,30.49,1501.44,NVIDIA GeForce RTX 4060 Ti,38,68.84,78,3350.6,16380.0,
2026-09-05T04:54:24.977818+00:00,03_vlm_polymer_real_synth,7,7,8.5,12.83,30.49,1501.44,NVIDIA GeForce RTX 4060 Ti,39,67.94,63,3350.6,16380.0,
2026-09-05T04:54:35.040824+00:00,03_vlm_polymer_real_synth,7,7,8.5,12.82,30.49,1501.44,NVIDIA GeForce RTX 4060 Ti,40,72.13,3,3350.6,16380.0,
2026-09-05T04:54:45.104917+00:00,03_vlm_polymer_real_synth,7,7,8.5,12.83,30.49,1501.44,NVIDIA GeForce RTX 4060 Ti,38,70.14,0,3350.6,16380.0,
2026-09-05T04:54:55.168836+00:00,03_vlm_polymer_real_synth,7,7,8.5,12.85,30.49,1501.44,NVIDIA GeForce RTX 4060 Ti,37,68.79,21,3350.6,16380.0,
2026-09-05T04:55:05.218252+00:00,03_vlm_polymer_real_synth,7,7,8.5,12.86,30.49,1501.44,NVIDIA GeForce RTX 4060 Ti,40,69.59,67,3350.6,16380.0,
2026-09-05T04:55:15.282337+00:00,03_vlm_polymer_real_synth,7,7,8.5,12.86,30.49,1501.44,NVIDIA GeForce RTX 4060 Ti,40,71.42,56,3350.6,16380.0,
2026-09-05T04:55:25.346015+00:00,03_vlm_polymer_real_synth,7,7,8.5,12.85,30.49,1501.44,NVIDIA GeForce RTX 4060 Ti,39,67.92,63,3350.6,16380.0,
2026-09-05T04:55:35.397909+00:00,03_vlm_polymer_real_synth,7,7,8.5,12.86,30.49,1501.44,NVIDIA GeForce RTX 4060 Ti,39,69.18,58,3350.6,16380.0,
2026-09-05T04:55:45.452181+00:00,03_vlm_polymer_real_synth,7,7,8.6,12.87,30.49,1501.44,NVIDIA GeForce RTX 4060 Ti,39,70.66,27,3350.6,16380.0,
2026-09-05T04:55:55.513528+00:00,03_vlm_polymer_real_synth,7,7,8.6,12.91,30.49,1501.44,NVIDIA GeForce RTX 4060 Ti,39,66.39,0,3350.6,16380.0,
2026-09-05T04:56:05.550801+00:00,03_vlm_polymer_real_synth,7,7,8.5,12.85,30.49,1501.44,NVIDIA GeForce RTX 4060 Ti,39,69.25,12,3350.6,16380.0,
2026-09-05T04:56:15.614838+00:00,03_vlm_polymer_real_synth,7,7,8.5,12.84,30.49,1501.44,NVIDIA GeForce RTX 4060 Ti,40,68.38,56,3350.6,16380.0,
2026-09-05T04:56:25.678836+00:00,03_vlm_polymer_real_synth,7,7,8.5,12.86,30.49,1501.44,NVIDIA GeForce RTX 4060 Ti,39,67.64,45,3350.6,16380.0,
2026-09-05T04:56:35.743797+00:00,03_vlm_polymer_real_synth,7,7,8.5,12.86,30.49,1501.44,NVIDIA GeForce RTX 4060 Ti,41,71.26,46,3350.6,16380.0,
2026-09-05T04:56:45.811837+00:00,03_vlm_polymer_real_synth,7,7,8.5,12.86,30.49,1501.44,NVIDIA GeForce RTX 4060 Ti,38,66.22,56,3350.6,16380.0,
2026-09-05T04:56:55.874827+00:00,03_vlm_polymer_real_synth,7,7,8.5,12.85,30.49,1501.44,NVIDIA GeForce RTX 4060 Ti,41,69.32,52,3350.6,16380.0,
2026-09-05T04:57:05.945827+00:00,03_vlm_polymer_real_synth,7,7,8.6,12.85,30.49,1501.44,NVIDIA GeForce RTX 4060 Ti,37,68.44,32,3350.6,16380.0,
2026-09-05T04:57:16.010957+00:00,03_vlm_polymer_real_synth,7,7,8.5,12.85,30.49,1501.44,NVIDIA GeForce RTX 4060 Ti,39,66.34,64,3350.6,16380.0,
2026-09-05T04:57:26.074580+00:00,03_vlm_polymer_real_synth,7,7,8.5,12.87,30.49,1501.44,NVIDIA GeForce RTX 4060 Ti,41,66.24,52,3350.6,16380.0,
2026-09-05T04:57:36.138829+00:00,03_vlm_polymer_real_synth,7,7,8.5,12.89,30.49,1501.44,NVIDIA GeForce RTX 4060 Ti,39,68.0,74,3350.6,16380.0,
2026-09-05T04:57:46.157151+00:00,03_vlm_polymer_real_synth,7,7,8.5,12.88,30.49,1501.44,NVIDIA GeForce RTX 4060 Ti,37,68.6,24,3350.6,16380.0,
2026-09-05T04:57:56.209361+00:00,03_vlm_polymer_real_synth,7,7,8.5,12.9,30.49,1501.44,NVIDIA GeForce RTX 4060 Ti,37,68.52,54,3350.6,16380.0,
2026-09-05T04:58:06.236871+00:00,03_vlm_polymer_real_synth,7,7,8.5,12.89,30.49,1501.44,NVIDIA GeForce RTX 4060 Ti,39,68.21,54,3350.6,16380.0,
2026-09-05T04:58:16.260018+00:00,03_vlm_polymer_real_synth,7,7,8.5,12.89,30.49,1501.44,NVIDIA GeForce RTX 4060 Ti,37,70.92,35,3350.6,16380.0,
2026-09-05T04:58:26.288909+00:00,03_vlm_polymer_real_synth,7,7,8.5,12.88,30.49,1501.44,NVIDIA GeForce RTX 4060 Ti,39,68.39,0,3350.6,16380.0,
2026-09-05T04:58:36.317299+00:00,03_vlm_polymer_real_synth,7,7,8.5,12.9,30.49,1501.44,NVIDIA GeForce RTX 4060 Ti,41,68.88,56,3350.6,16380.0,
2026-09-05T04:58:46.373887+00:00,03_vlm_polymer_real_synth,7,7,8.5,12.87,30.49,1501.44,NVIDIA GeForce RTX 4060 Ti,39,70.17,55,3350.6,16380.0,
2026-09-05T04:58:56.400113+00:00,03_vlm_polymer_real_synth,7,7,8.5,12.88,30.49,1501.44,NVIDIA GeForce RTX 4060 Ti,38,66.31,75,3350.6,16380.0,
2026-09-05T04:59:06.464843+00:00,03_vlm_polymer_real_synth,7,7,8.5,12.86,30.49,1501.44,NVIDIA GeForce RTX 4060 Ti,39,69.97,5,3350.6,16380.0,
2026-09-05T04:59:16.528829+00:00,03_vlm_polymer_real_synth,7,7,8.9,12.84,30.49,1501.44,NVIDIA GeForce RTX 4060 Ti,36,66.74,71,3350.6,16380.0,
2026-09-05T04:59:26.596956+00:00,03_vlm_polymer_real_synth,7,7,8.5,12.83,30.49,1501.44,NVIDIA GeForce RTX 4060 Ti,39,66.32,46,3350.6,16380.0,
2026-09-05T04:59:36.659833+00:00,03_vlm_polymer_real_synth,7,7,8.5,12.83,30.49,1501.44,NVIDIA GeForce RTX 4060 Ti,36,67.31,63,3350.6,16380.0,
2026-09-05T04:59:46.722824+00:00,03_vlm_polymer_real_synth,7,7,8.5,12.82,30.49,1501.44,NVIDIA GeForce RTX 4060 Ti,39,69.15,0,3350.6,16380.0,
2026-09-05T04:59:56.792826+00:00,03_vlm_polymer_real_synth,7,7,8.5,12.83,30.49,1501.44,NVIDIA GeForce RTX 4060 Ti,38,68.79,69,3350.6,16380.0,
2026-09-05T05:00:06.856865+00:00,03_vlm_polymer_real_synth,7,7,8.5,12.85,30.49,1501.44,NVIDIA GeForce RTX 4060 Ti,39,67.24,12,3350.6,16380.0,
2026-09-05T05:00:16.892385+00:00,03_vlm_polymer_real_synth,7,7,8.6,12.83,30.49,1501.44,NVIDIA GeForce RTX 4060 Ti,41,66.44,0,3350.6,16380.0,
2026-09-05T05:00:26.956829+00:00,03_vlm_polymer_real_synth,7,7,8.5,12.85,30.49,1501.44,NVIDIA GeForce RTX 4060 Ti,40,70.05,0,3350.6,16380.0,
2026-09-05T05:00:37.022825+00:00,03_vlm_polymer_real_synth,7,7,8.5,12.82,30.49,1501.44,NVIDIA GeForce RTX 4060 Ti,36,68.85,0,3350.6,16380.0,
2026-09-05T05:00:47.092854+00:00,03_vlm_polymer_real_synth,7,7,8.6,12.88,30.49,1501.44,NVIDIA GeForce RTX 4060 Ti,37,70.59,7,3350.6,16380.0,
2026-09-05T05:00:57.155852+00:00,03_vlm_polymer_real_synth,7,7,8.6,12.86,30.49,1501.44,NVIDIA GeForce RTX 4060 Ti,39,66.39,50,3350.6,16380.0,
2026-09-05T05:01:07.220842+00:00,03_vlm_polymer_real_synth,7,7,8.5,12.86,30.49,1501.44,NVIDIA GeForce RTX 4060 Ti,39,69.06,24,3350.6,16380.0,
2026-09-05T05:01:17.283828+00:00,03_vlm_polymer_real_synth,7,7,8.5,12.83,30.49,1501.44,NVIDIA GeForce RTX 4060 Ti,39,70.52,62,3350.6,16380.0,
2026-09-05T05:01:27.351837+00:00,03_vlm_polymer_real_synth,7,7,8.5,12.84,30.49,1501.44,NVIDIA GeForce RTX 4060 Ti,39,68.04,77,3350.6,16380.0,
2026-09-05T05:01:37.406407+00:00,03_vlm_polymer_real_synth,7,7,8.6,12.88,30.49,1501.44,NVIDIA GeForce RTX 4060 Ti,38,71.75,0,3350.6,16380.0,
2026-09-05T05:01:47.453916+00:00,03_vlm_polymer_real_synth,7,7,8.5,12.84,30.49,1501.44,NVIDIA GeForce RTX 4060 Ti,39,67.64,0,3350.6,16380.0,
2026-09-05T05:01:57.523828+00:00,03_vlm_polymer_real_synth,7,7,8.5,12.87,30.49,1501.44,NVIDIA GeForce RTX 4060 Ti,37,68.03,78,3350.6,16380.0,
2026-09-05T05:02:07.594830+00:00,03_vlm_polymer_real_synth,7,7,8.5,12.87,30.49,1501.44,NVIDIA GeForce RTX 4060 Ti,41,70.29,56,3350.6,16380.0,
2026-09-05T05:02:17.658929+00:00,03_vlm_polymer_real_synth,7,7,8.6,12.86,30.49,1501.44,NVIDIA GeForce RTX 4060 Ti,38,68.98,68,3350.6,16380.0,
2026-09-05T05:02:27.722826+00:00,03_vlm_polymer_real_synth,7,7,8.6,12.87,30.49,1501.44,NVIDIA GeForce RTX 4060 Ti,40,68.73,0,3350.6,16380.0,
2026-09-05T05:02:37.790302+00:00,03_vlm_polymer_real_synth,7,7,8.6,12.84,30.49,1501.44,NVIDIA GeForce RTX 4060 Ti,37,69.75,28,3350.6,16380.0,
2026-09-05T05:02:47.853827+00:00,03_vlm_polymer_real_synth,7,7,8.5,12.86,30.49,1501.44,NVIDIA GeForce RTX 4060 Ti,40,69.76,61,3350.6,16380.0,
2026-09-05T05:02:57.924065+00:00,03_vlm_polymer_real_synth,7,7,8.5,12.85,30.49,1501.44,NVIDIA GeForce RTX 4060 Ti,37,66.34,47,3350.6,16380.0,
2026-09-05T05:03:07.987816+00:00,03_vlm_polymer_real_synth,7,7,8.5,12.81,30.49,1501.44,NVIDIA GeForce RTX 4060 Ti,39,68.85,55,3350.6,16380.0,
2026-09-05T05:03:18.051834+00:00,03_vlm_polymer_real_synth,7,7,8.6,12.82,30.49,1501.44,NVIDIA GeForce RTX 4060 Ti,41,69.26,62,3350.6,16380.0,
2026-09-05T05:03:28.115830+00:00,03_vlm_polymer_real_synth,7,7,8.5,12.84,30.49,1501.44,NVIDIA GeForce RTX 4060 Ti,37,69.03,43,3350.6,16380.0,
2026-09-05T05:03:38.185378+00:00,03_vlm_polymer_real_synth,7,7,8.5,12.88,30.49,1501.44,NVIDIA GeForce RTX 4060 Ti,39,66.41,27,3350.6,16380.0,
2026-09-05T05:03:48.238364+00:00,03_vlm_polymer_real_synth,7,7,8.5,12.82,30.49,1501.44,NVIDIA GeForce RTX 4060 Ti,39,66.32,0,3350.6,16380.0,
2026-09-05T05:03:58.285847+00:00,03_vlm_polymer_real_synth,7,7,8.5,12.86,30.49,1501.44,NVIDIA GeForce RTX 4060 Ti,37,69.13,0,3350.6,16380.0,
2026-09-05T05:04:08.350833+00:00,03_vlm_polymer_real_synth,7,7,8.5,12.83,30.49,1501.44,NVIDIA GeForce RTX 4060 Ti,37,69.58,22,3350.6,16380.0,
2026-09-05T05:04:18.414839+00:00,03_vlm_polymer_real_synth,7,7,8.6,12.84,30.49,1501.44,NVIDIA GeForce RTX 4060 Ti,40,62.76,14,3350.6,16380.0,
2026-09-05T05:04:28.480824+00:00,03_vlm_polymer_real_synth,7,7,8.5,12.83,30.49,1501.44,NVIDIA GeForce RTX 4060 Ti,37,62.02,16,3350.6,16380.0,
2026-09-05T05:04:38.544844+00:00,03_vlm_polymer_real_synth,7,7,8.5,12.86,30.49,1501.44,NVIDIA GeForce RTX 4060 Ti,37,61.58,24,3350.6,16380.0,
2026-09-05T05:04:48.607822+00:00,03_vlm_polymer_real_synth,7,7,8.5,12.85,30.49,1501.44,NVIDIA GeForce RTX 4060 Ti,36,63.2,33,3350.6,16380.0,
2026-09-05T05:04:58.670838+00:00,03_vlm_polymer_real_synth,7,7,8.5,12.84,30.49,1501.44,NVIDIA GeForce RTX 4060 Ti,38,67.08,32,3350.6,16380.0,
2026-09-05T05:05:08.741156+00:00,03_vlm_polymer_real_synth,7,7,8.5,12.83,30.49,1501.44,NVIDIA GeForce RTX 4060 Ti,39,69.24,74,3350.6,16380.0,
2026-09-05T05:05:18.805826+00:00,03_vlm_polymer_real_synth,7,7,8.6,12.83,30.49,1501.44,NVIDIA GeForce RTX 4060 Ti,39,69.46,71,3350.6,16380.0,
2026-09-05T05:05:28.870830+00:00,03_vlm_polymer_real_synth,7,7,8.5,12.81,30.49,1501.44,NVIDIA GeForce RTX 4060 Ti,37,69.01,72,3350.6,16380.0,
2026-09-05T05:05:38.934825+00:00,03_vlm_polymer_real_synth,7,7,8.5,12.81,30.49,1501.44,NVIDIA GeForce RTX 4060 Ti,36,67.42,33,3350.6,16380.0,
2026-09-05T05:05:48.999824+00:00,03_vlm_polymer_real_synth,7,7,8.7,12.85,30.49,1501.44,NVIDIA GeForce RTX 4060 Ti,37,69.0,40,3350.6,16380.0,
2026-09-05T05:05:59.068835+00:00,03_vlm_polymer_real_synth,7,7,8.6,12.87,30.49,1501.44,NVIDIA GeForce RTX 4060 Ti,40,67.09,27,3350.6,16380.0,
2026-09-05T05:06:09.112196+00:00,03_vlm_polymer_real_synth,7,7,8.5,12.85,30.49,1501.44,NVIDIA GeForce RTX 4060 Ti,39,66.28,58,3350.6,16380.0,
2026-09-05T05:06:19.153426+00:00,03_vlm_polymer_real_synth,7,7,8.6,12.85,30.49,1501.44,NVIDIA GeForce RTX 4060 Ti,39,66.48,64,3350.6,16380.0,
2026-09-05T05:06:29.217824+00:00,03_vlm_polymer_real_synth,7,7,8.5,12.85,30.49,1501.44,NVIDIA GeForce RTX 4060 Ti,41,70.83,30,3350.6,16380.0,
2026-09-05T05:06:39.280828+00:00,03_vlm_polymer_real_synth,7,7,8.5,12.83,30.49,1501.44,NVIDIA GeForce RTX 4060 Ti,39,68.21,70,3350.6,16380.0,
2026-09-05T05:06:49.343840+00:00,03_vlm_polymer_real_synth,7,7,8.5,12.86,30.49,1501.44,NVIDIA GeForce RTX 4060 Ti,38,67.19,0,3350.6,16380.0,
2026-09-05T05:06:59.409817+00:00,03_vlm_polymer_real_synth,7,7,8.5,12.84,30.49,1501.44,NVIDIA GeForce RTX 4060 Ti,39,68.45,43,3350.6,16380.0,
2026-09-05T05:07:09.472912+00:00,03_vlm_polymer_real_synth,7,7,8.5,12.85,30.49,1501.44,NVIDIA GeForce RTX 4060 Ti,38,71.31,18,3350.6,16380.0,
2026-09-05T05:07:19.536633+00:00,03_vlm_polymer_real_synth,7,7,8.6,12.84,30.49,1501.44,NVIDIA GeForce RTX 4060 Ti,39,70.67,15,3350.6,16380.0,
2026-09-05T05:07:29.598143+00:00,03_vlm_polymer_real_synth,7,7,8.5,12.89,30.49,1501.44,NVIDIA GeForce RTX 4060 Ti,37,67.8,60,3350.6,16380.0,
2026-09-05T05:07:39.650528+00:00,03_vlm_polymer_real_synth,7,7,8.5,12.86,30.49,1501.44,NVIDIA GeForce RTX 4060 Ti,39,70.04,66,3350.6,16380.0,
2026-09-05T05:07:49.713818+00:00,03_vlm_polymer_real_synth,7,7,8.5,12.86,30.49,1501.44,NVIDIA GeForce RTX 4060 Ti,38,69.95,28,3350.6,16380.0,
2026-09-05T05:07:59.774868+00:00,03_vlm_polymer_real_synth,7,7,8.5,12.83,30.49,1501.44,NVIDIA GeForce RTX 4060 Ti,38,71.06,12,3350.6,16380.0,
2026-09-05T05:08:09.838855+00:00,03_vlm_polymer_real_synth,7,7,8.5,12.83,30.49,1501.44,NVIDIA GeForce RTX 4060 Ti,41,71.47,12,3350.6,16380.0,
2026-09-05T05:08:19.902433+00:00,03_vlm_polymer_real_synth,7,7,8.5,12.81,30.49,1501.44,NVIDIA GeForce RTX 4060 Ti,38,68.15,33,3350.6,16380.0,
2026-09-05T05:08:29.967971+00:00,03_vlm_polymer_real_synth,7,7,8.5,12.85,30.49,1501.44,NVIDIA GeForce RTX 4060 Ti,38,66.33,77,3350.6,16380.0,
2026-09-05T05:08:40.030858+00:00,03_vlm_polymer_real_synth,7,7,8.5,12.84,30.49,1501.44,NVIDIA GeForce RTX 4060 Ti,41,69.94,51,3350.6,16380.0,
2026-09-05T05:08:50.094828+00:00,03_vlm_polymer_real_synth,7,7,8.5,12.88,30.49,1501.44,NVIDIA GeForce RTX 4060 Ti,37,69.59,7,3350.6,16380.0,
2026-09-05T05:09:00.158881+00:00,03_vlm_polymer_real_synth,7,7,8.5,12.83,30.49,1501.44,NVIDIA GeForce RTX 4060 Ti,37,70.65,22,3350.6,16380.0,
2026-09-05T05:09:10.221837+00:00,03_vlm_polymer_real_synth,7,7,8.5,12.83,30.49,1501.44,NVIDIA GeForce RTX 4060 Ti,39,68.43,62,3350.6,16380.0,
2026-09-05T05:09:20.285837+00:00,03_vlm_polymer_real_synth,7,7,8.5,12.86,30.49,1501.44,NVIDIA GeForce RTX 4060 Ti,40,69.67,0,3350.6,16380.0,
2026-09-05T05:09:30.350576+00:00,03_vlm_polymer_real_synth,7,7,8.5,12.83,30.49,1501.44,NVIDIA GeForce RTX 4060 Ti,39,69.8,29,3350.6,16380.0,
2026-09-05T05:09:40.413823+00:00,03_vlm_polymer_real_synth,7,7,8.5,12.83,30.49,1501.44,NVIDIA GeForce RTX 4060 Ti,37,70.37,5,3350.6,16380.0,
2026-09-05T05:09:50.482824+00:00,03_vlm_polymer_real_synth,7,7,8.5,12.83,30.49,1501.44,NVIDIA GeForce RTX 4060 Ti,39,67.5,68,3350.6,16380.0,
2026-09-05T05:10:00.553066+00:00,03_vlm_polymer_real_synth,7,7,8.5,12.87,30.49,1501.44,NVIDIA GeForce RTX 4060 Ti,39,69.11,74,3350.6,16380.0,
2026-09-05T05:10:10.614177+00:00,03_vlm_polymer_real_synth,7,7,8.5,12.85,30.49,1501.44,NVIDIA GeForce RTX 4060 Ti,37,67.69,76,3350.6,16380.0,
2026-09-05T05:10:20.683542+00:00,03_vlm_polymer_real_synth,7,7,8.5,12.86,30.49,1501.44,NVIDIA GeForce RTX 4060 Ti,39,72.39,27,3350.6,16380.0,
2026-09-05T05:10:30.728017+00:00,03_vlm_polymer_real_synth,7,7,8.5,12.86,30.49,1501.44,NVIDIA GeForce RTX 4060 Ti,41,72.17,44,3350.6,16380.0,
2026-09-05T05:10:40.790850+00:00,03_vlm_polymer_real_synth,7,7,8.5,12.85,30.49,1501.44,NVIDIA GeForce RTX 4060 Ti,39,72.69,0,3350.6,16380.0,
2026-09-05T05:10:50.847748+00:00,03_vlm_polymer_real_synth,7,7,8.7,12.88,30.49,1501.44,NVIDIA GeForce RTX 4060 Ti,37,67.3,77,3350.6,16380.0,
2026-09-05T05:11:00.885245+00:00,03_vlm_polymer_real_synth,7,7,8.5,12.86,30.49,1501.44,NVIDIA GeForce RTX 4060 Ti,39,69.18,4,3350.6,16380.0,
2026-09-05T05:11:10.938836+00:00,03_vlm_polymer_real_synth,7,7,8.5,12.82,30.49,1501.44,NVIDIA GeForce RTX 4060 Ti,37,67.16,57,3350.6,16380.0,
2026-09-05T05:11:21.007830+00:00,03_vlm_polymer_real_synth,7,7,8.5,12.81,30.49,1501.44,NVIDIA GeForce RTX 4060 Ti,36,68.48,50,3350.6,16380.0,
2026-09-05T05:11:31.078269+00:00,03_vlm_polymer_real_synth,7,7,8.5,12.87,30.49,1501.44,NVIDIA GeForce RTX 4060 Ti,39,66.41,64,3350.6,16380.0,
2026-09-05T05:11:41.110294+00:00,03_vlm_polymer_real_synth,7,7,8.5,12.86,30.49,1501.44,NVIDIA GeForce RTX 4060 Ti,38,67.82,73,3350.6,16380.0,
2026-09-05T05:11:51.146851+00:00,03_vlm_polymer_real_synth,7,7,8.5,12.86,30.49,1501.44,NVIDIA GeForce RTX 4060 Ti,39,67.31,27,3350.6,16380.0,
2026-09-05T05:12:01.202579+00:00,03_vlm_polymer_real_synth,7,7,8.5,12.84,30.49,1501.44,NVIDIA GeForce RTX 4060 Ti,39,67.01,70,3350.6,16380.0,
2026-09-05T05:12:11.266831+00:00,03_vlm_polymer_real_synth,7,7,8.8,12.85,30.49,1501.44,NVIDIA GeForce RTX 4060 Ti,37,70.9,70,3350.6,16380.0,
2026-09-05T05:12:21.329832+00:00,03_vlm_polymer_real_synth,7,7,8.5,12.82,30.49,1501.44,NVIDIA GeForce RTX 4060 Ti,39,69.83,63,3350.6,16380.0,
2026-09-05T05:12:31.392832+00:00,03_vlm_polymer_real_synth,7,7,8.6,12.81,30.49,1501.44,NVIDIA GeForce RTX 4060 Ti,37,68.2,60,3350.6,16380.0,
2026-09-05T05:12:41.458833+00:00,03_vlm_polymer_real_synth,7,7,8.5,12.84,30.49,1501.44,NVIDIA GeForce RTX 4060 Ti,36,66.43,73,3350.6,16380.0,
2026-09-05T05:12:51.524832+00:00,03_vlm_polymer_real_synth,7,7,8.5,12.84,30.49,1501.44,NVIDIA GeForce RTX 4060 Ti,37,66.46,50,3350.6,16380.0,
2026-09-05T05:13:01.590575+00:00,03_vlm_polymer_real_synth,7,7,8.5,12.82,30.49,1501.44,NVIDIA GeForce RTX 4060 Ti,39,70.72,68,3350.6,16380.0,
2026-09-05T05:13:11.644364+00:00,03_vlm_polymer_real_synth,7,7,8.5,12.84,30.49,1501.44,NVIDIA GeForce RTX 4060 Ti,39,70.87,71,3350.6,16380.0,
2026-09-05T05:13:21.706169+00:00,03_vlm_polymer_real_synth,7,7,8.5,12.85,30.49,1501.44,NVIDIA GeForce RTX 4060 Ti,40,69.11,32,3350.6,16380.0,
2026-09-05T05:13:31.770821+00:00,03_vlm_polymer_real_synth,7,7,8.5,12.8,30.49,1501.44,NVIDIA GeForce RTX 4060 Ti,39,70.0,63,3350.6,16380.0,
2026-09-05T05:13:41.840824+00:00,03_vlm_polymer_real_synth,7,7,8.5,12.86,30.49,1501.44,NVIDIA GeForce RTX 4060 Ti,38,67.6,65,3350.6,16380.0,
2026-09-05T05:13:51.905495+00:00,03_vlm_polymer_real_synth,7,7,8.5,12.84,30.49,1501.44,NVIDIA GeForce RTX 4060 Ti,37,70.07,39,3350.6,16380.0,
2026-09-05T05:14:01.974836+00:00,03_vlm_polymer_real_synth,7,7,8.5,12.83,30.49,1501.44,NVIDIA GeForce RTX 4060 Ti,37,68.0,64,3350.6,16380.0,
2026-09-05T05:14:12.039828+00:00,03_vlm_polymer_real_synth,7,7,8.5,12.86,30.49,1501.44,NVIDIA GeForce RTX 4060 Ti,39,73.53,48,3350.6,16380.0,
2026-09-05T05:14:22.102823+00:00,03_vlm_polymer_real_synth,7,7,8.5,12.83,30.49,1501.44,NVIDIA GeForce RTX 4060 Ti,37,70.73,23,3350.6,16380.0,
2026-09-05T05:14:32.167827+00:00,03_vlm_polymer_real_synth,7,7,8.5,12.84,30.49,1501.44,NVIDIA GeForce RTX 4060 Ti,40,69.06,53,3350.6,16380.0,
2026-09-05T05:14:42.238852+00:00,03_vlm_polymer_real_synth,7,7,8.5,12.83,30.49,1501.44,NVIDIA GeForce RTX 4060 Ti,38,71.96,0,3350.6,16380.0,
2026-09-05T05:14:52.301998+00:00,03_vlm_polymer_real_synth,7,7,8.5,12.82,30.49,1501.44,NVIDIA GeForce RTX 4060 Ti,39,70.68,77,3350.6,16380.0,
2026-09-05T05:15:02.318023+00:00,03_vlm_polymer_real_synth,7,7,8.5,12.85,30.49,1501.44,NVIDIA GeForce RTX 4060 Ti,39,69.83,22,3350.6,16380.0,
2026-09-05T05:15:12.382437+00:00,03_vlm_polymer_real_synth,7,7,8.5,12.83,30.49,1501.44,NVIDIA GeForce RTX 4060 Ti,39,71.54,55,3350.6,16380.0,
2026-09-05T05:15:22.410320+00:00,03_vlm_polymer_real_synth,7,7,8.5,12.84,30.49,1501.44,NVIDIA GeForce RTX 4060 Ti,41,66.33,66,3350.6,16380.0,
2026-09-05T05:15:32.445852+00:00,03_vlm_polymer_real_synth,7,7,8.5,12.86,30.49,1501.44,NVIDIA GeForce RTX 4060 Ti,39,66.56,57,3350.6,16380.0,
2026-09-05T05:15:42.492296+00:00,03_vlm_polymer_real_synth,7,7,8.5,12.87,30.49,1501.44,NVIDIA GeForce RTX 4060 Ti,41,66.44,62,3350.6,16380.0,
2026-09-05T05:15:52.508871+00:00,03_vlm_polymer_real_synth,7,7,8.7,12.89,30.49,1501.44,NVIDIA GeForce RTX 4060 Ti,41,68.34,63,3350.6,16380.0,
2026-09-05T05:16:02.529845+00:00,03_vlm_polymer_real_synth,7,7,8.5,12.9,30.49,1501.44,NVIDIA GeForce RTX 4060 Ti,39,69.7,31,3350.6,16380.0,
2026-09-05T05:16:12.593426+00:00,03_vlm_polymer_real_synth,7,7,8.6,12.87,30.49,1501.44,NVIDIA GeForce RTX 4060 Ti,37,60.74,26,3350.6,16380.0,
2026-09-05T05:16:22.621117+00:00,03_vlm_polymer_real_synth,7,7,8.5,12.87,30.49,1501.44,NVIDIA GeForce RTX 4060 Ti,39,62.47,37,3350.6,16380.0,
2026-09-05T05:16:32.686193+00:00,03_vlm_polymer_real_synth,7,7,8.6,12.86,30.49,1501.44,NVIDIA GeForce RTX 4060 Ti,36,64.03,25,3350.6,16380.0,
2026-09-05T05:16:42.750104+00:00,03_vlm_polymer_real_synth,7,7,6.9,12.9,30.49,1501.44,NVIDIA GeForce RTX 4060 Ti,34,35.31,0,3960.6,16380.0,
2026-09-05T05:16:52.817836+00:00,03_vlm_polymer_real_synth,7,7,8.5,12.9,30.49,1501.44,NVIDIA GeForce RTX 4060 Ti,37,61.52,18,3960.6,16380.0,
2026-09-05T05:17:02.882836+00:00,03_vlm_polymer_real_synth,7,7,8.5,12.89,30.49,1501.44,NVIDIA GeForce RTX 4060 Ti,40,60.07,46,3960.6,16380.0,
2026-09-05T05:17:12.945801+00:00,,,,8.5,12.91,30.49,1501.44,NVIDIA GeForce RTX 4060 Ti,39,49.44,0,3960.6,16380.0,
2026-09-05T05:17:23.017845+00:00,03_vlm_polymer_real_synth,8,8,8.1,12.9,30.49,1501.44,NVIDIA GeForce RTX 4060 Ti,40,65.87,0,3342.6,16380.0,
2026-09-05T05:17:33.082849+00:00,03_vlm_polymer_real_synth,8,8,8.6,12.86,30.49,1501.44,NVIDIA GeForce RTX 4060 Ti,42,67.89,50,3350.6,16380.0,
2026-09-05T05:17:43.147822+00:00,03_vlm_polymer_real_synth,8,8,8.5,12.83,30.49,1501.44,NVIDIA GeForce RTX 4060 Ti,43,67.03,30,3350.6,16380.0,
2026-09-05T05:17:53.218838+00:00,03_vlm_polymer_real_synth,8,8,8.5,12.88,30.49,1501.44,NVIDIA GeForce RTX 4060 Ti,48,67.68,63,3350.6,16380.0,
2026-09-05T05:18:03.287829+00:00,03_vlm_polymer_real_synth,8,8,8.5,12.88,30.49,1501.44,NVIDIA GeForce RTX 4060 Ti,45,67.44,45,3350.6,16380.0,
2026-09-05T05:18:13.350833+00:00,03_vlm_polymer_real_synth,8,8,8.5,12.89,30.49,1501.44,NVIDIA GeForce RTX 4060 Ti,48,70.98,63,3350.6,16380.0,
2026-09-05T05:18:23.413816+00:00,03_vlm_polymer_real_synth,8,8,8.6,12.87,30.49,1501.44,NVIDIA GeForce RTX 4060 Ti,49,68.09,48,3350.6,16380.0,
2026-09-05T05:18:33.476822+00:00,03_vlm_polymer_real_synth,8,8,8.6,12.86,30.49,1501.44,NVIDIA GeForce RTX 4060 Ti,50,72.63,68,3350.6,16380.0,
2026-09-05T05:18:43.546821+00:00,03_vlm_polymer_real_synth,8,8,8.5,12.86,30.49,1501.44,NVIDIA GeForce RTX 4060 Ti,49,68.57,62,3350.6,16380.0,
2026-09-05T05:18:53.611830+00:00,03_vlm_polymer_real_synth,8,8,8.5,12.85,30.49,1501.44,NVIDIA GeForce RTX 4060 Ti,52,68.67,38,3350.6,16380.0,
2026-09-05T05:19:03.676831+00:00,03_vlm_polymer_real_synth,8,8,8.5,12.83,30.49,1501.44,NVIDIA GeForce RTX 4060 Ti,52,69.02,38,3350.6,16380.0,
2026-09-05T05:19:13.746859+00:00,03_vlm_polymer_real_synth,8,8,8.5,12.85,30.49,1501.44,NVIDIA GeForce RTX 4060 Ti,50,69.27,61,3350.6,16380.0,
2026-09-05T05:19:23.802960+00:00,03_vlm_polymer_real_synth,8,8,8.6,12.88,30.49,1501.44,NVIDIA GeForce RTX 4060 Ti,52,69.51,76,3350.6,16380.0,
2026-09-05T05:19:33.866849+00:00,03_vlm_polymer_real_synth,8,8,8.6,12.88,30.49,1501.44,NVIDIA GeForce RTX 4060 Ti,53,69.74,50,3350.6,16380.0,
2026-09-05T05:19:43.935838+00:00,03_vlm_polymer_real_synth,8,8,8.5,12.88,30.49,1501.44,NVIDIA GeForce RTX 4060 Ti,54,69.88,66,3350.6,16380.0,
2026-09-05T05:19:54.001832+00:00,03_vlm_polymer_real_synth,8,8,8.5,12.89,30.49,1501.44,NVIDIA GeForce RTX 4060 Ti,53,70.56,11,3350.6,16380.0,
2026-09-05T05:20:04.066830+00:00,03_vlm_polymer_real_synth,8,8,8.5,12.88,30.49,1501.44,NVIDIA GeForce RTX 4060 Ti,54,70.13,12,3350.6,16380.0,
2026-09-05T05:20:14.135840+00:00,03_vlm_polymer_real_synth,8,8,8.5,12.89,30.49,1501.44,NVIDIA GeForce RTX 4060 Ti,56,70.36,57,3350.6,16380.0,
2026-09-05T05:20:24.198832+00:00,03_vlm_polymer_real_synth,8,8,8.5,12.89,30.49,1501.44,NVIDIA GeForce RTX 4060 Ti,59,70.38,61,3350.6,16380.0,
2026-09-05T05:20:34.262827+00:00,03_vlm_polymer_real_synth,8,8,8.6,12.88,30.49,1501.44,NVIDIA GeForce RTX 4060 Ti,56,70.63,0,3350.6,16380.0,
2026-09-05T05:20:44.326413+00:00,03_vlm_polymer_real_synth,8,8,8.5,12.88,30.49,1501.44,NVIDIA GeForce RTX 4060 Ti,55,73.12,0,3350.6,16380.0,
2026-09-05T05:20:54.390819+00:00,03_vlm_polymer_real_synth,8,8,8.7,12.91,30.49,1501.44,NVIDIA GeForce RTX 4060 Ti,60,72.02,53,3350.6,16380.0,
2026-09-05T05:21:04.424374+00:00,03_vlm_polymer_real_synth,8,8,8.5,12.87,30.49,1501.44,NVIDIA GeForce RTX 4060 Ti,58,72.93,32,3350.6,16380.0,
2026-09-05T05:21:14.473804+00:00,03_vlm_polymer_real_synth,8,8,8.6,12.85,30.49,1501.44,NVIDIA GeForce RTX 4060 Ti,56,71.24,69,3350.6,16380.0,
2026-09-05T05:21:24.530520+00:00,03_vlm_polymer_real_synth,8,8,8.5,12.87,30.49,1501.44,NVIDIA GeForce RTX 4060 Ti,58,71.31,42,3350.6,16380.0,
2026-09-05T05:21:34.593826+00:00,03_vlm_polymer_real_synth,8,8,8.6,12.84,30.49,1501.44,NVIDIA GeForce RTX 4060 Ti,61,72.72,0,3350.6,16380.0,
2026-09-05T05:21:44.656821+00:00,03_vlm_polymer_real_synth,8,8,8.5,12.84,30.49,1501.44,NVIDIA GeForce RTX 4060 Ti,57,72.75,81,3350.6,16380.0,
2026-09-05T05:21:54.722832+00:00,03_vlm_polymer_real_synth,8,8,8.6,12.84,30.49,1501.44,NVIDIA GeForce RTX 4060 Ti,59,70.13,0,3383.1,16380.0,
2026-09-05T05:22:04.788818+00:00,03_vlm_polymer_real_synth,8,8,8.5,12.84,30.49,1501.44,NVIDIA GeForce RTX 4060 Ti,59,71.75,39,3383.1,16380.0,
2026-09-05T05:22:14.851827+00:00,03_vlm_polymer_real_synth,8,8,8.5,12.83,30.49,1501.44,NVIDIA GeForce RTX 4060 Ti,60,73.19,58,3383.1,16380.0,
2026-09-05T05:22:24.919837+00:00,03_vlm_polymer_real_synth,8,8,8.5,12.84,30.49,1501.44,NVIDIA GeForce RTX 4060 Ti,60,73.6,19,3383.1,16380.0,
2026-09-05T05:22:34.982821+00:00,03_vlm_polymer_real_synth,8,8,15.3,12.8,30.49,1501.44,NVIDIA GeForce RTX 4060 Ti,58,72.03,0,3383.1,16380.0,
2026-09-05T05:22:45.023452+00:00,03_vlm_polymer_real_synth,8,8,14.7,12.82,30.49,1501.44,NVIDIA GeForce RTX 4060 Ti,63,71.95,58,3383.1,16380.0,
2026-09-05T05:22:55.075769+00:00,03_vlm_polymer_real_synth,8,8,11.6,12.94,30.49,1501.44,NVIDIA GeForce RTX 4060 Ti,63,72.15,65,3383.1,16380.0,
2026-09-05T05:23:05.107275+00:00,03_vlm_polymer_real_synth,8,8,8.5,12.97,30.49,1501.44,NVIDIA GeForce RTX 4060 Ti,59,72.0,17,3383.1,16380.0,
2026-09-05T05:23:15.171824+00:00,03_vlm_polymer_real_synth,8,8,8.5,12.94,30.49,1501.44,NVIDIA GeForce RTX 4060 Ti,59,75.32,14,3383.1,16380.0,
2026-09-05T05:23:25.235831+00:00,03_vlm_polymer_real_synth,8,8,8.5,12.96,30.49,1501.44,NVIDIA GeForce RTX 4060 Ti,61,72.14,32,3383.1,16380.0,
2026-09-05T05:23:35.302643+00:00,03_vlm_polymer_real_synth,8,8,8.6,12.96,30.49,1501.44,NVIDIA GeForce RTX 4060 Ti,61,76.18,55,3383.1,16380.0,
2026-09-05T05:23:45.366835+00:00,03_vlm_polymer_real_synth,8,8,8.5,12.95,30.49,1501.44,NVIDIA GeForce RTX 4060 Ti,60,75.18,65,3383.1,16380.0,
2026-09-05T05:23:55.432836+00:00,03_vlm_polymer_real_synth,8,8,8.5,12.96,30.49,1501.44,NVIDIA GeForce RTX 4060 Ti,60,71.22,0,3383.1,16380.0,
2026-09-05T05:24:05.499123+00:00,03_vlm_polymer_real_synth,8,8,8.5,12.99,30.49,1501.44,NVIDIA GeForce RTX 4060 Ti,60,72.18,71,3383.1,16380.0,
2026-09-05T05:24:15.561843+00:00,03_vlm_polymer_real_synth,8,8,8.5,12.97,30.49,1501.44,NVIDIA GeForce RTX 4060 Ti,59,74.16,56,3383.1,16380.0,
2026-09-05T05:24:25.632831+00:00,03_vlm_polymer_real_synth,8,8,8.5,12.93,30.49,1501.44,NVIDIA GeForce RTX 4060 Ti,60,74.75,79,3383.1,16380.0,
2026-09-05T05:24:35.695829+00:00,03_vlm_polymer_real_synth,8,8,8.6,12.93,30.49,1501.44,NVIDIA GeForce RTX 4060 Ti,64,73.97,52,3383.1,16380.0,
2026-09-05T05:24:45.765827+00:00,03_vlm_polymer_real_synth,8,8,8.5,12.95,30.49,1501.44,NVIDIA GeForce RTX 4060 Ti,62,74.01,35,3383.1,16380.0,
2026-09-05T05:24:55.829332+00:00,03_vlm_polymer_real_synth,8,8,8.5,12.96,30.49,1501.44,NVIDIA GeForce RTX 4060 Ti,62,74.86,15,3383.1,16380.0,
2026-09-05T05:25:05.892841+00:00,03_vlm_polymer_real_synth,8,8,8.5,12.95,30.49,1501.44,NVIDIA GeForce RTX 4060 Ti,59,72.34,28,3383.1,16380.0,
2026-09-05T05:25:15.955832+00:00,03_vlm_polymer_real_synth,8,8,8.5,13.0,30.49,1501.44,NVIDIA GeForce RTX 4060 Ti,52,68.87,68,3383.1,16380.0,
2026-09-05T05:25:26.020828+00:00,03_vlm_polymer_real_synth,8,8,8.5,12.94,30.49,1501.44,NVIDIA GeForce RTX 4060 Ti,49,69.15,61,3383.1,16380.0,
2026-09-05T05:25:36.090839+00:00,03_vlm_polymer_real_synth,8,8,8.5,12.95,30.49,1501.44,NVIDIA GeForce RTX 4060 Ti,45,67.87,59,3383.1,16380.0,
2026-09-05T05:25:46.154836+00:00,03_vlm_polymer_real_synth,8,8,8.5,12.93,30.49,1501.44,NVIDIA GeForce RTX 4060 Ti,45,67.6,53,3383.1,16380.0,
2026-09-05T05:25:56.222851+00:00,03_vlm_polymer_real_synth,8,8,8.9,12.99,30.49,1501.44,NVIDIA GeForce RTX 4060 Ti,44,66.56,0,3383.1,16380.0,
2026-09-05T05:26:06.285834+00:00,03_vlm_polymer_real_synth,8,8,8.6,12.96,30.49,1501.44,NVIDIA GeForce RTX 4060 Ti,41,67.09,0,3383.1,16380.0,
2026-09-05T05:26:16.349402+00:00,03_vlm_polymer_real_synth,8,8,8.5,12.96,30.49,1501.44,NVIDIA GeForce RTX 4060 Ti,45,65.19,53,3383.1,16380.0,
2026-09-05T05:26:26.416825+00:00,03_vlm_polymer_real_synth,8,8,8.5,12.94,30.49,1501.44,NVIDIA GeForce RTX 4060 Ti,42,69.17,46,3383.1,16380.0,
2026-09-05T05:26:36.486823+00:00,03_vlm_polymer_real_synth,8,8,8.5,12.96,30.49,1501.44,NVIDIA GeForce RTX 4060 Ti,43,66.44,28,3383.1,16380.0,
2026-09-05T05:26:46.541394+00:00,03_vlm_polymer_real_synth,8,8,8.5,13.0,30.49,1501.44,NVIDIA GeForce RTX 4060 Ti,40,66.89,56,3383.1,16380.0,
2026-09-05T05:26:56.559082+00:00,03_vlm_polymer_real_synth,8,8,8.5,13.0,30.49,1501.44,NVIDIA GeForce RTX 4060 Ti,41,67.28,70,3383.1,16380.0,
2026-09-05T05:27:06.616085+00:00,03_vlm_polymer_real_synth,8,8,8.6,12.94,30.49,1501.44,NVIDIA GeForce RTX 4060 Ti,38,68.37,67,3383.1,16380.0,
2026-09-05T05:27:16.687836+00:00,03_vlm_polymer_real_synth,8,8,8.5,12.95,30.49,1501.44,NVIDIA GeForce RTX 4060 Ti,41,65.98,70,3383.1,16380.0,
2026-09-05T05:27:26.750845+00:00,03_vlm_polymer_real_synth,8,8,8.5,12.92,30.49,1501.44,NVIDIA GeForce RTX 4060 Ti,38,66.53,64,3383.1,16380.0,
2026-09-05T05:27:36.813838+00:00,03_vlm_polymer_real_synth,8,8,8.5,12.93,30.49,1501.44,NVIDIA GeForce RTX 4060 Ti,38,66.53,59,3383.1,16380.0,
2026-09-05T05:27:46.874114+00:00,03_vlm_polymer_real_synth,8,8,8.5,12.92,30.49,1501.44,NVIDIA GeForce RTX 4060 Ti,42,71.33,0,3383.1,16380.0,
2026-09-05T05:27:56.936824+00:00,03_vlm_polymer_real_synth,8,8,8.5,12.97,30.49,1501.44,NVIDIA GeForce RTX 4060 Ti,40,66.69,3,3383.1,16380.0,
2026-09-05T05:28:06.999838+00:00,03_vlm_polymer_real_synth,8,8,8.6,12.96,30.49,1501.44,NVIDIA GeForce RTX 4060 Ti,39,66.22,80,3383.1,16380.0,
2026-09-05T05:28:17.062815+00:00,03_vlm_polymer_real_synth,8,8,8.5,12.92,30.49,1501.44,NVIDIA GeForce RTX 4060 Ti,39,70.65,27,3383.1,16380.0,
2026-09-05T05:28:27.125825+00:00,03_vlm_polymer_real_synth,8,8,8.5,12.94,30.49,1501.44,NVIDIA GeForce RTX 4060 Ti,37,67.31,0,3383.1,16380.0,
2026-09-05T05:28:37.194830+00:00,03_vlm_polymer_real_synth,8,8,8.5,12.96,30.49,1501.44,NVIDIA GeForce RTX 4060 Ti,37,66.34,16,3383.1,16380.0,
2026-09-05T05:28:47.258888+00:00,03_vlm_polymer_real_synth,8,8,8.5,12.95,30.49,1501.44,NVIDIA GeForce RTX 4060 Ti,37,65.55,0,3383.1,16380.0,
2026-09-05T05:28:57.321823+00:00,03_vlm_polymer_real_synth,8,8,8.5,12.95,30.49,1501.44,NVIDIA GeForce RTX 4060 Ti,39,66.5,56,3383.1,16380.0,
2026-09-05T05:29:07.391844+00:00,03_vlm_polymer_real_synth,8,8,8.5,12.95,30.49,1501.44,NVIDIA GeForce RTX 4060 Ti,39,66.28,67,3383.1,16380.0,
2026-09-05T05:29:17.454826+00:00,03_vlm_polymer_real_synth,8,8,8.5,13.02,30.49,1501.44,NVIDIA GeForce RTX 4060 Ti,38,59.8,11,3383.1,16380.0,
2026-09-05T05:29:27.519844+00:00,03_vlm_polymer_real_synth,8,8,8.5,13.0,30.49,1501.44,NVIDIA GeForce RTX 4060 Ti,39,59.24,49,3383.1,16380.0,
2026-09-05T05:29:37.583949+00:00,03_vlm_polymer_real_synth,8,8,8.5,12.99,30.49,1501.44,NVIDIA GeForce RTX 4060 Ti,37,56.66,29,3383.1,16380.0,
2026-09-05T05:29:47.647836+00:00,03_vlm_polymer_real_synth,8,8,8.6,13.0,30.49,1501.44,NVIDIA GeForce RTX 4060 Ti,39,61.64,22,3383.1,16380.0,
2026-09-05T05:29:57.711474+00:00,03_vlm_polymer_real_synth,8,8,8.1,13.0,30.49,1501.42,NVIDIA GeForce RTX 4060 Ti,39,68.32,0,3383.1,16380.0,
2026-09-05T05:30:07.775827+00:00,03_vlm_polymer_real_synth,8,8,8.5,13.0,30.49,1501.42,NVIDIA GeForce RTX 4060 Ti,38,68.12,39,3382.6,16380.0,
2026-09-05T05:30:17.841832+00:00,03_vlm_polymer_real_synth,8,8,8.5,13.0,30.49,1501.42,NVIDIA GeForce RTX 4060 Ti,38,69.47,13,3382.6,16380.0,
2026-09-05T05:30:27.910832+00:00,03_vlm_polymer_real_synth,8,8,8.5,13.0,30.49,1501.42,NVIDIA GeForce RTX 4060 Ti,37,66.21,50,3382.6,16380.0,
2026-09-05T05:30:37.975833+00:00,03_vlm_polymer_real_synth,8,8,8.5,12.98,30.49,1501.42,NVIDIA GeForce RTX 4060 Ti,39,71.96,71,3382.6,16380.0,
2026-09-05T05:30:48.038827+00:00,03_vlm_polymer_real_synth,8,8,8.5,12.99,30.49,1501.42,NVIDIA GeForce RTX 4060 Ti,39,70.35,17,3382.6,16380.0,
2026-09-05T05:30:58.102957+00:00,03_vlm_polymer_real_synth,8,8,8.6,13.01,30.49,1501.42,NVIDIA GeForce RTX 4060 Ti,41,71.05,63,3382.6,16380.0,
2026-09-05T05:31:08.170828+00:00,03_vlm_polymer_real_synth,8,8,8.6,13.0,30.49,1501.42,NVIDIA GeForce RTX 4060 Ti,38,69.2,75,3382.6,16380.0,
2026-09-05T05:31:18.234827+00:00,03_vlm_polymer_real_synth,8,8,8.5,13.0,30.49,1501.42,NVIDIA GeForce RTX 4060 Ti,40,68.67,51,3382.6,16380.0,
2026-09-05T05:31:28.298844+00:00,03_vlm_polymer_real_synth,8,8,8.5,13.0,30.49,1501.42,NVIDIA GeForce RTX 4060 Ti,37,69.28,9,3382.6,16380.0,
2026-09-05T05:31:38.361827+00:00,03_vlm_polymer_real_synth,8,8,8.6,13.0,30.49,1501.42,NVIDIA GeForce RTX 4060 Ti,39,72.67,51,3382.6,16380.0,
2026-09-05T05:31:48.424838+00:00,03_vlm_polymer_real_synth,8,8,8.5,13.02,30.49,1501.42,NVIDIA GeForce RTX 4060 Ti,37,68.44,26,3350.6,16380.0,
2026-09-05T05:31:58.488838+00:00,03_vlm_polymer_real_synth,8,8,8.5,13.02,30.49,1501.42,NVIDIA GeForce RTX 4060 Ti,39,72.15,63,3350.6,16380.0,
2026-09-05T05:32:08.557826+00:00,03_vlm_polymer_real_synth,8,8,8.5,13.03,30.49,1501.42,NVIDIA GeForce RTX 4060 Ti,40,69.96,62,3350.6,16380.0,
2026-09-05T05:32:18.627859+00:00,03_vlm_polymer_real_synth,8,8,8.5,13.02,30.49,1501.42,NVIDIA GeForce RTX 4060 Ti,40,68.06,14,3350.6,16380.0,
2026-09-05T05:32:28.692835+00:00,03_vlm_polymer_real_synth,8,8,8.5,13.03,30.49,1501.42,NVIDIA GeForce RTX 4060 Ti,38,69.52,42,3350.6,16380.0,
2026-09-05T05:32:38.764463+00:00,03_vlm_polymer_real_synth,8,8,8.6,13.03,30.49,1501.42,NVIDIA GeForce RTX 4060 Ti,39,68.91,38,3350.6,16380.0,
2026-09-05T05:32:48.828829+00:00,03_vlm_polymer_real_synth,8,8,8.5,13.04,30.49,1501.42,NVIDIA GeForce RTX 4060 Ti,39,69.79,27,3350.6,16380.0,
2026-09-05T05:32:58.895823+00:00,03_vlm_polymer_real_synth,8,8,8.5,13.04,30.49,1501.42,NVIDIA GeForce RTX 4060 Ti,39,69.94,47,3350.6,16380.0,
2026-09-05T05:33:08.949874+00:00,03_vlm_polymer_real_synth,8,8,8.5,13.04,30.49,1501.42,NVIDIA GeForce RTX 4060 Ti,37,70.13,79,3350.6,16380.0,
2026-09-05T05:33:19.019839+00:00,03_vlm_polymer_real_synth,8,8,8.5,13.04,30.49,1501.42,NVIDIA GeForce RTX 4060 Ti,37,69.56,48,3350.6,16380.0,
2026-09-05T05:33:29.084845+00:00,03_vlm_polymer_real_synth,8,8,8.5,13.04,30.49,1501.42,NVIDIA GeForce RTX 4060 Ti,39,69.2,54,3350.6,16380.0,
2026-09-05T05:33:39.147851+00:00,03_vlm_polymer_real_synth,8,8,8.5,13.03,30.49,1501.42,NVIDIA GeForce RTX 4060 Ti,38,69.29,10,3350.6,16380.0,
2026-09-05T05:33:49.214838+00:00,03_vlm_polymer_real_synth,8,8,8.5,13.03,30.49,1501.42,NVIDIA GeForce RTX 4060 Ti,37,71.98,1,3350.6,16380.0,
2026-09-05T05:33:59.278247+00:00,03_vlm_polymer_real_synth,8,8,8.5,13.03,30.49,1501.42,NVIDIA GeForce RTX 4060 Ti,37,66.41,0,3350.6,16380.0,
2026-09-05T05:34:09.341839+00:00,03_vlm_polymer_real_synth,8,8,8.5,13.02,30.49,1501.42,NVIDIA GeForce RTX 4060 Ti,40,71.68,74,3350.6,16380.0,
2026-09-05T05:34:19.404848+00:00,03_vlm_polymer_real_synth,8,8,8.5,13.02,30.49,1501.42,NVIDIA GeForce RTX 4060 Ti,38,68.29,0,3350.6,16380.0,
2026-09-05T05:34:29.469833+00:00,03_vlm_polymer_real_synth,8,8,8.5,13.04,30.49,1501.42,NVIDIA GeForce RTX 4060 Ti,39,68.86,77,3350.6,16380.0,
2026-09-05T05:34:39.535819+00:00,03_vlm_polymer_real_synth,8,8,8.5,13.01,30.49,1501.42,NVIDIA GeForce RTX 4060 Ti,41,71.32,20,3350.6,16380.0,
2026-09-05T05:34:49.598832+00:00,03_vlm_polymer_real_synth,8,8,8.5,13.01,30.49,1501.42,NVIDIA GeForce RTX 4060 Ti,40,70.72,3,3350.6,16380.0,
2026-09-05T05:34:59.661843+00:00,03_vlm_polymer_real_synth,8,8,8.5,13.03,30.49,1501.42,NVIDIA GeForce RTX 4060 Ti,39,71.65,71,3350.6,16380.0,
2026-09-05T05:35:09.725458+00:00,03_vlm_polymer_real_synth,8,8,8.5,13.03,30.49,1501.42,NVIDIA GeForce RTX 4060 Ti,39,69.14,60,3350.6,16380.0,
2026-09-05T05:35:19.758570+00:00,03_vlm_polymer_real_synth,8,8,8.5,13.03,30.49,1501.42,NVIDIA GeForce RTX 4060 Ti,37,72.25,25,3350.6,16380.0,
2026-09-05T05:35:29.822823+00:00,03_vlm_polymer_real_synth,8,8,8.5,13.04,30.49,1501.42,NVIDIA GeForce RTX 4060 Ti,41,68.59,0,3350.6,16380.0,
2026-09-05T05:35:39.887834+00:00,03_vlm_polymer_real_synth,8,8,8.5,13.04,30.49,1501.43,NVIDIA GeForce RTX 4060 Ti,40,69.85,55,3350.6,16380.0,
2026-09-05T05:35:49.951839+00:00,03_vlm_polymer_real_synth,8,8,8.5,13.04,30.49,1501.43,NVIDIA GeForce RTX 4060 Ti,38,69.1,12,3350.6,16380.0,
2026-09-05T05:36:00.016824+00:00,03_vlm_polymer_real_synth,8,8,8.8,13.08,30.49,1501.43,NVIDIA GeForce RTX 4060 Ti,41,71.59,55,3350.6,16380.0,
2026-09-05T05:36:10.079837+00:00,03_vlm_polymer_real_synth,8,8,8.5,13.03,30.49,1501.43,NVIDIA GeForce RTX 4060 Ti,39,69.84,0,3350.6,16380.0,
2026-09-05T05:36:20.135399+00:00,03_vlm_polymer_real_synth,8,8,8.5,13.03,30.49,1501.43,NVIDIA GeForce RTX 4060 Ti,41,67.41,62,3350.6,16380.0,
2026-09-05T05:36:30.201834+00:00,03_vlm_polymer_real_synth,8,8,8.5,13.03,30.49,1501.43,NVIDIA GeForce RTX 4060 Ti,40,66.4,57,3350.6,16380.0,
2026-09-05T05:36:40.265831+00:00,03_vlm_polymer_real_synth,8,8,8.5,13.02,30.49,1501.43,NVIDIA GeForce RTX 4060 Ti,40,69.24,50,3350.6,16380.0,
2026-09-05T05:36:50.335824+00:00,03_vlm_polymer_real_synth,8,8,8.5,13.01,30.49,1501.43,NVIDIA GeForce RTX 4060 Ti,41,72.42,51,3350.6,16380.0,
2026-09-05T05:37:00.398833+00:00,03_vlm_polymer_real_synth,8,8,8.5,13.02,30.49,1501.43,NVIDIA GeForce RTX 4060 Ti,39,68.73,71,3350.6,16380.0,
2026-09-05T05:37:10.467839+00:00,03_vlm_polymer_real_synth,8,8,8.5,13.01,30.49,1501.43,NVIDIA GeForce RTX 4060 Ti,37,68.56,68,3350.6,16380.0,
2026-09-05T05:37:20.531847+00:00,03_vlm_polymer_real_synth,8,8,8.5,13.01,30.49,1501.43,NVIDIA GeForce RTX 4060 Ti,39,68.71,5,3350.6,16380.0,
2026-09-05T05:37:30.595825+00:00,03_vlm_polymer_real_synth,8,8,8.5,13.01,30.49,1501.43,NVIDIA GeForce RTX 4060 Ti,39,72.42,69,3350.6,16380.0,
2026-09-05T05:37:40.658975+00:00,03_vlm_polymer_real_synth,8,8,8.5,13.03,30.49,1501.43,NVIDIA GeForce RTX 4060 Ti,39,70.2,20,3350.6,16380.0,
2026-09-05T05:37:50.722837+00:00,03_vlm_polymer_real_synth,8,8,8.5,13.05,30.49,1501.43,NVIDIA GeForce RTX 4060 Ti,39,66.38,26,3350.6,16380.0,
2026-09-05T05:38:00.785827+00:00,03_vlm_polymer_real_synth,8,8,8.5,13.05,30.49,1501.43,NVIDIA GeForce RTX 4060 Ti,39,68.2,17,3350.6,16380.0,
2026-09-05T05:38:10.849841+00:00,03_vlm_polymer_real_synth,8,8,8.5,13.04,30.49,1501.43,NVIDIA GeForce RTX 4060 Ti,38,70.23,53,3350.6,16380.0,
2026-09-05T05:38:20.912816+00:00,03_vlm_polymer_real_synth,8,8,8.5,13.03,30.49,1501.43,NVIDIA GeForce RTX 4060 Ti,39,71.74,28,3350.6,16380.0,
2026-09-05T05:38:30.975835+00:00,03_vlm_polymer_real_synth,8,8,8.5,13.04,30.49,1501.43,NVIDIA GeForce RTX 4060 Ti,39,71.6,0,3350.6,16380.0,
2026-09-05T05:38:41.044834+00:00,03_vlm_polymer_real_synth,8,8,8.5,13.06,30.49,1501.43,NVIDIA GeForce RTX 4060 Ti,37,66.74,9,3350.6,16380.0,
2026-09-05T05:38:51.109797+00:00,03_vlm_polymer_real_synth,8,8,8.8,13.05,30.49,1501.43,NVIDIA GeForce RTX 4060 Ti,39,67.28,57,3350.6,16380.0,
2026-09-05T05:39:01.172836+00:00,03_vlm_polymer_real_synth,8,8,8.5,13.05,30.49,1501.43,NVIDIA GeForce RTX 4060 Ti,40,66.51,62,3350.6,16380.0,
2026-09-05T05:39:11.236539+00:00,03_vlm_polymer_real_synth,8,8,8.5,13.04,30.49,1501.43,NVIDIA GeForce RTX 4060 Ti,40,66.41,57,3350.6,16380.0,
2026-09-05T05:39:21.300865+00:00,03_vlm_polymer_real_synth,8,8,8.5,13.06,30.49,1501.43,NVIDIA GeForce RTX 4060 Ti,41,68.6,62,3350.6,16380.0,
2026-09-05T05:39:31.371838+00:00,03_vlm_polymer_real_synth,8,8,8.6,13.05,30.49,1501.43,NVIDIA GeForce RTX 4060 Ti,37,68.55,5,3350.6,16380.0,
2026-09-05T05:39:41.435820+00:00,03_vlm_polymer_real_synth,8,8,8.5,13.05,30.49,1501.43,NVIDIA GeForce RTX 4060 Ti,39,68.82,21,3350.6,16380.0,
2026-09-05T05:39:51.506519+00:00,03_vlm_polymer_real_synth,8,8,8.5,13.04,30.49,1501.43,NVIDIA GeForce RTX 4060 Ti,37,69.83,29,3350.6,16380.0,
2026-09-05T05:40:01.576829+00:00,03_vlm_polymer_real_synth,8,8,8.5,13.04,30.49,1501.43,NVIDIA GeForce RTX 4060 Ti,39,73.07,76,3350.6,16380.0,
2026-09-05T05:40:11.639836+00:00,03_vlm_polymer_real_synth,8,8,8.5,13.04,30.49,1501.43,NVIDIA GeForce RTX 4060 Ti,41,70.26,0,3350.6,16380.0,
2026-09-05T05:40:21.702840+00:00,03_vlm_polymer_real_synth,8,8,8.5,13.03,30.49,1501.43,NVIDIA GeForce RTX 4060 Ti,40,66.95,36,3350.6,16380.0,
2026-09-05T05:40:31.771831+00:00,03_vlm_polymer_real_synth,8,8,8.6,13.04,30.49,1501.43,NVIDIA GeForce RTX 4060 Ti,40,70.09,65,3350.6,16380.0,
2026-09-05T05:40:41.836540+00:00,03_vlm_polymer_real_synth,8,8,8.5,13.03,30.49,1501.43,NVIDIA GeForce RTX 4060 Ti,37,67.88,49,3350.6,16380.0,
2026-09-05T05:40:51.885582+00:00,03_vlm_polymer_real_synth,8,8,8.5,13.04,30.49,1501.43,NVIDIA GeForce RTX 4060 Ti,38,68.05,63,3350.6,16380.0,
2026-09-05T05:41:01.916392+00:00,03_vlm_polymer_real_synth,8,8,8.7,13.1,30.49,1501.43,NVIDIA GeForce RTX 4060 Ti,37,61.23,15,3350.6,16380.0,
2026-09-05T05:41:11.979835+00:00,03_vlm_polymer_real_synth,8,8,8.5,13.07,30.49,1501.43,NVIDIA GeForce RTX 4060 Ti,37,60.37,27,3350.6,16380.0,
2026-09-05T05:41:22.026885+00:00,03_vlm_polymer_real_synth,8,8,8.5,13.04,30.49,1501.43,NVIDIA GeForce RTX 4060 Ti,39,62.66,19,3350.6,16380.0,
2026-09-05T05:41:32.089835+00:00,03_vlm_polymer_real_synth,8,8,8.6,13.03,30.49,1501.43,NVIDIA GeForce RTX 4060 Ti,36,61.52,49,3350.6,16380.0,
2026-09-05T05:41:42.152827+00:00,03_vlm_polymer_real_synth,8,8,8.2,13.01,30.49,1501.43,NVIDIA GeForce RTX 4060 Ti,40,68.37,52,3350.6,16380.0,
2026-09-05T05:41:52.216665+00:00,03_vlm_polymer_real_synth,8,8,8.5,13.03,30.49,1501.43,NVIDIA GeForce RTX 4060 Ti,37,72.33,72,3350.6,16380.0,
2026-09-05T05:42:02.286838+00:00,03_vlm_polymer_real_synth,8,8,8.6,13.03,30.49,1501.42,NVIDIA GeForce RTX 4060 Ti,37,70.3,32,3350.6,16380.0,
2026-09-05T05:42:12.353840+00:00,03_vlm_polymer_real_synth,8,8,8.5,13.05,30.49,1501.42,NVIDIA GeForce RTX 4060 Ti,36,68.88,0,3350.6,16380.0,
2026-09-05T05:42:22.417840+00:00,03_vlm_polymer_real_synth,8,8,8.5,13.06,30.49,1501.42,NVIDIA GeForce RTX 4060 Ti,37,71.58,48,3350.6,16380.0,
2026-09-05T05:42:32.464943+00:00,03_vlm_polymer_real_synth,8,8,8.6,13.06,30.49,1501.42,NVIDIA GeForce RTX 4060 Ti,37,68.69,0,3350.6,16380.0,
2026-09-05T05:42:42.529843+00:00,03_vlm_polymer_real_synth,8,8,8.5,13.04,30.49,1501.42,NVIDIA GeForce RTX 4060 Ti,38,66.4,58,3350.6,16380.0,
2026-09-05T05:42:52.595832+00:00,03_vlm_polymer_real_synth,8,8,8.5,13.04,30.49,1501.42,NVIDIA GeForce RTX 4060 Ti,38,67.75,51,3350.6,16380.0,
2026-09-05T05:43:02.659832+00:00,03_vlm_polymer_real_synth,8,8,8.6,13.03,30.49,1501.42,NVIDIA GeForce RTX 4060 Ti,40,66.4,39,3350.6,16380.0,
2026-09-05T05:43:12.723828+00:00,03_vlm_polymer_real_synth,8,8,8.5,13.04,30.49,1501.42,NVIDIA GeForce RTX 4060 Ti,39,70.04,34,3350.6,16380.0,
2026-09-05T05:43:22.787825+00:00,03_vlm_polymer_real_synth,8,8,8.5,13.04,30.49,1501.42,NVIDIA GeForce RTX 4060 Ti,39,70.04,33,3350.6,16380.0,
2026-09-05T05:43:32.857831+00:00,03_vlm_polymer_real_synth,8,8,8.5,13.03,30.49,1501.42,NVIDIA GeForce RTX 4060 Ti,37,68.02,64,3350.6,16380.0,
2026-09-05T05:43:42.921844+00:00,03_vlm_polymer_real_synth,8,8,8.5,13.03,30.49,1501.42,NVIDIA GeForce RTX 4060 Ti,39,69.04,13,3350.6,16380.0,
2026-09-05T05:43:52.984843+00:00,03_vlm_polymer_real_synth,8,8,8.5,13.04,30.49,1501.42,NVIDIA GeForce RTX 4060 Ti,39,69.34,68,3350.6,16380.0,
2026-09-05T05:44:03.044288+00:00,03_vlm_polymer_real_synth,8,8,8.6,13.03,30.49,1501.42,NVIDIA GeForce RTX 4060 Ti,37,70.88,23,3350.6,16380.0,
2026-09-05T05:44:13.111832+00:00,03_vlm_polymer_real_synth,8,8,8.5,13.04,30.49,1501.42,NVIDIA GeForce RTX 4060 Ti,37,66.42,40,3350.6,16380.0,
2026-09-05T05:44:23.133686+00:00,03_vlm_polymer_real_synth,8,8,8.5,13.04,30.49,1501.42,NVIDIA GeForce RTX 4060 Ti,37,68.32,50,3350.6,16380.0,
2026-09-05T05:44:33.198093+00:00,03_vlm_polymer_real_synth,8,8,8.6,13.04,30.49,1501.42,NVIDIA GeForce RTX 4060 Ti,37,69.25,64,3350.6,16380.0,
2026-09-05T05:44:43.262668+00:00,03_vlm_polymer_real_synth,8,8,8.5,13.04,30.49,1501.42,NVIDIA GeForce RTX 4060 Ti,37,68.56,0,3350.6,16380.0,
2026-09-05T05:44:53.325901+00:00,03_vlm_polymer_real_synth,8,8,8.5,13.03,30.49,1501.42,NVIDIA GeForce RTX 4060 Ti,41,70.63,55,3350.6,16380.0,
2026-09-05T05:45:03.389434+00:00,03_vlm_polymer_real_synth,8,8,8.5,13.04,30.49,1501.42,NVIDIA GeForce RTX 4060 Ti,41,70.63,57,3350.6,16380.0,
2026-09-05T05:45:13.452571+00:00,03_vlm_polymer_real_synth,8,8,8.5,13.04,30.49,1501.42,NVIDIA GeForce RTX 4060 Ti,37,70.14,31,3350.6,16380.0,
2026-09-05T05:45:23.488808+00:00,03_vlm_polymer_real_synth,8,8,8.5,13.04,30.49,1501.42,NVIDIA GeForce RTX 4060 Ti,37,68.97,46,3350.6,16380.0,
2026-09-05T05:45:33.526679+00:00,03_vlm_polymer_real_synth,8,8,8.5,13.03,30.49,1501.42,NVIDIA GeForce RTX 4060 Ti,39,68.76,77,3350.6,16380.0,
2026-09-05T05:45:43.571754+00:00,03_vlm_polymer_real_synth,8,8,8.5,13.03,30.49,1501.42,NVIDIA GeForce RTX 4060 Ti,39,69.1,66,3350.6,16380.0,
2026-09-05T05:45:53.605361+00:00,03_vlm_polymer_real_synth,8,8,8.5,13.03,30.49,1501.42,NVIDIA GeForce RTX 4060 Ti,39,67.85,64,3350.6,16380.0,
2026-09-05T05:46:03.669819+00:00,03_vlm_polymer_real_synth,8,8,8.7,13.07,30.49,1501.42,NVIDIA GeForce RTX 4060 Ti,37,69.81,57,3350.6,16380.0,
2026-09-05T05:46:13.733417+00:00,03_vlm_polymer_real_synth,8,8,8.5,13.04,30.49,1501.42,NVIDIA GeForce RTX 4060 Ti,37,71.13,61,3350.6,16380.0,
2026-09-05T05:46:23.796831+00:00,03_vlm_polymer_real_synth,8,8,8.5,13.03,30.49,1501.42,NVIDIA GeForce RTX 4060 Ti,39,66.39,79,3350.6,16380.0,
2026-09-05T05:46:33.862967+00:00,03_vlm_polymer_real_synth,8,8,8.5,13.06,30.49,1501.42,NVIDIA GeForce RTX 4060 Ti,41,72.47,27,3350.6,16380.0,
2026-09-05T05:46:43.926835+00:00,03_vlm_polymer_real_synth,8,8,8.5,13.04,30.49,1501.42,NVIDIA GeForce RTX 4060 Ti,40,66.9,5,3350.6,16380.0,
2026-09-05T05:46:53.990822+00:00,03_vlm_polymer_real_synth,8,8,8.5,13.04,30.49,1501.42,NVIDIA GeForce RTX 4060 Ti,37,70.55,46,3350.6,16380.0,
2026-09-05T05:47:04.061828+00:00,03_vlm_polymer_real_synth,8,8,8.5,13.05,30.49,1501.42,NVIDIA GeForce RTX 4060 Ti,39,70.12,76,3350.6,16380.0,
2026-09-05T05:47:14.125830+00:00,03_vlm_polymer_real_synth,8,8,8.5,13.06,30.49,1501.42,NVIDIA GeForce RTX 4060 Ti,36,65.16,13,3350.6,16380.0,
2026-09-05T05:47:24.193820+00:00,03_vlm_polymer_real_synth,8,8,8.5,13.05,30.49,1501.42,NVIDIA GeForce RTX 4060 Ti,37,69.55,39,3350.6,16380.0,
2026-09-05T05:47:34.256838+00:00,03_vlm_polymer_real_synth,8,8,8.5,13.05,30.49,1501.42,NVIDIA GeForce RTX 4060 Ti,37,71.37,13,3350.6,16380.0,
2026-09-05T05:47:44.319831+00:00,03_vlm_polymer_real_synth,8,8,8.5,13.06,30.49,1501.42,NVIDIA GeForce RTX 4060 Ti,37,66.74,32,3350.6,16380.0,
2026-09-05T05:47:54.386843+00:00,03_vlm_polymer_real_synth,8,8,8.5,13.07,30.49,1501.42,NVIDIA GeForce RTX 4060 Ti,39,71.02,79,3350.6,16380.0,
2026-09-05T05:48:04.449830+00:00,03_vlm_polymer_real_synth,8,8,8.5,13.06,30.49,1501.42,NVIDIA GeForce RTX 4060 Ti,37,69.07,26,3350.6,16380.0,
2026-09-05T05:48:14.488720+00:00,03_vlm_polymer_real_synth,8,8,8.5,13.04,30.49,1501.42,NVIDIA GeForce RTX 4060 Ti,37,69.45,18,3350.6,16380.0,
2026-09-05T05:48:24.553882+00:00,03_vlm_polymer_real_synth,8,8,8.5,13.05,30.49,1501.42,NVIDIA GeForce RTX 4060 Ti,39,70.23,1,3350.6,16380.0,
2026-09-05T05:48:34.616843+00:00,03_vlm_polymer_real_synth,8,8,8.5,13.06,30.49,1501.42,NVIDIA GeForce RTX 4060 Ti,38,66.46,32,3350.6,16380.0,
2026-09-05T05:48:44.679834+00:00,03_vlm_polymer_real_synth,8,8,8.5,13.06,30.49,1501.42,NVIDIA GeForce RTX 4060 Ti,39,68.58,72,3350.6,16380.0,
2026-09-05T05:48:54.744849+00:00,03_vlm_polymer_real_synth,8,8,8.6,13.07,30.49,1501.42,NVIDIA GeForce RTX 4060 Ti,39,70.31,81,3350.6,16380.0,
2026-09-05T05:49:04.807832+00:00,03_vlm_polymer_real_synth,8,8,8.5,13.06,30.49,1501.42,NVIDIA GeForce RTX 4060 Ti,37,70.87,56,3350.6,16380.0,
2026-09-05T05:49:14.870832+00:00,03_vlm_polymer_real_synth,8,8,8.5,13.06,30.49,1501.42,NVIDIA GeForce RTX 4060 Ti,38,68.64,37,3350.6,16380.0,
2026-09-05T05:49:24.933830+00:00,03_vlm_polymer_real_synth,8,8,8.5,13.06,30.49,1501.42,NVIDIA GeForce RTX 4060 Ti,37,68.9,34,3350.6,16380.0,
2026-09-05T05:49:34.999011+00:00,03_vlm_polymer_real_synth,8,8,8.5,13.06,30.49,1501.42,NVIDIA GeForce RTX 4060 Ti,39,70.97,66,3350.6,16380.0,
2026-09-05T05:49:45.062820+00:00,03_vlm_polymer_real_synth,8,8,8.5,13.06,30.49,1501.42,NVIDIA GeForce RTX 4060 Ti,39,73.13,60,3350.6,16380.0,
2026-09-05T05:49:55.130832+00:00,03_vlm_polymer_real_synth,8,8,8.6,13.06,30.49,1501.42,NVIDIA GeForce RTX 4060 Ti,37,66.81,65,3350.6,16380.0,
2026-09-05T05:50:05.151380+00:00,03_vlm_polymer_real_synth,8,8,8.5,13.06,30.49,1501.42,NVIDIA GeForce RTX 4060 Ti,37,66.52,60,3350.6,16380.0,
2026-09-05T05:50:15.196057+00:00,03_vlm_polymer_real_synth,8,8,8.5,13.05,30.49,1501.42,NVIDIA GeForce RTX 4060 Ti,39,71.16,4,3350.6,16380.0,
2026-09-05T05:50:25.259820+00:00,03_vlm_polymer_real_synth,8,8,8.5,13.05,30.49,1501.42,NVIDIA GeForce RTX 4060 Ti,37,71.48,47,3350.6,16380.0,
2026-09-05T05:50:35.322845+00:00,03_vlm_polymer_real_synth,8,8,8.5,13.05,30.49,1501.42,NVIDIA GeForce RTX 4060 Ti,38,71.02,23,3350.6,16380.0,
2026-09-05T05:50:45.385069+00:00,03_vlm_polymer_real_synth,8,8,8.5,13.06,30.49,1501.42,NVIDIA GeForce RTX 4060 Ti,40,68.53,0,3350.6,16380.0,
2026-09-05T05:50:55.442754+00:00,03_vlm_polymer_real_synth,8,8,8.6,13.05,30.49,1501.42,NVIDIA GeForce RTX 4060 Ti,36,67.65,0,3350.6,16380.0,
2026-09-05T05:51:05.506847+00:00,03_vlm_polymer_real_synth,8,8,8.7,13.09,30.49,1501.42,NVIDIA GeForce RTX 4060 Ti,39,71.33,15,3350.6,16380.0,
2026-09-05T05:51:15.569844+00:00,03_vlm_polymer_real_synth,8,8,8.5,13.06,30.49,1501.42,NVIDIA GeForce RTX 4060 Ti,41,70.02,0,3350.6,16380.0,
2026-09-05T05:51:25.603331+00:00,03_vlm_polymer_real_synth,8,8,8.5,13.06,30.49,1501.42,NVIDIA GeForce RTX 4060 Ti,39,70.71,75,3350.6,16380.0,
2026-09-05T05:51:35.667840+00:00,03_vlm_polymer_real_synth,8,8,8.5,13.05,30.49,1501.42,NVIDIA GeForce RTX 4060 Ti,40,66.39,30,3350.6,16380.0,
2026-09-05T05:51:45.735840+00:00,03_vlm_polymer_real_synth,8,8,8.5,13.05,30.49,1501.42,NVIDIA GeForce RTX 4060 Ti,37,70.17,79,3350.6,16380.0,
2026-09-05T05:51:55.798845+00:00,03_vlm_polymer_real_synth,8,8,8.6,13.04,30.49,1501.42,NVIDIA GeForce RTX 4060 Ti,37,71.45,77,3350.6,16380.0,
2026-09-05T05:52:05.861844+00:00,03_vlm_polymer_real_synth,8,8,8.5,13.05,30.49,1501.42,NVIDIA GeForce RTX 4060 Ti,38,67.69,51,3350.6,16380.0,
2026-09-05T05:52:15.924844+00:00,03_vlm_polymer_real_synth,8,8,8.5,13.05,30.49,1501.42,NVIDIA GeForce RTX 4060 Ti,37,69.11,65,3350.6,16380.0,
2026-09-05T05:52:25.989856+00:00,03_vlm_polymer_real_synth,8,8,9.5,12.84,30.49,1501.42,NVIDIA GeForce RTX 4060 Ti,37,68.63,74,3350.6,16380.0,
2026-09-05T05:52:36.058833+00:00,03_vlm_polymer_real_synth,8,8,17.8,12.86,30.49,1501.42,NVIDIA GeForce RTX 4060 Ti,39,69.91,54,3350.6,16380.0,
2026-09-05T05:52:46.095844+00:00,03_vlm_polymer_real_synth,8,8,14.2,12.89,30.49,1501.42,NVIDIA GeForce RTX 4060 Ti,36,62.58,43,3350.6,16380.0,
2026-09-05T05:52:56.116434+00:00,03_vlm_polymer_real_synth,8,8,12.2,12.83,30.49,1501.42,NVIDIA GeForce RTX 4060 Ti,36,60.09,39,3350.6,16380.0,
2026-09-05T05:53:06.145877+00:00,03_vlm_polymer_real_synth,8,8,8.6,12.83,30.49,1501.42,NVIDIA GeForce RTX 4060 Ti,36,62.34,44,3350.6,16380.0,
2026-09-05T05:53:16.182021+00:00,03_vlm_polymer_real_synth,8,8,8.5,12.83,30.49,1501.42,NVIDIA GeForce RTX 4060 Ti,39,66.72,66,3350.6,16380.0,
2026-09-05T05:53:26.248322+00:00,03_vlm_polymer_real_synth,8,8,8.5,12.83,30.49,1501.42,NVIDIA GeForce RTX 4060 Ti,38,67.1,37,3350.6,16380.0,
2026-09-05T05:53:36.292550+00:00,03_vlm_polymer_real_synth,8,8,8.5,12.84,30.49,1501.42,NVIDIA GeForce RTX 4060 Ti,38,68.27,45,3350.6,16380.0,
2026-09-05T05:53:46.322038+00:00,03_vlm_polymer_real_synth,8,8,8.5,12.84,30.49,1501.42,NVIDIA GeForce RTX 4060 Ti,39,68.88,60,3350.6,16380.0,
2026-09-05T05:53:56.374047+00:00,03_vlm_polymer_real_synth,8,8,8.5,12.84,30.49,1501.42,NVIDIA GeForce RTX 4060 Ti,41,68.86,63,3350.6,16380.0,
2026-09-05T05:54:06.438833+00:00,03_vlm_polymer_real_synth,8,8,8.5,12.85,30.49,1501.42,NVIDIA GeForce RTX 4060 Ti,37,66.37,50,3350.6,16380.0,
2026-09-05T05:54:16.503825+00:00,03_vlm_polymer_real_synth,8,8,8.5,12.85,30.49,1501.42,NVIDIA GeForce RTX 4060 Ti,39,69.51,0,3350.6,16380.0,
2026-09-05T05:54:26.542506+00:00,03_vlm_polymer_real_synth,8,8,8.5,12.84,30.49,1501.42,NVIDIA GeForce RTX 4060 Ti,39,66.34,67,3350.6,16380.0,
2026-09-05T05:54:36.568454+00:00,03_vlm_polymer_real_synth,8,8,8.5,12.84,30.49,1501.42,NVIDIA GeForce RTX 4060 Ti,37,69.73,37,3350.6,16380.0,
2026-09-05T05:54:46.631846+00:00,03_vlm_polymer_real_synth,8,8,8.6,12.82,30.49,1501.42,NVIDIA GeForce RTX 4060 Ti,39,70.87,0,3350.6,16380.0,
2026-09-05T05:54:56.694828+00:00,03_vlm_polymer_real_synth,8,8,8.5,12.83,30.49,1501.42,NVIDIA GeForce RTX 4060 Ti,37,70.68,61,3350.6,16380.0,
2026-09-05T05:55:06.731874+00:00,03_vlm_polymer_real_synth,8,8,8.5,12.83,30.49,1501.42,NVIDIA GeForce RTX 4060 Ti,37,69.03,59,3350.6,16380.0,
2026-09-05T05:55:16.795880+00:00,03_vlm_polymer_real_synth,8,8,8.5,12.84,30.49,1501.42,NVIDIA GeForce RTX 4060 Ti,37,70.09,49,3350.6,16380.0,
2026-09-05T05:55:26.851677+00:00,03_vlm_polymer_real_synth,8,8,8.5,12.84,30.49,1501.42,NVIDIA GeForce RTX 4060 Ti,36,67.99,65,3350.6,16380.0,
2026-09-05T05:55:36.916620+00:00,03_vlm_polymer_real_synth,8,8,8.5,12.86,30.49,1501.42,NVIDIA GeForce RTX 4060 Ti,39,69.36,48,3350.6,16380.0,
2026-09-05T05:55:46.931415+00:00,03_vlm_polymer_real_synth,8,8,8.5,12.85,30.49,1501.42,NVIDIA GeForce RTX 4060 Ti,39,70.89,23,3350.6,16380.0,
2026-09-05T05:55:56.995217+00:00,03_vlm_polymer_real_synth,8,8,8.5,12.84,30.49,1501.42,NVIDIA GeForce RTX 4060 Ti,41,67.54,0,3350.6,16380.0,
2026-09-05T05:56:07.059832+00:00,03_vlm_polymer_real_synth,8,8,8.7,12.9,30.49,1501.42,NVIDIA GeForce RTX 4060 Ti,39,70.18,60,3350.6,16380.0,
2026-09-05T05:56:17.108018+00:00,03_vlm_polymer_real_synth,8,8,8.5,12.85,30.49,1501.42,NVIDIA GeForce RTX 4060 Ti,39,70.82,50,3350.6,16380.0,
2026-09-05T05:56:27.173847+00:00,03_vlm_polymer_real_synth,8,8,8.5,12.86,30.49,1501.42,NVIDIA GeForce RTX 4060 Ti,39,69.41,19,3350.6,16380.0,
2026-09-05T05:56:37.200961+00:00,03_vlm_polymer_real_synth,8,8,8.5,12.86,30.49,1501.42,NVIDIA GeForce RTX 4060 Ti,37,68.95,0,3350.6,16380.0,
2026-09-05T05:56:47.264839+00:00,03_vlm_polymer_real_synth,8,8,8.5,12.87,30.49,1501.42,NVIDIA GeForce RTX 4060 Ti,39,66.26,50,3350.6,16380.0,
2026-09-05T05:56:57.284883+00:00,03_vlm_polymer_real_synth,8,8,8.5,12.86,30.49,1501.42,NVIDIA GeForce RTX 4060 Ti,37,69.9,36,3350.6,16380.0,
2026-09-05T05:57:07.349191+00:00,03_vlm_polymer_real_synth,8,8,8.6,12.86,30.49,1501.42,NVIDIA GeForce RTX 4060 Ti,37,66.42,35,3350.6,16380.0,
2026-09-05T05:57:17.406837+00:00,03_vlm_polymer_real_synth,8,8,8.5,12.87,30.49,1501.42,NVIDIA GeForce RTX 4060 Ti,37,68.36,22,3350.6,16380.0,
2026-09-05T05:57:27.471651+00:00,03_vlm_polymer_real_synth,8,8,8.5,12.87,30.49,1501.42,NVIDIA GeForce RTX 4060 Ti,40,74.36,61,3350.6,16380.0,
2026-09-05T05:57:37.498585+00:00,03_vlm_polymer_real_synth,8,8,8.5,12.87,30.49,1501.42,NVIDIA GeForce RTX 4060 Ti,39,68.88,5,3350.6,16380.0,
2026-09-05T05:57:47.558817+00:00,03_vlm_polymer_real_synth,8,8,8.5,12.85,30.49,1501.42,NVIDIA GeForce RTX 4060 Ti,37,69.43,40,3350.6,16380.0,
2026-09-05T05:57:57.616484+00:00,03_vlm_polymer_real_synth,8,8,8.5,12.86,30.49,1501.42,NVIDIA GeForce RTX 4060 Ti,39,69.53,65,3350.6,16380.0,
2026-09-05T05:58:07.661715+00:00,03_vlm_polymer_real_synth,8,8,8.6,12.88,30.49,1501.42,NVIDIA GeForce RTX 4060 Ti,39,67.46,0,3350.6,16380.0,
2026-09-05T05:58:17.675761+00:00,03_vlm_polymer_real_synth,8,8,8.5,12.88,30.49,1501.42,NVIDIA GeForce RTX 4060 Ti,39,71.42,50,3350.6,16380.0,
2026-09-05T05:58:27.703928+00:00,03_vlm_polymer_real_synth,8,8,8.5,12.85,30.49,1501.42,NVIDIA GeForce RTX 4060 Ti,40,66.43,0,3350.6,16380.0,
2026-09-05T05:58:37.761338+00:00,03_vlm_polymer_real_synth,8,8,8.5,12.86,30.49,1501.42,NVIDIA GeForce RTX 4060 Ti,37,68.62,61,3350.6,16380.0,
2026-09-05T05:58:47.809513+00:00,03_vlm_polymer_real_synth,8,8,8.5,12.86,30.49,1501.42,NVIDIA GeForce RTX 4060 Ti,38,70.59,45,3350.6,16380.0,
2026-09-05T05:58:57.838427+00:00,03_vlm_polymer_real_synth,8,8,8.5,12.86,30.49,1501.42,NVIDIA GeForce RTX 4060 Ti,39,68.46,53,3350.6,16380.0,
2026-09-05T05:59:07.871960+00:00,03_vlm_polymer_real_synth,8,8,8.6,12.86,30.49,1501.42,NVIDIA GeForce RTX 4060 Ti,39,66.95,67,3350.6,16380.0,
2026-09-05T05:59:17.935858+00:00,03_vlm_polymer_real_synth,8,8,8.5,12.86,30.49,1501.42,NVIDIA GeForce RTX 4060 Ti,40,71.72,0,3350.6,16380.0,
2026-09-05T05:59:27.981987+00:00,03_vlm_polymer_real_synth,8,8,8.6,12.89,30.49,1501.42,NVIDIA GeForce RTX 4060 Ti,37,68.02,50,3350.6,16380.0,
2026-09-05T05:59:38.045857+00:00,03_vlm_polymer_real_synth,8,8,8.5,12.89,30.49,1501.42,NVIDIA GeForce RTX 4060 Ti,37,70.5,51,3350.6,16380.0,
2026-09-05T05:59:48.117144+00:00,03_vlm_polymer_real_synth,8,8,8.5,12.89,30.49,1501.42,NVIDIA GeForce RTX 4060 Ti,41,68.06,66,3350.6,16380.0,
2026-09-05T05:59:58.161274+00:00,03_vlm_polymer_real_synth,8,8,8.5,12.87,30.49,1501.42,NVIDIA GeForce RTX 4060 Ti,39,71.69,14,3350.6,16380.0,
2026-09-05T06:00:08.231846+00:00,03_vlm_polymer_real_synth,8,8,8.6,12.87,30.49,1501.42,NVIDIA GeForce RTX 4060 Ti,39,71.86,28,3350.6,16380.0,
2026-09-05T06:00:18.294843+00:00,03_vlm_polymer_real_synth,8,8,8.5,12.86,30.49,1501.42,NVIDIA GeForce RTX 4060 Ti,37,66.44,0,3350.6,16380.0,
2026-09-05T06:00:28.321765+00:00,03_vlm_polymer_real_synth,8,8,8.5,12.87,30.49,1501.42,NVIDIA GeForce RTX 4060 Ti,37,71.34,49,3350.6,16380.0,
2026-09-05T06:00:38.385216+00:00,03_vlm_polymer_real_synth,8,8,8.5,12.86,30.49,1501.42,NVIDIA GeForce RTX 4060 Ti,38,68.51,0,3350.6,16380.0,
2026-09-05T06:00:48.433893+00:00,03_vlm_polymer_real_synth,8,8,8.5,12.88,30.49,1501.42,NVIDIA GeForce RTX 4060 Ti,37,67.26,47,3350.6,16380.0,
2026-09-05T06:00:58.497837+00:00,03_vlm_polymer_real_synth,8,8,8.5,12.86,30.49,1501.42,NVIDIA GeForce RTX 4060 Ti,37,69.44,0,3350.6,16380.0,
2026-09-05T06:01:08.561828+00:00,03_vlm_polymer_real_synth,8,8,8.8,12.86,30.49,1501.42,NVIDIA GeForce RTX 4060 Ti,39,72.17,0,3350.6,16380.0,
2026-09-05T06:01:18.600684+00:00,03_vlm_polymer_real_synth,8,8,8.5,12.87,30.49,1501.42,NVIDIA GeForce RTX 4060 Ti,39,71.25,12,3350.6,16380.0,
2026-09-05T06:01:28.665007+00:00,03_vlm_polymer_real_synth,8,8,8.5,12.88,30.49,1501.42,NVIDIA GeForce RTX 4060 Ti,39,68.85,0,3350.6,16380.0,
2026-09-05T06:01:38.728833+00:00,03_vlm_polymer_real_synth,8,8,8.7,12.87,30.49,1501.42,NVIDIA GeForce RTX 4060 Ti,39,70.91,1,3350.6,16380.0,
2026-09-05T06:01:48.792821+00:00,03_vlm_polymer_real_synth,8,8,8.5,12.87,30.49,1501.42,NVIDIA GeForce RTX 4060 Ti,40,66.43,29,3350.6,16380.0,
2026-09-05T06:01:58.857666+00:00,03_vlm_polymer_real_synth,8,8,8.5,12.87,30.49,1501.42,NVIDIA GeForce RTX 4060 Ti,39,69.67,67,3350.6,16380.0,
2026-09-05T06:02:08.921843+00:00,03_vlm_polymer_real_synth,8,8,8.6,12.86,30.49,1501.42,NVIDIA GeForce RTX 4060 Ti,37,70.05,62,3350.6,16380.0,
2026-09-05T06:02:18.984831+00:00,03_vlm_polymer_real_synth,8,8,8.5,12.87,30.49,1501.42,NVIDIA GeForce RTX 4060 Ti,40,69.81,63,3350.6,16380.0,
2026-09-05T06:02:29.053826+00:00,03_vlm_polymer_real_synth,8,8,8.6,12.87,30.49,1501.42,NVIDIA GeForce RTX 4060 Ti,39,69.45,79,3350.6,16380.0,
2026-09-05T06:02:39.117942+00:00,03_vlm_polymer_real_synth,8,8,8.6,12.86,30.49,1501.42,NVIDIA GeForce RTX 4060 Ti,38,66.54,72,3350.6,16380.0,
2026-09-05T06:02:49.180832+00:00,03_vlm_polymer_real_synth,8,8,8.5,12.85,30.49,1501.42,NVIDIA GeForce RTX 4060 Ti,38,66.46,73,3350.6,16380.0,
2026-09-05T06:02:59.245825+00:00,03_vlm_polymer_real_synth,8,8,8.5,12.87,30.49,1501.42,NVIDIA GeForce RTX 4060 Ti,38,69.76,76,3350.6,16380.0,
2026-09-05T06:03:09.309973+00:00,03_vlm_polymer_real_synth,8,8,8.5,12.87,30.49,1501.42,NVIDIA GeForce RTX 4060 Ti,37,69.18,28,3350.6,16380.0,
2026-09-05T06:03:19.373848+00:00,03_vlm_polymer_real_synth,8,8,8.5,12.87,30.49,1501.42,NVIDIA GeForce RTX 4060 Ti,37,70.94,49,3350.6,16380.0,
2026-09-05T06:03:29.425471+00:00,03_vlm_polymer_real_synth,8,8,8.5,12.87,30.49,1501.42,NVIDIA GeForce RTX 4060 Ti,40,71.1,51,3350.6,16380.0,
2026-09-05T06:03:39.486813+00:00,03_vlm_polymer_real_synth,8,8,8.5,12.87,30.49,1501.42,NVIDIA GeForce RTX 4060 Ti,38,70.05,77,3350.6,16380.0,
2026-09-05T06:03:49.552833+00:00,03_vlm_polymer_real_synth,8,8,8.5,12.87,30.49,1501.42,NVIDIA GeForce RTX 4060 Ti,37,69.42,56,3350.6,16380.0,
2026-09-05T06:03:59.606034+00:00,03_vlm_polymer_real_synth,8,8,8.5,12.86,30.49,1501.42,NVIDIA GeForce RTX 4060 Ti,37,69.18,52,3350.6,16380.0,
2026-09-05T06:04:09.670830+00:00,03_vlm_polymer_real_synth,8,8,8.5,12.86,30.49,1501.42,NVIDIA GeForce RTX 4060 Ti,39,70.41,0,3350.6,16380.0,
2026-09-05T06:04:19.733830+00:00,03_vlm_polymer_real_synth,8,8,8.5,12.85,30.49,1501.42,NVIDIA GeForce RTX 4060 Ti,37,61.67,35,3350.6,16380.0,
2026-09-05T06:04:29.789841+00:00,03_vlm_polymer_real_synth,8,8,8.6,12.85,30.49,1501.42,NVIDIA GeForce RTX 4060 Ti,38,62.49,26,3350.6,16380.0,
2026-09-05T06:04:39.853837+00:00,03_vlm_polymer_real_synth,8,8,8.5,12.85,30.49,1501.42,NVIDIA GeForce RTX 4060 Ti,36,60.32,41,3350.6,16380.0,
2026-09-05T06:04:49.918834+00:00,03_vlm_polymer_real_synth,8,8,8.5,12.85,30.49,1501.42,NVIDIA GeForce RTX 4060 Ti,39,61.46,50,3350.6,16380.0,
2026-09-05T06:04:59.950526+00:00,03_vlm_polymer_real_synth,8,8,8.5,12.85,30.49,1501.42,NVIDIA GeForce RTX 4060 Ti,38,70.1,74,3350.6,16380.0,
2026-09-05T06:05:10.014830+00:00,03_vlm_polymer_real_synth,8,8,8.5,12.86,30.49,1501.42,NVIDIA GeForce RTX 4060 Ti,39,70.82,63,3350.6,16380.0,
2026-09-05T06:05:20.078866+00:00,03_vlm_polymer_real_synth,8,8,8.5,12.85,30.49,1501.42,NVIDIA GeForce RTX 4060 Ti,40,71.25,71,3350.6,16380.0,
2026-09-05T06:05:30.141859+00:00,03_vlm_polymer_real_synth,8,8,8.9,12.84,30.49,1501.42,NVIDIA GeForce RTX 4060 Ti,38,68.75,64,3350.6,16380.0,
2026-09-05T06:05:40.204831+00:00,03_vlm_polymer_real_synth,8,8,8.5,12.84,30.49,1501.42,NVIDIA GeForce RTX 4060 Ti,39,67.54,76,3350.6,16380.0,
2026-09-05T06:05:50.273849+00:00,03_vlm_polymer_real_synth,8,8,8.5,12.85,30.49,1501.42,NVIDIA GeForce RTX 4060 Ti,39,67.76,54,3350.6,16380.0,
2026-09-05T06:06:00.337708+00:00,03_vlm_polymer_real_synth,8,8,8.5,12.85,30.49,1501.42,NVIDIA GeForce RTX 4060 Ti,36,68.74,48,3350.6,16380.0,
2026-09-05T06:06:10.402840+00:00,03_vlm_polymer_real_synth,8,8,8.7,12.86,30.49,1501.42,NVIDIA GeForce RTX 4060 Ti,39,68.67,63,3350.6,16380.0,
2026-09-05T06:06:20.467112+00:00,03_vlm_polymer_real_synth,8,8,8.5,12.86,30.49,1501.42,NVIDIA GeForce RTX 4060 Ti,37,69.72,7,3350.6,16380.0,
2026-09-05T06:06:30.531823+00:00,03_vlm_polymer_real_synth,8,8,8.6,12.86,30.49,1501.42,NVIDIA GeForce RTX 4060 Ti,37,69.77,0,3350.6,16380.0,
2026-09-05T06:06:40.601331+00:00,03_vlm_polymer_real_synth,8,8,8.5,12.85,30.49,1501.42,NVIDIA GeForce RTX 4060 Ti,39,70.98,33,3350.6,16380.0,
2026-09-05T06:06:50.615866+00:00,03_vlm_polymer_real_synth,8,8,8.5,12.84,30.49,1501.42,NVIDIA GeForce RTX 4060 Ti,37,71.76,39,3350.6,16380.0,
2026-09-05T06:07:00.676956+00:00,03_vlm_polymer_real_synth,8,8,8.5,12.83,30.49,1501.42,NVIDIA GeForce RTX 4060 Ti,37,68.3,53,3350.6,16380.0,
2026-09-05T06:07:10.741832+00:00,03_vlm_polymer_real_synth,8,8,8.5,12.83,30.49,1501.42,NVIDIA GeForce RTX 4060 Ti,38,69.28,14,3350.6,16380.0,
2026-09-05T06:07:20.767736+00:00,03_vlm_polymer_real_synth,8,8,8.5,12.84,30.49,1501.42,NVIDIA GeForce RTX 4060 Ti,38,69.31,35,3350.6,16380.0,
2026-09-05T06:07:30.832545+00:00,03_vlm_polymer_real_synth,8,8,8.5,12.84,30.49,1501.42,NVIDIA GeForce RTX 4060 Ti,37,66.32,59,3350.6,16380.0,
2026-09-05T06:07:40.895839+00:00,03_vlm_polymer_real_synth,8,8,8.6,12.85,30.49,1501.42,NVIDIA GeForce RTX 4060 Ti,39,66.25,79,3350.6,16380.0,
2026-09-05T06:07:50.946109+00:00,03_vlm_polymer_real_synth,8,8,8.5,12.86,30.49,1501.42,NVIDIA GeForce RTX 4060 Ti,38,67.35,39,3350.6,16380.0,
2026-09-05T06:08:00.979114+00:00,03_vlm_polymer_real_synth,8,8,8.5,12.85,30.49,1501.42,NVIDIA GeForce RTX 4060 Ti,38,69.91,27,3350.6,16380.0,
2026-09-05T06:08:11.042849+00:00,03_vlm_polymer_real_synth,8,8,8.5,12.86,30.49,1501.42,NVIDIA GeForce RTX 4060 Ti,38,66.4,10,3350.6,16380.0,
2026-09-05T06:08:21.107829+00:00,03_vlm_polymer_real_synth,8,8,8.5,12.85,30.49,1501.42,NVIDIA GeForce RTX 4060 Ti,40,70.0,0,3350.6,16380.0,
2026-09-05T06:08:31.171822+00:00,03_vlm_polymer_real_synth,8,8,8.5,12.86,30.49,1501.42,NVIDIA GeForce RTX 4060 Ti,40,68.29,0,3350.6,16380.0,
2026-09-05T06:08:41.241833+00:00,03_vlm_polymer_real_synth,8,8,8.6,12.85,30.49,1501.43,NVIDIA GeForce RTX 4060 Ti,41,66.58,55,3350.6,16380.0,
2026-09-05T06:08:51.305826+00:00,03_vlm_polymer_real_synth,8,8,8.5,12.85,30.49,1501.43,NVIDIA GeForce RTX 4060 Ti,41,68.71,55,3350.6,16380.0,
2026-09-05T06:09:01.374832+00:00,03_vlm_polymer_real_synth,8,8,8.5,12.85,30.49,1501.43,NVIDIA GeForce RTX 4060 Ti,37,66.33,0,3350.6,16380.0,
2026-09-05T06:09:11.440820+00:00,03_vlm_polymer_real_synth,8,8,8.5,12.84,30.49,1501.43,NVIDIA GeForce RTX 4060 Ti,40,70.88,51,3350.6,16380.0,
2026-09-05T06:09:21.504902+00:00,03_vlm_polymer_real_synth,8,8,8.5,12.85,30.49,1501.43,NVIDIA GeForce RTX 4060 Ti,37,69.21,62,3350.6,16380.0,
2026-09-05T06:09:31.569846+00:00,03_vlm_polymer_real_synth,8,8,8.5,12.84,30.49,1501.43,NVIDIA GeForce RTX 4060 Ti,40,67.62,56,3350.6,16380.0,
2026-09-05T06:09:41.637836+00:00,03_vlm_polymer_real_synth,8,8,8.5,12.85,30.49,1501.43,NVIDIA GeForce RTX 4060 Ti,37,67.85,39,3350.6,16380.0,
2026-09-05T06:09:51.701834+00:00,03_vlm_polymer_real_synth,8,8,8.5,12.85,30.49,1501.43,NVIDIA GeForce RTX 4060 Ti,37,70.68,54,3350.6,16380.0,
2026-09-05T06:10:01.766843+00:00,03_vlm_polymer_real_synth,8,8,8.5,12.85,30.49,1501.43,NVIDIA GeForce RTX 4060 Ti,39,68.16,0,3350.6,16380.0,
2026-09-05T06:10:11.831849+00:00,03_vlm_polymer_real_synth,8,8,8.5,12.83,30.49,1501.43,NVIDIA GeForce RTX 4060 Ti,37,67.58,41,3350.6,16380.0,
2026-09-05T06:10:21.894850+00:00,03_vlm_polymer_real_synth,8,8,8.5,12.84,30.49,1501.43,NVIDIA GeForce RTX 4060 Ti,38,70.89,51,3350.6,16380.0,
2026-09-05T06:10:31.918340+00:00,03_vlm_polymer_real_synth,8,8,8.5,12.84,30.49,1501.43,NVIDIA GeForce RTX 4060 Ti,39,71.63,12,3350.6,16380.0,
2026-09-05T06:10:41.942813+00:00,03_vlm_polymer_real_synth,8,8,8.5,12.88,30.49,1501.43,NVIDIA GeForce RTX 4060 Ti,39,69.9,20,3350.6,16380.0,
2026-09-05T06:10:52.010830+00:00,03_vlm_polymer_real_synth,8,8,8.5,12.87,30.49,1501.43,NVIDIA GeForce RTX 4060 Ti,39,70.25,0,3350.6,16380.0,
2026-09-05T06:11:02.071851+00:00,03_vlm_polymer_real_synth,8,8,8.5,12.85,30.49,1501.43,NVIDIA GeForce RTX 4060 Ti,39,66.52,18,3350.6,16380.0,
2026-09-05T06:11:12.119060+00:00,03_vlm_polymer_real_synth,8,8,8.7,12.9,30.49,1501.43,NVIDIA GeForce RTX 4060 Ti,39,70.52,58,3350.6,16380.0,
2026-09-05T06:11:22.188839+00:00,03_vlm_polymer_real_synth,8,8,8.5,12.9,30.49,1501.43,NVIDIA GeForce RTX 4060 Ti,40,67.67,71,3350.6,16380.0,
2026-09-05T06:11:32.254825+00:00,03_vlm_polymer_real_synth,8,8,8.5,12.89,30.49,1501.43,NVIDIA GeForce RTX 4060 Ti,37,70.5,50,3350.6,16380.0,
2026-09-05T06:11:42.318844+00:00,03_vlm_polymer_real_synth,8,8,8.6,12.89,30.49,1501.43,NVIDIA GeForce RTX 4060 Ti,39,69.74,28,3350.6,16380.0,
2026-09-05T06:11:52.381833+00:00,03_vlm_polymer_real_synth,8,8,8.5,12.88,30.49,1501.43,NVIDIA GeForce RTX 4060 Ti,39,66.32,31,3350.6,16380.0,
2026-09-05T06:12:02.433360+00:00,03_vlm_polymer_real_synth,8,8,8.5,12.87,30.49,1501.43,NVIDIA GeForce RTX 4060 Ti,39,69.35,14,3350.6,16380.0,
2026-09-05T06:12:12.498296+00:00,03_vlm_polymer_real_synth,8,8,8.5,12.87,30.49,1501.43,NVIDIA GeForce RTX 4060 Ti,39,70.55,48,3350.6,16380.0,
2026-09-05T06:12:22.525784+00:00,03_vlm_polymer_real_synth,8,8,8.5,12.87,30.49,1501.43,NVIDIA GeForce RTX 4060 Ti,39,70.11,28,3350.6,16380.0,
2026-09-05T06:12:32.558108+00:00,03_vlm_polymer_real_synth,8,8,8.6,12.89,30.49,1501.43,NVIDIA GeForce RTX 4060 Ti,39,71.0,36,3350.6,16380.0,
2026-09-05T06:12:42.621826+00:00,03_vlm_polymer_real_synth,8,8,8.5,12.9,30.49,1501.43,NVIDIA GeForce RTX 4060 Ti,40,72.72,53,3350.6,16380.0,
2026-09-05T06:12:52.677551+00:00,03_vlm_polymer_real_synth,8,8,8.5,12.9,30.49,1501.43,NVIDIA GeForce RTX 4060 Ti,38,68.36,30,3350.6,16380.0,
2026-09-05T06:13:02.726839+00:00,03_vlm_polymer_real_synth,8,8,8.5,12.89,30.49,1501.43,NVIDIA GeForce RTX 4060 Ti,39,71.16,75,3350.6,16380.0,
2026-09-05T06:13:12.741212+00:00,03_vlm_polymer_real_synth,8,8,8.5,12.9,30.49,1501.43,NVIDIA GeForce RTX 4060 Ti,39,70.84,71,3350.6,16380.0,
2026-09-05T06:13:22.798927+00:00,03_vlm_polymer_real_synth,8,8,8.5,12.89,30.49,1501.43,NVIDIA GeForce RTX 4060 Ti,37,68.81,62,3350.6,16380.0,
2026-09-05T06:13:32.828986+00:00,03_vlm_polymer_real_synth,8,8,8.5,12.9,30.49,1501.43,NVIDIA GeForce RTX 4060 Ti,39,68.22,79,3350.6,16380.0,
2026-09-05T06:13:42.887964+00:00,03_vlm_polymer_real_synth,8,8,8.5,12.89,30.49,1501.43,NVIDIA GeForce RTX 4060 Ti,37,69.88,61,3350.6,16380.0,
2026-09-05T06:13:52.944073+00:00,03_vlm_polymer_real_synth,8,8,8.6,12.88,30.49,1501.43,NVIDIA GeForce RTX 4060 Ti,39,69.51,73,3350.6,16380.0,
2026-09-05T06:14:02.989173+00:00,03_vlm_polymer_real_synth,8,8,8.5,12.89,30.49,1501.43,NVIDIA GeForce RTX 4060 Ti,39,70.7,74,3350.6,16380.0,
2026-09-05T06:14:13.042282+00:00,03_vlm_polymer_real_synth,8,8,8.5,12.88,30.49,1501.43,NVIDIA GeForce RTX 4060 Ti,37,69.67,53,3350.6,16380.0,
2026-09-05T06:14:23.108399+00:00,03_vlm_polymer_real_synth,8,8,8.5,12.89,30.49,1501.43,NVIDIA GeForce RTX 4060 Ti,40,71.42,58,3350.6,16380.0,
2026-09-05T06:14:33.171833+00:00,03_vlm_polymer_real_synth,8,8,8.5,12.88,30.49,1501.43,NVIDIA GeForce RTX 4060 Ti,37,66.32,0,3350.6,16380.0,
2026-09-05T06:14:43.220719+00:00,03_vlm_polymer_real_synth,8,8,8.5,12.89,30.49,1501.43,NVIDIA GeForce RTX 4060 Ti,41,66.83,38,3350.6,16380.0,
2026-09-05T06:14:53.284831+00:00,03_vlm_polymer_real_synth,8,8,8.6,12.88,30.49,1501.42,NVIDIA GeForce RTX 4060 Ti,41,70.01,53,3350.6,16380.0,
2026-09-05T06:15:03.307831+00:00,03_vlm_polymer_real_synth,8,8,8.5,12.87,30.49,1501.42,NVIDIA GeForce RTX 4060 Ti,37,71.1,0,3350.6,16380.0,
2026-09-05T06:15:13.336998+00:00,03_vlm_polymer_real_synth,8,8,8.5,12.87,30.49,1501.42,NVIDIA GeForce RTX 4060 Ti,37,69.55,16,3350.6,16380.0,
2026-09-05T06:15:23.385325+00:00,03_vlm_polymer_real_synth,8,8,8.5,12.88,30.49,1501.42,NVIDIA GeForce RTX 4060 Ti,39,68.87,63,3350.6,16380.0,
2026-09-05T06:15:33.438515+00:00,03_vlm_polymer_real_synth,8,8,8.5,12.88,30.49,1501.42,NVIDIA GeForce RTX 4060 Ti,37,68.71,46,3350.6,16380.0,
2026-09-05T06:15:43.484589+00:00,03_vlm_polymer_real_synth,8,8,8.5,12.88,30.49,1501.42,NVIDIA GeForce RTX 4060 Ti,37,68.25,0,3350.6,16380.0,
2026-09-05T06:15:53.534858+00:00,03_vlm_polymer_real_synth,8,8,8.5,12.88,30.49,1501.42,NVIDIA GeForce RTX 4060 Ti,37,68.97,0,3350.6,16380.0,
2026-09-05T06:16:03.593827+00:00,03_vlm_polymer_real_synth,8,8,8.5,12.87,30.49,1501.42,NVIDIA GeForce RTX 4060 Ti,37,62.56,15,3350.6,16380.0,
2026-09-05T06:16:13.656831+00:00,03_vlm_polymer_real_synth,8,8,8.7,12.91,30.49,1501.42,NVIDIA GeForce RTX 4060 Ti,39,61.79,50,3350.6,16380.0,
2026-09-05T06:16:23.720830+00:00,03_vlm_polymer_real_synth,8,8,8.6,12.87,30.49,1501.42,NVIDIA GeForce RTX 4060 Ti,37,61.61,45,3350.6,16380.0,
2026-09-05T06:16:33.784827+00:00,03_vlm_polymer_real_synth,8,8,8.5,12.87,30.49,1501.42,NVIDIA GeForce RTX 4060 Ti,39,71.02,61,3350.6,16380.0,
2026-09-05T06:16:43.848845+00:00,03_vlm_polymer_real_synth,8,8,8.5,12.87,30.49,1501.42,NVIDIA GeForce RTX 4060 Ti,36,70.78,60,3350.6,16380.0,
2026-09-05T06:16:53.912466+00:00,03_vlm_polymer_real_synth,8,8,8.5,12.86,30.49,1501.42,NVIDIA GeForce RTX 4060 Ti,37,69.31,45,3350.6,16380.0,
2026-09-05T06:17:03.975857+00:00,03_vlm_polymer_real_synth,8,8,8.5,12.85,30.49,1501.42,NVIDIA GeForce RTX 4060 Ti,37,66.25,52,3350.6,16380.0,
2026-09-05T06:17:14.041829+00:00,03_vlm_polymer_real_synth,8,8,8.5,12.86,30.49,1501.42,NVIDIA GeForce RTX 4060 Ti,37,68.42,55,3350.6,16380.0,
2026-09-05T06:17:24.106704+00:00,03_vlm_polymer_real_synth,8,8,8.5,12.85,30.49,1501.42,NVIDIA GeForce RTX 4060 Ti,39,66.84,11,3350.6,16380.0,
2026-09-05T06:17:34.170823+00:00,03_vlm_polymer_real_synth,8,8,8.5,12.85,30.49,1501.42,NVIDIA GeForce RTX 4060 Ti,39,70.79,45,3350.6,16380.0,
2026-09-05T06:17:44.234409+00:00,03_vlm_polymer_real_synth,8,8,8.6,12.86,30.49,1501.42,NVIDIA GeForce RTX 4060 Ti,39,68.32,31,3350.6,16380.0,
2026-09-05T06:17:54.265654+00:00,03_vlm_polymer_real_synth,8,8,8.5,12.85,30.49,1501.42,NVIDIA GeForce RTX 4060 Ti,40,70.14,0,3350.6,16380.0,
2026-09-05T06:18:04.328840+00:00,03_vlm_polymer_real_synth,8,8,8.5,12.86,30.49,1501.42,NVIDIA GeForce RTX 4060 Ti,39,66.46,19,3350.6,16380.0,
2026-09-05T06:18:14.386128+00:00,03_vlm_polymer_real_synth,8,8,8.5,12.87,30.49,1501.42,NVIDIA GeForce RTX 4060 Ti,37,70.94,42,3350.6,16380.0,
2026-09-05T06:18:24.449972+00:00,03_vlm_polymer_real_synth,8,8,8.5,12.87,30.49,1501.42,NVIDIA GeForce RTX 4060 Ti,37,68.51,41,3350.6,16380.0,
2026-09-05T06:18:34.515085+00:00,03_vlm_polymer_real_synth,8,8,8.5,12.86,30.49,1501.42,NVIDIA GeForce RTX 4060 Ti,40,68.35,56,3350.6,16380.0,
2026-09-05T06:18:44.578828+00:00,03_vlm_polymer_real_synth,8,8,8.5,12.86,30.49,1501.42,NVIDIA GeForce RTX 4060 Ti,40,68.64,0,3350.6,16380.0,
2026-09-05T06:18:54.641841+00:00,03_vlm_polymer_real_synth,8,8,8.6,12.88,30.49,1501.42,NVIDIA GeForce RTX 4060 Ti,38,67.9,9,3350.6,16380.0,
2026-09-05T06:19:04.705426+00:00,03_vlm_polymer_real_synth,8,8,8.5,12.87,30.49,1501.42,NVIDIA GeForce RTX 4060 Ti,39,69.89,68,3350.6,16380.0,
2026-09-05T06:19:14.768838+00:00,03_vlm_polymer_real_synth,8,8,8.8,12.89,30.49,1501.42,NVIDIA GeForce RTX 4060 Ti,37,69.53,31,3350.6,16380.0,
2026-09-05T06:19:24.821854+00:00,03_vlm_polymer_real_synth,8,8,8.5,12.87,30.49,1501.42,NVIDIA GeForce RTX 4060 Ti,39,68.6,0,3350.6,16380.0,
2026-09-05T06:19:34.850142+00:00,03_vlm_polymer_real_synth,8,8,8.5,12.9,30.49,1501.42,NVIDIA GeForce RTX 4060 Ti,38,66.42,21,3350.6,16380.0,
2026-09-05T06:19:44.888426+00:00,03_vlm_polymer_real_synth,8,8,8.6,12.88,30.49,1501.42,NVIDIA GeForce RTX 4060 Ti,37,66.68,68,3350.6,16380.0,
2026-09-05T06:19:54.958775+00:00,03_vlm_polymer_real_synth,8,8,8.6,12.87,30.49,1501.42,NVIDIA GeForce RTX 4060 Ti,39,69.37,16,3350.6,16380.0,
2026-09-05T06:20:05.012071+00:00,03_vlm_polymer_real_synth,8,8,8.5,12.88,30.49,1501.42,NVIDIA GeForce RTX 4060 Ti,37,68.55,73,3350.6,16380.0,
2026-09-05T06:20:15.066105+00:00,03_vlm_polymer_real_synth,8,8,8.5,12.87,30.49,1501.42,NVIDIA GeForce RTX 4060 Ti,37,70.21,74,3350.6,16380.0,
2026-09-05T06:20:25.127603+00:00,03_vlm_polymer_real_synth,8,8,8.5,12.87,30.49,1501.42,NVIDIA GeForce RTX 4060 Ti,40,70.86,73,3350.6,16380.0,
2026-09-05T06:20:35.147514+00:00,03_vlm_polymer_real_synth,8,8,8.6,12.86,30.49,1501.42,NVIDIA GeForce RTX 4060 Ti,39,69.42,68,3350.6,16380.0,
2026-09-05T06:20:45.166824+00:00,03_vlm_polymer_real_synth,8,8,8.5,12.86,30.49,1501.42,NVIDIA GeForce RTX 4060 Ti,41,70.4,50,3350.6,16380.0,
2026-09-05T06:20:55.212516+00:00,03_vlm_polymer_real_synth,8,8,8.6,12.86,30.49,1501.42,NVIDIA GeForce RTX 4060 Ti,37,66.47,63,3350.6,16380.0,
2026-09-05T06:21:05.265944+00:00,03_vlm_polymer_real_synth,8,8,8.5,12.86,30.49,1501.42,NVIDIA GeForce RTX 4060 Ti,39,71.14,0,3350.6,16380.0,
2026-09-05T06:21:15.312928+00:00,03_vlm_polymer_real_synth,8,8,8.7,12.86,30.49,1501.42,NVIDIA GeForce RTX 4060 Ti,37,69.77,64,3350.6,16380.0,
2026-09-05T06:21:25.381820+00:00,03_vlm_polymer_real_synth,8,8,8.5,12.86,30.49,1501.42,NVIDIA GeForce RTX 4060 Ti,37,71.22,63,3350.6,16380.0,
2026-09-05T06:21:35.445851+00:00,03_vlm_polymer_real_synth,8,8,8.5,12.87,30.49,1501.42,NVIDIA GeForce RTX 4060 Ti,38,67.7,76,3350.6,16380.0,
2026-09-05T06:21:45.508844+00:00,03_vlm_polymer_real_synth,8,8,8.5,12.87,30.49,1501.42,NVIDIA GeForce RTX 4060 Ti,37,66.41,63,3350.6,16380.0,
2026-09-05T06:21:55.577830+00:00,03_vlm_polymer_real_synth,8,8,8.6,12.85,30.49,1501.42,NVIDIA GeForce RTX 4060 Ti,39,70.45,12,3383.1,16380.0,
2026-09-05T06:22:05.640828+00:00,03_vlm_polymer_real_synth,8,8,8.5,12.83,30.49,1501.42,NVIDIA GeForce RTX 4060 Ti,39,71.7,65,3383.1,16380.0,
2026-09-05T06:22:15.711835+00:00,03_vlm_polymer_real_synth,8,8,8.5,12.84,30.49,1501.42,NVIDIA GeForce RTX 4060 Ti,39,70.67,64,3383.1,16380.0,
2026-09-05T06:22:25.741530+00:00,03_vlm_polymer_real_synth,8,8,8.7,12.86,30.49,1501.42,NVIDIA GeForce RTX 4060 Ti,37,71.32,47,3383.1,16380.0,
2026-09-05T06:22:35.787724+00:00,03_vlm_polymer_real_synth,8,8,15.2,12.98,30.49,1501.42,NVIDIA GeForce RTX 4060 Ti,39,66.58,27,3383.1,16380.0,
2026-09-05T06:22:45.836950+00:00,03_vlm_polymer_real_synth,8,8,15.4,13.0,30.49,1501.42,NVIDIA GeForce RTX 4060 Ti,37,71.07,51,3383.1,16380.0,
2026-09-05T06:22:55.899838+00:00,03_vlm_polymer_real_synth,8,8,11.0,12.89,30.49,1501.42,NVIDIA GeForce RTX 4060 Ti,37,69.64,60,3383.1,16380.0,
2026-09-05T06:23:05.962833+00:00,03_vlm_polymer_real_synth,8,8,8.5,12.88,30.49,1501.42,NVIDIA GeForce RTX 4060 Ti,37,67.82,59,3383.1,16380.0,
2026-09-05T06:23:16.013655+00:00,03_vlm_polymer_real_synth,8,8,8.5,12.87,30.49,1501.42,NVIDIA GeForce RTX 4060 Ti,37,69.22,51,3383.1,16380.0,
2026-09-05T06:23:26.081425+00:00,03_vlm_polymer_real_synth,8,8,8.5,12.86,30.49,1501.42,NVIDIA GeForce RTX 4060 Ti,37,70.3,61,3383.1,16380.0,
2026-09-05T06:23:36.106404+00:00,03_vlm_polymer_real_synth,8,8,8.5,12.87,30.49,1501.42,NVIDIA GeForce RTX 4060 Ti,41,66.77,63,3383.1,16380.0,
2026-09-05T06:23:46.160314+00:00,03_vlm_polymer_real_synth,8,8,8.5,12.86,30.49,1501.42,NVIDIA GeForce RTX 4060 Ti,37,67.91,46,3383.1,16380.0,
2026-09-05T06:23:56.196948+00:00,03_vlm_polymer_real_synth,8,8,8.5,12.86,30.49,1501.42,NVIDIA GeForce RTX 4060 Ti,37,68.42,30,3383.1,16380.0,
2026-09-05T06:24:06.256834+00:00,03_vlm_polymer_real_synth,8,8,8.5,12.87,30.49,1501.42,NVIDIA GeForce RTX 4060 Ti,38,71.3,50,3383.1,16380.0,
2026-09-05T06:24:16.300831+00:00,03_vlm_polymer_real_synth,8,8,8.5,12.87,30.49,1501.42,NVIDIA GeForce RTX 4060 Ti,37,71.85,4,3383.1,16380.0,
2026-09-05T06:24:26.363838+00:00,03_vlm_polymer_real_synth,8,8,8.5,12.87,30.49,1501.42,NVIDIA GeForce RTX 4060 Ti,39,66.88,52,3383.1,16380.0,
2026-09-05T06:24:36.427828+00:00,03_vlm_polymer_real_synth,8,8,8.5,12.87,30.49,1501.42,NVIDIA GeForce RTX 4060 Ti,39,71.22,59,3383.1,16380.0,
2026-09-05T06:24:46.481010+00:00,03_vlm_polymer_real_synth,8,8,8.5,12.86,30.49,1501.42,NVIDIA GeForce RTX 4060 Ti,39,68.78,68,3383.1,16380.0,
2026-09-05T06:24:56.519972+00:00,03_vlm_polymer_real_synth,8,8,8.5,12.87,30.49,1501.42,NVIDIA GeForce RTX 4060 Ti,39,72.35,49,3383.1,16380.0,
2026-09-05T06:25:06.536126+00:00,03_vlm_polymer_real_synth,8,8,8.5,12.85,30.49,1501.42,NVIDIA GeForce RTX 4060 Ti,37,68.8,0,3383.1,16380.0,
2026-09-05T06:25:16.600867+00:00,03_vlm_polymer_real_synth,8,8,8.5,12.86,30.49,1501.42,NVIDIA GeForce RTX 4060 Ti,40,69.56,68,3383.1,16380.0,
2026-09-05T06:25:26.639106+00:00,03_vlm_polymer_real_synth,8,8,8.5,12.86,30.49,1501.42,NVIDIA GeForce RTX 4060 Ti,39,66.41,52,3383.1,16380.0,
2026-09-05T06:25:36.692360+00:00,03_vlm_polymer_real_synth,8,8,8.5,12.85,30.49,1501.42,NVIDIA GeForce RTX 4060 Ti,39,71.0,72,3383.1,16380.0,
2026-09-05T06:25:46.744936+00:00,03_vlm_polymer_real_synth,8,8,8.5,12.85,30.49,1501.42,NVIDIA GeForce RTX 4060 Ti,39,70.06,70,3383.1,16380.0,
2026-09-05T06:25:56.816831+00:00,03_vlm_polymer_real_synth,8,8,8.5,12.86,30.49,1501.42,NVIDIA GeForce RTX 4060 Ti,39,68.13,20,3383.1,16380.0,
2026-09-05T06:26:06.868371+00:00,03_vlm_polymer_real_synth,8,8,8.6,12.89,30.49,1501.42,NVIDIA GeForce RTX 4060 Ti,37,70.72,60,3383.1,16380.0,
2026-09-05T06:26:16.925728+00:00,03_vlm_polymer_real_synth,8,8,8.6,12.9,30.49,1501.42,NVIDIA GeForce RTX 4060 Ti,39,68.86,63,3383.1,16380.0,
2026-09-05T06:26:26.990742+00:00,03_vlm_polymer_real_synth,8,8,8.5,12.91,30.49,1501.42,NVIDIA GeForce RTX 4060 Ti,37,66.31,54,3383.1,16380.0,
2026-09-05T06:26:37.059833+00:00,03_vlm_polymer_real_synth,8,8,8.5,12.9,30.49,1501.42,NVIDIA GeForce RTX 4060 Ti,37,68.74,50,3383.1,16380.0,
2026-09-05T06:26:47.124832+00:00,03_vlm_polymer_real_synth,8,8,8.5,12.94,30.49,1501.42,NVIDIA GeForce RTX 4060 Ti,37,70.24,0,3383.1,16380.0,
2026-09-05T06:26:57.189834+00:00,03_vlm_polymer_real_synth,8,8,8.6,12.94,30.49,1501.42,NVIDIA GeForce RTX 4060 Ti,40,69.91,3,3383.1,16380.0,
2026-09-05T06:27:07.259485+00:00,03_vlm_polymer_real_synth,8,8,8.6,12.9,30.49,1501.42,NVIDIA GeForce RTX 4060 Ti,39,71.22,0,3383.1,16380.0,
2026-09-05T06:27:17.322843+00:00,03_vlm_polymer_real_synth,8,8,8.5,12.89,30.49,1501.42,NVIDIA GeForce RTX 4060 Ti,39,69.9,28,3383.1,16380.0,
2026-09-05T06:27:27.385822+00:00,03_vlm_polymer_real_synth,8,8,8.6,12.89,30.49,1501.42,NVIDIA GeForce RTX 4060 Ti,40,70.93,50,3383.1,16380.0,
2026-09-05T06:27:37.456834+00:00,03_vlm_polymer_real_synth,8,8,8.5,12.88,30.49,1501.42,NVIDIA GeForce RTX 4060 Ti,38,62.22,37,3383.1,16380.0,
2026-09-05T06:27:47.490059+00:00,03_vlm_polymer_real_synth,8,8,8.5,12.89,30.49,1501.42,NVIDIA GeForce RTX 4060 Ti,39,60.72,20,3383.1,16380.0,
2026-09-05T06:27:57.516452+00:00,03_vlm_polymer_real_synth,8,8,8.5,12.89,30.49,1501.42,NVIDIA GeForce RTX 4060 Ti,36,62.57,50,3383.1,16380.0,
2026-09-05T06:28:07.583848+00:00,03_vlm_polymer_real_synth,8,8,8.6,12.89,30.49,1501.42,NVIDIA GeForce RTX 4060 Ti,36,62.72,46,3383.1,16380.0,
2026-09-05T06:28:17.646843+00:00,03_vlm_polymer_real_synth,8,8,7.2,12.93,30.49,1501.42,NVIDIA GeForce RTX 4060 Ti,39,61.49,50,3993.1,16380.0,
2026-09-05T06:28:27.709833+00:00,03_vlm_polymer_real_synth,8,8,8.5,12.92,30.49,1501.42,NVIDIA GeForce RTX 4060 Ti,39,60.8,40,3993.1,16380.0,
2026-09-05T06:28:37.772821+00:00,03_vlm_polymer_real_synth,8,8,8.5,12.93,30.49,1501.42,NVIDIA GeForce RTX 4060 Ti,39,60.9,29,3993.1,16380.0,
2026-09-05T06:28:47.826031+00:00,03_vlm_polymer_real_synth,9,9,8.2,11.56,30.49,1501.42,NVIDIA GeForce RTX 4060 Ti,37,26.38,0,1711.9,16380.0,
2026-09-05T06:28:57.890844+00:00,03_vlm_polymer_real_synth,9,9,8.4,12.88,30.49,1501.42,NVIDIA GeForce RTX 4060 Ti,41,67.22,73,3383.1,16380.0,
2026-09-05T06:29:07.953835+00:00,03_vlm_polymer_real_synth,9,9,8.6,12.88,30.49,1501.42,NVIDIA GeForce RTX 4060 Ti,43,67.1,56,3383.1,16380.0,
2026-09-05T06:29:18.016821+00:00,03_vlm_polymer_real_synth,9,9,8.6,12.88,30.49,1501.42,NVIDIA GeForce RTX 4060 Ti,46,68.27,1,3383.1,16380.0,
2026-09-05T06:29:28.082077+00:00,03_vlm_polymer_real_synth,9,9,8.5,12.89,30.49,1501.42,NVIDIA GeForce RTX 4060 Ti,45,67.94,67,3383.1,16380.0,
2026-09-05T06:29:38.146858+00:00,03_vlm_polymer_real_synth,9,9,8.5,12.89,30.49,1501.42,NVIDIA GeForce RTX 4060 Ti,48,67.6,74,3383.1,16380.0,
2026-09-05T06:29:48.202631+00:00,03_vlm_polymer_real_synth,9,9,8.5,12.89,30.49,1501.42,NVIDIA GeForce RTX 4060 Ti,50,67.9,72,3383.1,16380.0,
2026-09-05T06:29:58.246622+00:00,03_vlm_polymer_real_synth,9,9,8.5,12.9,30.49,1501.42,NVIDIA GeForce RTX 4060 Ti,49,68.12,75,3383.1,16380.0,
2026-09-05T06:30:08.310366+00:00,03_vlm_polymer_real_synth,9,9,8.5,12.93,30.49,1501.42,NVIDIA GeForce RTX 4060 Ti,50,68.84,0,3382.6,16380.0,
2026-09-05T06:30:18.325986+00:00,03_vlm_polymer_real_synth,9,9,8.5,12.92,30.49,1501.42,NVIDIA GeForce RTX 4060 Ti,54,68.6,58,3382.6,16380.0,
2026-09-05T06:30:28.362197+00:00,03_vlm_polymer_real_synth,9,9,8.5,12.93,30.49,1501.42,NVIDIA GeForce RTX 4060 Ti,51,67.79,77,3382.6,16380.0,
2026-09-05T06:30:38.404080+00:00,03_vlm_polymer_real_synth,9,9,8.5,12.9,30.49,1501.42,NVIDIA GeForce RTX 4060 Ti,52,69.14,79,3382.6,16380.0,
2026-09-05T06:30:48.453881+00:00,03_vlm_polymer_real_synth,9,9,8.5,12.95,30.49,1501.42,NVIDIA GeForce RTX 4060 Ti,51,71.2,0,3382.6,16380.0,
2026-09-05T06:30:58.517837+00:00,03_vlm_polymer_real_synth,9,9,8.5,12.91,30.49,1501.42,NVIDIA GeForce RTX 4060 Ti,52,69.54,1,3382.6,16380.0,
2026-09-05T06:31:08.586825+00:00,03_vlm_polymer_real_synth,9,9,8.6,12.88,30.49,1501.42,NVIDIA GeForce RTX 4060 Ti,55,69.7,58,3382.6,16380.0,
2026-09-05T06:31:18.649837+00:00,03_vlm_polymer_real_synth,9,9,8.7,12.86,30.49,1501.42,NVIDIA GeForce RTX 4060 Ti,53,69.85,65,3382.6,16380.0,
2026-09-05T06:31:28.696909+00:00,03_vlm_polymer_real_synth,9,9,8.5,12.87,30.49,1501.42,NVIDIA GeForce RTX 4060 Ti,54,70.08,51,3382.6,16380.0,
2026-09-05T06:31:38.715884+00:00,03_vlm_polymer_real_synth,9,9,8.6,12.81,30.49,1501.42,NVIDIA GeForce RTX 4060 Ti,54,72.38,56,3382.6,16380.0,
2026-09-05T06:31:48.740377+00:00,03_vlm_polymer_real_synth,9,9,8.5,12.92,30.49,1501.42,NVIDIA GeForce RTX 4060 Ti,54,71.54,62,3350.6,16380.0,
2026-09-05T06:31:58.797548+00:00,03_vlm_polymer_real_synth,9,9,8.6,12.87,30.49,1501.42,NVIDIA GeForce RTX 4060 Ti,54,69.08,80,3350.6,16380.0,
2026-09-05T06:32:08.861831+00:00,03_vlm_polymer_real_synth,9,9,8.8,12.91,30.49,1501.42,NVIDIA GeForce RTX 4060 Ti,57,70.19,0,3350.6,16380.0,
2026-09-05T06:32:18.926824+00:00,03_vlm_polymer_real_synth,9,9,8.5,12.9,30.49,1501.42,NVIDIA GeForce RTX 4060 Ti,57,71.22,41,3350.6,16380.0,
2026-09-05T06:32:28.989825+00:00,03_vlm_polymer_real_synth,9,9,8.6,12.89,30.49,1501.42,NVIDIA GeForce RTX 4060 Ti,58,71.77,42,3350.6,16380.0,
2026-09-05T06:32:39.058087+00:00,03_vlm_polymer_real_synth,9,9,8.5,12.89,30.49,1501.42,NVIDIA GeForce RTX 4060 Ti,58,71.24,0,3350.6,16380.0,
2026-09-05T06:32:49.120870+00:00,03_vlm_polymer_real_synth,9,9,8.5,12.92,30.49,1501.42,NVIDIA GeForce RTX 4060 Ti,56,72.62,62,3350.6,16380.0,
2026-09-05T06:32:59.141816+00:00,03_vlm_polymer_real_synth,9,9,8.6,12.89,30.49,1501.42,NVIDIA GeForce RTX 4060 Ti,57,71.15,0,3350.6,16380.0,
2026-09-05T06:33:09.182020+00:00,03_vlm_polymer_real_synth,9,9,8.5,12.88,30.49,1501.42,NVIDIA GeForce RTX 4060 Ti,59,71.54,0,3350.6,16380.0,
2026-09-05T06:33:19.247842+00:00,03_vlm_polymer_real_synth,9,9,8.5,12.87,30.49,1501.42,NVIDIA GeForce RTX 4060 Ti,60,71.76,74,3350.6,16380.0,
2026-09-05T06:33:29.310831+00:00,03_vlm_polymer_real_synth,9,9,8.5,12.91,30.49,1501.42,NVIDIA GeForce RTX 4060 Ti,58,73.79,50,3350.6,16380.0,
2026-09-05T06:33:39.352685+00:00,03_vlm_polymer_real_synth,9,9,8.5,12.93,30.49,1501.42,NVIDIA GeForce RTX 4060 Ti,58,72.52,16,3350.6,16380.0,
2026-09-05T06:33:49.415832+00:00,03_vlm_polymer_real_synth,9,9,8.5,12.88,30.49,1501.42,NVIDIA GeForce RTX 4060 Ti,61,72.84,68,3350.6,16380.0,
2026-09-05T06:33:59.479817+00:00,03_vlm_polymer_real_synth,9,9,8.6,12.88,30.49,1501.42,NVIDIA GeForce RTX 4060 Ti,61,72.12,78,3350.6,16380.0,
2026-09-05T06:34:09.538687+00:00,03_vlm_polymer_real_synth,9,9,8.5,12.88,30.49,1501.42,NVIDIA GeForce RTX 4060 Ti,61,72.27,69,3350.6,16380.0,
2026-09-05T06:34:19.566717+00:00,03_vlm_polymer_real_synth,9,9,8.5,12.89,30.49,1501.42,NVIDIA GeForce RTX 4060 Ti,60,74.39,0,3350.6,16380.0,
2026-09-05T06:34:29.630833+00:00,03_vlm_polymer_real_synth,9,9,8.5,12.88,30.49,1501.42,NVIDIA GeForce RTX 4060 Ti,59,72.54,0,3350.6,16380.0,
2026-09-05T06:34:39.694829+00:00,03_vlm_polymer_real_synth,9,9,8.5,12.88,30.49,1501.42,NVIDIA GeForce RTX 4060 Ti,62,72.4,36,3350.6,16380.0,
2026-09-05T06:34:49.758824+00:00,03_vlm_polymer_real_synth,9,9,8.5,12.89,30.49,1501.42,NVIDIA GeForce RTX 4060 Ti,60,72.33,72,3350.6,16380.0,
2026-09-05T06:34:59.822839+00:00,03_vlm_polymer_real_synth,9,9,8.5,12.9,30.49,1501.42,NVIDIA GeForce RTX 4060 Ti,59,72.23,41,3350.6,16380.0,
2026-09-05T06:35:09.887821+00:00,03_vlm_polymer_real_synth,9,9,8.5,12.87,30.49,1501.42,NVIDIA GeForce RTX 4060 Ti,54,76.13,52,3350.6,16380.0,
2026-09-05T06:35:19.940341+00:00,03_vlm_polymer_real_synth,9,9,8.5,12.85,30.49,1501.42,NVIDIA GeForce RTX 4060 Ti,49,72.02,61,3350.6,16380.0,
2026-09-05T06:35:29.955811+00:00,03_vlm_polymer_real_synth,9,9,8.5,12.9,30.49,1501.42,NVIDIA GeForce RTX 4060 Ti,47,67.37,63,3350.6,16380.0,
2026-09-05T06:35:40.018826+00:00,03_vlm_polymer_real_synth,9,9,8.5,12.87,30.49,1501.42,NVIDIA GeForce RTX 4060 Ti,46,67.28,0,3350.6,16380.0,
2026-09-05T06:35:50.087829+00:00,03_vlm_polymer_real_synth,9,9,8.5,12.9,30.49,1501.42,NVIDIA GeForce RTX 4060 Ti,43,66.51,68,3350.6,16380.0,
2026-09-05T06:36:00.138548+00:00,03_vlm_polymer_real_synth,9,9,8.5,12.86,30.49,1501.42,NVIDIA GeForce RTX 4060 Ti,44,66.83,11,3350.6,16380.0,
2026-09-05T06:36:10.202836+00:00,03_vlm_polymer_real_synth,9,9,8.6,12.89,30.49,1501.42,NVIDIA GeForce RTX 4060 Ti,44,66.82,50,3350.6,16380.0,
2026-09-05T06:36:20.265825+00:00,03_vlm_polymer_real_synth,9,9,8.6,12.88,30.49,1501.42,NVIDIA GeForce RTX 4060 Ti,42,66.98,48,3350.6,16380.0,
2026-09-05T06:36:30.328841+00:00,03_vlm_polymer_real_synth,9,9,8.5,12.9,30.49,1501.42,NVIDIA GeForce RTX 4060 Ti,42,67.38,10,3350.6,16380.0,
2026-09-05T06:36:40.391816+00:00,03_vlm_polymer_real_synth,9,9,8.5,12.92,30.49,1501.42,NVIDIA GeForce RTX 4060 Ti,40,68.61,54,3350.6,16380.0,
2026-09-05T06:36:50.454843+00:00,03_vlm_polymer_real_synth,9,9,8.5,12.87,30.49,1501.42,NVIDIA GeForce RTX 4060 Ti,41,65.38,0,3350.6,16380.0,
2026-09-05T06:37:00.524492+00:00,03_vlm_polymer_real_synth,9,9,8.5,12.91,30.49,1501.42,NVIDIA GeForce RTX 4060 Ti,39,65.97,0,3350.6,16380.0,
2026-09-05T06:37:10.569074+00:00,03_vlm_polymer_real_synth,9,9,8.5,12.86,30.49,1501.42,NVIDIA GeForce RTX 4060 Ti,38,66.24,6,3350.6,16380.0,
2026-09-05T06:37:20.633854+00:00,03_vlm_polymer_real_synth,9,9,8.5,12.88,30.49,1501.42,NVIDIA GeForce RTX 4060 Ti,42,66.61,50,3350.6,16380.0,
2026-09-05T06:37:30.697423+00:00,03_vlm_polymer_real_synth,9,9,8.5,12.89,30.49,1501.42,NVIDIA GeForce RTX 4060 Ti,40,69.62,79,3350.6,16380.0,
2026-09-05T06:37:40.760832+00:00,03_vlm_polymer_real_synth,9,9,8.5,12.87,30.49,1501.42,NVIDIA GeForce RTX 4060 Ti,43,70.12,55,3350.6,16380.0,
2026-09-05T06:37:50.824934+00:00,03_vlm_polymer_real_synth,9,9,8.5,12.87,30.49,1501.42,NVIDIA GeForce RTX 4060 Ti,40,66.52,3,3350.6,16380.0,
2026-09-05T06:38:00.888749+00:00,03_vlm_polymer_real_synth,9,9,8.5,12.88,30.49,1501.42,NVIDIA GeForce RTX 4060 Ti,40,66.6,60,3350.6,16380.0,
2026-09-05T06:38:10.914114+00:00,03_vlm_polymer_real_synth,9,9,8.5,12.92,30.49,1501.42,NVIDIA GeForce RTX 4060 Ti,40,66.87,25,3350.6,16380.0,
2026-09-05T06:38:20.951878+00:00,03_vlm_polymer_real_synth,9,9,8.5,12.93,30.49,1501.42,NVIDIA GeForce RTX 4060 Ti,40,67.17,28,3350.6,16380.0,
2026-09-05T06:38:30.988420+00:00,03_vlm_polymer_real_synth,9,9,8.5,12.89,30.49,1501.42,NVIDIA GeForce RTX 4060 Ti,39,68.8,35,3350.6,16380.0,
2026-09-05T06:38:41.026621+00:00,03_vlm_polymer_real_synth,9,9,8.5,12.87,30.49,1501.42,NVIDIA GeForce RTX 4060 Ti,39,70.18,0,3350.6,16380.0,
2026-09-05T06:38:51.091832+00:00,03_vlm_polymer_real_synth,9,9,8.5,12.92,30.49,1501.42,NVIDIA GeForce RTX 4060 Ti,38,66.4,77,3350.6,16380.0,
2026-09-05T06:39:01.130052+00:00,03_vlm_polymer_real_synth,9,9,8.6,12.88,30.49,1501.42,NVIDIA GeForce RTX 4060 Ti,37,65.72,24,3350.6,16380.0,
2026-09-05T06:39:11.196014+00:00,03_vlm_polymer_real_synth,9,9,8.6,12.9,30.49,1501.42,NVIDIA GeForce RTX 4060 Ti,39,66.15,29,3350.6,16380.0,
2026-09-05T06:39:21.261020+00:00,03_vlm_polymer_real_synth,9,9,8.5,12.91,30.49,1501.42,NVIDIA GeForce RTX 4060 Ti,37,67.79,1,3350.6,16380.0,
2026-09-05T06:39:31.309917+00:00,03_vlm_polymer_real_synth,9,9,8.5,12.87,30.49,1501.42,NVIDIA GeForce RTX 4060 Ti,39,65.91,35,3350.6,16380.0,
2026-09-05T06:39:41.373442+00:00,03_vlm_polymer_real_synth,9,9,8.6,12.91,30.49,1501.42,NVIDIA GeForce RTX 4060 Ti,41,66.08,50,3350.6,16380.0,
2026-09-05T06:39:51.392546+00:00,03_vlm_polymer_real_synth,9,9,8.5,12.91,30.49,1501.42,NVIDIA GeForce RTX 4060 Ti,40,66.14,52,3350.6,16380.0,
2026-09-05T06:40:01.457382+00:00,03_vlm_polymer_real_synth,9,9,8.5,12.92,30.49,1501.42,NVIDIA GeForce RTX 4060 Ti,37,66.28,0,3350.6,16380.0,
2026-09-05T06:40:11.520839+00:00,03_vlm_polymer_real_synth,9,9,8.5,12.9,30.49,1501.42,NVIDIA GeForce RTX 4060 Ti,37,65.86,42,3350.6,16380.0,
2026-09-05T06:40:21.583824+00:00,03_vlm_polymer_real_synth,9,9,8.5,12.88,30.49,1501.42,NVIDIA GeForce RTX 4060 Ti,39,71.72,11,3350.6,16380.0,
2026-09-05T06:40:31.653815+00:00,03_vlm_polymer_real_synth,9,9,8.5,12.93,30.49,1501.42,NVIDIA GeForce RTX 4060 Ti,41,67.28,0,3350.6,16380.0,
2026-09-05T06:40:41.716827+00:00,03_vlm_polymer_real_synth,9,9,8.5,12.9,30.49,1501.42,NVIDIA GeForce RTX 4060 Ti,39,65.95,47,3350.6,16380.0,
2026-09-05T06:40:51.786622+00:00,03_vlm_polymer_real_synth,9,9,8.5,12.94,30.49,1501.42,NVIDIA GeForce RTX 4060 Ti,36,53.92,23,3350.6,16380.0,
2026-09-05T06:41:01.849822+00:00,03_vlm_polymer_real_synth,9,9,8.5,12.98,30.49,1501.42,NVIDIA GeForce RTX 4060 Ti,36,60.22,50,3350.6,16380.0,
2026-09-05T06:41:11.912826+00:00,03_vlm_polymer_real_synth,9,9,8.7,13.01,30.49,1501.42,NVIDIA GeForce RTX 4060 Ti,38,58.68,50,3350.6,16380.0,
2026-09-05T06:41:21.976743+00:00,03_vlm_polymer_real_synth,9,9,8.1,12.98,30.49,1501.41,NVIDIA GeForce RTX 4060 Ti,35,46.78,0,3350.6,16380.0,
2026-09-05T06:41:32.018505+00:00,03_vlm_polymer_real_synth,9,9,8.5,12.97,30.49,1501.41,NVIDIA GeForce RTX 4060 Ti,38,65.97,43,3350.6,16380.0,
2026-09-05T06:41:42.071679+00:00,03_vlm_polymer_real_synth,9,9,8.5,12.95,30.49,1501.41,NVIDIA GeForce RTX 4060 Ti,38,65.95,58,3350.6,16380.0,
2026-09-05T06:41:52.141826+00:00,03_vlm_polymer_real_synth,9,9,8.5,13.0,30.49,1501.41,NVIDIA GeForce RTX 4060 Ti,37,66.42,54,3350.6,16380.0,
2026-09-05T06:42:02.206820+00:00,03_vlm_polymer_real_synth,9,9,8.5,12.95,30.49,1501.41,NVIDIA GeForce RTX 4060 Ti,38,65.8,56,3350.6,16380.0,
2026-09-05T06:42:12.269827+00:00,03_vlm_polymer_real_synth,9,9,8.5,12.97,30.49,1501.41,NVIDIA GeForce RTX 4060 Ti,36,66.23,20,3350.6,16380.0,
2026-09-05T06:42:22.304504+00:00,03_vlm_polymer_real_synth,9,9,8.5,12.98,30.49,1501.41,NVIDIA GeForce RTX 4060 Ti,39,66.32,73,3350.6,16380.0,
2026-09-05T06:42:32.363728+00:00,03_vlm_polymer_real_synth,9,9,8.6,13.0,30.49,1501.41,NVIDIA GeForce RTX 4060 Ti,38,65.18,68,3350.6,16380.0,
2026-09-05T06:42:42.422798+00:00,03_vlm_polymer_real_synth,9,9,8.5,12.95,30.49,1501.41,NVIDIA GeForce RTX 4060 Ti,39,66.23,70,3350.6,16380.0,
2026-09-05T06:42:52.455818+00:00,03_vlm_polymer_real_synth,9,9,8.5,12.99,30.49,1501.41,NVIDIA GeForce RTX 4060 Ti,36,66.17,47,3350.6,16380.0,
2026-09-05T06:43:02.525004+00:00,03_vlm_polymer_real_synth,9,9,8.5,12.97,30.49,1501.41,NVIDIA GeForce RTX 4060 Ti,38,66.24,0,3350.6,16380.0,
2026-09-05T06:43:12.566738+00:00,03_vlm_polymer_real_synth,9,9,8.5,12.98,30.49,1501.41,NVIDIA GeForce RTX 4060 Ti,38,66.42,0,3350.6,16380.0,
2026-09-05T06:43:22.595708+00:00,03_vlm_polymer_real_synth,9,9,8.5,12.98,30.49,1501.41,NVIDIA GeForce RTX 4060 Ti,37,67.26,33,3350.6,16380.0,
2026-09-05T06:43:32.633285+00:00,03_vlm_polymer_real_synth,9,9,8.5,12.96,30.49,1501.41,NVIDIA GeForce RTX 4060 Ti,41,68.4,51,3350.6,16380.0,
2026-09-05T06:43:42.697823+00:00,03_vlm_polymer_real_synth,9,9,8.5,12.93,30.49,1501.41,NVIDIA GeForce RTX 4060 Ti,40,68.09,10,3350.6,16380.0,
2026-09-05T06:43:52.760834+00:00,03_vlm_polymer_real_synth,9,9,8.5,12.95,30.49,1501.41,NVIDIA GeForce RTX 4060 Ti,39,70.83,0,3350.6,16380.0,
2026-09-05T06:44:02.779425+00:00,03_vlm_polymer_real_synth,9,9,8.6,12.94,30.49,1501.41,NVIDIA GeForce RTX 4060 Ti,37,68.06,64,3350.6,16380.0,
2026-09-05T06:44:12.843843+00:00,03_vlm_polymer_real_synth,9,9,8.5,12.95,30.49,1501.41,NVIDIA GeForce RTX 4060 Ti,39,66.17,23,3350.6,16380.0,
2026-09-05T06:44:22.906822+00:00,03_vlm_polymer_real_synth,9,9,8.5,12.95,30.49,1501.41,NVIDIA GeForce RTX 4060 Ti,37,70.23,45,3350.6,16380.0,
2026-09-05T06:44:32.971356+00:00,03_vlm_polymer_real_synth,9,9,8.5,12.93,30.49,1501.41,NVIDIA GeForce RTX 4060 Ti,37,66.34,70,3350.6,16380.0,
2026-09-05T06:44:43.034852+00:00,03_vlm_polymer_real_synth,9,9,8.5,12.94,30.49,1501.41,NVIDIA GeForce RTX 4060 Ti,41,72.07,17,3350.6,16380.0,
2026-09-05T06:44:53.098776+00:00,03_vlm_polymer_real_synth,9,9,8.5,12.93,30.49,1501.41,NVIDIA GeForce RTX 4060 Ti,37,67.64,56,3350.6,16380.0,
2026-09-05T06:45:03.161366+00:00,03_vlm_polymer_real_synth,9,9,8.6,12.96,30.49,1501.41,NVIDIA GeForce RTX 4060 Ti,39,66.15,55,3350.6,16380.0,
2026-09-05T06:45:13.203636+00:00,03_vlm_polymer_real_synth,9,9,8.5,12.95,30.49,1501.41,NVIDIA GeForce RTX 4060 Ti,39,65.61,39,3350.6,16380.0,
2026-09-05T06:45:23.275181+00:00,03_vlm_polymer_real_synth,9,9,8.5,12.95,30.49,1501.41,NVIDIA GeForce RTX 4060 Ti,36,66.22,0,3350.6,16380.0,
2026-09-05T06:45:33.297796+00:00,03_vlm_polymer_real_synth,9,9,8.5,12.99,30.49,1501.41,NVIDIA GeForce RTX 4060 Ti,38,69.5,79,3350.6,16380.0,
2026-09-05T06:45:43.359657+00:00,03_vlm_polymer_real_synth,9,9,8.5,12.96,30.49,1501.41,NVIDIA GeForce RTX 4060 Ti,37,67.22,46,3350.6,16380.0,
2026-09-05T06:45:53.419056+00:00,03_vlm_polymer_real_synth,9,9,8.5,12.97,30.49,1501.41,NVIDIA GeForce RTX 4060 Ti,40,68.4,52,3350.6,16380.0,
2026-09-05T06:46:03.472104+00:00,03_vlm_polymer_real_synth,9,9,8.5,12.97,30.49,1501.41,NVIDIA GeForce RTX 4060 Ti,36,68.17,0,3350.6,16380.0,
2026-09-05T06:46:13.513029+00:00,03_vlm_polymer_real_synth,9,9,8.9,12.99,30.49,1501.41,NVIDIA GeForce RTX 4060 Ti,37,66.4,73,3350.6,16380.0,
2026-09-05T06:46:23.564438+00:00,03_vlm_polymer_real_synth,9,9,8.5,13.0,30.49,1501.41,NVIDIA GeForce RTX 4060 Ti,37,68.08,13,3350.6,16380.0,
2026-09-05T06:46:33.612056+00:00,03_vlm_polymer_real_synth,9,9,8.5,12.97,30.49,1501.41,NVIDIA GeForce RTX 4060 Ti,39,71.28,49,3350.6,16380.0,
2026-09-05T06:46:43.675841+00:00,03_vlm_polymer_real_synth,9,9,8.5,12.99,30.49,1501.41,NVIDIA GeForce RTX 4060 Ti,40,66.03,8,3350.6,16380.0,
2026-09-05T06:46:53.739763+00:00,03_vlm_polymer_real_synth,9,9,8.5,13.0,30.49,1501.41,NVIDIA GeForce RTX 4060 Ti,37,67.34,64,3350.6,16380.0,
2026-09-05T06:47:03.803866+00:00,03_vlm_polymer_real_synth,9,9,8.5,12.93,30.49,1501.41,NVIDIA GeForce RTX 4060 Ti,38,66.13,38,3350.6,16380.0,
2026-09-05T06:47:13.867502+00:00,03_vlm_polymer_real_synth,9,9,8.5,12.98,30.49,1501.41,NVIDIA GeForce RTX 4060 Ti,37,66.42,61,3350.6,16380.0,
2026-09-05T06:47:23.937834+00:00,03_vlm_polymer_real_synth,9,9,8.5,12.93,30.49,1501.41,NVIDIA GeForce RTX 4060 Ti,37,65.97,58,3350.6,16380.0,
2026-09-05T06:47:34.000838+00:00,03_vlm_polymer_real_synth,9,9,8.5,12.97,30.49,1501.41,NVIDIA GeForce RTX 4060 Ti,39,67.96,30,3350.6,16380.0,
2026-09-05T06:47:44.043466+00:00,03_vlm_polymer_real_synth,9,9,8.5,12.98,30.49,1501.41,NVIDIA GeForce RTX 4060 Ti,38,65.67,33,3350.6,16380.0,
2026-09-05T06:47:54.107829+00:00,03_vlm_polymer_real_synth,9,9,8.5,12.97,30.49,1501.41,NVIDIA GeForce RTX 4060 Ti,40,66.64,18,3350.6,16380.0,
2026-09-05T06:48:04.170839+00:00,03_vlm_polymer_real_synth,9,9,8.5,12.95,30.49,1501.41,NVIDIA GeForce RTX 4060 Ti,37,66.12,0,3350.6,16380.0,
2026-09-05T06:48:14.237841+00:00,03_vlm_polymer_real_synth,9,9,8.5,12.97,30.49,1501.41,NVIDIA GeForce RTX 4060 Ti,36,67.39,0,3350.6,16380.0,
2026-09-05T06:48:24.303833+00:00,03_vlm_polymer_real_synth,9,9,8.5,12.97,30.49,1501.41,NVIDIA GeForce RTX 4060 Ti,37,68.51,43,3350.6,16380.0,
2026-09-05T06:48:34.358960+00:00,03_vlm_polymer_real_synth,9,9,8.5,12.97,30.49,1501.41,NVIDIA GeForce RTX 4060 Ti,40,66.78,57,3350.6,16380.0,
2026-09-05T06:48:44.424091+00:00,03_vlm_polymer_real_synth,9,9,8.5,12.99,30.49,1501.41,NVIDIA GeForce RTX 4060 Ti,38,66.06,40,3350.6,16380.0,
2026-09-05T06:48:54.476540+00:00,03_vlm_polymer_real_synth,9,9,8.5,12.95,30.49,1501.41,NVIDIA GeForce RTX 4060 Ti,40,70.39,50,3350.6,16380.0,
2026-09-05T06:49:04.542874+00:00,03_vlm_polymer_real_synth,9,9,8.6,12.96,30.49,1501.41,NVIDIA GeForce RTX 4060 Ti,37,66.14,18,3350.6,16380.0,
2026-09-05T06:49:14.557384+00:00,03_vlm_polymer_real_synth,9,9,8.5,12.96,30.49,1501.41,NVIDIA GeForce RTX 4060 Ti,40,65.83,50,3350.6,16380.0,
2026-09-05T06:49:24.588607+00:00,03_vlm_polymer_real_synth,9,9,8.5,12.98,30.49,1501.41,NVIDIA GeForce RTX 4060 Ti,37,65.89,61,3350.6,16380.0,
2026-09-05T06:49:34.658766+00:00,03_vlm_polymer_real_synth,9,9,8.5,13.01,30.49,1501.41,NVIDIA GeForce RTX 4060 Ti,39,71.5,19,3350.6,16380.0,
2026-09-05T06:49:44.710941+00:00,03_vlm_polymer_real_synth,9,9,8.6,12.99,30.49,1501.41,NVIDIA GeForce RTX 4060 Ti,39,66.52,70,3350.6,16380.0,
2026-09-05T06:49:54.775873+00:00,03_vlm_polymer_real_synth,9,9,8.5,13.01,30.49,1501.41,NVIDIA GeForce RTX 4060 Ti,40,68.82,11,3350.6,16380.0,
2026-09-05T06:50:04.838839+00:00,03_vlm_polymer_real_synth,9,9,8.6,12.99,30.49,1501.41,NVIDIA GeForce RTX 4060 Ti,39,68.12,36,3350.6,16380.0,
2026-09-05T06:50:14.898725+00:00,03_vlm_polymer_real_synth,9,9,8.5,13.0,30.49,1501.41,NVIDIA GeForce RTX 4060 Ti,37,69.47,38,3350.6,16380.0,
2026-09-05T06:50:24.970417+00:00,03_vlm_polymer_real_synth,9,9,8.5,12.98,30.49,1501.41,NVIDIA GeForce RTX 4060 Ti,39,66.32,77,3350.6,16380.0,
2026-09-05T06:50:35.016081+00:00,03_vlm_polymer_real_synth,9,9,8.5,12.99,30.49,1501.41,NVIDIA GeForce RTX 4060 Ti,39,67.13,62,3350.6,16380.0,
2026-09-05T06:50:45.080831+00:00,03_vlm_polymer_real_synth,9,9,8.5,12.98,30.49,1501.41,NVIDIA GeForce RTX 4060 Ti,36,67.59,50,3350.6,16380.0,
2026-09-05T06:50:55.144843+00:00,03_vlm_polymer_real_synth,9,9,8.5,12.98,30.49,1501.41,NVIDIA GeForce RTX 4060 Ti,37,64.88,52,3350.6,16380.0,
2026-09-05T06:51:05.208821+00:00,03_vlm_polymer_real_synth,9,9,8.6,12.98,30.49,1501.41,NVIDIA GeForce RTX 4060 Ti,38,67.71,46,3350.6,16380.0,
2026-09-05T06:51:15.272830+00:00,03_vlm_polymer_real_synth,9,9,8.6,12.66,30.49,1501.41,NVIDIA GeForce RTX 4060 Ti,36,67.02,5,3350.6,16380.0,
2026-09-05T06:51:25.332944+00:00,03_vlm_polymer_real_synth,9,9,8.6,12.71,30.49,1501.41,NVIDIA GeForce RTX 4060 Ti,37,66.93,0,3350.6,16380.0,
2026-09-05T06:51:35.383374+00:00,03_vlm_polymer_real_synth,9,9,8.5,12.7,30.49,1501.41,NVIDIA GeForce RTX 4060 Ti,37,66.44,0,3350.6,16380.0,
2026-09-05T06:51:45.440183+00:00,03_vlm_polymer_real_synth,9,9,8.6,12.74,30.49,1501.41,NVIDIA GeForce RTX 4060 Ti,36,65.99,35,3350.6,16380.0,
2026-09-05T06:51:55.503828+00:00,03_vlm_polymer_real_synth,9,9,8.5,12.75,30.49,1501.41,NVIDIA GeForce RTX 4060 Ti,38,66.43,9,3350.6,16380.0,
2026-09-05T06:52:05.566835+00:00,03_vlm_polymer_real_synth,9,9,8.5,12.76,30.49,1501.41,NVIDIA GeForce RTX 4060 Ti,37,66.14,0,3350.6,16380.0,
2026-09-05T06:52:15.629829+00:00,03_vlm_polymer_real_synth,9,9,8.6,12.77,30.49,1501.41,NVIDIA GeForce RTX 4060 Ti,39,66.09,55,3350.6,16380.0,
2026-09-05T06:52:25.700489+00:00,03_vlm_polymer_real_synth,9,9,9.3,12.78,30.49,1501.41,NVIDIA GeForce RTX 4060 Ti,38,66.32,65,3350.6,16380.0,
2026-09-05T06:52:35.763798+00:00,03_vlm_polymer_real_synth,9,9,16.9,12.72,30.49,1501.41,NVIDIA GeForce RTX 4060 Ti,36,66.3,32,3350.6,16380.0,
2026-09-05T06:52:45.829698+00:00,03_vlm_polymer_real_synth,9,9,14.8,12.79,30.49,1501.41,NVIDIA GeForce RTX 4060 Ti,38,65.17,0,3350.6,16380.0,
2026-09-05T06:52:55.851939+00:00,03_vlm_polymer_real_synth,9,9,12.0,12.8,30.49,1501.41,NVIDIA GeForce RTX 4060 Ti,36,68.67,52,3350.6,16380.0,
2026-09-05T06:53:05.897562+00:00,03_vlm_polymer_real_synth,9,9,8.5,12.81,30.49,1501.41,NVIDIA GeForce RTX 4060 Ti,38,66.33,65,3350.6,16380.0,
2026-09-05T06:53:15.960838+00:00,03_vlm_polymer_real_synth,9,9,8.6,12.78,30.49,1501.41,NVIDIA GeForce RTX 4060 Ti,36,59.64,50,3350.6,16380.0,
2026-09-05T06:53:26.023829+00:00,03_vlm_polymer_real_synth,9,9,8.5,12.78,30.49,1501.41,NVIDIA GeForce RTX 4060 Ti,39,59.62,50,3350.6,16380.0,
2026-09-05T06:53:36.086827+00:00,03_vlm_polymer_real_synth,9,9,8.6,12.79,30.49,1501.41,NVIDIA GeForce RTX 4060 Ti,36,61.12,35,3350.6,16380.0,
2026-09-05T06:53:46.125669+00:00,03_vlm_polymer_real_synth,9,9,8.4,12.8,30.49,1501.41,NVIDIA GeForce RTX 4060 Ti,38,55.19,48,3350.6,16380.0,
2026-09-05T06:53:56.184939+00:00,03_vlm_polymer_real_synth,9,9,8.3,12.8,30.49,1501.41,NVIDIA GeForce RTX 4060 Ti,38,68.22,32,3350.6,16380.0,
2026-09-05T06:54:06.230607+00:00,03_vlm_polymer_real_synth,9,9,8.5,12.77,30.49,1501.41,NVIDIA GeForce RTX 4060 Ti,38,72.76,53,3350.6,16380.0,
2026-09-05T06:54:16.298575+00:00,03_vlm_polymer_real_synth,9,9,8.5,12.79,30.49,1501.41,NVIDIA GeForce RTX 4060 Ti,36,68.44,1,3350.6,16380.0,
2026-09-05T06:54:26.353981+00:00,03_vlm_polymer_real_synth,9,9,8.5,12.83,30.49,1501.41,NVIDIA GeForce RTX 4060 Ti,39,66.26,55,3350.6,16380.0,
2026-09-05T06:54:36.410194+00:00,03_vlm_polymer_real_synth,9,9,8.5,12.81,30.49,1501.41,NVIDIA GeForce RTX 4060 Ti,36,72.67,0,3350.6,16380.0,
2026-09-05T06:54:46.451132+00:00,03_vlm_polymer_real_synth,9,9,8.5,12.8,30.49,1501.41,NVIDIA GeForce RTX 4060 Ti,37,69.17,74,3350.6,16380.0,
2026-09-05T06:54:56.496370+00:00,03_vlm_polymer_real_synth,9,9,8.5,12.81,30.49,1501.41,NVIDIA GeForce RTX 4060 Ti,37,70.34,71,3350.6,16380.0,
2026-09-05T06:55:06.552599+00:00,03_vlm_polymer_real_synth,9,9,8.6,12.83,30.49,1501.41,NVIDIA GeForce RTX 4060 Ti,36,66.33,2,3350.6,16380.0,
2026-09-05T06:55:16.583268+00:00,03_vlm_polymer_real_synth,9,9,8.5,12.8,30.49,1501.41,NVIDIA GeForce RTX 4060 Ti,37,68.93,69,3350.6,16380.0,
2026-09-05T06:55:26.631187+00:00,03_vlm_polymer_real_synth,9,9,8.5,12.8,30.49,1501.41,NVIDIA GeForce RTX 4060 Ti,39,67.77,56,3350.6,16380.0,
2026-09-05T06:55:36.648801+00:00,03_vlm_polymer_real_synth,9,9,8.5,12.82,30.49,1501.41,NVIDIA GeForce RTX 4060 Ti,36,67.23,9,3350.6,16380.0,
2026-09-05T06:55:46.674929+00:00,03_vlm_polymer_real_synth,9,9,8.5,12.82,30.49,1501.41,NVIDIA GeForce RTX 4060 Ti,41,66.72,61,3350.6,16380.0,
2026-09-05T06:55:56.714605+00:00,03_vlm_polymer_real_synth,9,9,8.5,12.85,30.49,1501.41,NVIDIA GeForce RTX 4060 Ti,37,68.98,76,3350.6,16380.0,
2026-09-05T06:56:06.778830+00:00,03_vlm_polymer_real_synth,9,9,8.5,12.81,30.49,1501.41,NVIDIA GeForce RTX 4060 Ti,36,67.17,29,3350.6,16380.0,
2026-09-05T06:56:16.848840+00:00,03_vlm_polymer_real_synth,9,9,8.8,12.81,30.49,1501.41,NVIDIA GeForce RTX 4060 Ti,41,66.33,54,3350.6,16380.0,
2026-09-05T06:56:26.913831+00:00,03_vlm_polymer_real_synth,9,9,8.5,12.85,30.49,1501.41,NVIDIA GeForce RTX 4060 Ti,37,70.82,76,3350.6,16380.0,
2026-09-05T06:56:36.968826+00:00,03_vlm_polymer_real_synth,9,9,8.5,12.85,30.49,1501.41,NVIDIA GeForce RTX 4060 Ti,41,70.07,60,3350.6,16380.0,
2026-09-05T06:56:47.031830+00:00,03_vlm_polymer_real_synth,9,9,8.5,12.86,30.49,1501.41,NVIDIA GeForce RTX 4060 Ti,39,67.65,3,3350.6,16380.0,
2026-09-05T06:56:57.095823+00:00,03_vlm_polymer_real_synth,9,9,8.6,12.88,30.49,1501.41,NVIDIA GeForce RTX 4060 Ti,39,66.85,0,3350.6,16380.0,
2026-09-05T06:57:07.156811+00:00,03_vlm_polymer_real_synth,9,9,8.5,12.85,30.49,1501.41,NVIDIA GeForce RTX 4060 Ti,38,68.36,60,3350.6,16380.0,
2026-09-05T06:57:17.223832+00:00,03_vlm_polymer_real_synth,9,9,8.5,12.86,30.49,1501.41,NVIDIA GeForce RTX 4060 Ti,37,66.39,0,3350.6,16380.0,
2026-09-05T06:57:27.288833+00:00,03_vlm_polymer_real_synth,9,9,8.5,12.9,30.49,1501.41,NVIDIA GeForce RTX 4060 Ti,37,66.33,56,3350.6,16380.0,
2026-09-05T06:57:37.346888+00:00,03_vlm_polymer_real_synth,9,9,8.6,12.87,30.49,1501.41,NVIDIA GeForce RTX 4060 Ti,39,71.65,0,3350.6,16380.0,
2026-09-05T06:57:47.416836+00:00,03_vlm_polymer_real_synth,9,9,8.5,12.85,30.49,1501.41,NVIDIA GeForce RTX 4060 Ti,40,66.97,68,3350.6,16380.0,
2026-09-05T06:57:57.480825+00:00,03_vlm_polymer_real_synth,9,9,8.6,12.87,30.49,1501.41,NVIDIA GeForce RTX 4060 Ti,38,67.72,77,3350.6,16380.0,
2026-09-05T06:58:07.550824+00:00,03_vlm_polymer_real_synth,9,9,8.5,12.89,30.49,1501.41,NVIDIA GeForce RTX 4060 Ti,39,68.39,59,3350.6,16380.0,
2026-09-05T06:58:17.619839+00:00,03_vlm_polymer_real_synth,9,9,8.5,12.91,30.49,1501.41,NVIDIA GeForce RTX 4060 Ti,39,69.05,8,3350.6,16380.0,
2026-09-05T06:58:27.690609+00:00,03_vlm_polymer_real_synth,9,9,8.5,12.87,30.49,1501.41,NVIDIA GeForce RTX 4060 Ti,41,69.65,28,3350.6,16380.0,
2026-09-05T06:58:37.759831+00:00,03_vlm_polymer_real_synth,9,9,8.5,12.88,30.49,1501.41,NVIDIA GeForce RTX 4060 Ti,37,66.95,51,3350.6,16380.0,
2026-09-05T06:58:47.824834+00:00,03_vlm_polymer_real_synth,9,9,8.5,12.88,30.49,1501.41,NVIDIA GeForce RTX 4060 Ti,37,66.87,50,3350.6,16380.0,
2026-09-05T06:58:57.888825+00:00,03_vlm_polymer_real_synth,9,9,8.6,12.85,30.49,1501.41,NVIDIA GeForce RTX 4060 Ti,37,70.02,46,3350.6,16380.0,
2026-09-05T06:59:07.950055+00:00,03_vlm_polymer_real_synth,9,9,8.5,12.84,30.49,1501.41,NVIDIA GeForce RTX 4060 Ti,39,67.07,66,3350.6,16380.0,
2026-09-05T06:59:18.005064+00:00,03_vlm_polymer_real_synth,9,9,8.5,12.89,30.49,1501.41,NVIDIA GeForce RTX 4060 Ti,39,66.72,37,3350.6,16380.0,
2026-09-05T06:59:28.070006+00:00,03_vlm_polymer_real_synth,9,9,8.5,12.84,30.49,1501.41,NVIDIA GeForce RTX 4060 Ti,40,72.35,69,3350.6,16380.0,
2026-09-05T06:59:38.121616+00:00,03_vlm_polymer_real_synth,9,9,8.5,12.85,30.49,1501.41,NVIDIA GeForce RTX 4060 Ti,39,69.39,50,3350.6,16380.0,
2026-09-05T06:59:48.190985+00:00,03_vlm_polymer_real_synth,9,9,8.6,12.89,30.49,1501.41,NVIDIA GeForce RTX 4060 Ti,38,69.38,48,3350.6,16380.0,
2026-09-05T06:59:58.245956+00:00,03_vlm_polymer_real_synth,9,9,8.9,12.87,30.49,1501.41,NVIDIA GeForce RTX 4060 Ti,37,68.08,32,3350.6,16380.0,
2026-09-05T07:00:08.264836+00:00,03_vlm_polymer_real_synth,9,9,8.5,12.89,30.49,1501.41,NVIDIA GeForce RTX 4060 Ti,40,70.12,58,3350.6,16380.0,
2026-09-05T07:00:18.300897+00:00,03_vlm_polymer_real_synth,9,9,8.5,12.88,30.49,1501.41,NVIDIA GeForce RTX 4060 Ti,37,68.6,70,3350.6,16380.0,
2026-09-05T07:00:28.364831+00:00,03_vlm_polymer_real_synth,9,9,8.5,12.84,30.49,1501.41,NVIDIA GeForce RTX 4060 Ti,36,68.54,37,3350.6,16380.0,
2026-09-05T07:00:38.398380+00:00,03_vlm_polymer_real_synth,9,9,8.5,12.86,30.49,1501.41,NVIDIA GeForce RTX 4060 Ti,39,69.31,77,3350.6,16380.0,
2026-09-05T07:00:48.462830+00:00,03_vlm_polymer_real_synth,9,9,8.5,12.85,30.49,1501.41,NVIDIA GeForce RTX 4060 Ti,39,66.39,55,3350.6,16380.0,
2026-09-05T07:00:58.531840+00:00,03_vlm_polymer_real_synth,9,9,8.6,12.86,30.49,1501.41,NVIDIA GeForce RTX 4060 Ti,40,71.55,68,3350.6,16380.0,
2026-09-05T07:01:08.594826+00:00,03_vlm_polymer_real_synth,9,9,8.5,12.87,30.49,1501.41,NVIDIA GeForce RTX 4060 Ti,39,71.24,52,3350.6,16380.0,
2026-09-05T07:01:18.660847+00:00,03_vlm_polymer_real_synth,9,9,8.6,12.94,30.49,1501.41,NVIDIA GeForce RTX 4060 Ti,39,72.48,56,3350.6,16380.0,
2026-09-05T07:01:28.723830+00:00,03_vlm_polymer_real_synth,9,9,8.6,12.95,30.49,1501.41,NVIDIA GeForce RTX 4060 Ti,37,68.95,46,3350.6,16380.0,
2026-09-05T07:01:38.787836+00:00,03_vlm_polymer_real_synth,9,9,8.6,12.89,30.49,1501.41,NVIDIA GeForce RTX 4060 Ti,41,68.68,54,3350.6,16380.0,
2026-09-05T07:01:48.852828+00:00,03_vlm_polymer_real_synth,9,9,8.5,12.87,30.49,1501.41,NVIDIA GeForce RTX 4060 Ti,37,68.46,68,3350.6,16380.0,
2026-09-05T07:01:58.915825+00:00,03_vlm_polymer_real_synth,9,9,8.6,12.88,30.49,1501.41,NVIDIA GeForce RTX 4060 Ti,37,69.13,26,3350.6,16380.0,
2026-09-05T07:02:08.978318+00:00,03_vlm_polymer_real_synth,9,9,8.5,12.88,30.49,1501.41,NVIDIA GeForce RTX 4060 Ti,39,66.33,64,3350.6,16380.0,
2026-09-05T07:02:19.045866+00:00,03_vlm_polymer_real_synth,9,9,8.5,12.88,30.49,1501.41,NVIDIA GeForce RTX 4060 Ti,37,71.09,62,3350.6,16380.0,
2026-09-05T07:02:29.109865+00:00,03_vlm_polymer_real_synth,9,9,8.6,12.88,30.49,1501.41,NVIDIA GeForce RTX 4060 Ti,38,72.07,17,3350.6,16380.0,
2026-09-05T07:02:39.145704+00:00,03_vlm_polymer_real_synth,9,9,8.5,12.86,30.49,1501.41,NVIDIA GeForce RTX 4060 Ti,37,66.87,49,3350.6,16380.0,
2026-09-05T07:02:49.209817+00:00,03_vlm_polymer_real_synth,9,9,8.5,12.88,30.49,1501.41,NVIDIA GeForce RTX 4060 Ti,41,69.55,59,3350.6,16380.0,
2026-09-05T07:02:59.273311+00:00,03_vlm_polymer_real_synth,9,9,8.5,12.87,30.49,1501.41,NVIDIA GeForce RTX 4060 Ti,40,71.26,52,3350.6,16380.0,
2026-09-05T07:03:09.336834+00:00,03_vlm_polymer_real_synth,9,9,8.5,12.9,30.49,1501.41,NVIDIA GeForce RTX 4060 Ti,39,69.16,45,3350.6,16380.0,
2026-09-05T07:03:19.399819+00:00,03_vlm_polymer_real_synth,9,9,8.5,12.88,30.49,1501.41,NVIDIA GeForce RTX 4060 Ti,37,70.52,5,3350.6,16380.0,
2026-09-05T07:03:29.460689+00:00,03_vlm_polymer_real_synth,9,9,8.5,12.87,30.49,1501.41,NVIDIA GeForce RTX 4060 Ti,40,69.5,58,3350.6,16380.0,
2026-09-05T07:03:39.524834+00:00,03_vlm_polymer_real_synth,9,9,8.5,12.89,30.49,1501.41,NVIDIA GeForce RTX 4060 Ti,36,68.25,0,3350.6,16380.0,
2026-09-05T07:03:49.590839+00:00,03_vlm_polymer_real_synth,9,9,8.6,12.86,30.49,1501.41,NVIDIA GeForce RTX 4060 Ti,39,67.45,70,3350.6,16380.0,
2026-09-05T07:03:59.654815+00:00,03_vlm_polymer_real_synth,9,9,8.5,12.86,30.49,1501.41,NVIDIA GeForce RTX 4060 Ti,39,67.85,33,3350.6,16380.0,
2026-09-05T07:04:09.717829+00:00,03_vlm_polymer_real_synth,9,9,8.5,12.86,30.49,1501.41,NVIDIA GeForce RTX 4060 Ti,39,69.6,78,3350.6,16380.0,
2026-09-05T07:04:19.788835+00:00,03_vlm_polymer_real_synth,9,9,8.5,12.85,30.49,1501.41,NVIDIA GeForce RTX 4060 Ti,41,72.16,66,3350.6,16380.0,
2026-09-05T07:04:29.851698+00:00,03_vlm_polymer_real_synth,9,9,8.5,12.86,30.49,1501.41,NVIDIA GeForce RTX 4060 Ti,40,66.27,0,3350.6,16380.0,
2026-09-05T07:04:39.916834+00:00,03_vlm_polymer_real_synth,9,9,8.5,12.86,30.49,1501.41,NVIDIA GeForce RTX 4060 Ti,41,68.46,14,3350.6,16380.0,
2026-09-05T07:04:49.976892+00:00,03_vlm_polymer_real_synth,9,9,8.5,12.88,30.49,1501.41,NVIDIA GeForce RTX 4060 Ti,37,66.28,63,3350.6,16380.0,
2026-09-05T07:05:00.039839+00:00,03_vlm_polymer_real_synth,9,9,8.5,12.85,30.49,1501.41,NVIDIA GeForce RTX 4060 Ti,37,67.95,38,3350.6,16380.0,
2026-09-05T07:05:10.105712+00:00,03_vlm_polymer_real_synth,9,9,8.5,12.84,30.49,1501.41,NVIDIA GeForce RTX 4060 Ti,39,62.57,34,3350.6,16380.0,
2026-09-05T07:05:20.165233+00:00,03_vlm_polymer_real_synth,9,9,8.5,12.85,30.49,1501.41,NVIDIA GeForce RTX 4060 Ti,36,61.15,32,3350.6,16380.0,
2026-09-05T07:05:30.222895+00:00,03_vlm_polymer_real_synth,9,9,8.6,12.86,30.49,1501.41,NVIDIA GeForce RTX 4060 Ti,38,60.59,24,3350.6,16380.0,
2026-09-05T07:05:40.292249+00:00,03_vlm_polymer_real_synth,9,9,8.2,12.86,30.49,1501.41,NVIDIA GeForce RTX 4060 Ti,37,59.39,3,3350.6,16380.0,
2026-09-05T07:05:50.356829+00:00,03_vlm_polymer_real_synth,9,9,8.5,12.86,30.49,1501.41,NVIDIA GeForce RTX 4060 Ti,38,72.23,55,3350.6,16380.0,
2026-09-05T07:06:00.419823+00:00,03_vlm_polymer_real_synth,9,9,8.5,12.85,30.49,1501.41,NVIDIA GeForce RTX 4060 Ti,38,71.32,8,3350.6,16380.0,
2026-09-05T07:06:10.483820+00:00,03_vlm_polymer_real_synth,9,9,8.5,12.83,30.49,1501.41,NVIDIA GeForce RTX 4060 Ti,39,72.27,73,3350.6,16380.0,
2026-09-05T07:06:20.548844+00:00,03_vlm_polymer_real_synth,9,9,8.7,12.88,30.49,1501.41,NVIDIA GeForce RTX 4060 Ti,37,66.34,0,3350.6,16380.0,
2026-09-05T07:06:30.617841+00:00,03_vlm_polymer_real_synth,9,9,8.5,12.91,30.49,1501.41,NVIDIA GeForce RTX 4060 Ti,36,67.75,33,3350.6,16380.0,
2026-09-05T07:06:40.688824+00:00,03_vlm_polymer_real_synth,9,9,8.5,12.87,30.49,1501.41,NVIDIA GeForce RTX 4060 Ti,39,71.05,31,3350.6,16380.0,
2026-09-05T07:06:50.752834+00:00,03_vlm_polymer_real_synth,9,9,8.5,12.86,30.49,1501.41,NVIDIA GeForce RTX 4060 Ti,39,67.47,63,3350.6,16380.0,
2026-09-05T07:07:00.808990+00:00,03_vlm_polymer_real_synth,9,9,8.5,12.91,30.49,1501.41,NVIDIA GeForce RTX 4060 Ti,39,68.28,77,3350.6,16380.0,
2026-09-05T07:07:10.877822+00:00,03_vlm_polymer_real_synth,9,9,8.5,12.89,30.49,1501.41,NVIDIA GeForce RTX 4060 Ti,36,69.09,52,3350.6,16380.0,
2026-09-05T07:07:20.944112+00:00,03_vlm_polymer_real_synth,9,9,8.5,12.88,30.49,1501.41,NVIDIA GeForce RTX 4060 Ti,40,66.33,0,3350.6,16380.0,
2026-09-05T07:07:31.008828+00:00,03_vlm_polymer_real_synth,9,9,8.5,12.87,30.49,1501.41,NVIDIA GeForce RTX 4060 Ti,39,66.31,60,3350.6,16380.0,
2026-09-05T07:07:41.073825+00:00,03_vlm_polymer_real_synth,9,9,8.5,12.86,30.49,1501.41,NVIDIA GeForce RTX 4060 Ti,41,68.3,0,3350.6,16380.0,
2026-09-05T07:07:51.137831+00:00,03_vlm_polymer_real_synth,9,9,8.5,12.89,30.49,1501.41,NVIDIA GeForce RTX 4060 Ti,36,66.29,57,3350.6,16380.0,
2026-09-05T07:08:01.201836+00:00,03_vlm_polymer_real_synth,9,9,8.5,12.86,30.49,1501.41,NVIDIA GeForce RTX 4060 Ti,40,66.21,0,3350.6,16380.0,
2026-09-05T07:08:11.267821+00:00,03_vlm_polymer_real_synth,9,9,8.5,12.89,30.49,1501.41,NVIDIA GeForce RTX 4060 Ti,39,68.27,35,3350.6,16380.0,
2026-09-05T07:08:21.337838+00:00,03_vlm_polymer_real_synth,9,9,8.5,12.9,30.49,1501.41,NVIDIA GeForce RTX 4060 Ti,41,66.23,62,3350.6,16380.0,
2026-09-05T07:08:31.400840+00:00,03_vlm_polymer_real_synth,9,9,8.5,12.88,30.49,1501.41,NVIDIA GeForce RTX 4060 Ti,38,66.28,41,3350.6,16380.0,
2026-09-05T07:08:41.461751+00:00,03_vlm_polymer_real_synth,9,9,8.5,12.91,30.49,1501.41,NVIDIA GeForce RTX 4060 Ti,40,69.5,65,3350.6,16380.0,
2026-09-05T07:08:51.490845+00:00,03_vlm_polymer_real_synth,9,9,8.5,12.9,30.49,1501.41,NVIDIA GeForce RTX 4060 Ti,37,67.9,29,3350.6,16380.0,
2026-09-05T07:09:01.510183+00:00,03_vlm_polymer_real_synth,9,9,8.5,12.89,30.49,1501.41,NVIDIA GeForce RTX 4060 Ti,37,70.89,19,3350.6,16380.0,
2026-09-05T07:09:11.573836+00:00,03_vlm_polymer_real_synth,9,9,8.5,12.93,30.49,1501.41,NVIDIA GeForce RTX 4060 Ti,38,72.07,77,3350.6,16380.0,
2026-09-05T07:09:21.636849+00:00,03_vlm_polymer_real_synth,9,9,8.6,12.91,30.49,1501.41,NVIDIA GeForce RTX 4060 Ti,40,68.19,50,3350.6,16380.0,
2026-09-05T07:09:31.699829+00:00,03_vlm_polymer_real_synth,9,9,8.5,12.89,30.49,1501.41,NVIDIA GeForce RTX 4060 Ti,37,67.83,61,3350.6,16380.0,
2026-09-05T07:09:41.763831+00:00,03_vlm_polymer_real_synth,9,9,8.5,12.9,30.49,1501.41,NVIDIA GeForce RTX 4060 Ti,40,69.89,67,3350.6,16380.0,
2026-09-05T07:09:51.832839+00:00,03_vlm_polymer_real_synth,9,9,8.5,12.89,30.49,1501.41,NVIDIA GeForce RTX 4060 Ti,40,67.44,51,3350.6,16380.0,
2026-09-05T07:10:01.897838+00:00,03_vlm_polymer_real_synth,9,9,8.5,12.9,30.49,1501.41,NVIDIA GeForce RTX 4060 Ti,39,71.0,1,3350.6,16380.0,
2026-09-05T07:10:11.963834+00:00,03_vlm_polymer_real_synth,9,9,8.5,12.87,30.49,1501.41,NVIDIA GeForce RTX 4060 Ti,39,67.6,10,3350.6,16380.0,
2026-09-05T07:10:22.027831+00:00,03_vlm_polymer_real_synth,9,9,8.6,12.87,30.49,1501.41,NVIDIA GeForce RTX 4060 Ti,39,68.95,15,3350.6,16380.0,
2026-09-05T07:10:32.091839+00:00,03_vlm_polymer_real_synth,9,9,8.5,12.89,30.49,1501.41,NVIDIA GeForce RTX 4060 Ti,41,71.19,55,3350.6,16380.0,
2026-09-05T07:10:42.155827+00:00,03_vlm_polymer_real_synth,9,9,8.8,12.87,30.49,1501.41,NVIDIA GeForce RTX 4060 Ti,39,72.27,23,3350.6,16380.0,
2026-09-05T07:10:52.218860+00:00,03_vlm_polymer_real_synth,9,9,8.5,12.9,30.49,1501.41,NVIDIA GeForce RTX 4060 Ti,38,67.02,4,3350.6,16380.0,
2026-09-05T07:11:02.287848+00:00,03_vlm_polymer_real_synth,9,9,8.5,12.87,30.49,1501.41,NVIDIA GeForce RTX 4060 Ti,39,66.48,71,3350.6,16380.0,
2026-09-05T07:11:12.350835+00:00,03_vlm_polymer_real_synth,9,9,8.5,12.9,30.49,1501.41,NVIDIA GeForce RTX 4060 Ti,40,67.88,50,3350.6,16380.0,
2026-09-05T07:11:22.416859+00:00,03_vlm_polymer_real_synth,9,9,8.7,12.92,30.49,1501.41,NVIDIA GeForce RTX 4060 Ti,37,71.38,3,3350.6,16380.0,
2026-09-05T07:11:32.472992+00:00,03_vlm_polymer_real_synth,9,9,8.6,12.96,30.49,1501.41,NVIDIA GeForce RTX 4060 Ti,39,68.47,48,3350.6,16380.0,
2026-09-05T07:11:42.538894+00:00,03_vlm_polymer_real_synth,9,9,8.5,12.92,30.49,1501.41,NVIDIA GeForce RTX 4060 Ti,40,66.35,0,3350.6,16380.0,
2026-09-05T07:11:52.572257+00:00,03_vlm_polymer_real_synth,9,9,8.5,12.93,30.49,1501.41,NVIDIA GeForce RTX 4060 Ti,39,69.62,0,3350.6,16380.0,
2026-09-05T07:12:02.636843+00:00,03_vlm_polymer_real_synth,9,9,8.5,12.94,30.49,1501.41,NVIDIA GeForce RTX 4060 Ti,37,66.37,73,3350.6,16380.0,
2026-09-05T07:12:12.703838+00:00,03_vlm_polymer_real_synth,9,9,8.5,12.97,30.49,1501.41,NVIDIA GeForce RTX 4060 Ti,37,68.45,1,3350.6,16380.0,
2026-09-05T07:12:22.767822+00:00,03_vlm_polymer_real_synth,9,9,8.6,12.93,30.49,1501.41,NVIDIA GeForce RTX 4060 Ti,39,69.88,0,3350.6,16380.0,
2026-09-05T07:12:32.826134+00:00,03_vlm_polymer_real_synth,9,9,8.6,12.93,30.49,1501.41,NVIDIA GeForce RTX 4060 Ti,40,69.2,0,3350.6,16380.0,
2026-09-05T07:12:42.888822+00:00,03_vlm_polymer_real_synth,9,9,8.5,12.9,30.49,1501.41,NVIDIA GeForce RTX 4060 Ti,37,67.46,55,3350.6,16380.0,
2026-09-05T07:12:52.957836+00:00,03_vlm_polymer_real_synth,9,9,8.5,12.95,30.49,1501.41,NVIDIA GeForce RTX 4060 Ti,38,70.13,25,3350.6,16380.0,
2026-09-05T07:13:03.028830+00:00,03_vlm_polymer_real_synth,9,9,8.5,12.89,30.49,1501.41,NVIDIA GeForce RTX 4060 Ti,39,68.7,57,3350.6,16380.0,
2026-09-05T07:13:13.063061+00:00,03_vlm_polymer_real_synth,9,9,8.5,12.91,30.49,1501.41,NVIDIA GeForce RTX 4060 Ti,39,68.36,42,3350.6,16380.0,
2026-09-05T07:13:23.133837+00:00,03_vlm_polymer_real_synth,9,9,8.5,12.92,30.49,1501.41,NVIDIA GeForce RTX 4060 Ti,39,68.47,67,3350.6,16380.0,
2026-09-05T07:13:33.202828+00:00,03_vlm_polymer_real_synth,9,9,8.5,12.92,30.49,1501.41,NVIDIA GeForce RTX 4060 Ti,37,70.02,57,3350.6,16380.0,
2026-09-05T07:13:43.248117+00:00,03_vlm_polymer_real_synth,9,9,8.5,12.91,30.49,1501.41,NVIDIA GeForce RTX 4060 Ti,40,68.16,0,3350.6,16380.0,
2026-09-05T07:13:53.272477+00:00,03_vlm_polymer_real_synth,9,9,8.5,12.9,30.49,1501.41,NVIDIA GeForce RTX 4060 Ti,39,71.79,61,3350.6,16380.0,
2026-09-05T07:14:03.309910+00:00,03_vlm_polymer_real_synth,9,9,8.5,12.9,30.49,1501.41,NVIDIA GeForce RTX 4060 Ti,38,66.31,78,3350.6,16380.0,
2026-09-05T07:14:13.375823+00:00,03_vlm_polymer_real_synth,9,9,8.6,12.9,30.49,1501.41,NVIDIA GeForce RTX 4060 Ti,36,68.62,0,3350.6,16380.0,
2026-09-05T07:14:23.442098+00:00,03_vlm_polymer_real_synth,9,9,8.5,12.9,30.49,1501.41,NVIDIA GeForce RTX 4060 Ti,37,71.3,28,3350.6,16380.0,
2026-09-05T07:14:33.504825+00:00,03_vlm_polymer_real_synth,9,9,8.5,12.92,30.49,1501.41,NVIDIA GeForce RTX 4060 Ti,39,68.09,60,3350.6,16380.0,
2026-09-05T07:14:43.568832+00:00,03_vlm_polymer_real_synth,9,9,8.5,12.9,30.49,1501.41,NVIDIA GeForce RTX 4060 Ti,37,66.19,22,3350.6,16380.0,
2026-09-05T07:14:53.633875+00:00,03_vlm_polymer_real_synth,9,9,8.5,12.88,30.49,1501.41,NVIDIA GeForce RTX 4060 Ti,40,66.4,46,3350.6,16380.0,
2026-09-05T07:15:03.701840+00:00,03_vlm_polymer_real_synth,9,9,8.5,12.9,30.49,1501.41,NVIDIA GeForce RTX 4060 Ti,39,68.14,62,3350.6,16380.0,
2026-09-05T07:15:13.764982+00:00,03_vlm_polymer_real_synth,9,9,8.6,12.92,30.49,1501.41,NVIDIA GeForce RTX 4060 Ti,39,69.31,9,3350.6,16380.0,
2026-09-05T07:15:23.828828+00:00,03_vlm_polymer_real_synth,9,9,8.5,12.9,30.49,1501.41,NVIDIA GeForce RTX 4060 Ti,37,70.72,68,3350.6,16380.0,
2026-09-05T07:15:33.899837+00:00,03_vlm_polymer_real_synth,9,9,8.5,12.89,30.49,1501.41,NVIDIA GeForce RTX 4060 Ti,39,67.87,16,3350.6,16380.0,
2026-09-05T07:15:43.965822+00:00,03_vlm_polymer_real_synth,9,9,8.5,12.9,30.49,1501.41,NVIDIA GeForce RTX 4060 Ti,38,69.07,60,3350.6,16380.0,
2026-09-05T07:15:54.028851+00:00,03_vlm_polymer_real_synth,9,9,8.5,12.91,30.49,1501.41,NVIDIA GeForce RTX 4060 Ti,38,71.94,52,3350.6,16380.0,
2026-09-05T07:16:04.091840+00:00,03_vlm_polymer_real_synth,9,9,8.5,12.89,30.49,1501.41,NVIDIA GeForce RTX 4060 Ti,39,67.12,64,3350.6,16380.0,
2026-09-05T07:16:14.121189+00:00,03_vlm_polymer_real_synth,9,9,8.5,12.88,30.49,1501.41,NVIDIA GeForce RTX 4060 Ti,39,67.72,46,3350.6,16380.0,
2026-09-05T07:16:24.152062+00:00,03_vlm_polymer_real_synth,9,9,8.7,12.94,30.49,1501.41,NVIDIA GeForce RTX 4060 Ti,39,67.33,0,3350.6,16380.0,
2026-09-05T07:16:34.214965+00:00,03_vlm_polymer_real_synth,9,9,8.6,12.92,30.49,1501.41,NVIDIA GeForce RTX 4060 Ti,37,69.04,46,3350.6,16380.0,
2026-09-05T07:16:44.279864+00:00,03_vlm_polymer_real_synth,9,9,8.5,12.93,30.49,1501.41,NVIDIA GeForce RTX 4060 Ti,38,66.26,77,3350.6,16380.0,
2026-09-05T07:16:54.342839+00:00,03_vlm_polymer_real_synth,9,9,8.5,12.97,30.49,1501.41,NVIDIA GeForce RTX 4060 Ti,40,70.94,55,3350.6,16380.0,
2026-09-05T07:17:04.405826+00:00,03_vlm_polymer_real_synth,9,9,8.5,12.92,30.49,1501.41,NVIDIA GeForce RTX 4060 Ti,39,62.4,14,3350.6,16380.0,
2026-09-05T07:17:14.458689+00:00,03_vlm_polymer_real_synth,9,9,8.6,12.91,30.49,1501.41,NVIDIA GeForce RTX 4060 Ti,36,59.98,50,3350.6,16380.0,
2026-09-05T07:17:24.517847+00:00,03_vlm_polymer_real_synth,9,9,8.5,12.92,30.49,1501.41,NVIDIA GeForce RTX 4060 Ti,38,61.41,17,3350.6,16380.0,
2026-09-05T07:17:34.564826+00:00,03_vlm_polymer_real_synth,9,9,8.5,12.95,30.49,1501.41,NVIDIA GeForce RTX 4060 Ti,41,70.64,59,3350.6,16380.0,
2026-09-05T07:17:44.627839+00:00,03_vlm_polymer_real_synth,9,9,8.5,12.98,30.49,1501.41,NVIDIA GeForce RTX 4060 Ti,38,68.41,31,3350.6,16380.0,
2026-09-05T07:17:54.698811+00:00,03_vlm_polymer_real_synth,9,9,8.5,12.96,30.49,1501.41,NVIDIA GeForce RTX 4060 Ti,38,68.34,20,3350.6,16380.0,
2026-09-05T07:18:04.761835+00:00,03_vlm_polymer_real_synth,9,9,8.5,12.95,30.49,1501.41,NVIDIA GeForce RTX 4060 Ti,40,72.16,50,3350.6,16380.0,
2026-09-05T07:18:14.824823+00:00,03_vlm_polymer_real_synth,9,9,8.6,12.98,30.49,1501.41,NVIDIA GeForce RTX 4060 Ti,39,70.59,61,3350.6,16380.0,
2026-09-05T07:18:24.887825+00:00,03_vlm_polymer_real_synth,9,9,8.5,12.94,30.49,1501.41,NVIDIA GeForce RTX 4060 Ti,38,69.01,19,3350.6,16380.0,
2026-09-05T07:18:34.951843+00:00,03_vlm_polymer_real_synth,9,9,8.5,12.93,30.49,1501.41,NVIDIA GeForce RTX 4060 Ti,39,68.27,75,3350.6,16380.0,
2026-09-05T07:18:45.014836+00:00,03_vlm_polymer_real_synth,9,9,8.5,12.93,30.49,1501.41,NVIDIA GeForce RTX 4060 Ti,39,66.45,52,3350.6,16380.0,
2026-09-05T07:18:55.056887+00:00,03_vlm_polymer_real_synth,9,9,8.5,12.94,30.49,1501.41,NVIDIA GeForce RTX 4060 Ti,40,68.8,0,3350.6,16380.0,
2026-09-05T07:19:05.121822+00:00,03_vlm_polymer_real_synth,9,9,8.5,12.92,30.49,1501.41,NVIDIA GeForce RTX 4060 Ti,38,66.96,19,3350.6,16380.0,
2026-09-05T07:19:15.186853+00:00,03_vlm_polymer_real_synth,9,9,8.6,12.96,30.49,1501.41,NVIDIA GeForce RTX 4060 Ti,39,66.39,48,3350.6,16380.0,
2026-09-05T07:19:25.250461+00:00,03_vlm_polymer_real_synth,9,9,8.5,12.93,30.49,1501.41,NVIDIA GeForce RTX 4060 Ti,36,69.0,42,3350.6,16380.0,
2026-09-05T07:19:35.314827+00:00,03_vlm_polymer_real_synth,9,9,8.5,12.93,30.49,1501.41,NVIDIA GeForce RTX 4060 Ti,36,68.56,34,3350.6,16380.0,
2026-09-05T07:19:45.383836+00:00,03_vlm_polymer_real_synth,9,9,8.5,12.91,30.49,1501.41,NVIDIA GeForce RTX 4060 Ti,40,66.43,63,3350.6,16380.0,
2026-09-05T07:19:55.448845+00:00,03_vlm_polymer_real_synth,9,9,8.6,12.93,30.49,1501.41,NVIDIA GeForce RTX 4060 Ti,37,69.88,46,3350.6,16380.0,
2026-09-05T07:20:05.511823+00:00,03_vlm_polymer_real_synth,9,9,8.5,12.94,30.49,1501.41,NVIDIA GeForce RTX 4060 Ti,41,70.12,32,3350.6,16380.0,
2026-09-05T07:20:15.574832+00:00,03_vlm_polymer_real_synth,9,9,8.6,12.93,30.49,1501.41,NVIDIA GeForce RTX 4060 Ti,38,66.35,0,3350.6,16380.0,
2026-09-05T07:20:25.637821+00:00,03_vlm_polymer_real_synth,9,9,8.5,12.93,30.49,1501.41,NVIDIA GeForce RTX 4060 Ti,39,68.67,44,3350.6,16380.0,
2026-09-05T07:20:35.708823+00:00,03_vlm_polymer_real_synth,9,9,8.5,12.92,30.49,1501.41,NVIDIA GeForce RTX 4060 Ti,38,67.54,76,3350.6,16380.0,
2026-09-05T07:20:45.774348+00:00,03_vlm_polymer_real_synth,9,9,8.5,12.9,30.49,1501.41,NVIDIA GeForce RTX 4060 Ti,40,68.96,8,3350.6,16380.0,
2026-09-05T07:20:55.836828+00:00,03_vlm_polymer_real_synth,9,9,8.5,12.9,30.49,1501.41,NVIDIA GeForce RTX 4060 Ti,39,67.74,77,3350.6,16380.0,
2026-09-05T07:21:05.907854+00:00,03_vlm_polymer_real_synth,9,9,8.5,12.91,30.49,1501.41,NVIDIA GeForce RTX 4060 Ti,39,68.79,76,3350.6,16380.0,
2026-09-05T07:21:15.970835+00:00,03_vlm_polymer_real_synth,9,9,8.6,12.93,30.49,1501.41,NVIDIA GeForce RTX 4060 Ti,37,68.28,45,3350.6,16380.0,
2026-09-05T07:21:26.040824+00:00,03_vlm_polymer_real_synth,9,9,8.7,12.94,30.49,1501.41,NVIDIA GeForce RTX 4060 Ti,37,67.36,44,3350.6,16380.0,
2026-09-05T07:21:36.105843+00:00,03_vlm_polymer_real_synth,9,9,8.5,12.93,30.49,1501.41,NVIDIA GeForce RTX 4060 Ti,37,66.4,62,3350.6,16380.0,
2026-09-05T07:21:46.150731+00:00,03_vlm_polymer_real_synth,9,9,8.5,12.91,30.49,1501.41,NVIDIA GeForce RTX 4060 Ti,37,66.38,43,3350.6,16380.0,
2026-09-05T07:21:56.181467+00:00,03_vlm_polymer_real_synth,9,9,8.5,12.96,30.49,1501.41,NVIDIA GeForce RTX 4060 Ti,41,66.23,25,3350.6,16380.0,
2026-09-05T07:22:06.241939+00:00,03_vlm_polymer_real_synth,9,9,8.5,12.94,30.49,1501.41,NVIDIA GeForce RTX 4060 Ti,39,68.19,74,3350.6,16380.0,
2026-09-05T07:22:16.304842+00:00,03_vlm_polymer_real_synth,9,9,8.5,12.95,30.49,1501.41,NVIDIA GeForce RTX 4060 Ti,40,71.05,50,3350.6,16380.0,
2026-09-05T07:22:26.367857+00:00,03_vlm_polymer_real_synth,9,9,9.4,12.92,30.49,1501.41,NVIDIA GeForce RTX 4060 Ti,39,67.87,22,3350.6,16380.0,
2026-09-05T07:22:36.432050+00:00,03_vlm_polymer_real_synth,9,9,14.6,12.95,30.49,1501.41,NVIDIA GeForce RTX 4060 Ti,39,71.89,50,3350.6,16380.0,
2026-09-05T07:22:46.500853+00:00,03_vlm_polymer_real_synth,9,9,12.9,13.04,30.49,1501.41,NVIDIA GeForce RTX 4060 Ti,36,66.37,0,3350.6,16380.0,
2026-09-05T07:22:56.564822+00:00,03_vlm_polymer_real_synth,9,9,13.1,13.02,30.49,1501.41,NVIDIA GeForce RTX 4060 Ti,37,67.91,21,3350.6,16380.0,
2026-09-05T07:23:06.620001+00:00,03_vlm_polymer_real_synth,9,9,8.5,13.03,30.49,1501.41,NVIDIA GeForce RTX 4060 Ti,39,67.13,56,3350.6,16380.0,
2026-09-05T07:23:16.681516+00:00,03_vlm_polymer_real_synth,9,9,8.6,13.04,30.49,1501.41,NVIDIA GeForce RTX 4060 Ti,39,68.62,70,3350.6,16380.0,
2026-09-05T07:23:26.745826+00:00,03_vlm_polymer_real_synth,9,9,8.5,13.05,30.49,1501.41,NVIDIA GeForce RTX 4060 Ti,39,70.04,75,3350.6,16380.0,
2026-09-05T07:23:36.787962+00:00,03_vlm_polymer_real_synth,9,9,8.5,13.05,30.49,1501.41,NVIDIA GeForce RTX 4060 Ti,37,66.28,76,3350.6,16380.0,
2026-09-05T07:23:46.832144+00:00,03_vlm_polymer_real_synth,9,9,8.5,13.07,30.49,1501.41,NVIDIA GeForce RTX 4060 Ti,37,66.29,71,3350.6,16380.0,
2026-09-05T07:23:56.896826+00:00,03_vlm_polymer_real_synth,9,9,8.5,13.05,30.49,1501.41,NVIDIA GeForce RTX 4060 Ti,38,67.79,61,3350.6,16380.0,
2026-09-05T07:24:06.960863+00:00,03_vlm_polymer_real_synth,9,9,8.5,13.03,30.49,1501.41,NVIDIA GeForce RTX 4060 Ti,37,70.55,74,3350.6,16380.0,
2026-09-05T07:24:17.023828+00:00,03_vlm_polymer_real_synth,9,9,8.6,13.03,30.49,1501.41,NVIDIA GeForce RTX 4060 Ti,39,67.67,2,3350.6,16380.0,
2026-09-05T07:24:27.088754+00:00,03_vlm_polymer_real_synth,9,9,8.8,13.05,30.49,1501.41,NVIDIA GeForce RTX 4060 Ti,39,68.16,0,3350.6,16380.0,
2026-09-05T07:24:37.157853+00:00,03_vlm_polymer_real_synth,9,9,8.5,13.04,30.49,1501.41,NVIDIA GeForce RTX 4060 Ti,40,66.37,53,3350.6,16380.0,
2026-09-05T07:24:47.221824+00:00,03_vlm_polymer_real_synth,9,9,8.5,13.07,30.49,1501.41,NVIDIA GeForce RTX 4060 Ti,37,70.97,68,3350.6,16380.0,
2026-09-05T07:24:57.284857+00:00,03_vlm_polymer_real_synth,9,9,8.5,13.06,30.49,1501.41,NVIDIA GeForce RTX 4060 Ti,36,67.73,34,3350.6,16380.0,
2026-09-05T07:25:07.339273+00:00,03_vlm_polymer_real_synth,9,9,8.5,13.06,30.49,1501.41,NVIDIA GeForce RTX 4060 Ti,40,70.19,49,3350.6,16380.0,
2026-09-05T07:25:17.402833+00:00,03_vlm_polymer_real_synth,9,9,8.5,13.03,30.49,1501.41,NVIDIA GeForce RTX 4060 Ti,37,68.5,19,3350.6,16380.0,
2026-09-05T07:25:27.469824+00:00,03_vlm_polymer_real_synth,9,9,8.5,13.01,30.49,1501.41,NVIDIA GeForce RTX 4060 Ti,37,70.46,64,3350.6,16380.0,
2026-09-05T07:25:37.539839+00:00,03_vlm_polymer_real_synth,9,9,8.5,13.03,30.49,1501.41,NVIDIA GeForce RTX 4060 Ti,39,68.22,57,3350.6,16380.0,
2026-09-05T07:25:47.605506+00:00,03_vlm_polymer_real_synth,9,9,8.5,13.01,30.49,1501.41,NVIDIA GeForce RTX 4060 Ti,39,69.27,53,3350.6,16380.0,
2026-09-05T07:25:57.675881+00:00,03_vlm_polymer_real_synth,9,9,8.5,13.02,30.49,1501.41,NVIDIA GeForce RTX 4060 Ti,38,66.26,77,3350.6,16380.0,
2026-09-05T07:26:07.738834+00:00,03_vlm_polymer_real_synth,9,9,8.5,13.02,30.49,1501.41,NVIDIA GeForce RTX 4060 Ti,39,71.57,38,3350.6,16380.0,
2026-09-05T07:26:17.802376+00:00,03_vlm_polymer_real_synth,9,9,8.5,13.04,30.49,1501.41,NVIDIA GeForce RTX 4060 Ti,39,69.31,7,3337.9,16380.0,
2026-09-05T07:26:27.859424+00:00,03_vlm_polymer_real_synth,9,9,8.8,13.08,30.49,1501.41,NVIDIA GeForce RTX 4060 Ti,41,66.33,13,3337.9,16380.0,
2026-09-05T07:26:37.923815+00:00,03_vlm_polymer_real_synth,9,9,8.5,13.06,30.49,1501.41,NVIDIA GeForce RTX 4060 Ti,37,71.34,60,3337.9,16380.0,
2026-09-05T07:26:47.986822+00:00,03_vlm_polymer_real_synth,9,9,8.6,13.06,30.49,1501.41,NVIDIA GeForce RTX 4060 Ti,37,69.86,58,3337.9,16380.0,
2026-09-05T07:26:58.049827+00:00,03_vlm_polymer_real_synth,9,9,8.5,13.07,30.49,1501.41,NVIDIA GeForce RTX 4060 Ti,40,68.23,0,3337.9,16380.0,
2026-09-05T07:27:08.120825+00:00,03_vlm_polymer_real_synth,9,9,8.6,13.08,30.49,1501.41,NVIDIA GeForce RTX 4060 Ti,39,71.97,64,3337.9,16380.0,
2026-09-05T07:27:18.185822+00:00,03_vlm_polymer_real_synth,9,9,8.6,13.07,30.49,1501.41,NVIDIA GeForce RTX 4060 Ti,39,68.67,66,3337.9,16380.0,
2026-09-05T07:27:28.255866+00:00,03_vlm_polymer_real_synth,9,9,8.5,13.08,30.49,1501.41,NVIDIA GeForce RTX 4060 Ti,37,71.17,47,3337.9,16380.0,
2026-09-05T07:27:38.282854+00:00,03_vlm_polymer_real_synth,9,9,8.5,13.05,30.49,1501.41,NVIDIA GeForce RTX 4060 Ti,38,66.08,72,3337.9,16380.0,
2026-09-05T07:27:48.345822+00:00,03_vlm_polymer_real_synth,9,9,8.5,13.06,30.49,1501.41,NVIDIA GeForce RTX 4060 Ti,39,70.44,20,3337.9,16380.0,
2026-09-05T07:27:58.410833+00:00,03_vlm_polymer_real_synth,9,9,8.5,13.05,30.49,1501.41,NVIDIA GeForce RTX 4060 Ti,37,69.75,71,3337.9,16380.0,
2026-09-05T07:28:08.479842+00:00,03_vlm_polymer_real_synth,9,9,8.5,13.07,30.49,1501.41,NVIDIA GeForce RTX 4060 Ti,39,68.69,62,3337.9,16380.0,
2026-09-05T07:28:18.543950+00:00,03_vlm_polymer_real_synth,9,9,8.6,13.08,30.49,1501.41,NVIDIA GeForce RTX 4060 Ti,37,71.38,28,3337.9,16380.0,
2026-09-05T07:28:28.613845+00:00,03_vlm_polymer_real_synth,9,9,8.5,13.05,30.49,1501.41,NVIDIA GeForce RTX 4060 Ti,41,70.67,38,3337.9,16380.0,
2026-09-05T07:28:38.663097+00:00,03_vlm_polymer_real_synth,9,9,8.5,13.05,30.49,1501.41,NVIDIA GeForce RTX 4060 Ti,37,68.52,0,3337.9,16380.0,
2026-09-05T07:28:48.727836+00:00,03_vlm_polymer_real_synth,9,9,8.5,13.07,30.49,1501.41,NVIDIA GeForce RTX 4060 Ti,40,66.28,72,3337.9,16380.0,
2026-09-05T07:28:58.790833+00:00,03_vlm_polymer_real_synth,9,9,8.5,13.06,30.49,1501.41,NVIDIA GeForce RTX 4060 Ti,37,62.76,43,3337.9,16380.0,
2026-09-05T07:29:08.854823+00:00,03_vlm_polymer_real_synth,9,9,8.6,13.05,30.49,1501.41,NVIDIA GeForce RTX 4060 Ti,36,60.55,13,3337.9,16380.0,
2026-09-05T07:29:18.889310+00:00,03_vlm_polymer_real_synth,9,9,8.5,13.05,30.49,1501.41,NVIDIA GeForce RTX 4060 Ti,37,62.66,40,3337.9,16380.0,
2026-09-05T07:29:28.957831+00:00,03_vlm_polymer_real_synth,9,9,8.5,13.03,30.49,1501.41,NVIDIA GeForce RTX 4060 Ti,38,68.41,0,3337.9,16380.0,
2026-09-05T07:29:39.022838+00:00,03_vlm_polymer_real_synth,9,9,8.5,13.05,30.49,1501.41,NVIDIA GeForce RTX 4060 Ti,37,68.39,56,3337.9,16380.0,
2026-09-05T07:29:49.084130+00:00,03_vlm_polymer_real_synth,9,9,8.5,13.06,30.49,1501.41,NVIDIA GeForce RTX 4060 Ti,40,67.36,13,3337.9,16380.0,
2026-09-05T07:29:59.153826+00:00,03_vlm_polymer_real_synth,9,9,8.5,13.06,30.49,1501.41,NVIDIA GeForce RTX 4060 Ti,38,67.95,62,3337.9,16380.0,
2026-09-05T07:30:09.218831+00:00,03_vlm_polymer_real_synth,9,9,8.5,13.04,30.49,1501.41,NVIDIA GeForce RTX 4060 Ti,41,66.34,0,3337.9,16380.0,
2026-09-05T07:30:19.281834+00:00,03_vlm_polymer_real_synth,9,9,8.5,13.02,30.49,1501.41,NVIDIA GeForce RTX 4060 Ti,36,66.26,0,3337.9,16380.0,
2026-09-05T07:30:29.348834+00:00,03_vlm_polymer_real_synth,9,9,8.5,13.02,30.49,1501.41,NVIDIA GeForce RTX 4060 Ti,39,71.23,59,3337.9,16380.0,
2026-09-05T07:30:39.411833+00:00,03_vlm_polymer_real_synth,9,9,8.5,13.03,30.49,1501.41,NVIDIA GeForce RTX 4060 Ti,37,69.16,0,3337.9,16380.0,
2026-09-05T07:30:49.481820+00:00,03_vlm_polymer_real_synth,9,9,8.5,13.0,30.49,1501.41,NVIDIA GeForce RTX 4060 Ti,37,69.83,51,3337.9,16380.0,
2026-09-05T07:30:59.550829+00:00,03_vlm_polymer_real_synth,9,9,8.5,13.05,30.49,1501.41,NVIDIA GeForce RTX 4060 Ti,39,68.56,59,3337.9,16380.0,
2026-09-05T07:31:09.617828+00:00,03_vlm_polymer_real_synth,9,9,8.5,13.03,30.49,1501.41,NVIDIA GeForce RTX 4060 Ti,36,67.33,0,3337.9,16380.0,
2026-09-05T07:31:19.681832+00:00,03_vlm_polymer_real_synth,9,9,8.5,13.03,30.49,1501.41,NVIDIA GeForce RTX 4060 Ti,37,66.79,22,3337.9,16380.0,
2026-09-05T07:31:29.746663+00:00,03_vlm_polymer_real_synth,9,9,8.7,13.07,30.49,1501.41,NVIDIA GeForce RTX 4060 Ti,39,73.5,18,3337.9,16380.0,
2026-09-05T07:31:39.809830+00:00,03_vlm_polymer_real_synth,9,9,8.6,13.06,30.49,1501.41,NVIDIA GeForce RTX 4060 Ti,39,70.37,62,3337.9,16380.0,
2026-09-05T07:31:49.878834+00:00,03_vlm_polymer_real_synth,9,9,8.5,13.04,30.49,1501.41,NVIDIA GeForce RTX 4060 Ti,39,69.09,47,3337.9,16380.0,
2026-09-05T07:31:59.930793+00:00,03_vlm_polymer_real_synth,9,9,8.5,13.03,30.49,1501.41,NVIDIA GeForce RTX 4060 Ti,41,66.26,11,3337.9,16380.0,
2026-09-05T07:32:09.994852+00:00,03_vlm_polymer_real_synth,9,9,8.5,13.03,30.49,1501.41,NVIDIA GeForce RTX 4060 Ti,39,67.04,68,3337.9,16380.0,
2026-09-05T07:32:20.042377+00:00,03_vlm_polymer_real_synth,9,9,8.5,13.04,30.49,1501.41,NVIDIA GeForce RTX 4060 Ti,40,68.26,70,3337.9,16380.0,
2026-09-05T07:32:30.106844+00:00,03_vlm_polymer_real_synth,9,9,8.5,13.04,30.49,1501.41,NVIDIA GeForce RTX 4060 Ti,39,67.27,44,3337.9,16380.0,
2026-09-05T07:32:40.151025+00:00,03_vlm_polymer_real_synth,9,9,8.5,13.01,30.49,1501.41,NVIDIA GeForce RTX 4060 Ti,37,66.29,54,3337.9,16380.0,
2026-09-05T07:32:50.216821+00:00,03_vlm_polymer_real_synth,9,9,8.5,13.02,30.49,1501.41,NVIDIA GeForce RTX 4060 Ti,40,68.42,0,3337.9,16380.0,
2026-09-05T07:33:00.279840+00:00,03_vlm_polymer_real_synth,9,9,8.5,13.04,30.49,1501.41,NVIDIA GeForce RTX 4060 Ti,37,66.32,0,3337.9,16380.0,
2026-09-05T07:33:10.342826+00:00,03_vlm_polymer_real_synth,9,9,8.5,13.06,30.49,1501.41,NVIDIA GeForce RTX 4060 Ti,39,67.08,59,3337.9,16380.0,
2026-09-05T07:33:20.413748+00:00,03_vlm_polymer_real_synth,9,9,8.5,13.04,30.49,1501.41,NVIDIA GeForce RTX 4060 Ti,39,66.4,58,3337.9,16380.0,
2026-09-05T07:33:30.451192+00:00,03_vlm_polymer_real_synth,9,9,8.5,13.06,30.49,1501.41,NVIDIA GeForce RTX 4060 Ti,36,67.56,42,3337.9,16380.0,
2026-09-05T07:33:40.514492+00:00,03_vlm_polymer_real_synth,9,9,8.5,13.03,30.49,1501.41,NVIDIA GeForce RTX 4060 Ti,41,67.18,50,3337.9,16380.0,
2026-09-05T07:33:50.584527+00:00,03_vlm_polymer_real_synth,9,9,8.5,13.03,30.49,1501.41,NVIDIA GeForce RTX 4060 Ti,38,68.63,12,3337.9,16380.0,
2026-09-05T07:34:00.647842+00:00,03_vlm_polymer_real_synth,9,9,8.5,13.03,30.49,1501.4,NVIDIA GeForce RTX 4060 Ti,36,68.17,42,3337.9,16380.0,
2026-09-05T07:34:10.676501+00:00,03_vlm_polymer_real_synth,9,9,8.5,13.05,30.49,1501.4,NVIDIA GeForce RTX 4060 Ti,38,66.85,73,3337.9,16380.0,
2026-09-05T07:34:20.739830+00:00,03_vlm_polymer_real_synth,9,9,8.5,13.02,30.49,1501.4,NVIDIA GeForce RTX 4060 Ti,37,68.93,62,3337.9,16380.0,
2026-09-05T07:34:30.804827+00:00,03_vlm_polymer_real_synth,9,9,8.5,13.05,30.49,1501.4,NVIDIA GeForce RTX 4060 Ti,37,71.38,57,3337.9,16380.0,
2026-09-05T07:34:40.867831+00:00,03_vlm_polymer_real_synth,9,9,8.5,13.08,30.49,1501.4,NVIDIA GeForce RTX 4060 Ti,39,71.99,67,3337.9,16380.0,
2026-09-05T07:34:50.931474+00:00,03_vlm_polymer_real_synth,9,9,8.5,13.07,30.49,1501.4,NVIDIA GeForce RTX 4060 Ti,39,66.29,30,3337.9,16380.0,
2026-09-05T07:35:00.994848+00:00,03_vlm_polymer_real_synth,9,9,8.5,13.03,30.49,1501.4,NVIDIA GeForce RTX 4060 Ti,37,67.08,48,3337.9,16380.0,
2026-09-05T07:35:11.058979+00:00,03_vlm_polymer_real_synth,9,9,8.5,13.04,30.49,1501.4,NVIDIA GeForce RTX 4060 Ti,36,66.28,66,3337.9,16380.0,
2026-09-05T07:35:21.094191+00:00,03_vlm_polymer_real_synth,9,9,8.5,13.03,30.49,1501.4,NVIDIA GeForce RTX 4060 Ti,40,66.51,63,3337.9,16380.0,
2026-09-05T07:35:31.159361+00:00,03_vlm_polymer_real_synth,9,9,8.5,13.03,30.49,1501.4,NVIDIA GeForce RTX 4060 Ti,39,69.9,57,3337.9,16380.0,
2026-09-05T07:35:41.223820+00:00,03_vlm_polymer_real_synth,9,9,8.5,13.05,30.49,1501.4,NVIDIA GeForce RTX 4060 Ti,39,68.9,79,3337.9,16380.0,
2026-09-05T07:35:51.292824+00:00,03_vlm_polymer_real_synth,9,9,8.5,13.03,30.49,1501.4,NVIDIA GeForce RTX 4060 Ti,39,68.18,50,3337.9,16380.0,
2026-09-05T07:36:01.361835+00:00,03_vlm_polymer_real_synth,9,9,8.5,13.03,30.49,1501.4,NVIDIA GeForce RTX 4060 Ti,37,66.36,32,3336.6,16380.0,
2026-09-05T07:36:11.406103+00:00,03_vlm_polymer_real_synth,9,9,8.5,13.04,30.49,1501.4,NVIDIA GeForce RTX 4060 Ti,37,70.34,0,3336.6,16380.0,
2026-09-05T07:36:21.476834+00:00,03_vlm_polymer_real_synth,9,9,8.5,13.05,30.49,1501.4,NVIDIA GeForce RTX 4060 Ti,41,67.24,59,3336.6,16380.0,
2026-09-05T07:36:31.514683+00:00,03_vlm_polymer_real_synth,9,9,8.7,13.08,30.49,1501.4,NVIDIA GeForce RTX 4060 Ti,39,66.24,26,3336.6,16380.0,
2026-09-05T07:36:41.560867+00:00,03_vlm_polymer_real_synth,9,9,8.5,13.04,30.49,1501.4,NVIDIA GeForce RTX 4060 Ti,37,71.79,11,3336.6,16380.0,
2026-09-05T07:36:51.593376+00:00,03_vlm_polymer_real_synth,9,9,8.5,13.03,30.49,1501.4,NVIDIA GeForce RTX 4060 Ti,39,69.57,0,3336.6,16380.0,
2026-09-05T07:37:01.657833+00:00,03_vlm_polymer_real_synth,9,9,8.5,13.04,30.49,1501.4,NVIDIA GeForce RTX 4060 Ti,37,68.68,70,3336.6,16380.0,
2026-09-05T07:37:11.682219+00:00,03_vlm_polymer_real_synth,9,9,8.8,13.04,30.49,1501.4,NVIDIA GeForce RTX 4060 Ti,41,66.29,54,3336.6,16380.0,
2026-09-05T07:37:21.734867+00:00,03_vlm_polymer_real_synth,9,9,8.5,13.03,30.49,1501.4,NVIDIA GeForce RTX 4060 Ti,38,68.63,0,3336.6,16380.0,
2026-09-05T07:37:31.804844+00:00,03_vlm_polymer_real_synth,9,9,8.5,13.02,30.49,1501.4,NVIDIA GeForce RTX 4060 Ti,37,66.83,64,3336.6,16380.0,
2026-09-05T07:37:41.869829+00:00,03_vlm_polymer_real_synth,9,9,8.5,13.01,30.49,1501.4,NVIDIA GeForce RTX 4060 Ti,36,67.56,31,3336.6,16380.0,
2026-09-05T07:37:51.939831+00:00,03_vlm_polymer_real_synth,9,9,8.5,13.04,30.49,1501.4,NVIDIA GeForce RTX 4060 Ti,40,66.17,52,3336.6,16380.0,
2026-09-05T07:38:02.004837+00:00,03_vlm_polymer_real_synth,9,9,8.5,13.05,30.49,1501.4,NVIDIA GeForce RTX 4060 Ti,37,67.47,69,3336.6,16380.0,
2026-09-05T07:38:12.028599+00:00,03_vlm_polymer_real_synth,9,9,8.5,13.04,30.49,1501.4,NVIDIA GeForce RTX 4060 Ti,39,66.25,0,3336.6,16380.0,
2026-09-05T07:38:22.047688+00:00,03_vlm_polymer_real_synth,9,9,8.5,13.05,30.49,1501.4,NVIDIA GeForce RTX 4060 Ti,39,67.52,2,3336.6,16380.0,
2026-09-05T07:38:32.111656+00:00,03_vlm_polymer_real_synth,9,9,8.5,13.05,30.49,1501.4,NVIDIA GeForce RTX 4060 Ti,36,66.3,48,3336.6,16380.0,
2026-09-05T07:38:42.134445+00:00,03_vlm_polymer_real_synth,9,9,8.5,13.05,30.49,1501.4,NVIDIA GeForce RTX 4060 Ti,38,70.41,50,3336.6,16380.0,
2026-09-05T07:38:52.181278+00:00,03_vlm_polymer_real_synth,9,9,8.5,13.05,30.49,1501.4,NVIDIA GeForce RTX 4060 Ti,39,68.35,32,3336.6,16380.0,
2026-09-05T07:39:02.252136+00:00,03_vlm_polymer_real_synth,9,9,8.5,13.05,30.49,1501.4,NVIDIA GeForce RTX 4060 Ti,39,66.12,28,3336.6,16380.0,
2026-09-05T07:39:12.319424+00:00,03_vlm_polymer_real_synth,9,9,8.5,13.06,30.49,1501.4,NVIDIA GeForce RTX 4060 Ti,41,69.03,63,3336.6,16380.0,
2026-09-05T07:39:22.383130+00:00,03_vlm_polymer_real_synth,9,9,8.6,13.05,30.49,1501.4,NVIDIA GeForce RTX 4060 Ti,40,66.96,50,3336.6,16380.0,
2026-09-05T07:39:32.409552+00:00,03_vlm_polymer_real_synth,9,9,8.5,13.03,30.49,1501.4,NVIDIA GeForce RTX 4060 Ti,37,68.72,68,3336.6,16380.0,
2026-09-05T07:39:42.440335+00:00,03_vlm_polymer_real_synth,9,9,8.5,13.03,30.49,1501.4,NVIDIA GeForce RTX 4060 Ti,40,66.24,56,3336.6,16380.0,
2026-09-05T07:39:52.482736+00:00,03_vlm_polymer_real_synth,9,9,8.5,13.02,30.49,1501.4,NVIDIA GeForce RTX 4060 Ti,39,70.44,0,3336.6,16380.0,
2026-09-05T07:40:02.507468+00:00,03_vlm_polymer_real_synth,9,9,8.6,13.03,30.49,1501.4,NVIDIA GeForce RTX 4060 Ti,37,68.04,44,3336.6,16380.0,
2026-09-05T07:40:12.570830+00:00,03_vlm_polymer_real_synth,9,9,8.5,13.04,30.49,1501.4,NVIDIA GeForce RTX 4060 Ti,37,72.84,70,3337.9,16380.0,
2026-09-05T07:40:22.633828+00:00,03_vlm_polymer_real_synth,9,9,8.6,13.02,30.49,1501.4,NVIDIA GeForce RTX 4060 Ti,39,69.87,33,3337.9,16380.0,
2026-09-05T07:40:32.697831+00:00,03_vlm_polymer_real_synth,9,9,8.6,13.03,30.49,1501.4,NVIDIA GeForce RTX 4060 Ti,37,67.09,55,3337.9,16380.0,
2026-09-05T07:40:42.762799+00:00,03_vlm_polymer_real_synth,9,9,8.5,13.03,30.49,1501.4,NVIDIA GeForce RTX 4060 Ti,36,61.47,44,3337.9,16380.0,
2026-09-05T07:40:52.825827+00:00,03_vlm_polymer_real_synth,9,9,8.5,13.02,30.49,1501.4,NVIDIA GeForce RTX 4060 Ti,36,62.24,23,3361.9,16380.0,
2026-09-05T07:41:02.889846+00:00,03_vlm_polymer_real_synth,9,9,8.6,13.04,30.49,1501.4,NVIDIA GeForce RTX 4060 Ti,39,61.96,50,3361.9,16380.0,
2026-09-05T07:41:12.956848+00:00,03_vlm_polymer_real_synth,9,9,8.6,13.05,30.49,1501.4,NVIDIA GeForce RTX 4060 Ti,38,62.69,50,3361.9,16380.0,
2026-09-05T07:41:23.019827+00:00,03_vlm_polymer_real_synth,9,9,7.6,13.07,30.49,1501.4,NVIDIA GeForce RTX 4060 Ti,36,62.13,23,3961.9,16380.0,
2026-09-05T07:41:33.077111+00:00,03_vlm_polymer_real_synth,9,9,8.7,13.13,30.49,1501.4,NVIDIA GeForce RTX 4060 Ti,40,60.05,43,3961.9,16380.0,
2026-09-05T07:41:43.139839+00:00,03_vlm_polymer_real_synth,9,9,8.6,13.1,30.49,1501.4,NVIDIA GeForce RTX 4060 Ti,39,62.86,39,3961.9,16380.0,
2026-09-05T07:41:53.207810+00:00,04_vlm_polymer_bigvlm,1,1,7.7,11.74,30.49,1501.4,NVIDIA GeForce RTX 4060 Ti,37,23.2,0,1680.8,16380.0,
2026-09-05T07:42:03.272997+00:00,04_vlm_polymer_bigvlm,1,1,5.4,11.37,30.49,1501.4,NVIDIA GeForce RTX 4060 Ti,38,35.4,4,6321.9,16380.0,
2026-09-05T07:42:13.328047+00:00,04_vlm_polymer_bigvlm,1,1,9.6,12.57,30.49,1501.41,NVIDIA GeForce RTX 4060 Ti,51,118.43,100,6839.9,16380.0,
2026-09-05T07:42:23.368830+00:00,04_vlm_polymer_bigvlm,1,1,8.5,12.59,30.49,1501.41,NVIDIA GeForce RTX 4060 Ti,51,117.2,100,6839.9,16380.0,
2026-09-05T07:42:33.417855+00:00,04_vlm_polymer_bigvlm,1,1,8.6,12.63,30.49,1501.41,NVIDIA GeForce RTX 4060 Ti,50,114.38,29,6839.9,16380.0,
2026-09-05T07:42:43.444080+00:00,04_vlm_polymer_bigvlm,1,1,8.5,12.62,30.49,1501.41,NVIDIA GeForce RTX 4060 Ti,51,116.87,41,6839.9,16380.0,
2026-09-05T07:42:53.504912+00:00,04_vlm_polymer_bigvlm,1,1,8.5,12.65,30.49,1501.41,NVIDIA GeForce RTX 4060 Ti,46,121.78,52,6839.9,16380.0,
2026-09-05T07:43:03.572613+00:00,04_vlm_polymer_bigvlm,1,1,8.5,12.67,30.49,1501.41,NVIDIA GeForce RTX 4060 Ti,50,117.85,99,6839.9,16380.0,
2026-09-05T07:43:13.640822+00:00,04_vlm_polymer_bigvlm,1,1,8.5,12.68,30.49,1501.41,NVIDIA GeForce RTX 4060 Ti,49,121.93,99,6839.9,16380.0,
2026-09-05T07:43:23.707825+00:00,04_vlm_polymer_bigvlm,1,1,8.5,12.68,30.49,1501.41,NVIDIA GeForce RTX 4060 Ti,51,119.6,87,6839.9,16380.0,
2026-09-05T07:43:33.739582+00:00,04_vlm_polymer_bigvlm,1,1,8.5,12.68,30.49,1501.41,NVIDIA GeForce RTX 4060 Ti,48,119.46,100,6839.9,16380.0,
2026-09-05T07:43:43.773892+00:00,04_vlm_polymer_bigvlm,1,1,8.5,12.68,30.49,1501.41,NVIDIA GeForce RTX 4060 Ti,51,116.48,100,6839.9,16380.0,
2026-09-05T07:43:53.800941+00:00,04_vlm_polymer_bigvlm,1,1,8.5,12.71,30.49,1501.41,NVIDIA GeForce RTX 4060 Ti,46,119.65,100,6839.9,16380.0,
2026-09-05T07:44:03.827376+00:00,04_vlm_polymer_bigvlm,1,1,8.5,12.72,30.49,1501.41,NVIDIA GeForce RTX 4060 Ti,46,119.75,100,6839.9,16380.0,
2026-09-05T07:44:13.862950+00:00,04_vlm_polymer_bigvlm,1,1,8.6,12.72,30.49,1501.41,NVIDIA GeForce RTX 4060 Ti,46,117.71,100,6839.9,16380.0,
2026-09-05T07:44:23.893023+00:00,04_vlm_polymer_bigvlm,1,1,8.5,12.71,30.49,1501.41,NVIDIA GeForce RTX 4060 Ti,49,117.89,99,6839.9,16380.0,
2026-09-05T07:44:33.919828+00:00,04_vlm_polymer_bigvlm,1,1,8.5,12.71,30.49,1501.41,NVIDIA GeForce RTX 4060 Ti,47,119.39,100,6839.9,16380.0,
2026-09-05T07:44:43.947164+00:00,04_vlm_polymer_bigvlm,1,1,8.5,12.71,30.49,1501.41,NVIDIA GeForce RTX 4060 Ti,48,118.22,100,6839.9,16380.0,
2026-09-05T07:44:54.015334+00:00,04_vlm_polymer_bigvlm,1,1,8.5,12.73,30.49,1501.41,NVIDIA GeForce RTX 4060 Ti,49,119.04,99,6839.9,16380.0,
2026-09-05T07:45:04.072565+00:00,04_vlm_polymer_bigvlm,1,1,8.5,12.71,30.49,1501.41,NVIDIA GeForce RTX 4060 Ti,52,119.54,99,6839.9,16380.0,
2026-09-05T07:45:14.092424+00:00,04_vlm_polymer_bigvlm,1,1,8.6,12.74,30.49,1501.41,NVIDIA GeForce RTX 4060 Ti,52,116.91,28,6839.9,16380.0,
2026-09-05T07:45:24.159701+00:00,04_vlm_polymer_bigvlm,1,1,8.5,12.74,30.49,1501.41,NVIDIA GeForce RTX 4060 Ti,52,119.34,43,6839.9,16380.0,
2026-09-05T07:45:34.198341+00:00,04_vlm_polymer_bigvlm,1,1,8.5,12.75,30.49,1501.41,NVIDIA GeForce RTX 4060 Ti,52,118.99,44,6839.9,16380.0,
2026-09-05T07:45:44.266839+00:00,04_vlm_polymer_bigvlm,1,1,8.5,12.74,30.49,1501.41,NVIDIA GeForce RTX 4060 Ti,52,119.9,69,6839.9,16380.0,
2026-09-05T07:45:54.328527+00:00,04_vlm_polymer_bigvlm,1,1,8.5,12.75,30.49,1501.41,NVIDIA GeForce RTX 4060 Ti,48,119.71,100,6839.9,16380.0,
2026-09-05T07:46:04.367841+00:00,04_vlm_polymer_bigvlm,1,1,8.5,12.74,30.49,1501.41,NVIDIA GeForce RTX 4060 Ti,52,119.14,100,6839.9,16380.0,
2026-09-05T07:46:14.432855+00:00,04_vlm_polymer_bigvlm,1,1,8.6,12.74,30.49,1501.41,NVIDIA GeForce RTX 4060 Ti,52,120.02,99,6839.9,16380.0,
2026-09-05T07:46:24.495844+00:00,04_vlm_polymer_bigvlm,1,1,8.6,12.75,30.49,1501.41,NVIDIA GeForce RTX 4060 Ti,52,119.59,100,6839.9,16380.0,
2026-09-05T07:46:34.563828+00:00,04_vlm_polymer_bigvlm,1,1,8.7,12.79,30.49,1501.41,NVIDIA GeForce RTX 4060 Ti,52,116.96,100,6839.9,16380.0,
2026-09-05T07:46:44.599828+00:00,04_vlm_polymer_bigvlm,1,1,8.5,12.76,30.49,1501.41,NVIDIA GeForce RTX 4060 Ti,52,118.03,100,6839.9,16380.0,
2026-09-05T07:46:54.637781+00:00,04_vlm_polymer_bigvlm,1,1,8.5,12.77,30.49,1501.41,NVIDIA GeForce RTX 4060 Ti,52,118.27,100,6839.9,16380.0,
2026-09-05T07:47:04.704822+00:00,04_vlm_polymer_bigvlm,1,1,8.5,12.8,30.49,1501.41,NVIDIA GeForce RTX 4060 Ti,52,116.92,100,6839.9,16380.0,
2026-09-05T07:47:14.772813+00:00,04_vlm_polymer_bigvlm,1,1,8.6,12.8,30.49,1501.41,NVIDIA GeForce RTX 4060 Ti,52,117.37,100,6839.9,16380.0,
2026-09-05T07:47:24.835826+00:00,04_vlm_polymer_bigvlm,1,1,8.5,12.79,30.49,1501.41,NVIDIA GeForce RTX 4060 Ti,52,119.81,100,6839.9,16380.0,
2026-09-05T07:47:34.903421+00:00,04_vlm_polymer_bigvlm,1,1,8.5,12.81,30.49,1501.41,NVIDIA GeForce RTX 4060 Ti,52,121.15,100,6839.9,16380.0,
2026-09-05T07:47:44.944084+00:00,04_vlm_polymer_bigvlm,1,1,8.5,12.8,30.49,1501.41,NVIDIA GeForce RTX 4060 Ti,51,117.0,100,6839.9,16380.0,
2026-09-05T07:47:54.972350+00:00,04_vlm_polymer_bigvlm,1,1,8.5,12.81,30.49,1501.41,NVIDIA GeForce RTX 4060 Ti,52,119.94,99,6839.9,16380.0,
2026-09-05T07:48:05.009073+00:00,04_vlm_polymer_bigvlm,1,1,8.5,12.8,30.49,1501.41,NVIDIA GeForce RTX 4060 Ti,52,119.59,95,6838.7,16380.0,
2026-09-05T07:48:15.075832+00:00,04_vlm_polymer_bigvlm,1,1,8.6,12.78,30.49,1501.41,NVIDIA GeForce RTX 4060 Ti,52,120.17,68,6838.7,16380.0,
2026-09-05T07:48:25.142826+00:00,04_vlm_polymer_bigvlm,1,1,8.5,12.88,30.49,1501.41,NVIDIA GeForce RTX 4060 Ti,50,102.93,53,6838.7,16380.0,
2026-09-05T07:48:35.205816+00:00,04_vlm_polymer_bigvlm,1,1,8.5,12.84,30.49,1501.41,NVIDIA GeForce RTX 4060 Ti,46,102.8,66,6838.7,16380.0,
2026-09-05T07:48:45.274821+00:00,04_vlm_polymer_bigvlm,1,1,8.5,12.89,30.49,1501.41,NVIDIA GeForce RTX 4060 Ti,46,102.61,77,6838.7,16380.0,
2026-09-05T07:48:55.342825+00:00,04_vlm_polymer_bigvlm,1,1,8.1,12.9,30.49,1501.37,NVIDIA GeForce RTX 4060 Ti,49,119.05,28,6838.7,16380.0,
2026-09-05T07:49:05.410818+00:00,04_vlm_polymer_bigvlm,1,1,8.5,12.91,30.49,1501.37,NVIDIA GeForce RTX 4060 Ti,48,117.85,62,6838.7,16380.0,
2026-09-05T07:49:15.477820+00:00,04_vlm_polymer_bigvlm,1,1,8.5,12.89,30.49,1501.37,NVIDIA GeForce RTX 4060 Ti,45,116.74,50,6838.7,16380.0,
2026-09-05T07:49:25.534104+00:00,04_vlm_polymer_bigvlm,1,1,8.5,12.89,30.49,1501.37,NVIDIA GeForce RTX 4060 Ti,48,119.97,100,6838.7,16380.0,
2026-09-05T07:49:35.601820+00:00,04_vlm_polymer_bigvlm,1,1,8.5,12.89,30.49,1501.37,NVIDIA GeForce RTX 4060 Ti,50,118.45,43,6838.7,16380.0,
2026-09-05T07:49:45.664822+00:00,04_vlm_polymer_bigvlm,1,1,8.5,12.91,30.49,1501.37,NVIDIA GeForce RTX 4060 Ti,51,119.09,52,6838.7,16380.0,
2026-09-05T07:49:55.732819+00:00,04_vlm_polymer_bigvlm,1,1,8.5,12.89,30.49,1501.37,NVIDIA GeForce RTX 4060 Ti,52,120.76,99,6838.7,16380.0,
2026-09-05T07:50:05.799824+00:00,04_vlm_polymer_bigvlm,1,1,8.5,12.89,30.49,1501.37,NVIDIA GeForce RTX 4060 Ti,51,118.81,65,6838.7,16380.0,
2026-09-05T07:50:15.867908+00:00,04_vlm_polymer_bigvlm,1,1,8.5,12.91,30.49,1501.37,NVIDIA GeForce RTX 4060 Ti,52,119.91,97,6838.7,16380.0,
2026-09-05T07:50:25.927837+00:00,04_vlm_polymer_bigvlm,1,1,8.5,12.87,30.49,1501.37,NVIDIA GeForce RTX 4060 Ti,52,119.05,99,6838.7,16380.0,
2026-09-05T07:50:35.992821+00:00,04_vlm_polymer_bigvlm,1,1,8.5,12.88,30.49,1501.37,NVIDIA GeForce RTX 4060 Ti,47,119.4,100,6838.7,16380.0,
2026-09-05T07:50:46.041140+00:00,04_vlm_polymer_bigvlm,1,1,8.5,12.89,30.49,1501.37,NVIDIA GeForce RTX 4060 Ti,52,119.33,100,6838.7,16380.0,
2026-09-05T07:50:56.108819+00:00,04_vlm_polymer_bigvlm,1,1,8.5,12.88,30.49,1501.37,NVIDIA GeForce RTX 4060 Ti,48,120.76,100,6838.7,16380.0,
2026-09-05T07:51:06.171830+00:00,04_vlm_polymer_bigvlm,1,1,8.8,12.86,30.49,1501.37,NVIDIA GeForce RTX 4060 Ti,52,117.72,100,6838.7,16380.0,
2026-09-05T07:51:16.234823+00:00,04_vlm_polymer_bigvlm,1,1,8.6,12.87,30.49,1501.37,NVIDIA GeForce RTX 4060 Ti,52,120.78,100,6838.7,16380.0,
2026-09-05T07:51:26.302821+00:00,04_vlm_polymer_bigvlm,1,1,8.5,12.87,30.49,1501.37,NVIDIA GeForce RTX 4060 Ti,53,119.89,100,6838.7,16380.0,
2026-09-05T07:51:36.370910+00:00,04_vlm_polymer_bigvlm,1,1,8.7,12.92,30.49,1501.37,NVIDIA GeForce RTX 4060 Ti,51,118.74,99,6838.7,16380.0,
2026-09-05T07:51:46.406320+00:00,04_vlm_polymer_bigvlm,1,1,8.5,12.88,30.49,1501.37,NVIDIA GeForce RTX 4060 Ti,46,116.9,59,6838.7,16380.0,
2026-09-05T07:51:56.474818+00:00,04_vlm_polymer_bigvlm,1,1,8.5,12.89,30.49,1501.37,NVIDIA GeForce RTX 4060 Ti,50,119.54,82,6838.7,16380.0,
2026-09-05T07:52:06.537752+00:00,04_vlm_polymer_bigvlm,1,1,8.5,12.9,30.49,1501.37,NVIDIA GeForce RTX 4060 Ti,51,117.02,19,6871.1,16380.0,
2026-09-05T07:52:16.604846+00:00,04_vlm_polymer_bigvlm,1,1,8.5,12.9,30.49,1501.37,NVIDIA GeForce RTX 4060 Ti,52,119.91,53,6871.1,16380.0,
2026-09-05T07:52:26.670835+00:00,04_vlm_polymer_bigvlm,1,1,10.5,12.72,30.49,1501.37,NVIDIA GeForce RTX 4060 Ti,51,119.67,34,6871.1,16380.0,
2026-09-05T07:52:36.737169+00:00,04_vlm_polymer_bigvlm,1,1,16.7,12.69,30.49,1501.37,NVIDIA GeForce RTX 4060 Ti,50,119.72,100,6871.1,16380.0,
2026-09-05T07:52:46.770964+00:00,04_vlm_polymer_bigvlm,1,1,15.2,12.73,30.49,1501.37,NVIDIA GeForce RTX 4060 Ti,52,119.22,100,6871.1,16380.0,
2026-09-05T07:52:56.792703+00:00,04_vlm_polymer_bigvlm,1,1,11.0,12.72,30.49,1501.37,NVIDIA GeForce RTX 4060 Ti,52,119.69,99,6871.1,16380.0,
2026-09-05T07:53:06.860862+00:00,04_vlm_polymer_bigvlm,1,1,8.5,12.68,30.49,1501.37,NVIDIA GeForce RTX 4060 Ti,47,119.89,100,6871.1,16380.0,
2026-09-05T07:53:16.902820+00:00,04_vlm_polymer_bigvlm,1,1,8.5,12.68,30.49,1501.37,NVIDIA GeForce RTX 4060 Ti,52,120.11,100,6871.1,16380.0,
2026-09-05T07:53:26.965833+00:00,04_vlm_polymer_bigvlm,1,1,8.5,12.68,30.49,1501.37,NVIDIA GeForce RTX 4060 Ti,52,118.55,98,6871.1,16380.0,
2026-09-05T07:53:37.034583+00:00,04_vlm_polymer_bigvlm,1,1,8.5,12.69,30.49,1501.37,NVIDIA GeForce RTX 4060 Ti,52,119.88,100,6871.1,16380.0,
2026-09-05T07:53:47.097822+00:00,04_vlm_polymer_bigvlm,1,1,8.5,12.7,30.49,1501.37,NVIDIA GeForce RTX 4060 Ti,50,119.09,100,6871.1,16380.0,
2026-09-05T07:53:57.160826+00:00,04_vlm_polymer_bigvlm,1,1,8.5,12.69,30.49,1501.37,NVIDIA GeForce RTX 4060 Ti,46,120.43,100,6871.1,16380.0,
2026-09-05T07:54:07.223837+00:00,04_vlm_polymer_bigvlm,1,1,8.5,12.71,30.49,1501.37,NVIDIA GeForce RTX 4060 Ti,51,118.47,100,6871.1,16380.0,
2026-09-05T07:54:17.292347+00:00,04_vlm_polymer_bigvlm,1,1,8.5,12.71,30.49,1501.37,NVIDIA GeForce RTX 4060 Ti,52,124.09,100,6871.1,16380.0,
2026-09-05T07:54:27.359344+00:00,04_vlm_polymer_bigvlm,1,1,8.5,12.71,30.49,1501.37,NVIDIA GeForce RTX 4060 Ti,52,120.89,100,6871.1,16380.0,
2026-09-05T07:54:37.424845+00:00,04_vlm_polymer_bigvlm,1,1,8.5,12.71,30.49,1501.37,NVIDIA GeForce RTX 4060 Ti,52,119.7,100,6871.1,16380.0,
2026-09-05T07:54:47.467332+00:00,04_vlm_polymer_bigvlm,1,1,8.5,12.71,30.49,1501.37,NVIDIA GeForce RTX 4060 Ti,53,119.24,100,6871.1,16380.0,
2026-09-05T07:54:57.511868+00:00,04_vlm_polymer_bigvlm,1,1,8.5,12.7,30.49,1501.37,NVIDIA GeForce RTX 4060 Ti,53,116.11,64,6871.1,16380.0,
2026-09-05T07:55:07.579829+00:00,04_vlm_polymer_bigvlm,1,1,8.5,12.74,30.49,1501.37,NVIDIA GeForce RTX 4060 Ti,47,108.17,60,6871.1,16380.0,
2026-09-05T07:55:17.642823+00:00,04_vlm_polymer_bigvlm,1,1,8.5,12.74,30.49,1501.37,NVIDIA GeForce RTX 4060 Ti,50,108.17,89,6871.1,16380.0,
2026-09-05T07:55:27.704675+00:00,04_vlm_polymer_bigvlm,1,1,8.5,12.74,30.49,1501.37,NVIDIA GeForce RTX 4060 Ti,51,105.82,92,6871.1,16380.0,
2026-09-05T07:55:37.760930+00:00,04_vlm_polymer_bigvlm,1,1,8.5,12.75,30.49,1501.37,NVIDIA GeForce RTX 4060 Ti,50,108.04,76,6871.1,16380.0,
2026-09-05T07:55:47.788499+00:00,04_vlm_polymer_bigvlm,1,1,8.2,12.73,30.49,1501.37,NVIDIA GeForce RTX 4060 Ti,46,118.38,47,6871.1,16380.0,
2026-09-05T07:55:57.855817+00:00,04_vlm_polymer_bigvlm,1,1,8.5,12.73,30.49,1501.37,NVIDIA GeForce RTX 4060 Ti,52,117.41,82,6871.1,16380.0,
2026-09-05T07:56:07.905323+00:00,04_vlm_polymer_bigvlm,1,1,8.5,12.72,30.49,1501.37,NVIDIA GeForce RTX 4060 Ti,51,119.05,22,6871.1,16380.0,
2026-09-05T07:56:17.972828+00:00,04_vlm_polymer_bigvlm,1,1,8.5,12.73,30.49,1501.37,NVIDIA GeForce RTX 4060 Ti,52,120.02,87,6871.1,16380.0,
2026-09-05T07:56:28.036098+00:00,04_vlm_polymer_bigvlm,1,1,8.5,12.74,30.49,1501.37,NVIDIA GeForce RTX 4060 Ti,52,117.5,56,6871.1,16380.0,
2026-09-05T07:56:38.102833+00:00,04_vlm_polymer_bigvlm,1,1,8.8,12.73,30.49,1501.37,NVIDIA GeForce RTX 4060 Ti,52,117.68,24,6871.1,16380.0,
2026-09-05T07:56:48.170823+00:00,04_vlm_polymer_bigvlm,1,1,8.5,12.73,30.49,1501.37,NVIDIA GeForce RTX 4060 Ti,52,117.49,44,6871.1,16380.0,
2026-09-05T07:56:58.235597+00:00,04_vlm_polymer_bigvlm,1,1,8.5,12.74,30.49,1501.37,NVIDIA GeForce RTX 4060 Ti,53,118.96,63,6871.1,16380.0,
2026-09-05T07:57:08.303818+00:00,04_vlm_polymer_bigvlm,1,1,8.5,12.72,30.49,1501.37,NVIDIA GeForce RTX 4060 Ti,52,119.55,50,6871.1,16380.0,
2026-09-05T07:57:18.366823+00:00,04_vlm_polymer_bigvlm,1,1,8.6,12.74,30.49,1501.37,NVIDIA GeForce RTX 4060 Ti,47,120.19,77,6871.1,16380.0,
2026-09-05T07:57:28.433825+00:00,04_vlm_polymer_bigvlm,1,1,8.5,12.71,30.49,1501.37,NVIDIA GeForce RTX 4060 Ti,47,115.83,94,6871.1,16380.0,
2026-09-05T07:57:38.501816+00:00,04_vlm_polymer_bigvlm,1,1,8.5,12.73,30.49,1501.37,NVIDIA GeForce RTX 4060 Ti,51,118.34,28,6871.1,16380.0,
2026-09-05T07:57:48.525887+00:00,04_vlm_polymer_bigvlm,1,1,8.5,12.71,30.49,1501.37,NVIDIA GeForce RTX 4060 Ti,46,118.92,72,6871.1,16380.0,
2026-09-05T07:57:58.574780+00:00,04_vlm_polymer_bigvlm,1,1,8.5,12.69,30.49,1501.37,NVIDIA GeForce RTX 4060 Ti,48,119.74,58,6871.1,16380.0,
2026-09-05T07:58:08.597833+00:00,04_vlm_polymer_bigvlm,1,1,8.5,12.73,30.49,1501.37,NVIDIA GeForce RTX 4060 Ti,46,119.72,57,6871.1,16380.0,
2026-09-05T07:58:18.643331+00:00,04_vlm_polymer_bigvlm,1,1,8.6,12.73,30.49,1501.37,NVIDIA GeForce RTX 4060 Ti,51,119.29,44,6871.1,16380.0,
2026-09-05T07:58:28.686627+00:00,04_vlm_polymer_bigvlm,1,1,8.5,12.67,30.49,1501.37,NVIDIA GeForce RTX 4060 Ti,50,119.16,54,6871.1,16380.0,
2026-09-05T07:58:38.752825+00:00,04_vlm_polymer_bigvlm,1,1,8.5,12.68,30.49,1501.37,NVIDIA GeForce RTX 4060 Ti,51,123.23,49,6871.1,16380.0,
2026-09-05T07:58:48.820832+00:00,04_vlm_polymer_bigvlm,1,1,8.5,12.68,30.49,1501.37,NVIDIA GeForce RTX 4060 Ti,51,119.45,29,6871.1,16380.0,
2026-09-05T07:58:58.851969+00:00,04_vlm_polymer_bigvlm,1,1,8.5,12.7,30.49,1501.37,NVIDIA GeForce RTX 4060 Ti,52,120.24,27,6871.1,16380.0,
2026-09-05T07:59:08.912177+00:00,04_vlm_polymer_bigvlm,1,1,8.5,12.7,30.49,1501.37,NVIDIA GeForce RTX 4060 Ti,52,119.92,84,6871.1,16380.0,
2026-09-05T07:59:18.975962+00:00,04_vlm_polymer_bigvlm,1,1,8.5,12.7,30.49,1501.37,NVIDIA GeForce RTX 4060 Ti,48,122.06,36,6871.1,16380.0,
2026-09-05T07:59:29.022960+00:00,04_vlm_polymer_bigvlm,1,1,8.5,12.72,30.49,1501.37,NVIDIA GeForce RTX 4060 Ti,47,119.06,50,6871.1,16380.0,
2026-09-05T07:59:39.090919+00:00,04_vlm_polymer_bigvlm,1,1,8.5,12.71,30.49,1501.37,NVIDIA GeForce RTX 4060 Ti,48,118.59,29,6871.1,16380.0,
2026-09-05T07:59:49.158821+00:00,04_vlm_polymer_bigvlm,1,1,8.5,12.71,30.49,1501.37,NVIDIA GeForce RTX 4060 Ti,52,117.73,100,6871.1,16380.0,
2026-09-05T07:59:59.227427+00:00,04_vlm_polymer_bigvlm,1,1,8.5,12.67,30.49,1501.37,NVIDIA GeForce RTX 4060 Ti,52,117.94,100,6871.1,16380.0,
2026-09-05T08:00:09.292112+00:00,04_vlm_polymer_bigvlm,1,1,8.5,12.71,30.49,1501.37,NVIDIA GeForce RTX 4060 Ti,52,117.27,100,6871.1,16380.0,
2026-09-05T08:00:19.307226+00:00,04_vlm_polymer_bigvlm,1,1,8.5,12.7,30.49,1501.37,NVIDIA GeForce RTX 4060 Ti,52,117.99,100,6871.1,16380.0,
2026-09-05T08:00:29.340344+00:00,04_vlm_polymer_bigvlm,1,1,8.5,12.7,30.49,1501.37,NVIDIA GeForce RTX 4060 Ti,52,116.81,100,6871.1,16380.0,
2026-09-05T08:00:39.369950+00:00,04_vlm_polymer_bigvlm,1,1,8.5,12.71,30.49,1501.37,NVIDIA GeForce RTX 4060 Ti,52,121.69,100,6871.1,16380.0,
2026-09-05T08:00:49.437834+00:00,04_vlm_polymer_bigvlm,1,1,8.5,12.71,30.49,1501.37,NVIDIA GeForce RTX 4060 Ti,52,120.55,92,6871.1,16380.0,
2026-09-05T08:00:59.471415+00:00,04_vlm_polymer_bigvlm,1,1,8.5,12.71,30.49,1501.37,NVIDIA GeForce RTX 4060 Ti,52,119.02,53,6871.1,16380.0,
2026-09-05T08:01:09.534891+00:00,04_vlm_polymer_bigvlm,1,1,8.5,12.73,30.49,1501.37,NVIDIA GeForce RTX 4060 Ti,52,118.28,86,6871.1,16380.0,
2026-09-05T08:01:19.588878+00:00,04_vlm_polymer_bigvlm,1,1,8.6,12.7,30.49,1501.37,NVIDIA GeForce RTX 4060 Ti,51,117.46,99,6871.1,16380.0,
2026-09-05T08:01:29.656819+00:00,04_vlm_polymer_bigvlm,1,1,8.5,12.7,30.49,1501.37,NVIDIA GeForce RTX 4060 Ti,53,120.16,99,6871.1,16380.0,
2026-09-05T08:01:39.704818+00:00,04_vlm_polymer_bigvlm,1,1,8.7,12.73,30.49,1501.37,NVIDIA GeForce RTX 4060 Ti,49,120.21,99,6871.1,16380.0,
2026-09-05T08:01:49.767823+00:00,04_vlm_polymer_bigvlm,1,1,8.6,12.75,30.49,1501.37,NVIDIA GeForce RTX 4060 Ti,53,119.39,99,6839.1,16380.0,
2026-09-05T08:01:59.830820+00:00,04_vlm_polymer_bigvlm,1,1,8.5,12.75,30.49,1501.37,NVIDIA GeForce RTX 4060 Ti,51,107.9,81,6839.1,16380.0,
2026-09-05T08:02:09.895449+00:00,04_vlm_polymer_bigvlm,1,1,8.5,12.75,30.49,1501.37,NVIDIA GeForce RTX 4060 Ti,48,106.79,79,6839.1,16380.0,
2026-09-05T08:02:19.958195+00:00,04_vlm_polymer_bigvlm,1,1,8.6,12.74,30.49,1501.37,NVIDIA GeForce RTX 4060 Ti,51,108.58,59,6839.1,16380.0,
2026-09-05T08:02:30.025827+00:00,04_vlm_polymer_bigvlm,1,1,8.2,12.73,30.49,1501.37,NVIDIA GeForce RTX 4060 Ti,51,119.66,99,6839.1,16380.0,
2026-09-05T08:02:40.088816+00:00,04_vlm_polymer_bigvlm,1,1,8.5,12.74,30.49,1501.37,NVIDIA GeForce RTX 4060 Ti,47,114.67,100,6839.1,16380.0,
2026-09-05T08:02:50.156820+00:00,04_vlm_polymer_bigvlm,1,1,8.5,12.74,30.49,1501.37,NVIDIA GeForce RTX 4060 Ti,51,119.2,95,6839.1,16380.0,
2026-09-05T08:03:00.223816+00:00,04_vlm_polymer_bigvlm,1,1,8.5,12.74,30.49,1501.37,NVIDIA GeForce RTX 4060 Ti,52,114.72,100,6838.6,16380.0,
2026-09-05T08:03:10.291825+00:00,04_vlm_polymer_bigvlm,1,1,8.5,12.74,30.49,1501.37,NVIDIA GeForce RTX 4060 Ti,50,117.51,100,6838.6,16380.0,
2026-09-05T08:03:20.349501+00:00,04_vlm_polymer_bigvlm,1,1,8.5,12.73,30.49,1501.37,NVIDIA GeForce RTX 4060 Ti,50,117.11,12,6838.6,16380.0,
2026-09-05T08:03:30.394825+00:00,04_vlm_polymer_bigvlm,1,1,8.5,12.75,30.49,1501.37,NVIDIA GeForce RTX 4060 Ti,52,118.82,99,6838.6,16380.0,
2026-09-05T08:03:40.461843+00:00,04_vlm_polymer_bigvlm,1,1,8.5,12.75,30.49,1501.37,NVIDIA GeForce RTX 4060 Ti,46,114.25,86,6838.6,16380.0,
2026-09-05T08:03:50.500939+00:00,04_vlm_polymer_bigvlm,1,1,8.8,12.74,30.49,1501.37,NVIDIA GeForce RTX 4060 Ti,47,115.93,65,6838.6,16380.0,
2026-09-05T08:04:00.568824+00:00,04_vlm_polymer_bigvlm,1,1,8.5,12.73,30.49,1501.37,NVIDIA GeForce RTX 4060 Ti,51,118.74,25,6838.6,16380.0,
2026-09-05T08:04:10.631819+00:00,04_vlm_polymer_bigvlm,1,1,8.5,12.73,30.49,1501.37,NVIDIA GeForce RTX 4060 Ti,52,115.56,99,6838.6,16380.0,
2026-09-05T08:04:20.699825+00:00,04_vlm_polymer_bigvlm,1,1,8.6,12.71,30.49,1501.37,NVIDIA GeForce RTX 4060 Ti,46,118.8,86,6838.6,16380.0,
2026-09-05T08:04:30.767405+00:00,04_vlm_polymer_bigvlm,1,1,8.5,12.74,30.49,1501.37,NVIDIA GeForce RTX 4060 Ti,52,119.82,100,6838.6,16380.0,
2026-09-05T08:04:40.830825+00:00,04_vlm_polymer_bigvlm,1,1,8.5,12.73,30.49,1501.37,NVIDIA GeForce RTX 4060 Ti,50,115.04,36,6838.6,16380.0,
2026-09-05T08:04:50.898185+00:00,04_vlm_polymer_bigvlm,1,1,8.5,12.72,30.49,1501.37,NVIDIA GeForce RTX 4060 Ti,47,115.34,23,6838.6,16380.0,
2026-09-05T08:05:00.966818+00:00,04_vlm_polymer_bigvlm,1,1,8.5,12.73,30.49,1501.37,NVIDIA GeForce RTX 4060 Ti,52,116.11,99,6838.6,16380.0,
2026-09-05T08:05:11.034831+00:00,04_vlm_polymer_bigvlm,1,1,8.5,12.74,30.49,1501.37,NVIDIA GeForce RTX 4060 Ti,51,117.0,100,6838.6,16380.0,
2026-09-05T08:05:21.078271+00:00,04_vlm_polymer_bigvlm,1,1,8.5,12.73,30.49,1501.37,NVIDIA GeForce RTX 4060 Ti,48,114.26,100,6838.6,16380.0,
2026-09-05T08:05:31.144859+00:00,04_vlm_polymer_bigvlm,1,1,8.6,12.75,30.49,1501.37,NVIDIA GeForce RTX 4060 Ti,46,116.0,69,6838.6,16380.0,
2026-09-05T08:05:41.209985+00:00,04_vlm_polymer_bigvlm,1,1,8.5,12.73,30.49,1501.37,NVIDIA GeForce RTX 4060 Ti,51,118.68,43,6838.6,16380.0,
2026-09-05T08:05:51.249102+00:00,04_vlm_polymer_bigvlm,1,1,8.5,12.75,30.49,1501.37,NVIDIA GeForce RTX 4060 Ti,52,117.76,99,6838.6,16380.0,
2026-09-05T08:06:01.316820+00:00,04_vlm_polymer_bigvlm,1,1,8.5,12.74,30.49,1501.37,NVIDIA GeForce RTX 4060 Ti,52,115.98,100,6838.6,16380.0,
2026-09-05T08:06:11.379818+00:00,04_vlm_polymer_bigvlm,1,1,8.5,12.74,30.49,1501.37,NVIDIA GeForce RTX 4060 Ti,51,112.13,8,6838.6,16380.0,
2026-09-05T08:06:21.448838+00:00,04_vlm_polymer_bigvlm,1,1,8.5,12.73,30.49,1501.36,NVIDIA GeForce RTX 4060 Ti,53,119.16,99,6838.6,16380.0,
2026-09-05T08:06:31.492248+00:00,04_vlm_polymer_bigvlm,1,1,8.5,12.74,30.49,1501.36,NVIDIA GeForce RTX 4060 Ti,51,116.36,91,6838.6,16380.0,
2026-09-05T08:06:41.543156+00:00,04_vlm_polymer_bigvlm,1,1,8.7,12.7,30.49,1501.36,NVIDIA GeForce RTX 4060 Ti,52,115.6,99,6838.6,16380.0,
2026-09-05T08:06:51.609117+00:00,04_vlm_polymer_bigvlm,1,1,8.5,12.71,30.49,1501.36,NVIDIA GeForce RTX 4060 Ti,51,120.09,100,6838.6,16380.0,
2026-09-05T08:07:01.653385+00:00,04_vlm_polymer_bigvlm,1,1,8.5,12.74,30.49,1501.36,NVIDIA GeForce RTX 4060 Ti,52,115.49,70,6838.6,16380.0,
2026-09-05T08:07:11.720808+00:00,04_vlm_polymer_bigvlm,1,1,8.5,12.73,30.49,1501.36,NVIDIA GeForce RTX 4060 Ti,52,119.22,99,6838.6,16380.0,
2026-09-05T08:07:21.783835+00:00,04_vlm_polymer_bigvlm,1,1,8.5,12.71,30.49,1501.36,NVIDIA GeForce RTX 4060 Ti,52,115.69,52,6838.6,16380.0,
2026-09-05T08:07:31.850836+00:00,04_vlm_polymer_bigvlm,1,1,8.5,12.73,30.49,1501.36,NVIDIA GeForce RTX 4060 Ti,52,116.84,99,6838.6,16380.0,
2026-09-05T08:07:41.918812+00:00,04_vlm_polymer_bigvlm,1,1,8.5,12.74,30.49,1501.36,NVIDIA GeForce RTX 4060 Ti,52,117.87,100,6838.6,16380.0,
2026-09-05T08:07:51.981835+00:00,04_vlm_polymer_bigvlm,1,1,8.5,12.73,30.49,1501.36,NVIDIA GeForce RTX 4060 Ti,46,119.72,65,6838.6,16380.0,
2026-09-05T08:08:02.048831+00:00,04_vlm_polymer_bigvlm,1,1,8.5,12.75,30.49,1501.36,NVIDIA GeForce RTX 4060 Ti,52,119.94,100,6838.6,16380.0,
2026-09-05T08:08:12.111849+00:00,04_vlm_polymer_bigvlm,1,1,8.5,12.74,30.49,1501.36,NVIDIA GeForce RTX 4060 Ti,51,115.36,28,6838.6,16380.0,
2026-09-05T08:08:22.170541+00:00,04_vlm_polymer_bigvlm,1,1,8.5,12.73,30.49,1501.36,NVIDIA GeForce RTX 4060 Ti,52,114.26,100,6838.6,16380.0,
2026-09-05T08:08:32.197188+00:00,04_vlm_polymer_bigvlm,1,1,8.5,12.74,30.49,1501.36,NVIDIA GeForce RTX 4060 Ti,52,117.05,100,6838.6,16380.0,
2026-09-05T08:08:42.222746+00:00,04_vlm_polymer_bigvlm,1,1,8.5,12.76,30.49,1501.36,NVIDIA GeForce RTX 4060 Ti,53,119.24,31,6838.6,16380.0,
2026-09-05T08:08:52.286555+00:00,04_vlm_polymer_bigvlm,1,1,8.5,12.74,30.49,1501.36,NVIDIA GeForce RTX 4060 Ti,49,100.43,86,6838.6,16380.0,
2026-09-05T08:09:02.353829+00:00,04_vlm_polymer_bigvlm,1,1,8.5,12.74,30.49,1501.36,NVIDIA GeForce RTX 4060 Ti,47,99.57,73,6838.6,16380.0,
2026-09-05T08:09:12.422822+00:00,04_vlm_polymer_bigvlm,1,1,8.5,12.75,30.49,1501.36,NVIDIA GeForce RTX 4060 Ti,45,104.07,51,6838.6,16380.0,
2026-09-05T08:09:22.486842+00:00,04_vlm_polymer_bigvlm,1,1,8.6,12.74,30.49,1501.36,NVIDIA GeForce RTX 4060 Ti,45,102.71,54,6838.6,16380.0,
2026-09-05T08:09:32.513318+00:00,04_vlm_polymer_bigvlm,1,1,8.5,12.76,30.49,1501.36,NVIDIA GeForce RTX 4060 Ti,52,119.23,80,6838.6,16380.0,
2026-09-05T08:09:42.576834+00:00,04_vlm_polymer_bigvlm,1,1,8.5,12.77,30.49,1501.36,NVIDIA GeForce RTX 4060 Ti,49,113.46,100,6838.6,16380.0,
2026-09-05T08:09:52.644854+00:00,04_vlm_polymer_bigvlm,1,1,8.5,12.76,30.49,1501.36,NVIDIA GeForce RTX 4060 Ti,52,115.13,17,6838.6,16380.0,
2026-09-05T08:10:02.689419+00:00,04_vlm_polymer_bigvlm,1,1,8.5,12.74,30.49,1501.36,NVIDIA GeForce RTX 4060 Ti,53,118.99,99,6838.6,16380.0,
2026-09-05T08:10:12.726764+00:00,04_vlm_polymer_bigvlm,1,1,8.5,12.75,30.49,1501.36,NVIDIA GeForce RTX 4060 Ti,47,116.24,100,6838.6,16380.0,
2026-09-05T08:10:22.769567+00:00,04_vlm_polymer_bigvlm,1,1,8.5,12.74,30.49,1501.36,NVIDIA GeForce RTX 4060 Ti,51,115.17,73,6838.6,16380.0,
2026-09-05T08:10:32.836155+00:00,04_vlm_polymer_bigvlm,1,1,8.5,12.75,30.49,1501.36,NVIDIA GeForce RTX 4060 Ti,52,116.2,23,6838.6,16380.0,
2026-09-05T08:10:42.900526+00:00,04_vlm_polymer_bigvlm,1,1,8.5,12.74,30.49,1501.36,NVIDIA GeForce RTX 4060 Ti,51,118.09,42,6838.6,16380.0,
2026-09-05T08:10:52.968875+00:00,04_vlm_polymer_bigvlm,1,1,8.5,12.75,30.49,1501.36,NVIDIA GeForce RTX 4060 Ti,53,119.48,100,6838.6,16380.0,
2026-09-05T08:11:03.031822+00:00,04_vlm_polymer_bigvlm,1,1,8.5,12.75,30.49,1501.36,NVIDIA GeForce RTX 4060 Ti,46,116.02,62,6838.6,16380.0,
2026-09-05T08:11:13.098820+00:00,04_vlm_polymer_bigvlm,1,1,8.5,12.73,30.49,1501.36,NVIDIA GeForce RTX 4060 Ti,52,119.64,99,6838.6,16380.0,
2026-09-05T08:11:23.165825+00:00,04_vlm_polymer_bigvlm,1,1,8.5,12.74,30.49,1501.36,NVIDIA GeForce RTX 4060 Ti,52,117.02,100,6838.6,16380.0,
2026-09-05T08:11:33.233828+00:00,04_vlm_polymer_bigvlm,1,1,8.5,12.74,30.49,1501.36,NVIDIA GeForce RTX 4060 Ti,51,119.81,32,6838.6,16380.0,
2026-09-05T08:11:43.300820+00:00,04_vlm_polymer_bigvlm,1,1,8.7,12.8,30.49,1501.36,NVIDIA GeForce RTX 4060 Ti,52,115.62,100,6838.6,16380.0,
2026-09-05T08:11:53.368820+00:00,04_vlm_polymer_bigvlm,1,1,8.5,12.76,30.49,1501.36,NVIDIA GeForce RTX 4060 Ti,51,115.28,13,6838.6,16380.0,
2026-09-05T08:12:03.435837+00:00,04_vlm_polymer_bigvlm,1,1,8.6,12.75,30.49,1501.36,NVIDIA GeForce RTX 4060 Ti,52,119.63,99,6838.6,16380.0,
2026-09-05T08:12:13.499377+00:00,04_vlm_polymer_bigvlm,1,1,8.5,12.73,30.49,1501.36,NVIDIA GeForce RTX 4060 Ti,50,114.5,100,6838.6,16380.0,
2026-09-05T08:12:23.566830+00:00,04_vlm_polymer_bigvlm,1,1,8.5,12.75,30.49,1501.36,NVIDIA GeForce RTX 4060 Ti,51,115.89,5,6838.6,16380.0,
2026-09-05T08:12:33.630824+00:00,04_vlm_polymer_bigvlm,1,1,8.6,12.74,30.49,1501.36,NVIDIA GeForce RTX 4060 Ti,52,117.94,99,6838.6,16380.0,
2026-09-05T08:12:43.698838+00:00,04_vlm_polymer_bigvlm,1,1,8.5,12.75,30.49,1501.36,NVIDIA GeForce RTX 4060 Ti,49,116.81,64,6838.6,16380.0,
2026-09-05T08:12:53.753372+00:00,04_vlm_polymer_bigvlm,1,1,8.5,12.76,30.49,1501.36,NVIDIA GeForce RTX 4060 Ti,52,113.17,87,6838.6,16380.0,
2026-09-05T08:13:03.820462+00:00,04_vlm_polymer_bigvlm,1,1,8.6,12.77,30.49,1501.37,NVIDIA GeForce RTX 4060 Ti,52,119.34,100,6838.6,16380.0,
2026-09-05T08:13:13.883825+00:00,04_vlm_polymer_bigvlm,1,1,8.6,12.76,30.49,1501.37,NVIDIA GeForce RTX 4060 Ti,47,117.49,84,6838.6,16380.0,
2026-09-05T08:13:23.950817+00:00,04_vlm_polymer_bigvlm,1,1,8.5,12.78,30.49,1501.37,NVIDIA GeForce RTX 4060 Ti,52,119.59,59,6838.6,16380.0,
2026-09-05T08:13:34.017820+00:00,04_vlm_polymer_bigvlm,1,1,8.5,12.77,30.49,1501.37,NVIDIA GeForce RTX 4060 Ti,50,118.57,81,6838.6,16380.0,
2026-09-05T08:13:44.085824+00:00,04_vlm_polymer_bigvlm,1,1,8.5,12.77,30.49,1501.37,NVIDIA GeForce RTX 4060 Ti,52,113.07,90,6838.6,16380.0,
2026-09-05T08:13:54.152818+00:00,04_vlm_polymer_bigvlm,1,1,8.5,12.78,30.49,1501.37,NVIDIA GeForce RTX 4060 Ti,52,120.0,58,6838.6,16380.0,
2026-09-05T08:14:04.215837+00:00,04_vlm_polymer_bigvlm,1,1,8.6,12.77,30.49,1501.37,NVIDIA GeForce RTX 4060 Ti,52,115.52,100,6838.6,16380.0,
2026-09-05T08:14:14.282830+00:00,04_vlm_polymer_bigvlm,1,1,8.5,12.77,30.49,1501.37,NVIDIA GeForce RTX 4060 Ti,46,119.71,67,6838.6,16380.0,
2026-09-05T08:14:24.346826+00:00,04_vlm_polymer_bigvlm,1,1,8.5,12.77,30.49,1501.37,NVIDIA GeForce RTX 4060 Ti,52,113.91,84,6838.6,16380.0,
2026-09-05T08:14:34.414823+00:00,04_vlm_polymer_bigvlm,1,1,8.5,12.78,30.49,1501.37,NVIDIA GeForce RTX 4060 Ti,51,118.19,100,6838.6,16380.0,
2026-09-05T08:14:44.469933+00:00,04_vlm_polymer_bigvlm,1,1,8.5,12.77,30.49,1501.37,NVIDIA GeForce RTX 4060 Ti,53,118.98,99,6838.6,16380.0,
2026-09-05T08:14:54.505065+00:00,04_vlm_polymer_bigvlm,1,1,8.5,12.77,30.49,1501.37,NVIDIA GeForce RTX 4060 Ti,49,117.77,100,6838.6,16380.0,
2026-09-05T08:15:04.552853+00:00,04_vlm_polymer_bigvlm,1,1,8.5,12.77,30.49,1501.37,NVIDIA GeForce RTX 4060 Ti,47,114.75,100,6838.6,16380.0,
2026-09-05T08:15:14.572973+00:00,04_vlm_polymer_bigvlm,1,1,8.5,12.75,30.49,1501.37,NVIDIA GeForce RTX 4060 Ti,51,119.17,100,6838.6,16380.0,
2026-09-05T08:15:24.637747+00:00,04_vlm_polymer_bigvlm,1,1,8.5,12.76,30.49,1501.37,NVIDIA GeForce RTX 4060 Ti,52,116.68,69,6838.6,16380.0,
2026-09-05T08:15:34.683934+00:00,04_vlm_polymer_bigvlm,1,1,8.5,12.75,30.49,1501.37,NVIDIA GeForce RTX 4060 Ti,52,115.07,99,6838.6,16380.0,
2026-09-05T08:15:44.750823+00:00,04_vlm_polymer_bigvlm,1,1,8.5,12.73,30.49,1501.37,NVIDIA GeForce RTX 4060 Ti,51,104.5,80,6838.6,16380.0,
2026-09-05T08:15:54.766292+00:00,04_vlm_polymer_bigvlm,1,1,8.5,12.75,30.49,1501.37,NVIDIA GeForce RTX 4060 Ti,50,102.51,49,6838.6,16380.0,
2026-09-05T08:16:04.812009+00:00,04_vlm_polymer_bigvlm,1,1,8.5,12.76,30.49,1501.37,NVIDIA GeForce RTX 4060 Ti,49,103.72,71,6838.6,16380.0,
2026-09-05T08:16:14.867824+00:00,04_vlm_polymer_bigvlm,1,1,8.5,12.74,30.49,1501.37,NVIDIA GeForce RTX 4060 Ti,50,105.37,73,6838.6,16380.0,
2026-09-05T08:16:24.904392+00:00,04_vlm_polymer_bigvlm,1,1,8.2,12.77,30.49,1501.37,NVIDIA GeForce RTX 4060 Ti,51,116.71,41,6838.6,16380.0,
2026-09-05T08:16:34.966402+00:00,04_vlm_polymer_bigvlm,1,1,8.7,12.8,30.49,1501.37,NVIDIA GeForce RTX 4060 Ti,50,114.78,14,6838.6,16380.0,
2026-09-05T08:16:44.996932+00:00,04_vlm_polymer_bigvlm,1,1,8.6,12.79,30.49,1501.37,NVIDIA GeForce RTX 4060 Ti,52,119.66,100,6838.6,16380.0,
2026-09-05T08:16:55.062833+00:00,04_vlm_polymer_bigvlm,1,1,8.5,12.77,30.49,1501.37,NVIDIA GeForce RTX 4060 Ti,45,118.99,64,6838.6,16380.0,
2026-09-05T08:17:05.096916+00:00,04_vlm_polymer_bigvlm,1,1,8.5,12.76,30.49,1501.37,NVIDIA GeForce RTX 4060 Ti,51,117.73,100,6838.6,16380.0,
2026-09-05T08:17:15.151661+00:00,04_vlm_polymer_bigvlm,1,1,8.5,12.76,30.49,1501.37,NVIDIA GeForce RTX 4060 Ti,52,113.9,100,6838.6,16380.0,
2026-09-05T08:17:25.203375+00:00,04_vlm_polymer_bigvlm,1,1,8.5,12.77,30.49,1501.37,NVIDIA GeForce RTX 4060 Ti,52,116.88,49,6838.6,16380.0,
2026-09-05T08:17:35.270823+00:00,04_vlm_polymer_bigvlm,1,1,8.8,12.76,30.49,1501.37,NVIDIA GeForce RTX 4060 Ti,51,113.12,99,6838.6,16380.0,
2026-09-05T08:17:45.339825+00:00,04_vlm_polymer_bigvlm,1,1,8.5,12.76,30.49,1501.37,NVIDIA GeForce RTX 4060 Ti,51,114.48,99,6838.6,16380.0,
2026-09-05T08:17:55.406818+00:00,04_vlm_polymer_bigvlm,1,1,8.5,12.78,30.49,1501.37,NVIDIA GeForce RTX 4060 Ti,51,119.55,100,6838.6,16380.0,
2026-09-05T08:18:05.469826+00:00,04_vlm_polymer_bigvlm,1,1,8.5,12.81,30.49,1501.37,NVIDIA GeForce RTX 4060 Ti,47,115.11,100,6838.6,16380.0,
2026-09-05T08:18:15.537754+00:00,04_vlm_polymer_bigvlm,1,1,8.5,12.78,30.49,1501.37,NVIDIA GeForce RTX 4060 Ti,52,114.95,31,6838.6,16380.0,
2026-09-05T08:18:25.604824+00:00,04_vlm_polymer_bigvlm,1,1,8.5,12.76,30.49,1501.37,NVIDIA GeForce RTX 4060 Ti,52,117.19,45,6838.6,16380.0,
2026-09-05T08:18:35.671833+00:00,04_vlm_polymer_bigvlm,1,1,8.5,12.77,30.49,1501.37,NVIDIA GeForce RTX 4060 Ti,47,114.35,100,6838.6,16380.0,
2026-09-05T08:18:45.738823+00:00,04_vlm_polymer_bigvlm,1,1,8.5,12.77,30.49,1501.37,NVIDIA GeForce RTX 4060 Ti,51,119.23,90,6838.6,16380.0,
2026-09-05T08:18:55.805817+00:00,04_vlm_polymer_bigvlm,1,1,8.5,12.79,30.49,1501.37,NVIDIA GeForce RTX 4060 Ti,52,115.05,75,6838.6,16380.0,
2026-09-05T08:19:05.874821+00:00,04_vlm_polymer_bigvlm,1,1,8.5,12.79,30.49,1501.37,NVIDIA GeForce RTX 4060 Ti,51,113.31,46,6838.6,16380.0,
2026-09-05T08:19:15.942827+00:00,04_vlm_polymer_bigvlm,1,1,8.5,12.79,30.49,1501.37,NVIDIA GeForce RTX 4060 Ti,52,116.27,100,6838.6,16380.0,
2026-09-05T08:19:26.009517+00:00,04_vlm_polymer_bigvlm,1,1,8.5,12.79,30.49,1501.37,NVIDIA GeForce RTX 4060 Ti,46,115.37,75,6838.6,16380.0,
2026-09-05T08:19:36.077845+00:00,04_vlm_polymer_bigvlm,1,1,8.5,12.79,30.49,1501.37,NVIDIA GeForce RTX 4060 Ti,49,116.5,38,6838.6,16380.0,
2026-09-05T08:19:46.146088+00:00,04_vlm_polymer_bigvlm,1,1,8.5,12.81,30.49,1501.37,NVIDIA GeForce RTX 4060 Ti,51,115.22,48,6838.6,16380.0,
2026-09-05T08:19:56.197610+00:00,04_vlm_polymer_bigvlm,1,1,8.5,12.77,30.49,1501.37,NVIDIA GeForce RTX 4060 Ti,52,115.26,99,6838.6,16380.0,
2026-09-05T08:20:06.264828+00:00,04_vlm_polymer_bigvlm,1,1,8.6,12.82,30.49,1501.37,NVIDIA GeForce RTX 4060 Ti,52,116.21,100,6838.6,16380.0,
2026-09-05T08:20:16.308878+00:00,04_vlm_polymer_bigvlm,1,1,8.6,12.81,30.49,1501.37,NVIDIA GeForce RTX 4060 Ti,47,120.12,97,6838.6,16380.0,
2026-09-05T08:20:26.376817+00:00,04_vlm_polymer_bigvlm,1,1,8.5,12.79,30.49,1501.37,NVIDIA GeForce RTX 4060 Ti,51,114.02,30,6838.6,16380.0,
2026-09-05T08:20:36.444821+00:00,04_vlm_polymer_bigvlm,1,1,8.5,12.8,30.49,1501.37,NVIDIA GeForce RTX 4060 Ti,46,115.98,100,6838.6,16380.0,
2026-09-05T08:20:46.512830+00:00,04_vlm_polymer_bigvlm,1,1,8.5,12.78,30.49,1501.37,NVIDIA GeForce RTX 4060 Ti,52,115.89,42,6838.6,16380.0,
2026-09-05T08:20:56.544994+00:00,04_vlm_polymer_bigvlm,1,1,8.5,12.8,30.49,1501.37,NVIDIA GeForce RTX 4060 Ti,52,115.33,99,6838.6,16380.0,
2026-09-05T08:21:06.612822+00:00,04_vlm_polymer_bigvlm,1,1,8.5,12.79,30.49,1501.37,NVIDIA GeForce RTX 4060 Ti,52,115.73,99,6838.6,16380.0,
2026-09-05T08:21:16.680834+00:00,04_vlm_polymer_bigvlm,1,1,8.6,12.76,30.49,1501.37,NVIDIA GeForce RTX 4060 Ti,52,119.8,55,6838.6,16380.0,
2026-09-05T08:21:26.743829+00:00,04_vlm_polymer_bigvlm,1,1,8.5,12.79,30.49,1501.37,NVIDIA GeForce RTX 4060 Ti,52,114.58,96,6838.6,16380.0,
2026-09-05T08:21:36.811853+00:00,04_vlm_polymer_bigvlm,1,1,8.6,12.78,30.49,1501.37,NVIDIA GeForce RTX 4060 Ti,53,115.99,100,6838.6,16380.0,
2026-09-05T08:21:46.845344+00:00,04_vlm_polymer_bigvlm,1,1,8.6,12.76,30.49,1501.37,NVIDIA GeForce RTX 4060 Ti,47,115.76,95,6838.6,16380.0,
2026-09-05T08:21:56.912829+00:00,04_vlm_polymer_bigvlm,1,1,8.5,12.76,30.49,1501.37,NVIDIA GeForce RTX 4060 Ti,51,115.85,28,6838.6,16380.0,
2026-09-05T08:22:06.980822+00:00,04_vlm_polymer_bigvlm,1,1,8.5,12.74,30.49,1501.37,NVIDIA GeForce RTX 4060 Ti,50,117.99,33,6871.1,16380.0,
2026-09-05T08:22:17.049824+00:00,04_vlm_polymer_bigvlm,1,1,8.5,12.74,30.49,1501.37,NVIDIA GeForce RTX 4060 Ti,52,120.2,87,6871.1,16380.0,
2026-09-05T08:22:27.117824+00:00,04_vlm_polymer_bigvlm,1,1,10.3,12.79,30.49,1501.37,NVIDIA GeForce RTX 4060 Ti,46,116.64,35,6871.1,16380.0,
2026-09-05T08:22:37.164832+00:00,04_vlm_polymer_bigvlm,1,1,15.0,12.96,30.49,1501.37,NVIDIA GeForce RTX 4060 Ti,51,119.68,99,6871.1,16380.0,
2026-09-05T08:22:47.231832+00:00,04_vlm_polymer_bigvlm,1,1,14.8,12.83,30.49,1501.37,NVIDIA GeForce RTX 4060 Ti,51,101.71,48,6871.1,16380.0,
2026-09-05T08:22:57.292901+00:00,04_vlm_polymer_bigvlm,1,1,9.8,12.83,30.49,1501.37,NVIDIA GeForce RTX 4060 Ti,45,103.3,99,6871.1,16380.0,
2026-09-05T08:23:07.360978+00:00,04_vlm_polymer_bigvlm,1,1,8.5,12.81,30.49,1501.37,NVIDIA GeForce RTX 4060 Ti,50,101.95,47,6871.1,16380.0,
2026-09-05T08:23:17.428400+00:00,04_vlm_polymer_bigvlm,1,1,8.6,12.82,30.49,1501.37,NVIDIA GeForce RTX 4060 Ti,50,105.25,51,6871.1,16380.0,
2026-09-05T08:23:27.497717+00:00,04_vlm_polymer_bigvlm,1,1,7.2,12.86,30.49,1501.37,NVIDIA GeForce RTX 4060 Ti,48,105.96,91,10741.1,16380.0,
2026-09-05T08:23:37.567039+00:00,04_vlm_polymer_bigvlm,1,1,8.5,12.85,30.49,1501.37,NVIDIA GeForce RTX 4060 Ti,47,106.23,84,10741.1,16380.0,
2026-09-05T08:23:47.634392+00:00,04_vlm_polymer_bigvlm,1,1,8.5,12.86,30.49,1501.37,NVIDIA GeForce RTX 4060 Ti,49,105.04,63,10741.1,16380.0,
2026-09-05T08:23:57.700846+00:00,04_vlm_polymer_bigvlm,2,2,8.7,11.48,30.49,1501.37,NVIDIA GeForce RTX 4060 Ti,40,41.54,0,1711.9,16380.0,
2026-09-05T08:24:07.763822+00:00,04_vlm_polymer_bigvlm,2,2,7.9,12.74,30.49,1501.37,NVIDIA GeForce RTX 4060 Ti,50,116.02,80,6871.1,16380.0,
2026-09-05T08:24:17.800774+00:00,04_vlm_polymer_bigvlm,2,2,8.5,12.73,30.49,1501.37,NVIDIA GeForce RTX 4060 Ti,51,117.16,98,6871.1,16380.0,
2026-09-05T08:24:27.842902+00:00,04_vlm_polymer_bigvlm,2,2,8.6,12.72,30.49,1501.37,NVIDIA GeForce RTX 4060 Ti,51,116.9,47,6871.1,16380.0,
2026-09-05T08:24:37.911521+00:00,04_vlm_polymer_bigvlm,2,2,8.5,12.74,30.49,1501.37,NVIDIA GeForce RTX 4060 Ti,51,117.39,73,6871.1,16380.0,
2026-09-05T08:24:47.980376+00:00,04_vlm_polymer_bigvlm,2,2,8.5,12.75,30.49,1501.37,NVIDIA GeForce RTX 4060 Ti,52,118.44,100,6871.1,16380.0,
2026-09-05T08:24:58.048807+00:00,04_vlm_polymer_bigvlm,2,2,8.5,12.73,30.49,1501.37,NVIDIA GeForce RTX 4060 Ti,52,119.61,100,6871.1,16380.0,
2026-09-05T08:25:08.116154+00:00,04_vlm_polymer_bigvlm,2,2,8.5,12.76,30.49,1501.37,NVIDIA GeForce RTX 4060 Ti,52,119.71,100,6871.1,16380.0,
2026-09-05T08:25:18.184646+00:00,04_vlm_polymer_bigvlm,2,2,8.5,12.76,30.49,1501.37,NVIDIA GeForce RTX 4060 Ti,52,117.02,99,6871.1,16380.0,
2026-09-05T08:25:28.247446+00:00,04_vlm_polymer_bigvlm,2,2,8.5,12.76,30.49,1501.37,NVIDIA GeForce RTX 4060 Ti,52,119.92,100,6871.1,16380.0,
2026-09-05T08:25:38.274958+00:00,04_vlm_polymer_bigvlm,2,2,8.5,12.74,30.49,1501.37,NVIDIA GeForce RTX 4060 Ti,52,117.73,100,6871.1,16380.0,
2026-09-05T08:25:48.342817+00:00,04_vlm_polymer_bigvlm,2,2,8.6,12.75,30.49,1501.37,NVIDIA GeForce RTX 4060 Ti,52,119.24,100,6871.1,16380.0,
2026-09-05T08:25:58.410822+00:00,04_vlm_polymer_bigvlm,2,2,8.5,12.73,30.49,1501.37,NVIDIA GeForce RTX 4060 Ti,52,120.22,100,6871.1,16380.0,
2026-09-05T08:26:08.472840+00:00,04_vlm_polymer_bigvlm,2,2,8.5,12.74,30.49,1501.37,NVIDIA GeForce RTX 4060 Ti,53,120.08,100,6871.1,16380.0,
2026-09-05T08:26:18.540232+00:00,04_vlm_polymer_bigvlm,2,2,8.5,12.76,30.49,1501.37,NVIDIA GeForce RTX 4060 Ti,50,120.74,79,6871.1,16380.0,
2026-09-05T08:26:28.560390+00:00,04_vlm_polymer_bigvlm,2,2,8.5,12.77,30.49,1501.37,NVIDIA GeForce RTX 4060 Ti,46,118.43,96,6871.1,16380.0,
2026-09-05T08:26:38.627419+00:00,04_vlm_polymer_bigvlm,2,2,8.6,12.83,30.49,1501.37,NVIDIA GeForce RTX 4060 Ti,46,116.52,96,6871.1,16380.0,
2026-09-05T08:26:48.694888+00:00,04_vlm_polymer_bigvlm,2,2,8.5,12.83,30.49,1501.37,NVIDIA GeForce RTX 4060 Ti,47,118.26,100,6871.1,16380.0,
2026-09-05T08:26:58.737821+00:00,04_vlm_polymer_bigvlm,2,2,8.5,12.77,30.49,1501.37,NVIDIA GeForce RTX 4060 Ti,52,117.06,100,6871.1,16380.0,
2026-09-05T08:27:08.806828+00:00,04_vlm_polymer_bigvlm,2,2,8.5,12.76,30.49,1501.37,NVIDIA GeForce RTX 4060 Ti,48,117.38,100,6871.1,16380.0,
2026-09-05T08:27:18.846270+00:00,04_vlm_polymer_bigvlm,2,2,8.6,12.75,30.49,1501.37,NVIDIA GeForce RTX 4060 Ti,50,119.83,99,6871.1,16380.0,
2026-09-05T08:27:28.879870+00:00,04_vlm_polymer_bigvlm,2,2,8.5,12.76,30.49,1501.37,NVIDIA GeForce RTX 4060 Ti,53,118.07,98,6871.1,16380.0,
2026-09-05T08:27:38.942815+00:00,04_vlm_polymer_bigvlm,2,2,8.5,12.75,30.49,1501.37,NVIDIA GeForce RTX 4060 Ti,52,118.71,34,6871.1,16380.0,
2026-09-05T08:27:48.965872+00:00,04_vlm_polymer_bigvlm,2,2,8.5,12.76,30.49,1501.37,NVIDIA GeForce RTX 4060 Ti,52,120.07,100,6871.1,16380.0,
2026-09-05T08:27:59.033836+00:00,04_vlm_polymer_bigvlm,2,2,8.5,12.76,30.49,1501.37,NVIDIA GeForce RTX 4060 Ti,53,119.88,100,6871.1,16380.0,
2026-09-05T08:28:09.096817+00:00,04_vlm_polymer_bigvlm,2,2,8.5,12.75,30.49,1501.37,NVIDIA GeForce RTX 4060 Ti,52,119.82,99,6871.1,16380.0,
2026-09-05T08:28:19.160828+00:00,04_vlm_polymer_bigvlm,2,2,8.6,12.77,30.49,1501.37,NVIDIA GeForce RTX 4060 Ti,52,120.26,92,6871.1,16380.0,
2026-09-05T08:28:29.223828+00:00,04_vlm_polymer_bigvlm,2,2,8.5,12.76,30.49,1501.37,NVIDIA GeForce RTX 4060 Ti,53,118.75,100,6871.1,16380.0,
2026-09-05T08:28:39.291823+00:00,04_vlm_polymer_bigvlm,2,2,8.5,12.74,30.49,1501.37,NVIDIA GeForce RTX 4060 Ti,52,118.86,99,6871.1,16380.0,
2026-09-05T08:28:49.358821+00:00,04_vlm_polymer_bigvlm,2,2,8.5,12.75,30.49,1501.37,NVIDIA GeForce RTX 4060 Ti,52,116.74,100,6871.1,16380.0,
2026-09-05T08:28:59.426837+00:00,04_vlm_polymer_bigvlm,2,2,8.5,12.75,30.49,1501.37,NVIDIA GeForce RTX 4060 Ti,52,119.2,100,6871.1,16380.0,
2026-09-05T08:29:09.489833+00:00,04_vlm_polymer_bigvlm,2,2,8.5,12.73,30.49,1501.37,NVIDIA GeForce RTX 4060 Ti,49,117.19,100,6871.1,16380.0,
2026-09-05T08:29:19.556828+00:00,04_vlm_polymer_bigvlm,2,2,8.6,12.74,30.49,1501.37,NVIDIA GeForce RTX 4060 Ti,46,118.22,100,6871.1,16380.0,
2026-09-05T08:29:29.623827+00:00,04_vlm_polymer_bigvlm,2,2,8.5,12.75,30.49,1501.37,NVIDIA GeForce RTX 4060 Ti,50,119.97,100,6871.1,16380.0,
2026-09-05T08:29:39.691820+00:00,04_vlm_polymer_bigvlm,2,2,8.5,12.74,30.49,1501.37,NVIDIA GeForce RTX 4060 Ti,52,120.0,100,6871.1,16380.0,
2026-09-05T08:29:49.754827+00:00,04_vlm_polymer_bigvlm,2,2,8.5,12.76,30.49,1501.37,NVIDIA GeForce RTX 4060 Ti,47,119.11,100,6871.1,16380.0,
2026-09-05T08:29:59.817841+00:00,04_vlm_polymer_bigvlm,2,2,8.5,12.76,30.49,1501.37,NVIDIA GeForce RTX 4060 Ti,49,120.06,100,6871.1,16380.0,
2026-09-05T08:30:09.833717+00:00,04_vlm_polymer_bigvlm,2,2,8.5,12.76,30.49,1501.37,NVIDIA GeForce RTX 4060 Ti,53,117.8,100,6871.1,16380.0,
2026-09-05T08:30:19.896821+00:00,04_vlm_polymer_bigvlm,2,2,8.5,12.83,30.49,1501.37,NVIDIA GeForce RTX 4060 Ti,51,102.82,78,6871.1,16380.0,
2026-09-05T08:30:29.944157+00:00,04_vlm_polymer_bigvlm,2,2,8.5,12.82,30.49,1501.37,NVIDIA GeForce RTX 4060 Ti,51,102.89,99,6871.1,16380.0,
2026-09-05T08:30:40.006823+00:00,04_vlm_polymer_bigvlm,2,2,8.5,12.81,30.49,1501.37,NVIDIA GeForce RTX 4060 Ti,50,102.39,99,6871.1,16380.0,
2026-09-05T08:30:50.072817+00:00,04_vlm_polymer_bigvlm,2,2,8.5,12.82,30.49,1501.37,NVIDIA GeForce RTX 4060 Ti,48,105.3,83,6871.1,16380.0,
2026-09-05T08:31:00.140823+00:00,04_vlm_polymer_bigvlm,2,2,8.2,12.82,30.49,1501.33,NVIDIA GeForce RTX 4060 Ti,50,119.33,99,6870.6,16380.0,
2026-09-05T08:31:10.204444+00:00,04_vlm_polymer_bigvlm,2,2,8.5,12.8,30.49,1501.33,NVIDIA GeForce RTX 4060 Ti,51,116.2,100,6870.6,16380.0,
2026-09-05T08:31:20.271823+00:00,04_vlm_polymer_bigvlm,2,2,8.5,12.79,30.49,1501.33,NVIDIA GeForce RTX 4060 Ti,52,115.86,45,6870.6,16380.0,
2026-09-05T08:31:30.335819+00:00,04_vlm_polymer_bigvlm,2,2,8.8,12.83,30.49,1501.33,NVIDIA GeForce RTX 4060 Ti,51,115.48,93,6870.6,16380.0,
2026-09-05T08:31:40.403815+00:00,04_vlm_polymer_bigvlm,2,2,8.7,12.85,30.49,1501.33,NVIDIA GeForce RTX 4060 Ti,52,117.5,100,6870.6,16380.0,
2026-09-05T08:31:50.466820+00:00,04_vlm_polymer_bigvlm,2,2,8.6,12.88,30.49,1501.33,NVIDIA GeForce RTX 4060 Ti,51,116.21,11,6838.6,16380.0,
2026-09-05T08:32:00.534846+00:00,04_vlm_polymer_bigvlm,2,2,8.5,12.89,30.49,1501.33,NVIDIA GeForce RTX 4060 Ti,52,120.17,99,6838.6,16380.0,
2026-09-05T08:32:10.598122+00:00,04_vlm_polymer_bigvlm,2,2,8.5,12.9,30.49,1501.33,NVIDIA GeForce RTX 4060 Ti,49,114.57,100,6838.6,16380.0,
2026-09-05T08:32:20.666832+00:00,04_vlm_polymer_bigvlm,2,2,8.5,12.88,30.49,1501.33,NVIDIA GeForce RTX 4060 Ti,46,116.15,100,6838.6,16380.0,
2026-09-05T08:32:30.734518+00:00,04_vlm_polymer_bigvlm,2,2,8.5,12.91,30.49,1501.33,NVIDIA GeForce RTX 4060 Ti,51,119.72,95,6838.6,16380.0,
2026-09-05T08:32:40.757603+00:00,04_vlm_polymer_bigvlm,2,2,8.5,12.87,30.49,1501.33,NVIDIA GeForce RTX 4060 Ti,51,119.38,94,6838.6,16380.0,
2026-09-05T08:32:50.792490+00:00,04_vlm_polymer_bigvlm,2,2,8.5,12.87,30.49,1501.33,NVIDIA GeForce RTX 4060 Ti,51,115.61,53,6838.6,16380.0,
2026-09-05T08:33:00.860829+00:00,04_vlm_polymer_bigvlm,2,2,8.5,12.86,30.49,1501.33,NVIDIA GeForce RTX 4060 Ti,51,111.62,50,6838.6,16380.0,
2026-09-05T08:33:10.928825+00:00,04_vlm_polymer_bigvlm,2,2,8.5,12.85,30.49,1501.33,NVIDIA GeForce RTX 4060 Ti,50,116.4,100,6838.6,16380.0,
2026-09-05T08:33:20.995844+00:00,04_vlm_polymer_bigvlm,2,2,8.5,12.87,30.49,1501.33,NVIDIA GeForce RTX 4060 Ti,51,116.96,17,6838.6,16380.0,
2026-09-05T08:33:31.062842+00:00,04_vlm_polymer_bigvlm,2,2,8.5,12.88,30.49,1501.33,NVIDIA GeForce RTX 4060 Ti,52,120.01,100,6838.6,16380.0,
2026-09-05T08:33:41.108464+00:00,04_vlm_polymer_bigvlm,2,2,8.5,12.86,30.49,1501.33,NVIDIA GeForce RTX 4060 Ti,48,115.31,100,6838.6,16380.0,
2026-09-05T08:33:51.148166+00:00,04_vlm_polymer_bigvlm,2,2,8.5,12.87,30.49,1501.33,NVIDIA GeForce RTX 4060 Ti,47,114.91,81,6838.6,16380.0,
2026-09-05T08:34:01.215828+00:00,04_vlm_polymer_bigvlm,2,2,8.5,12.87,30.49,1501.33,NVIDIA GeForce RTX 4060 Ti,51,115.17,65,6838.6,16380.0,
2026-09-05T08:34:11.283833+00:00,04_vlm_polymer_bigvlm,2,2,8.5,12.85,30.49,1501.33,NVIDIA GeForce RTX 4060 Ti,52,115.13,99,6838.6,16380.0,
2026-09-05T08:34:21.351696+00:00,04_vlm_polymer_bigvlm,2,2,8.6,12.86,30.49,1501.33,NVIDIA GeForce RTX 4060 Ti,46,118.05,67,6838.6,16380.0,
2026-09-05T08:34:31.419826+00:00,04_vlm_polymer_bigvlm,2,2,8.5,12.86,30.49,1501.33,NVIDIA GeForce RTX 4060 Ti,52,114.63,100,6838.6,16380.0,
2026-09-05T08:34:41.488941+00:00,04_vlm_polymer_bigvlm,2,2,8.5,12.87,30.49,1501.33,NVIDIA GeForce RTX 4060 Ti,49,114.4,100,6838.6,16380.0,
2026-09-05T08:34:51.556976+00:00,04_vlm_polymer_bigvlm,2,2,8.5,12.86,30.49,1501.33,NVIDIA GeForce RTX 4060 Ti,51,118.72,39,6838.6,16380.0,
2026-09-05T08:35:01.625382+00:00,04_vlm_polymer_bigvlm,2,2,8.5,12.88,30.49,1501.33,NVIDIA GeForce RTX 4060 Ti,52,119.65,74,6838.6,16380.0,
2026-09-05T08:35:11.691820+00:00,04_vlm_polymer_bigvlm,2,2,8.5,12.89,30.49,1501.33,NVIDIA GeForce RTX 4060 Ti,52,114.41,100,6838.6,16380.0,
2026-09-05T08:35:21.759818+00:00,04_vlm_polymer_bigvlm,2,2,8.5,12.88,30.49,1501.33,NVIDIA GeForce RTX 4060 Ti,47,119.63,100,6838.6,16380.0,
2026-09-05T08:35:31.788836+00:00,04_vlm_polymer_bigvlm,2,2,8.5,12.88,30.49,1501.33,NVIDIA GeForce RTX 4060 Ti,49,118.12,74,6838.6,16380.0,
2026-09-05T08:35:41.810167+00:00,04_vlm_polymer_bigvlm,2,2,8.5,12.88,30.49,1501.33,NVIDIA GeForce RTX 4060 Ti,52,113.23,60,6838.6,16380.0,
2026-09-05T08:35:51.832171+00:00,04_vlm_polymer_bigvlm,2,2,8.5,12.85,30.49,1501.33,NVIDIA GeForce RTX 4060 Ti,53,115.53,100,6838.6,16380.0,
2026-09-05T08:36:01.894958+00:00,04_vlm_polymer_bigvlm,2,2,8.5,12.88,30.49,1501.33,NVIDIA GeForce RTX 4060 Ti,51,116.7,100,6838.6,16380.0,
2026-09-05T08:36:11.915265+00:00,04_vlm_polymer_bigvlm,2,2,8.5,12.87,30.49,1501.33,NVIDIA GeForce RTX 4060 Ti,52,111.77,14,6838.6,16380.0,
2026-09-05T08:36:21.982829+00:00,04_vlm_polymer_bigvlm,2,2,8.5,12.89,30.49,1501.33,NVIDIA GeForce RTX 4060 Ti,52,118.03,45,6838.6,16380.0,
2026-09-05T08:36:32.046827+00:00,04_vlm_polymer_bigvlm,2,2,8.5,12.88,30.49,1501.33,NVIDIA GeForce RTX 4060 Ti,46,115.89,44,6838.6,16380.0,
2026-09-05T08:36:42.114821+00:00,04_vlm_polymer_bigvlm,2,2,8.6,12.91,30.49,1501.33,NVIDIA GeForce RTX 4060 Ti,46,115.42,49,6838.6,16380.0,
2026-09-05T08:36:52.181826+00:00,04_vlm_polymer_bigvlm,2,2,8.6,12.88,30.49,1501.33,NVIDIA GeForce RTX 4060 Ti,50,114.65,27,6838.6,16380.0,
2026-09-05T08:37:02.249819+00:00,04_vlm_polymer_bigvlm,2,2,8.6,12.87,30.49,1501.33,NVIDIA GeForce RTX 4060 Ti,47,114.15,81,6838.6,16380.0,
2026-09-05T08:37:12.295507+00:00,04_vlm_polymer_bigvlm,2,2,8.5,12.85,30.49,1501.33,NVIDIA GeForce RTX 4060 Ti,51,119.63,7,6838.6,16380.0,
2026-09-05T08:37:22.345454+00:00,04_vlm_polymer_bigvlm,2,2,8.5,12.82,30.49,1501.33,NVIDIA GeForce RTX 4060 Ti,45,102.5,83,6838.6,16380.0,
2026-09-05T08:37:32.413830+00:00,04_vlm_polymer_bigvlm,2,2,8.5,12.85,30.49,1501.33,NVIDIA GeForce RTX 4060 Ti,50,101.72,57,6838.6,16380.0,
2026-09-05T08:37:42.481823+00:00,04_vlm_polymer_bigvlm,2,2,8.5,12.84,30.49,1501.33,NVIDIA GeForce RTX 4060 Ti,45,102.55,89,6838.6,16380.0,
2026-09-05T08:37:52.550820+00:00,04_vlm_polymer_bigvlm,2,2,8.2,12.86,30.49,1501.33,NVIDIA GeForce RTX 4060 Ti,49,57.81,0,6838.6,16380.0,
2026-09-05T08:38:02.617823+00:00,04_vlm_polymer_bigvlm,2,2,8.5,12.86,30.49,1501.33,NVIDIA GeForce RTX 4060 Ti,51,117.47,44,6838.6,16380.0,
2026-09-05T08:38:12.685825+00:00,04_vlm_polymer_bigvlm,2,2,8.5,12.84,30.49,1501.33,NVIDIA GeForce RTX 4060 Ti,52,119.37,97,6838.6,16380.0,
2026-09-05T08:38:22.752821+00:00,04_vlm_polymer_bigvlm,2,2,8.5,12.85,30.49,1501.33,NVIDIA GeForce RTX 4060 Ti,51,119.57,100,6838.6,16380.0,
2026-09-05T08:38:32.815824+00:00,04_vlm_polymer_bigvlm,2,2,8.5,12.83,30.49,1501.33,NVIDIA GeForce RTX 4060 Ti,52,117.44,26,6838.6,16380.0,
2026-09-05T08:38:42.860547+00:00,04_vlm_polymer_bigvlm,2,2,8.5,12.82,30.49,1501.33,NVIDIA GeForce RTX 4060 Ti,52,118.64,43,6838.6,16380.0,
2026-09-05T08:38:52.927821+00:00,04_vlm_polymer_bigvlm,2,2,8.5,12.84,30.49,1501.33,NVIDIA GeForce RTX 4060 Ti,52,113.86,99,6838.6,16380.0,
2026-09-05T08:39:02.995835+00:00,04_vlm_polymer_bigvlm,2,2,8.5,12.87,30.49,1501.33,NVIDIA GeForce RTX 4060 Ti,53,116.45,19,6838.6,16380.0,
2026-09-05T08:39:13.062823+00:00,04_vlm_polymer_bigvlm,2,2,8.5,12.83,30.49,1501.33,NVIDIA GeForce RTX 4060 Ti,52,117.13,100,6838.6,16380.0,
2026-09-05T08:39:23.127819+00:00,04_vlm_polymer_bigvlm,2,2,8.5,12.84,30.49,1501.33,NVIDIA GeForce RTX 4060 Ti,52,115.74,100,6838.6,16380.0,
2026-09-05T08:39:33.166204+00:00,04_vlm_polymer_bigvlm,2,2,8.5,12.85,30.49,1501.33,NVIDIA GeForce RTX 4060 Ti,48,119.05,11,6838.6,16380.0,
2026-09-05T08:39:43.232820+00:00,04_vlm_polymer_bigvlm,2,2,8.5,12.84,30.49,1501.33,NVIDIA GeForce RTX 4060 Ti,48,114.02,11,6838.6,16380.0,
2026-09-05T08:39:53.295926+00:00,04_vlm_polymer_bigvlm,2,2,8.5,12.83,30.49,1501.33,NVIDIA GeForce RTX 4060 Ti,52,119.84,100,6838.6,16380.0,
2026-09-05T08:40:03.362821+00:00,04_vlm_polymer_bigvlm,2,2,8.5,12.85,30.49,1501.33,NVIDIA GeForce RTX 4060 Ti,52,121.95,100,6838.6,16380.0,
2026-09-05T08:40:13.417114+00:00,04_vlm_polymer_bigvlm,2,2,8.5,12.83,30.49,1501.33,NVIDIA GeForce RTX 4060 Ti,46,118.37,56,6838.6,16380.0,
2026-09-05T08:40:23.484828+00:00,04_vlm_polymer_bigvlm,2,2,8.6,12.83,30.49,1501.33,NVIDIA GeForce RTX 4060 Ti,45,113.97,41,6838.6,16380.0,
2026-09-05T08:40:33.541813+00:00,04_vlm_polymer_bigvlm,2,2,8.5,12.84,30.49,1501.33,NVIDIA GeForce RTX 4060 Ti,53,117.91,99,6838.6,16380.0,
2026-09-05T08:40:43.573857+00:00,04_vlm_polymer_bigvlm,2,2,8.5,12.83,30.49,1501.33,NVIDIA GeForce RTX 4060 Ti,47,114.58,100,6838.6,16380.0,
2026-09-05T08:40:53.640828+00:00,04_vlm_polymer_bigvlm,2,2,8.5,12.83,30.49,1501.33,NVIDIA GeForce RTX 4060 Ti,52,114.24,63,6838.6,16380.0,
2026-09-05T08:41:03.708834+00:00,04_vlm_polymer_bigvlm,2,2,8.5,12.83,30.49,1501.33,NVIDIA GeForce RTX 4060 Ti,52,116.67,34,6838.6,16380.0,
2026-09-05T08:41:13.775825+00:00,04_vlm_polymer_bigvlm,2,2,8.5,12.83,30.49,1501.33,NVIDIA GeForce RTX 4060 Ti,52,116.62,26,6838.6,16380.0,
2026-09-05T08:41:23.834462+00:00,04_vlm_polymer_bigvlm,2,2,8.6,12.81,30.49,1501.33,NVIDIA GeForce RTX 4060 Ti,52,115.23,13,6838.6,16380.0,
2026-09-05T08:41:33.901821+00:00,04_vlm_polymer_bigvlm,2,2,8.5,12.83,30.49,1501.33,NVIDIA GeForce RTX 4060 Ti,52,114.97,74,6838.6,16380.0,
2026-09-05T08:41:43.970269+00:00,04_vlm_polymer_bigvlm,2,2,8.6,12.86,30.49,1501.33,NVIDIA GeForce RTX 4060 Ti,52,116.5,99,6838.6,16380.0,
2026-09-05T08:41:54.036827+00:00,04_vlm_polymer_bigvlm,2,2,8.5,12.84,30.49,1501.33,NVIDIA GeForce RTX 4060 Ti,51,118.0,74,6838.6,16380.0,
2026-09-05T08:42:04.100906+00:00,04_vlm_polymer_bigvlm,2,2,8.5,12.86,30.49,1501.33,NVIDIA GeForce RTX 4060 Ti,52,117.98,100,6838.6,16380.0,
2026-09-05T08:42:14.139624+00:00,04_vlm_polymer_bigvlm,2,2,8.5,12.86,30.49,1501.33,NVIDIA GeForce RTX 4060 Ti,52,113.24,100,6838.6,16380.0,
2026-09-05T08:42:24.180599+00:00,04_vlm_polymer_bigvlm,2,2,8.5,12.86,30.49,1501.33,NVIDIA GeForce RTX 4060 Ti,52,120.14,83,6838.6,16380.0,
2026-09-05T08:42:34.244148+00:00,04_vlm_polymer_bigvlm,2,2,8.6,12.86,30.49,1501.33,NVIDIA GeForce RTX 4060 Ti,52,116.43,100,6838.6,16380.0,
2026-09-05T08:42:44.311829+00:00,04_vlm_polymer_bigvlm,2,2,8.5,12.84,30.49,1501.33,NVIDIA GeForce RTX 4060 Ti,47,116.37,99,6838.6,16380.0,
2026-09-05T08:42:54.374825+00:00,04_vlm_polymer_bigvlm,2,2,8.5,12.83,30.49,1501.33,NVIDIA GeForce RTX 4060 Ti,51,118.09,47,6838.6,16380.0,
2026-09-05T08:43:04.408215+00:00,04_vlm_polymer_bigvlm,2,2,8.5,12.84,30.49,1501.33,NVIDIA GeForce RTX 4060 Ti,52,113.98,100,6838.6,16380.0,
2026-09-05T08:43:14.476563+00:00,04_vlm_polymer_bigvlm,2,2,8.5,12.82,30.49,1501.33,NVIDIA GeForce RTX 4060 Ti,52,116.4,100,6838.6,16380.0,
2026-09-05T08:43:24.540967+00:00,04_vlm_polymer_bigvlm,2,2,8.5,12.83,30.49,1501.33,NVIDIA GeForce RTX 4060 Ti,48,113.57,100,6838.6,16380.0,
2026-09-05T08:43:34.599838+00:00,04_vlm_polymer_bigvlm,2,2,8.5,12.83,30.49,1501.33,NVIDIA GeForce RTX 4060 Ti,46,113.59,58,6838.6,16380.0,
2026-09-05T08:43:44.666818+00:00,04_vlm_polymer_bigvlm,2,2,8.5,12.84,30.49,1501.33,NVIDIA GeForce RTX 4060 Ti,46,114.41,63,6838.6,16380.0,
2026-09-05T08:43:54.734793+00:00,04_vlm_polymer_bigvlm,2,2,8.5,12.84,30.49,1501.33,NVIDIA GeForce RTX 4060 Ti,51,119.63,16,6838.6,16380.0,
2026-09-05T08:44:04.795313+00:00,04_vlm_polymer_bigvlm,2,2,8.5,12.87,30.49,1501.33,NVIDIA GeForce RTX 4060 Ti,52,114.22,99,6838.6,16380.0,
2026-09-05T08:44:14.863563+00:00,04_vlm_polymer_bigvlm,2,2,8.5,12.85,30.49,1501.33,NVIDIA GeForce RTX 4060 Ti,50,105.07,72,6838.6,16380.0,
2026-09-05T08:44:24.930674+00:00,04_vlm_polymer_bigvlm,2,2,8.8,12.85,30.49,1501.33,NVIDIA GeForce RTX 4060 Ti,50,104.5,59,6838.6,16380.0,
2026-09-05T08:44:34.978828+00:00,04_vlm_polymer_bigvlm,2,2,8.5,12.84,30.49,1501.33,NVIDIA GeForce RTX 4060 Ti,45,101.89,99,6838.6,16380.0,
2026-09-05T08:44:45.042590+00:00,04_vlm_polymer_bigvlm,2,2,8.5,12.84,30.49,1501.33,NVIDIA GeForce RTX 4060 Ti,48,105.98,72,6838.6,16380.0,
2026-09-05T08:44:55.079852+00:00,04_vlm_polymer_bigvlm,2,2,8.1,12.86,30.49,1501.33,NVIDIA GeForce RTX 4060 Ti,51,115.59,99,6838.6,16380.0,
2026-09-05T08:45:05.135431+00:00,04_vlm_polymer_bigvlm,2,2,8.6,12.87,30.49,1501.33,NVIDIA GeForce RTX 4060 Ti,52,119.29,100,6838.6,16380.0,
2026-09-05T08:45:15.199031+00:00,04_vlm_polymer_bigvlm,2,2,8.5,12.88,30.49,1501.33,NVIDIA GeForce RTX 4060 Ti,49,116.54,23,6838.6,16380.0,
2026-09-05T08:45:25.264919+00:00,04_vlm_polymer_bigvlm,2,2,8.5,12.86,30.49,1501.33,NVIDIA GeForce RTX 4060 Ti,52,116.51,99,6838.6,16380.0,
2026-09-05T08:45:35.317329+00:00,04_vlm_polymer_bigvlm,2,2,8.5,12.81,30.49,1501.33,NVIDIA GeForce RTX 4060 Ti,52,117.57,100,6838.6,16380.0,
2026-09-05T08:45:45.386060+00:00,04_vlm_polymer_bigvlm,2,2,8.5,12.85,30.49,1501.33,NVIDIA GeForce RTX 4060 Ti,49,118.91,100,6838.6,16380.0,
2026-09-05T08:45:55.449775+00:00,04_vlm_polymer_bigvlm,2,2,8.5,12.85,30.49,1501.33,NVIDIA GeForce RTX 4060 Ti,50,115.47,18,6838.6,16380.0,
2026-09-05T08:46:05.516986+00:00,04_vlm_polymer_bigvlm,2,2,8.6,12.84,30.49,1501.33,NVIDIA GeForce RTX 4060 Ti,51,116.3,66,6838.6,16380.0,
2026-09-05T08:46:15.585702+00:00,04_vlm_polymer_bigvlm,2,2,8.5,12.85,30.49,1501.33,NVIDIA GeForce RTX 4060 Ti,47,114.26,100,6838.6,16380.0,
2026-09-05T08:46:25.652705+00:00,04_vlm_polymer_bigvlm,2,2,8.5,12.87,30.49,1501.33,NVIDIA GeForce RTX 4060 Ti,49,112.67,100,6838.6,16380.0,
2026-09-05T08:46:35.709106+00:00,04_vlm_polymer_bigvlm,2,2,8.5,12.83,30.49,1501.33,NVIDIA GeForce RTX 4060 Ti,51,118.0,33,6838.6,16380.0,
2026-09-05T08:46:45.735820+00:00,04_vlm_polymer_bigvlm,2,2,8.7,12.87,30.49,1501.33,NVIDIA GeForce RTX 4060 Ti,52,114.12,21,6838.6,16380.0,
2026-09-05T08:46:55.754158+00:00,04_vlm_polymer_bigvlm,2,2,8.5,12.85,30.49,1501.33,NVIDIA GeForce RTX 4060 Ti,53,114.61,99,6838.6,16380.0,
2026-09-05T08:47:05.821822+00:00,04_vlm_polymer_bigvlm,2,2,8.5,12.86,30.49,1501.33,NVIDIA GeForce RTX 4060 Ti,50,117.79,99,6838.6,16380.0,
2026-09-05T08:47:15.880428+00:00,04_vlm_polymer_bigvlm,2,2,8.5,12.86,30.49,1501.33,NVIDIA GeForce RTX 4060 Ti,49,114.64,100,6838.6,16380.0,
2026-09-05T08:47:25.948060+00:00,04_vlm_polymer_bigvlm,2,2,8.5,12.85,30.49,1501.33,NVIDIA GeForce RTX 4060 Ti,51,115.16,100,6838.6,16380.0,
2026-09-05T08:47:35.990822+00:00,04_vlm_polymer_bigvlm,2,2,8.5,12.86,30.49,1501.33,NVIDIA GeForce RTX 4060 Ti,51,115.0,69,6838.6,16380.0,
2026-09-05T08:47:46.058830+00:00,04_vlm_polymer_bigvlm,2,2,8.5,12.85,30.49,1501.33,NVIDIA GeForce RTX 4060 Ti,52,119.63,58,6838.6,16380.0,
2026-09-05T08:47:56.086977+00:00,04_vlm_polymer_bigvlm,2,2,8.5,12.86,30.49,1501.33,NVIDIA GeForce RTX 4060 Ti,48,112.1,16,6838.6,16380.0,
2026-09-05T08:48:06.113326+00:00,04_vlm_polymer_bigvlm,2,2,8.5,12.85,30.49,1501.33,NVIDIA GeForce RTX 4060 Ti,47,114.61,31,6838.6,16380.0,
2026-09-05T08:48:16.181717+00:00,04_vlm_polymer_bigvlm,2,2,8.5,12.86,30.49,1501.33,NVIDIA GeForce RTX 4060 Ti,50,113.69,89,6838.6,16380.0,
2026-09-05T08:48:26.237523+00:00,04_vlm_polymer_bigvlm,2,2,8.5,12.85,30.49,1501.33,NVIDIA GeForce RTX 4060 Ti,51,117.55,100,6838.6,16380.0,
2026-09-05T08:48:36.297992+00:00,04_vlm_polymer_bigvlm,2,2,8.5,12.86,30.49,1501.33,NVIDIA GeForce RTX 4060 Ti,53,114.66,100,6838.6,16380.0,
2026-09-05T08:48:46.330007+00:00,04_vlm_polymer_bigvlm,2,2,8.5,12.84,30.49,1501.33,NVIDIA GeForce RTX 4060 Ti,46,116.62,64,6838.6,16380.0,
2026-09-05T08:48:56.397186+00:00,04_vlm_polymer_bigvlm,2,2,8.5,12.84,30.49,1501.33,NVIDIA GeForce RTX 4060 Ti,53,119.48,100,6838.6,16380.0,
2026-09-05T08:49:06.418000+00:00,04_vlm_polymer_bigvlm,2,2,8.5,12.84,30.49,1501.33,NVIDIA GeForce RTX 4060 Ti,52,117.42,100,6838.6,16380.0,
2026-09-05T08:49:16.476833+00:00,04_vlm_polymer_bigvlm,2,2,8.5,12.83,30.49,1501.33,NVIDIA GeForce RTX 4060 Ti,47,119.74,89,6838.6,16380.0,
2026-09-05T08:49:26.545023+00:00,04_vlm_polymer_bigvlm,2,2,8.5,12.84,30.49,1501.33,NVIDIA GeForce RTX 4060 Ti,51,114.55,100,6838.6,16380.0,
2026-09-05T08:49:36.612686+00:00,04_vlm_polymer_bigvlm,2,2,8.5,12.84,30.49,1501.33,NVIDIA GeForce RTX 4060 Ti,51,114.47,48,6838.6,16380.0,
2026-09-05T08:49:46.663260+00:00,04_vlm_polymer_bigvlm,2,2,8.5,12.85,30.49,1501.33,NVIDIA GeForce RTX 4060 Ti,52,113.96,26,6838.6,16380.0,
2026-09-05T08:49:56.731749+00:00,04_vlm_polymer_bigvlm,2,2,8.5,12.85,30.49,1501.33,NVIDIA GeForce RTX 4060 Ti,53,114.61,99,6838.6,16380.0,
2026-09-05T08:50:06.786294+00:00,04_vlm_polymer_bigvlm,2,2,8.5,12.83,30.49,1501.33,NVIDIA GeForce RTX 4060 Ti,53,116.12,99,6838.6,16380.0,
2026-09-05T08:50:16.855088+00:00,04_vlm_polymer_bigvlm,2,2,8.5,12.85,30.49,1501.33,NVIDIA GeForce RTX 4060 Ti,52,115.45,51,6838.6,16380.0,
2026-09-05T08:50:26.922885+00:00,04_vlm_polymer_bigvlm,2,2,8.5,12.83,30.49,1501.33,NVIDIA GeForce RTX 4060 Ti,52,115.11,67,6838.6,16380.0,
2026-09-05T08:50:36.989821+00:00,04_vlm_polymer_bigvlm,2,2,8.5,12.83,30.49,1501.33,NVIDIA GeForce RTX 4060 Ti,53,119.68,99,6838.6,16380.0,
2026-09-05T08:50:47.052837+00:00,04_vlm_polymer_bigvlm,2,2,8.5,12.84,30.49,1501.33,NVIDIA GeForce RTX 4060 Ti,47,117.44,48,6838.6,16380.0,
2026-09-05T08:50:57.121811+00:00,04_vlm_polymer_bigvlm,2,2,8.5,12.85,30.49,1501.33,NVIDIA GeForce RTX 4060 Ti,52,115.98,99,6838.6,16380.0,
2026-09-05T08:51:07.184821+00:00,04_vlm_polymer_bigvlm,2,2,8.5,12.83,30.49,1501.33,NVIDIA GeForce RTX 4060 Ti,47,121.16,75,6838.6,16380.0,
2026-09-05T08:51:17.252823+00:00,04_vlm_polymer_bigvlm,2,2,8.5,12.81,30.49,1501.33,NVIDIA GeForce RTX 4060 Ti,51,103.9,51,6838.6,16380.0,
2026-09-05T08:51:27.311874+00:00,04_vlm_polymer_bigvlm,2,2,8.5,12.85,30.49,1501.33,NVIDIA GeForce RTX 4060 Ti,46,102.74,93,6838.6,16380.0,
2026-09-05T08:51:37.350019+00:00,04_vlm_polymer_bigvlm,2,2,8.6,12.83,30.49,1501.33,NVIDIA GeForce RTX 4060 Ti,50,103.17,51,6838.6,16380.0,
2026-09-05T08:51:47.390993+00:00,04_vlm_polymer_bigvlm,2,2,8.7,12.85,30.49,1501.33,NVIDIA GeForce RTX 4060 Ti,50,103.79,61,6838.6,16380.0,
2026-09-05T08:51:57.434927+00:00,04_vlm_polymer_bigvlm,2,2,8.5,12.84,30.49,1501.33,NVIDIA GeForce RTX 4060 Ti,51,116.39,100,6838.6,16380.0,
2026-09-05T08:52:07.453544+00:00,04_vlm_polymer_bigvlm,2,2,8.5,12.83,30.49,1501.33,NVIDIA GeForce RTX 4060 Ti,51,116.86,100,6871.1,16380.0,
2026-09-05T08:52:17.520824+00:00,04_vlm_polymer_bigvlm,2,2,8.6,12.84,30.49,1501.33,NVIDIA GeForce RTX 4060 Ti,52,115.19,40,6871.1,16380.0,
2026-09-05T08:52:27.590309+00:00,04_vlm_polymer_bigvlm,2,2,11.8,12.96,30.49,1501.33,NVIDIA GeForce RTX 4060 Ti,52,117.18,99,6871.1,16380.0,
2026-09-05T08:52:37.649100+00:00,04_vlm_polymer_bigvlm,2,2,15.3,12.78,30.49,1501.33,NVIDIA GeForce RTX 4060 Ti,52,119.77,99,6871.1,16380.0,
2026-09-05T08:52:47.712931+00:00,04_vlm_polymer_bigvlm,2,2,15.3,12.76,30.49,1501.33,NVIDIA GeForce RTX 4060 Ti,52,119.55,95,6871.1,16380.0,
2026-09-05T08:52:57.779930+00:00,04_vlm_polymer_bigvlm,2,2,10.7,12.82,30.49,1501.33,NVIDIA GeForce RTX 4060 Ti,52,113.84,93,6871.1,16380.0,
2026-09-05T08:53:07.848820+00:00,04_vlm_polymer_bigvlm,2,2,8.5,12.83,30.49,1501.33,NVIDIA GeForce RTX 4060 Ti,52,114.72,100,6871.1,16380.0,
2026-09-05T08:53:17.915814+00:00,04_vlm_polymer_bigvlm,2,2,8.6,12.81,30.49,1501.33,NVIDIA GeForce RTX 4060 Ti,47,119.64,100,6871.1,16380.0,
2026-09-05T08:53:27.978827+00:00,04_vlm_polymer_bigvlm,2,2,8.5,12.81,30.49,1501.33,NVIDIA GeForce RTX 4060 Ti,46,117.69,100,6871.1,16380.0,
2026-09-05T08:53:38.010597+00:00,04_vlm_polymer_bigvlm,2,2,8.5,12.81,30.49,1501.33,NVIDIA GeForce RTX 4060 Ti,50,114.05,100,6871.1,16380.0,
2026-09-05T08:53:48.077824+00:00,04_vlm_polymer_bigvlm,2,2,8.5,12.78,30.49,1501.33,NVIDIA GeForce RTX 4060 Ti,49,117.36,100,6871.1,16380.0,
2026-09-05T08:53:58.134826+00:00,04_vlm_polymer_bigvlm,2,2,8.5,12.8,30.49,1501.33,NVIDIA GeForce RTX 4060 Ti,47,116.78,97,6871.1,16380.0,
2026-09-05T08:54:08.177106+00:00,04_vlm_polymer_bigvlm,2,2,8.5,12.78,30.49,1501.33,NVIDIA GeForce RTX 4060 Ti,52,117.01,99,6871.1,16380.0,
2026-09-05T08:54:18.245820+00:00,04_vlm_polymer_bigvlm,2,2,8.5,12.81,30.49,1501.33,NVIDIA GeForce RTX 4060 Ti,53,117.08,100,6871.1,16380.0,
2026-09-05T08:54:28.313827+00:00,04_vlm_polymer_bigvlm,2,2,8.5,12.8,30.49,1501.33,NVIDIA GeForce RTX 4060 Ti,48,115.24,100,6871.1,16380.0,
2026-09-05T08:54:38.380822+00:00,04_vlm_polymer_bigvlm,2,2,8.5,12.82,30.49,1501.33,NVIDIA GeForce RTX 4060 Ti,46,115.14,65,6871.1,16380.0,
2026-09-05T08:54:48.443823+00:00,04_vlm_polymer_bigvlm,2,2,8.5,12.81,30.49,1501.33,NVIDIA GeForce RTX 4060 Ti,51,116.34,68,6871.1,16380.0,
2026-09-05T08:54:58.510837+00:00,04_vlm_polymer_bigvlm,2,2,8.5,12.81,30.49,1501.33,NVIDIA GeForce RTX 4060 Ti,52,115.57,99,6871.1,16380.0,
2026-09-05T08:55:08.579487+00:00,04_vlm_polymer_bigvlm,2,2,8.5,12.82,30.49,1501.33,NVIDIA GeForce RTX 4060 Ti,52,117.68,99,6871.1,16380.0,
2026-09-05T08:55:18.642818+00:00,04_vlm_polymer_bigvlm,2,2,8.6,12.79,30.49,1501.33,NVIDIA GeForce RTX 4060 Ti,51,115.47,72,6871.1,16380.0,
2026-09-05T08:55:28.710824+00:00,04_vlm_polymer_bigvlm,2,2,8.5,12.83,30.49,1501.33,NVIDIA GeForce RTX 4060 Ti,52,116.43,73,6871.1,16380.0,
2026-09-05T08:55:38.777819+00:00,04_vlm_polymer_bigvlm,2,2,8.5,12.83,30.49,1501.33,NVIDIA GeForce RTX 4060 Ti,53,117.23,99,6871.1,16380.0,
2026-09-05T08:55:48.846199+00:00,04_vlm_polymer_bigvlm,2,2,8.5,12.81,30.49,1501.33,NVIDIA GeForce RTX 4060 Ti,46,114.08,100,6871.1,16380.0,
2026-09-05T08:55:58.909832+00:00,04_vlm_polymer_bigvlm,2,2,8.5,12.8,30.49,1501.33,NVIDIA GeForce RTX 4060 Ti,46,119.43,100,6871.1,16380.0,
2026-09-05T08:56:08.944071+00:00,04_vlm_polymer_bigvlm,2,2,8.5,12.81,30.49,1501.33,NVIDIA GeForce RTX 4060 Ti,51,114.68,26,6871.1,16380.0,
2026-09-05T08:56:18.977878+00:00,04_vlm_polymer_bigvlm,2,2,8.5,12.8,30.49,1501.33,NVIDIA GeForce RTX 4060 Ti,51,116.44,14,6871.1,16380.0,
2026-09-05T08:56:29.045824+00:00,04_vlm_polymer_bigvlm,2,2,8.5,12.83,30.49,1501.33,NVIDIA GeForce RTX 4060 Ti,53,117.59,100,6871.1,16380.0,
2026-09-05T08:56:39.114758+00:00,04_vlm_polymer_bigvlm,2,2,8.5,12.84,30.49,1501.33,NVIDIA GeForce RTX 4060 Ti,52,114.49,99,6871.1,16380.0,
2026-09-05T08:56:49.182524+00:00,04_vlm_polymer_bigvlm,2,2,8.7,12.87,30.49,1501.33,NVIDIA GeForce RTX 4060 Ti,53,116.35,100,6871.1,16380.0,
2026-09-05T08:56:59.229627+00:00,04_vlm_polymer_bigvlm,2,2,8.5,12.86,30.49,1501.33,NVIDIA GeForce RTX 4060 Ti,47,119.16,32,6871.1,16380.0,
2026-09-05T08:57:09.266438+00:00,04_vlm_polymer_bigvlm,2,2,8.5,12.85,30.49,1501.33,NVIDIA GeForce RTX 4060 Ti,51,120.67,99,6871.1,16380.0,
2026-09-05T08:57:19.280417+00:00,04_vlm_polymer_bigvlm,2,2,8.5,12.83,30.49,1501.33,NVIDIA GeForce RTX 4060 Ti,52,117.64,100,6871.1,16380.0,
2026-09-05T08:57:29.339007+00:00,04_vlm_polymer_bigvlm,2,2,8.5,12.85,30.49,1501.33,NVIDIA GeForce RTX 4060 Ti,51,119.61,19,6871.1,16380.0,
2026-09-05T08:57:39.402822+00:00,04_vlm_polymer_bigvlm,2,2,8.5,12.85,30.49,1501.33,NVIDIA GeForce RTX 4060 Ti,50,119.36,100,6871.1,16380.0,
2026-09-05T08:57:49.469824+00:00,04_vlm_polymer_bigvlm,2,2,8.5,12.86,30.49,1501.33,NVIDIA GeForce RTX 4060 Ti,51,114.02,37,6871.1,16380.0,
2026-09-05T08:57:59.535120+00:00,04_vlm_polymer_bigvlm,2,2,8.5,12.85,30.49,1501.33,NVIDIA GeForce RTX 4060 Ti,52,115.13,99,6871.1,16380.0,
2026-09-05T08:58:09.602614+00:00,04_vlm_polymer_bigvlm,2,2,8.8,12.88,30.49,1501.33,NVIDIA GeForce RTX 4060 Ti,46,119.75,100,6871.1,16380.0,
2026-09-05T08:58:19.669327+00:00,04_vlm_polymer_bigvlm,2,2,8.6,12.86,30.49,1501.33,NVIDIA GeForce RTX 4060 Ti,46,101.28,86,6871.1,16380.0,
2026-09-05T08:58:29.738165+00:00,04_vlm_polymer_bigvlm,2,2,8.5,12.83,30.49,1501.33,NVIDIA GeForce RTX 4060 Ti,50,100.78,68,6871.1,16380.0,
2026-09-05T08:58:39.805092+00:00,04_vlm_polymer_bigvlm,2,2,8.5,12.81,30.49,1501.33,NVIDIA GeForce RTX 4060 Ti,50,102.74,53,6871.1,16380.0,
2026-09-05T08:58:49.864423+00:00,04_vlm_polymer_bigvlm,2,2,8.5,12.79,30.49,1501.33,NVIDIA GeForce RTX 4060 Ti,50,102.83,62,6871.1,16380.0,
2026-09-05T08:58:59.917158+00:00,04_vlm_polymer_bigvlm,2,2,8.5,12.81,30.49,1501.33,NVIDIA GeForce RTX 4060 Ti,52,115.26,80,6871.1,16380.0,
2026-09-05T08:59:09.938205+00:00,04_vlm_polymer_bigvlm,2,2,8.5,12.81,30.49,1501.33,NVIDIA GeForce RTX 4060 Ti,52,116.56,99,6871.1,16380.0,
2026-09-05T08:59:20.001831+00:00,04_vlm_polymer_bigvlm,2,2,8.6,12.84,30.49,1501.33,NVIDIA GeForce RTX 4060 Ti,46,113.01,100,6871.1,16380.0,
2026-09-05T08:59:30.070889+00:00,04_vlm_polymer_bigvlm,2,2,8.5,12.83,30.49,1501.33,NVIDIA GeForce RTX 4060 Ti,51,117.64,100,6871.1,16380.0,
2026-09-05T08:59:40.138825+00:00,04_vlm_polymer_bigvlm,2,2,8.5,12.83,30.49,1501.33,NVIDIA GeForce RTX 4060 Ti,53,119.82,100,6871.1,16380.0,
2026-09-05T08:59:50.205830+00:00,04_vlm_polymer_bigvlm,2,2,8.5,12.81,30.49,1501.33,NVIDIA GeForce RTX 4060 Ti,47,116.87,90,6871.1,16380.0,
2026-09-05T09:00:00.272821+00:00,04_vlm_polymer_bigvlm,2,2,8.5,12.82,30.49,1501.33,NVIDIA GeForce RTX 4060 Ti,46,116.06,49,6871.1,16380.0,
2026-09-05T09:00:10.317987+00:00,04_vlm_polymer_bigvlm,2,2,8.5,12.81,30.49,1501.33,NVIDIA GeForce RTX 4060 Ti,52,116.89,100,6871.1,16380.0,
2026-09-05T09:00:20.386208+00:00,04_vlm_polymer_bigvlm,2,2,8.6,12.79,30.49,1501.33,NVIDIA GeForce RTX 4060 Ti,47,119.72,98,6871.1,16380.0,
2026-09-05T09:00:30.449826+00:00,04_vlm_polymer_bigvlm,2,2,8.5,12.79,30.49,1501.33,NVIDIA GeForce RTX 4060 Ti,51,114.89,99,6871.1,16380.0,
2026-09-05T09:00:40.516821+00:00,04_vlm_polymer_bigvlm,2,2,8.6,12.8,30.49,1501.33,NVIDIA GeForce RTX 4060 Ti,52,114.14,100,6871.1,16380.0,
2026-09-05T09:00:50.584824+00:00,04_vlm_polymer_bigvlm,2,2,8.5,12.83,30.49,1501.33,NVIDIA GeForce RTX 4060 Ti,53,119.54,100,6871.1,16380.0,
2026-09-05T09:01:00.647830+00:00,04_vlm_polymer_bigvlm,2,2,8.5,12.84,30.49,1501.33,NVIDIA GeForce RTX 4060 Ti,52,119.5,100,6871.1,16380.0,
2026-09-05T09:01:10.714819+00:00,04_vlm_polymer_bigvlm,2,2,8.5,12.82,30.49,1501.33,NVIDIA GeForce RTX 4060 Ti,48,116.31,100,6871.1,16380.0,
2026-09-05T09:01:20.782828+00:00,04_vlm_polymer_bigvlm,2,2,8.6,12.82,30.49,1501.33,NVIDIA GeForce RTX 4060 Ti,51,119.82,13,6871.1,16380.0,
2026-09-05T09:01:30.845824+00:00,04_vlm_polymer_bigvlm,2,2,8.5,12.81,30.49,1501.33,NVIDIA GeForce RTX 4060 Ti,51,117.23,54,6871.1,16380.0,
2026-09-05T09:01:40.914814+00:00,04_vlm_polymer_bigvlm,2,2,8.6,12.81,30.49,1501.33,NVIDIA GeForce RTX 4060 Ti,52,117.35,100,6871.1,16380.0,
2026-09-05T09:01:50.981833+00:00,04_vlm_polymer_bigvlm,2,2,8.7,12.88,30.49,1501.33,NVIDIA GeForce RTX 4060 Ti,49,115.58,100,6839.1,16380.0,
2026-09-05T09:02:01.047840+00:00,04_vlm_polymer_bigvlm,2,2,8.5,12.87,30.49,1501.33,NVIDIA GeForce RTX 4060 Ti,51,113.69,42,6839.1,16380.0,
2026-09-05T09:02:11.115824+00:00,04_vlm_polymer_bigvlm,2,2,8.5,12.87,30.49,1501.33,NVIDIA GeForce RTX 4060 Ti,49,117.63,100,6839.1,16380.0,
2026-09-05T09:02:21.178823+00:00,04_vlm_polymer_bigvlm,2,2,8.6,12.89,30.49,1501.33,NVIDIA GeForce RTX 4060 Ti,46,113.72,77,6839.1,16380.0,
2026-09-05T09:02:31.225938+00:00,04_vlm_polymer_bigvlm,2,2,8.5,12.87,30.49,1501.33,NVIDIA GeForce RTX 4060 Ti,51,114.54,52,6839.1,16380.0,
2026-09-05T09:02:41.294828+00:00,04_vlm_polymer_bigvlm,2,2,8.5,12.87,30.49,1501.33,NVIDIA GeForce RTX 4060 Ti,52,119.39,99,6839.1,16380.0,
2026-09-05T09:02:51.360824+00:00,04_vlm_polymer_bigvlm,2,2,8.5,12.87,30.49,1501.33,NVIDIA GeForce RTX 4060 Ti,52,112.17,100,6839.1,16380.0,
2026-09-05T09:03:01.427828+00:00,04_vlm_polymer_bigvlm,2,2,8.5,12.87,30.49,1501.33,NVIDIA GeForce RTX 4060 Ti,49,113.65,25,6839.1,16380.0,
2026-09-05T09:03:11.492824+00:00,04_vlm_polymer_bigvlm,2,2,8.5,12.86,30.49,1501.33,NVIDIA GeForce RTX 4060 Ti,51,116.0,28,6839.1,16380.0,
2026-09-05T09:03:21.561842+00:00,04_vlm_polymer_bigvlm,2,2,8.6,12.85,30.49,1501.33,NVIDIA GeForce RTX 4060 Ti,51,115.14,36,6839.1,16380.0,
2026-09-05T09:03:31.591360+00:00,04_vlm_polymer_bigvlm,2,2,8.5,12.86,30.49,1501.33,NVIDIA GeForce RTX 4060 Ti,52,115.06,99,6839.1,16380.0,
2026-09-05T09:03:41.626283+00:00,04_vlm_polymer_bigvlm,2,2,8.5,12.85,30.49,1501.33,NVIDIA GeForce RTX 4060 Ti,48,120.4,100,6839.1,16380.0,
2026-09-05T09:03:51.677979+00:00,04_vlm_polymer_bigvlm,2,2,8.5,12.84,30.49,1501.33,NVIDIA GeForce RTX 4060 Ti,51,115.11,84,6839.1,16380.0,
2026-09-05T09:04:01.702831+00:00,04_vlm_polymer_bigvlm,2,2,8.5,12.85,30.49,1501.33,NVIDIA GeForce RTX 4060 Ti,52,118.67,51,6838.6,16380.0,
2026-09-05T09:04:11.727389+00:00,04_vlm_polymer_bigvlm,2,2,8.5,12.84,30.49,1501.33,NVIDIA GeForce RTX 4060 Ti,52,115.13,70,6838.6,16380.0,
2026-09-05T09:04:21.751230+00:00,04_vlm_polymer_bigvlm,2,2,8.6,12.85,30.49,1501.33,NVIDIA GeForce RTX 4060 Ti,47,114.6,100,6838.6,16380.0,
2026-09-05T09:04:31.805506+00:00,04_vlm_polymer_bigvlm,2,2,8.5,12.86,30.49,1501.33,NVIDIA GeForce RTX 4060 Ti,52,117.45,21,6838.6,16380.0,
2026-09-05T09:04:41.864722+00:00,04_vlm_polymer_bigvlm,2,2,8.5,12.86,30.49,1501.33,NVIDIA GeForce RTX 4060 Ti,52,115.91,32,6838.6,16380.0,
2026-09-05T09:04:51.917139+00:00,04_vlm_polymer_bigvlm,2,2,8.5,12.85,30.49,1501.33,NVIDIA GeForce RTX 4060 Ti,53,117.96,100,6838.6,16380.0,
2026-09-05T09:05:01.947154+00:00,04_vlm_polymer_bigvlm,2,2,8.5,12.86,30.49,1501.33,NVIDIA GeForce RTX 4060 Ti,49,112.31,47,6838.6,16380.0,
2026-09-05T09:05:11.979908+00:00,04_vlm_polymer_bigvlm,2,2,8.6,12.87,30.49,1501.33,NVIDIA GeForce RTX 4060 Ti,51,118.79,22,6838.6,16380.0,
2026-09-05T09:05:22.040377+00:00,04_vlm_polymer_bigvlm,2,2,8.6,12.88,30.49,1501.33,NVIDIA GeForce RTX 4060 Ti,49,102.92,58,6838.6,16380.0,
2026-09-05T09:05:32.106822+00:00,04_vlm_polymer_bigvlm,2,2,8.5,12.85,30.49,1501.33,NVIDIA GeForce RTX 4060 Ti,50,102.47,55,6838.6,16380.0,
2026-09-05T09:05:42.173816+00:00,04_vlm_polymer_bigvlm,2,2,8.5,12.86,30.49,1501.33,NVIDIA GeForce RTX 4060 Ti,45,102.95,69,6838.6,16380.0,
2026-09-05T09:05:52.234849+00:00,04_vlm_polymer_bigvlm,2,2,7.3,12.88,30.49,1501.33,NVIDIA GeForce RTX 4060 Ti,40,38.69,0,6536.6,16380.0,
2026-09-05T09:06:02.277621+00:00,04_vlm_polymer_bigvlm,2,2,8.3,12.92,30.49,1501.33,NVIDIA GeForce RTX 4060 Ti,49,105.51,92,10708.6,16380.0,
2026-09-05T09:06:12.344832+00:00,04_vlm_polymer_bigvlm,2,2,8.5,12.92,30.49,1501.33,NVIDIA GeForce RTX 4060 Ti,47,104.03,77,10708.6,16380.0,
2026-09-05T09:06:22.413676+00:00,04_vlm_polymer_bigvlm,2,2,8.6,12.9,30.49,1501.33,NVIDIA GeForce RTX 4060 Ti,48,105.3,68,10708.6,16380.0,
2026-09-05T09:06:32.458815+00:00,04_vlm_polymer_bigvlm,3,3,7.5,11.79,30.49,1501.33,NVIDIA GeForce RTX 4060 Ti,38,39.45,0,6320.6,16380.0,
2026-09-05T09:06:42.492826+00:00,04_vlm_polymer_bigvlm,3,3,9.1,12.84,30.49,1501.33,NVIDIA GeForce RTX 4060 Ti,51,118.16,100,6838.6,16380.0,
2026-09-05T09:06:52.528977+00:00,04_vlm_polymer_bigvlm,3,3,8.6,12.89,30.49,1501.33,NVIDIA GeForce RTX 4060 Ti,52,121.07,100,6838.6,16380.0,
2026-09-05T09:07:02.570077+00:00,04_vlm_polymer_bigvlm,3,3,8.5,12.89,30.49,1501.33,NVIDIA GeForce RTX 4060 Ti,51,118.62,99,6838.6,16380.0,
2026-09-05T09:07:12.613110+00:00,04_vlm_polymer_bigvlm,3,3,8.5,12.87,30.49,1501.33,NVIDIA GeForce RTX 4060 Ti,46,119.89,100,6838.6,16380.0,
2026-09-05T09:07:22.652675+00:00,04_vlm_polymer_bigvlm,3,3,8.6,12.85,30.49,1501.33,NVIDIA GeForce RTX 4060 Ti,47,117.61,100,6838.6,16380.0,
2026-09-05T09:07:32.670849+00:00,04_vlm_polymer_bigvlm,3,3,8.5,12.86,30.49,1501.33,NVIDIA GeForce RTX 4060 Ti,51,119.48,99,6838.6,16380.0,
2026-09-05T09:07:42.700780+00:00,04_vlm_polymer_bigvlm,3,3,8.5,12.87,30.49,1501.33,NVIDIA GeForce RTX 4060 Ti,52,119.33,77,6838.6,16380.0,
2026-09-05T09:07:52.715894+00:00,04_vlm_polymer_bigvlm,3,3,8.5,12.87,30.49,1501.33,NVIDIA GeForce RTX 4060 Ti,52,119.79,66,6838.6,16380.0,
2026-09-05T09:08:02.738789+00:00,04_vlm_polymer_bigvlm,3,3,8.5,12.87,30.49,1501.33,NVIDIA GeForce RTX 4060 Ti,52,119.91,21,6838.6,16380.0,
2026-09-05T09:08:12.790768+00:00,04_vlm_polymer_bigvlm,3,3,8.5,12.86,30.49,1501.33,NVIDIA GeForce RTX 4060 Ti,52,119.58,43,6838.6,16380.0,
2026-09-05T09:08:22.817845+00:00,04_vlm_polymer_bigvlm,3,3,8.5,12.87,30.49,1501.33,NVIDIA GeForce RTX 4060 Ti,52,117.78,47,6838.6,16380.0,
2026-09-05T09:08:32.885823+00:00,04_vlm_polymer_bigvlm,3,3,8.5,12.85,30.49,1501.33,NVIDIA GeForce RTX 4060 Ti,52,117.55,25,6838.6,16380.0,
2026-09-05T09:08:42.953826+00:00,04_vlm_polymer_bigvlm,3,3,8.5,12.82,30.49,1501.33,NVIDIA GeForce RTX 4060 Ti,52,118.57,49,6838.6,16380.0,
2026-09-05T09:08:53.020819+00:00,04_vlm_polymer_bigvlm,3,3,8.5,12.85,30.49,1501.33,NVIDIA GeForce RTX 4060 Ti,53,120.12,43,6838.6,16380.0,
2026-09-05T09:09:03.083821+00:00,04_vlm_polymer_bigvlm,3,3,8.5,12.87,30.49,1501.33,NVIDIA GeForce RTX 4060 Ti,53,119.99,74,6838.6,16380.0,
2026-09-05T09:09:13.150845+00:00,04_vlm_polymer_bigvlm,3,3,8.6,12.85,30.49,1501.33,NVIDIA GeForce RTX 4060 Ti,52,119.31,100,6838.6,16380.0,
2026-09-05T09:09:23.213906+00:00,04_vlm_polymer_bigvlm,3,3,8.5,12.85,30.49,1501.33,NVIDIA GeForce RTX 4060 Ti,52,116.86,100,6838.6,16380.0,
2026-09-05T09:09:33.249704+00:00,04_vlm_polymer_bigvlm,3,3,8.5,12.85,30.49,1501.33,NVIDIA GeForce RTX 4060 Ti,53,118.12,92,6838.6,16380.0,
2026-09-05T09:09:43.316831+00:00,04_vlm_polymer_bigvlm,3,3,8.5,12.84,30.49,1501.32,NVIDIA GeForce RTX 4060 Ti,53,118.03,100,6838.6,16380.0,
2026-09-05T09:09:53.379772+00:00,04_vlm_polymer_bigvlm,3,3,8.5,12.86,30.49,1501.32,NVIDIA GeForce RTX 4060 Ti,53,121.44,100,6838.6,16380.0,
2026-09-05T09:10:03.447725+00:00,04_vlm_polymer_bigvlm,3,3,8.5,12.85,30.49,1501.32,NVIDIA GeForce RTX 4060 Ti,53,120.61,100,6838.6,16380.0,
2026-09-05T09:10:13.515818+00:00,04_vlm_polymer_bigvlm,3,3,8.5,12.86,30.49,1501.32,NVIDIA GeForce RTX 4060 Ti,53,117.8,100,6838.6,16380.0,
2026-09-05T09:10:23.580815+00:00,04_vlm_polymer_bigvlm,3,3,8.5,12.85,30.49,1501.32,NVIDIA GeForce RTX 4060 Ti,52,118.6,100,6838.6,16380.0,
2026-09-05T09:10:33.644599+00:00,04_vlm_polymer_bigvlm,3,3,8.5,12.85,30.49,1501.32,NVIDIA GeForce RTX 4060 Ti,52,107.7,80,6838.6,16380.0,
2026-09-05T09:10:43.711820+00:00,04_vlm_polymer_bigvlm,3,3,8.5,12.83,30.49,1501.32,NVIDIA GeForce RTX 4060 Ti,52,118.99,58,6838.6,16380.0,
2026-09-05T09:10:53.779820+00:00,04_vlm_polymer_bigvlm,3,3,8.8,12.85,30.49,1501.32,NVIDIA GeForce RTX 4060 Ti,52,116.47,90,6838.6,16380.0,
2026-09-05T09:11:03.848360+00:00,04_vlm_polymer_bigvlm,3,3,8.5,12.84,30.49,1501.32,NVIDIA GeForce RTX 4060 Ti,51,116.94,100,6838.6,16380.0,
2026-09-05T09:11:13.896574+00:00,04_vlm_polymer_bigvlm,3,3,8.6,12.82,30.49,1501.32,NVIDIA GeForce RTX 4060 Ti,53,118.17,99,6838.6,16380.0,
2026-09-05T09:11:23.933875+00:00,04_vlm_polymer_bigvlm,3,3,8.5,12.85,30.49,1501.32,NVIDIA GeForce RTX 4060 Ti,53,118.31,99,6838.6,16380.0,
2026-09-05T09:11:34.000819+00:00,04_vlm_polymer_bigvlm,3,3,8.5,12.83,30.49,1501.32,NVIDIA GeForce RTX 4060 Ti,53,118.09,99,6838.6,16380.0,
2026-09-05T09:11:44.065581+00:00,04_vlm_polymer_bigvlm,3,3,8.5,12.82,30.49,1501.32,NVIDIA GeForce RTX 4060 Ti,52,117.47,23,6838.6,16380.0,
2026-09-05T09:11:54.111602+00:00,04_vlm_polymer_bigvlm,3,3,8.7,12.88,30.49,1501.32,NVIDIA GeForce RTX 4060 Ti,52,117.25,47,6838.6,16380.0,
2026-09-05T09:12:04.179820+00:00,04_vlm_polymer_bigvlm,3,3,8.5,12.84,30.49,1501.32,NVIDIA GeForce RTX 4060 Ti,52,116.65,99,6838.6,16380.0,
2026-09-05T09:12:14.247822+00:00,04_vlm_polymer_bigvlm,3,3,8.5,12.85,30.49,1501.32,NVIDIA GeForce RTX 4060 Ti,52,119.69,99,6838.6,16380.0,
2026-09-05T09:12:24.311457+00:00,04_vlm_polymer_bigvlm,3,3,8.5,12.85,30.49,1501.32,NVIDIA GeForce RTX 4060 Ti,52,119.65,39,6838.6,16380.0,
2026-09-05T09:12:34.375821+00:00,04_vlm_polymer_bigvlm,3,3,8.6,12.85,30.49,1501.32,NVIDIA GeForce RTX 4060 Ti,52,119.23,78,6838.6,16380.0,
2026-09-05T09:12:44.443820+00:00,04_vlm_polymer_bigvlm,3,3,8.5,12.87,30.49,1501.32,NVIDIA GeForce RTX 4060 Ti,52,119.89,63,6838.6,16380.0,
2026-09-05T09:12:54.510821+00:00,04_vlm_polymer_bigvlm,3,3,8.5,12.95,30.49,1501.32,NVIDIA GeForce RTX 4060 Ti,51,103.43,50,6838.6,16380.0,
2026-09-05T09:13:04.577823+00:00,04_vlm_polymer_bigvlm,3,3,8.5,12.92,30.49,1501.32,NVIDIA GeForce RTX 4060 Ti,49,103.28,77,6838.6,16380.0,
2026-09-05T09:13:14.644821+00:00,04_vlm_polymer_bigvlm,3,3,8.5,12.93,30.49,1501.32,NVIDIA GeForce RTX 4060 Ti,50,103.93,93,6838.6,16380.0,
2026-09-05T09:13:24.708816+00:00,04_vlm_polymer_bigvlm,3,3,8.2,12.94,30.49,1501.29,NVIDIA GeForce RTX 4060 Ti,49,119.88,100,6838.6,16380.0,
2026-09-05T09:13:34.776820+00:00,04_vlm_polymer_bigvlm,3,3,8.5,12.92,30.49,1501.29,NVIDIA GeForce RTX 4060 Ti,52,115.96,100,6838.6,16380.0,
2026-09-05T09:13:44.843818+00:00,04_vlm_polymer_bigvlm,3,3,8.5,12.93,30.49,1501.29,NVIDIA GeForce RTX 4060 Ti,47,115.86,100,6838.6,16380.0,
2026-09-05T09:13:54.869025+00:00,04_vlm_polymer_bigvlm,3,3,8.5,12.91,30.49,1501.29,NVIDIA GeForce RTX 4060 Ti,52,117.38,93,6838.6,16380.0,
2026-09-05T09:14:04.936519+00:00,04_vlm_polymer_bigvlm,3,3,8.5,12.91,30.49,1501.29,NVIDIA GeForce RTX 4060 Ti,50,114.68,46,6838.6,16380.0,
2026-09-05T09:14:15.004415+00:00,04_vlm_polymer_bigvlm,3,3,8.5,12.92,30.49,1501.29,NVIDIA GeForce RTX 4060 Ti,51,116.2,25,6838.6,16380.0,
2026-09-05T09:14:25.071657+00:00,04_vlm_polymer_bigvlm,3,3,8.5,12.94,30.49,1501.29,NVIDIA GeForce RTX 4060 Ti,53,119.77,100,6838.6,16380.0,
2026-09-05T09:14:35.122015+00:00,04_vlm_polymer_bigvlm,3,3,8.5,12.94,30.49,1501.29,NVIDIA GeForce RTX 4060 Ti,51,116.2,39,6838.6,16380.0,
2026-09-05T09:14:45.190836+00:00,04_vlm_polymer_bigvlm,3,3,8.5,12.94,30.49,1501.29,NVIDIA GeForce RTX 4060 Ti,52,118.47,44,6838.6,16380.0,
2026-09-05T09:14:55.260024+00:00,04_vlm_polymer_bigvlm,3,3,8.5,12.94,30.49,1501.29,NVIDIA GeForce RTX 4060 Ti,52,116.68,100,6838.6,16380.0,
2026-09-05T09:15:05.297823+00:00,04_vlm_polymer_bigvlm,3,3,8.5,12.91,30.49,1501.29,NVIDIA GeForce RTX 4060 Ti,52,116.96,100,6838.6,16380.0,
2026-09-05T09:15:15.347709+00:00,04_vlm_polymer_bigvlm,3,3,8.5,12.92,30.49,1501.29,NVIDIA GeForce RTX 4060 Ti,52,119.2,93,6838.6,16380.0,
2026-09-05T09:15:25.413819+00:00,04_vlm_polymer_bigvlm,3,3,8.5,12.93,30.49,1501.29,NVIDIA GeForce RTX 4060 Ti,52,119.05,100,6838.6,16380.0,
2026-09-05T09:15:35.481820+00:00,04_vlm_polymer_bigvlm,3,3,8.5,12.93,30.49,1501.29,NVIDIA GeForce RTX 4060 Ti,46,114.93,76,6838.6,16380.0,
2026-09-05T09:15:45.533841+00:00,04_vlm_polymer_bigvlm,3,3,8.5,12.93,30.49,1501.29,NVIDIA GeForce RTX 4060 Ti,49,117.16,37,6838.6,16380.0,
2026-09-05T09:15:55.592726+00:00,04_vlm_polymer_bigvlm,3,3,8.5,12.92,30.49,1501.29,NVIDIA GeForce RTX 4060 Ti,52,116.4,98,6838.6,16380.0,
2026-09-05T09:16:05.632412+00:00,04_vlm_polymer_bigvlm,3,3,8.5,12.92,30.49,1501.29,NVIDIA GeForce RTX 4060 Ti,53,118.38,100,6838.6,16380.0,
2026-09-05T09:16:15.699823+00:00,04_vlm_polymer_bigvlm,3,3,8.6,12.91,30.49,1501.29,NVIDIA GeForce RTX 4060 Ti,51,116.0,100,6838.6,16380.0,
2026-09-05T09:16:25.767828+00:00,04_vlm_polymer_bigvlm,3,3,8.5,12.92,30.49,1501.29,NVIDIA GeForce RTX 4060 Ti,52,116.07,83,6838.6,16380.0,
2026-09-05T09:16:35.834817+00:00,04_vlm_polymer_bigvlm,3,3,8.5,12.91,30.49,1501.29,NVIDIA GeForce RTX 4060 Ti,46,115.36,100,6838.6,16380.0,
2026-09-05T09:16:45.902822+00:00,04_vlm_polymer_bigvlm,3,3,8.5,12.93,30.49,1501.29,NVIDIA GeForce RTX 4060 Ti,53,116.63,78,6838.6,16380.0,
2026-09-05T09:16:55.970825+00:00,04_vlm_polymer_bigvlm,3,3,8.7,12.94,30.49,1501.29,NVIDIA GeForce RTX 4060 Ti,52,117.2,67,6838.6,16380.0,
2026-09-05T09:17:06.038840+00:00,04_vlm_polymer_bigvlm,3,3,8.5,12.94,30.49,1501.29,NVIDIA GeForce RTX 4060 Ti,53,118.51,99,6838.6,16380.0,
2026-09-05T09:17:16.101833+00:00,04_vlm_polymer_bigvlm,3,3,8.5,12.91,30.49,1501.29,NVIDIA GeForce RTX 4060 Ti,49,113.45,100,6838.6,16380.0,
2026-09-05T09:17:26.168827+00:00,04_vlm_polymer_bigvlm,3,3,8.5,12.91,30.49,1501.29,NVIDIA GeForce RTX 4060 Ti,53,118.85,100,6838.6,16380.0,
2026-09-05T09:17:36.208107+00:00,04_vlm_polymer_bigvlm,3,3,8.5,12.91,30.49,1501.29,NVIDIA GeForce RTX 4060 Ti,47,115.53,96,6838.6,16380.0,
2026-09-05T09:17:46.233895+00:00,04_vlm_polymer_bigvlm,3,3,8.5,12.89,30.49,1501.29,NVIDIA GeForce RTX 4060 Ti,52,115.89,71,6838.6,16380.0,
2026-09-05T09:17:56.294598+00:00,04_vlm_polymer_bigvlm,3,3,8.5,12.91,30.49,1501.29,NVIDIA GeForce RTX 4060 Ti,48,117.48,28,6838.6,16380.0,
2026-09-05T09:18:06.362827+00:00,04_vlm_polymer_bigvlm,3,3,8.5,12.9,30.49,1501.29,NVIDIA GeForce RTX 4060 Ti,52,116.23,99,6838.6,16380.0,
2026-09-05T09:18:16.418257+00:00,04_vlm_polymer_bigvlm,3,3,8.5,12.9,30.49,1501.29,NVIDIA GeForce RTX 4060 Ti,52,118.46,100,6838.6,16380.0,
2026-09-05T09:18:26.484820+00:00,04_vlm_polymer_bigvlm,3,3,8.5,12.9,30.49,1501.29,NVIDIA GeForce RTX 4060 Ti,52,114.38,100,6838.6,16380.0,
2026-09-05T09:18:36.545893+00:00,04_vlm_polymer_bigvlm,3,3,8.5,12.89,30.49,1501.29,NVIDIA GeForce RTX 4060 Ti,50,116.65,22,6838.6,16380.0,
2026-09-05T09:18:46.613056+00:00,04_vlm_polymer_bigvlm,3,3,8.5,12.9,30.49,1501.29,NVIDIA GeForce RTX 4060 Ti,52,114.47,100,6838.6,16380.0,
2026-09-05T09:18:56.643336+00:00,04_vlm_polymer_bigvlm,3,3,8.5,12.9,30.49,1501.29,NVIDIA GeForce RTX 4060 Ti,53,115.69,44,6838.6,16380.0,
2026-09-05T09:19:06.710818+00:00,04_vlm_polymer_bigvlm,3,3,8.5,12.89,30.49,1501.29,NVIDIA GeForce RTX 4060 Ti,53,118.9,99,6838.6,16380.0,
2026-09-05T09:19:16.773823+00:00,04_vlm_polymer_bigvlm,3,3,8.5,12.9,30.49,1501.29,NVIDIA GeForce RTX 4060 Ti,46,115.04,100,6838.6,16380.0,
2026-09-05T09:19:26.840824+00:00,04_vlm_polymer_bigvlm,3,3,8.5,12.91,30.49,1501.29,NVIDIA GeForce RTX 4060 Ti,52,115.17,58,6838.6,16380.0,
2026-09-05T09:19:36.907819+00:00,04_vlm_polymer_bigvlm,3,3,8.5,12.9,30.49,1501.29,NVIDIA GeForce RTX 4060 Ti,51,119.58,100,6838.6,16380.0,
2026-09-05T09:19:46.972814+00:00,04_vlm_polymer_bigvlm,3,3,8.5,12.9,30.49,1501.29,NVIDIA GeForce RTX 4060 Ti,48,103.25,56,6838.6,16380.0,
2026-09-05T09:19:57.031513+00:00,04_vlm_polymer_bigvlm,3,3,8.5,12.89,30.49,1501.29,NVIDIA GeForce RTX 4060 Ti,51,102.95,49,6838.6,16380.0,
2026-09-05T09:20:07.066951+00:00,04_vlm_polymer_bigvlm,3,3,8.5,12.91,30.49,1501.29,NVIDIA GeForce RTX 4060 Ti,48,102.56,95,6838.6,16380.0,
2026-09-05T09:20:17.093863+00:00,04_vlm_polymer_bigvlm,3,3,8.5,12.92,30.49,1501.29,NVIDIA GeForce RTX 4060 Ti,49,103.17,93,6838.6,16380.0,
2026-09-05T09:20:27.160819+00:00,04_vlm_polymer_bigvlm,3,3,8.1,12.89,30.49,1501.29,NVIDIA GeForce RTX 4060 Ti,51,102.25,99,6838.6,16380.0,
2026-09-05T09:20:37.226817+00:00,04_vlm_polymer_bigvlm,3,3,8.5,12.9,30.49,1501.29,NVIDIA GeForce RTX 4060 Ti,52,117.1,100,6838.6,16380.0,
2026-09-05T09:20:47.286218+00:00,04_vlm_polymer_bigvlm,3,3,8.5,12.91,30.49,1501.29,NVIDIA GeForce RTX 4060 Ti,50,115.71,16,6838.6,16380.0,
2026-09-05T09:20:57.354827+00:00,04_vlm_polymer_bigvlm,3,3,8.5,12.89,30.49,1501.29,NVIDIA GeForce RTX 4060 Ti,52,119.8,99,6838.6,16380.0,
2026-09-05T09:21:07.380608+00:00,04_vlm_polymer_bigvlm,3,3,8.5,12.94,30.49,1501.29,NVIDIA GeForce RTX 4060 Ti,52,116.22,100,6838.6,16380.0,
2026-09-05T09:21:17.429482+00:00,04_vlm_polymer_bigvlm,3,3,8.5,12.9,30.49,1501.29,NVIDIA GeForce RTX 4060 Ti,49,117.67,28,6838.6,16380.0,
2026-09-05T09:21:27.446392+00:00,04_vlm_polymer_bigvlm,3,3,8.5,12.91,30.49,1501.29,NVIDIA GeForce RTX 4060 Ti,52,115.79,99,6838.6,16380.0,
2026-09-05T09:21:37.470877+00:00,04_vlm_polymer_bigvlm,3,3,8.5,12.92,30.49,1501.29,NVIDIA GeForce RTX 4060 Ti,52,116.68,100,6838.6,16380.0,
2026-09-05T09:21:47.527835+00:00,04_vlm_polymer_bigvlm,3,3,8.5,12.91,30.49,1501.29,NVIDIA GeForce RTX 4060 Ti,48,113.95,43,6838.6,16380.0,
2026-09-05T09:21:57.595820+00:00,04_vlm_polymer_bigvlm,3,3,8.6,12.96,30.49,1501.29,NVIDIA GeForce RTX 4060 Ti,52,114.27,99,6838.6,16380.0,
2026-09-05T09:22:07.664823+00:00,04_vlm_polymer_bigvlm,3,3,8.5,12.92,30.49,1501.29,NVIDIA GeForce RTX 4060 Ti,51,119.2,48,6838.6,16380.0,
2026-09-05T09:22:17.729712+00:00,04_vlm_polymer_bigvlm,3,3,8.6,12.91,30.49,1501.29,NVIDIA GeForce RTX 4060 Ti,52,118.55,99,6838.6,16380.0,
2026-09-05T09:22:27.792835+00:00,04_vlm_polymer_bigvlm,3,3,10.6,12.87,30.49,1501.29,NVIDIA GeForce RTX 4060 Ti,53,113.76,100,6838.6,16380.0,
2026-09-05T09:22:37.859824+00:00,04_vlm_polymer_bigvlm,3,3,14.5,12.94,30.49,1501.29,NVIDIA GeForce RTX 4060 Ti,46,114.14,85,6838.6,16380.0,
2026-09-05T09:22:47.926840+00:00,04_vlm_polymer_bigvlm,3,3,14.5,12.9,30.49,1501.29,NVIDIA GeForce RTX 4060 Ti,48,113.78,100,6838.6,16380.0,
2026-09-05T09:22:57.987001+00:00,04_vlm_polymer_bigvlm,3,3,10.3,13.03,30.49,1501.29,NVIDIA GeForce RTX 4060 Ti,51,117.27,28,6838.6,16380.0,
2026-09-05T09:23:08.054813+00:00,04_vlm_polymer_bigvlm,3,3,8.5,13.02,30.49,1501.29,NVIDIA GeForce RTX 4060 Ti,52,117.06,99,6838.6,16380.0,
2026-09-05T09:23:18.122830+00:00,04_vlm_polymer_bigvlm,3,3,8.6,13.03,30.49,1501.29,NVIDIA GeForce RTX 4060 Ti,52,116.32,78,6838.6,16380.0,
2026-09-05T09:23:28.185827+00:00,04_vlm_polymer_bigvlm,3,3,8.5,13.04,30.49,1501.29,NVIDIA GeForce RTX 4060 Ti,52,118.98,92,6838.6,16380.0,
2026-09-05T09:23:38.251822+00:00,04_vlm_polymer_bigvlm,3,3,8.5,13.03,30.49,1501.29,NVIDIA GeForce RTX 4060 Ti,52,118.43,100,6838.6,16380.0,
2026-09-05T09:23:48.315834+00:00,04_vlm_polymer_bigvlm,3,3,8.5,13.03,30.49,1501.29,NVIDIA GeForce RTX 4060 Ti,48,114.92,100,6838.6,16380.0,
2026-09-05T09:23:58.377914+00:00,04_vlm_polymer_bigvlm,3,3,8.5,13.03,30.49,1501.29,NVIDIA GeForce RTX 4060 Ti,52,119.43,96,6838.6,16380.0,
2026-09-05T09:24:08.440820+00:00,04_vlm_polymer_bigvlm,3,3,8.5,13.03,30.49,1501.29,NVIDIA GeForce RTX 4060 Ti,53,115.31,100,6838.6,16380.0,
2026-09-05T09:24:18.507824+00:00,04_vlm_polymer_bigvlm,3,3,8.6,13.02,30.49,1501.29,NVIDIA GeForce RTX 4060 Ti,51,114.02,100,6838.6,16380.0,
2026-09-05T09:24:28.575700+00:00,04_vlm_polymer_bigvlm,3,3,8.5,13.02,30.49,1501.29,NVIDIA GeForce RTX 4060 Ti,51,117.35,34,6838.6,16380.0,
2026-09-05T09:24:38.599420+00:00,04_vlm_polymer_bigvlm,3,3,8.8,13.01,30.49,1501.29,NVIDIA GeForce RTX 4060 Ti,52,117.74,100,6838.6,16380.0,
2026-09-05T09:24:48.667850+00:00,04_vlm_polymer_bigvlm,3,3,8.5,13.03,30.49,1501.29,NVIDIA GeForce RTX 4060 Ti,48,117.05,100,6838.6,16380.0,
2026-09-05T09:24:58.735824+00:00,04_vlm_polymer_bigvlm,3,3,8.5,13.02,30.49,1501.29,NVIDIA GeForce RTX 4060 Ti,51,115.62,83,6838.6,16380.0,
2026-09-05T09:25:08.804829+00:00,04_vlm_polymer_bigvlm,3,3,8.5,13.0,30.49,1501.29,NVIDIA GeForce RTX 4060 Ti,53,113.82,73,6838.6,16380.0,
2026-09-05T09:25:18.870821+00:00,04_vlm_polymer_bigvlm,3,3,8.6,12.99,30.49,1501.29,NVIDIA GeForce RTX 4060 Ti,52,113.73,100,6838.6,16380.0,
2026-09-05T09:25:28.937831+00:00,04_vlm_polymer_bigvlm,3,3,8.5,12.99,30.49,1501.29,NVIDIA GeForce RTX 4060 Ti,51,119.91,100,6838.6,16380.0,
2026-09-05T09:25:39.000821+00:00,04_vlm_polymer_bigvlm,3,3,8.5,12.98,30.49,1501.29,NVIDIA GeForce RTX 4060 Ti,53,117.92,87,6838.6,16380.0,
2026-09-05T09:25:49.057058+00:00,04_vlm_polymer_bigvlm,3,3,8.5,12.99,30.49,1501.29,NVIDIA GeForce RTX 4060 Ti,50,119.22,100,6838.6,16380.0,
2026-09-05T09:25:59.119819+00:00,04_vlm_polymer_bigvlm,3,3,8.5,12.97,30.49,1501.29,NVIDIA GeForce RTX 4060 Ti,52,117.7,72,6838.6,16380.0,
2026-09-05T09:26:09.187819+00:00,04_vlm_polymer_bigvlm,3,3,8.5,12.97,30.49,1501.29,NVIDIA GeForce RTX 4060 Ti,50,117.66,100,6838.6,16380.0,
2026-09-05T09:26:19.254818+00:00,04_vlm_polymer_bigvlm,3,3,8.6,12.98,30.49,1501.29,NVIDIA GeForce RTX 4060 Ti,50,115.58,17,6838.6,16380.0,
2026-09-05T09:26:29.321822+00:00,04_vlm_polymer_bigvlm,3,3,8.5,12.96,30.49,1501.29,NVIDIA GeForce RTX 4060 Ti,52,115.44,100,6838.6,16380.0,
2026-09-05T09:26:39.388839+00:00,04_vlm_polymer_bigvlm,3,3,8.5,12.99,30.49,1501.29,NVIDIA GeForce RTX 4060 Ti,47,116.4,30,6838.6,16380.0,
2026-09-05T09:26:49.456821+00:00,04_vlm_polymer_bigvlm,3,3,8.5,12.99,30.49,1501.29,NVIDIA GeForce RTX 4060 Ti,47,102.68,54,6838.6,16380.0,
2026-09-05T09:26:59.519824+00:00,04_vlm_polymer_bigvlm,3,3,8.7,13.01,30.49,1501.29,NVIDIA GeForce RTX 4060 Ti,50,102.39,82,6838.6,16380.0,
2026-09-05T09:27:09.585839+00:00,04_vlm_polymer_bigvlm,3,3,8.5,12.96,30.49,1501.29,NVIDIA GeForce RTX 4060 Ti,45,102.6,62,6838.6,16380.0,
2026-09-05T09:27:19.652816+00:00,04_vlm_polymer_bigvlm,3,3,8.3,13.0,30.49,1501.29,NVIDIA GeForce RTX 4060 Ti,50,113.96,100,6838.6,16380.0,
2026-09-05T09:27:29.719836+00:00,04_vlm_polymer_bigvlm,3,3,8.5,13.0,30.49,1501.29,NVIDIA GeForce RTX 4060 Ti,52,118.46,100,6838.6,16380.0,
2026-09-05T09:27:39.783481+00:00,04_vlm_polymer_bigvlm,3,3,8.5,12.99,30.49,1501.29,NVIDIA GeForce RTX 4060 Ti,51,117.84,45,6838.6,16380.0,
2026-09-05T09:27:49.850836+00:00,04_vlm_polymer_bigvlm,3,3,8.5,12.97,30.49,1501.29,NVIDIA GeForce RTX 4060 Ti,52,116.3,45,6838.6,16380.0,
2026-09-05T09:27:59.913831+00:00,04_vlm_polymer_bigvlm,3,3,8.5,12.99,30.49,1501.29,NVIDIA GeForce RTX 4060 Ti,53,119.73,99,6838.6,16380.0,
2026-09-05T09:28:09.981823+00:00,04_vlm_polymer_bigvlm,3,3,8.5,13.0,30.49,1501.29,NVIDIA GeForce RTX 4060 Ti,47,114.67,100,6838.6,16380.0,
2026-09-05T09:28:20.050834+00:00,04_vlm_polymer_bigvlm,3,3,8.6,13.02,30.49,1501.29,NVIDIA GeForce RTX 4060 Ti,51,112.46,100,6838.6,16380.0,
2026-09-05T09:28:30.118821+00:00,04_vlm_polymer_bigvlm,3,3,8.5,13.03,30.49,1501.29,NVIDIA GeForce RTX 4060 Ti,52,115.68,31,6838.6,16380.0,
2026-09-05T09:28:40.186841+00:00,04_vlm_polymer_bigvlm,3,3,8.5,13.03,30.49,1501.29,NVIDIA GeForce RTX 4060 Ti,53,119.91,75,6838.6,16380.0,
2026-09-05T09:28:50.249827+00:00,04_vlm_polymer_bigvlm,3,3,8.5,13.03,30.49,1501.29,NVIDIA GeForce RTX 4060 Ti,52,118.3,94,6838.6,16380.0,
2026-09-05T09:29:00.317820+00:00,04_vlm_polymer_bigvlm,3,3,8.5,13.03,30.49,1501.29,NVIDIA GeForce RTX 4060 Ti,53,120.82,100,6838.6,16380.0,
2026-09-05T09:29:10.385826+00:00,04_vlm_polymer_bigvlm,3,3,8.5,13.0,30.49,1501.29,NVIDIA GeForce RTX 4060 Ti,51,114.42,13,6838.6,16380.0,
2026-09-05T09:29:20.453816+00:00,04_vlm_polymer_bigvlm,3,3,8.6,13.01,30.49,1501.29,NVIDIA GeForce RTX 4060 Ti,52,119.31,100,6838.6,16380.0,
2026-09-05T09:29:30.521831+00:00,04_vlm_polymer_bigvlm,3,3,8.5,13.02,30.49,1501.29,NVIDIA GeForce RTX 4060 Ti,52,118.47,62,6838.6,16380.0,
2026-09-05T09:29:40.589827+00:00,04_vlm_polymer_bigvlm,3,3,8.5,13.01,30.49,1501.29,NVIDIA GeForce RTX 4060 Ti,52,116.3,99,6838.6,16380.0,
2026-09-05T09:29:50.658085+00:00,04_vlm_polymer_bigvlm,3,3,8.5,12.98,30.49,1501.29,NVIDIA GeForce RTX 4060 Ti,53,117.47,100,6838.6,16380.0,
2026-09-05T09:30:00.726401+00:00,04_vlm_polymer_bigvlm,3,3,8.5,12.99,30.49,1501.29,NVIDIA GeForce RTX 4060 Ti,53,118.5,21,6838.6,16380.0,
2026-09-05T09:30:10.795509+00:00,04_vlm_polymer_bigvlm,3,3,8.5,13.0,30.49,1501.29,NVIDIA GeForce RTX 4060 Ti,52,116.99,42,6838.6,16380.0,
2026-09-05T09:30:20.860829+00:00,04_vlm_polymer_bigvlm,3,3,8.5,13.0,30.49,1501.29,NVIDIA GeForce RTX 4060 Ti,51,120.02,99,6838.6,16380.0,
2026-09-05T09:30:30.926816+00:00,04_vlm_polymer_bigvlm,3,3,8.5,12.99,30.49,1501.29,NVIDIA GeForce RTX 4060 Ti,49,117.88,100,6838.6,16380.0,
2026-09-05T09:30:40.989828+00:00,04_vlm_polymer_bigvlm,3,3,8.5,12.98,30.49,1501.29,NVIDIA GeForce RTX 4060 Ti,52,118.55,43,6838.6,16380.0,
2026-09-05T09:30:51.057835+00:00,04_vlm_polymer_bigvlm,3,3,8.5,12.98,30.49,1501.29,NVIDIA GeForce RTX 4060 Ti,53,118.27,100,6838.6,16380.0,
2026-09-05T09:31:01.120828+00:00,04_vlm_polymer_bigvlm,3,3,8.5,12.97,30.49,1501.29,NVIDIA GeForce RTX 4060 Ti,51,118.24,60,6838.6,16380.0,
2026-09-05T09:31:11.187827+00:00,04_vlm_polymer_bigvlm,3,3,8.5,13.0,30.49,1501.29,NVIDIA GeForce RTX 4060 Ti,52,118.56,99,6838.6,16380.0,
2026-09-05T09:31:21.247984+00:00,04_vlm_polymer_bigvlm,3,3,8.5,13.02,30.49,1501.29,NVIDIA GeForce RTX 4060 Ti,51,118.81,99,6838.6,16380.0,
2026-09-05T09:31:31.316830+00:00,04_vlm_polymer_bigvlm,3,3,8.5,13.01,30.49,1501.29,NVIDIA GeForce RTX 4060 Ti,52,119.6,100,6838.6,16380.0,
2026-09-05T09:31:41.379824+00:00,04_vlm_polymer_bigvlm,3,3,8.5,13.02,30.49,1501.29,NVIDIA GeForce RTX 4060 Ti,52,116.07,100,6838.6,16380.0,
2026-09-05T09:31:51.446823+00:00,04_vlm_polymer_bigvlm,3,3,8.5,13.02,30.49,1501.29,NVIDIA GeForce RTX 4060 Ti,49,118.63,43,6838.6,16380.0,
2026-09-05T09:32:01.510825+00:00,04_vlm_polymer_bigvlm,3,3,8.6,13.04,30.49,1501.29,NVIDIA GeForce RTX 4060 Ti,51,114.75,99,6838.6,16380.0,
2026-09-05T09:32:11.577820+00:00,04_vlm_polymer_bigvlm,3,3,8.5,13.01,30.49,1501.29,NVIDIA GeForce RTX 4060 Ti,52,113.62,100,6838.6,16380.0,
2026-09-05T09:32:21.646432+00:00,04_vlm_polymer_bigvlm,3,3,8.5,13.01,30.49,1501.29,NVIDIA GeForce RTX 4060 Ti,46,119.95,65,6838.6,16380.0,
2026-09-05T09:32:31.714360+00:00,04_vlm_polymer_bigvlm,3,3,8.6,13.0,30.49,1501.29,NVIDIA GeForce RTX 4060 Ti,52,116.95,74,6838.6,16380.0,
2026-09-05T09:32:41.778485+00:00,04_vlm_polymer_bigvlm,3,3,8.5,13.0,30.49,1501.29,NVIDIA GeForce RTX 4060 Ti,51,120.36,100,6838.6,16380.0,
2026-09-05T09:32:51.845819+00:00,04_vlm_polymer_bigvlm,3,3,8.5,13.0,30.49,1501.29,NVIDIA GeForce RTX 4060 Ti,52,115.42,34,6838.6,16380.0,
2026-09-05T09:33:01.902271+00:00,04_vlm_polymer_bigvlm,3,3,8.5,13.01,30.49,1501.29,NVIDIA GeForce RTX 4060 Ti,53,114.05,99,6838.6,16380.0,
2026-09-05T09:33:11.970820+00:00,04_vlm_polymer_bigvlm,3,3,8.5,13.01,30.49,1501.29,NVIDIA GeForce RTX 4060 Ti,50,117.93,100,6838.6,16380.0,
2026-09-05T09:33:22.033827+00:00,04_vlm_polymer_bigvlm,3,3,8.5,12.98,30.49,1501.29,NVIDIA GeForce RTX 4060 Ti,52,115.52,22,6838.6,16380.0,
2026-09-05T09:33:32.100817+00:00,04_vlm_polymer_bigvlm,3,3,8.6,13.01,30.49,1501.29,NVIDIA GeForce RTX 4060 Ti,53,115.6,62,6838.6,16380.0,
2026-09-05T09:33:42.168828+00:00,04_vlm_polymer_bigvlm,3,3,8.5,13.02,30.49,1501.29,NVIDIA GeForce RTX 4060 Ti,50,102.73,94,6838.6,16380.0,
2026-09-05T09:33:52.235822+00:00,04_vlm_polymer_bigvlm,3,3,8.5,13.0,30.49,1501.29,NVIDIA GeForce RTX 4060 Ti,46,103.36,99,6838.6,16380.0,
2026-09-05T09:34:02.302826+00:00,04_vlm_polymer_bigvlm,3,3,8.5,13.01,30.49,1501.29,NVIDIA GeForce RTX 4060 Ti,50,102.54,46,6838.6,16380.0,
2026-09-05T09:34:12.370117+00:00,04_vlm_polymer_bigvlm,3,3,8.5,13.01,30.49,1501.29,NVIDIA GeForce RTX 4060 Ti,49,104.65,69,6838.6,16380.0,
2026-09-05T09:34:22.436820+00:00,04_vlm_polymer_bigvlm,3,3,8.5,13.02,30.49,1501.29,NVIDIA GeForce RTX 4060 Ti,45,115.68,49,6838.6,16380.0,
2026-09-05T09:34:32.503821+00:00,04_vlm_polymer_bigvlm,3,3,8.6,13.01,30.49,1501.29,NVIDIA GeForce RTX 4060 Ti,52,115.43,100,6838.6,16380.0,
2026-09-05T09:34:42.571827+00:00,04_vlm_polymer_bigvlm,3,3,8.5,12.99,30.49,1501.29,NVIDIA GeForce RTX 4060 Ti,46,117.94,68,6838.6,16380.0,
2026-09-05T09:34:52.639822+00:00,04_vlm_polymer_bigvlm,3,3,8.5,13.0,30.49,1501.29,NVIDIA GeForce RTX 4060 Ti,51,115.56,65,6838.6,16380.0,
2026-09-05T09:35:02.706840+00:00,04_vlm_polymer_bigvlm,3,3,8.5,12.98,30.49,1501.29,NVIDIA GeForce RTX 4060 Ti,52,114.12,100,6838.6,16380.0,
2026-09-05T09:35:12.774828+00:00,04_vlm_polymer_bigvlm,3,3,8.5,13.0,30.49,1501.29,NVIDIA GeForce RTX 4060 Ti,51,115.74,25,6838.6,16380.0,
2026-09-05T09:35:22.842833+00:00,04_vlm_polymer_bigvlm,3,3,8.5,12.99,30.49,1501.29,NVIDIA GeForce RTX 4060 Ti,52,119.89,96,6838.6,16380.0,
2026-09-05T09:35:32.905826+00:00,04_vlm_polymer_bigvlm,3,3,8.5,13.0,30.49,1501.29,NVIDIA GeForce RTX 4060 Ti,52,117.64,100,6838.6,16380.0,
2026-09-05T09:35:42.972831+00:00,04_vlm_polymer_bigvlm,3,3,8.5,12.98,30.49,1501.29,NVIDIA GeForce RTX 4060 Ti,51,117.45,47,6838.6,16380.0,
2026-09-05T09:35:53.040828+00:00,04_vlm_polymer_bigvlm,3,3,8.5,12.98,30.49,1501.29,NVIDIA GeForce RTX 4060 Ti,52,115.39,99,6838.6,16380.0,
2026-09-05T09:36:03.109828+00:00,04_vlm_polymer_bigvlm,3,3,8.5,12.97,30.49,1501.29,NVIDIA GeForce RTX 4060 Ti,52,119.65,100,6838.6,16380.0,
2026-09-05T09:36:13.172832+00:00,04_vlm_polymer_bigvlm,3,3,8.5,12.97,30.49,1501.29,NVIDIA GeForce RTX 4060 Ti,46,115.69,92,6838.6,16380.0,
2026-09-05T09:36:23.240831+00:00,04_vlm_polymer_bigvlm,3,3,8.5,12.99,30.49,1501.29,NVIDIA GeForce RTX 4060 Ti,48,114.98,15,6838.6,16380.0,
2026-09-05T09:36:33.302913+00:00,04_vlm_polymer_bigvlm,3,3,8.6,12.98,30.49,1501.29,NVIDIA GeForce RTX 4060 Ti,53,119.79,100,6838.6,16380.0,
2026-09-05T09:36:43.362510+00:00,04_vlm_polymer_bigvlm,3,3,8.5,12.98,30.49,1501.29,NVIDIA GeForce RTX 4060 Ti,51,118.66,64,6838.6,16380.0,
2026-09-05T09:36:53.430068+00:00,04_vlm_polymer_bigvlm,3,3,8.5,12.98,30.49,1501.29,NVIDIA GeForce RTX 4060 Ti,52,120.84,100,6838.6,16380.0,
2026-09-05T09:37:03.496836+00:00,04_vlm_polymer_bigvlm,3,3,8.6,13.05,30.49,1501.29,NVIDIA GeForce RTX 4060 Ti,52,113.19,100,6838.6,16380.0,
2026-09-05T09:37:13.564824+00:00,04_vlm_polymer_bigvlm,3,3,8.5,13.01,30.49,1501.29,NVIDIA GeForce RTX 4060 Ti,53,115.5,100,6838.6,16380.0,
2026-09-05T09:37:23.631826+00:00,04_vlm_polymer_bigvlm,3,3,8.5,13.02,30.49,1501.29,NVIDIA GeForce RTX 4060 Ti,51,115.41,40,6838.6,16380.0,
2026-09-05T09:37:33.698913+00:00,04_vlm_polymer_bigvlm,3,3,8.8,13.0,30.49,1501.29,NVIDIA GeForce RTX 4060 Ti,52,119.31,100,6838.6,16380.0,
2026-09-05T09:37:43.761836+00:00,04_vlm_polymer_bigvlm,3,3,8.5,12.98,30.49,1501.29,NVIDIA GeForce RTX 4060 Ti,52,117.88,100,6838.6,16380.0,
2026-09-05T09:37:53.827822+00:00,04_vlm_polymer_bigvlm,3,3,8.5,13.01,30.49,1501.29,NVIDIA GeForce RTX 4060 Ti,52,116.46,37,6838.6,16380.0,
2026-09-05T09:38:03.889609+00:00,04_vlm_polymer_bigvlm,3,3,8.5,13.01,30.49,1501.29,NVIDIA GeForce RTX 4060 Ti,46,116.86,100,6838.6,16380.0,
2026-09-05T09:38:13.958635+00:00,04_vlm_polymer_bigvlm,3,3,8.5,13.02,30.49,1501.29,NVIDIA GeForce RTX 4060 Ti,52,114.68,27,6838.6,16380.0,
2026-09-05T09:38:23.993502+00:00,04_vlm_polymer_bigvlm,3,3,8.5,13.02,30.49,1501.29,NVIDIA GeForce RTX 4060 Ti,53,115.28,99,6838.6,16380.0,
2026-09-05T09:38:34.060822+00:00,04_vlm_polymer_bigvlm,3,3,8.5,13.02,30.49,1501.29,NVIDIA GeForce RTX 4060 Ti,52,116.58,30,6838.6,16380.0,
2026-09-05T09:38:44.097946+00:00,04_vlm_polymer_bigvlm,3,3,8.5,13.01,30.49,1501.29,NVIDIA GeForce RTX 4060 Ti,50,112.99,100,6838.6,16380.0,
2026-09-05T09:38:54.134385+00:00,04_vlm_polymer_bigvlm,3,3,8.5,13.02,30.49,1501.29,NVIDIA GeForce RTX 4060 Ti,53,117.57,20,6838.6,16380.0,
2026-09-05T09:39:04.172158+00:00,04_vlm_polymer_bigvlm,3,3,8.5,13.04,30.49,1501.29,NVIDIA GeForce RTX 4060 Ti,53,120.08,88,6838.6,16380.0,
2026-09-05T09:39:14.195705+00:00,04_vlm_polymer_bigvlm,3,3,8.6,13.03,30.49,1501.29,NVIDIA GeForce RTX 4060 Ti,51,115.67,67,6838.6,16380.0,
2026-09-05T09:39:24.260849+00:00,04_vlm_polymer_bigvlm,3,3,8.5,13.02,30.49,1501.29,NVIDIA GeForce RTX 4060 Ti,52,118.67,99,6838.6,16380.0,
2026-09-05T09:39:34.282831+00:00,04_vlm_polymer_bigvlm,3,3,8.5,13.0,30.49,1501.29,NVIDIA GeForce RTX 4060 Ti,52,115.15,100,6838.6,16380.0,
2026-09-05T09:39:44.345959+00:00,04_vlm_polymer_bigvlm,3,3,8.5,13.0,30.49,1501.29,NVIDIA GeForce RTX 4060 Ti,52,116.84,30,6838.6,16380.0,
2026-09-05T09:39:54.411829+00:00,04_vlm_polymer_bigvlm,3,3,8.5,13.01,30.49,1501.29,NVIDIA GeForce RTX 4060 Ti,52,116.36,100,6838.6,16380.0,
2026-09-05T09:40:04.475950+00:00,04_vlm_polymer_bigvlm,3,3,8.5,13.01,30.49,1501.29,NVIDIA GeForce RTX 4060 Ti,51,118.5,85,6838.6,16380.0,
2026-09-05T09:40:14.539512+00:00,04_vlm_polymer_bigvlm,3,3,8.6,13.02,30.49,1501.29,NVIDIA GeForce RTX 4060 Ti,51,113.44,99,6838.6,16380.0,
2026-09-05T09:40:24.607638+00:00,04_vlm_polymer_bigvlm,3,3,8.5,13.02,30.49,1501.29,NVIDIA GeForce RTX 4060 Ti,52,114.83,100,6838.6,16380.0,
2026-09-05T09:40:34.675826+00:00,04_vlm_polymer_bigvlm,3,3,8.5,12.98,30.49,1501.29,NVIDIA GeForce RTX 4060 Ti,52,119.74,100,6838.6,16380.0,
2026-09-05T09:40:44.721318+00:00,04_vlm_polymer_bigvlm,3,3,8.5,12.97,30.49,1501.29,NVIDIA GeForce RTX 4060 Ti,45,102.91,84,6838.6,16380.0,
2026-09-05T09:40:54.788610+00:00,04_vlm_polymer_bigvlm,3,3,8.5,12.99,30.49,1501.29,NVIDIA GeForce RTX 4060 Ti,50,103.67,80,6838.6,16380.0,
2026-09-05T09:41:04.855833+00:00,04_vlm_polymer_bigvlm,3,3,8.5,13.03,30.49,1501.29,NVIDIA GeForce RTX 4060 Ti,48,103.27,94,6838.6,16380.0,
2026-09-05T09:41:14.884930+00:00,04_vlm_polymer_bigvlm,3,3,8.2,13.03,30.49,1501.29,NVIDIA GeForce RTX 4060 Ti,51,119.06,99,6838.6,16380.0,
2026-09-05T09:41:24.952825+00:00,04_vlm_polymer_bigvlm,3,3,8.5,12.99,30.49,1501.29,NVIDIA GeForce RTX 4060 Ti,50,116.36,70,6838.6,16380.0,
2026-09-05T09:41:35.015821+00:00,04_vlm_polymer_bigvlm,3,3,8.5,12.99,30.49,1501.29,NVIDIA GeForce RTX 4060 Ti,52,115.68,99,6838.6,16380.0,
2026-09-05T09:41:45.082827+00:00,04_vlm_polymer_bigvlm,3,3,8.5,12.98,30.49,1501.29,NVIDIA GeForce RTX 4060 Ti,50,114.98,100,6838.6,16380.0,
2026-09-05T09:41:55.105859+00:00,04_vlm_polymer_bigvlm,3,3,8.5,12.97,30.49,1501.29,NVIDIA GeForce RTX 4060 Ti,52,113.73,33,6838.6,16380.0,
2026-09-05T09:42:05.172492+00:00,04_vlm_polymer_bigvlm,3,3,8.6,13.03,30.49,1501.29,NVIDIA GeForce RTX 4060 Ti,46,115.74,100,6838.6,16380.0,
2026-09-05T09:42:15.240869+00:00,04_vlm_polymer_bigvlm,3,3,8.5,12.99,30.49,1501.29,NVIDIA GeForce RTX 4060 Ti,51,116.6,100,6838.6,16380.0,
2026-09-05T09:42:25.309331+00:00,04_vlm_polymer_bigvlm,3,3,8.5,12.98,30.49,1501.29,NVIDIA GeForce RTX 4060 Ti,48,114.73,100,6838.6,16380.0,
2026-09-05T09:42:35.378265+00:00,04_vlm_polymer_bigvlm,3,3,8.6,13.0,30.49,1501.29,NVIDIA GeForce RTX 4060 Ti,52,119.87,99,6838.6,16380.0,
2026-09-05T09:42:45.401838+00:00,04_vlm_polymer_bigvlm,3,3,8.5,13.0,30.49,1501.29,NVIDIA GeForce RTX 4060 Ti,51,119.91,18,6838.6,16380.0,
2026-09-05T09:42:55.469826+00:00,04_vlm_polymer_bigvlm,3,3,8.5,13.01,30.49,1501.29,NVIDIA GeForce RTX 4060 Ti,52,114.75,99,6838.6,16380.0,
2026-09-05T09:43:05.538825+00:00,04_vlm_polymer_bigvlm,3,3,8.5,12.99,30.49,1501.29,NVIDIA GeForce RTX 4060 Ti,52,115.18,100,6838.6,16380.0,
2026-09-05T09:43:15.607879+00:00,04_vlm_polymer_bigvlm,3,3,8.6,13.02,30.49,1501.29,NVIDIA GeForce RTX 4060 Ti,48,119.8,100,6838.6,16380.0,
2026-09-05T09:43:25.670822+00:00,04_vlm_polymer_bigvlm,3,3,8.5,13.03,30.49,1501.29,NVIDIA GeForce RTX 4060 Ti,52,119.51,99,6838.6,16380.0,
2026-09-05T09:43:35.723562+00:00,04_vlm_polymer_bigvlm,3,3,8.5,13.0,30.49,1501.29,NVIDIA GeForce RTX 4060 Ti,47,116.19,80,6838.6,16380.0,
2026-09-05T09:43:45.751525+00:00,04_vlm_polymer_bigvlm,3,3,8.5,13.02,30.49,1501.29,NVIDIA GeForce RTX 4060 Ti,53,119.83,100,6838.6,16380.0,
2026-09-05T09:43:55.814831+00:00,04_vlm_polymer_bigvlm,3,3,8.5,13.02,30.49,1501.29,NVIDIA GeForce RTX 4060 Ti,51,116.19,28,6838.6,16380.0,
2026-09-05T09:44:05.882831+00:00,04_vlm_polymer_bigvlm,3,3,8.5,13.02,30.49,1501.29,NVIDIA GeForce RTX 4060 Ti,53,119.09,99,6838.6,16380.0,
2026-09-05T09:44:15.947824+00:00,04_vlm_polymer_bigvlm,3,3,8.5,13.01,30.49,1501.29,NVIDIA GeForce RTX 4060 Ti,52,116.52,100,6838.6,16380.0,
2026-09-05T09:44:26.014823+00:00,04_vlm_polymer_bigvlm,3,3,8.5,12.99,30.49,1501.29,NVIDIA GeForce RTX 4060 Ti,51,119.92,14,6838.6,16380.0,
2026-09-05T09:44:36.081820+00:00,04_vlm_polymer_bigvlm,3,3,8.5,13.01,30.49,1501.29,NVIDIA GeForce RTX 4060 Ti,52,116.08,99,6838.6,16380.0,
2026-09-05T09:44:46.149824+00:00,04_vlm_polymer_bigvlm,3,3,8.5,13.02,30.49,1501.29,NVIDIA GeForce RTX 4060 Ti,51,116.03,100,6838.6,16380.0,
2026-09-05T09:44:56.215828+00:00,04_vlm_polymer_bigvlm,3,3,8.5,13.0,30.49,1501.29,NVIDIA GeForce RTX 4060 Ti,51,118.63,51,6838.6,16380.0,
2026-09-05T09:45:06.240781+00:00,04_vlm_polymer_bigvlm,3,3,8.5,13.01,30.49,1501.29,NVIDIA GeForce RTX 4060 Ti,47,115.93,100,6838.6,16380.0,
2026-09-05T09:45:16.261962+00:00,04_vlm_polymer_bigvlm,3,3,8.6,13.04,30.49,1501.29,NVIDIA GeForce RTX 4060 Ti,53,114.42,100,6838.6,16380.0,
2026-09-05T09:45:26.329818+00:00,04_vlm_polymer_bigvlm,3,3,8.5,13.04,30.49,1501.29,NVIDIA GeForce RTX 4060 Ti,49,117.88,48,6838.6,16380.0,
2026-09-05T09:45:36.396836+00:00,04_vlm_polymer_bigvlm,3,3,8.5,13.04,30.49,1501.29,NVIDIA GeForce RTX 4060 Ti,52,118.11,100,6838.6,16380.0,
2026-09-05T09:45:46.459821+00:00,04_vlm_polymer_bigvlm,3,3,8.5,13.04,30.49,1501.29,NVIDIA GeForce RTX 4060 Ti,51,116.79,28,6838.6,16380.0,
2026-09-05T09:45:56.503325+00:00,04_vlm_polymer_bigvlm,3,3,8.5,13.04,30.49,1501.28,NVIDIA GeForce RTX 4060 Ti,53,117.42,100,6838.6,16380.0,
2026-09-05T09:46:06.570529+00:00,04_vlm_polymer_bigvlm,3,3,8.5,13.03,30.49,1501.28,NVIDIA GeForce RTX 4060 Ti,52,119.77,46,6838.6,16380.0,
2026-09-05T09:46:16.637817+00:00,04_vlm_polymer_bigvlm,3,3,8.5,13.03,30.49,1501.28,NVIDIA GeForce RTX 4060 Ti,52,117.69,100,6838.6,16380.0,
2026-09-05T09:46:26.704829+00:00,04_vlm_polymer_bigvlm,3,3,8.6,13.01,30.49,1501.28,NVIDIA GeForce RTX 4060 Ti,47,116.53,95,6838.6,16380.0,
2026-09-05T09:46:36.773821+00:00,04_vlm_polymer_bigvlm,3,3,8.5,13.01,30.49,1501.28,NVIDIA GeForce RTX 4060 Ti,53,114.96,55,6838.6,16380.0,
2026-09-05T09:46:46.839825+00:00,04_vlm_polymer_bigvlm,3,3,8.5,13.0,30.49,1501.28,NVIDIA GeForce RTX 4060 Ti,51,116.84,85,6838.6,16380.0,
2026-09-05T09:46:56.907823+00:00,04_vlm_polymer_bigvlm,3,3,8.5,13.01,30.49,1501.28,NVIDIA GeForce RTX 4060 Ti,48,118.72,100,6838.6,16380.0,
2026-09-05T09:47:06.974820+00:00,04_vlm_polymer_bigvlm,3,3,8.7,13.02,30.49,1501.28,NVIDIA GeForce RTX 4060 Ti,52,116.74,72,6838.6,16380.0,
2026-09-05T09:47:17.037825+00:00,04_vlm_polymer_bigvlm,3,3,8.5,13.02,30.49,1501.28,NVIDIA GeForce RTX 4060 Ti,52,112.92,64,6838.6,16380.0,
2026-09-05T09:47:27.104820+00:00,04_vlm_polymer_bigvlm,3,3,8.6,13.02,30.49,1501.28,NVIDIA GeForce RTX 4060 Ti,50,115.13,100,6838.6,16380.0,
2026-09-05T09:47:37.166297+00:00,04_vlm_polymer_bigvlm,3,3,8.5,13.01,30.49,1501.28,NVIDIA GeForce RTX 4060 Ti,49,102.96,95,6838.6,16380.0,
2026-09-05T09:47:47.232825+00:00,04_vlm_polymer_bigvlm,3,3,8.5,13.0,30.49,1501.28,NVIDIA GeForce RTX 4060 Ti,50,103.65,77,6838.6,16380.0,
2026-09-05T09:47:57.298826+00:00,04_vlm_polymer_bigvlm,3,3,8.5,13.0,30.49,1501.28,NVIDIA GeForce RTX 4060 Ti,50,102.75,62,6838.6,16380.0,
2026-09-05T09:48:07.365817+00:00,04_vlm_polymer_bigvlm,3,3,8.5,13.0,30.49,1501.28,NVIDIA GeForce RTX 4060 Ti,46,102.99,56,6838.6,16380.0,
2026-09-05T09:48:17.428825+00:00,04_vlm_polymer_bigvlm,3,3,7.2,13.04,30.49,1501.28,NVIDIA GeForce RTX 4060 Ti,44,104.06,63,10708.6,16380.0,
2026-09-05T09:48:27.496942+00:00,04_vlm_polymer_bigvlm,3,3,8.5,13.03,30.49,1501.28,NVIDIA GeForce RTX 4060 Ti,45,106.34,58,10708.6,16380.0,
2026-09-05T09:48:37.559827+00:00,04_vlm_polymer_bigvlm,3,3,8.5,13.03,30.49,1501.28,NVIDIA GeForce RTX 4060 Ti,50,103.77,89,10708.6,16380.0,
2026-09-05T09:48:47.600788+00:00,04_vlm_polymer_bigvlm,4,4,8.5,11.7,30.49,1501.28,NVIDIA GeForce RTX 4060 Ti,39,33.59,0,1679.5,16380.0,
2026-09-05T09:48:57.665829+00:00,04_vlm_polymer_bigvlm,4,4,8.2,12.95,30.49,1501.28,NVIDIA GeForce RTX 4060 Ti,50,114.45,100,6838.6,16380.0,
2026-09-05T09:49:07.734829+00:00,04_vlm_polymer_bigvlm,4,4,8.5,12.94,30.49,1501.29,NVIDIA GeForce RTX 4060 Ti,52,118.65,70,6838.6,16380.0,
2026-09-05T09:49:17.802828+00:00,04_vlm_polymer_bigvlm,4,4,8.6,12.94,30.49,1501.29,NVIDIA GeForce RTX 4060 Ti,51,118.16,61,6838.6,16380.0,
2026-09-05T09:49:27.870839+00:00,04_vlm_polymer_bigvlm,4,4,8.5,12.93,30.49,1501.29,NVIDIA GeForce RTX 4060 Ti,52,117.25,99,6838.6,16380.0,
2026-09-05T09:49:37.930493+00:00,04_vlm_polymer_bigvlm,4,4,8.5,12.94,30.49,1501.29,NVIDIA GeForce RTX 4060 Ti,45,113.84,100,6838.6,16380.0,
2026-09-05T09:49:47.997825+00:00,04_vlm_polymer_bigvlm,4,4,8.5,12.92,30.49,1501.29,NVIDIA GeForce RTX 4060 Ti,52,119.35,38,6838.6,16380.0,
2026-09-05T09:49:58.064820+00:00,04_vlm_polymer_bigvlm,4,4,8.5,12.93,30.49,1501.29,NVIDIA GeForce RTX 4060 Ti,53,120.89,92,6838.6,16380.0,
2026-09-05T09:50:08.132829+00:00,04_vlm_polymer_bigvlm,4,4,8.5,12.94,30.49,1501.29,NVIDIA GeForce RTX 4060 Ti,47,115.39,100,6838.6,16380.0,
2026-09-05T09:50:18.195826+00:00,04_vlm_polymer_bigvlm,4,4,8.5,12.94,30.49,1501.29,NVIDIA GeForce RTX 4060 Ti,52,117.61,55,6838.6,16380.0,
2026-09-05T09:50:28.262838+00:00,04_vlm_polymer_bigvlm,4,4,8.5,12.95,30.49,1501.29,NVIDIA GeForce RTX 4060 Ti,52,118.74,99,6838.6,16380.0,
2026-09-05T09:50:38.329817+00:00,04_vlm_polymer_bigvlm,4,4,8.5,12.94,30.49,1501.29,NVIDIA GeForce RTX 4060 Ti,52,118.67,78,6838.6,16380.0,
2026-09-05T09:50:48.396817+00:00,04_vlm_polymer_bigvlm,4,4,8.5,12.93,30.49,1501.29,NVIDIA GeForce RTX 4060 Ti,52,115.22,99,6838.6,16380.0,
2026-09-05T09:50:58.461634+00:00,04_vlm_polymer_bigvlm,4,4,8.5,12.92,30.49,1501.29,NVIDIA GeForce RTX 4060 Ti,52,120.0,100,6838.6,16380.0,
2026-09-05T09:51:08.528821+00:00,04_vlm_polymer_bigvlm,4,4,8.5,12.9,30.49,1501.29,NVIDIA GeForce RTX 4060 Ti,52,120.34,42,6838.6,16380.0,
2026-09-05T09:51:18.595832+00:00,04_vlm_polymer_bigvlm,4,4,8.5,12.93,30.49,1501.29,NVIDIA GeForce RTX 4060 Ti,52,114.77,99,6838.6,16380.0,
2026-09-05T09:51:28.661822+00:00,04_vlm_polymer_bigvlm,4,4,8.8,12.94,30.49,1501.29,NVIDIA GeForce RTX 4060 Ti,52,119.21,100,6838.6,16380.0,
2026-09-05T09:51:38.724832+00:00,04_vlm_polymer_bigvlm,4,4,8.5,12.95,30.49,1501.29,NVIDIA GeForce RTX 4060 Ti,48,113.3,100,6838.6,16380.0,
2026-09-05T09:51:48.792829+00:00,04_vlm_polymer_bigvlm,4,4,8.6,12.94,30.49,1501.29,NVIDIA GeForce RTX 4060 Ti,51,113.95,48,6838.6,16380.0,
2026-09-05T09:51:58.860860+00:00,04_vlm_polymer_bigvlm,4,4,8.6,12.92,30.49,1501.29,NVIDIA GeForce RTX 4060 Ti,52,114.89,11,6838.6,16380.0,
2026-09-05T09:52:08.920839+00:00,04_vlm_polymer_bigvlm,4,4,8.7,12.94,30.49,1501.29,NVIDIA GeForce RTX 4060 Ti,53,114.75,61,6871.1,16380.0,
2026-09-05T09:52:18.987834+00:00,04_vlm_polymer_bigvlm,4,4,8.5,12.92,30.49,1501.29,NVIDIA GeForce RTX 4060 Ti,52,114.84,100,6871.1,16380.0,
2026-09-05T09:52:29.054822+00:00,04_vlm_polymer_bigvlm,4,4,13.9,12.81,30.49,1501.29,NVIDIA GeForce RTX 4060 Ti,51,115.31,56,6871.1,16380.0,
2026-09-05T09:52:39.121818+00:00,04_vlm_polymer_bigvlm,4,4,14.9,12.78,30.49,1501.29,NVIDIA GeForce RTX 4060 Ti,51,110.71,4,6871.1,16380.0,
2026-09-05T09:52:49.191811+00:00,04_vlm_polymer_bigvlm,4,4,14.9,12.74,30.49,1501.29,NVIDIA GeForce RTX 4060 Ti,46,115.44,66,6871.1,16380.0,
2026-09-05T09:52:59.239113+00:00,04_vlm_polymer_bigvlm,4,4,10.0,12.74,30.49,1501.29,NVIDIA GeForce RTX 4060 Ti,52,119.36,100,6871.1,16380.0,
2026-09-05T09:53:09.292109+00:00,04_vlm_polymer_bigvlm,4,4,8.5,12.74,30.49,1501.29,NVIDIA GeForce RTX 4060 Ti,50,118.61,80,6871.1,16380.0,
2026-09-05T09:53:19.340702+00:00,04_vlm_polymer_bigvlm,4,4,8.5,12.72,30.49,1501.29,NVIDIA GeForce RTX 4060 Ti,52,119.46,99,6871.1,16380.0,
2026-09-05T09:53:29.407816+00:00,04_vlm_polymer_bigvlm,4,4,8.5,12.75,30.49,1501.29,NVIDIA GeForce RTX 4060 Ti,50,113.95,98,6871.1,16380.0,
2026-09-05T09:53:39.475827+00:00,04_vlm_polymer_bigvlm,4,4,8.5,12.73,30.49,1501.29,NVIDIA GeForce RTX 4060 Ti,52,118.93,100,6871.1,16380.0,
2026-09-05T09:53:49.543831+00:00,04_vlm_polymer_bigvlm,4,4,8.5,12.75,30.49,1501.29,NVIDIA GeForce RTX 4060 Ti,46,113.68,70,6871.1,16380.0,
2026-09-05T09:53:59.612825+00:00,04_vlm_polymer_bigvlm,4,4,8.5,12.73,30.49,1501.29,NVIDIA GeForce RTX 4060 Ti,50,119.34,12,6871.1,16380.0,
2026-09-05T09:54:09.675455+00:00,04_vlm_polymer_bigvlm,4,4,8.5,12.73,30.49,1501.29,NVIDIA GeForce RTX 4060 Ti,51,115.64,31,6871.1,16380.0,
2026-09-05T09:54:19.743822+00:00,04_vlm_polymer_bigvlm,4,4,8.5,12.72,30.49,1501.29,NVIDIA GeForce RTX 4060 Ti,53,118.84,100,6871.1,16380.0,
2026-09-05T09:54:29.810858+00:00,04_vlm_polymer_bigvlm,4,4,8.5,12.73,30.49,1501.29,NVIDIA GeForce RTX 4060 Ti,47,119.56,100,6871.1,16380.0,
2026-09-05T09:54:39.873829+00:00,04_vlm_polymer_bigvlm,4,4,8.5,12.73,30.49,1501.29,NVIDIA GeForce RTX 4060 Ti,52,117.32,99,6871.1,16380.0,
2026-09-05T09:54:49.940821+00:00,04_vlm_polymer_bigvlm,4,4,8.5,12.74,30.49,1501.29,NVIDIA GeForce RTX 4060 Ti,51,121.48,100,6871.1,16380.0,
2026-09-05T09:55:00.008839+00:00,04_vlm_polymer_bigvlm,4,4,8.5,12.74,30.49,1501.29,NVIDIA GeForce RTX 4060 Ti,51,114.55,83,6871.1,16380.0,
2026-09-05T09:55:10.056929+00:00,04_vlm_polymer_bigvlm,4,4,8.5,12.73,30.49,1501.29,NVIDIA GeForce RTX 4060 Ti,50,118.54,100,6871.1,16380.0,
2026-09-05T09:55:20.084847+00:00,04_vlm_polymer_bigvlm,4,4,8.5,12.8,30.49,1501.29,NVIDIA GeForce RTX 4060 Ti,47,105.45,65,6871.1,16380.0,
2026-09-05T09:55:30.147369+00:00,04_vlm_polymer_bigvlm,4,4,8.5,12.79,30.49,1501.29,NVIDIA GeForce RTX 4060 Ti,45,103.43,77,6871.1,16380.0,
2026-09-05T09:55:40.216016+00:00,04_vlm_polymer_bigvlm,4,4,8.5,12.77,30.49,1501.29,NVIDIA GeForce RTX 4060 Ti,49,102.62,49,6871.1,16380.0,
2026-09-05T09:55:50.242903+00:00,04_vlm_polymer_bigvlm,4,4,8.5,12.78,30.49,1501.29,NVIDIA GeForce RTX 4060 Ti,45,104.66,89,6871.1,16380.0,
2026-09-05T09:56:00.310835+00:00,04_vlm_polymer_bigvlm,4,4,8.2,12.78,30.49,1501.25,NVIDIA GeForce RTX 4060 Ti,51,115.18,99,6871.1,16380.0,
2026-09-05T09:56:10.365144+00:00,04_vlm_polymer_bigvlm,4,4,8.5,12.79,30.49,1501.25,NVIDIA GeForce RTX 4060 Ti,50,116.86,100,6871.1,16380.0,
2026-09-05T09:56:20.433839+00:00,04_vlm_polymer_bigvlm,4,4,8.5,12.79,30.49,1501.25,NVIDIA GeForce RTX 4060 Ti,49,114.05,17,6871.1,16380.0,
2026-09-05T09:56:30.490081+00:00,04_vlm_polymer_bigvlm,4,4,8.5,12.79,30.49,1501.25,NVIDIA GeForce RTX 4060 Ti,52,118.05,100,6871.1,16380.0,
2026-09-05T09:56:40.514591+00:00,04_vlm_polymer_bigvlm,4,4,8.5,12.78,30.49,1501.25,NVIDIA GeForce RTX 4060 Ti,50,118.65,90,6871.1,16380.0,
2026-09-05T09:56:50.537048+00:00,04_vlm_polymer_bigvlm,4,4,8.5,12.8,30.49,1501.25,NVIDIA GeForce RTX 4060 Ti,52,115.08,100,6871.1,16380.0,
2026-09-05T09:57:00.600725+00:00,04_vlm_polymer_bigvlm,4,4,8.6,12.8,30.49,1501.25,NVIDIA GeForce RTX 4060 Ti,46,118.69,51,6871.1,16380.0,
2026-09-05T09:57:10.664334+00:00,04_vlm_polymer_bigvlm,4,4,8.6,12.83,30.49,1501.25,NVIDIA GeForce RTX 4060 Ti,52,117.34,100,6871.1,16380.0,
2026-09-05T09:57:20.732380+00:00,04_vlm_polymer_bigvlm,4,4,8.6,12.81,30.49,1501.25,NVIDIA GeForce RTX 4060 Ti,51,117.95,26,6871.1,16380.0,
2026-09-05T09:57:30.793116+00:00,04_vlm_polymer_bigvlm,4,4,8.5,12.8,30.49,1501.25,NVIDIA GeForce RTX 4060 Ti,51,115.75,99,6871.1,16380.0,
2026-09-05T09:57:40.860847+00:00,04_vlm_polymer_bigvlm,4,4,8.5,12.79,30.49,1501.25,NVIDIA GeForce RTX 4060 Ti,52,119.83,100,6857.9,16380.0,
2026-09-05T09:57:50.903129+00:00,04_vlm_polymer_bigvlm,4,4,8.5,12.77,30.49,1501.25,NVIDIA GeForce RTX 4060 Ti,51,117.77,30,6857.9,16380.0,
2026-09-05T09:58:00.970830+00:00,04_vlm_polymer_bigvlm,4,4,8.6,12.81,30.49,1501.25,NVIDIA GeForce RTX 4060 Ti,53,117.32,99,6857.9,16380.0,
2026-09-05T09:58:11.038824+00:00,04_vlm_polymer_bigvlm,4,4,8.6,12.8,30.49,1501.25,NVIDIA GeForce RTX 4060 Ti,47,116.03,100,6857.9,16380.0,
2026-09-05T09:58:21.078843+00:00,04_vlm_polymer_bigvlm,4,4,8.5,12.76,30.49,1501.25,NVIDIA GeForce RTX 4060 Ti,52,115.83,54,6857.9,16380.0,
2026-09-05T09:58:31.138489+00:00,04_vlm_polymer_bigvlm,4,4,8.5,12.75,30.49,1501.25,NVIDIA GeForce RTX 4060 Ti,47,115.53,100,6857.9,16380.0,
2026-09-05T09:58:41.181137+00:00,04_vlm_polymer_bigvlm,4,4,8.5,12.77,30.49,1501.25,NVIDIA GeForce RTX 4060 Ti,52,119.04,100,6857.9,16380.0,
2026-09-05T09:58:51.248826+00:00,04_vlm_polymer_bigvlm,4,4,8.5,12.77,30.49,1501.25,NVIDIA GeForce RTX 4060 Ti,52,118.87,55,6857.9,16380.0,
2026-09-05T09:59:01.268756+00:00,04_vlm_polymer_bigvlm,4,4,8.5,12.76,30.49,1501.25,NVIDIA GeForce RTX 4060 Ti,46,115.92,100,6857.9,16380.0,
2026-09-05T09:59:11.294559+00:00,04_vlm_polymer_bigvlm,4,4,8.5,12.78,30.49,1501.25,NVIDIA GeForce RTX 4060 Ti,52,117.53,100,6857.9,16380.0,
2026-09-05T09:59:21.327545+00:00,04_vlm_polymer_bigvlm,4,4,8.6,12.78,30.49,1501.25,NVIDIA GeForce RTX 4060 Ti,51,116.73,100,6857.9,16380.0,
2026-09-05T09:59:31.383271+00:00,04_vlm_polymer_bigvlm,4,4,8.5,12.79,30.49,1501.25,NVIDIA GeForce RTX 4060 Ti,52,117.81,77,6857.9,16380.0,
2026-09-05T09:59:41.451817+00:00,04_vlm_polymer_bigvlm,4,4,8.5,12.77,30.49,1501.25,NVIDIA GeForce RTX 4060 Ti,46,118.73,64,6857.9,16380.0,
2026-09-05T09:59:51.519824+00:00,04_vlm_polymer_bigvlm,4,4,8.5,12.76,30.49,1501.25,NVIDIA GeForce RTX 4060 Ti,52,117.95,82,6857.9,16380.0,
2026-09-05T10:00:01.585848+00:00,04_vlm_polymer_bigvlm,4,4,8.5,12.77,30.49,1501.25,NVIDIA GeForce RTX 4060 Ti,52,118.67,100,6857.9,16380.0,
2026-09-05T10:00:11.652828+00:00,04_vlm_polymer_bigvlm,4,4,8.5,12.77,30.49,1501.25,NVIDIA GeForce RTX 4060 Ti,47,114.92,43,6857.9,16380.0,
2026-09-05T10:00:21.698854+00:00,04_vlm_polymer_bigvlm,4,4,8.6,12.78,30.49,1501.25,NVIDIA GeForce RTX 4060 Ti,52,123.67,75,6857.9,16380.0,
2026-09-05T10:00:31.732899+00:00,04_vlm_polymer_bigvlm,4,4,8.5,12.78,30.49,1501.25,NVIDIA GeForce RTX 4060 Ti,48,114.77,100,6857.9,16380.0,
2026-09-05T10:00:41.798765+00:00,04_vlm_polymer_bigvlm,4,4,8.5,12.77,30.49,1501.25,NVIDIA GeForce RTX 4060 Ti,50,112.31,22,6857.9,16380.0,
2026-09-05T10:00:51.850693+00:00,04_vlm_polymer_bigvlm,4,4,8.5,12.74,30.49,1501.25,NVIDIA GeForce RTX 4060 Ti,53,119.7,96,6857.9,16380.0,
2026-09-05T10:01:01.905535+00:00,04_vlm_polymer_bigvlm,4,4,8.5,12.77,30.49,1501.25,NVIDIA GeForce RTX 4060 Ti,51,115.18,14,6857.9,16380.0,
2026-09-05T10:01:11.973844+00:00,04_vlm_polymer_bigvlm,4,4,8.5,12.74,30.49,1501.25,NVIDIA GeForce RTX 4060 Ti,52,116.99,100,6857.9,16380.0,
2026-09-05T10:01:21.999831+00:00,04_vlm_polymer_bigvlm,4,4,8.5,12.76,30.49,1501.25,NVIDIA GeForce RTX 4060 Ti,49,120.47,100,6857.9,16380.0,
2026-09-05T10:01:32.036438+00:00,04_vlm_polymer_bigvlm,4,4,8.5,12.78,30.49,1501.25,NVIDIA GeForce RTX 4060 Ti,53,116.14,99,6857.9,16380.0,
2026-09-05T10:01:42.101874+00:00,04_vlm_polymer_bigvlm,4,4,8.5,12.75,30.49,1501.25,NVIDIA GeForce RTX 4060 Ti,53,115.23,100,6857.9,16380.0,
2026-09-05T10:01:52.169829+00:00,04_vlm_polymer_bigvlm,4,4,8.5,12.79,30.49,1501.25,NVIDIA GeForce RTX 4060 Ti,48,119.78,100,6825.9,16380.0,
2026-09-05T10:02:02.236823+00:00,04_vlm_polymer_bigvlm,4,4,8.6,12.85,30.49,1501.25,NVIDIA GeForce RTX 4060 Ti,50,116.95,52,6825.9,16380.0,
2026-09-05T10:02:12.304826+00:00,04_vlm_polymer_bigvlm,4,4,8.5,12.87,30.49,1501.25,NVIDIA GeForce RTX 4060 Ti,52,116.06,87,6825.9,16380.0,
2026-09-05T10:02:22.372826+00:00,04_vlm_polymer_bigvlm,4,4,8.6,12.83,30.49,1501.25,NVIDIA GeForce RTX 4060 Ti,48,106.29,79,6825.9,16380.0,
2026-09-05T10:02:32.439822+00:00,04_vlm_polymer_bigvlm,4,4,8.6,12.82,30.49,1501.25,NVIDIA GeForce RTX 4060 Ti,50,102.69,47,6825.9,16380.0,
2026-09-05T10:02:42.507817+00:00,04_vlm_polymer_bigvlm,4,4,8.5,12.83,30.49,1501.25,NVIDIA GeForce RTX 4060 Ti,50,107.08,72,6825.9,16380.0,
2026-09-05T10:02:52.570827+00:00,04_vlm_polymer_bigvlm,4,4,8.1,12.82,30.49,1501.25,NVIDIA GeForce RTX 4060 Ti,51,115.96,100,6825.9,16380.0,
2026-09-05T10:03:02.627348+00:00,04_vlm_polymer_bigvlm,4,4,8.5,12.81,30.49,1501.25,NVIDIA GeForce RTX 4060 Ti,51,114.18,99,6839.9,16380.0,
2026-09-05T10:03:12.691597+00:00,04_vlm_polymer_bigvlm,4,4,8.5,12.82,30.49,1501.25,NVIDIA GeForce RTX 4060 Ti,48,119.49,80,6839.9,16380.0,
2026-09-05T10:03:22.758824+00:00,04_vlm_polymer_bigvlm,4,4,8.5,12.8,30.49,1501.25,NVIDIA GeForce RTX 4060 Ti,51,116.59,31,6839.9,16380.0,
2026-09-05T10:03:32.827168+00:00,04_vlm_polymer_bigvlm,4,4,8.5,12.82,30.49,1501.25,NVIDIA GeForce RTX 4060 Ti,52,119.16,100,6839.9,16380.0,
2026-09-05T10:03:42.893819+00:00,04_vlm_polymer_bigvlm,4,4,8.5,12.83,30.49,1501.25,NVIDIA GeForce RTX 4060 Ti,52,114.71,39,6839.9,16380.0,
2026-09-05T10:03:52.944119+00:00,04_vlm_polymer_bigvlm,4,4,8.5,12.81,30.49,1501.25,NVIDIA GeForce RTX 4060 Ti,53,118.72,99,6839.9,16380.0,
2026-09-05T10:04:03.010620+00:00,04_vlm_polymer_bigvlm,4,4,8.5,12.8,30.49,1501.25,NVIDIA GeForce RTX 4060 Ti,51,119.44,100,6839.9,16380.0,
2026-09-05T10:04:13.044177+00:00,04_vlm_polymer_bigvlm,4,4,8.8,12.81,30.49,1501.25,NVIDIA GeForce RTX 4060 Ti,52,118.08,27,6839.9,16380.0,
2026-09-05T10:04:23.084384+00:00,04_vlm_polymer_bigvlm,4,4,8.6,12.81,30.49,1501.25,NVIDIA GeForce RTX 4060 Ti,52,113.12,54,6839.9,16380.0,
2026-09-05T10:04:33.150864+00:00,04_vlm_polymer_bigvlm,4,4,8.5,12.78,30.49,1501.25,NVIDIA GeForce RTX 4060 Ti,47,119.85,100,6839.9,16380.0,
2026-09-05T10:04:43.213829+00:00,04_vlm_polymer_bigvlm,4,4,8.5,12.8,30.49,1501.25,NVIDIA GeForce RTX 4060 Ti,52,113.81,25,6839.9,16380.0,
2026-09-05T10:04:53.282826+00:00,04_vlm_polymer_bigvlm,4,4,8.5,12.8,30.49,1501.25,NVIDIA GeForce RTX 4060 Ti,47,117.19,100,6839.9,16380.0,
2026-09-05T10:05:03.350819+00:00,04_vlm_polymer_bigvlm,4,4,8.5,12.8,30.49,1501.25,NVIDIA GeForce RTX 4060 Ti,52,116.49,100,6839.9,16380.0,
2026-09-05T10:05:13.415373+00:00,04_vlm_polymer_bigvlm,4,4,8.5,12.8,30.49,1501.25,NVIDIA GeForce RTX 4060 Ti,50,116.28,82,6839.9,16380.0,
2026-09-05T10:05:23.481835+00:00,04_vlm_polymer_bigvlm,4,4,8.5,12.82,30.49,1501.25,NVIDIA GeForce RTX 4060 Ti,52,119.33,100,6839.9,16380.0,
2026-09-05T10:05:33.548822+00:00,04_vlm_polymer_bigvlm,4,4,8.6,12.79,30.49,1501.25,NVIDIA GeForce RTX 4060 Ti,53,119.11,78,6839.9,16380.0,
2026-09-05T10:05:43.612380+00:00,04_vlm_polymer_bigvlm,4,4,8.5,12.81,30.49,1501.25,NVIDIA GeForce RTX 4060 Ti,52,117.24,100,6839.9,16380.0,
2026-09-05T10:05:53.670849+00:00,04_vlm_polymer_bigvlm,4,4,8.5,12.79,30.49,1501.25,NVIDIA GeForce RTX 4060 Ti,47,119.96,48,6839.9,16380.0,
2026-09-05T10:06:03.705887+00:00,04_vlm_polymer_bigvlm,4,4,8.5,12.79,30.49,1501.25,NVIDIA GeForce RTX 4060 Ti,52,116.33,100,6839.9,16380.0,
2026-09-05T10:06:13.773826+00:00,04_vlm_polymer_bigvlm,4,4,8.5,12.8,30.49,1501.25,NVIDIA GeForce RTX 4060 Ti,53,116.32,39,6839.9,16380.0,
2026-09-05T10:06:23.840830+00:00,04_vlm_polymer_bigvlm,4,4,8.5,12.81,30.49,1501.25,NVIDIA GeForce RTX 4060 Ti,52,116.69,100,6839.9,16380.0,
2026-09-05T10:06:33.904827+00:00,04_vlm_polymer_bigvlm,4,4,8.6,12.8,30.49,1501.25,NVIDIA GeForce RTX 4060 Ti,51,115.74,100,6839.9,16380.0,
2026-09-05T10:06:43.972693+00:00,04_vlm_polymer_bigvlm,4,4,8.5,12.82,30.49,1501.25,NVIDIA GeForce RTX 4060 Ti,52,117.61,63,6839.9,16380.0,
2026-09-05T10:06:54.035829+00:00,04_vlm_polymer_bigvlm,4,4,8.5,12.82,30.49,1501.25,NVIDIA GeForce RTX 4060 Ti,48,115.03,100,6839.9,16380.0,
2026-09-05T10:07:04.103831+00:00,04_vlm_polymer_bigvlm,4,4,8.6,12.84,30.49,1501.25,NVIDIA GeForce RTX 4060 Ti,52,118.6,82,6839.9,16380.0,
2026-09-05T10:07:14.166823+00:00,04_vlm_polymer_bigvlm,4,4,8.5,12.84,30.49,1501.25,NVIDIA GeForce RTX 4060 Ti,50,116.43,100,6839.9,16380.0,
2026-09-05T10:07:24.234938+00:00,04_vlm_polymer_bigvlm,4,4,8.5,12.81,30.49,1501.25,NVIDIA GeForce RTX 4060 Ti,49,117.76,100,6839.9,16380.0,
2026-09-05T10:07:34.302829+00:00,04_vlm_polymer_bigvlm,4,4,8.6,12.83,30.49,1501.25,NVIDIA GeForce RTX 4060 Ti,52,115.22,21,6839.9,16380.0,
2026-09-05T10:07:44.370830+00:00,04_vlm_polymer_bigvlm,4,4,8.5,12.83,30.49,1501.25,NVIDIA GeForce RTX 4060 Ti,52,116.06,49,6839.9,16380.0,
2026-09-05T10:07:54.438822+00:00,04_vlm_polymer_bigvlm,4,4,8.5,12.82,30.49,1501.25,NVIDIA GeForce RTX 4060 Ti,53,118.81,100,6839.9,16380.0,
2026-09-05T10:08:04.473378+00:00,04_vlm_polymer_bigvlm,4,4,8.5,12.85,30.49,1501.25,NVIDIA GeForce RTX 4060 Ti,48,114.93,100,6839.9,16380.0,
2026-09-05T10:08:14.541430+00:00,04_vlm_polymer_bigvlm,4,4,8.5,12.85,30.49,1501.25,NVIDIA GeForce RTX 4060 Ti,52,119.18,94,6839.9,16380.0,
2026-09-05T10:08:24.604817+00:00,04_vlm_polymer_bigvlm,4,4,8.5,12.85,30.49,1501.25,NVIDIA GeForce RTX 4060 Ti,50,115.47,100,6839.9,16380.0,
2026-09-05T10:08:34.673829+00:00,04_vlm_polymer_bigvlm,4,4,8.6,12.84,30.49,1501.25,NVIDIA GeForce RTX 4060 Ti,52,116.35,99,6839.9,16380.0,
2026-09-05T10:08:44.714220+00:00,04_vlm_polymer_bigvlm,4,4,8.5,12.86,30.49,1501.25,NVIDIA GeForce RTX 4060 Ti,53,116.05,100,6839.9,16380.0,
2026-09-05T10:08:54.754929+00:00,04_vlm_polymer_bigvlm,4,4,8.5,12.84,30.49,1501.25,NVIDIA GeForce RTX 4060 Ti,46,117.84,49,6839.9,16380.0,
2026-09-05T10:09:04.804378+00:00,04_vlm_polymer_bigvlm,4,4,8.5,12.84,30.49,1501.25,NVIDIA GeForce RTX 4060 Ti,52,121.21,80,6838.6,16380.0,
2026-09-05T10:09:14.870823+00:00,04_vlm_polymer_bigvlm,4,4,8.5,12.85,30.49,1501.25,NVIDIA GeForce RTX 4060 Ti,48,101.71,56,6838.6,16380.0,
2026-09-05T10:09:24.933150+00:00,04_vlm_polymer_bigvlm,4,4,8.5,12.84,30.49,1501.25,NVIDIA GeForce RTX 4060 Ti,50,102.5,50,6838.6,16380.0,
2026-09-05T10:09:35.000821+00:00,04_vlm_polymer_bigvlm,4,4,8.6,12.83,30.49,1501.25,NVIDIA GeForce RTX 4060 Ti,49,102.25,55,6838.6,16380.0,
2026-09-05T10:09:45.068828+00:00,04_vlm_polymer_bigvlm,4,4,8.5,12.81,30.49,1501.25,NVIDIA GeForce RTX 4060 Ti,50,102.66,52,6838.6,16380.0,
2026-09-05T10:09:55.135833+00:00,04_vlm_polymer_bigvlm,4,4,8.1,12.83,30.49,1501.25,NVIDIA GeForce RTX 4060 Ti,49,118.27,73,6838.6,16380.0,
2026-09-05T10:10:05.201817+00:00,04_vlm_polymer_bigvlm,4,4,8.5,12.84,30.49,1501.25,NVIDIA GeForce RTX 4060 Ti,51,115.42,99,6838.6,16380.0,
2026-09-05T10:10:15.269378+00:00,04_vlm_polymer_bigvlm,4,4,8.5,12.84,30.49,1501.25,NVIDIA GeForce RTX 4060 Ti,49,114.5,100,6838.6,16380.0,
2026-09-05T10:10:25.322501+00:00,04_vlm_polymer_bigvlm,4,4,8.5,12.83,30.49,1501.25,NVIDIA GeForce RTX 4060 Ti,48,115.21,52,6838.6,16380.0,
2026-09-05T10:10:35.390824+00:00,04_vlm_polymer_bigvlm,4,4,8.6,12.82,30.49,1501.25,NVIDIA GeForce RTX 4060 Ti,49,113.18,21,6838.6,16380.0,
2026-09-05T10:10:45.459830+00:00,04_vlm_polymer_bigvlm,4,4,8.5,12.83,30.49,1501.25,NVIDIA GeForce RTX 4060 Ti,48,114.28,12,6838.6,16380.0,
2026-09-05T10:10:55.526819+00:00,04_vlm_polymer_bigvlm,4,4,8.5,12.82,30.49,1501.25,NVIDIA GeForce RTX 4060 Ti,52,119.76,99,6838.6,16380.0,
2026-09-05T10:11:05.589829+00:00,04_vlm_polymer_bigvlm,4,4,8.5,12.83,30.49,1501.25,NVIDIA GeForce RTX 4060 Ti,52,115.37,100,6838.6,16380.0,
2026-09-05T10:11:15.657825+00:00,04_vlm_polymer_bigvlm,4,4,8.5,12.83,30.49,1501.25,NVIDIA GeForce RTX 4060 Ti,51,120.12,8,6838.6,16380.0,
2026-09-05T10:11:25.718996+00:00,04_vlm_polymer_bigvlm,4,4,8.5,12.82,30.49,1501.25,NVIDIA GeForce RTX 4060 Ti,51,112.9,50,6838.6,16380.0,
2026-09-05T10:11:35.759282+00:00,04_vlm_polymer_bigvlm,4,4,8.6,12.83,30.49,1501.25,NVIDIA GeForce RTX 4060 Ti,52,120.29,100,6838.6,16380.0,
2026-09-05T10:11:45.790715+00:00,04_vlm_polymer_bigvlm,4,4,8.5,12.86,30.49,1501.25,NVIDIA GeForce RTX 4060 Ti,51,116.16,40,6838.6,16380.0,
2026-09-05T10:11:55.858243+00:00,04_vlm_polymer_bigvlm,4,4,8.5,12.85,30.49,1501.25,NVIDIA GeForce RTX 4060 Ti,52,115.01,100,6838.6,16380.0,
2026-09-05T10:12:05.925829+00:00,04_vlm_polymer_bigvlm,4,4,8.6,12.87,30.49,1501.25,NVIDIA GeForce RTX 4060 Ti,52,114.99,35,6838.6,16380.0,
2026-09-05T10:12:15.984054+00:00,04_vlm_polymer_bigvlm,4,4,8.6,12.86,30.49,1501.25,NVIDIA GeForce RTX 4060 Ti,52,114.88,17,6838.6,16380.0,
2026-09-05T10:12:26.001388+00:00,04_vlm_polymer_bigvlm,4,4,8.5,12.86,30.49,1501.25,NVIDIA GeForce RTX 4060 Ti,53,118.32,99,6838.6,16380.0,
2026-09-05T10:12:36.068829+00:00,04_vlm_polymer_bigvlm,4,4,8.6,12.86,30.49,1501.25,NVIDIA GeForce RTX 4060 Ti,51,103.42,100,6838.6,16380.0,
2026-09-05T10:12:46.137820+00:00,04_vlm_polymer_bigvlm,4,4,8.5,12.87,30.49,1501.25,NVIDIA GeForce RTX 4060 Ti,48,114.22,100,6838.6,16380.0,
2026-09-05T10:12:56.204826+00:00,04_vlm_polymer_bigvlm,4,4,8.5,12.86,30.49,1501.25,NVIDIA GeForce RTX 4060 Ti,51,115.08,100,6838.6,16380.0,
2026-09-05T10:13:06.272904+00:00,04_vlm_polymer_bigvlm,4,4,8.5,12.85,30.49,1501.25,NVIDIA GeForce RTX 4060 Ti,52,120.25,26,6838.6,16380.0,
2026-09-05T10:13:16.291828+00:00,04_vlm_polymer_bigvlm,4,4,8.5,12.87,30.49,1501.25,NVIDIA GeForce RTX 4060 Ti,48,113.88,100,6838.6,16380.0,
2026-09-05T10:13:26.344937+00:00,04_vlm_polymer_bigvlm,4,4,8.5,12.85,30.49,1501.25,NVIDIA GeForce RTX 4060 Ti,51,114.95,100,6838.6,16380.0,
2026-09-05T10:13:36.409644+00:00,04_vlm_polymer_bigvlm,4,4,8.6,12.86,30.49,1501.25,NVIDIA GeForce RTX 4060 Ti,50,114.44,31,6838.6,16380.0,
2026-09-05T10:13:46.476818+00:00,04_vlm_polymer_bigvlm,4,4,8.5,12.87,30.49,1501.25,NVIDIA GeForce RTX 4060 Ti,51,116.59,100,6838.6,16380.0,
2026-09-05T10:13:56.543817+00:00,04_vlm_polymer_bigvlm,4,4,8.5,12.85,30.49,1501.25,NVIDIA GeForce RTX 4060 Ti,52,116.93,75,6838.6,16380.0,
2026-09-05T10:14:06.603644+00:00,04_vlm_polymer_bigvlm,4,4,8.5,12.88,30.49,1501.25,NVIDIA GeForce RTX 4060 Ti,52,116.54,100,6838.6,16380.0,
2026-09-05T10:14:16.670818+00:00,04_vlm_polymer_bigvlm,4,4,8.5,12.87,30.49,1501.25,NVIDIA GeForce RTX 4060 Ti,53,115.15,75,6838.6,16380.0,
2026-09-05T10:14:26.721834+00:00,04_vlm_polymer_bigvlm,4,4,8.5,12.87,30.49,1501.25,NVIDIA GeForce RTX 4060 Ti,49,116.5,79,6838.6,16380.0,
2026-09-05T10:14:36.789812+00:00,04_vlm_polymer_bigvlm,4,4,8.6,12.87,30.49,1501.25,NVIDIA GeForce RTX 4060 Ti,52,119.89,100,6838.6,16380.0,
2026-09-05T10:14:46.852820+00:00,04_vlm_polymer_bigvlm,4,4,8.5,12.87,30.49,1501.25,NVIDIA GeForce RTX 4060 Ti,52,119.38,100,6838.6,16380.0,
2026-09-05T10:14:56.883413+00:00,04_vlm_polymer_bigvlm,4,4,8.5,12.87,30.49,1501.25,NVIDIA GeForce RTX 4060 Ti,51,112.5,16,6838.6,16380.0,
2026-09-05T10:15:06.949810+00:00,04_vlm_polymer_bigvlm,4,4,8.5,12.84,30.49,1501.25,NVIDIA GeForce RTX 4060 Ti,52,119.83,80,6838.6,16380.0,
2026-09-05T10:15:16.979611+00:00,04_vlm_polymer_bigvlm,4,4,8.5,12.85,30.49,1501.25,NVIDIA GeForce RTX 4060 Ti,51,116.29,100,6838.6,16380.0,
2026-09-05T10:15:27.013363+00:00,04_vlm_polymer_bigvlm,4,4,8.5,12.87,30.49,1501.25,NVIDIA GeForce RTX 4060 Ti,51,115.91,60,6838.6,16380.0,
2026-09-05T10:15:37.080832+00:00,04_vlm_polymer_bigvlm,4,4,8.6,12.86,30.49,1501.25,NVIDIA GeForce RTX 4060 Ti,52,115.72,81,6838.6,16380.0,
2026-09-05T10:15:47.148837+00:00,04_vlm_polymer_bigvlm,4,4,8.5,12.87,30.49,1501.25,NVIDIA GeForce RTX 4060 Ti,51,120.41,100,6838.6,16380.0,
2026-09-05T10:15:57.211823+00:00,04_vlm_polymer_bigvlm,4,4,8.5,12.88,30.49,1501.25,NVIDIA GeForce RTX 4060 Ti,53,114.61,90,6838.6,16380.0,
2026-09-05T10:16:07.278828+00:00,04_vlm_polymer_bigvlm,4,4,8.5,12.86,30.49,1501.25,NVIDIA GeForce RTX 4060 Ti,47,115.69,100,6838.6,16380.0,
2026-09-05T10:16:17.343823+00:00,04_vlm_polymer_bigvlm,4,4,8.5,12.86,30.49,1501.25,NVIDIA GeForce RTX 4060 Ti,50,106.75,99,6838.6,16380.0,
2026-09-05T10:16:27.412902+00:00,04_vlm_polymer_bigvlm,4,4,8.5,12.84,30.49,1501.25,NVIDIA GeForce RTX 4060 Ti,50,102.54,52,6838.6,16380.0,
2026-09-05T10:16:37.476825+00:00,04_vlm_polymer_bigvlm,4,4,8.5,12.86,30.49,1501.25,NVIDIA GeForce RTX 4060 Ti,48,104.3,80,6838.6,16380.0,
2026-09-05T10:16:47.497585+00:00,04_vlm_polymer_bigvlm,4,4,8.5,12.85,30.49,1501.25,NVIDIA GeForce RTX 4060 Ti,51,115.37,100,6838.6,16380.0,
2026-09-05T10:16:57.547841+00:00,04_vlm_polymer_bigvlm,4,4,8.6,12.85,30.49,1501.25,NVIDIA GeForce RTX 4060 Ti,50,115.43,14,6838.6,16380.0,
2026-09-05T10:17:07.602451+00:00,04_vlm_polymer_bigvlm,4,4,8.6,12.88,30.49,1501.25,NVIDIA GeForce RTX 4060 Ti,51,116.94,56,6838.6,16380.0,
2026-09-05T10:17:17.665824+00:00,04_vlm_polymer_bigvlm,4,4,8.5,12.89,30.49,1501.25,NVIDIA GeForce RTX 4060 Ti,51,114.43,91,6838.6,16380.0,
2026-09-05T10:17:27.734397+00:00,04_vlm_polymer_bigvlm,4,4,8.5,12.85,30.49,1501.25,NVIDIA GeForce RTX 4060 Ti,52,114.26,100,6838.6,16380.0,
2026-09-05T10:17:37.801837+00:00,04_vlm_polymer_bigvlm,4,4,8.5,12.85,30.49,1501.25,NVIDIA GeForce RTX 4060 Ti,46,114.68,72,6838.6,16380.0,
2026-09-05T10:17:47.869822+00:00,04_vlm_polymer_bigvlm,4,4,8.5,12.83,30.49,1501.25,NVIDIA GeForce RTX 4060 Ti,51,116.24,30,6838.6,16380.0,
2026-09-05T10:17:57.936834+00:00,04_vlm_polymer_bigvlm,4,4,8.9,12.85,30.49,1501.25,NVIDIA GeForce RTX 4060 Ti,53,119.54,99,6838.6,16380.0,
2026-09-05T10:18:08.004822+00:00,04_vlm_polymer_bigvlm,4,4,8.5,12.85,30.49,1501.25,NVIDIA GeForce RTX 4060 Ti,47,114.89,100,6838.6,16380.0,
2026-09-05T10:18:18.071818+00:00,04_vlm_polymer_bigvlm,4,4,8.5,12.84,30.49,1501.25,NVIDIA GeForce RTX 4060 Ti,45,117.34,65,6838.6,16380.0,
2026-09-05T10:18:28.138836+00:00,04_vlm_polymer_bigvlm,4,4,8.5,12.84,30.49,1501.25,NVIDIA GeForce RTX 4060 Ti,49,119.06,27,6838.6,16380.0,
2026-09-05T10:18:38.181786+00:00,04_vlm_polymer_bigvlm,4,4,8.5,12.84,30.49,1501.25,NVIDIA GeForce RTX 4060 Ti,51,117.45,19,6838.6,16380.0,
2026-09-05T10:18:48.251111+00:00,04_vlm_polymer_bigvlm,4,4,8.5,12.84,30.49,1501.25,NVIDIA GeForce RTX 4060 Ti,52,115.96,99,6838.6,16380.0,
2026-09-05T10:18:58.314194+00:00,04_vlm_polymer_bigvlm,4,4,8.5,12.82,30.49,1501.25,NVIDIA GeForce RTX 4060 Ti,52,115.38,100,6838.6,16380.0,
2026-09-05T10:19:08.367839+00:00,04_vlm_polymer_bigvlm,4,4,8.5,12.83,30.49,1501.25,NVIDIA GeForce RTX 4060 Ti,49,115.07,100,6838.6,16380.0,
2026-09-05T10:19:18.435841+00:00,04_vlm_polymer_bigvlm,4,4,8.6,12.84,30.49,1501.25,NVIDIA GeForce RTX 4060 Ti,52,115.39,100,6838.6,16380.0,
2026-09-05T10:19:28.470562+00:00,04_vlm_polymer_bigvlm,4,4,8.5,12.85,30.49,1501.25,NVIDIA GeForce RTX 4060 Ti,51,120.33,41,6838.6,16380.0,
2026-09-05T10:19:38.537831+00:00,04_vlm_polymer_bigvlm,4,4,8.5,12.84,30.49,1501.25,NVIDIA GeForce RTX 4060 Ti,52,115.2,99,6838.6,16380.0,
2026-09-05T10:19:48.600839+00:00,04_vlm_polymer_bigvlm,4,4,8.5,12.84,30.49,1501.25,NVIDIA GeForce RTX 4060 Ti,52,115.58,100,6838.6,16380.0,
2026-09-05T10:19:58.626167+00:00,04_vlm_polymer_bigvlm,4,4,8.5,12.83,30.49,1501.25,NVIDIA GeForce RTX 4060 Ti,47,120.97,89,6838.6,16380.0,
2026-09-05T10:20:08.660918+00:00,04_vlm_polymer_bigvlm,4,4,8.5,12.85,30.49,1501.25,NVIDIA GeForce RTX 4060 Ti,51,117.09,55,6838.6,16380.0,
2026-09-05T10:20:18.723827+00:00,04_vlm_polymer_bigvlm,4,4,8.5,12.83,30.49,1501.25,NVIDIA GeForce RTX 4060 Ti,52,116.16,99,6838.6,16380.0,
2026-09-05T10:20:28.791736+00:00,04_vlm_polymer_bigvlm,4,4,8.5,12.84,30.49,1501.25,NVIDIA GeForce RTX 4060 Ti,51,112.48,91,6838.6,16380.0,
2026-09-05T10:20:38.859818+00:00,04_vlm_polymer_bigvlm,4,4,8.5,12.83,30.49,1501.25,NVIDIA GeForce RTX 4060 Ti,52,113.07,99,6838.6,16380.0,
2026-09-05T10:20:48.882825+00:00,04_vlm_polymer_bigvlm,4,4,8.5,12.85,30.49,1501.25,NVIDIA GeForce RTX 4060 Ti,52,117.94,99,6838.6,16380.0,
2026-09-05T10:20:58.942745+00:00,04_vlm_polymer_bigvlm,4,4,8.5,12.83,30.49,1501.25,NVIDIA GeForce RTX 4060 Ti,46,114.81,100,6838.6,16380.0,
2026-09-05T10:21:08.978356+00:00,04_vlm_polymer_bigvlm,4,4,8.5,12.84,30.49,1501.25,NVIDIA GeForce RTX 4060 Ti,51,120.31,100,6838.6,16380.0,
2026-09-05T10:21:19.045828+00:00,04_vlm_polymer_bigvlm,4,4,8.5,12.87,30.49,1501.25,NVIDIA GeForce RTX 4060 Ti,53,114.14,99,6838.6,16380.0,
2026-09-05T10:21:29.113814+00:00,04_vlm_polymer_bigvlm,4,4,8.5,12.83,30.49,1501.25,NVIDIA GeForce RTX 4060 Ti,51,117.55,100,6838.6,16380.0,
2026-09-05T10:21:39.176824+00:00,04_vlm_polymer_bigvlm,4,4,8.5,12.83,30.49,1501.25,NVIDIA GeForce RTX 4060 Ti,52,116.25,48,6838.6,16380.0,
2026-09-05T10:21:49.243822+00:00,04_vlm_polymer_bigvlm,4,4,8.5,12.83,30.49,1501.25,NVIDIA GeForce RTX 4060 Ti,52,114.79,99,6838.6,16380.0,
2026-09-05T10:21:59.309211+00:00,04_vlm_polymer_bigvlm,4,4,8.5,12.83,30.49,1501.25,NVIDIA GeForce RTX 4060 Ti,47,114.84,100,6838.6,16380.0,
2026-09-05T10:22:09.354566+00:00,04_vlm_polymer_bigvlm,4,4,8.7,12.84,30.49,1501.25,NVIDIA GeForce RTX 4060 Ti,51,121.16,100,6871.1,16380.0,
2026-09-05T10:22:19.421825+00:00,04_vlm_polymer_bigvlm,4,4,8.6,12.82,30.49,1501.25,NVIDIA GeForce RTX 4060 Ti,51,117.9,46,6871.1,16380.0,
2026-09-05T10:22:29.489854+00:00,04_vlm_polymer_bigvlm,4,4,11.4,12.92,30.49,1501.25,NVIDIA GeForce RTX 4060 Ti,47,115.25,15,6871.1,16380.0,
2026-09-05T10:22:39.530264+00:00,04_vlm_polymer_bigvlm,4,4,14.9,12.86,30.49,1501.25,NVIDIA GeForce RTX 4060 Ti,47,116.33,72,6871.1,16380.0,
2026-09-05T10:22:49.584948+00:00,04_vlm_polymer_bigvlm,4,4,15.2,12.9,30.49,1501.25,NVIDIA GeForce RTX 4060 Ti,51,117.53,100,6871.1,16380.0,
2026-09-05T10:22:59.647823+00:00,04_vlm_polymer_bigvlm,4,4,8.5,12.89,30.49,1501.25,NVIDIA GeForce RTX 4060 Ti,52,114.49,97,6871.1,16380.0,
2026-09-05T10:23:09.716161+00:00,04_vlm_polymer_bigvlm,4,4,8.5,12.87,30.49,1501.25,NVIDIA GeForce RTX 4060 Ti,49,106.05,89,6871.1,16380.0,
2026-09-05T10:23:19.735122+00:00,04_vlm_polymer_bigvlm,4,4,8.6,12.87,30.49,1501.25,NVIDIA GeForce RTX 4060 Ti,45,102.76,50,6871.1,16380.0,
2026-09-05T10:23:29.788996+00:00,04_vlm_polymer_bigvlm,4,4,8.5,12.88,30.49,1501.25,NVIDIA GeForce RTX 4060 Ti,50,103.08,57,6871.1,16380.0,
2026-09-05T10:23:39.817848+00:00,04_vlm_polymer_bigvlm,4,4,8.5,12.87,30.49,1501.25,NVIDIA GeForce RTX 4060 Ti,50,106.27,95,6871.1,16380.0,
2026-09-05T10:23:49.860552+00:00,04_vlm_polymer_bigvlm,4,4,8.5,12.87,30.49,1501.25,NVIDIA GeForce RTX 4060 Ti,49,114.7,21,6871.1,16380.0,
2026-09-05T10:23:59.917946+00:00,04_vlm_polymer_bigvlm,4,4,8.5,12.89,30.49,1501.25,NVIDIA GeForce RTX 4060 Ti,46,119.4,100,6871.1,16380.0,
2026-09-05T10:24:09.936592+00:00,04_vlm_polymer_bigvlm,4,4,8.5,12.89,30.49,1501.25,NVIDIA GeForce RTX 4060 Ti,50,114.52,100,6871.1,16380.0,
2026-09-05T10:24:19.979366+00:00,04_vlm_polymer_bigvlm,4,4,8.5,12.89,30.49,1501.25,NVIDIA GeForce RTX 4060 Ti,51,115.44,64,6871.1,16380.0,
2026-09-05T10:24:30.045822+00:00,04_vlm_polymer_bigvlm,4,4,8.5,12.88,30.49,1501.25,NVIDIA GeForce RTX 4060 Ti,51,115.59,64,6871.1,16380.0,
2026-09-05T10:24:40.113825+00:00,04_vlm_polymer_bigvlm,4,4,8.5,12.89,30.49,1501.25,NVIDIA GeForce RTX 4060 Ti,52,117.17,65,6871.1,16380.0,
2026-09-05T10:24:50.182818+00:00,04_vlm_polymer_bigvlm,4,4,8.5,12.87,30.49,1501.25,NVIDIA GeForce RTX 4060 Ti,48,120.38,100,6871.1,16380.0,
2026-09-05T10:25:00.250833+00:00,04_vlm_polymer_bigvlm,4,4,8.5,12.86,30.49,1501.25,NVIDIA GeForce RTX 4060 Ti,51,119.3,100,6871.1,16380.0,
2026-09-05T10:25:10.317818+00:00,04_vlm_polymer_bigvlm,4,4,8.5,12.9,30.49,1501.25,NVIDIA GeForce RTX 4060 Ti,52,118.24,24,6871.1,16380.0,
2026-09-05T10:25:20.385828+00:00,04_vlm_polymer_bigvlm,4,4,8.6,12.9,30.49,1501.25,NVIDIA GeForce RTX 4060 Ti,53,114.46,99,6871.1,16380.0,
2026-09-05T10:25:30.445667+00:00,04_vlm_polymer_bigvlm,4,4,8.6,12.9,30.49,1501.25,NVIDIA GeForce RTX 4060 Ti,52,116.07,99,6871.1,16380.0,
2026-09-05T10:25:40.512831+00:00,04_vlm_polymer_bigvlm,4,4,8.5,12.89,30.49,1501.25,NVIDIA GeForce RTX 4060 Ti,50,117.11,100,6871.1,16380.0,
2026-09-05T10:25:50.556122+00:00,04_vlm_polymer_bigvlm,4,4,8.5,12.9,30.49,1501.25,NVIDIA GeForce RTX 4060 Ti,48,115.3,43,6871.1,16380.0,
2026-09-05T10:26:00.599150+00:00,04_vlm_polymer_bigvlm,4,4,8.5,12.9,30.49,1501.25,NVIDIA GeForce RTX 4060 Ti,52,117.95,100,6871.1,16380.0,
2026-09-05T10:26:10.665876+00:00,04_vlm_polymer_bigvlm,4,4,8.5,12.92,30.49,1501.25,NVIDIA GeForce RTX 4060 Ti,46,115.58,78,6871.1,16380.0,
2026-09-05T10:26:20.733199+00:00,04_vlm_polymer_bigvlm,4,4,8.6,12.91,30.49,1501.25,NVIDIA GeForce RTX 4060 Ti,51,113.14,64,6871.1,16380.0,
2026-09-05T10:26:30.801831+00:00,04_vlm_polymer_bigvlm,4,4,8.5,12.9,30.49,1501.25,NVIDIA GeForce RTX 4060 Ti,52,119.03,100,6871.1,16380.0,
2026-09-05T10:26:40.865672+00:00,04_vlm_polymer_bigvlm,4,4,8.5,12.89,30.49,1501.25,NVIDIA GeForce RTX 4060 Ti,50,122.82,77,6871.1,16380.0,
2026-09-05T10:26:50.932824+00:00,04_vlm_polymer_bigvlm,4,4,8.5,12.91,30.49,1501.25,NVIDIA GeForce RTX 4060 Ti,53,118.4,100,6871.1,16380.0,
2026-09-05T10:27:00.999832+00:00,04_vlm_polymer_bigvlm,4,4,8.5,12.87,30.49,1501.25,NVIDIA GeForce RTX 4060 Ti,51,115.64,56,6871.1,16380.0,
2026-09-05T10:27:11.066825+00:00,04_vlm_polymer_bigvlm,4,4,8.7,12.91,30.49,1501.25,NVIDIA GeForce RTX 4060 Ti,52,115.29,100,6871.1,16380.0,
2026-09-05T10:27:21.135819+00:00,04_vlm_polymer_bigvlm,4,4,8.6,12.93,30.49,1501.25,NVIDIA GeForce RTX 4060 Ti,46,117.07,83,6871.1,16380.0,
2026-09-05T10:27:31.203825+00:00,04_vlm_polymer_bigvlm,4,4,8.5,12.88,30.49,1501.25,NVIDIA GeForce RTX 4060 Ti,52,114.79,100,6871.1,16380.0,
2026-09-05T10:27:41.271815+00:00,04_vlm_polymer_bigvlm,4,4,8.5,12.89,30.49,1501.25,NVIDIA GeForce RTX 4060 Ti,52,116.7,100,6871.1,16380.0,
2026-09-05T10:27:51.334831+00:00,04_vlm_polymer_bigvlm,4,4,8.5,12.89,30.49,1501.25,NVIDIA GeForce RTX 4060 Ti,50,115.6,100,6871.1,16380.0,
2026-09-05T10:28:01.402820+00:00,04_vlm_polymer_bigvlm,4,4,8.5,12.89,30.49,1501.25,NVIDIA GeForce RTX 4060 Ti,51,115.71,20,6871.1,16380.0,
2026-09-05T10:28:11.469825+00:00,04_vlm_polymer_bigvlm,4,4,8.5,12.91,30.49,1501.25,NVIDIA GeForce RTX 4060 Ti,49,116.21,20,6871.1,16380.0,
2026-09-05T10:28:21.538827+00:00,04_vlm_polymer_bigvlm,4,4,8.6,12.92,30.49,1501.25,NVIDIA GeForce RTX 4060 Ti,51,115.67,58,6871.1,16380.0,
2026-09-05T10:28:31.605821+00:00,04_vlm_polymer_bigvlm,4,4,8.5,12.92,30.49,1501.25,NVIDIA GeForce RTX 4060 Ti,52,119.06,100,6871.1,16380.0,
2026-09-05T10:28:41.673842+00:00,04_vlm_polymer_bigvlm,4,4,8.5,12.92,30.49,1501.25,NVIDIA GeForce RTX 4060 Ti,46,115.98,64,6871.1,16380.0,
2026-09-05T10:28:51.740337+00:00,04_vlm_polymer_bigvlm,4,4,8.5,12.93,30.49,1501.25,NVIDIA GeForce RTX 4060 Ti,52,118.74,78,6871.1,16380.0,
2026-09-05T10:29:01.807818+00:00,04_vlm_polymer_bigvlm,4,4,8.5,12.9,30.49,1501.25,NVIDIA GeForce RTX 4060 Ti,53,117.3,100,6871.1,16380.0,
2026-09-05T10:29:11.870885+00:00,04_vlm_polymer_bigvlm,4,4,8.5,12.9,30.49,1501.25,NVIDIA GeForce RTX 4060 Ti,51,114.46,53,6871.1,16380.0,
2026-09-05T10:29:21.938828+00:00,04_vlm_polymer_bigvlm,4,4,8.6,12.91,30.49,1501.25,NVIDIA GeForce RTX 4060 Ti,51,117.17,100,6871.1,16380.0,
2026-09-05T10:29:32.001829+00:00,04_vlm_polymer_bigvlm,4,4,8.5,12.9,30.49,1501.25,NVIDIA GeForce RTX 4060 Ti,46,114.81,100,6871.1,16380.0,
2026-09-05T10:29:42.068822+00:00,04_vlm_polymer_bigvlm,4,4,8.5,12.9,30.49,1501.25,NVIDIA GeForce RTX 4060 Ti,51,117.54,52,6871.1,16380.0,
2026-09-05T10:29:52.135831+00:00,04_vlm_polymer_bigvlm,4,4,8.5,12.89,30.49,1501.25,NVIDIA GeForce RTX 4060 Ti,52,118.01,99,6871.1,16380.0,
2026-09-05T10:30:02.202833+00:00,04_vlm_polymer_bigvlm,4,4,8.5,12.89,30.49,1501.25,NVIDIA GeForce RTX 4060 Ti,51,118.11,61,6871.1,16380.0,
2026-09-05T10:30:12.271821+00:00,04_vlm_polymer_bigvlm,4,4,8.5,12.88,30.49,1501.25,NVIDIA GeForce RTX 4060 Ti,49,103.5,87,6871.1,16380.0,
2026-09-05T10:30:22.335836+00:00,04_vlm_polymer_bigvlm,4,4,8.6,12.9,30.49,1501.25,NVIDIA GeForce RTX 4060 Ti,45,104.18,79,6871.1,16380.0,
2026-09-05T10:30:32.392458+00:00,04_vlm_polymer_bigvlm,4,4,8.5,12.87,30.49,1501.25,NVIDIA GeForce RTX 4060 Ti,50,102.78,50,6871.1,16380.0,
2026-09-05T10:30:42.411802+00:00,04_vlm_polymer_bigvlm,4,4,7.4,12.92,30.49,1501.25,NVIDIA GeForce RTX 4060 Ti,40,39.53,0,6569.1,16380.0,
2026-09-05T10:30:52.475495+00:00,04_vlm_polymer_bigvlm,4,4,8.1,12.94,30.49,1501.25,NVIDIA GeForce RTX 4060 Ti,48,105.71,73,10741.1,16380.0,
2026-09-05T10:31:02.538818+00:00,04_vlm_polymer_bigvlm,4,4,8.5,12.94,30.49,1501.25,NVIDIA GeForce RTX 4060 Ti,47,104.2,60,10740.6,16380.0,
2026-09-05T10:31:12.602555+00:00,04_vlm_polymer_bigvlm,4,4,8.5,12.94,30.49,1501.25,NVIDIA GeForce RTX 4060 Ti,49,105.76,93,10740.6,16380.0,
2026-09-05T10:31:22.661746+00:00,04_vlm_polymer_bigvlm,5,5,7.4,11.71,30.49,1501.25,NVIDIA GeForce RTX 4060 Ti,38,28.63,57,4934.6,16380.0,
2026-09-05T10:31:32.705443+00:00,04_vlm_polymer_bigvlm,5,5,9.5,12.85,30.49,1501.25,NVIDIA GeForce RTX 4060 Ti,51,112.01,100,6870.6,16380.0,
2026-09-05T10:31:42.772821+00:00,04_vlm_polymer_bigvlm,5,5,8.5,12.83,30.49,1501.25,NVIDIA GeForce RTX 4060 Ti,52,115.68,88,6870.6,16380.0,
2026-09-05T10:31:52.839826+00:00,04_vlm_polymer_bigvlm,5,5,8.5,12.86,30.49,1501.25,NVIDIA GeForce RTX 4060 Ti,50,117.34,99,6838.6,16380.0,
2026-09-05T10:32:02.880897+00:00,04_vlm_polymer_bigvlm,5,5,8.5,12.84,30.49,1501.25,NVIDIA GeForce RTX 4060 Ti,52,119.52,100,6838.6,16380.0,
2026-09-05T10:32:12.946834+00:00,04_vlm_polymer_bigvlm,5,5,8.7,12.87,30.49,1501.25,NVIDIA GeForce RTX 4060 Ti,46,114.7,86,6838.6,16380.0,
2026-09-05T10:32:23.014827+00:00,04_vlm_polymer_bigvlm,5,5,8.5,12.89,30.49,1501.25,NVIDIA GeForce RTX 4060 Ti,51,115.94,48,6838.6,16380.0,
2026-09-05T10:32:33.082821+00:00,04_vlm_polymer_bigvlm,5,5,8.6,12.86,30.49,1501.25,NVIDIA GeForce RTX 4060 Ti,51,120.55,100,6838.6,16380.0,
2026-09-05T10:32:43.150824+00:00,04_vlm_polymer_bigvlm,5,5,8.5,12.85,30.49,1501.25,NVIDIA GeForce RTX 4060 Ti,52,114.53,69,6838.6,16380.0,
2026-09-05T10:32:53.192378+00:00,04_vlm_polymer_bigvlm,5,5,8.5,12.85,30.49,1501.25,NVIDIA GeForce RTX 4060 Ti,48,113.91,100,6838.6,16380.0,
2026-09-05T10:33:03.260825+00:00,04_vlm_polymer_bigvlm,5,5,8.5,12.86,30.49,1501.25,NVIDIA GeForce RTX 4060 Ti,51,119.62,93,6838.6,16380.0,
2026-09-05T10:33:13.328821+00:00,04_vlm_polymer_bigvlm,5,5,8.5,12.86,30.49,1501.25,NVIDIA GeForce RTX 4060 Ti,53,121.33,79,6838.6,16380.0,
2026-09-05T10:33:23.394826+00:00,04_vlm_polymer_bigvlm,5,5,8.5,12.85,30.49,1501.25,NVIDIA GeForce RTX 4060 Ti,46,115.8,100,6838.6,16380.0,
2026-09-05T10:33:33.429996+00:00,04_vlm_polymer_bigvlm,5,5,8.5,12.87,30.49,1501.25,NVIDIA GeForce RTX 4060 Ti,52,116.46,35,6838.6,16380.0,
2026-09-05T10:33:43.493548+00:00,04_vlm_polymer_bigvlm,5,5,8.5,12.85,30.49,1501.25,NVIDIA GeForce RTX 4060 Ti,51,118.39,72,6838.6,16380.0,
2026-09-05T10:33:53.512674+00:00,04_vlm_polymer_bigvlm,5,5,8.5,12.87,30.49,1501.25,NVIDIA GeForce RTX 4060 Ti,47,115.98,81,6838.6,16380.0,
2026-09-05T10:34:03.580958+00:00,04_vlm_polymer_bigvlm,5,5,8.5,12.88,30.49,1501.25,NVIDIA GeForce RTX 4060 Ti,51,115.29,43,6838.6,16380.0,
2026-09-05T10:34:13.648720+00:00,04_vlm_polymer_bigvlm,5,5,8.5,12.87,30.49,1501.25,NVIDIA GeForce RTX 4060 Ti,52,118.54,100,6838.6,16380.0,
2026-09-05T10:34:23.708583+00:00,04_vlm_polymer_bigvlm,5,5,8.6,12.85,30.49,1501.25,NVIDIA GeForce RTX 4060 Ti,47,118.33,77,6838.6,16380.0,
2026-09-05T10:34:33.761973+00:00,04_vlm_polymer_bigvlm,5,5,8.5,12.87,30.49,1501.25,NVIDIA GeForce RTX 4060 Ti,51,115.52,50,6838.6,16380.0,
2026-09-05T10:34:43.830823+00:00,04_vlm_polymer_bigvlm,5,5,8.5,12.88,30.49,1501.25,NVIDIA GeForce RTX 4060 Ti,52,115.06,99,6838.6,16380.0,
2026-09-05T10:34:53.860549+00:00,04_vlm_polymer_bigvlm,5,5,8.5,12.89,30.49,1501.25,NVIDIA GeForce RTX 4060 Ti,50,114.37,100,6838.6,16380.0,
2026-09-05T10:35:03.878291+00:00,04_vlm_polymer_bigvlm,5,5,8.5,12.88,30.49,1501.25,NVIDIA GeForce RTX 4060 Ti,46,117.47,77,6838.6,16380.0,
2026-09-05T10:35:13.925336+00:00,04_vlm_polymer_bigvlm,5,5,8.5,12.89,30.49,1501.25,NVIDIA GeForce RTX 4060 Ti,52,118.4,85,6838.6,16380.0,
2026-09-05T10:35:23.990843+00:00,04_vlm_polymer_bigvlm,5,5,8.5,12.88,30.49,1501.25,NVIDIA GeForce RTX 4060 Ti,46,117.78,97,6838.6,16380.0,
2026-09-05T10:35:34.029067+00:00,04_vlm_polymer_bigvlm,5,5,8.5,12.88,30.49,1501.25,NVIDIA GeForce RTX 4060 Ti,51,114.72,27,6838.6,16380.0,
2026-09-05T10:35:44.064841+00:00,04_vlm_polymer_bigvlm,5,5,8.5,12.88,30.49,1501.25,NVIDIA GeForce RTX 4060 Ti,52,114.42,99,6838.6,16380.0,
2026-09-05T10:35:54.130816+00:00,04_vlm_polymer_bigvlm,5,5,8.5,12.86,30.49,1501.25,NVIDIA GeForce RTX 4060 Ti,48,118.74,72,6838.6,16380.0,
2026-09-05T10:36:04.198828+00:00,04_vlm_polymer_bigvlm,5,5,8.5,12.87,30.49,1501.25,NVIDIA GeForce RTX 4060 Ti,52,116.56,99,6838.6,16380.0,
2026-09-05T10:36:14.266017+00:00,04_vlm_polymer_bigvlm,5,5,8.5,12.89,30.49,1501.25,NVIDIA GeForce RTX 4060 Ti,52,116.87,100,6838.6,16380.0,
2026-09-05T10:36:24.290388+00:00,04_vlm_polymer_bigvlm,5,5,8.5,12.89,30.49,1501.25,NVIDIA GeForce RTX 4060 Ti,51,115.91,26,6838.6,16380.0,
2026-09-05T10:36:34.357872+00:00,04_vlm_polymer_bigvlm,5,5,8.5,12.89,30.49,1501.25,NVIDIA GeForce RTX 4060 Ti,47,119.0,98,6838.6,16380.0,
2026-09-05T10:36:44.414884+00:00,04_vlm_polymer_bigvlm,5,5,8.5,12.9,30.49,1501.25,NVIDIA GeForce RTX 4060 Ti,52,113.15,39,6838.6,16380.0,
2026-09-05T10:36:54.450017+00:00,04_vlm_polymer_bigvlm,5,5,8.5,12.89,30.49,1501.25,NVIDIA GeForce RTX 4060 Ti,53,117.7,99,6838.6,16380.0,
2026-09-05T10:37:04.517222+00:00,04_vlm_polymer_bigvlm,5,5,8.5,12.86,30.49,1501.25,NVIDIA GeForce RTX 4060 Ti,51,116.51,69,6838.6,16380.0,
2026-09-05T10:37:14.585117+00:00,04_vlm_polymer_bigvlm,5,5,8.7,12.9,30.49,1501.25,NVIDIA GeForce RTX 4060 Ti,48,116.59,100,6838.6,16380.0,
2026-09-05T10:37:24.616484+00:00,04_vlm_polymer_bigvlm,5,5,8.5,12.88,30.49,1501.25,NVIDIA GeForce RTX 4060 Ti,51,115.7,19,6838.6,16380.0,
2026-09-05T10:37:34.647787+00:00,04_vlm_polymer_bigvlm,5,5,8.5,12.89,30.49,1501.25,NVIDIA GeForce RTX 4060 Ti,53,114.6,100,6838.6,16380.0,
2026-09-05T10:37:44.711366+00:00,04_vlm_polymer_bigvlm,5,5,8.5,12.94,30.49,1501.25,NVIDIA GeForce RTX 4060 Ti,50,103.32,65,6838.6,16380.0,
2026-09-05T10:37:54.764831+00:00,04_vlm_polymer_bigvlm,5,5,8.5,12.95,30.49,1501.25,NVIDIA GeForce RTX 4060 Ti,51,103.17,59,6838.6,16380.0,
2026-09-05T10:38:04.832825+00:00,04_vlm_polymer_bigvlm,5,5,8.5,12.96,30.49,1501.25,NVIDIA GeForce RTX 4060 Ti,49,102.66,63,6838.6,16380.0,
2026-09-05T10:38:14.900821+00:00,04_vlm_polymer_bigvlm,5,5,8.5,12.94,30.49,1501.25,NVIDIA GeForce RTX 4060 Ti,50,106.4,70,6838.6,16380.0,
2026-09-05T10:38:24.960851+00:00,04_vlm_polymer_bigvlm,5,5,8.1,12.97,30.49,1501.21,NVIDIA GeForce RTX 4060 Ti,51,118.67,100,6838.6,16380.0,
2026-09-05T10:38:35.001302+00:00,04_vlm_polymer_bigvlm,5,5,8.5,12.94,30.49,1501.21,NVIDIA GeForce RTX 4060 Ti,51,115.86,82,6838.6,16380.0,
2026-09-05T10:38:45.055904+00:00,04_vlm_polymer_bigvlm,5,5,8.5,12.92,30.49,1501.21,NVIDIA GeForce RTX 4060 Ti,52,115.6,99,6838.6,16380.0,
2026-09-05T10:38:55.119828+00:00,04_vlm_polymer_bigvlm,5,5,8.5,12.94,30.49,1501.21,NVIDIA GeForce RTX 4060 Ti,47,112.92,100,6838.6,16380.0,
2026-09-05T10:39:05.178498+00:00,04_vlm_polymer_bigvlm,5,5,8.5,12.96,30.49,1501.21,NVIDIA GeForce RTX 4060 Ti,52,117.58,99,6838.6,16380.0,
2026-09-05T10:39:15.246028+00:00,04_vlm_polymer_bigvlm,5,5,8.5,12.98,30.49,1501.21,NVIDIA GeForce RTX 4060 Ti,52,112.88,100,6838.6,16380.0,
2026-09-05T10:39:25.313362+00:00,04_vlm_polymer_bigvlm,5,5,8.6,12.95,30.49,1501.21,NVIDIA GeForce RTX 4060 Ti,49,116.25,32,6838.6,16380.0,
2026-09-05T10:39:35.380821+00:00,04_vlm_polymer_bigvlm,5,5,8.5,12.92,30.49,1501.21,NVIDIA GeForce RTX 4060 Ti,51,119.26,69,6838.6,16380.0,
2026-09-05T10:39:45.448820+00:00,04_vlm_polymer_bigvlm,5,5,8.5,12.94,30.49,1501.21,NVIDIA GeForce RTX 4060 Ti,52,118.81,33,6838.6,16380.0,
2026-09-05T10:39:55.515820+00:00,04_vlm_polymer_bigvlm,5,5,8.5,12.92,30.49,1501.21,NVIDIA GeForce RTX 4060 Ti,52,114.47,72,6838.6,16380.0,
2026-09-05T10:40:05.583829+00:00,04_vlm_polymer_bigvlm,5,5,8.5,12.94,30.49,1501.21,NVIDIA GeForce RTX 4060 Ti,52,118.78,100,6838.6,16380.0,
2026-09-05T10:40:15.628722+00:00,04_vlm_polymer_bigvlm,5,5,8.5,12.93,30.49,1501.21,NVIDIA GeForce RTX 4060 Ti,50,114.9,37,6838.6,16380.0,
2026-09-05T10:40:25.646733+00:00,04_vlm_polymer_bigvlm,5,5,8.5,12.92,30.49,1501.21,NVIDIA GeForce RTX 4060 Ti,52,119.83,99,6838.6,16380.0,
2026-09-05T10:40:35.707820+00:00,04_vlm_polymer_bigvlm,5,5,8.5,12.93,30.49,1501.21,NVIDIA GeForce RTX 4060 Ti,52,115.71,100,6838.6,16380.0,
2026-09-05T10:40:45.762839+00:00,04_vlm_polymer_bigvlm,5,5,8.5,12.93,30.49,1501.21,NVIDIA GeForce RTX 4060 Ti,51,115.53,27,6838.6,16380.0,
2026-09-05T10:40:55.783355+00:00,04_vlm_polymer_bigvlm,5,5,8.5,12.92,30.49,1501.21,NVIDIA GeForce RTX 4060 Ti,53,121.19,99,6838.6,16380.0,
2026-09-05T10:41:05.851828+00:00,04_vlm_polymer_bigvlm,5,5,8.5,12.96,30.49,1501.21,NVIDIA GeForce RTX 4060 Ti,51,116.05,100,6838.6,16380.0,
2026-09-05T10:41:15.918909+00:00,04_vlm_polymer_bigvlm,5,5,8.5,12.95,30.49,1501.21,NVIDIA GeForce RTX 4060 Ti,53,116.69,94,6838.6,16380.0,
2026-09-05T10:41:25.980692+00:00,04_vlm_polymer_bigvlm,5,5,8.5,12.95,30.49,1501.21,NVIDIA GeForce RTX 4060 Ti,51,116.36,22,6838.6,16380.0,
2026-09-05T10:41:36.014337+00:00,04_vlm_polymer_bigvlm,5,5,8.5,12.95,30.49,1501.21,NVIDIA GeForce RTX 4060 Ti,48,120.03,100,6838.6,16380.0,
2026-09-05T10:41:46.077832+00:00,04_vlm_polymer_bigvlm,5,5,8.6,12.95,30.49,1501.21,NVIDIA GeForce RTX 4060 Ti,46,115.33,74,6838.6,16380.0,
2026-09-05T10:41:56.145820+00:00,04_vlm_polymer_bigvlm,5,5,8.5,12.95,30.49,1501.21,NVIDIA GeForce RTX 4060 Ti,51,119.35,63,6838.6,16380.0,
2026-09-05T10:42:06.212820+00:00,04_vlm_polymer_bigvlm,5,5,8.6,12.94,30.49,1501.21,NVIDIA GeForce RTX 4060 Ti,53,115.88,100,6838.6,16380.0,
2026-09-05T10:42:16.279818+00:00,04_vlm_polymer_bigvlm,5,5,8.6,12.97,30.49,1501.21,NVIDIA GeForce RTX 4060 Ti,46,116.86,45,6838.6,16380.0,
2026-09-05T10:42:26.342822+00:00,04_vlm_polymer_bigvlm,5,5,8.5,12.95,30.49,1501.21,NVIDIA GeForce RTX 4060 Ti,52,115.2,100,6838.6,16380.0,
2026-09-05T10:42:36.409825+00:00,04_vlm_polymer_bigvlm,5,5,8.5,12.94,30.49,1501.21,NVIDIA GeForce RTX 4060 Ti,52,122.03,50,6838.6,16380.0,
2026-09-05T10:42:46.477827+00:00,04_vlm_polymer_bigvlm,5,5,8.5,12.95,30.49,1501.21,NVIDIA GeForce RTX 4060 Ti,52,117.63,100,6838.6,16380.0,
2026-09-05T10:42:56.540816+00:00,04_vlm_polymer_bigvlm,5,5,8.5,12.94,30.49,1501.21,NVIDIA GeForce RTX 4060 Ti,51,116.16,100,6838.6,16380.0,
2026-09-05T10:43:06.607826+00:00,04_vlm_polymer_bigvlm,5,5,8.6,12.95,30.49,1501.21,NVIDIA GeForce RTX 4060 Ti,53,116.99,46,6838.6,16380.0,
2026-09-05T10:43:16.654748+00:00,04_vlm_polymer_bigvlm,5,5,8.5,12.96,30.49,1501.21,NVIDIA GeForce RTX 4060 Ti,51,120.32,100,6838.6,16380.0,
2026-09-05T10:43:26.721830+00:00,04_vlm_polymer_bigvlm,5,5,8.5,12.96,30.49,1501.21,NVIDIA GeForce RTX 4060 Ti,52,117.05,38,6838.6,16380.0,
2026-09-05T10:43:36.757591+00:00,04_vlm_polymer_bigvlm,5,5,8.5,12.94,30.49,1501.21,NVIDIA GeForce RTX 4060 Ti,53,116.27,99,6838.6,16380.0,
2026-09-05T10:43:46.824826+00:00,04_vlm_polymer_bigvlm,5,5,8.5,12.95,30.49,1501.21,NVIDIA GeForce RTX 4060 Ti,52,116.54,63,6838.6,16380.0,
2026-09-05T10:43:56.892258+00:00,04_vlm_polymer_bigvlm,5,5,8.5,12.97,30.49,1501.21,NVIDIA GeForce RTX 4060 Ti,53,119.47,63,6838.6,16380.0,
2026-09-05T10:44:06.938674+00:00,04_vlm_polymer_bigvlm,5,5,8.5,12.96,30.49,1501.21,NVIDIA GeForce RTX 4060 Ti,48,115.54,100,6838.6,16380.0,
2026-09-05T10:44:16.975845+00:00,04_vlm_polymer_bigvlm,5,5,8.5,12.94,30.49,1501.21,NVIDIA GeForce RTX 4060 Ti,51,117.6,48,6838.6,16380.0,
2026-09-05T10:44:27.026200+00:00,04_vlm_polymer_bigvlm,5,5,8.5,12.94,30.49,1501.21,NVIDIA GeForce RTX 4060 Ti,47,114.7,27,6838.6,16380.0,
2026-09-05T10:44:37.059401+00:00,04_vlm_polymer_bigvlm,5,5,8.5,12.92,30.49,1501.21,NVIDIA GeForce RTX 4060 Ti,51,117.0,100,6838.6,16380.0,
2026-09-05T10:44:47.124917+00:00,04_vlm_polymer_bigvlm,5,5,8.5,12.94,30.49,1501.21,NVIDIA GeForce RTX 4060 Ti,51,104.24,66,6838.6,16380.0,
2026-09-05T10:44:57.165413+00:00,04_vlm_polymer_bigvlm,5,5,8.6,12.94,30.49,1501.21,NVIDIA GeForce RTX 4060 Ti,50,102.63,97,6838.6,16380.0,
2026-09-05T10:45:07.197735+00:00,04_vlm_polymer_bigvlm,5,5,8.8,12.93,30.49,1501.21,NVIDIA GeForce RTX 4060 Ti,46,105.47,52,6838.6,16380.0,
2026-09-05T10:45:17.240881+00:00,04_vlm_polymer_bigvlm,5,5,8.5,12.92,30.49,1501.21,NVIDIA GeForce RTX 4060 Ti,45,104.27,68,6838.6,16380.0,
2026-09-05T10:45:27.262335+00:00,04_vlm_polymer_bigvlm,5,5,8.1,12.92,30.49,1501.21,NVIDIA GeForce RTX 4060 Ti,52,116.46,100,6838.6,16380.0,
2026-09-05T10:45:37.309545+00:00,04_vlm_polymer_bigvlm,5,5,8.5,12.95,30.49,1501.21,NVIDIA GeForce RTX 4060 Ti,45,116.49,54,6838.6,16380.0,
2026-09-05T10:45:47.357863+00:00,04_vlm_polymer_bigvlm,5,5,8.5,12.96,30.49,1501.21,NVIDIA GeForce RTX 4060 Ti,51,112.97,91,6838.6,16380.0,
2026-09-05T10:45:57.424819+00:00,04_vlm_polymer_bigvlm,5,5,8.6,12.94,30.49,1501.21,NVIDIA GeForce RTX 4060 Ti,51,115.76,100,6838.6,16380.0,
2026-09-05T10:46:07.493119+00:00,04_vlm_polymer_bigvlm,5,5,8.5,12.95,30.49,1501.21,NVIDIA GeForce RTX 4060 Ti,53,117.4,100,6838.6,16380.0,
2026-09-05T10:46:17.560821+00:00,04_vlm_polymer_bigvlm,5,5,8.5,12.93,30.49,1501.21,NVIDIA GeForce RTX 4060 Ti,51,115.24,44,6838.6,16380.0,
2026-09-05T10:46:27.628823+00:00,04_vlm_polymer_bigvlm,5,5,8.5,12.96,30.49,1501.21,NVIDIA GeForce RTX 4060 Ti,52,115.14,43,6838.6,16380.0,
2026-09-05T10:46:37.679301+00:00,04_vlm_polymer_bigvlm,5,5,8.5,12.95,30.49,1501.21,NVIDIA GeForce RTX 4060 Ti,53,113.16,99,6838.6,16380.0,
2026-09-05T10:46:47.740805+00:00,04_vlm_polymer_bigvlm,5,5,8.5,12.95,30.49,1501.21,NVIDIA GeForce RTX 4060 Ti,46,114.24,100,6838.6,16380.0,
2026-09-05T10:46:57.808551+00:00,04_vlm_polymer_bigvlm,5,5,8.5,12.92,30.49,1501.21,NVIDIA GeForce RTX 4060 Ti,51,117.88,94,6838.6,16380.0,
2026-09-05T10:47:07.830287+00:00,04_vlm_polymer_bigvlm,5,5,8.6,12.94,30.49,1501.21,NVIDIA GeForce RTX 4060 Ti,52,115.48,18,6838.6,16380.0,
2026-09-05T10:47:17.897819+00:00,04_vlm_polymer_bigvlm,5,5,8.7,12.96,30.49,1501.21,NVIDIA GeForce RTX 4060 Ti,52,115.45,53,6838.6,16380.0,
2026-09-05T10:47:27.966822+00:00,04_vlm_polymer_bigvlm,5,5,8.5,12.98,30.49,1501.21,NVIDIA GeForce RTX 4060 Ti,48,119.0,100,6838.6,16380.0,
2026-09-05T10:47:38.034836+00:00,04_vlm_polymer_bigvlm,5,5,8.5,12.93,30.49,1501.21,NVIDIA GeForce RTX 4060 Ti,53,119.9,100,6838.6,16380.0,
2026-09-05T10:47:48.097827+00:00,04_vlm_polymer_bigvlm,5,5,8.5,12.92,30.49,1501.21,NVIDIA GeForce RTX 4060 Ti,47,115.09,81,6838.6,16380.0,
2026-09-05T10:47:58.164810+00:00,04_vlm_polymer_bigvlm,5,5,8.5,12.92,30.49,1501.21,NVIDIA GeForce RTX 4060 Ti,51,117.31,71,6838.6,16380.0,
2026-09-05T10:48:08.219651+00:00,04_vlm_polymer_bigvlm,5,5,8.5,12.92,30.49,1501.21,NVIDIA GeForce RTX 4060 Ti,52,115.24,99,6838.6,16380.0,
2026-09-05T10:48:18.279390+00:00,04_vlm_polymer_bigvlm,5,5,8.5,12.93,30.49,1501.21,NVIDIA GeForce RTX 4060 Ti,50,115.28,100,6838.6,16380.0,
2026-09-05T10:48:28.347830+00:00,04_vlm_polymer_bigvlm,5,5,8.5,12.93,30.49,1501.21,NVIDIA GeForce RTX 4060 Ti,52,113.37,100,6838.6,16380.0,
2026-09-05T10:48:38.415011+00:00,04_vlm_polymer_bigvlm,5,5,8.5,12.93,30.49,1501.21,NVIDIA GeForce RTX 4060 Ti,53,120.6,96,6838.6,16380.0,
2026-09-05T10:48:48.475406+00:00,04_vlm_polymer_bigvlm,5,5,8.5,12.93,30.49,1501.21,NVIDIA GeForce RTX 4060 Ti,51,115.24,99,6838.6,16380.0,
2026-09-05T10:48:58.543825+00:00,04_vlm_polymer_bigvlm,5,5,8.5,12.93,30.49,1501.21,NVIDIA GeForce RTX 4060 Ti,53,116.02,100,6838.6,16380.0,
2026-09-05T10:49:08.610813+00:00,04_vlm_polymer_bigvlm,5,5,8.5,12.93,30.49,1501.21,NVIDIA GeForce RTX 4060 Ti,52,119.85,95,6838.6,16380.0,
2026-09-05T10:49:18.673825+00:00,04_vlm_polymer_bigvlm,5,5,8.5,12.93,30.49,1501.21,NVIDIA GeForce RTX 4060 Ti,47,116.17,100,6838.6,16380.0,
2026-09-05T10:49:28.740829+00:00,04_vlm_polymer_bigvlm,5,5,8.5,12.92,30.49,1501.21,NVIDIA GeForce RTX 4060 Ti,52,112.45,96,6838.6,16380.0,
2026-09-05T10:49:38.808821+00:00,04_vlm_polymer_bigvlm,5,5,8.5,12.93,30.49,1501.21,NVIDIA GeForce RTX 4060 Ti,52,116.06,99,6838.6,16380.0,
2026-09-05T10:49:48.875828+00:00,04_vlm_polymer_bigvlm,5,5,8.5,12.89,30.49,1501.21,NVIDIA GeForce RTX 4060 Ti,50,116.14,100,6838.6,16380.0,
2026-09-05T10:49:58.942836+00:00,04_vlm_polymer_bigvlm,5,5,8.5,12.91,30.49,1501.21,NVIDIA GeForce RTX 4060 Ti,52,115.05,38,6838.6,16380.0,
2026-09-05T10:50:09.009822+00:00,04_vlm_polymer_bigvlm,5,5,8.5,12.9,30.49,1501.21,NVIDIA GeForce RTX 4060 Ti,52,115.99,100,6838.6,16380.0,
2026-09-05T10:50:19.072822+00:00,04_vlm_polymer_bigvlm,5,5,8.5,12.91,30.49,1501.21,NVIDIA GeForce RTX 4060 Ti,52,119.11,30,6838.6,16380.0,
2026-09-05T10:50:29.139826+00:00,04_vlm_polymer_bigvlm,5,5,8.5,12.92,30.49,1501.21,NVIDIA GeForce RTX 4060 Ti,52,120.03,98,6838.6,16380.0,
2026-09-05T10:50:39.207820+00:00,04_vlm_polymer_bigvlm,5,5,8.5,12.93,30.49,1501.21,NVIDIA GeForce RTX 4060 Ti,47,115.85,90,6838.6,16380.0,
2026-09-05T10:50:49.276851+00:00,04_vlm_polymer_bigvlm,5,5,8.6,12.91,30.49,1501.21,NVIDIA GeForce RTX 4060 Ti,52,122.61,100,6838.6,16380.0,
2026-09-05T10:50:59.299363+00:00,04_vlm_polymer_bigvlm,5,5,8.5,12.92,30.49,1501.21,NVIDIA GeForce RTX 4060 Ti,48,116.47,98,6838.6,16380.0,
2026-09-05T10:51:09.366828+00:00,04_vlm_polymer_bigvlm,5,5,8.5,12.9,30.49,1501.21,NVIDIA GeForce RTX 4060 Ti,51,115.33,45,6838.6,16380.0,
2026-09-05T10:51:19.434823+00:00,04_vlm_polymer_bigvlm,5,5,8.5,12.92,30.49,1501.21,NVIDIA GeForce RTX 4060 Ti,52,116.36,99,6838.6,16380.0,
2026-09-05T10:51:29.501829+00:00,04_vlm_polymer_bigvlm,5,5,8.5,12.94,30.49,1501.21,NVIDIA GeForce RTX 4060 Ti,52,119.65,100,6838.6,16380.0,
2026-09-05T10:51:39.565829+00:00,04_vlm_polymer_bigvlm,5,5,8.5,12.93,30.49,1501.21,NVIDIA GeForce RTX 4060 Ti,46,111.0,100,6838.6,16380.0,
2026-09-05T10:51:49.633822+00:00,04_vlm_polymer_bigvlm,5,5,8.6,12.9,30.49,1501.21,NVIDIA GeForce RTX 4060 Ti,46,103.68,62,6838.6,16380.0,
2026-09-05T10:51:59.700838+00:00,04_vlm_polymer_bigvlm,5,5,8.6,12.89,30.49,1501.21,NVIDIA GeForce RTX 4060 Ti,51,103.61,54,6838.6,16380.0,
2026-09-05T10:52:09.767610+00:00,04_vlm_polymer_bigvlm,5,5,8.5,12.88,30.49,1501.21,NVIDIA GeForce RTX 4060 Ti,50,104.05,97,6871.1,16380.0,
2026-09-05T10:52:19.834818+00:00,04_vlm_polymer_bigvlm,5,5,8.3,12.96,30.49,1501.21,NVIDIA GeForce RTX 4060 Ti,51,115.6,55,6871.1,16380.0,
2026-09-05T10:52:29.902823+00:00,04_vlm_polymer_bigvlm,5,5,13.9,13.03,30.49,1501.21,NVIDIA GeForce RTX 4060 Ti,52,113.98,94,6871.1,16380.0,
2026-09-05T10:52:39.967266+00:00,04_vlm_polymer_bigvlm,5,5,15.4,12.82,30.49,1501.21,NVIDIA GeForce RTX 4060 Ti,47,111.95,100,6871.1,16380.0,
2026-09-05T10:52:50.034826+00:00,04_vlm_polymer_bigvlm,5,5,15.2,12.9,30.49,1501.21,NVIDIA GeForce RTX 4060 Ti,52,114.17,100,6871.1,16380.0,
2026-09-05T10:53:00.101829+00:00,04_vlm_polymer_bigvlm,5,5,8.5,12.89,30.49,1501.21,NVIDIA GeForce RTX 4060 Ti,52,119.64,87,6871.1,16380.0,
2026-09-05T10:53:10.168824+00:00,04_vlm_polymer_bigvlm,5,5,8.5,12.89,30.49,1501.21,NVIDIA GeForce RTX 4060 Ti,51,115.63,99,6871.1,16380.0,
2026-09-05T10:53:20.236827+00:00,04_vlm_polymer_bigvlm,5,5,8.5,12.9,30.49,1501.21,NVIDIA GeForce RTX 4060 Ti,52,115.71,99,6871.1,16380.0,
2026-09-05T10:53:30.302826+00:00,04_vlm_polymer_bigvlm,5,5,8.5,12.89,30.49,1501.21,NVIDIA GeForce RTX 4060 Ti,47,119.87,25,6871.1,16380.0,
2026-09-05T10:53:40.365863+00:00,04_vlm_polymer_bigvlm,5,5,8.5,12.89,30.49,1501.21,NVIDIA GeForce RTX 4060 Ti,46,114.98,57,6871.1,16380.0,
2026-09-05T10:53:50.411979+00:00,04_vlm_polymer_bigvlm,5,5,8.5,12.9,30.49,1501.21,NVIDIA GeForce RTX 4060 Ti,52,114.69,100,6871.1,16380.0,
2026-09-05T10:54:00.473702+00:00,04_vlm_polymer_bigvlm,5,5,8.5,12.9,30.49,1501.21,NVIDIA GeForce RTX 4060 Ti,52,119.23,68,6871.1,16380.0,
2026-09-05T10:54:10.541821+00:00,04_vlm_polymer_bigvlm,5,5,8.5,12.9,30.49,1501.21,NVIDIA GeForce RTX 4060 Ti,53,115.77,87,6871.1,16380.0,
2026-09-05T10:54:20.610094+00:00,04_vlm_polymer_bigvlm,5,5,8.5,12.9,30.49,1501.21,NVIDIA GeForce RTX 4060 Ti,52,117.01,75,6871.1,16380.0,
2026-09-05T10:54:30.677825+00:00,04_vlm_polymer_bigvlm,5,5,8.5,12.91,30.49,1501.21,NVIDIA GeForce RTX 4060 Ti,52,114.64,23,6871.1,16380.0,
2026-09-05T10:54:40.740827+00:00,04_vlm_polymer_bigvlm,5,5,8.5,12.95,30.49,1501.21,NVIDIA GeForce RTX 4060 Ti,48,117.0,100,6871.1,16380.0,
2026-09-05T10:54:50.807836+00:00,04_vlm_polymer_bigvlm,5,5,8.6,12.96,30.49,1501.21,NVIDIA GeForce RTX 4060 Ti,51,115.32,67,6871.1,16380.0,
2026-09-05T10:55:00.874827+00:00,04_vlm_polymer_bigvlm,5,5,8.5,12.94,30.49,1501.21,NVIDIA GeForce RTX 4060 Ti,52,116.16,99,6871.1,16380.0,
2026-09-05T10:55:10.942818+00:00,04_vlm_polymer_bigvlm,5,5,8.5,12.94,30.49,1501.21,NVIDIA GeForce RTX 4060 Ti,49,120.11,100,6871.1,16380.0,
2026-09-05T10:55:21.010821+00:00,04_vlm_polymer_bigvlm,5,5,8.5,12.91,30.49,1501.21,NVIDIA GeForce RTX 4060 Ti,52,114.63,22,6871.1,16380.0,
2026-09-05T10:55:31.077849+00:00,04_vlm_polymer_bigvlm,5,5,8.5,12.92,30.49,1501.21,NVIDIA GeForce RTX 4060 Ti,46,117.34,58,6871.1,16380.0,
2026-09-05T10:55:41.144051+00:00,04_vlm_polymer_bigvlm,5,5,8.5,12.92,30.49,1501.21,NVIDIA GeForce RTX 4060 Ti,52,115.75,99,6871.1,16380.0,
2026-09-05T10:55:51.189470+00:00,04_vlm_polymer_bigvlm,5,5,8.6,12.91,30.49,1501.21,NVIDIA GeForce RTX 4060 Ti,53,114.98,100,6871.1,16380.0,
2026-09-05T10:56:01.256817+00:00,04_vlm_polymer_bigvlm,5,5,8.5,12.89,30.49,1501.21,NVIDIA GeForce RTX 4060 Ti,52,120.04,31,6871.1,16380.0,
2026-09-05T10:56:11.319819+00:00,04_vlm_polymer_bigvlm,5,5,8.5,12.89,30.49,1501.21,NVIDIA GeForce RTX 4060 Ti,48,114.89,100,6871.1,16380.0,
2026-09-05T10:56:21.385822+00:00,04_vlm_polymer_bigvlm,5,5,8.5,12.88,30.49,1501.21,NVIDIA GeForce RTX 4060 Ti,52,114.44,76,6871.1,16380.0,
2026-09-05T10:56:31.452820+00:00,04_vlm_polymer_bigvlm,5,5,8.5,12.91,30.49,1501.21,NVIDIA GeForce RTX 4060 Ti,53,120.64,100,6871.1,16380.0,
2026-09-05T10:56:41.515825+00:00,04_vlm_polymer_bigvlm,5,5,8.5,12.88,30.49,1501.21,NVIDIA GeForce RTX 4060 Ti,48,117.14,100,6871.1,16380.0,
2026-09-05T10:56:51.583820+00:00,04_vlm_polymer_bigvlm,5,5,8.6,12.9,30.49,1501.21,NVIDIA GeForce RTX 4060 Ti,52,115.89,21,6871.1,16380.0,
2026-09-05T10:57:01.650829+00:00,04_vlm_polymer_bigvlm,5,5,8.5,12.9,30.49,1501.21,NVIDIA GeForce RTX 4060 Ti,53,116.14,99,6871.1,16380.0,
2026-09-05T10:57:11.713364+00:00,04_vlm_polymer_bigvlm,5,5,8.5,12.91,30.49,1501.21,NVIDIA GeForce RTX 4060 Ti,52,117.71,30,6871.1,16380.0,
2026-09-05T10:57:21.748594+00:00,04_vlm_polymer_bigvlm,5,5,8.7,12.96,30.49,1501.21,NVIDIA GeForce RTX 4060 Ti,52,111.53,99,6871.1,16380.0,
2026-09-05T10:57:31.791309+00:00,04_vlm_polymer_bigvlm,5,5,8.5,12.93,30.49,1501.21,NVIDIA GeForce RTX 4060 Ti,53,115.8,100,6871.1,16380.0,
2026-09-05T10:57:41.823597+00:00,04_vlm_polymer_bigvlm,5,5,8.5,12.94,30.49,1501.21,NVIDIA GeForce RTX 4060 Ti,46,118.25,78,6871.1,16380.0,
2026-09-05T10:57:51.838173+00:00,04_vlm_polymer_bigvlm,5,5,8.6,12.93,30.49,1501.21,NVIDIA GeForce RTX 4060 Ti,51,114.98,25,6871.1,16380.0,
2026-09-05T10:58:01.906832+00:00,04_vlm_polymer_bigvlm,5,5,8.5,12.96,30.49,1501.21,NVIDIA GeForce RTX 4060 Ti,52,115.35,99,6871.1,16380.0,
2026-09-05T10:58:11.972826+00:00,04_vlm_polymer_bigvlm,5,5,8.5,12.94,30.49,1501.21,NVIDIA GeForce RTX 4060 Ti,49,118.65,100,6871.1,16380.0,
2026-09-05T10:58:22.040836+00:00,04_vlm_polymer_bigvlm,5,5,8.5,12.93,30.49,1501.21,NVIDIA GeForce RTX 4060 Ti,51,119.08,100,6871.1,16380.0,
2026-09-05T10:58:32.103831+00:00,04_vlm_polymer_bigvlm,5,5,8.5,12.94,30.49,1501.21,NVIDIA GeForce RTX 4060 Ti,48,117.45,42,6871.1,16380.0,
2026-09-05T10:58:42.171875+00:00,04_vlm_polymer_bigvlm,5,5,8.7,12.93,30.49,1501.21,NVIDIA GeForce RTX 4060 Ti,51,103.17,51,6871.1,16380.0,
2026-09-05T10:58:52.225155+00:00,04_vlm_polymer_bigvlm,5,5,8.7,12.94,30.49,1501.21,NVIDIA GeForce RTX 4060 Ti,49,102.67,54,6871.1,16380.0,
2026-09-05T10:59:02.287275+00:00,04_vlm_polymer_bigvlm,5,5,8.5,12.93,30.49,1501.21,NVIDIA GeForce RTX 4060 Ti,45,100.12,96,6871.1,16380.0,
2026-09-05T10:59:12.330382+00:00,04_vlm_polymer_bigvlm,5,5,8.5,12.92,30.49,1501.21,NVIDIA GeForce RTX 4060 Ti,47,102.59,75,6871.1,16380.0,
2026-09-05T10:59:22.352565+00:00,04_vlm_polymer_bigvlm,5,5,8.1,12.94,30.49,1501.21,NVIDIA GeForce RTX 4060 Ti,45,115.88,53,6871.1,16380.0,
2026-09-05T10:59:32.415824+00:00,04_vlm_polymer_bigvlm,5,5,8.5,12.94,30.49,1501.21,NVIDIA GeForce RTX 4060 Ti,51,114.61,84,6871.1,16380.0,
2026-09-05T10:59:42.483600+00:00,04_vlm_polymer_bigvlm,5,5,8.5,12.93,30.49,1501.21,NVIDIA GeForce RTX 4060 Ti,51,115.81,99,6871.1,16380.0,
2026-09-05T10:59:52.551824+00:00,04_vlm_polymer_bigvlm,5,5,8.6,12.93,30.49,1501.21,NVIDIA GeForce RTX 4060 Ti,49,114.84,100,6871.1,16380.0,
2026-09-05T11:00:02.619824+00:00,04_vlm_polymer_bigvlm,5,5,8.5,12.89,30.49,1501.21,NVIDIA GeForce RTX 4060 Ti,51,115.31,34,6871.1,16380.0,
2026-09-05T11:00:12.638275+00:00,04_vlm_polymer_bigvlm,5,5,8.5,12.92,30.49,1501.21,NVIDIA GeForce RTX 4060 Ti,52,120.31,99,6871.1,16380.0,
2026-09-05T11:00:22.705567+00:00,04_vlm_polymer_bigvlm,5,5,8.5,12.93,30.49,1501.21,NVIDIA GeForce RTX 4060 Ti,48,112.12,100,6871.1,16380.0,
2026-09-05T11:00:32.772830+00:00,04_vlm_polymer_bigvlm,5,5,8.5,12.92,30.49,1501.21,NVIDIA GeForce RTX 4060 Ti,52,117.66,75,6871.1,16380.0,
2026-09-05T11:00:42.835834+00:00,04_vlm_polymer_bigvlm,5,5,8.5,12.92,30.49,1501.21,NVIDIA GeForce RTX 4060 Ti,52,116.52,17,6871.1,16380.0,
2026-09-05T11:00:52.903533+00:00,04_vlm_polymer_bigvlm,5,5,8.6,12.9,30.49,1501.21,NVIDIA GeForce RTX 4060 Ti,47,119.86,100,6871.1,16380.0,
2026-09-05T11:01:02.966825+00:00,04_vlm_polymer_bigvlm,5,5,8.5,12.91,30.49,1501.21,NVIDIA GeForce RTX 4060 Ti,51,116.45,67,6871.1,16380.0,
2026-09-05T11:01:13.034830+00:00,04_vlm_polymer_bigvlm,5,5,8.5,12.89,30.49,1501.21,NVIDIA GeForce RTX 4060 Ti,52,119.76,52,6871.1,16380.0,
2026-09-05T11:01:23.074993+00:00,04_vlm_polymer_bigvlm,5,5,8.5,12.91,30.49,1501.21,NVIDIA GeForce RTX 4060 Ti,52,116.22,100,6871.1,16380.0,
2026-09-05T11:01:33.143820+00:00,04_vlm_polymer_bigvlm,5,5,8.5,12.91,30.49,1501.21,NVIDIA GeForce RTX 4060 Ti,52,115.52,100,6871.1,16380.0,
2026-09-05T11:01:43.206820+00:00,04_vlm_polymer_bigvlm,5,5,8.5,12.93,30.49,1501.21,NVIDIA GeForce RTX 4060 Ti,47,116.89,40,6871.1,16380.0,
2026-09-05T11:01:53.274822+00:00,04_vlm_polymer_bigvlm,5,5,8.5,12.95,30.49,1501.21,NVIDIA GeForce RTX 4060 Ti,51,119.94,99,6839.1,16380.0,
2026-09-05T11:02:03.337820+00:00,04_vlm_polymer_bigvlm,5,5,8.5,12.93,30.49,1501.21,NVIDIA GeForce RTX 4060 Ti,52,115.58,100,6839.1,16380.0,
2026-09-05T11:02:13.405826+00:00,04_vlm_polymer_bigvlm,5,5,8.5,12.92,30.49,1501.21,NVIDIA GeForce RTX 4060 Ti,51,120.81,99,6839.1,16380.0,
2026-09-05T11:02:23.474346+00:00,04_vlm_polymer_bigvlm,5,5,8.7,12.96,30.49,1501.21,NVIDIA GeForce RTX 4060 Ti,52,118.4,100,6839.1,16380.0,
2026-09-05T11:02:33.537831+00:00,04_vlm_polymer_bigvlm,5,5,8.6,12.92,30.49,1501.21,NVIDIA GeForce RTX 4060 Ti,52,114.65,66,6839.1,16380.0,
2026-09-05T11:02:43.606831+00:00,04_vlm_polymer_bigvlm,5,5,8.5,12.93,30.49,1501.21,NVIDIA GeForce RTX 4060 Ti,52,116.09,63,6839.1,16380.0,
2026-09-05T11:02:53.675433+00:00,04_vlm_polymer_bigvlm,5,5,8.5,12.93,30.49,1501.21,NVIDIA GeForce RTX 4060 Ti,46,113.0,100,6839.1,16380.0,
2026-09-05T11:03:03.742818+00:00,04_vlm_polymer_bigvlm,5,5,8.5,12.92,30.49,1501.21,NVIDIA GeForce RTX 4060 Ti,52,117.51,70,6839.1,16380.0,
2026-09-05T11:03:13.811829+00:00,04_vlm_polymer_bigvlm,5,5,8.5,12.94,30.49,1501.21,NVIDIA GeForce RTX 4060 Ti,52,115.93,81,6839.1,16380.0,
2026-09-05T11:03:23.878821+00:00,04_vlm_polymer_bigvlm,5,5,8.5,12.92,30.49,1501.21,NVIDIA GeForce RTX 4060 Ti,50,114.73,100,6839.1,16380.0,
2026-09-05T11:03:33.946818+00:00,04_vlm_polymer_bigvlm,5,5,8.5,12.91,30.49,1501.21,NVIDIA GeForce RTX 4060 Ti,52,117.84,37,6839.1,16380.0,
2026-09-05T11:03:44.014299+00:00,04_vlm_polymer_bigvlm,5,5,8.5,12.94,30.49,1501.21,NVIDIA GeForce RTX 4060 Ti,52,119.78,87,6839.1,16380.0,
2026-09-05T11:03:54.077822+00:00,04_vlm_polymer_bigvlm,5,5,8.5,12.94,30.49,1501.21,NVIDIA GeForce RTX 4060 Ti,51,116.33,49,6839.1,16380.0,
2026-09-05T11:04:04.144823+00:00,04_vlm_polymer_bigvlm,5,5,8.5,12.94,30.49,1501.21,NVIDIA GeForce RTX 4060 Ti,52,114.87,99,6838.6,16380.0,
2026-09-05T11:04:14.212828+00:00,04_vlm_polymer_bigvlm,5,5,8.5,12.94,30.49,1501.21,NVIDIA GeForce RTX 4060 Ti,52,115.53,100,6838.6,16380.0,
2026-09-05T11:04:24.281018+00:00,04_vlm_polymer_bigvlm,5,5,8.5,12.94,30.49,1501.21,NVIDIA GeForce RTX 4060 Ti,49,115.77,44,6838.6,16380.0,
2026-09-05T11:04:34.349821+00:00,04_vlm_polymer_bigvlm,5,5,8.6,12.94,30.49,1501.21,NVIDIA GeForce RTX 4060 Ti,51,117.09,56,6838.6,16380.0,
2026-09-05T11:04:44.418829+00:00,04_vlm_polymer_bigvlm,5,5,8.5,12.92,30.49,1501.21,NVIDIA GeForce RTX 4060 Ti,46,116.35,71,6838.6,16380.0,
2026-09-05T11:04:54.481826+00:00,04_vlm_polymer_bigvlm,5,5,8.5,12.95,30.49,1501.21,NVIDIA GeForce RTX 4060 Ti,46,116.45,73,6838.6,16380.0,
2026-09-05T11:05:04.550819+00:00,04_vlm_polymer_bigvlm,5,5,8.5,12.93,30.49,1501.21,NVIDIA GeForce RTX 4060 Ti,51,115.44,57,6838.6,16380.0,
2026-09-05T11:05:14.616493+00:00,04_vlm_polymer_bigvlm,5,5,8.5,12.91,30.49,1501.21,NVIDIA GeForce RTX 4060 Ti,53,117.32,99,6838.6,16380.0,
2026-09-05T11:05:24.682827+00:00,04_vlm_polymer_bigvlm,5,5,8.5,12.92,30.49,1501.21,NVIDIA GeForce RTX 4060 Ti,52,115.63,99,6838.6,16380.0,
2026-09-05T11:05:34.734972+00:00,04_vlm_polymer_bigvlm,5,5,8.6,12.9,30.49,1501.21,NVIDIA GeForce RTX 4060 Ti,52,119.82,76,6838.6,16380.0,
2026-09-05T11:05:44.802816+00:00,04_vlm_polymer_bigvlm,5,5,8.6,12.95,30.49,1501.21,NVIDIA GeForce RTX 4060 Ti,48,102.76,54,6838.6,16380.0,
2026-09-05T11:05:54.866813+00:00,04_vlm_polymer_bigvlm,5,5,8.5,12.94,30.49,1501.21,NVIDIA GeForce RTX 4060 Ti,45,103.42,49,6838.6,16380.0,
2026-09-05T11:06:04.935827+00:00,04_vlm_polymer_bigvlm,5,5,8.5,12.96,30.49,1501.21,NVIDIA GeForce RTX 4060 Ti,49,102.55,98,6838.6,16380.0,
2026-09-05T11:06:15.002829+00:00,04_vlm_polymer_bigvlm,5,5,8.5,12.94,30.49,1501.21,NVIDIA GeForce RTX 4060 Ti,49,115.24,49,6838.6,16380.0,
2026-09-05T11:06:25.070808+00:00,04_vlm_polymer_bigvlm,5,5,8.5,12.95,30.49,1501.21,NVIDIA GeForce RTX 4060 Ti,51,115.95,35,6838.6,16380.0,
2026-09-05T11:06:35.136821+00:00,04_vlm_polymer_bigvlm,5,5,8.6,12.95,30.49,1501.21,NVIDIA GeForce RTX 4060 Ti,50,115.56,99,6838.6,16380.0,
2026-09-05T11:06:45.205412+00:00,04_vlm_polymer_bigvlm,5,5,8.5,12.94,30.49,1501.21,NVIDIA GeForce RTX 4060 Ti,52,117.17,100,6838.6,16380.0,
2026-09-05T11:06:55.237142+00:00,04_vlm_polymer_bigvlm,5,5,8.5,12.92,30.49,1501.21,NVIDIA GeForce RTX 4060 Ti,46,114.62,28,6838.6,16380.0,
2026-09-05T11:07:05.303431+00:00,04_vlm_polymer_bigvlm,5,5,8.5,12.92,30.49,1501.21,NVIDIA GeForce RTX 4060 Ti,52,115.86,100,6838.6,16380.0,
2026-09-05T11:07:15.370820+00:00,04_vlm_polymer_bigvlm,5,5,8.5,12.93,30.49,1501.21,NVIDIA GeForce RTX 4060 Ti,46,116.39,62,6838.6,16380.0,
2026-09-05T11:07:25.418941+00:00,04_vlm_polymer_bigvlm,5,5,8.7,12.98,30.49,1501.21,NVIDIA GeForce RTX 4060 Ti,52,114.23,99,6838.6,16380.0,
2026-09-05T11:07:35.453234+00:00,04_vlm_polymer_bigvlm,5,5,8.6,12.94,30.49,1501.21,NVIDIA GeForce RTX 4060 Ti,52,116.81,100,6838.6,16380.0,
2026-09-05T11:07:45.472718+00:00,04_vlm_polymer_bigvlm,5,5,8.5,12.95,30.49,1501.21,NVIDIA GeForce RTX 4060 Ti,51,117.6,100,6838.6,16380.0,
2026-09-05T11:07:55.500553+00:00,04_vlm_polymer_bigvlm,5,5,8.5,12.95,30.49,1501.21,NVIDIA GeForce RTX 4060 Ti,51,113.55,16,6838.6,16380.0,
2026-09-05T11:08:05.561528+00:00,04_vlm_polymer_bigvlm,5,5,8.5,12.95,30.49,1501.21,NVIDIA GeForce RTX 4060 Ti,52,117.53,99,6838.6,16380.0,
2026-09-05T11:08:15.620745+00:00,04_vlm_polymer_bigvlm,5,5,8.5,12.95,30.49,1501.21,NVIDIA GeForce RTX 4060 Ti,51,115.47,100,6838.6,16380.0,
2026-09-05T11:08:25.646226+00:00,04_vlm_polymer_bigvlm,5,5,8.5,12.96,30.49,1501.21,NVIDIA GeForce RTX 4060 Ti,52,115.45,27,6838.6,16380.0,
2026-09-05T11:08:35.676970+00:00,04_vlm_polymer_bigvlm,5,5,8.6,12.95,30.49,1501.21,NVIDIA GeForce RTX 4060 Ti,52,120.03,95,6838.6,16380.0,
2026-09-05T11:08:45.725760+00:00,04_vlm_polymer_bigvlm,5,5,8.5,12.96,30.49,1501.21,NVIDIA GeForce RTX 4060 Ti,50,117.97,100,6838.6,16380.0,
2026-09-05T11:08:55.794597+00:00,04_vlm_polymer_bigvlm,5,5,8.5,12.96,30.49,1501.21,NVIDIA GeForce RTX 4060 Ti,52,119.59,25,6838.6,16380.0,
2026-09-05T11:09:05.860546+00:00,04_vlm_polymer_bigvlm,5,5,8.5,12.94,30.49,1501.21,NVIDIA GeForce RTX 4060 Ti,48,113.74,100,6838.6,16380.0,
2026-09-05T11:09:15.887390+00:00,04_vlm_polymer_bigvlm,5,5,8.5,12.95,30.49,1501.21,NVIDIA GeForce RTX 4060 Ti,51,119.64,99,6838.6,16380.0,
2026-09-05T11:09:25.919054+00:00,04_vlm_polymer_bigvlm,5,5,8.5,12.95,30.49,1501.21,NVIDIA GeForce RTX 4060 Ti,52,117.25,22,6838.6,16380.0,
2026-09-05T11:09:35.987386+00:00,04_vlm_polymer_bigvlm,5,5,8.6,12.96,30.49,1501.21,NVIDIA GeForce RTX 4060 Ti,51,117.98,100,6838.6,16380.0,
2026-09-05T11:09:46.055842+00:00,04_vlm_polymer_bigvlm,5,5,8.5,12.97,30.49,1501.21,NVIDIA GeForce RTX 4060 Ti,53,119.34,95,6838.6,16380.0,
2026-09-05T11:09:56.124823+00:00,04_vlm_polymer_bigvlm,5,5,8.5,12.95,30.49,1501.21,NVIDIA GeForce RTX 4060 Ti,52,119.81,100,6838.6,16380.0,
2026-09-05T11:10:06.180258+00:00,04_vlm_polymer_bigvlm,5,5,8.5,12.97,30.49,1501.21,NVIDIA GeForce RTX 4060 Ti,48,117.72,75,6838.6,16380.0,
2026-09-05T11:10:16.247523+00:00,04_vlm_polymer_bigvlm,5,5,8.5,12.97,30.49,1501.21,NVIDIA GeForce RTX 4060 Ti,52,115.69,100,6838.6,16380.0,
2026-09-05T11:10:26.276126+00:00,04_vlm_polymer_bigvlm,5,5,8.5,12.97,30.49,1501.21,NVIDIA GeForce RTX 4060 Ti,47,115.32,21,6838.6,16380.0,
2026-09-05T11:10:36.344838+00:00,04_vlm_polymer_bigvlm,5,5,8.5,12.97,30.49,1501.21,NVIDIA GeForce RTX 4060 Ti,51,119.85,99,6838.6,16380.0,
2026-09-05T11:10:46.371858+00:00,04_vlm_polymer_bigvlm,5,5,8.5,12.97,30.49,1501.21,NVIDIA GeForce RTX 4060 Ti,53,117.97,72,6838.6,16380.0,
2026-09-05T11:10:56.400855+00:00,04_vlm_polymer_bigvlm,5,5,8.5,12.96,30.49,1501.21,NVIDIA GeForce RTX 4060 Ti,51,117.95,99,6838.6,16380.0,
2026-09-05T11:11:06.467830+00:00,04_vlm_polymer_bigvlm,5,5,8.5,12.97,30.49,1501.21,NVIDIA GeForce RTX 4060 Ti,52,116.61,100,6838.6,16380.0,
2026-09-05T11:11:16.521403+00:00,04_vlm_polymer_bigvlm,5,5,8.5,12.98,30.49,1501.21,NVIDIA GeForce RTX 4060 Ti,46,118.34,42,6838.6,16380.0,
2026-09-05T11:11:26.589218+00:00,04_vlm_polymer_bigvlm,5,5,8.5,12.97,30.49,1501.21,NVIDIA GeForce RTX 4060 Ti,52,116.17,99,6838.6,16380.0,
2026-09-05T11:11:36.616486+00:00,04_vlm_polymer_bigvlm,5,5,8.8,12.98,30.49,1501.21,NVIDIA GeForce RTX 4060 Ti,52,118.51,94,6838.6,16380.0,
2026-09-05T11:11:46.683828+00:00,04_vlm_polymer_bigvlm,5,5,8.5,12.98,30.49,1501.21,NVIDIA GeForce RTX 4060 Ti,48,115.21,100,6838.6,16380.0,
2026-09-05T11:11:56.750833+00:00,04_vlm_polymer_bigvlm,5,5,8.5,12.98,30.49,1501.21,NVIDIA GeForce RTX 4060 Ti,50,114.64,100,6838.6,16380.0,
2026-09-05T11:12:06.818805+00:00,04_vlm_polymer_bigvlm,5,5,8.5,12.99,30.49,1501.21,NVIDIA GeForce RTX 4060 Ti,52,118.01,51,6838.6,16380.0,
2026-09-05T11:12:16.882817+00:00,04_vlm_polymer_bigvlm,5,5,8.5,12.97,30.49,1501.21,NVIDIA GeForce RTX 4060 Ti,52,117.89,99,6838.6,16380.0,
2026-09-05T11:12:26.950822+00:00,04_vlm_polymer_bigvlm,5,5,8.7,13.0,30.49,1501.21,NVIDIA GeForce RTX 4060 Ti,51,116.79,100,6838.6,16380.0,
2026-09-05T11:12:37.018835+00:00,04_vlm_polymer_bigvlm,5,5,8.6,12.95,30.49,1501.21,NVIDIA GeForce RTX 4060 Ti,50,102.87,73,6838.6,16380.0,
2026-09-05T11:12:47.085832+00:00,04_vlm_polymer_bigvlm,5,5,8.6,12.95,30.49,1501.21,NVIDIA GeForce RTX 4060 Ti,49,100.51,94,6838.6,16380.0,
2026-09-05T11:12:57.154031+00:00,04_vlm_polymer_bigvlm,5,5,8.5,12.96,30.49,1501.21,NVIDIA GeForce RTX 4060 Ti,47,103.46,79,6838.6,16380.0,
2026-09-05T11:13:07.221829+00:00,04_vlm_polymer_bigvlm,5,5,8.5,12.95,30.49,1501.21,NVIDIA GeForce RTX 4060 Ti,50,105.56,77,6838.6,16380.0,
2026-09-05T11:13:17.290860+00:00,04_vlm_polymer_bigvlm,5,5,7.3,12.98,30.49,1501.21,NVIDIA GeForce RTX 4060 Ti,49,105.75,56,10708.6,16380.0,
2026-09-05T11:13:27.353834+00:00,04_vlm_polymer_bigvlm,5,5,8.6,12.99,30.49,1501.21,NVIDIA GeForce RTX 4060 Ti,45,106.2,89,10708.6,16380.0,
2026-09-05T11:13:37.388885+00:00,04_vlm_polymer_bigvlm,5,5,8.5,12.99,30.49,1501.21,NVIDIA GeForce RTX 4060 Ti,45,104.09,99,10708.6,16380.0,
2026-09-05T11:13:47.445373+00:00,04_vlm_polymer_bigvlm,6,6,8.6,11.62,30.49,1501.21,NVIDIA GeForce RTX 4060 Ti,40,37.92,0,1679.5,16380.0,
2026-09-05T11:13:57.509836+00:00,04_vlm_polymer_bigvlm,6,6,8.0,12.91,30.49,1501.21,NVIDIA GeForce RTX 4060 Ti,51,114.8,100,6838.6,16380.0,
2026-09-05T11:14:07.575822+00:00,04_vlm_polymer_bigvlm,6,6,8.5,12.89,30.49,1501.21,NVIDIA GeForce RTX 4060 Ti,50,113.45,18,6838.6,16380.0,
2026-09-05T11:14:17.642822+00:00,04_vlm_polymer_bigvlm,6,6,8.5,12.88,30.49,1501.21,NVIDIA GeForce RTX 4060 Ti,50,116.43,100,6838.6,16380.0,
2026-09-05T11:14:27.667046+00:00,04_vlm_polymer_bigvlm,6,6,8.5,12.88,30.49,1501.21,NVIDIA GeForce RTX 4060 Ti,51,116.18,100,6838.6,16380.0,
2026-09-05T11:14:37.701822+00:00,04_vlm_polymer_bigvlm,6,6,8.5,12.89,30.49,1501.21,NVIDIA GeForce RTX 4060 Ti,52,119.65,81,6838.6,16380.0,
2026-09-05T11:14:47.765439+00:00,04_vlm_polymer_bigvlm,6,6,8.5,12.87,30.49,1501.21,NVIDIA GeForce RTX 4060 Ti,52,118.45,99,6838.6,16380.0,
2026-09-05T11:14:57.831824+00:00,04_vlm_polymer_bigvlm,6,6,8.5,12.88,30.49,1501.21,NVIDIA GeForce RTX 4060 Ti,52,118.55,100,6838.6,16380.0,
2026-09-05T11:15:07.860526+00:00,04_vlm_polymer_bigvlm,6,6,8.5,12.85,30.49,1501.21,NVIDIA GeForce RTX 4060 Ti,46,114.8,90,6838.6,16380.0,
2026-09-05T11:15:17.923820+00:00,04_vlm_polymer_bigvlm,6,6,8.5,12.88,30.49,1501.21,NVIDIA GeForce RTX 4060 Ti,51,115.6,22,6838.6,16380.0,
2026-09-05T11:15:27.993149+00:00,04_vlm_polymer_bigvlm,6,6,8.5,12.91,30.49,1501.21,NVIDIA GeForce RTX 4060 Ti,52,114.43,92,6838.6,16380.0,
2026-09-05T11:15:38.060836+00:00,04_vlm_polymer_bigvlm,6,6,8.5,12.9,30.49,1501.21,NVIDIA GeForce RTX 4060 Ti,52,118.93,100,6838.6,16380.0,
2026-09-05T11:15:48.095708+00:00,04_vlm_polymer_bigvlm,6,6,8.5,12.89,30.49,1501.21,NVIDIA GeForce RTX 4060 Ti,47,117.09,100,6838.6,16380.0,
2026-09-05T11:15:58.147399+00:00,04_vlm_polymer_bigvlm,6,6,8.5,12.89,30.49,1501.21,NVIDIA GeForce RTX 4060 Ti,52,114.12,100,6838.6,16380.0,
2026-09-05T11:16:08.178399+00:00,04_vlm_polymer_bigvlm,6,6,8.5,12.9,30.49,1501.21,NVIDIA GeForce RTX 4060 Ti,51,113.86,33,6838.6,16380.0,
2026-09-05T11:16:18.236996+00:00,04_vlm_polymer_bigvlm,6,6,8.5,12.9,30.49,1501.21,NVIDIA GeForce RTX 4060 Ti,52,115.9,100,6838.6,16380.0,
2026-09-05T11:16:28.299819+00:00,04_vlm_polymer_bigvlm,6,6,8.5,12.9,30.49,1501.21,NVIDIA GeForce RTX 4060 Ti,50,116.23,30,6838.6,16380.0,
2026-09-05T11:16:38.347515+00:00,04_vlm_polymer_bigvlm,6,6,8.5,12.89,30.49,1501.21,NVIDIA GeForce RTX 4060 Ti,51,119.1,41,6838.6,16380.0,
2026-09-05T11:16:48.411053+00:00,04_vlm_polymer_bigvlm,6,6,8.5,12.88,30.49,1501.21,NVIDIA GeForce RTX 4060 Ti,52,119.17,100,6838.6,16380.0,
2026-09-05T11:16:58.479015+00:00,04_vlm_polymer_bigvlm,6,6,8.5,12.87,30.49,1501.21,NVIDIA GeForce RTX 4060 Ti,52,120.54,100,6838.6,16380.0,
2026-09-05T11:17:08.536995+00:00,04_vlm_polymer_bigvlm,6,6,8.5,12.88,30.49,1501.21,NVIDIA GeForce RTX 4060 Ti,52,119.15,50,6838.6,16380.0,
2026-09-05T11:17:18.604870+00:00,04_vlm_polymer_bigvlm,6,6,8.5,12.85,30.49,1501.21,NVIDIA GeForce RTX 4060 Ti,52,120.02,100,6838.6,16380.0,
2026-09-05T11:17:28.673465+00:00,04_vlm_polymer_bigvlm,6,6,8.7,12.89,30.49,1501.21,NVIDIA GeForce RTX 4060 Ti,51,115.16,86,6838.6,16380.0,
2026-09-05T11:17:38.742172+00:00,04_vlm_polymer_bigvlm,6,6,8.5,12.89,30.49,1501.21,NVIDIA GeForce RTX 4060 Ti,52,119.82,24,6838.6,16380.0,
2026-09-05T11:17:48.806147+00:00,04_vlm_polymer_bigvlm,6,6,8.5,12.88,30.49,1501.21,NVIDIA GeForce RTX 4060 Ti,53,114.86,85,6838.6,16380.0,
2026-09-05T11:17:58.874119+00:00,04_vlm_polymer_bigvlm,6,6,8.5,12.87,30.49,1501.21,NVIDIA GeForce RTX 4060 Ti,50,103.93,99,6838.6,16380.0,
2026-09-05T11:18:08.894136+00:00,04_vlm_polymer_bigvlm,6,6,8.5,12.88,30.49,1501.21,NVIDIA GeForce RTX 4060 Ti,52,117.67,29,6838.6,16380.0,
2026-09-05T11:18:18.944734+00:00,04_vlm_polymer_bigvlm,6,6,8.5,12.88,30.49,1501.21,NVIDIA GeForce RTX 4060 Ti,52,115.94,77,6838.6,16380.0,
2026-09-05T11:18:29.012823+00:00,04_vlm_polymer_bigvlm,6,6,8.5,12.89,30.49,1501.21,NVIDIA GeForce RTX 4060 Ti,47,119.82,100,6838.6,16380.0,
2026-09-05T11:18:39.080827+00:00,04_vlm_polymer_bigvlm,6,6,8.5,12.86,30.49,1501.21,NVIDIA GeForce RTX 4060 Ti,51,116.07,100,6838.6,16380.0,
2026-09-05T11:18:49.149354+00:00,04_vlm_polymer_bigvlm,6,6,8.5,12.88,30.49,1501.21,NVIDIA GeForce RTX 4060 Ti,47,117.77,36,6838.6,16380.0,
2026-09-05T11:18:59.217747+00:00,04_vlm_polymer_bigvlm,6,6,8.5,12.87,30.49,1501.21,NVIDIA GeForce RTX 4060 Ti,51,114.31,99,6838.6,16380.0,
2026-09-05T11:19:09.252604+00:00,04_vlm_polymer_bigvlm,6,6,8.5,12.87,30.49,1501.21,NVIDIA GeForce RTX 4060 Ti,52,119.47,100,6838.6,16380.0,
2026-09-05T11:19:19.316263+00:00,04_vlm_polymer_bigvlm,6,6,8.5,12.9,30.49,1501.21,NVIDIA GeForce RTX 4060 Ti,52,114.51,100,6838.6,16380.0,
2026-09-05T11:19:29.365783+00:00,04_vlm_polymer_bigvlm,6,6,8.5,12.91,30.49,1501.21,NVIDIA GeForce RTX 4060 Ti,53,117.78,65,6838.6,16380.0,
2026-09-05T11:19:39.432829+00:00,04_vlm_polymer_bigvlm,6,6,8.5,12.91,30.49,1501.21,NVIDIA GeForce RTX 4060 Ti,46,117.78,46,6838.6,16380.0,
2026-09-05T11:19:49.495824+00:00,04_vlm_polymer_bigvlm,6,6,8.5,12.9,30.49,1501.21,NVIDIA GeForce RTX 4060 Ti,46,112.05,39,6838.6,16380.0,
2026-09-05T11:19:59.553278+00:00,04_vlm_polymer_bigvlm,6,6,8.5,12.91,30.49,1501.21,NVIDIA GeForce RTX 4060 Ti,51,115.94,99,6838.6,16380.0,
2026-09-05T11:20:09.621063+00:00,04_vlm_polymer_bigvlm,6,6,8.5,12.88,30.49,1501.21,NVIDIA GeForce RTX 4060 Ti,52,119.84,100,6838.6,16380.0,
2026-09-05T11:20:19.684718+00:00,04_vlm_polymer_bigvlm,6,6,8.5,12.96,30.49,1501.21,NVIDIA GeForce RTX 4060 Ti,46,102.97,70,6838.6,16380.0,
2026-09-05T11:20:29.752210+00:00,04_vlm_polymer_bigvlm,6,6,8.5,12.96,30.49,1501.21,NVIDIA GeForce RTX 4060 Ti,50,103.19,79,6838.6,16380.0,
2026-09-05T11:20:39.807496+00:00,04_vlm_polymer_bigvlm,6,6,8.5,12.95,30.49,1501.21,NVIDIA GeForce RTX 4060 Ti,50,103.93,56,6838.6,16380.0,
2026-09-05T11:20:49.874836+00:00,04_vlm_polymer_bigvlm,6,6,8.5,12.93,30.49,1501.21,NVIDIA GeForce RTX 4060 Ti,50,101.03,77,6838.6,16380.0,
2026-09-05T11:20:59.937821+00:00,04_vlm_polymer_bigvlm,6,6,8.1,12.96,30.49,1501.17,NVIDIA GeForce RTX 4060 Ti,51,113.53,49,6838.6,16380.0,
2026-09-05T11:21:10.004828+00:00,04_vlm_polymer_bigvlm,6,6,8.5,12.95,30.49,1501.17,NVIDIA GeForce RTX 4060 Ti,46,119.65,100,6838.6,16380.0,
2026-09-05T11:21:20.067825+00:00,04_vlm_polymer_bigvlm,6,6,8.5,12.96,30.49,1501.17,NVIDIA GeForce RTX 4060 Ti,51,115.94,44,6838.6,16380.0,
2026-09-05T11:21:30.135825+00:00,04_vlm_polymer_bigvlm,6,6,8.5,12.93,30.49,1501.17,NVIDIA GeForce RTX 4060 Ti,46,119.46,66,6838.6,16380.0,
2026-09-05T11:21:40.202818+00:00,04_vlm_polymer_bigvlm,6,6,8.5,12.95,30.49,1501.17,NVIDIA GeForce RTX 4060 Ti,51,116.46,99,6838.6,16380.0,
2026-09-05T11:21:50.222838+00:00,04_vlm_polymer_bigvlm,6,6,8.5,12.96,30.49,1501.17,NVIDIA GeForce RTX 4060 Ti,52,117.8,100,6838.6,16380.0,
2026-09-05T11:22:00.274362+00:00,04_vlm_polymer_bigvlm,6,6,8.5,12.95,30.49,1501.17,NVIDIA GeForce RTX 4060 Ti,50,117.42,21,6838.6,16380.0,
2026-09-05T11:22:10.320210+00:00,04_vlm_polymer_bigvlm,6,6,8.5,12.93,30.49,1501.17,NVIDIA GeForce RTX 4060 Ti,52,120.48,99,6871.1,16380.0,
2026-09-05T11:22:20.350407+00:00,04_vlm_polymer_bigvlm,6,6,8.6,12.93,30.49,1501.17,NVIDIA GeForce RTX 4060 Ti,52,114.71,100,6871.1,16380.0,
2026-09-05T11:22:30.418069+00:00,04_vlm_polymer_bigvlm,6,6,12.6,12.93,30.49,1501.17,NVIDIA GeForce RTX 4060 Ti,51,119.79,20,6871.1,16380.0,
2026-09-05T11:22:40.481449+00:00,04_vlm_polymer_bigvlm,6,6,14.8,12.99,30.49,1501.17,NVIDIA GeForce RTX 4060 Ti,51,112.79,27,6871.1,16380.0,
2026-09-05T11:22:50.548823+00:00,04_vlm_polymer_bigvlm,6,6,14.2,13.01,30.49,1501.17,NVIDIA GeForce RTX 4060 Ti,50,115.5,11,6871.1,16380.0,
2026-09-05T11:23:00.617164+00:00,04_vlm_polymer_bigvlm,6,6,8.5,13.04,30.49,1501.17,NVIDIA GeForce RTX 4060 Ti,53,120.1,100,6871.1,16380.0,
2026-09-05T11:23:10.663550+00:00,04_vlm_polymer_bigvlm,6,6,8.5,13.04,30.49,1501.17,NVIDIA GeForce RTX 4060 Ti,52,118.83,99,6871.1,16380.0,
2026-09-05T11:23:20.683093+00:00,04_vlm_polymer_bigvlm,6,6,8.6,13.05,30.49,1501.17,NVIDIA GeForce RTX 4060 Ti,52,119.11,100,6871.1,16380.0,
2026-09-05T11:23:30.732923+00:00,04_vlm_polymer_bigvlm,6,6,8.5,13.05,30.49,1501.17,NVIDIA GeForce RTX 4060 Ti,46,115.34,91,6871.1,16380.0,
2026-09-05T11:23:40.798916+00:00,04_vlm_polymer_bigvlm,6,6,8.5,13.05,30.49,1501.17,NVIDIA GeForce RTX 4060 Ti,51,117.94,42,6871.1,16380.0,
2026-09-05T11:23:50.831272+00:00,04_vlm_polymer_bigvlm,6,6,8.5,13.06,30.49,1501.17,NVIDIA GeForce RTX 4060 Ti,47,118.31,100,6871.1,16380.0,
2026-09-05T11:24:00.867829+00:00,04_vlm_polymer_bigvlm,6,6,8.5,13.06,30.49,1501.17,NVIDIA GeForce RTX 4060 Ti,52,115.17,72,6871.1,16380.0,
2026-09-05T11:24:10.936822+00:00,04_vlm_polymer_bigvlm,6,6,8.5,13.04,30.49,1501.17,NVIDIA GeForce RTX 4060 Ti,52,118.01,100,6871.1,16380.0,
2026-09-05T11:24:21.004834+00:00,04_vlm_polymer_bigvlm,6,6,8.6,13.06,30.49,1501.17,NVIDIA GeForce RTX 4060 Ti,46,116.61,73,6871.1,16380.0,
2026-09-05T11:24:31.074278+00:00,04_vlm_polymer_bigvlm,6,6,8.5,13.05,30.49,1501.17,NVIDIA GeForce RTX 4060 Ti,52,118.43,100,6871.1,16380.0,
2026-09-05T11:24:41.142819+00:00,04_vlm_polymer_bigvlm,6,6,8.5,13.02,30.49,1501.17,NVIDIA GeForce RTX 4060 Ti,52,114.99,100,6871.1,16380.0,
2026-09-05T11:24:51.209833+00:00,04_vlm_polymer_bigvlm,6,6,8.5,13.06,30.49,1501.17,NVIDIA GeForce RTX 4060 Ti,53,119.37,100,6871.1,16380.0,
2026-09-05T11:25:01.272820+00:00,04_vlm_polymer_bigvlm,6,6,8.5,13.05,30.49,1501.17,NVIDIA GeForce RTX 4060 Ti,52,119.03,100,6871.1,16380.0,
2026-09-05T11:25:11.340817+00:00,04_vlm_polymer_bigvlm,6,6,8.5,13.04,30.49,1501.17,NVIDIA GeForce RTX 4060 Ti,51,115.73,53,6871.1,16380.0,
2026-09-05T11:25:21.404820+00:00,04_vlm_polymer_bigvlm,6,6,8.8,13.04,30.49,1501.17,NVIDIA GeForce RTX 4060 Ti,53,116.11,100,6871.1,16380.0,
2026-09-05T11:25:31.426769+00:00,04_vlm_polymer_bigvlm,6,6,8.5,13.06,30.49,1501.17,NVIDIA GeForce RTX 4060 Ti,47,114.77,100,6871.1,16380.0,
2026-09-05T11:25:41.493831+00:00,04_vlm_polymer_bigvlm,6,6,8.5,13.06,30.49,1501.17,NVIDIA GeForce RTX 4060 Ti,48,116.41,33,6871.1,16380.0,
2026-09-05T11:25:51.560818+00:00,04_vlm_polymer_bigvlm,6,6,8.6,13.07,30.49,1501.17,NVIDIA GeForce RTX 4060 Ti,52,113.15,99,6871.1,16380.0,
2026-09-05T11:26:01.628814+00:00,04_vlm_polymer_bigvlm,6,6,8.5,13.06,30.49,1501.17,NVIDIA GeForce RTX 4060 Ti,52,119.29,100,6871.1,16380.0,
2026-09-05T11:26:11.648372+00:00,04_vlm_polymer_bigvlm,6,6,8.5,13.05,30.49,1501.17,NVIDIA GeForce RTX 4060 Ti,52,118.76,19,6871.1,16380.0,
2026-09-05T11:26:21.706953+00:00,04_vlm_polymer_bigvlm,6,6,8.5,13.06,30.49,1501.17,NVIDIA GeForce RTX 4060 Ti,53,117.49,99,6871.1,16380.0,
2026-09-05T11:26:31.774529+00:00,04_vlm_polymer_bigvlm,6,6,8.5,13.05,30.49,1501.17,NVIDIA GeForce RTX 4060 Ti,46,116.28,100,6871.1,16380.0,
2026-09-05T11:26:41.841834+00:00,04_vlm_polymer_bigvlm,6,6,8.5,13.1,30.49,1501.17,NVIDIA GeForce RTX 4060 Ti,52,120.56,32,6871.1,16380.0,
2026-09-05T11:26:51.908818+00:00,04_vlm_polymer_bigvlm,6,6,8.5,13.09,30.49,1501.17,NVIDIA GeForce RTX 4060 Ti,53,114.97,99,6871.1,16380.0,
2026-09-05T11:27:01.975825+00:00,04_vlm_polymer_bigvlm,6,6,8.6,13.07,30.49,1501.17,NVIDIA GeForce RTX 4060 Ti,51,114.78,100,6871.1,16380.0,
2026-09-05T11:27:12.042818+00:00,04_vlm_polymer_bigvlm,6,6,8.5,13.08,30.49,1501.17,NVIDIA GeForce RTX 4060 Ti,51,107.19,48,6871.1,16380.0,
2026-09-05T11:27:22.069369+00:00,04_vlm_polymer_bigvlm,6,6,8.6,13.05,30.49,1501.17,NVIDIA GeForce RTX 4060 Ti,46,104.6,62,6871.1,16380.0,
2026-09-05T11:27:32.122784+00:00,04_vlm_polymer_bigvlm,6,6,8.7,13.08,30.49,1501.17,NVIDIA GeForce RTX 4060 Ti,48,102.35,52,6871.1,16380.0,
2026-09-05T11:27:42.190785+00:00,04_vlm_polymer_bigvlm,6,6,8.6,13.05,30.49,1501.17,NVIDIA GeForce RTX 4060 Ti,48,106.55,82,6871.1,16380.0,
2026-09-05T11:27:52.204898+00:00,04_vlm_polymer_bigvlm,6,6,8.1,13.07,30.49,1501.17,NVIDIA GeForce RTX 4060 Ti,51,114.54,100,6871.1,16380.0,
2026-09-05T11:28:02.228761+00:00,04_vlm_polymer_bigvlm,6,6,8.6,13.06,30.49,1501.17,NVIDIA GeForce RTX 4060 Ti,51,116.59,100,6871.1,16380.0,
2026-09-05T11:28:12.296552+00:00,04_vlm_polymer_bigvlm,6,6,8.5,13.05,30.49,1501.17,NVIDIA GeForce RTX 4060 Ti,52,118.74,100,6871.1,16380.0,
2026-09-05T11:28:22.364816+00:00,04_vlm_polymer_bigvlm,6,6,8.5,13.05,30.49,1501.17,NVIDIA GeForce RTX 4060 Ti,45,115.47,54,6871.1,16380.0,
2026-09-05T11:28:32.431824+00:00,04_vlm_polymer_bigvlm,6,6,8.5,13.04,30.49,1501.17,NVIDIA GeForce RTX 4060 Ti,51,114.86,99,6871.1,16380.0,
2026-09-05T11:28:42.476088+00:00,04_vlm_polymer_bigvlm,6,6,8.5,13.05,30.49,1501.17,NVIDIA GeForce RTX 4060 Ti,51,116.38,100,6871.1,16380.0,
2026-09-05T11:28:52.544066+00:00,04_vlm_polymer_bigvlm,6,6,8.5,13.03,30.49,1501.17,NVIDIA GeForce RTX 4060 Ti,47,119.8,92,6871.1,16380.0,
2026-09-05T11:29:02.593788+00:00,04_vlm_polymer_bigvlm,6,6,8.6,13.03,30.49,1501.17,NVIDIA GeForce RTX 4060 Ti,51,116.35,38,6871.1,16380.0,
2026-09-05T11:29:12.661808+00:00,04_vlm_polymer_bigvlm,6,6,8.5,13.01,30.49,1501.17,NVIDIA GeForce RTX 4060 Ti,52,116.25,99,6871.1,16380.0,
2026-09-05T11:29:22.725841+00:00,04_vlm_polymer_bigvlm,6,6,8.5,13.05,30.49,1501.17,NVIDIA GeForce RTX 4060 Ti,51,116.75,100,6871.1,16380.0,
2026-09-05T11:29:32.793838+00:00,04_vlm_polymer_bigvlm,6,6,8.5,13.06,30.49,1501.17,NVIDIA GeForce RTX 4060 Ti,52,120.08,99,6871.1,16380.0,
2026-09-05T11:29:42.860822+00:00,04_vlm_polymer_bigvlm,6,6,8.5,13.04,30.49,1501.17,NVIDIA GeForce RTX 4060 Ti,47,114.42,100,6871.1,16380.0,
2026-09-05T11:29:52.928828+00:00,04_vlm_polymer_bigvlm,6,6,8.5,13.04,30.49,1501.17,NVIDIA GeForce RTX 4060 Ti,52,115.97,50,6871.1,16380.0,
2026-09-05T11:30:02.987818+00:00,04_vlm_polymer_bigvlm,6,6,8.6,13.03,30.49,1501.17,NVIDIA GeForce RTX 4060 Ti,52,119.49,53,6871.1,16380.0,
2026-09-05T11:30:13.055830+00:00,04_vlm_polymer_bigvlm,6,6,8.5,13.04,30.49,1501.17,NVIDIA GeForce RTX 4060 Ti,49,116.17,100,6871.1,16380.0,
2026-09-05T11:30:23.123634+00:00,04_vlm_polymer_bigvlm,6,6,8.5,13.04,30.49,1501.17,NVIDIA GeForce RTX 4060 Ti,51,116.86,68,6871.1,16380.0,
2026-09-05T11:30:33.190836+00:00,04_vlm_polymer_bigvlm,6,6,8.5,13.04,30.49,1501.17,NVIDIA GeForce RTX 4060 Ti,48,117.15,50,6871.1,16380.0,
2026-09-05T11:30:43.259834+00:00,04_vlm_polymer_bigvlm,6,6,8.5,13.05,30.49,1501.17,NVIDIA GeForce RTX 4060 Ti,51,115.98,40,6871.1,16380.0,
2026-09-05T11:30:53.326827+00:00,04_vlm_polymer_bigvlm,6,6,8.5,13.05,30.49,1501.17,NVIDIA GeForce RTX 4060 Ti,52,115.41,100,6871.1,16380.0,
2026-09-05T11:31:03.376048+00:00,04_vlm_polymer_bigvlm,6,6,8.5,13.04,30.49,1501.17,NVIDIA GeForce RTX 4060 Ti,48,117.64,100,6870.6,16380.0,
2026-09-05T11:31:13.444631+00:00,04_vlm_polymer_bigvlm,6,6,8.5,13.05,30.49,1501.17,NVIDIA GeForce RTX 4060 Ti,52,113.1,99,6870.6,16380.0,
2026-09-05T11:31:23.511814+00:00,04_vlm_polymer_bigvlm,6,6,8.5,13.06,30.49,1501.17,NVIDIA GeForce RTX 4060 Ti,52,115.65,100,6870.6,16380.0,
2026-09-05T11:31:33.578213+00:00,04_vlm_polymer_bigvlm,6,6,8.6,13.04,30.49,1501.17,NVIDIA GeForce RTX 4060 Ti,46,115.96,82,6870.6,16380.0,
2026-09-05T11:31:43.644268+00:00,04_vlm_polymer_bigvlm,6,6,8.5,13.04,30.49,1501.17,NVIDIA GeForce RTX 4060 Ti,52,118.24,60,6870.6,16380.0,
2026-09-05T11:31:53.712166+00:00,04_vlm_polymer_bigvlm,6,6,8.5,13.06,30.49,1501.17,NVIDIA GeForce RTX 4060 Ti,51,116.14,25,6838.6,16380.0,
2026-09-05T11:32:03.772214+00:00,04_vlm_polymer_bigvlm,6,6,8.6,13.06,30.49,1501.17,NVIDIA GeForce RTX 4060 Ti,52,117.98,100,6838.6,16380.0,
2026-09-05T11:32:13.795575+00:00,04_vlm_polymer_bigvlm,6,6,8.5,13.07,30.49,1501.17,NVIDIA GeForce RTX 4060 Ti,51,116.4,19,6838.6,16380.0,
2026-09-05T11:32:23.863821+00:00,04_vlm_polymer_bigvlm,6,6,8.5,13.07,30.49,1501.17,NVIDIA GeForce RTX 4060 Ti,52,116.94,89,6838.6,16380.0,
2026-09-05T11:32:33.931462+00:00,04_vlm_polymer_bigvlm,6,6,8.7,13.1,30.49,1501.17,NVIDIA GeForce RTX 4060 Ti,52,112.57,100,6838.6,16380.0,
2026-09-05T11:32:43.991400+00:00,04_vlm_polymer_bigvlm,6,6,8.6,13.06,30.49,1501.17,NVIDIA GeForce RTX 4060 Ti,50,117.99,48,6838.6,16380.0,
2026-09-05T11:32:54.060847+00:00,04_vlm_polymer_bigvlm,6,6,8.5,13.05,30.49,1501.17,NVIDIA GeForce RTX 4060 Ti,52,119.72,100,6838.6,16380.0,
2026-09-05T11:33:04.123823+00:00,04_vlm_polymer_bigvlm,6,6,8.5,13.07,30.49,1501.17,NVIDIA GeForce RTX 4060 Ti,50,115.62,49,6838.6,16380.0,
2026-09-05T11:33:14.147011+00:00,04_vlm_polymer_bigvlm,6,6,8.5,13.06,30.49,1501.17,NVIDIA GeForce RTX 4060 Ti,53,119.93,88,6838.6,16380.0,
2026-09-05T11:33:24.209835+00:00,04_vlm_polymer_bigvlm,6,6,8.5,13.08,30.49,1501.17,NVIDIA GeForce RTX 4060 Ti,51,116.71,47,6838.6,16380.0,
2026-09-05T11:33:34.277829+00:00,04_vlm_polymer_bigvlm,6,6,8.5,13.08,30.49,1501.17,NVIDIA GeForce RTX 4060 Ti,53,117.97,100,6838.6,16380.0,
2026-09-05T11:33:44.323035+00:00,04_vlm_polymer_bigvlm,6,6,8.5,13.07,30.49,1501.17,NVIDIA GeForce RTX 4060 Ti,51,117.82,22,6838.6,16380.0,
2026-09-05T11:33:54.379313+00:00,04_vlm_polymer_bigvlm,6,6,8.5,13.08,30.49,1501.17,NVIDIA GeForce RTX 4060 Ti,52,112.7,100,6838.6,16380.0,
2026-09-05T11:34:04.411478+00:00,04_vlm_polymer_bigvlm,6,6,8.6,13.07,30.49,1501.17,NVIDIA GeForce RTX 4060 Ti,51,122.22,22,6838.6,16380.0,
2026-09-05T11:34:14.478499+00:00,04_vlm_polymer_bigvlm,6,6,8.5,13.07,30.49,1501.17,NVIDIA GeForce RTX 4060 Ti,45,103.05,79,6838.6,16380.0,
2026-09-05T11:34:24.545824+00:00,04_vlm_polymer_bigvlm,6,6,8.5,13.06,30.49,1501.17,NVIDIA GeForce RTX 4060 Ti,45,102.58,94,6838.6,16380.0,
2026-09-05T11:34:34.603355+00:00,04_vlm_polymer_bigvlm,6,6,8.5,13.06,30.49,1501.17,NVIDIA GeForce RTX 4060 Ti,48,103.67,72,6838.6,16380.0,
2026-09-05T11:34:44.648897+00:00,04_vlm_polymer_bigvlm,6,6,8.5,13.07,30.49,1501.17,NVIDIA GeForce RTX 4060 Ti,47,103.06,84,6838.6,16380.0,
2026-09-05T11:34:54.669151+00:00,04_vlm_polymer_bigvlm,6,6,8.5,13.08,30.49,1501.17,NVIDIA GeForce RTX 4060 Ti,51,119.46,100,6838.6,16380.0,
2026-09-05T11:35:04.712437+00:00,04_vlm_polymer_bigvlm,6,6,8.5,13.06,30.49,1501.17,NVIDIA GeForce RTX 4060 Ti,51,116.06,100,6838.6,16380.0,
2026-09-05T11:35:14.739878+00:00,04_vlm_polymer_bigvlm,6,6,8.5,13.06,30.49,1501.17,NVIDIA GeForce RTX 4060 Ti,52,115.85,27,6838.6,16380.0,
2026-09-05T11:35:24.806827+00:00,04_vlm_polymer_bigvlm,6,6,8.5,13.05,30.49,1501.17,NVIDIA GeForce RTX 4060 Ti,52,114.92,99,6838.6,16380.0,
2026-09-05T11:35:34.874820+00:00,04_vlm_polymer_bigvlm,6,6,8.5,13.07,30.49,1501.17,NVIDIA GeForce RTX 4060 Ti,49,114.81,100,6838.6,16380.0,
2026-09-05T11:35:44.942829+00:00,04_vlm_polymer_bigvlm,6,6,8.5,13.06,30.49,1501.17,NVIDIA GeForce RTX 4060 Ti,52,117.76,29,6838.6,16380.0,
2026-09-05T11:35:55.011818+00:00,04_vlm_polymer_bigvlm,6,6,8.5,13.06,30.49,1501.17,NVIDIA GeForce RTX 4060 Ti,52,116.57,62,6838.6,16380.0,
2026-09-05T11:36:05.079834+00:00,04_vlm_polymer_bigvlm,6,6,8.6,13.06,30.49,1501.17,NVIDIA GeForce RTX 4060 Ti,49,115.91,100,6838.6,16380.0,
2026-09-05T11:36:15.143818+00:00,04_vlm_polymer_bigvlm,6,6,8.5,13.06,30.49,1501.17,NVIDIA GeForce RTX 4060 Ti,52,115.76,81,6838.6,16380.0,
2026-09-05T11:36:25.211824+00:00,04_vlm_polymer_bigvlm,6,6,8.5,13.08,30.49,1501.17,NVIDIA GeForce RTX 4060 Ti,46,118.64,59,6838.6,16380.0,
2026-09-05T11:36:35.279847+00:00,04_vlm_polymer_bigvlm,6,6,8.5,13.05,30.49,1501.17,NVIDIA GeForce RTX 4060 Ti,52,120.12,100,6838.6,16380.0,
2026-09-05T11:36:45.342820+00:00,04_vlm_polymer_bigvlm,6,6,8.5,13.05,30.49,1501.17,NVIDIA GeForce RTX 4060 Ti,49,119.38,78,6838.6,16380.0,
2026-09-05T11:36:55.410847+00:00,04_vlm_polymer_bigvlm,6,6,8.6,13.07,30.49,1501.17,NVIDIA GeForce RTX 4060 Ti,51,117.98,100,6838.6,16380.0,
2026-09-05T11:37:05.444824+00:00,04_vlm_polymer_bigvlm,6,6,8.5,13.06,30.49,1501.17,NVIDIA GeForce RTX 4060 Ti,52,116.12,61,6838.6,16380.0,
2026-09-05T11:37:15.492943+00:00,04_vlm_polymer_bigvlm,6,6,8.5,13.05,30.49,1501.17,NVIDIA GeForce RTX 4060 Ti,47,119.87,30,6838.6,16380.0,
2026-09-05T11:37:25.555825+00:00,04_vlm_polymer_bigvlm,6,6,8.5,13.04,30.49,1501.17,NVIDIA GeForce RTX 4060 Ti,51,116.62,99,6838.6,16380.0,
2026-09-05T11:37:35.622821+00:00,04_vlm_polymer_bigvlm,6,6,8.7,13.09,30.49,1501.17,NVIDIA GeForce RTX 4060 Ti,46,120.06,61,6838.6,16380.0,
2026-09-05T11:37:45.690820+00:00,04_vlm_polymer_bigvlm,6,6,8.5,13.11,30.49,1501.17,NVIDIA GeForce RTX 4060 Ti,51,114.63,53,6838.6,16380.0,
2026-09-05T11:37:55.759230+00:00,04_vlm_polymer_bigvlm,6,6,8.5,13.07,30.49,1501.17,NVIDIA GeForce RTX 4060 Ti,52,119.72,98,6838.6,16380.0,
2026-09-05T11:38:05.822827+00:00,04_vlm_polymer_bigvlm,6,6,8.8,13.05,30.49,1501.17,NVIDIA GeForce RTX 4060 Ti,52,121.75,100,6838.6,16380.0,
2026-09-05T11:38:15.890407+00:00,04_vlm_polymer_bigvlm,6,6,8.5,13.07,30.49,1501.17,NVIDIA GeForce RTX 4060 Ti,52,119.84,21,6838.6,16380.0,
2026-09-05T11:38:25.957824+00:00,04_vlm_polymer_bigvlm,6,6,8.5,13.08,30.49,1501.17,NVIDIA GeForce RTX 4060 Ti,52,116.05,99,6838.6,16380.0,
2026-09-05T11:38:36.025825+00:00,04_vlm_polymer_bigvlm,6,6,8.5,13.09,30.49,1501.17,NVIDIA GeForce RTX 4060 Ti,46,116.19,100,6838.6,16380.0,
2026-09-05T11:38:46.088826+00:00,04_vlm_polymer_bigvlm,6,6,8.5,13.08,30.49,1501.17,NVIDIA GeForce RTX 4060 Ti,52,119.03,73,6838.6,16380.0,
2026-09-05T11:38:56.155819+00:00,04_vlm_polymer_bigvlm,6,6,8.5,13.08,30.49,1501.17,NVIDIA GeForce RTX 4060 Ti,52,119.85,70,6838.6,16380.0,
2026-09-05T11:39:06.218829+00:00,04_vlm_polymer_bigvlm,6,6,8.5,13.08,30.49,1501.17,NVIDIA GeForce RTX 4060 Ti,52,114.67,93,6838.6,16380.0,
2026-09-05T11:39:16.285826+00:00,04_vlm_polymer_bigvlm,6,6,8.5,13.08,30.49,1501.17,NVIDIA GeForce RTX 4060 Ti,52,118.08,100,6838.6,16380.0,
2026-09-05T11:39:26.348820+00:00,04_vlm_polymer_bigvlm,6,6,8.5,13.05,30.49,1501.17,NVIDIA GeForce RTX 4060 Ti,51,117.22,41,6838.6,16380.0,
2026-09-05T11:39:36.415820+00:00,04_vlm_polymer_bigvlm,6,6,8.5,13.06,30.49,1501.17,NVIDIA GeForce RTX 4060 Ti,52,115.71,100,6838.6,16380.0,
2026-09-05T11:39:46.483819+00:00,04_vlm_polymer_bigvlm,6,6,8.5,13.07,30.49,1501.17,NVIDIA GeForce RTX 4060 Ti,49,115.62,100,6838.6,16380.0,
2026-09-05T11:39:56.537265+00:00,04_vlm_polymer_bigvlm,6,6,8.5,13.06,30.49,1501.17,NVIDIA GeForce RTX 4060 Ti,51,119.02,50,6838.6,16380.0,
2026-09-05T11:40:06.604250+00:00,04_vlm_polymer_bigvlm,6,6,8.5,13.06,30.49,1501.17,NVIDIA GeForce RTX 4060 Ti,46,114.4,73,6838.6,16380.0,
2026-09-05T11:40:16.672082+00:00,04_vlm_polymer_bigvlm,6,6,8.5,13.05,30.49,1501.17,NVIDIA GeForce RTX 4060 Ti,51,116.13,71,6838.6,16380.0,
2026-09-05T11:40:26.737548+00:00,04_vlm_polymer_bigvlm,6,6,8.5,13.06,30.49,1501.17,NVIDIA GeForce RTX 4060 Ti,52,117.74,40,6838.6,16380.0,
2026-09-05T11:40:36.788215+00:00,04_vlm_polymer_bigvlm,6,6,8.5,13.06,30.49,1501.17,NVIDIA GeForce RTX 4060 Ti,53,118.42,100,6838.6,16380.0,
2026-09-05T11:40:46.846879+00:00,04_vlm_polymer_bigvlm,6,6,8.5,13.07,30.49,1501.17,NVIDIA GeForce RTX 4060 Ti,50,116.92,51,6838.6,16380.0,
2026-09-05T11:40:56.898099+00:00,04_vlm_polymer_bigvlm,6,6,8.6,13.08,30.49,1501.17,NVIDIA GeForce RTX 4060 Ti,52,118.43,66,6838.6,16380.0,
2026-09-05T11:41:06.940826+00:00,04_vlm_polymer_bigvlm,6,6,8.5,13.09,30.49,1501.17,NVIDIA GeForce RTX 4060 Ti,51,104.66,73,6838.6,16380.0,
2026-09-05T11:41:16.995905+00:00,04_vlm_polymer_bigvlm,6,6,8.5,13.13,30.49,1501.17,NVIDIA GeForce RTX 4060 Ti,51,102.82,80,6838.6,16380.0,
2026-09-05T11:41:27.022616+00:00,04_vlm_polymer_bigvlm,6,6,8.5,13.1,30.49,1501.17,NVIDIA GeForce RTX 4060 Ti,50,103.26,80,6838.6,16380.0,
2026-09-05T11:41:37.058874+00:00,04_vlm_polymer_bigvlm,6,6,8.5,13.09,30.49,1501.17,NVIDIA GeForce RTX 4060 Ti,45,106.3,58,6838.6,16380.0,
2026-09-05T11:41:47.122544+00:00,04_vlm_polymer_bigvlm,6,6,8.5,13.09,30.49,1501.17,NVIDIA GeForce RTX 4060 Ti,50,115.74,100,6838.6,16380.0,
2026-09-05T11:41:57.167829+00:00,04_vlm_polymer_bigvlm,6,6,8.5,13.08,30.49,1501.17,NVIDIA GeForce RTX 4060 Ti,51,116.04,31,6838.6,16380.0,
2026-09-05T11:42:07.217093+00:00,04_vlm_polymer_bigvlm,6,6,8.6,13.09,30.49,1501.17,NVIDIA GeForce RTX 4060 Ti,46,119.79,74,6838.6,16380.0,
2026-09-05T11:42:17.261981+00:00,04_vlm_polymer_bigvlm,6,6,8.5,13.07,30.49,1501.17,NVIDIA GeForce RTX 4060 Ti,51,115.08,32,6838.6,16380.0,
2026-09-05T11:42:27.331173+00:00,04_vlm_polymer_bigvlm,6,6,8.5,13.09,30.49,1501.17,NVIDIA GeForce RTX 4060 Ti,52,116.39,100,6838.6,16380.0,
2026-09-05T11:42:37.355505+00:00,04_vlm_polymer_bigvlm,6,6,8.7,13.11,30.49,1501.17,NVIDIA GeForce RTX 4060 Ti,47,117.37,99,6838.6,16380.0,
2026-09-05T11:42:47.417560+00:00,04_vlm_polymer_bigvlm,6,6,8.5,13.08,30.49,1501.17,NVIDIA GeForce RTX 4060 Ti,51,118.42,100,6838.6,16380.0,
2026-09-05T11:42:57.451533+00:00,04_vlm_polymer_bigvlm,6,6,8.5,13.07,30.49,1501.17,NVIDIA GeForce RTX 4060 Ti,50,117.86,100,6838.6,16380.0,
2026-09-05T11:43:07.519829+00:00,04_vlm_polymer_bigvlm,6,6,8.5,13.08,30.49,1501.17,NVIDIA GeForce RTX 4060 Ti,52,115.43,100,6838.6,16380.0,
2026-09-05T11:43:17.586814+00:00,04_vlm_polymer_bigvlm,6,6,8.5,13.07,30.49,1501.17,NVIDIA GeForce RTX 4060 Ti,53,119.17,100,6838.6,16380.0,
2026-09-05T11:43:27.649826+00:00,04_vlm_polymer_bigvlm,6,6,8.5,13.08,30.49,1501.17,NVIDIA GeForce RTX 4060 Ti,46,115.29,60,6838.6,16380.0,
2026-09-05T11:43:37.718456+00:00,04_vlm_polymer_bigvlm,6,6,8.5,13.09,30.49,1501.17,NVIDIA GeForce RTX 4060 Ti,52,115.96,50,6838.6,16380.0,
2026-09-05T11:43:47.784818+00:00,04_vlm_polymer_bigvlm,6,6,8.5,13.09,30.49,1501.17,NVIDIA GeForce RTX 4060 Ti,53,115.61,99,6838.6,16380.0,
2026-09-05T11:43:57.851817+00:00,04_vlm_polymer_bigvlm,6,6,8.5,13.09,30.49,1501.17,NVIDIA GeForce RTX 4060 Ti,50,115.48,100,6838.6,16380.0,
2026-09-05T11:44:07.919819+00:00,04_vlm_polymer_bigvlm,6,6,8.5,13.09,30.49,1501.17,NVIDIA GeForce RTX 4060 Ti,51,115.66,93,6838.6,16380.0,
2026-09-05T11:44:17.975108+00:00,04_vlm_polymer_bigvlm,6,6,8.5,13.1,30.49,1501.17,NVIDIA GeForce RTX 4060 Ti,52,114.92,99,6838.6,16380.0,
2026-09-05T11:44:28.042607+00:00,04_vlm_polymer_bigvlm,6,6,8.5,13.08,30.49,1501.17,NVIDIA GeForce RTX 4060 Ti,50,116.95,100,6838.6,16380.0,
2026-09-05T11:44:38.100904+00:00,04_vlm_polymer_bigvlm,6,6,8.5,13.09,30.49,1501.17,NVIDIA GeForce RTX 4060 Ti,51,117.7,66,6838.6,16380.0,
2026-09-05T11:44:48.168065+00:00,04_vlm_polymer_bigvlm,6,6,8.5,13.1,30.49,1501.17,NVIDIA GeForce RTX 4060 Ti,53,118.5,99,6838.6,16380.0,
2026-09-05T11:44:58.221077+00:00,04_vlm_polymer_bigvlm,6,6,8.5,13.1,30.49,1501.17,NVIDIA GeForce RTX 4060 Ti,51,114.76,100,6838.6,16380.0,
2026-09-05T11:45:08.275296+00:00,04_vlm_polymer_bigvlm,6,6,8.5,13.09,30.49,1501.17,NVIDIA GeForce RTX 4060 Ti,53,119.71,61,6838.6,16380.0,
2026-09-05T11:45:18.340870+00:00,04_vlm_polymer_bigvlm,6,6,8.6,13.08,30.49,1501.17,NVIDIA GeForce RTX 4060 Ti,50,115.2,88,6838.6,16380.0,
2026-09-05T11:45:28.402689+00:00,04_vlm_polymer_bigvlm,6,6,8.5,13.09,30.49,1501.17,NVIDIA GeForce RTX 4060 Ti,52,116.88,100,6838.6,16380.0,
2026-09-05T11:45:38.449895+00:00,04_vlm_polymer_bigvlm,6,6,8.5,13.11,30.49,1501.17,NVIDIA GeForce RTX 4060 Ti,52,115.74,55,6838.6,16380.0,
2026-09-05T11:45:48.493983+00:00,04_vlm_polymer_bigvlm,6,6,8.5,13.09,30.49,1501.17,NVIDIA GeForce RTX 4060 Ti,52,118.89,35,6838.6,16380.0,
2026-09-05T11:45:58.543961+00:00,04_vlm_polymer_bigvlm,6,6,8.5,13.08,30.49,1501.17,NVIDIA GeForce RTX 4060 Ti,49,114.18,82,6838.6,16380.0,
2026-09-05T11:46:08.590774+00:00,04_vlm_polymer_bigvlm,6,6,8.5,13.09,30.49,1501.17,NVIDIA GeForce RTX 4060 Ti,52,116.32,99,6838.6,16380.0,
2026-09-05T11:46:18.656836+00:00,04_vlm_polymer_bigvlm,6,6,8.5,13.09,30.49,1501.17,NVIDIA GeForce RTX 4060 Ti,52,116.64,100,6838.6,16380.0,
2026-09-05T11:46:28.719819+00:00,04_vlm_polymer_bigvlm,6,6,8.5,13.07,30.49,1501.17,NVIDIA GeForce RTX 4060 Ti,50,111.94,27,6838.6,16380.0,
2026-09-05T11:46:38.787823+00:00,04_vlm_polymer_bigvlm,6,6,8.5,13.09,30.49,1501.17,NVIDIA GeForce RTX 4060 Ti,52,116.91,34,6838.6,16380.0,
2026-09-05T11:46:48.854814+00:00,04_vlm_polymer_bigvlm,6,6,8.5,13.09,30.49,1501.17,NVIDIA GeForce RTX 4060 Ti,52,114.83,18,6838.6,16380.0,
2026-09-05T11:46:58.917831+00:00,04_vlm_polymer_bigvlm,6,6,8.5,13.09,30.49,1501.17,NVIDIA GeForce RTX 4060 Ti,52,117.37,99,6838.6,16380.0,
2026-09-05T11:47:08.944087+00:00,04_vlm_polymer_bigvlm,6,6,8.5,13.08,30.49,1501.17,NVIDIA GeForce RTX 4060 Ti,51,116.8,100,6838.6,16380.0,
2026-09-05T11:47:18.987825+00:00,04_vlm_polymer_bigvlm,6,6,8.5,13.07,30.49,1501.17,NVIDIA GeForce RTX 4060 Ti,52,116.4,14,6838.6,16380.0,
2026-09-05T11:47:29.009834+00:00,04_vlm_polymer_bigvlm,6,6,8.5,13.08,30.49,1501.17,NVIDIA GeForce RTX 4060 Ti,52,114.99,21,6838.6,16380.0,
2026-09-05T11:47:39.077830+00:00,04_vlm_polymer_bigvlm,6,6,8.7,13.11,30.49,1501.17,NVIDIA GeForce RTX 4060 Ti,52,115.02,99,6838.6,16380.0,
2026-09-05T11:47:49.144836+00:00,04_vlm_polymer_bigvlm,6,6,8.5,13.09,30.49,1501.17,NVIDIA GeForce RTX 4060 Ti,46,119.81,100,6838.6,16380.0,
2026-09-05T11:47:59.212682+00:00,04_vlm_polymer_bigvlm,6,6,8.5,13.08,30.49,1501.17,NVIDIA GeForce RTX 4060 Ti,52,118.27,36,6838.6,16380.0,
2026-09-05T11:48:09.266822+00:00,04_vlm_polymer_bigvlm,6,6,8.5,13.09,30.49,1501.17,NVIDIA GeForce RTX 4060 Ti,45,102.0,78,6838.6,16380.0,
2026-09-05T11:48:19.333828+00:00,04_vlm_polymer_bigvlm,6,6,8.5,13.09,30.49,1501.17,NVIDIA GeForce RTX 4060 Ti,45,102.99,85,6838.6,16380.0,
2026-09-05T11:48:29.396827+00:00,04_vlm_polymer_bigvlm,6,6,8.5,13.08,30.49,1501.17,NVIDIA GeForce RTX 4060 Ti,48,102.71,80,6838.6,16380.0,
2026-09-05T11:48:39.463825+00:00,04_vlm_polymer_bigvlm,6,6,8.5,13.08,30.49,1501.17,NVIDIA GeForce RTX 4060 Ti,46,103.02,86,6838.6,16380.0,
2026-09-05T11:48:49.526952+00:00,04_vlm_polymer_bigvlm,6,6,8.1,13.07,30.49,1501.17,NVIDIA GeForce RTX 4060 Ti,51,115.49,99,6838.6,16380.0,
2026-09-05T11:48:59.573061+00:00,04_vlm_polymer_bigvlm,6,6,8.6,13.07,30.49,1501.17,NVIDIA GeForce RTX 4060 Ti,52,117.24,44,6838.6,16380.0,
2026-09-05T11:49:09.590933+00:00,04_vlm_polymer_bigvlm,6,6,8.5,13.07,30.49,1501.17,NVIDIA GeForce RTX 4060 Ti,48,116.28,78,6838.6,16380.0,
2026-09-05T11:49:19.659413+00:00,04_vlm_polymer_bigvlm,6,6,8.5,13.09,30.49,1501.17,NVIDIA GeForce RTX 4060 Ti,51,118.12,100,6838.6,16380.0,
2026-09-05T11:49:29.722649+00:00,04_vlm_polymer_bigvlm,6,6,8.5,13.09,30.49,1501.17,NVIDIA GeForce RTX 4060 Ti,52,115.83,100,6838.6,16380.0,
2026-09-05T11:49:39.789842+00:00,04_vlm_polymer_bigvlm,6,6,8.5,13.09,30.49,1501.17,NVIDIA GeForce RTX 4060 Ti,51,116.47,51,6838.6,16380.0,
2026-09-05T11:49:49.856825+00:00,04_vlm_polymer_bigvlm,6,6,8.6,13.08,30.49,1501.17,NVIDIA GeForce RTX 4060 Ti,46,117.33,87,6838.6,16380.0,
2026-09-05T11:49:59.924820+00:00,04_vlm_polymer_bigvlm,6,6,8.5,13.11,30.49,1501.17,NVIDIA GeForce RTX 4060 Ti,52,117.12,84,6838.6,16380.0,
2026-09-05T11:50:09.992203+00:00,04_vlm_polymer_bigvlm,6,6,8.5,13.08,30.49,1501.17,NVIDIA GeForce RTX 4060 Ti,48,113.47,100,6838.6,16380.0,
2026-09-05T11:50:20.059823+00:00,04_vlm_polymer_bigvlm,6,6,8.5,13.07,30.49,1501.17,NVIDIA GeForce RTX 4060 Ti,51,117.6,34,6838.6,16380.0,
2026-09-05T11:50:30.127925+00:00,04_vlm_polymer_bigvlm,6,6,8.5,13.1,30.49,1501.17,NVIDIA GeForce RTX 4060 Ti,47,119.78,100,6838.6,16380.0,
2026-09-05T11:50:40.190829+00:00,04_vlm_polymer_bigvlm,6,6,8.5,13.08,30.49,1501.17,NVIDIA GeForce RTX 4060 Ti,52,113.8,53,6838.6,16380.0,
2026-09-05T11:50:50.237415+00:00,04_vlm_polymer_bigvlm,6,6,8.5,13.06,30.49,1501.17,NVIDIA GeForce RTX 4060 Ti,52,117.18,100,6838.6,16380.0,
2026-09-05T11:51:00.292883+00:00,04_vlm_polymer_bigvlm,6,6,8.5,13.08,30.49,1501.17,NVIDIA GeForce RTX 4060 Ti,50,116.56,9,6838.6,16380.0,
2026-09-05T11:51:10.359821+00:00,04_vlm_polymer_bigvlm,6,6,8.5,13.07,30.49,1501.17,NVIDIA GeForce RTX 4060 Ti,52,117.5,99,6838.6,16380.0,
2026-09-05T11:51:20.427846+00:00,04_vlm_polymer_bigvlm,6,6,8.5,13.11,30.49,1501.17,NVIDIA GeForce RTX 4060 Ti,52,118.35,100,6838.6,16380.0,
2026-09-05T11:51:30.495791+00:00,04_vlm_polymer_bigvlm,6,6,8.5,13.06,30.49,1501.17,NVIDIA GeForce RTX 4060 Ti,53,117.08,100,6838.6,16380.0,
2026-09-05T11:51:40.529059+00:00,04_vlm_polymer_bigvlm,6,6,8.5,13.1,30.49,1501.17,NVIDIA GeForce RTX 4060 Ti,46,115.1,72,6838.6,16380.0,
2026-09-05T11:51:50.595840+00:00,04_vlm_polymer_bigvlm,6,6,8.5,13.07,30.49,1501.17,NVIDIA GeForce RTX 4060 Ti,51,117.17,36,6838.6,16380.0,
2026-09-05T11:52:00.664819+00:00,04_vlm_polymer_bigvlm,6,6,8.8,13.09,30.49,1501.17,NVIDIA GeForce RTX 4060 Ti,52,114.68,99,6838.6,16380.0,
2026-09-05T11:52:10.723618+00:00,04_vlm_polymer_bigvlm,6,6,8.5,13.09,30.49,1501.17,NVIDIA GeForce RTX 4060 Ti,52,120.09,100,6838.6,16380.0,
2026-09-05T11:52:20.737613+00:00,04_vlm_polymer_bigvlm,6,6,8.6,13.07,30.49,1501.17,NVIDIA GeForce RTX 4060 Ti,49,113.76,100,6871.1,16380.0,
2026-09-05T11:52:30.805830+00:00,04_vlm_polymer_bigvlm,6,6,14.2,12.96,30.49,1501.17,NVIDIA GeForce RTX 4060 Ti,51,115.22,100,6871.1,16380.0,
2026-09-05T11:52:40.861875+00:00,04_vlm_polymer_bigvlm,6,6,15.3,12.87,30.49,1501.17,NVIDIA GeForce RTX 4060 Ti,51,115.81,100,6871.1,16380.0,
2026-09-05T11:52:50.929814+00:00,04_vlm_polymer_bigvlm,6,6,15.2,12.85,30.49,1501.17,NVIDIA GeForce RTX 4060 Ti,51,113.88,78,6871.1,16380.0,
2026-09-05T11:53:00.944140+00:00,04_vlm_polymer_bigvlm,6,6,8.5,12.84,30.49,1501.17,NVIDIA GeForce RTX 4060 Ti,52,119.81,21,6871.1,16380.0,
2026-09-05T11:53:11.011743+00:00,04_vlm_polymer_bigvlm,6,6,8.5,12.84,30.49,1501.17,NVIDIA GeForce RTX 4060 Ti,50,116.31,100,6871.1,16380.0,
2026-09-05T11:53:21.079832+00:00,04_vlm_polymer_bigvlm,6,6,8.6,12.84,30.49,1501.17,NVIDIA GeForce RTX 4060 Ti,49,118.11,100,6871.1,16380.0,
2026-09-05T11:53:31.147548+00:00,04_vlm_polymer_bigvlm,6,6,8.5,12.86,30.49,1501.17,NVIDIA GeForce RTX 4060 Ti,52,115.65,89,6871.1,16380.0,
2026-09-05T11:53:41.215558+00:00,04_vlm_polymer_bigvlm,6,6,8.5,12.83,30.49,1501.17,NVIDIA GeForce RTX 4060 Ti,53,116.26,100,6871.1,16380.0,
2026-09-05T11:53:51.284822+00:00,04_vlm_polymer_bigvlm,6,6,8.5,12.82,30.49,1501.17,NVIDIA GeForce RTX 4060 Ti,52,116.8,100,6871.1,16380.0,
2026-09-05T11:54:01.352823+00:00,04_vlm_polymer_bigvlm,6,6,8.5,12.83,30.49,1501.17,NVIDIA GeForce RTX 4060 Ti,52,119.28,100,6871.1,16380.0,
2026-09-05T11:54:11.415831+00:00,04_vlm_polymer_bigvlm,6,6,8.5,12.82,30.49,1501.17,NVIDIA GeForce RTX 4060 Ti,52,117.27,31,6871.1,16380.0,
2026-09-05T11:54:21.483827+00:00,04_vlm_polymer_bigvlm,6,6,8.6,12.81,30.49,1501.17,NVIDIA GeForce RTX 4060 Ti,51,119.96,99,6871.1,16380.0,
2026-09-05T11:54:31.549816+00:00,04_vlm_polymer_bigvlm,6,6,8.5,12.82,30.49,1501.17,NVIDIA GeForce RTX 4060 Ti,52,117.06,100,6871.1,16380.0,
2026-09-05T11:54:41.616812+00:00,04_vlm_polymer_bigvlm,6,6,8.5,12.82,30.49,1501.17,NVIDIA GeForce RTX 4060 Ti,48,114.93,100,6871.1,16380.0,
2026-09-05T11:54:51.672855+00:00,04_vlm_polymer_bigvlm,6,6,8.5,12.82,30.49,1501.17,NVIDIA GeForce RTX 4060 Ti,51,112.95,18,6871.1,16380.0,
2026-09-05T11:55:01.727355+00:00,04_vlm_polymer_bigvlm,6,6,8.5,12.81,30.49,1501.17,NVIDIA GeForce RTX 4060 Ti,52,113.37,99,6871.1,16380.0,
2026-09-05T11:55:11.790813+00:00,04_vlm_polymer_bigvlm,6,6,8.5,12.82,30.49,1501.17,NVIDIA GeForce RTX 4060 Ti,51,103.48,96,6871.1,16380.0,
2026-09-05T11:55:21.858467+00:00,04_vlm_polymer_bigvlm,6,6,8.6,12.81,30.49,1501.17,NVIDIA GeForce RTX 4060 Ti,49,103.75,94,6871.1,16380.0,
2026-09-05T11:55:31.907410+00:00,04_vlm_polymer_bigvlm,6,6,8.5,12.79,30.49,1501.17,NVIDIA GeForce RTX 4060 Ti,49,105.96,76,6871.1,16380.0,
2026-09-05T11:55:41.975063+00:00,04_vlm_polymer_bigvlm,6,6,7.3,12.83,30.49,1501.17,NVIDIA GeForce RTX 4060 Ti,41,35.85,0,6569.1,16380.0,
2026-09-05T11:55:52.006864+00:00,04_vlm_polymer_bigvlm,6,6,8.4,12.85,30.49,1501.17,NVIDIA GeForce RTX 4060 Ti,47,106.99,57,10741.1,16380.0,
2026-09-05T11:56:02.033169+00:00,04_vlm_polymer_bigvlm,6,6,8.5,12.85,30.49,1501.17,NVIDIA GeForce RTX 4060 Ti,50,103.56,85,10741.1,16380.0,
2026-09-05T11:56:12.056839+00:00,04_vlm_polymer_bigvlm,6,6,8.5,12.83,30.49,1501.17,NVIDIA GeForce RTX 4060 Ti,45,105.13,73,10741.1,16380.0,
2026-09-05T11:56:22.122818+00:00,04_vlm_polymer_bigvlm,7,7,7.8,11.82,30.49,1501.17,NVIDIA GeForce RTX 4060 Ti,39,39.55,63,6353.1,16380.0,
2026-09-05T11:56:32.142824+00:00,04_vlm_polymer_bigvlm,7,7,9.0,12.77,30.49,1501.17,NVIDIA GeForce RTX 4060 Ti,52,117.04,80,6871.1,16380.0,
2026-09-05T11:56:42.199831+00:00,04_vlm_polymer_bigvlm,7,7,8.5,12.77,30.49,1501.17,NVIDIA GeForce RTX 4060 Ti,51,115.47,87,6871.1,16380.0,
2026-09-05T11:56:52.218918+00:00,04_vlm_polymer_bigvlm,7,7,8.5,12.8,30.49,1501.17,NVIDIA GeForce RTX 4060 Ti,52,118.23,21,6871.1,16380.0,
2026-09-05T11:57:02.282830+00:00,04_vlm_polymer_bigvlm,7,7,8.5,12.82,30.49,1501.17,NVIDIA GeForce RTX 4060 Ti,50,115.34,9,6871.1,16380.0,
2026-09-05T11:57:12.350827+00:00,04_vlm_polymer_bigvlm,7,7,8.5,12.79,30.49,1501.17,NVIDIA GeForce RTX 4060 Ti,52,118.2,100,6871.1,16380.0,
2026-09-05T11:57:22.413826+00:00,04_vlm_polymer_bigvlm,7,7,8.6,12.8,30.49,1501.17,NVIDIA GeForce RTX 4060 Ti,50,116.15,100,6871.1,16380.0,
2026-09-05T11:57:32.481819+00:00,04_vlm_polymer_bigvlm,7,7,8.5,12.79,30.49,1501.17,NVIDIA GeForce RTX 4060 Ti,48,115.38,100,6871.1,16380.0,
2026-09-05T11:57:42.548827+00:00,04_vlm_polymer_bigvlm,7,7,8.7,12.84,30.49,1501.17,NVIDIA GeForce RTX 4060 Ti,51,120.65,99,6871.1,16380.0,
2026-09-05T11:57:52.615831+00:00,04_vlm_polymer_bigvlm,7,7,8.5,12.8,30.49,1501.17,NVIDIA GeForce RTX 4060 Ti,51,113.81,100,6871.1,16380.0,
2026-09-05T11:58:02.682820+00:00,04_vlm_polymer_bigvlm,7,7,8.5,12.83,30.49,1501.17,NVIDIA GeForce RTX 4060 Ti,52,114.55,100,6871.1,16380.0,
2026-09-05T11:58:12.750841+00:00,04_vlm_polymer_bigvlm,7,7,8.5,12.83,30.49,1501.17,NVIDIA GeForce RTX 4060 Ti,52,114.69,100,6871.1,16380.0,
2026-09-05T11:58:22.818410+00:00,04_vlm_polymer_bigvlm,7,7,8.6,12.81,30.49,1501.17,NVIDIA GeForce RTX 4060 Ti,51,115.51,25,6871.1,16380.0,
2026-09-05T11:58:32.866842+00:00,04_vlm_polymer_bigvlm,7,7,8.5,12.82,30.49,1501.17,NVIDIA GeForce RTX 4060 Ti,52,118.48,99,6871.1,16380.0,
2026-09-05T11:58:42.900748+00:00,04_vlm_polymer_bigvlm,7,7,8.5,12.81,30.49,1501.17,NVIDIA GeForce RTX 4060 Ti,47,116.48,100,6871.1,16380.0,
2026-09-05T11:58:52.944226+00:00,04_vlm_polymer_bigvlm,7,7,8.5,12.83,30.49,1501.17,NVIDIA GeForce RTX 4060 Ti,51,119.79,15,6871.1,16380.0,
2026-09-05T11:59:03.008043+00:00,04_vlm_polymer_bigvlm,7,7,8.5,12.82,30.49,1501.17,NVIDIA GeForce RTX 4060 Ti,53,115.37,79,6871.1,16380.0,
2026-09-05T11:59:13.077906+00:00,04_vlm_polymer_bigvlm,7,7,8.5,12.78,30.49,1501.17,NVIDIA GeForce RTX 4060 Ti,50,119.43,100,6871.1,16380.0,
2026-09-05T11:59:23.140830+00:00,04_vlm_polymer_bigvlm,7,7,8.6,12.77,30.49,1501.17,NVIDIA GeForce RTX 4060 Ti,52,116.65,64,6871.1,16380.0,
2026-09-05T11:59:33.208820+00:00,04_vlm_polymer_bigvlm,7,7,8.5,12.76,30.49,1501.17,NVIDIA GeForce RTX 4060 Ti,52,117.4,79,6871.1,16380.0,
2026-09-05T11:59:43.274329+00:00,04_vlm_polymer_bigvlm,7,7,8.5,12.77,30.49,1501.17,NVIDIA GeForce RTX 4060 Ti,51,115.57,13,6871.1,16380.0,
2026-09-05T11:59:53.340617+00:00,04_vlm_polymer_bigvlm,7,7,8.5,12.75,30.49,1501.17,NVIDIA GeForce RTX 4060 Ti,51,115.33,62,6871.1,16380.0,
2026-09-05T12:00:03.384863+00:00,04_vlm_polymer_bigvlm,7,7,8.5,12.76,30.49,1501.17,NVIDIA GeForce RTX 4060 Ti,53,119.91,89,6871.1,16380.0,
2026-09-05T12:00:13.450835+00:00,04_vlm_polymer_bigvlm,7,7,8.5,12.77,30.49,1501.17,NVIDIA GeForce RTX 4060 Ti,46,114.27,100,6871.1,16380.0,
2026-09-05T12:00:23.518821+00:00,04_vlm_polymer_bigvlm,7,7,8.6,12.76,30.49,1501.17,NVIDIA GeForce RTX 4060 Ti,52,116.32,16,6871.1,16380.0,
2026-09-05T12:00:33.585819+00:00,04_vlm_polymer_bigvlm,7,7,8.5,12.78,30.49,1501.17,NVIDIA GeForce RTX 4060 Ti,51,117.97,76,6871.1,16380.0,
2026-09-05T12:00:43.652820+00:00,04_vlm_polymer_bigvlm,7,7,8.5,12.78,30.49,1501.17,NVIDIA GeForce RTX 4060 Ti,52,114.81,38,6871.1,16380.0,
2026-09-05T12:00:53.714944+00:00,04_vlm_polymer_bigvlm,7,7,8.5,12.75,30.49,1501.17,NVIDIA GeForce RTX 4060 Ti,52,119.88,65,6871.1,16380.0,
2026-09-05T12:01:03.772351+00:00,04_vlm_polymer_bigvlm,7,7,8.6,12.76,30.49,1501.17,NVIDIA GeForce RTX 4060 Ti,52,120.08,80,6871.1,16380.0,
2026-09-05T12:01:13.820077+00:00,04_vlm_polymer_bigvlm,7,7,8.5,12.76,30.49,1501.17,NVIDIA GeForce RTX 4060 Ti,51,115.33,21,6871.1,16380.0,
2026-09-05T12:01:23.875941+00:00,04_vlm_polymer_bigvlm,7,7,8.6,12.75,30.49,1501.17,NVIDIA GeForce RTX 4060 Ti,51,114.87,16,6871.1,16380.0,
2026-09-05T12:01:33.940627+00:00,04_vlm_polymer_bigvlm,7,7,8.5,12.76,30.49,1501.17,NVIDIA GeForce RTX 4060 Ti,51,117.52,74,6871.1,16380.0,
2026-09-05T12:01:43.978273+00:00,04_vlm_polymer_bigvlm,7,7,8.5,12.75,30.49,1501.17,NVIDIA GeForce RTX 4060 Ti,52,116.81,100,6871.1,16380.0,
2026-09-05T12:01:54.017870+00:00,04_vlm_polymer_bigvlm,7,7,9.5,12.78,30.49,1501.17,NVIDIA GeForce RTX 4060 Ti,52,116.27,100,6839.1,16380.0,
2026-09-05T12:02:04.086834+00:00,04_vlm_polymer_bigvlm,7,7,8.5,12.76,30.49,1501.17,NVIDIA GeForce RTX 4060 Ti,51,115.12,99,6839.1,16380.0,
2026-09-05T12:02:14.153825+00:00,04_vlm_polymer_bigvlm,7,7,8.5,12.79,30.49,1501.17,NVIDIA GeForce RTX 4060 Ti,52,114.58,100,6839.1,16380.0,
2026-09-05T12:02:24.220826+00:00,04_vlm_polymer_bigvlm,7,7,8.6,12.79,30.49,1501.17,NVIDIA GeForce RTX 4060 Ti,47,114.75,15,6839.1,16380.0,
2026-09-05T12:02:34.289820+00:00,04_vlm_polymer_bigvlm,7,7,8.9,12.85,30.49,1501.17,NVIDIA GeForce RTX 4060 Ti,51,117.41,46,6839.1,16380.0,
2026-09-05T12:02:44.357827+00:00,04_vlm_polymer_bigvlm,7,7,8.7,12.88,30.49,1501.17,NVIDIA GeForce RTX 4060 Ti,49,107.17,71,6839.1,16380.0,
2026-09-05T12:02:54.424851+00:00,04_vlm_polymer_bigvlm,7,7,8.5,12.85,30.49,1501.17,NVIDIA GeForce RTX 4060 Ti,49,105.99,93,6839.1,16380.0,
2026-09-05T12:03:04.491834+00:00,04_vlm_polymer_bigvlm,7,7,8.5,12.84,30.49,1501.17,NVIDIA GeForce RTX 4060 Ti,47,104.54,51,6838.6,16380.0,
2026-09-05T12:03:14.560819+00:00,04_vlm_polymer_bigvlm,7,7,8.5,12.84,30.49,1501.17,NVIDIA GeForce RTX 4060 Ti,49,107.55,64,6838.6,16380.0,
2026-09-05T12:03:24.624931+00:00,04_vlm_polymer_bigvlm,7,7,8.3,12.85,30.49,1501.13,NVIDIA GeForce RTX 4060 Ti,51,115.66,99,6838.6,16380.0,
2026-09-05T12:03:34.672021+00:00,04_vlm_polymer_bigvlm,7,7,8.5,12.87,30.49,1501.13,NVIDIA GeForce RTX 4060 Ti,45,118.59,100,6838.6,16380.0,
2026-09-05T12:03:44.734819+00:00,04_vlm_polymer_bigvlm,7,7,8.5,12.87,30.49,1501.13,NVIDIA GeForce RTX 4060 Ti,51,115.01,39,6838.6,16380.0,
2026-09-05T12:03:54.798099+00:00,04_vlm_polymer_bigvlm,7,7,8.5,12.84,30.49,1501.13,NVIDIA GeForce RTX 4060 Ti,51,119.3,55,6838.6,16380.0,
2026-09-05T12:04:04.866824+00:00,04_vlm_polymer_bigvlm,7,7,8.5,12.82,30.49,1501.13,NVIDIA GeForce RTX 4060 Ti,52,119.86,100,6838.6,16380.0,
2026-09-05T12:04:14.928019+00:00,04_vlm_polymer_bigvlm,7,7,8.5,12.83,30.49,1501.13,NVIDIA GeForce RTX 4060 Ti,51,117.9,25,6838.6,16380.0,
2026-09-05T12:04:24.994815+00:00,04_vlm_polymer_bigvlm,7,7,8.6,12.87,30.49,1501.13,NVIDIA GeForce RTX 4060 Ti,51,116.64,62,6838.6,16380.0,
2026-09-05T12:04:35.058656+00:00,04_vlm_polymer_bigvlm,7,7,8.5,12.86,30.49,1501.13,NVIDIA GeForce RTX 4060 Ti,52,114.95,100,6838.6,16380.0,
2026-09-05T12:04:45.085146+00:00,04_vlm_polymer_bigvlm,7,7,8.5,12.84,30.49,1501.13,NVIDIA GeForce RTX 4060 Ti,49,114.88,100,6838.6,16380.0,
2026-09-05T12:04:55.110847+00:00,04_vlm_polymer_bigvlm,7,7,8.8,12.85,30.49,1501.13,NVIDIA GeForce RTX 4060 Ti,52,117.89,99,6838.6,16380.0,
2026-09-05T12:05:05.178821+00:00,04_vlm_polymer_bigvlm,7,7,8.5,12.84,30.49,1501.13,NVIDIA GeForce RTX 4060 Ti,52,117.76,100,6838.6,16380.0,
2026-09-05T12:05:15.241826+00:00,04_vlm_polymer_bigvlm,7,7,8.5,12.85,30.49,1501.13,NVIDIA GeForce RTX 4060 Ti,47,116.19,100,6838.6,16380.0,
2026-09-05T12:05:25.308836+00:00,04_vlm_polymer_bigvlm,7,7,8.5,12.86,30.49,1501.13,NVIDIA GeForce RTX 4060 Ti,52,114.19,16,6838.6,16380.0,
2026-09-05T12:05:35.376824+00:00,04_vlm_polymer_bigvlm,7,7,8.5,12.85,30.49,1501.13,NVIDIA GeForce RTX 4060 Ti,52,117.43,99,6838.6,16380.0,
2026-09-05T12:05:45.443819+00:00,04_vlm_polymer_bigvlm,7,7,8.6,12.85,30.49,1501.13,NVIDIA GeForce RTX 4060 Ti,51,118.92,100,6838.6,16380.0,
2026-09-05T12:05:55.511820+00:00,04_vlm_polymer_bigvlm,7,7,8.5,12.86,30.49,1501.13,NVIDIA GeForce RTX 4060 Ti,52,115.32,81,6838.6,16380.0,
2026-09-05T12:06:05.578819+00:00,04_vlm_polymer_bigvlm,7,7,8.5,12.86,30.49,1501.13,NVIDIA GeForce RTX 4060 Ti,48,116.2,100,6838.6,16380.0,
2026-09-05T12:06:15.643832+00:00,04_vlm_polymer_bigvlm,7,7,8.5,12.85,30.49,1501.13,NVIDIA GeForce RTX 4060 Ti,51,115.31,16,6838.6,16380.0,
2026-09-05T12:06:25.711813+00:00,04_vlm_polymer_bigvlm,7,7,8.5,12.85,30.49,1501.13,NVIDIA GeForce RTX 4060 Ti,52,115.03,88,6838.6,16380.0,
2026-09-05T12:06:35.778830+00:00,04_vlm_polymer_bigvlm,7,7,8.5,12.83,30.49,1501.13,NVIDIA GeForce RTX 4060 Ti,48,114.26,100,6838.6,16380.0,
2026-09-05T12:06:45.844813+00:00,04_vlm_polymer_bigvlm,7,7,8.6,12.84,30.49,1501.13,NVIDIA GeForce RTX 4060 Ti,52,115.67,100,6838.6,16380.0,
2026-09-05T12:06:55.913159+00:00,04_vlm_polymer_bigvlm,7,7,8.5,12.84,30.49,1501.13,NVIDIA GeForce RTX 4060 Ti,52,114.48,56,6838.6,16380.0,
2026-09-05T12:07:05.980825+00:00,04_vlm_polymer_bigvlm,7,7,8.5,12.85,30.49,1501.13,NVIDIA GeForce RTX 4060 Ti,51,119.58,99,6838.6,16380.0,
2026-09-05T12:07:16.044842+00:00,04_vlm_polymer_bigvlm,7,7,8.5,12.86,30.49,1501.13,NVIDIA GeForce RTX 4060 Ti,52,120.5,74,6838.6,16380.0,
2026-09-05T12:07:26.111841+00:00,04_vlm_polymer_bigvlm,7,7,8.5,12.84,30.49,1501.13,NVIDIA GeForce RTX 4060 Ti,51,116.52,97,6838.6,16380.0,
2026-09-05T12:07:36.179820+00:00,04_vlm_polymer_bigvlm,7,7,8.5,12.87,30.49,1501.13,NVIDIA GeForce RTX 4060 Ti,52,113.05,99,6838.6,16380.0,
2026-09-05T12:07:46.246821+00:00,04_vlm_polymer_bigvlm,7,7,8.7,12.92,30.49,1501.13,NVIDIA GeForce RTX 4060 Ti,52,114.2,100,6838.6,16380.0,
2026-09-05T12:07:56.314837+00:00,04_vlm_polymer_bigvlm,7,7,8.5,12.87,30.49,1501.13,NVIDIA GeForce RTX 4060 Ti,51,115.27,72,6838.6,16380.0,
2026-09-05T12:08:06.382677+00:00,04_vlm_polymer_bigvlm,7,7,8.5,12.85,30.49,1501.13,NVIDIA GeForce RTX 4060 Ti,52,119.84,99,6838.6,16380.0,
2026-09-05T12:08:16.441925+00:00,04_vlm_polymer_bigvlm,7,7,8.5,12.86,30.49,1501.13,NVIDIA GeForce RTX 4060 Ti,46,118.24,100,6838.6,16380.0,
2026-09-05T12:08:26.508814+00:00,04_vlm_polymer_bigvlm,7,7,8.5,12.86,30.49,1501.13,NVIDIA GeForce RTX 4060 Ti,52,119.97,69,6838.6,16380.0,
2026-09-05T12:08:36.572715+00:00,04_vlm_polymer_bigvlm,7,7,8.5,12.84,30.49,1501.13,NVIDIA GeForce RTX 4060 Ti,53,119.16,99,6838.6,16380.0,
2026-09-05T12:08:46.639818+00:00,04_vlm_polymer_bigvlm,7,7,8.6,12.85,30.49,1501.13,NVIDIA GeForce RTX 4060 Ti,47,116.73,100,6838.6,16380.0,
2026-09-05T12:08:56.702822+00:00,04_vlm_polymer_bigvlm,7,7,8.5,12.86,30.49,1501.13,NVIDIA GeForce RTX 4060 Ti,52,116.26,67,6838.6,16380.0,
2026-09-05T12:09:06.769822+00:00,04_vlm_polymer_bigvlm,7,7,8.5,12.84,30.49,1501.13,NVIDIA GeForce RTX 4060 Ti,52,119.77,83,6838.6,16380.0,
2026-09-05T12:09:16.832820+00:00,04_vlm_polymer_bigvlm,7,7,8.5,12.83,30.49,1501.13,NVIDIA GeForce RTX 4060 Ti,52,116.47,100,6838.6,16380.0,
2026-09-05T12:09:26.901827+00:00,04_vlm_polymer_bigvlm,7,7,8.5,12.83,30.49,1501.13,NVIDIA GeForce RTX 4060 Ti,48,114.09,100,6838.6,16380.0,
2026-09-05T12:09:36.969821+00:00,04_vlm_polymer_bigvlm,7,7,8.5,12.84,30.49,1501.13,NVIDIA GeForce RTX 4060 Ti,51,116.82,68,6838.6,16380.0,
2026-09-05T12:09:47.033821+00:00,04_vlm_polymer_bigvlm,7,7,8.5,12.85,30.49,1501.13,NVIDIA GeForce RTX 4060 Ti,46,102.9,99,6838.6,16380.0,
2026-09-05T12:09:57.101230+00:00,04_vlm_polymer_bigvlm,7,7,8.5,12.87,30.49,1501.13,NVIDIA GeForce RTX 4060 Ti,49,102.49,74,6838.6,16380.0,
2026-09-05T12:10:07.165123+00:00,04_vlm_polymer_bigvlm,7,7,8.5,12.86,30.49,1501.13,NVIDIA GeForce RTX 4060 Ti,50,103.13,51,6838.6,16380.0,
2026-09-05T12:10:17.186337+00:00,04_vlm_polymer_bigvlm,7,7,8.5,12.86,30.49,1501.13,NVIDIA GeForce RTX 4060 Ti,50,102.75,54,6838.6,16380.0,
2026-09-05T12:10:27.253823+00:00,04_vlm_polymer_bigvlm,7,7,8.1,12.88,30.49,1501.13,NVIDIA GeForce RTX 4060 Ti,51,113.64,100,6838.6,16380.0,
2026-09-05T12:10:37.321828+00:00,04_vlm_polymer_bigvlm,7,7,8.5,12.86,30.49,1501.13,NVIDIA GeForce RTX 4060 Ti,51,116.2,7,6838.6,16380.0,
2026-09-05T12:10:47.389820+00:00,04_vlm_polymer_bigvlm,7,7,8.5,12.89,30.49,1501.13,NVIDIA GeForce RTX 4060 Ti,51,115.04,99,6838.6,16380.0,
2026-09-05T12:10:57.407168+00:00,04_vlm_polymer_bigvlm,7,7,8.5,12.88,30.49,1501.13,NVIDIA GeForce RTX 4060 Ti,52,117.38,100,6838.6,16380.0,
2026-09-05T12:11:07.443717+00:00,04_vlm_polymer_bigvlm,7,7,8.5,12.84,30.49,1501.13,NVIDIA GeForce RTX 4060 Ti,46,114.65,89,6838.6,16380.0,
2026-09-05T12:11:17.495239+00:00,04_vlm_polymer_bigvlm,7,7,8.5,12.87,30.49,1501.13,NVIDIA GeForce RTX 4060 Ti,51,118.42,49,6838.6,16380.0,
2026-09-05T12:11:27.558231+00:00,04_vlm_polymer_bigvlm,7,7,8.5,12.86,30.49,1501.13,NVIDIA GeForce RTX 4060 Ti,52,115.03,99,6838.6,16380.0,
2026-09-05T12:11:37.621824+00:00,04_vlm_polymer_bigvlm,7,7,8.5,12.87,30.49,1501.13,NVIDIA GeForce RTX 4060 Ti,53,117.02,100,6838.6,16380.0,
2026-09-05T12:11:47.644346+00:00,04_vlm_polymer_bigvlm,7,7,8.5,12.86,30.49,1501.13,NVIDIA GeForce RTX 4060 Ti,51,115.52,33,6838.6,16380.0,
2026-09-05T12:11:57.691136+00:00,04_vlm_polymer_bigvlm,7,7,8.5,12.86,30.49,1501.13,NVIDIA GeForce RTX 4060 Ti,52,116.64,44,6838.6,16380.0,
2026-09-05T12:12:07.730401+00:00,04_vlm_polymer_bigvlm,7,7,8.5,12.85,30.49,1501.13,NVIDIA GeForce RTX 4060 Ti,46,116.14,100,6838.6,16380.0,
2026-09-05T12:12:17.797842+00:00,04_vlm_polymer_bigvlm,7,7,8.5,12.85,30.49,1501.13,NVIDIA GeForce RTX 4060 Ti,51,115.86,94,6838.6,16380.0,
2026-09-05T12:12:27.865835+00:00,04_vlm_polymer_bigvlm,7,7,8.5,12.85,30.49,1501.13,NVIDIA GeForce RTX 4060 Ti,49,119.48,36,6838.6,16380.0,
2026-09-05T12:12:37.934817+00:00,04_vlm_polymer_bigvlm,7,7,8.5,12.85,30.49,1501.13,NVIDIA GeForce RTX 4060 Ti,52,117.97,100,6838.6,16380.0,
2026-09-05T12:12:47.997821+00:00,04_vlm_polymer_bigvlm,7,7,8.7,12.86,30.49,1501.13,NVIDIA GeForce RTX 4060 Ti,46,118.34,74,6838.6,16380.0,
2026-09-05T12:12:58.030905+00:00,04_vlm_polymer_bigvlm,7,7,8.5,12.85,30.49,1501.13,NVIDIA GeForce RTX 4060 Ti,52,118.46,84,6838.6,16380.0,
2026-09-05T12:13:08.083846+00:00,04_vlm_polymer_bigvlm,7,7,8.5,12.86,30.49,1501.13,NVIDIA GeForce RTX 4060 Ti,52,114.95,100,6838.6,16380.0,
2026-09-05T12:13:18.113675+00:00,04_vlm_polymer_bigvlm,7,7,8.5,12.84,30.49,1501.13,NVIDIA GeForce RTX 4060 Ti,46,120.12,75,6838.6,16380.0,
2026-09-05T12:13:28.180818+00:00,04_vlm_polymer_bigvlm,7,7,8.5,12.84,30.49,1501.13,NVIDIA GeForce RTX 4060 Ti,52,117.75,100,6838.6,16380.0,
2026-09-05T12:13:38.247823+00:00,04_vlm_polymer_bigvlm,7,7,8.5,12.85,30.49,1501.13,NVIDIA GeForce RTX 4060 Ti,51,117.34,33,6838.6,16380.0,
2026-09-05T12:13:48.314825+00:00,04_vlm_polymer_bigvlm,7,7,8.5,12.85,30.49,1501.13,NVIDIA GeForce RTX 4060 Ti,53,118.85,100,6838.6,16380.0,
2026-09-05T12:13:58.381820+00:00,04_vlm_polymer_bigvlm,7,7,8.6,12.86,30.49,1501.13,NVIDIA GeForce RTX 4060 Ti,52,115.97,28,6838.6,16380.0,
2026-09-05T12:14:08.449820+00:00,04_vlm_polymer_bigvlm,7,7,8.5,12.86,30.49,1501.13,NVIDIA GeForce RTX 4060 Ti,51,116.54,100,6838.6,16380.0,
2026-09-05T12:14:18.516818+00:00,04_vlm_polymer_bigvlm,7,7,8.5,12.85,30.49,1501.13,NVIDIA GeForce RTX 4060 Ti,52,120.06,23,6838.6,16380.0,
2026-09-05T12:14:28.586022+00:00,04_vlm_polymer_bigvlm,7,7,8.5,12.86,30.49,1501.13,NVIDIA GeForce RTX 4060 Ti,51,119.03,99,6838.6,16380.0,
2026-09-05T12:14:38.653859+00:00,04_vlm_polymer_bigvlm,7,7,8.5,12.87,30.49,1501.13,NVIDIA GeForce RTX 4060 Ti,49,113.6,100,6838.6,16380.0,
2026-09-05T12:14:48.720823+00:00,04_vlm_polymer_bigvlm,7,7,8.5,12.87,30.49,1501.13,NVIDIA GeForce RTX 4060 Ti,52,115.05,97,6838.6,16380.0,
2026-09-05T12:14:58.787827+00:00,04_vlm_polymer_bigvlm,7,7,8.6,12.86,30.49,1501.13,NVIDIA GeForce RTX 4060 Ti,53,117.96,100,6838.6,16380.0,
2026-09-05T12:15:08.854821+00:00,04_vlm_polymer_bigvlm,7,7,8.5,12.88,30.49,1501.13,NVIDIA GeForce RTX 4060 Ti,52,114.95,100,6838.6,16380.0,
2026-09-05T12:15:18.922821+00:00,04_vlm_polymer_bigvlm,7,7,8.5,12.88,30.49,1501.13,NVIDIA GeForce RTX 4060 Ti,47,118.13,40,6838.6,16380.0,
2026-09-05T12:15:28.989837+00:00,04_vlm_polymer_bigvlm,7,7,8.5,12.88,30.49,1501.13,NVIDIA GeForce RTX 4060 Ti,51,117.59,100,6838.6,16380.0,
2026-09-05T12:15:39.052836+00:00,04_vlm_polymer_bigvlm,7,7,8.5,12.86,30.49,1501.13,NVIDIA GeForce RTX 4060 Ti,50,115.62,23,6838.6,16380.0,
2026-09-05T12:15:49.120822+00:00,04_vlm_polymer_bigvlm,7,7,8.5,12.87,30.49,1501.13,NVIDIA GeForce RTX 4060 Ti,51,117.78,99,6838.6,16380.0,
2026-09-05T12:15:59.155676+00:00,04_vlm_polymer_bigvlm,7,7,8.5,12.85,30.49,1501.13,NVIDIA GeForce RTX 4060 Ti,52,119.12,100,6838.6,16380.0,
2026-09-05T12:16:09.222828+00:00,04_vlm_polymer_bigvlm,7,7,8.5,12.85,30.49,1501.13,NVIDIA GeForce RTX 4060 Ti,51,116.15,32,6838.6,16380.0,
2026-09-05T12:16:19.290822+00:00,04_vlm_polymer_bigvlm,7,7,8.5,12.84,30.49,1501.13,NVIDIA GeForce RTX 4060 Ti,52,115.51,100,6838.6,16380.0,
2026-09-05T12:16:29.358825+00:00,04_vlm_polymer_bigvlm,7,7,8.5,12.85,30.49,1501.13,NVIDIA GeForce RTX 4060 Ti,52,121.86,55,6838.6,16380.0,
2026-09-05T12:16:39.426830+00:00,04_vlm_polymer_bigvlm,7,7,8.5,12.85,30.49,1501.13,NVIDIA GeForce RTX 4060 Ti,51,111.95,62,6838.6,16380.0,
2026-09-05T12:16:49.478517+00:00,04_vlm_polymer_bigvlm,7,7,8.5,12.84,30.49,1501.13,NVIDIA GeForce RTX 4060 Ti,51,103.85,65,6838.6,16380.0,
2026-09-05T12:16:59.545743+00:00,04_vlm_polymer_bigvlm,7,7,8.5,12.87,30.49,1501.13,NVIDIA GeForce RTX 4060 Ti,49,102.19,79,6838.6,16380.0,
2026-09-05T12:17:09.611828+00:00,04_vlm_polymer_bigvlm,7,7,8.5,12.87,30.49,1501.13,NVIDIA GeForce RTX 4060 Ti,49,104.62,78,6838.6,16380.0,
2026-09-05T12:17:19.674822+00:00,04_vlm_polymer_bigvlm,7,7,8.5,12.87,30.49,1501.13,NVIDIA GeForce RTX 4060 Ti,52,117.69,99,6838.6,16380.0,
2026-09-05T12:17:29.743348+00:00,04_vlm_polymer_bigvlm,7,7,8.5,12.86,30.49,1501.13,NVIDIA GeForce RTX 4060 Ti,45,117.87,100,6838.6,16380.0,
2026-09-05T12:17:39.809818+00:00,04_vlm_polymer_bigvlm,7,7,8.6,12.89,30.49,1501.13,NVIDIA GeForce RTX 4060 Ti,52,118.92,15,6838.6,16380.0,
2026-09-05T12:17:49.872893+00:00,04_vlm_polymer_bigvlm,7,7,8.6,12.87,30.49,1501.13,NVIDIA GeForce RTX 4060 Ti,51,116.57,52,6838.6,16380.0,
2026-09-05T12:17:59.926796+00:00,04_vlm_polymer_bigvlm,7,7,8.5,12.85,30.49,1501.13,NVIDIA GeForce RTX 4060 Ti,52,116.15,99,6838.6,16380.0,
2026-09-05T12:18:09.989856+00:00,04_vlm_polymer_bigvlm,7,7,8.5,12.86,30.49,1501.13,NVIDIA GeForce RTX 4060 Ti,49,113.03,100,6838.6,16380.0,
2026-09-05T12:18:20.056821+00:00,04_vlm_polymer_bigvlm,7,7,8.5,12.87,30.49,1501.13,NVIDIA GeForce RTX 4060 Ti,51,116.59,27,6838.6,16380.0,
2026-09-05T12:18:30.119823+00:00,04_vlm_polymer_bigvlm,7,7,8.8,12.87,30.49,1501.13,NVIDIA GeForce RTX 4060 Ti,52,116.58,100,6838.6,16380.0,
2026-09-05T12:18:40.186834+00:00,04_vlm_polymer_bigvlm,7,7,8.5,12.86,30.49,1501.13,NVIDIA GeForce RTX 4060 Ti,47,119.76,94,6838.6,16380.0,
2026-09-05T12:18:50.252828+00:00,04_vlm_polymer_bigvlm,7,7,8.5,12.85,30.49,1501.13,NVIDIA GeForce RTX 4060 Ti,51,114.88,60,6838.6,16380.0,
2026-09-05T12:19:00.305675+00:00,04_vlm_polymer_bigvlm,7,7,8.5,12.85,30.49,1501.13,NVIDIA GeForce RTX 4060 Ti,52,120.42,100,6838.6,16380.0,
2026-09-05T12:19:10.343068+00:00,04_vlm_polymer_bigvlm,7,7,8.5,12.84,30.49,1501.13,NVIDIA GeForce RTX 4060 Ti,52,115.91,100,6838.6,16380.0,
2026-09-05T12:19:20.407831+00:00,04_vlm_polymer_bigvlm,7,7,8.5,12.85,30.49,1501.13,NVIDIA GeForce RTX 4060 Ti,46,115.75,83,6838.6,16380.0,
2026-09-05T12:19:30.475455+00:00,04_vlm_polymer_bigvlm,7,7,8.5,12.85,30.49,1501.13,NVIDIA GeForce RTX 4060 Ti,51,118.11,44,6838.6,16380.0,
2026-09-05T12:19:40.540829+00:00,04_vlm_polymer_bigvlm,7,7,8.5,12.85,30.49,1501.13,NVIDIA GeForce RTX 4060 Ti,52,116.34,99,6838.6,16380.0,
2026-09-05T12:19:50.608821+00:00,04_vlm_polymer_bigvlm,7,7,8.5,12.83,30.49,1501.13,NVIDIA GeForce RTX 4060 Ti,48,115.65,100,6838.6,16380.0,
2026-09-05T12:20:00.677341+00:00,04_vlm_polymer_bigvlm,7,7,8.6,12.83,30.49,1501.13,NVIDIA GeForce RTX 4060 Ti,51,116.52,15,6838.6,16380.0,
2026-09-05T12:20:10.744644+00:00,04_vlm_polymer_bigvlm,7,7,8.5,12.84,30.49,1501.13,NVIDIA GeForce RTX 4060 Ti,51,114.47,18,6838.6,16380.0,
2026-09-05T12:20:20.811814+00:00,04_vlm_polymer_bigvlm,7,7,8.5,12.82,30.49,1501.13,NVIDIA GeForce RTX 4060 Ti,52,116.88,99,6838.6,16380.0,
2026-09-05T12:20:30.870618+00:00,04_vlm_polymer_bigvlm,7,7,8.5,12.85,30.49,1501.13,NVIDIA GeForce RTX 4060 Ti,51,112.98,67,6838.6,16380.0,
2026-09-05T12:20:40.898836+00:00,04_vlm_polymer_bigvlm,7,7,8.5,12.84,30.49,1501.13,NVIDIA GeForce RTX 4060 Ti,52,116.08,100,6838.6,16380.0,
2026-09-05T12:20:50.965827+00:00,04_vlm_polymer_bigvlm,7,7,8.5,12.85,30.49,1501.13,NVIDIA GeForce RTX 4060 Ti,46,116.19,54,6838.6,16380.0,
2026-09-05T12:21:01.032820+00:00,04_vlm_polymer_bigvlm,7,7,8.5,12.84,30.49,1501.13,NVIDIA GeForce RTX 4060 Ti,51,117.3,72,6838.6,16380.0,
2026-09-05T12:21:11.056577+00:00,04_vlm_polymer_bigvlm,7,7,8.6,12.85,30.49,1501.13,NVIDIA GeForce RTX 4060 Ti,53,115.75,100,6838.6,16380.0,
2026-09-05T12:21:21.124173+00:00,04_vlm_polymer_bigvlm,7,7,8.5,12.85,30.49,1501.13,NVIDIA GeForce RTX 4060 Ti,46,116.62,43,6838.6,16380.0,
2026-09-05T12:21:31.190827+00:00,04_vlm_polymer_bigvlm,7,7,8.5,12.86,30.49,1501.13,NVIDIA GeForce RTX 4060 Ti,51,116.94,74,6838.6,16380.0,
2026-09-05T12:21:41.259821+00:00,04_vlm_polymer_bigvlm,7,7,8.5,12.85,30.49,1501.13,NVIDIA GeForce RTX 4060 Ti,52,114.55,100,6838.6,16380.0,
2026-09-05T12:21:51.325824+00:00,04_vlm_polymer_bigvlm,7,7,8.5,12.84,30.49,1501.13,NVIDIA GeForce RTX 4060 Ti,51,118.08,44,6838.6,16380.0,
2026-09-05T12:22:01.392813+00:00,04_vlm_polymer_bigvlm,7,7,8.6,12.84,30.49,1501.13,NVIDIA GeForce RTX 4060 Ti,51,118.25,79,6838.6,16380.0,
2026-09-05T12:22:11.459819+00:00,04_vlm_polymer_bigvlm,7,7,8.6,12.84,30.49,1501.13,NVIDIA GeForce RTX 4060 Ti,47,115.52,100,6838.6,16380.0,
2026-09-05T12:22:21.527832+00:00,04_vlm_polymer_bigvlm,7,7,8.5,12.83,30.49,1501.13,NVIDIA GeForce RTX 4060 Ti,52,119.88,45,6838.6,16380.0,
2026-09-05T12:22:31.591698+00:00,04_vlm_polymer_bigvlm,7,7,13.0,12.85,30.49,1501.13,NVIDIA GeForce RTX 4060 Ti,53,114.2,99,6838.6,16380.0,
2026-09-05T12:22:41.659804+00:00,04_vlm_polymer_bigvlm,7,7,15.5,13.04,30.49,1501.13,NVIDIA GeForce RTX 4060 Ti,52,116.98,89,6838.6,16380.0,
2026-09-05T12:22:51.727841+00:00,04_vlm_polymer_bigvlm,7,7,13.1,12.9,30.49,1501.13,NVIDIA GeForce RTX 4060 Ti,50,116.32,100,6838.6,16380.0,
2026-09-05T12:23:01.794816+00:00,04_vlm_polymer_bigvlm,7,7,8.5,12.89,30.49,1501.13,NVIDIA GeForce RTX 4060 Ti,52,119.0,30,6838.6,16380.0,
2026-09-05T12:23:11.861824+00:00,04_vlm_polymer_bigvlm,7,7,8.5,12.89,30.49,1501.13,NVIDIA GeForce RTX 4060 Ti,52,115.39,99,6838.6,16380.0,
2026-09-05T12:23:21.930822+00:00,04_vlm_polymer_bigvlm,7,7,8.5,12.9,30.49,1501.13,NVIDIA GeForce RTX 4060 Ti,52,115.55,100,6838.6,16380.0,
2026-09-05T12:23:31.964781+00:00,04_vlm_polymer_bigvlm,7,7,8.5,12.89,30.49,1501.13,NVIDIA GeForce RTX 4060 Ti,48,120.97,14,6838.6,16380.0,
2026-09-05T12:23:42.021046+00:00,04_vlm_polymer_bigvlm,7,7,8.5,12.92,30.49,1501.13,NVIDIA GeForce RTX 4060 Ti,49,102.21,84,6838.6,16380.0,
2026-09-05T12:23:52.088828+00:00,04_vlm_polymer_bigvlm,7,7,8.5,12.9,30.49,1501.13,NVIDIA GeForce RTX 4060 Ti,48,102.81,78,6838.6,16380.0,
2026-09-05T12:24:02.151831+00:00,04_vlm_polymer_bigvlm,7,7,8.5,12.91,30.49,1501.13,NVIDIA GeForce RTX 4060 Ti,48,102.71,47,6838.6,16380.0,
2026-09-05T12:24:12.217003+00:00,04_vlm_polymer_bigvlm,7,7,8.5,12.9,30.49,1501.13,NVIDIA GeForce RTX 4060 Ti,45,104.79,54,6838.6,16380.0,
2026-09-05T12:24:22.266036+00:00,04_vlm_polymer_bigvlm,7,7,8.1,12.91,30.49,1501.13,NVIDIA GeForce RTX 4060 Ti,51,119.4,88,6838.6,16380.0,
2026-09-05T12:24:32.328824+00:00,04_vlm_polymer_bigvlm,7,7,8.5,12.91,30.49,1501.13,NVIDIA GeForce RTX 4060 Ti,45,115.69,52,6838.6,16380.0,
2026-09-05T12:24:42.396811+00:00,04_vlm_polymer_bigvlm,7,7,8.5,12.91,30.49,1501.13,NVIDIA GeForce RTX 4060 Ti,52,119.62,100,6838.6,16380.0,
2026-09-05T12:24:52.464824+00:00,04_vlm_polymer_bigvlm,7,7,8.5,12.9,30.49,1501.13,NVIDIA GeForce RTX 4060 Ti,51,114.8,55,6838.6,16380.0,
2026-09-05T12:25:02.532833+00:00,04_vlm_polymer_bigvlm,7,7,8.6,12.92,30.49,1501.13,NVIDIA GeForce RTX 4060 Ti,52,114.58,88,6838.6,16380.0,
2026-09-05T12:25:12.599823+00:00,04_vlm_polymer_bigvlm,7,7,8.5,12.91,30.49,1501.13,NVIDIA GeForce RTX 4060 Ti,49,116.61,100,6838.6,16380.0,
2026-09-05T12:25:22.668594+00:00,04_vlm_polymer_bigvlm,7,7,8.5,12.92,30.49,1501.13,NVIDIA GeForce RTX 4060 Ti,52,115.34,14,6838.6,16380.0,
2026-09-05T12:25:32.737368+00:00,04_vlm_polymer_bigvlm,7,7,8.5,12.91,30.49,1501.13,NVIDIA GeForce RTX 4060 Ti,52,114.97,49,6838.6,16380.0,
2026-09-05T12:25:42.806084+00:00,04_vlm_polymer_bigvlm,7,7,8.5,12.91,30.49,1501.13,NVIDIA GeForce RTX 4060 Ti,51,112.46,100,6838.6,16380.0,
2026-09-05T12:25:52.847748+00:00,04_vlm_polymer_bigvlm,7,7,8.5,12.91,30.49,1501.13,NVIDIA GeForce RTX 4060 Ti,51,115.93,67,6838.6,16380.0,
2026-09-05T12:26:02.907558+00:00,04_vlm_polymer_bigvlm,7,7,8.5,12.9,30.49,1501.13,NVIDIA GeForce RTX 4060 Ti,51,118.2,39,6838.6,16380.0,
2026-09-05T12:26:12.944061+00:00,04_vlm_polymer_bigvlm,7,7,8.5,12.89,30.49,1501.13,NVIDIA GeForce RTX 4060 Ti,52,117.63,100,6838.6,16380.0,
2026-09-05T12:26:22.959459+00:00,04_vlm_polymer_bigvlm,7,7,8.5,12.9,30.49,1501.13,NVIDIA GeForce RTX 4060 Ti,49,119.32,43,6838.6,16380.0,
2026-09-05T12:26:33.027835+00:00,04_vlm_polymer_bigvlm,7,7,8.5,12.9,30.49,1501.13,NVIDIA GeForce RTX 4060 Ti,52,116.22,100,6838.6,16380.0,
2026-09-05T12:26:43.070156+00:00,04_vlm_polymer_bigvlm,7,7,8.5,12.95,30.49,1501.13,NVIDIA GeForce RTX 4060 Ti,53,115.36,100,6838.6,16380.0,
2026-09-05T12:26:53.094242+00:00,04_vlm_polymer_bigvlm,7,7,8.5,12.94,30.49,1501.13,NVIDIA GeForce RTX 4060 Ti,52,118.95,85,6838.6,16380.0,
2026-09-05T12:27:03.160819+00:00,04_vlm_polymer_bigvlm,7,7,8.5,12.9,30.49,1501.13,NVIDIA GeForce RTX 4060 Ti,49,117.34,100,6838.6,16380.0,
2026-09-05T12:27:13.228822+00:00,04_vlm_polymer_bigvlm,7,7,8.5,12.91,30.49,1501.13,NVIDIA GeForce RTX 4060 Ti,51,113.77,22,6838.6,16380.0,
2026-09-05T12:27:23.297249+00:00,04_vlm_polymer_bigvlm,7,7,8.6,12.9,30.49,1501.13,NVIDIA GeForce RTX 4060 Ti,52,113.78,99,6838.6,16380.0,
2026-09-05T12:27:33.359136+00:00,04_vlm_polymer_bigvlm,7,7,8.6,12.9,30.49,1501.13,NVIDIA GeForce RTX 4060 Ti,53,114.52,100,6838.6,16380.0,
2026-09-05T12:27:43.427821+00:00,04_vlm_polymer_bigvlm,7,7,8.6,12.94,30.49,1501.13,NVIDIA GeForce RTX 4060 Ti,51,115.32,47,6838.6,16380.0,
2026-09-05T12:27:53.496823+00:00,04_vlm_polymer_bigvlm,7,7,8.6,12.99,30.49,1501.13,NVIDIA GeForce RTX 4060 Ti,53,116.2,100,6838.6,16380.0,
2026-09-05T12:28:03.564821+00:00,04_vlm_polymer_bigvlm,7,7,8.5,12.94,30.49,1501.13,NVIDIA GeForce RTX 4060 Ti,51,116.0,18,6838.6,16380.0,
2026-09-05T12:28:13.628832+00:00,04_vlm_polymer_bigvlm,7,7,8.5,12.94,30.49,1501.13,NVIDIA GeForce RTX 4060 Ti,51,116.55,54,6838.6,16380.0,
2026-09-05T12:28:23.695826+00:00,04_vlm_polymer_bigvlm,7,7,8.5,12.94,30.49,1501.13,NVIDIA GeForce RTX 4060 Ti,53,116.53,100,6838.6,16380.0,
2026-09-05T12:28:33.764737+00:00,04_vlm_polymer_bigvlm,7,7,8.6,12.95,30.49,1501.13,NVIDIA GeForce RTX 4060 Ti,51,116.65,22,6838.6,16380.0,
2026-09-05T12:28:43.830828+00:00,04_vlm_polymer_bigvlm,7,7,8.5,12.9,30.49,1501.13,NVIDIA GeForce RTX 4060 Ti,52,117.83,99,6838.6,16380.0,
2026-09-05T12:28:53.893830+00:00,04_vlm_polymer_bigvlm,7,7,8.5,12.92,30.49,1501.13,NVIDIA GeForce RTX 4060 Ti,46,116.35,55,6838.6,16380.0,
2026-09-05T12:29:03.961823+00:00,04_vlm_polymer_bigvlm,7,7,8.5,12.92,30.49,1501.13,NVIDIA GeForce RTX 4060 Ti,52,115.91,100,6838.6,16380.0,
2026-09-05T12:29:14.029823+00:00,04_vlm_polymer_bigvlm,7,7,8.5,12.93,30.49,1501.13,NVIDIA GeForce RTX 4060 Ti,48,117.35,99,6839.9,16380.0,
2026-09-05T12:29:24.096817+00:00,04_vlm_polymer_bigvlm,7,7,8.6,12.91,30.49,1501.13,NVIDIA GeForce RTX 4060 Ti,52,119.12,44,6839.9,16380.0,
2026-09-05T12:29:34.159970+00:00,04_vlm_polymer_bigvlm,7,7,8.6,12.92,30.49,1501.13,NVIDIA GeForce RTX 4060 Ti,52,116.35,99,6839.9,16380.0,
2026-09-05T12:29:44.200166+00:00,04_vlm_polymer_bigvlm,7,7,8.5,12.91,30.49,1501.13,NVIDIA GeForce RTX 4060 Ti,48,115.41,100,6839.9,16380.0,
2026-09-05T12:29:54.245258+00:00,04_vlm_polymer_bigvlm,7,7,8.5,12.9,30.49,1501.13,NVIDIA GeForce RTX 4060 Ti,51,111.07,31,6839.9,16380.0,
2026-09-05T12:30:04.280032+00:00,04_vlm_polymer_bigvlm,7,7,8.5,12.91,30.49,1501.13,NVIDIA GeForce RTX 4060 Ti,47,119.85,100,6839.9,16380.0,
2026-09-05T12:30:14.298413+00:00,04_vlm_polymer_bigvlm,7,7,8.5,12.91,30.49,1501.13,NVIDIA GeForce RTX 4060 Ti,51,116.28,23,6839.9,16380.0,
2026-09-05T12:30:24.365898+00:00,04_vlm_polymer_bigvlm,7,7,8.5,12.91,30.49,1501.13,NVIDIA GeForce RTX 4060 Ti,52,116.56,100,6839.9,16380.0,
2026-09-05T12:30:34.430403+00:00,04_vlm_polymer_bigvlm,7,7,8.5,12.91,30.49,1501.13,NVIDIA GeForce RTX 4060 Ti,51,103.12,51,6839.9,16380.0,
2026-09-05T12:30:44.446365+00:00,04_vlm_polymer_bigvlm,7,7,8.5,12.93,30.49,1501.13,NVIDIA GeForce RTX 4060 Ti,50,102.06,48,6839.9,16380.0,
2026-09-05T12:30:54.512821+00:00,04_vlm_polymer_bigvlm,7,7,8.5,12.93,30.49,1501.13,NVIDIA GeForce RTX 4060 Ti,50,102.75,47,6839.9,16380.0,
2026-09-05T12:31:04.569252+00:00,04_vlm_polymer_bigvlm,7,7,8.5,12.91,30.49,1501.13,NVIDIA GeForce RTX 4060 Ti,50,105.0,50,6839.9,16380.0,
2026-09-05T12:31:14.635826+00:00,04_vlm_polymer_bigvlm,7,7,8.2,12.91,30.49,1501.13,NVIDIA GeForce RTX 4060 Ti,51,114.96,73,6839.9,16380.0,
2026-09-05T12:31:24.702833+00:00,04_vlm_polymer_bigvlm,7,7,8.5,12.92,30.49,1501.13,NVIDIA GeForce RTX 4060 Ti,46,114.81,100,6839.9,16380.0,
2026-09-05T12:31:34.765825+00:00,04_vlm_polymer_bigvlm,7,7,8.5,12.9,30.49,1501.13,NVIDIA GeForce RTX 4060 Ti,51,116.26,98,6839.9,16380.0,
2026-09-05T12:31:44.833831+00:00,04_vlm_polymer_bigvlm,7,7,8.8,12.9,30.49,1501.13,NVIDIA GeForce RTX 4060 Ti,52,119.66,99,6839.9,16380.0,
2026-09-05T12:31:54.896821+00:00,04_vlm_polymer_bigvlm,7,7,8.5,12.92,30.49,1501.13,NVIDIA GeForce RTX 4060 Ti,51,117.1,100,6839.9,16380.0,
2026-09-05T12:32:04.964824+00:00,04_vlm_polymer_bigvlm,7,7,8.5,12.91,30.49,1501.13,NVIDIA GeForce RTX 4060 Ti,52,119.9,89,6839.9,16380.0,
2026-09-05T12:32:15.031582+00:00,04_vlm_polymer_bigvlm,7,7,8.5,12.91,30.49,1501.13,NVIDIA GeForce RTX 4060 Ti,46,114.56,49,6839.9,16380.0,
2026-09-05T12:32:25.100282+00:00,04_vlm_polymer_bigvlm,7,7,8.5,12.91,30.49,1501.13,NVIDIA GeForce RTX 4060 Ti,51,119.81,99,6839.9,16380.0,
2026-09-05T12:32:35.116575+00:00,04_vlm_polymer_bigvlm,7,7,8.6,12.92,30.49,1501.13,NVIDIA GeForce RTX 4060 Ti,52,113.87,100,6839.9,16380.0,
2026-09-05T12:32:45.184601+00:00,04_vlm_polymer_bigvlm,7,7,8.6,12.94,30.49,1501.13,NVIDIA GeForce RTX 4060 Ti,46,118.06,66,6839.9,16380.0,
2026-09-05T12:32:55.227025+00:00,04_vlm_polymer_bigvlm,7,7,8.5,12.94,30.49,1501.13,NVIDIA GeForce RTX 4060 Ti,51,115.75,100,6839.9,16380.0,
2026-09-05T12:33:05.246236+00:00,04_vlm_polymer_bigvlm,7,7,8.5,12.93,30.49,1501.13,NVIDIA GeForce RTX 4060 Ti,52,116.71,100,6839.9,16380.0,
2026-09-05T12:33:15.313645+00:00,04_vlm_polymer_bigvlm,7,7,8.5,12.92,30.49,1501.13,NVIDIA GeForce RTX 4060 Ti,48,116.06,18,6839.9,16380.0,
2026-09-05T12:33:25.334388+00:00,04_vlm_polymer_bigvlm,7,7,8.5,12.93,30.49,1501.13,NVIDIA GeForce RTX 4060 Ti,52,113.49,99,6839.9,16380.0,
2026-09-05T12:33:35.400829+00:00,04_vlm_polymer_bigvlm,7,7,8.5,12.92,30.49,1501.13,NVIDIA GeForce RTX 4060 Ti,53,117.19,100,6839.9,16380.0,
2026-09-05T12:33:45.469162+00:00,04_vlm_polymer_bigvlm,7,7,8.5,12.95,30.49,1501.13,NVIDIA GeForce RTX 4060 Ti,51,114.45,87,6839.9,16380.0,
2026-09-05T12:33:55.492921+00:00,04_vlm_polymer_bigvlm,7,7,8.5,12.93,30.49,1501.13,NVIDIA GeForce RTX 4060 Ti,53,120.14,49,6839.9,16380.0,
2026-09-05T12:34:05.555838+00:00,04_vlm_polymer_bigvlm,7,7,8.6,12.95,30.49,1501.13,NVIDIA GeForce RTX 4060 Ti,52,115.8,99,6839.9,16380.0,
2026-09-05T12:34:15.622818+00:00,04_vlm_polymer_bigvlm,7,7,8.5,12.93,30.49,1501.13,NVIDIA GeForce RTX 4060 Ti,51,118.66,100,6839.9,16380.0,
2026-09-05T12:34:25.691452+00:00,04_vlm_polymer_bigvlm,7,7,8.5,12.92,30.49,1501.13,NVIDIA GeForce RTX 4060 Ti,52,118.23,41,6839.9,16380.0,
2026-09-05T12:34:35.748894+00:00,04_vlm_polymer_bigvlm,7,7,8.5,12.95,30.49,1501.13,NVIDIA GeForce RTX 4060 Ti,53,116.52,99,6839.9,16380.0,
2026-09-05T12:34:45.787113+00:00,04_vlm_polymer_bigvlm,7,7,8.5,12.94,30.49,1501.13,NVIDIA GeForce RTX 4060 Ti,51,114.18,100,6839.9,16380.0,
2026-09-05T12:34:55.854852+00:00,04_vlm_polymer_bigvlm,7,7,8.5,12.93,30.49,1501.13,NVIDIA GeForce RTX 4060 Ti,52,116.77,50,6839.9,16380.0,
2026-09-05T12:35:05.908121+00:00,04_vlm_polymer_bigvlm,7,7,8.6,12.93,30.49,1501.13,NVIDIA GeForce RTX 4060 Ti,52,119.6,100,6839.9,16380.0,
2026-09-05T12:35:15.975248+00:00,04_vlm_polymer_bigvlm,7,7,8.5,12.94,30.49,1501.13,NVIDIA GeForce RTX 4060 Ti,51,116.67,20,6839.9,16380.0,
2026-09-05T12:35:26.042739+00:00,04_vlm_polymer_bigvlm,7,7,8.5,12.93,30.49,1501.13,NVIDIA GeForce RTX 4060 Ti,49,115.98,100,6839.9,16380.0,
2026-09-05T12:35:36.110111+00:00,04_vlm_polymer_bigvlm,7,7,8.5,12.94,30.49,1501.13,NVIDIA GeForce RTX 4060 Ti,46,114.4,46,6839.9,16380.0,
2026-09-05T12:35:46.177255+00:00,04_vlm_polymer_bigvlm,7,7,8.5,12.94,30.49,1501.13,NVIDIA GeForce RTX 4060 Ti,52,117.06,96,6839.9,16380.0,
2026-09-05T12:35:56.245691+00:00,04_vlm_polymer_bigvlm,7,7,8.5,12.97,30.49,1501.13,NVIDIA GeForce RTX 4060 Ti,53,117.17,100,6839.9,16380.0,
2026-09-05T12:36:06.313636+00:00,04_vlm_polymer_bigvlm,7,7,8.6,12.96,30.49,1501.13,NVIDIA GeForce RTX 4060 Ti,48,114.75,100,6839.9,16380.0,
2026-09-05T12:36:16.380555+00:00,04_vlm_polymer_bigvlm,7,7,8.5,12.94,30.49,1501.13,NVIDIA GeForce RTX 4060 Ti,51,114.33,99,6839.9,16380.0,
2026-09-05T12:36:26.441355+00:00,04_vlm_polymer_bigvlm,7,7,8.5,12.94,30.49,1501.13,NVIDIA GeForce RTX 4060 Ti,48,116.55,61,6839.9,16380.0,
2026-09-05T12:36:36.508116+00:00,04_vlm_polymer_bigvlm,7,7,8.5,12.93,30.49,1501.13,NVIDIA GeForce RTX 4060 Ti,52,119.61,92,6839.9,16380.0,
2026-09-05T12:36:46.572656+00:00,04_vlm_polymer_bigvlm,7,7,8.5,12.92,30.49,1501.13,NVIDIA GeForce RTX 4060 Ti,52,118.51,100,6839.9,16380.0,
2026-09-05T12:36:56.639258+00:00,04_vlm_polymer_bigvlm,7,7,8.5,12.92,30.49,1501.13,NVIDIA GeForce RTX 4060 Ti,49,114.64,100,6839.9,16380.0,
2026-09-05T12:37:06.705861+00:00,04_vlm_polymer_bigvlm,7,7,8.6,12.93,30.49,1501.13,NVIDIA GeForce RTX 4060 Ti,52,119.57,93,6839.9,16380.0,
2026-09-05T12:37:16.773106+00:00,04_vlm_polymer_bigvlm,7,7,8.5,12.95,30.49,1501.13,NVIDIA GeForce RTX 4060 Ti,52,118.52,100,6839.9,16380.0,
2026-09-05T12:37:26.836569+00:00,04_vlm_polymer_bigvlm,7,7,8.5,12.93,30.49,1501.13,NVIDIA GeForce RTX 4060 Ti,50,117.18,41,6839.9,16380.0,
2026-09-05T12:37:36.903932+00:00,04_vlm_polymer_bigvlm,7,7,8.5,12.92,30.49,1501.13,NVIDIA GeForce RTX 4060 Ti,51,102.6,99,6839.9,16380.0,
2026-09-05T12:37:46.971093+00:00,04_vlm_polymer_bigvlm,7,7,8.7,12.96,30.49,1501.13,NVIDIA GeForce RTX 4060 Ti,45,102.86,89,6839.9,16380.0,
2026-09-05T12:37:57.039824+00:00,04_vlm_polymer_bigvlm,7,7,8.6,12.94,30.49,1501.13,NVIDIA GeForce RTX 4060 Ti,51,100.7,57,6839.9,16380.0,
2026-09-05T12:38:07.106819+00:00,04_vlm_polymer_bigvlm,7,7,8.6,12.94,30.49,1501.13,NVIDIA GeForce RTX 4060 Ti,49,104.54,65,6838.6,16380.0,
2026-09-05T12:38:17.167940+00:00,04_vlm_polymer_bigvlm,7,7,6.9,12.98,30.49,1501.13,NVIDIA GeForce RTX 4060 Ti,49,103.18,52,10708.6,16380.0,
2026-09-05T12:38:27.234820+00:00,04_vlm_polymer_bigvlm,7,7,8.5,12.96,30.49,1501.13,NVIDIA GeForce RTX 4060 Ti,49,103.45,52,10708.6,16380.0,
2026-09-05T12:38:37.287361+00:00,04_vlm_polymer_bigvlm,7,7,8.5,12.99,30.49,1501.13,NVIDIA GeForce RTX 4060 Ti,49,103.42,53,10708.6,16380.0,
2026-09-05T12:38:47.322805+00:00,04_vlm_polymer_bigvlm,8,8,8.8,11.48,30.49,1501.13,NVIDIA GeForce RTX 4060 Ti,40,41.62,0,1679.5,16380.0,
2026-09-05T12:38:57.385821+00:00,04_vlm_polymer_bigvlm,8,8,7.9,12.84,30.49,1501.13,NVIDIA GeForce RTX 4060 Ti,50,113.13,100,6838.6,16380.0,
2026-09-05T12:39:07.448851+00:00,04_vlm_polymer_bigvlm,8,8,8.5,12.85,30.49,1501.13,NVIDIA GeForce RTX 4060 Ti,51,119.43,50,6838.6,16380.0,
2026-09-05T12:39:17.516966+00:00,04_vlm_polymer_bigvlm,8,8,8.5,12.84,30.49,1501.13,NVIDIA GeForce RTX 4060 Ti,52,117.42,43,6838.6,16380.0,
2026-09-05T12:39:27.580867+00:00,04_vlm_polymer_bigvlm,8,8,8.5,12.82,30.49,1501.13,NVIDIA GeForce RTX 4060 Ti,52,119.45,50,6838.6,16380.0,
2026-09-05T12:39:37.643826+00:00,04_vlm_polymer_bigvlm,8,8,8.5,12.81,30.49,1501.13,NVIDIA GeForce RTX 4060 Ti,52,119.4,85,6838.6,16380.0,
2026-09-05T12:39:47.710827+00:00,04_vlm_polymer_bigvlm,8,8,8.5,12.81,30.49,1501.13,NVIDIA GeForce RTX 4060 Ti,52,118.31,45,6838.6,16380.0,
2026-09-05T12:39:57.777816+00:00,04_vlm_polymer_bigvlm,8,8,8.6,12.83,30.49,1501.13,NVIDIA GeForce RTX 4060 Ti,52,120.79,43,6838.6,16380.0,
2026-09-05T12:40:07.845819+00:00,04_vlm_polymer_bigvlm,8,8,8.5,12.82,30.49,1501.13,NVIDIA GeForce RTX 4060 Ti,52,119.9,75,6838.6,16380.0,
2026-09-05T12:40:17.912836+00:00,04_vlm_polymer_bigvlm,8,8,8.5,12.81,30.49,1501.13,NVIDIA GeForce RTX 4060 Ti,53,123.19,74,6838.6,16380.0,
2026-09-05T12:40:27.975826+00:00,04_vlm_polymer_bigvlm,8,8,8.5,12.84,30.49,1501.13,NVIDIA GeForce RTX 4060 Ti,53,119.81,100,6838.6,16380.0,
2026-09-05T12:40:38.038849+00:00,04_vlm_polymer_bigvlm,8,8,8.5,12.83,30.49,1501.13,NVIDIA GeForce RTX 4060 Ti,53,117.29,100,6838.6,16380.0,
2026-09-05T12:40:48.100382+00:00,04_vlm_polymer_bigvlm,8,8,8.5,12.84,30.49,1501.13,NVIDIA GeForce RTX 4060 Ti,52,118.18,100,6838.6,16380.0,
2026-09-05T12:40:58.162395+00:00,04_vlm_polymer_bigvlm,8,8,8.5,12.85,30.49,1501.13,NVIDIA GeForce RTX 4060 Ti,53,119.63,100,6838.6,16380.0,
2026-09-05T12:41:08.195967+00:00,04_vlm_polymer_bigvlm,8,8,8.5,12.85,30.49,1501.13,NVIDIA GeForce RTX 4060 Ti,52,119.03,100,6838.6,16380.0,
2026-09-05T12:41:18.238167+00:00,04_vlm_polymer_bigvlm,8,8,8.6,12.86,30.49,1501.13,NVIDIA GeForce RTX 4060 Ti,51,121.13,100,6838.6,16380.0,
2026-09-05T12:41:28.305825+00:00,04_vlm_polymer_bigvlm,8,8,8.5,12.86,30.49,1501.13,NVIDIA GeForce RTX 4060 Ti,52,117.33,99,6838.6,16380.0,
2026-09-05T12:41:38.372815+00:00,04_vlm_polymer_bigvlm,8,8,8.5,12.86,30.49,1501.13,NVIDIA GeForce RTX 4060 Ti,51,117.1,100,6838.6,16380.0,
2026-09-05T12:41:48.439761+00:00,04_vlm_polymer_bigvlm,8,8,8.5,12.85,30.49,1501.13,NVIDIA GeForce RTX 4060 Ti,52,118.34,48,6838.6,16380.0,
2026-09-05T12:41:58.506823+00:00,04_vlm_polymer_bigvlm,8,8,8.5,12.84,30.49,1501.13,NVIDIA GeForce RTX 4060 Ti,53,121.66,99,6838.6,16380.0,
2026-09-05T12:42:08.573818+00:00,04_vlm_polymer_bigvlm,8,8,8.5,12.84,30.49,1501.13,NVIDIA GeForce RTX 4060 Ti,49,118.03,100,6838.6,16380.0,
2026-09-05T12:42:18.642115+00:00,04_vlm_polymer_bigvlm,8,8,8.6,12.86,30.49,1501.13,NVIDIA GeForce RTX 4060 Ti,47,120.45,100,6838.6,16380.0,
2026-09-05T12:42:28.710977+00:00,04_vlm_polymer_bigvlm,8,8,8.5,12.86,30.49,1501.13,NVIDIA GeForce RTX 4060 Ti,47,119.54,100,6838.6,16380.0,
2026-09-05T12:42:38.756882+00:00,04_vlm_polymer_bigvlm,8,8,8.5,12.86,30.49,1501.13,NVIDIA GeForce RTX 4060 Ti,47,117.81,100,6838.6,16380.0,
2026-09-05T12:42:48.805297+00:00,04_vlm_polymer_bigvlm,8,8,8.6,12.89,30.49,1501.13,NVIDIA GeForce RTX 4060 Ti,52,115.91,94,6838.6,16380.0,
2026-09-05T12:42:58.852657+00:00,04_vlm_polymer_bigvlm,8,8,8.5,12.86,30.49,1501.13,NVIDIA GeForce RTX 4060 Ti,53,118.68,99,6838.6,16380.0,
2026-09-05T12:43:08.875258+00:00,04_vlm_polymer_bigvlm,8,8,8.5,12.86,30.49,1501.13,NVIDIA GeForce RTX 4060 Ti,53,117.47,99,6838.6,16380.0,
2026-09-05T12:43:18.936326+00:00,04_vlm_polymer_bigvlm,8,8,8.6,12.85,30.49,1501.13,NVIDIA GeForce RTX 4060 Ti,53,116.09,19,6838.6,16380.0,
2026-09-05T12:43:28.999098+00:00,04_vlm_polymer_bigvlm,8,8,8.5,12.87,30.49,1501.13,NVIDIA GeForce RTX 4060 Ti,53,120.04,100,6838.6,16380.0,
2026-09-05T12:43:39.046827+00:00,04_vlm_polymer_bigvlm,8,8,8.5,12.85,30.49,1501.13,NVIDIA GeForce RTX 4060 Ti,53,119.38,100,6838.6,16380.0,
2026-09-05T12:43:49.095843+00:00,04_vlm_polymer_bigvlm,8,8,8.5,12.87,30.49,1501.13,NVIDIA GeForce RTX 4060 Ti,53,117.76,100,6838.6,16380.0,
2026-09-05T12:43:59.160457+00:00,04_vlm_polymer_bigvlm,8,8,8.5,12.86,30.49,1501.13,NVIDIA GeForce RTX 4060 Ti,53,118.49,99,6838.6,16380.0,
2026-09-05T12:44:09.228849+00:00,04_vlm_polymer_bigvlm,8,8,8.5,12.87,30.49,1501.13,NVIDIA GeForce RTX 4060 Ti,51,119.96,23,6838.6,16380.0,
2026-09-05T12:44:19.267478+00:00,04_vlm_polymer_bigvlm,8,8,8.5,12.86,30.49,1501.13,NVIDIA GeForce RTX 4060 Ti,46,118.75,55,6838.6,16380.0,
2026-09-05T12:44:29.321396+00:00,04_vlm_polymer_bigvlm,8,8,8.5,12.87,30.49,1501.13,NVIDIA GeForce RTX 4060 Ti,53,118.38,100,6838.6,16380.0,
2026-09-05T12:44:39.371287+00:00,04_vlm_polymer_bigvlm,8,8,8.5,12.87,30.49,1501.13,NVIDIA GeForce RTX 4060 Ti,49,120.11,100,6838.6,16380.0,
2026-09-05T12:44:49.440438+00:00,04_vlm_polymer_bigvlm,8,8,8.5,12.88,30.49,1501.13,NVIDIA GeForce RTX 4060 Ti,47,120.18,79,6838.6,16380.0,
2026-09-05T12:44:59.491823+00:00,04_vlm_polymer_bigvlm,8,8,8.5,12.85,30.49,1501.13,NVIDIA GeForce RTX 4060 Ti,52,118.43,51,6838.6,16380.0,
2026-09-05T12:45:09.560676+00:00,04_vlm_polymer_bigvlm,8,8,8.5,12.93,30.49,1501.13,NVIDIA GeForce RTX 4060 Ti,51,104.03,96,6838.6,16380.0,
2026-09-05T12:45:19.620062+00:00,04_vlm_polymer_bigvlm,8,8,8.5,12.93,30.49,1501.13,NVIDIA GeForce RTX 4060 Ti,51,103.08,80,6838.6,16380.0,
2026-09-05T12:45:29.652216+00:00,04_vlm_polymer_bigvlm,8,8,8.5,12.92,30.49,1501.13,NVIDIA GeForce RTX 4060 Ti,50,101.09,99,6838.6,16380.0,
2026-09-05T12:45:39.718824+00:00,04_vlm_polymer_bigvlm,8,8,8.8,12.91,30.49,1501.13,NVIDIA GeForce RTX 4060 Ti,48,106.38,68,6838.6,16380.0,
2026-09-05T12:45:49.784828+00:00,04_vlm_polymer_bigvlm,8,8,8.2,12.91,30.49,1501.09,NVIDIA GeForce RTX 4060 Ti,51,115.7,96,6838.6,16380.0,
2026-09-05T12:45:59.832485+00:00,04_vlm_polymer_bigvlm,8,8,8.5,12.9,30.49,1501.09,NVIDIA GeForce RTX 4060 Ti,49,114.13,61,6838.6,16380.0,
2026-09-05T12:46:09.899820+00:00,04_vlm_polymer_bigvlm,8,8,8.5,12.93,30.49,1501.09,NVIDIA GeForce RTX 4060 Ti,51,114.1,39,6838.6,16380.0,
2026-09-05T12:46:19.967866+00:00,04_vlm_polymer_bigvlm,8,8,8.5,12.92,30.49,1501.09,NVIDIA GeForce RTX 4060 Ti,47,113.87,25,6838.6,16380.0,
2026-09-05T12:46:30.032743+00:00,04_vlm_polymer_bigvlm,8,8,8.5,12.92,30.49,1501.09,NVIDIA GeForce RTX 4060 Ti,52,119.69,100,6838.6,16380.0,
2026-09-05T12:46:40.095830+00:00,04_vlm_polymer_bigvlm,8,8,8.5,12.92,30.49,1501.09,NVIDIA GeForce RTX 4060 Ti,50,116.06,100,6838.6,16380.0,
2026-09-05T12:46:50.164818+00:00,04_vlm_polymer_bigvlm,8,8,8.5,12.92,30.49,1501.09,NVIDIA GeForce RTX 4060 Ti,52,114.9,47,6838.6,16380.0,
2026-09-05T12:47:00.228843+00:00,04_vlm_polymer_bigvlm,8,8,8.5,12.9,30.49,1501.09,NVIDIA GeForce RTX 4060 Ti,53,116.02,100,6838.6,16380.0,
2026-09-05T12:47:10.296499+00:00,04_vlm_polymer_bigvlm,8,8,8.5,12.91,30.49,1501.09,NVIDIA GeForce RTX 4060 Ti,51,120.47,17,6838.6,16380.0,
2026-09-05T12:47:20.362817+00:00,04_vlm_polymer_bigvlm,8,8,8.5,12.91,30.49,1501.09,NVIDIA GeForce RTX 4060 Ti,53,118.07,100,6838.6,16380.0,
2026-09-05T12:47:30.414900+00:00,04_vlm_polymer_bigvlm,8,8,8.5,12.94,30.49,1501.09,NVIDIA GeForce RTX 4060 Ti,47,116.51,70,6838.6,16380.0,
2026-09-05T12:47:40.478837+00:00,04_vlm_polymer_bigvlm,8,8,8.5,12.93,30.49,1501.09,NVIDIA GeForce RTX 4060 Ti,53,119.36,73,6838.6,16380.0,
2026-09-05T12:47:50.546825+00:00,04_vlm_polymer_bigvlm,8,8,8.8,12.96,30.49,1501.09,NVIDIA GeForce RTX 4060 Ti,47,115.91,100,6838.6,16380.0,
2026-09-05T12:48:00.614816+00:00,04_vlm_polymer_bigvlm,8,8,8.5,12.93,30.49,1501.09,NVIDIA GeForce RTX 4060 Ti,51,116.8,75,6838.6,16380.0,
2026-09-05T12:48:10.679828+00:00,04_vlm_polymer_bigvlm,8,8,8.5,12.92,30.49,1501.09,NVIDIA GeForce RTX 4060 Ti,52,115.43,91,6838.6,16380.0,
2026-09-05T12:48:20.746825+00:00,04_vlm_polymer_bigvlm,8,8,8.5,12.91,30.49,1501.09,NVIDIA GeForce RTX 4060 Ti,51,119.47,100,6838.6,16380.0,
2026-09-05T12:48:30.809820+00:00,04_vlm_polymer_bigvlm,8,8,8.5,12.9,30.49,1501.09,NVIDIA GeForce RTX 4060 Ti,52,112.1,17,6838.6,16380.0,
2026-09-05T12:48:40.876828+00:00,04_vlm_polymer_bigvlm,8,8,8.5,12.89,30.49,1501.09,NVIDIA GeForce RTX 4060 Ti,53,119.55,78,6838.6,16380.0,
2026-09-05T12:48:50.939826+00:00,04_vlm_polymer_bigvlm,8,8,8.5,12.93,30.49,1501.09,NVIDIA GeForce RTX 4060 Ti,47,114.44,100,6838.6,16380.0,
2026-09-05T12:49:01.007849+00:00,04_vlm_polymer_bigvlm,8,8,8.5,12.91,30.49,1501.09,NVIDIA GeForce RTX 4060 Ti,53,117.18,100,6838.6,16380.0,
2026-09-05T12:49:11.074833+00:00,04_vlm_polymer_bigvlm,8,8,8.5,12.93,30.49,1501.09,NVIDIA GeForce RTX 4060 Ti,47,114.27,71,6838.6,16380.0,
2026-09-05T12:49:21.142094+00:00,04_vlm_polymer_bigvlm,8,8,8.5,12.92,30.49,1501.09,NVIDIA GeForce RTX 4060 Ti,52,120.57,99,6838.6,16380.0,
2026-09-05T12:49:31.208826+00:00,04_vlm_polymer_bigvlm,8,8,8.5,12.9,30.49,1501.09,NVIDIA GeForce RTX 4060 Ti,53,115.52,100,6838.6,16380.0,
2026-09-05T12:49:41.276831+00:00,04_vlm_polymer_bigvlm,8,8,8.5,12.92,30.49,1501.09,NVIDIA GeForce RTX 4060 Ti,52,117.09,60,6838.6,16380.0,
2026-09-05T12:49:51.343819+00:00,04_vlm_polymer_bigvlm,8,8,8.5,12.93,30.49,1501.09,NVIDIA GeForce RTX 4060 Ti,52,114.75,100,6838.6,16380.0,
2026-09-05T12:50:01.412356+00:00,04_vlm_polymer_bigvlm,8,8,8.5,12.94,30.49,1501.09,NVIDIA GeForce RTX 4060 Ti,52,115.64,99,6838.6,16380.0,
2026-09-05T12:50:11.479833+00:00,04_vlm_polymer_bigvlm,8,8,8.5,12.94,30.49,1501.09,NVIDIA GeForce RTX 4060 Ti,49,116.09,100,6838.6,16380.0,
2026-09-05T12:50:21.508832+00:00,04_vlm_polymer_bigvlm,8,8,8.5,12.93,30.49,1501.09,NVIDIA GeForce RTX 4060 Ti,51,116.89,56,6838.6,16380.0,
2026-09-05T12:50:31.533840+00:00,04_vlm_polymer_bigvlm,8,8,8.5,12.91,30.49,1501.09,NVIDIA GeForce RTX 4060 Ti,52,114.7,96,6838.6,16380.0,
2026-09-05T12:50:41.596823+00:00,04_vlm_polymer_bigvlm,8,8,8.5,12.91,30.49,1501.09,NVIDIA GeForce RTX 4060 Ti,53,116.44,100,6838.6,16380.0,
2026-09-05T12:50:51.662821+00:00,04_vlm_polymer_bigvlm,8,8,8.5,12.93,30.49,1501.09,NVIDIA GeForce RTX 4060 Ti,48,116.36,100,6838.6,16380.0,
2026-09-05T12:51:01.694691+00:00,04_vlm_polymer_bigvlm,8,8,8.5,12.91,30.49,1501.09,NVIDIA GeForce RTX 4060 Ti,52,115.47,100,6838.6,16380.0,
2026-09-05T12:51:11.761828+00:00,04_vlm_polymer_bigvlm,8,8,8.6,12.92,30.49,1501.09,NVIDIA GeForce RTX 4060 Ti,52,119.71,100,6838.6,16380.0,
2026-09-05T12:51:21.820329+00:00,04_vlm_polymer_bigvlm,8,8,8.6,12.93,30.49,1501.09,NVIDIA GeForce RTX 4060 Ti,53,120.09,84,6838.6,16380.0,
2026-09-05T12:51:31.845620+00:00,04_vlm_polymer_bigvlm,8,8,8.5,12.94,30.49,1501.09,NVIDIA GeForce RTX 4060 Ti,50,115.94,100,6838.6,16380.0,
2026-09-05T12:51:41.912824+00:00,04_vlm_polymer_bigvlm,8,8,8.5,12.94,30.49,1501.09,NVIDIA GeForce RTX 4060 Ti,52,115.74,54,6838.6,16380.0,
2026-09-05T12:51:51.980826+00:00,04_vlm_polymer_bigvlm,8,8,8.5,12.94,30.49,1501.09,NVIDIA GeForce RTX 4060 Ti,52,116.36,47,6838.6,16380.0,
2026-09-05T12:52:02.047825+00:00,04_vlm_polymer_bigvlm,8,8,8.5,12.93,30.49,1501.09,NVIDIA GeForce RTX 4060 Ti,52,115.27,52,6838.6,16380.0,
2026-09-05T12:52:12.110814+00:00,04_vlm_polymer_bigvlm,8,8,8.5,12.91,30.49,1501.09,NVIDIA GeForce RTX 4060 Ti,51,105.76,52,6871.1,16380.0,
2026-09-05T12:52:22.177821+00:00,04_vlm_polymer_bigvlm,8,8,8.5,12.91,30.49,1501.09,NVIDIA GeForce RTX 4060 Ti,50,104.21,55,6871.1,16380.0,
2026-09-05T12:52:32.238446+00:00,04_vlm_polymer_bigvlm,8,8,15.4,12.98,30.49,1501.09,NVIDIA GeForce RTX 4060 Ti,50,101.89,61,6871.1,16380.0,
2026-09-05T12:52:42.306823+00:00,04_vlm_polymer_bigvlm,8,8,14.7,12.9,30.49,1501.09,NVIDIA GeForce RTX 4060 Ti,51,109.72,99,6871.1,16380.0,
2026-09-05T12:52:52.374080+00:00,04_vlm_polymer_bigvlm,8,8,14.0,12.96,30.49,1501.09,NVIDIA GeForce RTX 4060 Ti,51,118.0,51,6871.1,16380.0,
2026-09-05T12:53:02.441926+00:00,04_vlm_polymer_bigvlm,8,8,8.6,12.95,30.49,1501.09,NVIDIA GeForce RTX 4060 Ti,52,118.34,100,6871.1,16380.0,
2026-09-05T12:53:12.482364+00:00,04_vlm_polymer_bigvlm,8,8,8.5,12.96,30.49,1501.09,NVIDIA GeForce RTX 4060 Ti,52,115.36,19,6871.1,16380.0,
2026-09-05T12:53:22.527376+00:00,04_vlm_polymer_bigvlm,8,8,8.5,12.94,30.49,1501.09,NVIDIA GeForce RTX 4060 Ti,52,120.03,99,6871.1,16380.0,
2026-09-05T12:53:32.595073+00:00,04_vlm_polymer_bigvlm,8,8,8.5,12.94,30.49,1501.09,NVIDIA GeForce RTX 4060 Ti,51,115.61,100,6871.1,16380.0,
2026-09-05T12:53:42.643887+00:00,04_vlm_polymer_bigvlm,8,8,8.5,12.94,30.49,1501.09,NVIDIA GeForce RTX 4060 Ti,52,118.85,99,6871.1,16380.0,
2026-09-05T12:53:52.673205+00:00,04_vlm_polymer_bigvlm,8,8,8.5,12.94,30.49,1501.09,NVIDIA GeForce RTX 4060 Ti,52,115.73,59,6871.1,16380.0,
2026-09-05T12:54:02.739825+00:00,04_vlm_polymer_bigvlm,8,8,8.5,12.93,30.49,1501.09,NVIDIA GeForce RTX 4060 Ti,53,114.16,99,6871.1,16380.0,
2026-09-05T12:54:12.806920+00:00,04_vlm_polymer_bigvlm,8,8,8.5,12.94,30.49,1501.09,NVIDIA GeForce RTX 4060 Ti,50,118.37,100,6871.1,16380.0,
2026-09-05T12:54:22.870802+00:00,04_vlm_polymer_bigvlm,8,8,8.5,12.93,30.49,1501.09,NVIDIA GeForce RTX 4060 Ti,48,115.91,63,6871.1,16380.0,
2026-09-05T12:54:32.889651+00:00,04_vlm_polymer_bigvlm,8,8,8.5,12.94,30.49,1501.09,NVIDIA GeForce RTX 4060 Ti,52,118.73,99,6871.1,16380.0,
2026-09-05T12:54:42.932171+00:00,04_vlm_polymer_bigvlm,8,8,8.5,12.93,30.49,1501.09,NVIDIA GeForce RTX 4060 Ti,47,115.79,100,6871.1,16380.0,
2026-09-05T12:54:52.999826+00:00,04_vlm_polymer_bigvlm,8,8,8.6,12.95,30.49,1501.09,NVIDIA GeForce RTX 4060 Ti,52,117.16,100,6871.1,16380.0,
2026-09-05T12:55:03.066824+00:00,04_vlm_polymer_bigvlm,8,8,8.5,12.94,30.49,1501.09,NVIDIA GeForce RTX 4060 Ti,50,120.28,25,6871.1,16380.0,
2026-09-05T12:55:13.119320+00:00,04_vlm_polymer_bigvlm,8,8,8.5,12.94,30.49,1501.09,NVIDIA GeForce RTX 4060 Ti,51,115.25,95,6871.1,16380.0,
2026-09-05T12:55:23.187822+00:00,04_vlm_polymer_bigvlm,8,8,8.5,12.91,30.49,1501.09,NVIDIA GeForce RTX 4060 Ti,53,115.89,100,6871.1,16380.0,
2026-09-05T12:55:33.255927+00:00,04_vlm_polymer_bigvlm,8,8,8.5,12.91,30.49,1501.09,NVIDIA GeForce RTX 4060 Ti,53,115.16,57,6871.1,16380.0,
2026-09-05T12:55:43.323824+00:00,04_vlm_polymer_bigvlm,8,8,8.5,12.93,30.49,1501.09,NVIDIA GeForce RTX 4060 Ti,47,119.94,21,6871.1,16380.0,
2026-09-05T12:55:53.390819+00:00,04_vlm_polymer_bigvlm,8,8,8.5,12.93,30.49,1501.09,NVIDIA GeForce RTX 4060 Ti,53,115.88,100,6871.1,16380.0,
2026-09-05T12:56:03.442855+00:00,04_vlm_polymer_bigvlm,8,8,8.5,12.92,30.49,1501.09,NVIDIA GeForce RTX 4060 Ti,50,117.59,40,6871.1,16380.0,
2026-09-05T12:56:13.510817+00:00,04_vlm_polymer_bigvlm,8,8,8.5,12.93,30.49,1501.09,NVIDIA GeForce RTX 4060 Ti,53,116.43,99,6871.1,16380.0,
2026-09-05T12:56:23.573827+00:00,04_vlm_polymer_bigvlm,8,8,8.5,12.95,30.49,1501.09,NVIDIA GeForce RTX 4060 Ti,51,116.19,100,6871.1,16380.0,
2026-09-05T12:56:33.609820+00:00,04_vlm_polymer_bigvlm,8,8,8.5,12.95,30.49,1501.09,NVIDIA GeForce RTX 4060 Ti,51,114.83,87,6871.1,16380.0,
2026-09-05T12:56:43.652121+00:00,04_vlm_polymer_bigvlm,8,8,8.5,12.95,30.49,1501.09,NVIDIA GeForce RTX 4060 Ti,51,115.49,77,6871.1,16380.0,
2026-09-05T12:56:53.719826+00:00,04_vlm_polymer_bigvlm,8,8,8.5,12.95,30.49,1501.09,NVIDIA GeForce RTX 4060 Ti,52,119.13,54,6871.1,16380.0,
2026-09-05T12:57:03.787830+00:00,04_vlm_polymer_bigvlm,8,8,8.5,12.95,30.49,1501.09,NVIDIA GeForce RTX 4060 Ti,47,116.22,100,6871.1,16380.0,
2026-09-05T12:57:13.846501+00:00,04_vlm_polymer_bigvlm,8,8,8.5,12.94,30.49,1501.09,NVIDIA GeForce RTX 4060 Ti,52,117.4,43,6871.1,16380.0,
2026-09-05T12:57:23.913817+00:00,04_vlm_polymer_bigvlm,8,8,8.6,12.95,30.49,1501.09,NVIDIA GeForce RTX 4060 Ti,53,118.22,53,6871.1,16380.0,
2026-09-05T12:57:33.981353+00:00,04_vlm_polymer_bigvlm,8,8,8.5,12.93,30.49,1501.09,NVIDIA GeForce RTX 4060 Ti,52,118.71,40,6871.1,16380.0,
2026-09-05T12:57:44.031561+00:00,04_vlm_polymer_bigvlm,8,8,8.5,12.95,30.49,1501.09,NVIDIA GeForce RTX 4060 Ti,53,116.6,99,6871.1,16380.0,
2026-09-05T12:57:54.098831+00:00,04_vlm_polymer_bigvlm,8,8,8.7,12.98,30.49,1501.09,NVIDIA GeForce RTX 4060 Ti,46,114.8,79,6871.1,16380.0,
2026-09-05T12:58:04.165860+00:00,04_vlm_polymer_bigvlm,8,8,8.5,13.0,30.49,1501.09,NVIDIA GeForce RTX 4060 Ti,50,115.27,24,6871.1,16380.0,
2026-09-05T12:58:14.233842+00:00,04_vlm_polymer_bigvlm,8,8,8.5,12.96,30.49,1501.09,NVIDIA GeForce RTX 4060 Ti,52,115.92,86,6871.1,16380.0,
2026-09-05T12:58:24.252836+00:00,04_vlm_polymer_bigvlm,8,8,8.5,12.93,30.49,1501.09,NVIDIA GeForce RTX 4060 Ti,52,114.18,99,6871.1,16380.0,
2026-09-05T12:58:34.304738+00:00,04_vlm_polymer_bigvlm,8,8,8.5,12.94,30.49,1501.09,NVIDIA GeForce RTX 4060 Ti,52,114.8,100,6871.1,16380.0,
2026-09-05T12:58:44.359953+00:00,04_vlm_polymer_bigvlm,8,8,8.5,12.95,30.49,1501.09,NVIDIA GeForce RTX 4060 Ti,53,117.21,100,6871.1,16380.0,
2026-09-05T12:58:54.423738+00:00,04_vlm_polymer_bigvlm,8,8,8.5,12.94,30.49,1501.09,NVIDIA GeForce RTX 4060 Ti,46,115.61,44,6871.1,16380.0,
2026-09-05T12:59:04.442553+00:00,04_vlm_polymer_bigvlm,8,8,8.6,12.93,30.49,1501.09,NVIDIA GeForce RTX 4060 Ti,51,103.27,99,6871.1,16380.0,
2026-09-05T12:59:14.471249+00:00,04_vlm_polymer_bigvlm,8,8,8.9,12.94,30.49,1501.09,NVIDIA GeForce RTX 4060 Ti,45,103.38,67,6871.1,16380.0,
2026-09-05T12:59:24.517644+00:00,04_vlm_polymer_bigvlm,8,8,8.5,12.95,30.49,1501.09,NVIDIA GeForce RTX 4060 Ti,45,101.64,49,6871.1,16380.0,
2026-09-05T12:59:34.544191+00:00,04_vlm_polymer_bigvlm,8,8,8.5,12.94,30.49,1501.09,NVIDIA GeForce RTX 4060 Ti,47,106.3,67,6871.1,16380.0,
2026-09-05T12:59:44.587216+00:00,04_vlm_polymer_bigvlm,8,8,8.5,12.96,30.49,1501.09,NVIDIA GeForce RTX 4060 Ti,48,119.61,100,6871.1,16380.0,
2026-09-05T12:59:54.632968+00:00,04_vlm_polymer_bigvlm,8,8,8.5,12.96,30.49,1501.09,NVIDIA GeForce RTX 4060 Ti,52,119.63,99,6871.1,16380.0,
2026-09-05T13:00:04.700834+00:00,04_vlm_polymer_bigvlm,8,8,8.6,12.99,30.49,1501.09,NVIDIA GeForce RTX 4060 Ti,48,114.95,100,6871.1,16380.0,
2026-09-05T13:00:14.768824+00:00,04_vlm_polymer_bigvlm,8,8,8.5,12.98,30.49,1501.09,NVIDIA GeForce RTX 4060 Ti,51,115.5,20,6871.1,16380.0,
2026-09-05T13:00:24.836822+00:00,04_vlm_polymer_bigvlm,8,8,8.5,12.96,30.49,1501.09,NVIDIA GeForce RTX 4060 Ti,49,115.17,100,6871.1,16380.0,
2026-09-05T13:00:34.904825+00:00,04_vlm_polymer_bigvlm,8,8,8.5,12.96,30.49,1501.09,NVIDIA GeForce RTX 4060 Ti,52,121.16,100,6871.1,16380.0,
2026-09-05T13:00:44.971822+00:00,04_vlm_polymer_bigvlm,8,8,8.5,12.94,30.49,1501.09,NVIDIA GeForce RTX 4060 Ti,52,120.22,72,6871.1,16380.0,
2026-09-05T13:00:55.027128+00:00,04_vlm_polymer_bigvlm,8,8,8.5,12.95,30.49,1501.09,NVIDIA GeForce RTX 4060 Ti,53,119.67,82,6871.1,16380.0,
2026-09-05T13:01:05.049434+00:00,04_vlm_polymer_bigvlm,8,8,8.6,12.96,30.49,1501.09,NVIDIA GeForce RTX 4060 Ti,52,115.72,86,6870.6,16380.0,
2026-09-05T13:01:15.075204+00:00,04_vlm_polymer_bigvlm,8,8,8.5,12.95,30.49,1501.09,NVIDIA GeForce RTX 4060 Ti,52,118.5,100,6870.6,16380.0,
2026-09-05T13:01:25.089483+00:00,04_vlm_polymer_bigvlm,8,8,8.5,12.93,30.49,1501.09,NVIDIA GeForce RTX 4060 Ti,48,117.61,100,6870.6,16380.0,
2026-09-05T13:01:35.158820+00:00,04_vlm_polymer_bigvlm,8,8,8.5,12.94,30.49,1501.09,NVIDIA GeForce RTX 4060 Ti,52,120.38,99,6870.6,16380.0,
2026-09-05T13:01:45.222831+00:00,04_vlm_polymer_bigvlm,8,8,8.5,12.96,30.49,1501.09,NVIDIA GeForce RTX 4060 Ti,53,116.99,100,6870.6,16380.0,
2026-09-05T13:01:55.291815+00:00,04_vlm_polymer_bigvlm,8,8,8.5,12.99,30.49,1501.09,NVIDIA GeForce RTX 4060 Ti,48,118.4,100,6838.6,16380.0,
2026-09-05T13:02:05.354824+00:00,04_vlm_polymer_bigvlm,8,8,8.6,12.97,30.49,1501.09,NVIDIA GeForce RTX 4060 Ti,51,114.89,30,6838.6,16380.0,
2026-09-05T13:02:15.413097+00:00,04_vlm_polymer_bigvlm,8,8,8.5,12.98,30.49,1501.09,NVIDIA GeForce RTX 4060 Ti,52,116.48,99,6838.6,16380.0,
2026-09-05T13:02:25.476379+00:00,04_vlm_polymer_bigvlm,8,8,8.5,12.98,30.49,1501.09,NVIDIA GeForce RTX 4060 Ti,49,116.26,100,6838.6,16380.0,
2026-09-05T13:02:35.540352+00:00,04_vlm_polymer_bigvlm,8,8,8.5,12.97,30.49,1501.09,NVIDIA GeForce RTX 4060 Ti,50,115.58,100,6838.6,16380.0,
2026-09-05T13:02:45.605829+00:00,04_vlm_polymer_bigvlm,8,8,8.5,12.99,30.49,1501.09,NVIDIA GeForce RTX 4060 Ti,51,115.75,66,6838.6,16380.0,
2026-09-05T13:02:55.672835+00:00,04_vlm_polymer_bigvlm,8,8,8.6,13.03,30.49,1501.09,NVIDIA GeForce RTX 4060 Ti,52,120.44,29,6838.6,16380.0,
2026-09-05T13:03:05.739825+00:00,04_vlm_polymer_bigvlm,8,8,8.6,13.0,30.49,1501.09,NVIDIA GeForce RTX 4060 Ti,49,115.5,100,6838.6,16380.0,
2026-09-05T13:03:15.806828+00:00,04_vlm_polymer_bigvlm,8,8,8.5,13.0,30.49,1501.09,NVIDIA GeForce RTX 4060 Ti,50,117.3,100,6838.6,16380.0,
2026-09-05T13:03:25.872822+00:00,04_vlm_polymer_bigvlm,8,8,8.5,13.0,30.49,1501.09,NVIDIA GeForce RTX 4060 Ti,53,115.56,100,6838.6,16380.0,
2026-09-05T13:03:35.935822+00:00,04_vlm_polymer_bigvlm,8,8,8.5,13.0,30.49,1501.09,NVIDIA GeForce RTX 4060 Ti,51,118.01,65,6838.6,16380.0,
2026-09-05T13:03:45.994372+00:00,04_vlm_polymer_bigvlm,8,8,8.5,13.02,30.49,1501.09,NVIDIA GeForce RTX 4060 Ti,52,119.64,72,6838.6,16380.0,
2026-09-05T13:03:56.035837+00:00,04_vlm_polymer_bigvlm,8,8,8.5,12.99,30.49,1501.09,NVIDIA GeForce RTX 4060 Ti,51,116.95,29,6838.6,16380.0,
2026-09-05T13:04:06.103437+00:00,04_vlm_polymer_bigvlm,8,8,8.5,13.01,30.49,1501.09,NVIDIA GeForce RTX 4060 Ti,47,116.1,18,6838.6,16380.0,
2026-09-05T13:04:16.170822+00:00,04_vlm_polymer_bigvlm,8,8,8.5,13.0,30.49,1501.09,NVIDIA GeForce RTX 4060 Ti,51,119.58,99,6838.6,16380.0,
2026-09-05T13:04:26.209541+00:00,04_vlm_polymer_bigvlm,8,8,8.5,13.01,30.49,1501.09,NVIDIA GeForce RTX 4060 Ti,52,115.25,100,6838.6,16380.0,
2026-09-05T13:04:36.276823+00:00,04_vlm_polymer_bigvlm,8,8,8.5,12.99,30.49,1501.09,NVIDIA GeForce RTX 4060 Ti,53,115.82,92,6838.6,16380.0,
2026-09-05T13:04:46.338524+00:00,04_vlm_polymer_bigvlm,8,8,8.5,13.0,30.49,1501.09,NVIDIA GeForce RTX 4060 Ti,51,113.82,99,6838.6,16380.0,
2026-09-05T13:04:56.404823+00:00,04_vlm_polymer_bigvlm,8,8,8.5,13.03,30.49,1501.09,NVIDIA GeForce RTX 4060 Ti,50,118.7,100,6838.6,16380.0,
2026-09-05T13:05:06.467817+00:00,04_vlm_polymer_bigvlm,8,8,8.5,13.02,30.49,1501.09,NVIDIA GeForce RTX 4060 Ti,52,118.44,93,6838.6,16380.0,
2026-09-05T13:05:16.534822+00:00,04_vlm_polymer_bigvlm,8,8,8.5,13.01,30.49,1501.09,NVIDIA GeForce RTX 4060 Ti,50,118.2,100,6838.6,16380.0,
2026-09-05T13:05:26.602822+00:00,04_vlm_polymer_bigvlm,8,8,8.5,13.0,30.49,1501.09,NVIDIA GeForce RTX 4060 Ti,50,115.25,100,6838.6,16380.0,
2026-09-05T13:05:36.653583+00:00,04_vlm_polymer_bigvlm,8,8,8.5,13.0,30.49,1501.09,NVIDIA GeForce RTX 4060 Ti,52,113.69,65,6838.6,16380.0,
2026-09-05T13:05:46.720821+00:00,04_vlm_polymer_bigvlm,8,8,8.6,12.99,30.49,1501.09,NVIDIA GeForce RTX 4060 Ti,53,113.71,99,6838.6,16380.0,
2026-09-05T13:05:56.787816+00:00,04_vlm_polymer_bigvlm,8,8,8.5,13.0,30.49,1501.09,NVIDIA GeForce RTX 4060 Ti,46,118.63,100,6838.6,16380.0,
2026-09-05T13:06:06.851822+00:00,04_vlm_polymer_bigvlm,8,8,8.5,13.01,30.49,1501.09,NVIDIA GeForce RTX 4060 Ti,47,102.81,97,6838.6,16380.0,
2026-09-05T13:06:16.909211+00:00,04_vlm_polymer_bigvlm,8,8,8.5,12.97,30.49,1501.09,NVIDIA GeForce RTX 4060 Ti,46,102.61,98,6838.6,16380.0,
2026-09-05T13:06:26.953373+00:00,04_vlm_polymer_bigvlm,8,8,8.5,12.97,30.49,1501.09,NVIDIA GeForce RTX 4060 Ti,45,102.65,71,6838.6,16380.0,
2026-09-05T13:06:37.019822+00:00,04_vlm_polymer_bigvlm,8,8,8.5,12.99,30.49,1501.09,NVIDIA GeForce RTX 4060 Ti,51,116.57,100,6838.6,16380.0,
2026-09-05T13:06:47.086821+00:00,04_vlm_polymer_bigvlm,8,8,8.5,12.99,30.49,1501.09,NVIDIA GeForce RTX 4060 Ti,48,114.82,100,6838.6,16380.0,
2026-09-05T13:06:57.105977+00:00,04_vlm_polymer_bigvlm,8,8,8.5,12.99,30.49,1501.09,NVIDIA GeForce RTX 4060 Ti,46,115.97,61,6838.6,16380.0,
2026-09-05T13:07:07.142814+00:00,04_vlm_polymer_bigvlm,8,8,8.5,12.98,30.49,1501.09,NVIDIA GeForce RTX 4060 Ti,51,115.04,27,6838.6,16380.0,
2026-09-05T13:07:17.209505+00:00,04_vlm_polymer_bigvlm,8,8,8.5,13.0,30.49,1501.09,NVIDIA GeForce RTX 4060 Ti,52,115.97,100,6838.6,16380.0,
2026-09-05T13:07:27.237883+00:00,04_vlm_polymer_bigvlm,8,8,8.5,12.99,30.49,1501.09,NVIDIA GeForce RTX 4060 Ti,47,116.73,98,6838.6,16380.0,
2026-09-05T13:07:37.305703+00:00,04_vlm_polymer_bigvlm,8,8,8.5,13.01,30.49,1501.09,NVIDIA GeForce RTX 4060 Ti,51,120.69,70,6838.6,16380.0,
2026-09-05T13:07:47.373491+00:00,04_vlm_polymer_bigvlm,8,8,8.5,12.98,30.49,1501.09,NVIDIA GeForce RTX 4060 Ti,52,115.61,100,6838.6,16380.0,
2026-09-05T13:07:57.387867+00:00,04_vlm_polymer_bigvlm,8,8,8.7,13.01,30.49,1501.09,NVIDIA GeForce RTX 4060 Ti,51,113.53,100,6838.6,16380.0,
2026-09-05T13:08:07.436787+00:00,04_vlm_polymer_bigvlm,8,8,8.5,13.0,30.49,1501.09,NVIDIA GeForce RTX 4060 Ti,52,119.42,77,6838.6,16380.0,
2026-09-05T13:08:17.472870+00:00,04_vlm_polymer_bigvlm,8,8,8.5,12.99,30.49,1501.09,NVIDIA GeForce RTX 4060 Ti,49,116.52,83,6838.6,16380.0,
2026-09-05T13:08:27.516348+00:00,04_vlm_polymer_bigvlm,8,8,8.5,12.98,30.49,1501.09,NVIDIA GeForce RTX 4060 Ti,52,116.4,100,6838.6,16380.0,
2026-09-05T13:08:37.569659+00:00,04_vlm_polymer_bigvlm,8,8,8.5,12.97,30.49,1501.09,NVIDIA GeForce RTX 4060 Ti,52,114.36,48,6838.6,16380.0,
2026-09-05T13:08:47.619898+00:00,04_vlm_polymer_bigvlm,8,8,8.5,12.97,30.49,1501.09,NVIDIA GeForce RTX 4060 Ti,52,119.52,99,6838.6,16380.0,
2026-09-05T13:08:57.683820+00:00,04_vlm_polymer_bigvlm,8,8,8.5,12.98,30.49,1501.09,NVIDIA GeForce RTX 4060 Ti,47,115.02,98,6838.6,16380.0,
2026-09-05T13:09:07.751820+00:00,04_vlm_polymer_bigvlm,8,8,8.5,12.98,30.49,1501.09,NVIDIA GeForce RTX 4060 Ti,52,118.58,61,6838.6,16380.0,
2026-09-05T13:09:17.819815+00:00,04_vlm_polymer_bigvlm,8,8,8.5,12.98,30.49,1501.09,NVIDIA GeForce RTX 4060 Ti,52,116.09,100,6838.6,16380.0,
2026-09-05T13:09:27.853826+00:00,04_vlm_polymer_bigvlm,8,8,8.5,12.95,30.49,1501.09,NVIDIA GeForce RTX 4060 Ti,46,116.45,100,6838.6,16380.0,
2026-09-05T13:09:37.916824+00:00,04_vlm_polymer_bigvlm,8,8,8.5,12.97,30.49,1501.09,NVIDIA GeForce RTX 4060 Ti,52,115.33,14,6838.6,16380.0,
2026-09-05T13:09:47.983830+00:00,04_vlm_polymer_bigvlm,8,8,8.5,12.97,30.49,1501.09,NVIDIA GeForce RTX 4060 Ti,52,116.98,99,6838.6,16380.0,
2026-09-05T13:09:58.048816+00:00,04_vlm_polymer_bigvlm,8,8,8.5,12.96,30.49,1501.09,NVIDIA GeForce RTX 4060 Ti,52,116.31,85,6838.6,16380.0,
2026-09-05T13:10:08.116824+00:00,04_vlm_polymer_bigvlm,8,8,8.6,12.98,30.49,1501.09,NVIDIA GeForce RTX 4060 Ti,52,115.16,99,6838.6,16380.0,
2026-09-05T13:10:18.179821+00:00,04_vlm_polymer_bigvlm,8,8,8.5,12.94,30.49,1501.09,NVIDIA GeForce RTX 4060 Ti,49,116.55,47,6838.6,16380.0,
2026-09-05T13:10:28.246827+00:00,04_vlm_polymer_bigvlm,8,8,8.5,12.96,30.49,1501.09,NVIDIA GeForce RTX 4060 Ti,52,119.39,99,6838.6,16380.0,
2026-09-05T13:10:38.312375+00:00,04_vlm_polymer_bigvlm,8,8,8.5,12.97,30.49,1501.09,NVIDIA GeForce RTX 4060 Ti,52,119.11,100,6838.6,16380.0,
2026-09-05T13:10:48.379833+00:00,04_vlm_polymer_bigvlm,8,8,8.5,12.99,30.49,1501.09,NVIDIA GeForce RTX 4060 Ti,51,118.25,37,6838.6,16380.0,
2026-09-05T13:10:58.446817+00:00,04_vlm_polymer_bigvlm,8,8,8.5,12.98,30.49,1501.09,NVIDIA GeForce RTX 4060 Ti,52,117.63,100,6838.6,16380.0,
2026-09-05T13:11:08.514814+00:00,04_vlm_polymer_bigvlm,8,8,8.6,12.98,30.49,1501.09,NVIDIA GeForce RTX 4060 Ti,52,117.11,100,6838.6,16380.0,
2026-09-05T13:11:18.583521+00:00,04_vlm_polymer_bigvlm,8,8,8.5,12.99,30.49,1501.09,NVIDIA GeForce RTX 4060 Ti,52,115.06,28,6838.6,16380.0,
2026-09-05T13:11:28.650786+00:00,04_vlm_polymer_bigvlm,8,8,8.5,12.98,30.49,1501.09,NVIDIA GeForce RTX 4060 Ti,53,115.85,99,6838.6,16380.0,
2026-09-05T13:11:38.717818+00:00,04_vlm_polymer_bigvlm,8,8,8.5,12.96,30.49,1501.09,NVIDIA GeForce RTX 4060 Ti,51,113.89,100,6838.6,16380.0,
2026-09-05T13:11:48.781817+00:00,04_vlm_polymer_bigvlm,8,8,8.5,12.95,30.49,1501.09,NVIDIA GeForce RTX 4060 Ti,52,120.29,36,6838.6,16380.0,
2026-09-05T13:11:58.849602+00:00,04_vlm_polymer_bigvlm,8,8,8.8,12.94,30.49,1501.09,NVIDIA GeForce RTX 4060 Ti,47,119.65,100,6838.6,16380.0,
2026-09-05T13:12:08.912824+00:00,04_vlm_polymer_bigvlm,8,8,8.6,12.96,30.49,1501.09,NVIDIA GeForce RTX 4060 Ti,52,114.49,60,6838.6,16380.0,
2026-09-05T13:12:18.980828+00:00,04_vlm_polymer_bigvlm,8,8,8.5,12.94,30.49,1501.09,NVIDIA GeForce RTX 4060 Ti,49,115.34,100,6838.6,16380.0,
2026-09-05T13:12:29.047826+00:00,04_vlm_polymer_bigvlm,8,8,8.5,12.95,30.49,1501.09,NVIDIA GeForce RTX 4060 Ti,52,119.71,80,6838.6,16380.0,
2026-09-05T13:12:39.110824+00:00,04_vlm_polymer_bigvlm,8,8,8.5,12.95,30.49,1501.09,NVIDIA GeForce RTX 4060 Ti,46,116.52,51,6838.6,16380.0,
2026-09-05T13:12:49.177812+00:00,04_vlm_polymer_bigvlm,8,8,8.5,12.96,30.49,1501.09,NVIDIA GeForce RTX 4060 Ti,51,116.67,100,6838.6,16380.0,
2026-09-05T13:12:59.240828+00:00,04_vlm_polymer_bigvlm,8,8,8.9,13.0,30.49,1501.09,NVIDIA GeForce RTX 4060 Ti,49,103.87,53,6838.6,16380.0,
2026-09-05T13:13:09.308831+00:00,04_vlm_polymer_bigvlm,8,8,8.5,12.97,30.49,1501.09,NVIDIA GeForce RTX 4060 Ti,51,102.75,54,6838.6,16380.0,
2026-09-05T13:13:19.360375+00:00,04_vlm_polymer_bigvlm,8,8,8.5,12.96,30.49,1501.09,NVIDIA GeForce RTX 4060 Ti,50,101.24,99,6838.6,16380.0,
2026-09-05T13:13:29.423832+00:00,04_vlm_polymer_bigvlm,8,8,8.5,12.94,30.49,1501.09,NVIDIA GeForce RTX 4060 Ti,50,106.4,97,6838.6,16380.0,
2026-09-05T13:13:39.492359+00:00,04_vlm_polymer_bigvlm,8,8,8.5,12.97,30.49,1501.09,NVIDIA GeForce RTX 4060 Ti,52,112.54,49,6838.6,16380.0,
2026-09-05T13:13:49.559829+00:00,04_vlm_polymer_bigvlm,8,8,8.5,12.97,30.49,1501.09,NVIDIA GeForce RTX 4060 Ti,52,119.65,100,6838.6,16380.0,
2026-09-05T13:13:59.616495+00:00,04_vlm_polymer_bigvlm,8,8,8.6,12.97,30.49,1501.09,NVIDIA GeForce RTX 4060 Ti,52,115.06,12,6838.6,16380.0,
2026-09-05T13:14:09.683826+00:00,04_vlm_polymer_bigvlm,8,8,8.5,12.94,30.49,1501.09,NVIDIA GeForce RTX 4060 Ti,52,118.15,99,6838.6,16380.0,
2026-09-05T13:14:19.731775+00:00,04_vlm_polymer_bigvlm,8,8,8.5,12.95,30.49,1501.09,NVIDIA GeForce RTX 4060 Ti,51,116.26,91,6838.6,16380.0,
2026-09-05T13:14:29.749831+00:00,04_vlm_polymer_bigvlm,8,8,8.5,12.96,30.49,1501.09,NVIDIA GeForce RTX 4060 Ti,52,114.53,99,6838.6,16380.0,
2026-09-05T13:14:39.817818+00:00,04_vlm_polymer_bigvlm,8,8,8.5,12.94,30.49,1501.09,NVIDIA GeForce RTX 4060 Ti,46,116.21,100,6838.6,16380.0,
2026-09-05T13:14:49.877463+00:00,04_vlm_polymer_bigvlm,8,8,8.5,12.92,30.49,1501.09,NVIDIA GeForce RTX 4060 Ti,51,116.44,60,6838.6,16380.0,
2026-09-05T13:14:59.932263+00:00,04_vlm_polymer_bigvlm,8,8,8.5,12.92,30.49,1501.09,NVIDIA GeForce RTX 4060 Ti,52,116.26,99,6838.6,16380.0,
2026-09-05T13:15:09.986045+00:00,04_vlm_polymer_bigvlm,8,8,8.5,12.91,30.49,1501.09,NVIDIA GeForce RTX 4060 Ti,51,115.44,100,6838.6,16380.0,
2026-09-05T13:15:20.052815+00:00,04_vlm_polymer_bigvlm,8,8,8.5,12.92,30.49,1501.09,NVIDIA GeForce RTX 4060 Ti,53,116.32,100,6838.6,16380.0,
2026-09-05T13:15:30.089891+00:00,04_vlm_polymer_bigvlm,8,8,8.5,12.91,30.49,1501.09,NVIDIA GeForce RTX 4060 Ti,49,117.36,29,6838.6,16380.0,
2026-09-05T13:15:40.129674+00:00,04_vlm_polymer_bigvlm,8,8,8.5,12.92,30.49,1501.09,NVIDIA GeForce RTX 4060 Ti,52,114.5,99,6838.6,16380.0,
2026-09-05T13:15:50.178531+00:00,04_vlm_polymer_bigvlm,8,8,8.5,12.94,30.49,1501.09,NVIDIA GeForce RTX 4060 Ti,48,120.99,100,6838.6,16380.0,
2026-09-05T13:16:00.233880+00:00,04_vlm_polymer_bigvlm,8,8,8.5,12.93,30.49,1501.09,NVIDIA GeForce RTX 4060 Ti,52,119.25,99,6838.6,16380.0,
2026-09-05T13:16:10.286837+00:00,04_vlm_polymer_bigvlm,8,8,8.5,12.94,30.49,1501.09,NVIDIA GeForce RTX 4060 Ti,53,114.5,100,6838.6,16380.0,
2026-09-05T13:16:20.354830+00:00,04_vlm_polymer_bigvlm,8,8,8.5,12.95,30.49,1501.09,NVIDIA GeForce RTX 4060 Ti,51,117.29,38,6838.6,16380.0,
2026-09-05T13:16:30.421819+00:00,04_vlm_polymer_bigvlm,8,8,8.5,12.93,30.49,1501.09,NVIDIA GeForce RTX 4060 Ti,52,115.94,99,6838.6,16380.0,
2026-09-05T13:16:40.488821+00:00,04_vlm_polymer_bigvlm,8,8,8.5,12.95,30.49,1501.09,NVIDIA GeForce RTX 4060 Ti,52,116.35,99,6838.6,16380.0,
2026-09-05T13:16:50.551823+00:00,04_vlm_polymer_bigvlm,8,8,8.5,12.93,30.49,1501.09,NVIDIA GeForce RTX 4060 Ti,47,112.5,100,6838.6,16380.0,
2026-09-05T13:17:00.598498+00:00,04_vlm_polymer_bigvlm,8,8,8.5,12.95,30.49,1501.09,NVIDIA GeForce RTX 4060 Ti,51,116.24,35,6838.6,16380.0,
2026-09-05T13:17:10.665827+00:00,04_vlm_polymer_bigvlm,8,8,8.5,12.94,30.49,1501.09,NVIDIA GeForce RTX 4060 Ti,52,116.28,100,6838.6,16380.0,
2026-09-05T13:17:20.707492+00:00,04_vlm_polymer_bigvlm,8,8,8.5,12.94,30.49,1501.09,NVIDIA GeForce RTX 4060 Ti,47,118.22,100,6838.6,16380.0,
2026-09-05T13:17:30.774823+00:00,04_vlm_polymer_bigvlm,8,8,8.5,12.93,30.49,1501.09,NVIDIA GeForce RTX 4060 Ti,52,116.25,97,6838.6,16380.0,
2026-09-05T13:17:40.842821+00:00,04_vlm_polymer_bigvlm,8,8,8.5,12.94,30.49,1501.09,NVIDIA GeForce RTX 4060 Ti,52,116.46,100,6838.6,16380.0,
2026-09-05T13:17:50.910827+00:00,04_vlm_polymer_bigvlm,8,8,8.5,12.94,30.49,1501.09,NVIDIA GeForce RTX 4060 Ti,46,119.86,100,6838.6,16380.0,
2026-09-05T13:18:00.978824+00:00,04_vlm_polymer_bigvlm,8,8,8.7,12.97,30.49,1501.09,NVIDIA GeForce RTX 4060 Ti,51,115.0,32,6838.6,16380.0,
2026-09-05T13:18:11.046341+00:00,04_vlm_polymer_bigvlm,8,8,8.5,12.95,30.49,1501.09,NVIDIA GeForce RTX 4060 Ti,46,112.94,70,6838.6,16380.0,
2026-09-05T13:18:21.113468+00:00,04_vlm_polymer_bigvlm,8,8,8.5,12.91,30.49,1501.09,NVIDIA GeForce RTX 4060 Ti,52,118.62,100,6838.6,16380.0,
2026-09-05T13:18:31.176825+00:00,04_vlm_polymer_bigvlm,8,8,8.5,12.93,30.49,1501.09,NVIDIA GeForce RTX 4060 Ti,48,114.81,100,6838.6,16380.0,
2026-09-05T13:18:41.237787+00:00,04_vlm_polymer_bigvlm,8,8,8.5,12.92,30.49,1501.09,NVIDIA GeForce RTX 4060 Ti,51,115.92,12,6838.6,16380.0,
2026-09-05T13:18:51.304823+00:00,04_vlm_polymer_bigvlm,8,8,8.5,12.94,30.49,1501.09,NVIDIA GeForce RTX 4060 Ti,52,116.38,99,6838.6,16380.0,
2026-09-05T13:19:01.371822+00:00,04_vlm_polymer_bigvlm,8,8,8.5,12.93,30.49,1501.09,NVIDIA GeForce RTX 4060 Ti,53,115.49,100,6838.6,16380.0,
2026-09-05T13:19:11.439607+00:00,04_vlm_polymer_bigvlm,8,8,8.5,12.95,30.49,1501.09,NVIDIA GeForce RTX 4060 Ti,46,115.52,68,6838.6,16380.0,
2026-09-05T13:19:21.506833+00:00,04_vlm_polymer_bigvlm,8,8,8.5,12.94,30.49,1501.09,NVIDIA GeForce RTX 4060 Ti,52,117.03,99,6838.6,16380.0,
2026-09-05T13:19:31.573828+00:00,04_vlm_polymer_bigvlm,8,8,8.5,12.96,30.49,1501.09,NVIDIA GeForce RTX 4060 Ti,51,117.32,100,6838.6,16380.0,
2026-09-05T13:19:41.640821+00:00,04_vlm_polymer_bigvlm,8,8,8.5,12.95,30.49,1501.09,NVIDIA GeForce RTX 4060 Ti,52,117.84,42,6838.6,16380.0,
2026-09-05T13:19:51.707828+00:00,04_vlm_polymer_bigvlm,8,8,8.5,12.94,30.49,1501.09,NVIDIA GeForce RTX 4060 Ti,47,111.57,99,6838.6,16380.0,
2026-09-05T13:20:01.752990+00:00,04_vlm_polymer_bigvlm,8,8,8.5,12.93,30.49,1501.09,NVIDIA GeForce RTX 4060 Ti,51,106.58,82,6838.6,16380.0,
2026-09-05T13:20:11.815836+00:00,04_vlm_polymer_bigvlm,8,8,8.5,12.94,30.49,1501.09,NVIDIA GeForce RTX 4060 Ti,48,103.14,99,6838.6,16380.0,
2026-09-05T13:20:21.882823+00:00,04_vlm_polymer_bigvlm,8,8,8.5,12.95,30.49,1501.09,NVIDIA GeForce RTX 4060 Ti,49,106.53,70,6838.6,16380.0,
2026-09-05T13:20:31.951879+00:00,04_vlm_polymer_bigvlm,8,8,7.2,12.98,30.49,1501.09,NVIDIA GeForce RTX 4060 Ti,40,36.23,0,6536.6,16380.0,
2026-09-05T13:20:42.016826+00:00,04_vlm_polymer_bigvlm,8,8,8.5,12.99,30.49,1501.09,NVIDIA GeForce RTX 4060 Ti,50,108.97,85,10708.6,16380.0,
2026-09-05T13:20:52.083846+00:00,04_vlm_polymer_bigvlm,8,8,8.5,12.99,30.49,1501.09,NVIDIA GeForce RTX 4060 Ti,47,105.08,83,10708.6,16380.0,
2026-09-05T13:21:02.137359+00:00,04_vlm_polymer_bigvlm,8,8,8.5,12.99,30.49,1501.09,NVIDIA GeForce RTX 4060 Ti,46,106.17,91,10708.6,16380.0,
2026-09-05T13:21:12.200823+00:00,04_vlm_polymer_bigvlm,9,9,7.7,12.08,30.49,1501.09,NVIDIA GeForce RTX 4060 Ti,39,39.12,0,6380.6,16380.0,
2026-09-05T13:21:22.220971+00:00,04_vlm_polymer_bigvlm,9,9,8.9,12.93,30.49,1501.09,NVIDIA GeForce RTX 4060 Ti,51,118.12,85,6838.6,16380.0,
2026-09-05T13:21:32.282824+00:00,04_vlm_polymer_bigvlm,9,9,8.6,12.91,30.49,1501.09,NVIDIA GeForce RTX 4060 Ti,52,117.68,100,6838.6,16380.0,
2026-09-05T13:21:42.320200+00:00,04_vlm_polymer_bigvlm,9,9,8.5,12.85,30.49,1501.09,NVIDIA GeForce RTX 4060 Ti,52,115.19,60,6838.6,16380.0,
2026-09-05T13:21:52.366419+00:00,04_vlm_polymer_bigvlm,9,9,8.5,12.88,30.49,1501.09,NVIDIA GeForce RTX 4060 Ti,45,112.96,66,6838.6,16380.0,
2026-09-05T13:22:02.420622+00:00,04_vlm_polymer_bigvlm,9,9,8.5,12.87,30.49,1501.09,NVIDIA GeForce RTX 4060 Ti,52,116.38,100,6838.6,16380.0,
2026-09-05T13:22:12.489175+00:00,04_vlm_polymer_bigvlm,9,9,8.5,12.87,30.49,1501.09,NVIDIA GeForce RTX 4060 Ti,53,119.7,100,6838.6,16380.0,
2026-09-05T13:22:22.521363+00:00,04_vlm_polymer_bigvlm,9,9,8.5,12.9,30.49,1501.09,NVIDIA GeForce RTX 4060 Ti,52,114.99,41,6871.1,16380.0,
2026-09-05T13:22:32.589725+00:00,04_vlm_polymer_bigvlm,9,9,13.1,13.02,30.49,1501.09,NVIDIA GeForce RTX 4060 Ti,51,117.0,48,6871.1,16380.0,
2026-09-05T13:22:42.657826+00:00,04_vlm_polymer_bigvlm,9,9,15.1,13.07,30.49,1501.09,NVIDIA GeForce RTX 4060 Ti,52,116.15,51,6871.1,16380.0,
2026-09-05T13:22:52.685763+00:00,04_vlm_polymer_bigvlm,9,9,13.1,13.05,30.49,1501.09,NVIDIA GeForce RTX 4060 Ti,51,115.34,42,6871.1,16380.0,
2026-09-05T13:23:02.705637+00:00,04_vlm_polymer_bigvlm,9,9,8.7,13.09,30.49,1501.09,NVIDIA GeForce RTX 4060 Ti,52,117.18,74,6871.1,16380.0,
2026-09-05T13:23:12.773162+00:00,04_vlm_polymer_bigvlm,9,9,8.5,13.07,30.49,1501.09,NVIDIA GeForce RTX 4060 Ti,47,114.69,100,6871.1,16380.0,
2026-09-05T13:23:22.801920+00:00,04_vlm_polymer_bigvlm,9,9,8.5,13.08,30.49,1501.09,NVIDIA GeForce RTX 4060 Ti,51,119.26,91,6871.1,16380.0,
2026-09-05T13:23:32.862826+00:00,04_vlm_polymer_bigvlm,9,9,8.6,13.09,30.49,1501.09,NVIDIA GeForce RTX 4060 Ti,52,113.4,27,6871.1,16380.0,
2026-09-05T13:23:42.931966+00:00,04_vlm_polymer_bigvlm,9,9,8.5,13.07,30.49,1501.09,NVIDIA GeForce RTX 4060 Ti,52,117.01,29,6871.1,16380.0,
2026-09-05T13:23:52.967374+00:00,04_vlm_polymer_bigvlm,9,9,8.5,13.07,30.49,1501.09,NVIDIA GeForce RTX 4060 Ti,52,114.95,47,6871.1,16380.0,
2026-09-05T13:24:02.998750+00:00,04_vlm_polymer_bigvlm,9,9,8.5,13.05,30.49,1501.09,NVIDIA GeForce RTX 4060 Ti,52,118.31,99,6871.1,16380.0,
2026-09-05T13:24:13.061822+00:00,04_vlm_polymer_bigvlm,9,9,8.5,13.07,30.49,1501.09,NVIDIA GeForce RTX 4060 Ti,52,113.66,85,6871.1,16380.0,
2026-09-05T13:24:23.086307+00:00,04_vlm_polymer_bigvlm,9,9,8.5,13.05,30.49,1501.09,NVIDIA GeForce RTX 4060 Ti,52,114.94,95,6871.1,16380.0,
2026-09-05T13:24:33.154824+00:00,04_vlm_polymer_bigvlm,9,9,8.5,13.06,30.49,1501.09,NVIDIA GeForce RTX 4060 Ti,53,117.33,100,6871.1,16380.0,
2026-09-05T13:24:43.222822+00:00,04_vlm_polymer_bigvlm,9,9,8.5,13.06,30.49,1501.09,NVIDIA GeForce RTX 4060 Ti,52,114.01,100,6871.1,16380.0,
2026-09-05T13:24:53.290764+00:00,04_vlm_polymer_bigvlm,9,9,8.5,13.05,30.49,1501.09,NVIDIA GeForce RTX 4060 Ti,48,118.03,100,6871.1,16380.0,
2026-09-05T13:25:03.356656+00:00,04_vlm_polymer_bigvlm,9,9,8.5,13.08,30.49,1501.09,NVIDIA GeForce RTX 4060 Ti,51,119.38,17,6871.1,16380.0,
2026-09-05T13:25:13.420471+00:00,04_vlm_polymer_bigvlm,9,9,8.5,13.06,30.49,1501.09,NVIDIA GeForce RTX 4060 Ti,53,116.32,100,6871.1,16380.0,
2026-09-05T13:25:23.459840+00:00,04_vlm_polymer_bigvlm,9,9,8.5,13.07,30.49,1501.09,NVIDIA GeForce RTX 4060 Ti,52,115.45,99,6871.1,16380.0,
2026-09-05T13:25:33.527972+00:00,04_vlm_polymer_bigvlm,9,9,8.6,13.06,30.49,1501.09,NVIDIA GeForce RTX 4060 Ti,53,114.93,100,6871.1,16380.0,
2026-09-05T13:25:43.554824+00:00,04_vlm_polymer_bigvlm,9,9,8.8,13.06,30.49,1501.09,NVIDIA GeForce RTX 4060 Ti,52,117.09,54,6871.1,16380.0,
2026-09-05T13:25:53.600441+00:00,04_vlm_polymer_bigvlm,9,9,8.5,13.06,30.49,1501.09,NVIDIA GeForce RTX 4060 Ti,52,116.77,58,6871.1,16380.0,
2026-09-05T13:26:03.626575+00:00,04_vlm_polymer_bigvlm,9,9,8.5,13.07,30.49,1501.09,NVIDIA GeForce RTX 4060 Ti,53,119.51,99,6871.1,16380.0,
2026-09-05T13:26:13.692819+00:00,04_vlm_polymer_bigvlm,9,9,8.5,13.08,30.49,1501.09,NVIDIA GeForce RTX 4060 Ti,48,113.47,100,6871.1,16380.0,
2026-09-05T13:26:23.720750+00:00,04_vlm_polymer_bigvlm,9,9,8.5,13.07,30.49,1501.09,NVIDIA GeForce RTX 4060 Ti,51,115.85,46,6857.9,16380.0,
2026-09-05T13:26:33.787826+00:00,04_vlm_polymer_bigvlm,9,9,8.5,13.06,30.49,1501.09,NVIDIA GeForce RTX 4060 Ti,52,117.13,59,6857.9,16380.0,
2026-09-05T13:26:43.853861+00:00,04_vlm_polymer_bigvlm,9,9,8.5,13.07,30.49,1501.09,NVIDIA GeForce RTX 4060 Ti,53,115.06,100,6857.9,16380.0,
2026-09-05T13:26:53.920831+00:00,04_vlm_polymer_bigvlm,9,9,8.5,13.08,30.49,1501.09,NVIDIA GeForce RTX 4060 Ti,47,119.51,93,6857.9,16380.0,
2026-09-05T13:27:03.987820+00:00,04_vlm_polymer_bigvlm,9,9,8.5,13.06,30.49,1501.09,NVIDIA GeForce RTX 4060 Ti,51,116.7,27,6857.9,16380.0,
2026-09-05T13:27:14.055836+00:00,04_vlm_polymer_bigvlm,9,9,8.5,13.06,30.49,1501.09,NVIDIA GeForce RTX 4060 Ti,47,114.54,34,6857.9,16380.0,
2026-09-05T13:27:24.124820+00:00,04_vlm_polymer_bigvlm,9,9,8.6,13.01,30.49,1501.09,NVIDIA GeForce RTX 4060 Ti,51,114.29,99,6857.9,16380.0,
2026-09-05T13:27:34.193835+00:00,04_vlm_polymer_bigvlm,9,9,8.6,13.13,30.49,1501.09,NVIDIA GeForce RTX 4060 Ti,52,111.61,57,6857.9,16380.0,
2026-09-05T13:27:44.261822+00:00,04_vlm_polymer_bigvlm,9,9,8.5,13.13,30.49,1501.09,NVIDIA GeForce RTX 4060 Ti,51,107.19,78,6857.9,16380.0,
2026-09-05T13:27:54.324822+00:00,04_vlm_polymer_bigvlm,9,9,8.5,13.11,30.49,1501.09,NVIDIA GeForce RTX 4060 Ti,46,104.75,94,6857.9,16380.0,
2026-09-05T13:28:04.393819+00:00,04_vlm_polymer_bigvlm,9,9,8.7,13.14,30.49,1501.09,NVIDIA GeForce RTX 4060 Ti,50,103.68,61,6857.9,16380.0,
2026-09-05T13:28:14.461821+00:00,04_vlm_polymer_bigvlm,9,9,8.2,13.16,30.49,1501.05,NVIDIA GeForce RTX 4060 Ti,50,112.72,16,6857.9,16380.0,
2026-09-05T13:28:24.529930+00:00,04_vlm_polymer_bigvlm,9,9,8.5,13.13,30.49,1501.05,NVIDIA GeForce RTX 4060 Ti,51,119.35,100,6857.9,16380.0,
2026-09-05T13:28:34.593818+00:00,04_vlm_polymer_bigvlm,9,9,8.6,13.13,30.49,1501.05,NVIDIA GeForce RTX 4060 Ti,52,111.98,15,6857.9,16380.0,
2026-09-05T13:28:44.660835+00:00,04_vlm_polymer_bigvlm,9,9,8.5,13.12,30.49,1501.05,NVIDIA GeForce RTX 4060 Ti,52,119.39,81,6857.9,16380.0,
2026-09-05T13:28:54.723818+00:00,04_vlm_polymer_bigvlm,9,9,8.5,13.15,30.49,1501.05,NVIDIA GeForce RTX 4060 Ti,49,115.19,100,6857.9,16380.0,
2026-09-05T13:29:04.790843+00:00,04_vlm_polymer_bigvlm,9,9,8.5,13.15,30.49,1501.05,NVIDIA GeForce RTX 4060 Ti,52,119.39,37,6871.9,16380.0,
2026-09-05T13:29:14.858824+00:00,04_vlm_polymer_bigvlm,9,9,8.5,13.13,30.49,1501.05,NVIDIA GeForce RTX 4060 Ti,52,115.87,99,6871.9,16380.0,
2026-09-05T13:29:24.926827+00:00,04_vlm_polymer_bigvlm,9,9,8.5,13.13,30.49,1501.05,NVIDIA GeForce RTX 4060 Ti,51,111.54,64,6871.9,16380.0,
2026-09-05T13:29:34.994819+00:00,04_vlm_polymer_bigvlm,9,9,8.5,13.1,30.49,1501.05,NVIDIA GeForce RTX 4060 Ti,52,115.65,27,6871.9,16380.0,
2026-09-05T13:29:45.061816+00:00,04_vlm_polymer_bigvlm,9,9,8.5,13.16,30.49,1501.05,NVIDIA GeForce RTX 4060 Ti,46,118.16,68,6871.9,16380.0,
2026-09-05T13:29:55.129814+00:00,04_vlm_polymer_bigvlm,9,9,8.5,13.14,30.49,1501.05,NVIDIA GeForce RTX 4060 Ti,53,116.11,99,6871.9,16380.0,
2026-09-05T13:30:05.194823+00:00,04_vlm_polymer_bigvlm,9,9,8.5,13.13,30.49,1501.05,NVIDIA GeForce RTX 4060 Ti,53,115.14,100,6871.9,16380.0,
2026-09-05T13:30:15.262818+00:00,04_vlm_polymer_bigvlm,9,9,8.5,13.16,30.49,1501.05,NVIDIA GeForce RTX 4060 Ti,51,113.88,11,6871.9,16380.0,
2026-09-05T13:30:25.330825+00:00,04_vlm_polymer_bigvlm,9,9,8.5,13.14,30.49,1501.05,NVIDIA GeForce RTX 4060 Ti,52,115.73,99,6871.9,16380.0,
2026-09-05T13:30:35.397821+00:00,04_vlm_polymer_bigvlm,9,9,8.6,13.12,30.49,1501.05,NVIDIA GeForce RTX 4060 Ti,53,114.71,100,6871.9,16380.0,
2026-09-05T13:30:45.464831+00:00,04_vlm_polymer_bigvlm,9,9,8.5,13.13,30.49,1501.05,NVIDIA GeForce RTX 4060 Ti,46,116.21,58,6871.9,16380.0,
2026-09-05T13:30:55.532819+00:00,04_vlm_polymer_bigvlm,9,9,8.5,13.14,30.49,1501.05,NVIDIA GeForce RTX 4060 Ti,51,115.57,100,6871.9,16380.0,
2026-09-05T13:31:05.600821+00:00,04_vlm_polymer_bigvlm,9,9,8.5,13.15,30.49,1501.05,NVIDIA GeForce RTX 4060 Ti,51,117.75,63,6871.9,16380.0,
2026-09-05T13:31:15.668818+00:00,04_vlm_polymer_bigvlm,9,9,8.5,13.14,30.49,1501.05,NVIDIA GeForce RTX 4060 Ti,52,115.53,36,6871.9,16380.0,
2026-09-05T13:31:25.736826+00:00,04_vlm_polymer_bigvlm,9,9,8.5,13.15,30.49,1501.05,NVIDIA GeForce RTX 4060 Ti,53,120.05,99,6871.9,16380.0,
2026-09-05T13:31:35.803819+00:00,04_vlm_polymer_bigvlm,9,9,8.5,13.15,30.49,1501.05,NVIDIA GeForce RTX 4060 Ti,52,113.94,100,6871.9,16380.0,
2026-09-05T13:31:45.870822+00:00,04_vlm_polymer_bigvlm,9,9,8.6,13.14,30.49,1501.05,NVIDIA GeForce RTX 4060 Ti,52,118.7,92,6871.9,16380.0,
2026-09-05T13:31:55.938827+00:00,04_vlm_polymer_bigvlm,9,9,8.5,13.16,30.49,1501.05,NVIDIA GeForce RTX 4060 Ti,48,114.57,100,6839.9,16380.0,
2026-09-05T13:32:06.006414+00:00,04_vlm_polymer_bigvlm,9,9,8.5,13.14,30.49,1501.05,NVIDIA GeForce RTX 4060 Ti,52,114.71,43,6839.9,16380.0,
2026-09-05T13:32:16.073841+00:00,04_vlm_polymer_bigvlm,9,9,8.5,13.16,30.49,1501.05,NVIDIA GeForce RTX 4060 Ti,47,119.67,73,6839.9,16380.0,
2026-09-05T13:32:26.128526+00:00,04_vlm_polymer_bigvlm,9,9,8.5,13.15,30.49,1501.05,NVIDIA GeForce RTX 4060 Ti,53,116.12,100,6839.9,16380.0,
2026-09-05T13:32:36.195831+00:00,04_vlm_polymer_bigvlm,9,9,8.5,13.16,30.49,1501.05,NVIDIA GeForce RTX 4060 Ti,53,118.25,100,6839.9,16380.0,
2026-09-05T13:32:46.262833+00:00,04_vlm_polymer_bigvlm,9,9,8.6,13.17,30.49,1501.05,NVIDIA GeForce RTX 4060 Ti,47,114.59,80,6839.9,16380.0,
2026-09-05T13:32:56.331569+00:00,04_vlm_polymer_bigvlm,9,9,8.5,13.16,30.49,1501.05,NVIDIA GeForce RTX 4060 Ti,52,114.78,98,6839.9,16380.0,
2026-09-05T13:33:06.398825+00:00,04_vlm_polymer_bigvlm,9,9,8.7,13.2,30.49,1501.05,NVIDIA GeForce RTX 4060 Ti,52,115.58,100,6839.9,16380.0,
2026-09-05T13:33:16.466831+00:00,04_vlm_polymer_bigvlm,9,9,8.5,13.19,30.49,1501.05,NVIDIA GeForce RTX 4060 Ti,47,120.24,95,6839.9,16380.0,
2026-09-05T13:33:26.530395+00:00,04_vlm_polymer_bigvlm,9,9,8.5,13.17,30.49,1501.05,NVIDIA GeForce RTX 4060 Ti,52,117.28,100,6839.9,16380.0,
2026-09-05T13:33:36.570318+00:00,04_vlm_polymer_bigvlm,9,9,8.5,13.17,30.49,1501.05,NVIDIA GeForce RTX 4060 Ti,50,115.19,31,6839.9,16380.0,
2026-09-05T13:33:46.638815+00:00,04_vlm_polymer_bigvlm,9,9,8.6,13.16,30.49,1501.05,NVIDIA GeForce RTX 4060 Ti,53,115.37,99,6839.9,16380.0,
2026-09-05T13:33:56.705823+00:00,04_vlm_polymer_bigvlm,9,9,8.5,13.16,30.49,1501.05,NVIDIA GeForce RTX 4060 Ti,52,116.84,100,6839.9,16380.0,
2026-09-05T13:34:06.765883+00:00,04_vlm_polymer_bigvlm,9,9,8.5,13.14,30.49,1501.05,NVIDIA GeForce RTX 4060 Ti,53,118.74,36,6839.9,16380.0,
2026-09-05T13:34:16.832818+00:00,04_vlm_polymer_bigvlm,9,9,8.5,13.15,30.49,1501.05,NVIDIA GeForce RTX 4060 Ti,48,114.3,100,6839.9,16380.0,
2026-09-05T13:34:26.900823+00:00,04_vlm_polymer_bigvlm,9,9,8.5,13.16,30.49,1501.05,NVIDIA GeForce RTX 4060 Ti,52,115.21,95,6839.9,16380.0,
2026-09-05T13:34:36.968829+00:00,04_vlm_polymer_bigvlm,9,9,8.5,13.14,30.49,1501.05,NVIDIA GeForce RTX 4060 Ti,49,102.72,52,6839.9,16380.0,
2026-09-05T13:34:47.036826+00:00,04_vlm_polymer_bigvlm,9,9,8.5,13.14,30.49,1501.05,NVIDIA GeForce RTX 4060 Ti,47,102.67,59,6839.9,16380.0,
2026-09-05T13:34:57.103827+00:00,04_vlm_polymer_bigvlm,9,9,8.5,13.15,30.49,1501.05,NVIDIA GeForce RTX 4060 Ti,46,103.8,94,6839.9,16380.0,
2026-09-05T13:35:07.171829+00:00,04_vlm_polymer_bigvlm,9,9,8.5,13.13,30.49,1501.05,NVIDIA GeForce RTX 4060 Ti,50,107.02,49,6839.9,16380.0,
2026-09-05T13:35:17.238809+00:00,04_vlm_polymer_bigvlm,9,9,8.1,13.14,30.49,1501.05,NVIDIA GeForce RTX 4060 Ti,45,113.91,52,6839.9,16380.0,
2026-09-05T13:35:27.294729+00:00,04_vlm_polymer_bigvlm,9,9,8.5,13.15,30.49,1501.05,NVIDIA GeForce RTX 4060 Ti,52,118.4,100,6839.9,16380.0,
2026-09-05T13:35:37.355123+00:00,04_vlm_polymer_bigvlm,9,9,8.5,13.16,30.49,1501.05,NVIDIA GeForce RTX 4060 Ti,48,118.49,77,6839.9,16380.0,
2026-09-05T13:35:47.415841+00:00,04_vlm_polymer_bigvlm,9,9,8.5,13.16,30.49,1501.05,NVIDIA GeForce RTX 4060 Ti,51,116.75,99,6839.9,16380.0,
2026-09-05T13:35:57.483819+00:00,04_vlm_polymer_bigvlm,9,9,8.5,13.14,30.49,1501.05,NVIDIA GeForce RTX 4060 Ti,52,114.36,100,6839.9,16380.0,
2026-09-05T13:36:07.550821+00:00,04_vlm_polymer_bigvlm,9,9,8.5,13.15,30.49,1501.05,NVIDIA GeForce RTX 4060 Ti,52,120.31,100,6838.6,16380.0,
2026-09-05T13:36:17.618831+00:00,04_vlm_polymer_bigvlm,9,9,8.5,13.17,30.49,1501.05,NVIDIA GeForce RTX 4060 Ti,51,115.43,24,6838.6,16380.0,
2026-09-05T13:36:27.686737+00:00,04_vlm_polymer_bigvlm,9,9,8.5,13.15,30.49,1501.05,NVIDIA GeForce RTX 4060 Ti,52,115.77,13,6838.6,16380.0,
2026-09-05T13:36:37.753821+00:00,04_vlm_polymer_bigvlm,9,9,8.5,13.15,30.49,1501.05,NVIDIA GeForce RTX 4060 Ti,53,115.41,99,6838.6,16380.0,
2026-09-05T13:36:47.822159+00:00,04_vlm_polymer_bigvlm,9,9,8.5,13.15,30.49,1501.05,NVIDIA GeForce RTX 4060 Ti,46,117.4,100,6838.6,16380.0,
2026-09-05T13:36:57.889828+00:00,04_vlm_polymer_bigvlm,9,9,8.5,13.16,30.49,1501.05,NVIDIA GeForce RTX 4060 Ti,52,118.66,82,6838.6,16380.0,
2026-09-05T13:37:07.956832+00:00,04_vlm_polymer_bigvlm,9,9,8.5,13.14,30.49,1501.05,NVIDIA GeForce RTX 4060 Ti,52,114.91,25,6838.6,16380.0,
2026-09-05T13:37:18.023820+00:00,04_vlm_polymer_bigvlm,9,9,8.5,13.16,30.49,1501.05,NVIDIA GeForce RTX 4060 Ti,52,116.15,57,6838.6,16380.0,
2026-09-05T13:37:28.090826+00:00,04_vlm_polymer_bigvlm,9,9,8.5,13.19,30.49,1501.05,NVIDIA GeForce RTX 4060 Ti,51,115.13,68,6838.6,16380.0,
2026-09-05T13:37:38.158820+00:00,04_vlm_polymer_bigvlm,9,9,8.5,13.17,30.49,1501.05,NVIDIA GeForce RTX 4060 Ti,53,116.78,99,6838.6,16380.0,
2026-09-05T13:37:48.226822+00:00,04_vlm_polymer_bigvlm,9,9,8.5,13.16,30.49,1501.05,NVIDIA GeForce RTX 4060 Ti,47,117.1,72,6838.6,16380.0,
2026-09-05T13:37:58.294821+00:00,04_vlm_polymer_bigvlm,9,9,8.5,13.13,30.49,1501.05,NVIDIA GeForce RTX 4060 Ti,52,119.85,99,6838.6,16380.0,
2026-09-05T13:38:08.357248+00:00,04_vlm_polymer_bigvlm,9,9,8.7,13.16,30.49,1501.05,NVIDIA GeForce RTX 4060 Ti,46,116.44,55,6838.6,16380.0,
2026-09-05T13:38:18.420865+00:00,04_vlm_polymer_bigvlm,9,9,8.7,13.16,30.49,1501.05,NVIDIA GeForce RTX 4060 Ti,51,114.8,62,6838.6,16380.0,
2026-09-05T13:38:28.490154+00:00,04_vlm_polymer_bigvlm,9,9,8.6,13.13,30.49,1501.05,NVIDIA GeForce RTX 4060 Ti,52,119.1,99,6838.6,16380.0,
2026-09-05T13:38:38.557822+00:00,04_vlm_polymer_bigvlm,9,9,8.5,13.15,30.49,1501.05,NVIDIA GeForce RTX 4060 Ti,51,120.17,25,6838.6,16380.0,
2026-09-05T13:38:48.593070+00:00,04_vlm_polymer_bigvlm,9,9,8.5,13.15,30.49,1501.05,NVIDIA GeForce RTX 4060 Ti,53,114.9,90,6838.6,16380.0,
2026-09-05T13:38:58.625801+00:00,04_vlm_polymer_bigvlm,9,9,8.5,13.17,30.49,1501.05,NVIDIA GeForce RTX 4060 Ti,52,114.61,97,6838.6,16380.0,
2026-09-05T13:39:08.692822+00:00,04_vlm_polymer_bigvlm,9,9,8.5,13.17,30.49,1501.05,NVIDIA GeForce RTX 4060 Ti,52,115.24,29,6838.6,16380.0,
2026-09-05T13:39:18.753806+00:00,04_vlm_polymer_bigvlm,9,9,8.5,13.17,30.49,1501.05,NVIDIA GeForce RTX 4060 Ti,53,117.06,99,6838.6,16380.0,
2026-09-05T13:39:28.790996+00:00,04_vlm_polymer_bigvlm,9,9,8.5,13.17,30.49,1501.05,NVIDIA GeForce RTX 4060 Ti,50,118.76,100,6838.6,16380.0,
2026-09-05T13:39:38.859289+00:00,04_vlm_polymer_bigvlm,9,9,8.5,13.17,30.49,1501.05,NVIDIA GeForce RTX 4060 Ti,51,115.15,51,6838.6,16380.0,
2026-09-05T13:39:48.927819+00:00,04_vlm_polymer_bigvlm,9,9,8.5,13.19,30.49,1501.05,NVIDIA GeForce RTX 4060 Ti,53,116.07,100,6838.6,16380.0,
2026-09-05T13:39:58.995760+00:00,04_vlm_polymer_bigvlm,9,9,8.5,13.17,30.49,1501.05,NVIDIA GeForce RTX 4060 Ti,47,116.06,94,6838.6,16380.0,
2026-09-05T13:40:09.064817+00:00,04_vlm_polymer_bigvlm,9,9,8.5,13.19,30.49,1501.05,NVIDIA GeForce RTX 4060 Ti,53,117.9,67,6825.9,16380.0,
2026-09-05T13:40:19.127834+00:00,04_vlm_polymer_bigvlm,9,9,8.5,13.16,30.49,1501.05,NVIDIA GeForce RTX 4060 Ti,47,115.7,41,6825.9,16380.0,
2026-09-05T13:40:29.193496+00:00,04_vlm_polymer_bigvlm,9,9,8.5,13.15,30.49,1501.05,NVIDIA GeForce RTX 4060 Ti,50,115.81,92,6825.9,16380.0,
2026-09-05T13:40:39.261826+00:00,04_vlm_polymer_bigvlm,9,9,8.5,13.15,30.49,1501.05,NVIDIA GeForce RTX 4060 Ti,52,118.75,100,6825.9,16380.0,
2026-09-05T13:40:49.324823+00:00,04_vlm_polymer_bigvlm,9,9,8.6,13.17,30.49,1501.05,NVIDIA GeForce RTX 4060 Ti,52,113.52,100,6849.9,16380.0,
2026-09-05T13:40:59.392033+00:00,04_vlm_polymer_bigvlm,9,9,8.5,13.19,30.49,1501.05,NVIDIA GeForce RTX 4060 Ti,53,115.27,54,6849.9,16380.0,
2026-09-05T13:41:09.446390+00:00,04_vlm_polymer_bigvlm,9,9,8.5,13.23,30.49,1501.05,NVIDIA GeForce RTX 4060 Ti,50,118.87,25,6849.9,16380.0,
2026-09-05T13:41:19.490618+00:00,04_vlm_polymer_bigvlm,9,9,8.5,13.18,30.49,1501.05,NVIDIA GeForce RTX 4060 Ti,52,116.46,77,6849.9,16380.0,
2026-09-05T13:41:29.558822+00:00,04_vlm_polymer_bigvlm,9,9,8.6,13.19,30.49,1501.05,NVIDIA GeForce RTX 4060 Ti,52,116.99,99,6849.9,16380.0,
2026-09-05T13:41:39.586498+00:00,04_vlm_polymer_bigvlm,9,9,8.6,13.18,30.49,1501.05,NVIDIA GeForce RTX 4060 Ti,50,103.1,47,6849.9,16380.0,
2026-09-05T13:41:49.654825+00:00,04_vlm_polymer_bigvlm,9,9,8.5,13.18,30.49,1501.05,NVIDIA GeForce RTX 4060 Ti,51,102.76,60,6849.9,16380.0,
2026-09-05T13:41:59.717845+00:00,04_vlm_polymer_bigvlm,9,9,8.6,13.18,30.49,1501.05,NVIDIA GeForce RTX 4060 Ti,48,102.89,92,6849.9,16380.0,
2026-09-05T13:42:09.784822+00:00,04_vlm_polymer_bigvlm,9,9,8.1,13.18,30.49,1501.05,NVIDIA GeForce RTX 4060 Ti,52,112.67,99,6839.9,16380.0,
2026-09-05T13:42:19.851813+00:00,04_vlm_polymer_bigvlm,9,9,8.5,13.18,30.49,1501.05,NVIDIA GeForce RTX 4060 Ti,51,119.49,100,6839.9,16380.0,
2026-09-05T13:42:29.914820+00:00,04_vlm_polymer_bigvlm,9,9,8.5,13.18,30.49,1501.05,NVIDIA GeForce RTX 4060 Ti,50,119.62,100,6839.9,16380.0,
2026-09-05T13:42:39.980821+00:00,04_vlm_polymer_bigvlm,9,9,8.6,13.18,30.49,1501.05,NVIDIA GeForce RTX 4060 Ti,52,118.42,76,6839.9,16380.0,
2026-09-05T13:42:50.047824+00:00,04_vlm_polymer_bigvlm,9,9,8.5,13.18,30.49,1501.05,NVIDIA GeForce RTX 4060 Ti,52,119.4,64,6839.9,16380.0,
2026-09-05T13:43:00.091941+00:00,04_vlm_polymer_bigvlm,9,9,8.6,13.18,30.49,1501.05,NVIDIA GeForce RTX 4060 Ti,52,118.49,99,6839.9,16380.0,
2026-09-05T13:43:10.158834+00:00,04_vlm_polymer_bigvlm,9,9,8.6,13.16,30.49,1501.05,NVIDIA GeForce RTX 4060 Ti,51,116.64,57,6839.9,16380.0,
2026-09-05T13:43:20.226826+00:00,04_vlm_polymer_bigvlm,9,9,8.5,13.17,30.49,1501.05,NVIDIA GeForce RTX 4060 Ti,52,116.02,100,6839.9,16380.0,
2026-09-05T13:43:30.293825+00:00,04_vlm_polymer_bigvlm,9,9,8.5,13.18,30.49,1501.05,NVIDIA GeForce RTX 4060 Ti,47,113.36,100,6839.9,16380.0,
2026-09-05T13:43:40.360820+00:00,04_vlm_polymer_bigvlm,9,9,8.5,13.17,30.49,1501.05,NVIDIA GeForce RTX 4060 Ti,50,119.19,19,6839.9,16380.0,
2026-09-05T13:43:50.423820+00:00,04_vlm_polymer_bigvlm,9,9,8.5,13.17,30.49,1501.05,NVIDIA GeForce RTX 4060 Ti,52,116.44,100,6839.9,16380.0,
2026-09-05T13:44:00.491823+00:00,04_vlm_polymer_bigvlm,9,9,8.5,13.16,30.49,1501.05,NVIDIA GeForce RTX 4060 Ti,52,117.57,100,6839.9,16380.0,
2026-09-05T13:44:10.555652+00:00,04_vlm_polymer_bigvlm,9,9,8.5,13.15,30.49,1501.05,NVIDIA GeForce RTX 4060 Ti,47,115.17,40,6839.9,16380.0,
2026-09-05T13:44:20.623231+00:00,04_vlm_polymer_bigvlm,9,9,8.5,13.18,30.49,1501.05,NVIDIA GeForce RTX 4060 Ti,53,116.81,99,6839.9,16380.0,
2026-09-05T13:44:30.688984+00:00,04_vlm_polymer_bigvlm,9,9,8.5,13.18,30.49,1501.05,NVIDIA GeForce RTX 4060 Ti,53,119.6,100,6839.9,16380.0,
2026-09-05T13:44:40.756879+00:00,04_vlm_polymer_bigvlm,9,9,8.5,13.17,30.49,1501.05,NVIDIA GeForce RTX 4060 Ti,53,115.09,100,6839.9,16380.0,
2026-09-05T13:44:50.779313+00:00,04_vlm_polymer_bigvlm,9,9,8.5,13.17,30.49,1501.05,NVIDIA GeForce RTX 4060 Ti,46,114.74,64,6839.9,16380.0,
2026-09-05T13:45:00.833443+00:00,04_vlm_polymer_bigvlm,9,9,8.5,13.17,30.49,1501.05,NVIDIA GeForce RTX 4060 Ti,49,118.18,34,6839.9,16380.0,
2026-09-05T13:45:10.882872+00:00,04_vlm_polymer_bigvlm,9,9,8.5,13.16,30.49,1501.05,NVIDIA GeForce RTX 4060 Ti,52,117.31,45,6839.9,16380.0,
2026-09-05T13:45:20.949818+00:00,04_vlm_polymer_bigvlm,9,9,8.5,13.13,30.49,1501.05,NVIDIA GeForce RTX 4060 Ti,52,116.92,86,6839.9,16380.0,
2026-09-05T13:45:31.017831+00:00,04_vlm_polymer_bigvlm,9,9,8.5,13.14,30.49,1501.05,NVIDIA GeForce RTX 4060 Ti,53,117.95,100,6839.9,16380.0,
2026-09-05T13:45:41.083818+00:00,04_vlm_polymer_bigvlm,9,9,8.5,13.15,30.49,1501.05,NVIDIA GeForce RTX 4060 Ti,51,114.49,88,6839.9,16380.0,
2026-09-05T13:45:51.149840+00:00,04_vlm_polymer_bigvlm,9,9,8.5,13.14,30.49,1501.05,NVIDIA GeForce RTX 4060 Ti,49,118.08,100,6839.9,16380.0,
2026-09-05T13:46:01.212821+00:00,04_vlm_polymer_bigvlm,9,9,8.5,13.12,30.49,1501.05,NVIDIA GeForce RTX 4060 Ti,52,116.45,44,6839.4,16380.0,
2026-09-05T13:46:11.263319+00:00,04_vlm_polymer_bigvlm,9,9,8.5,13.14,30.49,1501.05,NVIDIA GeForce RTX 4060 Ti,52,119.73,100,6839.4,16380.0,
2026-09-05T13:46:21.326827+00:00,04_vlm_polymer_bigvlm,9,9,8.5,13.1,30.49,1501.05,NVIDIA GeForce RTX 4060 Ti,53,114.54,100,6839.4,16380.0,
2026-09-05T13:46:31.394828+00:00,04_vlm_polymer_bigvlm,9,9,8.5,13.13,30.49,1501.05,NVIDIA GeForce RTX 4060 Ti,46,115.37,63,6839.4,16380.0,
2026-09-05T13:46:41.462834+00:00,04_vlm_polymer_bigvlm,9,9,8.6,13.12,30.49,1501.05,NVIDIA GeForce RTX 4060 Ti,51,115.02,16,6839.4,16380.0,
2026-09-05T13:46:51.528823+00:00,04_vlm_polymer_bigvlm,9,9,8.5,13.12,30.49,1501.05,NVIDIA GeForce RTX 4060 Ti,52,117.76,99,6839.4,16380.0,
2026-09-05T13:47:01.595820+00:00,04_vlm_polymer_bigvlm,9,9,8.5,13.12,30.49,1501.05,NVIDIA GeForce RTX 4060 Ti,50,115.77,26,6839.4,16380.0,
2026-09-05T13:47:11.663839+00:00,04_vlm_polymer_bigvlm,9,9,8.5,13.13,30.49,1501.05,NVIDIA GeForce RTX 4060 Ti,52,119.75,95,6839.4,16380.0,
2026-09-05T13:47:21.726825+00:00,04_vlm_polymer_bigvlm,9,9,8.5,13.13,30.49,1501.05,NVIDIA GeForce RTX 4060 Ti,46,118.62,100,6839.4,16380.0,
2026-09-05T13:47:31.794816+00:00,04_vlm_polymer_bigvlm,9,9,8.5,13.14,30.49,1501.05,NVIDIA GeForce RTX 4060 Ti,52,117.49,80,6839.4,16380.0,
2026-09-05T13:47:41.857823+00:00,04_vlm_polymer_bigvlm,9,9,8.5,13.15,30.49,1501.05,NVIDIA GeForce RTX 4060 Ti,52,115.41,52,6839.4,16380.0,
2026-09-05T13:47:51.916832+00:00,04_vlm_polymer_bigvlm,9,9,8.5,13.14,30.49,1501.05,NVIDIA GeForce RTX 4060 Ti,51,118.38,100,6839.4,16380.0,
2026-09-05T13:48:01.979829+00:00,04_vlm_polymer_bigvlm,9,9,8.6,13.16,30.49,1501.05,NVIDIA GeForce RTX 4060 Ti,51,112.67,76,6839.4,16380.0,
2026-09-05T13:48:12.047819+00:00,04_vlm_polymer_bigvlm,9,9,8.6,13.14,30.49,1501.05,NVIDIA GeForce RTX 4060 Ti,52,115.42,17,6839.4,16380.0,
2026-09-05T13:48:22.065923+00:00,04_vlm_polymer_bigvlm,9,9,8.5,13.12,30.49,1501.05,NVIDIA GeForce RTX 4060 Ti,53,117.63,99,6839.4,16380.0,
2026-09-05T13:48:32.133822+00:00,04_vlm_polymer_bigvlm,9,9,8.5,13.15,30.49,1501.05,NVIDIA GeForce RTX 4060 Ti,49,104.6,69,6839.4,16380.0,
2026-09-05T13:48:42.201839+00:00,04_vlm_polymer_bigvlm,9,9,8.5,13.16,30.49,1501.05,NVIDIA GeForce RTX 4060 Ti,45,103.4,65,6839.4,16380.0,
2026-09-05T13:48:52.250521+00:00,04_vlm_polymer_bigvlm,9,9,8.5,13.14,30.49,1501.05,NVIDIA GeForce RTX 4060 Ti,46,102.58,53,6839.4,16380.0,
2026-09-05T13:49:02.277361+00:00,04_vlm_polymer_bigvlm,9,9,8.6,13.13,30.49,1501.05,NVIDIA GeForce RTX 4060 Ti,50,106.35,71,6839.4,16380.0,
2026-09-05T13:49:12.344252+00:00,04_vlm_polymer_bigvlm,9,9,8.1,13.15,30.49,1501.05,NVIDIA GeForce RTX 4060 Ti,45,116.19,67,6839.4,16380.0,
2026-09-05T13:49:22.408035+00:00,04_vlm_polymer_bigvlm,9,9,8.5,13.14,30.49,1501.05,NVIDIA GeForce RTX 4060 Ti,52,117.92,100,6839.4,16380.0,
2026-09-05T13:49:32.475037+00:00,04_vlm_polymer_bigvlm,9,9,8.5,13.12,30.49,1501.05,NVIDIA GeForce RTX 4060 Ti,52,114.2,100,6839.4,16380.0,
2026-09-05T13:49:42.543270+00:00,04_vlm_polymer_bigvlm,9,9,8.5,13.13,30.49,1501.05,NVIDIA GeForce RTX 4060 Ti,52,116.42,63,6839.4,16380.0,
2026-09-05T13:49:52.609678+00:00,04_vlm_polymer_bigvlm,9,9,8.5,13.13,30.49,1501.05,NVIDIA GeForce RTX 4060 Ti,50,114.34,24,6839.4,16380.0,
2026-09-05T13:50:02.676998+00:00,04_vlm_polymer_bigvlm,9,9,8.6,13.12,30.49,1501.05,NVIDIA GeForce RTX 4060 Ti,52,115.77,99,6839.4,16380.0,
2026-09-05T13:50:12.740590+00:00,04_vlm_polymer_bigvlm,9,9,8.5,13.13,30.49,1501.05,NVIDIA GeForce RTX 4060 Ti,51,117.16,100,6839.4,16380.0,
2026-09-05T13:50:22.769737+00:00,04_vlm_polymer_bigvlm,9,9,8.5,13.12,30.49,1501.05,NVIDIA GeForce RTX 4060 Ti,52,119.78,99,6839.4,16380.0,
2026-09-05T13:50:32.836716+00:00,04_vlm_polymer_bigvlm,9,9,8.5,13.14,30.49,1501.05,NVIDIA GeForce RTX 4060 Ti,50,114.49,100,6839.4,16380.0,
2026-09-05T13:50:42.904287+00:00,04_vlm_polymer_bigvlm,9,9,8.5,13.13,30.49,1501.05,NVIDIA GeForce RTX 4060 Ti,51,112.58,46,6839.4,16380.0,
2026-09-05T13:50:52.961135+00:00,04_vlm_polymer_bigvlm,9,9,8.5,13.12,30.49,1501.05,NVIDIA GeForce RTX 4060 Ti,53,116.71,95,6839.4,16380.0,
2026-09-05T13:51:03.028850+00:00,04_vlm_polymer_bigvlm,9,9,8.5,13.12,30.49,1501.05,NVIDIA GeForce RTX 4060 Ti,46,118.25,100,6839.4,16380.0,
2026-09-05T13:51:13.095217+00:00,04_vlm_polymer_bigvlm,9,9,8.5,13.12,30.49,1501.05,NVIDIA GeForce RTX 4060 Ti,51,115.48,68,6839.4,16380.0,
2026-09-05T13:51:23.157727+00:00,04_vlm_polymer_bigvlm,9,9,8.5,13.13,30.49,1501.05,NVIDIA GeForce RTX 4060 Ti,47,119.33,100,6839.4,16380.0,
2026-09-05T13:51:33.224211+00:00,04_vlm_polymer_bigvlm,9,9,8.5,13.13,30.49,1501.05,NVIDIA GeForce RTX 4060 Ti,46,114.47,47,6839.4,16380.0,
2026-09-05T13:51:43.291729+00:00,04_vlm_polymer_bigvlm,9,9,8.5,13.11,30.49,1501.05,NVIDIA GeForce RTX 4060 Ti,52,119.91,99,6839.4,16380.0,
2026-09-05T13:51:53.354827+00:00,04_vlm_polymer_bigvlm,9,9,8.5,13.11,30.49,1501.05,NVIDIA GeForce RTX 4060 Ti,52,117.39,100,6839.4,16380.0,
2026-09-05T13:52:03.421824+00:00,04_vlm_polymer_bigvlm,9,9,8.8,13.1,30.49,1501.05,NVIDIA GeForce RTX 4060 Ti,53,114.56,100,6838.6,16380.0,
2026-09-05T13:52:13.487819+00:00,04_vlm_polymer_bigvlm,9,9,8.5,13.12,30.49,1501.05,NVIDIA GeForce RTX 4060 Ti,53,119.84,100,6838.6,16380.0,
2026-09-05T13:52:23.532878+00:00,04_vlm_polymer_bigvlm,9,9,8.5,13.12,30.49,1501.05,NVIDIA GeForce RTX 4060 Ti,52,115.55,21,6871.1,16380.0,
2026-09-05T13:52:33.599820+00:00,04_vlm_polymer_bigvlm,9,9,16.3,12.83,30.49,1501.05,NVIDIA GeForce RTX 4060 Ti,52,114.17,89,6871.1,16380.0,
2026-09-05T13:52:43.667827+00:00,04_vlm_polymer_bigvlm,9,9,15.3,12.84,30.49,1501.05,NVIDIA GeForce RTX 4060 Ti,52,120.81,99,6871.1,16380.0,
2026-09-05T13:52:53.734813+00:00,04_vlm_polymer_bigvlm,9,9,13.1,12.85,30.49,1501.05,NVIDIA GeForce RTX 4060 Ti,52,119.86,16,6871.1,16380.0,
2026-09-05T13:53:03.783323+00:00,04_vlm_polymer_bigvlm,9,9,8.6,12.85,30.49,1501.05,NVIDIA GeForce RTX 4060 Ti,47,118.63,100,6871.1,16380.0,
2026-09-05T13:53:13.850821+00:00,04_vlm_polymer_bigvlm,9,9,8.6,12.83,30.49,1501.05,NVIDIA GeForce RTX 4060 Ti,51,120.13,17,6871.1,16380.0,
2026-09-05T13:53:23.913825+00:00,04_vlm_polymer_bigvlm,9,9,8.5,12.86,30.49,1501.05,NVIDIA GeForce RTX 4060 Ti,53,115.06,99,6871.1,16380.0,
2026-09-05T13:53:33.980821+00:00,04_vlm_polymer_bigvlm,9,9,8.6,12.83,30.49,1501.05,NVIDIA GeForce RTX 4060 Ti,53,117.44,100,6871.1,16380.0,
2026-09-05T13:53:44.004829+00:00,04_vlm_polymer_bigvlm,9,9,8.5,12.84,30.49,1501.05,NVIDIA GeForce RTX 4060 Ti,50,115.45,63,6871.1,16380.0,
2026-09-05T13:53:54.072831+00:00,04_vlm_polymer_bigvlm,9,9,8.5,12.83,30.49,1501.05,NVIDIA GeForce RTX 4060 Ti,52,115.31,93,6871.1,16380.0,
2026-09-05T13:54:04.139839+00:00,04_vlm_polymer_bigvlm,9,9,8.5,12.85,30.49,1501.05,NVIDIA GeForce RTX 4060 Ti,48,118.77,76,6871.1,16380.0,
2026-09-05T13:54:14.191364+00:00,04_vlm_polymer_bigvlm,9,9,8.5,12.84,30.49,1501.05,NVIDIA GeForce RTX 4060 Ti,52,115.76,100,6871.1,16380.0,
2026-09-05T13:54:24.208316+00:00,04_vlm_polymer_bigvlm,9,9,8.5,12.84,30.49,1501.05,NVIDIA GeForce RTX 4060 Ti,53,117.62,76,6871.1,16380.0,
2026-09-05T13:54:34.250737+00:00,04_vlm_polymer_bigvlm,9,9,8.5,12.84,30.49,1501.05,NVIDIA GeForce RTX 4060 Ti,51,117.6,26,6871.1,16380.0,
2026-09-05T13:54:44.293991+00:00,04_vlm_polymer_bigvlm,9,9,8.5,12.85,30.49,1501.05,NVIDIA GeForce RTX 4060 Ti,47,114.57,76,6871.1,16380.0,
2026-09-05T13:54:54.361834+00:00,04_vlm_polymer_bigvlm,9,9,8.5,12.82,30.49,1501.05,NVIDIA GeForce RTX 4060 Ti,52,117.23,52,6871.1,16380.0,
2026-09-05T13:55:04.425828+00:00,04_vlm_polymer_bigvlm,9,9,8.5,12.83,30.49,1501.05,NVIDIA GeForce RTX 4060 Ti,52,112.18,100,6871.1,16380.0,
2026-09-05T13:55:14.488441+00:00,04_vlm_polymer_bigvlm,9,9,8.5,12.86,30.49,1501.05,NVIDIA GeForce RTX 4060 Ti,53,116.23,100,6871.1,16380.0,
2026-09-05T13:55:24.555860+00:00,04_vlm_polymer_bigvlm,9,9,8.5,12.84,30.49,1501.05,NVIDIA GeForce RTX 4060 Ti,47,120.13,95,6871.1,16380.0,
2026-09-05T13:55:34.623826+00:00,04_vlm_polymer_bigvlm,9,9,8.6,12.83,30.49,1501.05,NVIDIA GeForce RTX 4060 Ti,49,101.98,57,6871.1,16380.0,
2026-09-05T13:55:44.692829+00:00,04_vlm_polymer_bigvlm,9,9,8.5,12.83,30.49,1501.05,NVIDIA GeForce RTX 4060 Ti,50,102.85,92,6871.1,16380.0,
2026-09-05T13:55:54.758822+00:00,04_vlm_polymer_bigvlm,9,9,8.5,12.84,30.49,1501.05,NVIDIA GeForce RTX 4060 Ti,50,101.59,52,6871.1,16380.0,
2026-09-05T13:56:04.811733+00:00,04_vlm_polymer_bigvlm,9,9,8.5,12.84,30.49,1501.05,NVIDIA GeForce RTX 4060 Ti,46,101.68,50,6871.1,16380.0,
2026-09-05T13:56:14.878927+00:00,04_vlm_polymer_bigvlm,9,9,8.5,12.86,30.49,1501.05,NVIDIA GeForce RTX 4060 Ti,51,113.91,25,6871.1,16380.0,
2026-09-05T13:56:24.944143+00:00,04_vlm_polymer_bigvlm,9,9,8.5,12.86,30.49,1501.05,NVIDIA GeForce RTX 4060 Ti,52,113.11,97,6871.1,16380.0,
2026-09-05T13:56:35.004537+00:00,04_vlm_polymer_bigvlm,9,9,8.5,12.84,30.49,1501.05,NVIDIA GeForce RTX 4060 Ti,47,119.73,100,6871.1,16380.0,
2026-09-05T13:56:45.067824+00:00,04_vlm_polymer_bigvlm,9,9,8.5,12.84,30.49,1501.05,NVIDIA GeForce RTX 4060 Ti,50,117.48,100,6871.1,16380.0,
2026-09-05T13:56:55.134821+00:00,04_vlm_polymer_bigvlm,9,9,8.5,12.85,30.49,1501.05,NVIDIA GeForce RTX 4060 Ti,50,116.77,66,6871.1,16380.0,
2026-09-05T13:57:05.176888+00:00,04_vlm_polymer_bigvlm,9,9,8.5,12.84,30.49,1501.05,NVIDIA GeForce RTX 4060 Ti,46,114.71,73,6871.1,16380.0,
2026-09-05T13:57:15.229591+00:00,04_vlm_polymer_bigvlm,9,9,8.5,12.83,30.49,1501.05,NVIDIA GeForce RTX 4060 Ti,51,113.92,66,6871.1,16380.0,
2026-09-05T13:57:25.280424+00:00,04_vlm_polymer_bigvlm,9,9,8.5,12.86,30.49,1501.05,NVIDIA GeForce RTX 4060 Ti,52,114.54,100,6871.1,16380.0,
2026-09-05T13:57:35.348821+00:00,04_vlm_polymer_bigvlm,9,9,8.6,12.83,30.49,1501.05,NVIDIA GeForce RTX 4060 Ti,47,116.24,30,6871.1,16380.0,
2026-09-05T13:57:45.417817+00:00,04_vlm_polymer_bigvlm,9,9,8.5,12.83,30.49,1501.05,NVIDIA GeForce RTX 4060 Ti,51,120.12,99,6871.1,16380.0,
2026-09-05T13:57:55.471816+00:00,04_vlm_polymer_bigvlm,9,9,8.5,12.85,30.49,1501.05,NVIDIA GeForce RTX 4060 Ti,52,116.83,100,6871.1,16380.0,
2026-09-05T13:58:05.538846+00:00,04_vlm_polymer_bigvlm,9,9,8.6,12.91,30.49,1501.05,NVIDIA GeForce RTX 4060 Ti,52,120.58,92,6871.1,16380.0,
2026-09-05T13:58:15.601819+00:00,04_vlm_polymer_bigvlm,9,9,8.6,12.89,30.49,1501.05,NVIDIA GeForce RTX 4060 Ti,50,115.77,87,6871.1,16380.0,
2026-09-05T13:58:25.668829+00:00,04_vlm_polymer_bigvlm,9,9,8.5,12.85,30.49,1501.05,NVIDIA GeForce RTX 4060 Ti,52,115.34,99,6871.1,16380.0,
2026-09-05T13:58:35.736784+00:00,04_vlm_polymer_bigvlm,9,9,8.6,12.85,30.49,1501.05,NVIDIA GeForce RTX 4060 Ti,53,114.91,100,6871.1,16380.0,
2026-09-05T13:58:45.791806+00:00,04_vlm_polymer_bigvlm,9,9,8.5,12.88,30.49,1501.05,NVIDIA GeForce RTX 4060 Ti,47,115.02,98,6871.1,16380.0,
2026-09-05T13:58:55.849204+00:00,04_vlm_polymer_bigvlm,9,9,8.5,12.83,30.49,1501.05,NVIDIA GeForce RTX 4060 Ti,52,119.85,22,6871.1,16380.0,
2026-09-05T13:59:05.896829+00:00,04_vlm_polymer_bigvlm,9,9,8.5,12.85,30.49,1501.05,NVIDIA GeForce RTX 4060 Ti,48,119.73,100,6871.1,16380.0,
2026-09-05T13:59:15.964824+00:00,04_vlm_polymer_bigvlm,9,9,8.5,12.83,30.49,1501.05,NVIDIA GeForce RTX 4060 Ti,52,119.96,100,6871.1,16380.0,
2026-09-05T13:59:26.031821+00:00,04_vlm_polymer_bigvlm,9,9,8.5,12.85,30.49,1501.05,NVIDIA GeForce RTX 4060 Ti,52,116.61,29,6871.1,16380.0,
2026-09-05T13:59:36.068389+00:00,04_vlm_polymer_bigvlm,9,9,8.5,12.84,30.49,1501.05,NVIDIA GeForce RTX 4060 Ti,52,119.19,99,6871.1,16380.0,
2026-09-05T13:59:46.099859+00:00,04_vlm_polymer_bigvlm,9,9,8.5,12.84,30.49,1501.05,NVIDIA GeForce RTX 4060 Ti,51,116.35,91,6871.1,16380.0,
2026-09-05T13:59:56.145567+00:00,04_vlm_polymer_bigvlm,9,9,8.5,12.85,30.49,1501.05,NVIDIA GeForce RTX 4060 Ti,52,120.08,50,6871.1,16380.0,
2026-09-05T14:00:06.209073+00:00,04_vlm_polymer_bigvlm,9,9,8.6,12.86,30.49,1501.05,NVIDIA GeForce RTX 4060 Ti,46,114.6,72,6871.1,16380.0,
2026-09-05T14:00:16.253162+00:00,04_vlm_polymer_bigvlm,9,9,8.5,12.86,30.49,1501.05,NVIDIA GeForce RTX 4060 Ti,51,116.54,18,6871.1,16380.0,
2026-09-05T14:00:26.320637+00:00,04_vlm_polymer_bigvlm,9,9,8.5,12.86,30.49,1501.05,NVIDIA GeForce RTX 4060 Ti,52,117.97,79,6871.1,16380.0,
2026-09-05T14:00:36.382775+00:00,04_vlm_polymer_bigvlm,9,9,8.5,12.85,30.49,1501.05,NVIDIA GeForce RTX 4060 Ti,52,118.43,86,6871.1,16380.0,
2026-09-05T14:00:46.445819+00:00,04_vlm_polymer_bigvlm,9,9,8.5,12.84,30.49,1501.05,NVIDIA GeForce RTX 4060 Ti,52,114.78,80,6871.1,16380.0,
2026-09-05T14:00:56.514526+00:00,04_vlm_polymer_bigvlm,9,9,8.6,12.85,30.49,1501.05,NVIDIA GeForce RTX 4060 Ti,47,119.8,81,6871.1,16380.0,
2026-09-05T14:01:06.577821+00:00,04_vlm_polymer_bigvlm,9,9,8.5,12.84,30.49,1501.05,NVIDIA GeForce RTX 4060 Ti,46,116.15,48,6871.1,16380.0,
2026-09-05T14:01:16.620046+00:00,04_vlm_polymer_bigvlm,9,9,8.5,12.84,30.49,1501.05,NVIDIA GeForce RTX 4060 Ti,51,115.73,23,6871.1,16380.0,
2026-09-05T14:01:26.652231+00:00,04_vlm_polymer_bigvlm,9,9,8.5,12.83,30.49,1501.05,NVIDIA GeForce RTX 4060 Ti,51,114.47,73,6871.1,16380.0,
2026-09-05T14:01:36.720393+00:00,04_vlm_polymer_bigvlm,9,9,8.6,12.87,30.49,1501.05,NVIDIA GeForce RTX 4060 Ti,51,116.9,100,6871.1,16380.0,
2026-09-05T14:01:46.787821+00:00,04_vlm_polymer_bigvlm,9,9,8.5,12.86,30.49,1501.05,NVIDIA GeForce RTX 4060 Ti,47,112.25,100,6871.1,16380.0,
2026-09-05T14:01:56.844012+00:00,04_vlm_polymer_bigvlm,9,9,8.6,12.86,30.49,1501.05,NVIDIA GeForce RTX 4060 Ti,51,115.41,28,6839.1,16380.0,
2026-09-05T14:02:06.881135+00:00,04_vlm_polymer_bigvlm,9,9,8.5,12.86,30.49,1501.05,NVIDIA GeForce RTX 4060 Ti,52,116.79,66,6838.6,16380.0,
2026-09-05T14:02:16.944166+00:00,04_vlm_polymer_bigvlm,9,9,8.5,12.86,30.49,1501.05,NVIDIA GeForce RTX 4060 Ti,53,116.14,100,6838.6,16380.0,
2026-09-05T14:02:27.011357+00:00,04_vlm_polymer_bigvlm,9,9,8.5,12.86,30.49,1501.05,NVIDIA GeForce RTX 4060 Ti,51,104.77,66,6838.6,16380.0,
2026-09-05T14:02:37.077657+00:00,04_vlm_polymer_bigvlm,9,9,8.5,12.86,30.49,1501.05,NVIDIA GeForce RTX 4060 Ti,51,101.8,89,6838.6,16380.0,
2026-09-05T14:02:47.123504+00:00,04_vlm_polymer_bigvlm,9,9,8.5,12.85,30.49,1501.05,NVIDIA GeForce RTX 4060 Ti,48,102.04,64,6838.6,16380.0,
2026-09-05T14:02:57.191966+00:00,04_vlm_polymer_bigvlm,9,9,8.6,12.85,30.49,1501.05,NVIDIA GeForce RTX 4060 Ti,50,102.6,52,6838.6,16380.0,
2026-09-05T14:03:07.260303+00:00,04_vlm_polymer_bigvlm,9,9,7.2,12.9,30.49,1501.05,NVIDIA GeForce RTX 4060 Ti,40,37.26,69,10252.6,16380.0,
2026-09-05T14:03:17.326247+00:00,04_vlm_polymer_bigvlm,9,9,8.5,12.9,30.49,1501.05,NVIDIA GeForce RTX 4060 Ti,45,101.83,56,10708.6,16380.0,
2026-09-05T14:03:27.346831+00:00,04_vlm_polymer_bigvlm,9,9,8.5,12.91,30.49,1501.05,NVIDIA GeForce RTX 4060 Ti,48,103.98,62,10708.6,16380.0,
2026-09-05T14:03:37.383283+00:00,04_vlm_polymer_bigvlm,9,9,8.5,12.93,30.49,1501.05,NVIDIA GeForce RTX 4060 Ti,47,102.14,74,10708.6,16380.0,
2026-09-05T14:03:47.450801+00:00,07_end_to_end_paired,0,0,7.5,11.96,30.49,1501.05,NVIDIA GeForce RTX 4060 Ti,38,35.88,0,2816.6,16380.0,
2026-09-05T14:03:57.466829+00:00,07_end_to_end_paired,0,0,9.1,12.88,30.49,1501.05,NVIDIA GeForce RTX 4060 Ti,40,45.58,20,3280.6,16380.0,
2026-09-05T14:04:07.484828+00:00,07_end_to_end_paired,0,0,8.5,12.87,30.49,1501.05,NVIDIA GeForce RTX 4060 Ti,41,45.73,20,3280.6,16380.0,
2026-09-05T14:04:17.548822+00:00,07_end_to_end_paired,0,0,8.5,12.87,30.49,1501.05,NVIDIA GeForce RTX 4060 Ti,41,45.72,20,3280.6,16380.0,
2026-09-05T14:04:27.602098+00:00,07_end_to_end_paired,0,0,8.5,12.88,30.49,1501.05,NVIDIA GeForce RTX 4060 Ti,42,46.9,23,3280.6,16380.0,
2026-09-05T14:04:37.666122+00:00,07_end_to_end_paired,0,0,8.5,12.87,30.49,1501.05,NVIDIA GeForce RTX 4060 Ti,43,46.3,20,3280.6,16380.0,
2026-09-05T14:04:47.729841+00:00,07_end_to_end_paired,0,0,8.5,12.88,30.49,1501.05,NVIDIA GeForce RTX 4060 Ti,43,45.92,20,3280.6,16380.0,
2026-09-05T14:04:57.792827+00:00,07_end_to_end_paired,0,0,8.8,12.88,30.49,1501.05,NVIDIA GeForce RTX 4060 Ti,44,45.7,20,3280.6,16380.0,
2026-09-05T14:05:07.857838+00:00,07_end_to_end_paired,0,0,8.6,12.88,30.49,1501.05,NVIDIA GeForce RTX 4060 Ti,44,47.52,20,3280.6,16380.0,
2026-09-05T14:05:17.921838+00:00,07_end_to_end_paired,0,0,8.5,12.87,30.49,1501.05,NVIDIA GeForce RTX 4060 Ti,44,46.7,20,3280.6,16380.0,
2026-09-05T14:05:27.978855+00:00,07_end_to_end_paired,0,0,8.5,12.86,30.49,1501.05,NVIDIA GeForce RTX 4060 Ti,47,46.33,16,3280.6,16380.0,
2026-09-05T14:05:38.041838+00:00,07_end_to_end_paired,0,0,8.5,12.87,30.49,1501.05,NVIDIA GeForce RTX 4060 Ti,46,46.02,11,3280.6,16380.0,
2026-09-05T14:05:48.105823+00:00,07_end_to_end_paired,0,0,8.5,12.89,30.49,1501.05,NVIDIA GeForce RTX 4060 Ti,45,48.02,40,3280.6,16380.0,
2026-09-05T14:05:58.169822+00:00,07_end_to_end_paired,0,0,8.6,12.9,30.49,1501.05,NVIDIA GeForce RTX 4060 Ti,46,48.23,20,3280.6,16380.0,
2026-09-05T14:06:08.233831+00:00,07_end_to_end_paired,0,0,8.6,12.89,30.49,1501.05,NVIDIA GeForce RTX 4060 Ti,46,46.6,20,3280.6,16380.0,
2026-09-05T14:06:18.297836+00:00,07_end_to_end_paired,0,0,8.5,12.89,30.49,1501.05,NVIDIA GeForce RTX 4060 Ti,46,46.33,20,3280.6,16380.0,
2026-09-05T14:06:28.362064+00:00,07_end_to_end_paired,0,0,8.6,12.89,30.49,1501.05,NVIDIA GeForce RTX 4060 Ti,46,46.31,20,3280.6,16380.0,
2026-09-05T14:06:38.418890+00:00,07_end_to_end_paired,0,0,8.5,12.88,30.49,1501.05,NVIDIA GeForce RTX 4060 Ti,46,47.2,20,3280.6,16380.0,
2026-09-05T14:06:48.483298+00:00,07_end_to_end_paired,0,0,8.5,12.88,30.49,1501.05,NVIDIA GeForce RTX 4060 Ti,47,47.85,20,3280.6,16380.0,
2026-09-05T14:06:58.547523+00:00,07_end_to_end_paired,0,0,8.5,12.87,30.49,1501.05,NVIDIA GeForce RTX 4060 Ti,49,46.52,44,3280.6,16380.0,
2026-09-05T14:07:08.616068+00:00,07_end_to_end_paired,0,0,8.5,12.86,30.49,1501.05,NVIDIA GeForce RTX 4060 Ti,47,45.09,42,3280.6,16380.0,
2026-09-05T14:07:18.671970+00:00,07_end_to_end_paired,0,0,8.5,12.89,30.49,1501.05,NVIDIA GeForce RTX 4060 Ti,48,47.96,42,3280.6,16380.0,
2026-09-05T14:07:28.736570+00:00,07_end_to_end_paired,0,0,8.5,12.9,30.49,1501.05,NVIDIA GeForce RTX 4060 Ti,48,48.01,39,3280.6,16380.0,
2026-09-05T14:07:38.800470+00:00,07_end_to_end_paired,0,0,8.5,12.9,30.49,1501.05,NVIDIA GeForce RTX 4060 Ti,47,46.71,23,3280.6,16380.0,
2026-09-05T14:07:48.864336+00:00,07_end_to_end_paired,0,0,8.5,12.9,30.49,1501.05,NVIDIA GeForce RTX 4060 Ti,47,46.51,20,3280.6,16380.0,
2026-09-05T14:07:58.930635+00:00,07_end_to_end_paired,0,0,8.5,12.9,30.49,1501.05,NVIDIA GeForce RTX 4060 Ti,47,47.37,20,3280.6,16380.0,
2026-09-05T14:08:08.994503+00:00,07_end_to_end_paired,0,0,8.6,12.94,30.49,1501.05,NVIDIA GeForce RTX 4060 Ti,48,48.44,20,3280.6,16380.0,
2026-09-05T14:08:19.051065+00:00,07_end_to_end_paired,0,0,8.6,12.96,30.49,1501.05,NVIDIA GeForce RTX 4060 Ti,48,46.82,20,3280.6,16380.0,
2026-09-05T14:08:29.115195+00:00,07_end_to_end_paired,0,0,8.6,12.92,30.49,1501.05,NVIDIA GeForce RTX 4060 Ti,48,46.84,20,3280.6,16380.0,
2026-09-05T14:08:39.179363+00:00,07_end_to_end_paired,0,0,8.5,12.93,30.49,1501.05,NVIDIA GeForce RTX 4060 Ti,50,46.42,7,3280.6,16380.0,
2026-09-05T14:08:49.243857+00:00,07_end_to_end_paired,0,0,8.5,12.92,30.49,1501.05,NVIDIA GeForce RTX 4060 Ti,48,48.58,42,3280.6,16380.0,
2026-09-05T14:08:59.307654+00:00,07_end_to_end_paired,0,0,8.5,12.92,30.49,1501.05,NVIDIA GeForce RTX 4060 Ti,48,47.08,23,3280.6,16380.0,
2026-09-05T14:09:09.331295+00:00,07_end_to_end_paired,0,0,8.5,12.92,30.49,1501.05,NVIDIA GeForce RTX 4060 Ti,48,46.9,24,3280.6,16380.0,
2026-09-05T14:09:19.363998+00:00,07_end_to_end_paired,0,0,8.5,12.89,30.49,1501.05,NVIDIA GeForce RTX 4060 Ti,48,48.32,20,3280.6,16380.0,
2026-09-05T14:09:29.427827+00:00,07_end_to_end_paired,0,0,8.6,12.91,30.49,1501.05,NVIDIA GeForce RTX 4060 Ti,48,46.71,18,3280.6,16380.0,
2026-09-05T14:09:39.491820+00:00,07_end_to_end_paired,0,0,8.5,12.91,30.49,1501.05,NVIDIA GeForce RTX 4060 Ti,49,46.52,28,3280.6,16380.0,
2026-09-05T14:09:49.555826+00:00,07_end_to_end_paired,0,0,8.5,12.91,30.49,1501.05,NVIDIA GeForce RTX 4060 Ti,48,47.79,45,3280.6,16380.0,
2026-09-05T14:09:59.620303+00:00,07_end_to_end_paired,0,0,8.5,12.9,30.49,1501.05,NVIDIA GeForce RTX 4060 Ti,48,46.69,20,3280.6,16380.0,
2026-09-05T14:10:09.684604+00:00,07_end_to_end_paired,0,0,8.6,12.9,30.49,1501.05,NVIDIA GeForce RTX 4060 Ti,48,46.64,20,3280.6,16380.0,
2026-09-05T14:10:19.747823+00:00,07_end_to_end_paired,0,0,8.5,12.89,30.49,1501.05,NVIDIA GeForce RTX 4060 Ti,48,46.56,20,3280.6,16380.0,
2026-09-05T14:10:29.810835+00:00,07_end_to_end_paired,0,0,8.5,12.87,30.49,1501.05,NVIDIA GeForce RTX 4060 Ti,48,47.82,20,3280.6,16380.0,
2026-09-05T14:10:39.876024+00:00,07_end_to_end_paired,0,0,8.5,12.91,30.49,1501.05,NVIDIA GeForce RTX 4060 Ti,48,46.33,20,3280.6,16380.0,
2026-09-05T14:10:49.939844+00:00,07_end_to_end_paired,0,0,8.5,12.88,30.49,1501.05,NVIDIA GeForce RTX 4060 Ti,48,47.72,20,3280.6,16380.0,
2026-09-05T14:11:00.003825+00:00,07_end_to_end_paired,0,0,8.5,12.89,30.49,1501.05,NVIDIA GeForce RTX 4060 Ti,49,48.0,23,3280.6,16380.0,
2026-09-05T14:11:10.068407+00:00,07_end_to_end_paired,0,0,8.5,12.88,30.49,1501.05,NVIDIA GeForce RTX 4060 Ti,49,48.13,24,3280.6,16380.0,
2026-09-05T14:11:20.131821+00:00,07_end_to_end_paired,0,0,8.5,12.88,30.49,1501.05,NVIDIA GeForce RTX 4060 Ti,49,46.66,20,3280.6,16380.0,
2026-09-05T14:11:30.195832+00:00,07_end_to_end_paired,0,0,8.5,12.88,30.49,1501.05,NVIDIA GeForce RTX 4060 Ti,48,48.3,37,3280.6,16380.0,
2026-09-05T14:11:40.224501+00:00,07_end_to_end_paired,0,0,8.5,12.87,30.49,1501.05,NVIDIA GeForce RTX 4060 Ti,51,48.45,45,3280.6,16380.0,
2026-09-05T14:11:50.248412+00:00,07_end_to_end_paired,0,0,8.5,12.87,30.49,1501.05,NVIDIA GeForce RTX 4060 Ti,48,48.01,31,3280.6,16380.0,
2026-09-05T14:12:00.305375+00:00,07_end_to_end_paired,0,0,8.5,12.89,30.49,1501.05,NVIDIA GeForce RTX 4060 Ti,48,48.39,37,3280.6,16380.0,
2026-09-05T14:12:10.340103+00:00,07_end_to_end_paired,0,0,8.6,12.89,30.49,1501.05,NVIDIA GeForce RTX 4060 Ti,50,47.67,32,3280.6,16380.0,
2026-09-05T14:12:20.403819+00:00,07_end_to_end_paired,0,0,8.5,12.88,30.49,1501.05,NVIDIA GeForce RTX 4060 Ti,49,47.05,22,3280.6,16380.0,
2026-09-05T14:12:30.467549+00:00,07_end_to_end_paired,0,0,8.6,12.88,30.49,1501.05,NVIDIA GeForce RTX 4060 Ti,49,48.28,20,3280.6,16380.0,
2026-09-05T14:12:40.531834+00:00,07_end_to_end_paired,0,0,8.5,12.88,30.49,1501.05,NVIDIA GeForce RTX 4060 Ti,48,36.97,0,3280.6,16380.0,
2026-09-05T14:12:50.551823+00:00,07_end_to_end_paired,0,0,8.5,12.89,30.49,1501.05,NVIDIA GeForce RTX 4060 Ti,49,48.32,20,3280.6,16380.0,
2026-09-05T14:13:00.589843+00:00,07_end_to_end_paired,0,0,8.6,12.87,30.49,1501.05,NVIDIA GeForce RTX 4060 Ti,49,47.21,20,3280.6,16380.0,
2026-09-05T14:13:10.653843+00:00,07_end_to_end_paired,0,0,8.7,12.93,30.49,1501.05,NVIDIA GeForce RTX 4060 Ti,50,48.31,8,3280.6,16380.0,
2026-09-05T14:13:20.718825+00:00,07_end_to_end_paired,0,0,8.6,12.9,30.49,1501.05,NVIDIA GeForce RTX 4060 Ti,49,48.47,37,3280.6,16380.0,
2026-09-05T14:13:30.782826+00:00,07_end_to_end_paired,0,0,8.5,12.9,30.49,1501.05,NVIDIA GeForce RTX 4060 Ti,49,47.16,21,3280.6,16380.0,
2026-09-05T14:13:40.846845+00:00,07_end_to_end_paired,0,0,8.5,12.91,30.49,1501.05,NVIDIA GeForce RTX 4060 Ti,49,48.1,20,3280.6,16380.0,
2026-09-05T14:13:50.910822+00:00,07_end_to_end_paired,0,0,8.5,12.91,30.49,1501.05,NVIDIA GeForce RTX 4060 Ti,48,48.2,20,3280.6,16380.0,
2026-09-05T14:14:00.974822+00:00,07_end_to_end_paired,0,0,8.6,12.9,30.49,1501.05,NVIDIA GeForce RTX 4060 Ti,51,46.55,14,3280.6,16380.0,
2026-09-05T14:14:11.039197+00:00,07_end_to_end_paired,0,0,8.5,12.89,30.49,1501.05,NVIDIA GeForce RTX 4060 Ti,49,46.94,20,3280.6,16380.0,
2026-09-05T14:14:21.101447+00:00,07_end_to_end_paired,0,0,8.5,12.87,30.49,1501.05,NVIDIA GeForce RTX 4060 Ti,49,47.11,20,3280.6,16380.0,
2026-09-05T14:14:31.164835+00:00,07_end_to_end_paired,0,0,8.5,12.88,30.49,1501.05,NVIDIA GeForce RTX 4060 Ti,49,47.05,20,3280.6,16380.0,
2026-09-05T14:14:41.227835+00:00,07_end_to_end_paired,0,0,8.5,12.89,30.49,1501.05,NVIDIA GeForce RTX 4060 Ti,51,48.51,9,3280.6,16380.0,
2026-09-05T14:14:51.291836+00:00,07_end_to_end_paired,0,0,8.5,12.88,30.49,1501.05,NVIDIA GeForce RTX 4060 Ti,50,48.54,27,3280.6,16380.0,
2026-09-05T14:15:01.355821+00:00,07_end_to_end_paired,0,0,8.6,12.89,30.49,1501.05,NVIDIA GeForce RTX 4060 Ti,50,47.52,27,3280.6,16380.0,
2026-09-05T14:15:11.419960+00:00,07_end_to_end_paired,1,1,7.2,12.96,30.49,1501.05,NVIDIA GeForce RTX 4060 Ti,48,37.03,0,3280.6,16380.0,
2026-09-05T14:15:21.484822+00:00,07_end_to_end_paired,1,1,8.5,13.0,30.49,1501.05,NVIDIA GeForce RTX 4060 Ti,51,47.01,9,3280.6,16380.0,
2026-09-05T14:15:31.548830+00:00,07_end_to_end_paired,1,1,8.5,12.99,30.49,1501.05,NVIDIA GeForce RTX 4060 Ti,49,48.34,24,3280.6,16380.0,
2026-09-05T14:15:41.612821+00:00,07_end_to_end_paired,1,1,8.5,12.98,30.49,1501.05,NVIDIA GeForce RTX 4060 Ti,49,47.28,20,3280.6,16380.0,
2026-09-05T14:15:51.676825+00:00,07_end_to_end_paired,1,1,8.5,12.98,30.49,1501.05,NVIDIA GeForce RTX 4060 Ti,49,47.11,20,3280.6,16380.0,
2026-09-05T14:16:01.740834+00:00,07_end_to_end_paired,1,1,8.6,12.98,30.49,1501.05,NVIDIA GeForce RTX 4060 Ti,49,46.59,20,3280.6,16380.0,
2026-09-05T14:16:11.807826+00:00,07_end_to_end_paired,1,1,8.6,12.98,30.49,1501.05,NVIDIA GeForce RTX 4060 Ti,49,48.24,20,3280.6,16380.0,
2026-09-05T14:16:21.871823+00:00,07_end_to_end_paired,1,1,8.5,12.98,30.49,1501.05,NVIDIA GeForce RTX 4060 Ti,50,48.93,25,3280.6,16380.0,
2026-09-05T14:16:31.935824+00:00,07_end_to_end_paired,1,1,8.5,12.98,30.49,1501.05,NVIDIA GeForce RTX 4060 Ti,51,46.91,40,3280.6,16380.0,
2026-09-05T14:16:41.999837+00:00,07_end_to_end_paired,1,1,8.5,12.99,30.49,1501.05,NVIDIA GeForce RTX 4060 Ti,51,46.92,37,3280.6,16380.0,
2026-09-05T14:16:52.064824+00:00,07_end_to_end_paired,1,1,8.5,12.98,30.49,1501.05,NVIDIA GeForce RTX 4060 Ti,50,48.53,22,3280.6,16380.0,
2026-09-05T14:17:02.128821+00:00,07_end_to_end_paired,1,1,8.5,13.0,30.49,1501.05,NVIDIA GeForce RTX 4060 Ti,50,48.75,20,3280.6,16380.0,
2026-09-05T14:17:12.192820+00:00,07_end_to_end_paired,1,1,8.6,13.0,30.49,1501.05,NVIDIA GeForce RTX 4060 Ti,50,47.01,20,3280.6,16380.0,
2026-09-05T14:17:22.255840+00:00,07_end_to_end_paired,1,1,8.5,13.01,30.49,1501.05,NVIDIA GeForce RTX 4060 Ti,50,46.74,13,3280.6,16380.0,
2026-09-05T14:17:32.320826+00:00,07_end_to_end_paired,1,1,8.6,13.0,30.49,1501.05,NVIDIA GeForce RTX 4060 Ti,50,48.36,7,3280.6,16380.0,
2026-09-05T14:17:42.384825+00:00,07_end_to_end_paired,1,1,8.6,13.0,30.49,1501.05,NVIDIA GeForce RTX 4060 Ti,50,47.2,34,3280.6,16380.0,
2026-09-05T14:17:52.448828+00:00,07_end_to_end_paired,1,1,8.5,13.0,30.49,1501.05,NVIDIA GeForce RTX 4060 Ti,51,47.38,12,3280.6,16380.0,
2026-09-05T14:18:02.512839+00:00,07_end_to_end_paired,1,1,8.5,13.0,30.49,1501.05,NVIDIA GeForce RTX 4060 Ti,51,47.42,40,3280.6,16380.0,
2026-09-05T14:18:12.575830+00:00,07_end_to_end_paired,1,1,8.7,13.04,30.49,1501.05,NVIDIA GeForce RTX 4060 Ti,50,48.79,22,3280.6,16380.0,
2026-09-05T14:18:22.639821+00:00,07_end_to_end_paired,1,1,8.5,13.03,30.49,1501.05,NVIDIA GeForce RTX 4060 Ti,50,47.06,20,3280.6,16380.0,
2026-09-05T14:18:32.703860+00:00,07_end_to_end_paired,1,1,8.9,13.02,30.49,1501.05,NVIDIA GeForce RTX 4060 Ti,50,47.11,20,3280.6,16380.0,
2026-09-05T14:18:42.744173+00:00,07_end_to_end_paired,1,1,8.5,13.02,30.49,1501.05,NVIDIA GeForce RTX 4060 Ti,53,48.39,17,3280.6,16380.0,
2026-09-05T14:18:52.805700+00:00,07_end_to_end_paired,1,1,8.5,13.02,30.49,1501.05,NVIDIA GeForce RTX 4060 Ti,51,48.56,14,3280.6,16380.0,
2026-09-05T14:19:02.834161+00:00,07_end_to_end_paired,1,1,8.5,13.02,30.49,1501.05,NVIDIA GeForce RTX 4060 Ti,51,46.99,40,3280.6,16380.0,
2026-09-05T14:19:12.897830+00:00,07_end_to_end_paired,1,1,8.5,13.01,30.49,1501.05,NVIDIA GeForce RTX 4060 Ti,50,46.94,22,3280.6,16380.0,
2026-09-05T14:19:22.962825+00:00,07_end_to_end_paired,1,1,8.5,13.02,30.49,1501.05,NVIDIA GeForce RTX 4060 Ti,50,48.44,20,3280.6,16380.0,
2026-09-05T14:19:33.026823+00:00,07_end_to_end_paired,1,1,8.5,13.01,30.49,1501.05,NVIDIA GeForce RTX 4060 Ti,50,47.08,20,3280.6,16380.0,
2026-09-05T14:19:43.078157+00:00,07_end_to_end_paired,1,1,8.5,13.02,30.49,1501.05,NVIDIA GeForce RTX 4060 Ti,52,46.89,14,3280.6,16380.0,
2026-09-05T14:19:53.147826+00:00,07_end_to_end_paired,1,1,8.5,13.01,30.49,1501.05,NVIDIA GeForce RTX 4060 Ti,51,48.64,34,3280.6,16380.0,
2026-09-05T14:20:03.211825+00:00,07_end_to_end_paired,1,1,8.5,13.03,30.49,1501.05,NVIDIA GeForce RTX 4060 Ti,51,47.45,20,3280.6,16380.0,
2026-09-05T14:20:13.275827+00:00,07_end_to_end_paired,1,1,8.6,13.02,30.49,1501.05,NVIDIA GeForce RTX 4060 Ti,52,45.31,11,3280.6,16380.0,
2026-09-05T14:20:23.329714+00:00,07_end_to_end_paired,1,1,8.5,13.02,30.49,1501.05,NVIDIA GeForce RTX 4060 Ti,51,47.76,42,3280.6,16380.0,
2026-09-05T14:20:33.365068+00:00,07_end_to_end_paired,1,1,8.5,13.02,30.49,1501.05,NVIDIA GeForce RTX 4060 Ti,51,47.83,21,3280.6,16380.0,
2026-09-05T14:20:43.427840+00:00,07_end_to_end_paired,1,1,8.5,13.01,30.49,1501.05,NVIDIA GeForce RTX 4060 Ti,51,49.2,20,3280.6,16380.0,
2026-09-05T14:20:53.491823+00:00,07_end_to_end_paired,1,1,8.5,13.01,30.49,1501.05,NVIDIA GeForce RTX 4060 Ti,51,47.77,20,3280.6,16380.0,
2026-09-05T14:21:03.527827+00:00,07_end_to_end_paired,1,1,8.5,13.01,30.49,1501.05,NVIDIA GeForce RTX 4060 Ti,51,47.79,12,3280.6,16380.0,
2026-09-05T14:21:13.590828+00:00,07_end_to_end_paired,1,1,8.6,13.03,30.49,1501.05,NVIDIA GeForce RTX 4060 Ti,51,49.09,22,3280.6,16380.0,
2026-09-05T14:21:23.654829+00:00,07_end_to_end_paired,1,1,8.6,13.02,30.49,1501.05,NVIDIA GeForce RTX 4060 Ti,51,49.52,20,3280.6,16380.0,
2026-09-05T14:21:33.718821+00:00,07_end_to_end_paired,1,1,8.6,13.02,30.49,1501.05,NVIDIA GeForce RTX 4060 Ti,51,47.85,20,3280.6,16380.0,
2026-09-05T14:21:43.781835+00:00,07_end_to_end_paired,1,1,8.6,13.01,30.49,1501.05,NVIDIA GeForce RTX 4060 Ti,51,49.27,19,3280.6,16380.0,
2026-09-05T14:21:53.845821+00:00,07_end_to_end_paired,1,1,8.5,12.99,30.49,1501.05,NVIDIA GeForce RTX 4060 Ti,52,49.6,27,3280.6,16380.0,
2026-09-05T14:22:03.909818+00:00,07_end_to_end_paired,1,1,8.5,12.98,30.49,1501.05,NVIDIA GeForce RTX 4060 Ti,52,47.92,45,3280.6,16380.0,
2026-09-05T14:22:13.973816+00:00,07_end_to_end_paired,1,1,8.5,13.0,30.49,1501.05,NVIDIA GeForce RTX 4060 Ti,51,47.74,44,3280.6,16380.0,
2026-09-05T14:22:24.037821+00:00,07_end_to_end_paired,1,1,8.6,13.0,30.49,1501.05,NVIDIA GeForce RTX 4060 Ti,51,48.05,20,3313.1,16380.0,
2026-09-05T14:22:34.101835+00:00,07_end_to_end_paired,1,1,14.8,13.12,30.49,1501.05,NVIDIA GeForce RTX 4060 Ti,51,47.59,19,3313.1,16380.0,
2026-09-05T14:22:44.166336+00:00,07_end_to_end_paired,1,1,14.6,13.19,30.49,1501.05,NVIDIA GeForce RTX 4060 Ti,51,49.01,35,3313.1,16380.0,
2026-09-05T14:22:54.230000+00:00,07_end_to_end_paired,1,1,11.9,13.07,30.49,1501.05,NVIDIA GeForce RTX 4060 Ti,51,48.94,35,3313.1,16380.0,
2026-09-05T14:23:04.294144+00:00,07_end_to_end_paired,1,1,8.5,13.07,30.49,1501.05,NVIDIA GeForce RTX 4060 Ti,51,48.01,23,3313.1,16380.0,
2026-09-05T14:23:14.357963+00:00,07_end_to_end_paired,1,1,8.7,13.12,30.49,1501.05,NVIDIA GeForce RTX 4060 Ti,51,47.59,20,3313.1,16380.0,
2026-09-05T14:23:24.421457+00:00,07_end_to_end_paired,1,1,8.6,13.13,30.49,1501.05,NVIDIA GeForce RTX 4060 Ti,50,49.26,20,3313.1,16380.0,
2026-09-05T14:23:34.485496+00:00,07_end_to_end_paired,1,1,8.5,13.09,30.49,1501.05,NVIDIA GeForce RTX 4060 Ti,51,47.75,44,3313.1,16380.0,
2026-09-05T14:23:44.549290+00:00,07_end_to_end_paired,1,1,8.5,13.09,30.49,1501.05,NVIDIA GeForce RTX 4060 Ti,51,49.43,20,3313.1,16380.0,
2026-09-05T14:23:54.576217+00:00,07_end_to_end_paired,1,1,8.5,13.08,30.49,1501.05,NVIDIA GeForce RTX 4060 Ti,51,48.3,20,3313.1,16380.0,
2026-09-05T14:24:04.616507+00:00,07_end_to_end_paired,1,1,8.5,13.09,30.49,1501.05,NVIDIA GeForce RTX 4060 Ti,51,49.31,20,3313.1,16380.0,
2026-09-05T14:24:14.681108+00:00,07_end_to_end_paired,1,1,8.5,13.07,30.49,1501.05,NVIDIA GeForce RTX 4060 Ti,51,47.78,20,3313.1,16380.0,
2026-09-05T14:24:24.736266+00:00,07_end_to_end_paired,1,1,8.6,13.07,30.49,1501.05,NVIDIA GeForce RTX 4060 Ti,52,49.38,8,3313.1,16380.0,
2026-09-05T14:24:34.795821+00:00,07_end_to_end_paired,1,1,8.5,13.08,30.49,1501.05,NVIDIA GeForce RTX 4060 Ti,51,47.98,27,3313.1,16380.0,
2026-09-05T14:24:44.859871+00:00,07_end_to_end_paired,1,1,8.5,13.06,30.49,1501.05,NVIDIA GeForce RTX 4060 Ti,51,48.39,20,3313.1,16380.0,
2026-09-05T14:24:54.924837+00:00,07_end_to_end_paired,1,1,8.5,13.08,30.49,1501.05,NVIDIA GeForce RTX 4060 Ti,51,48.5,20,3313.1,16380.0,
2026-09-05T14:25:04.988840+00:00,07_end_to_end_paired,1,1,8.5,13.07,30.49,1501.05,NVIDIA GeForce RTX 4060 Ti,52,48.01,10,3313.1,16380.0,
2026-09-05T14:25:15.026361+00:00,07_end_to_end_paired,1,1,8.5,13.08,30.49,1501.05,NVIDIA GeForce RTX 4060 Ti,51,49.38,35,3313.1,16380.0,
2026-09-05T14:25:25.069608+00:00,07_end_to_end_paired,1,1,8.6,13.08,30.49,1501.05,NVIDIA GeForce RTX 4060 Ti,51,49.52,23,3313.1,16380.0,
2026-09-05T14:25:35.124948+00:00,07_end_to_end_paired,1,1,8.5,13.08,30.49,1501.05,NVIDIA GeForce RTX 4060 Ti,51,49.65,43,3313.1,16380.0,
2026-09-05T14:25:45.185207+00:00,07_end_to_end_paired,1,1,8.5,13.08,30.49,1501.05,NVIDIA GeForce RTX 4060 Ti,51,48.09,21,3313.1,16380.0,
2026-09-05T14:25:55.248841+00:00,07_end_to_end_paired,1,1,8.5,13.07,30.49,1501.05,NVIDIA GeForce RTX 4060 Ti,51,47.52,20,3313.1,16380.0,
2026-09-05T14:26:05.313834+00:00,07_end_to_end_paired,1,1,8.5,13.07,30.49,1501.05,NVIDIA GeForce RTX 4060 Ti,53,49.79,44,3313.1,16380.0,
2026-09-05T14:26:15.377825+00:00,07_end_to_end_paired,1,1,8.5,13.07,30.49,1501.05,NVIDIA GeForce RTX 4060 Ti,51,48.69,20,3313.1,16380.0,
2026-09-05T14:26:25.441820+00:00,07_end_to_end_paired,1,1,8.5,13.08,30.49,1501.05,NVIDIA GeForce RTX 4060 Ti,51,49.15,19,3313.1,16380.0,
2026-09-05T14:26:35.505821+00:00,07_end_to_end_paired,1,1,8.5,13.08,30.49,1501.05,NVIDIA GeForce RTX 4060 Ti,54,47.87,44,3313.1,16380.0,
2026-09-05T14:26:45.570094+00:00,07_end_to_end_paired,1,1,8.5,13.1,30.49,1501.05,NVIDIA GeForce RTX 4060 Ti,51,49.06,20,3313.1,16380.0,
2026-09-05T14:26:55.634436+00:00,07_end_to_end_paired,1,1,8.5,13.11,30.49,1501.05,NVIDIA GeForce RTX 4060 Ti,51,49.76,20,3313.1,16380.0,
2026-09-05T14:27:05.693864+00:00,07_end_to_end_paired,2,2,8.0,13.03,30.49,1501.05,NVIDIA GeForce RTX 4060 Ti,50,38.6,0,3313.1,16380.0,
2026-09-05T14:27:15.757819+00:00,07_end_to_end_paired,2,2,7.6,13.05,30.49,1501.05,NVIDIA GeForce RTX 4060 Ti,51,48.19,20,3355.1,16380.0,
2026-09-05T14:27:25.822107+00:00,07_end_to_end_paired,2,2,8.5,13.05,30.49,1501.05,NVIDIA GeForce RTX 4060 Ti,51,48.91,20,3355.1,16380.0,
2026-09-05T14:27:35.885816+00:00,07_end_to_end_paired,2,2,8.6,13.05,30.49,1501.05,NVIDIA GeForce RTX 4060 Ti,52,49.59,20,3355.1,16380.0,
2026-09-05T14:27:45.926488+00:00,07_end_to_end_paired,2,2,8.5,13.04,30.49,1501.05,NVIDIA GeForce RTX 4060 Ti,51,48.0,31,3355.1,16380.0,
2026-09-05T14:27:55.990818+00:00,07_end_to_end_paired,2,2,8.5,13.06,30.49,1501.05,NVIDIA GeForce RTX 4060 Ti,51,48.11,20,3355.1,16380.0,
2026-09-05T14:28:06.025400+00:00,07_end_to_end_paired,2,2,8.5,13.06,30.49,1501.05,NVIDIA GeForce RTX 4060 Ti,52,47.95,9,3355.1,16380.0,
2026-09-05T14:28:16.081835+00:00,07_end_to_end_paired,2,2,8.7,13.1,30.49,1501.05,NVIDIA GeForce RTX 4060 Ti,51,48.98,27,3355.1,16380.0,
2026-09-05T14:28:26.126987+00:00,07_end_to_end_paired,2,2,8.5,13.08,30.49,1501.05,NVIDIA GeForce RTX 4060 Ti,51,49.29,32,3355.1,16380.0,
2026-09-05T14:28:36.190824+00:00,07_end_to_end_paired,2,2,8.6,13.08,30.49,1501.05,NVIDIA GeForce RTX 4060 Ti,51,48.01,20,3355.1,16380.0,
2026-09-05T14:28:46.254842+00:00,07_end_to_end_paired,2,2,8.5,13.08,30.49,1501.05,NVIDIA GeForce RTX 4060 Ti,51,49.42,42,3355.1,16380.0,
2026-09-05T14:28:56.318823+00:00,07_end_to_end_paired,2,2,8.6,13.06,30.49,1501.05,NVIDIA GeForce RTX 4060 Ti,52,49.53,37,3355.1,16380.0,
2026-09-05T14:29:06.382822+00:00,07_end_to_end_paired,2,2,8.5,13.07,30.49,1501.05,NVIDIA GeForce RTX 4060 Ti,51,48.0,24,3355.1,16380.0,
2026-09-05T14:29:16.446684+00:00,07_end_to_end_paired,2,2,8.6,13.07,30.49,1501.05,NVIDIA GeForce RTX 4060 Ti,51,49.37,20,3355.1,16380.0,
2026-09-05T14:29:26.510831+00:00,07_end_to_end_paired,2,2,8.5,13.06,30.49,1501.05,NVIDIA GeForce RTX 4060 Ti,51,50.49,20,3355.1,16380.0,
2026-09-05T14:29:36.575205+00:00,07_end_to_end_paired,2,2,8.6,13.07,30.49,1501.05,NVIDIA GeForce RTX 4060 Ti,50,37.62,0,3355.1,16380.0,
2026-09-05T14:29:46.637844+00:00,07_end_to_end_paired,2,2,8.5,13.08,30.49,1501.05,NVIDIA GeForce RTX 4060 Ti,52,49.38,37,3355.1,16380.0,
2026-09-05T14:29:56.701826+00:00,07_end_to_end_paired,2,2,8.6,13.08,30.49,1501.05,NVIDIA GeForce RTX 4060 Ti,51,49.33,22,3355.1,16380.0,
2026-09-05T14:30:06.765839+00:00,07_end_to_end_paired,2,2,8.5,13.08,30.49,1501.05,NVIDIA GeForce RTX 4060 Ti,51,47.94,20,3355.1,16380.0,
2026-09-05T14:30:16.828843+00:00,07_end_to_end_paired,2,2,8.5,13.07,30.49,1501.05,NVIDIA GeForce RTX 4060 Ti,51,49.32,20,3355.1,16380.0,
2026-09-05T14:30:26.892819+00:00,07_end_to_end_paired,2,2,8.5,13.07,30.49,1501.05,NVIDIA GeForce RTX 4060 Ti,53,49.64,20,3355.1,16380.0,
2026-09-05T14:30:36.956820+00:00,07_end_to_end_paired,2,2,8.6,13.07,30.49,1501.05,NVIDIA GeForce RTX 4060 Ti,52,47.9,7,3355.1,16380.0,
2026-09-05T14:30:47.019842+00:00,07_end_to_end_paired,2,2,8.5,13.08,30.49,1501.05,NVIDIA GeForce RTX 4060 Ti,52,49.1,34,3355.1,16380.0,
2026-09-05T14:30:57.083829+00:00,07_end_to_end_paired,2,2,8.5,13.09,30.49,1501.05,NVIDIA GeForce RTX 4060 Ti,51,49.34,20,3355.1,16380.0,
2026-09-05T14:31:07.147824+00:00,07_end_to_end_paired,2,2,8.5,13.08,30.49,1501.05,NVIDIA GeForce RTX 4060 Ti,51,48.01,20,3355.1,16380.0,
2026-09-05T14:31:17.211960+00:00,07_end_to_end_paired,2,2,8.5,13.07,30.49,1501.05,NVIDIA GeForce RTX 4060 Ti,51,47.53,9,3355.1,16380.0,
2026-09-05T14:31:27.279836+00:00,07_end_to_end_paired,2,2,8.5,13.07,30.49,1501.05,NVIDIA GeForce RTX 4060 Ti,51,49.05,32,3355.1,16380.0,
2026-09-05T14:31:37.343824+00:00,07_end_to_end_paired,2,2,8.9,13.07,30.49,1501.05,NVIDIA GeForce RTX 4060 Ti,53,49.59,38,3355.1,16380.0,
2026-09-05T14:31:47.407824+00:00,07_end_to_end_paired,2,2,8.5,13.07,30.49,1501.05,NVIDIA GeForce RTX 4060 Ti,51,49.7,8,3355.1,16380.0,
2026-09-05T14:31:57.435117+00:00,07_end_to_end_paired,2,2,8.5,13.06,30.49,1501.05,NVIDIA GeForce RTX 4060 Ti,51,48.31,27,3323.1,16380.0,
2026-09-05T14:32:07.498827+00:00,07_end_to_end_paired,2,2,8.5,13.06,30.49,1501.05,NVIDIA GeForce RTX 4060 Ti,51,49.37,20,3322.6,16380.0,
2026-09-05T14:32:17.562819+00:00,07_end_to_end_paired,2,2,8.5,13.07,30.49,1501.05,NVIDIA GeForce RTX 4060 Ti,51,49.4,20,3322.6,16380.0,
2026-09-05T14:32:27.626828+00:00,07_end_to_end_paired,2,2,8.5,13.06,30.49,1501.05,NVIDIA GeForce RTX 4060 Ti,51,47.93,20,3322.6,16380.0,
2026-09-05T14:32:37.690840+00:00,07_end_to_end_paired,2,2,8.7,13.05,30.49,1501.05,NVIDIA GeForce RTX 4060 Ti,51,47.6,18,3322.6,16380.0,
2026-09-05T14:32:47.723922+00:00,07_end_to_end_paired,2,2,8.5,13.06,30.49,1501.05,NVIDIA GeForce RTX 4060 Ti,52,49.08,7,3322.6,16380.0,
2026-09-05T14:32:57.787829+00:00,07_end_to_end_paired,2,2,8.5,13.06,30.49,1501.05,NVIDIA GeForce RTX 4060 Ti,52,48.39,43,3322.6,16380.0,
2026-09-05T14:33:07.851832+00:00,07_end_to_end_paired,2,2,8.5,13.05,30.49,1501.04,NVIDIA GeForce RTX 4060 Ti,51,48.0,23,3322.6,16380.0,
2026-09-05T14:33:17.875062+00:00,07_end_to_end_paired,2,2,8.7,13.09,30.49,1501.04,NVIDIA GeForce RTX 4060 Ti,51,47.56,20,3322.6,16380.0,
2026-09-05T14:33:27.941832+00:00,07_end_to_end_paired,2,2,8.5,13.09,30.49,1501.04,NVIDIA GeForce RTX 4060 Ti,51,49.19,20,3322.6,16380.0,
2026-09-05T14:33:38.005824+00:00,07_end_to_end_paired,2,2,8.5,13.05,30.49,1501.04,NVIDIA GeForce RTX 4060 Ti,53,48.01,14,3322.6,16380.0,
2026-09-05T14:33:48.069827+00:00,07_end_to_end_paired,2,2,8.5,13.05,30.49,1501.04,NVIDIA GeForce RTX 4060 Ti,51,49.33,41,3322.6,16380.0,
2026-09-05T14:33:58.101832+00:00,07_end_to_end_paired,2,2,8.5,13.05,30.49,1501.04,NVIDIA GeForce RTX 4060 Ti,51,49.48,23,3322.6,16380.0,
2026-09-05T14:34:08.166087+00:00,07_end_to_end_paired,2,2,8.5,13.05,30.49,1501.04,NVIDIA GeForce RTX 4060 Ti,51,48.03,20,3322.6,16380.0,
2026-09-05T14:34:18.230418+00:00,07_end_to_end_paired,2,2,8.5,13.05,30.49,1501.04,NVIDIA GeForce RTX 4060 Ti,51,48.9,20,3322.6,16380.0,
2026-09-05T14:34:28.295823+00:00,07_end_to_end_paired,2,2,8.6,13.05,30.49,1501.04,NVIDIA GeForce RTX 4060 Ti,53,49.33,9,3322.6,16380.0,
2026-09-05T14:34:38.359823+00:00,07_end_to_end_paired,2,2,8.5,13.05,30.49,1501.04,NVIDIA GeForce RTX 4060 Ti,52,47.96,45,3322.6,16380.0,
2026-09-05T14:34:48.423870+00:00,07_end_to_end_paired,2,2,8.5,13.04,30.49,1501.04,NVIDIA GeForce RTX 4060 Ti,51,47.66,22,3322.6,16380.0,
2026-09-05T14:34:58.492807+00:00,07_end_to_end_paired,2,2,8.5,13.05,30.49,1501.04,NVIDIA GeForce RTX 4060 Ti,50,40.2,0,3322.6,16380.0,
2026-09-05T14:35:08.555830+00:00,07_end_to_end_paired,2,2,8.5,13.06,30.49,1501.04,NVIDIA GeForce RTX 4060 Ti,51,49.41,20,3322.6,16380.0,
2026-09-05T14:35:18.619820+00:00,07_end_to_end_paired,2,2,8.5,13.05,30.49,1501.04,NVIDIA GeForce RTX 4060 Ti,51,47.97,20,3322.6,16380.0,
2026-09-05T14:35:28.683831+00:00,07_end_to_end_paired,2,2,8.6,13.04,30.49,1501.04,NVIDIA GeForce RTX 4060 Ti,51,47.76,20,3322.6,16380.0,
2026-09-05T14:35:38.747826+00:00,07_end_to_end_paired,2,2,8.5,13.05,30.49,1501.04,NVIDIA GeForce RTX 4060 Ti,52,49.55,6,3322.6,16380.0,
2026-09-05T14:35:48.811827+00:00,07_end_to_end_paired,2,2,8.5,13.06,30.49,1501.04,NVIDIA GeForce RTX 4060 Ti,51,48.08,21,3322.6,16380.0,
2026-09-05T14:35:58.875838+00:00,07_end_to_end_paired,2,2,8.5,13.06,30.49,1501.04,NVIDIA GeForce RTX 4060 Ti,51,47.78,20,3322.6,16380.0,
2026-09-05T14:36:08.939828+00:00,07_end_to_end_paired,2,2,8.5,13.04,30.49,1501.05,NVIDIA GeForce RTX 4060 Ti,51,49.38,20,3322.6,16380.0,
2026-09-05T14:36:19.003836+00:00,07_end_to_end_paired,2,2,8.5,13.05,30.49,1501.05,NVIDIA GeForce RTX 4060 Ti,51,47.94,15,3322.6,16380.0,
2026-09-05T14:36:29.067826+00:00,07_end_to_end_paired,2,2,8.6,13.05,30.49,1501.05,NVIDIA GeForce RTX 4060 Ti,51,49.45,20,3322.6,16380.0,
2026-09-05T14:36:39.131835+00:00,07_end_to_end_paired,2,2,8.5,13.06,30.49,1501.05,NVIDIA GeForce RTX 4060 Ti,51,47.97,20,3322.6,16380.0,
2026-09-05T14:36:49.195828+00:00,07_end_to_end_paired,2,2,8.5,13.05,30.49,1501.05,NVIDIA GeForce RTX 4060 Ti,51,48.02,20,3322.6,16380.0,
2026-09-05T14:36:59.259851+00:00,07_end_to_end_paired,2,2,8.5,13.05,30.49,1501.05,NVIDIA GeForce RTX 4060 Ti,51,48.02,20,3322.6,16380.0,
2026-09-05T14:37:09.294573+00:00,07_end_to_end_paired,2,2,8.5,13.05,30.49,1501.05,NVIDIA GeForce RTX 4060 Ti,51,49.04,17,3322.6,16380.0,
2026-09-05T14:37:19.344494+00:00,07_end_to_end_paired,2,2,8.5,13.05,30.49,1501.05,NVIDIA GeForce RTX 4060 Ti,52,49.43,16,3322.6,16380.0,
2026-09-05T14:37:29.407826+00:00,07_end_to_end_paired,3,3,7.2,13.04,30.49,1501.05,NVIDIA GeForce RTX 4060 Ti,51,48.74,20,3322.6,16380.0,
2026-09-05T14:37:39.441815+00:00,07_end_to_end_paired,3,3,8.5,13.04,30.49,1501.05,NVIDIA GeForce RTX 4060 Ti,51,49.47,17,3322.6,16380.0,
2026-09-05T14:37:49.506067+00:00,07_end_to_end_paired,3,3,8.5,13.04,30.49,1501.05,NVIDIA GeForce RTX 4060 Ti,51,47.86,45,3322.6,16380.0,
2026-09-05T14:37:59.566020+00:00,07_end_to_end_paired,3,3,8.5,13.03,30.49,1501.05,NVIDIA GeForce RTX 4060 Ti,51,49.09,40,3322.6,16380.0,
2026-09-05T14:38:09.630342+00:00,07_end_to_end_paired,3,3,8.5,13.04,30.49,1501.05,NVIDIA GeForce RTX 4060 Ti,51,49.37,22,3322.6,16380.0,
2026-09-05T14:38:19.694450+00:00,07_end_to_end_paired,3,3,8.7,13.07,30.49,1501.05,NVIDIA GeForce RTX 4060 Ti,51,48.21,20,3322.6,16380.0,
2026-09-05T14:38:29.757848+00:00,07_end_to_end_paired,3,3,8.6,13.04,30.49,1501.05,NVIDIA GeForce RTX 4060 Ti,51,47.59,20,3322.6,16380.0,
2026-09-05T14:38:39.820830+00:00,07_end_to_end_paired,3,3,8.5,13.04,30.49,1501.05,NVIDIA GeForce RTX 4060 Ti,51,48.6,20,3322.6,16380.0,
2026-09-05T14:38:49.884826+00:00,07_end_to_end_paired,3,3,8.5,13.03,30.49,1501.05,NVIDIA GeForce RTX 4060 Ti,53,49.73,19,3322.6,16380.0,
2026-09-05T14:38:59.948825+00:00,07_end_to_end_paired,3,3,8.5,13.05,30.49,1501.05,NVIDIA GeForce RTX 4060 Ti,52,47.95,7,3322.6,16380.0,
2026-09-05T14:39:10.012848+00:00,07_end_to_end_paired,3,3,8.5,13.04,30.49,1501.05,NVIDIA GeForce RTX 4060 Ti,51,47.69,40,3322.6,16380.0,
2026-09-05T14:39:20.077833+00:00,07_end_to_end_paired,3,3,8.5,13.04,30.49,1501.05,NVIDIA GeForce RTX 4060 Ti,51,49.38,24,3322.6,16380.0,
2026-09-05T14:39:30.141830+00:00,07_end_to_end_paired,3,3,8.6,13.05,30.49,1501.05,NVIDIA GeForce RTX 4060 Ti,51,47.97,20,3322.6,16380.0,
2026-09-05T14:39:40.205841+00:00,07_end_to_end_paired,3,3,8.6,13.05,30.49,1501.05,NVIDIA GeForce RTX 4060 Ti,51,48.03,20,3322.6,16380.0,
2026-09-05T14:39:50.268825+00:00,07_end_to_end_paired,3,3,8.5,13.05,30.49,1501.05,NVIDIA GeForce RTX 4060 Ti,52,49.23,10,3322.6,16380.0,
2026-09-05T14:40:00.332833+00:00,07_end_to_end_paired,3,3,8.5,13.05,30.49,1501.05,NVIDIA GeForce RTX 4060 Ti,51,49.58,12,3322.6,16380.0,
2026-09-05T14:40:10.366829+00:00,07_end_to_end_paired,3,3,8.5,13.05,30.49,1501.05,NVIDIA GeForce RTX 4060 Ti,52,49.29,15,3322.6,16380.0,
2026-09-05T14:40:20.430840+00:00,07_end_to_end_paired,3,3,8.5,13.04,30.49,1501.05,NVIDIA GeForce RTX 4060 Ti,51,47.73,31,3322.6,16380.0,
2026-09-05T14:40:30.493830+00:00,07_end_to_end_paired,3,3,8.6,13.05,30.49,1501.05,NVIDIA GeForce RTX 4060 Ti,51,49.07,21,3322.6,16380.0,
2026-09-05T14:40:40.549239+00:00,07_end_to_end_paired,3,3,8.5,13.07,30.49,1501.05,NVIDIA GeForce RTX 4060 Ti,51,49.45,20,3322.6,16380.0,
2026-09-05T14:40:50.581170+00:00,07_end_to_end_paired,3,3,8.5,13.06,30.49,1501.05,NVIDIA GeForce RTX 4060 Ti,51,48.05,10,3322.6,16380.0,
2026-09-05T14:41:00.645832+00:00,07_end_to_end_paired,3,3,8.5,13.11,30.49,1501.05,NVIDIA GeForce RTX 4060 Ti,51,47.56,34,3322.6,16380.0,
2026-09-05T14:41:10.709825+00:00,07_end_to_end_paired,3,3,8.5,13.1,30.49,1501.05,NVIDIA GeForce RTX 4060 Ti,52,49.53,38,3322.6,16380.0,
2026-09-05T14:41:20.773826+00:00,07_end_to_end_paired,3,3,8.5,13.07,30.49,1501.05,NVIDIA GeForce RTX 4060 Ti,51,48.23,21,3322.6,16380.0,
2026-09-05T14:41:30.832347+00:00,07_end_to_end_paired,3,3,8.6,13.07,30.49,1501.05,NVIDIA GeForce RTX 4060 Ti,51,47.97,20,3322.6,16380.0,
2026-09-05T14:41:40.895824+00:00,07_end_to_end_paired,3,3,8.5,13.06,30.49,1501.05,NVIDIA GeForce RTX 4060 Ti,51,49.24,20,3322.6,16380.0,
2026-09-05T14:41:50.960310+00:00,07_end_to_end_paired,3,3,8.6,13.08,30.49,1501.05,NVIDIA GeForce RTX 4060 Ti,51,49.5,20,3322.6,16380.0,
2026-09-05T14:42:01.024800+00:00,07_end_to_end_paired,3,3,8.5,13.09,30.49,1501.05,NVIDIA GeForce RTX 4060 Ti,51,47.92,9,3322.6,16380.0,
2026-09-05T14:42:11.088853+00:00,07_end_to_end_paired,3,3,8.5,13.08,30.49,1501.05,NVIDIA GeForce RTX 4060 Ti,51,49.07,31,3322.6,16380.0,
2026-09-05T14:42:21.153354+00:00,07_end_to_end_paired,3,3,8.5,13.07,30.49,1501.05,NVIDIA GeForce RTX 4060 Ti,51,49.55,21,3322.6,16380.0,
2026-09-05T14:42:31.217364+00:00,07_end_to_end_paired,3,3,8.6,13.06,30.49,1501.05,NVIDIA GeForce RTX 4060 Ti,51,48.8,20,3322.6,16380.0,
2026-09-05T14:42:41.274703+00:00,07_end_to_end_paired,3,3,8.5,13.08,30.49,1501.05,NVIDIA GeForce RTX 4060 Ti,51,47.85,20,3322.6,16380.0,
2026-09-05T14:42:51.321132+00:00,07_end_to_end_paired,3,3,8.5,13.06,30.49,1501.05,NVIDIA GeForce RTX 4060 Ti,51,47.69,20,3322.6,16380.0,
2026-09-05T14:43:01.387131+00:00,07_end_to_end_paired,3,3,8.5,13.06,30.49,1501.05,NVIDIA GeForce RTX 4060 Ti,51,49.52,15,3322.6,16380.0,
2026-09-05T14:43:11.450834+00:00,07_end_to_end_paired,3,3,8.5,13.06,30.49,1501.05,NVIDIA GeForce RTX 4060 Ti,52,48.14,29,3322.6,16380.0,
2026-09-05T14:43:21.514851+00:00,07_end_to_end_paired,3,3,8.6,13.1,30.49,1501.05,NVIDIA GeForce RTX 4060 Ti,51,47.8,42,3322.6,16380.0,
2026-09-05T14:43:31.545756+00:00,07_end_to_end_paired,3,3,8.6,13.09,30.49,1501.05,NVIDIA GeForce RTX 4060 Ti,51,47.44,23,3322.6,16380.0,
2026-09-05T14:43:41.609828+00:00,07_end_to_end_paired,3,3,8.5,13.09,30.49,1501.05,NVIDIA GeForce RTX 4060 Ti,51,49.63,20,3322.6,16380.0,
2026-09-05T14:43:51.673830+00:00,07_end_to_end_paired,3,3,8.5,13.09,30.49,1501.05,NVIDIA GeForce RTX 4060 Ti,51,47.81,20,3322.6,16380.0,
2026-09-05T14:44:01.737831+00:00,07_end_to_end_paired,3,3,8.5,13.07,30.49,1501.05,NVIDIA GeForce RTX 4060 Ti,50,44.58,18,3322.6,16380.0,
2026-09-05T14:44:11.762841+00:00,07_end_to_end_paired,3,3,8.5,13.08,30.49,1501.05,NVIDIA GeForce RTX 4060 Ti,53,49.25,19,3322.6,16380.0,
2026-09-05T14:44:21.826826+00:00,07_end_to_end_paired,3,3,8.5,13.08,30.49,1501.05,NVIDIA GeForce RTX 4060 Ti,52,49.39,12,3322.6,16380.0,
2026-09-05T14:44:31.890821+00:00,07_end_to_end_paired,3,3,8.6,13.09,30.49,1501.05,NVIDIA GeForce RTX 4060 Ti,51,47.86,43,3322.6,16380.0,
2026-09-05T14:44:41.953835+00:00,07_end_to_end_paired,3,3,8.5,13.09,30.49,1501.05,NVIDIA GeForce RTX 4060 Ti,51,49.04,23,3322.6,16380.0,
2026-09-05T14:44:52.017829+00:00,07_end_to_end_paired,3,3,8.5,13.09,30.49,1501.05,NVIDIA GeForce RTX 4060 Ti,51,50.16,21,3322.6,16380.0,
2026-09-05T14:45:02.082824+00:00,07_end_to_end_paired,3,3,8.5,13.09,30.49,1501.05,NVIDIA GeForce RTX 4060 Ti,51,47.95,20,3322.6,16380.0,
2026-09-05T14:45:12.147179+00:00,07_end_to_end_paired,3,3,8.5,13.07,30.49,1501.05,NVIDIA GeForce RTX 4060 Ti,51,48.86,20,3322.6,16380.0,
2026-09-05T14:45:22.211858+00:00,07_end_to_end_paired,4,4,8.3,13.04,30.49,1501.05,NVIDIA GeForce RTX 4060 Ti,50,42.06,32,3322.6,16380.0,
2026-09-05T14:45:32.274836+00:00,07_end_to_end_paired,4,4,7.5,13.06,30.49,1501.05,NVIDIA GeForce RTX 4060 Ti,51,47.82,20,3322.6,16380.0,
2026-09-05T14:45:42.305368+00:00,07_end_to_end_paired,4,4,8.8,13.07,30.49,1501.05,NVIDIA GeForce RTX 4060 Ti,51,47.75,19,3322.6,16380.0,
2026-09-05T14:45:52.343843+00:00,07_end_to_end_paired,4,4,8.5,13.06,30.49,1501.05,NVIDIA GeForce RTX 4060 Ti,51,49.42,7,3322.6,16380.0,
2026-09-05T14:46:02.393728+00:00,07_end_to_end_paired,4,4,8.5,13.06,30.49,1501.05,NVIDIA GeForce RTX 4060 Ti,50,49.54,37,3322.6,16380.0,
2026-09-05T14:46:12.458123+00:00,07_end_to_end_paired,4,4,8.5,13.06,30.49,1501.05,NVIDIA GeForce RTX 4060 Ti,51,48.75,15,3322.6,16380.0,
2026-09-05T14:46:22.522588+00:00,07_end_to_end_paired,4,4,8.5,13.06,30.49,1501.05,NVIDIA GeForce RTX 4060 Ti,50,47.88,36,3322.6,16380.0,
2026-09-05T14:46:32.586869+00:00,07_end_to_end_paired,4,4,8.5,13.06,30.49,1501.05,NVIDIA GeForce RTX 4060 Ti,50,47.78,38,3322.6,16380.0,
2026-09-05T14:46:42.656827+00:00,07_end_to_end_paired,4,4,8.5,13.06,30.49,1501.05,NVIDIA GeForce RTX 4060 Ti,52,49.07,28,3322.6,16380.0,
2026-09-05T14:46:52.700382+00:00,07_end_to_end_paired,4,4,8.5,13.07,30.49,1501.05,NVIDIA GeForce RTX 4060 Ti,51,48.32,21,3322.6,16380.0,
2026-09-05T14:47:02.714838+00:00,07_end_to_end_paired,4,4,8.6,13.07,30.49,1501.05,NVIDIA GeForce RTX 4060 Ti,51,47.88,20,3322.6,16380.0,
2026-09-05T14:47:12.778913+00:00,07_end_to_end_paired,4,4,8.5,13.08,30.49,1501.05,NVIDIA GeForce RTX 4060 Ti,51,47.64,20,3322.6,16380.0,
2026-09-05T14:47:22.832658+00:00,07_end_to_end_paired,4,4,8.5,13.09,30.49,1501.05,NVIDIA GeForce RTX 4060 Ti,51,47.75,20,3322.6,16380.0,
2026-09-05T14:47:32.874381+00:00,07_end_to_end_paired,4,4,8.5,13.07,30.49,1501.05,NVIDIA GeForce RTX 4060 Ti,51,47.66,20,3322.6,16380.0,
2026-09-05T14:47:42.917440+00:00,07_end_to_end_paired,4,4,8.5,13.08,30.49,1501.05,NVIDIA GeForce RTX 4060 Ti,51,48.85,20,3322.6,16380.0,
2026-09-05T14:47:52.981842+00:00,07_end_to_end_paired,4,4,8.5,13.08,30.49,1501.05,NVIDIA GeForce RTX 4060 Ti,51,49.33,20,3322.6,16380.0,
2026-09-05T14:48:03.045821+00:00,07_end_to_end_paired,4,4,8.5,13.08,30.49,1501.05,NVIDIA GeForce RTX 4060 Ti,51,49.53,20,3322.6,16380.0,
2026-09-05T14:48:13.109823+00:00,07_end_to_end_paired,4,4,8.5,13.08,30.49,1501.05,NVIDIA GeForce RTX 4060 Ti,51,47.78,20,3322.6,16380.0,
2026-09-05T14:48:23.173822+00:00,07_end_to_end_paired,4,4,8.6,13.1,30.49,1501.05,NVIDIA GeForce RTX 4060 Ti,51,47.85,20,3322.6,16380.0,
2026-09-05T14:48:33.237824+00:00,07_end_to_end_paired,4,4,8.5,13.07,30.49,1501.05,NVIDIA GeForce RTX 4060 Ti,51,47.96,20,3322.6,16380.0,
2026-09-05T14:48:43.301827+00:00,07_end_to_end_paired,4,4,8.5,13.08,30.49,1501.05,NVIDIA GeForce RTX 4060 Ti,53,49.2,6,3322.6,16380.0,
2026-09-05T14:48:53.365825+00:00,07_end_to_end_paired,4,4,8.5,13.09,30.49,1501.05,NVIDIA GeForce RTX 4060 Ti,53,49.64,7,3322.6,16380.0,
2026-09-05T14:49:03.429838+00:00,07_end_to_end_paired,4,4,8.5,13.09,30.49,1501.05,NVIDIA GeForce RTX 4060 Ti,52,48.15,27,3322.6,16380.0,
2026-09-05T14:49:13.493820+00:00,07_end_to_end_paired,4,4,8.5,13.09,30.49,1501.05,NVIDIA GeForce RTX 4060 Ti,52,47.8,32,3322.6,16380.0,
2026-09-05T14:49:23.546768+00:00,07_end_to_end_paired,4,4,8.5,13.08,30.49,1501.05,NVIDIA GeForce RTX 4060 Ti,52,47.47,35,3322.6,16380.0,
2026-09-05T14:49:33.615822+00:00,07_end_to_end_paired,4,4,8.5,13.08,30.49,1501.05,NVIDIA GeForce RTX 4060 Ti,51,47.84,38,3322.6,16380.0,
2026-09-05T14:49:43.680680+00:00,07_end_to_end_paired,4,4,8.5,13.09,30.49,1501.05,NVIDIA GeForce RTX 4060 Ti,51,49.26,39,3322.6,16380.0,
2026-09-05T14:49:53.723843+00:00,07_end_to_end_paired,4,4,8.5,13.09,30.49,1501.05,NVIDIA GeForce RTX 4060 Ti,51,49.26,41,3322.6,16380.0,
2026-09-05T14:50:03.787820+00:00,07_end_to_end_paired,4,4,8.5,13.09,30.49,1501.05,NVIDIA GeForce RTX 4060 Ti,51,48.07,43,3322.6,16380.0,
2026-09-05T14:50:13.851828+00:00,07_end_to_end_paired,4,4,8.5,13.09,30.49,1501.05,NVIDIA GeForce RTX 4060 Ti,51,47.71,20,3322.6,16380.0,
2026-09-05T14:50:23.914830+00:00,07_end_to_end_paired,4,4,8.6,13.1,30.49,1501.05,NVIDIA GeForce RTX 4060 Ti,51,47.37,20,3322.6,16380.0,
2026-09-05T14:50:33.978830+00:00,07_end_to_end_paired,4,4,8.5,13.1,30.49,1501.05,NVIDIA GeForce RTX 4060 Ti,51,49.04,20,3322.6,16380.0,
2026-09-05T14:50:44.042827+00:00,07_end_to_end_paired,4,4,8.5,13.1,30.49,1501.05,NVIDIA GeForce RTX 4060 Ti,51,49.57,20,3322.6,16380.0,
2026-09-05T14:50:54.106827+00:00,07_end_to_end_paired,4,4,8.5,13.09,30.49,1501.05,NVIDIA GeForce RTX 4060 Ti,51,49.42,20,3322.6,16380.0,
2026-09-05T14:51:04.170822+00:00,07_end_to_end_paired,4,4,8.5,13.08,30.49,1501.05,NVIDIA GeForce RTX 4060 Ti,51,48.35,20,3322.6,16380.0,
2026-09-05T14:51:14.234823+00:00,07_end_to_end_paired,4,4,8.5,13.08,30.49,1501.05,NVIDIA GeForce RTX 4060 Ti,51,47.81,20,3322.6,16380.0,
2026-09-05T14:51:24.298850+00:00,07_end_to_end_paired,4,4,8.6,13.08,30.49,1501.05,NVIDIA GeForce RTX 4060 Ti,51,47.37,20,3322.6,16380.0,
2026-09-05T14:51:34.366849+00:00,07_end_to_end_paired,4,4,8.5,13.08,30.49,1501.05,NVIDIA GeForce RTX 4060 Ti,51,47.91,20,3322.6,16380.0,
2026-09-05T14:51:44.429838+00:00,07_end_to_end_paired,4,4,8.5,13.1,30.49,1501.05,NVIDIA GeForce RTX 4060 Ti,51,49.07,20,3322.6,16380.0,
2026-09-05T14:51:54.493819+00:00,07_end_to_end_paired,4,4,8.5,13.09,30.49,1501.05,NVIDIA GeForce RTX 4060 Ti,50,48.32,19,3322.6,16380.0,
2026-09-05T14:52:04.557840+00:00,07_end_to_end_paired,4,4,8.5,13.08,30.49,1501.05,NVIDIA GeForce RTX 4060 Ti,52,47.86,11,3322.6,16380.0,
2026-09-05T14:52:14.621825+00:00,07_end_to_end_paired,4,4,8.5,13.09,30.49,1501.05,NVIDIA GeForce RTX 4060 Ti,52,47.47,31,3322.6,16380.0,
2026-09-05T14:52:24.687827+00:00,07_end_to_end_paired,4,4,8.6,13.1,30.49,1501.05,NVIDIA GeForce RTX 4060 Ti,51,49.35,37,3355.1,16380.0,
2026-09-05T14:52:34.723874+00:00,07_end_to_end_paired,4,4,17.3,13.04,30.49,1501.05,NVIDIA GeForce RTX 4060 Ti,51,47.57,19,3355.1,16380.0,
2026-09-05T14:52:44.788371+00:00,07_end_to_end_paired,4,4,14.8,13.01,30.49,1501.05,NVIDIA GeForce RTX 4060 Ti,51,49.39,21,3355.1,16380.0,
2026-09-05T14:52:54.820529+00:00,07_end_to_end_paired,4,4,12.4,13.11,30.49,1501.05,NVIDIA GeForce RTX 4060 Ti,52,49.14,19,3355.1,16380.0,
2026-09-05T14:53:04.866396+00:00,07_end_to_end_paired,4,4,8.5,13.12,30.49,1501.05,NVIDIA GeForce RTX 4060 Ti,50,48.92,20,3355.1,16380.0,
2026-09-05T14:53:14.891549+00:00,07_end_to_end_paired,4,4,8.5,13.12,30.49,1501.05,NVIDIA GeForce RTX 4060 Ti,52,48.98,14,3355.1,16380.0,
2026-09-05T14:53:24.944165+00:00,07_end_to_end_paired,4,4,8.7,13.17,30.49,1501.05,NVIDIA GeForce RTX 4060 Ti,50,49.27,20,3355.1,16380.0,
2026-09-05T14:53:35.006301+00:00,07_end_to_end_paired,4,4,8.6,13.14,30.49,1501.05,NVIDIA GeForce RTX 4060 Ti,52,47.7,15,3355.1,16380.0,
2026-09-05T14:53:45.025130+00:00,07_end_to_end_paired,4,4,8.5,13.14,30.49,1501.05,NVIDIA GeForce RTX 4060 Ti,52,47.89,11,3355.1,16380.0,
2026-09-05T14:53:55.088929+00:00,07_end_to_end_paired,4,4,8.5,13.14,30.49,1501.05,NVIDIA GeForce RTX 4060 Ti,52,47.59,12,3355.1,16380.0,
2026-09-05T14:54:05.159109+00:00,07_end_to_end_paired,4,4,8.5,13.12,30.49,1501.04,NVIDIA GeForce RTX 4060 Ti,51,49.41,10,3355.1,16380.0,
2026-09-05T14:54:15.222825+00:00,07_end_to_end_paired,5,5,7.1,13.13,30.49,1501.04,NVIDIA GeForce RTX 4060 Ti,51,48.79,8,3355.1,16380.0,
2026-09-05T14:54:25.286827+00:00,07_end_to_end_paired,5,5,8.5,13.14,30.49,1501.04,NVIDIA GeForce RTX 4060 Ti,50,49.12,13,3355.1,16380.0,
2026-09-05T14:54:35.318048+00:00,07_end_to_end_paired,5,5,8.6,13.13,30.49,1501.04,NVIDIA GeForce RTX 4060 Ti,51,49.36,38,3355.1,16380.0,
2026-09-05T14:54:45.358670+00:00,07_end_to_end_paired,5,5,8.5,13.13,30.49,1501.04,NVIDIA GeForce RTX 4060 Ti,51,47.85,21,3355.1,16380.0,
2026-09-05T14:54:55.421827+00:00,07_end_to_end_paired,5,5,8.5,13.12,30.49,1501.04,NVIDIA GeForce RTX 4060 Ti,51,48.53,20,3355.1,16380.0,
2026-09-05T14:55:05.485823+00:00,07_end_to_end_paired,5,5,8.5,13.11,30.49,1501.04,NVIDIA GeForce RTX 4060 Ti,51,49.36,20,3355.1,16380.0,
2026-09-05T14:55:15.550218+00:00,07_end_to_end_paired,5,5,8.5,13.12,30.49,1501.04,NVIDIA GeForce RTX 4060 Ti,51,47.88,7,3355.1,16380.0,
2026-09-05T14:55:25.568825+00:00,07_end_to_end_paired,5,5,8.5,13.11,30.49,1501.04,NVIDIA GeForce RTX 4060 Ti,50,47.86,31,3355.1,16380.0,
2026-09-05T14:55:35.624075+00:00,07_end_to_end_paired,5,5,8.6,13.12,30.49,1501.04,NVIDIA GeForce RTX 4060 Ti,53,48.81,43,3355.1,16380.0,
2026-09-05T14:55:45.688876+00:00,07_end_to_end_paired,5,5,8.5,13.12,30.49,1501.04,NVIDIA GeForce RTX 4060 Ti,52,49.09,27,3355.1,16380.0,
2026-09-05T14:55:55.713830+00:00,07_end_to_end_paired,5,5,8.5,13.11,30.49,1501.04,NVIDIA GeForce RTX 4060 Ti,51,48.24,20,3355.1,16380.0,
2026-09-05T14:56:05.769291+00:00,07_end_to_end_paired,5,5,8.5,13.12,30.49,1501.04,NVIDIA GeForce RTX 4060 Ti,51,48.04,20,3355.1,16380.0,
2026-09-05T14:56:15.786921+00:00,07_end_to_end_paired,5,5,8.5,13.12,30.49,1501.04,NVIDIA GeForce RTX 4060 Ti,51,47.77,20,3355.1,16380.0,
2026-09-05T14:56:25.829236+00:00,07_end_to_end_paired,5,5,8.5,13.1,30.49,1501.04,NVIDIA GeForce RTX 4060 Ti,51,47.5,20,3355.1,16380.0,
2026-09-05T14:56:35.893831+00:00,07_end_to_end_paired,5,5,8.5,13.1,30.49,1501.04,NVIDIA GeForce RTX 4060 Ti,50,49.05,20,3355.1,16380.0,
2026-09-05T14:56:45.955382+00:00,07_end_to_end_paired,5,5,8.5,13.1,30.49,1501.04,NVIDIA GeForce RTX 4060 Ti,52,49.5,15,3355.1,16380.0,
2026-09-05T14:56:55.992273+00:00,07_end_to_end_paired,5,5,8.5,13.1,30.49,1501.04,NVIDIA GeForce RTX 4060 Ti,52,47.91,8,3355.1,16380.0,
2026-09-05T14:57:06.009265+00:00,07_end_to_end_paired,5,5,8.5,13.1,30.49,1501.04,NVIDIA GeForce RTX 4060 Ti,51,49.56,20,3355.1,16380.0,
2026-09-05T14:57:16.055053+00:00,07_end_to_end_paired,5,5,8.5,13.09,30.49,1501.04,NVIDIA GeForce RTX 4060 Ti,51,49.38,20,3355.1,16380.0,
2026-09-05T14:57:26.106463+00:00,07_end_to_end_paired,5,5,8.5,13.11,30.49,1501.04,NVIDIA GeForce RTX 4060 Ti,50,37.5,0,3355.1,16380.0,
2026-09-05T14:57:36.150859+00:00,07_end_to_end_paired,5,5,8.6,13.12,30.49,1501.04,NVIDIA GeForce RTX 4060 Ti,51,49.03,35,3355.1,16380.0,
2026-09-05T14:57:46.198791+00:00,07_end_to_end_paired,5,5,8.5,13.12,30.49,1501.04,NVIDIA GeForce RTX 4060 Ti,51,49.77,44,3355.1,16380.0,
2026-09-05T14:57:56.251511+00:00,07_end_to_end_paired,5,5,8.5,13.12,30.49,1501.04,NVIDIA GeForce RTX 4060 Ti,51,48.19,20,3355.1,16380.0,
2026-09-05T14:58:06.276715+00:00,07_end_to_end_paired,5,5,8.5,13.13,30.49,1501.04,NVIDIA GeForce RTX 4060 Ti,51,47.62,20,3355.1,16380.0,
2026-09-05T14:58:16.318891+00:00,07_end_to_end_paired,5,5,8.5,13.14,30.49,1501.04,NVIDIA GeForce RTX 4060 Ti,50,49.07,15,3355.1,16380.0,
2026-09-05T14:58:26.362024+00:00,07_end_to_end_paired,5,5,8.8,13.16,30.49,1501.04,NVIDIA GeForce RTX 4060 Ti,53,49.26,9,3355.1,16380.0,
2026-09-05T14:58:36.409934+00:00,07_end_to_end_paired,5,5,8.5,13.12,30.49,1501.04,NVIDIA GeForce RTX 4060 Ti,52,48.17,25,3355.1,16380.0,
2026-09-05T14:58:46.444723+00:00,07_end_to_end_paired,5,5,8.5,13.12,30.49,1501.04,NVIDIA GeForce RTX 4060 Ti,51,48.02,37,3355.1,16380.0,
2026-09-05T14:58:56.499069+00:00,07_end_to_end_paired,5,5,8.5,13.13,30.49,1501.04,NVIDIA GeForce RTX 4060 Ti,52,47.93,34,3355.1,16380.0,
2026-09-05T14:59:06.550837+00:00,07_end_to_end_paired,5,5,8.5,13.13,30.49,1501.04,NVIDIA GeForce RTX 4060 Ti,51,48.88,44,3355.1,16380.0,
2026-09-05T14:59:16.613874+00:00,07_end_to_end_paired,5,5,8.8,13.12,30.49,1501.04,NVIDIA GeForce RTX 4060 Ti,51,49.3,22,3355.1,16380.0,
2026-09-05T14:59:26.660694+00:00,07_end_to_end_paired,5,5,8.6,13.12,30.49,1501.04,NVIDIA GeForce RTX 4060 Ti,51,47.92,20,3355.1,16380.0,
2026-09-05T14:59:36.703835+00:00,07_end_to_end_paired,5,5,8.5,13.12,30.49,1501.04,NVIDIA GeForce RTX 4060 Ti,52,49.08,18,3355.1,16380.0,
2026-09-05T14:59:46.766683+00:00,07_end_to_end_paired,5,5,8.5,13.13,30.49,1501.04,NVIDIA GeForce RTX 4060 Ti,51,48.04,45,3355.1,16380.0,
2026-09-05T14:59:56.807313+00:00,07_end_to_end_paired,5,5,8.5,13.13,30.49,1501.04,NVIDIA GeForce RTX 4060 Ti,51,47.84,20,3355.1,16380.0,
2026-09-05T15:00:06.870832+00:00,07_end_to_end_paired,5,5,8.5,13.12,30.49,1501.04,NVIDIA GeForce RTX 4060 Ti,51,48.63,20,3355.1,16380.0,
2026-09-05T15:00:16.898383+00:00,07_end_to_end_paired,5,5,8.5,13.11,30.49,1501.04,NVIDIA GeForce RTX 4060 Ti,51,49.34,17,3355.1,16380.0,
2026-09-05T15:00:26.961820+00:00,07_end_to_end_paired,5,5,8.5,13.11,30.49,1501.04,NVIDIA GeForce RTX 4060 Ti,51,48.0,37,3355.1,16380.0,
2026-09-05T15:00:37.024836+00:00,07_end_to_end_paired,5,5,8.6,13.11,30.49,1501.04,NVIDIA GeForce RTX 4060 Ti,51,49.08,21,3355.1,16380.0,
2026-09-05T15:00:47.088837+00:00,07_end_to_end_paired,5,5,8.5,13.09,30.49,1501.04,NVIDIA GeForce RTX 4060 Ti,51,49.29,20,3355.1,16380.0,
2026-09-05T15:00:57.152822+00:00,07_end_to_end_paired,5,5,8.6,13.09,30.49,1501.04,NVIDIA GeForce RTX 4060 Ti,51,48.08,19,3355.1,16380.0,
2026-09-05T15:01:07.216829+00:00,07_end_to_end_paired,5,5,8.5,13.09,30.49,1501.04,NVIDIA GeForce RTX 4060 Ti,51,47.78,20,3355.1,16380.0,
2026-09-05T15:01:17.272424+00:00,07_end_to_end_paired,5,5,8.5,13.11,30.49,1501.04,NVIDIA GeForce RTX 4060 Ti,51,47.45,6,3355.1,16380.0,
2026-09-05T15:01:27.319263+00:00,07_end_to_end_paired,5,5,8.5,13.1,30.49,1501.04,NVIDIA GeForce RTX 4060 Ti,52,49.44,32,3355.1,16380.0,
2026-09-05T15:01:37.366087+00:00,07_end_to_end_paired,5,5,8.6,13.09,30.49,1501.04,NVIDIA GeForce RTX 4060 Ti,51,49.23,37,3355.1,16380.0,
2026-09-05T15:01:47.396621+00:00,07_end_to_end_paired,5,5,8.5,13.09,30.49,1501.04,NVIDIA GeForce RTX 4060 Ti,51,47.97,20,3355.1,16380.0,
2026-09-05T15:01:57.450867+00:00,07_end_to_end_paired,5,5,8.6,13.11,30.49,1501.04,NVIDIA GeForce RTX 4060 Ti,51,48.55,20,3323.1,16380.0,
2026-09-05T15:02:07.493516+00:00,07_end_to_end_paired,5,5,8.5,13.11,30.49,1501.04,NVIDIA GeForce RTX 4060 Ti,52,47.83,9,3323.1,16380.0,
2026-09-05T15:02:17.558057+00:00,07_end_to_end_paired,5,5,8.5,13.11,30.49,1501.04,NVIDIA GeForce RTX 4060 Ti,52,47.95,29,3323.1,16380.0,
2026-09-05T15:02:27.621157+00:00,07_end_to_end_paired,5,5,8.5,13.1,30.49,1501.04,NVIDIA GeForce RTX 4060 Ti,51,49.12,42,3323.1,16380.0,
2026-09-05T15:02:37.669194+00:00,07_end_to_end_paired,5,5,8.5,13.1,30.49,1501.04,NVIDIA GeForce RTX 4060 Ti,51,49.33,23,3323.1,16380.0,
2026-09-05T15:02:47.722751+00:00,07_end_to_end_paired,5,5,8.5,13.11,30.49,1501.04,NVIDIA GeForce RTX 4060 Ti,51,48.17,20,3323.1,16380.0,
2026-09-05T15:02:57.777852+00:00,07_end_to_end_paired,5,5,8.5,13.1,30.49,1501.04,NVIDIA GeForce RTX 4060 Ti,51,47.86,20,3323.1,16380.0,
2026-09-05T15:03:07.818661+00:00,07_end_to_end_paired,5,5,8.6,13.1,30.49,1501.04,NVIDIA GeForce RTX 4060 Ti,51,47.91,22,3322.6,16380.0,
2026-09-05T15:03:17.834877+00:00,07_end_to_end_paired,5,5,8.5,13.1,30.49,1501.04,NVIDIA GeForce RTX 4060 Ti,51,47.99,43,3322.6,16380.0,
2026-09-05T15:03:27.898824+00:00,07_end_to_end_paired,5,5,8.7,13.14,30.49,1501.04,NVIDIA GeForce RTX 4060 Ti,50,49.16,20,3322.6,16380.0,
2026-09-05T15:03:37.957517+00:00,07_end_to_end_paired,5,5,8.5,13.13,30.49,1501.04,NVIDIA GeForce RTX 4060 Ti,50,49.45,20,3322.6,16380.0,
2026-09-05T15:03:47.975997+00:00,07_end_to_end_paired,5,5,8.5,13.13,30.49,1501.04,NVIDIA GeForce RTX 4060 Ti,50,48.08,20,3322.6,16380.0,
2026-09-05T15:03:58.014336+00:00,07_end_to_end_paired,5,5,8.5,13.12,30.49,1501.04,NVIDIA GeForce RTX 4060 Ti,50,48.27,20,3322.6,16380.0,
2026-09-05T15:04:08.068855+00:00,07_end_to_end_paired,5,5,8.6,13.13,30.49,1501.04,NVIDIA GeForce RTX 4060 Ti,50,47.79,20,3322.6,16380.0,
2026-09-05T15:04:18.125991+00:00,07_end_to_end_paired,5,5,8.5,13.13,30.49,1501.04,NVIDIA GeForce RTX 4060 Ti,50,47.77,20,3322.6,16380.0,
2026-09-05T15:04:28.167849+00:00,07_end_to_end_paired,5,5,8.6,13.14,30.49,1501.04,NVIDIA GeForce RTX 4060 Ti,50,47.7,20,3322.6,16380.0,
2026-09-05T15:04:38.231846+00:00,07_end_to_end_paired,5,5,8.5,13.15,30.49,1501.04,NVIDIA GeForce RTX 4060 Ti,50,47.68,20,3322.6,16380.0,
2026-09-05T15:04:48.294815+00:00,07_end_to_end_paired,5,5,8.5,13.14,30.49,1501.04,NVIDIA GeForce RTX 4060 Ti,50,48.43,20,3322.6,16380.0,
2026-09-05T15:04:58.358822+00:00,07_end_to_end_paired,5,5,8.5,13.14,30.49,1501.04,NVIDIA GeForce RTX 4060 Ti,50,47.69,20,3322.6,16380.0,
2026-09-05T15:05:08.421833+00:00,07_end_to_end_paired,5,5,8.6,13.14,30.49,1501.04,NVIDIA GeForce RTX 4060 Ti,50,47.62,20,3322.6,16380.0,
2026-09-05T15:05:18.472707+00:00,07_end_to_end_paired,5,5,8.6,13.15,30.49,1501.04,NVIDIA GeForce RTX 4060 Ti,50,47.44,20,3322.6,16380.0,
2026-09-05T15:05:28.513398+00:00,07_end_to_end_paired,5,5,8.5,13.14,30.49,1501.04,NVIDIA GeForce RTX 4060 Ti,52,47.52,42,3322.6,16380.0,
2026-09-05T15:05:38.576426+00:00,07_end_to_end_paired,5,5,8.5,13.13,30.49,1501.04,NVIDIA GeForce RTX 4060 Ti,50,47.62,32,3322.6,16380.0,
2026-09-05T15:05:48.628822+00:00,07_end_to_end_paired,5,5,8.5,13.12,30.49,1501.04,NVIDIA GeForce RTX 4060 Ti,50,47.59,8,3322.6,16380.0,
2026-09-05T15:05:58.661649+00:00,07_end_to_end_paired,5,5,8.5,13.13,30.49,1501.04,NVIDIA GeForce RTX 4060 Ti,50,47.68,15,3322.6,16380.0,
2026-09-05T15:06:08.706810+00:00,07_end_to_end_paired,5,5,8.6,13.13,30.49,1501.04,NVIDIA GeForce RTX 4060 Ti,50,47.64,19,3322.6,16380.0,
2026-09-05T15:06:18.752898+00:00,07_end_to_end_paired,6,6,7.1,13.16,30.49,1501.04,NVIDIA GeForce RTX 4060 Ti,50,46.88,20,3322.6,16380.0,
2026-09-05T15:06:28.808481+00:00,07_end_to_end_paired,6,6,8.5,13.15,30.49,1501.04,NVIDIA GeForce RTX 4060 Ti,50,46.84,20,3322.6,16380.0,
2026-09-05T15:06:38.860547+00:00,07_end_to_end_paired,6,6,8.5,13.17,30.49,1501.04,NVIDIA GeForce RTX 4060 Ti,50,47.0,23,3322.6,16380.0,
2026-09-05T15:06:48.886839+00:00,07_end_to_end_paired,6,6,8.5,13.16,30.49,1501.04,NVIDIA GeForce RTX 4060 Ti,50,46.82,24,3322.6,16380.0,
2026-09-05T15:06:58.951149+00:00,07_end_to_end_paired,6,6,8.5,13.15,30.49,1501.04,NVIDIA GeForce RTX 4060 Ti,50,46.96,29,3322.6,16380.0,
2026-09-05T15:07:09.015369+00:00,07_end_to_end_paired,6,6,8.6,13.15,30.49,1501.04,NVIDIA GeForce RTX 4060 Ti,50,47.17,20,3322.6,16380.0,
2026-09-05T15:07:19.080024+00:00,07_end_to_end_paired,6,6,8.5,13.16,30.49,1501.04,NVIDIA GeForce RTX 4060 Ti,50,46.67,40,3322.6,16380.0,
2026-09-05T15:07:29.097913+00:00,07_end_to_end_paired,6,6,8.5,13.16,30.49,1501.04,NVIDIA GeForce RTX 4060 Ti,50,47.84,33,3322.6,16380.0,
2026-09-05T15:07:39.137827+00:00,07_end_to_end_paired,6,6,8.5,13.18,30.49,1501.04,NVIDIA GeForce RTX 4060 Ti,51,46.56,7,3322.6,16380.0,
2026-09-05T15:07:49.155971+00:00,07_end_to_end_paired,6,6,8.5,13.17,30.49,1501.04,NVIDIA GeForce RTX 4060 Ti,51,46.71,14,3322.6,16380.0,
2026-09-05T15:07:59.224835+00:00,07_end_to_end_paired,6,6,8.5,13.18,30.49,1501.04,NVIDIA GeForce RTX 4060 Ti,49,46.48,20,3322.6,16380.0,
2026-09-05T15:08:09.289842+00:00,07_end_to_end_paired,6,6,8.5,13.18,30.49,1501.04,NVIDIA GeForce RTX 4060 Ti,49,47.92,18,3322.6,16380.0,
2026-09-05T15:08:19.354837+00:00,07_end_to_end_paired,6,6,8.5,13.18,30.49,1501.04,NVIDIA GeForce RTX 4060 Ti,50,46.68,20,3322.6,16380.0,
2026-09-05T15:08:29.418826+00:00,07_end_to_end_paired,6,6,8.7,13.21,30.49,1501.04,NVIDIA GeForce RTX 4060 Ti,50,46.58,20,3322.6,16380.0,
2026-09-05T15:08:39.482843+00:00,07_end_to_end_paired,6,6,8.5,13.2,30.49,1501.05,NVIDIA GeForce RTX 4060 Ti,50,48.07,20,3322.6,16380.0,
2026-09-05T15:08:49.547823+00:00,07_end_to_end_paired,6,6,8.5,13.2,30.49,1501.05,NVIDIA GeForce RTX 4060 Ti,50,46.9,10,3322.6,16380.0,
2026-09-05T15:08:59.612034+00:00,07_end_to_end_paired,6,6,8.5,13.18,30.49,1501.05,NVIDIA GeForce RTX 4060 Ti,50,47.07,20,3322.6,16380.0,
2026-09-05T15:09:09.676363+00:00,07_end_to_end_paired,6,6,8.5,13.18,30.49,1501.05,NVIDIA GeForce RTX 4060 Ti,50,46.91,20,3322.6,16380.0,
2026-09-05T15:09:19.739822+00:00,07_end_to_end_paired,6,6,8.5,13.19,30.49,1501.05,NVIDIA GeForce RTX 4060 Ti,50,47.54,21,3322.6,16380.0,
2026-09-05T15:09:29.803828+00:00,07_end_to_end_paired,6,6,8.5,13.19,30.49,1501.05,NVIDIA GeForce RTX 4060 Ti,49,47.96,20,3322.6,16380.0,
2026-09-05T15:09:39.867824+00:00,07_end_to_end_paired,6,6,8.5,13.19,30.49,1501.05,NVIDIA GeForce RTX 4060 Ti,50,47.07,44,3322.6,16380.0,
2026-09-05T15:09:49.931823+00:00,07_end_to_end_paired,6,6,8.5,13.19,30.49,1501.05,NVIDIA GeForce RTX 4060 Ti,50,48.48,27,3322.6,16380.0,
2026-09-05T15:09:59.995823+00:00,07_end_to_end_paired,6,6,8.5,13.18,30.49,1501.05,NVIDIA GeForce RTX 4060 Ti,49,47.13,9,3322.6,16380.0,
2026-09-05T15:10:10.059826+00:00,07_end_to_end_paired,6,6,8.5,13.18,30.49,1501.05,NVIDIA GeForce RTX 4060 Ti,49,46.77,18,3322.6,16380.0,
2026-09-05T15:10:20.119701+00:00,07_end_to_end_paired,6,6,8.6,13.18,30.49,1501.05,NVIDIA GeForce RTX 4060 Ti,49,47.22,20,3322.6,16380.0,
2026-09-05T15:10:30.158117+00:00,07_end_to_end_paired,6,6,8.6,13.18,30.49,1501.05,NVIDIA GeForce RTX 4060 Ti,50,46.94,20,3322.6,16380.0,
2026-09-05T15:10:40.221823+00:00,07_end_to_end_paired,6,6,8.6,13.19,30.49,1501.05,NVIDIA GeForce RTX 4060 Ti,50,48.55,20,3322.6,16380.0,
2026-09-05T15:10:50.285822+00:00,07_end_to_end_paired,6,6,8.5,13.18,30.49,1501.05,NVIDIA GeForce RTX 4060 Ti,50,47.08,20,3322.6,16380.0,
2026-09-05T15:11:00.310775+00:00,07_end_to_end_paired,6,6,8.5,13.17,30.49,1501.05,NVIDIA GeForce RTX 4060 Ti,49,47.44,25,3322.6,16380.0,
2026-09-05T15:11:10.370106+00:00,07_end_to_end_paired,6,6,8.5,13.17,30.49,1501.05,NVIDIA GeForce RTX 4060 Ti,51,48.08,10,3322.6,16380.0,
2026-09-05T15:11:20.433822+00:00,07_end_to_end_paired,6,6,8.5,13.17,30.49,1501.05,NVIDIA GeForce RTX 4060 Ti,49,48.31,18,3322.6,16380.0,
2026-09-05T15:11:30.497834+00:00,07_end_to_end_paired,6,6,8.6,13.18,30.49,1501.05,NVIDIA GeForce RTX 4060 Ti,49,48.35,20,3322.6,16380.0,
2026-09-05T15:11:40.561818+00:00,07_end_to_end_paired,6,6,8.5,13.18,30.49,1501.05,NVIDIA GeForce RTX 4060 Ti,50,46.77,35,3322.6,16380.0,
2026-09-05T15:11:50.624845+00:00,07_end_to_end_paired,6,6,8.5,13.18,30.49,1501.05,NVIDIA GeForce RTX 4060 Ti,50,46.53,27,3322.6,16380.0,
2026-09-05T15:12:00.687842+00:00,07_end_to_end_paired,6,6,8.5,13.19,30.49,1501.05,NVIDIA GeForce RTX 4060 Ti,52,46.77,7,3322.6,16380.0,
2026-09-05T15:12:10.755825+00:00,07_end_to_end_paired,6,6,8.9,13.2,30.49,1501.05,NVIDIA GeForce RTX 4060 Ti,49,46.51,13,3322.6,16380.0,
2026-09-05T15:12:20.819842+00:00,07_end_to_end_paired,6,6,8.5,13.17,30.49,1501.05,NVIDIA GeForce RTX 4060 Ti,49,47.94,20,3322.6,16380.0,
2026-09-05T15:12:30.884832+00:00,07_end_to_end_paired,6,6,8.5,13.17,30.49,1501.05,NVIDIA GeForce RTX 4060 Ti,49,46.37,19,3322.6,16380.0,
2026-09-05T15:12:40.944081+00:00,07_end_to_end_paired,6,6,8.5,13.18,30.49,1501.05,NVIDIA GeForce RTX 4060 Ti,49,47.69,20,3322.6,16380.0,
2026-09-05T15:12:51.007826+00:00,07_end_to_end_paired,6,6,8.5,13.17,30.49,1501.05,NVIDIA GeForce RTX 4060 Ti,49,46.89,20,3322.6,16380.0,
2026-09-05T15:13:01.071834+00:00,07_end_to_end_paired,6,6,8.5,13.17,30.49,1501.05,NVIDIA GeForce RTX 4060 Ti,49,47.73,22,3322.6,16380.0,
2026-09-05T15:13:11.135840+00:00,07_end_to_end_paired,6,6,8.5,13.17,30.49,1501.05,NVIDIA GeForce RTX 4060 Ti,50,46.38,19,3322.6,16380.0,
2026-09-05T15:13:21.199836+00:00,07_end_to_end_paired,6,6,8.6,13.17,30.49,1501.05,NVIDIA GeForce RTX 4060 Ti,51,47.91,11,3322.6,16380.0,
2026-09-05T15:13:31.264841+00:00,07_end_to_end_paired,6,6,8.8,13.18,30.49,1501.05,NVIDIA GeForce RTX 4060 Ti,50,46.59,11,3322.6,16380.0,
2026-09-05T15:13:41.329835+00:00,07_end_to_end_paired,6,6,8.6,13.17,30.49,1501.05,NVIDIA GeForce RTX 4060 Ti,49,46.33,20,3322.6,16380.0,
2026-09-05T15:13:51.393830+00:00,07_end_to_end_paired,6,6,8.5,13.17,30.49,1501.05,NVIDIA GeForce RTX 4060 Ti,49,47.73,20,3322.6,16380.0,
2026-09-05T15:14:01.458768+00:00,07_end_to_end_paired,6,6,8.5,13.19,30.49,1501.05,NVIDIA GeForce RTX 4060 Ti,49,46.41,20,3322.6,16380.0,
2026-09-05T15:14:11.523584+00:00,07_end_to_end_paired,6,6,8.5,13.18,30.49,1501.05,NVIDIA GeForce RTX 4060 Ti,49,48.25,20,3322.6,16380.0,
2026-09-05T15:14:21.587819+00:00,07_end_to_end_paired,6,6,8.5,13.18,30.49,1501.05,NVIDIA GeForce RTX 4060 Ti,49,47.4,20,3322.6,16380.0,
2026-09-05T15:14:31.651822+00:00,07_end_to_end_paired,6,6,8.6,13.17,30.49,1501.05,NVIDIA GeForce RTX 4060 Ti,49,48.2,20,3322.6,16380.0,
2026-09-05T15:14:41.715826+00:00,07_end_to_end_paired,6,6,8.5,13.17,30.49,1501.05,NVIDIA GeForce RTX 4060 Ti,50,48.5,20,3322.6,16380.0,
2026-09-05T15:14:51.779822+00:00,07_end_to_end_paired,6,6,8.5,13.17,30.49,1501.05,NVIDIA GeForce RTX 4060 Ti,50,47.89,22,3322.6,16380.0,
2026-09-05T15:15:01.843873+00:00,07_end_to_end_paired,6,6,12.8,14.08,30.49,1501.04,NVIDIA GeForce RTX 4060 Ti,50,53.57,30,3857.8,16380.0,
2026-09-05T15:15:11.917813+00:00,07_end_to_end_paired,6,6,17.1,13.33,30.49,1501.04,NVIDIA GeForce RTX 4060 Ti,50,46.3,19,3322.6,16380.0,
2026-09-05T15:15:21.981873+00:00,07_end_to_end_paired,6,6,14.7,13.17,30.49,1501.04,NVIDIA GeForce RTX 4060 Ti,50,54.07,19,3322.6,16380.0,
2026-09-05T15:15:32.045827+00:00,07_end_to_end_paired,6,6,13.9,13.44,30.49,1501.04,NVIDIA GeForce RTX 4060 Ti,49,37.04,0,3322.6,16380.0,
2026-09-05T15:15:42.108890+00:00,07_end_to_end_paired,6,6,14.0,14.01,30.49,1501.04,NVIDIA GeForce RTX 4060 Ti,51,48.65,38,3855.8,16380.0,
2026-09-05T15:15:52.176838+00:00,07_end_to_end_paired,6,6,14.1,13.25,30.49,1501.04,NVIDIA GeForce RTX 4060 Ti,52,56.08,58,3322.6,16380.0,
2026-09-05T15:16:02.241859+00:00,07_end_to_end_paired,6,6,14.7,13.42,30.49,1501.03,NVIDIA GeForce RTX 4060 Ti,51,51.74,22,3322.6,16380.0,
2026-09-05T15:16:12.305864+00:00,07_end_to_end_paired,6,6,14.1,13.6,30.49,1501.03,NVIDIA GeForce RTX 4060 Ti,50,46.74,20,3322.6,16380.0,
2026-09-05T15:16:22.369867+00:00,07_end_to_end_paired,6,6,14.1,14.25,30.49,1501.03,NVIDIA GeForce RTX 4060 Ti,51,50.99,19,3857.8,16380.0,
2026-09-05T15:16:32.432356+00:00,07_end_to_end_paired,6,6,14.0,13.12,30.49,1501.03,NVIDIA GeForce RTX 4060 Ti,51,55.49,18,3322.6,16380.0,
2026-09-05T15:16:42.496808+00:00,07_end_to_end_paired,6,6,14.8,13.37,30.49,1501.03,NVIDIA GeForce RTX 4060 Ti,50,48.76,19,3322.6,16380.0,
2026-09-05T15:16:52.525235+00:00,07_end_to_end_paired,6,6,9.7,13.19,30.49,1501.03,NVIDIA GeForce RTX 4060 Ti,51,47.03,17,3322.6,16380.0,
2026-09-05T15:17:02.589000+00:00,07_end_to_end_paired,6,6,8.5,13.1,30.49,1501.03,NVIDIA GeForce RTX 4060 Ti,51,47.07,30,3322.6,16380.0,
2026-09-05T15:17:12.626360+00:00,07_end_to_end_paired,6,6,8.5,13.1,30.49,1501.03,NVIDIA GeForce RTX 4060 Ti,50,47.64,45,3322.6,16380.0,
2026-09-05T15:17:22.677281+00:00,07_end_to_end_paired,6,6,8.5,13.11,30.49,1501.03,NVIDIA GeForce RTX 4060 Ti,51,46.81,10,3322.6,16380.0,
2026-09-05T15:17:32.743828+00:00,07_end_to_end_paired,6,6,8.5,13.11,30.49,1501.03,NVIDIA GeForce RTX 4060 Ti,52,47.98,8,3322.6,16380.0,
2026-09-05T15:17:42.787720+00:00,07_end_to_end_paired,6,6,8.7,13.11,30.49,1501.03,NVIDIA GeForce RTX 4060 Ti,50,47.95,17,3322.6,16380.0,
2026-09-05T15:17:52.814951+00:00,07_end_to_end_paired,6,6,8.5,13.1,30.49,1501.03,NVIDIA GeForce RTX 4060 Ti,50,47.15,20,3322.6,16380.0,
2026-09-05T15:18:02.857386+00:00,07_end_to_end_paired,6,6,8.5,13.11,30.49,1501.03,NVIDIA GeForce RTX 4060 Ti,50,46.89,24,3322.6,16380.0,
2026-09-05T15:18:12.917840+00:00,07_end_to_end_paired,7,7,7.1,13.09,30.49,1501.03,NVIDIA GeForce RTX 4060 Ti,50,47.01,24,3322.6,16380.0,
2026-09-05T15:18:22.981838+00:00,07_end_to_end_paired,7,7,8.5,13.09,30.49,1501.03,NVIDIA GeForce RTX 4060 Ti,50,48.05,21,3322.6,16380.0,
2026-09-05T15:18:33.046827+00:00,07_end_to_end_paired,7,7,8.6,13.12,30.49,1501.03,NVIDIA GeForce RTX 4060 Ti,50,48.04,22,3322.6,16380.0,
2026-09-05T15:18:43.110828+00:00,07_end_to_end_paired,7,7,8.5,13.08,30.49,1501.03,NVIDIA GeForce RTX 4060 Ti,50,48.12,37,3322.6,16380.0,
2026-09-05T15:18:53.174829+00:00,07_end_to_end_paired,7,7,8.5,13.06,30.49,1501.03,NVIDIA GeForce RTX 4060 Ti,50,48.27,24,3322.6,16380.0,
2026-09-05T15:19:03.238828+00:00,07_end_to_end_paired,7,7,8.5,13.07,30.49,1501.03,NVIDIA GeForce RTX 4060 Ti,51,48.36,13,3322.6,16380.0,
2026-09-05T15:19:13.297103+00:00,07_end_to_end_paired,7,7,8.5,13.07,30.49,1501.03,NVIDIA GeForce RTX 4060 Ti,51,48.24,36,3322.6,16380.0,
2026-09-05T15:19:23.360826+00:00,07_end_to_end_paired,7,7,8.5,13.07,30.49,1501.03,NVIDIA GeForce RTX 4060 Ti,52,48.04,45,3322.6,16380.0,
2026-09-05T15:19:33.425329+00:00,07_end_to_end_paired,7,7,8.5,13.08,30.49,1501.03,NVIDIA GeForce RTX 4060 Ti,49,48.47,36,3322.6,16380.0,
2026-09-05T15:19:43.488824+00:00,07_end_to_end_paired,7,7,8.6,13.08,30.49,1501.03,NVIDIA GeForce RTX 4060 Ti,49,47.07,34,3322.6,16380.0,
2026-09-05T15:19:53.552839+00:00,07_end_to_end_paired,7,7,8.5,13.08,30.49,1501.03,NVIDIA GeForce RTX 4060 Ti,50,48.08,20,3322.6,16380.0,
2026-09-05T15:20:03.597679+00:00,07_end_to_end_paired,7,7,8.5,13.08,30.49,1501.03,NVIDIA GeForce RTX 4060 Ti,50,47.37,20,3322.6,16380.0,
2026-09-05T15:20:13.615012+00:00,07_end_to_end_paired,7,7,8.5,13.07,30.49,1501.03,NVIDIA GeForce RTX 4060 Ti,50,46.86,27,3322.6,16380.0,
2026-09-05T15:20:23.633019+00:00,07_end_to_end_paired,7,7,8.5,13.07,30.49,1501.03,NVIDIA GeForce RTX 4060 Ti,49,46.7,22,3322.6,16380.0,
2026-09-05T15:20:33.695847+00:00,07_end_to_end_paired,7,7,8.5,13.06,30.49,1501.03,NVIDIA GeForce RTX 4060 Ti,50,46.62,20,3322.6,16380.0,
2026-09-05T15:20:43.719976+00:00,07_end_to_end_paired,7,7,8.5,13.06,30.49,1501.03,NVIDIA GeForce RTX 4060 Ti,49,36.83,0,3322.6,16380.0,
2026-09-05T15:20:53.783833+00:00,07_end_to_end_paired,7,7,8.5,13.05,30.49,1501.03,NVIDIA GeForce RTX 4060 Ti,52,46.27,15,3322.6,16380.0,
2026-09-05T15:21:03.847847+00:00,07_end_to_end_paired,7,7,8.5,13.06,30.49,1501.03,NVIDIA GeForce RTX 4060 Ti,49,48.01,20,3322.6,16380.0,
2026-09-05T15:21:13.911831+00:00,07_end_to_end_paired,7,7,8.5,13.07,30.49,1501.03,NVIDIA GeForce RTX 4060 Ti,49,47.56,20,3322.6,16380.0,
2026-09-05T15:21:23.975826+00:00,07_end_to_end_paired,7,7,8.5,13.06,30.49,1501.03,NVIDIA GeForce RTX 4060 Ti,50,48.08,20,3322.6,16380.0,
2026-09-05T15:21:34.039834+00:00,07_end_to_end_paired,7,7,8.5,13.07,30.49,1501.03,NVIDIA GeForce RTX 4060 Ti,50,48.19,20,3322.6,16380.0,
2026-09-05T15:21:44.103829+00:00,07_end_to_end_paired,7,7,8.6,13.07,30.49,1501.03,NVIDIA GeForce RTX 4060 Ti,50,48.04,22,3322.6,16380.0,
2026-09-05T15:21:54.167827+00:00,07_end_to_end_paired,7,7,8.5,13.06,30.49,1501.03,NVIDIA GeForce RTX 4060 Ti,50,47.94,43,3322.6,16380.0,
2026-09-05T15:22:04.231829+00:00,07_end_to_end_paired,7,7,8.6,13.09,30.49,1501.03,NVIDIA GeForce RTX 4060 Ti,51,48.14,7,3322.6,16380.0,
2026-09-05T15:22:14.295829+00:00,07_end_to_end_paired,7,7,8.5,13.09,30.49,1501.03,NVIDIA GeForce RTX 4060 Ti,51,47.27,22,3322.6,16380.0,
2026-09-05T15:22:24.359825+00:00,07_end_to_end_paired,7,7,8.5,13.08,30.49,1501.03,NVIDIA GeForce RTX 4060 Ti,49,48.1,15,3355.1,16380.0,
2026-09-05T15:22:34.423824+00:00,07_end_to_end_paired,7,7,15.4,13.05,30.49,1501.03,NVIDIA GeForce RTX 4060 Ti,50,46.7,22,3355.1,16380.0,
2026-09-05T15:22:44.487810+00:00,07_end_to_end_paired,7,7,15.2,13.08,30.49,1501.03,NVIDIA GeForce RTX 4060 Ti,49,47.19,19,3355.1,16380.0,
2026-09-05T15:22:54.552018+00:00,07_end_to_end_paired,7,7,11.8,13.15,30.49,1501.03,NVIDIA GeForce RTX 4060 Ti,50,48.18,20,3355.1,16380.0,
2026-09-05T15:23:04.616474+00:00,07_end_to_end_paired,7,7,8.6,13.14,30.49,1501.03,NVIDIA GeForce RTX 4060 Ti,50,48.35,20,3355.1,16380.0,
2026-09-05T15:23:14.680825+00:00,07_end_to_end_paired,7,7,8.5,13.16,30.49,1501.03,NVIDIA GeForce RTX 4060 Ti,50,48.12,23,3355.1,16380.0,
2026-09-05T15:23:24.698003+00:00,07_end_to_end_paired,7,7,8.6,13.15,30.49,1501.03,NVIDIA GeForce RTX 4060 Ti,50,48.47,30,3355.1,16380.0,
2026-09-05T15:23:34.761824+00:00,07_end_to_end_paired,7,7,8.8,13.18,30.49,1501.03,NVIDIA GeForce RTX 4060 Ti,50,48.2,30,3355.1,16380.0,
2026-09-05T15:23:44.825831+00:00,07_end_to_end_paired,7,7,8.5,13.17,30.49,1501.03,NVIDIA GeForce RTX 4060 Ti,51,48.09,15,3355.1,16380.0,
2026-09-05T15:23:54.889827+00:00,07_end_to_end_paired,7,7,8.5,13.16,30.49,1501.03,NVIDIA GeForce RTX 4060 Ti,51,48.54,18,3355.1,16380.0,
2026-09-05T15:24:04.953834+00:00,07_end_to_end_paired,7,7,8.6,13.15,30.49,1501.03,NVIDIA GeForce RTX 4060 Ti,50,46.93,42,3355.1,16380.0,
2026-09-05T15:24:15.017822+00:00,07_end_to_end_paired,7,7,8.5,13.16,30.49,1501.03,NVIDIA GeForce RTX 4060 Ti,51,46.85,35,3355.1,16380.0,
2026-09-05T15:24:25.081829+00:00,07_end_to_end_paired,7,7,8.5,13.15,30.49,1501.03,NVIDIA GeForce RTX 4060 Ti,49,46.79,12,3355.1,16380.0,
2026-09-05T15:24:35.145828+00:00,07_end_to_end_paired,7,7,8.8,13.17,30.49,1501.03,NVIDIA GeForce RTX 4060 Ti,50,46.93,20,3355.1,16380.0,
2026-09-05T15:24:45.170886+00:00,07_end_to_end_paired,7,7,8.5,13.17,30.49,1501.03,NVIDIA GeForce RTX 4060 Ti,49,46.69,20,3355.1,16380.0,
2026-09-05T15:24:55.193566+00:00,07_end_to_end_paired,7,7,8.5,13.16,30.49,1501.03,NVIDIA GeForce RTX 4060 Ti,50,46.59,20,3355.1,16380.0,
2026-09-05T15:25:05.251887+00:00,07_end_to_end_paired,7,7,8.6,13.17,30.49,1501.03,NVIDIA GeForce RTX 4060 Ti,50,46.81,20,3355.1,16380.0,
2026-09-05T15:25:15.308941+00:00,07_end_to_end_paired,7,7,8.5,13.15,30.49,1501.03,NVIDIA GeForce RTX 4060 Ti,50,46.85,20,3355.1,16380.0,
2026-09-05T15:25:25.372825+00:00,07_end_to_end_paired,7,7,8.5,13.16,30.49,1501.03,NVIDIA GeForce RTX 4060 Ti,50,46.86,20,3355.1,16380.0,
2026-09-05T15:25:35.436853+00:00,07_end_to_end_paired,7,7,8.5,13.16,30.49,1501.03,NVIDIA GeForce RTX 4060 Ti,50,46.81,20,3355.1,16380.0,
2026-09-05T15:25:45.499884+00:00,07_end_to_end_paired,7,7,8.5,13.16,30.49,1501.03,NVIDIA GeForce RTX 4060 Ti,49,48.3,20,3355.1,16380.0,
2026-09-05T15:25:55.564834+00:00,07_end_to_end_paired,7,7,8.5,13.17,30.49,1501.03,NVIDIA GeForce RTX 4060 Ti,49,48.37,20,3355.1,16380.0,
2026-09-05T15:26:05.619782+00:00,07_end_to_end_paired,7,7,8.6,13.16,30.49,1501.03,NVIDIA GeForce RTX 4060 Ti,49,48.14,20,3355.1,16380.0,
2026-09-05T15:26:15.683827+00:00,07_end_to_end_paired,7,7,8.5,13.16,30.49,1501.03,NVIDIA GeForce RTX 4060 Ti,49,48.61,20,3355.1,16380.0,
2026-09-05T15:26:25.747820+00:00,07_end_to_end_paired,7,7,8.5,13.17,30.49,1501.03,NVIDIA GeForce RTX 4060 Ti,50,47.06,20,3355.1,16380.0,
2026-09-05T15:26:35.811825+00:00,07_end_to_end_paired,7,7,8.5,13.15,30.49,1501.03,NVIDIA GeForce RTX 4060 Ti,50,48.6,23,3355.1,16380.0,
2026-09-05T15:26:45.875827+00:00,07_end_to_end_paired,7,7,8.6,13.18,30.49,1501.03,NVIDIA GeForce RTX 4060 Ti,50,47.04,44,3355.1,16380.0,
2026-09-05T15:26:55.939824+00:00,07_end_to_end_paired,7,7,8.6,13.18,30.49,1501.03,NVIDIA GeForce RTX 4060 Ti,50,46.93,29,3355.1,16380.0,
2026-09-05T15:27:06.003832+00:00,07_end_to_end_paired,7,7,8.6,13.16,30.49,1501.03,NVIDIA GeForce RTX 4060 Ti,51,47.62,13,3355.1,16380.0,
2026-09-05T15:27:16.064582+00:00,07_end_to_end_paired,7,7,8.5,13.16,30.49,1501.03,NVIDIA GeForce RTX 4060 Ti,49,48.35,20,3355.1,16380.0,
2026-09-05T15:27:26.124875+00:00,07_end_to_end_paired,7,7,8.6,13.16,30.49,1501.03,NVIDIA GeForce RTX 4060 Ti,49,46.73,20,3355.1,16380.0,
2026-09-05T15:27:36.143303+00:00,07_end_to_end_paired,7,7,8.5,13.17,30.49,1501.03,NVIDIA GeForce RTX 4060 Ti,49,46.99,20,3355.1,16380.0,
2026-09-05T15:27:46.206827+00:00,07_end_to_end_paired,7,7,8.6,13.16,30.49,1501.03,NVIDIA GeForce RTX 4060 Ti,49,46.77,20,3355.1,16380.0,
2026-09-05T15:27:56.270824+00:00,07_end_to_end_paired,7,7,8.6,13.17,30.49,1501.03,NVIDIA GeForce RTX 4060 Ti,49,46.79,20,3355.1,16380.0,
2026-09-05T15:28:06.334830+00:00,07_end_to_end_paired,7,7,8.6,13.16,30.49,1501.03,NVIDIA GeForce RTX 4060 Ti,49,46.79,20,3355.1,16380.0,
2026-09-05T15:28:16.398832+00:00,07_end_to_end_paired,7,7,8.5,13.16,30.49,1501.03,NVIDIA GeForce RTX 4060 Ti,49,47.78,20,3355.1,16380.0,
2026-09-05T15:28:26.463843+00:00,07_end_to_end_paired,7,7,8.5,13.17,30.49,1501.03,NVIDIA GeForce RTX 4060 Ti,49,46.83,20,3355.1,16380.0,
2026-09-05T15:28:36.527830+00:00,07_end_to_end_paired,7,7,8.7,13.19,30.49,1501.03,NVIDIA GeForce RTX 4060 Ti,49,48.16,20,3355.1,16380.0,
2026-09-05T15:28:46.591831+00:00,07_end_to_end_paired,7,7,8.5,13.16,30.49,1501.03,NVIDIA GeForce RTX 4060 Ti,49,46.5,20,3355.1,16380.0,
2026-09-05T15:28:56.654848+00:00,07_end_to_end_paired,7,7,8.5,13.16,30.49,1501.03,NVIDIA GeForce RTX 4060 Ti,51,46.83,43,3355.1,16380.0,
2026-09-05T15:29:06.723833+00:00,07_end_to_end_paired,7,7,8.5,13.16,30.49,1501.03,NVIDIA GeForce RTX 4060 Ti,51,47.75,42,3355.1,16380.0,
2026-09-05T15:29:16.787831+00:00,07_end_to_end_paired,7,7,8.6,13.16,30.49,1501.03,NVIDIA GeForce RTX 4060 Ti,51,48.15,37,3355.1,16380.0,
2026-09-05T15:29:26.851844+00:00,07_end_to_end_paired,7,7,8.5,13.16,30.49,1501.03,NVIDIA GeForce RTX 4060 Ti,51,48.18,32,3355.1,16380.0,
2026-09-05T15:29:36.897451+00:00,07_end_to_end_paired,7,7,8.5,13.16,30.49,1501.03,NVIDIA GeForce RTX 4060 Ti,49,49.23,28,3355.1,16380.0,
2026-09-05T15:29:46.961827+00:00,07_end_to_end_paired,7,7,8.5,13.14,30.49,1501.03,NVIDIA GeForce RTX 4060 Ti,49,48.64,16,3355.1,16380.0,
2026-09-05T15:29:57.025823+00:00,07_end_to_end_paired,7,7,8.5,13.15,30.49,1501.03,NVIDIA GeForce RTX 4060 Ti,49,48.59,20,3355.1,16380.0,
2026-09-05T15:30:07.089823+00:00,07_end_to_end_paired,7,7,8.5,13.16,30.49,1501.03,NVIDIA GeForce RTX 4060 Ti,49,47.12,20,3354.6,16380.0,
2026-09-05T15:30:17.154125+00:00,07_end_to_end_paired,7,7,8.6,13.17,30.49,1501.03,NVIDIA GeForce RTX 4060 Ti,49,47.33,20,3354.6,16380.0,
2026-09-05T15:30:27.217815+00:00,07_end_to_end_paired,7,7,8.5,13.15,30.49,1501.03,NVIDIA GeForce RTX 4060 Ti,49,46.99,20,3354.6,16380.0,
2026-09-05T15:30:37.281829+00:00,07_end_to_end_paired,8,8,7.0,13.14,30.49,1501.03,NVIDIA GeForce RTX 4060 Ti,49,46.91,20,3354.6,16380.0,
2026-09-05T15:30:47.345833+00:00,07_end_to_end_paired,8,8,8.5,13.16,30.49,1501.03,NVIDIA GeForce RTX 4060 Ti,49,46.66,28,3354.6,16380.0,
2026-09-05T15:30:57.409837+00:00,07_end_to_end_paired,8,8,8.5,13.16,30.49,1501.03,NVIDIA GeForce RTX 4060 Ti,49,46.98,36,3354.6,16380.0,
2026-09-05T15:31:07.426193+00:00,07_end_to_end_paired,8,8,8.5,13.15,30.49,1501.03,NVIDIA GeForce RTX 4060 Ti,50,48.3,34,3354.6,16380.0,
2026-09-05T15:31:17.489829+00:00,07_end_to_end_paired,8,8,8.6,13.16,30.49,1501.03,NVIDIA GeForce RTX 4060 Ti,51,48.51,17,3354.6,16380.0,
2026-09-05T15:31:27.554236+00:00,07_end_to_end_paired,8,8,8.5,13.16,30.49,1501.03,NVIDIA GeForce RTX 4060 Ti,51,46.72,17,3354.6,16380.0,
2026-09-05T15:31:37.617829+00:00,07_end_to_end_paired,8,8,8.6,13.16,30.49,1501.03,NVIDIA GeForce RTX 4060 Ti,49,47.0,20,3354.6,16380.0,
2026-09-05T15:31:47.681831+00:00,07_end_to_end_paired,8,8,8.5,13.16,30.49,1501.03,NVIDIA GeForce RTX 4060 Ti,49,46.74,20,3354.6,16380.0,
2026-09-05T15:31:57.745822+00:00,07_end_to_end_paired,8,8,8.5,13.15,30.49,1501.03,NVIDIA GeForce RTX 4060 Ti,49,46.85,20,3322.6,16380.0,
2026-09-05T15:32:07.809825+00:00,07_end_to_end_paired,8,8,8.5,13.16,30.49,1501.03,NVIDIA GeForce RTX 4060 Ti,49,46.81,20,3322.6,16380.0,
2026-09-05T15:32:17.873827+00:00,07_end_to_end_paired,8,8,8.5,13.15,30.49,1501.03,NVIDIA GeForce RTX 4060 Ti,49,46.85,20,3322.6,16380.0,
2026-09-05T15:32:27.936874+00:00,07_end_to_end_paired,8,8,8.6,13.14,30.49,1501.03,NVIDIA GeForce RTX 4060 Ti,49,46.75,20,3322.6,16380.0,
2026-09-05T15:32:37.999842+00:00,07_end_to_end_paired,8,8,8.6,13.14,30.49,1501.03,NVIDIA GeForce RTX 4060 Ti,49,46.71,23,3322.6,16380.0,
2026-09-05T15:32:48.054749+00:00,07_end_to_end_paired,8,8,8.6,13.14,30.49,1501.03,NVIDIA GeForce RTX 4060 Ti,50,46.67,45,3322.6,16380.0,
2026-09-05T15:32:58.119841+00:00,07_end_to_end_paired,8,8,8.6,13.14,30.49,1501.03,NVIDIA GeForce RTX 4060 Ti,50,46.39,33,3322.6,16380.0,
2026-09-05T15:33:08.190276+00:00,07_end_to_end_paired,8,8,8.5,13.14,30.49,1501.03,NVIDIA GeForce RTX 4060 Ti,51,46.68,6,3322.6,16380.0,
2026-09-05T15:33:18.253748+00:00,07_end_to_end_paired,8,8,8.6,13.15,30.49,1501.03,NVIDIA GeForce RTX 4060 Ti,49,46.8,20,3322.6,16380.0,
2026-09-05T15:33:28.319935+00:00,07_end_to_end_paired,8,8,8.7,13.17,30.49,1501.03,NVIDIA GeForce RTX 4060 Ti,49,46.39,20,3322.6,16380.0,
2026-09-05T15:33:38.388925+00:00,07_end_to_end_paired,8,8,8.6,13.17,30.49,1501.03,NVIDIA GeForce RTX 4060 Ti,49,47.87,20,3322.6,16380.0,
2026-09-05T15:33:48.437866+00:00,07_end_to_end_paired,8,8,8.5,13.15,30.49,1501.03,NVIDIA GeForce RTX 4060 Ti,49,46.28,20,3322.6,16380.0,
2026-09-05T15:33:58.483086+00:00,07_end_to_end_paired,8,8,8.5,13.15,30.49,1501.03,NVIDIA GeForce RTX 4060 Ti,49,47.7,20,3322.6,16380.0,
2026-09-05T15:34:08.526877+00:00,07_end_to_end_paired,8,8,8.5,13.16,30.49,1501.03,NVIDIA GeForce RTX 4060 Ti,49,46.37,20,3322.6,16380.0,
2026-09-05T15:34:18.591370+00:00,07_end_to_end_paired,8,8,8.5,13.16,30.49,1501.03,NVIDIA GeForce RTX 4060 Ti,49,47.85,22,3322.6,16380.0,
2026-09-05T15:34:28.641523+00:00,07_end_to_end_paired,8,8,8.5,13.15,30.49,1501.03,NVIDIA GeForce RTX 4060 Ti,50,46.45,44,3322.6,16380.0,
2026-09-05T15:34:38.675424+00:00,07_end_to_end_paired,8,8,8.5,13.16,30.49,1501.03,NVIDIA GeForce RTX 4060 Ti,49,46.33,17,3322.6,16380.0,
2026-09-05T15:34:48.726594+00:00,07_end_to_end_paired,8,8,8.5,13.15,30.49,1501.03,NVIDIA GeForce RTX 4060 Ti,49,46.57,9,3322.6,16380.0,
2026-09-05T15:34:58.791860+00:00,07_end_to_end_paired,8,8,8.5,13.15,30.49,1501.03,NVIDIA GeForce RTX 4060 Ti,49,46.44,9,3322.6,16380.0,
2026-09-05T15:35:08.856104+00:00,07_end_to_end_paired,8,8,8.5,13.16,30.49,1501.03,NVIDIA GeForce RTX 4060 Ti,49,47.9,19,3322.6,16380.0,
2026-09-05T15:35:18.894826+00:00,07_end_to_end_paired,8,8,8.5,13.15,30.49,1501.03,NVIDIA GeForce RTX 4060 Ti,49,46.81,20,3322.6,16380.0,
2026-09-05T15:35:28.954855+00:00,07_end_to_end_paired,8,8,8.5,13.14,30.49,1501.03,NVIDIA GeForce RTX 4060 Ti,49,46.48,20,3322.6,16380.0,
2026-09-05T15:35:38.997957+00:00,07_end_to_end_paired,8,8,8.5,13.13,30.49,1501.03,NVIDIA GeForce RTX 4060 Ti,49,46.6,20,3322.6,16380.0,
2026-09-05T15:35:49.023380+00:00,07_end_to_end_paired,8,8,8.5,13.13,30.49,1501.03,NVIDIA GeForce RTX 4060 Ti,49,46.83,31,3322.6,16380.0,
2026-09-05T15:35:59.086832+00:00,07_end_to_end_paired,8,8,8.5,13.1,30.49,1501.03,NVIDIA GeForce RTX 4060 Ti,49,47.91,20,3322.6,16380.0,
2026-09-05T15:36:09.150834+00:00,07_end_to_end_paired,8,8,8.5,13.09,30.49,1501.03,NVIDIA GeForce RTX 4060 Ti,49,48.18,22,3322.6,16380.0,
2026-09-05T15:36:19.215693+00:00,07_end_to_end_paired,8,8,8.5,13.09,30.49,1501.03,NVIDIA GeForce RTX 4060 Ti,49,48.27,24,3322.6,16380.0,
2026-09-05T15:36:29.249347+00:00,07_end_to_end_paired,8,8,8.5,13.11,30.49,1501.03,NVIDIA GeForce RTX 4060 Ti,50,48.13,37,3322.6,16380.0,
2026-09-05T15:36:39.308337+00:00,07_end_to_end_paired,8,8,8.5,13.1,30.49,1501.03,NVIDIA GeForce RTX 4060 Ti,50,47.72,9,3322.6,16380.0,
2026-09-05T15:36:49.372827+00:00,07_end_to_end_paired,8,8,8.5,13.11,30.49,1501.03,NVIDIA GeForce RTX 4060 Ti,51,48.04,15,3322.6,16380.0,
2026-09-05T15:36:59.436831+00:00,07_end_to_end_paired,8,8,8.6,13.1,30.49,1501.03,NVIDIA GeForce RTX 4060 Ti,49,48.03,20,3322.6,16380.0,
2026-09-05T15:37:09.500832+00:00,07_end_to_end_paired,8,8,8.5,13.1,30.49,1501.03,NVIDIA GeForce RTX 4060 Ti,49,47.96,20,3322.6,16380.0,
2026-09-05T15:37:19.564841+00:00,07_end_to_end_paired,8,8,8.6,13.1,30.49,1501.03,NVIDIA GeForce RTX 4060 Ti,49,47.87,20,3322.6,16380.0,
2026-09-05T15:37:29.628833+00:00,07_end_to_end_paired,8,8,8.9,13.1,30.49,1501.03,NVIDIA GeForce RTX 4060 Ti,49,48.05,26,3322.6,16380.0,
2026-09-05T15:37:39.692834+00:00,07_end_to_end_paired,8,8,8.6,13.12,30.49,1501.03,NVIDIA GeForce RTX 4060 Ti,49,47.85,38,3322.6,16380.0,
2026-09-05T15:37:49.756824+00:00,07_end_to_end_paired,8,8,8.5,13.12,30.49,1501.03,NVIDIA GeForce RTX 4060 Ti,50,48.1,16,3322.6,16380.0,
2026-09-05T15:37:59.820830+00:00,07_end_to_end_paired,8,8,8.5,13.1,30.49,1501.03,NVIDIA GeForce RTX 4060 Ti,50,48.07,14,3322.6,16380.0,
2026-09-05T15:38:09.885601+00:00,07_end_to_end_paired,8,8,8.5,13.12,30.49,1501.03,NVIDIA GeForce RTX 4060 Ti,49,47.44,20,3322.6,16380.0,
2026-09-05T15:38:19.949971+00:00,07_end_to_end_paired,8,8,8.5,13.12,30.49,1501.03,NVIDIA GeForce RTX 4060 Ti,49,46.9,20,3322.6,16380.0,
2026-09-05T15:38:30.017830+00:00,07_end_to_end_paired,8,8,8.6,13.16,30.49,1501.03,NVIDIA GeForce RTX 4060 Ti,49,47.02,21,3322.6,16380.0,
2026-09-05T15:38:40.081826+00:00,07_end_to_end_paired,8,8,8.6,13.16,30.49,1501.03,NVIDIA GeForce RTX 4060 Ti,49,47.05,20,3322.6,16380.0,
2026-09-05T15:38:50.145830+00:00,07_end_to_end_paired,8,8,8.5,13.14,30.49,1501.03,NVIDIA GeForce RTX 4060 Ti,49,48.06,20,3322.6,16380.0,
2026-09-05T15:39:00.196964+00:00,07_end_to_end_paired,8,8,8.5,13.14,30.49,1501.03,NVIDIA GeForce RTX 4060 Ti,49,48.47,20,3322.6,16380.0,
2026-09-05T15:39:10.236107+00:00,07_end_to_end_paired,8,8,8.5,13.14,30.49,1501.03,NVIDIA GeForce RTX 4060 Ti,49,48.51,20,3322.6,16380.0,
2026-09-05T15:39:20.299821+00:00,07_end_to_end_paired,8,8,8.5,13.14,30.49,1501.03,NVIDIA GeForce RTX 4060 Ti,49,46.76,20,3322.6,16380.0,
2026-09-05T15:39:30.363822+00:00,07_end_to_end_paired,8,8,8.5,13.13,30.49,1501.03,NVIDIA GeForce RTX 4060 Ti,49,46.82,20,3322.6,16380.0,
2026-09-05T15:39:40.427821+00:00,07_end_to_end_paired,8,8,8.5,13.11,30.49,1501.03,NVIDIA GeForce RTX 4060 Ti,49,46.96,20,3322.6,16380.0,
2026-09-05T15:39:50.491823+00:00,07_end_to_end_paired,8,8,8.5,13.12,30.49,1501.03,NVIDIA GeForce RTX 4060 Ti,50,46.69,44,3322.6,16380.0,
2026-09-05T15:40:00.555989+00:00,07_end_to_end_paired,8,8,8.5,13.11,30.49,1501.03,NVIDIA GeForce RTX 4060 Ti,50,46.86,43,3322.6,16380.0,
2026-09-05T15:40:10.619820+00:00,07_end_to_end_paired,8,8,8.5,13.1,30.49,1501.03,NVIDIA GeForce RTX 4060 Ti,50,46.72,14,3322.6,16380.0,
2026-09-05T15:40:20.682846+00:00,07_end_to_end_paired,8,8,8.5,13.12,30.49,1501.03,NVIDIA GeForce RTX 4060 Ti,50,46.48,7,3322.6,16380.0,
2026-09-05T15:40:30.750826+00:00,07_end_to_end_paired,8,8,8.5,13.12,30.49,1501.03,NVIDIA GeForce RTX 4060 Ti,49,46.56,20,3322.6,16380.0,
2026-09-05T15:40:40.813844+00:00,07_end_to_end_paired,8,8,8.6,13.12,30.49,1501.03,NVIDIA GeForce RTX 4060 Ti,49,46.91,20,3322.6,16380.0,
2026-09-05T15:40:50.876829+00:00,07_end_to_end_paired,9,9,7.2,13.09,30.49,1501.03,NVIDIA GeForce RTX 4060 Ti,50,48.08,11,3322.6,16380.0,
2026-09-05T15:41:00.940828+00:00,07_end_to_end_paired,9,9,8.5,13.12,30.49,1501.03,NVIDIA GeForce RTX 4060 Ti,51,48.62,10,3322.6,16380.0,
2026-09-05T15:41:11.004825+00:00,07_end_to_end_paired,9,9,8.5,13.11,30.49,1501.03,NVIDIA GeForce RTX 4060 Ti,48,48.36,13,3322.6,16380.0,
2026-09-05T15:41:21.068823+00:00,07_end_to_end_paired,9,9,8.5,13.1,30.49,1501.03,NVIDIA GeForce RTX 4060 Ti,48,46.72,12,3322.6,16380.0,
2026-09-05T15:41:31.133191+00:00,07_end_to_end_paired,9,9,8.5,13.11,30.49,1501.03,NVIDIA GeForce RTX 4060 Ti,49,46.97,20,3322.6,16380.0,
2026-09-05T15:41:41.197656+00:00,07_end_to_end_paired,9,9,8.5,13.1,30.49,1501.03,NVIDIA GeForce RTX 4060 Ti,49,46.7,20,3322.6,16380.0,
2026-09-05T15:41:51.262043+00:00,07_end_to_end_paired,9,9,8.5,13.1,30.49,1501.03,NVIDIA GeForce RTX 4060 Ti,49,46.77,20,3322.6,16380.0,
2026-09-05T15:42:01.325837+00:00,07_end_to_end_paired,9,9,8.5,13.1,30.49,1501.03,NVIDIA GeForce RTX 4060 Ti,49,47.04,20,3322.6,16380.0,
2026-09-05T15:42:11.394837+00:00,07_end_to_end_paired,9,9,8.6,13.09,30.49,1501.03,NVIDIA GeForce RTX 4060 Ti,49,46.49,20,3322.6,16380.0,
2026-09-05T15:42:21.458854+00:00,07_end_to_end_paired,9,9,8.5,13.1,30.49,1501.03,NVIDIA GeForce RTX 4060 Ti,49,47.66,20,3322.6,16380.0,
2026-09-05T15:42:31.522837+00:00,07_end_to_end_paired,9,9,8.6,13.11,30.49,1501.03,NVIDIA GeForce RTX 4060 Ti,49,48.13,20,3322.6,16380.0,
2026-09-05T15:42:41.586833+00:00,07_end_to_end_paired,9,9,8.6,13.13,30.49,1501.03,NVIDIA GeForce RTX 4060 Ti,49,48.2,20,3322.6,16380.0,
2026-09-05T15:42:51.651275+00:00,07_end_to_end_paired,9,9,8.5,13.12,30.49,1501.03,NVIDIA GeForce RTX 4060 Ti,49,48.48,20,3322.6,16380.0,
2026-09-05T15:43:01.714825+00:00,07_end_to_end_paired,9,9,8.5,13.11,30.49,1501.03,NVIDIA GeForce RTX 4060 Ti,49,46.8,21,3322.6,16380.0,
2026-09-05T15:43:11.778822+00:00,07_end_to_end_paired,9,9,8.6,13.11,30.49,1501.03,NVIDIA GeForce RTX 4060 Ti,49,46.73,22,3322.6,16380.0,
2026-09-05T15:43:21.843062+00:00,07_end_to_end_paired,9,9,8.5,13.11,30.49,1501.03,NVIDIA GeForce RTX 4060 Ti,49,47.09,22,3322.6,16380.0,
2026-09-05T15:43:31.906823+00:00,07_end_to_end_paired,9,9,8.6,13.13,30.49,1501.03,NVIDIA GeForce RTX 4060 Ti,49,46.6,21,3322.6,16380.0,
2026-09-05T15:43:41.970823+00:00,07_end_to_end_paired,9,9,8.6,13.13,30.49,1501.03,NVIDIA GeForce RTX 4060 Ti,51,47.84,45,3322.6,16380.0,
2026-09-05T15:43:52.034834+00:00,07_end_to_end_paired,9,9,8.6,13.08,30.49,1501.03,NVIDIA GeForce RTX 4060 Ti,49,47.71,6,3322.6,16380.0,
2026-09-05T15:44:02.099144+00:00,07_end_to_end_paired,9,9,8.5,13.09,30.49,1501.03,NVIDIA GeForce RTX 4060 Ti,49,46.85,16,3322.6,16380.0,
2026-09-05T15:44:12.162827+00:00,07_end_to_end_paired,9,9,8.6,13.09,30.49,1501.03,NVIDIA GeForce RTX 4060 Ti,49,46.95,20,3322.6,16380.0,
2026-09-05T15:44:22.226840+00:00,07_end_to_end_paired,9,9,8.6,13.09,30.49,1501.03,NVIDIA GeForce RTX 4060 Ti,49,47.1,20,3322.6,16380.0,
2026-09-05T15:44:32.291231+00:00,07_end_to_end_paired,9,9,8.6,13.1,30.49,1501.03,NVIDIA GeForce RTX 4060 Ti,49,46.68,20,3322.6,16380.0,
2026-09-05T15:44:42.354838+00:00,07_end_to_end_paired,9,9,8.6,13.09,30.49,1501.03,NVIDIA GeForce RTX 4060 Ti,49,47.99,19,3322.6,16380.0,
2026-09-05T15:44:52.419836+00:00,07_end_to_end_paired,9,9,8.5,13.09,30.49,1501.03,NVIDIA GeForce RTX 4060 Ti,49,46.56,20,3322.6,16380.0,
2026-09-05T15:45:02.483825+00:00,07_end_to_end_paired,9,9,8.5,13.08,30.49,1501.03,NVIDIA GeForce RTX 4060 Ti,50,46.9,7,3322.6,16380.0,
2026-09-05T15:45:12.547844+00:00,07_end_to_end_paired,9,9,8.5,13.09,30.49,1501.03,NVIDIA GeForce RTX 4060 Ti,50,47.23,12,3322.6,16380.0,
2026-09-05T15:45:22.611824+00:00,07_end_to_end_paired,9,9,8.5,13.09,30.49,1501.03,NVIDIA GeForce RTX 4060 Ti,50,46.68,16,3322.6,16380.0,
2026-09-05T15:45:32.676245+00:00,07_end_to_end_paired,9,9,8.5,13.09,30.49,1501.03,NVIDIA GeForce RTX 4060 Ti,50,46.47,15,3322.6,16380.0,
2026-09-05T15:45:42.739832+00:00,07_end_to_end_paired,9,9,8.5,13.1,30.49,1501.03,NVIDIA GeForce RTX 4060 Ti,51,46.6,17,3322.6,16380.0,
2026-09-05T15:45:52.805293+00:00,07_end_to_end_paired,9,9,8.5,13.09,30.49,1501.03,NVIDIA GeForce RTX 4060 Ti,50,46.99,20,3322.6,16380.0,
2026-09-05T15:46:02.869810+00:00,07_end_to_end_paired,9,9,8.5,13.09,30.49,1501.03,NVIDIA GeForce RTX 4060 Ti,51,47.98,9,3322.6,16380.0,
2026-09-05T15:46:12.927967+00:00,07_end_to_end_paired,9,9,8.5,13.09,30.49,1501.03,NVIDIA GeForce RTX 4060 Ti,48,47.85,14,3322.6,16380.0,
2026-09-05T15:46:22.992363+00:00,07_end_to_end_paired,9,9,8.5,13.1,30.49,1501.03,NVIDIA GeForce RTX 4060 Ti,49,48.06,20,3322.6,16380.0,
2026-09-05T15:46:33.018846+00:00,07_end_to_end_paired,9,9,8.6,13.09,30.49,1501.03,NVIDIA GeForce RTX 4060 Ti,49,48.02,20,3322.6,16380.0,
2026-09-05T15:46:43.075508+00:00,07_end_to_end_paired,9,9,8.5,13.1,30.49,1501.03,NVIDIA GeForce RTX 4060 Ti,49,48.25,20,3322.6,16380.0,
2026-09-05T15:46:53.138835+00:00,07_end_to_end_paired,9,9,8.5,13.11,30.49,1501.03,NVIDIA GeForce RTX 4060 Ti,49,47.17,20,3322.6,16380.0,
2026-09-05T15:47:03.186241+00:00,07_end_to_end_paired,9,9,8.5,13.1,30.49,1501.03,NVIDIA GeForce RTX 4060 Ti,49,47.77,25,3322.6,16380.0,
2026-09-05T15:47:13.250832+00:00,07_end_to_end_paired,9,9,8.5,13.1,30.49,1501.03,NVIDIA GeForce RTX 4060 Ti,49,48.01,38,3322.6,16380.0,
2026-09-05T15:47:23.314818+00:00,07_end_to_end_paired,9,9,8.6,13.09,30.49,1501.03,NVIDIA GeForce RTX 4060 Ti,49,46.61,20,3322.6,16380.0,
2026-09-05T15:47:33.378516+00:00,07_end_to_end_paired,9,9,8.5,13.1,30.49,1501.03,NVIDIA GeForce RTX 4060 Ti,49,46.61,20,3322.6,16380.0,
2026-09-05T15:47:43.441847+00:00,07_end_to_end_paired,9,9,8.5,13.09,30.49,1501.03,NVIDIA GeForce RTX 4060 Ti,49,46.31,20,3322.6,16380.0,
2026-09-05T15:47:53.508837+00:00,07_end_to_end_paired,9,9,8.5,13.09,30.49,1501.03,NVIDIA GeForce RTX 4060 Ti,49,47.75,21,3322.6,16380.0,
2026-09-05T15:48:03.572857+00:00,07_end_to_end_paired,9,9,8.6,13.1,30.49,1501.03,NVIDIA GeForce RTX 4060 Ti,49,46.15,33,3322.6,16380.0,
2026-09-05T15:48:13.636828+00:00,07_end_to_end_paired,9,9,8.5,13.09,30.49,1501.03,NVIDIA GeForce RTX 4060 Ti,49,48.38,20,3322.6,16380.0,
2026-09-05T15:48:23.700836+00:00,07_end_to_end_paired,9,9,8.5,13.1,30.49,1501.03,NVIDIA GeForce RTX 4060 Ti,49,46.55,20,3322.6,16380.0,
2026-09-05T15:48:33.764825+00:00,07_end_to_end_paired,9,9,8.7,13.11,30.49,1501.03,NVIDIA GeForce RTX 4060 Ti,49,46.92,20,3322.6,16380.0,
2026-09-05T15:48:43.828830+00:00,07_end_to_end_paired,9,9,8.6,13.08,30.49,1501.03,NVIDIA GeForce RTX 4060 Ti,49,46.62,20,3322.6,16380.0,
2026-09-05T15:48:53.892832+00:00,07_end_to_end_paired,9,9,8.5,13.07,30.49,1501.03,NVIDIA GeForce RTX 4060 Ti,49,46.61,20,3322.6,16380.0,
2026-09-05T15:49:03.956822+00:00,07_end_to_end_paired,9,9,8.5,13.08,30.49,1501.03,NVIDIA GeForce RTX 4060 Ti,49,46.67,20,3322.6,16380.0,
2026-09-05T15:49:14.020824+00:00,07_end_to_end_paired,9,9,8.5,13.09,30.49,1501.03,NVIDIA GeForce RTX 4060 Ti,50,46.64,23,3322.6,16380.0,
2026-09-05T15:49:24.065830+00:00,07_end_to_end_paired,9,9,8.5,13.09,30.49,1501.03,NVIDIA GeForce RTX 4060 Ti,49,47.96,6,3322.6,16380.0,
2026-09-05T15:49:34.130237+00:00,07_end_to_end_paired,9,9,8.5,13.09,30.49,1501.03,NVIDIA GeForce RTX 4060 Ti,49,46.72,12,3322.6,16380.0,
2026-09-05T15:49:44.193841+00:00,07_end_to_end_paired,9,9,8.6,13.09,30.49,1501.03,NVIDIA GeForce RTX 4060 Ti,49,46.74,14,3322.6,16380.0,
2026-09-05T15:49:54.217753+00:00,07_end_to_end_paired,9,9,8.5,13.09,30.49,1501.03,NVIDIA GeForce RTX 4060 Ti,48,46.66,17,3322.6,16380.0,
2026-09-05T15:50:04.244069+00:00,07_end_to_end_paired,9,9,8.5,13.08,30.49,1501.03,NVIDIA GeForce RTX 4060 Ti,49,46.95,20,3322.6,16380.0,
2026-09-05T15:50:14.262864+00:00,07_end_to_end_paired,9,9,8.5,13.09,30.49,1501.03,NVIDIA GeForce RTX 4060 Ti,49,46.77,19,3322.6,16380.0,
2026-09-05T15:50:24.313021+00:00,07_end_to_end_paired,9,9,8.5,13.07,30.49,1501.03,NVIDIA GeForce RTX 4060 Ti,51,46.33,18,3322.6,16380.0,
2026-09-05T15:50:34.360230+00:00,07_end_to_end_paired,9,9,8.5,13.07,30.49,1501.03,NVIDIA GeForce RTX 4060 Ti,50,47.93,19,3322.6,16380.0,
2026-09-05T15:50:44.402964+00:00,07_end_to_end_paired,9,9,8.6,13.07,30.49,1501.03,NVIDIA GeForce RTX 4060 Ti,49,46.7,20,3322.6,16380.0,
2026-09-05T15:50:54.451821+00:00,07_end_to_end_paired,9,9,8.6,13.07,30.49,1501.03,NVIDIA GeForce RTX 4060 Ti,49,46.56,22,3322.6,16380.0,
2026-09-05T15:51:04.514852+00:00,07_end_to_end_paired,9,9,8.5,13.05,30.49,1501.03,NVIDIA GeForce RTX 4060 Ti,49,46.58,24,3322.6,16380.0,
2026-09-05T15:51:14.577844+00:00,07_end_to_end_paired,9,9,8.8,13.04,30.49,1501.03,NVIDIA GeForce RTX 4060 Ti,49,46.37,42,3322.6,16380.0,
2026-09-05T15:51:24.636198+00:00,07_end_to_end_paired,9,9,8.6,13.06,30.49,1501.03,NVIDIA GeForce RTX 4060 Ti,49,46.65,25,3322.6,16380.0,
2026-09-05T15:51:34.703830+00:00,07_end_to_end_paired,9,9,8.5,13.07,30.49,1501.03,NVIDIA GeForce RTX 4060 Ti,49,48.16,22,3322.6,16380.0,
2026-09-05T15:51:44.767823+00:00,07_end_to_end_paired,9,9,8.5,13.06,30.49,1501.03,NVIDIA GeForce RTX 4060 Ti,49,47.0,24,3322.6,16380.0,
2026-09-05T15:51:54.817607+00:00,07_end_to_end_paired,9,9,8.5,13.05,30.49,1501.03,NVIDIA GeForce RTX 4060 Ti,49,47.41,20,3322.6,16380.0,
2026-09-05T15:52:04.870300+00:00,07_end_to_end_paired,9,9,8.5,13.07,30.49,1501.03,NVIDIA GeForce RTX 4060 Ti,49,47.05,21,3322.6,16380.0,
2026-09-05T15:52:14.900854+00:00,07_end_to_end_paired,9,9,8.5,13.08,30.49,1501.03,NVIDIA GeForce RTX 4060 Ti,49,46.97,24,3322.6,16380.0,
2026-09-05T15:52:24.960931+00:00,07_end_to_end_paired,9,9,9.0,13.07,30.49,1501.03,NVIDIA GeForce RTX 4060 Ti,49,46.72,40,3355.1,16380.0,
