timestamp_utc,current_experiment,current_repetition,current_seed,cpu_pct,ram_used_gb,ram_total_gb,disk_free_gb,gpu_name,gpu_temp_c,gpu_power_w,gpu_util_pct,gpu_mem_used_mb,gpu_mem_total_mb,gpu_error
2026-09-06T14:32:34.748641+00:00,,,,0.0,4.37,60.43,58.16,NVIDIA GeForce RTX 4090,31,26.99,0,628.8,24564.0,
2026-09-06T14:32:44.765276+00:00,01_yolo26_main,0,0,5.9,7.88,60.43,58.16,NVIDIA GeForce RTX 4090,39,203.36,80,4706.1,24564.0,
2026-09-06T14:32:54.776575+00:00,01_yolo26_main,0,0,5.9,8.17,60.43,57.77,NVIDIA GeForce RTX 4090,41,207.97,83,4916.1,24564.0,
2026-09-06T14:33:04.788279+00:00,01_yolo26_main,0,0,5.6,8.01,60.43,57.77,NVIDIA GeForce RTX 4090,42,212.87,83,4916.1,24564.0,
2026-09-06T14:33:14.799439+00:00,01_yolo26_main,0,0,5.7,8.3,60.43,57.77,NVIDIA GeForce RTX 4090,39,133.14,83,4916.1,24564.0,
2026-09-06T14:33:24.811255+00:00,01_yolo26_main,0,0,5.8,8.22,60.43,57.77,NVIDIA GeForce RTX 4090,43,210.63,84,4916.1,24564.0,
2026-09-06T14:33:34.822699+00:00,01_yolo26_main,0,0,6.5,8.23,60.43,57.77,NVIDIA GeForce RTX 4090,42,124.9,2,4916.1,24564.0,
2026-09-06T14:33:44.834411+00:00,01_yolo26_main,0,0,5.8,7.16,60.43,57.77,NVIDIA GeForce RTX 4090,45,210.14,81,4916.1,24564.0,
2026-09-06T14:33:54.845865+00:00,01_yolo26_main,0,0,5.7,7.18,60.43,57.77,NVIDIA GeForce RTX 4090,45,196.53,83,4916.1,24564.0,
2026-09-06T14:34:04.857133+00:00,01_yolo26_main,0,0,5.8,7.04,60.43,57.77,NVIDIA GeForce RTX 4090,47,207.38,83,4916.1,24564.0,
2026-09-06T14:34:14.869411+00:00,01_yolo26_main,0,0,5.8,7.15,60.43,57.77,NVIDIA GeForce RTX 4090,46,207.45,82,4916.1,24564.0,
2026-09-06T14:34:24.881092+00:00,01_yolo26_main,0,0,5.8,7.02,60.43,57.77,NVIDIA GeForce RTX 4090,47,207.94,81,4916.1,24564.0,
2026-09-06T14:34:34.893630+00:00,01_yolo26_main,0,0,5.7,6.88,60.43,57.77,NVIDIA GeForce RTX 4090,48,206.89,82,4916.1,24564.0,
2026-09-06T14:34:44.906211+00:00,01_yolo26_main,0,0,5.7,6.93,60.43,57.77,NVIDIA GeForce RTX 4090,48,203.75,83,4916.1,24564.0,
2026-09-06T14:34:54.918138+00:00,01_yolo26_main,0,0,5.6,7.12,60.43,57.77,NVIDIA GeForce RTX 4090,47,207.31,82,4916.1,24564.0,
2026-09-06T14:35:04.929620+00:00,01_yolo26_main,0,0,5.7,7.09,60.43,57.77,NVIDIA GeForce RTX 4090,46,161.34,83,4916.1,24564.0,
2026-09-06T14:35:14.940984+00:00,01_yolo26_main,0,0,5.7,7.05,60.43,57.77,NVIDIA GeForce RTX 4090,48,207.25,81,4916.1,24564.0,
2026-09-06T14:35:24.952402+00:00,01_yolo26_main,0,0,5.6,7.08,60.43,57.77,NVIDIA GeForce RTX 4090,44,125.78,83,4916.1,24564.0,
2026-09-06T14:35:34.964580+00:00,01_yolo26_main,0,0,5.8,7.14,60.43,57.77,NVIDIA GeForce RTX 4090,49,207.56,78,4916.1,24564.0,
2026-09-06T14:35:44.976516+00:00,01_yolo26_main,0,0,5.7,7.19,60.43,57.77,NVIDIA GeForce RTX 4090,48,157.9,15,4916.1,24564.0,
2026-09-06T14:35:54.988015+00:00,01_yolo26_main,0,0,5.8,7.01,60.43,57.77,NVIDIA GeForce RTX 4090,50,206.57,81,4916.1,24564.0,
2026-09-06T14:36:04.999478+00:00,01_yolo26_main,0,0,5.7,7.21,60.43,57.77,NVIDIA GeForce RTX 4090,49,203.83,82,4916.1,24564.0,
2026-09-06T14:36:15.011127+00:00,01_yolo26_main,0,0,5.7,7.17,60.43,57.77,NVIDIA GeForce RTX 4090,49,206.73,81,4916.1,24564.0,
2026-09-06T14:36:25.023972+00:00,01_yolo26_main,0,0,5.7,7.25,60.43,57.77,NVIDIA GeForce RTX 4090,49,207.88,83,4916.1,24564.0,
2026-09-06T14:36:35.035936+00:00,01_yolo26_main,0,0,5.8,7.02,60.43,57.77,NVIDIA GeForce RTX 4090,50,206.09,84,4916.1,24564.0,
2026-09-06T14:36:45.047412+00:00,01_yolo26_main,0,0,5.7,7.11,60.43,57.77,NVIDIA GeForce RTX 4090,50,207.49,81,4916.1,24564.0,
2026-09-06T14:36:55.059479+00:00,01_yolo26_main,0,0,5.7,6.97,60.43,57.77,NVIDIA GeForce RTX 4090,51,206.3,80,4916.1,24564.0,
2026-09-06T14:37:05.070940+00:00,01_yolo26_main,0,0,5.7,7.25,60.43,57.77,NVIDIA GeForce RTX 4090,50,206.67,80,4916.1,24564.0,
2026-09-06T14:37:15.082337+00:00,01_yolo26_main,0,0,5.7,7.16,60.43,57.77,NVIDIA GeForce RTX 4090,46,168.27,7,4916.1,24564.0,
2026-09-06T14:37:25.093382+00:00,01_yolo26_main,0,0,5.5,7.21,60.43,57.77,NVIDIA GeForce RTX 4090,50,206.9,82,4916.1,24564.0,
2026-09-06T14:37:35.105985+00:00,01_yolo26_main,0,0,5.2,6.97,60.43,57.77,NVIDIA GeForce RTX 4090,50,206.03,81,4916.1,24564.0,
2026-09-06T14:37:45.117015+00:00,01_yolo26_main,0,0,4.6,7.18,60.43,57.77,NVIDIA GeForce RTX 4090,50,140.64,80,4916.1,24564.0,
2026-09-06T14:37:55.128414+00:00,01_yolo26_main,0,0,4.5,7.08,60.43,57.77,NVIDIA GeForce RTX 4090,50,205.49,80,4916.1,24564.0,
2026-09-06T14:38:05.140038+00:00,01_yolo26_main,0,0,4.4,7.07,60.43,57.77,NVIDIA GeForce RTX 4090,49,207.06,80,4916.1,24564.0,
2026-09-06T14:38:15.151387+00:00,01_yolo26_main,0,0,4.7,6.98,60.43,57.77,NVIDIA GeForce RTX 4090,50,206.13,82,4916.1,24564.0,
2026-09-06T14:38:25.164081+00:00,01_yolo26_main,0,0,4.9,7.14,60.43,57.77,NVIDIA GeForce RTX 4090,47,97.49,84,4916.1,24564.0,
2026-09-06T14:38:35.175970+00:00,01_yolo26_main,0,0,5.0,6.88,60.43,57.77,NVIDIA GeForce RTX 4090,50,207.15,84,4916.1,24564.0,
2026-09-06T14:38:45.186994+00:00,01_yolo26_main,0,0,5.7,6.89,60.43,57.77,NVIDIA GeForce RTX 4090,49,196.67,77,4916.1,24564.0,
2026-09-06T14:38:55.197675+00:00,01_yolo26_main,0,0,4.0,7.0,60.43,57.77,NVIDIA GeForce RTX 4090,47,111.2,85,4916.1,24564.0,
2026-09-06T14:39:05.209613+00:00,01_yolo26_main,0,0,5.8,6.94,60.43,57.77,NVIDIA GeForce RTX 4090,49,205.64,77,4916.1,24564.0,
2026-09-06T14:39:15.221407+00:00,01_yolo26_main,0,0,5.6,6.97,60.43,57.77,NVIDIA GeForce RTX 4090,49,177.86,82,4916.1,24564.0,
2026-09-06T14:39:25.233585+00:00,01_yolo26_main,0,0,5.5,6.95,60.43,57.77,NVIDIA GeForce RTX 4090,49,206.77,78,4916.1,24564.0,
2026-09-06T14:39:35.246095+00:00,01_yolo26_main,0,0,5.0,6.98,60.43,57.77,NVIDIA GeForce RTX 4090,44,62.75,0,4916.1,24564.0,
2026-09-06T14:39:45.257178+00:00,01_yolo26_main,0,0,5.7,6.88,60.43,57.77,NVIDIA GeForce RTX 4090,50,206.77,85,4916.1,24564.0,
2026-09-06T14:39:55.269011+00:00,01_yolo26_main,0,0,4.6,6.83,60.43,57.77,NVIDIA GeForce RTX 4090,49,207.77,83,4916.1,24564.0,
2026-09-06T14:40:05.280781+00:00,01_yolo26_main,0,0,5.7,7.02,60.43,57.77,NVIDIA GeForce RTX 4090,51,206.51,84,4916.1,24564.0,
2026-09-06T14:40:15.292534+00:00,01_yolo26_main,0,0,5.8,6.98,60.43,57.77,NVIDIA GeForce RTX 4090,51,210.11,85,4916.1,24564.0,
2026-09-06T14:40:25.303928+00:00,01_yolo26_main,0,0,5.0,7.01,60.43,57.77,NVIDIA GeForce RTX 4090,50,197.94,86,4916.1,24564.0,
2026-09-06T14:40:35.315826+00:00,01_yolo26_main,0,0,5.8,6.92,60.43,57.77,NVIDIA GeForce RTX 4090,51,206.43,82,4916.1,24564.0,
2026-09-06T14:40:45.328375+00:00,01_yolo26_main,0,0,4.6,6.82,60.43,57.77,NVIDIA GeForce RTX 4090,50,199.53,80,4916.1,24564.0,
2026-09-06T14:40:55.340030+00:00,01_yolo26_main,0,0,5.6,6.89,60.43,57.77,NVIDIA GeForce RTX 4090,50,206.48,79,4916.1,24564.0,
2026-09-06T14:41:05.351754+00:00,01_yolo26_main,0,0,5.7,7.13,60.43,57.77,NVIDIA GeForce RTX 4090,46,149.47,9,4916.1,24564.0,
2026-09-06T14:41:15.363655+00:00,01_yolo26_main,0,0,5.8,6.98,60.43,57.77,NVIDIA GeForce RTX 4090,50,209.06,80,4916.1,24564.0,
2026-09-06T14:41:25.374754+00:00,01_yolo26_main,0,0,5.7,7.03,60.43,57.77,NVIDIA GeForce RTX 4090,50,164.07,86,4916.1,24564.0,
2026-09-06T14:41:35.386346+00:00,01_yolo26_main,0,0,5.7,6.92,60.43,57.77,NVIDIA GeForce RTX 4090,50,208.43,82,4916.1,24564.0,
2026-09-06T14:41:45.397627+00:00,01_yolo26_main,0,0,5.7,7.0,60.43,57.77,NVIDIA GeForce RTX 4090,51,199.68,83,5126.1,24564.0,
2026-09-06T14:41:55.409250+00:00,01_yolo26_main,0,0,5.8,6.96,60.43,57.77,NVIDIA GeForce RTX 4090,51,206.92,81,5126.1,24564.0,
2026-09-06T14:42:05.421202+00:00,01_yolo26_main,0,0,5.7,7.02,60.43,57.77,NVIDIA GeForce RTX 4090,51,211.07,82,5126.1,24564.0,
2026-09-06T14:42:15.432418+00:00,01_yolo26_main,0,0,5.0,6.82,60.43,57.77,NVIDIA GeForce RTX 4090,51,207.22,82,5126.1,24564.0,
2026-09-06T14:42:25.444933+00:00,01_yolo26_main,0,0,5.1,7.13,60.43,57.77,NVIDIA GeForce RTX 4090,45,62.83,0,5126.1,24564.0,
2026-09-06T14:42:35.456166+00:00,01_yolo26_main,0,0,5.5,6.95,60.43,57.77,NVIDIA GeForce RTX 4090,51,208.22,84,5126.1,24564.0,
2026-09-06T14:42:45.468743+00:00,01_yolo26_main,0,0,5.6,7.08,60.43,57.77,NVIDIA GeForce RTX 4090,49,143.5,40,5126.1,24564.0,
2026-09-06T14:42:55.479782+00:00,01_yolo26_main,0,0,5.0,6.9,60.43,57.77,NVIDIA GeForce RTX 4090,51,206.81,81,5126.1,24564.0,
2026-09-06T14:43:05.490927+00:00,01_yolo26_main,0,0,4.6,6.86,60.43,57.77,NVIDIA GeForce RTX 4090,50,207.05,82,5126.1,24564.0,
2026-09-06T14:43:15.503101+00:00,01_yolo26_main,0,0,5.7,6.97,60.43,57.77,NVIDIA GeForce RTX 4090,50,149.74,84,5126.1,24564.0,
2026-09-06T14:43:25.515411+00:00,01_yolo26_main,0,0,5.8,6.89,60.43,57.77,NVIDIA GeForce RTX 4090,51,204.21,82,5126.1,24564.0,
2026-09-06T14:43:35.527411+00:00,01_yolo26_main,0,0,5.0,7.02,60.43,57.77,NVIDIA GeForce RTX 4090,44,79.05,0,5126.1,24564.0,
2026-09-06T14:43:45.539883+00:00,01_yolo26_main,0,0,4.4,6.93,60.43,57.77,NVIDIA GeForce RTX 4090,49,199.61,83,5126.1,24564.0,
2026-09-06T14:43:55.551225+00:00,01_yolo26_main,0,0,5.7,6.85,60.43,57.77,NVIDIA GeForce RTX 4090,49,207.16,81,5126.1,24564.0,
2026-09-06T14:44:05.562385+00:00,01_yolo26_main,0,0,5.2,6.87,60.43,57.77,NVIDIA GeForce RTX 4090,49,153.5,84,5126.1,24564.0,
2026-09-06T14:44:15.574885+00:00,01_yolo26_main,0,0,5.8,6.84,60.43,57.77,NVIDIA GeForce RTX 4090,50,208.14,82,5126.1,24564.0,
2026-09-06T14:44:25.586449+00:00,01_yolo26_main,0,0,5.7,6.93,60.43,57.77,NVIDIA GeForce RTX 4090,51,203.56,80,5126.1,24564.0,
2026-09-06T14:44:35.597787+00:00,01_yolo26_main,0,0,5.8,6.85,60.43,57.77,NVIDIA GeForce RTX 4090,51,207.52,81,5126.1,24564.0,
2026-09-06T14:44:45.610383+00:00,01_yolo26_main,0,0,5.4,7.01,60.43,57.77,NVIDIA GeForce RTX 4090,51,206.76,82,5126.1,24564.0,
2026-09-06T14:44:55.621936+00:00,01_yolo26_main,0,0,4.6,6.97,60.43,57.77,NVIDIA GeForce RTX 4090,51,207.34,82,5126.1,24564.0,
2026-09-06T14:45:05.633328+00:00,01_yolo26_main,0,0,5.7,6.95,60.43,57.77,NVIDIA GeForce RTX 4090,46,157.53,82,5126.1,24564.0,
2026-09-06T14:45:15.644397+00:00,01_yolo26_main,0,0,5.8,6.97,60.43,57.77,NVIDIA GeForce RTX 4090,50,208.91,82,5126.1,24564.0,
2026-09-06T14:45:25.655534+00:00,01_yolo26_main,0,0,5.7,6.97,60.43,57.77,NVIDIA GeForce RTX 4090,49,146.42,8,5126.1,24564.0,
2026-09-06T14:45:35.668567+00:00,01_yolo26_main,0,0,5.7,6.84,60.43,57.77,NVIDIA GeForce RTX 4090,51,206.2,83,5126.1,24564.0,
2026-09-06T14:45:45.680528+00:00,01_yolo26_main,0,0,5.6,6.96,60.43,57.77,NVIDIA GeForce RTX 4090,51,157.55,62,5126.1,24564.0,
2026-09-06T14:45:55.692545+00:00,01_yolo26_main,0,0,5.8,6.87,60.43,57.77,NVIDIA GeForce RTX 4090,51,208.66,84,5126.1,24564.0,
2026-09-06T14:46:05.704169+00:00,01_yolo26_main,0,0,5.7,6.93,60.43,57.77,NVIDIA GeForce RTX 4090,51,206.88,80,5126.1,24564.0,
2026-09-06T14:46:15.716438+00:00,01_yolo26_main,0,0,5.8,6.84,60.43,57.77,NVIDIA GeForce RTX 4090,51,207.71,82,5126.1,24564.0,
2026-09-06T14:46:25.728279+00:00,01_yolo26_main,0,0,5.6,7.01,60.43,57.77,NVIDIA GeForce RTX 4090,52,208.98,84,5126.1,24564.0,
2026-09-06T14:46:35.739215+00:00,01_yolo26_main,0,0,5.7,6.87,60.43,57.77,NVIDIA GeForce RTX 4090,50,206.27,80,5126.1,24564.0,
2026-09-06T14:46:45.751153+00:00,01_yolo26_main,0,0,5.7,6.98,60.43,57.77,NVIDIA GeForce RTX 4090,52,208.91,82,5126.1,24564.0,
2026-09-06T14:46:55.763431+00:00,01_yolo26_main,0,0,5.7,6.85,60.43,57.77,NVIDIA GeForce RTX 4090,51,206.8,83,5126.1,24564.0,
2026-09-06T14:47:05.775128+00:00,01_yolo26_main,0,0,5.1,7.06,60.43,57.77,NVIDIA GeForce RTX 4090,51,208.59,87,5126.1,24564.0,
2026-09-06T14:47:15.786724+00:00,01_yolo26_main,0,0,5.8,6.99,60.43,57.77,NVIDIA GeForce RTX 4090,52,208.53,75,5126.1,24564.0,
2026-09-06T14:47:25.798390+00:00,01_yolo26_main,0,0,5.7,7.0,60.43,57.77,NVIDIA GeForce RTX 4090,51,207.81,83,5126.1,24564.0,
2026-09-06T14:47:35.810403+00:00,01_yolo26_main,0,0,5.8,6.92,60.43,57.77,NVIDIA GeForce RTX 4090,52,201.25,78,5126.1,24564.0,
2026-09-06T14:47:45.821242+00:00,01_yolo26_main,0,0,5.0,6.99,60.43,57.77,NVIDIA GeForce RTX 4090,52,208.97,82,5126.1,24564.0,
2026-09-06T14:47:55.833123+00:00,01_yolo26_main,0,0,5.7,6.9,60.43,57.77,NVIDIA GeForce RTX 4090,51,208.07,82,5126.1,24564.0,
2026-09-06T14:48:05.844748+00:00,01_yolo26_main,0,0,5.7,6.83,60.43,57.77,NVIDIA GeForce RTX 4090,52,208.13,82,5126.1,24564.0,
2026-09-06T14:48:15.857149+00:00,01_yolo26_main,0,0,5.8,6.9,60.43,57.77,NVIDIA GeForce RTX 4090,52,207.37,83,5126.1,24564.0,
2026-09-06T14:48:25.867692+00:00,01_yolo26_main,0,0,5.7,6.9,60.43,57.77,NVIDIA GeForce RTX 4090,51,208.63,81,5126.1,24564.0,
2026-09-06T14:48:35.879257+00:00,01_yolo26_main,0,0,5.6,6.95,60.43,57.77,NVIDIA GeForce RTX 4090,47,154.84,79,5126.1,24564.0,
2026-09-06T14:48:45.891490+00:00,01_yolo26_main,0,0,5.7,6.97,60.43,57.77,NVIDIA GeForce RTX 4090,51,209.99,84,5584.1,24564.0,
2026-09-06T14:48:55.903641+00:00,01_yolo26_main,0,0,5.7,6.99,60.43,57.77,NVIDIA GeForce RTX 4090,51,149.51,16,5584.1,24564.0,
2026-09-06T14:49:05.915736+00:00,01_yolo26_main,0,0,4.6,7.05,60.43,57.77,NVIDIA GeForce RTX 4090,52,206.23,80,5584.1,24564.0,
2026-09-06T14:49:15.927867+00:00,01_yolo26_main,0,0,5.7,7.04,60.43,57.77,NVIDIA GeForce RTX 4090,52,206.39,83,5584.1,24564.0,
2026-09-06T14:49:25.939440+00:00,01_yolo26_main,0,0,5.7,6.97,60.43,57.77,NVIDIA GeForce RTX 4090,52,208.83,83,5584.1,24564.0,
2026-09-06T14:49:35.951688+00:00,01_yolo26_main,0,0,5.7,6.88,60.43,57.77,NVIDIA GeForce RTX 4090,52,188.84,83,5584.1,24564.0,
2026-09-06T14:49:45.963054+00:00,01_yolo26_main,0,0,5.7,7.02,60.43,57.77,NVIDIA GeForce RTX 4090,51,205.95,84,5584.1,24564.0,
2026-09-06T14:49:55.974184+00:00,01_yolo26_main,0,0,5.7,6.73,60.43,57.77,NVIDIA GeForce RTX 4090,46,143.43,88,5584.1,24564.0,
2026-09-06T14:50:05.986510+00:00,01_yolo26_main,0,0,5.7,6.9,60.43,57.77,NVIDIA GeForce RTX 4090,51,208.25,80,5584.1,24564.0,
2026-09-06T14:50:15.998317+00:00,01_yolo26_main,0,0,5.7,7.02,60.43,57.77,NVIDIA GeForce RTX 4090,51,173.53,9,5584.1,24564.0,
2026-09-06T14:50:26.009903+00:00,01_yolo26_main,0,0,5.7,6.88,60.43,57.77,NVIDIA GeForce RTX 4090,51,206.69,86,5584.1,24564.0,
2026-09-06T14:50:36.022234+00:00,01_yolo26_main,0,0,5.0,7.06,60.43,57.77,NVIDIA GeForce RTX 4090,45,74.19,0,5584.1,24564.0,
2026-09-06T14:50:46.034360+00:00,01_yolo26_main,0,0,5.8,6.92,60.43,57.77,NVIDIA GeForce RTX 4090,50,207.39,78,5584.1,24564.0,
2026-09-06T14:50:56.045969+00:00,01_yolo26_main,0,0,4.7,6.84,60.43,57.77,NVIDIA GeForce RTX 4090,51,206.75,82,5584.1,24564.0,
2026-09-06T14:51:06.057178+00:00,01_yolo26_main,0,0,5.6,6.93,60.43,57.77,NVIDIA GeForce RTX 4090,50,209.08,85,5584.1,24564.0,
2026-09-06T14:51:16.069005+00:00,01_yolo26_main,0,0,5.8,6.96,60.43,57.77,NVIDIA GeForce RTX 4090,51,207.3,83,5584.1,24564.0,
2026-09-06T14:51:26.080089+00:00,01_yolo26_main,0,0,5.7,6.91,60.43,57.77,NVIDIA GeForce RTX 4090,51,208.38,85,5584.1,24564.0,
2026-09-06T14:51:36.092427+00:00,01_yolo26_main,0,0,5.7,6.9,60.43,57.77,NVIDIA GeForce RTX 4090,47,175.56,4,5584.1,24564.0,
2026-09-06T14:51:46.103674+00:00,01_yolo26_main,0,0,5.6,6.89,60.43,57.77,NVIDIA GeForce RTX 4090,52,207.15,84,5584.1,24564.0,
2026-09-06T14:51:56.115684+00:00,01_yolo26_main,0,0,5.7,7.08,60.43,57.77,NVIDIA GeForce RTX 4090,48,133.41,71,5584.1,24564.0,
2026-09-06T14:52:06.127694+00:00,01_yolo26_main,0,0,5.8,6.97,60.43,57.77,NVIDIA GeForce RTX 4090,51,207.74,86,5584.1,24564.0,
2026-09-06T14:52:16.139059+00:00,01_yolo26_main,0,0,5.7,6.97,60.43,57.77,NVIDIA GeForce RTX 4090,51,150.05,82,5584.1,24564.0,
2026-09-06T14:52:26.150385+00:00,01_yolo26_main,0,0,5.8,6.94,60.43,57.77,NVIDIA GeForce RTX 4090,52,207.04,81,5584.1,24564.0,
2026-09-06T14:52:36.162555+00:00,01_yolo26_main,0,0,5.6,6.93,60.43,57.77,NVIDIA GeForce RTX 4090,50,202.1,83,5584.1,24564.0,
2026-09-06T14:52:46.174249+00:00,01_yolo26_main,0,0,5.8,6.82,60.43,57.77,NVIDIA GeForce RTX 4090,52,208.74,83,5584.1,24564.0,
2026-09-06T14:52:56.186007+00:00,01_yolo26_main,0,0,5.7,7.03,60.43,57.77,NVIDIA GeForce RTX 4090,53,207.13,83,5584.1,24564.0,
2026-09-06T14:53:06.198304+00:00,01_yolo26_main,0,0,5.8,6.85,60.43,57.77,NVIDIA GeForce RTX 4090,52,207.65,83,5584.1,24564.0,
2026-09-06T14:53:16.209508+00:00,01_yolo26_main,0,0,4.9,7.04,60.43,57.77,NVIDIA GeForce RTX 4090,51,190.77,83,5584.1,24564.0,
2026-09-06T14:53:26.220859+00:00,01_yolo26_main,0,0,5.8,6.91,60.43,57.77,NVIDIA GeForce RTX 4090,52,208.48,83,5584.1,24564.0,
2026-09-06T14:53:36.232824+00:00,01_yolo26_main,0,0,5.7,6.92,60.43,57.77,NVIDIA GeForce RTX 4090,51,207.42,82,5584.1,24564.0,
2026-09-06T14:53:46.244513+00:00,01_yolo26_main,0,0,5.8,6.95,60.43,57.77,NVIDIA GeForce RTX 4090,52,210.54,83,5584.1,24564.0,
2026-09-06T14:53:56.255831+00:00,01_yolo26_main,0,0,5.7,6.87,60.43,57.77,NVIDIA GeForce RTX 4090,51,208.49,83,5584.1,24564.0,
2026-09-06T14:54:06.267306+00:00,01_yolo26_main,0,0,5.7,6.87,60.43,57.77,NVIDIA GeForce RTX 4090,51,206.13,83,5584.1,24564.0,
2026-09-06T14:54:16.278257+00:00,01_yolo26_main,0,0,5.7,6.95,60.43,57.77,NVIDIA GeForce RTX 4090,51,208.06,82,5584.1,24564.0,
2026-09-06T14:54:26.290179+00:00,01_yolo26_main,0,0,5.7,6.99,60.43,57.77,NVIDIA GeForce RTX 4090,47,142.01,5,5584.1,24564.0,
2026-09-06T14:54:36.301536+00:00,01_yolo26_main,0,0,5.8,6.89,60.43,57.77,NVIDIA GeForce RTX 4090,51,208.31,84,5584.1,24564.0,
2026-09-06T14:54:46.312996+00:00,01_yolo26_main,0,0,5.7,7.1,60.43,57.77,NVIDIA GeForce RTX 4090,50,150.76,84,5584.1,24564.0,
2026-09-06T14:54:56.324603+00:00,01_yolo26_main,0,0,5.8,6.98,60.43,57.77,NVIDIA GeForce RTX 4090,52,207.87,85,5584.1,24564.0,
2026-09-06T14:55:06.336402+00:00,01_yolo26_main,0,0,5.7,7.03,60.43,57.77,NVIDIA GeForce RTX 4090,52,207.79,83,5584.1,24564.0,
2026-09-06T14:55:16.347761+00:00,01_yolo26_main,0,0,5.8,6.98,60.43,57.77,NVIDIA GeForce RTX 4090,52,209.78,81,5584.1,24564.0,
2026-09-06T14:55:26.359851+00:00,01_yolo26_main,0,0,5.5,6.99,60.43,57.77,NVIDIA GeForce RTX 4090,52,206.0,84,5584.1,24564.0,
2026-09-06T14:55:36.372048+00:00,01_yolo26_main,0,0,5.8,6.96,60.43,57.77,NVIDIA GeForce RTX 4090,52,208.25,82,5584.1,24564.0,
2026-09-06T14:55:46.383121+00:00,01_yolo26_main,0,0,5.8,6.97,60.43,57.77,NVIDIA GeForce RTX 4090,52,206.11,79,5584.1,24564.0,
2026-09-06T14:55:56.395604+00:00,01_yolo26_main,0,0,5.8,6.9,60.43,57.77,NVIDIA GeForce RTX 4090,52,206.82,78,5584.1,24564.0,
2026-09-06T14:56:06.407692+00:00,01_yolo26_main,0,0,5.5,7.05,60.43,57.77,NVIDIA GeForce RTX 4090,51,206.4,81,5584.1,24564.0,
2026-09-06T14:56:16.420158+00:00,01_yolo26_main,0,0,5.7,7.04,60.43,57.77,NVIDIA GeForce RTX 4090,51,205.5,80,5584.1,24564.0,
2026-09-06T14:56:26.431465+00:00,01_yolo26_main,0,0,5.7,6.99,60.43,57.77,NVIDIA GeForce RTX 4090,52,208.55,82,5584.1,24564.0,
2026-09-06T14:56:36.443031+00:00,01_yolo26_main,0,0,5.7,7.04,60.43,57.77,NVIDIA GeForce RTX 4090,47,140.25,0,5584.1,24564.0,
2026-09-06T14:56:46.454979+00:00,01_yolo26_main,0,0,5.8,7.02,60.43,57.77,NVIDIA GeForce RTX 4090,52,206.42,82,5584.1,24564.0,
2026-09-06T14:56:56.466683+00:00,01_yolo26_main,0,0,5.6,7.03,60.43,57.77,NVIDIA GeForce RTX 4090,49,133.59,87,5584.1,24564.0,
2026-09-06T14:57:06.478103+00:00,01_yolo26_main,0,0,5.8,6.95,60.43,57.77,NVIDIA GeForce RTX 4090,51,209.68,87,5584.1,24564.0,
2026-09-06T14:57:16.489549+00:00,01_yolo26_main,0,0,5.7,7.19,60.43,57.77,NVIDIA GeForce RTX 4090,52,201.56,85,5584.1,24564.0,
2026-09-06T14:57:26.501390+00:00,01_yolo26_main,0,0,5.8,7.06,60.43,57.77,NVIDIA GeForce RTX 4090,52,207.81,79,5584.1,24564.0,
2026-09-06T14:57:36.512701+00:00,01_yolo26_main,0,0,5.7,6.94,60.43,57.77,NVIDIA GeForce RTX 4090,52,208.44,80,5584.1,24564.0,
2026-09-06T14:57:46.524222+00:00,01_yolo26_main,0,0,5.7,6.9,60.43,57.77,NVIDIA GeForce RTX 4090,51,205.81,75,5584.1,24564.0,
2026-09-06T14:57:56.535129+00:00,01_yolo26_main,0,0,5.7,6.96,60.43,57.77,NVIDIA GeForce RTX 4090,52,207.44,81,5584.1,24564.0,
2026-09-06T14:58:06.547358+00:00,01_yolo26_main,0,0,5.7,6.98,60.43,57.77,NVIDIA GeForce RTX 4090,52,208.22,86,5584.1,24564.0,
2026-09-06T14:58:16.559485+00:00,01_yolo26_main,0,0,5.7,6.94,60.43,57.77,NVIDIA GeForce RTX 4090,52,208.09,86,5584.1,24564.0,
2026-09-06T14:58:26.571486+00:00,01_yolo26_main,0,0,5.7,7.0,60.43,57.77,NVIDIA GeForce RTX 4090,52,167.52,82,5584.1,24564.0,
2026-09-06T14:58:36.582325+00:00,01_yolo26_main,0,0,5.7,6.9,60.43,57.77,NVIDIA GeForce RTX 4090,51,207.72,80,5584.1,24564.0,
2026-09-06T14:58:46.593725+00:00,01_yolo26_main,0,0,5.7,6.98,60.43,57.77,NVIDIA GeForce RTX 4090,50,143.85,8,5584.1,24564.0,
2026-09-06T14:58:56.605490+00:00,01_yolo26_main,0,0,5.8,6.98,60.43,57.77,NVIDIA GeForce RTX 4090,52,205.75,81,5584.1,24564.0,
2026-09-06T14:59:06.616624+00:00,01_yolo26_main,0,0,5.6,6.9,60.43,57.77,NVIDIA GeForce RTX 4090,51,172.8,82,5584.1,24564.0,
2026-09-06T14:59:16.628364+00:00,01_yolo26_main,0,0,5.7,6.9,60.43,57.77,NVIDIA GeForce RTX 4090,53,206.19,79,5584.1,24564.0,
2026-09-06T14:59:26.639337+00:00,01_yolo26_main,0,0,5.7,7.02,60.43,57.77,NVIDIA GeForce RTX 4090,51,207.68,85,5584.1,24564.0,
2026-09-06T14:59:36.651146+00:00,01_yolo26_main,0,0,5.7,6.91,60.43,57.77,NVIDIA GeForce RTX 4090,52,206.34,86,5584.1,24564.0,
2026-09-06T14:59:46.662342+00:00,01_yolo26_main,0,0,5.7,7.02,60.43,57.77,NVIDIA GeForce RTX 4090,51,207.79,83,5584.1,24564.0,
2026-09-06T14:59:56.674839+00:00,01_yolo26_main,0,0,5.7,6.75,60.43,57.77,NVIDIA GeForce RTX 4090,51,209.03,80,5584.1,24564.0,
2026-09-06T15:00:06.686164+00:00,01_yolo26_main,0,0,5.8,6.94,60.43,57.77,NVIDIA GeForce RTX 4090,52,206.73,87,5584.1,24564.0,
2026-09-06T15:00:16.697367+00:00,01_yolo26_main,0,0,5.9,6.9,60.43,57.77,NVIDIA GeForce RTX 4090,51,205.62,79,5584.1,24564.0,
2026-09-06T15:00:26.709053+00:00,01_yolo26_main,0,0,5.7,7.13,60.43,57.77,NVIDIA GeForce RTX 4090,52,205.29,77,5584.1,24564.0,
2026-09-06T15:00:36.720252+00:00,01_yolo26_main,0,0,5.7,7.12,60.43,57.77,NVIDIA GeForce RTX 4090,47,151.83,82,5584.1,24564.0,
2026-09-06T15:00:46.730989+00:00,01_yolo26_main,0,0,5.7,6.98,60.43,57.77,NVIDIA GeForce RTX 4090,52,204.55,80,5584.1,24564.0,
2026-09-06T15:00:56.745237+00:00,01_yolo26_main,0,0,5.7,6.82,60.43,57.77,NVIDIA GeForce RTX 4090,46,138.89,51,5584.1,24564.0,
2026-09-06T15:01:06.756950+00:00,01_yolo26_main,0,0,5.8,6.93,60.43,57.77,NVIDIA GeForce RTX 4090,53,206.59,82,5584.1,24564.0,
2026-09-06T15:01:16.768999+00:00,01_yolo26_main,0,0,5.6,7.05,60.43,57.77,NVIDIA GeForce RTX 4090,51,139.91,0,5584.1,24564.0,
2026-09-06T15:01:26.780333+00:00,01_yolo26_main,0,0,5.8,6.86,60.43,57.77,NVIDIA GeForce RTX 4090,51,205.18,81,5584.1,24564.0,
2026-09-06T15:01:36.791686+00:00,01_yolo26_main,0,0,5.7,7.07,60.43,57.77,NVIDIA GeForce RTX 4090,52,201.67,83,5584.1,24564.0,
2026-09-06T15:01:46.803775+00:00,01_yolo26_main,0,0,5.8,7.04,60.43,57.77,NVIDIA GeForce RTX 4090,51,206.97,82,5584.1,24564.0,
2026-09-06T15:01:56.814789+00:00,01_yolo26_main,0,0,5.7,7.02,60.43,57.77,NVIDIA GeForce RTX 4090,51,207.71,83,5584.1,24564.0,
2026-09-06T15:02:06.826014+00:00,01_yolo26_main,0,0,5.7,7.02,60.43,57.77,NVIDIA GeForce RTX 4090,52,207.74,82,5584.1,24564.0,
2026-09-06T15:02:16.837696+00:00,01_yolo26_main,0,0,5.7,6.98,60.43,57.77,NVIDIA GeForce RTX 4090,52,205.86,81,5584.1,24564.0,
2026-09-06T15:02:26.850858+00:00,01_yolo26_main,0,0,5.8,6.89,60.43,57.77,NVIDIA GeForce RTX 4090,51,206.5,83,5584.1,24564.0,
2026-09-06T15:02:36.862297+00:00,01_yolo26_main,0,0,5.7,6.99,60.43,57.77,NVIDIA GeForce RTX 4090,51,206.11,82,5584.1,24564.0,
2026-09-06T15:02:46.875856+00:00,01_yolo26_main,0,0,5.7,7.17,60.43,57.77,NVIDIA GeForce RTX 4090,50,173.11,79,5584.1,24564.0,
2026-09-06T15:02:56.886908+00:00,01_yolo26_main,0,0,5.7,7.05,60.43,57.77,NVIDIA GeForce RTX 4090,52,208.53,81,5584.1,24564.0,
2026-09-06T15:03:06.898580+00:00,01_yolo26_main,0,0,5.7,7.12,60.43,57.77,NVIDIA GeForce RTX 4090,48,132.12,62,5584.1,24564.0,
2026-09-06T15:03:16.909942+00:00,01_yolo26_main,0,0,5.8,7.02,60.43,57.77,NVIDIA GeForce RTX 4090,51,207.55,83,5584.1,24564.0,
2026-09-06T15:03:26.921730+00:00,01_yolo26_main,0,0,5.6,7.07,60.43,57.77,NVIDIA GeForce RTX 4090,51,148.79,0,5584.1,24564.0,
2026-09-06T15:03:36.933832+00:00,01_yolo26_main,0,0,5.7,6.88,60.43,57.77,NVIDIA GeForce RTX 4090,52,205.27,77,5584.1,24564.0,
2026-09-06T15:03:46.945076+00:00,01_yolo26_main,0,0,5.7,6.91,60.43,57.77,NVIDIA GeForce RTX 4090,52,200.94,81,5584.1,24564.0,
2026-09-06T15:03:56.957512+00:00,01_yolo26_main,0,0,5.8,6.9,60.43,57.77,NVIDIA GeForce RTX 4090,51,206.62,77,5584.1,24564.0,
2026-09-06T15:04:06.969002+00:00,01_yolo26_main,0,0,5.7,6.95,60.43,57.77,NVIDIA GeForce RTX 4090,52,207.79,82,5584.1,24564.0,
2026-09-06T15:04:16.981663+00:00,01_yolo26_main,0,0,5.7,7.02,60.43,57.77,NVIDIA GeForce RTX 4090,52,207.56,83,5584.1,24564.0,
2026-09-06T15:04:26.992731+00:00,01_yolo26_main,0,0,5.7,7.06,60.43,57.77,NVIDIA GeForce RTX 4090,51,208.39,82,5584.1,24564.0,
2026-09-06T15:04:37.004001+00:00,01_yolo26_main,0,0,5.8,6.97,60.43,57.77,NVIDIA GeForce RTX 4090,52,199.89,82,5584.1,24564.0,
2026-09-06T15:04:47.015217+00:00,01_yolo26_main,0,0,5.7,6.92,60.43,57.77,NVIDIA GeForce RTX 4090,52,207.14,80,5584.1,24564.0,
2026-09-06T15:04:57.026528+00:00,01_yolo26_main,0,0,5.6,7.0,60.43,57.77,NVIDIA GeForce RTX 4090,48,126.98,81,5584.1,24564.0,
2026-09-06T15:05:07.037930+00:00,01_yolo26_main,0,0,5.8,6.89,60.43,57.77,NVIDIA GeForce RTX 4090,52,207.85,84,5584.1,24564.0,
2026-09-06T15:05:17.050231+00:00,01_yolo26_main,0,0,5.7,7.07,60.43,57.77,NVIDIA GeForce RTX 4090,48,132.14,27,5584.1,24564.0,
2026-09-06T15:05:27.062260+00:00,01_yolo26_main,0,0,5.8,6.95,60.43,57.77,NVIDIA GeForce RTX 4090,53,205.89,81,5584.1,24564.0,
2026-09-06T15:05:37.074394+00:00,01_yolo26_main,0,0,5.7,7.05,60.43,57.77,NVIDIA GeForce RTX 4090,52,194.7,85,5584.1,24564.0,
2026-09-06T15:05:47.085648+00:00,01_yolo26_main,0,0,5.4,7.06,60.43,57.77,NVIDIA GeForce RTX 4090,52,206.79,80,5584.1,24564.0,
2026-09-06T15:05:57.097442+00:00,01_yolo26_main,0,0,5.5,7.06,60.43,57.77,NVIDIA GeForce RTX 4090,48,147.03,59,5584.1,24564.0,
2026-09-06T15:06:07.108439+00:00,01_yolo26_main,0,0,5.8,6.95,60.43,57.77,NVIDIA GeForce RTX 4090,51,206.31,86,5584.1,24564.0,
2026-09-06T15:06:17.121039+00:00,01_yolo26_main,0,0,5.7,7.07,60.43,57.77,NVIDIA GeForce RTX 4090,51,201.65,85,5584.1,24564.0,
2026-09-06T15:06:27.132084+00:00,01_yolo26_main,0,0,5.7,7.05,60.43,57.77,NVIDIA GeForce RTX 4090,53,206.97,80,5584.1,24564.0,
2026-09-06T15:06:37.143995+00:00,01_yolo26_main,0,0,5.6,7.1,60.43,57.77,NVIDIA GeForce RTX 4090,51,208.25,84,5584.1,24564.0,
2026-09-06T15:06:47.155008+00:00,01_yolo26_main,0,0,5.7,7.0,60.43,57.77,NVIDIA GeForce RTX 4090,51,206.82,80,5584.1,24564.0,
2026-09-06T15:06:57.167029+00:00,01_yolo26_main,0,0,5.6,7.06,60.43,57.77,NVIDIA GeForce RTX 4090,51,207.79,80,5584.1,24564.0,
2026-09-06T15:07:07.178046+00:00,01_yolo26_main,0,0,5.7,7.03,60.43,57.77,NVIDIA GeForce RTX 4090,51,190.26,80,5584.1,24564.0,
2026-09-06T15:07:17.189908+00:00,01_yolo26_main,0,0,5.6,7.0,60.43,57.77,NVIDIA GeForce RTX 4090,52,205.91,85,5584.1,24564.0,
2026-09-06T15:07:27.201515+00:00,01_yolo26_main,0,0,5.7,6.88,60.43,57.77,NVIDIA GeForce RTX 4090,49,189.01,42,5584.1,24564.0,
2026-09-06T15:07:37.212759+00:00,01_yolo26_main,0,0,5.7,6.81,60.43,57.77,NVIDIA GeForce RTX 4090,52,204.59,85,5584.1,24564.0,
2026-09-06T15:07:47.224117+00:00,01_yolo26_main,0,0,5.7,7.05,60.43,57.77,NVIDIA GeForce RTX 4090,49,144.03,85,5584.1,24564.0,
2026-09-06T15:07:57.235565+00:00,01_yolo26_main,0,0,5.8,7.02,60.43,57.77,NVIDIA GeForce RTX 4090,51,208.82,80,5584.1,24564.0,
2026-09-06T15:08:07.247071+00:00,01_yolo26_main,0,0,5.6,7.05,60.43,57.77,NVIDIA GeForce RTX 4090,51,162.8,81,5584.1,24564.0,
2026-09-06T15:08:17.258268+00:00,01_yolo26_main,0,0,5.8,6.94,60.43,57.77,NVIDIA GeForce RTX 4090,52,207.63,84,5584.1,24564.0,
2026-09-06T15:08:27.269327+00:00,01_yolo26_main,0,0,5.7,6.95,60.43,57.77,NVIDIA GeForce RTX 4090,52,204.44,86,5584.1,24564.0,
2026-09-06T15:08:37.280582+00:00,01_yolo26_main,0,0,5.8,6.98,60.43,57.77,NVIDIA GeForce RTX 4090,52,206.9,85,5584.1,24564.0,
2026-09-06T15:08:47.292760+00:00,01_yolo26_main,0,0,5.6,7.1,60.43,57.77,NVIDIA GeForce RTX 4090,53,205.32,82,5584.1,24564.0,
2026-09-06T15:08:57.304869+00:00,01_yolo26_main,0,0,5.7,7.05,60.43,57.77,NVIDIA GeForce RTX 4090,52,206.38,79,5584.1,24564.0,
2026-09-06T15:09:07.317409+00:00,01_yolo26_main,0,0,5.7,6.8,60.43,57.77,NVIDIA GeForce RTX 4090,51,199.74,80,5584.1,24564.0,
2026-09-06T15:09:17.329193+00:00,01_yolo26_main,0,0,5.8,6.92,60.43,57.77,NVIDIA GeForce RTX 4090,52,208.28,79,5584.1,24564.0,
2026-09-06T15:09:27.340398+00:00,01_yolo26_main,0,0,5.6,6.92,60.43,57.77,NVIDIA GeForce RTX 4090,51,207.84,75,5584.1,24564.0,
2026-09-06T15:09:37.351599+00:00,01_yolo26_main,0,0,5.7,6.91,60.43,57.77,NVIDIA GeForce RTX 4090,52,177.96,78,5584.1,24564.0,
2026-09-06T15:09:47.362840+00:00,01_yolo26_main,0,0,5.7,6.9,60.43,57.77,NVIDIA GeForce RTX 4090,52,205.65,82,5584.1,24564.0,
2026-09-06T15:09:57.375427+00:00,01_yolo26_main,0,0,5.7,7.01,60.43,57.77,NVIDIA GeForce RTX 4090,46,135.83,26,5584.1,24564.0,
2026-09-06T15:10:07.386568+00:00,01_yolo26_main,0,0,5.8,6.96,60.43,57.77,NVIDIA GeForce RTX 4090,51,207.44,80,5584.1,24564.0,
2026-09-06T15:10:17.398368+00:00,01_yolo26_main,0,0,5.6,7.12,60.43,57.77,NVIDIA GeForce RTX 4090,50,155.25,82,5584.1,24564.0,
2026-09-06T15:10:27.410562+00:00,01_yolo26_main,0,0,5.8,6.95,60.43,57.77,NVIDIA GeForce RTX 4090,52,205.74,81,5584.1,24564.0,
2026-09-06T15:10:37.423028+00:00,01_yolo26_main,0,0,5.7,7.02,60.43,57.77,NVIDIA GeForce RTX 4090,52,205.54,82,5584.1,24564.0,
2026-09-06T15:10:47.435465+00:00,01_yolo26_main,0,0,5.8,6.85,60.43,57.77,NVIDIA GeForce RTX 4090,53,206.43,83,5584.1,24564.0,
2026-09-06T15:10:57.446853+00:00,01_yolo26_main,0,0,5.6,6.91,60.43,57.77,NVIDIA GeForce RTX 4090,52,206.91,81,5584.1,24564.0,
2026-09-06T15:11:07.459704+00:00,01_yolo26_main,0,0,5.8,6.89,60.43,57.77,NVIDIA GeForce RTX 4090,52,207.39,82,5584.1,24564.0,
2026-09-06T15:11:17.471319+00:00,01_yolo26_main,0,0,5.7,6.94,60.43,57.77,NVIDIA GeForce RTX 4090,51,207.79,83,5584.1,24564.0,
2026-09-06T15:11:27.482646+00:00,01_yolo26_main,0,0,5.8,6.87,60.43,57.77,NVIDIA GeForce RTX 4090,52,205.51,81,5584.1,24564.0,
2026-09-06T15:11:37.494036+00:00,01_yolo26_main,0,0,5.7,6.89,60.43,57.77,NVIDIA GeForce RTX 4090,53,206.91,80,5584.1,24564.0,
2026-09-06T15:11:47.506529+00:00,01_yolo26_main,0,0,5.1,6.98,60.43,57.77,NVIDIA GeForce RTX 4090,52,207.76,82,5584.1,24564.0,
2026-09-06T15:11:57.518958+00:00,01_yolo26_main,0,0,5.7,6.93,60.43,57.77,NVIDIA GeForce RTX 4090,52,207.98,85,5584.1,24564.0,
2026-09-06T15:12:07.529970+00:00,01_yolo26_main,0,0,5.5,6.89,60.43,57.77,NVIDIA GeForce RTX 4090,52,206.52,81,5584.1,24564.0,
2026-09-06T15:12:17.541469+00:00,01_yolo26_main,0,0,5.6,6.99,60.43,57.77,NVIDIA GeForce RTX 4090,52,205.71,82,5584.1,24564.0,
2026-09-06T15:12:27.553427+00:00,01_yolo26_main,0,0,5.8,6.93,60.43,57.77,NVIDIA GeForce RTX 4090,51,202.02,78,5584.1,24564.0,
2026-09-06T15:12:37.564826+00:00,01_yolo26_main,0,0,5.7,7.05,60.43,57.77,NVIDIA GeForce RTX 4090,52,206.64,82,5584.1,24564.0,
2026-09-06T15:12:47.576480+00:00,01_yolo26_main,0,0,5.7,7.08,60.43,57.77,NVIDIA GeForce RTX 4090,50,149.57,62,5584.1,24564.0,
2026-09-06T15:12:57.589356+00:00,01_yolo26_main,0,0,5.8,7.01,60.43,57.77,NVIDIA GeForce RTX 4090,53,206.99,85,5584.1,24564.0,
2026-09-06T15:13:07.602443+00:00,01_yolo26_main,0,0,5.6,7.08,60.43,57.77,NVIDIA GeForce RTX 4090,49,146.25,57,5584.1,24564.0,
2026-09-06T15:13:17.613952+00:00,01_yolo26_main,0,0,5.8,6.87,60.43,57.77,NVIDIA GeForce RTX 4090,52,207.27,82,5584.1,24564.0,
2026-09-06T15:13:27.625606+00:00,01_yolo26_main,0,0,5.7,7.1,60.43,57.77,NVIDIA GeForce RTX 4090,52,202.14,81,5584.1,24564.0,
2026-09-06T15:13:37.637100+00:00,01_yolo26_main,0,0,5.7,6.95,60.43,57.77,NVIDIA GeForce RTX 4090,51,206.52,83,5584.1,24564.0,
2026-09-06T15:13:47.648816+00:00,01_yolo26_main,0,0,5.6,7.04,60.43,57.77,NVIDIA GeForce RTX 4090,52,205.48,78,5584.1,24564.0,
2026-09-06T15:13:57.660249+00:00,01_yolo26_main,0,0,5.8,6.99,60.43,57.77,NVIDIA GeForce RTX 4090,51,206.81,81,5584.1,24564.0,
2026-09-06T15:14:07.672717+00:00,01_yolo26_main,0,0,5.7,6.93,60.43,57.77,NVIDIA GeForce RTX 4090,52,202.73,82,5584.1,24564.0,
2026-09-06T15:14:17.685050+00:00,01_yolo26_main,0,0,5.8,6.88,60.43,57.77,NVIDIA GeForce RTX 4090,51,206.56,80,5584.1,24564.0,
2026-09-06T15:14:27.696601+00:00,01_yolo26_main,0,0,5.6,6.93,60.43,57.77,NVIDIA GeForce RTX 4090,51,206.16,80,5584.1,24564.0,
2026-09-06T15:14:37.707748+00:00,01_yolo26_main,0,0,5.8,6.91,60.43,57.76,NVIDIA GeForce RTX 4090,52,202.75,81,5584.1,24564.0,
2026-09-06T15:14:47.718846+00:00,01_yolo26_main,0,0,5.7,6.93,60.43,57.76,NVIDIA GeForce RTX 4090,52,206.72,83,5584.1,24564.0,
2026-09-06T15:14:57.729820+00:00,01_yolo26_main,0,0,5.7,7.06,60.43,57.76,NVIDIA GeForce RTX 4090,49,146.35,41,5584.1,24564.0,
2026-09-06T15:15:07.742656+00:00,01_yolo26_main,0,0,5.8,6.85,60.43,57.76,NVIDIA GeForce RTX 4090,52,202.54,85,5584.1,24564.0,
2026-09-06T15:15:17.754712+00:00,01_yolo26_main,0,0,5.9,6.78,60.43,57.76,NVIDIA GeForce RTX 4090,51,148.52,0,5584.1,24564.0,
2026-09-06T15:15:27.767737+00:00,01_yolo26_main,0,0,5.8,6.78,60.43,57.76,NVIDIA GeForce RTX 4090,51,207.2,84,5584.1,24564.0,
2026-09-06T15:15:37.779740+00:00,01_yolo26_main,0,0,5.8,6.91,60.43,57.76,NVIDIA GeForce RTX 4090,52,204.91,85,5584.1,24564.0,
2026-09-06T15:15:47.792007+00:00,01_yolo26_main,0,0,5.8,6.86,60.43,57.76,NVIDIA GeForce RTX 4090,52,205.07,77,5584.1,24564.0,
2026-09-06T15:15:57.802954+00:00,01_yolo26_main,0,0,5.6,6.82,60.43,57.76,NVIDIA GeForce RTX 4090,53,203.71,81,5584.1,24564.0,
2026-09-06T15:16:07.816165+00:00,01_yolo26_main,0,0,5.7,6.8,60.43,57.76,NVIDIA GeForce RTX 4090,51,203.21,85,5584.1,24564.0,
2026-09-06T15:16:17.827842+00:00,01_yolo26_main,0,0,5.6,6.88,60.43,57.76,NVIDIA GeForce RTX 4090,53,206.41,82,5584.1,24564.0,
2026-09-06T15:16:27.838741+00:00,01_yolo26_main,0,0,5.7,6.99,60.43,57.76,NVIDIA GeForce RTX 4090,49,177.87,85,5584.1,24564.0,
2026-09-06T15:16:37.849682+00:00,01_yolo26_main,0,0,5.7,6.79,60.43,57.76,NVIDIA GeForce RTX 4090,51,205.68,82,5584.1,24564.0,
2026-09-06T15:16:47.861320+00:00,01_yolo26_main,0,0,5.5,6.99,60.43,58.06,NVIDIA GeForce RTX 4090,46,108.5,47,5584.1,24564.0,
2026-09-06T15:16:57.872098+00:00,01_yolo26_main,1,1,5.6,5.56,60.43,58.05,NVIDIA GeForce RTX 4090,45,98.42,84,2188.1,24564.0,
2026-09-06T15:17:07.883289+00:00,01_yolo26_main,1,1,5.9,7.04,60.43,57.66,NVIDIA GeForce RTX 4090,50,207.36,83,4908.1,24564.0,
2026-09-06T15:17:17.894657+00:00,01_yolo26_main,1,1,5.8,6.96,60.43,57.66,NVIDIA GeForce RTX 4090,50,207.69,81,4908.1,24564.0,
2026-09-06T15:17:27.906564+00:00,01_yolo26_main,1,1,5.6,6.94,60.43,57.66,NVIDIA GeForce RTX 4090,51,207.06,86,4908.1,24564.0,
2026-09-06T15:17:37.918698+00:00,01_yolo26_main,1,1,5.7,6.86,60.43,57.66,NVIDIA GeForce RTX 4090,51,199.81,80,4908.1,24564.0,
2026-09-06T15:17:47.929668+00:00,01_yolo26_main,1,1,5.7,6.86,60.43,57.66,NVIDIA GeForce RTX 4090,50,205.31,83,4908.1,24564.0,
2026-09-06T15:17:57.941723+00:00,01_yolo26_main,1,1,5.6,6.99,60.43,57.66,NVIDIA GeForce RTX 4090,46,136.82,79,4908.1,24564.0,
2026-09-06T15:18:07.953415+00:00,01_yolo26_main,1,1,5.8,6.84,60.43,57.66,NVIDIA GeForce RTX 4090,51,207.14,86,4908.1,24564.0,
2026-09-06T15:18:17.965936+00:00,01_yolo26_main,1,1,5.6,7.02,60.43,57.66,NVIDIA GeForce RTX 4090,47,131.61,76,4908.1,24564.0,
2026-09-06T15:18:27.979242+00:00,01_yolo26_main,1,1,5.7,6.96,60.43,57.66,NVIDIA GeForce RTX 4090,52,207.43,80,4908.1,24564.0,
2026-09-06T15:18:37.991614+00:00,01_yolo26_main,1,1,5.5,7.08,60.43,57.66,NVIDIA GeForce RTX 4090,49,132.54,24,4908.1,24564.0,
2026-09-06T15:18:48.003072+00:00,01_yolo26_main,1,1,5.8,6.89,60.43,57.66,NVIDIA GeForce RTX 4090,51,208.04,80,4908.1,24564.0,
2026-09-06T15:18:58.014062+00:00,01_yolo26_main,1,1,5.5,7.0,60.43,57.66,NVIDIA GeForce RTX 4090,50,141.83,0,4908.1,24564.0,
2026-09-06T15:19:08.025579+00:00,01_yolo26_main,1,1,5.7,6.96,60.43,57.66,NVIDIA GeForce RTX 4090,52,207.67,84,4908.1,24564.0,
2026-09-06T15:19:18.037821+00:00,01_yolo26_main,1,1,5.7,7.05,60.43,57.66,NVIDIA GeForce RTX 4090,52,205.06,85,4908.1,24564.0,
2026-09-06T15:19:28.049099+00:00,01_yolo26_main,1,1,5.7,6.91,60.43,57.66,NVIDIA GeForce RTX 4090,51,207.84,83,4908.1,24564.0,
2026-09-06T15:19:38.063266+00:00,01_yolo26_main,1,1,5.6,6.87,60.43,57.66,NVIDIA GeForce RTX 4090,52,207.81,81,4908.1,24564.0,
2026-09-06T15:19:48.075190+00:00,01_yolo26_main,1,1,5.7,6.88,60.43,57.66,NVIDIA GeForce RTX 4090,52,209.49,82,4908.1,24564.0,
2026-09-06T15:19:58.086624+00:00,01_yolo26_main,1,1,5.6,7.01,60.43,57.66,NVIDIA GeForce RTX 4090,52,205.29,81,4908.1,24564.0,
2026-09-06T15:20:08.097882+00:00,01_yolo26_main,1,1,5.7,6.87,60.43,57.66,NVIDIA GeForce RTX 4090,51,205.81,82,4908.1,24564.0,
2026-09-06T15:20:18.110017+00:00,01_yolo26_main,1,1,5.7,6.92,60.43,57.66,NVIDIA GeForce RTX 4090,51,209.09,82,4908.1,24564.0,
2026-09-06T15:20:28.121754+00:00,01_yolo26_main,1,1,5.8,6.9,60.43,57.66,NVIDIA GeForce RTX 4090,51,207.84,82,4908.1,24564.0,
2026-09-06T15:20:38.132742+00:00,01_yolo26_main,1,1,4.9,6.96,60.43,57.66,NVIDIA GeForce RTX 4090,52,208.05,83,4908.1,24564.0,
2026-09-06T15:20:48.144324+00:00,01_yolo26_main,1,1,5.8,6.86,60.43,57.66,NVIDIA GeForce RTX 4090,52,207.25,81,4908.1,24564.0,
2026-09-06T15:20:58.156371+00:00,01_yolo26_main,1,1,5.5,7.01,60.43,57.66,NVIDIA GeForce RTX 4090,51,206.46,81,4908.1,24564.0,
2026-09-06T15:21:08.168299+00:00,01_yolo26_main,1,1,5.0,6.98,60.43,57.66,NVIDIA GeForce RTX 4090,51,205.72,82,4908.1,24564.0,
2026-09-06T15:21:18.180050+00:00,01_yolo26_main,1,1,5.1,6.94,60.43,57.66,NVIDIA GeForce RTX 4090,45,60.98,0,4908.1,24564.0,
2026-09-06T15:21:28.191175+00:00,01_yolo26_main,1,1,5.2,6.95,60.43,57.66,NVIDIA GeForce RTX 4090,50,207.4,82,4908.1,24564.0,
2026-09-06T15:21:38.203254+00:00,01_yolo26_main,1,1,5.8,7.0,60.43,57.66,NVIDIA GeForce RTX 4090,52,206.62,86,4908.1,24564.0,
2026-09-06T15:21:48.214212+00:00,01_yolo26_main,1,1,5.7,6.96,60.43,57.66,NVIDIA GeForce RTX 4090,51,207.05,83,4908.1,24564.0,
2026-09-06T15:21:58.226215+00:00,01_yolo26_main,1,1,5.7,7.04,60.43,57.66,NVIDIA GeForce RTX 4090,46,142.48,8,4908.1,24564.0,
2026-09-06T15:22:08.237777+00:00,01_yolo26_main,1,1,5.5,6.9,60.43,57.66,NVIDIA GeForce RTX 4090,51,207.68,83,4908.1,24564.0,
2026-09-06T15:22:18.249562+00:00,01_yolo26_main,1,1,5.6,7.02,60.43,57.66,NVIDIA GeForce RTX 4090,46,124.79,0,4908.1,24564.0,
2026-09-06T15:22:28.260411+00:00,01_yolo26_main,1,1,5.2,6.83,60.43,57.66,NVIDIA GeForce RTX 4090,50,204.84,78,4908.1,24564.0,
2026-09-06T15:22:38.272035+00:00,01_yolo26_main,1,1,4.6,6.78,60.43,57.66,NVIDIA GeForce RTX 4090,51,208.52,83,4908.1,24564.0,
2026-09-06T15:22:48.283274+00:00,01_yolo26_main,1,1,5.5,6.91,60.43,57.66,NVIDIA GeForce RTX 4090,49,148.97,82,4908.1,24564.0,
2026-09-06T15:22:58.297919+00:00,01_yolo26_main,1,1,5.4,6.84,60.43,57.66,NVIDIA GeForce RTX 4090,51,207.31,81,4908.1,24564.0,
2026-09-06T15:23:08.309908+00:00,01_yolo26_main,1,1,5.3,7.12,60.43,57.66,NVIDIA GeForce RTX 4090,45,79.1,0,4908.1,24564.0,
2026-09-06T15:23:18.320700+00:00,01_yolo26_main,1,1,5.0,6.98,60.43,57.66,NVIDIA GeForce RTX 4090,51,209.05,82,4908.1,24564.0,
2026-09-06T15:23:28.332577+00:00,01_yolo26_main,1,1,5.8,6.89,60.43,57.66,NVIDIA GeForce RTX 4090,51,206.44,83,4908.1,24564.0,
2026-09-06T15:23:38.344611+00:00,01_yolo26_main,1,1,5.4,6.92,60.43,57.66,NVIDIA GeForce RTX 4090,51,205.69,77,4908.1,24564.0,
2026-09-06T15:23:48.356997+00:00,01_yolo26_main,1,1,5.0,6.86,60.43,57.66,NVIDIA GeForce RTX 4090,51,206.95,84,4908.1,24564.0,
2026-09-06T15:23:58.368892+00:00,01_yolo26_main,1,1,5.0,7.08,60.43,57.66,NVIDIA GeForce RTX 4090,45,76.15,0,4908.1,24564.0,
2026-09-06T15:24:08.380238+00:00,01_yolo26_main,1,1,5.0,7.11,60.43,57.66,NVIDIA GeForce RTX 4090,51,207.76,77,4908.1,24564.0,
2026-09-06T15:24:18.391410+00:00,01_yolo26_main,1,1,5.7,6.98,60.43,57.66,NVIDIA GeForce RTX 4090,51,202.78,80,4908.1,24564.0,
2026-09-06T15:24:28.403044+00:00,01_yolo26_main,1,1,5.6,6.88,60.43,57.66,NVIDIA GeForce RTX 4090,50,207.51,82,4908.1,24564.0,
2026-09-06T15:24:38.414603+00:00,01_yolo26_main,1,1,5.8,6.78,60.43,57.66,NVIDIA GeForce RTX 4090,51,203.4,81,4908.1,24564.0,
2026-09-06T15:24:48.425649+00:00,01_yolo26_main,1,1,5.4,6.83,60.43,57.66,NVIDIA GeForce RTX 4090,51,205.81,81,4908.1,24564.0,
2026-09-06T15:24:58.438242+00:00,01_yolo26_main,1,1,5.8,6.77,60.43,57.66,NVIDIA GeForce RTX 4090,51,201.73,85,4908.1,24564.0,
2026-09-06T15:25:08.449463+00:00,01_yolo26_main,1,1,4.1,6.84,60.43,57.66,NVIDIA GeForce RTX 4090,44,84.48,74,4908.1,24564.0,
2026-09-06T15:25:18.460417+00:00,01_yolo26_main,1,1,5.6,6.83,60.43,57.66,NVIDIA GeForce RTX 4090,51,205.76,85,4908.1,24564.0,
2026-09-06T15:25:28.472799+00:00,01_yolo26_main,1,1,5.7,6.99,60.43,57.66,NVIDIA GeForce RTX 4090,49,142.97,81,4908.1,24564.0,
2026-09-06T15:25:38.484456+00:00,01_yolo26_main,1,1,5.8,6.98,60.43,57.66,NVIDIA GeForce RTX 4090,51,206.27,82,4908.1,24564.0,
2026-09-06T15:25:48.496455+00:00,01_yolo26_main,1,1,5.7,6.96,60.43,57.66,NVIDIA GeForce RTX 4090,50,196.65,81,4908.1,24564.0,
2026-09-06T15:25:58.508667+00:00,01_yolo26_main,1,1,5.8,6.84,60.43,57.66,NVIDIA GeForce RTX 4090,51,204.71,78,4908.1,24564.0,
2026-09-06T15:26:08.521158+00:00,01_yolo26_main,1,1,5.4,6.98,60.43,57.66,NVIDIA GeForce RTX 4090,51,188.45,83,4908.1,24564.0,
2026-09-06T15:26:18.533838+00:00,01_yolo26_main,1,1,5.8,6.85,60.43,57.66,NVIDIA GeForce RTX 4090,51,208.95,85,4908.1,24564.0,
2026-09-06T15:26:28.546001+00:00,01_yolo26_main,1,1,5.7,6.85,60.43,57.66,NVIDIA GeForce RTX 4090,51,205.53,84,4908.1,24564.0,
2026-09-06T15:26:38.558426+00:00,01_yolo26_main,1,1,5.5,6.91,60.43,57.66,NVIDIA GeForce RTX 4090,50,207.4,83,4908.1,24564.0,
2026-09-06T15:26:48.570534+00:00,01_yolo26_main,1,1,5.4,6.92,60.43,57.66,NVIDIA GeForce RTX 4090,51,165.95,84,4908.1,24564.0,
2026-09-06T15:26:58.581903+00:00,01_yolo26_main,1,1,5.8,6.85,60.43,57.66,NVIDIA GeForce RTX 4090,52,208.57,84,4908.1,24564.0,
2026-09-06T15:27:08.593809+00:00,01_yolo26_main,1,1,5.6,6.83,60.43,57.66,NVIDIA GeForce RTX 4090,51,203.91,86,4910.1,24564.0,
2026-09-06T15:27:18.606029+00:00,01_yolo26_main,1,1,5.8,6.81,60.43,57.66,NVIDIA GeForce RTX 4090,51,207.76,86,4910.1,24564.0,
2026-09-06T15:27:28.618151+00:00,01_yolo26_main,1,1,5.7,7.0,60.43,57.66,NVIDIA GeForce RTX 4090,51,206.55,80,4910.1,24564.0,
2026-09-06T15:27:38.629829+00:00,01_yolo26_main,1,1,5.8,6.95,60.43,57.66,NVIDIA GeForce RTX 4090,51,207.42,81,4910.1,24564.0,
2026-09-06T15:27:48.641632+00:00,01_yolo26_main,1,1,5.6,6.98,60.43,57.66,NVIDIA GeForce RTX 4090,51,209.87,81,4910.1,24564.0,
2026-09-06T15:27:58.653253+00:00,01_yolo26_main,1,1,5.8,6.92,60.43,57.66,NVIDIA GeForce RTX 4090,50,207.61,80,4910.1,24564.0,
2026-09-06T15:28:08.664775+00:00,01_yolo26_main,1,1,5.6,6.87,60.43,57.66,NVIDIA GeForce RTX 4090,51,208.28,79,4910.1,24564.0,
2026-09-06T15:28:18.677547+00:00,01_yolo26_main,1,1,5.8,6.8,60.43,57.66,NVIDIA GeForce RTX 4090,50,197.85,85,4910.1,24564.0,
2026-09-06T15:28:28.688534+00:00,01_yolo26_main,1,1,5.4,6.94,60.43,57.66,NVIDIA GeForce RTX 4090,51,205.22,82,4910.1,24564.0,
2026-09-06T15:28:38.699572+00:00,01_yolo26_main,1,1,5.0,6.79,60.43,57.66,NVIDIA GeForce RTX 4090,52,205.68,83,4910.1,24564.0,
2026-09-06T15:28:48.711812+00:00,01_yolo26_main,1,1,5.7,7.0,60.43,57.66,NVIDIA GeForce RTX 4090,51,206.78,82,4910.1,24564.0,
2026-09-06T15:28:58.724198+00:00,01_yolo26_main,1,1,5.7,6.88,60.43,57.66,NVIDIA GeForce RTX 4090,51,208.45,83,4910.1,24564.0,
2026-09-06T15:29:08.736322+00:00,01_yolo26_main,1,1,5.7,6.82,60.43,57.66,NVIDIA GeForce RTX 4090,50,208.09,81,4910.1,24564.0,
2026-09-06T15:29:18.748298+00:00,01_yolo26_main,1,1,5.8,6.82,60.43,57.66,NVIDIA GeForce RTX 4090,52,206.64,83,4910.1,24564.0,
2026-09-06T15:29:28.760501+00:00,01_yolo26_main,1,1,5.6,6.98,60.43,57.66,NVIDIA GeForce RTX 4090,52,205.33,81,4910.1,24564.0,
2026-09-06T15:29:38.772150+00:00,01_yolo26_main,1,1,5.8,6.96,60.43,57.66,NVIDIA GeForce RTX 4090,49,181.87,81,4910.1,24564.0,
2026-09-06T15:29:48.783527+00:00,01_yolo26_main,1,1,5.7,6.86,60.43,57.66,NVIDIA GeForce RTX 4090,51,206.78,81,4910.1,24564.0,
2026-09-06T15:29:58.795987+00:00,01_yolo26_main,1,1,5.7,7.03,60.43,57.66,NVIDIA GeForce RTX 4090,50,146.5,66,4910.1,24564.0,
2026-09-06T15:30:08.807987+00:00,01_yolo26_main,1,1,5.7,6.79,60.43,57.66,NVIDIA GeForce RTX 4090,52,208.28,83,4910.1,24564.0,
2026-09-06T15:30:18.819718+00:00,01_yolo26_main,1,1,5.7,6.94,60.43,57.66,NVIDIA GeForce RTX 4090,52,146.97,3,4910.1,24564.0,
2026-09-06T15:30:28.831837+00:00,01_yolo26_main,1,1,5.8,6.91,60.43,57.66,NVIDIA GeForce RTX 4090,51,205.71,82,4910.1,24564.0,
2026-09-06T15:30:38.843255+00:00,01_yolo26_main,1,1,5.7,6.88,60.43,57.66,NVIDIA GeForce RTX 4090,50,200.36,83,4910.1,24564.0,
2026-09-06T15:30:48.855033+00:00,01_yolo26_main,1,1,5.7,6.9,60.43,57.66,NVIDIA GeForce RTX 4090,52,206.21,83,4910.1,24564.0,
2026-09-06T15:30:58.867142+00:00,01_yolo26_main,1,1,5.7,7.0,60.43,57.66,NVIDIA GeForce RTX 4090,52,205.96,83,4910.1,24564.0,
2026-09-06T15:31:08.879691+00:00,01_yolo26_main,1,1,5.8,6.81,60.43,57.66,NVIDIA GeForce RTX 4090,52,206.32,82,4910.1,24564.0,
2026-09-06T15:31:18.891507+00:00,01_yolo26_main,1,1,5.7,6.95,60.43,57.66,NVIDIA GeForce RTX 4090,51,204.74,82,4910.1,24564.0,
2026-09-06T15:31:28.903498+00:00,01_yolo26_main,1,1,5.8,6.81,60.43,57.66,NVIDIA GeForce RTX 4090,53,208.88,82,4910.1,24564.0,
2026-09-06T15:31:38.914964+00:00,01_yolo26_main,1,1,5.6,6.92,60.43,57.66,NVIDIA GeForce RTX 4090,52,207.34,80,4910.1,24564.0,
2026-09-06T15:31:48.926972+00:00,01_yolo26_main,1,1,5.7,6.92,60.43,57.66,NVIDIA GeForce RTX 4090,51,206.96,81,4910.1,24564.0,
2026-09-06T15:31:58.939268+00:00,01_yolo26_main,1,1,5.7,6.76,60.43,57.66,NVIDIA GeForce RTX 4090,52,205.75,80,4910.1,24564.0,
2026-09-06T15:32:08.951055+00:00,01_yolo26_main,1,1,5.7,6.9,60.43,57.66,NVIDIA GeForce RTX 4090,52,188.86,79,4910.1,24564.0,
2026-09-06T15:32:18.962447+00:00,01_yolo26_main,1,1,5.4,7.03,60.43,57.66,NVIDIA GeForce RTX 4090,52,206.53,81,4910.1,24564.0,
2026-09-06T15:32:28.974048+00:00,01_yolo26_main,1,1,5.7,6.86,60.43,57.66,NVIDIA GeForce RTX 4090,51,193.5,81,4910.1,24564.0,
2026-09-06T15:32:38.985413+00:00,01_yolo26_main,1,1,4.5,6.98,60.43,57.66,NVIDIA GeForce RTX 4090,51,199.76,85,4910.1,24564.0,
2026-09-06T15:32:48.997768+00:00,01_yolo26_main,1,1,5.8,6.93,60.43,57.66,NVIDIA GeForce RTX 4090,52,206.28,83,4910.1,24564.0,
2026-09-06T15:32:59.009564+00:00,01_yolo26_main,1,1,5.7,7.0,60.43,57.66,NVIDIA GeForce RTX 4090,50,208.13,82,4910.1,24564.0,
2026-09-06T15:33:09.021199+00:00,01_yolo26_main,1,1,5.8,6.87,60.43,57.66,NVIDIA GeForce RTX 4090,52,208.71,87,5120.1,24564.0,
2026-09-06T15:33:19.033271+00:00,01_yolo26_main,1,1,5.7,7.02,60.43,57.66,NVIDIA GeForce RTX 4090,52,208.16,84,5120.1,24564.0,
2026-09-06T15:33:29.045724+00:00,01_yolo26_main,1,1,5.7,6.86,60.43,57.66,NVIDIA GeForce RTX 4090,52,207.17,81,5120.1,24564.0,
2026-09-06T15:33:39.057101+00:00,01_yolo26_main,1,1,5.7,6.91,60.43,57.66,NVIDIA GeForce RTX 4090,51,207.11,83,5120.1,24564.0,
2026-09-06T15:33:49.068816+00:00,01_yolo26_main,1,1,5.8,6.94,60.43,57.66,NVIDIA GeForce RTX 4090,51,190.81,79,5120.1,24564.0,
2026-09-06T15:33:59.080022+00:00,01_yolo26_main,1,1,5.7,6.94,60.43,57.66,NVIDIA GeForce RTX 4090,52,204.74,81,5120.1,24564.0,
2026-09-06T15:34:09.091042+00:00,01_yolo26_main,1,1,5.6,6.96,60.43,57.66,NVIDIA GeForce RTX 4090,50,145.25,84,5120.1,24564.0,
2026-09-06T15:34:19.102948+00:00,01_yolo26_main,1,1,5.8,6.87,60.43,57.66,NVIDIA GeForce RTX 4090,52,208.42,81,5120.1,24564.0,
2026-09-06T15:34:29.114072+00:00,01_yolo26_main,1,1,5.6,6.89,60.43,57.66,NVIDIA GeForce RTX 4090,47,145.85,79,5120.1,24564.0,
2026-09-06T15:34:39.125151+00:00,01_yolo26_main,1,1,5.8,6.99,60.43,57.66,NVIDIA GeForce RTX 4090,52,205.1,79,5120.1,24564.0,
2026-09-06T15:34:49.137177+00:00,01_yolo26_main,1,1,5.7,6.93,60.43,57.66,NVIDIA GeForce RTX 4090,51,201.53,82,5120.1,24564.0,
2026-09-06T15:34:59.148217+00:00,01_yolo26_main,1,1,5.7,6.88,60.43,57.66,NVIDIA GeForce RTX 4090,52,207.63,80,5120.1,24564.0,
2026-09-06T15:35:09.160669+00:00,01_yolo26_main,1,1,5.7,6.82,60.43,57.66,NVIDIA GeForce RTX 4090,51,209.93,86,5120.1,24564.0,
2026-09-06T15:35:19.172938+00:00,01_yolo26_main,1,1,5.8,6.87,60.43,57.66,NVIDIA GeForce RTX 4090,52,209.25,84,5120.1,24564.0,
2026-09-06T15:35:29.183972+00:00,01_yolo26_main,1,1,5.6,6.79,60.43,57.66,NVIDIA GeForce RTX 4090,51,205.91,84,5120.1,24564.0,
2026-09-06T15:35:39.197133+00:00,01_yolo26_main,1,1,5.7,6.89,60.43,57.66,NVIDIA GeForce RTX 4090,52,206.7,79,5120.1,24564.0,
2026-09-06T15:35:49.208637+00:00,01_yolo26_main,1,1,5.6,6.93,60.43,57.66,NVIDIA GeForce RTX 4090,53,210.23,85,5120.1,24564.0,
2026-09-06T15:35:59.220349+00:00,01_yolo26_main,1,1,5.8,6.89,60.43,57.66,NVIDIA GeForce RTX 4090,50,201.22,75,5120.1,24564.0,
2026-09-06T15:36:09.231201+00:00,01_yolo26_main,1,1,5.7,6.85,60.43,57.66,NVIDIA GeForce RTX 4090,52,205.56,84,5120.1,24564.0,
2026-09-06T15:36:19.242889+00:00,01_yolo26_main,1,1,5.6,6.97,60.43,57.66,NVIDIA GeForce RTX 4090,46,141.6,0,5120.1,24564.0,
2026-09-06T15:36:29.254625+00:00,01_yolo26_main,1,1,5.8,6.84,60.43,57.66,NVIDIA GeForce RTX 4090,51,204.53,79,5120.1,24564.0,
2026-09-06T15:36:39.267520+00:00,01_yolo26_main,1,1,5.7,6.89,60.43,57.66,NVIDIA GeForce RTX 4090,51,133.03,84,5120.1,24564.0,
2026-09-06T15:36:49.279272+00:00,01_yolo26_main,1,1,5.8,6.89,60.43,57.66,NVIDIA GeForce RTX 4090,51,207.07,82,5120.1,24564.0,
2026-09-06T15:36:59.290538+00:00,01_yolo26_main,1,1,5.6,6.94,60.43,57.66,NVIDIA GeForce RTX 4090,52,149.92,81,6056.1,24564.0,
2026-09-06T15:37:09.301868+00:00,01_yolo26_main,1,1,5.8,6.86,60.43,57.66,NVIDIA GeForce RTX 4090,51,207.45,81,6056.1,24564.0,
2026-09-06T15:37:19.313909+00:00,01_yolo26_main,1,1,5.7,6.89,60.43,57.66,NVIDIA GeForce RTX 4090,52,207.82,85,6056.1,24564.0,
2026-09-06T15:37:29.326034+00:00,01_yolo26_main,1,1,5.7,6.7,60.43,57.66,NVIDIA GeForce RTX 4090,51,208.85,83,6056.1,24564.0,
2026-09-06T15:37:39.337455+00:00,01_yolo26_main,1,1,5.7,6.95,60.43,57.66,NVIDIA GeForce RTX 4090,52,208.26,82,6056.1,24564.0,
2026-09-06T15:37:49.348869+00:00,01_yolo26_main,1,1,5.7,6.93,60.43,57.66,NVIDIA GeForce RTX 4090,51,207.14,81,6056.1,24564.0,
2026-09-06T15:37:59.360779+00:00,01_yolo26_main,1,1,5.7,6.88,60.43,57.66,NVIDIA GeForce RTX 4090,52,209.27,82,6056.1,24564.0,
2026-09-06T15:38:09.372435+00:00,01_yolo26_main,1,1,5.8,6.81,60.43,57.66,NVIDIA GeForce RTX 4090,52,202.52,83,6056.1,24564.0,
2026-09-06T15:38:19.383638+00:00,01_yolo26_main,1,1,5.7,6.91,60.43,57.66,NVIDIA GeForce RTX 4090,52,208.74,82,6056.1,24564.0,
2026-09-06T15:38:29.394827+00:00,01_yolo26_main,1,1,5.6,7.0,60.43,57.66,NVIDIA GeForce RTX 4090,47,139.17,4,6056.1,24564.0,
2026-09-06T15:38:39.406472+00:00,01_yolo26_main,1,1,5.8,6.9,60.43,57.66,NVIDIA GeForce RTX 4090,52,207.43,81,6056.1,24564.0,
2026-09-06T15:38:49.418648+00:00,01_yolo26_main,1,1,5.7,6.8,60.43,57.66,NVIDIA GeForce RTX 4090,50,140.54,82,6056.1,24564.0,
2026-09-06T15:38:59.431169+00:00,01_yolo26_main,1,1,5.8,6.89,60.43,57.66,NVIDIA GeForce RTX 4090,52,207.63,81,6056.1,24564.0,
2026-09-06T15:39:09.444143+00:00,01_yolo26_main,1,1,5.7,6.89,60.43,57.66,NVIDIA GeForce RTX 4090,53,200.16,82,6056.1,24564.0,
2026-09-06T15:39:19.455478+00:00,01_yolo26_main,1,1,5.7,6.78,60.43,57.66,NVIDIA GeForce RTX 4090,51,207.2,83,6056.1,24564.0,
2026-09-06T15:39:29.467279+00:00,01_yolo26_main,1,1,5.7,6.88,60.43,57.66,NVIDIA GeForce RTX 4090,52,209.91,83,6056.1,24564.0,
2026-09-06T15:39:39.478305+00:00,01_yolo26_main,1,1,5.8,6.85,60.43,57.66,NVIDIA GeForce RTX 4090,52,208.56,82,6056.1,24564.0,
2026-09-06T15:39:49.490178+00:00,01_yolo26_main,1,1,5.7,6.85,60.43,57.66,NVIDIA GeForce RTX 4090,51,208.45,83,6056.1,24564.0,
2026-09-06T15:39:59.502152+00:00,01_yolo26_main,1,1,5.8,6.79,60.43,57.66,NVIDIA GeForce RTX 4090,52,207.37,84,6056.1,24564.0,
2026-09-06T15:40:09.513176+00:00,01_yolo26_main,1,1,5.7,6.82,60.43,57.66,NVIDIA GeForce RTX 4090,52,206.61,84,6056.1,24564.0,
2026-09-06T15:40:19.525373+00:00,01_yolo26_main,1,1,5.7,6.79,60.43,57.66,NVIDIA GeForce RTX 4090,52,194.76,82,6056.1,24564.0,
2026-09-06T15:40:29.536663+00:00,01_yolo26_main,1,1,5.7,6.77,60.43,57.66,NVIDIA GeForce RTX 4090,53,208.59,82,6056.1,24564.0,
2026-09-06T15:40:39.548980+00:00,01_yolo26_main,1,1,5.5,7.02,60.43,57.66,NVIDIA GeForce RTX 4090,47,113.97,6,6056.1,24564.0,
2026-09-06T15:40:49.559869+00:00,01_yolo26_main,1,1,5.7,6.87,60.43,57.66,NVIDIA GeForce RTX 4090,52,207.31,82,6056.1,24564.0,
2026-09-06T15:40:59.571045+00:00,01_yolo26_main,1,1,5.7,6.99,60.43,57.66,NVIDIA GeForce RTX 4090,49,146.35,72,6056.1,24564.0,
2026-09-06T15:41:09.583464+00:00,01_yolo26_main,1,1,5.7,6.91,60.43,57.66,NVIDIA GeForce RTX 4090,52,205.42,79,6056.1,24564.0,
2026-09-06T15:41:19.594661+00:00,01_yolo26_main,1,1,5.6,6.9,60.43,57.66,NVIDIA GeForce RTX 4090,50,149.46,79,6056.1,24564.0,
2026-09-06T15:41:29.605982+00:00,01_yolo26_main,1,1,5.6,6.85,60.43,57.66,NVIDIA GeForce RTX 4090,52,207.82,82,6056.1,24564.0,
2026-09-06T15:41:39.616837+00:00,01_yolo26_main,1,1,5.7,6.89,60.43,57.66,NVIDIA GeForce RTX 4090,52,200.11,80,6056.1,24564.0,
2026-09-06T15:41:49.629202+00:00,01_yolo26_main,1,1,5.8,6.95,60.43,57.66,NVIDIA GeForce RTX 4090,52,207.14,81,6056.1,24564.0,
2026-09-06T15:41:59.640453+00:00,01_yolo26_main,1,1,5.7,7.0,60.43,57.66,NVIDIA GeForce RTX 4090,51,209.98,82,6056.1,24564.0,
2026-09-06T15:42:09.652222+00:00,01_yolo26_main,1,1,5.7,6.97,60.43,57.66,NVIDIA GeForce RTX 4090,52,205.93,79,6056.1,24564.0,
2026-09-06T15:42:19.664454+00:00,01_yolo26_main,1,1,5.7,6.89,60.43,57.66,NVIDIA GeForce RTX 4090,52,203.39,80,6056.1,24564.0,
2026-09-06T15:42:29.675609+00:00,01_yolo26_main,1,1,5.7,6.85,60.43,57.66,NVIDIA GeForce RTX 4090,52,209.72,80,6056.1,24564.0,
2026-09-06T15:42:39.688134+00:00,01_yolo26_main,1,1,5.7,6.86,60.43,57.66,NVIDIA GeForce RTX 4090,51,202.69,82,6056.1,24564.0,
2026-09-06T15:42:49.699776+00:00,01_yolo26_main,1,1,5.8,6.82,60.43,57.66,NVIDIA GeForce RTX 4090,51,205.03,76,6056.1,24564.0,
2026-09-06T15:42:59.711294+00:00,01_yolo26_main,1,1,5.6,6.92,60.43,57.66,NVIDIA GeForce RTX 4090,52,206.87,80,6056.1,24564.0,
2026-09-06T15:43:09.723548+00:00,01_yolo26_main,1,1,5.7,6.87,60.43,57.66,NVIDIA GeForce RTX 4090,49,187.18,80,6056.1,24564.0,
2026-09-06T15:43:19.735096+00:00,01_yolo26_main,1,1,5.7,6.83,60.43,57.66,NVIDIA GeForce RTX 4090,51,207.14,79,6056.1,24564.0,
2026-09-06T15:43:29.747120+00:00,01_yolo26_main,1,1,5.7,6.89,60.43,57.66,NVIDIA GeForce RTX 4090,49,148.56,24,6056.1,24564.0,
2026-09-06T15:43:39.759439+00:00,01_yolo26_main,1,1,5.7,6.82,60.43,57.66,NVIDIA GeForce RTX 4090,51,209.93,82,6056.1,24564.0,
2026-09-06T15:43:49.771231+00:00,01_yolo26_main,1,1,5.7,6.9,60.43,57.66,NVIDIA GeForce RTX 4090,51,138.93,46,6056.1,24564.0,
2026-09-06T15:43:59.783384+00:00,01_yolo26_main,1,1,5.7,6.86,60.43,57.66,NVIDIA GeForce RTX 4090,52,206.28,79,6056.1,24564.0,
2026-09-06T15:44:09.796675+00:00,01_yolo26_main,1,1,5.6,7.0,60.43,57.66,NVIDIA GeForce RTX 4090,51,171.94,87,6056.1,24564.0,
2026-09-06T15:44:19.809048+00:00,01_yolo26_main,1,1,5.8,6.84,60.43,57.66,NVIDIA GeForce RTX 4090,52,207.5,83,6056.1,24564.0,
2026-09-06T15:44:29.820303+00:00,01_yolo26_main,1,1,5.7,6.96,60.43,57.66,NVIDIA GeForce RTX 4090,51,207.96,79,6056.1,24564.0,
2026-09-06T15:44:39.831754+00:00,01_yolo26_main,1,1,5.8,6.87,60.43,57.66,NVIDIA GeForce RTX 4090,52,205.86,80,6056.1,24564.0,
2026-09-06T15:44:49.842884+00:00,01_yolo26_main,1,1,5.7,6.94,60.43,57.66,NVIDIA GeForce RTX 4090,52,208.29,82,6056.1,24564.0,
2026-09-06T15:44:59.853958+00:00,01_yolo26_main,1,1,5.7,6.8,60.43,57.66,NVIDIA GeForce RTX 4090,51,207.57,85,6056.1,24564.0,
2026-09-06T15:45:09.865387+00:00,01_yolo26_main,1,1,5.7,6.94,60.43,57.66,NVIDIA GeForce RTX 4090,52,208.4,82,6056.1,24564.0,
2026-09-06T15:45:19.876785+00:00,01_yolo26_main,1,1,5.8,6.9,60.43,57.66,NVIDIA GeForce RTX 4090,52,207.32,78,6056.1,24564.0,
2026-09-06T15:45:29.888801+00:00,01_yolo26_main,1,1,5.6,7.0,60.43,57.66,NVIDIA GeForce RTX 4090,51,209.11,83,6056.1,24564.0,
2026-09-06T15:45:39.900316+00:00,01_yolo26_main,1,1,5.0,6.82,60.43,57.66,NVIDIA GeForce RTX 4090,51,211.25,81,6056.1,24564.0,
2026-09-06T15:45:49.912176+00:00,01_yolo26_main,1,1,5.7,6.93,60.43,57.66,NVIDIA GeForce RTX 4090,51,208.91,80,6056.1,24564.0,
2026-09-06T15:45:59.924659+00:00,01_yolo26_main,1,1,5.8,6.98,60.43,57.66,NVIDIA GeForce RTX 4090,51,206.38,79,6056.1,24564.0,
2026-09-06T15:46:09.936551+00:00,01_yolo26_main,1,1,5.7,6.95,60.43,57.66,NVIDIA GeForce RTX 4090,52,208.05,82,6056.1,24564.0,
2026-09-06T15:46:19.947715+00:00,01_yolo26_main,1,1,5.8,6.9,60.43,57.66,NVIDIA GeForce RTX 4090,51,205.93,79,6056.1,24564.0,
2026-09-06T15:46:29.959317+00:00,01_yolo26_main,1,1,5.7,6.92,60.43,57.66,NVIDIA GeForce RTX 4090,51,206.24,81,6056.1,24564.0,
2026-09-06T15:46:39.970890+00:00,01_yolo26_main,1,1,5.7,7.09,60.43,57.66,NVIDIA GeForce RTX 4090,47,141.63,84,6056.1,24564.0,
2026-09-06T15:46:49.982575+00:00,01_yolo26_main,1,1,5.8,6.93,60.43,57.66,NVIDIA GeForce RTX 4090,53,208.62,80,6056.1,24564.0,
2026-09-06T15:46:59.994162+00:00,01_yolo26_main,1,1,5.6,6.94,60.43,57.66,NVIDIA GeForce RTX 4090,51,138.56,16,6056.1,24564.0,
2026-09-06T15:47:10.005829+00:00,01_yolo26_main,1,1,5.8,6.87,60.43,57.66,NVIDIA GeForce RTX 4090,52,210.14,84,6056.1,24564.0,
2026-09-06T15:47:20.018817+00:00,01_yolo26_main,1,1,5.7,6.99,60.43,57.66,NVIDIA GeForce RTX 4090,51,203.35,83,6056.1,24564.0,
2026-09-06T15:47:30.031292+00:00,01_yolo26_main,1,1,5.8,6.97,60.43,57.66,NVIDIA GeForce RTX 4090,52,208.72,83,6056.1,24564.0,
2026-09-06T15:47:40.042996+00:00,01_yolo26_main,1,1,5.6,7.04,60.43,57.66,NVIDIA GeForce RTX 4090,52,208.53,83,6056.1,24564.0,
2026-09-06T15:47:50.054513+00:00,01_yolo26_main,1,1,5.8,6.91,60.43,57.66,NVIDIA GeForce RTX 4090,51,207.9,81,6056.1,24564.0,
2026-09-06T15:48:00.065662+00:00,01_yolo26_main,1,1,5.7,7.02,60.43,57.66,NVIDIA GeForce RTX 4090,52,209.79,85,6056.1,24564.0,
2026-09-06T15:48:10.078970+00:00,01_yolo26_main,1,1,5.6,6.89,60.43,57.66,NVIDIA GeForce RTX 4090,52,207.54,83,6056.1,24564.0,
2026-09-06T15:48:20.090222+00:00,01_yolo26_main,1,1,5.6,7.0,60.43,57.66,NVIDIA GeForce RTX 4090,52,208.18,83,6056.1,24564.0,
2026-09-06T15:48:30.102722+00:00,01_yolo26_main,1,1,5.7,6.94,60.43,57.66,NVIDIA GeForce RTX 4090,52,207.63,81,6056.1,24564.0,
2026-09-06T15:48:40.113457+00:00,01_yolo26_main,1,1,5.7,7.01,60.43,57.66,NVIDIA GeForce RTX 4090,53,208.19,82,6056.1,24564.0,
2026-09-06T15:48:50.126041+00:00,01_yolo26_main,1,1,5.7,7.04,60.43,57.66,NVIDIA GeForce RTX 4090,48,152.8,82,6056.1,24564.0,
2026-09-06T15:49:00.137150+00:00,01_yolo26_main,1,1,5.7,6.91,60.43,57.66,NVIDIA GeForce RTX 4090,52,208.56,83,6056.1,24564.0,
2026-09-06T15:49:10.148852+00:00,01_yolo26_main,1,1,5.4,6.96,60.43,57.66,NVIDIA GeForce RTX 4090,46,107.32,80,6056.1,24564.0,
2026-09-06T15:49:20.159608+00:00,01_yolo26_main,1,1,4.8,6.89,60.43,57.66,NVIDIA GeForce RTX 4090,50,204.67,80,6056.1,24564.0,
2026-09-06T15:49:30.171567+00:00,01_yolo26_main,1,1,5.8,6.83,60.43,57.66,NVIDIA GeForce RTX 4090,52,208.21,81,6056.1,24564.0,
2026-09-06T15:49:40.183602+00:00,01_yolo26_main,1,1,5.4,6.87,60.43,57.66,NVIDIA GeForce RTX 4090,51,206.14,82,6056.1,24564.0,
2026-09-06T15:49:50.194820+00:00,01_yolo26_main,1,1,4.9,6.93,60.43,57.66,NVIDIA GeForce RTX 4090,51,207.16,82,6056.1,24564.0,
2026-09-06T15:50:00.207790+00:00,01_yolo26_main,1,1,5.2,7.08,60.43,57.66,NVIDIA GeForce RTX 4090,45,63.32,4,6056.1,24564.0,
2026-09-06T15:50:10.218839+00:00,01_yolo26_main,1,1,5.1,6.93,60.43,57.66,NVIDIA GeForce RTX 4090,51,206.57,81,6056.1,24564.0,
2026-09-06T15:50:20.230041+00:00,01_yolo26_main,1,1,5.8,6.92,60.43,57.66,NVIDIA GeForce RTX 4090,50,199.04,82,6056.1,24564.0,
2026-09-06T15:50:30.241265+00:00,01_yolo26_main,1,1,5.6,6.92,60.43,57.66,NVIDIA GeForce RTX 4090,51,205.2,81,6056.1,24564.0,
2026-09-06T15:50:40.253014+00:00,01_yolo26_main,1,1,5.8,6.88,60.43,57.66,NVIDIA GeForce RTX 4090,49,200.29,78,6056.1,24564.0,
2026-09-06T15:50:50.263959+00:00,01_yolo26_main,1,1,5.7,6.88,60.43,57.66,NVIDIA GeForce RTX 4090,51,207.4,81,6056.1,24564.0,
2026-09-06T15:51:00.276027+00:00,01_yolo26_main,1,1,5.7,6.93,60.43,57.66,NVIDIA GeForce RTX 4090,46,154.51,7,6056.1,24564.0,
2026-09-06T15:51:10.287412+00:00,01_yolo26_main,1,1,5.7,6.91,60.43,57.66,NVIDIA GeForce RTX 4090,51,205.7,81,6056.1,24564.0,
2026-09-06T15:51:20.299181+00:00,01_yolo26_main,1,1,5.7,6.98,60.43,57.66,NVIDIA GeForce RTX 4090,49,146.8,82,6056.1,24564.0,
2026-09-06T15:51:30.311208+00:00,01_yolo26_main,1,1,5.7,6.87,60.43,57.66,NVIDIA GeForce RTX 4090,51,208.65,80,6056.1,24564.0,
2026-09-06T15:51:40.323014+00:00,01_yolo26_main,1,1,5.7,6.77,60.43,57.66,NVIDIA GeForce RTX 4090,51,155.94,82,6056.1,24564.0,
2026-09-06T15:51:50.335281+00:00,01_yolo26_main,1,1,5.8,6.9,60.43,57.66,NVIDIA GeForce RTX 4090,52,207.98,81,6056.1,24564.0,
2026-09-06T15:52:00.347105+00:00,01_yolo26_main,1,1,5.1,7.02,60.43,57.66,NVIDIA GeForce RTX 4090,49,119.12,82,6056.1,24564.0,
2026-09-06T15:52:10.358419+00:00,01_yolo26_main,1,1,5.8,6.92,60.43,57.66,NVIDIA GeForce RTX 4090,51,208.5,85,6056.1,24564.0,
2026-09-06T15:52:20.370542+00:00,01_yolo26_main,1,1,5.1,6.77,60.43,57.66,NVIDIA GeForce RTX 4090,51,195.72,82,6056.1,24564.0,
2026-09-06T15:52:30.381660+00:00,01_yolo26_main,1,1,5.6,6.96,60.43,57.66,NVIDIA GeForce RTX 4090,51,208.43,83,6056.1,24564.0,
2026-09-06T15:52:40.393623+00:00,01_yolo26_main,1,1,5.7,7.14,60.43,57.66,NVIDIA GeForce RTX 4090,48,168.78,12,6056.1,24564.0,
2026-09-06T15:52:50.404390+00:00,01_yolo26_main,1,1,5.8,6.93,60.43,57.66,NVIDIA GeForce RTX 4090,52,206.31,79,6056.1,24564.0,
2026-09-06T15:53:00.416831+00:00,01_yolo26_main,1,1,5.7,6.99,60.43,57.66,NVIDIA GeForce RTX 4090,49,143.76,84,6056.1,24564.0,
2026-09-06T15:53:10.429193+00:00,01_yolo26_main,1,1,5.7,6.97,60.43,57.66,NVIDIA GeForce RTX 4090,51,207.22,83,6056.1,24564.0,
2026-09-06T15:53:20.440854+00:00,01_yolo26_main,1,1,5.6,7.0,60.43,57.66,NVIDIA GeForce RTX 4090,50,179.63,79,6056.1,24564.0,
2026-09-06T15:53:30.452511+00:00,01_yolo26_main,1,1,5.8,6.93,60.43,57.66,NVIDIA GeForce RTX 4090,52,207.4,86,6056.1,24564.0,
2026-09-06T15:53:40.464205+00:00,01_yolo26_main,1,1,5.6,6.92,60.43,57.66,NVIDIA GeForce RTX 4090,50,207.11,81,6056.1,24564.0,
2026-09-06T15:53:50.475639+00:00,01_yolo26_main,1,1,5.7,6.77,60.43,57.66,NVIDIA GeForce RTX 4090,52,210.51,84,6056.1,24564.0,
2026-09-06T15:54:00.487844+00:00,01_yolo26_main,1,1,5.7,6.88,60.43,57.66,NVIDIA GeForce RTX 4090,52,208.66,85,6056.1,24564.0,
2026-09-06T15:54:10.499456+00:00,01_yolo26_main,1,1,5.8,6.83,60.43,57.66,NVIDIA GeForce RTX 4090,52,208.44,84,6056.1,24564.0,
2026-09-06T15:54:20.510956+00:00,01_yolo26_main,1,1,5.7,6.96,60.43,57.66,NVIDIA GeForce RTX 4090,52,210.23,80,6056.1,24564.0,
2026-09-06T15:54:30.522422+00:00,01_yolo26_main,1,1,5.8,6.83,60.43,57.66,NVIDIA GeForce RTX 4090,52,206.29,84,6056.1,24564.0,
2026-09-06T15:54:40.538288+00:00,01_yolo26_main,1,1,5.6,7.01,60.43,57.66,NVIDIA GeForce RTX 4090,52,207.45,85,6056.1,24564.0,
2026-09-06T15:54:50.550426+00:00,01_yolo26_main,1,1,5.7,7.11,60.43,57.66,NVIDIA GeForce RTX 4090,50,172.28,73,6056.1,24564.0,
2026-09-06T15:55:00.561119+00:00,01_yolo26_main,1,1,5.7,6.92,60.43,57.66,NVIDIA GeForce RTX 4090,50,190.52,85,6056.1,24564.0,
2026-09-06T15:55:10.573312+00:00,01_yolo26_main,1,1,5.7,6.92,60.43,57.66,NVIDIA GeForce RTX 4090,49,145.73,53,6056.1,24564.0,
2026-09-06T15:55:20.584433+00:00,01_yolo26_main,1,1,5.7,6.87,60.43,57.66,NVIDIA GeForce RTX 4090,52,207.49,80,6056.1,24564.0,
2026-09-06T15:55:30.595540+00:00,01_yolo26_main,1,1,5.7,6.97,60.43,57.66,NVIDIA GeForce RTX 4090,51,158.11,85,6056.1,24564.0,
2026-09-06T15:55:40.607078+00:00,01_yolo26_main,1,1,5.7,6.91,60.43,57.66,NVIDIA GeForce RTX 4090,51,207.39,83,6056.1,24564.0,
2026-09-06T15:55:50.618954+00:00,01_yolo26_main,1,1,5.7,6.99,60.43,57.66,NVIDIA GeForce RTX 4090,52,201.46,86,6056.1,24564.0,
2026-09-06T15:56:00.631513+00:00,01_yolo26_main,1,1,5.8,6.95,60.43,57.66,NVIDIA GeForce RTX 4090,52,208.59,80,6056.1,24564.0,
2026-09-06T15:56:10.643656+00:00,01_yolo26_main,1,1,5.6,6.89,60.43,57.66,NVIDIA GeForce RTX 4090,50,205.38,80,6056.1,24564.0,
2026-09-06T15:56:20.655508+00:00,01_yolo26_main,1,1,5.7,6.79,60.43,57.66,NVIDIA GeForce RTX 4090,52,207.0,82,6056.1,24564.0,
2026-09-06T15:56:30.668124+00:00,01_yolo26_main,1,1,5.7,6.88,60.43,57.66,NVIDIA GeForce RTX 4090,52,203.4,81,6056.1,24564.0,
2026-09-06T15:56:40.679688+00:00,01_yolo26_main,1,1,5.7,6.82,60.43,57.66,NVIDIA GeForce RTX 4090,52,206.52,79,6056.1,24564.0,
2026-09-06T15:56:50.691820+00:00,01_yolo26_main,1,1,5.6,6.9,60.43,57.66,NVIDIA GeForce RTX 4090,52,206.9,83,6056.1,24564.0,
2026-09-06T15:57:00.702745+00:00,01_yolo26_main,1,1,5.8,6.85,60.43,57.66,NVIDIA GeForce RTX 4090,52,205.19,83,6056.1,24564.0,
2026-09-06T15:57:10.713764+00:00,01_yolo26_main,1,1,5.7,6.88,60.43,57.66,NVIDIA GeForce RTX 4090,52,206.07,81,6056.1,24564.0,
2026-09-06T15:57:20.726185+00:00,01_yolo26_main,1,1,5.7,6.94,60.43,57.66,NVIDIA GeForce RTX 4090,51,140.1,43,6056.1,24564.0,
2026-09-06T15:57:30.737829+00:00,01_yolo26_main,1,1,5.6,6.93,60.43,57.66,NVIDIA GeForce RTX 4090,51,206.53,81,6056.1,24564.0,
2026-09-06T15:57:40.750056+00:00,01_yolo26_main,1,1,5.5,7.06,60.43,57.66,NVIDIA GeForce RTX 4090,47,105.31,6,6056.1,24564.0,
2026-09-06T15:57:50.761069+00:00,01_yolo26_main,1,1,5.6,6.9,60.43,57.66,NVIDIA GeForce RTX 4090,52,209.36,81,6056.1,24564.0,
2026-09-06T15:58:00.773445+00:00,01_yolo26_main,1,1,5.6,6.92,60.43,57.66,NVIDIA GeForce RTX 4090,49,139.4,43,6056.1,24564.0,
2026-09-06T15:58:10.787465+00:00,01_yolo26_main,1,1,5.8,6.87,60.43,57.66,NVIDIA GeForce RTX 4090,51,207.36,82,6056.1,24564.0,
2026-09-06T15:58:20.799706+00:00,01_yolo26_main,1,1,5.7,6.96,60.43,57.66,NVIDIA GeForce RTX 4090,52,148.35,65,6056.1,24564.0,
2026-09-06T15:58:30.812120+00:00,01_yolo26_main,1,1,5.8,6.82,60.43,57.66,NVIDIA GeForce RTX 4090,52,207.07,83,6056.1,24564.0,
2026-09-06T15:58:40.823820+00:00,01_yolo26_main,1,1,5.6,6.84,60.43,57.66,NVIDIA GeForce RTX 4090,52,186.32,82,6056.1,24564.0,
2026-09-06T15:58:50.835398+00:00,01_yolo26_main,1,1,5.8,6.92,60.43,57.66,NVIDIA GeForce RTX 4090,51,204.26,78,6056.1,24564.0,
2026-09-06T15:59:00.847659+00:00,01_yolo26_main,1,1,5.7,6.96,60.43,57.66,NVIDIA GeForce RTX 4090,51,205.65,81,6056.1,24564.0,
2026-09-06T15:59:10.858485+00:00,01_yolo26_main,1,1,5.8,7.0,60.43,57.66,NVIDIA GeForce RTX 4090,51,207.6,82,6056.1,24564.0,
2026-09-06T15:59:20.870337+00:00,01_yolo26_main,1,1,5.6,7.0,60.43,57.66,NVIDIA GeForce RTX 4090,52,207.74,82,6056.1,24564.0,
2026-09-06T15:59:30.881810+00:00,01_yolo26_main,1,1,6.1,6.72,60.43,57.66,NVIDIA GeForce RTX 4090,51,207.45,81,6056.1,24564.0,
2026-09-06T15:59:40.893762+00:00,01_yolo26_main,1,1,5.7,6.93,60.43,57.66,NVIDIA GeForce RTX 4090,51,209.01,83,6056.1,24564.0,
2026-09-06T15:59:50.905423+00:00,01_yolo26_main,1,1,5.8,6.96,60.43,57.66,NVIDIA GeForce RTX 4090,52,209.04,82,6056.1,24564.0,
2026-09-06T16:00:00.916260+00:00,01_yolo26_main,1,1,5.7,7.0,60.43,57.66,NVIDIA GeForce RTX 4090,52,207.94,82,6056.1,24564.0,
2026-09-06T16:00:10.928193+00:00,01_yolo26_main,1,1,5.6,6.93,60.43,57.66,NVIDIA GeForce RTX 4090,48,164.1,81,6056.1,24564.0,
2026-09-06T16:00:20.939026+00:00,01_yolo26_main,1,1,5.7,6.75,60.43,57.66,NVIDIA GeForce RTX 4090,52,205.85,76,6056.1,24564.0,
2026-09-06T16:00:30.950637+00:00,01_yolo26_main,1,1,5.6,6.95,60.43,57.66,NVIDIA GeForce RTX 4090,51,145.87,7,6056.1,24564.0,
2026-09-06T16:00:40.962813+00:00,01_yolo26_main,1,1,5.7,6.75,60.43,57.66,NVIDIA GeForce RTX 4090,52,206.52,84,6056.1,24564.0,
2026-09-06T16:00:50.974436+00:00,01_yolo26_main,1,1,5.6,6.7,60.43,57.66,NVIDIA GeForce RTX 4090,51,196.64,83,6056.1,24564.0,
2026-09-06T16:01:00.986890+00:00,01_yolo26_main,1,1,5.7,6.79,60.43,57.66,NVIDIA GeForce RTX 4090,51,205.46,80,6056.1,24564.0,
2026-09-06T16:01:10.997879+00:00,01_yolo26_main,2,2,4.6,5.9,60.43,57.95,NVIDIA GeForce RTX 4090,50,144.15,100,15138.1,24564.0,
2026-09-06T16:01:21.009602+00:00,01_yolo26_main,2,2,7.0,7.0,60.43,57.55,NVIDIA GeForce RTX 4090,50,162.89,82,4788.1,24564.0,
2026-09-06T16:01:31.020694+00:00,01_yolo26_main,2,2,5.8,7.07,60.43,57.55,NVIDIA GeForce RTX 4090,51,208.45,81,4788.1,24564.0,
2026-09-06T16:01:41.032868+00:00,01_yolo26_main,2,2,5.7,6.99,60.43,57.55,NVIDIA GeForce RTX 4090,51,205.18,78,4788.1,24564.0,
2026-09-06T16:01:51.044337+00:00,01_yolo26_main,2,2,5.7,6.87,60.43,57.55,NVIDIA GeForce RTX 4090,52,208.86,83,4788.1,24564.0,
2026-09-06T16:02:01.056717+00:00,01_yolo26_main,2,2,5.6,6.96,60.43,57.55,NVIDIA GeForce RTX 4090,52,207.76,81,4788.1,24564.0,
2026-09-06T16:02:11.068812+00:00,01_yolo26_main,2,2,5.7,6.84,60.43,57.55,NVIDIA GeForce RTX 4090,52,209.89,80,4788.1,24564.0,
2026-09-06T16:02:21.080991+00:00,01_yolo26_main,2,2,5.7,6.86,60.43,57.55,NVIDIA GeForce RTX 4090,51,208.25,81,4788.1,24564.0,
2026-09-06T16:02:31.092447+00:00,01_yolo26_main,2,2,5.7,6.82,60.43,57.55,NVIDIA GeForce RTX 4090,52,208.06,85,4788.1,24564.0,
2026-09-06T16:02:41.103819+00:00,01_yolo26_main,2,2,5.6,6.86,60.43,57.55,NVIDIA GeForce RTX 4090,51,208.12,83,4788.1,24564.0,
2026-09-06T16:02:51.114813+00:00,01_yolo26_main,2,2,5.7,6.83,60.43,57.55,NVIDIA GeForce RTX 4090,51,209.1,80,4788.1,24564.0,
2026-09-06T16:03:01.126473+00:00,01_yolo26_main,2,2,5.6,6.87,60.43,57.55,NVIDIA GeForce RTX 4090,51,206.82,79,4788.1,24564.0,
2026-09-06T16:03:11.137707+00:00,01_yolo26_main,2,2,5.8,6.9,60.43,57.55,NVIDIA GeForce RTX 4090,52,189.16,80,4788.1,24564.0,
2026-09-06T16:03:21.148632+00:00,01_yolo26_main,2,2,5.7,6.97,60.43,57.55,NVIDIA GeForce RTX 4090,51,207.07,74,4788.1,24564.0,
2026-09-06T16:03:31.160023+00:00,01_yolo26_main,2,2,5.7,7.02,60.43,57.55,NVIDIA GeForce RTX 4090,47,143.69,79,4788.1,24564.0,
2026-09-06T16:03:41.171567+00:00,01_yolo26_main,2,2,5.7,6.94,60.43,57.55,NVIDIA GeForce RTX 4090,52,209.97,80,4788.1,24564.0,
2026-09-06T16:03:51.183244+00:00,01_yolo26_main,2,2,4.9,6.81,60.43,57.55,NVIDIA GeForce RTX 4090,50,208.89,83,4788.1,24564.0,
2026-09-06T16:04:01.195912+00:00,01_yolo26_main,2,2,4.1,6.91,60.43,57.55,NVIDIA GeForce RTX 4090,45,63.97,0,4788.1,24564.0,
2026-09-06T16:04:11.207530+00:00,01_yolo26_main,2,2,0.0,6.9,60.43,57.55,NVIDIA GeForce RTX 4090,43,63.27,0,4788.1,24564.0,
2026-09-06T16:04:21.218444+00:00,01_yolo26_main,2,2,3.8,6.9,60.43,57.55,NVIDIA GeForce RTX 4090,49,155.65,81,4788.1,24564.0,
2026-09-06T16:04:31.229515+00:00,01_yolo26_main,2,2,0.0,6.88,60.43,57.55,NVIDIA GeForce RTX 4090,41,60.95,0,4788.1,24564.0,
2026-09-06T16:04:41.240161+00:00,01_yolo26_main,2,2,5.7,6.83,60.43,57.55,NVIDIA GeForce RTX 4090,48,208.7,84,4788.1,24564.0,
2026-09-06T16:04:51.251519+00:00,01_yolo26_main,2,2,5.7,6.95,60.43,57.55,NVIDIA GeForce RTX 4090,44,145.78,84,4788.1,24564.0,
2026-09-06T16:05:01.262758+00:00,01_yolo26_main,2,2,5.8,6.87,60.43,57.55,NVIDIA GeForce RTX 4090,48,207.01,83,4788.1,24564.0,
2026-09-06T16:05:11.274877+00:00,01_yolo26_main,2,2,1.4,6.91,60.43,57.55,NVIDIA GeForce RTX 4090,41,61.11,0,4788.1,24564.0,
2026-09-06T16:05:21.285896+00:00,01_yolo26_main,2,2,5.4,6.85,60.43,57.55,NVIDIA GeForce RTX 4090,48,207.38,81,4788.1,24564.0,
2026-09-06T16:05:31.297413+00:00,01_yolo26_main,2,2,4.4,6.85,60.43,57.55,NVIDIA GeForce RTX 4090,49,205.8,80,4788.1,24564.0,
2026-09-06T16:05:41.309200+00:00,01_yolo26_main,2,2,4.8,6.88,60.43,57.55,NVIDIA GeForce RTX 4090,49,205.31,82,4788.1,24564.0,
2026-09-06T16:05:51.321133+00:00,01_yolo26_main,2,2,0.3,6.97,60.43,57.55,NVIDIA GeForce RTX 4090,41,61.31,0,4788.1,24564.0,
2026-09-06T16:06:01.332382+00:00,01_yolo26_main,2,2,1.6,6.73,60.43,57.55,NVIDIA GeForce RTX 4090,46,205.54,82,4788.1,24564.0,
2026-09-06T16:06:11.344876+00:00,01_yolo26_main,2,2,2.1,6.92,60.43,57.55,NVIDIA GeForce RTX 4090,40,60.98,0,4788.1,24564.0,
2026-09-06T16:06:21.356266+00:00,01_yolo26_main,2,2,0.1,6.9,60.43,57.55,NVIDIA GeForce RTX 4090,38,61.04,0,4788.1,24564.0,
2026-09-06T16:06:31.932885+00:00,01_yolo26_main,2,2,5.5,6.84,60.43,57.55,NVIDIA GeForce RTX 4090,46,206.65,87,4788.1,24564.0,
2026-09-06T16:06:41.945843+00:00,01_yolo26_main,2,2,1.7,6.98,60.43,57.55,NVIDIA GeForce RTX 4090,39,63.57,0,4788.1,24564.0,
2026-09-06T16:06:51.956992+00:00,01_yolo26_main,2,2,3.9,6.96,60.43,57.55,NVIDIA GeForce RTX 4090,43,146.94,61,4788.1,24564.0,
2026-09-06T16:07:01.968913+00:00,01_yolo26_main,2,2,5.7,6.86,60.43,57.55,NVIDIA GeForce RTX 4090,46,206.85,81,4788.1,24564.0,
2026-09-06T16:07:11.980429+00:00,01_yolo26_main,2,2,5.7,6.98,60.43,57.55,NVIDIA GeForce RTX 4090,46,162.95,83,4788.1,24564.0,
2026-09-06T16:07:21.991731+00:00,01_yolo26_main,2,2,5.7,6.97,60.43,57.55,NVIDIA GeForce RTX 4090,48,207.87,83,4788.1,24564.0,
2026-09-06T16:07:32.002855+00:00,01_yolo26_main,2,2,5.6,6.99,60.43,57.55,NVIDIA GeForce RTX 4090,48,186.9,82,4788.1,24564.0,
2026-09-06T16:07:42.013792+00:00,01_yolo26_main,2,2,5.7,6.88,60.43,57.55,NVIDIA GeForce RTX 4090,49,206.2,86,4788.1,24564.0,
2026-09-06T16:07:52.024993+00:00,01_yolo26_main,2,2,5.7,6.93,60.43,57.55,NVIDIA GeForce RTX 4090,49,207.23,82,4788.1,24564.0,
2026-09-06T16:08:02.037190+00:00,01_yolo26_main,2,2,5.7,6.8,60.43,57.55,NVIDIA GeForce RTX 4090,49,207.52,82,4788.1,24564.0,
2026-09-06T16:08:12.049128+00:00,01_yolo26_main,2,2,5.7,6.85,60.43,57.55,NVIDIA GeForce RTX 4090,50,207.05,85,4788.1,24564.0,
2026-09-06T16:08:22.060826+00:00,01_yolo26_main,2,2,5.1,6.85,60.43,57.55,NVIDIA GeForce RTX 4090,50,208.51,83,4788.1,24564.0,
2026-09-06T16:08:32.073284+00:00,01_yolo26_main,2,2,5.1,6.98,60.43,57.55,NVIDIA GeForce RTX 4090,47,117.89,0,4788.1,24564.0,
2026-09-06T16:08:42.085363+00:00,01_yolo26_main,2,2,5.7,6.9,60.43,57.55,NVIDIA GeForce RTX 4090,50,209.49,81,4788.1,24564.0,
2026-09-06T16:08:52.097305+00:00,01_yolo26_main,2,2,5.0,6.77,60.43,57.55,NVIDIA GeForce RTX 4090,50,195.65,83,4788.1,24564.0,
2026-09-06T16:09:02.108456+00:00,01_yolo26_main,2,2,3.8,7.13,60.43,57.55,NVIDIA GeForce RTX 4090,43,62.91,0,4788.1,24564.0,
2026-09-06T16:09:12.119861+00:00,01_yolo26_main,2,2,0.0,7.08,60.43,57.55,NVIDIA GeForce RTX 4090,41,62.24,0,4788.1,24564.0,
2026-09-06T16:09:22.130734+00:00,01_yolo26_main,2,2,5.0,6.9,60.43,57.55,NVIDIA GeForce RTX 4090,47,205.76,82,4788.1,24564.0,
2026-09-06T16:09:32.142866+00:00,01_yolo26_main,2,2,5.8,6.96,60.43,57.55,NVIDIA GeForce RTX 4090,48,205.97,82,4788.1,24564.0,
2026-09-06T16:09:42.154390+00:00,01_yolo26_main,2,2,5.7,7.01,60.43,57.55,NVIDIA GeForce RTX 4090,49,207.31,80,4788.1,24564.0,
2026-09-06T16:09:52.165768+00:00,01_yolo26_main,2,2,5.7,6.87,60.43,57.55,NVIDIA GeForce RTX 4090,49,182.36,87,4788.1,24564.0,
2026-09-06T16:10:02.176962+00:00,01_yolo26_main,2,2,5.7,6.94,60.43,57.55,NVIDIA GeForce RTX 4090,49,206.71,82,4788.1,24564.0,
2026-09-06T16:10:12.188857+00:00,01_yolo26_main,2,2,5.5,7.06,60.43,57.55,NVIDIA GeForce RTX 4090,50,163.19,82,4788.1,24564.0,
2026-09-06T16:10:22.199978+00:00,01_yolo26_main,2,2,5.7,6.93,60.43,57.55,NVIDIA GeForce RTX 4090,51,206.64,80,4788.1,24564.0,
2026-09-06T16:10:32.211394+00:00,01_yolo26_main,2,2,4.7,6.8,60.43,57.55,NVIDIA GeForce RTX 4090,50,206.46,75,4788.1,24564.0,
2026-09-06T16:10:42.222837+00:00,01_yolo26_main,2,2,5.6,6.84,60.43,57.55,NVIDIA GeForce RTX 4090,50,206.87,76,4788.1,24564.0,
2026-09-06T16:10:52.234240+00:00,01_yolo26_main,2,2,5.4,6.74,60.43,57.55,NVIDIA GeForce RTX 4090,50,204.8,84,4788.1,24564.0,
2026-09-06T16:11:02.245893+00:00,01_yolo26_main,2,2,5.5,7.03,60.43,57.55,NVIDIA GeForce RTX 4090,49,204.91,82,4788.1,24564.0,
2026-09-06T16:11:12.257355+00:00,01_yolo26_main,2,2,5.8,6.9,60.43,57.55,NVIDIA GeForce RTX 4090,51,208.19,81,4788.1,24564.0,
2026-09-06T16:11:22.268393+00:00,01_yolo26_main,2,2,5.7,7.0,60.43,57.55,NVIDIA GeForce RTX 4090,51,208.89,85,4788.1,24564.0,
2026-09-06T16:11:32.280765+00:00,01_yolo26_main,2,2,5.8,6.94,60.43,57.55,NVIDIA GeForce RTX 4090,51,207.78,82,4788.1,24564.0,
2026-09-06T16:11:42.292946+00:00,01_yolo26_main,2,2,5.7,6.87,60.43,57.55,NVIDIA GeForce RTX 4090,50,209.49,82,4788.1,24564.0,
2026-09-06T16:11:52.305026+00:00,01_yolo26_main,2,2,2.2,6.92,60.43,57.55,NVIDIA GeForce RTX 4090,43,63.35,0,4788.1,24564.0,
2026-09-06T16:12:02.316162+00:00,01_yolo26_main,2,2,2.7,6.69,60.43,57.55,NVIDIA GeForce RTX 4090,48,207.69,84,4788.1,24564.0,
2026-09-06T16:12:12.329302+00:00,01_yolo26_main,2,2,1.1,6.9,60.43,57.55,NVIDIA GeForce RTX 4090,41,63.32,0,4788.1,24564.0,
2026-09-06T16:12:22.340888+00:00,01_yolo26_main,2,2,0.1,6.89,60.43,57.55,NVIDIA GeForce RTX 4090,39,37.23,0,4788.1,24564.0,
2026-09-06T16:12:32.354209+00:00,01_yolo26_main,2,2,0.0,6.88,60.43,57.55,NVIDIA GeForce RTX 4090,37,22.43,0,4788.1,24564.0,
2026-09-06T16:12:42.366489+00:00,01_yolo26_main,2,2,4.9,6.91,60.43,57.55,NVIDIA GeForce RTX 4090,47,207.17,83,4788.1,24564.0,
2026-09-06T16:12:52.377743+00:00,01_yolo26_main,2,2,5.8,6.82,60.43,57.55,NVIDIA GeForce RTX 4090,46,207.72,79,4788.1,24564.0,
2026-09-06T16:13:02.389683+00:00,01_yolo26_main,2,2,5.7,7.0,60.43,57.55,NVIDIA GeForce RTX 4090,47,208.5,81,4788.1,24564.0,
2026-09-06T16:13:12.401276+00:00,01_yolo26_main,2,2,5.8,6.78,60.43,57.55,NVIDIA GeForce RTX 4090,48,207.29,74,4788.1,24564.0,
2026-09-06T16:13:22.412417+00:00,01_yolo26_main,2,2,5.6,6.9,60.43,57.55,NVIDIA GeForce RTX 4090,48,208.75,78,4788.1,24564.0,
2026-09-06T16:13:32.424709+00:00,01_yolo26_main,2,2,5.7,7.07,60.43,57.55,NVIDIA GeForce RTX 4090,44,139.09,0,4788.1,24564.0,
2026-09-06T16:13:42.437454+00:00,01_yolo26_main,2,2,5.7,6.96,60.43,57.55,NVIDIA GeForce RTX 4090,50,207.81,85,4788.1,24564.0,
2026-09-06T16:13:52.448953+00:00,01_yolo26_main,2,2,5.7,6.93,60.43,57.55,NVIDIA GeForce RTX 4090,49,148.36,84,4788.1,24564.0,
2026-09-06T16:14:02.460146+00:00,01_yolo26_main,2,2,5.7,6.9,60.43,57.55,NVIDIA GeForce RTX 4090,49,204.86,83,4788.1,24564.0,
2026-09-06T16:14:12.472468+00:00,01_yolo26_main,2,2,5.7,7.05,60.43,57.55,NVIDIA GeForce RTX 4090,50,187.45,85,4788.1,24564.0,
2026-09-06T16:14:22.484801+00:00,01_yolo26_main,2,2,5.8,6.9,60.43,57.55,NVIDIA GeForce RTX 4090,50,207.71,83,4788.1,24564.0,
2026-09-06T16:14:32.497177+00:00,01_yolo26_main,2,2,5.7,6.96,60.43,57.55,NVIDIA GeForce RTX 4090,50,186.18,86,4788.1,24564.0,
2026-09-06T16:14:42.508426+00:00,01_yolo26_main,2,2,5.8,7.02,60.43,57.55,NVIDIA GeForce RTX 4090,50,210.01,79,4998.1,24564.0,
2026-09-06T16:14:52.520347+00:00,01_yolo26_main,2,2,5.7,7.07,60.43,57.55,NVIDIA GeForce RTX 4090,50,208.14,80,4998.1,24564.0,
2026-09-06T16:15:02.531644+00:00,01_yolo26_main,2,2,5.8,6.99,60.43,57.55,NVIDIA GeForce RTX 4090,50,208.2,80,4998.1,24564.0,
2026-09-06T16:15:12.544089+00:00,01_yolo26_main,2,2,5.7,6.99,60.43,57.55,NVIDIA GeForce RTX 4090,51,207.51,84,4998.1,24564.0,
2026-09-06T16:15:22.555857+00:00,01_yolo26_main,2,2,5.7,6.9,60.43,57.55,NVIDIA GeForce RTX 4090,51,189.19,79,4998.1,24564.0,
2026-09-06T16:15:32.567313+00:00,01_yolo26_main,2,2,5.7,6.98,60.43,57.55,NVIDIA GeForce RTX 4090,52,209.07,82,4998.1,24564.0,
2026-09-06T16:15:42.579889+00:00,01_yolo26_main,2,2,5.6,7.1,60.43,57.55,NVIDIA GeForce RTX 4090,46,127.4,7,4998.1,24564.0,
2026-09-06T16:15:52.590992+00:00,01_yolo26_main,2,2,4.7,6.86,60.43,57.55,NVIDIA GeForce RTX 4090,51,206.77,83,4998.1,24564.0,
2026-09-06T16:16:02.603005+00:00,01_yolo26_main,2,2,5.7,6.87,60.43,57.55,NVIDIA GeForce RTX 4090,51,207.81,82,4998.1,24564.0,
2026-09-06T16:16:12.614501+00:00,01_yolo26_main,2,2,0.7,7.04,60.43,57.55,NVIDIA GeForce RTX 4090,43,61.76,0,4998.1,24564.0,
2026-09-06T16:16:22.625879+00:00,01_yolo26_main,2,2,4.5,6.99,60.43,57.55,NVIDIA GeForce RTX 4090,49,200.99,82,4998.1,24564.0,
2026-09-06T16:16:32.637777+00:00,01_yolo26_main,2,2,5.8,6.95,60.43,57.55,NVIDIA GeForce RTX 4090,50,207.97,84,4998.1,24564.0,
2026-09-06T16:16:42.649911+00:00,01_yolo26_main,2,2,4.4,6.87,60.43,57.55,NVIDIA GeForce RTX 4090,50,206.19,84,4998.1,24564.0,
2026-09-06T16:16:52.662257+00:00,01_yolo26_main,2,2,5.4,7.1,60.43,57.55,NVIDIA GeForce RTX 4090,48,202.73,81,4998.1,24564.0,
2026-09-06T16:17:02.673376+00:00,01_yolo26_main,2,2,5.0,6.82,60.43,57.55,NVIDIA GeForce RTX 4090,49,207.32,80,4998.1,24564.0,
2026-09-06T16:17:12.685518+00:00,01_yolo26_main,2,2,5.6,6.94,60.43,57.55,NVIDIA GeForce RTX 4090,50,207.17,81,4998.1,24564.0,
2026-09-06T16:17:22.697297+00:00,01_yolo26_main,2,2,5.8,6.93,60.43,57.55,NVIDIA GeForce RTX 4090,50,209.08,83,4998.1,24564.0,
2026-09-06T16:17:32.709803+00:00,01_yolo26_main,2,2,5.7,6.88,60.43,57.55,NVIDIA GeForce RTX 4090,50,206.58,83,4998.1,24564.0,
2026-09-06T16:17:42.722119+00:00,01_yolo26_main,2,2,5.8,6.87,60.43,57.55,NVIDIA GeForce RTX 4090,51,209.41,83,4998.1,24564.0,
2026-09-06T16:17:52.733727+00:00,01_yolo26_main,2,2,5.6,6.83,60.43,57.55,NVIDIA GeForce RTX 4090,52,207.54,83,4998.1,24564.0,
2026-09-06T16:18:02.744933+00:00,01_yolo26_main,2,2,5.8,6.85,60.43,57.55,NVIDIA GeForce RTX 4090,51,189.8,79,4998.1,24564.0,
2026-09-06T16:18:12.756306+00:00,01_yolo26_main,2,2,5.7,6.87,60.43,57.55,NVIDIA GeForce RTX 4090,50,206.9,81,4998.1,24564.0,
2026-09-06T16:18:22.767896+00:00,01_yolo26_main,2,2,5.7,6.84,60.43,57.55,NVIDIA GeForce RTX 4090,46,135.61,0,4998.1,24564.0,
2026-09-06T16:18:32.780000+00:00,01_yolo26_main,2,2,5.8,7.01,60.43,57.55,NVIDIA GeForce RTX 4090,51,209.88,83,4998.1,24564.0,
2026-09-06T16:18:42.791455+00:00,01_yolo26_main,2,2,5.4,7.16,60.43,57.55,NVIDIA GeForce RTX 4090,46,137.08,6,4998.1,24564.0,
2026-09-06T16:18:52.803061+00:00,01_yolo26_main,2,2,5.8,6.95,60.43,57.55,NVIDIA GeForce RTX 4090,51,208.08,78,4998.1,24564.0,
2026-09-06T16:19:02.814519+00:00,01_yolo26_main,2,2,5.7,7.06,60.43,57.55,NVIDIA GeForce RTX 4090,51,177.37,82,4998.1,24564.0,
2026-09-06T16:19:12.826303+00:00,01_yolo26_main,2,2,5.6,6.91,60.43,57.55,NVIDIA GeForce RTX 4090,52,206.97,84,4998.1,24564.0,
2026-09-06T16:19:22.838095+00:00,01_yolo26_main,2,2,5.4,6.92,60.43,57.55,NVIDIA GeForce RTX 4090,49,134.08,0,4998.1,24564.0,
2026-09-06T16:19:32.849669+00:00,01_yolo26_main,2,2,5.8,6.92,60.43,57.55,NVIDIA GeForce RTX 4090,51,207.25,82,4998.1,24564.0,
2026-09-06T16:19:42.861536+00:00,01_yolo26_main,2,2,5.6,7.05,60.43,57.55,NVIDIA GeForce RTX 4090,52,188.76,84,4998.1,24564.0,
2026-09-06T16:19:52.873736+00:00,01_yolo26_main,2,2,5.7,6.96,60.43,57.55,NVIDIA GeForce RTX 4090,51,208.59,80,4998.1,24564.0,
2026-09-06T16:20:02.885605+00:00,01_yolo26_main,2,2,5.6,7.0,60.43,57.55,NVIDIA GeForce RTX 4090,52,201.96,81,4998.1,24564.0,
2026-09-06T16:20:12.897589+00:00,01_yolo26_main,2,2,5.8,6.98,60.43,57.55,NVIDIA GeForce RTX 4090,51,207.79,78,4998.1,24564.0,
2026-09-06T16:20:22.909648+00:00,01_yolo26_main,2,2,5.6,6.92,60.43,57.55,NVIDIA GeForce RTX 4090,51,207.87,87,4998.1,24564.0,
2026-09-06T16:20:32.921021+00:00,01_yolo26_main,2,2,5.8,6.84,60.43,57.55,NVIDIA GeForce RTX 4090,52,208.36,80,4998.1,24564.0,
2026-09-06T16:20:42.932461+00:00,01_yolo26_main,2,2,5.7,7.07,60.43,57.55,NVIDIA GeForce RTX 4090,52,207.42,78,4998.1,24564.0,
2026-09-06T16:20:52.943390+00:00,01_yolo26_main,2,2,5.7,6.92,60.43,57.55,NVIDIA GeForce RTX 4090,52,207.03,83,4998.1,24564.0,
2026-09-06T16:21:02.955052+00:00,01_yolo26_main,2,2,5.7,7.07,60.43,57.55,NVIDIA GeForce RTX 4090,52,207.21,87,5208.1,24564.0,
2026-09-06T16:21:12.967910+00:00,01_yolo26_main,2,2,5.7,6.94,60.43,57.55,NVIDIA GeForce RTX 4090,49,180.06,80,5208.1,24564.0,
2026-09-06T16:21:22.979268+00:00,01_yolo26_main,2,2,5.7,6.98,60.43,57.55,NVIDIA GeForce RTX 4090,51,205.96,80,5208.1,24564.0,
2026-09-06T16:21:32.990611+00:00,01_yolo26_main,2,2,5.6,7.14,60.43,57.55,NVIDIA GeForce RTX 4090,48,132.71,61,5208.1,24564.0,
2026-09-06T16:21:43.002188+00:00,01_yolo26_main,2,2,5.7,7.07,60.43,57.55,NVIDIA GeForce RTX 4090,52,207.72,83,5208.1,24564.0,
2026-09-06T16:21:53.014333+00:00,01_yolo26_main,2,2,5.7,7.07,60.43,57.55,NVIDIA GeForce RTX 4090,50,149.63,15,5208.1,24564.0,
2026-09-06T16:22:03.026719+00:00,01_yolo26_main,2,2,5.7,6.91,60.43,57.55,NVIDIA GeForce RTX 4090,52,206.05,82,5208.1,24564.0,
2026-09-06T16:22:13.038823+00:00,01_yolo26_main,2,2,5.7,6.94,60.43,57.55,NVIDIA GeForce RTX 4090,52,204.84,82,5208.1,24564.0,
2026-09-06T16:22:23.051797+00:00,01_yolo26_main,2,2,5.7,7.0,60.43,57.55,NVIDIA GeForce RTX 4090,52,207.36,86,5208.1,24564.0,
2026-09-06T16:22:33.064719+00:00,01_yolo26_main,2,2,5.7,6.99,60.43,57.55,NVIDIA GeForce RTX 4090,52,207.84,78,5208.1,24564.0,
2026-09-06T16:22:43.076805+00:00,01_yolo26_main,2,2,5.8,6.92,60.43,57.55,NVIDIA GeForce RTX 4090,51,208.34,78,5208.1,24564.0,
2026-09-06T16:22:53.088865+00:00,01_yolo26_main,2,2,5.7,6.91,60.43,57.55,NVIDIA GeForce RTX 4090,52,207.12,81,5208.1,24564.0,
2026-09-06T16:23:03.100574+00:00,01_yolo26_main,2,2,5.7,7.02,60.43,57.55,NVIDIA GeForce RTX 4090,52,189.38,85,5208.1,24564.0,
2026-09-06T16:23:13.112424+00:00,01_yolo26_main,2,2,5.0,7.03,60.43,57.55,NVIDIA GeForce RTX 4090,52,207.28,81,5208.1,24564.0,
2026-09-06T16:23:23.123470+00:00,01_yolo26_main,2,2,4.7,6.85,60.43,57.55,NVIDIA GeForce RTX 4090,52,208.35,86,5208.1,24564.0,
2026-09-06T16:23:33.134969+00:00,01_yolo26_main,2,2,5.5,7.0,60.43,57.55,NVIDIA GeForce RTX 4090,52,187.9,84,5208.1,24564.0,
2026-09-06T16:23:43.146519+00:00,01_yolo26_main,2,2,5.5,7.06,60.43,57.55,NVIDIA GeForce RTX 4090,52,209.33,81,5208.1,24564.0,
2026-09-06T16:23:53.159241+00:00,01_yolo26_main,2,2,5.7,7.11,60.43,57.55,NVIDIA GeForce RTX 4090,49,153.81,80,5208.1,24564.0,
2026-09-06T16:24:03.169970+00:00,01_yolo26_main,2,2,5.6,6.9,60.43,57.55,NVIDIA GeForce RTX 4090,51,207.03,79,5208.1,24564.0,
2026-09-06T16:24:13.182765+00:00,01_yolo26_main,2,2,5.7,7.08,60.43,57.55,NVIDIA GeForce RTX 4090,48,153.34,83,5208.1,24564.0,
2026-09-06T16:24:23.194242+00:00,01_yolo26_main,2,2,5.7,7.06,60.43,57.55,NVIDIA GeForce RTX 4090,52,207.3,84,5208.1,24564.0,
2026-09-06T16:24:33.206058+00:00,01_yolo26_main,2,2,5.7,6.97,60.43,57.55,NVIDIA GeForce RTX 4090,51,149.84,16,5208.1,24564.0,
2026-09-06T16:24:43.217277+00:00,01_yolo26_main,2,2,5.7,6.93,60.43,57.55,NVIDIA GeForce RTX 4090,51,206.0,81,5208.1,24564.0,
2026-09-06T16:24:53.228706+00:00,01_yolo26_main,2,2,5.7,7.06,60.43,57.55,NVIDIA GeForce RTX 4090,51,198.34,83,5208.1,24564.0,
2026-09-06T16:25:03.240347+00:00,01_yolo26_main,2,2,5.8,6.94,60.43,57.55,NVIDIA GeForce RTX 4090,52,205.88,83,5208.1,24564.0,
2026-09-06T16:25:13.252443+00:00,01_yolo26_main,2,2,5.7,7.05,60.43,57.55,NVIDIA GeForce RTX 4090,51,207.64,82,5208.1,24564.0,
2026-09-06T16:25:23.264292+00:00,01_yolo26_main,2,2,5.8,6.86,60.43,57.55,NVIDIA GeForce RTX 4090,51,207.49,81,5208.1,24564.0,
2026-09-06T16:25:33.275458+00:00,01_yolo26_main,2,2,5.6,6.97,60.43,57.55,NVIDIA GeForce RTX 4090,52,205.29,82,5208.1,24564.0,
2026-09-06T16:25:43.287993+00:00,01_yolo26_main,2,2,5.7,6.9,60.43,57.55,NVIDIA GeForce RTX 4090,51,207.91,81,5208.1,24564.0,
2026-09-06T16:25:53.299481+00:00,01_yolo26_main,2,2,5.7,6.86,60.43,57.55,NVIDIA GeForce RTX 4090,52,206.79,81,5208.1,24564.0,
2026-09-06T16:26:03.312564+00:00,01_yolo26_main,2,2,5.7,7.02,60.43,57.55,NVIDIA GeForce RTX 4090,51,170.06,81,5208.1,24564.0,
2026-09-06T16:26:13.323477+00:00,01_yolo26_main,2,2,5.6,6.82,60.43,57.55,NVIDIA GeForce RTX 4090,51,208.85,80,5208.1,24564.0,
2026-09-06T16:26:23.334831+00:00,01_yolo26_main,2,2,5.7,7.06,60.43,57.55,NVIDIA GeForce RTX 4090,47,145.1,83,5208.1,24564.0,
2026-09-06T16:26:33.347296+00:00,01_yolo26_main,2,2,5.8,6.91,60.43,57.55,NVIDIA GeForce RTX 4090,52,206.84,81,5208.1,24564.0,
2026-09-06T16:26:43.359050+00:00,01_yolo26_main,2,2,5.7,7.03,60.43,57.55,NVIDIA GeForce RTX 4090,52,164.23,82,5208.1,24564.0,
2026-09-06T16:26:53.371131+00:00,01_yolo26_main,2,2,5.7,6.88,60.43,57.55,NVIDIA GeForce RTX 4090,52,206.88,81,5208.1,24564.0,
2026-09-06T16:27:03.383193+00:00,01_yolo26_main,2,2,4.2,6.9,60.43,57.55,NVIDIA GeForce RTX 4090,52,207.15,81,5208.1,24564.0,
2026-09-06T16:27:13.394988+00:00,01_yolo26_main,2,2,5.7,6.91,60.43,57.55,NVIDIA GeForce RTX 4090,51,206.63,82,5208.1,24564.0,
2026-09-06T16:27:23.407674+00:00,01_yolo26_main,2,2,5.0,6.84,60.43,57.55,NVIDIA GeForce RTX 4090,51,206.99,82,5208.1,24564.0,
2026-09-06T16:27:33.418845+00:00,01_yolo26_main,2,2,5.6,6.99,60.43,57.55,NVIDIA GeForce RTX 4090,51,204.98,79,5208.1,24564.0,
2026-09-06T16:27:43.431422+00:00,01_yolo26_main,2,2,5.8,6.93,60.43,57.55,NVIDIA GeForce RTX 4090,51,201.99,81,5208.1,24564.0,
2026-09-06T16:27:53.442371+00:00,01_yolo26_main,2,2,5.7,6.96,60.43,57.55,NVIDIA GeForce RTX 4090,51,205.82,83,5208.1,24564.0,
2026-09-06T16:28:03.454057+00:00,01_yolo26_main,2,2,5.8,6.92,60.43,57.55,NVIDIA GeForce RTX 4090,51,205.88,82,5208.1,24564.0,
2026-09-06T16:28:13.466379+00:00,01_yolo26_main,2,2,5.7,6.98,60.43,57.55,NVIDIA GeForce RTX 4090,52,205.84,82,5208.1,24564.0,
2026-09-06T16:28:23.478219+00:00,01_yolo26_main,2,2,5.7,6.85,60.43,57.55,NVIDIA GeForce RTX 4090,51,206.05,82,5208.1,24564.0,
2026-09-06T16:28:33.490196+00:00,01_yolo26_main,2,2,5.7,6.89,60.43,57.55,NVIDIA GeForce RTX 4090,51,208.51,84,5208.1,24564.0,
2026-09-06T16:28:43.501853+00:00,01_yolo26_main,2,2,5.7,6.95,60.43,57.55,NVIDIA GeForce RTX 4090,47,157.38,15,5208.1,24564.0,
2026-09-06T16:28:53.514192+00:00,01_yolo26_main,2,2,5.7,6.98,60.43,57.55,NVIDIA GeForce RTX 4090,53,208.23,82,5208.1,24564.0,
2026-09-06T16:29:03.525636+00:00,01_yolo26_main,2,2,5.6,6.98,60.43,57.55,NVIDIA GeForce RTX 4090,50,144.02,85,5208.1,24564.0,
2026-09-06T16:29:13.537757+00:00,01_yolo26_main,2,2,5.7,7.0,60.43,57.55,NVIDIA GeForce RTX 4090,52,207.06,85,5208.1,24564.0,
2026-09-06T16:29:23.550311+00:00,01_yolo26_main,2,2,5.7,7.07,60.43,57.55,NVIDIA GeForce RTX 4090,51,173.99,81,5208.1,24564.0,
2026-09-06T16:29:33.561662+00:00,01_yolo26_main,2,2,5.8,6.91,60.43,57.55,NVIDIA GeForce RTX 4090,52,205.91,80,5208.1,24564.0,
2026-09-06T16:29:43.573498+00:00,01_yolo26_main,2,2,5.6,7.01,60.43,57.55,NVIDIA GeForce RTX 4090,51,206.4,84,5208.1,24564.0,
2026-09-06T16:29:53.585783+00:00,01_yolo26_main,2,2,5.7,6.93,60.43,57.55,NVIDIA GeForce RTX 4090,52,207.12,83,5208.1,24564.0,
2026-09-06T16:30:03.598437+00:00,01_yolo26_main,2,2,5.7,7.0,60.43,57.55,NVIDIA GeForce RTX 4090,52,207.26,82,5208.1,24564.0,
2026-09-06T16:30:13.609676+00:00,01_yolo26_main,2,2,5.8,6.87,60.43,57.55,NVIDIA GeForce RTX 4090,51,207.01,83,5208.1,24564.0,
2026-09-06T16:30:23.620793+00:00,01_yolo26_main,2,2,5.7,6.94,60.43,57.55,NVIDIA GeForce RTX 4090,52,210.31,85,5208.1,24564.0,
2026-09-06T16:30:33.634329+00:00,01_yolo26_main,2,2,5.7,6.84,60.43,57.55,NVIDIA GeForce RTX 4090,52,207.05,82,5208.1,24564.0,
2026-09-06T16:30:43.645809+00:00,01_yolo26_main,2,2,5.7,6.76,60.43,57.55,NVIDIA GeForce RTX 4090,51,206.15,84,5208.1,24564.0,
2026-09-06T16:30:53.657866+00:00,01_yolo26_main,2,2,5.7,7.13,60.43,57.59,NVIDIA GeForce RTX 4090,50,157.06,50,5208.1,24564.0,
2026-09-06T16:31:03.669117+00:00,01_yolo26_main,2,2,5.7,7.03,60.43,57.55,NVIDIA GeForce RTX 4090,51,205.07,83,5208.1,24564.0,
2026-09-06T16:31:13.681096+00:00,01_yolo26_main,2,2,5.6,7.11,60.43,57.55,NVIDIA GeForce RTX 4090,48,118.0,0,5208.1,24564.0,
2026-09-06T16:31:23.692754+00:00,01_yolo26_main,2,2,5.7,6.94,60.43,57.55,NVIDIA GeForce RTX 4090,52,207.71,85,5208.1,24564.0,
2026-09-06T16:31:33.704921+00:00,01_yolo26_main,2,2,5.7,6.99,60.43,57.55,NVIDIA GeForce RTX 4090,51,176.08,85,5208.1,24564.0,
2026-09-06T16:31:43.716417+00:00,01_yolo26_main,2,2,5.8,6.83,60.43,57.55,NVIDIA GeForce RTX 4090,52,207.51,84,5208.1,24564.0,
2026-09-06T16:31:53.728196+00:00,01_yolo26_main,2,2,5.7,7.03,60.43,57.55,NVIDIA GeForce RTX 4090,52,206.16,85,5208.1,24564.0,
2026-09-06T16:32:03.739313+00:00,01_yolo26_main,2,2,5.7,6.88,60.43,57.55,NVIDIA GeForce RTX 4090,52,207.25,84,5208.1,24564.0,
2026-09-06T16:32:13.750424+00:00,01_yolo26_main,2,2,5.7,7.01,60.43,57.55,NVIDIA GeForce RTX 4090,51,206.73,81,5208.1,24564.0,
2026-09-06T16:32:23.761869+00:00,01_yolo26_main,2,2,5.7,6.86,60.43,57.55,NVIDIA GeForce RTX 4090,51,207.47,82,5208.1,24564.0,
2026-09-06T16:32:33.773754+00:00,01_yolo26_main,2,2,5.7,6.9,60.43,57.55,NVIDIA GeForce RTX 4090,52,206.66,75,5208.1,24564.0,
2026-09-06T16:32:43.786742+00:00,01_yolo26_main,2,2,5.7,6.93,60.43,57.55,NVIDIA GeForce RTX 4090,52,206.57,78,5208.1,24564.0,
2026-09-06T16:32:53.798550+00:00,01_yolo26_main,2,2,5.6,6.95,60.43,57.55,NVIDIA GeForce RTX 4090,51,206.46,78,5208.1,24564.0,
2026-09-06T16:33:03.809785+00:00,01_yolo26_main,2,2,5.7,6.89,60.43,57.55,NVIDIA GeForce RTX 4090,52,172.48,83,5208.1,24564.0,
2026-09-06T16:33:13.821309+00:00,01_yolo26_main,2,2,5.7,6.89,60.43,57.55,NVIDIA GeForce RTX 4090,51,207.81,81,5208.1,24564.0,
2026-09-06T16:33:23.833083+00:00,01_yolo26_main,2,2,5.6,6.91,60.43,57.55,NVIDIA GeForce RTX 4090,47,119.61,0,5208.1,24564.0,
2026-09-06T16:33:33.845494+00:00,01_yolo26_main,2,2,5.8,6.88,60.43,57.55,NVIDIA GeForce RTX 4090,52,206.34,82,5208.1,24564.0,
2026-09-06T16:33:43.856994+00:00,01_yolo26_main,2,2,5.7,6.97,60.43,57.55,NVIDIA GeForce RTX 4090,49,139.75,62,5208.1,24564.0,
2026-09-06T16:33:53.869502+00:00,01_yolo26_main,2,2,5.7,6.87,60.43,57.55,NVIDIA GeForce RTX 4090,51,206.13,85,5208.1,24564.0,
2026-09-06T16:34:03.881294+00:00,01_yolo26_main,2,2,5.7,7.05,60.43,57.55,NVIDIA GeForce RTX 4090,51,200.15,88,5208.1,24564.0,
2026-09-06T16:34:13.893228+00:00,01_yolo26_main,2,2,5.7,6.91,60.43,57.55,NVIDIA GeForce RTX 4090,52,207.15,80,5208.1,24564.0,
2026-09-06T16:34:23.904975+00:00,01_yolo26_main,2,2,5.7,6.96,60.43,57.55,NVIDIA GeForce RTX 4090,51,206.17,83,5208.1,24564.0,
2026-09-06T16:34:33.916864+00:00,01_yolo26_main,2,2,5.8,6.99,60.43,57.55,NVIDIA GeForce RTX 4090,52,206.33,80,5210.1,24564.0,
2026-09-06T16:34:43.929127+00:00,01_yolo26_main,2,2,5.7,6.94,60.43,57.55,NVIDIA GeForce RTX 4090,52,206.99,79,5210.1,24564.0,
2026-09-06T16:34:53.940864+00:00,01_yolo26_main,2,2,5.8,6.86,60.43,57.55,NVIDIA GeForce RTX 4090,53,205.52,80,5210.1,24564.0,
2026-09-06T16:35:03.952666+00:00,01_yolo26_main,2,2,5.6,7.01,60.43,57.55,NVIDIA GeForce RTX 4090,51,206.26,84,5210.1,24564.0,
2026-09-06T16:35:13.964680+00:00,01_yolo26_main,2,2,5.8,6.91,60.43,57.55,NVIDIA GeForce RTX 4090,53,203.44,79,5210.1,24564.0,
2026-09-06T16:35:23.976061+00:00,01_yolo26_main,2,2,5.7,6.96,60.43,57.55,NVIDIA GeForce RTX 4090,52,202.49,79,5210.1,24564.0,
2026-09-06T16:35:33.987832+00:00,01_yolo26_main,2,2,5.6,7.21,60.43,57.55,NVIDIA GeForce RTX 4090,47,141.74,8,5210.1,24564.0,
2026-09-06T16:35:43.998700+00:00,01_yolo26_main,2,2,5.7,6.94,60.43,57.55,NVIDIA GeForce RTX 4090,52,204.63,76,5210.1,24564.0,
2026-09-06T16:35:54.010613+00:00,01_yolo26_main,2,2,5.7,7.04,60.43,57.55,NVIDIA GeForce RTX 4090,50,136.19,80,5210.1,24564.0,
2026-09-06T16:36:04.023032+00:00,01_yolo26_main,2,2,5.8,6.96,60.43,57.55,NVIDIA GeForce RTX 4090,51,206.9,86,5210.1,24564.0,
2026-09-06T16:36:14.034715+00:00,01_yolo26_main,2,2,5.6,6.93,60.43,57.55,NVIDIA GeForce RTX 4090,51,182.15,84,5210.1,24564.0,
2026-09-06T16:36:24.046009+00:00,01_yolo26_main,2,2,5.8,6.92,60.43,57.55,NVIDIA GeForce RTX 4090,52,207.81,86,5210.1,24564.0,
2026-09-06T16:36:34.057271+00:00,01_yolo26_main,2,2,5.7,7.04,60.43,57.55,NVIDIA GeForce RTX 4090,52,205.06,84,5210.1,24564.0,
2026-09-06T16:36:44.068363+00:00,01_yolo26_main,2,2,5.7,6.88,60.43,57.55,NVIDIA GeForce RTX 4090,52,206.15,85,5210.1,24564.0,
2026-09-06T16:36:54.080723+00:00,01_yolo26_main,2,2,5.7,6.93,60.43,57.55,NVIDIA GeForce RTX 4090,51,206.83,84,5210.1,24564.0,
2026-09-06T16:37:04.092374+00:00,01_yolo26_main,2,2,5.7,6.8,60.43,57.55,NVIDIA GeForce RTX 4090,52,207.04,85,5210.1,24564.0,
2026-09-06T16:37:14.104001+00:00,01_yolo26_main,2,2,5.7,6.99,60.43,57.55,NVIDIA GeForce RTX 4090,52,205.97,85,5210.1,24564.0,
2026-09-06T16:37:24.115651+00:00,01_yolo26_main,2,2,5.8,7.0,60.43,57.55,NVIDIA GeForce RTX 4090,51,205.07,80,5210.1,24564.0,
2026-09-06T16:37:34.127372+00:00,01_yolo26_main,2,2,5.7,6.99,60.43,57.55,NVIDIA GeForce RTX 4090,52,209.87,85,5210.1,24564.0,
2026-09-06T16:37:44.139288+00:00,01_yolo26_main,2,2,5.7,7.06,60.43,57.55,NVIDIA GeForce RTX 4090,48,156.67,51,5210.1,24564.0,
2026-09-06T16:37:54.150204+00:00,01_yolo26_main,2,2,5.5,6.93,60.43,57.55,NVIDIA GeForce RTX 4090,52,207.06,78,5210.1,24564.0,
2026-09-06T16:38:04.161556+00:00,01_yolo26_main,2,2,5.6,6.94,60.43,57.55,NVIDIA GeForce RTX 4090,52,176.95,78,5210.1,24564.0,
2026-09-06T16:38:14.172684+00:00,01_yolo26_main,2,2,5.7,6.92,60.43,57.55,NVIDIA GeForce RTX 4090,51,205.05,81,5210.1,24564.0,
2026-09-06T16:38:24.184113+00:00,01_yolo26_main,2,2,5.7,7.12,60.43,57.55,NVIDIA GeForce RTX 4090,49,144.72,67,5210.1,24564.0,
2026-09-06T16:38:34.195531+00:00,01_yolo26_main,2,2,5.8,7.04,60.43,57.55,NVIDIA GeForce RTX 4090,52,206.4,79,5210.1,24564.0,
2026-09-06T16:38:44.207139+00:00,01_yolo26_main,2,2,5.6,7.09,60.43,57.55,NVIDIA GeForce RTX 4090,50,158.84,81,5210.1,24564.0,
2026-09-06T16:38:54.219331+00:00,01_yolo26_main,2,2,5.8,6.98,60.43,57.55,NVIDIA GeForce RTX 4090,53,207.01,80,5210.1,24564.0,
2026-09-06T16:39:04.230874+00:00,01_yolo26_main,2,2,5.7,7.03,60.43,57.55,NVIDIA GeForce RTX 4090,52,201.05,81,5210.1,24564.0,
2026-09-06T16:39:14.243550+00:00,01_yolo26_main,2,2,5.8,6.88,60.43,57.55,NVIDIA GeForce RTX 4090,52,205.29,82,5210.1,24564.0,
2026-09-06T16:39:24.256654+00:00,01_yolo26_main,2,2,5.6,6.85,60.43,57.55,NVIDIA GeForce RTX 4090,52,206.09,82,5210.1,24564.0,
2026-09-06T16:39:34.268271+00:00,01_yolo26_main,2,2,5.7,6.9,60.43,57.55,NVIDIA GeForce RTX 4090,51,205.82,82,5210.1,24564.0,
2026-09-06T16:39:44.280081+00:00,01_yolo26_main,2,2,5.7,6.99,60.43,57.55,NVIDIA GeForce RTX 4090,52,206.18,77,5210.1,24564.0,
2026-09-06T16:39:54.291038+00:00,01_yolo26_main,2,2,5.8,6.85,60.43,57.55,NVIDIA GeForce RTX 4090,52,207.14,77,5210.1,24564.0,
2026-09-06T16:40:04.302979+00:00,01_yolo26_main,2,2,5.7,6.81,60.43,57.55,NVIDIA GeForce RTX 4090,53,206.01,82,5210.1,24564.0,
2026-09-06T16:40:14.315386+00:00,01_yolo26_main,2,2,5.7,6.71,60.43,57.55,NVIDIA GeForce RTX 4090,51,192.41,82,5210.1,24564.0,
2026-09-06T16:40:24.326376+00:00,01_yolo26_main,2,2,5.7,6.77,60.43,57.55,NVIDIA GeForce RTX 4090,52,206.26,84,5210.1,24564.0,
2026-09-06T16:40:34.337939+00:00,01_yolo26_main,2,2,5.7,7.03,60.43,57.55,NVIDIA GeForce RTX 4090,47,143.24,15,5210.1,24564.0,
2026-09-06T16:40:44.349608+00:00,01_yolo26_main,2,2,5.8,7.09,60.43,57.55,NVIDIA GeForce RTX 4090,51,205.18,82,5210.1,24564.0,
2026-09-06T16:40:54.361655+00:00,01_yolo26_main,2,2,5.6,7.12,60.43,57.55,NVIDIA GeForce RTX 4090,50,149.65,82,5210.1,24564.0,
2026-09-06T16:41:04.373050+00:00,01_yolo26_main,2,2,5.7,6.94,60.43,57.55,NVIDIA GeForce RTX 4090,51,208.85,83,5210.1,24564.0,
2026-09-06T16:41:14.384302+00:00,01_yolo26_main,2,2,5.7,7.12,60.43,57.55,NVIDIA GeForce RTX 4090,51,204.04,78,5210.1,24564.0,
2026-09-06T16:41:24.396015+00:00,01_yolo26_main,2,2,5.8,7.03,60.43,57.55,NVIDIA GeForce RTX 4090,52,207.15,82,5210.1,24564.0,
2026-09-06T16:41:34.407940+00:00,01_yolo26_main,2,2,4.9,6.9,60.43,57.55,NVIDIA GeForce RTX 4090,50,109.49,0,5210.1,24564.0,
2026-09-06T16:41:44.419544+00:00,01_yolo26_main,2,2,5.8,6.86,60.43,57.55,NVIDIA GeForce RTX 4090,52,207.33,84,5210.1,24564.0,
2026-09-06T16:41:54.431650+00:00,01_yolo26_main,2,2,5.7,6.99,60.43,57.55,NVIDIA GeForce RTX 4090,51,198.03,82,5210.1,24564.0,
2026-09-06T16:42:04.443669+00:00,01_yolo26_main,2,2,5.8,6.72,60.43,57.55,NVIDIA GeForce RTX 4090,52,205.68,81,5210.1,24564.0,
2026-09-06T16:42:14.455784+00:00,01_yolo26_main,2,2,7.8,8.12,60.43,57.55,NVIDIA GeForce RTX 4090,52,202.99,80,5210.1,24564.0,
2026-09-06T16:42:24.466856+00:00,01_yolo26_main,2,2,8.2,8.21,60.43,57.55,NVIDIA GeForce RTX 4090,51,187.21,76,5210.1,24564.0,
2026-09-06T16:42:34.479170+00:00,01_yolo26_main,2,2,11.6,9.88,60.43,57.55,NVIDIA GeForce RTX 4090,52,205.78,83,5210.1,24564.0,
2026-09-06T16:42:44.490809+00:00,01_yolo26_main,2,2,5.9,7.75,60.43,57.55,NVIDIA GeForce RTX 4090,52,206.42,81,5210.1,24564.0,
2026-09-06T16:42:54.502597+00:00,01_yolo26_main,2,2,5.7,7.71,60.43,57.55,NVIDIA GeForce RTX 4090,51,205.63,82,5210.1,24564.0,
2026-09-06T16:43:04.515122+00:00,01_yolo26_main,2,2,5.7,7.61,60.43,57.55,NVIDIA GeForce RTX 4090,52,207.61,82,5210.1,24564.0,
2026-09-06T16:43:14.526556+00:00,01_yolo26_main,2,2,5.7,7.68,60.43,57.55,NVIDIA GeForce RTX 4090,52,207.31,82,5210.1,24564.0,
2026-09-06T16:43:24.538056+00:00,01_yolo26_main,2,2,5.8,7.54,60.43,57.55,NVIDIA GeForce RTX 4090,52,203.62,81,5210.1,24564.0,
2026-09-06T16:43:34.548928+00:00,01_yolo26_main,2,2,5.7,7.52,60.43,57.55,NVIDIA GeForce RTX 4090,52,207.2,82,5210.1,24564.0,
2026-09-06T16:43:44.560243+00:00,01_yolo26_main,2,2,5.6,7.61,60.43,57.55,NVIDIA GeForce RTX 4090,47,139.4,78,5210.1,24564.0,
2026-09-06T16:43:54.571574+00:00,01_yolo26_main,2,2,5.8,7.59,60.43,57.55,NVIDIA GeForce RTX 4090,52,207.92,83,5210.1,24564.0,
2026-09-06T16:44:04.583846+00:00,01_yolo26_main,2,2,5.7,7.69,60.43,57.55,NVIDIA GeForce RTX 4090,51,150.84,21,5210.1,24564.0,
2026-09-06T16:44:14.595647+00:00,01_yolo26_main,2,2,5.8,7.38,60.43,57.55,NVIDIA GeForce RTX 4090,52,209.03,85,5210.1,24564.0,
2026-09-06T16:44:24.608319+00:00,01_yolo26_main,2,2,5.7,7.28,60.43,57.55,NVIDIA GeForce RTX 4090,52,205.42,81,5210.1,24564.0,
2026-09-06T16:44:34.620670+00:00,01_yolo26_main,2,2,5.7,7.31,60.43,57.55,NVIDIA GeForce RTX 4090,52,207.71,82,5210.1,24564.0,
2026-09-06T16:44:44.632568+00:00,01_yolo26_main,2,2,5.7,7.45,60.43,57.55,NVIDIA GeForce RTX 4090,52,205.35,79,5210.1,24564.0,
2026-09-06T16:44:54.644475+00:00,01_yolo26_main,2,2,5.7,7.32,60.43,57.55,NVIDIA GeForce RTX 4090,51,207.84,80,5210.1,24564.0,
2026-09-06T16:45:04.656190+00:00,01_yolo26_main,2,2,5.7,7.46,60.43,57.55,NVIDIA GeForce RTX 4090,51,204.89,80,5210.1,24564.0,
2026-09-06T16:45:14.667967+00:00,01_yolo26_main,2,2,5.8,7.32,60.43,57.55,NVIDIA GeForce RTX 4090,52,205.35,81,5210.1,24564.0,
2026-09-06T16:45:24.679664+00:00,01_yolo26_main,2,2,4.8,7.44,60.43,57.55,NVIDIA GeForce RTX 4090,51,197.87,82,5210.1,24564.0,
2026-09-06T16:45:34.692032+00:00,01_yolo26_main,2,2,5.8,7.43,60.43,57.55,NVIDIA GeForce RTX 4090,52,206.03,82,5210.1,24564.0,
2026-09-06T16:45:44.704025+00:00,01_yolo26_main,2,2,5.4,7.44,60.43,57.55,NVIDIA GeForce RTX 4090,50,206.31,79,5210.1,24564.0,
2026-09-06T16:45:54.716142+00:00,01_yolo26_main,2,2,5.0,7.42,60.43,57.55,NVIDIA GeForce RTX 4090,52,207.6,81,5210.1,24564.0,
2026-09-06T16:46:04.727726+00:00,01_yolo26_main,2,2,6.0,7.23,60.43,57.55,NVIDIA GeForce RTX 4090,46,128.19,62,5210.1,24564.0,
2026-09-06T16:46:14.739217+00:00,01_yolo26_main,2,2,5.7,7.09,60.43,57.55,NVIDIA GeForce RTX 4090,52,205.33,78,5210.1,24564.0,
2026-09-06T16:46:24.751002+00:00,01_yolo26_main,2,2,5.7,7.18,60.43,57.55,NVIDIA GeForce RTX 4090,52,194.27,82,5210.1,24564.0,
2026-09-06T16:46:34.762815+00:00,01_yolo26_main,2,2,5.7,7.2,60.43,57.55,NVIDIA GeForce RTX 4090,52,206.09,84,5210.1,24564.0,
2026-09-06T16:46:44.775088+00:00,01_yolo26_main,2,2,5.6,7.28,60.43,57.55,NVIDIA GeForce RTX 4090,51,204.57,83,5210.1,24564.0,
2026-09-06T16:46:54.787261+00:00,01_yolo26_main,2,2,5.7,7.09,60.43,57.55,NVIDIA GeForce RTX 4090,51,207.0,82,5210.1,24564.0,
2026-09-06T16:47:04.802197+00:00,01_yolo26_main,2,2,5.7,7.2,60.43,57.55,NVIDIA GeForce RTX 4090,51,209.56,79,5210.1,24564.0,
2026-09-06T16:47:14.814057+00:00,01_yolo26_main,2,2,5.7,7.2,60.43,57.55,NVIDIA GeForce RTX 4090,52,205.4,84,5210.1,24564.0,
2026-09-06T16:47:24.825779+00:00,01_yolo26_main,2,2,5.7,7.11,60.43,57.55,NVIDIA GeForce RTX 4090,51,206.13,84,5210.1,24564.0,
2026-09-06T16:47:34.838025+00:00,01_yolo26_main,2,2,5.6,7.4,60.43,57.55,NVIDIA GeForce RTX 4090,52,160.29,82,5210.1,24564.0,
2026-09-06T16:47:44.848872+00:00,01_yolo26_main,3,3,6.0,6.0,60.43,57.84,NVIDIA GeForce RTX 4090,45,97.58,95,2188.1,24564.0,
2026-09-06T16:47:54.859594+00:00,01_yolo26_main,3,3,5.7,7.04,60.43,57.44,NVIDIA GeForce RTX 4090,50,209.71,82,4844.1,24564.0,
2026-09-06T16:48:04.871864+00:00,01_yolo26_main,3,3,5.8,6.82,60.43,57.44,NVIDIA GeForce RTX 4090,51,203.4,81,4844.1,24564.0,
2026-09-06T16:48:14.883165+00:00,01_yolo26_main,3,3,5.6,6.94,60.43,57.44,NVIDIA GeForce RTX 4090,51,208.44,79,4844.1,24564.0,
2026-09-06T16:48:24.895262+00:00,01_yolo26_main,3,3,5.6,7.09,60.43,57.44,NVIDIA GeForce RTX 4090,51,143.66,82,4844.1,24564.0,
2026-09-06T16:48:34.906402+00:00,01_yolo26_main,3,3,5.7,7.04,60.43,57.44,NVIDIA GeForce RTX 4090,50,206.74,82,4844.1,24564.0,
2026-09-06T16:48:44.918234+00:00,01_yolo26_main,3,3,5.7,7.02,60.43,57.44,NVIDIA GeForce RTX 4090,50,145.99,84,4844.1,24564.0,
2026-09-06T16:48:54.929974+00:00,01_yolo26_main,3,3,5.7,6.94,60.43,57.44,NVIDIA GeForce RTX 4090,50,208.68,81,4844.1,24564.0,
2026-09-06T16:49:04.941575+00:00,01_yolo26_main,3,3,5.5,6.96,60.43,57.44,NVIDIA GeForce RTX 4090,51,136.66,81,4844.1,24564.0,
2026-09-06T16:49:14.953172+00:00,01_yolo26_main,3,3,5.8,6.98,60.43,57.44,NVIDIA GeForce RTX 4090,52,206.26,82,4844.1,24564.0,
2026-09-06T16:49:24.964654+00:00,01_yolo26_main,3,3,5.7,7.03,60.43,57.44,NVIDIA GeForce RTX 4090,52,191.33,83,4844.1,24564.0,
2026-09-06T16:49:34.975968+00:00,01_yolo26_main,3,3,5.8,6.88,60.43,57.44,NVIDIA GeForce RTX 4090,51,208.13,83,4844.1,24564.0,
2026-09-06T16:49:44.987135+00:00,01_yolo26_main,3,3,5.0,6.96,60.43,57.44,NVIDIA GeForce RTX 4090,50,147.28,85,4844.1,24564.0,
2026-09-06T16:49:54.999054+00:00,01_yolo26_main,3,3,5.0,7.03,60.43,57.44,NVIDIA GeForce RTX 4090,51,206.7,82,4844.1,24564.0,
2026-09-06T16:50:05.011159+00:00,01_yolo26_main,3,3,5.6,6.94,60.43,57.44,NVIDIA GeForce RTX 4090,52,207.96,83,4844.1,24564.0,
2026-09-06T16:50:15.023432+00:00,01_yolo26_main,3,3,4.9,6.95,60.43,57.44,NVIDIA GeForce RTX 4090,50,197.92,82,4844.1,24564.0,
2026-09-06T16:50:25.034730+00:00,01_yolo26_main,3,3,4.6,6.86,60.43,57.44,NVIDIA GeForce RTX 4090,50,206.18,83,4844.1,24564.0,
2026-09-06T16:50:35.046334+00:00,01_yolo26_main,3,3,5.7,6.87,60.43,57.44,NVIDIA GeForce RTX 4090,51,206.45,82,4844.1,24564.0,
2026-09-06T16:50:45.057913+00:00,01_yolo26_main,3,3,3.9,6.96,60.43,57.44,NVIDIA GeForce RTX 4090,44,62.2,0,4844.1,24564.0,
2026-09-06T16:50:55.068851+00:00,01_yolo26_main,3,3,3.7,6.93,60.43,57.44,NVIDIA GeForce RTX 4090,44,60.97,0,4844.1,24564.0,
2026-09-06T16:51:05.079732+00:00,01_yolo26_main,3,3,4.3,6.86,60.43,57.44,NVIDIA GeForce RTX 4090,50,174.04,83,4844.1,24564.0,
2026-09-06T16:51:15.091011+00:00,01_yolo26_main,3,3,3.7,6.9,60.43,57.44,NVIDIA GeForce RTX 4090,49,128.4,79,4844.1,24564.0,
2026-09-06T16:51:25.102282+00:00,01_yolo26_main,3,3,4.8,6.95,60.43,57.44,NVIDIA GeForce RTX 4090,48,206.26,81,4844.1,24564.0,
2026-09-06T16:51:35.114744+00:00,01_yolo26_main,3,3,4.8,6.86,60.43,57.44,NVIDIA GeForce RTX 4090,49,207.78,83,4844.1,24564.0,
2026-09-06T16:51:45.126321+00:00,01_yolo26_main,3,3,5.7,6.91,60.43,57.44,NVIDIA GeForce RTX 4090,50,205.94,82,4844.1,24564.0,
2026-09-06T16:51:55.138111+00:00,01_yolo26_main,3,3,5.7,6.87,60.43,57.44,NVIDIA GeForce RTX 4090,50,208.01,83,4844.1,24564.0,
2026-09-06T16:52:05.150212+00:00,01_yolo26_main,3,3,5.6,6.98,60.43,57.44,NVIDIA GeForce RTX 4090,50,207.57,81,4844.1,24564.0,
2026-09-06T16:52:15.162374+00:00,01_yolo26_main,3,3,4.8,6.75,60.43,57.44,NVIDIA GeForce RTX 4090,51,207.52,81,4844.1,24564.0,
2026-09-06T16:52:25.174401+00:00,01_yolo26_main,3,3,5.3,7.02,60.43,57.44,NVIDIA GeForce RTX 4090,44,82.48,0,4844.1,24564.0,
2026-09-06T16:52:35.185438+00:00,01_yolo26_main,3,3,3.9,6.83,60.43,57.44,NVIDIA GeForce RTX 4090,45,85.58,73,4844.1,24564.0,
2026-09-06T16:52:45.196819+00:00,01_yolo26_main,3,3,5.0,6.7,60.43,57.44,NVIDIA GeForce RTX 4090,50,207.64,80,4844.1,24564.0,
2026-09-06T16:52:55.208430+00:00,01_yolo26_main,3,3,4.9,6.86,60.43,57.44,NVIDIA GeForce RTX 4090,50,206.65,84,4844.1,24564.0,
2026-09-06T16:53:05.219831+00:00,01_yolo26_main,3,3,5.5,6.96,60.43,57.44,NVIDIA GeForce RTX 4090,49,204.43,85,4844.1,24564.0,
2026-09-06T16:53:15.232354+00:00,01_yolo26_main,3,3,5.4,6.84,60.43,57.44,NVIDIA GeForce RTX 4090,49,205.46,82,4844.1,24564.0,
2026-09-06T16:53:25.244550+00:00,01_yolo26_main,3,3,5.4,7.05,60.43,57.44,NVIDIA GeForce RTX 4090,47,141.84,82,4844.1,24564.0,
2026-09-06T16:53:35.256519+00:00,01_yolo26_main,3,3,4.9,6.94,60.43,57.44,NVIDIA GeForce RTX 4090,50,206.69,78,4844.1,24564.0,
2026-09-06T16:53:45.268419+00:00,01_yolo26_main,3,3,5.5,6.88,60.43,57.44,NVIDIA GeForce RTX 4090,50,208.54,84,4844.1,24564.0,
2026-09-06T16:53:55.279604+00:00,01_yolo26_main,3,3,5.0,6.92,60.43,57.44,NVIDIA GeForce RTX 4090,49,207.76,85,4844.1,24564.0,
2026-09-06T16:54:05.292538+00:00,01_yolo26_main,3,3,5.8,6.85,60.43,57.44,NVIDIA GeForce RTX 4090,50,207.14,84,4844.1,24564.0,
2026-09-06T16:54:15.304159+00:00,01_yolo26_main,3,3,4.6,6.77,60.43,57.44,NVIDIA GeForce RTX 4090,45,112.81,0,4844.1,24564.0,
2026-09-06T16:54:25.315550+00:00,01_yolo26_main,3,3,5.7,6.85,60.43,57.44,NVIDIA GeForce RTX 4090,51,208.47,82,4844.1,24564.0,
2026-09-06T16:54:35.327429+00:00,01_yolo26_main,3,3,5.0,6.79,60.43,57.44,NVIDIA GeForce RTX 4090,51,207.47,80,4844.1,24564.0,
2026-09-06T16:54:45.338886+00:00,01_yolo26_main,3,3,4.6,6.83,60.43,57.44,NVIDIA GeForce RTX 4090,49,187.58,80,4844.1,24564.0,
2026-09-06T16:54:55.350562+00:00,01_yolo26_main,3,3,5.7,6.84,60.43,57.44,NVIDIA GeForce RTX 4090,50,204.66,82,4844.1,24564.0,
2026-09-06T16:55:05.362276+00:00,01_yolo26_main,3,3,5.4,7.04,60.43,57.44,NVIDIA GeForce RTX 4090,50,174.2,84,4844.1,24564.0,
2026-09-06T16:55:15.374361+00:00,01_yolo26_main,3,3,5.8,6.93,60.43,57.44,NVIDIA GeForce RTX 4090,51,209.22,87,4844.1,24564.0,
2026-09-06T16:55:25.386636+00:00,01_yolo26_main,3,3,5.6,6.98,60.43,57.44,NVIDIA GeForce RTX 4090,51,205.99,85,4844.1,24564.0,
2026-09-06T16:55:35.398531+00:00,01_yolo26_main,3,3,5.5,6.81,60.43,57.44,NVIDIA GeForce RTX 4090,50,207.13,82,4844.1,24564.0,
2026-09-06T16:55:45.409620+00:00,01_yolo26_main,3,3,5.6,6.96,60.43,57.44,NVIDIA GeForce RTX 4090,50,201.43,78,4844.1,24564.0,
2026-09-06T16:55:55.424781+00:00,01_yolo26_main,3,3,5.8,6.81,60.43,57.44,NVIDIA GeForce RTX 4090,50,206.47,79,4844.1,24564.0,
2026-09-06T16:56:05.436286+00:00,01_yolo26_main,3,3,5.6,6.9,60.43,57.44,NVIDIA GeForce RTX 4090,51,206.51,81,4844.1,24564.0,
2026-09-06T16:56:15.447740+00:00,01_yolo26_main,3,3,5.8,6.91,60.43,57.44,NVIDIA GeForce RTX 4090,51,208.28,78,4844.1,24564.0,
2026-09-06T16:56:25.459032+00:00,01_yolo26_main,3,3,5.6,7.01,60.43,57.44,NVIDIA GeForce RTX 4090,52,207.08,84,4844.1,24564.0,
2026-09-06T16:56:35.471619+00:00,01_yolo26_main,3,3,5.7,6.81,60.43,57.44,NVIDIA GeForce RTX 4090,51,208.26,83,4844.1,24564.0,
2026-09-06T16:56:45.483594+00:00,01_yolo26_main,3,3,5.7,6.86,60.43,57.44,NVIDIA GeForce RTX 4090,51,205.5,85,4844.1,24564.0,
2026-09-06T16:56:55.494634+00:00,01_yolo26_main,3,3,5.8,6.88,60.43,57.44,NVIDIA GeForce RTX 4090,51,208.1,82,4844.1,24564.0,
2026-09-06T16:57:05.506336+00:00,01_yolo26_main,3,3,5.7,6.99,60.43,57.44,NVIDIA GeForce RTX 4090,52,208.15,85,4844.1,24564.0,
2026-09-06T16:57:15.518231+00:00,01_yolo26_main,3,3,4.6,6.82,60.43,57.44,NVIDIA GeForce RTX 4090,52,207.14,85,4844.1,24564.0,
2026-09-06T16:57:25.529166+00:00,01_yolo26_main,3,3,5.4,6.89,60.43,57.44,NVIDIA GeForce RTX 4090,50,194.31,76,4844.1,24564.0,
2026-09-06T16:57:35.541331+00:00,01_yolo26_main,3,3,5.8,6.94,60.43,57.44,NVIDIA GeForce RTX 4090,52,205.2,80,4844.1,24564.0,
2026-09-06T16:57:45.552844+00:00,01_yolo26_main,3,3,5.7,6.86,60.43,57.44,NVIDIA GeForce RTX 4090,51,207.82,82,4844.1,24564.0,
2026-09-06T16:57:55.566506+00:00,01_yolo26_main,3,3,5.6,6.85,60.43,57.44,NVIDIA GeForce RTX 4090,51,209.37,82,4844.1,24564.0,
2026-09-06T16:58:05.578057+00:00,01_yolo26_main,3,3,5.6,6.9,60.43,57.44,NVIDIA GeForce RTX 4090,51,206.57,82,4844.1,24564.0,
2026-09-06T16:58:15.589338+00:00,01_yolo26_main,3,3,5.8,6.87,60.43,57.44,NVIDIA GeForce RTX 4090,52,208.82,85,4844.1,24564.0,
2026-09-06T16:58:25.601335+00:00,01_yolo26_main,3,3,5.7,6.85,60.43,57.44,NVIDIA GeForce RTX 4090,52,205.99,81,4844.1,24564.0,
2026-09-06T16:58:35.612995+00:00,01_yolo26_main,3,3,5.7,6.85,60.43,57.44,NVIDIA GeForce RTX 4090,51,207.08,82,4844.1,24564.0,
2026-09-06T16:58:45.624461+00:00,01_yolo26_main,3,3,5.7,6.85,60.43,57.44,NVIDIA GeForce RTX 4090,52,206.25,81,4844.1,24564.0,
2026-09-06T16:58:55.637095+00:00,01_yolo26_main,3,3,5.7,6.76,60.43,57.44,NVIDIA GeForce RTX 4090,51,206.13,83,4844.1,24564.0,
2026-09-06T16:59:05.648682+00:00,01_yolo26_main,3,3,5.7,6.84,60.43,57.44,NVIDIA GeForce RTX 4090,51,207.25,79,4844.1,24564.0,
2026-09-06T16:59:15.660481+00:00,01_yolo26_main,3,3,5.7,7.1,60.43,57.44,NVIDIA GeForce RTX 4090,48,169.32,81,5054.1,24564.0,
2026-09-06T16:59:25.671554+00:00,01_yolo26_main,3,3,5.7,6.93,60.43,57.44,NVIDIA GeForce RTX 4090,51,208.66,85,5054.1,24564.0,
2026-09-06T16:59:35.683078+00:00,01_yolo26_main,3,3,5.6,6.95,60.43,57.44,NVIDIA GeForce RTX 4090,46,120.38,42,5054.1,24564.0,
2026-09-06T16:59:45.694725+00:00,01_yolo26_main,3,3,5.8,7.03,60.43,57.44,NVIDIA GeForce RTX 4090,52,206.49,81,5054.1,24564.0,
2026-09-06T16:59:55.706024+00:00,01_yolo26_main,3,3,5.7,7.02,60.43,57.44,NVIDIA GeForce RTX 4090,50,148.75,6,5054.1,24564.0,
2026-09-06T17:00:05.718153+00:00,01_yolo26_main,3,3,5.8,6.96,60.43,57.44,NVIDIA GeForce RTX 4090,52,207.08,82,5054.1,24564.0,
2026-09-06T17:00:15.730765+00:00,01_yolo26_main,3,3,5.7,7.04,60.43,57.44,NVIDIA GeForce RTX 4090,51,198.76,83,5054.1,24564.0,
2026-09-06T17:00:25.742722+00:00,01_yolo26_main,3,3,5.7,6.95,60.43,57.44,NVIDIA GeForce RTX 4090,51,204.1,81,5054.1,24564.0,
2026-09-06T17:00:35.755390+00:00,01_yolo26_main,3,3,5.7,6.95,60.43,57.44,NVIDIA GeForce RTX 4090,51,205.46,82,5054.1,24564.0,
2026-09-06T17:00:45.766948+00:00,01_yolo26_main,3,3,5.8,6.85,60.43,57.44,NVIDIA GeForce RTX 4090,52,207.32,80,5054.1,24564.0,
2026-09-06T17:00:55.779399+00:00,01_yolo26_main,3,3,5.6,6.85,60.43,57.44,NVIDIA GeForce RTX 4090,52,204.31,81,5054.1,24564.0,
2026-09-06T17:01:05.792015+00:00,01_yolo26_main,3,3,5.7,6.96,60.43,57.44,NVIDIA GeForce RTX 4090,52,204.93,84,5054.1,24564.0,
2026-09-06T17:01:15.804088+00:00,01_yolo26_main,3,3,5.6,6.97,60.43,57.44,NVIDIA GeForce RTX 4090,52,209.78,84,5054.1,24564.0,
2026-09-06T17:01:25.816404+00:00,01_yolo26_main,3,3,5.7,6.85,60.43,57.44,NVIDIA GeForce RTX 4090,53,209.09,81,5054.1,24564.0,
2026-09-06T17:01:35.828238+00:00,01_yolo26_main,3,3,5.6,6.91,60.43,57.44,NVIDIA GeForce RTX 4090,52,205.92,81,5054.1,24564.0,
2026-09-06T17:01:45.840169+00:00,01_yolo26_main,3,3,5.7,6.83,60.43,57.44,NVIDIA GeForce RTX 4090,52,210.42,83,5054.1,24564.0,
2026-09-06T17:01:55.851543+00:00,01_yolo26_main,3,3,5.7,6.87,60.43,57.44,NVIDIA GeForce RTX 4090,52,209.18,83,5054.1,24564.0,
2026-09-06T17:02:05.863847+00:00,01_yolo26_main,3,3,5.7,6.92,60.43,57.44,NVIDIA GeForce RTX 4090,52,164.8,78,5054.1,24564.0,
2026-09-06T17:02:15.874809+00:00,01_yolo26_main,3,3,5.0,6.83,60.43,57.44,NVIDIA GeForce RTX 4090,52,208.38,81,5054.1,24564.0,
2026-09-06T17:02:25.886849+00:00,01_yolo26_main,3,3,5.7,6.83,60.43,57.44,NVIDIA GeForce RTX 4090,52,207.52,82,5056.1,24564.0,
2026-09-06T17:02:35.897968+00:00,01_yolo26_main,3,3,5.4,6.97,60.43,57.44,NVIDIA GeForce RTX 4090,51,207.21,78,5056.1,24564.0,
2026-09-06T17:02:45.910691+00:00,01_yolo26_main,3,3,5.8,6.92,60.43,57.44,NVIDIA GeForce RTX 4090,52,206.26,80,5056.1,24564.0,
2026-09-06T17:02:55.923031+00:00,01_yolo26_main,3,3,5.7,6.97,60.43,57.44,NVIDIA GeForce RTX 4090,52,206.61,83,5056.1,24564.0,
2026-09-06T17:03:05.934998+00:00,01_yolo26_main,3,3,4.6,6.89,60.43,57.44,NVIDIA GeForce RTX 4090,50,208.66,80,5056.1,24564.0,
2026-09-06T17:03:15.946479+00:00,01_yolo26_main,3,3,5.7,6.9,60.43,57.44,NVIDIA GeForce RTX 4090,51,199.18,79,5056.1,24564.0,
2026-09-06T17:03:25.958033+00:00,01_yolo26_main,3,3,5.7,6.73,60.43,57.44,NVIDIA GeForce RTX 4090,51,206.13,87,5056.1,24564.0,
2026-09-06T17:03:35.969713+00:00,01_yolo26_main,3,3,5.6,6.93,60.43,57.44,NVIDIA GeForce RTX 4090,50,208.17,83,5056.1,24564.0,
2026-09-06T17:03:45.982160+00:00,01_yolo26_main,3,3,5.8,6.85,60.43,57.44,NVIDIA GeForce RTX 4090,52,206.87,85,5056.1,24564.0,
2026-09-06T17:03:55.994798+00:00,01_yolo26_main,3,3,5.6,6.92,60.43,57.44,NVIDIA GeForce RTX 4090,51,209.32,82,5056.1,24564.0,
2026-09-06T17:04:06.006498+00:00,01_yolo26_main,3,3,5.7,6.89,60.43,57.44,NVIDIA GeForce RTX 4090,52,206.54,76,5056.1,24564.0,
2026-09-06T17:04:16.019201+00:00,01_yolo26_main,3,3,5.7,6.9,60.43,57.44,NVIDIA GeForce RTX 4090,52,206.06,80,5056.1,24564.0,
2026-09-06T17:04:26.030366+00:00,01_yolo26_main,3,3,5.8,6.97,60.43,57.44,NVIDIA GeForce RTX 4090,52,206.86,83,5056.1,24564.0,
2026-09-06T17:04:36.042536+00:00,01_yolo26_main,3,3,5.4,6.89,60.43,57.44,NVIDIA GeForce RTX 4090,51,206.76,79,5056.1,24564.0,
2026-09-06T17:04:46.054157+00:00,01_yolo26_main,3,3,5.8,6.85,60.43,57.44,NVIDIA GeForce RTX 4090,52,206.45,80,5056.1,24564.0,
2026-09-06T17:04:56.065705+00:00,01_yolo26_main,3,3,5.7,6.92,60.43,57.44,NVIDIA GeForce RTX 4090,52,208.41,87,5056.1,24564.0,
2026-09-06T17:05:06.078163+00:00,01_yolo26_main,3,3,4.8,6.85,60.43,57.44,NVIDIA GeForce RTX 4090,52,206.6,83,5056.1,24564.0,
2026-09-06T17:05:16.089508+00:00,01_yolo26_main,3,3,5.4,6.99,60.43,57.44,NVIDIA GeForce RTX 4090,51,194.09,77,5056.1,24564.0,
2026-09-06T17:05:26.101020+00:00,01_yolo26_main,3,3,5.7,6.88,60.43,57.44,NVIDIA GeForce RTX 4090,52,207.35,83,5056.1,24564.0,
2026-09-06T17:05:36.112330+00:00,01_yolo26_main,3,3,5.7,6.86,60.43,57.44,NVIDIA GeForce RTX 4090,52,207.01,78,5056.1,24564.0,
2026-09-06T17:05:46.123899+00:00,01_yolo26_main,3,3,5.7,6.88,60.43,57.44,NVIDIA GeForce RTX 4090,52,209.04,80,5056.1,24564.0,
2026-09-06T17:05:56.135527+00:00,01_yolo26_main,3,3,5.7,6.88,60.43,57.44,NVIDIA GeForce RTX 4090,52,206.73,81,5056.1,24564.0,
2026-09-06T17:06:06.146462+00:00,01_yolo26_main,3,3,5.8,6.82,60.43,57.44,NVIDIA GeForce RTX 4090,51,206.34,86,5056.1,24564.0,
2026-09-06T17:06:16.158276+00:00,01_yolo26_main,3,3,5.6,6.92,60.43,57.44,NVIDIA GeForce RTX 4090,52,205.97,78,5056.1,24564.0,
2026-09-06T17:06:26.172282+00:00,01_yolo26_main,3,3,5.8,6.85,60.43,57.44,NVIDIA GeForce RTX 4090,52,205.29,80,5056.1,24564.0,
2026-09-06T17:06:36.183922+00:00,01_yolo26_main,3,3,5.7,6.97,60.43,57.44,NVIDIA GeForce RTX 4090,52,207.42,83,5056.1,24564.0,
2026-09-06T17:06:46.195650+00:00,01_yolo26_main,3,3,5.7,6.93,60.43,57.44,NVIDIA GeForce RTX 4090,49,161.95,44,5056.1,24564.0,
2026-09-06T17:06:56.207976+00:00,01_yolo26_main,3,3,5.7,6.71,60.43,57.44,NVIDIA GeForce RTX 4090,52,206.77,82,5056.1,24564.0,
2026-09-06T17:07:06.220004+00:00,01_yolo26_main,3,3,5.7,6.92,60.43,57.44,NVIDIA GeForce RTX 4090,48,146.99,82,5056.1,24564.0,
2026-09-06T17:07:16.231563+00:00,01_yolo26_main,3,3,5.8,7.0,60.43,57.44,NVIDIA GeForce RTX 4090,52,208.52,82,5056.1,24564.0,
2026-09-06T17:07:26.243569+00:00,01_yolo26_main,3,3,5.7,7.05,60.43,57.44,NVIDIA GeForce RTX 4090,51,162.61,81,5056.1,24564.0,
2026-09-06T17:07:36.255041+00:00,01_yolo26_main,3,3,5.7,6.92,60.43,57.44,NVIDIA GeForce RTX 4090,51,207.66,81,5056.1,24564.0,
2026-09-06T17:07:46.266665+00:00,01_yolo26_main,3,3,5.7,6.97,60.43,57.44,NVIDIA GeForce RTX 4090,52,201.47,79,5056.1,24564.0,
2026-09-06T17:07:56.278184+00:00,01_yolo26_main,3,3,5.8,6.86,60.43,57.44,NVIDIA GeForce RTX 4090,52,207.85,82,5056.1,24564.0,
2026-09-06T17:08:06.289615+00:00,01_yolo26_main,3,3,5.7,7.07,60.43,57.44,NVIDIA GeForce RTX 4090,52,208.67,83,5056.1,24564.0,
2026-09-06T17:08:16.302043+00:00,01_yolo26_main,3,3,5.8,6.92,60.43,57.44,NVIDIA GeForce RTX 4090,52,208.7,82,5056.1,24564.0,
2026-09-06T17:08:26.313905+00:00,01_yolo26_main,3,3,5.6,6.95,60.43,57.44,NVIDIA GeForce RTX 4090,52,208.17,81,5056.1,24564.0,
2026-09-06T17:08:36.325531+00:00,01_yolo26_main,3,3,5.7,6.85,60.43,57.44,NVIDIA GeForce RTX 4090,52,210.09,80,5056.1,24564.0,
2026-09-06T17:08:46.336969+00:00,01_yolo26_main,3,3,5.7,6.92,60.43,57.44,NVIDIA GeForce RTX 4090,52,207.35,80,5056.1,24564.0,
2026-09-06T17:08:56.348466+00:00,01_yolo26_main,3,3,5.7,6.78,60.43,57.44,NVIDIA GeForce RTX 4090,52,196.93,81,5056.1,24564.0,
2026-09-06T17:09:06.359777+00:00,01_yolo26_main,3,3,5.6,6.92,60.43,57.44,NVIDIA GeForce RTX 4090,51,207.59,78,5056.1,24564.0,
2026-09-06T17:09:16.372075+00:00,01_yolo26_main,3,3,5.7,7.0,60.43,57.44,NVIDIA GeForce RTX 4090,50,153.02,64,5056.1,24564.0,
2026-09-06T17:09:26.384214+00:00,01_yolo26_main,3,3,5.8,6.97,60.43,57.44,NVIDIA GeForce RTX 4090,51,205.86,82,5056.1,24564.0,
2026-09-06T17:09:36.396313+00:00,01_yolo26_main,3,3,5.7,7.18,60.43,57.44,NVIDIA GeForce RTX 4090,47,144.2,3,5056.1,24564.0,
2026-09-06T17:09:46.408047+00:00,01_yolo26_main,3,3,5.7,6.91,60.43,57.44,NVIDIA GeForce RTX 4090,53,207.13,80,5056.1,24564.0,
2026-09-06T17:09:56.420430+00:00,01_yolo26_main,3,3,5.6,7.03,60.43,57.44,NVIDIA GeForce RTX 4090,49,144.96,83,5056.1,24564.0,
2026-09-06T17:10:06.431742+00:00,01_yolo26_main,3,3,5.7,6.73,60.43,57.44,NVIDIA GeForce RTX 4090,51,205.51,82,5056.1,24564.0,
2026-09-06T17:10:16.443655+00:00,01_yolo26_main,3,3,5.7,7.08,60.43,57.44,NVIDIA GeForce RTX 4090,51,199.74,77,5056.1,24564.0,
2026-09-06T17:10:26.454326+00:00,01_yolo26_main,3,3,5.8,6.97,60.43,57.44,NVIDIA GeForce RTX 4090,52,207.01,81,5056.1,24564.0,
2026-09-06T17:10:36.465804+00:00,01_yolo26_main,3,3,5.6,6.99,60.43,57.44,NVIDIA GeForce RTX 4090,51,208.23,85,5056.1,24564.0,
2026-09-06T17:10:46.478041+00:00,01_yolo26_main,3,3,5.7,6.91,60.43,57.44,NVIDIA GeForce RTX 4090,52,208.39,81,5056.1,24564.0,
2026-09-06T17:10:56.489798+00:00,01_yolo26_main,3,3,5.7,7.13,60.43,57.44,NVIDIA GeForce RTX 4090,52,207.56,81,5056.1,24564.0,
2026-09-06T17:11:06.502245+00:00,01_yolo26_main,3,3,5.7,7.01,60.43,57.44,NVIDIA GeForce RTX 4090,51,209.08,81,5056.1,24564.0,
2026-09-06T17:11:16.513482+00:00,01_yolo26_main,3,3,5.6,6.96,60.43,57.44,NVIDIA GeForce RTX 4090,53,207.19,80,5056.1,24564.0,
2026-09-06T17:11:26.525835+00:00,01_yolo26_main,3,3,5.8,7.0,60.43,57.44,NVIDIA GeForce RTX 4090,52,205.72,86,5056.1,24564.0,
2026-09-06T17:11:36.536537+00:00,01_yolo26_main,3,3,5.6,6.94,60.43,57.44,NVIDIA GeForce RTX 4090,52,206.41,81,5056.1,24564.0,
2026-09-06T17:11:46.548530+00:00,01_yolo26_main,3,3,5.7,7.02,60.43,57.44,NVIDIA GeForce RTX 4090,48,161.38,84,5056.1,24564.0,
2026-09-06T17:11:56.559652+00:00,01_yolo26_main,3,3,5.7,7.02,60.43,57.44,NVIDIA GeForce RTX 4090,53,208.32,79,5056.1,24564.0,
2026-09-06T17:12:06.571183+00:00,01_yolo26_main,3,3,5.7,7.06,60.43,57.44,NVIDIA GeForce RTX 4090,49,134.02,2,5056.1,24564.0,
2026-09-06T17:12:16.583775+00:00,01_yolo26_main,3,3,5.8,6.91,60.43,57.44,NVIDIA GeForce RTX 4090,52,209.82,84,5056.1,24564.0,
2026-09-06T17:12:26.595082+00:00,01_yolo26_main,3,3,5.6,7.05,60.43,57.44,NVIDIA GeForce RTX 4090,51,147.83,4,5056.1,24564.0,
2026-09-06T17:12:36.607782+00:00,01_yolo26_main,3,3,5.8,6.93,60.43,57.44,NVIDIA GeForce RTX 4090,51,207.98,84,5056.1,24564.0,
2026-09-06T17:12:46.620552+00:00,01_yolo26_main,3,3,5.7,7.01,60.43,57.44,NVIDIA GeForce RTX 4090,51,174.96,79,5056.1,24564.0,
2026-09-06T17:12:56.632488+00:00,01_yolo26_main,3,3,5.8,6.9,60.43,57.44,NVIDIA GeForce RTX 4090,52,207.84,81,5056.1,24564.0,
2026-09-06T17:13:06.643540+00:00,01_yolo26_main,3,3,5.6,6.83,60.43,57.44,NVIDIA GeForce RTX 4090,52,204.52,81,5056.1,24564.0,
2026-09-06T17:13:16.655175+00:00,01_yolo26_main,3,3,5.8,6.88,60.43,57.44,NVIDIA GeForce RTX 4090,52,205.41,81,5056.1,24564.0,
2026-09-06T17:13:26.666757+00:00,01_yolo26_main,3,3,5.7,7.0,60.43,57.44,NVIDIA GeForce RTX 4090,52,208.9,81,5056.1,24564.0,
2026-09-06T17:13:36.678440+00:00,01_yolo26_main,3,3,5.7,6.89,60.43,57.44,NVIDIA GeForce RTX 4090,52,206.37,79,5056.1,24564.0,
2026-09-06T17:13:46.695286+00:00,01_yolo26_main,3,3,5.6,7.01,60.43,57.44,NVIDIA GeForce RTX 4090,52,208.8,81,5056.1,24564.0,
2026-09-06T17:13:56.706356+00:00,01_yolo26_main,3,3,5.7,6.93,60.43,57.44,NVIDIA GeForce RTX 4090,53,208.56,82,5056.1,24564.0,
2026-09-06T17:14:06.718618+00:00,01_yolo26_main,3,3,5.7,7.06,60.43,57.44,NVIDIA GeForce RTX 4090,52,206.71,79,5056.1,24564.0,
2026-09-06T17:14:16.730116+00:00,01_yolo26_main,3,3,5.7,6.86,60.43,57.44,NVIDIA GeForce RTX 4090,52,205.15,79,5056.1,24564.0,
2026-09-06T17:14:26.741708+00:00,01_yolo26_main,3,3,5.4,6.88,60.43,57.44,NVIDIA GeForce RTX 4090,52,207.9,79,5056.1,24564.0,
2026-09-06T17:14:36.753886+00:00,01_yolo26_main,3,3,5.7,6.9,60.43,57.44,NVIDIA GeForce RTX 4090,51,208.09,79,5056.1,24564.0,
2026-09-06T17:14:46.765016+00:00,01_yolo26_main,3,3,5.7,6.89,60.43,57.44,NVIDIA GeForce RTX 4090,53,207.64,81,5056.1,24564.0,
2026-09-06T17:14:56.777489+00:00,01_yolo26_main,3,3,5.8,6.92,60.43,57.44,NVIDIA GeForce RTX 4090,52,188.4,81,5056.1,24564.0,
2026-09-06T17:15:06.788642+00:00,01_yolo26_main,3,3,5.7,6.92,60.43,57.44,NVIDIA GeForce RTX 4090,52,206.48,78,5056.1,24564.0,
2026-09-06T17:15:16.800354+00:00,01_yolo26_main,3,3,5.7,7.01,60.43,57.44,NVIDIA GeForce RTX 4090,47,151.0,86,5056.1,24564.0,
2026-09-06T17:15:26.812761+00:00,01_yolo26_main,3,3,5.7,6.93,60.43,57.44,NVIDIA GeForce RTX 4090,51,207.22,86,5056.1,24564.0,
2026-09-06T17:15:36.824210+00:00,01_yolo26_main,3,3,5.7,6.88,60.43,57.44,NVIDIA GeForce RTX 4090,51,148.36,28,5056.1,24564.0,
2026-09-06T17:15:46.835988+00:00,01_yolo26_main,3,3,5.7,6.89,60.43,57.44,NVIDIA GeForce RTX 4090,51,207.26,77,5056.1,24564.0,
2026-09-06T17:15:56.847481+00:00,01_yolo26_main,3,3,5.7,7.02,60.43,57.44,NVIDIA GeForce RTX 4090,51,178.28,54,5056.1,24564.0,
2026-09-06T17:16:06.858770+00:00,01_yolo26_main,3,3,5.7,6.79,60.43,57.44,NVIDIA GeForce RTX 4090,53,207.1,80,5056.1,24564.0,
2026-09-06T17:16:16.870116+00:00,01_yolo26_main,3,3,5.7,6.9,60.43,57.44,NVIDIA GeForce RTX 4090,52,206.93,82,5056.1,24564.0,
2026-09-06T17:16:26.881304+00:00,01_yolo26_main,3,3,5.8,6.85,60.43,57.44,NVIDIA GeForce RTX 4090,52,207.05,81,5056.1,24564.0,
2026-09-06T17:16:36.893415+00:00,01_yolo26_main,3,3,5.6,6.88,60.43,57.44,NVIDIA GeForce RTX 4090,52,205.81,81,5056.1,24564.0,
2026-09-06T17:16:46.905051+00:00,01_yolo26_main,3,3,5.8,6.83,60.43,57.44,NVIDIA GeForce RTX 4090,52,205.84,82,5056.1,24564.0,
2026-09-06T17:16:56.917598+00:00,01_yolo26_main,3,3,5.7,6.88,60.43,57.44,NVIDIA GeForce RTX 4090,52,206.03,82,5056.1,24564.0,
2026-09-06T17:17:06.929765+00:00,01_yolo26_main,3,3,5.8,6.82,60.43,57.44,NVIDIA GeForce RTX 4090,52,206.17,81,5056.1,24564.0,
2026-09-06T17:17:16.941260+00:00,01_yolo26_main,3,3,5.6,7.0,60.43,57.44,NVIDIA GeForce RTX 4090,51,207.99,82,5056.1,24564.0,
2026-09-06T17:17:26.953461+00:00,01_yolo26_main,3,3,5.8,6.87,60.43,57.44,NVIDIA GeForce RTX 4090,52,185.18,84,5056.1,24564.0,
2026-09-06T17:17:36.964606+00:00,01_yolo26_main,3,3,5.7,6.78,60.43,57.44,NVIDIA GeForce RTX 4090,52,205.88,80,5968.1,24564.0,
2026-09-06T17:17:46.976319+00:00,01_yolo26_main,3,3,5.7,6.94,60.43,57.44,NVIDIA GeForce RTX 4090,48,147.61,81,5968.1,24564.0,
2026-09-06T17:17:56.988843+00:00,01_yolo26_main,3,3,5.7,7.07,60.43,57.44,NVIDIA GeForce RTX 4090,51,206.58,81,5968.1,24564.0,
2026-09-06T17:18:07.001088+00:00,01_yolo26_main,3,3,5.7,7.19,60.43,57.44,NVIDIA GeForce RTX 4090,51,132.16,81,5968.1,24564.0,
2026-09-06T17:18:17.013210+00:00,01_yolo26_main,3,3,5.8,7.0,60.43,57.44,NVIDIA GeForce RTX 4090,52,207.04,75,5968.1,24564.0,
2026-09-06T17:18:27.025446+00:00,01_yolo26_main,3,3,5.7,6.85,60.43,57.44,NVIDIA GeForce RTX 4090,52,200.22,76,5968.1,24564.0,
2026-09-06T17:18:37.036527+00:00,01_yolo26_main,3,3,5.8,6.86,60.43,57.44,NVIDIA GeForce RTX 4090,52,207.58,83,5968.1,24564.0,
2026-09-06T17:18:47.048921+00:00,01_yolo26_main,3,3,5.6,6.95,60.43,57.44,NVIDIA GeForce RTX 4090,52,207.13,82,5968.1,24564.0,
2026-09-06T17:18:57.060549+00:00,01_yolo26_main,3,3,5.8,6.85,60.43,57.44,NVIDIA GeForce RTX 4090,52,207.3,81,5968.1,24564.0,
2026-09-06T17:19:07.072667+00:00,01_yolo26_main,3,3,5.7,6.92,60.43,57.44,NVIDIA GeForce RTX 4090,52,207.37,80,5968.1,24564.0,
2026-09-06T17:19:17.084410+00:00,01_yolo26_main,3,3,5.8,6.79,60.43,57.44,NVIDIA GeForce RTX 4090,52,206.77,82,5968.1,24564.0,
2026-09-06T17:19:27.096028+00:00,01_yolo26_main,3,3,5.6,6.97,60.43,57.44,NVIDIA GeForce RTX 4090,52,204.77,80,5968.1,24564.0,
2026-09-06T17:19:37.108039+00:00,01_yolo26_main,3,3,5.7,6.88,60.43,57.44,NVIDIA GeForce RTX 4090,51,207.18,81,5968.1,24564.0,
2026-09-06T17:19:47.119936+00:00,01_yolo26_main,3,3,5.7,6.93,60.43,57.44,NVIDIA GeForce RTX 4090,52,206.32,78,5968.1,24564.0,
2026-09-06T17:19:57.131513+00:00,01_yolo26_main,3,3,5.7,6.87,60.43,57.44,NVIDIA GeForce RTX 4090,50,182.9,69,5968.1,24564.0,
2026-09-06T17:20:07.142549+00:00,01_yolo26_main,3,3,5.6,6.88,60.43,57.44,NVIDIA GeForce RTX 4090,52,206.91,81,5968.1,24564.0,
2026-09-06T17:20:17.154578+00:00,01_yolo26_main,3,3,5.7,7.0,60.43,57.44,NVIDIA GeForce RTX 4090,47,142.64,2,5968.1,24564.0,
2026-09-06T17:20:27.166127+00:00,01_yolo26_main,3,3,5.8,6.89,60.43,57.44,NVIDIA GeForce RTX 4090,52,208.33,82,5968.1,24564.0,
2026-09-06T17:20:37.177925+00:00,01_yolo26_main,3,3,5.7,7.05,60.43,57.44,NVIDIA GeForce RTX 4090,50,133.72,84,5968.1,24564.0,
2026-09-06T17:20:47.189310+00:00,01_yolo26_main,3,3,4.6,6.83,60.43,57.44,NVIDIA GeForce RTX 4090,52,205.76,78,5968.1,24564.0,
2026-09-06T17:20:57.201064+00:00,01_yolo26_main,3,3,5.6,6.9,60.43,57.44,NVIDIA GeForce RTX 4090,51,207.59,87,5968.1,24564.0,
2026-09-06T17:21:07.213028+00:00,01_yolo26_main,3,3,5.6,6.94,60.43,57.44,NVIDIA GeForce RTX 4090,52,207.1,81,5968.1,24564.0,
2026-09-06T17:21:17.224609+00:00,01_yolo26_main,3,3,5.8,6.89,60.43,57.44,NVIDIA GeForce RTX 4090,52,207.41,82,5968.1,24564.0,
2026-09-06T17:21:27.236221+00:00,01_yolo26_main,3,3,5.7,6.96,60.43,57.44,NVIDIA GeForce RTX 4090,52,205.47,79,5968.1,24564.0,
2026-09-06T17:21:37.248055+00:00,01_yolo26_main,3,3,5.7,6.97,60.43,57.44,NVIDIA GeForce RTX 4090,51,206.91,84,5968.1,24564.0,
2026-09-06T17:21:47.264294+00:00,01_yolo26_main,3,3,5.6,6.97,60.43,57.44,NVIDIA GeForce RTX 4090,51,203.88,82,5968.1,24564.0,
2026-09-06T17:21:57.275950+00:00,01_yolo26_main,3,3,5.6,6.92,60.43,57.44,NVIDIA GeForce RTX 4090,52,172.95,81,5968.1,24564.0,
2026-09-06T17:22:07.287195+00:00,01_yolo26_main,3,3,5.7,7.01,60.43,57.44,NVIDIA GeForce RTX 4090,52,208.77,86,5968.1,24564.0,
2026-09-06T17:22:17.298914+00:00,01_yolo26_main,3,3,5.7,7.13,60.43,57.44,NVIDIA GeForce RTX 4090,47,145.32,2,5968.1,24564.0,
2026-09-06T17:22:27.310733+00:00,01_yolo26_main,3,3,5.7,6.98,60.43,57.44,NVIDIA GeForce RTX 4090,52,208.29,79,5968.1,24564.0,
2026-09-06T17:22:37.322501+00:00,01_yolo26_main,3,3,5.6,7.12,60.43,57.44,NVIDIA GeForce RTX 4090,50,136.34,79,5968.1,24564.0,
2026-09-06T17:22:47.333889+00:00,01_yolo26_main,3,3,5.7,6.9,60.43,57.44,NVIDIA GeForce RTX 4090,53,205.75,84,5968.1,24564.0,
2026-09-06T17:22:57.344835+00:00,01_yolo26_main,3,3,5.7,7.03,60.43,57.44,NVIDIA GeForce RTX 4090,51,200.59,83,5968.1,24564.0,
2026-09-06T17:23:07.356539+00:00,01_yolo26_main,3,3,5.8,6.91,60.43,57.44,NVIDIA GeForce RTX 4090,52,209.25,85,5968.1,24564.0,
2026-09-06T17:23:17.368119+00:00,01_yolo26_main,3,3,5.7,6.95,60.43,57.44,NVIDIA GeForce RTX 4090,52,208.89,83,5968.1,24564.0,
2026-09-06T17:23:27.380258+00:00,01_yolo26_main,3,3,5.7,6.81,60.43,57.44,NVIDIA GeForce RTX 4090,53,208.46,86,5968.1,24564.0,
2026-09-06T17:23:37.391730+00:00,01_yolo26_main,3,3,5.7,6.93,60.43,57.44,NVIDIA GeForce RTX 4090,51,205.55,80,5968.1,24564.0,
2026-09-06T17:23:47.403964+00:00,01_yolo26_main,3,3,5.7,6.89,60.43,57.44,NVIDIA GeForce RTX 4090,51,203.83,79,5968.1,24564.0,
2026-09-06T17:23:57.415638+00:00,01_yolo26_main,3,3,5.7,6.91,60.43,57.44,NVIDIA GeForce RTX 4090,52,205.99,81,5968.1,24564.0,
2026-09-06T17:24:07.427313+00:00,01_yolo26_main,3,3,5.7,6.84,60.43,57.44,NVIDIA GeForce RTX 4090,51,207.43,78,5968.1,24564.0,
2026-09-06T17:24:17.438233+00:00,01_yolo26_main,3,3,5.7,6.89,60.43,57.44,NVIDIA GeForce RTX 4090,53,207.14,84,5968.1,24564.0,
2026-09-06T17:24:27.452365+00:00,01_yolo26_main,3,3,5.7,6.85,60.43,57.44,NVIDIA GeForce RTX 4090,51,183.34,81,5968.1,24564.0,
2026-09-06T17:24:37.463607+00:00,01_yolo26_main,3,3,5.7,6.89,60.43,57.44,NVIDIA GeForce RTX 4090,52,208.15,85,5968.1,24564.0,
2026-09-06T17:24:47.475078+00:00,01_yolo26_main,3,3,5.6,7.04,60.43,57.44,NVIDIA GeForce RTX 4090,48,134.78,27,5968.1,24564.0,
2026-09-06T17:24:57.486312+00:00,01_yolo26_main,3,3,5.8,6.98,60.43,57.44,NVIDIA GeForce RTX 4090,51,206.66,79,5968.1,24564.0,
2026-09-06T17:25:07.498510+00:00,01_yolo26_main,3,3,5.7,7.09,60.43,57.44,NVIDIA GeForce RTX 4090,49,145.88,64,5968.1,24564.0,
2026-09-06T17:25:17.510425+00:00,01_yolo26_main,3,3,5.7,6.86,60.43,57.44,NVIDIA GeForce RTX 4090,52,205.52,84,5968.1,24564.0,
2026-09-06T17:25:27.522036+00:00,01_yolo26_main,3,3,5.7,7.09,60.43,57.44,NVIDIA GeForce RTX 4090,52,192.55,86,5968.1,24564.0,
2026-09-06T17:25:37.533929+00:00,01_yolo26_main,3,3,5.7,6.9,60.43,57.44,NVIDIA GeForce RTX 4090,52,205.12,83,5968.1,24564.0,
2026-09-06T17:25:47.545393+00:00,01_yolo26_main,3,3,5.7,6.98,60.43,57.44,NVIDIA GeForce RTX 4090,51,207.63,83,5968.1,24564.0,
2026-09-06T17:25:57.556764+00:00,01_yolo26_main,3,3,5.7,6.96,60.43,57.44,NVIDIA GeForce RTX 4090,53,206.81,83,5968.1,24564.0,
2026-09-06T17:26:07.568019+00:00,01_yolo26_main,3,3,5.7,6.74,60.43,57.44,NVIDIA GeForce RTX 4090,51,208.59,81,5968.1,24564.0,
2026-09-06T17:26:17.579566+00:00,01_yolo26_main,3,3,5.8,6.75,60.43,57.44,NVIDIA GeForce RTX 4090,52,207.94,81,5968.1,24564.0,
2026-09-06T17:26:27.591016+00:00,01_yolo26_main,3,3,5.6,6.91,60.43,57.44,NVIDIA GeForce RTX 4090,52,206.33,78,5968.1,24564.0,
2026-09-06T17:26:37.602337+00:00,01_yolo26_main,3,3,5.8,6.89,60.43,57.44,NVIDIA GeForce RTX 4090,52,207.24,80,5968.1,24564.0,
2026-09-06T17:26:47.614200+00:00,01_yolo26_main,3,3,5.7,7.03,60.43,57.44,NVIDIA GeForce RTX 4090,51,207.24,81,5968.1,24564.0,
2026-09-06T17:26:57.626275+00:00,01_yolo26_main,3,3,5.8,6.88,60.43,57.44,NVIDIA GeForce RTX 4090,52,192.52,81,5968.1,24564.0,
2026-09-06T17:27:07.637337+00:00,01_yolo26_main,3,3,5.6,6.99,60.43,57.44,NVIDIA GeForce RTX 4090,51,206.85,82,5968.1,24564.0,
2026-09-06T17:27:17.649273+00:00,01_yolo26_main,3,3,5.7,7.05,60.43,57.44,NVIDIA GeForce RTX 4090,47,155.87,81,5968.1,24564.0,
2026-09-06T17:27:27.660464+00:00,01_yolo26_main,3,3,5.8,6.97,60.43,57.44,NVIDIA GeForce RTX 4090,52,206.43,83,5968.1,24564.0,
2026-09-06T17:27:37.672981+00:00,01_yolo26_main,3,3,5.7,7.18,60.43,57.44,NVIDIA GeForce RTX 4090,52,144.96,5,5968.1,24564.0,
2026-09-06T17:27:47.684850+00:00,01_yolo26_main,3,3,5.7,6.91,60.43,57.44,NVIDIA GeForce RTX 4090,52,206.46,82,5968.1,24564.0,
2026-09-06T17:27:57.696536+00:00,01_yolo26_main,3,3,5.7,7.07,60.43,57.44,NVIDIA GeForce RTX 4090,52,178.23,84,5968.1,24564.0,
2026-09-06T17:28:07.708301+00:00,01_yolo26_main,3,3,5.8,6.96,60.43,57.44,NVIDIA GeForce RTX 4090,52,207.15,81,5968.1,24564.0,
2026-09-06T17:28:17.721150+00:00,01_yolo26_main,3,3,5.7,6.92,60.43,57.44,NVIDIA GeForce RTX 4090,52,206.24,82,5968.1,24564.0,
2026-09-06T17:28:27.733834+00:00,01_yolo26_main,3,3,5.8,6.93,60.43,57.44,NVIDIA GeForce RTX 4090,52,208.48,84,5968.1,24564.0,
2026-09-06T17:28:37.746019+00:00,01_yolo26_main,3,3,5.6,6.94,60.43,57.44,NVIDIA GeForce RTX 4090,52,206.09,80,5968.1,24564.0,
2026-09-06T17:28:47.758264+00:00,01_yolo26_main,3,3,5.7,6.85,60.43,57.44,NVIDIA GeForce RTX 4090,51,204.76,81,5968.1,24564.0,
2026-09-06T17:28:57.768903+00:00,01_yolo26_main,3,3,5.7,6.95,60.43,57.44,NVIDIA GeForce RTX 4090,52,207.11,82,5968.1,24564.0,
2026-09-06T17:29:07.781372+00:00,01_yolo26_main,3,3,5.8,6.96,60.43,57.44,NVIDIA GeForce RTX 4090,52,205.86,79,5968.1,24564.0,
2026-09-06T17:29:17.792500+00:00,01_yolo26_main,3,3,5.6,6.97,60.43,57.44,NVIDIA GeForce RTX 4090,53,206.69,83,5968.1,24564.0,
2026-09-06T17:29:27.804347+00:00,01_yolo26_main,3,3,5.8,6.86,60.43,57.44,NVIDIA GeForce RTX 4090,53,200.31,81,5968.1,24564.0,
2026-09-06T17:29:37.816194+00:00,01_yolo26_main,3,3,5.7,7.01,60.43,57.44,NVIDIA GeForce RTX 4090,53,207.34,81,5968.1,24564.0,
2026-09-06T17:29:47.827808+00:00,01_yolo26_main,3,3,5.7,7.13,60.43,57.44,NVIDIA GeForce RTX 4090,48,140.35,81,5968.1,24564.0,
2026-09-06T17:29:57.840000+00:00,01_yolo26_main,3,3,5.8,6.97,60.43,57.44,NVIDIA GeForce RTX 4090,52,207.06,85,5968.1,24564.0,
2026-09-06T17:30:07.852384+00:00,01_yolo26_main,3,3,5.6,7.06,60.43,57.44,NVIDIA GeForce RTX 4090,49,132.09,25,5968.1,24564.0,
2026-09-06T17:30:17.864516+00:00,01_yolo26_main,3,3,5.8,6.92,60.43,57.44,NVIDIA GeForce RTX 4090,51,208.3,84,5968.1,24564.0,
2026-09-06T17:30:27.877555+00:00,01_yolo26_main,3,3,5.5,7.22,60.43,57.74,NVIDIA GeForce RTX 4090,46,63.86,0,5970.1,24564.0,
2026-09-06T17:30:37.888738+00:00,01_yolo26_main,4,4,6.0,6.7,60.43,57.73,NVIDIA GeForce RTX 4090,44,67.58,0,3214.1,24564.0,
2026-09-06T17:30:47.900227+00:00,01_yolo26_main,4,4,5.8,7.1,60.43,57.34,NVIDIA GeForce RTX 4090,50,207.95,82,4902.1,24564.0,
2026-09-06T17:30:57.912007+00:00,01_yolo26_main,4,4,5.6,6.99,60.43,57.34,NVIDIA GeForce RTX 4090,46,129.95,65,4902.1,24564.0,
2026-09-06T17:31:07.924264+00:00,01_yolo26_main,4,4,5.8,6.87,60.43,57.34,NVIDIA GeForce RTX 4090,52,208.49,79,4902.1,24564.0,
2026-09-06T17:31:17.936719+00:00,01_yolo26_main,4,4,5.7,7.06,60.43,57.34,NVIDIA GeForce RTX 4090,50,179.87,50,4902.1,24564.0,
2026-09-06T17:31:27.948559+00:00,01_yolo26_main,4,4,3.6,6.88,60.43,57.34,NVIDIA GeForce RTX 4090,49,151.97,0,4902.1,24564.0,
2026-09-06T17:31:37.960573+00:00,01_yolo26_main,4,4,5.7,6.92,60.43,57.34,NVIDIA GeForce RTX 4090,52,207.48,81,4902.1,24564.0,
2026-09-06T17:31:47.972388+00:00,01_yolo26_main,4,4,4.9,7.02,60.43,57.34,NVIDIA GeForce RTX 4090,50,147.68,85,4902.1,24564.0,
2026-09-06T17:31:57.983197+00:00,01_yolo26_main,4,4,4.8,6.95,60.43,57.34,NVIDIA GeForce RTX 4090,50,208.15,81,4902.1,24564.0,
2026-09-06T17:32:07.994691+00:00,01_yolo26_main,4,4,5.8,6.84,60.43,57.34,NVIDIA GeForce RTX 4090,50,208.89,81,4902.1,24564.0,
2026-09-06T17:32:18.006781+00:00,01_yolo26_main,4,4,5.4,7.05,60.43,57.34,NVIDIA GeForce RTX 4090,51,208.33,83,4902.1,24564.0,
2026-09-06T17:32:28.019516+00:00,01_yolo26_main,4,4,5.7,7.02,60.43,57.34,NVIDIA GeForce RTX 4090,50,208.57,82,4902.1,24564.0,
2026-09-06T17:32:38.032394+00:00,01_yolo26_main,4,4,4.6,7.0,60.43,57.34,NVIDIA GeForce RTX 4090,48,81.49,80,4902.1,24564.0,
2026-09-06T17:32:48.044323+00:00,01_yolo26_main,4,4,5.1,6.77,60.43,57.34,NVIDIA GeForce RTX 4090,51,208.47,83,4902.1,24564.0,
2026-09-06T17:32:58.056205+00:00,01_yolo26_main,4,4,4.8,6.88,60.43,57.34,NVIDIA GeForce RTX 4090,51,207.61,80,6152.1,24564.0,
2026-09-06T17:33:08.068510+00:00,01_yolo26_main,4,4,5.7,6.82,60.43,57.34,NVIDIA GeForce RTX 4090,51,208.43,83,6152.1,24564.0,
2026-09-06T17:33:18.079554+00:00,01_yolo26_main,4,4,5.7,6.89,60.43,57.34,NVIDIA GeForce RTX 4090,52,207.65,85,6152.1,24564.0,
2026-09-06T17:33:28.091594+00:00,01_yolo26_main,4,4,5.6,7.0,60.43,57.34,NVIDIA GeForce RTX 4090,51,210.74,82,6152.1,24564.0,
2026-09-06T17:33:38.102702+00:00,01_yolo26_main,4,4,5.4,6.9,60.43,57.34,NVIDIA GeForce RTX 4090,51,210.19,79,6152.1,24564.0,
2026-09-06T17:33:48.113525+00:00,01_yolo26_main,4,4,4.9,6.95,60.43,57.34,NVIDIA GeForce RTX 4090,49,102.03,87,6152.1,24564.0,
2026-09-06T17:33:58.125814+00:00,01_yolo26_main,4,4,5.7,6.93,60.43,57.34,NVIDIA GeForce RTX 4090,52,210.19,83,6152.1,24564.0,
2026-09-06T17:34:08.138463+00:00,01_yolo26_main,4,4,5.0,6.9,60.43,57.34,NVIDIA GeForce RTX 4090,51,195.18,73,6152.1,24564.0,
2026-09-06T17:34:18.149327+00:00,01_yolo26_main,4,4,4.9,6.98,60.43,57.34,NVIDIA GeForce RTX 4090,51,207.89,85,6152.1,24564.0,
2026-09-06T17:34:28.161826+00:00,01_yolo26_main,4,4,5.6,6.88,60.43,57.34,NVIDIA GeForce RTX 4090,50,207.38,82,6152.1,24564.0,
2026-09-06T17:34:38.173929+00:00,01_yolo26_main,4,4,5.6,7.0,60.43,57.34,NVIDIA GeForce RTX 4090,50,206.21,79,6152.1,24564.0,
2026-09-06T17:34:48.185388+00:00,01_yolo26_main,4,4,4.4,6.79,60.43,57.34,NVIDIA GeForce RTX 4090,51,207.54,84,6152.1,24564.0,
2026-09-06T17:34:58.196761+00:00,01_yolo26_main,4,4,5.7,6.95,60.43,57.34,NVIDIA GeForce RTX 4090,46,148.48,8,6152.1,24564.0,
2026-09-06T17:35:08.207619+00:00,01_yolo26_main,4,4,3.8,7.0,60.43,57.34,NVIDIA GeForce RTX 4090,44,63.84,0,6152.1,24564.0,
2026-09-06T17:35:18.218439+00:00,01_yolo26_main,4,4,4.6,6.97,60.43,57.34,NVIDIA GeForce RTX 4090,50,206.74,81,6152.1,24564.0,
2026-09-06T17:35:28.231066+00:00,01_yolo26_main,4,4,5.8,6.93,60.43,57.34,NVIDIA GeForce RTX 4090,51,208.51,82,6152.1,24564.0,
2026-09-06T17:35:38.243799+00:00,01_yolo26_main,4,4,5.5,6.97,60.43,57.34,NVIDIA GeForce RTX 4090,50,207.31,81,6152.1,24564.0,
2026-09-06T17:35:48.256141+00:00,01_yolo26_main,4,4,5.7,6.98,60.43,57.34,NVIDIA GeForce RTX 4090,51,206.86,82,6152.1,24564.0,
2026-09-06T17:35:58.268926+00:00,01_yolo26_main,4,4,4.5,7.01,60.43,57.34,NVIDIA GeForce RTX 4090,45,62.24,0,6152.1,24564.0,
2026-09-06T17:36:08.281053+00:00,01_yolo26_main,4,4,4.8,6.83,60.43,57.34,NVIDIA GeForce RTX 4090,51,208.18,81,6152.1,24564.0,
2026-09-06T17:36:18.293114+00:00,01_yolo26_main,4,4,5.3,6.88,60.43,57.34,NVIDIA GeForce RTX 4090,50,208.5,85,6152.1,24564.0,
2026-09-06T17:36:28.305032+00:00,01_yolo26_main,4,4,4.8,7.04,60.43,57.34,NVIDIA GeForce RTX 4090,45,101.14,0,6152.1,24564.0,
2026-09-06T17:36:38.316136+00:00,01_yolo26_main,4,4,4.5,6.78,60.43,57.34,NVIDIA GeForce RTX 4090,49,206.1,78,6152.1,24564.0,
2026-09-06T17:36:48.327669+00:00,01_yolo26_main,4,4,5.8,6.84,60.43,57.34,NVIDIA GeForce RTX 4090,51,205.44,82,6152.1,24564.0,
2026-09-06T17:36:58.339118+00:00,01_yolo26_main,4,4,4.6,7.01,60.43,57.34,NVIDIA GeForce RTX 4090,44,62.61,0,6152.1,24564.0,
2026-09-06T17:37:08.349994+00:00,01_yolo26_main,4,4,5.3,6.94,60.43,57.34,NVIDIA GeForce RTX 4090,50,206.2,83,6152.1,24564.0,
2026-09-06T17:37:18.361210+00:00,01_yolo26_main,4,4,5.8,6.93,60.43,57.34,NVIDIA GeForce RTX 4090,50,208.94,83,6152.1,24564.0,
2026-09-06T17:37:28.372720+00:00,01_yolo26_main,4,4,3.9,6.98,60.43,57.34,NVIDIA GeForce RTX 4090,44,61.92,0,6152.1,24564.0,
2026-09-06T17:37:38.384277+00:00,01_yolo26_main,4,4,3.7,6.92,60.43,57.34,NVIDIA GeForce RTX 4090,43,63.5,0,6152.1,24564.0,
2026-09-06T17:37:48.395502+00:00,01_yolo26_main,4,4,0.0,6.89,60.43,57.34,NVIDIA GeForce RTX 4090,42,62.1,0,6152.1,24564.0,
2026-09-06T17:37:58.406375+00:00,01_yolo26_main,4,4,0.7,6.68,60.43,57.34,NVIDIA GeForce RTX 4090,46,193.67,81,6152.1,24564.0,
2026-09-06T17:38:08.417677+00:00,01_yolo26_main,4,4,5.7,6.9,60.43,57.34,NVIDIA GeForce RTX 4090,47,206.58,82,6152.1,24564.0,
2026-09-06T17:38:18.428775+00:00,01_yolo26_main,4,4,5.7,6.99,60.43,57.34,NVIDIA GeForce RTX 4090,47,206.17,80,6152.1,24564.0,
2026-09-06T17:38:28.439762+00:00,01_yolo26_main,4,4,5.7,6.99,60.43,57.34,NVIDIA GeForce RTX 4090,48,207.34,81,6152.1,24564.0,
2026-09-06T17:38:38.451836+00:00,01_yolo26_main,4,4,0.7,7.07,60.43,57.34,NVIDIA GeForce RTX 4090,41,60.32,0,6152.1,24564.0,
2026-09-06T17:38:48.462809+00:00,01_yolo26_main,4,4,3.4,6.75,60.43,57.34,NVIDIA GeForce RTX 4090,47,206.89,82,6152.1,24564.0,
2026-09-06T17:38:58.475243+00:00,01_yolo26_main,4,4,5.7,6.86,60.43,57.34,NVIDIA GeForce RTX 4090,48,208.78,82,6152.1,24564.0,
2026-09-06T17:39:08.487318+00:00,01_yolo26_main,4,4,5.8,6.88,60.43,57.34,NVIDIA GeForce RTX 4090,47,181.82,82,6152.1,24564.0,
2026-09-06T17:39:18.498624+00:00,01_yolo26_main,4,4,0.5,6.84,60.43,57.34,NVIDIA GeForce RTX 4090,43,109.9,73,6152.1,24564.0,
2026-09-06T17:39:28.510234+00:00,01_yolo26_main,4,4,5.8,6.92,60.43,57.34,NVIDIA GeForce RTX 4090,48,207.1,80,6152.1,24564.0,
2026-09-06T17:39:38.522238+00:00,01_yolo26_main,4,4,1.3,6.92,60.43,57.34,NVIDIA GeForce RTX 4090,40,60.82,0,6152.1,24564.0,
2026-09-06T17:39:48.533159+00:00,01_yolo26_main,4,4,3.6,6.75,60.43,57.34,NVIDIA GeForce RTX 4090,47,193.29,79,6152.1,24564.0,
2026-09-06T17:39:58.543950+00:00,01_yolo26_main,4,4,5.7,6.85,60.43,57.34,NVIDIA GeForce RTX 4090,48,206.44,80,6152.1,24564.0,
2026-09-06T17:40:08.556004+00:00,01_yolo26_main,4,4,5.7,7.07,60.43,57.34,NVIDIA GeForce RTX 4090,45,140.43,38,6152.1,24564.0,
2026-09-06T17:40:18.568454+00:00,01_yolo26_main,4,4,5.7,6.92,60.43,57.34,NVIDIA GeForce RTX 4090,49,208.15,85,6152.1,24564.0,
2026-09-06T17:40:28.580348+00:00,01_yolo26_main,4,4,5.7,7.07,60.43,57.34,NVIDIA GeForce RTX 4090,49,150.26,88,6152.1,24564.0,
2026-09-06T17:40:38.592042+00:00,01_yolo26_main,4,4,5.7,7.0,60.43,57.34,NVIDIA GeForce RTX 4090,48,208.37,83,6152.1,24564.0,
2026-09-06T17:40:48.603953+00:00,01_yolo26_main,4,4,5.7,7.02,60.43,57.34,NVIDIA GeForce RTX 4090,49,201.1,83,6152.1,24564.0,
2026-09-06T17:40:58.616103+00:00,01_yolo26_main,4,4,5.8,6.86,60.43,57.34,NVIDIA GeForce RTX 4090,51,208.84,81,6152.1,24564.0,
2026-09-06T17:41:08.628081+00:00,01_yolo26_main,4,4,5.6,7.03,60.43,57.34,NVIDIA GeForce RTX 4090,49,207.55,78,6152.1,24564.0,
2026-09-06T17:41:18.640376+00:00,01_yolo26_main,4,4,5.7,6.92,60.43,57.34,NVIDIA GeForce RTX 4090,51,207.9,81,6152.1,24564.0,
2026-09-06T17:41:28.652497+00:00,01_yolo26_main,4,4,5.7,6.94,60.43,57.34,NVIDIA GeForce RTX 4090,50,208.68,82,6152.1,24564.0,
2026-09-06T17:41:38.664310+00:00,01_yolo26_main,4,4,5.8,6.93,60.43,57.34,NVIDIA GeForce RTX 4090,50,208.56,82,6152.1,24564.0,
2026-09-06T17:41:48.675799+00:00,01_yolo26_main,4,4,5.6,6.96,60.43,57.34,NVIDIA GeForce RTX 4090,51,208.12,84,6152.1,24564.0,
2026-09-06T17:41:58.687844+00:00,01_yolo26_main,4,4,5.8,6.89,60.43,57.34,NVIDIA GeForce RTX 4090,51,192.27,86,6152.1,24564.0,
2026-09-06T17:42:08.699300+00:00,01_yolo26_main,4,4,0.3,6.74,60.43,57.34,NVIDIA GeForce RTX 4090,45,75.12,0,6152.1,24564.0,
2026-09-06T17:42:18.711089+00:00,01_yolo26_main,4,4,5.7,6.84,60.43,57.34,NVIDIA GeForce RTX 4090,50,207.65,81,6152.1,24564.0,
2026-09-06T17:42:28.722102+00:00,01_yolo26_main,4,4,5.6,7.1,60.43,57.34,NVIDIA GeForce RTX 4090,48,151.73,42,6152.1,24564.0,
2026-09-06T17:42:38.733467+00:00,01_yolo26_main,4,4,5.7,6.95,60.43,57.34,NVIDIA GeForce RTX 4090,50,207.3,81,6152.1,24564.0,
2026-09-06T17:42:48.745369+00:00,01_yolo26_main,4,4,5.7,7.05,60.43,57.34,NVIDIA GeForce RTX 4090,50,192.4,84,6152.1,24564.0,
2026-09-06T17:42:58.758035+00:00,01_yolo26_main,4,4,5.8,7.01,60.43,57.34,NVIDIA GeForce RTX 4090,51,208.22,79,6152.1,24564.0,
2026-09-06T17:43:08.770023+00:00,01_yolo26_main,4,4,5.6,6.95,60.43,57.34,NVIDIA GeForce RTX 4090,51,209.64,83,6152.1,24564.0,
2026-09-06T17:43:18.781609+00:00,01_yolo26_main,4,4,5.7,6.92,60.43,57.34,NVIDIA GeForce RTX 4090,50,205.68,85,6152.1,24564.0,
2026-09-06T17:43:28.793022+00:00,01_yolo26_main,4,4,5.7,6.98,60.43,57.34,NVIDIA GeForce RTX 4090,52,209.16,84,6152.1,24564.0,
2026-09-06T17:43:38.805555+00:00,01_yolo26_main,4,4,5.7,6.89,60.43,57.34,NVIDIA GeForce RTX 4090,52,207.09,85,6152.1,24564.0,
2026-09-06T17:43:48.817514+00:00,01_yolo26_main,4,4,5.6,6.99,60.43,57.34,NVIDIA GeForce RTX 4090,52,209.51,87,6152.1,24564.0,
2026-09-06T17:43:58.828831+00:00,01_yolo26_main,4,4,5.7,6.89,60.43,57.34,NVIDIA GeForce RTX 4090,51,207.19,84,6152.1,24564.0,
2026-09-06T17:44:08.840907+00:00,01_yolo26_main,4,4,5.7,7.03,60.43,57.34,NVIDIA GeForce RTX 4090,51,208.06,84,6152.1,24564.0,
2026-09-06T17:44:18.853779+00:00,01_yolo26_main,4,4,5.7,6.84,60.43,57.34,NVIDIA GeForce RTX 4090,51,170.6,84,6152.1,24564.0,
2026-09-06T17:44:28.865269+00:00,01_yolo26_main,4,4,5.7,6.89,60.43,57.34,NVIDIA GeForce RTX 4090,51,206.01,83,6152.1,24564.0,
2026-09-06T17:44:38.881143+00:00,01_yolo26_main,4,4,4.6,6.9,60.43,57.34,NVIDIA GeForce RTX 4090,50,209.25,81,6152.1,24564.0,
2026-09-06T17:44:48.893329+00:00,01_yolo26_main,4,4,0.9,6.94,60.43,57.34,NVIDIA GeForce RTX 4090,43,60.9,0,6152.1,24564.0,
2026-09-06T17:44:58.904378+00:00,01_yolo26_main,4,4,3.4,6.71,60.43,57.34,NVIDIA GeForce RTX 4090,48,205.93,82,6152.1,24564.0,
2026-09-06T17:45:08.915644+00:00,01_yolo26_main,4,4,5.7,6.74,60.43,57.34,NVIDIA GeForce RTX 4090,50,207.49,84,6152.1,24564.0,
2026-09-06T17:45:18.927568+00:00,01_yolo26_main,4,4,4.5,6.89,60.43,57.34,NVIDIA GeForce RTX 4090,49,207.17,79,6152.1,24564.0,
2026-09-06T17:45:28.939258+00:00,01_yolo26_main,4,4,5.6,6.97,60.43,57.34,NVIDIA GeForce RTX 4090,48,188.58,84,6152.1,24564.0,
2026-09-06T17:45:38.950996+00:00,01_yolo26_main,4,4,5.7,6.89,60.43,57.34,NVIDIA GeForce RTX 4090,49,208.51,86,6152.1,24564.0,
2026-09-06T17:45:48.963786+00:00,01_yolo26_main,4,4,4.8,6.91,60.43,57.34,NVIDIA GeForce RTX 4090,45,104.83,75,6152.1,24564.0,
2026-09-06T17:45:58.975396+00:00,01_yolo26_main,4,4,0.0,6.9,60.43,57.34,NVIDIA GeForce RTX 4090,42,62.02,0,6152.1,24564.0,
2026-09-06T17:46:08.986283+00:00,01_yolo26_main,4,4,5.0,6.91,60.43,57.34,NVIDIA GeForce RTX 4090,48,208.62,82,6152.1,24564.0,
2026-09-06T17:46:18.998302+00:00,01_yolo26_main,4,4,5.7,6.83,60.43,57.34,NVIDIA GeForce RTX 4090,50,206.6,83,6152.1,24564.0,
2026-09-06T17:46:29.010635+00:00,01_yolo26_main,4,4,4.2,7.01,60.43,57.34,NVIDIA GeForce RTX 4090,43,61.12,0,6152.1,24564.0,
2026-09-06T17:46:39.021632+00:00,01_yolo26_main,4,4,2.4,6.72,60.43,57.34,NVIDIA GeForce RTX 4090,48,206.43,82,6152.1,24564.0,
2026-09-06T17:46:49.033670+00:00,01_yolo26_main,4,4,5.7,6.88,60.43,57.34,NVIDIA GeForce RTX 4090,49,196.8,83,6152.1,24564.0,
2026-09-06T17:46:59.046823+00:00,01_yolo26_main,4,4,5.7,6.95,60.43,57.34,NVIDIA GeForce RTX 4090,49,208.86,81,6152.1,24564.0,
2026-09-06T17:47:09.058758+00:00,01_yolo26_main,4,4,5.4,6.89,60.43,57.34,NVIDIA GeForce RTX 4090,50,189.01,83,6152.1,24564.0,
2026-09-06T17:47:19.071131+00:00,01_yolo26_main,4,4,5.7,6.97,60.43,57.34,NVIDIA GeForce RTX 4090,49,208.58,81,6152.1,24564.0,
2026-09-06T17:47:29.082661+00:00,01_yolo26_main,4,4,5.5,6.98,60.43,57.34,NVIDIA GeForce RTX 4090,50,199.7,81,6152.1,24564.0,
2026-09-06T17:47:39.093953+00:00,01_yolo26_main,4,4,5.8,6.88,60.43,57.34,NVIDIA GeForce RTX 4090,50,208.14,81,6152.1,24564.0,
2026-09-06T17:47:49.105835+00:00,01_yolo26_main,4,4,4.7,6.94,60.43,57.34,NVIDIA GeForce RTX 4090,44,106.44,0,6152.1,24564.0,
2026-09-06T17:47:59.116892+00:00,01_yolo26_main,4,4,5.5,6.9,60.43,57.34,NVIDIA GeForce RTX 4090,49,208.13,77,6152.1,24564.0,
2026-09-06T17:48:09.130523+00:00,01_yolo26_main,4,4,5.7,6.94,60.43,57.34,NVIDIA GeForce RTX 4090,46,169.61,15,6152.1,24564.0,
2026-09-06T17:48:19.141298+00:00,01_yolo26_main,4,4,5.7,6.89,60.43,57.34,NVIDIA GeForce RTX 4090,50,206.11,82,6152.1,24564.0,
2026-09-06T17:48:29.152554+00:00,01_yolo26_main,4,4,5.7,6.87,60.43,57.34,NVIDIA GeForce RTX 4090,49,147.02,84,6152.1,24564.0,
2026-09-06T17:48:39.163826+00:00,01_yolo26_main,4,4,5.4,6.79,60.43,57.34,NVIDIA GeForce RTX 4090,50,205.72,81,6152.1,24564.0,
2026-09-06T17:48:49.175865+00:00,01_yolo26_main,4,4,5.7,6.9,60.43,57.34,NVIDIA GeForce RTX 4090,48,142.89,84,6152.1,24564.0,
2026-09-06T17:48:59.188122+00:00,01_yolo26_main,4,4,5.7,6.86,60.43,57.34,NVIDIA GeForce RTX 4090,51,208.43,78,6152.1,24564.0,
2026-09-06T17:49:09.200111+00:00,01_yolo26_main,4,4,4.8,6.78,60.43,57.34,NVIDIA GeForce RTX 4090,50,206.46,82,6152.1,24564.0,
2026-09-06T17:49:19.211882+00:00,01_yolo26_main,4,4,0.4,6.91,60.43,57.34,NVIDIA GeForce RTX 4090,43,61.74,0,6152.1,24564.0,
2026-09-06T17:49:29.223022+00:00,01_yolo26_main,4,4,4.5,6.83,60.43,57.34,NVIDIA GeForce RTX 4090,49,199.62,81,6152.1,24564.0,
2026-09-06T17:49:39.234743+00:00,01_yolo26_main,4,4,5.8,6.87,60.43,57.34,NVIDIA GeForce RTX 4090,50,206.19,80,6152.1,24564.0,
2026-09-06T17:49:49.247100+00:00,01_yolo26_main,4,4,5.7,6.97,60.43,57.34,NVIDIA GeForce RTX 4090,50,207.96,82,6152.1,24564.0,
2026-09-06T17:49:59.258501+00:00,01_yolo26_main,4,4,5.6,6.84,60.43,57.34,NVIDIA GeForce RTX 4090,50,206.37,85,6152.1,24564.0,
2026-09-06T17:50:09.270193+00:00,01_yolo26_main,4,4,5.4,6.98,60.43,57.34,NVIDIA GeForce RTX 4090,51,207.86,82,6152.1,24564.0,
2026-09-06T17:50:19.281357+00:00,01_yolo26_main,4,4,5.8,6.93,60.43,57.34,NVIDIA GeForce RTX 4090,50,208.72,83,6152.1,24564.0,
2026-09-06T17:50:29.292901+00:00,01_yolo26_main,4,4,4.9,6.97,60.43,57.34,NVIDIA GeForce RTX 4090,50,144.64,79,6152.1,24564.0,
2026-09-06T17:50:39.305169+00:00,01_yolo26_main,4,4,5.8,6.8,60.43,57.34,NVIDIA GeForce RTX 4090,51,207.11,79,6152.1,24564.0,
2026-09-06T17:50:49.316699+00:00,01_yolo26_main,4,4,5.6,6.91,60.43,57.34,NVIDIA GeForce RTX 4090,49,196.81,85,6152.1,24564.0,
2026-09-06T17:50:59.328784+00:00,01_yolo26_main,4,4,5.7,6.8,60.43,57.34,NVIDIA GeForce RTX 4090,51,205.08,82,6152.1,24564.0,
2026-09-06T17:51:09.340807+00:00,01_yolo26_main,4,4,5.7,6.99,60.43,57.34,NVIDIA GeForce RTX 4090,52,207.71,81,6152.1,24564.0,
2026-09-06T17:51:19.353438+00:00,01_yolo26_main,4,4,5.8,6.92,60.43,57.34,NVIDIA GeForce RTX 4090,52,207.83,83,6152.1,24564.0,
2026-09-06T17:51:29.365675+00:00,01_yolo26_main,4,4,5.6,6.89,60.43,57.34,NVIDIA GeForce RTX 4090,51,207.34,81,6152.1,24564.0,
2026-09-06T17:51:39.377032+00:00,01_yolo26_main,4,4,5.7,6.8,60.43,57.34,NVIDIA GeForce RTX 4090,51,206.76,80,6152.1,24564.0,
2026-09-06T17:51:49.389000+00:00,01_yolo26_main,4,4,5.7,6.95,60.43,57.34,NVIDIA GeForce RTX 4090,52,206.39,80,6152.1,24564.0,
2026-09-06T17:51:59.400971+00:00,01_yolo26_main,4,4,5.7,6.89,60.43,57.34,NVIDIA GeForce RTX 4090,52,206.64,80,6152.1,24564.0,
2026-09-06T17:52:09.413790+00:00,01_yolo26_main,4,4,5.6,6.91,60.43,57.34,NVIDIA GeForce RTX 4090,51,204.25,84,6152.1,24564.0,
2026-09-06T17:52:19.426111+00:00,01_yolo26_main,4,4,5.7,6.89,60.43,57.34,NVIDIA GeForce RTX 4090,52,205.8,85,6152.1,24564.0,
2026-09-06T17:52:29.436982+00:00,01_yolo26_main,4,4,5.7,6.94,60.43,57.34,NVIDIA GeForce RTX 4090,52,206.68,80,6152.1,24564.0,
2026-09-06T17:52:39.448582+00:00,01_yolo26_main,4,4,5.7,6.91,60.43,57.34,NVIDIA GeForce RTX 4090,49,153.0,58,6152.1,24564.0,
2026-09-06T17:52:49.460345+00:00,01_yolo26_main,4,4,5.7,7.06,60.43,57.34,NVIDIA GeForce RTX 4090,52,207.67,82,6152.1,24564.0,
2026-09-06T17:52:59.473021+00:00,01_yolo26_main,4,4,5.2,6.77,60.43,57.34,NVIDIA GeForce RTX 4090,51,205.9,82,6152.1,24564.0,
2026-09-06T17:53:09.484035+00:00,01_yolo26_main,4,4,5.5,6.87,60.43,57.34,NVIDIA GeForce RTX 4090,52,208.6,85,6152.1,24564.0,
2026-09-06T17:53:19.495623+00:00,01_yolo26_main,4,4,5.7,6.86,60.43,57.34,NVIDIA GeForce RTX 4090,52,189.33,81,6152.1,24564.0,
2026-09-06T17:53:29.506402+00:00,01_yolo26_main,4,4,5.7,6.88,60.43,57.34,NVIDIA GeForce RTX 4090,52,207.61,85,6152.1,24564.0,
2026-09-06T17:53:39.518020+00:00,01_yolo26_main,4,4,5.7,7.08,60.43,57.34,NVIDIA GeForce RTX 4090,49,151.47,50,6152.1,24564.0,
2026-09-06T17:53:49.530276+00:00,01_yolo26_main,4,4,5.5,6.96,60.43,57.34,NVIDIA GeForce RTX 4090,51,208.37,84,6152.1,24564.0,
2026-09-06T17:53:59.542132+00:00,01_yolo26_main,4,4,5.7,6.94,60.43,57.34,NVIDIA GeForce RTX 4090,47,145.57,7,6152.1,24564.0,
2026-09-06T17:54:09.554204+00:00,01_yolo26_main,4,4,5.7,6.86,60.43,57.34,NVIDIA GeForce RTX 4090,52,210.53,82,6152.1,24564.0,
2026-09-06T17:54:19.566074+00:00,01_yolo26_main,4,4,5.6,7.03,60.43,57.34,NVIDIA GeForce RTX 4090,46,137.86,13,6152.1,24564.0,
2026-09-06T17:54:29.577506+00:00,01_yolo26_main,4,4,5.8,6.86,60.43,57.34,NVIDIA GeForce RTX 4090,52,207.79,83,6152.1,24564.0,
2026-09-06T17:54:39.588822+00:00,01_yolo26_main,4,4,5.7,7.03,60.43,57.34,NVIDIA GeForce RTX 4090,50,184.43,84,6152.1,24564.0,
2026-09-06T17:54:49.600104+00:00,01_yolo26_main,4,4,5.8,6.89,60.43,57.34,NVIDIA GeForce RTX 4090,52,207.41,81,6152.1,24564.0,
2026-09-06T17:54:59.611846+00:00,01_yolo26_main,4,4,5.6,7.0,60.43,57.34,NVIDIA GeForce RTX 4090,52,206.32,84,6152.1,24564.0,
2026-09-06T17:55:09.623694+00:00,01_yolo26_main,4,4,5.8,6.89,60.43,57.34,NVIDIA GeForce RTX 4090,52,206.31,81,6152.1,24564.0,
2026-09-06T17:55:19.636528+00:00,01_yolo26_main,4,4,5.7,6.97,60.43,57.34,NVIDIA GeForce RTX 4090,52,204.79,83,6152.1,24564.0,
2026-09-06T17:55:29.648497+00:00,01_yolo26_main,4,4,5.8,6.95,60.43,57.34,NVIDIA GeForce RTX 4090,51,205.99,82,6152.1,24564.0,
2026-09-06T17:55:39.660341+00:00,01_yolo26_main,4,4,5.6,6.91,60.43,57.34,NVIDIA GeForce RTX 4090,51,207.93,81,6152.1,24564.0,
2026-09-06T17:55:49.672462+00:00,01_yolo26_main,4,4,5.7,6.91,60.43,57.34,NVIDIA GeForce RTX 4090,52,209.08,83,6152.1,24564.0,
2026-09-06T17:55:59.684143+00:00,01_yolo26_main,4,4,5.7,6.94,60.43,57.34,NVIDIA GeForce RTX 4090,52,207.87,80,6152.1,24564.0,
2026-09-06T17:56:09.695844+00:00,01_yolo26_main,4,4,5.7,6.99,60.43,57.34,NVIDIA GeForce RTX 4090,47,167.2,82,6152.1,24564.0,
2026-09-06T17:56:19.707051+00:00,01_yolo26_main,4,4,5.7,6.86,60.43,57.34,NVIDIA GeForce RTX 4090,52,207.96,83,6152.1,24564.0,
2026-09-06T17:56:29.718828+00:00,01_yolo26_main,4,4,5.6,6.99,60.43,57.34,NVIDIA GeForce RTX 4090,50,149.07,51,6152.1,24564.0,
2026-09-06T17:56:39.730421+00:00,01_yolo26_main,4,4,5.7,6.87,60.43,57.34,NVIDIA GeForce RTX 4090,52,205.89,82,6152.1,24564.0,
2026-09-06T17:56:49.741618+00:00,01_yolo26_main,4,4,5.7,6.88,60.43,57.34,NVIDIA GeForce RTX 4090,52,160.31,82,6152.1,24564.0,
2026-09-06T17:56:59.753461+00:00,01_yolo26_main,4,4,5.7,6.79,60.43,57.34,NVIDIA GeForce RTX 4090,52,207.78,82,6152.1,24564.0,
2026-09-06T17:57:09.765537+00:00,01_yolo26_main,4,4,5.6,6.95,60.43,57.34,NVIDIA GeForce RTX 4090,52,200.71,83,6152.1,24564.0,
2026-09-06T17:57:19.777824+00:00,01_yolo26_main,4,4,5.8,6.89,60.43,57.34,NVIDIA GeForce RTX 4090,51,207.0,81,6152.1,24564.0,
2026-09-06T17:57:29.790273+00:00,01_yolo26_main,4,4,5.7,7.02,60.43,57.34,NVIDIA GeForce RTX 4090,52,207.83,81,6152.1,24564.0,
2026-09-06T17:57:39.801973+00:00,01_yolo26_main,4,4,5.8,6.84,60.43,57.34,NVIDIA GeForce RTX 4090,51,210.11,82,6152.1,24564.0,
2026-09-06T17:57:49.814238+00:00,01_yolo26_main,4,4,5.7,6.88,60.43,57.34,NVIDIA GeForce RTX 4090,51,205.25,81,6152.1,24564.0,
2026-09-06T17:57:59.826319+00:00,01_yolo26_main,4,4,5.7,6.81,60.43,57.34,NVIDIA GeForce RTX 4090,51,183.71,83,6152.1,24564.0,
2026-09-06T17:58:09.838755+00:00,01_yolo26_main,4,4,5.7,6.84,60.43,57.34,NVIDIA GeForce RTX 4090,52,206.13,83,6152.1,24564.0,
2026-09-06T17:58:19.849711+00:00,01_yolo26_main,4,4,5.8,6.86,60.43,57.34,NVIDIA GeForce RTX 4090,52,207.09,82,6152.1,24564.0,
2026-09-06T17:58:29.860535+00:00,01_yolo26_main,4,4,5.7,6.87,60.43,57.34,NVIDIA GeForce RTX 4090,52,207.8,82,6152.1,24564.0,
2026-09-06T17:58:39.872173+00:00,01_yolo26_main,4,4,5.6,7.04,60.43,57.34,NVIDIA GeForce RTX 4090,52,181.12,79,6152.1,24564.0,
2026-09-06T17:58:49.883250+00:00,01_yolo26_main,4,4,5.7,6.87,60.43,57.34,NVIDIA GeForce RTX 4090,51,207.66,84,6152.1,24564.0,
2026-09-06T17:58:59.894805+00:00,01_yolo26_main,4,4,5.7,6.89,60.43,57.34,NVIDIA GeForce RTX 4090,49,145.9,59,6152.1,24564.0,
2026-09-06T17:59:09.907394+00:00,01_yolo26_main,4,4,5.8,6.88,60.43,57.34,NVIDIA GeForce RTX 4090,52,205.91,80,6152.1,24564.0,
2026-09-06T17:59:19.920031+00:00,01_yolo26_main,4,4,5.6,7.06,60.43,57.34,NVIDIA GeForce RTX 4090,51,161.66,41,6152.1,24564.0,
2026-09-06T17:59:29.931593+00:00,01_yolo26_main,4,4,5.8,6.96,60.43,57.34,NVIDIA GeForce RTX 4090,52,207.42,78,6152.1,24564.0,
2026-09-06T17:59:39.942530+00:00,01_yolo26_main,4,4,5.7,6.94,60.43,57.34,NVIDIA GeForce RTX 4090,51,206.87,82,6152.1,24564.0,
2026-09-06T17:59:49.954649+00:00,01_yolo26_main,4,4,5.7,6.86,60.43,57.34,NVIDIA GeForce RTX 4090,52,206.51,81,6152.1,24564.0,
2026-09-06T17:59:59.967436+00:00,01_yolo26_main,4,4,5.7,6.98,60.43,57.34,NVIDIA GeForce RTX 4090,51,206.43,82,6152.1,24564.0,
2026-09-06T18:00:09.980531+00:00,01_yolo26_main,4,4,5.8,6.83,60.43,57.34,NVIDIA GeForce RTX 4090,53,207.93,79,6152.1,24564.0,
2026-09-06T18:00:19.992201+00:00,01_yolo26_main,4,4,5.7,6.93,60.43,57.34,NVIDIA GeForce RTX 4090,52,207.17,83,6152.1,24564.0,
2026-09-06T18:00:30.003976+00:00,01_yolo26_main,4,4,5.8,6.87,60.43,57.34,NVIDIA GeForce RTX 4090,52,205.95,83,6152.1,24564.0,
2026-09-06T18:00:40.015733+00:00,01_yolo26_main,4,4,5.7,6.88,60.43,57.34,NVIDIA GeForce RTX 4090,52,207.56,86,6152.1,24564.0,
2026-09-06T18:00:50.026997+00:00,01_yolo26_main,4,4,5.7,6.85,60.43,57.34,NVIDIA GeForce RTX 4090,52,199.59,85,6152.1,24564.0,
2026-09-06T18:01:00.038552+00:00,01_yolo26_main,4,4,5.6,7.01,60.43,57.34,NVIDIA GeForce RTX 4090,53,204.49,78,6152.1,24564.0,
2026-09-06T18:01:10.050745+00:00,01_yolo26_main,4,4,5.7,6.96,60.43,57.34,NVIDIA GeForce RTX 4090,51,150.33,84,6152.1,24564.0,
2026-09-06T18:01:20.063484+00:00,01_yolo26_main,4,4,5.8,6.87,60.43,57.34,NVIDIA GeForce RTX 4090,52,205.88,82,6152.1,24564.0,
2026-09-06T18:01:30.075022+00:00,01_yolo26_main,4,4,5.6,6.94,60.43,57.34,NVIDIA GeForce RTX 4090,47,120.28,80,6152.1,24564.0,
2026-09-06T18:01:40.086469+00:00,01_yolo26_main,4,4,5.7,6.86,60.43,57.34,NVIDIA GeForce RTX 4090,52,209.42,85,6152.1,24564.0,
2026-09-06T18:01:50.098755+00:00,01_yolo26_main,4,4,5.6,6.89,60.43,57.34,NVIDIA GeForce RTX 4090,51,135.62,79,6152.1,24564.0,
2026-09-06T18:02:00.110652+00:00,01_yolo26_main,4,4,5.8,6.91,60.43,57.34,NVIDIA GeForce RTX 4090,53,208.01,84,6152.1,24564.0,
2026-09-06T18:02:10.122374+00:00,01_yolo26_main,4,4,5.7,6.9,60.43,57.34,NVIDIA GeForce RTX 4090,51,193.79,77,6152.1,24564.0,
2026-09-06T18:02:20.133998+00:00,01_yolo26_main,4,4,5.8,6.96,60.43,57.34,NVIDIA GeForce RTX 4090,52,207.72,80,6152.1,24564.0,
2026-09-06T18:02:30.145271+00:00,01_yolo26_main,4,4,5.7,7.07,60.43,57.34,NVIDIA GeForce RTX 4090,53,206.09,80,6152.1,24564.0,
2026-09-06T18:02:40.157471+00:00,01_yolo26_main,4,4,5.7,6.92,60.43,57.34,NVIDIA GeForce RTX 4090,51,201.39,73,6152.1,24564.0,
2026-09-06T18:02:50.169930+00:00,01_yolo26_main,4,4,5.4,6.9,60.43,57.34,NVIDIA GeForce RTX 4090,52,205.68,84,6152.1,24564.0,
2026-09-06T18:03:00.182167+00:00,01_yolo26_main,4,4,5.8,6.83,60.43,57.34,NVIDIA GeForce RTX 4090,51,205.18,77,6152.1,24564.0,
2026-09-06T18:03:10.194379+00:00,01_yolo26_main,4,4,5.7,6.92,60.43,57.34,NVIDIA GeForce RTX 4090,52,206.21,81,6152.1,24564.0,
2026-09-06T18:03:20.206561+00:00,01_yolo26_main,4,4,5.8,6.83,60.43,57.34,NVIDIA GeForce RTX 4090,52,208.48,83,6152.1,24564.0,
2026-09-06T18:03:30.219151+00:00,01_yolo26_main,4,4,5.6,6.97,60.43,57.34,NVIDIA GeForce RTX 4090,52,206.23,83,6152.1,24564.0,
2026-09-06T18:03:40.230078+00:00,01_yolo26_main,4,4,5.3,6.93,60.43,57.34,NVIDIA GeForce RTX 4090,52,206.63,81,6152.1,24564.0,
2026-09-06T18:03:50.241195+00:00,01_yolo26_main,4,4,4.5,6.89,60.43,57.34,NVIDIA GeForce RTX 4090,45,67.44,0,6152.1,24564.0,
2026-09-06T18:04:00.254103+00:00,01_yolo26_main,4,4,5.7,6.86,60.43,57.34,NVIDIA GeForce RTX 4090,52,207.48,82,6152.1,24564.0,
2026-09-06T18:04:10.265902+00:00,01_yolo26_main,4,4,5.6,7.0,60.43,57.34,NVIDIA GeForce RTX 4090,50,143.97,82,6152.1,24564.0,
2026-09-06T18:04:20.277848+00:00,01_yolo26_main,4,4,5.7,6.84,60.43,57.34,NVIDIA GeForce RTX 4090,51,205.6,80,6152.1,24564.0,
2026-09-06T18:04:30.289867+00:00,01_yolo26_main,4,4,5.7,6.93,60.43,57.34,NVIDIA GeForce RTX 4090,51,174.59,83,6152.1,24564.0,
2026-09-06T18:04:40.301072+00:00,01_yolo26_main,4,4,5.7,6.85,60.43,57.34,NVIDIA GeForce RTX 4090,52,206.86,82,6152.1,24564.0,
2026-09-06T18:04:50.313242+00:00,01_yolo26_main,4,4,5.6,6.89,60.43,57.34,NVIDIA GeForce RTX 4090,51,202.19,81,6152.1,24564.0,
2026-09-06T18:05:00.324762+00:00,01_yolo26_main,4,4,5.8,6.85,60.43,57.34,NVIDIA GeForce RTX 4090,51,202.66,76,6152.1,24564.0,
2026-09-06T18:05:10.336701+00:00,01_yolo26_main,4,4,5.7,6.85,60.43,57.34,NVIDIA GeForce RTX 4090,52,206.06,81,6152.1,24564.0,
2026-09-06T18:05:20.348653+00:00,01_yolo26_main,4,4,5.8,6.84,60.43,57.34,NVIDIA GeForce RTX 4090,52,207.49,79,6152.1,24564.0,
2026-09-06T18:05:30.360267+00:00,01_yolo26_main,4,4,5.6,7.04,60.43,57.34,NVIDIA GeForce RTX 4090,52,208.22,83,6152.1,24564.0,
2026-09-06T18:05:40.371460+00:00,01_yolo26_main,4,4,5.8,6.95,60.43,57.34,NVIDIA GeForce RTX 4090,51,207.0,81,6152.1,24564.0,
2026-09-06T18:05:50.383463+00:00,01_yolo26_main,4,4,5.7,6.99,60.43,57.34,NVIDIA GeForce RTX 4090,52,208.73,84,6152.1,24564.0,
2026-09-06T18:06:00.395657+00:00,01_yolo26_main,4,4,5.8,6.91,60.43,57.34,NVIDIA GeForce RTX 4090,52,200.73,82,6152.1,24564.0,
2026-09-06T18:06:10.406282+00:00,01_yolo26_main,4,4,5.7,6.89,60.43,57.34,NVIDIA GeForce RTX 4090,53,207.67,86,6152.1,24564.0,
2026-09-06T18:06:20.417970+00:00,01_yolo26_main,4,4,5.7,7.08,60.43,57.34,NVIDIA GeForce RTX 4090,48,159.42,42,6152.1,24564.0,
2026-09-06T18:06:30.428759+00:00,01_yolo26_main,4,4,5.7,7.05,60.43,57.34,NVIDIA GeForce RTX 4090,52,207.65,83,6152.1,24564.0,
2026-09-06T18:06:40.440198+00:00,01_yolo26_main,4,4,5.7,6.87,60.43,57.34,NVIDIA GeForce RTX 4090,48,134.0,76,6152.1,24564.0,
2026-09-06T18:06:50.452058+00:00,01_yolo26_main,4,4,5.7,6.89,60.43,57.34,NVIDIA GeForce RTX 4090,52,206.23,82,6152.1,24564.0,
2026-09-06T18:07:00.464260+00:00,01_yolo26_main,4,4,5.7,7.02,60.43,57.34,NVIDIA GeForce RTX 4090,50,169.97,81,6152.1,24564.0,
2026-09-06T18:07:10.476584+00:00,01_yolo26_main,4,4,5.8,6.83,60.43,57.34,NVIDIA GeForce RTX 4090,53,208.83,81,6152.1,24564.0,
2026-09-06T18:07:20.488610+00:00,01_yolo26_main,4,4,5.7,7.04,60.43,57.34,NVIDIA GeForce RTX 4090,52,202.0,81,6152.1,24564.0,
2026-09-06T18:07:30.500811+00:00,01_yolo26_main,4,4,5.8,7.05,60.43,57.34,NVIDIA GeForce RTX 4090,53,205.53,81,6152.1,24564.0,
2026-09-06T18:07:40.512558+00:00,01_yolo26_main,4,4,5.6,6.98,60.43,57.34,NVIDIA GeForce RTX 4090,52,207.71,80,6152.1,24564.0,
2026-09-06T18:07:50.524503+00:00,01_yolo26_main,4,4,5.8,6.8,60.43,57.34,NVIDIA GeForce RTX 4090,53,208.32,84,6152.1,24564.0,
2026-09-06T18:08:00.537007+00:00,01_yolo26_main,4,4,5.7,7.01,60.43,57.34,NVIDIA GeForce RTX 4090,53,205.78,81,6152.1,24564.0,
2026-09-06T18:08:10.549342+00:00,01_yolo26_main,4,4,5.8,6.96,60.43,57.34,NVIDIA GeForce RTX 4090,53,207.35,80,6152.1,24564.0,
2026-09-06T18:08:20.562243+00:00,01_yolo26_main,4,4,5.6,6.77,60.43,57.34,NVIDIA GeForce RTX 4090,53,205.49,82,6152.1,24564.0,
2026-09-06T18:08:30.573408+00:00,01_yolo26_main,4,4,5.7,6.91,60.43,57.34,NVIDIA GeForce RTX 4090,53,200.35,81,6152.1,24564.0,
2026-09-06T18:08:40.584743+00:00,01_yolo26_main,4,4,5.7,7.0,60.43,57.34,NVIDIA GeForce RTX 4090,52,204.64,81,6152.1,24564.0,
2026-09-06T18:08:50.597179+00:00,01_yolo26_main,4,4,5.6,7.02,60.43,57.34,NVIDIA GeForce RTX 4090,50,139.71,57,6152.1,24564.0,
2026-09-06T18:09:00.608873+00:00,01_yolo26_main,4,4,5.8,6.86,60.43,57.34,NVIDIA GeForce RTX 4090,52,207.4,79,6152.1,24564.0,
2026-09-06T18:09:10.621347+00:00,01_yolo26_main,4,4,5.6,7.02,60.43,57.34,NVIDIA GeForce RTX 4090,50,135.29,3,6152.1,24564.0,
2026-09-06T18:09:20.634041+00:00,01_yolo26_main,4,4,5.8,7.01,60.43,57.34,NVIDIA GeForce RTX 4090,53,208.2,87,6152.1,24564.0,
2026-09-06T18:09:30.645442+00:00,01_yolo26_main,4,4,5.7,7.08,60.43,57.34,NVIDIA GeForce RTX 4090,52,168.51,80,6152.1,24564.0,
2026-09-06T18:09:40.656952+00:00,01_yolo26_main,4,4,5.8,6.98,60.43,57.34,NVIDIA GeForce RTX 4090,52,207.83,84,6152.1,24564.0,
2026-09-06T18:09:50.668797+00:00,01_yolo26_main,4,4,5.6,7.02,60.43,57.34,NVIDIA GeForce RTX 4090,52,205.36,82,6152.1,24564.0,
2026-09-06T18:10:00.681209+00:00,01_yolo26_main,4,4,5.7,6.99,60.43,57.34,NVIDIA GeForce RTX 4090,51,207.67,83,6152.1,24564.0,
2026-09-06T18:10:10.692782+00:00,01_yolo26_main,4,4,5.7,7.1,60.43,57.34,NVIDIA GeForce RTX 4090,51,207.59,84,6152.1,24564.0,
2026-09-06T18:10:20.705122+00:00,01_yolo26_main,4,4,5.8,6.89,60.43,57.34,NVIDIA GeForce RTX 4090,52,207.28,79,6152.1,24564.0,
2026-09-06T18:10:30.716582+00:00,01_yolo26_main,4,4,5.6,6.93,60.43,57.34,NVIDIA GeForce RTX 4090,52,207.2,80,6152.1,24564.0,
2026-09-06T18:10:40.728783+00:00,01_yolo26_main,4,4,5.8,7.04,60.43,57.34,NVIDIA GeForce RTX 4090,52,207.24,81,6152.1,24564.0,
2026-09-06T18:10:50.741146+00:00,01_yolo26_main,4,4,5.7,6.98,60.43,57.34,NVIDIA GeForce RTX 4090,53,205.99,82,6152.1,24564.0,
2026-09-06T18:11:00.752995+00:00,01_yolo26_main,4,4,5.8,6.91,60.43,57.34,NVIDIA GeForce RTX 4090,51,187.39,87,6152.1,24564.0,
2026-09-06T18:11:10.763786+00:00,01_yolo26_main,4,4,5.7,6.89,60.43,57.34,NVIDIA GeForce RTX 4090,52,206.04,85,6152.1,24564.0,
2026-09-06T18:11:20.775179+00:00,01_yolo26_main,4,4,5.7,7.09,60.43,57.34,NVIDIA GeForce RTX 4090,47,152.08,82,6152.1,24564.0,
2026-09-06T18:11:30.787471+00:00,01_yolo26_main,4,4,5.7,6.82,60.43,57.34,NVIDIA GeForce RTX 4090,52,206.43,80,6152.1,24564.0,
2026-09-06T18:11:40.799540+00:00,01_yolo26_main,4,4,5.7,7.06,60.43,57.34,NVIDIA GeForce RTX 4090,51,132.11,4,6152.1,24564.0,
2026-09-06T18:11:50.811086+00:00,01_yolo26_main,4,4,5.8,6.91,60.43,57.34,NVIDIA GeForce RTX 4090,53,208.33,82,6152.1,24564.0,
2026-09-06T18:12:00.821916+00:00,01_yolo26_main,4,4,5.6,6.96,60.43,57.34,NVIDIA GeForce RTX 4090,52,183.44,81,6152.1,24564.0,
2026-09-06T18:12:10.833605+00:00,01_yolo26_main,4,4,5.8,6.94,60.43,57.34,NVIDIA GeForce RTX 4090,51,206.94,82,6152.1,24564.0,
2026-09-06T18:12:20.845650+00:00,01_yolo26_main,4,4,5.7,6.97,60.43,57.34,NVIDIA GeForce RTX 4090,52,208.64,86,6152.1,24564.0,
2026-09-06T18:12:30.858047+00:00,01_yolo26_main,4,4,5.8,6.86,60.43,57.34,NVIDIA GeForce RTX 4090,51,207.26,85,6152.1,24564.0,
2026-09-06T18:12:40.870069+00:00,01_yolo26_main,4,4,5.7,6.89,60.43,57.34,NVIDIA GeForce RTX 4090,53,206.35,81,6152.1,24564.0,
2026-09-06T18:12:50.882890+00:00,01_yolo26_main,5,5,5.0,3.95,60.43,57.63,NVIDIA GeForce RTX 4090,45,63.02,0,628.8,24564.0,
2026-09-06T18:13:00.893524+00:00,01_yolo26_main,5,5,6.6,6.83,60.43,57.62,NVIDIA GeForce RTX 4090,51,209.21,87,4724.1,24564.0,
2026-09-06T18:13:10.905006+00:00,01_yolo26_main,5,5,5.7,7.21,60.43,57.23,NVIDIA GeForce RTX 4090,52,210.64,83,4724.1,24564.0,
2026-09-06T18:13:20.916728+00:00,01_yolo26_main,5,5,5.8,6.94,60.43,57.23,NVIDIA GeForce RTX 4090,51,208.77,81,4934.1,24564.0,
2026-09-06T18:13:30.930098+00:00,01_yolo26_main,5,5,5.6,6.99,60.43,57.23,NVIDIA GeForce RTX 4090,52,210.19,84,4934.1,24564.0,
2026-09-06T18:13:40.941397+00:00,01_yolo26_main,5,5,5.8,6.94,60.43,57.23,NVIDIA GeForce RTX 4090,51,207.25,84,4934.1,24564.0,
2026-09-06T18:13:50.952878+00:00,01_yolo26_main,5,5,5.2,6.86,60.43,57.23,NVIDIA GeForce RTX 4090,51,207.25,82,4934.1,24564.0,
2026-09-06T18:14:00.964266+00:00,01_yolo26_main,5,5,5.8,6.89,60.43,57.23,NVIDIA GeForce RTX 4090,52,207.4,82,4934.1,24564.0,
2026-09-06T18:14:10.975752+00:00,01_yolo26_main,5,5,4.2,7.01,60.43,57.23,NVIDIA GeForce RTX 4090,45,75.7,0,4934.1,24564.0,
2026-09-06T18:14:20.987091+00:00,01_yolo26_main,5,5,4.5,7.0,60.43,57.23,NVIDIA GeForce RTX 4090,50,206.32,80,4934.1,24564.0,
2026-09-06T18:14:31.001309+00:00,01_yolo26_main,5,5,5.4,6.94,60.43,57.23,NVIDIA GeForce RTX 4090,50,206.6,82,4934.1,24564.0,
2026-09-06T18:14:41.012658+00:00,01_yolo26_main,5,5,4.6,6.87,60.43,57.23,NVIDIA GeForce RTX 4090,50,202.07,82,4934.1,24564.0,
2026-09-06T18:14:51.023805+00:00,01_yolo26_main,5,5,3.9,7.03,60.43,57.23,NVIDIA GeForce RTX 4090,45,90.43,68,4934.1,24564.0,
2026-09-06T18:15:01.034671+00:00,01_yolo26_main,5,5,4.2,6.94,60.43,57.23,NVIDIA GeForce RTX 4090,48,142.1,0,4934.1,24564.0,
2026-09-06T18:15:11.046747+00:00,01_yolo26_main,5,5,5.8,6.92,60.43,57.23,NVIDIA GeForce RTX 4090,50,206.94,83,4934.1,24564.0,
2026-09-06T18:15:21.059315+00:00,01_yolo26_main,5,5,4.9,7.07,60.43,57.38,NVIDIA GeForce RTX 4090,49,179.05,81,4934.1,24564.0,
2026-09-06T18:15:31.070891+00:00,01_yolo26_main,5,5,3.9,6.97,60.43,57.23,NVIDIA GeForce RTX 4090,44,84.62,0,4934.1,24564.0,
2026-09-06T18:15:41.083435+00:00,01_yolo26_main,5,5,4.2,6.83,60.43,57.23,NVIDIA GeForce RTX 4090,48,189.33,74,4934.1,24564.0,
2026-09-06T18:15:51.095038+00:00,01_yolo26_main,5,5,5.4,6.87,60.43,57.23,NVIDIA GeForce RTX 4090,50,206.16,80,4934.1,24564.0,
2026-09-06T18:16:01.106376+00:00,01_yolo26_main,5,5,5.1,6.91,60.43,57.23,NVIDIA GeForce RTX 4090,44,62.51,6,4934.1,24564.0,
2026-09-06T18:16:11.117566+00:00,01_yolo26_main,5,5,3.7,6.97,60.43,57.23,NVIDIA GeForce RTX 4090,44,61.99,0,4936.1,24564.0,
2026-09-06T18:16:21.129055+00:00,01_yolo26_main,5,5,4.8,6.87,60.43,57.23,NVIDIA GeForce RTX 4090,49,205.19,81,4936.1,24564.0,
2026-09-06T18:16:31.140612+00:00,01_yolo26_main,5,5,5.0,6.84,60.43,57.23,NVIDIA GeForce RTX 4090,49,208.1,83,4936.1,24564.0,
2026-09-06T18:16:41.152636+00:00,01_yolo26_main,5,5,4.9,7.04,60.43,57.23,NVIDIA GeForce RTX 4090,44,63.7,0,4936.1,24564.0,
2026-09-06T18:16:51.163495+00:00,01_yolo26_main,5,5,5.3,6.95,60.43,57.23,NVIDIA GeForce RTX 4090,49,206.66,83,4936.1,24564.0,
2026-09-06T18:17:01.175367+00:00,01_yolo26_main,5,5,5.2,6.96,60.43,57.23,NVIDIA GeForce RTX 4090,51,206.23,80,4936.1,24564.0,
2026-09-06T18:17:11.187114+00:00,01_yolo26_main,5,5,5.0,7.0,60.43,57.23,NVIDIA GeForce RTX 4090,49,194.47,80,4936.1,24564.0,
2026-09-06T18:17:21.199690+00:00,01_yolo26_main,5,5,5.8,6.91,60.43,57.23,NVIDIA GeForce RTX 4090,50,208.41,79,4936.1,24564.0,
2026-09-06T18:17:31.211682+00:00,01_yolo26_main,5,5,5.4,6.91,60.43,57.23,NVIDIA GeForce RTX 4090,51,200.72,82,4936.1,24564.0,
2026-09-06T18:17:41.223598+00:00,01_yolo26_main,5,5,5.8,6.96,60.43,57.23,NVIDIA GeForce RTX 4090,52,206.32,82,4936.1,24564.0,
2026-09-06T18:17:51.235194+00:00,01_yolo26_main,5,5,4.9,7.02,60.43,57.23,NVIDIA GeForce RTX 4090,48,147.46,84,4936.1,24564.0,
2026-09-06T18:18:01.247105+00:00,01_yolo26_main,5,5,4.9,6.93,60.43,57.23,NVIDIA GeForce RTX 4090,50,208.51,84,4936.1,24564.0,
2026-09-06T18:18:11.259323+00:00,01_yolo26_main,5,5,5.6,6.92,60.43,57.23,NVIDIA GeForce RTX 4090,50,209.99,85,4936.1,24564.0,
2026-09-06T18:18:21.270479+00:00,01_yolo26_main,5,5,5.6,6.96,60.43,57.23,NVIDIA GeForce RTX 4090,51,210.15,81,4936.1,24564.0,
2026-09-06T18:18:31.281644+00:00,01_yolo26_main,5,5,5.7,7.05,60.43,57.23,NVIDIA GeForce RTX 4090,47,171.1,17,4936.1,24564.0,
2026-09-06T18:18:41.292552+00:00,01_yolo26_main,5,5,5.7,6.93,60.43,57.23,NVIDIA GeForce RTX 4090,52,208.99,80,4936.1,24564.0,
2026-09-06T18:18:51.304039+00:00,01_yolo26_main,5,5,5.7,7.04,60.43,57.23,NVIDIA GeForce RTX 4090,50,135.51,81,4936.1,24564.0,
2026-09-06T18:19:01.315012+00:00,01_yolo26_main,5,5,5.8,6.93,60.43,57.23,NVIDIA GeForce RTX 4090,51,207.88,85,4936.1,24564.0,
2026-09-06T18:19:11.326603+00:00,01_yolo26_main,5,5,5.6,6.93,60.43,57.23,NVIDIA GeForce RTX 4090,51,192.67,81,4936.1,24564.0,
2026-09-06T18:19:21.338039+00:00,01_yolo26_main,5,5,5.8,6.9,60.43,57.23,NVIDIA GeForce RTX 4090,51,204.4,83,4936.1,24564.0,
2026-09-06T18:19:31.349934+00:00,01_yolo26_main,5,5,5.7,6.97,60.43,57.23,NVIDIA GeForce RTX 4090,51,207.6,80,4936.1,24564.0,
2026-09-06T18:19:41.361889+00:00,01_yolo26_main,5,5,5.8,6.83,60.43,57.23,NVIDIA GeForce RTX 4090,52,208.86,82,4936.1,24564.0,
2026-09-06T18:19:51.374286+00:00,01_yolo26_main,5,5,5.6,6.93,60.43,57.23,NVIDIA GeForce RTX 4090,52,206.87,81,4936.1,24564.0,
2026-09-06T18:20:01.386450+00:00,01_yolo26_main,5,5,5.8,6.8,60.43,57.23,NVIDIA GeForce RTX 4090,52,206.86,84,4936.1,24564.0,
2026-09-06T18:20:11.398379+00:00,01_yolo26_main,5,5,5.7,6.81,60.43,57.23,NVIDIA GeForce RTX 4090,52,208.07,86,4936.1,24564.0,
2026-09-06T18:20:21.410764+00:00,01_yolo26_main,5,5,5.7,6.84,60.43,57.23,NVIDIA GeForce RTX 4090,52,184.88,77,4936.1,24564.0,
2026-09-06T18:20:31.421753+00:00,01_yolo26_main,5,5,5.7,7.02,60.43,57.23,NVIDIA GeForce RTX 4090,52,208.32,82,4936.1,24564.0,
2026-09-06T18:20:41.433098+00:00,01_yolo26_main,5,5,5.7,7.06,60.43,57.23,NVIDIA GeForce RTX 4090,47,139.15,6,4936.1,24564.0,
2026-09-06T18:20:51.445703+00:00,01_yolo26_main,5,5,5.0,6.96,60.43,57.23,NVIDIA GeForce RTX 4090,52,206.45,84,4936.1,24564.0,
2026-09-06T18:21:01.457295+00:00,01_yolo26_main,5,5,5.8,6.83,60.43,57.23,NVIDIA GeForce RTX 4090,51,206.6,79,4936.1,24564.0,
2026-09-06T18:21:11.468644+00:00,01_yolo26_main,5,5,5.4,6.89,60.43,57.23,NVIDIA GeForce RTX 4090,52,207.24,83,4936.1,24564.0,
2026-09-06T18:21:21.479855+00:00,01_yolo26_main,5,5,5.8,6.87,60.43,57.23,NVIDIA GeForce RTX 4090,52,199.06,86,4936.1,24564.0,
2026-09-06T18:21:31.491340+00:00,01_yolo26_main,5,5,5.7,6.93,60.43,57.23,NVIDIA GeForce RTX 4090,51,207.68,79,4936.1,24564.0,
2026-09-06T18:21:41.503223+00:00,01_yolo26_main,5,5,5.7,7.03,60.43,57.23,NVIDIA GeForce RTX 4090,47,150.26,16,4936.1,24564.0,
2026-09-06T18:21:51.515580+00:00,01_yolo26_main,5,5,5.8,6.82,60.43,57.23,NVIDIA GeForce RTX 4090,51,207.25,79,4936.1,24564.0,
2026-09-06T18:22:01.528168+00:00,01_yolo26_main,5,5,5.5,7.08,60.43,57.23,NVIDIA GeForce RTX 4090,49,132.38,83,4936.1,24564.0,
2026-09-06T18:22:11.540505+00:00,01_yolo26_main,5,5,5.8,6.91,60.43,57.23,NVIDIA GeForce RTX 4090,51,209.88,85,4936.1,24564.0,
2026-09-06T18:22:21.553108+00:00,01_yolo26_main,5,5,5.7,7.02,60.43,57.23,NVIDIA GeForce RTX 4090,51,199.24,82,4936.1,24564.0,
2026-09-06T18:22:31.565346+00:00,01_yolo26_main,5,5,5.0,6.95,60.43,57.23,NVIDIA GeForce RTX 4090,52,206.2,82,4936.1,24564.0,
2026-09-06T18:22:41.576842+00:00,01_yolo26_main,5,5,5.7,7.1,60.43,57.23,NVIDIA GeForce RTX 4090,47,144.91,1,4936.1,24564.0,
2026-09-06T18:22:51.588373+00:00,01_yolo26_main,5,5,5.6,7.01,60.43,57.23,NVIDIA GeForce RTX 4090,52,208.57,83,4936.1,24564.0,
2026-09-06T18:23:01.599707+00:00,01_yolo26_main,5,5,5.3,7.06,60.43,57.23,NVIDIA GeForce RTX 4090,46,71.19,0,4936.1,24564.0,
2026-09-06T18:23:11.612474+00:00,01_yolo26_main,5,5,5.8,6.92,60.43,57.23,NVIDIA GeForce RTX 4090,52,204.87,81,4936.1,24564.0,
2026-09-06T18:23:21.624039+00:00,01_yolo26_main,5,5,5.2,6.82,60.43,57.23,NVIDIA GeForce RTX 4090,51,199.32,82,4936.1,24564.0,
2026-09-06T18:23:31.635205+00:00,01_yolo26_main,5,5,5.7,6.87,60.43,57.23,NVIDIA GeForce RTX 4090,51,208.01,83,4936.1,24564.0,
2026-09-06T18:23:41.646537+00:00,01_yolo26_main,5,5,5.6,7.05,60.43,57.23,NVIDIA GeForce RTX 4090,48,150.7,43,4936.1,24564.0,
2026-09-06T18:23:51.657997+00:00,01_yolo26_main,5,5,5.7,6.97,60.43,57.23,NVIDIA GeForce RTX 4090,52,206.17,81,4936.1,24564.0,
2026-09-06T18:24:01.669547+00:00,01_yolo26_main,5,5,5.7,7.04,60.43,57.23,NVIDIA GeForce RTX 4090,52,158.74,84,4936.1,24564.0,
2026-09-06T18:24:11.680939+00:00,01_yolo26_main,5,5,5.8,6.82,60.43,57.23,NVIDIA GeForce RTX 4090,51,206.75,83,4936.1,24564.0,
2026-09-06T18:24:21.693030+00:00,01_yolo26_main,5,5,5.6,6.93,60.43,57.23,NVIDIA GeForce RTX 4090,52,207.8,83,4936.1,24564.0,
2026-09-06T18:24:31.704907+00:00,01_yolo26_main,5,5,5.8,6.88,60.43,57.23,NVIDIA GeForce RTX 4090,51,207.54,82,4936.1,24564.0,
2026-09-06T18:24:41.716394+00:00,01_yolo26_main,5,5,5.7,6.97,60.43,57.23,NVIDIA GeForce RTX 4090,51,206.87,82,4936.1,24564.0,
2026-09-06T18:24:51.728217+00:00,01_yolo26_main,5,5,5.8,6.82,60.43,57.23,NVIDIA GeForce RTX 4090,51,206.61,82,4936.1,24564.0,
2026-09-06T18:25:01.739641+00:00,01_yolo26_main,5,5,5.7,7.0,60.43,57.23,NVIDIA GeForce RTX 4090,52,208.28,83,4936.1,24564.0,
2026-09-06T18:25:11.752207+00:00,01_yolo26_main,5,5,5.7,6.93,60.43,57.23,NVIDIA GeForce RTX 4090,52,207.7,82,4936.1,24564.0,
2026-09-06T18:25:21.762923+00:00,01_yolo26_main,5,5,5.7,6.95,60.43,57.23,NVIDIA GeForce RTX 4090,52,208.78,83,4936.1,24564.0,
2026-09-06T18:25:31.774278+00:00,01_yolo26_main,5,5,5.7,7.1,60.43,57.23,NVIDIA GeForce RTX 4090,47,151.25,77,4936.1,24564.0,
2026-09-06T18:25:41.785776+00:00,01_yolo26_main,5,5,5.8,6.88,60.43,57.23,NVIDIA GeForce RTX 4090,53,206.42,82,4936.1,24564.0,
2026-09-06T18:25:51.797683+00:00,01_yolo26_main,5,5,5.6,7.04,60.43,57.23,NVIDIA GeForce RTX 4090,51,135.97,0,4936.1,24564.0,
2026-09-06T18:26:01.809517+00:00,01_yolo26_main,5,5,5.8,6.93,60.43,57.23,NVIDIA GeForce RTX 4090,51,211.29,83,4936.1,24564.0,
2026-09-06T18:26:11.821096+00:00,01_yolo26_main,5,5,5.7,7.01,60.43,57.23,NVIDIA GeForce RTX 4090,52,200.55,81,4936.1,24564.0,
2026-09-06T18:26:21.833145+00:00,01_yolo26_main,5,5,5.7,6.98,60.43,57.23,NVIDIA GeForce RTX 4090,53,208.53,81,4936.1,24564.0,
2026-09-06T18:26:31.844820+00:00,01_yolo26_main,5,5,5.6,6.92,60.43,57.23,NVIDIA GeForce RTX 4090,53,209.17,80,4936.1,24564.0,
2026-09-06T18:26:41.857462+00:00,01_yolo26_main,5,5,5.8,6.89,60.43,57.23,NVIDIA GeForce RTX 4090,52,206.6,84,4936.1,24564.0,
2026-09-06T18:26:51.870020+00:00,01_yolo26_main,5,5,5.7,6.98,60.43,57.23,NVIDIA GeForce RTX 4090,52,208.06,83,4936.1,24564.0,
2026-09-06T18:27:01.881672+00:00,01_yolo26_main,5,5,5.7,7.01,60.43,57.23,NVIDIA GeForce RTX 4090,53,208.54,85,4936.1,24564.0,
2026-09-06T18:27:11.893244+00:00,01_yolo26_main,5,5,5.7,6.91,60.43,57.23,NVIDIA GeForce RTX 4090,53,207.95,80,4936.1,24564.0,
2026-09-06T18:27:21.905285+00:00,01_yolo26_main,5,5,5.7,6.78,60.43,57.23,NVIDIA GeForce RTX 4090,52,202.04,83,4936.1,24564.0,
2026-09-06T18:27:31.916457+00:00,01_yolo26_main,5,5,5.7,6.9,60.43,57.23,NVIDIA GeForce RTX 4090,52,207.39,82,4936.1,24564.0,
2026-09-06T18:27:41.928067+00:00,01_yolo26_main,5,5,5.7,7.03,60.43,57.23,NVIDIA GeForce RTX 4090,47,150.81,78,4936.1,24564.0,
2026-09-06T18:27:51.939156+00:00,01_yolo26_main,5,5,5.8,6.97,60.43,57.23,NVIDIA GeForce RTX 4090,53,208.2,79,4936.1,24564.0,
2026-09-06T18:28:01.950544+00:00,01_yolo26_main,5,5,5.6,6.81,60.43,57.23,NVIDIA GeForce RTX 4090,50,149.01,0,4936.1,24564.0,
2026-09-06T18:28:11.962201+00:00,01_yolo26_main,5,5,5.8,6.89,60.43,57.23,NVIDIA GeForce RTX 4090,51,207.82,81,4936.1,24564.0,
2026-09-06T18:28:21.973804+00:00,01_yolo26_main,5,5,5.6,6.96,60.43,57.23,NVIDIA GeForce RTX 4090,52,201.46,84,4936.1,24564.0,
2026-09-06T18:28:31.985549+00:00,01_yolo26_main,5,5,5.7,6.94,60.43,57.23,NVIDIA GeForce RTX 4090,52,207.22,80,4936.1,24564.0,
2026-09-06T18:28:41.997647+00:00,01_yolo26_main,5,5,5.0,6.88,60.43,57.23,NVIDIA GeForce RTX 4090,50,111.84,0,5146.1,24564.0,
2026-09-06T18:28:52.009177+00:00,01_yolo26_main,5,5,3.4,6.94,60.43,57.23,NVIDIA GeForce RTX 4090,45,62.72,0,5146.1,24564.0,
2026-09-06T18:29:02.020653+00:00,01_yolo26_main,5,5,0.0,6.93,60.43,57.23,NVIDIA GeForce RTX 4090,43,62.4,0,5146.1,24564.0,
2026-09-06T18:29:12.031604+00:00,01_yolo26_main,5,5,5.4,6.94,60.43,57.23,NVIDIA GeForce RTX 4090,50,208.7,86,5146.1,24564.0,
2026-09-06T18:29:22.044059+00:00,01_yolo26_main,5,5,5.7,6.96,60.43,57.27,NVIDIA GeForce RTX 4090,49,159.65,79,5146.1,24564.0,
2026-09-06T18:29:32.055317+00:00,01_yolo26_main,5,5,5.8,6.98,60.43,57.23,NVIDIA GeForce RTX 4090,50,207.66,82,5146.1,24564.0,
2026-09-06T18:29:42.067442+00:00,01_yolo26_main,5,5,5.6,7.05,60.43,57.23,NVIDIA GeForce RTX 4090,45,142.74,79,5146.1,24564.0,
2026-09-06T18:29:52.079643+00:00,01_yolo26_main,5,5,5.7,6.94,60.43,57.23,NVIDIA GeForce RTX 4090,50,206.71,82,5146.1,24564.0,
2026-09-06T18:30:02.091053+00:00,01_yolo26_main,5,5,5.7,6.92,60.43,57.23,NVIDIA GeForce RTX 4090,50,161.72,8,5146.1,24564.0,
2026-09-06T18:30:12.103167+00:00,01_yolo26_main,5,5,4.6,6.93,60.43,57.23,NVIDIA GeForce RTX 4090,51,206.05,80,5146.1,24564.0,
2026-09-06T18:30:22.114675+00:00,01_yolo26_main,5,5,2.4,7.03,60.43,57.23,NVIDIA GeForce RTX 4090,43,62.11,0,5146.1,24564.0,
2026-09-06T18:30:32.125862+00:00,01_yolo26_main,5,5,0.0,6.96,60.43,57.23,NVIDIA GeForce RTX 4090,42,61.04,0,5146.1,24564.0,
2026-09-06T18:30:42.136463+00:00,01_yolo26_main,5,5,1.7,6.71,60.43,57.23,NVIDIA GeForce RTX 4090,47,205.35,80,5146.1,24564.0,
2026-09-06T18:30:52.148663+00:00,01_yolo26_main,5,5,2.8,6.79,60.43,57.23,NVIDIA GeForce RTX 4090,47,200.95,81,5146.1,24564.0,
2026-09-06T18:31:02.160904+00:00,01_yolo26_main,5,5,5.7,6.87,60.43,57.23,NVIDIA GeForce RTX 4090,47,205.07,83,5146.1,24564.0,
2026-09-06T18:31:12.172056+00:00,01_yolo26_main,5,5,5.7,7.07,60.43,57.23,NVIDIA GeForce RTX 4090,48,206.37,86,5146.1,24564.0,
2026-09-06T18:31:22.183603+00:00,01_yolo26_main,5,5,5.7,7.01,60.43,57.23,NVIDIA GeForce RTX 4090,48,206.26,86,5146.1,24564.0,
2026-09-06T18:31:32.194629+00:00,01_yolo26_main,5,5,5.7,7.06,60.43,57.23,NVIDIA GeForce RTX 4090,49,207.7,82,5146.1,24564.0,
2026-09-06T18:31:42.206321+00:00,01_yolo26_main,5,5,5.8,6.93,60.43,57.23,NVIDIA GeForce RTX 4090,50,208.12,82,5146.1,24564.0,
2026-09-06T18:31:52.217558+00:00,01_yolo26_main,5,5,5.6,6.93,60.43,57.23,NVIDIA GeForce RTX 4090,50,205.78,81,5146.1,24564.0,
2026-09-06T18:32:02.228620+00:00,01_yolo26_main,5,5,5.8,6.84,60.43,57.23,NVIDIA GeForce RTX 4090,46,183.05,13,5146.1,24564.0,
2026-09-06T18:32:12.239418+00:00,01_yolo26_main,5,5,5.7,6.89,60.43,57.23,NVIDIA GeForce RTX 4090,50,208.16,82,5146.1,24564.0,
2026-09-06T18:32:22.251731+00:00,01_yolo26_main,5,5,5.7,6.95,60.43,57.23,NVIDIA GeForce RTX 4090,49,137.05,85,5146.1,24564.0,
2026-09-06T18:32:32.262918+00:00,01_yolo26_main,5,5,5.8,7.01,60.43,57.23,NVIDIA GeForce RTX 4090,50,207.2,85,5146.1,24564.0,
2026-09-06T18:32:42.274475+00:00,01_yolo26_main,5,5,5.1,6.96,60.43,57.23,NVIDIA GeForce RTX 4090,44,63.35,0,5146.1,24564.0,
2026-09-06T18:32:52.285714+00:00,01_yolo26_main,5,5,5.6,6.93,60.43,57.23,NVIDIA GeForce RTX 4090,51,206.77,88,5146.1,24564.0,
2026-09-06T18:33:02.297449+00:00,01_yolo26_main,5,5,5.0,6.82,60.43,57.23,NVIDIA GeForce RTX 4090,50,205.87,82,5146.1,24564.0,
2026-09-06T18:33:12.309550+00:00,01_yolo26_main,5,5,5.5,6.96,60.43,57.23,NVIDIA GeForce RTX 4090,50,207.13,82,5146.1,24564.0,
2026-09-06T18:33:22.320668+00:00,01_yolo26_main,5,5,5.7,6.89,60.43,57.23,NVIDIA GeForce RTX 4090,50,208.58,82,5146.1,24564.0,
2026-09-06T18:33:32.333720+00:00,01_yolo26_main,5,5,5.0,7.02,60.43,57.23,NVIDIA GeForce RTX 4090,51,201.6,79,5146.1,24564.0,
2026-09-06T18:33:42.346095+00:00,01_yolo26_main,5,5,5.7,6.97,60.43,57.23,NVIDIA GeForce RTX 4090,50,206.2,78,5146.1,24564.0,
2026-09-06T18:33:52.358165+00:00,01_yolo26_main,5,5,5.5,6.98,60.43,57.23,NVIDIA GeForce RTX 4090,51,204.72,79,5146.1,24564.0,
2026-09-06T18:34:02.369935+00:00,01_yolo26_main,5,5,5.7,7.01,60.43,57.23,NVIDIA GeForce RTX 4090,52,208.29,84,5146.1,24564.0,
2026-09-06T18:34:12.381803+00:00,01_yolo26_main,5,5,5.6,6.96,60.43,57.23,NVIDIA GeForce RTX 4090,52,208.8,82,5146.1,24564.0,
2026-09-06T18:34:22.394247+00:00,01_yolo26_main,5,5,5.8,6.94,60.43,57.23,NVIDIA GeForce RTX 4090,51,207.51,83,5146.1,24564.0,
2026-09-06T18:34:32.407060+00:00,01_yolo26_main,5,5,5.7,7.0,60.43,57.23,NVIDIA GeForce RTX 4090,52,206.14,84,5146.1,24564.0,
2026-09-06T18:34:42.419414+00:00,01_yolo26_main,5,5,5.8,6.88,60.43,57.23,NVIDIA GeForce RTX 4090,51,193.85,81,5146.1,24564.0,
2026-09-06T18:34:52.430378+00:00,01_yolo26_main,5,5,5.6,6.93,60.43,57.23,NVIDIA GeForce RTX 4090,50,204.95,81,5146.1,24564.0,
2026-09-06T18:35:02.441729+00:00,01_yolo26_main,5,5,5.7,7.22,60.43,57.23,NVIDIA GeForce RTX 4090,47,150.56,15,5146.1,24564.0,
2026-09-06T18:35:12.453192+00:00,01_yolo26_main,5,5,5.8,7.11,60.43,57.23,NVIDIA GeForce RTX 4090,51,203.94,80,5146.1,24564.0,
2026-09-06T18:35:22.465312+00:00,01_yolo26_main,5,5,5.7,7.06,60.43,57.23,NVIDIA GeForce RTX 4090,51,146.58,84,5146.1,24564.0,
2026-09-06T18:35:32.476687+00:00,01_yolo26_main,5,5,5.7,6.96,60.43,57.23,NVIDIA GeForce RTX 4090,51,208.96,84,5146.1,24564.0,
2026-09-06T18:35:42.488571+00:00,01_yolo26_main,5,5,5.7,6.95,60.43,57.23,NVIDIA GeForce RTX 4090,50,204.29,85,5146.1,24564.0,
2026-09-06T18:35:52.500060+00:00,01_yolo26_main,5,5,5.8,6.93,60.43,57.23,NVIDIA GeForce RTX 4090,51,205.94,84,5146.1,24564.0,
2026-09-06T18:36:02.511966+00:00,01_yolo26_main,5,5,5.7,7.02,60.43,57.23,NVIDIA GeForce RTX 4090,51,207.06,83,5146.1,24564.0,
2026-09-06T18:36:12.524652+00:00,01_yolo26_main,5,5,5.8,6.9,60.43,57.23,NVIDIA GeForce RTX 4090,51,207.19,86,5146.1,24564.0,
2026-09-06T18:36:22.537212+00:00,01_yolo26_main,5,5,5.6,6.93,60.43,57.23,NVIDIA GeForce RTX 4090,52,207.35,80,5146.1,24564.0,
2026-09-06T18:36:32.548974+00:00,01_yolo26_main,5,5,5.8,6.84,60.43,57.23,NVIDIA GeForce RTX 4090,52,205.34,78,5146.1,24564.0,
2026-09-06T18:36:42.561488+00:00,01_yolo26_main,5,5,5.7,6.98,60.43,57.23,NVIDIA GeForce RTX 4090,51,206.81,84,5146.1,24564.0,
2026-09-06T18:36:52.573087+00:00,01_yolo26_main,5,5,5.7,6.86,60.43,57.23,NVIDIA GeForce RTX 4090,52,192.33,83,5146.1,24564.0,
2026-09-06T18:37:02.584722+00:00,01_yolo26_main,5,5,5.6,6.86,60.43,57.23,NVIDIA GeForce RTX 4090,52,207.93,80,5146.1,24564.0,
2026-09-06T18:37:12.596302+00:00,01_yolo26_main,5,5,5.7,7.06,60.43,57.23,NVIDIA GeForce RTX 4090,48,148.29,9,5146.1,24564.0,
2026-09-06T18:37:22.608944+00:00,01_yolo26_main,5,5,5.8,6.84,60.43,57.23,NVIDIA GeForce RTX 4090,53,208.31,79,5146.1,24564.0,
2026-09-06T18:37:32.621110+00:00,01_yolo26_main,5,5,5.8,6.9,60.43,57.23,NVIDIA GeForce RTX 4090,51,161.93,85,5146.1,24564.0,
2026-09-06T18:37:42.633649+00:00,01_yolo26_main,5,5,5.7,6.8,60.43,57.23,NVIDIA GeForce RTX 4090,52,208.23,84,5146.1,24564.0,
2026-09-06T18:37:52.645658+00:00,01_yolo26_main,5,5,5.7,7.06,60.43,57.23,NVIDIA GeForce RTX 4090,52,206.42,77,5146.1,24564.0,
2026-09-06T18:38:02.657470+00:00,01_yolo26_main,5,5,5.7,6.79,60.43,57.23,NVIDIA GeForce RTX 4090,52,207.65,85,5146.1,24564.0,
2026-09-06T18:38:12.668868+00:00,01_yolo26_main,5,5,5.7,7.06,60.43,57.23,NVIDIA GeForce RTX 4090,52,208.56,80,5146.1,24564.0,
2026-09-06T18:38:22.681138+00:00,01_yolo26_main,5,5,4.6,6.94,60.43,57.23,NVIDIA GeForce RTX 4090,52,207.77,80,5146.1,24564.0,
2026-09-06T18:38:32.693143+00:00,01_yolo26_main,5,5,5.7,6.94,60.43,57.23,NVIDIA GeForce RTX 4090,46,148.02,7,5146.1,24564.0,
2026-09-06T18:38:42.705945+00:00,01_yolo26_main,5,5,5.8,6.92,60.43,57.23,NVIDIA GeForce RTX 4090,51,208.09,83,5146.1,24564.0,
2026-09-06T18:38:52.717119+00:00,01_yolo26_main,5,5,5.6,6.9,60.43,57.23,NVIDIA GeForce RTX 4090,51,171.78,81,5146.1,24564.0,
2026-09-06T18:39:02.729328+00:00,01_yolo26_main,5,5,5.7,6.87,60.43,57.23,NVIDIA GeForce RTX 4090,51,207.42,81,5146.1,24564.0,
2026-09-06T18:39:12.741134+00:00,01_yolo26_main,5,5,5.7,6.96,60.43,57.23,NVIDIA GeForce RTX 4090,52,207.65,84,5146.1,24564.0,
2026-09-06T18:39:22.753048+00:00,01_yolo26_main,5,5,5.7,6.89,60.43,57.23,NVIDIA GeForce RTX 4090,51,208.61,81,5146.1,24564.0,
2026-09-06T18:39:32.764205+00:00,01_yolo26_main,5,5,5.7,6.98,60.43,57.23,NVIDIA GeForce RTX 4090,51,208.35,78,5146.1,24564.0,
2026-09-06T18:39:42.776894+00:00,01_yolo26_main,5,5,5.0,6.93,60.43,57.23,NVIDIA GeForce RTX 4090,51,206.2,82,5146.1,24564.0,
2026-09-06T18:39:52.788813+00:00,01_yolo26_main,5,5,5.7,7.01,60.43,57.23,NVIDIA GeForce RTX 4090,52,204.82,82,5146.1,24564.0,
2026-09-06T18:40:02.800414+00:00,01_yolo26_main,5,5,5.1,6.88,60.43,57.23,NVIDIA GeForce RTX 4090,52,205.16,82,5146.1,24564.0,
2026-09-06T18:40:12.812053+00:00,01_yolo26_main,5,5,5.7,7.0,60.43,57.23,NVIDIA GeForce RTX 4090,50,152.25,83,5146.1,24564.0,
2026-09-06T18:40:22.823218+00:00,01_yolo26_main,5,5,5.8,6.95,60.43,57.23,NVIDIA GeForce RTX 4090,52,206.16,81,5146.1,24564.0,
2026-09-06T18:40:32.835693+00:00,01_yolo26_main,5,5,5.7,6.88,60.43,57.23,NVIDIA GeForce RTX 4090,50,202.64,77,5146.1,24564.0,
2026-09-06T18:40:42.847142+00:00,01_yolo26_main,5,5,5.8,6.8,60.43,57.23,NVIDIA GeForce RTX 4090,51,207.0,82,5146.1,24564.0,
2026-09-06T18:40:52.858710+00:00,01_yolo26_main,5,5,5.6,6.93,60.43,57.23,NVIDIA GeForce RTX 4090,52,206.88,80,5146.1,24564.0,
2026-09-06T18:41:02.870379+00:00,01_yolo26_main,5,5,11.0,8.42,60.43,57.23,NVIDIA GeForce RTX 4090,51,199.31,78,5146.1,24564.0,
2026-09-06T18:41:12.881696+00:00,01_yolo26_main,5,5,10.2,9.68,60.43,57.23,NVIDIA GeForce RTX 4090,52,205.77,79,5146.1,24564.0,
2026-09-06T18:41:22.894064+00:00,01_yolo26_main,5,5,6.3,9.23,60.43,57.23,NVIDIA GeForce RTX 4090,51,206.6,82,5146.1,24564.0,
2026-09-06T18:41:32.905254+00:00,01_yolo26_main,5,5,6.2,9.3,60.43,57.23,NVIDIA GeForce RTX 4090,50,204.44,79,5146.1,24564.0,
2026-09-06T18:41:42.916167+00:00,01_yolo26_main,5,5,6.1,9.1,60.43,57.23,NVIDIA GeForce RTX 4090,51,205.2,81,5146.1,24564.0,
2026-09-06T18:41:52.928166+00:00,01_yolo26_main,5,5,6.0,7.55,60.43,57.23,NVIDIA GeForce RTX 4090,51,205.41,86,5146.1,24564.0,
2026-09-06T18:42:02.939836+00:00,01_yolo26_main,5,5,5.8,7.36,60.43,57.23,NVIDIA GeForce RTX 4090,52,207.75,78,5146.1,24564.0,
2026-09-06T18:42:12.950627+00:00,01_yolo26_main,5,5,5.5,7.53,60.43,57.23,NVIDIA GeForce RTX 4090,51,207.16,79,5146.1,24564.0,
2026-09-06T18:42:22.962535+00:00,01_yolo26_main,5,5,5.8,7.52,60.43,57.23,NVIDIA GeForce RTX 4090,52,179.29,75,5146.1,24564.0,
2026-09-06T18:42:32.974054+00:00,01_yolo26_main,5,5,5.7,7.57,60.43,57.23,NVIDIA GeForce RTX 4090,51,206.92,80,5146.1,24564.0,
2026-09-06T18:42:42.986403+00:00,01_yolo26_main,5,5,5.7,7.58,60.43,57.23,NVIDIA GeForce RTX 4090,47,146.86,9,5146.1,24564.0,
2026-09-06T18:42:52.998457+00:00,01_yolo26_main,5,5,5.8,7.3,60.43,57.23,NVIDIA GeForce RTX 4090,52,205.83,83,5146.1,24564.0,
2026-09-06T18:43:03.010218+00:00,01_yolo26_main,5,5,5.6,7.35,60.43,57.23,NVIDIA GeForce RTX 4090,50,145.9,85,5146.1,24564.0,
2026-09-06T18:43:13.023473+00:00,01_yolo26_main,5,5,5.3,7.29,60.43,57.23,NVIDIA GeForce RTX 4090,52,208.1,79,5146.1,24564.0,
2026-09-06T18:43:23.035459+00:00,01_yolo26_main,5,5,5.7,7.37,60.43,57.23,NVIDIA GeForce RTX 4090,47,146.22,0,5146.1,24564.0,
2026-09-06T18:43:33.047405+00:00,01_yolo26_main,5,5,5.8,7.35,60.43,57.23,NVIDIA GeForce RTX 4090,52,205.96,80,5146.1,24564.0,
2026-09-06T18:43:43.059275+00:00,01_yolo26_main,5,5,5.6,7.43,60.43,57.23,NVIDIA GeForce RTX 4090,51,157.01,87,5146.1,24564.0,
2026-09-06T18:43:53.071022+00:00,01_yolo26_main,5,5,5.8,7.42,60.43,57.23,NVIDIA GeForce RTX 4090,52,206.81,81,5146.1,24564.0,
2026-09-06T18:44:03.083303+00:00,01_yolo26_main,5,5,5.7,7.36,60.43,57.23,NVIDIA GeForce RTX 4090,52,204.94,79,5146.1,24564.0,
2026-09-06T18:44:13.095491+00:00,01_yolo26_main,5,5,5.8,7.43,60.43,57.23,NVIDIA GeForce RTX 4090,52,206.86,81,5146.1,24564.0,
2026-09-06T18:44:23.106268+00:00,01_yolo26_main,5,5,5.7,7.42,60.43,57.23,NVIDIA GeForce RTX 4090,52,207.18,80,5146.1,24564.0,
2026-09-06T18:44:33.118053+00:00,01_yolo26_main,5,5,5.7,7.29,60.43,57.23,NVIDIA GeForce RTX 4090,52,207.75,83,5146.1,24564.0,
2026-09-06T18:44:43.129894+00:00,01_yolo26_main,5,5,5.7,7.45,60.43,57.23,NVIDIA GeForce RTX 4090,52,208.18,84,5146.1,24564.0,
2026-09-06T18:44:53.141234+00:00,01_yolo26_main,5,5,5.7,7.42,60.43,57.23,NVIDIA GeForce RTX 4090,51,208.41,77,5146.1,24564.0,
2026-09-06T18:45:03.153397+00:00,01_yolo26_main,5,5,5.7,7.36,60.43,57.23,NVIDIA GeForce RTX 4090,51,207.61,81,5146.1,24564.0,
2026-09-06T18:45:13.166255+00:00,01_yolo26_main,5,5,5.7,7.38,60.43,57.23,NVIDIA GeForce RTX 4090,51,163.88,82,5146.1,24564.0,
2026-09-06T18:45:23.177242+00:00,01_yolo26_main,5,5,5.7,7.27,60.43,57.23,NVIDIA GeForce RTX 4090,51,206.96,83,5146.1,24564.0,
2026-09-06T18:45:33.189146+00:00,01_yolo26_main,5,5,5.7,7.3,60.43,57.23,NVIDIA GeForce RTX 4090,47,145.84,7,5146.1,24564.0,
2026-09-06T18:45:43.200736+00:00,01_yolo26_main,5,5,5.8,7.23,60.43,57.23,NVIDIA GeForce RTX 4090,53,208.76,84,5146.1,24564.0,
2026-09-06T18:45:53.212477+00:00,01_yolo26_main,5,5,5.6,7.35,60.43,57.23,NVIDIA GeForce RTX 4090,50,176.54,83,5146.1,24564.0,
2026-09-06T18:46:03.223949+00:00,01_yolo26_main,5,5,5.7,7.4,60.43,57.23,NVIDIA GeForce RTX 4090,52,207.28,80,5146.1,24564.0,
2026-09-06T18:46:13.235827+00:00,01_yolo26_main,5,5,5.7,7.44,60.43,57.23,NVIDIA GeForce RTX 4090,52,206.22,84,5146.1,24564.0,
2026-09-06T18:46:23.247250+00:00,01_yolo26_main,5,5,5.7,7.25,60.43,57.23,NVIDIA GeForce RTX 4090,52,207.36,82,5146.1,24564.0,
2026-09-06T18:46:33.259392+00:00,01_yolo26_main,5,5,5.6,7.3,60.43,57.23,NVIDIA GeForce RTX 4090,52,206.54,83,5146.1,24564.0,
2026-09-06T18:46:43.270085+00:00,01_yolo26_main,5,5,5.7,7.43,60.43,57.23,NVIDIA GeForce RTX 4090,53,209.18,82,5146.1,24564.0,
2026-09-06T18:46:53.281507+00:00,01_yolo26_main,5,5,5.7,7.12,60.43,57.23,NVIDIA GeForce RTX 4090,53,207.73,82,5146.1,24564.0,
2026-09-06T18:47:03.293195+00:00,01_yolo26_main,5,5,5.8,6.99,60.43,57.23,NVIDIA GeForce RTX 4090,52,205.19,83,5146.1,24564.0,
2026-09-06T18:47:13.305167+00:00,01_yolo26_main,5,5,5.0,6.92,60.43,57.23,NVIDIA GeForce RTX 4090,52,207.99,82,5146.1,24564.0,
2026-09-06T18:47:23.317410+00:00,01_yolo26_main,5,5,5.8,7.0,60.43,57.23,NVIDIA GeForce RTX 4090,52,207.46,81,5146.1,24564.0,
2026-09-06T18:47:33.329711+00:00,01_yolo26_main,5,5,5.7,7.09,60.43,57.23,NVIDIA GeForce RTX 4090,51,207.7,83,5146.1,24564.0,
2026-09-06T18:47:43.341669+00:00,01_yolo26_main,5,5,5.8,7.0,60.43,57.23,NVIDIA GeForce RTX 4090,53,205.18,82,5146.1,24564.0,
2026-09-06T18:47:53.354057+00:00,01_yolo26_main,5,5,5.0,6.76,60.43,57.23,NVIDIA GeForce RTX 4090,51,205.72,82,5146.1,24564.0,
2026-09-06T18:48:03.365337+00:00,01_yolo26_main,5,5,5.7,6.85,60.43,57.23,NVIDIA GeForce RTX 4090,52,208.0,83,5146.1,24564.0,
2026-09-06T18:48:13.377382+00:00,01_yolo26_main,5,5,5.6,7.06,60.43,57.23,NVIDIA GeForce RTX 4090,52,206.87,82,5146.1,24564.0,
2026-09-06T18:48:23.388643+00:00,01_yolo26_main,5,5,5.8,7.05,60.43,57.23,NVIDIA GeForce RTX 4090,52,207.83,83,5146.1,24564.0,
2026-09-06T18:48:33.399754+00:00,01_yolo26_main,5,5,5.7,7.05,60.43,57.23,NVIDIA GeForce RTX 4090,52,205.78,81,5146.1,24564.0,
2026-09-06T18:48:43.411829+00:00,01_yolo26_main,5,5,5.8,6.97,60.43,57.23,NVIDIA GeForce RTX 4090,52,207.28,82,5146.1,24564.0,
2026-09-06T18:48:53.422813+00:00,01_yolo26_main,5,5,5.5,6.97,60.43,57.23,NVIDIA GeForce RTX 4090,51,208.95,81,5146.1,24564.0,
2026-09-06T18:49:03.434631+00:00,01_yolo26_main,5,5,5.1,6.8,60.43,57.23,NVIDIA GeForce RTX 4090,53,207.48,83,5146.1,24564.0,
2026-09-06T18:49:13.446476+00:00,01_yolo26_main,5,5,5.6,6.95,60.43,57.23,NVIDIA GeForce RTX 4090,52,205.79,81,5146.1,24564.0,
2026-09-06T18:49:23.459327+00:00,01_yolo26_main,5,5,5.7,6.91,60.43,57.23,NVIDIA GeForce RTX 4090,52,206.25,77,5146.1,24564.0,
2026-09-06T18:49:33.471305+00:00,01_yolo26_main,5,5,5.7,6.78,60.43,57.23,NVIDIA GeForce RTX 4090,52,205.76,78,5146.1,24564.0,
2026-09-06T18:49:43.482931+00:00,01_yolo26_main,5,5,5.8,6.96,60.43,57.23,NVIDIA GeForce RTX 4090,51,205.13,81,5146.1,24564.0,
2026-09-06T18:49:53.494461+00:00,01_yolo26_main,5,5,5.6,6.96,60.43,57.23,NVIDIA GeForce RTX 4090,52,208.07,80,5146.1,24564.0,
2026-09-06T18:50:03.506057+00:00,01_yolo26_main,5,5,5.6,7.14,60.43,57.23,NVIDIA GeForce RTX 4090,49,166.12,85,5146.1,24564.0,
2026-09-06T18:50:13.517267+00:00,01_yolo26_main,5,5,5.7,7.09,60.43,57.23,NVIDIA GeForce RTX 4090,51,209.51,78,5146.1,24564.0,
2026-09-06T18:50:23.528733+00:00,01_yolo26_main,5,5,5.7,7.07,60.43,57.23,NVIDIA GeForce RTX 4090,49,148.08,19,5146.1,24564.0,
2026-09-06T18:50:33.541137+00:00,01_yolo26_main,5,5,5.7,7.07,60.43,57.23,NVIDIA GeForce RTX 4090,52,207.17,85,5146.1,24564.0,
2026-09-06T18:50:43.552660+00:00,01_yolo26_main,5,5,5.6,7.09,60.43,57.23,NVIDIA GeForce RTX 4090,52,188.49,79,5146.1,24564.0,
2026-09-06T18:50:53.564287+00:00,01_yolo26_main,5,5,5.7,6.98,60.43,57.23,NVIDIA GeForce RTX 4090,51,206.81,77,5146.1,24564.0,
2026-09-06T18:51:03.576005+00:00,01_yolo26_main,5,5,5.7,6.9,60.43,57.23,NVIDIA GeForce RTX 4090,52,207.81,81,5146.1,24564.0,
2026-09-06T18:51:13.588375+00:00,01_yolo26_main,5,5,5.8,6.89,60.43,57.23,NVIDIA GeForce RTX 4090,52,207.32,83,5146.1,24564.0,
2026-09-06T18:51:23.600208+00:00,01_yolo26_main,5,5,5.6,6.95,60.43,57.23,NVIDIA GeForce RTX 4090,51,207.51,79,5146.1,24564.0,
2026-09-06T18:51:33.611955+00:00,01_yolo26_main,5,5,5.8,6.98,60.43,57.23,NVIDIA GeForce RTX 4090,53,206.88,81,5146.1,24564.0,
2026-09-06T18:51:43.623435+00:00,01_yolo26_main,5,5,5.7,6.98,60.43,57.23,NVIDIA GeForce RTX 4090,53,209.38,86,5146.1,24564.0,
2026-09-06T18:51:53.635387+00:00,01_yolo26_main,5,5,5.7,7.09,60.43,57.23,NVIDIA GeForce RTX 4090,52,169.65,84,5146.1,24564.0,
2026-09-06T18:52:03.646379+00:00,01_yolo26_main,5,5,5.7,6.95,60.43,57.23,NVIDIA GeForce RTX 4090,52,206.35,84,5146.1,24564.0,
2026-09-06T18:52:13.658139+00:00,01_yolo26_main,5,5,5.6,6.93,60.43,57.23,NVIDIA GeForce RTX 4090,48,148.56,78,5146.1,24564.0,
2026-09-06T18:52:23.669148+00:00,01_yolo26_main,5,5,5.7,6.89,60.43,57.23,NVIDIA GeForce RTX 4090,51,206.45,80,5146.1,24564.0,
2026-09-06T18:52:33.682578+00:00,01_yolo26_main,5,5,5.7,7.01,60.43,57.23,NVIDIA GeForce RTX 4090,52,181.38,0,5146.1,24564.0,
2026-09-06T18:52:43.693901+00:00,01_yolo26_main,5,5,5.7,6.92,60.43,57.23,NVIDIA GeForce RTX 4090,52,207.47,86,5146.1,24564.0,
2026-09-06T18:52:53.705437+00:00,01_yolo26_main,5,5,5.6,6.96,60.43,57.23,NVIDIA GeForce RTX 4090,52,204.06,81,5146.1,24564.0,
2026-09-06T18:53:03.717596+00:00,01_yolo26_main,5,5,5.8,6.87,60.43,57.23,NVIDIA GeForce RTX 4090,51,207.31,80,5146.1,24564.0,
2026-09-06T18:53:13.728918+00:00,01_yolo26_main,5,5,5.7,7.03,60.43,57.23,NVIDIA GeForce RTX 4090,52,207.59,86,5146.1,24564.0,
2026-09-06T18:53:23.739723+00:00,01_yolo26_main,5,5,5.8,7.0,60.43,57.23,NVIDIA GeForce RTX 4090,52,208.26,83,5146.1,24564.0,
2026-09-06T18:53:33.752057+00:00,01_yolo26_main,5,5,5.7,6.97,60.43,57.23,NVIDIA GeForce RTX 4090,52,205.98,80,5146.1,24564.0,
2026-09-06T18:53:43.763602+00:00,01_yolo26_main,5,5,5.8,6.82,60.43,57.23,NVIDIA GeForce RTX 4090,53,205.89,86,5146.1,24564.0,
2026-09-06T18:53:53.775488+00:00,01_yolo26_main,5,5,5.7,7.0,60.43,57.23,NVIDIA GeForce RTX 4090,53,206.46,83,5146.1,24564.0,
2026-09-06T18:54:03.787086+00:00,01_yolo26_main,5,5,5.7,6.99,60.43,57.23,NVIDIA GeForce RTX 4090,48,152.26,1,5146.1,24564.0,
2026-09-06T18:54:13.798818+00:00,01_yolo26_main,5,5,5.7,7.01,60.43,57.23,NVIDIA GeForce RTX 4090,51,206.96,79,5146.1,24564.0,
2026-09-06T18:54:23.811443+00:00,01_yolo26_main,5,5,5.6,7.12,60.43,57.23,NVIDIA GeForce RTX 4090,50,130.88,83,5146.1,24564.0,
2026-09-06T18:54:33.823031+00:00,01_yolo26_main,5,5,5.8,6.93,60.43,57.23,NVIDIA GeForce RTX 4090,52,205.54,84,5146.1,24564.0,
2026-09-06T18:54:43.834065+00:00,01_yolo26_main,5,5,5.7,7.07,60.43,57.23,NVIDIA GeForce RTX 4090,51,185.99,83,5146.1,24564.0,
2026-09-06T18:54:53.845291+00:00,01_yolo26_main,5,5,5.8,7.05,60.43,57.23,NVIDIA GeForce RTX 4090,52,206.86,82,5146.1,24564.0,
2026-09-06T18:55:03.856685+00:00,01_yolo26_main,5,5,5.6,7.14,60.43,57.23,NVIDIA GeForce RTX 4090,52,208.75,81,5146.1,24564.0,
2026-09-06T18:55:13.868573+00:00,01_yolo26_main,5,5,5.8,6.88,60.43,57.23,NVIDIA GeForce RTX 4090,52,207.83,82,5146.1,24564.0,
2026-09-06T18:55:23.879810+00:00,01_yolo26_main,5,5,5.7,6.95,60.43,57.23,NVIDIA GeForce RTX 4090,51,208.22,81,5146.1,24564.0,
2026-09-06T18:55:33.891372+00:00,01_yolo26_main,5,5,5.8,6.89,60.43,57.23,NVIDIA GeForce RTX 4090,52,208.38,83,5146.1,24564.0,
2026-09-06T18:55:43.902708+00:00,01_yolo26_main,5,5,5.7,6.97,60.43,57.23,NVIDIA GeForce RTX 4090,52,206.46,82,5146.1,24564.0,
2026-09-06T18:55:53.914643+00:00,01_yolo26_main,5,5,5.7,7.0,60.43,57.23,NVIDIA GeForce RTX 4090,51,182.48,65,5146.1,24564.0,
2026-09-06T18:56:03.925584+00:00,01_yolo26_main,5,5,5.7,6.89,60.43,57.23,NVIDIA GeForce RTX 4090,53,207.29,82,5146.1,24564.0,
2026-09-06T18:56:13.937623+00:00,01_yolo26_main,5,5,5.7,7.15,60.43,57.23,NVIDIA GeForce RTX 4090,49,132.57,83,5146.1,24564.0,
2026-09-06T18:56:23.950182+00:00,01_yolo26_main,5,5,6.1,6.74,60.43,57.23,NVIDIA GeForce RTX 4090,51,206.32,78,5146.1,24564.0,
2026-09-06T18:56:33.961312+00:00,01_yolo26_main,5,5,5.6,7.09,60.43,57.23,NVIDIA GeForce RTX 4090,51,143.79,82,5146.1,24564.0,
2026-09-06T18:56:43.972668+00:00,01_yolo26_main,5,5,5.8,6.94,60.43,57.23,NVIDIA GeForce RTX 4090,52,208.73,85,5146.1,24564.0,
2026-09-06T18:56:53.985097+00:00,01_yolo26_main,5,5,5.7,6.93,60.43,57.23,NVIDIA GeForce RTX 4090,52,205.63,78,5146.1,24564.0,
2026-09-06T18:57:03.997033+00:00,01_yolo26_main,5,5,5.8,6.72,60.43,57.23,NVIDIA GeForce RTX 4090,52,208.5,84,5146.1,24564.0,
2026-09-06T18:57:14.009382+00:00,01_yolo26_main,5,5,5.7,6.75,60.43,57.23,NVIDIA GeForce RTX 4090,51,207.21,80,5146.1,24564.0,
2026-09-06T18:57:24.020468+00:00,01_yolo26_main,5,5,5.7,6.75,60.43,57.23,NVIDIA GeForce RTX 4090,52,205.3,81,5146.1,24564.0,
2026-09-06T18:57:34.032259+00:00,01_yolo26_main,5,5,5.6,6.86,60.43,57.23,NVIDIA GeForce RTX 4090,53,207.26,81,5146.1,24564.0,
2026-09-06T18:57:44.043647+00:00,01_yolo26_main,5,5,5.7,6.85,60.43,57.23,NVIDIA GeForce RTX 4090,47,149.79,7,5146.1,24564.0,
2026-09-06T18:57:54.055173+00:00,01_yolo26_main,5,5,5.7,6.86,60.43,57.23,NVIDIA GeForce RTX 4090,52,205.98,81,5146.1,24564.0,
2026-09-06T18:58:04.067216+00:00,01_yolo26_main,6,6,4.7,6.01,60.43,57.52,NVIDIA GeForce RTX 4090,45,81.98,5,6000.1,24564.0,
2026-09-06T18:58:14.079081+00:00,01_yolo26_main,6,6,6.8,7.01,60.43,57.52,NVIDIA GeForce RTX 4090,49,167.99,63,4882.1,24564.0,
2026-09-06T18:58:24.090296+00:00,01_yolo26_main,6,6,5.7,7.0,60.43,57.13,NVIDIA GeForce RTX 4090,50,208.42,82,4882.1,24564.0,
2026-09-06T18:58:34.102504+00:00,01_yolo26_main,6,6,5.6,7.1,60.43,57.13,NVIDIA GeForce RTX 4090,46,137.42,2,4882.1,24564.0,
2026-09-06T18:58:44.114043+00:00,01_yolo26_main,6,6,5.7,6.96,60.43,57.13,NVIDIA GeForce RTX 4090,51,209.1,79,4882.1,24564.0,
2026-09-06T18:58:54.126175+00:00,01_yolo26_main,6,6,5.7,7.08,60.43,57.13,NVIDIA GeForce RTX 4090,50,148.04,84,4882.1,24564.0,
2026-09-06T18:59:04.138343+00:00,01_yolo26_main,6,6,5.8,7.05,60.43,57.13,NVIDIA GeForce RTX 4090,51,210.26,83,4882.1,24564.0,
2026-09-06T18:59:14.149692+00:00,01_yolo26_main,6,6,4.9,7.01,60.43,57.13,NVIDIA GeForce RTX 4090,45,63.66,0,4882.1,24564.0,
2026-09-06T18:59:24.160648+00:00,01_yolo26_main,6,6,5.1,6.84,60.43,57.13,NVIDIA GeForce RTX 4090,51,208.48,80,4882.1,24564.0,
2026-09-06T18:59:34.172892+00:00,01_yolo26_main,6,6,5.9,6.75,60.43,57.12,NVIDIA GeForce RTX 4090,52,208.36,80,4882.1,24564.0,
2026-09-06T18:59:44.183634+00:00,01_yolo26_main,6,6,5.0,6.9,60.43,57.12,NVIDIA GeForce RTX 4090,50,208.15,76,4882.1,24564.0,
2026-09-06T18:59:54.196119+00:00,01_yolo26_main,6,6,4.4,6.85,60.43,57.12,NVIDIA GeForce RTX 4090,50,206.39,87,4882.1,24564.0,
2026-09-06T19:00:04.207284+00:00,01_yolo26_main,6,6,5.4,6.87,60.43,57.12,NVIDIA GeForce RTX 4090,51,207.62,85,4882.1,24564.0,
2026-09-06T19:00:14.218321+00:00,01_yolo26_main,6,6,5.0,6.88,60.43,57.12,NVIDIA GeForce RTX 4090,51,208.34,84,5092.1,24564.0,
2026-09-06T19:00:24.229449+00:00,01_yolo26_main,6,6,5.8,6.92,60.43,57.12,NVIDIA GeForce RTX 4090,52,205.65,82,5092.1,24564.0,
2026-09-06T19:00:34.241505+00:00,01_yolo26_main,6,6,4.3,6.9,60.43,57.12,NVIDIA GeForce RTX 4090,50,188.2,83,5092.1,24564.0,
2026-09-06T19:00:44.252661+00:00,01_yolo26_main,6,6,5.4,6.95,60.43,57.12,NVIDIA GeForce RTX 4090,51,208.26,87,5092.1,24564.0,
2026-09-06T19:00:54.265172+00:00,01_yolo26_main,6,6,5.7,6.89,60.43,57.12,NVIDIA GeForce RTX 4090,48,186.9,79,5092.1,24564.0,
2026-09-06T19:01:04.276992+00:00,01_yolo26_main,6,6,4.6,6.91,60.43,57.12,NVIDIA GeForce RTX 4090,50,204.79,82,5092.1,24564.0,
2026-09-06T19:01:14.288444+00:00,01_yolo26_main,6,6,5.0,6.83,60.43,57.12,NVIDIA GeForce RTX 4090,51,207.48,85,5092.1,24564.0,
2026-09-06T19:01:24.300729+00:00,01_yolo26_main,6,6,5.2,6.82,60.43,57.12,NVIDIA GeForce RTX 4090,49,205.9,84,5092.1,24564.0,
2026-09-06T19:01:34.311710+00:00,01_yolo26_main,6,6,5.6,6.95,60.43,57.12,NVIDIA GeForce RTX 4090,51,208.64,83,5092.1,24564.0,
2026-09-06T19:01:44.324623+00:00,01_yolo26_main,6,6,5.5,6.91,60.43,57.12,NVIDIA GeForce RTX 4090,50,206.6,80,5092.1,24564.0,
2026-09-06T19:01:54.339520+00:00,01_yolo26_main,6,6,4.5,6.94,60.43,57.12,NVIDIA GeForce RTX 4090,50,164.9,83,5092.1,24564.0,
2026-09-06T19:02:04.351233+00:00,01_yolo26_main,6,6,4.6,6.98,60.43,57.12,NVIDIA GeForce RTX 4090,50,206.96,82,5092.1,24564.0,
2026-09-06T19:02:14.363183+00:00,01_yolo26_main,6,6,4.9,6.88,60.43,57.12,NVIDIA GeForce RTX 4090,50,209.5,84,5092.1,24564.0,
2026-09-06T19:02:24.374891+00:00,01_yolo26_main,6,6,4.9,6.95,60.43,57.12,NVIDIA GeForce RTX 4090,45,163.27,85,5092.1,24564.0,
2026-09-06T19:02:34.387357+00:00,01_yolo26_main,6,6,4.7,7.0,60.43,57.12,NVIDIA GeForce RTX 4090,50,207.02,84,5092.1,24564.0,
2026-09-06T19:02:44.399190+00:00,01_yolo26_main,6,6,5.7,6.92,60.43,57.12,NVIDIA GeForce RTX 4090,50,207.67,83,5092.1,24564.0,
2026-09-06T19:02:54.410611+00:00,01_yolo26_main,6,6,5.4,6.95,60.43,57.12,NVIDIA GeForce RTX 4090,50,209.77,85,5092.1,24564.0,
2026-09-06T19:03:04.423537+00:00,01_yolo26_main,6,6,5.8,6.9,60.43,57.12,NVIDIA GeForce RTX 4090,51,208.41,83,5092.1,24564.0,
2026-09-06T19:03:14.435277+00:00,01_yolo26_main,6,6,4.4,7.06,60.43,57.12,NVIDIA GeForce RTX 4090,45,118.18,81,5092.1,24564.0,
2026-09-06T19:03:24.446010+00:00,01_yolo26_main,6,6,4.4,7.03,60.43,57.12,NVIDIA GeForce RTX 4090,50,204.27,82,5092.1,24564.0,
2026-09-06T19:03:34.457104+00:00,01_yolo26_main,6,6,5.7,6.91,60.43,57.12,NVIDIA GeForce RTX 4090,50,208.37,85,5092.1,24564.0,
2026-09-06T19:03:44.468619+00:00,01_yolo26_main,6,6,5.6,6.88,60.43,57.12,NVIDIA GeForce RTX 4090,50,207.64,80,5092.1,24564.0,
2026-09-06T19:03:54.480209+00:00,01_yolo26_main,6,6,5.8,6.78,60.43,57.12,NVIDIA GeForce RTX 4090,50,209.67,85,5092.1,24564.0,
2026-09-06T19:04:04.491546+00:00,01_yolo26_main,6,6,4.4,7.09,60.43,57.12,NVIDIA GeForce RTX 4090,44,62.33,0,5092.1,24564.0,
2026-09-06T19:04:14.503521+00:00,01_yolo26_main,6,6,4.5,6.96,60.43,57.12,NVIDIA GeForce RTX 4090,50,198.13,81,5092.1,24564.0,
2026-09-06T19:04:24.515500+00:00,01_yolo26_main,6,6,5.4,6.88,60.43,57.12,NVIDIA GeForce RTX 4090,50,207.31,81,5092.1,24564.0,
2026-09-06T19:04:34.527192+00:00,01_yolo26_main,6,6,5.6,6.92,60.43,57.12,NVIDIA GeForce RTX 4090,51,199.94,83,5092.1,24564.0,
2026-09-06T19:04:44.539002+00:00,01_yolo26_main,6,6,4.0,6.85,60.43,57.12,NVIDIA GeForce RTX 4090,50,207.47,82,5092.1,24564.0,
2026-09-06T19:04:54.550545+00:00,01_yolo26_main,6,6,5.8,6.93,60.43,57.12,NVIDIA GeForce RTX 4090,50,207.38,82,5092.1,24564.0,
2026-09-06T19:05:04.562174+00:00,01_yolo26_main,6,6,5.1,6.93,60.43,57.12,NVIDIA GeForce RTX 4090,50,197.68,84,5092.1,24564.0,
2026-09-06T19:05:14.574110+00:00,01_yolo26_main,6,6,4.6,6.91,60.43,57.12,NVIDIA GeForce RTX 4090,49,207.91,86,5092.1,24564.0,
2026-09-06T19:05:24.585446+00:00,01_yolo26_main,6,6,5.6,6.85,60.43,57.12,NVIDIA GeForce RTX 4090,50,206.04,82,5092.1,24564.0,
2026-09-06T19:05:34.597576+00:00,01_yolo26_main,6,6,5.3,7.08,60.43,57.12,NVIDIA GeForce RTX 4090,51,207.86,82,5092.1,24564.0,
2026-09-06T19:05:44.609401+00:00,01_yolo26_main,6,6,5.8,7.02,60.43,57.12,NVIDIA GeForce RTX 4090,51,207.76,83,5092.1,24564.0,
2026-09-06T19:05:54.621096+00:00,01_yolo26_main,6,6,4.5,6.91,60.43,57.12,NVIDIA GeForce RTX 4090,48,138.01,8,5092.1,24564.0,
2026-09-06T19:06:04.633334+00:00,01_yolo26_main,6,6,5.8,6.86,60.43,57.12,NVIDIA GeForce RTX 4090,50,209.47,85,5092.1,24564.0,
2026-09-06T19:06:14.644133+00:00,01_yolo26_main,6,6,5.0,6.93,60.43,57.12,NVIDIA GeForce RTX 4090,44,63.68,0,5092.1,24564.0,
2026-09-06T19:06:24.655332+00:00,01_yolo26_main,6,6,5.3,6.91,60.43,57.12,NVIDIA GeForce RTX 4090,51,207.03,81,5092.1,24564.0,
2026-09-06T19:06:34.666864+00:00,01_yolo26_main,6,6,4.9,6.94,60.43,57.12,NVIDIA GeForce RTX 4090,50,207.57,81,5092.1,24564.0,
2026-09-06T19:06:44.678756+00:00,01_yolo26_main,6,6,5.6,7.06,60.43,57.12,NVIDIA GeForce RTX 4090,50,208.47,82,5092.1,24564.0,
2026-09-06T19:06:54.691218+00:00,01_yolo26_main,6,6,5.0,6.94,60.43,57.12,NVIDIA GeForce RTX 4090,50,206.95,81,5092.1,24564.0,
2026-09-06T19:07:04.702888+00:00,01_yolo26_main,6,6,5.1,6.99,60.43,57.12,NVIDIA GeForce RTX 4090,45,64.0,7,5092.1,24564.0,
2026-09-06T19:07:14.713779+00:00,01_yolo26_main,6,6,5.3,6.94,60.43,57.12,NVIDIA GeForce RTX 4090,50,208.72,82,5092.1,24564.0,
2026-09-06T19:07:24.726240+00:00,01_yolo26_main,6,6,5.8,6.97,60.43,57.12,NVIDIA GeForce RTX 4090,51,200.63,82,5092.1,24564.0,
2026-09-06T19:07:34.737265+00:00,01_yolo26_main,6,6,5.7,7.09,60.43,57.12,NVIDIA GeForce RTX 4090,52,209.12,80,5092.1,24564.0,
2026-09-06T19:07:44.748050+00:00,01_yolo26_main,6,6,5.7,7.06,60.43,57.12,NVIDIA GeForce RTX 4090,49,144.9,81,5097.6,24564.0,
2026-09-06T19:07:54.759800+00:00,01_yolo26_main,6,6,5.8,7.0,60.43,57.12,NVIDIA GeForce RTX 4090,50,208.12,82,5097.6,24564.0,
2026-09-06T19:08:04.771066+00:00,01_yolo26_main,6,6,5.7,6.98,60.43,57.12,NVIDIA GeForce RTX 4090,49,144.51,63,5097.6,24564.0,
2026-09-06T19:08:14.783378+00:00,01_yolo26_main,6,6,5.7,6.98,60.43,57.12,NVIDIA GeForce RTX 4090,52,209.53,81,5097.6,24564.0,
2026-09-06T19:08:24.795741+00:00,01_yolo26_main,6,6,5.2,7.02,60.43,57.12,NVIDIA GeForce RTX 4090,50,145.03,83,5097.6,24564.0,
2026-09-06T19:08:34.807668+00:00,01_yolo26_main,6,6,5.8,6.92,60.43,57.12,NVIDIA GeForce RTX 4090,51,208.17,83,5097.6,24564.0,
2026-09-06T19:08:44.818947+00:00,01_yolo26_main,6,6,5.0,6.96,60.43,57.12,NVIDIA GeForce RTX 4090,51,200.13,53,5097.6,24564.0,
2026-09-06T19:08:54.829910+00:00,01_yolo26_main,6,6,4.6,6.98,60.43,57.12,NVIDIA GeForce RTX 4090,51,200.21,80,5097.6,24564.0,
2026-09-06T19:09:04.841684+00:00,01_yolo26_main,6,6,5.6,6.88,60.43,57.12,NVIDIA GeForce RTX 4090,51,208.29,84,5097.6,24564.0,
2026-09-06T19:09:14.854883+00:00,01_yolo26_main,6,6,4.8,7.2,60.43,57.12,NVIDIA GeForce RTX 4090,45,63.52,0,5097.6,24564.0,
2026-09-06T19:09:24.866161+00:00,01_yolo26_main,6,6,5.5,7.08,60.43,57.12,NVIDIA GeForce RTX 4090,50,207.21,86,5097.6,24564.0,
2026-09-06T19:09:34.877978+00:00,01_yolo26_main,6,6,5.6,7.01,60.43,57.12,NVIDIA GeForce RTX 4090,46,142.51,0,5097.6,24564.0,
2026-09-06T19:09:44.889041+00:00,01_yolo26_main,6,6,5.5,7.0,60.43,57.12,NVIDIA GeForce RTX 4090,52,207.81,79,5097.6,24564.0,
2026-09-06T19:09:54.900826+00:00,01_yolo26_main,6,6,5.1,6.86,60.43,57.12,NVIDIA GeForce RTX 4090,51,206.83,81,5097.6,24564.0,
2026-09-06T19:10:04.913940+00:00,01_yolo26_main,6,6,5.3,7.07,60.43,57.12,NVIDIA GeForce RTX 4090,51,207.73,80,5097.6,24564.0,
2026-09-06T19:10:14.925185+00:00,01_yolo26_main,6,6,5.8,7.02,60.43,57.12,NVIDIA GeForce RTX 4090,52,203.81,83,5097.6,24564.0,
2026-09-06T19:10:24.937363+00:00,01_yolo26_main,6,6,5.3,7.06,60.43,57.12,NVIDIA GeForce RTX 4090,51,207.62,82,5097.6,24564.0,
2026-09-06T19:10:34.948368+00:00,01_yolo26_main,6,6,5.8,7.02,60.43,57.12,NVIDIA GeForce RTX 4090,52,206.86,84,5097.6,24564.0,
2026-09-06T19:10:44.960315+00:00,01_yolo26_main,6,6,5.5,7.02,60.43,57.12,NVIDIA GeForce RTX 4090,51,207.48,80,5097.6,24564.0,
2026-09-06T19:10:54.971404+00:00,01_yolo26_main,6,6,5.8,6.85,60.43,57.12,NVIDIA GeForce RTX 4090,51,207.24,77,5097.6,24564.0,
2026-09-06T19:11:04.983096+00:00,01_yolo26_main,6,6,5.7,7.06,60.43,57.12,NVIDIA GeForce RTX 4090,51,206.5,86,5097.6,24564.0,
2026-09-06T19:11:14.994816+00:00,01_yolo26_main,6,6,5.4,7.0,60.43,57.12,NVIDIA GeForce RTX 4090,52,206.48,81,5097.6,24564.0,
2026-09-06T19:11:25.006239+00:00,01_yolo26_main,6,6,5.7,6.95,60.43,57.12,NVIDIA GeForce RTX 4090,52,207.99,80,5097.6,24564.0,
2026-09-06T19:11:35.018104+00:00,01_yolo26_main,6,6,5.5,6.94,60.43,57.12,NVIDIA GeForce RTX 4090,51,208.36,85,5097.6,24564.0,
2026-09-06T19:11:45.030429+00:00,01_yolo26_main,6,6,5.7,7.05,60.43,57.12,NVIDIA GeForce RTX 4090,51,206.44,80,5097.6,24564.0,
2026-09-06T19:11:55.041829+00:00,01_yolo26_main,6,6,5.8,6.95,60.43,57.12,NVIDIA GeForce RTX 4090,51,205.95,83,5097.6,24564.0,
2026-09-06T19:12:05.053373+00:00,01_yolo26_main,6,6,5.0,6.86,60.43,57.12,NVIDIA GeForce RTX 4090,52,206.19,82,5097.6,24564.0,
2026-09-06T19:12:15.065494+00:00,01_yolo26_main,6,6,4.2,6.77,60.43,57.12,NVIDIA GeForce RTX 4090,50,206.44,79,5097.6,24564.0,
2026-09-06T19:12:25.077162+00:00,01_yolo26_main,6,6,4.6,6.94,60.43,57.12,NVIDIA GeForce RTX 4090,51,206.01,81,5097.6,24564.0,
2026-09-06T19:12:35.089370+00:00,01_yolo26_main,6,6,5.6,7.12,60.43,57.12,NVIDIA GeForce RTX 4090,51,194.0,84,5097.6,24564.0,
2026-09-06T19:12:45.101313+00:00,01_yolo26_main,6,6,5.4,6.98,60.43,57.12,NVIDIA GeForce RTX 4090,50,206.07,79,5097.6,24564.0,
2026-09-06T19:12:55.113432+00:00,01_yolo26_main,6,6,5.3,7.14,60.43,57.12,NVIDIA GeForce RTX 4090,47,104.09,1,5097.6,24564.0,
2026-09-06T19:13:05.125013+00:00,01_yolo26_main,6,6,5.8,6.96,60.43,57.12,NVIDIA GeForce RTX 4090,50,206.97,76,5097.6,24564.0,
2026-09-06T19:13:15.136915+00:00,01_yolo26_main,6,6,5.1,7.11,60.43,57.12,NVIDIA GeForce RTX 4090,46,123.42,15,5097.6,24564.0,
2026-09-06T19:13:25.147886+00:00,01_yolo26_main,6,6,5.6,7.1,60.43,57.12,NVIDIA GeForce RTX 4090,50,208.14,79,5097.6,24564.0,
2026-09-06T19:13:35.159025+00:00,01_yolo26_main,6,6,5.4,6.87,60.43,57.12,NVIDIA GeForce RTX 4090,50,198.9,81,5097.6,24564.0,
2026-09-06T19:13:45.170789+00:00,01_yolo26_main,6,6,3.8,6.97,60.43,57.12,NVIDIA GeForce RTX 4090,44,61.54,0,5097.6,24564.0,
2026-09-06T19:13:55.181983+00:00,01_yolo26_main,6,6,0.0,6.92,60.43,57.12,NVIDIA GeForce RTX 4090,42,60.83,0,5097.6,24564.0,
2026-09-06T19:14:05.353250+00:00,01_yolo26_main,6,6,3.9,6.94,60.43,57.12,NVIDIA GeForce RTX 4090,46,95.25,0,5092.8,24564.0,
2026-09-06T19:14:15.366168+00:00,01_yolo26_main,6,6,5.8,6.88,60.43,57.12,NVIDIA GeForce RTX 4090,49,206.01,83,5092.8,24564.0,
2026-09-06T19:14:25.377755+00:00,01_yolo26_main,6,6,5.3,7.08,60.43,57.12,NVIDIA GeForce RTX 4090,44,143.24,73,5092.8,24564.0,
2026-09-06T19:14:35.388960+00:00,01_yolo26_main,6,6,5.5,6.88,60.43,57.12,NVIDIA GeForce RTX 4090,49,205.41,83,5092.8,24564.0,
2026-09-06T19:14:45.400856+00:00,01_yolo26_main,6,6,5.6,7.08,60.43,57.12,NVIDIA GeForce RTX 4090,45,139.17,60,5092.8,24564.0,
2026-09-06T19:14:55.413534+00:00,01_yolo26_main,6,6,3.6,7.05,60.43,57.12,NVIDIA GeForce RTX 4090,43,60.96,0,5092.8,24564.0,
2026-09-06T19:15:05.424479+00:00,01_yolo26_main,6,6,1.4,6.8,60.43,57.12,NVIDIA GeForce RTX 4090,48,205.79,82,5092.8,24564.0,
2026-09-06T19:15:15.435968+00:00,01_yolo26_main,6,6,5.8,6.83,60.43,57.12,NVIDIA GeForce RTX 4090,49,206.96,81,5092.8,24564.0,
2026-09-06T19:15:25.448083+00:00,01_yolo26_main,6,6,0.3,6.98,60.43,57.12,NVIDIA GeForce RTX 4090,41,59.79,0,5092.8,24564.0,
2026-09-06T19:15:35.459390+00:00,01_yolo26_main,6,6,4.2,6.76,60.43,57.12,NVIDIA GeForce RTX 4090,47,142.68,2,5092.8,24564.0,
2026-09-06T19:15:45.472079+00:00,01_yolo26_main,6,6,3.3,6.94,60.43,57.12,NVIDIA GeForce RTX 4090,41,60.57,0,5092.8,24564.0,
2026-09-06T19:15:57.580570+00:00,01_yolo26_main,6,6,2.4,6.75,60.43,57.12,NVIDIA GeForce RTX 4090,46,206.46,82,5092.8,24564.0,
2026-09-06T19:16:07.592993+00:00,01_yolo26_main,6,6,5.4,7.0,60.43,57.12,NVIDIA GeForce RTX 4090,46,203.31,83,5092.8,24564.0,
2026-09-06T19:16:17.604827+00:00,01_yolo26_main,6,6,5.3,6.95,60.43,57.12,NVIDIA GeForce RTX 4090,47,204.74,81,5092.8,24564.0,
2026-09-06T19:16:27.617551+00:00,01_yolo26_main,6,6,5.4,6.97,60.43,57.12,NVIDIA GeForce RTX 4090,48,148.51,0,5092.8,24564.0,
2026-09-06T19:16:37.629455+00:00,01_yolo26_main,6,6,5.6,6.92,60.43,57.12,NVIDIA GeForce RTX 4090,49,208.78,82,5092.8,24564.0,
2026-09-06T19:16:47.641566+00:00,01_yolo26_main,6,6,5.4,7.15,60.43,57.12,NVIDIA GeForce RTX 4090,46,140.13,0,5092.8,24564.0,
2026-09-06T19:16:57.653614+00:00,01_yolo26_main,6,6,5.7,6.91,60.43,57.12,NVIDIA GeForce RTX 4090,50,207.97,83,5092.8,24564.0,
2026-09-06T19:17:07.665378+00:00,01_yolo26_main,6,6,5.3,6.97,60.43,57.12,NVIDIA GeForce RTX 4090,47,146.76,42,5092.8,24564.0,
2026-09-06T19:17:17.677253+00:00,01_yolo26_main,6,6,5.2,6.78,60.43,57.12,NVIDIA GeForce RTX 4090,50,206.82,81,5092.8,24564.0,
2026-09-06T19:17:27.689673+00:00,01_yolo26_main,6,6,5.6,6.94,60.43,57.12,NVIDIA GeForce RTX 4090,45,132.91,80,5092.8,24564.0,
2026-09-06T19:17:37.700556+00:00,01_yolo26_main,6,6,5.2,6.96,60.43,57.12,NVIDIA GeForce RTX 4090,50,206.76,83,5092.8,24564.0,
2026-09-06T19:17:47.712738+00:00,01_yolo26_main,6,6,5.5,6.92,60.43,57.12,NVIDIA GeForce RTX 4090,50,208.06,84,5092.8,24564.0,
2026-09-06T19:17:57.724642+00:00,01_yolo26_main,6,6,5.5,7.04,60.43,57.12,NVIDIA GeForce RTX 4090,50,207.94,86,5092.8,24564.0,
2026-09-06T19:18:07.736702+00:00,01_yolo26_main,6,6,2.4,7.03,60.43,57.12,NVIDIA GeForce RTX 4090,43,61.63,0,5092.8,24564.0,
2026-09-06T19:18:17.748032+00:00,01_yolo26_main,6,6,3.5,6.79,60.43,57.12,NVIDIA GeForce RTX 4090,49,203.86,82,5092.8,24564.0,
2026-09-06T19:18:27.761812+00:00,01_yolo26_main,6,6,5.3,6.88,60.43,57.12,NVIDIA GeForce RTX 4090,50,207.88,83,5092.8,24564.0,
2026-09-06T19:18:37.773800+00:00,01_yolo26_main,6,6,5.6,6.87,60.43,57.12,NVIDIA GeForce RTX 4090,50,206.48,85,5092.8,24564.0,
2026-09-06T19:18:47.786045+00:00,01_yolo26_main,6,6,5.4,6.94,60.43,57.12,NVIDIA GeForce RTX 4090,49,206.66,78,5092.8,24564.0,
2026-09-06T19:18:57.797584+00:00,01_yolo26_main,6,6,5.8,6.86,60.43,57.12,NVIDIA GeForce RTX 4090,50,206.73,87,5092.8,24564.0,
2026-09-06T19:19:07.809868+00:00,01_yolo26_main,6,6,5.3,7.05,60.43,57.12,NVIDIA GeForce RTX 4090,50,209.0,85,5092.8,24564.0,
2026-09-06T19:19:17.822158+00:00,01_yolo26_main,6,6,5.3,6.99,60.43,57.12,NVIDIA GeForce RTX 4090,49,206.04,83,5092.8,24564.0,
2026-09-06T19:19:27.833962+00:00,01_yolo26_main,6,6,5.4,7.1,60.43,57.12,NVIDIA GeForce RTX 4090,49,204.97,86,5092.8,24564.0,
2026-09-06T19:19:37.846235+00:00,01_yolo26_main,6,6,5.4,7.04,60.43,57.12,NVIDIA GeForce RTX 4090,51,206.07,81,5092.8,24564.0,
2026-09-06T19:19:47.858604+00:00,01_yolo26_main,6,6,5.3,7.04,60.43,57.12,NVIDIA GeForce RTX 4090,49,123.64,85,5092.8,24564.0,
2026-09-06T19:19:57.870338+00:00,01_yolo26_main,6,6,5.6,6.93,60.43,57.12,NVIDIA GeForce RTX 4090,50,208.18,84,5092.8,24564.0,
2026-09-06T19:20:07.881896+00:00,01_yolo26_main,6,6,5.3,7.09,60.43,57.12,NVIDIA GeForce RTX 4090,44,69.1,0,5092.1,24564.0,
2026-09-06T19:20:17.892883+00:00,01_yolo26_main,6,6,4.9,6.86,60.43,57.12,NVIDIA GeForce RTX 4090,50,207.0,82,5094.1,24564.0,
2026-09-06T19:20:27.904114+00:00,01_yolo26_main,6,6,5.7,6.97,60.43,57.12,NVIDIA GeForce RTX 4090,51,206.5,84,5094.1,24564.0,
2026-09-06T19:20:37.915039+00:00,01_yolo26_main,6,6,5.5,7.11,60.43,57.12,NVIDIA GeForce RTX 4090,50,206.85,84,5094.1,24564.0,
2026-09-06T19:20:47.927135+00:00,01_yolo26_main,6,6,5.7,7.04,60.43,57.12,NVIDIA GeForce RTX 4090,50,209.25,84,5094.1,24564.0,
2026-09-06T19:20:57.939337+00:00,01_yolo26_main,6,6,5.4,7.02,60.43,57.12,NVIDIA GeForce RTX 4090,51,207.37,79,5094.1,24564.0,
2026-09-06T19:21:07.950327+00:00,01_yolo26_main,6,6,4.2,6.91,60.43,57.12,NVIDIA GeForce RTX 4090,50,207.78,83,5094.1,24564.0,
2026-09-06T19:21:17.961457+00:00,01_yolo26_main,6,6,5.6,6.84,60.43,57.12,NVIDIA GeForce RTX 4090,50,202.46,74,5094.1,24564.0,
2026-09-06T19:21:27.972339+00:00,01_yolo26_main,6,6,5.1,6.75,60.43,57.12,NVIDIA GeForce RTX 4090,51,208.08,84,5094.1,24564.0,
2026-09-06T19:21:37.984249+00:00,01_yolo26_main,6,6,5.8,6.83,60.43,57.12,NVIDIA GeForce RTX 4090,51,208.39,80,5094.1,24564.0,
2026-09-06T19:21:47.996323+00:00,01_yolo26_main,6,6,0.5,6.98,60.43,57.12,NVIDIA GeForce RTX 4090,43,60.75,0,5094.1,24564.0,
2026-09-06T19:21:58.007500+00:00,01_yolo26_main,6,6,3.7,6.94,60.43,57.12,NVIDIA GeForce RTX 4090,45,160.27,25,5094.1,24564.0,
2026-09-06T19:22:08.018408+00:00,01_yolo26_main,6,6,4.7,7.02,60.43,57.12,NVIDIA GeForce RTX 4090,49,204.7,84,5094.1,24564.0,
2026-09-06T19:22:18.030425+00:00,01_yolo26_main,6,6,5.5,6.96,60.43,57.12,NVIDIA GeForce RTX 4090,50,207.9,84,5094.1,24564.0,
2026-09-06T19:22:28.042886+00:00,01_yolo26_main,6,6,4.7,7.1,60.43,57.12,NVIDIA GeForce RTX 4090,43,62.54,0,5094.1,24564.0,
2026-09-06T19:22:38.054324+00:00,01_yolo26_main,6,6,5.6,6.99,60.43,57.12,NVIDIA GeForce RTX 4090,49,208.19,80,5094.1,24564.0,
2026-09-06T19:22:48.066386+00:00,01_yolo26_main,6,6,5.5,7.12,60.43,57.12,NVIDIA GeForce RTX 4090,44,114.65,0,5094.1,24564.0,
2026-09-06T19:22:58.077445+00:00,01_yolo26_main,6,6,3.8,7.2,60.43,57.12,NVIDIA GeForce RTX 4090,44,77.78,0,5094.1,24564.0,
2026-09-06T19:23:08.088682+00:00,01_yolo26_main,6,6,4.3,6.95,60.43,57.12,NVIDIA GeForce RTX 4090,49,129.02,81,5094.1,24564.0,
2026-09-06T19:23:18.100893+00:00,01_yolo26_main,6,6,5.5,6.9,60.43,57.12,NVIDIA GeForce RTX 4090,50,209.07,83,5094.1,24564.0,
2026-09-06T19:23:28.113124+00:00,01_yolo26_main,6,6,5.0,7.01,60.43,57.12,NVIDIA GeForce RTX 4090,44,63.35,0,5094.1,24564.0,
2026-09-06T19:23:38.125393+00:00,01_yolo26_main,6,6,5.8,6.94,60.43,57.12,NVIDIA GeForce RTX 4090,50,206.81,82,5094.1,24564.0,
2026-09-06T19:23:48.137352+00:00,01_yolo26_main,6,6,5.3,7.05,60.43,57.12,NVIDIA GeForce RTX 4090,46,139.69,13,5094.1,24564.0,
2026-09-06T19:23:58.148187+00:00,01_yolo26_main,6,6,5.7,6.86,60.43,57.12,NVIDIA GeForce RTX 4090,50,207.86,82,5094.1,24564.0,
2026-09-06T19:24:08.160634+00:00,01_yolo26_main,6,6,5.4,7.07,60.43,57.12,NVIDIA GeForce RTX 4090,49,160.71,43,5094.1,24564.0,
2026-09-06T19:24:18.172850+00:00,01_yolo26_main,6,6,5.4,6.99,60.43,57.12,NVIDIA GeForce RTX 4090,51,207.14,83,5094.1,24564.0,
2026-09-06T19:24:28.184918+00:00,01_yolo26_main,6,6,5.7,7.06,60.43,57.12,NVIDIA GeForce RTX 4090,48,154.21,62,5094.1,24564.0,
2026-09-06T19:24:38.196005+00:00,01_yolo26_main,6,6,5.0,7.03,60.43,57.12,NVIDIA GeForce RTX 4090,51,206.96,82,5094.1,24564.0,
2026-09-06T19:24:48.207602+00:00,01_yolo26_main,6,6,5.8,6.88,60.43,57.12,NVIDIA GeForce RTX 4090,51,206.74,82,5094.1,24564.0,
2026-09-06T19:24:58.219584+00:00,01_yolo26_main,6,6,5.3,7.04,60.43,57.12,NVIDIA GeForce RTX 4090,51,208.55,83,5094.1,24564.0,
2026-09-06T19:25:08.231675+00:00,01_yolo26_main,6,6,5.4,6.71,60.43,57.12,NVIDIA GeForce RTX 4090,51,206.54,82,5526.1,24564.0,
2026-09-06T19:25:18.242437+00:00,01_yolo26_main,6,6,5.5,6.94,60.43,57.12,NVIDIA GeForce RTX 4090,50,208.71,82,5526.1,24564.0,
2026-09-06T19:25:28.253584+00:00,01_yolo26_main,6,6,5.4,6.85,60.43,57.12,NVIDIA GeForce RTX 4090,51,208.34,83,5526.1,24564.0,
2026-09-06T19:25:38.265270+00:00,01_yolo26_main,6,6,5.3,7.05,60.43,57.12,NVIDIA GeForce RTX 4090,50,171.94,82,5526.1,24564.0,
2026-09-06T19:25:48.277438+00:00,01_yolo26_main,6,6,5.7,6.88,60.43,57.12,NVIDIA GeForce RTX 4090,51,207.02,82,5526.1,24564.0,
2026-09-06T19:25:58.289010+00:00,01_yolo26_main,6,6,5.4,7.04,60.43,57.12,NVIDIA GeForce RTX 4090,49,150.02,82,5526.1,24564.0,
2026-09-06T19:26:08.300892+00:00,01_yolo26_main,6,6,5.8,6.92,60.43,57.12,NVIDIA GeForce RTX 4090,51,206.62,81,5526.1,24564.0,
2026-09-06T19:26:18.312606+00:00,01_yolo26_main,6,6,5.3,6.96,60.43,57.12,NVIDIA GeForce RTX 4090,49,146.05,83,5526.1,24564.0,
2026-09-06T19:26:28.324767+00:00,01_yolo26_main,6,6,4.6,6.84,60.43,57.12,NVIDIA GeForce RTX 4090,52,207.21,82,5526.1,24564.0,
2026-09-06T19:26:38.336530+00:00,01_yolo26_main,6,6,5.4,6.89,60.43,57.12,NVIDIA GeForce RTX 4090,51,208.73,83,5526.1,24564.0,
2026-09-06T19:26:48.347921+00:00,01_yolo26_main,6,6,5.3,6.89,60.43,57.12,NVIDIA GeForce RTX 4090,50,208.37,83,5526.1,24564.0,
2026-09-06T19:26:58.360068+00:00,01_yolo26_main,6,6,5.8,6.87,60.43,57.12,NVIDIA GeForce RTX 4090,51,207.5,83,5526.1,24564.0,
2026-09-06T19:27:08.371536+00:00,01_yolo26_main,6,6,5.1,6.92,60.43,57.12,NVIDIA GeForce RTX 4090,51,185.96,82,5526.1,24564.0,
2026-09-06T19:27:18.384079+00:00,01_yolo26_main,6,6,5.7,6.97,60.43,57.12,NVIDIA GeForce RTX 4090,52,207.23,80,5526.1,24564.0,
2026-09-06T19:27:28.395095+00:00,01_yolo26_main,6,6,5.4,6.98,60.43,57.12,NVIDIA GeForce RTX 4090,51,194.14,79,5526.1,24564.0,
2026-09-06T19:27:38.406469+00:00,01_yolo26_main,6,6,5.4,6.91,60.43,57.12,NVIDIA GeForce RTX 4090,51,208.09,84,5526.1,24564.0,
2026-09-06T19:27:48.418459+00:00,01_yolo26_main,6,6,5.7,6.93,60.43,57.12,NVIDIA GeForce RTX 4090,51,199.69,83,5526.1,24564.0,
2026-09-06T19:27:58.430376+00:00,01_yolo26_main,6,6,5.4,6.93,60.43,57.12,NVIDIA GeForce RTX 4090,51,204.7,84,5526.1,24564.0,
2026-09-06T19:28:08.442259+00:00,01_yolo26_main,6,6,5.2,6.95,60.43,57.12,NVIDIA GeForce RTX 4090,48,104.73,0,5526.1,24564.0,
2026-09-06T19:28:18.454579+00:00,01_yolo26_main,6,6,5.7,6.92,60.43,57.12,NVIDIA GeForce RTX 4090,52,206.26,84,5526.1,24564.0,
2026-09-06T19:28:28.466904+00:00,01_yolo26_main,6,6,5.1,6.97,60.43,57.12,NVIDIA GeForce RTX 4090,46,126.07,58,5526.1,24564.0,
2026-09-06T19:28:38.477452+00:00,01_yolo26_main,6,6,5.6,6.91,60.43,57.12,NVIDIA GeForce RTX 4090,50,205.45,80,5526.1,24564.0,
2026-09-06T19:28:48.489892+00:00,01_yolo26_main,6,6,5.4,6.74,60.43,57.12,NVIDIA GeForce RTX 4090,52,201.21,83,5526.1,24564.0,
2026-09-06T19:28:58.501059+00:00,01_yolo26_main,6,6,5.3,7.05,60.43,57.12,NVIDIA GeForce RTX 4090,51,207.66,81,5526.1,24564.0,
2026-09-06T19:29:08.513009+00:00,01_yolo26_main,6,6,5.6,6.86,60.43,57.12,NVIDIA GeForce RTX 4090,52,207.5,85,5526.1,24564.0,
2026-09-06T19:29:18.524676+00:00,01_yolo26_main,6,6,5.4,7.02,60.43,57.12,NVIDIA GeForce RTX 4090,52,206.14,82,5526.1,24564.0,
2026-09-06T19:29:28.536761+00:00,01_yolo26_main,6,6,5.7,6.94,60.43,57.12,NVIDIA GeForce RTX 4090,51,205.38,83,5526.1,24564.0,
2026-09-06T19:29:38.548057+00:00,01_yolo26_main,6,6,4.1,7.03,60.43,57.12,NVIDIA GeForce RTX 4090,44,61.97,0,5526.1,24564.0,
2026-09-06T19:29:48.559382+00:00,01_yolo26_main,6,6,5.1,6.92,60.43,57.12,NVIDIA GeForce RTX 4090,50,205.91,80,5526.1,24564.0,
2026-09-06T19:29:58.570597+00:00,01_yolo26_main,6,6,5.8,6.9,60.43,57.12,NVIDIA GeForce RTX 4090,50,204.7,79,5526.1,24564.0,
2026-09-06T19:30:08.582518+00:00,01_yolo26_main,6,6,4.9,7.0,60.43,57.12,NVIDIA GeForce RTX 4090,51,206.66,82,5526.1,24564.0,
2026-09-06T19:30:18.594376+00:00,01_yolo26_main,6,6,5.4,6.9,60.43,57.12,NVIDIA GeForce RTX 4090,51,205.66,82,5526.1,24564.0,
2026-09-06T19:30:28.605787+00:00,01_yolo26_main,6,6,5.5,6.93,60.43,57.12,NVIDIA GeForce RTX 4090,51,183.06,87,5526.1,24564.0,
2026-09-06T19:30:38.617477+00:00,01_yolo26_main,6,6,5.4,6.89,60.43,57.12,NVIDIA GeForce RTX 4090,52,208.7,81,5526.1,24564.0,
2026-09-06T19:30:48.630094+00:00,01_yolo26_main,6,6,5.2,6.92,60.43,57.12,NVIDIA GeForce RTX 4090,45,80.5,0,5526.1,24564.0,
2026-09-06T19:30:58.642303+00:00,01_yolo26_main,6,6,5.7,6.93,60.43,57.12,NVIDIA GeForce RTX 4090,51,206.05,83,5526.1,24564.0,
2026-09-06T19:31:08.653747+00:00,01_yolo26_main,6,6,5.3,6.75,60.43,57.12,NVIDIA GeForce RTX 4090,45,86.5,9,5526.1,24564.0,
2026-09-06T19:31:18.665813+00:00,01_yolo26_main,6,6,5.8,7.0,60.43,57.12,NVIDIA GeForce RTX 4090,51,205.93,83,5526.1,24564.0,
2026-09-06T19:31:28.677127+00:00,01_yolo26_main,6,6,5.3,6.94,60.43,57.12,NVIDIA GeForce RTX 4090,47,151.8,81,5526.1,24564.0,
2026-09-06T19:31:38.688970+00:00,01_yolo26_main,6,6,5.3,6.75,60.43,57.12,NVIDIA GeForce RTX 4090,52,207.15,84,5526.1,24564.0,
2026-09-06T19:31:48.702152+00:00,01_yolo26_main,6,6,5.5,6.92,60.43,57.12,NVIDIA GeForce RTX 4090,50,206.3,83,5526.1,24564.0,
2026-09-06T19:31:58.713037+00:00,01_yolo26_main,6,6,5.1,7.04,60.43,57.12,NVIDIA GeForce RTX 4090,51,207.56,84,5526.1,24564.0,
2026-09-06T19:32:08.730099+00:00,01_yolo26_main,6,6,5.4,6.94,60.43,57.12,NVIDIA GeForce RTX 4090,52,207.25,81,5526.1,24564.0,
2026-09-06T19:32:18.741440+00:00,01_yolo26_main,6,6,5.5,7.0,60.43,57.12,NVIDIA GeForce RTX 4090,51,207.16,81,5526.1,24564.0,
2026-09-06T19:32:28.753760+00:00,01_yolo26_main,6,6,5.3,7.01,60.43,57.12,NVIDIA GeForce RTX 4090,50,204.29,84,5526.1,24564.0,
2026-09-06T19:32:38.765396+00:00,01_yolo26_main,6,6,5.4,7.05,60.43,57.12,NVIDIA GeForce RTX 4090,48,132.88,0,5526.1,24564.0,
2026-09-06T19:32:48.777185+00:00,01_yolo26_main,6,6,5.7,6.97,60.43,57.12,NVIDIA GeForce RTX 4090,50,207.4,82,5526.1,24564.0,
2026-09-06T19:32:58.788663+00:00,01_yolo26_main,6,6,5.4,7.0,60.43,57.12,NVIDIA GeForce RTX 4090,47,122.21,0,5526.1,24564.0,
2026-09-06T19:33:08.800440+00:00,01_yolo26_main,6,6,5.8,6.91,60.43,57.12,NVIDIA GeForce RTX 4090,51,206.87,81,5526.1,24564.0,
2026-09-06T19:33:18.812856+00:00,01_yolo26_main,6,6,5.3,7.12,60.43,57.12,NVIDIA GeForce RTX 4090,46,133.48,57,5526.1,24564.0,
2026-09-06T19:33:28.824020+00:00,01_yolo26_main,6,6,5.4,7.01,60.43,57.12,NVIDIA GeForce RTX 4090,50,206.49,81,5526.1,24564.0,
2026-09-06T19:33:38.835614+00:00,01_yolo26_main,6,6,5.5,7.23,60.43,57.13,NVIDIA GeForce RTX 4090,52,156.22,83,5526.1,24564.0,
2026-09-06T19:33:48.847422+00:00,01_yolo26_main,6,6,5.3,6.87,60.43,57.12,NVIDIA GeForce RTX 4090,50,206.99,82,5526.1,24564.0,
2026-09-06T19:33:58.859363+00:00,01_yolo26_main,6,6,5.8,7.05,60.43,57.12,NVIDIA GeForce RTX 4090,46,164.88,5,5526.1,24564.0,
2026-09-06T19:34:08.870576+00:00,01_yolo26_main,6,6,5.0,6.91,60.43,57.12,NVIDIA GeForce RTX 4090,50,205.89,81,5526.1,24564.0,
2026-09-06T19:34:18.882477+00:00,01_yolo26_main,6,6,5.0,6.87,60.43,57.12,NVIDIA GeForce RTX 4090,52,206.04,81,5526.1,24564.0,
2026-09-06T19:34:28.894378+00:00,01_yolo26_main,6,6,4.9,6.95,60.43,57.12,NVIDIA GeForce RTX 4090,45,62.34,0,5526.1,24564.0,
2026-09-06T19:34:38.905403+00:00,01_yolo26_main,6,6,5.3,6.87,60.43,57.12,NVIDIA GeForce RTX 4090,51,205.55,82,5526.1,24564.0,
2026-09-06T19:34:48.916702+00:00,01_yolo26_main,6,6,5.7,6.87,60.43,57.12,NVIDIA GeForce RTX 4090,50,196.91,73,5526.1,24564.0,
2026-09-06T19:34:58.927766+00:00,01_yolo26_main,6,6,4.6,6.89,60.43,57.12,NVIDIA GeForce RTX 4090,50,205.56,84,5526.1,24564.0,
2026-09-06T19:35:08.938598+00:00,01_yolo26_main,6,6,5.8,6.95,60.43,57.12,NVIDIA GeForce RTX 4090,51,206.05,79,5526.1,24564.0,
2026-09-06T19:35:18.950292+00:00,01_yolo26_main,6,6,4.1,6.86,60.43,57.12,NVIDIA GeForce RTX 4090,49,207.53,80,5526.1,24564.0,
2026-09-06T19:35:28.961536+00:00,01_yolo26_main,6,6,5.5,7.07,60.43,57.12,NVIDIA GeForce RTX 4090,50,206.43,82,5526.1,24564.0,
2026-09-06T19:35:38.972817+00:00,01_yolo26_main,6,6,5.1,6.91,60.43,57.12,NVIDIA GeForce RTX 4090,51,206.63,84,5526.1,24564.0,
2026-09-06T19:35:48.985953+00:00,01_yolo26_main,6,6,4.7,7.0,60.43,57.12,NVIDIA GeForce RTX 4090,44,61.45,0,5526.1,24564.0,
2026-09-06T19:35:58.996706+00:00,01_yolo26_main,6,6,5.6,6.81,60.43,57.12,NVIDIA GeForce RTX 4090,51,207.0,82,5526.1,24564.0,
2026-09-06T19:36:09.008812+00:00,01_yolo26_main,6,6,5.5,6.95,60.43,57.12,NVIDIA GeForce RTX 4090,45,114.22,0,5526.1,24564.0,
2026-09-06T19:36:19.019443+00:00,01_yolo26_main,6,6,5.6,6.9,60.43,57.12,NVIDIA GeForce RTX 4090,51,205.53,82,5526.1,24564.0,
2026-09-06T19:36:29.030960+00:00,01_yolo26_main,6,6,5.5,7.02,60.43,57.12,NVIDIA GeForce RTX 4090,47,166.68,33,5526.1,24564.0,
2026-09-06T19:36:39.042818+00:00,01_yolo26_main,6,6,5.3,6.89,60.43,57.12,NVIDIA GeForce RTX 4090,51,206.57,81,5526.1,24564.0,
2026-09-06T19:36:49.055447+00:00,01_yolo26_main,6,6,5.5,6.87,60.43,57.12,NVIDIA GeForce RTX 4090,51,207.83,85,5526.1,24564.0,
2026-09-06T19:36:59.067181+00:00,01_yolo26_main,6,6,5.3,6.95,60.43,57.12,NVIDIA GeForce RTX 4090,51,205.0,79,5526.1,24564.0,
2026-09-06T19:37:09.079103+00:00,01_yolo26_main,6,6,5.8,6.89,60.43,57.12,NVIDIA GeForce RTX 4090,51,206.46,79,5526.1,24564.0,
2026-09-06T19:37:19.091092+00:00,01_yolo26_main,6,6,5.1,7.02,60.43,57.12,NVIDIA GeForce RTX 4090,51,207.44,80,5526.1,24564.0,
2026-09-06T19:37:29.102811+00:00,01_yolo26_main,6,6,5.7,6.97,60.43,57.12,NVIDIA GeForce RTX 4090,51,206.06,80,5526.1,24564.0,
2026-09-06T19:37:39.114406+00:00,01_yolo26_main,6,6,5.3,7.11,60.43,57.12,NVIDIA GeForce RTX 4090,52,207.04,80,5526.1,24564.0,
2026-09-06T19:37:49.125850+00:00,01_yolo26_main,6,6,5.3,6.95,60.43,57.12,NVIDIA GeForce RTX 4090,51,207.2,83,5526.1,24564.0,
2026-09-06T19:37:59.137414+00:00,01_yolo26_main,6,6,5.6,7.17,60.43,57.12,NVIDIA GeForce RTX 4090,52,203.56,82,5526.1,24564.0,
2026-09-06T19:38:09.149004+00:00,01_yolo26_main,6,6,5.5,7.08,60.43,57.12,NVIDIA GeForce RTX 4090,52,207.69,83,5526.1,24564.0,
2026-09-06T19:38:19.161142+00:00,01_yolo26_main,6,6,5.0,7.15,60.43,57.12,NVIDIA GeForce RTX 4090,45,62.16,0,5526.1,24564.0,
2026-09-06T19:38:29.174472+00:00,01_yolo26_main,6,6,5.7,7.04,60.43,57.12,NVIDIA GeForce RTX 4090,51,207.53,83,5526.1,24564.0,
2026-09-06T19:38:39.185551+00:00,01_yolo26_main,6,6,4.1,6.86,60.43,57.12,NVIDIA GeForce RTX 4090,51,206.0,80,5526.1,24564.0,
2026-09-06T19:38:49.197253+00:00,01_yolo26_main,6,6,5.4,6.96,60.43,57.12,NVIDIA GeForce RTX 4090,48,131.67,80,5526.1,24564.0,
2026-09-06T19:38:59.208406+00:00,01_yolo26_main,6,6,5.4,6.88,60.43,57.12,NVIDIA GeForce RTX 4090,50,206.5,82,5526.1,24564.0,
2026-09-06T19:39:09.219956+00:00,01_yolo26_main,6,6,5.3,6.95,60.43,57.12,NVIDIA GeForce RTX 4090,45,67.03,0,5526.1,24564.0,
2026-09-06T19:39:19.235122+00:00,01_yolo26_main,6,6,5.6,6.99,60.43,57.12,NVIDIA GeForce RTX 4090,51,207.33,78,5526.1,24564.0,
2026-09-06T19:39:29.247709+00:00,01_yolo26_main,6,6,5.4,7.03,60.43,57.12,NVIDIA GeForce RTX 4090,45,87.88,0,5526.1,24564.0,
2026-09-06T19:39:39.258710+00:00,01_yolo26_main,6,6,5.7,6.92,60.43,57.12,NVIDIA GeForce RTX 4090,51,206.65,82,5526.1,24564.0,
2026-09-06T19:39:49.271103+00:00,01_yolo26_main,6,6,5.3,6.96,60.43,57.12,NVIDIA GeForce RTX 4090,52,169.68,77,5526.1,24564.0,
2026-09-06T19:39:59.282078+00:00,01_yolo26_main,6,6,5.7,6.94,60.43,57.12,NVIDIA GeForce RTX 4090,51,206.0,84,5526.1,24564.0,
2026-09-06T19:40:09.293957+00:00,01_yolo26_main,6,6,5.5,7.12,60.43,57.12,NVIDIA GeForce RTX 4090,51,153.48,76,5526.1,24564.0,
2026-09-06T19:40:19.305037+00:00,01_yolo26_main,6,6,5.3,7.0,60.43,57.12,NVIDIA GeForce RTX 4090,51,204.62,77,5526.1,24564.0,
2026-09-06T19:40:29.316831+00:00,01_yolo26_main,6,6,5.7,6.95,60.43,57.12,NVIDIA GeForce RTX 4090,51,183.68,84,5526.1,24564.0,
2026-09-06T19:40:39.328007+00:00,01_yolo26_main,6,6,5.1,7.02,60.43,57.12,NVIDIA GeForce RTX 4090,50,205.42,81,5526.1,24564.0,
2026-09-06T19:40:49.339764+00:00,01_yolo26_main,6,6,5.7,6.91,60.43,57.12,NVIDIA GeForce RTX 4090,51,206.47,82,5526.1,24564.0,
2026-09-06T19:40:59.351999+00:00,01_yolo26_main,6,6,5.3,6.85,60.43,57.12,NVIDIA GeForce RTX 4090,50,206.36,82,5526.1,24564.0,
2026-09-06T19:41:09.363402+00:00,01_yolo26_main,6,6,4.7,6.89,60.43,57.12,NVIDIA GeForce RTX 4090,51,205.84,79,5526.1,24564.0,
2026-09-06T19:41:19.374661+00:00,01_yolo26_main,6,6,5.4,6.98,60.43,57.12,NVIDIA GeForce RTX 4090,49,146.2,15,5526.1,24564.0,
2026-09-06T19:41:29.386506+00:00,01_yolo26_main,6,6,5.4,7.06,60.43,57.12,NVIDIA GeForce RTX 4090,52,205.31,86,5526.1,24564.0,
2026-09-06T19:41:39.398128+00:00,01_yolo26_main,6,6,5.5,7.05,60.43,57.12,NVIDIA GeForce RTX 4090,45,106.69,18,5526.1,24564.0,
2026-09-06T19:41:49.409026+00:00,01_yolo26_main,6,6,5.6,6.94,60.43,57.12,NVIDIA GeForce RTX 4090,51,206.72,81,5526.1,24564.0,
2026-09-06T19:41:59.420484+00:00,01_yolo26_main,6,6,5.4,6.92,60.43,57.12,NVIDIA GeForce RTX 4090,48,189.36,83,5526.1,24564.0,
2026-09-06T19:42:09.431368+00:00,01_yolo26_main,6,6,5.5,6.98,60.43,57.12,NVIDIA GeForce RTX 4090,50,205.15,81,5526.1,24564.0,
2026-09-06T19:42:19.442480+00:00,01_yolo26_main,6,6,5.4,6.88,60.43,57.12,NVIDIA GeForce RTX 4090,51,206.87,82,5526.1,24564.0,
2026-09-06T19:42:29.454347+00:00,01_yolo26_main,6,6,5.3,6.9,60.43,57.12,NVIDIA GeForce RTX 4090,50,206.76,80,5526.1,24564.0,
2026-09-06T19:42:39.466014+00:00,01_yolo26_main,6,6,5.5,6.87,60.43,57.12,NVIDIA GeForce RTX 4090,51,206.61,82,5526.1,24564.0,
2026-09-06T19:42:49.477930+00:00,01_yolo26_main,6,6,5.3,7.01,60.43,57.12,NVIDIA GeForce RTX 4090,50,205.95,82,5526.1,24564.0,
2026-09-06T19:42:59.489138+00:00,01_yolo26_main,6,6,5.8,7.09,60.43,57.12,NVIDIA GeForce RTX 4090,51,208.26,82,5526.1,24564.0,
2026-09-06T19:43:09.500790+00:00,01_yolo26_main,6,6,5.2,7.1,60.43,57.12,NVIDIA GeForce RTX 4090,50,202.12,82,5526.1,24564.0,
2026-09-06T19:43:19.512264+00:00,01_yolo26_main,6,6,5.8,6.96,60.43,57.12,NVIDIA GeForce RTX 4090,51,206.56,83,5526.1,24564.0,
2026-09-06T19:43:29.523079+00:00,01_yolo26_main,6,6,5.4,6.93,60.43,57.12,NVIDIA GeForce RTX 4090,51,200.11,82,5526.1,24564.0,
2026-09-06T19:43:39.534488+00:00,01_yolo26_main,6,6,5.4,6.84,60.43,57.12,NVIDIA GeForce RTX 4090,51,206.52,82,5526.1,24564.0,
2026-09-06T19:43:49.546273+00:00,01_yolo26_main,6,6,5.3,6.91,60.43,57.12,NVIDIA GeForce RTX 4090,49,125.57,0,5526.1,24564.0,
2026-09-06T19:43:59.558525+00:00,01_yolo26_main,6,6,5.8,6.6,60.43,57.12,NVIDIA GeForce RTX 4090,51,208.13,86,5526.1,24564.0,
2026-09-06T19:44:09.570078+00:00,01_yolo26_main,6,6,5.4,6.85,60.43,57.12,NVIDIA GeForce RTX 4090,45,82.11,6,5526.1,24564.0,
2026-09-06T19:44:19.581367+00:00,01_yolo26_main,6,6,4.4,6.91,60.43,57.12,NVIDIA GeForce RTX 4090,51,187.16,84,5526.1,24564.0,
2026-09-06T19:44:29.592795+00:00,01_yolo26_main,6,6,5.4,6.97,60.43,57.12,NVIDIA GeForce RTX 4090,50,206.04,83,5526.1,24564.0,
2026-09-06T19:44:39.604030+00:00,01_yolo26_main,6,6,5.5,7.05,60.43,57.12,NVIDIA GeForce RTX 4090,50,174.01,84,5526.1,24564.0,
2026-09-06T19:44:49.615627+00:00,01_yolo26_main,6,6,5.3,6.9,60.43,57.12,NVIDIA GeForce RTX 4090,51,205.65,82,5526.1,24564.0,
2026-09-06T19:44:59.626680+00:00,01_yolo26_main,6,6,5.3,6.88,60.43,57.12,NVIDIA GeForce RTX 4090,45,81.83,0,5526.1,24564.0,
2026-09-06T19:45:09.638074+00:00,01_yolo26_main,6,6,5.7,6.74,60.43,57.12,NVIDIA GeForce RTX 4090,51,206.49,81,5526.1,24564.0,
2026-09-06T19:45:19.649471+00:00,01_yolo26_main,6,6,5.4,6.77,60.43,57.12,NVIDIA GeForce RTX 4090,48,97.01,0,5526.1,24564.0,
2026-09-06T19:45:29.661242+00:00,01_yolo26_main,6,6,5.8,6.6,60.43,57.12,NVIDIA GeForce RTX 4090,51,207.09,83,5526.1,24564.0,
2026-09-06T19:45:39.672996+00:00,01_yolo26_main,6,6,5.0,7.06,60.43,57.27,NVIDIA GeForce RTX 4090,45,92.38,42,5526.1,24564.0,
2026-09-06T19:45:49.684279+00:00,01_yolo26_main,7,7,4.8,4.89,60.43,57.41,NVIDIA GeForce RTX 4090,44,102.25,96,2188.1,24564.0,
2026-09-06T19:45:59.696512+00:00,01_yolo26_main,7,7,6.6,6.99,60.43,57.02,NVIDIA GeForce RTX 4090,50,208.71,81,4666.1,24564.0,
2026-09-06T19:46:09.708731+00:00,01_yolo26_main,7,7,4.8,6.85,60.43,57.02,NVIDIA GeForce RTX 4090,50,207.13,81,4876.1,24564.0,
2026-09-06T19:46:19.720808+00:00,01_yolo26_main,7,7,4.2,6.8,60.43,57.02,NVIDIA GeForce RTX 4090,49,206.65,85,4876.1,24564.0,
2026-09-06T19:46:29.732459+00:00,01_yolo26_main,7,7,3.9,6.74,60.43,57.02,NVIDIA GeForce RTX 4090,49,206.97,81,4876.1,24564.0,
2026-09-06T19:46:39.744667+00:00,01_yolo26_main,7,7,3.5,6.71,60.43,57.02,NVIDIA GeForce RTX 4090,48,206.26,84,4876.1,24564.0,
2026-09-06T19:46:49.756370+00:00,01_yolo26_main,7,7,2.6,6.75,60.43,57.02,NVIDIA GeForce RTX 4090,47,205.53,79,4876.1,24564.0,
2026-09-06T19:46:59.767737+00:00,01_yolo26_main,7,7,5.8,6.76,60.43,57.02,NVIDIA GeForce RTX 4090,48,186.75,81,4876.1,24564.0,
2026-09-06T19:47:09.778509+00:00,01_yolo26_main,7,7,4.8,6.97,60.43,57.02,NVIDIA GeForce RTX 4090,48,205.98,85,4876.1,24564.0,
2026-09-06T19:47:19.790716+00:00,01_yolo26_main,7,7,5.0,6.93,60.43,57.02,NVIDIA GeForce RTX 4090,50,206.28,83,4876.1,24564.0,
2026-09-06T19:47:29.802532+00:00,01_yolo26_main,7,7,4.0,6.84,60.43,57.02,NVIDIA GeForce RTX 4090,49,206.79,86,4876.1,24564.0,
2026-09-06T19:47:39.814600+00:00,01_yolo26_main,7,7,4.6,6.84,60.43,57.02,NVIDIA GeForce RTX 4090,49,206.32,82,4876.1,24564.0,
2026-09-06T19:47:49.826811+00:00,01_yolo26_main,7,7,4.1,7.02,60.43,57.02,NVIDIA GeForce RTX 4090,44,120.42,80,4876.1,24564.0,
2026-09-06T19:47:59.837417+00:00,01_yolo26_main,7,7,3.9,6.9,60.43,57.02,NVIDIA GeForce RTX 4090,42,87.81,0,4876.1,24564.0,
2026-09-06T19:48:09.849237+00:00,01_yolo26_main,7,7,5.8,6.91,60.43,57.02,NVIDIA GeForce RTX 4090,48,206.82,81,4876.1,24564.0,
2026-09-06T19:48:19.861306+00:00,01_yolo26_main,7,7,4.6,6.81,60.43,57.02,NVIDIA GeForce RTX 4090,49,205.01,84,4876.1,24564.0,
2026-09-06T19:48:29.874141+00:00,01_yolo26_main,7,7,4.8,7.07,60.43,57.02,NVIDIA GeForce RTX 4090,47,138.64,0,4876.1,24564.0,
2026-09-06T19:48:39.885796+00:00,01_yolo26_main,7,7,4.0,7.03,60.43,57.02,NVIDIA GeForce RTX 4090,48,192.26,86,4876.1,24564.0,
2026-09-06T19:48:49.898148+00:00,01_yolo26_main,7,7,4.2,6.91,60.43,57.02,NVIDIA GeForce RTX 4090,48,207.85,83,4876.1,24564.0,
2026-09-06T19:48:59.909839+00:00,01_yolo26_main,7,7,5.4,6.79,60.43,57.02,NVIDIA GeForce RTX 4090,49,207.87,85,4876.1,24564.0,
2026-09-06T19:49:09.921464+00:00,01_yolo26_main,7,7,4.6,7.04,60.43,57.02,NVIDIA GeForce RTX 4090,43,61.44,0,4876.1,24564.0,
2026-09-06T19:49:19.932289+00:00,01_yolo26_main,7,7,4.9,6.94,60.43,57.02,NVIDIA GeForce RTX 4090,50,205.34,83,5086.1,24564.0,
2026-09-06T19:49:29.944294+00:00,01_yolo26_main,7,7,5.3,6.82,60.43,57.02,NVIDIA GeForce RTX 4090,49,208.22,80,5086.1,24564.0,
2026-09-06T19:49:39.955529+00:00,01_yolo26_main,7,7,4.8,6.86,60.43,57.02,NVIDIA GeForce RTX 4090,46,83.15,80,5086.1,24564.0,
2026-09-06T19:49:49.966934+00:00,01_yolo26_main,7,7,4.6,6.87,60.43,57.02,NVIDIA GeForce RTX 4090,49,205.38,83,5086.1,24564.0,
2026-09-06T19:49:59.979058+00:00,01_yolo26_main,7,7,5.5,6.95,60.43,57.02,NVIDIA GeForce RTX 4090,48,198.65,85,5086.1,24564.0,
2026-09-06T19:50:09.991519+00:00,01_yolo26_main,7,7,0.9,7.07,60.43,57.02,NVIDIA GeForce RTX 4090,42,62.01,0,5086.1,24564.0,
2026-09-06T19:50:20.002522+00:00,01_yolo26_main,7,7,0.6,6.81,60.43,57.02,NVIDIA GeForce RTX 4090,47,115.63,82,5086.1,24564.0,
2026-09-06T19:50:30.014733+00:00,01_yolo26_main,7,7,3.2,6.98,60.43,57.02,NVIDIA GeForce RTX 4090,40,60.01,0,5086.1,24564.0,
2026-09-06T19:50:40.025804+00:00,01_yolo26_main,7,7,0.0,6.95,60.43,57.02,NVIDIA GeForce RTX 4090,39,59.48,0,5086.1,24564.0,
2026-09-06T19:50:50.036571+00:00,01_yolo26_main,7,7,0.0,6.92,60.43,57.02,NVIDIA GeForce RTX 4090,37,21.04,0,5086.1,24564.0,
2026-09-06T19:51:00.049692+00:00,01_yolo26_main,7,7,0.0,6.92,60.43,57.02,NVIDIA GeForce RTX 4090,36,19.34,0,5086.1,24564.0,
2026-09-06T19:51:10.524622+00:00,01_yolo26_main,7,7,2.1,6.71,60.43,57.02,NVIDIA GeForce RTX 4090,44,207.08,82,5086.1,24564.0,
2026-09-06T19:51:20.536401+00:00,01_yolo26_main,7,7,1.5,6.92,60.43,57.02,NVIDIA GeForce RTX 4090,40,61.51,0,5086.1,24564.0,
2026-09-06T19:51:30.547702+00:00,01_yolo26_main,7,7,3.7,6.97,60.43,57.02,NVIDIA GeForce RTX 4090,45,175.01,81,5086.1,24564.0,
2026-09-06T19:51:40.558786+00:00,01_yolo26_main,7,7,5.5,6.84,60.43,57.02,NVIDIA GeForce RTX 4090,48,202.71,82,5086.1,24564.0,
2026-09-06T19:51:50.570716+00:00,01_yolo26_main,7,7,5.7,7.07,60.43,57.02,NVIDIA GeForce RTX 4090,44,150.06,81,5086.1,24564.0,
2026-09-06T19:52:00.582470+00:00,01_yolo26_main,7,7,3.6,6.96,60.43,57.02,NVIDIA GeForce RTX 4090,42,62.09,0,5086.1,24564.0,
2026-09-06T19:52:10.593532+00:00,01_yolo26_main,7,7,4.0,6.89,60.43,57.02,NVIDIA GeForce RTX 4090,41,79.31,0,5086.1,24564.0,
2026-09-06T19:52:20.605777+00:00,01_yolo26_main,7,7,3.7,6.87,60.43,57.02,NVIDIA GeForce RTX 4090,41,65.88,0,5086.1,24564.0,
2026-09-06T19:52:30.618447+00:00,01_yolo26_main,7,7,3.7,7.0,60.43,57.02,NVIDIA GeForce RTX 4090,41,60.85,0,5086.1,24564.0,
2026-09-06T19:52:40.629337+00:00,01_yolo26_main,7,7,5.2,6.87,60.43,57.02,NVIDIA GeForce RTX 4090,48,205.56,83,5086.1,24564.0,
2026-09-06T19:52:50.640979+00:00,01_yolo26_main,7,7,5.5,6.9,60.43,57.02,NVIDIA GeForce RTX 4090,49,206.64,83,5086.1,24564.0,
2026-09-06T19:53:00.653237+00:00,01_yolo26_main,7,7,4.9,7.16,60.43,57.02,NVIDIA GeForce RTX 4090,47,199.25,81,5086.1,24564.0,
2026-09-06T19:53:10.665606+00:00,01_yolo26_main,7,7,5.8,6.92,60.43,57.02,NVIDIA GeForce RTX 4090,48,207.16,82,5086.1,24564.0,
2026-09-06T19:53:20.677092+00:00,01_yolo26_main,7,7,5.2,7.01,60.43,57.02,NVIDIA GeForce RTX 4090,48,177.94,84,5086.1,24564.0,
2026-09-06T19:53:30.688406+00:00,01_yolo26_main,7,7,5.7,6.86,60.43,57.02,NVIDIA GeForce RTX 4090,49,207.24,84,5086.1,24564.0,
2026-09-06T19:53:40.700485+00:00,01_yolo26_main,7,7,5.3,6.9,60.43,57.02,NVIDIA GeForce RTX 4090,49,169.91,82,5086.1,24564.0,
2026-09-06T19:53:50.712998+00:00,01_yolo26_main,7,7,5.4,6.98,60.43,57.02,NVIDIA GeForce RTX 4090,49,207.27,82,5086.1,24564.0,
2026-09-06T19:54:00.725056+00:00,01_yolo26_main,7,7,5.3,6.97,60.43,57.02,NVIDIA GeForce RTX 4090,44,83.32,4,5086.1,24564.0,
2026-09-06T19:54:10.737086+00:00,01_yolo26_main,7,7,5.5,6.86,60.43,57.02,NVIDIA GeForce RTX 4090,49,207.84,82,5086.1,24564.0,
2026-09-06T19:54:20.749270+00:00,01_yolo26_main,7,7,5.6,6.96,60.43,57.02,NVIDIA GeForce RTX 4090,45,126.93,81,5086.1,24564.0,
2026-09-06T19:54:30.760138+00:00,01_yolo26_main,7,7,5.2,6.88,60.43,57.02,NVIDIA GeForce RTX 4090,50,210.73,85,5086.1,24564.0,
2026-09-06T19:54:40.771501+00:00,01_yolo26_main,7,7,3.3,6.82,60.43,57.02,NVIDIA GeForce RTX 4090,49,206.27,82,5086.1,24564.0,
2026-09-06T19:54:50.783462+00:00,01_yolo26_main,7,7,5.6,6.83,60.43,57.02,NVIDIA GeForce RTX 4090,50,206.76,82,5086.1,24564.0,
2026-09-06T19:55:00.795698+00:00,01_yolo26_main,7,7,5.4,6.89,60.43,57.02,NVIDIA GeForce RTX 4090,49,204.85,82,5086.1,24564.0,
2026-09-06T19:55:10.807480+00:00,01_yolo26_main,7,7,5.8,7.0,60.43,57.02,NVIDIA GeForce RTX 4090,51,208.28,84,5086.1,24564.0,
2026-09-06T19:55:20.819299+00:00,01_yolo26_main,7,7,4.8,7.07,60.43,57.02,NVIDIA GeForce RTX 4090,44,112.64,0,5086.1,24564.0,
2026-09-06T19:55:30.830838+00:00,01_yolo26_main,7,7,5.5,6.96,60.43,57.02,NVIDIA GeForce RTX 4090,50,207.64,80,5086.1,24564.0,
2026-09-06T19:55:40.843125+00:00,01_yolo26_main,7,7,5.4,7.02,60.43,57.02,NVIDIA GeForce RTX 4090,45,92.72,83,5086.1,24564.0,
2026-09-06T19:55:50.853897+00:00,01_yolo26_main,7,7,5.3,6.94,60.43,57.02,NVIDIA GeForce RTX 4090,50,207.16,78,5086.1,24564.0,
2026-09-06T19:56:00.865118+00:00,01_yolo26_main,7,7,3.3,6.81,60.43,57.02,NVIDIA GeForce RTX 4090,50,208.8,84,5086.1,24564.0,
2026-09-06T19:56:10.876636+00:00,01_yolo26_main,7,7,5.6,6.87,60.43,57.02,NVIDIA GeForce RTX 4090,50,207.82,82,5086.1,24564.0,
2026-09-06T19:56:20.889761+00:00,01_yolo26_main,7,7,5.3,6.89,60.43,57.02,NVIDIA GeForce RTX 4090,49,204.62,85,5086.1,24564.0,
2026-09-06T19:56:30.900787+00:00,01_yolo26_main,7,7,5.8,6.84,60.43,57.02,NVIDIA GeForce RTX 4090,51,207.68,80,5086.1,24564.0,
2026-09-06T19:56:40.913177+00:00,01_yolo26_main,7,7,5.2,6.99,60.43,57.02,NVIDIA GeForce RTX 4090,49,187.11,86,5086.1,24564.0,
2026-09-06T19:56:50.924724+00:00,01_yolo26_main,7,7,5.8,6.99,60.43,57.02,NVIDIA GeForce RTX 4090,51,207.11,83,5086.1,24564.0,
2026-09-06T19:57:00.935899+00:00,01_yolo26_main,7,7,5.4,6.89,60.43,57.02,NVIDIA GeForce RTX 4090,49,200.56,84,5086.1,24564.0,
2026-09-06T19:57:10.948126+00:00,01_yolo26_main,7,7,5.4,6.86,60.43,57.02,NVIDIA GeForce RTX 4090,51,204.34,81,5086.1,24564.0,
2026-09-06T19:57:20.959758+00:00,01_yolo26_main,7,7,5.3,7.06,60.43,57.02,NVIDIA GeForce RTX 4090,50,94.23,84,5086.1,24564.0,
2026-09-06T19:57:30.971416+00:00,01_yolo26_main,7,7,5.5,6.89,60.43,57.02,NVIDIA GeForce RTX 4090,50,208.64,85,5086.1,24564.0,
2026-09-06T19:57:40.982867+00:00,01_yolo26_main,7,7,5.4,6.96,60.43,57.02,NVIDIA GeForce RTX 4090,45,98.47,0,5086.1,24564.0,
2026-09-06T19:57:50.993584+00:00,01_yolo26_main,7,7,5.3,6.9,60.43,57.02,NVIDIA GeForce RTX 4090,50,206.81,80,5086.1,24564.0,
2026-09-06T19:58:01.005747+00:00,01_yolo26_main,7,7,3.1,6.87,60.43,57.02,NVIDIA GeForce RTX 4090,50,207.15,78,5086.1,24564.0,
2026-09-06T19:58:11.017471+00:00,01_yolo26_main,7,7,5.6,6.9,60.43,57.02,NVIDIA GeForce RTX 4090,51,207.58,82,5086.1,24564.0,
2026-09-06T19:58:21.029215+00:00,01_yolo26_main,7,7,5.3,6.99,60.43,57.02,NVIDIA GeForce RTX 4090,50,186.79,78,5086.1,24564.0,
2026-09-06T19:58:31.041107+00:00,01_yolo26_main,7,7,5.8,6.98,60.43,57.02,NVIDIA GeForce RTX 4090,51,205.14,82,5086.1,24564.0,
2026-09-06T19:58:41.052162+00:00,01_yolo26_main,7,7,5.2,7.08,60.43,57.02,NVIDIA GeForce RTX 4090,50,180.14,83,5086.1,24564.0,
2026-09-06T19:58:51.064421+00:00,01_yolo26_main,7,7,5.8,6.99,60.43,57.02,NVIDIA GeForce RTX 4090,51,208.96,84,5086.1,24564.0,
2026-09-06T19:59:01.076225+00:00,01_yolo26_main,7,7,5.4,7.13,60.43,57.02,NVIDIA GeForce RTX 4090,50,201.68,80,5086.1,24564.0,
2026-09-06T19:59:11.087281+00:00,01_yolo26_main,7,7,5.4,6.92,60.43,57.02,NVIDIA GeForce RTX 4090,51,209.23,86,5086.1,24564.0,
2026-09-06T19:59:21.099355+00:00,01_yolo26_main,7,7,5.3,6.9,60.43,57.02,NVIDIA GeForce RTX 4090,48,95.72,79,5086.1,24564.0,
2026-09-06T19:59:31.111515+00:00,01_yolo26_main,7,7,5.5,6.82,60.43,57.02,NVIDIA GeForce RTX 4090,50,207.12,82,5086.1,24564.0,
2026-09-06T19:59:41.124011+00:00,01_yolo26_main,7,7,5.4,6.96,60.43,57.02,NVIDIA GeForce RTX 4090,45,104.26,0,5086.1,24564.0,
2026-09-06T19:59:51.134807+00:00,01_yolo26_main,7,7,5.6,6.94,60.43,57.02,NVIDIA GeForce RTX 4090,51,208.35,82,5086.1,24564.0,
2026-09-06T20:00:01.146810+00:00,01_yolo26_main,7,7,4.6,6.79,60.43,57.02,NVIDIA GeForce RTX 4090,51,207.56,81,5086.1,24564.0,
2026-09-06T20:00:11.158538+00:00,01_yolo26_main,7,7,5.5,6.97,60.43,57.02,NVIDIA GeForce RTX 4090,51,204.22,80,5086.1,24564.0,
2026-09-06T20:00:21.170118+00:00,01_yolo26_main,7,7,5.5,6.95,60.43,57.02,NVIDIA GeForce RTX 4090,51,200.49,74,5086.1,24564.0,
2026-09-06T20:00:31.182731+00:00,01_yolo26_main,7,7,5.3,6.76,60.43,57.02,NVIDIA GeForce RTX 4090,48,117.11,88,5086.1,24564.0,
2026-09-06T20:00:41.194585+00:00,01_yolo26_main,7,7,5.8,6.91,60.43,57.02,NVIDIA GeForce RTX 4090,51,204.46,82,5086.1,24564.0,
2026-09-06T20:00:51.206929+00:00,01_yolo26_main,7,7,5.4,6.9,60.43,57.02,NVIDIA GeForce RTX 4090,48,122.93,82,5086.1,24564.0,
2026-09-06T20:01:01.218394+00:00,01_yolo26_main,7,7,5.7,6.9,60.43,57.02,NVIDIA GeForce RTX 4090,52,208.74,82,5086.1,24564.0,
2026-09-06T20:01:11.230072+00:00,01_yolo26_main,7,7,5.3,7.02,60.43,57.02,NVIDIA GeForce RTX 4090,46,136.0,67,5086.1,24564.0,
2026-09-06T20:01:21.241632+00:00,01_yolo26_main,7,7,5.4,6.89,60.43,57.02,NVIDIA GeForce RTX 4090,50,207.28,81,5086.1,24564.0,
2026-09-06T20:01:31.253445+00:00,01_yolo26_main,7,7,5.4,7.01,60.43,57.02,NVIDIA GeForce RTX 4090,51,167.55,64,5086.1,24564.0,
2026-09-06T20:01:41.264758+00:00,01_yolo26_main,7,7,5.3,6.9,60.43,57.02,NVIDIA GeForce RTX 4090,51,208.59,83,5086.1,24564.0,
2026-09-06T20:01:51.276917+00:00,01_yolo26_main,7,7,5.7,6.91,60.43,57.02,NVIDIA GeForce RTX 4090,51,169.11,78,5086.1,24564.0,
2026-09-06T20:02:01.288284+00:00,01_yolo26_main,7,7,5.2,6.92,60.43,57.02,NVIDIA GeForce RTX 4090,52,208.16,84,5086.1,24564.0,
2026-09-06T20:02:11.300657+00:00,01_yolo26_main,7,7,5.7,6.96,60.43,57.02,NVIDIA GeForce RTX 4090,52,207.29,85,5086.1,24564.0,
2026-09-06T20:02:21.312750+00:00,01_yolo26_main,7,7,5.4,6.98,60.43,57.02,NVIDIA GeForce RTX 4090,50,205.76,81,5086.1,24564.0,
2026-09-06T20:02:31.324630+00:00,01_yolo26_main,7,7,5.0,6.73,60.43,57.02,NVIDIA GeForce RTX 4090,52,207.39,81,5086.1,24564.0,
2026-09-06T20:02:41.336723+00:00,01_yolo26_main,7,7,4.7,6.94,60.43,57.02,NVIDIA GeForce RTX 4090,45,60.99,0,5086.1,24564.0,
2026-09-06T20:02:51.347868+00:00,01_yolo26_main,7,7,3.8,6.91,60.43,57.02,NVIDIA GeForce RTX 4090,45,81.52,0,5086.1,24564.0,
2026-09-06T20:03:01.359722+00:00,01_yolo26_main,7,7,5.8,6.83,60.43,57.02,NVIDIA GeForce RTX 4090,50,206.04,82,5086.1,24564.0,
2026-09-06T20:03:11.371403+00:00,01_yolo26_main,7,7,5.3,6.93,60.43,57.02,NVIDIA GeForce RTX 4090,49,140.38,64,5086.1,24564.0,
2026-09-06T20:03:21.382985+00:00,01_yolo26_main,7,7,5.4,7.03,60.43,57.02,NVIDIA GeForce RTX 4090,51,207.51,81,5086.1,24564.0,
2026-09-06T20:03:31.394328+00:00,01_yolo26_main,7,7,5.6,6.85,60.43,57.02,NVIDIA GeForce RTX 4090,51,202.47,82,5086.1,24564.0,
2026-09-06T20:03:41.405097+00:00,01_yolo26_main,7,7,5.2,6.94,60.43,57.02,NVIDIA GeForce RTX 4090,51,207.46,82,5086.1,24564.0,
2026-09-06T20:03:51.417521+00:00,01_yolo26_main,7,7,4.6,6.91,60.43,57.02,NVIDIA GeForce RTX 4090,51,207.04,81,5086.1,24564.0,
2026-09-06T20:04:01.429521+00:00,01_yolo26_main,7,7,5.3,7.03,60.43,57.02,NVIDIA GeForce RTX 4090,48,75.52,0,5086.1,24564.0,
2026-09-06T20:04:11.441134+00:00,01_yolo26_main,7,7,3.6,6.98,60.43,57.02,NVIDIA GeForce RTX 4090,44,60.99,0,5086.1,24564.0,
2026-09-06T20:04:21.452072+00:00,01_yolo26_main,7,7,5.5,6.91,60.43,57.02,NVIDIA GeForce RTX 4090,51,207.0,84,5086.1,24564.0,
2026-09-06T20:04:31.464391+00:00,01_yolo26_main,7,7,5.3,6.84,60.43,57.02,NVIDIA GeForce RTX 4090,51,207.84,85,5086.1,24564.0,
2026-09-06T20:04:41.476306+00:00,01_yolo26_main,7,7,5.3,7.1,60.43,57.02,NVIDIA GeForce RTX 4090,51,207.47,83,5086.1,24564.0,
2026-09-06T20:04:51.488388+00:00,01_yolo26_main,7,7,5.5,6.89,60.43,57.02,NVIDIA GeForce RTX 4090,51,205.36,84,5086.1,24564.0,
2026-09-06T20:05:01.500642+00:00,01_yolo26_main,7,7,5.3,7.04,60.43,57.02,NVIDIA GeForce RTX 4090,51,201.98,81,5086.1,24564.0,
2026-09-06T20:05:11.513702+00:00,01_yolo26_main,7,7,5.8,6.88,60.43,57.02,NVIDIA GeForce RTX 4090,51,206.53,84,5946.1,24564.0,
2026-09-06T20:05:21.525889+00:00,01_yolo26_main,7,7,4.5,6.97,60.43,57.02,NVIDIA GeForce RTX 4090,45,133.04,75,5946.1,24564.0,
2026-09-06T20:05:31.537000+00:00,01_yolo26_main,7,7,5.6,6.91,60.43,57.02,NVIDIA GeForce RTX 4090,50,205.83,83,5946.1,24564.0,
2026-09-06T20:05:41.549303+00:00,01_yolo26_main,7,7,5.4,6.91,60.43,57.02,NVIDIA GeForce RTX 4090,51,199.39,84,5946.1,24564.0,
2026-09-06T20:05:51.560565+00:00,01_yolo26_main,7,7,5.3,7.01,60.43,57.02,NVIDIA GeForce RTX 4090,50,207.67,81,5946.1,24564.0,
2026-09-06T20:06:01.572331+00:00,01_yolo26_main,7,7,5.7,6.82,60.43,57.02,NVIDIA GeForce RTX 4090,51,207.52,86,5946.1,24564.0,
2026-09-06T20:06:11.583558+00:00,01_yolo26_main,7,7,5.4,6.89,60.43,57.02,NVIDIA GeForce RTX 4090,51,209.78,85,5946.1,24564.0,
2026-09-06T20:06:21.595113+00:00,01_yolo26_main,7,7,5.8,6.88,60.43,57.02,NVIDIA GeForce RTX 4090,50,204.36,84,5946.1,24564.0,
2026-09-06T20:06:31.606970+00:00,01_yolo26_main,7,7,5.3,6.8,60.43,57.02,NVIDIA GeForce RTX 4090,50,205.01,82,5946.1,24564.0,
2026-09-06T20:06:41.619412+00:00,01_yolo26_main,7,7,5.3,6.87,60.43,57.02,NVIDIA GeForce RTX 4090,50,206.73,78,5946.1,24564.0,
2026-09-06T20:06:51.630905+00:00,01_yolo26_main,7,7,5.4,6.98,60.43,57.02,NVIDIA GeForce RTX 4090,50,205.19,80,5946.1,24564.0,
2026-09-06T20:07:01.642790+00:00,01_yolo26_main,7,7,5.4,6.97,60.43,57.02,NVIDIA GeForce RTX 4090,51,207.93,83,5946.1,24564.0,
2026-09-06T20:07:11.654481+00:00,01_yolo26_main,7,7,4.9,7.01,60.43,57.02,NVIDIA GeForce RTX 4090,45,62.77,0,5946.1,24564.0,
2026-09-06T20:07:21.665295+00:00,01_yolo26_main,7,7,5.1,6.98,60.43,57.02,NVIDIA GeForce RTX 4090,51,205.6,78,5946.1,24564.0,
2026-09-06T20:07:31.677149+00:00,01_yolo26_main,7,7,5.8,6.95,60.43,57.02,NVIDIA GeForce RTX 4090,51,207.68,84,5946.1,24564.0,
2026-09-06T20:07:41.688574+00:00,01_yolo26_main,7,7,5.4,6.91,60.43,57.02,NVIDIA GeForce RTX 4090,51,204.14,81,5946.1,24564.0,
2026-09-06T20:07:51.700826+00:00,01_yolo26_main,7,7,5.3,6.78,60.43,57.02,NVIDIA GeForce RTX 4090,50,203.44,79,5946.1,24564.0,
2026-09-06T20:08:01.712052+00:00,01_yolo26_main,7,7,5.3,6.98,60.43,57.02,NVIDIA GeForce RTX 4090,49,205.69,79,5946.1,24564.0,
2026-09-06T20:08:11.724788+00:00,01_yolo26_main,7,7,5.5,6.96,60.43,57.02,NVIDIA GeForce RTX 4090,51,205.06,79,5946.1,24564.0,
2026-09-06T20:08:21.736064+00:00,01_yolo26_main,7,7,5.3,6.98,60.43,57.02,NVIDIA GeForce RTX 4090,50,148.01,0,5946.1,24564.0,
2026-09-06T20:08:31.747342+00:00,01_yolo26_main,7,7,5.8,6.93,60.43,57.02,NVIDIA GeForce RTX 4090,51,206.36,81,5946.1,24564.0,
2026-09-06T20:08:41.759295+00:00,01_yolo26_main,7,7,5.0,7.17,60.43,57.02,NVIDIA GeForce RTX 4090,45,100.24,40,5946.1,24564.0,
2026-09-06T20:08:51.771088+00:00,01_yolo26_main,7,7,5.8,6.94,60.43,57.02,NVIDIA GeForce RTX 4090,51,206.48,83,5946.1,24564.0,
2026-09-06T20:09:01.782368+00:00,01_yolo26_main,7,7,5.3,6.97,60.43,57.02,NVIDIA GeForce RTX 4090,48,152.21,82,5946.1,24564.0,
2026-09-06T20:09:11.794513+00:00,01_yolo26_main,7,7,5.3,6.87,60.43,57.02,NVIDIA GeForce RTX 4090,52,206.48,83,5946.1,24564.0,
2026-09-06T20:09:21.805748+00:00,01_yolo26_main,7,7,5.7,6.94,60.43,57.02,NVIDIA GeForce RTX 4090,51,202.45,86,5946.1,24564.0,
2026-09-06T20:09:31.816740+00:00,01_yolo26_main,7,7,5.4,7.06,60.43,57.02,NVIDIA GeForce RTX 4090,52,205.95,82,5946.1,24564.0,
2026-09-06T20:09:41.827982+00:00,01_yolo26_main,7,7,5.8,6.83,60.43,57.02,NVIDIA GeForce RTX 4090,51,199.42,81,5946.1,24564.0,
2026-09-06T20:09:51.839601+00:00,01_yolo26_main,7,7,2.7,6.76,60.43,57.02,NVIDIA GeForce RTX 4090,51,207.97,81,5946.1,24564.0,
2026-09-06T20:10:01.851136+00:00,01_yolo26_main,7,7,5.2,6.93,60.43,57.02,NVIDIA GeForce RTX 4090,47,126.09,0,5946.1,24564.0,
2026-09-06T20:10:11.862495+00:00,01_yolo26_main,7,7,5.8,6.88,60.43,57.02,NVIDIA GeForce RTX 4090,51,202.71,80,5946.1,24564.0,
2026-09-06T20:10:21.873916+00:00,01_yolo26_main,7,7,5.0,6.95,60.43,57.02,NVIDIA GeForce RTX 4090,50,162.95,85,5946.1,24564.0,
2026-09-06T20:10:31.885814+00:00,01_yolo26_main,7,7,3.7,7.05,60.43,57.02,NVIDIA GeForce RTX 4090,44,62.2,0,5946.1,24564.0,
2026-09-06T20:10:41.896611+00:00,01_yolo26_main,7,7,4.8,6.88,60.43,57.02,NVIDIA GeForce RTX 4090,49,205.13,82,5946.1,24564.0,
2026-09-06T20:10:51.910046+00:00,01_yolo26_main,7,7,5.8,6.86,60.43,57.02,NVIDIA GeForce RTX 4090,50,204.68,81,5946.1,24564.0,
2026-09-06T20:11:01.921713+00:00,01_yolo26_main,7,7,5.3,7.01,60.43,57.02,NVIDIA GeForce RTX 4090,50,207.35,82,5946.1,24564.0,
2026-09-06T20:11:11.933614+00:00,01_yolo26_main,7,7,5.4,7.03,60.43,57.02,NVIDIA GeForce RTX 4090,51,207.23,82,5946.1,24564.0,
2026-09-06T20:11:21.944722+00:00,01_yolo26_main,7,7,5.7,7.07,60.43,57.02,NVIDIA GeForce RTX 4090,51,204.66,82,5946.1,24564.0,
2026-09-06T20:11:31.956611+00:00,01_yolo26_main,7,7,5.3,6.99,60.43,57.02,NVIDIA GeForce RTX 4090,51,207.47,84,5946.1,24564.0,
2026-09-06T20:11:41.967947+00:00,01_yolo26_main,7,7,5.0,7.11,60.43,57.02,NVIDIA GeForce RTX 4090,45,153.52,7,5946.1,24564.0,
2026-09-06T20:11:51.978754+00:00,01_yolo26_main,7,7,4.0,7.04,60.43,57.02,NVIDIA GeForce RTX 4090,48,91.67,84,5946.1,24564.0,
2026-09-06T20:12:01.990311+00:00,01_yolo26_main,7,7,5.3,6.96,60.43,57.02,NVIDIA GeForce RTX 4090,49,204.91,80,5946.1,24564.0,
2026-09-06T20:12:12.002101+00:00,01_yolo26_main,7,7,5.0,6.85,60.43,57.02,NVIDIA GeForce RTX 4090,50,206.95,82,5946.1,24564.0,
2026-09-06T20:12:22.013543+00:00,01_yolo26_main,7,7,4.6,7.04,60.43,57.02,NVIDIA GeForce RTX 4090,49,91.65,84,5946.1,24564.0,
2026-09-06T20:12:32.025209+00:00,01_yolo26_main,7,7,5.7,6.98,60.43,57.02,NVIDIA GeForce RTX 4090,51,206.65,82,5946.1,24564.0,
2026-09-06T20:12:42.036848+00:00,01_yolo26_main,7,7,5.2,7.06,60.43,57.02,NVIDIA GeForce RTX 4090,44,63.21,0,5946.1,24564.0,
2026-09-06T20:12:52.047939+00:00,01_yolo26_main,7,7,3.2,6.74,60.43,57.02,NVIDIA GeForce RTX 4090,49,207.22,81,5946.1,24564.0,
2026-09-06T20:13:02.059672+00:00,01_yolo26_main,7,7,5.3,7.04,60.43,57.02,NVIDIA GeForce RTX 4090,49,209.37,82,5946.1,24564.0,
2026-09-06T20:13:12.071145+00:00,01_yolo26_main,7,7,5.8,6.91,60.43,57.02,NVIDIA GeForce RTX 4090,50,207.09,83,5946.1,24564.0,
2026-09-06T20:13:22.082941+00:00,01_yolo26_main,7,7,4.9,7.06,60.43,57.02,NVIDIA GeForce RTX 4090,50,173.75,81,5946.1,24564.0,
2026-09-06T20:13:32.095016+00:00,01_yolo26_main,7,7,5.7,6.89,60.43,57.02,NVIDIA GeForce RTX 4090,51,207.0,82,5946.1,24564.0,
2026-09-06T20:13:42.107110+00:00,01_yolo26_main,7,7,5.4,6.91,60.43,57.02,NVIDIA GeForce RTX 4090,50,176.05,82,5946.1,24564.0,
2026-09-06T20:13:52.119285+00:00,01_yolo26_main,7,7,5.3,6.72,60.43,57.02,NVIDIA GeForce RTX 4090,51,206.09,81,5946.1,24564.0,
2026-09-06T20:14:02.131066+00:00,01_yolo26_main,7,7,5.3,6.92,60.43,57.02,NVIDIA GeForce RTX 4090,44,69.61,0,5946.1,24564.0,
2026-09-06T20:14:12.142322+00:00,01_yolo26_main,7,7,3.4,6.75,60.43,57.02,NVIDIA GeForce RTX 4090,50,209.48,81,5946.1,24564.0,
2026-09-06T20:14:22.153542+00:00,01_yolo26_main,7,7,4.5,6.9,60.43,57.02,NVIDIA GeForce RTX 4090,49,139.92,79,5946.1,24564.0,
2026-09-06T20:14:32.165000+00:00,01_yolo26_main,7,7,5.8,6.88,60.43,57.02,NVIDIA GeForce RTX 4090,49,205.15,85,5946.1,24564.0,
2026-09-06T20:14:42.179419+00:00,01_yolo26_main,7,7,5.3,6.95,60.43,57.02,NVIDIA GeForce RTX 4090,49,146.88,80,5946.1,24564.0,
2026-09-06T20:14:52.192057+00:00,01_yolo26_main,7,7,3.3,6.93,60.43,57.02,NVIDIA GeForce RTX 4090,43,62.08,0,5946.1,24564.0,
2026-09-06T20:15:02.202913+00:00,01_yolo26_main,7,7,5.7,6.87,60.43,57.02,NVIDIA GeForce RTX 4090,50,207.13,80,5946.1,24564.0,
2026-09-06T20:15:12.216040+00:00,01_yolo26_main,7,7,5.3,6.88,60.43,57.02,NVIDIA GeForce RTX 4090,50,203.94,80,5946.1,24564.0,
2026-09-06T20:15:22.227632+00:00,01_yolo26_main,7,7,5.4,6.9,60.43,57.02,NVIDIA GeForce RTX 4090,50,208.85,87,5946.1,24564.0,
2026-09-06T20:15:32.239291+00:00,01_yolo26_main,7,7,5.0,6.81,60.43,57.02,NVIDIA GeForce RTX 4090,50,205.91,79,5946.1,24564.0,
2026-09-06T20:15:42.251112+00:00,01_yolo26_main,7,7,4.6,6.92,60.43,57.02,NVIDIA GeForce RTX 4090,44,61.09,0,5946.1,24564.0,
2026-09-06T20:15:52.262337+00:00,01_yolo26_main,7,7,3.7,6.93,60.43,57.02,NVIDIA GeForce RTX 4090,44,114.27,0,5946.1,24564.0,
2026-09-06T20:16:02.274012+00:00,01_yolo26_main,7,7,5.7,6.87,60.43,57.02,NVIDIA GeForce RTX 4090,50,209.24,85,5946.1,24564.0,
2026-09-06T20:16:12.285934+00:00,01_yolo26_main,7,7,5.3,7.02,60.43,57.03,NVIDIA GeForce RTX 4090,49,172.95,82,5946.1,24564.0,
2026-09-06T20:16:22.296947+00:00,01_yolo26_main,7,7,5.3,6.99,60.43,57.02,NVIDIA GeForce RTX 4090,49,206.34,80,5946.1,24564.0,
2026-09-06T20:16:32.308715+00:00,01_yolo26_main,7,7,5.7,6.89,60.43,57.02,NVIDIA GeForce RTX 4090,50,201.05,79,5946.1,24564.0,
2026-09-06T20:16:42.319949+00:00,01_yolo26_main,7,7,5.3,6.9,60.43,57.02,NVIDIA GeForce RTX 4090,50,207.84,80,5946.1,24564.0,
2026-09-06T20:16:52.331002+00:00,01_yolo26_main,7,7,5.8,6.83,60.43,57.02,NVIDIA GeForce RTX 4090,51,204.79,85,5946.1,24564.0,
2026-09-06T20:17:02.341838+00:00,01_yolo26_main,7,7,5.3,6.91,60.43,57.02,NVIDIA GeForce RTX 4090,51,206.0,81,5946.1,24564.0,
2026-09-06T20:17:12.353009+00:00,01_yolo26_main,7,7,5.4,6.95,60.43,57.02,NVIDIA GeForce RTX 4090,51,207.81,85,5946.1,24564.0,
2026-09-06T20:17:22.364784+00:00,01_yolo26_main,7,7,5.4,6.87,60.43,57.02,NVIDIA GeForce RTX 4090,49,205.61,81,5948.1,24564.0,
2026-09-06T20:17:32.376628+00:00,01_yolo26_main,7,7,3.6,6.89,60.43,57.02,NVIDIA GeForce RTX 4090,49,203.84,81,5948.1,24564.0,
2026-09-06T20:17:42.389248+00:00,01_yolo26_main,7,7,3.8,6.81,60.43,57.02,NVIDIA GeForce RTX 4090,49,206.73,85,5948.1,24564.0,
2026-09-06T20:17:52.400486+00:00,01_yolo26_main,7,7,5.6,6.9,60.43,57.02,NVIDIA GeForce RTX 4090,50,206.92,84,5948.1,24564.0,
2026-09-06T20:18:02.412078+00:00,01_yolo26_main,7,7,5.4,6.88,60.43,57.02,NVIDIA GeForce RTX 4090,50,205.38,81,5948.1,24564.0,
2026-09-06T20:18:12.423181+00:00,01_yolo26_main,7,7,5.8,6.94,60.43,57.02,NVIDIA GeForce RTX 4090,50,206.41,85,5948.1,24564.0,
2026-09-06T20:18:22.435536+00:00,01_yolo26_main,7,7,5.2,7.12,60.43,57.02,NVIDIA GeForce RTX 4090,50,198.02,78,5948.1,24564.0,
2026-09-06T20:18:32.447485+00:00,01_yolo26_main,7,7,5.8,7.04,60.43,57.02,NVIDIA GeForce RTX 4090,51,206.05,84,5948.1,24564.0,
2026-09-06T20:18:42.458927+00:00,01_yolo26_main,7,7,5.4,7.01,60.43,57.02,NVIDIA GeForce RTX 4090,50,195.01,82,5948.1,24564.0,
2026-09-06T20:18:52.471365+00:00,01_yolo26_main,7,7,5.4,7.0,60.43,57.02,NVIDIA GeForce RTX 4090,50,205.64,79,5948.1,24564.0,
2026-09-06T20:19:02.485878+00:00,01_yolo26_main,7,7,5.0,6.99,60.43,57.02,NVIDIA GeForce RTX 4090,44,61.46,0,5948.1,24564.0,
2026-09-06T20:19:12.496966+00:00,01_yolo26_main,7,7,4.9,6.84,60.43,57.02,NVIDIA GeForce RTX 4090,51,206.86,79,5948.1,24564.0,
2026-09-06T20:19:22.508564+00:00,01_yolo26_main,7,7,5.7,6.84,60.43,57.02,NVIDIA GeForce RTX 4090,51,204.47,81,5948.1,24564.0,
2026-09-06T20:19:32.520895+00:00,01_yolo26_main,7,7,5.3,6.96,60.43,57.02,NVIDIA GeForce RTX 4090,51,205.88,81,5948.1,24564.0,
2026-09-06T20:19:42.532836+00:00,01_yolo26_main,7,7,5.4,6.9,60.43,57.02,NVIDIA GeForce RTX 4090,50,206.96,82,5948.1,24564.0,
2026-09-06T20:19:52.543800+00:00,01_yolo26_main,7,7,5.6,7.04,60.43,57.02,NVIDIA GeForce RTX 4090,51,205.95,82,5948.1,24564.0,
2026-09-06T20:20:02.555860+00:00,01_yolo26_main,7,7,5.4,6.98,60.43,57.02,NVIDIA GeForce RTX 4090,50,205.4,82,5948.1,24564.0,
2026-09-06T20:20:12.566754+00:00,01_yolo26_main,7,7,4.1,6.86,60.43,57.02,NVIDIA GeForce RTX 4090,51,204.07,81,5948.1,24564.0,
2026-09-06T20:20:22.578963+00:00,01_yolo26_main,7,7,4.2,6.79,60.43,57.02,NVIDIA GeForce RTX 4090,49,204.51,81,5948.1,24564.0,
2026-09-06T20:20:32.591456+00:00,01_yolo26_main,7,7,2.8,6.81,60.43,57.02,NVIDIA GeForce RTX 4090,49,206.77,82,5948.1,24564.0,
2026-09-06T20:20:42.603814+00:00,01_yolo26_main,7,7,5.3,7.0,60.43,57.02,NVIDIA GeForce RTX 4090,44,79.39,0,5948.1,24564.0,
2026-09-06T20:20:52.615008+00:00,01_yolo26_main,7,7,5.8,6.98,60.43,57.02,NVIDIA GeForce RTX 4090,51,204.1,80,5948.1,24564.0,
2026-09-06T20:21:02.626801+00:00,01_yolo26_main,7,7,5.2,7.04,60.43,57.02,NVIDIA GeForce RTX 4090,45,132.6,77,5948.1,24564.0,
2026-09-06T20:21:12.637473+00:00,01_yolo26_main,7,7,5.6,6.97,60.43,57.02,NVIDIA GeForce RTX 4090,50,206.22,81,5948.1,24564.0,
2026-09-06T20:21:22.649782+00:00,01_yolo26_main,7,7,5.4,6.92,60.43,57.02,NVIDIA GeForce RTX 4090,50,196.92,82,5948.1,24564.0,
2026-09-06T20:21:32.660639+00:00,01_yolo26_main,7,7,5.2,7.08,60.43,57.02,NVIDIA GeForce RTX 4090,51,206.91,82,5948.1,24564.0,
2026-09-06T20:21:42.672524+00:00,01_yolo26_main,7,7,5.7,6.98,60.43,57.02,NVIDIA GeForce RTX 4090,49,207.21,82,5948.1,24564.0,
2026-09-06T20:21:52.684825+00:00,01_yolo26_main,7,7,5.4,6.99,60.43,57.02,NVIDIA GeForce RTX 4090,51,205.85,83,5948.1,24564.0,
2026-09-06T20:22:02.697446+00:00,01_yolo26_main,7,7,5.8,7.05,60.43,57.02,NVIDIA GeForce RTX 4090,51,208.77,82,5948.1,24564.0,
2026-09-06T20:22:12.709140+00:00,01_yolo26_main,7,7,5.1,7.06,60.43,57.02,NVIDIA GeForce RTX 4090,51,206.87,81,5948.1,24564.0,
2026-09-06T20:22:22.721853+00:00,01_yolo26_main,7,7,2.7,7.13,60.43,57.02,NVIDIA GeForce RTX 4090,43,62.2,0,5948.1,24564.0,
2026-09-06T20:22:32.732824+00:00,01_yolo26_main,7,7,5.5,6.87,60.43,57.02,NVIDIA GeForce RTX 4090,50,204.62,82,5948.1,24564.0,
2026-09-06T20:22:42.745157+00:00,01_yolo26_main,7,7,5.7,7.07,60.43,57.02,NVIDIA GeForce RTX 4090,46,147.48,84,5948.1,24564.0,
2026-09-06T20:22:52.756023+00:00,01_yolo26_main,7,7,5.4,7.01,60.43,57.02,NVIDIA GeForce RTX 4090,49,206.53,82,5948.1,24564.0,
2026-09-06T20:23:02.768263+00:00,01_yolo26_main,7,7,5.3,6.98,60.43,57.02,NVIDIA GeForce RTX 4090,50,207.07,83,5948.1,24564.0,
2026-09-06T20:23:12.781188+00:00,01_yolo26_main,7,7,4.1,7.07,60.43,57.02,NVIDIA GeForce RTX 4090,44,60.47,0,5948.1,24564.0,
2026-09-06T20:23:22.792204+00:00,01_yolo26_main,7,7,4.2,7.05,60.43,57.02,NVIDIA GeForce RTX 4090,49,168.11,1,5948.1,24564.0,
2026-09-06T20:23:32.803744+00:00,01_yolo26_main,7,7,5.1,7.08,60.43,57.02,NVIDIA GeForce RTX 4090,49,206.18,83,5948.1,24564.0,
2026-09-06T20:23:42.815728+00:00,01_yolo26_main,7,7,5.7,6.96,60.43,57.02,NVIDIA GeForce RTX 4090,45,148.11,79,5948.1,24564.0,
2026-09-06T20:23:52.827181+00:00,01_yolo26_main,7,7,5.4,6.79,60.43,57.02,NVIDIA GeForce RTX 4090,51,206.23,84,5948.1,24564.0,
2026-09-06T20:24:02.839873+00:00,01_yolo26_main,7,7,5.6,7.1,60.43,57.02,NVIDIA GeForce RTX 4090,46,135.03,79,5948.1,24564.0,
2026-09-06T20:24:12.850897+00:00,01_yolo26_main,7,7,5.5,6.97,60.43,57.02,NVIDIA GeForce RTX 4090,50,207.41,83,5948.1,24564.0,
2026-09-06T20:24:22.862708+00:00,01_yolo26_main,7,7,5.4,6.87,60.43,57.02,NVIDIA GeForce RTX 4090,50,206.13,84,5948.1,24564.0,
2026-09-06T20:24:32.874013+00:00,01_yolo26_main,7,7,5.4,6.95,60.43,57.02,NVIDIA GeForce RTX 4090,50,203.74,79,5948.1,24564.0,
2026-09-06T20:24:42.886342+00:00,01_yolo26_main,7,7,5.4,6.79,60.43,57.02,NVIDIA GeForce RTX 4090,50,206.08,78,5948.1,24564.0,
2026-09-06T20:24:52.897780+00:00,01_yolo26_main,7,7,4.5,6.97,60.43,57.02,NVIDIA GeForce RTX 4090,44,84.24,0,5948.1,24564.0,
2026-09-06T20:25:02.910160+00:00,01_yolo26_main,7,7,5.5,6.89,60.43,57.02,NVIDIA GeForce RTX 4090,49,206.46,84,5948.1,24564.0,
2026-09-06T20:25:12.921946+00:00,01_yolo26_main,7,7,5.4,7.07,60.43,57.02,NVIDIA GeForce RTX 4090,45,91.44,66,6408.1,24564.0,
2026-09-06T20:25:22.932566+00:00,01_yolo26_main,7,7,5.7,6.96,60.43,57.02,NVIDIA GeForce RTX 4090,51,203.9,81,6408.1,24564.0,
2026-09-06T20:25:32.944264+00:00,01_yolo26_main,7,7,5.3,6.89,60.43,57.02,NVIDIA GeForce RTX 4090,51,170.95,83,6408.1,24564.0,
2026-09-06T20:25:42.955474+00:00,01_yolo26_main,7,7,5.4,6.9,60.43,57.02,NVIDIA GeForce RTX 4090,51,208.15,79,6408.1,24564.0,
2026-09-06T20:25:52.967193+00:00,01_yolo26_main,7,7,5.5,6.91,60.43,57.02,NVIDIA GeForce RTX 4090,50,206.29,80,6408.1,24564.0,
2026-09-06T20:26:02.978945+00:00,01_yolo26_main,7,7,5.3,6.91,60.43,57.02,NVIDIA GeForce RTX 4090,51,206.69,84,6408.1,24564.0,
2026-09-06T20:26:12.991460+00:00,01_yolo26_main,7,7,5.1,6.88,60.43,57.02,NVIDIA GeForce RTX 4090,50,205.44,80,6408.1,24564.0,
2026-09-06T20:26:23.003075+00:00,01_yolo26_main,7,7,5.6,7.02,60.43,57.02,NVIDIA GeForce RTX 4090,51,200.34,80,6408.1,24564.0,
2026-09-06T20:26:33.015375+00:00,01_yolo26_main,7,7,5.1,7.04,60.43,57.02,NVIDIA GeForce RTX 4090,51,208.21,83,6408.1,24564.0,
2026-09-06T20:26:43.028455+00:00,01_yolo26_main,7,7,5.3,7.02,60.43,57.02,NVIDIA GeForce RTX 4090,45,72.58,0,6408.1,24564.0,
2026-09-06T20:26:53.039985+00:00,01_yolo26_main,7,7,4.6,7.03,60.43,57.02,NVIDIA GeForce RTX 4090,51,205.88,85,6408.1,24564.0,
2026-09-06T20:27:03.051453+00:00,01_yolo26_main,7,7,5.8,6.97,60.43,57.02,NVIDIA GeForce RTX 4090,51,204.75,85,6408.1,24564.0,
2026-09-06T20:27:13.063337+00:00,01_yolo26_main,7,7,5.4,7.0,60.43,57.02,NVIDIA GeForce RTX 4090,50,203.3,83,6408.1,24564.0,
2026-09-06T20:27:23.075983+00:00,01_yolo26_main,7,7,5.3,6.96,60.43,57.02,NVIDIA GeForce RTX 4090,50,205.51,79,6408.1,24564.0,
2026-09-06T20:27:33.087922+00:00,01_yolo26_main,7,7,5.2,6.97,60.43,57.02,NVIDIA GeForce RTX 4090,47,87.84,79,6408.1,24564.0,
2026-09-06T20:27:43.099803+00:00,01_yolo26_main,7,7,5.5,6.75,60.43,57.02,NVIDIA GeForce RTX 4090,51,206.75,79,6408.1,24564.0,
2026-09-06T20:27:53.112263+00:00,01_yolo26_main,7,7,5.4,7.1,60.43,57.02,NVIDIA GeForce RTX 4090,45,89.09,0,6408.1,24564.0,
2026-09-06T20:28:03.123118+00:00,01_yolo26_main,7,7,3.1,6.84,60.43,57.02,NVIDIA GeForce RTX 4090,50,203.65,83,6408.1,24564.0,
2026-09-06T20:28:13.134484+00:00,01_yolo26_main,7,7,5.3,7.09,60.43,57.02,NVIDIA GeForce RTX 4090,50,202.09,84,6408.1,24564.0,
2026-09-06T20:28:23.146910+00:00,01_yolo26_main,7,7,5.6,6.95,60.43,57.02,NVIDIA GeForce RTX 4090,49,206.11,79,6408.1,24564.0,
2026-09-06T20:28:33.158641+00:00,01_yolo26_main,7,7,5.3,7.08,60.43,57.02,NVIDIA GeForce RTX 4090,49,183.07,78,6408.1,24564.0,
2026-09-06T20:28:43.170824+00:00,01_yolo26_main,7,7,5.8,7.03,60.43,57.02,NVIDIA GeForce RTX 4090,50,208.76,82,6408.1,24564.0,
2026-09-06T20:28:53.182293+00:00,01_yolo26_main,7,7,5.2,6.97,60.43,57.02,NVIDIA GeForce RTX 4090,50,150.14,81,6408.1,24564.0,
2026-09-06T20:29:03.193636+00:00,01_yolo26_main,7,7,5.8,6.77,60.43,57.02,NVIDIA GeForce RTX 4090,50,206.2,82,6408.1,24564.0,
2026-09-06T20:29:13.205247+00:00,01_yolo26_main,7,7,5.4,7.01,60.43,57.02,NVIDIA GeForce RTX 4090,49,147.95,82,6408.1,24564.0,
2026-09-06T20:29:23.217736+00:00,01_yolo26_main,7,7,5.3,6.95,60.43,57.02,NVIDIA GeForce RTX 4090,50,205.47,82,6408.1,24564.0,
2026-09-06T20:29:33.229228+00:00,01_yolo26_main,7,7,5.4,7.04,60.43,57.02,NVIDIA GeForce RTX 4090,45,93.01,0,6408.1,24564.0,
2026-09-06T20:29:43.240626+00:00,01_yolo26_main,7,7,5.5,7.01,60.43,57.02,NVIDIA GeForce RTX 4090,51,207.17,84,6408.1,24564.0,
2026-09-06T20:29:53.252367+00:00,01_yolo26_main,7,7,5.5,6.97,60.43,57.01,NVIDIA GeForce RTX 4090,46,126.25,0,6408.1,24564.0,
2026-09-06T20:30:03.263098+00:00,01_yolo26_main,7,7,2.8,6.78,60.43,57.01,NVIDIA GeForce RTX 4090,51,205.34,81,6408.1,24564.0,
2026-09-06T20:30:13.274771+00:00,01_yolo26_main,7,7,5.3,6.94,60.43,57.01,NVIDIA GeForce RTX 4090,49,181.69,81,6408.1,24564.0,
2026-09-06T20:30:23.287111+00:00,01_yolo26_main,7,7,5.6,7.03,60.43,57.01,NVIDIA GeForce RTX 4090,50,205.76,82,6408.1,24564.0,
2026-09-06T20:30:33.298164+00:00,01_yolo26_main,7,7,5.4,6.94,60.43,57.01,NVIDIA GeForce RTX 4090,50,146.91,83,6408.1,24564.0,
2026-09-06T20:30:43.310628+00:00,01_yolo26_main,7,7,5.8,6.86,60.43,57.01,NVIDIA GeForce RTX 4090,50,205.04,83,6408.1,24564.0,
2026-09-06T20:30:53.322395+00:00,01_yolo26_main,7,7,5.2,7.03,60.43,57.01,NVIDIA GeForce RTX 4090,47,138.62,78,6408.1,24564.0,
2026-09-06T20:31:03.333698+00:00,01_yolo26_main,7,7,5.8,7.02,60.43,57.01,NVIDIA GeForce RTX 4090,50,206.35,84,6408.1,24564.0,
2026-09-06T20:31:13.345628+00:00,01_yolo26_main,7,7,5.4,7.01,60.43,57.01,NVIDIA GeForce RTX 4090,50,148.66,84,6408.1,24564.0,
2026-09-06T20:31:23.357126+00:00,01_yolo26_main,7,7,5.4,6.98,60.43,57.01,NVIDIA GeForce RTX 4090,50,203.92,82,6408.1,24564.0,
2026-09-06T20:31:33.369927+00:00,01_yolo26_main,7,7,5.4,7.15,60.43,57.01,NVIDIA GeForce RTX 4090,45,95.79,0,6408.1,24564.0,
2026-09-06T20:31:43.380590+00:00,01_yolo26_main,7,7,4.6,6.97,60.43,57.01,NVIDIA GeForce RTX 4090,51,205.0,81,6408.1,24564.0,
2026-09-06T20:31:53.392692+00:00,01_yolo26_main,7,7,5.7,6.93,60.43,57.01,NVIDIA GeForce RTX 4090,51,205.44,82,6408.1,24564.0,
2026-09-06T20:32:03.405378+00:00,01_yolo26_main,7,7,5.4,6.93,60.43,57.01,NVIDIA GeForce RTX 4090,51,204.11,82,6408.1,24564.0,
2026-09-06T20:32:13.416355+00:00,01_yolo26_main,7,7,5.4,6.89,60.43,57.01,NVIDIA GeForce RTX 4090,51,204.58,84,6408.1,24564.0,
2026-09-06T20:32:23.429058+00:00,01_yolo26_main,7,7,5.5,6.89,60.43,57.01,NVIDIA GeForce RTX 4090,49,184.24,80,6408.1,24564.0,
2026-09-06T20:32:33.440309+00:00,01_yolo26_main,7,7,5.5,6.92,60.43,57.01,NVIDIA GeForce RTX 4090,50,206.8,81,6408.1,24564.0,
2026-09-06T20:32:43.452584+00:00,01_yolo26_main,7,7,5.3,7.01,60.43,57.01,NVIDIA GeForce RTX 4090,45,89.41,0,6408.1,24564.0,
2026-09-06T20:32:53.464465+00:00,01_yolo26_main,7,7,5.8,7.02,60.43,57.01,NVIDIA GeForce RTX 4090,51,205.39,83,6408.1,24564.0,
2026-09-06T20:33:03.476320+00:00,01_yolo26_main,7,7,5.1,7.03,60.43,57.01,NVIDIA GeForce RTX 4090,47,122.77,15,6408.1,24564.0,
2026-09-06T20:33:13.486972+00:00,01_yolo26_main,7,7,5.7,7.04,60.43,57.01,NVIDIA GeForce RTX 4090,51,207.07,88,6408.1,24564.0,
2026-09-06T20:33:23.499831+00:00,01_yolo26_main,7,7,5.4,6.85,60.43,57.01,NVIDIA GeForce RTX 4090,52,180.93,85,6408.1,24564.0,
2026-09-06T20:33:33.511450+00:00,01_yolo26_main,7,7,5.7,6.68,60.43,57.01,NVIDIA GeForce RTX 4090,51,206.35,87,6408.1,24564.0,
2026-09-06T20:33:43.524061+00:00,01_yolo26_main,7,7,5.5,6.74,60.43,57.01,NVIDIA GeForce RTX 4090,51,207.21,82,6408.1,24564.0,
2026-09-06T20:33:53.535396+00:00,01_yolo26_main,7,7,4.9,6.82,60.43,57.01,NVIDIA GeForce RTX 4090,50,206.95,81,6408.1,24564.0,
2026-09-06T20:34:03.547258+00:00,01_yolo26_main,7,7,5.8,6.84,60.43,57.01,NVIDIA GeForce RTX 4090,51,205.0,80,6408.1,24564.0,
2026-09-06T20:34:13.559446+00:00,01_yolo26_main,7,7,2.7,6.75,60.43,57.01,NVIDIA GeForce RTX 4090,49,206.24,84,6408.1,24564.0,
2026-09-06T20:34:23.571199+00:00,01_yolo26_main,7,7,5.5,6.82,60.43,57.01,NVIDIA GeForce RTX 4090,47,136.82,10,6408.1,24564.0,
2026-09-06T20:34:33.583553+00:00,01_yolo26_main,7,7,5.5,6.74,60.43,57.01,NVIDIA GeForce RTX 4090,50,206.79,86,6408.1,24564.0,
2026-09-06T20:34:43.595584+00:00,01_yolo26_main,7,7,5.4,6.78,60.43,57.01,NVIDIA GeForce RTX 4090,45,89.3,15,6408.1,24564.0,
2026-09-06T20:34:53.606685+00:00,01_yolo26_main,7,7,5.5,6.77,60.43,57.01,NVIDIA GeForce RTX 4090,50,205.88,79,6408.1,24564.0,
2026-09-06T20:35:03.618276+00:00,01_yolo26_main,7,7,5.3,6.6,60.43,57.01,NVIDIA GeForce RTX 4090,50,203.86,86,6408.1,24564.0,
2026-09-06T20:35:13.628912+00:00,01_yolo26_main,7,7,5.1,6.15,60.43,57.3,NVIDIA GeForce RTX 4090,44,62.37,0,2392.1,24564.0,
2026-09-06T20:35:23.640216+00:00,01_yolo26_main,8,8,6.0,6.91,60.43,57.3,NVIDIA GeForce RTX 4090,49,201.85,81,3886.1,24564.0,
2026-09-06T20:35:33.652658+00:00,01_yolo26_main,8,8,5.8,7.02,60.43,56.91,NVIDIA GeForce RTX 4090,49,208.57,81,4756.1,24564.0,
2026-09-06T20:35:43.664735+00:00,01_yolo26_main,8,8,2.6,6.98,60.43,56.91,NVIDIA GeForce RTX 4090,49,206.31,84,4756.1,24564.0,
2026-09-06T20:35:53.675914+00:00,01_yolo26_main,8,8,4.5,6.95,60.43,56.91,NVIDIA GeForce RTX 4090,50,206.92,79,4756.1,24564.0,
2026-09-06T20:36:03.688637+00:00,01_yolo26_main,8,8,4.2,6.79,60.43,56.91,NVIDIA GeForce RTX 4090,49,207.21,83,4756.1,24564.0,
2026-09-06T20:36:13.700445+00:00,01_yolo26_main,8,8,4.2,7.09,60.43,56.91,NVIDIA GeForce RTX 4090,43,67.27,0,4756.1,24564.0,
2026-09-06T20:36:23.711858+00:00,01_yolo26_main,8,8,3.7,7.06,60.43,56.91,NVIDIA GeForce RTX 4090,43,125.2,74,4756.1,24564.0,
2026-09-06T20:36:33.722652+00:00,01_yolo26_main,8,8,4.3,7.05,60.43,56.91,NVIDIA GeForce RTX 4090,47,143.03,3,4756.1,24564.0,
2026-09-06T20:36:43.734965+00:00,01_yolo26_main,8,8,3.5,7.04,60.43,56.91,NVIDIA GeForce RTX 4090,45,84.5,0,4756.1,24564.0,
2026-09-06T20:36:53.746828+00:00,01_yolo26_main,8,8,5.8,7.0,60.43,56.91,NVIDIA GeForce RTX 4090,49,207.45,85,4756.1,24564.0,
2026-09-06T20:37:03.758794+00:00,01_yolo26_main,8,8,5.2,7.09,60.43,56.96,NVIDIA GeForce RTX 4090,47,167.84,85,5184.1,24564.0,
2026-09-06T20:37:13.770108+00:00,01_yolo26_main,8,8,5.6,6.92,60.43,56.91,NVIDIA GeForce RTX 4090,50,208.04,81,5184.1,24564.0,
2026-09-06T20:37:23.781915+00:00,01_yolo26_main,8,8,5.4,6.83,60.43,56.91,NVIDIA GeForce RTX 4090,49,186.67,85,5184.1,24564.0,
2026-09-06T20:37:33.793450+00:00,01_yolo26_main,8,8,5.3,6.84,60.43,56.91,NVIDIA GeForce RTX 4090,49,205.95,79,5184.1,24564.0,
2026-09-06T20:37:43.804852+00:00,01_yolo26_main,8,8,4.2,6.81,60.43,56.91,NVIDIA GeForce RTX 4090,50,207.19,83,5184.1,24564.0,
2026-09-06T20:37:53.817473+00:00,01_yolo26_main,8,8,5.4,6.97,60.43,56.91,NVIDIA GeForce RTX 4090,47,153.87,84,5184.1,24564.0,
2026-09-06T20:38:03.829722+00:00,01_yolo26_main,8,8,5.4,6.94,60.43,56.91,NVIDIA GeForce RTX 4090,49,206.75,83,5184.1,24564.0,
2026-09-06T20:38:13.841016+00:00,01_yolo26_main,8,8,5.7,7.01,60.43,56.91,NVIDIA GeForce RTX 4090,50,167.77,82,5184.1,24564.0,
2026-09-06T20:38:23.851976+00:00,01_yolo26_main,8,8,5.1,6.99,60.43,56.91,NVIDIA GeForce RTX 4090,50,206.28,82,5184.1,24564.0,
2026-09-06T20:38:33.863910+00:00,01_yolo26_main,8,8,5.8,6.85,60.43,56.91,NVIDIA GeForce RTX 4090,50,205.94,81,5184.1,24564.0,
2026-09-06T20:38:43.875997+00:00,01_yolo26_main,8,8,5.4,7.07,60.43,56.91,NVIDIA GeForce RTX 4090,51,209.24,83,5184.1,24564.0,
2026-09-06T20:38:53.887367+00:00,01_yolo26_main,8,8,5.3,6.94,60.43,56.91,NVIDIA GeForce RTX 4090,50,209.56,81,5184.1,24564.0,
2026-09-06T20:39:03.898483+00:00,01_yolo26_main,8,8,5.6,7.07,60.43,56.91,NVIDIA GeForce RTX 4090,50,206.74,76,5184.1,24564.0,
2026-09-06T20:39:13.909593+00:00,01_yolo26_main,8,8,5.4,6.95,60.43,56.91,NVIDIA GeForce RTX 4090,50,207.02,81,5184.1,24564.0,
2026-09-06T20:39:23.921301+00:00,01_yolo26_main,8,8,5.3,7.05,60.43,56.91,NVIDIA GeForce RTX 4090,50,208.88,82,5184.1,24564.0,
2026-09-06T20:39:33.932528+00:00,01_yolo26_main,8,8,5.8,6.94,60.43,56.91,NVIDIA GeForce RTX 4090,51,207.23,81,5184.1,24564.0,
2026-09-06T20:39:43.943949+00:00,01_yolo26_main,8,8,5.0,6.73,60.43,56.91,NVIDIA GeForce RTX 4090,50,200.79,86,5184.1,24564.0,
2026-09-06T20:39:53.955749+00:00,01_yolo26_main,8,8,5.8,6.97,60.43,56.91,NVIDIA GeForce RTX 4090,51,204.24,84,5184.1,24564.0,
2026-09-06T20:40:03.968054+00:00,01_yolo26_main,8,8,5.3,7.07,60.43,56.91,NVIDIA GeForce RTX 4090,51,204.01,84,5184.1,24564.0,
2026-09-06T20:40:13.980253+00:00,01_yolo26_main,8,8,5.4,6.95,60.43,56.91,NVIDIA GeForce RTX 4090,51,206.26,83,5184.1,24564.0,
2026-09-06T20:40:23.991576+00:00,01_yolo26_main,8,8,5.0,7.15,60.43,56.91,NVIDIA GeForce RTX 4090,45,62.76,0,5184.1,24564.0,
2026-09-06T20:40:36.311307+00:00,01_yolo26_main,8,8,4.7,7.0,60.43,56.91,NVIDIA GeForce RTX 4090,51,205.56,83,5184.1,24564.0,
2026-09-06T20:40:46.323210+00:00,01_yolo26_main,8,8,4.6,6.93,60.43,56.91,NVIDIA GeForce RTX 4090,51,209.13,83,5184.1,24564.0,
2026-09-06T20:40:56.335204+00:00,01_yolo26_main,8,8,4.9,6.92,60.43,56.91,NVIDIA GeForce RTX 4090,48,130.32,80,5184.1,24564.0,
2026-09-06T20:41:06.347625+00:00,01_yolo26_main,8,8,5.7,6.89,60.43,56.91,NVIDIA GeForce RTX 4090,50,205.91,77,5184.1,24564.0,
2026-09-06T20:41:16.360500+00:00,01_yolo26_main,8,8,5.0,6.86,60.43,56.91,NVIDIA GeForce RTX 4090,50,175.46,81,5184.1,24564.0,
2026-09-06T20:41:26.372055+00:00,01_yolo26_main,8,8,3.8,7.07,60.43,56.91,NVIDIA GeForce RTX 4090,44,60.23,0,5184.1,24564.0,
2026-09-06T20:41:36.383049+00:00,01_yolo26_main,8,8,4.5,6.95,60.43,56.91,NVIDIA GeForce RTX 4090,49,202.52,82,5184.1,24564.0,
2026-09-06T20:41:46.394464+00:00,01_yolo26_main,8,8,5.7,6.89,60.43,56.91,NVIDIA GeForce RTX 4090,50,207.23,83,5184.1,24564.0,
2026-09-06T20:41:56.406762+00:00,01_yolo26_main,8,8,5.3,7.02,60.43,56.91,NVIDIA GeForce RTX 4090,50,201.91,83,5184.1,24564.0,
2026-09-06T20:42:06.418092+00:00,01_yolo26_main,8,8,5.3,6.92,60.43,56.91,NVIDIA GeForce RTX 4090,50,204.27,81,5184.1,24564.0,
2026-09-06T20:42:16.429939+00:00,01_yolo26_main,8,8,5.1,6.99,60.43,56.91,NVIDIA GeForce RTX 4090,45,102.55,7,5184.1,24564.0,
2026-09-06T20:42:26.440597+00:00,01_yolo26_main,8,8,5.7,6.9,60.43,56.91,NVIDIA GeForce RTX 4090,51,207.51,84,5184.1,24564.0,
2026-09-06T20:42:36.452260+00:00,01_yolo26_main,8,8,5.2,6.93,60.43,56.91,NVIDIA GeForce RTX 4090,51,206.97,82,5184.1,24564.0,
2026-09-06T20:42:46.464846+00:00,01_yolo26_main,8,8,4.1,7.1,60.43,56.91,NVIDIA GeForce RTX 4090,44,61.73,0,5394.1,24564.0,
2026-09-06T20:42:56.475962+00:00,01_yolo26_main,8,8,3.9,7.03,60.43,56.91,NVIDIA GeForce RTX 4090,44,92.74,0,5394.1,24564.0,
2026-09-06T20:43:06.488080+00:00,01_yolo26_main,8,8,5.8,6.97,60.43,56.91,NVIDIA GeForce RTX 4090,50,207.34,82,5394.1,24564.0,
2026-09-06T20:43:16.499651+00:00,01_yolo26_main,8,8,5.2,7.03,60.43,56.91,NVIDIA GeForce RTX 4090,48,143.52,51,5394.1,24564.0,
2026-09-06T20:43:26.510745+00:00,01_yolo26_main,8,8,5.4,6.9,60.43,56.91,NVIDIA GeForce RTX 4090,51,206.47,81,5394.1,24564.0,
2026-09-06T20:43:36.522118+00:00,01_yolo26_main,8,8,5.6,6.83,60.43,56.91,NVIDIA GeForce RTX 4090,50,201.37,82,5394.1,24564.0,
2026-09-06T20:43:46.533444+00:00,01_yolo26_main,8,8,5.3,6.91,60.43,56.91,NVIDIA GeForce RTX 4090,49,206.75,80,5394.1,24564.0,
2026-09-06T20:43:56.545562+00:00,01_yolo26_main,8,8,5.8,6.85,60.43,56.91,NVIDIA GeForce RTX 4090,50,204.69,75,5394.1,24564.0,
2026-09-06T20:44:06.557323+00:00,01_yolo26_main,8,8,5.3,6.97,60.43,56.91,NVIDIA GeForce RTX 4090,51,207.72,79,5394.1,24564.0,
2026-09-06T20:44:16.568834+00:00,01_yolo26_main,8,8,5.7,7.03,60.43,56.91,NVIDIA GeForce RTX 4090,51,204.74,80,5394.1,24564.0,
2026-09-06T20:44:26.580213+00:00,01_yolo26_main,8,8,2.5,6.84,60.43,56.91,NVIDIA GeForce RTX 4090,51,206.69,84,5394.1,24564.0,
2026-09-06T20:44:36.591789+00:00,01_yolo26_main,8,8,5.3,6.96,60.43,56.91,NVIDIA GeForce RTX 4090,46,78.19,0,5394.1,24564.0,
2026-09-06T20:44:46.604089+00:00,01_yolo26_main,8,8,5.8,6.89,60.43,56.91,NVIDIA GeForce RTX 4090,50,206.82,87,5394.1,24564.0,
2026-09-06T20:44:56.616020+00:00,01_yolo26_main,8,8,5.2,6.97,60.43,56.91,NVIDIA GeForce RTX 4090,45,138.39,73,5394.1,24564.0,
2026-09-06T20:45:06.627084+00:00,01_yolo26_main,8,8,5.6,6.98,60.43,56.91,NVIDIA GeForce RTX 4090,50,208.21,80,5394.1,24564.0,
2026-09-06T20:45:16.639396+00:00,01_yolo26_main,8,8,5.4,6.97,60.43,56.91,NVIDIA GeForce RTX 4090,50,201.83,88,5394.1,24564.0,
2026-09-06T20:45:26.650424+00:00,01_yolo26_main,8,8,5.3,6.95,60.43,56.91,NVIDIA GeForce RTX 4090,51,207.83,80,5394.1,24564.0,
2026-09-06T20:45:36.662261+00:00,01_yolo26_main,8,8,5.3,6.91,60.43,56.91,NVIDIA GeForce RTX 4090,50,185.31,47,5394.1,24564.0,
2026-09-06T20:45:46.674044+00:00,01_yolo26_main,8,8,5.4,7.05,60.43,56.91,NVIDIA GeForce RTX 4090,50,205.67,85,5394.1,24564.0,
2026-09-06T20:45:56.685250+00:00,01_yolo26_main,8,8,2.7,7.05,60.43,56.91,NVIDIA GeForce RTX 4090,43,62.67,0,5394.1,24564.0,
2026-09-06T20:46:06.696412+00:00,01_yolo26_main,8,8,5.7,6.88,60.43,56.91,NVIDIA GeForce RTX 4090,51,206.51,84,5394.1,24564.0,
2026-09-06T20:46:16.708078+00:00,01_yolo26_main,8,8,5.4,7.03,60.43,56.91,NVIDIA GeForce RTX 4090,44,90.75,16,5394.1,24564.0,
2026-09-06T20:46:26.719492+00:00,01_yolo26_main,8,8,4.9,6.85,60.43,56.91,NVIDIA GeForce RTX 4090,50,208.34,79,5394.1,24564.0,
2026-09-06T20:46:36.730638+00:00,01_yolo26_main,8,8,5.8,6.88,60.43,56.91,NVIDIA GeForce RTX 4090,50,208.86,79,5394.1,24564.0,
2026-09-06T20:46:46.741838+00:00,01_yolo26_main,8,8,3.1,6.88,60.43,56.91,NVIDIA GeForce RTX 4090,50,208.28,85,5394.1,24564.0,
2026-09-06T20:46:56.753733+00:00,01_yolo26_main,8,8,5.5,6.9,60.43,56.91,NVIDIA GeForce RTX 4090,49,199.98,84,5394.1,24564.0,
2026-09-06T20:47:06.765142+00:00,01_yolo26_main,8,8,5.4,6.87,60.43,56.91,NVIDIA GeForce RTX 4090,49,205.51,81,5394.1,24564.0,
2026-09-06T20:47:16.776463+00:00,01_yolo26_main,8,8,5.3,7.0,60.43,56.91,NVIDIA GeForce RTX 4090,44,87.63,0,5394.1,24564.0,
2026-09-06T20:47:26.788082+00:00,01_yolo26_main,8,8,5.7,6.93,60.43,56.91,NVIDIA GeForce RTX 4090,50,206.69,81,5394.1,24564.0,
2026-09-06T20:47:36.799436+00:00,01_yolo26_main,8,8,5.4,6.93,60.43,56.91,NVIDIA GeForce RTX 4090,45,148.43,82,5394.1,24564.0,
2026-09-06T20:47:46.811900+00:00,01_yolo26_main,8,8,3.6,6.91,60.43,56.91,NVIDIA GeForce RTX 4090,44,62.67,0,5394.1,24564.0,
2026-09-06T20:47:56.823130+00:00,01_yolo26_main,8,8,4.7,6.91,60.43,56.91,NVIDIA GeForce RTX 4090,50,208.25,85,5394.1,24564.0,
2026-09-06T20:48:06.835038+00:00,01_yolo26_main,8,8,5.3,6.84,60.43,56.91,NVIDIA GeForce RTX 4090,49,206.66,82,5394.1,24564.0,
2026-09-06T20:48:16.847338+00:00,01_yolo26_main,8,8,5.4,6.97,60.43,56.91,NVIDIA GeForce RTX 4090,48,185.84,83,5394.1,24564.0,
2026-09-06T20:48:26.858434+00:00,01_yolo26_main,8,8,5.4,6.86,60.43,56.91,NVIDIA GeForce RTX 4090,51,205.68,83,5394.1,24564.0,
2026-09-06T20:48:36.869698+00:00,01_yolo26_main,8,8,5.3,6.9,60.43,56.91,NVIDIA GeForce RTX 4090,44,71.39,0,5394.1,24564.0,
2026-09-06T20:48:46.882076+00:00,01_yolo26_main,8,8,5.6,6.89,60.43,56.91,NVIDIA GeForce RTX 4090,50,206.39,78,5394.1,24564.0,
2026-09-06T20:48:56.894527+00:00,01_yolo26_main,8,8,5.3,7.06,60.43,56.91,NVIDIA GeForce RTX 4090,45,78.35,14,5394.1,24564.0,
2026-09-06T20:49:06.905514+00:00,01_yolo26_main,8,8,3.1,6.77,60.43,56.91,NVIDIA GeForce RTX 4090,49,205.14,82,5394.1,24564.0,
2026-09-06T20:49:16.916774+00:00,01_yolo26_main,8,8,5.2,6.87,60.43,56.91,NVIDIA GeForce RTX 4090,49,204.93,82,5394.1,24564.0,
2026-09-06T20:49:26.928182+00:00,01_yolo26_main,8,8,5.7,6.84,60.43,56.91,NVIDIA GeForce RTX 4090,51,206.13,83,5394.1,24564.0,
2026-09-06T20:49:36.940183+00:00,01_yolo26_main,8,8,5.4,6.99,60.43,56.91,NVIDIA GeForce RTX 4090,50,207.11,82,5394.1,24564.0,
2026-09-06T20:49:46.951014+00:00,01_yolo26_main,8,8,5.7,6.99,60.43,56.91,NVIDIA GeForce RTX 4090,50,206.12,83,5394.1,24564.0,
2026-09-06T20:49:56.962720+00:00,01_yolo26_main,8,8,5.3,6.94,60.43,56.91,NVIDIA GeForce RTX 4090,50,206.29,82,5394.1,24564.0,
2026-09-06T20:50:06.974252+00:00,01_yolo26_main,8,8,5.3,6.94,60.43,56.91,NVIDIA GeForce RTX 4090,51,202.52,78,5394.1,24564.0,
2026-09-06T20:50:16.986300+00:00,01_yolo26_main,8,8,1.3,7.03,60.43,56.91,NVIDIA GeForce RTX 4090,43,61.62,0,5394.1,24564.0,
2026-09-06T20:50:26.997139+00:00,01_yolo26_main,8,8,3.0,6.76,60.43,56.91,NVIDIA GeForce RTX 4090,48,206.79,81,5394.1,24564.0,
2026-09-06T20:50:37.009241+00:00,01_yolo26_main,8,8,5.3,6.91,60.43,56.91,NVIDIA GeForce RTX 4090,49,206.64,82,5394.1,24564.0,
2026-09-06T20:50:47.020291+00:00,01_yolo26_main,8,8,5.8,6.85,60.43,56.91,NVIDIA GeForce RTX 4090,49,206.76,82,5394.1,24564.0,
2026-09-06T20:50:57.032436+00:00,01_yolo26_main,8,8,5.2,6.98,60.43,56.91,NVIDIA GeForce RTX 4090,50,204.31,86,5394.1,24564.0,
2026-09-06T20:51:07.044728+00:00,01_yolo26_main,8,8,5.8,6.95,60.43,56.91,NVIDIA GeForce RTX 4090,49,207.76,81,5394.1,24564.0,
2026-09-06T20:51:17.057251+00:00,01_yolo26_main,8,8,2.3,6.85,60.43,56.91,NVIDIA GeForce RTX 4090,50,205.84,82,5394.1,24564.0,
2026-09-06T20:51:27.068680+00:00,01_yolo26_main,8,8,5.0,6.87,60.43,56.91,NVIDIA GeForce RTX 4090,48,207.74,82,5394.1,24564.0,
2026-09-06T20:51:37.081343+00:00,01_yolo26_main,8,8,1.1,6.97,60.43,56.91,NVIDIA GeForce RTX 4090,41,61.58,0,5394.1,24564.0,
2026-09-06T20:51:47.092291+00:00,01_yolo26_main,8,8,3.8,6.96,60.43,56.91,NVIDIA GeForce RTX 4090,44,139.04,17,5394.1,24564.0,
2026-09-06T20:51:57.104509+00:00,01_yolo26_main,8,8,5.4,6.91,60.43,56.91,NVIDIA GeForce RTX 4090,49,206.64,83,5394.1,24564.0,
2026-09-06T20:52:07.116058+00:00,01_yolo26_main,8,8,4.7,6.81,60.43,56.91,NVIDIA GeForce RTX 4090,49,205.99,79,5394.1,24564.0,
2026-09-06T20:52:17.129100+00:00,01_yolo26_main,8,8,4.6,6.93,60.43,56.91,NVIDIA GeForce RTX 4090,42,64.4,0,5394.1,24564.0,
2026-09-06T20:52:27.140006+00:00,01_yolo26_main,8,8,4.5,6.89,60.43,56.91,NVIDIA GeForce RTX 4090,49,202.78,77,5394.1,24564.0,
2026-09-06T20:52:37.151369+00:00,01_yolo26_main,8,8,5.8,6.8,60.43,56.91,NVIDIA GeForce RTX 4090,50,207.93,80,5394.1,24564.0,
2026-09-06T20:52:47.163063+00:00,01_yolo26_main,8,8,0.9,6.97,60.43,56.91,NVIDIA GeForce RTX 4090,41,61.95,0,5394.1,24564.0,
2026-09-06T20:52:57.174054+00:00,01_yolo26_main,8,8,0.8,6.74,60.43,56.91,NVIDIA GeForce RTX 4090,47,203.4,81,5394.1,24564.0,
2026-09-06T20:53:07.185832+00:00,01_yolo26_main,8,8,2.9,6.92,60.43,56.91,NVIDIA GeForce RTX 4090,40,62.02,0,5394.1,24564.0,
2026-09-06T20:53:17.196839+00:00,01_yolo26_main,8,8,0.1,6.73,60.43,56.91,NVIDIA GeForce RTX 4090,39,65.69,0,5394.1,24564.0,
2026-09-06T20:53:27.493287+00:00,01_yolo26_main,8,8,3.5,6.93,60.43,56.91,NVIDIA GeForce RTX 4090,39,61.47,0,5394.1,24564.0,
2026-09-06T20:53:37.504161+00:00,01_yolo26_main,8,8,1.3,6.75,60.43,56.91,NVIDIA GeForce RTX 4090,45,204.24,84,5394.1,24564.0,
2026-09-06T20:53:47.515549+00:00,01_yolo26_main,8,8,5.4,6.89,60.43,56.91,NVIDIA GeForce RTX 4090,46,204.75,79,5394.1,24564.0,
2026-09-06T20:53:57.526672+00:00,01_yolo26_main,8,8,2.8,6.74,60.43,56.91,NVIDIA GeForce RTX 4090,46,205.26,82,5394.1,24564.0,
2026-09-06T20:54:07.538128+00:00,01_yolo26_main,8,8,2.6,6.74,60.43,56.91,NVIDIA GeForce RTX 4090,45,204.77,82,5394.1,24564.0,
2026-09-06T20:54:17.550802+00:00,01_yolo26_main,8,8,5.8,6.93,60.43,56.91,NVIDIA GeForce RTX 4090,45,205.64,79,5394.1,24564.0,
2026-09-06T20:54:27.563409+00:00,01_yolo26_main,8,8,4.8,6.91,60.43,56.91,NVIDIA GeForce RTX 4090,45,112.96,0,5394.1,24564.0,
2026-09-06T20:54:37.575049+00:00,01_yolo26_main,8,8,5.8,7.01,60.43,56.91,NVIDIA GeForce RTX 4090,48,209.65,85,5394.1,24564.0,
2026-09-06T20:54:47.586904+00:00,01_yolo26_main,8,8,5.3,6.98,60.43,56.91,NVIDIA GeForce RTX 4090,47,147.65,3,5394.1,24564.0,
2026-09-06T20:54:57.598758+00:00,01_yolo26_main,8,8,4.6,6.91,60.43,56.91,NVIDIA GeForce RTX 4090,48,205.43,83,5394.1,24564.0,
2026-09-06T20:55:07.610148+00:00,01_yolo26_main,8,8,5.5,6.85,60.43,56.91,NVIDIA GeForce RTX 4090,48,207.34,80,5394.1,24564.0,
2026-09-06T20:55:17.622817+00:00,01_yolo26_main,8,8,5.3,6.95,60.43,56.91,NVIDIA GeForce RTX 4090,48,208.3,80,5394.1,24564.0,
2026-09-06T20:55:27.634126+00:00,01_yolo26_main,8,8,5.7,6.91,60.43,56.91,NVIDIA GeForce RTX 4090,49,207.28,84,5394.1,24564.0,
2026-09-06T20:55:37.646723+00:00,01_yolo26_main,8,8,5.2,7.05,60.43,56.91,NVIDIA GeForce RTX 4090,48,202.75,79,5394.1,24564.0,
2026-09-06T20:55:47.658057+00:00,01_yolo26_main,8,8,5.7,6.88,60.43,56.91,NVIDIA GeForce RTX 4090,49,206.07,80,5394.1,24564.0,
2026-09-06T20:55:57.670476+00:00,01_yolo26_main,8,8,4.6,7.13,60.43,56.91,NVIDIA GeForce RTX 4090,43,65.17,0,5394.1,24564.0,
2026-09-06T20:56:07.681450+00:00,01_yolo26_main,8,8,5.7,6.97,60.43,56.91,NVIDIA GeForce RTX 4090,50,204.37,82,5394.1,24564.0,
2026-09-06T20:56:17.693319+00:00,01_yolo26_main,8,8,4.6,6.86,60.43,56.91,NVIDIA GeForce RTX 4090,48,207.1,81,5394.1,24564.0,
2026-09-06T20:56:27.705193+00:00,01_yolo26_main,8,8,5.4,7.0,60.43,56.91,NVIDIA GeForce RTX 4090,48,202.78,79,5394.1,24564.0,
2026-09-06T20:56:37.717679+00:00,01_yolo26_main,8,8,5.4,6.95,60.43,56.91,NVIDIA GeForce RTX 4090,49,207.38,83,5394.1,24564.0,
2026-09-06T20:56:47.730110+00:00,01_yolo26_main,8,8,1.3,7.01,60.43,56.91,NVIDIA GeForce RTX 4090,42,61.54,0,5394.1,24564.0,
2026-09-06T20:56:57.741001+00:00,01_yolo26_main,8,8,4.3,6.98,60.43,56.91,NVIDIA GeForce RTX 4090,49,167.78,86,5394.1,24564.0,
2026-09-06T20:57:07.752799+00:00,01_yolo26_main,8,8,5.6,6.94,60.43,56.91,NVIDIA GeForce RTX 4090,49,209.01,83,5394.1,24564.0,
2026-09-06T20:57:17.764202+00:00,01_yolo26_main,8,8,5.2,6.89,60.43,56.91,NVIDIA GeForce RTX 4090,46,117.99,0,5394.1,24564.0,
2026-09-06T20:57:27.776433+00:00,01_yolo26_main,8,8,5.7,6.98,60.43,56.91,NVIDIA GeForce RTX 4090,49,205.31,82,5394.1,24564.0,
2026-09-06T20:57:37.789221+00:00,01_yolo26_main,8,8,5.3,6.98,60.43,56.91,NVIDIA GeForce RTX 4090,47,140.0,37,5394.1,24564.0,
2026-09-06T20:57:47.800663+00:00,01_yolo26_main,8,8,5.7,7.01,60.43,56.91,NVIDIA GeForce RTX 4090,50,207.2,80,5394.1,24564.0,
2026-09-06T20:57:57.812169+00:00,01_yolo26_main,8,8,5.4,7.0,60.43,56.91,NVIDIA GeForce RTX 4090,45,145.36,67,5394.1,24564.0,
2026-09-06T20:58:07.823612+00:00,01_yolo26_main,8,8,5.1,6.96,60.43,56.91,NVIDIA GeForce RTX 4090,50,206.22,84,5394.1,24564.0,
2026-09-06T20:58:17.835806+00:00,01_yolo26_main,8,8,5.8,6.97,60.43,56.91,NVIDIA GeForce RTX 4090,50,193.93,83,5394.1,24564.0,
2026-09-06T20:58:27.846757+00:00,01_yolo26_main,8,8,2.1,6.83,60.43,56.91,NVIDIA GeForce RTX 4090,49,207.29,83,5394.1,24564.0,
2026-09-06T20:58:37.859118+00:00,01_yolo26_main,8,8,5.4,6.99,60.43,56.91,NVIDIA GeForce RTX 4090,45,154.0,81,5394.1,24564.0,
2026-09-06T20:58:47.871377+00:00,01_yolo26_main,8,8,5.4,6.92,60.43,56.91,NVIDIA GeForce RTX 4090,50,208.85,78,5394.1,24564.0,
2026-09-06T20:58:57.883545+00:00,01_yolo26_main,8,8,5.7,7.06,60.43,56.91,NVIDIA GeForce RTX 4090,47,163.48,82,5394.1,24564.0,
2026-09-06T20:59:07.894493+00:00,01_yolo26_main,8,8,5.1,6.93,60.43,56.91,NVIDIA GeForce RTX 4090,50,208.8,82,5394.1,24564.0,
2026-09-06T20:59:17.905903+00:00,01_yolo26_main,8,8,5.8,6.85,60.43,56.91,NVIDIA GeForce RTX 4090,51,206.58,81,5394.1,24564.0,
2026-09-06T20:59:27.917188+00:00,01_yolo26_main,8,8,5.3,6.99,60.43,56.91,NVIDIA GeForce RTX 4090,50,205.03,83,5394.1,24564.0,
2026-09-06T20:59:37.928717+00:00,01_yolo26_main,8,8,5.4,6.86,60.43,56.91,NVIDIA GeForce RTX 4090,50,205.9,81,5394.1,24564.0,
2026-09-06T20:59:47.940022+00:00,01_yolo26_main,8,8,5.7,6.88,60.43,56.91,NVIDIA GeForce RTX 4090,49,208.21,83,5394.1,24564.0,
2026-09-06T20:59:57.951458+00:00,01_yolo26_main,8,8,5.5,6.88,60.43,56.91,NVIDIA GeForce RTX 4090,51,207.37,81,5394.1,24564.0,
2026-09-06T21:00:07.963883+00:00,01_yolo26_main,8,8,4.3,6.93,60.43,56.91,NVIDIA GeForce RTX 4090,44,62.75,0,5394.1,24564.0,
2026-09-06T21:00:21.349278+00:00,01_yolo26_main,8,8,3.7,6.9,60.43,56.91,NVIDIA GeForce RTX 4090,49,205.31,82,5394.1,24564.0,
2026-09-06T21:00:31.360576+00:00,01_yolo26_main,8,8,3.7,6.85,60.43,56.91,NVIDIA GeForce RTX 4090,49,206.72,83,5394.1,24564.0,
2026-09-06T21:00:41.372636+00:00,01_yolo26_main,8,8,3.5,6.85,60.43,56.91,NVIDIA GeForce RTX 4090,48,203.29,83,5394.1,24564.0,
2026-09-06T21:00:51.384410+00:00,01_yolo26_main,8,8,5.8,6.8,60.43,56.91,NVIDIA GeForce RTX 4090,49,206.03,81,5394.1,24564.0,
2026-09-06T21:01:01.396552+00:00,01_yolo26_main,8,8,4.5,6.95,60.43,56.91,NVIDIA GeForce RTX 4090,46,150.38,52,5394.1,24564.0,
2026-09-06T21:01:11.407667+00:00,01_yolo26_main,8,8,5.7,7.0,60.43,56.91,NVIDIA GeForce RTX 4090,50,206.1,82,5394.1,24564.0,
2026-09-06T21:01:21.419130+00:00,01_yolo26_main,8,8,5.4,6.95,60.43,56.91,NVIDIA GeForce RTX 4090,49,187.56,82,5394.1,24564.0,
2026-09-06T21:01:31.430826+00:00,01_yolo26_main,8,8,5.3,6.79,60.43,56.91,NVIDIA GeForce RTX 4090,49,205.74,86,5394.1,24564.0,
2026-09-06T21:01:41.441926+00:00,01_yolo26_main,8,8,5.8,6.9,60.43,56.91,NVIDIA GeForce RTX 4090,50,202.81,81,5394.1,24564.0,
2026-09-06T21:01:51.452996+00:00,01_yolo26_main,8,8,5.0,6.9,60.43,56.91,NVIDIA GeForce RTX 4090,49,206.03,84,5394.1,24564.0,
2026-09-06T21:02:01.464989+00:00,01_yolo26_main,8,8,5.8,6.99,60.43,56.91,NVIDIA GeForce RTX 4090,51,207.27,82,5394.1,24564.0,
2026-09-06T21:02:11.477181+00:00,01_yolo26_main,8,8,4.9,7.12,60.43,56.91,NVIDIA GeForce RTX 4090,50,206.87,78,5394.1,24564.0,
2026-09-06T21:02:21.488977+00:00,01_yolo26_main,8,8,2.9,7.18,60.43,56.91,NVIDIA GeForce RTX 4090,43,62.02,0,5394.1,24564.0,
2026-09-06T21:02:31.499756+00:00,01_yolo26_main,8,8,4.9,6.97,60.43,56.91,NVIDIA GeForce RTX 4090,48,209.12,86,5394.1,24564.0,
2026-09-06T21:02:41.512207+00:00,01_yolo26_main,8,8,5.8,6.92,60.43,56.91,NVIDIA GeForce RTX 4090,50,206.51,81,5394.1,24564.0,
2026-09-06T21:02:51.524211+00:00,01_yolo26_main,8,8,5.3,7.01,60.43,56.91,NVIDIA GeForce RTX 4090,49,205.94,83,5394.1,24564.0,
2026-09-06T21:03:01.535359+00:00,01_yolo26_main,8,8,5.3,6.95,60.43,56.91,NVIDIA GeForce RTX 4090,50,206.43,81,5394.1,24564.0,
2026-09-06T21:03:11.547675+00:00,01_yolo26_main,8,8,5.6,7.07,60.43,56.91,NVIDIA GeForce RTX 4090,50,203.86,80,5394.1,24564.0,
2026-09-06T21:03:21.559830+00:00,01_yolo26_main,8,8,5.4,6.86,60.43,56.91,NVIDIA GeForce RTX 4090,50,206.4,83,5394.1,24564.0,
2026-09-06T21:03:31.570728+00:00,01_yolo26_main,8,8,5.3,7.02,60.43,56.91,NVIDIA GeForce RTX 4090,47,141.29,81,5394.1,24564.0,
2026-09-06T21:03:41.582276+00:00,01_yolo26_main,8,8,5.8,7.02,60.43,56.91,NVIDIA GeForce RTX 4090,51,206.26,76,5394.1,24564.0,
2026-09-06T21:03:51.593503+00:00,01_yolo26_main,8,8,5.0,7.06,60.43,56.91,NVIDIA GeForce RTX 4090,47,83.07,0,5394.1,24564.0,
2026-09-06T21:04:01.605415+00:00,01_yolo26_main,8,8,5.8,7.03,60.43,56.91,NVIDIA GeForce RTX 4090,51,207.72,85,5394.1,24564.0,
2026-09-06T21:04:11.617353+00:00,01_yolo26_main,8,8,2.3,6.78,60.43,56.91,NVIDIA GeForce RTX 4090,50,199.94,85,5394.1,24564.0,
2026-09-06T21:04:21.628853+00:00,01_yolo26_main,8,8,5.7,6.88,60.43,56.91,NVIDIA GeForce RTX 4090,49,206.98,79,5394.1,24564.0,
2026-09-06T21:04:31.644188+00:00,01_yolo26_main,8,8,4.7,7.05,60.43,56.91,NVIDIA GeForce RTX 4090,44,63.77,0,5394.1,24564.0,
2026-09-06T21:04:41.654962+00:00,01_yolo26_main,8,8,5.7,6.95,60.43,56.91,NVIDIA GeForce RTX 4090,50,208.31,81,5394.1,24564.0,
2026-09-06T21:04:51.667415+00:00,01_yolo26_main,8,8,3.4,6.86,60.43,56.91,NVIDIA GeForce RTX 4090,49,207.57,82,5394.1,24564.0,
2026-09-06T21:05:01.679975+00:00,01_yolo26_main,8,8,5.7,6.95,60.43,56.91,NVIDIA GeForce RTX 4090,45,168.36,82,5394.1,24564.0,
2026-09-06T21:05:11.691195+00:00,01_yolo26_main,8,8,5.4,6.83,60.43,56.91,NVIDIA GeForce RTX 4090,50,207.23,85,5394.1,24564.0,
2026-09-06T21:05:21.702996+00:00,01_yolo26_main,8,8,5.7,7.04,60.43,56.91,NVIDIA GeForce RTX 4090,46,164.57,84,5394.1,24564.0,
2026-09-06T21:05:31.713992+00:00,01_yolo26_main,8,8,5.3,7.01,60.43,56.91,NVIDIA GeForce RTX 4090,49,206.1,89,5394.1,24564.0,
2026-09-06T21:05:41.725340+00:00,01_yolo26_main,8,8,5.4,6.86,60.43,56.91,NVIDIA GeForce RTX 4090,51,206.42,83,5394.1,24564.0,
2026-09-06T21:05:51.736481+00:00,01_yolo26_main,8,8,5.5,6.91,60.43,56.91,NVIDIA GeForce RTX 4090,51,207.2,83,5394.1,24564.0,
2026-09-06T21:06:01.747746+00:00,01_yolo26_main,8,8,2.6,6.84,60.43,56.91,NVIDIA GeForce RTX 4090,46,88.76,0,5394.1,24564.0,
2026-09-06T21:06:11.759123+00:00,01_yolo26_main,8,8,4.5,6.85,60.43,56.91,NVIDIA GeForce RTX 4090,49,205.66,79,5394.1,24564.0,
2026-09-06T21:06:21.771376+00:00,01_yolo26_main,8,8,5.6,6.92,60.43,56.91,NVIDIA GeForce RTX 4090,50,206.09,83,5394.1,24564.0,
2026-09-06T21:06:31.783218+00:00,01_yolo26_main,8,8,5.3,7.0,60.43,56.91,NVIDIA GeForce RTX 4090,49,205.77,82,5394.1,24564.0,
2026-09-06T21:06:41.794290+00:00,01_yolo26_main,8,8,5.7,6.88,60.43,56.91,NVIDIA GeForce RTX 4090,50,205.88,81,5394.1,24564.0,
2026-09-06T21:06:51.805099+00:00,01_yolo26_main,8,8,3.3,6.84,60.43,56.91,NVIDIA GeForce RTX 4090,50,207.4,81,5394.1,24564.0,
2026-09-06T21:07:01.817690+00:00,01_yolo26_main,8,8,5.7,7.08,60.43,56.91,NVIDIA GeForce RTX 4090,50,199.47,81,5394.1,24564.0,
2026-09-06T21:07:11.829638+00:00,01_yolo26_main,8,8,5.4,6.97,60.43,56.91,NVIDIA GeForce RTX 4090,50,205.51,81,5394.1,24564.0,
2026-09-06T21:07:21.841733+00:00,01_yolo26_main,8,8,5.3,7.07,60.43,56.91,NVIDIA GeForce RTX 4090,47,106.48,0,5394.1,24564.0,
2026-09-06T21:07:31.854356+00:00,01_yolo26_main,8,8,5.8,6.94,60.43,56.91,NVIDIA GeForce RTX 4090,49,206.7,81,5394.1,24564.0,
2026-09-06T21:07:41.865509+00:00,01_yolo26_main,8,8,5.1,6.98,60.43,56.91,NVIDIA GeForce RTX 4090,45,97.41,42,5394.1,24564.0,
2026-09-06T21:07:51.876697+00:00,01_yolo26_main,8,8,5.8,6.91,60.43,56.91,NVIDIA GeForce RTX 4090,51,206.68,80,5394.1,24564.0,
2026-09-06T21:08:01.888029+00:00,01_yolo26_main,8,8,5.3,7.17,60.43,56.91,NVIDIA GeForce RTX 4090,48,166.37,81,5394.1,24564.0,
2026-09-06T21:08:11.899048+00:00,01_yolo26_main,8,8,5.3,6.99,60.43,56.91,NVIDIA GeForce RTX 4090,51,205.59,84,5394.1,24564.0,
2026-09-06T21:08:21.911418+00:00,01_yolo26_main,8,8,5.6,6.88,60.43,56.91,NVIDIA GeForce RTX 4090,50,205.32,81,5394.1,24564.0,
2026-09-06T21:08:31.922887+00:00,01_yolo26_main,8,8,5.4,7.04,60.43,56.91,NVIDIA GeForce RTX 4090,51,207.19,81,5394.1,24564.0,
2026-09-06T21:08:41.934911+00:00,01_yolo26_main,8,8,5.7,6.98,60.43,56.91,NVIDIA GeForce RTX 4090,50,177.13,82,5394.1,24564.0,
2026-09-06T21:08:51.946078+00:00,01_yolo26_main,8,8,5.4,6.9,60.43,56.91,NVIDIA GeForce RTX 4090,51,207.12,79,5394.1,24564.0,
2026-09-06T21:09:01.958300+00:00,01_yolo26_main,8,8,4.6,6.94,60.43,56.91,NVIDIA GeForce RTX 4090,50,207.41,81,5394.1,24564.0,
2026-09-06T21:09:11.970493+00:00,01_yolo26_main,8,8,5.4,7.12,60.43,56.91,NVIDIA GeForce RTX 4090,49,147.95,3,5394.1,24564.0,
2026-09-06T21:09:21.982120+00:00,01_yolo26_main,8,8,5.4,6.97,60.43,56.91,NVIDIA GeForce RTX 4090,51,208.42,84,5394.1,24564.0,
2026-09-06T21:09:31.994376+00:00,01_yolo26_main,8,8,5.3,7.02,60.43,56.91,NVIDIA GeForce RTX 4090,45,65.03,5,5394.1,24564.0,
2026-09-06T21:09:42.006459+00:00,01_yolo26_main,8,8,5.7,7.04,60.43,56.91,NVIDIA GeForce RTX 4090,51,207.53,78,5394.1,24564.0,
2026-09-06T21:09:52.018776+00:00,01_yolo26_main,8,8,5.4,7.01,60.43,56.91,NVIDIA GeForce RTX 4090,45,75.69,62,5394.1,24564.0,
2026-09-06T21:10:02.029521+00:00,01_yolo26_main,8,8,5.7,6.81,60.43,56.91,NVIDIA GeForce RTX 4090,51,206.79,80,5394.1,24564.0,
2026-09-06T21:10:12.040643+00:00,01_yolo26_main,8,8,5.4,6.82,60.43,56.91,NVIDIA GeForce RTX 4090,51,201.65,84,5394.1,24564.0,
2026-09-06T21:10:22.051665+00:00,01_yolo26_main,8,8,5.6,6.95,60.43,56.91,NVIDIA GeForce RTX 4090,50,207.69,83,5394.1,24564.0,
2026-09-06T21:10:32.062975+00:00,01_yolo26_main,8,8,5.5,6.85,60.43,56.91,NVIDIA GeForce RTX 4090,51,204.67,85,5394.1,24564.0,
2026-09-06T21:10:42.073580+00:00,01_yolo26_main,8,8,5.2,6.97,60.43,56.91,NVIDIA GeForce RTX 4090,50,207.16,84,5394.1,24564.0,
2026-09-06T21:10:52.084986+00:00,01_yolo26_main,8,8,5.8,6.98,60.43,56.91,NVIDIA GeForce RTX 4090,50,206.75,80,5394.1,24564.0,
2026-09-06T21:11:02.096604+00:00,01_yolo26_main,8,8,5.0,6.98,60.43,56.91,NVIDIA GeForce RTX 4090,50,205.23,82,5394.1,24564.0,
2026-09-06T21:11:12.109137+00:00,01_yolo26_main,8,8,5.7,6.88,60.43,56.91,NVIDIA GeForce RTX 4090,51,204.12,84,5394.1,24564.0,
2026-09-06T21:11:22.122100+00:00,01_yolo26_main,8,8,5.3,6.97,60.43,56.91,NVIDIA GeForce RTX 4090,51,206.28,85,5394.1,24564.0,
2026-09-06T21:11:32.134406+00:00,01_yolo26_main,8,8,4.6,7.0,60.43,56.91,NVIDIA GeForce RTX 4090,50,209.3,82,5394.1,24564.0,
2026-09-06T21:11:42.146178+00:00,01_yolo26_main,8,8,5.5,6.97,60.43,56.91,NVIDIA GeForce RTX 4090,47,182.07,15,5394.1,24564.0,
2026-09-06T21:11:52.157137+00:00,01_yolo26_main,8,8,5.4,7.05,60.43,56.91,NVIDIA GeForce RTX 4090,50,207.08,85,5394.1,24564.0,
2026-09-06T21:12:02.168412+00:00,01_yolo26_main,8,8,5.7,7.04,60.43,56.91,NVIDIA GeForce RTX 4090,47,168.22,14,5394.1,24564.0,
2026-09-06T21:12:12.179925+00:00,01_yolo26_main,8,8,5.3,6.96,60.43,56.91,NVIDIA GeForce RTX 4090,51,208.53,83,5394.1,24564.0,
2026-09-06T21:12:22.192895+00:00,01_yolo26_main,8,8,5.7,6.91,60.43,56.91,NVIDIA GeForce RTX 4090,48,178.92,25,5394.1,24564.0,
2026-09-06T21:12:32.203695+00:00,01_yolo26_main,8,8,5.4,6.99,60.43,56.91,NVIDIA GeForce RTX 4090,52,205.78,80,5394.1,24564.0,
2026-09-06T21:12:42.216076+00:00,01_yolo26_main,8,8,5.3,6.95,60.43,56.91,NVIDIA GeForce RTX 4090,50,207.95,80,5394.1,24564.0,
2026-09-06T21:12:52.228581+00:00,01_yolo26_main,8,8,5.3,7.0,60.43,56.91,NVIDIA GeForce RTX 4090,51,208.0,85,5394.1,24564.0,
2026-09-06T21:13:02.240334+00:00,01_yolo26_main,8,8,5.5,6.86,60.43,56.91,NVIDIA GeForce RTX 4090,50,208.96,81,5394.1,24564.0,
2026-09-06T21:13:12.251716+00:00,01_yolo26_main,8,8,5.3,6.94,60.43,56.91,NVIDIA GeForce RTX 4090,51,206.99,80,5394.1,24564.0,
2026-09-06T21:13:22.263289+00:00,01_yolo26_main,8,8,5.8,6.92,60.43,56.91,NVIDIA GeForce RTX 4090,52,206.91,81,5394.1,24564.0,
2026-09-06T21:13:32.275739+00:00,01_yolo26_main,8,8,5.2,6.9,60.43,56.91,NVIDIA GeForce RTX 4090,51,199.84,83,5394.1,24564.0,
2026-09-06T21:13:42.287721+00:00,01_yolo26_main,8,8,5.8,6.89,60.43,56.91,NVIDIA GeForce RTX 4090,51,208.18,81,5394.1,24564.0,
2026-09-06T21:13:52.298794+00:00,01_yolo26_main,8,8,5.4,6.95,60.43,56.91,NVIDIA GeForce RTX 4090,51,199.21,82,5394.1,24564.0,
2026-09-06T21:14:02.310677+00:00,01_yolo26_main,8,8,5.0,6.74,60.43,56.91,NVIDIA GeForce RTX 4090,50,205.97,77,5394.1,24564.0,
2026-09-06T21:14:12.322826+00:00,01_yolo26_main,8,8,5.4,6.95,60.43,56.91,NVIDIA GeForce RTX 4090,45,104.45,0,5394.1,24564.0,
2026-09-06T21:14:22.333883+00:00,01_yolo26_main,8,8,3.7,6.83,60.43,56.91,NVIDIA GeForce RTX 4090,50,177.48,80,5394.1,24564.0,
2026-09-06T21:14:32.345086+00:00,01_yolo26_main,8,8,5.4,6.94,60.43,56.91,NVIDIA GeForce RTX 4090,51,206.45,82,5394.1,24564.0,
2026-09-06T21:14:42.357040+00:00,01_yolo26_main,8,8,5.3,6.96,60.43,56.91,NVIDIA GeForce RTX 4090,50,204.87,83,5394.1,24564.0,
2026-09-06T21:14:52.368639+00:00,01_yolo26_main,8,8,5.3,7.03,60.43,56.91,NVIDIA GeForce RTX 4090,51,207.86,79,5394.1,24564.0,
2026-09-06T21:15:02.380626+00:00,01_yolo26_main,8,8,5.6,6.95,60.43,56.91,NVIDIA GeForce RTX 4090,51,206.57,85,5394.1,24564.0,
2026-09-06T21:15:12.392407+00:00,01_yolo26_main,8,8,5.3,7.03,60.43,56.91,NVIDIA GeForce RTX 4090,50,205.26,81,5394.1,24564.0,
2026-09-06T21:15:22.404730+00:00,01_yolo26_main,8,8,5.8,6.89,60.43,56.91,NVIDIA GeForce RTX 4090,51,206.49,80,5394.1,24564.0,
2026-09-06T21:15:32.416610+00:00,01_yolo26_main,8,8,5.2,7.06,60.43,56.91,NVIDIA GeForce RTX 4090,51,201.66,85,5394.1,24564.0,
2026-09-06T21:15:42.427911+00:00,01_yolo26_main,8,8,5.8,6.99,60.43,56.91,NVIDIA GeForce RTX 4090,50,207.63,83,5394.1,24564.0,
2026-09-06T21:15:52.439470+00:00,01_yolo26_main,8,8,5.5,6.98,60.43,56.91,NVIDIA GeForce RTX 4090,51,207.36,82,5394.1,24564.0,
2026-09-06T21:16:02.451213+00:00,01_yolo26_main,8,8,5.4,6.73,60.43,56.91,NVIDIA GeForce RTX 4090,51,205.53,81,5394.1,24564.0,
2026-09-06T21:16:12.463618+00:00,01_yolo26_main,8,8,5.3,7.12,60.43,56.91,NVIDIA GeForce RTX 4090,48,123.9,83,5394.1,24564.0,
2026-09-06T21:16:22.475201+00:00,01_yolo26_main,8,8,5.5,6.96,60.43,56.91,NVIDIA GeForce RTX 4090,50,206.73,84,5394.1,24564.0,
2026-09-06T21:16:32.487477+00:00,01_yolo26_main,8,8,5.3,6.96,60.43,56.91,NVIDIA GeForce RTX 4090,45,67.05,0,5394.1,24564.0,
2026-09-06T21:16:42.498796+00:00,01_yolo26_main,8,8,3.7,6.94,60.43,56.91,NVIDIA GeForce RTX 4090,49,150.51,57,5394.1,24564.0,
2026-09-06T21:16:52.509486+00:00,01_yolo26_main,8,8,5.4,6.99,60.43,56.91,NVIDIA GeForce RTX 4090,50,205.6,81,5394.1,24564.0,
2026-09-06T21:17:02.521531+00:00,01_yolo26_main,8,8,5.6,6.93,60.43,56.91,NVIDIA GeForce RTX 4090,51,200.86,83,5394.1,24564.0,
2026-09-06T21:17:12.532466+00:00,01_yolo26_main,8,8,5.3,6.84,60.43,56.91,NVIDIA GeForce RTX 4090,51,208.72,82,5832.1,24564.0,
2026-09-06T21:17:22.543809+00:00,01_yolo26_main,8,8,5.8,6.94,60.43,56.91,NVIDIA GeForce RTX 4090,51,196.34,82,5832.1,24564.0,
2026-09-06T21:17:32.554818+00:00,01_yolo26_main,8,8,5.2,7.12,60.43,56.91,NVIDIA GeForce RTX 4090,51,206.62,83,6336.1,24564.0,
2026-09-06T21:17:42.566881+00:00,01_yolo26_main,9,9,5.0,3.94,60.43,57.2,NVIDIA GeForce RTX 4090,43,61.33,0,628.8,24564.0,
2026-09-06T21:17:52.577716+00:00,01_yolo26_main,9,9,6.6,6.78,60.43,57.2,NVIDIA GeForce RTX 4090,50,206.42,82,4656.1,24564.0,
2026-09-06T21:18:02.589562+00:00,01_yolo26_main,9,9,4.6,7.22,60.43,56.8,NVIDIA GeForce RTX 4090,43,75.42,0,4656.1,24564.0,
2026-09-06T21:18:12.601563+00:00,01_yolo26_main,9,9,5.6,7.08,60.43,56.8,NVIDIA GeForce RTX 4090,50,205.62,85,4866.1,24564.0,
2026-09-06T21:18:22.614665+00:00,01_yolo26_main,9,9,5.4,7.1,60.43,56.8,NVIDIA GeForce RTX 4090,45,81.74,3,4866.1,24564.0,
2026-09-06T21:18:32.625310+00:00,01_yolo26_main,9,9,2.5,6.76,60.43,56.8,NVIDIA GeForce RTX 4090,48,208.83,84,4866.1,24564.0,
2026-09-06T21:18:42.636977+00:00,01_yolo26_main,9,9,4.7,6.79,60.43,56.8,NVIDIA GeForce RTX 4090,49,207.9,82,4866.1,24564.0,
2026-09-06T21:18:52.649114+00:00,01_yolo26_main,9,9,3.7,6.8,60.43,56.8,NVIDIA GeForce RTX 4090,49,207.56,84,4866.1,24564.0,
2026-09-06T21:19:02.660899+00:00,01_yolo26_main,9,9,4.1,6.95,60.43,56.8,NVIDIA GeForce RTX 4090,43,63.09,0,4866.1,24564.0,
2026-09-06T21:19:12.672102+00:00,01_yolo26_main,9,9,3.7,6.88,60.43,56.8,NVIDIA GeForce RTX 4090,42,61.01,0,4866.1,24564.0,
2026-09-06T21:19:22.683303+00:00,01_yolo26_main,9,9,3.8,6.96,60.43,56.8,NVIDIA GeForce RTX 4090,42,62.34,0,4866.1,24564.0,
2026-09-06T21:19:32.694806+00:00,01_yolo26_main,9,9,3.7,6.96,60.43,56.8,NVIDIA GeForce RTX 4090,42,113.08,37,4866.1,24564.0,
2026-09-06T21:19:42.705541+00:00,01_yolo26_main,9,9,4.5,6.93,60.43,56.8,NVIDIA GeForce RTX 4090,48,203.65,81,4866.1,24564.0,
2026-09-06T21:19:52.716776+00:00,01_yolo26_main,9,9,5.8,6.82,60.43,56.8,NVIDIA GeForce RTX 4090,48,207.75,81,4866.1,24564.0,
2026-09-06T21:20:02.729037+00:00,01_yolo26_main,9,9,5.2,6.92,60.43,56.8,NVIDIA GeForce RTX 4090,48,201.39,82,4866.1,24564.0,
2026-09-06T21:20:12.741263+00:00,01_yolo26_main,9,9,5.1,6.81,60.43,56.8,NVIDIA GeForce RTX 4090,49,207.29,83,4866.1,24564.0,
2026-09-06T21:20:22.753497+00:00,01_yolo26_main,9,9,5.2,6.85,60.43,56.8,NVIDIA GeForce RTX 4090,49,205.6,83,4866.1,24564.0,
2026-09-06T21:20:32.765541+00:00,01_yolo26_main,9,9,5.3,6.92,60.43,56.8,NVIDIA GeForce RTX 4090,49,203.56,79,4866.1,24564.0,
2026-09-06T21:20:42.779648+00:00,01_yolo26_main,9,9,2.5,6.85,60.43,56.8,NVIDIA GeForce RTX 4090,44,81.85,0,4866.1,24564.0,
2026-09-06T21:20:52.791745+00:00,01_yolo26_main,9,9,5.8,6.9,60.43,56.8,NVIDIA GeForce RTX 4090,48,207.81,83,4866.1,24564.0,
2026-09-06T21:21:02.802600+00:00,01_yolo26_main,9,9,4.6,6.76,60.43,56.8,NVIDIA GeForce RTX 4090,48,203.3,82,4866.1,24564.0,
2026-09-06T21:21:12.815245+00:00,01_yolo26_main,9,9,4.7,6.95,60.43,56.8,NVIDIA GeForce RTX 4090,46,104.66,0,4866.1,24564.0,
2026-09-06T21:21:22.827312+00:00,01_yolo26_main,9,9,5.8,6.97,60.43,56.8,NVIDIA GeForce RTX 4090,50,206.64,85,4866.1,24564.0,
2026-09-06T21:21:32.838451+00:00,01_yolo26_main,9,9,4.6,6.82,60.43,56.8,NVIDIA GeForce RTX 4090,49,208.06,83,4866.1,24564.0,
2026-09-06T21:21:42.850626+00:00,01_yolo26_main,9,9,4.3,7.05,60.43,56.8,NVIDIA GeForce RTX 4090,43,61.89,0,4866.1,24564.0,
2026-09-06T21:21:52.861891+00:00,01_yolo26_main,9,9,3.7,6.93,60.43,56.8,NVIDIA GeForce RTX 4090,49,178.32,82,4866.1,24564.0,
2026-09-06T21:22:02.873003+00:00,01_yolo26_main,9,9,4.6,6.93,60.43,56.8,NVIDIA GeForce RTX 4090,48,197.07,81,4866.1,24564.0,
2026-09-06T21:22:12.884528+00:00,01_yolo26_main,9,9,5.8,6.85,60.43,56.8,NVIDIA GeForce RTX 4090,49,207.27,82,4866.1,24564.0,
2026-09-06T21:22:22.896142+00:00,01_yolo26_main,9,9,4.6,6.94,60.43,56.8,NVIDIA GeForce RTX 4090,43,61.79,0,4866.1,24564.0,
2026-09-06T21:22:32.907141+00:00,01_yolo26_main,9,9,5.5,6.93,60.43,56.8,NVIDIA GeForce RTX 4090,49,205.84,78,4866.1,24564.0,
2026-09-06T21:22:42.918611+00:00,01_yolo26_main,9,9,4.0,6.69,60.43,56.8,NVIDIA GeForce RTX 4090,50,206.99,85,4866.1,24564.0,
2026-09-06T21:22:52.930690+00:00,01_yolo26_main,9,9,4.6,6.69,60.43,56.8,NVIDIA GeForce RTX 4090,49,207.74,83,4866.1,24564.0,
2026-09-06T21:23:02.942308+00:00,01_yolo26_main,9,9,5.5,6.85,60.43,56.8,NVIDIA GeForce RTX 4090,49,207.84,80,4866.1,24564.0,
2026-09-06T21:23:12.954155+00:00,01_yolo26_main,9,9,3.2,6.76,60.43,56.8,NVIDIA GeForce RTX 4090,46,125.07,0,4866.1,24564.0,
2026-09-06T21:23:22.966027+00:00,01_yolo26_main,9,9,4.6,6.81,60.43,56.8,NVIDIA GeForce RTX 4090,49,206.62,79,4866.1,24564.0,
2026-09-06T21:23:32.977275+00:00,01_yolo26_main,9,9,4.2,6.81,60.43,56.8,NVIDIA GeForce RTX 4090,49,205.27,80,4866.1,24564.0,
2026-09-06T21:23:42.989336+00:00,01_yolo26_main,9,9,3.5,6.75,60.43,56.8,NVIDIA GeForce RTX 4090,47,208.05,85,4866.1,24564.0,
2026-09-06T21:23:53.001607+00:00,01_yolo26_main,9,9,4.6,6.78,60.43,56.8,NVIDIA GeForce RTX 4090,47,206.35,83,4866.1,24564.0,
2026-09-06T21:24:03.013678+00:00,01_yolo26_main,9,9,5.2,6.89,60.43,56.8,NVIDIA GeForce RTX 4090,43,62.07,8,4866.1,24564.0,
2026-09-06T21:24:13.024893+00:00,01_yolo26_main,9,9,3.7,6.91,60.43,56.8,NVIDIA GeForce RTX 4090,42,61.31,0,4866.1,24564.0,
2026-09-06T21:24:23.035988+00:00,01_yolo26_main,9,9,4.0,6.87,60.43,56.8,NVIDIA GeForce RTX 4090,42,81.03,0,4866.1,24564.0,
2026-09-06T21:24:33.047184+00:00,01_yolo26_main,9,9,5.8,6.86,60.43,56.8,NVIDIA GeForce RTX 4090,49,204.76,80,4866.1,24564.0,
2026-09-06T21:24:43.058806+00:00,01_yolo26_main,9,9,3.0,6.77,60.43,56.8,NVIDIA GeForce RTX 4090,47,206.06,83,4866.1,24564.0,
2026-09-06T21:24:53.071546+00:00,01_yolo26_main,9,9,5.8,6.79,60.43,56.8,NVIDIA GeForce RTX 4090,49,201.59,80,4866.1,24564.0,
2026-09-06T21:25:03.082446+00:00,01_yolo26_main,9,9,4.0,6.9,60.43,56.8,NVIDIA GeForce RTX 4090,45,148.54,84,4866.1,24564.0,
2026-09-06T21:25:13.093890+00:00,01_yolo26_main,9,9,5.3,6.82,60.43,56.8,NVIDIA GeForce RTX 4090,47,205.89,82,4866.1,24564.0,
2026-09-06T21:25:23.106305+00:00,01_yolo26_main,9,9,5.7,6.84,60.43,56.8,NVIDIA GeForce RTX 4090,49,171.31,84,4866.1,24564.0,
2026-09-06T21:25:33.117498+00:00,01_yolo26_main,9,9,5.5,6.9,60.43,56.8,NVIDIA GeForce RTX 4090,49,207.09,83,4866.1,24564.0,
2026-09-06T21:25:43.129493+00:00,01_yolo26_main,9,9,2.4,6.92,60.43,56.8,NVIDIA GeForce RTX 4090,46,115.75,0,5076.1,24564.0,
2026-09-06T21:25:53.141215+00:00,01_yolo26_main,9,9,4.8,6.89,60.43,56.8,NVIDIA GeForce RTX 4090,48,206.9,83,5076.1,24564.0,
2026-09-06T21:26:03.153660+00:00,01_yolo26_main,9,9,5.6,6.86,60.43,56.8,NVIDIA GeForce RTX 4090,49,206.93,82,5076.1,24564.0,
2026-09-06T21:26:13.165798+00:00,01_yolo26_main,9,9,4.0,7.01,60.43,56.8,NVIDIA GeForce RTX 4090,42,60.62,0,5076.1,24564.0,
2026-09-06T21:26:23.176725+00:00,01_yolo26_main,9,9,5.2,6.93,60.43,56.8,NVIDIA GeForce RTX 4090,48,207.73,80,5076.1,24564.0,
2026-09-06T21:26:33.191665+00:00,01_yolo26_main,9,9,4.4,6.86,60.43,56.8,NVIDIA GeForce RTX 4090,49,207.46,81,5076.1,24564.0,
2026-09-06T21:26:43.203867+00:00,01_yolo26_main,9,9,4.2,6.69,60.43,56.8,NVIDIA GeForce RTX 4090,49,207.63,82,5076.1,24564.0,
2026-09-06T21:26:53.215777+00:00,01_yolo26_main,9,9,5.2,6.85,60.43,56.8,NVIDIA GeForce RTX 4090,49,174.62,83,5076.1,24564.0,
2026-09-06T21:27:03.228101+00:00,01_yolo26_main,9,9,4.7,6.83,60.43,56.8,NVIDIA GeForce RTX 4090,48,207.34,85,5076.1,24564.0,
2026-09-06T21:27:13.239905+00:00,01_yolo26_main,9,9,5.8,6.9,60.43,56.8,NVIDIA GeForce RTX 4090,49,200.03,76,5076.1,24564.0,
2026-09-06T21:27:23.250938+00:00,01_yolo26_main,9,9,5.4,7.03,60.43,56.8,NVIDIA GeForce RTX 4090,49,206.92,82,5076.1,24564.0,
2026-09-06T21:27:33.263024+00:00,01_yolo26_main,9,9,5.0,6.85,60.43,56.8,NVIDIA GeForce RTX 4090,50,205.09,82,5076.1,24564.0,
2026-09-06T21:27:43.275507+00:00,01_yolo26_main,9,9,4.6,7.08,60.43,56.8,NVIDIA GeForce RTX 4090,43,61.77,0,5076.1,24564.0,
2026-09-06T21:27:53.286307+00:00,01_yolo26_main,9,9,5.3,6.96,60.43,56.8,NVIDIA GeForce RTX 4090,50,205.94,82,5076.1,24564.0,
2026-09-06T21:28:03.298040+00:00,01_yolo26_main,9,9,5.1,6.8,60.43,56.8,NVIDIA GeForce RTX 4090,50,205.31,81,5076.1,24564.0,
2026-09-06T21:28:13.309254+00:00,01_yolo26_main,9,9,4.5,6.93,60.43,56.8,NVIDIA GeForce RTX 4090,43,65.55,0,5076.1,24564.0,
2026-09-06T21:28:23.320453+00:00,01_yolo26_main,9,9,5.6,6.88,60.43,56.8,NVIDIA GeForce RTX 4090,48,206.26,82,5081.6,24564.0,
2026-09-06T21:28:33.332114+00:00,01_yolo26_main,9,9,3.4,6.8,60.43,56.8,NVIDIA GeForce RTX 4090,49,205.6,81,5081.6,24564.0,
2026-09-06T21:28:43.344016+00:00,01_yolo26_main,9,9,5.7,6.78,60.43,56.8,NVIDIA GeForce RTX 4090,48,179.32,65,5081.6,24564.0,
2026-09-06T21:28:53.355118+00:00,01_yolo26_main,9,9,4.5,6.98,60.43,56.8,NVIDIA GeForce RTX 4090,49,201.17,84,5083.6,24564.0,
2026-09-06T21:29:03.367411+00:00,01_yolo26_main,9,9,4.9,6.8,60.43,56.8,NVIDIA GeForce RTX 4090,49,204.66,81,5083.6,24564.0,
2026-09-06T21:29:13.379442+00:00,01_yolo26_main,9,9,5.5,6.86,60.43,56.8,NVIDIA GeForce RTX 4090,48,189.26,82,5083.6,24564.0,
2026-09-06T21:29:23.390385+00:00,01_yolo26_main,9,9,5.3,6.95,60.43,56.8,NVIDIA GeForce RTX 4090,50,205.95,82,5083.6,24564.0,
2026-09-06T21:29:33.401531+00:00,01_yolo26_main,9,9,5.8,6.86,60.43,56.8,NVIDIA GeForce RTX 4090,50,204.98,86,5083.6,24564.0,
2026-09-06T21:29:43.412820+00:00,01_yolo26_main,9,9,5.3,7.05,60.43,56.8,NVIDIA GeForce RTX 4090,50,207.09,83,5083.6,24564.0,
2026-09-06T21:29:53.424073+00:00,01_yolo26_main,9,9,3.3,6.84,60.43,56.8,NVIDIA GeForce RTX 4090,50,204.12,80,5083.6,24564.0,
2026-09-06T21:30:03.436569+00:00,01_yolo26_main,9,9,5.8,6.88,60.43,56.8,NVIDIA GeForce RTX 4090,49,204.72,80,5083.6,24564.0,
2026-09-06T21:30:13.448314+00:00,01_yolo26_main,9,9,5.0,7.02,60.43,56.8,NVIDIA GeForce RTX 4090,48,179.72,83,5083.6,24564.0,
2026-09-06T21:30:23.460436+00:00,01_yolo26_main,9,9,5.8,6.9,60.43,56.8,NVIDIA GeForce RTX 4090,51,205.81,81,5083.6,24564.0,
2026-09-06T21:30:33.472939+00:00,01_yolo26_main,9,9,4.8,6.93,60.43,56.8,NVIDIA GeForce RTX 4090,44,62.13,0,5083.6,24564.0,
2026-09-06T21:30:43.483867+00:00,01_yolo26_main,9,9,3.6,6.75,60.43,56.8,NVIDIA GeForce RTX 4090,50,204.36,81,5083.6,24564.0,
2026-09-06T21:30:53.495155+00:00,01_yolo26_main,9,9,5.3,6.8,60.43,56.8,NVIDIA GeForce RTX 4090,49,203.72,78,5083.6,24564.0,
2026-09-06T21:31:03.507002+00:00,01_yolo26_main,9,9,5.8,6.81,60.43,56.8,NVIDIA GeForce RTX 4090,50,206.6,80,5083.6,24564.0,
2026-09-06T21:31:13.518232+00:00,01_yolo26_main,9,9,5.2,6.95,60.43,56.8,NVIDIA GeForce RTX 4090,50,203.08,80,5083.6,24564.0,
2026-09-06T21:31:23.529856+00:00,01_yolo26_main,9,9,4.6,6.92,60.43,56.8,NVIDIA GeForce RTX 4090,50,206.06,80,5083.6,24564.0,
2026-09-06T21:31:33.541480+00:00,01_yolo26_main,9,9,5.5,6.89,60.43,56.8,NVIDIA GeForce RTX 4090,45,137.81,1,5083.6,24564.0,
2026-09-06T21:31:43.554011+00:00,01_yolo26_main,9,9,5.4,7.04,60.43,56.8,NVIDIA GeForce RTX 4090,50,205.99,80,5083.6,24564.0,
2026-09-06T21:31:53.566049+00:00,01_yolo26_main,9,9,5.6,6.99,60.43,56.8,NVIDIA GeForce RTX 4090,46,141.55,42,5083.6,24564.0,
2026-09-06T21:32:03.576759+00:00,01_yolo26_main,9,9,3.2,6.8,60.43,56.8,NVIDIA GeForce RTX 4090,49,208.06,79,5083.6,24564.0,
2026-09-06T21:32:13.590378+00:00,01_yolo26_main,9,9,5.6,7.0,60.43,56.8,NVIDIA GeForce RTX 4090,50,203.26,81,5083.6,24564.0,
2026-09-06T21:32:23.602200+00:00,01_yolo26_main,9,9,5.4,6.79,60.43,56.8,NVIDIA GeForce RTX 4090,50,205.12,77,5083.6,24564.0,
2026-09-06T21:32:33.613864+00:00,01_yolo26_main,9,9,5.3,6.88,60.43,56.8,NVIDIA GeForce RTX 4090,50,205.71,80,5083.6,24564.0,
2026-09-06T21:32:43.624988+00:00,01_yolo26_main,9,9,5.8,6.75,60.43,56.8,NVIDIA GeForce RTX 4090,50,207.34,84,5083.6,24564.0,
2026-09-06T21:32:53.636771+00:00,01_yolo26_main,9,9,5.0,6.91,60.43,56.8,NVIDIA GeForce RTX 4090,50,189.65,82,5083.6,24564.0,
2026-09-06T21:33:03.649347+00:00,01_yolo26_main,9,9,5.8,6.95,60.43,56.8,NVIDIA GeForce RTX 4090,51,205.26,84,5083.6,24564.0,
2026-09-06T21:33:13.661281+00:00,01_yolo26_main,9,9,5.3,6.87,60.43,56.8,NVIDIA GeForce RTX 4090,50,172.44,87,5083.6,24564.0,
2026-09-06T21:33:23.673082+00:00,01_yolo26_main,9,9,5.4,6.8,60.43,56.8,NVIDIA GeForce RTX 4090,51,204.34,85,5083.6,24564.0,
2026-09-06T21:33:33.684809+00:00,01_yolo26_main,9,9,5.5,7.04,60.43,56.8,NVIDIA GeForce RTX 4090,50,137.69,9,5083.6,24564.0,
2026-09-06T21:33:43.696714+00:00,01_yolo26_main,9,9,5.4,6.85,60.43,56.8,NVIDIA GeForce RTX 4090,51,207.35,86,5083.6,24564.0,
2026-09-06T21:33:53.708475+00:00,01_yolo26_main,9,9,5.4,7.02,60.43,56.8,NVIDIA GeForce RTX 4090,45,99.82,13,5083.6,24564.0,
2026-09-06T21:34:03.719705+00:00,01_yolo26_main,9,9,3.1,6.77,60.43,56.8,NVIDIA GeForce RTX 4090,50,206.74,81,5083.6,24564.0,
2026-09-06T21:34:13.730524+00:00,01_yolo26_main,9,9,5.7,6.98,60.43,56.8,NVIDIA GeForce RTX 4090,49,205.13,77,5083.6,24564.0,
2026-09-06T21:34:23.742609+00:00,01_yolo26_main,9,9,5.5,6.94,60.43,56.8,NVIDIA GeForce RTX 4090,51,205.77,85,5083.6,24564.0,
2026-09-06T21:34:33.754804+00:00,01_yolo26_main,9,9,5.3,6.81,60.43,56.8,NVIDIA GeForce RTX 4090,51,205.15,84,5083.6,24564.0,
2026-09-06T21:34:43.766568+00:00,01_yolo26_main,9,9,5.8,6.87,60.43,56.8,NVIDIA GeForce RTX 4090,51,207.6,81,5083.6,24564.0,
2026-09-06T21:34:53.778058+00:00,01_yolo26_main,9,9,5.0,6.87,60.43,56.8,NVIDIA GeForce RTX 4090,50,173.18,84,5083.6,24564.0,
2026-09-06T21:35:03.790456+00:00,01_yolo26_main,9,9,5.0,6.91,60.43,56.8,NVIDIA GeForce RTX 4090,50,206.11,82,5083.6,24564.0,
2026-09-06T21:35:13.801879+00:00,01_yolo26_main,9,9,5.6,7.0,60.43,56.8,NVIDIA GeForce RTX 4090,45,129.65,65,5939.6,24564.0,
2026-09-06T21:35:23.812563+00:00,01_yolo26_main,9,9,4.6,6.91,60.43,56.8,NVIDIA GeForce RTX 4090,50,201.88,83,5939.6,24564.0,
2026-09-06T21:35:33.824396+00:00,01_yolo26_main,9,9,5.7,6.96,60.43,56.8,NVIDIA GeForce RTX 4090,50,207.21,85,5939.6,24564.0,
2026-09-06T21:35:43.836062+00:00,01_yolo26_main,9,9,5.4,6.97,60.43,56.8,NVIDIA GeForce RTX 4090,50,203.84,81,5939.6,24564.0,
2026-09-06T21:35:53.848124+00:00,01_yolo26_main,9,9,5.1,6.96,60.43,56.8,NVIDIA GeForce RTX 4090,51,203.67,81,5939.6,24564.0,
2026-09-06T21:36:03.860038+00:00,01_yolo26_main,9,9,5.3,7.03,60.43,56.8,NVIDIA GeForce RTX 4090,44,63.5,0,5939.6,24564.0,
2026-09-06T21:36:13.871324+00:00,01_yolo26_main,9,9,2.8,6.84,60.43,56.8,NVIDIA GeForce RTX 4090,49,206.28,83,5939.6,24564.0,
2026-09-06T21:36:23.883284+00:00,01_yolo26_main,9,9,5.5,6.95,60.43,56.8,NVIDIA GeForce RTX 4090,50,201.09,83,5939.6,24564.0,
2026-09-06T21:36:33.894759+00:00,01_yolo26_main,9,9,5.0,6.98,60.43,56.8,NVIDIA GeForce RTX 4090,50,205.86,81,5939.6,24564.0,
2026-09-06T21:36:43.905734+00:00,01_yolo26_main,9,9,5.3,7.02,60.43,56.8,NVIDIA GeForce RTX 4090,44,82.1,6,5939.6,24564.0,
2026-09-06T21:36:53.916483+00:00,01_yolo26_main,9,9,4.8,6.87,60.43,56.8,NVIDIA GeForce RTX 4090,50,207.68,82,5939.6,24564.0,
2026-09-06T21:37:03.928710+00:00,01_yolo26_main,9,9,5.8,6.87,60.43,56.8,NVIDIA GeForce RTX 4090,51,206.2,81,5939.6,24564.0,
2026-09-06T21:37:13.940169+00:00,01_yolo26_main,9,9,4.9,6.9,60.43,56.8,NVIDIA GeForce RTX 4090,50,173.37,83,5939.6,24564.0,
2026-09-06T21:37:23.952229+00:00,01_yolo26_main,9,9,4.7,6.67,60.43,56.8,NVIDIA GeForce RTX 4090,49,206.71,82,5939.6,24564.0,
2026-09-06T21:37:33.963351+00:00,01_yolo26_main,9,9,5.6,6.83,60.43,56.8,NVIDIA GeForce RTX 4090,50,208.68,85,5939.6,24564.0,
2026-09-06T21:37:43.974296+00:00,01_yolo26_main,9,9,5.3,6.96,60.43,56.8,NVIDIA GeForce RTX 4090,50,207.18,84,5939.6,24564.0,
2026-09-06T21:37:53.986158+00:00,01_yolo26_main,9,9,5.8,6.88,60.43,56.8,NVIDIA GeForce RTX 4090,50,204.81,82,5939.6,24564.0,
2026-09-06T21:38:04.000120+00:00,01_yolo26_main,9,9,5.0,6.98,60.43,56.8,NVIDIA GeForce RTX 4090,50,205.62,81,5939.6,24564.0,
2026-09-06T21:38:14.011244+00:00,01_yolo26_main,9,9,2.7,6.91,60.43,56.8,NVIDIA GeForce RTX 4090,43,58.62,0,5939.6,24564.0,
2026-09-06T21:38:24.022266+00:00,01_yolo26_main,9,9,5.2,6.83,60.43,56.8,NVIDIA GeForce RTX 4090,49,206.43,81,5939.6,24564.0,
2026-09-06T21:38:34.033973+00:00,01_yolo26_main,9,9,5.0,6.85,60.43,56.8,NVIDIA GeForce RTX 4090,49,204.54,81,5939.6,24564.0,
2026-09-06T21:38:44.046878+00:00,01_yolo26_main,9,9,4.7,6.9,60.43,56.8,NVIDIA GeForce RTX 4090,44,59.95,0,5939.6,24564.0,
2026-09-06T21:38:54.058108+00:00,01_yolo26_main,9,9,3.9,6.88,60.43,56.8,NVIDIA GeForce RTX 4090,43,99.9,24,5939.6,24564.0,
2026-09-06T21:39:04.069856+00:00,01_yolo26_main,9,9,5.8,6.83,60.43,56.8,NVIDIA GeForce RTX 4090,49,207.27,83,5934.1,24564.0,
2026-09-06T21:39:14.081142+00:00,01_yolo26_main,9,9,5.0,6.87,60.43,56.8,NVIDIA GeForce RTX 4090,49,197.99,76,5934.1,24564.0,
2026-09-06T21:39:24.092094+00:00,01_yolo26_main,9,9,4.6,6.94,60.43,56.8,NVIDIA GeForce RTX 4090,49,195.36,82,5934.1,24564.0,
2026-09-06T21:39:34.104674+00:00,01_yolo26_main,9,9,5.7,6.86,60.43,56.8,NVIDIA GeForce RTX 4090,50,205.93,87,5934.1,24564.0,
2026-09-06T21:39:44.116124+00:00,01_yolo26_main,9,9,5.4,6.92,60.43,56.8,NVIDIA GeForce RTX 4090,50,199.94,80,5934.1,24564.0,
2026-09-06T21:39:54.127544+00:00,01_yolo26_main,9,9,5.7,6.82,60.43,56.8,NVIDIA GeForce RTX 4090,51,205.55,79,5934.1,24564.0,
2026-09-06T21:40:04.138694+00:00,01_yolo26_main,9,9,1.9,6.74,60.43,56.8,NVIDIA GeForce RTX 4090,49,203.83,80,5934.1,24564.0,
2026-09-06T21:40:14.150264+00:00,01_yolo26_main,9,9,5.8,6.84,60.43,56.8,NVIDIA GeForce RTX 4090,49,205.12,82,5934.1,24564.0,
2026-09-06T21:40:24.161758+00:00,01_yolo26_main,9,9,2.0,6.81,60.43,56.8,NVIDIA GeForce RTX 4090,48,203.94,83,5934.1,24564.0,
2026-09-06T21:40:34.173514+00:00,01_yolo26_main,9,9,5.5,6.79,60.43,56.8,NVIDIA GeForce RTX 4090,49,205.18,84,5934.1,24564.0,
2026-09-06T21:40:44.185649+00:00,01_yolo26_main,9,9,5.0,6.9,60.43,56.8,NVIDIA GeForce RTX 4090,48,199.66,85,5934.1,24564.0,
2026-09-06T21:40:54.198169+00:00,01_yolo26_main,9,9,5.8,6.88,60.43,56.8,NVIDIA GeForce RTX 4090,49,208.08,84,5934.1,24564.0,
2026-09-06T21:41:04.210175+00:00,01_yolo26_main,9,9,2.3,6.77,60.43,56.8,NVIDIA GeForce RTX 4090,48,201.04,79,5934.1,24564.0,
2026-09-06T21:41:14.222034+00:00,01_yolo26_main,9,9,5.6,6.89,60.43,56.8,NVIDIA GeForce RTX 4090,48,204.06,75,5934.1,24564.0,
2026-09-06T21:41:24.234420+00:00,01_yolo26_main,9,9,5.4,6.88,60.43,56.8,NVIDIA GeForce RTX 4090,50,205.55,79,5934.1,24564.0,
2026-09-06T21:41:34.247059+00:00,01_yolo26_main,9,9,5.7,6.76,60.43,56.8,NVIDIA GeForce RTX 4090,50,205.7,82,5934.1,24564.0,
2026-09-06T21:41:44.258630+00:00,01_yolo26_main,9,9,5.3,6.87,60.43,56.8,NVIDIA GeForce RTX 4090,50,204.03,80,5934.1,24564.0,
2026-09-06T21:41:54.270496+00:00,01_yolo26_main,9,9,5.4,6.94,60.43,56.8,NVIDIA GeForce RTX 4090,50,206.96,79,5934.1,24564.0,
2026-09-06T21:42:04.282772+00:00,01_yolo26_main,9,9,5.4,6.97,60.43,56.8,NVIDIA GeForce RTX 4090,49,196.87,80,5934.1,24564.0,
2026-09-06T21:42:14.294888+00:00,01_yolo26_main,9,9,5.1,6.86,60.43,56.8,NVIDIA GeForce RTX 4090,51,207.1,81,5934.1,24564.0,
2026-09-06T21:42:24.307353+00:00,01_yolo26_main,9,9,5.3,7.13,60.43,56.8,NVIDIA GeForce RTX 4090,44,70.02,0,5934.1,24564.0,
2026-09-06T21:42:34.318418+00:00,01_yolo26_main,9,9,2.5,6.88,60.43,56.8,NVIDIA GeForce RTX 4090,49,201.79,77,5934.1,24564.0,
2026-09-06T21:42:44.330731+00:00,01_yolo26_main,9,9,5.5,7.07,60.43,56.8,NVIDIA GeForce RTX 4090,49,155.05,86,5934.1,24564.0,
2026-09-06T21:42:54.342091+00:00,01_yolo26_main,9,9,5.1,6.81,60.43,56.8,NVIDIA GeForce RTX 4090,50,205.18,82,5934.1,24564.0,
2026-09-06T21:43:04.354645+00:00,01_yolo26_main,9,9,5.6,6.92,60.43,56.8,NVIDIA GeForce RTX 4090,44,118.11,0,5934.1,24564.0,
2026-09-06T21:43:14.365677+00:00,01_yolo26_main,9,9,2.4,6.76,60.43,56.8,NVIDIA GeForce RTX 4090,48,205.5,83,5934.1,24564.0,
2026-09-06T21:43:24.377477+00:00,01_yolo26_main,9,9,5.4,6.87,60.43,56.8,NVIDIA GeForce RTX 4090,47,109.13,84,5934.1,24564.0,
2026-09-06T21:43:34.389483+00:00,01_yolo26_main,9,9,5.7,6.94,60.43,56.8,NVIDIA GeForce RTX 4090,50,205.84,82,5934.1,24564.0,
2026-09-06T21:43:44.401091+00:00,01_yolo26_main,9,9,3.4,6.9,60.43,56.8,NVIDIA GeForce RTX 4090,49,204.89,78,5934.1,24564.0,
2026-09-06T21:43:54.411975+00:00,01_yolo26_main,9,9,4.1,6.82,60.43,56.8,NVIDIA GeForce RTX 4090,48,204.51,82,5934.1,24564.0,
2026-09-06T21:44:04.423855+00:00,01_yolo26_main,9,9,5.2,6.99,60.43,56.8,NVIDIA GeForce RTX 4090,43,102.82,0,5934.1,24564.0,
2026-09-06T21:44:14.436302+00:00,01_yolo26_main,9,9,3.7,6.91,60.43,56.8,NVIDIA GeForce RTX 4090,42,60.12,0,5934.1,24564.0,
2026-09-06T21:44:24.447274+00:00,01_yolo26_main,9,9,4.5,6.87,60.43,56.8,NVIDIA GeForce RTX 4090,48,202.66,81,5934.1,24564.0,
2026-09-06T21:44:34.458868+00:00,01_yolo26_main,9,9,5.3,6.81,60.43,56.8,NVIDIA GeForce RTX 4090,48,204.87,81,5934.1,24564.0,
2026-09-06T21:44:44.470749+00:00,01_yolo26_main,9,9,5.5,6.95,60.43,56.8,NVIDIA GeForce RTX 4090,48,154.57,82,5934.1,24564.0,
2026-09-06T21:44:54.482772+00:00,01_yolo26_main,9,9,5.3,6.89,60.43,56.8,NVIDIA GeForce RTX 4090,50,205.64,80,5934.1,24564.0,
2026-09-06T21:45:04.494465+00:00,01_yolo26_main,9,9,5.4,7.01,60.43,56.8,NVIDIA GeForce RTX 4090,44,83.5,0,5934.1,24564.0,
2026-09-06T21:45:14.505507+00:00,01_yolo26_main,9,9,5.6,6.84,60.43,56.8,NVIDIA GeForce RTX 4090,50,206.12,82,5934.1,24564.0,
2026-09-06T21:45:24.521859+00:00,01_yolo26_main,9,9,5.4,7.08,60.43,56.8,NVIDIA GeForce RTX 4090,45,110.4,0,5934.1,24564.0,
2026-09-06T21:45:34.532529+00:00,01_yolo26_main,9,9,5.7,6.96,60.43,56.8,NVIDIA GeForce RTX 4090,50,206.07,84,5934.1,24564.0,
2026-09-06T21:45:44.543838+00:00,01_yolo26_main,9,9,5.0,6.99,60.43,56.8,NVIDIA GeForce RTX 4090,50,206.38,81,5934.1,24564.0,
2026-09-06T21:45:54.556540+00:00,01_yolo26_main,9,9,4.2,7.06,60.43,56.8,NVIDIA GeForce RTX 4090,43,59.64,0,5934.1,24564.0,
2026-09-06T21:46:04.567731+00:00,01_yolo26_main,9,9,3.6,6.8,60.43,56.8,NVIDIA GeForce RTX 4090,49,193.29,84,5934.1,24564.0,
2026-09-06T21:46:14.578725+00:00,01_yolo26_main,9,9,5.4,7.03,60.43,56.8,NVIDIA GeForce RTX 4090,49,205.52,81,5934.1,24564.0,
2026-09-06T21:46:24.590006+00:00,01_yolo26_main,9,9,5.4,6.8,60.43,56.8,NVIDIA GeForce RTX 4090,50,206.09,82,5934.1,24564.0,
2026-09-06T21:46:34.601829+00:00,01_yolo26_main,9,9,5.3,6.87,60.43,56.8,NVIDIA GeForce RTX 4090,50,206.89,81,5934.1,24564.0,
2026-09-06T21:46:44.613819+00:00,01_yolo26_main,9,9,5.6,6.85,60.43,56.8,NVIDIA GeForce RTX 4090,50,205.67,82,5934.1,24564.0,
2026-09-06T21:46:54.625675+00:00,01_yolo26_main,9,9,5.3,6.9,60.43,56.8,NVIDIA GeForce RTX 4090,49,197.15,85,5934.1,24564.0,
2026-09-06T21:47:04.637605+00:00,01_yolo26_main,9,9,5.8,6.79,60.43,56.8,NVIDIA GeForce RTX 4090,50,205.19,81,5934.1,24564.0,
2026-09-06T21:47:14.649148+00:00,01_yolo26_main,9,9,5.3,7.05,60.43,56.8,NVIDIA GeForce RTX 4090,49,180.62,81,5934.1,24564.0,
2026-09-06T21:47:24.660380+00:00,01_yolo26_main,9,9,5.8,6.94,60.43,56.8,NVIDIA GeForce RTX 4090,50,205.06,81,5934.1,24564.0,
2026-09-06T21:47:34.672815+00:00,01_yolo26_main,9,9,5.4,6.93,60.43,56.8,NVIDIA GeForce RTX 4090,50,189.06,89,5934.1,24564.0,
2026-09-06T21:47:44.687315+00:00,01_yolo26_main,9,9,3.1,7.02,60.43,56.8,NVIDIA GeForce RTX 4090,43,60.06,0,5934.1,24564.0,
2026-09-06T21:47:54.698265+00:00,01_yolo26_main,9,9,4.8,6.78,60.43,56.8,NVIDIA GeForce RTX 4090,50,205.67,84,5934.1,24564.0,
2026-09-06T21:48:04.709647+00:00,01_yolo26_main,9,9,5.3,6.9,60.43,56.8,NVIDIA GeForce RTX 4090,50,204.83,81,5934.1,24564.0,
2026-09-06T21:48:14.721176+00:00,01_yolo26_main,9,9,5.0,6.89,60.43,56.8,NVIDIA GeForce RTX 4090,48,122.13,0,5934.1,24564.0,
2026-09-06T21:48:24.732984+00:00,01_yolo26_main,9,9,5.7,6.85,60.43,56.8,NVIDIA GeForce RTX 4090,49,207.01,85,5934.1,24564.0,
2026-09-06T21:48:34.745057+00:00,01_yolo26_main,9,9,2.0,6.81,60.43,56.8,NVIDIA GeForce RTX 4090,48,193.06,80,5934.1,24564.0,
2026-09-06T21:48:44.757143+00:00,01_yolo26_main,9,9,5.6,6.88,60.43,56.8,NVIDIA GeForce RTX 4090,49,206.18,78,5934.1,24564.0,
2026-09-06T21:48:54.768905+00:00,01_yolo26_main,9,9,5.4,6.99,60.43,56.8,NVIDIA GeForce RTX 4090,49,164.51,82,5934.1,24564.0,
2026-09-06T21:49:04.780125+00:00,01_yolo26_main,9,9,5.7,6.94,60.43,56.8,NVIDIA GeForce RTX 4090,46,190.5,85,5934.1,24564.0,
2026-09-06T21:49:14.792720+00:00,01_yolo26_main,9,9,2.5,6.95,60.43,56.8,NVIDIA GeForce RTX 4090,48,206.04,79,5934.1,24564.0,
2026-09-06T21:49:24.804224+00:00,01_yolo26_main,9,9,5.8,6.9,60.43,56.8,NVIDIA GeForce RTX 4090,49,205.72,80,5934.1,24564.0,
2026-09-06T21:49:34.816034+00:00,01_yolo26_main,9,9,4.8,7.06,60.43,56.8,NVIDIA GeForce RTX 4090,50,200.03,84,5934.1,24564.0,
2026-09-06T21:49:44.828025+00:00,01_yolo26_main,9,9,5.8,6.97,60.43,56.8,NVIDIA GeForce RTX 4090,50,207.18,86,5934.1,24564.0,
2026-09-06T21:49:54.840340+00:00,01_yolo26_main,9,9,5.2,7.02,60.43,56.8,NVIDIA GeForce RTX 4090,48,160.79,80,5934.1,24564.0,
2026-09-06T21:50:04.852462+00:00,01_yolo26_main,9,9,5.4,6.89,60.43,56.8,NVIDIA GeForce RTX 4090,51,206.41,79,5934.1,24564.0,
2026-09-06T21:50:14.864492+00:00,01_yolo26_main,9,9,5.5,6.97,60.43,56.8,NVIDIA GeForce RTX 4090,48,146.35,28,5934.1,24564.0,
2026-09-06T21:50:24.877021+00:00,01_yolo26_main,9,9,3.4,6.98,60.43,56.8,NVIDIA GeForce RTX 4090,43,60.43,0,5934.1,24564.0,
2026-09-06T21:50:34.888461+00:00,01_yolo26_main,9,9,4.8,6.98,60.43,56.8,NVIDIA GeForce RTX 4090,49,205.56,81,5934.1,24564.0,
2026-09-06T21:50:44.901213+00:00,01_yolo26_main,9,9,5.3,6.87,60.43,56.8,NVIDIA GeForce RTX 4090,49,206.04,83,5934.1,24564.0,
2026-09-06T21:50:54.913213+00:00,01_yolo26_main,9,9,5.6,7.14,60.43,56.8,NVIDIA GeForce RTX 4090,49,202.01,80,5934.1,24564.0,
2026-09-06T21:51:04.925430+00:00,01_yolo26_main,9,9,5.5,6.88,60.43,56.8,NVIDIA GeForce RTX 4090,50,202.33,85,5934.1,24564.0,
2026-09-06T21:51:14.937824+00:00,01_yolo26_main,9,9,5.3,6.87,60.43,56.8,NVIDIA GeForce RTX 4090,48,115.17,0,5934.1,24564.0,
2026-09-06T21:51:24.949639+00:00,01_yolo26_main,9,9,5.8,6.99,60.43,56.8,NVIDIA GeForce RTX 4090,51,206.05,79,5934.1,24564.0,
2026-09-06T21:51:34.961518+00:00,01_yolo26_main,9,9,5.0,7.09,60.43,56.8,NVIDIA GeForce RTX 4090,45,107.72,83,5934.1,24564.0,
2026-09-06T21:51:44.972132+00:00,01_yolo26_main,9,9,5.7,6.92,60.43,56.8,NVIDIA GeForce RTX 4090,50,208.24,84,5934.1,24564.0,
2026-09-06T21:51:54.983846+00:00,01_yolo26_main,9,9,5.4,6.94,60.43,56.8,NVIDIA GeForce RTX 4090,51,189.92,84,5934.1,24564.0,
2026-09-06T21:52:04.994721+00:00,01_yolo26_main,9,9,4.6,6.85,60.43,56.8,NVIDIA GeForce RTX 4090,49,200.63,82,5934.1,24564.0,
2026-09-06T21:52:15.006220+00:00,01_yolo26_main,9,9,5.5,6.91,60.43,56.8,NVIDIA GeForce RTX 4090,49,206.6,83,5934.1,24564.0,
2026-09-06T21:52:25.018221+00:00,01_yolo26_main,9,9,5.3,7.11,60.43,56.8,NVIDIA GeForce RTX 4090,49,139.25,0,5934.1,24564.0,
2026-09-06T21:52:35.029349+00:00,01_yolo26_main,9,9,5.7,6.96,60.43,56.8,NVIDIA GeForce RTX 4090,51,205.44,81,5934.1,24564.0,
2026-09-06T21:52:45.041565+00:00,01_yolo26_main,9,9,5.2,6.95,60.43,56.8,NVIDIA GeForce RTX 4090,45,131.52,80,5934.1,24564.0,
2026-09-06T21:52:55.053845+00:00,01_yolo26_main,9,9,5.8,6.9,60.43,56.8,NVIDIA GeForce RTX 4090,51,209.16,85,5934.1,24564.0,
2026-09-06T21:53:05.065739+00:00,01_yolo26_main,9,9,5.4,7.11,60.43,56.8,NVIDIA GeForce RTX 4090,46,146.15,80,5934.1,24564.0,
2026-09-06T21:53:15.076733+00:00,01_yolo26_main,9,9,5.4,7.0,60.43,56.8,NVIDIA GeForce RTX 4090,51,206.11,80,5934.1,24564.0,
2026-09-06T21:53:25.087893+00:00,01_yolo26_main,9,9,5.6,7.1,60.43,56.8,NVIDIA GeForce RTX 4090,47,138.07,84,5934.1,24564.0,
2026-09-06T21:53:35.098886+00:00,01_yolo26_main,9,9,5.2,6.91,60.43,56.8,NVIDIA GeForce RTX 4090,50,205.79,81,5934.1,24564.0,
2026-09-06T21:53:45.111834+00:00,01_yolo26_main,9,9,5.8,6.88,60.43,56.8,NVIDIA GeForce RTX 4090,50,203.75,82,5934.1,24564.0,
2026-09-06T21:53:55.122448+00:00,01_yolo26_main,9,9,2.3,6.81,60.43,56.8,NVIDIA GeForce RTX 4090,49,205.39,81,5934.1,24564.0,
2026-09-06T21:54:05.134523+00:00,01_yolo26_main,9,9,5.3,6.96,60.43,56.8,NVIDIA GeForce RTX 4090,44,69.76,18,5934.1,24564.0,
2026-09-06T21:54:15.145377+00:00,01_yolo26_main,9,9,5.5,6.79,60.43,56.8,NVIDIA GeForce RTX 4090,50,204.6,81,5934.1,24564.0,
2026-09-06T21:54:25.156960+00:00,01_yolo26_main,9,9,5.6,6.97,60.43,56.8,NVIDIA GeForce RTX 4090,47,132.12,81,5934.1,24564.0,
2026-09-06T21:54:35.167801+00:00,01_yolo26_main,9,9,5.6,6.91,60.43,56.8,NVIDIA GeForce RTX 4090,51,207.48,85,5934.1,24564.0,
2026-09-06T21:54:45.179745+00:00,01_yolo26_main,9,9,5.4,6.84,60.43,56.8,NVIDIA GeForce RTX 4090,51,206.16,83,5934.1,24564.0,
2026-09-06T21:54:55.191741+00:00,01_yolo26_main,9,9,5.7,7.03,60.43,56.8,NVIDIA GeForce RTX 4090,50,205.43,77,5934.1,24564.0,
2026-09-06T21:55:05.203560+00:00,01_yolo26_main,9,9,5.5,6.85,60.43,56.8,NVIDIA GeForce RTX 4090,49,202.75,81,5934.1,24564.0,
2026-09-06T21:55:15.215432+00:00,01_yolo26_main,9,9,5.3,6.87,60.43,56.8,NVIDIA GeForce RTX 4090,51,206.62,83,5934.1,24564.0,
2026-09-06T21:55:25.226434+00:00,01_yolo26_main,9,9,5.8,6.82,60.43,56.8,NVIDIA GeForce RTX 4090,51,208.21,79,5934.1,24564.0,
2026-09-06T21:55:35.238599+00:00,01_yolo26_main,9,9,4.2,6.91,60.43,56.8,NVIDIA GeForce RTX 4090,49,91.05,83,5934.1,24564.0,
2026-09-06T21:55:45.250527+00:00,01_yolo26_main,9,9,5.8,6.83,60.43,56.8,NVIDIA GeForce RTX 4090,50,204.96,81,5934.1,24564.0,
2026-09-06T21:55:55.262145+00:00,01_yolo26_main,9,9,5.3,7.01,60.43,56.8,NVIDIA GeForce RTX 4090,49,148.91,82,5934.1,24564.0,
2026-09-06T21:56:05.274682+00:00,01_yolo26_main,9,9,5.3,6.92,60.43,56.8,NVIDIA GeForce RTX 4090,50,206.4,81,5934.1,24564.0,
2026-09-06T21:56:15.286981+00:00,01_yolo26_main,9,9,5.6,6.83,60.43,56.8,NVIDIA GeForce RTX 4090,47,186.88,49,5934.1,24564.0,
2026-09-06T21:56:25.298025+00:00,01_yolo26_main,9,9,5.4,6.81,60.43,56.8,NVIDIA GeForce RTX 4090,51,203.24,81,5934.1,24564.0,
2026-09-06T21:56:35.310402+00:00,01_yolo26_main,9,9,5.8,6.85,60.43,56.8,NVIDIA GeForce RTX 4090,50,196.57,79,5934.1,24564.0,
2026-09-06T21:56:45.322254+00:00,01_yolo26_main,9,9,5.3,6.91,60.43,56.8,NVIDIA GeForce RTX 4090,51,206.02,88,5934.1,24564.0,
2026-09-06T21:56:55.334741+00:00,01_yolo26_main,9,9,5.3,6.77,60.43,56.8,NVIDIA GeForce RTX 4090,51,205.04,77,5934.1,24564.0,
2026-09-06T21:57:05.346802+00:00,01_yolo26_main,9,9,5.4,6.9,60.43,56.8,NVIDIA GeForce RTX 4090,49,186.73,83,5934.1,24564.0,
2026-09-06T21:57:15.359398+00:00,01_yolo26_main,9,9,5.4,6.82,60.43,56.8,NVIDIA GeForce RTX 4090,51,207.66,81,5934.1,24564.0,
2026-09-06T21:57:25.370800+00:00,01_yolo26_main,9,9,5.3,6.98,60.43,56.8,NVIDIA GeForce RTX 4090,50,163.19,82,5934.1,24564.0,
2026-09-06T21:57:35.382217+00:00,01_yolo26_main,9,9,5.6,6.89,60.43,56.8,NVIDIA GeForce RTX 4090,51,207.99,83,5934.1,24564.0,
2026-09-06T21:57:45.393863+00:00,01_yolo26_main,9,9,5.1,6.97,60.43,56.8,NVIDIA GeForce RTX 4090,45,62.88,0,5934.1,24564.0,
2026-09-06T21:57:55.404853+00:00,01_yolo26_main,9,9,3.0,6.71,60.43,56.8,NVIDIA GeForce RTX 4090,50,205.84,79,5934.1,24564.0,
2026-09-06T21:58:05.416389+00:00,01_yolo26_main,9,9,5.3,6.86,60.43,56.8,NVIDIA GeForce RTX 4090,49,206.71,85,5934.1,24564.0,
2026-09-06T21:58:15.428646+00:00,01_yolo26_main,9,9,5.6,6.94,60.43,56.8,NVIDIA GeForce RTX 4090,50,205.86,85,5934.1,24564.0,
2026-09-06T21:58:25.440266+00:00,01_yolo26_main,9,9,5.4,6.83,60.43,56.8,NVIDIA GeForce RTX 4090,50,198.52,84,5934.1,24564.0,
2026-09-06T21:58:35.451685+00:00,01_yolo26_main,9,9,5.8,6.87,60.43,56.8,NVIDIA GeForce RTX 4090,50,207.19,86,5934.1,24564.0,
2026-09-06T21:58:45.463517+00:00,01_yolo26_main,9,9,5.3,7.0,60.43,56.8,NVIDIA GeForce RTX 4090,51,189.66,82,5934.1,24564.0,
2026-09-06T21:58:55.476186+00:00,01_yolo26_main,9,9,5.3,6.9,60.43,56.8,NVIDIA GeForce RTX 4090,51,207.51,81,5934.1,24564.0,
2026-09-06T21:59:05.487223+00:00,01_yolo26_main,9,9,5.5,7.04,60.43,56.8,NVIDIA GeForce RTX 4090,48,135.01,83,5934.1,24564.0,
2026-09-06T21:59:15.498341+00:00,01_yolo26_main,9,9,5.1,7.04,60.43,56.8,NVIDIA GeForce RTX 4090,50,205.32,83,5934.1,24564.0,
2026-09-06T21:59:25.510785+00:00,01_yolo26_main,9,9,5.6,7.16,60.43,56.8,NVIDIA GeForce RTX 4090,47,139.29,15,5934.1,24564.0,
2026-09-06T21:59:35.521753+00:00,01_yolo26_main,9,9,2.4,6.91,60.43,56.8,NVIDIA GeForce RTX 4090,50,205.6,86,5934.1,24564.0,
2026-09-06T21:59:45.533195+00:00,01_yolo26_main,9,9,5.5,7.06,60.43,56.8,NVIDIA GeForce RTX 4090,49,149.51,83,5934.1,24564.0,
2026-09-06T21:59:55.544784+00:00,01_yolo26_main,9,9,5.4,6.82,60.43,56.8,NVIDIA GeForce RTX 4090,50,203.82,81,5934.1,24564.0,
2026-09-06T22:00:05.556193+00:00,05_smolvlm_size_lora,0,0,4.1,3.61,60.43,57.09,NVIDIA GeForce RTX 4090,42,58.81,0,628.8,24564.0,
2026-09-06T22:00:15.567356+00:00,05_smolvlm_size_lora,0,0,3.1,4.4,60.43,57.09,NVIDIA GeForce RTX 4090,42,97.81,30,2610.1,24564.0,
2026-09-06T22:00:25.578395+00:00,05_smolvlm_size_lora,0,0,4.2,4.37,60.43,57.09,NVIDIA GeForce RTX 4090,43,102.66,4,2610.1,24564.0,
2026-09-06T22:00:35.589921+00:00,05_smolvlm_size_lora,0,0,4.2,4.3,60.43,57.09,NVIDIA GeForce RTX 4090,41,103.2,34,2610.1,24564.0,
2026-09-06T22:00:45.601437+00:00,05_smolvlm_size_lora,0,0,4.1,4.28,60.43,57.09,NVIDIA GeForce RTX 4090,41,98.99,14,2610.1,24564.0,
2026-09-06T22:00:55.612668+00:00,05_smolvlm_size_lora,0,0,4.1,4.26,60.43,57.09,NVIDIA GeForce RTX 4090,41,103.06,50,2612.1,24564.0,
2026-09-06T22:01:05.623797+00:00,05_smolvlm_size_lora,0,0,4.1,4.26,60.43,57.09,NVIDIA GeForce RTX 4090,40,102.57,59,2612.1,24564.0,
2026-09-06T22:01:15.635073+00:00,05_smolvlm_size_lora,0,0,4.1,4.26,60.43,57.09,NVIDIA GeForce RTX 4090,40,101.69,18,2612.1,24564.0,
2026-09-06T22:01:25.645798+00:00,05_smolvlm_size_lora,0,0,4.1,4.26,60.43,57.09,NVIDIA GeForce RTX 4090,40,103.2,34,2612.1,24564.0,
2026-09-06T22:01:35.656768+00:00,05_smolvlm_size_lora,0,0,4.1,4.25,60.43,57.09,NVIDIA GeForce RTX 4090,40,100.43,26,2612.1,24564.0,
2026-09-06T22:01:45.670015+00:00,05_smolvlm_size_lora,0,0,4.1,4.25,60.43,57.09,NVIDIA GeForce RTX 4090,41,101.36,36,2612.1,24564.0,
2026-09-06T22:01:55.681204+00:00,05_smolvlm_size_lora,0,0,4.1,4.25,60.43,57.09,NVIDIA GeForce RTX 4090,39,103.38,13,2612.1,24564.0,
2026-09-06T22:02:05.692536+00:00,05_smolvlm_size_lora,0,0,4.2,4.25,60.43,57.09,NVIDIA GeForce RTX 4090,40,103.8,50,2612.1,24564.0,
2026-09-06T22:02:15.703864+00:00,05_smolvlm_size_lora,0,0,4.1,4.25,60.43,57.09,NVIDIA GeForce RTX 4090,39,101.24,43,2612.1,24564.0,
2026-09-06T22:02:25.715060+00:00,05_smolvlm_size_lora,0,0,4.1,4.25,60.43,57.09,NVIDIA GeForce RTX 4090,39,101.7,21,2612.1,24564.0,
2026-09-06T22:02:35.726538+00:00,05_smolvlm_size_lora,0,0,4.1,4.25,60.43,57.09,NVIDIA GeForce RTX 4090,38,103.72,52,2612.1,24564.0,
2026-09-06T22:02:45.737508+00:00,05_smolvlm_size_lora,0,0,4.1,4.25,60.43,57.09,NVIDIA GeForce RTX 4090,37,100.13,5,2612.1,24564.0,
2026-09-06T22:02:55.748786+00:00,05_smolvlm_size_lora,0,0,4.1,4.25,60.43,57.09,NVIDIA GeForce RTX 4090,38,101.1,42,2612.1,24564.0,
2026-09-06T22:03:05.760317+00:00,05_smolvlm_size_lora,0,0,4.1,4.25,60.43,57.09,NVIDIA GeForce RTX 4090,38,103.31,51,2612.1,24564.0,
2026-09-06T22:03:15.771498+00:00,05_smolvlm_size_lora,0,0,4.1,4.25,60.43,57.09,NVIDIA GeForce RTX 4090,37,101.06,56,2612.1,24564.0,
2026-09-06T22:03:25.784332+00:00,05_smolvlm_size_lora,0,0,3.9,4.31,60.43,57.09,NVIDIA GeForce RTX 4090,37,88.35,62,2612.1,24564.0,
2026-09-06T22:03:35.795597+00:00,05_smolvlm_size_lora,0,0,4.1,4.31,60.43,57.09,NVIDIA GeForce RTX 4090,37,88.63,33,2612.1,24564.0,
2026-09-06T22:03:45.806893+00:00,05_smolvlm_size_lora,0,0,4.1,4.31,60.43,57.09,NVIDIA GeForce RTX 4090,37,87.76,41,2612.1,24564.0,
2026-09-06T22:03:55.818533+00:00,05_smolvlm_size_lora,0,0,4.0,4.32,60.43,57.09,NVIDIA GeForce RTX 4090,36,80.55,34,2612.1,24564.0,
2026-09-06T22:04:05.829518+00:00,05_smolvlm_size_lora,0,0,4.1,4.32,60.43,57.09,NVIDIA GeForce RTX 4090,37,99.8,24,2612.1,24564.0,
2026-09-06T22:04:15.841779+00:00,05_smolvlm_size_lora,0,0,4.2,4.32,60.43,57.09,NVIDIA GeForce RTX 4090,37,99.65,22,2612.1,24564.0,
2026-09-06T22:04:25.855207+00:00,05_smolvlm_size_lora,0,0,4.2,4.32,60.43,57.09,NVIDIA GeForce RTX 4090,38,100.05,46,2612.1,24564.0,
2026-09-06T22:04:35.866301+00:00,05_smolvlm_size_lora,0,0,4.2,4.33,60.43,57.09,NVIDIA GeForce RTX 4090,37,101.5,42,2612.1,24564.0,
2026-09-06T22:04:45.877676+00:00,05_smolvlm_size_lora,0,0,4.2,4.33,60.43,57.09,NVIDIA GeForce RTX 4090,37,101.56,47,2612.1,24564.0,
2026-09-06T22:04:55.888676+00:00,05_smolvlm_size_lora,0,0,4.2,4.33,60.43,57.09,NVIDIA GeForce RTX 4090,37,101.89,54,2612.1,24564.0,
2026-09-06T22:05:05.899700+00:00,05_smolvlm_size_lora,0,0,4.2,4.33,60.43,57.09,NVIDIA GeForce RTX 4090,37,101.87,64,2612.1,24564.0,
2026-09-06T22:05:15.911416+00:00,05_smolvlm_size_lora,0,0,4.2,4.32,60.43,57.09,NVIDIA GeForce RTX 4090,37,99.18,44,2612.1,24564.0,
2026-09-06T22:05:25.922299+00:00,05_smolvlm_size_lora,0,0,4.2,4.37,60.43,57.09,NVIDIA GeForce RTX 4090,38,99.94,30,2612.1,24564.0,
2026-09-06T22:05:35.933852+00:00,05_smolvlm_size_lora,0,0,4.2,4.34,60.43,57.09,NVIDIA GeForce RTX 4090,37,100.34,46,2612.1,24564.0,
2026-09-06T22:05:45.944867+00:00,05_smolvlm_size_lora,0,0,4.2,4.4,60.43,57.09,NVIDIA GeForce RTX 4090,37,102.87,39,2612.1,24564.0,
2026-09-06T22:05:55.958091+00:00,05_smolvlm_size_lora,0,0,4.2,4.39,60.43,57.09,NVIDIA GeForce RTX 4090,38,103.78,64,2612.1,24564.0,
2026-09-06T22:06:05.969229+00:00,05_smolvlm_size_lora,0,0,4.2,4.39,60.43,57.09,NVIDIA GeForce RTX 4090,37,102.64,48,2612.1,24564.0,
2026-09-06T22:06:15.981104+00:00,05_smolvlm_size_lora,0,0,4.2,4.37,60.43,57.09,NVIDIA GeForce RTX 4090,37,101.81,41,2612.1,24564.0,
2026-09-06T22:06:25.992560+00:00,05_smolvlm_size_lora,0,0,4.2,4.35,60.43,57.09,NVIDIA GeForce RTX 4090,37,101.2,38,2612.1,24564.0,
2026-09-06T22:06:36.003476+00:00,05_smolvlm_size_lora,0,0,4.2,4.35,60.43,57.09,NVIDIA GeForce RTX 4090,37,100.9,46,2612.1,24564.0,
2026-09-06T22:06:46.014453+00:00,05_smolvlm_size_lora,0,0,4.2,4.35,60.43,57.09,NVIDIA GeForce RTX 4090,37,102.61,65,2612.1,24564.0,
2026-09-06T22:06:56.025427+00:00,05_smolvlm_size_lora,0,0,4.2,4.36,60.43,57.09,NVIDIA GeForce RTX 4090,36,98.24,14,2612.1,24564.0,
2026-09-06T22:07:06.039321+00:00,05_smolvlm_size_lora,0,0,4.2,4.36,60.43,57.09,NVIDIA GeForce RTX 4090,36,98.88,20,2612.1,24564.0,
2026-09-06T22:07:16.050428+00:00,05_smolvlm_size_lora,0,0,4.2,4.33,60.43,57.09,NVIDIA GeForce RTX 4090,36,88.2,32,2612.1,24564.0,
2026-09-06T22:07:26.061292+00:00,05_smolvlm_size_lora,0,0,4.2,4.33,60.43,57.09,NVIDIA GeForce RTX 4090,36,88.55,50,2612.1,24564.0,
2026-09-06T22:07:36.072377+00:00,05_smolvlm_size_lora,0,0,4.2,4.31,60.43,57.09,NVIDIA GeForce RTX 4090,36,88.07,63,2612.1,24564.0,
2026-09-06T22:07:46.083443+00:00,05_smolvlm_size_lora,0,0,4.2,4.32,60.43,57.09,NVIDIA GeForce RTX 4090,36,90.23,51,2612.1,24564.0,
2026-09-06T22:07:56.094272+00:00,05_smolvlm_size_lora,0,0,4.0,4.31,60.43,57.09,NVIDIA GeForce RTX 4090,35,100.17,41,2612.1,24564.0,
2026-09-06T22:08:06.105503+00:00,05_smolvlm_size_lora,0,0,4.2,4.31,60.43,57.09,NVIDIA GeForce RTX 4090,36,101.77,31,2612.1,24564.0,
2026-09-06T22:08:16.116699+00:00,05_smolvlm_size_lora,0,0,4.2,4.32,60.43,57.09,NVIDIA GeForce RTX 4090,36,101.64,41,2612.1,24564.0,
2026-09-06T22:08:26.128345+00:00,05_smolvlm_size_lora,0,0,4.2,4.33,60.43,57.09,NVIDIA GeForce RTX 4090,36,99.93,42,2612.1,24564.0,
2026-09-06T22:08:36.140394+00:00,05_smolvlm_size_lora,0,0,4.2,4.32,60.43,57.09,NVIDIA GeForce RTX 4090,36,102.52,32,2612.1,24564.0,
2026-09-06T22:08:46.152274+00:00,05_smolvlm_size_lora,0,0,4.2,4.32,60.43,57.09,NVIDIA GeForce RTX 4090,36,102.58,10,2612.1,24564.0,
2026-09-06T22:08:56.163218+00:00,05_smolvlm_size_lora,0,0,4.2,4.43,60.43,57.09,NVIDIA GeForce RTX 4090,35,97.98,36,2612.1,24564.0,
2026-09-06T22:09:06.177616+00:00,05_smolvlm_size_lora,0,0,4.2,4.37,60.43,57.09,NVIDIA GeForce RTX 4090,35,97.95,44,2612.1,24564.0,
2026-09-06T22:09:16.188644+00:00,05_smolvlm_size_lora,0,0,4.2,4.32,60.43,57.09,NVIDIA GeForce RTX 4090,36,99.34,0,2612.1,24564.0,
2026-09-06T22:09:26.199713+00:00,05_smolvlm_size_lora,0,0,4.2,4.3,60.43,57.09,NVIDIA GeForce RTX 4090,35,98.44,23,2612.1,24564.0,
2026-09-06T22:09:36.210892+00:00,05_smolvlm_size_lora,0,0,4.2,4.36,60.43,57.09,NVIDIA GeForce RTX 4090,35,97.89,25,2612.1,24564.0,
2026-09-06T22:09:46.222163+00:00,05_smolvlm_size_lora,0,0,4.2,4.34,60.43,57.09,NVIDIA GeForce RTX 4090,37,102.41,35,2612.1,24564.0,
2026-09-06T22:09:56.233467+00:00,05_smolvlm_size_lora,0,0,4.2,4.33,60.43,57.09,NVIDIA GeForce RTX 4090,36,99.79,64,2612.1,24564.0,
2026-09-06T22:10:06.244494+00:00,05_smolvlm_size_lora,0,0,4.2,4.33,60.43,57.09,NVIDIA GeForce RTX 4090,35,99.11,29,2612.1,24564.0,
2026-09-06T22:10:16.255910+00:00,05_smolvlm_size_lora,0,0,4.2,4.33,60.43,57.09,NVIDIA GeForce RTX 4090,37,99.34,48,2612.1,24564.0,
2026-09-06T22:10:26.266777+00:00,05_smolvlm_size_lora,0,0,4.2,4.3,60.43,57.09,NVIDIA GeForce RTX 4090,36,102.58,59,2612.1,24564.0,
2026-09-06T22:10:36.278966+00:00,05_smolvlm_size_lora,0,0,4.2,4.34,60.43,57.09,NVIDIA GeForce RTX 4090,36,101.5,68,2612.1,24564.0,
2026-09-06T22:10:46.290295+00:00,05_smolvlm_size_lora,0,0,4.2,4.33,60.43,57.09,NVIDIA GeForce RTX 4090,36,100.19,10,2612.1,24564.0,
2026-09-06T22:10:56.302898+00:00,05_smolvlm_size_lora,0,0,4.2,4.36,60.43,57.09,NVIDIA GeForce RTX 4090,36,102.48,9,2612.1,24564.0,
2026-09-06T22:11:06.313894+00:00,05_smolvlm_size_lora,0,0,4.2,4.35,60.43,57.09,NVIDIA GeForce RTX 4090,35,89.42,58,2612.1,24564.0,
2026-09-06T22:11:16.325194+00:00,05_smolvlm_size_lora,0,0,4.2,4.33,60.43,57.09,NVIDIA GeForce RTX 4090,35,87.82,46,2612.1,24564.0,
2026-09-06T22:11:26.336372+00:00,05_smolvlm_size_lora,0,0,4.2,4.32,60.43,57.09,NVIDIA GeForce RTX 4090,35,87.37,25,2612.1,24564.0,
2026-09-06T22:11:36.347312+00:00,05_smolvlm_size_lora,0,0,4.2,4.31,60.43,57.09,NVIDIA GeForce RTX 4090,36,90.27,54,2612.1,24564.0,
2026-09-06T22:11:46.359750+00:00,05_smolvlm_size_lora,0,0,4.2,4.32,60.43,57.09,NVIDIA GeForce RTX 4090,35,102.67,63,2612.1,24564.0,
2026-09-06T22:11:56.370918+00:00,05_smolvlm_size_lora,0,0,4.2,4.36,60.43,57.09,NVIDIA GeForce RTX 4090,35,100.88,63,2612.1,24564.0,
2026-09-06T22:12:06.381843+00:00,05_smolvlm_size_lora,0,0,4.2,4.36,60.43,57.09,NVIDIA GeForce RTX 4090,37,98.81,40,2612.1,24564.0,
2026-09-06T22:12:16.393531+00:00,05_smolvlm_size_lora,0,0,4.2,4.35,60.43,57.09,NVIDIA GeForce RTX 4090,36,98.04,27,2612.1,24564.0,
2026-09-06T22:12:26.405040+00:00,05_smolvlm_size_lora,0,0,4.2,4.38,60.43,57.09,NVIDIA GeForce RTX 4090,35,102.58,43,2612.1,24564.0,
2026-09-06T22:12:36.416402+00:00,05_smolvlm_size_lora,0,0,4.2,4.38,60.43,57.09,NVIDIA GeForce RTX 4090,36,98.04,51,2612.1,24564.0,
2026-09-06T22:12:46.429656+00:00,05_smolvlm_size_lora,0,0,4.2,4.35,60.43,57.09,NVIDIA GeForce RTX 4090,36,98.15,54,2612.1,24564.0,
2026-09-06T22:12:56.441522+00:00,05_smolvlm_size_lora,0,0,4.2,4.34,60.43,57.09,NVIDIA GeForce RTX 4090,35,101.36,30,2612.1,24564.0,
2026-09-06T22:13:06.454553+00:00,05_smolvlm_size_lora,0,0,4.2,4.36,60.43,57.09,NVIDIA GeForce RTX 4090,36,99.84,57,2612.1,24564.0,
2026-09-06T22:13:16.467134+00:00,05_smolvlm_size_lora,0,0,4.2,4.39,60.43,57.09,NVIDIA GeForce RTX 4090,36,99.85,21,2612.1,24564.0,
2026-09-06T22:13:26.479132+00:00,05_smolvlm_size_lora,0,0,4.2,4.37,60.43,57.09,NVIDIA GeForce RTX 4090,38,103.13,29,2612.1,24564.0,
2026-09-06T22:13:36.490786+00:00,05_smolvlm_size_lora,0,0,4.2,4.35,60.43,57.09,NVIDIA GeForce RTX 4090,36,102.2,21,2612.1,24564.0,
2026-09-06T22:13:46.503754+00:00,05_smolvlm_size_lora,0,0,4.2,4.35,60.43,57.09,NVIDIA GeForce RTX 4090,36,101.92,51,2612.1,24564.0,
2026-09-06T22:13:56.515663+00:00,05_smolvlm_size_lora,0,0,4.2,4.34,60.43,57.09,NVIDIA GeForce RTX 4090,36,100.77,27,2612.1,24564.0,
2026-09-06T22:14:06.526429+00:00,05_smolvlm_size_lora,0,0,4.2,4.36,60.43,57.09,NVIDIA GeForce RTX 4090,35,103.39,32,2612.1,24564.0,
2026-09-06T22:14:16.537512+00:00,05_smolvlm_size_lora,0,0,4.2,4.34,60.43,57.09,NVIDIA GeForce RTX 4090,36,101.05,57,2612.1,24564.0,
2026-09-06T22:14:26.548789+00:00,05_smolvlm_size_lora,0,0,4.2,4.35,60.43,57.09,NVIDIA GeForce RTX 4090,35,100.79,47,2612.1,24564.0,
2026-09-06T22:14:36.561292+00:00,05_smolvlm_size_lora,0,0,4.2,4.35,60.43,57.09,NVIDIA GeForce RTX 4090,37,101.97,44,2612.1,24564.0,
2026-09-06T22:14:46.572806+00:00,05_smolvlm_size_lora,0,0,4.2,4.33,60.43,57.09,NVIDIA GeForce RTX 4090,35,97.92,53,2612.1,24564.0,
2026-09-06T22:14:56.586506+00:00,05_smolvlm_size_lora,0,0,4.2,4.34,60.43,57.09,NVIDIA GeForce RTX 4090,35,89.02,51,2612.1,24564.0,
2026-09-06T22:15:06.598292+00:00,05_smolvlm_size_lora,0,0,4.2,4.35,60.43,57.09,NVIDIA GeForce RTX 4090,35,88.03,39,2612.1,24564.0,
2026-09-06T22:15:16.609636+00:00,05_smolvlm_size_lora,0,0,4.2,4.35,60.43,57.09,NVIDIA GeForce RTX 4090,35,89.85,63,2612.1,24564.0,
2026-09-06T22:15:26.620873+00:00,05_smolvlm_size_lora,0,0,4.2,4.34,60.43,57.09,NVIDIA GeForce RTX 4090,36,90.88,47,2612.1,24564.0,
2026-09-06T22:15:36.632021+00:00,05_smolvlm_size_lora,0,0,4.2,4.36,60.43,57.09,NVIDIA GeForce RTX 4090,35,100.72,57,2612.1,24564.0,
2026-09-06T22:15:46.642855+00:00,05_smolvlm_size_lora,0,0,4.2,4.39,60.43,57.09,NVIDIA GeForce RTX 4090,36,99.58,10,2612.1,24564.0,
2026-09-06T22:15:56.654225+00:00,05_smolvlm_size_lora,0,0,4.2,4.38,60.43,57.09,NVIDIA GeForce RTX 4090,35,102.64,64,2612.1,24564.0,
2026-09-06T22:16:06.665289+00:00,05_smolvlm_size_lora,0,0,4.2,4.38,60.43,57.09,NVIDIA GeForce RTX 4090,36,102.85,47,2612.1,24564.0,
2026-09-06T22:16:16.676620+00:00,05_smolvlm_size_lora,0,0,4.2,4.32,60.43,57.09,NVIDIA GeForce RTX 4090,36,102.62,22,2612.1,24564.0,
2026-09-06T22:16:26.687686+00:00,05_smolvlm_size_lora,0,0,4.2,4.32,60.43,57.09,NVIDIA GeForce RTX 4090,36,99.39,10,2612.1,24564.0,
2026-09-06T22:16:36.699234+00:00,05_smolvlm_size_lora,0,0,4.2,4.3,60.43,57.09,NVIDIA GeForce RTX 4090,36,102.32,30,2612.1,24564.0,
2026-09-06T22:16:46.710262+00:00,05_smolvlm_size_lora,0,0,4.2,4.37,60.43,57.09,NVIDIA GeForce RTX 4090,36,98.33,22,2612.1,24564.0,
2026-09-06T22:16:56.722721+00:00,05_smolvlm_size_lora,0,0,4.2,4.34,60.43,57.09,NVIDIA GeForce RTX 4090,36,100.4,66,2612.1,24564.0,
2026-09-06T22:17:06.733615+00:00,05_smolvlm_size_lora,0,0,4.2,4.31,60.43,57.09,NVIDIA GeForce RTX 4090,36,100.52,45,2612.1,24564.0,
2026-09-06T22:17:16.744797+00:00,05_smolvlm_size_lora,0,0,4.2,4.34,60.43,57.09,NVIDIA GeForce RTX 4090,36,101.45,59,2612.1,24564.0,
2026-09-06T22:17:26.755853+00:00,05_smolvlm_size_lora,0,0,4.2,4.31,60.43,57.09,NVIDIA GeForce RTX 4090,36,96.65,48,2612.1,24564.0,
2026-09-06T22:17:36.767054+00:00,05_smolvlm_size_lora,0,0,4.2,4.32,60.43,57.09,NVIDIA GeForce RTX 4090,35,101.81,20,2612.1,24564.0,
2026-09-06T22:17:46.778126+00:00,05_smolvlm_size_lora,0,0,4.2,4.32,60.43,57.09,NVIDIA GeForce RTX 4090,36,100.62,0,2612.1,24564.0,
2026-09-06T22:17:56.789178+00:00,05_smolvlm_size_lora,0,0,4.2,4.32,60.43,57.09,NVIDIA GeForce RTX 4090,36,100.05,33,2612.1,24564.0,
2026-09-06T22:18:06.800357+00:00,05_smolvlm_size_lora,0,0,4.2,4.31,60.43,57.09,NVIDIA GeForce RTX 4090,36,102.23,12,2612.1,24564.0,
2026-09-06T22:18:16.811403+00:00,05_smolvlm_size_lora,0,0,4.2,4.29,60.43,57.09,NVIDIA GeForce RTX 4090,35,95.75,69,2612.1,24564.0,
2026-09-06T22:18:26.823130+00:00,05_smolvlm_size_lora,0,0,4.2,4.3,60.43,57.09,NVIDIA GeForce RTX 4090,36,102.35,50,2612.1,24564.0,
2026-09-06T22:18:36.834484+00:00,05_smolvlm_size_lora,0,0,4.2,4.31,60.43,57.09,NVIDIA GeForce RTX 4090,36,100.01,16,2612.1,24564.0,
2026-09-06T22:18:46.845249+00:00,05_smolvlm_size_lora,0,0,4.2,4.31,60.43,57.09,NVIDIA GeForce RTX 4090,35,87.32,35,2612.1,24564.0,
2026-09-06T22:18:56.857116+00:00,05_smolvlm_size_lora,0,0,4.2,4.3,60.43,57.09,NVIDIA GeForce RTX 4090,35,88.04,59,2612.1,24564.0,
2026-09-06T22:19:06.867884+00:00,05_smolvlm_size_lora,0,0,4.2,4.29,60.43,57.09,NVIDIA GeForce RTX 4090,36,88.14,68,2612.1,24564.0,
2026-09-06T22:19:16.879018+00:00,05_smolvlm_size_lora,0,0,6.8,5.51,60.43,57.09,NVIDIA GeForce RTX 4090,35,87.5,60,2612.1,24564.0,
2026-09-06T22:19:26.890347+00:00,05_smolvlm_size_lora,0,0,9.6,6.42,60.43,57.09,NVIDIA GeForce RTX 4090,37,100.15,42,2612.1,24564.0,
2026-09-06T22:19:36.901788+00:00,05_smolvlm_size_lora,0,0,4.7,6.07,60.43,57.09,NVIDIA GeForce RTX 4090,37,99.17,30,2612.1,24564.0,
2026-09-06T22:19:46.912805+00:00,05_smolvlm_size_lora,0,0,4.4,4.93,60.43,57.09,NVIDIA GeForce RTX 4090,37,98.75,50,2612.1,24564.0,
2026-09-06T22:19:56.924058+00:00,05_smolvlm_size_lora,0,0,4.2,4.89,60.43,57.09,NVIDIA GeForce RTX 4090,35,100.8,16,2612.1,24564.0,
2026-09-06T22:20:06.935024+00:00,05_smolvlm_size_lora,0,0,4.2,4.86,60.43,57.09,NVIDIA GeForce RTX 4090,36,103.05,41,2612.1,24564.0,
2026-09-06T22:20:16.946457+00:00,05_smolvlm_size_lora,0,0,4.2,4.85,60.43,57.09,NVIDIA GeForce RTX 4090,36,98.14,64,2612.1,24564.0,
2026-09-06T22:20:26.959800+00:00,05_smolvlm_size_lora,0,0,4.2,4.86,60.43,57.09,NVIDIA GeForce RTX 4090,36,97.17,55,2612.1,24564.0,
2026-09-06T22:20:36.971024+00:00,05_smolvlm_size_lora,0,0,4.2,4.85,60.43,57.09,NVIDIA GeForce RTX 4090,36,99.62,65,2612.1,24564.0,
2026-09-06T22:20:46.983061+00:00,05_smolvlm_size_lora,0,0,4.2,4.86,60.43,57.09,NVIDIA GeForce RTX 4090,36,97.92,60,2612.1,24564.0,
2026-09-06T22:20:56.994285+00:00,05_smolvlm_size_lora,0,0,4.2,4.89,60.43,57.09,NVIDIA GeForce RTX 4090,36,99.5,34,2612.1,24564.0,
2026-09-06T22:21:07.005089+00:00,05_smolvlm_size_lora,0,0,4.2,4.77,60.43,57.09,NVIDIA GeForce RTX 4090,36,103.05,70,2612.1,24564.0,
2026-09-06T22:21:17.016086+00:00,05_smolvlm_size_lora,0,0,4.2,4.77,60.43,57.09,NVIDIA GeForce RTX 4090,35,100.86,7,2612.1,24564.0,
2026-09-06T22:21:27.029336+00:00,05_smolvlm_size_lora,0,0,4.2,4.78,60.43,57.09,NVIDIA GeForce RTX 4090,35,98.61,36,2612.1,24564.0,
2026-09-06T22:21:37.040481+00:00,05_smolvlm_size_lora,0,0,4.2,4.8,60.43,57.09,NVIDIA GeForce RTX 4090,36,100.64,31,2612.1,24564.0,
2026-09-06T22:21:47.051784+00:00,05_smolvlm_size_lora,0,0,4.2,4.78,60.43,57.09,NVIDIA GeForce RTX 4090,35,98.31,38,2612.1,24564.0,
2026-09-06T22:21:57.062739+00:00,05_smolvlm_size_lora,0,0,4.2,4.78,60.43,57.09,NVIDIA GeForce RTX 4090,36,99.36,35,2612.1,24564.0,
2026-09-06T22:22:07.073760+00:00,05_smolvlm_size_lora,0,0,4.2,4.79,60.43,57.09,NVIDIA GeForce RTX 4090,36,97.89,0,2612.1,24564.0,
2026-09-06T22:22:17.084448+00:00,05_smolvlm_size_lora,0,0,4.2,4.79,60.43,57.09,NVIDIA GeForce RTX 4090,36,100.42,16,2612.1,24564.0,
2026-09-06T22:22:27.095786+00:00,05_smolvlm_size_lora,0,0,4.2,4.74,60.43,57.09,NVIDIA GeForce RTX 4090,36,100.35,29,2612.1,24564.0,
2026-09-06T22:22:37.107510+00:00,05_smolvlm_size_lora,0,0,4.2,4.72,60.43,57.09,NVIDIA GeForce RTX 4090,35,88.82,54,2612.1,24564.0,
2026-09-06T22:22:47.118680+00:00,05_smolvlm_size_lora,0,0,4.2,4.74,60.43,57.09,NVIDIA GeForce RTX 4090,35,88.22,59,2612.1,24564.0,
2026-09-06T22:22:57.129880+00:00,05_smolvlm_size_lora,0,0,4.2,4.74,60.43,57.09,NVIDIA GeForce RTX 4090,36,88.03,34,2612.1,24564.0,
2026-09-06T22:23:07.140916+00:00,05_smolvlm_size_lora,0,0,4.2,4.72,60.43,57.09,NVIDIA GeForce RTX 4090,35,87.66,51,2612.1,24564.0,
2026-09-06T22:23:17.151944+00:00,05_smolvlm_size_lora,0,0,2.1,4.74,60.43,57.09,NVIDIA GeForce RTX 4090,33,60.54,0,2156.1,24564.0,
2026-09-06T22:23:27.163054+00:00,05_smolvlm_size_lora,0,0,0.9,4.78,60.43,57.09,NVIDIA GeForce RTX 4090,34,89.59,35,3220.1,24564.0,
2026-09-06T22:23:37.174276+00:00,05_smolvlm_size_lora,0,0,4.2,4.75,60.43,57.09,NVIDIA GeForce RTX 4090,34,88.82,63,3220.1,24564.0,
2026-09-06T22:23:47.185323+00:00,05_smolvlm_size_lora,0,0,4.2,4.74,60.43,57.09,NVIDIA GeForce RTX 4090,35,88.61,60,3220.1,24564.0,
2026-09-06T22:23:57.197714+00:00,05_smolvlm_size_lora,1,1,4.2,3.63,60.43,57.09,NVIDIA GeForce RTX 4090,33,62.6,0,628.8,24564.0,
2026-09-06T22:24:07.208108+00:00,05_smolvlm_size_lora,1,1,3.4,4.73,60.43,57.09,NVIDIA GeForce RTX 4090,36,100.11,48,2610.1,24564.0,
2026-09-06T22:24:17.219585+00:00,05_smolvlm_size_lora,1,1,4.2,4.7,60.43,57.09,NVIDIA GeForce RTX 4090,35,102.73,37,2610.1,24564.0,
2026-09-06T22:24:27.230473+00:00,05_smolvlm_size_lora,1,1,4.2,4.67,60.43,57.09,NVIDIA GeForce RTX 4090,35,101.31,17,2610.1,24564.0,
2026-09-06T22:24:37.242069+00:00,05_smolvlm_size_lora,1,1,4.2,4.66,60.43,57.09,NVIDIA GeForce RTX 4090,35,105.34,38,2610.1,24564.0,
2026-09-06T22:24:47.253170+00:00,05_smolvlm_size_lora,1,1,4.2,4.28,60.43,57.09,NVIDIA GeForce RTX 4090,37,102.4,52,2612.1,24564.0,
2026-09-06T22:24:57.264514+00:00,05_smolvlm_size_lora,1,1,4.2,4.28,60.43,57.09,NVIDIA GeForce RTX 4090,36,102.47,64,2612.1,24564.0,
2026-09-06T22:25:07.275655+00:00,05_smolvlm_size_lora,1,1,4.2,4.28,60.43,57.09,NVIDIA GeForce RTX 4090,36,101.56,47,2612.1,24564.0,
2026-09-06T22:25:17.286929+00:00,05_smolvlm_size_lora,1,1,4.2,4.28,60.43,57.09,NVIDIA GeForce RTX 4090,35,102.16,35,2612.1,24564.0,
2026-09-06T22:25:27.298498+00:00,05_smolvlm_size_lora,1,1,4.2,4.28,60.43,57.09,NVIDIA GeForce RTX 4090,37,101.91,40,2612.1,24564.0,
2026-09-06T22:25:37.309362+00:00,05_smolvlm_size_lora,1,1,4.2,4.28,60.43,57.09,NVIDIA GeForce RTX 4090,36,102.67,22,2612.1,24564.0,
2026-09-06T22:25:47.320442+00:00,05_smolvlm_size_lora,1,1,4.2,4.28,60.43,57.09,NVIDIA GeForce RTX 4090,35,102.82,60,2612.1,24564.0,
2026-09-06T22:25:57.331617+00:00,05_smolvlm_size_lora,1,1,4.2,4.28,60.43,57.09,NVIDIA GeForce RTX 4090,36,101.34,45,2612.1,24564.0,
2026-09-06T22:26:07.343130+00:00,05_smolvlm_size_lora,1,1,4.2,4.28,60.43,57.09,NVIDIA GeForce RTX 4090,35,102.42,30,2612.1,24564.0,
2026-09-06T22:26:17.354200+00:00,05_smolvlm_size_lora,1,1,4.2,4.28,60.43,57.09,NVIDIA GeForce RTX 4090,36,102.34,59,2612.1,24564.0,
2026-09-06T22:26:27.365094+00:00,05_smolvlm_size_lora,1,1,4.2,4.28,60.43,57.09,NVIDIA GeForce RTX 4090,36,102.54,48,2612.1,24564.0,
2026-09-06T22:26:37.376836+00:00,05_smolvlm_size_lora,1,1,4.2,4.28,60.43,57.09,NVIDIA GeForce RTX 4090,35,102.28,25,2612.1,24564.0,
2026-09-06T22:26:47.387828+00:00,05_smolvlm_size_lora,1,1,4.2,4.28,60.43,57.09,NVIDIA GeForce RTX 4090,35,102.31,33,2612.1,24564.0,
2026-09-06T22:26:57.398733+00:00,05_smolvlm_size_lora,1,1,4.2,4.28,60.43,57.09,NVIDIA GeForce RTX 4090,35,101.94,15,2612.1,24564.0,
2026-09-06T22:27:07.409512+00:00,05_smolvlm_size_lora,1,1,4.2,4.37,60.43,57.09,NVIDIA GeForce RTX 4090,36,89.31,64,2612.1,24564.0,
2026-09-06T22:27:17.420787+00:00,05_smolvlm_size_lora,1,1,4.2,4.36,60.43,57.09,NVIDIA GeForce RTX 4090,35,87.06,35,2612.1,24564.0,
2026-09-06T22:27:27.432168+00:00,05_smolvlm_size_lora,1,1,4.2,4.36,60.43,57.09,NVIDIA GeForce RTX 4090,35,88.57,50,2612.1,24564.0,
2026-09-06T22:27:37.443138+00:00,05_smolvlm_size_lora,1,1,4.2,4.36,60.43,57.09,NVIDIA GeForce RTX 4090,36,89.84,55,2612.1,24564.0,
2026-09-06T22:27:47.454021+00:00,05_smolvlm_size_lora,1,1,4.0,4.37,60.43,57.08,NVIDIA GeForce RTX 4090,36,98.92,38,2612.1,24564.0,
2026-09-06T22:27:57.465101+00:00,05_smolvlm_size_lora,1,1,4.2,4.4,60.43,57.08,NVIDIA GeForce RTX 4090,36,102.56,53,2612.1,24564.0,
2026-09-06T22:28:07.475919+00:00,05_smolvlm_size_lora,1,1,4.2,4.38,60.43,57.08,NVIDIA GeForce RTX 4090,37,98.96,39,2612.1,24564.0,
2026-09-06T22:28:17.487612+00:00,05_smolvlm_size_lora,1,1,4.2,4.41,60.43,57.08,NVIDIA GeForce RTX 4090,35,101.47,66,2612.1,24564.0,
2026-09-06T22:28:27.498377+00:00,05_smolvlm_size_lora,1,1,4.2,4.4,60.43,57.08,NVIDIA GeForce RTX 4090,35,102.59,55,2612.1,24564.0,
2026-09-06T22:28:37.509369+00:00,05_smolvlm_size_lora,1,1,4.2,4.45,60.43,57.08,NVIDIA GeForce RTX 4090,36,99.39,43,2612.1,24564.0,
2026-09-06T22:28:47.520263+00:00,05_smolvlm_size_lora,1,1,4.2,4.43,60.43,57.08,NVIDIA GeForce RTX 4090,35,101.69,59,2612.1,24564.0,
2026-09-06T22:28:57.531295+00:00,05_smolvlm_size_lora,1,1,4.2,4.42,60.43,57.08,NVIDIA GeForce RTX 4090,36,98.53,26,2612.1,24564.0,
2026-09-06T22:29:07.542128+00:00,05_smolvlm_size_lora,1,1,4.2,4.43,60.43,57.08,NVIDIA GeForce RTX 4090,35,99.04,44,2612.1,24564.0,
2026-09-06T22:29:17.553040+00:00,05_smolvlm_size_lora,1,1,4.2,4.41,60.43,57.08,NVIDIA GeForce RTX 4090,36,99.47,31,2612.1,24564.0,
2026-09-06T22:29:27.564393+00:00,05_smolvlm_size_lora,1,1,4.2,4.42,60.43,57.08,NVIDIA GeForce RTX 4090,35,97.44,48,2612.1,24564.0,
2026-09-06T22:29:37.575660+00:00,05_smolvlm_size_lora,1,1,4.2,4.38,60.43,57.08,NVIDIA GeForce RTX 4090,36,102.82,15,2612.1,24564.0,
2026-09-06T22:29:47.586741+00:00,05_smolvlm_size_lora,1,1,4.2,4.36,60.43,57.08,NVIDIA GeForce RTX 4090,36,101.83,3,2612.1,24564.0,
2026-09-06T22:29:57.597694+00:00,05_smolvlm_size_lora,1,1,4.2,4.37,60.43,57.08,NVIDIA GeForce RTX 4090,35,98.36,57,2612.1,24564.0,
2026-09-06T22:30:07.609539+00:00,05_smolvlm_size_lora,1,1,4.2,4.39,60.43,57.08,NVIDIA GeForce RTX 4090,35,98.76,50,2612.1,24564.0,
2026-09-06T22:30:17.620378+00:00,05_smolvlm_size_lora,1,1,4.2,4.36,60.43,57.08,NVIDIA GeForce RTX 4090,36,98.08,30,2612.1,24564.0,
2026-09-06T22:30:27.631524+00:00,05_smolvlm_size_lora,1,1,4.2,4.38,60.43,57.08,NVIDIA GeForce RTX 4090,35,102.69,25,2612.1,24564.0,
2026-09-06T22:30:37.642376+00:00,05_smolvlm_size_lora,1,1,4.2,4.4,60.43,57.08,NVIDIA GeForce RTX 4090,36,99.76,47,2612.1,24564.0,
2026-09-06T22:30:47.653374+00:00,05_smolvlm_size_lora,1,1,4.2,4.4,60.43,57.08,NVIDIA GeForce RTX 4090,37,104.37,43,2612.1,24564.0,
2026-09-06T22:30:57.664440+00:00,05_smolvlm_size_lora,1,1,4.2,4.38,60.43,57.08,NVIDIA GeForce RTX 4090,35,89.47,54,2612.1,24564.0,
2026-09-06T22:31:07.675546+00:00,05_smolvlm_size_lora,1,1,4.2,4.38,60.43,57.08,NVIDIA GeForce RTX 4090,35,88.71,68,2612.1,24564.0,
2026-09-06T22:31:17.686493+00:00,05_smolvlm_size_lora,1,1,4.2,4.38,60.43,57.08,NVIDIA GeForce RTX 4090,36,87.98,50,2612.1,24564.0,
2026-09-06T22:31:27.697984+00:00,05_smolvlm_size_lora,1,1,4.2,4.38,60.43,57.08,NVIDIA GeForce RTX 4090,35,89.74,62,2612.1,24564.0,
2026-09-06T22:31:37.709264+00:00,05_smolvlm_size_lora,1,1,4.0,4.41,60.43,57.08,NVIDIA GeForce RTX 4090,35,100.66,51,2612.1,24564.0,
2026-09-06T22:31:47.720350+00:00,05_smolvlm_size_lora,1,1,4.2,4.42,60.43,57.08,NVIDIA GeForce RTX 4090,37,103.07,27,2612.1,24564.0,
2026-09-06T22:31:57.732070+00:00,05_smolvlm_size_lora,1,1,4.2,4.45,60.43,57.08,NVIDIA GeForce RTX 4090,35,98.3,29,2612.1,24564.0,
2026-09-06T22:32:07.743731+00:00,05_smolvlm_size_lora,1,1,4.2,4.38,60.43,57.08,NVIDIA GeForce RTX 4090,35,95.74,12,2612.1,24564.0,
2026-09-06T22:32:17.754892+00:00,05_smolvlm_size_lora,1,1,4.2,4.4,60.43,57.08,NVIDIA GeForce RTX 4090,36,100.67,50,2612.1,24564.0,
2026-09-06T22:32:27.765977+00:00,05_smolvlm_size_lora,1,1,4.2,4.42,60.43,57.08,NVIDIA GeForce RTX 4090,36,100.17,39,2612.1,24564.0,
2026-09-06T22:32:37.777317+00:00,05_smolvlm_size_lora,1,1,4.2,4.39,60.43,57.08,NVIDIA GeForce RTX 4090,36,101.31,64,2612.1,24564.0,
2026-09-06T22:32:47.788631+00:00,05_smolvlm_size_lora,1,1,4.2,4.38,60.43,57.08,NVIDIA GeForce RTX 4090,36,101.56,24,2612.1,24564.0,
2026-09-06T22:32:57.799723+00:00,05_smolvlm_size_lora,1,1,4.2,4.4,60.43,57.08,NVIDIA GeForce RTX 4090,36,102.52,30,2612.1,24564.0,
2026-09-06T22:33:07.810918+00:00,05_smolvlm_size_lora,1,1,4.2,4.41,60.43,57.08,NVIDIA GeForce RTX 4090,36,97.17,44,2612.1,24564.0,
2026-09-06T22:33:17.822489+00:00,05_smolvlm_size_lora,1,1,4.2,4.4,60.43,57.08,NVIDIA GeForce RTX 4090,35,102.72,6,2612.1,24564.0,
2026-09-06T22:33:27.833772+00:00,05_smolvlm_size_lora,1,1,4.2,4.38,60.43,57.08,NVIDIA GeForce RTX 4090,36,100.75,51,2612.1,24564.0,
2026-09-06T22:33:37.846725+00:00,05_smolvlm_size_lora,1,1,4.2,4.37,60.43,57.08,NVIDIA GeForce RTX 4090,37,99.75,29,2612.1,24564.0,
2026-09-06T22:33:47.857804+00:00,05_smolvlm_size_lora,1,1,4.2,4.36,60.43,57.08,NVIDIA GeForce RTX 4090,35,98.18,23,2612.1,24564.0,
2026-09-06T22:33:57.868782+00:00,05_smolvlm_size_lora,1,1,4.2,4.38,60.43,57.08,NVIDIA GeForce RTX 4090,36,102.68,61,2612.1,24564.0,
2026-09-06T22:34:07.879726+00:00,05_smolvlm_size_lora,1,1,4.2,4.4,60.43,57.08,NVIDIA GeForce RTX 4090,36,101.52,60,2612.1,24564.0,
2026-09-06T22:34:17.890893+00:00,05_smolvlm_size_lora,1,1,4.2,4.38,60.43,57.08,NVIDIA GeForce RTX 4090,35,99.16,33,2612.1,24564.0,
2026-09-06T22:34:27.902863+00:00,05_smolvlm_size_lora,1,1,4.2,4.37,60.43,57.08,NVIDIA GeForce RTX 4090,36,102.73,55,2612.1,24564.0,
2026-09-06T22:34:37.914271+00:00,05_smolvlm_size_lora,1,1,4.2,4.38,60.43,57.08,NVIDIA GeForce RTX 4090,35,102.95,26,2612.1,24564.0,
2026-09-06T22:34:47.925173+00:00,05_smolvlm_size_lora,1,1,4.2,4.35,60.43,57.08,NVIDIA GeForce RTX 4090,35,88.59,32,2612.1,24564.0,
2026-09-06T22:34:57.936144+00:00,05_smolvlm_size_lora,1,1,4.2,4.37,60.43,57.08,NVIDIA GeForce RTX 4090,35,87.86,51,2612.1,24564.0,
2026-09-06T22:35:07.947457+00:00,05_smolvlm_size_lora,1,1,4.2,4.36,60.43,57.08,NVIDIA GeForce RTX 4090,35,88.81,58,2612.1,24564.0,
2026-09-06T22:35:17.958394+00:00,05_smolvlm_size_lora,1,1,4.2,4.4,60.43,57.08,NVIDIA GeForce RTX 4090,35,90.42,57,2612.1,24564.0,
2026-09-06T22:35:27.969577+00:00,05_smolvlm_size_lora,1,1,4.2,4.43,60.43,57.08,NVIDIA GeForce RTX 4090,35,99.8,34,2612.1,24564.0,
2026-09-06T22:35:37.981141+00:00,05_smolvlm_size_lora,1,1,4.2,4.45,60.43,57.08,NVIDIA GeForce RTX 4090,36,95.65,63,2612.1,24564.0,
2026-09-06T22:35:47.992433+00:00,05_smolvlm_size_lora,1,1,4.2,4.47,60.43,57.08,NVIDIA GeForce RTX 4090,35,100.08,48,2612.1,24564.0,
2026-09-06T22:35:58.003829+00:00,05_smolvlm_size_lora,1,1,4.2,4.4,60.43,57.08,NVIDIA GeForce RTX 4090,35,98.12,39,2612.1,24564.0,
2026-09-06T22:36:08.014913+00:00,05_smolvlm_size_lora,1,1,4.2,4.4,60.43,57.08,NVIDIA GeForce RTX 4090,35,98.33,34,2612.1,24564.0,
2026-09-06T22:36:18.026184+00:00,05_smolvlm_size_lora,1,1,4.2,4.4,60.43,57.08,NVIDIA GeForce RTX 4090,35,99.5,47,2612.1,24564.0,
2026-09-06T22:36:28.037730+00:00,05_smolvlm_size_lora,1,1,4.2,4.4,60.43,57.08,NVIDIA GeForce RTX 4090,36,100.01,49,2612.1,24564.0,
2026-09-06T22:36:38.049133+00:00,05_smolvlm_size_lora,1,1,4.2,4.42,60.43,57.08,NVIDIA GeForce RTX 4090,36,101.86,30,2612.1,24564.0,
2026-09-06T22:36:48.060136+00:00,05_smolvlm_size_lora,1,1,4.2,4.41,60.43,57.08,NVIDIA GeForce RTX 4090,35,101.27,69,2612.1,24564.0,
2026-09-06T22:36:58.071798+00:00,05_smolvlm_size_lora,1,1,4.2,4.41,60.43,57.08,NVIDIA GeForce RTX 4090,37,99.49,25,2612.1,24564.0,
2026-09-06T22:37:08.083172+00:00,05_smolvlm_size_lora,1,1,4.2,4.41,60.43,57.08,NVIDIA GeForce RTX 4090,36,101.56,30,2612.1,24564.0,
2026-09-06T22:37:18.094746+00:00,05_smolvlm_size_lora,1,1,4.2,4.4,60.43,57.08,NVIDIA GeForce RTX 4090,35,100.81,56,2612.1,24564.0,
2026-09-06T22:37:28.105779+00:00,05_smolvlm_size_lora,1,1,4.2,4.36,60.43,57.08,NVIDIA GeForce RTX 4090,36,97.52,0,2612.1,24564.0,
2026-09-06T22:37:38.117439+00:00,05_smolvlm_size_lora,1,1,4.2,4.4,60.43,57.08,NVIDIA GeForce RTX 4090,36,100.79,52,2612.1,24564.0,
2026-09-06T22:37:48.128448+00:00,05_smolvlm_size_lora,1,1,4.2,4.4,60.43,57.08,NVIDIA GeForce RTX 4090,35,101.51,19,2612.1,24564.0,
2026-09-06T22:37:58.141828+00:00,05_smolvlm_size_lora,1,1,4.2,4.45,60.43,57.08,NVIDIA GeForce RTX 4090,35,100.03,8,2612.1,24564.0,
2026-09-06T22:38:08.153139+00:00,05_smolvlm_size_lora,1,1,4.2,4.41,60.43,57.08,NVIDIA GeForce RTX 4090,35,99.03,22,2612.1,24564.0,
2026-09-06T22:38:18.163920+00:00,05_smolvlm_size_lora,1,1,4.2,4.41,60.43,57.08,NVIDIA GeForce RTX 4090,35,102.85,0,2612.1,24564.0,
2026-09-06T22:38:28.174953+00:00,05_smolvlm_size_lora,1,1,4.2,4.41,60.43,57.08,NVIDIA GeForce RTX 4090,35,99.58,20,2612.1,24564.0,
2026-09-06T22:38:38.186045+00:00,05_smolvlm_size_lora,1,1,4.2,4.41,60.43,57.08,NVIDIA GeForce RTX 4090,36,90.05,60,2612.1,24564.0,
2026-09-06T22:38:48.197041+00:00,05_smolvlm_size_lora,1,1,4.2,4.41,60.43,57.08,NVIDIA GeForce RTX 4090,35,87.2,49,2612.1,24564.0,
2026-09-06T22:38:58.208348+00:00,05_smolvlm_size_lora,1,1,4.2,4.41,60.43,57.08,NVIDIA GeForce RTX 4090,35,87.36,31,2612.1,24564.0,
2026-09-06T22:39:08.219512+00:00,05_smolvlm_size_lora,1,1,4.2,4.39,60.43,57.08,NVIDIA GeForce RTX 4090,35,88.38,57,2612.1,24564.0,
2026-09-06T22:39:18.230941+00:00,05_smolvlm_size_lora,1,1,4.2,4.43,60.43,57.08,NVIDIA GeForce RTX 4090,36,97.83,67,2612.1,24564.0,
2026-09-06T22:39:28.241914+00:00,05_smolvlm_size_lora,1,1,4.2,4.44,60.43,57.08,NVIDIA GeForce RTX 4090,35,99.19,47,2612.1,24564.0,
2026-09-06T22:39:38.252970+00:00,05_smolvlm_size_lora,1,1,4.2,4.41,60.43,57.08,NVIDIA GeForce RTX 4090,36,99.32,24,2612.1,24564.0,
2026-09-06T22:39:48.264413+00:00,05_smolvlm_size_lora,1,1,4.2,4.42,60.43,57.08,NVIDIA GeForce RTX 4090,36,100.85,56,2612.1,24564.0,
2026-09-06T22:39:58.275314+00:00,05_smolvlm_size_lora,1,1,4.2,4.44,60.43,57.08,NVIDIA GeForce RTX 4090,35,98.22,43,2612.1,24564.0,
2026-09-06T22:40:08.286257+00:00,05_smolvlm_size_lora,1,1,4.2,4.4,60.43,57.08,NVIDIA GeForce RTX 4090,37,101.17,53,2612.1,24564.0,
2026-09-06T22:40:18.297496+00:00,05_smolvlm_size_lora,1,1,4.2,4.39,60.43,57.08,NVIDIA GeForce RTX 4090,37,104.76,56,2612.1,24564.0,
2026-09-06T22:40:28.308606+00:00,05_smolvlm_size_lora,1,1,4.2,4.42,60.43,57.08,NVIDIA GeForce RTX 4090,36,101.47,30,2612.1,24564.0,
2026-09-06T22:40:38.319850+00:00,05_smolvlm_size_lora,1,1,4.2,4.43,60.43,57.08,NVIDIA GeForce RTX 4090,35,99.86,29,2612.1,24564.0,
2026-09-06T22:40:48.330811+00:00,05_smolvlm_size_lora,1,1,4.2,4.44,60.43,57.08,NVIDIA GeForce RTX 4090,36,98.95,17,2612.1,24564.0,
2026-09-06T22:40:58.341572+00:00,05_smolvlm_size_lora,1,1,4.2,4.42,60.43,57.08,NVIDIA GeForce RTX 4090,36,103.44,43,2612.1,24564.0,
2026-09-06T22:41:08.352555+00:00,05_smolvlm_size_lora,1,1,4.2,4.43,60.43,57.08,NVIDIA GeForce RTX 4090,36,102.51,61,2612.1,24564.0,
2026-09-06T22:41:18.363458+00:00,05_smolvlm_size_lora,1,1,4.2,4.38,60.43,57.08,NVIDIA GeForce RTX 4090,36,100.83,37,2612.1,24564.0,
2026-09-06T22:41:28.376077+00:00,05_smolvlm_size_lora,1,1,4.2,4.39,60.43,57.08,NVIDIA GeForce RTX 4090,35,98.51,33,2612.1,24564.0,
2026-09-06T22:41:38.387116+00:00,05_smolvlm_size_lora,1,1,4.2,4.42,60.43,57.08,NVIDIA GeForce RTX 4090,35,103.91,11,2612.1,24564.0,
2026-09-06T22:41:48.399187+00:00,05_smolvlm_size_lora,1,1,4.2,4.43,60.43,57.08,NVIDIA GeForce RTX 4090,36,101.63,19,2612.1,24564.0,
2026-09-06T22:41:58.410245+00:00,05_smolvlm_size_lora,1,1,4.2,4.42,60.43,57.08,NVIDIA GeForce RTX 4090,36,99.12,55,2612.1,24564.0,
2026-09-06T22:42:08.421146+00:00,05_smolvlm_size_lora,1,1,4.2,4.36,60.43,57.08,NVIDIA GeForce RTX 4090,36,97.86,49,2612.1,24564.0,
2026-09-06T22:42:18.432305+00:00,05_smolvlm_size_lora,1,1,4.2,4.37,60.43,57.08,NVIDIA GeForce RTX 4090,35,98.96,23,2612.1,24564.0,
2026-09-06T22:42:28.443240+00:00,05_smolvlm_size_lora,1,1,4.2,4.41,60.43,57.08,NVIDIA GeForce RTX 4090,35,94.18,50,2612.1,24564.0,
2026-09-06T22:42:38.454360+00:00,05_smolvlm_size_lora,1,1,4.2,4.39,60.43,57.08,NVIDIA GeForce RTX 4090,36,90.89,41,2612.1,24564.0,
2026-09-06T22:42:48.465234+00:00,05_smolvlm_size_lora,1,1,4.2,4.38,60.43,57.08,NVIDIA GeForce RTX 4090,35,88.14,31,2612.1,24564.0,
2026-09-06T22:42:58.476335+00:00,05_smolvlm_size_lora,1,1,4.2,4.36,60.43,57.08,NVIDIA GeForce RTX 4090,34,89.09,49,2612.1,24564.0,
2026-09-06T22:43:08.487576+00:00,05_smolvlm_size_lora,1,1,2.2,4.35,60.43,57.08,NVIDIA GeForce RTX 4090,33,60.66,0,2612.1,24564.0,
2026-09-06T22:43:18.498727+00:00,05_smolvlm_size_lora,1,1,1.4,4.41,60.43,57.08,NVIDIA GeForce RTX 4090,34,102.08,39,2612.1,24564.0,
2026-09-06T22:43:28.510139+00:00,05_smolvlm_size_lora,1,1,4.2,4.38,60.43,57.08,NVIDIA GeForce RTX 4090,35,99.15,45,2612.1,24564.0,
2026-09-06T22:43:38.521160+00:00,05_smolvlm_size_lora,1,1,4.2,4.41,60.43,57.08,NVIDIA GeForce RTX 4090,35,103.19,57,2612.1,24564.0,
2026-09-06T22:43:48.532136+00:00,05_smolvlm_size_lora,1,1,4.2,4.38,60.43,57.08,NVIDIA GeForce RTX 4090,36,102.81,19,2612.1,24564.0,
2026-09-06T22:43:58.543264+00:00,05_smolvlm_size_lora,1,1,4.2,4.38,60.43,57.08,NVIDIA GeForce RTX 4090,35,99.92,55,2612.1,24564.0,
2026-09-06T22:44:08.555858+00:00,05_smolvlm_size_lora,1,1,4.2,4.37,60.43,57.08,NVIDIA GeForce RTX 4090,35,98.34,37,2612.1,24564.0,
2026-09-06T22:44:18.567253+00:00,05_smolvlm_size_lora,1,1,4.2,4.41,60.43,57.08,NVIDIA GeForce RTX 4090,35,97.89,58,2612.1,24564.0,
2026-09-06T22:44:28.578317+00:00,05_smolvlm_size_lora,1,1,4.2,4.41,60.43,57.08,NVIDIA GeForce RTX 4090,36,101.08,45,2612.1,24564.0,
2026-09-06T22:44:38.589157+00:00,05_smolvlm_size_lora,1,1,4.2,4.41,60.43,57.08,NVIDIA GeForce RTX 4090,35,97.92,55,2612.1,24564.0,
2026-09-06T22:44:48.600259+00:00,05_smolvlm_size_lora,1,1,4.2,4.42,60.43,57.08,NVIDIA GeForce RTX 4090,36,102.42,20,2612.1,24564.0,
2026-09-06T22:44:58.611783+00:00,05_smolvlm_size_lora,1,1,4.2,4.44,60.43,57.08,NVIDIA GeForce RTX 4090,35,99.63,45,2612.1,24564.0,
2026-09-06T22:45:08.622642+00:00,05_smolvlm_size_lora,1,1,4.2,4.4,60.43,57.08,NVIDIA GeForce RTX 4090,35,98.51,20,2612.1,24564.0,
2026-09-06T22:45:18.633834+00:00,05_smolvlm_size_lora,1,1,4.2,4.45,60.43,57.08,NVIDIA GeForce RTX 4090,35,100.53,14,2612.1,24564.0,
2026-09-06T22:45:28.644988+00:00,05_smolvlm_size_lora,1,1,4.2,4.47,60.43,57.08,NVIDIA GeForce RTX 4090,36,99.0,58,2612.1,24564.0,
2026-09-06T22:45:38.656609+00:00,05_smolvlm_size_lora,1,1,4.2,4.42,60.43,57.08,NVIDIA GeForce RTX 4090,36,98.62,21,2612.1,24564.0,
2026-09-06T22:45:48.669561+00:00,05_smolvlm_size_lora,1,1,4.2,4.39,60.43,57.08,NVIDIA GeForce RTX 4090,35,100.38,16,2612.1,24564.0,
2026-09-06T22:45:58.681072+00:00,05_smolvlm_size_lora,1,1,4.2,4.39,60.43,57.08,NVIDIA GeForce RTX 4090,36,101.63,41,2612.1,24564.0,
2026-09-06T22:46:08.692153+00:00,05_smolvlm_size_lora,1,1,4.2,4.37,60.43,57.08,NVIDIA GeForce RTX 4090,36,102.27,46,2612.1,24564.0,
2026-09-06T22:46:18.703335+00:00,05_smolvlm_size_lora,1,1,4.2,4.38,60.43,57.08,NVIDIA GeForce RTX 4090,35,100.81,39,2612.1,24564.0,
2026-09-06T22:46:28.714336+00:00,05_smolvlm_size_lora,1,1,4.2,4.37,60.43,57.08,NVIDIA GeForce RTX 4090,36,100.25,39,2612.1,24564.0,
2026-09-06T22:46:38.725237+00:00,05_smolvlm_size_lora,1,1,4.2,4.36,60.43,57.08,NVIDIA GeForce RTX 4090,35,87.62,32,2612.1,24564.0,
2026-09-06T22:46:48.736844+00:00,05_smolvlm_size_lora,1,1,4.2,4.35,60.43,57.08,NVIDIA GeForce RTX 4090,35,89.61,68,2612.1,24564.0,
2026-09-06T22:46:58.747896+00:00,05_smolvlm_size_lora,1,1,4.2,4.36,60.43,57.08,NVIDIA GeForce RTX 4090,34,89.66,60,2612.1,24564.0,
2026-09-06T22:47:08.758845+00:00,05_smolvlm_size_lora,1,1,3.4,4.41,60.43,57.08,NVIDIA GeForce RTX 4090,35,69.86,42,3220.1,24564.0,
2026-09-06T22:47:18.770655+00:00,05_smolvlm_size_lora,1,1,4.2,4.41,60.43,57.08,NVIDIA GeForce RTX 4090,35,87.94,34,3220.1,24564.0,
2026-09-06T22:47:28.781635+00:00,05_smolvlm_size_lora,1,1,4.2,4.41,60.43,57.08,NVIDIA GeForce RTX 4090,35,89.99,42,3220.1,24564.0,
2026-09-06T22:47:38.792839+00:00,,,,4.2,3.03,60.43,57.08,NVIDIA GeForce RTX 4090,34,77.79,51,628.8,24564.0,
2026-09-06T22:47:48.803126+00:00,05_smolvlm_size_lora,2,2,3.4,4.32,60.43,57.08,NVIDIA GeForce RTX 4090,35,104.1,54,2610.1,24564.0,
2026-09-06T22:47:58.814391+00:00,05_smolvlm_size_lora,2,2,4.2,4.31,60.43,57.08,NVIDIA GeForce RTX 4090,35,104.02,61,2610.1,24564.0,
2026-09-06T22:48:08.826267+00:00,05_smolvlm_size_lora,2,2,4.2,4.28,60.43,57.08,NVIDIA GeForce RTX 4090,35,102.89,59,2610.1,24564.0,
2026-09-06T22:48:18.837562+00:00,05_smolvlm_size_lora,2,2,4.2,4.27,60.43,57.08,NVIDIA GeForce RTX 4090,36,104.31,24,2610.1,24564.0,
2026-09-06T22:48:28.848925+00:00,05_smolvlm_size_lora,2,2,4.2,4.26,60.43,57.08,NVIDIA GeForce RTX 4090,36,104.16,25,2612.1,24564.0,
2026-09-06T22:48:38.860368+00:00,05_smolvlm_size_lora,2,2,4.2,4.25,60.43,57.08,NVIDIA GeForce RTX 4090,35,104.27,22,2612.1,24564.0,
2026-09-06T22:48:48.871743+00:00,05_smolvlm_size_lora,2,2,4.2,4.25,60.43,57.08,NVIDIA GeForce RTX 4090,37,105.8,59,2612.1,24564.0,
2026-09-06T22:48:58.882970+00:00,05_smolvlm_size_lora,2,2,4.2,4.25,60.43,57.08,NVIDIA GeForce RTX 4090,35,101.22,16,2612.1,24564.0,
2026-09-06T22:49:08.894040+00:00,05_smolvlm_size_lora,2,2,4.2,4.25,60.43,57.08,NVIDIA GeForce RTX 4090,37,104.66,55,2612.1,24564.0,
2026-09-06T22:49:18.905020+00:00,05_smolvlm_size_lora,2,2,4.2,4.25,60.43,57.08,NVIDIA GeForce RTX 4090,36,103.88,45,2612.1,24564.0,
2026-09-06T22:49:28.916130+00:00,05_smolvlm_size_lora,2,2,4.2,4.25,60.43,57.08,NVIDIA GeForce RTX 4090,36,102.77,33,2612.1,24564.0,
2026-09-06T22:49:38.927107+00:00,05_smolvlm_size_lora,2,2,4.2,4.25,60.43,57.08,NVIDIA GeForce RTX 4090,36,104.66,45,2612.1,24564.0,
2026-09-06T22:49:48.939744+00:00,05_smolvlm_size_lora,2,2,4.2,4.25,60.43,57.08,NVIDIA GeForce RTX 4090,36,103.98,46,2612.1,24564.0,
2026-09-06T22:49:58.950839+00:00,05_smolvlm_size_lora,2,2,4.2,4.25,60.43,57.08,NVIDIA GeForce RTX 4090,35,104.32,20,2612.1,24564.0,
2026-09-06T22:50:08.961856+00:00,05_smolvlm_size_lora,2,2,4.2,4.25,60.43,57.08,NVIDIA GeForce RTX 4090,36,106.16,41,2612.1,24564.0,
2026-09-06T22:50:18.973172+00:00,05_smolvlm_size_lora,2,2,4.2,4.25,60.43,57.08,NVIDIA GeForce RTX 4090,37,103.24,11,2612.1,24564.0,
2026-09-06T22:50:28.986734+00:00,05_smolvlm_size_lora,2,2,4.2,4.26,60.43,57.08,NVIDIA GeForce RTX 4090,36,103.96,42,2612.1,24564.0,
2026-09-06T22:50:38.997815+00:00,05_smolvlm_size_lora,2,2,4.2,4.26,60.43,57.08,NVIDIA GeForce RTX 4090,38,100.67,26,2612.1,24564.0,
2026-09-06T22:50:49.008571+00:00,05_smolvlm_size_lora,2,2,4.2,4.32,60.43,57.08,NVIDIA GeForce RTX 4090,35,91.75,45,2612.1,24564.0,
2026-09-06T22:50:59.019801+00:00,05_smolvlm_size_lora,2,2,4.2,4.32,60.43,57.08,NVIDIA GeForce RTX 4090,36,89.35,34,2612.1,24564.0,
2026-09-06T22:51:09.030681+00:00,05_smolvlm_size_lora,2,2,4.2,4.33,60.43,57.08,NVIDIA GeForce RTX 4090,36,88.55,33,2612.1,24564.0,
2026-09-06T22:51:19.041455+00:00,05_smolvlm_size_lora,2,2,4.2,4.32,60.43,57.08,NVIDIA GeForce RTX 4090,35,90.75,45,2612.1,24564.0,
2026-09-06T22:51:29.052432+00:00,05_smolvlm_size_lora,2,2,4.0,4.37,60.43,57.06,NVIDIA GeForce RTX 4090,35,97.26,50,2612.1,24564.0,
2026-09-06T22:51:39.063141+00:00,05_smolvlm_size_lora,2,2,4.2,4.37,60.43,57.06,NVIDIA GeForce RTX 4090,36,102.42,13,2612.1,24564.0,
2026-09-06T22:51:49.074875+00:00,05_smolvlm_size_lora,2,2,4.2,4.39,60.43,57.06,NVIDIA GeForce RTX 4090,35,103.39,38,2612.1,24564.0,
2026-09-06T22:51:59.086234+00:00,05_smolvlm_size_lora,2,2,4.2,4.38,60.43,57.06,NVIDIA GeForce RTX 4090,35,103.58,1,2612.1,24564.0,
2026-09-06T22:52:09.097228+00:00,05_smolvlm_size_lora,2,2,4.2,4.37,60.43,57.06,NVIDIA GeForce RTX 4090,36,99.61,51,2612.1,24564.0,
2026-09-06T22:52:19.108249+00:00,05_smolvlm_size_lora,2,2,4.2,4.42,60.43,57.06,NVIDIA GeForce RTX 4090,36,104.22,52,2612.1,24564.0,
2026-09-06T22:52:29.119289+00:00,05_smolvlm_size_lora,2,2,4.2,4.41,60.43,57.06,NVIDIA GeForce RTX 4090,36,103.91,66,2612.1,24564.0,
2026-09-06T22:52:39.130270+00:00,05_smolvlm_size_lora,2,2,4.2,4.37,60.43,57.06,NVIDIA GeForce RTX 4090,36,101.05,45,2612.1,24564.0,
2026-09-06T22:52:49.141345+00:00,05_smolvlm_size_lora,2,2,4.2,4.37,60.43,57.06,NVIDIA GeForce RTX 4090,35,103.37,48,2612.1,24564.0,
2026-09-06T22:52:59.152089+00:00,05_smolvlm_size_lora,2,2,4.2,4.4,60.43,57.06,NVIDIA GeForce RTX 4090,35,99.76,11,2612.1,24564.0,
2026-09-06T22:53:09.163439+00:00,05_smolvlm_size_lora,2,2,4.2,4.4,60.43,57.06,NVIDIA GeForce RTX 4090,35,105.16,35,2612.1,24564.0,
2026-09-06T22:53:19.174457+00:00,05_smolvlm_size_lora,2,2,4.2,4.43,60.43,57.06,NVIDIA GeForce RTX 4090,35,100.12,22,2612.1,24564.0,
2026-09-06T22:53:29.186317+00:00,05_smolvlm_size_lora,2,2,4.2,4.4,60.43,57.06,NVIDIA GeForce RTX 4090,36,100.39,43,2612.1,24564.0,
2026-09-06T22:53:39.197882+00:00,05_smolvlm_size_lora,2,2,4.2,4.43,60.43,57.06,NVIDIA GeForce RTX 4090,36,97.31,63,2612.1,24564.0,
2026-09-06T22:53:49.209668+00:00,05_smolvlm_size_lora,2,2,4.2,4.46,60.43,57.06,NVIDIA GeForce RTX 4090,35,100.05,40,2612.1,24564.0,
2026-09-06T22:53:59.220846+00:00,05_smolvlm_size_lora,2,2,4.2,4.43,60.43,57.06,NVIDIA GeForce RTX 4090,36,105.62,33,2612.1,24564.0,
2026-09-06T22:54:09.233879+00:00,05_smolvlm_size_lora,2,2,4.2,4.41,60.43,57.06,NVIDIA GeForce RTX 4090,35,104.27,10,2612.1,24564.0,
2026-09-06T22:54:19.246162+00:00,05_smolvlm_size_lora,2,2,4.2,4.41,60.43,57.06,NVIDIA GeForce RTX 4090,35,100.31,48,2612.1,24564.0,
2026-09-06T22:54:29.257291+00:00,05_smolvlm_size_lora,2,2,4.2,4.43,60.43,57.06,NVIDIA GeForce RTX 4090,35,98.82,34,2612.1,24564.0,
2026-09-06T22:54:39.268763+00:00,05_smolvlm_size_lora,2,2,4.2,4.4,60.43,57.06,NVIDIA GeForce RTX 4090,36,103.0,0,2612.1,24564.0,
2026-09-06T22:54:49.279752+00:00,05_smolvlm_size_lora,2,2,4.2,4.38,60.43,57.06,NVIDIA GeForce RTX 4090,35,89.54,64,2612.1,24564.0,
2026-09-06T22:54:59.290715+00:00,05_smolvlm_size_lora,2,2,4.2,4.38,60.43,57.06,NVIDIA GeForce RTX 4090,35,89.73,57,2612.1,24564.0,
2026-09-06T22:55:09.301545+00:00,05_smolvlm_size_lora,2,2,4.2,4.37,60.43,57.06,NVIDIA GeForce RTX 4090,35,91.38,32,2612.1,24564.0,
2026-09-06T22:55:19.312686+00:00,05_smolvlm_size_lora,2,2,4.0,4.37,60.43,57.06,NVIDIA GeForce RTX 4090,35,99.35,25,2612.1,24564.0,
2026-09-06T22:55:29.323436+00:00,05_smolvlm_size_lora,2,2,4.2,4.36,60.43,57.06,NVIDIA GeForce RTX 4090,36,103.58,13,2612.1,24564.0,
2026-09-06T22:55:39.334843+00:00,05_smolvlm_size_lora,2,2,4.2,4.35,60.43,57.06,NVIDIA GeForce RTX 4090,36,96.4,5,2612.1,24564.0,
2026-09-06T22:55:49.346163+00:00,05_smolvlm_size_lora,2,2,4.2,4.34,60.43,57.06,NVIDIA GeForce RTX 4090,36,100.82,32,2612.1,24564.0,
2026-09-06T22:55:59.357138+00:00,05_smolvlm_size_lora,2,2,4.2,4.34,60.43,57.06,NVIDIA GeForce RTX 4090,36,101.02,41,2612.1,24564.0,
2026-09-06T22:56:09.367984+00:00,05_smolvlm_size_lora,2,2,4.2,4.37,60.43,57.06,NVIDIA GeForce RTX 4090,35,99.31,31,2612.1,24564.0,
2026-09-06T22:56:19.380800+00:00,05_smolvlm_size_lora,2,2,4.2,4.39,60.43,57.06,NVIDIA GeForce RTX 4090,35,99.63,34,2612.1,24564.0,
2026-09-06T22:56:29.391855+00:00,05_smolvlm_size_lora,2,2,4.2,4.41,60.43,57.06,NVIDIA GeForce RTX 4090,37,100.02,37,2612.1,24564.0,
2026-09-06T22:56:39.402856+00:00,05_smolvlm_size_lora,2,2,4.2,4.4,60.43,57.06,NVIDIA GeForce RTX 4090,35,104.39,22,2612.1,24564.0,
2026-09-06T22:56:49.414165+00:00,05_smolvlm_size_lora,2,2,4.2,4.42,60.43,57.06,NVIDIA GeForce RTX 4090,36,103.09,0,2612.1,24564.0,
2026-09-06T22:56:59.427087+00:00,05_smolvlm_size_lora,2,2,4.2,4.36,60.43,57.06,NVIDIA GeForce RTX 4090,35,103.1,57,2612.1,24564.0,
2026-09-06T22:57:09.438501+00:00,05_smolvlm_size_lora,2,2,4.2,4.38,60.43,57.06,NVIDIA GeForce RTX 4090,36,101.44,55,2612.1,24564.0,
2026-09-06T22:57:19.450046+00:00,05_smolvlm_size_lora,2,2,4.2,4.36,60.43,57.06,NVIDIA GeForce RTX 4090,35,101.21,67,2612.1,24564.0,
2026-09-06T22:57:29.461427+00:00,05_smolvlm_size_lora,2,2,4.2,4.34,60.43,57.06,NVIDIA GeForce RTX 4090,35,98.37,44,2612.1,24564.0,
2026-09-06T22:57:39.474329+00:00,05_smolvlm_size_lora,2,2,4.2,4.35,60.43,57.06,NVIDIA GeForce RTX 4090,35,100.11,39,2612.1,24564.0,
2026-09-06T22:57:49.485278+00:00,05_smolvlm_size_lora,2,2,4.2,4.37,60.43,57.06,NVIDIA GeForce RTX 4090,37,103.83,31,2612.1,24564.0,
2026-09-06T22:57:59.496329+00:00,05_smolvlm_size_lora,2,2,4.2,4.37,60.43,57.06,NVIDIA GeForce RTX 4090,35,100.82,51,2612.1,24564.0,
2026-09-06T22:58:09.507535+00:00,05_smolvlm_size_lora,2,2,4.2,4.33,60.43,57.06,NVIDIA GeForce RTX 4090,36,100.24,10,2612.1,24564.0,
2026-09-06T22:58:19.518622+00:00,05_smolvlm_size_lora,2,2,4.2,4.34,60.43,57.06,NVIDIA GeForce RTX 4090,35,103.68,56,2612.1,24564.0,
2026-09-06T22:58:29.529627+00:00,05_smolvlm_size_lora,2,2,4.2,4.32,60.43,57.06,NVIDIA GeForce RTX 4090,35,101.72,50,2612.1,24564.0,
2026-09-06T22:58:39.540652+00:00,05_smolvlm_size_lora,2,2,4.2,4.33,60.43,57.06,NVIDIA GeForce RTX 4090,35,89.31,26,2612.1,24564.0,
2026-09-06T22:58:49.551451+00:00,05_smolvlm_size_lora,2,2,4.2,4.33,60.43,57.06,NVIDIA GeForce RTX 4090,35,88.87,28,2612.1,24564.0,
2026-09-06T22:58:59.562509+00:00,05_smolvlm_size_lora,2,2,4.2,4.33,60.43,57.06,NVIDIA GeForce RTX 4090,36,90.09,33,2612.1,24564.0,
2026-09-06T22:59:09.573304+00:00,05_smolvlm_size_lora,2,2,4.0,4.34,60.43,57.06,NVIDIA GeForce RTX 4090,35,99.22,40,2612.1,24564.0,
2026-09-06T22:59:19.584572+00:00,05_smolvlm_size_lora,2,2,4.2,4.35,60.43,57.06,NVIDIA GeForce RTX 4090,36,102.29,49,2612.1,24564.0,
2026-09-06T22:59:29.595606+00:00,05_smolvlm_size_lora,2,2,4.2,4.39,60.43,57.06,NVIDIA GeForce RTX 4090,37,104.18,40,2612.1,24564.0,
2026-09-06T22:59:39.606912+00:00,05_smolvlm_size_lora,2,2,4.2,4.34,60.43,57.06,NVIDIA GeForce RTX 4090,37,101.36,27,2612.1,24564.0,
2026-09-06T22:59:49.617746+00:00,05_smolvlm_size_lora,2,2,4.2,4.38,60.43,57.06,NVIDIA GeForce RTX 4090,35,100.94,39,2612.1,24564.0,
2026-09-06T22:59:59.628451+00:00,05_smolvlm_size_lora,2,2,4.2,4.38,60.43,57.06,NVIDIA GeForce RTX 4090,36,101.96,24,2612.1,24564.0,
2026-09-06T23:00:09.639620+00:00,05_smolvlm_size_lora,2,2,4.2,4.36,60.43,57.06,NVIDIA GeForce RTX 4090,35,103.06,40,2612.1,24564.0,
2026-09-06T23:00:19.650578+00:00,05_smolvlm_size_lora,2,2,4.2,4.35,60.43,57.06,NVIDIA GeForce RTX 4090,36,98.48,53,2612.1,24564.0,
2026-09-06T23:00:29.661736+00:00,05_smolvlm_size_lora,2,2,4.2,4.35,60.43,57.06,NVIDIA GeForce RTX 4090,36,100.11,37,2612.1,24564.0,
2026-09-06T23:00:39.674445+00:00,05_smolvlm_size_lora,2,2,4.2,4.35,60.43,57.06,NVIDIA GeForce RTX 4090,35,101.94,41,2612.1,24564.0,
2026-09-06T23:00:49.685866+00:00,05_smolvlm_size_lora,2,2,4.2,4.35,60.43,57.06,NVIDIA GeForce RTX 4090,35,104.17,32,2612.1,24564.0,
2026-09-06T23:00:59.696976+00:00,05_smolvlm_size_lora,2,2,4.2,4.34,60.43,57.06,NVIDIA GeForce RTX 4090,36,102.46,64,2612.1,24564.0,
2026-09-06T23:01:09.708105+00:00,05_smolvlm_size_lora,2,2,4.2,4.34,60.43,57.06,NVIDIA GeForce RTX 4090,36,100.17,21,2612.1,24564.0,
2026-09-06T23:01:19.718991+00:00,05_smolvlm_size_lora,2,2,4.2,4.31,60.43,57.06,NVIDIA GeForce RTX 4090,35,101.62,64,2612.1,24564.0,
2026-09-06T23:01:29.730752+00:00,05_smolvlm_size_lora,2,2,4.2,4.34,60.43,57.06,NVIDIA GeForce RTX 4090,36,103.31,59,2612.1,24564.0,
2026-09-06T23:01:39.741996+00:00,05_smolvlm_size_lora,2,2,4.2,4.33,60.43,57.06,NVIDIA GeForce RTX 4090,35,102.31,52,2612.1,24564.0,
2026-09-06T23:01:49.752893+00:00,05_smolvlm_size_lora,2,2,4.2,4.33,60.43,57.06,NVIDIA GeForce RTX 4090,35,103.75,54,2612.1,24564.0,
2026-09-06T23:01:59.763920+00:00,05_smolvlm_size_lora,2,2,4.2,4.33,60.43,57.06,NVIDIA GeForce RTX 4090,35,101.63,42,2612.1,24564.0,
2026-09-06T23:02:09.774759+00:00,05_smolvlm_size_lora,2,2,4.2,4.35,60.43,57.06,NVIDIA GeForce RTX 4090,35,103.68,51,2612.1,24564.0,
2026-09-06T23:02:19.786079+00:00,05_smolvlm_size_lora,2,2,4.2,4.33,60.43,57.06,NVIDIA GeForce RTX 4090,35,100.09,34,2612.1,24564.0,
2026-09-06T23:02:29.797497+00:00,05_smolvlm_size_lora,2,2,4.2,4.31,60.43,57.06,NVIDIA GeForce RTX 4090,35,88.65,36,2612.1,24564.0,
2026-09-06T23:02:39.808740+00:00,05_smolvlm_size_lora,2,2,4.2,4.34,60.43,57.06,NVIDIA GeForce RTX 4090,35,89.03,44,2612.1,24564.0,
2026-09-06T23:02:49.819474+00:00,05_smolvlm_size_lora,2,2,4.2,4.33,60.43,57.06,NVIDIA GeForce RTX 4090,36,90.79,43,2612.1,24564.0,
2026-09-06T23:02:59.830609+00:00,05_smolvlm_size_lora,2,2,4.0,4.33,60.43,57.06,NVIDIA GeForce RTX 4090,36,100.59,45,2612.1,24564.0,
2026-09-06T23:03:09.841835+00:00,05_smolvlm_size_lora,2,2,4.2,4.36,60.43,57.06,NVIDIA GeForce RTX 4090,36,100.32,18,2612.1,24564.0,
2026-09-06T23:03:19.852745+00:00,05_smolvlm_size_lora,2,2,4.2,4.34,60.43,57.06,NVIDIA GeForce RTX 4090,35,98.53,44,2612.1,24564.0,
2026-09-06T23:03:29.865960+00:00,05_smolvlm_size_lora,2,2,4.2,4.41,60.43,57.06,NVIDIA GeForce RTX 4090,35,99.51,36,2612.1,24564.0,
2026-09-06T23:03:39.877198+00:00,05_smolvlm_size_lora,2,2,4.2,4.37,60.43,57.06,NVIDIA GeForce RTX 4090,35,100.29,50,2612.1,24564.0,
2026-09-06T23:03:49.888121+00:00,05_smolvlm_size_lora,2,2,4.2,4.34,60.43,57.06,NVIDIA GeForce RTX 4090,36,102.64,57,2612.1,24564.0,
2026-09-06T23:03:59.899206+00:00,05_smolvlm_size_lora,2,2,4.2,4.34,60.43,57.06,NVIDIA GeForce RTX 4090,35,99.86,51,2612.1,24564.0,
2026-09-06T23:04:09.910288+00:00,05_smolvlm_size_lora,2,2,4.2,4.33,60.43,57.06,NVIDIA GeForce RTX 4090,37,100.55,42,2612.1,24564.0,
2026-09-06T23:04:19.922071+00:00,05_smolvlm_size_lora,2,2,4.2,4.34,60.43,57.06,NVIDIA GeForce RTX 4090,35,100.89,51,2612.1,24564.0,
2026-09-06T23:04:29.933321+00:00,05_smolvlm_size_lora,2,2,4.2,4.34,60.43,57.06,NVIDIA GeForce RTX 4090,36,104.31,11,2612.1,24564.0,
2026-09-06T23:04:39.944517+00:00,05_smolvlm_size_lora,2,2,4.2,4.32,60.43,57.06,NVIDIA GeForce RTX 4090,36,104.14,0,2612.1,24564.0,
2026-09-06T23:04:49.955810+00:00,05_smolvlm_size_lora,2,2,4.2,4.39,60.43,57.06,NVIDIA GeForce RTX 4090,35,98.92,43,2612.1,24564.0,
2026-09-06T23:04:59.966861+00:00,05_smolvlm_size_lora,2,2,4.2,4.39,60.43,57.06,NVIDIA GeForce RTX 4090,36,99.4,34,2612.1,24564.0,
2026-09-06T23:05:09.978407+00:00,05_smolvlm_size_lora,2,2,4.2,4.42,60.43,57.06,NVIDIA GeForce RTX 4090,36,99.11,25,2612.1,24564.0,
2026-09-06T23:05:19.989803+00:00,05_smolvlm_size_lora,2,2,4.3,4.44,60.43,57.06,NVIDIA GeForce RTX 4090,36,106.19,48,2612.1,24564.0,
2026-09-06T23:05:30.000870+00:00,05_smolvlm_size_lora,2,2,4.2,4.42,60.43,57.06,NVIDIA GeForce RTX 4090,35,103.14,40,2612.1,24564.0,
2026-09-06T23:05:40.011615+00:00,05_smolvlm_size_lora,2,2,4.2,4.42,60.43,57.06,NVIDIA GeForce RTX 4090,36,99.32,20,2612.1,24564.0,
2026-09-06T23:05:50.023366+00:00,05_smolvlm_size_lora,2,2,4.2,4.4,60.43,57.06,NVIDIA GeForce RTX 4090,35,100.56,5,2612.1,24564.0,
2026-09-06T23:06:00.036454+00:00,05_smolvlm_size_lora,2,2,4.2,4.39,60.43,57.06,NVIDIA GeForce RTX 4090,36,103.39,35,2612.1,24564.0,
2026-09-06T23:06:10.047363+00:00,05_smolvlm_size_lora,2,2,4.2,4.41,60.43,57.06,NVIDIA GeForce RTX 4090,36,95.97,50,2612.1,24564.0,
2026-09-06T23:06:20.058977+00:00,05_smolvlm_size_lora,2,2,4.2,4.4,60.43,57.06,NVIDIA GeForce RTX 4090,35,87.91,28,2612.1,24564.0,
2026-09-06T23:06:30.070058+00:00,05_smolvlm_size_lora,2,2,4.2,4.38,60.43,57.06,NVIDIA GeForce RTX 4090,35,88.35,31,2612.1,24564.0,
2026-09-06T23:06:40.081153+00:00,05_smolvlm_size_lora,2,2,4.2,4.38,60.43,57.06,NVIDIA GeForce RTX 4090,35,88.48,26,2612.1,24564.0,
2026-09-06T23:06:50.092556+00:00,05_smolvlm_size_lora,2,2,4.2,4.38,60.43,57.06,NVIDIA GeForce RTX 4090,36,95.28,53,2612.1,24564.0,
2026-09-06T23:07:00.103837+00:00,05_smolvlm_size_lora,2,2,4.2,4.41,60.43,57.06,NVIDIA GeForce RTX 4090,36,99.87,19,2612.1,24564.0,
2026-09-06T23:07:10.115053+00:00,05_smolvlm_size_lora,2,2,4.2,4.37,60.43,57.06,NVIDIA GeForce RTX 4090,36,102.28,49,2612.1,24564.0,
2026-09-06T23:07:20.128362+00:00,05_smolvlm_size_lora,2,2,4.2,4.36,60.43,57.06,NVIDIA GeForce RTX 4090,36,102.0,48,2612.1,24564.0,
2026-09-06T23:07:30.139514+00:00,05_smolvlm_size_lora,2,2,4.2,4.36,60.43,57.06,NVIDIA GeForce RTX 4090,36,100.15,22,2612.1,24564.0,
2026-09-06T23:07:40.152217+00:00,05_smolvlm_size_lora,2,2,4.2,4.35,60.43,57.06,NVIDIA GeForce RTX 4090,36,101.3,39,2612.1,24564.0,
2026-09-06T23:07:50.163400+00:00,05_smolvlm_size_lora,2,2,4.2,4.36,60.43,57.06,NVIDIA GeForce RTX 4090,35,95.61,4,2612.1,24564.0,
2026-09-06T23:08:00.174471+00:00,05_smolvlm_size_lora,2,2,4.2,4.36,60.43,57.06,NVIDIA GeForce RTX 4090,35,98.81,27,2612.1,24564.0,
2026-09-06T23:08:10.185465+00:00,05_smolvlm_size_lora,2,2,4.2,4.39,60.43,57.06,NVIDIA GeForce RTX 4090,36,102.39,54,2612.1,24564.0,
2026-09-06T23:08:20.196249+00:00,05_smolvlm_size_lora,2,2,4.2,4.4,60.43,57.06,NVIDIA GeForce RTX 4090,35,103.41,3,2612.1,24564.0,
2026-09-06T23:08:30.207282+00:00,05_smolvlm_size_lora,2,2,4.2,4.39,60.43,57.06,NVIDIA GeForce RTX 4090,36,100.41,53,2612.1,24564.0,
2026-09-06T23:08:40.220620+00:00,05_smolvlm_size_lora,2,2,4.2,4.38,60.43,57.06,NVIDIA GeForce RTX 4090,37,100.31,33,2612.1,24564.0,
2026-09-06T23:08:50.231681+00:00,05_smolvlm_size_lora,2,2,4.2,4.39,60.43,57.06,NVIDIA GeForce RTX 4090,37,103.3,37,2612.1,24564.0,
2026-09-06T23:09:00.242472+00:00,05_smolvlm_size_lora,2,2,4.2,4.37,60.43,57.06,NVIDIA GeForce RTX 4090,35,101.13,38,2612.1,24564.0,
2026-09-06T23:09:10.253549+00:00,05_smolvlm_size_lora,2,2,4.2,4.35,60.43,57.06,NVIDIA GeForce RTX 4090,36,104.12,39,2612.1,24564.0,
2026-09-06T23:09:20.265178+00:00,05_smolvlm_size_lora,2,2,4.2,4.36,60.43,57.06,NVIDIA GeForce RTX 4090,36,100.29,31,2612.1,24564.0,
2026-09-06T23:09:30.276247+00:00,05_smolvlm_size_lora,2,2,4.2,4.34,60.43,57.06,NVIDIA GeForce RTX 4090,36,101.13,56,2612.1,24564.0,
2026-09-06T23:09:40.287309+00:00,05_smolvlm_size_lora,2,2,4.2,4.4,60.43,57.06,NVIDIA GeForce RTX 4090,36,102.9,15,2612.1,24564.0,
2026-09-06T23:09:50.298372+00:00,05_smolvlm_size_lora,2,2,4.2,4.37,60.43,57.06,NVIDIA GeForce RTX 4090,35,101.02,58,2612.1,24564.0,
2026-09-06T23:10:00.309877+00:00,05_smolvlm_size_lora,2,2,4.2,4.37,60.43,57.06,NVIDIA GeForce RTX 4090,36,101.74,15,2612.1,24564.0,
2026-09-06T23:10:10.321040+00:00,05_smolvlm_size_lora,2,2,4.2,4.36,60.43,57.06,NVIDIA GeForce RTX 4090,35,87.81,31,2612.1,24564.0,
2026-09-06T23:10:20.331959+00:00,05_smolvlm_size_lora,2,2,4.2,4.36,60.43,57.06,NVIDIA GeForce RTX 4090,35,89.0,62,2612.1,24564.0,
2026-09-06T23:10:30.343063+00:00,05_smolvlm_size_lora,2,2,4.2,4.35,60.43,57.06,NVIDIA GeForce RTX 4090,35,87.95,39,2612.1,24564.0,
2026-09-06T23:10:40.354550+00:00,05_smolvlm_size_lora,2,2,4.2,4.35,60.43,57.06,NVIDIA GeForce RTX 4090,35,90.2,53,2612.1,24564.0,
2026-09-06T23:10:50.365765+00:00,05_smolvlm_size_lora,2,2,3.3,4.4,60.43,57.06,NVIDIA GeForce RTX 4090,34,88.75,38,3220.1,24564.0,
2026-09-06T23:11:00.377818+00:00,05_smolvlm_size_lora,2,2,4.2,4.39,60.43,57.06,NVIDIA GeForce RTX 4090,35,91.18,58,3220.1,24564.0,
2026-09-06T23:11:10.389018+00:00,05_smolvlm_size_lora,2,2,4.2,4.39,60.43,57.06,NVIDIA GeForce RTX 4090,34,89.41,37,3220.1,24564.0,
2026-09-06T23:11:20.400146+00:00,05_smolvlm_size_lora,3,3,3.4,4.28,60.43,57.06,NVIDIA GeForce RTX 4090,35,101.61,64,2610.1,24564.0,
2026-09-06T23:11:30.411232+00:00,05_smolvlm_size_lora,3,3,4.2,4.3,60.43,57.06,NVIDIA GeForce RTX 4090,34,102.87,47,2610.1,24564.0,
2026-09-06T23:11:40.422560+00:00,05_smolvlm_size_lora,3,3,4.2,4.31,60.43,57.06,NVIDIA GeForce RTX 4090,34,101.96,24,2610.1,24564.0,
2026-09-06T23:11:50.434085+00:00,05_smolvlm_size_lora,3,3,4.2,4.31,60.43,57.06,NVIDIA GeForce RTX 4090,35,102.41,54,2610.1,24564.0,
2026-09-06T23:12:00.444795+00:00,05_smolvlm_size_lora,3,3,4.2,4.31,60.43,57.06,NVIDIA GeForce RTX 4090,36,104.17,16,2610.1,24564.0,
2026-09-06T23:12:10.455706+00:00,05_smolvlm_size_lora,3,3,4.2,4.34,60.43,57.06,NVIDIA GeForce RTX 4090,35,101.38,33,2612.1,24564.0,
2026-09-06T23:12:20.469108+00:00,05_smolvlm_size_lora,3,3,4.2,4.32,60.43,57.06,NVIDIA GeForce RTX 4090,36,103.19,16,2612.1,24564.0,
2026-09-06T23:12:30.480185+00:00,05_smolvlm_size_lora,3,3,4.2,4.32,60.43,57.06,NVIDIA GeForce RTX 4090,37,102.72,37,2612.1,24564.0,
2026-09-06T23:12:40.491348+00:00,05_smolvlm_size_lora,3,3,4.2,4.31,60.43,57.06,NVIDIA GeForce RTX 4090,35,99.42,44,2612.1,24564.0,
2026-09-06T23:12:50.502444+00:00,05_smolvlm_size_lora,3,3,4.2,4.28,60.43,57.06,NVIDIA GeForce RTX 4090,36,100.4,25,2612.1,24564.0,
2026-09-06T23:13:00.513576+00:00,05_smolvlm_size_lora,3,3,4.2,4.28,60.43,57.06,NVIDIA GeForce RTX 4090,36,103.63,47,2612.1,24564.0,
2026-09-06T23:13:10.524565+00:00,05_smolvlm_size_lora,3,3,4.2,4.27,60.43,57.06,NVIDIA GeForce RTX 4090,35,102.12,44,2612.1,24564.0,
2026-09-06T23:13:20.535655+00:00,05_smolvlm_size_lora,3,3,4.2,4.28,60.43,57.06,NVIDIA GeForce RTX 4090,36,99.38,21,2612.1,24564.0,
2026-09-06T23:13:30.546845+00:00,05_smolvlm_size_lora,3,3,4.2,4.26,60.43,57.06,NVIDIA GeForce RTX 4090,36,99.48,50,2612.1,24564.0,
2026-09-06T23:13:40.558790+00:00,05_smolvlm_size_lora,3,3,4.2,4.33,60.43,57.06,NVIDIA GeForce RTX 4090,35,100.66,31,2612.1,24564.0,
2026-09-06T23:13:50.570782+00:00,05_smolvlm_size_lora,3,3,4.2,4.33,60.43,57.06,NVIDIA GeForce RTX 4090,35,103.6,24,2612.1,24564.0,
2026-09-06T23:14:00.581628+00:00,05_smolvlm_size_lora,3,3,4.2,4.31,60.43,57.06,NVIDIA GeForce RTX 4090,36,100.64,56,2612.1,24564.0,
2026-09-06T23:14:10.592719+00:00,05_smolvlm_size_lora,3,3,4.2,4.35,60.43,57.06,NVIDIA GeForce RTX 4090,36,102.19,46,2612.1,24564.0,
2026-09-06T23:14:20.604022+00:00,05_smolvlm_size_lora,3,3,4.2,4.35,60.43,57.06,NVIDIA GeForce RTX 4090,35,100.09,28,2612.1,24564.0,
2026-09-06T23:14:30.617017+00:00,05_smolvlm_size_lora,3,3,4.2,4.35,60.43,57.06,NVIDIA GeForce RTX 4090,36,103.94,64,2612.1,24564.0,
2026-09-06T23:14:40.628041+00:00,05_smolvlm_size_lora,3,3,4.2,4.36,60.43,57.06,NVIDIA GeForce RTX 4090,35,88.48,66,2612.1,24564.0,
2026-09-06T23:14:50.639287+00:00,05_smolvlm_size_lora,3,3,4.2,4.34,60.43,57.06,NVIDIA GeForce RTX 4090,35,91.2,32,2612.1,24564.0,
2026-09-06T23:15:00.650329+00:00,05_smolvlm_size_lora,3,3,4.2,4.36,60.43,57.06,NVIDIA GeForce RTX 4090,35,90.19,41,2612.1,24564.0,
2026-09-06T23:15:10.661625+00:00,05_smolvlm_size_lora,3,3,4.0,4.36,60.43,57.04,NVIDIA GeForce RTX 4090,36,101.02,64,2612.1,24564.0,
2026-09-06T23:15:20.673681+00:00,05_smolvlm_size_lora,3,3,4.2,4.36,60.43,57.04,NVIDIA GeForce RTX 4090,35,104.41,44,2612.1,24564.0,
2026-09-06T23:15:30.685118+00:00,05_smolvlm_size_lora,3,3,4.2,4.34,60.43,57.04,NVIDIA GeForce RTX 4090,36,101.86,2,2612.1,24564.0,
2026-09-06T23:15:40.696184+00:00,05_smolvlm_size_lora,3,3,4.2,4.37,60.43,57.04,NVIDIA GeForce RTX 4090,35,101.18,32,2612.1,24564.0,
2026-09-06T23:15:50.707001+00:00,05_smolvlm_size_lora,3,3,4.2,4.34,60.43,57.04,NVIDIA GeForce RTX 4090,35,98.32,60,2612.1,24564.0,
2026-09-06T23:16:00.718173+00:00,05_smolvlm_size_lora,3,3,4.2,4.38,60.43,57.04,NVIDIA GeForce RTX 4090,36,103.55,33,2612.1,24564.0,
2026-09-06T23:16:10.729398+00:00,05_smolvlm_size_lora,3,3,4.2,4.41,60.43,57.04,NVIDIA GeForce RTX 4090,35,102.31,44,2612.1,24564.0,
2026-09-06T23:16:20.740441+00:00,05_smolvlm_size_lora,3,3,4.2,4.35,60.43,57.04,NVIDIA GeForce RTX 4090,35,102.21,60,2612.1,24564.0,
2026-09-06T23:16:30.751472+00:00,05_smolvlm_size_lora,3,3,4.2,4.37,60.43,57.04,NVIDIA GeForce RTX 4090,35,104.22,44,2612.1,24564.0,
2026-09-06T23:16:40.762326+00:00,05_smolvlm_size_lora,3,3,4.2,4.37,60.43,57.04,NVIDIA GeForce RTX 4090,35,104.36,50,2612.1,24564.0,
2026-09-06T23:16:50.773399+00:00,05_smolvlm_size_lora,3,3,4.2,4.35,60.43,57.04,NVIDIA GeForce RTX 4090,36,106.97,25,2612.1,24564.0,
2026-09-06T23:17:00.784178+00:00,05_smolvlm_size_lora,3,3,4.2,4.35,60.43,57.04,NVIDIA GeForce RTX 4090,35,102.86,31,2612.1,24564.0,
2026-09-06T23:17:10.796098+00:00,05_smolvlm_size_lora,3,3,4.2,4.36,60.43,57.04,NVIDIA GeForce RTX 4090,36,103.54,12,2612.1,24564.0,
2026-09-06T23:17:20.806827+00:00,05_smolvlm_size_lora,3,3,4.2,4.36,60.43,57.04,NVIDIA GeForce RTX 4090,37,100.05,45,2612.1,24564.0,
2026-09-06T23:17:30.818377+00:00,05_smolvlm_size_lora,3,3,4.2,4.34,60.43,57.04,NVIDIA GeForce RTX 4090,36,104.78,21,2612.1,24564.0,
2026-09-06T23:17:40.829660+00:00,05_smolvlm_size_lora,3,3,4.2,4.35,60.43,57.04,NVIDIA GeForce RTX 4090,36,101.58,9,2612.1,24564.0,
2026-09-06T23:17:50.842879+00:00,05_smolvlm_size_lora,3,3,4.2,4.35,60.43,57.04,NVIDIA GeForce RTX 4090,36,104.08,8,2612.1,24564.0,
2026-09-06T23:18:00.853711+00:00,05_smolvlm_size_lora,3,3,4.2,4.35,60.43,57.04,NVIDIA GeForce RTX 4090,35,101.72,70,2612.1,24564.0,
2026-09-06T23:18:10.867239+00:00,05_smolvlm_size_lora,3,3,4.2,4.34,60.43,57.04,NVIDIA GeForce RTX 4090,37,101.28,37,2612.1,24564.0,
2026-09-06T23:18:20.878683+00:00,05_smolvlm_size_lora,3,3,4.2,4.35,60.43,57.04,NVIDIA GeForce RTX 4090,35,98.17,54,2612.1,24564.0,
2026-09-06T23:18:30.891628+00:00,05_smolvlm_size_lora,3,3,4.2,4.35,60.43,57.04,NVIDIA GeForce RTX 4090,35,89.2,49,2612.1,24564.0,
2026-09-06T23:18:40.902408+00:00,05_smolvlm_size_lora,3,3,4.2,4.35,60.43,57.04,NVIDIA GeForce RTX 4090,35,90.58,54,2612.1,24564.0,
2026-09-06T23:18:50.913689+00:00,05_smolvlm_size_lora,3,3,4.2,4.36,60.43,57.04,NVIDIA GeForce RTX 4090,35,89.95,56,2612.1,24564.0,
2026-09-06T23:19:00.925023+00:00,05_smolvlm_size_lora,3,3,4.2,4.36,60.43,57.04,NVIDIA GeForce RTX 4090,36,101.96,41,2612.1,24564.0,
2026-09-06T23:19:10.936499+00:00,05_smolvlm_size_lora,3,3,4.2,4.41,60.43,57.04,NVIDIA GeForce RTX 4090,35,100.31,47,2612.1,24564.0,
2026-09-06T23:19:20.948695+00:00,05_smolvlm_size_lora,3,3,4.2,4.36,60.43,57.04,NVIDIA GeForce RTX 4090,35,99.79,37,2612.1,24564.0,
2026-09-06T23:19:30.959679+00:00,05_smolvlm_size_lora,3,3,4.2,4.35,60.43,57.04,NVIDIA GeForce RTX 4090,35,99.22,53,2612.1,24564.0,
2026-09-06T23:19:40.970989+00:00,05_smolvlm_size_lora,3,3,4.2,4.35,60.43,57.04,NVIDIA GeForce RTX 4090,35,102.02,55,2612.1,24564.0,
2026-09-06T23:19:50.981971+00:00,05_smolvlm_size_lora,3,3,4.2,4.33,60.43,57.04,NVIDIA GeForce RTX 4090,37,103.98,44,2612.1,24564.0,
2026-09-06T23:20:00.992891+00:00,05_smolvlm_size_lora,3,3,4.2,4.35,60.43,57.04,NVIDIA GeForce RTX 4090,36,101.47,46,2612.1,24564.0,
2026-09-06T23:20:11.003890+00:00,05_smolvlm_size_lora,3,3,4.2,4.35,60.43,57.04,NVIDIA GeForce RTX 4090,36,101.5,34,2612.1,24564.0,
2026-09-06T23:20:21.014659+00:00,05_smolvlm_size_lora,3,3,4.2,4.34,60.43,57.04,NVIDIA GeForce RTX 4090,36,104.52,46,2612.1,24564.0,
2026-09-06T23:20:31.025724+00:00,05_smolvlm_size_lora,3,3,4.2,4.34,60.43,57.04,NVIDIA GeForce RTX 4090,36,100.35,64,2612.1,24564.0,
2026-09-06T23:20:41.036782+00:00,05_smolvlm_size_lora,3,3,4.2,4.37,60.43,57.04,NVIDIA GeForce RTX 4090,37,101.07,31,2612.1,24564.0,
2026-09-06T23:20:51.047586+00:00,05_smolvlm_size_lora,3,3,4.2,4.37,60.43,57.04,NVIDIA GeForce RTX 4090,35,100.22,24,2612.1,24564.0,
2026-09-06T23:21:01.058549+00:00,05_smolvlm_size_lora,3,3,4.2,4.37,60.43,57.04,NVIDIA GeForce RTX 4090,36,98.88,45,2612.1,24564.0,
2026-09-06T23:21:11.069886+00:00,05_smolvlm_size_lora,3,3,4.2,4.33,60.43,57.04,NVIDIA GeForce RTX 4090,36,99.01,54,2612.1,24564.0,
2026-09-06T23:21:21.082779+00:00,05_smolvlm_size_lora,3,3,4.2,4.31,60.43,57.04,NVIDIA GeForce RTX 4090,35,102.24,18,2612.1,24564.0,
2026-09-06T23:21:31.093768+00:00,05_smolvlm_size_lora,3,3,4.2,4.31,60.43,57.04,NVIDIA GeForce RTX 4090,35,100.78,35,2612.1,24564.0,
2026-09-06T23:21:41.105553+00:00,05_smolvlm_size_lora,3,3,4.2,4.32,60.43,57.04,NVIDIA GeForce RTX 4090,35,104.38,15,2612.1,24564.0,
2026-09-06T23:21:51.116724+00:00,05_smolvlm_size_lora,3,3,4.2,4.33,60.43,57.04,NVIDIA GeForce RTX 4090,36,103.47,46,2612.1,24564.0,
2026-09-06T23:22:01.127660+00:00,05_smolvlm_size_lora,3,3,4.2,4.36,60.43,57.04,NVIDIA GeForce RTX 4090,35,100.73,45,2612.1,24564.0,
2026-09-06T23:22:11.138902+00:00,05_smolvlm_size_lora,3,3,4.2,4.35,60.43,57.04,NVIDIA GeForce RTX 4090,36,102.01,39,2612.1,24564.0,
2026-09-06T23:22:21.152233+00:00,05_smolvlm_size_lora,3,3,4.2,4.34,60.43,57.04,NVIDIA GeForce RTX 4090,35,89.3,34,2612.1,24564.0,
2026-09-06T23:22:31.163344+00:00,05_smolvlm_size_lora,3,3,4.2,4.33,60.43,57.04,NVIDIA GeForce RTX 4090,36,88.4,58,2612.1,24564.0,
2026-09-06T23:22:41.174855+00:00,05_smolvlm_size_lora,3,3,4.2,4.32,60.43,57.04,NVIDIA GeForce RTX 4090,36,87.52,63,2612.1,24564.0,
2026-09-06T23:22:51.186027+00:00,05_smolvlm_size_lora,3,3,4.0,4.33,60.43,57.04,NVIDIA GeForce RTX 4090,35,98.58,31,2612.1,24564.0,
2026-09-06T23:23:01.197372+00:00,05_smolvlm_size_lora,3,3,4.2,4.36,60.43,57.04,NVIDIA GeForce RTX 4090,35,97.75,69,2612.1,24564.0,
2026-09-06T23:23:11.209043+00:00,05_smolvlm_size_lora,3,3,4.2,4.38,60.43,57.04,NVIDIA GeForce RTX 4090,36,100.08,31,2612.1,24564.0,
2026-09-06T23:23:21.220395+00:00,05_smolvlm_size_lora,3,3,4.2,4.37,60.43,57.04,NVIDIA GeForce RTX 4090,36,97.14,0,2612.1,24564.0,
2026-09-06T23:23:31.231767+00:00,05_smolvlm_size_lora,3,3,4.2,4.36,60.43,57.04,NVIDIA GeForce RTX 4090,35,101.51,56,2612.1,24564.0,
2026-09-06T23:23:41.242864+00:00,05_smolvlm_size_lora,3,3,4.2,4.37,60.43,57.04,NVIDIA GeForce RTX 4090,36,104.08,62,2612.1,24564.0,
2026-09-06T23:23:51.254063+00:00,05_smolvlm_size_lora,3,3,4.2,4.34,60.43,57.04,NVIDIA GeForce RTX 4090,35,101.87,54,2612.1,24564.0,
2026-09-06T23:24:01.265086+00:00,05_smolvlm_size_lora,3,3,4.2,4.4,60.43,57.04,NVIDIA GeForce RTX 4090,36,100.97,26,2612.1,24564.0,
2026-09-06T23:24:11.275862+00:00,05_smolvlm_size_lora,3,3,4.2,4.33,60.43,57.04,NVIDIA GeForce RTX 4090,35,100.64,63,2612.1,24564.0,
2026-09-06T23:24:21.287804+00:00,05_smolvlm_size_lora,3,3,4.2,4.39,60.43,57.04,NVIDIA GeForce RTX 4090,36,102.42,28,2612.1,24564.0,
2026-09-06T23:24:31.300129+00:00,05_smolvlm_size_lora,3,3,4.2,4.35,60.43,57.04,NVIDIA GeForce RTX 4090,36,101.6,15,2612.1,24564.0,
2026-09-06T23:24:41.311280+00:00,05_smolvlm_size_lora,3,3,4.2,4.36,60.43,57.04,NVIDIA GeForce RTX 4090,36,101.06,63,2612.1,24564.0,
2026-09-06T23:24:51.322771+00:00,05_smolvlm_size_lora,3,3,4.2,4.37,60.43,57.04,NVIDIA GeForce RTX 4090,35,100.35,37,2612.1,24564.0,
2026-09-06T23:25:01.333926+00:00,05_smolvlm_size_lora,3,3,4.2,4.33,60.43,57.04,NVIDIA GeForce RTX 4090,36,98.22,56,2612.1,24564.0,
2026-09-06T23:25:11.347243+00:00,05_smolvlm_size_lora,3,3,4.2,4.34,60.43,57.04,NVIDIA GeForce RTX 4090,36,102.11,42,2612.1,24564.0,
2026-09-06T23:25:21.360515+00:00,05_smolvlm_size_lora,3,3,4.2,4.34,60.43,57.04,NVIDIA GeForce RTX 4090,37,99.4,50,2612.1,24564.0,
2026-09-06T23:25:31.371484+00:00,05_smolvlm_size_lora,3,3,4.2,4.34,60.43,57.04,NVIDIA GeForce RTX 4090,36,103.39,68,2612.1,24564.0,
2026-09-06T23:25:41.382671+00:00,05_smolvlm_size_lora,3,3,4.2,4.37,60.43,57.04,NVIDIA GeForce RTX 4090,36,102.14,33,2612.1,24564.0,
2026-09-06T23:25:51.393962+00:00,05_smolvlm_size_lora,3,3,4.2,4.35,60.43,57.04,NVIDIA GeForce RTX 4090,36,102.6,69,2612.1,24564.0,
2026-09-06T23:26:01.405859+00:00,05_smolvlm_size_lora,3,3,4.2,4.36,60.43,57.04,NVIDIA GeForce RTX 4090,35,97.66,28,2612.1,24564.0,
2026-09-06T23:26:11.417059+00:00,05_smolvlm_size_lora,3,3,4.2,4.35,60.43,57.04,NVIDIA GeForce RTX 4090,35,89.19,29,2612.1,24564.0,
2026-09-06T23:26:21.428295+00:00,05_smolvlm_size_lora,3,3,4.2,4.35,60.43,57.04,NVIDIA GeForce RTX 4090,35,89.65,52,2612.1,24564.0,
2026-09-06T23:26:31.439906+00:00,05_smolvlm_size_lora,3,3,4.2,4.34,60.43,57.04,NVIDIA GeForce RTX 4090,35,90.25,41,2612.1,24564.0,
2026-09-06T23:26:41.451730+00:00,05_smolvlm_size_lora,3,3,4.0,4.35,60.43,57.04,NVIDIA GeForce RTX 4090,36,102.46,29,2612.1,24564.0,
2026-09-06T23:26:51.464092+00:00,05_smolvlm_size_lora,3,3,4.2,4.39,60.43,57.04,NVIDIA GeForce RTX 4090,36,103.09,0,2612.1,24564.0,
2026-09-06T23:27:01.475299+00:00,05_smolvlm_size_lora,3,3,4.2,4.35,60.43,57.04,NVIDIA GeForce RTX 4090,35,98.1,67,2612.1,24564.0,
2026-09-06T23:27:11.486571+00:00,05_smolvlm_size_lora,3,3,4.2,4.38,60.43,57.04,NVIDIA GeForce RTX 4090,36,100.72,52,2612.1,24564.0,
2026-09-06T23:27:21.497899+00:00,05_smolvlm_size_lora,3,3,4.2,4.36,60.43,57.04,NVIDIA GeForce RTX 4090,36,103.4,43,2612.1,24564.0,
2026-09-06T23:27:31.509715+00:00,05_smolvlm_size_lora,3,3,4.2,4.36,60.43,57.04,NVIDIA GeForce RTX 4090,36,99.89,7,2612.1,24564.0,
2026-09-06T23:27:41.520528+00:00,05_smolvlm_size_lora,3,3,4.2,4.38,60.43,57.04,NVIDIA GeForce RTX 4090,35,99.18,37,2612.1,24564.0,
2026-09-06T23:27:51.531400+00:00,05_smolvlm_size_lora,3,3,4.2,4.37,60.43,57.04,NVIDIA GeForce RTX 4090,35,101.14,16,2612.1,24564.0,
2026-09-06T23:28:01.542840+00:00,05_smolvlm_size_lora,3,3,4.2,4.39,60.43,57.04,NVIDIA GeForce RTX 4090,36,99.28,49,2612.1,24564.0,
2026-09-06T23:28:11.554997+00:00,05_smolvlm_size_lora,3,3,4.2,4.36,60.43,57.04,NVIDIA GeForce RTX 4090,36,99.85,59,2612.1,24564.0,
2026-09-06T23:28:21.566528+00:00,05_smolvlm_size_lora,3,3,4.2,4.38,60.43,57.04,NVIDIA GeForce RTX 4090,35,100.72,34,2612.1,24564.0,
2026-09-06T23:28:31.578203+00:00,05_smolvlm_size_lora,3,3,4.2,4.34,60.43,57.04,NVIDIA GeForce RTX 4090,36,104.72,23,2612.1,24564.0,
2026-09-06T23:28:41.589456+00:00,05_smolvlm_size_lora,3,3,4.2,4.37,60.43,57.04,NVIDIA GeForce RTX 4090,36,100.07,46,2612.1,24564.0,
2026-09-06T23:28:51.600734+00:00,05_smolvlm_size_lora,3,3,4.2,4.33,60.43,57.04,NVIDIA GeForce RTX 4090,35,103.94,39,2612.1,24564.0,
2026-09-06T23:29:01.612058+00:00,05_smolvlm_size_lora,3,3,4.2,4.33,60.43,57.04,NVIDIA GeForce RTX 4090,35,99.86,30,2612.1,24564.0,
2026-09-06T23:29:11.622995+00:00,05_smolvlm_size_lora,3,3,4.2,4.35,60.43,57.04,NVIDIA GeForce RTX 4090,36,101.62,43,2612.1,24564.0,
2026-09-06T23:29:21.634335+00:00,05_smolvlm_size_lora,3,3,4.2,4.34,60.43,57.04,NVIDIA GeForce RTX 4090,36,101.45,50,2612.1,24564.0,
2026-09-06T23:29:31.645358+00:00,05_smolvlm_size_lora,3,3,4.2,4.32,60.43,57.04,NVIDIA GeForce RTX 4090,36,100.7,56,2612.1,24564.0,
2026-09-06T23:29:41.656219+00:00,05_smolvlm_size_lora,3,3,4.2,4.37,60.43,57.04,NVIDIA GeForce RTX 4090,36,100.4,13,2612.1,24564.0,
2026-09-06T23:29:51.667234+00:00,05_smolvlm_size_lora,3,3,4.2,4.33,60.43,57.04,NVIDIA GeForce RTX 4090,36,99.57,3,2612.1,24564.0,
2026-09-06T23:30:01.680642+00:00,05_smolvlm_size_lora,3,3,4.2,4.33,60.43,57.04,NVIDIA GeForce RTX 4090,35,87.83,62,2612.1,24564.0,
2026-09-06T23:30:11.691836+00:00,05_smolvlm_size_lora,3,3,4.2,4.31,60.43,57.04,NVIDIA GeForce RTX 4090,35,89.63,47,2612.1,24564.0,
2026-09-06T23:30:21.703182+00:00,05_smolvlm_size_lora,3,3,4.2,4.32,60.43,57.04,NVIDIA GeForce RTX 4090,35,90.3,43,2612.1,24564.0,
2026-09-06T23:30:31.714054+00:00,05_smolvlm_size_lora,3,3,4.0,4.38,60.43,57.04,NVIDIA GeForce RTX 4090,35,100.87,61,2612.1,24564.0,
2026-09-06T23:30:41.725260+00:00,05_smolvlm_size_lora,3,3,4.2,4.33,60.43,57.04,NVIDIA GeForce RTX 4090,35,101.19,55,2612.1,24564.0,
2026-09-06T23:30:51.738535+00:00,05_smolvlm_size_lora,3,3,4.2,4.32,60.43,57.04,NVIDIA GeForce RTX 4090,36,100.8,29,2612.1,24564.0,
2026-09-06T23:31:01.749619+00:00,05_smolvlm_size_lora,3,3,4.2,4.31,60.43,57.04,NVIDIA GeForce RTX 4090,35,99.31,53,2612.1,24564.0,
2026-09-06T23:31:11.760649+00:00,05_smolvlm_size_lora,3,3,4.2,4.32,60.43,57.04,NVIDIA GeForce RTX 4090,35,103.12,60,2612.1,24564.0,
2026-09-06T23:31:21.771486+00:00,05_smolvlm_size_lora,3,3,4.2,4.35,60.43,57.04,NVIDIA GeForce RTX 4090,35,100.89,42,2612.1,24564.0,
2026-09-06T23:31:31.782485+00:00,05_smolvlm_size_lora,3,3,4.2,4.35,60.43,57.04,NVIDIA GeForce RTX 4090,37,103.92,43,2612.1,24564.0,
2026-09-06T23:31:41.793559+00:00,05_smolvlm_size_lora,3,3,4.2,4.34,60.43,57.04,NVIDIA GeForce RTX 4090,35,103.03,56,2612.1,24564.0,
2026-09-06T23:31:51.804686+00:00,05_smolvlm_size_lora,3,3,4.2,4.34,60.43,57.04,NVIDIA GeForce RTX 4090,35,101.55,52,2612.1,24564.0,
2026-09-06T23:32:01.815939+00:00,05_smolvlm_size_lora,3,3,4.2,4.4,60.43,57.04,NVIDIA GeForce RTX 4090,37,99.84,38,2612.1,24564.0,
2026-09-06T23:32:11.827101+00:00,05_smolvlm_size_lora,3,3,4.2,4.36,60.43,57.04,NVIDIA GeForce RTX 4090,37,100.51,44,2612.1,24564.0,
2026-09-06T23:32:21.838231+00:00,05_smolvlm_size_lora,3,3,4.2,4.35,60.43,57.04,NVIDIA GeForce RTX 4090,36,102.05,19,2612.1,24564.0,
2026-09-06T23:32:31.850038+00:00,05_smolvlm_size_lora,3,3,4.2,4.34,60.43,57.04,NVIDIA GeForce RTX 4090,36,101.94,18,2612.1,24564.0,
2026-09-06T23:32:41.861348+00:00,05_smolvlm_size_lora,3,3,4.2,4.35,60.43,57.04,NVIDIA GeForce RTX 4090,35,101.33,15,2612.1,24564.0,
2026-09-06T23:32:51.872259+00:00,05_smolvlm_size_lora,3,3,4.2,4.34,60.43,57.04,NVIDIA GeForce RTX 4090,36,101.9,23,2612.1,24564.0,
2026-09-06T23:33:01.882967+00:00,05_smolvlm_size_lora,3,3,4.2,4.33,60.43,57.04,NVIDIA GeForce RTX 4090,36,101.75,37,2612.1,24564.0,
2026-09-06T23:33:11.893821+00:00,05_smolvlm_size_lora,3,3,4.2,4.33,60.43,57.04,NVIDIA GeForce RTX 4090,37,104.04,38,2612.1,24564.0,
2026-09-06T23:33:21.905109+00:00,05_smolvlm_size_lora,3,3,4.2,4.32,60.43,57.04,NVIDIA GeForce RTX 4090,35,105.39,15,2612.1,24564.0,
2026-09-06T23:33:31.915755+00:00,05_smolvlm_size_lora,3,3,4.2,4.32,60.43,57.04,NVIDIA GeForce RTX 4090,36,104.6,2,2612.1,24564.0,
2026-09-06T23:33:41.926845+00:00,05_smolvlm_size_lora,3,3,4.2,4.32,60.43,57.04,NVIDIA GeForce RTX 4090,36,100.92,17,2612.1,24564.0,
2026-09-06T23:33:51.937790+00:00,05_smolvlm_size_lora,3,3,4.2,4.31,60.43,57.04,NVIDIA GeForce RTX 4090,35,90.81,67,2612.1,24564.0,
2026-09-06T23:34:01.948841+00:00,05_smolvlm_size_lora,3,3,4.2,4.31,60.43,57.04,NVIDIA GeForce RTX 4090,35,89.95,25,2612.1,24564.0,
2026-09-06T23:34:11.960057+00:00,05_smolvlm_size_lora,3,3,4.2,4.32,60.43,57.04,NVIDIA GeForce RTX 4090,36,90.79,50,2612.1,24564.0,
2026-09-06T23:34:21.971736+00:00,05_smolvlm_size_lora,3,3,3.3,4.35,60.43,57.04,NVIDIA GeForce RTX 4090,34,89.96,39,3220.1,24564.0,
2026-09-06T23:34:31.983003+00:00,05_smolvlm_size_lora,3,3,4.2,4.36,60.43,57.04,NVIDIA GeForce RTX 4090,35,90.98,33,3220.1,24564.0,
2026-09-06T23:34:41.995032+00:00,05_smolvlm_size_lora,3,3,4.2,4.36,60.43,57.04,NVIDIA GeForce RTX 4090,34,90.89,37,3220.1,24564.0,
2026-09-06T23:34:52.006293+00:00,05_smolvlm_size_lora,4,4,4.2,3.23,60.43,57.04,NVIDIA GeForce RTX 4090,33,62.94,32,628.8,24564.0,
2026-09-06T23:35:02.016786+00:00,05_smolvlm_size_lora,4,4,3.4,4.25,60.43,57.04,NVIDIA GeForce RTX 4090,36,102.85,68,2610.1,24564.0,
2026-09-06T23:35:12.028706+00:00,05_smolvlm_size_lora,4,4,4.2,4.26,60.43,57.04,NVIDIA GeForce RTX 4090,36,103.69,53,2610.1,24564.0,
2026-09-06T23:35:22.040885+00:00,05_smolvlm_size_lora,4,4,4.2,4.26,60.43,57.04,NVIDIA GeForce RTX 4090,35,103.05,33,2610.1,24564.0,
2026-09-06T23:35:32.054924+00:00,05_smolvlm_size_lora,4,4,4.2,4.24,60.43,57.04,NVIDIA GeForce RTX 4090,36,100.58,40,2610.1,24564.0,
2026-09-06T23:35:42.065926+00:00,05_smolvlm_size_lora,4,4,4.2,4.24,60.43,57.04,NVIDIA GeForce RTX 4090,36,102.56,34,2612.1,24564.0,
2026-09-06T23:35:52.076878+00:00,05_smolvlm_size_lora,4,4,4.2,4.24,60.43,57.04,NVIDIA GeForce RTX 4090,35,104.3,13,2612.1,24564.0,
2026-09-06T23:36:02.087756+00:00,05_smolvlm_size_lora,4,4,4.2,4.24,60.43,57.04,NVIDIA GeForce RTX 4090,36,104.37,50,2612.1,24564.0,
2026-09-06T23:36:12.099447+00:00,05_smolvlm_size_lora,4,4,4.2,4.24,60.43,57.04,NVIDIA GeForce RTX 4090,35,103.7,36,2612.1,24564.0,
2026-09-06T23:36:22.110277+00:00,05_smolvlm_size_lora,4,4,4.2,4.24,60.43,57.04,NVIDIA GeForce RTX 4090,36,101.42,44,2612.1,24564.0,
2026-09-06T23:36:32.121183+00:00,05_smolvlm_size_lora,4,4,4.2,4.26,60.43,57.04,NVIDIA GeForce RTX 4090,36,102.08,46,2612.1,24564.0,
2026-09-06T23:36:42.132870+00:00,05_smolvlm_size_lora,4,4,4.2,4.24,60.43,57.04,NVIDIA GeForce RTX 4090,36,103.95,54,2612.1,24564.0,
2026-09-06T23:36:52.143495+00:00,05_smolvlm_size_lora,4,4,4.2,4.27,60.43,57.04,NVIDIA GeForce RTX 4090,35,103.65,1,2612.1,24564.0,
2026-09-06T23:37:02.154668+00:00,05_smolvlm_size_lora,4,4,4.2,4.27,60.43,57.04,NVIDIA GeForce RTX 4090,36,102.89,26,2612.1,24564.0,
2026-09-06T23:37:12.166880+00:00,05_smolvlm_size_lora,4,4,4.2,4.25,60.43,57.04,NVIDIA GeForce RTX 4090,36,103.83,52,2612.1,24564.0,
2026-09-06T23:37:22.177708+00:00,05_smolvlm_size_lora,4,4,4.2,4.26,60.43,57.04,NVIDIA GeForce RTX 4090,36,106.42,40,2612.1,24564.0,
2026-09-06T23:37:32.188849+00:00,05_smolvlm_size_lora,4,4,4.2,4.26,60.43,57.04,NVIDIA GeForce RTX 4090,36,102.7,38,2612.1,24564.0,
2026-09-06T23:37:42.199863+00:00,05_smolvlm_size_lora,4,4,4.2,4.26,60.43,57.04,NVIDIA GeForce RTX 4090,36,103.19,37,2612.1,24564.0,
2026-09-06T23:37:52.211145+00:00,05_smolvlm_size_lora,4,4,4.2,4.26,60.43,57.04,NVIDIA GeForce RTX 4090,36,101.67,45,2612.1,24564.0,
2026-09-06T23:38:02.222161+00:00,05_smolvlm_size_lora,4,4,4.2,4.37,60.43,57.04,NVIDIA GeForce RTX 4090,36,89.96,38,2612.1,24564.0,
2026-09-06T23:38:12.233430+00:00,05_smolvlm_size_lora,4,4,4.2,4.42,60.43,57.04,NVIDIA GeForce RTX 4090,35,89.41,31,2612.1,24564.0,
2026-09-06T23:38:22.244970+00:00,05_smolvlm_size_lora,4,4,4.2,4.39,60.43,57.04,NVIDIA GeForce RTX 4090,35,88.68,40,2612.1,24564.0,
2026-09-06T23:38:32.255725+00:00,05_smolvlm_size_lora,4,4,4.2,4.37,60.43,57.04,NVIDIA GeForce RTX 4090,35,89.42,39,2612.1,24564.0,
2026-09-06T23:38:42.267091+00:00,05_smolvlm_size_lora,4,4,4.0,4.36,60.43,57.02,NVIDIA GeForce RTX 4090,36,99.8,25,2612.1,24564.0,
2026-09-06T23:38:52.278314+00:00,05_smolvlm_size_lora,4,4,4.2,4.36,60.43,57.02,NVIDIA GeForce RTX 4090,36,103.42,57,2612.1,24564.0,
2026-09-06T23:39:02.289688+00:00,05_smolvlm_size_lora,4,4,4.2,4.42,60.43,57.02,NVIDIA GeForce RTX 4090,36,101.7,26,2612.1,24564.0,
2026-09-06T23:39:12.300773+00:00,05_smolvlm_size_lora,4,4,4.2,4.36,60.43,57.02,NVIDIA GeForce RTX 4090,36,101.09,39,2612.1,24564.0,
2026-09-06T23:39:22.311779+00:00,05_smolvlm_size_lora,4,4,4.2,4.38,60.43,57.02,NVIDIA GeForce RTX 4090,35,103.78,40,2612.1,24564.0,
2026-09-06T23:39:32.322659+00:00,05_smolvlm_size_lora,4,4,4.2,4.37,60.43,57.02,NVIDIA GeForce RTX 4090,37,102.03,61,2612.1,24564.0,
2026-09-06T23:39:42.333614+00:00,05_smolvlm_size_lora,4,4,4.2,4.35,60.43,57.02,NVIDIA GeForce RTX 4090,35,103.17,10,2612.1,24564.0,
2026-09-06T23:39:52.344358+00:00,05_smolvlm_size_lora,4,4,4.2,4.34,60.43,57.02,NVIDIA GeForce RTX 4090,37,103.91,64,2612.1,24564.0,
2026-09-06T23:40:02.355348+00:00,05_smolvlm_size_lora,4,4,4.2,4.35,60.43,57.02,NVIDIA GeForce RTX 4090,36,103.19,43,2612.1,24564.0,
2026-09-06T23:40:12.366687+00:00,05_smolvlm_size_lora,4,4,4.2,4.35,60.43,57.02,NVIDIA GeForce RTX 4090,36,102.67,49,2612.1,24564.0,
2026-09-06T23:40:22.377410+00:00,05_smolvlm_size_lora,4,4,4.2,4.35,60.43,57.02,NVIDIA GeForce RTX 4090,35,99.4,42,2612.1,24564.0,
2026-09-06T23:40:32.388487+00:00,05_smolvlm_size_lora,4,4,4.2,4.35,60.43,57.02,NVIDIA GeForce RTX 4090,35,100.4,27,2612.1,24564.0,
2026-09-06T23:40:42.399580+00:00,05_smolvlm_size_lora,4,4,4.2,4.36,60.43,57.02,NVIDIA GeForce RTX 4090,36,100.41,35,2612.1,24564.0,
2026-09-06T23:40:52.410919+00:00,05_smolvlm_size_lora,4,4,4.2,4.36,60.43,57.02,NVIDIA GeForce RTX 4090,35,99.28,41,2612.1,24564.0,
2026-09-06T23:41:02.423851+00:00,05_smolvlm_size_lora,4,4,4.2,4.36,60.43,57.02,NVIDIA GeForce RTX 4090,36,102.0,42,2612.1,24564.0,
2026-09-06T23:41:12.435797+00:00,05_smolvlm_size_lora,4,4,4.2,4.39,60.43,57.02,NVIDIA GeForce RTX 4090,36,103.7,44,2612.1,24564.0,
2026-09-06T23:41:22.447101+00:00,05_smolvlm_size_lora,4,4,4.2,4.42,60.43,57.02,NVIDIA GeForce RTX 4090,35,99.64,37,2612.1,24564.0,
2026-09-06T23:41:32.458049+00:00,05_smolvlm_size_lora,4,4,4.2,4.43,60.43,57.02,NVIDIA GeForce RTX 4090,36,99.93,24,2612.1,24564.0,
2026-09-06T23:41:42.471054+00:00,05_smolvlm_size_lora,4,4,4.2,4.4,60.43,57.02,NVIDIA GeForce RTX 4090,36,100.21,3,2612.1,24564.0,
2026-09-06T23:41:52.482073+00:00,05_smolvlm_size_lora,4,4,4.2,4.4,60.43,57.02,NVIDIA GeForce RTX 4090,35,88.95,54,2612.1,24564.0,
2026-09-06T23:42:02.493030+00:00,05_smolvlm_size_lora,4,4,4.2,4.38,60.43,57.02,NVIDIA GeForce RTX 4090,35,90.21,35,2612.1,24564.0,
2026-09-06T23:42:12.504193+00:00,05_smolvlm_size_lora,4,4,4.2,4.38,60.43,57.02,NVIDIA GeForce RTX 4090,35,88.04,59,2612.1,24564.0,
2026-09-06T23:42:22.516669+00:00,05_smolvlm_size_lora,4,4,4.2,4.35,60.43,57.02,NVIDIA GeForce RTX 4090,35,91.48,52,2612.1,24564.0,
2026-09-06T23:42:32.527932+00:00,05_smolvlm_size_lora,4,4,4.0,4.36,60.43,57.02,NVIDIA GeForce RTX 4090,36,101.98,46,2612.1,24564.0,
2026-09-06T23:42:42.539184+00:00,05_smolvlm_size_lora,4,4,4.2,4.37,60.43,57.02,NVIDIA GeForce RTX 4090,36,102.17,53,2612.1,24564.0,
2026-09-06T23:42:52.550125+00:00,05_smolvlm_size_lora,4,4,4.2,4.38,60.43,57.02,NVIDIA GeForce RTX 4090,36,98.76,69,2612.1,24564.0,
2026-09-06T23:43:02.561209+00:00,05_smolvlm_size_lora,4,4,4.2,4.37,60.43,57.02,NVIDIA GeForce RTX 4090,35,103.28,42,2612.1,24564.0,
2026-09-06T23:43:12.572135+00:00,05_smolvlm_size_lora,4,4,4.2,4.39,60.43,57.02,NVIDIA GeForce RTX 4090,35,100.31,39,2612.1,24564.0,
2026-09-06T23:43:22.585846+00:00,05_smolvlm_size_lora,4,4,4.2,4.36,60.43,57.02,NVIDIA GeForce RTX 4090,36,101.91,53,2612.1,24564.0,
2026-09-06T23:43:32.597142+00:00,05_smolvlm_size_lora,4,4,4.2,4.36,60.43,57.02,NVIDIA GeForce RTX 4090,37,101.05,43,2612.1,24564.0,
2026-09-06T23:43:42.608114+00:00,05_smolvlm_size_lora,4,4,4.2,4.4,60.43,57.02,NVIDIA GeForce RTX 4090,35,100.84,35,2612.1,24564.0,
2026-09-06T23:43:52.619396+00:00,05_smolvlm_size_lora,4,4,4.2,4.4,60.43,57.02,NVIDIA GeForce RTX 4090,36,101.25,53,2612.1,24564.0,
2026-09-06T23:44:02.633373+00:00,05_smolvlm_size_lora,4,4,4.2,4.39,60.43,57.02,NVIDIA GeForce RTX 4090,36,97.98,18,2612.1,24564.0,
2026-09-06T23:44:12.644778+00:00,05_smolvlm_size_lora,4,4,4.2,4.35,60.43,57.02,NVIDIA GeForce RTX 4090,37,99.26,36,2612.1,24564.0,
2026-09-06T23:44:22.656504+00:00,05_smolvlm_size_lora,4,4,4.2,4.35,60.43,57.02,NVIDIA GeForce RTX 4090,36,101.1,25,2612.1,24564.0,
2026-09-06T23:44:32.667794+00:00,05_smolvlm_size_lora,4,4,4.2,4.35,60.43,57.02,NVIDIA GeForce RTX 4090,35,103.26,65,2612.1,24564.0,
2026-09-06T23:44:42.679121+00:00,05_smolvlm_size_lora,4,4,4.2,4.33,60.43,57.02,NVIDIA GeForce RTX 4090,37,99.19,44,2612.1,24564.0,
2026-09-06T23:44:52.690200+00:00,05_smolvlm_size_lora,4,4,4.2,4.35,60.43,57.02,NVIDIA GeForce RTX 4090,35,103.0,69,2612.1,24564.0,
2026-09-06T23:45:02.701354+00:00,05_smolvlm_size_lora,4,4,4.2,4.35,60.43,57.02,NVIDIA GeForce RTX 4090,36,101.75,16,2612.1,24564.0,
2026-09-06T23:45:12.714648+00:00,05_smolvlm_size_lora,4,4,4.2,4.34,60.43,57.02,NVIDIA GeForce RTX 4090,35,100.01,42,2612.1,24564.0,
2026-09-06T23:45:22.725559+00:00,05_smolvlm_size_lora,4,4,4.2,4.35,60.43,57.02,NVIDIA GeForce RTX 4090,37,99.65,39,2612.1,24564.0,
2026-09-06T23:45:32.736601+00:00,05_smolvlm_size_lora,4,4,4.2,4.35,60.43,57.02,NVIDIA GeForce RTX 4090,38,101.7,42,2612.1,24564.0,
2026-09-06T23:45:42.747900+00:00,05_smolvlm_size_lora,4,4,4.2,4.33,60.43,57.02,NVIDIA GeForce RTX 4090,35,89.22,53,2612.1,24564.0,
2026-09-06T23:45:52.758866+00:00,05_smolvlm_size_lora,4,4,4.2,4.33,60.43,57.02,NVIDIA GeForce RTX 4090,35,89.37,50,2612.1,24564.0,
2026-09-06T23:46:02.769985+00:00,05_smolvlm_size_lora,4,4,4.2,4.34,60.43,57.02,NVIDIA GeForce RTX 4090,35,88.54,39,2612.1,24564.0,
2026-09-06T23:46:12.780839+00:00,05_smolvlm_size_lora,4,4,4.2,4.32,60.43,57.02,NVIDIA GeForce RTX 4090,35,90.59,56,2612.1,24564.0,
2026-09-06T23:46:22.792452+00:00,05_smolvlm_size_lora,4,4,4.0,4.34,60.43,57.02,NVIDIA GeForce RTX 4090,36,103.48,49,2612.1,24564.0,
2026-09-06T23:46:32.803302+00:00,05_smolvlm_size_lora,4,4,4.2,4.33,60.43,57.02,NVIDIA GeForce RTX 4090,36,100.15,44,2612.1,24564.0,
2026-09-06T23:46:42.813962+00:00,05_smolvlm_size_lora,4,4,4.2,4.33,60.43,57.02,NVIDIA GeForce RTX 4090,36,99.64,25,2612.1,24564.0,
2026-09-06T23:46:52.825188+00:00,05_smolvlm_size_lora,4,4,4.2,4.33,60.43,57.02,NVIDIA GeForce RTX 4090,35,103.62,21,2612.1,24564.0,
2026-09-06T23:47:02.835948+00:00,05_smolvlm_size_lora,4,4,4.2,4.33,60.43,57.02,NVIDIA GeForce RTX 4090,35,103.31,4,2612.1,24564.0,
2026-09-06T23:47:12.846867+00:00,05_smolvlm_size_lora,4,4,4.2,4.33,60.43,57.02,NVIDIA GeForce RTX 4090,35,103.61,31,2612.1,24564.0,
2026-09-06T23:47:22.857812+00:00,05_smolvlm_size_lora,4,4,4.2,4.33,60.43,57.02,NVIDIA GeForce RTX 4090,35,102.83,7,2612.1,24564.0,
2026-09-06T23:47:32.868910+00:00,05_smolvlm_size_lora,4,4,4.2,4.33,60.43,57.02,NVIDIA GeForce RTX 4090,35,99.14,32,2612.1,24564.0,
2026-09-06T23:47:42.879722+00:00,05_smolvlm_size_lora,4,4,4.2,4.34,60.43,57.02,NVIDIA GeForce RTX 4090,35,98.31,29,2612.1,24564.0,
2026-09-06T23:47:52.890976+00:00,05_smolvlm_size_lora,4,4,4.2,4.37,60.43,57.02,NVIDIA GeForce RTX 4090,36,103.17,60,2612.1,24564.0,
2026-09-06T23:48:02.901936+00:00,05_smolvlm_size_lora,4,4,4.2,4.43,60.43,57.02,NVIDIA GeForce RTX 4090,36,99.64,46,2612.1,24564.0,
2026-09-06T23:48:12.913321+00:00,05_smolvlm_size_lora,4,4,4.2,4.41,60.43,57.02,NVIDIA GeForce RTX 4090,36,103.61,63,2612.1,24564.0,
2026-09-06T23:48:22.924534+00:00,05_smolvlm_size_lora,4,4,4.2,4.33,60.43,57.02,NVIDIA GeForce RTX 4090,35,102.22,54,2612.1,24564.0,
2026-09-06T23:48:32.935722+00:00,05_smolvlm_size_lora,4,4,4.2,4.35,60.43,57.02,NVIDIA GeForce RTX 4090,36,103.38,11,2612.1,24564.0,
2026-09-06T23:48:42.947071+00:00,05_smolvlm_size_lora,4,4,4.2,4.37,60.43,57.02,NVIDIA GeForce RTX 4090,36,104.19,46,2612.1,24564.0,
2026-09-06T23:48:52.958052+00:00,05_smolvlm_size_lora,4,4,4.2,4.37,60.43,57.02,NVIDIA GeForce RTX 4090,36,103.48,28,2612.1,24564.0,
2026-09-06T23:49:02.969084+00:00,05_smolvlm_size_lora,4,4,4.2,4.32,60.43,57.02,NVIDIA GeForce RTX 4090,36,101.65,55,2612.1,24564.0,
2026-09-06T23:49:12.980567+00:00,05_smolvlm_size_lora,4,4,4.2,4.35,60.43,57.02,NVIDIA GeForce RTX 4090,36,103.44,9,2612.1,24564.0,
2026-09-06T23:49:22.991579+00:00,05_smolvlm_size_lora,4,4,4.2,4.33,60.43,57.02,NVIDIA GeForce RTX 4090,35,99.68,46,2612.1,24564.0,
2026-09-06T23:49:33.003076+00:00,05_smolvlm_size_lora,4,4,4.2,4.35,60.43,57.02,NVIDIA GeForce RTX 4090,35,89.02,35,2612.1,24564.0,
2026-09-06T23:49:43.014502+00:00,05_smolvlm_size_lora,4,4,4.2,4.32,60.43,57.02,NVIDIA GeForce RTX 4090,35,90.1,33,2612.1,24564.0,
2026-09-06T23:49:53.025632+00:00,05_smolvlm_size_lora,4,4,4.2,4.33,60.43,57.02,NVIDIA GeForce RTX 4090,36,91.08,46,2612.1,24564.0,
2026-09-06T23:50:03.036700+00:00,05_smolvlm_size_lora,4,4,4.0,4.39,60.43,57.02,NVIDIA GeForce RTX 4090,37,103.58,39,2612.1,24564.0,
2026-09-06T23:50:13.047626+00:00,05_smolvlm_size_lora,4,4,4.2,4.38,60.43,57.02,NVIDIA GeForce RTX 4090,35,98.65,0,2612.1,24564.0,
2026-09-06T23:50:23.060706+00:00,05_smolvlm_size_lora,4,4,4.2,4.39,60.43,57.02,NVIDIA GeForce RTX 4090,35,100.05,29,2612.1,24564.0,
2026-09-06T23:50:33.071551+00:00,05_smolvlm_size_lora,4,4,4.2,4.38,60.43,57.02,NVIDIA GeForce RTX 4090,35,100.08,27,2612.1,24564.0,
2026-09-06T23:50:43.082764+00:00,05_smolvlm_size_lora,4,4,4.2,4.39,60.43,57.02,NVIDIA GeForce RTX 4090,36,101.89,63,2612.1,24564.0,
2026-09-06T23:50:53.093777+00:00,05_smolvlm_size_lora,4,4,4.2,4.36,60.43,57.02,NVIDIA GeForce RTX 4090,36,99.02,42,2612.1,24564.0,
2026-09-06T23:51:03.104819+00:00,05_smolvlm_size_lora,4,4,4.2,4.36,60.43,57.02,NVIDIA GeForce RTX 4090,35,101.1,20,2612.1,24564.0,
2026-09-06T23:51:13.115853+00:00,05_smolvlm_size_lora,4,4,4.2,4.39,60.43,57.02,NVIDIA GeForce RTX 4090,35,103.37,63,2612.1,24564.0,
2026-09-06T23:51:23.127206+00:00,05_smolvlm_size_lora,4,4,4.2,4.36,60.43,57.02,NVIDIA GeForce RTX 4090,35,103.54,51,2612.1,24564.0,
2026-09-06T23:51:33.138249+00:00,05_smolvlm_size_lora,4,4,4.2,4.35,60.43,57.02,NVIDIA GeForce RTX 4090,36,99.35,0,2612.1,24564.0,
2026-09-06T23:51:43.149756+00:00,05_smolvlm_size_lora,4,4,4.2,4.37,60.43,57.02,NVIDIA GeForce RTX 4090,36,100.26,40,2612.1,24564.0,
2026-09-06T23:51:53.160832+00:00,05_smolvlm_size_lora,4,4,4.2,4.36,60.43,57.02,NVIDIA GeForce RTX 4090,36,99.39,28,2612.1,24564.0,
2026-09-06T23:52:03.171794+00:00,05_smolvlm_size_lora,4,4,4.2,4.35,60.43,57.02,NVIDIA GeForce RTX 4090,36,99.88,34,2612.1,24564.0,
2026-09-06T23:52:13.185451+00:00,05_smolvlm_size_lora,4,4,4.2,4.36,60.43,57.02,NVIDIA GeForce RTX 4090,36,100.56,29,2612.1,24564.0,
2026-09-06T23:52:23.196848+00:00,05_smolvlm_size_lora,4,4,4.2,4.34,60.43,57.02,NVIDIA GeForce RTX 4090,35,106.69,41,2612.1,24564.0,
2026-09-06T23:52:33.208406+00:00,05_smolvlm_size_lora,4,4,4.2,4.34,60.43,57.02,NVIDIA GeForce RTX 4090,35,99.26,47,2612.1,24564.0,
2026-09-06T23:52:43.220741+00:00,05_smolvlm_size_lora,4,4,4.2,4.36,60.43,57.02,NVIDIA GeForce RTX 4090,35,101.31,67,2612.1,24564.0,
2026-09-06T23:52:53.232228+00:00,05_smolvlm_size_lora,4,4,4.2,4.4,60.43,57.02,NVIDIA GeForce RTX 4090,37,102.05,37,2612.1,24564.0,
2026-09-06T23:53:03.243442+00:00,05_smolvlm_size_lora,4,4,4.2,4.39,60.43,57.02,NVIDIA GeForce RTX 4090,36,101.3,19,2612.1,24564.0,
2026-09-06T23:53:13.257148+00:00,05_smolvlm_size_lora,4,4,4.2,4.37,60.43,57.02,NVIDIA GeForce RTX 4090,35,101.21,26,2612.1,24564.0,
2026-09-06T23:53:23.268341+00:00,05_smolvlm_size_lora,4,4,4.2,4.38,60.43,57.02,NVIDIA GeForce RTX 4090,36,88.62,53,2612.1,24564.0,
2026-09-06T23:53:33.279277+00:00,05_smolvlm_size_lora,4,4,4.2,4.37,60.43,57.02,NVIDIA GeForce RTX 4090,35,89.12,31,2612.1,24564.0,
2026-09-06T23:53:43.290153+00:00,05_smolvlm_size_lora,4,4,4.2,4.37,60.43,57.02,NVIDIA GeForce RTX 4090,35,90.26,65,2612.1,24564.0,
2026-09-06T23:53:53.301219+00:00,05_smolvlm_size_lora,4,4,4.2,4.37,60.43,57.02,NVIDIA GeForce RTX 4090,35,99.4,13,2612.1,24564.0,
2026-09-06T23:54:03.312424+00:00,05_smolvlm_size_lora,4,4,4.2,4.37,60.43,57.02,NVIDIA GeForce RTX 4090,35,98.15,18,2612.1,24564.0,
2026-09-06T23:54:13.323416+00:00,05_smolvlm_size_lora,4,4,4.2,4.39,60.43,57.02,NVIDIA GeForce RTX 4090,35,98.25,20,2612.1,24564.0,
2026-09-06T23:54:23.334615+00:00,05_smolvlm_size_lora,4,4,4.2,4.35,60.43,57.02,NVIDIA GeForce RTX 4090,35,99.83,49,2612.1,24564.0,
2026-09-06T23:54:33.345623+00:00,05_smolvlm_size_lora,4,4,4.2,4.34,60.43,57.02,NVIDIA GeForce RTX 4090,36,100.29,28,2612.1,24564.0,
2026-09-06T23:54:43.357403+00:00,05_smolvlm_size_lora,4,4,4.2,4.36,60.43,57.02,NVIDIA GeForce RTX 4090,35,103.41,19,2612.1,24564.0,
2026-09-06T23:54:53.368525+00:00,05_smolvlm_size_lora,4,4,4.2,4.35,60.43,57.02,NVIDIA GeForce RTX 4090,36,103.2,46,2612.1,24564.0,
2026-09-06T23:55:03.379599+00:00,05_smolvlm_size_lora,4,4,4.2,4.33,60.43,57.02,NVIDIA GeForce RTX 4090,35,103.94,13,2612.1,24564.0,
2026-09-06T23:55:13.390772+00:00,05_smolvlm_size_lora,4,4,4.2,4.4,60.43,57.02,NVIDIA GeForce RTX 4090,35,103.15,5,2612.1,24564.0,
2026-09-06T23:55:23.402900+00:00,05_smolvlm_size_lora,4,4,4.2,4.38,60.43,57.02,NVIDIA GeForce RTX 4090,37,100.78,38,2612.1,24564.0,
2026-09-06T23:55:33.414102+00:00,05_smolvlm_size_lora,4,4,4.2,4.36,60.43,57.02,NVIDIA GeForce RTX 4090,36,103.02,30,2612.1,24564.0,
2026-09-06T23:55:43.425179+00:00,05_smolvlm_size_lora,4,4,4.2,4.37,60.43,57.02,NVIDIA GeForce RTX 4090,35,100.16,0,2612.1,24564.0,
2026-09-06T23:55:53.439237+00:00,05_smolvlm_size_lora,4,4,4.2,4.38,60.43,57.02,NVIDIA GeForce RTX 4090,35,99.06,9,2612.1,24564.0,
2026-09-06T23:56:03.450488+00:00,05_smolvlm_size_lora,4,4,4.2,4.39,60.43,57.02,NVIDIA GeForce RTX 4090,36,101.18,48,2612.1,24564.0,
2026-09-06T23:56:13.462064+00:00,05_smolvlm_size_lora,4,4,4.2,4.37,60.43,57.02,NVIDIA GeForce RTX 4090,36,103.35,22,2612.1,24564.0,
2026-09-06T23:56:23.473576+00:00,05_smolvlm_size_lora,4,4,4.2,4.36,60.43,57.02,NVIDIA GeForce RTX 4090,37,102.25,17,2612.1,24564.0,
2026-09-06T23:56:33.484959+00:00,05_smolvlm_size_lora,4,4,4.2,4.35,60.43,57.02,NVIDIA GeForce RTX 4090,36,101.85,32,2612.1,24564.0,
2026-09-06T23:56:43.497053+00:00,05_smolvlm_size_lora,4,4,4.2,4.37,60.43,57.02,NVIDIA GeForce RTX 4090,35,101.8,53,2612.1,24564.0,
2026-09-06T23:56:53.508032+00:00,05_smolvlm_size_lora,4,4,4.2,4.33,60.43,57.02,NVIDIA GeForce RTX 4090,35,97.8,14,2612.1,24564.0,
2026-09-06T23:57:03.519487+00:00,05_smolvlm_size_lora,4,4,4.2,4.36,60.43,57.02,NVIDIA GeForce RTX 4090,35,90.31,37,2612.1,24564.0,
2026-09-06T23:57:13.530850+00:00,05_smolvlm_size_lora,4,4,4.2,4.35,60.43,57.02,NVIDIA GeForce RTX 4090,35,88.7,33,2612.1,24564.0,
2026-09-06T23:57:23.542042+00:00,05_smolvlm_size_lora,4,4,4.2,4.36,60.43,57.02,NVIDIA GeForce RTX 4090,35,87.45,34,2612.1,24564.0,
2026-09-06T23:57:33.552650+00:00,05_smolvlm_size_lora,4,4,4.2,4.36,60.43,57.02,NVIDIA GeForce RTX 4090,36,90.27,58,2612.1,24564.0,
2026-09-06T23:57:43.563858+00:00,05_smolvlm_size_lora,4,4,3.1,4.39,60.43,57.02,NVIDIA GeForce RTX 4090,35,88.45,40,3220.1,24564.0,
2026-09-06T23:57:53.574650+00:00,05_smolvlm_size_lora,4,4,4.2,4.4,60.43,57.02,NVIDIA GeForce RTX 4090,35,89.09,37,3220.1,24564.0,
2026-09-06T23:58:03.585637+00:00,05_smolvlm_size_lora,4,4,4.2,4.39,60.43,57.02,NVIDIA GeForce RTX 4090,34,90.68,59,3220.1,24564.0,
2026-09-06T23:58:13.596821+00:00,05_smolvlm_size_lora,5,5,3.9,3.31,60.43,57.02,NVIDIA GeForce RTX 4090,33,49.53,0,628.8,24564.0,
2026-09-06T23:58:23.607979+00:00,05_smolvlm_size_lora,5,5,3.7,4.31,60.43,57.02,NVIDIA GeForce RTX 4090,35,101.84,12,2610.1,24564.0,
2026-09-06T23:58:33.619304+00:00,05_smolvlm_size_lora,5,5,4.2,4.31,60.43,57.02,NVIDIA GeForce RTX 4090,35,99.5,54,2610.1,24564.0,
2026-09-06T23:58:43.630371+00:00,05_smolvlm_size_lora,5,5,4.2,4.31,60.43,57.02,NVIDIA GeForce RTX 4090,35,104.89,8,2610.1,24564.0,
2026-09-06T23:58:53.641168+00:00,05_smolvlm_size_lora,5,5,4.2,4.27,60.43,57.02,NVIDIA GeForce RTX 4090,35,99.5,15,2610.1,24564.0,
2026-09-06T23:59:03.652163+00:00,05_smolvlm_size_lora,5,5,4.2,4.26,60.43,57.02,NVIDIA GeForce RTX 4090,35,103.02,47,2612.1,24564.0,
2026-09-06T23:59:13.663057+00:00,05_smolvlm_size_lora,5,5,4.2,4.29,60.43,57.02,NVIDIA GeForce RTX 4090,35,102.97,60,2612.1,24564.0,
2026-09-06T23:59:23.674085+00:00,05_smolvlm_size_lora,5,5,4.2,4.26,60.43,57.02,NVIDIA GeForce RTX 4090,35,100.46,36,2612.1,24564.0,
2026-09-06T23:59:33.685395+00:00,05_smolvlm_size_lora,5,5,4.2,4.25,60.43,57.02,NVIDIA GeForce RTX 4090,36,101.3,20,2612.1,24564.0,
2026-09-06T23:59:43.696330+00:00,05_smolvlm_size_lora,5,5,4.2,4.25,60.43,57.02,NVIDIA GeForce RTX 4090,35,101.64,32,2612.1,24564.0,
2026-09-06T23:59:53.707914+00:00,05_smolvlm_size_lora,5,5,4.2,4.28,60.43,57.02,NVIDIA GeForce RTX 4090,36,100.29,17,2612.1,24564.0,
