timestamp_utc,current_experiment,current_repetition,current_seed,cpu_pct,ram_used_gb,ram_total_gb,disk_free_gb,gpu_name,gpu_temp_c,gpu_power_w,gpu_util_pct,gpu_mem_used_mb,gpu_mem_total_mb,gpu_error
2026-09-07T00:00:03.719073+00:00,05_smolvlm_size_lora,5,5,4.2,4.26,60.43,57.02,NVIDIA GeForce RTX 4090,35,98.36,64,2612.1,24564.0,
2026-09-07T00:00:13.730070+00:00,05_smolvlm_size_lora,5,5,4.3,4.33,60.43,57.02,NVIDIA GeForce RTX 4090,36,101.08,54,2612.1,24564.0,
2026-09-07T00:00:23.740945+00:00,05_smolvlm_size_lora,5,5,4.2,4.31,60.43,57.02,NVIDIA GeForce RTX 4090,35,99.47,63,2612.1,24564.0,
2026-09-07T00:00:33.751774+00:00,05_smolvlm_size_lora,5,5,4.2,4.32,60.43,57.02,NVIDIA GeForce RTX 4090,36,102.23,47,2612.1,24564.0,
2026-09-07T00:00:43.762775+00:00,05_smolvlm_size_lora,5,5,4.2,4.31,60.43,57.02,NVIDIA GeForce RTX 4090,36,100.77,16,2612.1,24564.0,
2026-09-07T00:00:53.773881+00:00,05_smolvlm_size_lora,5,5,4.2,4.35,60.43,57.02,NVIDIA GeForce RTX 4090,35,100.36,35,2612.1,24564.0,
2026-09-07T00:01:03.785095+00:00,05_smolvlm_size_lora,5,5,4.2,4.35,60.43,57.02,NVIDIA GeForce RTX 4090,35,98.95,20,2612.1,24564.0,
2026-09-07T00:01:13.796069+00:00,05_smolvlm_size_lora,5,5,4.2,4.3,60.43,57.02,NVIDIA GeForce RTX 4090,36,98.82,58,2612.1,24564.0,
2026-09-07T00:01:23.807249+00:00,05_smolvlm_size_lora,5,5,4.2,4.3,60.43,57.02,NVIDIA GeForce RTX 4090,35,100.97,4,2612.1,24564.0,
2026-09-07T00:01:33.818310+00:00,05_smolvlm_size_lora,5,5,4.2,4.4,60.43,57.02,NVIDIA GeForce RTX 4090,35,88.3,67,2612.1,24564.0,
2026-09-07T00:01:43.829180+00:00,05_smolvlm_size_lora,5,5,4.2,4.36,60.43,57.02,NVIDIA GeForce RTX 4090,34,88.46,48,2612.1,24564.0,
2026-09-07T00:01:53.840367+00:00,05_smolvlm_size_lora,5,5,4.2,4.36,60.43,57.02,NVIDIA GeForce RTX 4090,35,87.32,35,2612.1,24564.0,
2026-09-07T00:02:03.851470+00:00,05_smolvlm_size_lora,5,5,4.2,4.35,60.43,57.02,NVIDIA GeForce RTX 4090,34,90.34,42,2612.1,24564.0,
2026-09-07T00:02:13.862516+00:00,05_smolvlm_size_lora,5,5,4.1,4.36,60.43,57.0,NVIDIA GeForce RTX 4090,36,99.21,66,2612.1,24564.0,
2026-09-07T00:02:23.873313+00:00,05_smolvlm_size_lora,5,5,4.2,4.36,60.43,57.0,NVIDIA GeForce RTX 4090,36,103.38,68,2612.1,24564.0,
2026-09-07T00:02:33.884606+00:00,05_smolvlm_size_lora,5,5,4.2,4.37,60.43,57.0,NVIDIA GeForce RTX 4090,35,101.08,45,2612.1,24564.0,
2026-09-07T00:02:43.895309+00:00,05_smolvlm_size_lora,5,5,4.2,4.35,60.43,57.0,NVIDIA GeForce RTX 4090,36,100.12,1,2612.1,24564.0,
2026-09-07T00:02:53.906525+00:00,05_smolvlm_size_lora,5,5,4.2,4.35,60.43,57.0,NVIDIA GeForce RTX 4090,35,99.85,27,2612.1,24564.0,
2026-09-07T00:03:03.917906+00:00,05_smolvlm_size_lora,5,5,4.2,4.35,60.43,57.0,NVIDIA GeForce RTX 4090,35,103.05,61,2612.1,24564.0,
2026-09-07T00:03:13.928898+00:00,05_smolvlm_size_lora,5,5,4.2,4.35,60.43,57.0,NVIDIA GeForce RTX 4090,35,102.37,42,2612.1,24564.0,
2026-09-07T00:03:23.939772+00:00,05_smolvlm_size_lora,5,5,4.2,4.35,60.43,57.0,NVIDIA GeForce RTX 4090,35,103.19,67,2612.1,24564.0,
2026-09-07T00:03:33.951492+00:00,05_smolvlm_size_lora,5,5,4.2,4.35,60.43,57.0,NVIDIA GeForce RTX 4090,36,102.84,47,2612.1,24564.0,
2026-09-07T00:03:43.962104+00:00,05_smolvlm_size_lora,5,5,4.2,4.35,60.43,57.0,NVIDIA GeForce RTX 4090,36,103.02,0,2612.1,24564.0,
2026-09-07T00:03:53.973089+00:00,05_smolvlm_size_lora,5,5,4.2,4.39,60.43,57.0,NVIDIA GeForce RTX 4090,35,98.81,34,2612.1,24564.0,
2026-09-07T00:04:03.984025+00:00,05_smolvlm_size_lora,5,5,4.2,4.37,60.43,57.0,NVIDIA GeForce RTX 4090,36,100.29,29,2612.1,24564.0,
2026-09-07T00:04:13.995864+00:00,05_smolvlm_size_lora,5,5,4.2,4.37,60.43,57.0,NVIDIA GeForce RTX 4090,36,106.32,24,2612.1,24564.0,
2026-09-07T00:04:24.006851+00:00,05_smolvlm_size_lora,5,5,4.2,4.36,60.43,57.0,NVIDIA GeForce RTX 4090,36,99.63,29,2612.1,24564.0,
2026-09-07T00:04:34.018201+00:00,05_smolvlm_size_lora,5,5,4.2,4.38,60.43,57.0,NVIDIA GeForce RTX 4090,35,99.14,52,2612.1,24564.0,
2026-09-07T00:04:44.030678+00:00,05_smolvlm_size_lora,5,5,4.2,4.37,60.43,57.0,NVIDIA GeForce RTX 4090,36,100.78,45,2612.1,24564.0,
2026-09-07T00:04:54.041490+00:00,05_smolvlm_size_lora,5,5,4.2,4.39,60.43,57.0,NVIDIA GeForce RTX 4090,35,99.25,14,2612.1,24564.0,
2026-09-07T00:05:04.052437+00:00,05_smolvlm_size_lora,5,5,4.2,4.36,60.43,57.0,NVIDIA GeForce RTX 4090,36,99.24,13,2612.1,24564.0,
2026-09-07T00:05:14.063885+00:00,05_smolvlm_size_lora,5,5,4.2,4.38,60.43,57.0,NVIDIA GeForce RTX 4090,35,99.95,53,2612.1,24564.0,
2026-09-07T00:05:24.074823+00:00,05_smolvlm_size_lora,5,5,4.2,4.39,60.43,57.0,NVIDIA GeForce RTX 4090,35,89.77,48,2612.1,24564.0,
2026-09-07T00:05:34.085936+00:00,05_smolvlm_size_lora,5,5,4.2,4.37,60.43,57.0,NVIDIA GeForce RTX 4090,35,89.15,49,2612.1,24564.0,
2026-09-07T00:05:44.097167+00:00,05_smolvlm_size_lora,5,5,4.2,4.38,60.43,57.0,NVIDIA GeForce RTX 4090,35,87.47,57,2612.1,24564.0,
2026-09-07T00:05:54.108247+00:00,05_smolvlm_size_lora,5,5,4.2,4.37,60.43,57.0,NVIDIA GeForce RTX 4090,34,89.82,42,2612.1,24564.0,
2026-09-07T00:06:04.119373+00:00,05_smolvlm_size_lora,5,5,4.0,4.36,60.43,57.0,NVIDIA GeForce RTX 4090,36,97.22,9,2612.1,24564.0,
2026-09-07T00:06:14.130343+00:00,05_smolvlm_size_lora,5,5,4.2,4.34,60.43,57.0,NVIDIA GeForce RTX 4090,36,101.05,10,2612.1,24564.0,
2026-09-07T00:06:24.141170+00:00,05_smolvlm_size_lora,5,5,4.2,4.33,60.43,57.0,NVIDIA GeForce RTX 4090,37,99.42,22,2612.1,24564.0,
2026-09-07T00:06:34.152169+00:00,05_smolvlm_size_lora,5,5,4.2,4.32,60.43,57.0,NVIDIA GeForce RTX 4090,35,102.62,64,2612.1,24564.0,
2026-09-07T00:06:44.163121+00:00,05_smolvlm_size_lora,5,5,4.2,4.32,60.43,57.0,NVIDIA GeForce RTX 4090,35,100.58,51,2612.1,24564.0,
2026-09-07T00:06:54.174136+00:00,05_smolvlm_size_lora,5,5,4.2,4.36,60.43,57.0,NVIDIA GeForce RTX 4090,35,100.42,48,2612.1,24564.0,
2026-09-07T00:07:04.185340+00:00,05_smolvlm_size_lora,5,5,4.2,4.33,60.43,57.0,NVIDIA GeForce RTX 4090,36,99.92,53,2612.1,24564.0,
2026-09-07T00:07:14.198047+00:00,05_smolvlm_size_lora,5,5,4.2,4.31,60.43,57.0,NVIDIA GeForce RTX 4090,36,98.28,55,2612.1,24564.0,
2026-09-07T00:07:24.209354+00:00,05_smolvlm_size_lora,5,5,4.2,4.35,60.43,57.0,NVIDIA GeForce RTX 4090,36,98.84,20,2612.1,24564.0,
2026-09-07T00:07:34.220950+00:00,05_smolvlm_size_lora,5,5,4.2,4.35,60.43,57.0,NVIDIA GeForce RTX 4090,36,102.65,58,2612.1,24564.0,
2026-09-07T00:07:44.232108+00:00,05_smolvlm_size_lora,5,5,4.2,4.37,60.43,57.0,NVIDIA GeForce RTX 4090,36,100.3,58,2612.1,24564.0,
2026-09-07T00:07:54.242925+00:00,05_smolvlm_size_lora,5,5,4.3,4.37,60.43,57.0,NVIDIA GeForce RTX 4090,36,102.92,50,2612.1,24564.0,
2026-09-07T00:08:04.254692+00:00,05_smolvlm_size_lora,5,5,4.2,4.38,60.43,57.0,NVIDIA GeForce RTX 4090,36,99.48,42,2612.1,24564.0,
2026-09-07T00:08:14.265416+00:00,05_smolvlm_size_lora,5,5,4.2,4.35,60.43,57.0,NVIDIA GeForce RTX 4090,36,103.16,63,2612.1,24564.0,
2026-09-07T00:08:24.276140+00:00,05_smolvlm_size_lora,5,5,4.2,4.36,60.43,57.0,NVIDIA GeForce RTX 4090,36,101.48,48,2612.1,24564.0,
2026-09-07T00:08:34.287011+00:00,05_smolvlm_size_lora,5,5,4.2,4.37,60.43,57.0,NVIDIA GeForce RTX 4090,35,98.98,17,2612.1,24564.0,
2026-09-07T00:08:44.298578+00:00,05_smolvlm_size_lora,5,5,4.2,4.34,60.43,57.0,NVIDIA GeForce RTX 4090,35,100.11,11,2612.1,24564.0,
2026-09-07T00:08:54.310156+00:00,05_smolvlm_size_lora,5,5,4.2,4.33,60.43,57.0,NVIDIA GeForce RTX 4090,35,99.76,38,2612.1,24564.0,
2026-09-07T00:09:04.321355+00:00,05_smolvlm_size_lora,5,5,4.2,4.32,60.43,57.0,NVIDIA GeForce RTX 4090,36,100.21,40,2612.1,24564.0,
2026-09-07T00:09:14.332254+00:00,05_smolvlm_size_lora,5,5,4.2,4.31,60.43,57.0,NVIDIA GeForce RTX 4090,35,90.41,38,2612.1,24564.0,
2026-09-07T00:09:24.343219+00:00,05_smolvlm_size_lora,5,5,4.2,4.31,60.43,57.0,NVIDIA GeForce RTX 4090,35,88.84,54,2612.1,24564.0,
2026-09-07T00:09:34.354258+00:00,05_smolvlm_size_lora,5,5,4.2,4.31,60.43,57.0,NVIDIA GeForce RTX 4090,35,89.52,33,2612.1,24564.0,
2026-09-07T00:09:44.365262+00:00,05_smolvlm_size_lora,5,5,4.2,4.33,60.43,57.0,NVIDIA GeForce RTX 4090,35,89.64,54,2612.1,24564.0,
2026-09-07T00:09:54.376327+00:00,05_smolvlm_size_lora,5,5,4.2,4.31,60.43,57.0,NVIDIA GeForce RTX 4090,35,101.96,24,2612.1,24564.0,
2026-09-07T00:10:04.387295+00:00,05_smolvlm_size_lora,5,5,4.2,4.32,60.43,57.0,NVIDIA GeForce RTX 4090,36,99.2,34,2612.1,24564.0,
2026-09-07T00:10:14.400610+00:00,05_smolvlm_size_lora,5,5,4.2,4.32,60.43,57.0,NVIDIA GeForce RTX 4090,35,101.23,38,2612.1,24564.0,
2026-09-07T00:10:24.411718+00:00,05_smolvlm_size_lora,5,5,4.2,4.31,60.43,57.0,NVIDIA GeForce RTX 4090,36,99.64,20,2612.1,24564.0,
2026-09-07T00:10:34.422801+00:00,05_smolvlm_size_lora,5,5,4.2,4.31,60.43,57.0,NVIDIA GeForce RTX 4090,36,102.07,4,2612.1,24564.0,
2026-09-07T00:10:44.433545+00:00,05_smolvlm_size_lora,5,5,4.2,4.31,60.43,57.0,NVIDIA GeForce RTX 4090,35,101.31,53,2612.1,24564.0,
2026-09-07T00:10:54.444411+00:00,05_smolvlm_size_lora,5,5,4.2,4.31,60.43,57.0,NVIDIA GeForce RTX 4090,35,101.06,41,2612.1,24564.0,
2026-09-07T00:11:04.455067+00:00,05_smolvlm_size_lora,5,5,4.2,4.31,60.43,57.0,NVIDIA GeForce RTX 4090,36,102.73,26,2612.1,24564.0,
2026-09-07T00:11:14.465825+00:00,05_smolvlm_size_lora,5,5,4.2,4.32,60.43,57.0,NVIDIA GeForce RTX 4090,36,102.07,36,2612.1,24564.0,
2026-09-07T00:11:24.478740+00:00,05_smolvlm_size_lora,5,5,4.2,4.31,60.43,57.0,NVIDIA GeForce RTX 4090,36,101.24,30,2612.1,24564.0,
2026-09-07T00:11:34.491167+00:00,05_smolvlm_size_lora,5,5,4.2,4.32,60.43,57.0,NVIDIA GeForce RTX 4090,36,100.74,19,2612.1,24564.0,
2026-09-07T00:11:44.502135+00:00,05_smolvlm_size_lora,5,5,4.2,4.32,60.43,57.0,NVIDIA GeForce RTX 4090,36,103.13,60,2612.1,24564.0,
2026-09-07T00:11:54.513034+00:00,05_smolvlm_size_lora,5,5,4.2,4.31,60.43,57.0,NVIDIA GeForce RTX 4090,35,97.64,6,2612.1,24564.0,
2026-09-07T00:12:04.524459+00:00,05_smolvlm_size_lora,5,5,4.2,4.36,60.43,57.0,NVIDIA GeForce RTX 4090,35,99.06,48,2612.1,24564.0,
2026-09-07T00:12:14.537465+00:00,05_smolvlm_size_lora,5,5,4.2,4.34,60.43,57.0,NVIDIA GeForce RTX 4090,35,98.09,0,2612.1,24564.0,
2026-09-07T00:12:24.549068+00:00,05_smolvlm_size_lora,5,5,4.2,4.36,60.43,57.0,NVIDIA GeForce RTX 4090,35,102.67,69,2612.1,24564.0,
2026-09-07T00:12:34.560313+00:00,05_smolvlm_size_lora,5,5,4.2,4.35,60.43,57.0,NVIDIA GeForce RTX 4090,35,101.98,58,2612.1,24564.0,
2026-09-07T00:12:44.571333+00:00,05_smolvlm_size_lora,5,5,4.2,4.37,60.43,57.0,NVIDIA GeForce RTX 4090,35,101.35,65,2612.1,24564.0,
2026-09-07T00:12:54.582448+00:00,05_smolvlm_size_lora,5,5,4.2,4.37,60.43,57.0,NVIDIA GeForce RTX 4090,36,98.77,47,2612.1,24564.0,
2026-09-07T00:13:04.593580+00:00,05_smolvlm_size_lora,5,5,4.2,4.34,60.43,57.0,NVIDIA GeForce RTX 4090,36,88.33,36,2612.1,24564.0,
2026-09-07T00:13:14.604600+00:00,05_smolvlm_size_lora,5,5,4.2,4.33,60.43,57.0,NVIDIA GeForce RTX 4090,35,87.83,41,2612.1,24564.0,
2026-09-07T00:13:24.615559+00:00,05_smolvlm_size_lora,5,5,4.2,4.34,60.43,57.0,NVIDIA GeForce RTX 4090,36,88.11,38,2612.1,24564.0,
2026-09-07T00:13:34.626696+00:00,05_smolvlm_size_lora,5,5,4.2,4.34,60.43,57.0,NVIDIA GeForce RTX 4090,35,88.07,40,2612.1,24564.0,
2026-09-07T00:13:44.637841+00:00,05_smolvlm_size_lora,5,5,4.0,4.36,60.43,57.0,NVIDIA GeForce RTX 4090,35,97.26,57,2612.1,24564.0,
2026-09-07T00:13:54.651514+00:00,05_smolvlm_size_lora,5,5,4.2,4.3,60.43,57.0,NVIDIA GeForce RTX 4090,36,103.03,29,2612.1,24564.0,
2026-09-07T00:14:04.662491+00:00,05_smolvlm_size_lora,5,5,4.2,4.35,60.43,57.0,NVIDIA GeForce RTX 4090,36,98.81,15,2612.1,24564.0,
2026-09-07T00:14:14.674191+00:00,05_smolvlm_size_lora,5,5,4.2,4.36,60.43,57.0,NVIDIA GeForce RTX 4090,36,99.28,5,2612.1,24564.0,
2026-09-07T00:14:24.685515+00:00,05_smolvlm_size_lora,5,5,4.2,4.33,60.43,57.0,NVIDIA GeForce RTX 4090,36,101.34,31,2612.1,24564.0,
2026-09-07T00:14:34.696873+00:00,05_smolvlm_size_lora,5,5,4.2,4.34,60.43,57.0,NVIDIA GeForce RTX 4090,37,98.71,34,2612.1,24564.0,
2026-09-07T00:14:44.709548+00:00,05_smolvlm_size_lora,5,5,4.2,4.32,60.43,57.0,NVIDIA GeForce RTX 4090,36,97.76,12,2612.1,24564.0,
2026-09-07T00:14:54.722312+00:00,05_smolvlm_size_lora,5,5,4.2,4.31,60.43,57.0,NVIDIA GeForce RTX 4090,35,102.44,5,2612.1,24564.0,
2026-09-07T00:15:04.733103+00:00,05_smolvlm_size_lora,5,5,4.2,4.32,60.43,57.0,NVIDIA GeForce RTX 4090,36,99.72,49,2612.1,24564.0,
2026-09-07T00:15:14.743921+00:00,05_smolvlm_size_lora,5,5,4.2,4.31,60.43,57.0,NVIDIA GeForce RTX 4090,36,103.27,44,2612.1,24564.0,
2026-09-07T00:15:24.754859+00:00,05_smolvlm_size_lora,5,5,4.2,4.31,60.43,57.0,NVIDIA GeForce RTX 4090,36,99.54,19,2612.1,24564.0,
2026-09-07T00:15:34.766321+00:00,05_smolvlm_size_lora,5,5,4.2,4.32,60.43,57.0,NVIDIA GeForce RTX 4090,35,99.03,19,2612.1,24564.0,
2026-09-07T00:15:44.777384+00:00,05_smolvlm_size_lora,5,5,4.2,4.32,60.43,57.0,NVIDIA GeForce RTX 4090,35,99.92,40,2612.1,24564.0,
2026-09-07T00:15:54.788218+00:00,05_smolvlm_size_lora,5,5,4.2,4.31,60.43,57.0,NVIDIA GeForce RTX 4090,36,103.16,51,2612.1,24564.0,
2026-09-07T00:16:04.799352+00:00,05_smolvlm_size_lora,5,5,4.2,4.33,60.43,57.0,NVIDIA GeForce RTX 4090,37,102.48,26,2612.1,24564.0,
2026-09-07T00:16:14.810013+00:00,05_smolvlm_size_lora,5,5,4.2,4.31,60.43,57.0,NVIDIA GeForce RTX 4090,36,102.69,44,2612.1,24564.0,
2026-09-07T00:16:24.821037+00:00,05_smolvlm_size_lora,5,5,4.2,4.31,60.43,57.0,NVIDIA GeForce RTX 4090,37,102.92,29,2612.1,24564.0,
2026-09-07T00:16:34.832050+00:00,05_smolvlm_size_lora,5,5,4.2,4.31,60.43,57.0,NVIDIA GeForce RTX 4090,36,102.98,9,2612.1,24564.0,
2026-09-07T00:16:44.842805+00:00,05_smolvlm_size_lora,5,5,4.2,4.31,60.43,57.0,NVIDIA GeForce RTX 4090,36,100.96,12,2612.1,24564.0,
2026-09-07T00:16:54.853555+00:00,05_smolvlm_size_lora,5,5,4.2,4.37,60.43,57.0,NVIDIA GeForce RTX 4090,35,93.82,34,2612.1,24564.0,
2026-09-07T00:17:04.864421+00:00,05_smolvlm_size_lora,5,5,4.2,4.37,60.43,57.0,NVIDIA GeForce RTX 4090,35,89.58,52,2612.1,24564.0,
2026-09-07T00:17:14.876398+00:00,05_smolvlm_size_lora,5,5,4.2,4.37,60.43,57.0,NVIDIA GeForce RTX 4090,35,88.32,31,2612.1,24564.0,
2026-09-07T00:17:24.887402+00:00,05_smolvlm_size_lora,5,5,4.2,4.36,60.43,57.0,NVIDIA GeForce RTX 4090,35,90.41,41,2612.1,24564.0,
2026-09-07T00:17:34.898300+00:00,05_smolvlm_size_lora,5,5,4.2,4.33,60.43,57.0,NVIDIA GeForce RTX 4090,36,98.27,6,2612.1,24564.0,
2026-09-07T00:17:44.909319+00:00,05_smolvlm_size_lora,5,5,4.2,4.31,60.43,57.0,NVIDIA GeForce RTX 4090,36,100.8,21,2612.1,24564.0,
2026-09-07T00:17:54.920180+00:00,05_smolvlm_size_lora,5,5,4.2,4.31,60.43,57.0,NVIDIA GeForce RTX 4090,35,105.24,63,2612.1,24564.0,
2026-09-07T00:18:04.931194+00:00,05_smolvlm_size_lora,5,5,4.2,4.31,60.43,57.0,NVIDIA GeForce RTX 4090,36,102.27,46,2612.1,24564.0,
2026-09-07T00:18:14.942033+00:00,05_smolvlm_size_lora,5,5,4.2,4.31,60.43,57.0,NVIDIA GeForce RTX 4090,36,99.83,26,2612.1,24564.0,
2026-09-07T00:18:24.953323+00:00,05_smolvlm_size_lora,5,5,4.2,4.33,60.43,57.0,NVIDIA GeForce RTX 4090,36,97.1,0,2612.1,24564.0,
2026-09-07T00:18:34.966578+00:00,05_smolvlm_size_lora,5,5,4.2,4.31,60.43,57.0,NVIDIA GeForce RTX 4090,36,98.1,16,2612.1,24564.0,
2026-09-07T00:18:44.977502+00:00,05_smolvlm_size_lora,5,5,4.2,4.3,60.43,57.0,NVIDIA GeForce RTX 4090,35,99.34,49,2612.1,24564.0,
2026-09-07T00:18:54.988833+00:00,05_smolvlm_size_lora,5,5,4.2,4.3,60.43,57.0,NVIDIA GeForce RTX 4090,35,98.77,43,2612.1,24564.0,
2026-09-07T00:19:04.999919+00:00,05_smolvlm_size_lora,5,5,4.2,4.3,60.43,57.0,NVIDIA GeForce RTX 4090,35,98.25,53,2612.1,24564.0,
2026-09-07T00:19:15.011013+00:00,05_smolvlm_size_lora,5,5,4.2,4.3,60.43,57.0,NVIDIA GeForce RTX 4090,36,101.81,52,2612.1,24564.0,
2026-09-07T00:19:25.022085+00:00,05_smolvlm_size_lora,5,5,4.2,4.35,60.43,57.0,NVIDIA GeForce RTX 4090,36,103.3,62,2612.1,24564.0,
2026-09-07T00:19:35.032972+00:00,05_smolvlm_size_lora,5,5,4.2,4.31,60.43,57.0,NVIDIA GeForce RTX 4090,35,102.65,0,2612.1,24564.0,
2026-09-07T00:19:45.044236+00:00,05_smolvlm_size_lora,5,5,4.2,4.32,60.43,57.0,NVIDIA GeForce RTX 4090,35,101.13,2,2612.1,24564.0,
2026-09-07T00:19:55.055889+00:00,05_smolvlm_size_lora,5,5,4.2,4.39,60.43,57.0,NVIDIA GeForce RTX 4090,35,102.28,41,2612.1,24564.0,
2026-09-07T00:20:05.067113+00:00,05_smolvlm_size_lora,5,5,4.2,4.36,60.43,57.0,NVIDIA GeForce RTX 4090,36,100.73,19,2612.1,24564.0,
2026-09-07T00:20:15.077974+00:00,05_smolvlm_size_lora,5,5,9.0,6.25,60.43,57.0,NVIDIA GeForce RTX 4090,36,103.3,0,2612.1,24564.0,
2026-09-07T00:20:25.088888+00:00,05_smolvlm_size_lora,5,5,4.4,6.11,60.43,57.0,NVIDIA GeForce RTX 4090,35,99.97,62,2612.1,24564.0,
2026-09-07T00:20:35.100023+00:00,05_smolvlm_size_lora,5,5,4.4,6.12,60.43,57.0,NVIDIA GeForce RTX 4090,37,99.81,29,2612.1,24564.0,
2026-09-07T00:20:45.111570+00:00,05_smolvlm_size_lora,5,5,4.3,6.11,60.43,57.0,NVIDIA GeForce RTX 4090,37,100.86,34,2612.1,24564.0,
2026-09-07T00:20:55.122964+00:00,05_smolvlm_size_lora,5,5,4.3,6.08,60.43,57.0,NVIDIA GeForce RTX 4090,35,89.81,43,2612.1,24564.0,
2026-09-07T00:21:05.133904+00:00,05_smolvlm_size_lora,5,5,4.3,6.06,60.43,57.0,NVIDIA GeForce RTX 4090,35,88.91,54,2612.1,24564.0,
2026-09-07T00:21:15.144667+00:00,05_smolvlm_size_lora,5,5,4.3,6.1,60.43,57.0,NVIDIA GeForce RTX 4090,35,89.47,54,2612.1,24564.0,
2026-09-07T00:21:25.155637+00:00,05_smolvlm_size_lora,5,5,3.5,6.09,60.43,57.0,NVIDIA GeForce RTX 4090,34,64.48,0,3220.1,24564.0,
2026-09-07T00:21:35.166831+00:00,05_smolvlm_size_lora,5,5,4.3,6.08,60.43,57.0,NVIDIA GeForce RTX 4090,35,88.59,33,3220.1,24564.0,
2026-09-07T00:21:45.177897+00:00,05_smolvlm_size_lora,5,5,4.3,6.06,60.43,57.0,NVIDIA GeForce RTX 4090,35,89.99,53,3220.1,24564.0,
2026-09-07T00:21:55.188817+00:00,05_smolvlm_size_lora,5,5,4.3,6.06,60.43,57.0,NVIDIA GeForce RTX 4090,34,89.68,36,3220.1,24564.0,
2026-09-07T00:22:05.199997+00:00,05_smolvlm_size_lora,6,6,3.7,5.7,60.43,57.0,NVIDIA GeForce RTX 4090,35,103.28,35,2610.1,24564.0,
2026-09-07T00:22:15.211059+00:00,05_smolvlm_size_lora,6,6,4.3,4.52,60.43,57.0,NVIDIA GeForce RTX 4090,35,100.35,11,2610.1,24564.0,
2026-09-07T00:22:25.224376+00:00,05_smolvlm_size_lora,6,6,4.2,4.52,60.43,57.0,NVIDIA GeForce RTX 4090,34,101.62,12,2610.1,24564.0,
2026-09-07T00:22:35.235309+00:00,05_smolvlm_size_lora,6,6,4.2,4.56,60.43,57.0,NVIDIA GeForce RTX 4090,37,99.52,44,2610.1,24564.0,
2026-09-07T00:22:45.249221+00:00,05_smolvlm_size_lora,6,6,4.2,4.44,60.43,57.0,NVIDIA GeForce RTX 4090,35,100.69,45,2612.1,24564.0,
2026-09-07T00:22:55.260082+00:00,05_smolvlm_size_lora,6,6,4.2,4.42,60.43,57.0,NVIDIA GeForce RTX 4090,35,101.93,68,2612.1,24564.0,
2026-09-07T00:23:05.272831+00:00,05_smolvlm_size_lora,6,6,4.2,4.43,60.43,57.0,NVIDIA GeForce RTX 4090,35,99.91,22,2612.1,24564.0,
2026-09-07T00:23:15.284147+00:00,05_smolvlm_size_lora,6,6,4.2,4.42,60.43,57.0,NVIDIA GeForce RTX 4090,36,103.12,69,2612.1,24564.0,
2026-09-07T00:23:25.295494+00:00,05_smolvlm_size_lora,6,6,4.2,4.4,60.43,57.0,NVIDIA GeForce RTX 4090,35,102.07,30,2612.1,24564.0,
2026-09-07T00:23:35.306739+00:00,05_smolvlm_size_lora,6,6,4.2,4.4,60.43,57.0,NVIDIA GeForce RTX 4090,35,101.44,12,2612.1,24564.0,
2026-09-07T00:23:45.317908+00:00,05_smolvlm_size_lora,6,6,4.2,4.43,60.43,57.0,NVIDIA GeForce RTX 4090,36,102.05,25,2612.1,24564.0,
2026-09-07T00:23:55.329318+00:00,05_smolvlm_size_lora,6,6,4.2,4.45,60.43,57.0,NVIDIA GeForce RTX 4090,35,100.42,40,2612.1,24564.0,
2026-09-07T00:24:05.340372+00:00,05_smolvlm_size_lora,6,6,4.2,4.42,60.43,57.0,NVIDIA GeForce RTX 4090,35,99.13,46,2612.1,24564.0,
2026-09-07T00:24:15.351352+00:00,05_smolvlm_size_lora,6,6,4.2,4.41,60.43,57.0,NVIDIA GeForce RTX 4090,37,100.23,37,2612.1,24564.0,
2026-09-07T00:24:25.362149+00:00,05_smolvlm_size_lora,6,6,4.2,4.44,60.43,57.0,NVIDIA GeForce RTX 4090,35,102.25,52,2612.1,24564.0,
2026-09-07T00:24:35.373195+00:00,05_smolvlm_size_lora,6,6,4.2,4.41,60.43,57.0,NVIDIA GeForce RTX 4090,35,100.21,31,2612.1,24564.0,
2026-09-07T00:24:45.384000+00:00,05_smolvlm_size_lora,6,6,4.2,4.4,60.43,57.0,NVIDIA GeForce RTX 4090,36,100.08,37,2612.1,24564.0,
2026-09-07T00:24:55.395130+00:00,05_smolvlm_size_lora,6,6,4.2,4.41,60.43,57.0,NVIDIA GeForce RTX 4090,35,103.48,64,2612.1,24564.0,
2026-09-07T00:25:05.406716+00:00,05_smolvlm_size_lora,6,6,4.2,4.4,60.43,57.0,NVIDIA GeForce RTX 4090,36,98.33,17,2612.1,24564.0,
2026-09-07T00:25:15.419489+00:00,05_smolvlm_size_lora,6,6,4.2,4.44,60.43,57.0,NVIDIA GeForce RTX 4090,37,96.5,28,2612.1,24564.0,
2026-09-07T00:25:25.430370+00:00,05_smolvlm_size_lora,6,6,4.2,4.45,60.43,57.0,NVIDIA GeForce RTX 4090,36,90.1,37,2612.1,24564.0,
2026-09-07T00:25:35.441575+00:00,05_smolvlm_size_lora,6,6,4.2,4.44,60.43,57.0,NVIDIA GeForce RTX 4090,35,88.56,59,2612.1,24564.0,
2026-09-07T00:25:45.452500+00:00,05_smolvlm_size_lora,6,6,4.2,4.43,60.43,57.0,NVIDIA GeForce RTX 4090,34,90.49,50,2612.1,24564.0,
2026-09-07T00:25:55.463711+00:00,05_smolvlm_size_lora,6,6,4.0,4.46,60.43,56.98,NVIDIA GeForce RTX 4090,34,99.2,51,2612.1,24564.0,
2026-09-07T00:26:05.474886+00:00,05_smolvlm_size_lora,6,6,4.2,4.45,60.43,56.98,NVIDIA GeForce RTX 4090,35,103.37,21,2612.1,24564.0,
2026-09-07T00:26:15.485942+00:00,05_smolvlm_size_lora,6,6,4.2,4.46,60.43,56.98,NVIDIA GeForce RTX 4090,35,101.31,33,2612.1,24564.0,
2026-09-07T00:26:25.497032+00:00,05_smolvlm_size_lora,6,6,4.2,4.46,60.43,56.98,NVIDIA GeForce RTX 4090,35,100.76,29,2612.1,24564.0,
2026-09-07T00:26:35.508180+00:00,05_smolvlm_size_lora,6,6,4.2,4.47,60.43,56.98,NVIDIA GeForce RTX 4090,36,99.09,39,2612.1,24564.0,
2026-09-07T00:26:45.519153+00:00,05_smolvlm_size_lora,6,6,4.2,4.48,60.43,56.98,NVIDIA GeForce RTX 4090,36,102.84,52,2612.1,24564.0,
2026-09-07T00:26:55.530336+00:00,05_smolvlm_size_lora,6,6,4.2,4.49,60.43,56.98,NVIDIA GeForce RTX 4090,36,101.35,45,2612.1,24564.0,
2026-09-07T00:27:05.541316+00:00,05_smolvlm_size_lora,6,6,4.2,4.46,60.43,56.98,NVIDIA GeForce RTX 4090,36,99.52,40,2612.1,24564.0,
2026-09-07T00:27:15.553951+00:00,05_smolvlm_size_lora,6,6,4.2,4.33,60.43,56.98,NVIDIA GeForce RTX 4090,36,100.23,34,2612.1,24564.0,
2026-09-07T00:27:25.564870+00:00,05_smolvlm_size_lora,6,6,4.2,4.33,60.43,56.98,NVIDIA GeForce RTX 4090,36,102.4,22,2612.1,24564.0,
2026-09-07T00:27:35.576645+00:00,05_smolvlm_size_lora,6,6,4.2,4.33,60.43,56.98,NVIDIA GeForce RTX 4090,35,102.74,62,2612.1,24564.0,
2026-09-07T00:27:45.587850+00:00,05_smolvlm_size_lora,6,6,4.2,4.34,60.43,56.98,NVIDIA GeForce RTX 4090,36,99.85,7,2612.1,24564.0,
2026-09-07T00:27:55.598855+00:00,05_smolvlm_size_lora,6,6,4.2,4.32,60.43,56.98,NVIDIA GeForce RTX 4090,36,100.2,29,2612.1,24564.0,
2026-09-07T00:28:05.609846+00:00,05_smolvlm_size_lora,6,6,4.2,4.37,60.43,56.98,NVIDIA GeForce RTX 4090,36,103.41,52,2612.1,24564.0,
2026-09-07T00:28:15.621380+00:00,05_smolvlm_size_lora,6,6,4.2,4.35,60.43,56.98,NVIDIA GeForce RTX 4090,36,100.51,32,2612.1,24564.0,
2026-09-07T00:28:25.632608+00:00,05_smolvlm_size_lora,6,6,4.2,4.33,60.43,56.98,NVIDIA GeForce RTX 4090,36,101.04,20,2617.6,24564.0,
2026-09-07T00:28:35.643291+00:00,05_smolvlm_size_lora,6,6,4.2,4.34,60.43,56.98,NVIDIA GeForce RTX 4090,35,99.83,43,2617.6,24564.0,
2026-09-07T00:28:45.656723+00:00,05_smolvlm_size_lora,6,6,4.2,4.34,60.43,56.98,NVIDIA GeForce RTX 4090,35,96.22,62,2617.6,24564.0,
2026-09-07T00:28:55.668039+00:00,05_smolvlm_size_lora,6,6,4.2,4.33,60.43,56.98,NVIDIA GeForce RTX 4090,36,99.39,47,2617.6,24564.0,
2026-09-07T00:29:05.679287+00:00,05_smolvlm_size_lora,6,6,4.2,4.34,60.43,56.98,NVIDIA GeForce RTX 4090,35,99.71,32,2617.6,24564.0,
2026-09-07T00:29:15.690190+00:00,05_smolvlm_size_lora,6,6,4.2,4.31,60.43,56.98,NVIDIA GeForce RTX 4090,35,87.69,39,2617.6,24564.0,
2026-09-07T00:29:25.701173+00:00,05_smolvlm_size_lora,6,6,4.2,4.33,60.43,56.98,NVIDIA GeForce RTX 4090,35,89.12,44,2617.6,24564.0,
2026-09-07T00:29:35.712296+00:00,05_smolvlm_size_lora,6,6,4.2,4.33,60.43,56.98,NVIDIA GeForce RTX 4090,35,88.85,67,2617.6,24564.0,
2026-09-07T00:29:45.723255+00:00,05_smolvlm_size_lora,6,6,4.2,4.34,60.43,56.98,NVIDIA GeForce RTX 4090,35,98.87,10,2617.6,24564.0,
2026-09-07T00:29:55.734206+00:00,05_smolvlm_size_lora,6,6,4.2,4.34,60.43,56.98,NVIDIA GeForce RTX 4090,35,101.77,0,2617.6,24564.0,
2026-09-07T00:30:05.745435+00:00,05_smolvlm_size_lora,6,6,4.2,4.35,60.43,56.98,NVIDIA GeForce RTX 4090,35,100.47,8,2617.6,24564.0,
2026-09-07T00:30:15.756354+00:00,05_smolvlm_size_lora,6,6,4.2,4.33,60.43,56.98,NVIDIA GeForce RTX 4090,36,102.78,51,2617.6,24564.0,
2026-09-07T00:30:25.767568+00:00,05_smolvlm_size_lora,6,6,4.2,4.38,60.43,56.98,NVIDIA GeForce RTX 4090,35,97.57,22,2617.6,24564.0,
2026-09-07T00:30:35.778485+00:00,05_smolvlm_size_lora,6,6,4.2,4.35,60.43,56.98,NVIDIA GeForce RTX 4090,36,99.97,27,2617.6,24564.0,
2026-09-07T00:30:45.789625+00:00,05_smolvlm_size_lora,6,6,4.2,4.32,60.43,56.98,NVIDIA GeForce RTX 4090,36,98.07,11,2617.6,24564.0,
2026-09-07T00:30:55.800815+00:00,05_smolvlm_size_lora,6,6,4.2,4.34,60.43,56.98,NVIDIA GeForce RTX 4090,35,101.53,62,2617.6,24564.0,
2026-09-07T00:31:05.812266+00:00,05_smolvlm_size_lora,6,6,4.2,4.32,60.43,56.98,NVIDIA GeForce RTX 4090,35,100.92,68,2617.6,24564.0,
2026-09-07T00:31:15.823297+00:00,05_smolvlm_size_lora,6,6,4.2,4.37,60.43,56.98,NVIDIA GeForce RTX 4090,36,98.12,0,2617.6,24564.0,
2026-09-07T00:31:25.834301+00:00,05_smolvlm_size_lora,6,6,4.2,4.39,60.43,56.98,NVIDIA GeForce RTX 4090,35,98.98,64,2617.6,24564.0,
2026-09-07T00:31:35.845792+00:00,05_smolvlm_size_lora,6,6,4.2,4.37,60.43,56.98,NVIDIA GeForce RTX 4090,36,99.87,8,2617.6,24564.0,
2026-09-07T00:31:45.857495+00:00,05_smolvlm_size_lora,6,6,4.2,4.36,60.43,56.98,NVIDIA GeForce RTX 4090,35,104.49,56,2617.6,24564.0,
2026-09-07T00:31:55.870734+00:00,05_smolvlm_size_lora,6,6,4.2,4.35,60.43,56.98,NVIDIA GeForce RTX 4090,36,100.48,45,2617.6,24564.0,
2026-09-07T00:32:05.882560+00:00,05_smolvlm_size_lora,6,6,4.2,4.38,60.43,56.98,NVIDIA GeForce RTX 4090,35,100.93,58,2617.6,24564.0,
2026-09-07T00:32:15.893800+00:00,05_smolvlm_size_lora,6,6,4.2,4.39,60.43,56.98,NVIDIA GeForce RTX 4090,36,100.51,47,2617.6,24564.0,
2026-09-07T00:32:25.904806+00:00,05_smolvlm_size_lora,6,6,4.2,4.36,60.43,56.98,NVIDIA GeForce RTX 4090,35,97.08,65,2617.6,24564.0,
2026-09-07T00:32:35.915842+00:00,05_smolvlm_size_lora,6,6,4.2,4.34,60.43,56.98,NVIDIA GeForce RTX 4090,35,103.68,66,2617.6,24564.0,
2026-09-07T00:32:45.926833+00:00,05_smolvlm_size_lora,6,6,4.2,4.38,60.43,56.98,NVIDIA GeForce RTX 4090,36,102.25,20,2617.6,24564.0,
2026-09-07T00:32:55.937729+00:00,05_smolvlm_size_lora,6,6,4.2,4.39,60.43,56.98,NVIDIA GeForce RTX 4090,36,103.37,19,2617.6,24564.0,
2026-09-07T00:33:05.948706+00:00,05_smolvlm_size_lora,6,6,4.2,4.38,60.43,56.98,NVIDIA GeForce RTX 4090,36,88.91,45,2617.6,24564.0,
2026-09-07T00:33:15.959684+00:00,05_smolvlm_size_lora,6,6,4.2,4.37,60.43,56.98,NVIDIA GeForce RTX 4090,36,88.1,45,2617.6,24564.0,
2026-09-07T00:33:25.970746+00:00,05_smolvlm_size_lora,6,6,4.2,4.36,60.43,56.98,NVIDIA GeForce RTX 4090,35,89.99,48,2617.6,24564.0,
2026-09-07T00:33:35.981468+00:00,05_smolvlm_size_lora,6,6,4.2,4.36,60.43,56.98,NVIDIA GeForce RTX 4090,36,98.1,8,2617.6,24564.0,
2026-09-07T00:33:45.993823+00:00,05_smolvlm_size_lora,6,6,4.2,4.38,60.43,56.98,NVIDIA GeForce RTX 4090,35,100.0,22,2617.6,24564.0,
2026-09-07T00:33:56.005047+00:00,05_smolvlm_size_lora,6,6,4.2,4.36,60.43,56.98,NVIDIA GeForce RTX 4090,36,100.54,23,2617.6,24564.0,
2026-09-07T00:34:06.016047+00:00,05_smolvlm_size_lora,6,6,4.2,4.34,60.43,56.98,NVIDIA GeForce RTX 4090,36,101.27,43,2617.6,24564.0,
2026-09-07T00:34:16.027015+00:00,05_smolvlm_size_lora,6,6,4.2,4.35,60.43,56.98,NVIDIA GeForce RTX 4090,35,100.13,15,2617.6,24564.0,
2026-09-07T00:34:26.038229+00:00,05_smolvlm_size_lora,6,6,4.2,4.39,60.43,56.98,NVIDIA GeForce RTX 4090,37,100.56,30,2617.6,24564.0,
2026-09-07T00:34:36.050474+00:00,05_smolvlm_size_lora,6,6,4.2,4.39,60.43,56.98,NVIDIA GeForce RTX 4090,37,99.81,30,2617.6,24564.0,
2026-09-07T00:34:46.062271+00:00,05_smolvlm_size_lora,6,6,4.2,4.38,60.43,56.98,NVIDIA GeForce RTX 4090,35,97.76,20,2617.6,24564.0,
2026-09-07T00:34:56.073226+00:00,05_smolvlm_size_lora,6,6,4.2,4.38,60.43,56.98,NVIDIA GeForce RTX 4090,36,97.72,44,2617.6,24564.0,
2026-09-07T00:35:06.084664+00:00,05_smolvlm_size_lora,6,6,4.2,4.39,60.43,56.98,NVIDIA GeForce RTX 4090,36,99.29,64,2617.6,24564.0,
2026-09-07T00:35:16.095661+00:00,05_smolvlm_size_lora,6,6,4.2,4.39,60.43,56.98,NVIDIA GeForce RTX 4090,36,100.04,46,2617.6,24564.0,
2026-09-07T00:35:26.106506+00:00,05_smolvlm_size_lora,6,6,4.2,4.39,60.43,56.98,NVIDIA GeForce RTX 4090,35,103.56,20,2617.6,24564.0,
2026-09-07T00:35:36.117639+00:00,05_smolvlm_size_lora,6,6,4.2,4.38,60.43,56.98,NVIDIA GeForce RTX 4090,36,99.57,38,2617.6,24564.0,
2026-09-07T00:35:46.129048+00:00,05_smolvlm_size_lora,6,6,4.2,4.42,60.43,56.98,NVIDIA GeForce RTX 4090,37,102.95,43,2617.6,24564.0,
2026-09-07T00:35:56.140063+00:00,05_smolvlm_size_lora,6,6,4.2,4.38,60.43,56.98,NVIDIA GeForce RTX 4090,35,105.59,38,2617.6,24564.0,
2026-09-07T00:36:06.151268+00:00,05_smolvlm_size_lora,6,6,4.2,4.39,60.43,56.98,NVIDIA GeForce RTX 4090,36,100.19,44,2617.6,24564.0,
2026-09-07T00:36:16.162286+00:00,05_smolvlm_size_lora,6,6,4.2,4.39,60.43,56.98,NVIDIA GeForce RTX 4090,36,103.8,22,2617.6,24564.0,
2026-09-07T00:36:26.173195+00:00,05_smolvlm_size_lora,6,6,4.2,4.35,60.43,56.98,NVIDIA GeForce RTX 4090,36,101.92,50,2617.6,24564.0,
2026-09-07T00:36:36.184213+00:00,05_smolvlm_size_lora,6,6,4.2,4.33,60.43,56.98,NVIDIA GeForce RTX 4090,35,98.55,7,2617.6,24564.0,
2026-09-07T00:36:46.197329+00:00,05_smolvlm_size_lora,6,6,4.2,4.32,60.43,56.98,NVIDIA GeForce RTX 4090,35,97.14,14,2617.6,24564.0,
2026-09-07T00:36:56.209839+00:00,05_smolvlm_size_lora,6,6,4.2,4.32,60.43,56.98,NVIDIA GeForce RTX 4090,35,88.7,47,2617.6,24564.0,
2026-09-07T00:37:06.220845+00:00,05_smolvlm_size_lora,6,6,4.2,4.31,60.43,56.98,NVIDIA GeForce RTX 4090,35,88.81,28,2612.1,24564.0,
2026-09-07T00:37:16.232037+00:00,05_smolvlm_size_lora,6,6,4.2,4.32,60.43,56.98,NVIDIA GeForce RTX 4090,34,89.85,47,2612.1,24564.0,
2026-09-07T00:37:26.243388+00:00,05_smolvlm_size_lora,6,6,4.0,4.35,60.43,56.98,NVIDIA GeForce RTX 4090,36,99.8,35,2612.1,24564.0,
2026-09-07T00:37:36.256694+00:00,05_smolvlm_size_lora,6,6,4.2,4.36,60.43,56.98,NVIDIA GeForce RTX 4090,36,95.8,66,2612.1,24564.0,
2026-09-07T00:37:46.267830+00:00,05_smolvlm_size_lora,6,6,4.2,4.34,60.43,56.98,NVIDIA GeForce RTX 4090,37,99.82,37,2612.1,24564.0,
2026-09-07T00:37:56.279269+00:00,05_smolvlm_size_lora,6,6,4.2,4.32,60.43,56.98,NVIDIA GeForce RTX 4090,36,103.19,13,2612.1,24564.0,
2026-09-07T00:38:06.290536+00:00,05_smolvlm_size_lora,6,6,5.6,4.4,60.43,56.98,NVIDIA GeForce RTX 4090,37,104.24,52,2612.1,24564.0,
2026-09-07T00:38:16.302044+00:00,05_smolvlm_size_lora,6,6,4.5,4.4,60.43,56.98,NVIDIA GeForce RTX 4090,35,98.82,23,2612.1,24564.0,
2026-09-07T00:38:26.313525+00:00,05_smolvlm_size_lora,6,6,4.2,4.42,60.43,56.98,NVIDIA GeForce RTX 4090,35,99.18,52,2612.1,24564.0,
2026-09-07T00:38:36.324826+00:00,05_smolvlm_size_lora,6,6,4.2,4.39,60.43,56.98,NVIDIA GeForce RTX 4090,36,100.61,27,2612.1,24564.0,
2026-09-07T00:38:46.338372+00:00,05_smolvlm_size_lora,6,6,4.2,4.38,60.43,56.98,NVIDIA GeForce RTX 4090,36,103.72,8,2612.1,24564.0,
2026-09-07T00:38:56.350101+00:00,05_smolvlm_size_lora,6,6,4.2,4.4,60.43,56.98,NVIDIA GeForce RTX 4090,36,99.5,52,2612.1,24564.0,
2026-09-07T00:39:06.361385+00:00,05_smolvlm_size_lora,6,6,4.2,4.4,60.43,56.98,NVIDIA GeForce RTX 4090,36,103.61,47,2612.1,24564.0,
2026-09-07T00:39:16.372862+00:00,05_smolvlm_size_lora,6,6,4.2,4.38,60.43,56.98,NVIDIA GeForce RTX 4090,36,101.72,13,2612.1,24564.0,
2026-09-07T00:39:26.384132+00:00,05_smolvlm_size_lora,6,6,4.2,4.37,60.43,56.98,NVIDIA GeForce RTX 4090,35,101.5,46,2612.1,24564.0,
2026-09-07T00:39:36.394942+00:00,05_smolvlm_size_lora,6,6,4.2,4.35,60.43,56.98,NVIDIA GeForce RTX 4090,37,99.68,41,2612.1,24564.0,
2026-09-07T00:39:46.406297+00:00,05_smolvlm_size_lora,6,6,4.2,4.35,60.43,56.98,NVIDIA GeForce RTX 4090,35,101.53,57,2612.1,24564.0,
2026-09-07T00:39:56.417444+00:00,05_smolvlm_size_lora,6,6,4.4,4.4,60.43,56.98,NVIDIA GeForce RTX 4090,37,101.41,18,2612.1,24564.0,
2026-09-07T00:40:06.428172+00:00,05_smolvlm_size_lora,6,6,4.2,4.42,60.43,56.98,NVIDIA GeForce RTX 4090,36,96.81,0,2612.1,24564.0,
2026-09-07T00:40:16.439296+00:00,05_smolvlm_size_lora,6,6,4.2,4.41,60.43,56.98,NVIDIA GeForce RTX 4090,36,104.01,66,2612.1,24564.0,
2026-09-07T00:40:26.450851+00:00,05_smolvlm_size_lora,6,6,4.2,4.42,60.43,56.98,NVIDIA GeForce RTX 4090,37,100.48,33,2612.1,24564.0,
2026-09-07T00:40:36.463811+00:00,05_smolvlm_size_lora,6,6,4.2,4.38,60.43,56.98,NVIDIA GeForce RTX 4090,36,100.5,42,2612.1,24564.0,
2026-09-07T00:40:46.474932+00:00,05_smolvlm_size_lora,6,6,4.2,4.36,60.43,56.98,NVIDIA GeForce RTX 4090,35,88.23,38,2612.1,24564.0,
2026-09-07T00:40:56.486182+00:00,05_smolvlm_size_lora,6,6,4.2,4.35,60.43,56.98,NVIDIA GeForce RTX 4090,35,89.45,37,2612.1,24564.0,
2026-09-07T00:41:06.497235+00:00,05_smolvlm_size_lora,6,6,4.2,4.35,60.43,56.98,NVIDIA GeForce RTX 4090,34,88.41,62,2612.1,24564.0,
2026-09-07T00:41:16.508384+00:00,05_smolvlm_size_lora,6,6,4.0,4.33,60.43,56.98,NVIDIA GeForce RTX 4090,34,80.71,47,2612.1,24564.0,
2026-09-07T00:41:26.519455+00:00,05_smolvlm_size_lora,6,6,4.2,4.37,60.43,56.98,NVIDIA GeForce RTX 4090,35,103.88,10,2612.1,24564.0,
2026-09-07T00:41:36.531331+00:00,05_smolvlm_size_lora,6,6,4.2,4.38,60.43,56.98,NVIDIA GeForce RTX 4090,35,101.03,22,2612.1,24564.0,
2026-09-07T00:41:46.543008+00:00,05_smolvlm_size_lora,6,6,4.2,4.33,60.43,56.98,NVIDIA GeForce RTX 4090,36,103.65,69,2612.1,24564.0,
2026-09-07T00:41:56.553808+00:00,05_smolvlm_size_lora,6,6,4.2,4.32,60.43,56.98,NVIDIA GeForce RTX 4090,36,102.31,55,2612.1,24564.0,
2026-09-07T00:42:06.566050+00:00,05_smolvlm_size_lora,6,6,4.2,4.32,60.43,56.98,NVIDIA GeForce RTX 4090,35,102.27,32,2612.1,24564.0,
2026-09-07T00:42:16.577178+00:00,05_smolvlm_size_lora,6,6,4.2,4.32,60.43,56.98,NVIDIA GeForce RTX 4090,35,99.56,35,2612.1,24564.0,
2026-09-07T00:42:26.588297+00:00,05_smolvlm_size_lora,6,6,4.2,4.32,60.43,56.98,NVIDIA GeForce RTX 4090,35,101.09,27,2612.1,24564.0,
2026-09-07T00:42:36.599121+00:00,05_smolvlm_size_lora,6,6,4.2,4.44,60.43,56.98,NVIDIA GeForce RTX 4090,37,101.01,40,2612.1,24564.0,
2026-09-07T00:42:46.610103+00:00,05_smolvlm_size_lora,6,6,4.2,4.39,60.43,56.98,NVIDIA GeForce RTX 4090,37,102.59,50,2612.1,24564.0,
2026-09-07T00:42:56.621201+00:00,05_smolvlm_size_lora,6,6,4.2,4.3,60.43,56.98,NVIDIA GeForce RTX 4090,35,103.57,35,2612.1,24564.0,
2026-09-07T00:43:06.632133+00:00,05_smolvlm_size_lora,6,6,4.2,4.34,60.43,56.98,NVIDIA GeForce RTX 4090,36,104.0,16,2612.1,24564.0,
2026-09-07T00:43:16.643136+00:00,05_smolvlm_size_lora,6,6,4.2,4.34,60.43,56.98,NVIDIA GeForce RTX 4090,36,101.55,58,2612.1,24564.0,
2026-09-07T00:43:26.654106+00:00,05_smolvlm_size_lora,6,6,4.2,4.32,60.43,56.98,NVIDIA GeForce RTX 4090,37,100.92,28,2612.1,24564.0,
2026-09-07T00:43:36.665530+00:00,05_smolvlm_size_lora,6,6,4.2,4.33,60.43,56.98,NVIDIA GeForce RTX 4090,36,102.16,61,2612.1,24564.0,
2026-09-07T00:43:46.676391+00:00,05_smolvlm_size_lora,6,6,4.2,4.32,60.43,56.98,NVIDIA GeForce RTX 4090,36,103.68,56,2612.1,24564.0,
2026-09-07T00:43:56.688114+00:00,05_smolvlm_size_lora,6,6,4.2,4.33,60.43,56.98,NVIDIA GeForce RTX 4090,36,100.67,52,2612.1,24564.0,
2026-09-07T00:44:06.699196+00:00,05_smolvlm_size_lora,6,6,4.2,4.36,60.43,56.98,NVIDIA GeForce RTX 4090,36,97.69,59,2612.1,24564.0,
2026-09-07T00:44:16.711359+00:00,05_smolvlm_size_lora,6,6,4.2,4.33,60.43,56.98,NVIDIA GeForce RTX 4090,36,98.05,50,2612.1,24564.0,
2026-09-07T00:44:26.722276+00:00,05_smolvlm_size_lora,6,6,4.2,4.34,60.43,56.98,NVIDIA GeForce RTX 4090,35,103.99,7,2612.1,24564.0,
2026-09-07T00:44:36.733478+00:00,05_smolvlm_size_lora,6,6,4.2,4.35,60.43,56.98,NVIDIA GeForce RTX 4090,35,89.0,36,2612.1,24564.0,
2026-09-07T00:44:46.744312+00:00,05_smolvlm_size_lora,6,6,4.2,4.33,60.43,56.98,NVIDIA GeForce RTX 4090,36,90.51,49,2612.1,24564.0,
2026-09-07T00:44:56.755538+00:00,05_smolvlm_size_lora,6,6,4.2,4.34,60.43,56.98,NVIDIA GeForce RTX 4090,35,88.69,36,2612.1,24564.0,
2026-09-07T00:45:06.768339+00:00,05_smolvlm_size_lora,6,6,4.2,4.32,60.43,56.98,NVIDIA GeForce RTX 4090,36,89.92,61,2612.1,24564.0,
2026-09-07T00:45:16.780121+00:00,05_smolvlm_size_lora,6,6,3.3,4.37,60.43,56.98,NVIDIA GeForce RTX 4090,34,87.26,45,3220.1,24564.0,
2026-09-07T00:45:26.791355+00:00,05_smolvlm_size_lora,6,6,4.2,4.37,60.43,56.98,NVIDIA GeForce RTX 4090,35,90.02,37,3220.1,24564.0,
2026-09-07T00:45:36.802286+00:00,05_smolvlm_size_lora,6,6,4.2,4.36,60.43,56.98,NVIDIA GeForce RTX 4090,34,89.88,61,3220.1,24564.0,
2026-09-07T00:45:46.813544+00:00,05_smolvlm_size_lora,7,7,3.3,4.27,60.43,56.98,NVIDIA GeForce RTX 4090,35,97.38,15,2610.1,24564.0,
2026-09-07T00:45:56.824434+00:00,05_smolvlm_size_lora,7,7,4.2,4.34,60.43,56.98,NVIDIA GeForce RTX 4090,34,103.81,47,2610.1,24564.0,
2026-09-07T00:46:06.835412+00:00,05_smolvlm_size_lora,7,7,4.2,4.27,60.43,56.98,NVIDIA GeForce RTX 4090,35,101.17,11,2610.1,24564.0,
2026-09-07T00:46:16.847115+00:00,05_smolvlm_size_lora,7,7,4.2,4.27,60.43,56.98,NVIDIA GeForce RTX 4090,35,98.67,25,2610.1,24564.0,
2026-09-07T00:46:26.858271+00:00,05_smolvlm_size_lora,7,7,4.2,4.26,60.43,56.98,NVIDIA GeForce RTX 4090,35,101.56,29,2610.1,24564.0,
2026-09-07T00:46:36.869208+00:00,05_smolvlm_size_lora,7,7,4.2,4.26,60.43,56.98,NVIDIA GeForce RTX 4090,35,98.97,60,2612.1,24564.0,
2026-09-07T00:46:46.880581+00:00,05_smolvlm_size_lora,7,7,4.2,4.3,60.43,56.98,NVIDIA GeForce RTX 4090,36,101.18,32,2612.1,24564.0,
2026-09-07T00:46:56.893041+00:00,05_smolvlm_size_lora,7,7,4.2,4.29,60.43,56.98,NVIDIA GeForce RTX 4090,35,102.18,59,2612.1,24564.0,
2026-09-07T00:47:06.904318+00:00,05_smolvlm_size_lora,7,7,4.2,4.24,60.43,56.98,NVIDIA GeForce RTX 4090,35,99.99,34,2612.1,24564.0,
2026-09-07T00:47:16.915299+00:00,05_smolvlm_size_lora,7,7,4.2,4.29,60.43,56.98,NVIDIA GeForce RTX 4090,36,103.37,22,2612.1,24564.0,
2026-09-07T00:47:26.926444+00:00,05_smolvlm_size_lora,7,7,4.2,4.27,60.43,56.98,NVIDIA GeForce RTX 4090,35,101.16,35,2612.1,24564.0,
2026-09-07T00:47:36.937347+00:00,05_smolvlm_size_lora,7,7,4.2,4.27,60.43,56.98,NVIDIA GeForce RTX 4090,35,103.28,64,2612.1,24564.0,
2026-09-07T00:47:46.948389+00:00,05_smolvlm_size_lora,7,7,4.2,4.29,60.43,56.98,NVIDIA GeForce RTX 4090,35,101.5,0,2612.1,24564.0,
2026-09-07T00:47:56.959936+00:00,05_smolvlm_size_lora,7,7,4.2,4.3,60.43,56.98,NVIDIA GeForce RTX 4090,35,100.97,39,2612.1,24564.0,
2026-09-07T00:48:06.970843+00:00,05_smolvlm_size_lora,7,7,4.2,4.25,60.43,56.98,NVIDIA GeForce RTX 4090,36,100.09,19,2612.1,24564.0,
2026-09-07T00:48:16.981861+00:00,05_smolvlm_size_lora,7,7,4.2,4.33,60.43,56.98,NVIDIA GeForce RTX 4090,35,103.63,0,2612.1,24564.0,
2026-09-07T00:48:26.992880+00:00,05_smolvlm_size_lora,7,7,4.2,4.3,60.43,56.98,NVIDIA GeForce RTX 4090,36,100.86,55,2612.1,24564.0,
2026-09-07T00:48:37.004233+00:00,05_smolvlm_size_lora,7,7,4.2,4.28,60.43,56.98,NVIDIA GeForce RTX 4090,36,102.78,61,2612.1,24564.0,
2026-09-07T00:48:47.018624+00:00,05_smolvlm_size_lora,7,7,4.2,4.3,60.43,56.98,NVIDIA GeForce RTX 4090,36,103.96,60,2612.1,24564.0,
2026-09-07T00:48:57.029696+00:00,05_smolvlm_size_lora,7,7,4.2,4.29,60.43,56.98,NVIDIA GeForce RTX 4090,36,103.44,62,2612.1,24564.0,
2026-09-07T00:49:07.040781+00:00,05_smolvlm_size_lora,7,7,4.2,4.36,60.43,56.98,NVIDIA GeForce RTX 4090,35,88.68,29,2612.1,24564.0,
2026-09-07T00:49:17.051731+00:00,05_smolvlm_size_lora,7,7,4.2,4.36,60.43,56.98,NVIDIA GeForce RTX 4090,34,88.5,32,2612.1,24564.0,
2026-09-07T00:49:27.063104+00:00,05_smolvlm_size_lora,7,7,4.2,4.35,60.43,56.98,NVIDIA GeForce RTX 4090,35,90.24,37,2612.1,24564.0,
2026-09-07T00:49:37.074041+00:00,05_smolvlm_size_lora,7,7,4.0,4.37,60.43,56.97,NVIDIA GeForce RTX 4090,35,97.08,0,2612.1,24564.0,
2026-09-07T00:49:47.085347+00:00,05_smolvlm_size_lora,7,7,4.2,4.38,60.43,56.97,NVIDIA GeForce RTX 4090,36,101.33,0,2612.1,24564.0,
2026-09-07T00:49:57.098536+00:00,05_smolvlm_size_lora,7,7,4.2,4.35,60.43,56.97,NVIDIA GeForce RTX 4090,35,103.69,22,2612.1,24564.0,
2026-09-07T00:50:07.109461+00:00,05_smolvlm_size_lora,7,7,4.2,4.39,60.43,56.97,NVIDIA GeForce RTX 4090,36,101.38,21,2612.1,24564.0,
2026-09-07T00:50:17.120417+00:00,05_smolvlm_size_lora,7,7,4.2,4.4,60.43,56.97,NVIDIA GeForce RTX 4090,36,100.58,0,2612.1,24564.0,
2026-09-07T00:50:27.131460+00:00,05_smolvlm_size_lora,7,7,4.2,4.44,60.43,56.97,NVIDIA GeForce RTX 4090,35,103.97,25,2612.1,24564.0,
2026-09-07T00:50:37.142702+00:00,05_smolvlm_size_lora,7,7,4.2,4.41,60.43,56.97,NVIDIA GeForce RTX 4090,36,95.84,59,2612.1,24564.0,
2026-09-07T00:50:47.153843+00:00,05_smolvlm_size_lora,7,7,4.2,4.37,60.43,56.97,NVIDIA GeForce RTX 4090,35,101.86,42,2612.1,24564.0,
2026-09-07T00:50:57.164797+00:00,05_smolvlm_size_lora,7,7,4.2,4.35,60.43,56.97,NVIDIA GeForce RTX 4090,37,100.22,37,2612.1,24564.0,
2026-09-07T00:51:07.175794+00:00,05_smolvlm_size_lora,7,7,4.2,4.36,60.43,56.97,NVIDIA GeForce RTX 4090,36,101.19,44,2612.1,24564.0,
2026-09-07T00:51:17.186586+00:00,05_smolvlm_size_lora,7,7,4.2,4.36,60.43,56.97,NVIDIA GeForce RTX 4090,36,101.1,51,2612.1,24564.0,
2026-09-07T00:51:27.198400+00:00,05_smolvlm_size_lora,7,7,4.2,4.36,60.43,56.97,NVIDIA GeForce RTX 4090,36,102.74,47,2612.1,24564.0,
2026-09-07T00:51:37.209546+00:00,05_smolvlm_size_lora,7,7,4.2,4.35,60.43,56.97,NVIDIA GeForce RTX 4090,36,103.32,41,2612.1,24564.0,
2026-09-07T00:51:47.221433+00:00,05_smolvlm_size_lora,7,7,4.2,4.38,60.43,56.97,NVIDIA GeForce RTX 4090,35,98.92,31,2612.1,24564.0,
2026-09-07T00:51:57.232571+00:00,05_smolvlm_size_lora,7,7,4.2,4.37,60.43,56.97,NVIDIA GeForce RTX 4090,36,100.36,35,2612.1,24564.0,
2026-09-07T00:52:07.243625+00:00,05_smolvlm_size_lora,7,7,4.2,4.34,60.43,56.97,NVIDIA GeForce RTX 4090,35,102.83,28,2612.1,24564.0,
2026-09-07T00:52:17.254468+00:00,05_smolvlm_size_lora,7,7,4.2,4.33,60.43,56.97,NVIDIA GeForce RTX 4090,36,101.72,47,2612.1,24564.0,
2026-09-07T00:52:27.265994+00:00,05_smolvlm_size_lora,7,7,4.2,4.35,60.43,56.97,NVIDIA GeForce RTX 4090,36,101.41,44,2612.1,24564.0,
2026-09-07T00:52:37.277029+00:00,05_smolvlm_size_lora,7,7,4.2,4.37,60.43,56.97,NVIDIA GeForce RTX 4090,35,100.77,23,2612.1,24564.0,
2026-09-07T00:52:47.287855+00:00,05_smolvlm_size_lora,7,7,4.2,4.31,60.43,56.97,NVIDIA GeForce RTX 4090,36,106.77,63,2612.1,24564.0,
2026-09-07T00:52:57.298921+00:00,05_smolvlm_size_lora,7,7,4.2,4.32,60.43,56.97,NVIDIA GeForce RTX 4090,35,88.42,36,2612.1,24564.0,
2026-09-07T00:53:07.310105+00:00,05_smolvlm_size_lora,7,7,4.2,4.32,60.43,56.97,NVIDIA GeForce RTX 4090,35,89.08,57,2612.1,24564.0,
2026-09-07T00:53:17.321358+00:00,05_smolvlm_size_lora,7,7,4.2,4.3,60.43,56.97,NVIDIA GeForce RTX 4090,35,88.56,31,2617.6,24564.0,
2026-09-07T00:53:27.332216+00:00,05_smolvlm_size_lora,7,7,4.2,4.33,60.43,56.97,NVIDIA GeForce RTX 4090,35,96.9,41,2617.6,24564.0,
2026-09-07T00:53:37.343668+00:00,05_smolvlm_size_lora,7,7,4.2,4.33,60.43,56.97,NVIDIA GeForce RTX 4090,35,98.69,63,2617.6,24564.0,
2026-09-07T00:53:47.355069+00:00,05_smolvlm_size_lora,7,7,4.2,4.32,60.43,56.97,NVIDIA GeForce RTX 4090,36,100.04,37,2617.6,24564.0,
2026-09-07T00:53:57.366115+00:00,05_smolvlm_size_lora,7,7,4.2,4.36,60.43,56.97,NVIDIA GeForce RTX 4090,35,99.8,36,2617.6,24564.0,
2026-09-07T00:54:07.377458+00:00,05_smolvlm_size_lora,7,7,4.2,4.34,60.43,56.97,NVIDIA GeForce RTX 4090,36,103.32,38,2617.6,24564.0,
2026-09-07T00:54:17.388292+00:00,05_smolvlm_size_lora,7,7,4.2,4.33,60.43,56.97,NVIDIA GeForce RTX 4090,35,98.43,60,2617.6,24564.0,
2026-09-07T00:54:27.399764+00:00,05_smolvlm_size_lora,7,7,4.2,4.35,60.43,56.97,NVIDIA GeForce RTX 4090,36,102.93,46,2617.6,24564.0,
2026-09-07T00:54:37.410516+00:00,05_smolvlm_size_lora,7,7,4.2,4.37,60.43,56.97,NVIDIA GeForce RTX 4090,37,100.68,42,2617.6,24564.0,
2026-09-07T00:54:47.421899+00:00,05_smolvlm_size_lora,7,7,4.2,4.39,60.43,56.97,NVIDIA GeForce RTX 4090,36,100.43,32,2617.6,24564.0,
2026-09-07T00:54:57.433150+00:00,05_smolvlm_size_lora,7,7,4.2,4.41,60.43,56.97,NVIDIA GeForce RTX 4090,35,99.75,12,2617.6,24564.0,
2026-09-07T00:55:07.444377+00:00,05_smolvlm_size_lora,7,7,4.2,4.4,60.43,56.97,NVIDIA GeForce RTX 4090,36,102.66,50,2617.6,24564.0,
2026-09-07T00:55:17.455845+00:00,05_smolvlm_size_lora,7,7,4.2,4.38,60.43,56.97,NVIDIA GeForce RTX 4090,35,99.16,28,2617.6,24564.0,
2026-09-07T00:55:27.466674+00:00,05_smolvlm_size_lora,7,7,4.2,4.37,60.43,56.97,NVIDIA GeForce RTX 4090,37,100.96,42,2617.6,24564.0,
2026-09-07T00:55:37.477664+00:00,05_smolvlm_size_lora,7,7,4.2,4.38,60.43,56.97,NVIDIA GeForce RTX 4090,35,99.88,31,2617.6,24564.0,
2026-09-07T00:55:47.488587+00:00,05_smolvlm_size_lora,7,7,4.2,4.36,60.43,56.97,NVIDIA GeForce RTX 4090,36,98.85,25,2617.6,24564.0,
2026-09-07T00:55:57.499787+00:00,05_smolvlm_size_lora,7,7,4.2,4.38,60.43,56.97,NVIDIA GeForce RTX 4090,36,103.15,22,2617.6,24564.0,
2026-09-07T00:56:07.510541+00:00,05_smolvlm_size_lora,7,7,4.2,4.37,60.43,56.97,NVIDIA GeForce RTX 4090,36,99.66,63,2617.6,24564.0,
2026-09-07T00:56:17.521905+00:00,05_smolvlm_size_lora,7,7,4.2,4.33,60.43,56.97,NVIDIA GeForce RTX 4090,36,97.51,28,2617.6,24564.0,
2026-09-07T00:56:27.535481+00:00,05_smolvlm_size_lora,7,7,4.2,4.35,60.43,56.97,NVIDIA GeForce RTX 4090,36,99.94,16,2617.6,24564.0,
2026-09-07T00:56:37.546331+00:00,05_smolvlm_size_lora,7,7,4.2,4.34,60.43,56.97,NVIDIA GeForce RTX 4090,36,101.98,44,2617.6,24564.0,
2026-09-07T00:56:47.560012+00:00,05_smolvlm_size_lora,7,7,4.2,4.35,60.43,56.97,NVIDIA GeForce RTX 4090,35,87.99,42,2617.6,24564.0,
2026-09-07T00:56:57.571151+00:00,05_smolvlm_size_lora,7,7,4.2,4.34,60.43,56.97,NVIDIA GeForce RTX 4090,35,87.55,40,2617.6,24564.0,
2026-09-07T00:57:07.582982+00:00,05_smolvlm_size_lora,7,7,4.2,4.34,60.43,56.97,NVIDIA GeForce RTX 4090,35,89.0,57,2617.6,24564.0,
2026-09-07T00:57:17.594018+00:00,05_smolvlm_size_lora,7,7,4.2,4.34,60.43,56.97,NVIDIA GeForce RTX 4090,35,88.3,67,2617.6,24564.0,
2026-09-07T00:57:27.606426+00:00,05_smolvlm_size_lora,7,7,4.0,4.33,60.43,56.97,NVIDIA GeForce RTX 4090,37,102.78,2,2617.6,24564.0,
2026-09-07T00:57:37.617953+00:00,05_smolvlm_size_lora,7,7,4.2,4.32,60.43,56.97,NVIDIA GeForce RTX 4090,36,99.0,49,2617.6,24564.0,
2026-09-07T00:57:47.629000+00:00,05_smolvlm_size_lora,7,7,4.2,4.31,60.43,56.97,NVIDIA GeForce RTX 4090,36,99.79,48,2617.6,24564.0,
2026-09-07T00:57:57.640222+00:00,05_smolvlm_size_lora,7,7,4.2,4.32,60.43,56.97,NVIDIA GeForce RTX 4090,35,102.29,64,2617.6,24564.0,
2026-09-07T00:58:07.651909+00:00,05_smolvlm_size_lora,7,7,4.2,4.31,60.43,56.97,NVIDIA GeForce RTX 4090,36,101.72,62,2617.6,24564.0,
2026-09-07T00:58:17.662761+00:00,05_smolvlm_size_lora,7,7,4.2,4.32,60.43,56.97,NVIDIA GeForce RTX 4090,35,99.27,0,2617.6,24564.0,
2026-09-07T00:58:27.674032+00:00,05_smolvlm_size_lora,7,7,4.2,4.33,60.43,56.97,NVIDIA GeForce RTX 4090,35,101.57,4,2617.6,24564.0,
2026-09-07T00:58:37.685194+00:00,05_smolvlm_size_lora,7,7,4.2,4.37,60.43,56.97,NVIDIA GeForce RTX 4090,37,103.18,29,2617.6,24564.0,
2026-09-07T00:58:47.696352+00:00,05_smolvlm_size_lora,7,7,4.2,4.35,60.43,56.97,NVIDIA GeForce RTX 4090,36,101.55,12,2617.6,24564.0,
2026-09-07T00:58:57.707503+00:00,05_smolvlm_size_lora,7,7,4.2,4.37,60.43,56.97,NVIDIA GeForce RTX 4090,36,99.63,37,2617.6,24564.0,
2026-09-07T00:59:07.719081+00:00,05_smolvlm_size_lora,7,7,4.2,4.36,60.43,56.97,NVIDIA GeForce RTX 4090,36,100.55,5,2617.6,24564.0,
2026-09-07T00:59:17.732691+00:00,05_smolvlm_size_lora,7,7,4.2,4.36,60.43,56.97,NVIDIA GeForce RTX 4090,36,103.37,3,2617.6,24564.0,
2026-09-07T00:59:27.744010+00:00,05_smolvlm_size_lora,7,7,4.2,4.38,60.43,56.97,NVIDIA GeForce RTX 4090,36,100.36,21,2617.6,24564.0,
2026-09-07T00:59:37.754936+00:00,05_smolvlm_size_lora,7,7,4.2,4.33,60.43,56.97,NVIDIA GeForce RTX 4090,36,103.64,51,2617.6,24564.0,
2026-09-07T00:59:47.766136+00:00,05_smolvlm_size_lora,7,7,4.2,4.36,60.43,56.97,NVIDIA GeForce RTX 4090,36,100.02,29,2617.6,24564.0,
2026-09-07T00:59:57.777011+00:00,05_smolvlm_size_lora,7,7,4.2,4.35,60.43,56.97,NVIDIA GeForce RTX 4090,36,99.66,38,2617.6,24564.0,
2026-09-07T01:00:07.788031+00:00,05_smolvlm_size_lora,7,7,4.2,4.31,60.43,56.97,NVIDIA GeForce RTX 4090,35,101.21,28,2612.8,24564.0,
2026-09-07T01:00:17.799429+00:00,05_smolvlm_size_lora,7,7,4.2,4.35,60.43,56.97,NVIDIA GeForce RTX 4090,37,98.47,33,2612.8,24564.0,
2026-09-07T01:00:27.810782+00:00,05_smolvlm_size_lora,7,7,4.2,4.39,60.43,56.97,NVIDIA GeForce RTX 4090,35,101.14,31,2612.8,24564.0,
2026-09-07T01:00:37.821827+00:00,05_smolvlm_size_lora,7,7,4.2,4.35,60.43,56.97,NVIDIA GeForce RTX 4090,35,89.31,54,2612.8,24564.0,
2026-09-07T01:00:47.833032+00:00,05_smolvlm_size_lora,7,7,4.2,4.33,60.43,56.97,NVIDIA GeForce RTX 4090,35,88.28,30,2612.8,24564.0,
2026-09-07T01:00:57.844174+00:00,05_smolvlm_size_lora,7,7,4.2,4.34,60.43,56.97,NVIDIA GeForce RTX 4090,35,88.19,40,2612.8,24564.0,
2026-09-07T01:01:07.855612+00:00,05_smolvlm_size_lora,7,7,4.2,4.33,60.43,56.97,NVIDIA GeForce RTX 4090,34,88.56,63,2612.8,24564.0,
2026-09-07T01:01:17.866782+00:00,05_smolvlm_size_lora,7,7,4.2,4.33,60.43,56.97,NVIDIA GeForce RTX 4090,35,99.84,62,2612.8,24564.0,
2026-09-07T01:01:27.877832+00:00,05_smolvlm_size_lora,7,7,4.2,4.32,60.43,56.97,NVIDIA GeForce RTX 4090,35,99.59,23,2612.8,24564.0,
2026-09-07T01:01:37.888796+00:00,05_smolvlm_size_lora,7,7,4.2,4.34,60.43,56.97,NVIDIA GeForce RTX 4090,35,100.7,52,2612.8,24564.0,
2026-09-07T01:01:47.899854+00:00,05_smolvlm_size_lora,7,7,4.2,4.34,60.43,56.97,NVIDIA GeForce RTX 4090,35,97.98,39,2612.8,24564.0,
2026-09-07T01:01:57.911186+00:00,05_smolvlm_size_lora,7,7,4.2,4.36,60.43,56.97,NVIDIA GeForce RTX 4090,36,100.28,8,2612.8,24564.0,
2026-09-07T01:02:07.922361+00:00,05_smolvlm_size_lora,7,7,4.2,4.35,60.43,56.97,NVIDIA GeForce RTX 4090,36,100.92,46,2612.8,24564.0,
2026-09-07T01:02:17.933466+00:00,05_smolvlm_size_lora,7,7,4.2,4.36,60.43,56.97,NVIDIA GeForce RTX 4090,36,101.46,19,2612.8,24564.0,
2026-09-07T01:02:27.944498+00:00,05_smolvlm_size_lora,7,7,4.2,4.34,60.43,56.97,NVIDIA GeForce RTX 4090,35,102.91,8,2612.8,24564.0,
2026-09-07T01:02:37.955551+00:00,05_smolvlm_size_lora,7,7,4.2,4.35,60.43,56.97,NVIDIA GeForce RTX 4090,36,101.32,59,2612.8,24564.0,
2026-09-07T01:02:47.966672+00:00,05_smolvlm_size_lora,7,7,4.2,4.35,60.43,56.97,NVIDIA GeForce RTX 4090,36,99.41,41,2612.8,24564.0,
2026-09-07T01:02:57.980093+00:00,05_smolvlm_size_lora,7,7,4.2,4.33,60.43,56.97,NVIDIA GeForce RTX 4090,36,100.37,45,2612.8,24564.0,
2026-09-07T01:03:07.991238+00:00,05_smolvlm_size_lora,7,7,4.2,4.37,60.43,56.97,NVIDIA GeForce RTX 4090,36,101.4,53,2612.8,24564.0,
2026-09-07T01:03:18.003112+00:00,05_smolvlm_size_lora,7,7,4.2,4.35,60.43,56.97,NVIDIA GeForce RTX 4090,36,99.06,24,2612.8,24564.0,
2026-09-07T01:03:28.014060+00:00,05_smolvlm_size_lora,7,7,4.2,4.31,60.43,56.97,NVIDIA GeForce RTX 4090,36,98.22,37,2612.8,24564.0,
2026-09-07T01:03:38.025500+00:00,05_smolvlm_size_lora,7,7,4.2,4.35,60.43,56.97,NVIDIA GeForce RTX 4090,35,99.9,39,2612.8,24564.0,
2026-09-07T01:03:48.037253+00:00,05_smolvlm_size_lora,7,7,4.2,4.31,60.43,56.97,NVIDIA GeForce RTX 4090,36,100.98,10,2612.8,24564.0,
2026-09-07T01:03:58.048188+00:00,05_smolvlm_size_lora,7,7,4.2,4.32,60.43,56.97,NVIDIA GeForce RTX 4090,35,95.83,55,2612.8,24564.0,
2026-09-07T01:04:08.059233+00:00,05_smolvlm_size_lora,7,7,4.2,4.45,60.43,56.97,NVIDIA GeForce RTX 4090,37,99.23,36,2612.8,24564.0,
2026-09-07T01:04:18.070792+00:00,05_smolvlm_size_lora,7,7,4.2,4.4,60.43,56.97,NVIDIA GeForce RTX 4090,35,101.17,35,2612.8,24564.0,
2026-09-07T01:04:28.082071+00:00,05_smolvlm_size_lora,7,7,4.2,4.39,60.43,56.97,NVIDIA GeForce RTX 4090,35,89.31,43,2612.8,24564.0,
2026-09-07T01:04:38.093069+00:00,05_smolvlm_size_lora,7,7,4.2,4.4,60.43,56.97,NVIDIA GeForce RTX 4090,35,89.27,52,2612.8,24564.0,
2026-09-07T01:04:48.104054+00:00,05_smolvlm_size_lora,7,7,4.2,4.4,60.43,56.97,NVIDIA GeForce RTX 4090,35,89.58,34,2612.8,24564.0,
2026-09-07T01:04:58.115173+00:00,05_smolvlm_size_lora,7,7,4.2,4.41,60.43,56.97,NVIDIA GeForce RTX 4090,34,88.41,62,2612.8,24564.0,
2026-09-07T01:05:08.126608+00:00,05_smolvlm_size_lora,7,7,4.2,4.39,60.43,56.97,NVIDIA GeForce RTX 4090,36,100.26,4,2612.1,24564.0,
2026-09-07T01:05:18.137541+00:00,05_smolvlm_size_lora,7,7,4.2,4.37,60.43,56.97,NVIDIA GeForce RTX 4090,36,102.95,4,2612.1,24564.0,
2026-09-07T01:05:28.149725+00:00,05_smolvlm_size_lora,7,7,4.2,4.4,60.43,56.97,NVIDIA GeForce RTX 4090,35,98.31,56,2612.1,24564.0,
2026-09-07T01:05:38.160880+00:00,05_smolvlm_size_lora,7,7,4.2,4.41,60.43,56.97,NVIDIA GeForce RTX 4090,35,99.86,64,2612.1,24564.0,
2026-09-07T01:05:48.174379+00:00,05_smolvlm_size_lora,7,7,4.2,4.36,60.43,56.97,NVIDIA GeForce RTX 4090,35,103.9,28,2612.1,24564.0,
2026-09-07T01:05:58.186373+00:00,05_smolvlm_size_lora,7,7,4.2,4.38,60.43,56.97,NVIDIA GeForce RTX 4090,35,99.56,27,2612.1,24564.0,
2026-09-07T01:06:08.198553+00:00,05_smolvlm_size_lora,7,7,4.2,4.37,60.43,56.97,NVIDIA GeForce RTX 4090,35,99.7,27,2612.1,24564.0,
2026-09-07T01:06:18.210373+00:00,05_smolvlm_size_lora,7,7,4.2,4.35,60.43,56.97,NVIDIA GeForce RTX 4090,36,101.02,45,2612.1,24564.0,
2026-09-07T01:06:28.221655+00:00,05_smolvlm_size_lora,7,7,4.2,4.37,60.43,56.97,NVIDIA GeForce RTX 4090,35,99.33,37,2612.1,24564.0,
2026-09-07T01:06:38.234980+00:00,05_smolvlm_size_lora,7,7,4.2,4.33,60.43,56.97,NVIDIA GeForce RTX 4090,35,99.26,31,2612.1,24564.0,
2026-09-07T01:06:48.246051+00:00,05_smolvlm_size_lora,7,7,4.2,4.34,60.43,56.97,NVIDIA GeForce RTX 4090,36,103.48,5,2612.1,24564.0,
2026-09-07T01:06:58.257944+00:00,05_smolvlm_size_lora,7,7,4.2,4.33,60.43,56.97,NVIDIA GeForce RTX 4090,36,100.63,27,2612.1,24564.0,
2026-09-07T01:07:08.268867+00:00,05_smolvlm_size_lora,7,7,4.2,4.32,60.43,56.97,NVIDIA GeForce RTX 4090,35,103.57,22,2612.1,24564.0,
2026-09-07T01:07:18.279779+00:00,05_smolvlm_size_lora,7,7,4.2,4.42,60.43,56.97,NVIDIA GeForce RTX 4090,37,99.53,39,2612.1,24564.0,
2026-09-07T01:07:28.291272+00:00,05_smolvlm_size_lora,7,7,4.2,4.38,60.43,56.97,NVIDIA GeForce RTX 4090,35,103.44,69,2612.1,24564.0,
2026-09-07T01:07:38.302325+00:00,05_smolvlm_size_lora,7,7,4.2,4.35,60.43,56.97,NVIDIA GeForce RTX 4090,36,99.14,14,2612.1,24564.0,
2026-09-07T01:07:48.313842+00:00,05_smolvlm_size_lora,7,7,4.2,4.35,60.43,56.97,NVIDIA GeForce RTX 4090,36,102.09,26,2612.1,24564.0,
2026-09-07T01:07:58.324819+00:00,05_smolvlm_size_lora,7,7,4.2,4.4,60.43,56.97,NVIDIA GeForce RTX 4090,36,100.36,30,2612.1,24564.0,
2026-09-07T01:08:08.336311+00:00,05_smolvlm_size_lora,7,7,4.2,4.41,60.43,56.97,NVIDIA GeForce RTX 4090,36,100.74,59,2612.1,24564.0,
2026-09-07T01:08:18.347369+00:00,05_smolvlm_size_lora,7,7,4.2,4.41,60.43,56.97,NVIDIA GeForce RTX 4090,36,88.56,28,2612.1,24564.0,
2026-09-07T01:08:28.358314+00:00,05_smolvlm_size_lora,7,7,4.2,4.4,60.43,56.97,NVIDIA GeForce RTX 4090,35,88.57,48,2612.1,24564.0,
2026-09-07T01:08:38.369583+00:00,05_smolvlm_size_lora,7,7,4.2,4.37,60.43,56.97,NVIDIA GeForce RTX 4090,35,87.76,28,2612.1,24564.0,
2026-09-07T01:08:48.380508+00:00,05_smolvlm_size_lora,7,7,4.2,4.38,60.43,56.97,NVIDIA GeForce RTX 4090,35,89.31,28,2612.1,24564.0,
2026-09-07T01:08:58.391677+00:00,05_smolvlm_size_lora,7,7,3.4,4.42,60.43,56.97,NVIDIA GeForce RTX 4090,34,88.8,35,3220.1,24564.0,
2026-09-07T01:09:08.402841+00:00,05_smolvlm_size_lora,7,7,4.2,4.4,60.43,56.97,NVIDIA GeForce RTX 4090,35,89.52,51,3220.1,24564.0,
2026-09-07T01:09:18.414402+00:00,05_smolvlm_size_lora,7,7,4.2,4.39,60.43,56.97,NVIDIA GeForce RTX 4090,34,90.89,38,3220.1,24564.0,
2026-09-07T01:09:28.425966+00:00,05_smolvlm_size_lora,8,8,3.9,3.35,60.43,56.97,NVIDIA GeForce RTX 4090,33,55.58,0,628.8,24564.0,
2026-09-07T01:09:38.437081+00:00,05_smolvlm_size_lora,8,8,3.7,4.37,60.43,56.97,NVIDIA GeForce RTX 4090,35,102.93,69,2610.1,24564.0,
2026-09-07T01:09:48.448717+00:00,05_smolvlm_size_lora,8,8,4.2,4.31,60.43,56.97,NVIDIA GeForce RTX 4090,35,102.59,36,2610.1,24564.0,
2026-09-07T01:09:58.461645+00:00,05_smolvlm_size_lora,8,8,4.2,4.34,60.43,56.97,NVIDIA GeForce RTX 4090,35,98.81,3,2610.1,24564.0,
2026-09-07T01:10:08.472950+00:00,05_smolvlm_size_lora,8,8,4.2,4.3,60.43,56.97,NVIDIA GeForce RTX 4090,36,101.66,47,2610.1,24564.0,
2026-09-07T01:10:18.484336+00:00,05_smolvlm_size_lora,8,8,4.2,4.35,60.43,56.97,NVIDIA GeForce RTX 4090,35,103.93,40,2612.1,24564.0,
2026-09-07T01:10:28.496775+00:00,05_smolvlm_size_lora,8,8,4.2,4.32,60.43,56.97,NVIDIA GeForce RTX 4090,35,103.49,25,2612.1,24564.0,
2026-09-07T01:10:38.507874+00:00,05_smolvlm_size_lora,8,8,4.2,4.34,60.43,56.97,NVIDIA GeForce RTX 4090,36,98.89,60,2612.1,24564.0,
2026-09-07T01:10:48.519430+00:00,05_smolvlm_size_lora,8,8,4.2,4.33,60.43,56.97,NVIDIA GeForce RTX 4090,36,100.61,22,2612.1,24564.0,
2026-09-07T01:10:58.530448+00:00,05_smolvlm_size_lora,8,8,4.2,4.29,60.43,56.97,NVIDIA GeForce RTX 4090,35,101.32,19,2612.1,24564.0,
2026-09-07T01:11:08.541690+00:00,05_smolvlm_size_lora,8,8,4.2,4.27,60.43,56.97,NVIDIA GeForce RTX 4090,35,101.67,16,2612.1,24564.0,
2026-09-07T01:11:18.553010+00:00,05_smolvlm_size_lora,8,8,4.2,4.34,60.43,56.97,NVIDIA GeForce RTX 4090,35,101.03,24,2612.1,24564.0,
2026-09-07T01:11:28.564090+00:00,05_smolvlm_size_lora,8,8,4.2,4.31,60.43,56.97,NVIDIA GeForce RTX 4090,35,102.17,1,2612.1,24564.0,
2026-09-07T01:11:38.575406+00:00,05_smolvlm_size_lora,8,8,4.2,4.3,60.43,56.97,NVIDIA GeForce RTX 4090,35,99.36,45,2612.1,24564.0,
2026-09-07T01:11:48.587072+00:00,05_smolvlm_size_lora,8,8,4.2,4.32,60.43,56.97,NVIDIA GeForce RTX 4090,36,100.68,49,2612.1,24564.0,
2026-09-07T01:11:58.598080+00:00,05_smolvlm_size_lora,8,8,4.2,4.31,60.43,56.97,NVIDIA GeForce RTX 4090,35,96.43,56,2612.1,24564.0,
2026-09-07T01:12:08.609726+00:00,05_smolvlm_size_lora,8,8,4.2,4.29,60.43,56.97,NVIDIA GeForce RTX 4090,37,101.21,26,2612.1,24564.0,
2026-09-07T01:12:18.620835+00:00,05_smolvlm_size_lora,8,8,4.2,4.3,60.43,56.97,NVIDIA GeForce RTX 4090,36,102.84,9,2612.1,24564.0,
2026-09-07T01:12:28.631817+00:00,05_smolvlm_size_lora,8,8,4.2,4.37,60.43,56.97,NVIDIA GeForce RTX 4090,35,98.6,43,2612.1,24564.0,
2026-09-07T01:12:38.643299+00:00,05_smolvlm_size_lora,8,8,4.2,4.37,60.43,56.97,NVIDIA GeForce RTX 4090,36,101.88,36,2612.1,24564.0,
2026-09-07T01:12:48.654398+00:00,05_smolvlm_size_lora,8,8,4.2,4.42,60.43,56.97,NVIDIA GeForce RTX 4090,36,88.34,35,2612.1,24564.0,
2026-09-07T01:12:58.665427+00:00,05_smolvlm_size_lora,8,8,4.2,4.4,60.43,56.97,NVIDIA GeForce RTX 4090,35,88.66,39,2612.1,24564.0,
2026-09-07T01:13:08.676622+00:00,05_smolvlm_size_lora,8,8,4.2,4.38,60.43,56.97,NVIDIA GeForce RTX 4090,36,88.14,34,2612.1,24564.0,
2026-09-07T01:13:18.689177+00:00,05_smolvlm_size_lora,8,8,4.2,4.36,60.43,56.97,NVIDIA GeForce RTX 4090,35,89.03,54,2612.1,24564.0,
2026-09-07T01:13:28.700498+00:00,05_smolvlm_size_lora,8,8,4.0,4.37,60.43,56.95,NVIDIA GeForce RTX 4090,36,104.41,23,2612.1,24564.0,
2026-09-07T01:13:38.711845+00:00,05_smolvlm_size_lora,8,8,4.2,4.36,60.43,56.95,NVIDIA GeForce RTX 4090,36,101.59,28,2612.1,24564.0,
2026-09-07T01:13:48.722896+00:00,05_smolvlm_size_lora,8,8,4.2,4.36,60.43,56.95,NVIDIA GeForce RTX 4090,35,99.26,31,2612.1,24564.0,
2026-09-07T01:13:58.734033+00:00,05_smolvlm_size_lora,8,8,4.2,4.35,60.43,56.95,NVIDIA GeForce RTX 4090,35,99.5,50,2612.1,24564.0,
2026-09-07T01:14:08.745385+00:00,05_smolvlm_size_lora,8,8,4.2,4.34,60.43,56.95,NVIDIA GeForce RTX 4090,36,99.66,22,2612.1,24564.0,
2026-09-07T01:14:18.757509+00:00,05_smolvlm_size_lora,8,8,4.2,4.32,60.43,56.95,NVIDIA GeForce RTX 4090,36,99.62,19,2612.1,24564.0,
2026-09-07T01:14:28.768606+00:00,05_smolvlm_size_lora,8,8,4.2,4.36,60.43,56.95,NVIDIA GeForce RTX 4090,35,103.1,63,2612.1,24564.0,
2026-09-07T01:14:38.780074+00:00,05_smolvlm_size_lora,8,8,4.2,4.36,60.43,56.95,NVIDIA GeForce RTX 4090,36,103.45,9,2612.1,24564.0,
2026-09-07T01:14:48.791179+00:00,05_smolvlm_size_lora,8,8,4.2,4.36,60.43,56.95,NVIDIA GeForce RTX 4090,35,99.12,48,2612.1,24564.0,
2026-09-07T01:14:58.802035+00:00,05_smolvlm_size_lora,8,8,4.2,4.36,60.43,56.95,NVIDIA GeForce RTX 4090,35,103.52,60,2612.1,24564.0,
2026-09-07T01:15:08.815479+00:00,05_smolvlm_size_lora,8,8,4.2,4.33,60.43,56.95,NVIDIA GeForce RTX 4090,35,103.61,44,2612.1,24564.0,
2026-09-07T01:15:18.826459+00:00,05_smolvlm_size_lora,8,8,4.2,4.34,60.43,56.95,NVIDIA GeForce RTX 4090,35,102.55,47,2612.1,24564.0,
2026-09-07T01:15:28.837373+00:00,05_smolvlm_size_lora,8,8,4.2,4.32,60.43,56.95,NVIDIA GeForce RTX 4090,36,98.97,46,2612.1,24564.0,
2026-09-07T01:15:38.848225+00:00,05_smolvlm_size_lora,8,8,4.2,4.39,60.43,56.95,NVIDIA GeForce RTX 4090,35,102.97,34,2612.1,24564.0,
2026-09-07T01:15:48.859514+00:00,05_smolvlm_size_lora,8,8,4.2,4.37,60.43,56.95,NVIDIA GeForce RTX 4090,36,96.33,8,2612.1,24564.0,
2026-09-07T01:15:58.871247+00:00,05_smolvlm_size_lora,8,8,4.2,4.39,60.43,56.95,NVIDIA GeForce RTX 4090,36,101.46,46,2612.1,24564.0,
2026-09-07T01:16:08.883004+00:00,05_smolvlm_size_lora,8,8,4.2,4.38,60.43,56.95,NVIDIA GeForce RTX 4090,36,100.46,69,2612.1,24564.0,
2026-09-07T01:16:18.896374+00:00,05_smolvlm_size_lora,8,8,4.2,4.38,60.43,56.95,NVIDIA GeForce RTX 4090,35,99.14,0,2612.1,24564.0,
2026-09-07T01:16:28.908852+00:00,05_smolvlm_size_lora,8,8,4.2,4.37,60.43,56.95,NVIDIA GeForce RTX 4090,36,103.07,62,2612.1,24564.0,
2026-09-07T01:16:38.920166+00:00,05_smolvlm_size_lora,8,8,4.2,4.36,60.43,56.95,NVIDIA GeForce RTX 4090,35,87.93,35,2612.1,24564.0,
2026-09-07T01:16:48.931179+00:00,05_smolvlm_size_lora,8,8,4.2,4.32,60.43,56.95,NVIDIA GeForce RTX 4090,35,89.07,63,2612.1,24564.0,
2026-09-07T01:16:58.942223+00:00,05_smolvlm_size_lora,8,8,4.2,4.31,60.43,56.95,NVIDIA GeForce RTX 4090,35,87.72,24,2612.1,24564.0,
2026-09-07T01:17:08.953382+00:00,05_smolvlm_size_lora,8,8,4.2,4.31,60.43,56.95,NVIDIA GeForce RTX 4090,35,87.67,64,2612.1,24564.0,
2026-09-07T01:17:18.964678+00:00,05_smolvlm_size_lora,8,8,4.0,4.33,60.43,56.95,NVIDIA GeForce RTX 4090,34,100.16,35,2612.1,24564.0,
2026-09-07T01:17:28.975745+00:00,05_smolvlm_size_lora,8,8,4.2,4.35,60.43,56.95,NVIDIA GeForce RTX 4090,36,100.05,38,2612.1,24564.0,
2026-09-07T01:17:38.989350+00:00,05_smolvlm_size_lora,8,8,4.2,4.35,60.43,56.95,NVIDIA GeForce RTX 4090,35,102.6,7,2612.1,24564.0,
2026-09-07T01:17:49.000511+00:00,05_smolvlm_size_lora,8,8,4.2,4.35,60.43,56.95,NVIDIA GeForce RTX 4090,36,100.83,39,2612.1,24564.0,
2026-09-07T01:17:59.011851+00:00,05_smolvlm_size_lora,8,8,4.2,4.35,60.43,56.95,NVIDIA GeForce RTX 4090,35,96.3,65,2612.1,24564.0,
2026-09-07T01:18:09.023718+00:00,05_smolvlm_size_lora,8,8,4.2,4.35,60.43,56.95,NVIDIA GeForce RTX 4090,35,99.8,41,2612.1,24564.0,
2026-09-07T01:18:19.034667+00:00,05_smolvlm_size_lora,8,8,4.2,4.34,60.43,56.95,NVIDIA GeForce RTX 4090,36,101.18,27,2612.1,24564.0,
2026-09-07T01:18:29.045983+00:00,05_smolvlm_size_lora,8,8,4.2,4.37,60.43,56.95,NVIDIA GeForce RTX 4090,36,97.65,16,2612.1,24564.0,
2026-09-07T01:18:39.057331+00:00,05_smolvlm_size_lora,8,8,4.2,4.33,60.43,56.95,NVIDIA GeForce RTX 4090,35,101.11,44,2612.1,24564.0,
2026-09-07T01:18:49.068342+00:00,05_smolvlm_size_lora,8,8,4.2,4.33,60.43,56.95,NVIDIA GeForce RTX 4090,35,102.77,62,2612.1,24564.0,
2026-09-07T01:18:59.079429+00:00,05_smolvlm_size_lora,8,8,4.2,4.43,60.43,56.95,NVIDIA GeForce RTX 4090,36,100.09,48,2612.1,24564.0,
2026-09-07T01:19:09.090808+00:00,05_smolvlm_size_lora,8,8,4.2,4.4,60.43,56.95,NVIDIA GeForce RTX 4090,35,100.15,32,2612.1,24564.0,
2026-09-07T01:19:19.102771+00:00,05_smolvlm_size_lora,8,8,4.2,4.34,60.43,56.95,NVIDIA GeForce RTX 4090,37,98.91,41,2612.1,24564.0,
2026-09-07T01:19:29.113773+00:00,05_smolvlm_size_lora,8,8,4.2,4.32,60.43,56.95,NVIDIA GeForce RTX 4090,36,102.69,2,2612.1,24564.0,
2026-09-07T01:19:39.124950+00:00,05_smolvlm_size_lora,8,8,4.2,4.33,60.43,56.95,NVIDIA GeForce RTX 4090,37,101.52,40,2612.1,24564.0,
2026-09-07T01:19:49.136040+00:00,05_smolvlm_size_lora,8,8,4.2,4.37,60.43,56.95,NVIDIA GeForce RTX 4090,37,99.78,40,2612.1,24564.0,
2026-09-07T01:19:59.147124+00:00,05_smolvlm_size_lora,8,8,4.2,4.34,60.43,56.95,NVIDIA GeForce RTX 4090,36,99.94,46,2612.1,24564.0,
2026-09-07T01:20:09.158075+00:00,05_smolvlm_size_lora,8,8,4.2,4.38,60.43,56.95,NVIDIA GeForce RTX 4090,36,100.42,28,2612.1,24564.0,
2026-09-07T01:20:19.169273+00:00,05_smolvlm_size_lora,8,8,4.2,4.36,60.43,56.95,NVIDIA GeForce RTX 4090,36,102.45,29,2612.1,24564.0,
2026-09-07T01:20:29.180298+00:00,05_smolvlm_size_lora,8,8,4.2,4.35,60.43,56.95,NVIDIA GeForce RTX 4090,35,90.15,29,2612.1,24564.0,
2026-09-07T01:20:39.191186+00:00,05_smolvlm_size_lora,8,8,4.2,4.38,60.43,56.95,NVIDIA GeForce RTX 4090,36,89.63,40,2612.1,24564.0,
2026-09-07T01:20:49.202195+00:00,05_smolvlm_size_lora,8,8,4.2,4.37,60.43,56.95,NVIDIA GeForce RTX 4090,35,87.86,67,2612.1,24564.0,
2026-09-07T01:20:59.213582+00:00,05_smolvlm_size_lora,8,8,4.2,4.34,60.43,56.95,NVIDIA GeForce RTX 4090,34,89.92,30,2612.1,24564.0,
2026-09-07T01:21:09.226667+00:00,05_smolvlm_size_lora,8,8,4.2,4.34,60.43,56.95,NVIDIA GeForce RTX 4090,36,99.58,34,2612.1,24564.0,
2026-09-07T01:21:19.237814+00:00,05_smolvlm_size_lora,8,8,4.2,4.34,60.43,56.95,NVIDIA GeForce RTX 4090,35,98.77,42,2612.1,24564.0,
2026-09-07T01:21:29.248788+00:00,05_smolvlm_size_lora,8,8,4.2,4.34,60.43,56.95,NVIDIA GeForce RTX 4090,36,103.04,36,2612.1,24564.0,
2026-09-07T01:21:39.259758+00:00,05_smolvlm_size_lora,8,8,4.2,4.34,60.43,56.95,NVIDIA GeForce RTX 4090,36,99.99,18,2612.1,24564.0,
2026-09-07T01:21:49.270652+00:00,05_smolvlm_size_lora,8,8,4.2,4.34,60.43,56.95,NVIDIA GeForce RTX 4090,36,99.26,25,2612.1,24564.0,
2026-09-07T01:21:59.281347+00:00,05_smolvlm_size_lora,8,8,4.2,4.34,60.43,56.95,NVIDIA GeForce RTX 4090,36,102.2,17,2612.1,24564.0,
2026-09-07T01:22:09.292293+00:00,05_smolvlm_size_lora,8,8,4.2,4.43,60.43,56.95,NVIDIA GeForce RTX 4090,36,100.94,8,2612.1,24564.0,
2026-09-07T01:22:19.303757+00:00,05_smolvlm_size_lora,8,8,4.2,4.41,60.43,56.95,NVIDIA GeForce RTX 4090,36,97.23,20,2612.1,24564.0,
2026-09-07T01:22:29.315386+00:00,05_smolvlm_size_lora,8,8,4.2,4.39,60.43,56.95,NVIDIA GeForce RTX 4090,36,100.8,30,2612.1,24564.0,
2026-09-07T01:22:39.327004+00:00,05_smolvlm_size_lora,8,8,4.2,4.36,60.43,56.95,NVIDIA GeForce RTX 4090,35,99.36,38,2612.1,24564.0,
2026-09-07T01:22:49.338180+00:00,05_smolvlm_size_lora,8,8,4.2,4.36,60.43,56.95,NVIDIA GeForce RTX 4090,37,99.77,24,2612.1,24564.0,
2026-09-07T01:22:59.349204+00:00,05_smolvlm_size_lora,8,8,4.2,4.37,60.43,56.95,NVIDIA GeForce RTX 4090,36,101.83,31,2612.1,24564.0,
2026-09-07T01:23:09.361857+00:00,05_smolvlm_size_lora,8,8,4.2,4.37,60.43,56.95,NVIDIA GeForce RTX 4090,36,100.61,18,2612.1,24564.0,
2026-09-07T01:23:19.375089+00:00,05_smolvlm_size_lora,8,8,4.2,4.36,60.43,56.95,NVIDIA GeForce RTX 4090,36,102.66,24,2612.1,24564.0,
2026-09-07T01:23:29.386170+00:00,05_smolvlm_size_lora,8,8,4.2,4.35,60.43,56.95,NVIDIA GeForce RTX 4090,36,100.11,44,2612.1,24564.0,
2026-09-07T01:23:39.398499+00:00,05_smolvlm_size_lora,8,8,4.2,4.35,60.43,56.95,NVIDIA GeForce RTX 4090,35,102.63,13,2612.1,24564.0,
2026-09-07T01:23:49.409378+00:00,05_smolvlm_size_lora,8,8,4.2,4.39,60.43,56.95,NVIDIA GeForce RTX 4090,36,99.77,64,2612.1,24564.0,
2026-09-07T01:23:59.420238+00:00,05_smolvlm_size_lora,8,8,4.2,4.37,60.43,56.95,NVIDIA GeForce RTX 4090,36,99.04,15,2612.1,24564.0,
2026-09-07T01:24:09.431347+00:00,05_smolvlm_size_lora,8,8,4.2,4.37,60.43,56.95,NVIDIA GeForce RTX 4090,36,101.87,57,2612.1,24564.0,
2026-09-07T01:24:19.442426+00:00,05_smolvlm_size_lora,8,8,4.2,4.35,60.43,56.95,NVIDIA GeForce RTX 4090,35,88.84,33,2612.1,24564.0,
2026-09-07T01:24:29.453414+00:00,05_smolvlm_size_lora,8,8,4.2,4.33,60.43,56.95,NVIDIA GeForce RTX 4090,35,90.3,36,2612.1,24564.0,
2026-09-07T01:24:39.464484+00:00,05_smolvlm_size_lora,8,8,4.2,4.33,60.43,56.95,NVIDIA GeForce RTX 4090,36,87.87,61,2612.1,24564.0,
2026-09-07T01:24:49.475807+00:00,05_smolvlm_size_lora,8,8,4.2,4.33,60.43,56.95,NVIDIA GeForce RTX 4090,35,89.58,57,2612.1,24564.0,
2026-09-07T01:24:59.487047+00:00,05_smolvlm_size_lora,8,8,4.2,4.33,60.43,56.95,NVIDIA GeForce RTX 4090,35,102.28,57,2612.1,24564.0,
2026-09-07T01:25:09.498148+00:00,05_smolvlm_size_lora,8,8,4.2,4.34,60.43,56.95,NVIDIA GeForce RTX 4090,35,98.76,40,2612.1,24564.0,
2026-09-07T01:25:19.509287+00:00,05_smolvlm_size_lora,8,8,4.2,4.32,60.43,56.95,NVIDIA GeForce RTX 4090,35,103.32,0,2612.1,24564.0,
2026-09-07T01:25:29.520852+00:00,05_smolvlm_size_lora,8,8,4.2,4.34,60.43,56.95,NVIDIA GeForce RTX 4090,35,100.19,44,2612.1,24564.0,
2026-09-07T01:25:39.534209+00:00,05_smolvlm_size_lora,8,8,4.2,4.32,60.43,56.95,NVIDIA GeForce RTX 4090,35,103.38,68,2612.1,24564.0,
2026-09-07T01:25:49.545231+00:00,05_smolvlm_size_lora,8,8,4.2,4.37,60.43,56.95,NVIDIA GeForce RTX 4090,35,100.72,42,2612.1,24564.0,
2026-09-07T01:25:59.556448+00:00,05_smolvlm_size_lora,8,8,4.2,4.36,60.43,56.95,NVIDIA GeForce RTX 4090,35,101.69,42,2612.1,24564.0,
2026-09-07T01:26:09.567463+00:00,05_smolvlm_size_lora,8,8,4.2,4.36,60.43,56.95,NVIDIA GeForce RTX 4090,36,102.82,23,2612.1,24564.0,
2026-09-07T01:26:19.578291+00:00,05_smolvlm_size_lora,8,8,4.2,4.36,60.43,56.95,NVIDIA GeForce RTX 4090,37,99.48,24,2612.1,24564.0,
2026-09-07T01:26:29.589192+00:00,05_smolvlm_size_lora,8,8,4.2,4.39,60.43,56.95,NVIDIA GeForce RTX 4090,35,99.88,60,2612.1,24564.0,
2026-09-07T01:26:39.600327+00:00,05_smolvlm_size_lora,8,8,4.2,4.39,60.43,56.95,NVIDIA GeForce RTX 4090,35,99.76,45,2612.1,24564.0,
2026-09-07T01:26:49.611654+00:00,05_smolvlm_size_lora,8,8,4.2,4.39,60.43,56.95,NVIDIA GeForce RTX 4090,36,102.94,38,2612.1,24564.0,
2026-09-07T01:26:59.622435+00:00,05_smolvlm_size_lora,8,8,4.2,4.35,60.43,56.95,NVIDIA GeForce RTX 4090,36,102.42,28,2612.1,24564.0,
2026-09-07T01:27:09.633810+00:00,05_smolvlm_size_lora,8,8,4.2,4.35,60.43,56.95,NVIDIA GeForce RTX 4090,36,100.14,34,2612.1,24564.0,
2026-09-07T01:27:19.645338+00:00,05_smolvlm_size_lora,8,8,4.2,4.33,60.43,56.95,NVIDIA GeForce RTX 4090,36,100.03,50,2612.1,24564.0,
2026-09-07T01:27:29.656339+00:00,05_smolvlm_size_lora,8,8,4.2,4.32,60.43,56.95,NVIDIA GeForce RTX 4090,36,101.52,65,2612.1,24564.0,
2026-09-07T01:27:39.667940+00:00,05_smolvlm_size_lora,8,8,4.2,4.33,60.43,56.95,NVIDIA GeForce RTX 4090,35,99.51,16,2612.1,24564.0,
2026-09-07T01:27:49.679062+00:00,05_smolvlm_size_lora,8,8,4.2,4.33,60.43,56.95,NVIDIA GeForce RTX 4090,37,101.89,56,2612.1,24564.0,
2026-09-07T01:27:59.690074+00:00,05_smolvlm_size_lora,8,8,4.2,4.33,60.43,56.95,NVIDIA GeForce RTX 4090,36,101.79,44,2612.1,24564.0,
2026-09-07T01:28:09.701690+00:00,05_smolvlm_size_lora,8,8,4.2,4.33,60.43,56.95,NVIDIA GeForce RTX 4090,35,87.99,43,2612.1,24564.0,
2026-09-07T01:28:19.712715+00:00,05_smolvlm_size_lora,8,8,4.2,4.32,60.43,56.95,NVIDIA GeForce RTX 4090,35,89.28,33,2612.1,24564.0,
2026-09-07T01:28:29.723722+00:00,05_smolvlm_size_lora,8,8,4.2,4.33,60.43,56.95,NVIDIA GeForce RTX 4090,35,88.37,32,2612.1,24564.0,
2026-09-07T01:28:39.734647+00:00,05_smolvlm_size_lora,8,8,4.2,4.32,60.43,56.95,NVIDIA GeForce RTX 4090,36,91.72,63,2612.1,24564.0,
2026-09-07T01:28:49.745762+00:00,05_smolvlm_size_lora,8,8,4.2,4.32,60.43,56.95,NVIDIA GeForce RTX 4090,35,100.01,52,2612.1,24564.0,
2026-09-07T01:28:59.756831+00:00,05_smolvlm_size_lora,8,8,4.2,4.32,60.43,56.95,NVIDIA GeForce RTX 4090,35,98.72,34,2612.1,24564.0,
2026-09-07T01:29:09.767975+00:00,05_smolvlm_size_lora,8,8,4.3,4.33,60.43,56.95,NVIDIA GeForce RTX 4090,35,98.92,39,2612.1,24564.0,
2026-09-07T01:29:19.779256+00:00,05_smolvlm_size_lora,8,8,4.2,4.33,60.43,56.95,NVIDIA GeForce RTX 4090,37,103.43,39,2612.1,24564.0,
2026-09-07T01:29:29.790359+00:00,05_smolvlm_size_lora,8,8,4.2,4.33,60.43,56.95,NVIDIA GeForce RTX 4090,35,99.83,59,2612.1,24564.0,
2026-09-07T01:29:39.801326+00:00,05_smolvlm_size_lora,8,8,4.2,4.34,60.43,56.95,NVIDIA GeForce RTX 4090,36,103.7,5,2612.1,24564.0,
2026-09-07T01:29:49.812299+00:00,05_smolvlm_size_lora,8,8,4.2,4.32,60.43,56.95,NVIDIA GeForce RTX 4090,36,100.81,3,2612.1,24564.0,
2026-09-07T01:29:59.823310+00:00,05_smolvlm_size_lora,8,8,4.2,4.31,60.43,56.95,NVIDIA GeForce RTX 4090,35,102.44,61,2612.1,24564.0,
2026-09-07T01:30:09.835117+00:00,05_smolvlm_size_lora,8,8,4.2,4.33,60.43,56.95,NVIDIA GeForce RTX 4090,35,100.83,35,2612.1,24564.0,
2026-09-07T01:30:19.846255+00:00,05_smolvlm_size_lora,8,8,4.2,4.34,60.43,56.95,NVIDIA GeForce RTX 4090,35,100.7,36,2612.1,24564.0,
2026-09-07T01:30:29.857256+00:00,05_smolvlm_size_lora,8,8,4.2,4.31,60.43,56.95,NVIDIA GeForce RTX 4090,35,102.79,59,2612.1,24564.0,
2026-09-07T01:30:39.867904+00:00,05_smolvlm_size_lora,8,8,4.2,4.34,60.43,56.95,NVIDIA GeForce RTX 4090,36,100.22,19,2612.1,24564.0,
2026-09-07T01:30:49.878852+00:00,05_smolvlm_size_lora,8,8,4.2,4.33,60.43,56.95,NVIDIA GeForce RTX 4090,35,103.19,26,2612.1,24564.0,
2026-09-07T01:30:59.889966+00:00,05_smolvlm_size_lora,8,8,4.2,4.33,60.43,56.95,NVIDIA GeForce RTX 4090,36,99.01,57,2612.1,24564.0,
2026-09-07T01:31:09.901020+00:00,05_smolvlm_size_lora,8,8,4.2,4.32,60.43,56.95,NVIDIA GeForce RTX 4090,36,102.96,47,2612.1,24564.0,
2026-09-07T01:31:19.913352+00:00,05_smolvlm_size_lora,8,8,4.2,4.32,60.43,56.95,NVIDIA GeForce RTX 4090,36,103.72,47,2612.1,24564.0,
2026-09-07T01:31:29.924192+00:00,05_smolvlm_size_lora,8,8,4.2,4.33,60.43,56.95,NVIDIA GeForce RTX 4090,35,97.53,11,2612.1,24564.0,
2026-09-07T01:31:39.935380+00:00,05_smolvlm_size_lora,8,8,4.2,4.33,60.43,56.95,NVIDIA GeForce RTX 4090,35,105.64,33,2612.1,24564.0,
2026-09-07T01:31:49.946408+00:00,05_smolvlm_size_lora,8,8,4.2,4.34,60.43,56.95,NVIDIA GeForce RTX 4090,35,101.06,3,2612.1,24564.0,
2026-09-07T01:31:59.957350+00:00,05_smolvlm_size_lora,8,8,4.2,4.37,60.43,56.95,NVIDIA GeForce RTX 4090,35,88.86,47,2612.1,24564.0,
2026-09-07T01:32:09.968676+00:00,05_smolvlm_size_lora,8,8,4.2,4.35,60.43,56.95,NVIDIA GeForce RTX 4090,35,88.85,33,2612.1,24564.0,
2026-09-07T01:32:19.979610+00:00,05_smolvlm_size_lora,8,8,4.2,4.35,60.43,56.95,NVIDIA GeForce RTX 4090,34,87.95,59,2612.1,24564.0,
2026-09-07T01:32:29.990798+00:00,05_smolvlm_size_lora,8,8,4.2,4.35,60.43,56.95,NVIDIA GeForce RTX 4090,35,90.31,47,2612.1,24564.0,
2026-09-07T01:32:40.002412+00:00,05_smolvlm_size_lora,8,8,1.1,4.31,60.43,56.95,NVIDIA GeForce RTX 4090,33,61.84,0,2158.1,24564.0,
2026-09-07T01:32:50.013466+00:00,05_smolvlm_size_lora,8,8,1.9,4.37,60.43,56.95,NVIDIA GeForce RTX 4090,35,88.65,49,3220.1,24564.0,
2026-09-07T01:33:00.024942+00:00,05_smolvlm_size_lora,8,8,4.2,4.37,60.43,56.95,NVIDIA GeForce RTX 4090,34,90.23,62,3220.1,24564.0,
2026-09-07T01:33:10.036316+00:00,05_smolvlm_size_lora,8,8,4.2,4.37,60.43,56.95,NVIDIA GeForce RTX 4090,34,88.41,35,3220.1,24564.0,
2026-09-07T01:33:20.047958+00:00,05_smolvlm_size_lora,9,9,3.5,3.4,60.43,56.95,NVIDIA GeForce RTX 4090,32,31.81,0,634.2,24564.0,
2026-09-07T01:33:30.059463+00:00,05_smolvlm_size_lora,9,9,4.1,4.34,60.43,56.95,NVIDIA GeForce RTX 4090,35,101.34,10,2615.6,24564.0,
2026-09-07T01:33:40.071004+00:00,05_smolvlm_size_lora,9,9,4.2,4.3,60.43,56.95,NVIDIA GeForce RTX 4090,35,103.45,28,2615.6,24564.0,
2026-09-07T01:33:50.082257+00:00,05_smolvlm_size_lora,9,9,4.2,4.34,60.43,56.95,NVIDIA GeForce RTX 4090,37,99.11,40,2615.6,24564.0,
2026-09-07T01:34:00.094202+00:00,05_smolvlm_size_lora,9,9,4.2,4.35,60.43,56.95,NVIDIA GeForce RTX 4090,35,103.33,60,2615.6,24564.0,
2026-09-07T01:34:10.105040+00:00,05_smolvlm_size_lora,9,9,4.2,4.31,60.43,56.95,NVIDIA GeForce RTX 4090,34,100.78,45,2617.6,24564.0,
2026-09-07T01:34:20.116049+00:00,05_smolvlm_size_lora,9,9,4.2,4.31,60.43,56.95,NVIDIA GeForce RTX 4090,35,102.47,18,2617.6,24564.0,
2026-09-07T01:34:30.126831+00:00,05_smolvlm_size_lora,9,9,4.2,4.31,60.43,56.95,NVIDIA GeForce RTX 4090,35,102.36,45,2617.6,24564.0,
2026-09-07T01:34:40.137932+00:00,05_smolvlm_size_lora,9,9,4.2,4.28,60.43,56.95,NVIDIA GeForce RTX 4090,36,99.7,14,2617.6,24564.0,
2026-09-07T01:34:50.149502+00:00,05_smolvlm_size_lora,9,9,4.2,4.27,60.43,56.95,NVIDIA GeForce RTX 4090,35,102.71,55,2617.6,24564.0,
2026-09-07T01:35:00.160454+00:00,05_smolvlm_size_lora,9,9,4.2,4.3,60.43,56.95,NVIDIA GeForce RTX 4090,36,101.06,41,2617.6,24564.0,
2026-09-07T01:35:10.171943+00:00,05_smolvlm_size_lora,9,9,4.2,4.28,60.43,56.95,NVIDIA GeForce RTX 4090,35,98.07,19,2617.6,24564.0,
2026-09-07T01:35:20.182793+00:00,05_smolvlm_size_lora,9,9,4.2,4.3,60.43,56.95,NVIDIA GeForce RTX 4090,35,99.09,34,2617.6,24564.0,
2026-09-07T01:35:30.193489+00:00,05_smolvlm_size_lora,9,9,4.2,4.33,60.43,56.95,NVIDIA GeForce RTX 4090,35,101.42,11,2617.6,24564.0,
2026-09-07T01:35:40.204525+00:00,05_smolvlm_size_lora,9,9,4.2,4.33,60.43,56.95,NVIDIA GeForce RTX 4090,35,101.36,32,2617.6,24564.0,
2026-09-07T01:35:50.215630+00:00,05_smolvlm_size_lora,9,9,4.2,4.31,60.43,56.95,NVIDIA GeForce RTX 4090,36,99.48,37,2617.6,24564.0,
2026-09-07T01:36:00.226441+00:00,05_smolvlm_size_lora,9,9,4.2,4.31,60.43,56.95,NVIDIA GeForce RTX 4090,35,103.36,21,2617.6,24564.0,
2026-09-07T01:36:10.237422+00:00,05_smolvlm_size_lora,9,9,4.2,4.32,60.43,56.95,NVIDIA GeForce RTX 4090,36,100.86,19,2617.6,24564.0,
2026-09-07T01:36:20.248418+00:00,05_smolvlm_size_lora,9,9,4.2,4.32,60.43,56.95,NVIDIA GeForce RTX 4090,36,103.31,24,2617.6,24564.0,
2026-09-07T01:36:30.259278+00:00,05_smolvlm_size_lora,9,9,4.2,4.29,60.43,56.95,NVIDIA GeForce RTX 4090,36,103.44,4,2617.6,24564.0,
2026-09-07T01:36:40.270974+00:00,05_smolvlm_size_lora,9,9,4.2,4.34,60.43,56.95,NVIDIA GeForce RTX 4090,35,89.11,27,2617.6,24564.0,
2026-09-07T01:36:50.281950+00:00,05_smolvlm_size_lora,9,9,4.2,4.36,60.43,56.95,NVIDIA GeForce RTX 4090,35,89.73,60,2617.6,24564.0,
2026-09-07T01:37:00.292870+00:00,05_smolvlm_size_lora,9,9,4.2,4.34,60.43,56.95,NVIDIA GeForce RTX 4090,35,88.74,29,2617.6,24564.0,
2026-09-07T01:37:10.304813+00:00,05_smolvlm_size_lora,9,9,4.0,4.33,60.43,56.95,NVIDIA GeForce RTX 4090,34,81.72,41,2617.6,24564.0,
2026-09-07T01:37:20.315360+00:00,05_smolvlm_size_lora,9,9,4.2,4.35,60.43,56.93,NVIDIA GeForce RTX 4090,37,103.12,49,2617.6,24564.0,
2026-09-07T01:37:30.327370+00:00,05_smolvlm_size_lora,9,9,4.2,4.35,60.43,56.93,NVIDIA GeForce RTX 4090,35,99.11,11,2617.6,24564.0,
2026-09-07T01:37:40.338443+00:00,05_smolvlm_size_lora,9,9,4.2,4.34,60.43,56.93,NVIDIA GeForce RTX 4090,35,100.5,24,2617.6,24564.0,
2026-09-07T01:37:50.349732+00:00,05_smolvlm_size_lora,9,9,4.2,4.36,60.43,56.93,NVIDIA GeForce RTX 4090,36,103.39,64,2617.6,24564.0,
2026-09-07T01:38:00.360870+00:00,05_smolvlm_size_lora,9,9,4.2,4.34,60.43,56.93,NVIDIA GeForce RTX 4090,35,98.28,26,2617.6,24564.0,
2026-09-07T01:38:10.371780+00:00,05_smolvlm_size_lora,9,9,4.2,4.34,60.43,56.93,NVIDIA GeForce RTX 4090,35,101.28,23,2617.6,24564.0,
2026-09-07T01:38:20.382990+00:00,05_smolvlm_size_lora,9,9,4.2,4.34,60.43,56.93,NVIDIA GeForce RTX 4090,36,99.32,51,2617.6,24564.0,
2026-09-07T01:38:30.393827+00:00,05_smolvlm_size_lora,9,9,4.2,4.34,60.43,56.93,NVIDIA GeForce RTX 4090,35,102.33,9,2617.6,24564.0,
2026-09-07T01:38:40.404446+00:00,05_smolvlm_size_lora,9,9,4.2,4.34,60.43,56.93,NVIDIA GeForce RTX 4090,36,99.95,10,2617.6,24564.0,
2026-09-07T01:38:50.415378+00:00,05_smolvlm_size_lora,9,9,4.2,4.34,60.43,56.93,NVIDIA GeForce RTX 4090,35,102.58,18,2617.6,24564.0,
2026-09-07T01:39:00.426060+00:00,05_smolvlm_size_lora,9,9,4.2,4.34,60.43,56.93,NVIDIA GeForce RTX 4090,36,102.28,49,2617.6,24564.0,
2026-09-07T01:39:10.437328+00:00,05_smolvlm_size_lora,9,9,4.2,4.33,60.43,56.93,NVIDIA GeForce RTX 4090,36,98.24,63,2617.6,24564.0,
2026-09-07T01:39:20.448197+00:00,05_smolvlm_size_lora,9,9,4.2,4.33,60.43,56.93,NVIDIA GeForce RTX 4090,36,101.58,47,2617.6,24564.0,
2026-09-07T01:39:30.459013+00:00,05_smolvlm_size_lora,9,9,4.2,4.34,60.43,56.93,NVIDIA GeForce RTX 4090,37,101.42,37,2617.6,24564.0,
2026-09-07T01:39:40.470162+00:00,05_smolvlm_size_lora,9,9,4.2,4.34,60.43,56.93,NVIDIA GeForce RTX 4090,36,99.83,24,2617.6,24564.0,
2026-09-07T01:39:50.481637+00:00,05_smolvlm_size_lora,9,9,4.2,4.34,60.43,56.93,NVIDIA GeForce RTX 4090,36,102.53,70,2617.6,24564.0,
2026-09-07T01:40:00.492581+00:00,05_smolvlm_size_lora,9,9,4.2,4.34,60.43,56.93,NVIDIA GeForce RTX 4090,36,101.15,23,2617.6,24564.0,
2026-09-07T01:40:10.503521+00:00,05_smolvlm_size_lora,9,9,4.2,4.34,60.43,56.93,NVIDIA GeForce RTX 4090,36,102.06,6,2617.6,24564.0,
2026-09-07T01:40:20.514466+00:00,05_smolvlm_size_lora,9,9,4.2,4.33,60.43,56.93,NVIDIA GeForce RTX 4090,36,100.2,3,2617.6,24564.0,
2026-09-07T01:40:30.525645+00:00,05_smolvlm_size_lora,9,9,4.2,4.33,60.43,56.93,NVIDIA GeForce RTX 4090,35,88.63,29,2617.6,24564.0,
2026-09-07T01:40:40.536757+00:00,05_smolvlm_size_lora,9,9,4.2,4.33,60.43,56.93,NVIDIA GeForce RTX 4090,35,88.4,40,2617.6,24564.0,
2026-09-07T01:40:50.547642+00:00,05_smolvlm_size_lora,9,9,4.2,4.33,60.43,56.93,NVIDIA GeForce RTX 4090,35,87.88,35,2617.6,24564.0,
2026-09-07T01:41:00.558750+00:00,05_smolvlm_size_lora,9,9,4.0,4.34,60.43,56.93,NVIDIA GeForce RTX 4090,34,82.65,58,2617.6,24564.0,
2026-09-07T01:41:10.569659+00:00,05_smolvlm_size_lora,9,9,4.2,4.34,60.43,56.93,NVIDIA GeForce RTX 4090,36,99.41,23,2617.6,24564.0,
2026-09-07T01:41:20.580773+00:00,05_smolvlm_size_lora,9,9,4.2,4.34,60.43,56.93,NVIDIA GeForce RTX 4090,36,99.32,23,2617.6,24564.0,
2026-09-07T01:41:30.591685+00:00,05_smolvlm_size_lora,9,9,4.2,4.34,60.43,56.93,NVIDIA GeForce RTX 4090,36,103.11,46,2617.6,24564.0,
2026-09-07T01:41:40.602757+00:00,05_smolvlm_size_lora,9,9,4.2,4.34,60.43,56.93,NVIDIA GeForce RTX 4090,36,98.65,50,2617.6,24564.0,
2026-09-07T01:41:50.613426+00:00,05_smolvlm_size_lora,9,9,4.2,4.33,60.43,56.93,NVIDIA GeForce RTX 4090,36,100.36,41,2617.6,24564.0,
2026-09-07T01:42:00.624701+00:00,05_smolvlm_size_lora,9,9,4.2,4.34,60.43,56.93,NVIDIA GeForce RTX 4090,37,98.66,45,2617.6,24564.0,
2026-09-07T01:42:10.635650+00:00,05_smolvlm_size_lora,9,9,4.2,4.34,60.43,56.93,NVIDIA GeForce RTX 4090,36,99.03,63,2617.6,24564.0,
2026-09-07T01:42:20.646312+00:00,05_smolvlm_size_lora,9,9,4.2,4.34,60.43,56.93,NVIDIA GeForce RTX 4090,36,101.5,31,2617.6,24564.0,
2026-09-07T01:42:30.657289+00:00,05_smolvlm_size_lora,9,9,4.2,4.34,60.43,56.93,NVIDIA GeForce RTX 4090,36,102.44,61,2617.6,24564.0,
2026-09-07T01:42:40.668102+00:00,05_smolvlm_size_lora,9,9,4.2,4.32,60.43,56.93,NVIDIA GeForce RTX 4090,36,99.37,24,2617.6,24564.0,
2026-09-07T01:42:50.679045+00:00,05_smolvlm_size_lora,9,9,4.2,4.34,60.43,56.93,NVIDIA GeForce RTX 4090,36,101.18,55,2617.6,24564.0,
2026-09-07T01:43:00.689840+00:00,05_smolvlm_size_lora,9,9,4.2,4.34,60.43,56.93,NVIDIA GeForce RTX 4090,35,99.92,46,2617.6,24564.0,
2026-09-07T01:43:10.703294+00:00,05_smolvlm_size_lora,9,9,4.2,4.34,60.43,56.93,NVIDIA GeForce RTX 4090,35,99.68,34,2617.6,24564.0,
2026-09-07T01:43:20.715829+00:00,05_smolvlm_size_lora,9,9,4.2,4.34,60.43,56.93,NVIDIA GeForce RTX 4090,35,100.83,21,2617.6,24564.0,
2026-09-07T01:43:30.727023+00:00,05_smolvlm_size_lora,9,9,4.2,4.33,60.43,56.93,NVIDIA GeForce RTX 4090,36,103.24,34,2617.6,24564.0,
2026-09-07T01:43:40.737924+00:00,05_smolvlm_size_lora,9,9,4.2,4.33,60.43,56.93,NVIDIA GeForce RTX 4090,35,102.54,53,2617.6,24564.0,
2026-09-07T01:43:50.750878+00:00,05_smolvlm_size_lora,9,9,4.2,4.33,60.43,56.93,NVIDIA GeForce RTX 4090,36,101.65,18,2617.6,24564.0,
2026-09-07T01:44:00.762550+00:00,05_smolvlm_size_lora,9,9,4.2,4.33,60.43,56.93,NVIDIA GeForce RTX 4090,36,102.89,15,2617.6,24564.0,
2026-09-07T01:44:10.773865+00:00,05_smolvlm_size_lora,9,9,4.2,4.35,60.43,56.93,NVIDIA GeForce RTX 4090,35,98.95,38,2617.6,24564.0,
2026-09-07T01:44:20.784916+00:00,05_smolvlm_size_lora,9,9,4.2,4.32,60.43,56.93,NVIDIA GeForce RTX 4090,36,87.19,66,2617.6,24564.0,
2026-09-07T01:44:30.795895+00:00,05_smolvlm_size_lora,9,9,4.2,4.32,60.43,56.93,NVIDIA GeForce RTX 4090,35,89.81,28,2617.6,24564.0,
2026-09-07T01:44:40.806874+00:00,05_smolvlm_size_lora,9,9,4.2,4.32,60.43,56.93,NVIDIA GeForce RTX 4090,35,89.47,29,2617.6,24564.0,
2026-09-07T01:44:50.818058+00:00,05_smolvlm_size_lora,9,9,4.2,4.33,60.43,56.93,NVIDIA GeForce RTX 4090,36,97.92,35,2617.6,24564.0,
2026-09-07T01:45:00.829207+00:00,05_smolvlm_size_lora,9,9,4.2,4.33,60.43,56.93,NVIDIA GeForce RTX 4090,36,100.47,53,2612.1,24564.0,
2026-09-07T01:45:10.840038+00:00,05_smolvlm_size_lora,9,9,4.2,4.32,60.43,56.93,NVIDIA GeForce RTX 4090,36,100.66,46,2612.1,24564.0,
2026-09-07T01:45:20.851376+00:00,05_smolvlm_size_lora,9,9,4.2,4.34,60.43,56.93,NVIDIA GeForce RTX 4090,35,102.95,45,2612.1,24564.0,
2026-09-07T01:45:30.862350+00:00,05_smolvlm_size_lora,9,9,4.2,4.34,60.43,56.93,NVIDIA GeForce RTX 4090,36,100.59,9,2612.1,24564.0,
2026-09-07T01:45:40.873479+00:00,05_smolvlm_size_lora,9,9,4.2,4.32,60.43,56.93,NVIDIA GeForce RTX 4090,36,104.05,23,2612.1,24564.0,
2026-09-07T01:45:50.884342+00:00,05_smolvlm_size_lora,9,9,4.2,4.38,60.43,56.93,NVIDIA GeForce RTX 4090,36,99.31,39,2612.1,24564.0,
2026-09-07T01:46:00.895359+00:00,05_smolvlm_size_lora,9,9,4.2,4.42,60.43,56.93,NVIDIA GeForce RTX 4090,35,101.34,0,2612.1,24564.0,
2026-09-07T01:46:10.906385+00:00,05_smolvlm_size_lora,9,9,4.2,4.42,60.43,56.93,NVIDIA GeForce RTX 4090,36,101.38,32,2612.1,24564.0,
2026-09-07T01:46:20.917410+00:00,05_smolvlm_size_lora,9,9,4.2,4.43,60.43,56.93,NVIDIA GeForce RTX 4090,35,100.07,58,2612.1,24564.0,
2026-09-07T01:46:30.930092+00:00,05_smolvlm_size_lora,9,9,4.2,4.42,60.43,56.93,NVIDIA GeForce RTX 4090,36,100.5,5,2612.1,24564.0,
2026-09-07T01:46:40.941496+00:00,05_smolvlm_size_lora,9,9,4.2,4.41,60.43,56.93,NVIDIA GeForce RTX 4090,35,103.76,68,2612.1,24564.0,
2026-09-07T01:46:50.952423+00:00,05_smolvlm_size_lora,9,9,4.2,4.39,60.43,56.93,NVIDIA GeForce RTX 4090,36,99.47,49,2612.1,24564.0,
2026-09-07T01:47:00.963430+00:00,05_smolvlm_size_lora,9,9,4.2,4.36,60.43,56.93,NVIDIA GeForce RTX 4090,36,100.31,54,2612.1,24564.0,
2026-09-07T01:47:10.974421+00:00,05_smolvlm_size_lora,9,9,4.2,4.36,60.43,56.93,NVIDIA GeForce RTX 4090,35,103.38,69,2612.1,24564.0,
2026-09-07T01:47:20.985375+00:00,05_smolvlm_size_lora,9,9,4.2,4.38,60.43,56.93,NVIDIA GeForce RTX 4090,35,101.61,40,2612.1,24564.0,
2026-09-07T01:47:30.996199+00:00,05_smolvlm_size_lora,9,9,4.2,4.34,60.43,56.93,NVIDIA GeForce RTX 4090,35,99.25,60,2612.1,24564.0,
2026-09-07T01:47:41.007125+00:00,05_smolvlm_size_lora,9,9,4.2,4.35,60.43,56.93,NVIDIA GeForce RTX 4090,35,100.99,65,2612.1,24564.0,
2026-09-07T01:47:51.018289+00:00,05_smolvlm_size_lora,9,9,4.2,4.35,60.43,56.93,NVIDIA GeForce RTX 4090,36,99.25,52,2612.1,24564.0,
2026-09-07T01:48:01.029450+00:00,05_smolvlm_size_lora,9,9,4.2,4.43,60.43,56.93,NVIDIA GeForce RTX 4090,36,103.39,22,2612.1,24564.0,
2026-09-07T01:48:11.040658+00:00,05_smolvlm_size_lora,9,9,4.2,4.42,60.43,56.93,NVIDIA GeForce RTX 4090,35,87.91,57,2612.1,24564.0,
2026-09-07T01:48:21.051952+00:00,05_smolvlm_size_lora,9,9,4.2,4.42,60.43,56.93,NVIDIA GeForce RTX 4090,35,90.13,38,2617.6,24564.0,
2026-09-07T01:48:31.063007+00:00,05_smolvlm_size_lora,9,9,4.2,4.37,60.43,56.93,NVIDIA GeForce RTX 4090,35,89.61,29,2617.6,24564.0,
2026-09-07T01:48:41.074171+00:00,05_smolvlm_size_lora,9,9,3.7,4.34,60.43,56.93,NVIDIA GeForce RTX 4090,34,65.3,0,2617.6,24564.0,
2026-09-07T01:48:51.085507+00:00,05_smolvlm_size_lora,9,9,0.0,4.3,60.43,56.93,NVIDIA GeForce RTX 4090,33,60.41,0,2617.6,24564.0,
2026-09-07T01:49:01.096462+00:00,05_smolvlm_size_lora,9,9,4.0,4.38,60.43,56.93,NVIDIA GeForce RTX 4090,36,98.9,35,2617.6,24564.0,
2026-09-07T01:49:11.109627+00:00,05_smolvlm_size_lora,9,9,4.2,4.38,60.43,56.93,NVIDIA GeForce RTX 4090,34,100.3,30,2617.6,24564.0,
2026-09-07T01:49:21.120668+00:00,05_smolvlm_size_lora,9,9,4.2,4.37,60.43,56.93,NVIDIA GeForce RTX 4090,35,102.9,52,2617.6,24564.0,
2026-09-07T01:49:31.131574+00:00,05_smolvlm_size_lora,9,9,4.2,4.37,60.43,56.93,NVIDIA GeForce RTX 4090,35,101.36,12,2617.6,24564.0,
2026-09-07T01:49:41.142752+00:00,05_smolvlm_size_lora,9,9,4.2,4.34,60.43,56.93,NVIDIA GeForce RTX 4090,36,97.84,57,2617.6,24564.0,
2026-09-07T01:49:51.153829+00:00,05_smolvlm_size_lora,9,9,4.2,4.35,60.43,56.93,NVIDIA GeForce RTX 4090,36,98.23,25,2617.6,24564.0,
2026-09-07T01:50:01.165659+00:00,05_smolvlm_size_lora,9,9,4.2,4.34,60.43,56.93,NVIDIA GeForce RTX 4090,35,96.7,12,2617.6,24564.0,
2026-09-07T01:50:11.177153+00:00,05_smolvlm_size_lora,9,9,4.2,4.36,60.43,56.93,NVIDIA GeForce RTX 4090,35,103.84,1,2617.6,24564.0,
2026-09-07T01:50:21.188175+00:00,05_smolvlm_size_lora,9,9,4.2,4.34,60.43,56.93,NVIDIA GeForce RTX 4090,36,101.08,58,2617.6,24564.0,
2026-09-07T01:50:31.199490+00:00,05_smolvlm_size_lora,9,9,4.2,4.35,60.43,56.93,NVIDIA GeForce RTX 4090,35,97.74,25,2617.6,24564.0,
2026-09-07T01:50:41.212863+00:00,05_smolvlm_size_lora,9,9,4.2,4.37,60.43,56.93,NVIDIA GeForce RTX 4090,35,100.9,36,2617.6,24564.0,
2026-09-07T01:50:51.223937+00:00,05_smolvlm_size_lora,9,9,4.2,4.35,60.43,56.93,NVIDIA GeForce RTX 4090,35,102.75,10,2617.6,24564.0,
2026-09-07T01:51:01.235822+00:00,05_smolvlm_size_lora,9,9,4.2,4.33,60.43,56.93,NVIDIA GeForce RTX 4090,36,102.8,26,2617.6,24564.0,
2026-09-07T01:51:11.247945+00:00,05_smolvlm_size_lora,9,9,4.2,4.35,60.43,56.93,NVIDIA GeForce RTX 4090,36,102.86,11,2617.6,24564.0,
2026-09-07T01:51:21.259073+00:00,05_smolvlm_size_lora,9,9,4.2,4.38,60.43,56.93,NVIDIA GeForce RTX 4090,35,97.5,49,2617.6,24564.0,
2026-09-07T01:51:31.270437+00:00,05_smolvlm_size_lora,9,9,4.2,4.39,60.43,56.93,NVIDIA GeForce RTX 4090,36,98.34,32,2617.6,24564.0,
2026-09-07T01:51:41.283108+00:00,05_smolvlm_size_lora,9,9,4.2,4.34,60.43,56.93,NVIDIA GeForce RTX 4090,35,101.96,25,2617.6,24564.0,
2026-09-07T01:51:51.294061+00:00,05_smolvlm_size_lora,9,9,4.2,4.35,60.43,56.93,NVIDIA GeForce RTX 4090,37,102.5,47,2617.6,24564.0,
2026-09-07T01:52:01.305024+00:00,05_smolvlm_size_lora,9,9,4.2,4.34,60.43,56.93,NVIDIA GeForce RTX 4090,36,102.89,42,2617.6,24564.0,
2026-09-07T01:52:11.317043+00:00,05_smolvlm_size_lora,9,9,4.2,4.35,60.43,56.93,NVIDIA GeForce RTX 4090,35,88.0,40,2617.6,24564.0,
2026-09-07T01:52:21.328170+00:00,05_smolvlm_size_lora,9,9,4.2,4.34,60.43,56.93,NVIDIA GeForce RTX 4090,35,88.57,32,2617.6,24564.0,
2026-09-07T01:52:31.339116+00:00,05_smolvlm_size_lora,9,9,4.2,4.35,60.43,56.93,NVIDIA GeForce RTX 4090,35,89.07,58,2617.6,24564.0,
2026-09-07T01:52:41.351316+00:00,05_smolvlm_size_lora,9,9,4.2,4.4,60.43,56.93,NVIDIA GeForce RTX 4090,35,89.02,38,2617.6,24564.0,
2026-09-07T01:52:51.362452+00:00,05_smolvlm_size_lora,9,9,4.2,4.39,60.43,56.93,NVIDIA GeForce RTX 4090,36,102.08,40,2617.6,24564.0,
2026-09-07T01:53:01.373547+00:00,05_smolvlm_size_lora,9,9,4.2,4.35,60.43,56.93,NVIDIA GeForce RTX 4090,36,100.4,46,2617.6,24564.0,
2026-09-07T01:53:11.384457+00:00,05_smolvlm_size_lora,9,9,4.2,4.37,60.43,56.93,NVIDIA GeForce RTX 4090,36,100.81,24,2617.6,24564.0,
2026-09-07T01:53:21.397289+00:00,05_smolvlm_size_lora,9,9,4.2,4.42,60.43,56.93,NVIDIA GeForce RTX 4090,35,103.12,2,2617.6,24564.0,
2026-09-07T01:53:31.408159+00:00,05_smolvlm_size_lora,9,9,4.2,4.4,60.43,56.93,NVIDIA GeForce RTX 4090,35,99.82,37,2617.6,24564.0,
2026-09-07T01:53:41.419161+00:00,05_smolvlm_size_lora,9,9,4.2,4.37,60.43,56.93,NVIDIA GeForce RTX 4090,35,101.61,16,2617.6,24564.0,
2026-09-07T01:53:51.429900+00:00,05_smolvlm_size_lora,9,9,4.2,4.4,60.43,56.93,NVIDIA GeForce RTX 4090,35,101.27,38,2617.6,24564.0,
2026-09-07T01:54:01.440983+00:00,05_smolvlm_size_lora,9,9,4.2,4.38,60.43,56.93,NVIDIA GeForce RTX 4090,35,100.36,40,2617.6,24564.0,
2026-09-07T01:54:11.452795+00:00,05_smolvlm_size_lora,9,9,4.2,4.36,60.43,56.93,NVIDIA GeForce RTX 4090,36,99.42,43,2617.6,24564.0,
2026-09-07T01:54:21.463695+00:00,05_smolvlm_size_lora,9,9,4.2,4.39,60.43,56.93,NVIDIA GeForce RTX 4090,35,101.1,48,2617.6,24564.0,
2026-09-07T01:54:31.474903+00:00,05_smolvlm_size_lora,9,9,4.2,4.38,60.43,56.93,NVIDIA GeForce RTX 4090,36,99.14,18,2617.6,24564.0,
2026-09-07T01:54:41.488681+00:00,05_smolvlm_size_lora,9,9,4.2,4.38,60.43,56.93,NVIDIA GeForce RTX 4090,36,100.47,40,2617.6,24564.0,
2026-09-07T01:54:51.499637+00:00,05_smolvlm_size_lora,9,9,4.2,4.38,60.43,56.93,NVIDIA GeForce RTX 4090,36,99.75,31,2617.6,24564.0,
2026-09-07T01:55:01.510653+00:00,05_smolvlm_size_lora,9,9,4.2,4.39,60.43,56.93,NVIDIA GeForce RTX 4090,35,99.0,31,2617.6,24564.0,
2026-09-07T01:55:11.521342+00:00,05_smolvlm_size_lora,9,9,4.2,4.37,60.43,56.93,NVIDIA GeForce RTX 4090,36,102.58,0,2617.6,24564.0,
2026-09-07T01:55:21.532575+00:00,05_smolvlm_size_lora,9,9,4.2,4.42,60.43,56.93,NVIDIA GeForce RTX 4090,36,99.46,26,2617.6,24564.0,
2026-09-07T01:55:31.543680+00:00,05_smolvlm_size_lora,9,9,4.2,4.41,60.43,56.93,NVIDIA GeForce RTX 4090,36,99.69,9,2617.6,24564.0,
2026-09-07T01:55:41.556067+00:00,05_smolvlm_size_lora,9,9,4.2,4.37,60.43,56.93,NVIDIA GeForce RTX 4090,35,99.19,19,2617.6,24564.0,
2026-09-07T01:55:51.569509+00:00,05_smolvlm_size_lora,9,9,4.2,4.39,60.43,56.93,NVIDIA GeForce RTX 4090,36,102.74,48,2617.6,24564.0,
2026-09-07T01:56:01.580924+00:00,05_smolvlm_size_lora,9,9,4.2,4.38,60.43,56.93,NVIDIA GeForce RTX 4090,35,87.84,57,2612.1,24564.0,
2026-09-07T01:56:11.592419+00:00,05_smolvlm_size_lora,9,9,4.2,4.35,60.43,56.93,NVIDIA GeForce RTX 4090,35,87.42,64,2612.1,24564.0,
2026-09-07T01:56:21.603523+00:00,05_smolvlm_size_lora,9,9,4.2,4.39,60.43,56.93,NVIDIA GeForce RTX 4090,36,87.89,56,2612.1,24564.0,
2026-09-07T01:56:31.614796+00:00,05_smolvlm_size_lora,9,9,4.2,4.36,60.43,56.93,NVIDIA GeForce RTX 4090,35,88.16,39,2612.1,24564.0,
2026-09-07T01:56:41.626049+00:00,05_smolvlm_size_lora,9,9,3.4,4.39,60.43,56.93,NVIDIA GeForce RTX 4090,35,90.26,45,3220.1,24564.0,
2026-09-07T01:56:51.636761+00:00,05_smolvlm_size_lora,9,9,4.2,4.39,60.43,56.93,NVIDIA GeForce RTX 4090,34,90.14,37,3220.1,24564.0,
2026-09-07T01:57:01.648016+00:00,05_smolvlm_size_lora,9,9,4.2,4.38,60.43,56.93,NVIDIA GeForce RTX 4090,34,90.38,31,3220.1,24564.0,
2026-09-07T01:57:11.659221+00:00,06_smolvlm_size_full,0,0,3.4,4.26,60.43,56.93,NVIDIA GeForce RTX 4090,35,101.3,25,6150.1,24564.0,
2026-09-07T01:57:21.670252+00:00,06_smolvlm_size_full,0,0,4.2,4.29,60.43,56.93,NVIDIA GeForce RTX 4090,35,108.17,26,6150.1,24564.0,
2026-09-07T01:57:31.682470+00:00,06_smolvlm_size_full,0,0,4.2,4.28,60.43,56.93,NVIDIA GeForce RTX 4090,37,107.57,22,6150.1,24564.0,
2026-09-07T01:57:41.694753+00:00,06_smolvlm_size_full,0,0,4.2,4.26,60.43,56.93,NVIDIA GeForce RTX 4090,35,107.47,46,6150.1,24564.0,
2026-09-07T01:57:51.707209+00:00,06_smolvlm_size_full,0,0,4.2,4.29,60.43,56.93,NVIDIA GeForce RTX 4090,36,105.56,31,6152.1,24564.0,
2026-09-07T01:58:01.721038+00:00,06_smolvlm_size_full,0,0,4.2,4.26,60.43,56.93,NVIDIA GeForce RTX 4090,36,102.53,3,6152.1,24564.0,
2026-09-07T01:58:11.733955+00:00,06_smolvlm_size_full,0,0,4.2,4.26,60.43,56.93,NVIDIA GeForce RTX 4090,35,108.72,52,6152.1,24564.0,
2026-09-07T01:58:21.744831+00:00,06_smolvlm_size_full,0,0,4.2,4.25,60.43,56.93,NVIDIA GeForce RTX 4090,36,105.41,50,6152.1,24564.0,
2026-09-07T01:58:31.757807+00:00,06_smolvlm_size_full,0,0,4.2,4.33,60.43,56.93,NVIDIA GeForce RTX 4090,35,107.39,41,6152.1,24564.0,
2026-09-07T01:58:41.769543+00:00,06_smolvlm_size_full,0,0,4.2,4.33,60.43,56.93,NVIDIA GeForce RTX 4090,36,103.67,0,6152.1,24564.0,
2026-09-07T01:58:51.782098+00:00,06_smolvlm_size_full,0,0,4.2,4.3,60.43,56.93,NVIDIA GeForce RTX 4090,36,106.91,40,6152.1,24564.0,
2026-09-07T01:59:01.793568+00:00,06_smolvlm_size_full,0,0,4.2,4.31,60.43,56.93,NVIDIA GeForce RTX 4090,36,102.85,21,6152.1,24564.0,
2026-09-07T01:59:11.805045+00:00,06_smolvlm_size_full,0,0,4.2,4.31,60.43,56.93,NVIDIA GeForce RTX 4090,36,109.03,28,6152.1,24564.0,
2026-09-07T01:59:21.817815+00:00,06_smolvlm_size_full,0,0,4.2,4.26,60.43,56.93,NVIDIA GeForce RTX 4090,37,108.6,47,6152.1,24564.0,
2026-09-07T01:59:31.828775+00:00,06_smolvlm_size_full,0,0,4.2,4.29,60.43,56.93,NVIDIA GeForce RTX 4090,36,107.66,44,6152.1,24564.0,
2026-09-07T01:59:41.839876+00:00,06_smolvlm_size_full,0,0,4.2,4.29,60.43,56.93,NVIDIA GeForce RTX 4090,37,104.28,46,6152.1,24564.0,
2026-09-07T01:59:51.851687+00:00,06_smolvlm_size_full,0,0,4.2,4.34,60.43,56.93,NVIDIA GeForce RTX 4090,36,100.74,42,6152.1,24564.0,
2026-09-07T02:00:01.862750+00:00,06_smolvlm_size_full,0,0,4.2,4.3,60.43,56.93,NVIDIA GeForce RTX 4090,36,92.81,45,6152.1,24564.0,
2026-09-07T02:00:11.874197+00:00,06_smolvlm_size_full,0,0,4.2,4.31,60.43,56.93,NVIDIA GeForce RTX 4090,35,95.08,36,6152.1,24564.0,
2026-09-07T02:00:21.885024+00:00,06_smolvlm_size_full,0,0,4.2,4.67,60.43,55.98,NVIDIA GeForce RTX 4090,37,109.66,41,6152.1,24564.0,
2026-09-07T02:00:31.897224+00:00,06_smolvlm_size_full,0,0,4.2,4.64,60.43,55.98,NVIDIA GeForce RTX 4090,35,109.77,44,6152.1,24564.0,
2026-09-07T02:00:41.908390+00:00,06_smolvlm_size_full,0,0,4.2,4.59,60.43,55.98,NVIDIA GeForce RTX 4090,36,111.28,47,6152.1,24564.0,
2026-09-07T02:00:51.919328+00:00,06_smolvlm_size_full,0,0,4.2,4.56,60.43,55.98,NVIDIA GeForce RTX 4090,35,112.36,36,6152.1,24564.0,
2026-09-07T02:01:01.930495+00:00,06_smolvlm_size_full,0,0,4.2,4.52,60.43,55.98,NVIDIA GeForce RTX 4090,36,111.39,47,6152.1,24564.0,
2026-09-07T02:01:11.941449+00:00,06_smolvlm_size_full,0,0,4.2,4.48,60.43,55.98,NVIDIA GeForce RTX 4090,36,109.87,66,6152.1,24564.0,
2026-09-07T02:01:21.953602+00:00,06_smolvlm_size_full,0,0,4.2,4.47,60.43,55.98,NVIDIA GeForce RTX 4090,36,110.06,47,6152.1,24564.0,
2026-09-07T02:01:31.965048+00:00,06_smolvlm_size_full,0,0,4.2,4.47,60.43,55.98,NVIDIA GeForce RTX 4090,37,111.2,23,6152.1,24564.0,
2026-09-07T02:01:41.977941+00:00,06_smolvlm_size_full,0,0,4.2,4.47,60.43,55.98,NVIDIA GeForce RTX 4090,36,110.79,40,6152.1,24564.0,
2026-09-07T02:01:51.989237+00:00,06_smolvlm_size_full,0,0,4.2,4.46,60.43,55.98,NVIDIA GeForce RTX 4090,37,110.54,26,6152.1,24564.0,
2026-09-07T02:02:02.001185+00:00,06_smolvlm_size_full,0,0,4.2,4.47,60.43,55.98,NVIDIA GeForce RTX 4090,36,109.07,44,6152.1,24564.0,
2026-09-07T02:02:12.012886+00:00,06_smolvlm_size_full,0,0,4.2,4.47,60.43,55.98,NVIDIA GeForce RTX 4090,36,111.31,47,6152.1,24564.0,
2026-09-07T02:02:22.026194+00:00,06_smolvlm_size_full,0,0,4.2,4.47,60.43,55.98,NVIDIA GeForce RTX 4090,36,111.02,46,6152.1,24564.0,
2026-09-07T02:02:32.037273+00:00,06_smolvlm_size_full,0,0,4.2,4.47,60.43,55.98,NVIDIA GeForce RTX 4090,36,111.43,47,6152.1,24564.0,
2026-09-07T02:02:42.048126+00:00,06_smolvlm_size_full,0,0,4.2,4.47,60.43,55.98,NVIDIA GeForce RTX 4090,38,109.03,16,6152.1,24564.0,
2026-09-07T02:02:52.059507+00:00,06_smolvlm_size_full,0,0,4.2,4.47,60.43,55.98,NVIDIA GeForce RTX 4090,37,93.56,36,6152.1,24564.0,
2026-09-07T02:03:02.071023+00:00,06_smolvlm_size_full,0,0,4.2,4.47,60.43,55.98,NVIDIA GeForce RTX 4090,36,92.93,36,6152.1,24564.0,
2026-09-07T02:03:12.082168+00:00,06_smolvlm_size_full,0,0,4.1,4.55,60.43,55.98,NVIDIA GeForce RTX 4090,35,68.12,0,6152.1,24564.0,
2026-09-07T02:03:22.096165+00:00,06_smolvlm_size_full,0,0,4.2,4.49,60.43,55.98,NVIDIA GeForce RTX 4090,37,111.43,79,6152.1,24564.0,
2026-09-07T02:03:32.107273+00:00,06_smolvlm_size_full,0,0,4.2,4.47,60.43,55.98,NVIDIA GeForce RTX 4090,36,112.27,32,6152.1,24564.0,
2026-09-07T02:03:42.118179+00:00,06_smolvlm_size_full,0,0,4.2,4.47,60.43,55.98,NVIDIA GeForce RTX 4090,38,109.0,35,6152.1,24564.0,
2026-09-07T02:03:52.129277+00:00,06_smolvlm_size_full,0,0,4.2,4.47,60.43,55.98,NVIDIA GeForce RTX 4090,36,105.15,25,6152.1,24564.0,
2026-09-07T02:04:02.144298+00:00,06_smolvlm_size_full,0,0,4.2,4.47,60.43,55.98,NVIDIA GeForce RTX 4090,36,109.18,9,6152.1,24564.0,
2026-09-07T02:04:12.155907+00:00,06_smolvlm_size_full,0,0,4.2,4.47,60.43,55.98,NVIDIA GeForce RTX 4090,36,110.36,15,6152.1,24564.0,
2026-09-07T02:04:22.167059+00:00,06_smolvlm_size_full,0,0,4.2,4.47,60.43,55.98,NVIDIA GeForce RTX 4090,37,111.2,29,6152.1,24564.0,
2026-09-07T02:04:32.178047+00:00,06_smolvlm_size_full,0,0,4.2,4.47,60.43,55.98,NVIDIA GeForce RTX 4090,38,115.42,33,6152.1,24564.0,
2026-09-07T02:04:42.189216+00:00,06_smolvlm_size_full,0,0,4.2,4.47,60.43,55.98,NVIDIA GeForce RTX 4090,37,111.61,40,6152.1,24564.0,
2026-09-07T02:04:52.200221+00:00,06_smolvlm_size_full,0,0,4.2,4.47,60.43,55.98,NVIDIA GeForce RTX 4090,36,108.64,25,6152.1,24564.0,
2026-09-07T02:05:02.212140+00:00,06_smolvlm_size_full,0,0,4.2,4.47,60.43,55.98,NVIDIA GeForce RTX 4090,37,109.96,29,6152.1,24564.0,
2026-09-07T02:05:12.225115+00:00,06_smolvlm_size_full,0,0,4.2,4.47,60.43,55.98,NVIDIA GeForce RTX 4090,37,110.5,32,6152.1,24564.0,
2026-09-07T02:05:22.236339+00:00,06_smolvlm_size_full,0,0,4.2,4.47,60.43,55.98,NVIDIA GeForce RTX 4090,37,104.98,38,6152.1,24564.0,
2026-09-07T02:05:32.250037+00:00,06_smolvlm_size_full,0,0,4.2,4.47,60.43,55.98,NVIDIA GeForce RTX 4090,37,112.0,0,6152.1,24564.0,
2026-09-07T02:05:42.262824+00:00,06_smolvlm_size_full,0,0,4.2,4.47,60.43,55.98,NVIDIA GeForce RTX 4090,38,112.14,42,6152.1,24564.0,
2026-09-07T02:05:52.273877+00:00,06_smolvlm_size_full,0,0,4.2,4.47,60.43,55.98,NVIDIA GeForce RTX 4090,36,94.54,39,6152.1,24564.0,
2026-09-07T02:06:02.284750+00:00,06_smolvlm_size_full,0,0,4.2,4.47,60.43,55.98,NVIDIA GeForce RTX 4090,36,96.04,38,6152.1,24564.0,
2026-09-07T02:06:12.297423+00:00,06_smolvlm_size_full,0,0,4.2,4.47,60.43,55.98,NVIDIA GeForce RTX 4090,36,110.86,45,6152.1,24564.0,
2026-09-07T02:06:22.308444+00:00,06_smolvlm_size_full,0,0,4.2,4.47,60.43,55.98,NVIDIA GeForce RTX 4090,38,108.81,7,6152.1,24564.0,
2026-09-07T02:06:32.319495+00:00,06_smolvlm_size_full,0,0,4.2,4.47,60.43,55.98,NVIDIA GeForce RTX 4090,36,108.49,63,6152.1,24564.0,
2026-09-07T02:06:42.331268+00:00,06_smolvlm_size_full,0,0,4.2,4.47,60.43,55.98,NVIDIA GeForce RTX 4090,37,110.14,36,6152.1,24564.0,
2026-09-07T02:06:52.342124+00:00,06_smolvlm_size_full,0,0,4.2,4.47,60.43,55.98,NVIDIA GeForce RTX 4090,37,109.25,4,6152.1,24564.0,
2026-09-07T02:07:02.353847+00:00,06_smolvlm_size_full,0,0,4.2,4.47,60.43,55.98,NVIDIA GeForce RTX 4090,37,108.74,15,6152.1,24564.0,
2026-09-07T02:07:12.365264+00:00,06_smolvlm_size_full,0,0,4.2,4.47,60.43,55.98,NVIDIA GeForce RTX 4090,37,113.51,40,6152.1,24564.0,
2026-09-07T02:07:22.376552+00:00,06_smolvlm_size_full,0,0,4.2,4.47,60.43,55.98,NVIDIA GeForce RTX 4090,37,109.5,34,6152.1,24564.0,
2026-09-07T02:07:32.388689+00:00,06_smolvlm_size_full,0,0,4.2,4.47,60.43,55.98,NVIDIA GeForce RTX 4090,38,108.79,14,6152.1,24564.0,
2026-09-07T02:07:42.400211+00:00,06_smolvlm_size_full,0,0,4.2,4.47,60.43,55.98,NVIDIA GeForce RTX 4090,37,108.22,44,6152.1,24564.0,
2026-09-07T02:07:52.411432+00:00,06_smolvlm_size_full,0,0,4.2,4.47,60.43,55.98,NVIDIA GeForce RTX 4090,37,109.73,41,6152.1,24564.0,
2026-09-07T02:08:02.422745+00:00,06_smolvlm_size_full,0,0,4.2,4.47,60.43,55.98,NVIDIA GeForce RTX 4090,39,112.86,39,6152.1,24564.0,
2026-09-07T02:08:12.433763+00:00,06_smolvlm_size_full,0,0,4.2,4.47,60.43,55.98,NVIDIA GeForce RTX 4090,38,114.04,28,6152.1,24564.0,
2026-09-07T02:08:22.444196+00:00,06_smolvlm_size_full,0,0,4.2,4.47,60.43,55.98,NVIDIA GeForce RTX 4090,36,109.18,15,6152.1,24564.0,
2026-09-07T02:08:32.455522+00:00,06_smolvlm_size_full,0,0,4.2,4.47,60.43,55.98,NVIDIA GeForce RTX 4090,37,102.0,18,6152.1,24564.0,
2026-09-07T02:08:42.466657+00:00,06_smolvlm_size_full,0,0,4.2,4.47,60.43,55.98,NVIDIA GeForce RTX 4090,37,94.09,36,6152.1,24564.0,
2026-09-07T02:08:52.477432+00:00,06_smolvlm_size_full,0,0,4.2,4.47,60.43,55.98,NVIDIA GeForce RTX 4090,36,95.14,35,6152.1,24564.0,
2026-09-07T02:09:02.489084+00:00,06_smolvlm_size_full,0,0,4.2,4.47,60.43,55.98,NVIDIA GeForce RTX 4090,36,94.85,36,6152.1,24564.0,
2026-09-07T02:09:12.500505+00:00,06_smolvlm_size_full,0,0,4.2,4.47,60.43,55.98,NVIDIA GeForce RTX 4090,36,111.85,34,6152.1,24564.0,
2026-09-07T02:09:22.511401+00:00,06_smolvlm_size_full,0,0,4.2,4.47,60.43,55.98,NVIDIA GeForce RTX 4090,37,113.49,47,6152.1,24564.0,
2026-09-07T02:09:32.522485+00:00,06_smolvlm_size_full,0,0,4.2,4.47,60.43,55.98,NVIDIA GeForce RTX 4090,37,108.75,29,6152.1,24564.0,
2026-09-07T02:09:42.534933+00:00,06_smolvlm_size_full,0,0,4.2,4.47,60.43,55.98,NVIDIA GeForce RTX 4090,36,107.91,20,6152.1,24564.0,
2026-09-07T02:09:52.546077+00:00,06_smolvlm_size_full,0,0,4.2,4.47,60.43,55.98,NVIDIA GeForce RTX 4090,38,114.68,34,6152.1,24564.0,
2026-09-07T02:10:02.557166+00:00,06_smolvlm_size_full,0,0,4.2,4.47,60.43,55.98,NVIDIA GeForce RTX 4090,36,104.4,35,6152.1,24564.0,
2026-09-07T02:10:12.577112+00:00,06_smolvlm_size_full,0,0,4.2,4.47,60.43,55.98,NVIDIA GeForce RTX 4090,37,107.8,34,6152.1,24564.0,
2026-09-07T02:10:22.588096+00:00,06_smolvlm_size_full,0,0,4.2,4.47,60.43,55.98,NVIDIA GeForce RTX 4090,37,108.26,31,6152.1,24564.0,
2026-09-07T02:10:32.600071+00:00,06_smolvlm_size_full,0,0,4.2,4.47,60.43,55.98,NVIDIA GeForce RTX 4090,37,108.89,47,6152.1,24564.0,
2026-09-07T02:10:42.612284+00:00,06_smolvlm_size_full,0,0,4.2,4.47,60.43,55.98,NVIDIA GeForce RTX 4090,37,108.53,41,6152.1,24564.0,
2026-09-07T02:10:52.623980+00:00,06_smolvlm_size_full,0,0,4.2,4.47,60.43,55.98,NVIDIA GeForce RTX 4090,37,108.35,56,6152.1,24564.0,
2026-09-07T02:11:02.635800+00:00,06_smolvlm_size_full,0,0,4.2,4.47,60.43,55.98,NVIDIA GeForce RTX 4090,37,109.14,44,6152.1,24564.0,
2026-09-07T02:11:12.647237+00:00,06_smolvlm_size_full,0,0,4.2,4.47,60.43,55.98,NVIDIA GeForce RTX 4090,37,112.39,47,6152.1,24564.0,
2026-09-07T02:11:22.658169+00:00,06_smolvlm_size_full,0,0,4.2,4.47,60.43,55.98,NVIDIA GeForce RTX 4090,38,108.47,28,6152.1,24564.0,
2026-09-07T02:11:32.669287+00:00,06_smolvlm_size_full,0,0,4.2,4.47,60.43,55.98,NVIDIA GeForce RTX 4090,36,110.73,46,6152.1,24564.0,
2026-09-07T02:11:42.682866+00:00,06_smolvlm_size_full,0,0,4.2,4.47,60.43,55.98,NVIDIA GeForce RTX 4090,36,94.59,36,6152.1,24564.0,
2026-09-07T02:11:52.693985+00:00,06_smolvlm_size_full,0,0,4.2,4.47,60.43,55.98,NVIDIA GeForce RTX 4090,36,93.09,35,6152.1,24564.0,
2026-09-07T02:12:02.704797+00:00,06_smolvlm_size_full,0,0,4.2,4.47,60.43,55.98,NVIDIA GeForce RTX 4090,38,107.87,34,6152.1,24564.0,
2026-09-07T02:12:12.716425+00:00,06_smolvlm_size_full,0,0,4.2,4.47,60.43,55.98,NVIDIA GeForce RTX 4090,37,108.18,34,6152.1,24564.0,
2026-09-07T02:12:22.728267+00:00,06_smolvlm_size_full,0,0,4.2,4.47,60.43,55.98,NVIDIA GeForce RTX 4090,38,114.4,47,6152.1,24564.0,
2026-09-07T02:12:32.739364+00:00,06_smolvlm_size_full,0,0,4.2,4.47,60.43,55.98,NVIDIA GeForce RTX 4090,36,108.08,18,6152.1,24564.0,
2026-09-07T02:12:42.750472+00:00,06_smolvlm_size_full,0,0,4.2,4.47,60.43,55.98,NVIDIA GeForce RTX 4090,37,110.63,28,6152.1,24564.0,
2026-09-07T02:12:52.762334+00:00,06_smolvlm_size_full,0,0,4.2,4.47,60.43,55.98,NVIDIA GeForce RTX 4090,36,108.53,11,6152.1,24564.0,
2026-09-07T02:13:02.773880+00:00,06_smolvlm_size_full,0,0,4.2,4.47,60.43,55.98,NVIDIA GeForce RTX 4090,38,108.57,36,6152.1,24564.0,
2026-09-07T02:13:12.785377+00:00,06_smolvlm_size_full,0,0,4.2,4.47,60.43,55.98,NVIDIA GeForce RTX 4090,37,112.28,53,6152.1,24564.0,
2026-09-07T02:13:22.796485+00:00,06_smolvlm_size_full,0,0,4.2,4.47,60.43,55.98,NVIDIA GeForce RTX 4090,36,108.63,34,6152.1,24564.0,
2026-09-07T02:13:32.807520+00:00,06_smolvlm_size_full,0,0,4.2,4.47,60.43,55.98,NVIDIA GeForce RTX 4090,36,108.76,19,6152.1,24564.0,
2026-09-07T02:13:42.818653+00:00,06_smolvlm_size_full,0,0,4.2,4.47,60.43,55.98,NVIDIA GeForce RTX 4090,36,108.83,15,6152.1,24564.0,
2026-09-07T02:13:52.831142+00:00,06_smolvlm_size_full,0,0,4.2,4.47,60.43,55.98,NVIDIA GeForce RTX 4090,37,107.97,45,6152.1,24564.0,
2026-09-07T02:14:02.842135+00:00,06_smolvlm_size_full,0,0,4.2,4.47,60.43,55.98,NVIDIA GeForce RTX 4090,37,108.63,52,6152.1,24564.0,
2026-09-07T02:14:12.853248+00:00,06_smolvlm_size_full,0,0,4.2,4.47,60.43,55.98,NVIDIA GeForce RTX 4090,36,110.38,53,6152.1,24564.0,
2026-09-07T02:14:22.864806+00:00,06_smolvlm_size_full,0,0,4.2,4.47,60.43,55.98,NVIDIA GeForce RTX 4090,37,109.69,53,6152.1,24564.0,
2026-09-07T02:14:32.876026+00:00,06_smolvlm_size_full,0,0,4.2,4.47,60.43,55.98,NVIDIA GeForce RTX 4090,36,95.48,40,6152.1,24564.0,
2026-09-07T02:14:42.887717+00:00,06_smolvlm_size_full,0,0,4.2,4.47,60.43,55.98,NVIDIA GeForce RTX 4090,36,95.42,39,6152.1,24564.0,
2026-09-07T02:14:52.899222+00:00,06_smolvlm_size_full,0,0,4.2,4.47,60.43,55.98,NVIDIA GeForce RTX 4090,36,96.2,47,6152.1,24564.0,
2026-09-07T02:15:02.910578+00:00,06_smolvlm_size_full,0,0,4.2,4.47,60.43,55.98,NVIDIA GeForce RTX 4090,35,93.8,36,5308.1,24564.0,
2026-09-07T02:15:12.921605+00:00,06_smolvlm_size_full,0,0,4.2,4.47,60.43,55.98,NVIDIA GeForce RTX 4090,36,94.97,41,5308.1,24564.0,
2026-09-07T02:15:22.932620+00:00,06_smolvlm_size_full,1,1,3.4,4.27,60.43,55.98,NVIDIA GeForce RTX 4090,38,109.03,19,6150.1,24564.0,
2026-09-07T02:15:32.943951+00:00,06_smolvlm_size_full,1,1,4.2,4.26,60.43,55.98,NVIDIA GeForce RTX 4090,37,107.85,22,6152.1,24564.0,
2026-09-07T02:15:42.955532+00:00,06_smolvlm_size_full,1,1,4.2,4.27,60.43,55.98,NVIDIA GeForce RTX 4090,35,108.88,50,6152.1,24564.0,
2026-09-07T02:15:52.966629+00:00,06_smolvlm_size_full,1,1,4.2,4.31,60.43,55.98,NVIDIA GeForce RTX 4090,37,110.88,34,6152.1,24564.0,
2026-09-07T02:16:02.978021+00:00,06_smolvlm_size_full,1,1,4.2,4.29,60.43,55.98,NVIDIA GeForce RTX 4090,37,103.53,21,6152.1,24564.0,
2026-09-07T02:16:12.997212+00:00,06_smolvlm_size_full,1,1,4.2,4.3,60.43,55.98,NVIDIA GeForce RTX 4090,36,105.87,39,6152.1,24564.0,
2026-09-07T02:16:23.008719+00:00,06_smolvlm_size_full,1,1,4.2,4.26,60.43,55.98,NVIDIA GeForce RTX 4090,37,108.37,23,6152.1,24564.0,
2026-09-07T02:16:33.019614+00:00,06_smolvlm_size_full,1,1,4.2,4.25,60.43,55.98,NVIDIA GeForce RTX 4090,37,104.11,36,6152.1,24564.0,
2026-09-07T02:16:43.030838+00:00,06_smolvlm_size_full,1,1,4.2,4.29,60.43,55.98,NVIDIA GeForce RTX 4090,36,104.58,30,6152.1,24564.0,
2026-09-07T02:16:53.041950+00:00,06_smolvlm_size_full,1,1,4.2,4.3,60.43,55.98,NVIDIA GeForce RTX 4090,38,112.75,19,6152.1,24564.0,
2026-09-07T02:17:03.053800+00:00,06_smolvlm_size_full,1,1,4.2,4.3,60.43,55.98,NVIDIA GeForce RTX 4090,37,108.11,47,6152.1,24564.0,
2026-09-07T02:17:13.064825+00:00,06_smolvlm_size_full,1,1,4.2,4.31,60.43,55.98,NVIDIA GeForce RTX 4090,36,107.9,24,6152.1,24564.0,
2026-09-07T02:17:23.076051+00:00,06_smolvlm_size_full,1,1,4.2,4.31,60.43,55.98,NVIDIA GeForce RTX 4090,38,105.7,18,6152.1,24564.0,
2026-09-07T02:17:33.089509+00:00,06_smolvlm_size_full,1,1,4.2,4.28,60.43,55.98,NVIDIA GeForce RTX 4090,36,115.35,28,6152.1,24564.0,
2026-09-07T02:17:43.100546+00:00,06_smolvlm_size_full,1,1,4.2,4.27,60.43,55.98,NVIDIA GeForce RTX 4090,38,111.64,59,6152.1,24564.0,
2026-09-07T02:17:53.111649+00:00,06_smolvlm_size_full,1,1,4.2,4.31,60.43,55.98,NVIDIA GeForce RTX 4090,36,105.37,30,6152.1,24564.0,
2026-09-07T02:18:03.122814+00:00,06_smolvlm_size_full,1,1,4.2,4.35,60.43,55.98,NVIDIA GeForce RTX 4090,36,94.14,36,6152.1,24564.0,
2026-09-07T02:18:13.134034+00:00,06_smolvlm_size_full,1,1,4.2,4.33,60.43,55.98,NVIDIA GeForce RTX 4090,35,92.58,39,6152.1,24564.0,
2026-09-07T02:18:23.145345+00:00,06_smolvlm_size_full,1,1,4.2,4.31,60.43,55.98,NVIDIA GeForce RTX 4090,35,95.45,43,6152.1,24564.0,
2026-09-07T02:18:33.156683+00:00,06_smolvlm_size_full,1,1,4.2,4.65,60.43,55.03,NVIDIA GeForce RTX 4090,38,112.26,27,6152.1,24564.0,
2026-09-07T02:18:43.168078+00:00,06_smolvlm_size_full,1,1,4.2,4.57,60.43,55.03,NVIDIA GeForce RTX 4090,37,112.18,34,6152.1,24564.0,
2026-09-07T02:18:53.181226+00:00,06_smolvlm_size_full,1,1,4.2,4.49,60.43,55.03,NVIDIA GeForce RTX 4090,36,108.23,14,6152.1,24564.0,
2026-09-07T02:19:03.194781+00:00,06_smolvlm_size_full,1,1,4.3,4.45,60.43,55.03,NVIDIA GeForce RTX 4090,37,112.2,20,6152.1,24564.0,
2026-09-07T02:19:13.208043+00:00,06_smolvlm_size_full,1,1,4.2,4.44,60.43,55.03,NVIDIA GeForce RTX 4090,37,112.24,34,6152.1,24564.0,
2026-09-07T02:19:23.219079+00:00,06_smolvlm_size_full,1,1,4.2,4.44,60.43,55.03,NVIDIA GeForce RTX 4090,36,108.56,38,6152.1,24564.0,
2026-09-07T02:19:33.231115+00:00,06_smolvlm_size_full,1,1,4.2,4.44,60.43,55.03,NVIDIA GeForce RTX 4090,37,108.45,13,6152.1,24564.0,
2026-09-07T02:19:43.242781+00:00,06_smolvlm_size_full,1,1,4.2,4.44,60.43,55.03,NVIDIA GeForce RTX 4090,36,111.26,40,6152.1,24564.0,
2026-09-07T02:19:53.253760+00:00,06_smolvlm_size_full,1,1,4.2,4.44,60.43,55.03,NVIDIA GeForce RTX 4090,38,108.58,21,6152.1,24564.0,
2026-09-07T02:20:03.265325+00:00,06_smolvlm_size_full,1,1,4.2,4.44,60.43,55.03,NVIDIA GeForce RTX 4090,36,109.45,47,6152.1,24564.0,
2026-09-07T02:20:13.276400+00:00,06_smolvlm_size_full,1,1,4.2,4.44,60.43,55.03,NVIDIA GeForce RTX 4090,36,109.83,44,6152.1,24564.0,
2026-09-07T02:20:23.287536+00:00,06_smolvlm_size_full,1,1,4.2,4.44,60.43,55.03,NVIDIA GeForce RTX 4090,37,109.76,19,6152.1,24564.0,
2026-09-07T02:20:33.301075+00:00,06_smolvlm_size_full,1,1,4.2,4.44,60.43,55.03,NVIDIA GeForce RTX 4090,38,111.58,17,6152.1,24564.0,
2026-09-07T02:20:43.312165+00:00,06_smolvlm_size_full,1,1,4.2,4.44,60.43,55.03,NVIDIA GeForce RTX 4090,36,111.09,47,6152.1,24564.0,
2026-09-07T02:20:53.323044+00:00,06_smolvlm_size_full,1,1,4.2,4.44,60.43,55.03,NVIDIA GeForce RTX 4090,37,108.7,71,6152.1,24564.0,
2026-09-07T02:21:03.335013+00:00,06_smolvlm_size_full,1,1,4.2,4.44,60.43,55.03,NVIDIA GeForce RTX 4090,36,95.6,42,6152.1,24564.0,
2026-09-07T02:21:13.346762+00:00,06_smolvlm_size_full,1,1,4.2,4.44,60.43,55.03,NVIDIA GeForce RTX 4090,36,94.49,42,6152.1,24564.0,
2026-09-07T02:21:23.358480+00:00,06_smolvlm_size_full,1,1,4.1,4.44,60.43,55.03,NVIDIA GeForce RTX 4090,36,108.52,15,6152.1,24564.0,
2026-09-07T02:21:33.370946+00:00,06_smolvlm_size_full,1,1,4.2,4.44,60.43,55.03,NVIDIA GeForce RTX 4090,37,115.33,32,6152.1,24564.0,
2026-09-07T02:21:43.382152+00:00,06_smolvlm_size_full,1,1,4.2,4.44,60.43,55.03,NVIDIA GeForce RTX 4090,37,109.39,33,6152.1,24564.0,
2026-09-07T02:21:53.394080+00:00,06_smolvlm_size_full,1,1,4.2,4.44,60.43,55.03,NVIDIA GeForce RTX 4090,36,107.78,37,6152.1,24564.0,
2026-09-07T02:22:03.412584+00:00,06_smolvlm_size_full,1,1,4.2,4.44,60.43,55.03,NVIDIA GeForce RTX 4090,36,108.32,23,6152.1,24564.0,
2026-09-07T02:22:13.423389+00:00,06_smolvlm_size_full,1,1,4.2,4.44,60.43,55.03,NVIDIA GeForce RTX 4090,36,109.2,24,6152.1,24564.0,
2026-09-07T02:22:23.434739+00:00,06_smolvlm_size_full,1,1,4.2,4.44,60.43,55.03,NVIDIA GeForce RTX 4090,36,111.4,33,6152.1,24564.0,
2026-09-07T02:22:33.446198+00:00,06_smolvlm_size_full,1,1,4.2,4.44,60.43,55.03,NVIDIA GeForce RTX 4090,37,109.58,47,6152.1,24564.0,
2026-09-07T02:22:43.459645+00:00,06_smolvlm_size_full,1,1,4.2,4.44,60.43,55.03,NVIDIA GeForce RTX 4090,37,111.93,27,6152.1,24564.0,
2026-09-07T02:22:53.471500+00:00,06_smolvlm_size_full,1,1,4.2,4.44,60.43,55.03,NVIDIA GeForce RTX 4090,38,113.01,47,6152.1,24564.0,
2026-09-07T02:23:03.482464+00:00,06_smolvlm_size_full,1,1,4.2,4.44,60.43,55.03,NVIDIA GeForce RTX 4090,37,109.7,41,6152.1,24564.0,
2026-09-07T02:23:13.493552+00:00,06_smolvlm_size_full,1,1,4.2,4.44,60.43,55.03,NVIDIA GeForce RTX 4090,36,110.48,20,6152.1,24564.0,
2026-09-07T02:23:23.504732+00:00,06_smolvlm_size_full,1,1,4.2,4.44,60.43,55.03,NVIDIA GeForce RTX 4090,37,109.66,38,6152.1,24564.0,
2026-09-07T02:23:33.515853+00:00,06_smolvlm_size_full,1,1,4.2,4.44,60.43,55.03,NVIDIA GeForce RTX 4090,36,109.25,19,6152.1,24564.0,
2026-09-07T02:23:43.526884+00:00,06_smolvlm_size_full,1,1,4.2,4.44,60.43,55.03,NVIDIA GeForce RTX 4090,38,109.31,53,6152.1,24564.0,
2026-09-07T02:23:53.538723+00:00,06_smolvlm_size_full,1,1,4.2,4.44,60.43,55.03,NVIDIA GeForce RTX 4090,37,110.14,46,6152.1,24564.0,
2026-09-07T02:24:03.552689+00:00,06_smolvlm_size_full,1,1,4.2,4.43,60.43,55.03,NVIDIA GeForce RTX 4090,36,94.57,41,6152.1,24564.0,
2026-09-07T02:24:13.563627+00:00,06_smolvlm_size_full,1,1,4.2,4.43,60.43,55.03,NVIDIA GeForce RTX 4090,36,96.23,39,6152.1,24564.0,
2026-09-07T02:24:23.575373+00:00,06_smolvlm_size_full,1,1,4.2,4.43,60.43,55.03,NVIDIA GeForce RTX 4090,38,109.99,29,6152.1,24564.0,
2026-09-07T02:24:33.586172+00:00,06_smolvlm_size_full,1,1,4.2,4.43,60.43,55.03,NVIDIA GeForce RTX 4090,36,108.31,53,6152.1,24564.0,
2026-09-07T02:24:43.602705+00:00,06_smolvlm_size_full,1,1,4.2,4.43,60.43,55.03,NVIDIA GeForce RTX 4090,38,109.76,36,6152.1,24564.0,
2026-09-07T02:24:53.614672+00:00,06_smolvlm_size_full,1,1,4.2,4.43,60.43,55.03,NVIDIA GeForce RTX 4090,38,109.61,0,6152.1,24564.0,
2026-09-07T02:25:03.626350+00:00,06_smolvlm_size_full,1,1,4.2,4.43,60.43,55.03,NVIDIA GeForce RTX 4090,38,111.1,39,6152.1,24564.0,
2026-09-07T02:25:13.637317+00:00,06_smolvlm_size_full,1,1,4.2,4.43,60.43,55.03,NVIDIA GeForce RTX 4090,37,108.59,77,6152.1,24564.0,
2026-09-07T02:25:23.648879+00:00,06_smolvlm_size_full,1,1,4.2,4.43,60.43,55.03,NVIDIA GeForce RTX 4090,38,111.24,21,6152.1,24564.0,
2026-09-07T02:25:33.660086+00:00,06_smolvlm_size_full,1,1,4.2,4.43,60.43,55.03,NVIDIA GeForce RTX 4090,37,105.47,3,6152.1,24564.0,
2026-09-07T02:25:43.671117+00:00,06_smolvlm_size_full,1,1,4.2,4.43,60.43,55.03,NVIDIA GeForce RTX 4090,37,108.57,30,6152.1,24564.0,
2026-09-07T02:25:53.682164+00:00,06_smolvlm_size_full,1,1,4.2,4.43,60.43,55.03,NVIDIA GeForce RTX 4090,37,110.64,27,6152.1,24564.0,
2026-09-07T02:26:03.694439+00:00,06_smolvlm_size_full,1,1,4.2,4.43,60.43,55.03,NVIDIA GeForce RTX 4090,37,108.88,8,6152.1,24564.0,
2026-09-07T02:26:13.705797+00:00,06_smolvlm_size_full,1,1,4.2,4.43,60.43,55.03,NVIDIA GeForce RTX 4090,37,109.25,22,6152.1,24564.0,
2026-09-07T02:26:23.719660+00:00,06_smolvlm_size_full,1,1,4.2,4.43,60.43,55.03,NVIDIA GeForce RTX 4090,38,106.5,1,6152.1,24564.0,
2026-09-07T02:26:33.739892+00:00,06_smolvlm_size_full,1,1,4.2,4.43,60.43,55.03,NVIDIA GeForce RTX 4090,36,110.39,9,6152.1,24564.0,
2026-09-07T02:26:43.751407+00:00,06_smolvlm_size_full,1,1,4.2,4.43,60.43,55.03,NVIDIA GeForce RTX 4090,36,108.78,32,6152.1,24564.0,
2026-09-07T02:26:53.762714+00:00,06_smolvlm_size_full,1,1,4.2,4.43,60.43,55.03,NVIDIA GeForce RTX 4090,37,93.13,39,6152.1,24564.0,
2026-09-07T02:27:03.773879+00:00,06_smolvlm_size_full,1,1,4.2,4.43,60.43,55.03,NVIDIA GeForce RTX 4090,37,93.8,38,6152.1,24564.0,
2026-09-07T02:27:13.786231+00:00,06_smolvlm_size_full,1,1,4.2,4.43,60.43,55.03,NVIDIA GeForce RTX 4090,37,95.91,35,6152.1,24564.0,
2026-09-07T02:27:23.797374+00:00,06_smolvlm_size_full,1,1,4.2,4.43,60.43,55.03,NVIDIA GeForce RTX 4090,36,110.04,47,6152.1,24564.0,
2026-09-07T02:27:33.808966+00:00,06_smolvlm_size_full,1,1,4.2,4.43,60.43,55.03,NVIDIA GeForce RTX 4090,36,108.33,25,6152.1,24564.0,
2026-09-07T02:27:43.819842+00:00,06_smolvlm_size_full,1,1,4.2,4.43,60.43,55.03,NVIDIA GeForce RTX 4090,37,112.67,47,6152.1,24564.0,
2026-09-07T02:27:53.831272+00:00,06_smolvlm_size_full,1,1,4.2,4.43,60.43,55.03,NVIDIA GeForce RTX 4090,36,104.97,30,6152.1,24564.0,
2026-09-07T02:28:03.844055+00:00,06_smolvlm_size_full,1,1,4.2,4.43,60.43,55.03,NVIDIA GeForce RTX 4090,37,110.79,47,6152.1,24564.0,
2026-09-07T02:28:13.857199+00:00,06_smolvlm_size_full,1,1,4.2,4.43,60.43,55.03,NVIDIA GeForce RTX 4090,37,108.72,18,6152.1,24564.0,
2026-09-07T02:28:23.869431+00:00,06_smolvlm_size_full,1,1,4.2,4.43,60.43,55.03,NVIDIA GeForce RTX 4090,36,109.52,16,6152.1,24564.0,
2026-09-07T02:28:33.882341+00:00,06_smolvlm_size_full,1,1,4.2,4.43,60.43,55.03,NVIDIA GeForce RTX 4090,36,112.12,49,6152.1,24564.0,
2026-09-07T02:28:43.893781+00:00,06_smolvlm_size_full,1,1,4.2,4.43,60.43,55.03,NVIDIA GeForce RTX 4090,37,105.1,47,6152.1,24564.0,
2026-09-07T02:28:53.909871+00:00,06_smolvlm_size_full,1,1,4.2,4.43,60.43,55.03,NVIDIA GeForce RTX 4090,36,108.44,26,6152.1,24564.0,
2026-09-07T02:29:03.922306+00:00,06_smolvlm_size_full,1,1,4.2,4.43,60.43,55.03,NVIDIA GeForce RTX 4090,36,109.39,23,6152.1,24564.0,
2026-09-07T02:29:13.934122+00:00,06_smolvlm_size_full,1,1,4.2,4.43,60.43,55.03,NVIDIA GeForce RTX 4090,36,109.53,20,6152.1,24564.0,
2026-09-07T02:29:23.946856+00:00,06_smolvlm_size_full,1,1,4.2,4.43,60.43,55.03,NVIDIA GeForce RTX 4090,37,110.72,53,6152.1,24564.0,
2026-09-07T02:29:33.958052+00:00,06_smolvlm_size_full,1,1,4.2,4.43,60.43,55.03,NVIDIA GeForce RTX 4090,37,107.56,40,6152.1,24564.0,
2026-09-07T02:29:43.969111+00:00,06_smolvlm_size_full,1,1,4.2,4.43,60.43,55.03,NVIDIA GeForce RTX 4090,39,108.74,27,6152.1,24564.0,
2026-09-07T02:29:53.980623+00:00,06_smolvlm_size_full,1,1,4.2,4.43,60.43,55.03,NVIDIA GeForce RTX 4090,36,94.37,36,6152.1,24564.0,
2026-09-07T02:30:03.992137+00:00,06_smolvlm_size_full,1,1,4.2,4.43,60.43,55.03,NVIDIA GeForce RTX 4090,36,94.61,39,6152.1,24564.0,
2026-09-07T02:30:14.003560+00:00,06_smolvlm_size_full,1,1,4.1,4.43,60.43,55.03,NVIDIA GeForce RTX 4090,37,111.55,53,6152.1,24564.0,
2026-09-07T02:30:24.016990+00:00,06_smolvlm_size_full,1,1,4.2,4.43,60.43,55.03,NVIDIA GeForce RTX 4090,36,111.52,14,6152.1,24564.0,
2026-09-07T02:30:34.028064+00:00,06_smolvlm_size_full,1,1,4.2,4.43,60.43,55.03,NVIDIA GeForce RTX 4090,37,111.97,19,6152.1,24564.0,
2026-09-07T02:30:44.039196+00:00,06_smolvlm_size_full,1,1,4.2,4.43,60.43,55.03,NVIDIA GeForce RTX 4090,36,108.7,29,6152.1,24564.0,
2026-09-07T02:30:54.050783+00:00,06_smolvlm_size_full,1,1,4.2,4.43,60.43,55.03,NVIDIA GeForce RTX 4090,36,109.07,42,6152.1,24564.0,
2026-09-07T02:31:04.064084+00:00,06_smolvlm_size_full,1,1,4.2,4.43,60.43,55.03,NVIDIA GeForce RTX 4090,37,107.97,53,6152.1,24564.0,
2026-09-07T02:31:14.075188+00:00,06_smolvlm_size_full,1,1,4.2,4.43,60.43,55.03,NVIDIA GeForce RTX 4090,36,108.18,53,6152.1,24564.0,
2026-09-07T02:31:24.086298+00:00,06_smolvlm_size_full,1,1,4.2,4.43,60.43,55.03,NVIDIA GeForce RTX 4090,37,108.49,53,6152.1,24564.0,
2026-09-07T02:31:34.099182+00:00,06_smolvlm_size_full,1,1,4.2,4.43,60.43,55.03,NVIDIA GeForce RTX 4090,37,109.23,53,6152.1,24564.0,
2026-09-07T02:31:44.110296+00:00,06_smolvlm_size_full,1,1,4.2,4.43,60.43,55.03,NVIDIA GeForce RTX 4090,36,109.11,26,6152.1,24564.0,
2026-09-07T02:31:54.121328+00:00,06_smolvlm_size_full,1,1,4.2,4.43,60.43,55.03,NVIDIA GeForce RTX 4090,37,109.14,33,6152.1,24564.0,
2026-09-07T02:32:04.135154+00:00,06_smolvlm_size_full,1,1,4.2,4.43,60.43,55.03,NVIDIA GeForce RTX 4090,36,107.56,12,6152.1,24564.0,
2026-09-07T02:32:14.147565+00:00,06_smolvlm_size_full,1,1,4.2,4.43,60.43,55.03,NVIDIA GeForce RTX 4090,36,111.23,29,6152.1,24564.0,
2026-09-07T02:32:24.159599+00:00,06_smolvlm_size_full,1,1,4.2,4.43,60.43,55.03,NVIDIA GeForce RTX 4090,36,108.34,7,6152.1,24564.0,
2026-09-07T02:32:34.170988+00:00,06_smolvlm_size_full,1,1,4.2,4.43,60.43,55.03,NVIDIA GeForce RTX 4090,38,107.89,46,6152.1,24564.0,
2026-09-07T02:32:44.182244+00:00,06_smolvlm_size_full,1,1,4.2,4.43,60.43,55.03,NVIDIA GeForce RTX 4090,37,93.75,36,6152.1,24564.0,
2026-09-07T02:32:54.193644+00:00,06_smolvlm_size_full,1,1,4.2,4.43,60.43,55.03,NVIDIA GeForce RTX 4090,36,93.16,36,6152.1,24564.0,
2026-09-07T02:33:04.205100+00:00,06_smolvlm_size_full,1,1,4.2,4.43,60.43,55.03,NVIDIA GeForce RTX 4090,36,96.09,38,6152.1,24564.0,
2026-09-07T02:33:14.216433+00:00,06_smolvlm_size_full,1,1,4.2,4.44,60.43,55.03,NVIDIA GeForce RTX 4090,35,93.33,41,5308.1,24564.0,
2026-09-07T02:33:24.227729+00:00,06_smolvlm_size_full,1,1,4.2,4.44,60.43,55.03,NVIDIA GeForce RTX 4090,36,95.41,35,5308.1,24564.0,
2026-09-07T02:33:34.239109+00:00,06_smolvlm_size_full,2,2,3.4,4.26,60.43,55.03,NVIDIA GeForce RTX 4090,36,109.22,34,6150.1,24564.0,
2026-09-07T02:33:44.250668+00:00,06_smolvlm_size_full,2,2,4.2,4.27,60.43,55.03,NVIDIA GeForce RTX 4090,36,111.65,47,6152.1,24564.0,
2026-09-07T02:33:54.261481+00:00,06_smolvlm_size_full,2,2,4.2,4.26,60.43,55.03,NVIDIA GeForce RTX 4090,36,107.78,26,6152.1,24564.0,
2026-09-07T02:34:04.273414+00:00,06_smolvlm_size_full,2,2,4.2,4.24,60.43,55.03,NVIDIA GeForce RTX 4090,38,109.93,47,6152.1,24564.0,
2026-09-07T02:34:14.285381+00:00,06_smolvlm_size_full,2,2,4.2,4.24,60.43,55.03,NVIDIA GeForce RTX 4090,36,108.91,39,6152.1,24564.0,
2026-09-07T02:34:24.296609+00:00,06_smolvlm_size_full,2,2,4.2,4.24,60.43,55.03,NVIDIA GeForce RTX 4090,36,111.04,30,6152.1,24564.0,
2026-09-07T02:34:34.307626+00:00,06_smolvlm_size_full,2,2,4.2,4.24,60.43,55.03,NVIDIA GeForce RTX 4090,36,109.27,8,6152.1,24564.0,
2026-09-07T02:34:44.319360+00:00,06_smolvlm_size_full,2,2,4.2,4.24,60.43,55.03,NVIDIA GeForce RTX 4090,36,109.2,47,6152.1,24564.0,
2026-09-07T02:34:54.331631+00:00,06_smolvlm_size_full,2,2,4.2,4.24,60.43,55.03,NVIDIA GeForce RTX 4090,36,109.56,47,6152.1,24564.0,
2026-09-07T02:35:04.343153+00:00,06_smolvlm_size_full,2,2,4.2,4.24,60.43,55.03,NVIDIA GeForce RTX 4090,37,111.86,47,6152.1,24564.0,
2026-09-07T02:35:14.354226+00:00,06_smolvlm_size_full,2,2,4.2,4.24,60.43,55.03,NVIDIA GeForce RTX 4090,37,109.93,46,6152.1,24564.0,
2026-09-07T02:35:24.365231+00:00,06_smolvlm_size_full,2,2,4.2,4.24,60.43,55.03,NVIDIA GeForce RTX 4090,36,108.45,35,6152.1,24564.0,
2026-09-07T02:35:34.376908+00:00,06_smolvlm_size_full,2,2,4.2,4.24,60.43,55.03,NVIDIA GeForce RTX 4090,36,109.37,27,6152.1,24564.0,
2026-09-07T02:35:44.388272+00:00,06_smolvlm_size_full,2,2,4.2,4.24,60.43,55.03,NVIDIA GeForce RTX 4090,36,110.76,46,6152.1,24564.0,
2026-09-07T02:35:54.400053+00:00,06_smolvlm_size_full,2,2,4.2,4.24,60.43,55.03,NVIDIA GeForce RTX 4090,37,111.58,32,6152.1,24564.0,
2026-09-07T02:36:04.411106+00:00,06_smolvlm_size_full,2,2,4.2,4.31,60.43,55.03,NVIDIA GeForce RTX 4090,36,102.8,54,6152.1,24564.0,
2026-09-07T02:36:14.422556+00:00,06_smolvlm_size_full,2,2,4.2,4.3,60.43,55.03,NVIDIA GeForce RTX 4090,36,93.39,40,6152.1,24564.0,
2026-09-07T02:36:24.433704+00:00,06_smolvlm_size_full,2,2,4.2,4.3,60.43,55.03,NVIDIA GeForce RTX 4090,37,95.36,40,6152.1,24564.0,
2026-09-07T02:36:34.444953+00:00,06_smolvlm_size_full,2,2,4.2,4.66,60.43,54.08,NVIDIA GeForce RTX 4090,37,109.83,53,6152.1,24564.0,
2026-09-07T02:36:44.455954+00:00,06_smolvlm_size_full,2,2,4.2,4.56,60.43,54.08,NVIDIA GeForce RTX 4090,36,109.27,13,6152.1,24564.0,
2026-09-07T02:36:54.467015+00:00,06_smolvlm_size_full,2,2,4.2,4.53,60.43,54.08,NVIDIA GeForce RTX 4090,37,111.32,54,6152.1,24564.0,
2026-09-07T02:37:04.478498+00:00,06_smolvlm_size_full,2,2,4.2,4.46,60.43,54.08,NVIDIA GeForce RTX 4090,38,114.94,28,6152.1,24564.0,
2026-09-07T02:37:14.490073+00:00,06_smolvlm_size_full,2,2,4.2,4.43,60.43,54.08,NVIDIA GeForce RTX 4090,36,109.1,19,6152.1,24564.0,
2026-09-07T02:37:24.502049+00:00,06_smolvlm_size_full,2,2,4.2,4.43,60.43,54.08,NVIDIA GeForce RTX 4090,38,111.24,38,6152.1,24564.0,
2026-09-07T02:37:34.513161+00:00,06_smolvlm_size_full,2,2,4.2,4.43,60.43,54.08,NVIDIA GeForce RTX 4090,36,108.28,39,6152.1,24564.0,
2026-09-07T02:37:44.526739+00:00,06_smolvlm_size_full,2,2,4.2,4.43,60.43,54.08,NVIDIA GeForce RTX 4090,38,110.43,38,6152.1,24564.0,
2026-09-07T02:37:54.538048+00:00,06_smolvlm_size_full,2,2,4.2,4.43,60.43,54.08,NVIDIA GeForce RTX 4090,36,109.58,41,6152.1,24564.0,
2026-09-07T02:38:04.549253+00:00,06_smolvlm_size_full,2,2,4.2,4.43,60.43,54.08,NVIDIA GeForce RTX 4090,36,106.11,34,6152.1,24564.0,
2026-09-07T02:38:14.562047+00:00,06_smolvlm_size_full,2,2,4.2,4.43,60.43,54.08,NVIDIA GeForce RTX 4090,37,109.15,65,6152.1,24564.0,
2026-09-07T02:38:24.573437+00:00,06_smolvlm_size_full,2,2,4.2,4.43,60.43,54.08,NVIDIA GeForce RTX 4090,38,113.82,26,6152.1,24564.0,
2026-09-07T02:38:34.584530+00:00,06_smolvlm_size_full,2,2,4.2,4.43,60.43,54.08,NVIDIA GeForce RTX 4090,36,109.07,49,6152.1,24564.0,
2026-09-07T02:38:44.597430+00:00,06_smolvlm_size_full,2,2,4.2,4.43,60.43,54.08,NVIDIA GeForce RTX 4090,37,110.85,33,6152.1,24564.0,
2026-09-07T02:38:54.609743+00:00,06_smolvlm_size_full,2,2,4.2,4.43,60.43,54.08,NVIDIA GeForce RTX 4090,36,108.82,54,6152.1,24564.0,
2026-09-07T02:39:04.621358+00:00,06_smolvlm_size_full,2,2,4.2,4.43,60.43,54.08,NVIDIA GeForce RTX 4090,37,93.64,39,6152.1,24564.0,
2026-09-07T02:39:14.632239+00:00,06_smolvlm_size_full,2,2,4.2,4.43,60.43,54.08,NVIDIA GeForce RTX 4090,36,93.72,39,6152.1,24564.0,
2026-09-07T02:39:24.643939+00:00,06_smolvlm_size_full,2,2,4.1,5.55,60.43,54.08,NVIDIA GeForce RTX 4090,35,76.19,0,6152.1,24564.0,
2026-09-07T02:39:34.654862+00:00,06_smolvlm_size_full,2,2,4.2,4.46,60.43,54.08,NVIDIA GeForce RTX 4090,37,111.05,24,6152.1,24564.0,
2026-09-07T02:39:44.666923+00:00,06_smolvlm_size_full,2,2,4.2,4.45,60.43,54.08,NVIDIA GeForce RTX 4090,36,108.92,70,6152.1,24564.0,
2026-09-07T02:39:54.679664+00:00,06_smolvlm_size_full,2,2,4.2,4.44,60.43,54.08,NVIDIA GeForce RTX 4090,36,113.32,50,6152.1,24564.0,
2026-09-07T02:40:04.691898+00:00,06_smolvlm_size_full,2,2,4.2,4.43,60.43,54.08,NVIDIA GeForce RTX 4090,36,111.94,52,6152.1,24564.0,
2026-09-07T02:40:14.703714+00:00,06_smolvlm_size_full,2,2,4.2,4.43,60.43,54.08,NVIDIA GeForce RTX 4090,36,105.52,48,6152.1,24564.0,
2026-09-07T02:40:24.715392+00:00,06_smolvlm_size_full,2,2,4.2,4.43,60.43,54.08,NVIDIA GeForce RTX 4090,36,110.78,53,6152.1,24564.0,
2026-09-07T02:40:34.727010+00:00,06_smolvlm_size_full,2,2,4.2,4.43,60.43,54.08,NVIDIA GeForce RTX 4090,37,110.2,10,6152.1,24564.0,
2026-09-07T02:40:44.738587+00:00,06_smolvlm_size_full,2,2,4.2,4.43,60.43,54.08,NVIDIA GeForce RTX 4090,37,108.58,64,6152.1,24564.0,
2026-09-07T02:40:54.749937+00:00,06_smolvlm_size_full,2,2,4.2,4.43,60.43,54.08,NVIDIA GeForce RTX 4090,36,110.63,50,6152.1,24564.0,
2026-09-07T02:41:04.761126+00:00,06_smolvlm_size_full,2,2,4.2,4.43,60.43,54.08,NVIDIA GeForce RTX 4090,38,112.52,37,6152.1,24564.0,
2026-09-07T02:41:14.772892+00:00,06_smolvlm_size_full,2,2,4.2,4.43,60.43,54.08,NVIDIA GeForce RTX 4090,37,112.49,47,6152.1,24564.0,
2026-09-07T02:41:24.785073+00:00,06_smolvlm_size_full,2,2,4.2,4.43,60.43,54.08,NVIDIA GeForce RTX 4090,36,109.48,24,6152.1,24564.0,
2026-09-07T02:41:34.796133+00:00,06_smolvlm_size_full,2,2,4.2,4.43,60.43,54.08,NVIDIA GeForce RTX 4090,36,110.76,34,6152.1,24564.0,
2026-09-07T02:41:44.807732+00:00,06_smolvlm_size_full,2,2,4.2,4.43,60.43,54.08,NVIDIA GeForce RTX 4090,37,110.79,23,6152.1,24564.0,
2026-09-07T02:41:54.818934+00:00,06_smolvlm_size_full,2,2,4.2,4.43,60.43,54.08,NVIDIA GeForce RTX 4090,37,110.04,20,6152.1,24564.0,
2026-09-07T02:42:04.830055+00:00,06_smolvlm_size_full,2,2,4.2,4.43,60.43,54.08,NVIDIA GeForce RTX 4090,37,93.5,35,6152.1,24564.0,
2026-09-07T02:42:14.841407+00:00,06_smolvlm_size_full,2,2,4.2,4.43,60.43,54.08,NVIDIA GeForce RTX 4090,36,93.92,40,6152.1,24564.0,
2026-09-07T02:42:24.852895+00:00,06_smolvlm_size_full,2,2,4.1,4.5,60.43,54.08,NVIDIA GeForce RTX 4090,38,111.73,52,6152.1,24564.0,
2026-09-07T02:42:34.864908+00:00,06_smolvlm_size_full,2,2,4.2,4.45,60.43,54.08,NVIDIA GeForce RTX 4090,36,108.9,42,6152.1,24564.0,
2026-09-07T02:42:44.875876+00:00,06_smolvlm_size_full,2,2,4.2,4.43,60.43,54.08,NVIDIA GeForce RTX 4090,37,113.38,32,6152.1,24564.0,
2026-09-07T02:42:54.887133+00:00,06_smolvlm_size_full,2,2,4.2,4.43,60.43,54.08,NVIDIA GeForce RTX 4090,37,107.7,23,6152.1,24564.0,
2026-09-07T02:43:04.899657+00:00,06_smolvlm_size_full,2,2,4.2,4.43,60.43,54.08,NVIDIA GeForce RTX 4090,38,112.63,22,6152.1,24564.0,
2026-09-07T02:43:14.910762+00:00,06_smolvlm_size_full,2,2,4.2,4.43,60.43,54.08,NVIDIA GeForce RTX 4090,37,108.86,44,6152.1,24564.0,
2026-09-07T02:43:24.924563+00:00,06_smolvlm_size_full,2,2,4.2,4.43,60.43,54.08,NVIDIA GeForce RTX 4090,36,112.5,37,6152.1,24564.0,
2026-09-07T02:43:34.936531+00:00,06_smolvlm_size_full,2,2,4.2,4.43,60.43,54.08,NVIDIA GeForce RTX 4090,37,110.18,29,6152.1,24564.0,
2026-09-07T02:43:44.947328+00:00,06_smolvlm_size_full,2,2,4.2,4.43,60.43,54.08,NVIDIA GeForce RTX 4090,37,108.78,20,6152.1,24564.0,
2026-09-07T02:43:54.958856+00:00,06_smolvlm_size_full,2,2,4.2,4.43,60.43,54.08,NVIDIA GeForce RTX 4090,36,108.87,35,6152.1,24564.0,
2026-09-07T02:44:04.972110+00:00,06_smolvlm_size_full,2,2,4.2,4.43,60.43,54.08,NVIDIA GeForce RTX 4090,38,108.7,29,6152.1,24564.0,
2026-09-07T02:44:14.984814+00:00,06_smolvlm_size_full,2,2,4.2,4.43,60.43,54.08,NVIDIA GeForce RTX 4090,37,108.77,21,6152.1,24564.0,
2026-09-07T02:44:24.996143+00:00,06_smolvlm_size_full,2,2,4.2,4.43,60.43,54.08,NVIDIA GeForce RTX 4090,36,109.29,46,6152.1,24564.0,
2026-09-07T02:44:35.007828+00:00,06_smolvlm_size_full,2,2,4.2,4.43,60.43,54.08,NVIDIA GeForce RTX 4090,37,114.08,42,6152.1,24564.0,
2026-09-07T02:44:45.019428+00:00,06_smolvlm_size_full,2,2,4.2,4.43,60.43,54.08,NVIDIA GeForce RTX 4090,37,110.41,47,6152.1,24564.0,
2026-09-07T02:44:55.032024+00:00,06_smolvlm_size_full,2,2,4.2,4.43,60.43,54.08,NVIDIA GeForce RTX 4090,36,103.19,45,6152.1,24564.0,
2026-09-07T02:45:05.043537+00:00,06_smolvlm_size_full,2,2,4.2,4.43,60.43,54.08,NVIDIA GeForce RTX 4090,37,93.85,36,6152.1,24564.0,
2026-09-07T02:45:15.055462+00:00,06_smolvlm_size_full,2,2,4.2,4.43,60.43,54.08,NVIDIA GeForce RTX 4090,36,95.4,36,6152.1,24564.0,
2026-09-07T02:45:25.066398+00:00,06_smolvlm_size_full,2,2,4.1,4.46,60.43,54.08,NVIDIA GeForce RTX 4090,37,107.69,50,6152.1,24564.0,
2026-09-07T02:45:35.077366+00:00,06_smolvlm_size_full,2,2,4.2,4.44,60.43,54.08,NVIDIA GeForce RTX 4090,37,108.44,48,6152.1,24564.0,
2026-09-07T02:45:45.088454+00:00,06_smolvlm_size_full,2,2,4.2,4.43,60.43,54.08,NVIDIA GeForce RTX 4090,37,105.42,53,6152.1,24564.0,
2026-09-07T02:45:55.099329+00:00,06_smolvlm_size_full,2,2,4.2,4.43,60.43,54.08,NVIDIA GeForce RTX 4090,36,108.56,27,6152.1,24564.0,
2026-09-07T02:46:05.110475+00:00,06_smolvlm_size_full,2,2,4.2,4.43,60.43,54.08,NVIDIA GeForce RTX 4090,36,108.65,32,6152.1,24564.0,
2026-09-07T02:46:15.123931+00:00,06_smolvlm_size_full,2,2,4.2,4.43,60.43,54.08,NVIDIA GeForce RTX 4090,37,109.4,75,6152.1,24564.0,
2026-09-07T02:46:25.137727+00:00,06_smolvlm_size_full,2,2,4.2,4.43,60.43,54.08,NVIDIA GeForce RTX 4090,37,108.89,32,6152.1,24564.0,
2026-09-07T02:46:35.148741+00:00,06_smolvlm_size_full,2,2,4.2,4.43,60.43,54.08,NVIDIA GeForce RTX 4090,36,109.0,8,6152.1,24564.0,
2026-09-07T02:46:45.159791+00:00,06_smolvlm_size_full,2,2,4.2,4.43,60.43,54.08,NVIDIA GeForce RTX 4090,37,112.26,24,6152.1,24564.0,
2026-09-07T02:46:55.171141+00:00,06_smolvlm_size_full,2,2,4.2,4.43,60.43,54.08,NVIDIA GeForce RTX 4090,37,107.47,52,6152.1,24564.0,
2026-09-07T02:47:05.182127+00:00,06_smolvlm_size_full,2,2,4.2,4.43,60.43,54.08,NVIDIA GeForce RTX 4090,37,111.73,22,6152.1,24564.0,
2026-09-07T02:47:15.193109+00:00,06_smolvlm_size_full,2,2,4.2,4.43,60.43,54.08,NVIDIA GeForce RTX 4090,38,109.94,71,6152.1,24564.0,
2026-09-07T02:47:25.205324+00:00,06_smolvlm_size_full,2,2,4.2,4.43,60.43,54.08,NVIDIA GeForce RTX 4090,38,106.08,11,6152.1,24564.0,
2026-09-07T02:47:35.217259+00:00,06_smolvlm_size_full,2,2,4.2,4.43,60.43,54.08,NVIDIA GeForce RTX 4090,38,108.21,31,6152.1,24564.0,
2026-09-07T02:47:45.228947+00:00,06_smolvlm_size_full,2,2,4.2,4.43,60.43,54.08,NVIDIA GeForce RTX 4090,36,112.09,33,6152.1,24564.0,
2026-09-07T02:47:55.240042+00:00,06_smolvlm_size_full,2,2,4.2,4.43,60.43,54.08,NVIDIA GeForce RTX 4090,37,93.28,39,6152.1,24564.0,
2026-09-07T02:48:05.251449+00:00,06_smolvlm_size_full,2,2,4.2,4.43,60.43,54.08,NVIDIA GeForce RTX 4090,36,95.22,40,6152.1,24564.0,
2026-09-07T02:48:15.263050+00:00,06_smolvlm_size_full,2,2,4.2,4.43,60.43,54.08,NVIDIA GeForce RTX 4090,38,107.95,2,6152.1,24564.0,
2026-09-07T02:48:25.274108+00:00,06_smolvlm_size_full,2,2,4.2,4.43,60.43,54.08,NVIDIA GeForce RTX 4090,37,113.15,54,6152.1,24564.0,
2026-09-07T02:48:35.285101+00:00,06_smolvlm_size_full,2,2,4.2,4.43,60.43,54.08,NVIDIA GeForce RTX 4090,36,108.56,22,6152.1,24564.0,
2026-09-07T02:48:45.296972+00:00,06_smolvlm_size_full,2,2,4.2,4.43,60.43,54.08,NVIDIA GeForce RTX 4090,36,109.65,25,6152.1,24564.0,
2026-09-07T02:48:55.310453+00:00,06_smolvlm_size_full,2,2,4.2,4.43,60.43,54.08,NVIDIA GeForce RTX 4090,37,109.12,0,6152.1,24564.0,
2026-09-07T02:49:05.322081+00:00,06_smolvlm_size_full,2,2,4.2,4.43,60.43,54.08,NVIDIA GeForce RTX 4090,36,109.61,27,6152.1,24564.0,
2026-09-07T02:49:15.333201+00:00,06_smolvlm_size_full,2,2,4.2,4.43,60.43,54.08,NVIDIA GeForce RTX 4090,36,108.85,53,6152.1,24564.0,
2026-09-07T02:49:25.344173+00:00,06_smolvlm_size_full,2,2,4.2,4.43,60.43,54.08,NVIDIA GeForce RTX 4090,37,111.51,20,6152.1,24564.0,
2026-09-07T02:49:35.355238+00:00,06_smolvlm_size_full,2,2,4.2,4.43,60.43,54.08,NVIDIA GeForce RTX 4090,38,109.79,31,6152.1,24564.0,
2026-09-07T02:49:45.366754+00:00,06_smolvlm_size_full,2,2,4.2,4.43,60.43,54.08,NVIDIA GeForce RTX 4090,38,113.1,29,6152.1,24564.0,
2026-09-07T02:49:55.377850+00:00,06_smolvlm_size_full,2,2,4.2,4.43,60.43,54.08,NVIDIA GeForce RTX 4090,36,108.97,17,6152.1,24564.0,
2026-09-07T02:50:05.389249+00:00,06_smolvlm_size_full,2,2,4.2,4.43,60.43,54.08,NVIDIA GeForce RTX 4090,36,108.04,32,6152.1,24564.0,
2026-09-07T02:50:15.401099+00:00,06_smolvlm_size_full,2,2,4.2,4.43,60.43,54.08,NVIDIA GeForce RTX 4090,38,108.04,53,6152.1,24564.0,
2026-09-07T02:50:25.412967+00:00,06_smolvlm_size_full,2,2,4.2,4.43,60.43,54.08,NVIDIA GeForce RTX 4090,36,109.0,11,6152.1,24564.0,
2026-09-07T02:50:35.424481+00:00,06_smolvlm_size_full,2,2,4.2,4.43,60.43,54.08,NVIDIA GeForce RTX 4090,36,112.71,57,6152.1,24564.0,
2026-09-07T02:50:45.435764+00:00,06_smolvlm_size_full,2,2,4.2,4.43,60.43,54.08,NVIDIA GeForce RTX 4090,38,108.97,52,6152.1,24564.0,
2026-09-07T02:50:55.446761+00:00,06_smolvlm_size_full,2,2,4.2,4.43,60.43,54.08,NVIDIA GeForce RTX 4090,37,94.27,36,6152.1,24564.0,
2026-09-07T02:51:05.458257+00:00,06_smolvlm_size_full,2,2,4.2,4.43,60.43,54.08,NVIDIA GeForce RTX 4090,36,95.73,54,6152.1,24564.0,
2026-09-07T02:51:15.469195+00:00,06_smolvlm_size_full,2,2,4.2,4.44,60.43,54.08,NVIDIA GeForce RTX 4090,36,96.3,35,5308.1,24564.0,
2026-09-07T02:51:25.480632+00:00,06_smolvlm_size_full,2,2,4.2,4.44,60.43,54.08,NVIDIA GeForce RTX 4090,35,93.48,36,5308.1,24564.0,
2026-09-07T02:51:35.491844+00:00,06_smolvlm_size_full,3,3,3.3,4.15,60.43,54.08,NVIDIA GeForce RTX 4090,37,98.37,32,3536.1,24564.0,
2026-09-07T02:51:45.502989+00:00,06_smolvlm_size_full,3,3,4.2,4.29,60.43,54.08,NVIDIA GeForce RTX 4090,36,103.77,47,6150.1,24564.0,
2026-09-07T02:51:55.514445+00:00,06_smolvlm_size_full,3,3,4.2,4.28,60.43,54.08,NVIDIA GeForce RTX 4090,35,104.05,47,6150.1,24564.0,
2026-09-07T02:52:05.526496+00:00,06_smolvlm_size_full,3,3,4.2,4.29,60.43,54.08,NVIDIA GeForce RTX 4090,35,101.91,34,6150.1,24564.0,
2026-09-07T02:52:15.545062+00:00,06_smolvlm_size_full,3,3,4.2,4.26,60.43,54.08,NVIDIA GeForce RTX 4090,38,106.19,19,6152.1,24564.0,
2026-09-07T02:52:25.556542+00:00,06_smolvlm_size_full,3,3,4.2,4.26,60.43,54.08,NVIDIA GeForce RTX 4090,36,106.5,37,6152.1,24564.0,
2026-09-07T02:52:35.570113+00:00,06_smolvlm_size_full,3,3,4.2,4.31,60.43,54.08,NVIDIA GeForce RTX 4090,37,108.33,4,6152.1,24564.0,
2026-09-07T02:52:45.581610+00:00,06_smolvlm_size_full,3,3,4.2,4.29,60.43,54.08,NVIDIA GeForce RTX 4090,37,102.7,20,6152.1,24564.0,
2026-09-07T02:52:55.595715+00:00,06_smolvlm_size_full,3,3,4.2,4.3,60.43,54.08,NVIDIA GeForce RTX 4090,36,106.84,47,6152.1,24564.0,
2026-09-07T02:53:05.606692+00:00,06_smolvlm_size_full,3,3,4.2,4.36,60.43,54.08,NVIDIA GeForce RTX 4090,36,109.09,47,6152.1,24564.0,
2026-09-07T02:53:15.618359+00:00,06_smolvlm_size_full,3,3,4.2,4.34,60.43,54.08,NVIDIA GeForce RTX 4090,37,106.46,18,6152.1,24564.0,
2026-09-07T02:53:25.629263+00:00,06_smolvlm_size_full,3,3,4.2,4.35,60.43,54.08,NVIDIA GeForce RTX 4090,36,104.13,31,6152.1,24564.0,
2026-09-07T02:53:35.642235+00:00,06_smolvlm_size_full,3,3,4.2,4.3,60.43,54.08,NVIDIA GeForce RTX 4090,38,105.5,19,6152.1,24564.0,
2026-09-07T02:53:45.653326+00:00,06_smolvlm_size_full,3,3,4.2,4.27,60.43,54.08,NVIDIA GeForce RTX 4090,36,112.26,54,6152.1,24564.0,
2026-09-07T02:53:55.664482+00:00,06_smolvlm_size_full,3,3,4.2,4.29,60.43,54.08,NVIDIA GeForce RTX 4090,36,99.63,36,6152.1,24564.0,
2026-09-07T02:54:05.676328+00:00,06_smolvlm_size_full,3,3,4.2,4.33,60.43,54.08,NVIDIA GeForce RTX 4090,36,104.21,47,6152.1,24564.0,
2026-09-07T02:54:15.689931+00:00,06_smolvlm_size_full,3,3,4.2,4.3,60.43,54.08,NVIDIA GeForce RTX 4090,37,107.07,48,6152.1,24564.0,
2026-09-07T02:54:25.701633+00:00,06_smolvlm_size_full,3,3,4.2,4.34,60.43,54.08,NVIDIA GeForce RTX 4090,35,93.11,39,6152.1,24564.0,
2026-09-07T02:54:35.712552+00:00,06_smolvlm_size_full,3,3,4.2,4.33,60.43,54.08,NVIDIA GeForce RTX 4090,36,93.03,36,6152.1,24564.0,
2026-09-07T02:54:45.723772+00:00,06_smolvlm_size_full,3,3,4.2,4.72,60.43,53.13,NVIDIA GeForce RTX 4090,36,109.62,10,6152.1,24564.0,
2026-09-07T02:54:55.734895+00:00,06_smolvlm_size_full,3,3,4.2,4.65,60.43,53.13,NVIDIA GeForce RTX 4090,37,114.03,24,6152.1,24564.0,
2026-09-07T02:55:05.746661+00:00,06_smolvlm_size_full,3,3,4.2,4.58,60.43,53.13,NVIDIA GeForce RTX 4090,38,109.21,32,6152.1,24564.0,
2026-09-07T02:55:15.758116+00:00,06_smolvlm_size_full,3,3,4.2,4.5,60.43,53.13,NVIDIA GeForce RTX 4090,36,111.14,50,6152.1,24564.0,
2026-09-07T02:55:25.769203+00:00,06_smolvlm_size_full,3,3,4.2,4.48,60.43,53.13,NVIDIA GeForce RTX 4090,37,108.73,20,6152.1,24564.0,
2026-09-07T02:55:35.780762+00:00,06_smolvlm_size_full,3,3,4.2,4.48,60.43,53.13,NVIDIA GeForce RTX 4090,36,109.09,46,6152.1,24564.0,
2026-09-07T02:55:45.791838+00:00,06_smolvlm_size_full,3,3,4.2,4.47,60.43,53.13,NVIDIA GeForce RTX 4090,36,110.09,47,6152.1,24564.0,
2026-09-07T02:55:55.802769+00:00,06_smolvlm_size_full,3,3,4.2,4.47,60.43,53.13,NVIDIA GeForce RTX 4090,36,109.84,26,6152.1,24564.0,
2026-09-07T02:56:05.813786+00:00,06_smolvlm_size_full,3,3,4.2,4.47,60.43,53.13,NVIDIA GeForce RTX 4090,37,110.51,53,6152.1,24564.0,
2026-09-07T02:56:15.825361+00:00,06_smolvlm_size_full,3,3,4.2,4.47,60.43,53.13,NVIDIA GeForce RTX 4090,37,108.85,25,6152.1,24564.0,
2026-09-07T02:56:25.836568+00:00,06_smolvlm_size_full,3,3,4.2,4.47,60.43,53.13,NVIDIA GeForce RTX 4090,38,110.23,26,6152.1,24564.0,
2026-09-07T02:56:35.847756+00:00,06_smolvlm_size_full,3,3,4.2,4.47,60.43,53.13,NVIDIA GeForce RTX 4090,37,108.98,15,6152.1,24564.0,
2026-09-07T02:56:45.858737+00:00,06_smolvlm_size_full,3,3,4.2,4.47,60.43,53.13,NVIDIA GeForce RTX 4090,36,109.63,49,6152.1,24564.0,
2026-09-07T02:56:55.869999+00:00,06_smolvlm_size_full,3,3,4.2,4.47,60.43,53.13,NVIDIA GeForce RTX 4090,38,105.67,13,6152.1,24564.0,
2026-09-07T02:57:05.882041+00:00,06_smolvlm_size_full,3,3,4.2,4.47,60.43,53.13,NVIDIA GeForce RTX 4090,38,109.62,17,6152.1,24564.0,
2026-09-07T02:57:15.896059+00:00,06_smolvlm_size_full,3,3,4.2,4.47,60.43,53.13,NVIDIA GeForce RTX 4090,36,95.53,43,6152.1,24564.0,
2026-09-07T02:57:25.907708+00:00,06_smolvlm_size_full,3,3,4.2,4.47,60.43,53.13,NVIDIA GeForce RTX 4090,36,94.48,39,6152.1,24564.0,
2026-09-07T02:57:35.918746+00:00,06_smolvlm_size_full,3,3,4.2,4.47,60.43,53.13,NVIDIA GeForce RTX 4090,36,95.46,40,6152.1,24564.0,
2026-09-07T02:57:45.929810+00:00,06_smolvlm_size_full,3,3,4.1,4.52,60.43,53.13,NVIDIA GeForce RTX 4090,36,108.11,54,6152.1,24564.0,
2026-09-07T02:57:55.941456+00:00,06_smolvlm_size_full,3,3,4.2,4.48,60.43,53.13,NVIDIA GeForce RTX 4090,37,107.98,48,6152.1,24564.0,
2026-09-07T02:58:05.952891+00:00,06_smolvlm_size_full,3,3,4.2,4.47,60.43,53.13,NVIDIA GeForce RTX 4090,37,108.2,7,6152.1,24564.0,
2026-09-07T02:58:15.964169+00:00,06_smolvlm_size_full,3,3,4.2,4.47,60.43,53.13,NVIDIA GeForce RTX 4090,36,110.43,36,6152.1,24564.0,
2026-09-07T02:58:25.975766+00:00,06_smolvlm_size_full,3,3,4.2,4.46,60.43,53.13,NVIDIA GeForce RTX 4090,37,111.7,53,6152.1,24564.0,
2026-09-07T02:58:35.986797+00:00,06_smolvlm_size_full,3,3,4.2,4.46,60.43,53.13,NVIDIA GeForce RTX 4090,37,109.41,39,6152.1,24564.0,
2026-09-07T02:58:45.997788+00:00,06_smolvlm_size_full,3,3,4.2,4.47,60.43,53.13,NVIDIA GeForce RTX 4090,37,109.42,26,6152.1,24564.0,
2026-09-07T02:58:56.010257+00:00,06_smolvlm_size_full,3,3,4.2,4.47,60.43,53.13,NVIDIA GeForce RTX 4090,36,108.53,17,6152.1,24564.0,
2026-09-07T02:59:06.023444+00:00,06_smolvlm_size_full,3,3,4.2,4.47,60.43,53.13,NVIDIA GeForce RTX 4090,37,108.92,27,6152.1,24564.0,
2026-09-07T02:59:16.035661+00:00,06_smolvlm_size_full,3,3,4.2,4.47,60.43,53.13,NVIDIA GeForce RTX 4090,36,106.89,26,6152.1,24564.0,
2026-09-07T02:59:26.047106+00:00,06_smolvlm_size_full,3,3,4.2,4.47,60.43,53.13,NVIDIA GeForce RTX 4090,38,112.76,25,6152.1,24564.0,
2026-09-07T02:59:36.058218+00:00,06_smolvlm_size_full,3,3,4.2,4.47,60.43,53.13,NVIDIA GeForce RTX 4090,36,108.27,20,6152.1,24564.0,
2026-09-07T02:59:46.069131+00:00,06_smolvlm_size_full,3,3,4.2,4.47,60.43,53.13,NVIDIA GeForce RTX 4090,37,112.66,29,6152.1,24564.0,
2026-09-07T02:59:56.080713+00:00,06_smolvlm_size_full,3,3,4.2,4.47,60.43,53.13,NVIDIA GeForce RTX 4090,36,110.16,15,6152.1,24564.0,
2026-09-07T03:00:06.094136+00:00,06_smolvlm_size_full,3,3,4.2,4.47,60.43,53.13,NVIDIA GeForce RTX 4090,39,112.82,47,6153.1,24564.0,
2026-09-07T03:00:16.105094+00:00,06_smolvlm_size_full,3,3,4.3,4.47,60.43,53.13,NVIDIA GeForce RTX 4090,36,93.89,36,6153.1,24564.0,
2026-09-07T03:00:26.116054+00:00,06_smolvlm_size_full,3,3,4.2,4.47,60.43,53.13,NVIDIA GeForce RTX 4090,36,94.27,39,6153.1,24564.0,
2026-09-07T03:00:36.127484+00:00,06_smolvlm_size_full,3,3,3.9,5.55,60.43,53.13,NVIDIA GeForce RTX 4090,35,62.38,0,6153.1,24564.0,
2026-09-07T03:00:46.138628+00:00,06_smolvlm_size_full,3,3,4.1,4.49,60.43,53.13,NVIDIA GeForce RTX 4090,37,108.27,46,6153.1,24564.0,
2026-09-07T03:00:56.150209+00:00,06_smolvlm_size_full,3,3,4.2,4.47,60.43,53.13,NVIDIA GeForce RTX 4090,36,111.04,27,6153.1,24564.0,
2026-09-07T03:01:06.161361+00:00,06_smolvlm_size_full,3,3,4.2,4.47,60.43,53.13,NVIDIA GeForce RTX 4090,36,105.78,26,6153.1,24564.0,
2026-09-07T03:01:16.174663+00:00,06_smolvlm_size_full,3,3,4.2,4.47,60.43,53.13,NVIDIA GeForce RTX 4090,37,110.81,47,6153.1,24564.0,
2026-09-07T03:01:26.185713+00:00,06_smolvlm_size_full,3,3,4.2,4.47,60.43,53.13,NVIDIA GeForce RTX 4090,38,112.61,19,6153.1,24564.0,
2026-09-07T03:01:36.197355+00:00,06_smolvlm_size_full,3,3,4.2,4.47,60.43,53.13,NVIDIA GeForce RTX 4090,36,110.35,60,6153.1,24564.0,
2026-09-07T03:01:46.208343+00:00,06_smolvlm_size_full,3,3,4.2,4.47,60.43,53.13,NVIDIA GeForce RTX 4090,37,110.37,22,6153.1,24564.0,
2026-09-07T03:01:56.219930+00:00,06_smolvlm_size_full,3,3,4.2,4.47,60.43,53.13,NVIDIA GeForce RTX 4090,37,109.53,32,6153.1,24564.0,
2026-09-07T03:02:06.231035+00:00,06_smolvlm_size_full,3,3,4.2,4.47,60.43,53.13,NVIDIA GeForce RTX 4090,37,110.43,42,6153.1,24564.0,
2026-09-07T03:02:16.244839+00:00,06_smolvlm_size_full,3,3,4.2,4.47,60.43,53.13,NVIDIA GeForce RTX 4090,36,110.67,29,6153.1,24564.0,
2026-09-07T03:02:26.255861+00:00,06_smolvlm_size_full,3,3,4.2,4.47,60.43,53.13,NVIDIA GeForce RTX 4090,38,110.28,19,6153.1,24564.0,
2026-09-07T03:02:36.266920+00:00,06_smolvlm_size_full,3,3,4.2,4.47,60.43,53.13,NVIDIA GeForce RTX 4090,37,109.06,16,6153.1,24564.0,
2026-09-07T03:02:46.277887+00:00,06_smolvlm_size_full,3,3,4.2,4.47,60.43,53.13,NVIDIA GeForce RTX 4090,38,111.47,25,6153.1,24564.0,
2026-09-07T03:02:56.289023+00:00,06_smolvlm_size_full,3,3,4.2,4.47,60.43,53.13,NVIDIA GeForce RTX 4090,36,108.93,15,6153.1,24564.0,
2026-09-07T03:03:06.300084+00:00,06_smolvlm_size_full,3,3,4.2,4.47,60.43,53.13,NVIDIA GeForce RTX 4090,36,110.2,28,6153.1,24564.0,
2026-09-07T03:03:16.311917+00:00,06_smolvlm_size_full,3,3,4.2,4.47,60.43,53.13,NVIDIA GeForce RTX 4090,37,94.95,36,6153.1,24564.0,
2026-09-07T03:03:26.322765+00:00,06_smolvlm_size_full,3,3,4.2,4.47,60.43,53.13,NVIDIA GeForce RTX 4090,36,95.06,36,6153.1,24564.0,
2026-09-07T03:03:36.333863+00:00,06_smolvlm_size_full,3,3,4.2,4.47,60.43,53.13,NVIDIA GeForce RTX 4090,37,106.02,25,6153.1,24564.0,
2026-09-07T03:03:46.345343+00:00,06_smolvlm_size_full,3,3,4.2,4.47,60.43,53.13,NVIDIA GeForce RTX 4090,37,111.7,47,6153.1,24564.0,
2026-09-07T03:03:56.357023+00:00,06_smolvlm_size_full,3,3,4.2,4.47,60.43,53.13,NVIDIA GeForce RTX 4090,36,109.48,47,6153.1,24564.0,
2026-09-07T03:04:06.367915+00:00,06_smolvlm_size_full,3,3,4.2,4.47,60.43,53.13,NVIDIA GeForce RTX 4090,36,108.93,23,6153.1,24564.0,
2026-09-07T03:04:16.378935+00:00,06_smolvlm_size_full,3,3,4.2,4.47,60.43,53.13,NVIDIA GeForce RTX 4090,36,108.63,41,6153.1,24564.0,
2026-09-07T03:04:26.391026+00:00,06_smolvlm_size_full,3,3,4.2,4.47,60.43,53.13,NVIDIA GeForce RTX 4090,36,109.96,19,6153.1,24564.0,
2026-09-07T03:04:36.404620+00:00,06_smolvlm_size_full,3,3,4.2,4.47,60.43,53.13,NVIDIA GeForce RTX 4090,37,111.91,50,6153.1,24564.0,
2026-09-07T03:04:46.416766+00:00,06_smolvlm_size_full,3,3,4.2,4.47,60.43,53.13,NVIDIA GeForce RTX 4090,36,104.53,12,6153.1,24564.0,
2026-09-07T03:04:56.429828+00:00,06_smolvlm_size_full,3,3,4.2,4.47,60.43,53.13,NVIDIA GeForce RTX 4090,38,111.12,53,6153.1,24564.0,
2026-09-07T03:05:06.441003+00:00,06_smolvlm_size_full,3,3,4.2,4.47,60.43,53.13,NVIDIA GeForce RTX 4090,36,108.31,22,6153.1,24564.0,
2026-09-07T03:05:16.451883+00:00,06_smolvlm_size_full,3,3,4.2,4.47,60.43,53.13,NVIDIA GeForce RTX 4090,36,107.98,30,6153.1,24564.0,
2026-09-07T03:05:26.462868+00:00,06_smolvlm_size_full,3,3,4.2,4.47,60.43,53.13,NVIDIA GeForce RTX 4090,37,108.81,23,6153.1,24564.0,
2026-09-07T03:05:36.475233+00:00,06_smolvlm_size_full,3,3,4.2,4.47,60.43,53.13,NVIDIA GeForce RTX 4090,37,109.31,69,6153.1,24564.0,
2026-09-07T03:05:46.486491+00:00,06_smolvlm_size_full,3,3,4.2,4.47,60.43,53.13,NVIDIA GeForce RTX 4090,38,108.23,24,6153.1,24564.0,
2026-09-07T03:05:56.499667+00:00,06_smolvlm_size_full,3,3,4.2,4.47,60.43,53.13,NVIDIA GeForce RTX 4090,37,108.42,54,6153.1,24564.0,
2026-09-07T03:06:06.511963+00:00,06_smolvlm_size_full,3,3,4.2,4.47,60.43,53.13,NVIDIA GeForce RTX 4090,37,107.37,41,6153.1,24564.0,
2026-09-07T03:06:16.523045+00:00,06_smolvlm_size_full,3,3,4.3,4.47,60.43,53.13,NVIDIA GeForce RTX 4090,36,93.17,39,6153.1,24564.0,
2026-09-07T03:06:26.535874+00:00,06_smolvlm_size_full,3,3,4.2,4.47,60.43,53.13,NVIDIA GeForce RTX 4090,36,94.11,40,6153.1,24564.0,
2026-09-07T03:06:36.547796+00:00,06_smolvlm_size_full,3,3,4.2,4.47,60.43,53.13,NVIDIA GeForce RTX 4090,38,108.25,22,6153.1,24564.0,
2026-09-07T03:06:46.559350+00:00,06_smolvlm_size_full,3,3,4.2,4.47,60.43,53.13,NVIDIA GeForce RTX 4090,37,108.1,30,6153.1,24564.0,
2026-09-07T03:06:56.570573+00:00,06_smolvlm_size_full,3,3,4.2,4.47,60.43,53.13,NVIDIA GeForce RTX 4090,38,108.33,14,6153.1,24564.0,
2026-09-07T03:07:06.582341+00:00,06_smolvlm_size_full,3,3,4.2,4.47,60.43,53.13,NVIDIA GeForce RTX 4090,37,108.89,7,6153.1,24564.0,
2026-09-07T03:07:16.594113+00:00,06_smolvlm_size_full,3,3,4.2,4.47,60.43,53.13,NVIDIA GeForce RTX 4090,36,107.94,53,6153.1,24564.0,
2026-09-07T03:07:26.605144+00:00,06_smolvlm_size_full,3,3,4.2,4.47,60.43,53.13,NVIDIA GeForce RTX 4090,37,111.85,5,6153.1,24564.0,
2026-09-07T03:07:36.619190+00:00,06_smolvlm_size_full,3,3,4.2,4.47,60.43,53.13,NVIDIA GeForce RTX 4090,36,109.56,44,6153.1,24564.0,
2026-09-07T03:07:46.631015+00:00,06_smolvlm_size_full,3,3,4.2,4.47,60.43,53.13,NVIDIA GeForce RTX 4090,36,109.29,54,6153.1,24564.0,
2026-09-07T03:07:56.642946+00:00,06_smolvlm_size_full,3,3,4.2,4.47,60.43,53.13,NVIDIA GeForce RTX 4090,38,111.45,29,6153.1,24564.0,
2026-09-07T03:08:06.655435+00:00,06_smolvlm_size_full,3,3,4.2,4.47,60.43,53.13,NVIDIA GeForce RTX 4090,37,111.05,21,6152.1,24564.0,
2026-09-07T03:08:16.666582+00:00,06_smolvlm_size_full,3,3,4.2,4.47,60.43,53.13,NVIDIA GeForce RTX 4090,37,110.09,29,6152.1,24564.0,
2026-09-07T03:08:26.677690+00:00,06_smolvlm_size_full,3,3,4.2,4.47,60.43,53.13,NVIDIA GeForce RTX 4090,39,110.32,44,6152.1,24564.0,
2026-09-07T03:08:36.689377+00:00,06_smolvlm_size_full,3,3,4.2,4.47,60.43,53.13,NVIDIA GeForce RTX 4090,37,104.63,18,6152.1,24564.0,
2026-09-07T03:08:46.700332+00:00,06_smolvlm_size_full,3,3,4.2,4.47,60.43,53.13,NVIDIA GeForce RTX 4090,37,114.27,53,6152.1,24564.0,
2026-09-07T03:08:56.711441+00:00,06_smolvlm_size_full,3,3,4.2,4.47,60.43,53.13,NVIDIA GeForce RTX 4090,36,108.57,65,6152.1,24564.0,
2026-09-07T03:09:06.722311+00:00,06_smolvlm_size_full,3,3,4.2,4.47,60.43,53.13,NVIDIA GeForce RTX 4090,36,93.49,36,6152.1,24564.0,
2026-09-07T03:09:16.733298+00:00,06_smolvlm_size_full,3,3,4.2,4.47,60.43,53.13,NVIDIA GeForce RTX 4090,36,94.63,50,6152.1,24564.0,
2026-09-07T03:09:26.744330+00:00,06_smolvlm_size_full,3,3,4.2,4.48,60.43,53.13,NVIDIA GeForce RTX 4090,36,87.57,36,5308.1,24564.0,
2026-09-07T03:09:36.755435+00:00,06_smolvlm_size_full,3,3,4.2,4.48,60.43,53.13,NVIDIA GeForce RTX 4090,36,95.13,42,5308.1,24564.0,
2026-09-07T03:09:46.766778+00:00,,,,4.2,3.23,60.43,53.13,NVIDIA GeForce RTX 4090,35,66.35,0,628.8,24564.0,
2026-09-07T03:09:56.777032+00:00,06_smolvlm_size_full,4,4,3.4,4.29,60.43,53.13,NVIDIA GeForce RTX 4090,35,106.49,27,6150.1,24564.0,
2026-09-07T03:10:06.788418+00:00,06_smolvlm_size_full,4,4,4.2,4.38,60.43,53.13,NVIDIA GeForce RTX 4090,35,98.97,47,6152.1,24564.0,
2026-09-07T03:10:16.802253+00:00,06_smolvlm_size_full,4,4,4.2,4.3,60.43,53.13,NVIDIA GeForce RTX 4090,36,105.06,47,6152.1,24564.0,
2026-09-07T03:10:26.813473+00:00,06_smolvlm_size_full,4,4,4.2,4.3,60.43,53.13,NVIDIA GeForce RTX 4090,37,107.84,35,6152.1,24564.0,
2026-09-07T03:10:36.824875+00:00,06_smolvlm_size_full,4,4,4.2,4.34,60.43,53.13,NVIDIA GeForce RTX 4090,36,103.98,47,6152.1,24564.0,
2026-09-07T03:10:46.835844+00:00,06_smolvlm_size_full,4,4,4.2,4.32,60.43,53.13,NVIDIA GeForce RTX 4090,38,103.84,21,6152.1,24564.0,
2026-09-07T03:10:56.847019+00:00,06_smolvlm_size_full,4,4,4.2,4.3,60.43,53.13,NVIDIA GeForce RTX 4090,36,107.58,46,6152.1,24564.0,
2026-09-07T03:11:06.858097+00:00,06_smolvlm_size_full,4,4,4.2,4.33,60.43,53.13,NVIDIA GeForce RTX 4090,36,107.22,61,6152.1,24564.0,
2026-09-07T03:11:16.871826+00:00,06_smolvlm_size_full,4,4,4.2,4.35,60.43,53.13,NVIDIA GeForce RTX 4090,38,107.92,23,6152.1,24564.0,
2026-09-07T03:11:26.883143+00:00,06_smolvlm_size_full,4,4,4.2,4.35,60.43,53.13,NVIDIA GeForce RTX 4090,37,107.51,24,6152.1,24564.0,
2026-09-07T03:11:36.894349+00:00,06_smolvlm_size_full,4,4,4.2,4.31,60.43,53.13,NVIDIA GeForce RTX 4090,37,107.45,24,6152.1,24564.0,
2026-09-07T03:11:46.905895+00:00,06_smolvlm_size_full,4,4,4.2,4.3,60.43,53.13,NVIDIA GeForce RTX 4090,36,103.51,47,6152.1,24564.0,
2026-09-07T03:11:56.916833+00:00,06_smolvlm_size_full,4,4,4.2,4.28,60.43,53.13,NVIDIA GeForce RTX 4090,36,105.27,47,6152.1,24564.0,
2026-09-07T03:12:06.928954+00:00,06_smolvlm_size_full,4,4,4.2,4.28,60.43,53.13,NVIDIA GeForce RTX 4090,36,106.17,31,6152.1,24564.0,
2026-09-07T03:12:16.939749+00:00,06_smolvlm_size_full,4,4,4.2,4.28,60.43,53.13,NVIDIA GeForce RTX 4090,37,103.27,28,6152.1,24564.0,
2026-09-07T03:12:26.953232+00:00,06_smolvlm_size_full,4,4,4.2,4.28,60.43,53.13,NVIDIA GeForce RTX 4090,37,104.72,28,6152.1,24564.0,
2026-09-07T03:12:36.966107+00:00,06_smolvlm_size_full,4,4,4.2,4.34,60.43,53.13,NVIDIA GeForce RTX 4090,35,88.7,35,6152.1,24564.0,
2026-09-07T03:12:46.976919+00:00,06_smolvlm_size_full,4,4,4.2,4.33,60.43,53.13,NVIDIA GeForce RTX 4090,35,90.61,35,6152.1,24564.0,
2026-09-07T03:12:56.987882+00:00,06_smolvlm_size_full,4,4,4.2,4.73,60.43,53.13,NVIDIA GeForce RTX 4090,35,89.45,36,6152.1,24564.0,
2026-09-07T03:13:06.999183+00:00,06_smolvlm_size_full,4,4,4.2,4.7,60.43,52.18,NVIDIA GeForce RTX 4090,37,107.64,16,6152.1,24564.0,
2026-09-07T03:13:17.010395+00:00,06_smolvlm_size_full,4,4,4.2,4.65,60.43,52.18,NVIDIA GeForce RTX 4090,36,106.37,15,6152.1,24564.0,
2026-09-07T03:13:27.024972+00:00,06_smolvlm_size_full,4,4,4.2,4.57,60.43,52.18,NVIDIA GeForce RTX 4090,38,107.98,46,6152.1,24564.0,
2026-09-07T03:13:37.037211+00:00,06_smolvlm_size_full,4,4,4.2,4.52,60.43,52.18,NVIDIA GeForce RTX 4090,36,107.8,21,6152.1,24564.0,
2026-09-07T03:13:47.048353+00:00,06_smolvlm_size_full,4,4,4.2,4.5,60.43,52.18,NVIDIA GeForce RTX 4090,37,110.5,27,6152.1,24564.0,
2026-09-07T03:13:57.059152+00:00,06_smolvlm_size_full,4,4,4.2,4.5,60.43,52.18,NVIDIA GeForce RTX 4090,37,109.01,23,6152.1,24564.0,
2026-09-07T03:14:07.070841+00:00,06_smolvlm_size_full,4,4,4.2,4.5,60.43,52.18,NVIDIA GeForce RTX 4090,36,107.31,19,6152.1,24564.0,
2026-09-07T03:14:17.081795+00:00,06_smolvlm_size_full,4,4,4.2,4.5,60.43,52.18,NVIDIA GeForce RTX 4090,36,104.59,18,6152.1,24564.0,
2026-09-07T03:14:27.092830+00:00,06_smolvlm_size_full,4,4,4.2,4.5,60.43,52.18,NVIDIA GeForce RTX 4090,37,109.19,10,6152.1,24564.0,
2026-09-07T03:14:37.104174+00:00,06_smolvlm_size_full,4,4,4.2,4.5,60.43,52.18,NVIDIA GeForce RTX 4090,37,108.25,31,6152.1,24564.0,
2026-09-07T03:14:47.115269+00:00,06_smolvlm_size_full,4,4,4.2,4.5,60.43,52.18,NVIDIA GeForce RTX 4090,37,110.63,31,6152.1,24564.0,
2026-09-07T03:14:57.126529+00:00,06_smolvlm_size_full,4,4,4.2,4.5,60.43,52.18,NVIDIA GeForce RTX 4090,36,107.05,64,6152.1,24564.0,
2026-09-07T03:15:07.138548+00:00,06_smolvlm_size_full,4,4,4.2,4.49,60.43,52.18,NVIDIA GeForce RTX 4090,37,108.63,22,6152.1,24564.0,
2026-09-07T03:15:17.149806+00:00,06_smolvlm_size_full,4,4,4.2,4.49,60.43,52.18,NVIDIA GeForce RTX 4090,37,104.38,45,6152.1,24564.0,
2026-09-07T03:15:27.161441+00:00,06_smolvlm_size_full,4,4,4.2,4.49,60.43,52.18,NVIDIA GeForce RTX 4090,37,107.65,6,6152.1,24564.0,
2026-09-07T03:15:37.172317+00:00,06_smolvlm_size_full,4,4,4.2,4.49,60.43,52.18,NVIDIA GeForce RTX 4090,36,92.59,40,6152.1,24564.0,
2026-09-07T03:15:47.185030+00:00,06_smolvlm_size_full,4,4,4.2,4.49,60.43,52.18,NVIDIA GeForce RTX 4090,36,93.93,43,6152.1,24564.0,
2026-09-07T03:15:57.196323+00:00,06_smolvlm_size_full,4,4,3.7,4.54,60.43,52.18,NVIDIA GeForce RTX 4090,36,107.34,27,6152.1,24564.0,
2026-09-07T03:16:07.207180+00:00,06_smolvlm_size_full,4,4,4.2,4.49,60.43,52.18,NVIDIA GeForce RTX 4090,36,107.41,7,6152.1,24564.0,
2026-09-07T03:16:17.219237+00:00,06_smolvlm_size_full,4,4,4.2,4.49,60.43,52.18,NVIDIA GeForce RTX 4090,36,107.41,57,6152.1,24564.0,
2026-09-07T03:16:27.230499+00:00,06_smolvlm_size_full,4,4,4.2,4.49,60.43,52.18,NVIDIA GeForce RTX 4090,36,107.61,50,6152.1,24564.0,
2026-09-07T03:16:37.241690+00:00,06_smolvlm_size_full,4,4,4.2,4.48,60.43,52.18,NVIDIA GeForce RTX 4090,37,107.57,41,6152.1,24564.0,
2026-09-07T03:16:47.253137+00:00,06_smolvlm_size_full,4,4,4.2,4.48,60.43,52.18,NVIDIA GeForce RTX 4090,37,106.8,52,6152.1,24564.0,
2026-09-07T03:16:57.264257+00:00,06_smolvlm_size_full,4,4,4.2,4.48,60.43,52.18,NVIDIA GeForce RTX 4090,38,108.48,34,6152.1,24564.0,
2026-09-07T03:17:07.278230+00:00,06_smolvlm_size_full,4,4,4.2,4.48,60.43,52.18,NVIDIA GeForce RTX 4090,36,110.22,40,6152.1,24564.0,
2026-09-07T03:17:17.289961+00:00,06_smolvlm_size_full,4,4,4.2,4.48,60.43,52.18,NVIDIA GeForce RTX 4090,36,108.3,47,6152.1,24564.0,
2026-09-07T03:17:27.302246+00:00,06_smolvlm_size_full,4,4,4.2,4.48,60.43,52.18,NVIDIA GeForce RTX 4090,36,107.83,51,6152.1,24564.0,
2026-09-07T03:17:37.313609+00:00,06_smolvlm_size_full,4,4,4.2,4.48,60.43,52.18,NVIDIA GeForce RTX 4090,37,110.91,50,6152.1,24564.0,
2026-09-07T03:17:47.324540+00:00,06_smolvlm_size_full,4,4,4.2,4.48,60.43,52.18,NVIDIA GeForce RTX 4090,36,109.62,32,6152.1,24564.0,
2026-09-07T03:17:57.337299+00:00,06_smolvlm_size_full,4,4,4.2,4.48,60.43,52.18,NVIDIA GeForce RTX 4090,38,108.33,13,6152.1,24564.0,
2026-09-07T03:18:07.349178+00:00,06_smolvlm_size_full,4,4,4.2,4.48,60.43,52.18,NVIDIA GeForce RTX 4090,36,108.17,18,6152.1,24564.0,
2026-09-07T03:18:17.360572+00:00,06_smolvlm_size_full,4,4,4.2,4.48,60.43,52.18,NVIDIA GeForce RTX 4090,38,107.67,6,6152.1,24564.0,
2026-09-07T03:18:27.372151+00:00,06_smolvlm_size_full,4,4,4.2,4.48,60.43,52.18,NVIDIA GeForce RTX 4090,38,107.55,52,6152.1,24564.0,
2026-09-07T03:18:37.383142+00:00,06_smolvlm_size_full,4,4,4.2,4.48,60.43,52.18,NVIDIA GeForce RTX 4090,36,92.4,37,6152.1,24564.0,
2026-09-07T03:18:47.395197+00:00,06_smolvlm_size_full,4,4,4.2,4.48,60.43,52.18,NVIDIA GeForce RTX 4090,35,95.27,44,6152.1,24564.0,
2026-09-07T03:18:57.406255+00:00,06_smolvlm_size_full,4,4,4.2,4.48,60.43,52.18,NVIDIA GeForce RTX 4090,38,111.09,47,6152.1,24564.0,
2026-09-07T03:19:07.417141+00:00,06_smolvlm_size_full,4,4,4.2,4.48,60.43,52.18,NVIDIA GeForce RTX 4090,38,108.86,47,6152.1,24564.0,
2026-09-07T03:19:17.428123+00:00,06_smolvlm_size_full,4,4,4.2,4.48,60.43,52.18,NVIDIA GeForce RTX 4090,38,111.67,71,6152.1,24564.0,
2026-09-07T03:19:27.439201+00:00,06_smolvlm_size_full,4,4,4.2,4.48,60.43,52.18,NVIDIA GeForce RTX 4090,36,104.18,12,6152.1,24564.0,
2026-09-07T03:19:37.450501+00:00,06_smolvlm_size_full,4,4,4.2,4.48,60.43,52.18,NVIDIA GeForce RTX 4090,37,109.84,46,6152.1,24564.0,
2026-09-07T03:19:47.461844+00:00,06_smolvlm_size_full,4,4,4.2,4.48,60.43,52.18,NVIDIA GeForce RTX 4090,37,110.59,47,6152.1,24564.0,
2026-09-07T03:19:57.475084+00:00,06_smolvlm_size_full,4,4,4.2,4.48,60.43,52.18,NVIDIA GeForce RTX 4090,37,108.45,47,6152.1,24564.0,
2026-09-07T03:20:07.486399+00:00,06_smolvlm_size_full,4,4,4.2,4.48,60.43,52.18,NVIDIA GeForce RTX 4090,36,108.27,47,6152.1,24564.0,
2026-09-07T03:20:17.497746+00:00,06_smolvlm_size_full,4,4,4.2,4.48,60.43,52.18,NVIDIA GeForce RTX 4090,36,108.4,46,6152.1,24564.0,
2026-09-07T03:20:27.509461+00:00,06_smolvlm_size_full,4,4,4.2,4.48,60.43,52.18,NVIDIA GeForce RTX 4090,37,108.12,17,6152.1,24564.0,
2026-09-07T03:20:37.520452+00:00,06_smolvlm_size_full,4,4,4.2,4.48,60.43,52.18,NVIDIA GeForce RTX 4090,37,108.96,34,6152.1,24564.0,
2026-09-07T03:20:47.531459+00:00,06_smolvlm_size_full,4,4,4.2,4.48,60.43,52.18,NVIDIA GeForce RTX 4090,36,111.37,19,6152.1,24564.0,
2026-09-07T03:20:57.542307+00:00,06_smolvlm_size_full,4,4,4.2,4.48,60.43,52.18,NVIDIA GeForce RTX 4090,37,109.01,50,6152.1,24564.0,
2026-09-07T03:21:07.553561+00:00,06_smolvlm_size_full,4,4,4.2,4.48,60.43,52.18,NVIDIA GeForce RTX 4090,37,110.59,41,6152.1,24564.0,
2026-09-07T03:21:17.564630+00:00,06_smolvlm_size_full,4,4,4.2,4.48,60.43,52.18,NVIDIA GeForce RTX 4090,36,102.92,13,6152.1,24564.0,
2026-09-07T03:21:27.575494+00:00,06_smolvlm_size_full,4,4,4.2,4.48,60.43,52.18,NVIDIA GeForce RTX 4090,37,93.27,41,6152.1,24564.0,
2026-09-07T03:21:37.587061+00:00,06_smolvlm_size_full,4,4,4.2,4.48,60.43,52.18,NVIDIA GeForce RTX 4090,35,93.22,35,6152.1,24564.0,
2026-09-07T03:21:47.598251+00:00,06_smolvlm_size_full,4,4,4.2,4.48,60.43,52.18,NVIDIA GeForce RTX 4090,36,92.69,40,6152.1,24564.0,
2026-09-07T03:21:57.609209+00:00,06_smolvlm_size_full,4,4,4.1,4.47,60.43,52.18,NVIDIA GeForce RTX 4090,36,104.27,12,6152.1,24564.0,
2026-09-07T03:22:07.628072+00:00,06_smolvlm_size_full,4,4,4.2,4.47,60.43,52.18,NVIDIA GeForce RTX 4090,37,108.83,36,6152.1,24564.0,
2026-09-07T03:22:17.641860+00:00,06_smolvlm_size_full,4,4,4.2,4.47,60.43,52.18,NVIDIA GeForce RTX 4090,37,110.67,22,6152.1,24564.0,
2026-09-07T03:22:27.652935+00:00,06_smolvlm_size_full,4,4,4.2,4.46,60.43,52.18,NVIDIA GeForce RTX 4090,38,112.37,30,6152.1,24564.0,
2026-09-07T03:22:37.664051+00:00,06_smolvlm_size_full,4,4,4.2,4.46,60.43,52.18,NVIDIA GeForce RTX 4090,36,108.92,53,6152.1,24564.0,
2026-09-07T03:22:47.675257+00:00,06_smolvlm_size_full,4,4,4.2,4.46,60.43,52.18,NVIDIA GeForce RTX 4090,36,108.66,34,6152.1,24564.0,
2026-09-07T03:22:57.687969+00:00,06_smolvlm_size_full,4,4,4.2,4.46,60.43,52.18,NVIDIA GeForce RTX 4090,36,107.95,31,6152.1,24564.0,
2026-09-07T03:23:07.700917+00:00,06_smolvlm_size_full,4,4,4.2,4.46,60.43,52.18,NVIDIA GeForce RTX 4090,37,111.75,43,6152.1,24564.0,
2026-09-07T03:23:17.719806+00:00,06_smolvlm_size_full,4,4,4.2,4.46,60.43,52.18,NVIDIA GeForce RTX 4090,38,106.69,46,6152.1,24564.0,
2026-09-07T03:23:27.731232+00:00,06_smolvlm_size_full,4,4,4.2,4.46,60.43,52.18,NVIDIA GeForce RTX 4090,36,109.46,29,6152.1,24564.0,
2026-09-07T03:23:37.742401+00:00,06_smolvlm_size_full,4,4,4.2,4.47,60.43,52.18,NVIDIA GeForce RTX 4090,36,111.37,16,6152.1,24564.0,
2026-09-07T03:23:47.753448+00:00,06_smolvlm_size_full,4,4,4.2,4.47,60.43,52.18,NVIDIA GeForce RTX 4090,36,107.03,29,6152.1,24564.0,
2026-09-07T03:23:57.764457+00:00,06_smolvlm_size_full,4,4,4.2,4.47,60.43,52.18,NVIDIA GeForce RTX 4090,36,113.92,34,6152.1,24564.0,
2026-09-07T03:24:07.775558+00:00,06_smolvlm_size_full,4,4,4.2,4.47,60.43,52.18,NVIDIA GeForce RTX 4090,37,108.29,44,6152.1,24564.0,
2026-09-07T03:24:17.786677+00:00,06_smolvlm_size_full,4,4,4.2,4.47,60.43,52.18,NVIDIA GeForce RTX 4090,36,105.39,30,6152.1,24564.0,
2026-09-07T03:24:27.798451+00:00,06_smolvlm_size_full,4,4,4.2,4.46,60.43,52.18,NVIDIA GeForce RTX 4090,36,92.52,37,6152.1,24564.0,
2026-09-07T03:24:37.810042+00:00,06_smolvlm_size_full,4,4,4.2,4.47,60.43,52.18,NVIDIA GeForce RTX 4090,36,93.78,40,6152.1,24564.0,
2026-09-07T03:24:47.821121+00:00,06_smolvlm_size_full,4,4,4.2,4.47,60.43,52.18,NVIDIA GeForce RTX 4090,37,107.46,47,6152.1,24564.0,
2026-09-07T03:24:57.833091+00:00,06_smolvlm_size_full,4,4,4.2,4.46,60.43,52.18,NVIDIA GeForce RTX 4090,37,107.38,37,6152.1,24564.0,
2026-09-07T03:25:07.846009+00:00,06_smolvlm_size_full,4,4,4.2,4.47,60.43,52.18,NVIDIA GeForce RTX 4090,36,106.33,36,6152.1,24564.0,
2026-09-07T03:25:17.858081+00:00,06_smolvlm_size_full,4,4,4.2,4.47,60.43,52.18,NVIDIA GeForce RTX 4090,37,108.52,16,6152.1,24564.0,
2026-09-07T03:25:27.869398+00:00,06_smolvlm_size_full,4,4,4.2,4.47,60.43,52.18,NVIDIA GeForce RTX 4090,36,107.76,40,6152.1,24564.0,
2026-09-07T03:25:37.880476+00:00,06_smolvlm_size_full,4,4,4.2,4.47,60.43,52.18,NVIDIA GeForce RTX 4090,38,104.25,19,6152.1,24564.0,
2026-09-07T03:25:47.891420+00:00,06_smolvlm_size_full,4,4,4.2,4.47,60.43,52.18,NVIDIA GeForce RTX 4090,37,110.72,47,6152.1,24564.0,
2026-09-07T03:25:57.902505+00:00,06_smolvlm_size_full,4,4,4.2,4.47,60.43,52.18,NVIDIA GeForce RTX 4090,36,108.34,47,6152.1,24564.0,
2026-09-07T03:26:07.913500+00:00,06_smolvlm_size_full,4,4,4.2,4.47,60.43,52.18,NVIDIA GeForce RTX 4090,38,107.51,33,6152.1,24564.0,
2026-09-07T03:26:17.925185+00:00,06_smolvlm_size_full,4,4,4.2,4.47,60.43,52.18,NVIDIA GeForce RTX 4090,36,111.4,36,6152.1,24564.0,
2026-09-07T03:26:27.936207+00:00,06_smolvlm_size_full,4,4,4.2,4.47,60.43,52.18,NVIDIA GeForce RTX 4090,37,107.29,22,6152.1,24564.0,
2026-09-07T03:26:37.947514+00:00,06_smolvlm_size_full,4,4,4.2,4.47,60.43,52.18,NVIDIA GeForce RTX 4090,37,108.32,55,6152.1,24564.0,
2026-09-07T03:26:47.960945+00:00,06_smolvlm_size_full,4,4,4.2,4.47,60.43,52.18,NVIDIA GeForce RTX 4090,36,106.31,16,6152.1,24564.0,
2026-09-07T03:26:57.972067+00:00,06_smolvlm_size_full,4,4,4.2,4.47,60.43,52.18,NVIDIA GeForce RTX 4090,38,108.93,18,6152.1,24564.0,
2026-09-07T03:27:07.983019+00:00,06_smolvlm_size_full,4,4,4.2,4.47,60.43,52.18,NVIDIA GeForce RTX 4090,38,107.56,22,6152.1,24564.0,
2026-09-07T03:27:17.994018+00:00,06_smolvlm_size_full,4,4,4.2,4.47,60.43,52.18,NVIDIA GeForce RTX 4090,37,110.34,21,6152.1,24564.0,
2026-09-07T03:27:28.005086+00:00,06_smolvlm_size_full,4,4,4.2,4.47,60.43,52.18,NVIDIA GeForce RTX 4090,37,91.88,37,6152.1,24564.0,
2026-09-07T03:27:38.016071+00:00,06_smolvlm_size_full,4,4,4.2,4.47,60.43,52.18,NVIDIA GeForce RTX 4090,36,93.85,35,6152.1,24564.0,
2026-09-07T03:27:48.027751+00:00,06_smolvlm_size_full,4,4,4.2,4.47,60.43,52.18,NVIDIA GeForce RTX 4090,36,92.66,34,5308.1,24564.0,
2026-09-07T03:27:58.039075+00:00,06_smolvlm_size_full,4,4,4.2,4.47,60.43,52.18,NVIDIA GeForce RTX 4090,36,91.66,39,5308.1,24564.0,
2026-09-07T03:28:08.050722+00:00,06_smolvlm_size_full,5,5,3.4,4.16,60.43,52.18,NVIDIA GeForce RTX 4090,34,65.08,38,3536.1,24564.0,
2026-09-07T03:28:18.061812+00:00,06_smolvlm_size_full,5,5,4.2,4.29,60.43,52.18,NVIDIA GeForce RTX 4090,36,105.58,37,6152.1,24564.0,
2026-09-07T03:28:28.072667+00:00,06_smolvlm_size_full,5,5,4.2,4.28,60.43,52.18,NVIDIA GeForce RTX 4090,35,99.03,19,6152.1,24564.0,
2026-09-07T03:28:38.083730+00:00,06_smolvlm_size_full,5,5,4.2,4.33,60.43,52.18,NVIDIA GeForce RTX 4090,35,104.75,45,6152.1,24564.0,
2026-09-07T03:28:48.096233+00:00,06_smolvlm_size_full,5,5,4.2,4.32,60.43,52.18,NVIDIA GeForce RTX 4090,36,106.37,16,6152.1,24564.0,
2026-09-07T03:28:58.107534+00:00,06_smolvlm_size_full,5,5,4.2,4.3,60.43,52.18,NVIDIA GeForce RTX 4090,35,103.65,31,6152.1,24564.0,
2026-09-07T03:29:08.118434+00:00,06_smolvlm_size_full,5,5,4.2,4.26,60.43,52.18,NVIDIA GeForce RTX 4090,36,104.09,53,6152.1,24564.0,
2026-09-07T03:29:18.131721+00:00,06_smolvlm_size_full,5,5,4.2,4.29,60.43,52.18,NVIDIA GeForce RTX 4090,35,100.25,30,6152.1,24564.0,
2026-09-07T03:29:28.143582+00:00,06_smolvlm_size_full,5,5,4.2,4.3,60.43,52.18,NVIDIA GeForce RTX 4090,35,102.68,49,6152.1,24564.0,
2026-09-07T03:29:38.154574+00:00,06_smolvlm_size_full,5,5,4.2,4.3,60.43,52.18,NVIDIA GeForce RTX 4090,35,104.26,34,6152.1,24564.0,
2026-09-07T03:29:48.165624+00:00,06_smolvlm_size_full,5,5,4.2,4.3,60.43,52.18,NVIDIA GeForce RTX 4090,35,104.39,39,6152.1,24564.0,
2026-09-07T03:29:58.176428+00:00,06_smolvlm_size_full,5,5,4.2,4.32,60.43,52.18,NVIDIA GeForce RTX 4090,38,106.38,16,6152.1,24564.0,
2026-09-07T03:30:08.188120+00:00,06_smolvlm_size_full,5,5,4.2,4.32,60.43,52.18,NVIDIA GeForce RTX 4090,37,106.59,11,6152.1,24564.0,
2026-09-07T03:30:18.201035+00:00,06_smolvlm_size_full,5,5,4.2,4.35,60.43,52.18,NVIDIA GeForce RTX 4090,37,106.61,25,6152.1,24564.0,
2026-09-07T03:30:28.212482+00:00,06_smolvlm_size_full,5,5,4.2,4.31,60.43,52.18,NVIDIA GeForce RTX 4090,36,101.06,63,6152.1,24564.0,
2026-09-07T03:30:38.224017+00:00,06_smolvlm_size_full,5,5,4.2,4.32,60.43,52.18,NVIDIA GeForce RTX 4090,36,108.22,0,6152.1,24564.0,
2026-09-07T03:30:48.235090+00:00,06_smolvlm_size_full,5,5,4.2,4.29,60.43,52.18,NVIDIA GeForce RTX 4090,37,102.5,9,6152.1,24564.0,
2026-09-07T03:30:58.246474+00:00,06_smolvlm_size_full,5,5,4.2,4.32,60.43,52.18,NVIDIA GeForce RTX 4090,35,91.25,33,6152.1,24564.0,
2026-09-07T03:31:08.259104+00:00,06_smolvlm_size_full,5,5,4.2,4.32,60.43,52.18,NVIDIA GeForce RTX 4090,35,91.75,40,6152.1,24564.0,
2026-09-07T03:31:18.270226+00:00,06_smolvlm_size_full,5,5,4.2,4.73,60.43,51.23,NVIDIA GeForce RTX 4090,36,106.78,22,6152.1,24564.0,
2026-09-07T03:31:28.282409+00:00,06_smolvlm_size_full,5,5,4.2,4.65,60.43,51.23,NVIDIA GeForce RTX 4090,35,107.05,42,6152.1,24564.0,
2026-09-07T03:31:38.293467+00:00,06_smolvlm_size_full,5,5,4.2,4.59,60.43,51.23,NVIDIA GeForce RTX 4090,35,107.92,36,6152.1,24564.0,
2026-09-07T03:31:48.304740+00:00,06_smolvlm_size_full,5,5,4.2,4.53,60.43,51.23,NVIDIA GeForce RTX 4090,37,107.28,28,6152.1,24564.0,
2026-09-07T03:31:58.315817+00:00,06_smolvlm_size_full,5,5,4.2,4.5,60.43,51.23,NVIDIA GeForce RTX 4090,36,108.22,53,6152.1,24564.0,
2026-09-07T03:32:08.326848+00:00,06_smolvlm_size_full,5,5,4.2,4.5,60.43,51.23,NVIDIA GeForce RTX 4090,36,108.6,57,6152.1,24564.0,
2026-09-07T03:32:18.338769+00:00,06_smolvlm_size_full,5,5,4.2,4.48,60.43,51.23,NVIDIA GeForce RTX 4090,37,111.4,35,6152.1,24564.0,
2026-09-07T03:32:28.349846+00:00,06_smolvlm_size_full,5,5,4.2,4.48,60.43,51.23,NVIDIA GeForce RTX 4090,37,107.27,0,6152.1,24564.0,
2026-09-07T03:32:38.360878+00:00,06_smolvlm_size_full,5,5,4.2,4.48,60.43,51.23,NVIDIA GeForce RTX 4090,37,106.94,35,6152.1,24564.0,
2026-09-07T03:32:48.372212+00:00,06_smolvlm_size_full,5,5,4.2,4.48,60.43,51.23,NVIDIA GeForce RTX 4090,36,105.06,22,6152.1,24564.0,
2026-09-07T03:32:58.390916+00:00,06_smolvlm_size_full,5,5,4.2,4.48,60.43,51.23,NVIDIA GeForce RTX 4090,36,110.06,20,6152.1,24564.0,
2026-09-07T03:33:08.402082+00:00,06_smolvlm_size_full,5,5,4.2,4.48,60.43,51.23,NVIDIA GeForce RTX 4090,37,108.22,29,6152.1,24564.0,
2026-09-07T03:33:18.413102+00:00,06_smolvlm_size_full,5,5,4.2,4.48,60.43,51.23,NVIDIA GeForce RTX 4090,36,109.85,46,6152.1,24564.0,
2026-09-07T03:33:28.424720+00:00,06_smolvlm_size_full,5,5,4.2,4.48,60.43,51.23,NVIDIA GeForce RTX 4090,37,109.05,40,6152.1,24564.0,
2026-09-07T03:33:38.438327+00:00,06_smolvlm_size_full,5,5,4.2,4.48,60.43,51.23,NVIDIA GeForce RTX 4090,38,113.88,29,6152.1,24564.0,
2026-09-07T03:33:48.449166+00:00,06_smolvlm_size_full,5,5,4.2,4.48,60.43,51.23,NVIDIA GeForce RTX 4090,38,106.05,37,6152.1,24564.0,
2026-09-07T03:33:58.460525+00:00,06_smolvlm_size_full,5,5,4.2,4.48,60.43,51.23,NVIDIA GeForce RTX 4090,36,94.0,40,6152.1,24564.0,
2026-09-07T03:34:08.471547+00:00,06_smolvlm_size_full,5,5,4.2,4.48,60.43,51.23,NVIDIA GeForce RTX 4090,36,94.76,49,6152.1,24564.0,
2026-09-07T03:34:18.482951+00:00,06_smolvlm_size_full,5,5,4.1,4.48,60.43,51.23,NVIDIA GeForce RTX 4090,36,106.22,19,6152.1,24564.0,
2026-09-07T03:34:28.494607+00:00,06_smolvlm_size_full,5,5,4.2,4.48,60.43,51.23,NVIDIA GeForce RTX 4090,36,109.58,7,6152.1,24564.0,
2026-09-07T03:34:38.507919+00:00,06_smolvlm_size_full,5,5,4.2,4.48,60.43,51.23,NVIDIA GeForce RTX 4090,36,107.1,37,6152.1,24564.0,
2026-09-07T03:34:48.519859+00:00,06_smolvlm_size_full,5,5,4.2,4.48,60.43,51.23,NVIDIA GeForce RTX 4090,36,107.55,47,6152.1,24564.0,
2026-09-07T03:34:58.531074+00:00,06_smolvlm_size_full,5,5,4.2,4.48,60.43,51.23,NVIDIA GeForce RTX 4090,38,110.1,25,6152.1,24564.0,
2026-09-07T03:35:08.542129+00:00,06_smolvlm_size_full,5,5,4.2,4.48,60.43,51.23,NVIDIA GeForce RTX 4090,37,107.56,28,6152.1,24564.0,
2026-09-07T03:35:18.553541+00:00,06_smolvlm_size_full,5,5,4.2,4.48,60.43,51.23,NVIDIA GeForce RTX 4090,37,107.62,40,6152.1,24564.0,
2026-09-07T03:35:28.564508+00:00,06_smolvlm_size_full,5,5,4.2,4.48,60.43,51.23,NVIDIA GeForce RTX 4090,38,111.23,47,6152.1,24564.0,
2026-09-07T03:35:38.575649+00:00,06_smolvlm_size_full,5,5,4.2,4.48,60.43,51.23,NVIDIA GeForce RTX 4090,38,108.37,17,6152.1,24564.0,
2026-09-07T03:35:48.588136+00:00,06_smolvlm_size_full,5,5,4.2,4.48,60.43,51.23,NVIDIA GeForce RTX 4090,38,113.33,47,6152.1,24564.0,
2026-09-07T03:35:58.599276+00:00,06_smolvlm_size_full,5,5,4.2,4.48,60.43,51.23,NVIDIA GeForce RTX 4090,37,107.43,32,6152.1,24564.0,
2026-09-07T03:36:08.610560+00:00,06_smolvlm_size_full,5,5,4.2,4.48,60.43,51.23,NVIDIA GeForce RTX 4090,37,107.54,23,6152.1,24564.0,
2026-09-07T03:36:18.623200+00:00,06_smolvlm_size_full,5,5,4.2,4.48,60.43,51.23,NVIDIA GeForce RTX 4090,36,110.2,36,6152.1,24564.0,
2026-09-07T03:36:28.634363+00:00,06_smolvlm_size_full,5,5,4.2,4.48,60.43,51.23,NVIDIA GeForce RTX 4090,37,110.67,46,6152.1,24564.0,
2026-09-07T03:36:38.647448+00:00,06_smolvlm_size_full,5,5,4.2,4.48,60.43,51.23,NVIDIA GeForce RTX 4090,37,107.86,47,6152.1,24564.0,
2026-09-07T03:36:48.659441+00:00,06_smolvlm_size_full,5,5,4.2,4.48,60.43,51.23,NVIDIA GeForce RTX 4090,37,93.13,36,6152.1,24564.0,
2026-09-07T03:36:58.670306+00:00,06_smolvlm_size_full,5,5,4.2,4.48,60.43,51.23,NVIDIA GeForce RTX 4090,36,92.94,36,6152.1,24564.0,
2026-09-07T03:37:08.681521+00:00,06_smolvlm_size_full,5,5,4.2,4.48,60.43,51.23,NVIDIA GeForce RTX 4090,36,94.85,37,6152.1,24564.0,
2026-09-07T03:37:18.692435+00:00,06_smolvlm_size_full,5,5,4.2,4.48,60.43,51.23,NVIDIA GeForce RTX 4090,37,109.12,28,6152.1,24564.0,
2026-09-07T03:37:28.703453+00:00,06_smolvlm_size_full,5,5,4.2,4.48,60.43,51.23,NVIDIA GeForce RTX 4090,37,109.93,32,6152.1,24564.0,
2026-09-07T03:37:38.714472+00:00,06_smolvlm_size_full,5,5,4.2,4.48,60.43,51.23,NVIDIA GeForce RTX 4090,38,108.94,52,6152.1,24564.0,
2026-09-07T03:37:48.725888+00:00,06_smolvlm_size_full,5,5,4.2,4.48,60.43,51.23,NVIDIA GeForce RTX 4090,37,108.2,42,6152.1,24564.0,
2026-09-07T03:37:58.737818+00:00,06_smolvlm_size_full,5,5,4.2,4.48,60.43,51.23,NVIDIA GeForce RTX 4090,37,108.01,21,6152.1,24564.0,
2026-09-07T03:38:08.749378+00:00,06_smolvlm_size_full,5,5,4.2,4.48,60.43,51.23,NVIDIA GeForce RTX 4090,37,108.81,42,6152.1,24564.0,
2026-09-07T03:38:18.760686+00:00,06_smolvlm_size_full,5,5,4.2,4.48,60.43,51.23,NVIDIA GeForce RTX 4090,38,109.54,53,6152.1,24564.0,
2026-09-07T03:38:28.771748+00:00,06_smolvlm_size_full,5,5,4.2,4.48,60.43,51.23,NVIDIA GeForce RTX 4090,38,107.63,53,6152.1,24564.0,
2026-09-07T03:38:38.785632+00:00,06_smolvlm_size_full,5,5,4.2,4.48,60.43,51.23,NVIDIA GeForce RTX 4090,36,109.57,9,6152.1,24564.0,
2026-09-07T03:38:48.797140+00:00,06_smolvlm_size_full,5,5,4.2,4.48,60.43,51.23,NVIDIA GeForce RTX 4090,37,107.42,38,6152.1,24564.0,
2026-09-07T03:38:58.808945+00:00,06_smolvlm_size_full,5,5,4.2,4.48,60.43,51.23,NVIDIA GeForce RTX 4090,38,108.06,7,6152.1,24564.0,
2026-09-07T03:39:08.820846+00:00,06_smolvlm_size_full,5,5,4.2,4.48,60.43,51.23,NVIDIA GeForce RTX 4090,37,106.56,2,6152.1,24564.0,
2026-09-07T03:39:18.839112+00:00,06_smolvlm_size_full,5,5,4.2,4.48,60.43,51.23,NVIDIA GeForce RTX 4090,37,108.67,38,6152.1,24564.0,
2026-09-07T03:39:28.850735+00:00,06_smolvlm_size_full,5,5,4.2,4.48,60.43,51.23,NVIDIA GeForce RTX 4090,36,112.16,19,6152.1,24564.0,
2026-09-07T03:39:38.862094+00:00,06_smolvlm_size_full,5,5,4.2,4.48,60.43,51.23,NVIDIA GeForce RTX 4090,38,106.89,8,6152.1,24564.0,
2026-09-07T03:39:48.873107+00:00,06_smolvlm_size_full,5,5,4.2,4.48,60.43,51.23,NVIDIA GeForce RTX 4090,36,95.88,39,6152.1,24564.0,
2026-09-07T03:39:58.884340+00:00,06_smolvlm_size_full,5,5,4.2,4.48,60.43,51.23,NVIDIA GeForce RTX 4090,35,93.08,39,6152.1,24564.0,
2026-09-07T03:40:08.895388+00:00,06_smolvlm_size_full,5,5,4.1,4.47,60.43,51.23,NVIDIA GeForce RTX 4090,37,107.75,4,6152.1,24564.0,
2026-09-07T03:40:18.907052+00:00,06_smolvlm_size_full,5,5,4.2,4.47,60.43,51.23,NVIDIA GeForce RTX 4090,36,108.27,42,6152.1,24564.0,
2026-09-07T03:40:28.920294+00:00,06_smolvlm_size_full,5,5,4.2,4.47,60.43,51.23,NVIDIA GeForce RTX 4090,36,107.87,26,6152.1,24564.0,
2026-09-07T03:40:38.931786+00:00,06_smolvlm_size_full,5,5,4.2,4.47,60.43,51.23,NVIDIA GeForce RTX 4090,38,107.55,19,6152.1,24564.0,
2026-09-07T03:40:48.944066+00:00,06_smolvlm_size_full,5,5,4.2,4.47,60.43,51.23,NVIDIA GeForce RTX 4090,36,107.6,30,6152.1,24564.0,
2026-09-07T03:40:58.955185+00:00,06_smolvlm_size_full,5,5,4.2,4.47,60.43,51.23,NVIDIA GeForce RTX 4090,36,107.96,29,6152.1,24564.0,
2026-09-07T03:41:08.966307+00:00,06_smolvlm_size_full,5,5,4.2,4.47,60.43,51.23,NVIDIA GeForce RTX 4090,37,107.18,36,6152.1,24564.0,
2026-09-07T03:41:18.978906+00:00,06_smolvlm_size_full,5,5,4.2,4.47,60.43,51.23,NVIDIA GeForce RTX 4090,37,113.57,53,6152.1,24564.0,
2026-09-07T03:41:28.989809+00:00,06_smolvlm_size_full,5,5,4.2,4.47,60.43,51.23,NVIDIA GeForce RTX 4090,37,108.35,45,6152.1,24564.0,
2026-09-07T03:41:39.001244+00:00,06_smolvlm_size_full,5,5,4.2,4.47,60.43,51.23,NVIDIA GeForce RTX 4090,36,108.02,30,6152.1,24564.0,
2026-09-07T03:41:49.013128+00:00,06_smolvlm_size_full,5,5,4.2,4.47,60.43,51.23,NVIDIA GeForce RTX 4090,38,107.46,12,6152.1,24564.0,
2026-09-07T03:41:59.025786+00:00,06_smolvlm_size_full,5,5,4.2,4.47,60.43,51.23,NVIDIA GeForce RTX 4090,36,107.69,34,6152.1,24564.0,
2026-09-07T03:42:09.037495+00:00,06_smolvlm_size_full,5,5,4.2,4.47,60.43,51.23,NVIDIA GeForce RTX 4090,37,109.36,47,6152.1,24564.0,
2026-09-07T03:42:19.049269+00:00,06_smolvlm_size_full,5,5,4.2,4.47,60.43,51.23,NVIDIA GeForce RTX 4090,36,111.73,52,6152.1,24564.0,
2026-09-07T03:42:29.060384+00:00,06_smolvlm_size_full,5,5,4.2,4.47,60.43,51.23,NVIDIA GeForce RTX 4090,37,106.68,71,6152.1,24564.0,
2026-09-07T03:42:39.071486+00:00,06_smolvlm_size_full,5,5,4.2,4.47,60.43,51.23,NVIDIA GeForce RTX 4090,36,110.53,25,6152.1,24564.0,
2026-09-07T03:42:49.083026+00:00,06_smolvlm_size_full,5,5,4.2,4.47,60.43,51.23,NVIDIA GeForce RTX 4090,36,93.45,39,6152.1,24564.0,
2026-09-07T03:42:59.094027+00:00,06_smolvlm_size_full,5,5,4.2,4.47,60.43,51.23,NVIDIA GeForce RTX 4090,36,93.99,47,6152.1,24564.0,
2026-09-07T03:43:09.105364+00:00,06_smolvlm_size_full,5,5,4.2,4.47,60.43,51.23,NVIDIA GeForce RTX 4090,36,107.72,44,6152.1,24564.0,
2026-09-07T03:43:19.116430+00:00,06_smolvlm_size_full,5,5,4.2,4.47,60.43,51.23,NVIDIA GeForce RTX 4090,36,106.21,11,6152.1,24564.0,
2026-09-07T03:43:29.127563+00:00,06_smolvlm_size_full,5,5,4.2,4.47,60.43,51.23,NVIDIA GeForce RTX 4090,36,105.74,47,6152.1,24564.0,
2026-09-07T03:43:39.139406+00:00,06_smolvlm_size_full,5,5,4.2,4.47,60.43,51.23,NVIDIA GeForce RTX 4090,36,105.4,39,6152.1,24564.0,
2026-09-07T03:43:49.159095+00:00,06_smolvlm_size_full,5,5,4.2,4.47,60.43,51.23,NVIDIA GeForce RTX 4090,37,107.72,46,6152.1,24564.0,
2026-09-07T03:43:59.171229+00:00,06_smolvlm_size_full,5,5,4.2,4.47,60.43,51.23,NVIDIA GeForce RTX 4090,36,110.07,44,6152.1,24564.0,
2026-09-07T03:44:09.182179+00:00,06_smolvlm_size_full,5,5,4.2,4.47,60.43,51.23,NVIDIA GeForce RTX 4090,36,104.53,33,6152.1,24564.0,
2026-09-07T03:44:19.193272+00:00,06_smolvlm_size_full,5,5,4.2,4.47,60.43,51.23,NVIDIA GeForce RTX 4090,36,107.7,38,6152.1,24564.0,
2026-09-07T03:44:29.204402+00:00,06_smolvlm_size_full,5,5,4.2,4.47,60.43,51.23,NVIDIA GeForce RTX 4090,37,108.24,20,6152.1,24564.0,
2026-09-07T03:44:39.215802+00:00,06_smolvlm_size_full,5,5,4.2,4.47,60.43,51.23,NVIDIA GeForce RTX 4090,36,110.87,47,6152.1,24564.0,
2026-09-07T03:44:49.227385+00:00,06_smolvlm_size_full,5,5,4.2,4.47,60.43,51.23,NVIDIA GeForce RTX 4090,36,103.77,47,6152.1,24564.0,
2026-09-07T03:44:59.238969+00:00,06_smolvlm_size_full,5,5,4.2,4.47,60.43,51.23,NVIDIA GeForce RTX 4090,38,111.03,19,6152.1,24564.0,
2026-09-07T03:45:09.250092+00:00,06_smolvlm_size_full,5,5,4.2,4.47,60.43,51.23,NVIDIA GeForce RTX 4090,36,108.66,54,6152.1,24564.0,
2026-09-07T03:45:19.261147+00:00,06_smolvlm_size_full,5,5,4.2,4.47,60.43,51.23,NVIDIA GeForce RTX 4090,36,108.22,40,6152.1,24564.0,
2026-09-07T03:45:29.272247+00:00,06_smolvlm_size_full,5,5,4.2,4.47,60.43,51.23,NVIDIA GeForce RTX 4090,37,111.43,15,6152.1,24564.0,
2026-09-07T03:45:39.283374+00:00,06_smolvlm_size_full,5,5,4.2,4.47,60.43,51.23,NVIDIA GeForce RTX 4090,36,92.83,36,6152.1,24564.0,
2026-09-07T03:45:49.294942+00:00,06_smolvlm_size_full,5,5,4.2,4.47,60.43,51.23,NVIDIA GeForce RTX 4090,36,92.85,38,6152.1,24564.0,
2026-09-07T03:45:59.306396+00:00,06_smolvlm_size_full,5,5,4.2,4.47,60.43,51.23,NVIDIA GeForce RTX 4090,36,94.03,37,6152.1,24564.0,
2026-09-07T03:46:09.318000+00:00,06_smolvlm_size_full,5,5,4.2,4.47,60.43,51.23,NVIDIA GeForce RTX 4090,36,92.42,36,5308.1,24564.0,
2026-09-07T03:46:19.329042+00:00,06_smolvlm_size_full,5,5,4.2,4.47,60.43,51.23,NVIDIA GeForce RTX 4090,35,94.24,40,5308.1,24564.0,
2026-09-07T03:46:29.340152+00:00,06_smolvlm_size_full,6,6,3.3,4.29,60.43,51.23,NVIDIA GeForce RTX 4090,37,106.71,36,6150.1,24564.0,
2026-09-07T03:46:39.351123+00:00,06_smolvlm_size_full,6,6,4.2,4.29,60.43,51.23,NVIDIA GeForce RTX 4090,35,108.39,31,6152.1,24564.0,
2026-09-07T03:46:49.362982+00:00,06_smolvlm_size_full,6,6,4.2,4.33,60.43,51.23,NVIDIA GeForce RTX 4090,36,108.0,53,6152.1,24564.0,
2026-09-07T03:46:59.373944+00:00,06_smolvlm_size_full,6,6,4.2,4.33,60.43,51.23,NVIDIA GeForce RTX 4090,36,105.7,53,6152.1,24564.0,
2026-09-07T03:47:09.386497+00:00,06_smolvlm_size_full,6,6,4.2,4.34,60.43,51.23,NVIDIA GeForce RTX 4090,37,105.19,33,6152.1,24564.0,
2026-09-07T03:47:19.397393+00:00,06_smolvlm_size_full,6,6,4.2,4.39,60.43,51.23,NVIDIA GeForce RTX 4090,36,105.12,10,6152.1,24564.0,
2026-09-07T03:47:29.408856+00:00,06_smolvlm_size_full,6,6,4.2,4.39,60.43,51.23,NVIDIA GeForce RTX 4090,37,112.77,53,6152.1,24564.0,
2026-09-07T03:47:39.420214+00:00,06_smolvlm_size_full,6,6,4.2,4.36,60.43,51.23,NVIDIA GeForce RTX 4090,37,107.82,45,6152.1,24564.0,
2026-09-07T03:47:49.431755+00:00,06_smolvlm_size_full,6,6,4.2,4.35,60.43,51.23,NVIDIA GeForce RTX 4090,38,107.16,32,6152.1,24564.0,
2026-09-07T03:47:59.443030+00:00,06_smolvlm_size_full,6,6,4.2,4.32,60.43,51.23,NVIDIA GeForce RTX 4090,36,105.42,9,6152.1,24564.0,
2026-09-07T03:48:09.453965+00:00,06_smolvlm_size_full,6,6,4.2,4.31,60.43,51.23,NVIDIA GeForce RTX 4090,36,106.03,5,6152.1,24564.0,
2026-09-07T03:48:19.465736+00:00,06_smolvlm_size_full,6,6,4.2,4.31,60.43,51.23,NVIDIA GeForce RTX 4090,36,106.72,54,6152.1,24564.0,
2026-09-07T03:48:29.477408+00:00,06_smolvlm_size_full,6,6,4.2,4.37,60.43,51.23,NVIDIA GeForce RTX 4090,37,105.14,12,6152.1,24564.0,
2026-09-07T03:48:39.488299+00:00,06_smolvlm_size_full,6,6,4.2,4.33,60.43,51.23,NVIDIA GeForce RTX 4090,36,108.31,52,6152.1,24564.0,
2026-09-07T03:48:49.499445+00:00,06_smolvlm_size_full,6,6,4.2,4.34,60.43,51.23,NVIDIA GeForce RTX 4090,36,106.86,45,6152.1,24564.0,
2026-09-07T03:48:59.510499+00:00,06_smolvlm_size_full,6,6,4.2,4.35,60.43,51.23,NVIDIA GeForce RTX 4090,37,105.24,16,6152.1,24564.0,
2026-09-07T03:49:09.521422+00:00,06_smolvlm_size_full,6,6,4.2,4.43,60.43,51.23,NVIDIA GeForce RTX 4090,36,92.12,30,6152.1,24564.0,
2026-09-07T03:49:19.532895+00:00,06_smolvlm_size_full,6,6,4.2,4.41,60.43,51.23,NVIDIA GeForce RTX 4090,36,91.56,38,6152.1,24564.0,
2026-09-07T03:49:29.544743+00:00,06_smolvlm_size_full,6,6,4.2,4.41,60.43,51.23,NVIDIA GeForce RTX 4090,36,96.03,40,6152.1,24564.0,
2026-09-07T03:49:39.556011+00:00,06_smolvlm_size_full,6,6,4.2,4.76,60.43,50.28,NVIDIA GeForce RTX 4090,36,111.4,27,6152.1,24564.0,
2026-09-07T03:49:49.567144+00:00,06_smolvlm_size_full,6,6,4.2,4.69,60.43,50.28,NVIDIA GeForce RTX 4090,36,109.86,50,6152.1,24564.0,
2026-09-07T03:49:59.579272+00:00,06_smolvlm_size_full,6,6,4.2,4.66,60.43,50.28,NVIDIA GeForce RTX 4090,37,109.34,48,6152.1,24564.0,
2026-09-07T03:50:09.590161+00:00,06_smolvlm_size_full,6,6,4.2,4.62,60.43,50.28,NVIDIA GeForce RTX 4090,37,114.22,43,6152.1,24564.0,
2026-09-07T03:50:19.608406+00:00,06_smolvlm_size_full,6,6,4.2,4.6,60.43,50.28,NVIDIA GeForce RTX 4090,37,110.0,26,6152.1,24564.0,
2026-09-07T03:50:29.619294+00:00,06_smolvlm_size_full,6,6,4.2,4.57,60.43,50.28,NVIDIA GeForce RTX 4090,36,110.62,28,6152.1,24564.0,
2026-09-07T03:50:39.633092+00:00,06_smolvlm_size_full,6,6,4.2,4.54,60.43,50.28,NVIDIA GeForce RTX 4090,36,111.79,45,6152.1,24564.0,
2026-09-07T03:50:49.644215+00:00,06_smolvlm_size_full,6,6,4.2,4.53,60.43,50.28,NVIDIA GeForce RTX 4090,36,107.25,25,6152.1,24564.0,
2026-09-07T03:50:59.662111+00:00,06_smolvlm_size_full,6,6,4.2,4.52,60.43,50.28,NVIDIA GeForce RTX 4090,37,113.77,43,6152.1,24564.0,
2026-09-07T03:51:09.673241+00:00,06_smolvlm_size_full,6,6,4.2,4.51,60.43,50.28,NVIDIA GeForce RTX 4090,37,107.87,17,6152.1,24564.0,
2026-09-07T03:51:19.686054+00:00,06_smolvlm_size_full,6,6,4.2,4.5,60.43,50.28,NVIDIA GeForce RTX 4090,38,113.79,48,6152.1,24564.0,
2026-09-07T03:51:29.697312+00:00,06_smolvlm_size_full,6,6,4.2,4.5,60.43,50.28,NVIDIA GeForce RTX 4090,37,111.17,20,6152.1,24564.0,
2026-09-07T03:51:39.710043+00:00,06_smolvlm_size_full,6,6,4.2,4.5,60.43,50.28,NVIDIA GeForce RTX 4090,36,108.94,15,6152.1,24564.0,
2026-09-07T03:51:49.723156+00:00,06_smolvlm_size_full,6,6,4.2,4.5,60.43,50.28,NVIDIA GeForce RTX 4090,38,112.18,47,6152.1,24564.0,
2026-09-07T03:51:59.734157+00:00,06_smolvlm_size_full,6,6,4.2,4.5,60.43,50.28,NVIDIA GeForce RTX 4090,36,110.14,40,6152.1,24564.0,
2026-09-07T03:52:09.745544+00:00,06_smolvlm_size_full,6,6,4.2,4.5,60.43,50.28,NVIDIA GeForce RTX 4090,36,94.3,39,6152.1,24564.0,
2026-09-07T03:52:19.757233+00:00,06_smolvlm_size_full,6,6,4.2,4.5,60.43,50.28,NVIDIA GeForce RTX 4090,36,94.6,37,6152.1,24564.0,
2026-09-07T03:52:29.768636+00:00,06_smolvlm_size_full,6,6,4.1,4.57,60.43,50.28,NVIDIA GeForce RTX 4090,36,108.62,39,6152.1,24564.0,
2026-09-07T03:52:39.779458+00:00,06_smolvlm_size_full,6,6,4.2,4.54,60.43,50.28,NVIDIA GeForce RTX 4090,37,109.08,26,6152.1,24564.0,
2026-09-07T03:52:49.790959+00:00,06_smolvlm_size_full,6,6,4.2,4.5,60.43,50.28,NVIDIA GeForce RTX 4090,37,108.41,47,6152.1,24564.0,
2026-09-07T03:52:59.804104+00:00,06_smolvlm_size_full,6,6,4.2,4.5,60.43,50.28,NVIDIA GeForce RTX 4090,38,111.59,15,6152.1,24564.0,
2026-09-07T03:53:09.815076+00:00,06_smolvlm_size_full,6,6,4.2,4.5,60.43,50.28,NVIDIA GeForce RTX 4090,36,110.38,39,6152.1,24564.0,
2026-09-07T03:53:19.826466+00:00,06_smolvlm_size_full,6,6,4.2,4.5,60.43,50.28,NVIDIA GeForce RTX 4090,38,109.78,46,6152.1,24564.0,
2026-09-07T03:53:29.838661+00:00,06_smolvlm_size_full,6,6,4.2,4.5,60.43,50.28,NVIDIA GeForce RTX 4090,37,105.1,47,6152.1,24564.0,
2026-09-07T03:53:39.849424+00:00,06_smolvlm_size_full,6,6,4.2,4.5,60.43,50.28,NVIDIA GeForce RTX 4090,36,109.15,9,6152.1,24564.0,
2026-09-07T03:53:49.860382+00:00,06_smolvlm_size_full,6,6,4.2,4.5,60.43,50.28,NVIDIA GeForce RTX 4090,37,111.44,38,6152.1,24564.0,
2026-09-07T03:53:59.871846+00:00,06_smolvlm_size_full,6,6,4.2,4.5,60.43,50.28,NVIDIA GeForce RTX 4090,37,111.36,41,6152.1,24564.0,
2026-09-07T03:54:09.883050+00:00,06_smolvlm_size_full,6,6,4.2,4.5,60.43,50.28,NVIDIA GeForce RTX 4090,37,109.21,44,6152.1,24564.0,
2026-09-07T03:54:19.896185+00:00,06_smolvlm_size_full,6,6,4.2,4.5,60.43,50.28,NVIDIA GeForce RTX 4090,38,108.54,19,6152.1,24564.0,
2026-09-07T03:54:29.907407+00:00,06_smolvlm_size_full,6,6,4.2,4.5,60.43,50.28,NVIDIA GeForce RTX 4090,37,110.18,46,6152.1,24564.0,
2026-09-07T03:54:39.918344+00:00,06_smolvlm_size_full,6,6,4.2,4.5,60.43,50.28,NVIDIA GeForce RTX 4090,36,109.24,41,6152.1,24564.0,
2026-09-07T03:54:49.930902+00:00,06_smolvlm_size_full,6,6,4.2,4.5,60.43,50.28,NVIDIA GeForce RTX 4090,37,109.06,14,6152.1,24564.0,
2026-09-07T03:54:59.942780+00:00,06_smolvlm_size_full,6,6,4.2,4.5,60.43,50.28,NVIDIA GeForce RTX 4090,37,113.91,13,6152.1,24564.0,
2026-09-07T03:55:09.954349+00:00,06_smolvlm_size_full,6,6,4.2,4.5,60.43,50.28,NVIDIA GeForce RTX 4090,36,93.83,36,6152.1,24564.0,
2026-09-07T03:55:19.965518+00:00,06_smolvlm_size_full,6,6,4.2,4.5,60.43,50.28,NVIDIA GeForce RTX 4090,35,95.23,42,6152.1,24564.0,
2026-09-07T03:55:29.976492+00:00,06_smolvlm_size_full,6,6,4.1,4.53,60.43,50.28,NVIDIA GeForce RTX 4090,36,107.58,16,6152.1,24564.0,
2026-09-07T03:55:39.987404+00:00,06_smolvlm_size_full,6,6,4.2,4.5,60.43,50.28,NVIDIA GeForce RTX 4090,37,109.88,47,6152.1,24564.0,
2026-09-07T03:55:49.999213+00:00,06_smolvlm_size_full,6,6,4.2,4.5,60.43,50.28,NVIDIA GeForce RTX 4090,37,108.95,53,6152.1,24564.0,
2026-09-07T03:56:00.010849+00:00,06_smolvlm_size_full,6,6,4.2,4.5,60.43,50.28,NVIDIA GeForce RTX 4090,36,109.15,17,6152.1,24564.0,
2026-09-07T03:56:10.022215+00:00,06_smolvlm_size_full,6,6,4.2,4.5,60.43,50.28,NVIDIA GeForce RTX 4090,36,113.46,43,6152.1,24564.0,
2026-09-07T03:56:20.033300+00:00,06_smolvlm_size_full,6,6,4.2,4.5,60.43,50.28,NVIDIA GeForce RTX 4090,36,111.52,35,6152.1,24564.0,
2026-09-07T03:56:30.044557+00:00,06_smolvlm_size_full,6,6,4.2,4.5,60.43,50.28,NVIDIA GeForce RTX 4090,37,115.04,9,6152.1,24564.0,
2026-09-07T03:56:40.057053+00:00,06_smolvlm_size_full,6,6,4.2,4.5,60.43,50.28,NVIDIA GeForce RTX 4090,37,109.72,53,6152.1,24564.0,
2026-09-07T03:56:50.067864+00:00,06_smolvlm_size_full,6,6,4.2,4.5,60.43,50.28,NVIDIA GeForce RTX 4090,36,112.07,12,6152.1,24564.0,
2026-09-07T03:57:00.078864+00:00,06_smolvlm_size_full,6,6,4.2,4.5,60.43,50.28,NVIDIA GeForce RTX 4090,38,108.85,52,6152.1,24564.0,
2026-09-07T03:57:10.090845+00:00,06_smolvlm_size_full,6,6,4.2,4.5,60.43,50.28,NVIDIA GeForce RTX 4090,36,111.19,50,6152.1,24564.0,
2026-09-07T03:57:20.101858+00:00,06_smolvlm_size_full,6,6,4.2,4.5,60.43,50.28,NVIDIA GeForce RTX 4090,37,108.67,46,6152.1,24564.0,
2026-09-07T03:57:30.112873+00:00,06_smolvlm_size_full,6,6,4.2,4.5,60.43,50.28,NVIDIA GeForce RTX 4090,36,113.56,48,6152.1,24564.0,
2026-09-07T03:57:40.124047+00:00,06_smolvlm_size_full,6,6,4.2,4.5,60.43,50.28,NVIDIA GeForce RTX 4090,36,113.85,52,6152.1,24564.0,
2026-09-07T03:57:50.135210+00:00,06_smolvlm_size_full,6,6,4.2,4.5,60.43,50.28,NVIDIA GeForce RTX 4090,36,111.87,53,6152.1,24564.0,
2026-09-07T03:58:00.146971+00:00,06_smolvlm_size_full,6,6,4.2,4.5,60.43,50.28,NVIDIA GeForce RTX 4090,36,93.59,41,6152.1,24564.0,
2026-09-07T03:58:10.159163+00:00,06_smolvlm_size_full,6,6,4.2,4.5,60.43,50.28,NVIDIA GeForce RTX 4090,36,93.38,39,6152.1,24564.0,
2026-09-07T03:58:20.171831+00:00,06_smolvlm_size_full,6,6,4.1,5.58,60.43,50.28,NVIDIA GeForce RTX 4090,35,76.26,0,6152.1,24564.0,
2026-09-07T03:58:30.182833+00:00,06_smolvlm_size_full,6,6,4.2,4.52,60.43,50.28,NVIDIA GeForce RTX 4090,38,105.03,17,6152.1,24564.0,
2026-09-07T03:58:40.194908+00:00,06_smolvlm_size_full,6,6,4.2,4.5,60.43,50.28,NVIDIA GeForce RTX 4090,37,112.71,54,6152.1,24564.0,
2026-09-07T03:58:50.205873+00:00,06_smolvlm_size_full,6,6,4.2,4.5,60.43,50.28,NVIDIA GeForce RTX 4090,36,111.77,43,6152.1,24564.0,
2026-09-07T03:59:00.216933+00:00,06_smolvlm_size_full,6,6,4.2,4.5,60.43,50.28,NVIDIA GeForce RTX 4090,38,108.8,20,6152.1,24564.0,
2026-09-07T03:59:10.230025+00:00,06_smolvlm_size_full,6,6,4.2,4.5,60.43,50.28,NVIDIA GeForce RTX 4090,36,110.17,53,6152.1,24564.0,
2026-09-07T03:59:20.240987+00:00,06_smolvlm_size_full,6,6,4.2,4.5,60.43,50.28,NVIDIA GeForce RTX 4090,36,111.33,50,6152.1,24564.0,
2026-09-07T03:59:30.252303+00:00,06_smolvlm_size_full,6,6,4.2,4.5,60.43,50.28,NVIDIA GeForce RTX 4090,38,111.62,20,6152.1,24564.0,
2026-09-07T03:59:40.263393+00:00,06_smolvlm_size_full,6,6,4.2,4.5,60.43,50.28,NVIDIA GeForce RTX 4090,37,109.68,31,6152.1,24564.0,
2026-09-07T03:59:50.275979+00:00,06_smolvlm_size_full,6,6,4.2,4.5,60.43,50.28,NVIDIA GeForce RTX 4090,37,106.32,16,6152.1,24564.0,
2026-09-07T04:00:00.287061+00:00,06_smolvlm_size_full,6,6,4.2,4.5,60.43,50.28,NVIDIA GeForce RTX 4090,38,111.6,45,6152.1,24564.0,
2026-09-07T04:00:10.300451+00:00,06_smolvlm_size_full,6,6,4.2,4.5,60.43,50.28,NVIDIA GeForce RTX 4090,36,111.78,40,6152.1,24564.0,
2026-09-07T04:00:20.311461+00:00,06_smolvlm_size_full,6,6,4.2,4.5,60.43,50.28,NVIDIA GeForce RTX 4090,37,108.86,26,6152.1,24564.0,
2026-09-07T04:00:30.322850+00:00,06_smolvlm_size_full,6,6,4.2,4.5,60.43,50.28,NVIDIA GeForce RTX 4090,37,108.45,28,6152.1,24564.0,
2026-09-07T04:00:40.335015+00:00,06_smolvlm_size_full,6,6,4.2,4.5,60.43,50.28,NVIDIA GeForce RTX 4090,36,110.51,52,6152.1,24564.0,
2026-09-07T04:00:50.345855+00:00,06_smolvlm_size_full,6,6,4.2,4.5,60.43,50.28,NVIDIA GeForce RTX 4090,37,109.02,71,6152.1,24564.0,
2026-09-07T04:01:00.357697+00:00,06_smolvlm_size_full,6,6,4.2,4.5,60.43,50.28,NVIDIA GeForce RTX 4090,36,93.68,37,6152.1,24564.0,
2026-09-07T04:01:10.368993+00:00,06_smolvlm_size_full,6,6,4.2,4.5,60.43,50.28,NVIDIA GeForce RTX 4090,36,94.97,47,6152.1,24564.0,
2026-09-07T04:01:20.380305+00:00,06_smolvlm_size_full,6,6,4.2,4.5,60.43,50.28,NVIDIA GeForce RTX 4090,37,113.48,47,6152.1,24564.0,
2026-09-07T04:01:30.391826+00:00,06_smolvlm_size_full,6,6,4.2,4.5,60.43,50.28,NVIDIA GeForce RTX 4090,36,109.56,17,6152.1,24564.0,
2026-09-07T04:01:40.403019+00:00,06_smolvlm_size_full,6,6,4.2,4.5,60.43,50.28,NVIDIA GeForce RTX 4090,37,109.45,43,6152.1,24564.0,
2026-09-07T04:01:50.414393+00:00,06_smolvlm_size_full,6,6,4.2,4.5,60.43,50.28,NVIDIA GeForce RTX 4090,36,111.36,30,6152.1,24564.0,
2026-09-07T04:02:00.425465+00:00,06_smolvlm_size_full,6,6,4.2,4.5,60.43,50.28,NVIDIA GeForce RTX 4090,37,114.49,47,6152.1,24564.0,
2026-09-07T04:02:10.436474+00:00,06_smolvlm_size_full,6,6,4.2,4.5,60.43,50.28,NVIDIA GeForce RTX 4090,36,108.65,12,6152.1,24564.0,
2026-09-07T04:02:20.450047+00:00,06_smolvlm_size_full,6,6,4.2,4.5,60.43,50.28,NVIDIA GeForce RTX 4090,37,110.69,32,6152.1,24564.0,
2026-09-07T04:02:30.461040+00:00,06_smolvlm_size_full,6,6,4.2,4.5,60.43,50.28,NVIDIA GeForce RTX 4090,36,111.0,47,6152.1,24564.0,
2026-09-07T04:02:40.473298+00:00,06_smolvlm_size_full,6,6,4.2,4.5,60.43,50.28,NVIDIA GeForce RTX 4090,36,109.36,39,6152.1,24564.0,
2026-09-07T04:02:50.484918+00:00,06_smolvlm_size_full,6,6,4.2,4.5,60.43,50.28,NVIDIA GeForce RTX 4090,37,111.8,21,6152.1,24564.0,
2026-09-07T04:03:00.495967+00:00,06_smolvlm_size_full,6,6,4.2,4.5,60.43,50.28,NVIDIA GeForce RTX 4090,36,110.48,47,6152.1,24564.0,
2026-09-07T04:03:10.507043+00:00,06_smolvlm_size_full,6,6,4.2,4.5,60.43,50.28,NVIDIA GeForce RTX 4090,37,108.51,63,6152.1,24564.0,
2026-09-07T04:03:20.519879+00:00,06_smolvlm_size_full,6,6,4.2,4.5,60.43,50.28,NVIDIA GeForce RTX 4090,39,108.41,21,6152.1,24564.0,
2026-09-07T04:03:30.531618+00:00,06_smolvlm_size_full,6,6,4.2,4.5,60.43,50.28,NVIDIA GeForce RTX 4090,36,113.94,36,6152.1,24564.0,
2026-09-07T04:03:40.542872+00:00,06_smolvlm_size_full,6,6,4.2,4.5,60.43,50.28,NVIDIA GeForce RTX 4090,38,103.82,22,6152.1,24564.0,
2026-09-07T04:03:50.556742+00:00,06_smolvlm_size_full,6,6,4.2,4.5,60.43,50.28,NVIDIA GeForce RTX 4090,36,94.47,43,6152.1,24564.0,
2026-09-07T04:04:00.568272+00:00,06_smolvlm_size_full,6,6,4.2,4.5,60.43,50.28,NVIDIA GeForce RTX 4090,36,93.19,37,6152.1,24564.0,
2026-09-07T04:04:10.579875+00:00,06_smolvlm_size_full,6,6,4.2,4.5,60.43,50.28,NVIDIA GeForce RTX 4090,36,94.48,47,6152.1,24564.0,
2026-09-07T04:04:20.590883+00:00,06_smolvlm_size_full,6,6,4.2,4.5,60.43,50.28,NVIDIA GeForce RTX 4090,36,92.41,36,5308.1,24564.0,
2026-09-07T04:04:30.602328+00:00,06_smolvlm_size_full,6,6,4.2,4.5,60.43,50.28,NVIDIA GeForce RTX 4090,35,92.94,39,5308.1,24564.0,
2026-09-07T04:04:40.613632+00:00,06_smolvlm_size_full,7,7,3.4,4.28,60.43,50.28,NVIDIA GeForce RTX 4090,35,107.39,47,6150.1,24564.0,
2026-09-07T04:04:50.625258+00:00,06_smolvlm_size_full,7,7,4.2,4.28,60.43,50.28,NVIDIA GeForce RTX 4090,36,106.43,18,6152.1,24564.0,
2026-09-07T04:05:00.636386+00:00,06_smolvlm_size_full,7,7,4.2,4.3,60.43,50.28,NVIDIA GeForce RTX 4090,36,108.19,26,6152.1,24564.0,
2026-09-07T04:05:10.647402+00:00,06_smolvlm_size_full,7,7,4.2,4.27,60.43,50.28,NVIDIA GeForce RTX 4090,38,105.66,22,6152.1,24564.0,
2026-09-07T04:05:20.659876+00:00,06_smolvlm_size_full,7,7,4.2,4.28,60.43,50.28,NVIDIA GeForce RTX 4090,38,108.33,33,6152.1,24564.0,
2026-09-07T04:05:30.671749+00:00,06_smolvlm_size_full,7,7,4.2,4.3,60.43,50.28,NVIDIA GeForce RTX 4090,37,113.71,28,6152.1,24564.0,
2026-09-07T04:05:40.682652+00:00,06_smolvlm_size_full,7,7,4.2,4.31,60.43,50.28,NVIDIA GeForce RTX 4090,37,108.78,52,6152.1,24564.0,
2026-09-07T04:05:50.694418+00:00,06_smolvlm_size_full,7,7,4.2,4.28,60.43,50.28,NVIDIA GeForce RTX 4090,37,102.63,52,6152.1,24564.0,
2026-09-07T04:06:00.706088+00:00,06_smolvlm_size_full,7,7,4.2,4.28,60.43,50.28,NVIDIA GeForce RTX 4090,37,102.01,52,6152.1,24564.0,
2026-09-07T04:06:10.717429+00:00,06_smolvlm_size_full,7,7,4.2,4.32,60.43,50.28,NVIDIA GeForce RTX 4090,36,111.76,21,6152.1,24564.0,
2026-09-07T04:06:20.728455+00:00,06_smolvlm_size_full,7,7,4.2,4.25,60.43,50.28,NVIDIA GeForce RTX 4090,37,108.08,23,6152.1,24564.0,
2026-09-07T04:06:30.741880+00:00,06_smolvlm_size_full,7,7,4.2,4.27,60.43,50.28,NVIDIA GeForce RTX 4090,37,101.26,34,6152.1,24564.0,
2026-09-07T04:06:40.754870+00:00,06_smolvlm_size_full,7,7,4.2,4.32,60.43,50.28,NVIDIA GeForce RTX 4090,36,102.06,50,6152.1,24564.0,
2026-09-07T04:06:50.766744+00:00,06_smolvlm_size_full,7,7,4.2,4.27,60.43,50.28,NVIDIA GeForce RTX 4090,36,105.16,52,6152.1,24564.0,
2026-09-07T04:07:00.777483+00:00,06_smolvlm_size_full,7,7,4.2,4.28,60.43,50.28,NVIDIA GeForce RTX 4090,36,103.77,28,6152.1,24564.0,
2026-09-07T04:07:10.788396+00:00,06_smolvlm_size_full,7,7,4.2,4.33,60.43,50.28,NVIDIA GeForce RTX 4090,37,104.65,7,6152.1,24564.0,
2026-09-07T04:07:20.799357+00:00,06_smolvlm_size_full,7,7,4.2,4.38,60.43,50.28,NVIDIA GeForce RTX 4090,36,93.14,39,6152.1,24564.0,
2026-09-07T04:07:30.810250+00:00,06_smolvlm_size_full,7,7,4.2,4.35,60.43,50.28,NVIDIA GeForce RTX 4090,35,93.27,30,6152.1,24564.0,
2026-09-07T04:07:40.821432+00:00,06_smolvlm_size_full,7,7,4.2,4.36,60.43,50.28,NVIDIA GeForce RTX 4090,35,94.5,41,6152.1,24564.0,
2026-09-07T04:07:50.832426+00:00,06_smolvlm_size_full,7,7,4.2,4.74,60.43,49.33,NVIDIA GeForce RTX 4090,36,108.84,8,6152.1,24564.0,
2026-09-07T04:08:00.844113+00:00,06_smolvlm_size_full,7,7,4.2,4.65,60.43,49.33,NVIDIA GeForce RTX 4090,36,111.81,20,6152.1,24564.0,
2026-09-07T04:08:10.855860+00:00,06_smolvlm_size_full,7,7,4.2,4.55,60.43,49.33,NVIDIA GeForce RTX 4090,38,109.37,42,6152.1,24564.0,
2026-09-07T04:08:20.868127+00:00,06_smolvlm_size_full,7,7,4.2,4.5,60.43,49.33,NVIDIA GeForce RTX 4090,37,109.2,53,6152.1,24564.0,
2026-09-07T04:08:30.881182+00:00,06_smolvlm_size_full,7,7,4.2,4.48,60.43,49.33,NVIDIA GeForce RTX 4090,36,108.83,54,6152.1,24564.0,
2026-09-07T04:08:40.892084+00:00,06_smolvlm_size_full,7,7,4.2,4.47,60.43,49.33,NVIDIA GeForce RTX 4090,38,108.98,70,6152.1,24564.0,
2026-09-07T04:08:50.905731+00:00,06_smolvlm_size_full,7,7,4.2,4.47,60.43,49.33,NVIDIA GeForce RTX 4090,36,109.86,36,6152.1,24564.0,
2026-09-07T04:09:00.916505+00:00,06_smolvlm_size_full,7,7,4.2,4.47,60.43,49.33,NVIDIA GeForce RTX 4090,36,107.15,54,6152.1,24564.0,
2026-09-07T04:09:10.929118+00:00,06_smolvlm_size_full,7,7,4.2,4.47,60.43,49.33,NVIDIA GeForce RTX 4090,37,113.0,52,6152.1,24564.0,
2026-09-07T04:09:20.940032+00:00,06_smolvlm_size_full,7,7,4.2,4.47,60.43,49.33,NVIDIA GeForce RTX 4090,37,113.39,53,6152.1,24564.0,
2026-09-07T04:09:30.951125+00:00,06_smolvlm_size_full,7,7,4.2,4.47,60.43,49.33,NVIDIA GeForce RTX 4090,37,108.42,8,6152.1,24564.0,
2026-09-07T04:09:40.962757+00:00,06_smolvlm_size_full,7,7,4.2,4.47,60.43,49.33,NVIDIA GeForce RTX 4090,38,109.1,16,6152.1,24564.0,
2026-09-07T04:09:50.973818+00:00,06_smolvlm_size_full,7,7,4.2,4.47,60.43,49.33,NVIDIA GeForce RTX 4090,36,110.15,28,6152.1,24564.0,
2026-09-07T04:10:00.984695+00:00,06_smolvlm_size_full,7,7,4.2,4.47,60.43,49.33,NVIDIA GeForce RTX 4090,37,107.33,54,6152.1,24564.0,
2026-09-07T04:10:10.995863+00:00,06_smolvlm_size_full,7,7,4.2,4.47,60.43,49.33,NVIDIA GeForce RTX 4090,37,108.12,33,6152.1,24564.0,
2026-09-07T04:10:21.009555+00:00,06_smolvlm_size_full,7,7,4.2,4.47,60.43,49.33,NVIDIA GeForce RTX 4090,37,93.46,35,6152.1,24564.0,
2026-09-07T04:10:31.020575+00:00,06_smolvlm_size_full,7,7,4.2,4.47,60.43,49.33,NVIDIA GeForce RTX 4090,37,93.08,36,6152.1,24564.0,
2026-09-07T04:10:41.031699+00:00,06_smolvlm_size_full,7,7,4.2,4.47,60.43,49.33,NVIDIA GeForce RTX 4090,36,104.81,11,6152.1,24564.0,
2026-09-07T04:10:51.043643+00:00,06_smolvlm_size_full,7,7,4.2,4.48,60.43,49.33,NVIDIA GeForce RTX 4090,38,108.36,47,6152.1,24564.0,
2026-09-07T04:11:01.054792+00:00,06_smolvlm_size_full,7,7,4.2,4.48,60.43,49.33,NVIDIA GeForce RTX 4090,36,108.63,27,6152.1,24564.0,
2026-09-07T04:11:11.066719+00:00,06_smolvlm_size_full,7,7,4.2,4.48,60.43,49.33,NVIDIA GeForce RTX 4090,36,112.87,46,6152.1,24564.0,
2026-09-07T04:11:21.079021+00:00,06_smolvlm_size_full,7,7,4.2,4.48,60.43,49.33,NVIDIA GeForce RTX 4090,37,108.55,42,6152.1,24564.0,
2026-09-07T04:11:31.090101+00:00,06_smolvlm_size_full,7,7,4.2,4.47,60.43,49.33,NVIDIA GeForce RTX 4090,36,111.85,21,6152.1,24564.0,
2026-09-07T04:11:41.101307+00:00,06_smolvlm_size_full,7,7,4.2,4.48,60.43,49.33,NVIDIA GeForce RTX 4090,38,111.28,53,6152.1,24564.0,
2026-09-07T04:11:51.112436+00:00,06_smolvlm_size_full,7,7,4.2,4.48,60.43,49.33,NVIDIA GeForce RTX 4090,38,109.25,37,6152.1,24564.0,
2026-09-07T04:12:01.128810+00:00,06_smolvlm_size_full,7,7,4.2,4.48,60.43,49.33,NVIDIA GeForce RTX 4090,36,108.9,40,6152.1,24564.0,
2026-09-07T04:12:11.141673+00:00,06_smolvlm_size_full,7,7,4.2,4.48,60.43,49.33,NVIDIA GeForce RTX 4090,38,112.97,32,6152.1,24564.0,
2026-09-07T04:12:21.152854+00:00,06_smolvlm_size_full,7,7,4.2,4.48,60.43,49.33,NVIDIA GeForce RTX 4090,37,109.61,27,6152.1,24564.0,
2026-09-07T04:12:31.165771+00:00,06_smolvlm_size_full,7,7,4.2,4.47,60.43,49.33,NVIDIA GeForce RTX 4090,37,113.05,41,6152.1,24564.0,
2026-09-07T04:12:41.178816+00:00,06_smolvlm_size_full,7,7,4.2,4.48,60.43,49.33,NVIDIA GeForce RTX 4090,37,109.31,52,6152.1,24564.0,
2026-09-07T04:12:51.190862+00:00,06_smolvlm_size_full,7,7,4.2,4.47,60.43,49.33,NVIDIA GeForce RTX 4090,36,110.97,28,6152.1,24564.0,
2026-09-07T04:13:01.201856+00:00,06_smolvlm_size_full,7,7,4.2,4.48,60.43,49.33,NVIDIA GeForce RTX 4090,37,108.69,36,6152.1,24564.0,
2026-09-07T04:13:11.213537+00:00,06_smolvlm_size_full,7,7,4.2,4.48,60.43,49.33,NVIDIA GeForce RTX 4090,36,111.16,47,6152.1,24564.0,
2026-09-07T04:13:21.224515+00:00,06_smolvlm_size_full,7,7,4.2,4.48,60.43,49.33,NVIDIA GeForce RTX 4090,37,94.42,36,6152.1,24564.0,
2026-09-07T04:13:31.235905+00:00,06_smolvlm_size_full,7,7,4.2,4.48,60.43,49.33,NVIDIA GeForce RTX 4090,36,96.53,52,6152.1,24564.0,
2026-09-07T04:13:41.247340+00:00,06_smolvlm_size_full,7,7,4.1,4.44,60.43,49.33,NVIDIA GeForce RTX 4090,37,108.04,29,6152.1,24564.0,
2026-09-07T04:13:51.258528+00:00,06_smolvlm_size_full,7,7,4.2,4.44,60.43,49.33,NVIDIA GeForce RTX 4090,37,109.75,36,6152.1,24564.0,
2026-09-07T04:14:01.270419+00:00,06_smolvlm_size_full,7,7,4.3,4.44,60.43,49.33,NVIDIA GeForce RTX 4090,38,108.87,20,6152.1,24564.0,
2026-09-07T04:14:11.283104+00:00,06_smolvlm_size_full,7,7,4.2,4.44,60.43,49.33,NVIDIA GeForce RTX 4090,37,108.97,47,6152.1,24564.0,
2026-09-07T04:14:21.294024+00:00,06_smolvlm_size_full,7,7,4.2,4.44,60.43,49.33,NVIDIA GeForce RTX 4090,37,110.75,40,6152.1,24564.0,
2026-09-07T04:14:31.305020+00:00,06_smolvlm_size_full,7,7,4.2,4.44,60.43,49.33,NVIDIA GeForce RTX 4090,38,114.33,34,6152.1,24564.0,
2026-09-07T04:14:41.316184+00:00,06_smolvlm_size_full,7,7,4.2,4.44,60.43,49.33,NVIDIA GeForce RTX 4090,36,109.0,13,6152.1,24564.0,
2026-09-07T04:14:51.330245+00:00,06_smolvlm_size_full,7,7,4.2,4.44,60.43,49.33,NVIDIA GeForce RTX 4090,36,109.91,25,6152.1,24564.0,
2026-09-07T04:15:01.341224+00:00,06_smolvlm_size_full,7,7,4.2,4.44,60.43,49.33,NVIDIA GeForce RTX 4090,37,112.38,53,6152.1,24564.0,
2026-09-07T04:15:11.352604+00:00,06_smolvlm_size_full,7,7,4.2,4.44,60.43,49.33,NVIDIA GeForce RTX 4090,36,108.54,30,6152.1,24564.0,
2026-09-07T04:15:21.363816+00:00,06_smolvlm_size_full,7,7,4.2,4.44,60.43,49.33,NVIDIA GeForce RTX 4090,36,109.0,48,6152.1,24564.0,
2026-09-07T04:15:31.374784+00:00,06_smolvlm_size_full,7,7,4.2,4.44,60.43,49.33,NVIDIA GeForce RTX 4090,36,114.59,27,6152.1,24564.0,
2026-09-07T04:15:41.385829+00:00,06_smolvlm_size_full,7,7,4.2,4.44,60.43,49.33,NVIDIA GeForce RTX 4090,37,109.4,52,6152.1,24564.0,
2026-09-07T04:15:51.397711+00:00,06_smolvlm_size_full,7,7,4.2,4.44,60.43,49.33,NVIDIA GeForce RTX 4090,38,107.93,31,6152.1,24564.0,
2026-09-07T04:16:01.408477+00:00,06_smolvlm_size_full,7,7,4.2,4.44,60.43,49.33,NVIDIA GeForce RTX 4090,37,107.75,54,6152.1,24564.0,
2026-09-07T04:16:11.421455+00:00,06_smolvlm_size_full,7,7,4.2,4.44,60.43,49.33,NVIDIA GeForce RTX 4090,36,94.58,38,6152.1,24564.0,
2026-09-07T04:16:21.432800+00:00,06_smolvlm_size_full,7,7,4.2,4.44,60.43,49.33,NVIDIA GeForce RTX 4090,36,93.3,35,6152.1,24564.0,
2026-09-07T04:16:31.443965+00:00,06_smolvlm_size_full,7,7,4.2,4.44,60.43,49.33,NVIDIA GeForce RTX 4090,36,96.42,37,6152.1,24564.0,
2026-09-07T04:16:41.455550+00:00,06_smolvlm_size_full,7,7,4.2,4.44,60.43,49.33,NVIDIA GeForce RTX 4090,36,108.59,53,6152.1,24564.0,
2026-09-07T04:16:51.466559+00:00,06_smolvlm_size_full,7,7,4.2,4.44,60.43,49.33,NVIDIA GeForce RTX 4090,37,109.84,27,6152.1,24564.0,
2026-09-07T04:17:01.478056+00:00,06_smolvlm_size_full,7,7,4.2,4.44,60.43,49.33,NVIDIA GeForce RTX 4090,37,108.39,9,6152.1,24564.0,
2026-09-07T04:17:11.489069+00:00,06_smolvlm_size_full,7,7,4.2,4.44,60.43,49.33,NVIDIA GeForce RTX 4090,38,109.65,21,6152.1,24564.0,
2026-09-07T04:17:21.500175+00:00,06_smolvlm_size_full,7,7,4.2,4.44,60.43,49.33,NVIDIA GeForce RTX 4090,37,109.02,9,6152.1,24564.0,
2026-09-07T04:17:31.511040+00:00,06_smolvlm_size_full,7,7,4.2,4.44,60.43,49.33,NVIDIA GeForce RTX 4090,37,105.55,9,6152.1,24564.0,
2026-09-07T04:17:41.522329+00:00,06_smolvlm_size_full,7,7,4.2,4.44,60.43,49.33,NVIDIA GeForce RTX 4090,37,109.45,33,6152.1,24564.0,
2026-09-07T04:17:51.533922+00:00,06_smolvlm_size_full,7,7,4.2,4.44,60.43,49.33,NVIDIA GeForce RTX 4090,37,109.5,56,6152.1,24564.0,
2026-09-07T04:18:01.545469+00:00,06_smolvlm_size_full,7,7,4.2,4.44,60.43,49.33,NVIDIA GeForce RTX 4090,36,112.33,36,6152.1,24564.0,
2026-09-07T04:18:11.556426+00:00,06_smolvlm_size_full,7,7,4.2,4.44,60.43,49.33,NVIDIA GeForce RTX 4090,37,111.14,21,6152.1,24564.0,
2026-09-07T04:18:21.568325+00:00,06_smolvlm_size_full,7,7,4.2,4.44,60.43,49.33,NVIDIA GeForce RTX 4090,36,105.82,36,6152.1,24564.0,
2026-09-07T04:18:31.580206+00:00,06_smolvlm_size_full,7,7,4.2,4.44,60.43,49.33,NVIDIA GeForce RTX 4090,37,111.39,34,6152.1,24564.0,
2026-09-07T04:18:41.591283+00:00,06_smolvlm_size_full,7,7,4.2,4.44,60.43,49.33,NVIDIA GeForce RTX 4090,37,109.66,50,6152.1,24564.0,
2026-09-07T04:18:51.602736+00:00,06_smolvlm_size_full,7,7,4.2,4.44,60.43,49.33,NVIDIA GeForce RTX 4090,37,108.44,28,6152.1,24564.0,
2026-09-07T04:19:01.615770+00:00,06_smolvlm_size_full,7,7,4.2,4.43,60.43,49.33,NVIDIA GeForce RTX 4090,36,109.08,73,6152.1,24564.0,
2026-09-07T04:19:11.628855+00:00,06_smolvlm_size_full,7,7,4.2,4.43,60.43,49.33,NVIDIA GeForce RTX 4090,37,94.31,41,6152.1,24564.0,
2026-09-07T04:19:21.639852+00:00,06_smolvlm_size_full,7,7,4.2,4.43,60.43,49.33,NVIDIA GeForce RTX 4090,36,93.53,39,6152.1,24564.0,
2026-09-07T04:19:31.650859+00:00,06_smolvlm_size_full,7,7,4.2,4.43,60.43,49.33,NVIDIA GeForce RTX 4090,36,111.25,22,6152.1,24564.0,
2026-09-07T04:19:41.663892+00:00,06_smolvlm_size_full,7,7,4.2,4.43,60.43,49.33,NVIDIA GeForce RTX 4090,36,109.76,53,6152.1,24564.0,
2026-09-07T04:19:51.675682+00:00,06_smolvlm_size_full,7,7,4.2,4.43,60.43,49.33,NVIDIA GeForce RTX 4090,36,110.53,28,6152.1,24564.0,
2026-09-07T04:20:01.686619+00:00,06_smolvlm_size_full,7,7,4.2,4.43,60.43,49.33,NVIDIA GeForce RTX 4090,38,109.39,44,6152.1,24564.0,
2026-09-07T04:20:11.698297+00:00,06_smolvlm_size_full,7,7,4.2,4.43,60.43,49.33,NVIDIA GeForce RTX 4090,37,108.44,47,6152.1,24564.0,
2026-09-07T04:20:21.709898+00:00,06_smolvlm_size_full,7,7,4.2,4.43,60.43,49.33,NVIDIA GeForce RTX 4090,36,109.67,10,6152.1,24564.0,
2026-09-07T04:20:31.721123+00:00,06_smolvlm_size_full,7,7,4.2,4.43,60.43,49.33,NVIDIA GeForce RTX 4090,36,109.15,19,6152.1,24564.0,
2026-09-07T04:20:41.732022+00:00,06_smolvlm_size_full,7,7,4.2,4.43,60.43,49.33,NVIDIA GeForce RTX 4090,36,111.13,29,6152.1,24564.0,
2026-09-07T04:20:51.743415+00:00,06_smolvlm_size_full,7,7,4.2,4.43,60.43,49.33,NVIDIA GeForce RTX 4090,37,111.49,44,6152.1,24564.0,
2026-09-07T04:21:01.757079+00:00,06_smolvlm_size_full,7,7,4.2,4.43,60.43,49.33,NVIDIA GeForce RTX 4090,36,110.37,9,6152.1,24564.0,
2026-09-07T04:21:11.770239+00:00,06_smolvlm_size_full,7,7,4.2,4.43,60.43,49.33,NVIDIA GeForce RTX 4090,36,110.69,48,6152.1,24564.0,
2026-09-07T04:21:21.781199+00:00,06_smolvlm_size_full,7,7,4.2,4.43,60.43,49.33,NVIDIA GeForce RTX 4090,37,111.28,47,6152.1,24564.0,
2026-09-07T04:21:31.793040+00:00,06_smolvlm_size_full,7,7,4.2,4.43,60.43,49.33,NVIDIA GeForce RTX 4090,37,108.52,12,6152.1,24564.0,
2026-09-07T04:21:41.804057+00:00,06_smolvlm_size_full,7,7,4.2,4.43,60.43,49.33,NVIDIA GeForce RTX 4090,36,108.9,47,6152.1,24564.0,
2026-09-07T04:21:51.815110+00:00,06_smolvlm_size_full,7,7,4.2,4.43,60.43,49.33,NVIDIA GeForce RTX 4090,36,109.84,15,6152.1,24564.0,
2026-09-07T04:22:01.825929+00:00,06_smolvlm_size_full,7,7,4.2,4.43,60.43,49.33,NVIDIA GeForce RTX 4090,36,96.25,40,6152.1,24564.0,
2026-09-07T04:22:11.837052+00:00,06_smolvlm_size_full,7,7,4.2,4.43,60.43,49.33,NVIDIA GeForce RTX 4090,36,93.39,37,6152.1,24564.0,
2026-09-07T04:22:21.848454+00:00,06_smolvlm_size_full,7,7,4.2,4.43,60.43,49.33,NVIDIA GeForce RTX 4090,36,96.28,47,6152.1,24564.0,
2026-09-07T04:22:31.859659+00:00,06_smolvlm_size_full,7,7,4.2,4.43,60.43,49.33,NVIDIA GeForce RTX 4090,35,93.21,36,5308.1,24564.0,
2026-09-07T04:22:41.871017+00:00,06_smolvlm_size_full,7,7,4.2,4.43,60.43,49.33,NVIDIA GeForce RTX 4090,36,95.19,35,5308.1,24564.0,
2026-09-07T04:22:51.882931+00:00,06_smolvlm_size_full,8,8,3.3,4.3,60.43,49.33,NVIDIA GeForce RTX 4090,35,111.62,22,6150.1,24564.0,
2026-09-07T04:23:01.893807+00:00,06_smolvlm_size_full,8,8,4.2,4.35,60.43,49.33,NVIDIA GeForce RTX 4090,35,106.81,59,6152.1,24564.0,
2026-09-07T04:23:11.904860+00:00,06_smolvlm_size_full,8,8,4.2,4.34,60.43,49.33,NVIDIA GeForce RTX 4090,36,109.56,35,6152.1,24564.0,
2026-09-07T04:23:21.915729+00:00,06_smolvlm_size_full,8,8,4.2,4.31,60.43,49.33,NVIDIA GeForce RTX 4090,36,104.84,47,6152.1,24564.0,
2026-09-07T04:23:31.927202+00:00,06_smolvlm_size_full,8,8,4.2,4.34,60.43,49.33,NVIDIA GeForce RTX 4090,35,110.23,47,6152.1,24564.0,
2026-09-07T04:23:41.938458+00:00,06_smolvlm_size_full,8,8,4.2,4.36,60.43,49.33,NVIDIA GeForce RTX 4090,37,106.43,11,6152.1,24564.0,
2026-09-07T04:23:51.951475+00:00,06_smolvlm_size_full,8,8,4.2,4.33,60.43,49.33,NVIDIA GeForce RTX 4090,37,109.38,26,6152.1,24564.0,
2026-09-07T04:24:01.963428+00:00,06_smolvlm_size_full,8,8,4.2,4.31,60.43,49.33,NVIDIA GeForce RTX 4090,36,104.41,14,6152.1,24564.0,
2026-09-07T04:24:11.974366+00:00,06_smolvlm_size_full,8,8,4.2,4.31,60.43,49.33,NVIDIA GeForce RTX 4090,35,105.04,23,6152.1,24564.0,
2026-09-07T04:24:21.987822+00:00,06_smolvlm_size_full,8,8,4.2,4.33,60.43,49.33,NVIDIA GeForce RTX 4090,37,109.32,47,6152.1,24564.0,
2026-09-07T04:24:31.998948+00:00,06_smolvlm_size_full,8,8,4.2,4.33,60.43,49.33,NVIDIA GeForce RTX 4090,37,109.39,44,6152.1,24564.0,
2026-09-07T04:24:42.010119+00:00,06_smolvlm_size_full,8,8,4.2,4.29,60.43,49.33,NVIDIA GeForce RTX 4090,38,107.75,38,6152.1,24564.0,
2026-09-07T04:24:52.020983+00:00,06_smolvlm_size_full,8,8,4.2,4.33,60.43,49.33,NVIDIA GeForce RTX 4090,36,107.33,32,6152.1,24564.0,
2026-09-07T04:25:02.032830+00:00,06_smolvlm_size_full,8,8,4.2,4.32,60.43,49.33,NVIDIA GeForce RTX 4090,36,104.33,48,6152.1,24564.0,
2026-09-07T04:25:12.043620+00:00,06_smolvlm_size_full,8,8,4.2,4.31,60.43,49.33,NVIDIA GeForce RTX 4090,38,102.09,49,6152.1,24564.0,
2026-09-07T04:25:22.055261+00:00,06_smolvlm_size_full,8,8,4.2,4.33,60.43,49.33,NVIDIA GeForce RTX 4090,37,104.61,49,6152.1,24564.0,
2026-09-07T04:25:32.067574+00:00,06_smolvlm_size_full,8,8,4.2,4.39,60.43,49.33,NVIDIA GeForce RTX 4090,36,91.95,32,6152.1,24564.0,
2026-09-07T04:25:42.078642+00:00,06_smolvlm_size_full,8,8,4.2,4.39,60.43,49.33,NVIDIA GeForce RTX 4090,35,92.15,32,6152.1,24564.0,
2026-09-07T04:25:52.089602+00:00,06_smolvlm_size_full,8,8,4.2,4.38,60.43,49.33,NVIDIA GeForce RTX 4090,35,95.8,39,6152.1,24564.0,
2026-09-07T04:26:02.100840+00:00,06_smolvlm_size_full,8,8,4.2,4.75,60.43,48.38,NVIDIA GeForce RTX 4090,37,108.32,32,6152.1,24564.0,
2026-09-07T04:26:12.112195+00:00,06_smolvlm_size_full,8,8,4.2,4.67,60.43,48.38,NVIDIA GeForce RTX 4090,36,110.23,53,6152.1,24564.0,
2026-09-07T04:26:22.123819+00:00,06_smolvlm_size_full,8,8,4.2,4.59,60.43,48.38,NVIDIA GeForce RTX 4090,37,110.17,0,6152.1,24564.0,
2026-09-07T04:26:32.135234+00:00,06_smolvlm_size_full,8,8,4.2,4.54,60.43,48.38,NVIDIA GeForce RTX 4090,36,112.77,32,6152.1,24564.0,
2026-09-07T04:26:42.146296+00:00,06_smolvlm_size_full,8,8,4.2,4.51,60.43,48.38,NVIDIA GeForce RTX 4090,37,110.35,76,6152.1,24564.0,
2026-09-07T04:26:52.157406+00:00,06_smolvlm_size_full,8,8,4.2,4.5,60.43,48.38,NVIDIA GeForce RTX 4090,38,108.8,26,6152.1,24564.0,
2026-09-07T04:27:02.168379+00:00,06_smolvlm_size_full,8,8,4.2,4.5,60.43,48.38,NVIDIA GeForce RTX 4090,37,108.72,30,6152.1,24564.0,
2026-09-07T04:27:12.180145+00:00,06_smolvlm_size_full,8,8,4.2,4.49,60.43,48.38,NVIDIA GeForce RTX 4090,36,113.98,49,6152.1,24564.0,
2026-09-07T04:27:22.191084+00:00,06_smolvlm_size_full,8,8,4.2,4.49,60.43,48.38,NVIDIA GeForce RTX 4090,37,109.44,13,6152.1,24564.0,
2026-09-07T04:27:32.202151+00:00,06_smolvlm_size_full,8,8,4.2,4.49,60.43,48.38,NVIDIA GeForce RTX 4090,38,109.45,20,6152.1,24564.0,
2026-09-07T04:27:42.213146+00:00,06_smolvlm_size_full,8,8,4.2,4.49,60.43,48.38,NVIDIA GeForce RTX 4090,37,108.05,22,6152.1,24564.0,
2026-09-07T04:27:52.225207+00:00,06_smolvlm_size_full,8,8,4.2,4.49,60.43,48.38,NVIDIA GeForce RTX 4090,37,110.61,18,6152.1,24564.0,
2026-09-07T04:28:02.236195+00:00,06_smolvlm_size_full,8,8,4.2,4.49,60.43,48.38,NVIDIA GeForce RTX 4090,37,114.44,27,6152.1,24564.0,
2026-09-07T04:28:12.247039+00:00,06_smolvlm_size_full,8,8,4.2,4.49,60.43,48.38,NVIDIA GeForce RTX 4090,37,111.16,21,6152.1,24564.0,
2026-09-07T04:28:22.258039+00:00,06_smolvlm_size_full,8,8,4.2,4.49,60.43,48.38,NVIDIA GeForce RTX 4090,37,112.27,38,6152.1,24564.0,
2026-09-07T04:28:32.277694+00:00,06_smolvlm_size_full,8,8,4.2,4.49,60.43,48.38,NVIDIA GeForce RTX 4090,36,93.16,39,6152.1,24564.0,
2026-09-07T04:28:42.290035+00:00,06_smolvlm_size_full,8,8,4.2,4.49,60.43,48.38,NVIDIA GeForce RTX 4090,37,93.21,41,6152.1,24564.0,
2026-09-07T04:28:52.302069+00:00,06_smolvlm_size_full,8,8,4.1,4.55,60.43,48.38,NVIDIA GeForce RTX 4090,36,104.87,50,6152.1,24564.0,
2026-09-07T04:29:02.313114+00:00,06_smolvlm_size_full,8,8,4.2,4.49,60.43,48.38,NVIDIA GeForce RTX 4090,37,108.62,71,6152.1,24564.0,
2026-09-07T04:29:12.324090+00:00,06_smolvlm_size_full,8,8,4.2,4.48,60.43,48.38,NVIDIA GeForce RTX 4090,37,111.97,21,6152.1,24564.0,
2026-09-07T04:29:22.335512+00:00,06_smolvlm_size_full,8,8,4.2,4.48,60.43,48.38,NVIDIA GeForce RTX 4090,37,109.63,47,6152.1,24564.0,
2026-09-07T04:29:32.346568+00:00,06_smolvlm_size_full,8,8,4.2,4.48,60.43,48.38,NVIDIA GeForce RTX 4090,37,109.05,24,6152.1,24564.0,
2026-09-07T04:29:42.358238+00:00,06_smolvlm_size_full,8,8,4.2,4.47,60.43,48.38,NVIDIA GeForce RTX 4090,38,109.15,35,6152.1,24564.0,
2026-09-07T04:29:52.370637+00:00,06_smolvlm_size_full,8,8,4.2,4.47,60.43,48.38,NVIDIA GeForce RTX 4090,36,110.28,30,6152.1,24564.0,
2026-09-07T04:30:02.382073+00:00,06_smolvlm_size_full,8,8,4.2,4.47,60.43,48.38,NVIDIA GeForce RTX 4090,36,108.97,33,6152.1,24564.0,
2026-09-07T04:30:12.393122+00:00,06_smolvlm_size_full,8,8,4.2,4.47,60.43,48.38,NVIDIA GeForce RTX 4090,36,113.36,12,6152.1,24564.0,
2026-09-07T04:30:22.405742+00:00,06_smolvlm_size_full,8,8,4.2,4.47,60.43,48.38,NVIDIA GeForce RTX 4090,37,111.94,30,6152.1,24564.0,
2026-09-07T04:30:32.416727+00:00,06_smolvlm_size_full,8,8,4.2,4.47,60.43,48.38,NVIDIA GeForce RTX 4090,37,108.58,33,6152.1,24564.0,
2026-09-07T04:30:42.428320+00:00,06_smolvlm_size_full,8,8,4.2,4.47,60.43,48.38,NVIDIA GeForce RTX 4090,37,110.36,25,6152.1,24564.0,
2026-09-07T04:30:52.439645+00:00,06_smolvlm_size_full,8,8,4.2,4.47,60.43,48.38,NVIDIA GeForce RTX 4090,38,110.36,24,6152.1,24564.0,
2026-09-07T04:31:02.451091+00:00,06_smolvlm_size_full,8,8,4.2,4.47,60.43,48.38,NVIDIA GeForce RTX 4090,36,111.64,44,6152.1,24564.0,
2026-09-07T04:31:12.462285+00:00,06_smolvlm_size_full,8,8,4.2,4.47,60.43,48.38,NVIDIA GeForce RTX 4090,37,108.92,21,6152.1,24564.0,
2026-09-07T04:31:22.473675+00:00,06_smolvlm_size_full,8,8,4.2,4.47,60.43,48.38,NVIDIA GeForce RTX 4090,36,111.91,47,6152.1,24564.0,
2026-09-07T04:31:32.484885+00:00,06_smolvlm_size_full,8,8,4.2,4.47,60.43,48.38,NVIDIA GeForce RTX 4090,36,95.22,41,6152.1,24564.0,
2026-09-07T04:31:42.496099+00:00,06_smolvlm_size_full,8,8,4.2,4.47,60.43,48.38,NVIDIA GeForce RTX 4090,36,94.34,36,6152.1,24564.0,
2026-09-07T04:31:52.507126+00:00,06_smolvlm_size_full,8,8,4.1,4.52,60.43,48.38,NVIDIA GeForce RTX 4090,36,110.61,34,6152.1,24564.0,
2026-09-07T04:32:02.518581+00:00,06_smolvlm_size_full,8,8,4.2,4.48,60.43,48.38,NVIDIA GeForce RTX 4090,37,108.87,27,6152.1,24564.0,
2026-09-07T04:32:12.530422+00:00,06_smolvlm_size_full,8,8,4.2,4.47,60.43,48.38,NVIDIA GeForce RTX 4090,36,107.26,39,6152.1,24564.0,
2026-09-07T04:32:22.546089+00:00,06_smolvlm_size_full,8,8,4.2,4.47,60.43,48.38,NVIDIA GeForce RTX 4090,37,109.4,16,6152.1,24564.0,
2026-09-07T04:32:32.557390+00:00,06_smolvlm_size_full,8,8,4.2,4.47,60.43,48.38,NVIDIA GeForce RTX 4090,36,110.72,47,6152.1,24564.0,
2026-09-07T04:32:42.568442+00:00,06_smolvlm_size_full,8,8,4.2,4.47,60.43,48.38,NVIDIA GeForce RTX 4090,36,107.53,71,6152.1,24564.0,
2026-09-07T04:32:52.579458+00:00,06_smolvlm_size_full,8,8,4.2,4.47,60.43,48.38,NVIDIA GeForce RTX 4090,36,111.16,40,6152.1,24564.0,
2026-09-07T04:33:02.590584+00:00,06_smolvlm_size_full,8,8,4.2,4.47,60.43,48.38,NVIDIA GeForce RTX 4090,36,108.56,47,6152.1,24564.0,
2026-09-07T04:33:12.601530+00:00,06_smolvlm_size_full,8,8,4.2,4.47,60.43,48.38,NVIDIA GeForce RTX 4090,36,108.64,41,6152.1,24564.0,
2026-09-07T04:33:22.612839+00:00,06_smolvlm_size_full,8,8,4.2,4.47,60.43,48.38,NVIDIA GeForce RTX 4090,36,109.14,18,6152.1,24564.0,
2026-09-07T04:33:32.624040+00:00,06_smolvlm_size_full,8,8,4.2,4.47,60.43,48.38,NVIDIA GeForce RTX 4090,36,108.9,8,6152.1,24564.0,
2026-09-07T04:33:42.635207+00:00,06_smolvlm_size_full,8,8,4.2,4.47,60.43,48.38,NVIDIA GeForce RTX 4090,38,108.9,29,6152.1,24564.0,
2026-09-07T04:33:52.646286+00:00,06_smolvlm_size_full,8,8,4.2,4.47,60.43,48.38,NVIDIA GeForce RTX 4090,37,111.96,43,6152.1,24564.0,
2026-09-07T04:34:02.657237+00:00,06_smolvlm_size_full,8,8,4.2,4.47,60.43,48.38,NVIDIA GeForce RTX 4090,38,112.66,35,6152.1,24564.0,
2026-09-07T04:34:12.668760+00:00,06_smolvlm_size_full,8,8,4.2,4.47,60.43,48.38,NVIDIA GeForce RTX 4090,38,107.97,28,6152.1,24564.0,
2026-09-07T04:34:22.680117+00:00,06_smolvlm_size_full,8,8,4.2,4.47,60.43,48.38,NVIDIA GeForce RTX 4090,37,95.39,37,6152.1,24564.0,
2026-09-07T04:34:32.691247+00:00,06_smolvlm_size_full,8,8,4.2,4.47,60.43,48.38,NVIDIA GeForce RTX 4090,36,95.23,41,6152.1,24564.0,
2026-09-07T04:34:42.702494+00:00,06_smolvlm_size_full,8,8,4.2,4.47,60.43,48.38,NVIDIA GeForce RTX 4090,35,95.48,44,6152.1,24564.0,
2026-09-07T04:34:52.714133+00:00,06_smolvlm_size_full,8,8,4.1,4.49,60.43,48.38,NVIDIA GeForce RTX 4090,37,104.6,50,6152.1,24564.0,
2026-09-07T04:35:02.725062+00:00,06_smolvlm_size_full,8,8,4.2,4.47,60.43,48.38,NVIDIA GeForce RTX 4090,36,105.14,18,6152.1,24564.0,
2026-09-07T04:35:12.736273+00:00,06_smolvlm_size_full,8,8,4.2,4.47,60.43,48.38,NVIDIA GeForce RTX 4090,37,109.77,26,6152.1,24564.0,
2026-09-07T04:35:22.747084+00:00,06_smolvlm_size_full,8,8,4.2,4.47,60.43,48.38,NVIDIA GeForce RTX 4090,37,111.55,76,6152.1,24564.0,
2026-09-07T04:35:32.758295+00:00,06_smolvlm_size_full,8,8,4.2,4.47,60.43,48.38,NVIDIA GeForce RTX 4090,37,115.8,32,6152.1,24564.0,
2026-09-07T04:35:42.769381+00:00,06_smolvlm_size_full,8,8,4.2,4.47,60.43,48.38,NVIDIA GeForce RTX 4090,36,111.65,46,6152.1,24564.0,
2026-09-07T04:35:52.780693+00:00,06_smolvlm_size_full,8,8,4.2,4.47,60.43,48.38,NVIDIA GeForce RTX 4090,36,104.67,53,6152.1,24564.0,
2026-09-07T04:36:02.798991+00:00,06_smolvlm_size_full,8,8,4.2,4.47,60.43,48.38,NVIDIA GeForce RTX 4090,36,109.11,53,6152.1,24564.0,
2026-09-07T04:36:12.809879+00:00,06_smolvlm_size_full,8,8,4.2,4.47,60.43,48.38,NVIDIA GeForce RTX 4090,38,108.57,7,6152.1,24564.0,
2026-09-07T04:36:22.823893+00:00,06_smolvlm_size_full,8,8,4.2,4.47,60.43,48.38,NVIDIA GeForce RTX 4090,36,108.94,53,6152.1,24564.0,
2026-09-07T04:36:32.836361+00:00,06_smolvlm_size_full,8,8,4.2,4.47,60.43,48.38,NVIDIA GeForce RTX 4090,38,110.35,43,6152.1,24564.0,
2026-09-07T04:36:42.847936+00:00,06_smolvlm_size_full,8,8,4.2,4.47,60.43,48.38,NVIDIA GeForce RTX 4090,36,109.78,28,6152.1,24564.0,
2026-09-07T04:36:52.860701+00:00,06_smolvlm_size_full,8,8,4.2,4.47,60.43,48.38,NVIDIA GeForce RTX 4090,37,109.12,46,6152.1,24564.0,
2026-09-07T04:37:02.873869+00:00,06_smolvlm_size_full,8,8,4.2,4.47,60.43,48.38,NVIDIA GeForce RTX 4090,36,108.71,19,6152.1,24564.0,
2026-09-07T04:37:12.885862+00:00,06_smolvlm_size_full,8,8,4.2,4.47,60.43,48.38,NVIDIA GeForce RTX 4090,37,109.13,12,6152.1,24564.0,
2026-09-07T04:37:22.897198+00:00,06_smolvlm_size_full,8,8,4.2,4.47,60.43,48.38,NVIDIA GeForce RTX 4090,36,94.57,39,6152.1,24564.0,
2026-09-07T04:37:32.908376+00:00,06_smolvlm_size_full,8,8,4.2,4.47,60.43,48.38,NVIDIA GeForce RTX 4090,36,94.32,38,6152.1,24564.0,
2026-09-07T04:37:42.919775+00:00,06_smolvlm_size_full,8,8,4.1,4.54,60.43,48.38,NVIDIA GeForce RTX 4090,35,71.93,15,6152.1,24564.0,
2026-09-07T04:37:52.931126+00:00,06_smolvlm_size_full,8,8,4.2,4.53,60.43,48.38,NVIDIA GeForce RTX 4090,37,109.18,26,6152.1,24564.0,
2026-09-07T04:38:02.943060+00:00,06_smolvlm_size_full,8,8,4.2,4.48,60.43,48.38,NVIDIA GeForce RTX 4090,36,112.38,31,6152.1,24564.0,
2026-09-07T04:38:12.954130+00:00,06_smolvlm_size_full,8,8,4.2,4.47,60.43,48.38,NVIDIA GeForce RTX 4090,36,109.9,50,6152.1,24564.0,
2026-09-07T04:38:22.965625+00:00,06_smolvlm_size_full,8,8,4.2,4.47,60.43,48.38,NVIDIA GeForce RTX 4090,37,104.95,47,6152.1,24564.0,
2026-09-07T04:38:32.983653+00:00,06_smolvlm_size_full,8,8,4.2,4.47,60.43,48.38,NVIDIA GeForce RTX 4090,36,110.8,38,6152.1,24564.0,
2026-09-07T04:38:42.995587+00:00,06_smolvlm_size_full,8,8,4.2,4.47,60.43,48.38,NVIDIA GeForce RTX 4090,38,109.39,47,6152.1,24564.0,
2026-09-07T04:38:53.006461+00:00,06_smolvlm_size_full,8,8,4.2,4.47,60.43,48.38,NVIDIA GeForce RTX 4090,37,110.02,41,6152.1,24564.0,
2026-09-07T04:39:03.017457+00:00,06_smolvlm_size_full,8,8,4.2,4.47,60.43,48.38,NVIDIA GeForce RTX 4090,36,109.32,17,6152.1,24564.0,
2026-09-07T04:39:13.028495+00:00,06_smolvlm_size_full,8,8,4.2,4.47,60.43,48.38,NVIDIA GeForce RTX 4090,37,112.53,16,6152.1,24564.0,
2026-09-07T04:39:23.039681+00:00,06_smolvlm_size_full,8,8,4.2,4.47,60.43,48.38,NVIDIA GeForce RTX 4090,36,110.66,27,6152.1,24564.0,
2026-09-07T04:39:33.050747+00:00,06_smolvlm_size_full,8,8,4.2,4.47,60.43,48.38,NVIDIA GeForce RTX 4090,37,107.73,18,6152.1,24564.0,
2026-09-07T04:39:43.061946+00:00,06_smolvlm_size_full,8,8,4.2,4.47,60.43,48.38,NVIDIA GeForce RTX 4090,37,110.11,47,6152.1,24564.0,
2026-09-07T04:39:53.073475+00:00,06_smolvlm_size_full,8,8,4.2,4.47,60.43,48.38,NVIDIA GeForce RTX 4090,37,112.81,22,6152.1,24564.0,
2026-09-07T04:40:03.085129+00:00,06_smolvlm_size_full,8,8,4.2,4.47,60.43,48.38,NVIDIA GeForce RTX 4090,39,112.54,27,6152.1,24564.0,
2026-09-07T04:40:13.096043+00:00,06_smolvlm_size_full,8,8,4.2,4.47,60.43,48.38,NVIDIA GeForce RTX 4090,37,110.87,47,6152.1,24564.0,
2026-09-07T04:40:23.107168+00:00,06_smolvlm_size_full,8,8,4.2,4.47,60.43,48.38,NVIDIA GeForce RTX 4090,36,94.21,40,6152.1,24564.0,
2026-09-07T04:40:33.118465+00:00,06_smolvlm_size_full,8,8,4.2,4.47,60.43,48.38,NVIDIA GeForce RTX 4090,36,94.01,43,6152.1,24564.0,
2026-09-07T04:40:43.130297+00:00,06_smolvlm_size_full,8,8,4.2,4.47,60.43,48.38,NVIDIA GeForce RTX 4090,36,95.16,36,5308.1,24564.0,
2026-09-07T04:40:53.141763+00:00,06_smolvlm_size_full,8,8,4.2,4.47,60.43,48.38,NVIDIA GeForce RTX 4090,35,93.79,47,5308.1,24564.0,
2026-09-07T04:41:03.152674+00:00,06_smolvlm_size_full,9,9,3.4,3.4,60.43,48.38,NVIDIA GeForce RTX 4090,33,34.73,0,628.8,24564.0,
2026-09-07T04:41:13.164078+00:00,06_smolvlm_size_full,9,9,4.1,4.27,60.43,48.38,NVIDIA GeForce RTX 4090,36,108.15,19,6152.1,24564.0,
2026-09-07T04:41:23.175244+00:00,06_smolvlm_size_full,9,9,4.2,4.29,60.43,48.38,NVIDIA GeForce RTX 4090,38,108.98,38,6152.1,24564.0,
2026-09-07T04:41:33.186357+00:00,06_smolvlm_size_full,9,9,4.2,4.3,60.43,48.38,NVIDIA GeForce RTX 4090,36,109.19,37,6152.1,24564.0,
2026-09-07T04:41:43.197903+00:00,06_smolvlm_size_full,9,9,4.2,4.32,60.43,48.38,NVIDIA GeForce RTX 4090,37,106.01,8,6152.1,24564.0,
2026-09-07T04:41:53.208695+00:00,06_smolvlm_size_full,9,9,4.2,4.3,60.43,48.38,NVIDIA GeForce RTX 4090,38,101.13,39,6152.1,24564.0,
2026-09-07T04:42:03.219754+00:00,06_smolvlm_size_full,9,9,4.2,4.28,60.43,48.38,NVIDIA GeForce RTX 4090,36,104.73,47,6152.1,24564.0,
2026-09-07T04:42:13.231441+00:00,06_smolvlm_size_full,9,9,4.2,4.26,60.43,48.38,NVIDIA GeForce RTX 4090,36,108.81,9,6152.1,24564.0,
2026-09-07T04:42:23.242504+00:00,06_smolvlm_size_full,9,9,4.2,4.28,60.43,48.38,NVIDIA GeForce RTX 4090,36,104.33,24,6152.1,24564.0,
2026-09-07T04:42:33.255453+00:00,06_smolvlm_size_full,9,9,4.2,4.29,60.43,48.38,NVIDIA GeForce RTX 4090,36,104.62,47,6152.1,24564.0,
2026-09-07T04:42:43.266344+00:00,06_smolvlm_size_full,9,9,4.2,4.27,60.43,48.38,NVIDIA GeForce RTX 4090,37,109.11,53,6152.1,24564.0,
2026-09-07T04:42:53.277429+00:00,06_smolvlm_size_full,9,9,4.2,4.26,60.43,48.38,NVIDIA GeForce RTX 4090,37,109.01,50,6152.1,24564.0,
2026-09-07T04:43:03.288466+00:00,06_smolvlm_size_full,9,9,4.2,4.28,60.43,48.38,NVIDIA GeForce RTX 4090,37,104.83,42,6152.1,24564.0,
2026-09-07T04:43:13.301420+00:00,06_smolvlm_size_full,9,9,4.2,4.29,60.43,48.38,NVIDIA GeForce RTX 4090,36,108.55,15,6152.1,24564.0,
2026-09-07T04:43:23.312313+00:00,06_smolvlm_size_full,9,9,4.2,4.29,60.43,48.38,NVIDIA GeForce RTX 4090,36,109.16,5,6157.6,24564.0,
2026-09-07T04:43:33.323618+00:00,06_smolvlm_size_full,9,9,4.2,4.29,60.43,48.38,NVIDIA GeForce RTX 4090,36,109.42,46,6157.6,24564.0,
2026-09-07T04:43:43.335266+00:00,06_smolvlm_size_full,9,9,4.2,4.31,60.43,48.38,NVIDIA GeForce RTX 4090,37,108.32,38,6157.6,24564.0,
2026-09-07T04:43:53.347844+00:00,06_smolvlm_size_full,9,9,4.2,4.37,60.43,48.38,NVIDIA GeForce RTX 4090,36,93.75,40,6157.6,24564.0,
2026-09-07T04:44:03.359284+00:00,06_smolvlm_size_full,9,9,4.2,4.37,60.43,48.38,NVIDIA GeForce RTX 4090,35,93.89,31,6157.6,24564.0,
2026-09-07T04:44:13.370750+00:00,06_smolvlm_size_full,9,9,4.2,4.73,60.43,47.43,NVIDIA GeForce RTX 4090,36,110.75,16,6157.6,24564.0,
2026-09-07T04:44:23.382365+00:00,06_smolvlm_size_full,9,9,4.2,4.66,60.43,47.43,NVIDIA GeForce RTX 4090,36,108.33,44,6157.6,24564.0,
2026-09-07T04:44:33.393581+00:00,06_smolvlm_size_full,9,9,4.2,4.55,60.43,47.43,NVIDIA GeForce RTX 4090,37,111.75,25,6157.6,24564.0,
2026-09-07T04:44:43.404520+00:00,06_smolvlm_size_full,9,9,4.2,4.5,60.43,47.43,NVIDIA GeForce RTX 4090,37,105.92,38,6157.6,24564.0,
2026-09-07T04:44:53.417387+00:00,06_smolvlm_size_full,9,9,4.2,4.48,60.43,47.43,NVIDIA GeForce RTX 4090,37,109.78,11,6157.6,24564.0,
2026-09-07T04:45:03.428726+00:00,06_smolvlm_size_full,9,9,4.2,4.45,60.43,47.43,NVIDIA GeForce RTX 4090,38,111.98,17,6157.6,24564.0,
2026-09-07T04:45:13.439960+00:00,06_smolvlm_size_full,9,9,4.2,4.44,60.43,47.43,NVIDIA GeForce RTX 4090,38,112.72,15,6157.6,24564.0,
2026-09-07T04:45:23.451779+00:00,06_smolvlm_size_full,9,9,4.2,4.44,60.43,47.43,NVIDIA GeForce RTX 4090,37,109.22,6,6157.6,24564.0,
2026-09-07T04:45:33.462822+00:00,06_smolvlm_size_full,9,9,4.2,4.44,60.43,47.43,NVIDIA GeForce RTX 4090,38,109.95,14,6157.6,24564.0,
2026-09-07T04:45:43.474472+00:00,06_smolvlm_size_full,9,9,4.2,4.44,60.43,47.43,NVIDIA GeForce RTX 4090,37,105.65,21,6157.6,24564.0,
2026-09-07T04:45:53.486442+00:00,06_smolvlm_size_full,9,9,4.2,4.44,60.43,47.43,NVIDIA GeForce RTX 4090,36,109.41,40,6157.6,24564.0,
2026-09-07T04:46:03.498425+00:00,06_smolvlm_size_full,9,9,4.2,4.44,60.43,47.43,NVIDIA GeForce RTX 4090,38,110.82,22,6157.6,24564.0,
2026-09-07T04:46:13.509733+00:00,06_smolvlm_size_full,9,9,4.2,4.44,60.43,47.43,NVIDIA GeForce RTX 4090,36,109.38,79,6157.6,24564.0,
2026-09-07T04:46:23.520607+00:00,06_smolvlm_size_full,9,9,4.2,4.44,60.43,47.43,NVIDIA GeForce RTX 4090,36,111.76,40,6157.6,24564.0,
2026-09-07T04:46:33.532515+00:00,06_smolvlm_size_full,9,9,4.2,4.44,60.43,47.43,NVIDIA GeForce RTX 4090,38,108.34,13,6157.6,24564.0,
2026-09-07T04:46:43.543629+00:00,06_smolvlm_size_full,9,9,4.2,4.44,60.43,47.43,NVIDIA GeForce RTX 4090,36,106.24,53,6157.6,24564.0,
2026-09-07T04:46:53.555078+00:00,06_smolvlm_size_full,9,9,4.2,4.44,60.43,47.43,NVIDIA GeForce RTX 4090,36,94.14,37,6157.6,24564.0,
2026-09-07T04:47:03.566540+00:00,06_smolvlm_size_full,9,9,4.2,4.44,60.43,47.43,NVIDIA GeForce RTX 4090,36,95.74,46,6157.6,24564.0,
2026-09-07T04:47:13.577471+00:00,06_smolvlm_size_full,9,9,4.2,4.44,60.43,47.43,NVIDIA GeForce RTX 4090,37,108.39,10,6157.6,24564.0,
2026-09-07T04:47:23.589446+00:00,06_smolvlm_size_full,9,9,4.2,4.44,60.43,47.43,NVIDIA GeForce RTX 4090,37,112.11,30,6157.6,24564.0,
2026-09-07T04:47:33.601006+00:00,06_smolvlm_size_full,9,9,4.2,4.44,60.43,47.43,NVIDIA GeForce RTX 4090,37,109.76,17,6157.6,24564.0,
2026-09-07T04:47:43.612561+00:00,06_smolvlm_size_full,9,9,4.2,4.44,60.43,47.43,NVIDIA GeForce RTX 4090,37,110.62,46,6157.6,24564.0,
2026-09-07T04:47:53.625455+00:00,06_smolvlm_size_full,9,9,4.2,4.44,60.43,47.43,NVIDIA GeForce RTX 4090,38,111.7,31,6157.6,24564.0,
2026-09-07T04:48:03.636585+00:00,06_smolvlm_size_full,9,9,4.2,4.44,60.43,47.43,NVIDIA GeForce RTX 4090,36,109.69,36,6157.6,24564.0,
2026-09-07T04:48:13.648375+00:00,06_smolvlm_size_full,9,9,4.2,4.44,60.43,47.43,NVIDIA GeForce RTX 4090,37,108.75,47,6157.6,24564.0,
2026-09-07T04:48:23.661466+00:00,06_smolvlm_size_full,9,9,4.2,4.44,60.43,47.43,NVIDIA GeForce RTX 4090,38,109.57,28,6157.6,24564.0,
2026-09-07T04:48:33.672470+00:00,06_smolvlm_size_full,9,9,4.2,4.44,60.43,47.43,NVIDIA GeForce RTX 4090,37,109.07,45,6157.6,24564.0,
2026-09-07T04:48:43.683514+00:00,06_smolvlm_size_full,9,9,4.2,4.44,60.43,47.43,NVIDIA GeForce RTX 4090,36,109.34,40,6157.6,24564.0,
2026-09-07T04:48:53.694385+00:00,06_smolvlm_size_full,9,9,4.2,4.44,60.43,47.43,NVIDIA GeForce RTX 4090,38,110.69,36,6157.6,24564.0,
2026-09-07T04:49:03.705744+00:00,06_smolvlm_size_full,9,9,4.2,4.44,60.43,47.43,NVIDIA GeForce RTX 4090,37,109.33,47,6157.6,24564.0,
2026-09-07T04:49:13.724457+00:00,06_smolvlm_size_full,9,9,4.2,4.44,60.43,47.43,NVIDIA GeForce RTX 4090,36,111.51,47,6157.6,24564.0,
2026-09-07T04:49:23.735306+00:00,06_smolvlm_size_full,9,9,4.2,4.44,60.43,47.43,NVIDIA GeForce RTX 4090,37,108.72,47,6157.6,24564.0,
2026-09-07T04:49:33.747016+00:00,06_smolvlm_size_full,9,9,4.2,4.44,60.43,47.43,NVIDIA GeForce RTX 4090,36,108.55,41,6157.6,24564.0,
2026-09-07T04:49:43.758045+00:00,06_smolvlm_size_full,9,9,4.2,4.44,60.43,47.43,NVIDIA GeForce RTX 4090,36,92.81,38,6157.6,24564.0,
2026-09-07T04:49:53.769040+00:00,06_smolvlm_size_full,9,9,4.2,4.44,60.43,47.43,NVIDIA GeForce RTX 4090,37,93.03,36,6157.6,24564.0,
2026-09-07T04:50:03.780185+00:00,06_smolvlm_size_full,9,9,4.1,4.45,60.43,47.43,NVIDIA GeForce RTX 4090,35,75.14,0,6157.6,24564.0,
2026-09-07T04:50:13.791724+00:00,06_smolvlm_size_full,9,9,4.2,4.45,60.43,47.43,NVIDIA GeForce RTX 4090,37,108.49,14,6157.6,24564.0,
2026-09-07T04:50:23.803498+00:00,06_smolvlm_size_full,9,9,4.2,4.45,60.43,47.43,NVIDIA GeForce RTX 4090,38,109.08,52,6157.6,24564.0,
2026-09-07T04:50:33.816158+00:00,06_smolvlm_size_full,9,9,4.2,4.45,60.43,47.43,NVIDIA GeForce RTX 4090,36,109.17,18,6157.6,24564.0,
2026-09-07T04:50:43.829075+00:00,06_smolvlm_size_full,9,9,4.2,4.45,60.43,47.43,NVIDIA GeForce RTX 4090,36,110.52,39,6157.6,24564.0,
2026-09-07T04:50:53.840751+00:00,06_smolvlm_size_full,9,9,4.2,4.45,60.43,47.43,NVIDIA GeForce RTX 4090,37,108.69,35,6157.6,24564.0,
2026-09-07T04:51:03.852663+00:00,06_smolvlm_size_full,9,9,4.2,4.45,60.43,47.43,NVIDIA GeForce RTX 4090,36,109.07,43,6152.1,24564.0,
2026-09-07T04:51:13.863723+00:00,06_smolvlm_size_full,9,9,4.2,4.45,60.43,47.43,NVIDIA GeForce RTX 4090,37,109.75,47,6152.1,24564.0,
2026-09-07T04:51:23.875269+00:00,06_smolvlm_size_full,9,9,4.2,4.44,60.43,47.43,NVIDIA GeForce RTX 4090,37,110.47,30,6152.1,24564.0,
2026-09-07T04:51:33.886411+00:00,06_smolvlm_size_full,9,9,4.2,4.44,60.43,47.43,NVIDIA GeForce RTX 4090,36,108.35,26,6152.1,24564.0,
2026-09-07T04:51:43.898211+00:00,06_smolvlm_size_full,9,9,4.2,4.44,60.43,47.43,NVIDIA GeForce RTX 4090,37,110.77,44,6152.1,24564.0,
2026-09-07T04:51:53.909128+00:00,06_smolvlm_size_full,9,9,4.2,4.44,60.43,47.43,NVIDIA GeForce RTX 4090,36,110.25,20,6152.1,24564.0,
2026-09-07T04:52:03.920936+00:00,06_smolvlm_size_full,9,9,4.2,4.44,60.43,47.43,NVIDIA GeForce RTX 4090,36,108.62,38,6152.1,24564.0,
2026-09-07T04:52:13.932330+00:00,06_smolvlm_size_full,9,9,4.2,4.44,60.43,47.43,NVIDIA GeForce RTX 4090,38,110.51,53,6152.1,24564.0,
2026-09-07T04:52:23.943731+00:00,06_smolvlm_size_full,9,9,4.2,4.44,60.43,47.43,NVIDIA GeForce RTX 4090,37,108.68,55,6152.1,24564.0,
2026-09-07T04:52:33.956124+00:00,06_smolvlm_size_full,9,9,4.2,4.44,60.43,47.43,NVIDIA GeForce RTX 4090,36,108.8,21,6152.1,24564.0,
2026-09-07T04:52:43.967261+00:00,06_smolvlm_size_full,9,9,4.2,4.45,60.43,47.43,NVIDIA GeForce RTX 4090,36,95.37,53,6152.1,24564.0,
2026-09-07T04:52:53.978761+00:00,06_smolvlm_size_full,9,9,4.2,4.45,60.43,47.43,NVIDIA GeForce RTX 4090,36,94.12,40,6152.1,24564.0,
2026-09-07T04:53:03.990036+00:00,06_smolvlm_size_full,9,9,4.2,4.45,60.43,47.43,NVIDIA GeForce RTX 4090,36,111.0,15,6152.1,24564.0,
2026-09-07T04:53:14.001205+00:00,06_smolvlm_size_full,9,9,4.2,4.44,60.43,47.43,NVIDIA GeForce RTX 4090,38,111.25,52,6152.1,24564.0,
2026-09-07T04:53:24.012875+00:00,06_smolvlm_size_full,9,9,4.2,4.44,60.43,47.43,NVIDIA GeForce RTX 4090,37,113.36,43,6152.1,24564.0,
2026-09-07T04:53:34.023699+00:00,06_smolvlm_size_full,9,9,4.2,4.44,60.43,47.43,NVIDIA GeForce RTX 4090,37,110.95,46,6152.1,24564.0,
2026-09-07T04:53:44.034949+00:00,06_smolvlm_size_full,9,9,4.2,4.44,60.43,47.43,NVIDIA GeForce RTX 4090,36,107.99,9,6152.1,24564.0,
2026-09-07T04:53:54.047629+00:00,06_smolvlm_size_full,9,9,4.2,4.44,60.43,47.43,NVIDIA GeForce RTX 4090,37,107.76,10,6152.1,24564.0,
2026-09-07T04:54:04.058441+00:00,06_smolvlm_size_full,9,9,4.2,4.44,60.43,47.43,NVIDIA GeForce RTX 4090,37,109.45,36,6152.1,24564.0,
2026-09-07T04:54:14.072120+00:00,06_smolvlm_size_full,9,9,4.2,4.44,60.43,47.43,NVIDIA GeForce RTX 4090,38,109.68,34,6152.1,24564.0,
2026-09-07T04:54:24.083499+00:00,06_smolvlm_size_full,9,9,4.2,4.45,60.43,47.43,NVIDIA GeForce RTX 4090,36,108.46,28,6152.1,24564.0,
2026-09-07T04:54:34.094476+00:00,06_smolvlm_size_full,9,9,4.2,4.45,60.43,47.43,NVIDIA GeForce RTX 4090,36,109.33,36,6152.1,24564.0,
2026-09-07T04:54:44.106853+00:00,06_smolvlm_size_full,9,9,4.2,4.45,60.43,47.43,NVIDIA GeForce RTX 4090,37,108.59,45,6152.1,24564.0,
2026-09-07T04:54:54.117910+00:00,06_smolvlm_size_full,9,9,4.2,4.45,60.43,47.43,NVIDIA GeForce RTX 4090,37,108.7,3,6152.1,24564.0,
2026-09-07T04:55:04.130100+00:00,06_smolvlm_size_full,9,9,4.2,4.45,60.43,47.43,NVIDIA GeForce RTX 4090,37,111.39,53,6152.1,24564.0,
2026-09-07T04:55:14.141236+00:00,06_smolvlm_size_full,9,9,4.2,4.45,60.43,47.43,NVIDIA GeForce RTX 4090,38,108.52,15,6152.1,24564.0,
2026-09-07T04:55:24.153948+00:00,06_smolvlm_size_full,9,9,4.2,4.45,60.43,47.43,NVIDIA GeForce RTX 4090,37,109.33,53,6152.1,24564.0,
2026-09-07T04:55:34.165175+00:00,06_smolvlm_size_full,9,9,4.2,4.45,60.43,47.43,NVIDIA GeForce RTX 4090,36,102.19,8,6152.1,24564.0,
2026-09-07T04:55:44.176376+00:00,06_smolvlm_size_full,9,9,4.2,4.45,60.43,47.43,NVIDIA GeForce RTX 4090,36,93.53,36,6152.1,24564.0,
2026-09-07T04:55:54.187227+00:00,06_smolvlm_size_full,9,9,4.2,4.45,60.43,47.43,NVIDIA GeForce RTX 4090,36,95.92,40,6152.1,24564.0,
2026-09-07T04:56:04.198390+00:00,06_smolvlm_size_full,9,9,4.1,4.47,60.43,47.43,NVIDIA GeForce RTX 4090,38,112.41,23,6152.1,24564.0,
2026-09-07T04:56:14.211033+00:00,06_smolvlm_size_full,9,9,4.2,4.46,60.43,47.43,NVIDIA GeForce RTX 4090,37,109.48,53,6152.1,24564.0,
2026-09-07T04:56:24.223091+00:00,06_smolvlm_size_full,9,9,4.2,4.45,60.43,47.43,NVIDIA GeForce RTX 4090,36,111.52,52,6152.1,24564.0,
2026-09-07T04:56:34.235219+00:00,06_smolvlm_size_full,9,9,4.2,4.45,60.43,47.43,NVIDIA GeForce RTX 4090,36,111.14,51,6152.1,24564.0,
2026-09-07T04:56:44.246157+00:00,06_smolvlm_size_full,9,9,4.2,4.45,60.43,47.43,NVIDIA GeForce RTX 4090,37,110.09,22,6152.1,24564.0,
2026-09-07T04:56:54.257283+00:00,06_smolvlm_size_full,9,9,4.2,4.45,60.43,47.43,NVIDIA GeForce RTX 4090,37,109.79,29,6152.1,24564.0,
2026-09-07T04:57:04.268787+00:00,06_smolvlm_size_full,9,9,4.2,4.45,60.43,47.43,NVIDIA GeForce RTX 4090,38,108.82,18,6152.1,24564.0,
2026-09-07T04:57:14.280656+00:00,06_smolvlm_size_full,9,9,4.2,4.45,60.43,47.43,NVIDIA GeForce RTX 4090,36,113.11,46,6152.1,24564.0,
2026-09-07T04:57:24.291483+00:00,06_smolvlm_size_full,9,9,4.2,4.45,60.43,47.43,NVIDIA GeForce RTX 4090,37,104.87,40,6152.1,24564.0,
2026-09-07T04:57:34.303855+00:00,06_smolvlm_size_full,9,9,4.2,4.45,60.43,47.43,NVIDIA GeForce RTX 4090,37,108.35,44,6152.1,24564.0,
2026-09-07T04:57:44.314812+00:00,06_smolvlm_size_full,9,9,4.2,4.45,60.43,47.43,NVIDIA GeForce RTX 4090,37,108.71,47,6152.1,24564.0,
2026-09-07T04:57:54.326362+00:00,06_smolvlm_size_full,9,9,4.2,4.45,60.43,47.43,NVIDIA GeForce RTX 4090,38,111.93,32,6152.1,24564.0,
2026-09-07T04:58:04.338177+00:00,06_smolvlm_size_full,9,9,4.2,4.45,60.43,47.43,NVIDIA GeForce RTX 4090,37,113.18,25,6152.1,24564.0,
2026-09-07T04:58:14.349023+00:00,06_smolvlm_size_full,9,9,4.2,4.45,60.43,47.43,NVIDIA GeForce RTX 4090,37,109.68,39,6152.1,24564.0,
2026-09-07T04:58:24.360281+00:00,06_smolvlm_size_full,9,9,4.2,4.45,60.43,47.43,NVIDIA GeForce RTX 4090,37,108.85,47,6152.1,24564.0,
2026-09-07T04:58:34.371476+00:00,06_smolvlm_size_full,9,9,4.2,4.45,60.43,47.43,NVIDIA GeForce RTX 4090,36,94.97,40,6152.1,24564.0,
2026-09-07T04:58:44.382474+00:00,06_smolvlm_size_full,9,9,4.2,4.45,60.43,47.43,NVIDIA GeForce RTX 4090,36,92.94,36,6152.1,24564.0,
2026-09-07T04:58:54.393602+00:00,06_smolvlm_size_full,9,9,4.2,4.45,60.43,47.43,NVIDIA GeForce RTX 4090,36,88.42,36,5308.1,24564.0,
2026-09-07T04:59:04.404730+00:00,06_smolvlm_size_full,9,9,4.2,4.45,60.43,47.43,NVIDIA GeForce RTX 4090,35,92.82,35,5308.1,24564.0,
2026-09-07T04:59:14.415817+00:00,,,,4.2,4.45,60.43,47.43,NVIDIA GeForce RTX 4090,35,84.29,0,5308.1,24564.0,
2026-09-07T04:59:24.426707+00:00,02_vlm_polymer_real_only,0,0,3.4,4.33,60.43,47.43,NVIDIA GeForce RTX 4090,36,100.36,43,2610.1,24564.0,
2026-09-07T04:59:34.437610+00:00,02_vlm_polymer_real_only,0,0,4.2,4.37,60.43,47.43,NVIDIA GeForce RTX 4090,36,96.79,14,2610.1,24564.0,
2026-09-07T04:59:44.448788+00:00,02_vlm_polymer_real_only,0,0,4.2,4.35,60.43,47.43,NVIDIA GeForce RTX 4090,37,97.62,35,2610.1,24564.0,
2026-09-07T04:59:54.459885+00:00,02_vlm_polymer_real_only,0,0,4.2,4.37,60.43,47.43,NVIDIA GeForce RTX 4090,35,99.65,43,2610.1,24564.0,
2026-09-07T05:00:04.471236+00:00,02_vlm_polymer_real_only,0,0,4.2,4.33,60.43,47.43,NVIDIA GeForce RTX 4090,35,100.18,36,2610.1,24564.0,
2026-09-07T05:00:14.482405+00:00,02_vlm_polymer_real_only,0,0,4.2,4.31,60.43,47.43,NVIDIA GeForce RTX 4090,35,98.17,46,2610.1,24564.0,
2026-09-07T05:00:24.493577+00:00,02_vlm_polymer_real_only,0,0,4.2,4.28,60.43,47.43,NVIDIA GeForce RTX 4090,36,102.18,28,2610.1,24564.0,
2026-09-07T05:00:34.504599+00:00,02_vlm_polymer_real_only,0,0,4.2,4.31,60.43,47.43,NVIDIA GeForce RTX 4090,36,99.73,10,2610.1,24564.0,
2026-09-07T05:00:44.515802+00:00,02_vlm_polymer_real_only,0,0,4.2,4.31,60.43,47.43,NVIDIA GeForce RTX 4090,36,101.92,22,2610.1,24564.0,
2026-09-07T05:00:54.527067+00:00,02_vlm_polymer_real_only,0,0,4.2,4.35,60.43,47.43,NVIDIA GeForce RTX 4090,37,99.3,38,2610.1,24564.0,
2026-09-07T05:01:04.538349+00:00,02_vlm_polymer_real_only,0,0,4.2,4.35,60.43,47.43,NVIDIA GeForce RTX 4090,35,95.8,64,2610.1,24564.0,
2026-09-07T05:01:14.549010+00:00,02_vlm_polymer_real_only,0,0,4.2,4.35,60.43,47.43,NVIDIA GeForce RTX 4090,35,95.63,59,2610.1,24564.0,
2026-09-07T05:01:24.562395+00:00,02_vlm_polymer_real_only,0,0,4.2,4.41,60.43,47.43,NVIDIA GeForce RTX 4090,35,102.28,63,2610.1,24564.0,
2026-09-07T05:01:34.573427+00:00,02_vlm_polymer_real_only,0,0,4.2,4.36,60.43,47.43,NVIDIA GeForce RTX 4090,36,98.84,64,2610.1,24564.0,
2026-09-07T05:01:44.584824+00:00,02_vlm_polymer_real_only,0,0,4.2,4.39,60.43,47.43,NVIDIA GeForce RTX 4090,35,102.14,35,2610.1,24564.0,
2026-09-07T05:01:54.597242+00:00,02_vlm_polymer_real_only,0,0,4.2,4.37,60.43,47.43,NVIDIA GeForce RTX 4090,36,98.01,41,2610.1,24564.0,
2026-09-07T05:02:04.609762+00:00,02_vlm_polymer_real_only,0,0,4.2,4.37,60.43,47.43,NVIDIA GeForce RTX 4090,36,98.72,53,2610.1,24564.0,
2026-09-07T05:02:14.620669+00:00,02_vlm_polymer_real_only,0,0,4.2,4.35,60.43,47.43,NVIDIA GeForce RTX 4090,35,99.8,17,2610.1,24564.0,
2026-09-07T05:02:24.632771+00:00,02_vlm_polymer_real_only,0,0,4.2,4.34,60.43,47.43,NVIDIA GeForce RTX 4090,35,96.39,8,2610.1,24564.0,
2026-09-07T05:02:34.644115+00:00,02_vlm_polymer_real_only,0,0,4.2,4.41,60.43,47.43,NVIDIA GeForce RTX 4090,35,88.15,40,2610.1,24564.0,
2026-09-07T05:02:44.655766+00:00,02_vlm_polymer_real_only,0,0,4.2,4.38,60.43,47.43,NVIDIA GeForce RTX 4090,35,88.27,29,2610.1,24564.0,
2026-09-07T05:02:54.666620+00:00,02_vlm_polymer_real_only,0,0,4.0,4.41,60.43,47.42,NVIDIA GeForce RTX 4090,35,85.97,68,2610.1,24564.0,
2026-09-07T05:03:04.677528+00:00,02_vlm_polymer_real_only,0,0,4.2,4.39,60.43,47.42,NVIDIA GeForce RTX 4090,35,97.89,39,2610.1,24564.0,
2026-09-07T05:03:14.690890+00:00,02_vlm_polymer_real_only,0,0,4.2,4.37,60.43,47.42,NVIDIA GeForce RTX 4090,36,99.97,51,2610.1,24564.0,
2026-09-07T05:03:24.701798+00:00,02_vlm_polymer_real_only,0,0,4.2,4.38,60.43,47.42,NVIDIA GeForce RTX 4090,36,98.97,18,2610.1,24564.0,
2026-09-07T05:03:34.712701+00:00,02_vlm_polymer_real_only,0,0,4.2,4.39,60.43,47.42,NVIDIA GeForce RTX 4090,35,99.67,68,2610.1,24564.0,
2026-09-07T05:03:44.724171+00:00,02_vlm_polymer_real_only,0,0,4.2,4.4,60.43,47.42,NVIDIA GeForce RTX 4090,36,99.11,24,2610.1,24564.0,
2026-09-07T05:03:54.735760+00:00,02_vlm_polymer_real_only,0,0,4.2,4.42,60.43,47.42,NVIDIA GeForce RTX 4090,35,98.85,64,2610.1,24564.0,
2026-09-07T05:04:04.747079+00:00,02_vlm_polymer_real_only,0,0,4.2,4.41,60.43,47.42,NVIDIA GeForce RTX 4090,35,101.83,67,2610.1,24564.0,
2026-09-07T05:04:14.758202+00:00,02_vlm_polymer_real_only,0,0,4.2,4.5,60.43,47.42,NVIDIA GeForce RTX 4090,36,99.13,47,2610.1,24564.0,
2026-09-07T05:04:24.770389+00:00,02_vlm_polymer_real_only,0,0,4.2,4.46,60.43,47.42,NVIDIA GeForce RTX 4090,35,99.64,17,2610.1,24564.0,
2026-09-07T05:04:34.781400+00:00,02_vlm_polymer_real_only,0,0,4.2,4.42,60.43,47.42,NVIDIA GeForce RTX 4090,36,98.88,37,2610.1,24564.0,
2026-09-07T05:04:44.792141+00:00,02_vlm_polymer_real_only,0,0,4.2,4.43,60.43,47.42,NVIDIA GeForce RTX 4090,36,100.63,47,2610.1,24564.0,
2026-09-07T05:04:54.803073+00:00,02_vlm_polymer_real_only,0,0,4.2,4.41,60.43,47.42,NVIDIA GeForce RTX 4090,36,101.54,37,2610.1,24564.0,
2026-09-07T05:05:04.813856+00:00,02_vlm_polymer_real_only,0,0,4.2,4.41,60.43,47.42,NVIDIA GeForce RTX 4090,36,100.27,46,2610.1,24564.0,
2026-09-07T05:05:14.824994+00:00,02_vlm_polymer_real_only,0,0,4.2,4.41,60.43,47.42,NVIDIA GeForce RTX 4090,36,102.93,68,2610.1,24564.0,
2026-09-07T05:05:24.835907+00:00,02_vlm_polymer_real_only,0,0,4.2,4.37,60.43,47.42,NVIDIA GeForce RTX 4090,36,99.02,52,2610.1,24564.0,
2026-09-07T05:05:34.847020+00:00,02_vlm_polymer_real_only,0,0,4.2,4.38,60.43,47.42,NVIDIA GeForce RTX 4090,35,98.25,26,2610.1,24564.0,
2026-09-07T05:05:44.858723+00:00,02_vlm_polymer_real_only,0,0,4.2,4.42,60.43,47.42,NVIDIA GeForce RTX 4090,35,98.78,45,2610.1,24564.0,
2026-09-07T05:05:54.869351+00:00,02_vlm_polymer_real_only,0,0,4.2,4.41,60.43,47.42,NVIDIA GeForce RTX 4090,36,98.57,39,2610.1,24564.0,
2026-09-07T05:06:04.880850+00:00,02_vlm_polymer_real_only,0,0,4.2,4.41,60.43,47.42,NVIDIA GeForce RTX 4090,36,99.81,44,2610.1,24564.0,
2026-09-07T05:06:14.891953+00:00,02_vlm_polymer_real_only,0,0,4.2,4.45,60.43,47.42,NVIDIA GeForce RTX 4090,35,90.5,29,2610.1,24564.0,
2026-09-07T05:06:24.903222+00:00,02_vlm_polymer_real_only,0,0,4.2,4.44,60.43,47.42,NVIDIA GeForce RTX 4090,34,89.16,29,2610.1,24564.0,
2026-09-07T05:06:34.915011+00:00,02_vlm_polymer_real_only,0,0,4.2,4.39,60.43,47.42,NVIDIA GeForce RTX 4090,37,98.61,38,2610.1,24564.0,
2026-09-07T05:06:44.926125+00:00,02_vlm_polymer_real_only,0,0,4.2,4.43,60.43,47.42,NVIDIA GeForce RTX 4090,36,100.01,19,2610.1,24564.0,
2026-09-07T05:06:54.937282+00:00,02_vlm_polymer_real_only,0,0,4.3,4.44,60.43,47.42,NVIDIA GeForce RTX 4090,35,100.0,40,2610.1,24564.0,
2026-09-07T05:07:04.948412+00:00,02_vlm_polymer_real_only,0,0,4.2,4.4,60.43,47.42,NVIDIA GeForce RTX 4090,36,101.52,14,2610.1,24564.0,
2026-09-07T05:07:14.959891+00:00,02_vlm_polymer_real_only,0,0,4.2,4.42,60.43,47.42,NVIDIA GeForce RTX 4090,36,99.32,13,2610.1,24564.0,
2026-09-07T05:07:24.972325+00:00,02_vlm_polymer_real_only,0,0,4.2,4.4,60.43,47.42,NVIDIA GeForce RTX 4090,36,102.96,28,2610.1,24564.0,
2026-09-07T05:07:34.983360+00:00,02_vlm_polymer_real_only,0,0,4.2,4.4,60.43,47.42,NVIDIA GeForce RTX 4090,35,98.88,64,2610.1,24564.0,
2026-09-07T05:07:44.994294+00:00,02_vlm_polymer_real_only,0,0,4.2,4.38,60.43,47.42,NVIDIA GeForce RTX 4090,35,101.32,60,2610.1,24564.0,
2026-09-07T05:07:55.005946+00:00,02_vlm_polymer_real_only,0,0,4.2,4.41,60.43,47.42,NVIDIA GeForce RTX 4090,36,100.91,25,2610.1,24564.0,
2026-09-07T05:08:05.017444+00:00,02_vlm_polymer_real_only,0,0,4.2,4.39,60.43,47.42,NVIDIA GeForce RTX 4090,36,98.52,49,2610.1,24564.0,
2026-09-07T05:08:15.028297+00:00,02_vlm_polymer_real_only,0,0,4.2,4.42,60.43,47.42,NVIDIA GeForce RTX 4090,36,101.8,48,2610.1,24564.0,
2026-09-07T05:08:25.039266+00:00,02_vlm_polymer_real_only,0,0,4.2,4.41,60.43,47.42,NVIDIA GeForce RTX 4090,37,99.92,23,2610.1,24564.0,
2026-09-07T05:08:35.050102+00:00,02_vlm_polymer_real_only,0,0,4.2,4.4,60.43,47.42,NVIDIA GeForce RTX 4090,35,102.51,22,2610.1,24564.0,
2026-09-07T05:08:45.061038+00:00,02_vlm_polymer_real_only,0,0,4.2,4.43,60.43,47.42,NVIDIA GeForce RTX 4090,35,102.4,41,2610.1,24564.0,
2026-09-07T05:08:55.072743+00:00,02_vlm_polymer_real_only,0,0,4.2,4.41,60.43,47.42,NVIDIA GeForce RTX 4090,35,98.51,48,2610.1,24564.0,
2026-09-07T05:09:05.083956+00:00,02_vlm_polymer_real_only,0,0,4.2,4.44,60.43,47.42,NVIDIA GeForce RTX 4090,37,100.16,36,2610.1,24564.0,
2026-09-07T05:09:15.095737+00:00,02_vlm_polymer_real_only,0,0,4.2,4.45,60.43,47.42,NVIDIA GeForce RTX 4090,35,97.63,1,2610.1,24564.0,
2026-09-07T05:09:25.106718+00:00,02_vlm_polymer_real_only,0,0,4.2,4.44,60.43,47.42,NVIDIA GeForce RTX 4090,35,100.28,27,2610.1,24564.0,
2026-09-07T05:09:35.117630+00:00,02_vlm_polymer_real_only,0,0,4.2,4.46,60.43,47.42,NVIDIA GeForce RTX 4090,35,100.38,34,2610.1,24564.0,
2026-09-07T05:09:45.128395+00:00,02_vlm_polymer_real_only,0,0,4.2,4.39,60.43,47.42,NVIDIA GeForce RTX 4090,36,102.95,25,2610.1,24564.0,
2026-09-07T05:09:55.139707+00:00,02_vlm_polymer_real_only,0,0,4.2,4.41,60.43,47.42,NVIDIA GeForce RTX 4090,34,88.51,25,2610.1,24564.0,
2026-09-07T05:10:05.150569+00:00,02_vlm_polymer_real_only,0,0,4.2,4.41,60.43,47.42,NVIDIA GeForce RTX 4090,35,90.5,44,2610.1,24564.0,
2026-09-07T05:10:15.161392+00:00,02_vlm_polymer_real_only,0,0,4.0,4.37,60.43,47.42,NVIDIA GeForce RTX 4090,35,102.19,36,2610.1,24564.0,
2026-09-07T05:10:25.172666+00:00,02_vlm_polymer_real_only,0,0,4.2,4.37,60.43,47.42,NVIDIA GeForce RTX 4090,35,102.71,30,2610.1,24564.0,
2026-09-07T05:10:35.184674+00:00,02_vlm_polymer_real_only,0,0,4.2,4.37,60.43,47.42,NVIDIA GeForce RTX 4090,35,102.08,38,2610.1,24564.0,
2026-09-07T05:10:45.196125+00:00,02_vlm_polymer_real_only,0,0,4.2,4.37,60.43,47.42,NVIDIA GeForce RTX 4090,36,100.43,41,2610.1,24564.0,
2026-09-07T05:10:55.207761+00:00,02_vlm_polymer_real_only,0,0,4.2,4.37,60.43,47.42,NVIDIA GeForce RTX 4090,36,105.81,64,2610.1,24564.0,
2026-09-07T05:11:05.218776+00:00,02_vlm_polymer_real_only,0,0,4.2,4.37,60.43,47.42,NVIDIA GeForce RTX 4090,36,103.04,18,2610.1,24564.0,
2026-09-07T05:11:15.229805+00:00,02_vlm_polymer_real_only,0,0,4.2,4.37,60.43,47.42,NVIDIA GeForce RTX 4090,36,102.91,46,2610.1,24564.0,
2026-09-07T05:11:25.240780+00:00,02_vlm_polymer_real_only,0,0,4.2,4.37,60.43,47.42,NVIDIA GeForce RTX 4090,35,104.31,70,2610.1,24564.0,
2026-09-07T05:11:35.251776+00:00,02_vlm_polymer_real_only,0,0,4.2,4.37,60.43,47.42,NVIDIA GeForce RTX 4090,36,102.81,31,2610.1,24564.0,
2026-09-07T05:11:45.263146+00:00,02_vlm_polymer_real_only,0,0,4.2,4.37,60.43,47.42,NVIDIA GeForce RTX 4090,36,101.45,15,2610.1,24564.0,
2026-09-07T05:11:55.274108+00:00,02_vlm_polymer_real_only,0,0,4.2,4.36,60.43,47.42,NVIDIA GeForce RTX 4090,36,100.62,25,2610.1,24564.0,
2026-09-07T05:12:05.285135+00:00,02_vlm_polymer_real_only,0,0,4.2,4.36,60.43,47.42,NVIDIA GeForce RTX 4090,37,102.46,30,2610.1,24564.0,
2026-09-07T05:12:15.296499+00:00,02_vlm_polymer_real_only,0,0,4.2,4.36,60.43,47.42,NVIDIA GeForce RTX 4090,36,99.21,51,2610.1,24564.0,
2026-09-07T05:12:25.307377+00:00,02_vlm_polymer_real_only,0,0,4.2,4.36,60.43,47.42,NVIDIA GeForce RTX 4090,35,103.61,37,2610.1,24564.0,
2026-09-07T05:12:35.318566+00:00,02_vlm_polymer_real_only,0,0,4.2,4.36,60.43,47.42,NVIDIA GeForce RTX 4090,35,101.11,18,2610.1,24564.0,
2026-09-07T05:12:45.330013+00:00,02_vlm_polymer_real_only,0,0,4.2,4.36,60.43,47.42,NVIDIA GeForce RTX 4090,35,102.39,33,2610.1,24564.0,
2026-09-07T05:12:55.341206+00:00,02_vlm_polymer_real_only,0,0,4.2,4.36,60.43,47.42,NVIDIA GeForce RTX 4090,37,102.39,36,2610.1,24564.0,
2026-09-07T05:13:05.352131+00:00,02_vlm_polymer_real_only,0,0,4.2,4.36,60.43,47.42,NVIDIA GeForce RTX 4090,37,101.05,44,2610.1,24564.0,
2026-09-07T05:13:15.363915+00:00,02_vlm_polymer_real_only,0,0,4.2,4.36,60.43,47.42,NVIDIA GeForce RTX 4090,35,90.92,33,2610.1,24564.0,
2026-09-07T05:13:25.374844+00:00,02_vlm_polymer_real_only,0,0,4.2,4.36,60.43,47.42,NVIDIA GeForce RTX 4090,35,91.4,29,2610.1,24564.0,
2026-09-07T05:13:35.385903+00:00,02_vlm_polymer_real_only,0,0,4.2,4.36,60.43,47.42,NVIDIA GeForce RTX 4090,36,105.52,6,2610.1,24564.0,
2026-09-07T05:13:45.397024+00:00,02_vlm_polymer_real_only,0,0,4.2,4.36,60.43,47.42,NVIDIA GeForce RTX 4090,36,102.52,22,2610.1,24564.0,
2026-09-07T05:13:55.408242+00:00,02_vlm_polymer_real_only,0,0,4.2,4.36,60.43,47.42,NVIDIA GeForce RTX 4090,37,102.86,38,2610.1,24564.0,
2026-09-07T05:14:05.419041+00:00,02_vlm_polymer_real_only,0,0,4.2,4.36,60.43,47.42,NVIDIA GeForce RTX 4090,36,103.1,28,2610.1,24564.0,
2026-09-07T05:14:15.430070+00:00,02_vlm_polymer_real_only,0,0,4.2,4.36,60.43,47.42,NVIDIA GeForce RTX 4090,35,102.86,35,2610.1,24564.0,
2026-09-07T05:14:25.441498+00:00,02_vlm_polymer_real_only,0,0,4.2,4.36,60.43,47.42,NVIDIA GeForce RTX 4090,35,104.5,64,2610.1,24564.0,
2026-09-07T05:14:35.452145+00:00,02_vlm_polymer_real_only,0,0,4.2,4.36,60.43,47.42,NVIDIA GeForce RTX 4090,36,102.81,5,2610.1,24564.0,
2026-09-07T05:14:45.465634+00:00,02_vlm_polymer_real_only,0,0,4.2,4.36,60.43,47.42,NVIDIA GeForce RTX 4090,36,101.2,22,2610.1,24564.0,
2026-09-07T05:14:55.476647+00:00,02_vlm_polymer_real_only,0,0,4.2,4.36,60.43,47.42,NVIDIA GeForce RTX 4090,35,102.43,69,2610.1,24564.0,
2026-09-07T05:15:05.488995+00:00,02_vlm_polymer_real_only,0,0,4.2,4.36,60.43,47.42,NVIDIA GeForce RTX 4090,36,100.38,43,2610.1,24564.0,
2026-09-07T05:15:15.500015+00:00,02_vlm_polymer_real_only,0,0,4.2,4.36,60.43,47.42,NVIDIA GeForce RTX 4090,36,103.78,43,2610.1,24564.0,
2026-09-07T05:15:25.511061+00:00,02_vlm_polymer_real_only,0,0,4.2,4.36,60.43,47.42,NVIDIA GeForce RTX 4090,35,102.72,57,2610.1,24564.0,
2026-09-07T05:15:35.522189+00:00,02_vlm_polymer_real_only,0,0,4.2,4.36,60.43,47.42,NVIDIA GeForce RTX 4090,35,99.22,34,2610.1,24564.0,
2026-09-07T05:15:45.533887+00:00,02_vlm_polymer_real_only,0,0,4.2,4.36,60.43,47.42,NVIDIA GeForce RTX 4090,36,102.63,6,2610.1,24564.0,
2026-09-07T05:15:55.545086+00:00,02_vlm_polymer_real_only,0,0,4.2,4.36,60.43,47.42,NVIDIA GeForce RTX 4090,36,102.22,39,2610.1,24564.0,
2026-09-07T05:16:05.556079+00:00,02_vlm_polymer_real_only,0,0,4.2,4.36,60.43,47.42,NVIDIA GeForce RTX 4090,35,103.22,36,2610.1,24564.0,
2026-09-07T05:16:15.567097+00:00,02_vlm_polymer_real_only,0,0,4.2,4.36,60.43,47.42,NVIDIA GeForce RTX 4090,37,101.3,29,2610.1,24564.0,
2026-09-07T05:16:25.577908+00:00,02_vlm_polymer_real_only,0,0,4.2,4.36,60.43,47.42,NVIDIA GeForce RTX 4090,36,102.39,50,2610.1,24564.0,
2026-09-07T05:16:35.589129+00:00,02_vlm_polymer_real_only,0,0,4.2,4.36,60.43,47.42,NVIDIA GeForce RTX 4090,36,99.4,63,2610.1,24564.0,
2026-09-07T05:16:45.600838+00:00,02_vlm_polymer_real_only,0,0,4.2,4.36,60.43,47.42,NVIDIA GeForce RTX 4090,35,91.33,25,2610.1,24564.0,
2026-09-07T05:16:55.611729+00:00,02_vlm_polymer_real_only,0,0,4.2,4.36,60.43,47.42,NVIDIA GeForce RTX 4090,35,91.75,44,2610.1,24564.0,
2026-09-07T05:17:05.622918+00:00,02_vlm_polymer_real_only,0,0,4.2,4.36,60.43,47.42,NVIDIA GeForce RTX 4090,36,101.14,59,2610.1,24564.0,
2026-09-07T05:17:15.634550+00:00,02_vlm_polymer_real_only,0,0,4.2,4.36,60.43,47.42,NVIDIA GeForce RTX 4090,36,101.27,43,2610.1,24564.0,
2026-09-07T05:17:25.645425+00:00,02_vlm_polymer_real_only,0,0,4.2,4.36,60.43,47.42,NVIDIA GeForce RTX 4090,35,102.91,40,2610.1,24564.0,
2026-09-07T05:17:35.658711+00:00,02_vlm_polymer_real_only,0,0,4.2,4.36,60.43,47.42,NVIDIA GeForce RTX 4090,36,101.3,36,2610.1,24564.0,
2026-09-07T05:17:45.669540+00:00,02_vlm_polymer_real_only,0,0,4.2,4.36,60.43,47.42,NVIDIA GeForce RTX 4090,36,101.17,21,2610.1,24564.0,
2026-09-07T05:17:55.680525+00:00,02_vlm_polymer_real_only,0,0,4.2,4.36,60.43,47.42,NVIDIA GeForce RTX 4090,36,99.38,46,2610.1,24564.0,
2026-09-07T05:18:05.691705+00:00,02_vlm_polymer_real_only,0,0,4.2,4.36,60.43,47.42,NVIDIA GeForce RTX 4090,36,102.6,46,2610.1,24564.0,
2026-09-07T05:18:15.702440+00:00,02_vlm_polymer_real_only,0,0,4.2,4.36,60.43,47.42,NVIDIA GeForce RTX 4090,35,101.8,38,2610.1,24564.0,
2026-09-07T05:18:25.713895+00:00,02_vlm_polymer_real_only,0,0,4.2,4.36,60.43,47.42,NVIDIA GeForce RTX 4090,36,101.88,60,2610.1,24564.0,
2026-09-07T05:18:35.725155+00:00,02_vlm_polymer_real_only,0,0,4.2,4.36,60.43,47.42,NVIDIA GeForce RTX 4090,35,102.1,63,2610.1,24564.0,
2026-09-07T05:18:45.736448+00:00,02_vlm_polymer_real_only,0,0,4.2,4.36,60.43,47.42,NVIDIA GeForce RTX 4090,36,101.88,42,2610.1,24564.0,
2026-09-07T05:18:55.747962+00:00,02_vlm_polymer_real_only,0,0,4.2,4.36,60.43,47.42,NVIDIA GeForce RTX 4090,36,99.33,48,2610.1,24564.0,
2026-09-07T05:19:05.759362+00:00,02_vlm_polymer_real_only,0,0,4.2,4.36,60.43,47.42,NVIDIA GeForce RTX 4090,36,102.33,19,2610.1,24564.0,
2026-09-07T05:19:15.770228+00:00,02_vlm_polymer_real_only,0,0,4.2,4.36,60.43,47.42,NVIDIA GeForce RTX 4090,35,98.34,43,2610.1,24564.0,
2026-09-07T05:19:25.781362+00:00,02_vlm_polymer_real_only,0,0,4.2,4.36,60.43,47.42,NVIDIA GeForce RTX 4090,36,101.86,23,2610.1,24564.0,
2026-09-07T05:19:35.792688+00:00,02_vlm_polymer_real_only,0,0,4.2,4.36,60.43,47.42,NVIDIA GeForce RTX 4090,35,100.43,63,2610.1,24564.0,
2026-09-07T05:19:45.803606+00:00,02_vlm_polymer_real_only,0,0,4.2,4.36,60.43,47.42,NVIDIA GeForce RTX 4090,36,102.03,21,2610.1,24564.0,
2026-09-07T05:19:55.814891+00:00,02_vlm_polymer_real_only,0,0,4.2,4.36,60.43,47.42,NVIDIA GeForce RTX 4090,37,101.05,42,2610.1,24564.0,
2026-09-07T05:20:05.825694+00:00,02_vlm_polymer_real_only,0,0,4.2,4.36,60.43,47.42,NVIDIA GeForce RTX 4090,36,90.62,25,2610.1,24564.0,
2026-09-07T05:20:15.837965+00:00,02_vlm_polymer_real_only,0,0,4.2,4.36,60.43,47.42,NVIDIA GeForce RTX 4090,35,90.74,30,2610.1,24564.0,
2026-09-07T05:20:25.848879+00:00,02_vlm_polymer_real_only,0,0,3.4,4.4,60.43,47.42,NVIDIA GeForce RTX 4090,35,87.45,32,3228.1,24564.0,
2026-09-07T05:20:35.859940+00:00,02_vlm_polymer_real_only,0,0,4.2,4.4,60.43,47.42,NVIDIA GeForce RTX 4090,35,90.72,36,3228.1,24564.0,
2026-09-07T05:20:45.870697+00:00,02_vlm_polymer_real_only,1,1,3.5,3.42,60.43,47.42,NVIDIA GeForce RTX 4090,32,36.79,0,628.8,24564.0,
2026-09-07T05:20:55.882177+00:00,02_vlm_polymer_real_only,1,1,4.1,4.38,60.43,47.42,NVIDIA GeForce RTX 4090,36,101.69,0,2610.1,24564.0,
2026-09-07T05:21:05.893518+00:00,02_vlm_polymer_real_only,1,1,4.2,4.31,60.43,47.42,NVIDIA GeForce RTX 4090,37,98.61,43,2610.1,24564.0,
2026-09-07T05:21:15.904797+00:00,02_vlm_polymer_real_only,1,1,4.2,4.33,60.43,47.42,NVIDIA GeForce RTX 4090,35,103.13,47,2610.1,24564.0,
2026-09-07T05:21:25.915669+00:00,02_vlm_polymer_real_only,1,1,4.2,4.33,60.43,47.42,NVIDIA GeForce RTX 4090,35,102.1,65,2610.1,24564.0,
2026-09-07T05:21:35.927055+00:00,02_vlm_polymer_real_only,1,1,4.2,4.32,60.43,47.42,NVIDIA GeForce RTX 4090,35,102.11,45,2610.1,24564.0,
2026-09-07T05:21:45.938888+00:00,02_vlm_polymer_real_only,1,1,4.2,4.29,60.43,47.42,NVIDIA GeForce RTX 4090,37,98.63,44,2610.1,24564.0,
2026-09-07T05:21:55.949745+00:00,02_vlm_polymer_real_only,1,1,4.2,4.29,60.43,47.42,NVIDIA GeForce RTX 4090,35,102.08,53,2610.1,24564.0,
2026-09-07T05:22:05.961153+00:00,02_vlm_polymer_real_only,1,1,4.2,4.3,60.43,47.42,NVIDIA GeForce RTX 4090,35,98.51,36,2610.1,24564.0,
2026-09-07T05:22:15.972388+00:00,02_vlm_polymer_real_only,1,1,4.2,4.32,60.43,47.42,NVIDIA GeForce RTX 4090,35,100.39,29,2610.1,24564.0,
2026-09-07T05:22:25.983300+00:00,02_vlm_polymer_real_only,1,1,4.2,4.34,60.43,47.42,NVIDIA GeForce RTX 4090,35,100.96,13,2610.1,24564.0,
2026-09-07T05:22:35.994353+00:00,02_vlm_polymer_real_only,1,1,4.2,4.33,60.43,47.42,NVIDIA GeForce RTX 4090,35,99.7,10,2610.1,24564.0,
2026-09-07T05:22:46.005289+00:00,02_vlm_polymer_real_only,1,1,4.2,4.31,60.43,47.42,NVIDIA GeForce RTX 4090,36,98.99,48,2610.1,24564.0,
2026-09-07T05:22:56.016966+00:00,02_vlm_polymer_real_only,1,1,4.2,4.37,60.43,47.42,NVIDIA GeForce RTX 4090,35,102.76,8,2610.1,24564.0,
2026-09-07T05:23:06.028130+00:00,02_vlm_polymer_real_only,1,1,4.2,4.34,60.43,47.42,NVIDIA GeForce RTX 4090,35,100.01,33,2610.1,24564.0,
2026-09-07T05:23:16.039413+00:00,02_vlm_polymer_real_only,1,1,4.2,4.31,60.43,47.42,NVIDIA GeForce RTX 4090,35,99.15,28,2610.1,24564.0,
2026-09-07T05:23:26.050244+00:00,02_vlm_polymer_real_only,1,1,4.2,4.33,60.43,47.42,NVIDIA GeForce RTX 4090,36,100.49,45,2610.1,24564.0,
2026-09-07T05:23:36.062057+00:00,02_vlm_polymer_real_only,1,1,4.2,4.29,60.43,47.42,NVIDIA GeForce RTX 4090,35,97.36,19,2610.1,24564.0,
2026-09-07T05:23:46.073078+00:00,02_vlm_polymer_real_only,1,1,4.2,4.29,60.43,47.42,NVIDIA GeForce RTX 4090,35,97.59,29,2610.1,24564.0,
2026-09-07T05:23:56.084088+00:00,02_vlm_polymer_real_only,1,1,4.2,4.29,60.43,47.42,NVIDIA GeForce RTX 4090,36,102.18,54,2610.1,24564.0,
2026-09-07T05:24:06.095108+00:00,02_vlm_polymer_real_only,1,1,4.2,4.37,60.43,47.42,NVIDIA GeForce RTX 4090,35,89.15,28,2610.1,24564.0,
2026-09-07T05:24:16.106118+00:00,02_vlm_polymer_real_only,1,1,4.2,4.36,60.43,47.42,NVIDIA GeForce RTX 4090,35,89.07,29,2610.1,24564.0,
2026-09-07T05:24:26.117669+00:00,02_vlm_polymer_real_only,1,1,4.0,4.37,60.43,47.4,NVIDIA GeForce RTX 4090,35,102.46,3,2610.1,24564.0,
2026-09-07T05:24:36.128707+00:00,02_vlm_polymer_real_only,1,1,4.2,4.37,60.43,47.4,NVIDIA GeForce RTX 4090,36,98.41,26,2610.1,24564.0,
2026-09-07T05:24:46.139859+00:00,02_vlm_polymer_real_only,1,1,4.2,4.38,60.43,47.4,NVIDIA GeForce RTX 4090,35,102.26,17,2610.1,24564.0,
2026-09-07T05:24:56.152119+00:00,02_vlm_polymer_real_only,1,1,4.2,4.36,60.43,47.4,NVIDIA GeForce RTX 4090,35,100.28,11,2610.1,24564.0,
2026-09-07T05:25:06.163008+00:00,02_vlm_polymer_real_only,1,1,4.2,4.35,60.43,47.4,NVIDIA GeForce RTX 4090,35,101.11,12,2610.1,24564.0,
2026-09-07T05:25:16.174699+00:00,02_vlm_polymer_real_only,1,1,4.2,4.35,60.43,47.4,NVIDIA GeForce RTX 4090,36,100.05,33,2610.1,24564.0,
2026-09-07T05:25:26.185928+00:00,02_vlm_polymer_real_only,1,1,4.2,4.34,60.43,47.4,NVIDIA GeForce RTX 4090,36,100.88,31,2610.1,24564.0,
2026-09-07T05:25:36.196742+00:00,02_vlm_polymer_real_only,1,1,4.2,4.45,60.43,47.4,NVIDIA GeForce RTX 4090,35,96.66,64,2610.1,24564.0,
2026-09-07T05:25:46.208039+00:00,02_vlm_polymer_real_only,1,1,4.2,4.41,60.43,47.4,NVIDIA GeForce RTX 4090,35,98.33,45,2610.1,24564.0,
2026-09-07T05:25:56.219204+00:00,02_vlm_polymer_real_only,1,1,4.2,4.4,60.43,47.4,NVIDIA GeForce RTX 4090,36,100.39,29,2610.1,24564.0,
2026-09-07T05:26:06.229990+00:00,02_vlm_polymer_real_only,1,1,4.2,4.42,60.43,47.4,NVIDIA GeForce RTX 4090,35,97.76,59,2610.1,24564.0,
2026-09-07T05:26:16.241243+00:00,02_vlm_polymer_real_only,1,1,4.2,4.38,60.43,47.4,NVIDIA GeForce RTX 4090,36,98.49,42,2610.1,24564.0,
2026-09-07T05:26:26.252367+00:00,02_vlm_polymer_real_only,1,1,4.2,4.36,60.43,47.4,NVIDIA GeForce RTX 4090,36,99.7,37,2610.1,24564.0,
2026-09-07T05:26:36.263763+00:00,02_vlm_polymer_real_only,1,1,4.2,4.35,60.43,47.4,NVIDIA GeForce RTX 4090,35,98.97,63,2610.1,24564.0,
2026-09-07T05:26:46.274891+00:00,02_vlm_polymer_real_only,1,1,4.2,4.35,60.43,47.4,NVIDIA GeForce RTX 4090,36,101.86,27,2610.1,24564.0,
2026-09-07T05:26:56.285617+00:00,02_vlm_polymer_real_only,1,1,4.2,4.34,60.43,47.4,NVIDIA GeForce RTX 4090,35,98.41,15,2610.1,24564.0,
2026-09-07T05:27:06.296839+00:00,02_vlm_polymer_real_only,1,1,4.2,4.34,60.43,47.4,NVIDIA GeForce RTX 4090,37,101.32,45,2610.1,24564.0,
2026-09-07T05:27:16.308149+00:00,02_vlm_polymer_real_only,1,1,4.2,4.32,60.43,47.4,NVIDIA GeForce RTX 4090,37,100.95,43,2610.1,24564.0,
2026-09-07T05:27:26.319320+00:00,02_vlm_polymer_real_only,1,1,4.2,4.34,60.43,47.4,NVIDIA GeForce RTX 4090,36,98.58,18,2610.1,24564.0,
2026-09-07T05:27:36.331677+00:00,02_vlm_polymer_real_only,1,1,4.2,4.39,60.43,47.4,NVIDIA GeForce RTX 4090,35,102.89,63,2610.1,24564.0,
2026-09-07T05:27:46.343031+00:00,02_vlm_polymer_real_only,1,1,4.2,4.37,60.43,47.4,NVIDIA GeForce RTX 4090,35,91.21,25,2610.1,24564.0,
2026-09-07T05:27:56.354072+00:00,02_vlm_polymer_real_only,1,1,4.2,4.35,60.43,47.4,NVIDIA GeForce RTX 4090,36,92.09,25,2610.1,24564.0,
2026-09-07T05:28:06.365576+00:00,02_vlm_polymer_real_only,1,1,4.0,4.4,60.43,47.4,NVIDIA GeForce RTX 4090,37,103.41,36,2610.1,24564.0,
2026-09-07T05:28:16.376578+00:00,02_vlm_polymer_real_only,1,1,4.2,4.4,60.43,47.4,NVIDIA GeForce RTX 4090,35,101.09,37,2610.1,24564.0,
2026-09-07T05:28:26.387708+00:00,02_vlm_polymer_real_only,1,1,4.2,4.39,60.43,47.4,NVIDIA GeForce RTX 4090,35,101.07,50,2610.1,24564.0,
2026-09-07T05:28:36.398754+00:00,02_vlm_polymer_real_only,1,1,4.2,4.41,60.43,47.4,NVIDIA GeForce RTX 4090,36,102.97,18,2610.1,24564.0,
2026-09-07T05:28:46.410652+00:00,02_vlm_polymer_real_only,1,1,4.2,4.4,60.43,47.4,NVIDIA GeForce RTX 4090,35,101.94,63,2610.1,24564.0,
2026-09-07T05:28:56.421649+00:00,02_vlm_polymer_real_only,1,1,4.2,4.4,60.43,47.4,NVIDIA GeForce RTX 4090,36,99.3,39,2610.1,24564.0,
2026-09-07T05:29:06.432692+00:00,02_vlm_polymer_real_only,1,1,4.2,4.38,60.43,47.4,NVIDIA GeForce RTX 4090,36,96.18,22,2610.1,24564.0,
2026-09-07T05:29:16.443740+00:00,02_vlm_polymer_real_only,1,1,4.2,4.39,60.43,47.4,NVIDIA GeForce RTX 4090,35,102.81,54,2610.1,24564.0,
2026-09-07T05:29:26.454796+00:00,02_vlm_polymer_real_only,1,1,4.2,4.37,60.43,47.4,NVIDIA GeForce RTX 4090,35,101.62,63,2610.1,24564.0,
2026-09-07T05:29:36.465748+00:00,02_vlm_polymer_real_only,1,1,4.2,4.43,60.43,47.4,NVIDIA GeForce RTX 4090,36,100.33,21,2610.1,24564.0,
2026-09-07T05:29:46.476750+00:00,02_vlm_polymer_real_only,1,1,4.2,4.47,60.43,47.4,NVIDIA GeForce RTX 4090,36,99.84,16,2610.1,24564.0,
2026-09-07T05:29:56.487845+00:00,02_vlm_polymer_real_only,1,1,4.2,4.42,60.43,47.4,NVIDIA GeForce RTX 4090,36,99.77,24,2610.1,24564.0,
2026-09-07T05:30:06.498855+00:00,02_vlm_polymer_real_only,1,1,4.2,4.39,60.43,47.4,NVIDIA GeForce RTX 4090,36,97.55,65,2610.1,24564.0,
2026-09-07T05:30:16.512565+00:00,02_vlm_polymer_real_only,1,1,4.2,4.42,60.43,47.4,NVIDIA GeForce RTX 4090,36,102.22,46,2610.1,24564.0,
2026-09-07T05:30:26.523791+00:00,02_vlm_polymer_real_only,1,1,4.2,4.4,60.43,47.4,NVIDIA GeForce RTX 4090,35,99.7,0,2610.1,24564.0,
2026-09-07T05:30:36.534910+00:00,02_vlm_polymer_real_only,1,1,4.2,4.38,60.43,47.4,NVIDIA GeForce RTX 4090,35,98.25,5,2610.1,24564.0,
2026-09-07T05:30:46.546104+00:00,02_vlm_polymer_real_only,1,1,4.2,4.36,60.43,47.4,NVIDIA GeForce RTX 4090,35,101.1,18,2610.1,24564.0,
2026-09-07T05:30:56.558203+00:00,02_vlm_polymer_real_only,1,1,4.2,4.36,60.43,47.4,NVIDIA GeForce RTX 4090,36,99.59,53,2610.1,24564.0,
2026-09-07T05:31:06.569213+00:00,02_vlm_polymer_real_only,1,1,4.2,4.37,60.43,47.4,NVIDIA GeForce RTX 4090,35,102.82,25,2610.1,24564.0,
2026-09-07T05:31:16.580227+00:00,02_vlm_polymer_real_only,1,1,4.2,4.38,60.43,47.4,NVIDIA GeForce RTX 4090,35,88.91,36,2610.1,24564.0,
2026-09-07T05:31:26.591192+00:00,02_vlm_polymer_real_only,1,1,4.2,4.37,60.43,47.4,NVIDIA GeForce RTX 4090,36,91.12,29,2610.1,24564.0,
2026-09-07T05:31:36.602054+00:00,02_vlm_polymer_real_only,1,1,4.2,4.38,60.43,47.4,NVIDIA GeForce RTX 4090,36,100.86,66,2610.1,24564.0,
2026-09-07T05:31:46.613795+00:00,02_vlm_polymer_real_only,1,1,4.2,4.38,60.43,47.4,NVIDIA GeForce RTX 4090,35,100.04,66,2610.1,24564.0,
2026-09-07T05:31:56.624884+00:00,02_vlm_polymer_real_only,1,1,4.2,4.42,60.43,47.4,NVIDIA GeForce RTX 4090,36,100.69,7,2610.1,24564.0,
2026-09-07T05:32:06.635857+00:00,02_vlm_polymer_real_only,1,1,4.2,4.46,60.43,47.4,NVIDIA GeForce RTX 4090,35,101.72,58,2610.1,24564.0,
2026-09-07T05:32:16.648827+00:00,02_vlm_polymer_real_only,1,1,4.2,4.43,60.43,47.4,NVIDIA GeForce RTX 4090,35,98.69,22,2610.1,24564.0,
2026-09-07T05:32:26.659821+00:00,02_vlm_polymer_real_only,1,1,4.2,4.42,60.43,47.4,NVIDIA GeForce RTX 4090,35,95.72,67,2610.1,24564.0,
2026-09-07T05:32:36.672868+00:00,02_vlm_polymer_real_only,1,1,4.2,4.4,60.43,47.4,NVIDIA GeForce RTX 4090,36,101.42,36,2610.1,24564.0,
2026-09-07T05:32:46.684284+00:00,02_vlm_polymer_real_only,1,1,4.2,4.41,60.43,47.4,NVIDIA GeForce RTX 4090,36,101.77,0,2610.1,24564.0,
2026-09-07T05:32:56.695622+00:00,02_vlm_polymer_real_only,1,1,4.2,4.39,60.43,47.4,NVIDIA GeForce RTX 4090,36,99.1,15,2610.1,24564.0,
2026-09-07T05:33:06.706705+00:00,02_vlm_polymer_real_only,1,1,4.2,4.42,60.43,47.4,NVIDIA GeForce RTX 4090,35,99.61,65,2610.1,24564.0,
2026-09-07T05:33:16.718727+00:00,02_vlm_polymer_real_only,1,1,4.2,4.39,60.43,47.4,NVIDIA GeForce RTX 4090,36,96.48,13,2610.1,24564.0,
2026-09-07T05:33:26.729763+00:00,02_vlm_polymer_real_only,1,1,4.2,4.39,60.43,47.4,NVIDIA GeForce RTX 4090,35,100.15,45,2610.1,24564.0,
2026-09-07T05:33:36.741098+00:00,02_vlm_polymer_real_only,1,1,4.2,4.42,60.43,47.4,NVIDIA GeForce RTX 4090,36,102.38,23,2610.1,24564.0,
2026-09-07T05:33:46.751994+00:00,02_vlm_polymer_real_only,1,1,4.2,4.38,60.43,47.4,NVIDIA GeForce RTX 4090,35,98.9,25,2610.1,24564.0,
2026-09-07T05:33:56.763346+00:00,02_vlm_polymer_real_only,1,1,4.2,4.39,60.43,47.4,NVIDIA GeForce RTX 4090,35,98.12,42,2610.1,24564.0,
2026-09-07T05:34:06.776108+00:00,02_vlm_polymer_real_only,1,1,4.2,4.51,60.43,47.4,NVIDIA GeForce RTX 4090,35,98.14,30,2610.1,24564.0,
2026-09-07T05:34:16.790164+00:00,02_vlm_polymer_real_only,1,1,4.2,4.46,60.43,47.4,NVIDIA GeForce RTX 4090,36,102.08,0,2610.1,24564.0,
2026-09-07T05:34:26.801237+00:00,02_vlm_polymer_real_only,1,1,4.2,4.4,60.43,47.4,NVIDIA GeForce RTX 4090,36,100.59,27,2610.1,24564.0,
2026-09-07T05:34:36.812868+00:00,02_vlm_polymer_real_only,1,1,4.2,4.41,60.43,47.4,NVIDIA GeForce RTX 4090,36,99.31,0,2610.1,24564.0,
2026-09-07T05:34:46.824047+00:00,02_vlm_polymer_real_only,1,1,4.2,4.38,60.43,47.4,NVIDIA GeForce RTX 4090,36,102.12,5,2610.1,24564.0,
2026-09-07T05:34:56.835353+00:00,02_vlm_polymer_real_only,1,1,4.2,4.4,60.43,47.4,NVIDIA GeForce RTX 4090,34,89.91,25,2610.1,24564.0,
2026-09-07T05:35:06.846360+00:00,02_vlm_polymer_real_only,1,1,4.2,4.39,60.43,47.4,NVIDIA GeForce RTX 4090,35,93.49,43,2610.1,24564.0,
2026-09-07T05:35:16.857697+00:00,02_vlm_polymer_real_only,1,1,0.7,4.34,60.43,47.4,NVIDIA GeForce RTX 4090,33,61.17,0,2610.1,24564.0,
2026-09-07T05:35:26.868664+00:00,02_vlm_polymer_real_only,1,1,2.9,4.36,60.43,47.4,NVIDIA GeForce RTX 4090,34,98.41,48,2610.1,24564.0,
2026-09-07T05:35:36.879479+00:00,02_vlm_polymer_real_only,1,1,4.2,4.38,60.43,47.4,NVIDIA GeForce RTX 4090,34,98.0,45,2610.1,24564.0,
2026-09-07T05:35:46.890419+00:00,02_vlm_polymer_real_only,1,1,4.2,4.4,60.43,47.4,NVIDIA GeForce RTX 4090,35,102.59,4,2610.1,24564.0,
2026-09-07T05:35:56.901859+00:00,02_vlm_polymer_real_only,1,1,4.2,4.38,60.43,47.4,NVIDIA GeForce RTX 4090,35,99.65,10,2610.1,24564.0,
2026-09-07T05:36:06.913069+00:00,02_vlm_polymer_real_only,1,1,4.2,4.36,60.43,47.4,NVIDIA GeForce RTX 4090,36,101.45,44,2610.1,24564.0,
2026-09-07T05:36:16.923896+00:00,02_vlm_polymer_real_only,1,1,4.2,4.41,60.43,47.4,NVIDIA GeForce RTX 4090,36,98.05,22,2610.1,24564.0,
2026-09-07T05:36:26.935373+00:00,02_vlm_polymer_real_only,1,1,4.2,4.39,60.43,47.4,NVIDIA GeForce RTX 4090,35,101.39,25,2610.1,24564.0,
2026-09-07T05:36:36.946498+00:00,02_vlm_polymer_real_only,1,1,4.2,4.4,60.43,47.4,NVIDIA GeForce RTX 4090,35,102.38,18,2610.1,24564.0,
2026-09-07T05:36:46.959583+00:00,02_vlm_polymer_real_only,1,1,4.2,4.41,60.43,47.4,NVIDIA GeForce RTX 4090,35,102.77,32,2610.1,24564.0,
2026-09-07T05:36:56.970773+00:00,02_vlm_polymer_real_only,1,1,4.2,4.37,60.43,47.4,NVIDIA GeForce RTX 4090,35,102.78,47,2610.1,24564.0,
2026-09-07T05:37:06.981756+00:00,02_vlm_polymer_real_only,1,1,4.2,4.35,60.43,47.4,NVIDIA GeForce RTX 4090,35,96.18,52,2610.1,24564.0,
2026-09-07T05:37:16.993503+00:00,02_vlm_polymer_real_only,1,1,4.2,4.37,60.43,47.4,NVIDIA GeForce RTX 4090,37,99.2,45,2610.1,24564.0,
2026-09-07T05:37:27.005093+00:00,02_vlm_polymer_real_only,1,1,4.2,4.36,60.43,47.4,NVIDIA GeForce RTX 4090,36,98.18,48,2610.1,24564.0,
2026-09-07T05:37:37.016179+00:00,02_vlm_polymer_real_only,1,1,4.2,4.36,60.43,47.4,NVIDIA GeForce RTX 4090,35,98.91,13,2610.1,24564.0,
2026-09-07T05:37:47.027212+00:00,02_vlm_polymer_real_only,1,1,4.2,4.34,60.43,47.4,NVIDIA GeForce RTX 4090,36,100.99,10,2610.1,24564.0,
2026-09-07T05:37:57.038886+00:00,02_vlm_polymer_real_only,1,1,4.2,4.37,60.43,47.4,NVIDIA GeForce RTX 4090,35,100.82,6,2610.1,24564.0,
2026-09-07T05:38:07.049966+00:00,02_vlm_polymer_real_only,1,1,4.2,4.35,60.43,47.4,NVIDIA GeForce RTX 4090,35,102.12,1,2610.1,24564.0,
2026-09-07T05:38:17.061389+00:00,02_vlm_polymer_real_only,1,1,4.2,4.39,60.43,47.4,NVIDIA GeForce RTX 4090,35,98.66,12,2610.1,24564.0,
2026-09-07T05:38:27.072886+00:00,02_vlm_polymer_real_only,1,1,4.2,4.42,60.43,47.4,NVIDIA GeForce RTX 4090,36,99.44,48,2610.1,24564.0,
2026-09-07T05:38:37.083897+00:00,02_vlm_polymer_real_only,1,1,4.2,4.38,60.43,47.4,NVIDIA GeForce RTX 4090,35,88.97,25,2610.1,24564.0,
2026-09-07T05:38:47.095881+00:00,02_vlm_polymer_real_only,1,1,4.2,4.38,60.43,47.4,NVIDIA GeForce RTX 4090,35,88.42,28,2610.1,24564.0,
2026-09-07T05:38:57.106847+00:00,02_vlm_polymer_real_only,1,1,4.2,4.39,60.43,47.4,NVIDIA GeForce RTX 4090,35,100.92,44,2610.1,24564.0,
2026-09-07T05:39:07.118054+00:00,02_vlm_polymer_real_only,1,1,4.2,4.35,60.43,47.4,NVIDIA GeForce RTX 4090,35,100.48,13,2610.1,24564.0,
2026-09-07T05:39:17.128869+00:00,02_vlm_polymer_real_only,1,1,4.2,4.35,60.43,47.4,NVIDIA GeForce RTX 4090,36,102.39,34,2610.1,24564.0,
2026-09-07T05:39:27.139950+00:00,02_vlm_polymer_real_only,1,1,4.2,4.35,60.43,47.4,NVIDIA GeForce RTX 4090,36,102.36,48,2610.1,24564.0,
2026-09-07T05:39:37.150939+00:00,02_vlm_polymer_real_only,1,1,4.2,4.35,60.43,47.4,NVIDIA GeForce RTX 4090,35,99.11,21,2610.1,24564.0,
2026-09-07T05:39:47.161752+00:00,02_vlm_polymer_real_only,1,1,4.2,4.35,60.43,47.4,NVIDIA GeForce RTX 4090,35,98.93,61,2610.1,24564.0,
2026-09-07T05:39:57.172764+00:00,02_vlm_polymer_real_only,1,1,4.2,4.36,60.43,47.4,NVIDIA GeForce RTX 4090,35,99.94,50,2610.1,24564.0,
2026-09-07T05:40:07.183562+00:00,02_vlm_polymer_real_only,1,1,4.2,4.35,60.43,47.4,NVIDIA GeForce RTX 4090,35,102.35,66,2610.1,24564.0,
2026-09-07T05:40:17.194506+00:00,02_vlm_polymer_real_only,1,1,4.2,4.35,60.43,47.4,NVIDIA GeForce RTX 4090,36,98.19,51,2610.1,24564.0,
2026-09-07T05:40:27.205477+00:00,02_vlm_polymer_real_only,1,1,4.2,4.35,60.43,47.4,NVIDIA GeForce RTX 4090,35,98.83,38,2610.1,24564.0,
2026-09-07T05:40:37.217166+00:00,02_vlm_polymer_real_only,1,1,4.2,4.35,60.43,47.4,NVIDIA GeForce RTX 4090,35,97.97,65,2610.1,24564.0,
2026-09-07T05:40:47.229429+00:00,02_vlm_polymer_real_only,1,1,4.2,4.34,60.43,47.4,NVIDIA GeForce RTX 4090,36,98.86,29,2610.1,24564.0,
2026-09-07T05:40:57.240457+00:00,02_vlm_polymer_real_only,1,1,4.2,4.35,60.43,47.4,NVIDIA GeForce RTX 4090,37,100.39,11,2610.1,24564.0,
2026-09-07T05:41:07.251257+00:00,02_vlm_polymer_real_only,1,1,4.2,4.34,60.43,47.4,NVIDIA GeForce RTX 4090,36,101.51,65,2610.1,24564.0,
2026-09-07T05:41:17.263063+00:00,02_vlm_polymer_real_only,1,1,4.2,4.38,60.43,47.4,NVIDIA GeForce RTX 4090,36,99.77,36,2610.1,24564.0,
2026-09-07T05:41:27.274061+00:00,02_vlm_polymer_real_only,1,1,4.2,4.34,60.43,47.4,NVIDIA GeForce RTX 4090,35,102.19,35,2610.1,24564.0,
2026-09-07T05:41:37.285245+00:00,02_vlm_polymer_real_only,1,1,4.2,4.34,60.43,47.4,NVIDIA GeForce RTX 4090,35,102.3,23,2610.1,24564.0,
2026-09-07T05:41:47.296263+00:00,02_vlm_polymer_real_only,1,1,4.2,4.34,60.43,47.4,NVIDIA GeForce RTX 4090,36,101.69,31,2610.1,24564.0,
2026-09-07T05:41:57.307040+00:00,02_vlm_polymer_real_only,1,1,4.2,4.35,60.43,47.4,NVIDIA GeForce RTX 4090,36,102.24,52,2610.1,24564.0,
2026-09-07T05:42:07.318020+00:00,02_vlm_polymer_real_only,1,1,4.2,4.34,60.43,47.4,NVIDIA GeForce RTX 4090,36,100.47,62,2610.1,24564.0,
2026-09-07T05:42:17.329169+00:00,02_vlm_polymer_real_only,1,1,4.2,4.34,60.43,47.4,NVIDIA GeForce RTX 4090,35,90.23,36,2610.1,24564.0,
2026-09-07T05:42:27.340131+00:00,02_vlm_polymer_real_only,1,1,4.2,4.34,60.43,47.4,NVIDIA GeForce RTX 4090,34,90.93,29,2610.1,24564.0,
2026-09-07T05:42:37.351267+00:00,02_vlm_polymer_real_only,1,1,3.2,4.38,60.43,47.4,NVIDIA GeForce RTX 4090,35,91.43,29,3228.1,24564.0,
2026-09-07T05:42:47.362241+00:00,02_vlm_polymer_real_only,1,1,4.2,4.38,60.43,47.4,NVIDIA GeForce RTX 4090,34,90.75,29,3228.1,24564.0,
2026-09-07T05:42:57.373083+00:00,02_vlm_polymer_real_only,2,2,3.4,4.35,60.43,47.4,NVIDIA GeForce RTX 4090,34,99.88,31,2608.1,24564.0,
2026-09-07T05:43:07.384497+00:00,02_vlm_polymer_real_only,2,2,4.2,4.33,60.43,47.4,NVIDIA GeForce RTX 4090,35,100.71,3,2610.1,24564.0,
2026-09-07T05:43:17.395639+00:00,02_vlm_polymer_real_only,2,2,4.2,4.31,60.43,47.4,NVIDIA GeForce RTX 4090,35,99.89,0,2610.1,24564.0,
2026-09-07T05:43:27.407099+00:00,02_vlm_polymer_real_only,2,2,4.2,4.32,60.43,47.4,NVIDIA GeForce RTX 4090,35,99.72,59,2610.1,24564.0,
2026-09-07T05:43:37.418296+00:00,02_vlm_polymer_real_only,2,2,4.2,4.32,60.43,47.4,NVIDIA GeForce RTX 4090,35,100.44,64,2610.1,24564.0,
2026-09-07T05:43:47.430058+00:00,02_vlm_polymer_real_only,2,2,4.2,4.37,60.43,47.4,NVIDIA GeForce RTX 4090,35,102.17,13,2610.1,24564.0,
2026-09-07T05:43:57.441141+00:00,02_vlm_polymer_real_only,2,2,4.2,4.35,60.43,47.4,NVIDIA GeForce RTX 4090,35,97.96,42,2610.1,24564.0,
2026-09-07T05:44:07.452202+00:00,02_vlm_polymer_real_only,2,2,4.2,4.35,60.43,47.4,NVIDIA GeForce RTX 4090,35,101.83,60,2610.1,24564.0,
2026-09-07T05:44:17.463179+00:00,02_vlm_polymer_real_only,2,2,4.2,4.35,60.43,47.4,NVIDIA GeForce RTX 4090,35,101.31,15,2610.1,24564.0,
2026-09-07T05:44:27.473998+00:00,02_vlm_polymer_real_only,2,2,4.2,4.37,60.43,47.4,NVIDIA GeForce RTX 4090,37,99.72,29,2610.1,24564.0,
2026-09-07T05:44:37.487301+00:00,02_vlm_polymer_real_only,2,2,4.2,4.32,60.43,47.4,NVIDIA GeForce RTX 4090,35,100.03,20,2610.1,24564.0,
2026-09-07T05:44:47.498140+00:00,02_vlm_polymer_real_only,2,2,4.2,4.29,60.43,47.4,NVIDIA GeForce RTX 4090,35,100.65,25,2610.1,24564.0,
2026-09-07T05:44:57.509689+00:00,02_vlm_polymer_real_only,2,2,4.2,4.37,60.43,47.4,NVIDIA GeForce RTX 4090,36,102.53,23,2610.1,24564.0,
2026-09-07T05:45:07.520982+00:00,02_vlm_polymer_real_only,2,2,4.2,4.37,60.43,47.4,NVIDIA GeForce RTX 4090,36,102.81,62,2610.1,24564.0,
2026-09-07T05:45:17.532761+00:00,02_vlm_polymer_real_only,2,2,4.2,4.37,60.43,47.4,NVIDIA GeForce RTX 4090,36,99.61,58,2610.1,24564.0,
2026-09-07T05:45:27.546172+00:00,02_vlm_polymer_real_only,2,2,4.2,4.34,60.43,47.4,NVIDIA GeForce RTX 4090,35,98.71,10,2610.1,24564.0,
2026-09-07T05:45:37.557423+00:00,02_vlm_polymer_real_only,2,2,4.2,4.35,60.43,47.4,NVIDIA GeForce RTX 4090,36,102.43,46,2610.1,24564.0,
2026-09-07T05:45:47.569039+00:00,02_vlm_polymer_real_only,2,2,4.2,4.36,60.43,47.4,NVIDIA GeForce RTX 4090,36,103.09,58,2610.1,24564.0,
2026-09-07T05:45:57.580073+00:00,02_vlm_polymer_real_only,2,2,4.2,4.34,60.43,47.4,NVIDIA GeForce RTX 4090,36,97.8,16,2610.1,24564.0,
2026-09-07T05:46:07.591925+00:00,02_vlm_polymer_real_only,2,2,4.2,4.34,60.43,47.4,NVIDIA GeForce RTX 4090,36,100.08,24,2610.1,24564.0,
2026-09-07T05:46:17.603069+00:00,02_vlm_polymer_real_only,2,2,4.2,4.4,60.43,47.4,NVIDIA GeForce RTX 4090,35,90.38,36,2610.1,24564.0,
2026-09-07T05:46:27.614215+00:00,02_vlm_polymer_real_only,2,2,4.2,4.39,60.43,47.4,NVIDIA GeForce RTX 4090,34,90.34,42,2610.1,24564.0,
2026-09-07T05:46:37.626749+00:00,02_vlm_polymer_real_only,2,2,4.0,4.38,60.43,47.38,NVIDIA GeForce RTX 4090,35,100.26,43,2610.1,24564.0,
2026-09-07T05:46:47.637943+00:00,02_vlm_polymer_real_only,2,2,4.2,4.38,60.43,47.38,NVIDIA GeForce RTX 4090,35,97.84,40,2610.1,24564.0,
2026-09-07T05:46:57.650856+00:00,02_vlm_polymer_real_only,2,2,4.2,4.36,60.43,47.38,NVIDIA GeForce RTX 4090,35,98.42,35,2610.1,24564.0,
2026-09-07T05:47:07.661846+00:00,02_vlm_polymer_real_only,2,2,4.2,4.36,60.43,47.38,NVIDIA GeForce RTX 4090,36,98.49,44,2610.1,24564.0,
2026-09-07T05:47:17.672879+00:00,02_vlm_polymer_real_only,2,2,4.2,4.37,60.43,47.38,NVIDIA GeForce RTX 4090,35,98.38,63,2610.1,24564.0,
2026-09-07T05:47:27.683765+00:00,02_vlm_polymer_real_only,2,2,4.2,4.37,60.43,47.38,NVIDIA GeForce RTX 4090,35,96.52,15,2610.1,24564.0,
2026-09-07T05:47:37.694824+00:00,02_vlm_polymer_real_only,2,2,4.2,4.36,60.43,47.38,NVIDIA GeForce RTX 4090,36,100.2,39,2610.1,24564.0,
2026-09-07T05:47:47.706010+00:00,02_vlm_polymer_real_only,2,2,4.2,4.37,60.43,47.38,NVIDIA GeForce RTX 4090,36,100.51,10,2610.1,24564.0,
2026-09-07T05:47:57.717071+00:00,02_vlm_polymer_real_only,2,2,4.2,4.36,60.43,47.38,NVIDIA GeForce RTX 4090,36,98.55,10,2610.1,24564.0,
2026-09-07T05:48:07.728628+00:00,02_vlm_polymer_real_only,2,2,4.2,4.36,60.43,47.38,NVIDIA GeForce RTX 4090,36,97.13,20,2610.1,24564.0,
2026-09-07T05:48:17.739521+00:00,02_vlm_polymer_real_only,2,2,4.2,4.36,60.43,47.38,NVIDIA GeForce RTX 4090,36,100.83,21,2610.1,24564.0,
2026-09-07T05:48:27.750572+00:00,02_vlm_polymer_real_only,2,2,4.2,4.37,60.43,47.38,NVIDIA GeForce RTX 4090,36,95.88,13,2610.1,24564.0,
2026-09-07T05:48:37.763530+00:00,02_vlm_polymer_real_only,2,2,4.2,4.36,60.43,47.38,NVIDIA GeForce RTX 4090,36,101.68,1,2610.1,24564.0,
2026-09-07T05:48:47.775133+00:00,02_vlm_polymer_real_only,2,2,4.2,4.36,60.43,47.38,NVIDIA GeForce RTX 4090,35,98.91,2,2610.1,24564.0,
2026-09-07T05:48:57.786382+00:00,02_vlm_polymer_real_only,2,2,4.2,4.36,60.43,47.38,NVIDIA GeForce RTX 4090,35,99.68,26,2610.1,24564.0,
2026-09-07T05:49:07.799095+00:00,02_vlm_polymer_real_only,2,2,4.2,4.38,60.43,47.38,NVIDIA GeForce RTX 4090,35,98.48,35,2610.1,24564.0,
2026-09-07T05:49:17.810383+00:00,02_vlm_polymer_real_only,2,2,4.2,4.38,60.43,47.38,NVIDIA GeForce RTX 4090,36,100.32,38,2610.1,24564.0,
2026-09-07T05:49:27.821690+00:00,02_vlm_polymer_real_only,2,2,4.2,4.38,60.43,47.38,NVIDIA GeForce RTX 4090,35,98.37,31,2610.1,24564.0,
2026-09-07T05:49:37.832906+00:00,02_vlm_polymer_real_only,2,2,4.2,4.38,60.43,47.38,NVIDIA GeForce RTX 4090,36,100.3,23,2610.1,24564.0,
2026-09-07T05:49:47.844464+00:00,02_vlm_polymer_real_only,2,2,4.2,4.41,60.43,47.38,NVIDIA GeForce RTX 4090,35,87.96,31,2610.1,24564.0,
2026-09-07T05:49:57.856900+00:00,02_vlm_polymer_real_only,2,2,4.2,4.4,60.43,47.38,NVIDIA GeForce RTX 4090,35,88.42,30,2610.1,24564.0,
2026-09-07T05:50:07.868525+00:00,02_vlm_polymer_real_only,2,2,4.0,4.39,60.43,47.38,NVIDIA GeForce RTX 4090,35,99.04,55,2610.1,24564.0,
2026-09-07T05:50:17.879535+00:00,02_vlm_polymer_real_only,2,2,4.2,4.38,60.43,47.38,NVIDIA GeForce RTX 4090,34,98.38,52,2610.1,24564.0,
2026-09-07T05:50:27.890427+00:00,02_vlm_polymer_real_only,2,2,4.2,4.42,60.43,47.38,NVIDIA GeForce RTX 4090,36,97.9,39,2610.1,24564.0,
2026-09-07T05:50:37.901424+00:00,02_vlm_polymer_real_only,2,2,4.2,4.45,60.43,47.38,NVIDIA GeForce RTX 4090,36,98.97,47,2610.1,24564.0,
2026-09-07T05:50:47.912460+00:00,02_vlm_polymer_real_only,2,2,4.2,4.46,60.43,47.38,NVIDIA GeForce RTX 4090,37,100.72,46,2610.1,24564.0,
2026-09-07T05:50:57.923245+00:00,02_vlm_polymer_real_only,2,2,4.2,4.43,60.43,47.38,NVIDIA GeForce RTX 4090,36,100.72,19,2610.1,24564.0,
2026-09-07T05:51:07.935342+00:00,02_vlm_polymer_real_only,2,2,4.3,4.41,60.43,47.38,NVIDIA GeForce RTX 4090,35,99.92,5,2610.1,24564.0,
2026-09-07T05:51:17.946282+00:00,02_vlm_polymer_real_only,2,2,4.2,4.41,60.43,47.38,NVIDIA GeForce RTX 4090,36,100.5,44,2610.1,24564.0,
2026-09-07T05:51:27.957479+00:00,02_vlm_polymer_real_only,2,2,4.2,4.4,60.43,47.38,NVIDIA GeForce RTX 4090,37,99.96,20,2610.1,24564.0,
2026-09-07T05:51:37.969457+00:00,02_vlm_polymer_real_only,2,2,4.2,4.42,60.43,47.38,NVIDIA GeForce RTX 4090,35,99.18,33,2610.1,24564.0,
2026-09-07T05:51:47.981036+00:00,02_vlm_polymer_real_only,2,2,4.2,4.39,60.43,47.38,NVIDIA GeForce RTX 4090,37,98.78,22,2610.1,24564.0,
2026-09-07T05:51:57.992450+00:00,02_vlm_polymer_real_only,2,2,4.2,4.41,60.43,47.38,NVIDIA GeForce RTX 4090,35,99.37,31,2610.1,24564.0,
2026-09-07T05:52:08.003481+00:00,02_vlm_polymer_real_only,2,2,6.1,4.95,60.43,47.38,NVIDIA GeForce RTX 4090,35,99.14,22,2610.1,24564.0,
2026-09-07T05:52:18.014319+00:00,02_vlm_polymer_real_only,2,2,5.6,5.61,60.43,47.38,NVIDIA GeForce RTX 4090,36,98.02,63,2610.1,24564.0,
2026-09-07T05:52:28.025575+00:00,02_vlm_polymer_real_only,2,2,4.3,5.56,60.43,47.38,NVIDIA GeForce RTX 4090,36,97.85,52,2610.1,24564.0,
2026-09-07T05:52:38.036673+00:00,02_vlm_polymer_real_only,2,2,4.3,5.52,60.43,47.38,NVIDIA GeForce RTX 4090,36,97.48,50,2610.1,24564.0,
2026-09-07T05:52:48.047884+00:00,02_vlm_polymer_real_only,2,2,6.5,6.09,60.43,47.38,NVIDIA GeForce RTX 4090,37,97.57,42,2610.1,24564.0,
2026-09-07T05:52:58.059204+00:00,02_vlm_polymer_real_only,2,2,4.4,6.15,60.43,47.38,NVIDIA GeForce RTX 4090,36,97.08,48,2610.1,24564.0,
2026-09-07T05:53:08.070140+00:00,02_vlm_polymer_real_only,2,2,4.2,6.13,60.43,47.38,NVIDIA GeForce RTX 4090,35,100.07,12,2610.1,24564.0,
2026-09-07T05:53:18.081466+00:00,02_vlm_polymer_real_only,2,2,4.2,6.11,60.43,47.38,NVIDIA GeForce RTX 4090,35,98.06,26,2610.1,24564.0,
2026-09-07T05:53:28.092626+00:00,02_vlm_polymer_real_only,2,2,4.2,6.06,60.43,47.38,NVIDIA GeForce RTX 4090,35,90.47,42,2610.1,24564.0,
2026-09-07T05:53:38.103317+00:00,02_vlm_polymer_real_only,2,2,4.2,6.03,60.43,47.38,NVIDIA GeForce RTX 4090,34,90.09,29,2610.1,24564.0,
2026-09-07T05:53:48.114257+00:00,02_vlm_polymer_real_only,2,2,4.0,6.03,60.43,47.38,NVIDIA GeForce RTX 4090,34,98.34,58,2610.1,24564.0,
2026-09-07T05:53:58.128028+00:00,02_vlm_polymer_real_only,2,2,4.2,5.96,60.43,47.38,NVIDIA GeForce RTX 4090,35,101.08,33,2610.1,24564.0,
2026-09-07T05:54:08.139089+00:00,02_vlm_polymer_real_only,2,2,4.2,5.95,60.43,47.38,NVIDIA GeForce RTX 4090,35,96.82,64,2610.1,24564.0,
2026-09-07T05:54:18.149918+00:00,02_vlm_polymer_real_only,2,2,4.2,5.96,60.43,47.38,NVIDIA GeForce RTX 4090,35,99.08,60,2610.1,24564.0,
2026-09-07T05:54:28.161111+00:00,02_vlm_polymer_real_only,2,2,4.3,5.82,60.43,47.38,NVIDIA GeForce RTX 4090,35,101.92,63,2610.1,24564.0,
2026-09-07T05:54:38.172147+00:00,02_vlm_polymer_real_only,2,2,4.3,5.65,60.43,47.38,NVIDIA GeForce RTX 4090,36,99.44,27,2610.1,24564.0,
2026-09-07T05:54:48.183430+00:00,02_vlm_polymer_real_only,2,2,4.2,5.64,60.43,47.38,NVIDIA GeForce RTX 4090,36,98.41,34,2610.1,24564.0,
2026-09-07T05:54:58.194838+00:00,02_vlm_polymer_real_only,2,2,4.2,5.67,60.43,47.38,NVIDIA GeForce RTX 4090,35,97.19,19,2610.1,24564.0,
2026-09-07T05:55:08.206381+00:00,02_vlm_polymer_real_only,2,2,4.2,5.65,60.43,47.38,NVIDIA GeForce RTX 4090,36,100.83,36,2610.1,24564.0,
2026-09-07T05:55:18.217183+00:00,02_vlm_polymer_real_only,2,2,4.2,5.67,60.43,47.38,NVIDIA GeForce RTX 4090,35,99.95,25,2610.1,24564.0,
2026-09-07T05:55:28.228916+00:00,02_vlm_polymer_real_only,2,2,4.2,5.66,60.43,47.38,NVIDIA GeForce RTX 4090,35,98.78,40,2610.1,24564.0,
2026-09-07T05:55:38.239839+00:00,02_vlm_polymer_real_only,2,2,4.2,5.63,60.43,47.38,NVIDIA GeForce RTX 4090,36,100.21,49,2610.1,24564.0,
2026-09-07T05:55:48.251159+00:00,02_vlm_polymer_real_only,2,2,4.2,5.63,60.43,47.38,NVIDIA GeForce RTX 4090,35,102.68,14,2610.1,24564.0,
2026-09-07T05:55:58.262422+00:00,02_vlm_polymer_real_only,2,2,4.2,5.62,60.43,47.38,NVIDIA GeForce RTX 4090,35,101.8,29,2610.1,24564.0,
2026-09-07T05:56:08.273457+00:00,02_vlm_polymer_real_only,2,2,4.2,5.65,60.43,47.38,NVIDIA GeForce RTX 4090,36,98.4,56,2610.1,24564.0,
2026-09-07T05:56:18.287173+00:00,02_vlm_polymer_real_only,2,2,4.4,5.63,60.43,47.38,NVIDIA GeForce RTX 4090,36,97.67,54,2610.1,24564.0,
2026-09-07T05:56:28.298463+00:00,02_vlm_polymer_real_only,2,2,4.3,5.64,60.43,47.38,NVIDIA GeForce RTX 4090,35,100.49,35,2610.1,24564.0,
2026-09-07T05:56:38.309523+00:00,02_vlm_polymer_real_only,2,2,4.3,5.62,60.43,47.38,NVIDIA GeForce RTX 4090,36,99.16,32,2610.1,24564.0,
2026-09-07T05:56:48.320802+00:00,02_vlm_polymer_real_only,2,2,4.3,5.6,60.43,47.38,NVIDIA GeForce RTX 4090,35,95.62,36,2610.1,24564.0,
2026-09-07T05:56:58.332429+00:00,02_vlm_polymer_real_only,2,2,4.3,5.68,60.43,47.38,NVIDIA GeForce RTX 4090,35,97.63,15,2610.1,24564.0,
2026-09-07T05:57:08.343190+00:00,02_vlm_polymer_real_only,2,2,4.2,5.65,60.43,47.38,NVIDIA GeForce RTX 4090,35,89.51,40,2610.1,24564.0,
2026-09-07T05:57:18.354235+00:00,02_vlm_polymer_real_only,2,2,4.2,5.67,60.43,47.38,NVIDIA GeForce RTX 4090,35,92.99,37,2610.1,24564.0,
2026-09-07T05:57:28.365250+00:00,02_vlm_polymer_real_only,2,2,4.2,5.68,60.43,47.38,NVIDIA GeForce RTX 4090,35,98.02,57,2610.1,24564.0,
2026-09-07T05:57:38.376194+00:00,02_vlm_polymer_real_only,2,2,4.2,5.62,60.43,47.38,NVIDIA GeForce RTX 4090,35,101.06,18,2610.1,24564.0,
2026-09-07T05:57:48.387280+00:00,02_vlm_polymer_real_only,2,2,4.2,5.67,60.43,47.38,NVIDIA GeForce RTX 4090,35,95.74,62,2610.1,24564.0,
2026-09-07T05:57:58.398128+00:00,02_vlm_polymer_real_only,2,2,4.3,5.63,60.43,47.38,NVIDIA GeForce RTX 4090,36,99.08,17,2610.1,24564.0,
2026-09-07T05:58:08.411127+00:00,02_vlm_polymer_real_only,2,2,4.2,5.64,60.43,47.38,NVIDIA GeForce RTX 4090,35,102.7,43,2610.1,24564.0,
2026-09-07T05:58:18.421916+00:00,02_vlm_polymer_real_only,2,2,4.2,5.64,60.43,47.38,NVIDIA GeForce RTX 4090,35,99.62,1,2610.1,24564.0,
2026-09-07T05:58:28.433142+00:00,02_vlm_polymer_real_only,2,2,4.2,5.71,60.43,47.38,NVIDIA GeForce RTX 4090,36,102.74,55,2610.1,24564.0,
2026-09-07T05:58:38.444111+00:00,02_vlm_polymer_real_only,2,2,4.2,5.66,60.43,47.38,NVIDIA GeForce RTX 4090,35,99.46,45,2610.1,24564.0,
2026-09-07T05:58:48.454966+00:00,02_vlm_polymer_real_only,2,2,4.2,5.69,60.43,47.38,NVIDIA GeForce RTX 4090,36,102.83,63,2610.1,24564.0,
2026-09-07T05:58:58.465968+00:00,02_vlm_polymer_real_only,2,2,4.2,5.63,60.43,47.38,NVIDIA GeForce RTX 4090,36,98.04,65,2610.1,24564.0,
2026-09-07T05:59:08.477435+00:00,02_vlm_polymer_real_only,2,2,4.2,5.61,60.43,47.38,NVIDIA GeForce RTX 4090,35,102.22,25,2610.1,24564.0,
2026-09-07T05:59:18.488332+00:00,02_vlm_polymer_real_only,2,2,4.2,5.64,60.43,47.38,NVIDIA GeForce RTX 4090,35,99.11,12,2610.1,24564.0,
2026-09-07T05:59:28.499255+00:00,02_vlm_polymer_real_only,2,2,4.2,5.69,60.43,47.38,NVIDIA GeForce RTX 4090,35,99.72,0,2610.1,24564.0,
2026-09-07T05:59:38.510524+00:00,02_vlm_polymer_real_only,2,2,4.2,5.68,60.43,47.38,NVIDIA GeForce RTX 4090,35,100.69,15,2610.1,24564.0,
2026-09-07T05:59:48.521719+00:00,02_vlm_polymer_real_only,2,2,4.2,5.64,60.43,47.38,NVIDIA GeForce RTX 4090,35,99.5,26,2610.1,24564.0,
2026-09-07T05:59:58.532959+00:00,02_vlm_polymer_real_only,2,2,4.2,5.62,60.43,47.38,NVIDIA GeForce RTX 4090,35,99.54,67,2610.1,24564.0,
2026-09-07T06:00:08.546061+00:00,02_vlm_polymer_real_only,2,2,4.3,5.65,60.43,47.38,NVIDIA GeForce RTX 4090,36,99.87,14,2610.1,24564.0,
2026-09-07T06:00:18.557231+00:00,02_vlm_polymer_real_only,2,2,4.2,5.62,60.43,47.38,NVIDIA GeForce RTX 4090,36,102.04,20,2610.1,24564.0,
2026-09-07T06:00:28.568385+00:00,02_vlm_polymer_real_only,2,2,4.2,5.6,60.43,47.38,NVIDIA GeForce RTX 4090,35,99.24,36,2610.1,24564.0,
2026-09-07T06:00:38.579425+00:00,02_vlm_polymer_real_only,2,2,4.2,5.61,60.43,47.38,NVIDIA GeForce RTX 4090,35,88.73,30,2610.1,24564.0,
2026-09-07T06:00:48.590600+00:00,02_vlm_polymer_real_only,2,2,4.2,5.61,60.43,47.38,NVIDIA GeForce RTX 4090,35,90.59,30,2610.1,24564.0,
2026-09-07T06:00:58.601387+00:00,02_vlm_polymer_real_only,2,2,4.2,5.64,60.43,47.38,NVIDIA GeForce RTX 4090,36,98.53,33,2610.1,24564.0,
2026-09-07T06:01:08.612770+00:00,02_vlm_polymer_real_only,2,2,4.2,5.61,60.43,47.38,NVIDIA GeForce RTX 4090,35,99.23,60,2610.1,24564.0,
2026-09-07T06:01:18.623794+00:00,02_vlm_polymer_real_only,2,2,4.2,5.6,60.43,47.38,NVIDIA GeForce RTX 4090,34,98.23,36,2610.1,24564.0,
2026-09-07T06:01:28.635015+00:00,02_vlm_polymer_real_only,2,2,4.2,5.61,60.43,47.38,NVIDIA GeForce RTX 4090,35,95.64,52,2610.1,24564.0,
2026-09-07T06:01:38.646023+00:00,02_vlm_polymer_real_only,2,2,4.2,5.64,60.43,47.38,NVIDIA GeForce RTX 4090,35,101.23,32,2610.1,24564.0,
2026-09-07T06:01:48.657421+00:00,02_vlm_polymer_real_only,2,2,4.2,5.6,60.43,47.38,NVIDIA GeForce RTX 4090,36,98.78,48,2610.1,24564.0,
2026-09-07T06:01:58.668804+00:00,02_vlm_polymer_real_only,2,2,4.2,5.62,60.43,47.38,NVIDIA GeForce RTX 4090,35,98.2,37,2610.1,24564.0,
2026-09-07T06:02:08.682082+00:00,02_vlm_polymer_real_only,2,2,4.2,5.65,60.43,47.38,NVIDIA GeForce RTX 4090,36,100.03,33,2610.1,24564.0,
2026-09-07T06:02:18.693282+00:00,02_vlm_polymer_real_only,2,2,4.2,5.62,60.43,47.38,NVIDIA GeForce RTX 4090,35,101.54,26,2610.1,24564.0,
2026-09-07T06:02:28.704661+00:00,02_vlm_polymer_real_only,2,2,4.2,5.69,60.43,47.38,NVIDIA GeForce RTX 4090,35,102.61,63,2610.1,24564.0,
2026-09-07T06:02:38.715853+00:00,02_vlm_polymer_real_only,2,2,4.2,5.67,60.43,47.38,NVIDIA GeForce RTX 4090,36,98.63,3,2610.1,24564.0,
2026-09-07T06:02:48.727083+00:00,02_vlm_polymer_real_only,2,2,4.2,5.65,60.43,47.38,NVIDIA GeForce RTX 4090,35,101.12,53,2610.1,24564.0,
2026-09-07T06:02:58.738163+00:00,02_vlm_polymer_real_only,2,2,4.2,5.67,60.43,47.38,NVIDIA GeForce RTX 4090,36,95.27,0,2610.1,24564.0,
2026-09-07T06:03:08.749583+00:00,02_vlm_polymer_real_only,2,2,4.2,5.72,60.43,47.38,NVIDIA GeForce RTX 4090,35,99.02,35,2610.1,24564.0,
2026-09-07T06:03:18.761343+00:00,02_vlm_polymer_real_only,2,2,4.2,5.66,60.43,47.38,NVIDIA GeForce RTX 4090,36,98.49,24,2610.1,24564.0,
2026-09-07T06:03:28.772305+00:00,02_vlm_polymer_real_only,2,2,4.2,5.64,60.43,47.38,NVIDIA GeForce RTX 4090,35,99.6,16,2610.1,24564.0,
2026-09-07T06:03:38.783053+00:00,02_vlm_polymer_real_only,2,2,4.2,5.63,60.43,47.38,NVIDIA GeForce RTX 4090,35,97.64,35,2610.1,24564.0,
2026-09-07T06:03:48.793918+00:00,02_vlm_polymer_real_only,2,2,4.2,5.63,60.43,47.38,NVIDIA GeForce RTX 4090,36,100.79,61,2610.1,24564.0,
2026-09-07T06:03:58.804888+00:00,02_vlm_polymer_real_only,2,2,4.2,5.63,60.43,47.38,NVIDIA GeForce RTX 4090,36,100.32,52,2610.1,24564.0,
2026-09-07T06:04:08.815931+00:00,02_vlm_polymer_real_only,2,2,4.2,5.63,60.43,47.38,NVIDIA GeForce RTX 4090,37,99.42,31,2610.1,24564.0,
2026-09-07T06:04:18.827901+00:00,02_vlm_polymer_real_only,2,2,4.2,5.63,60.43,47.38,NVIDIA GeForce RTX 4090,35,87.65,39,2610.1,24564.0,
2026-09-07T06:04:28.839045+00:00,02_vlm_polymer_real_only,2,2,4.2,5.63,60.43,47.38,NVIDIA GeForce RTX 4090,35,89.71,25,2610.1,24564.0,
2026-09-07T06:04:38.850017+00:00,02_vlm_polymer_real_only,2,2,3.3,5.73,60.43,47.38,NVIDIA GeForce RTX 4090,35,91.09,25,3228.1,24564.0,
2026-09-07T06:04:48.862525+00:00,02_vlm_polymer_real_only,2,2,4.2,5.73,60.43,47.38,NVIDIA GeForce RTX 4090,35,90.03,32,3228.1,24564.0,
2026-09-07T06:04:58.873502+00:00,02_vlm_polymer_real_only,3,3,3.4,5.55,60.43,47.38,NVIDIA GeForce RTX 4090,34,98.02,37,2608.1,24564.0,
2026-09-07T06:05:08.884719+00:00,02_vlm_polymer_real_only,3,3,4.2,5.57,60.43,47.38,NVIDIA GeForce RTX 4090,34,94.74,60,2610.1,24564.0,
2026-09-07T06:05:18.896182+00:00,02_vlm_polymer_real_only,3,3,4.2,5.56,60.43,47.38,NVIDIA GeForce RTX 4090,35,101.46,47,2610.1,24564.0,
2026-09-07T06:05:28.907172+00:00,02_vlm_polymer_real_only,3,3,4.2,5.53,60.43,47.38,NVIDIA GeForce RTX 4090,35,96.69,49,2610.1,24564.0,
2026-09-07T06:05:38.919069+00:00,02_vlm_polymer_real_only,3,3,4.2,5.53,60.43,47.38,NVIDIA GeForce RTX 4090,34,100.32,48,2610.1,24564.0,
2026-09-07T06:05:48.929803+00:00,02_vlm_polymer_real_only,3,3,4.2,5.53,60.43,47.38,NVIDIA GeForce RTX 4090,35,101.94,53,2610.1,24564.0,
2026-09-07T06:05:58.940755+00:00,02_vlm_polymer_real_only,3,3,4.2,5.51,60.43,47.38,NVIDIA GeForce RTX 4090,37,101.88,48,2610.1,24564.0,
2026-09-07T06:06:08.951483+00:00,02_vlm_polymer_real_only,3,3,4.2,5.54,60.43,47.38,NVIDIA GeForce RTX 4090,36,97.97,26,2610.1,24564.0,
2026-09-07T06:06:18.962435+00:00,02_vlm_polymer_real_only,3,3,4.2,5.53,60.43,47.38,NVIDIA GeForce RTX 4090,35,94.66,9,2610.1,24564.0,
2026-09-07T06:06:28.973528+00:00,02_vlm_polymer_real_only,3,3,4.2,5.56,60.43,47.38,NVIDIA GeForce RTX 4090,36,102.18,52,2610.1,24564.0,
2026-09-07T06:06:38.985201+00:00,02_vlm_polymer_real_only,3,3,4.2,5.51,60.43,47.38,NVIDIA GeForce RTX 4090,35,97.6,26,2610.1,24564.0,
2026-09-07T06:06:48.996153+00:00,02_vlm_polymer_real_only,3,3,4.2,5.61,60.43,47.38,NVIDIA GeForce RTX 4090,36,99.77,43,2610.1,24564.0,
2026-09-07T06:06:59.007349+00:00,02_vlm_polymer_real_only,3,3,4.2,5.57,60.43,47.38,NVIDIA GeForce RTX 4090,35,95.81,2,2610.1,24564.0,
2026-09-07T06:07:09.018104+00:00,02_vlm_polymer_real_only,3,3,4.2,5.55,60.43,47.38,NVIDIA GeForce RTX 4090,36,100.47,6,2610.1,24564.0,
2026-09-07T06:07:19.030502+00:00,02_vlm_polymer_real_only,3,3,4.2,5.56,60.43,47.38,NVIDIA GeForce RTX 4090,35,98.92,49,2610.1,24564.0,
2026-09-07T06:07:29.041239+00:00,02_vlm_polymer_real_only,3,3,4.2,5.59,60.43,47.38,NVIDIA GeForce RTX 4090,36,98.01,26,2610.1,24564.0,
2026-09-07T06:07:39.053103+00:00,02_vlm_polymer_real_only,3,3,4.2,5.58,60.43,47.38,NVIDIA GeForce RTX 4090,35,100.24,46,2610.1,24564.0,
2026-09-07T06:07:49.064036+00:00,02_vlm_polymer_real_only,3,3,4.2,5.58,60.43,47.38,NVIDIA GeForce RTX 4090,35,102.42,67,2610.1,24564.0,
2026-09-07T06:07:59.076345+00:00,02_vlm_polymer_real_only,3,3,4.2,5.52,60.43,47.38,NVIDIA GeForce RTX 4090,35,101.06,51,2610.1,24564.0,
2026-09-07T06:08:09.087369+00:00,02_vlm_polymer_real_only,3,3,4.2,5.52,60.43,47.38,NVIDIA GeForce RTX 4090,35,101.72,58,2610.1,24564.0,
2026-09-07T06:08:19.098488+00:00,02_vlm_polymer_real_only,3,3,4.2,5.61,60.43,47.38,NVIDIA GeForce RTX 4090,35,89.3,29,2610.1,24564.0,
2026-09-07T06:08:29.109970+00:00,02_vlm_polymer_real_only,3,3,4.2,5.64,60.43,47.38,NVIDIA GeForce RTX 4090,35,92.47,29,2610.1,24564.0,
2026-09-07T06:08:39.120933+00:00,02_vlm_polymer_real_only,3,3,4.0,5.67,60.43,47.36,NVIDIA GeForce RTX 4090,34,98.6,27,2610.1,24564.0,
2026-09-07T06:08:49.133257+00:00,02_vlm_polymer_real_only,3,3,4.2,5.68,60.43,47.36,NVIDIA GeForce RTX 4090,35,100.65,69,2610.1,24564.0,
2026-09-07T06:08:59.147184+00:00,02_vlm_polymer_real_only,3,3,4.2,5.65,60.43,47.36,NVIDIA GeForce RTX 4090,35,97.82,7,2610.1,24564.0,
2026-09-07T06:09:09.158391+00:00,02_vlm_polymer_real_only,3,3,4.2,5.64,60.43,47.36,NVIDIA GeForce RTX 4090,35,102.35,48,2610.1,24564.0,
2026-09-07T06:09:19.169455+00:00,02_vlm_polymer_real_only,3,3,4.2,5.65,60.43,47.36,NVIDIA GeForce RTX 4090,34,99.2,29,2610.1,24564.0,
2026-09-07T06:09:29.180287+00:00,02_vlm_polymer_real_only,3,3,4.2,5.67,60.43,47.36,NVIDIA GeForce RTX 4090,35,101.79,13,2610.1,24564.0,
2026-09-07T06:09:39.191158+00:00,02_vlm_polymer_real_only,3,3,4.2,5.69,60.43,47.36,NVIDIA GeForce RTX 4090,36,99.0,63,2610.1,24564.0,
2026-09-07T06:09:49.204602+00:00,02_vlm_polymer_real_only,3,3,4.2,5.66,60.43,47.36,NVIDIA GeForce RTX 4090,35,98.65,18,2610.1,24564.0,
2026-09-07T06:09:59.215316+00:00,02_vlm_polymer_real_only,3,3,4.2,5.68,60.43,47.36,NVIDIA GeForce RTX 4090,35,98.4,25,2610.1,24564.0,
2026-09-07T06:10:09.227198+00:00,02_vlm_polymer_real_only,3,3,4.2,5.68,60.43,47.36,NVIDIA GeForce RTX 4090,35,98.57,29,2610.1,24564.0,
2026-09-07T06:10:19.238237+00:00,02_vlm_polymer_real_only,3,3,4.2,5.67,60.43,47.36,NVIDIA GeForce RTX 4090,35,100.83,28,2610.1,24564.0,
2026-09-07T06:10:29.249476+00:00,02_vlm_polymer_real_only,3,3,4.2,5.75,60.43,47.36,NVIDIA GeForce RTX 4090,36,99.7,50,2610.1,24564.0,
2026-09-07T06:10:39.260488+00:00,02_vlm_polymer_real_only,3,3,4.2,5.63,60.43,47.36,NVIDIA GeForce RTX 4090,36,99.49,49,2610.1,24564.0,
2026-09-07T06:10:49.273433+00:00,02_vlm_polymer_real_only,3,3,4.2,5.67,60.43,47.36,NVIDIA GeForce RTX 4090,36,102.44,57,2610.1,24564.0,
2026-09-07T06:10:59.284654+00:00,02_vlm_polymer_real_only,3,3,4.2,5.63,60.43,47.36,NVIDIA GeForce RTX 4090,36,99.75,39,2610.1,24564.0,
2026-09-07T06:11:09.295855+00:00,02_vlm_polymer_real_only,3,3,4.2,5.65,60.43,47.36,NVIDIA GeForce RTX 4090,36,97.79,45,2610.1,24564.0,
2026-09-07T06:11:19.307950+00:00,02_vlm_polymer_real_only,3,3,4.2,5.62,60.43,47.36,NVIDIA GeForce RTX 4090,35,100.61,6,2610.1,24564.0,
2026-09-07T06:11:29.318936+00:00,02_vlm_polymer_real_only,3,3,4.2,5.66,60.43,47.36,NVIDIA GeForce RTX 4090,36,102.22,38,2610.1,24564.0,
2026-09-07T06:11:39.330390+00:00,02_vlm_polymer_real_only,3,3,4.2,5.6,60.43,47.36,NVIDIA GeForce RTX 4090,36,102.91,63,2610.1,24564.0,
2026-09-07T06:11:49.341193+00:00,02_vlm_polymer_real_only,3,3,4.2,5.6,60.43,47.36,NVIDIA GeForce RTX 4090,34,90.56,29,2610.1,24564.0,
2026-09-07T06:11:59.352570+00:00,02_vlm_polymer_real_only,3,3,4.2,5.62,60.43,47.36,NVIDIA GeForce RTX 4090,35,89.08,29,2610.1,24564.0,
2026-09-07T06:12:09.363769+00:00,02_vlm_polymer_real_only,3,3,4.0,5.59,60.43,47.36,NVIDIA GeForce RTX 4090,36,84.01,29,2610.1,24564.0,
2026-09-07T06:12:19.375377+00:00,02_vlm_polymer_real_only,3,3,4.2,5.61,60.43,47.36,NVIDIA GeForce RTX 4090,35,98.15,13,2610.1,24564.0,
2026-09-07T06:12:29.386329+00:00,02_vlm_polymer_real_only,3,3,4.2,5.6,60.43,47.36,NVIDIA GeForce RTX 4090,35,99.7,34,2610.1,24564.0,
2026-09-07T06:12:39.397862+00:00,02_vlm_polymer_real_only,3,3,4.2,5.6,60.43,47.36,NVIDIA GeForce RTX 4090,35,95.49,17,2610.1,24564.0,
2026-09-07T06:12:49.408997+00:00,02_vlm_polymer_real_only,3,3,4.2,5.62,60.43,47.36,NVIDIA GeForce RTX 4090,35,101.61,45,2610.1,24564.0,
2026-09-07T06:12:59.420692+00:00,02_vlm_polymer_real_only,3,3,4.2,5.62,60.43,47.36,NVIDIA GeForce RTX 4090,36,100.18,63,2610.1,24564.0,
2026-09-07T06:13:09.431724+00:00,02_vlm_polymer_real_only,3,3,4.2,5.58,60.43,47.36,NVIDIA GeForce RTX 4090,35,101.56,13,2610.1,24564.0,
2026-09-07T06:13:19.442947+00:00,02_vlm_polymer_real_only,3,3,4.2,5.6,60.43,47.36,NVIDIA GeForce RTX 4090,36,102.08,61,2610.1,24564.0,
2026-09-07T06:13:29.453855+00:00,02_vlm_polymer_real_only,3,3,4.2,5.62,60.43,47.36,NVIDIA GeForce RTX 4090,36,102.4,50,2610.1,24564.0,
2026-09-07T06:13:39.465070+00:00,02_vlm_polymer_real_only,3,3,4.2,5.63,60.43,47.36,NVIDIA GeForce RTX 4090,35,100.21,29,2610.1,24564.0,
2026-09-07T06:13:49.476012+00:00,02_vlm_polymer_real_only,3,3,4.2,5.59,60.43,47.36,NVIDIA GeForce RTX 4090,36,99.62,65,2610.1,24564.0,
2026-09-07T06:13:59.486955+00:00,02_vlm_polymer_real_only,3,3,4.2,5.61,60.43,47.36,NVIDIA GeForce RTX 4090,36,97.44,44,2610.1,24564.0,
2026-09-07T06:14:09.498521+00:00,02_vlm_polymer_real_only,3,3,4.2,5.59,60.43,47.36,NVIDIA GeForce RTX 4090,35,97.34,41,2610.1,24564.0,
2026-09-07T06:14:19.509870+00:00,02_vlm_polymer_real_only,3,3,4.2,5.62,60.43,47.36,NVIDIA GeForce RTX 4090,35,101.28,34,2610.1,24564.0,
2026-09-07T06:14:29.521065+00:00,02_vlm_polymer_real_only,3,3,4.2,5.61,60.43,47.36,NVIDIA GeForce RTX 4090,36,98.56,10,2610.1,24564.0,
2026-09-07T06:14:39.532047+00:00,02_vlm_polymer_real_only,3,3,4.2,5.6,60.43,47.36,NVIDIA GeForce RTX 4090,35,98.39,39,2610.1,24564.0,
2026-09-07T06:14:49.543423+00:00,02_vlm_polymer_real_only,3,3,4.2,5.57,60.43,47.36,NVIDIA GeForce RTX 4090,36,99.88,35,2610.1,24564.0,
2026-09-07T06:14:59.554290+00:00,02_vlm_polymer_real_only,3,3,4.2,5.6,60.43,47.36,NVIDIA GeForce RTX 4090,35,100.98,53,2610.1,24564.0,
2026-09-07T06:15:09.566169+00:00,02_vlm_polymer_real_only,3,3,4.2,5.59,60.43,47.36,NVIDIA GeForce RTX 4090,35,101.16,54,2610.1,24564.0,
2026-09-07T06:15:19.577081+00:00,02_vlm_polymer_real_only,3,3,4.2,5.61,60.43,47.36,NVIDIA GeForce RTX 4090,36,102.03,38,2610.1,24564.0,
2026-09-07T06:15:29.588436+00:00,02_vlm_polymer_real_only,3,3,4.2,5.61,60.43,47.36,NVIDIA GeForce RTX 4090,35,89.39,37,2610.1,24564.0,
2026-09-07T06:15:39.599679+00:00,02_vlm_polymer_real_only,3,3,4.2,5.6,60.43,47.36,NVIDIA GeForce RTX 4090,35,90.14,25,2610.1,24564.0,
2026-09-07T06:15:49.610685+00:00,02_vlm_polymer_real_only,3,3,4.0,5.58,60.43,47.36,NVIDIA GeForce RTX 4090,35,98.47,31,2610.1,24564.0,
2026-09-07T06:15:59.621556+00:00,02_vlm_polymer_real_only,3,3,4.2,5.57,60.43,47.36,NVIDIA GeForce RTX 4090,35,99.99,46,2610.1,24564.0,
2026-09-07T06:16:09.632924+00:00,02_vlm_polymer_real_only,3,3,4.2,5.57,60.43,47.36,NVIDIA GeForce RTX 4090,36,98.34,31,2610.1,24564.0,
2026-09-07T06:16:19.643955+00:00,02_vlm_polymer_real_only,3,3,4.2,5.57,60.43,47.36,NVIDIA GeForce RTX 4090,36,99.56,43,2610.1,24564.0,
2026-09-07T06:16:29.654717+00:00,02_vlm_polymer_real_only,3,3,4.2,5.57,60.43,47.36,NVIDIA GeForce RTX 4090,35,100.21,26,2610.1,24564.0,
2026-09-07T06:16:39.667435+00:00,02_vlm_polymer_real_only,3,3,4.2,5.57,60.43,47.36,NVIDIA GeForce RTX 4090,36,99.72,33,2610.1,24564.0,
2026-09-07T06:16:49.678620+00:00,02_vlm_polymer_real_only,3,3,4.2,5.63,60.43,47.36,NVIDIA GeForce RTX 4090,36,101.79,24,2610.1,24564.0,
2026-09-07T06:16:59.689557+00:00,02_vlm_polymer_real_only,3,3,4.2,5.57,60.43,47.36,NVIDIA GeForce RTX 4090,36,98.85,40,2610.1,24564.0,
2026-09-07T06:17:09.700860+00:00,02_vlm_polymer_real_only,3,3,4.2,5.61,60.43,47.36,NVIDIA GeForce RTX 4090,35,97.28,33,2610.1,24564.0,
2026-09-07T06:17:19.711906+00:00,02_vlm_polymer_real_only,3,3,4.2,5.62,60.43,47.36,NVIDIA GeForce RTX 4090,37,99.89,25,2610.1,24564.0,
2026-09-07T06:17:29.723338+00:00,02_vlm_polymer_real_only,3,3,4.2,5.61,60.43,47.36,NVIDIA GeForce RTX 4090,35,99.35,44,2610.1,24564.0,
2026-09-07T06:17:39.734095+00:00,02_vlm_polymer_real_only,3,3,4.3,5.61,60.43,47.36,NVIDIA GeForce RTX 4090,36,99.98,47,2610.1,24564.0,
2026-09-07T06:17:49.745602+00:00,02_vlm_polymer_real_only,3,3,4.2,5.62,60.43,47.36,NVIDIA GeForce RTX 4090,35,102.76,16,2610.1,24564.0,
2026-09-07T06:17:59.756465+00:00,02_vlm_polymer_real_only,3,3,4.2,5.62,60.43,47.36,NVIDIA GeForce RTX 4090,36,99.78,57,2610.1,24564.0,
2026-09-07T06:18:09.768226+00:00,02_vlm_polymer_real_only,3,3,4.2,5.6,60.43,47.36,NVIDIA GeForce RTX 4090,36,102.3,51,2610.1,24564.0,
2026-09-07T06:18:19.779163+00:00,02_vlm_polymer_real_only,3,3,4.2,5.6,60.43,47.36,NVIDIA GeForce RTX 4090,36,98.53,44,2610.1,24564.0,
2026-09-07T06:18:29.790203+00:00,02_vlm_polymer_real_only,3,3,4.2,5.58,60.43,47.36,NVIDIA GeForce RTX 4090,35,105.33,14,2610.1,24564.0,
2026-09-07T06:18:39.801415+00:00,02_vlm_polymer_real_only,3,3,4.2,5.59,60.43,47.36,NVIDIA GeForce RTX 4090,36,98.36,25,2610.1,24564.0,
2026-09-07T06:18:49.812364+00:00,02_vlm_polymer_real_only,3,3,4.2,5.58,60.43,47.36,NVIDIA GeForce RTX 4090,35,99.33,20,2610.1,24564.0,
2026-09-07T06:18:59.823406+00:00,02_vlm_polymer_real_only,3,3,4.2,5.57,60.43,47.36,NVIDIA GeForce RTX 4090,36,102.16,60,2610.1,24564.0,
2026-09-07T06:19:09.834208+00:00,02_vlm_polymer_real_only,3,3,4.2,5.56,60.43,47.36,NVIDIA GeForce RTX 4090,34,87.95,29,2610.1,24564.0,
2026-09-07T06:19:19.845096+00:00,02_vlm_polymer_real_only,3,3,4.2,5.57,60.43,47.36,NVIDIA GeForce RTX 4090,35,90.79,29,2610.1,24564.0,
2026-09-07T06:19:29.856171+00:00,02_vlm_polymer_real_only,3,3,4.0,5.56,60.43,47.36,NVIDIA GeForce RTX 4090,34,98.39,29,2610.1,24564.0,
2026-09-07T06:19:39.867013+00:00,02_vlm_polymer_real_only,3,3,4.2,5.56,60.43,47.36,NVIDIA GeForce RTX 4090,36,95.77,13,2610.1,24564.0,
2026-09-07T06:19:49.879854+00:00,02_vlm_polymer_real_only,3,3,4.2,5.57,60.43,47.36,NVIDIA GeForce RTX 4090,36,101.08,31,2610.1,24564.0,
2026-09-07T06:19:59.891240+00:00,02_vlm_polymer_real_only,3,3,4.2,5.59,60.43,47.36,NVIDIA GeForce RTX 4090,35,102.47,0,2610.1,24564.0,
2026-09-07T06:20:09.902105+00:00,02_vlm_polymer_real_only,3,3,4.2,5.64,60.43,47.36,NVIDIA GeForce RTX 4090,35,98.11,65,2610.1,24564.0,
2026-09-07T06:20:19.913294+00:00,02_vlm_polymer_real_only,3,3,4.2,5.59,60.43,47.36,NVIDIA GeForce RTX 4090,35,102.38,57,2610.1,24564.0,
2026-09-07T06:20:29.924400+00:00,02_vlm_polymer_real_only,3,3,4.2,5.6,60.43,47.36,NVIDIA GeForce RTX 4090,36,102.83,5,2610.1,24564.0,
2026-09-07T06:20:39.936026+00:00,02_vlm_polymer_real_only,3,3,4.2,5.6,60.43,47.36,NVIDIA GeForce RTX 4090,35,98.79,34,2610.1,24564.0,
2026-09-07T06:20:49.947173+00:00,02_vlm_polymer_real_only,3,3,4.2,5.61,60.43,47.36,NVIDIA GeForce RTX 4090,36,97.2,59,2610.1,24564.0,
2026-09-07T06:20:59.958169+00:00,02_vlm_polymer_real_only,3,3,4.2,5.62,60.43,47.36,NVIDIA GeForce RTX 4090,35,98.72,23,2610.1,24564.0,
2026-09-07T06:21:09.969551+00:00,02_vlm_polymer_real_only,3,3,4.2,5.65,60.43,47.36,NVIDIA GeForce RTX 4090,35,98.71,10,2610.1,24564.0,
2026-09-07T06:21:19.980618+00:00,02_vlm_polymer_real_only,3,3,4.2,5.64,60.43,47.36,NVIDIA GeForce RTX 4090,35,96.65,4,2610.1,24564.0,
2026-09-07T06:21:29.991873+00:00,02_vlm_polymer_real_only,3,3,4.2,5.6,60.43,47.36,NVIDIA GeForce RTX 4090,36,103.56,18,2610.1,24564.0,
2026-09-07T06:21:40.003171+00:00,02_vlm_polymer_real_only,3,3,4.2,5.59,60.43,47.36,NVIDIA GeForce RTX 4090,36,103.0,60,2610.1,24564.0,
2026-09-07T06:21:50.014385+00:00,02_vlm_polymer_real_only,3,3,4.2,5.59,60.43,47.36,NVIDIA GeForce RTX 4090,36,104.15,22,2610.1,24564.0,
2026-09-07T06:22:00.025443+00:00,02_vlm_polymer_real_only,3,3,4.2,5.59,60.43,47.36,NVIDIA GeForce RTX 4090,35,100.97,38,2610.1,24564.0,
2026-09-07T06:22:10.036186+00:00,02_vlm_polymer_real_only,3,3,4.2,5.62,60.43,47.36,NVIDIA GeForce RTX 4090,35,99.3,20,2610.1,24564.0,
2026-09-07T06:22:20.047805+00:00,02_vlm_polymer_real_only,3,3,4.2,5.63,60.43,47.36,NVIDIA GeForce RTX 4090,36,99.8,22,2610.1,24564.0,
2026-09-07T06:22:30.058972+00:00,02_vlm_polymer_real_only,3,3,4.2,5.56,60.43,47.36,NVIDIA GeForce RTX 4090,35,100.29,38,2610.1,24564.0,
2026-09-07T06:22:40.069912+00:00,02_vlm_polymer_real_only,3,3,4.2,5.58,60.43,47.36,NVIDIA GeForce RTX 4090,34,88.89,30,2610.1,24564.0,
2026-09-07T06:22:50.081616+00:00,02_vlm_polymer_real_only,3,3,4.2,5.58,60.43,47.36,NVIDIA GeForce RTX 4090,34,88.89,34,2610.1,24564.0,
2026-09-07T06:23:00.092577+00:00,02_vlm_polymer_real_only,3,3,4.0,5.57,60.43,47.36,NVIDIA GeForce RTX 4090,35,98.88,13,2610.1,24564.0,
2026-09-07T06:23:10.105412+00:00,02_vlm_polymer_real_only,3,3,4.2,5.65,60.43,47.36,NVIDIA GeForce RTX 4090,36,101.34,28,2610.1,24564.0,
2026-09-07T06:23:20.116847+00:00,02_vlm_polymer_real_only,3,3,4.2,5.64,60.43,47.36,NVIDIA GeForce RTX 4090,36,102.22,29,2610.1,24564.0,
2026-09-07T06:23:30.127719+00:00,02_vlm_polymer_real_only,3,3,4.2,5.62,60.43,47.36,NVIDIA GeForce RTX 4090,35,97.92,59,2610.1,24564.0,
2026-09-07T06:23:40.138787+00:00,02_vlm_polymer_real_only,3,3,4.2,5.6,60.43,47.36,NVIDIA GeForce RTX 4090,36,101.04,46,2610.1,24564.0,
2026-09-07T06:23:50.149631+00:00,02_vlm_polymer_real_only,3,3,4.2,5.64,60.43,47.36,NVIDIA GeForce RTX 4090,35,100.25,44,2610.1,24564.0,
2026-09-07T06:24:00.161031+00:00,02_vlm_polymer_real_only,3,3,4.2,5.62,60.43,47.36,NVIDIA GeForce RTX 4090,36,101.71,59,2610.1,24564.0,
2026-09-07T06:24:10.172034+00:00,02_vlm_polymer_real_only,3,3,4.2,5.63,60.43,47.36,NVIDIA GeForce RTX 4090,36,100.23,60,2610.1,24564.0,
2026-09-07T06:24:20.182943+00:00,02_vlm_polymer_real_only,3,3,4.2,5.63,60.43,47.36,NVIDIA GeForce RTX 4090,36,101.31,51,2610.1,24564.0,
2026-09-07T06:24:30.193858+00:00,02_vlm_polymer_real_only,3,3,4.2,5.59,60.43,47.36,NVIDIA GeForce RTX 4090,37,99.33,29,2610.1,24564.0,
2026-09-07T06:24:40.204842+00:00,02_vlm_polymer_real_only,3,3,4.2,5.57,60.43,47.36,NVIDIA GeForce RTX 4090,35,100.11,22,2610.1,24564.0,
2026-09-07T06:24:50.215444+00:00,02_vlm_polymer_real_only,3,3,4.2,5.61,60.43,47.36,NVIDIA GeForce RTX 4090,35,98.55,20,2610.1,24564.0,
2026-09-07T06:25:00.228039+00:00,02_vlm_polymer_real_only,3,3,4.2,5.62,60.43,47.36,NVIDIA GeForce RTX 4090,36,99.78,19,2610.1,24564.0,
2026-09-07T06:25:10.238931+00:00,02_vlm_polymer_real_only,3,3,4.2,5.58,60.43,47.36,NVIDIA GeForce RTX 4090,35,101.19,19,2610.1,24564.0,
2026-09-07T06:25:20.250745+00:00,02_vlm_polymer_real_only,3,3,4.2,5.57,60.43,47.36,NVIDIA GeForce RTX 4090,36,99.9,29,2610.1,24564.0,
2026-09-07T06:25:30.261716+00:00,02_vlm_polymer_real_only,3,3,4.2,5.58,60.43,47.36,NVIDIA GeForce RTX 4090,36,97.9,10,2610.1,24564.0,
2026-09-07T06:25:40.272820+00:00,02_vlm_polymer_real_only,3,3,4.2,5.56,60.43,47.36,NVIDIA GeForce RTX 4090,35,103.02,18,2610.1,24564.0,
2026-09-07T06:25:50.283749+00:00,02_vlm_polymer_real_only,3,3,4.2,5.63,60.43,47.36,NVIDIA GeForce RTX 4090,36,101.12,61,2610.1,24564.0,
2026-09-07T06:26:00.295470+00:00,02_vlm_polymer_real_only,3,3,4.2,5.6,60.43,47.36,NVIDIA GeForce RTX 4090,35,99.6,35,2610.1,24564.0,
2026-09-07T06:26:10.306836+00:00,02_vlm_polymer_real_only,3,3,4.2,5.62,60.43,47.36,NVIDIA GeForce RTX 4090,36,98.87,59,2610.1,24564.0,
2026-09-07T06:26:20.319609+00:00,02_vlm_polymer_real_only,3,3,4.2,5.57,60.43,47.36,NVIDIA GeForce RTX 4090,34,88.68,25,2610.1,24564.0,
2026-09-07T06:26:30.330692+00:00,02_vlm_polymer_real_only,3,3,4.2,5.58,60.43,47.36,NVIDIA GeForce RTX 4090,35,91.53,29,2610.1,24564.0,
2026-09-07T06:26:40.341672+00:00,02_vlm_polymer_real_only,3,3,3.4,5.62,60.43,47.36,NVIDIA GeForce RTX 4090,34,90.8,29,3228.1,24564.0,
2026-09-07T06:26:50.354028+00:00,02_vlm_polymer_real_only,3,3,4.2,5.62,60.43,47.36,NVIDIA GeForce RTX 4090,35,91.12,28,3228.1,24564.0,
2026-09-07T06:27:00.366584+00:00,02_vlm_polymer_real_only,4,4,3.4,5.52,60.43,47.36,NVIDIA GeForce RTX 4090,35,103.54,2,2610.1,24564.0,
2026-09-07T06:27:10.377645+00:00,02_vlm_polymer_real_only,4,4,4.2,5.51,60.43,47.36,NVIDIA GeForce RTX 4090,35,101.68,17,2610.1,24564.0,
2026-09-07T06:27:20.388972+00:00,02_vlm_polymer_real_only,4,4,4.2,5.52,60.43,47.36,NVIDIA GeForce RTX 4090,35,102.89,20,2610.1,24564.0,
2026-09-07T06:27:30.400129+00:00,02_vlm_polymer_real_only,4,4,4.2,5.5,60.43,47.36,NVIDIA GeForce RTX 4090,34,107.06,69,2610.1,24564.0,
2026-09-07T06:27:40.411378+00:00,02_vlm_polymer_real_only,4,4,4.2,5.51,60.43,47.36,NVIDIA GeForce RTX 4090,35,103.26,18,2610.1,24564.0,
2026-09-07T06:27:50.422750+00:00,02_vlm_polymer_real_only,4,4,4.2,5.5,60.43,47.36,NVIDIA GeForce RTX 4090,35,100.77,27,2610.1,24564.0,
2026-09-07T06:28:00.434069+00:00,02_vlm_polymer_real_only,4,4,4.2,5.52,60.43,47.36,NVIDIA GeForce RTX 4090,35,103.82,55,2610.1,24564.0,
2026-09-07T06:28:10.445074+00:00,02_vlm_polymer_real_only,4,4,4.2,5.53,60.43,47.36,NVIDIA GeForce RTX 4090,37,101.99,28,2610.1,24564.0,
2026-09-07T06:28:20.456350+00:00,02_vlm_polymer_real_only,4,4,4.2,5.55,60.43,47.36,NVIDIA GeForce RTX 4090,36,100.31,24,2610.1,24564.0,
2026-09-07T06:28:30.467814+00:00,02_vlm_polymer_real_only,4,4,4.2,5.56,60.43,47.36,NVIDIA GeForce RTX 4090,36,100.15,0,2610.1,24564.0,
2026-09-07T06:28:40.478781+00:00,02_vlm_polymer_real_only,4,4,4.2,5.55,60.43,47.36,NVIDIA GeForce RTX 4090,35,101.01,11,2610.1,24564.0,
2026-09-07T06:28:50.491481+00:00,02_vlm_polymer_real_only,4,4,4.2,5.55,60.43,47.36,NVIDIA GeForce RTX 4090,35,104.22,51,2610.1,24564.0,
2026-09-07T06:29:00.503098+00:00,02_vlm_polymer_real_only,4,4,4.2,5.55,60.43,47.36,NVIDIA GeForce RTX 4090,37,101.35,37,2610.1,24564.0,
2026-09-07T06:29:10.514064+00:00,02_vlm_polymer_real_only,4,4,4.2,5.53,60.43,47.36,NVIDIA GeForce RTX 4090,35,100.24,56,2610.1,24564.0,
2026-09-07T06:29:20.525058+00:00,02_vlm_polymer_real_only,4,4,4.2,5.52,60.43,47.36,NVIDIA GeForce RTX 4090,35,100.04,31,2610.1,24564.0,
2026-09-07T06:29:30.537890+00:00,02_vlm_polymer_real_only,4,4,4.2,5.56,60.43,47.36,NVIDIA GeForce RTX 4090,35,102.61,57,2610.1,24564.0,
2026-09-07T06:29:40.551557+00:00,02_vlm_polymer_real_only,4,4,4.2,5.52,60.43,47.36,NVIDIA GeForce RTX 4090,35,101.7,59,2610.1,24564.0,
2026-09-07T06:29:50.562642+00:00,02_vlm_polymer_real_only,4,4,4.2,5.5,60.43,47.36,NVIDIA GeForce RTX 4090,36,101.13,44,2610.1,24564.0,
2026-09-07T06:30:00.573797+00:00,02_vlm_polymer_real_only,4,4,4.2,5.52,60.43,47.36,NVIDIA GeForce RTX 4090,36,100.72,24,2610.1,24564.0,
2026-09-07T06:30:10.584749+00:00,02_vlm_polymer_real_only,4,4,4.2,5.52,60.43,47.36,NVIDIA GeForce RTX 4090,37,99.74,38,2610.1,24564.0,
2026-09-07T06:30:20.595638+00:00,02_vlm_polymer_real_only,4,4,4.2,5.61,60.43,47.36,NVIDIA GeForce RTX 4090,34,90.22,28,2610.1,24564.0,
2026-09-07T06:30:30.607253+00:00,02_vlm_polymer_real_only,4,4,4.2,5.56,60.43,47.36,NVIDIA GeForce RTX 4090,36,92.03,29,2610.1,24564.0,
2026-09-07T06:30:40.618416+00:00,02_vlm_polymer_real_only,4,4,4.0,5.59,60.43,47.34,NVIDIA GeForce RTX 4090,35,102.86,44,2610.1,24564.0,
2026-09-07T06:30:50.630539+00:00,02_vlm_polymer_real_only,4,4,4.2,5.61,60.43,47.34,NVIDIA GeForce RTX 4090,34,99.96,29,2610.1,24564.0,
2026-09-07T06:31:00.641444+00:00,02_vlm_polymer_real_only,4,4,4.2,5.55,60.43,47.34,NVIDIA GeForce RTX 4090,36,101.65,45,2610.1,24564.0,
2026-09-07T06:31:10.652984+00:00,02_vlm_polymer_real_only,4,4,4.2,5.6,60.43,47.34,NVIDIA GeForce RTX 4090,35,100.26,10,2610.1,24564.0,
2026-09-07T06:31:20.664251+00:00,02_vlm_polymer_real_only,4,4,4.2,5.62,60.43,47.34,NVIDIA GeForce RTX 4090,36,102.43,21,2610.1,24564.0,
2026-09-07T06:31:30.675078+00:00,02_vlm_polymer_real_only,4,4,4.2,5.59,60.43,47.34,NVIDIA GeForce RTX 4090,36,102.1,41,2610.1,24564.0,
2026-09-07T06:31:40.686341+00:00,02_vlm_polymer_real_only,4,4,4.2,5.6,60.43,47.34,NVIDIA GeForce RTX 4090,35,100.15,18,2610.1,24564.0,
2026-09-07T06:31:50.697622+00:00,02_vlm_polymer_real_only,4,4,4.2,5.6,60.43,47.34,NVIDIA GeForce RTX 4090,36,100.93,27,2610.1,24564.0,
2026-09-07T06:32:00.708978+00:00,02_vlm_polymer_real_only,4,4,4.2,5.61,60.43,47.34,NVIDIA GeForce RTX 4090,36,102.47,59,2610.1,24564.0,
2026-09-07T06:32:10.719963+00:00,02_vlm_polymer_real_only,4,4,4.2,5.6,60.43,47.34,NVIDIA GeForce RTX 4090,36,101.2,45,2610.1,24564.0,
2026-09-07T06:32:20.730821+00:00,02_vlm_polymer_real_only,4,4,4.2,5.63,60.43,47.34,NVIDIA GeForce RTX 4090,35,98.67,20,2610.1,24564.0,
2026-09-07T06:32:30.741891+00:00,02_vlm_polymer_real_only,4,4,4.2,5.62,60.43,47.34,NVIDIA GeForce RTX 4090,35,102.06,13,2610.1,24564.0,
2026-09-07T06:32:40.753220+00:00,02_vlm_polymer_real_only,4,4,4.2,5.58,60.43,47.34,NVIDIA GeForce RTX 4090,36,101.05,25,2610.1,24564.0,
2026-09-07T06:32:50.765009+00:00,02_vlm_polymer_real_only,4,4,4.2,5.62,60.43,47.34,NVIDIA GeForce RTX 4090,36,99.32,36,2610.1,24564.0,
2026-09-07T06:33:00.776294+00:00,02_vlm_polymer_real_only,4,4,4.2,5.57,60.43,47.34,NVIDIA GeForce RTX 4090,35,100.06,60,2610.1,24564.0,
2026-09-07T06:33:10.787668+00:00,02_vlm_polymer_real_only,4,4,4.2,5.59,60.43,47.34,NVIDIA GeForce RTX 4090,35,105.13,45,2610.1,24564.0,
2026-09-07T06:33:20.800283+00:00,02_vlm_polymer_real_only,4,4,4.2,5.57,60.43,47.34,NVIDIA GeForce RTX 4090,36,101.57,44,2610.1,24564.0,
2026-09-07T06:33:30.811576+00:00,02_vlm_polymer_real_only,4,4,4.2,5.57,60.43,47.34,NVIDIA GeForce RTX 4090,36,98.11,9,2610.1,24564.0,
2026-09-07T06:33:40.822663+00:00,02_vlm_polymer_real_only,4,4,4.2,5.6,60.43,47.34,NVIDIA GeForce RTX 4090,36,99.2,25,2610.1,24564.0,
2026-09-07T06:33:50.834242+00:00,02_vlm_polymer_real_only,4,4,4.2,5.62,60.43,47.34,NVIDIA GeForce RTX 4090,35,90.43,46,2610.1,24564.0,
2026-09-07T06:34:00.846131+00:00,02_vlm_polymer_real_only,4,4,4.2,5.63,60.43,47.34,NVIDIA GeForce RTX 4090,34,89.42,36,2610.1,24564.0,
2026-09-07T06:34:10.857617+00:00,02_vlm_polymer_real_only,4,4,4.0,5.64,60.43,47.34,NVIDIA GeForce RTX 4090,34,83.38,0,2610.1,24564.0,
2026-09-07T06:34:20.868447+00:00,02_vlm_polymer_real_only,4,4,4.2,5.6,60.43,47.34,NVIDIA GeForce RTX 4090,36,103.68,42,2610.1,24564.0,
2026-09-07T06:34:30.879748+00:00,02_vlm_polymer_real_only,4,4,4.2,5.59,60.43,47.34,NVIDIA GeForce RTX 4090,35,105.25,63,2610.1,24564.0,
2026-09-07T06:34:40.891134+00:00,02_vlm_polymer_real_only,4,4,4.2,5.58,60.43,47.34,NVIDIA GeForce RTX 4090,35,99.08,24,2610.1,24564.0,
2026-09-07T06:34:50.903999+00:00,02_vlm_polymer_real_only,4,4,4.2,5.62,60.43,47.34,NVIDIA GeForce RTX 4090,37,100.71,40,2610.1,24564.0,
2026-09-07T06:35:00.914904+00:00,02_vlm_polymer_real_only,4,4,4.2,5.63,60.43,47.34,NVIDIA GeForce RTX 4090,35,100.96,63,2610.1,24564.0,
2026-09-07T06:35:10.927005+00:00,02_vlm_polymer_real_only,4,4,4.2,5.59,60.43,47.34,NVIDIA GeForce RTX 4090,36,101.47,11,2610.1,24564.0,
2026-09-07T06:35:20.937907+00:00,02_vlm_polymer_real_only,4,4,4.2,5.62,60.43,47.34,NVIDIA GeForce RTX 4090,37,103.41,38,2610.1,24564.0,
2026-09-07T06:35:30.949776+00:00,02_vlm_polymer_real_only,4,4,4.2,5.64,60.43,47.34,NVIDIA GeForce RTX 4090,35,98.96,55,2610.1,24564.0,
2026-09-07T06:35:40.960843+00:00,02_vlm_polymer_real_only,4,4,4.2,5.61,60.43,47.34,NVIDIA GeForce RTX 4090,36,103.46,29,2610.1,24564.0,
2026-09-07T06:35:50.972799+00:00,02_vlm_polymer_real_only,4,4,4.2,5.62,60.43,47.34,NVIDIA GeForce RTX 4090,36,99.85,6,2610.1,24564.0,
2026-09-07T06:36:00.985466+00:00,02_vlm_polymer_real_only,4,4,4.2,5.58,60.43,47.34,NVIDIA GeForce RTX 4090,36,100.68,28,2610.1,24564.0,
2026-09-07T06:36:10.996493+00:00,02_vlm_polymer_real_only,4,4,4.2,5.56,60.43,47.34,NVIDIA GeForce RTX 4090,36,103.36,25,2610.1,24564.0,
2026-09-07T06:36:21.007247+00:00,02_vlm_polymer_real_only,4,4,4.2,5.56,60.43,47.34,NVIDIA GeForce RTX 4090,35,101.03,34,2610.1,24564.0,
2026-09-07T06:36:31.018976+00:00,02_vlm_polymer_real_only,4,4,4.2,5.6,60.43,47.34,NVIDIA GeForce RTX 4090,35,99.85,29,2610.1,24564.0,
2026-09-07T06:36:41.029830+00:00,02_vlm_polymer_real_only,4,4,4.2,5.63,60.43,47.34,NVIDIA GeForce RTX 4090,36,103.68,17,2610.1,24564.0,
2026-09-07T06:36:51.041333+00:00,02_vlm_polymer_real_only,4,4,4.2,5.61,60.43,47.34,NVIDIA GeForce RTX 4090,35,98.23,63,2610.1,24564.0,
2026-09-07T06:37:01.054850+00:00,02_vlm_polymer_real_only,4,4,4.2,5.58,60.43,47.34,NVIDIA GeForce RTX 4090,36,102.12,49,2610.1,24564.0,
2026-09-07T06:37:11.066381+00:00,02_vlm_polymer_real_only,4,4,4.2,5.57,60.43,47.34,NVIDIA GeForce RTX 4090,35,101.71,64,2610.1,24564.0,
2026-09-07T06:37:21.077600+00:00,02_vlm_polymer_real_only,4,4,4.2,5.57,60.43,47.34,NVIDIA GeForce RTX 4090,36,100.75,26,2610.1,24564.0,
2026-09-07T06:37:31.088719+00:00,02_vlm_polymer_real_only,4,4,4.2,5.56,60.43,47.34,NVIDIA GeForce RTX 4090,35,90.28,29,2610.1,24564.0,
2026-09-07T06:37:41.100062+00:00,02_vlm_polymer_real_only,4,4,4.2,5.56,60.43,47.34,NVIDIA GeForce RTX 4090,34,91.65,29,2610.1,24564.0,
2026-09-07T06:37:51.111029+00:00,02_vlm_polymer_real_only,4,4,4.2,5.56,60.43,47.34,NVIDIA GeForce RTX 4090,37,103.09,30,2610.1,24564.0,
2026-09-07T06:38:01.122316+00:00,02_vlm_polymer_real_only,4,4,4.2,5.55,60.43,47.34,NVIDIA GeForce RTX 4090,35,99.59,20,2610.1,24564.0,
2026-09-07T06:38:11.133579+00:00,02_vlm_polymer_real_only,4,4,4.2,5.55,60.43,47.34,NVIDIA GeForce RTX 4090,37,103.41,60,2610.1,24564.0,
2026-09-07T06:38:21.144853+00:00,02_vlm_polymer_real_only,4,4,4.2,5.63,60.43,47.34,NVIDIA GeForce RTX 4090,35,100.58,40,2610.1,24564.0,
2026-09-07T06:38:31.157071+00:00,02_vlm_polymer_real_only,4,4,4.2,5.63,60.43,47.34,NVIDIA GeForce RTX 4090,37,100.38,22,2610.1,24564.0,
2026-09-07T06:38:41.168094+00:00,02_vlm_polymer_real_only,4,4,4.2,5.61,60.43,47.34,NVIDIA GeForce RTX 4090,36,100.99,46,2610.1,24564.0,
2026-09-07T06:38:51.179253+00:00,02_vlm_polymer_real_only,4,4,4.2,5.64,60.43,47.34,NVIDIA GeForce RTX 4090,36,100.45,36,2610.1,24564.0,
2026-09-07T06:39:01.190514+00:00,02_vlm_polymer_real_only,4,4,4.2,5.61,60.43,47.34,NVIDIA GeForce RTX 4090,35,100.39,30,2610.1,24564.0,
2026-09-07T06:39:11.202200+00:00,02_vlm_polymer_real_only,4,4,4.2,5.57,60.43,47.34,NVIDIA GeForce RTX 4090,35,98.88,16,2610.1,24564.0,
2026-09-07T06:39:21.213567+00:00,02_vlm_polymer_real_only,4,4,4.2,5.61,60.43,47.34,NVIDIA GeForce RTX 4090,35,101.2,27,2610.1,24564.0,
2026-09-07T06:39:31.225493+00:00,02_vlm_polymer_real_only,4,4,4.2,5.59,60.43,47.34,NVIDIA GeForce RTX 4090,36,103.71,62,2610.1,24564.0,
2026-09-07T06:39:41.236303+00:00,02_vlm_polymer_real_only,4,4,4.2,5.65,60.43,47.34,NVIDIA GeForce RTX 4090,36,103.81,62,2610.1,24564.0,
2026-09-07T06:39:51.247411+00:00,02_vlm_polymer_real_only,4,4,4.2,5.63,60.43,47.34,NVIDIA GeForce RTX 4090,36,101.5,25,2610.1,24564.0,
2026-09-07T06:40:01.258476+00:00,02_vlm_polymer_real_only,4,4,4.2,5.62,60.43,47.34,NVIDIA GeForce RTX 4090,36,102.66,34,2610.1,24564.0,
2026-09-07T06:40:11.269756+00:00,02_vlm_polymer_real_only,4,4,4.2,5.67,60.43,47.34,NVIDIA GeForce RTX 4090,37,104.99,34,2610.1,24564.0,
2026-09-07T06:40:21.280640+00:00,02_vlm_polymer_real_only,4,4,4.2,5.63,60.43,47.34,NVIDIA GeForce RTX 4090,35,101.68,30,2610.1,24564.0,
2026-09-07T06:40:31.291670+00:00,02_vlm_polymer_real_only,4,4,4.2,5.6,60.43,47.34,NVIDIA GeForce RTX 4090,36,102.09,39,2610.1,24564.0,
2026-09-07T06:40:41.303064+00:00,02_vlm_polymer_real_only,4,4,4.2,5.62,60.43,47.34,NVIDIA GeForce RTX 4090,36,100.92,16,2610.1,24564.0,
2026-09-07T06:40:51.316140+00:00,02_vlm_polymer_real_only,4,4,4.2,5.58,60.43,47.34,NVIDIA GeForce RTX 4090,36,102.85,26,2610.1,24564.0,
2026-09-07T06:41:01.327107+00:00,02_vlm_polymer_real_only,4,4,4.2,5.58,60.43,47.34,NVIDIA GeForce RTX 4090,36,101.49,37,2610.1,24564.0,
2026-09-07T06:41:11.337938+00:00,02_vlm_polymer_real_only,4,4,4.2,5.56,60.43,47.34,NVIDIA GeForce RTX 4090,35,91.23,25,2610.1,24564.0,
2026-09-07T06:41:21.349100+00:00,02_vlm_polymer_real_only,4,4,4.2,5.56,60.43,47.34,NVIDIA GeForce RTX 4090,35,92.72,25,2610.1,24564.0,
2026-09-07T06:41:31.359881+00:00,02_vlm_polymer_real_only,4,4,4.2,5.62,60.43,47.34,NVIDIA GeForce RTX 4090,36,104.01,7,2610.1,24564.0,
2026-09-07T06:41:41.370855+00:00,02_vlm_polymer_real_only,4,4,4.2,5.61,60.43,47.34,NVIDIA GeForce RTX 4090,35,100.66,61,2610.1,24564.0,
2026-09-07T06:41:51.382094+00:00,02_vlm_polymer_real_only,4,4,4.2,5.56,60.43,47.34,NVIDIA GeForce RTX 4090,36,104.72,17,2610.1,24564.0,
2026-09-07T06:42:01.393107+00:00,02_vlm_polymer_real_only,4,4,4.2,5.57,60.43,47.34,NVIDIA GeForce RTX 4090,36,103.97,1,2610.1,24564.0,
2026-09-07T06:42:11.404269+00:00,02_vlm_polymer_real_only,4,4,4.2,5.63,60.43,47.34,NVIDIA GeForce RTX 4090,35,102.5,53,2610.1,24564.0,
2026-09-07T06:42:21.415245+00:00,02_vlm_polymer_real_only,4,4,4.2,5.67,60.43,47.34,NVIDIA GeForce RTX 4090,36,104.65,15,2610.1,24564.0,
2026-09-07T06:42:31.426292+00:00,02_vlm_polymer_real_only,4,4,4.2,5.61,60.43,47.34,NVIDIA GeForce RTX 4090,36,103.85,41,2610.1,24564.0,
2026-09-07T06:42:41.437220+00:00,02_vlm_polymer_real_only,4,4,4.2,5.6,60.43,47.34,NVIDIA GeForce RTX 4090,36,101.82,32,2610.1,24564.0,
2026-09-07T06:42:51.448206+00:00,02_vlm_polymer_real_only,4,4,4.2,5.6,60.43,47.34,NVIDIA GeForce RTX 4090,36,100.21,13,2610.1,24564.0,
2026-09-07T06:43:01.459241+00:00,02_vlm_polymer_real_only,4,4,4.2,5.59,60.43,47.34,NVIDIA GeForce RTX 4090,36,101.02,22,2610.1,24564.0,
2026-09-07T06:43:11.470224+00:00,02_vlm_polymer_real_only,4,4,4.2,5.56,60.43,47.34,NVIDIA GeForce RTX 4090,35,97.63,14,2610.1,24564.0,
2026-09-07T06:43:21.481354+00:00,02_vlm_polymer_real_only,4,4,4.2,5.59,60.43,47.34,NVIDIA GeForce RTX 4090,35,100.65,47,2610.1,24564.0,
2026-09-07T06:43:31.492342+00:00,02_vlm_polymer_real_only,4,4,4.2,5.61,60.43,47.34,NVIDIA GeForce RTX 4090,35,102.41,59,2610.1,24564.0,
2026-09-07T06:43:41.503457+00:00,02_vlm_polymer_real_only,4,4,4.2,5.6,60.43,47.34,NVIDIA GeForce RTX 4090,35,101.67,55,2610.1,24564.0,
2026-09-07T06:43:51.514171+00:00,02_vlm_polymer_real_only,4,4,4.2,5.59,60.43,47.34,NVIDIA GeForce RTX 4090,35,99.95,27,2610.1,24564.0,
2026-09-07T06:44:01.525364+00:00,02_vlm_polymer_real_only,4,4,4.2,5.58,60.43,47.34,NVIDIA GeForce RTX 4090,36,103.8,45,2610.1,24564.0,
2026-09-07T06:44:11.536412+00:00,02_vlm_polymer_real_only,4,4,4.2,5.57,60.43,47.34,NVIDIA GeForce RTX 4090,35,102.15,30,2610.1,24564.0,
2026-09-07T06:44:21.547279+00:00,02_vlm_polymer_real_only,4,4,4.2,5.56,60.43,47.34,NVIDIA GeForce RTX 4090,36,103.0,3,2610.1,24564.0,
2026-09-07T06:44:31.558310+00:00,02_vlm_polymer_real_only,4,4,4.2,5.57,60.43,47.34,NVIDIA GeForce RTX 4090,36,104.13,18,2610.1,24564.0,
2026-09-07T06:44:41.569034+00:00,02_vlm_polymer_real_only,4,4,4.2,5.58,60.43,47.34,NVIDIA GeForce RTX 4090,35,89.69,25,2610.1,24564.0,
2026-09-07T06:44:51.580217+00:00,02_vlm_polymer_real_only,4,4,4.2,5.55,60.43,47.34,NVIDIA GeForce RTX 4090,34,89.44,25,2610.1,24564.0,
2026-09-07T06:45:01.591338+00:00,02_vlm_polymer_real_only,4,4,3.0,5.54,60.43,47.34,NVIDIA GeForce RTX 4090,33,61.53,0,2610.1,24564.0,
2026-09-07T06:45:11.602336+00:00,02_vlm_polymer_real_only,4,4,0.6,5.56,60.43,47.34,NVIDIA GeForce RTX 4090,35,99.69,22,2610.1,24564.0,
2026-09-07T06:45:21.613255+00:00,02_vlm_polymer_real_only,4,4,4.2,5.56,60.43,47.34,NVIDIA GeForce RTX 4090,35,99.24,61,2610.1,24564.0,
2026-09-07T06:45:31.624270+00:00,02_vlm_polymer_real_only,4,4,4.2,5.6,60.43,47.34,NVIDIA GeForce RTX 4090,36,100.47,25,2610.1,24564.0,
2026-09-07T06:45:41.636097+00:00,02_vlm_polymer_real_only,4,4,4.2,5.57,60.43,47.34,NVIDIA GeForce RTX 4090,34,103.73,28,2610.1,24564.0,
2026-09-07T06:45:51.647036+00:00,02_vlm_polymer_real_only,4,4,4.2,5.55,60.43,47.34,NVIDIA GeForce RTX 4090,35,103.19,0,2610.1,24564.0,
2026-09-07T06:46:01.658475+00:00,02_vlm_polymer_real_only,4,4,4.2,5.55,60.43,47.34,NVIDIA GeForce RTX 4090,36,102.14,45,2610.1,24564.0,
2026-09-07T06:46:11.669724+00:00,02_vlm_polymer_real_only,4,4,4.2,5.58,60.43,47.34,NVIDIA GeForce RTX 4090,34,99.31,34,2610.1,24564.0,
2026-09-07T06:46:21.680955+00:00,02_vlm_polymer_real_only,4,4,4.2,5.6,60.43,47.34,NVIDIA GeForce RTX 4090,35,102.69,65,2610.1,24564.0,
2026-09-07T06:46:31.692065+00:00,02_vlm_polymer_real_only,4,4,4.2,5.59,60.43,47.34,NVIDIA GeForce RTX 4090,35,101.08,51,2610.1,24564.0,
2026-09-07T06:46:41.702824+00:00,02_vlm_polymer_real_only,4,4,4.2,5.57,60.43,47.34,NVIDIA GeForce RTX 4090,35,99.38,40,2610.1,24564.0,
2026-09-07T06:46:51.716784+00:00,02_vlm_polymer_real_only,4,4,4.2,5.57,60.43,47.34,NVIDIA GeForce RTX 4090,36,103.75,39,2610.1,24564.0,
2026-09-07T06:47:01.729074+00:00,02_vlm_polymer_real_only,4,4,4.2,5.58,60.43,47.34,NVIDIA GeForce RTX 4090,35,99.08,18,2610.1,24564.0,
2026-09-07T06:47:11.742679+00:00,02_vlm_polymer_real_only,4,4,4.2,5.58,60.43,47.34,NVIDIA GeForce RTX 4090,35,102.95,39,2610.1,24564.0,
2026-09-07T06:47:21.754040+00:00,02_vlm_polymer_real_only,4,4,4.2,5.59,60.43,47.34,NVIDIA GeForce RTX 4090,36,103.96,18,2610.1,24564.0,
2026-09-07T06:47:31.765047+00:00,02_vlm_polymer_real_only,4,4,4.2,5.58,60.43,47.34,NVIDIA GeForce RTX 4090,36,103.51,8,2610.1,24564.0,
2026-09-07T06:47:41.776111+00:00,02_vlm_polymer_real_only,4,4,4.2,5.58,60.43,47.34,NVIDIA GeForce RTX 4090,36,101.7,46,2610.1,24564.0,
2026-09-07T06:47:51.787114+00:00,02_vlm_polymer_real_only,4,4,4.2,5.58,60.43,47.34,NVIDIA GeForce RTX 4090,35,99.64,51,2610.1,24564.0,
2026-09-07T06:48:01.798332+00:00,02_vlm_polymer_real_only,4,4,4.2,5.6,60.43,47.34,NVIDIA GeForce RTX 4090,36,103.04,44,2610.1,24564.0,
2026-09-07T06:48:11.811953+00:00,02_vlm_polymer_real_only,4,4,4.2,5.6,60.43,47.34,NVIDIA GeForce RTX 4090,36,102.71,6,2610.1,24564.0,
2026-09-07T06:48:21.823692+00:00,02_vlm_polymer_real_only,4,4,4.2,5.62,60.43,47.34,NVIDIA GeForce RTX 4090,35,102.0,66,2610.1,24564.0,
2026-09-07T06:48:31.836445+00:00,02_vlm_polymer_real_only,4,4,4.2,5.63,60.43,47.34,NVIDIA GeForce RTX 4090,36,91.52,29,2610.1,24564.0,
2026-09-07T06:48:41.847425+00:00,02_vlm_polymer_real_only,4,4,4.2,5.62,60.43,47.34,NVIDIA GeForce RTX 4090,34,89.85,29,2610.1,24564.0,
2026-09-07T06:48:51.858456+00:00,02_vlm_polymer_real_only,4,4,3.2,5.66,60.43,47.34,NVIDIA GeForce RTX 4090,34,91.27,33,3228.1,24564.0,
2026-09-07T06:49:01.869714+00:00,02_vlm_polymer_real_only,4,4,4.2,5.65,60.43,47.34,NVIDIA GeForce RTX 4090,35,92.37,28,3228.1,24564.0,
2026-09-07T06:49:11.880669+00:00,02_vlm_polymer_real_only,5,5,3.4,4.87,60.43,47.34,NVIDIA GeForce RTX 4090,33,38.92,0,2128.1,24564.0,
2026-09-07T06:49:21.891652+00:00,02_vlm_polymer_real_only,5,5,4.2,5.61,60.43,47.34,NVIDIA GeForce RTX 4090,35,103.59,46,2610.1,24564.0,
2026-09-07T06:49:31.902966+00:00,02_vlm_polymer_real_only,5,5,4.2,5.56,60.43,47.34,NVIDIA GeForce RTX 4090,36,101.15,44,2610.1,24564.0,
2026-09-07T06:49:41.914203+00:00,02_vlm_polymer_real_only,5,5,4.2,5.57,60.43,47.34,NVIDIA GeForce RTX 4090,35,100.97,57,2610.1,24564.0,
2026-09-07T06:49:51.925453+00:00,02_vlm_polymer_real_only,5,5,4.2,5.56,60.43,47.34,NVIDIA GeForce RTX 4090,36,102.54,32,2610.1,24564.0,
2026-09-07T06:50:01.936508+00:00,02_vlm_polymer_real_only,5,5,4.2,5.61,60.43,47.34,NVIDIA GeForce RTX 4090,35,107.26,55,2610.1,24564.0,
2026-09-07T06:50:11.947430+00:00,02_vlm_polymer_real_only,5,5,4.2,5.58,60.43,47.34,NVIDIA GeForce RTX 4090,35,99.64,17,2610.1,24564.0,
2026-09-07T06:50:21.958420+00:00,02_vlm_polymer_real_only,5,5,4.2,5.55,60.43,47.34,NVIDIA GeForce RTX 4090,35,102.19,63,2610.1,24564.0,
2026-09-07T06:50:31.969299+00:00,02_vlm_polymer_real_only,5,5,4.2,5.55,60.43,47.34,NVIDIA GeForce RTX 4090,35,103.48,62,2610.1,24564.0,
2026-09-07T06:50:41.980239+00:00,02_vlm_polymer_real_only,5,5,4.2,5.54,60.43,47.34,NVIDIA GeForce RTX 4090,35,97.66,15,2610.1,24564.0,
2026-09-07T06:50:51.992606+00:00,02_vlm_polymer_real_only,5,5,4.2,5.53,60.43,47.34,NVIDIA GeForce RTX 4090,35,103.23,12,2610.1,24564.0,
2026-09-07T06:51:02.003718+00:00,02_vlm_polymer_real_only,5,5,4.2,5.51,60.43,47.34,NVIDIA GeForce RTX 4090,36,97.54,61,2610.1,24564.0,
2026-09-07T06:51:12.015943+00:00,02_vlm_polymer_real_only,5,5,4.2,5.55,60.43,47.34,NVIDIA GeForce RTX 4090,37,103.88,29,2610.1,24564.0,
2026-09-07T06:51:22.026816+00:00,02_vlm_polymer_real_only,5,5,4.2,5.53,60.43,47.34,NVIDIA GeForce RTX 4090,35,98.52,14,2610.1,24564.0,
2026-09-07T06:51:32.037947+00:00,02_vlm_polymer_real_only,5,5,4.2,5.51,60.43,47.34,NVIDIA GeForce RTX 4090,35,100.76,15,2610.1,24564.0,
2026-09-07T06:51:42.049392+00:00,02_vlm_polymer_real_only,5,5,4.2,5.56,60.43,47.34,NVIDIA GeForce RTX 4090,35,101.11,6,2610.1,24564.0,
2026-09-07T06:51:52.060606+00:00,02_vlm_polymer_real_only,5,5,4.2,5.56,60.43,47.34,NVIDIA GeForce RTX 4090,36,99.13,21,2610.1,24564.0,
2026-09-07T06:52:02.071913+00:00,02_vlm_polymer_real_only,5,5,4.2,5.53,60.43,47.34,NVIDIA GeForce RTX 4090,35,99.39,32,2610.1,24564.0,
2026-09-07T06:52:12.083318+00:00,02_vlm_polymer_real_only,5,5,4.2,5.54,60.43,47.34,NVIDIA GeForce RTX 4090,36,103.86,9,2610.1,24564.0,
2026-09-07T06:52:22.094267+00:00,02_vlm_polymer_real_only,5,5,4.2,5.55,60.43,47.34,NVIDIA GeForce RTX 4090,36,101.87,25,2610.1,24564.0,
2026-09-07T06:52:32.105275+00:00,02_vlm_polymer_real_only,5,5,4.2,5.61,60.43,47.34,NVIDIA GeForce RTX 4090,35,90.84,29,2610.1,24564.0,
2026-09-07T06:52:42.116174+00:00,02_vlm_polymer_real_only,5,5,4.2,5.58,60.43,47.34,NVIDIA GeForce RTX 4090,35,89.78,29,2610.1,24564.0,
2026-09-07T06:52:52.127234+00:00,02_vlm_polymer_real_only,5,5,4.0,5.66,60.43,47.33,NVIDIA GeForce RTX 4090,35,101.45,54,2610.1,24564.0,
2026-09-07T06:53:02.138794+00:00,02_vlm_polymer_real_only,5,5,4.2,5.64,60.43,47.33,NVIDIA GeForce RTX 4090,36,103.19,0,2610.1,24564.0,
2026-09-07T06:53:12.149592+00:00,02_vlm_polymer_real_only,5,5,4.2,5.65,60.43,47.33,NVIDIA GeForce RTX 4090,35,100.28,59,2610.1,24564.0,
2026-09-07T06:53:22.163335+00:00,02_vlm_polymer_real_only,5,5,4.2,5.6,60.43,47.33,NVIDIA GeForce RTX 4090,35,100.77,39,2615.6,24564.0,
2026-09-07T06:53:32.174361+00:00,02_vlm_polymer_real_only,5,5,4.2,5.64,60.43,47.33,NVIDIA GeForce RTX 4090,35,100.19,50,2615.6,24564.0,
2026-09-07T06:53:42.185349+00:00,02_vlm_polymer_real_only,5,5,4.2,5.65,60.43,47.33,NVIDIA GeForce RTX 4090,35,101.75,36,2615.6,24564.0,
2026-09-07T06:53:52.196413+00:00,02_vlm_polymer_real_only,5,5,4.2,5.65,60.43,47.33,NVIDIA GeForce RTX 4090,37,100.03,39,2615.6,24564.0,
2026-09-07T06:54:02.207438+00:00,02_vlm_polymer_real_only,5,5,4.2,5.64,60.43,47.33,NVIDIA GeForce RTX 4090,36,100.32,28,2615.6,24564.0,
2026-09-07T06:54:12.218541+00:00,02_vlm_polymer_real_only,5,5,4.2,5.62,60.43,47.33,NVIDIA GeForce RTX 4090,36,101.48,45,2615.6,24564.0,
2026-09-07T06:54:22.229586+00:00,02_vlm_polymer_real_only,5,5,4.2,5.61,60.43,47.33,NVIDIA GeForce RTX 4090,36,101.82,30,2615.6,24564.0,
2026-09-07T06:54:32.240645+00:00,02_vlm_polymer_real_only,5,5,4.2,5.62,60.43,47.33,NVIDIA GeForce RTX 4090,35,100.29,51,2615.6,24564.0,
2026-09-07T06:54:42.251828+00:00,02_vlm_polymer_real_only,5,5,4.2,5.66,60.43,47.33,NVIDIA GeForce RTX 4090,36,100.74,17,2615.6,24564.0,
2026-09-07T06:54:52.262657+00:00,02_vlm_polymer_real_only,5,5,4.2,5.65,60.43,47.33,NVIDIA GeForce RTX 4090,35,101.72,67,2615.6,24564.0,
2026-09-07T06:55:02.274296+00:00,02_vlm_polymer_real_only,5,5,4.2,5.64,60.43,47.33,NVIDIA GeForce RTX 4090,35,100.28,34,2615.6,24564.0,
2026-09-07T06:55:12.285228+00:00,02_vlm_polymer_real_only,5,5,4.2,5.63,60.43,47.33,NVIDIA GeForce RTX 4090,36,104.3,23,2615.6,24564.0,
2026-09-07T06:55:22.296443+00:00,02_vlm_polymer_real_only,5,5,4.2,5.63,60.43,47.33,NVIDIA GeForce RTX 4090,35,104.13,23,2615.6,24564.0,
2026-09-07T06:55:32.307715+00:00,02_vlm_polymer_real_only,5,5,4.2,5.62,60.43,47.33,NVIDIA GeForce RTX 4090,35,100.77,29,2615.6,24564.0,
2026-09-07T06:55:42.318832+00:00,02_vlm_polymer_real_only,5,5,4.2,5.61,60.43,47.33,NVIDIA GeForce RTX 4090,36,96.58,63,2615.6,24564.0,
2026-09-07T06:55:52.330488+00:00,02_vlm_polymer_real_only,5,5,4.2,5.63,60.43,47.33,NVIDIA GeForce RTX 4090,35,103.39,4,2615.6,24564.0,
2026-09-07T06:56:02.341677+00:00,02_vlm_polymer_real_only,5,5,4.2,5.61,60.43,47.33,NVIDIA GeForce RTX 4090,35,98.89,29,2615.6,24564.0,
2026-09-07T06:56:12.352569+00:00,02_vlm_polymer_real_only,5,5,4.2,5.59,60.43,47.33,NVIDIA GeForce RTX 4090,34,89.12,26,2615.6,24564.0,
2026-09-07T06:56:22.363404+00:00,02_vlm_polymer_real_only,5,5,4.2,5.58,60.43,47.33,NVIDIA GeForce RTX 4090,34,91.42,25,2615.6,24564.0,
2026-09-07T06:56:32.374829+00:00,02_vlm_polymer_real_only,5,5,4.0,5.57,60.43,47.33,NVIDIA GeForce RTX 4090,36,103.16,65,2615.6,24564.0,
2026-09-07T06:56:42.386057+00:00,02_vlm_polymer_real_only,5,5,4.2,5.58,60.43,47.33,NVIDIA GeForce RTX 4090,36,99.27,9,2615.6,24564.0,
2026-09-07T06:56:52.397491+00:00,02_vlm_polymer_real_only,5,5,4.2,5.57,60.43,47.33,NVIDIA GeForce RTX 4090,35,103.26,58,2615.6,24564.0,
2026-09-07T06:57:02.408638+00:00,02_vlm_polymer_real_only,5,5,4.2,5.57,60.43,47.33,NVIDIA GeForce RTX 4090,36,98.1,13,2615.6,24564.0,
2026-09-07T06:57:12.419668+00:00,02_vlm_polymer_real_only,5,5,4.2,5.58,60.43,47.33,NVIDIA GeForce RTX 4090,36,102.56,43,2615.6,24564.0,
2026-09-07T06:57:22.430458+00:00,02_vlm_polymer_real_only,5,5,4.2,5.6,60.43,47.33,NVIDIA GeForce RTX 4090,36,101.71,44,2615.6,24564.0,
2026-09-07T06:57:32.441266+00:00,02_vlm_polymer_real_only,5,5,4.2,5.63,60.43,47.33,NVIDIA GeForce RTX 4090,35,99.97,32,2615.6,24564.0,
2026-09-07T06:57:42.452309+00:00,02_vlm_polymer_real_only,5,5,4.2,5.65,60.43,47.33,NVIDIA GeForce RTX 4090,36,100.79,43,2615.6,24564.0,
2026-09-07T06:57:52.463404+00:00,02_vlm_polymer_real_only,5,5,4.2,5.64,60.43,47.33,NVIDIA GeForce RTX 4090,36,101.45,19,2615.6,24564.0,
2026-09-07T06:58:02.475357+00:00,02_vlm_polymer_real_only,5,5,4.2,5.66,60.43,47.33,NVIDIA GeForce RTX 4090,36,101.26,26,2615.6,24564.0,
2026-09-07T06:58:12.486254+00:00,02_vlm_polymer_real_only,5,5,4.2,5.65,60.43,47.33,NVIDIA GeForce RTX 4090,36,100.65,29,2615.6,24564.0,
2026-09-07T06:58:22.497653+00:00,02_vlm_polymer_real_only,5,5,4.2,5.64,60.43,47.33,NVIDIA GeForce RTX 4090,35,99.44,28,2615.6,24564.0,
2026-09-07T06:58:32.508766+00:00,02_vlm_polymer_real_only,5,5,4.2,5.61,60.43,47.33,NVIDIA GeForce RTX 4090,35,101.15,63,2615.6,24564.0,
2026-09-07T06:58:42.519912+00:00,02_vlm_polymer_real_only,5,5,4.2,5.59,60.43,47.33,NVIDIA GeForce RTX 4090,35,100.19,47,2615.6,24564.0,
2026-09-07T06:58:52.531252+00:00,02_vlm_polymer_real_only,5,5,4.2,5.58,60.43,47.33,NVIDIA GeForce RTX 4090,36,100.8,12,2615.6,24564.0,
2026-09-07T06:59:02.542433+00:00,02_vlm_polymer_real_only,5,5,4.2,5.58,60.43,47.33,NVIDIA GeForce RTX 4090,36,104.07,41,2615.6,24564.0,
2026-09-07T06:59:12.553399+00:00,02_vlm_polymer_real_only,5,5,4.2,5.58,60.43,47.33,NVIDIA GeForce RTX 4090,35,100.02,18,2615.6,24564.0,
2026-09-07T06:59:22.564492+00:00,02_vlm_polymer_real_only,5,5,4.2,5.58,60.43,47.33,NVIDIA GeForce RTX 4090,35,99.34,16,2615.6,24564.0,
2026-09-07T06:59:32.578001+00:00,02_vlm_polymer_real_only,5,5,4.2,5.58,60.43,47.33,NVIDIA GeForce RTX 4090,35,101.34,39,2615.6,24564.0,
2026-09-07T06:59:42.589156+00:00,02_vlm_polymer_real_only,5,5,4.2,5.57,60.43,47.33,NVIDIA GeForce RTX 4090,35,91.7,29,2615.6,24564.0,
2026-09-07T06:59:52.600454+00:00,02_vlm_polymer_real_only,5,5,4.2,5.61,60.43,47.33,NVIDIA GeForce RTX 4090,35,88.81,29,2615.6,24564.0,
2026-09-07T07:00:02.612687+00:00,02_vlm_polymer_real_only,5,5,4.0,5.61,60.43,47.33,NVIDIA GeForce RTX 4090,35,103.71,55,2615.6,24564.0,
2026-09-07T07:00:12.623612+00:00,02_vlm_polymer_real_only,5,5,4.2,5.59,60.43,47.33,NVIDIA GeForce RTX 4090,36,104.27,14,2615.6,24564.0,
2026-09-07T07:00:22.634919+00:00,02_vlm_polymer_real_only,5,5,4.2,5.61,60.43,47.33,NVIDIA GeForce RTX 4090,35,103.11,51,2615.6,24564.0,
2026-09-07T07:00:32.645908+00:00,02_vlm_polymer_real_only,5,5,4.2,5.6,60.43,47.33,NVIDIA GeForce RTX 4090,36,99.15,10,2615.6,24564.0,
2026-09-07T07:00:42.657267+00:00,02_vlm_polymer_real_only,5,5,4.2,5.62,60.43,47.33,NVIDIA GeForce RTX 4090,35,102.01,29,2615.6,24564.0,
2026-09-07T07:00:52.668381+00:00,02_vlm_polymer_real_only,5,5,4.2,5.6,60.43,47.33,NVIDIA GeForce RTX 4090,36,100.99,20,2615.6,24564.0,
2026-09-07T07:01:02.679406+00:00,02_vlm_polymer_real_only,5,5,4.2,5.6,60.43,47.33,NVIDIA GeForce RTX 4090,36,96.37,0,2615.6,24564.0,
2026-09-07T07:01:12.691260+00:00,02_vlm_polymer_real_only,5,5,4.2,5.62,60.43,47.33,NVIDIA GeForce RTX 4090,35,103.82,8,2615.6,24564.0,
2026-09-07T07:01:22.702629+00:00,02_vlm_polymer_real_only,5,5,4.2,5.58,60.43,47.33,NVIDIA GeForce RTX 4090,36,100.28,26,2615.6,24564.0,
2026-09-07T07:01:32.714960+00:00,02_vlm_polymer_real_only,5,5,4.2,5.58,60.43,47.33,NVIDIA GeForce RTX 4090,35,100.76,27,2615.6,24564.0,
2026-09-07T07:01:42.726136+00:00,02_vlm_polymer_real_only,5,5,4.2,5.58,60.43,47.33,NVIDIA GeForce RTX 4090,35,103.35,21,2615.6,24564.0,
2026-09-07T07:01:52.737245+00:00,02_vlm_polymer_real_only,5,5,4.2,5.57,60.43,47.33,NVIDIA GeForce RTX 4090,36,99.84,64,2615.6,24564.0,
2026-09-07T07:02:02.748106+00:00,02_vlm_polymer_real_only,5,5,4.2,5.62,60.43,47.33,NVIDIA GeForce RTX 4090,36,100.88,27,2615.6,24564.0,
2026-09-07T07:02:12.759247+00:00,02_vlm_polymer_real_only,5,5,4.2,5.64,60.43,47.33,NVIDIA GeForce RTX 4090,36,100.92,26,2615.6,24564.0,
2026-09-07T07:02:22.770399+00:00,02_vlm_polymer_real_only,5,5,4.2,5.59,60.43,47.33,NVIDIA GeForce RTX 4090,36,99.93,42,2615.6,24564.0,
2026-09-07T07:02:32.781562+00:00,02_vlm_polymer_real_only,5,5,4.2,5.6,60.43,47.33,NVIDIA GeForce RTX 4090,35,96.59,8,2615.6,24564.0,
2026-09-07T07:02:42.792938+00:00,02_vlm_polymer_real_only,5,5,4.2,5.59,60.43,47.33,NVIDIA GeForce RTX 4090,35,98.68,24,2615.6,24564.0,
2026-09-07T07:02:52.804112+00:00,02_vlm_polymer_real_only,5,5,4.2,5.59,60.43,47.33,NVIDIA GeForce RTX 4090,35,99.78,12,2615.6,24564.0,
2026-09-07T07:03:02.815152+00:00,02_vlm_polymer_real_only,5,5,4.2,5.59,60.43,47.33,NVIDIA GeForce RTX 4090,36,103.0,36,2615.6,24564.0,
2026-09-07T07:03:12.826164+00:00,02_vlm_polymer_real_only,5,5,4.2,5.58,60.43,47.33,NVIDIA GeForce RTX 4090,35,98.45,26,2615.6,24564.0,
2026-09-07T07:03:22.837134+00:00,02_vlm_polymer_real_only,5,5,4.2,5.61,60.43,47.33,NVIDIA GeForce RTX 4090,35,90.32,29,2615.6,24564.0,
2026-09-07T07:03:32.848103+00:00,02_vlm_polymer_real_only,5,5,4.2,5.61,60.43,47.33,NVIDIA GeForce RTX 4090,36,91.21,29,2615.6,24564.0,
2026-09-07T07:03:42.859271+00:00,02_vlm_polymer_real_only,5,5,4.2,5.57,60.43,47.33,NVIDIA GeForce RTX 4090,35,98.99,52,2615.6,24564.0,
2026-09-07T07:03:52.870386+00:00,02_vlm_polymer_real_only,5,5,4.2,5.58,60.43,47.33,NVIDIA GeForce RTX 4090,36,99.39,60,2615.6,24564.0,
2026-09-07T07:04:02.882728+00:00,02_vlm_polymer_real_only,5,5,4.2,5.59,60.43,47.33,NVIDIA GeForce RTX 4090,37,103.21,16,2610.1,24564.0,
2026-09-07T07:04:12.893703+00:00,02_vlm_polymer_real_only,5,5,4.2,5.59,60.43,47.33,NVIDIA GeForce RTX 4090,35,103.45,27,2610.1,24564.0,
2026-09-07T07:04:22.904809+00:00,02_vlm_polymer_real_only,5,5,4.2,5.58,60.43,47.33,NVIDIA GeForce RTX 4090,37,103.25,22,2610.1,24564.0,
2026-09-07T07:04:32.916412+00:00,02_vlm_polymer_real_only,5,5,4.2,5.63,60.43,47.33,NVIDIA GeForce RTX 4090,36,102.48,17,2610.1,24564.0,
2026-09-07T07:04:42.927457+00:00,02_vlm_polymer_real_only,5,5,4.2,5.59,60.43,47.33,NVIDIA GeForce RTX 4090,37,99.96,41,2610.1,24564.0,
2026-09-07T07:04:52.938167+00:00,02_vlm_polymer_real_only,5,5,4.2,5.6,60.43,47.33,NVIDIA GeForce RTX 4090,36,102.66,2,2610.1,24564.0,
2026-09-07T07:05:02.949378+00:00,02_vlm_polymer_real_only,5,5,4.2,5.58,60.43,47.33,NVIDIA GeForce RTX 4090,37,101.17,21,2610.1,24564.0,
2026-09-07T07:05:12.961714+00:00,02_vlm_polymer_real_only,5,5,4.2,5.57,60.43,47.33,NVIDIA GeForce RTX 4090,36,102.48,12,2610.1,24564.0,
2026-09-07T07:05:22.972916+00:00,02_vlm_polymer_real_only,5,5,4.2,5.57,60.43,47.33,NVIDIA GeForce RTX 4090,35,98.31,46,2610.1,24564.0,
2026-09-07T07:05:32.985441+00:00,02_vlm_polymer_real_only,5,5,4.2,5.6,60.43,47.33,NVIDIA GeForce RTX 4090,36,101.22,34,2610.1,24564.0,
2026-09-07T07:05:42.998943+00:00,02_vlm_polymer_real_only,5,5,4.2,5.61,60.43,47.33,NVIDIA GeForce RTX 4090,35,99.13,41,2610.1,24564.0,
2026-09-07T07:05:53.009922+00:00,02_vlm_polymer_real_only,5,5,4.2,5.61,60.43,47.33,NVIDIA GeForce RTX 4090,36,99.32,16,2610.1,24564.0,
2026-09-07T07:06:03.020897+00:00,02_vlm_polymer_real_only,5,5,4.2,5.63,60.43,47.33,NVIDIA GeForce RTX 4090,35,102.88,37,2610.1,24564.0,
2026-09-07T07:06:13.031919+00:00,02_vlm_polymer_real_only,5,5,4.2,5.65,60.43,47.33,NVIDIA GeForce RTX 4090,35,98.75,52,2610.1,24564.0,
2026-09-07T07:06:23.043048+00:00,02_vlm_polymer_real_only,5,5,4.2,5.61,60.43,47.33,NVIDIA GeForce RTX 4090,36,100.17,45,2610.1,24564.0,
2026-09-07T07:06:33.054212+00:00,02_vlm_polymer_real_only,5,5,4.2,5.6,60.43,47.33,NVIDIA GeForce RTX 4090,36,99.75,20,2610.1,24564.0,
2026-09-07T07:06:43.065504+00:00,02_vlm_polymer_real_only,5,5,4.2,5.61,60.43,47.33,NVIDIA GeForce RTX 4090,36,100.55,47,2610.1,24564.0,
2026-09-07T07:06:53.076409+00:00,02_vlm_polymer_real_only,5,5,4.2,5.6,60.43,47.33,NVIDIA GeForce RTX 4090,34,90.21,25,2610.1,24564.0,
2026-09-07T07:07:03.087468+00:00,02_vlm_polymer_real_only,5,5,4.2,5.59,60.43,47.33,NVIDIA GeForce RTX 4090,35,89.02,25,2610.1,24564.0,
2026-09-07T07:07:13.098902+00:00,02_vlm_polymer_real_only,5,5,4.2,5.64,60.43,47.33,NVIDIA GeForce RTX 4090,35,100.46,49,2610.1,24564.0,
2026-09-07T07:07:23.109862+00:00,02_vlm_polymer_real_only,5,5,4.2,5.64,60.43,47.33,NVIDIA GeForce RTX 4090,36,100.13,9,2610.1,24564.0,
2026-09-07T07:07:33.121334+00:00,02_vlm_polymer_real_only,5,5,4.2,5.65,60.43,47.33,NVIDIA GeForce RTX 4090,35,101.7,65,2610.1,24564.0,
2026-09-07T07:07:43.132179+00:00,02_vlm_polymer_real_only,5,5,4.2,5.65,60.43,47.33,NVIDIA GeForce RTX 4090,36,102.0,44,2610.1,24564.0,
2026-09-07T07:07:53.143825+00:00,02_vlm_polymer_real_only,5,5,4.2,5.64,60.43,47.33,NVIDIA GeForce RTX 4090,35,99.3,35,2610.1,24564.0,
2026-09-07T07:08:03.154862+00:00,02_vlm_polymer_real_only,5,5,4.2,5.67,60.43,47.33,NVIDIA GeForce RTX 4090,36,100.23,30,2610.1,24564.0,
2026-09-07T07:08:13.165854+00:00,02_vlm_polymer_real_only,5,5,4.2,5.64,60.43,47.33,NVIDIA GeForce RTX 4090,36,99.39,31,2610.1,24564.0,
2026-09-07T07:08:23.176839+00:00,02_vlm_polymer_real_only,5,5,4.2,5.64,60.43,47.33,NVIDIA GeForce RTX 4090,36,101.87,19,2610.1,24564.0,
2026-09-07T07:08:33.188170+00:00,02_vlm_polymer_real_only,5,5,4.2,5.63,60.43,47.33,NVIDIA GeForce RTX 4090,35,103.68,55,2610.1,24564.0,
2026-09-07T07:08:43.199179+00:00,02_vlm_polymer_real_only,5,5,4.2,5.64,60.43,47.33,NVIDIA GeForce RTX 4090,35,104.02,49,2610.1,24564.0,
2026-09-07T07:08:53.210203+00:00,02_vlm_polymer_real_only,5,5,4.2,5.64,60.43,47.33,NVIDIA GeForce RTX 4090,36,105.05,68,2610.1,24564.0,
2026-09-07T07:09:03.221246+00:00,02_vlm_polymer_real_only,5,5,4.2,5.62,60.43,47.33,NVIDIA GeForce RTX 4090,35,103.98,20,2610.1,24564.0,
2026-09-07T07:09:13.233284+00:00,02_vlm_polymer_real_only,5,5,4.2,5.61,60.43,47.33,NVIDIA GeForce RTX 4090,36,101.16,44,2610.1,24564.0,
2026-09-07T07:09:23.244337+00:00,02_vlm_polymer_real_only,5,5,4.2,5.65,60.43,47.33,NVIDIA GeForce RTX 4090,36,101.45,15,2610.1,24564.0,
2026-09-07T07:09:33.255291+00:00,02_vlm_polymer_real_only,5,5,4.2,5.64,60.43,47.33,NVIDIA GeForce RTX 4090,35,101.68,22,2610.1,24564.0,
2026-09-07T07:09:43.266560+00:00,02_vlm_polymer_real_only,5,5,4.2,5.67,60.43,47.33,NVIDIA GeForce RTX 4090,35,101.23,14,2610.1,24564.0,
2026-09-07T07:09:53.277858+00:00,02_vlm_polymer_real_only,5,5,4.2,5.65,60.43,47.33,NVIDIA GeForce RTX 4090,35,100.52,40,2610.1,24564.0,
2026-09-07T07:10:03.288899+00:00,02_vlm_polymer_real_only,5,5,4.2,5.61,60.43,47.33,NVIDIA GeForce RTX 4090,36,100.64,47,2610.1,24564.0,
2026-09-07T07:10:13.300314+00:00,02_vlm_polymer_real_only,5,5,4.2,5.63,60.43,47.33,NVIDIA GeForce RTX 4090,36,103.74,47,2610.1,24564.0,
2026-09-07T07:10:23.311351+00:00,02_vlm_polymer_real_only,5,5,4.2,5.58,60.43,47.33,NVIDIA GeForce RTX 4090,35,99.54,29,2610.1,24564.0,
2026-09-07T07:10:33.322920+00:00,02_vlm_polymer_real_only,5,5,4.2,5.58,60.43,47.33,NVIDIA GeForce RTX 4090,35,90.11,30,2610.1,24564.0,
2026-09-07T07:10:43.333805+00:00,02_vlm_polymer_real_only,5,5,4.2,5.58,60.43,47.33,NVIDIA GeForce RTX 4090,35,92.27,33,2610.1,24564.0,
2026-09-07T07:10:53.345187+00:00,02_vlm_polymer_real_only,5,5,3.4,5.62,60.43,47.33,NVIDIA GeForce RTX 4090,35,91.56,29,3228.1,24564.0,
2026-09-07T07:11:03.356448+00:00,02_vlm_polymer_real_only,5,5,4.2,5.62,60.43,47.33,NVIDIA GeForce RTX 4090,35,91.67,29,3228.1,24564.0,
2026-09-07T07:11:13.367564+00:00,02_vlm_polymer_real_only,6,6,3.3,5.52,60.43,47.33,NVIDIA GeForce RTX 4090,35,103.89,36,2610.1,24564.0,
2026-09-07T07:11:23.378646+00:00,02_vlm_polymer_real_only,6,6,4.2,5.56,60.43,47.33,NVIDIA GeForce RTX 4090,34,97.47,61,2610.1,24564.0,
2026-09-07T07:11:33.392570+00:00,02_vlm_polymer_real_only,6,6,4.2,5.52,60.43,47.33,NVIDIA GeForce RTX 4090,35,100.3,0,2610.1,24564.0,
2026-09-07T07:11:43.403373+00:00,02_vlm_polymer_real_only,6,6,4.2,5.51,60.43,47.33,NVIDIA GeForce RTX 4090,34,101.85,51,2610.1,24564.0,
2026-09-07T07:11:53.414474+00:00,02_vlm_polymer_real_only,6,6,4.2,5.55,60.43,47.33,NVIDIA GeForce RTX 4090,36,99.99,35,2610.1,24564.0,
2026-09-07T07:12:03.425525+00:00,02_vlm_polymer_real_only,6,6,4.2,5.56,60.43,47.33,NVIDIA GeForce RTX 4090,36,100.43,43,2610.1,24564.0,
2026-09-07T07:12:13.436347+00:00,02_vlm_polymer_real_only,6,6,4.2,5.55,60.43,47.33,NVIDIA GeForce RTX 4090,35,103.76,3,2610.1,24564.0,
2026-09-07T07:12:23.447419+00:00,02_vlm_polymer_real_only,6,6,4.2,5.55,60.43,47.33,NVIDIA GeForce RTX 4090,35,103.96,61,2610.1,24564.0,
2026-09-07T07:12:33.458402+00:00,02_vlm_polymer_real_only,6,6,4.2,5.56,60.43,47.33,NVIDIA GeForce RTX 4090,35,100.59,48,2610.1,24564.0,
2026-09-07T07:12:43.469079+00:00,02_vlm_polymer_real_only,6,6,4.2,5.59,60.43,47.33,NVIDIA GeForce RTX 4090,36,102.82,37,2610.1,24564.0,
2026-09-07T07:12:53.479892+00:00,02_vlm_polymer_real_only,6,6,4.2,5.58,60.43,47.33,NVIDIA GeForce RTX 4090,36,103.58,31,2610.1,24564.0,
2026-09-07T07:13:03.492100+00:00,02_vlm_polymer_real_only,6,6,4.2,5.56,60.43,47.33,NVIDIA GeForce RTX 4090,35,96.74,52,2610.1,24564.0,
2026-09-07T07:13:13.503882+00:00,02_vlm_polymer_real_only,6,6,4.2,5.56,60.43,47.33,NVIDIA GeForce RTX 4090,35,97.05,67,2610.1,24564.0,
2026-09-07T07:13:23.515469+00:00,02_vlm_polymer_real_only,6,6,4.2,5.59,60.43,47.33,NVIDIA GeForce RTX 4090,36,104.17,0,2610.1,24564.0,
2026-09-07T07:13:33.526329+00:00,02_vlm_polymer_real_only,6,6,4.2,5.55,60.43,47.33,NVIDIA GeForce RTX 4090,35,99.57,45,2610.1,24564.0,
2026-09-07T07:13:43.537365+00:00,02_vlm_polymer_real_only,6,6,4.2,5.55,60.43,47.33,NVIDIA GeForce RTX 4090,36,101.93,12,2610.1,24564.0,
2026-09-07T07:13:53.548531+00:00,02_vlm_polymer_real_only,6,6,4.2,5.54,60.43,47.33,NVIDIA GeForce RTX 4090,35,100.69,37,2610.1,24564.0,
2026-09-07T07:14:03.559869+00:00,02_vlm_polymer_real_only,6,6,4.2,5.55,60.43,47.33,NVIDIA GeForce RTX 4090,35,100.17,40,2610.1,24564.0,
2026-09-07T07:14:13.571055+00:00,02_vlm_polymer_real_only,6,6,4.2,5.56,60.43,47.33,NVIDIA GeForce RTX 4090,37,104.28,20,2610.1,24564.0,
2026-09-07T07:14:23.583229+00:00,02_vlm_polymer_real_only,6,6,4.2,5.59,60.43,47.33,NVIDIA GeForce RTX 4090,35,90.63,32,2610.1,24564.0,
2026-09-07T07:14:33.594675+00:00,02_vlm_polymer_real_only,6,6,4.2,5.6,60.43,47.33,NVIDIA GeForce RTX 4090,35,90.26,33,2610.1,24564.0,
2026-09-07T07:14:43.606386+00:00,02_vlm_polymer_real_only,6,6,4.0,5.61,60.43,47.33,NVIDIA GeForce RTX 4090,34,84.85,26,2610.1,24564.0,
2026-09-07T07:14:53.617185+00:00,02_vlm_polymer_real_only,6,6,4.2,5.59,60.43,47.31,NVIDIA GeForce RTX 4090,36,101.1,27,2610.1,24564.0,
2026-09-07T07:15:03.628164+00:00,02_vlm_polymer_real_only,6,6,4.2,5.61,60.43,47.31,NVIDIA GeForce RTX 4090,36,100.6,33,2610.1,24564.0,
2026-09-07T07:15:13.639430+00:00,02_vlm_polymer_real_only,6,6,4.2,5.64,60.43,47.31,NVIDIA GeForce RTX 4090,36,100.28,50,2610.1,24564.0,
2026-09-07T07:15:23.653461+00:00,02_vlm_polymer_real_only,6,6,4.2,5.6,60.43,47.31,NVIDIA GeForce RTX 4090,35,99.48,28,2610.1,24564.0,
2026-09-07T07:15:33.664294+00:00,02_vlm_polymer_real_only,6,6,4.2,5.6,60.43,47.31,NVIDIA GeForce RTX 4090,35,100.89,26,2610.1,24564.0,
2026-09-07T07:15:43.675397+00:00,02_vlm_polymer_real_only,6,6,4.2,5.59,60.43,47.31,NVIDIA GeForce RTX 4090,36,102.01,46,2610.1,24564.0,
2026-09-07T07:15:53.687152+00:00,02_vlm_polymer_real_only,6,6,4.2,5.59,60.43,47.31,NVIDIA GeForce RTX 4090,35,98.96,63,2610.1,24564.0,
2026-09-07T07:16:03.698411+00:00,02_vlm_polymer_real_only,6,6,4.2,5.64,60.43,47.31,NVIDIA GeForce RTX 4090,36,103.27,43,2610.1,24564.0,
2026-09-07T07:16:13.709433+00:00,02_vlm_polymer_real_only,6,6,4.2,5.64,60.43,47.31,NVIDIA GeForce RTX 4090,36,104.07,15,2610.1,24564.0,
2026-09-07T07:16:23.720539+00:00,02_vlm_polymer_real_only,6,6,4.2,5.61,60.43,47.31,NVIDIA GeForce RTX 4090,35,102.34,23,2610.1,24564.0,
2026-09-07T07:16:33.731398+00:00,02_vlm_polymer_real_only,6,6,4.2,5.6,60.43,47.31,NVIDIA GeForce RTX 4090,36,100.04,23,2610.1,24564.0,
2026-09-07T07:16:43.744646+00:00,02_vlm_polymer_real_only,6,6,4.2,5.58,60.43,47.31,NVIDIA GeForce RTX 4090,36,100.46,63,2610.1,24564.0,
2026-09-07T07:16:53.755578+00:00,02_vlm_polymer_real_only,6,6,4.2,5.57,60.43,47.31,NVIDIA GeForce RTX 4090,36,103.9,9,2610.1,24564.0,
2026-09-07T07:17:03.766409+00:00,02_vlm_polymer_real_only,6,6,4.2,5.57,60.43,47.31,NVIDIA GeForce RTX 4090,35,102.3,32,2610.1,24564.0,
2026-09-07T07:17:13.777509+00:00,02_vlm_polymer_real_only,6,6,4.2,5.55,60.43,47.31,NVIDIA GeForce RTX 4090,37,101.38,44,2610.1,24564.0,
2026-09-07T07:17:23.788750+00:00,02_vlm_polymer_real_only,6,6,4.2,5.57,60.43,47.31,NVIDIA GeForce RTX 4090,35,99.27,10,2610.1,24564.0,
2026-09-07T07:17:33.799514+00:00,02_vlm_polymer_real_only,6,6,4.2,5.57,60.43,47.31,NVIDIA GeForce RTX 4090,36,100.29,29,2610.1,24564.0,
2026-09-07T07:17:43.810526+00:00,02_vlm_polymer_real_only,6,6,4.2,5.57,60.43,47.31,NVIDIA GeForce RTX 4090,35,100.93,28,2610.1,24564.0,
2026-09-07T07:17:53.823240+00:00,02_vlm_polymer_real_only,6,6,4.2,5.6,60.43,47.31,NVIDIA GeForce RTX 4090,36,100.06,64,2610.1,24564.0,
2026-09-07T07:18:03.834276+00:00,02_vlm_polymer_real_only,6,6,4.2,5.59,60.43,47.31,NVIDIA GeForce RTX 4090,36,90.93,36,2610.1,24564.0,
2026-09-07T07:18:13.845287+00:00,02_vlm_polymer_real_only,6,6,4.2,5.58,60.43,47.31,NVIDIA GeForce RTX 4090,35,89.4,28,2610.1,24564.0,
2026-09-07T07:18:23.856052+00:00,02_vlm_polymer_real_only,6,6,4.0,5.57,60.43,47.31,NVIDIA GeForce RTX 4090,35,98.95,59,2610.1,24564.0,
2026-09-07T07:18:33.867272+00:00,02_vlm_polymer_real_only,6,6,4.2,5.62,60.43,47.31,NVIDIA GeForce RTX 4090,35,97.42,13,2610.1,24564.0,
2026-09-07T07:18:43.878302+00:00,02_vlm_polymer_real_only,6,6,4.2,5.64,60.43,47.31,NVIDIA GeForce RTX 4090,35,98.09,1,2610.1,24564.0,
2026-09-07T07:18:53.889274+00:00,02_vlm_polymer_real_only,6,6,4.2,5.65,60.43,47.31,NVIDIA GeForce RTX 4090,35,103.32,67,2610.1,24564.0,
2026-09-07T07:19:03.900185+00:00,02_vlm_polymer_real_only,6,6,4.2,5.65,60.43,47.31,NVIDIA GeForce RTX 4090,36,105.69,45,2610.1,24564.0,
2026-09-07T07:19:13.913265+00:00,02_vlm_polymer_real_only,6,6,4.2,5.65,60.43,47.31,NVIDIA GeForce RTX 4090,36,99.88,54,2610.1,24564.0,
2026-09-07T07:19:23.924318+00:00,02_vlm_polymer_real_only,6,6,4.2,5.63,60.43,47.31,NVIDIA GeForce RTX 4090,35,101.04,26,2610.1,24564.0,
2026-09-07T07:19:33.936600+00:00,02_vlm_polymer_real_only,6,6,4.2,5.65,60.43,47.31,NVIDIA GeForce RTX 4090,36,102.81,46,2610.1,24564.0,
2026-09-07T07:19:43.947599+00:00,02_vlm_polymer_real_only,6,6,4.2,5.63,60.43,47.31,NVIDIA GeForce RTX 4090,36,100.0,42,2610.1,24564.0,
2026-09-07T07:19:53.958780+00:00,02_vlm_polymer_real_only,6,6,4.2,5.61,60.43,47.31,NVIDIA GeForce RTX 4090,35,99.0,55,2610.1,24564.0,
2026-09-07T07:20:03.969624+00:00,02_vlm_polymer_real_only,6,6,4.2,5.62,60.43,47.31,NVIDIA GeForce RTX 4090,36,103.45,43,2610.1,24564.0,
2026-09-07T07:20:13.980718+00:00,02_vlm_polymer_real_only,6,6,4.2,5.61,60.43,47.31,NVIDIA GeForce RTX 4090,35,103.13,0,2610.1,24564.0,
2026-09-07T07:20:23.991819+00:00,02_vlm_polymer_real_only,6,6,4.2,5.58,60.43,47.31,NVIDIA GeForce RTX 4090,36,101.04,27,2610.1,24564.0,
2026-09-07T07:20:34.002545+00:00,02_vlm_polymer_real_only,6,6,4.2,5.57,60.43,47.31,NVIDIA GeForce RTX 4090,35,103.62,47,2610.1,24564.0,
2026-09-07T07:20:44.013561+00:00,02_vlm_polymer_real_only,6,6,4.2,5.58,60.43,47.31,NVIDIA GeForce RTX 4090,35,101.89,11,2610.1,24564.0,
2026-09-07T07:20:54.025004+00:00,02_vlm_polymer_real_only,6,6,4.2,5.56,60.43,47.31,NVIDIA GeForce RTX 4090,37,103.55,64,2610.1,24564.0,
2026-09-07T07:21:04.035871+00:00,02_vlm_polymer_real_only,6,6,4.2,5.57,60.43,47.31,NVIDIA GeForce RTX 4090,36,102.31,51,2610.1,24564.0,
2026-09-07T07:21:14.046972+00:00,02_vlm_polymer_real_only,6,6,4.2,5.56,60.43,47.31,NVIDIA GeForce RTX 4090,36,104.26,44,2610.1,24564.0,
2026-09-07T07:21:24.060506+00:00,02_vlm_polymer_real_only,6,6,4.2,5.58,60.43,47.31,NVIDIA GeForce RTX 4090,36,101.38,41,2610.1,24564.0,
2026-09-07T07:21:34.071980+00:00,02_vlm_polymer_real_only,6,6,4.2,5.58,60.43,47.31,NVIDIA GeForce RTX 4090,35,103.73,6,2610.1,24564.0,
2026-09-07T07:21:44.083427+00:00,02_vlm_polymer_real_only,6,6,4.2,5.59,60.43,47.31,NVIDIA GeForce RTX 4090,35,91.16,34,2610.1,24564.0,
2026-09-07T07:21:54.094877+00:00,02_vlm_polymer_real_only,6,6,4.2,5.61,60.43,47.31,NVIDIA GeForce RTX 4090,34,92.29,48,2610.1,24564.0,
2026-09-07T07:22:04.105601+00:00,02_vlm_polymer_real_only,6,6,4.0,5.58,60.43,47.31,NVIDIA GeForce RTX 4090,35,98.39,17,2610.1,24564.0,
2026-09-07T07:22:14.116710+00:00,02_vlm_polymer_real_only,6,6,4.2,5.62,60.43,47.31,NVIDIA GeForce RTX 4090,35,98.17,54,2610.1,24564.0,
2026-09-07T07:22:24.128012+00:00,02_vlm_polymer_real_only,6,6,4.2,5.61,60.43,47.31,NVIDIA GeForce RTX 4090,35,100.78,51,2610.1,24564.0,
2026-09-07T07:22:34.140253+00:00,02_vlm_polymer_real_only,6,6,4.2,5.59,60.43,47.31,NVIDIA GeForce RTX 4090,36,96.82,48,2610.1,24564.0,
2026-09-07T07:22:44.151311+00:00,02_vlm_polymer_real_only,6,6,4.2,5.58,60.43,47.31,NVIDIA GeForce RTX 4090,36,103.69,10,2610.1,24564.0,
2026-09-07T07:22:54.162362+00:00,02_vlm_polymer_real_only,6,6,4.2,5.63,60.43,47.31,NVIDIA GeForce RTX 4090,35,100.68,53,2610.1,24564.0,
2026-09-07T07:23:04.173778+00:00,02_vlm_polymer_real_only,6,6,4.2,5.63,60.43,47.31,NVIDIA GeForce RTX 4090,36,103.66,11,2610.1,24564.0,
2026-09-07T07:23:14.184613+00:00,02_vlm_polymer_real_only,6,6,4.2,5.59,60.43,47.31,NVIDIA GeForce RTX 4090,36,97.63,57,2610.1,24564.0,
2026-09-07T07:23:24.196231+00:00,02_vlm_polymer_real_only,6,6,4.2,5.64,60.43,47.31,NVIDIA GeForce RTX 4090,35,100.78,44,2610.1,24564.0,
2026-09-07T07:23:34.207255+00:00,02_vlm_polymer_real_only,6,6,4.2,5.61,60.43,47.31,NVIDIA GeForce RTX 4090,36,101.3,51,2615.6,24564.0,
2026-09-07T07:23:44.218404+00:00,02_vlm_polymer_real_only,6,6,4.2,5.58,60.43,47.31,NVIDIA GeForce RTX 4090,35,103.5,27,2615.6,24564.0,
2026-09-07T07:23:54.229310+00:00,02_vlm_polymer_real_only,6,6,4.2,5.66,60.43,47.31,NVIDIA GeForce RTX 4090,35,103.6,17,2615.6,24564.0,
2026-09-07T07:24:04.240147+00:00,02_vlm_polymer_real_only,6,6,4.2,5.63,60.43,47.31,NVIDIA GeForce RTX 4090,35,103.67,34,2615.6,24564.0,
2026-09-07T07:24:14.251359+00:00,02_vlm_polymer_real_only,6,6,4.2,5.62,60.43,47.31,NVIDIA GeForce RTX 4090,36,100.76,54,2615.6,24564.0,
2026-09-07T07:24:24.262353+00:00,02_vlm_polymer_real_only,6,6,4.2,5.6,60.43,47.31,NVIDIA GeForce RTX 4090,36,101.76,64,2615.6,24564.0,
2026-09-07T07:24:34.274006+00:00,02_vlm_polymer_real_only,6,6,4.2,5.61,60.43,47.31,NVIDIA GeForce RTX 4090,36,103.53,53,2615.6,24564.0,
2026-09-07T07:24:44.285158+00:00,02_vlm_polymer_real_only,6,6,4.2,5.63,60.43,47.31,NVIDIA GeForce RTX 4090,36,100.68,46,2615.6,24564.0,
2026-09-07T07:24:54.297063+00:00,02_vlm_polymer_real_only,6,6,4.2,5.62,60.43,47.31,NVIDIA GeForce RTX 4090,36,103.79,33,2615.6,24564.0,
2026-09-07T07:25:04.308082+00:00,02_vlm_polymer_real_only,6,6,4.2,5.67,60.43,47.31,NVIDIA GeForce RTX 4090,36,100.85,3,2615.6,24564.0,
2026-09-07T07:25:14.319347+00:00,02_vlm_polymer_real_only,6,6,4.2,5.62,60.43,47.31,NVIDIA GeForce RTX 4090,35,90.43,25,2615.6,24564.0,
2026-09-07T07:25:24.331545+00:00,02_vlm_polymer_real_only,6,6,4.2,5.6,60.43,47.31,NVIDIA GeForce RTX 4090,35,89.67,25,2615.6,24564.0,
2026-09-07T07:25:34.342735+00:00,02_vlm_polymer_real_only,6,6,4.2,5.59,60.43,47.31,NVIDIA GeForce RTX 4090,35,99.75,64,2615.6,24564.0,
2026-09-07T07:25:44.353871+00:00,02_vlm_polymer_real_only,6,6,4.2,5.58,60.43,47.31,NVIDIA GeForce RTX 4090,36,103.34,30,2615.6,24564.0,
2026-09-07T07:25:54.364868+00:00,02_vlm_polymer_real_only,6,6,4.2,5.63,60.43,47.31,NVIDIA GeForce RTX 4090,35,102.6,19,2615.6,24564.0,
2026-09-07T07:26:04.375971+00:00,02_vlm_polymer_real_only,6,6,4.2,5.59,60.43,47.31,NVIDIA GeForce RTX 4090,35,99.16,22,2615.6,24564.0,
2026-09-07T07:26:14.386835+00:00,02_vlm_polymer_real_only,6,6,4.2,5.6,60.43,47.31,NVIDIA GeForce RTX 4090,35,98.49,49,2615.6,24564.0,
2026-09-07T07:26:24.397921+00:00,02_vlm_polymer_real_only,6,6,4.2,5.63,60.43,47.31,NVIDIA GeForce RTX 4090,35,98.89,55,2615.6,24564.0,
2026-09-07T07:26:34.411453+00:00,02_vlm_polymer_real_only,6,6,4.2,5.65,60.43,47.31,NVIDIA GeForce RTX 4090,35,103.11,60,2615.6,24564.0,
2026-09-07T07:26:44.423244+00:00,02_vlm_polymer_real_only,6,6,4.2,5.66,60.43,47.31,NVIDIA GeForce RTX 4090,35,100.38,40,2615.6,24564.0,
2026-09-07T07:26:54.434158+00:00,02_vlm_polymer_real_only,6,6,4.2,5.62,60.43,47.31,NVIDIA GeForce RTX 4090,35,102.67,49,2615.6,24564.0,
2026-09-07T07:27:04.445195+00:00,02_vlm_polymer_real_only,6,6,4.2,5.62,60.43,47.31,NVIDIA GeForce RTX 4090,36,97.33,16,2615.6,24564.0,
2026-09-07T07:27:14.456352+00:00,02_vlm_polymer_real_only,6,6,4.2,5.6,60.43,47.31,NVIDIA GeForce RTX 4090,36,102.19,21,2615.6,24564.0,
2026-09-07T07:27:24.469193+00:00,02_vlm_polymer_real_only,6,6,4.2,5.58,60.43,47.31,NVIDIA GeForce RTX 4090,35,101.07,52,2615.6,24564.0,
2026-09-07T07:27:34.480187+00:00,02_vlm_polymer_real_only,6,6,4.2,5.57,60.43,47.31,NVIDIA GeForce RTX 4090,35,103.2,46,2615.6,24564.0,
2026-09-07T07:27:44.491053+00:00,02_vlm_polymer_real_only,6,6,4.2,5.57,60.43,47.31,NVIDIA GeForce RTX 4090,36,103.31,65,2615.6,24564.0,
2026-09-07T07:27:54.502136+00:00,02_vlm_polymer_real_only,6,6,4.2,5.58,60.43,47.31,NVIDIA GeForce RTX 4090,35,100.26,31,2615.6,24564.0,
2026-09-07T07:28:04.515497+00:00,02_vlm_polymer_real_only,6,6,4.2,5.59,60.43,47.31,NVIDIA GeForce RTX 4090,35,102.48,31,2615.6,24564.0,
2026-09-07T07:28:14.526714+00:00,02_vlm_polymer_real_only,6,6,4.2,5.57,60.43,47.31,NVIDIA GeForce RTX 4090,35,99.21,17,2615.6,24564.0,
2026-09-07T07:28:24.537958+00:00,02_vlm_polymer_real_only,6,6,4.2,5.59,60.43,47.31,NVIDIA GeForce RTX 4090,36,101.89,41,2615.6,24564.0,
2026-09-07T07:28:34.548884+00:00,02_vlm_polymer_real_only,6,6,4.2,5.61,60.43,47.31,NVIDIA GeForce RTX 4090,37,99.92,32,2615.6,24564.0,
2026-09-07T07:28:44.560035+00:00,02_vlm_polymer_real_only,6,6,4.2,5.59,60.43,47.31,NVIDIA GeForce RTX 4090,36,101.08,36,2615.6,24564.0,
2026-09-07T07:28:54.571248+00:00,02_vlm_polymer_real_only,6,6,4.2,5.58,60.43,47.31,NVIDIA GeForce RTX 4090,35,89.21,28,2615.6,24564.0,
2026-09-07T07:29:04.582270+00:00,02_vlm_polymer_real_only,6,6,4.2,5.58,60.43,47.31,NVIDIA GeForce RTX 4090,35,91.71,33,2615.6,24564.0,
2026-09-07T07:29:14.593387+00:00,02_vlm_polymer_real_only,6,6,4.0,5.59,60.43,47.31,NVIDIA GeForce RTX 4090,35,102.9,0,2615.6,24564.0,
2026-09-07T07:29:24.604140+00:00,02_vlm_polymer_real_only,6,6,4.2,5.62,60.43,47.31,NVIDIA GeForce RTX 4090,36,100.37,32,2615.6,24564.0,
2026-09-07T07:29:34.614899+00:00,02_vlm_polymer_real_only,6,6,4.2,5.59,60.43,47.31,NVIDIA GeForce RTX 4090,35,103.49,33,2615.6,24564.0,
2026-09-07T07:29:44.625813+00:00,02_vlm_polymer_real_only,6,6,4.2,5.59,60.43,47.31,NVIDIA GeForce RTX 4090,35,103.8,9,2615.6,24564.0,
2026-09-07T07:29:54.637158+00:00,02_vlm_polymer_real_only,6,6,4.2,5.6,60.43,47.31,NVIDIA GeForce RTX 4090,35,101.47,22,2615.6,24564.0,
2026-09-07T07:30:04.648041+00:00,02_vlm_polymer_real_only,6,6,4.2,5.61,60.43,47.31,NVIDIA GeForce RTX 4090,36,100.57,53,2615.6,24564.0,
2026-09-07T07:30:14.659768+00:00,02_vlm_polymer_real_only,6,6,4.2,5.57,60.43,47.31,NVIDIA GeForce RTX 4090,35,100.13,28,2615.6,24564.0,
2026-09-07T07:30:24.671122+00:00,02_vlm_polymer_real_only,6,6,4.2,5.6,60.43,47.31,NVIDIA GeForce RTX 4090,35,100.37,27,2615.6,24564.0,
2026-09-07T07:30:34.683823+00:00,02_vlm_polymer_real_only,6,6,4.2,5.63,60.43,47.31,NVIDIA GeForce RTX 4090,35,101.95,53,2615.6,24564.0,
2026-09-07T07:30:44.695312+00:00,02_vlm_polymer_real_only,6,6,4.2,5.62,60.43,47.31,NVIDIA GeForce RTX 4090,36,101.13,64,2615.6,24564.0,
2026-09-07T07:30:54.706254+00:00,02_vlm_polymer_real_only,6,6,4.2,5.6,60.43,47.31,NVIDIA GeForce RTX 4090,36,102.69,53,2615.6,24564.0,
2026-09-07T07:31:04.718122+00:00,02_vlm_polymer_real_only,6,6,4.2,5.65,60.43,47.31,NVIDIA GeForce RTX 4090,36,100.9,46,2615.6,24564.0,
2026-09-07T07:31:14.729274+00:00,02_vlm_polymer_real_only,6,6,4.2,5.62,60.43,47.31,NVIDIA GeForce RTX 4090,35,100.5,48,2615.6,24564.0,
2026-09-07T07:31:24.740856+00:00,02_vlm_polymer_real_only,6,6,4.2,5.6,60.43,47.31,NVIDIA GeForce RTX 4090,35,102.02,22,2615.6,24564.0,
2026-09-07T07:31:34.751903+00:00,02_vlm_polymer_real_only,6,6,4.2,5.6,60.43,47.31,NVIDIA GeForce RTX 4090,36,100.31,61,2615.6,24564.0,
2026-09-07T07:31:44.763198+00:00,02_vlm_polymer_real_only,6,6,4.2,5.58,60.43,47.31,NVIDIA GeForce RTX 4090,36,102.09,42,2615.6,24564.0,
2026-09-07T07:31:54.774281+00:00,02_vlm_polymer_real_only,6,6,4.2,5.57,60.43,47.31,NVIDIA GeForce RTX 4090,37,99.41,63,2615.6,24564.0,
2026-09-07T07:32:04.785324+00:00,02_vlm_polymer_real_only,6,6,4.2,5.56,60.43,47.31,NVIDIA GeForce RTX 4090,35,102.07,7,2610.1,24564.0,
2026-09-07T07:32:14.796898+00:00,02_vlm_polymer_real_only,6,6,4.2,5.56,60.43,47.31,NVIDIA GeForce RTX 4090,35,102.22,15,2610.1,24564.0,
2026-09-07T07:32:24.808521+00:00,02_vlm_polymer_real_only,6,6,4.2,5.61,60.43,47.31,NVIDIA GeForce RTX 4090,34,89.41,29,2610.1,24564.0,
2026-09-07T07:32:34.819410+00:00,02_vlm_polymer_real_only,6,6,4.2,5.63,60.43,47.31,NVIDIA GeForce RTX 4090,35,89.81,31,2610.1,24564.0,
2026-09-07T07:32:44.830750+00:00,02_vlm_polymer_real_only,6,6,3.3,5.6,60.43,47.31,NVIDIA GeForce RTX 4090,33,61.56,0,3026.1,24564.0,
2026-09-07T07:32:54.843043+00:00,02_vlm_polymer_real_only,6,6,4.2,5.63,60.43,47.31,NVIDIA GeForce RTX 4090,35,91.67,44,3228.1,24564.0,
2026-09-07T07:33:04.855437+00:00,02_vlm_polymer_real_only,7,7,3.9,4.59,60.43,47.31,NVIDIA GeForce RTX 4090,33,46.75,0,628.8,24564.0,
2026-09-07T07:33:14.866550+00:00,02_vlm_polymer_real_only,7,7,3.2,5.57,60.43,47.31,NVIDIA GeForce RTX 4090,36,103.59,22,2610.1,24564.0,
2026-09-07T07:33:24.877714+00:00,02_vlm_polymer_real_only,7,7,4.2,5.61,60.43,47.31,NVIDIA GeForce RTX 4090,35,103.67,17,2610.1,24564.0,
2026-09-07T07:33:34.890028+00:00,02_vlm_polymer_real_only,7,7,4.2,5.57,60.43,47.31,NVIDIA GeForce RTX 4090,35,96.68,16,2610.1,24564.0,
2026-09-07T07:33:44.901791+00:00,02_vlm_polymer_real_only,7,7,4.2,5.57,60.43,47.31,NVIDIA GeForce RTX 4090,35,100.21,16,2610.1,24564.0,
2026-09-07T07:33:54.913172+00:00,02_vlm_polymer_real_only,7,7,4.2,5.55,60.43,47.31,NVIDIA GeForce RTX 4090,34,102.93,64,2610.1,24564.0,
2026-09-07T07:34:04.924226+00:00,02_vlm_polymer_real_only,7,7,4.2,5.56,60.43,47.31,NVIDIA GeForce RTX 4090,34,100.26,41,2610.1,24564.0,
2026-09-07T07:34:14.935767+00:00,02_vlm_polymer_real_only,7,7,4.2,5.54,60.43,47.31,NVIDIA GeForce RTX 4090,36,103.9,44,2610.1,24564.0,
2026-09-07T07:34:24.946845+00:00,02_vlm_polymer_real_only,7,7,4.2,5.57,60.43,47.31,NVIDIA GeForce RTX 4090,35,100.74,34,2610.1,24564.0,
2026-09-07T07:34:34.959504+00:00,02_vlm_polymer_real_only,7,7,4.2,5.57,60.43,47.31,NVIDIA GeForce RTX 4090,36,99.24,25,2610.1,24564.0,
2026-09-07T07:34:44.970623+00:00,02_vlm_polymer_real_only,7,7,4.2,5.56,60.43,47.31,NVIDIA GeForce RTX 4090,35,100.04,60,2610.1,24564.0,
2026-09-07T07:34:54.981824+00:00,02_vlm_polymer_real_only,7,7,4.2,5.52,60.43,47.31,NVIDIA GeForce RTX 4090,36,102.22,39,2610.1,24564.0,
2026-09-07T07:35:04.993294+00:00,02_vlm_polymer_real_only,7,7,4.2,5.55,60.43,47.31,NVIDIA GeForce RTX 4090,35,100.5,35,2610.1,24564.0,
2026-09-07T07:35:15.004354+00:00,02_vlm_polymer_real_only,7,7,4.2,5.57,60.43,47.31,NVIDIA GeForce RTX 4090,35,102.86,24,2610.1,24564.0,
2026-09-07T07:35:25.015648+00:00,02_vlm_polymer_real_only,7,7,4.2,5.52,60.43,47.31,NVIDIA GeForce RTX 4090,36,100.09,39,2610.1,24564.0,
2026-09-07T07:35:35.026840+00:00,02_vlm_polymer_real_only,7,7,4.2,5.58,60.43,47.31,NVIDIA GeForce RTX 4090,35,100.34,37,2610.1,24564.0,
2026-09-07T07:35:45.037723+00:00,02_vlm_polymer_real_only,7,7,4.2,5.57,60.43,47.31,NVIDIA GeForce RTX 4090,35,99.49,11,2610.1,24564.0,
2026-09-07T07:35:55.048848+00:00,02_vlm_polymer_real_only,7,7,4.2,5.5,60.43,47.31,NVIDIA GeForce RTX 4090,36,102.28,59,2610.1,24564.0,
2026-09-07T07:36:05.060348+00:00,02_vlm_polymer_real_only,7,7,4.2,5.53,60.43,47.31,NVIDIA GeForce RTX 4090,36,104.45,63,2610.1,24564.0,
2026-09-07T07:36:15.071466+00:00,02_vlm_polymer_real_only,7,7,4.2,5.52,60.43,47.31,NVIDIA GeForce RTX 4090,37,99.62,16,2610.1,24564.0,
2026-09-07T07:36:25.082745+00:00,02_vlm_polymer_real_only,7,7,4.2,5.57,60.43,47.31,NVIDIA GeForce RTX 4090,36,91.42,38,2610.1,24564.0,
2026-09-07T07:36:35.093648+00:00,02_vlm_polymer_real_only,7,7,4.2,5.57,60.43,47.31,NVIDIA GeForce RTX 4090,34,89.43,25,2610.1,24564.0,
2026-09-07T07:36:45.104899+00:00,02_vlm_polymer_real_only,7,7,4.0,5.61,60.43,47.29,NVIDIA GeForce RTX 4090,34,99.22,38,2610.1,24564.0,
2026-09-07T07:36:55.115818+00:00,02_vlm_polymer_real_only,7,7,4.2,5.6,60.43,47.29,NVIDIA GeForce RTX 4090,35,102.51,46,2610.1,24564.0,
2026-09-07T07:37:05.126821+00:00,02_vlm_polymer_real_only,7,7,4.2,5.59,60.43,47.29,NVIDIA GeForce RTX 4090,36,103.98,45,2610.1,24564.0,
2026-09-07T07:37:15.138118+00:00,02_vlm_polymer_real_only,7,7,4.2,5.6,60.43,47.29,NVIDIA GeForce RTX 4090,35,100.7,46,2610.1,24564.0,
2026-09-07T07:37:25.148885+00:00,02_vlm_polymer_real_only,7,7,4.2,5.6,60.43,47.29,NVIDIA GeForce RTX 4090,35,103.67,61,2610.1,24564.0,
2026-09-07T07:37:35.159858+00:00,02_vlm_polymer_real_only,7,7,4.2,5.58,60.43,47.29,NVIDIA GeForce RTX 4090,36,100.25,53,2610.1,24564.0,
2026-09-07T07:37:45.170906+00:00,02_vlm_polymer_real_only,7,7,4.2,5.61,60.43,47.29,NVIDIA GeForce RTX 4090,35,99.28,34,2610.1,24564.0,
2026-09-07T07:37:55.181890+00:00,02_vlm_polymer_real_only,7,7,4.2,5.59,60.43,47.29,NVIDIA GeForce RTX 4090,35,102.26,0,2610.1,24564.0,
2026-09-07T07:38:05.192898+00:00,02_vlm_polymer_real_only,7,7,4.2,5.62,60.43,47.29,NVIDIA GeForce RTX 4090,36,103.85,57,2610.1,24564.0,
2026-09-07T07:38:15.205059+00:00,02_vlm_polymer_real_only,7,7,4.2,5.63,60.43,47.29,NVIDIA GeForce RTX 4090,35,101.03,41,2610.1,24564.0,
2026-09-07T07:38:25.216227+00:00,02_vlm_polymer_real_only,7,7,4.2,5.58,60.43,47.29,NVIDIA GeForce RTX 4090,35,103.37,4,2610.1,24564.0,
2026-09-07T07:38:35.227331+00:00,02_vlm_polymer_real_only,7,7,4.2,5.58,60.43,47.29,NVIDIA GeForce RTX 4090,36,103.5,57,2610.1,24564.0,
2026-09-07T07:38:45.238228+00:00,02_vlm_polymer_real_only,7,7,4.2,5.58,60.43,47.29,NVIDIA GeForce RTX 4090,36,100.73,18,2610.1,24564.0,
2026-09-07T07:38:55.249340+00:00,02_vlm_polymer_real_only,7,7,4.2,5.58,60.43,47.29,NVIDIA GeForce RTX 4090,36,99.26,35,2610.1,24564.0,
2026-09-07T07:39:05.260284+00:00,02_vlm_polymer_real_only,7,7,4.2,5.57,60.43,47.29,NVIDIA GeForce RTX 4090,36,101.87,31,2610.1,24564.0,
2026-09-07T07:39:15.271523+00:00,02_vlm_polymer_real_only,7,7,4.2,5.57,60.43,47.29,NVIDIA GeForce RTX 4090,36,102.89,17,2610.1,24564.0,
2026-09-07T07:39:25.283810+00:00,02_vlm_polymer_real_only,7,7,4.2,5.57,60.43,47.29,NVIDIA GeForce RTX 4090,35,103.15,28,2610.1,24564.0,
2026-09-07T07:39:35.294855+00:00,02_vlm_polymer_real_only,7,7,4.2,5.57,60.43,47.29,NVIDIA GeForce RTX 4090,36,100.8,46,2610.1,24564.0,
2026-09-07T07:39:45.307799+00:00,02_vlm_polymer_real_only,7,7,4.2,5.58,60.43,47.29,NVIDIA GeForce RTX 4090,37,99.91,39,2610.1,24564.0,
2026-09-07T07:39:55.319481+00:00,02_vlm_polymer_real_only,7,7,4.2,5.6,60.43,47.29,NVIDIA GeForce RTX 4090,35,103.52,54,2610.1,24564.0,
2026-09-07T07:40:05.330413+00:00,02_vlm_polymer_real_only,7,7,4.2,5.58,60.43,47.29,NVIDIA GeForce RTX 4090,35,89.11,29,2610.1,24564.0,
2026-09-07T07:40:15.342054+00:00,02_vlm_polymer_real_only,7,7,4.2,5.59,60.43,47.29,NVIDIA GeForce RTX 4090,34,91.45,29,2610.1,24564.0,
2026-09-07T07:40:25.352886+00:00,02_vlm_polymer_real_only,7,7,4.0,5.58,60.43,47.29,NVIDIA GeForce RTX 4090,35,103.88,22,2610.1,24564.0,
2026-09-07T07:40:35.363729+00:00,02_vlm_polymer_real_only,7,7,4.2,5.59,60.43,47.29,NVIDIA GeForce RTX 4090,35,96.97,65,2610.1,24564.0,
2026-09-07T07:40:45.375645+00:00,02_vlm_polymer_real_only,7,7,4.2,5.61,60.43,47.29,NVIDIA GeForce RTX 4090,34,99.72,20,2610.1,24564.0,
2026-09-07T07:40:55.388650+00:00,02_vlm_polymer_real_only,7,7,4.2,5.59,60.43,47.29,NVIDIA GeForce RTX 4090,35,100.61,28,2610.1,24564.0,
2026-09-07T07:41:05.399563+00:00,02_vlm_polymer_real_only,7,7,4.2,5.58,60.43,47.29,NVIDIA GeForce RTX 4090,35,101.13,17,2610.1,24564.0,
2026-09-07T07:41:15.410858+00:00,02_vlm_polymer_real_only,7,7,4.2,5.6,60.43,47.29,NVIDIA GeForce RTX 4090,35,105.43,62,2610.1,24564.0,
2026-09-07T07:41:25.421656+00:00,02_vlm_polymer_real_only,7,7,4.2,5.59,60.43,47.29,NVIDIA GeForce RTX 4090,36,100.83,29,2610.1,24564.0,
2026-09-07T07:41:35.432748+00:00,02_vlm_polymer_real_only,7,7,4.2,5.57,60.43,47.29,NVIDIA GeForce RTX 4090,35,101.97,57,2610.1,24564.0,
2026-09-07T07:41:45.443795+00:00,02_vlm_polymer_real_only,7,7,4.2,5.57,60.43,47.29,NVIDIA GeForce RTX 4090,36,98.76,22,2610.1,24564.0,
2026-09-07T07:41:55.454867+00:00,02_vlm_polymer_real_only,7,7,4.2,5.66,60.43,47.29,NVIDIA GeForce RTX 4090,35,103.44,39,2610.1,24564.0,
2026-09-07T07:42:05.466225+00:00,02_vlm_polymer_real_only,7,7,4.2,5.61,60.43,47.29,NVIDIA GeForce RTX 4090,36,99.41,27,2610.1,24564.0,
2026-09-07T07:42:15.478243+00:00,02_vlm_polymer_real_only,7,7,4.2,5.61,60.43,47.29,NVIDIA GeForce RTX 4090,36,98.53,48,2610.1,24564.0,
2026-09-07T07:42:25.489332+00:00,02_vlm_polymer_real_only,7,7,4.2,5.59,60.43,47.29,NVIDIA GeForce RTX 4090,35,101.86,12,2610.1,24564.0,
2026-09-07T07:42:35.500310+00:00,02_vlm_polymer_real_only,7,7,4.2,5.57,60.43,47.29,NVIDIA GeForce RTX 4090,36,98.79,61,2610.1,24564.0,
2026-09-07T07:42:45.511235+00:00,02_vlm_polymer_real_only,7,7,4.2,5.57,60.43,47.29,NVIDIA GeForce RTX 4090,35,100.35,11,2610.1,24564.0,
2026-09-07T07:42:55.522318+00:00,02_vlm_polymer_real_only,7,7,4.2,5.58,60.43,47.29,NVIDIA GeForce RTX 4090,36,101.21,21,2610.1,24564.0,
2026-09-07T07:43:05.533483+00:00,02_vlm_polymer_real_only,7,7,4.2,5.59,60.43,47.29,NVIDIA GeForce RTX 4090,36,103.56,60,2610.1,24564.0,
2026-09-07T07:43:15.544446+00:00,02_vlm_polymer_real_only,7,7,4.2,5.56,60.43,47.29,NVIDIA GeForce RTX 4090,35,98.56,25,2610.1,24564.0,
2026-09-07T07:43:25.555542+00:00,02_vlm_polymer_real_only,7,7,4.2,5.56,60.43,47.29,NVIDIA GeForce RTX 4090,36,103.73,64,2610.1,24564.0,
2026-09-07T07:43:35.566352+00:00,02_vlm_polymer_real_only,7,7,4.2,5.56,60.43,47.29,NVIDIA GeForce RTX 4090,36,91.98,27,2610.1,24564.0,
2026-09-07T07:43:45.577653+00:00,02_vlm_polymer_real_only,7,7,4.2,5.57,60.43,47.29,NVIDIA GeForce RTX 4090,34,89.27,36,2610.1,24564.0,
2026-09-07T07:43:55.588732+00:00,02_vlm_polymer_real_only,7,7,4.2,5.57,60.43,47.29,NVIDIA GeForce RTX 4090,34,91.14,42,2610.1,24564.0,
2026-09-07T07:44:05.600285+00:00,02_vlm_polymer_real_only,7,7,4.2,5.57,60.43,47.29,NVIDIA GeForce RTX 4090,35,102.31,46,2610.1,24564.0,
2026-09-07T07:44:15.611064+00:00,02_vlm_polymer_real_only,7,7,4.2,5.6,60.43,47.29,NVIDIA GeForce RTX 4090,35,103.96,8,2610.1,24564.0,
2026-09-07T07:44:25.622130+00:00,02_vlm_polymer_real_only,7,7,4.2,5.62,60.43,47.29,NVIDIA GeForce RTX 4090,35,102.11,14,2610.1,24564.0,
2026-09-07T07:44:35.633341+00:00,02_vlm_polymer_real_only,7,7,4.2,5.59,60.43,47.29,NVIDIA GeForce RTX 4090,35,102.32,30,2610.1,24564.0,
2026-09-07T07:44:45.644192+00:00,02_vlm_polymer_real_only,7,7,4.2,5.63,60.43,47.29,NVIDIA GeForce RTX 4090,35,103.67,32,2610.1,24564.0,
2026-09-07T07:44:55.656006+00:00,02_vlm_polymer_real_only,7,7,4.2,5.59,60.43,47.29,NVIDIA GeForce RTX 4090,36,99.96,44,2610.1,24564.0,
2026-09-07T07:45:05.668835+00:00,02_vlm_polymer_real_only,7,7,4.2,5.59,60.43,47.29,NVIDIA GeForce RTX 4090,36,103.64,40,2610.1,24564.0,
2026-09-07T07:45:15.680148+00:00,02_vlm_polymer_real_only,7,7,4.2,5.62,60.43,47.29,NVIDIA GeForce RTX 4090,35,99.13,37,2610.1,24564.0,
2026-09-07T07:45:25.691231+00:00,02_vlm_polymer_real_only,7,7,4.2,5.64,60.43,47.29,NVIDIA GeForce RTX 4090,35,99.62,48,2610.1,24564.0,
2026-09-07T07:45:35.704438+00:00,02_vlm_polymer_real_only,7,7,4.2,5.63,60.43,47.29,NVIDIA GeForce RTX 4090,36,100.81,61,2610.1,24564.0,
2026-09-07T07:45:45.715878+00:00,02_vlm_polymer_real_only,7,7,4.2,5.61,60.43,47.29,NVIDIA GeForce RTX 4090,36,100.37,63,2610.1,24564.0,
2026-09-07T07:45:55.726717+00:00,02_vlm_polymer_real_only,7,7,4.2,5.61,60.43,47.29,NVIDIA GeForce RTX 4090,37,101.4,51,2610.1,24564.0,
2026-09-07T07:46:05.737836+00:00,02_vlm_polymer_real_only,7,7,4.2,5.59,60.43,47.29,NVIDIA GeForce RTX 4090,37,101.02,39,2610.1,24564.0,
2026-09-07T07:46:15.749134+00:00,02_vlm_polymer_real_only,7,7,4.2,5.6,60.43,47.29,NVIDIA GeForce RTX 4090,36,100.53,37,2610.1,24564.0,
2026-09-07T07:46:25.759978+00:00,02_vlm_polymer_real_only,7,7,4.2,5.58,60.43,47.29,NVIDIA GeForce RTX 4090,37,99.19,34,2610.1,24564.0,
2026-09-07T07:46:35.771305+00:00,02_vlm_polymer_real_only,7,7,4.2,5.59,60.43,47.29,NVIDIA GeForce RTX 4090,36,100.24,43,2610.1,24564.0,
2026-09-07T07:46:45.782839+00:00,02_vlm_polymer_real_only,7,7,4.2,5.61,60.43,47.29,NVIDIA GeForce RTX 4090,36,101.1,49,2610.1,24564.0,
2026-09-07T07:46:55.794020+00:00,02_vlm_polymer_real_only,7,7,4.2,5.61,60.43,47.29,NVIDIA GeForce RTX 4090,36,99.07,15,2610.1,24564.0,
2026-09-07T07:47:05.805694+00:00,02_vlm_polymer_real_only,7,7,4.2,5.59,60.43,47.29,NVIDIA GeForce RTX 4090,36,101.53,19,2610.1,24564.0,
2026-09-07T07:47:15.816485+00:00,02_vlm_polymer_real_only,7,7,4.2,5.58,60.43,47.29,NVIDIA GeForce RTX 4090,35,91.05,29,2610.1,24564.0,
2026-09-07T07:47:25.827848+00:00,02_vlm_polymer_real_only,7,7,4.2,5.59,60.43,47.29,NVIDIA GeForce RTX 4090,35,91.77,29,2610.1,24564.0,
2026-09-07T07:47:35.838647+00:00,02_vlm_polymer_real_only,7,7,4.2,5.6,60.43,47.29,NVIDIA GeForce RTX 4090,35,101.39,18,2610.1,24564.0,
2026-09-07T07:47:45.849453+00:00,02_vlm_polymer_real_only,7,7,4.2,5.6,60.43,47.29,NVIDIA GeForce RTX 4090,36,102.96,0,2610.1,24564.0,
2026-09-07T07:47:55.860318+00:00,02_vlm_polymer_real_only,7,7,4.2,5.58,60.43,47.29,NVIDIA GeForce RTX 4090,35,102.89,10,2610.1,24564.0,
2026-09-07T07:48:05.871564+00:00,02_vlm_polymer_real_only,7,7,4.2,5.59,60.43,47.29,NVIDIA GeForce RTX 4090,35,100.46,29,2610.1,24564.0,
2026-09-07T07:48:15.882848+00:00,02_vlm_polymer_real_only,7,7,4.2,5.61,60.43,47.29,NVIDIA GeForce RTX 4090,35,102.4,28,2610.1,24564.0,
2026-09-07T07:48:25.893810+00:00,02_vlm_polymer_real_only,7,7,4.2,5.58,60.43,47.29,NVIDIA GeForce RTX 4090,36,105.3,21,2610.1,24564.0,
2026-09-07T07:48:35.904793+00:00,02_vlm_polymer_real_only,7,7,4.2,5.56,60.43,47.29,NVIDIA GeForce RTX 4090,36,103.15,50,2610.1,24564.0,
2026-09-07T07:48:45.916070+00:00,02_vlm_polymer_real_only,7,7,4.2,5.62,60.43,47.29,NVIDIA GeForce RTX 4090,36,101.12,40,2610.1,24564.0,
2026-09-07T07:48:55.928003+00:00,02_vlm_polymer_real_only,7,7,4.2,5.62,60.43,47.29,NVIDIA GeForce RTX 4090,35,102.16,6,2610.1,24564.0,
2026-09-07T07:49:05.938829+00:00,02_vlm_polymer_real_only,7,7,4.2,5.56,60.43,47.29,NVIDIA GeForce RTX 4090,35,104.14,14,2610.1,24564.0,
2026-09-07T07:49:15.950175+00:00,02_vlm_polymer_real_only,7,7,4.2,5.56,60.43,47.29,NVIDIA GeForce RTX 4090,35,99.94,49,2610.1,24564.0,
2026-09-07T07:49:25.961301+00:00,02_vlm_polymer_real_only,7,7,4.2,5.64,60.43,47.29,NVIDIA GeForce RTX 4090,35,99.86,16,2610.1,24564.0,
2026-09-07T07:49:35.972547+00:00,02_vlm_polymer_real_only,7,7,4.2,5.59,60.43,47.29,NVIDIA GeForce RTX 4090,36,103.8,44,2610.1,24564.0,
2026-09-07T07:49:45.983273+00:00,02_vlm_polymer_real_only,7,7,4.2,5.55,60.43,47.29,NVIDIA GeForce RTX 4090,36,98.89,51,2610.1,24564.0,
2026-09-07T07:49:55.994504+00:00,02_vlm_polymer_real_only,7,7,4.2,5.55,60.43,47.29,NVIDIA GeForce RTX 4090,36,97.1,29,2610.1,24564.0,
2026-09-07T07:50:06.006885+00:00,02_vlm_polymer_real_only,7,7,4.2,5.56,60.43,47.29,NVIDIA GeForce RTX 4090,35,103.06,6,2610.1,24564.0,
2026-09-07T07:50:16.017895+00:00,02_vlm_polymer_real_only,7,7,4.2,5.56,60.43,47.29,NVIDIA GeForce RTX 4090,36,101.25,59,2610.1,24564.0,
2026-09-07T07:50:26.028654+00:00,02_vlm_polymer_real_only,7,7,4.2,5.55,60.43,47.29,NVIDIA GeForce RTX 4090,35,101.77,0,2610.1,24564.0,
2026-09-07T07:50:36.039637+00:00,02_vlm_polymer_real_only,7,7,4.2,5.55,60.43,47.29,NVIDIA GeForce RTX 4090,35,100.08,42,2610.1,24564.0,
2026-09-07T07:50:46.050853+00:00,02_vlm_polymer_real_only,7,7,4.2,5.57,60.43,47.29,NVIDIA GeForce RTX 4090,36,100.88,20,2610.1,24564.0,
2026-09-07T07:50:56.061861+00:00,02_vlm_polymer_real_only,7,7,4.2,5.55,60.43,47.29,NVIDIA GeForce RTX 4090,34,89.32,29,2610.1,24564.0,
2026-09-07T07:51:06.073362+00:00,02_vlm_polymer_real_only,7,7,4.2,5.56,60.43,47.29,NVIDIA GeForce RTX 4090,35,89.77,29,2610.1,24564.0,
2026-09-07T07:51:16.084715+00:00,02_vlm_polymer_real_only,7,7,3.6,5.57,60.43,47.29,NVIDIA GeForce RTX 4090,35,99.11,11,2610.1,24564.0,
2026-09-07T07:51:26.096174+00:00,02_vlm_polymer_real_only,7,7,4.2,5.55,60.43,47.29,NVIDIA GeForce RTX 4090,35,99.35,0,2610.1,24564.0,
2026-09-07T07:51:36.108977+00:00,02_vlm_polymer_real_only,7,7,4.2,5.55,60.43,47.29,NVIDIA GeForce RTX 4090,35,100.78,33,2610.1,24564.0,
2026-09-07T07:51:46.120394+00:00,02_vlm_polymer_real_only,7,7,4.2,5.56,60.43,47.29,NVIDIA GeForce RTX 4090,35,98.44,36,2610.1,24564.0,
2026-09-07T07:51:56.132644+00:00,02_vlm_polymer_real_only,7,7,4.2,5.56,60.43,47.29,NVIDIA GeForce RTX 4090,36,103.08,8,2610.1,24564.0,
2026-09-07T07:52:06.143700+00:00,02_vlm_polymer_real_only,7,7,4.2,5.56,60.43,47.29,NVIDIA GeForce RTX 4090,35,103.29,34,2610.1,24564.0,
2026-09-07T07:52:16.154549+00:00,02_vlm_polymer_real_only,7,7,4.2,5.57,60.43,47.29,NVIDIA GeForce RTX 4090,36,99.13,26,2610.1,24564.0,
2026-09-07T07:52:26.165972+00:00,02_vlm_polymer_real_only,7,7,4.2,5.56,60.43,47.29,NVIDIA GeForce RTX 4090,35,98.86,34,2610.1,24564.0,
2026-09-07T07:52:36.178786+00:00,02_vlm_polymer_real_only,7,7,4.2,5.56,60.43,47.29,NVIDIA GeForce RTX 4090,36,103.09,48,2610.1,24564.0,
2026-09-07T07:52:46.189871+00:00,02_vlm_polymer_real_only,7,7,4.2,5.56,60.43,47.29,NVIDIA GeForce RTX 4090,35,99.0,14,2610.1,24564.0,
2026-09-07T07:52:56.201168+00:00,02_vlm_polymer_real_only,7,7,4.2,5.57,60.43,47.29,NVIDIA GeForce RTX 4090,36,99.98,47,2610.1,24564.0,
2026-09-07T07:53:06.212002+00:00,02_vlm_polymer_real_only,7,7,4.2,5.57,60.43,47.29,NVIDIA GeForce RTX 4090,36,99.93,45,2610.1,24564.0,
2026-09-07T07:53:16.222814+00:00,02_vlm_polymer_real_only,7,7,4.2,5.57,60.43,47.29,NVIDIA GeForce RTX 4090,35,103.09,47,2610.1,24564.0,
2026-09-07T07:53:26.234036+00:00,02_vlm_polymer_real_only,7,7,4.2,5.6,60.43,47.29,NVIDIA GeForce RTX 4090,35,99.26,51,2610.1,24564.0,
2026-09-07T07:53:36.245293+00:00,02_vlm_polymer_real_only,7,7,4.2,5.58,60.43,47.29,NVIDIA GeForce RTX 4090,36,102.66,43,2610.1,24564.0,
2026-09-07T07:53:46.256258+00:00,02_vlm_polymer_real_only,7,7,4.2,5.57,60.43,47.29,NVIDIA GeForce RTX 4090,35,101.86,63,2610.1,24564.0,
2026-09-07T07:53:56.267121+00:00,02_vlm_polymer_real_only,7,7,4.2,5.61,60.43,47.29,NVIDIA GeForce RTX 4090,35,103.27,63,2610.1,24564.0,
2026-09-07T07:54:06.278837+00:00,02_vlm_polymer_real_only,7,7,4.2,5.6,60.43,47.29,NVIDIA GeForce RTX 4090,35,100.51,55,2610.1,24564.0,
2026-09-07T07:54:16.289997+00:00,02_vlm_polymer_real_only,7,7,4.2,5.56,60.43,47.29,NVIDIA GeForce RTX 4090,36,100.93,45,2610.1,24564.0,
2026-09-07T07:54:26.301714+00:00,02_vlm_polymer_real_only,7,7,4.2,5.55,60.43,47.29,NVIDIA GeForce RTX 4090,35,89.11,38,2610.1,24564.0,
2026-09-07T07:54:36.312808+00:00,02_vlm_polymer_real_only,7,7,4.2,5.56,60.43,47.29,NVIDIA GeForce RTX 4090,35,89.63,25,2610.1,24564.0,
2026-09-07T07:54:46.323755+00:00,02_vlm_polymer_real_only,7,7,3.4,5.6,60.43,47.29,NVIDIA GeForce RTX 4090,35,88.54,26,3228.1,24564.0,
2026-09-07T07:54:56.334847+00:00,02_vlm_polymer_real_only,7,7,4.2,5.6,60.43,47.29,NVIDIA GeForce RTX 4090,34,90.48,40,3228.1,24564.0,
2026-09-07T07:55:06.346134+00:00,02_vlm_polymer_real_only,8,8,3.5,4.67,60.43,47.29,NVIDIA GeForce RTX 4090,32,36.03,0,628.8,24564.0,
2026-09-07T07:55:16.357568+00:00,02_vlm_polymer_real_only,8,8,4.1,5.6,60.43,47.29,NVIDIA GeForce RTX 4090,35,99.76,54,2610.1,24564.0,
2026-09-07T07:55:26.368388+00:00,02_vlm_polymer_real_only,8,8,4.2,5.57,60.43,47.29,NVIDIA GeForce RTX 4090,34,101.21,49,2610.1,24564.0,
2026-09-07T07:55:36.379322+00:00,02_vlm_polymer_real_only,8,8,4.2,5.57,60.43,47.29,NVIDIA GeForce RTX 4090,35,99.52,59,2610.1,24564.0,
2026-09-07T07:55:46.391637+00:00,02_vlm_polymer_real_only,8,8,4.2,5.57,60.43,47.29,NVIDIA GeForce RTX 4090,35,102.78,39,2610.1,24564.0,
2026-09-07T07:55:56.402552+00:00,02_vlm_polymer_real_only,8,8,4.2,5.58,60.43,47.29,NVIDIA GeForce RTX 4090,35,101.2,63,2610.1,24564.0,
2026-09-07T07:56:06.414065+00:00,02_vlm_polymer_real_only,8,8,4.2,5.6,60.43,47.29,NVIDIA GeForce RTX 4090,34,102.31,37,2610.1,24564.0,
2026-09-07T07:56:16.425061+00:00,02_vlm_polymer_real_only,8,8,4.2,5.58,60.43,47.29,NVIDIA GeForce RTX 4090,35,100.93,21,2610.1,24564.0,
2026-09-07T07:56:26.437737+00:00,02_vlm_polymer_real_only,8,8,4.2,5.56,60.43,47.29,NVIDIA GeForce RTX 4090,36,102.98,62,2610.1,24564.0,
2026-09-07T07:56:36.450159+00:00,02_vlm_polymer_real_only,8,8,4.2,5.55,60.43,47.29,NVIDIA GeForce RTX 4090,35,101.66,0,2610.1,24564.0,
2026-09-07T07:56:46.463373+00:00,02_vlm_polymer_real_only,8,8,4.2,5.54,60.43,47.29,NVIDIA GeForce RTX 4090,35,99.72,51,2610.1,24564.0,
2026-09-07T07:56:56.474449+00:00,02_vlm_polymer_real_only,8,8,4.2,5.54,60.43,47.29,NVIDIA GeForce RTX 4090,35,102.59,0,2610.1,24564.0,
2026-09-07T07:57:06.485714+00:00,02_vlm_polymer_real_only,8,8,4.2,5.54,60.43,47.29,NVIDIA GeForce RTX 4090,36,102.88,20,2610.1,24564.0,
2026-09-07T07:57:16.496512+00:00,02_vlm_polymer_real_only,8,8,4.2,5.53,60.43,47.29,NVIDIA GeForce RTX 4090,35,101.35,18,2610.1,24564.0,
2026-09-07T07:57:26.508248+00:00,02_vlm_polymer_real_only,8,8,4.2,5.54,60.43,47.29,NVIDIA GeForce RTX 4090,36,98.99,49,2610.1,24564.0,
2026-09-07T07:57:36.519113+00:00,02_vlm_polymer_real_only,8,8,4.2,5.58,60.43,47.29,NVIDIA GeForce RTX 4090,36,101.05,0,2610.1,24564.0,
2026-09-07T07:57:46.530280+00:00,02_vlm_polymer_real_only,8,8,4.2,5.57,60.43,47.29,NVIDIA GeForce RTX 4090,36,99.57,9,2610.1,24564.0,
2026-09-07T07:57:56.541425+00:00,02_vlm_polymer_real_only,8,8,4.2,5.55,60.43,47.29,NVIDIA GeForce RTX 4090,35,100.2,32,2610.1,24564.0,
2026-09-07T07:58:06.552104+00:00,02_vlm_polymer_real_only,8,8,4.2,5.56,60.43,47.29,NVIDIA GeForce RTX 4090,35,103.43,67,2610.1,24564.0,
2026-09-07T07:58:16.562772+00:00,02_vlm_polymer_real_only,8,8,4.2,5.54,60.43,47.29,NVIDIA GeForce RTX 4090,36,98.86,32,2610.1,24564.0,
2026-09-07T07:58:26.575907+00:00,02_vlm_polymer_real_only,8,8,4.2,5.59,60.43,47.29,NVIDIA GeForce RTX 4090,35,90.61,28,2610.1,24564.0,
2026-09-07T07:58:36.586906+00:00,02_vlm_polymer_real_only,8,8,4.2,5.6,60.43,47.29,NVIDIA GeForce RTX 4090,35,90.24,29,2610.1,24564.0,
2026-09-07T07:58:46.597812+00:00,02_vlm_polymer_real_only,8,8,4.0,5.63,60.43,47.27,NVIDIA GeForce RTX 4090,34,103.11,41,2610.1,24564.0,
2026-09-07T07:58:56.608951+00:00,02_vlm_polymer_real_only,8,8,4.2,5.63,60.43,47.27,NVIDIA GeForce RTX 4090,35,98.86,70,2610.1,24564.0,
2026-09-07T07:59:06.620009+00:00,02_vlm_polymer_real_only,8,8,4.2,5.61,60.43,47.27,NVIDIA GeForce RTX 4090,35,99.04,33,2610.1,24564.0,
2026-09-07T07:59:16.630755+00:00,02_vlm_polymer_real_only,8,8,4.2,5.66,60.43,47.27,NVIDIA GeForce RTX 4090,36,102.86,37,2610.1,24564.0,
2026-09-07T07:59:26.641390+00:00,02_vlm_polymer_real_only,8,8,4.2,5.63,60.43,47.27,NVIDIA GeForce RTX 4090,35,98.23,47,2610.1,24564.0,
2026-09-07T07:59:36.652956+00:00,02_vlm_polymer_real_only,8,8,4.2,5.64,60.43,47.27,NVIDIA GeForce RTX 4090,36,100.33,46,2610.1,24564.0,
2026-09-07T07:59:46.664080+00:00,02_vlm_polymer_real_only,8,8,4.2,5.62,60.43,47.27,NVIDIA GeForce RTX 4090,35,98.92,48,2610.1,24564.0,
2026-09-07T07:59:56.675300+00:00,02_vlm_polymer_real_only,8,8,4.2,5.6,60.43,47.27,NVIDIA GeForce RTX 4090,36,101.82,31,2610.1,24564.0,
2026-09-07T08:00:06.686866+00:00,02_vlm_polymer_real_only,8,8,4.3,5.6,60.43,47.27,NVIDIA GeForce RTX 4090,35,97.82,0,2610.1,24564.0,
2026-09-07T08:00:16.697704+00:00,02_vlm_polymer_real_only,8,8,4.2,5.6,60.43,47.27,NVIDIA GeForce RTX 4090,35,100.48,28,2610.1,24564.0,
2026-09-07T08:00:26.708418+00:00,02_vlm_polymer_real_only,8,8,4.2,5.58,60.43,47.27,NVIDIA GeForce RTX 4090,36,100.22,29,2610.1,24564.0,
2026-09-07T08:00:36.720178+00:00,02_vlm_polymer_real_only,8,8,4.2,5.59,60.43,47.27,NVIDIA GeForce RTX 4090,36,101.33,55,2610.1,24564.0,
2026-09-07T08:00:46.730848+00:00,02_vlm_polymer_real_only,8,8,4.2,5.62,60.43,47.27,NVIDIA GeForce RTX 4090,36,99.96,41,2610.1,24564.0,
2026-09-07T08:00:56.741729+00:00,02_vlm_polymer_real_only,8,8,4.2,5.62,60.43,47.27,NVIDIA GeForce RTX 4090,35,101.71,35,2610.1,24564.0,
2026-09-07T08:01:06.752524+00:00,02_vlm_polymer_real_only,8,8,4.2,5.63,60.43,47.27,NVIDIA GeForce RTX 4090,35,102.41,59,2610.1,24564.0,
2026-09-07T08:01:16.763560+00:00,02_vlm_polymer_real_only,8,8,4.2,5.6,60.43,47.27,NVIDIA GeForce RTX 4090,35,101.88,42,2610.1,24564.0,
2026-09-07T08:01:26.774344+00:00,02_vlm_polymer_real_only,8,8,4.2,5.63,60.43,47.27,NVIDIA GeForce RTX 4090,35,103.7,63,2610.1,24564.0,
2026-09-07T08:01:36.785799+00:00,02_vlm_polymer_real_only,8,8,4.2,5.61,60.43,47.27,NVIDIA GeForce RTX 4090,35,101.3,45,2610.1,24564.0,
2026-09-07T08:01:46.796794+00:00,02_vlm_polymer_real_only,8,8,4.2,5.62,60.43,47.27,NVIDIA GeForce RTX 4090,36,98.95,18,2610.1,24564.0,
2026-09-07T08:01:56.809442+00:00,02_vlm_polymer_real_only,8,8,4.2,5.6,60.43,47.27,NVIDIA GeForce RTX 4090,35,90.97,26,2610.1,24564.0,
2026-09-07T08:02:06.820575+00:00,02_vlm_polymer_real_only,8,8,4.2,5.63,60.43,47.27,NVIDIA GeForce RTX 4090,34,90.9,26,2610.1,24564.0,
2026-09-07T08:02:16.831770+00:00,02_vlm_polymer_real_only,8,8,4.1,5.66,60.43,47.27,NVIDIA GeForce RTX 4090,35,82.2,0,2610.1,24564.0,
2026-09-07T08:02:26.842790+00:00,02_vlm_polymer_real_only,8,8,4.2,5.58,60.43,47.27,NVIDIA GeForce RTX 4090,36,99.21,35,2610.1,24564.0,
2026-09-07T08:02:36.853851+00:00,02_vlm_polymer_real_only,8,8,4.2,5.6,60.43,47.27,NVIDIA GeForce RTX 4090,35,100.27,32,2610.1,24564.0,
2026-09-07T08:02:46.864856+00:00,02_vlm_polymer_real_only,8,8,4.2,5.64,60.43,47.27,NVIDIA GeForce RTX 4090,35,96.63,63,2610.1,24564.0,
2026-09-07T08:02:56.876312+00:00,02_vlm_polymer_real_only,8,8,4.2,5.59,60.43,47.27,NVIDIA GeForce RTX 4090,36,100.81,24,2610.1,24564.0,
2026-09-07T08:03:06.887540+00:00,02_vlm_polymer_real_only,8,8,4.2,5.6,60.43,47.27,NVIDIA GeForce RTX 4090,36,101.42,37,2610.1,24564.0,
2026-09-07T08:03:16.898531+00:00,02_vlm_polymer_real_only,8,8,4.2,5.61,60.43,47.27,NVIDIA GeForce RTX 4090,35,103.56,19,2610.1,24564.0,
2026-09-07T08:03:26.909553+00:00,02_vlm_polymer_real_only,8,8,4.2,5.61,60.43,47.27,NVIDIA GeForce RTX 4090,36,102.5,42,2610.1,24564.0,
2026-09-07T08:03:36.921066+00:00,02_vlm_polymer_real_only,8,8,4.2,5.63,60.43,47.27,NVIDIA GeForce RTX 4090,35,97.82,1,2610.1,24564.0,
2026-09-07T08:03:46.933054+00:00,02_vlm_polymer_real_only,8,8,4.2,5.61,60.43,47.27,NVIDIA GeForce RTX 4090,36,99.98,63,2610.1,24564.0,
2026-09-07T08:03:56.946026+00:00,02_vlm_polymer_real_only,8,8,4.2,5.61,60.43,47.27,NVIDIA GeForce RTX 4090,35,97.97,18,2610.1,24564.0,
2026-09-07T08:04:06.957341+00:00,02_vlm_polymer_real_only,8,8,4.2,5.61,60.43,47.27,NVIDIA GeForce RTX 4090,36,100.32,36,2610.1,24564.0,
2026-09-07T08:04:16.968188+00:00,02_vlm_polymer_real_only,8,8,4.2,5.66,60.43,47.27,NVIDIA GeForce RTX 4090,35,99.82,26,2610.1,24564.0,
2026-09-07T08:04:26.979547+00:00,02_vlm_polymer_real_only,8,8,4.2,5.63,60.43,47.27,NVIDIA GeForce RTX 4090,35,102.23,38,2610.1,24564.0,
2026-09-07T08:04:36.992880+00:00,02_vlm_polymer_real_only,8,8,4.2,5.67,60.43,47.27,NVIDIA GeForce RTX 4090,37,101.36,37,2610.1,24564.0,
2026-09-07T08:04:47.004384+00:00,02_vlm_polymer_real_only,8,8,4.2,5.64,60.43,47.27,NVIDIA GeForce RTX 4090,36,102.04,48,2610.1,24564.0,
2026-09-07T08:04:57.015278+00:00,02_vlm_polymer_real_only,8,8,4.2,5.64,60.43,47.27,NVIDIA GeForce RTX 4090,36,97.97,50,2610.1,24564.0,
2026-09-07T08:05:07.026503+00:00,02_vlm_polymer_real_only,8,8,4.2,5.63,60.43,47.27,NVIDIA GeForce RTX 4090,36,100.05,41,2610.1,24564.0,
2026-09-07T08:05:17.037673+00:00,02_vlm_polymer_real_only,8,8,4.2,5.63,60.43,47.27,NVIDIA GeForce RTX 4090,35,100.39,50,2610.1,24564.0,
2026-09-07T08:05:27.048690+00:00,02_vlm_polymer_real_only,8,8,4.2,5.63,60.43,47.27,NVIDIA GeForce RTX 4090,35,102.43,53,2610.1,24564.0,
2026-09-07T08:05:37.059897+00:00,02_vlm_polymer_real_only,8,8,4.2,5.61,60.43,47.27,NVIDIA GeForce RTX 4090,35,91.18,29,2610.1,24564.0,
2026-09-07T08:05:47.071196+00:00,02_vlm_polymer_real_only,8,8,4.2,5.64,60.43,47.27,NVIDIA GeForce RTX 4090,35,91.2,28,2610.1,24564.0,
2026-09-07T08:05:57.082205+00:00,02_vlm_polymer_real_only,8,8,4.2,5.62,60.43,47.27,NVIDIA GeForce RTX 4090,34,100.8,44,2610.1,24564.0,
2026-09-07T08:06:07.093272+00:00,02_vlm_polymer_real_only,8,8,4.2,5.6,60.43,47.27,NVIDIA GeForce RTX 4090,35,101.72,7,2610.1,24564.0,
2026-09-07T08:06:17.104210+00:00,02_vlm_polymer_real_only,8,8,4.2,5.59,60.43,47.27,NVIDIA GeForce RTX 4090,36,100.61,0,2610.1,24564.0,
2026-09-07T08:06:27.115152+00:00,02_vlm_polymer_real_only,8,8,4.2,5.6,60.43,47.27,NVIDIA GeForce RTX 4090,35,100.5,65,2610.1,24564.0,
2026-09-07T08:06:37.128414+00:00,02_vlm_polymer_real_only,8,8,4.2,5.65,60.43,47.27,NVIDIA GeForce RTX 4090,36,102.96,0,2610.1,24564.0,
2026-09-07T08:06:47.140340+00:00,02_vlm_polymer_real_only,8,8,4.2,5.65,60.43,47.27,NVIDIA GeForce RTX 4090,36,103.88,28,2610.1,24564.0,
2026-09-07T08:06:57.151456+00:00,02_vlm_polymer_real_only,8,8,4.2,5.6,60.43,47.27,NVIDIA GeForce RTX 4090,36,100.4,41,2610.1,24564.0,
2026-09-07T08:07:07.162510+00:00,02_vlm_polymer_real_only,8,8,4.2,5.61,60.43,47.27,NVIDIA GeForce RTX 4090,35,97.06,0,2610.1,24564.0,
2026-09-07T08:07:17.173691+00:00,02_vlm_polymer_real_only,8,8,4.2,5.61,60.43,47.27,NVIDIA GeForce RTX 4090,35,98.64,17,2610.1,24564.0,
2026-09-07T08:07:27.184845+00:00,02_vlm_polymer_real_only,8,8,4.2,5.63,60.43,47.27,NVIDIA GeForce RTX 4090,35,100.21,35,2610.1,24564.0,
2026-09-07T08:07:37.196795+00:00,02_vlm_polymer_real_only,8,8,4.2,5.63,60.43,47.27,NVIDIA GeForce RTX 4090,36,103.75,42,2610.1,24564.0,
2026-09-07T08:07:47.208063+00:00,02_vlm_polymer_real_only,8,8,4.2,5.61,60.43,47.27,NVIDIA GeForce RTX 4090,35,103.14,54,2610.1,24564.0,
2026-09-07T08:07:57.219146+00:00,02_vlm_polymer_real_only,8,8,4.2,5.62,60.43,47.27,NVIDIA GeForce RTX 4090,36,97.99,20,2610.1,24564.0,
2026-09-07T08:08:07.230103+00:00,02_vlm_polymer_real_only,8,8,4.2,5.62,60.43,47.27,NVIDIA GeForce RTX 4090,36,100.8,34,2610.1,24564.0,
2026-09-07T08:08:17.241226+00:00,02_vlm_polymer_real_only,8,8,4.2,5.62,60.43,47.27,NVIDIA GeForce RTX 4090,36,103.34,24,2610.1,24564.0,
2026-09-07T08:08:27.252043+00:00,02_vlm_polymer_real_only,8,8,4.2,5.61,60.43,47.27,NVIDIA GeForce RTX 4090,36,103.58,31,2610.1,24564.0,
2026-09-07T08:08:37.263023+00:00,02_vlm_polymer_real_only,8,8,4.2,5.64,60.43,47.27,NVIDIA GeForce RTX 4090,36,103.11,28,2610.1,24564.0,
2026-09-07T08:08:47.274063+00:00,02_vlm_polymer_real_only,8,8,4.2,5.63,60.43,47.27,NVIDIA GeForce RTX 4090,36,100.58,45,2610.1,24564.0,
2026-09-07T08:08:57.285261+00:00,02_vlm_polymer_real_only,8,8,4.2,5.63,60.43,47.27,NVIDIA GeForce RTX 4090,36,100.52,11,2610.1,24564.0,
2026-09-07T08:09:07.296111+00:00,02_vlm_polymer_real_only,8,8,4.2,5.61,60.43,47.27,NVIDIA GeForce RTX 4090,36,90.32,28,2610.1,24564.0,
2026-09-07T08:09:17.307063+00:00,02_vlm_polymer_real_only,8,8,4.2,5.6,60.43,47.27,NVIDIA GeForce RTX 4090,35,91.09,45,2610.1,24564.0,
2026-09-07T08:09:27.318076+00:00,02_vlm_polymer_real_only,8,8,4.2,5.62,60.43,47.27,NVIDIA GeForce RTX 4090,35,93.71,67,2610.1,24564.0,
2026-09-07T08:09:37.328939+00:00,02_vlm_polymer_real_only,8,8,4.2,5.62,60.43,47.27,NVIDIA GeForce RTX 4090,35,100.13,58,2610.1,24564.0,
2026-09-07T08:09:47.340601+00:00,02_vlm_polymer_real_only,8,8,4.2,5.61,60.43,47.27,NVIDIA GeForce RTX 4090,35,104.58,25,2610.1,24564.0,
2026-09-07T08:09:57.351451+00:00,02_vlm_polymer_real_only,8,8,4.2,5.63,60.43,47.27,NVIDIA GeForce RTX 4090,35,101.66,63,2610.1,24564.0,
2026-09-07T08:10:07.362384+00:00,02_vlm_polymer_real_only,8,8,4.2,5.59,60.43,47.27,NVIDIA GeForce RTX 4090,36,100.6,0,2610.1,24564.0,
2026-09-07T08:10:17.373840+00:00,02_vlm_polymer_real_only,8,8,4.2,5.63,60.43,47.27,NVIDIA GeForce RTX 4090,35,102.19,54,2610.1,24564.0,
2026-09-07T08:10:27.384820+00:00,02_vlm_polymer_real_only,8,8,4.2,5.61,60.43,47.27,NVIDIA GeForce RTX 4090,36,104.76,64,2610.1,24564.0,
2026-09-07T08:10:37.396026+00:00,02_vlm_polymer_real_only,8,8,4.2,5.59,60.43,47.27,NVIDIA GeForce RTX 4090,36,103.56,63,2610.1,24564.0,
2026-09-07T08:10:47.407185+00:00,02_vlm_polymer_real_only,8,8,4.2,5.6,60.43,47.27,NVIDIA GeForce RTX 4090,36,103.64,63,2610.1,24564.0,
2026-09-07T08:10:57.418037+00:00,02_vlm_polymer_real_only,8,8,4.2,5.6,60.43,47.27,NVIDIA GeForce RTX 4090,36,103.3,45,2610.1,24564.0,
2026-09-07T08:11:07.429517+00:00,02_vlm_polymer_real_only,8,8,4.2,5.58,60.43,47.27,NVIDIA GeForce RTX 4090,35,100.17,30,2610.1,24564.0,
2026-09-07T08:11:17.440243+00:00,02_vlm_polymer_real_only,8,8,4.2,5.58,60.43,47.27,NVIDIA GeForce RTX 4090,35,98.86,16,2610.1,24564.0,
2026-09-07T08:11:27.451146+00:00,02_vlm_polymer_real_only,8,8,4.2,5.58,60.43,47.27,NVIDIA GeForce RTX 4090,36,101.02,46,2610.1,24564.0,
2026-09-07T08:11:37.462299+00:00,02_vlm_polymer_real_only,8,8,4.2,5.58,60.43,47.27,NVIDIA GeForce RTX 4090,35,100.6,1,2610.1,24564.0,
2026-09-07T08:11:47.476316+00:00,02_vlm_polymer_real_only,8,8,4.2,5.57,60.43,47.27,NVIDIA GeForce RTX 4090,35,102.8,31,2610.1,24564.0,
2026-09-07T08:11:57.487898+00:00,02_vlm_polymer_real_only,8,8,4.2,5.59,60.43,47.27,NVIDIA GeForce RTX 4090,36,101.79,34,2610.1,24564.0,
2026-09-07T08:12:07.498789+00:00,02_vlm_polymer_real_only,8,8,4.2,5.59,60.43,47.27,NVIDIA GeForce RTX 4090,36,100.48,20,2610.1,24564.0,
2026-09-07T08:12:17.509980+00:00,02_vlm_polymer_real_only,8,8,4.2,5.58,60.43,47.27,NVIDIA GeForce RTX 4090,36,101.33,29,2610.1,24564.0,
2026-09-07T08:12:27.520839+00:00,02_vlm_polymer_real_only,8,8,4.2,5.66,60.43,47.27,NVIDIA GeForce RTX 4090,36,101.3,24,2610.1,24564.0,
2026-09-07T08:12:37.531915+00:00,02_vlm_polymer_real_only,8,8,4.2,5.64,60.43,47.27,NVIDIA GeForce RTX 4090,36,103.93,26,2610.1,24564.0,
2026-09-07T08:12:47.542862+00:00,02_vlm_polymer_real_only,8,8,4.2,5.61,60.43,47.27,NVIDIA GeForce RTX 4090,35,91.86,25,2610.1,24564.0,
2026-09-07T08:12:57.554177+00:00,02_vlm_polymer_real_only,8,8,4.2,5.58,60.43,47.27,NVIDIA GeForce RTX 4090,35,92.09,25,2610.1,24564.0,
2026-09-07T08:13:07.565142+00:00,02_vlm_polymer_real_only,8,8,4.2,5.59,60.43,47.27,NVIDIA GeForce RTX 4090,36,103.49,30,2610.1,24564.0,
2026-09-07T08:13:17.577020+00:00,02_vlm_polymer_real_only,8,8,4.2,5.58,60.43,47.27,NVIDIA GeForce RTX 4090,35,99.3,17,2610.1,24564.0,
2026-09-07T08:13:27.590023+00:00,02_vlm_polymer_real_only,8,8,4.2,5.63,60.43,47.27,NVIDIA GeForce RTX 4090,36,100.68,7,2610.1,24564.0,
2026-09-07T08:13:37.601052+00:00,02_vlm_polymer_real_only,8,8,4.2,5.61,60.43,47.27,NVIDIA GeForce RTX 4090,35,100.49,22,2610.1,24564.0,
2026-09-07T08:13:47.612051+00:00,02_vlm_polymer_real_only,8,8,4.2,5.6,60.43,47.27,NVIDIA GeForce RTX 4090,35,99.84,47,2610.1,24564.0,
2026-09-07T08:13:57.622925+00:00,02_vlm_polymer_real_only,8,8,4.2,5.63,60.43,47.27,NVIDIA GeForce RTX 4090,35,100.55,30,2610.1,24564.0,
2026-09-07T08:14:07.634467+00:00,02_vlm_polymer_real_only,8,8,4.2,5.65,60.43,47.27,NVIDIA GeForce RTX 4090,35,99.99,47,2610.1,24564.0,
2026-09-07T08:14:17.646112+00:00,02_vlm_polymer_real_only,8,8,4.2,5.66,60.43,47.27,NVIDIA GeForce RTX 4090,35,99.84,29,2610.1,24564.0,
2026-09-07T08:14:27.658112+00:00,02_vlm_polymer_real_only,8,8,4.2,5.63,60.43,47.27,NVIDIA GeForce RTX 4090,35,99.78,23,2610.1,24564.0,
2026-09-07T08:14:37.670757+00:00,02_vlm_polymer_real_only,8,8,4.2,5.6,60.43,47.27,NVIDIA GeForce RTX 4090,36,103.59,0,2610.1,24564.0,
2026-09-07T08:14:47.681468+00:00,02_vlm_polymer_real_only,8,8,4.2,5.65,60.43,47.27,NVIDIA GeForce RTX 4090,35,99.47,5,2610.1,24564.0,
2026-09-07T08:14:57.692938+00:00,02_vlm_polymer_real_only,8,8,4.2,5.62,60.43,47.27,NVIDIA GeForce RTX 4090,35,99.24,39,2610.1,24564.0,
2026-09-07T08:15:07.703972+00:00,02_vlm_polymer_real_only,8,8,4.2,5.61,60.43,47.27,NVIDIA GeForce RTX 4090,35,99.25,43,2610.1,24564.0,
2026-09-07T08:15:17.715410+00:00,02_vlm_polymer_real_only,8,8,4.2,5.61,60.43,47.27,NVIDIA GeForce RTX 4090,35,99.39,48,2610.1,24564.0,
2026-09-07T08:15:27.726229+00:00,02_vlm_polymer_real_only,8,8,4.2,5.62,60.43,47.27,NVIDIA GeForce RTX 4090,36,102.78,0,2610.1,24564.0,
2026-09-07T08:15:37.737145+00:00,02_vlm_polymer_real_only,8,8,4.2,5.65,60.43,47.27,NVIDIA GeForce RTX 4090,36,101.85,22,2610.1,24564.0,
2026-09-07T08:15:47.747902+00:00,02_vlm_polymer_real_only,8,8,4.2,5.61,60.43,47.27,NVIDIA GeForce RTX 4090,35,103.05,58,2610.1,24564.0,
2026-09-07T08:15:57.759050+00:00,02_vlm_polymer_real_only,8,8,4.2,5.63,60.43,47.27,NVIDIA GeForce RTX 4090,36,100.67,27,2610.1,24564.0,
2026-09-07T08:16:07.770421+00:00,02_vlm_polymer_real_only,8,8,4.2,5.6,60.43,47.27,NVIDIA GeForce RTX 4090,36,100.74,45,2610.1,24564.0,
2026-09-07T08:16:17.781639+00:00,02_vlm_polymer_real_only,8,8,4.2,5.59,60.43,47.27,NVIDIA GeForce RTX 4090,35,93.49,28,2610.1,24564.0,
2026-09-07T08:16:27.792616+00:00,02_vlm_polymer_real_only,8,8,4.2,5.58,60.43,47.27,NVIDIA GeForce RTX 4090,34,89.47,29,2610.1,24564.0,
2026-09-07T08:16:37.803532+00:00,02_vlm_polymer_real_only,8,8,4.2,5.62,60.43,47.27,NVIDIA GeForce RTX 4090,35,91.11,29,2610.1,24564.0,
2026-09-07T08:16:47.814854+00:00,02_vlm_polymer_real_only,8,8,0.0,5.61,60.43,47.27,NVIDIA GeForce RTX 4090,33,61.52,0,2610.1,24564.0,
2026-09-07T08:16:57.825618+00:00,02_vlm_polymer_real_only,8,8,2.3,5.64,60.43,47.27,NVIDIA GeForce RTX 4090,34,91.71,36,3228.1,24564.0,
2026-09-07T08:17:07.836775+00:00,02_vlm_polymer_real_only,8,8,4.2,5.63,60.43,47.27,NVIDIA GeForce RTX 4090,34,92.16,37,3228.1,24564.0,
2026-09-07T08:17:17.847759+00:00,02_vlm_polymer_real_only,9,9,3.0,5.53,60.43,47.27,NVIDIA GeForce RTX 4090,34,97.15,4,2608.1,24564.0,
2026-09-07T08:17:27.859678+00:00,02_vlm_polymer_real_only,9,9,4.2,5.56,60.43,47.27,NVIDIA GeForce RTX 4090,35,95.57,68,2610.1,24564.0,
2026-09-07T08:17:37.870813+00:00,02_vlm_polymer_real_only,9,9,4.2,5.6,60.43,47.27,NVIDIA GeForce RTX 4090,34,103.02,0,2610.1,24564.0,
2026-09-07T08:17:47.882133+00:00,02_vlm_polymer_real_only,9,9,4.2,5.54,60.43,47.27,NVIDIA GeForce RTX 4090,34,100.19,32,2610.1,24564.0,
2026-09-07T08:17:57.893153+00:00,02_vlm_polymer_real_only,9,9,4.2,5.55,60.43,47.27,NVIDIA GeForce RTX 4090,35,99.42,22,2610.1,24564.0,
2026-09-07T08:18:07.903931+00:00,02_vlm_polymer_real_only,9,9,4.2,5.56,60.43,47.27,NVIDIA GeForce RTX 4090,35,96.79,47,2610.1,24564.0,
2026-09-07T08:18:17.915023+00:00,02_vlm_polymer_real_only,9,9,4.2,5.59,60.43,47.27,NVIDIA GeForce RTX 4090,34,102.79,20,2610.1,24564.0,
2026-09-07T08:18:27.927519+00:00,02_vlm_polymer_real_only,9,9,4.2,5.56,60.43,47.27,NVIDIA GeForce RTX 4090,35,99.39,58,2610.1,24564.0,
2026-09-07T08:18:37.938658+00:00,02_vlm_polymer_real_only,9,9,4.2,5.53,60.43,47.27,NVIDIA GeForce RTX 4090,34,100.78,15,2610.1,24564.0,
2026-09-07T08:18:47.949767+00:00,02_vlm_polymer_real_only,9,9,4.2,5.6,60.43,47.27,NVIDIA GeForce RTX 4090,35,102.5,56,2610.1,24564.0,
2026-09-07T08:18:57.960895+00:00,02_vlm_polymer_real_only,9,9,4.2,5.56,60.43,47.27,NVIDIA GeForce RTX 4090,37,102.7,39,2610.1,24564.0,
2026-09-07T08:19:07.971764+00:00,02_vlm_polymer_real_only,9,9,4.2,5.57,60.43,47.27,NVIDIA GeForce RTX 4090,34,100.79,30,2610.1,24564.0,
2026-09-07T08:19:17.982725+00:00,02_vlm_polymer_real_only,9,9,4.2,5.58,60.43,47.27,NVIDIA GeForce RTX 4090,35,103.53,34,2610.1,24564.0,
2026-09-07T08:19:27.995490+00:00,02_vlm_polymer_real_only,9,9,4.2,5.55,60.43,47.27,NVIDIA GeForce RTX 4090,36,103.32,35,2610.1,24564.0,
2026-09-07T08:19:38.007142+00:00,02_vlm_polymer_real_only,9,9,4.2,5.54,60.43,47.27,NVIDIA GeForce RTX 4090,35,98.03,3,2610.1,24564.0,
2026-09-07T08:19:48.018084+00:00,02_vlm_polymer_real_only,9,9,4.2,5.53,60.43,47.27,NVIDIA GeForce RTX 4090,36,100.88,34,2610.1,24564.0,
2026-09-07T08:19:58.028981+00:00,02_vlm_polymer_real_only,9,9,4.2,5.53,60.43,47.27,NVIDIA GeForce RTX 4090,35,102.86,35,2610.1,24564.0,
2026-09-07T08:20:08.040111+00:00,02_vlm_polymer_real_only,9,9,4.2,5.57,60.43,47.27,NVIDIA GeForce RTX 4090,36,99.36,18,2610.1,24564.0,
2026-09-07T08:20:18.051485+00:00,02_vlm_polymer_real_only,9,9,4.2,5.59,60.43,47.27,NVIDIA GeForce RTX 4090,35,102.02,33,2610.1,24564.0,
2026-09-07T08:20:28.062298+00:00,02_vlm_polymer_real_only,9,9,4.2,5.61,60.43,47.27,NVIDIA GeForce RTX 4090,35,101.94,45,2610.1,24564.0,
2026-09-07T08:20:38.073341+00:00,02_vlm_polymer_real_only,9,9,4.2,5.64,60.43,47.27,NVIDIA GeForce RTX 4090,34,90.01,25,2610.1,24564.0,
2026-09-07T08:20:48.084391+00:00,02_vlm_polymer_real_only,9,9,4.2,5.63,60.43,47.27,NVIDIA GeForce RTX 4090,35,92.0,37,2610.1,24564.0,
2026-09-07T08:20:58.095501+00:00,02_vlm_polymer_real_only,9,9,4.0,5.6,60.43,47.25,NVIDIA GeForce RTX 4090,35,102.55,42,2610.1,24564.0,
2026-09-07T08:21:08.108163+00:00,02_vlm_polymer_real_only,9,9,4.2,5.59,60.43,47.25,NVIDIA GeForce RTX 4090,36,102.38,7,2610.1,24564.0,
2026-09-07T08:21:18.119282+00:00,02_vlm_polymer_real_only,9,9,4.2,5.63,60.43,47.25,NVIDIA GeForce RTX 4090,34,99.89,39,2610.1,24564.0,
2026-09-07T08:21:28.131992+00:00,02_vlm_polymer_real_only,9,9,4.2,5.66,60.43,47.25,NVIDIA GeForce RTX 4090,36,103.88,27,2610.1,24564.0,
2026-09-07T08:21:38.145892+00:00,02_vlm_polymer_real_only,9,9,4.2,5.6,60.43,47.25,NVIDIA GeForce RTX 4090,37,99.91,41,2610.1,24564.0,
2026-09-07T08:21:48.157020+00:00,02_vlm_polymer_real_only,9,9,4.2,5.62,60.43,47.25,NVIDIA GeForce RTX 4090,36,101.11,37,2610.1,24564.0,
2026-09-07T08:21:58.168211+00:00,02_vlm_polymer_real_only,9,9,4.2,5.65,60.43,47.25,NVIDIA GeForce RTX 4090,36,99.49,51,2610.1,24564.0,
2026-09-07T08:22:08.179142+00:00,02_vlm_polymer_real_only,9,9,4.2,5.65,60.43,47.25,NVIDIA GeForce RTX 4090,35,99.4,10,2610.1,24564.0,
2026-09-07T08:22:18.190335+00:00,02_vlm_polymer_real_only,9,9,4.2,5.63,60.43,47.25,NVIDIA GeForce RTX 4090,35,103.0,25,2610.1,24564.0,
2026-09-07T08:22:28.201572+00:00,02_vlm_polymer_real_only,9,9,4.2,5.65,60.43,47.25,NVIDIA GeForce RTX 4090,36,103.6,31,2610.1,24564.0,
2026-09-07T08:22:38.212409+00:00,02_vlm_polymer_real_only,9,9,4.2,5.64,60.43,47.25,NVIDIA GeForce RTX 4090,36,103.8,51,2610.1,24564.0,
2026-09-07T08:22:48.224139+00:00,02_vlm_polymer_real_only,9,9,4.2,5.6,60.43,47.25,NVIDIA GeForce RTX 4090,35,99.7,19,2610.1,24564.0,
2026-09-07T08:22:58.235291+00:00,02_vlm_polymer_real_only,9,9,4.2,5.58,60.43,47.25,NVIDIA GeForce RTX 4090,35,100.18,36,2610.1,24564.0,
2026-09-07T08:23:08.246407+00:00,02_vlm_polymer_real_only,9,9,4.2,5.59,60.43,47.25,NVIDIA GeForce RTX 4090,36,99.68,42,2610.1,24564.0,
2026-09-07T08:23:18.257504+00:00,02_vlm_polymer_real_only,9,9,4.2,5.59,60.43,47.25,NVIDIA GeForce RTX 4090,35,99.82,49,2610.1,24564.0,
2026-09-07T08:23:28.268922+00:00,02_vlm_polymer_real_only,9,9,4.2,5.64,60.43,47.25,NVIDIA GeForce RTX 4090,36,99.57,45,2610.1,24564.0,
2026-09-07T08:23:38.279705+00:00,02_vlm_polymer_real_only,9,9,4.2,5.63,60.43,47.25,NVIDIA GeForce RTX 4090,36,100.94,13,2610.1,24564.0,
2026-09-07T08:23:48.290785+00:00,02_vlm_polymer_real_only,9,9,4.2,5.62,60.43,47.25,NVIDIA GeForce RTX 4090,35,100.68,61,2610.1,24564.0,
2026-09-07T08:23:58.302060+00:00,02_vlm_polymer_real_only,9,9,4.2,5.61,60.43,47.25,NVIDIA GeForce RTX 4090,35,100.46,47,2610.1,24564.0,
2026-09-07T08:24:08.313344+00:00,02_vlm_polymer_real_only,9,9,4.2,5.61,60.43,47.25,NVIDIA GeForce RTX 4090,35,90.86,32,2610.1,24564.0,
2026-09-07T08:24:18.325262+00:00,02_vlm_polymer_real_only,9,9,4.2,5.6,60.43,47.25,NVIDIA GeForce RTX 4090,35,91.19,34,2610.1,24564.0,
2026-09-07T08:24:28.336563+00:00,02_vlm_polymer_real_only,9,9,4.0,5.57,60.43,47.25,NVIDIA GeForce RTX 4090,34,77.88,1,2610.1,24564.0,
2026-09-07T08:24:38.348326+00:00,02_vlm_polymer_real_only,9,9,4.2,5.59,60.43,47.25,NVIDIA GeForce RTX 4090,34,103.87,25,2610.1,24564.0,
2026-09-07T08:24:48.359099+00:00,02_vlm_polymer_real_only,9,9,4.2,5.58,60.43,47.25,NVIDIA GeForce RTX 4090,37,100.67,28,2610.1,24564.0,
2026-09-07T08:24:58.370080+00:00,02_vlm_polymer_real_only,9,9,4.2,5.58,60.43,47.25,NVIDIA GeForce RTX 4090,36,98.18,50,2610.1,24564.0,
2026-09-07T08:25:08.381072+00:00,02_vlm_polymer_real_only,9,9,4.2,5.58,60.43,47.25,NVIDIA GeForce RTX 4090,34,100.68,23,2610.1,24564.0,
2026-09-07T08:25:18.392386+00:00,02_vlm_polymer_real_only,9,9,4.2,5.58,60.43,47.25,NVIDIA GeForce RTX 4090,35,100.08,40,2610.1,24564.0,
2026-09-07T08:25:28.403321+00:00,02_vlm_polymer_real_only,9,9,4.2,5.57,60.43,47.25,NVIDIA GeForce RTX 4090,35,100.71,0,2610.1,24564.0,
2026-09-07T08:25:38.414050+00:00,02_vlm_polymer_real_only,9,9,4.2,5.57,60.43,47.25,NVIDIA GeForce RTX 4090,36,103.5,55,2610.1,24564.0,
2026-09-07T08:25:48.425058+00:00,02_vlm_polymer_real_only,9,9,4.2,5.58,60.43,47.25,NVIDIA GeForce RTX 4090,35,102.66,21,2610.1,24564.0,
2026-09-07T08:25:58.435938+00:00,02_vlm_polymer_real_only,9,9,4.2,5.58,60.43,47.25,NVIDIA GeForce RTX 4090,35,100.62,15,2610.1,24564.0,
2026-09-07T08:26:08.447041+00:00,02_vlm_polymer_real_only,9,9,4.2,5.58,60.43,47.25,NVIDIA GeForce RTX 4090,35,99.36,40,2610.1,24564.0,
2026-09-07T08:26:18.458717+00:00,02_vlm_polymer_real_only,9,9,4.2,5.6,60.43,47.25,NVIDIA GeForce RTX 4090,35,101.44,60,2610.1,24564.0,
2026-09-07T08:26:28.469562+00:00,02_vlm_polymer_real_only,9,9,4.2,5.63,60.43,47.25,NVIDIA GeForce RTX 4090,36,96.89,1,2610.1,24564.0,
2026-09-07T08:26:38.480726+00:00,02_vlm_polymer_real_only,9,9,4.2,5.61,60.43,47.25,NVIDIA GeForce RTX 4090,35,99.07,68,2610.1,24564.0,
2026-09-07T08:26:48.492495+00:00,02_vlm_polymer_real_only,9,9,4.2,5.59,60.43,47.25,NVIDIA GeForce RTX 4090,35,99.27,44,2610.1,24564.0,
2026-09-07T08:26:58.503960+00:00,02_vlm_polymer_real_only,9,9,4.2,5.58,60.43,47.25,NVIDIA GeForce RTX 4090,36,100.66,46,2610.1,24564.0,
2026-09-07T08:27:08.514917+00:00,02_vlm_polymer_real_only,9,9,4.2,5.58,60.43,47.25,NVIDIA GeForce RTX 4090,35,101.21,9,2610.1,24564.0,
2026-09-07T08:27:18.525909+00:00,02_vlm_polymer_real_only,9,9,4.2,5.62,60.43,47.25,NVIDIA GeForce RTX 4090,36,101.07,16,2610.1,24564.0,
2026-09-07T08:27:28.536946+00:00,02_vlm_polymer_real_only,9,9,4.2,5.59,60.43,47.25,NVIDIA GeForce RTX 4090,36,100.22,33,2610.1,24564.0,
2026-09-07T08:27:38.548092+00:00,02_vlm_polymer_real_only,9,9,4.2,5.59,60.43,47.25,NVIDIA GeForce RTX 4090,35,96.61,54,2610.1,24564.0,
2026-09-07T08:27:48.561871+00:00,02_vlm_polymer_real_only,9,9,4.2,5.6,60.43,47.25,NVIDIA GeForce RTX 4090,34,88.89,32,2610.1,24564.0,
2026-09-07T08:27:58.573255+00:00,02_vlm_polymer_real_only,9,9,4.2,5.62,60.43,47.25,NVIDIA GeForce RTX 4090,34,88.58,29,2610.1,24564.0,
2026-09-07T08:28:08.584246+00:00,02_vlm_polymer_real_only,9,9,4.2,5.59,60.43,47.25,NVIDIA GeForce RTX 4090,35,99.69,14,2610.1,24564.0,
2026-09-07T08:28:18.596328+00:00,02_vlm_polymer_real_only,9,9,4.2,5.58,60.43,47.25,NVIDIA GeForce RTX 4090,35,103.18,48,2610.1,24564.0,
2026-09-07T08:28:28.607311+00:00,02_vlm_polymer_real_only,9,9,4.2,5.59,60.43,47.25,NVIDIA GeForce RTX 4090,35,102.97,49,2610.1,24564.0,
2026-09-07T08:28:38.618275+00:00,02_vlm_polymer_real_only,9,9,4.2,5.58,60.43,47.25,NVIDIA GeForce RTX 4090,35,100.78,40,2610.1,24564.0,
2026-09-07T08:28:48.629730+00:00,02_vlm_polymer_real_only,9,9,4.2,5.57,60.43,47.25,NVIDIA GeForce RTX 4090,36,99.03,21,2610.1,24564.0,
2026-09-07T08:28:58.642482+00:00,02_vlm_polymer_real_only,9,9,4.2,5.61,60.43,47.25,NVIDIA GeForce RTX 4090,35,101.34,21,2610.1,24564.0,
2026-09-07T08:29:08.653406+00:00,02_vlm_polymer_real_only,9,9,4.2,5.59,60.43,47.25,NVIDIA GeForce RTX 4090,35,102.49,0,2610.1,24564.0,
2026-09-07T08:29:18.664266+00:00,02_vlm_polymer_real_only,9,9,4.2,5.58,60.43,47.25,NVIDIA GeForce RTX 4090,35,101.56,50,2610.1,24564.0,
2026-09-07T08:29:28.675420+00:00,02_vlm_polymer_real_only,9,9,4.2,5.57,60.43,47.25,NVIDIA GeForce RTX 4090,37,99.94,30,2610.1,24564.0,
2026-09-07T08:29:38.686413+00:00,02_vlm_polymer_real_only,9,9,4.2,5.62,60.43,47.25,NVIDIA GeForce RTX 4090,36,102.03,64,2610.1,24564.0,
2026-09-07T08:29:48.697167+00:00,02_vlm_polymer_real_only,9,9,4.2,5.61,60.43,47.25,NVIDIA GeForce RTX 4090,35,100.97,3,2610.1,24564.0,
2026-09-07T08:29:58.708957+00:00,02_vlm_polymer_real_only,9,9,4.2,5.64,60.43,47.25,NVIDIA GeForce RTX 4090,36,103.75,42,2610.1,24564.0,
2026-09-07T08:30:08.719671+00:00,02_vlm_polymer_real_only,9,9,4.2,5.63,60.43,47.25,NVIDIA GeForce RTX 4090,35,103.32,40,2610.1,24564.0,
2026-09-07T08:30:18.730620+00:00,02_vlm_polymer_real_only,9,9,4.2,5.58,60.43,47.25,NVIDIA GeForce RTX 4090,35,100.42,35,2610.1,24564.0,
2026-09-07T08:30:28.741399+00:00,02_vlm_polymer_real_only,9,9,4.2,5.58,60.43,47.25,NVIDIA GeForce RTX 4090,35,102.65,57,2610.1,24564.0,
2026-09-07T08:30:38.752837+00:00,02_vlm_polymer_real_only,9,9,4.2,5.62,60.43,47.25,NVIDIA GeForce RTX 4090,35,98.56,30,2610.1,24564.0,
2026-09-07T08:30:48.764445+00:00,02_vlm_polymer_real_only,9,9,4.2,5.61,60.43,47.25,NVIDIA GeForce RTX 4090,37,102.92,22,2610.1,24564.0,
2026-09-07T08:30:58.775917+00:00,02_vlm_polymer_real_only,9,9,4.2,5.62,60.43,47.25,NVIDIA GeForce RTX 4090,36,102.58,44,2610.1,24564.0,
2026-09-07T08:31:08.786803+00:00,02_vlm_polymer_real_only,9,9,4.2,5.63,60.43,47.25,NVIDIA GeForce RTX 4090,36,102.48,63,2610.1,24564.0,
2026-09-07T08:31:18.797753+00:00,02_vlm_polymer_real_only,9,9,4.2,5.65,60.43,47.25,NVIDIA GeForce RTX 4090,35,100.38,57,2610.1,24564.0,
2026-09-07T08:31:28.808778+00:00,02_vlm_polymer_real_only,9,9,4.2,5.67,60.43,47.25,NVIDIA GeForce RTX 4090,35,89.14,35,2610.1,24564.0,
2026-09-07T08:31:38.820472+00:00,02_vlm_polymer_real_only,9,9,4.2,5.64,60.43,47.25,NVIDIA GeForce RTX 4090,34,90.68,25,2610.1,24564.0,
2026-09-07T08:31:48.832201+00:00,02_vlm_polymer_real_only,9,9,4.2,5.64,60.43,47.25,NVIDIA GeForce RTX 4090,34,98.06,30,2610.1,24564.0,
2026-09-07T08:31:58.843289+00:00,02_vlm_polymer_real_only,9,9,4.2,5.65,60.43,47.25,NVIDIA GeForce RTX 4090,36,99.92,64,2610.1,24564.0,
2026-09-07T08:32:08.854439+00:00,02_vlm_polymer_real_only,9,9,4.2,5.65,60.43,47.25,NVIDIA GeForce RTX 4090,36,100.59,19,2610.1,24564.0,
2026-09-07T08:32:18.867824+00:00,02_vlm_polymer_real_only,9,9,4.2,5.64,60.43,47.25,NVIDIA GeForce RTX 4090,35,96.3,17,2610.1,24564.0,
2026-09-07T08:32:28.880163+00:00,02_vlm_polymer_real_only,9,9,4.2,5.65,60.43,47.25,NVIDIA GeForce RTX 4090,35,101.74,34,2610.1,24564.0,
2026-09-07T08:32:38.891162+00:00,02_vlm_polymer_real_only,9,9,4.2,5.63,60.43,47.25,NVIDIA GeForce RTX 4090,36,98.38,62,2610.1,24564.0,
2026-09-07T08:32:48.903272+00:00,02_vlm_polymer_real_only,9,9,4.2,5.62,60.43,47.25,NVIDIA GeForce RTX 4090,36,101.05,35,2610.1,24564.0,
2026-09-07T08:32:58.914967+00:00,02_vlm_polymer_real_only,9,9,4.2,5.59,60.43,47.25,NVIDIA GeForce RTX 4090,37,100.32,22,2610.1,24564.0,
2026-09-07T08:33:08.925870+00:00,02_vlm_polymer_real_only,9,9,4.2,5.59,60.43,47.25,NVIDIA GeForce RTX 4090,36,102.65,58,2610.1,24564.0,
2026-09-07T08:33:18.939283+00:00,02_vlm_polymer_real_only,9,9,4.2,5.61,60.43,47.25,NVIDIA GeForce RTX 4090,35,101.09,17,2610.1,24564.0,
2026-09-07T08:33:28.950321+00:00,02_vlm_polymer_real_only,9,9,4.2,5.59,60.43,47.25,NVIDIA GeForce RTX 4090,35,97.52,16,2610.1,24564.0,
2026-09-07T08:33:38.962668+00:00,02_vlm_polymer_real_only,9,9,4.2,5.6,60.43,47.25,NVIDIA GeForce RTX 4090,36,102.07,56,2610.1,24564.0,
2026-09-07T08:33:48.973371+00:00,02_vlm_polymer_real_only,9,9,4.2,5.59,60.43,47.25,NVIDIA GeForce RTX 4090,36,100.4,56,2610.1,24564.0,
2026-09-07T08:33:58.986847+00:00,02_vlm_polymer_real_only,9,9,4.2,5.58,60.43,47.25,NVIDIA GeForce RTX 4090,35,98.4,64,2610.1,24564.0,
2026-09-07T08:34:08.997867+00:00,02_vlm_polymer_real_only,9,9,4.2,5.6,60.43,47.25,NVIDIA GeForce RTX 4090,35,96.53,64,2610.1,24564.0,
2026-09-07T08:34:19.008853+00:00,02_vlm_polymer_real_only,9,9,4.2,5.6,60.43,47.25,NVIDIA GeForce RTX 4090,35,97.78,48,2610.1,24564.0,
2026-09-07T08:34:29.022212+00:00,02_vlm_polymer_real_only,9,9,4.2,5.61,60.43,47.25,NVIDIA GeForce RTX 4090,36,101.25,23,2610.1,24564.0,
2026-09-07T08:34:39.033445+00:00,02_vlm_polymer_real_only,9,9,4.2,5.62,60.43,47.25,NVIDIA GeForce RTX 4090,35,99.94,40,2610.1,24564.0,
2026-09-07T08:34:49.046261+00:00,02_vlm_polymer_real_only,9,9,4.2,5.63,60.43,47.25,NVIDIA GeForce RTX 4090,35,100.29,58,2610.1,24564.0,
2026-09-07T08:34:59.058294+00:00,02_vlm_polymer_real_only,9,9,4.2,5.62,60.43,47.25,NVIDIA GeForce RTX 4090,34,89.6,30,2610.1,24564.0,
2026-09-07T08:35:09.070430+00:00,02_vlm_polymer_real_only,9,9,4.2,5.62,60.43,47.25,NVIDIA GeForce RTX 4090,34,89.7,30,2610.1,24564.0,
2026-09-07T08:35:19.081876+00:00,02_vlm_polymer_real_only,9,9,3.4,5.63,60.43,47.25,NVIDIA GeForce RTX 4090,35,96.38,23,2610.1,24564.0,
2026-09-07T08:35:29.092965+00:00,02_vlm_polymer_real_only,9,9,4.2,5.64,60.43,47.25,NVIDIA GeForce RTX 4090,35,99.8,21,2610.1,24564.0,
2026-09-07T08:35:39.105607+00:00,02_vlm_polymer_real_only,9,9,4.2,5.67,60.43,47.25,NVIDIA GeForce RTX 4090,36,98.98,2,2610.1,24564.0,
2026-09-07T08:35:49.116731+00:00,02_vlm_polymer_real_only,9,9,4.2,5.64,60.43,47.25,NVIDIA GeForce RTX 4090,35,99.35,65,2610.1,24564.0,
2026-09-07T08:35:59.127823+00:00,02_vlm_polymer_real_only,9,9,4.2,5.61,60.43,47.25,NVIDIA GeForce RTX 4090,35,100.79,58,2610.1,24564.0,
2026-09-07T08:36:09.138813+00:00,02_vlm_polymer_real_only,9,9,4.2,5.57,60.43,47.25,NVIDIA GeForce RTX 4090,36,100.09,41,2610.1,24564.0,
2026-09-07T08:36:19.150415+00:00,02_vlm_polymer_real_only,9,9,4.2,5.62,60.43,47.25,NVIDIA GeForce RTX 4090,35,103.34,16,2610.1,24564.0,
2026-09-07T08:36:29.161609+00:00,02_vlm_polymer_real_only,9,9,4.2,5.64,60.43,47.25,NVIDIA GeForce RTX 4090,36,99.81,54,2610.1,24564.0,
2026-09-07T08:36:39.172534+00:00,02_vlm_polymer_real_only,9,9,4.2,5.61,60.43,47.25,NVIDIA GeForce RTX 4090,35,100.24,52,2610.1,24564.0,
2026-09-07T08:36:49.183570+00:00,02_vlm_polymer_real_only,9,9,4.2,5.6,60.43,47.25,NVIDIA GeForce RTX 4090,36,102.53,61,2610.1,24564.0,
2026-09-07T08:36:59.194613+00:00,02_vlm_polymer_real_only,9,9,4.2,5.62,60.43,47.25,NVIDIA GeForce RTX 4090,36,103.43,45,2610.1,24564.0,
2026-09-07T08:37:09.205490+00:00,02_vlm_polymer_real_only,9,9,4.2,5.6,60.43,47.25,NVIDIA GeForce RTX 4090,35,101.38,4,2610.1,24564.0,
2026-09-07T08:37:19.216691+00:00,02_vlm_polymer_real_only,9,9,4.2,5.6,60.43,47.25,NVIDIA GeForce RTX 4090,35,98.93,31,2610.1,24564.0,
2026-09-07T08:37:29.227896+00:00,02_vlm_polymer_real_only,9,9,4.2,5.62,60.43,47.25,NVIDIA GeForce RTX 4090,35,101.37,5,2610.1,24564.0,
2026-09-07T08:37:39.241482+00:00,02_vlm_polymer_real_only,9,9,4.2,5.61,60.43,47.25,NVIDIA GeForce RTX 4090,35,99.41,35,2610.1,24564.0,
2026-09-07T08:37:49.252463+00:00,02_vlm_polymer_real_only,9,9,4.2,5.63,60.43,47.25,NVIDIA GeForce RTX 4090,35,100.5,15,2610.1,24564.0,
2026-09-07T08:37:59.266851+00:00,02_vlm_polymer_real_only,9,9,4.2,5.62,60.43,47.25,NVIDIA GeForce RTX 4090,36,103.71,15,2610.1,24564.0,
2026-09-07T08:38:09.277686+00:00,02_vlm_polymer_real_only,9,9,4.2,5.6,60.43,47.25,NVIDIA GeForce RTX 4090,35,99.9,29,2610.1,24564.0,
2026-09-07T08:38:19.288846+00:00,02_vlm_polymer_real_only,9,9,4.2,5.6,60.43,47.25,NVIDIA GeForce RTX 4090,35,99.37,37,2610.1,24564.0,
2026-09-07T08:38:29.300187+00:00,02_vlm_polymer_real_only,9,9,4.2,5.61,60.43,47.25,NVIDIA GeForce RTX 4090,35,101.83,16,2610.1,24564.0,
2026-09-07T08:38:39.311310+00:00,02_vlm_polymer_real_only,9,9,4.2,5.58,60.43,47.25,NVIDIA GeForce RTX 4090,34,91.17,29,2610.1,24564.0,
2026-09-07T08:38:49.322854+00:00,02_vlm_polymer_real_only,9,9,4.2,5.58,60.43,47.25,NVIDIA GeForce RTX 4090,34,91.29,36,2610.1,24564.0,
2026-09-07T08:38:59.333831+00:00,02_vlm_polymer_real_only,9,9,2.8,5.61,60.43,47.25,NVIDIA GeForce RTX 4090,34,91.47,31,3228.1,24564.0,
2026-09-07T08:39:09.344856+00:00,02_vlm_polymer_real_only,9,9,4.2,5.62,60.43,47.25,NVIDIA GeForce RTX 4090,35,91.66,25,3228.1,24564.0,
2026-09-07T08:39:19.356105+00:00,03_vlm_polymer_real_synth,0,0,3.3,4.64,60.43,47.25,NVIDIA GeForce RTX 4090,32,41.8,0,628.8,24564.0,
2026-09-07T08:39:29.367448+00:00,03_vlm_polymer_real_synth,0,0,3.9,5.55,60.43,47.25,NVIDIA GeForce RTX 4090,34,100.51,26,2610.1,24564.0,
2026-09-07T08:39:39.378430+00:00,03_vlm_polymer_real_synth,0,0,4.2,5.55,60.43,47.25,NVIDIA GeForce RTX 4090,35,98.56,17,2610.1,24564.0,
2026-09-07T08:39:49.390236+00:00,03_vlm_polymer_real_synth,0,0,4.2,5.53,60.43,47.25,NVIDIA GeForce RTX 4090,34,99.57,27,2610.1,24564.0,
2026-09-07T08:39:59.401189+00:00,03_vlm_polymer_real_synth,0,0,4.2,5.51,60.43,47.25,NVIDIA GeForce RTX 4090,34,106.87,9,2610.1,24564.0,
2026-09-07T08:40:09.412186+00:00,03_vlm_polymer_real_synth,0,0,4.2,5.52,60.43,47.25,NVIDIA GeForce RTX 4090,36,97.94,34,2610.1,24564.0,
2026-09-07T08:40:19.423078+00:00,03_vlm_polymer_real_synth,0,0,4.2,5.53,60.43,47.25,NVIDIA GeForce RTX 4090,36,96.88,29,2610.1,24564.0,
2026-09-07T08:40:29.433971+00:00,03_vlm_polymer_real_synth,0,0,4.2,5.56,60.43,47.25,NVIDIA GeForce RTX 4090,35,97.12,21,2610.1,24564.0,
2026-09-07T08:40:39.445187+00:00,03_vlm_polymer_real_synth,0,0,4.2,5.53,60.43,47.25,NVIDIA GeForce RTX 4090,35,96.78,16,2610.1,24564.0,
2026-09-07T08:40:49.456033+00:00,03_vlm_polymer_real_synth,0,0,4.2,5.54,60.43,47.25,NVIDIA GeForce RTX 4090,36,96.92,18,2610.1,24564.0,
2026-09-07T08:40:59.468211+00:00,03_vlm_polymer_real_synth,0,0,4.2,5.53,60.43,47.25,NVIDIA GeForce RTX 4090,35,96.8,23,2610.1,24564.0,
2026-09-07T08:41:09.479811+00:00,03_vlm_polymer_real_synth,0,0,4.2,5.53,60.43,47.25,NVIDIA GeForce RTX 4090,34,97.02,32,2610.1,24564.0,
2026-09-07T08:41:19.491007+00:00,03_vlm_polymer_real_synth,0,0,4.2,5.58,60.43,47.25,NVIDIA GeForce RTX 4090,35,103.53,57,2610.1,24564.0,
2026-09-07T08:41:29.502443+00:00,03_vlm_polymer_real_synth,0,0,4.2,5.6,60.43,47.25,NVIDIA GeForce RTX 4090,35,97.94,64,2610.1,24564.0,
2026-09-07T08:41:39.513700+00:00,03_vlm_polymer_real_synth,0,0,4.2,5.59,60.43,47.25,NVIDIA GeForce RTX 4090,34,97.34,21,2610.1,24564.0,
2026-09-07T08:41:49.525094+00:00,03_vlm_polymer_real_synth,0,0,4.2,5.57,60.43,47.25,NVIDIA GeForce RTX 4090,36,103.83,22,2610.1,24564.0,
2026-09-07T08:41:59.535918+00:00,03_vlm_polymer_real_synth,0,0,4.2,5.59,60.43,47.25,NVIDIA GeForce RTX 4090,35,96.92,63,2610.1,24564.0,
2026-09-07T08:42:09.547280+00:00,03_vlm_polymer_real_synth,0,0,4.2,5.59,60.43,47.25,NVIDIA GeForce RTX 4090,35,98.64,9,2610.1,24564.0,
2026-09-07T08:42:19.558528+00:00,03_vlm_polymer_real_synth,0,0,4.2,5.56,60.43,47.25,NVIDIA GeForce RTX 4090,36,100.56,32,2610.1,24564.0,
2026-09-07T08:42:29.570736+00:00,03_vlm_polymer_real_synth,0,0,4.2,5.59,60.43,47.25,NVIDIA GeForce RTX 4090,35,98.03,0,2610.1,24564.0,
2026-09-07T08:42:39.581531+00:00,03_vlm_polymer_real_synth,0,0,4.2,5.59,60.43,47.25,NVIDIA GeForce RTX 4090,35,99.85,13,2610.1,24564.0,
2026-09-07T08:42:49.592827+00:00,03_vlm_polymer_real_synth,0,0,4.2,5.56,60.43,47.25,NVIDIA GeForce RTX 4090,34,97.16,51,2610.1,24564.0,
2026-09-07T08:42:59.606223+00:00,03_vlm_polymer_real_synth,0,0,4.2,5.57,60.43,47.25,NVIDIA GeForce RTX 4090,35,98.21,13,2610.1,24564.0,
2026-09-07T08:43:09.617402+00:00,03_vlm_polymer_real_synth,0,0,4.2,5.55,60.43,47.25,NVIDIA GeForce RTX 4090,34,97.3,29,2610.1,24564.0,
2026-09-07T08:43:19.628415+00:00,03_vlm_polymer_real_synth,0,0,4.2,5.56,60.43,47.25,NVIDIA GeForce RTX 4090,36,97.69,43,2610.1,24564.0,
2026-09-07T08:43:29.639371+00:00,03_vlm_polymer_real_synth,0,0,4.2,5.56,60.43,47.25,NVIDIA GeForce RTX 4090,35,96.44,50,2610.1,24564.0,
2026-09-07T08:43:39.650805+00:00,03_vlm_polymer_real_synth,0,0,4.2,5.55,60.43,47.25,NVIDIA GeForce RTX 4090,37,98.65,27,2610.1,24564.0,
2026-09-07T08:43:49.661827+00:00,03_vlm_polymer_real_synth,0,0,4.2,5.56,60.43,47.25,NVIDIA GeForce RTX 4090,36,96.61,22,2610.1,24564.0,
2026-09-07T08:43:59.672876+00:00,03_vlm_polymer_real_synth,0,0,4.2,5.58,60.43,47.25,NVIDIA GeForce RTX 4090,35,100.3,36,2610.1,24564.0,
2026-09-07T08:44:09.683577+00:00,03_vlm_polymer_real_synth,0,0,4.2,5.53,60.43,47.25,NVIDIA GeForce RTX 4090,34,96.22,18,2610.1,24564.0,
2026-09-07T08:44:19.695156+00:00,03_vlm_polymer_real_synth,0,0,4.2,5.52,60.43,47.25,NVIDIA GeForce RTX 4090,35,97.81,68,2610.1,24564.0,
2026-09-07T08:44:29.707041+00:00,03_vlm_polymer_real_synth,0,0,4.2,5.57,60.43,47.25,NVIDIA GeForce RTX 4090,35,99.53,52,2610.1,24564.0,
2026-09-07T08:44:39.718347+00:00,03_vlm_polymer_real_synth,0,0,4.2,5.56,60.43,47.25,NVIDIA GeForce RTX 4090,36,98.7,36,2610.1,24564.0,
2026-09-07T08:44:49.729442+00:00,03_vlm_polymer_real_synth,0,0,4.2,5.52,60.43,47.25,NVIDIA GeForce RTX 4090,35,96.88,0,2610.1,24564.0,
2026-09-07T08:44:59.740530+00:00,03_vlm_polymer_real_synth,0,0,4.2,5.55,60.43,47.25,NVIDIA GeForce RTX 4090,34,100.82,8,2610.1,24564.0,
2026-09-07T08:45:09.751635+00:00,03_vlm_polymer_real_synth,0,0,4.2,5.54,60.43,47.25,NVIDIA GeForce RTX 4090,35,102.08,0,2610.1,24564.0,
2026-09-07T08:45:19.762642+00:00,03_vlm_polymer_real_synth,0,0,4.2,5.52,60.43,47.25,NVIDIA GeForce RTX 4090,34,98.31,34,2610.1,24564.0,
2026-09-07T08:45:29.773667+00:00,03_vlm_polymer_real_synth,0,0,4.2,5.52,60.43,47.25,NVIDIA GeForce RTX 4090,35,100.66,14,2610.1,24564.0,
2026-09-07T08:45:39.784595+00:00,03_vlm_polymer_real_synth,0,0,4.2,5.52,60.43,47.25,NVIDIA GeForce RTX 4090,35,99.83,3,2610.1,24564.0,
2026-09-07T08:45:49.795838+00:00,03_vlm_polymer_real_synth,0,0,4.2,5.52,60.43,47.25,NVIDIA GeForce RTX 4090,35,101.13,0,2610.1,24564.0,
2026-09-07T08:45:59.806505+00:00,03_vlm_polymer_real_synth,0,0,4.2,5.5,60.43,47.25,NVIDIA GeForce RTX 4090,35,99.49,20,2610.1,24564.0,
2026-09-07T08:46:09.817408+00:00,03_vlm_polymer_real_synth,0,0,4.2,5.52,60.43,47.25,NVIDIA GeForce RTX 4090,34,98.82,25,2610.1,24564.0,
2026-09-07T08:46:19.828476+00:00,03_vlm_polymer_real_synth,0,0,4.2,5.58,60.43,47.25,NVIDIA GeForce RTX 4090,35,89.8,27,2610.1,24564.0,
2026-09-07T08:46:29.839894+00:00,03_vlm_polymer_real_synth,0,0,4.2,5.57,60.43,47.25,NVIDIA GeForce RTX 4090,35,90.07,29,2610.1,24564.0,
2026-09-07T08:46:39.851110+00:00,03_vlm_polymer_real_synth,0,0,4.0,5.59,60.43,47.24,NVIDIA GeForce RTX 4090,34,99.98,45,2610.1,24564.0,
2026-09-07T08:46:49.863573+00:00,03_vlm_polymer_real_synth,0,0,4.2,5.6,60.43,47.24,NVIDIA GeForce RTX 4090,37,97.67,20,2610.1,24564.0,
2026-09-07T08:46:59.874804+00:00,03_vlm_polymer_real_synth,0,0,4.2,5.59,60.43,47.24,NVIDIA GeForce RTX 4090,35,100.84,38,2610.1,24564.0,
2026-09-07T08:47:09.885860+00:00,03_vlm_polymer_real_synth,0,0,4.2,5.59,60.43,47.24,NVIDIA GeForce RTX 4090,35,100.61,51,2610.1,24564.0,
2026-09-07T08:47:19.896754+00:00,03_vlm_polymer_real_synth,0,0,4.2,5.67,60.43,47.24,NVIDIA GeForce RTX 4090,35,96.77,60,2610.1,24564.0,
2026-09-07T08:47:29.907694+00:00,03_vlm_polymer_real_synth,0,0,4.2,5.62,60.43,47.24,NVIDIA GeForce RTX 4090,35,99.0,7,2610.1,24564.0,
2026-09-07T08:47:39.920785+00:00,03_vlm_polymer_real_synth,0,0,4.2,5.6,60.43,47.24,NVIDIA GeForce RTX 4090,34,100.51,60,2610.1,24564.0,
2026-09-07T08:47:49.931751+00:00,03_vlm_polymer_real_synth,0,0,4.2,5.59,60.43,47.24,NVIDIA GeForce RTX 4090,35,99.82,47,2610.1,24564.0,
2026-09-07T08:47:59.944895+00:00,03_vlm_polymer_real_synth,0,0,4.2,5.6,60.43,47.24,NVIDIA GeForce RTX 4090,37,99.76,1,2610.1,24564.0,
2026-09-07T08:48:09.956218+00:00,03_vlm_polymer_real_synth,0,0,4.2,5.58,60.43,47.24,NVIDIA GeForce RTX 4090,36,101.13,0,2610.1,24564.0,
2026-09-07T08:48:19.967108+00:00,03_vlm_polymer_real_synth,0,0,4.2,5.58,60.43,47.24,NVIDIA GeForce RTX 4090,34,100.91,24,2610.1,24564.0,
2026-09-07T08:48:29.978486+00:00,03_vlm_polymer_real_synth,0,0,4.2,5.59,60.43,47.24,NVIDIA GeForce RTX 4090,35,97.17,0,2610.1,24564.0,
2026-09-07T08:48:39.989461+00:00,03_vlm_polymer_real_synth,0,0,4.2,5.58,60.43,47.24,NVIDIA GeForce RTX 4090,35,100.4,23,2610.1,24564.0,
2026-09-07T08:48:50.000796+00:00,03_vlm_polymer_real_synth,0,0,4.2,5.58,60.43,47.24,NVIDIA GeForce RTX 4090,35,100.79,31,2610.1,24564.0,
2026-09-07T08:49:00.011638+00:00,03_vlm_polymer_real_synth,0,0,4.2,5.59,60.43,47.24,NVIDIA GeForce RTX 4090,35,100.54,21,2610.1,24564.0,
2026-09-07T08:49:10.022463+00:00,03_vlm_polymer_real_synth,0,0,4.2,5.58,60.43,47.24,NVIDIA GeForce RTX 4090,34,100.83,53,2610.1,24564.0,
2026-09-07T08:49:20.033221+00:00,03_vlm_polymer_real_synth,0,0,4.2,5.58,60.43,47.24,NVIDIA GeForce RTX 4090,35,99.96,40,2610.1,24564.0,
2026-09-07T08:49:30.044235+00:00,03_vlm_polymer_real_synth,0,0,4.2,5.58,60.43,47.24,NVIDIA GeForce RTX 4090,36,96.71,61,2610.1,24564.0,
2026-09-07T08:49:40.055106+00:00,03_vlm_polymer_real_synth,0,0,4.2,5.58,60.43,47.24,NVIDIA GeForce RTX 4090,37,98.11,63,2610.1,24564.0,
2026-09-07T08:49:50.066188+00:00,03_vlm_polymer_real_synth,0,0,4.2,5.62,60.43,47.24,NVIDIA GeForce RTX 4090,35,101.67,20,2610.1,24564.0,
2026-09-07T08:50:00.077264+00:00,03_vlm_polymer_real_synth,0,0,4.2,5.64,60.43,47.24,NVIDIA GeForce RTX 4090,35,97.19,23,2610.1,24564.0,
2026-09-07T08:50:10.089044+00:00,03_vlm_polymer_real_synth,0,0,4.2,5.64,60.43,47.24,NVIDIA GeForce RTX 4090,34,98.99,39,2610.1,24564.0,
2026-09-07T08:50:20.100177+00:00,03_vlm_polymer_real_synth,0,0,4.2,5.61,60.43,47.24,NVIDIA GeForce RTX 4090,34,99.94,64,2610.1,24564.0,
2026-09-07T08:50:30.111121+00:00,03_vlm_polymer_real_synth,0,0,4.2,5.58,60.43,47.24,NVIDIA GeForce RTX 4090,35,100.61,40,2610.1,24564.0,
2026-09-07T08:50:40.122304+00:00,03_vlm_polymer_real_synth,0,0,4.2,5.58,60.43,47.24,NVIDIA GeForce RTX 4090,36,100.56,3,2610.1,24564.0,
2026-09-07T08:50:50.135833+00:00,03_vlm_polymer_real_synth,0,0,4.2,5.59,60.43,47.24,NVIDIA GeForce RTX 4090,35,100.56,26,2610.1,24564.0,
2026-09-07T08:51:00.146846+00:00,03_vlm_polymer_real_synth,0,0,4.2,5.58,60.43,47.24,NVIDIA GeForce RTX 4090,35,100.96,23,2610.1,24564.0,
2026-09-07T08:51:10.157911+00:00,03_vlm_polymer_real_synth,0,0,4.2,5.58,60.43,47.24,NVIDIA GeForce RTX 4090,37,99.92,28,2610.1,24564.0,
2026-09-07T08:51:20.171038+00:00,03_vlm_polymer_real_synth,0,0,4.2,5.58,60.43,47.24,NVIDIA GeForce RTX 4090,35,97.07,63,2610.1,24564.0,
2026-09-07T08:51:30.182179+00:00,03_vlm_polymer_real_synth,0,0,4.2,5.59,60.43,47.24,NVIDIA GeForce RTX 4090,35,97.98,64,2610.1,24564.0,
2026-09-07T08:51:40.195008+00:00,03_vlm_polymer_real_synth,0,0,4.2,5.59,60.43,47.24,NVIDIA GeForce RTX 4090,35,98.16,18,2610.1,24564.0,
2026-09-07T08:51:50.206848+00:00,03_vlm_polymer_real_synth,0,0,4.2,5.59,60.43,47.24,NVIDIA GeForce RTX 4090,34,98.21,43,2610.1,24564.0,
2026-09-07T08:52:00.218706+00:00,03_vlm_polymer_real_synth,0,0,4.2,5.59,60.43,47.24,NVIDIA GeForce RTX 4090,35,96.9,16,2610.1,24564.0,
2026-09-07T08:52:10.229583+00:00,03_vlm_polymer_real_synth,0,0,4.2,5.59,60.43,47.24,NVIDIA GeForce RTX 4090,34,99.36,37,2610.1,24564.0,
2026-09-07T08:52:20.240635+00:00,03_vlm_polymer_real_synth,0,0,4.2,5.6,60.43,47.24,NVIDIA GeForce RTX 4090,35,97.18,20,2610.1,24564.0,
2026-09-07T08:52:30.251783+00:00,03_vlm_polymer_real_synth,0,0,4.2,5.59,60.43,47.24,NVIDIA GeForce RTX 4090,35,99.24,57,2610.1,24564.0,
2026-09-07T08:52:40.263006+00:00,03_vlm_polymer_real_synth,0,0,4.2,5.59,60.43,47.24,NVIDIA GeForce RTX 4090,35,97.25,14,2610.1,24564.0,
2026-09-07T08:52:50.274415+00:00,03_vlm_polymer_real_synth,0,0,4.2,5.59,60.43,47.24,NVIDIA GeForce RTX 4090,35,100.74,58,2610.1,24564.0,
2026-09-07T08:53:00.285444+00:00,03_vlm_polymer_real_synth,0,0,4.2,5.59,60.43,47.24,NVIDIA GeForce RTX 4090,37,98.49,49,2610.1,24564.0,
2026-09-07T08:53:10.296572+00:00,03_vlm_polymer_real_synth,0,0,4.2,5.59,60.43,47.24,NVIDIA GeForce RTX 4090,35,100.32,66,2610.1,24564.0,
2026-09-07T08:53:20.307347+00:00,03_vlm_polymer_real_synth,0,0,4.2,5.6,60.43,47.24,NVIDIA GeForce RTX 4090,35,96.43,3,2610.1,24564.0,
2026-09-07T08:53:30.318444+00:00,03_vlm_polymer_real_synth,0,0,4.2,5.61,60.43,47.24,NVIDIA GeForce RTX 4090,34,90.23,30,2610.1,24564.0,
2026-09-07T08:53:40.329085+00:00,03_vlm_polymer_real_synth,0,0,4.2,5.6,60.43,47.24,NVIDIA GeForce RTX 4090,35,89.97,31,2610.1,24564.0,
2026-09-07T08:53:50.340062+00:00,03_vlm_polymer_real_synth,0,0,4.0,5.61,60.43,47.24,NVIDIA GeForce RTX 4090,34,96.46,0,2610.1,24564.0,
2026-09-07T08:54:00.351014+00:00,03_vlm_polymer_real_synth,0,0,4.2,5.59,60.43,47.24,NVIDIA GeForce RTX 4090,35,101.21,54,2610.1,24564.0,
2026-09-07T08:54:10.362264+00:00,03_vlm_polymer_real_synth,0,0,4.2,5.58,60.43,47.24,NVIDIA GeForce RTX 4090,34,99.99,0,2610.1,24564.0,
2026-09-07T08:54:20.375027+00:00,03_vlm_polymer_real_synth,0,0,4.2,5.62,60.43,47.24,NVIDIA GeForce RTX 4090,35,99.19,39,2610.1,24564.0,
2026-09-07T08:54:30.385766+00:00,03_vlm_polymer_real_synth,0,0,4.2,5.61,60.43,47.24,NVIDIA GeForce RTX 4090,35,98.83,53,2610.1,24564.0,
2026-09-07T08:54:40.397598+00:00,03_vlm_polymer_real_synth,0,0,4.2,5.62,60.43,47.24,NVIDIA GeForce RTX 4090,35,102.36,48,2610.1,24564.0,
2026-09-07T08:54:50.408463+00:00,03_vlm_polymer_real_synth,0,0,4.2,5.61,60.43,47.24,NVIDIA GeForce RTX 4090,35,100.84,20,2610.1,24564.0,
2026-09-07T08:55:00.419447+00:00,03_vlm_polymer_real_synth,0,0,4.2,5.6,60.43,47.24,NVIDIA GeForce RTX 4090,36,100.96,38,2610.1,24564.0,
2026-09-07T08:55:10.430533+00:00,03_vlm_polymer_real_synth,0,0,4.2,5.59,60.43,47.24,NVIDIA GeForce RTX 4090,35,100.39,8,2610.1,24564.0,
2026-09-07T08:55:20.441723+00:00,03_vlm_polymer_real_synth,0,0,4.2,5.59,60.43,47.24,NVIDIA GeForce RTX 4090,35,101.35,59,2610.1,24564.0,
2026-09-07T08:55:30.454440+00:00,03_vlm_polymer_real_synth,0,0,4.2,5.59,60.43,47.24,NVIDIA GeForce RTX 4090,34,99.99,36,2610.1,24564.0,
2026-09-07T08:55:40.465266+00:00,03_vlm_polymer_real_synth,0,0,4.2,5.59,60.43,47.24,NVIDIA GeForce RTX 4090,35,103.83,53,2610.1,24564.0,
2026-09-07T08:55:50.476273+00:00,03_vlm_polymer_real_synth,0,0,4.2,5.59,60.43,47.24,NVIDIA GeForce RTX 4090,35,102.12,52,2610.1,24564.0,
2026-09-07T08:56:00.487195+00:00,03_vlm_polymer_real_synth,0,0,4.2,5.57,60.43,47.24,NVIDIA GeForce RTX 4090,35,101.26,57,2610.1,24564.0,
2026-09-07T08:56:10.498450+00:00,03_vlm_polymer_real_synth,0,0,4.2,5.59,60.43,47.24,NVIDIA GeForce RTX 4090,35,101.86,67,2610.1,24564.0,
2026-09-07T08:56:20.509302+00:00,03_vlm_polymer_real_synth,0,0,4.2,5.59,60.43,47.24,NVIDIA GeForce RTX 4090,35,97.34,4,2610.1,24564.0,
2026-09-07T08:56:30.520071+00:00,03_vlm_polymer_real_synth,0,0,4.2,5.59,60.43,47.24,NVIDIA GeForce RTX 4090,36,100.77,32,2610.1,24564.0,
2026-09-07T08:56:40.531160+00:00,03_vlm_polymer_real_synth,0,0,4.2,5.59,60.43,47.24,NVIDIA GeForce RTX 4090,35,97.35,63,2610.1,24564.0,
2026-09-07T08:56:50.542720+00:00,03_vlm_polymer_real_synth,0,0,4.2,5.6,60.43,47.24,NVIDIA GeForce RTX 4090,35,97.6,26,2610.1,24564.0,
2026-09-07T08:57:00.553765+00:00,03_vlm_polymer_real_synth,0,0,4.2,5.59,60.43,47.24,NVIDIA GeForce RTX 4090,34,97.61,43,2610.1,24564.0,
2026-09-07T08:57:10.565000+00:00,03_vlm_polymer_real_synth,0,0,4.2,5.59,60.43,47.24,NVIDIA GeForce RTX 4090,34,99.81,45,2610.1,24564.0,
2026-09-07T08:57:20.577580+00:00,03_vlm_polymer_real_synth,0,0,4.2,5.59,60.43,47.24,NVIDIA GeForce RTX 4090,35,100.77,19,2610.1,24564.0,
2026-09-07T08:57:30.588567+00:00,03_vlm_polymer_real_synth,0,0,4.2,5.59,60.43,47.24,NVIDIA GeForce RTX 4090,35,103.53,11,2610.1,24564.0,
2026-09-07T08:57:40.599361+00:00,03_vlm_polymer_real_synth,0,0,4.2,5.67,60.43,47.24,NVIDIA GeForce RTX 4090,35,99.88,50,2610.1,24564.0,
2026-09-07T08:57:50.613250+00:00,03_vlm_polymer_real_synth,0,0,4.2,5.65,60.43,47.24,NVIDIA GeForce RTX 4090,35,100.67,26,2610.1,24564.0,
2026-09-07T08:58:00.624054+00:00,03_vlm_polymer_real_synth,0,0,4.2,5.61,60.43,47.24,NVIDIA GeForce RTX 4090,34,100.94,48,2610.1,24564.0,
2026-09-07T08:58:10.634918+00:00,03_vlm_polymer_real_synth,0,0,4.2,5.61,60.43,47.24,NVIDIA GeForce RTX 4090,35,97.26,45,2610.1,24564.0,
2026-09-07T08:58:20.645544+00:00,03_vlm_polymer_real_synth,0,0,4.2,5.6,60.43,47.24,NVIDIA GeForce RTX 4090,35,100.86,10,2610.1,24564.0,
2026-09-07T08:58:30.656766+00:00,03_vlm_polymer_real_synth,0,0,4.2,5.64,60.43,47.24,NVIDIA GeForce RTX 4090,35,100.89,2,2610.1,24564.0,
2026-09-07T08:58:40.667804+00:00,03_vlm_polymer_real_synth,0,0,4.2,5.66,60.43,47.24,NVIDIA GeForce RTX 4090,35,102.11,9,2610.1,24564.0,
2026-09-07T08:58:50.678699+00:00,03_vlm_polymer_real_synth,0,0,4.2,5.62,60.43,47.24,NVIDIA GeForce RTX 4090,34,100.54,40,2610.1,24564.0,
2026-09-07T08:59:00.689829+00:00,03_vlm_polymer_real_synth,0,0,4.2,5.64,60.43,47.24,NVIDIA GeForce RTX 4090,36,99.67,36,2610.1,24564.0,
2026-09-07T08:59:10.701149+00:00,03_vlm_polymer_real_synth,0,0,4.2,5.63,60.43,47.24,NVIDIA GeForce RTX 4090,34,99.89,17,2610.1,24564.0,
2026-09-07T08:59:20.712343+00:00,03_vlm_polymer_real_synth,0,0,4.2,5.69,60.43,47.24,NVIDIA GeForce RTX 4090,35,103.78,65,2610.1,24564.0,
2026-09-07T08:59:30.723364+00:00,03_vlm_polymer_real_synth,0,0,4.2,5.66,60.43,47.24,NVIDIA GeForce RTX 4090,35,104.12,48,2610.1,24564.0,
2026-09-07T08:59:40.734258+00:00,03_vlm_polymer_real_synth,0,0,4.2,5.63,60.43,47.24,NVIDIA GeForce RTX 4090,35,98.59,62,2610.1,24564.0,
2026-09-07T08:59:50.745278+00:00,03_vlm_polymer_real_synth,0,0,4.2,5.61,60.43,47.24,NVIDIA GeForce RTX 4090,34,98.18,20,2610.1,24564.0,
2026-09-07T09:00:00.756096+00:00,03_vlm_polymer_real_synth,0,0,4.2,5.6,60.43,47.24,NVIDIA GeForce RTX 4090,35,101.68,21,2610.1,24564.0,
2026-09-07T09:00:10.767995+00:00,03_vlm_polymer_real_synth,0,0,4.3,5.63,60.43,47.23,NVIDIA GeForce RTX 4090,36,100.83,32,2610.1,24564.0,
2026-09-07T09:00:20.778815+00:00,03_vlm_polymer_real_synth,0,0,4.2,5.6,60.43,47.23,NVIDIA GeForce RTX 4090,34,97.51,36,2610.1,24564.0,
2026-09-07T09:00:30.790207+00:00,03_vlm_polymer_real_synth,0,0,4.2,5.61,60.43,47.23,NVIDIA GeForce RTX 4090,36,100.29,6,2610.1,24564.0,
2026-09-07T09:00:40.801857+00:00,03_vlm_polymer_real_synth,0,0,4.2,5.63,60.43,47.23,NVIDIA GeForce RTX 4090,35,94.28,36,2610.1,24564.0,
2026-09-07T09:00:50.812536+00:00,03_vlm_polymer_real_synth,0,0,4.2,5.61,60.43,47.23,NVIDIA GeForce RTX 4090,35,89.96,26,2610.1,24564.0,
2026-09-07T09:01:00.823169+00:00,03_vlm_polymer_real_synth,0,0,4.2,5.62,60.43,47.23,NVIDIA GeForce RTX 4090,35,92.22,35,2610.1,24564.0,
2026-09-07T09:01:10.834127+00:00,03_vlm_polymer_real_synth,0,0,4.0,5.63,60.43,47.23,NVIDIA GeForce RTX 4090,34,98.58,50,2610.1,24564.0,
2026-09-07T09:01:20.845251+00:00,03_vlm_polymer_real_synth,0,0,4.2,5.69,60.43,47.23,NVIDIA GeForce RTX 4090,34,98.87,31,2610.1,24564.0,
2026-09-07T09:01:30.856476+00:00,03_vlm_polymer_real_synth,0,0,4.2,5.68,60.43,47.23,NVIDIA GeForce RTX 4090,36,97.48,0,2610.1,24564.0,
2026-09-07T09:01:40.867378+00:00,03_vlm_polymer_real_synth,0,0,4.2,5.66,60.43,47.23,NVIDIA GeForce RTX 4090,35,103.79,51,2610.1,24564.0,
2026-09-07T09:01:50.878252+00:00,03_vlm_polymer_real_synth,0,0,4.2,5.64,60.43,47.23,NVIDIA GeForce RTX 4090,35,100.83,44,2610.1,24564.0,
2026-09-07T09:02:00.889093+00:00,03_vlm_polymer_real_synth,0,0,4.2,5.63,60.43,47.23,NVIDIA GeForce RTX 4090,35,103.66,41,2610.1,24564.0,
2026-09-07T09:02:10.900055+00:00,03_vlm_polymer_real_synth,0,0,4.2,5.63,60.43,47.23,NVIDIA GeForce RTX 4090,34,99.34,44,2610.1,24564.0,
2026-09-07T09:02:20.910846+00:00,03_vlm_polymer_real_synth,0,0,4.2,5.62,60.43,47.23,NVIDIA GeForce RTX 4090,36,98.58,7,2610.1,24564.0,
2026-09-07T09:02:30.922126+00:00,03_vlm_polymer_real_synth,0,0,4.2,5.62,60.43,47.23,NVIDIA GeForce RTX 4090,37,97.97,66,2610.1,24564.0,
2026-09-07T09:02:40.933004+00:00,03_vlm_polymer_real_synth,0,0,4.2,5.62,60.43,47.23,NVIDIA GeForce RTX 4090,36,99.89,27,2610.1,24564.0,
2026-09-07T09:02:50.943940+00:00,03_vlm_polymer_real_synth,0,0,4.2,5.72,60.43,47.23,NVIDIA GeForce RTX 4090,35,99.87,37,2610.1,24564.0,
2026-09-07T09:03:00.955195+00:00,03_vlm_polymer_real_synth,0,0,4.2,5.65,60.43,47.23,NVIDIA GeForce RTX 4090,35,101.76,59,2610.1,24564.0,
2026-09-07T09:03:10.966337+00:00,03_vlm_polymer_real_synth,0,0,4.2,5.68,60.43,47.23,NVIDIA GeForce RTX 4090,34,98.11,26,2610.1,24564.0,
2026-09-07T09:03:20.978009+00:00,03_vlm_polymer_real_synth,0,0,4.2,5.68,60.43,47.23,NVIDIA GeForce RTX 4090,34,99.75,2,2610.1,24564.0,
2026-09-07T09:03:30.989520+00:00,03_vlm_polymer_real_synth,0,0,4.2,5.65,60.43,47.23,NVIDIA GeForce RTX 4090,35,97.43,66,2610.1,24564.0,
2026-09-07T09:03:41.000441+00:00,03_vlm_polymer_real_synth,0,0,4.2,5.64,60.43,47.23,NVIDIA GeForce RTX 4090,35,98.0,56,2610.1,24564.0,
2026-09-07T09:03:51.011297+00:00,03_vlm_polymer_real_synth,0,0,4.2,5.63,60.43,47.23,NVIDIA GeForce RTX 4090,35,100.48,7,2610.1,24564.0,
2026-09-07T09:04:01.025125+00:00,03_vlm_polymer_real_synth,0,0,4.2,5.7,60.43,47.23,NVIDIA GeForce RTX 4090,37,100.01,56,2610.1,24564.0,
2026-09-07T09:04:11.036167+00:00,03_vlm_polymer_real_synth,0,0,4.2,5.64,60.43,47.23,NVIDIA GeForce RTX 4090,35,101.63,12,2610.1,24564.0,
2026-09-07T09:04:21.047346+00:00,03_vlm_polymer_real_synth,0,0,4.2,5.64,60.43,47.23,NVIDIA GeForce RTX 4090,34,99.09,21,2610.1,24564.0,
2026-09-07T09:04:31.060460+00:00,03_vlm_polymer_real_synth,0,0,4.2,5.61,60.43,47.23,NVIDIA GeForce RTX 4090,35,99.28,68,2610.1,24564.0,
2026-09-07T09:04:41.071414+00:00,03_vlm_polymer_real_synth,0,0,4.2,5.62,60.43,47.23,NVIDIA GeForce RTX 4090,35,98.52,46,2610.1,24564.0,
2026-09-07T09:04:51.082418+00:00,03_vlm_polymer_real_synth,0,0,4.2,5.63,60.43,47.23,NVIDIA GeForce RTX 4090,35,97.65,0,2610.1,24564.0,
2026-09-07T09:05:01.094480+00:00,03_vlm_polymer_real_synth,0,0,4.2,5.62,60.43,47.23,NVIDIA GeForce RTX 4090,36,98.84,0,2610.1,24564.0,
2026-09-07T09:05:11.105416+00:00,03_vlm_polymer_real_synth,0,0,4.2,5.66,60.43,47.23,NVIDIA GeForce RTX 4090,35,100.76,18,2610.1,24564.0,
2026-09-07T09:05:21.116719+00:00,03_vlm_polymer_real_synth,0,0,4.2,5.65,60.43,47.23,NVIDIA GeForce RTX 4090,34,99.87,50,2610.1,24564.0,
2026-09-07T09:05:31.128434+00:00,03_vlm_polymer_real_synth,0,0,4.2,5.61,60.43,47.23,NVIDIA GeForce RTX 4090,34,97.46,28,2610.1,24564.0,
2026-09-07T09:05:41.139783+00:00,03_vlm_polymer_real_synth,0,0,4.2,5.62,60.43,47.23,NVIDIA GeForce RTX 4090,34,99.35,50,2610.1,24564.0,
2026-09-07T09:05:51.150872+00:00,03_vlm_polymer_real_synth,0,0,4.2,5.6,60.43,47.23,NVIDIA GeForce RTX 4090,35,97.99,25,2610.1,24564.0,
2026-09-07T09:06:01.161701+00:00,03_vlm_polymer_real_synth,0,0,4.2,5.66,60.43,47.23,NVIDIA GeForce RTX 4090,35,99.73,49,2610.1,24564.0,
2026-09-07T09:06:11.173062+00:00,03_vlm_polymer_real_synth,0,0,4.2,5.65,60.43,47.23,NVIDIA GeForce RTX 4090,35,98.86,0,2610.1,24564.0,
2026-09-07T09:06:21.184405+00:00,03_vlm_polymer_real_synth,0,0,4.2,5.62,60.43,47.23,NVIDIA GeForce RTX 4090,37,100.31,45,2610.1,24564.0,
2026-09-07T09:06:31.196467+00:00,03_vlm_polymer_real_synth,0,0,4.2,5.6,60.43,47.23,NVIDIA GeForce RTX 4090,35,98.1,46,2610.1,24564.0,
2026-09-07T09:06:41.207908+00:00,03_vlm_polymer_real_synth,0,0,4.2,5.59,60.43,47.23,NVIDIA GeForce RTX 4090,35,99.5,29,2610.1,24564.0,
2026-09-07T09:06:51.221421+00:00,03_vlm_polymer_real_synth,0,0,4.2,5.64,60.43,47.23,NVIDIA GeForce RTX 4090,35,99.26,2,2610.1,24564.0,
2026-09-07T09:07:01.232271+00:00,03_vlm_polymer_real_synth,0,0,4.2,5.65,60.43,47.23,NVIDIA GeForce RTX 4090,34,97.69,9,2610.1,24564.0,
2026-09-07T09:07:11.243284+00:00,03_vlm_polymer_real_synth,0,0,4.2,5.66,60.43,47.23,NVIDIA GeForce RTX 4090,34,100.25,61,2610.1,24564.0,
2026-09-07T09:07:21.254730+00:00,03_vlm_polymer_real_synth,0,0,4.2,5.62,60.43,47.23,NVIDIA GeForce RTX 4090,35,97.58,1,2610.1,24564.0,
2026-09-07T09:07:31.265746+00:00,03_vlm_polymer_real_synth,0,0,4.2,5.59,60.43,47.23,NVIDIA GeForce RTX 4090,35,97.68,1,2610.1,24564.0,
2026-09-07T09:07:41.276829+00:00,03_vlm_polymer_real_synth,0,0,4.2,5.58,60.43,47.23,NVIDIA GeForce RTX 4090,37,101.17,31,2610.1,24564.0,
2026-09-07T09:07:51.287875+00:00,03_vlm_polymer_real_synth,0,0,4.2,5.61,60.43,47.23,NVIDIA GeForce RTX 4090,35,98.11,32,2610.1,24564.0,
2026-09-07T09:08:01.298940+00:00,03_vlm_polymer_real_synth,0,0,4.2,5.62,60.43,47.23,NVIDIA GeForce RTX 4090,35,89.59,25,2610.1,24564.0,
2026-09-07T09:08:11.310097+00:00,03_vlm_polymer_real_synth,0,0,4.2,5.61,60.43,47.23,NVIDIA GeForce RTX 4090,34,91.07,28,2610.1,24564.0,
2026-09-07T09:08:21.321283+00:00,03_vlm_polymer_real_synth,0,0,4.2,5.6,60.43,47.23,NVIDIA GeForce RTX 4090,34,99.08,64,2610.1,24564.0,
2026-09-07T09:08:31.332539+00:00,03_vlm_polymer_real_synth,0,0,4.2,5.59,60.43,47.23,NVIDIA GeForce RTX 4090,34,99.83,0,2610.1,24564.0,
2026-09-07T09:08:41.344063+00:00,03_vlm_polymer_real_synth,0,0,4.2,5.59,60.43,47.23,NVIDIA GeForce RTX 4090,35,97.9,49,2610.1,24564.0,
2026-09-07T09:08:51.355094+00:00,03_vlm_polymer_real_synth,0,0,4.2,5.59,60.43,47.23,NVIDIA GeForce RTX 4090,35,99.95,54,2610.1,24564.0,
2026-09-07T09:09:01.366081+00:00,03_vlm_polymer_real_synth,0,0,4.2,5.6,60.43,47.23,NVIDIA GeForce RTX 4090,37,99.95,27,2610.1,24564.0,
2026-09-07T09:09:11.377298+00:00,03_vlm_polymer_real_synth,0,0,4.2,5.6,60.43,47.23,NVIDIA GeForce RTX 4090,35,98.12,24,2610.1,24564.0,
2026-09-07T09:09:21.388819+00:00,03_vlm_polymer_real_synth,0,0,4.2,5.64,60.43,47.23,NVIDIA GeForce RTX 4090,34,100.02,32,2610.1,24564.0,
2026-09-07T09:09:31.400011+00:00,03_vlm_polymer_real_synth,0,0,4.2,5.62,60.43,47.23,NVIDIA GeForce RTX 4090,35,102.41,37,2610.1,24564.0,
2026-09-07T09:09:41.410863+00:00,03_vlm_polymer_real_synth,0,0,4.2,5.61,60.43,47.23,NVIDIA GeForce RTX 4090,35,101.84,14,2610.1,24564.0,
2026-09-07T09:09:51.421858+00:00,03_vlm_polymer_real_synth,0,0,4.2,5.61,60.43,47.23,NVIDIA GeForce RTX 4090,34,98.78,49,2610.1,24564.0,
2026-09-07T09:10:01.433034+00:00,03_vlm_polymer_real_synth,0,0,4.2,5.6,60.43,47.23,NVIDIA GeForce RTX 4090,35,99.96,65,2610.1,24564.0,
2026-09-07T09:10:11.444072+00:00,03_vlm_polymer_real_synth,0,0,4.2,5.63,60.43,47.23,NVIDIA GeForce RTX 4090,35,96.86,61,2610.1,24564.0,
2026-09-07T09:10:21.455320+00:00,03_vlm_polymer_real_synth,0,0,4.2,5.63,60.43,47.23,NVIDIA GeForce RTX 4090,36,102.41,43,2610.1,24564.0,
2026-09-07T09:10:31.466145+00:00,03_vlm_polymer_real_synth,0,0,4.2,5.71,60.43,47.23,NVIDIA GeForce RTX 4090,35,101.28,65,2610.1,24564.0,
2026-09-07T09:10:41.477120+00:00,03_vlm_polymer_real_synth,0,0,4.2,5.66,60.43,47.23,NVIDIA GeForce RTX 4090,35,97.29,11,2610.1,24564.0,
2026-09-07T09:10:51.488444+00:00,03_vlm_polymer_real_synth,0,0,4.2,5.66,60.43,47.23,NVIDIA GeForce RTX 4090,36,99.75,34,2610.1,24564.0,
2026-09-07T09:11:01.499537+00:00,03_vlm_polymer_real_synth,0,0,4.2,5.65,60.43,47.23,NVIDIA GeForce RTX 4090,35,97.45,0,2610.1,24564.0,
2026-09-07T09:11:11.510788+00:00,03_vlm_polymer_real_synth,0,0,4.2,5.65,60.43,47.23,NVIDIA GeForce RTX 4090,34,98.11,33,2610.1,24564.0,
2026-09-07T09:11:21.521772+00:00,03_vlm_polymer_real_synth,0,0,4.2,5.65,60.43,47.23,NVIDIA GeForce RTX 4090,35,101.17,65,2610.1,24564.0,
2026-09-07T09:11:31.532585+00:00,03_vlm_polymer_real_synth,0,0,4.2,5.64,60.43,47.23,NVIDIA GeForce RTX 4090,35,97.28,24,2610.1,24564.0,
2026-09-07T09:11:41.543682+00:00,03_vlm_polymer_real_synth,0,0,4.2,5.65,60.43,47.23,NVIDIA GeForce RTX 4090,35,96.76,44,2610.1,24564.0,
2026-09-07T09:11:51.554795+00:00,03_vlm_polymer_real_synth,0,0,4.2,5.65,60.43,47.23,NVIDIA GeForce RTX 4090,35,103.42,16,2610.1,24564.0,
2026-09-07T09:12:01.566176+00:00,03_vlm_polymer_real_synth,0,0,4.2,5.69,60.43,47.23,NVIDIA GeForce RTX 4090,36,97.86,35,2610.1,24564.0,
2026-09-07T09:12:11.577188+00:00,03_vlm_polymer_real_synth,0,0,4.2,5.66,60.43,47.23,NVIDIA GeForce RTX 4090,36,100.97,37,2610.1,24564.0,
2026-09-07T09:12:21.588079+00:00,03_vlm_polymer_real_synth,0,0,4.2,5.66,60.43,47.23,NVIDIA GeForce RTX 4090,34,97.47,16,2610.1,24564.0,
2026-09-07T09:12:31.599258+00:00,03_vlm_polymer_real_synth,0,0,4.2,5.7,60.43,47.23,NVIDIA GeForce RTX 4090,35,101.42,53,2610.1,24564.0,
2026-09-07T09:12:41.610169+00:00,03_vlm_polymer_real_synth,0,0,4.2,5.64,60.43,47.23,NVIDIA GeForce RTX 4090,35,98.53,1,2610.1,24564.0,
2026-09-07T09:12:51.621703+00:00,03_vlm_polymer_real_synth,0,0,4.2,5.66,60.43,47.23,NVIDIA GeForce RTX 4090,37,99.55,26,2610.1,24564.0,
2026-09-07T09:13:01.633020+00:00,03_vlm_polymer_real_synth,0,0,4.2,5.63,60.43,47.23,NVIDIA GeForce RTX 4090,35,99.75,46,2610.1,24564.0,
2026-09-07T09:13:11.644019+00:00,03_vlm_polymer_real_synth,0,0,4.2,5.62,60.43,47.23,NVIDIA GeForce RTX 4090,36,100.59,23,2610.1,24564.0,
2026-09-07T09:13:21.654990+00:00,03_vlm_polymer_real_synth,0,0,4.2,5.59,60.43,47.23,NVIDIA GeForce RTX 4090,34,100.48,0,2610.1,24564.0,
2026-09-07T09:13:31.666009+00:00,03_vlm_polymer_real_synth,0,0,4.2,5.58,60.43,47.23,NVIDIA GeForce RTX 4090,35,97.4,52,2610.1,24564.0,
2026-09-07T09:13:41.677151+00:00,03_vlm_polymer_real_synth,0,0,4.2,5.6,60.43,47.23,NVIDIA GeForce RTX 4090,35,98.4,48,2610.1,24564.0,
2026-09-07T09:13:51.690384+00:00,03_vlm_polymer_real_synth,0,0,4.2,5.61,60.43,47.23,NVIDIA GeForce RTX 4090,35,98.02,0,2610.1,24564.0,
2026-09-07T09:14:01.702022+00:00,03_vlm_polymer_real_synth,0,0,4.2,5.6,60.43,47.23,NVIDIA GeForce RTX 4090,35,100.76,67,2610.1,24564.0,
2026-09-07T09:14:11.712842+00:00,03_vlm_polymer_real_synth,0,0,4.2,5.6,60.43,47.23,NVIDIA GeForce RTX 4090,35,97.43,13,2610.1,24564.0,
2026-09-07T09:14:21.725257+00:00,03_vlm_polymer_real_synth,0,0,4.2,5.61,60.43,47.23,NVIDIA GeForce RTX 4090,35,97.5,23,2610.1,24564.0,
2026-09-07T09:14:31.736507+00:00,03_vlm_polymer_real_synth,0,0,4.2,5.62,60.43,47.23,NVIDIA GeForce RTX 4090,35,96.86,0,2610.1,24564.0,
2026-09-07T09:14:41.747432+00:00,03_vlm_polymer_real_synth,0,0,4.2,5.59,60.43,47.23,NVIDIA GeForce RTX 4090,35,96.83,10,2610.1,24564.0,
2026-09-07T09:14:51.758600+00:00,03_vlm_polymer_real_synth,0,0,4.2,5.6,60.43,47.23,NVIDIA GeForce RTX 4090,34,102.04,49,2610.1,24564.0,
2026-09-07T09:15:01.769705+00:00,03_vlm_polymer_real_synth,0,0,4.2,5.61,60.43,47.23,NVIDIA GeForce RTX 4090,34,97.51,55,2610.1,24564.0,
2026-09-07T09:15:11.781834+00:00,03_vlm_polymer_real_synth,0,0,4.2,5.59,60.43,47.23,NVIDIA GeForce RTX 4090,34,89.9,30,2610.1,24564.0,
2026-09-07T09:15:21.793203+00:00,03_vlm_polymer_real_synth,0,0,4.2,5.59,60.43,47.23,NVIDIA GeForce RTX 4090,34,89.63,31,2610.1,24564.0,
2026-09-07T09:15:31.804821+00:00,03_vlm_polymer_real_synth,0,0,4.0,5.59,60.43,47.23,NVIDIA GeForce RTX 4090,34,98.04,45,2610.1,24564.0,
2026-09-07T09:15:41.816348+00:00,03_vlm_polymer_real_synth,0,0,4.2,5.61,60.43,47.23,NVIDIA GeForce RTX 4090,34,98.31,10,2610.1,24564.0,
2026-09-07T09:15:51.827977+00:00,03_vlm_polymer_real_synth,0,0,4.7,5.62,60.43,47.23,NVIDIA GeForce RTX 4090,35,101.17,4,2610.1,24564.0,
2026-09-07T09:16:01.839281+00:00,03_vlm_polymer_real_synth,0,0,4.2,5.65,60.43,47.23,NVIDIA GeForce RTX 4090,35,99.47,14,2610.1,24564.0,
2026-09-07T09:16:11.850656+00:00,03_vlm_polymer_real_synth,0,0,4.2,5.66,60.43,47.23,NVIDIA GeForce RTX 4090,34,99.28,39,2610.1,24564.0,
2026-09-07T09:16:21.862030+00:00,03_vlm_polymer_real_synth,0,0,4.2,5.67,60.43,47.23,NVIDIA GeForce RTX 4090,34,99.54,63,2610.1,24564.0,
2026-09-07T09:16:31.873243+00:00,03_vlm_polymer_real_synth,0,0,4.2,5.66,60.43,47.23,NVIDIA GeForce RTX 4090,35,101.01,55,2610.1,24564.0,
2026-09-07T09:16:41.884232+00:00,03_vlm_polymer_real_synth,0,0,4.2,5.65,60.43,47.23,NVIDIA GeForce RTX 4090,35,97.08,18,2610.1,24564.0,
2026-09-07T09:16:51.895643+00:00,03_vlm_polymer_real_synth,0,0,4.2,5.61,60.43,47.23,NVIDIA GeForce RTX 4090,34,98.64,64,2610.1,24564.0,
2026-09-07T09:17:01.906541+00:00,03_vlm_polymer_real_synth,0,0,4.2,5.63,60.43,47.23,NVIDIA GeForce RTX 4090,35,101.39,0,2610.1,24564.0,
2026-09-07T09:17:11.918910+00:00,03_vlm_polymer_real_synth,0,0,4.2,5.62,60.43,47.23,NVIDIA GeForce RTX 4090,35,101.87,30,2610.1,24564.0,
2026-09-07T09:17:21.929946+00:00,03_vlm_polymer_real_synth,0,0,4.2,5.64,60.43,47.23,NVIDIA GeForce RTX 4090,35,97.57,23,2610.1,24564.0,
2026-09-07T09:17:31.942082+00:00,03_vlm_polymer_real_synth,0,0,4.2,5.63,60.43,47.23,NVIDIA GeForce RTX 4090,35,101.08,41,2610.1,24564.0,
2026-09-07T09:17:41.954418+00:00,03_vlm_polymer_real_synth,0,0,4.2,5.64,60.43,47.23,NVIDIA GeForce RTX 4090,35,101.15,37,2610.1,24564.0,
2026-09-07T09:17:51.965373+00:00,03_vlm_polymer_real_synth,0,0,4.2,5.63,60.43,47.23,NVIDIA GeForce RTX 4090,36,98.97,50,2610.1,24564.0,
2026-09-07T09:18:01.976541+00:00,03_vlm_polymer_real_synth,0,0,4.2,5.65,60.43,47.23,NVIDIA GeForce RTX 4090,35,99.2,48,2610.1,24564.0,
2026-09-07T09:18:11.987775+00:00,03_vlm_polymer_real_synth,0,0,4.2,5.66,60.43,47.23,NVIDIA GeForce RTX 4090,36,101.05,58,2610.1,24564.0,
2026-09-07T09:18:21.998736+00:00,03_vlm_polymer_real_synth,0,0,4.2,4.58,60.43,47.23,NVIDIA GeForce RTX 4090,35,99.69,52,2610.1,24564.0,
2026-09-07T09:18:32.009744+00:00,03_vlm_polymer_real_synth,0,0,4.2,4.58,60.43,47.23,NVIDIA GeForce RTX 4090,34,99.05,19,2610.1,24564.0,
2026-09-07T09:18:42.021421+00:00,03_vlm_polymer_real_synth,0,0,4.2,4.58,60.43,47.23,NVIDIA GeForce RTX 4090,34,100.94,31,2610.1,24564.0,
2026-09-07T09:18:52.032883+00:00,03_vlm_polymer_real_synth,0,0,4.2,4.49,60.43,47.23,NVIDIA GeForce RTX 4090,34,101.64,29,2610.1,24564.0,
2026-09-07T09:19:02.043766+00:00,03_vlm_polymer_real_synth,0,0,4.2,4.49,60.43,47.23,NVIDIA GeForce RTX 4090,36,97.08,50,2610.1,24564.0,
2026-09-07T09:19:12.054944+00:00,03_vlm_polymer_real_synth,0,0,4.2,4.49,60.43,47.23,NVIDIA GeForce RTX 4090,36,100.41,21,2610.1,24564.0,
2026-09-07T09:19:22.065977+00:00,03_vlm_polymer_real_synth,0,0,4.2,4.51,60.43,47.23,NVIDIA GeForce RTX 4090,35,100.52,21,2610.1,24564.0,
2026-09-07T09:19:32.077120+00:00,03_vlm_polymer_real_synth,0,0,4.2,4.52,60.43,47.23,NVIDIA GeForce RTX 4090,35,98.59,32,2610.1,24564.0,
2026-09-07T09:19:42.088820+00:00,03_vlm_polymer_real_synth,0,0,4.2,4.53,60.43,47.23,NVIDIA GeForce RTX 4090,35,97.33,17,2610.1,24564.0,
2026-09-07T09:19:52.099600+00:00,03_vlm_polymer_real_synth,0,0,4.2,4.51,60.43,47.23,NVIDIA GeForce RTX 4090,36,97.8,54,2610.1,24564.0,
2026-09-07T09:20:02.110775+00:00,03_vlm_polymer_real_synth,0,0,4.2,4.49,60.43,47.23,NVIDIA GeForce RTX 4090,35,97.19,5,2610.1,24564.0,
2026-09-07T09:20:12.121808+00:00,03_vlm_polymer_real_synth,0,0,4.2,4.51,60.43,47.23,NVIDIA GeForce RTX 4090,34,97.51,34,2610.1,24564.0,
2026-09-07T09:20:22.133061+00:00,03_vlm_polymer_real_synth,0,0,4.2,4.49,60.43,47.23,NVIDIA GeForce RTX 4090,35,101.91,47,2610.1,24564.0,
2026-09-07T09:20:32.143915+00:00,03_vlm_polymer_real_synth,0,0,4.2,4.51,60.43,47.23,NVIDIA GeForce RTX 4090,36,97.2,10,2610.1,24564.0,
2026-09-07T09:20:42.155467+00:00,03_vlm_polymer_real_synth,0,0,4.2,4.52,60.43,47.23,NVIDIA GeForce RTX 4090,35,102.79,37,2610.1,24564.0,
2026-09-07T09:20:52.166822+00:00,03_vlm_polymer_real_synth,0,0,4.2,4.5,60.43,47.23,NVIDIA GeForce RTX 4090,35,102.7,29,2610.1,24564.0,
2026-09-07T09:21:02.177973+00:00,03_vlm_polymer_real_synth,0,0,4.2,4.52,60.43,47.23,NVIDIA GeForce RTX 4090,34,99.7,38,2610.1,24564.0,
2026-09-07T09:21:12.189190+00:00,03_vlm_polymer_real_synth,0,0,4.2,4.52,60.43,47.23,NVIDIA GeForce RTX 4090,35,98.84,54,2610.1,24564.0,
2026-09-07T09:21:22.200239+00:00,03_vlm_polymer_real_synth,0,0,4.2,4.52,60.43,47.23,NVIDIA GeForce RTX 4090,34,100.15,39,2610.1,24564.0,
2026-09-07T09:21:32.211231+00:00,03_vlm_polymer_real_synth,0,0,4.2,4.52,60.43,47.23,NVIDIA GeForce RTX 4090,35,99.91,3,2610.1,24564.0,
2026-09-07T09:21:42.222247+00:00,03_vlm_polymer_real_synth,0,0,4.2,4.5,60.43,47.23,NVIDIA GeForce RTX 4090,34,97.26,46,2610.1,24564.0,
2026-09-07T09:21:52.233086+00:00,03_vlm_polymer_real_synth,0,0,4.2,4.53,60.43,47.23,NVIDIA GeForce RTX 4090,34,97.58,6,2610.1,24564.0,
2026-09-07T09:22:02.244422+00:00,03_vlm_polymer_real_synth,0,0,4.2,4.5,60.43,47.23,NVIDIA GeForce RTX 4090,35,102.11,28,2610.1,24564.0,
2026-09-07T09:22:12.256226+00:00,03_vlm_polymer_real_synth,0,0,4.2,4.51,60.43,47.23,NVIDIA GeForce RTX 4090,35,98.74,8,2610.1,24564.0,
2026-09-07T09:22:22.267385+00:00,03_vlm_polymer_real_synth,0,0,4.2,4.5,60.43,47.23,NVIDIA GeForce RTX 4090,35,98.68,9,2610.1,24564.0,
2026-09-07T09:22:32.278211+00:00,03_vlm_polymer_real_synth,0,0,4.2,4.49,60.43,47.23,NVIDIA GeForce RTX 4090,34,90.84,32,2610.1,24564.0,
2026-09-07T09:22:42.289279+00:00,03_vlm_polymer_real_synth,0,0,4.2,4.48,60.43,47.23,NVIDIA GeForce RTX 4090,34,91.78,32,2610.1,24564.0,
2026-09-07T09:22:52.300183+00:00,03_vlm_polymer_real_synth,0,0,3.3,4.54,60.43,47.23,NVIDIA GeForce RTX 4090,35,92.32,34,3228.1,24564.0,
2026-09-07T09:23:02.311270+00:00,03_vlm_polymer_real_synth,0,0,4.2,4.53,60.43,47.23,NVIDIA GeForce RTX 4090,34,92.73,29,3228.1,24564.0,
2026-09-07T09:23:12.322155+00:00,03_vlm_polymer_real_synth,1,1,3.4,4.41,60.43,47.23,NVIDIA GeForce RTX 4090,34,98.81,44,2608.1,24564.0,
2026-09-07T09:23:22.333730+00:00,03_vlm_polymer_real_synth,1,1,4.2,4.32,60.43,47.23,NVIDIA GeForce RTX 4090,35,103.44,48,2610.1,24564.0,
2026-09-07T09:23:32.345523+00:00,03_vlm_polymer_real_synth,1,1,4.2,4.31,60.43,47.23,NVIDIA GeForce RTX 4090,34,97.25,40,2610.1,24564.0,
2026-09-07T09:23:42.356611+00:00,03_vlm_polymer_real_synth,1,1,4.2,4.31,60.43,47.23,NVIDIA GeForce RTX 4090,34,101.0,41,2610.1,24564.0,
2026-09-07T09:23:52.367776+00:00,03_vlm_polymer_real_synth,1,1,4.2,4.3,60.43,47.23,NVIDIA GeForce RTX 4090,34,101.22,62,2610.1,24564.0,
2026-09-07T09:24:02.378798+00:00,03_vlm_polymer_real_synth,1,1,4.2,4.29,60.43,47.23,NVIDIA GeForce RTX 4090,34,102.32,65,2610.1,24564.0,
2026-09-07T09:24:12.389519+00:00,03_vlm_polymer_real_synth,1,1,4.2,4.3,60.43,47.23,NVIDIA GeForce RTX 4090,36,99.93,38,2610.1,24564.0,
2026-09-07T09:24:22.400503+00:00,03_vlm_polymer_real_synth,1,1,4.2,4.3,60.43,47.23,NVIDIA GeForce RTX 4090,34,100.07,55,2610.1,24564.0,
2026-09-07T09:24:32.411840+00:00,03_vlm_polymer_real_synth,1,1,4.2,4.3,60.43,47.23,NVIDIA GeForce RTX 4090,34,97.31,65,2610.1,24564.0,
2026-09-07T09:24:42.422686+00:00,03_vlm_polymer_real_synth,1,1,4.2,4.34,60.43,47.23,NVIDIA GeForce RTX 4090,34,99.78,46,2610.1,24564.0,
2026-09-07T09:24:52.434181+00:00,03_vlm_polymer_real_synth,1,1,4.2,4.37,60.43,47.23,NVIDIA GeForce RTX 4090,35,97.27,55,2610.1,24564.0,
2026-09-07T09:25:02.446526+00:00,03_vlm_polymer_real_synth,1,1,4.2,4.39,60.43,47.23,NVIDIA GeForce RTX 4090,36,103.03,32,2610.1,24564.0,
2026-09-07T09:25:12.457612+00:00,03_vlm_polymer_real_synth,1,1,4.2,4.39,60.43,47.23,NVIDIA GeForce RTX 4090,35,100.61,22,2610.1,24564.0,
2026-09-07T09:25:22.468593+00:00,03_vlm_polymer_real_synth,1,1,4.2,4.41,60.43,47.23,NVIDIA GeForce RTX 4090,34,101.27,48,2610.1,24564.0,
2026-09-07T09:25:32.480530+00:00,03_vlm_polymer_real_synth,1,1,4.2,4.38,60.43,47.23,NVIDIA GeForce RTX 4090,35,98.11,4,2610.1,24564.0,
2026-09-07T09:25:42.491854+00:00,03_vlm_polymer_real_synth,1,1,4.2,4.39,60.43,47.23,NVIDIA GeForce RTX 4090,34,104.22,16,2610.1,24564.0,
2026-09-07T09:25:52.502793+00:00,03_vlm_polymer_real_synth,1,1,4.2,4.4,60.43,47.23,NVIDIA GeForce RTX 4090,35,97.31,4,2610.1,24564.0,
2026-09-07T09:26:02.513811+00:00,03_vlm_polymer_real_synth,1,1,4.2,4.44,60.43,47.23,NVIDIA GeForce RTX 4090,35,99.03,13,2610.1,24564.0,
2026-09-07T09:26:12.525105+00:00,03_vlm_polymer_real_synth,1,1,4.2,4.43,60.43,47.23,NVIDIA GeForce RTX 4090,34,101.28,57,2610.1,24564.0,
2026-09-07T09:26:22.536056+00:00,03_vlm_polymer_real_synth,1,1,4.2,4.38,60.43,47.23,NVIDIA GeForce RTX 4090,35,97.27,31,2610.1,24564.0,
2026-09-07T09:26:32.547084+00:00,03_vlm_polymer_real_synth,1,1,4.2,4.39,60.43,47.23,NVIDIA GeForce RTX 4090,35,96.94,11,2610.1,24564.0,
2026-09-07T09:26:42.559931+00:00,03_vlm_polymer_real_synth,1,1,4.2,4.37,60.43,47.23,NVIDIA GeForce RTX 4090,36,97.24,24,2610.1,24564.0,
2026-09-07T09:26:52.570986+00:00,03_vlm_polymer_real_synth,1,1,4.2,4.37,60.43,47.23,NVIDIA GeForce RTX 4090,35,97.29,7,2610.1,24564.0,
2026-09-07T09:27:02.582254+00:00,03_vlm_polymer_real_synth,1,1,4.2,4.34,60.43,47.23,NVIDIA GeForce RTX 4090,34,99.85,20,2610.1,24564.0,
2026-09-07T09:27:12.593402+00:00,03_vlm_polymer_real_synth,1,1,4.2,4.39,60.43,47.23,NVIDIA GeForce RTX 4090,35,100.42,57,2610.1,24564.0,
2026-09-07T09:27:22.604354+00:00,03_vlm_polymer_real_synth,1,1,4.2,4.34,60.43,47.23,NVIDIA GeForce RTX 4090,35,100.42,44,2610.1,24564.0,
2026-09-07T09:27:32.615160+00:00,03_vlm_polymer_real_synth,1,1,4.2,4.31,60.43,47.23,NVIDIA GeForce RTX 4090,35,100.93,37,2610.1,24564.0,
2026-09-07T09:27:42.626081+00:00,03_vlm_polymer_real_synth,1,1,4.2,4.35,60.43,47.23,NVIDIA GeForce RTX 4090,35,99.62,49,2610.1,24564.0,
2026-09-07T09:27:52.637039+00:00,03_vlm_polymer_real_synth,1,1,4.2,4.35,60.43,47.23,NVIDIA GeForce RTX 4090,35,99.25,65,2610.1,24564.0,
2026-09-07T09:28:02.648344+00:00,03_vlm_polymer_real_synth,1,1,4.2,4.35,60.43,47.23,NVIDIA GeForce RTX 4090,34,99.34,35,2610.1,24564.0,
2026-09-07T09:28:12.659721+00:00,03_vlm_polymer_real_synth,1,1,4.2,4.34,60.43,47.23,NVIDIA GeForce RTX 4090,35,101.22,49,2610.1,24564.0,
2026-09-07T09:28:22.670905+00:00,03_vlm_polymer_real_synth,1,1,4.2,4.35,60.43,47.23,NVIDIA GeForce RTX 4090,35,103.78,25,2610.1,24564.0,
2026-09-07T09:28:32.681816+00:00,03_vlm_polymer_real_synth,1,1,4.2,4.33,60.43,47.23,NVIDIA GeForce RTX 4090,35,104.26,24,2610.1,24564.0,
2026-09-07T09:28:42.692571+00:00,03_vlm_polymer_real_synth,1,1,4.2,4.37,60.43,47.23,NVIDIA GeForce RTX 4090,35,101.64,11,2610.1,24564.0,
2026-09-07T09:28:52.704412+00:00,03_vlm_polymer_real_synth,1,1,4.2,4.36,60.43,47.23,NVIDIA GeForce RTX 4090,37,101.14,40,2610.1,24564.0,
2026-09-07T09:29:02.716053+00:00,03_vlm_polymer_real_synth,1,1,4.2,4.39,60.43,47.23,NVIDIA GeForce RTX 4090,35,97.18,24,2610.1,24564.0,
2026-09-07T09:29:12.727125+00:00,03_vlm_polymer_real_synth,1,1,4.2,4.32,60.43,47.23,NVIDIA GeForce RTX 4090,35,103.59,40,2610.1,24564.0,
2026-09-07T09:29:22.738124+00:00,03_vlm_polymer_real_synth,1,1,4.2,4.3,60.43,47.23,NVIDIA GeForce RTX 4090,35,96.71,14,2610.1,24564.0,
2026-09-07T09:29:32.749157+00:00,03_vlm_polymer_real_synth,1,1,4.2,4.3,60.43,47.23,NVIDIA GeForce RTX 4090,34,101.59,50,2610.1,24564.0,
2026-09-07T09:29:42.760161+00:00,03_vlm_polymer_real_synth,1,1,4.2,4.35,60.43,47.23,NVIDIA GeForce RTX 4090,36,96.83,7,2610.1,24564.0,
2026-09-07T09:29:52.772198+00:00,03_vlm_polymer_real_synth,1,1,4.2,4.33,60.43,47.23,NVIDIA GeForce RTX 4090,35,100.03,47,2610.1,24564.0,
2026-09-07T09:30:02.783107+00:00,03_vlm_polymer_real_synth,1,1,4.2,4.38,60.43,47.23,NVIDIA GeForce RTX 4090,36,96.97,35,2610.1,24564.0,
2026-09-07T09:30:12.794119+00:00,03_vlm_polymer_real_synth,1,1,4.2,4.38,60.43,47.23,NVIDIA GeForce RTX 4090,35,91.85,25,2610.1,24564.0,
2026-09-07T09:30:22.805426+00:00,03_vlm_polymer_real_synth,1,1,4.2,4.36,60.43,47.23,NVIDIA GeForce RTX 4090,34,92.03,36,2610.1,24564.0,
2026-09-07T09:30:32.816514+00:00,03_vlm_polymer_real_synth,1,1,4.0,4.4,60.43,47.22,NVIDIA GeForce RTX 4090,34,102.15,35,2610.1,24564.0,
2026-09-07T09:30:42.827527+00:00,03_vlm_polymer_real_synth,1,1,4.2,4.37,60.43,47.22,NVIDIA GeForce RTX 4090,36,99.48,35,2610.1,24564.0,
2026-09-07T09:30:52.838584+00:00,03_vlm_polymer_real_synth,1,1,4.2,4.36,60.43,47.22,NVIDIA GeForce RTX 4090,35,101.74,23,2610.1,24564.0,
2026-09-07T09:31:02.849479+00:00,03_vlm_polymer_real_synth,1,1,4.2,4.36,60.43,47.22,NVIDIA GeForce RTX 4090,36,101.61,42,2610.1,24564.0,
2026-09-07T09:31:12.861630+00:00,03_vlm_polymer_real_synth,1,1,4.2,4.36,60.43,47.22,NVIDIA GeForce RTX 4090,36,99.13,31,2610.1,24564.0,
2026-09-07T09:31:22.872373+00:00,03_vlm_polymer_real_synth,1,1,4.2,4.35,60.43,47.22,NVIDIA GeForce RTX 4090,34,101.23,0,2610.1,24564.0,
2026-09-07T09:31:32.884305+00:00,03_vlm_polymer_real_synth,1,1,4.2,4.35,60.43,47.22,NVIDIA GeForce RTX 4090,35,98.14,41,2610.1,24564.0,
2026-09-07T09:31:42.896337+00:00,03_vlm_polymer_real_synth,1,1,4.2,4.46,60.43,47.22,NVIDIA GeForce RTX 4090,36,101.53,33,2610.1,24564.0,
2026-09-07T09:31:52.907676+00:00,03_vlm_polymer_real_synth,1,1,4.2,4.43,60.43,47.22,NVIDIA GeForce RTX 4090,37,102.77,42,2610.1,24564.0,
2026-09-07T09:32:02.919186+00:00,03_vlm_polymer_real_synth,1,1,4.2,4.41,60.43,47.22,NVIDIA GeForce RTX 4090,36,100.97,53,2610.1,24564.0,
2026-09-07T09:32:12.930325+00:00,03_vlm_polymer_real_synth,1,1,4.2,4.39,60.43,47.22,NVIDIA GeForce RTX 4090,36,101.78,25,2610.1,24564.0,
2026-09-07T09:32:22.941336+00:00,03_vlm_polymer_real_synth,1,1,4.2,4.38,60.43,47.22,NVIDIA GeForce RTX 4090,35,99.88,56,2610.1,24564.0,
2026-09-07T09:32:32.952763+00:00,03_vlm_polymer_real_synth,1,1,4.2,4.37,60.43,47.22,NVIDIA GeForce RTX 4090,35,97.5,9,2610.1,24564.0,
2026-09-07T09:32:42.963776+00:00,03_vlm_polymer_real_synth,1,1,4.2,4.39,60.43,47.22,NVIDIA GeForce RTX 4090,37,100.7,44,2610.1,24564.0,
2026-09-07T09:32:52.974382+00:00,03_vlm_polymer_real_synth,1,1,4.2,4.39,60.43,47.22,NVIDIA GeForce RTX 4090,34,100.26,0,2610.1,24564.0,
2026-09-07T09:33:02.986217+00:00,03_vlm_polymer_real_synth,1,1,4.2,4.4,60.43,47.22,NVIDIA GeForce RTX 4090,34,98.02,27,2610.1,24564.0,
2026-09-07T09:33:12.997835+00:00,03_vlm_polymer_real_synth,1,1,4.2,4.42,60.43,47.22,NVIDIA GeForce RTX 4090,36,99.93,22,2610.1,24564.0,
2026-09-07T09:33:23.009453+00:00,03_vlm_polymer_real_synth,1,1,4.2,4.43,60.43,47.22,NVIDIA GeForce RTX 4090,35,101.08,0,2610.1,24564.0,
2026-09-07T09:33:33.020452+00:00,03_vlm_polymer_real_synth,1,1,4.2,4.44,60.43,47.22,NVIDIA GeForce RTX 4090,34,99.81,28,2610.1,24564.0,
2026-09-07T09:33:43.031244+00:00,03_vlm_polymer_real_synth,1,1,4.2,4.44,60.43,47.22,NVIDIA GeForce RTX 4090,35,97.02,60,2610.1,24564.0,
2026-09-07T09:33:53.043432+00:00,03_vlm_polymer_real_synth,1,1,4.2,4.43,60.43,47.22,NVIDIA GeForce RTX 4090,35,104.14,11,2610.1,24564.0,
2026-09-07T09:34:03.054442+00:00,03_vlm_polymer_real_synth,1,1,4.2,4.4,60.43,47.22,NVIDIA GeForce RTX 4090,35,104.38,25,2610.1,24564.0,
2026-09-07T09:34:13.065335+00:00,03_vlm_polymer_real_synth,1,1,4.2,4.4,60.43,47.22,NVIDIA GeForce RTX 4090,35,104.02,0,2610.1,24564.0,
2026-09-07T09:34:23.076417+00:00,03_vlm_polymer_real_synth,1,1,4.2,4.41,60.43,47.22,NVIDIA GeForce RTX 4090,35,100.94,14,2610.1,24564.0,
2026-09-07T09:34:33.087224+00:00,03_vlm_polymer_real_synth,1,1,4.2,4.42,60.43,47.22,NVIDIA GeForce RTX 4090,35,97.54,64,2610.1,24564.0,
2026-09-07T09:34:43.098500+00:00,03_vlm_polymer_real_synth,1,1,4.2,4.37,60.43,47.22,NVIDIA GeForce RTX 4090,35,98.12,28,2610.1,24564.0,
2026-09-07T09:34:53.110328+00:00,03_vlm_polymer_real_synth,1,1,4.2,4.36,60.43,47.22,NVIDIA GeForce RTX 4090,35,97.21,14,2610.1,24564.0,
2026-09-07T09:35:03.121186+00:00,03_vlm_polymer_real_synth,1,1,4.2,4.41,60.43,47.22,NVIDIA GeForce RTX 4090,34,97.15,26,2610.1,24564.0,
2026-09-07T09:35:13.132500+00:00,03_vlm_polymer_real_synth,1,1,4.2,4.39,60.43,47.22,NVIDIA GeForce RTX 4090,36,100.38,25,2610.1,24564.0,
2026-09-07T09:35:23.143830+00:00,03_vlm_polymer_real_synth,1,1,4.2,4.41,60.43,47.22,NVIDIA GeForce RTX 4090,35,100.87,32,2610.1,24564.0,
2026-09-07T09:35:33.155090+00:00,03_vlm_polymer_real_synth,1,1,4.2,4.41,60.43,47.22,NVIDIA GeForce RTX 4090,35,96.97,24,2610.1,24564.0,
2026-09-07T09:35:43.166521+00:00,03_vlm_polymer_real_synth,1,1,4.2,4.4,60.43,47.22,NVIDIA GeForce RTX 4090,35,99.77,44,2610.1,24564.0,
2026-09-07T09:35:53.177864+00:00,03_vlm_polymer_real_synth,1,1,4.2,4.39,60.43,47.22,NVIDIA GeForce RTX 4090,35,102.2,64,2610.1,24564.0,
2026-09-07T09:36:03.188840+00:00,03_vlm_polymer_real_synth,1,1,4.2,4.39,60.43,47.22,NVIDIA GeForce RTX 4090,35,99.47,28,2610.1,24564.0,
2026-09-07T09:36:13.199568+00:00,03_vlm_polymer_real_synth,1,1,4.2,4.41,60.43,47.22,NVIDIA GeForce RTX 4090,36,97.92,49,2610.1,24564.0,
2026-09-07T09:36:23.210887+00:00,03_vlm_polymer_real_synth,1,1,4.2,4.4,60.43,47.22,NVIDIA GeForce RTX 4090,35,96.75,28,2610.1,24564.0,
2026-09-07T09:36:33.222316+00:00,03_vlm_polymer_real_synth,1,1,4.2,4.4,60.43,47.22,NVIDIA GeForce RTX 4090,35,98.1,35,2610.1,24564.0,
2026-09-07T09:36:43.233426+00:00,03_vlm_polymer_real_synth,1,1,4.2,4.42,60.43,47.22,NVIDIA GeForce RTX 4090,35,100.24,33,2610.1,24564.0,
2026-09-07T09:36:53.244333+00:00,03_vlm_polymer_real_synth,1,1,4.2,4.39,60.43,47.22,NVIDIA GeForce RTX 4090,36,103.89,61,2610.1,24564.0,
2026-09-07T09:37:03.255497+00:00,03_vlm_polymer_real_synth,1,1,4.2,4.41,60.43,47.22,NVIDIA GeForce RTX 4090,34,97.69,36,2610.1,24564.0,
2026-09-07T09:37:13.266646+00:00,03_vlm_polymer_real_synth,1,1,4.2,4.39,60.43,47.22,NVIDIA GeForce RTX 4090,35,94.28,36,2610.1,24564.0,
2026-09-07T09:37:23.277774+00:00,03_vlm_polymer_real_synth,1,1,4.2,4.39,60.43,47.22,NVIDIA GeForce RTX 4090,34,90.94,25,2610.1,24564.0,
2026-09-07T09:37:33.288840+00:00,03_vlm_polymer_real_synth,1,1,4.1,4.39,60.43,47.22,NVIDIA GeForce RTX 4090,35,84.61,25,2610.1,24564.0,
2026-09-07T09:37:43.299733+00:00,03_vlm_polymer_real_synth,1,1,4.1,4.4,60.43,47.22,NVIDIA GeForce RTX 4090,34,99.93,22,2610.1,24564.0,
2026-09-07T09:37:53.311286+00:00,03_vlm_polymer_real_synth,1,1,4.2,4.35,60.43,47.22,NVIDIA GeForce RTX 4090,35,100.27,23,2610.1,24564.0,
2026-09-07T09:38:03.322291+00:00,03_vlm_polymer_real_synth,1,1,4.2,4.36,60.43,47.22,NVIDIA GeForce RTX 4090,35,99.28,17,2610.1,24564.0,
2026-09-07T09:38:13.333454+00:00,03_vlm_polymer_real_synth,1,1,4.2,4.36,60.43,47.22,NVIDIA GeForce RTX 4090,34,103.92,3,2610.1,24564.0,
2026-09-07T09:38:23.344685+00:00,03_vlm_polymer_real_synth,1,1,4.2,4.35,60.43,47.22,NVIDIA GeForce RTX 4090,35,97.22,3,2610.1,24564.0,
2026-09-07T09:38:33.355643+00:00,03_vlm_polymer_real_synth,1,1,4.2,4.36,60.43,47.22,NVIDIA GeForce RTX 4090,35,101.25,49,2610.1,24564.0,
2026-09-07T09:38:43.367812+00:00,03_vlm_polymer_real_synth,1,1,4.2,4.4,60.43,47.22,NVIDIA GeForce RTX 4090,35,100.36,18,2610.1,24564.0,
2026-09-07T09:38:53.380860+00:00,03_vlm_polymer_real_synth,1,1,4.2,4.41,60.43,47.22,NVIDIA GeForce RTX 4090,35,100.56,19,2610.1,24564.0,
2026-09-07T09:39:03.391631+00:00,03_vlm_polymer_real_synth,1,1,4.2,4.36,60.43,47.22,NVIDIA GeForce RTX 4090,35,98.73,17,2610.1,24564.0,
2026-09-07T09:39:13.403807+00:00,03_vlm_polymer_real_synth,1,1,4.2,4.39,60.43,47.22,NVIDIA GeForce RTX 4090,36,96.97,22,2610.1,24564.0,
2026-09-07T09:39:23.414869+00:00,03_vlm_polymer_real_synth,1,1,4.2,4.35,60.43,47.22,NVIDIA GeForce RTX 4090,35,97.48,63,2610.1,24564.0,
2026-09-07T09:39:33.425933+00:00,03_vlm_polymer_real_synth,1,1,4.2,4.36,60.43,47.22,NVIDIA GeForce RTX 4090,35,97.11,45,2610.1,24564.0,
2026-09-07T09:39:43.436829+00:00,03_vlm_polymer_real_synth,1,1,4.2,4.39,60.43,47.22,NVIDIA GeForce RTX 4090,35,97.57,55,2610.1,24564.0,
2026-09-07T09:39:53.448135+00:00,03_vlm_polymer_real_synth,1,1,4.2,4.42,60.43,47.22,NVIDIA GeForce RTX 4090,36,97.52,41,2610.1,24564.0,
2026-09-07T09:40:03.459218+00:00,03_vlm_polymer_real_synth,1,1,4.5,4.57,60.43,47.22,NVIDIA GeForce RTX 4090,35,97.2,52,2610.1,24564.0,
2026-09-07T09:40:13.470179+00:00,03_vlm_polymer_real_synth,1,1,4.2,4.54,60.43,47.22,NVIDIA GeForce RTX 4090,36,97.05,36,2610.1,24564.0,
2026-09-07T09:40:23.482749+00:00,03_vlm_polymer_real_synth,1,1,4.2,4.42,60.43,47.22,NVIDIA GeForce RTX 4090,35,100.38,64,2610.1,24564.0,
2026-09-07T09:40:33.493866+00:00,03_vlm_polymer_real_synth,1,1,4.2,4.41,60.43,47.22,NVIDIA GeForce RTX 4090,35,99.94,50,2610.1,24564.0,
2026-09-07T09:40:43.505488+00:00,03_vlm_polymer_real_synth,1,1,4.2,4.41,60.43,47.22,NVIDIA GeForce RTX 4090,35,97.78,65,2610.1,24564.0,
2026-09-07T09:40:53.517961+00:00,03_vlm_polymer_real_synth,1,1,4.2,4.41,60.43,47.22,NVIDIA GeForce RTX 4090,35,97.84,56,2610.1,24564.0,
2026-09-07T09:41:03.529385+00:00,03_vlm_polymer_real_synth,1,1,4.2,4.46,60.43,47.22,NVIDIA GeForce RTX 4090,34,101.73,14,2610.1,24564.0,
2026-09-07T09:41:13.540387+00:00,03_vlm_polymer_real_synth,1,1,4.2,4.44,60.43,47.22,NVIDIA GeForce RTX 4090,35,97.35,5,2610.1,24564.0,
2026-09-07T09:41:23.551364+00:00,03_vlm_polymer_real_synth,1,1,4.2,4.42,60.43,47.22,NVIDIA GeForce RTX 4090,34,101.3,4,2610.1,24564.0,
2026-09-07T09:41:33.562537+00:00,03_vlm_polymer_real_synth,1,1,4.2,4.41,60.43,47.22,NVIDIA GeForce RTX 4090,35,98.03,2,2610.1,24564.0,
2026-09-07T09:41:43.573311+00:00,03_vlm_polymer_real_synth,1,1,4.2,4.38,60.43,47.22,NVIDIA GeForce RTX 4090,35,97.62,2,2610.1,24564.0,
2026-09-07T09:41:53.584323+00:00,03_vlm_polymer_real_synth,1,1,4.2,4.4,60.43,47.22,NVIDIA GeForce RTX 4090,35,98.97,55,2610.1,24564.0,
2026-09-07T09:42:03.595536+00:00,03_vlm_polymer_real_synth,1,1,4.2,4.37,60.43,47.22,NVIDIA GeForce RTX 4090,36,100.82,35,2610.1,24564.0,
2026-09-07T09:42:13.606326+00:00,03_vlm_polymer_real_synth,1,1,4.2,4.45,60.43,47.22,NVIDIA GeForce RTX 4090,35,100.09,61,2610.1,24564.0,
2026-09-07T09:42:23.617486+00:00,03_vlm_polymer_real_synth,1,1,4.2,4.38,60.43,47.22,NVIDIA GeForce RTX 4090,35,100.84,65,2610.1,24564.0,
2026-09-07T09:42:33.628692+00:00,03_vlm_polymer_real_synth,1,1,4.2,4.4,60.43,47.22,NVIDIA GeForce RTX 4090,35,101.56,64,2610.1,24564.0,
2026-09-07T09:42:43.639445+00:00,03_vlm_polymer_real_synth,1,1,4.2,4.4,60.43,47.22,NVIDIA GeForce RTX 4090,35,99.42,67,2610.1,24564.0,
2026-09-07T09:42:53.650422+00:00,03_vlm_polymer_real_synth,1,1,4.2,4.43,60.43,47.22,NVIDIA GeForce RTX 4090,35,101.67,6,2610.1,24564.0,
2026-09-07T09:43:03.661445+00:00,03_vlm_polymer_real_synth,1,1,4.2,4.41,60.43,47.22,NVIDIA GeForce RTX 4090,34,97.87,53,2610.1,24564.0,
2026-09-07T09:43:13.672690+00:00,03_vlm_polymer_real_synth,1,1,4.2,4.4,60.43,47.22,NVIDIA GeForce RTX 4090,36,96.83,44,2610.1,24564.0,
2026-09-07T09:43:23.683882+00:00,03_vlm_polymer_real_synth,1,1,4.2,4.44,60.43,47.22,NVIDIA GeForce RTX 4090,35,100.69,66,2610.1,24564.0,
2026-09-07T09:43:33.694857+00:00,03_vlm_polymer_real_synth,1,1,4.2,4.39,60.43,47.22,NVIDIA GeForce RTX 4090,35,100.47,19,2610.1,24564.0,
2026-09-07T09:43:43.705852+00:00,03_vlm_polymer_real_synth,1,1,4.2,4.38,60.43,47.22,NVIDIA GeForce RTX 4090,35,103.01,54,2610.1,24564.0,
2026-09-07T09:43:53.717155+00:00,03_vlm_polymer_real_synth,1,1,4.2,4.39,60.43,47.22,NVIDIA GeForce RTX 4090,34,100.13,46,2610.1,24564.0,
2026-09-07T09:44:03.728249+00:00,03_vlm_polymer_real_synth,1,1,4.2,4.39,60.43,47.22,NVIDIA GeForce RTX 4090,34,102.12,52,2610.1,24564.0,
2026-09-07T09:44:13.739369+00:00,03_vlm_polymer_real_synth,1,1,4.2,4.39,60.43,47.22,NVIDIA GeForce RTX 4090,35,97.38,0,2610.1,24564.0,
2026-09-07T09:44:23.751203+00:00,03_vlm_polymer_real_synth,1,1,4.2,4.42,60.43,47.22,NVIDIA GeForce RTX 4090,34,97.49,12,2610.1,24564.0,
2026-09-07T09:44:33.762619+00:00,03_vlm_polymer_real_synth,1,1,4.2,4.4,60.43,47.22,NVIDIA GeForce RTX 4090,34,90.19,29,2610.1,24564.0,
2026-09-07T09:44:43.773330+00:00,03_vlm_polymer_real_synth,1,1,4.2,4.39,60.43,47.22,NVIDIA GeForce RTX 4090,34,94.64,39,2610.1,24564.0,
2026-09-07T09:44:53.784668+00:00,03_vlm_polymer_real_synth,1,1,4.0,4.39,60.43,47.22,NVIDIA GeForce RTX 4090,36,98.59,39,2610.1,24564.0,
2026-09-07T09:45:03.798395+00:00,03_vlm_polymer_real_synth,1,1,4.2,4.42,60.43,47.22,NVIDIA GeForce RTX 4090,35,97.42,0,2610.1,24564.0,
2026-09-07T09:45:13.809795+00:00,03_vlm_polymer_real_synth,1,1,4.2,4.38,60.43,47.22,NVIDIA GeForce RTX 4090,35,97.02,66,2610.1,24564.0,
2026-09-07T09:45:23.820821+00:00,03_vlm_polymer_real_synth,1,1,4.2,4.36,60.43,47.22,NVIDIA GeForce RTX 4090,34,97.48,61,2610.1,24564.0,
2026-09-07T09:45:33.831888+00:00,03_vlm_polymer_real_synth,1,1,4.2,4.35,60.43,47.22,NVIDIA GeForce RTX 4090,34,104.16,17,2610.1,24564.0,
2026-09-07T09:45:43.842744+00:00,03_vlm_polymer_real_synth,1,1,4.2,4.38,60.43,47.22,NVIDIA GeForce RTX 4090,36,101.28,20,2610.1,24564.0,
2026-09-07T09:45:53.854006+00:00,03_vlm_polymer_real_synth,1,1,4.2,4.39,60.43,47.22,NVIDIA GeForce RTX 4090,35,101.18,18,2610.1,24564.0,
2026-09-07T09:46:03.865259+00:00,03_vlm_polymer_real_synth,1,1,4.2,4.34,60.43,47.22,NVIDIA GeForce RTX 4090,34,97.77,0,2610.1,24564.0,
2026-09-07T09:46:13.876621+00:00,03_vlm_polymer_real_synth,1,1,4.2,4.35,60.43,47.22,NVIDIA GeForce RTX 4090,34,100.55,19,2610.1,24564.0,
2026-09-07T09:46:23.887682+00:00,03_vlm_polymer_real_synth,1,1,4.2,4.35,60.43,47.22,NVIDIA GeForce RTX 4090,36,97.38,45,2610.1,24564.0,
2026-09-07T09:46:33.898421+00:00,03_vlm_polymer_real_synth,1,1,4.2,4.36,60.43,47.22,NVIDIA GeForce RTX 4090,35,100.84,18,2610.1,24564.0,
2026-09-07T09:46:43.911055+00:00,03_vlm_polymer_real_synth,1,1,4.2,4.35,60.43,47.22,NVIDIA GeForce RTX 4090,36,99.5,46,2610.1,24564.0,
2026-09-07T09:46:53.922279+00:00,03_vlm_polymer_real_synth,1,1,4.2,4.37,60.43,47.22,NVIDIA GeForce RTX 4090,35,101.07,43,2610.1,24564.0,
2026-09-07T09:47:03.933126+00:00,03_vlm_polymer_real_synth,1,1,4.2,4.41,60.43,47.22,NVIDIA GeForce RTX 4090,34,97.32,39,2610.1,24564.0,
2026-09-07T09:47:13.944104+00:00,03_vlm_polymer_real_synth,1,1,4.2,4.39,60.43,47.22,NVIDIA GeForce RTX 4090,35,97.98,59,2610.1,24564.0,
2026-09-07T09:47:23.955157+00:00,03_vlm_polymer_real_synth,1,1,4.2,4.44,60.43,47.22,NVIDIA GeForce RTX 4090,35,97.83,3,2610.1,24564.0,
2026-09-07T09:47:33.966453+00:00,03_vlm_polymer_real_synth,1,1,4.2,4.41,60.43,47.22,NVIDIA GeForce RTX 4090,35,97.0,22,2610.1,24564.0,
2026-09-07T09:47:43.977668+00:00,03_vlm_polymer_real_synth,1,1,4.2,4.42,60.43,47.22,NVIDIA GeForce RTX 4090,35,97.81,19,2610.1,24564.0,
2026-09-07T09:47:53.989173+00:00,03_vlm_polymer_real_synth,1,1,4.2,4.36,60.43,47.22,NVIDIA GeForce RTX 4090,35,98.27,28,2610.1,24564.0,
2026-09-07T09:48:04.000563+00:00,03_vlm_polymer_real_synth,1,1,4.2,4.4,60.43,47.22,NVIDIA GeForce RTX 4090,35,100.22,12,2610.1,24564.0,
2026-09-07T09:48:14.011560+00:00,03_vlm_polymer_real_synth,1,1,4.2,4.41,60.43,47.22,NVIDIA GeForce RTX 4090,35,101.74,57,2610.1,24564.0,
2026-09-07T09:48:24.022828+00:00,03_vlm_polymer_real_synth,1,1,4.2,4.37,60.43,47.22,NVIDIA GeForce RTX 4090,35,99.68,6,2610.1,24564.0,
2026-09-07T09:48:34.034743+00:00,03_vlm_polymer_real_synth,1,1,4.2,4.4,60.43,47.22,NVIDIA GeForce RTX 4090,34,97.57,26,2610.1,24564.0,
2026-09-07T09:48:44.047538+00:00,03_vlm_polymer_real_synth,1,1,4.2,4.35,60.43,47.22,NVIDIA GeForce RTX 4090,34,97.48,28,2610.1,24564.0,
2026-09-07T09:48:54.060904+00:00,03_vlm_polymer_real_synth,1,1,4.2,4.34,60.43,47.22,NVIDIA GeForce RTX 4090,35,97.69,13,2610.1,24564.0,
2026-09-07T09:49:04.073461+00:00,03_vlm_polymer_real_synth,1,1,4.2,4.38,60.43,47.22,NVIDIA GeForce RTX 4090,34,102.17,19,2610.1,24564.0,
2026-09-07T09:49:14.084553+00:00,03_vlm_polymer_real_synth,1,1,4.2,4.41,60.43,47.22,NVIDIA GeForce RTX 4090,35,102.67,27,2610.1,24564.0,
2026-09-07T09:49:24.095775+00:00,03_vlm_polymer_real_synth,1,1,4.2,4.41,60.43,47.22,NVIDIA GeForce RTX 4090,35,96.58,65,2610.1,24564.0,
2026-09-07T09:49:34.106697+00:00,03_vlm_polymer_real_synth,1,1,4.2,4.39,60.43,47.22,NVIDIA GeForce RTX 4090,34,96.63,65,2610.1,24564.0,
2026-09-07T09:49:44.117741+00:00,03_vlm_polymer_real_synth,1,1,4.2,4.41,60.43,47.22,NVIDIA GeForce RTX 4090,36,99.16,53,2610.1,24564.0,
2026-09-07T09:49:54.131230+00:00,03_vlm_polymer_real_synth,1,1,4.2,4.35,60.43,47.22,NVIDIA GeForce RTX 4090,34,99.66,56,2610.1,24564.0,
2026-09-07T09:50:04.142390+00:00,03_vlm_polymer_real_synth,1,1,4.2,4.37,60.43,47.22,NVIDIA GeForce RTX 4090,35,101.21,49,2610.1,24564.0,
2026-09-07T09:50:14.153668+00:00,03_vlm_polymer_real_synth,1,1,4.2,4.38,60.43,47.22,NVIDIA GeForce RTX 4090,35,98.6,64,2610.1,24564.0,
2026-09-07T09:50:24.165204+00:00,03_vlm_polymer_real_synth,1,1,4.2,4.36,60.43,47.22,NVIDIA GeForce RTX 4090,35,100.36,28,2610.1,24564.0,
2026-09-07T09:50:34.176237+00:00,03_vlm_polymer_real_synth,1,1,4.2,4.4,60.43,47.22,NVIDIA GeForce RTX 4090,34,99.39,32,2610.1,24564.0,
2026-09-07T09:50:44.187079+00:00,03_vlm_polymer_real_synth,1,1,4.2,4.4,60.43,47.22,NVIDIA GeForce RTX 4090,35,101.55,9,2610.1,24564.0,
2026-09-07T09:50:54.198604+00:00,03_vlm_polymer_real_synth,1,1,4.2,4.42,60.43,47.22,NVIDIA GeForce RTX 4090,34,96.65,0,2610.1,24564.0,
2026-09-07T09:51:04.209561+00:00,03_vlm_polymer_real_synth,1,1,4.2,4.38,60.43,47.22,NVIDIA GeForce RTX 4090,36,101.17,39,2610.1,24564.0,
2026-09-07T09:51:14.221540+00:00,03_vlm_polymer_real_synth,1,1,4.2,4.37,60.43,47.22,NVIDIA GeForce RTX 4090,35,100.69,34,2610.1,24564.0,
2026-09-07T09:51:24.232448+00:00,03_vlm_polymer_real_synth,1,1,4.2,4.37,60.43,47.22,NVIDIA GeForce RTX 4090,35,96.62,3,2610.1,24564.0,
2026-09-07T09:51:34.243792+00:00,03_vlm_polymer_real_synth,1,1,4.2,4.35,60.43,47.22,NVIDIA GeForce RTX 4090,35,98.66,51,2610.1,24564.0,
2026-09-07T09:51:44.255017+00:00,03_vlm_polymer_real_synth,1,1,4.2,4.35,60.43,47.22,NVIDIA GeForce RTX 4090,35,91.49,29,2610.1,24564.0,
2026-09-07T09:51:54.266069+00:00,03_vlm_polymer_real_synth,1,1,4.2,4.34,60.43,47.22,NVIDIA GeForce RTX 4090,34,91.14,30,2610.1,24564.0,
2026-09-07T09:52:04.277783+00:00,03_vlm_polymer_real_synth,1,1,4.2,4.35,60.43,47.22,NVIDIA GeForce RTX 4090,34,99.53,43,2610.1,24564.0,
2026-09-07T09:52:14.289097+00:00,03_vlm_polymer_real_synth,1,1,4.2,4.35,60.43,47.22,NVIDIA GeForce RTX 4090,35,97.87,61,2610.1,24564.0,
2026-09-07T09:52:24.300813+00:00,03_vlm_polymer_real_synth,1,1,4.2,4.39,60.43,47.22,NVIDIA GeForce RTX 4090,35,96.73,47,2610.1,24564.0,
2026-09-07T09:52:34.311775+00:00,03_vlm_polymer_real_synth,1,1,4.2,4.39,60.43,47.22,NVIDIA GeForce RTX 4090,34,97.93,19,2610.1,24564.0,
2026-09-07T09:52:44.322783+00:00,03_vlm_polymer_real_synth,1,1,4.2,4.37,60.43,47.22,NVIDIA GeForce RTX 4090,35,97.16,57,2610.1,24564.0,
2026-09-07T09:52:54.335090+00:00,03_vlm_polymer_real_synth,1,1,4.2,4.35,60.43,47.22,NVIDIA GeForce RTX 4090,34,100.14,51,2610.1,24564.0,
2026-09-07T09:53:04.346127+00:00,03_vlm_polymer_real_synth,1,1,4.2,4.37,60.43,47.22,NVIDIA GeForce RTX 4090,36,98.89,30,2610.1,24564.0,
2026-09-07T09:53:14.356966+00:00,03_vlm_polymer_real_synth,1,1,4.2,4.37,60.43,47.22,NVIDIA GeForce RTX 4090,35,96.81,15,2610.1,24564.0,
2026-09-07T09:53:24.367945+00:00,03_vlm_polymer_real_synth,1,1,4.2,4.39,60.43,47.22,NVIDIA GeForce RTX 4090,35,100.12,64,2610.1,24564.0,
2026-09-07T09:53:34.378999+00:00,03_vlm_polymer_real_synth,1,1,4.2,4.38,60.43,47.22,NVIDIA GeForce RTX 4090,34,99.13,56,2610.1,24564.0,
2026-09-07T09:53:44.389731+00:00,03_vlm_polymer_real_synth,1,1,4.2,4.39,60.43,47.22,NVIDIA GeForce RTX 4090,34,98.82,51,2610.1,24564.0,
2026-09-07T09:53:54.400494+00:00,03_vlm_polymer_real_synth,1,1,4.2,4.46,60.43,47.22,NVIDIA GeForce RTX 4090,34,100.23,41,2610.1,24564.0,
2026-09-07T09:54:04.411336+00:00,03_vlm_polymer_real_synth,1,1,4.2,4.46,60.43,47.22,NVIDIA GeForce RTX 4090,35,100.79,62,2610.1,24564.0,
2026-09-07T09:54:14.422317+00:00,03_vlm_polymer_real_synth,1,1,4.2,4.42,60.43,47.22,NVIDIA GeForce RTX 4090,35,96.78,4,2610.1,24564.0,
2026-09-07T09:54:24.433952+00:00,03_vlm_polymer_real_synth,1,1,4.2,4.42,60.43,47.22,NVIDIA GeForce RTX 4090,35,101.81,0,2610.1,24564.0,
2026-09-07T09:54:34.446998+00:00,03_vlm_polymer_real_synth,1,1,4.2,4.43,60.43,47.22,NVIDIA GeForce RTX 4090,35,97.54,64,2610.1,24564.0,
2026-09-07T09:54:44.459830+00:00,03_vlm_polymer_real_synth,1,1,4.2,4.43,60.43,47.22,NVIDIA GeForce RTX 4090,34,100.37,36,2610.1,24564.0,
2026-09-07T09:54:54.471218+00:00,03_vlm_polymer_real_synth,1,1,4.2,4.42,60.43,47.22,NVIDIA GeForce RTX 4090,34,99.95,22,2610.1,24564.0,
2026-09-07T09:55:04.482363+00:00,03_vlm_polymer_real_synth,1,1,4.2,4.46,60.43,47.22,NVIDIA GeForce RTX 4090,34,99.91,26,2610.1,24564.0,
2026-09-07T09:55:14.493422+00:00,03_vlm_polymer_real_synth,1,1,4.2,4.43,60.43,47.22,NVIDIA GeForce RTX 4090,35,99.77,0,2610.1,24564.0,
2026-09-07T09:55:24.504319+00:00,03_vlm_polymer_real_synth,1,1,4.2,4.38,60.43,47.22,NVIDIA GeForce RTX 4090,35,101.16,64,2610.1,24564.0,
2026-09-07T09:55:34.515350+00:00,03_vlm_polymer_real_synth,1,1,4.2,4.36,60.43,47.22,NVIDIA GeForce RTX 4090,35,96.73,44,2610.1,24564.0,
2026-09-07T09:55:44.526354+00:00,03_vlm_polymer_real_synth,1,1,4.2,4.36,60.43,47.22,NVIDIA GeForce RTX 4090,35,100.53,0,2610.1,24564.0,
2026-09-07T09:55:54.538869+00:00,03_vlm_polymer_real_synth,1,1,4.2,4.38,60.43,47.22,NVIDIA GeForce RTX 4090,34,102.26,11,2610.1,24564.0,
2026-09-07T09:56:04.549839+00:00,03_vlm_polymer_real_synth,1,1,4.2,4.37,60.43,47.22,NVIDIA GeForce RTX 4090,34,98.8,34,2610.1,24564.0,
2026-09-07T09:56:14.561053+00:00,03_vlm_polymer_real_synth,1,1,4.2,4.37,60.43,47.22,NVIDIA GeForce RTX 4090,34,100.15,5,2610.1,24564.0,
2026-09-07T09:56:24.572015+00:00,03_vlm_polymer_real_synth,1,1,4.2,4.36,60.43,47.22,NVIDIA GeForce RTX 4090,35,95.04,46,2610.1,24564.0,
2026-09-07T09:56:34.583310+00:00,03_vlm_polymer_real_synth,1,1,4.2,4.36,60.43,47.22,NVIDIA GeForce RTX 4090,35,100.11,21,2610.1,24564.0,
2026-09-07T09:56:44.594356+00:00,03_vlm_polymer_real_synth,1,1,4.2,4.36,60.43,47.22,NVIDIA GeForce RTX 4090,37,98.59,29,2610.1,24564.0,
2026-09-07T09:56:54.605209+00:00,03_vlm_polymer_real_synth,1,1,4.2,4.35,60.43,47.22,NVIDIA GeForce RTX 4090,35,96.91,2,2610.1,24564.0,
2026-09-07T09:57:04.616424+00:00,03_vlm_polymer_real_synth,1,1,4.2,4.37,60.43,47.22,NVIDIA GeForce RTX 4090,34,99.47,57,2610.1,24564.0,
2026-09-07T09:57:14.627345+00:00,03_vlm_polymer_real_synth,1,1,4.2,4.36,60.43,47.22,NVIDIA GeForce RTX 4090,35,96.82,1,2610.1,24564.0,
2026-09-07T09:57:24.638352+00:00,03_vlm_polymer_real_synth,1,1,4.2,4.36,60.43,47.22,NVIDIA GeForce RTX 4090,35,99.71,62,2610.1,24564.0,
2026-09-07T09:57:34.649348+00:00,03_vlm_polymer_real_synth,1,1,4.2,4.36,60.43,47.22,NVIDIA GeForce RTX 4090,34,99.76,40,2610.1,24564.0,
2026-09-07T09:57:44.660476+00:00,03_vlm_polymer_real_synth,1,1,4.2,4.35,60.43,47.22,NVIDIA GeForce RTX 4090,35,101.95,63,2610.1,24564.0,
2026-09-07T09:57:54.671259+00:00,03_vlm_polymer_real_synth,1,1,4.2,4.36,60.43,47.22,NVIDIA GeForce RTX 4090,35,100.39,14,2610.1,24564.0,
2026-09-07T09:58:04.682996+00:00,03_vlm_polymer_real_synth,1,1,4.2,4.4,60.43,47.22,NVIDIA GeForce RTX 4090,35,96.99,24,2610.1,24564.0,
2026-09-07T09:58:14.694281+00:00,03_vlm_polymer_real_synth,1,1,4.2,4.37,60.43,47.22,NVIDIA GeForce RTX 4090,35,100.82,0,2610.1,24564.0,
2026-09-07T09:58:24.705682+00:00,03_vlm_polymer_real_synth,1,1,4.2,4.37,60.43,47.22,NVIDIA GeForce RTX 4090,35,102.16,34,2610.1,24564.0,
2026-09-07T09:58:34.716632+00:00,03_vlm_polymer_real_synth,1,1,4.2,4.35,60.43,47.22,NVIDIA GeForce RTX 4090,35,101.19,17,2610.1,24564.0,
2026-09-07T09:58:44.727670+00:00,03_vlm_polymer_real_synth,1,1,4.2,4.36,60.43,47.22,NVIDIA GeForce RTX 4090,34,99.46,36,2610.1,24564.0,
2026-09-07T09:58:54.738733+00:00,03_vlm_polymer_real_synth,1,1,4.2,4.34,60.43,47.22,NVIDIA GeForce RTX 4090,34,89.66,32,2610.1,24564.0,
2026-09-07T09:59:04.749501+00:00,03_vlm_polymer_real_synth,1,1,4.2,4.33,60.43,47.22,NVIDIA GeForce RTX 4090,34,89.78,36,2610.1,24564.0,
2026-09-07T09:59:14.760673+00:00,03_vlm_polymer_real_synth,1,1,3.9,4.35,60.43,47.22,NVIDIA GeForce RTX 4090,35,100.8,51,2610.1,24564.0,
2026-09-07T09:59:24.774327+00:00,03_vlm_polymer_real_synth,1,1,4.2,4.36,60.43,47.22,NVIDIA GeForce RTX 4090,34,104.11,44,2610.1,24564.0,
2026-09-07T09:59:34.785326+00:00,03_vlm_polymer_real_synth,1,1,4.2,4.35,60.43,47.22,NVIDIA GeForce RTX 4090,35,100.68,6,2610.1,24564.0,
2026-09-07T09:59:44.796363+00:00,03_vlm_polymer_real_synth,1,1,4.2,4.34,60.43,47.22,NVIDIA GeForce RTX 4090,34,99.45,63,2610.1,24564.0,
2026-09-07T09:59:54.807148+00:00,03_vlm_polymer_real_synth,1,1,4.2,4.35,60.43,47.22,NVIDIA GeForce RTX 4090,34,98.26,43,2610.1,24564.0,
2026-09-07T10:00:04.818648+00:00,03_vlm_polymer_real_synth,1,1,4.2,4.33,60.43,47.22,NVIDIA GeForce RTX 4090,35,100.12,53,2610.1,24564.0,
2026-09-07T10:00:14.831453+00:00,03_vlm_polymer_real_synth,1,1,4.2,4.35,60.43,47.22,NVIDIA GeForce RTX 4090,36,98.89,24,2610.1,24564.0,
2026-09-07T10:00:24.842227+00:00,03_vlm_polymer_real_synth,1,1,4.2,4.34,60.43,47.22,NVIDIA GeForce RTX 4090,34,97.45,7,2610.1,24564.0,
2026-09-07T10:00:34.853678+00:00,03_vlm_polymer_real_synth,1,1,4.2,4.38,60.43,47.22,NVIDIA GeForce RTX 4090,35,100.99,40,2610.1,24564.0,
2026-09-07T10:00:44.864224+00:00,03_vlm_polymer_real_synth,1,1,4.2,4.39,60.43,47.22,NVIDIA GeForce RTX 4090,34,98.45,30,2610.1,24564.0,
2026-09-07T10:00:54.875013+00:00,03_vlm_polymer_real_synth,1,1,4.2,4.36,60.43,47.22,NVIDIA GeForce RTX 4090,35,100.58,53,2610.1,24564.0,
2026-09-07T10:01:04.886066+00:00,03_vlm_polymer_real_synth,1,1,4.2,4.35,60.43,47.22,NVIDIA GeForce RTX 4090,35,96.67,0,2610.1,24564.0,
2026-09-07T10:01:14.897092+00:00,03_vlm_polymer_real_synth,1,1,4.2,4.36,60.43,47.22,NVIDIA GeForce RTX 4090,36,101.37,32,2610.1,24564.0,
2026-09-07T10:01:24.908398+00:00,03_vlm_polymer_real_synth,1,1,4.2,4.35,60.43,47.22,NVIDIA GeForce RTX 4090,35,99.35,0,2610.1,24564.0,
2026-09-07T10:01:34.921353+00:00,03_vlm_polymer_real_synth,1,1,4.2,4.35,60.43,47.22,NVIDIA GeForce RTX 4090,37,99.13,27,2610.1,24564.0,
2026-09-07T10:01:44.932659+00:00,03_vlm_polymer_real_synth,1,1,4.2,4.35,60.43,47.22,NVIDIA GeForce RTX 4090,35,97.18,68,2610.1,24564.0,
2026-09-07T10:01:54.944082+00:00,03_vlm_polymer_real_synth,1,1,4.2,4.33,60.43,47.22,NVIDIA GeForce RTX 4090,35,98.68,47,2610.1,24564.0,
2026-09-07T10:02:04.955450+00:00,03_vlm_polymer_real_synth,1,1,4.2,4.33,60.43,47.22,NVIDIA GeForce RTX 4090,37,100.58,28,2610.1,24564.0,
2026-09-07T10:02:14.966529+00:00,03_vlm_polymer_real_synth,1,1,4.2,4.36,60.43,47.22,NVIDIA GeForce RTX 4090,35,96.76,60,2610.1,24564.0,
2026-09-07T10:02:24.977553+00:00,03_vlm_polymer_real_synth,1,1,4.2,4.35,60.43,47.22,NVIDIA GeForce RTX 4090,34,96.45,50,2610.1,24564.0,
2026-09-07T10:02:34.988622+00:00,03_vlm_polymer_real_synth,1,1,4.2,4.35,60.43,47.22,NVIDIA GeForce RTX 4090,34,99.62,16,2610.1,24564.0,
2026-09-07T10:02:44.999565+00:00,03_vlm_polymer_real_synth,1,1,4.2,4.35,60.43,47.22,NVIDIA GeForce RTX 4090,34,98.2,35,2610.1,24564.0,
2026-09-07T10:02:55.010783+00:00,03_vlm_polymer_real_synth,1,1,4.2,4.38,60.43,47.22,NVIDIA GeForce RTX 4090,34,97.45,54,2610.1,24564.0,
2026-09-07T10:03:05.021850+00:00,03_vlm_polymer_real_synth,1,1,4.2,4.37,60.43,47.22,NVIDIA GeForce RTX 4090,35,99.12,49,2610.1,24564.0,
2026-09-07T10:03:15.032943+00:00,03_vlm_polymer_real_synth,1,1,4.2,4.38,60.43,47.22,NVIDIA GeForce RTX 4090,34,99.17,36,2610.1,24564.0,
2026-09-07T10:03:25.044099+00:00,03_vlm_polymer_real_synth,1,1,4.2,4.35,60.43,47.22,NVIDIA GeForce RTX 4090,35,97.77,66,2610.1,24564.0,
2026-09-07T10:03:35.055121+00:00,03_vlm_polymer_real_synth,1,1,4.2,4.35,60.43,47.22,NVIDIA GeForce RTX 4090,35,103.24,69,2610.1,24564.0,
2026-09-07T10:03:45.066250+00:00,03_vlm_polymer_real_synth,1,1,4.2,4.34,60.43,47.22,NVIDIA GeForce RTX 4090,35,98.41,0,2610.1,24564.0,
2026-09-07T10:03:55.079036+00:00,03_vlm_polymer_real_synth,1,1,4.2,4.34,60.43,47.22,NVIDIA GeForce RTX 4090,34,103.19,15,2610.1,24564.0,
2026-09-07T10:04:05.090032+00:00,03_vlm_polymer_real_synth,1,1,4.2,4.35,60.43,47.22,NVIDIA GeForce RTX 4090,35,96.14,39,2610.1,24564.0,
2026-09-07T10:04:15.101054+00:00,03_vlm_polymer_real_synth,1,1,4.2,4.34,60.43,47.22,NVIDIA GeForce RTX 4090,34,99.68,25,2610.1,24564.0,
2026-09-07T10:04:25.111937+00:00,03_vlm_polymer_real_synth,1,1,4.2,4.34,60.43,47.22,NVIDIA GeForce RTX 4090,37,100.55,14,2610.1,24564.0,
2026-09-07T10:04:35.122808+00:00,03_vlm_polymer_real_synth,1,1,4.2,4.35,60.43,47.22,NVIDIA GeForce RTX 4090,34,102.08,19,2610.1,24564.0,
2026-09-07T10:04:45.134077+00:00,03_vlm_polymer_real_synth,1,1,4.2,4.35,60.43,47.22,NVIDIA GeForce RTX 4090,34,100.16,22,2610.1,24564.0,
2026-09-07T10:04:55.145057+00:00,03_vlm_polymer_real_synth,1,1,4.2,4.34,60.43,47.22,NVIDIA GeForce RTX 4090,34,99.62,35,2610.1,24564.0,
2026-09-07T10:05:05.156039+00:00,03_vlm_polymer_real_synth,1,1,4.2,4.35,60.43,47.22,NVIDIA GeForce RTX 4090,34,97.46,0,2610.1,24564.0,
2026-09-07T10:05:15.167491+00:00,03_vlm_polymer_real_synth,1,1,4.2,4.41,60.43,47.22,NVIDIA GeForce RTX 4090,35,96.75,14,2610.1,24564.0,
2026-09-07T10:05:25.178383+00:00,03_vlm_polymer_real_synth,1,1,4.2,4.38,60.43,47.22,NVIDIA GeForce RTX 4090,35,100.24,12,2610.1,24564.0,
2026-09-07T10:05:35.189509+00:00,03_vlm_polymer_real_synth,1,1,4.2,4.38,60.43,47.22,NVIDIA GeForce RTX 4090,34,96.58,39,2610.1,24564.0,
2026-09-07T10:05:45.200421+00:00,03_vlm_polymer_real_synth,1,1,4.2,4.37,60.43,47.22,NVIDIA GeForce RTX 4090,36,100.47,22,2610.1,24564.0,
2026-09-07T10:05:55.212105+00:00,03_vlm_polymer_real_synth,1,1,4.2,4.36,60.43,47.22,NVIDIA GeForce RTX 4090,36,99.43,30,2610.1,24564.0,
2026-09-07T10:06:05.223361+00:00,03_vlm_polymer_real_synth,1,1,4.2,4.38,60.43,47.22,NVIDIA GeForce RTX 4090,34,89.18,25,2610.1,24564.0,
2026-09-07T10:06:15.234998+00:00,03_vlm_polymer_real_synth,1,1,4.2,4.36,60.43,47.22,NVIDIA GeForce RTX 4090,35,91.49,36,2610.1,24564.0,
2026-09-07T10:06:25.246606+00:00,03_vlm_polymer_real_synth,1,1,4.1,4.36,60.43,47.22,NVIDIA GeForce RTX 4090,34,84.85,35,2610.1,24564.0,
2026-09-07T10:06:35.257432+00:00,03_vlm_polymer_real_synth,1,1,2.9,4.4,60.43,47.22,NVIDIA GeForce RTX 4090,34,89.75,25,3228.1,24564.0,
2026-09-07T10:06:45.268238+00:00,03_vlm_polymer_real_synth,1,1,4.2,4.4,60.43,47.22,NVIDIA GeForce RTX 4090,34,91.25,44,3228.1,24564.0,
2026-09-07T10:06:55.279366+00:00,03_vlm_polymer_real_synth,2,2,3.0,4.32,60.43,47.22,NVIDIA GeForce RTX 4090,34,96.23,26,2610.1,24564.0,
2026-09-07T10:07:05.290390+00:00,03_vlm_polymer_real_synth,2,2,4.2,4.34,60.43,47.22,NVIDIA GeForce RTX 4090,34,98.03,39,2610.1,24564.0,
2026-09-07T10:07:15.301309+00:00,03_vlm_polymer_real_synth,2,2,4.2,4.35,60.43,47.22,NVIDIA GeForce RTX 4090,36,98.13,0,2610.1,24564.0,
2026-09-07T10:07:25.312350+00:00,03_vlm_polymer_real_synth,2,2,4.2,4.29,60.43,47.22,NVIDIA GeForce RTX 4090,35,99.21,30,2610.1,24564.0,
2026-09-07T10:07:35.323494+00:00,03_vlm_polymer_real_synth,2,2,4.2,4.32,60.43,47.22,NVIDIA GeForce RTX 4090,34,99.14,50,2610.1,24564.0,
2026-09-07T10:07:45.334269+00:00,03_vlm_polymer_real_synth,2,2,4.2,4.33,60.43,47.22,NVIDIA GeForce RTX 4090,35,96.47,65,2610.1,24564.0,
2026-09-07T10:07:55.345419+00:00,03_vlm_polymer_real_synth,2,2,4.2,4.33,60.43,47.22,NVIDIA GeForce RTX 4090,34,103.29,25,2610.1,24564.0,
2026-09-07T10:08:05.356364+00:00,03_vlm_polymer_real_synth,2,2,4.2,4.28,60.43,47.22,NVIDIA GeForce RTX 4090,34,101.83,45,2610.1,24564.0,
2026-09-07T10:08:15.367384+00:00,03_vlm_polymer_real_synth,2,2,4.2,4.28,60.43,47.22,NVIDIA GeForce RTX 4090,34,101.77,45,2610.1,24564.0,
2026-09-07T10:08:25.378366+00:00,03_vlm_polymer_real_synth,2,2,4.2,4.28,60.43,47.22,NVIDIA GeForce RTX 4090,36,101.15,45,2610.1,24564.0,
2026-09-07T10:08:35.389332+00:00,03_vlm_polymer_real_synth,2,2,4.2,4.28,60.43,47.22,NVIDIA GeForce RTX 4090,35,102.82,45,2610.1,24564.0,
2026-09-07T10:08:45.400140+00:00,03_vlm_polymer_real_synth,2,2,4.2,4.28,60.43,47.22,NVIDIA GeForce RTX 4090,36,99.93,25,2610.1,24564.0,
2026-09-07T10:08:55.411253+00:00,03_vlm_polymer_real_synth,2,2,4.2,4.29,60.43,47.22,NVIDIA GeForce RTX 4090,34,96.59,13,2610.1,24564.0,
2026-09-07T10:09:05.422271+00:00,03_vlm_polymer_real_synth,2,2,4.2,4.28,60.43,47.22,NVIDIA GeForce RTX 4090,36,95.98,0,2610.1,24564.0,
2026-09-07T10:09:15.433122+00:00,03_vlm_polymer_real_synth,2,2,4.2,4.29,60.43,47.22,NVIDIA GeForce RTX 4090,35,96.73,13,2610.1,24564.0,
2026-09-07T10:09:25.444344+00:00,03_vlm_polymer_real_synth,2,2,4.2,4.28,60.43,47.22,NVIDIA GeForce RTX 4090,35,99.32,0,2610.1,24564.0,
2026-09-07T10:09:35.455309+00:00,03_vlm_polymer_real_synth,2,2,4.2,4.32,60.43,47.22,NVIDIA GeForce RTX 4090,34,98.73,51,2610.1,24564.0,
2026-09-07T10:09:45.468826+00:00,03_vlm_polymer_real_synth,2,2,4.2,4.32,60.43,47.22,NVIDIA GeForce RTX 4090,35,100.21,65,2610.1,24564.0,
2026-09-07T10:09:55.479430+00:00,03_vlm_polymer_real_synth,2,2,4.2,4.32,60.43,47.22,NVIDIA GeForce RTX 4090,34,97.93,10,2610.1,24564.0,
2026-09-07T10:10:05.490337+00:00,03_vlm_polymer_real_synth,2,2,4.2,4.31,60.43,47.22,NVIDIA GeForce RTX 4090,35,101.4,44,2610.1,24564.0,
2026-09-07T10:10:15.501139+00:00,03_vlm_polymer_real_synth,2,2,4.2,4.29,60.43,47.22,NVIDIA GeForce RTX 4090,34,98.2,23,2610.1,24564.0,
2026-09-07T10:10:25.513956+00:00,03_vlm_polymer_real_synth,2,2,4.2,4.28,60.43,47.22,NVIDIA GeForce RTX 4090,34,98.33,16,2610.1,24564.0,
2026-09-07T10:10:35.526255+00:00,03_vlm_polymer_real_synth,2,2,4.2,4.29,60.43,47.22,NVIDIA GeForce RTX 4090,35,96.95,38,2610.1,24564.0,
2026-09-07T10:10:45.537718+00:00,03_vlm_polymer_real_synth,2,2,4.2,4.28,60.43,47.22,NVIDIA GeForce RTX 4090,34,98.94,34,2610.1,24564.0,
2026-09-07T10:10:55.548649+00:00,03_vlm_polymer_real_synth,2,2,4.2,4.29,60.43,47.22,NVIDIA GeForce RTX 4090,36,99.32,37,2610.1,24564.0,
2026-09-07T10:11:05.559842+00:00,03_vlm_polymer_real_synth,2,2,4.2,4.3,60.43,47.22,NVIDIA GeForce RTX 4090,37,98.37,27,2610.1,24564.0,
2026-09-07T10:11:15.570999+00:00,03_vlm_polymer_real_synth,2,2,4.2,4.31,60.43,47.22,NVIDIA GeForce RTX 4090,35,103.23,12,2610.1,24564.0,
2026-09-07T10:11:25.581705+00:00,03_vlm_polymer_real_synth,2,2,4.2,4.31,60.43,47.22,NVIDIA GeForce RTX 4090,35,100.13,5,2610.1,24564.0,
2026-09-07T10:11:35.592794+00:00,03_vlm_polymer_real_synth,2,2,4.2,4.32,60.43,47.22,NVIDIA GeForce RTX 4090,35,101.09,20,2610.1,24564.0,
2026-09-07T10:11:45.603752+00:00,03_vlm_polymer_real_synth,2,2,4.2,4.32,60.43,47.22,NVIDIA GeForce RTX 4090,35,101.56,52,2610.1,24564.0,
2026-09-07T10:11:55.614555+00:00,03_vlm_polymer_real_synth,2,2,4.2,4.34,60.43,47.22,NVIDIA GeForce RTX 4090,34,99.79,51,2610.1,24564.0,
2026-09-07T10:12:05.625696+00:00,03_vlm_polymer_real_synth,2,2,4.2,4.29,60.43,47.22,NVIDIA GeForce RTX 4090,35,98.8,3,2610.1,24564.0,
2026-09-07T10:12:15.637204+00:00,03_vlm_polymer_real_synth,2,2,4.2,4.33,60.43,47.22,NVIDIA GeForce RTX 4090,35,100.56,18,2610.1,24564.0,
2026-09-07T10:12:25.648168+00:00,03_vlm_polymer_real_synth,2,2,4.2,4.32,60.43,47.22,NVIDIA GeForce RTX 4090,35,103.96,61,2610.1,24564.0,
2026-09-07T10:12:35.659390+00:00,03_vlm_polymer_real_synth,2,2,4.2,4.33,60.43,47.22,NVIDIA GeForce RTX 4090,34,100.07,53,2610.1,24564.0,
2026-09-07T10:12:45.670915+00:00,03_vlm_polymer_real_synth,2,2,4.2,4.31,60.43,47.22,NVIDIA GeForce RTX 4090,35,97.65,21,2610.1,24564.0,
2026-09-07T10:12:55.684851+00:00,03_vlm_polymer_real_synth,2,2,4.2,4.33,60.43,47.22,NVIDIA GeForce RTX 4090,34,97.09,50,2610.1,24564.0,
2026-09-07T10:13:05.695867+00:00,03_vlm_polymer_real_synth,2,2,4.2,4.34,60.43,47.22,NVIDIA GeForce RTX 4090,37,101.47,37,2610.1,24564.0,
2026-09-07T10:13:15.707171+00:00,03_vlm_polymer_real_synth,2,2,4.2,4.32,60.43,47.22,NVIDIA GeForce RTX 4090,35,96.98,26,2610.1,24564.0,
2026-09-07T10:13:25.718222+00:00,03_vlm_polymer_real_synth,2,2,4.2,4.32,60.43,47.22,NVIDIA GeForce RTX 4090,36,99.16,34,2610.1,24564.0,
2026-09-07T10:13:35.729417+00:00,03_vlm_polymer_real_synth,2,2,4.2,4.31,60.43,47.22,NVIDIA GeForce RTX 4090,36,99.58,34,2610.1,24564.0,
2026-09-07T10:13:45.740974+00:00,03_vlm_polymer_real_synth,2,2,4.2,4.38,60.43,47.22,NVIDIA GeForce RTX 4090,34,91.75,33,2610.1,24564.0,
2026-09-07T10:13:55.751788+00:00,03_vlm_polymer_real_synth,2,2,4.2,4.36,60.43,47.22,NVIDIA GeForce RTX 4090,34,90.35,33,2610.1,24564.0,
2026-09-07T10:14:05.762755+00:00,03_vlm_polymer_real_synth,2,2,4.0,4.38,60.43,47.2,NVIDIA GeForce RTX 4090,33,81.35,0,2610.1,24564.0,
2026-09-07T10:14:15.773555+00:00,03_vlm_polymer_real_synth,2,2,4.2,4.37,60.43,47.2,NVIDIA GeForce RTX 4090,34,100.53,25,2610.1,24564.0,
2026-09-07T10:14:25.784517+00:00,03_vlm_polymer_real_synth,2,2,4.2,4.39,60.43,47.2,NVIDIA GeForce RTX 4090,35,96.87,27,2610.1,24564.0,
2026-09-07T10:14:35.795547+00:00,03_vlm_polymer_real_synth,2,2,4.2,4.38,60.43,47.2,NVIDIA GeForce RTX 4090,35,96.64,49,2610.1,24564.0,
2026-09-07T10:14:45.806991+00:00,03_vlm_polymer_real_synth,2,2,4.2,4.41,60.43,47.2,NVIDIA GeForce RTX 4090,34,101.2,20,2610.1,24564.0,
2026-09-07T10:14:55.817886+00:00,03_vlm_polymer_real_synth,2,2,4.2,4.41,60.43,47.2,NVIDIA GeForce RTX 4090,34,98.92,6,2610.1,24564.0,
2026-09-07T10:15:05.828741+00:00,03_vlm_polymer_real_synth,2,2,4.2,4.41,60.43,47.2,NVIDIA GeForce RTX 4090,34,97.47,0,2610.1,24564.0,
2026-09-07T10:15:15.839518+00:00,03_vlm_polymer_real_synth,2,2,4.2,4.37,60.43,47.2,NVIDIA GeForce RTX 4090,35,97.78,22,2610.1,24564.0,
2026-09-07T10:15:25.850518+00:00,03_vlm_polymer_real_synth,2,2,4.2,4.35,60.43,47.2,NVIDIA GeForce RTX 4090,34,96.85,12,2610.1,24564.0,
2026-09-07T10:15:35.861279+00:00,03_vlm_polymer_real_synth,2,2,4.2,4.35,60.43,47.2,NVIDIA GeForce RTX 4090,34,97.46,1,2610.1,24564.0,
2026-09-07T10:15:45.872524+00:00,03_vlm_polymer_real_synth,2,2,4.2,4.35,60.43,47.2,NVIDIA GeForce RTX 4090,34,97.01,31,2610.1,24564.0,
2026-09-07T10:15:55.884008+00:00,03_vlm_polymer_real_synth,2,2,4.2,4.35,60.43,47.2,NVIDIA GeForce RTX 4090,35,99.34,57,2610.1,24564.0,
2026-09-07T10:16:05.895139+00:00,03_vlm_polymer_real_synth,2,2,4.2,4.35,60.43,47.2,NVIDIA GeForce RTX 4090,36,103.27,42,2610.1,24564.0,
2026-09-07T10:16:15.906314+00:00,03_vlm_polymer_real_synth,2,2,4.2,4.35,60.43,47.2,NVIDIA GeForce RTX 4090,34,97.84,38,2610.1,24564.0,
2026-09-07T10:16:25.917736+00:00,03_vlm_polymer_real_synth,2,2,4.2,4.41,60.43,47.2,NVIDIA GeForce RTX 4090,35,98.87,0,2610.1,24564.0,
2026-09-07T10:16:35.928976+00:00,03_vlm_polymer_real_synth,2,2,4.2,4.41,60.43,47.2,NVIDIA GeForce RTX 4090,35,100.56,27,2610.1,24564.0,
2026-09-07T10:16:45.940286+00:00,03_vlm_polymer_real_synth,2,2,4.2,4.44,60.43,47.2,NVIDIA GeForce RTX 4090,34,98.77,36,2610.1,24564.0,
2026-09-07T10:16:55.951678+00:00,03_vlm_polymer_real_synth,2,2,4.2,4.44,60.43,47.2,NVIDIA GeForce RTX 4090,35,101.83,27,2610.1,24564.0,
2026-09-07T10:17:05.962755+00:00,03_vlm_polymer_real_synth,2,2,4.2,4.41,60.43,47.2,NVIDIA GeForce RTX 4090,35,98.46,10,2610.1,24564.0,
2026-09-07T10:17:15.973754+00:00,03_vlm_polymer_real_synth,2,2,4.2,4.4,60.43,47.2,NVIDIA GeForce RTX 4090,36,99.14,6,2610.1,24564.0,
2026-09-07T10:17:25.984811+00:00,03_vlm_polymer_real_synth,2,2,4.2,4.43,60.43,47.2,NVIDIA GeForce RTX 4090,35,102.08,0,2610.1,24564.0,
2026-09-07T10:17:35.995779+00:00,03_vlm_polymer_real_synth,2,2,4.2,4.42,60.43,47.2,NVIDIA GeForce RTX 4090,35,100.59,42,2610.1,24564.0,
2026-09-07T10:17:46.006618+00:00,03_vlm_polymer_real_synth,2,2,4.2,4.42,60.43,47.2,NVIDIA GeForce RTX 4090,34,99.1,60,2610.1,24564.0,
2026-09-07T10:17:56.017582+00:00,03_vlm_polymer_real_synth,2,2,4.2,4.45,60.43,47.2,NVIDIA GeForce RTX 4090,35,100.47,41,2610.1,24564.0,
2026-09-07T10:18:06.031153+00:00,03_vlm_polymer_real_synth,2,2,4.2,4.4,60.43,47.2,NVIDIA GeForce RTX 4090,34,99.22,41,2610.1,24564.0,
2026-09-07T10:18:16.042530+00:00,03_vlm_polymer_real_synth,2,2,4.2,4.39,60.43,47.2,NVIDIA GeForce RTX 4090,34,99.19,63,2610.1,24564.0,
2026-09-07T10:18:26.055857+00:00,03_vlm_polymer_real_synth,2,2,4.2,4.38,60.43,47.2,NVIDIA GeForce RTX 4090,34,97.94,63,2610.1,24564.0,
2026-09-07T10:18:36.066925+00:00,03_vlm_polymer_real_synth,2,2,4.2,4.41,60.43,47.2,NVIDIA GeForce RTX 4090,34,100.05,40,2610.1,24564.0,
2026-09-07T10:18:46.077765+00:00,03_vlm_polymer_real_synth,2,2,4.2,4.4,60.43,47.2,NVIDIA GeForce RTX 4090,37,97.92,6,2610.1,24564.0,
2026-09-07T10:18:56.089075+00:00,03_vlm_polymer_real_synth,2,2,4.2,4.38,60.43,47.2,NVIDIA GeForce RTX 4090,35,95.78,28,2610.1,24564.0,
2026-09-07T10:19:06.101057+00:00,03_vlm_polymer_real_synth,2,2,4.2,4.37,60.43,47.2,NVIDIA GeForce RTX 4090,35,95.76,0,2610.1,24564.0,
2026-09-07T10:19:16.112021+00:00,03_vlm_polymer_real_synth,2,2,4.2,4.47,60.43,47.2,NVIDIA GeForce RTX 4090,34,100.86,38,2610.1,24564.0,
2026-09-07T10:19:26.122921+00:00,03_vlm_polymer_real_synth,2,2,4.2,4.44,60.43,47.2,NVIDIA GeForce RTX 4090,35,97.37,25,2610.1,24564.0,
2026-09-07T10:19:36.134358+00:00,03_vlm_polymer_real_synth,2,2,4.2,4.42,60.43,47.2,NVIDIA GeForce RTX 4090,35,96.75,0,2610.1,24564.0,
2026-09-07T10:19:46.145510+00:00,03_vlm_polymer_real_synth,2,2,4.2,4.43,60.43,47.2,NVIDIA GeForce RTX 4090,36,99.4,65,2610.1,24564.0,
2026-09-07T10:19:56.156644+00:00,03_vlm_polymer_real_synth,2,2,4.2,4.43,60.43,47.2,NVIDIA GeForce RTX 4090,35,99.43,26,2610.1,24564.0,
2026-09-07T10:20:06.167482+00:00,03_vlm_polymer_real_synth,2,2,4.2,4.41,60.43,47.2,NVIDIA GeForce RTX 4090,34,96.89,28,2610.1,24564.0,
2026-09-07T10:20:16.178789+00:00,03_vlm_polymer_real_synth,2,2,4.2,4.38,60.43,47.2,NVIDIA GeForce RTX 4090,34,99.6,65,2610.1,24564.0,
2026-09-07T10:20:26.189855+00:00,03_vlm_polymer_real_synth,2,2,4.2,4.37,60.43,47.2,NVIDIA GeForce RTX 4090,35,101.65,10,2610.1,24564.0,
2026-09-07T10:20:36.200902+00:00,03_vlm_polymer_real_synth,2,2,4.2,4.39,60.43,47.2,NVIDIA GeForce RTX 4090,35,100.13,35,2610.1,24564.0,
2026-09-07T10:20:46.212057+00:00,03_vlm_polymer_real_synth,2,2,4.2,4.38,60.43,47.2,NVIDIA GeForce RTX 4090,34,98.34,21,2610.1,24564.0,
2026-09-07T10:20:56.223139+00:00,03_vlm_polymer_real_synth,2,2,4.2,4.39,60.43,47.2,NVIDIA GeForce RTX 4090,35,96.35,62,2610.1,24564.0,
2026-09-07T10:21:06.234529+00:00,03_vlm_polymer_real_synth,2,2,4.2,4.38,60.43,47.2,NVIDIA GeForce RTX 4090,34,90.81,30,2610.1,24564.0,
2026-09-07T10:21:16.245837+00:00,03_vlm_polymer_real_synth,2,2,4.2,4.37,60.43,47.2,NVIDIA GeForce RTX 4090,34,90.44,29,2610.1,24564.0,
2026-09-07T10:21:26.256934+00:00,03_vlm_polymer_real_synth,2,2,3.9,4.37,60.43,47.2,NVIDIA GeForce RTX 4090,35,102.31,47,2610.1,24564.0,
2026-09-07T10:21:36.268018+00:00,03_vlm_polymer_real_synth,2,2,4.2,4.39,60.43,47.2,NVIDIA GeForce RTX 4090,35,96.27,0,2610.1,24564.0,
2026-09-07T10:21:46.278870+00:00,03_vlm_polymer_real_synth,2,2,4.2,4.38,60.43,47.2,NVIDIA GeForce RTX 4090,35,96.65,46,2610.1,24564.0,
2026-09-07T10:21:56.289948+00:00,03_vlm_polymer_real_synth,2,2,4.2,4.41,60.43,47.2,NVIDIA GeForce RTX 4090,35,99.94,22,2610.1,24564.0,
2026-09-07T10:22:06.301199+00:00,03_vlm_polymer_real_synth,2,2,4.2,4.39,60.43,47.2,NVIDIA GeForce RTX 4090,35,103.21,50,2610.1,24564.0,
2026-09-07T10:22:16.312750+00:00,03_vlm_polymer_real_synth,2,2,4.2,4.42,60.43,47.2,NVIDIA GeForce RTX 4090,35,98.33,0,2610.1,24564.0,
2026-09-07T10:22:26.324183+00:00,03_vlm_polymer_real_synth,2,2,4.2,4.41,60.43,47.2,NVIDIA GeForce RTX 4090,35,96.69,39,2610.1,24564.0,
2026-09-07T10:22:36.335468+00:00,03_vlm_polymer_real_synth,2,2,4.2,4.4,60.43,47.2,NVIDIA GeForce RTX 4090,34,96.8,55,2610.1,24564.0,
2026-09-07T10:22:46.346297+00:00,03_vlm_polymer_real_synth,2,2,4.2,4.42,60.43,47.2,NVIDIA GeForce RTX 4090,34,96.62,65,2610.1,24564.0,
2026-09-07T10:22:56.358185+00:00,03_vlm_polymer_real_synth,2,2,4.2,4.45,60.43,47.2,NVIDIA GeForce RTX 4090,35,96.46,32,2610.1,24564.0,
2026-09-07T10:23:06.369382+00:00,03_vlm_polymer_real_synth,2,2,4.2,4.44,60.43,47.2,NVIDIA GeForce RTX 4090,35,96.62,53,2610.1,24564.0,
2026-09-07T10:23:16.380287+00:00,03_vlm_polymer_real_synth,2,2,4.2,4.41,60.43,47.2,NVIDIA GeForce RTX 4090,34,96.56,68,2610.1,24564.0,
2026-09-07T10:23:26.391855+00:00,03_vlm_polymer_real_synth,2,2,4.2,4.41,60.43,47.2,NVIDIA GeForce RTX 4090,34,98.64,22,2610.1,24564.0,
2026-09-07T10:23:36.402940+00:00,03_vlm_polymer_real_synth,2,2,4.2,4.43,60.43,47.2,NVIDIA GeForce RTX 4090,36,98.5,0,2610.1,24564.0,
2026-09-07T10:23:46.413793+00:00,03_vlm_polymer_real_synth,2,2,4.2,4.42,60.43,47.2,NVIDIA GeForce RTX 4090,34,97.79,0,2610.1,24564.0,
2026-09-07T10:23:56.425036+00:00,03_vlm_polymer_real_synth,2,2,4.2,4.4,60.43,47.2,NVIDIA GeForce RTX 4090,35,101.72,32,2610.1,24564.0,
2026-09-07T10:24:06.436395+00:00,03_vlm_polymer_real_synth,2,2,4.2,4.44,60.43,47.2,NVIDIA GeForce RTX 4090,35,99.96,39,2610.1,24564.0,
2026-09-07T10:24:16.447449+00:00,03_vlm_polymer_real_synth,2,2,4.2,4.39,60.43,47.2,NVIDIA GeForce RTX 4090,36,98.93,48,2610.1,24564.0,
2026-09-07T10:24:26.458649+00:00,03_vlm_polymer_real_synth,2,2,4.2,4.42,60.43,47.2,NVIDIA GeForce RTX 4090,34,98.26,30,2610.1,24564.0,
2026-09-07T10:24:36.469943+00:00,03_vlm_polymer_real_synth,2,2,4.2,4.42,60.43,47.2,NVIDIA GeForce RTX 4090,35,98.97,53,2610.1,24564.0,
2026-09-07T10:24:46.481119+00:00,03_vlm_polymer_real_synth,2,2,4.2,4.38,60.43,47.2,NVIDIA GeForce RTX 4090,35,98.41,46,2610.1,24564.0,
2026-09-07T10:24:56.494518+00:00,03_vlm_polymer_real_synth,2,2,4.2,4.37,60.43,47.2,NVIDIA GeForce RTX 4090,35,102.42,62,2610.1,24564.0,
2026-09-07T10:25:06.505671+00:00,03_vlm_polymer_real_synth,2,2,4.2,4.42,60.43,47.2,NVIDIA GeForce RTX 4090,34,98.12,35,2610.1,24564.0,
2026-09-07T10:25:16.517248+00:00,03_vlm_polymer_real_synth,2,2,4.2,4.38,60.43,47.2,NVIDIA GeForce RTX 4090,35,98.6,60,2610.1,24564.0,
2026-09-07T10:25:26.528158+00:00,03_vlm_polymer_real_synth,2,2,4.2,4.37,60.43,47.2,NVIDIA GeForce RTX 4090,35,102.05,64,2610.1,24564.0,
2026-09-07T10:25:36.539289+00:00,03_vlm_polymer_real_synth,2,2,4.2,4.36,60.43,47.2,NVIDIA GeForce RTX 4090,36,98.93,35,2610.1,24564.0,
2026-09-07T10:25:46.550240+00:00,03_vlm_polymer_real_synth,2,2,4.2,4.35,60.43,47.2,NVIDIA GeForce RTX 4090,35,100.75,53,2610.1,24564.0,
2026-09-07T10:25:56.561081+00:00,03_vlm_polymer_real_synth,2,2,4.2,4.37,60.43,47.2,NVIDIA GeForce RTX 4090,34,99.28,35,2610.1,24564.0,
2026-09-07T10:26:06.572181+00:00,03_vlm_polymer_real_synth,2,2,4.2,4.36,60.43,47.2,NVIDIA GeForce RTX 4090,35,100.38,23,2610.1,24564.0,
2026-09-07T10:26:16.583164+00:00,03_vlm_polymer_real_synth,2,2,4.2,4.37,60.43,47.2,NVIDIA GeForce RTX 4090,36,99.43,32,2610.1,24564.0,
2026-09-07T10:26:26.594519+00:00,03_vlm_polymer_real_synth,2,2,4.2,4.39,60.43,47.2,NVIDIA GeForce RTX 4090,36,96.67,41,2610.1,24564.0,
2026-09-07T10:26:36.605874+00:00,03_vlm_polymer_real_synth,2,2,4.2,4.41,60.43,47.2,NVIDIA GeForce RTX 4090,35,99.56,7,2610.1,24564.0,
2026-09-07T10:26:46.616989+00:00,03_vlm_polymer_real_synth,2,2,4.2,4.4,60.43,47.2,NVIDIA GeForce RTX 4090,34,98.68,44,2610.1,24564.0,
2026-09-07T10:26:56.628819+00:00,03_vlm_polymer_real_synth,2,2,4.2,4.4,60.43,47.2,NVIDIA GeForce RTX 4090,34,99.68,53,2610.1,24564.0,
2026-09-07T10:27:06.640077+00:00,03_vlm_polymer_real_synth,2,2,4.2,4.4,60.43,47.2,NVIDIA GeForce RTX 4090,34,98.95,37,2610.1,24564.0,
2026-09-07T10:27:16.650919+00:00,03_vlm_polymer_real_synth,2,2,4.2,4.4,60.43,47.2,NVIDIA GeForce RTX 4090,35,95.95,15,2610.1,24564.0,
2026-09-07T10:27:26.662372+00:00,03_vlm_polymer_real_synth,2,2,4.2,4.41,60.43,47.2,NVIDIA GeForce RTX 4090,34,103.02,37,2610.1,24564.0,
2026-09-07T10:27:36.673748+00:00,03_vlm_polymer_real_synth,2,2,4.2,4.4,60.43,47.2,NVIDIA GeForce RTX 4090,35,98.53,26,2610.1,24564.0,
2026-09-07T10:27:46.687079+00:00,03_vlm_polymer_real_synth,2,2,4.2,4.48,60.43,47.2,NVIDIA GeForce RTX 4090,36,98.24,33,2610.1,24564.0,
2026-09-07T10:27:56.698068+00:00,03_vlm_polymer_real_synth,2,2,4.2,4.46,60.43,47.2,NVIDIA GeForce RTX 4090,35,98.96,44,2610.1,24564.0,
2026-09-07T10:28:06.709258+00:00,03_vlm_polymer_real_synth,2,2,4.2,4.45,60.43,47.2,NVIDIA GeForce RTX 4090,36,99.52,33,2610.1,24564.0,
2026-09-07T10:28:16.720377+00:00,03_vlm_polymer_real_synth,2,2,4.2,4.41,60.43,47.2,NVIDIA GeForce RTX 4090,34,95.29,33,2610.1,24564.0,
2026-09-07T10:28:26.731411+00:00,03_vlm_polymer_real_synth,2,2,4.2,4.4,60.43,47.2,NVIDIA GeForce RTX 4090,34,89.56,34,2610.1,24564.0,
2026-09-07T10:28:36.742300+00:00,03_vlm_polymer_real_synth,2,2,4.2,4.36,60.43,47.2,NVIDIA GeForce RTX 4090,34,91.34,32,2610.1,24564.0,
2026-09-07T10:28:46.753102+00:00,03_vlm_polymer_real_synth,2,2,4.0,4.39,60.43,47.2,NVIDIA GeForce RTX 4090,36,99.08,47,2610.1,24564.0,
2026-09-07T10:28:56.764156+00:00,03_vlm_polymer_real_synth,2,2,4.2,4.42,60.43,47.2,NVIDIA GeForce RTX 4090,35,96.92,57,2610.1,24564.0,
2026-09-07T10:29:06.775149+00:00,03_vlm_polymer_real_synth,2,2,4.2,4.35,60.43,47.2,NVIDIA GeForce RTX 4090,35,99.66,44,2610.1,24564.0,
2026-09-07T10:29:16.786089+00:00,03_vlm_polymer_real_synth,2,2,4.2,4.37,60.43,47.2,NVIDIA GeForce RTX 4090,35,97.06,68,2610.1,24564.0,
2026-09-07T10:29:26.797037+00:00,03_vlm_polymer_real_synth,2,2,4.2,4.39,60.43,47.2,NVIDIA GeForce RTX 4090,35,103.01,2,2610.1,24564.0,
2026-09-07T10:29:36.808167+00:00,03_vlm_polymer_real_synth,2,2,4.2,4.37,60.43,47.2,NVIDIA GeForce RTX 4090,36,101.04,65,2610.1,24564.0,
2026-09-07T10:29:46.819205+00:00,03_vlm_polymer_real_synth,2,2,4.2,4.35,60.43,47.2,NVIDIA GeForce RTX 4090,35,98.23,42,2610.1,24564.0,
2026-09-07T10:29:56.830287+00:00,03_vlm_polymer_real_synth,2,2,4.2,4.36,60.43,47.2,NVIDIA GeForce RTX 4090,36,97.96,26,2610.1,24564.0,
2026-09-07T10:30:06.841099+00:00,03_vlm_polymer_real_synth,2,2,4.2,4.36,60.43,47.2,NVIDIA GeForce RTX 4090,34,98.23,21,2610.1,24564.0,
2026-09-07T10:30:16.851995+00:00,03_vlm_polymer_real_synth,2,2,4.2,4.38,60.43,47.2,NVIDIA GeForce RTX 4090,35,98.23,0,2610.1,24564.0,
2026-09-07T10:30:26.863075+00:00,03_vlm_polymer_real_synth,2,2,4.2,4.35,60.43,47.2,NVIDIA GeForce RTX 4090,34,99.74,48,2610.1,24564.0,
2026-09-07T10:30:36.873943+00:00,03_vlm_polymer_real_synth,2,2,4.2,4.35,60.43,47.2,NVIDIA GeForce RTX 4090,35,99.49,10,2610.1,24564.0,
2026-09-07T10:30:46.884867+00:00,03_vlm_polymer_real_synth,2,2,4.2,4.34,60.43,47.2,NVIDIA GeForce RTX 4090,34,94.67,30,2610.1,24564.0,
2026-09-07T10:30:56.895979+00:00,03_vlm_polymer_real_synth,2,2,4.2,4.36,60.43,47.2,NVIDIA GeForce RTX 4090,34,102.26,52,2610.1,24564.0,
2026-09-07T10:31:06.906904+00:00,03_vlm_polymer_real_synth,2,2,4.2,4.36,60.43,47.2,NVIDIA GeForce RTX 4090,34,99.38,24,2610.1,24564.0,
2026-09-07T10:31:16.918211+00:00,03_vlm_polymer_real_synth,2,2,4.2,4.36,60.43,47.2,NVIDIA GeForce RTX 4090,35,102.73,67,2610.1,24564.0,
2026-09-07T10:31:26.929196+00:00,03_vlm_polymer_real_synth,2,2,4.2,4.35,60.43,47.2,NVIDIA GeForce RTX 4090,37,99.02,40,2610.1,24564.0,
2026-09-07T10:31:36.940335+00:00,03_vlm_polymer_real_synth,2,2,4.2,4.35,60.43,47.2,NVIDIA GeForce RTX 4090,34,96.72,50,2610.1,24564.0,
2026-09-07T10:31:46.951841+00:00,03_vlm_polymer_real_synth,2,2,4.2,4.35,60.43,47.2,NVIDIA GeForce RTX 4090,36,99.45,5,2610.1,24564.0,
2026-09-07T10:31:56.962909+00:00,03_vlm_polymer_real_synth,2,2,4.2,4.36,60.43,47.2,NVIDIA GeForce RTX 4090,36,101.28,31,2610.1,24564.0,
2026-09-07T10:32:06.973699+00:00,03_vlm_polymer_real_synth,2,2,4.2,4.4,60.43,47.2,NVIDIA GeForce RTX 4090,35,96.47,48,2610.1,24564.0,
2026-09-07T10:32:16.984965+00:00,03_vlm_polymer_real_synth,2,2,4.2,4.36,60.43,47.2,NVIDIA GeForce RTX 4090,35,100.36,12,2610.1,24564.0,
2026-09-07T10:32:26.998062+00:00,03_vlm_polymer_real_synth,2,2,4.2,4.37,60.43,47.2,NVIDIA GeForce RTX 4090,35,101.28,64,2610.1,24564.0,
2026-09-07T10:32:37.009819+00:00,03_vlm_polymer_real_synth,2,2,4.2,4.35,60.43,47.2,NVIDIA GeForce RTX 4090,36,96.68,12,2610.1,24564.0,
2026-09-07T10:32:47.020669+00:00,03_vlm_polymer_real_synth,2,2,4.2,4.39,60.43,47.2,NVIDIA GeForce RTX 4090,35,99.59,48,2610.1,24564.0,
2026-09-07T10:32:57.032545+00:00,03_vlm_polymer_real_synth,2,2,4.2,4.39,60.43,47.2,NVIDIA GeForce RTX 4090,35,100.8,40,2610.1,24564.0,
2026-09-07T10:33:07.043314+00:00,03_vlm_polymer_real_synth,2,2,4.2,4.38,60.43,47.2,NVIDIA GeForce RTX 4090,35,98.36,52,2610.1,24564.0,
2026-09-07T10:33:17.054320+00:00,03_vlm_polymer_real_synth,2,2,4.2,4.36,60.43,47.2,NVIDIA GeForce RTX 4090,35,95.91,13,2610.1,24564.0,
2026-09-07T10:33:27.065858+00:00,03_vlm_polymer_real_synth,2,2,4.3,4.41,60.43,47.2,NVIDIA GeForce RTX 4090,36,97.72,68,2610.1,24564.0,
2026-09-07T10:33:37.076867+00:00,03_vlm_polymer_real_synth,2,2,4.2,4.36,60.43,47.2,NVIDIA GeForce RTX 4090,35,99.34,0,2610.1,24564.0,
2026-09-07T10:33:47.087891+00:00,03_vlm_polymer_real_synth,2,2,4.2,4.36,60.43,47.2,NVIDIA GeForce RTX 4090,34,99.84,42,2610.1,24564.0,
2026-09-07T10:33:57.099037+00:00,03_vlm_polymer_real_synth,2,2,4.2,4.38,60.43,47.2,NVIDIA GeForce RTX 4090,35,97.13,46,2610.1,24564.0,
2026-09-07T10:34:07.111358+00:00,03_vlm_polymer_real_synth,2,2,4.2,4.39,60.43,47.2,NVIDIA GeForce RTX 4090,35,98.12,19,2610.1,24564.0,
2026-09-07T10:34:17.122357+00:00,03_vlm_polymer_real_synth,2,2,4.2,4.4,60.43,47.2,NVIDIA GeForce RTX 4090,36,99.23,63,2610.1,24564.0,
2026-09-07T10:34:27.133516+00:00,03_vlm_polymer_real_synth,2,2,4.2,4.44,60.43,47.2,NVIDIA GeForce RTX 4090,34,99.05,38,2610.1,24564.0,
2026-09-07T10:34:37.144570+00:00,03_vlm_polymer_real_synth,2,2,4.2,4.44,60.43,47.2,NVIDIA GeForce RTX 4090,35,99.59,29,2610.1,24564.0,
2026-09-07T10:34:47.158092+00:00,03_vlm_polymer_real_synth,2,2,4.2,4.43,60.43,47.2,NVIDIA GeForce RTX 4090,34,99.65,17,2610.1,24564.0,
2026-09-07T10:34:57.169363+00:00,03_vlm_polymer_real_synth,2,2,4.2,4.42,60.43,47.2,NVIDIA GeForce RTX 4090,35,102.26,24,2610.1,24564.0,
2026-09-07T10:35:07.180415+00:00,03_vlm_polymer_real_synth,2,2,4.2,4.4,60.43,47.2,NVIDIA GeForce RTX 4090,35,97.42,53,2610.1,24564.0,
2026-09-07T10:35:17.192526+00:00,03_vlm_polymer_real_synth,2,2,4.2,4.44,60.43,47.2,NVIDIA GeForce RTX 4090,35,99.94,30,2610.1,24564.0,
2026-09-07T10:35:27.203441+00:00,03_vlm_polymer_real_synth,2,2,4.2,4.43,60.43,47.2,NVIDIA GeForce RTX 4090,34,100.18,36,2610.1,24564.0,
2026-09-07T10:35:37.214768+00:00,03_vlm_polymer_real_synth,2,2,4.2,4.4,60.43,47.2,NVIDIA GeForce RTX 4090,35,90.56,33,2610.1,24564.0,
2026-09-07T10:35:47.226822+00:00,03_vlm_polymer_real_synth,2,2,4.2,4.4,60.43,47.2,NVIDIA GeForce RTX 4090,34,88.79,25,2610.1,24564.0,
2026-09-07T10:35:57.238184+00:00,03_vlm_polymer_real_synth,2,2,4.2,4.39,60.43,47.2,NVIDIA GeForce RTX 4090,34,102.76,21,2610.1,24564.0,
2026-09-07T10:36:07.249284+00:00,03_vlm_polymer_real_synth,2,2,4.2,4.4,60.43,47.2,NVIDIA GeForce RTX 4090,35,101.97,63,2610.1,24564.0,
2026-09-07T10:36:17.260363+00:00,03_vlm_polymer_real_synth,2,2,4.2,4.39,60.43,47.2,NVIDIA GeForce RTX 4090,35,98.84,20,2610.1,24564.0,
2026-09-07T10:36:27.271561+00:00,03_vlm_polymer_real_synth,2,2,4.2,4.38,60.43,47.2,NVIDIA GeForce RTX 4090,35,97.01,7,2610.1,24564.0,
2026-09-07T10:36:37.282791+00:00,03_vlm_polymer_real_synth,2,2,4.2,4.4,60.43,47.2,NVIDIA GeForce RTX 4090,35,101.04,43,2610.1,24564.0,
2026-09-07T10:36:47.293735+00:00,03_vlm_polymer_real_synth,2,2,4.2,4.39,60.43,47.2,NVIDIA GeForce RTX 4090,34,98.49,60,2610.1,24564.0,
2026-09-07T10:36:57.306811+00:00,03_vlm_polymer_real_synth,2,2,4.2,4.4,60.43,47.2,NVIDIA GeForce RTX 4090,36,100.75,40,2610.1,24564.0,
2026-09-07T10:37:07.317903+00:00,03_vlm_polymer_real_synth,2,2,4.2,4.39,60.43,47.2,NVIDIA GeForce RTX 4090,34,97.89,63,2610.1,24564.0,
2026-09-07T10:37:17.328855+00:00,03_vlm_polymer_real_synth,2,2,4.2,4.39,60.43,47.2,NVIDIA GeForce RTX 4090,34,101.92,32,2610.1,24564.0,
2026-09-07T10:37:27.339821+00:00,03_vlm_polymer_real_synth,2,2,4.2,4.37,60.43,47.2,NVIDIA GeForce RTX 4090,37,99.04,10,2610.1,24564.0,
2026-09-07T10:37:37.351134+00:00,03_vlm_polymer_real_synth,2,2,4.2,4.37,60.43,47.2,NVIDIA GeForce RTX 4090,35,100.77,27,2610.1,24564.0,
2026-09-07T10:37:47.362184+00:00,03_vlm_polymer_real_synth,2,2,4.2,4.37,60.43,47.2,NVIDIA GeForce RTX 4090,34,100.95,25,2610.1,24564.0,
2026-09-07T10:37:57.373254+00:00,03_vlm_polymer_real_synth,2,2,4.2,4.42,60.43,47.2,NVIDIA GeForce RTX 4090,35,101.45,17,2610.1,24564.0,
2026-09-07T10:38:07.384236+00:00,03_vlm_polymer_real_synth,2,2,4.2,4.39,60.43,47.2,NVIDIA GeForce RTX 4090,35,99.1,34,2610.1,24564.0,
2026-09-07T10:38:17.395289+00:00,03_vlm_polymer_real_synth,2,2,4.2,4.39,60.43,47.2,NVIDIA GeForce RTX 4090,35,100.19,44,2610.1,24564.0,
2026-09-07T10:38:27.406381+00:00,03_vlm_polymer_real_synth,2,2,4.2,4.36,60.43,47.2,NVIDIA GeForce RTX 4090,35,99.9,49,2610.1,24564.0,
2026-09-07T10:38:37.417383+00:00,03_vlm_polymer_real_synth,2,2,4.2,4.39,60.43,47.2,NVIDIA GeForce RTX 4090,35,100.63,27,2610.1,24564.0,
2026-09-07T10:38:47.428625+00:00,03_vlm_polymer_real_synth,2,2,4.2,4.37,60.43,47.2,NVIDIA GeForce RTX 4090,34,100.73,15,2610.1,24564.0,
2026-09-07T10:38:57.439552+00:00,03_vlm_polymer_real_synth,2,2,4.2,4.41,60.43,47.2,NVIDIA GeForce RTX 4090,36,100.25,34,2610.1,24564.0,
2026-09-07T10:39:07.451022+00:00,03_vlm_polymer_real_synth,2,2,4.2,4.37,60.43,47.2,NVIDIA GeForce RTX 4090,35,100.28,46,2610.1,24564.0,
2026-09-07T10:39:17.462035+00:00,03_vlm_polymer_real_synth,2,2,4.2,4.43,60.43,47.2,NVIDIA GeForce RTX 4090,35,102.46,18,2610.1,24564.0,
2026-09-07T10:39:27.472853+00:00,03_vlm_polymer_real_synth,2,2,4.2,4.38,60.43,47.2,NVIDIA GeForce RTX 4090,36,99.98,33,2610.1,24564.0,
2026-09-07T10:39:37.485032+00:00,03_vlm_polymer_real_synth,2,2,4.2,4.38,60.43,47.2,NVIDIA GeForce RTX 4090,35,96.93,8,2610.1,24564.0,
2026-09-07T10:39:47.496050+00:00,03_vlm_polymer_real_synth,2,2,4.2,4.37,60.43,47.2,NVIDIA GeForce RTX 4090,34,97.56,42,2610.1,24564.0,
2026-09-07T10:39:57.509288+00:00,03_vlm_polymer_real_synth,2,2,4.2,4.33,60.43,47.2,NVIDIA GeForce RTX 4090,34,98.92,61,2610.1,24564.0,
2026-09-07T10:40:07.522669+00:00,03_vlm_polymer_real_synth,2,2,4.2,4.42,60.43,47.2,NVIDIA GeForce RTX 4090,35,96.45,27,2610.1,24564.0,
2026-09-07T10:40:17.533614+00:00,03_vlm_polymer_real_synth,2,2,4.2,4.41,60.43,47.2,NVIDIA GeForce RTX 4090,35,97.22,0,2610.1,24564.0,
2026-09-07T10:40:27.544425+00:00,03_vlm_polymer_real_synth,2,2,4.2,4.46,60.43,47.2,NVIDIA GeForce RTX 4090,35,98.31,10,2610.1,24564.0,
2026-09-07T10:40:37.558367+00:00,03_vlm_polymer_real_synth,2,2,4.2,4.4,60.43,47.2,NVIDIA GeForce RTX 4090,34,99.55,26,2610.1,24564.0,
2026-09-07T10:40:47.569307+00:00,03_vlm_polymer_real_synth,2,2,4.2,4.4,60.43,47.2,NVIDIA GeForce RTX 4090,36,100.53,1,2610.1,24564.0,
2026-09-07T10:40:57.581849+00:00,03_vlm_polymer_real_synth,2,2,4.2,4.43,60.43,47.2,NVIDIA GeForce RTX 4090,35,98.5,57,2610.1,24564.0,
2026-09-07T10:41:07.593140+00:00,03_vlm_polymer_real_synth,2,2,4.2,4.44,60.43,47.2,NVIDIA GeForce RTX 4090,35,100.27,4,2610.1,24564.0,
2026-09-07T10:41:17.604025+00:00,03_vlm_polymer_real_synth,2,2,4.2,4.42,60.43,47.2,NVIDIA GeForce RTX 4090,35,97.7,20,2610.1,24564.0,
2026-09-07T10:41:27.615301+00:00,03_vlm_polymer_real_synth,2,2,4.2,4.41,60.43,47.2,NVIDIA GeForce RTX 4090,34,98.52,40,2610.1,24564.0,
2026-09-07T10:41:37.629406+00:00,03_vlm_polymer_real_synth,2,2,4.2,4.41,60.43,47.2,NVIDIA GeForce RTX 4090,35,97.41,25,2610.1,24564.0,
2026-09-07T10:41:47.640866+00:00,03_vlm_polymer_real_synth,2,2,4.2,4.41,60.43,47.2,NVIDIA GeForce RTX 4090,36,100.1,41,2610.1,24564.0,
2026-09-07T10:41:57.652068+00:00,03_vlm_polymer_real_synth,2,2,4.2,4.4,60.43,47.2,NVIDIA GeForce RTX 4090,35,100.91,53,2610.1,24564.0,
2026-09-07T10:42:07.663176+00:00,03_vlm_polymer_real_synth,2,2,4.2,4.43,60.43,47.2,NVIDIA GeForce RTX 4090,36,99.48,33,2610.1,24564.0,
2026-09-07T10:42:17.675936+00:00,03_vlm_polymer_real_synth,2,2,4.2,4.38,60.43,47.2,NVIDIA GeForce RTX 4090,34,100.34,22,2610.1,24564.0,
2026-09-07T10:42:27.687098+00:00,03_vlm_polymer_real_synth,2,2,4.2,4.38,60.43,47.2,NVIDIA GeForce RTX 4090,35,101.52,59,2610.1,24564.0,
2026-09-07T10:42:37.698114+00:00,03_vlm_polymer_real_synth,2,2,4.2,4.39,60.43,47.2,NVIDIA GeForce RTX 4090,35,96.85,16,2610.1,24564.0,
2026-09-07T10:42:47.708858+00:00,03_vlm_polymer_real_synth,2,2,4.2,4.39,60.43,47.2,NVIDIA GeForce RTX 4090,34,95.65,51,2610.1,24564.0,
2026-09-07T10:42:57.719850+00:00,03_vlm_polymer_real_synth,2,2,4.2,4.4,60.43,47.2,NVIDIA GeForce RTX 4090,35,90.52,29,2610.1,24564.0,
2026-09-07T10:43:07.730958+00:00,03_vlm_polymer_real_synth,2,2,4.2,4.38,60.43,47.2,NVIDIA GeForce RTX 4090,34,91.42,29,2610.1,24564.0,
2026-09-07T10:43:17.741830+00:00,03_vlm_polymer_real_synth,2,2,4.2,4.38,60.43,47.2,NVIDIA GeForce RTX 4090,34,98.54,27,2610.1,24564.0,
2026-09-07T10:43:27.753018+00:00,03_vlm_polymer_real_synth,2,2,4.2,4.36,60.43,47.2,NVIDIA GeForce RTX 4090,35,96.84,16,2610.1,24564.0,
2026-09-07T10:43:37.763817+00:00,03_vlm_polymer_real_synth,2,2,4.2,4.35,60.43,47.2,NVIDIA GeForce RTX 4090,34,97.21,2,2610.1,24564.0,
2026-09-07T10:43:47.775148+00:00,03_vlm_polymer_real_synth,2,2,4.2,4.35,60.43,47.2,NVIDIA GeForce RTX 4090,35,100.48,18,2610.1,24564.0,
2026-09-07T10:43:57.786512+00:00,03_vlm_polymer_real_synth,2,2,4.2,4.37,60.43,47.2,NVIDIA GeForce RTX 4090,34,98.63,37,2610.1,24564.0,
2026-09-07T10:44:07.797703+00:00,03_vlm_polymer_real_synth,2,2,4.2,4.35,60.43,47.2,NVIDIA GeForce RTX 4090,35,98.73,63,2610.1,24564.0,
2026-09-07T10:44:17.808943+00:00,03_vlm_polymer_real_synth,2,2,4.2,4.35,60.43,47.2,NVIDIA GeForce RTX 4090,34,101.48,16,2610.1,24564.0,
2026-09-07T10:44:27.820044+00:00,03_vlm_polymer_real_synth,2,2,4.2,4.34,60.43,47.2,NVIDIA GeForce RTX 4090,34,103.18,0,2610.1,24564.0,
2026-09-07T10:44:37.831161+00:00,03_vlm_polymer_real_synth,2,2,4.2,4.34,60.43,47.2,NVIDIA GeForce RTX 4090,34,100.7,9,2610.1,24564.0,
2026-09-07T10:44:47.842194+00:00,03_vlm_polymer_real_synth,2,2,4.2,4.35,60.43,47.2,NVIDIA GeForce RTX 4090,35,103.36,18,2610.1,24564.0,
2026-09-07T10:44:57.853387+00:00,03_vlm_polymer_real_synth,2,2,4.2,4.4,60.43,47.2,NVIDIA GeForce RTX 4090,35,101.99,64,2610.1,24564.0,
2026-09-07T10:45:07.864292+00:00,03_vlm_polymer_real_synth,2,2,4.2,4.38,60.43,47.2,NVIDIA GeForce RTX 4090,34,98.36,47,2610.1,24564.0,
2026-09-07T10:45:17.875872+00:00,03_vlm_polymer_real_synth,2,2,4.2,4.38,60.43,47.2,NVIDIA GeForce RTX 4090,35,97.17,13,2610.1,24564.0,
2026-09-07T10:45:27.886880+00:00,03_vlm_polymer_real_synth,2,2,4.2,4.44,60.43,47.2,NVIDIA GeForce RTX 4090,35,96.88,6,2610.1,24564.0,
2026-09-07T10:45:37.898120+00:00,03_vlm_polymer_real_synth,2,2,4.2,4.39,60.43,47.2,NVIDIA GeForce RTX 4090,35,98.75,46,2610.1,24564.0,
2026-09-07T10:45:47.909509+00:00,03_vlm_polymer_real_synth,2,2,4.2,4.4,60.43,47.2,NVIDIA GeForce RTX 4090,34,100.23,26,2610.1,24564.0,
2026-09-07T10:45:57.920680+00:00,03_vlm_polymer_real_synth,2,2,4.2,4.4,60.43,47.2,NVIDIA GeForce RTX 4090,35,98.41,28,2610.1,24564.0,
2026-09-07T10:46:07.932010+00:00,03_vlm_polymer_real_synth,2,2,4.2,4.43,60.43,47.2,NVIDIA GeForce RTX 4090,34,101.01,54,2610.1,24564.0,
2026-09-07T10:46:17.942835+00:00,03_vlm_polymer_real_synth,2,2,4.2,4.42,60.43,47.2,NVIDIA GeForce RTX 4090,34,100.83,51,2610.1,24564.0,
2026-09-07T10:46:27.955143+00:00,03_vlm_polymer_real_synth,2,2,4.2,4.4,60.43,47.2,NVIDIA GeForce RTX 4090,35,97.33,45,2610.1,24564.0,
2026-09-07T10:46:37.966838+00:00,03_vlm_polymer_real_synth,2,2,4.2,4.38,60.43,47.2,NVIDIA GeForce RTX 4090,35,100.69,9,2610.1,24564.0,
2026-09-07T10:46:47.977861+00:00,03_vlm_polymer_real_synth,2,2,4.2,4.39,60.43,47.2,NVIDIA GeForce RTX 4090,35,96.8,62,2610.1,24564.0,
2026-09-07T10:46:57.989504+00:00,03_vlm_polymer_real_synth,2,2,4.2,4.39,60.43,47.2,NVIDIA GeForce RTX 4090,34,96.86,49,2610.1,24564.0,
2026-09-07T10:47:08.000649+00:00,03_vlm_polymer_real_synth,2,2,4.2,4.37,60.43,47.2,NVIDIA GeForce RTX 4090,34,98.62,39,2610.1,24564.0,
2026-09-07T10:47:18.013424+00:00,03_vlm_polymer_real_synth,2,2,4.2,4.38,60.43,47.2,NVIDIA GeForce RTX 4090,34,100.27,19,2610.1,24564.0,
2026-09-07T10:47:28.024434+00:00,03_vlm_polymer_real_synth,2,2,4.2,4.38,60.43,47.2,NVIDIA GeForce RTX 4090,36,98.9,41,2610.1,24564.0,
2026-09-07T10:47:38.035397+00:00,03_vlm_polymer_real_synth,2,2,4.2,4.38,60.43,47.2,NVIDIA GeForce RTX 4090,36,98.77,45,2610.1,24564.0,
2026-09-07T10:47:48.046240+00:00,03_vlm_polymer_real_synth,2,2,4.2,4.4,60.43,47.2,NVIDIA GeForce RTX 4090,35,100.19,32,2610.1,24564.0,
2026-09-07T10:47:58.057156+00:00,03_vlm_polymer_real_synth,2,2,4.2,4.39,60.43,47.2,NVIDIA GeForce RTX 4090,35,97.5,45,2610.1,24564.0,
2026-09-07T10:48:08.068029+00:00,03_vlm_polymer_real_synth,2,2,4.2,4.36,60.43,47.2,NVIDIA GeForce RTX 4090,34,98.78,23,2610.1,24564.0,
2026-09-07T10:48:18.079292+00:00,03_vlm_polymer_real_synth,2,2,4.2,4.44,60.43,47.2,NVIDIA GeForce RTX 4090,34,96.22,32,2610.1,24564.0,
2026-09-07T10:48:28.090415+00:00,03_vlm_polymer_real_synth,2,2,4.2,4.41,60.43,47.2,NVIDIA GeForce RTX 4090,35,97.96,44,2610.1,24564.0,
2026-09-07T10:48:38.104084+00:00,03_vlm_polymer_real_synth,2,2,4.2,4.33,60.43,47.2,NVIDIA GeForce RTX 4090,36,102.67,20,2610.1,24564.0,
2026-09-07T10:48:48.115268+00:00,03_vlm_polymer_real_synth,2,2,4.2,4.38,60.43,47.2,NVIDIA GeForce RTX 4090,34,97.33,0,2610.1,24564.0,
2026-09-07T10:48:58.126290+00:00,03_vlm_polymer_real_synth,2,2,4.2,4.35,60.43,47.2,NVIDIA GeForce RTX 4090,35,96.8,40,2610.1,24564.0,
2026-09-07T10:49:08.137396+00:00,03_vlm_polymer_real_synth,2,2,4.2,4.36,60.43,47.2,NVIDIA GeForce RTX 4090,35,101.64,52,2610.1,24564.0,
2026-09-07T10:49:18.148304+00:00,03_vlm_polymer_real_synth,2,2,4.2,4.4,60.43,47.2,NVIDIA GeForce RTX 4090,35,99.27,56,2610.1,24564.0,
2026-09-07T10:49:28.159443+00:00,03_vlm_polymer_real_synth,2,2,4.2,4.38,60.43,47.2,NVIDIA GeForce RTX 4090,34,99.62,64,2610.1,24564.0,
2026-09-07T10:49:38.170242+00:00,03_vlm_polymer_real_synth,2,2,4.2,4.37,60.43,47.2,NVIDIA GeForce RTX 4090,35,104.07,60,2610.1,24564.0,
2026-09-07T10:49:48.181370+00:00,03_vlm_polymer_real_synth,2,2,4.2,4.36,60.43,47.2,NVIDIA GeForce RTX 4090,36,96.84,16,2610.1,24564.0,
2026-09-07T10:49:58.192669+00:00,03_vlm_polymer_real_synth,2,2,4.2,4.37,60.43,47.2,NVIDIA GeForce RTX 4090,35,97.75,0,2610.1,24564.0,
2026-09-07T10:50:08.203766+00:00,03_vlm_polymer_real_synth,2,2,4.2,4.35,60.43,47.2,NVIDIA GeForce RTX 4090,36,90.92,29,2610.1,24564.0,
2026-09-07T10:50:18.215271+00:00,03_vlm_polymer_real_synth,2,2,4.2,4.36,60.43,47.2,NVIDIA GeForce RTX 4090,34,89.94,29,2610.1,24564.0,
2026-09-07T10:50:28.227697+00:00,03_vlm_polymer_real_synth,2,2,2.8,4.4,60.43,47.2,NVIDIA GeForce RTX 4090,34,92.11,33,3228.1,24564.0,
2026-09-07T10:50:38.239215+00:00,03_vlm_polymer_real_synth,2,2,4.2,4.4,60.43,47.2,NVIDIA GeForce RTX 4090,34,90.82,33,3228.1,24564.0,
2026-09-07T10:50:48.250802+00:00,03_vlm_polymer_real_synth,3,3,3.4,3.43,60.43,47.2,NVIDIA GeForce RTX 4090,32,33.73,0,628.8,24564.0,
2026-09-07T10:50:58.261980+00:00,03_vlm_polymer_real_synth,3,3,3.8,4.42,60.43,47.2,NVIDIA GeForce RTX 4090,34,100.5,35,2610.1,24564.0,
2026-09-07T10:51:08.273492+00:00,03_vlm_polymer_real_synth,3,3,4.2,4.36,60.43,47.2,NVIDIA GeForce RTX 4090,35,100.36,25,2610.1,24564.0,
2026-09-07T10:51:18.284333+00:00,03_vlm_polymer_real_synth,3,3,4.2,4.35,60.43,47.2,NVIDIA GeForce RTX 4090,35,100.44,63,2610.1,24564.0,
2026-09-07T10:51:28.297895+00:00,03_vlm_polymer_real_synth,3,3,4.2,4.37,60.43,47.2,NVIDIA GeForce RTX 4090,34,97.61,22,2610.1,24564.0,
2026-09-07T10:51:38.308895+00:00,03_vlm_polymer_real_synth,3,3,4.2,4.32,60.43,47.2,NVIDIA GeForce RTX 4090,35,99.72,10,2610.1,24564.0,
2026-09-07T10:51:48.322440+00:00,03_vlm_polymer_real_synth,3,3,4.2,4.34,60.43,47.2,NVIDIA GeForce RTX 4090,35,100.36,16,2610.1,24564.0,
2026-09-07T10:51:58.333336+00:00,03_vlm_polymer_real_synth,3,3,4.2,4.37,60.43,47.2,NVIDIA GeForce RTX 4090,35,101.19,49,2610.1,24564.0,
2026-09-07T10:52:08.344844+00:00,03_vlm_polymer_real_synth,3,3,4.2,4.35,60.43,47.2,NVIDIA GeForce RTX 4090,35,98.36,0,2610.1,24564.0,
2026-09-07T10:52:18.356139+00:00,03_vlm_polymer_real_synth,3,3,4.2,4.34,60.43,47.2,NVIDIA GeForce RTX 4090,35,98.64,9,2610.1,24564.0,
2026-09-07T10:52:28.367793+00:00,03_vlm_polymer_real_synth,3,3,4.2,4.33,60.43,47.2,NVIDIA GeForce RTX 4090,37,98.63,8,2610.1,24564.0,
2026-09-07T10:52:38.379119+00:00,03_vlm_polymer_real_synth,3,3,4.2,4.34,60.43,47.2,NVIDIA GeForce RTX 4090,35,96.87,45,2610.1,24564.0,
2026-09-07T10:52:48.390422+00:00,03_vlm_polymer_real_synth,3,3,4.2,4.33,60.43,47.2,NVIDIA GeForce RTX 4090,35,99.69,59,2610.1,24564.0,
2026-09-07T10:52:58.401312+00:00,03_vlm_polymer_real_synth,3,3,4.2,4.32,60.43,47.2,NVIDIA GeForce RTX 4090,37,99.23,51,2610.1,24564.0,
2026-09-07T10:53:08.412455+00:00,03_vlm_polymer_real_synth,3,3,4.2,4.32,60.43,47.2,NVIDIA GeForce RTX 4090,35,96.71,26,2610.1,24564.0,
2026-09-07T10:53:18.423427+00:00,03_vlm_polymer_real_synth,3,3,4.2,4.31,60.43,47.2,NVIDIA GeForce RTX 4090,35,100.41,31,2610.1,24564.0,
2026-09-07T10:53:28.435048+00:00,03_vlm_polymer_real_synth,3,3,4.2,4.36,60.43,47.2,NVIDIA GeForce RTX 4090,34,97.15,26,2610.1,24564.0,
2026-09-07T10:53:38.446233+00:00,03_vlm_polymer_real_synth,3,3,4.2,4.3,60.43,47.2,NVIDIA GeForce RTX 4090,37,101.43,38,2610.1,24564.0,
2026-09-07T10:53:48.457391+00:00,03_vlm_polymer_real_synth,3,3,4.2,4.33,60.43,47.2,NVIDIA GeForce RTX 4090,34,96.87,51,2610.1,24564.0,
2026-09-07T10:53:58.468512+00:00,03_vlm_polymer_real_synth,3,3,4.2,4.3,60.43,47.2,NVIDIA GeForce RTX 4090,35,98.92,10,2610.1,24564.0,
2026-09-07T10:54:08.479452+00:00,03_vlm_polymer_real_synth,3,3,4.2,4.3,60.43,47.2,NVIDIA GeForce RTX 4090,34,99.43,22,2610.1,24564.0,
2026-09-07T10:54:18.490213+00:00,03_vlm_polymer_real_synth,3,3,4.2,4.31,60.43,47.2,NVIDIA GeForce RTX 4090,35,98.56,11,2610.1,24564.0,
2026-09-07T10:54:28.501121+00:00,03_vlm_polymer_real_synth,3,3,4.2,4.3,60.43,47.2,NVIDIA GeForce RTX 4090,36,96.72,1,2610.1,24564.0,
2026-09-07T10:54:38.511830+00:00,03_vlm_polymer_real_synth,3,3,4.2,4.32,60.43,47.2,NVIDIA GeForce RTX 4090,35,99.03,50,2610.1,24564.0,
2026-09-07T10:54:48.525739+00:00,03_vlm_polymer_real_synth,3,3,4.2,4.34,60.43,47.2,NVIDIA GeForce RTX 4090,35,100.53,19,2610.1,24564.0,
2026-09-07T10:54:58.536600+00:00,03_vlm_polymer_real_synth,3,3,4.2,4.32,60.43,47.2,NVIDIA GeForce RTX 4090,35,98.06,6,2610.1,24564.0,
2026-09-07T10:55:08.547644+00:00,03_vlm_polymer_real_synth,3,3,4.2,4.31,60.43,47.2,NVIDIA GeForce RTX 4090,35,96.58,0,2610.1,24564.0,
2026-09-07T10:55:18.558513+00:00,03_vlm_polymer_real_synth,3,3,4.2,4.34,60.43,47.2,NVIDIA GeForce RTX 4090,34,96.72,22,2610.1,24564.0,
2026-09-07T10:55:28.569797+00:00,03_vlm_polymer_real_synth,3,3,4.2,4.32,60.43,47.2,NVIDIA GeForce RTX 4090,34,100.17,37,2610.1,24564.0,
2026-09-07T10:55:38.581632+00:00,03_vlm_polymer_real_synth,3,3,4.2,4.38,60.43,47.2,NVIDIA GeForce RTX 4090,35,96.64,17,2610.1,24564.0,
2026-09-07T10:55:48.592723+00:00,03_vlm_polymer_real_synth,3,3,4.2,4.39,60.43,47.2,NVIDIA GeForce RTX 4090,34,99.58,41,2610.1,24564.0,
2026-09-07T10:55:58.604093+00:00,03_vlm_polymer_real_synth,3,3,4.2,4.35,60.43,47.2,NVIDIA GeForce RTX 4090,35,100.65,9,2610.1,24564.0,
2026-09-07T10:56:08.614935+00:00,03_vlm_polymer_real_synth,3,3,4.2,4.33,60.43,47.2,NVIDIA GeForce RTX 4090,35,99.67,22,2610.1,24564.0,
2026-09-07T10:56:18.626178+00:00,03_vlm_polymer_real_synth,3,3,4.2,4.34,60.43,47.2,NVIDIA GeForce RTX 4090,36,98.41,43,2610.1,24564.0,
2026-09-07T10:56:28.637287+00:00,03_vlm_polymer_real_synth,3,3,4.2,4.33,60.43,47.2,NVIDIA GeForce RTX 4090,35,96.83,59,2610.1,24564.0,
2026-09-07T10:56:38.648766+00:00,03_vlm_polymer_real_synth,3,3,4.2,4.33,60.43,47.2,NVIDIA GeForce RTX 4090,34,96.94,55,2610.1,24564.0,
2026-09-07T10:56:48.662121+00:00,03_vlm_polymer_real_synth,3,3,4.2,4.29,60.43,47.2,NVIDIA GeForce RTX 4090,35,96.86,9,2610.1,24564.0,
2026-09-07T10:56:58.673230+00:00,03_vlm_polymer_real_synth,3,3,4.2,4.31,60.43,47.2,NVIDIA GeForce RTX 4090,34,100.92,43,2610.1,24564.0,
2026-09-07T10:57:08.684383+00:00,03_vlm_polymer_real_synth,3,3,4.2,4.3,60.43,47.2,NVIDIA GeForce RTX 4090,34,99.92,38,2610.1,24564.0,
2026-09-07T10:57:18.695158+00:00,03_vlm_polymer_real_synth,3,3,4.2,4.31,60.43,47.2,NVIDIA GeForce RTX 4090,35,100.06,0,2610.1,24564.0,
2026-09-07T10:57:28.706306+00:00,03_vlm_polymer_real_synth,3,3,4.2,4.29,60.43,47.2,NVIDIA GeForce RTX 4090,35,96.81,64,2610.1,24564.0,
2026-09-07T10:57:38.717193+00:00,03_vlm_polymer_real_synth,3,3,4.2,4.39,60.43,47.2,NVIDIA GeForce RTX 4090,36,99.08,32,2610.1,24564.0,
2026-09-07T10:57:48.727919+00:00,03_vlm_polymer_real_synth,3,3,4.2,4.45,60.43,47.2,NVIDIA GeForce RTX 4090,34,89.48,31,2610.1,24564.0,
2026-09-07T10:57:58.738929+00:00,03_vlm_polymer_real_synth,3,3,4.2,4.44,60.43,47.2,NVIDIA GeForce RTX 4090,34,92.88,29,2610.1,24564.0,
2026-09-07T10:58:08.750243+00:00,03_vlm_polymer_real_synth,3,3,3.9,4.42,60.43,47.18,NVIDIA GeForce RTX 4090,34,96.86,0,2610.1,24564.0,
2026-09-07T10:58:18.761621+00:00,03_vlm_polymer_real_synth,3,3,4.2,4.42,60.43,47.18,NVIDIA GeForce RTX 4090,36,100.22,24,2610.1,24564.0,
2026-09-07T10:58:28.773199+00:00,03_vlm_polymer_real_synth,3,3,4.2,4.39,60.43,47.18,NVIDIA GeForce RTX 4090,34,96.85,12,2615.6,24564.0,
2026-09-07T10:58:38.784497+00:00,03_vlm_polymer_real_synth,3,3,4.2,4.39,60.43,47.18,NVIDIA GeForce RTX 4090,34,99.08,24,2615.6,24564.0,
2026-09-07T10:58:48.797974+00:00,03_vlm_polymer_real_synth,3,3,4.2,4.4,60.43,47.18,NVIDIA GeForce RTX 4090,36,102.65,37,2615.6,24564.0,
2026-09-07T10:58:58.809817+00:00,03_vlm_polymer_real_synth,3,3,4.2,4.4,60.43,47.18,NVIDIA GeForce RTX 4090,34,101.3,23,2615.6,24564.0,
2026-09-07T10:59:08.820730+00:00,03_vlm_polymer_real_synth,3,3,4.2,4.4,60.43,47.18,NVIDIA GeForce RTX 4090,34,101.79,45,2615.6,24564.0,
2026-09-07T10:59:18.832521+00:00,03_vlm_polymer_real_synth,3,3,4.2,4.37,60.43,47.18,NVIDIA GeForce RTX 4090,35,99.0,63,2615.6,24564.0,
2026-09-07T10:59:28.843386+00:00,03_vlm_polymer_real_synth,3,3,4.2,4.4,60.43,47.18,NVIDIA GeForce RTX 4090,35,97.55,65,2615.6,24564.0,
2026-09-07T10:59:38.854851+00:00,03_vlm_polymer_real_synth,3,3,4.2,4.42,60.43,47.18,NVIDIA GeForce RTX 4090,35,101.67,0,2615.6,24564.0,
2026-09-07T10:59:48.866033+00:00,03_vlm_polymer_real_synth,3,3,4.2,4.4,60.43,47.18,NVIDIA GeForce RTX 4090,34,99.31,28,2615.6,24564.0,
2026-09-07T10:59:58.877827+00:00,03_vlm_polymer_real_synth,3,3,4.2,4.41,60.43,47.18,NVIDIA GeForce RTX 4090,34,99.68,40,2615.6,24564.0,
2026-09-07T11:00:08.888777+00:00,03_vlm_polymer_real_synth,3,3,4.2,4.4,60.43,47.18,NVIDIA GeForce RTX 4090,36,101.27,34,2615.6,24564.0,
2026-09-07T11:00:18.899890+00:00,03_vlm_polymer_real_synth,3,3,4.2,4.4,60.43,47.18,NVIDIA GeForce RTX 4090,35,103.19,61,2615.6,24564.0,
2026-09-07T11:00:28.910805+00:00,03_vlm_polymer_real_synth,3,3,4.2,4.4,60.43,47.18,NVIDIA GeForce RTX 4090,35,102.32,55,2615.6,24564.0,
2026-09-07T11:00:38.922041+00:00,03_vlm_polymer_real_synth,3,3,4.2,4.4,60.43,47.18,NVIDIA GeForce RTX 4090,35,97.82,0,2615.6,24564.0,
2026-09-07T11:00:48.934389+00:00,03_vlm_polymer_real_synth,3,3,4.2,4.39,60.43,47.18,NVIDIA GeForce RTX 4090,36,100.22,37,2615.6,24564.0,
2026-09-07T11:00:58.945963+00:00,03_vlm_polymer_real_synth,3,3,4.2,4.41,60.43,47.18,NVIDIA GeForce RTX 4090,35,100.11,29,2615.6,24564.0,
2026-09-07T11:01:08.957135+00:00,03_vlm_polymer_real_synth,3,3,4.2,4.39,60.43,47.18,NVIDIA GeForce RTX 4090,35,102.14,44,2615.6,24564.0,
2026-09-07T11:01:18.968122+00:00,03_vlm_polymer_real_synth,3,3,4.2,4.4,60.43,47.18,NVIDIA GeForce RTX 4090,35,101.69,25,2615.6,24564.0,
2026-09-07T11:01:28.978864+00:00,03_vlm_polymer_real_synth,3,3,4.2,4.4,60.43,47.18,NVIDIA GeForce RTX 4090,35,97.7,68,2615.6,24564.0,
2026-09-07T11:01:38.989850+00:00,03_vlm_polymer_real_synth,3,3,4.2,4.42,60.43,47.18,NVIDIA GeForce RTX 4090,35,102.9,19,2615.6,24564.0,
2026-09-07T11:01:49.001265+00:00,03_vlm_polymer_real_synth,3,3,4.2,4.39,60.43,47.18,NVIDIA GeForce RTX 4090,35,103.5,21,2615.6,24564.0,
2026-09-07T11:01:59.012351+00:00,03_vlm_polymer_real_synth,3,3,4.2,4.43,60.43,47.18,NVIDIA GeForce RTX 4090,35,100.89,17,2615.6,24564.0,
2026-09-07T11:02:09.023515+00:00,03_vlm_polymer_real_synth,3,3,4.2,4.4,60.43,47.18,NVIDIA GeForce RTX 4090,35,98.56,44,2615.6,24564.0,
2026-09-07T11:02:19.036989+00:00,03_vlm_polymer_real_synth,3,3,4.2,4.37,60.43,47.18,NVIDIA GeForce RTX 4090,35,98.96,19,2615.6,24564.0,
2026-09-07T11:02:29.048003+00:00,03_vlm_polymer_real_synth,3,3,4.2,4.37,60.43,47.18,NVIDIA GeForce RTX 4090,35,99.86,0,2615.6,24564.0,
2026-09-07T11:02:39.061556+00:00,03_vlm_polymer_real_synth,3,3,4.2,4.36,60.43,47.18,NVIDIA GeForce RTX 4090,36,102.3,0,2615.6,24564.0,
2026-09-07T11:02:49.072339+00:00,03_vlm_polymer_real_synth,3,3,4.2,4.38,60.43,47.18,NVIDIA GeForce RTX 4090,36,98.43,6,2615.6,24564.0,
2026-09-07T11:02:59.083392+00:00,03_vlm_polymer_real_synth,3,3,4.2,4.36,60.43,47.18,NVIDIA GeForce RTX 4090,35,98.45,60,2615.6,24564.0,
2026-09-07T11:03:09.094615+00:00,03_vlm_polymer_real_synth,3,3,4.2,4.38,60.43,47.18,NVIDIA GeForce RTX 4090,35,100.12,34,2615.6,24564.0,
2026-09-07T11:03:19.105431+00:00,03_vlm_polymer_real_synth,3,3,4.2,4.4,60.43,47.18,NVIDIA GeForce RTX 4090,36,103.85,13,2615.6,24564.0,
2026-09-07T11:03:29.118161+00:00,03_vlm_polymer_real_synth,3,3,4.2,4.38,60.43,47.18,NVIDIA GeForce RTX 4090,35,100.93,28,2615.6,24564.0,
2026-09-07T11:03:39.129323+00:00,03_vlm_polymer_real_synth,3,3,4.2,4.37,60.43,47.18,NVIDIA GeForce RTX 4090,35,101.11,44,2615.6,24564.0,
2026-09-07T11:03:49.140319+00:00,03_vlm_polymer_real_synth,3,3,4.2,4.37,60.43,47.18,NVIDIA GeForce RTX 4090,36,102.25,29,2615.6,24564.0,
2026-09-07T11:03:59.151211+00:00,03_vlm_polymer_real_synth,3,3,4.2,4.39,60.43,47.18,NVIDIA GeForce RTX 4090,35,102.04,36,2615.6,24564.0,
2026-09-07T11:04:09.162184+00:00,03_vlm_polymer_real_synth,3,3,4.2,4.38,60.43,47.18,NVIDIA GeForce RTX 4090,36,100.92,30,2615.6,24564.0,
2026-09-07T11:04:19.173374+00:00,03_vlm_polymer_real_synth,3,3,4.2,4.39,60.43,47.18,NVIDIA GeForce RTX 4090,35,103.97,63,2615.6,24564.0,
2026-09-07T11:04:29.184178+00:00,03_vlm_polymer_real_synth,3,3,4.2,4.39,60.43,47.18,NVIDIA GeForce RTX 4090,35,97.38,19,2615.6,24564.0,
2026-09-07T11:04:39.195659+00:00,03_vlm_polymer_real_synth,3,3,4.2,4.38,60.43,47.18,NVIDIA GeForce RTX 4090,35,101.45,21,2615.6,24564.0,
2026-09-07T11:04:49.206611+00:00,03_vlm_polymer_real_synth,3,3,4.2,4.38,60.43,47.18,NVIDIA GeForce RTX 4090,34,92.26,39,2615.6,24564.0,
2026-09-07T11:04:59.217614+00:00,03_vlm_polymer_real_synth,3,3,4.2,4.38,60.43,47.18,NVIDIA GeForce RTX 4090,35,94.23,29,2615.6,24564.0,
2026-09-07T11:05:09.228477+00:00,03_vlm_polymer_real_synth,3,3,4.0,4.39,60.43,47.18,NVIDIA GeForce RTX 4090,36,101.23,20,2615.6,24564.0,
2026-09-07T11:05:19.239502+00:00,03_vlm_polymer_real_synth,3,3,4.2,4.41,60.43,47.18,NVIDIA GeForce RTX 4090,34,102.46,30,2615.6,24564.0,
2026-09-07T11:05:29.250361+00:00,03_vlm_polymer_real_synth,3,3,4.2,4.43,60.43,47.18,NVIDIA GeForce RTX 4090,34,101.33,35,2615.6,24564.0,
2026-09-07T11:05:39.261490+00:00,03_vlm_polymer_real_synth,3,3,4.2,4.38,60.43,47.18,NVIDIA GeForce RTX 4090,35,104.15,11,2615.6,24564.0,
2026-09-07T11:05:49.274309+00:00,03_vlm_polymer_real_synth,3,3,4.2,4.39,60.43,47.18,NVIDIA GeForce RTX 4090,35,103.86,13,2615.6,24564.0,
2026-09-07T11:05:59.285261+00:00,03_vlm_polymer_real_synth,3,3,4.2,4.38,60.43,47.18,NVIDIA GeForce RTX 4090,35,101.32,29,2615.6,24564.0,
2026-09-07T11:06:09.298188+00:00,03_vlm_polymer_real_synth,3,3,4.2,4.41,60.43,47.18,NVIDIA GeForce RTX 4090,36,101.4,40,2610.1,24564.0,
2026-09-07T11:06:19.309571+00:00,03_vlm_polymer_real_synth,3,3,4.2,4.39,60.43,47.18,NVIDIA GeForce RTX 4090,37,104.51,56,2610.1,24564.0,
2026-09-07T11:06:29.321120+00:00,03_vlm_polymer_real_synth,3,3,4.2,4.4,60.43,47.18,NVIDIA GeForce RTX 4090,34,101.04,44,2610.1,24564.0,
2026-09-07T11:06:39.332170+00:00,03_vlm_polymer_real_synth,3,3,4.2,4.38,60.43,47.18,NVIDIA GeForce RTX 4090,35,102.28,36,2610.1,24564.0,
2026-09-07T11:06:49.343092+00:00,03_vlm_polymer_real_synth,3,3,4.2,4.39,60.43,47.18,NVIDIA GeForce RTX 4090,35,103.83,1,2610.1,24564.0,
2026-09-07T11:06:59.354426+00:00,03_vlm_polymer_real_synth,3,3,4.2,4.39,60.43,47.18,NVIDIA GeForce RTX 4090,35,103.49,0,2610.1,24564.0,
2026-09-07T11:07:09.365543+00:00,03_vlm_polymer_real_synth,3,3,4.2,4.4,60.43,47.18,NVIDIA GeForce RTX 4090,36,103.21,13,2610.1,24564.0,
2026-09-07T11:07:19.376924+00:00,03_vlm_polymer_real_synth,3,3,4.2,4.4,60.43,47.18,NVIDIA GeForce RTX 4090,35,104.2,47,2610.1,24564.0,
2026-09-07T11:07:29.388226+00:00,03_vlm_polymer_real_synth,3,3,4.2,4.4,60.43,47.18,NVIDIA GeForce RTX 4090,36,103.26,36,2610.1,24564.0,
2026-09-07T11:07:39.399422+00:00,03_vlm_polymer_real_synth,3,3,4.2,4.39,60.43,47.18,NVIDIA GeForce RTX 4090,34,101.06,28,2610.1,24564.0,
2026-09-07T11:07:49.410713+00:00,03_vlm_polymer_real_synth,3,3,4.2,4.4,60.43,47.18,NVIDIA GeForce RTX 4090,36,97.22,0,2610.1,24564.0,
2026-09-07T11:07:59.421775+00:00,03_vlm_polymer_real_synth,3,3,4.2,4.4,60.43,47.18,NVIDIA GeForce RTX 4090,35,104.57,45,2610.1,24564.0,
2026-09-07T11:08:09.432990+00:00,03_vlm_polymer_real_synth,3,3,4.2,4.4,60.43,47.18,NVIDIA GeForce RTX 4090,35,97.41,33,2610.1,24564.0,
2026-09-07T11:08:19.444656+00:00,03_vlm_polymer_real_synth,3,3,4.2,4.39,60.43,47.18,NVIDIA GeForce RTX 4090,34,99.81,0,2610.1,24564.0,
2026-09-07T11:08:29.455313+00:00,03_vlm_polymer_real_synth,3,3,4.2,4.39,60.43,47.18,NVIDIA GeForce RTX 4090,34,99.71,9,2610.1,24564.0,
2026-09-07T11:08:39.466386+00:00,03_vlm_polymer_real_synth,3,3,4.2,4.39,60.43,47.18,NVIDIA GeForce RTX 4090,35,104.65,18,2610.1,24564.0,
2026-09-07T11:08:49.477148+00:00,03_vlm_polymer_real_synth,3,3,4.2,4.39,60.43,47.18,NVIDIA GeForce RTX 4090,35,100.81,0,2610.1,24564.0,
2026-09-07T11:08:59.488105+00:00,03_vlm_polymer_real_synth,3,3,4.2,4.4,60.43,47.18,NVIDIA GeForce RTX 4090,36,97.92,63,2610.1,24564.0,
2026-09-07T11:09:09.499030+00:00,03_vlm_polymer_real_synth,3,3,4.2,4.39,60.43,47.18,NVIDIA GeForce RTX 4090,37,100.08,4,2610.1,24564.0,
2026-09-07T11:09:19.509843+00:00,03_vlm_polymer_real_synth,3,3,4.2,4.39,60.43,47.18,NVIDIA GeForce RTX 4090,35,102.32,23,2610.1,24564.0,
2026-09-07T11:09:29.521284+00:00,03_vlm_polymer_real_synth,3,3,4.2,4.39,60.43,47.18,NVIDIA GeForce RTX 4090,35,101.07,20,2610.1,24564.0,
2026-09-07T11:09:39.532134+00:00,03_vlm_polymer_real_synth,3,3,4.2,4.39,60.43,47.18,NVIDIA GeForce RTX 4090,35,100.62,17,2610.1,24564.0,
2026-09-07T11:09:49.542991+00:00,03_vlm_polymer_real_synth,3,3,4.2,4.39,60.43,47.18,NVIDIA GeForce RTX 4090,34,101.4,65,2610.1,24564.0,
2026-09-07T11:09:59.554099+00:00,03_vlm_polymer_real_synth,3,3,4.2,4.39,60.43,47.18,NVIDIA GeForce RTX 4090,36,102.12,47,2610.1,24564.0,
2026-09-07T11:10:09.565313+00:00,03_vlm_polymer_real_synth,3,3,4.2,4.38,60.43,47.18,NVIDIA GeForce RTX 4090,35,97.38,12,2610.1,24564.0,
2026-09-07T11:10:19.576641+00:00,03_vlm_polymer_real_synth,3,3,4.2,4.38,60.43,47.18,NVIDIA GeForce RTX 4090,35,102.9,55,2610.1,24564.0,
2026-09-07T11:10:29.588771+00:00,03_vlm_polymer_real_synth,3,3,4.2,4.38,60.43,47.18,NVIDIA GeForce RTX 4090,35,99.58,36,2610.1,24564.0,
2026-09-07T11:10:39.600050+00:00,03_vlm_polymer_real_synth,3,3,4.2,4.38,60.43,47.18,NVIDIA GeForce RTX 4090,35,99.34,39,2610.1,24564.0,
2026-09-07T11:10:49.611039+00:00,03_vlm_polymer_real_synth,3,3,4.2,4.38,60.43,47.18,NVIDIA GeForce RTX 4090,37,101.14,30,2610.1,24564.0,
2026-09-07T11:10:59.622038+00:00,03_vlm_polymer_real_synth,3,3,4.2,4.43,60.43,47.18,NVIDIA GeForce RTX 4090,35,100.24,21,2610.1,24564.0,
2026-09-07T11:11:09.633091+00:00,03_vlm_polymer_real_synth,3,3,4.2,4.43,60.43,47.18,NVIDIA GeForce RTX 4090,35,100.13,17,2610.1,24564.0,
2026-09-07T11:11:19.646343+00:00,03_vlm_polymer_real_synth,3,3,4.2,4.36,60.43,47.18,NVIDIA GeForce RTX 4090,34,101.5,48,2610.1,24564.0,
2026-09-07T11:11:29.657292+00:00,03_vlm_polymer_real_synth,3,3,4.2,4.41,60.43,47.18,NVIDIA GeForce RTX 4090,36,104.56,14,2610.1,24564.0,
2026-09-07T11:11:39.668276+00:00,03_vlm_polymer_real_synth,3,3,4.2,4.41,60.43,47.18,NVIDIA GeForce RTX 4090,34,92.89,28,2610.1,24564.0,
2026-09-07T11:11:49.679717+00:00,03_vlm_polymer_real_synth,3,3,4.2,4.4,60.43,47.18,NVIDIA GeForce RTX 4090,35,93.13,29,2610.1,24564.0,
2026-09-07T11:11:59.692067+00:00,03_vlm_polymer_real_synth,3,3,4.0,4.39,60.43,47.18,NVIDIA GeForce RTX 4090,35,108.02,38,2610.1,24564.0,
2026-09-07T11:12:09.702939+00:00,03_vlm_polymer_real_synth,3,3,4.2,4.38,60.43,47.18,NVIDIA GeForce RTX 4090,35,100.23,38,2610.1,24564.0,
2026-09-07T11:12:19.713995+00:00,03_vlm_polymer_real_synth,3,3,4.2,4.42,60.43,47.18,NVIDIA GeForce RTX 4090,37,101.0,55,2610.1,24564.0,
2026-09-07T11:12:29.724998+00:00,03_vlm_polymer_real_synth,3,3,4.2,4.41,60.43,47.18,NVIDIA GeForce RTX 4090,36,100.7,32,2610.1,24564.0,
2026-09-07T11:12:39.736330+00:00,03_vlm_polymer_real_synth,3,3,4.2,4.41,60.43,47.18,NVIDIA GeForce RTX 4090,35,99.78,43,2610.1,24564.0,
2026-09-07T11:12:49.747532+00:00,03_vlm_polymer_real_synth,3,3,4.2,4.41,60.43,47.18,NVIDIA GeForce RTX 4090,36,99.6,0,2610.1,24564.0,
2026-09-07T11:12:59.760810+00:00,03_vlm_polymer_real_synth,3,3,4.2,4.41,60.43,47.18,NVIDIA GeForce RTX 4090,36,102.16,37,2610.1,24564.0,
2026-09-07T11:13:09.773018+00:00,03_vlm_polymer_real_synth,3,3,4.2,4.4,60.43,47.18,NVIDIA GeForce RTX 4090,35,102.41,19,2610.1,24564.0,
2026-09-07T11:13:19.783946+00:00,03_vlm_polymer_real_synth,3,3,4.2,4.43,60.43,47.18,NVIDIA GeForce RTX 4090,36,101.11,41,2610.1,24564.0,
2026-09-07T11:13:29.794853+00:00,03_vlm_polymer_real_synth,3,3,4.2,4.4,60.43,47.18,NVIDIA GeForce RTX 4090,35,98.05,65,2610.1,24564.0,
2026-09-07T11:13:39.806265+00:00,03_vlm_polymer_real_synth,3,3,4.2,4.41,60.43,47.18,NVIDIA GeForce RTX 4090,36,101.24,30,2610.1,24564.0,
2026-09-07T11:13:49.817329+00:00,03_vlm_polymer_real_synth,3,3,4.2,4.41,60.43,47.18,NVIDIA GeForce RTX 4090,35,98.07,48,2610.1,24564.0,
2026-09-07T11:13:59.828580+00:00,03_vlm_polymer_real_synth,3,3,4.2,4.38,60.43,47.18,NVIDIA GeForce RTX 4090,34,100.58,49,2610.1,24564.0,
2026-09-07T11:14:09.840512+00:00,03_vlm_polymer_real_synth,3,3,4.2,4.38,60.43,47.18,NVIDIA GeForce RTX 4090,35,100.56,27,2610.1,24564.0,
2026-09-07T11:14:19.851609+00:00,03_vlm_polymer_real_synth,3,3,4.2,4.38,60.43,47.18,NVIDIA GeForce RTX 4090,35,103.41,8,2610.1,24564.0,
2026-09-07T11:14:29.862336+00:00,03_vlm_polymer_real_synth,3,3,4.2,4.39,60.43,47.18,NVIDIA GeForce RTX 4090,37,104.95,47,2610.1,24564.0,
2026-09-07T11:14:39.874305+00:00,03_vlm_polymer_real_synth,3,3,4.2,4.38,60.43,47.18,NVIDIA GeForce RTX 4090,35,101.36,38,2610.1,24564.0,
2026-09-07T11:14:49.885568+00:00,03_vlm_polymer_real_synth,3,3,4.2,4.38,60.43,47.18,NVIDIA GeForce RTX 4090,35,102.42,51,2610.1,24564.0,
2026-09-07T11:14:59.896404+00:00,03_vlm_polymer_real_synth,3,3,4.2,4.37,60.43,47.18,NVIDIA GeForce RTX 4090,35,99.87,23,2610.1,24564.0,
2026-09-07T11:15:09.907984+00:00,03_vlm_polymer_real_synth,3,3,4.2,4.38,60.43,47.18,NVIDIA GeForce RTX 4090,36,100.59,27,2610.1,24564.0,
2026-09-07T11:15:19.919475+00:00,03_vlm_polymer_real_synth,3,3,4.2,4.41,60.43,47.18,NVIDIA GeForce RTX 4090,35,101.84,30,2610.1,24564.0,
2026-09-07T11:15:29.930418+00:00,03_vlm_polymer_real_synth,3,3,4.2,4.41,60.43,47.18,NVIDIA GeForce RTX 4090,35,104.49,12,2610.1,24564.0,
2026-09-07T11:15:39.941540+00:00,03_vlm_polymer_real_synth,3,3,4.2,4.41,60.43,47.18,NVIDIA GeForce RTX 4090,35,100.51,52,2610.1,24564.0,
2026-09-07T11:15:49.952815+00:00,03_vlm_polymer_real_synth,3,3,4.2,4.4,60.43,47.18,NVIDIA GeForce RTX 4090,36,99.31,57,2610.1,24564.0,
2026-09-07T11:15:59.965549+00:00,03_vlm_polymer_real_synth,3,3,4.2,4.39,60.43,47.18,NVIDIA GeForce RTX 4090,36,97.78,61,2610.1,24564.0,
2026-09-07T11:16:09.976642+00:00,03_vlm_polymer_real_synth,3,3,4.2,4.38,60.43,47.18,NVIDIA GeForce RTX 4090,35,104.02,25,2610.1,24564.0,
2026-09-07T11:16:19.987709+00:00,03_vlm_polymer_real_synth,3,3,4.2,4.39,60.43,47.18,NVIDIA GeForce RTX 4090,35,102.9,24,2610.1,24564.0,
2026-09-07T11:16:29.998576+00:00,03_vlm_polymer_real_synth,3,3,4.2,4.39,60.43,47.18,NVIDIA GeForce RTX 4090,35,101.42,42,2610.1,24564.0,
2026-09-07T11:16:40.009947+00:00,03_vlm_polymer_real_synth,3,3,4.2,4.38,60.43,47.18,NVIDIA GeForce RTX 4090,37,101.31,38,2610.1,24564.0,
2026-09-07T11:16:50.021289+00:00,03_vlm_polymer_real_synth,3,3,4.2,4.38,60.43,47.18,NVIDIA GeForce RTX 4090,35,98.42,49,2610.1,24564.0,
2026-09-07T11:17:00.032647+00:00,03_vlm_polymer_real_synth,3,3,4.2,4.38,60.43,47.18,NVIDIA GeForce RTX 4090,36,98.61,10,2610.1,24564.0,
2026-09-07T11:17:10.043470+00:00,03_vlm_polymer_real_synth,3,3,4.2,4.36,60.43,47.18,NVIDIA GeForce RTX 4090,36,100.86,19,2610.1,24564.0,
2026-09-07T11:17:20.054512+00:00,03_vlm_polymer_real_synth,3,3,4.2,4.4,60.43,47.18,NVIDIA GeForce RTX 4090,36,103.38,24,2610.1,24564.0,
2026-09-07T11:17:30.065898+00:00,03_vlm_polymer_real_synth,3,3,4.2,4.39,60.43,47.18,NVIDIA GeForce RTX 4090,36,101.54,39,2610.1,24564.0,
2026-09-07T11:17:40.076861+00:00,03_vlm_polymer_real_synth,3,3,4.2,4.39,60.43,47.18,NVIDIA GeForce RTX 4090,35,103.47,58,2610.1,24564.0,
2026-09-07T11:17:50.088183+00:00,03_vlm_polymer_real_synth,3,3,4.2,4.36,60.43,47.18,NVIDIA GeForce RTX 4090,35,100.75,38,2610.1,24564.0,
2026-09-07T11:18:00.099324+00:00,03_vlm_polymer_real_synth,3,3,4.2,4.38,60.43,47.18,NVIDIA GeForce RTX 4090,35,98.77,13,2610.1,24564.0,
2026-09-07T11:18:10.110609+00:00,03_vlm_polymer_real_synth,3,3,4.2,4.38,60.43,47.18,NVIDIA GeForce RTX 4090,35,98.92,12,2610.1,24564.0,
2026-09-07T11:18:20.121810+00:00,03_vlm_polymer_real_synth,3,3,4.2,4.36,60.43,47.18,NVIDIA GeForce RTX 4090,35,100.49,49,2610.1,24564.0,
2026-09-07T11:18:30.132545+00:00,03_vlm_polymer_real_synth,3,3,4.2,4.37,60.43,47.18,NVIDIA GeForce RTX 4090,35,101.01,51,2610.1,24564.0,
2026-09-07T11:18:40.143482+00:00,03_vlm_polymer_real_synth,3,3,4.2,4.38,60.43,47.18,NVIDIA GeForce RTX 4090,34,92.38,38,2610.1,24564.0,
2026-09-07T11:18:50.154542+00:00,03_vlm_polymer_real_synth,3,3,4.2,4.38,60.43,47.18,NVIDIA GeForce RTX 4090,35,95.01,25,2610.1,24564.0,
2026-09-07T11:19:00.166302+00:00,03_vlm_polymer_real_synth,3,3,4.2,4.38,60.43,47.18,NVIDIA GeForce RTX 4090,35,101.11,7,2610.1,24564.0,
2026-09-07T11:19:10.177084+00:00,03_vlm_polymer_real_synth,3,3,4.2,4.38,60.43,47.18,NVIDIA GeForce RTX 4090,35,100.67,29,2610.1,24564.0,
2026-09-07T11:19:20.188199+00:00,03_vlm_polymer_real_synth,3,3,4.2,4.38,60.43,47.18,NVIDIA GeForce RTX 4090,35,101.33,12,2610.1,24564.0,
2026-09-07T11:19:30.199344+00:00,03_vlm_polymer_real_synth,3,3,4.2,4.43,60.43,47.18,NVIDIA GeForce RTX 4090,35,97.37,63,2610.1,24564.0,
2026-09-07T11:19:40.210567+00:00,03_vlm_polymer_real_synth,3,3,4.2,4.42,60.43,47.18,NVIDIA GeForce RTX 4090,35,97.34,63,2610.1,24564.0,
2026-09-07T11:19:50.221542+00:00,03_vlm_polymer_real_synth,3,3,4.2,4.39,60.43,47.18,NVIDIA GeForce RTX 4090,36,103.94,27,2610.1,24564.0,
2026-09-07T11:20:00.232584+00:00,03_vlm_polymer_real_synth,3,3,4.2,4.38,60.43,47.18,NVIDIA GeForce RTX 4090,35,97.73,8,2610.1,24564.0,
2026-09-07T11:20:10.244127+00:00,03_vlm_polymer_real_synth,3,3,4.2,4.39,60.43,47.18,NVIDIA GeForce RTX 4090,36,102.93,31,2610.1,24564.0,
2026-09-07T11:20:20.256662+00:00,03_vlm_polymer_real_synth,3,3,4.2,4.4,60.43,47.18,NVIDIA GeForce RTX 4090,36,97.73,16,2610.1,24564.0,
2026-09-07T11:20:30.268861+00:00,03_vlm_polymer_real_synth,3,3,4.2,4.38,60.43,47.18,NVIDIA GeForce RTX 4090,35,104.37,61,2610.1,24564.0,
2026-09-07T11:20:40.279933+00:00,03_vlm_polymer_real_synth,3,3,4.2,4.39,60.43,47.18,NVIDIA GeForce RTX 4090,36,103.19,46,2610.1,24564.0,
2026-09-07T11:20:50.290957+00:00,03_vlm_polymer_real_synth,3,3,4.2,4.43,60.43,47.18,NVIDIA GeForce RTX 4090,36,101.2,6,2610.1,24564.0,
2026-09-07T11:21:00.302304+00:00,03_vlm_polymer_real_synth,3,3,4.2,4.4,60.43,47.18,NVIDIA GeForce RTX 4090,35,101.2,39,2610.1,24564.0,
2026-09-07T11:21:10.313708+00:00,03_vlm_polymer_real_synth,3,3,4.2,4.41,60.43,47.18,NVIDIA GeForce RTX 4090,35,99.31,68,2610.1,24564.0,
2026-09-07T11:21:20.325131+00:00,03_vlm_polymer_real_synth,3,3,4.2,4.39,60.43,47.18,NVIDIA GeForce RTX 4090,36,102.56,45,2610.1,24564.0,
2026-09-07T11:21:30.335966+00:00,03_vlm_polymer_real_synth,3,3,4.2,4.39,60.43,47.18,NVIDIA GeForce RTX 4090,36,103.49,37,2610.1,24564.0,
2026-09-07T11:21:40.347610+00:00,03_vlm_polymer_real_synth,3,3,4.2,4.38,60.43,47.18,NVIDIA GeForce RTX 4090,36,100.07,50,2610.1,24564.0,
2026-09-07T11:21:50.358340+00:00,03_vlm_polymer_real_synth,3,3,4.2,4.4,60.43,47.18,NVIDIA GeForce RTX 4090,36,100.31,22,2610.1,24564.0,
2026-09-07T11:22:00.370049+00:00,03_vlm_polymer_real_synth,3,3,4.2,4.39,60.43,47.18,NVIDIA GeForce RTX 4090,36,101.69,69,2610.1,24564.0,
2026-09-07T11:22:10.381015+00:00,03_vlm_polymer_real_synth,3,3,4.2,4.4,60.43,47.18,NVIDIA GeForce RTX 4090,35,101.91,33,2610.1,24564.0,
2026-09-07T11:22:20.392073+00:00,03_vlm_polymer_real_synth,3,3,4.2,4.38,60.43,47.18,NVIDIA GeForce RTX 4090,35,103.53,18,2610.1,24564.0,
2026-09-07T11:22:30.403094+00:00,03_vlm_polymer_real_synth,3,3,4.2,4.4,60.43,47.18,NVIDIA GeForce RTX 4090,35,103.8,17,2610.1,24564.0,
2026-09-07T11:22:40.414049+00:00,03_vlm_polymer_real_synth,3,3,4.2,4.39,60.43,47.18,NVIDIA GeForce RTX 4090,35,103.48,8,2610.1,24564.0,
2026-09-07T11:22:50.424979+00:00,03_vlm_polymer_real_synth,3,3,4.2,4.38,60.43,47.18,NVIDIA GeForce RTX 4090,36,103.96,58,2610.1,24564.0,
2026-09-07T11:23:00.436031+00:00,03_vlm_polymer_real_synth,3,3,4.2,4.37,60.43,47.18,NVIDIA GeForce RTX 4090,37,102.63,38,2610.1,24564.0,
2026-09-07T11:23:10.447339+00:00,03_vlm_polymer_real_synth,3,3,4.2,4.38,60.43,47.18,NVIDIA GeForce RTX 4090,35,100.22,19,2610.1,24564.0,
2026-09-07T11:23:20.458611+00:00,03_vlm_polymer_real_synth,3,3,4.2,4.4,60.43,47.18,NVIDIA GeForce RTX 4090,37,100.43,37,2610.1,24564.0,
2026-09-07T11:23:30.470054+00:00,03_vlm_polymer_real_synth,3,3,4.2,4.39,60.43,47.18,NVIDIA GeForce RTX 4090,35,100.58,58,2610.1,24564.0,
2026-09-07T11:23:40.482802+00:00,03_vlm_polymer_real_synth,3,3,4.2,4.38,60.43,47.18,NVIDIA GeForce RTX 4090,35,102.72,34,2610.1,24564.0,
2026-09-07T11:23:50.493583+00:00,03_vlm_polymer_real_synth,3,3,4.2,4.39,60.43,47.18,NVIDIA GeForce RTX 4090,36,99.51,0,2610.1,24564.0,
2026-09-07T11:24:00.506836+00:00,03_vlm_polymer_real_synth,3,3,4.2,4.39,60.43,47.18,NVIDIA GeForce RTX 4090,36,99.45,0,2610.1,24564.0,
2026-09-07T11:24:10.520032+00:00,03_vlm_polymer_real_synth,3,3,4.2,4.4,60.43,47.18,NVIDIA GeForce RTX 4090,36,100.17,26,2610.1,24564.0,
2026-09-07T11:24:20.531748+00:00,03_vlm_polymer_real_synth,3,3,4.2,4.42,60.43,47.18,NVIDIA GeForce RTX 4090,36,100.03,21,2610.1,24564.0,
2026-09-07T11:24:30.542578+00:00,03_vlm_polymer_real_synth,3,3,4.2,4.41,60.43,47.18,NVIDIA GeForce RTX 4090,35,99.72,22,2610.1,24564.0,
2026-09-07T11:24:40.553616+00:00,03_vlm_polymer_real_synth,3,3,4.2,4.43,60.43,47.18,NVIDIA GeForce RTX 4090,35,98.77,28,2610.1,24564.0,
2026-09-07T11:24:50.564796+00:00,03_vlm_polymer_real_synth,3,3,4.2,4.41,60.43,47.18,NVIDIA GeForce RTX 4090,36,104.04,0,2610.1,24564.0,
2026-09-07T11:25:00.575724+00:00,03_vlm_polymer_real_synth,3,3,4.2,4.4,60.43,47.18,NVIDIA GeForce RTX 4090,36,101.0,27,2610.1,24564.0,
2026-09-07T11:25:10.587099+00:00,03_vlm_polymer_real_synth,3,3,4.2,4.39,60.43,47.18,NVIDIA GeForce RTX 4090,35,100.76,52,2610.1,24564.0,
2026-09-07T11:25:20.598285+00:00,03_vlm_polymer_real_synth,3,3,4.2,4.39,60.43,47.18,NVIDIA GeForce RTX 4090,35,102.97,59,2610.1,24564.0,
2026-09-07T11:25:30.611706+00:00,03_vlm_polymer_real_synth,3,3,4.2,4.37,60.43,47.18,NVIDIA GeForce RTX 4090,35,96.37,28,2610.1,24564.0,
2026-09-07T11:25:40.623191+00:00,03_vlm_polymer_real_synth,3,3,4.2,4.38,60.43,47.18,NVIDIA GeForce RTX 4090,34,91.83,31,2610.1,24564.0,
2026-09-07T11:25:50.634039+00:00,03_vlm_polymer_real_synth,3,3,4.2,4.38,60.43,47.18,NVIDIA GeForce RTX 4090,35,100.96,9,2610.1,24564.0,
2026-09-07T11:26:00.645187+00:00,03_vlm_polymer_real_synth,3,3,4.2,4.38,60.43,47.18,NVIDIA GeForce RTX 4090,37,98.81,22,2610.1,24564.0,
2026-09-07T11:26:10.655989+00:00,03_vlm_polymer_real_synth,3,3,4.2,4.38,60.43,47.18,NVIDIA GeForce RTX 4090,34,99.77,17,2610.1,24564.0,
2026-09-07T11:26:20.666910+00:00,03_vlm_polymer_real_synth,3,3,4.2,4.38,60.43,47.18,NVIDIA GeForce RTX 4090,35,100.58,55,2610.1,24564.0,
2026-09-07T11:26:30.677838+00:00,03_vlm_polymer_real_synth,3,3,4.2,4.37,60.43,47.18,NVIDIA GeForce RTX 4090,37,102.93,31,2610.1,24564.0,
2026-09-07T11:26:40.689169+00:00,03_vlm_polymer_real_synth,3,3,4.2,4.39,60.43,47.18,NVIDIA GeForce RTX 4090,36,101.13,27,2610.1,24564.0,
2026-09-07T11:26:50.700197+00:00,03_vlm_polymer_real_synth,3,3,4.2,4.38,60.43,47.18,NVIDIA GeForce RTX 4090,35,99.86,34,2610.1,24564.0,
2026-09-07T11:27:00.711685+00:00,03_vlm_polymer_real_synth,3,3,4.2,4.39,60.43,47.18,NVIDIA GeForce RTX 4090,36,98.84,20,2610.1,24564.0,
2026-09-07T11:27:10.723215+00:00,03_vlm_polymer_real_synth,3,3,4.2,4.39,60.43,47.18,NVIDIA GeForce RTX 4090,36,100.78,18,2610.1,24564.0,
2026-09-07T11:27:20.734575+00:00,03_vlm_polymer_real_synth,3,3,4.2,4.37,60.43,47.18,NVIDIA GeForce RTX 4090,35,101.1,63,2610.1,24564.0,
2026-09-07T11:27:30.745734+00:00,03_vlm_polymer_real_synth,3,3,4.2,4.37,60.43,47.18,NVIDIA GeForce RTX 4090,36,101.27,24,2610.1,24564.0,
2026-09-07T11:27:40.756725+00:00,03_vlm_polymer_real_synth,3,3,4.2,4.37,60.43,47.18,NVIDIA GeForce RTX 4090,37,101.58,46,2610.1,24564.0,
2026-09-07T11:27:50.767725+00:00,03_vlm_polymer_real_synth,3,3,4.2,4.38,60.43,47.18,NVIDIA GeForce RTX 4090,36,100.9,45,2610.1,24564.0,
2026-09-07T11:28:00.778707+00:00,03_vlm_polymer_real_synth,3,3,4.2,4.38,60.43,47.18,NVIDIA GeForce RTX 4090,36,99.98,64,2610.1,24564.0,
2026-09-07T11:28:10.790092+00:00,03_vlm_polymer_real_synth,3,3,4.2,4.38,60.43,47.18,NVIDIA GeForce RTX 4090,36,101.25,41,2610.1,24564.0,
2026-09-07T11:28:20.801096+00:00,03_vlm_polymer_real_synth,3,3,4.2,4.37,60.43,47.18,NVIDIA GeForce RTX 4090,37,100.98,37,2610.1,24564.0,
2026-09-07T11:28:30.811870+00:00,03_vlm_polymer_real_synth,3,3,4.2,4.42,60.43,47.18,NVIDIA GeForce RTX 4090,36,100.77,51,2610.1,24564.0,
2026-09-07T11:28:40.822878+00:00,03_vlm_polymer_real_synth,3,3,4.2,4.42,60.43,47.18,NVIDIA GeForce RTX 4090,35,101.47,29,2610.1,24564.0,
2026-09-07T11:28:50.833634+00:00,03_vlm_polymer_real_synth,3,3,4.2,4.4,60.43,47.18,NVIDIA GeForce RTX 4090,36,101.29,48,2610.1,24564.0,
2026-09-07T11:29:00.844848+00:00,03_vlm_polymer_real_synth,3,3,4.2,4.39,60.43,47.18,NVIDIA GeForce RTX 4090,36,101.06,64,2610.1,24564.0,
2026-09-07T11:29:10.856134+00:00,03_vlm_polymer_real_synth,3,3,4.2,4.41,60.43,47.18,NVIDIA GeForce RTX 4090,35,99.17,16,2610.1,24564.0,
2026-09-07T11:29:20.867471+00:00,03_vlm_polymer_real_synth,3,3,4.2,4.41,60.43,47.18,NVIDIA GeForce RTX 4090,35,98.87,0,2610.1,24564.0,
2026-09-07T11:29:30.878864+00:00,03_vlm_polymer_real_synth,3,3,4.2,4.4,60.43,47.18,NVIDIA GeForce RTX 4090,36,103.77,63,2610.1,24564.0,
2026-09-07T11:29:40.889994+00:00,03_vlm_polymer_real_synth,3,3,4.2,4.39,60.43,47.18,NVIDIA GeForce RTX 4090,36,102.35,40,2610.1,24564.0,
2026-09-07T11:29:50.900967+00:00,03_vlm_polymer_real_synth,3,3,4.2,4.44,60.43,47.18,NVIDIA GeForce RTX 4090,35,99.67,41,2610.1,24564.0,
2026-09-07T11:30:00.911919+00:00,03_vlm_polymer_real_synth,3,3,4.2,4.4,60.43,47.18,NVIDIA GeForce RTX 4090,35,98.38,29,2610.1,24564.0,
2026-09-07T11:30:10.923563+00:00,03_vlm_polymer_real_synth,3,3,4.2,4.42,60.43,47.18,NVIDIA GeForce RTX 4090,36,100.14,28,2610.1,24564.0,
2026-09-07T11:30:20.935220+00:00,03_vlm_polymer_real_synth,3,3,4.2,4.39,60.43,47.18,NVIDIA GeForce RTX 4090,35,101.88,20,2610.1,24564.0,
2026-09-07T11:30:30.946185+00:00,03_vlm_polymer_real_synth,3,3,4.2,4.39,60.43,47.18,NVIDIA GeForce RTX 4090,36,98.27,46,2610.1,24564.0,
2026-09-07T11:30:40.957211+00:00,03_vlm_polymer_real_synth,3,3,4.2,4.4,60.43,47.18,NVIDIA GeForce RTX 4090,35,103.9,51,2610.1,24564.0,
2026-09-07T11:30:50.968088+00:00,03_vlm_polymer_real_synth,3,3,4.2,4.38,60.43,47.18,NVIDIA GeForce RTX 4090,36,96.78,0,2610.1,24564.0,
2026-09-07T11:31:00.979630+00:00,03_vlm_polymer_real_synth,3,3,4.2,4.42,60.43,47.18,NVIDIA GeForce RTX 4090,35,101.37,36,2610.1,24564.0,
2026-09-07T11:31:10.991494+00:00,03_vlm_polymer_real_synth,3,3,4.2,4.39,60.43,47.18,NVIDIA GeForce RTX 4090,37,100.5,55,2610.1,24564.0,
2026-09-07T11:31:21.002458+00:00,03_vlm_polymer_real_synth,3,3,4.2,4.39,60.43,47.18,NVIDIA GeForce RTX 4090,36,101.19,0,2610.1,24564.0,
2026-09-07T11:31:31.013345+00:00,03_vlm_polymer_real_synth,3,3,4.2,4.37,60.43,47.18,NVIDIA GeForce RTX 4090,36,102.34,15,2610.1,24564.0,
2026-09-07T11:31:41.024463+00:00,03_vlm_polymer_real_synth,3,3,4.2,4.37,60.43,47.18,NVIDIA GeForce RTX 4090,35,99.88,67,2610.1,24564.0,
2026-09-07T11:31:51.035241+00:00,03_vlm_polymer_real_synth,3,3,4.2,4.38,60.43,47.18,NVIDIA GeForce RTX 4090,36,104.16,0,2610.1,24564.0,
2026-09-07T11:32:01.046333+00:00,03_vlm_polymer_real_synth,3,3,4.2,4.38,60.43,47.18,NVIDIA GeForce RTX 4090,36,102.45,31,2610.1,24564.0,
2026-09-07T11:32:11.058683+00:00,03_vlm_polymer_real_synth,3,3,4.2,4.42,60.43,47.18,NVIDIA GeForce RTX 4090,36,102.46,0,2610.1,24564.0,
2026-09-07T11:32:21.069547+00:00,03_vlm_polymer_real_synth,3,3,4.2,4.41,60.43,47.18,NVIDIA GeForce RTX 4090,35,99.25,42,2610.1,24564.0,
2026-09-07T11:32:31.080624+00:00,03_vlm_polymer_real_synth,3,3,4.2,4.4,60.43,47.18,NVIDIA GeForce RTX 4090,35,92.36,29,2610.1,24564.0,
2026-09-07T11:32:41.091624+00:00,03_vlm_polymer_real_synth,3,3,4.2,4.41,60.43,47.18,NVIDIA GeForce RTX 4090,35,91.73,34,2610.1,24564.0,
2026-09-07T11:32:51.102825+00:00,03_vlm_polymer_real_synth,3,3,3.2,4.45,60.43,47.18,NVIDIA GeForce RTX 4090,34,92.86,34,3228.1,24564.0,
2026-09-07T11:33:01.114804+00:00,03_vlm_polymer_real_synth,3,3,4.2,4.45,60.43,47.18,NVIDIA GeForce RTX 4090,34,90.71,35,3228.1,24564.0,
2026-09-07T11:33:11.125868+00:00,03_vlm_polymer_real_synth,4,4,3.0,3.56,60.43,47.18,NVIDIA GeForce RTX 4090,32,30.69,0,1062.1,24564.0,
2026-09-07T11:33:21.137867+00:00,03_vlm_polymer_real_synth,4,4,4.2,4.34,60.43,47.18,NVIDIA GeForce RTX 4090,35,98.37,10,2610.1,24564.0,
2026-09-07T11:33:31.150511+00:00,03_vlm_polymer_real_synth,4,4,4.2,4.38,60.43,47.18,NVIDIA GeForce RTX 4090,34,102.58,57,2610.1,24564.0,
2026-09-07T11:33:41.161812+00:00,03_vlm_polymer_real_synth,4,4,4.2,4.38,60.43,47.18,NVIDIA GeForce RTX 4090,35,102.72,49,2610.1,24564.0,
2026-09-07T11:33:51.173424+00:00,03_vlm_polymer_real_synth,4,4,4.2,4.4,60.43,47.18,NVIDIA GeForce RTX 4090,35,102.29,9,2610.1,24564.0,
2026-09-07T11:34:01.184787+00:00,03_vlm_polymer_real_synth,4,4,4.2,4.4,60.43,47.18,NVIDIA GeForce RTX 4090,34,100.27,31,2610.1,24564.0,
2026-09-07T11:34:11.197893+00:00,03_vlm_polymer_real_synth,4,4,4.2,4.41,60.43,47.18,NVIDIA GeForce RTX 4090,34,99.37,44,2610.1,24564.0,
2026-09-07T11:34:21.209167+00:00,03_vlm_polymer_real_synth,4,4,4.2,4.41,60.43,47.18,NVIDIA GeForce RTX 4090,34,100.34,25,2610.1,24564.0,
2026-09-07T11:34:31.220179+00:00,03_vlm_polymer_real_synth,4,4,4.2,4.41,60.43,47.18,NVIDIA GeForce RTX 4090,35,97.33,52,2610.1,24564.0,
2026-09-07T11:34:41.233548+00:00,03_vlm_polymer_real_synth,4,4,4.2,4.38,60.43,47.18,NVIDIA GeForce RTX 4090,34,97.04,55,2610.1,24564.0,
2026-09-07T11:34:51.247074+00:00,03_vlm_polymer_real_synth,4,4,4.2,4.39,60.43,47.18,NVIDIA GeForce RTX 4090,35,97.54,0,2610.1,24564.0,
2026-09-07T11:35:01.258196+00:00,03_vlm_polymer_real_synth,4,4,4.2,4.36,60.43,47.18,NVIDIA GeForce RTX 4090,36,99.15,33,2610.1,24564.0,
2026-09-07T11:35:11.269276+00:00,03_vlm_polymer_real_synth,4,4,4.2,4.34,60.43,47.18,NVIDIA GeForce RTX 4090,35,100.19,26,2610.1,24564.0,
2026-09-07T11:35:21.281992+00:00,03_vlm_polymer_real_synth,4,4,4.2,4.38,60.43,47.18,NVIDIA GeForce RTX 4090,35,97.79,24,2610.1,24564.0,
2026-09-07T11:35:31.293163+00:00,03_vlm_polymer_real_synth,4,4,4.2,4.37,60.43,47.18,NVIDIA GeForce RTX 4090,35,96.95,49,2610.1,24564.0,
2026-09-07T11:35:41.304916+00:00,03_vlm_polymer_real_synth,4,4,4.2,4.36,60.43,47.18,NVIDIA GeForce RTX 4090,35,102.66,7,2610.1,24564.0,
2026-09-07T11:35:51.315741+00:00,03_vlm_polymer_real_synth,4,4,4.2,4.34,60.43,47.18,NVIDIA GeForce RTX 4090,35,100.81,47,2610.1,24564.0,
2026-09-07T11:36:01.326705+00:00,03_vlm_polymer_real_synth,4,4,4.2,4.38,60.43,47.18,NVIDIA GeForce RTX 4090,34,99.75,40,2610.1,24564.0,
2026-09-07T11:36:11.340424+00:00,03_vlm_polymer_real_synth,4,4,4.2,4.37,60.43,47.18,NVIDIA GeForce RTX 4090,35,101.86,28,2610.1,24564.0,
2026-09-07T11:36:21.351784+00:00,03_vlm_polymer_real_synth,4,4,4.2,4.37,60.43,47.18,NVIDIA GeForce RTX 4090,35,100.82,5,2610.1,24564.0,
2026-09-07T11:36:31.362820+00:00,03_vlm_polymer_real_synth,4,4,4.2,4.36,60.43,47.18,NVIDIA GeForce RTX 4090,34,98.76,30,2610.1,24564.0,
2026-09-07T11:36:41.377107+00:00,03_vlm_polymer_real_synth,4,4,4.2,4.35,60.43,47.18,NVIDIA GeForce RTX 4090,36,99.39,37,2610.1,24564.0,
2026-09-07T11:36:51.388562+00:00,03_vlm_polymer_real_synth,4,4,4.2,4.39,60.43,47.18,NVIDIA GeForce RTX 4090,35,96.74,21,2610.1,24564.0,
2026-09-07T11:37:01.399808+00:00,03_vlm_polymer_real_synth,4,4,4.2,4.41,60.43,47.18,NVIDIA GeForce RTX 4090,35,101.84,0,2610.1,24564.0,
2026-09-07T11:37:11.413316+00:00,03_vlm_polymer_real_synth,4,4,4.2,4.43,60.43,47.18,NVIDIA GeForce RTX 4090,35,100.63,7,2610.1,24564.0,
2026-09-07T11:37:21.425390+00:00,03_vlm_polymer_real_synth,4,4,4.2,4.43,60.43,47.18,NVIDIA GeForce RTX 4090,35,97.46,0,2610.1,24564.0,
2026-09-07T11:37:31.439153+00:00,03_vlm_polymer_real_synth,4,4,4.2,4.4,60.43,47.18,NVIDIA GeForce RTX 4090,35,97.07,51,2610.1,24564.0,
2026-09-07T11:37:41.450533+00:00,03_vlm_polymer_real_synth,4,4,4.2,4.38,60.43,47.18,NVIDIA GeForce RTX 4090,34,98.43,27,2610.1,24564.0,
2026-09-07T11:37:51.462071+00:00,03_vlm_polymer_real_synth,4,4,4.2,4.37,60.43,47.18,NVIDIA GeForce RTX 4090,37,97.25,40,2610.1,24564.0,
2026-09-07T11:38:01.473352+00:00,03_vlm_polymer_real_synth,4,4,4.2,4.36,60.43,47.18,NVIDIA GeForce RTX 4090,36,100.82,28,2610.1,24564.0,
2026-09-07T11:38:11.484336+00:00,03_vlm_polymer_real_synth,4,4,4.2,4.39,60.43,47.18,NVIDIA GeForce RTX 4090,35,100.94,60,2610.1,24564.0,
2026-09-07T11:38:21.498021+00:00,03_vlm_polymer_real_synth,4,4,4.2,4.34,60.43,47.18,NVIDIA GeForce RTX 4090,34,97.11,19,2610.1,24564.0,
2026-09-07T11:38:31.509221+00:00,03_vlm_polymer_real_synth,4,4,4.2,4.35,60.43,47.18,NVIDIA GeForce RTX 4090,35,100.6,54,2610.1,24564.0,
2026-09-07T11:38:41.520150+00:00,03_vlm_polymer_real_synth,4,4,4.2,4.35,60.43,47.18,NVIDIA GeForce RTX 4090,35,98.05,64,2610.1,24564.0,
2026-09-07T11:38:51.531374+00:00,03_vlm_polymer_real_synth,4,4,4.2,4.38,60.43,47.18,NVIDIA GeForce RTX 4090,35,99.55,19,2610.1,24564.0,
2026-09-07T11:39:01.543203+00:00,03_vlm_polymer_real_synth,4,4,4.2,4.35,60.43,47.18,NVIDIA GeForce RTX 4090,35,100.27,63,2610.1,24564.0,
2026-09-07T11:39:11.554103+00:00,03_vlm_polymer_real_synth,4,4,4.2,4.36,60.43,47.18,NVIDIA GeForce RTX 4090,35,97.95,21,2610.1,24564.0,
2026-09-07T11:39:21.567914+00:00,03_vlm_polymer_real_synth,4,4,4.2,4.33,60.43,47.18,NVIDIA GeForce RTX 4090,35,99.19,10,2610.1,24564.0,
2026-09-07T11:39:31.581129+00:00,03_vlm_polymer_real_synth,4,4,4.2,4.29,60.43,47.18,NVIDIA GeForce RTX 4090,37,97.67,37,2610.1,24564.0,
2026-09-07T11:39:41.592063+00:00,03_vlm_polymer_real_synth,4,4,4.2,4.35,60.43,47.18,NVIDIA GeForce RTX 4090,35,100.16,20,2610.1,24564.0,
2026-09-07T11:39:51.603147+00:00,03_vlm_polymer_real_synth,4,4,4.2,4.34,60.43,47.18,NVIDIA GeForce RTX 4090,35,100.57,6,2610.1,24564.0,
2026-09-07T11:40:01.614040+00:00,03_vlm_polymer_real_synth,4,4,4.2,4.39,60.43,47.18,NVIDIA GeForce RTX 4090,35,97.92,7,2610.1,24564.0,
2026-09-07T11:40:11.625047+00:00,03_vlm_polymer_real_synth,4,4,4.2,4.44,60.43,47.18,NVIDIA GeForce RTX 4090,35,90.16,31,2610.1,24564.0,
2026-09-07T11:40:21.636348+00:00,03_vlm_polymer_real_synth,4,4,4.2,4.44,60.43,47.18,NVIDIA GeForce RTX 4090,34,92.62,34,2610.1,24564.0,
2026-09-07T11:40:31.647626+00:00,03_vlm_polymer_real_synth,4,4,4.0,4.44,60.43,47.16,NVIDIA GeForce RTX 4090,35,104.24,12,2610.1,24564.0,
2026-09-07T11:40:41.658767+00:00,03_vlm_polymer_real_synth,4,4,4.2,4.47,60.43,47.16,NVIDIA GeForce RTX 4090,35,101.67,25,2610.1,24564.0,
2026-09-07T11:40:51.669851+00:00,03_vlm_polymer_real_synth,4,4,4.2,4.43,60.43,47.16,NVIDIA GeForce RTX 4090,35,100.01,43,2610.1,24564.0,
2026-09-07T11:41:01.681412+00:00,03_vlm_polymer_real_synth,4,4,4.2,4.46,60.43,47.16,NVIDIA GeForce RTX 4090,34,98.4,48,2610.1,24564.0,
2026-09-07T11:41:11.692273+00:00,03_vlm_polymer_real_synth,4,4,4.2,4.44,60.43,47.16,NVIDIA GeForce RTX 4090,37,97.26,51,2610.1,24564.0,
2026-09-07T11:41:21.703995+00:00,03_vlm_polymer_real_synth,4,4,4.2,4.42,60.43,47.16,NVIDIA GeForce RTX 4090,35,99.15,15,2610.1,24564.0,
2026-09-07T11:41:31.714815+00:00,03_vlm_polymer_real_synth,4,4,4.2,4.41,60.43,47.16,NVIDIA GeForce RTX 4090,34,98.77,1,2610.1,24564.0,
2026-09-07T11:41:41.725932+00:00,03_vlm_polymer_real_synth,4,4,4.2,4.41,60.43,47.16,NVIDIA GeForce RTX 4090,35,99.12,53,2610.1,24564.0,
2026-09-07T11:41:51.739582+00:00,03_vlm_polymer_real_synth,4,4,4.2,4.42,60.43,47.16,NVIDIA GeForce RTX 4090,35,102.38,61,2610.1,24564.0,
2026-09-07T11:42:01.750566+00:00,03_vlm_polymer_real_synth,4,4,4.2,4.42,60.43,47.16,NVIDIA GeForce RTX 4090,35,99.43,57,2610.1,24564.0,
2026-09-07T11:42:11.761631+00:00,03_vlm_polymer_real_synth,4,4,4.2,4.38,60.43,47.16,NVIDIA GeForce RTX 4090,35,97.52,5,2610.1,24564.0,
2026-09-07T11:42:21.772539+00:00,03_vlm_polymer_real_synth,4,4,4.2,4.36,60.43,47.16,NVIDIA GeForce RTX 4090,35,100.81,26,2610.1,24564.0,
2026-09-07T11:42:31.783661+00:00,03_vlm_polymer_real_synth,4,4,4.2,4.37,60.43,47.16,NVIDIA GeForce RTX 4090,35,101.6,58,2610.1,24564.0,
2026-09-07T11:42:41.795105+00:00,03_vlm_polymer_real_synth,4,4,4.2,4.35,60.43,47.16,NVIDIA GeForce RTX 4090,36,97.19,67,2610.1,24564.0,
2026-09-07T11:42:51.805960+00:00,03_vlm_polymer_real_synth,4,4,4.2,4.36,60.43,47.16,NVIDIA GeForce RTX 4090,34,100.94,59,2610.1,24564.0,
2026-09-07T11:43:01.816807+00:00,03_vlm_polymer_real_synth,4,4,4.2,4.36,60.43,47.16,NVIDIA GeForce RTX 4090,35,99.16,10,2610.1,24564.0,
2026-09-07T11:43:11.828024+00:00,03_vlm_polymer_real_synth,4,4,4.2,4.37,60.43,47.16,NVIDIA GeForce RTX 4090,35,97.08,60,2610.1,24564.0,
2026-09-07T11:43:21.839117+00:00,03_vlm_polymer_real_synth,4,4,4.2,4.38,60.43,47.16,NVIDIA GeForce RTX 4090,36,100.95,40,2610.1,24564.0,
2026-09-07T11:43:31.850016+00:00,03_vlm_polymer_real_synth,4,4,4.2,4.38,60.43,47.16,NVIDIA GeForce RTX 4090,35,97.94,10,2610.1,24564.0,
2026-09-07T11:43:41.861028+00:00,03_vlm_polymer_real_synth,4,4,4.2,4.39,60.43,47.16,NVIDIA GeForce RTX 4090,34,100.97,18,2610.1,24564.0,
2026-09-07T11:43:51.872088+00:00,03_vlm_polymer_real_synth,4,4,4.2,4.39,60.43,47.16,NVIDIA GeForce RTX 4090,36,100.3,54,2610.1,24564.0,
2026-09-07T11:44:01.882957+00:00,03_vlm_polymer_real_synth,4,4,4.2,4.39,60.43,47.16,NVIDIA GeForce RTX 4090,35,97.19,4,2610.1,24564.0,
2026-09-07T11:44:11.894084+00:00,03_vlm_polymer_real_synth,4,4,4.2,4.39,60.43,47.16,NVIDIA GeForce RTX 4090,35,98.99,33,2610.1,24564.0,
2026-09-07T11:44:21.905314+00:00,03_vlm_polymer_real_synth,4,4,4.2,4.43,60.43,47.16,NVIDIA GeForce RTX 4090,35,97.22,46,2610.1,24564.0,
2026-09-07T11:44:31.916488+00:00,03_vlm_polymer_real_synth,4,4,4.2,4.38,60.43,47.16,NVIDIA GeForce RTX 4090,35,98.87,0,2610.1,24564.0,
2026-09-07T11:44:41.929280+00:00,03_vlm_polymer_real_synth,4,4,4.2,4.36,60.43,47.16,NVIDIA GeForce RTX 4090,36,100.33,68,2610.1,24564.0,
2026-09-07T11:44:51.940309+00:00,03_vlm_polymer_real_synth,4,4,4.2,4.36,60.43,47.16,NVIDIA GeForce RTX 4090,35,98.28,36,2610.1,24564.0,
2026-09-07T11:45:01.951034+00:00,03_vlm_polymer_real_synth,4,4,4.2,4.35,60.43,47.16,NVIDIA GeForce RTX 4090,35,98.24,35,2610.1,24564.0,
2026-09-07T11:45:11.962393+00:00,03_vlm_polymer_real_synth,4,4,4.2,4.4,60.43,47.16,NVIDIA GeForce RTX 4090,35,97.08,25,2610.1,24564.0,
2026-09-07T11:45:21.973405+00:00,03_vlm_polymer_real_synth,4,4,4.2,4.49,60.43,47.16,NVIDIA GeForce RTX 4090,36,99.69,31,2610.1,24564.0,
2026-09-07T11:45:31.984680+00:00,03_vlm_polymer_real_synth,4,4,4.2,4.44,60.43,47.16,NVIDIA GeForce RTX 4090,36,99.05,39,2610.1,24564.0,
2026-09-07T11:45:41.997656+00:00,03_vlm_polymer_real_synth,4,4,4.2,4.47,60.43,47.16,NVIDIA GeForce RTX 4090,35,99.88,23,2610.1,24564.0,
2026-09-07T11:45:52.008751+00:00,03_vlm_polymer_real_synth,4,4,4.2,4.4,60.43,47.16,NVIDIA GeForce RTX 4090,35,97.52,26,2610.1,24564.0,
2026-09-07T11:46:02.021491+00:00,03_vlm_polymer_real_synth,4,4,4.2,4.39,60.43,47.16,NVIDIA GeForce RTX 4090,35,98.95,34,2610.1,24564.0,
2026-09-07T11:46:12.032765+00:00,03_vlm_polymer_real_synth,4,4,4.2,4.38,60.43,47.16,NVIDIA GeForce RTX 4090,34,98.2,8,2610.1,24564.0,
2026-09-07T11:46:22.044884+00:00,03_vlm_polymer_real_synth,4,4,4.2,4.38,60.43,47.16,NVIDIA GeForce RTX 4090,35,96.27,34,2610.1,24564.0,
2026-09-07T11:46:32.056140+00:00,03_vlm_polymer_real_synth,4,4,4.2,4.42,60.43,47.16,NVIDIA GeForce RTX 4090,35,102.27,4,2610.1,24564.0,
2026-09-07T11:46:42.067273+00:00,03_vlm_polymer_real_synth,4,4,4.2,4.43,60.43,47.16,NVIDIA GeForce RTX 4090,35,99.84,59,2610.1,24564.0,
2026-09-07T11:46:52.078609+00:00,03_vlm_polymer_real_synth,4,4,4.2,4.42,60.43,47.16,NVIDIA GeForce RTX 4090,35,97.93,15,2610.1,24564.0,
2026-09-07T11:47:02.089492+00:00,03_vlm_polymer_real_synth,4,4,4.2,4.46,60.43,47.16,NVIDIA GeForce RTX 4090,34,101.45,25,2610.1,24564.0,
2026-09-07T11:47:12.100844+00:00,03_vlm_polymer_real_synth,4,4,4.2,4.46,60.43,47.16,NVIDIA GeForce RTX 4090,34,102.14,21,2610.1,24564.0,
2026-09-07T11:47:22.112061+00:00,03_vlm_polymer_real_synth,4,4,4.2,4.42,60.43,47.16,NVIDIA GeForce RTX 4090,34,91.43,35,2610.1,24564.0,
2026-09-07T11:47:32.123262+00:00,03_vlm_polymer_real_synth,4,4,4.2,4.42,60.43,47.16,NVIDIA GeForce RTX 4090,35,93.33,38,2610.1,24564.0,
2026-09-07T11:47:42.134154+00:00,03_vlm_polymer_real_synth,4,4,4.2,4.4,60.43,47.16,NVIDIA GeForce RTX 4090,36,94.9,25,2610.1,24564.0,
2026-09-07T11:47:52.145427+00:00,03_vlm_polymer_real_synth,4,4,4.2,4.38,60.43,47.16,NVIDIA GeForce RTX 4090,34,95.91,58,2610.1,24564.0,
2026-09-07T11:48:02.156881+00:00,03_vlm_polymer_real_synth,4,4,4.2,4.42,60.43,47.16,NVIDIA GeForce RTX 4090,34,103.53,59,2610.1,24564.0,
2026-09-07T11:48:12.169027+00:00,03_vlm_polymer_real_synth,4,4,4.2,4.4,60.43,47.16,NVIDIA GeForce RTX 4090,35,97.52,39,2610.1,24564.0,
2026-09-07T11:48:22.182762+00:00,03_vlm_polymer_real_synth,4,4,4.2,4.38,60.43,47.16,NVIDIA GeForce RTX 4090,37,100.95,4,2610.1,24564.0,
2026-09-07T11:48:32.193883+00:00,03_vlm_polymer_real_synth,4,4,4.2,4.42,60.43,47.16,NVIDIA GeForce RTX 4090,35,98.67,20,2610.1,24564.0,
2026-09-07T11:48:42.205387+00:00,03_vlm_polymer_real_synth,4,4,4.2,4.39,60.43,47.16,NVIDIA GeForce RTX 4090,34,98.35,63,2610.1,24564.0,
2026-09-07T11:48:52.216545+00:00,03_vlm_polymer_real_synth,4,4,4.2,4.39,60.43,47.16,NVIDIA GeForce RTX 4090,34,99.58,32,2610.1,24564.0,
2026-09-07T11:49:02.229396+00:00,03_vlm_polymer_real_synth,4,4,4.2,4.41,60.43,47.16,NVIDIA GeForce RTX 4090,35,100.81,32,2610.1,24564.0,
2026-09-07T11:49:12.240605+00:00,03_vlm_polymer_real_synth,4,4,4.2,4.39,60.43,47.16,NVIDIA GeForce RTX 4090,35,98.24,22,2610.1,24564.0,
2026-09-07T11:49:22.252142+00:00,03_vlm_polymer_real_synth,4,4,4.2,4.42,60.43,47.16,NVIDIA GeForce RTX 4090,35,99.91,19,2610.1,24564.0,
2026-09-07T11:49:32.263381+00:00,03_vlm_polymer_real_synth,4,4,4.2,4.44,60.43,47.16,NVIDIA GeForce RTX 4090,35,96.95,36,2610.1,24564.0,
2026-09-07T11:49:42.274297+00:00,03_vlm_polymer_real_synth,4,4,4.2,4.43,60.43,47.16,NVIDIA GeForce RTX 4090,36,96.73,67,2610.1,24564.0,
2026-09-07T11:49:52.286864+00:00,03_vlm_polymer_real_synth,4,4,4.2,4.4,60.43,47.16,NVIDIA GeForce RTX 4090,35,101.39,61,2610.1,24564.0,
2026-09-07T11:50:02.298068+00:00,03_vlm_polymer_real_synth,4,4,4.2,4.39,60.43,47.16,NVIDIA GeForce RTX 4090,34,100.16,25,2610.1,24564.0,
2026-09-07T11:50:12.309798+00:00,03_vlm_polymer_real_synth,4,4,4.2,4.39,60.43,47.16,NVIDIA GeForce RTX 4090,37,98.92,38,2610.1,24564.0,
2026-09-07T11:50:22.321145+00:00,03_vlm_polymer_real_synth,4,4,4.2,4.41,60.43,47.16,NVIDIA GeForce RTX 4090,35,98.42,43,2610.1,24564.0,
2026-09-07T11:50:32.331959+00:00,03_vlm_polymer_real_synth,4,4,4.2,4.4,60.43,47.16,NVIDIA GeForce RTX 4090,35,96.38,30,2610.1,24564.0,
2026-09-07T11:50:42.345346+00:00,03_vlm_polymer_real_synth,4,4,4.2,4.44,60.43,47.16,NVIDIA GeForce RTX 4090,36,99.82,29,2610.1,24564.0,
2026-09-07T11:50:52.356676+00:00,03_vlm_polymer_real_synth,4,4,4.2,4.41,60.43,47.16,NVIDIA GeForce RTX 4090,35,99.28,35,2610.1,24564.0,
2026-09-07T11:51:02.367788+00:00,03_vlm_polymer_real_synth,4,4,4.2,4.42,60.43,47.16,NVIDIA GeForce RTX 4090,36,99.94,20,2610.1,24564.0,
2026-09-07T11:51:12.378820+00:00,03_vlm_polymer_real_synth,4,4,4.2,4.45,60.43,47.16,NVIDIA GeForce RTX 4090,36,99.47,0,2610.1,24564.0,
2026-09-07T11:51:22.389718+00:00,03_vlm_polymer_real_synth,4,4,4.2,4.43,60.43,47.16,NVIDIA GeForce RTX 4090,36,100.25,26,2610.1,24564.0,
2026-09-07T11:51:32.400807+00:00,03_vlm_polymer_real_synth,4,4,4.2,4.38,60.43,47.16,NVIDIA GeForce RTX 4090,35,99.95,3,2610.1,24564.0,
2026-09-07T11:51:42.411924+00:00,03_vlm_polymer_real_synth,4,4,4.2,4.39,60.43,47.16,NVIDIA GeForce RTX 4090,35,99.78,35,2610.1,24564.0,
2026-09-07T11:51:52.422784+00:00,03_vlm_polymer_real_synth,4,4,4.2,4.41,60.43,47.16,NVIDIA GeForce RTX 4090,35,101.07,49,2610.1,24564.0,
2026-09-07T11:52:02.433777+00:00,03_vlm_polymer_real_synth,4,4,4.2,4.41,60.43,47.16,NVIDIA GeForce RTX 4090,36,98.13,62,2610.1,24564.0,
2026-09-07T11:52:12.446774+00:00,03_vlm_polymer_real_synth,4,4,4.2,4.42,60.43,47.16,NVIDIA GeForce RTX 4090,34,103.55,50,2610.1,24564.0,
2026-09-07T11:52:22.457518+00:00,03_vlm_polymer_real_synth,4,4,4.2,4.45,60.43,47.16,NVIDIA GeForce RTX 4090,35,96.65,7,2610.1,24564.0,
2026-09-07T11:52:32.468505+00:00,03_vlm_polymer_real_synth,4,4,4.2,4.41,60.43,47.16,NVIDIA GeForce RTX 4090,35,102.29,29,2610.1,24564.0,
2026-09-07T11:52:42.480762+00:00,03_vlm_polymer_real_synth,4,4,4.2,4.38,60.43,47.16,NVIDIA GeForce RTX 4090,35,100.98,63,2610.1,24564.0,
2026-09-07T11:52:52.491684+00:00,03_vlm_polymer_real_synth,4,4,4.2,4.41,60.43,47.16,NVIDIA GeForce RTX 4090,36,103.48,32,2610.1,24564.0,
2026-09-07T11:53:02.502809+00:00,03_vlm_polymer_real_synth,4,4,4.2,4.41,60.43,47.16,NVIDIA GeForce RTX 4090,35,97.13,52,2610.1,24564.0,
2026-09-07T11:53:12.513872+00:00,03_vlm_polymer_real_synth,4,4,4.2,4.4,60.43,47.16,NVIDIA GeForce RTX 4090,35,103.77,9,2610.1,24564.0,
2026-09-07T11:53:22.524747+00:00,03_vlm_polymer_real_synth,4,4,4.2,4.38,60.43,47.16,NVIDIA GeForce RTX 4090,37,97.45,3,2610.1,24564.0,
2026-09-07T11:53:32.535942+00:00,03_vlm_polymer_real_synth,4,4,4.2,4.39,60.43,47.16,NVIDIA GeForce RTX 4090,34,99.55,63,2610.1,24564.0,
2026-09-07T11:53:42.548890+00:00,03_vlm_polymer_real_synth,4,4,4.2,4.39,60.43,47.16,NVIDIA GeForce RTX 4090,36,99.52,58,2610.1,24564.0,
2026-09-07T11:53:52.560289+00:00,03_vlm_polymer_real_synth,4,4,4.2,4.43,60.43,47.16,NVIDIA GeForce RTX 4090,37,98.0,14,2610.1,24564.0,
2026-09-07T11:54:02.571082+00:00,03_vlm_polymer_real_synth,4,4,4.2,4.42,60.43,47.16,NVIDIA GeForce RTX 4090,37,100.58,12,2610.1,24564.0,
2026-09-07T11:54:12.582267+00:00,03_vlm_polymer_real_synth,4,4,4.2,4.38,60.43,47.16,NVIDIA GeForce RTX 4090,35,98.39,21,2610.1,24564.0,
2026-09-07T11:54:22.593707+00:00,03_vlm_polymer_real_synth,4,4,4.2,4.43,60.43,47.16,NVIDIA GeForce RTX 4090,36,103.28,64,2610.1,24564.0,
2026-09-07T11:54:32.604905+00:00,03_vlm_polymer_real_synth,4,4,4.2,4.41,60.43,47.16,NVIDIA GeForce RTX 4090,34,89.08,42,2610.1,24564.0,
2026-09-07T11:54:42.616173+00:00,03_vlm_polymer_real_synth,4,4,4.2,4.41,60.43,47.16,NVIDIA GeForce RTX 4090,34,91.38,28,2610.1,24564.0,
2026-09-07T11:54:52.627169+00:00,03_vlm_polymer_real_synth,4,4,4.0,4.47,60.43,47.16,NVIDIA GeForce RTX 4090,35,102.72,55,2610.1,24564.0,
2026-09-07T11:55:02.638817+00:00,03_vlm_polymer_real_synth,4,4,4.2,4.38,60.43,47.16,NVIDIA GeForce RTX 4090,35,96.11,62,2610.1,24564.0,
2026-09-07T11:55:12.650137+00:00,03_vlm_polymer_real_synth,4,4,4.2,4.44,60.43,47.16,NVIDIA GeForce RTX 4090,35,99.4,66,2610.1,24564.0,
2026-09-07T11:55:22.661325+00:00,03_vlm_polymer_real_synth,4,4,4.2,4.4,60.43,47.16,NVIDIA GeForce RTX 4090,35,101.35,48,2610.1,24564.0,
2026-09-07T11:55:32.672296+00:00,03_vlm_polymer_real_synth,4,4,4.2,4.4,60.43,47.16,NVIDIA GeForce RTX 4090,35,98.18,21,2610.1,24564.0,
2026-09-07T11:55:42.684220+00:00,03_vlm_polymer_real_synth,4,4,4.2,4.39,60.43,47.16,NVIDIA GeForce RTX 4090,35,97.05,47,2610.1,24564.0,
2026-09-07T11:55:52.695276+00:00,03_vlm_polymer_real_synth,4,4,4.2,4.37,60.43,47.16,NVIDIA GeForce RTX 4090,35,100.61,65,2610.1,24564.0,
2026-09-07T11:56:02.706467+00:00,03_vlm_polymer_real_synth,4,4,4.2,4.38,60.43,47.16,NVIDIA GeForce RTX 4090,35,99.73,61,2610.1,24564.0,
2026-09-07T11:56:12.717277+00:00,03_vlm_polymer_real_synth,4,4,4.2,4.44,60.43,47.16,NVIDIA GeForce RTX 4090,35,97.57,45,2610.1,24564.0,
2026-09-07T11:56:22.728286+00:00,03_vlm_polymer_real_synth,4,4,4.2,4.43,60.43,47.16,NVIDIA GeForce RTX 4090,35,99.3,41,2610.1,24564.0,
2026-09-07T11:56:32.739846+00:00,03_vlm_polymer_real_synth,4,4,4.2,4.43,60.43,47.16,NVIDIA GeForce RTX 4090,34,99.64,28,2610.1,24564.0,
2026-09-07T11:56:42.751312+00:00,03_vlm_polymer_real_synth,4,4,4.2,4.4,60.43,47.16,NVIDIA GeForce RTX 4090,36,102.42,0,2610.1,24564.0,
2026-09-07T11:56:52.762419+00:00,03_vlm_polymer_real_synth,4,4,4.2,4.39,60.43,47.16,NVIDIA GeForce RTX 4090,35,96.81,67,2610.1,24564.0,
2026-09-07T11:57:02.773756+00:00,03_vlm_polymer_real_synth,4,4,4.2,4.42,60.43,47.16,NVIDIA GeForce RTX 4090,36,96.84,31,2610.1,24564.0,
2026-09-07T11:57:12.784819+00:00,03_vlm_polymer_real_synth,4,4,4.2,4.43,60.43,47.16,NVIDIA GeForce RTX 4090,35,99.93,26,2610.1,24564.0,
2026-09-07T11:57:22.795724+00:00,03_vlm_polymer_real_synth,4,4,4.2,4.39,60.43,47.16,NVIDIA GeForce RTX 4090,35,96.99,49,2610.1,24564.0,
2026-09-07T11:57:32.807191+00:00,03_vlm_polymer_real_synth,4,4,4.2,4.36,60.43,47.16,NVIDIA GeForce RTX 4090,36,96.87,1,2610.1,24564.0,
2026-09-07T11:57:42.818417+00:00,03_vlm_polymer_real_synth,4,4,4.2,4.43,60.43,47.16,NVIDIA GeForce RTX 4090,37,99.17,38,2610.1,24564.0,
2026-09-07T11:57:52.829468+00:00,03_vlm_polymer_real_synth,4,4,4.2,4.4,60.43,47.16,NVIDIA GeForce RTX 4090,35,98.07,56,2610.1,24564.0,
2026-09-07T11:58:02.842472+00:00,03_vlm_polymer_real_synth,4,4,4.2,4.42,60.43,47.16,NVIDIA GeForce RTX 4090,35,99.89,26,2610.1,24564.0,
2026-09-07T11:58:12.855752+00:00,03_vlm_polymer_real_synth,4,4,4.2,4.43,60.43,47.16,NVIDIA GeForce RTX 4090,35,100.58,30,2610.1,24564.0,
2026-09-07T11:58:22.866909+00:00,03_vlm_polymer_real_synth,4,4,4.2,4.43,60.43,47.16,NVIDIA GeForce RTX 4090,34,98.98,36,2610.1,24564.0,
2026-09-07T11:58:32.878922+00:00,03_vlm_polymer_real_synth,4,4,4.2,4.41,60.43,47.16,NVIDIA GeForce RTX 4090,35,99.48,21,2610.1,24564.0,
2026-09-07T11:58:42.889814+00:00,03_vlm_polymer_real_synth,4,4,4.2,4.41,60.43,47.16,NVIDIA GeForce RTX 4090,36,99.71,10,2610.1,24564.0,
2026-09-07T11:58:52.901936+00:00,03_vlm_polymer_real_synth,4,4,4.2,4.4,60.43,47.16,NVIDIA GeForce RTX 4090,35,98.25,41,2610.1,24564.0,
2026-09-07T11:59:02.913627+00:00,03_vlm_polymer_real_synth,4,4,4.2,4.45,60.43,47.16,NVIDIA GeForce RTX 4090,36,99.31,30,2610.1,24564.0,
2026-09-07T11:59:12.924530+00:00,03_vlm_polymer_real_synth,4,4,4.2,4.48,60.43,47.16,NVIDIA GeForce RTX 4090,35,97.22,52,2610.1,24564.0,
2026-09-07T11:59:22.935864+00:00,03_vlm_polymer_real_synth,4,4,4.2,4.45,60.43,47.16,NVIDIA GeForce RTX 4090,35,100.86,26,2610.1,24564.0,
2026-09-07T11:59:32.946842+00:00,03_vlm_polymer_real_synth,4,4,4.2,4.38,60.43,47.16,NVIDIA GeForce RTX 4090,36,100.4,63,2610.1,24564.0,
2026-09-07T11:59:42.958021+00:00,03_vlm_polymer_real_synth,4,4,4.2,4.37,60.43,47.16,NVIDIA GeForce RTX 4090,37,97.13,28,2610.1,24564.0,
2026-09-07T11:59:52.969250+00:00,03_vlm_polymer_real_synth,4,4,4.2,4.37,60.43,47.16,NVIDIA GeForce RTX 4090,35,102.4,14,2610.1,24564.0,
2026-09-07T12:00:02.980023+00:00,03_vlm_polymer_real_synth,4,4,4.2,4.38,60.43,47.16,NVIDIA GeForce RTX 4090,35,99.64,0,2610.1,24564.0,
2026-09-07T12:00:12.991715+00:00,03_vlm_polymer_real_synth,4,4,4.3,4.45,60.43,47.16,NVIDIA GeForce RTX 4090,36,98.32,34,2610.1,24564.0,
2026-09-07T12:00:23.003107+00:00,03_vlm_polymer_real_synth,4,4,4.2,4.43,60.43,47.16,NVIDIA GeForce RTX 4090,35,97.76,46,2610.1,24564.0,
2026-09-07T12:00:33.014069+00:00,03_vlm_polymer_real_synth,4,4,4.2,4.43,60.43,47.16,NVIDIA GeForce RTX 4090,35,100.41,27,2610.1,24564.0,
2026-09-07T12:00:43.025366+00:00,03_vlm_polymer_real_synth,4,4,4.2,4.43,60.43,47.16,NVIDIA GeForce RTX 4090,35,102.3,5,2610.1,24564.0,
2026-09-07T12:00:53.036530+00:00,03_vlm_polymer_real_synth,4,4,4.2,4.43,60.43,47.16,NVIDIA GeForce RTX 4090,37,101.34,31,2610.1,24564.0,
2026-09-07T12:01:03.047743+00:00,03_vlm_polymer_real_synth,4,4,4.2,4.39,60.43,47.16,NVIDIA GeForce RTX 4090,36,100.57,3,2610.1,24564.0,
2026-09-07T12:01:13.058458+00:00,03_vlm_polymer_real_synth,4,4,4.2,4.45,60.43,47.16,NVIDIA GeForce RTX 4090,35,100.59,26,2610.1,24564.0,
2026-09-07T12:01:23.071214+00:00,03_vlm_polymer_real_synth,4,4,4.2,4.42,60.43,47.16,NVIDIA GeForce RTX 4090,35,98.83,48,2610.1,24564.0,
2026-09-07T12:01:33.082682+00:00,03_vlm_polymer_real_synth,4,4,4.2,4.41,60.43,47.16,NVIDIA GeForce RTX 4090,35,99.81,52,2610.1,24564.0,
2026-09-07T12:01:43.096533+00:00,03_vlm_polymer_real_synth,4,4,4.2,4.39,60.43,47.16,NVIDIA GeForce RTX 4090,35,91.06,25,2610.1,24564.0,
2026-09-07T12:01:53.108072+00:00,03_vlm_polymer_real_synth,4,4,4.2,4.39,60.43,47.16,NVIDIA GeForce RTX 4090,34,91.44,33,2610.1,24564.0,
2026-09-07T12:02:03.119584+00:00,03_vlm_polymer_real_synth,4,4,4.2,4.4,60.43,47.16,NVIDIA GeForce RTX 4090,34,100.24,40,2610.1,24564.0,
2026-09-07T12:02:13.130538+00:00,03_vlm_polymer_real_synth,4,4,4.2,4.43,60.43,47.16,NVIDIA GeForce RTX 4090,34,97.8,43,2610.1,24564.0,
2026-09-07T12:02:23.141777+00:00,03_vlm_polymer_real_synth,4,4,4.2,4.42,60.43,47.16,NVIDIA GeForce RTX 4090,35,100.71,12,2610.1,24564.0,
2026-09-07T12:02:33.152662+00:00,03_vlm_polymer_real_synth,4,4,4.2,4.45,60.43,47.16,NVIDIA GeForce RTX 4090,35,103.9,7,2610.1,24564.0,
2026-09-07T12:02:43.163753+00:00,03_vlm_polymer_real_synth,4,4,4.2,4.43,60.43,47.16,NVIDIA GeForce RTX 4090,35,96.51,59,2610.1,24564.0,
2026-09-07T12:02:53.174955+00:00,03_vlm_polymer_real_synth,4,4,4.2,4.42,60.43,47.16,NVIDIA GeForce RTX 4090,35,100.09,0,2610.1,24564.0,
2026-09-07T12:03:03.185907+00:00,03_vlm_polymer_real_synth,4,4,4.2,4.41,60.43,47.16,NVIDIA GeForce RTX 4090,35,99.83,56,2610.1,24564.0,
2026-09-07T12:03:13.197237+00:00,03_vlm_polymer_real_synth,4,4,4.2,4.44,60.43,47.16,NVIDIA GeForce RTX 4090,35,101.76,2,2610.1,24564.0,
2026-09-07T12:03:23.208567+00:00,03_vlm_polymer_real_synth,4,4,4.2,4.43,60.43,47.16,NVIDIA GeForce RTX 4090,37,97.23,26,2610.1,24564.0,
2026-09-07T12:03:33.219535+00:00,03_vlm_polymer_real_synth,4,4,4.2,4.42,60.43,47.16,NVIDIA GeForce RTX 4090,35,97.6,17,2610.1,24564.0,
2026-09-07T12:03:43.230821+00:00,03_vlm_polymer_real_synth,4,4,4.2,4.4,60.43,47.16,NVIDIA GeForce RTX 4090,35,101.45,30,2610.1,24564.0,
2026-09-07T12:03:53.241696+00:00,03_vlm_polymer_real_synth,4,4,4.2,4.39,60.43,47.16,NVIDIA GeForce RTX 4090,35,102.35,48,2610.1,24564.0,
2026-09-07T12:04:03.252919+00:00,03_vlm_polymer_real_synth,4,4,4.2,4.39,60.43,47.16,NVIDIA GeForce RTX 4090,35,100.44,29,2610.1,24564.0,
2026-09-07T12:04:13.264120+00:00,03_vlm_polymer_real_synth,4,4,4.2,4.39,60.43,47.16,NVIDIA GeForce RTX 4090,35,97.24,32,2610.1,24564.0,
2026-09-07T12:04:23.277016+00:00,03_vlm_polymer_real_synth,4,4,4.2,4.39,60.43,47.16,NVIDIA GeForce RTX 4090,34,97.22,0,2610.1,24564.0,
2026-09-07T12:04:33.287918+00:00,03_vlm_polymer_real_synth,4,4,4.2,4.39,60.43,47.16,NVIDIA GeForce RTX 4090,34,100.62,28,2610.1,24564.0,
2026-09-07T12:04:43.298905+00:00,03_vlm_polymer_real_synth,4,4,4.2,4.39,60.43,47.16,NVIDIA GeForce RTX 4090,35,100.28,54,2610.1,24564.0,
2026-09-07T12:04:53.309719+00:00,03_vlm_polymer_real_synth,4,4,4.2,4.43,60.43,47.16,NVIDIA GeForce RTX 4090,35,101.73,41,2610.1,24564.0,
2026-09-07T12:05:03.320800+00:00,03_vlm_polymer_real_synth,4,4,4.2,4.44,60.43,47.16,NVIDIA GeForce RTX 4090,35,98.9,42,2610.1,24564.0,
2026-09-07T12:05:13.332900+00:00,03_vlm_polymer_real_synth,4,4,4.2,4.39,60.43,47.16,NVIDIA GeForce RTX 4090,34,97.08,0,2610.1,24564.0,
2026-09-07T12:05:23.343933+00:00,03_vlm_polymer_real_synth,4,4,4.2,4.4,60.43,47.16,NVIDIA GeForce RTX 4090,36,99.56,54,2610.1,24564.0,
2026-09-07T12:05:33.355199+00:00,03_vlm_polymer_real_synth,4,4,4.2,4.39,60.43,47.16,NVIDIA GeForce RTX 4090,35,103.21,68,2610.1,24564.0,
2026-09-07T12:05:43.366516+00:00,03_vlm_polymer_real_synth,4,4,4.2,4.42,60.43,47.16,NVIDIA GeForce RTX 4090,35,96.65,38,2610.1,24564.0,
2026-09-07T12:05:53.377536+00:00,03_vlm_polymer_real_synth,4,4,4.2,4.41,60.43,47.16,NVIDIA GeForce RTX 4090,34,93.15,51,2610.1,24564.0,
2026-09-07T12:06:03.388801+00:00,03_vlm_polymer_real_synth,4,4,4.2,4.48,60.43,47.16,NVIDIA GeForce RTX 4090,37,97.99,0,2610.1,24564.0,
2026-09-07T12:06:13.399725+00:00,03_vlm_polymer_real_synth,4,4,4.2,4.42,60.43,47.16,NVIDIA GeForce RTX 4090,37,99.85,23,2610.1,24564.0,
2026-09-07T12:06:23.411383+00:00,03_vlm_polymer_real_synth,4,4,4.2,4.42,60.43,47.16,NVIDIA GeForce RTX 4090,35,100.95,44,2610.1,24564.0,
2026-09-07T12:06:33.424480+00:00,03_vlm_polymer_real_synth,4,4,4.2,4.43,60.43,47.16,NVIDIA GeForce RTX 4090,35,101.39,34,2610.1,24564.0,
2026-09-07T12:06:43.435725+00:00,03_vlm_polymer_real_synth,4,4,4.2,4.42,60.43,47.16,NVIDIA GeForce RTX 4090,35,99.52,20,2610.1,24564.0,
2026-09-07T12:06:53.446786+00:00,03_vlm_polymer_real_synth,4,4,4.2,4.43,60.43,47.16,NVIDIA GeForce RTX 4090,35,99.0,39,2610.1,24564.0,
2026-09-07T12:07:03.458572+00:00,03_vlm_polymer_real_synth,4,4,4.2,4.38,60.43,47.16,NVIDIA GeForce RTX 4090,35,97.5,17,2610.1,24564.0,
2026-09-07T12:07:13.469480+00:00,03_vlm_polymer_real_synth,4,4,4.2,4.39,60.43,47.16,NVIDIA GeForce RTX 4090,35,101.26,54,2610.1,24564.0,
2026-09-07T12:07:23.480327+00:00,03_vlm_polymer_real_synth,4,4,4.2,4.39,60.43,47.16,NVIDIA GeForce RTX 4090,36,102.32,61,2610.1,24564.0,
2026-09-07T12:07:33.491805+00:00,03_vlm_polymer_real_synth,4,4,4.2,4.41,60.43,47.16,NVIDIA GeForce RTX 4090,35,96.64,11,2610.1,24564.0,
2026-09-07T12:07:43.503217+00:00,03_vlm_polymer_real_synth,4,4,4.2,4.42,60.43,47.16,NVIDIA GeForce RTX 4090,36,99.52,25,2610.1,24564.0,
2026-09-07T12:07:53.514178+00:00,03_vlm_polymer_real_synth,4,4,4.2,4.41,60.43,47.16,NVIDIA GeForce RTX 4090,35,100.32,29,2610.1,24564.0,
2026-09-07T12:08:03.525306+00:00,03_vlm_polymer_real_synth,4,4,4.2,4.41,60.43,47.16,NVIDIA GeForce RTX 4090,36,98.38,38,2610.1,24564.0,
2026-09-07T12:08:13.536799+00:00,03_vlm_polymer_real_synth,4,4,4.2,4.44,60.43,47.16,NVIDIA GeForce RTX 4090,35,99.38,39,2610.1,24564.0,
2026-09-07T12:08:23.548471+00:00,03_vlm_polymer_real_synth,4,4,4.2,4.44,60.43,47.16,NVIDIA GeForce RTX 4090,35,96.32,34,2610.1,24564.0,
2026-09-07T12:08:33.559931+00:00,03_vlm_polymer_real_synth,4,4,4.2,4.42,60.43,47.16,NVIDIA GeForce RTX 4090,34,97.87,60,2610.1,24564.0,
2026-09-07T12:08:43.570932+00:00,03_vlm_polymer_real_synth,4,4,4.2,4.44,60.43,47.16,NVIDIA GeForce RTX 4090,35,99.84,36,2610.1,24564.0,
2026-09-07T12:08:53.583237+00:00,03_vlm_polymer_real_synth,4,4,4.2,4.44,60.43,47.16,NVIDIA GeForce RTX 4090,35,90.32,31,2610.1,24564.0,
2026-09-07T12:09:03.594461+00:00,03_vlm_polymer_real_synth,4,4,4.2,4.44,60.43,47.16,NVIDIA GeForce RTX 4090,34,91.2,43,2610.1,24564.0,
2026-09-07T12:09:13.607452+00:00,03_vlm_polymer_real_synth,4,4,4.2,4.44,60.43,47.16,NVIDIA GeForce RTX 4090,34,97.11,25,2610.1,24564.0,
2026-09-07T12:09:23.619062+00:00,03_vlm_polymer_real_synth,4,4,4.2,4.4,60.43,47.16,NVIDIA GeForce RTX 4090,36,102.67,51,2610.1,24564.0,
2026-09-07T12:09:33.629975+00:00,03_vlm_polymer_real_synth,4,4,4.2,4.39,60.43,47.16,NVIDIA GeForce RTX 4090,35,100.33,43,2610.1,24564.0,
2026-09-07T12:09:43.640940+00:00,03_vlm_polymer_real_synth,4,4,4.2,4.38,60.43,47.16,NVIDIA GeForce RTX 4090,34,97.93,12,2610.1,24564.0,
2026-09-07T12:09:53.652707+00:00,03_vlm_polymer_real_synth,4,4,4.2,4.38,60.43,47.16,NVIDIA GeForce RTX 4090,36,98.17,2,2610.1,24564.0,
2026-09-07T12:10:03.663508+00:00,03_vlm_polymer_real_synth,4,4,4.2,4.37,60.43,47.16,NVIDIA GeForce RTX 4090,34,99.19,24,2610.1,24564.0,
2026-09-07T12:10:13.674660+00:00,03_vlm_polymer_real_synth,4,4,4.2,4.37,60.43,47.16,NVIDIA GeForce RTX 4090,35,96.9,35,2610.1,24564.0,
2026-09-07T12:10:23.685417+00:00,03_vlm_polymer_real_synth,4,4,4.2,4.38,60.43,47.16,NVIDIA GeForce RTX 4090,35,98.72,22,2610.1,24564.0,
2026-09-07T12:10:33.696841+00:00,03_vlm_polymer_real_synth,4,4,4.2,4.37,60.43,47.16,NVIDIA GeForce RTX 4090,35,97.17,5,2610.1,24564.0,
2026-09-07T12:10:43.708839+00:00,03_vlm_polymer_real_synth,4,4,4.2,4.37,60.43,47.16,NVIDIA GeForce RTX 4090,35,98.27,23,2610.1,24564.0,
2026-09-07T12:10:53.719844+00:00,03_vlm_polymer_real_synth,4,4,4.2,4.39,60.43,47.16,NVIDIA GeForce RTX 4090,34,98.68,36,2610.1,24564.0,
2026-09-07T12:11:03.730711+00:00,03_vlm_polymer_real_synth,4,4,4.2,4.37,60.43,47.16,NVIDIA GeForce RTX 4090,35,100.2,24,2610.1,24564.0,
2026-09-07T12:11:13.741581+00:00,03_vlm_polymer_real_synth,4,4,4.2,4.39,60.43,47.16,NVIDIA GeForce RTX 4090,36,97.16,18,2610.1,24564.0,
2026-09-07T12:11:23.752401+00:00,03_vlm_polymer_real_synth,4,4,4.2,4.45,60.43,47.16,NVIDIA GeForce RTX 4090,36,99.7,18,2610.1,24564.0,
2026-09-07T12:11:33.764801+00:00,03_vlm_polymer_real_synth,4,4,4.2,4.4,60.43,47.16,NVIDIA GeForce RTX 4090,34,99.24,34,2610.1,24564.0,
2026-09-07T12:11:43.775984+00:00,03_vlm_polymer_real_synth,4,4,4.2,4.4,60.43,47.16,NVIDIA GeForce RTX 4090,35,98.98,50,2610.1,24564.0,
2026-09-07T12:11:53.787174+00:00,03_vlm_polymer_real_synth,4,4,4.2,4.38,60.43,47.16,NVIDIA GeForce RTX 4090,35,99.84,48,2610.1,24564.0,
2026-09-07T12:12:03.800389+00:00,03_vlm_polymer_real_synth,4,4,4.2,4.38,60.43,47.16,NVIDIA GeForce RTX 4090,35,95.42,58,2610.1,24564.0,
2026-09-07T12:12:13.811389+00:00,03_vlm_polymer_real_synth,4,4,4.2,4.42,60.43,47.16,NVIDIA GeForce RTX 4090,35,97.24,53,2610.1,24564.0,
2026-09-07T12:12:23.822960+00:00,03_vlm_polymer_real_synth,4,4,4.2,4.4,60.43,47.16,NVIDIA GeForce RTX 4090,35,102.66,44,2610.1,24564.0,
2026-09-07T12:12:33.833804+00:00,03_vlm_polymer_real_synth,4,4,4.2,4.38,60.43,47.16,NVIDIA GeForce RTX 4090,36,98.59,43,2610.1,24564.0,
2026-09-07T12:12:43.845061+00:00,03_vlm_polymer_real_synth,4,4,4.2,4.37,60.43,47.16,NVIDIA GeForce RTX 4090,35,101.79,52,2610.1,24564.0,
2026-09-07T12:12:53.856047+00:00,03_vlm_polymer_real_synth,4,4,4.2,4.36,60.43,47.16,NVIDIA GeForce RTX 4090,34,99.2,19,2610.1,24564.0,
2026-09-07T12:13:03.867276+00:00,03_vlm_polymer_real_synth,4,4,4.2,4.38,60.43,47.16,NVIDIA GeForce RTX 4090,35,100.79,43,2610.1,24564.0,
2026-09-07T12:13:13.878170+00:00,03_vlm_polymer_real_synth,4,4,4.2,4.37,60.43,47.16,NVIDIA GeForce RTX 4090,35,97.95,59,2610.1,24564.0,
2026-09-07T12:13:23.889195+00:00,03_vlm_polymer_real_synth,4,4,4.2,4.37,60.43,47.16,NVIDIA GeForce RTX 4090,35,99.63,25,2610.1,24564.0,
2026-09-07T12:13:33.899991+00:00,03_vlm_polymer_real_synth,4,4,4.2,4.37,60.43,47.16,NVIDIA GeForce RTX 4090,36,96.68,53,2610.1,24564.0,
2026-09-07T12:13:43.911123+00:00,03_vlm_polymer_real_synth,4,4,4.2,4.37,60.43,47.16,NVIDIA GeForce RTX 4090,36,100.19,48,2610.1,24564.0,
2026-09-07T12:13:53.921932+00:00,03_vlm_polymer_real_synth,4,4,4.2,4.37,60.43,47.16,NVIDIA GeForce RTX 4090,35,98.72,64,2610.1,24564.0,
2026-09-07T12:14:03.932840+00:00,03_vlm_polymer_real_synth,4,4,4.2,4.37,60.43,47.16,NVIDIA GeForce RTX 4090,35,100.53,17,2610.1,24564.0,
2026-09-07T12:14:13.943704+00:00,03_vlm_polymer_real_synth,4,4,4.2,4.37,60.43,47.16,NVIDIA GeForce RTX 4090,36,101.32,36,2610.1,24564.0,
2026-09-07T12:14:23.955526+00:00,03_vlm_polymer_real_synth,4,4,4.2,4.38,60.43,47.16,NVIDIA GeForce RTX 4090,37,99.73,26,2610.1,24564.0,
2026-09-07T12:14:33.966386+00:00,03_vlm_polymer_real_synth,4,4,4.2,4.45,60.43,47.16,NVIDIA GeForce RTX 4090,35,96.7,14,2610.1,24564.0,
2026-09-07T12:14:43.977651+00:00,03_vlm_polymer_real_synth,4,4,4.2,4.42,60.43,47.16,NVIDIA GeForce RTX 4090,35,97.08,15,2610.1,24564.0,
2026-09-07T12:14:53.988698+00:00,03_vlm_polymer_real_synth,4,4,4.2,4.39,60.43,47.16,NVIDIA GeForce RTX 4090,35,104.1,12,2610.1,24564.0,
2026-09-07T12:15:03.999637+00:00,03_vlm_polymer_real_synth,4,4,4.2,4.38,60.43,47.16,NVIDIA GeForce RTX 4090,34,98.91,42,2610.1,24564.0,
2026-09-07T12:15:14.010502+00:00,03_vlm_polymer_real_synth,4,4,4.2,4.44,60.43,47.16,NVIDIA GeForce RTX 4090,36,102.33,49,2610.1,24564.0,
2026-09-07T12:15:24.021858+00:00,03_vlm_polymer_real_synth,4,4,4.2,4.47,60.43,47.16,NVIDIA GeForce RTX 4090,36,98.56,42,2610.1,24564.0,
2026-09-07T12:15:34.032785+00:00,03_vlm_polymer_real_synth,4,4,4.2,4.47,60.43,47.16,NVIDIA GeForce RTX 4090,35,97.42,57,2610.1,24564.0,
2026-09-07T12:15:44.044244+00:00,03_vlm_polymer_real_synth,4,4,4.2,4.44,60.43,47.16,NVIDIA GeForce RTX 4090,35,97.31,63,2610.1,24564.0,
2026-09-07T12:15:54.056043+00:00,03_vlm_polymer_real_synth,4,4,4.2,4.42,60.43,47.16,NVIDIA GeForce RTX 4090,36,101.72,7,2610.1,24564.0,
2026-09-07T12:16:04.068266+00:00,03_vlm_polymer_real_synth,4,4,4.2,4.4,60.43,47.16,NVIDIA GeForce RTX 4090,34,90.54,35,2610.1,24564.0,
2026-09-07T12:16:14.080041+00:00,03_vlm_polymer_real_synth,4,4,4.2,4.4,60.43,47.16,NVIDIA GeForce RTX 4090,34,93.08,29,2610.1,24564.0,
2026-09-07T12:16:24.090885+00:00,03_vlm_polymer_real_synth,4,4,3.4,4.46,60.43,47.16,NVIDIA GeForce RTX 4090,35,92.29,33,3228.1,24564.0,
2026-09-07T12:16:34.102278+00:00,03_vlm_polymer_real_synth,4,4,4.2,4.46,60.43,47.16,NVIDIA GeForce RTX 4090,34,93.59,35,3228.1,24564.0,
2026-09-07T12:16:44.113276+00:00,03_vlm_polymer_real_synth,5,5,3.4,4.34,60.43,47.16,NVIDIA GeForce RTX 4090,34,101.59,45,2608.1,24564.0,
2026-09-07T12:16:54.123981+00:00,03_vlm_polymer_real_synth,5,5,4.2,4.43,60.43,47.16,NVIDIA GeForce RTX 4090,35,99.31,52,2610.1,24564.0,
2026-09-07T12:17:04.135253+00:00,03_vlm_polymer_real_synth,5,5,4.2,4.37,60.43,47.16,NVIDIA GeForce RTX 4090,34,100.39,36,2610.1,24564.0,
2026-09-07T12:17:14.146214+00:00,03_vlm_polymer_real_synth,5,5,4.2,4.41,60.43,47.16,NVIDIA GeForce RTX 4090,34,98.03,40,2610.1,24564.0,
2026-09-07T12:17:24.157117+00:00,03_vlm_polymer_real_synth,5,5,4.2,4.38,60.43,47.16,NVIDIA GeForce RTX 4090,35,98.3,11,2610.1,24564.0,
2026-09-07T12:17:34.168640+00:00,03_vlm_polymer_real_synth,5,5,4.2,4.35,60.43,47.16,NVIDIA GeForce RTX 4090,36,100.76,33,2610.1,24564.0,
2026-09-07T12:17:44.179462+00:00,03_vlm_polymer_real_synth,5,5,4.2,4.34,60.43,47.16,NVIDIA GeForce RTX 4090,35,98.17,0,2610.1,24564.0,
2026-09-07T12:17:54.191047+00:00,03_vlm_polymer_real_synth,5,5,4.2,4.3,60.43,47.16,NVIDIA GeForce RTX 4090,35,97.26,58,2610.1,24564.0,
2026-09-07T12:18:04.202261+00:00,03_vlm_polymer_real_synth,5,5,4.2,4.34,60.43,47.16,NVIDIA GeForce RTX 4090,34,98.17,42,2610.1,24564.0,
2026-09-07T12:18:14.215016+00:00,03_vlm_polymer_real_synth,5,5,4.2,4.33,60.43,47.16,NVIDIA GeForce RTX 4090,35,97.09,49,2610.1,24564.0,
2026-09-07T12:18:24.226923+00:00,03_vlm_polymer_real_synth,5,5,4.2,4.34,60.43,47.16,NVIDIA GeForce RTX 4090,34,99.41,61,2610.1,24564.0,
2026-09-07T12:18:34.238192+00:00,03_vlm_polymer_real_synth,5,5,4.2,4.38,60.43,47.16,NVIDIA GeForce RTX 4090,35,98.47,1,2610.1,24564.0,
2026-09-07T12:18:44.249853+00:00,03_vlm_polymer_real_synth,5,5,4.2,4.36,60.43,47.16,NVIDIA GeForce RTX 4090,36,102.11,43,2610.1,24564.0,
2026-09-07T12:18:54.260708+00:00,03_vlm_polymer_real_synth,5,5,4.2,4.34,60.43,47.16,NVIDIA GeForce RTX 4090,34,99.66,29,2610.1,24564.0,
2026-09-07T12:19:04.274043+00:00,03_vlm_polymer_real_synth,5,5,4.2,4.34,60.43,47.16,NVIDIA GeForce RTX 4090,35,96.92,12,2610.1,24564.0,
2026-09-07T12:19:14.285049+00:00,03_vlm_polymer_real_synth,5,5,4.2,4.32,60.43,47.16,NVIDIA GeForce RTX 4090,35,100.38,63,2610.1,24564.0,
2026-09-07T12:19:24.296309+00:00,03_vlm_polymer_real_synth,5,5,4.2,4.33,60.43,47.16,NVIDIA GeForce RTX 4090,35,98.15,44,2610.1,24564.0,
2026-09-07T12:19:34.307335+00:00,03_vlm_polymer_real_synth,5,5,4.2,4.31,60.43,47.16,NVIDIA GeForce RTX 4090,35,96.41,24,2610.1,24564.0,
2026-09-07T12:19:44.318205+00:00,03_vlm_polymer_real_synth,5,5,4.2,4.31,60.43,47.16,NVIDIA GeForce RTX 4090,35,96.87,10,2610.1,24564.0,
2026-09-07T12:19:54.329351+00:00,03_vlm_polymer_real_synth,5,5,4.2,4.31,60.43,47.16,NVIDIA GeForce RTX 4090,36,98.47,0,2610.1,24564.0,
2026-09-07T12:20:04.340389+00:00,03_vlm_polymer_real_synth,5,5,4.2,4.32,60.43,47.16,NVIDIA GeForce RTX 4090,37,101.3,43,2610.1,24564.0,
2026-09-07T12:20:14.351563+00:00,03_vlm_polymer_real_synth,5,5,4.2,4.31,60.43,47.16,NVIDIA GeForce RTX 4090,36,97.22,0,2610.1,24564.0,
2026-09-07T12:20:24.362503+00:00,03_vlm_polymer_real_synth,5,5,4.2,4.32,60.43,47.16,NVIDIA GeForce RTX 4090,36,97.4,9,2610.1,24564.0,
2026-09-07T12:20:34.373719+00:00,03_vlm_polymer_real_synth,5,5,4.2,4.31,60.43,47.16,NVIDIA GeForce RTX 4090,34,97.68,60,2610.1,24564.0,
2026-09-07T12:20:44.384657+00:00,03_vlm_polymer_real_synth,5,5,4.2,4.32,60.43,47.16,NVIDIA GeForce RTX 4090,35,96.41,44,2610.1,24564.0,
2026-09-07T12:20:54.395758+00:00,03_vlm_polymer_real_synth,5,5,4.2,4.31,60.43,47.16,NVIDIA GeForce RTX 4090,35,96.97,27,2610.1,24564.0,
2026-09-07T12:21:04.407541+00:00,03_vlm_polymer_real_synth,5,5,4.2,4.37,60.43,47.16,NVIDIA GeForce RTX 4090,35,99.17,35,2610.1,24564.0,
2026-09-07T12:21:14.418543+00:00,03_vlm_polymer_real_synth,5,5,4.2,4.35,60.43,47.16,NVIDIA GeForce RTX 4090,35,100.68,33,2610.1,24564.0,
2026-09-07T12:21:24.429794+00:00,03_vlm_polymer_real_synth,5,5,4.2,4.38,60.43,47.16,NVIDIA GeForce RTX 4090,35,97.3,55,2610.1,24564.0,
2026-09-07T12:21:34.440862+00:00,03_vlm_polymer_real_synth,5,5,4.2,4.42,60.43,47.16,NVIDIA GeForce RTX 4090,35,99.2,45,2610.1,24564.0,
2026-09-07T12:21:44.452374+00:00,03_vlm_polymer_real_synth,5,5,4.2,4.41,60.43,47.16,NVIDIA GeForce RTX 4090,35,97.39,49,2610.1,24564.0,
2026-09-07T12:21:54.463334+00:00,03_vlm_polymer_real_synth,5,5,4.2,4.41,60.43,47.16,NVIDIA GeForce RTX 4090,35,99.72,9,2610.1,24564.0,
2026-09-07T12:22:04.474222+00:00,03_vlm_polymer_real_synth,5,5,4.2,4.36,60.43,47.16,NVIDIA GeForce RTX 4090,35,101.32,34,2610.1,24564.0,
2026-09-07T12:22:14.485321+00:00,03_vlm_polymer_real_synth,5,5,4.2,4.33,60.43,47.16,NVIDIA GeForce RTX 4090,35,98.31,31,2610.1,24564.0,
2026-09-07T12:22:24.496303+00:00,03_vlm_polymer_real_synth,5,5,4.2,4.32,60.43,47.16,NVIDIA GeForce RTX 4090,35,101.51,56,2610.1,24564.0,
2026-09-07T12:22:34.507410+00:00,03_vlm_polymer_real_synth,5,5,4.2,4.31,60.43,47.16,NVIDIA GeForce RTX 4090,34,100.14,50,2610.1,24564.0,
2026-09-07T12:22:44.518231+00:00,03_vlm_polymer_real_synth,5,5,4.2,4.31,60.43,47.16,NVIDIA GeForce RTX 4090,35,96.96,23,2610.1,24564.0,
2026-09-07T12:22:54.529257+00:00,03_vlm_polymer_real_synth,5,5,4.2,4.31,60.43,47.16,NVIDIA GeForce RTX 4090,35,98.54,21,2610.1,24564.0,
2026-09-07T12:23:04.543108+00:00,03_vlm_polymer_real_synth,5,5,4.2,4.3,60.43,47.16,NVIDIA GeForce RTX 4090,36,97.82,67,2610.1,24564.0,
2026-09-07T12:23:14.554167+00:00,03_vlm_polymer_real_synth,5,5,4.2,4.3,60.43,47.16,NVIDIA GeForce RTX 4090,36,98.06,14,2610.1,24564.0,
2026-09-07T12:23:24.565200+00:00,03_vlm_polymer_real_synth,5,5,4.2,4.31,60.43,47.16,NVIDIA GeForce RTX 4090,35,98.32,20,2610.1,24564.0,
2026-09-07T12:23:34.576145+00:00,03_vlm_polymer_real_synth,5,5,4.2,4.37,60.43,47.16,NVIDIA GeForce RTX 4090,34,90.92,11,2610.1,24564.0,
2026-09-07T12:23:44.587414+00:00,03_vlm_polymer_real_synth,5,5,4.2,4.37,60.43,47.16,NVIDIA GeForce RTX 4090,34,89.76,30,2610.1,24564.0,
2026-09-07T12:23:54.598736+00:00,03_vlm_polymer_real_synth,5,5,4.2,4.36,60.43,47.16,NVIDIA GeForce RTX 4090,34,92.25,34,2610.1,24564.0,
2026-09-07T12:24:04.609606+00:00,03_vlm_polymer_real_synth,5,5,3.9,4.37,60.43,47.14,NVIDIA GeForce RTX 4090,35,96.45,0,2610.1,24564.0,
2026-09-07T12:24:14.620633+00:00,03_vlm_polymer_real_synth,5,5,4.2,4.41,60.43,47.14,NVIDIA GeForce RTX 4090,35,101.96,1,2610.1,24564.0,
2026-09-07T12:24:24.631877+00:00,03_vlm_polymer_real_synth,5,5,4.2,4.41,60.43,47.14,NVIDIA GeForce RTX 4090,35,101.16,29,2610.1,24564.0,
2026-09-07T12:24:34.642865+00:00,03_vlm_polymer_real_synth,5,5,4.2,4.39,60.43,47.14,NVIDIA GeForce RTX 4090,35,97.17,68,2610.1,24564.0,
2026-09-07T12:24:44.653854+00:00,03_vlm_polymer_real_synth,5,5,4.2,4.38,60.43,47.14,NVIDIA GeForce RTX 4090,35,97.0,42,2610.1,24564.0,
2026-09-07T12:24:54.664896+00:00,03_vlm_polymer_real_synth,5,5,4.2,4.37,60.43,47.14,NVIDIA GeForce RTX 4090,35,100.65,0,2610.1,24564.0,
2026-09-07T12:25:04.675816+00:00,03_vlm_polymer_real_synth,5,5,4.2,4.37,60.43,47.14,NVIDIA GeForce RTX 4090,35,96.94,33,2610.1,24564.0,
2026-09-07T12:25:14.686809+00:00,03_vlm_polymer_real_synth,5,5,4.2,4.38,60.43,47.14,NVIDIA GeForce RTX 4090,34,96.76,68,2610.1,24564.0,
2026-09-07T12:25:24.698089+00:00,03_vlm_polymer_real_synth,5,5,4.2,4.36,60.43,47.14,NVIDIA GeForce RTX 4090,35,98.59,35,2610.1,24564.0,
2026-09-07T12:25:34.709673+00:00,03_vlm_polymer_real_synth,5,5,4.2,4.37,60.43,47.14,NVIDIA GeForce RTX 4090,35,99.37,55,2610.1,24564.0,
2026-09-07T12:25:44.720571+00:00,03_vlm_polymer_real_synth,5,5,4.2,4.37,60.43,47.14,NVIDIA GeForce RTX 4090,35,96.69,21,2610.1,24564.0,
2026-09-07T12:25:54.732686+00:00,03_vlm_polymer_real_synth,5,5,4.2,4.37,60.43,47.14,NVIDIA GeForce RTX 4090,35,97.53,27,2610.1,24564.0,
2026-09-07T12:26:04.743671+00:00,03_vlm_polymer_real_synth,5,5,4.2,4.35,60.43,47.14,NVIDIA GeForce RTX 4090,34,98.9,59,2610.1,24564.0,
2026-09-07T12:26:14.754720+00:00,03_vlm_polymer_real_synth,5,5,4.2,4.36,60.43,47.14,NVIDIA GeForce RTX 4090,35,97.64,34,2610.1,24564.0,
2026-09-07T12:26:24.768091+00:00,03_vlm_polymer_real_synth,5,5,4.2,4.36,60.43,47.14,NVIDIA GeForce RTX 4090,35,97.66,47,2610.1,24564.0,
2026-09-07T12:26:34.779065+00:00,03_vlm_polymer_real_synth,5,5,4.2,4.37,60.43,47.14,NVIDIA GeForce RTX 4090,35,98.7,12,2610.1,24564.0,
2026-09-07T12:26:44.790229+00:00,03_vlm_polymer_real_synth,5,5,4.2,4.4,60.43,47.14,NVIDIA GeForce RTX 4090,35,97.0,14,2610.1,24564.0,
2026-09-07T12:26:54.802281+00:00,03_vlm_polymer_real_synth,5,5,4.2,4.37,60.43,47.14,NVIDIA GeForce RTX 4090,36,99.39,31,2610.1,24564.0,
2026-09-07T12:27:04.814130+00:00,03_vlm_polymer_real_synth,5,5,4.2,4.38,60.43,47.14,NVIDIA GeForce RTX 4090,35,97.39,1,2610.1,24564.0,
2026-09-07T12:27:14.825183+00:00,03_vlm_polymer_real_synth,5,5,4.2,4.42,60.43,47.14,NVIDIA GeForce RTX 4090,35,97.12,14,2610.1,24564.0,
2026-09-07T12:27:24.837165+00:00,03_vlm_polymer_real_synth,5,5,4.2,4.38,60.43,47.14,NVIDIA GeForce RTX 4090,35,101.28,48,2610.1,24564.0,
2026-09-07T12:27:34.848151+00:00,03_vlm_polymer_real_synth,5,5,4.2,4.38,60.43,47.14,NVIDIA GeForce RTX 4090,35,96.84,48,2610.1,24564.0,
2026-09-07T12:27:44.859098+00:00,03_vlm_polymer_real_synth,5,5,4.2,4.39,60.43,47.14,NVIDIA GeForce RTX 4090,35,98.46,24,2610.1,24564.0,
2026-09-07T12:27:54.870861+00:00,03_vlm_polymer_real_synth,5,5,4.2,4.38,60.43,47.14,NVIDIA GeForce RTX 4090,34,96.35,7,2610.1,24564.0,
2026-09-07T12:28:04.881703+00:00,03_vlm_polymer_real_synth,5,5,4.2,4.4,60.43,47.14,NVIDIA GeForce RTX 4090,35,96.68,28,2610.1,24564.0,
2026-09-07T12:28:14.893145+00:00,03_vlm_polymer_real_synth,5,5,4.3,4.44,60.43,47.14,NVIDIA GeForce RTX 4090,35,100.42,59,2610.1,24564.0,
2026-09-07T12:28:24.904514+00:00,03_vlm_polymer_real_synth,5,5,4.2,4.43,60.43,47.14,NVIDIA GeForce RTX 4090,35,98.31,63,2610.1,24564.0,
2026-09-07T12:28:34.915686+00:00,03_vlm_polymer_real_synth,5,5,4.2,4.41,60.43,47.14,NVIDIA GeForce RTX 4090,35,99.52,47,2610.1,24564.0,
2026-09-07T12:28:44.926837+00:00,03_vlm_polymer_real_synth,5,5,4.2,4.42,60.43,47.14,NVIDIA GeForce RTX 4090,37,96.48,68,2610.1,24564.0,
2026-09-07T12:28:54.937539+00:00,03_vlm_polymer_real_synth,5,5,4.2,4.41,60.43,47.14,NVIDIA GeForce RTX 4090,35,99.14,49,2610.1,24564.0,
2026-09-07T12:29:04.948910+00:00,03_vlm_polymer_real_synth,5,5,4.2,4.4,60.43,47.14,NVIDIA GeForce RTX 4090,35,99.04,50,2610.1,24564.0,
2026-09-07T12:29:14.960013+00:00,03_vlm_polymer_real_synth,5,5,4.2,4.39,60.43,47.14,NVIDIA GeForce RTX 4090,35,98.89,0,2610.1,24564.0,
2026-09-07T12:29:24.971754+00:00,03_vlm_polymer_real_synth,5,5,4.2,4.39,60.43,47.14,NVIDIA GeForce RTX 4090,35,96.3,51,2610.1,24564.0,
2026-09-07T12:29:34.983447+00:00,03_vlm_polymer_real_synth,5,5,4.2,4.4,60.43,47.14,NVIDIA GeForce RTX 4090,35,96.75,24,2610.1,24564.0,
2026-09-07T12:29:44.994352+00:00,03_vlm_polymer_real_synth,5,5,4.2,4.41,60.43,47.14,NVIDIA GeForce RTX 4090,35,97.5,18,2610.1,24564.0,
2026-09-07T12:29:55.005383+00:00,03_vlm_polymer_real_synth,5,5,4.2,4.38,60.43,47.14,NVIDIA GeForce RTX 4090,35,98.75,4,2610.1,24564.0,
2026-09-07T12:30:05.016442+00:00,03_vlm_polymer_real_synth,5,5,4.2,4.39,60.43,47.14,NVIDIA GeForce RTX 4090,35,100.28,37,2610.1,24564.0,
2026-09-07T12:30:15.027292+00:00,03_vlm_polymer_real_synth,5,5,4.2,4.44,60.43,47.14,NVIDIA GeForce RTX 4090,34,99.42,50,2610.1,24564.0,
2026-09-07T12:30:25.038375+00:00,03_vlm_polymer_real_synth,5,5,4.2,4.45,60.43,47.14,NVIDIA GeForce RTX 4090,37,103.7,65,2610.1,24564.0,
2026-09-07T12:30:35.049339+00:00,03_vlm_polymer_real_synth,5,5,4.2,4.43,60.43,47.14,NVIDIA GeForce RTX 4090,35,97.06,35,2610.1,24564.0,
2026-09-07T12:30:45.060325+00:00,03_vlm_polymer_real_synth,5,5,4.2,4.47,60.43,47.14,NVIDIA GeForce RTX 4090,35,101.49,37,2610.1,24564.0,
2026-09-07T12:30:55.072308+00:00,03_vlm_polymer_real_synth,5,5,4.2,4.44,60.43,47.14,NVIDIA GeForce RTX 4090,35,90.05,50,2610.1,24564.0,
2026-09-07T12:31:05.083498+00:00,03_vlm_polymer_real_synth,5,5,4.2,4.46,60.43,47.14,NVIDIA GeForce RTX 4090,35,91.45,44,2610.1,24564.0,
2026-09-07T12:31:15.094300+00:00,03_vlm_polymer_real_synth,5,5,4.0,4.45,60.43,47.14,NVIDIA GeForce RTX 4090,35,100.74,48,2610.1,24564.0,
2026-09-07T12:31:25.105344+00:00,03_vlm_polymer_real_synth,5,5,4.2,4.42,60.43,47.14,NVIDIA GeForce RTX 4090,35,97.34,0,2610.1,24564.0,
2026-09-07T12:31:35.116527+00:00,03_vlm_polymer_real_synth,5,5,4.2,4.4,60.43,47.14,NVIDIA GeForce RTX 4090,35,98.93,21,2610.1,24564.0,
2026-09-07T12:31:45.127723+00:00,03_vlm_polymer_real_synth,5,5,4.2,4.42,60.43,47.14,NVIDIA GeForce RTX 4090,34,100.6,47,2610.1,24564.0,
2026-09-07T12:31:55.138696+00:00,03_vlm_polymer_real_synth,5,5,4.2,4.45,60.43,47.14,NVIDIA GeForce RTX 4090,35,97.51,45,2610.1,24564.0,
2026-09-07T12:32:05.149806+00:00,03_vlm_polymer_real_synth,5,5,4.2,4.47,60.43,47.14,NVIDIA GeForce RTX 4090,35,99.51,49,2610.1,24564.0,
2026-09-07T12:32:15.161040+00:00,03_vlm_polymer_real_synth,5,5,4.2,4.43,60.43,47.14,NVIDIA GeForce RTX 4090,35,97.37,28,2610.1,24564.0,
2026-09-07T12:32:25.171891+00:00,03_vlm_polymer_real_synth,5,5,4.2,4.41,60.43,47.14,NVIDIA GeForce RTX 4090,35,97.84,27,2610.1,24564.0,
2026-09-07T12:32:35.183357+00:00,03_vlm_polymer_real_synth,5,5,4.2,4.46,60.43,47.14,NVIDIA GeForce RTX 4090,35,100.61,16,2610.1,24564.0,
2026-09-07T12:32:45.194522+00:00,03_vlm_polymer_real_synth,5,5,4.2,4.42,60.43,47.14,NVIDIA GeForce RTX 4090,35,103.43,61,2610.1,24564.0,
2026-09-07T12:32:55.205397+00:00,03_vlm_polymer_real_synth,5,5,4.2,4.42,60.43,47.14,NVIDIA GeForce RTX 4090,36,100.28,38,2610.1,24564.0,
2026-09-07T12:33:05.216447+00:00,03_vlm_polymer_real_synth,5,5,4.2,4.4,60.43,47.14,NVIDIA GeForce RTX 4090,35,100.15,34,2610.1,24564.0,
2026-09-07T12:33:15.227555+00:00,03_vlm_polymer_real_synth,5,5,4.2,4.38,60.43,47.14,NVIDIA GeForce RTX 4090,36,97.6,8,2610.1,24564.0,
2026-09-07T12:33:25.238668+00:00,03_vlm_polymer_real_synth,5,5,4.2,4.38,60.43,47.14,NVIDIA GeForce RTX 4090,34,98.77,8,2610.1,24564.0,
2026-09-07T12:33:35.249457+00:00,03_vlm_polymer_real_synth,5,5,4.2,4.38,60.43,47.14,NVIDIA GeForce RTX 4090,36,98.26,0,2610.1,24564.0,
2026-09-07T12:33:45.260457+00:00,03_vlm_polymer_real_synth,5,5,4.2,4.38,60.43,47.14,NVIDIA GeForce RTX 4090,35,103.77,64,2610.1,24564.0,
2026-09-07T12:33:55.271546+00:00,03_vlm_polymer_real_synth,5,5,4.2,4.37,60.43,47.14,NVIDIA GeForce RTX 4090,35,99.26,43,2610.1,24564.0,
2026-09-07T12:34:05.282425+00:00,03_vlm_polymer_real_synth,5,5,4.2,4.37,60.43,47.14,NVIDIA GeForce RTX 4090,35,98.94,43,2610.1,24564.0,
2026-09-07T12:34:15.293437+00:00,03_vlm_polymer_real_synth,5,5,4.2,4.37,60.43,47.14,NVIDIA GeForce RTX 4090,34,99.54,38,2610.1,24564.0,
2026-09-07T12:34:25.304373+00:00,03_vlm_polymer_real_synth,5,5,4.2,4.42,60.43,47.14,NVIDIA GeForce RTX 4090,35,99.23,17,2610.1,24564.0,
2026-09-07T12:34:35.316075+00:00,03_vlm_polymer_real_synth,5,5,4.2,4.41,60.43,47.14,NVIDIA GeForce RTX 4090,35,98.16,63,2610.1,24564.0,
2026-09-07T12:34:45.327151+00:00,03_vlm_polymer_real_synth,5,5,4.2,4.42,60.43,47.14,NVIDIA GeForce RTX 4090,35,98.82,45,2610.1,24564.0,
2026-09-07T12:34:55.338382+00:00,03_vlm_polymer_real_synth,5,5,4.2,4.42,60.43,47.14,NVIDIA GeForce RTX 4090,35,99.27,38,2610.1,24564.0,
2026-09-07T12:35:05.349569+00:00,03_vlm_polymer_real_synth,5,5,4.2,4.4,60.43,47.14,NVIDIA GeForce RTX 4090,36,100.66,44,2610.1,24564.0,
2026-09-07T12:35:15.360528+00:00,03_vlm_polymer_real_synth,5,5,4.2,4.38,60.43,47.14,NVIDIA GeForce RTX 4090,35,97.31,48,2610.1,24564.0,
2026-09-07T12:35:25.371449+00:00,03_vlm_polymer_real_synth,5,5,4.2,4.39,60.43,47.14,NVIDIA GeForce RTX 4090,34,99.36,26,2610.1,24564.0,
2026-09-07T12:35:35.382612+00:00,03_vlm_polymer_real_synth,5,5,4.2,4.39,60.43,47.14,NVIDIA GeForce RTX 4090,36,100.07,0,2610.1,24564.0,
2026-09-07T12:35:45.393743+00:00,03_vlm_polymer_real_synth,5,5,4.2,4.39,60.43,47.14,NVIDIA GeForce RTX 4090,35,99.02,58,2610.1,24564.0,
2026-09-07T12:35:55.404550+00:00,03_vlm_polymer_real_synth,5,5,4.2,4.38,60.43,47.14,NVIDIA GeForce RTX 4090,35,96.72,14,2610.1,24564.0,
2026-09-07T12:36:05.416085+00:00,03_vlm_polymer_real_synth,5,5,4.2,4.38,60.43,47.14,NVIDIA GeForce RTX 4090,34,98.24,30,2610.1,24564.0,
2026-09-07T12:36:15.427241+00:00,03_vlm_polymer_real_synth,5,5,4.2,4.37,60.43,47.14,NVIDIA GeForce RTX 4090,34,96.68,29,2610.1,24564.0,
2026-09-07T12:36:25.438053+00:00,03_vlm_polymer_real_synth,5,5,4.2,4.38,60.43,47.14,NVIDIA GeForce RTX 4090,36,96.65,1,2610.1,24564.0,
2026-09-07T12:36:35.449584+00:00,03_vlm_polymer_real_synth,5,5,4.2,4.4,60.43,47.14,NVIDIA GeForce RTX 4090,35,97.06,0,2610.1,24564.0,
2026-09-07T12:36:45.460771+00:00,03_vlm_polymer_real_synth,5,5,4.2,4.38,60.43,47.14,NVIDIA GeForce RTX 4090,35,100.25,57,2610.1,24564.0,
2026-09-07T12:36:55.471858+00:00,03_vlm_polymer_real_synth,5,5,4.2,4.4,60.43,47.14,NVIDIA GeForce RTX 4090,35,99.43,39,2610.1,24564.0,
2026-09-07T12:37:05.483384+00:00,03_vlm_polymer_real_synth,5,5,4.2,4.39,60.43,47.14,NVIDIA GeForce RTX 4090,35,96.59,50,2610.1,24564.0,
2026-09-07T12:37:15.494225+00:00,03_vlm_polymer_real_synth,5,5,4.2,4.38,60.43,47.14,NVIDIA GeForce RTX 4090,36,100.61,18,2610.1,24564.0,
2026-09-07T12:37:25.505720+00:00,03_vlm_polymer_real_synth,5,5,4.2,4.39,60.43,47.14,NVIDIA GeForce RTX 4090,34,98.73,32,2610.1,24564.0,
2026-09-07T12:37:35.517134+00:00,03_vlm_polymer_real_synth,5,5,4.2,4.38,60.43,47.14,NVIDIA GeForce RTX 4090,35,97.88,0,2610.1,24564.0,
2026-09-07T12:37:45.528084+00:00,03_vlm_polymer_real_synth,5,5,4.2,4.38,60.43,47.14,NVIDIA GeForce RTX 4090,35,98.91,14,2610.1,24564.0,
2026-09-07T12:37:55.539307+00:00,03_vlm_polymer_real_synth,5,5,4.2,4.38,60.43,47.14,NVIDIA GeForce RTX 4090,36,99.94,46,2610.1,24564.0,
2026-09-07T12:38:05.550174+00:00,03_vlm_polymer_real_synth,5,5,4.2,4.46,60.43,47.14,NVIDIA GeForce RTX 4090,35,91.19,29,2610.1,24564.0,
2026-09-07T12:38:15.561530+00:00,03_vlm_polymer_real_synth,5,5,4.2,4.44,60.43,47.14,NVIDIA GeForce RTX 4090,35,91.08,29,2610.1,24564.0,
2026-09-07T12:38:25.572630+00:00,03_vlm_polymer_real_synth,5,5,4.2,4.44,60.43,47.14,NVIDIA GeForce RTX 4090,35,96.24,21,2610.1,24564.0,
2026-09-07T12:38:35.583737+00:00,03_vlm_polymer_real_synth,5,5,4.2,4.43,60.43,47.14,NVIDIA GeForce RTX 4090,35,99.84,43,2610.1,24564.0,
2026-09-07T12:38:45.594683+00:00,03_vlm_polymer_real_synth,5,5,4.2,4.43,60.43,47.14,NVIDIA GeForce RTX 4090,35,96.93,8,2610.1,24564.0,
2026-09-07T12:38:55.605625+00:00,03_vlm_polymer_real_synth,5,5,4.2,4.47,60.43,47.14,NVIDIA GeForce RTX 4090,37,98.29,28,2610.1,24564.0,
2026-09-07T12:39:05.616658+00:00,03_vlm_polymer_real_synth,5,5,4.2,4.43,60.43,47.14,NVIDIA GeForce RTX 4090,34,100.38,32,2610.1,24564.0,
2026-09-07T12:39:15.628163+00:00,03_vlm_polymer_real_synth,5,5,4.2,4.42,60.43,47.14,NVIDIA GeForce RTX 4090,35,98.12,50,2610.1,24564.0,
2026-09-07T12:39:25.641159+00:00,03_vlm_polymer_real_synth,5,5,4.2,4.42,60.43,47.14,NVIDIA GeForce RTX 4090,35,96.05,3,2610.1,24564.0,
2026-09-07T12:39:35.652090+00:00,03_vlm_polymer_real_synth,5,5,4.2,4.43,60.43,47.14,NVIDIA GeForce RTX 4090,35,101.09,44,2610.1,24564.0,
2026-09-07T12:39:45.663018+00:00,03_vlm_polymer_real_synth,5,5,4.2,4.43,60.43,47.14,NVIDIA GeForce RTX 4090,36,99.33,44,2610.1,24564.0,
2026-09-07T12:39:55.675279+00:00,03_vlm_polymer_real_synth,5,5,4.2,4.41,60.43,47.14,NVIDIA GeForce RTX 4090,35,96.21,17,2610.1,24564.0,
2026-09-07T12:40:05.686685+00:00,03_vlm_polymer_real_synth,5,5,4.2,4.38,60.43,47.14,NVIDIA GeForce RTX 4090,35,101.44,37,2610.1,24564.0,
2026-09-07T12:40:15.697873+00:00,03_vlm_polymer_real_synth,5,5,4.2,4.37,60.43,47.14,NVIDIA GeForce RTX 4090,34,100.08,43,2610.1,24564.0,
2026-09-07T12:40:25.709834+00:00,03_vlm_polymer_real_synth,5,5,4.2,4.39,60.43,47.14,NVIDIA GeForce RTX 4090,35,100.1,62,2610.1,24564.0,
2026-09-07T12:40:35.720806+00:00,03_vlm_polymer_real_synth,5,5,4.2,4.39,60.43,47.14,NVIDIA GeForce RTX 4090,35,96.0,57,2610.1,24564.0,
2026-09-07T12:40:45.731821+00:00,03_vlm_polymer_real_synth,5,5,4.2,4.37,60.43,47.14,NVIDIA GeForce RTX 4090,35,97.79,66,2610.1,24564.0,
2026-09-07T12:40:55.743005+00:00,03_vlm_polymer_real_synth,5,5,4.2,4.36,60.43,47.14,NVIDIA GeForce RTX 4090,36,99.37,41,2610.1,24564.0,
2026-09-07T12:41:05.754730+00:00,03_vlm_polymer_real_synth,5,5,4.2,4.36,60.43,47.14,NVIDIA GeForce RTX 4090,35,97.02,67,2610.1,24564.0,
2026-09-07T12:41:15.765864+00:00,03_vlm_polymer_real_synth,5,5,4.2,4.39,60.43,47.14,NVIDIA GeForce RTX 4090,35,97.32,62,2610.1,24564.0,
2026-09-07T12:41:25.777218+00:00,03_vlm_polymer_real_synth,5,5,4.2,4.38,60.43,47.14,NVIDIA GeForce RTX 4090,36,99.07,7,2610.1,24564.0,
2026-09-07T12:41:35.788810+00:00,03_vlm_polymer_real_synth,5,5,4.2,4.36,60.43,47.14,NVIDIA GeForce RTX 4090,35,99.67,63,2610.1,24564.0,
2026-09-07T12:41:45.801540+00:00,03_vlm_polymer_real_synth,5,5,4.2,4.36,60.43,47.14,NVIDIA GeForce RTX 4090,35,96.1,0,2610.1,24564.0,
2026-09-07T12:41:55.812507+00:00,03_vlm_polymer_real_synth,5,5,4.2,4.35,60.43,47.14,NVIDIA GeForce RTX 4090,35,103.8,57,2610.1,24564.0,
2026-09-07T12:42:05.823856+00:00,03_vlm_polymer_real_synth,5,5,4.2,4.41,60.43,47.14,NVIDIA GeForce RTX 4090,35,101.54,35,2610.1,24564.0,
2026-09-07T12:42:15.834921+00:00,03_vlm_polymer_real_synth,5,5,4.2,4.39,60.43,47.14,NVIDIA GeForce RTX 4090,35,100.74,17,2610.1,24564.0,
2026-09-07T12:42:25.845850+00:00,03_vlm_polymer_real_synth,5,5,4.2,4.38,60.43,47.14,NVIDIA GeForce RTX 4090,36,98.41,11,2610.1,24564.0,
2026-09-07T12:42:35.857145+00:00,03_vlm_polymer_real_synth,5,5,4.2,4.35,60.43,47.14,NVIDIA GeForce RTX 4090,36,98.71,4,2610.1,24564.0,
2026-09-07T12:42:45.868158+00:00,03_vlm_polymer_real_synth,5,5,4.2,4.38,60.43,47.14,NVIDIA GeForce RTX 4090,36,99.93,32,2610.1,24564.0,
2026-09-07T12:42:55.879206+00:00,03_vlm_polymer_real_synth,5,5,4.2,4.36,60.43,47.14,NVIDIA GeForce RTX 4090,35,101.11,50,2610.1,24564.0,
2026-09-07T12:43:05.892035+00:00,03_vlm_polymer_real_synth,5,5,4.2,4.37,60.43,47.14,NVIDIA GeForce RTX 4090,35,96.38,3,2610.1,24564.0,
2026-09-07T12:43:15.903190+00:00,03_vlm_polymer_real_synth,5,5,4.2,4.42,60.43,47.14,NVIDIA GeForce RTX 4090,35,100.71,32,2610.1,24564.0,
2026-09-07T12:43:25.913868+00:00,03_vlm_polymer_real_synth,5,5,4.2,4.45,60.43,47.14,NVIDIA GeForce RTX 4090,34,97.67,0,2610.1,24564.0,
2026-09-07T12:43:35.926489+00:00,03_vlm_polymer_real_synth,5,5,4.2,4.42,60.43,47.14,NVIDIA GeForce RTX 4090,35,97.18,0,2610.1,24564.0,
2026-09-07T12:43:45.939261+00:00,03_vlm_polymer_real_synth,5,5,4.2,4.42,60.43,47.14,NVIDIA GeForce RTX 4090,37,98.99,41,2610.1,24564.0,
2026-09-07T12:43:55.950545+00:00,03_vlm_polymer_real_synth,5,5,4.2,4.42,60.43,47.14,NVIDIA GeForce RTX 4090,36,101.0,37,2610.1,24564.0,
2026-09-07T12:44:05.961333+00:00,03_vlm_polymer_real_synth,5,5,4.2,4.45,60.43,47.14,NVIDIA GeForce RTX 4090,35,99.13,28,2610.1,24564.0,
2026-09-07T12:44:15.972342+00:00,03_vlm_polymer_real_synth,5,5,4.2,4.46,60.43,47.14,NVIDIA GeForce RTX 4090,35,99.08,25,2610.1,24564.0,
2026-09-07T12:44:25.983836+00:00,03_vlm_polymer_real_synth,5,5,4.2,4.42,60.43,47.14,NVIDIA GeForce RTX 4090,35,103.35,5,2610.1,24564.0,
2026-09-07T12:44:35.995054+00:00,03_vlm_polymer_real_synth,5,5,4.2,4.4,60.43,47.14,NVIDIA GeForce RTX 4090,36,100.69,45,2610.1,24564.0,
2026-09-07T12:44:46.005856+00:00,03_vlm_polymer_real_synth,5,5,4.2,4.4,60.43,47.14,NVIDIA GeForce RTX 4090,36,95.65,55,2610.1,24564.0,
2026-09-07T12:44:56.017053+00:00,03_vlm_polymer_real_synth,5,5,4.2,4.39,60.43,47.14,NVIDIA GeForce RTX 4090,35,97.07,50,2610.1,24564.0,
2026-09-07T12:45:06.029394+00:00,03_vlm_polymer_real_synth,5,5,4.2,4.4,60.43,47.14,NVIDIA GeForce RTX 4090,37,101.09,29,2610.1,24564.0,
2026-09-07T12:45:16.040194+00:00,03_vlm_polymer_real_synth,5,5,4.2,4.38,60.43,47.14,NVIDIA GeForce RTX 4090,36,99.66,61,2610.1,24564.0,
2026-09-07T12:45:26.052408+00:00,03_vlm_polymer_real_synth,5,5,4.2,4.37,60.43,47.14,NVIDIA GeForce RTX 4090,35,90.09,25,2610.1,24564.0,
2026-09-07T12:45:36.063069+00:00,03_vlm_polymer_real_synth,5,5,4.2,4.37,60.43,47.14,NVIDIA GeForce RTX 4090,35,90.83,25,2610.1,24564.0,
2026-09-07T12:45:46.074030+00:00,03_vlm_polymer_real_synth,5,5,4.2,4.37,60.43,47.14,NVIDIA GeForce RTX 4090,35,96.42,6,2610.1,24564.0,
2026-09-07T12:45:56.085128+00:00,03_vlm_polymer_real_synth,5,5,4.2,4.36,60.43,47.14,NVIDIA GeForce RTX 4090,35,102.54,63,2610.1,24564.0,
2026-09-07T12:46:06.096415+00:00,03_vlm_polymer_real_synth,5,5,4.2,4.37,60.43,47.14,NVIDIA GeForce RTX 4090,35,102.33,47,2610.1,24564.0,
2026-09-07T12:46:16.107856+00:00,03_vlm_polymer_real_synth,5,5,4.2,4.36,60.43,47.14,NVIDIA GeForce RTX 4090,34,100.62,35,2610.1,24564.0,
2026-09-07T12:46:26.118783+00:00,03_vlm_polymer_real_synth,5,5,4.2,4.36,60.43,47.14,NVIDIA GeForce RTX 4090,35,99.84,16,2610.1,24564.0,
2026-09-07T12:46:36.130421+00:00,03_vlm_polymer_real_synth,5,5,4.2,4.41,60.43,47.14,NVIDIA GeForce RTX 4090,35,101.86,25,2610.1,24564.0,
2026-09-07T12:46:46.141307+00:00,03_vlm_polymer_real_synth,5,5,4.2,4.41,60.43,47.14,NVIDIA GeForce RTX 4090,34,96.12,63,2610.1,24564.0,
2026-09-07T12:46:56.152332+00:00,03_vlm_polymer_real_synth,5,5,4.2,4.41,60.43,47.14,NVIDIA GeForce RTX 4090,35,99.1,34,2610.1,24564.0,
2026-09-07T12:47:06.163226+00:00,03_vlm_polymer_real_synth,5,5,4.2,4.38,60.43,47.14,NVIDIA GeForce RTX 4090,35,98.25,32,2610.1,24564.0,
2026-09-07T12:47:16.174132+00:00,03_vlm_polymer_real_synth,5,5,4.2,4.37,60.43,47.14,NVIDIA GeForce RTX 4090,36,101.02,34,2610.1,24564.0,
2026-09-07T12:47:26.185047+00:00,03_vlm_polymer_real_synth,5,5,4.2,4.37,60.43,47.14,NVIDIA GeForce RTX 4090,35,98.92,46,2610.1,24564.0,
2026-09-07T12:47:36.196413+00:00,03_vlm_polymer_real_synth,5,5,4.2,4.37,60.43,47.14,NVIDIA GeForce RTX 4090,35,96.31,53,2610.1,24564.0,
2026-09-07T12:47:46.207243+00:00,03_vlm_polymer_real_synth,5,5,4.2,4.38,60.43,47.14,NVIDIA GeForce RTX 4090,36,101.07,14,2610.1,24564.0,
2026-09-07T12:47:56.218248+00:00,03_vlm_polymer_real_synth,5,5,4.2,4.37,60.43,47.14,NVIDIA GeForce RTX 4090,35,100.87,17,2610.1,24564.0,
2026-09-07T12:48:06.229928+00:00,03_vlm_polymer_real_synth,5,5,4.2,4.36,60.43,47.14,NVIDIA GeForce RTX 4090,36,100.13,35,2610.1,24564.0,
2026-09-07T12:48:16.241079+00:00,03_vlm_polymer_real_synth,5,5,4.2,4.37,60.43,47.14,NVIDIA GeForce RTX 4090,35,100.81,11,2610.1,24564.0,
2026-09-07T12:48:26.252245+00:00,03_vlm_polymer_real_synth,5,5,4.2,4.37,60.43,47.14,NVIDIA GeForce RTX 4090,35,98.92,27,2610.1,24564.0,
2026-09-07T12:48:36.263112+00:00,03_vlm_polymer_real_synth,5,5,4.2,4.37,60.43,47.14,NVIDIA GeForce RTX 4090,35,99.03,54,2610.1,24564.0,
2026-09-07T12:48:46.274307+00:00,03_vlm_polymer_real_synth,5,5,4.2,4.37,60.43,47.14,NVIDIA GeForce RTX 4090,36,99.18,69,2610.1,24564.0,
2026-09-07T12:48:56.285691+00:00,03_vlm_polymer_real_synth,5,5,4.2,4.37,60.43,47.14,NVIDIA GeForce RTX 4090,35,98.69,56,2610.1,24564.0,
2026-09-07T12:49:06.296676+00:00,03_vlm_polymer_real_synth,5,5,4.2,4.42,60.43,47.14,NVIDIA GeForce RTX 4090,35,96.41,37,2610.1,24564.0,
2026-09-07T12:49:16.307849+00:00,03_vlm_polymer_real_synth,5,5,4.2,4.4,60.43,47.14,NVIDIA GeForce RTX 4090,36,97.93,35,2610.1,24564.0,
2026-09-07T12:49:26.318817+00:00,03_vlm_polymer_real_synth,5,5,4.2,4.37,60.43,47.14,NVIDIA GeForce RTX 4090,36,99.66,1,2610.1,24564.0,
2026-09-07T12:49:36.331549+00:00,03_vlm_polymer_real_synth,5,5,4.2,4.36,60.43,47.14,NVIDIA GeForce RTX 4090,34,95.94,23,2610.1,24564.0,
2026-09-07T12:49:46.342209+00:00,03_vlm_polymer_real_synth,5,5,4.2,4.36,60.43,47.14,NVIDIA GeForce RTX 4090,35,100.09,64,2610.1,24564.0,
2026-09-07T12:49:56.353154+00:00,03_vlm_polymer_real_synth,5,5,4.2,4.37,60.43,47.14,NVIDIA GeForce RTX 4090,35,98.62,41,2610.1,24564.0,
2026-09-07T12:50:06.364396+00:00,03_vlm_polymer_real_synth,5,5,4.2,4.37,60.43,47.14,NVIDIA GeForce RTX 4090,35,99.3,26,2610.1,24564.0,
2026-09-07T12:50:16.375399+00:00,03_vlm_polymer_real_synth,5,5,4.2,4.37,60.43,47.14,NVIDIA GeForce RTX 4090,34,97.61,22,2610.1,24564.0,
2026-09-07T12:50:26.387069+00:00,03_vlm_polymer_real_synth,5,5,4.2,4.36,60.43,47.14,NVIDIA GeForce RTX 4090,36,100.03,30,2610.1,24564.0,
2026-09-07T12:50:36.398098+00:00,03_vlm_polymer_real_synth,5,5,4.2,4.37,60.43,47.14,NVIDIA GeForce RTX 4090,36,99.0,13,2610.1,24564.0,
2026-09-07T12:50:46.409024+00:00,03_vlm_polymer_real_synth,5,5,4.2,4.36,60.43,47.14,NVIDIA GeForce RTX 4090,36,98.82,44,2610.1,24564.0,
2026-09-07T12:50:56.420168+00:00,03_vlm_polymer_real_synth,5,5,4.2,4.41,60.43,47.14,NVIDIA GeForce RTX 4090,36,99.44,7,2610.1,24564.0,
2026-09-07T12:51:06.431184+00:00,03_vlm_polymer_real_synth,5,5,4.2,4.43,60.43,47.14,NVIDIA GeForce RTX 4090,35,100.15,27,2610.1,24564.0,
2026-09-07T12:51:16.442155+00:00,03_vlm_polymer_real_synth,5,5,4.2,4.46,60.43,47.14,NVIDIA GeForce RTX 4090,35,100.69,55,2610.1,24564.0,
2026-09-07T12:51:26.453219+00:00,03_vlm_polymer_real_synth,5,5,4.2,4.43,60.43,47.14,NVIDIA GeForce RTX 4090,35,103.6,47,2610.1,24564.0,
2026-09-07T12:51:36.464011+00:00,03_vlm_polymer_real_synth,5,5,4.2,4.43,60.43,47.14,NVIDIA GeForce RTX 4090,37,99.31,37,2610.1,24564.0,
2026-09-07T12:51:46.475137+00:00,03_vlm_polymer_real_synth,5,5,4.2,4.43,60.43,47.14,NVIDIA GeForce RTX 4090,35,99.93,58,2610.1,24564.0,
2026-09-07T12:51:56.486165+00:00,03_vlm_polymer_real_synth,5,5,4.2,4.42,60.43,47.14,NVIDIA GeForce RTX 4090,35,96.95,26,2610.1,24564.0,
2026-09-07T12:52:06.497062+00:00,03_vlm_polymer_real_synth,5,5,4.2,4.43,60.43,47.14,NVIDIA GeForce RTX 4090,36,100.42,63,2610.1,24564.0,
2026-09-07T12:52:16.509912+00:00,03_vlm_polymer_real_synth,5,5,4.2,4.43,60.43,47.14,NVIDIA GeForce RTX 4090,35,98.28,27,2610.1,24564.0,
2026-09-07T12:52:26.521190+00:00,03_vlm_polymer_real_synth,5,5,4.2,4.42,60.43,47.14,NVIDIA GeForce RTX 4090,35,98.04,23,2610.1,24564.0,
2026-09-07T12:52:36.531951+00:00,03_vlm_polymer_real_synth,5,5,4.2,4.39,60.43,47.14,NVIDIA GeForce RTX 4090,35,88.39,33,2610.1,24564.0,
2026-09-07T12:52:46.544071+00:00,03_vlm_polymer_real_synth,5,5,4.2,4.39,60.43,47.14,NVIDIA GeForce RTX 4090,35,87.79,25,2610.1,24564.0,
2026-09-07T12:52:56.555176+00:00,03_vlm_polymer_real_synth,5,5,4.2,4.4,60.43,47.14,NVIDIA GeForce RTX 4090,35,99.06,61,2610.1,24564.0,
2026-09-07T12:53:06.566018+00:00,03_vlm_polymer_real_synth,5,5,4.2,4.4,60.43,47.14,NVIDIA GeForce RTX 4090,35,99.04,14,2610.1,24564.0,
2026-09-07T12:53:16.579218+00:00,03_vlm_polymer_real_synth,5,5,4.2,4.4,60.43,47.14,NVIDIA GeForce RTX 4090,36,100.75,33,2610.1,24564.0,
2026-09-07T12:53:26.592734+00:00,03_vlm_polymer_real_synth,5,5,4.2,4.39,60.43,47.14,NVIDIA GeForce RTX 4090,37,99.61,33,2610.1,24564.0,
2026-09-07T12:53:36.603682+00:00,03_vlm_polymer_real_synth,5,5,4.2,4.37,60.43,47.14,NVIDIA GeForce RTX 4090,35,101.31,15,2610.1,24564.0,
2026-09-07T12:53:46.614309+00:00,03_vlm_polymer_real_synth,5,5,4.2,4.39,60.43,47.14,NVIDIA GeForce RTX 4090,35,101.1,17,2610.1,24564.0,
2026-09-07T12:53:56.625307+00:00,03_vlm_polymer_real_synth,5,5,4.2,4.37,60.43,47.14,NVIDIA GeForce RTX 4090,35,99.37,12,2610.1,24564.0,
2026-09-07T12:54:06.636139+00:00,03_vlm_polymer_real_synth,5,5,4.2,4.36,60.43,47.14,NVIDIA GeForce RTX 4090,35,97.84,59,2610.1,24564.0,
2026-09-07T12:54:16.647387+00:00,03_vlm_polymer_real_synth,5,5,4.2,4.36,60.43,47.14,NVIDIA GeForce RTX 4090,35,102.99,35,2610.1,24564.0,
2026-09-07T12:54:26.658499+00:00,03_vlm_polymer_real_synth,5,5,4.2,4.37,60.43,47.14,NVIDIA GeForce RTX 4090,35,102.48,56,2610.1,24564.0,
2026-09-07T12:54:36.669557+00:00,03_vlm_polymer_real_synth,5,5,4.2,4.36,60.43,47.14,NVIDIA GeForce RTX 4090,36,99.16,33,2610.1,24564.0,
2026-09-07T12:54:46.680578+00:00,03_vlm_polymer_real_synth,5,5,4.2,4.41,60.43,47.14,NVIDIA GeForce RTX 4090,35,99.97,35,2610.1,24564.0,
2026-09-07T12:54:56.691663+00:00,03_vlm_polymer_real_synth,5,5,4.2,4.39,60.43,47.14,NVIDIA GeForce RTX 4090,35,96.71,20,2610.1,24564.0,
2026-09-07T12:55:06.702999+00:00,03_vlm_polymer_real_synth,5,5,4.2,4.38,60.43,47.14,NVIDIA GeForce RTX 4090,35,96.82,63,2610.1,24564.0,
2026-09-07T12:55:16.714153+00:00,03_vlm_polymer_real_synth,5,5,4.2,4.37,60.43,47.14,NVIDIA GeForce RTX 4090,35,98.55,35,2610.1,24564.0,
2026-09-07T12:55:26.725335+00:00,03_vlm_polymer_real_synth,5,5,4.2,4.37,60.43,47.14,NVIDIA GeForce RTX 4090,35,96.59,51,2610.1,24564.0,
2026-09-07T12:55:36.736185+00:00,03_vlm_polymer_real_synth,5,5,4.2,4.39,60.43,47.14,NVIDIA GeForce RTX 4090,35,100.81,11,2610.1,24564.0,
2026-09-07T12:55:46.747180+00:00,03_vlm_polymer_real_synth,5,5,4.2,4.39,60.43,47.14,NVIDIA GeForce RTX 4090,37,97.5,37,2610.1,24564.0,
2026-09-07T12:55:56.758283+00:00,03_vlm_polymer_real_synth,5,5,4.2,4.39,60.43,47.14,NVIDIA GeForce RTX 4090,37,102.75,40,2610.1,24564.0,
2026-09-07T12:56:06.769703+00:00,03_vlm_polymer_real_synth,5,5,4.2,4.38,60.43,47.14,NVIDIA GeForce RTX 4090,35,96.73,57,2610.1,24564.0,
2026-09-07T12:56:16.780535+00:00,03_vlm_polymer_real_synth,5,5,4.2,4.38,60.43,47.14,NVIDIA GeForce RTX 4090,36,100.14,46,2610.1,24564.0,
2026-09-07T12:56:26.791801+00:00,03_vlm_polymer_real_synth,5,5,4.2,4.38,60.43,47.14,NVIDIA GeForce RTX 4090,35,97.87,17,2610.1,24564.0,
2026-09-07T12:56:36.803476+00:00,03_vlm_polymer_real_synth,5,5,4.2,4.37,60.43,47.14,NVIDIA GeForce RTX 4090,35,96.89,61,2610.1,24564.0,
2026-09-07T12:56:46.814484+00:00,03_vlm_polymer_real_synth,5,5,4.2,4.43,60.43,47.14,NVIDIA GeForce RTX 4090,36,100.81,32,2610.1,24564.0,
2026-09-07T12:56:56.825428+00:00,03_vlm_polymer_real_synth,5,5,4.2,4.46,60.43,47.14,NVIDIA GeForce RTX 4090,36,100.68,3,2610.1,24564.0,
2026-09-07T12:57:06.836420+00:00,03_vlm_polymer_real_synth,5,5,4.2,4.42,60.43,47.14,NVIDIA GeForce RTX 4090,35,96.81,69,2610.1,24564.0,
2026-09-07T12:57:16.848157+00:00,03_vlm_polymer_real_synth,5,5,4.2,4.4,60.43,47.14,NVIDIA GeForce RTX 4090,35,100.89,24,2610.1,24564.0,
2026-09-07T12:57:26.858856+00:00,03_vlm_polymer_real_synth,5,5,4.2,4.42,60.43,47.14,NVIDIA GeForce RTX 4090,35,97.08,43,2610.1,24564.0,
2026-09-07T12:57:36.870149+00:00,03_vlm_polymer_real_synth,5,5,4.2,4.41,60.43,47.14,NVIDIA GeForce RTX 4090,36,101.14,9,2610.1,24564.0,
2026-09-07T12:57:46.881187+00:00,03_vlm_polymer_real_synth,5,5,4.2,4.39,60.43,47.14,NVIDIA GeForce RTX 4090,36,97.31,7,2610.1,24564.0,
2026-09-07T12:57:56.892048+00:00,03_vlm_polymer_real_synth,5,5,4.2,4.43,60.43,47.14,NVIDIA GeForce RTX 4090,35,99.86,43,2610.1,24564.0,
2026-09-07T12:58:06.903154+00:00,03_vlm_polymer_real_synth,5,5,4.2,4.4,60.43,47.14,NVIDIA GeForce RTX 4090,36,97.61,8,2610.1,24564.0,
2026-09-07T12:58:16.914186+00:00,03_vlm_polymer_real_synth,5,5,4.2,4.38,60.43,47.14,NVIDIA GeForce RTX 4090,36,98.08,30,2610.1,24564.0,
2026-09-07T12:58:26.924911+00:00,03_vlm_polymer_real_synth,5,5,4.2,4.37,60.43,47.14,NVIDIA GeForce RTX 4090,34,98.17,64,2610.1,24564.0,
2026-09-07T12:58:36.935939+00:00,03_vlm_polymer_real_synth,5,5,4.2,4.36,60.43,47.14,NVIDIA GeForce RTX 4090,37,97.46,0,2610.1,24564.0,
2026-09-07T12:58:46.947235+00:00,03_vlm_polymer_real_synth,5,5,4.2,4.37,60.43,47.14,NVIDIA GeForce RTX 4090,35,97.08,18,2610.1,24564.0,
2026-09-07T12:58:56.959859+00:00,03_vlm_polymer_real_synth,5,5,4.2,4.36,60.43,47.14,NVIDIA GeForce RTX 4090,35,100.16,26,2610.1,24564.0,
2026-09-07T12:59:06.970770+00:00,03_vlm_polymer_real_synth,5,5,4.2,4.41,60.43,47.14,NVIDIA GeForce RTX 4090,37,99.82,8,2610.1,24564.0,
2026-09-07T12:59:16.981801+00:00,03_vlm_polymer_real_synth,5,5,4.2,4.4,60.43,47.14,NVIDIA GeForce RTX 4090,35,98.65,36,2610.1,24564.0,
2026-09-07T12:59:26.992833+00:00,03_vlm_polymer_real_synth,5,5,4.2,4.38,60.43,47.14,NVIDIA GeForce RTX 4090,35,96.87,38,2610.1,24564.0,
2026-09-07T12:59:37.004198+00:00,03_vlm_polymer_real_synth,5,5,4.2,4.37,60.43,47.14,NVIDIA GeForce RTX 4090,35,98.83,42,2610.1,24564.0,
2026-09-07T12:59:47.015820+00:00,03_vlm_polymer_real_synth,5,5,4.2,4.38,60.43,47.14,NVIDIA GeForce RTX 4090,35,98.83,19,2610.1,24564.0,
2026-09-07T12:59:57.026866+00:00,03_vlm_polymer_real_synth,5,5,4.2,4.38,60.43,47.14,NVIDIA GeForce RTX 4090,34,89.69,29,2610.1,24564.0,
2026-09-07T13:00:07.037762+00:00,03_vlm_polymer_real_synth,5,5,4.2,4.38,60.43,47.14,NVIDIA GeForce RTX 4090,35,92.27,31,2610.1,24564.0,
2026-09-07T13:00:17.049150+00:00,03_vlm_polymer_real_synth,5,5,3.4,4.44,60.43,47.14,NVIDIA GeForce RTX 4090,35,91.34,40,3228.1,24564.0,
2026-09-07T13:00:27.060067+00:00,03_vlm_polymer_real_synth,5,5,4.2,4.43,60.43,47.14,NVIDIA GeForce RTX 4090,34,91.76,34,3228.1,24564.0,
2026-09-07T13:00:37.071736+00:00,03_vlm_polymer_real_synth,6,6,3.4,4.36,60.43,47.14,NVIDIA GeForce RTX 4090,34,99.2,63,2610.1,24564.0,
2026-09-07T13:00:47.084568+00:00,03_vlm_polymer_real_synth,6,6,4.2,4.35,60.43,47.14,NVIDIA GeForce RTX 4090,35,103.42,45,2610.1,24564.0,
2026-09-07T13:00:57.095561+00:00,03_vlm_polymer_real_synth,6,6,4.2,4.35,60.43,47.14,NVIDIA GeForce RTX 4090,36,99.92,36,2610.1,24564.0,
2026-09-07T13:01:07.106675+00:00,03_vlm_polymer_real_synth,6,6,4.2,4.35,60.43,47.14,NVIDIA GeForce RTX 4090,35,100.38,60,2610.1,24564.0,
2026-09-07T13:01:17.117635+00:00,03_vlm_polymer_real_synth,6,6,4.2,4.35,60.43,47.14,NVIDIA GeForce RTX 4090,35,98.71,16,2610.1,24564.0,
2026-09-07T13:01:27.129835+00:00,03_vlm_polymer_real_synth,6,6,4.2,4.37,60.43,47.14,NVIDIA GeForce RTX 4090,34,100.21,38,2610.1,24564.0,
2026-09-07T13:01:37.140619+00:00,03_vlm_polymer_real_synth,6,6,4.2,4.37,60.43,47.14,NVIDIA GeForce RTX 4090,35,100.47,8,2610.1,24564.0,
2026-09-07T13:01:47.151799+00:00,03_vlm_polymer_real_synth,6,6,4.2,4.36,60.43,47.14,NVIDIA GeForce RTX 4090,34,96.91,19,2610.1,24564.0,
2026-09-07T13:01:57.162502+00:00,03_vlm_polymer_real_synth,6,6,4.2,4.33,60.43,47.14,NVIDIA GeForce RTX 4090,35,96.29,18,2610.1,24564.0,
2026-09-07T13:02:07.173492+00:00,03_vlm_polymer_real_synth,6,6,4.2,4.37,60.43,47.14,NVIDIA GeForce RTX 4090,35,103.27,43,2610.1,24564.0,
2026-09-07T13:02:17.184659+00:00,03_vlm_polymer_real_synth,6,6,4.2,4.34,60.43,47.14,NVIDIA GeForce RTX 4090,35,96.68,57,2610.1,24564.0,
2026-09-07T13:02:27.195783+00:00,03_vlm_polymer_real_synth,6,6,4.2,4.34,60.43,47.14,NVIDIA GeForce RTX 4090,35,97.9,16,2610.1,24564.0,
2026-09-07T13:02:37.206787+00:00,03_vlm_polymer_real_synth,6,6,4.2,4.34,60.43,47.14,NVIDIA GeForce RTX 4090,35,101.02,44,2610.1,24564.0,
2026-09-07T13:02:47.217798+00:00,03_vlm_polymer_real_synth,6,6,4.2,4.37,60.43,47.14,NVIDIA GeForce RTX 4090,34,97.29,23,2610.1,24564.0,
2026-09-07T13:02:57.229031+00:00,03_vlm_polymer_real_synth,6,6,4.2,4.35,60.43,47.14,NVIDIA GeForce RTX 4090,35,96.63,25,2610.1,24564.0,
2026-09-07T13:03:07.240104+00:00,03_vlm_polymer_real_synth,6,6,4.2,4.35,60.43,47.14,NVIDIA GeForce RTX 4090,35,101.62,12,2610.1,24564.0,
2026-09-07T13:03:17.251274+00:00,03_vlm_polymer_real_synth,6,6,4.2,4.38,60.43,47.14,NVIDIA GeForce RTX 4090,35,100.42,29,2610.1,24564.0,
2026-09-07T13:03:27.262137+00:00,03_vlm_polymer_real_synth,6,6,4.2,4.34,60.43,47.14,NVIDIA GeForce RTX 4090,36,100.77,38,2610.1,24564.0,
2026-09-07T13:03:37.273175+00:00,03_vlm_polymer_real_synth,6,6,4.2,4.35,60.43,47.14,NVIDIA GeForce RTX 4090,37,99.75,15,2610.1,24564.0,
2026-09-07T13:03:47.284066+00:00,03_vlm_polymer_real_synth,6,6,4.2,4.37,60.43,47.14,NVIDIA GeForce RTX 4090,35,99.32,30,2610.1,24564.0,
2026-09-07T13:03:57.295195+00:00,03_vlm_polymer_real_synth,6,6,4.2,4.33,60.43,47.14,NVIDIA GeForce RTX 4090,36,100.08,26,2610.1,24564.0,
2026-09-07T13:04:07.306050+00:00,03_vlm_polymer_real_synth,6,6,4.2,4.35,60.43,47.14,NVIDIA GeForce RTX 4090,35,96.04,0,2610.1,24564.0,
2026-09-07T13:04:17.317361+00:00,03_vlm_polymer_real_synth,6,6,4.2,4.33,60.43,47.14,NVIDIA GeForce RTX 4090,35,96.28,13,2610.1,24564.0,
2026-09-07T13:04:27.328314+00:00,03_vlm_polymer_real_synth,6,6,4.2,4.34,60.43,47.14,NVIDIA GeForce RTX 4090,35,99.27,27,2610.1,24564.0,
2026-09-07T13:04:37.339345+00:00,03_vlm_polymer_real_synth,6,6,4.2,4.36,60.43,47.14,NVIDIA GeForce RTX 4090,34,98.08,20,2610.1,24564.0,
2026-09-07T13:04:47.350275+00:00,03_vlm_polymer_real_synth,6,6,4.2,4.34,60.43,47.14,NVIDIA GeForce RTX 4090,35,99.27,49,2610.1,24564.0,
2026-09-07T13:04:57.361309+00:00,03_vlm_polymer_real_synth,6,6,4.2,4.35,60.43,47.14,NVIDIA GeForce RTX 4090,36,100.31,8,2610.1,24564.0,
2026-09-07T13:05:07.374720+00:00,03_vlm_polymer_real_synth,6,6,4.2,4.33,60.43,47.14,NVIDIA GeForce RTX 4090,35,102.42,13,2610.1,24564.0,
2026-09-07T13:05:17.385759+00:00,03_vlm_polymer_real_synth,6,6,4.2,4.34,60.43,47.14,NVIDIA GeForce RTX 4090,35,96.27,52,2610.1,24564.0,
2026-09-07T13:05:27.396855+00:00,03_vlm_polymer_real_synth,6,6,4.2,4.37,60.43,47.14,NVIDIA GeForce RTX 4090,35,96.47,63,2610.1,24564.0,
2026-09-07T13:05:37.408157+00:00,03_vlm_polymer_real_synth,6,6,4.2,4.36,60.43,47.14,NVIDIA GeForce RTX 4090,35,101.41,9,2610.1,24564.0,
2026-09-07T13:05:47.419056+00:00,03_vlm_polymer_real_synth,6,6,4.2,4.35,60.43,47.14,NVIDIA GeForce RTX 4090,35,98.92,35,2610.1,24564.0,
2026-09-07T13:05:57.430029+00:00,03_vlm_polymer_real_synth,6,6,4.2,4.34,60.43,47.14,NVIDIA GeForce RTX 4090,36,96.39,63,2610.1,24564.0,
2026-09-07T13:06:07.440987+00:00,03_vlm_polymer_real_synth,6,6,4.2,4.32,60.43,47.14,NVIDIA GeForce RTX 4090,35,100.04,23,2610.1,24564.0,
2026-09-07T13:06:17.451948+00:00,03_vlm_polymer_real_synth,6,6,4.2,4.33,60.43,47.14,NVIDIA GeForce RTX 4090,35,98.32,43,2610.1,24564.0,
2026-09-07T13:06:27.462946+00:00,03_vlm_polymer_real_synth,6,6,4.2,4.34,60.43,47.14,NVIDIA GeForce RTX 4090,36,96.83,52,2610.1,24564.0,
2026-09-07T13:06:37.474673+00:00,03_vlm_polymer_real_synth,6,6,4.2,4.36,60.43,47.14,NVIDIA GeForce RTX 4090,35,101.35,40,2610.1,24564.0,
2026-09-07T13:06:47.486029+00:00,03_vlm_polymer_real_synth,6,6,4.2,4.34,60.43,47.14,NVIDIA GeForce RTX 4090,36,103.64,23,2610.1,24564.0,
2026-09-07T13:06:57.496826+00:00,03_vlm_polymer_real_synth,6,6,4.2,4.31,60.43,47.14,NVIDIA GeForce RTX 4090,36,100.45,56,2610.1,24564.0,
2026-09-07T13:07:07.509868+00:00,03_vlm_polymer_real_synth,6,6,4.2,4.4,60.43,47.14,NVIDIA GeForce RTX 4090,35,96.57,8,2610.1,24564.0,
2026-09-07T13:07:17.520871+00:00,03_vlm_polymer_real_synth,6,6,4.2,4.38,60.43,47.14,NVIDIA GeForce RTX 4090,35,97.06,45,2610.1,24564.0,
2026-09-07T13:07:27.531835+00:00,03_vlm_polymer_real_synth,6,6,4.2,4.45,60.43,47.14,NVIDIA GeForce RTX 4090,35,91.94,32,2610.1,24564.0,
2026-09-07T13:07:37.542707+00:00,03_vlm_polymer_real_synth,6,6,4.2,4.41,60.43,47.14,NVIDIA GeForce RTX 4090,35,91.43,34,2610.1,24564.0,
2026-09-07T13:07:47.553747+00:00,03_vlm_polymer_real_synth,6,6,4.0,4.49,60.43,47.13,NVIDIA GeForce RTX 4090,37,100.16,40,2610.1,24564.0,
2026-09-07T13:07:57.564663+00:00,03_vlm_polymer_real_synth,6,6,4.2,4.47,60.43,47.13,NVIDIA GeForce RTX 4090,34,99.16,33,2610.1,24564.0,
2026-09-07T13:08:07.575665+00:00,03_vlm_polymer_real_synth,6,6,4.2,4.44,60.43,47.13,NVIDIA GeForce RTX 4090,35,100.9,63,2610.1,24564.0,
2026-09-07T13:08:17.587959+00:00,03_vlm_polymer_real_synth,6,6,4.2,4.41,60.43,47.13,NVIDIA GeForce RTX 4090,35,100.89,22,2610.1,24564.0,
2026-09-07T13:08:27.599321+00:00,03_vlm_polymer_real_synth,6,6,4.2,4.42,60.43,47.13,NVIDIA GeForce RTX 4090,35,96.73,56,2610.1,24564.0,
2026-09-07T13:08:37.610033+00:00,03_vlm_polymer_real_synth,6,6,4.2,4.42,60.43,47.13,NVIDIA GeForce RTX 4090,35,102.5,17,2610.1,24564.0,
2026-09-07T13:08:47.621032+00:00,03_vlm_polymer_real_synth,6,6,4.2,4.41,60.43,47.13,NVIDIA GeForce RTX 4090,35,98.8,45,2610.1,24564.0,
2026-09-07T13:08:57.632156+00:00,03_vlm_polymer_real_synth,6,6,4.2,4.41,60.43,47.13,NVIDIA GeForce RTX 4090,34,99.67,27,2610.1,24564.0,
2026-09-07T13:09:07.643965+00:00,03_vlm_polymer_real_synth,6,6,4.2,4.43,60.43,47.13,NVIDIA GeForce RTX 4090,35,100.59,19,2610.1,24564.0,
2026-09-07T13:09:17.655338+00:00,03_vlm_polymer_real_synth,6,6,4.2,4.44,60.43,47.13,NVIDIA GeForce RTX 4090,35,100.34,29,2610.1,24564.0,
2026-09-07T13:09:27.666243+00:00,03_vlm_polymer_real_synth,6,6,4.2,4.42,60.43,47.13,NVIDIA GeForce RTX 4090,36,98.36,0,2610.1,24564.0,
2026-09-07T13:09:37.676998+00:00,03_vlm_polymer_real_synth,6,6,4.2,4.42,60.43,47.13,NVIDIA GeForce RTX 4090,35,99.8,49,2610.1,24564.0,
2026-09-07T13:09:47.688449+00:00,03_vlm_polymer_real_synth,6,6,4.2,4.47,60.43,47.13,NVIDIA GeForce RTX 4090,34,100.66,27,2610.1,24564.0,
2026-09-07T13:09:57.699421+00:00,03_vlm_polymer_real_synth,6,6,4.2,4.4,60.43,47.13,NVIDIA GeForce RTX 4090,35,101.08,36,2610.1,24564.0,
2026-09-07T13:10:07.710278+00:00,03_vlm_polymer_real_synth,6,6,4.2,4.39,60.43,47.13,NVIDIA GeForce RTX 4090,34,97.08,25,2610.1,24564.0,
2026-09-07T13:10:17.721639+00:00,03_vlm_polymer_real_synth,6,6,4.2,4.41,60.43,47.13,NVIDIA GeForce RTX 4090,35,101.29,54,2610.1,24564.0,
2026-09-07T13:10:27.733496+00:00,03_vlm_polymer_real_synth,6,6,4.2,4.39,60.43,47.13,NVIDIA GeForce RTX 4090,35,97.59,8,2610.1,24564.0,
2026-09-07T13:10:37.744517+00:00,03_vlm_polymer_real_synth,6,6,4.2,4.41,60.43,47.13,NVIDIA GeForce RTX 4090,35,100.28,55,2610.1,24564.0,
2026-09-07T13:10:47.755737+00:00,03_vlm_polymer_real_synth,6,6,4.2,4.43,60.43,47.13,NVIDIA GeForce RTX 4090,36,101.0,33,2610.1,24564.0,
2026-09-07T13:10:57.766573+00:00,03_vlm_polymer_real_synth,6,6,4.2,4.4,60.43,47.13,NVIDIA GeForce RTX 4090,35,101.75,62,2610.1,24564.0,
2026-09-07T13:11:07.777607+00:00,03_vlm_polymer_real_synth,6,6,4.2,4.42,60.43,47.13,NVIDIA GeForce RTX 4090,36,100.16,35,2610.1,24564.0,
2026-09-07T13:11:17.788553+00:00,03_vlm_polymer_real_synth,6,6,4.2,4.42,60.43,47.13,NVIDIA GeForce RTX 4090,35,99.22,16,2610.1,24564.0,
2026-09-07T13:11:27.799635+00:00,03_vlm_polymer_real_synth,6,6,4.2,4.37,60.43,47.13,NVIDIA GeForce RTX 4090,36,98.6,49,2610.1,24564.0,
2026-09-07T13:11:37.810647+00:00,03_vlm_polymer_real_synth,6,6,4.2,4.4,60.43,47.13,NVIDIA GeForce RTX 4090,35,96.83,42,2610.1,24564.0,
2026-09-07T13:11:47.821389+00:00,03_vlm_polymer_real_synth,6,6,4.2,4.42,60.43,47.13,NVIDIA GeForce RTX 4090,36,97.27,48,2610.1,24564.0,
2026-09-07T13:11:57.832414+00:00,03_vlm_polymer_real_synth,6,6,4.2,4.43,60.43,47.13,NVIDIA GeForce RTX 4090,36,98.12,43,2610.1,24564.0,
2026-09-07T13:12:07.843837+00:00,03_vlm_polymer_real_synth,6,6,4.2,4.43,60.43,47.13,NVIDIA GeForce RTX 4090,35,99.36,0,2610.1,24564.0,
2026-09-07T13:12:17.857199+00:00,03_vlm_polymer_real_synth,6,6,4.2,4.46,60.43,47.13,NVIDIA GeForce RTX 4090,34,100.2,43,2610.1,24564.0,
2026-09-07T13:12:27.868295+00:00,03_vlm_polymer_real_synth,6,6,4.2,4.43,60.43,47.13,NVIDIA GeForce RTX 4090,35,99.15,36,2610.1,24564.0,
2026-09-07T13:12:37.879213+00:00,03_vlm_polymer_real_synth,6,6,4.2,4.44,60.43,47.13,NVIDIA GeForce RTX 4090,35,100.14,52,2610.1,24564.0,
2026-09-07T13:12:47.890339+00:00,03_vlm_polymer_real_synth,6,6,4.2,4.44,60.43,47.13,NVIDIA GeForce RTX 4090,35,100.42,53,2610.1,24564.0,
2026-09-07T13:12:57.901623+00:00,03_vlm_polymer_real_synth,6,6,4.2,4.44,60.43,47.13,NVIDIA GeForce RTX 4090,35,98.02,33,2610.1,24564.0,
2026-09-07T13:13:07.912571+00:00,03_vlm_polymer_real_synth,6,6,4.2,4.52,60.43,47.13,NVIDIA GeForce RTX 4090,35,96.02,60,2610.1,24564.0,
2026-09-07T13:13:17.924688+00:00,03_vlm_polymer_real_synth,6,6,4.2,4.45,60.43,47.13,NVIDIA GeForce RTX 4090,35,98.92,59,2610.1,24564.0,
2026-09-07T13:13:27.936010+00:00,03_vlm_polymer_real_synth,6,6,4.2,4.49,60.43,47.13,NVIDIA GeForce RTX 4090,35,99.43,29,2610.1,24564.0,
2026-09-07T13:13:37.949506+00:00,03_vlm_polymer_real_synth,6,6,4.2,4.45,60.43,47.13,NVIDIA GeForce RTX 4090,36,102.02,1,2610.1,24564.0,
2026-09-07T13:13:47.960775+00:00,03_vlm_polymer_real_synth,6,6,4.2,4.47,60.43,47.13,NVIDIA GeForce RTX 4090,35,97.44,67,2610.1,24564.0,
2026-09-07T13:13:57.972102+00:00,03_vlm_polymer_real_synth,6,6,4.2,4.44,60.43,47.13,NVIDIA GeForce RTX 4090,36,102.19,4,2610.1,24564.0,
2026-09-07T13:14:07.983123+00:00,03_vlm_polymer_real_synth,6,6,4.2,4.44,60.43,47.13,NVIDIA GeForce RTX 4090,36,96.59,1,2610.1,24564.0,
2026-09-07T13:14:17.995213+00:00,03_vlm_polymer_real_synth,6,6,4.2,4.42,60.43,47.13,NVIDIA GeForce RTX 4090,35,96.92,30,2610.1,24564.0,
2026-09-07T13:14:28.006109+00:00,03_vlm_polymer_real_synth,6,6,4.2,4.41,60.43,47.13,NVIDIA GeForce RTX 4090,36,98.41,0,2610.1,24564.0,
2026-09-07T13:14:38.017186+00:00,03_vlm_polymer_real_synth,6,6,4.2,4.4,60.43,47.13,NVIDIA GeForce RTX 4090,36,91.46,29,2610.1,24564.0,
2026-09-07T13:14:48.028196+00:00,03_vlm_polymer_real_synth,6,6,4.2,4.4,60.43,47.13,NVIDIA GeForce RTX 4090,34,89.74,29,2610.1,24564.0,
2026-09-07T13:14:58.039236+00:00,03_vlm_polymer_real_synth,6,6,4.2,4.46,60.43,47.13,NVIDIA GeForce RTX 4090,34,100.5,50,2610.1,24564.0,
2026-09-07T13:15:08.050489+00:00,03_vlm_polymer_real_synth,6,6,4.2,4.46,60.43,47.13,NVIDIA GeForce RTX 4090,35,97.47,24,2610.1,24564.0,
2026-09-07T13:15:18.061323+00:00,03_vlm_polymer_real_synth,6,6,4.2,4.46,60.43,47.13,NVIDIA GeForce RTX 4090,36,96.71,48,2610.1,24564.0,
2026-09-07T13:15:28.072084+00:00,03_vlm_polymer_real_synth,6,6,4.2,4.4,60.43,47.13,NVIDIA GeForce RTX 4090,35,96.64,62,2610.1,24564.0,
2026-09-07T13:15:38.084245+00:00,03_vlm_polymer_real_synth,6,6,4.2,4.39,60.43,47.13,NVIDIA GeForce RTX 4090,36,101.1,21,2610.1,24564.0,
2026-09-07T13:15:48.095198+00:00,03_vlm_polymer_real_synth,6,6,4.2,4.4,60.43,47.13,NVIDIA GeForce RTX 4090,36,100.56,61,2610.1,24564.0,
2026-09-07T13:15:58.106052+00:00,03_vlm_polymer_real_synth,6,6,4.2,4.41,60.43,47.13,NVIDIA GeForce RTX 4090,36,99.93,23,2610.1,24564.0,
2026-09-07T13:16:08.119646+00:00,03_vlm_polymer_real_synth,6,6,4.2,4.4,60.43,47.13,NVIDIA GeForce RTX 4090,35,101.65,30,2610.1,24564.0,
2026-09-07T13:16:18.130409+00:00,03_vlm_polymer_real_synth,6,6,4.2,4.38,60.43,47.13,NVIDIA GeForce RTX 4090,35,99.53,5,2610.1,24564.0,
2026-09-07T13:16:28.143295+00:00,03_vlm_polymer_real_synth,6,6,4.2,4.39,60.43,47.13,NVIDIA GeForce RTX 4090,35,103.53,11,2610.1,24564.0,
2026-09-07T13:16:38.154242+00:00,03_vlm_polymer_real_synth,6,6,4.2,4.37,60.43,47.13,NVIDIA GeForce RTX 4090,36,100.17,25,2610.1,24564.0,
2026-09-07T13:16:48.166661+00:00,03_vlm_polymer_real_synth,6,6,4.2,4.4,60.43,47.13,NVIDIA GeForce RTX 4090,35,96.53,48,2610.1,24564.0,
2026-09-07T13:16:58.177815+00:00,03_vlm_polymer_real_synth,6,6,4.2,4.46,60.43,47.13,NVIDIA GeForce RTX 4090,35,98.5,0,2610.1,24564.0,
2026-09-07T13:17:08.188683+00:00,03_vlm_polymer_real_synth,6,6,4.2,4.46,60.43,47.13,NVIDIA GeForce RTX 4090,35,96.96,58,2610.1,24564.0,
2026-09-07T13:17:18.199803+00:00,03_vlm_polymer_real_synth,6,6,4.2,4.43,60.43,47.13,NVIDIA GeForce RTX 4090,35,99.14,5,2610.1,24564.0,
2026-09-07T13:17:28.210792+00:00,03_vlm_polymer_real_synth,6,6,4.2,4.42,60.43,47.13,NVIDIA GeForce RTX 4090,36,95.97,3,2610.1,24564.0,
2026-09-07T13:17:38.221408+00:00,03_vlm_polymer_real_synth,6,6,4.2,4.43,60.43,47.13,NVIDIA GeForce RTX 4090,35,98.14,21,2610.1,24564.0,
2026-09-07T13:17:48.232659+00:00,03_vlm_polymer_real_synth,6,6,4.2,4.42,60.43,47.13,NVIDIA GeForce RTX 4090,37,99.38,39,2610.1,24564.0,
2026-09-07T13:17:58.243945+00:00,03_vlm_polymer_real_synth,6,6,4.2,4.41,60.43,47.13,NVIDIA GeForce RTX 4090,35,96.8,7,2610.1,24564.0,
2026-09-07T13:18:08.255057+00:00,03_vlm_polymer_real_synth,6,6,4.2,4.41,60.43,47.13,NVIDIA GeForce RTX 4090,35,100.94,37,2610.1,24564.0,
2026-09-07T13:18:18.266019+00:00,03_vlm_polymer_real_synth,6,6,4.2,4.4,60.43,47.13,NVIDIA GeForce RTX 4090,37,99.65,39,2610.1,24564.0,
2026-09-07T13:18:28.277053+00:00,03_vlm_polymer_real_synth,6,6,4.2,4.41,60.43,47.13,NVIDIA GeForce RTX 4090,36,100.44,18,2610.1,24564.0,
2026-09-07T13:18:38.288248+00:00,03_vlm_polymer_real_synth,6,6,4.2,4.41,60.43,47.13,NVIDIA GeForce RTX 4090,36,100.33,31,2610.1,24564.0,
2026-09-07T13:18:48.299105+00:00,03_vlm_polymer_real_synth,6,6,4.2,4.42,60.43,47.13,NVIDIA GeForce RTX 4090,36,100.96,20,2610.1,24564.0,
2026-09-07T13:18:58.310083+00:00,03_vlm_polymer_real_synth,6,6,4.2,4.44,60.43,47.13,NVIDIA GeForce RTX 4090,36,103.71,15,2610.1,24564.0,
2026-09-07T13:19:08.321194+00:00,03_vlm_polymer_real_synth,6,6,4.2,4.4,60.43,47.13,NVIDIA GeForce RTX 4090,36,100.8,30,2610.1,24564.0,
2026-09-07T13:19:18.332030+00:00,03_vlm_polymer_real_synth,6,6,4.2,4.43,60.43,47.13,NVIDIA GeForce RTX 4090,35,97.21,53,2610.1,24564.0,
2026-09-07T13:19:28.343314+00:00,03_vlm_polymer_real_synth,6,6,4.2,4.36,60.43,47.13,NVIDIA GeForce RTX 4090,36,101.7,27,2610.1,24564.0,
2026-09-07T13:19:38.354277+00:00,03_vlm_polymer_real_synth,6,6,4.2,4.36,60.43,47.13,NVIDIA GeForce RTX 4090,35,96.49,55,2610.1,24564.0,
2026-09-07T13:19:48.365286+00:00,03_vlm_polymer_real_synth,6,6,4.2,4.37,60.43,47.13,NVIDIA GeForce RTX 4090,36,103.5,63,2610.1,24564.0,
2026-09-07T13:19:58.377043+00:00,03_vlm_polymer_real_synth,6,6,4.2,4.37,60.43,47.13,NVIDIA GeForce RTX 4090,35,100.11,50,2610.1,24564.0,
2026-09-07T13:20:08.388054+00:00,03_vlm_polymer_real_synth,6,6,4.2,4.37,60.43,47.13,NVIDIA GeForce RTX 4090,36,99.63,21,2610.1,24564.0,
2026-09-07T13:20:18.399048+00:00,03_vlm_polymer_real_synth,6,6,4.2,4.37,60.43,47.13,NVIDIA GeForce RTX 4090,35,99.57,54,2610.1,24564.0,
2026-09-07T13:20:28.410568+00:00,03_vlm_polymer_real_synth,6,6,4.2,4.36,60.43,47.13,NVIDIA GeForce RTX 4090,36,100.85,5,2610.1,24564.0,
2026-09-07T13:20:38.421545+00:00,03_vlm_polymer_real_synth,6,6,4.2,4.37,60.43,47.13,NVIDIA GeForce RTX 4090,35,99.47,33,2610.1,24564.0,
2026-09-07T13:20:48.432225+00:00,03_vlm_polymer_real_synth,6,6,4.2,4.36,60.43,47.13,NVIDIA GeForce RTX 4090,36,100.75,6,2610.1,24564.0,
2026-09-07T13:20:58.443254+00:00,03_vlm_polymer_real_synth,6,6,4.2,4.36,60.43,47.13,NVIDIA GeForce RTX 4090,36,97.16,13,2610.1,24564.0,
2026-09-07T13:21:08.455715+00:00,03_vlm_polymer_real_synth,6,6,4.2,4.37,60.43,47.13,NVIDIA GeForce RTX 4090,36,98.88,0,2610.1,24564.0,
2026-09-07T13:21:18.467002+00:00,03_vlm_polymer_real_synth,6,6,4.2,4.36,60.43,47.13,NVIDIA GeForce RTX 4090,36,97.03,21,2610.1,24564.0,
2026-09-07T13:21:28.479883+00:00,03_vlm_polymer_real_synth,6,6,4.2,4.36,60.43,47.13,NVIDIA GeForce RTX 4090,35,98.86,2,2610.1,24564.0,
2026-09-07T13:21:38.491315+00:00,03_vlm_polymer_real_synth,6,6,4.2,4.36,60.43,47.13,NVIDIA GeForce RTX 4090,36,100.77,67,2610.1,24564.0,
2026-09-07T13:21:48.502498+00:00,03_vlm_polymer_real_synth,6,6,4.2,4.36,60.43,47.13,NVIDIA GeForce RTX 4090,34,89.76,31,2610.1,24564.0,
2026-09-07T13:21:58.513557+00:00,03_vlm_polymer_real_synth,6,6,4.2,4.36,60.43,47.13,NVIDIA GeForce RTX 4090,34,90.67,29,2610.1,24564.0,
2026-09-07T13:22:08.524249+00:00,03_vlm_polymer_real_synth,6,6,4.0,4.4,60.43,47.13,NVIDIA GeForce RTX 4090,35,100.49,37,2610.1,24564.0,
2026-09-07T13:22:18.535357+00:00,03_vlm_polymer_real_synth,6,6,4.2,4.42,60.43,47.13,NVIDIA GeForce RTX 4090,36,98.99,33,2610.1,24564.0,
2026-09-07T13:22:28.546752+00:00,03_vlm_polymer_real_synth,6,6,4.2,4.39,60.43,47.13,NVIDIA GeForce RTX 4090,35,101.09,13,2610.1,24564.0,
2026-09-07T13:22:38.557717+00:00,03_vlm_polymer_real_synth,6,6,4.2,4.37,60.43,47.13,NVIDIA GeForce RTX 4090,37,99.86,30,2610.1,24564.0,
2026-09-07T13:22:48.569432+00:00,03_vlm_polymer_real_synth,6,6,4.2,4.38,60.43,47.13,NVIDIA GeForce RTX 4090,35,99.26,0,2610.1,24564.0,
2026-09-07T13:22:58.580690+00:00,03_vlm_polymer_real_synth,6,6,4.2,4.41,60.43,47.13,NVIDIA GeForce RTX 4090,35,102.49,14,2610.1,24564.0,
2026-09-07T13:23:08.591686+00:00,03_vlm_polymer_real_synth,6,6,4.2,4.44,60.43,47.13,NVIDIA GeForce RTX 4090,34,98.84,63,2610.1,24564.0,
2026-09-07T13:23:18.603065+00:00,03_vlm_polymer_real_synth,6,6,4.2,4.44,60.43,47.13,NVIDIA GeForce RTX 4090,35,98.78,23,2610.1,24564.0,
2026-09-07T13:23:28.614168+00:00,03_vlm_polymer_real_synth,6,6,4.2,4.42,60.43,47.13,NVIDIA GeForce RTX 4090,35,100.58,36,2610.1,24564.0,
2026-09-07T13:23:38.628028+00:00,03_vlm_polymer_real_synth,6,6,4.2,4.4,60.43,47.13,NVIDIA GeForce RTX 4090,37,97.24,0,2610.1,24564.0,
2026-09-07T13:23:48.640245+00:00,03_vlm_polymer_real_synth,6,6,4.2,4.4,60.43,47.13,NVIDIA GeForce RTX 4090,36,97.72,10,2610.1,24564.0,
2026-09-07T13:23:58.651197+00:00,03_vlm_polymer_real_synth,6,6,4.2,4.43,60.43,47.13,NVIDIA GeForce RTX 4090,35,96.98,24,2610.1,24564.0,
2026-09-07T13:24:08.662555+00:00,03_vlm_polymer_real_synth,6,6,4.2,4.41,60.43,47.13,NVIDIA GeForce RTX 4090,36,100.52,40,2610.1,24564.0,
2026-09-07T13:24:18.674256+00:00,03_vlm_polymer_real_synth,6,6,4.2,4.41,60.43,47.13,NVIDIA GeForce RTX 4090,35,98.22,23,2610.1,24564.0,
2026-09-07T13:24:28.685205+00:00,03_vlm_polymer_real_synth,6,6,4.2,4.4,60.43,47.13,NVIDIA GeForce RTX 4090,35,97.65,26,2610.1,24564.0,
2026-09-07T13:24:38.696551+00:00,03_vlm_polymer_real_synth,6,6,4.2,4.45,60.43,47.13,NVIDIA GeForce RTX 4090,36,98.87,0,2610.1,24564.0,
2026-09-07T13:24:48.707577+00:00,03_vlm_polymer_real_synth,6,6,4.2,4.47,60.43,47.13,NVIDIA GeForce RTX 4090,36,99.33,49,2610.1,24564.0,
2026-09-07T13:24:58.718663+00:00,03_vlm_polymer_real_synth,6,6,4.2,4.4,60.43,47.13,NVIDIA GeForce RTX 4090,36,98.17,40,2610.1,24564.0,
2026-09-07T13:25:08.729898+00:00,03_vlm_polymer_real_synth,6,6,4.2,4.39,60.43,47.13,NVIDIA GeForce RTX 4090,35,98.85,18,2610.1,24564.0,
2026-09-07T13:25:18.741055+00:00,03_vlm_polymer_real_synth,6,6,4.2,4.44,60.43,47.13,NVIDIA GeForce RTX 4090,36,99.64,44,2610.1,24564.0,
2026-09-07T13:25:28.751983+00:00,03_vlm_polymer_real_synth,6,6,4.2,4.4,60.43,47.13,NVIDIA GeForce RTX 4090,35,97.22,43,2610.1,24564.0,
2026-09-07T13:25:38.764063+00:00,03_vlm_polymer_real_synth,6,6,4.2,4.39,60.43,47.13,NVIDIA GeForce RTX 4090,36,104.1,16,2610.1,24564.0,
2026-09-07T13:25:48.775192+00:00,03_vlm_polymer_real_synth,6,6,4.2,4.37,60.43,47.13,NVIDIA GeForce RTX 4090,36,103.58,29,2610.1,24564.0,
2026-09-07T13:25:58.785988+00:00,03_vlm_polymer_real_synth,6,6,4.2,4.37,60.43,47.13,NVIDIA GeForce RTX 4090,35,97.18,39,2610.1,24564.0,
2026-09-07T13:26:08.797363+00:00,03_vlm_polymer_real_synth,6,6,4.2,4.41,60.43,47.13,NVIDIA GeForce RTX 4090,36,100.22,5,2610.1,24564.0,
2026-09-07T13:26:18.808255+00:00,03_vlm_polymer_real_synth,6,6,4.2,4.37,60.43,47.13,NVIDIA GeForce RTX 4090,36,101.25,23,2610.1,24564.0,
2026-09-07T13:26:28.819278+00:00,03_vlm_polymer_real_synth,6,6,4.2,4.37,60.43,47.13,NVIDIA GeForce RTX 4090,37,100.88,37,2610.1,24564.0,
2026-09-07T13:26:38.830814+00:00,03_vlm_polymer_real_synth,6,6,4.2,4.38,60.43,47.13,NVIDIA GeForce RTX 4090,35,98.04,35,2610.1,24564.0,
2026-09-07T13:26:48.841476+00:00,03_vlm_polymer_real_synth,6,6,4.2,4.38,60.43,47.13,NVIDIA GeForce RTX 4090,36,98.92,63,2610.1,24564.0,
2026-09-07T13:26:58.852907+00:00,03_vlm_polymer_real_synth,6,6,4.2,4.38,60.43,47.13,NVIDIA GeForce RTX 4090,35,98.63,64,2610.1,24564.0,
2026-09-07T13:27:08.864025+00:00,03_vlm_polymer_real_synth,6,6,4.2,4.41,60.43,47.13,NVIDIA GeForce RTX 4090,36,99.32,47,2610.1,24564.0,
2026-09-07T13:27:18.875082+00:00,03_vlm_polymer_real_synth,6,6,4.2,4.41,60.43,47.13,NVIDIA GeForce RTX 4090,37,100.0,40,2610.1,24564.0,
2026-09-07T13:27:28.886227+00:00,03_vlm_polymer_real_synth,6,6,4.2,4.4,60.43,47.13,NVIDIA GeForce RTX 4090,36,96.76,11,2610.1,24564.0,
2026-09-07T13:27:38.897744+00:00,03_vlm_polymer_real_synth,6,6,4.2,4.4,60.43,47.13,NVIDIA GeForce RTX 4090,37,98.88,34,2610.1,24564.0,
2026-09-07T13:27:48.908853+00:00,03_vlm_polymer_real_synth,6,6,4.2,4.41,60.43,47.13,NVIDIA GeForce RTX 4090,35,100.24,19,2610.1,24564.0,
2026-09-07T13:27:58.920204+00:00,03_vlm_polymer_real_synth,6,6,4.2,4.4,60.43,47.13,NVIDIA GeForce RTX 4090,36,100.72,48,2610.1,24564.0,
2026-09-07T13:28:08.931064+00:00,03_vlm_polymer_real_synth,6,6,4.2,4.38,60.43,47.13,NVIDIA GeForce RTX 4090,36,96.85,32,2610.1,24564.0,
2026-09-07T13:28:18.942147+00:00,03_vlm_polymer_real_synth,6,6,4.2,4.41,60.43,47.13,NVIDIA GeForce RTX 4090,35,99.03,36,2610.1,24564.0,
2026-09-07T13:28:28.954521+00:00,03_vlm_polymer_real_synth,6,6,4.2,4.43,60.43,47.13,NVIDIA GeForce RTX 4090,37,96.65,36,2610.1,24564.0,
2026-09-07T13:28:38.967068+00:00,03_vlm_polymer_real_synth,6,6,4.2,4.4,60.43,47.13,NVIDIA GeForce RTX 4090,36,99.24,14,2610.1,24564.0,
2026-09-07T13:28:48.978311+00:00,03_vlm_polymer_real_synth,6,6,4.2,4.45,60.43,47.13,NVIDIA GeForce RTX 4090,35,99.27,56,2610.1,24564.0,
2026-09-07T13:28:58.989216+00:00,03_vlm_polymer_real_synth,6,6,4.2,4.44,60.43,47.13,NVIDIA GeForce RTX 4090,35,90.95,25,2610.1,24564.0,
2026-09-07T13:29:09.000828+00:00,03_vlm_polymer_real_synth,6,6,4.2,4.44,60.43,47.13,NVIDIA GeForce RTX 4090,35,90.44,25,2610.1,24564.0,
2026-09-07T13:29:19.012128+00:00,03_vlm_polymer_real_synth,6,6,4.0,4.44,60.43,47.13,NVIDIA GeForce RTX 4090,35,98.16,21,2610.1,24564.0,
2026-09-07T13:29:29.023838+00:00,03_vlm_polymer_real_synth,6,6,4.2,4.42,60.43,47.13,NVIDIA GeForce RTX 4090,35,101.75,63,2610.1,24564.0,
2026-09-07T13:29:39.035125+00:00,03_vlm_polymer_real_synth,6,6,4.2,4.39,60.43,47.13,NVIDIA GeForce RTX 4090,35,97.96,65,2610.1,24564.0,
2026-09-07T13:29:49.046222+00:00,03_vlm_polymer_real_synth,6,6,4.2,4.39,60.43,47.13,NVIDIA GeForce RTX 4090,37,99.82,29,2610.1,24564.0,
2026-09-07T13:29:59.057514+00:00,03_vlm_polymer_real_synth,6,6,4.2,4.44,60.43,47.13,NVIDIA GeForce RTX 4090,36,100.2,21,2610.1,24564.0,
2026-09-07T13:30:09.068385+00:00,03_vlm_polymer_real_synth,6,6,4.2,4.39,60.43,47.13,NVIDIA GeForce RTX 4090,37,98.06,31,2610.1,24564.0,
2026-09-07T13:30:19.079453+00:00,03_vlm_polymer_real_synth,6,6,4.2,4.39,60.43,47.13,NVIDIA GeForce RTX 4090,36,97.66,21,2610.1,24564.0,
2026-09-07T13:30:29.091380+00:00,03_vlm_polymer_real_synth,6,6,4.2,4.38,60.43,47.13,NVIDIA GeForce RTX 4090,36,101.64,58,2610.1,24564.0,
2026-09-07T13:30:39.102788+00:00,03_vlm_polymer_real_synth,6,6,4.2,4.43,60.43,47.13,NVIDIA GeForce RTX 4090,35,97.23,16,2610.1,24564.0,
2026-09-07T13:30:49.114423+00:00,03_vlm_polymer_real_synth,6,6,4.2,4.4,60.43,47.13,NVIDIA GeForce RTX 4090,36,100.78,54,2610.1,24564.0,
2026-09-07T13:30:59.125202+00:00,03_vlm_polymer_real_synth,6,6,4.2,4.45,60.43,47.13,NVIDIA GeForce RTX 4090,35,97.24,1,2610.1,24564.0,
2026-09-07T13:31:09.136233+00:00,03_vlm_polymer_real_synth,6,6,4.2,4.46,60.43,47.13,NVIDIA GeForce RTX 4090,35,100.8,0,2610.1,24564.0,
2026-09-07T13:31:19.147240+00:00,03_vlm_polymer_real_synth,6,6,4.2,4.47,60.43,47.13,NVIDIA GeForce RTX 4090,35,97.31,41,2610.1,24564.0,
2026-09-07T13:31:29.158754+00:00,03_vlm_polymer_real_synth,6,6,4.2,4.46,60.43,47.13,NVIDIA GeForce RTX 4090,37,98.77,26,2610.1,24564.0,
2026-09-07T13:31:39.169861+00:00,03_vlm_polymer_real_synth,6,6,4.2,4.47,60.43,47.13,NVIDIA GeForce RTX 4090,36,103.14,14,2610.1,24564.0,
2026-09-07T13:31:49.181125+00:00,03_vlm_polymer_real_synth,6,6,4.2,4.44,60.43,47.13,NVIDIA GeForce RTX 4090,36,102.38,17,2610.1,24564.0,
2026-09-07T13:31:59.192234+00:00,03_vlm_polymer_real_synth,6,6,4.2,4.45,60.43,47.13,NVIDIA GeForce RTX 4090,36,100.45,0,2610.1,24564.0,
2026-09-07T13:32:09.203127+00:00,03_vlm_polymer_real_synth,6,6,4.2,4.42,60.43,47.13,NVIDIA GeForce RTX 4090,36,100.59,5,2610.1,24564.0,
2026-09-07T13:32:19.214027+00:00,03_vlm_polymer_real_synth,6,6,4.2,4.41,60.43,47.13,NVIDIA GeForce RTX 4090,37,97.65,38,2610.1,24564.0,
2026-09-07T13:32:29.224893+00:00,03_vlm_polymer_real_synth,6,6,4.2,4.41,60.43,47.13,NVIDIA GeForce RTX 4090,36,97.54,0,2610.1,24564.0,
2026-09-07T13:32:39.236094+00:00,03_vlm_polymer_real_synth,6,6,4.2,4.4,60.43,47.13,NVIDIA GeForce RTX 4090,35,101.47,25,2610.1,24564.0,
2026-09-07T13:32:49.247239+00:00,03_vlm_polymer_real_synth,6,6,4.2,4.39,60.43,47.13,NVIDIA GeForce RTX 4090,36,99.52,45,2610.1,24564.0,
2026-09-07T13:32:59.258629+00:00,03_vlm_polymer_real_synth,6,6,4.2,4.39,60.43,47.13,NVIDIA GeForce RTX 4090,36,100.34,50,2610.1,24564.0,
2026-09-07T13:33:09.269919+00:00,03_vlm_polymer_real_synth,6,6,4.2,4.39,60.43,47.13,NVIDIA GeForce RTX 4090,35,100.17,65,2610.1,24564.0,
2026-09-07T13:33:19.280670+00:00,03_vlm_polymer_real_synth,6,6,4.2,4.39,60.43,47.13,NVIDIA GeForce RTX 4090,35,100.72,45,2610.1,24564.0,
2026-09-07T13:33:29.291787+00:00,03_vlm_polymer_real_synth,6,6,4.2,4.41,60.43,47.13,NVIDIA GeForce RTX 4090,35,98.97,58,2610.1,24564.0,
2026-09-07T13:33:39.302865+00:00,03_vlm_polymer_real_synth,6,6,4.2,4.41,60.43,47.13,NVIDIA GeForce RTX 4090,35,98.38,44,2610.1,24564.0,
2026-09-07T13:33:49.314115+00:00,03_vlm_polymer_real_synth,6,6,4.2,4.44,60.43,47.13,NVIDIA GeForce RTX 4090,36,101.14,0,2610.1,24564.0,
2026-09-07T13:33:59.325077+00:00,03_vlm_polymer_real_synth,6,6,4.2,4.44,60.43,47.13,NVIDIA GeForce RTX 4090,36,103.54,17,2610.1,24564.0,
2026-09-07T13:34:09.335840+00:00,03_vlm_polymer_real_synth,6,6,4.2,4.47,60.43,47.13,NVIDIA GeForce RTX 4090,36,100.47,8,2610.1,24564.0,
2026-09-07T13:34:19.346761+00:00,03_vlm_polymer_real_synth,6,6,4.2,4.46,60.43,47.13,NVIDIA GeForce RTX 4090,35,98.45,29,2610.1,24564.0,
2026-09-07T13:34:29.357634+00:00,03_vlm_polymer_real_synth,6,6,4.2,4.44,60.43,47.13,NVIDIA GeForce RTX 4090,35,97.72,47,2610.1,24564.0,
2026-09-07T13:34:39.370520+00:00,03_vlm_polymer_real_synth,6,6,4.2,4.44,60.43,47.13,NVIDIA GeForce RTX 4090,36,99.35,0,2610.1,24564.0,
2026-09-07T13:34:49.381331+00:00,03_vlm_polymer_real_synth,6,6,4.2,4.43,60.43,47.13,NVIDIA GeForce RTX 4090,36,99.74,2,2610.1,24564.0,
2026-09-07T13:34:59.392357+00:00,03_vlm_polymer_real_synth,6,6,4.2,4.44,60.43,47.13,NVIDIA GeForce RTX 4090,36,97.21,63,2610.1,24564.0,
2026-09-07T13:35:09.403301+00:00,03_vlm_polymer_real_synth,6,6,4.2,4.4,60.43,47.13,NVIDIA GeForce RTX 4090,35,99.31,8,2610.1,24564.0,
2026-09-07T13:35:19.416193+00:00,03_vlm_polymer_real_synth,6,6,4.2,4.39,60.43,47.13,NVIDIA GeForce RTX 4090,36,102.07,0,2610.1,24564.0,
2026-09-07T13:35:29.427228+00:00,03_vlm_polymer_real_synth,6,6,4.2,4.38,60.43,47.13,NVIDIA GeForce RTX 4090,37,103.95,37,2610.1,24564.0,
2026-09-07T13:35:39.438628+00:00,03_vlm_polymer_real_synth,6,6,4.2,4.41,60.43,47.13,NVIDIA GeForce RTX 4090,36,102.44,17,2610.1,24564.0,
2026-09-07T13:35:49.450023+00:00,03_vlm_polymer_real_synth,6,6,4.2,4.39,60.43,47.13,NVIDIA GeForce RTX 4090,35,98.26,29,2610.1,24564.0,
2026-09-07T13:35:59.460989+00:00,03_vlm_polymer_real_synth,6,6,4.2,4.38,60.43,47.13,NVIDIA GeForce RTX 4090,35,100.9,0,2610.1,24564.0,
2026-09-07T13:36:09.471839+00:00,03_vlm_polymer_real_synth,6,6,4.2,4.36,60.43,47.13,NVIDIA GeForce RTX 4090,34,89.93,36,2610.1,24564.0,
2026-09-07T13:36:19.482832+00:00,03_vlm_polymer_real_synth,6,6,4.2,4.37,60.43,47.13,NVIDIA GeForce RTX 4090,35,90.52,25,2610.1,24564.0,
2026-09-07T13:36:29.493859+00:00,03_vlm_polymer_real_synth,6,6,4.0,4.37,60.43,47.13,NVIDIA GeForce RTX 4090,35,102.93,48,2610.1,24564.0,
2026-09-07T13:36:39.504909+00:00,03_vlm_polymer_real_synth,6,6,4.2,4.37,60.43,47.13,NVIDIA GeForce RTX 4090,35,104.05,50,2610.1,24564.0,
2026-09-07T13:36:49.516123+00:00,03_vlm_polymer_real_synth,6,6,4.2,4.38,60.43,47.13,NVIDIA GeForce RTX 4090,35,100.39,1,2610.1,24564.0,
2026-09-07T13:36:59.527827+00:00,03_vlm_polymer_real_synth,6,6,4.2,4.38,60.43,47.13,NVIDIA GeForce RTX 4090,36,104.1,58,2610.1,24564.0,
2026-09-07T13:37:09.539157+00:00,03_vlm_polymer_real_synth,6,6,4.2,4.38,60.43,47.13,NVIDIA GeForce RTX 4090,36,99.72,41,2610.1,24564.0,
2026-09-07T13:37:19.550500+00:00,03_vlm_polymer_real_synth,6,6,4.2,4.38,60.43,47.13,NVIDIA GeForce RTX 4090,35,104.79,26,2610.1,24564.0,
2026-09-07T13:37:29.561400+00:00,03_vlm_polymer_real_synth,6,6,4.2,4.38,60.43,47.13,NVIDIA GeForce RTX 4090,35,101.34,27,2610.1,24564.0,
2026-09-07T13:37:39.572603+00:00,03_vlm_polymer_real_synth,6,6,4.2,4.38,60.43,47.13,NVIDIA GeForce RTX 4090,37,100.3,45,2610.1,24564.0,
2026-09-07T13:37:49.583658+00:00,03_vlm_polymer_real_synth,6,6,4.2,4.38,60.43,47.13,NVIDIA GeForce RTX 4090,36,100.05,45,2610.1,24564.0,
2026-09-07T13:37:59.595076+00:00,03_vlm_polymer_real_synth,6,6,4.2,4.38,60.43,47.13,NVIDIA GeForce RTX 4090,36,101.53,33,2610.1,24564.0,
2026-09-07T13:38:09.605820+00:00,03_vlm_polymer_real_synth,6,6,4.2,4.38,60.43,47.13,NVIDIA GeForce RTX 4090,37,101.04,59,2610.1,24564.0,
2026-09-07T13:38:19.616781+00:00,03_vlm_polymer_real_synth,6,6,4.2,4.38,60.43,47.13,NVIDIA GeForce RTX 4090,35,101.67,7,2610.1,24564.0,
2026-09-07T13:38:29.627712+00:00,03_vlm_polymer_real_synth,6,6,4.2,4.38,60.43,47.13,NVIDIA GeForce RTX 4090,35,100.39,35,2610.1,24564.0,
2026-09-07T13:38:39.639002+00:00,03_vlm_polymer_real_synth,6,6,4.2,4.38,60.43,47.13,NVIDIA GeForce RTX 4090,36,100.94,32,2610.1,24564.0,
2026-09-07T13:38:49.650020+00:00,03_vlm_polymer_real_synth,6,6,4.2,4.38,60.43,47.13,NVIDIA GeForce RTX 4090,35,100.06,39,2610.1,24564.0,
2026-09-07T13:38:59.661698+00:00,03_vlm_polymer_real_synth,6,6,4.2,4.38,60.43,47.13,NVIDIA GeForce RTX 4090,35,100.32,20,2610.1,24564.0,
2026-09-07T13:39:09.672627+00:00,03_vlm_polymer_real_synth,6,6,4.2,4.38,60.43,47.13,NVIDIA GeForce RTX 4090,36,102.05,58,2610.1,24564.0,
2026-09-07T13:39:19.683738+00:00,03_vlm_polymer_real_synth,6,6,4.2,4.38,60.43,47.13,NVIDIA GeForce RTX 4090,36,101.69,11,2610.1,24564.0,
2026-09-07T13:39:29.694658+00:00,03_vlm_polymer_real_synth,6,6,4.2,4.38,60.43,47.13,NVIDIA GeForce RTX 4090,35,103.97,53,2610.1,24564.0,
2026-09-07T13:39:39.705882+00:00,03_vlm_polymer_real_synth,6,6,4.2,4.38,60.43,47.13,NVIDIA GeForce RTX 4090,35,100.29,15,2610.1,24564.0,
2026-09-07T13:39:49.716871+00:00,03_vlm_polymer_real_synth,6,6,4.2,4.38,60.43,47.13,NVIDIA GeForce RTX 4090,36,102.16,16,2610.1,24564.0,
2026-09-07T13:39:59.728375+00:00,03_vlm_polymer_real_synth,6,6,4.2,4.38,60.43,47.13,NVIDIA GeForce RTX 4090,36,101.77,22,2610.1,24564.0,
2026-09-07T13:40:09.740163+00:00,03_vlm_polymer_real_synth,6,6,4.2,4.38,60.43,47.13,NVIDIA GeForce RTX 4090,36,98.38,0,2610.1,24564.0,
2026-09-07T13:40:19.751460+00:00,03_vlm_polymer_real_synth,6,6,4.2,4.38,60.43,47.13,NVIDIA GeForce RTX 4090,36,104.07,61,2610.1,24564.0,
2026-09-07T13:40:29.764302+00:00,03_vlm_polymer_real_synth,6,6,4.2,4.38,60.43,47.13,NVIDIA GeForce RTX 4090,37,100.68,29,2610.1,24564.0,
2026-09-07T13:40:39.775259+00:00,03_vlm_polymer_real_synth,6,6,4.2,4.38,60.43,47.13,NVIDIA GeForce RTX 4090,35,98.74,51,2610.1,24564.0,
2026-09-07T13:40:49.787427+00:00,03_vlm_polymer_real_synth,6,6,4.2,4.38,60.43,47.13,NVIDIA GeForce RTX 4090,36,102.69,21,2610.1,24564.0,
2026-09-07T13:40:59.798265+00:00,03_vlm_polymer_real_synth,6,6,4.2,4.38,60.43,47.13,NVIDIA GeForce RTX 4090,36,103.21,6,2610.1,24564.0,
2026-09-07T13:41:09.809330+00:00,03_vlm_polymer_real_synth,6,6,4.2,4.38,60.43,47.13,NVIDIA GeForce RTX 4090,36,101.71,29,2610.1,24564.0,
2026-09-07T13:41:19.821052+00:00,03_vlm_polymer_real_synth,6,6,4.2,4.38,60.43,47.13,NVIDIA GeForce RTX 4090,35,101.91,46,2610.1,24564.0,
2026-09-07T13:41:29.832823+00:00,03_vlm_polymer_real_synth,6,6,4.2,4.38,60.43,47.13,NVIDIA GeForce RTX 4090,36,98.5,68,2610.1,24564.0,
2026-09-07T13:41:39.846194+00:00,03_vlm_polymer_real_synth,6,6,4.2,4.38,60.43,47.13,NVIDIA GeForce RTX 4090,35,102.0,13,2610.1,24564.0,
2026-09-07T13:41:49.857367+00:00,03_vlm_polymer_real_synth,6,6,4.2,4.38,60.43,47.13,NVIDIA GeForce RTX 4090,36,103.4,31,2610.1,24564.0,
2026-09-07T13:41:59.868204+00:00,03_vlm_polymer_real_synth,6,6,4.2,4.38,60.43,47.13,NVIDIA GeForce RTX 4090,37,100.44,30,2610.1,24564.0,
2026-09-07T13:42:09.879479+00:00,03_vlm_polymer_real_synth,6,6,4.2,4.38,60.43,47.13,NVIDIA GeForce RTX 4090,36,101.05,41,2610.1,24564.0,
2026-09-07T13:42:19.890551+00:00,03_vlm_polymer_real_synth,6,6,4.2,4.38,60.43,47.13,NVIDIA GeForce RTX 4090,35,99.86,0,2610.1,24564.0,
2026-09-07T13:42:29.904022+00:00,03_vlm_polymer_real_synth,6,6,4.2,4.38,60.43,47.13,NVIDIA GeForce RTX 4090,36,98.24,13,2610.1,24564.0,
2026-09-07T13:42:39.917337+00:00,03_vlm_polymer_real_synth,6,6,4.2,4.38,60.43,47.13,NVIDIA GeForce RTX 4090,35,101.53,58,2610.1,24564.0,
2026-09-07T13:42:49.928377+00:00,03_vlm_polymer_real_synth,6,6,4.2,4.38,60.43,47.13,NVIDIA GeForce RTX 4090,35,101.86,42,2610.1,24564.0,
2026-09-07T13:42:59.939424+00:00,03_vlm_polymer_real_synth,6,6,4.2,4.38,60.43,47.13,NVIDIA GeForce RTX 4090,35,92.53,35,2610.1,24564.0,
2026-09-07T13:43:09.950454+00:00,03_vlm_polymer_real_synth,6,6,4.2,4.38,60.43,47.13,NVIDIA GeForce RTX 4090,35,91.61,29,2610.1,24564.0,
2026-09-07T13:43:19.961778+00:00,03_vlm_polymer_real_synth,6,6,3.4,4.38,60.43,47.13,NVIDIA GeForce RTX 4090,34,62.31,56,3040.1,24564.0,
2026-09-07T13:43:29.972757+00:00,03_vlm_polymer_real_synth,6,6,4.2,4.42,60.43,47.13,NVIDIA GeForce RTX 4090,35,91.56,29,3228.1,24564.0,
2026-09-07T13:43:39.983933+00:00,03_vlm_polymer_real_synth,7,7,3.8,3.38,60.43,47.13,NVIDIA GeForce RTX 4090,33,58.99,0,628.8,24564.0,
2026-09-07T13:43:49.995002+00:00,03_vlm_polymer_real_synth,7,7,3.7,4.33,60.43,47.13,NVIDIA GeForce RTX 4090,35,103.76,49,2610.1,24564.0,
2026-09-07T13:44:00.006275+00:00,03_vlm_polymer_real_synth,7,7,4.2,4.36,60.43,47.13,NVIDIA GeForce RTX 4090,35,99.04,19,2610.1,24564.0,
2026-09-07T13:44:10.017467+00:00,03_vlm_polymer_real_synth,7,7,4.2,4.41,60.43,47.13,NVIDIA GeForce RTX 4090,34,103.9,45,2610.1,24564.0,
2026-09-07T13:44:20.028564+00:00,03_vlm_polymer_real_synth,7,7,4.2,4.37,60.43,47.13,NVIDIA GeForce RTX 4090,36,97.52,45,2610.1,24564.0,
2026-09-07T13:44:30.039783+00:00,03_vlm_polymer_real_synth,7,7,4.2,4.41,60.43,47.13,NVIDIA GeForce RTX 4090,34,100.4,34,2610.1,24564.0,
2026-09-07T13:44:40.050729+00:00,03_vlm_polymer_real_synth,7,7,4.2,4.37,60.43,47.13,NVIDIA GeForce RTX 4090,36,100.17,27,2610.1,24564.0,
2026-09-07T13:44:50.062473+00:00,03_vlm_polymer_real_synth,7,7,4.2,4.36,60.43,47.13,NVIDIA GeForce RTX 4090,35,102.3,12,2610.1,24564.0,
2026-09-07T13:45:00.073617+00:00,03_vlm_polymer_real_synth,7,7,4.2,4.33,60.43,47.13,NVIDIA GeForce RTX 4090,35,97.32,58,2610.1,24564.0,
2026-09-07T13:45:10.084516+00:00,03_vlm_polymer_real_synth,7,7,4.2,4.33,60.43,47.13,NVIDIA GeForce RTX 4090,35,100.76,38,2610.1,24564.0,
2026-09-07T13:45:20.095521+00:00,03_vlm_polymer_real_synth,7,7,4.2,4.31,60.43,47.13,NVIDIA GeForce RTX 4090,35,98.79,20,2610.1,24564.0,
2026-09-07T13:45:30.106392+00:00,03_vlm_polymer_real_synth,7,7,4.2,4.37,60.43,47.13,NVIDIA GeForce RTX 4090,35,102.95,20,2610.1,24564.0,
2026-09-07T13:45:40.117413+00:00,03_vlm_polymer_real_synth,7,7,4.2,4.39,60.43,47.13,NVIDIA GeForce RTX 4090,37,97.7,27,2610.1,24564.0,
2026-09-07T13:45:50.129799+00:00,03_vlm_polymer_real_synth,7,7,4.2,4.39,60.43,47.13,NVIDIA GeForce RTX 4090,35,97.06,10,2610.1,24564.0,
2026-09-07T13:46:00.141138+00:00,03_vlm_polymer_real_synth,7,7,4.2,4.34,60.43,47.13,NVIDIA GeForce RTX 4090,35,99.08,21,2610.1,24564.0,
2026-09-07T13:46:10.153819+00:00,03_vlm_polymer_real_synth,7,7,4.2,4.38,60.43,47.13,NVIDIA GeForce RTX 4090,35,102.49,58,2610.1,24564.0,
2026-09-07T13:46:20.164889+00:00,03_vlm_polymer_real_synth,7,7,4.2,4.34,60.43,47.13,NVIDIA GeForce RTX 4090,37,96.97,39,2610.1,24564.0,
2026-09-07T13:46:30.175921+00:00,03_vlm_polymer_real_synth,7,7,4.2,4.33,60.43,47.13,NVIDIA GeForce RTX 4090,35,102.24,13,2610.1,24564.0,
2026-09-07T13:46:40.186957+00:00,03_vlm_polymer_real_synth,7,7,4.2,4.31,60.43,47.13,NVIDIA GeForce RTX 4090,35,96.64,58,2610.1,24564.0,
2026-09-07T13:46:50.198311+00:00,03_vlm_polymer_real_synth,7,7,4.2,4.32,60.43,47.13,NVIDIA GeForce RTX 4090,35,100.49,57,2610.1,24564.0,
2026-09-07T13:47:00.209230+00:00,03_vlm_polymer_real_synth,7,7,4.2,4.34,60.43,47.13,NVIDIA GeForce RTX 4090,36,99.45,32,2610.1,24564.0,
2026-09-07T13:47:10.220221+00:00,03_vlm_polymer_real_synth,7,7,4.2,4.36,60.43,47.13,NVIDIA GeForce RTX 4090,34,99.87,13,2610.1,24564.0,
2026-09-07T13:47:20.231237+00:00,03_vlm_polymer_real_synth,7,7,4.2,4.34,60.43,47.13,NVIDIA GeForce RTX 4090,35,99.27,10,2610.1,24564.0,
2026-09-07T13:47:30.242061+00:00,03_vlm_polymer_real_synth,7,7,4.2,4.36,60.43,47.13,NVIDIA GeForce RTX 4090,35,101.3,39,2610.1,24564.0,
2026-09-07T13:47:40.253235+00:00,03_vlm_polymer_real_synth,7,7,4.2,4.33,60.43,47.13,NVIDIA GeForce RTX 4090,35,99.25,63,2610.1,24564.0,
2026-09-07T13:47:50.266016+00:00,03_vlm_polymer_real_synth,7,7,4.2,4.35,60.43,47.13,NVIDIA GeForce RTX 4090,36,98.58,30,2610.1,24564.0,
2026-09-07T13:48:00.277056+00:00,03_vlm_polymer_real_synth,7,7,4.2,4.34,60.43,47.13,NVIDIA GeForce RTX 4090,35,100.36,63,2610.1,24564.0,
2026-09-07T13:48:10.288413+00:00,03_vlm_polymer_real_synth,7,7,4.2,4.35,60.43,47.13,NVIDIA GeForce RTX 4090,36,98.65,30,2610.1,24564.0,
2026-09-07T13:48:20.301601+00:00,03_vlm_polymer_real_synth,7,7,4.2,4.34,60.43,47.13,NVIDIA GeForce RTX 4090,36,99.27,3,2610.1,24564.0,
2026-09-07T13:48:30.313212+00:00,03_vlm_polymer_real_synth,7,7,4.2,4.33,60.43,47.13,NVIDIA GeForce RTX 4090,36,98.02,46,2610.1,24564.0,
2026-09-07T13:48:40.324173+00:00,03_vlm_polymer_real_synth,7,7,4.2,4.33,60.43,47.13,NVIDIA GeForce RTX 4090,35,100.97,63,2610.1,24564.0,
2026-09-07T13:48:50.334928+00:00,03_vlm_polymer_real_synth,7,7,4.2,4.33,60.43,47.13,NVIDIA GeForce RTX 4090,35,97.24,18,2610.1,24564.0,
2026-09-07T13:49:00.345779+00:00,03_vlm_polymer_real_synth,7,7,4.2,4.33,60.43,47.13,NVIDIA GeForce RTX 4090,35,98.21,0,2610.1,24564.0,
2026-09-07T13:49:10.356512+00:00,03_vlm_polymer_real_synth,7,7,4.2,4.35,60.43,47.13,NVIDIA GeForce RTX 4090,35,98.79,34,2610.1,24564.0,
2026-09-07T13:49:20.369327+00:00,03_vlm_polymer_real_synth,7,7,4.2,4.32,60.43,47.13,NVIDIA GeForce RTX 4090,37,96.46,33,2610.1,24564.0,
2026-09-07T13:49:30.380458+00:00,03_vlm_polymer_real_synth,7,7,4.2,4.31,60.43,47.13,NVIDIA GeForce RTX 4090,35,96.8,0,2610.1,24564.0,
2026-09-07T13:49:40.391177+00:00,03_vlm_polymer_real_synth,7,7,4.2,4.31,60.43,47.13,NVIDIA GeForce RTX 4090,35,100.98,35,2610.1,24564.0,
2026-09-07T13:49:50.402287+00:00,03_vlm_polymer_real_synth,7,7,4.2,4.3,60.43,47.13,NVIDIA GeForce RTX 4090,35,96.85,1,2610.1,24564.0,
2026-09-07T13:50:00.413270+00:00,03_vlm_polymer_real_synth,7,7,4.2,4.3,60.43,47.13,NVIDIA GeForce RTX 4090,37,99.77,28,2610.1,24564.0,
2026-09-07T13:50:10.425834+00:00,03_vlm_polymer_real_synth,7,7,4.2,4.34,60.43,47.13,NVIDIA GeForce RTX 4090,35,98.56,13,2610.1,24564.0,
2026-09-07T13:50:20.437188+00:00,03_vlm_polymer_real_synth,7,7,4.2,4.31,60.43,47.13,NVIDIA GeForce RTX 4090,35,96.48,64,2610.1,24564.0,
2026-09-07T13:50:30.448311+00:00,03_vlm_polymer_real_synth,7,7,4.2,4.3,60.43,47.13,NVIDIA GeForce RTX 4090,36,101.16,23,2610.1,24564.0,
2026-09-07T13:50:40.459418+00:00,03_vlm_polymer_real_synth,7,7,4.2,4.37,60.43,47.13,NVIDIA GeForce RTX 4090,36,90.27,29,2610.1,24564.0,
2026-09-07T13:50:50.470197+00:00,03_vlm_polymer_real_synth,7,7,4.2,4.36,60.43,47.13,NVIDIA GeForce RTX 4090,36,91.11,29,2610.1,24564.0,
2026-09-07T13:51:00.481362+00:00,03_vlm_polymer_real_synth,7,7,4.0,4.38,60.43,47.11,NVIDIA GeForce RTX 4090,35,101.65,41,2610.1,24564.0,
2026-09-07T13:51:10.492230+00:00,03_vlm_polymer_real_synth,7,7,4.2,4.43,60.43,47.11,NVIDIA GeForce RTX 4090,35,100.67,45,2610.1,24564.0,
2026-09-07T13:51:20.503334+00:00,03_vlm_polymer_real_synth,7,7,4.2,4.41,60.43,47.11,NVIDIA GeForce RTX 4090,35,103.7,55,2610.1,24564.0,
2026-09-07T13:51:30.514316+00:00,03_vlm_polymer_real_synth,7,7,4.2,4.4,60.43,47.11,NVIDIA GeForce RTX 4090,35,96.58,30,2610.1,24564.0,
2026-09-07T13:51:40.525860+00:00,03_vlm_polymer_real_synth,7,7,4.2,4.44,60.43,47.11,NVIDIA GeForce RTX 4090,35,97.06,4,2610.1,24564.0,
2026-09-07T13:51:50.537819+00:00,03_vlm_polymer_real_synth,7,7,4.2,4.44,60.43,47.11,NVIDIA GeForce RTX 4090,37,96.52,0,2610.1,24564.0,
2026-09-07T13:52:00.548847+00:00,03_vlm_polymer_real_synth,7,7,4.2,4.46,60.43,47.11,NVIDIA GeForce RTX 4090,36,98.34,46,2610.1,24564.0,
2026-09-07T13:52:10.559806+00:00,03_vlm_polymer_real_synth,7,7,4.2,4.43,60.43,47.11,NVIDIA GeForce RTX 4090,35,101.67,17,2610.1,24564.0,
2026-09-07T13:52:20.570854+00:00,03_vlm_polymer_real_synth,7,7,4.2,4.46,60.43,47.11,NVIDIA GeForce RTX 4090,35,97.23,46,2610.1,24564.0,
2026-09-07T13:52:30.581903+00:00,03_vlm_polymer_real_synth,7,7,4.2,4.43,60.43,47.11,NVIDIA GeForce RTX 4090,36,97.02,66,2610.1,24564.0,
2026-09-07T13:52:40.592922+00:00,03_vlm_polymer_real_synth,7,7,4.2,4.43,60.43,47.11,NVIDIA GeForce RTX 4090,36,98.48,65,2610.1,24564.0,
2026-09-07T13:52:50.604157+00:00,03_vlm_polymer_real_synth,7,7,4.2,4.42,60.43,47.11,NVIDIA GeForce RTX 4090,36,96.68,45,2610.1,24564.0,
2026-09-07T13:53:00.615702+00:00,03_vlm_polymer_real_synth,7,7,4.2,4.42,60.43,47.11,NVIDIA GeForce RTX 4090,37,99.81,20,2610.1,24564.0,
2026-09-07T13:53:10.626980+00:00,03_vlm_polymer_real_synth,7,7,4.2,4.43,60.43,47.11,NVIDIA GeForce RTX 4090,36,100.92,66,2610.1,24564.0,
2026-09-07T13:53:20.640006+00:00,03_vlm_polymer_real_synth,7,7,4.2,4.39,60.43,47.11,NVIDIA GeForce RTX 4090,35,98.17,34,2610.1,24564.0,
2026-09-07T13:53:30.651388+00:00,03_vlm_polymer_real_synth,7,7,4.2,4.4,60.43,47.11,NVIDIA GeForce RTX 4090,36,98.91,18,2610.1,24564.0,
2026-09-07T13:53:40.662219+00:00,03_vlm_polymer_real_synth,7,7,4.2,4.42,60.43,47.11,NVIDIA GeForce RTX 4090,35,96.95,30,2610.1,24564.0,
2026-09-07T13:53:50.673479+00:00,03_vlm_polymer_real_synth,7,7,4.2,4.48,60.43,47.11,NVIDIA GeForce RTX 4090,35,96.85,39,2610.1,24564.0,
2026-09-07T13:54:00.684618+00:00,03_vlm_polymer_real_synth,7,7,4.2,4.45,60.43,47.11,NVIDIA GeForce RTX 4090,35,96.84,42,2610.1,24564.0,
2026-09-07T13:54:10.695574+00:00,03_vlm_polymer_real_synth,7,7,4.2,4.44,60.43,47.11,NVIDIA GeForce RTX 4090,36,101.25,23,2610.1,24564.0,
2026-09-07T13:54:20.706637+00:00,03_vlm_polymer_real_synth,7,7,4.2,4.43,60.43,47.11,NVIDIA GeForce RTX 4090,36,100.36,43,2610.1,24564.0,
2026-09-07T13:54:30.717410+00:00,03_vlm_polymer_real_synth,7,7,4.2,4.44,60.43,47.11,NVIDIA GeForce RTX 4090,35,100.5,44,2610.1,24564.0,
2026-09-07T13:54:40.728561+00:00,03_vlm_polymer_real_synth,7,7,4.2,4.42,60.43,47.11,NVIDIA GeForce RTX 4090,36,99.1,51,2610.1,24564.0,
2026-09-07T13:54:50.739175+00:00,03_vlm_polymer_real_synth,7,7,4.2,4.4,60.43,47.11,NVIDIA GeForce RTX 4090,35,99.01,24,2610.1,24564.0,
2026-09-07T13:55:00.750330+00:00,03_vlm_polymer_real_synth,7,7,4.2,4.43,60.43,47.11,NVIDIA GeForce RTX 4090,36,99.37,44,2610.1,24564.0,
2026-09-07T13:55:10.763519+00:00,03_vlm_polymer_real_synth,7,7,4.2,4.41,60.43,47.11,NVIDIA GeForce RTX 4090,35,98.36,19,2610.1,24564.0,
2026-09-07T13:55:20.774554+00:00,03_vlm_polymer_real_synth,7,7,4.2,4.4,60.43,47.11,NVIDIA GeForce RTX 4090,36,100.55,30,2610.1,24564.0,
2026-09-07T13:55:30.786021+00:00,03_vlm_polymer_real_synth,7,7,4.2,4.39,60.43,47.11,NVIDIA GeForce RTX 4090,35,102.53,21,2610.1,24564.0,
2026-09-07T13:55:40.796955+00:00,03_vlm_polymer_real_synth,7,7,4.2,4.4,60.43,47.11,NVIDIA GeForce RTX 4090,36,97.14,53,2610.1,24564.0,
2026-09-07T13:55:50.808206+00:00,03_vlm_polymer_real_synth,7,7,4.2,4.4,60.43,47.11,NVIDIA GeForce RTX 4090,36,96.52,28,2610.1,24564.0,
2026-09-07T13:56:00.819046+00:00,03_vlm_polymer_real_synth,7,7,4.2,4.43,60.43,47.11,NVIDIA GeForce RTX 4090,36,97.83,28,2610.1,24564.0,
2026-09-07T13:56:10.830152+00:00,03_vlm_polymer_real_synth,7,7,4.2,4.4,60.43,47.11,NVIDIA GeForce RTX 4090,35,99.62,9,2610.1,24564.0,
2026-09-07T13:56:20.841156+00:00,03_vlm_polymer_real_synth,7,7,4.2,4.4,60.43,47.11,NVIDIA GeForce RTX 4090,36,97.34,55,2610.1,24564.0,
2026-09-07T13:56:30.852815+00:00,03_vlm_polymer_real_synth,7,7,4.2,4.41,60.43,47.11,NVIDIA GeForce RTX 4090,36,101.03,32,2610.1,24564.0,
2026-09-07T13:56:40.863852+00:00,03_vlm_polymer_real_synth,7,7,4.2,4.4,60.43,47.11,NVIDIA GeForce RTX 4090,36,98.05,12,2610.1,24564.0,
2026-09-07T13:56:50.874755+00:00,03_vlm_polymer_real_synth,7,7,4.2,4.41,60.43,47.11,NVIDIA GeForce RTX 4090,37,101.92,51,2610.1,24564.0,
2026-09-07T13:57:00.885793+00:00,03_vlm_polymer_real_synth,7,7,4.2,4.39,60.43,47.11,NVIDIA GeForce RTX 4090,36,97.74,0,2610.1,24564.0,
2026-09-07T13:57:10.897008+00:00,03_vlm_polymer_real_synth,7,7,4.2,4.45,60.43,47.11,NVIDIA GeForce RTX 4090,36,98.67,55,2610.1,24564.0,
2026-09-07T13:57:20.909559+00:00,03_vlm_polymer_real_synth,7,7,4.2,4.43,60.43,47.11,NVIDIA GeForce RTX 4090,35,96.47,30,2610.1,24564.0,
2026-09-07T13:57:30.920945+00:00,03_vlm_polymer_real_synth,7,7,4.2,4.49,60.43,47.11,NVIDIA GeForce RTX 4090,36,99.95,64,2610.1,24564.0,
2026-09-07T13:57:40.931925+00:00,03_vlm_polymer_real_synth,7,7,4.2,4.46,60.43,47.11,NVIDIA GeForce RTX 4090,36,101.24,44,2610.1,24564.0,
2026-09-07T13:57:50.942925+00:00,03_vlm_polymer_real_synth,7,7,4.2,4.46,60.43,47.11,NVIDIA GeForce RTX 4090,35,89.77,33,2610.1,24564.0,
2026-09-07T13:58:00.954497+00:00,03_vlm_polymer_real_synth,7,7,4.2,4.47,60.43,47.11,NVIDIA GeForce RTX 4090,35,89.95,25,2610.1,24564.0,
2026-09-07T13:58:10.965438+00:00,03_vlm_polymer_real_synth,7,7,4.0,4.45,60.43,47.11,NVIDIA GeForce RTX 4090,35,86.03,12,2610.1,24564.0,
2026-09-07T13:58:20.977001+00:00,03_vlm_polymer_real_synth,7,7,4.2,4.44,60.43,47.11,NVIDIA GeForce RTX 4090,34,97.96,32,2610.1,24564.0,
2026-09-07T13:58:30.989446+00:00,03_vlm_polymer_real_synth,7,7,4.2,4.46,60.43,47.11,NVIDIA GeForce RTX 4090,35,97.07,55,2615.6,24564.0,
2026-09-07T13:58:41.000640+00:00,03_vlm_polymer_real_synth,7,7,4.2,4.41,60.43,47.11,NVIDIA GeForce RTX 4090,34,98.2,39,2615.6,24564.0,
2026-09-07T13:58:51.011509+00:00,03_vlm_polymer_real_synth,7,7,4.2,4.4,60.43,47.11,NVIDIA GeForce RTX 4090,36,100.83,20,2615.6,24564.0,
2026-09-07T13:59:01.022679+00:00,03_vlm_polymer_real_synth,7,7,4.2,4.4,60.43,47.11,NVIDIA GeForce RTX 4090,36,99.31,52,2615.6,24564.0,
2026-09-07T13:59:11.034051+00:00,03_vlm_polymer_real_synth,7,7,4.2,4.44,60.43,47.11,NVIDIA GeForce RTX 4090,36,96.11,65,2615.6,24564.0,
2026-09-07T13:59:21.045067+00:00,03_vlm_polymer_real_synth,7,7,4.2,4.42,60.43,47.11,NVIDIA GeForce RTX 4090,37,98.26,31,2615.6,24564.0,
2026-09-07T13:59:31.056208+00:00,03_vlm_polymer_real_synth,7,7,4.2,4.44,60.43,47.11,NVIDIA GeForce RTX 4090,36,101.39,64,2615.6,24564.0,
2026-09-07T13:59:41.067721+00:00,03_vlm_polymer_real_synth,7,7,4.2,4.46,60.43,47.11,NVIDIA GeForce RTX 4090,36,97.02,52,2615.6,24564.0,
2026-09-07T13:59:51.079066+00:00,03_vlm_polymer_real_synth,7,7,4.2,4.48,60.43,47.11,NVIDIA GeForce RTX 4090,35,101.23,38,2615.6,24564.0,
2026-09-07T14:00:01.090995+00:00,03_vlm_polymer_real_synth,7,7,4.2,4.47,60.43,47.11,NVIDIA GeForce RTX 4090,36,99.43,24,2615.6,24564.0,
2026-09-07T14:00:11.102183+00:00,03_vlm_polymer_real_synth,7,7,4.2,4.45,60.43,47.11,NVIDIA GeForce RTX 4090,35,97.28,2,2615.6,24564.0,
2026-09-07T14:00:21.113668+00:00,03_vlm_polymer_real_synth,7,7,4.2,4.44,60.43,47.11,NVIDIA GeForce RTX 4090,35,97.79,19,2615.6,24564.0,
2026-09-07T14:00:31.125364+00:00,03_vlm_polymer_real_synth,7,7,4.2,4.44,60.43,47.11,NVIDIA GeForce RTX 4090,36,96.43,0,2615.6,24564.0,
2026-09-07T14:00:41.136586+00:00,03_vlm_polymer_real_synth,7,7,4.2,4.43,60.43,47.11,NVIDIA GeForce RTX 4090,35,100.3,41,2615.6,24564.0,
2026-09-07T14:00:51.147602+00:00,03_vlm_polymer_real_synth,7,7,4.2,4.43,60.43,47.11,NVIDIA GeForce RTX 4090,36,97.1,0,2615.6,24564.0,
2026-09-07T14:01:01.159080+00:00,03_vlm_polymer_real_synth,7,7,4.2,4.49,60.43,47.11,NVIDIA GeForce RTX 4090,36,98.48,13,2615.6,24564.0,
2026-09-07T14:01:11.171860+00:00,03_vlm_polymer_real_synth,7,7,4.2,4.44,60.43,47.11,NVIDIA GeForce RTX 4090,36,97.02,19,2615.6,24564.0,
2026-09-07T14:01:21.186056+00:00,03_vlm_polymer_real_synth,7,7,4.2,4.45,60.43,47.11,NVIDIA GeForce RTX 4090,35,99.01,42,2615.6,24564.0,
2026-09-07T14:01:31.197145+00:00,03_vlm_polymer_real_synth,7,7,4.2,4.44,60.43,47.11,NVIDIA GeForce RTX 4090,37,100.64,37,2615.6,24564.0,
2026-09-07T14:01:41.207988+00:00,03_vlm_polymer_real_synth,7,7,4.2,4.41,60.43,47.11,NVIDIA GeForce RTX 4090,36,102.24,30,2615.6,24564.0,
2026-09-07T14:01:51.218804+00:00,03_vlm_polymer_real_synth,7,7,4.2,4.43,60.43,47.11,NVIDIA GeForce RTX 4090,36,97.53,0,2615.6,24564.0,
2026-09-07T14:02:01.229524+00:00,03_vlm_polymer_real_synth,7,7,4.2,4.42,60.43,47.11,NVIDIA GeForce RTX 4090,37,99.71,41,2615.6,24564.0,
2026-09-07T14:02:11.241067+00:00,03_vlm_polymer_real_synth,7,7,4.2,4.42,60.43,47.11,NVIDIA GeForce RTX 4090,35,100.3,32,2615.6,24564.0,
2026-09-07T14:02:21.251994+00:00,03_vlm_polymer_real_synth,7,7,4.2,4.39,60.43,47.11,NVIDIA GeForce RTX 4090,35,97.73,53,2615.6,24564.0,
2026-09-07T14:02:31.264019+00:00,03_vlm_polymer_real_synth,7,7,4.2,4.41,60.43,47.11,NVIDIA GeForce RTX 4090,36,96.54,0,2615.6,24564.0,
2026-09-07T14:02:41.274901+00:00,03_vlm_polymer_real_synth,7,7,4.2,4.42,60.43,47.11,NVIDIA GeForce RTX 4090,36,98.23,30,2615.6,24564.0,
2026-09-07T14:02:51.286603+00:00,03_vlm_polymer_real_synth,7,7,4.2,4.42,60.43,47.11,NVIDIA GeForce RTX 4090,35,100.22,39,2615.6,24564.0,
2026-09-07T14:03:01.297714+00:00,03_vlm_polymer_real_synth,7,7,4.2,4.48,60.43,47.11,NVIDIA GeForce RTX 4090,36,97.66,21,2615.6,24564.0,
2026-09-07T14:03:11.309169+00:00,03_vlm_polymer_real_synth,7,7,4.2,4.47,60.43,47.11,NVIDIA GeForce RTX 4090,36,97.25,12,2615.6,24564.0,
2026-09-07T14:03:21.320790+00:00,03_vlm_polymer_real_synth,7,7,4.2,4.45,60.43,47.11,NVIDIA GeForce RTX 4090,36,100.08,15,2615.6,24564.0,
2026-09-07T14:03:31.331878+00:00,03_vlm_polymer_real_synth,7,7,4.2,4.42,60.43,47.11,NVIDIA GeForce RTX 4090,35,100.65,33,2615.6,24564.0,
2026-09-07T14:03:41.343406+00:00,03_vlm_polymer_real_synth,7,7,4.2,4.41,60.43,47.11,NVIDIA GeForce RTX 4090,36,103.79,63,2615.6,24564.0,
2026-09-07T14:03:51.354303+00:00,03_vlm_polymer_real_synth,7,7,4.2,4.4,60.43,47.11,NVIDIA GeForce RTX 4090,36,100.55,52,2615.6,24564.0,
2026-09-07T14:04:01.365275+00:00,03_vlm_polymer_real_synth,7,7,4.2,4.38,60.43,47.11,NVIDIA GeForce RTX 4090,35,98.88,30,2615.6,24564.0,
2026-09-07T14:04:11.376370+00:00,03_vlm_polymer_real_synth,7,7,4.2,4.38,60.43,47.11,NVIDIA GeForce RTX 4090,36,101.44,64,2615.6,24564.0,
2026-09-07T14:04:21.387386+00:00,03_vlm_polymer_real_synth,7,7,4.2,4.38,60.43,47.11,NVIDIA GeForce RTX 4090,36,103.31,64,2615.6,24564.0,
2026-09-07T14:04:31.398347+00:00,03_vlm_polymer_real_synth,7,7,4.2,4.38,60.43,47.11,NVIDIA GeForce RTX 4090,35,98.45,32,2615.6,24564.0,
2026-09-07T14:04:41.411709+00:00,03_vlm_polymer_real_synth,7,7,4.2,4.38,60.43,47.11,NVIDIA GeForce RTX 4090,36,101.81,53,2615.6,24564.0,
2026-09-07T14:04:51.422943+00:00,03_vlm_polymer_real_synth,7,7,4.2,4.38,60.43,47.11,NVIDIA GeForce RTX 4090,35,102.31,35,2615.6,24564.0,
2026-09-07T14:05:01.433889+00:00,03_vlm_polymer_real_synth,7,7,4.2,4.38,60.43,47.11,NVIDIA GeForce RTX 4090,36,101.29,8,2610.8,24564.0,
2026-09-07T14:05:11.444870+00:00,03_vlm_polymer_real_synth,7,7,4.2,4.37,60.43,47.11,NVIDIA GeForce RTX 4090,34,91.69,25,2610.8,24564.0,
2026-09-07T14:05:21.455719+00:00,03_vlm_polymer_real_synth,7,7,4.2,4.39,60.43,47.11,NVIDIA GeForce RTX 4090,35,92.69,36,2610.8,24564.0,
2026-09-07T14:05:31.466776+00:00,03_vlm_polymer_real_synth,7,7,4.2,4.39,60.43,47.11,NVIDIA GeForce RTX 4090,35,100.03,28,2610.8,24564.0,
2026-09-07T14:05:41.477939+00:00,03_vlm_polymer_real_synth,7,7,4.2,4.39,60.43,47.11,NVIDIA GeForce RTX 4090,36,97.47,40,2610.8,24564.0,
2026-09-07T14:05:51.488907+00:00,03_vlm_polymer_real_synth,7,7,4.2,4.39,60.43,47.11,NVIDIA GeForce RTX 4090,35,104.51,26,2610.8,24564.0,
2026-09-07T14:06:01.499880+00:00,03_vlm_polymer_real_synth,7,7,4.2,4.38,60.43,47.11,NVIDIA GeForce RTX 4090,36,100.78,32,2610.8,24564.0,
2026-09-07T14:06:11.510796+00:00,03_vlm_polymer_real_synth,7,7,4.2,4.39,60.43,47.11,NVIDIA GeForce RTX 4090,35,102.48,27,2610.8,24564.0,
2026-09-07T14:06:21.522413+00:00,03_vlm_polymer_real_synth,7,7,4.2,4.38,60.43,47.11,NVIDIA GeForce RTX 4090,36,100.92,44,2610.8,24564.0,
2026-09-07T14:06:31.533200+00:00,03_vlm_polymer_real_synth,7,7,4.2,4.39,60.43,47.11,NVIDIA GeForce RTX 4090,35,98.3,40,2610.8,24564.0,
2026-09-07T14:06:41.544071+00:00,03_vlm_polymer_real_synth,7,7,4.2,4.38,60.43,47.11,NVIDIA GeForce RTX 4090,35,99.54,31,2610.8,24564.0,
2026-09-07T14:06:51.556641+00:00,03_vlm_polymer_real_synth,7,7,4.2,4.38,60.43,47.11,NVIDIA GeForce RTX 4090,35,100.58,55,2610.8,24564.0,
2026-09-07T14:07:01.567568+00:00,03_vlm_polymer_real_synth,7,7,4.2,4.39,60.43,47.11,NVIDIA GeForce RTX 4090,35,99.84,27,2610.8,24564.0,
2026-09-07T14:07:11.578335+00:00,03_vlm_polymer_real_synth,7,7,4.2,4.38,60.43,47.11,NVIDIA GeForce RTX 4090,36,99.47,2,2610.8,24564.0,
2026-09-07T14:07:21.590925+00:00,03_vlm_polymer_real_synth,7,7,4.2,4.38,60.43,47.11,NVIDIA GeForce RTX 4090,35,97.82,63,2610.8,24564.0,
2026-09-07T14:07:31.601965+00:00,03_vlm_polymer_real_synth,7,7,4.2,4.38,60.43,47.11,NVIDIA GeForce RTX 4090,35,97.08,65,2610.8,24564.0,
2026-09-07T14:07:41.612959+00:00,03_vlm_polymer_real_synth,7,7,4.2,4.4,60.43,47.11,NVIDIA GeForce RTX 4090,35,103.89,24,2610.8,24564.0,
2026-09-07T14:07:51.623913+00:00,03_vlm_polymer_real_synth,7,7,4.2,4.38,60.43,47.11,NVIDIA GeForce RTX 4090,36,97.46,33,2610.8,24564.0,
2026-09-07T14:08:01.634502+00:00,03_vlm_polymer_real_synth,7,7,4.2,4.38,60.43,47.11,NVIDIA GeForce RTX 4090,36,99.11,22,2610.8,24564.0,
2026-09-07T14:08:11.647816+00:00,03_vlm_polymer_real_synth,7,7,4.2,4.41,60.43,47.11,NVIDIA GeForce RTX 4090,35,99.13,35,2610.8,24564.0,
2026-09-07T14:08:21.658861+00:00,03_vlm_polymer_real_synth,7,7,4.2,4.4,60.43,47.11,NVIDIA GeForce RTX 4090,37,99.9,29,2610.8,24564.0,
2026-09-07T14:08:31.669723+00:00,03_vlm_polymer_real_synth,7,7,4.2,4.39,60.43,47.11,NVIDIA GeForce RTX 4090,35,96.58,52,2610.8,24564.0,
2026-09-07T14:08:41.681526+00:00,03_vlm_polymer_real_synth,7,7,4.2,4.37,60.43,47.11,NVIDIA GeForce RTX 4090,35,97.06,0,2610.8,24564.0,
2026-09-07T14:08:51.693051+00:00,03_vlm_polymer_real_synth,7,7,4.2,4.38,60.43,47.11,NVIDIA GeForce RTX 4090,36,98.36,25,2610.8,24564.0,
2026-09-07T14:09:01.704317+00:00,03_vlm_polymer_real_synth,7,7,4.2,4.38,60.43,47.11,NVIDIA GeForce RTX 4090,35,97.19,36,2610.8,24564.0,
2026-09-07T14:09:11.715301+00:00,03_vlm_polymer_real_synth,7,7,4.2,4.42,60.43,47.11,NVIDIA GeForce RTX 4090,36,99.88,58,2610.8,24564.0,
2026-09-07T14:09:21.726359+00:00,03_vlm_polymer_real_synth,7,7,4.2,4.42,60.43,47.11,NVIDIA GeForce RTX 4090,36,97.65,8,2610.8,24564.0,
2026-09-07T14:09:31.737235+00:00,03_vlm_polymer_real_synth,7,7,4.2,4.45,60.43,47.11,NVIDIA GeForce RTX 4090,35,100.82,39,2610.8,24564.0,
2026-09-07T14:09:41.748111+00:00,03_vlm_polymer_real_synth,7,7,4.2,4.41,60.43,47.11,NVIDIA GeForce RTX 4090,35,101.67,59,2610.8,24564.0,
2026-09-07T14:09:51.759276+00:00,03_vlm_polymer_real_synth,7,7,4.2,4.43,60.43,47.11,NVIDIA GeForce RTX 4090,36,100.64,0,2610.8,24564.0,
2026-09-07T14:10:01.770340+00:00,03_vlm_polymer_real_synth,7,7,4.2,4.41,60.43,47.11,NVIDIA GeForce RTX 4090,36,99.43,63,2610.1,24564.0,
2026-09-07T14:10:11.781883+00:00,03_vlm_polymer_real_synth,7,7,4.2,4.4,60.43,47.11,NVIDIA GeForce RTX 4090,36,99.24,68,2610.1,24564.0,
2026-09-07T14:10:21.793116+00:00,03_vlm_polymer_real_synth,7,7,4.2,4.4,60.43,47.11,NVIDIA GeForce RTX 4090,35,99.4,31,2610.1,24564.0,
2026-09-07T14:10:31.803953+00:00,03_vlm_polymer_real_synth,7,7,4.2,4.39,60.43,47.11,NVIDIA GeForce RTX 4090,35,100.21,11,2610.1,24564.0,
2026-09-07T14:10:41.815199+00:00,03_vlm_polymer_real_synth,7,7,4.2,4.39,60.43,47.11,NVIDIA GeForce RTX 4090,36,96.84,47,2610.1,24564.0,
2026-09-07T14:10:51.826264+00:00,03_vlm_polymer_real_synth,7,7,4.2,4.39,60.43,47.11,NVIDIA GeForce RTX 4090,36,96.88,25,2610.1,24564.0,
2026-09-07T14:11:01.837730+00:00,03_vlm_polymer_real_synth,7,7,4.2,4.4,60.43,47.11,NVIDIA GeForce RTX 4090,36,103.44,44,2610.1,24564.0,
2026-09-07T14:11:11.849138+00:00,03_vlm_polymer_real_synth,7,7,4.2,4.43,60.43,47.11,NVIDIA GeForce RTX 4090,35,99.53,44,2610.1,24564.0,
2026-09-07T14:11:21.860051+00:00,03_vlm_polymer_real_synth,7,7,4.2,4.45,60.43,47.11,NVIDIA GeForce RTX 4090,36,99.06,57,2610.1,24564.0,
2026-09-07T14:11:31.873141+00:00,03_vlm_polymer_real_synth,7,7,4.2,4.42,60.43,47.11,NVIDIA GeForce RTX 4090,35,97.25,62,2610.1,24564.0,
2026-09-07T14:11:41.885057+00:00,03_vlm_polymer_real_synth,7,7,4.2,4.37,60.43,47.11,NVIDIA GeForce RTX 4090,36,98.56,31,2610.1,24564.0,
2026-09-07T14:11:51.895970+00:00,03_vlm_polymer_real_synth,7,7,4.2,4.45,60.43,47.11,NVIDIA GeForce RTX 4090,35,97.73,29,2610.1,24564.0,
2026-09-07T14:12:01.907990+00:00,03_vlm_polymer_real_synth,7,7,4.2,4.42,60.43,47.11,NVIDIA GeForce RTX 4090,35,98.25,43,2610.1,24564.0,
2026-09-07T14:12:11.919544+00:00,03_vlm_polymer_real_synth,7,7,4.2,4.43,60.43,47.11,NVIDIA GeForce RTX 4090,36,97.37,12,2610.1,24564.0,
2026-09-07T14:12:21.930580+00:00,03_vlm_polymer_real_synth,7,7,4.2,4.42,60.43,47.11,NVIDIA GeForce RTX 4090,35,91.41,29,2610.1,24564.0,
2026-09-07T14:12:31.941651+00:00,03_vlm_polymer_real_synth,7,7,4.2,4.4,60.43,47.11,NVIDIA GeForce RTX 4090,35,90.76,29,2610.1,24564.0,
2026-09-07T14:12:41.953340+00:00,03_vlm_polymer_real_synth,7,7,4.0,4.42,60.43,47.11,NVIDIA GeForce RTX 4090,35,99.55,8,2610.1,24564.0,
2026-09-07T14:12:51.964466+00:00,03_vlm_polymer_real_synth,7,7,4.2,4.41,60.43,47.11,NVIDIA GeForce RTX 4090,35,99.73,38,2610.1,24564.0,
2026-09-07T14:13:01.977575+00:00,03_vlm_polymer_real_synth,7,7,4.2,4.43,60.43,47.11,NVIDIA GeForce RTX 4090,35,97.85,31,2610.1,24564.0,
2026-09-07T14:13:11.989184+00:00,03_vlm_polymer_real_synth,7,7,4.2,4.45,60.43,47.11,NVIDIA GeForce RTX 4090,35,99.75,41,2610.1,24564.0,
2026-09-07T14:13:22.002317+00:00,03_vlm_polymer_real_synth,7,7,4.2,4.44,60.43,47.11,NVIDIA GeForce RTX 4090,35,99.22,33,2610.1,24564.0,
2026-09-07T14:13:32.015914+00:00,03_vlm_polymer_real_synth,7,7,4.2,4.41,60.43,47.11,NVIDIA GeForce RTX 4090,35,100.5,17,2610.1,24564.0,
2026-09-07T14:13:42.027262+00:00,03_vlm_polymer_real_synth,7,7,4.2,4.44,60.43,47.11,NVIDIA GeForce RTX 4090,36,100.15,46,2610.1,24564.0,
2026-09-07T14:13:52.038183+00:00,03_vlm_polymer_real_synth,7,7,4.2,4.42,60.43,47.11,NVIDIA GeForce RTX 4090,35,97.73,0,2610.1,24564.0,
2026-09-07T14:14:02.050971+00:00,03_vlm_polymer_real_synth,7,7,4.2,4.41,60.43,47.11,NVIDIA GeForce RTX 4090,36,97.45,62,2610.1,24564.0,
2026-09-07T14:14:12.061916+00:00,03_vlm_polymer_real_synth,7,7,5.4,4.47,60.43,47.11,NVIDIA GeForce RTX 4090,35,102.73,40,2610.1,24564.0,
2026-09-07T14:14:22.072746+00:00,03_vlm_polymer_real_synth,7,7,4.2,4.43,60.43,47.11,NVIDIA GeForce RTX 4090,36,99.4,39,2610.1,24564.0,
2026-09-07T14:14:32.083787+00:00,03_vlm_polymer_real_synth,7,7,4.2,4.49,60.43,47.11,NVIDIA GeForce RTX 4090,35,96.88,28,2610.1,24564.0,
2026-09-07T14:14:42.094666+00:00,03_vlm_polymer_real_synth,7,7,4.2,4.46,60.43,47.11,NVIDIA GeForce RTX 4090,35,97.27,50,2610.1,24564.0,
2026-09-07T14:14:52.106050+00:00,03_vlm_polymer_real_synth,7,7,4.2,4.44,60.43,47.11,NVIDIA GeForce RTX 4090,35,97.04,63,2610.1,24564.0,
2026-09-07T14:15:02.116980+00:00,03_vlm_polymer_real_synth,7,7,4.2,4.44,60.43,47.11,NVIDIA GeForce RTX 4090,36,100.66,0,2610.1,24564.0,
2026-09-07T14:15:12.127629+00:00,03_vlm_polymer_real_synth,7,7,4.2,4.44,60.43,47.11,NVIDIA GeForce RTX 4090,36,100.03,42,2610.1,24564.0,
2026-09-07T14:15:22.139673+00:00,03_vlm_polymer_real_synth,7,7,4.2,4.46,60.43,47.11,NVIDIA GeForce RTX 4090,36,98.48,11,2610.1,24564.0,
2026-09-07T14:15:32.150326+00:00,03_vlm_polymer_real_synth,7,7,4.2,4.42,60.43,47.11,NVIDIA GeForce RTX 4090,36,96.45,11,2610.1,24564.0,
2026-09-07T14:15:42.162307+00:00,03_vlm_polymer_real_synth,7,7,4.2,4.42,60.43,47.11,NVIDIA GeForce RTX 4090,35,101.0,34,2610.1,24564.0,
2026-09-07T14:15:52.173103+00:00,03_vlm_polymer_real_synth,7,7,4.2,4.41,60.43,47.11,NVIDIA GeForce RTX 4090,36,98.22,27,2610.1,24564.0,
2026-09-07T14:16:02.185882+00:00,03_vlm_polymer_real_synth,7,7,4.4,4.41,60.43,47.11,NVIDIA GeForce RTX 4090,35,100.8,63,2610.1,24564.0,
2026-09-07T14:16:12.196809+00:00,03_vlm_polymer_real_synth,7,7,4.2,4.43,60.43,47.11,NVIDIA GeForce RTX 4090,37,99.86,40,2610.1,24564.0,
2026-09-07T14:16:22.208097+00:00,03_vlm_polymer_real_synth,7,7,4.2,4.41,60.43,47.11,NVIDIA GeForce RTX 4090,36,101.82,25,2610.1,24564.0,
2026-09-07T14:16:32.219251+00:00,03_vlm_polymer_real_synth,7,7,4.2,4.42,60.43,47.11,NVIDIA GeForce RTX 4090,35,97.41,59,2610.1,24564.0,
2026-09-07T14:16:42.230341+00:00,03_vlm_polymer_real_synth,7,7,4.2,4.42,60.43,47.11,NVIDIA GeForce RTX 4090,36,98.68,47,2610.1,24564.0,
2026-09-07T14:16:52.241614+00:00,03_vlm_polymer_real_synth,7,7,4.2,4.41,60.43,47.11,NVIDIA GeForce RTX 4090,35,99.74,40,2610.1,24564.0,
2026-09-07T14:17:02.252749+00:00,03_vlm_polymer_real_synth,7,7,4.2,4.42,60.43,47.11,NVIDIA GeForce RTX 4090,36,97.04,45,2610.1,24564.0,
2026-09-07T14:17:12.264014+00:00,03_vlm_polymer_real_synth,7,7,4.2,4.43,60.43,47.11,NVIDIA GeForce RTX 4090,35,98.63,62,2610.1,24564.0,
2026-09-07T14:17:22.275039+00:00,03_vlm_polymer_real_synth,7,7,4.2,4.43,60.43,47.11,NVIDIA GeForce RTX 4090,35,99.38,53,2610.1,24564.0,
2026-09-07T14:17:32.286101+00:00,03_vlm_polymer_real_synth,7,7,4.2,4.52,60.43,47.11,NVIDIA GeForce RTX 4090,35,99.98,16,2610.1,24564.0,
2026-09-07T14:17:42.297140+00:00,03_vlm_polymer_real_synth,7,7,4.2,4.45,60.43,47.11,NVIDIA GeForce RTX 4090,35,98.43,8,2610.1,24564.0,
2026-09-07T14:17:52.308350+00:00,03_vlm_polymer_real_synth,7,7,4.2,4.42,60.43,47.11,NVIDIA GeForce RTX 4090,35,98.65,5,2610.1,24564.0,
2026-09-07T14:18:02.319303+00:00,03_vlm_polymer_real_synth,7,7,4.2,4.48,60.43,47.11,NVIDIA GeForce RTX 4090,35,97.17,12,2610.1,24564.0,
2026-09-07T14:18:12.332141+00:00,03_vlm_polymer_real_synth,7,7,4.2,4.47,60.43,47.11,NVIDIA GeForce RTX 4090,35,97.27,38,2610.1,24564.0,
2026-09-07T14:18:22.343446+00:00,03_vlm_polymer_real_synth,7,7,4.2,4.44,60.43,47.11,NVIDIA GeForce RTX 4090,36,100.82,61,2610.1,24564.0,
2026-09-07T14:18:32.354494+00:00,03_vlm_polymer_real_synth,7,7,4.2,4.44,60.43,47.11,NVIDIA GeForce RTX 4090,36,96.97,68,2610.1,24564.0,
2026-09-07T14:18:42.365545+00:00,03_vlm_polymer_real_synth,7,7,4.2,4.43,60.43,47.11,NVIDIA GeForce RTX 4090,36,99.61,68,2610.1,24564.0,
2026-09-07T14:18:52.377124+00:00,03_vlm_polymer_real_synth,7,7,4.2,4.43,60.43,47.11,NVIDIA GeForce RTX 4090,36,101.21,69,2610.1,24564.0,
2026-09-07T14:19:02.388464+00:00,03_vlm_polymer_real_synth,7,7,4.2,4.43,60.43,47.11,NVIDIA GeForce RTX 4090,35,96.93,0,2610.1,24564.0,
2026-09-07T14:19:12.399530+00:00,03_vlm_polymer_real_synth,7,7,4.2,4.43,60.43,47.11,NVIDIA GeForce RTX 4090,35,98.0,0,2610.1,24564.0,
2026-09-07T14:19:22.410472+00:00,03_vlm_polymer_real_synth,7,7,4.2,4.45,60.43,47.11,NVIDIA GeForce RTX 4090,36,99.6,44,2610.1,24564.0,
2026-09-07T14:19:32.421528+00:00,03_vlm_polymer_real_synth,7,7,4.2,4.42,60.43,47.11,NVIDIA GeForce RTX 4090,35,89.77,34,2610.1,24564.0,
2026-09-07T14:19:42.432723+00:00,03_vlm_polymer_real_synth,7,7,4.2,4.41,60.43,47.11,NVIDIA GeForce RTX 4090,36,91.19,29,2610.1,24564.0,
2026-09-07T14:19:52.443688+00:00,03_vlm_polymer_real_synth,7,7,4.2,4.42,60.43,47.11,NVIDIA GeForce RTX 4090,35,96.81,67,2610.1,24564.0,
2026-09-07T14:20:02.454969+00:00,03_vlm_polymer_real_synth,7,7,4.2,4.41,60.43,47.11,NVIDIA GeForce RTX 4090,37,95.88,40,2610.1,24564.0,
2026-09-07T14:20:12.466102+00:00,03_vlm_polymer_real_synth,7,7,4.2,4.42,60.43,47.11,NVIDIA GeForce RTX 4090,35,96.67,63,2610.1,24564.0,
2026-09-07T14:20:22.477110+00:00,03_vlm_polymer_real_synth,7,7,4.2,4.42,60.43,47.11,NVIDIA GeForce RTX 4090,36,100.13,30,2610.1,24564.0,
2026-09-07T14:20:32.487941+00:00,03_vlm_polymer_real_synth,7,7,4.2,4.41,60.43,47.11,NVIDIA GeForce RTX 4090,37,98.92,35,2610.1,24564.0,
2026-09-07T14:20:42.499183+00:00,03_vlm_polymer_real_synth,7,7,4.2,4.4,60.43,47.11,NVIDIA GeForce RTX 4090,36,97.42,49,2610.1,24564.0,
2026-09-07T14:20:52.510268+00:00,03_vlm_polymer_real_synth,7,7,4.2,4.38,60.43,47.11,NVIDIA GeForce RTX 4090,35,96.63,40,2610.1,24564.0,
2026-09-07T14:21:02.522061+00:00,03_vlm_polymer_real_synth,7,7,4.2,4.46,60.43,47.11,NVIDIA GeForce RTX 4090,35,98.23,2,2610.1,24564.0,
2026-09-07T14:21:12.533307+00:00,03_vlm_polymer_real_synth,7,7,4.2,4.4,60.43,47.11,NVIDIA GeForce RTX 4090,36,96.98,24,2610.1,24564.0,
2026-09-07T14:21:22.544230+00:00,03_vlm_polymer_real_synth,7,7,4.2,4.38,60.43,47.11,NVIDIA GeForce RTX 4090,37,99.71,50,2610.1,24564.0,
2026-09-07T14:21:32.555450+00:00,03_vlm_polymer_real_synth,7,7,4.2,4.43,60.43,47.11,NVIDIA GeForce RTX 4090,36,101.21,64,2610.1,24564.0,
2026-09-07T14:21:42.566251+00:00,03_vlm_polymer_real_synth,7,7,4.2,4.4,60.43,47.11,NVIDIA GeForce RTX 4090,36,101.38,49,2610.1,24564.0,
2026-09-07T14:21:52.577195+00:00,03_vlm_polymer_real_synth,7,7,4.2,4.39,60.43,47.11,NVIDIA GeForce RTX 4090,35,98.2,37,2610.1,24564.0,
2026-09-07T14:22:02.590269+00:00,03_vlm_polymer_real_synth,7,7,4.2,4.43,60.43,47.11,NVIDIA GeForce RTX 4090,35,99.17,23,2610.1,24564.0,
2026-09-07T14:22:12.601182+00:00,03_vlm_polymer_real_synth,7,7,4.2,4.41,60.43,47.11,NVIDIA GeForce RTX 4090,37,99.43,13,2610.1,24564.0,
2026-09-07T14:22:22.612427+00:00,03_vlm_polymer_real_synth,7,7,4.2,4.48,60.43,47.11,NVIDIA GeForce RTX 4090,37,97.42,1,2610.1,24564.0,
2026-09-07T14:22:32.623372+00:00,03_vlm_polymer_real_synth,7,7,4.2,4.47,60.43,47.11,NVIDIA GeForce RTX 4090,35,100.63,44,2610.1,24564.0,
2026-09-07T14:22:42.634260+00:00,03_vlm_polymer_real_synth,7,7,4.2,4.44,60.43,47.11,NVIDIA GeForce RTX 4090,35,101.42,43,2610.1,24564.0,
2026-09-07T14:22:52.645266+00:00,03_vlm_polymer_real_synth,7,7,4.2,4.45,60.43,47.11,NVIDIA GeForce RTX 4090,35,100.47,45,2610.1,24564.0,
2026-09-07T14:23:02.656488+00:00,03_vlm_polymer_real_synth,7,7,4.2,4.42,60.43,47.11,NVIDIA GeForce RTX 4090,36,96.81,28,2610.1,24564.0,
2026-09-07T14:23:12.668119+00:00,03_vlm_polymer_real_synth,7,7,4.2,4.42,60.43,47.11,NVIDIA GeForce RTX 4090,36,98.25,45,2610.1,24564.0,
2026-09-07T14:23:22.679255+00:00,03_vlm_polymer_real_synth,7,7,4.2,4.44,60.43,47.11,NVIDIA GeForce RTX 4090,36,100.46,10,2610.1,24564.0,
2026-09-07T14:23:32.690100+00:00,03_vlm_polymer_real_synth,7,7,4.2,4.41,60.43,47.11,NVIDIA GeForce RTX 4090,37,96.57,62,2610.1,24564.0,
2026-09-07T14:23:42.701149+00:00,03_vlm_polymer_real_synth,7,7,4.2,4.43,60.43,47.11,NVIDIA GeForce RTX 4090,35,97.45,45,2610.1,24564.0,
2026-09-07T14:23:52.712497+00:00,03_vlm_polymer_real_synth,7,7,4.2,4.39,60.43,47.11,NVIDIA GeForce RTX 4090,36,100.27,18,2610.1,24564.0,
2026-09-07T14:24:02.723629+00:00,03_vlm_polymer_real_synth,7,7,4.2,4.37,60.43,47.11,NVIDIA GeForce RTX 4090,36,100.56,14,2610.1,24564.0,
2026-09-07T14:24:12.734461+00:00,03_vlm_polymer_real_synth,7,7,4.2,4.39,60.43,47.11,NVIDIA GeForce RTX 4090,35,100.14,16,2610.1,24564.0,
2026-09-07T14:24:22.746900+00:00,03_vlm_polymer_real_synth,7,7,4.2,4.42,60.43,47.11,NVIDIA GeForce RTX 4090,35,97.68,15,2610.1,24564.0,
2026-09-07T14:24:32.757849+00:00,03_vlm_polymer_real_synth,7,7,4.2,4.48,60.43,47.11,NVIDIA GeForce RTX 4090,36,100.32,56,2610.1,24564.0,
2026-09-07T14:24:42.770476+00:00,03_vlm_polymer_real_synth,7,7,4.2,4.46,60.43,47.11,NVIDIA GeForce RTX 4090,36,99.81,59,2610.1,24564.0,
2026-09-07T14:24:52.783878+00:00,03_vlm_polymer_real_synth,7,7,4.2,4.43,60.43,47.11,NVIDIA GeForce RTX 4090,35,98.36,28,2610.1,24564.0,
2026-09-07T14:25:02.795141+00:00,03_vlm_polymer_real_synth,7,7,4.2,4.42,60.43,47.11,NVIDIA GeForce RTX 4090,36,101.48,27,2610.1,24564.0,
2026-09-07T14:25:12.806228+00:00,03_vlm_polymer_real_synth,7,7,4.2,4.4,60.43,47.11,NVIDIA GeForce RTX 4090,37,96.63,0,2610.1,24564.0,
2026-09-07T14:25:22.817422+00:00,03_vlm_polymer_real_synth,7,7,4.2,4.45,60.43,47.11,NVIDIA GeForce RTX 4090,37,101.02,41,2610.1,24564.0,
2026-09-07T14:25:32.828434+00:00,03_vlm_polymer_real_synth,7,7,4.2,4.43,60.43,47.11,NVIDIA GeForce RTX 4090,37,97.18,0,2610.1,24564.0,
2026-09-07T14:25:42.840404+00:00,03_vlm_polymer_real_synth,7,7,4.2,4.42,60.43,47.11,NVIDIA GeForce RTX 4090,35,101.59,18,2610.1,24564.0,
2026-09-07T14:25:52.851231+00:00,03_vlm_polymer_real_synth,7,7,4.2,4.41,60.43,47.11,NVIDIA GeForce RTX 4090,35,97.35,28,2610.1,24564.0,
2026-09-07T14:26:02.862780+00:00,03_vlm_polymer_real_synth,7,7,4.2,4.39,60.43,47.11,NVIDIA GeForce RTX 4090,37,99.83,5,2610.1,24564.0,
2026-09-07T14:26:12.874851+00:00,03_vlm_polymer_real_synth,7,7,4.2,4.45,60.43,47.11,NVIDIA GeForce RTX 4090,36,98.55,15,2610.1,24564.0,
2026-09-07T14:26:22.887953+00:00,03_vlm_polymer_real_synth,7,7,4.2,4.41,60.43,47.11,NVIDIA GeForce RTX 4090,36,96.69,31,2610.1,24564.0,
2026-09-07T14:26:32.898914+00:00,03_vlm_polymer_real_synth,7,7,4.2,4.41,60.43,47.11,NVIDIA GeForce RTX 4090,36,96.52,25,2610.1,24564.0,
2026-09-07T14:26:42.911916+00:00,03_vlm_polymer_real_synth,7,7,4.2,4.4,60.43,47.11,NVIDIA GeForce RTX 4090,35,100.61,58,2610.1,24564.0,
2026-09-07T14:26:52.922850+00:00,03_vlm_polymer_real_synth,7,7,4.2,4.41,60.43,47.11,NVIDIA GeForce RTX 4090,35,90.13,40,2610.1,24564.0,
2026-09-07T14:27:02.933831+00:00,03_vlm_polymer_real_synth,7,7,4.2,4.4,60.43,47.11,NVIDIA GeForce RTX 4090,35,92.21,39,2610.1,24564.0,
2026-09-07T14:27:12.944922+00:00,03_vlm_polymer_real_synth,7,7,3.4,4.46,60.43,47.11,NVIDIA GeForce RTX 4090,35,93.7,33,3228.1,24564.0,
2026-09-07T14:27:22.955771+00:00,03_vlm_polymer_real_synth,7,7,4.2,4.46,60.43,47.11,NVIDIA GeForce RTX 4090,35,91.24,29,3228.1,24564.0,
2026-09-07T14:27:32.966878+00:00,03_vlm_polymer_real_synth,8,8,3.4,4.35,60.43,47.11,NVIDIA GeForce RTX 4090,35,100.98,40,2608.1,24564.0,
2026-09-07T14:27:42.978686+00:00,03_vlm_polymer_real_synth,8,8,4.2,4.41,60.43,47.11,NVIDIA GeForce RTX 4090,34,98.46,0,2610.1,24564.0,
2026-09-07T14:27:52.989606+00:00,03_vlm_polymer_real_synth,8,8,4.2,4.44,60.43,47.11,NVIDIA GeForce RTX 4090,36,99.14,29,2610.1,24564.0,
2026-09-07T14:28:03.000754+00:00,03_vlm_polymer_real_synth,8,8,4.2,4.37,60.43,47.11,NVIDIA GeForce RTX 4090,35,99.77,52,2610.1,24564.0,
2026-09-07T14:28:13.011249+00:00,03_vlm_polymer_real_synth,8,8,4.2,4.36,60.43,47.11,NVIDIA GeForce RTX 4090,35,103.32,43,2610.1,24564.0,
2026-09-07T14:28:23.022841+00:00,03_vlm_polymer_real_synth,8,8,4.2,4.35,60.43,47.11,NVIDIA GeForce RTX 4090,34,99.58,43,2610.1,24564.0,
2026-09-07T14:28:33.034124+00:00,03_vlm_polymer_real_synth,8,8,4.2,4.33,60.43,47.11,NVIDIA GeForce RTX 4090,35,99.98,45,2610.1,24564.0,
2026-09-07T14:28:43.045123+00:00,03_vlm_polymer_real_synth,8,8,4.2,4.32,60.43,47.11,NVIDIA GeForce RTX 4090,35,96.06,10,2610.1,24564.0,
2026-09-07T14:28:53.055855+00:00,03_vlm_polymer_real_synth,8,8,4.2,4.31,60.43,47.11,NVIDIA GeForce RTX 4090,37,99.78,41,2610.1,24564.0,
2026-09-07T14:29:03.066844+00:00,03_vlm_polymer_real_synth,8,8,4.2,4.31,60.43,47.11,NVIDIA GeForce RTX 4090,36,99.27,25,2610.1,24564.0,
2026-09-07T14:29:13.077574+00:00,03_vlm_polymer_real_synth,8,8,4.2,4.33,60.43,47.11,NVIDIA GeForce RTX 4090,36,98.75,0,2610.1,24564.0,
2026-09-07T14:29:23.089254+00:00,03_vlm_polymer_real_synth,8,8,4.2,4.36,60.43,47.11,NVIDIA GeForce RTX 4090,35,97.16,14,2610.1,24564.0,
2026-09-07T14:29:33.103008+00:00,03_vlm_polymer_real_synth,8,8,4.2,4.32,60.43,47.11,NVIDIA GeForce RTX 4090,36,99.45,48,2610.1,24564.0,
2026-09-07T14:29:43.114377+00:00,03_vlm_polymer_real_synth,8,8,4.2,4.37,60.43,47.11,NVIDIA GeForce RTX 4090,36,97.6,16,2610.1,24564.0,
2026-09-07T14:29:53.125635+00:00,03_vlm_polymer_real_synth,8,8,4.2,4.37,60.43,47.11,NVIDIA GeForce RTX 4090,36,97.02,19,2610.1,24564.0,
2026-09-07T14:30:03.137295+00:00,03_vlm_polymer_real_synth,8,8,4.2,4.32,60.43,47.11,NVIDIA GeForce RTX 4090,36,98.42,10,2610.1,24564.0,
2026-09-07T14:30:13.148279+00:00,03_vlm_polymer_real_synth,8,8,4.2,4.33,60.43,47.11,NVIDIA GeForce RTX 4090,36,100.09,45,2610.1,24564.0,
2026-09-07T14:30:23.161063+00:00,03_vlm_polymer_real_synth,8,8,4.2,4.36,60.43,47.11,NVIDIA GeForce RTX 4090,35,101.26,39,2610.1,24564.0,
2026-09-07T14:30:33.171886+00:00,03_vlm_polymer_real_synth,8,8,4.2,4.36,60.43,47.11,NVIDIA GeForce RTX 4090,36,97.32,0,2610.1,24564.0,
2026-09-07T14:30:43.182769+00:00,03_vlm_polymer_real_synth,8,8,4.2,4.34,60.43,47.11,NVIDIA GeForce RTX 4090,35,104.36,69,2610.1,24564.0,
2026-09-07T14:30:53.193745+00:00,03_vlm_polymer_real_synth,8,8,4.2,4.34,60.43,47.11,NVIDIA GeForce RTX 4090,36,99.78,23,2610.1,24564.0,
2026-09-07T14:31:03.205546+00:00,03_vlm_polymer_real_synth,8,8,4.2,4.33,60.43,47.11,NVIDIA GeForce RTX 4090,35,100.51,69,2610.1,24564.0,
2026-09-07T14:31:13.216827+00:00,03_vlm_polymer_real_synth,8,8,4.2,4.33,60.43,47.11,NVIDIA GeForce RTX 4090,36,96.49,0,2610.1,24564.0,
2026-09-07T14:31:23.227741+00:00,03_vlm_polymer_real_synth,8,8,4.2,4.32,60.43,47.11,NVIDIA GeForce RTX 4090,35,96.6,69,2610.1,24564.0,
2026-09-07T14:31:33.238794+00:00,03_vlm_polymer_real_synth,8,8,4.2,4.32,60.43,47.11,NVIDIA GeForce RTX 4090,37,102.06,40,2610.1,24564.0,
2026-09-07T14:31:43.250104+00:00,03_vlm_polymer_real_synth,8,8,4.2,4.35,60.43,47.11,NVIDIA GeForce RTX 4090,35,100.18,13,2610.1,24564.0,
2026-09-07T14:31:53.263846+00:00,03_vlm_polymer_real_synth,8,8,4.2,4.31,60.43,47.11,NVIDIA GeForce RTX 4090,36,100.95,16,2610.1,24564.0,
2026-09-07T14:32:03.275147+00:00,03_vlm_polymer_real_synth,8,8,4.2,4.35,60.43,47.11,NVIDIA GeForce RTX 4090,35,99.23,62,2610.1,24564.0,
2026-09-07T14:32:13.286184+00:00,03_vlm_polymer_real_synth,8,8,4.2,4.34,60.43,47.11,NVIDIA GeForce RTX 4090,35,98.59,24,2610.1,24564.0,
2026-09-07T14:32:23.297564+00:00,03_vlm_polymer_real_synth,8,8,4.2,4.32,60.43,47.11,NVIDIA GeForce RTX 4090,36,100.2,35,2610.1,24564.0,
2026-09-07T14:32:33.308217+00:00,03_vlm_polymer_real_synth,8,8,4.2,4.37,60.43,47.11,NVIDIA GeForce RTX 4090,35,99.28,2,2610.1,24564.0,
2026-09-07T14:32:43.320824+00:00,03_vlm_polymer_real_synth,8,8,4.2,4.33,60.43,47.11,NVIDIA GeForce RTX 4090,35,98.17,8,2610.1,24564.0,
2026-09-07T14:32:53.332523+00:00,03_vlm_polymer_real_synth,8,8,4.2,4.34,60.43,47.11,NVIDIA GeForce RTX 4090,35,101.59,1,2610.1,24564.0,
2026-09-07T14:33:03.343423+00:00,03_vlm_polymer_real_synth,8,8,4.2,4.35,60.43,47.11,NVIDIA GeForce RTX 4090,36,98.34,19,2610.1,24564.0,
2026-09-07T14:33:13.354376+00:00,03_vlm_polymer_real_synth,8,8,4.2,4.34,60.43,47.11,NVIDIA GeForce RTX 4090,36,97.37,63,2610.1,24564.0,
2026-09-07T14:33:23.365461+00:00,03_vlm_polymer_real_synth,8,8,4.2,4.38,60.43,47.11,NVIDIA GeForce RTX 4090,37,99.61,31,2610.1,24564.0,
2026-09-07T14:33:33.376364+00:00,03_vlm_polymer_real_synth,8,8,4.2,4.34,60.43,47.11,NVIDIA GeForce RTX 4090,36,99.08,42,2610.1,24564.0,
2026-09-07T14:33:43.387724+00:00,03_vlm_polymer_real_synth,8,8,4.2,4.36,60.43,47.11,NVIDIA GeForce RTX 4090,37,99.87,37,2610.1,24564.0,
2026-09-07T14:33:53.398786+00:00,03_vlm_polymer_real_synth,8,8,4.2,4.32,60.43,47.11,NVIDIA GeForce RTX 4090,35,100.39,27,2610.1,24564.0,
2026-09-07T14:34:03.409940+00:00,03_vlm_polymer_real_synth,8,8,4.2,4.36,60.43,47.11,NVIDIA GeForce RTX 4090,36,100.3,0,2610.1,24564.0,
2026-09-07T14:34:13.423971+00:00,03_vlm_polymer_real_synth,8,8,4.2,4.34,60.43,47.11,NVIDIA GeForce RTX 4090,35,97.26,21,2610.1,24564.0,
2026-09-07T14:34:23.434909+00:00,03_vlm_polymer_real_synth,8,8,4.2,4.39,60.43,47.11,NVIDIA GeForce RTX 4090,35,92.12,25,2610.1,24564.0,
2026-09-07T14:34:33.447031+00:00,03_vlm_polymer_real_synth,8,8,4.2,4.39,60.43,47.11,NVIDIA GeForce RTX 4090,36,90.69,25,2610.1,24564.0,
2026-09-07T14:34:43.458273+00:00,03_vlm_polymer_real_synth,8,8,3.9,4.41,60.43,47.09,NVIDIA GeForce RTX 4090,34,76.3,0,2610.1,24564.0,
2026-09-07T14:34:53.469267+00:00,03_vlm_polymer_real_synth,8,8,4.2,4.39,60.43,47.09,NVIDIA GeForce RTX 4090,36,99.49,12,2610.1,24564.0,
2026-09-07T14:35:03.482539+00:00,03_vlm_polymer_real_synth,8,8,4.2,4.41,60.43,47.09,NVIDIA GeForce RTX 4090,35,97.55,58,2610.1,24564.0,
2026-09-07T14:35:13.494008+00:00,03_vlm_polymer_real_synth,8,8,4.2,4.38,60.43,47.09,NVIDIA GeForce RTX 4090,36,101.56,45,2610.1,24564.0,
2026-09-07T14:35:23.505318+00:00,03_vlm_polymer_real_synth,8,8,4.2,4.38,60.43,47.09,NVIDIA GeForce RTX 4090,35,98.76,63,2610.1,24564.0,
2026-09-07T14:35:33.516661+00:00,03_vlm_polymer_real_synth,8,8,4.2,4.38,60.43,47.09,NVIDIA GeForce RTX 4090,35,97.66,56,2610.1,24564.0,
2026-09-07T14:35:43.527471+00:00,03_vlm_polymer_real_synth,8,8,4.2,4.47,60.43,47.09,NVIDIA GeForce RTX 4090,36,99.78,48,2610.1,24564.0,
2026-09-07T14:35:53.538220+00:00,03_vlm_polymer_real_synth,8,8,4.2,4.45,60.43,47.09,NVIDIA GeForce RTX 4090,35,96.61,29,2610.1,24564.0,
2026-09-07T14:36:03.549178+00:00,03_vlm_polymer_real_synth,8,8,4.2,4.47,60.43,47.09,NVIDIA GeForce RTX 4090,37,100.89,15,2610.1,24564.0,
2026-09-07T14:36:13.560239+00:00,03_vlm_polymer_real_synth,8,8,4.2,4.47,60.43,47.09,NVIDIA GeForce RTX 4090,35,100.33,46,2610.1,24564.0,
2026-09-07T14:36:23.573607+00:00,03_vlm_polymer_real_synth,8,8,4.2,4.47,60.43,47.09,NVIDIA GeForce RTX 4090,36,100.38,63,2610.1,24564.0,
2026-09-07T14:36:33.584387+00:00,03_vlm_polymer_real_synth,8,8,4.2,4.47,60.43,47.09,NVIDIA GeForce RTX 4090,36,102.79,57,2610.1,24564.0,
2026-09-07T14:36:43.595346+00:00,03_vlm_polymer_real_synth,8,8,4.2,4.45,60.43,47.09,NVIDIA GeForce RTX 4090,36,96.71,67,2610.1,24564.0,
2026-09-07T14:36:53.606377+00:00,03_vlm_polymer_real_synth,8,8,4.2,4.45,60.43,47.09,NVIDIA GeForce RTX 4090,36,99.16,4,2610.1,24564.0,
2026-09-07T14:37:03.617336+00:00,03_vlm_polymer_real_synth,8,8,4.2,4.47,60.43,47.09,NVIDIA GeForce RTX 4090,36,99.82,40,2610.1,24564.0,
2026-09-07T14:37:13.628319+00:00,03_vlm_polymer_real_synth,8,8,4.2,4.42,60.43,47.09,NVIDIA GeForce RTX 4090,35,100.67,41,2610.1,24564.0,
2026-09-07T14:37:23.639228+00:00,03_vlm_polymer_real_synth,8,8,4.2,4.39,60.43,47.09,NVIDIA GeForce RTX 4090,36,98.33,4,2610.1,24564.0,
2026-09-07T14:37:33.650395+00:00,03_vlm_polymer_real_synth,8,8,4.2,4.49,60.43,47.09,NVIDIA GeForce RTX 4090,36,97.6,57,2610.1,24564.0,
2026-09-07T14:37:43.662010+00:00,03_vlm_polymer_real_synth,8,8,4.2,4.47,60.43,47.09,NVIDIA GeForce RTX 4090,36,96.97,18,2610.1,24564.0,
2026-09-07T14:37:53.673796+00:00,03_vlm_polymer_real_synth,8,8,4.2,4.44,60.43,47.09,NVIDIA GeForce RTX 4090,36,98.66,17,2610.1,24564.0,
2026-09-07T14:38:03.686453+00:00,03_vlm_polymer_real_synth,8,8,4.2,4.41,60.43,47.09,NVIDIA GeForce RTX 4090,35,104.01,38,2610.1,24564.0,
2026-09-07T14:38:13.697924+00:00,03_vlm_polymer_real_synth,8,8,4.2,4.39,60.43,47.09,NVIDIA GeForce RTX 4090,35,101.35,64,2610.1,24564.0,
2026-09-07T14:38:23.711124+00:00,03_vlm_polymer_real_synth,8,8,4.2,4.4,60.43,47.09,NVIDIA GeForce RTX 4090,37,97.21,65,2610.1,24564.0,
2026-09-07T14:38:33.722065+00:00,03_vlm_polymer_real_synth,8,8,4.2,4.46,60.43,47.09,NVIDIA GeForce RTX 4090,36,97.17,51,2610.1,24564.0,
2026-09-07T14:38:43.733241+00:00,03_vlm_polymer_real_synth,8,8,4.2,4.43,60.43,47.09,NVIDIA GeForce RTX 4090,36,101.81,68,2610.1,24564.0,
2026-09-07T14:38:53.744490+00:00,03_vlm_polymer_real_synth,8,8,4.2,4.47,60.43,47.09,NVIDIA GeForce RTX 4090,35,103.97,31,2610.1,24564.0,
2026-09-07T14:39:03.755416+00:00,03_vlm_polymer_real_synth,8,8,4.2,4.44,60.43,47.09,NVIDIA GeForce RTX 4090,35,102.53,19,2610.1,24564.0,
2026-09-07T14:39:13.767161+00:00,03_vlm_polymer_real_synth,8,8,4.2,4.46,60.43,47.09,NVIDIA GeForce RTX 4090,36,100.5,49,2610.1,24564.0,
2026-09-07T14:39:23.780916+00:00,03_vlm_polymer_real_synth,8,8,4.2,4.47,60.43,47.09,NVIDIA GeForce RTX 4090,35,100.94,55,2610.1,24564.0,
2026-09-07T14:39:33.793912+00:00,03_vlm_polymer_real_synth,8,8,4.2,4.5,60.43,47.09,NVIDIA GeForce RTX 4090,35,97.29,44,2610.1,24564.0,
2026-09-07T14:39:43.804954+00:00,03_vlm_polymer_real_synth,8,8,4.2,4.47,60.43,47.09,NVIDIA GeForce RTX 4090,36,104.6,52,2610.1,24564.0,
2026-09-07T14:39:53.816013+00:00,03_vlm_polymer_real_synth,8,8,4.2,4.49,60.43,47.09,NVIDIA GeForce RTX 4090,35,98.55,51,2610.1,24564.0,
2026-09-07T14:40:03.827200+00:00,03_vlm_polymer_real_synth,8,8,4.2,4.48,60.43,47.09,NVIDIA GeForce RTX 4090,36,101.17,53,2610.1,24564.0,
2026-09-07T14:40:13.838606+00:00,03_vlm_polymer_real_synth,8,8,4.2,4.44,60.43,47.09,NVIDIA GeForce RTX 4090,36,98.64,56,2610.1,24564.0,
2026-09-07T14:40:23.849775+00:00,03_vlm_polymer_real_synth,8,8,4.2,4.52,60.43,47.09,NVIDIA GeForce RTX 4090,36,96.95,10,2610.1,24564.0,
2026-09-07T14:40:33.861259+00:00,03_vlm_polymer_real_synth,8,8,4.2,4.48,60.43,47.09,NVIDIA GeForce RTX 4090,36,99.44,42,2610.1,24564.0,
2026-09-07T14:40:43.872000+00:00,03_vlm_polymer_real_synth,8,8,4.2,4.44,60.43,47.09,NVIDIA GeForce RTX 4090,36,99.86,51,2610.1,24564.0,
2026-09-07T14:40:53.883647+00:00,03_vlm_polymer_real_synth,8,8,4.2,4.44,60.43,47.09,NVIDIA GeForce RTX 4090,35,97.13,59,2610.1,24564.0,
2026-09-07T14:41:03.894617+00:00,03_vlm_polymer_real_synth,8,8,4.2,4.43,60.43,47.09,NVIDIA GeForce RTX 4090,35,101.14,20,2610.1,24564.0,
2026-09-07T14:41:13.905620+00:00,03_vlm_polymer_real_synth,8,8,4.2,4.52,60.43,47.09,NVIDIA GeForce RTX 4090,35,98.52,47,2610.1,24564.0,
2026-09-07T14:41:23.916860+00:00,03_vlm_polymer_real_synth,8,8,4.2,4.47,60.43,47.09,NVIDIA GeForce RTX 4090,35,102.09,0,2610.1,24564.0,
2026-09-07T14:41:33.927919+00:00,03_vlm_polymer_real_synth,8,8,4.2,4.45,60.43,47.09,NVIDIA GeForce RTX 4090,36,96.92,2,2610.1,24564.0,
2026-09-07T14:41:43.939038+00:00,03_vlm_polymer_real_synth,8,8,4.2,4.42,60.43,47.09,NVIDIA GeForce RTX 4090,36,92.07,41,2610.1,24564.0,
2026-09-07T14:41:53.950131+00:00,03_vlm_polymer_real_synth,8,8,4.2,4.4,60.43,47.09,NVIDIA GeForce RTX 4090,35,91.75,35,2610.1,24564.0,
2026-09-07T14:42:03.961462+00:00,03_vlm_polymer_real_synth,8,8,4.0,4.41,60.43,47.09,NVIDIA GeForce RTX 4090,35,99.05,58,2610.1,24564.0,
2026-09-07T14:42:13.972695+00:00,03_vlm_polymer_real_synth,8,8,4.2,4.4,60.43,47.09,NVIDIA GeForce RTX 4090,35,98.73,51,2610.1,24564.0,
2026-09-07T14:42:23.983648+00:00,03_vlm_polymer_real_synth,8,8,4.2,4.4,60.43,47.09,NVIDIA GeForce RTX 4090,36,101.44,30,2610.1,24564.0,
2026-09-07T14:42:33.994604+00:00,03_vlm_polymer_real_synth,8,8,4.2,4.4,60.43,47.09,NVIDIA GeForce RTX 4090,36,97.53,23,2610.1,24564.0,
2026-09-07T14:42:44.005751+00:00,03_vlm_polymer_real_synth,8,8,4.2,4.39,60.43,47.09,NVIDIA GeForce RTX 4090,35,100.81,32,2610.1,24564.0,
2026-09-07T14:42:54.016832+00:00,03_vlm_polymer_real_synth,8,8,4.2,4.45,60.43,47.09,NVIDIA GeForce RTX 4090,35,99.95,19,2610.1,24564.0,
2026-09-07T14:43:04.027909+00:00,03_vlm_polymer_real_synth,8,8,4.2,4.48,60.43,47.09,NVIDIA GeForce RTX 4090,36,97.12,37,2610.1,24564.0,
2026-09-07T14:43:14.039248+00:00,03_vlm_polymer_real_synth,8,8,4.2,4.45,60.43,47.09,NVIDIA GeForce RTX 4090,37,100.42,34,2610.1,24564.0,
2026-09-07T14:43:24.053415+00:00,03_vlm_polymer_real_synth,8,8,4.2,4.44,60.43,47.09,NVIDIA GeForce RTX 4090,36,99.13,21,2610.1,24564.0,
2026-09-07T14:43:34.066121+00:00,03_vlm_polymer_real_synth,8,8,4.2,4.46,60.43,47.09,NVIDIA GeForce RTX 4090,36,97.37,0,2610.1,24564.0,
2026-09-07T14:43:44.077142+00:00,03_vlm_polymer_real_synth,8,8,4.2,4.43,60.43,47.09,NVIDIA GeForce RTX 4090,35,101.87,45,2610.1,24564.0,
2026-09-07T14:43:54.089386+00:00,03_vlm_polymer_real_synth,8,8,4.2,4.4,60.43,47.09,NVIDIA GeForce RTX 4090,35,100.81,35,2610.1,24564.0,
2026-09-07T14:44:04.100550+00:00,03_vlm_polymer_real_synth,8,8,4.2,4.4,60.43,47.09,NVIDIA GeForce RTX 4090,35,100.13,20,2610.1,24564.0,
2026-09-07T14:44:14.111386+00:00,03_vlm_polymer_real_synth,8,8,4.2,4.41,60.43,47.09,NVIDIA GeForce RTX 4090,36,99.42,0,2610.1,24564.0,
2026-09-07T14:44:24.122323+00:00,03_vlm_polymer_real_synth,8,8,4.2,4.43,60.43,47.09,NVIDIA GeForce RTX 4090,36,100.54,50,2610.1,24564.0,
2026-09-07T14:44:34.133387+00:00,03_vlm_polymer_real_synth,8,8,4.2,4.41,60.43,47.09,NVIDIA GeForce RTX 4090,35,100.07,20,2610.1,24564.0,
2026-09-07T14:44:44.144207+00:00,03_vlm_polymer_real_synth,8,8,4.2,4.41,60.43,47.09,NVIDIA GeForce RTX 4090,36,103.07,31,2610.1,24564.0,
2026-09-07T14:44:54.155314+00:00,03_vlm_polymer_real_synth,8,8,4.2,4.4,60.43,47.09,NVIDIA GeForce RTX 4090,36,97.56,54,2610.1,24564.0,
2026-09-07T14:45:04.169329+00:00,03_vlm_polymer_real_synth,8,8,4.2,4.39,60.43,47.09,NVIDIA GeForce RTX 4090,35,100.9,63,2610.1,24564.0,
2026-09-07T14:45:14.180773+00:00,03_vlm_polymer_real_synth,8,8,4.2,4.46,60.43,47.09,NVIDIA GeForce RTX 4090,36,99.4,31,2610.1,24564.0,
2026-09-07T14:45:24.191644+00:00,03_vlm_polymer_real_synth,8,8,4.2,4.46,60.43,47.09,NVIDIA GeForce RTX 4090,36,99.2,30,2610.1,24564.0,
2026-09-07T14:45:34.202863+00:00,03_vlm_polymer_real_synth,8,8,4.2,4.44,60.43,47.09,NVIDIA GeForce RTX 4090,36,97.29,2,2610.1,24564.0,
2026-09-07T14:45:44.214395+00:00,03_vlm_polymer_real_synth,8,8,4.2,4.4,60.43,47.09,NVIDIA GeForce RTX 4090,35,103.56,54,2610.1,24564.0,
2026-09-07T14:45:54.225321+00:00,03_vlm_polymer_real_synth,8,8,4.2,4.39,60.43,47.09,NVIDIA GeForce RTX 4090,36,100.82,44,2610.1,24564.0,
2026-09-07T14:46:04.236500+00:00,03_vlm_polymer_real_synth,8,8,4.2,4.39,60.43,47.09,NVIDIA GeForce RTX 4090,36,99.84,29,2610.1,24564.0,
2026-09-07T14:46:14.247422+00:00,03_vlm_polymer_real_synth,8,8,4.2,4.43,60.43,47.09,NVIDIA GeForce RTX 4090,35,99.26,12,2610.1,24564.0,
2026-09-07T14:46:24.259370+00:00,03_vlm_polymer_real_synth,8,8,4.2,4.4,60.43,47.09,NVIDIA GeForce RTX 4090,35,97.44,3,2610.1,24564.0,
2026-09-07T14:46:34.271281+00:00,03_vlm_polymer_real_synth,8,8,4.2,4.42,60.43,47.09,NVIDIA GeForce RTX 4090,36,101.61,69,2610.1,24564.0,
2026-09-07T14:46:44.282701+00:00,03_vlm_polymer_real_synth,8,8,4.2,4.48,60.43,47.09,NVIDIA GeForce RTX 4090,35,99.68,24,2610.1,24564.0,
2026-09-07T14:46:54.295917+00:00,03_vlm_polymer_real_synth,8,8,4.2,4.43,60.43,47.09,NVIDIA GeForce RTX 4090,36,97.13,19,2610.1,24564.0,
2026-09-07T14:47:04.307368+00:00,03_vlm_polymer_real_synth,8,8,4.2,4.43,60.43,47.09,NVIDIA GeForce RTX 4090,36,103.68,55,2610.1,24564.0,
2026-09-07T14:47:14.319210+00:00,03_vlm_polymer_real_synth,8,8,4.2,4.41,60.43,47.09,NVIDIA GeForce RTX 4090,35,101.71,14,2610.1,24564.0,
2026-09-07T14:47:24.332702+00:00,03_vlm_polymer_real_synth,8,8,4.2,4.41,60.43,47.09,NVIDIA GeForce RTX 4090,35,97.51,40,2610.1,24564.0,
2026-09-07T14:47:34.343803+00:00,03_vlm_polymer_real_synth,8,8,4.2,4.4,60.43,47.09,NVIDIA GeForce RTX 4090,35,97.66,0,2610.1,24564.0,
2026-09-07T14:47:44.354724+00:00,03_vlm_polymer_real_synth,8,8,4.2,4.4,60.43,47.09,NVIDIA GeForce RTX 4090,36,97.55,41,2610.1,24564.0,
2026-09-07T14:47:54.366009+00:00,03_vlm_polymer_real_synth,8,8,4.2,4.41,60.43,47.09,NVIDIA GeForce RTX 4090,35,95.08,46,2610.1,24564.0,
2026-09-07T14:48:04.377165+00:00,03_vlm_polymer_real_synth,8,8,4.2,4.4,60.43,47.09,NVIDIA GeForce RTX 4090,35,101.97,60,2610.1,24564.0,
2026-09-07T14:48:14.390259+00:00,03_vlm_polymer_real_synth,8,8,4.2,4.49,60.43,47.09,NVIDIA GeForce RTX 4090,36,101.04,46,2610.1,24564.0,
2026-09-07T14:48:24.401967+00:00,03_vlm_polymer_real_synth,8,8,4.2,4.49,60.43,47.09,NVIDIA GeForce RTX 4090,36,96.83,6,2610.1,24564.0,
2026-09-07T14:48:34.414259+00:00,03_vlm_polymer_real_synth,8,8,4.2,4.44,60.43,47.09,NVIDIA GeForce RTX 4090,35,101.61,36,2610.1,24564.0,
2026-09-07T14:48:44.425464+00:00,03_vlm_polymer_real_synth,8,8,4.2,4.47,60.43,47.09,NVIDIA GeForce RTX 4090,35,97.1,24,2610.1,24564.0,
2026-09-07T14:48:54.437206+00:00,03_vlm_polymer_real_synth,8,8,4.2,4.45,60.43,47.09,NVIDIA GeForce RTX 4090,35,91.95,29,2610.1,24564.0,
2026-09-07T14:49:04.448561+00:00,03_vlm_polymer_real_synth,8,8,4.2,4.44,60.43,47.09,NVIDIA GeForce RTX 4090,36,90.2,29,2610.1,24564.0,
2026-09-07T14:49:14.459694+00:00,03_vlm_polymer_real_synth,8,8,4.0,4.45,60.43,47.09,NVIDIA GeForce RTX 4090,35,100.09,37,2610.1,24564.0,
2026-09-07T14:49:24.470660+00:00,03_vlm_polymer_real_synth,8,8,4.2,4.45,60.43,47.09,NVIDIA GeForce RTX 4090,35,100.29,63,2610.1,24564.0,
2026-09-07T14:49:34.481740+00:00,03_vlm_polymer_real_synth,8,8,4.2,4.43,60.43,47.09,NVIDIA GeForce RTX 4090,36,100.51,26,2610.1,24564.0,
2026-09-07T14:49:44.492767+00:00,03_vlm_polymer_real_synth,8,8,4.2,4.44,60.43,47.09,NVIDIA GeForce RTX 4090,35,100.09,31,2610.1,24564.0,
2026-09-07T14:49:54.503712+00:00,03_vlm_polymer_real_synth,8,8,4.2,4.4,60.43,47.09,NVIDIA GeForce RTX 4090,36,100.2,22,2610.1,24564.0,
2026-09-07T14:50:04.514838+00:00,03_vlm_polymer_real_synth,8,8,4.2,4.43,60.43,47.09,NVIDIA GeForce RTX 4090,35,100.35,32,2610.1,24564.0,
2026-09-07T14:50:14.528211+00:00,03_vlm_polymer_real_synth,8,8,4.2,4.39,60.43,47.09,NVIDIA GeForce RTX 4090,36,98.47,51,2610.1,24564.0,
2026-09-07T14:50:24.540798+00:00,03_vlm_polymer_real_synth,8,8,4.2,4.38,60.43,47.09,NVIDIA GeForce RTX 4090,37,99.63,34,2610.1,24564.0,
2026-09-07T14:50:34.551794+00:00,03_vlm_polymer_real_synth,8,8,4.2,4.39,60.43,47.09,NVIDIA GeForce RTX 4090,36,102.02,32,2610.1,24564.0,
2026-09-07T14:50:44.563523+00:00,03_vlm_polymer_real_synth,8,8,4.2,4.39,60.43,47.09,NVIDIA GeForce RTX 4090,35,98.19,24,2610.1,24564.0,
2026-09-07T14:50:54.574866+00:00,03_vlm_polymer_real_synth,8,8,4.2,4.38,60.43,47.09,NVIDIA GeForce RTX 4090,35,98.55,19,2610.1,24564.0,
2026-09-07T14:51:04.585536+00:00,03_vlm_polymer_real_synth,8,8,4.2,4.38,60.43,47.09,NVIDIA GeForce RTX 4090,37,101.86,37,2610.1,24564.0,
2026-09-07T14:51:14.596487+00:00,03_vlm_polymer_real_synth,8,8,4.2,4.42,60.43,47.09,NVIDIA GeForce RTX 4090,36,102.06,18,2610.1,24564.0,
2026-09-07T14:51:24.607465+00:00,03_vlm_polymer_real_synth,8,8,4.2,4.41,60.43,47.09,NVIDIA GeForce RTX 4090,36,96.78,63,2610.1,24564.0,
2026-09-07T14:51:34.618374+00:00,03_vlm_polymer_real_synth,8,8,4.2,4.44,60.43,47.09,NVIDIA GeForce RTX 4090,36,99.21,11,2610.1,24564.0,
2026-09-07T14:51:44.629412+00:00,03_vlm_polymer_real_synth,8,8,4.2,4.48,60.43,47.09,NVIDIA GeForce RTX 4090,35,101.26,58,2610.1,24564.0,
2026-09-07T14:51:54.640470+00:00,03_vlm_polymer_real_synth,8,8,4.2,4.5,60.43,47.09,NVIDIA GeForce RTX 4090,35,97.74,0,2610.1,24564.0,
2026-09-07T14:52:04.651348+00:00,03_vlm_polymer_real_synth,8,8,4.2,4.43,60.43,47.09,NVIDIA GeForce RTX 4090,36,97.06,11,2610.1,24564.0,
2026-09-07T14:52:14.662380+00:00,03_vlm_polymer_real_synth,8,8,4.2,4.42,60.43,47.09,NVIDIA GeForce RTX 4090,36,96.52,18,2610.1,24564.0,
2026-09-07T14:52:24.673891+00:00,03_vlm_polymer_real_synth,8,8,4.2,4.38,60.43,47.09,NVIDIA GeForce RTX 4090,35,97.53,2,2610.1,24564.0,
2026-09-07T14:52:34.685395+00:00,03_vlm_polymer_real_synth,8,8,4.2,4.4,60.43,47.09,NVIDIA GeForce RTX 4090,35,100.57,39,2610.1,24564.0,
2026-09-07T14:52:44.696852+00:00,03_vlm_polymer_real_synth,8,8,4.2,4.38,60.43,47.09,NVIDIA GeForce RTX 4090,36,97.08,16,2610.1,24564.0,
2026-09-07T14:52:54.708671+00:00,03_vlm_polymer_real_synth,8,8,4.2,4.4,60.43,47.09,NVIDIA GeForce RTX 4090,36,101.68,45,2610.1,24564.0,
2026-09-07T14:53:04.719808+00:00,03_vlm_polymer_real_synth,8,8,4.2,4.39,60.43,47.09,NVIDIA GeForce RTX 4090,36,100.53,2,2610.1,24564.0,
2026-09-07T14:53:14.730737+00:00,03_vlm_polymer_real_synth,8,8,4.2,4.38,60.43,47.09,NVIDIA GeForce RTX 4090,36,97.12,42,2610.1,24564.0,
2026-09-07T14:53:24.742104+00:00,03_vlm_polymer_real_synth,8,8,4.2,4.38,60.43,47.09,NVIDIA GeForce RTX 4090,35,99.43,29,2610.1,24564.0,
2026-09-07T14:53:34.753120+00:00,03_vlm_polymer_real_synth,8,8,4.2,4.43,60.43,47.09,NVIDIA GeForce RTX 4090,36,99.61,5,2610.1,24564.0,
2026-09-07T14:53:44.764572+00:00,03_vlm_polymer_real_synth,8,8,4.2,4.44,60.43,47.09,NVIDIA GeForce RTX 4090,35,101.03,64,2610.1,24564.0,
2026-09-07T14:53:54.775657+00:00,03_vlm_polymer_real_synth,8,8,4.2,4.41,60.43,47.09,NVIDIA GeForce RTX 4090,35,100.11,33,2610.1,24564.0,
2026-09-07T14:54:04.786604+00:00,03_vlm_polymer_real_synth,8,8,4.2,4.4,60.43,47.09,NVIDIA GeForce RTX 4090,35,100.5,40,2610.1,24564.0,
2026-09-07T14:54:14.798227+00:00,03_vlm_polymer_real_synth,8,8,4.2,4.38,60.43,47.09,NVIDIA GeForce RTX 4090,36,98.77,22,2610.1,24564.0,
2026-09-07T14:54:24.809144+00:00,03_vlm_polymer_real_synth,8,8,4.2,4.4,60.43,47.09,NVIDIA GeForce RTX 4090,35,96.93,57,2610.1,24564.0,
2026-09-07T14:54:34.820571+00:00,03_vlm_polymer_real_synth,8,8,4.2,4.42,60.43,47.09,NVIDIA GeForce RTX 4090,35,96.53,27,2610.1,24564.0,
2026-09-07T14:54:44.831900+00:00,03_vlm_polymer_real_synth,8,8,4.2,4.46,60.43,47.09,NVIDIA GeForce RTX 4090,36,102.91,63,2610.1,24564.0,
2026-09-07T14:54:54.842844+00:00,03_vlm_polymer_real_synth,8,8,4.2,4.43,60.43,47.09,NVIDIA GeForce RTX 4090,35,98.09,49,2610.1,24564.0,
2026-09-07T14:55:04.856637+00:00,03_vlm_polymer_real_synth,8,8,4.2,4.44,60.43,47.09,NVIDIA GeForce RTX 4090,36,99.39,61,2610.1,24564.0,
2026-09-07T14:55:14.867613+00:00,03_vlm_polymer_real_synth,8,8,4.2,4.41,60.43,47.09,NVIDIA GeForce RTX 4090,35,99.12,7,2610.1,24564.0,
2026-09-07T14:55:24.878665+00:00,03_vlm_polymer_real_synth,8,8,4.2,4.41,60.43,47.09,NVIDIA GeForce RTX 4090,35,101.97,31,2610.1,24564.0,
2026-09-07T14:55:34.889424+00:00,03_vlm_polymer_real_synth,8,8,4.2,4.44,60.43,47.09,NVIDIA GeForce RTX 4090,35,99.99,37,2610.1,24564.0,
2026-09-07T14:55:44.900812+00:00,03_vlm_polymer_real_synth,8,8,4.2,4.43,60.43,47.09,NVIDIA GeForce RTX 4090,35,98.65,60,2610.1,24564.0,
2026-09-07T14:55:54.914194+00:00,03_vlm_polymer_real_synth,8,8,4.2,4.47,60.43,47.09,NVIDIA GeForce RTX 4090,35,100.38,40,2610.1,24564.0,
2026-09-07T14:56:04.925360+00:00,03_vlm_polymer_real_synth,8,8,4.2,4.43,60.43,47.09,NVIDIA GeForce RTX 4090,36,91.33,32,2610.1,24564.0,
2026-09-07T14:56:14.936440+00:00,03_vlm_polymer_real_synth,8,8,4.2,4.42,60.43,47.09,NVIDIA GeForce RTX 4090,35,90.67,29,2610.1,24564.0,
2026-09-07T14:56:24.947355+00:00,03_vlm_polymer_real_synth,8,8,4.2,4.41,60.43,47.09,NVIDIA GeForce RTX 4090,35,97.14,54,2610.1,24564.0,
2026-09-07T14:56:34.958253+00:00,03_vlm_polymer_real_synth,8,8,4.2,4.38,60.43,47.09,NVIDIA GeForce RTX 4090,35,99.42,22,2610.1,24564.0,
2026-09-07T14:56:44.969574+00:00,03_vlm_polymer_real_synth,8,8,4.2,4.46,60.43,47.09,NVIDIA GeForce RTX 4090,36,98.3,13,2610.1,24564.0,
2026-09-07T14:56:54.981190+00:00,03_vlm_polymer_real_synth,8,8,4.2,4.43,60.43,47.09,NVIDIA GeForce RTX 4090,36,98.8,61,2610.1,24564.0,
2026-09-07T14:57:04.992255+00:00,03_vlm_polymer_real_synth,8,8,4.2,4.41,60.43,47.09,NVIDIA GeForce RTX 4090,36,103.3,4,2610.1,24564.0,
2026-09-07T14:57:15.003048+00:00,03_vlm_polymer_real_synth,8,8,4.2,4.44,60.43,47.09,NVIDIA GeForce RTX 4090,35,97.89,43,2610.1,24564.0,
2026-09-07T14:57:25.015797+00:00,03_vlm_polymer_real_synth,8,8,4.2,4.41,60.43,47.09,NVIDIA GeForce RTX 4090,35,98.91,27,2610.1,24564.0,
2026-09-07T14:57:35.026680+00:00,03_vlm_polymer_real_synth,8,8,4.2,4.42,60.43,47.09,NVIDIA GeForce RTX 4090,36,97.08,4,2610.1,24564.0,
2026-09-07T14:57:45.037885+00:00,03_vlm_polymer_real_synth,8,8,4.2,4.42,60.43,47.09,NVIDIA GeForce RTX 4090,36,99.61,63,2610.1,24564.0,
2026-09-07T14:57:55.049099+00:00,03_vlm_polymer_real_synth,8,8,4.2,4.45,60.43,47.09,NVIDIA GeForce RTX 4090,37,96.62,0,2610.1,24564.0,
2026-09-07T14:58:05.060039+00:00,03_vlm_polymer_real_synth,8,8,4.2,4.45,60.43,47.09,NVIDIA GeForce RTX 4090,36,101.32,45,2610.1,24564.0,
2026-09-07T14:58:15.071354+00:00,03_vlm_polymer_real_synth,8,8,4.2,4.37,60.43,47.09,NVIDIA GeForce RTX 4090,35,102.58,63,2610.1,24564.0,
2026-09-07T14:58:25.082323+00:00,03_vlm_polymer_real_synth,8,8,4.2,4.42,60.43,47.09,NVIDIA GeForce RTX 4090,35,101.28,43,2610.1,24564.0,
2026-09-07T14:58:35.093310+00:00,03_vlm_polymer_real_synth,8,8,4.2,4.39,60.43,47.09,NVIDIA GeForce RTX 4090,36,98.78,15,2610.1,24564.0,
2026-09-07T14:58:45.104978+00:00,03_vlm_polymer_real_synth,8,8,4.2,4.42,60.43,47.09,NVIDIA GeForce RTX 4090,36,103.69,22,2610.1,24564.0,
2026-09-07T14:58:55.116139+00:00,03_vlm_polymer_real_synth,8,8,4.2,4.42,60.43,47.09,NVIDIA GeForce RTX 4090,37,96.72,41,2610.1,24564.0,
2026-09-07T14:59:05.127329+00:00,03_vlm_polymer_real_synth,8,8,4.2,4.41,60.43,47.09,NVIDIA GeForce RTX 4090,35,97.19,67,2610.1,24564.0,
2026-09-07T14:59:15.139196+00:00,03_vlm_polymer_real_synth,8,8,4.2,4.39,60.43,47.09,NVIDIA GeForce RTX 4090,35,99.9,58,2610.1,24564.0,
2026-09-07T14:59:25.152121+00:00,03_vlm_polymer_real_synth,8,8,4.2,4.4,60.43,47.09,NVIDIA GeForce RTX 4090,35,101.12,64,2610.1,24564.0,
2026-09-07T14:59:35.163535+00:00,03_vlm_polymer_real_synth,8,8,4.2,4.43,60.43,47.09,NVIDIA GeForce RTX 4090,36,100.69,26,2610.1,24564.0,
2026-09-07T14:59:45.174654+00:00,03_vlm_polymer_real_synth,8,8,4.2,4.38,60.43,47.09,NVIDIA GeForce RTX 4090,36,101.03,26,2610.1,24564.0,
2026-09-07T14:59:55.185445+00:00,03_vlm_polymer_real_synth,8,8,4.2,4.38,60.43,47.09,NVIDIA GeForce RTX 4090,35,96.55,17,2610.1,24564.0,
2026-09-07T15:00:05.196507+00:00,03_vlm_polymer_real_synth,8,8,4.2,4.41,60.43,47.09,NVIDIA GeForce RTX 4090,36,97.21,16,2610.1,24564.0,
2026-09-07T15:00:15.207857+00:00,03_vlm_polymer_real_synth,8,8,4.3,4.44,60.43,47.09,NVIDIA GeForce RTX 4090,37,99.14,42,2610.1,24564.0,
2026-09-07T15:00:25.219400+00:00,03_vlm_polymer_real_synth,8,8,4.2,4.44,60.43,47.09,NVIDIA GeForce RTX 4090,36,96.87,12,2610.1,24564.0,
2026-09-07T15:00:35.230706+00:00,03_vlm_polymer_real_synth,8,8,4.2,4.45,60.43,47.09,NVIDIA GeForce RTX 4090,37,100.31,36,2610.1,24564.0,
2026-09-07T15:00:45.241841+00:00,03_vlm_polymer_real_synth,8,8,4.2,4.51,60.43,47.09,NVIDIA GeForce RTX 4090,35,97.22,18,2610.1,24564.0,
2026-09-07T15:00:55.253201+00:00,03_vlm_polymer_real_synth,8,8,4.2,4.46,60.43,47.09,NVIDIA GeForce RTX 4090,36,96.98,44,2610.1,24564.0,
2026-09-07T15:01:05.264501+00:00,03_vlm_polymer_real_synth,8,8,4.2,4.45,60.43,47.09,NVIDIA GeForce RTX 4090,36,101.44,46,2610.1,24564.0,
2026-09-07T15:01:15.275295+00:00,03_vlm_polymer_real_synth,8,8,4.2,4.45,60.43,47.09,NVIDIA GeForce RTX 4090,35,97.97,16,2610.1,24564.0,
2026-09-07T15:01:25.286367+00:00,03_vlm_polymer_real_synth,8,8,4.2,4.47,60.43,47.09,NVIDIA GeForce RTX 4090,36,98.87,47,2610.1,24564.0,
2026-09-07T15:01:35.298233+00:00,03_vlm_polymer_real_synth,8,8,4.2,4.47,60.43,47.09,NVIDIA GeForce RTX 4090,35,99.27,9,2610.1,24564.0,
2026-09-07T15:01:45.309314+00:00,03_vlm_polymer_real_synth,8,8,4.2,4.46,60.43,47.09,NVIDIA GeForce RTX 4090,36,100.9,52,2610.1,24564.0,
2026-09-07T15:01:55.320346+00:00,03_vlm_polymer_real_synth,8,8,4.2,4.41,60.43,47.09,NVIDIA GeForce RTX 4090,36,97.38,63,2610.1,24564.0,
2026-09-07T15:02:05.331283+00:00,03_vlm_polymer_real_synth,8,8,4.2,4.4,60.43,47.09,NVIDIA GeForce RTX 4090,35,96.53,0,2610.1,24564.0,
2026-09-07T15:02:15.342475+00:00,03_vlm_polymer_real_synth,8,8,4.2,4.44,60.43,47.09,NVIDIA GeForce RTX 4090,35,103.61,1,2610.1,24564.0,
2026-09-07T15:02:25.353492+00:00,03_vlm_polymer_real_synth,8,8,4.2,4.42,60.43,47.09,NVIDIA GeForce RTX 4090,35,96.8,48,2610.1,24564.0,
2026-09-07T15:02:35.364545+00:00,03_vlm_polymer_real_synth,8,8,4.2,4.41,60.43,47.09,NVIDIA GeForce RTX 4090,35,98.95,6,2610.1,24564.0,
2026-09-07T15:02:45.375851+00:00,03_vlm_polymer_real_synth,8,8,4.2,4.45,60.43,47.09,NVIDIA GeForce RTX 4090,35,98.32,46,2610.1,24564.0,
2026-09-07T15:02:55.386979+00:00,03_vlm_polymer_real_synth,8,8,4.2,4.44,60.43,47.09,NVIDIA GeForce RTX 4090,36,98.88,0,2610.1,24564.0,
2026-09-07T15:03:05.397902+00:00,03_vlm_polymer_real_synth,8,8,4.2,4.41,60.43,47.09,NVIDIA GeForce RTX 4090,37,97.0,33,2610.1,24564.0,
2026-09-07T15:03:15.409853+00:00,03_vlm_polymer_real_synth,8,8,4.2,4.4,60.43,47.09,NVIDIA GeForce RTX 4090,36,96.99,28,2610.1,24564.0,
2026-09-07T15:03:25.421028+00:00,03_vlm_polymer_real_synth,8,8,4.2,4.44,60.43,47.09,NVIDIA GeForce RTX 4090,35,91.97,26,2610.1,24564.0,
2026-09-07T15:03:35.432556+00:00,03_vlm_polymer_real_synth,8,8,4.1,4.43,60.43,47.09,NVIDIA GeForce RTX 4090,35,89.65,37,2610.1,24564.0,
2026-09-07T15:03:45.443360+00:00,03_vlm_polymer_real_synth,8,8,4.1,4.45,60.43,47.09,NVIDIA GeForce RTX 4090,36,97.64,6,2610.1,24564.0,
2026-09-07T15:03:55.454346+00:00,03_vlm_polymer_real_synth,8,8,4.2,4.47,60.43,47.09,NVIDIA GeForce RTX 4090,36,97.34,8,2610.1,24564.0,
2026-09-07T15:04:05.465765+00:00,03_vlm_polymer_real_synth,8,8,4.2,4.44,60.43,47.09,NVIDIA GeForce RTX 4090,36,96.75,9,2610.1,24564.0,
2026-09-07T15:04:15.476964+00:00,03_vlm_polymer_real_synth,8,8,4.2,4.42,60.43,47.09,NVIDIA GeForce RTX 4090,35,101.23,22,2610.1,24564.0,
2026-09-07T15:04:25.487972+00:00,03_vlm_polymer_real_synth,8,8,4.2,4.42,60.43,47.09,NVIDIA GeForce RTX 4090,36,101.67,11,2610.1,24564.0,
2026-09-07T15:04:35.498869+00:00,03_vlm_polymer_real_synth,8,8,4.2,4.4,60.43,47.09,NVIDIA GeForce RTX 4090,36,100.61,29,2610.1,24564.0,
2026-09-07T15:04:45.509950+00:00,03_vlm_polymer_real_synth,8,8,4.2,4.41,60.43,47.09,NVIDIA GeForce RTX 4090,35,99.91,27,2610.1,24564.0,
2026-09-07T15:04:55.520673+00:00,03_vlm_polymer_real_synth,8,8,4.2,4.39,60.43,47.09,NVIDIA GeForce RTX 4090,35,97.65,33,2610.1,24564.0,
2026-09-07T15:05:05.531952+00:00,03_vlm_polymer_real_synth,8,8,4.2,4.38,60.43,47.09,NVIDIA GeForce RTX 4090,35,100.04,25,2610.1,24564.0,
2026-09-07T15:05:15.543269+00:00,03_vlm_polymer_real_synth,8,8,4.2,4.37,60.43,47.09,NVIDIA GeForce RTX 4090,37,101.93,28,2610.1,24564.0,
2026-09-07T15:05:25.554497+00:00,03_vlm_polymer_real_synth,8,8,4.2,4.37,60.43,47.09,NVIDIA GeForce RTX 4090,35,100.45,55,2610.1,24564.0,
2026-09-07T15:05:35.565297+00:00,03_vlm_polymer_real_synth,8,8,4.2,4.38,60.43,47.09,NVIDIA GeForce RTX 4090,35,99.77,37,2610.1,24564.0,
2026-09-07T15:05:45.577488+00:00,03_vlm_polymer_real_synth,8,8,4.2,4.37,60.43,47.09,NVIDIA GeForce RTX 4090,35,97.09,55,2610.1,24564.0,
2026-09-07T15:05:55.588471+00:00,03_vlm_polymer_real_synth,8,8,4.2,4.35,60.43,47.09,NVIDIA GeForce RTX 4090,37,99.87,43,2610.1,24564.0,
2026-09-07T15:06:05.599306+00:00,03_vlm_polymer_real_synth,8,8,4.2,4.37,60.43,47.09,NVIDIA GeForce RTX 4090,35,97.34,49,2610.1,24564.0,
2026-09-07T15:06:15.610192+00:00,03_vlm_polymer_real_synth,8,8,4.2,4.42,60.43,47.09,NVIDIA GeForce RTX 4090,34,100.26,39,2610.1,24564.0,
2026-09-07T15:06:25.622792+00:00,03_vlm_polymer_real_synth,8,8,4.2,4.42,60.43,47.09,NVIDIA GeForce RTX 4090,35,97.3,62,2610.1,24564.0,
2026-09-07T15:06:35.634197+00:00,03_vlm_polymer_real_synth,8,8,4.2,4.41,60.43,47.09,NVIDIA GeForce RTX 4090,34,98.22,22,2610.1,24564.0,
2026-09-07T15:06:45.647005+00:00,03_vlm_polymer_real_synth,8,8,4.2,4.41,60.43,47.09,NVIDIA GeForce RTX 4090,35,101.2,29,2610.1,24564.0,
2026-09-07T15:06:55.659282+00:00,03_vlm_polymer_real_synth,8,8,4.2,4.4,60.43,47.09,NVIDIA GeForce RTX 4090,35,96.78,11,2610.1,24564.0,
2026-09-07T15:07:05.670300+00:00,03_vlm_polymer_real_synth,8,8,4.2,4.41,60.43,47.09,NVIDIA GeForce RTX 4090,34,98.51,0,2610.1,24564.0,
2026-09-07T15:07:15.681473+00:00,03_vlm_polymer_real_synth,8,8,4.2,4.43,60.43,47.09,NVIDIA GeForce RTX 4090,35,101.33,55,2610.1,24564.0,
2026-09-07T15:07:25.692735+00:00,03_vlm_polymer_real_synth,8,8,4.2,4.43,60.43,47.09,NVIDIA GeForce RTX 4090,35,100.07,29,2610.1,24564.0,
2026-09-07T15:07:35.703847+00:00,03_vlm_polymer_real_synth,8,8,4.2,4.5,60.43,47.09,NVIDIA GeForce RTX 4090,35,96.58,12,2610.1,24564.0,
2026-09-07T15:07:45.714870+00:00,03_vlm_polymer_real_synth,8,8,4.2,4.45,60.43,47.09,NVIDIA GeForce RTX 4090,35,101.09,21,2610.1,24564.0,
2026-09-07T15:07:55.726780+00:00,03_vlm_polymer_real_synth,8,8,4.2,4.44,60.43,47.09,NVIDIA GeForce RTX 4090,35,101.21,36,2610.1,24564.0,
2026-09-07T15:08:05.738025+00:00,03_vlm_polymer_real_synth,8,8,4.2,4.47,60.43,47.09,NVIDIA GeForce RTX 4090,34,99.81,54,2610.1,24564.0,
2026-09-07T15:08:15.749845+00:00,03_vlm_polymer_real_synth,8,8,4.2,4.44,60.43,47.09,NVIDIA GeForce RTX 4090,35,98.41,45,2610.1,24564.0,
2026-09-07T15:08:25.760997+00:00,03_vlm_polymer_real_synth,8,8,4.2,4.47,60.43,47.09,NVIDIA GeForce RTX 4090,35,100.08,10,2610.1,24564.0,
2026-09-07T15:08:35.772034+00:00,03_vlm_polymer_real_synth,8,8,4.2,4.45,60.43,47.09,NVIDIA GeForce RTX 4090,35,96.56,38,2610.1,24564.0,
2026-09-07T15:08:45.782967+00:00,03_vlm_polymer_real_synth,8,8,4.2,4.42,60.43,47.09,NVIDIA GeForce RTX 4090,35,100.15,33,2610.1,24564.0,
2026-09-07T15:08:55.794351+00:00,03_vlm_polymer_real_synth,8,8,4.2,4.4,60.43,47.09,NVIDIA GeForce RTX 4090,34,99.11,64,2610.1,24564.0,
2026-09-07T15:09:05.805481+00:00,03_vlm_polymer_real_synth,8,8,4.2,4.44,60.43,47.09,NVIDIA GeForce RTX 4090,34,100.2,20,2610.1,24564.0,
2026-09-07T15:09:15.816616+00:00,03_vlm_polymer_real_synth,8,8,4.2,4.47,60.43,47.09,NVIDIA GeForce RTX 4090,36,100.74,3,2610.1,24564.0,
2026-09-07T15:09:25.827649+00:00,03_vlm_polymer_real_synth,8,8,4.2,4.44,60.43,47.09,NVIDIA GeForce RTX 4090,35,99.67,25,2610.1,24564.0,
2026-09-07T15:09:35.839323+00:00,03_vlm_polymer_real_synth,8,8,4.2,4.4,60.43,47.09,NVIDIA GeForce RTX 4090,34,96.83,1,2610.1,24564.0,
2026-09-07T15:09:45.850398+00:00,03_vlm_polymer_real_synth,8,8,4.2,4.4,60.43,47.09,NVIDIA GeForce RTX 4090,35,100.81,44,2610.1,24564.0,
2026-09-07T15:09:55.861201+00:00,03_vlm_polymer_real_synth,8,8,4.2,4.45,60.43,47.09,NVIDIA GeForce RTX 4090,34,98.93,11,2610.1,24564.0,
2026-09-07T15:10:05.872987+00:00,03_vlm_polymer_real_synth,8,8,4.2,4.39,60.43,47.09,NVIDIA GeForce RTX 4090,34,98.5,37,2610.1,24564.0,
2026-09-07T15:10:15.883988+00:00,03_vlm_polymer_real_synth,8,8,4.2,4.38,60.43,47.09,NVIDIA GeForce RTX 4090,36,100.47,39,2610.1,24564.0,
2026-09-07T15:10:25.895017+00:00,03_vlm_polymer_real_synth,8,8,4.2,4.37,60.43,47.09,NVIDIA GeForce RTX 4090,35,96.71,35,2610.1,24564.0,
2026-09-07T15:10:35.905951+00:00,03_vlm_polymer_real_synth,8,8,4.2,4.37,60.43,47.09,NVIDIA GeForce RTX 4090,34,89.42,25,2610.1,24564.0,
2026-09-07T15:10:45.917038+00:00,03_vlm_polymer_real_synth,8,8,4.2,4.35,60.43,47.09,NVIDIA GeForce RTX 4090,35,92.85,32,2610.1,24564.0,
2026-09-07T15:10:55.929286+00:00,03_vlm_polymer_real_synth,8,8,3.4,4.41,60.43,47.09,NVIDIA GeForce RTX 4090,34,92.42,37,3228.1,24564.0,
2026-09-07T15:11:05.940217+00:00,03_vlm_polymer_real_synth,8,8,4.2,4.41,60.43,47.09,NVIDIA GeForce RTX 4090,34,91.19,36,3228.1,24564.0,
2026-09-07T15:11:15.951295+00:00,03_vlm_polymer_real_synth,9,9,3.4,4.33,60.43,47.09,NVIDIA GeForce RTX 4090,34,103.7,45,2608.1,24564.0,
2026-09-07T15:11:25.962302+00:00,03_vlm_polymer_real_synth,9,9,4.2,4.34,60.43,47.09,NVIDIA GeForce RTX 4090,33,100.38,27,2610.1,24564.0,
2026-09-07T15:11:35.973436+00:00,03_vlm_polymer_real_synth,9,9,4.2,4.32,60.43,47.09,NVIDIA GeForce RTX 4090,35,99.84,0,2610.1,24564.0,
2026-09-07T15:11:45.986633+00:00,03_vlm_polymer_real_synth,9,9,4.2,4.3,60.43,47.09,NVIDIA GeForce RTX 4090,35,96.42,58,2610.1,24564.0,
2026-09-07T15:11:55.997725+00:00,03_vlm_polymer_real_synth,9,9,4.2,4.35,60.43,47.09,NVIDIA GeForce RTX 4090,35,97.07,7,2610.1,24564.0,
2026-09-07T15:12:06.008834+00:00,03_vlm_polymer_real_synth,9,9,4.2,4.36,60.43,47.09,NVIDIA GeForce RTX 4090,35,96.31,65,2610.1,24564.0,
2026-09-07T15:12:16.020393+00:00,03_vlm_polymer_real_synth,9,9,4.2,4.42,60.43,47.09,NVIDIA GeForce RTX 4090,36,98.24,4,2610.1,24564.0,
2026-09-07T15:12:26.033388+00:00,03_vlm_polymer_real_synth,9,9,4.2,4.38,60.43,47.09,NVIDIA GeForce RTX 4090,35,98.67,0,2610.1,24564.0,
2026-09-07T15:12:36.044368+00:00,03_vlm_polymer_real_synth,9,9,4.2,4.4,60.43,47.09,NVIDIA GeForce RTX 4090,35,102.93,58,2610.1,24564.0,
2026-09-07T15:12:46.056929+00:00,03_vlm_polymer_real_synth,9,9,4.2,4.38,60.43,47.09,NVIDIA GeForce RTX 4090,36,99.28,3,2610.1,24564.0,
2026-09-07T15:12:56.068491+00:00,03_vlm_polymer_real_synth,9,9,4.2,4.41,60.43,47.09,NVIDIA GeForce RTX 4090,35,101.06,30,2610.1,24564.0,
2026-09-07T15:13:06.079392+00:00,03_vlm_polymer_real_synth,9,9,4.2,4.41,60.43,47.09,NVIDIA GeForce RTX 4090,35,98.67,51,2610.1,24564.0,
2026-09-07T15:13:16.090396+00:00,03_vlm_polymer_real_synth,9,9,4.2,4.4,60.43,47.09,NVIDIA GeForce RTX 4090,34,98.29,31,2610.1,24564.0,
2026-09-07T15:13:26.101253+00:00,03_vlm_polymer_real_synth,9,9,4.2,4.39,60.43,47.09,NVIDIA GeForce RTX 4090,34,97.55,43,2610.1,24564.0,
2026-09-07T15:13:36.113451+00:00,03_vlm_polymer_real_synth,9,9,4.2,4.36,60.43,47.09,NVIDIA GeForce RTX 4090,34,97.01,42,2610.1,24564.0,
2026-09-07T15:13:46.125239+00:00,03_vlm_polymer_real_synth,9,9,4.2,4.36,60.43,47.09,NVIDIA GeForce RTX 4090,35,96.85,48,2610.1,24564.0,
2026-09-07T15:13:56.136280+00:00,03_vlm_polymer_real_synth,9,9,4.2,4.33,60.43,47.09,NVIDIA GeForce RTX 4090,34,96.35,63,2610.1,24564.0,
2026-09-07T15:14:06.148925+00:00,03_vlm_polymer_real_synth,9,9,4.2,4.33,60.43,47.09,NVIDIA GeForce RTX 4090,34,99.75,30,2610.1,24564.0,
2026-09-07T15:14:16.162317+00:00,03_vlm_polymer_real_synth,9,9,4.2,4.34,60.43,47.09,NVIDIA GeForce RTX 4090,34,96.56,63,2610.1,24564.0,
2026-09-07T15:14:26.173486+00:00,03_vlm_polymer_real_synth,9,9,4.2,4.32,60.43,47.09,NVIDIA GeForce RTX 4090,34,97.54,42,2610.1,24564.0,
2026-09-07T15:14:36.186202+00:00,03_vlm_polymer_real_synth,9,9,4.2,4.32,60.43,47.09,NVIDIA GeForce RTX 4090,35,100.17,50,2610.1,24564.0,
2026-09-07T15:14:46.199170+00:00,03_vlm_polymer_real_synth,9,9,4.2,4.33,60.43,47.09,NVIDIA GeForce RTX 4090,34,99.43,37,2610.1,24564.0,
2026-09-07T15:14:56.210160+00:00,03_vlm_polymer_real_synth,9,9,4.2,4.31,60.43,47.09,NVIDIA GeForce RTX 4090,34,101.18,28,2610.1,24564.0,
2026-09-07T15:15:06.221159+00:00,03_vlm_polymer_real_synth,9,9,4.2,4.37,60.43,47.09,NVIDIA GeForce RTX 4090,35,96.18,62,2610.1,24564.0,
2026-09-07T15:15:16.233016+00:00,03_vlm_polymer_real_synth,9,9,4.2,4.37,60.43,47.09,NVIDIA GeForce RTX 4090,36,98.93,33,2610.1,24564.0,
2026-09-07T15:15:26.244159+00:00,03_vlm_polymer_real_synth,9,9,4.2,4.34,60.43,47.09,NVIDIA GeForce RTX 4090,36,99.36,35,2610.1,24564.0,
2026-09-07T15:15:36.257018+00:00,03_vlm_polymer_real_synth,9,9,4.2,4.37,60.43,47.09,NVIDIA GeForce RTX 4090,34,101.08,2,2610.1,24564.0,
2026-09-07T15:15:46.268095+00:00,03_vlm_polymer_real_synth,9,9,4.2,4.34,60.43,47.09,NVIDIA GeForce RTX 4090,35,97.02,66,2610.1,24564.0,
2026-09-07T15:15:56.280830+00:00,03_vlm_polymer_real_synth,9,9,4.2,4.34,60.43,47.09,NVIDIA GeForce RTX 4090,34,98.4,32,2610.1,24564.0,
2026-09-07T15:16:06.292623+00:00,03_vlm_polymer_real_synth,9,9,4.2,4.39,60.43,47.09,NVIDIA GeForce RTX 4090,34,99.3,20,2610.1,24564.0,
2026-09-07T15:16:16.304111+00:00,03_vlm_polymer_real_synth,9,9,4.2,4.35,60.43,47.09,NVIDIA GeForce RTX 4090,35,101.82,13,2610.1,24564.0,
2026-09-07T15:16:26.315205+00:00,03_vlm_polymer_real_synth,9,9,4.2,4.37,60.43,47.09,NVIDIA GeForce RTX 4090,34,99.48,7,2610.1,24564.0,
2026-09-07T15:16:36.328131+00:00,03_vlm_polymer_real_synth,9,9,4.2,4.34,60.43,47.09,NVIDIA GeForce RTX 4090,34,101.23,46,2610.1,24564.0,
2026-09-07T15:16:46.339678+00:00,03_vlm_polymer_real_synth,9,9,4.2,4.32,60.43,47.09,NVIDIA GeForce RTX 4090,35,99.17,50,2610.1,24564.0,
2026-09-07T15:16:56.350471+00:00,03_vlm_polymer_real_synth,9,9,4.2,4.32,60.43,47.09,NVIDIA GeForce RTX 4090,34,100.65,52,2610.1,24564.0,
2026-09-07T15:17:06.362025+00:00,03_vlm_polymer_real_synth,9,9,4.2,4.33,60.43,47.09,NVIDIA GeForce RTX 4090,35,99.64,0,2610.1,24564.0,
2026-09-07T15:17:16.374756+00:00,03_vlm_polymer_real_synth,9,9,4.2,4.33,60.43,47.09,NVIDIA GeForce RTX 4090,36,100.28,15,2610.1,24564.0,
2026-09-07T15:17:26.386328+00:00,03_vlm_polymer_real_synth,9,9,4.2,4.33,60.43,47.09,NVIDIA GeForce RTX 4090,35,100.75,25,2610.1,24564.0,
2026-09-07T15:17:36.397532+00:00,03_vlm_polymer_real_synth,9,9,4.2,4.34,60.43,47.09,NVIDIA GeForce RTX 4090,35,99.23,23,2610.1,24564.0,
2026-09-07T15:17:46.408323+00:00,03_vlm_polymer_real_synth,9,9,4.2,4.33,60.43,47.09,NVIDIA GeForce RTX 4090,35,97.02,0,2610.1,24564.0,
2026-09-07T15:17:56.419338+00:00,03_vlm_polymer_real_synth,9,9,4.2,4.33,60.43,47.09,NVIDIA GeForce RTX 4090,34,98.78,30,2610.1,24564.0,
2026-09-07T15:18:06.430435+00:00,03_vlm_polymer_real_synth,9,9,4.2,4.39,60.43,47.09,NVIDIA GeForce RTX 4090,35,90.39,29,2610.1,24564.0,
2026-09-07T15:18:16.442362+00:00,03_vlm_polymer_real_synth,9,9,4.2,4.38,60.43,47.09,NVIDIA GeForce RTX 4090,35,90.13,29,2610.1,24564.0,
2026-09-07T15:18:26.453545+00:00,03_vlm_polymer_real_synth,9,9,4.0,4.39,60.43,47.07,NVIDIA GeForce RTX 4090,33,80.41,0,2610.1,24564.0,
2026-09-07T15:18:36.465067+00:00,03_vlm_polymer_real_synth,9,9,4.2,4.4,60.43,47.07,NVIDIA GeForce RTX 4090,34,99.17,63,2610.1,24564.0,
2026-09-07T15:18:46.476818+00:00,03_vlm_polymer_real_synth,9,9,4.2,4.4,60.43,47.07,NVIDIA GeForce RTX 4090,36,99.35,36,2610.1,24564.0,
2026-09-07T15:18:56.487754+00:00,03_vlm_polymer_real_synth,9,9,4.2,4.46,60.43,47.07,NVIDIA GeForce RTX 4090,34,97.33,31,2610.1,24564.0,
2026-09-07T15:19:06.498853+00:00,03_vlm_polymer_real_synth,9,9,4.2,4.43,60.43,47.07,NVIDIA GeForce RTX 4090,35,100.55,23,2610.1,24564.0,
2026-09-07T15:19:16.510288+00:00,03_vlm_polymer_real_synth,9,9,4.2,4.44,60.43,47.07,NVIDIA GeForce RTX 4090,34,98.1,64,2610.1,24564.0,
2026-09-07T15:19:26.521269+00:00,03_vlm_polymer_real_synth,9,9,4.2,4.43,60.43,47.07,NVIDIA GeForce RTX 4090,34,96.8,62,2610.1,24564.0,
2026-09-07T15:19:36.532628+00:00,03_vlm_polymer_real_synth,9,9,4.2,4.43,60.43,47.07,NVIDIA GeForce RTX 4090,35,103.29,20,2610.1,24564.0,
2026-09-07T15:19:46.543663+00:00,03_vlm_polymer_real_synth,9,9,4.2,4.46,60.43,47.07,NVIDIA GeForce RTX 4090,35,99.53,40,2610.1,24564.0,
2026-09-07T15:19:56.554567+00:00,03_vlm_polymer_real_synth,9,9,4.2,4.46,60.43,47.07,NVIDIA GeForce RTX 4090,36,99.18,44,2610.1,24564.0,
2026-09-07T15:20:06.566408+00:00,03_vlm_polymer_real_synth,9,9,4.2,4.39,60.43,47.07,NVIDIA GeForce RTX 4090,35,102.9,56,2610.1,24564.0,
2026-09-07T15:20:16.578823+00:00,03_vlm_polymer_real_synth,9,9,4.2,4.38,60.43,47.07,NVIDIA GeForce RTX 4090,35,102.47,55,2610.1,24564.0,
2026-09-07T15:20:26.589625+00:00,03_vlm_polymer_real_synth,9,9,4.2,4.38,60.43,47.07,NVIDIA GeForce RTX 4090,36,100.38,34,2610.1,24564.0,
2026-09-07T15:20:36.600425+00:00,03_vlm_polymer_real_synth,9,9,4.2,4.37,60.43,47.07,NVIDIA GeForce RTX 4090,35,97.13,40,2610.1,24564.0,
2026-09-07T15:20:46.611692+00:00,03_vlm_polymer_real_synth,9,9,4.2,4.39,60.43,47.07,NVIDIA GeForce RTX 4090,34,101.12,18,2610.1,24564.0,
2026-09-07T15:20:56.622973+00:00,03_vlm_polymer_real_synth,9,9,4.2,4.44,60.43,47.07,NVIDIA GeForce RTX 4090,35,100.07,31,2610.1,24564.0,
2026-09-07T15:21:06.634039+00:00,03_vlm_polymer_real_synth,9,9,4.2,4.44,60.43,47.07,NVIDIA GeForce RTX 4090,35,96.22,41,2610.1,24564.0,
2026-09-07T15:21:16.645421+00:00,03_vlm_polymer_real_synth,9,9,4.2,4.42,60.43,47.07,NVIDIA GeForce RTX 4090,35,99.4,0,2610.1,24564.0,
2026-09-07T15:21:26.656388+00:00,03_vlm_polymer_real_synth,9,9,4.2,4.36,60.43,47.07,NVIDIA GeForce RTX 4090,35,103.53,41,2610.1,24564.0,
2026-09-07T15:21:36.667513+00:00,03_vlm_polymer_real_synth,9,9,4.2,4.37,60.43,47.07,NVIDIA GeForce RTX 4090,35,98.21,40,2610.1,24564.0,
2026-09-07T15:21:46.678963+00:00,03_vlm_polymer_real_synth,9,9,4.2,4.37,60.43,47.07,NVIDIA GeForce RTX 4090,34,97.75,8,2610.1,24564.0,
2026-09-07T15:21:56.689825+00:00,03_vlm_polymer_real_synth,9,9,4.2,4.38,60.43,47.07,NVIDIA GeForce RTX 4090,35,97.88,10,2610.1,24564.0,
2026-09-07T15:22:06.700982+00:00,03_vlm_polymer_real_synth,9,9,4.2,4.37,60.43,47.07,NVIDIA GeForce RTX 4090,34,98.9,28,2610.1,24564.0,
2026-09-07T15:22:16.712268+00:00,03_vlm_polymer_real_synth,9,9,4.2,4.37,60.43,47.07,NVIDIA GeForce RTX 4090,35,95.76,0,2610.1,24564.0,
2026-09-07T15:22:26.723022+00:00,03_vlm_polymer_real_synth,9,9,4.2,4.37,60.43,47.07,NVIDIA GeForce RTX 4090,35,96.46,16,2610.1,24564.0,
2026-09-07T15:22:36.734129+00:00,03_vlm_polymer_real_synth,9,9,4.2,4.37,60.43,47.07,NVIDIA GeForce RTX 4090,35,96.61,7,2610.1,24564.0,
2026-09-07T15:22:46.745034+00:00,03_vlm_polymer_real_synth,9,9,4.2,4.38,60.43,47.07,NVIDIA GeForce RTX 4090,34,98.6,38,2610.1,24564.0,
2026-09-07T15:22:56.755778+00:00,03_vlm_polymer_real_synth,9,9,4.2,4.41,60.43,47.07,NVIDIA GeForce RTX 4090,34,96.88,44,2610.1,24564.0,
2026-09-07T15:23:06.766859+00:00,03_vlm_polymer_real_synth,9,9,4.2,4.43,60.43,47.07,NVIDIA GeForce RTX 4090,35,99.28,47,2610.1,24564.0,
2026-09-07T15:23:16.777860+00:00,03_vlm_polymer_real_synth,9,9,4.2,4.4,60.43,47.07,NVIDIA GeForce RTX 4090,35,98.37,8,2610.1,24564.0,
2026-09-07T15:23:26.791209+00:00,03_vlm_polymer_real_synth,9,9,4.2,4.46,60.43,47.07,NVIDIA GeForce RTX 4090,35,99.62,29,2610.1,24564.0,
2026-09-07T15:23:36.802425+00:00,03_vlm_polymer_real_synth,9,9,4.2,4.42,60.43,47.07,NVIDIA GeForce RTX 4090,34,97.9,49,2610.1,24564.0,
2026-09-07T15:23:46.813383+00:00,03_vlm_polymer_real_synth,9,9,4.2,4.4,60.43,47.07,NVIDIA GeForce RTX 4090,35,99.79,52,2610.1,24564.0,
2026-09-07T15:23:56.824747+00:00,03_vlm_polymer_real_synth,9,9,4.2,4.38,60.43,47.07,NVIDIA GeForce RTX 4090,35,96.57,57,2610.1,24564.0,
2026-09-07T15:24:06.838311+00:00,03_vlm_polymer_real_synth,9,9,4.2,4.38,60.43,47.07,NVIDIA GeForce RTX 4090,35,96.15,11,2610.1,24564.0,
2026-09-07T15:24:16.849373+00:00,03_vlm_polymer_real_synth,9,9,4.2,4.38,60.43,47.07,NVIDIA GeForce RTX 4090,35,100.05,37,2610.1,24564.0,
2026-09-07T15:24:26.860312+00:00,03_vlm_polymer_real_synth,9,9,4.2,4.41,60.43,47.07,NVIDIA GeForce RTX 4090,34,96.83,30,2610.1,24564.0,
2026-09-07T15:24:36.871667+00:00,03_vlm_polymer_real_synth,9,9,4.2,4.42,60.43,47.07,NVIDIA GeForce RTX 4090,36,95.58,54,2610.1,24564.0,
2026-09-07T15:24:46.883375+00:00,03_vlm_polymer_real_synth,9,9,4.2,4.39,60.43,47.07,NVIDIA GeForce RTX 4090,34,96.35,36,2610.1,24564.0,
2026-09-07T15:24:56.894497+00:00,03_vlm_polymer_real_synth,9,9,4.2,4.43,60.43,47.07,NVIDIA GeForce RTX 4090,35,96.33,63,2610.1,24564.0,
2026-09-07T15:25:06.905254+00:00,03_vlm_polymer_real_synth,9,9,4.2,4.43,60.43,47.07,NVIDIA GeForce RTX 4090,35,99.57,0,2610.1,24564.0,
2026-09-07T15:25:16.916312+00:00,03_vlm_polymer_real_synth,9,9,4.2,4.38,60.43,47.07,NVIDIA GeForce RTX 4090,34,90.56,28,2610.1,24564.0,
2026-09-07T15:25:26.928616+00:00,03_vlm_polymer_real_synth,9,9,4.2,4.37,60.43,47.07,NVIDIA GeForce RTX 4090,34,90.5,39,2610.1,24564.0,
2026-09-07T15:25:36.939401+00:00,03_vlm_polymer_real_synth,9,9,4.0,4.34,60.43,47.07,NVIDIA GeForce RTX 4090,34,77.84,29,2610.1,24564.0,
2026-09-07T15:25:46.950370+00:00,03_vlm_polymer_real_synth,9,9,4.2,4.42,60.43,47.07,NVIDIA GeForce RTX 4090,34,102.12,29,2610.1,24564.0,
2026-09-07T15:25:56.961223+00:00,03_vlm_polymer_real_synth,9,9,4.2,4.4,60.43,47.07,NVIDIA GeForce RTX 4090,35,99.68,9,2610.1,24564.0,
2026-09-07T15:26:06.972668+00:00,03_vlm_polymer_real_synth,9,9,4.2,4.41,60.43,47.07,NVIDIA GeForce RTX 4090,35,103.45,30,2610.1,24564.0,
2026-09-07T15:26:16.984358+00:00,03_vlm_polymer_real_synth,9,9,4.2,4.42,60.43,47.07,NVIDIA GeForce RTX 4090,35,97.88,66,2610.1,24564.0,
2026-09-07T15:26:26.995363+00:00,03_vlm_polymer_real_synth,9,9,4.2,4.43,60.43,47.07,NVIDIA GeForce RTX 4090,35,97.4,62,2610.1,24564.0,
2026-09-07T15:26:37.006441+00:00,03_vlm_polymer_real_synth,9,9,4.2,4.44,60.43,47.07,NVIDIA GeForce RTX 4090,34,99.95,24,2610.1,24564.0,
2026-09-07T15:26:47.017463+00:00,03_vlm_polymer_real_synth,9,9,4.2,4.41,60.43,47.07,NVIDIA GeForce RTX 4090,35,99.41,21,2610.1,24564.0,
2026-09-07T15:26:57.029021+00:00,03_vlm_polymer_real_synth,9,9,4.2,4.41,60.43,47.07,NVIDIA GeForce RTX 4090,35,100.46,31,2610.1,24564.0,
2026-09-07T15:27:07.040005+00:00,03_vlm_polymer_real_synth,9,9,4.2,4.44,60.43,47.07,NVIDIA GeForce RTX 4090,35,97.47,65,2610.1,24564.0,
2026-09-07T15:27:17.052833+00:00,03_vlm_polymer_real_synth,9,9,4.2,4.39,60.43,47.07,NVIDIA GeForce RTX 4090,34,96.34,56,2610.1,24564.0,
2026-09-07T15:27:27.064228+00:00,03_vlm_polymer_real_synth,9,9,4.2,4.38,60.43,47.07,NVIDIA GeForce RTX 4090,34,99.14,30,2610.1,24564.0,
2026-09-07T15:27:37.075447+00:00,03_vlm_polymer_real_synth,9,9,4.2,4.44,60.43,47.07,NVIDIA GeForce RTX 4090,36,100.55,34,2610.1,24564.0,
2026-09-07T15:27:47.086464+00:00,03_vlm_polymer_real_synth,9,9,4.2,4.41,60.43,47.07,NVIDIA GeForce RTX 4090,34,97.7,62,2610.1,24564.0,
2026-09-07T15:27:57.097539+00:00,03_vlm_polymer_real_synth,9,9,4.2,4.43,60.43,47.07,NVIDIA GeForce RTX 4090,35,102.35,34,2610.1,24564.0,
2026-09-07T15:28:07.108650+00:00,03_vlm_polymer_real_synth,9,9,4.2,4.4,60.43,47.07,NVIDIA GeForce RTX 4090,35,96.75,5,2610.1,24564.0,
2026-09-07T15:28:17.119659+00:00,03_vlm_polymer_real_synth,9,9,4.2,4.46,60.43,47.07,NVIDIA GeForce RTX 4090,35,99.25,20,2610.1,24564.0,
2026-09-07T15:28:27.130820+00:00,03_vlm_polymer_real_synth,9,9,4.2,4.44,60.43,47.07,NVIDIA GeForce RTX 4090,34,97.58,29,2610.1,24564.0,
2026-09-07T15:28:37.144449+00:00,03_vlm_polymer_real_synth,9,9,4.2,4.41,60.43,47.07,NVIDIA GeForce RTX 4090,35,96.71,64,2610.1,24564.0,
2026-09-07T15:28:47.155433+00:00,03_vlm_polymer_real_synth,9,9,4.2,4.4,60.43,47.07,NVIDIA GeForce RTX 4090,34,99.49,45,2610.1,24564.0,
2026-09-07T15:28:57.166388+00:00,03_vlm_polymer_real_synth,9,9,4.2,4.41,60.43,47.07,NVIDIA GeForce RTX 4090,35,96.27,19,2610.1,24564.0,
2026-09-07T15:29:07.177254+00:00,03_vlm_polymer_real_synth,9,9,4.2,4.41,60.43,47.07,NVIDIA GeForce RTX 4090,35,98.83,59,2610.1,24564.0,
2026-09-07T15:29:17.188956+00:00,03_vlm_polymer_real_synth,9,9,4.2,4.4,60.43,47.07,NVIDIA GeForce RTX 4090,35,99.22,0,2610.1,24564.0,
2026-09-07T15:29:27.200013+00:00,03_vlm_polymer_real_synth,9,9,4.2,4.41,60.43,47.07,NVIDIA GeForce RTX 4090,36,100.19,46,2610.1,24564.0,
2026-09-07T15:29:37.211068+00:00,03_vlm_polymer_real_synth,9,9,4.2,4.4,60.43,47.07,NVIDIA GeForce RTX 4090,35,100.06,54,2610.1,24564.0,
2026-09-07T15:29:47.222218+00:00,03_vlm_polymer_real_synth,9,9,4.2,4.41,60.43,47.07,NVIDIA GeForce RTX 4090,35,97.35,63,2610.1,24564.0,
2026-09-07T15:29:57.233234+00:00,03_vlm_polymer_real_synth,9,9,4.2,4.42,60.43,47.07,NVIDIA GeForce RTX 4090,35,97.33,55,2610.1,24564.0,
2026-09-07T15:30:07.244224+00:00,03_vlm_polymer_real_synth,9,9,4.2,4.38,60.43,47.07,NVIDIA GeForce RTX 4090,35,99.34,42,2610.1,24564.0,
2026-09-07T15:30:17.255508+00:00,03_vlm_polymer_real_synth,9,9,4.2,4.38,60.43,47.07,NVIDIA GeForce RTX 4090,35,97.6,51,2610.1,24564.0,
2026-09-07T15:30:27.266457+00:00,03_vlm_polymer_real_synth,9,9,4.2,4.38,60.43,47.07,NVIDIA GeForce RTX 4090,35,96.84,63,2610.1,24564.0,
2026-09-07T15:30:37.277438+00:00,03_vlm_polymer_real_synth,9,9,4.2,4.38,60.43,47.07,NVIDIA GeForce RTX 4090,36,99.86,45,2610.1,24564.0,
2026-09-07T15:30:47.288433+00:00,03_vlm_polymer_real_synth,9,9,4.2,4.39,60.43,47.07,NVIDIA GeForce RTX 4090,35,97.04,55,2610.1,24564.0,
2026-09-07T15:30:57.301165+00:00,03_vlm_polymer_real_synth,9,9,4.2,4.38,60.43,47.07,NVIDIA GeForce RTX 4090,34,100.09,48,2610.1,24564.0,
2026-09-07T15:31:07.311975+00:00,03_vlm_polymer_real_synth,9,9,4.2,4.38,60.43,47.07,NVIDIA GeForce RTX 4090,35,100.51,52,2610.1,24564.0,
2026-09-07T15:31:17.323090+00:00,03_vlm_polymer_real_synth,9,9,4.2,4.38,60.43,47.07,NVIDIA GeForce RTX 4090,35,96.59,28,2610.1,24564.0,
2026-09-07T15:31:27.334173+00:00,03_vlm_polymer_real_synth,9,9,4.2,4.38,60.43,47.07,NVIDIA GeForce RTX 4090,35,100.62,22,2610.1,24564.0,
2026-09-07T15:31:37.345372+00:00,03_vlm_polymer_real_synth,9,9,4.2,4.37,60.43,47.07,NVIDIA GeForce RTX 4090,35,101.28,59,2610.1,24564.0,
2026-09-07T15:31:47.356153+00:00,03_vlm_polymer_real_synth,9,9,4.2,4.38,60.43,47.07,NVIDIA GeForce RTX 4090,34,99.52,46,2610.1,24564.0,
2026-09-07T15:31:57.367187+00:00,03_vlm_polymer_real_synth,9,9,4.2,4.39,60.43,47.07,NVIDIA GeForce RTX 4090,35,99.25,23,2610.1,24564.0,
2026-09-07T15:32:07.378269+00:00,03_vlm_polymer_real_synth,9,9,4.2,4.39,60.43,47.07,NVIDIA GeForce RTX 4090,34,96.81,38,2610.1,24564.0,
2026-09-07T15:32:17.389864+00:00,03_vlm_polymer_real_synth,9,9,4.2,4.37,60.43,47.07,NVIDIA GeForce RTX 4090,37,96.38,38,2610.1,24564.0,
2026-09-07T15:32:27.400855+00:00,03_vlm_polymer_real_synth,9,9,4.2,4.37,60.43,47.07,NVIDIA GeForce RTX 4090,35,90.67,25,2610.1,24564.0,
2026-09-07T15:32:37.412110+00:00,03_vlm_polymer_real_synth,9,9,4.2,4.36,60.43,47.07,NVIDIA GeForce RTX 4090,34,89.71,35,2610.1,24564.0,
2026-09-07T15:32:47.423227+00:00,03_vlm_polymer_real_synth,9,9,4.0,4.36,60.43,47.07,NVIDIA GeForce RTX 4090,34,79.98,0,2610.1,24564.0,
2026-09-07T15:32:57.434118+00:00,03_vlm_polymer_real_synth,9,9,4.2,4.44,60.43,47.07,NVIDIA GeForce RTX 4090,34,100.55,38,2610.1,24564.0,
2026-09-07T15:33:07.445124+00:00,03_vlm_polymer_real_synth,9,9,4.2,4.4,60.43,47.07,NVIDIA GeForce RTX 4090,34,96.53,45,2610.1,24564.0,
2026-09-07T15:33:17.456481+00:00,03_vlm_polymer_real_synth,9,9,4.2,4.44,60.43,47.07,NVIDIA GeForce RTX 4090,36,100.86,31,2610.1,24564.0,
2026-09-07T15:33:27.469374+00:00,03_vlm_polymer_real_synth,9,9,4.2,4.43,60.43,47.07,NVIDIA GeForce RTX 4090,37,99.43,40,2610.1,24564.0,
2026-09-07T15:33:37.480250+00:00,03_vlm_polymer_real_synth,9,9,4.2,4.39,60.43,47.07,NVIDIA GeForce RTX 4090,34,101.92,53,2610.1,24564.0,
2026-09-07T15:33:47.491489+00:00,03_vlm_polymer_real_synth,9,9,4.2,4.46,60.43,47.07,NVIDIA GeForce RTX 4090,35,98.71,0,2610.1,24564.0,
2026-09-07T15:33:57.502405+00:00,03_vlm_polymer_real_synth,9,9,4.2,4.42,60.43,47.07,NVIDIA GeForce RTX 4090,35,99.23,56,2610.1,24564.0,
2026-09-07T15:34:07.513423+00:00,03_vlm_polymer_real_synth,9,9,4.2,4.42,60.43,47.07,NVIDIA GeForce RTX 4090,35,97.34,50,2610.1,24564.0,
2026-09-07T15:34:17.524611+00:00,03_vlm_polymer_real_synth,9,9,4.2,4.46,60.43,47.07,NVIDIA GeForce RTX 4090,35,103.25,21,2610.1,24564.0,
2026-09-07T15:34:27.535461+00:00,03_vlm_polymer_real_synth,9,9,4.2,4.44,60.43,47.07,NVIDIA GeForce RTX 4090,35,97.15,8,2610.1,24564.0,
2026-09-07T15:34:37.546414+00:00,03_vlm_polymer_real_synth,9,9,4.2,4.41,60.43,47.07,NVIDIA GeForce RTX 4090,35,101.0,53,2610.1,24564.0,
2026-09-07T15:34:47.558168+00:00,03_vlm_polymer_real_synth,9,9,4.2,4.41,60.43,47.07,NVIDIA GeForce RTX 4090,35,98.6,40,2610.1,24564.0,
2026-09-07T15:34:57.569042+00:00,03_vlm_polymer_real_synth,9,9,4.2,4.4,60.43,47.07,NVIDIA GeForce RTX 4090,34,98.71,37,2610.1,24564.0,
2026-09-07T15:35:07.581867+00:00,03_vlm_polymer_real_synth,9,9,4.2,4.42,60.43,47.07,NVIDIA GeForce RTX 4090,35,97.3,18,2610.1,24564.0,
2026-09-07T15:35:17.593295+00:00,03_vlm_polymer_real_synth,9,9,4.2,4.4,60.43,47.07,NVIDIA GeForce RTX 4090,35,96.67,2,2610.1,24564.0,
2026-09-07T15:35:27.604701+00:00,03_vlm_polymer_real_synth,9,9,4.2,4.4,60.43,47.07,NVIDIA GeForce RTX 4090,34,96.17,8,2610.1,24564.0,
2026-09-07T15:35:37.615750+00:00,03_vlm_polymer_real_synth,9,9,4.2,4.41,60.43,47.07,NVIDIA GeForce RTX 4090,34,96.71,34,2610.1,24564.0,
2026-09-07T15:35:47.628043+00:00,03_vlm_polymer_real_synth,9,9,4.2,4.4,60.43,47.07,NVIDIA GeForce RTX 4090,37,99.51,40,2610.1,24564.0,
2026-09-07T15:35:57.639080+00:00,03_vlm_polymer_real_synth,9,9,4.2,4.36,60.43,47.07,NVIDIA GeForce RTX 4090,34,97.66,34,2610.1,24564.0,
2026-09-07T15:36:07.650301+00:00,03_vlm_polymer_real_synth,9,9,4.2,4.42,60.43,47.07,NVIDIA GeForce RTX 4090,35,96.22,65,2610.1,24564.0,
2026-09-07T15:36:17.662446+00:00,03_vlm_polymer_real_synth,9,9,4.2,4.41,60.43,47.07,NVIDIA GeForce RTX 4090,34,99.7,28,2610.1,24564.0,
2026-09-07T15:36:27.673304+00:00,03_vlm_polymer_real_synth,9,9,4.2,4.42,60.43,47.07,NVIDIA GeForce RTX 4090,35,98.85,28,2610.1,24564.0,
2026-09-07T15:36:37.684437+00:00,03_vlm_polymer_real_synth,9,9,4.2,4.4,60.43,47.07,NVIDIA GeForce RTX 4090,35,101.27,11,2610.1,24564.0,
2026-09-07T15:36:47.695446+00:00,03_vlm_polymer_real_synth,9,9,4.2,4.4,60.43,47.07,NVIDIA GeForce RTX 4090,35,96.15,18,2610.1,24564.0,
2026-09-07T15:36:57.706735+00:00,03_vlm_polymer_real_synth,9,9,4.2,4.39,60.43,47.07,NVIDIA GeForce RTX 4090,35,96.59,10,2610.1,24564.0,
2026-09-07T15:37:07.717900+00:00,03_vlm_polymer_real_synth,9,9,4.2,4.4,60.43,47.07,NVIDIA GeForce RTX 4090,34,98.46,26,2610.1,24564.0,
2026-09-07T15:37:17.729350+00:00,03_vlm_polymer_real_synth,9,9,4.2,4.4,60.43,47.07,NVIDIA GeForce RTX 4090,35,97.98,68,2610.1,24564.0,
2026-09-07T15:37:27.740542+00:00,03_vlm_polymer_real_synth,9,9,4.2,4.43,60.43,47.07,NVIDIA GeForce RTX 4090,34,98.83,22,2610.1,24564.0,
2026-09-07T15:37:37.751659+00:00,03_vlm_polymer_real_synth,9,9,4.2,4.39,60.43,47.07,NVIDIA GeForce RTX 4090,35,100.19,42,2610.1,24564.0,
2026-09-07T15:37:47.762386+00:00,03_vlm_polymer_real_synth,9,9,4.2,4.4,60.43,47.07,NVIDIA GeForce RTX 4090,37,98.34,7,2610.1,24564.0,
2026-09-07T15:37:57.773664+00:00,03_vlm_polymer_real_synth,9,9,4.2,4.43,60.43,47.07,NVIDIA GeForce RTX 4090,34,99.93,33,2610.1,24564.0,
2026-09-07T15:38:07.784658+00:00,03_vlm_polymer_real_synth,9,9,4.2,4.39,60.43,47.07,NVIDIA GeForce RTX 4090,35,99.91,30,2610.1,24564.0,
2026-09-07T15:38:17.797916+00:00,03_vlm_polymer_real_synth,9,9,4.2,4.42,60.43,47.07,NVIDIA GeForce RTX 4090,35,100.44,2,2610.1,24564.0,
2026-09-07T15:38:27.809292+00:00,03_vlm_polymer_real_synth,9,9,4.2,4.46,60.43,47.07,NVIDIA GeForce RTX 4090,35,99.96,25,2610.1,24564.0,
2026-09-07T15:38:37.820464+00:00,03_vlm_polymer_real_synth,9,9,4.2,4.46,60.43,47.07,NVIDIA GeForce RTX 4090,35,100.43,30,2610.1,24564.0,
2026-09-07T15:38:47.831344+00:00,03_vlm_polymer_real_synth,9,9,4.2,4.41,60.43,47.07,NVIDIA GeForce RTX 4090,35,103.89,0,2610.1,24564.0,
2026-09-07T15:38:57.842259+00:00,03_vlm_polymer_real_synth,9,9,4.2,4.4,60.43,47.07,NVIDIA GeForce RTX 4090,35,101.73,51,2610.1,24564.0,
2026-09-07T15:39:07.853356+00:00,03_vlm_polymer_real_synth,9,9,4.2,4.39,60.43,47.07,NVIDIA GeForce RTX 4090,36,97.26,58,2610.1,24564.0,
2026-09-07T15:39:17.864571+00:00,03_vlm_polymer_real_synth,9,9,4.2,4.39,60.43,47.07,NVIDIA GeForce RTX 4090,35,101.58,1,2610.1,24564.0,
2026-09-07T15:39:27.875443+00:00,03_vlm_polymer_real_synth,9,9,4.2,4.38,60.43,47.07,NVIDIA GeForce RTX 4090,34,99.43,30,2610.1,24564.0,
2026-09-07T15:39:37.888052+00:00,03_vlm_polymer_real_synth,9,9,4.2,4.37,60.43,47.07,NVIDIA GeForce RTX 4090,35,94.16,56,2610.1,24564.0,
2026-09-07T15:39:47.898755+00:00,03_vlm_polymer_real_synth,9,9,4.2,4.37,60.43,47.07,NVIDIA GeForce RTX 4090,35,91.42,39,2610.1,24564.0,
2026-09-07T15:39:57.909859+00:00,03_vlm_polymer_real_synth,9,9,4.2,4.37,60.43,47.07,NVIDIA GeForce RTX 4090,35,93.83,31,2610.1,24564.0,
2026-09-07T15:40:07.920829+00:00,03_vlm_polymer_real_synth,9,9,4.2,4.38,60.43,47.07,NVIDIA GeForce RTX 4090,36,100.01,26,2610.1,24564.0,
2026-09-07T15:40:17.931698+00:00,03_vlm_polymer_real_synth,9,9,4.2,4.38,60.43,47.07,NVIDIA GeForce RTX 4090,35,103.76,61,2610.1,24564.0,
2026-09-07T15:40:27.942587+00:00,03_vlm_polymer_real_synth,9,9,4.2,4.37,60.43,47.07,NVIDIA GeForce RTX 4090,35,99.13,20,2610.1,24564.0,
2026-09-07T15:40:37.953609+00:00,03_vlm_polymer_real_synth,9,9,4.2,4.39,60.43,47.07,NVIDIA GeForce RTX 4090,35,99.72,26,2610.1,24564.0,
2026-09-07T15:40:47.964278+00:00,03_vlm_polymer_real_synth,9,9,4.2,4.38,60.43,47.07,NVIDIA GeForce RTX 4090,34,97.67,40,2610.1,24564.0,
2026-09-07T15:40:57.975306+00:00,03_vlm_polymer_real_synth,9,9,4.2,4.39,60.43,47.07,NVIDIA GeForce RTX 4090,35,101.86,61,2610.1,24564.0,
2026-09-07T15:41:07.986021+00:00,03_vlm_polymer_real_synth,9,9,4.2,4.39,60.43,47.07,NVIDIA GeForce RTX 4090,34,97.95,45,2610.1,24564.0,
2026-09-07T15:41:17.997360+00:00,03_vlm_polymer_real_synth,9,9,4.2,4.39,60.43,47.07,NVIDIA GeForce RTX 4090,35,99.04,40,2610.1,24564.0,
2026-09-07T15:41:28.008524+00:00,03_vlm_polymer_real_synth,9,9,4.2,4.4,60.43,47.07,NVIDIA GeForce RTX 4090,34,99.38,43,2610.1,24564.0,
2026-09-07T15:41:38.019795+00:00,03_vlm_polymer_real_synth,9,9,4.2,4.44,60.43,47.07,NVIDIA GeForce RTX 4090,35,96.68,64,2610.1,24564.0,
2026-09-07T15:41:48.030789+00:00,03_vlm_polymer_real_synth,9,9,4.2,4.42,60.43,47.07,NVIDIA GeForce RTX 4090,34,103.53,20,2610.1,24564.0,
2026-09-07T15:41:58.041547+00:00,03_vlm_polymer_real_synth,9,9,4.2,4.39,60.43,47.07,NVIDIA GeForce RTX 4090,35,99.92,41,2610.1,24564.0,
2026-09-07T15:42:08.052619+00:00,03_vlm_polymer_real_synth,9,9,4.2,4.42,60.43,47.07,NVIDIA GeForce RTX 4090,35,99.29,42,2610.1,24564.0,
2026-09-07T15:42:18.063695+00:00,03_vlm_polymer_real_synth,9,9,4.2,4.42,60.43,47.07,NVIDIA GeForce RTX 4090,35,98.4,0,2610.1,24564.0,
2026-09-07T15:42:28.075394+00:00,03_vlm_polymer_real_synth,9,9,4.2,4.42,60.43,47.07,NVIDIA GeForce RTX 4090,35,99.22,17,2610.1,24564.0,
2026-09-07T15:42:38.086750+00:00,03_vlm_polymer_real_synth,9,9,4.2,4.44,60.43,47.07,NVIDIA GeForce RTX 4090,35,99.5,34,2610.1,24564.0,
2026-09-07T15:42:48.097916+00:00,03_vlm_polymer_real_synth,9,9,4.2,4.46,60.43,47.07,NVIDIA GeForce RTX 4090,34,97.55,21,2610.1,24564.0,
2026-09-07T15:42:58.109357+00:00,03_vlm_polymer_real_synth,9,9,4.2,4.45,60.43,47.07,NVIDIA GeForce RTX 4090,35,97.25,48,2610.1,24564.0,
2026-09-07T15:43:08.123093+00:00,03_vlm_polymer_real_synth,9,9,4.2,4.4,60.43,47.07,NVIDIA GeForce RTX 4090,35,96.7,1,2610.1,24564.0,
2026-09-07T15:43:18.134480+00:00,03_vlm_polymer_real_synth,9,9,4.2,4.43,60.43,47.07,NVIDIA GeForce RTX 4090,35,96.36,45,2610.1,24564.0,
2026-09-07T15:43:28.145249+00:00,03_vlm_polymer_real_synth,9,9,4.2,4.4,60.43,47.07,NVIDIA GeForce RTX 4090,35,98.85,37,2610.1,24564.0,
2026-09-07T15:43:38.156569+00:00,03_vlm_polymer_real_synth,9,9,4.2,4.39,60.43,47.07,NVIDIA GeForce RTX 4090,35,99.61,0,2610.1,24564.0,
2026-09-07T15:43:48.167737+00:00,03_vlm_polymer_real_synth,9,9,4.2,4.4,60.43,47.07,NVIDIA GeForce RTX 4090,34,99.85,42,2610.1,24564.0,
2026-09-07T15:43:58.179096+00:00,03_vlm_polymer_real_synth,9,9,4.2,4.4,60.43,47.07,NVIDIA GeForce RTX 4090,35,96.78,45,2610.1,24564.0,
2026-09-07T15:44:08.190099+00:00,03_vlm_polymer_real_synth,9,9,4.2,4.43,60.43,47.07,NVIDIA GeForce RTX 4090,35,98.49,14,2610.1,24564.0,
2026-09-07T15:44:18.201043+00:00,03_vlm_polymer_real_synth,9,9,4.2,4.47,60.43,47.07,NVIDIA GeForce RTX 4090,35,100.66,42,2610.1,24564.0,
2026-09-07T15:44:28.212075+00:00,03_vlm_polymer_real_synth,9,9,4.2,4.42,60.43,47.07,NVIDIA GeForce RTX 4090,35,96.66,0,2610.1,24564.0,
2026-09-07T15:44:38.223235+00:00,03_vlm_polymer_real_synth,9,9,4.2,4.46,60.43,47.07,NVIDIA GeForce RTX 4090,36,101.19,54,2610.1,24564.0,
2026-09-07T15:44:48.234261+00:00,03_vlm_polymer_real_synth,9,9,4.2,4.45,60.43,47.07,NVIDIA GeForce RTX 4090,36,99.8,23,2610.1,24564.0,
2026-09-07T15:44:58.245705+00:00,03_vlm_polymer_real_synth,9,9,4.2,4.48,60.43,47.07,NVIDIA GeForce RTX 4090,35,97.14,62,2610.1,24564.0,
2026-09-07T15:45:08.256749+00:00,03_vlm_polymer_real_synth,9,9,4.2,4.43,60.43,47.07,NVIDIA GeForce RTX 4090,34,103.61,16,2610.1,24564.0,
2026-09-07T15:45:18.267556+00:00,03_vlm_polymer_real_synth,9,9,4.2,4.4,60.43,47.07,NVIDIA GeForce RTX 4090,35,100.56,0,2610.1,24564.0,
2026-09-07T15:45:28.278615+00:00,03_vlm_polymer_real_synth,9,9,4.2,4.44,60.43,47.07,NVIDIA GeForce RTX 4090,37,100.8,41,2610.1,24564.0,
2026-09-07T15:45:38.289903+00:00,03_vlm_polymer_real_synth,9,9,4.2,4.46,60.43,47.07,NVIDIA GeForce RTX 4090,34,98.61,36,2610.1,24564.0,
2026-09-07T15:45:48.301549+00:00,03_vlm_polymer_real_synth,9,9,4.2,4.41,60.43,47.07,NVIDIA GeForce RTX 4090,36,100.75,44,2610.1,24564.0,
2026-09-07T15:45:58.312495+00:00,03_vlm_polymer_real_synth,9,9,4.2,4.39,60.43,47.07,NVIDIA GeForce RTX 4090,35,101.76,67,2610.1,24564.0,
2026-09-07T15:46:08.326240+00:00,03_vlm_polymer_real_synth,9,9,4.2,4.39,60.43,47.07,NVIDIA GeForce RTX 4090,36,100.04,46,2610.1,24564.0,
2026-09-07T15:46:18.340495+00:00,03_vlm_polymer_real_synth,9,9,4.2,4.41,60.43,47.07,NVIDIA GeForce RTX 4090,34,100.73,42,2610.1,24564.0,
2026-09-07T15:46:28.351642+00:00,03_vlm_polymer_real_synth,9,9,4.2,4.41,60.43,47.07,NVIDIA GeForce RTX 4090,35,100.86,65,2610.1,24564.0,
2026-09-07T15:46:38.362712+00:00,03_vlm_polymer_real_synth,9,9,4.2,4.44,60.43,47.07,NVIDIA GeForce RTX 4090,34,96.56,15,2610.1,24564.0,
2026-09-07T15:46:48.374982+00:00,03_vlm_polymer_real_synth,9,9,4.2,4.41,60.43,47.07,NVIDIA GeForce RTX 4090,35,93.77,29,2610.1,24564.0,
2026-09-07T15:46:58.386198+00:00,03_vlm_polymer_real_synth,9,9,4.2,4.4,60.43,47.07,NVIDIA GeForce RTX 4090,34,89.81,28,2610.1,24564.0,
2026-09-07T15:47:08.397081+00:00,03_vlm_polymer_real_synth,9,9,4.2,4.41,60.43,47.07,NVIDIA GeForce RTX 4090,34,91.73,31,2610.1,24564.0,
2026-09-07T15:47:18.408098+00:00,03_vlm_polymer_real_synth,9,9,4.2,4.41,60.43,47.07,NVIDIA GeForce RTX 4090,35,99.9,29,2610.1,24564.0,
2026-09-07T15:47:28.419055+00:00,03_vlm_polymer_real_synth,9,9,4.2,4.45,60.43,47.07,NVIDIA GeForce RTX 4090,34,96.1,46,2610.1,24564.0,
2026-09-07T15:47:38.429841+00:00,03_vlm_polymer_real_synth,9,9,4.2,4.43,60.43,47.07,NVIDIA GeForce RTX 4090,34,99.58,27,2610.1,24564.0,
2026-09-07T15:47:48.440820+00:00,03_vlm_polymer_real_synth,9,9,4.2,4.43,60.43,47.07,NVIDIA GeForce RTX 4090,34,98.09,45,2610.1,24564.0,
2026-09-07T15:47:58.454407+00:00,03_vlm_polymer_real_synth,9,9,4.2,4.41,60.43,47.07,NVIDIA GeForce RTX 4090,34,96.37,61,2610.1,24564.0,
2026-09-07T15:48:08.467258+00:00,03_vlm_polymer_real_synth,9,9,4.2,4.42,60.43,47.07,NVIDIA GeForce RTX 4090,35,96.18,67,2610.1,24564.0,
2026-09-07T15:48:18.478431+00:00,03_vlm_polymer_real_synth,9,9,4.2,4.43,60.43,47.07,NVIDIA GeForce RTX 4090,36,102.42,31,2610.1,24564.0,
2026-09-07T15:48:28.490141+00:00,03_vlm_polymer_real_synth,9,9,4.2,4.42,60.43,47.07,NVIDIA GeForce RTX 4090,34,100.79,34,2610.1,24564.0,
2026-09-07T15:48:38.501143+00:00,03_vlm_polymer_real_synth,9,9,4.2,4.48,60.43,47.07,NVIDIA GeForce RTX 4090,35,96.8,49,2610.1,24564.0,
2026-09-07T15:48:48.512364+00:00,03_vlm_polymer_real_synth,9,9,4.2,4.44,60.43,47.07,NVIDIA GeForce RTX 4090,35,101.8,18,2610.1,24564.0,
2026-09-07T15:48:58.523200+00:00,03_vlm_polymer_real_synth,9,9,4.2,4.41,60.43,47.07,NVIDIA GeForce RTX 4090,35,96.06,55,2610.1,24564.0,
2026-09-07T15:49:08.534441+00:00,03_vlm_polymer_real_synth,9,9,4.2,4.42,60.43,47.07,NVIDIA GeForce RTX 4090,36,97.06,34,2610.1,24564.0,
2026-09-07T15:49:18.548041+00:00,03_vlm_polymer_real_synth,9,9,4.2,4.42,60.43,47.07,NVIDIA GeForce RTX 4090,35,97.83,17,2610.1,24564.0,
2026-09-07T15:49:28.559479+00:00,03_vlm_polymer_real_synth,9,9,4.2,4.42,60.43,47.07,NVIDIA GeForce RTX 4090,35,96.23,18,2610.1,24564.0,
2026-09-07T15:49:38.570399+00:00,03_vlm_polymer_real_synth,9,9,4.2,4.46,60.43,47.07,NVIDIA GeForce RTX 4090,36,99.17,31,2610.1,24564.0,
2026-09-07T15:49:48.581424+00:00,03_vlm_polymer_real_synth,9,9,4.2,4.45,60.43,47.07,NVIDIA GeForce RTX 4090,34,98.8,22,2610.1,24564.0,
2026-09-07T15:49:58.594033+00:00,03_vlm_polymer_real_synth,9,9,4.2,4.43,60.43,47.07,NVIDIA GeForce RTX 4090,35,100.7,44,2610.1,24564.0,
2026-09-07T15:50:08.605336+00:00,03_vlm_polymer_real_synth,9,9,4.2,4.47,60.43,47.07,NVIDIA GeForce RTX 4090,35,96.09,19,2610.1,24564.0,
2026-09-07T15:50:18.616412+00:00,03_vlm_polymer_real_synth,9,9,4.2,4.46,60.43,47.07,NVIDIA GeForce RTX 4090,35,97.15,52,2610.1,24564.0,
2026-09-07T15:50:28.627730+00:00,03_vlm_polymer_real_synth,9,9,4.2,4.42,60.43,47.07,NVIDIA GeForce RTX 4090,36,96.59,42,2610.1,24564.0,
2026-09-07T15:50:38.638606+00:00,03_vlm_polymer_real_synth,9,9,4.2,4.43,60.43,47.07,NVIDIA GeForce RTX 4090,34,96.73,43,2610.1,24564.0,
2026-09-07T15:50:48.650138+00:00,03_vlm_polymer_real_synth,9,9,4.2,4.45,60.43,47.07,NVIDIA GeForce RTX 4090,35,100.19,0,2610.1,24564.0,
2026-09-07T15:50:58.661720+00:00,03_vlm_polymer_real_synth,9,9,4.2,4.43,60.43,47.07,NVIDIA GeForce RTX 4090,34,99.08,31,2610.1,24564.0,
2026-09-07T15:51:08.673306+00:00,03_vlm_polymer_real_synth,9,9,4.2,4.39,60.43,47.07,NVIDIA GeForce RTX 4090,35,99.76,12,2610.1,24564.0,
2026-09-07T15:51:18.684358+00:00,03_vlm_polymer_real_synth,9,9,4.2,4.4,60.43,47.07,NVIDIA GeForce RTX 4090,37,99.93,23,2610.1,24564.0,
2026-09-07T15:51:28.695701+00:00,03_vlm_polymer_real_synth,9,9,4.2,4.4,60.43,47.07,NVIDIA GeForce RTX 4090,36,99.23,36,2610.1,24564.0,
2026-09-07T15:51:38.706889+00:00,03_vlm_polymer_real_synth,9,9,4.2,4.4,60.43,47.07,NVIDIA GeForce RTX 4090,35,96.44,12,2610.1,24564.0,
2026-09-07T15:51:48.717839+00:00,03_vlm_polymer_real_synth,9,9,4.2,4.39,60.43,47.07,NVIDIA GeForce RTX 4090,34,99.8,63,2610.1,24564.0,
2026-09-07T15:51:58.729024+00:00,03_vlm_polymer_real_synth,9,9,4.2,4.38,60.43,47.07,NVIDIA GeForce RTX 4090,35,99.75,34,2610.1,24564.0,
2026-09-07T15:52:08.740793+00:00,03_vlm_polymer_real_synth,9,9,4.2,4.4,60.43,47.07,NVIDIA GeForce RTX 4090,35,96.45,26,2610.1,24564.0,
2026-09-07T15:52:18.751756+00:00,03_vlm_polymer_real_synth,9,9,4.2,4.42,60.43,47.07,NVIDIA GeForce RTX 4090,36,99.7,56,2610.1,24564.0,
2026-09-07T15:52:28.762871+00:00,03_vlm_polymer_real_synth,9,9,4.2,4.4,60.43,47.07,NVIDIA GeForce RTX 4090,35,96.45,15,2610.1,24564.0,
2026-09-07T15:52:38.774029+00:00,03_vlm_polymer_real_synth,9,9,4.2,4.41,60.43,47.07,NVIDIA GeForce RTX 4090,35,103.45,50,2610.1,24564.0,
2026-09-07T15:52:48.786737+00:00,03_vlm_polymer_real_synth,9,9,4.2,4.46,60.43,47.07,NVIDIA GeForce RTX 4090,35,96.16,58,2610.1,24564.0,
2026-09-07T15:52:58.797811+00:00,03_vlm_polymer_real_synth,9,9,4.2,4.38,60.43,47.07,NVIDIA GeForce RTX 4090,35,99.85,39,2610.1,24564.0,
2026-09-07T15:53:08.808873+00:00,03_vlm_polymer_real_synth,9,9,4.2,4.41,60.43,47.07,NVIDIA GeForce RTX 4090,35,103.48,54,2610.1,24564.0,
2026-09-07T15:53:18.819859+00:00,03_vlm_polymer_real_synth,9,9,4.2,4.45,60.43,47.07,NVIDIA GeForce RTX 4090,34,98.6,36,2610.1,24564.0,
2026-09-07T15:53:28.830765+00:00,03_vlm_polymer_real_synth,9,9,4.2,4.42,60.43,47.07,NVIDIA GeForce RTX 4090,35,98.28,0,2610.1,24564.0,
2026-09-07T15:53:38.841762+00:00,03_vlm_polymer_real_synth,9,9,4.2,4.42,60.43,47.07,NVIDIA GeForce RTX 4090,35,97.88,12,2610.1,24564.0,
2026-09-07T15:53:48.854764+00:00,03_vlm_polymer_real_synth,9,9,4.2,4.43,60.43,47.07,NVIDIA GeForce RTX 4090,35,101.17,43,2610.1,24564.0,
2026-09-07T15:53:58.866834+00:00,03_vlm_polymer_real_synth,9,9,4.2,4.4,60.43,47.07,NVIDIA GeForce RTX 4090,35,100.65,3,2610.1,24564.0,
2026-09-07T15:54:08.878511+00:00,03_vlm_polymer_real_synth,9,9,4.2,4.4,60.43,47.07,NVIDIA GeForce RTX 4090,35,90.19,36,2610.1,24564.0,
2026-09-07T15:54:18.889710+00:00,03_vlm_polymer_real_synth,9,9,4.2,4.4,60.43,47.07,NVIDIA GeForce RTX 4090,34,91.65,33,2610.1,24564.0,
2026-09-07T15:54:28.901078+00:00,03_vlm_polymer_real_synth,9,9,3.4,4.44,60.43,47.07,NVIDIA GeForce RTX 4090,35,91.46,33,3228.1,24564.0,
2026-09-07T15:54:38.912342+00:00,03_vlm_polymer_real_synth,9,9,4.2,4.44,60.43,47.07,NVIDIA GeForce RTX 4090,35,91.66,29,3228.1,24564.0,
2026-09-07T15:54:48.923326+00:00,04_vlm_polymer_bigvlm,0,0,1.0,3.66,60.43,47.07,NVIDIA GeForce RTX 4090,31,25.09,0,628.8,24564.0,
2026-09-07T15:54:58.935708+00:00,04_vlm_polymer_bigvlm,0,0,0.6,4.89,60.43,47.07,NVIDIA GeForce RTX 4090,31,25.15,0,628.8,24564.0,
2026-09-07T15:55:08.947096+00:00,04_vlm_polymer_bigvlm,0,0,0.7,5.42,60.43,46.38,NVIDIA GeForce RTX 4090,31,24.37,0,628.8,24564.0,
2026-09-07T15:55:18.958371+00:00,04_vlm_polymer_bigvlm,0,0,0.4,5.61,60.43,45.88,NVIDIA GeForce RTX 4090,31,24.77,0,628.8,24564.0,
2026-09-07T15:55:28.969888+00:00,04_vlm_polymer_bigvlm,0,0,0.8,4.16,60.43,43.38,NVIDIA GeForce RTX 4090,31,25.12,0,628.8,24564.0,
2026-09-07T15:55:38.981060+00:00,04_vlm_polymer_bigvlm,0,0,2.5,4.45,60.43,42.88,NVIDIA GeForce RTX 4090,39,186.56,65,6098.1,24564.0,
2026-09-07T15:55:48.992831+00:00,04_vlm_polymer_bigvlm,0,0,4.2,4.44,60.43,42.88,NVIDIA GeForce RTX 4090,41,185.83,58,6098.1,24564.0,
2026-09-07T15:55:59.004867+00:00,04_vlm_polymer_bigvlm,0,0,4.2,4.43,60.43,42.88,NVIDIA GeForce RTX 4090,42,181.31,84,6098.1,24564.0,
2026-09-07T15:56:09.015584+00:00,04_vlm_polymer_bigvlm,0,0,4.2,4.4,60.43,42.88,NVIDIA GeForce RTX 4090,42,186.82,81,6098.1,24564.0,
2026-09-07T15:56:19.027237+00:00,04_vlm_polymer_bigvlm,0,0,4.2,4.4,60.43,42.88,NVIDIA GeForce RTX 4090,43,186.49,66,6098.1,24564.0,
2026-09-07T15:56:29.039074+00:00,04_vlm_polymer_bigvlm,0,0,4.2,4.38,60.43,42.88,NVIDIA GeForce RTX 4090,44,186.98,60,6098.1,24564.0,
2026-09-07T15:56:39.050129+00:00,04_vlm_polymer_bigvlm,0,0,4.2,4.38,60.43,42.88,NVIDIA GeForce RTX 4090,44,180.79,55,6098.1,24564.0,
2026-09-07T15:56:49.062146+00:00,04_vlm_polymer_bigvlm,0,0,4.2,4.38,60.43,42.88,NVIDIA GeForce RTX 4090,43,190.97,67,6098.1,24564.0,
2026-09-07T15:56:59.074405+00:00,04_vlm_polymer_bigvlm,0,0,4.2,4.37,60.43,42.88,NVIDIA GeForce RTX 4090,45,177.79,46,6098.1,24564.0,
2026-09-07T15:57:09.086053+00:00,04_vlm_polymer_bigvlm,0,0,4.2,4.37,60.43,42.88,NVIDIA GeForce RTX 4090,43,183.11,97,6098.1,24564.0,
2026-09-07T15:57:19.098204+00:00,04_vlm_polymer_bigvlm,0,0,4.2,4.37,60.43,42.88,NVIDIA GeForce RTX 4090,43,187.82,97,6098.1,24564.0,
2026-09-07T15:57:29.109232+00:00,04_vlm_polymer_bigvlm,0,0,4.2,4.36,60.43,42.88,NVIDIA GeForce RTX 4090,44,186.81,92,6098.1,24564.0,
2026-09-07T15:57:39.121854+00:00,04_vlm_polymer_bigvlm,0,0,4.2,4.36,60.43,42.88,NVIDIA GeForce RTX 4090,47,180.22,86,6098.1,24564.0,
2026-09-07T15:57:49.134264+00:00,04_vlm_polymer_bigvlm,0,0,4.2,4.36,60.43,42.88,NVIDIA GeForce RTX 4090,45,184.22,97,6098.1,24564.0,
2026-09-07T15:57:59.145367+00:00,04_vlm_polymer_bigvlm,0,0,4.2,4.36,60.43,42.88,NVIDIA GeForce RTX 4090,47,186.39,68,6098.1,24564.0,
2026-09-07T15:58:09.157502+00:00,04_vlm_polymer_bigvlm,0,0,4.2,4.36,60.43,42.88,NVIDIA GeForce RTX 4090,46,185.07,66,6098.1,24564.0,
2026-09-07T15:58:19.168337+00:00,04_vlm_polymer_bigvlm,0,0,4.2,4.36,60.43,42.88,NVIDIA GeForce RTX 4090,47,180.5,90,6098.1,24564.0,
2026-09-07T15:58:29.180616+00:00,04_vlm_polymer_bigvlm,0,0,4.2,4.43,60.43,42.88,NVIDIA GeForce RTX 4090,45,157.36,70,6098.1,24564.0,
2026-09-07T15:58:39.192820+00:00,04_vlm_polymer_bigvlm,0,0,4.2,4.43,60.43,42.88,NVIDIA GeForce RTX 4090,43,157.33,43,6098.1,24564.0,
2026-09-07T15:58:49.204885+00:00,04_vlm_polymer_bigvlm,0,0,4.0,4.45,60.43,42.84,NVIDIA GeForce RTX 4090,46,183.1,75,6098.1,24564.0,
2026-09-07T15:58:59.217751+00:00,04_vlm_polymer_bigvlm,0,0,4.2,4.45,60.43,42.84,NVIDIA GeForce RTX 4090,47,181.89,75,6098.1,24564.0,
2026-09-07T15:59:09.229861+00:00,04_vlm_polymer_bigvlm,0,0,4.2,4.45,60.43,42.84,NVIDIA GeForce RTX 4090,46,183.36,70,6098.1,24564.0,
2026-09-07T15:59:19.240979+00:00,04_vlm_polymer_bigvlm,0,0,4.2,4.44,60.43,42.84,NVIDIA GeForce RTX 4090,47,186.83,89,6098.1,24564.0,
2026-09-07T15:59:29.253017+00:00,04_vlm_polymer_bigvlm,0,0,4.2,4.44,60.43,42.84,NVIDIA GeForce RTX 4090,45,180.94,80,6098.1,24564.0,
2026-09-07T15:59:39.264814+00:00,04_vlm_polymer_bigvlm,0,0,4.2,4.44,60.43,42.84,NVIDIA GeForce RTX 4090,48,191.11,53,6098.1,24564.0,
2026-09-07T15:59:49.276010+00:00,04_vlm_polymer_bigvlm,0,0,4.2,4.44,60.43,42.84,NVIDIA GeForce RTX 4090,47,185.32,54,6098.1,24564.0,
2026-09-07T15:59:59.287088+00:00,04_vlm_polymer_bigvlm,0,0,4.2,4.44,60.43,42.84,NVIDIA GeForce RTX 4090,45,178.8,92,6098.1,24564.0,
2026-09-07T16:00:09.299612+00:00,04_vlm_polymer_bigvlm,0,0,4.2,4.44,60.43,42.84,NVIDIA GeForce RTX 4090,48,178.62,56,6098.1,24564.0,
2026-09-07T16:00:19.311491+00:00,04_vlm_polymer_bigvlm,0,0,4.2,4.43,60.43,42.84,NVIDIA GeForce RTX 4090,46,173.95,92,6098.1,24564.0,
2026-09-07T16:00:29.323618+00:00,04_vlm_polymer_bigvlm,0,0,4.2,4.43,60.43,42.84,NVIDIA GeForce RTX 4090,48,183.34,53,6098.1,24564.0,
2026-09-07T16:00:39.335632+00:00,04_vlm_polymer_bigvlm,0,0,4.2,4.43,60.43,42.84,NVIDIA GeForce RTX 4090,50,193.57,70,6098.1,24564.0,
2026-09-07T16:00:49.347705+00:00,04_vlm_polymer_bigvlm,0,0,4.2,4.43,60.43,42.84,NVIDIA GeForce RTX 4090,47,176.07,69,6098.1,24564.0,
2026-09-07T16:00:59.359711+00:00,04_vlm_polymer_bigvlm,0,0,4.2,4.43,60.43,42.84,NVIDIA GeForce RTX 4090,48,177.82,52,6098.1,24564.0,
2026-09-07T16:01:09.371464+00:00,04_vlm_polymer_bigvlm,0,0,4.2,4.43,60.43,42.84,NVIDIA GeForce RTX 4090,48,183.66,47,6098.1,24564.0,
2026-09-07T16:01:19.383774+00:00,04_vlm_polymer_bigvlm,0,0,4.2,4.43,60.43,42.84,NVIDIA GeForce RTX 4090,46,188.19,94,6098.1,24564.0,
2026-09-07T16:01:29.395863+00:00,04_vlm_polymer_bigvlm,0,0,4.2,4.43,60.43,42.84,NVIDIA GeForce RTX 4090,47,160.08,71,6098.1,24564.0,
2026-09-07T16:01:39.407836+00:00,04_vlm_polymer_bigvlm,0,0,4.2,4.43,60.43,42.84,NVIDIA GeForce RTX 4090,45,157.16,69,6098.1,24564.0,
2026-09-07T16:01:49.419733+00:00,04_vlm_polymer_bigvlm,0,0,4.0,4.44,60.43,42.84,NVIDIA GeForce RTX 4090,48,176.92,66,6098.1,24564.0,
2026-09-07T16:01:59.431807+00:00,04_vlm_polymer_bigvlm,0,0,4.2,4.44,60.43,42.84,NVIDIA GeForce RTX 4090,46,179.56,94,6098.1,24564.0,
2026-09-07T16:02:09.444009+00:00,04_vlm_polymer_bigvlm,0,0,4.2,4.43,60.43,42.84,NVIDIA GeForce RTX 4090,48,179.2,58,6098.1,24564.0,
2026-09-07T16:02:19.456428+00:00,04_vlm_polymer_bigvlm,0,0,4.2,4.43,60.43,42.84,NVIDIA GeForce RTX 4090,49,182.46,46,6098.1,24564.0,
2026-09-07T16:02:29.468518+00:00,04_vlm_polymer_bigvlm,0,0,4.2,4.43,60.43,42.84,NVIDIA GeForce RTX 4090,45,184.54,59,6098.1,24564.0,
2026-09-07T16:02:39.480502+00:00,04_vlm_polymer_bigvlm,0,0,4.2,4.43,60.43,42.84,NVIDIA GeForce RTX 4090,48,182.89,96,6098.1,24564.0,
2026-09-07T16:02:49.492587+00:00,04_vlm_polymer_bigvlm,0,0,4.2,4.43,60.43,42.84,NVIDIA GeForce RTX 4090,48,189.36,97,6098.1,24564.0,
2026-09-07T16:02:59.504973+00:00,04_vlm_polymer_bigvlm,0,0,4.2,4.43,60.43,42.84,NVIDIA GeForce RTX 4090,49,184.9,55,6098.1,24564.0,
2026-09-07T16:03:09.515843+00:00,04_vlm_polymer_bigvlm,0,0,4.2,4.43,60.43,42.84,NVIDIA GeForce RTX 4090,49,187.23,96,6098.1,24564.0,
2026-09-07T16:03:19.528304+00:00,04_vlm_polymer_bigvlm,0,0,4.2,4.43,60.43,42.84,NVIDIA GeForce RTX 4090,46,180.38,58,6098.1,24564.0,
2026-09-07T16:03:29.540039+00:00,04_vlm_polymer_bigvlm,0,0,4.2,4.43,60.43,42.84,NVIDIA GeForce RTX 4090,49,194.37,71,6098.1,24564.0,
2026-09-07T16:03:39.551894+00:00,04_vlm_polymer_bigvlm,0,0,4.2,4.43,60.43,42.84,NVIDIA GeForce RTX 4090,49,190.24,75,6098.1,24564.0,
2026-09-07T16:03:49.564100+00:00,04_vlm_polymer_bigvlm,0,0,4.2,4.43,60.43,42.84,NVIDIA GeForce RTX 4090,48,192.7,93,6098.1,24564.0,
2026-09-07T16:03:59.576709+00:00,04_vlm_polymer_bigvlm,0,0,4.2,4.43,60.43,42.84,NVIDIA GeForce RTX 4090,48,181.01,77,6098.1,24564.0,
2026-09-07T16:04:09.589645+00:00,04_vlm_polymer_bigvlm,0,0,4.2,4.43,60.43,42.84,NVIDIA GeForce RTX 4090,49,180.16,51,6098.1,24564.0,
2026-09-07T16:04:19.602382+00:00,04_vlm_polymer_bigvlm,0,0,4.2,4.43,60.43,42.84,NVIDIA GeForce RTX 4090,47,176.64,96,6098.1,24564.0,
2026-09-07T16:04:29.615179+00:00,04_vlm_polymer_bigvlm,0,0,4.2,4.43,60.43,42.84,NVIDIA GeForce RTX 4090,47,175.92,77,6098.1,24564.0,
2026-09-07T16:04:39.627738+00:00,04_vlm_polymer_bigvlm,0,0,4.2,4.43,60.43,42.84,NVIDIA GeForce RTX 4090,47,159.07,48,6098.1,24564.0,
2026-09-07T16:04:49.640338+00:00,04_vlm_polymer_bigvlm,0,0,4.2,4.43,60.43,42.84,NVIDIA GeForce RTX 4090,45,158.4,69,6098.1,24564.0,
2026-09-07T16:04:59.652054+00:00,04_vlm_polymer_bigvlm,0,0,4.2,4.43,60.43,42.84,NVIDIA GeForce RTX 4090,48,181.38,87,6098.1,24564.0,
2026-09-07T16:05:09.663878+00:00,04_vlm_polymer_bigvlm,0,0,4.2,4.43,60.43,42.84,NVIDIA GeForce RTX 4090,49,184.86,72,6098.1,24564.0,
2026-09-07T16:05:19.676353+00:00,04_vlm_polymer_bigvlm,0,0,4.2,4.43,60.43,42.84,NVIDIA GeForce RTX 4090,47,182.62,73,6098.1,24564.0,
2026-09-07T16:05:29.687399+00:00,04_vlm_polymer_bigvlm,0,0,4.2,4.43,60.43,42.84,NVIDIA GeForce RTX 4090,49,177.53,58,6098.1,24564.0,
2026-09-07T16:05:39.699919+00:00,04_vlm_polymer_bigvlm,0,0,4.2,4.43,60.43,42.84,NVIDIA GeForce RTX 4090,48,175.0,42,6098.1,24564.0,
2026-09-07T16:05:49.711939+00:00,04_vlm_polymer_bigvlm,0,0,4.2,4.43,60.43,42.84,NVIDIA GeForce RTX 4090,49,185.15,56,6098.1,24564.0,
2026-09-07T16:05:59.724570+00:00,04_vlm_polymer_bigvlm,0,0,4.2,4.43,60.43,42.84,NVIDIA GeForce RTX 4090,47,189.34,97,6098.1,24564.0,
2026-09-07T16:06:09.736501+00:00,04_vlm_polymer_bigvlm,0,0,4.2,4.43,60.43,42.84,NVIDIA GeForce RTX 4090,46,186.11,97,6098.1,24564.0,
2026-09-07T16:06:19.748571+00:00,04_vlm_polymer_bigvlm,0,0,4.2,4.43,60.43,42.84,NVIDIA GeForce RTX 4090,49,183.6,42,6098.1,24564.0,
2026-09-07T16:06:29.759927+00:00,04_vlm_polymer_bigvlm,0,0,4.2,4.43,60.43,42.84,NVIDIA GeForce RTX 4090,49,180.2,71,6098.1,24564.0,
2026-09-07T16:06:39.771827+00:00,04_vlm_polymer_bigvlm,0,0,4.2,4.43,60.43,42.84,NVIDIA GeForce RTX 4090,47,178.3,97,6098.1,24564.0,
2026-09-07T16:06:49.783786+00:00,04_vlm_polymer_bigvlm,0,0,4.2,4.43,60.43,42.84,NVIDIA GeForce RTX 4090,49,185.41,51,6098.1,24564.0,
2026-09-07T16:06:59.794773+00:00,04_vlm_polymer_bigvlm,0,0,4.2,4.43,60.43,42.84,NVIDIA GeForce RTX 4090,46,181.53,85,6098.1,24564.0,
2026-09-07T16:07:09.805684+00:00,04_vlm_polymer_bigvlm,0,0,4.2,4.43,60.43,42.84,NVIDIA GeForce RTX 4090,50,184.04,81,6098.1,24564.0,
2026-09-07T16:07:19.818179+00:00,04_vlm_polymer_bigvlm,0,0,4.2,4.43,60.43,42.84,NVIDIA GeForce RTX 4090,49,186.22,62,6098.1,24564.0,
2026-09-07T16:07:29.829901+00:00,04_vlm_polymer_bigvlm,0,0,4.2,4.43,60.43,42.84,NVIDIA GeForce RTX 4090,48,181.32,62,6098.1,24564.0,
2026-09-07T16:07:39.842284+00:00,04_vlm_polymer_bigvlm,0,0,4.2,4.43,60.43,42.84,NVIDIA GeForce RTX 4090,49,177.55,49,6098.1,24564.0,
2026-09-07T16:07:49.854084+00:00,04_vlm_polymer_bigvlm,0,0,4.2,4.43,60.43,42.84,NVIDIA GeForce RTX 4090,46,153.35,61,6098.1,24564.0,
2026-09-07T16:07:59.865530+00:00,04_vlm_polymer_bigvlm,0,0,2.9,4.43,60.43,42.84,NVIDIA GeForce RTX 4090,42,60.96,0,6098.1,24564.0,
2026-09-07T16:08:09.876531+00:00,04_vlm_polymer_bigvlm,0,0,0.7,4.44,60.43,42.84,NVIDIA GeForce RTX 4090,46,176.83,95,6098.1,24564.0,
2026-09-07T16:08:19.888697+00:00,04_vlm_polymer_bigvlm,0,0,4.2,4.44,60.43,42.84,NVIDIA GeForce RTX 4090,47,184.14,51,6098.1,24564.0,
2026-09-07T16:08:29.900262+00:00,04_vlm_polymer_bigvlm,0,0,4.2,4.43,60.43,42.84,NVIDIA GeForce RTX 4090,47,183.34,97,6098.1,24564.0,
2026-09-07T16:08:39.911791+00:00,04_vlm_polymer_bigvlm,0,0,4.2,4.43,60.43,42.84,NVIDIA GeForce RTX 4090,46,182.01,49,6098.1,24564.0,
2026-09-07T16:08:49.923947+00:00,04_vlm_polymer_bigvlm,0,0,4.2,4.43,60.43,42.84,NVIDIA GeForce RTX 4090,48,182.9,90,6098.1,24564.0,
2026-09-07T16:08:59.936046+00:00,04_vlm_polymer_bigvlm,0,0,4.2,4.43,60.43,42.84,NVIDIA GeForce RTX 4090,49,182.36,66,6098.1,24564.0,
2026-09-07T16:09:09.947036+00:00,04_vlm_polymer_bigvlm,0,0,4.2,4.43,60.43,42.84,NVIDIA GeForce RTX 4090,48,178.72,53,6098.1,24564.0,
2026-09-07T16:09:19.959414+00:00,04_vlm_polymer_bigvlm,0,0,4.2,4.43,60.43,42.84,NVIDIA GeForce RTX 4090,46,187.79,96,6098.1,24564.0,
2026-09-07T16:09:29.971996+00:00,04_vlm_polymer_bigvlm,0,0,4.2,4.43,60.43,42.84,NVIDIA GeForce RTX 4090,48,184.85,58,6098.1,24564.0,
2026-09-07T16:09:39.983051+00:00,04_vlm_polymer_bigvlm,0,0,4.2,4.43,60.43,42.84,NVIDIA GeForce RTX 4090,48,184.7,52,6098.1,24564.0,
2026-09-07T16:09:49.994157+00:00,04_vlm_polymer_bigvlm,0,0,4.2,4.43,60.43,42.84,NVIDIA GeForce RTX 4090,49,175.54,62,6098.1,24564.0,
2026-09-07T16:10:00.006468+00:00,04_vlm_polymer_bigvlm,0,0,4.2,4.43,60.43,42.84,NVIDIA GeForce RTX 4090,48,185.58,62,6098.1,24564.0,
2026-09-07T16:10:10.017150+00:00,04_vlm_polymer_bigvlm,0,0,4.2,4.43,60.43,42.84,NVIDIA GeForce RTX 4090,49,182.6,52,6098.1,24564.0,
2026-09-07T16:10:20.028854+00:00,04_vlm_polymer_bigvlm,0,0,4.2,4.43,60.43,42.84,NVIDIA GeForce RTX 4090,49,184.2,62,6098.1,24564.0,
2026-09-07T16:10:30.041088+00:00,04_vlm_polymer_bigvlm,0,0,4.2,4.43,60.43,42.84,NVIDIA GeForce RTX 4090,48,195.46,78,6098.1,24564.0,
2026-09-07T16:10:40.053227+00:00,04_vlm_polymer_bigvlm,0,0,4.2,4.43,60.43,42.84,NVIDIA GeForce RTX 4090,49,183.86,47,6098.1,24564.0,
2026-09-07T16:10:50.065538+00:00,04_vlm_polymer_bigvlm,0,0,4.2,4.43,60.43,42.84,NVIDIA GeForce RTX 4090,47,184.94,65,6098.1,24564.0,
2026-09-07T16:11:00.077571+00:00,04_vlm_polymer_bigvlm,0,0,4.2,4.43,60.43,42.84,NVIDIA GeForce RTX 4090,46,156.4,64,6098.1,24564.0,
2026-09-07T16:11:10.089663+00:00,04_vlm_polymer_bigvlm,0,0,4.2,4.43,60.43,42.84,NVIDIA GeForce RTX 4090,48,155.45,46,6098.1,24564.0,
2026-09-07T16:11:20.101492+00:00,04_vlm_polymer_bigvlm,0,0,4.2,4.43,60.43,42.84,NVIDIA GeForce RTX 4090,46,178.84,71,6098.1,24564.0,
2026-09-07T16:11:30.114309+00:00,04_vlm_polymer_bigvlm,0,0,4.2,4.43,60.43,42.84,NVIDIA GeForce RTX 4090,48,184.74,55,6098.1,24564.0,
2026-09-07T16:11:40.126788+00:00,04_vlm_polymer_bigvlm,0,0,4.2,4.43,60.43,42.84,NVIDIA GeForce RTX 4090,49,188.12,55,6098.1,24564.0,
2026-09-07T16:11:50.138812+00:00,04_vlm_polymer_bigvlm,0,0,4.2,4.43,60.43,42.84,NVIDIA GeForce RTX 4090,49,186.12,41,6098.1,24564.0,
2026-09-07T16:12:00.150701+00:00,04_vlm_polymer_bigvlm,0,0,4.2,4.43,60.43,42.84,NVIDIA GeForce RTX 4090,49,182.86,96,6098.1,24564.0,
2026-09-07T16:12:10.162654+00:00,04_vlm_polymer_bigvlm,0,0,4.2,4.43,60.43,42.84,NVIDIA GeForce RTX 4090,49,178.66,38,6098.1,24564.0,
2026-09-07T16:12:20.174679+00:00,04_vlm_polymer_bigvlm,0,0,4.2,4.43,60.43,42.84,NVIDIA GeForce RTX 4090,47,186.62,43,6098.1,24564.0,
2026-09-07T16:12:30.185796+00:00,04_vlm_polymer_bigvlm,0,0,4.2,4.43,60.43,42.84,NVIDIA GeForce RTX 4090,47,183.72,60,6098.1,24564.0,
2026-09-07T16:12:40.197897+00:00,04_vlm_polymer_bigvlm,0,0,4.2,4.43,60.43,42.84,NVIDIA GeForce RTX 4090,50,181.15,51,6098.1,24564.0,
2026-09-07T16:12:50.208797+00:00,04_vlm_polymer_bigvlm,0,0,4.2,4.43,60.43,42.84,NVIDIA GeForce RTX 4090,48,182.82,64,6098.1,24564.0,
2026-09-07T16:13:00.220809+00:00,04_vlm_polymer_bigvlm,0,0,4.2,4.43,60.43,42.84,NVIDIA GeForce RTX 4090,47,188.69,40,6098.1,24564.0,
2026-09-07T16:13:10.232812+00:00,04_vlm_polymer_bigvlm,0,0,4.2,4.43,60.43,42.84,NVIDIA GeForce RTX 4090,50,180.59,58,6098.1,24564.0,
2026-09-07T16:13:20.245041+00:00,04_vlm_polymer_bigvlm,0,0,4.2,4.43,60.43,42.84,NVIDIA GeForce RTX 4090,47,181.84,66,6098.1,24564.0,
2026-09-07T16:13:30.257270+00:00,04_vlm_polymer_bigvlm,0,0,4.2,4.43,60.43,42.84,NVIDIA GeForce RTX 4090,47,178.98,47,6098.1,24564.0,
2026-09-07T16:13:40.269394+00:00,04_vlm_polymer_bigvlm,0,0,4.2,4.43,60.43,42.84,NVIDIA GeForce RTX 4090,47,187.13,93,6098.1,24564.0,
2026-09-07T16:13:50.281383+00:00,04_vlm_polymer_bigvlm,0,0,4.2,4.43,60.43,42.84,NVIDIA GeForce RTX 4090,49,178.62,44,6098.1,24564.0,
2026-09-07T16:14:00.292257+00:00,04_vlm_polymer_bigvlm,0,0,4.2,4.43,60.43,42.84,NVIDIA GeForce RTX 4090,47,176.98,96,6098.1,24564.0,
2026-09-07T16:14:10.304153+00:00,04_vlm_polymer_bigvlm,0,0,4.2,4.43,60.43,42.84,NVIDIA GeForce RTX 4090,48,156.79,52,6098.1,24564.0,
2026-09-07T16:14:20.315452+00:00,04_vlm_polymer_bigvlm,0,0,3.8,4.43,60.43,42.84,NVIDIA GeForce RTX 4090,43,81.82,0,5788.1,24564.0,
2026-09-07T16:14:30.326525+00:00,04_vlm_polymer_bigvlm,0,0,3.8,4.46,60.43,42.84,NVIDIA GeForce RTX 4090,47,157.74,60,9958.1,24564.0,
2026-09-07T16:14:40.338413+00:00,04_vlm_polymer_bigvlm,1,1,3.7,3.46,60.43,42.84,NVIDIA GeForce RTX 4090,41,46.36,0,628.8,24564.0,
2026-09-07T16:14:50.349543+00:00,04_vlm_polymer_bigvlm,1,1,3.8,4.37,60.43,42.84,NVIDIA GeForce RTX 4090,47,171.85,88,6098.1,24564.0,
2026-09-07T16:15:00.361502+00:00,04_vlm_polymer_bigvlm,1,1,4.2,4.33,60.43,42.84,NVIDIA GeForce RTX 4090,45,176.8,87,6098.1,24564.0,
2026-09-07T16:15:10.372328+00:00,04_vlm_polymer_bigvlm,1,1,4.2,4.35,60.43,42.84,NVIDIA GeForce RTX 4090,47,170.5,62,6098.1,24564.0,
2026-09-07T16:15:20.384114+00:00,04_vlm_polymer_bigvlm,1,1,4.2,4.35,60.43,42.84,NVIDIA GeForce RTX 4090,48,177.08,36,6098.1,24564.0,
2026-09-07T16:15:30.395695+00:00,04_vlm_polymer_bigvlm,1,1,4.2,4.34,60.43,42.84,NVIDIA GeForce RTX 4090,49,178.51,63,6098.1,24564.0,
2026-09-07T16:15:40.406545+00:00,04_vlm_polymer_bigvlm,1,1,4.2,4.36,60.43,42.84,NVIDIA GeForce RTX 4090,47,169.82,74,6098.1,24564.0,
2026-09-07T16:15:50.418414+00:00,04_vlm_polymer_bigvlm,1,1,4.2,4.34,60.43,42.84,NVIDIA GeForce RTX 4090,47,173.04,61,6098.1,24564.0,
2026-09-07T16:16:00.430328+00:00,04_vlm_polymer_bigvlm,1,1,4.2,4.35,60.43,42.84,NVIDIA GeForce RTX 4090,49,178.12,63,6098.1,24564.0,
2026-09-07T16:16:10.441396+00:00,04_vlm_polymer_bigvlm,1,1,4.2,4.35,60.43,42.84,NVIDIA GeForce RTX 4090,49,172.66,71,6098.1,24564.0,
2026-09-07T16:16:20.453178+00:00,04_vlm_polymer_bigvlm,1,1,4.2,4.34,60.43,42.84,NVIDIA GeForce RTX 4090,48,180.05,60,6098.1,24564.0,
2026-09-07T16:16:30.464485+00:00,04_vlm_polymer_bigvlm,1,1,4.2,4.33,60.43,42.84,NVIDIA GeForce RTX 4090,45,183.79,75,6098.1,24564.0,
2026-09-07T16:16:40.475642+00:00,04_vlm_polymer_bigvlm,1,1,4.2,4.33,60.43,42.84,NVIDIA GeForce RTX 4090,48,187.88,38,6098.1,24564.0,
2026-09-07T16:16:50.487227+00:00,04_vlm_polymer_bigvlm,1,1,4.2,4.34,60.43,42.84,NVIDIA GeForce RTX 4090,48,177.43,88,6098.1,24564.0,
2026-09-07T16:17:00.499294+00:00,04_vlm_polymer_bigvlm,1,1,4.2,4.34,60.43,42.84,NVIDIA GeForce RTX 4090,46,178.19,63,6098.1,24564.0,
2026-09-07T16:17:10.510608+00:00,04_vlm_polymer_bigvlm,1,1,4.2,4.32,60.43,42.84,NVIDIA GeForce RTX 4090,49,174.67,45,6098.1,24564.0,
2026-09-07T16:17:20.522828+00:00,04_vlm_polymer_bigvlm,1,1,4.2,4.35,60.43,42.84,NVIDIA GeForce RTX 4090,48,179.28,74,6098.1,24564.0,
2026-09-07T16:17:30.535135+00:00,04_vlm_polymer_bigvlm,1,1,4.2,4.36,60.43,42.84,NVIDIA GeForce RTX 4090,48,183.3,86,6098.1,24564.0,
2026-09-07T16:17:40.547675+00:00,04_vlm_polymer_bigvlm,1,1,4.2,4.4,60.43,42.84,NVIDIA GeForce RTX 4090,48,151.65,49,6098.1,24564.0,
2026-09-07T16:17:50.559441+00:00,04_vlm_polymer_bigvlm,1,1,4.2,4.43,60.43,42.84,NVIDIA GeForce RTX 4090,45,157.23,59,6098.1,24564.0,
2026-09-07T16:18:00.571275+00:00,04_vlm_polymer_bigvlm,1,1,4.0,4.44,60.43,42.8,NVIDIA GeForce RTX 4090,48,178.1,93,6098.1,24564.0,
2026-09-07T16:18:10.583162+00:00,04_vlm_polymer_bigvlm,1,1,4.2,4.42,60.43,42.8,NVIDIA GeForce RTX 4090,49,186.5,65,6098.1,24564.0,
2026-09-07T16:18:20.594844+00:00,04_vlm_polymer_bigvlm,1,1,4.2,4.39,60.43,42.8,NVIDIA GeForce RTX 4090,48,181.43,68,6098.1,24564.0,
2026-09-07T16:18:30.606843+00:00,04_vlm_polymer_bigvlm,1,1,4.2,4.42,60.43,42.8,NVIDIA GeForce RTX 4090,48,177.83,43,6098.1,24564.0,
2026-09-07T16:18:40.618846+00:00,04_vlm_polymer_bigvlm,1,1,4.2,4.41,60.43,42.8,NVIDIA GeForce RTX 4090,48,180.44,47,6098.1,24564.0,
2026-09-07T16:18:50.631077+00:00,04_vlm_polymer_bigvlm,1,1,4.2,4.45,60.43,42.8,NVIDIA GeForce RTX 4090,46,170.68,97,6098.1,24564.0,
2026-09-07T16:19:00.642975+00:00,04_vlm_polymer_bigvlm,1,1,4.2,4.45,60.43,42.8,NVIDIA GeForce RTX 4090,45,170.25,79,6098.1,24564.0,
2026-09-07T16:19:10.655017+00:00,04_vlm_polymer_bigvlm,1,1,4.2,4.43,60.43,42.8,NVIDIA GeForce RTX 4090,48,176.88,58,6098.1,24564.0,
2026-09-07T16:19:20.666759+00:00,04_vlm_polymer_bigvlm,1,1,4.2,4.43,60.43,42.8,NVIDIA GeForce RTX 4090,49,176.64,56,6098.1,24564.0,
2026-09-07T16:19:30.678039+00:00,04_vlm_polymer_bigvlm,1,1,4.2,4.41,60.43,42.8,NVIDIA GeForce RTX 4090,49,183.84,82,6098.1,24564.0,
2026-09-07T16:19:40.689809+00:00,04_vlm_polymer_bigvlm,1,1,4.2,4.4,60.43,42.8,NVIDIA GeForce RTX 4090,48,182.88,87,6098.1,24564.0,
2026-09-07T16:19:50.700966+00:00,04_vlm_polymer_bigvlm,1,1,4.2,4.39,60.43,42.8,NVIDIA GeForce RTX 4090,45,178.37,74,6098.1,24564.0,
2026-09-07T16:20:00.712141+00:00,04_vlm_polymer_bigvlm,1,1,4.2,4.4,60.43,42.8,NVIDIA GeForce RTX 4090,46,175.16,97,6098.1,24564.0,
2026-09-07T16:20:10.724610+00:00,04_vlm_polymer_bigvlm,1,1,4.2,4.43,60.43,42.8,NVIDIA GeForce RTX 4090,47,177.14,57,6098.1,24564.0,
2026-09-07T16:20:20.735373+00:00,04_vlm_polymer_bigvlm,1,1,4.2,4.42,60.43,42.8,NVIDIA GeForce RTX 4090,48,177.14,55,6098.1,24564.0,
2026-09-07T16:20:30.747175+00:00,04_vlm_polymer_bigvlm,1,1,4.2,4.42,60.43,42.8,NVIDIA GeForce RTX 4090,46,177.89,97,6098.1,24564.0,
2026-09-07T16:20:40.759668+00:00,04_vlm_polymer_bigvlm,1,1,4.2,4.43,60.43,42.8,NVIDIA GeForce RTX 4090,48,177.89,52,6098.1,24564.0,
2026-09-07T16:20:50.771860+00:00,04_vlm_polymer_bigvlm,1,1,4.2,4.43,60.43,42.8,NVIDIA GeForce RTX 4090,48,152.5,61,6098.1,24564.0,
2026-09-07T16:21:00.783692+00:00,04_vlm_polymer_bigvlm,1,1,4.2,4.44,60.43,42.8,NVIDIA GeForce RTX 4090,47,152.44,63,6098.1,24564.0,
2026-09-07T16:21:10.795983+00:00,04_vlm_polymer_bigvlm,1,1,4.0,4.43,60.43,42.8,NVIDIA GeForce RTX 4090,48,179.91,45,6098.1,24564.0,
2026-09-07T16:21:20.807431+00:00,04_vlm_polymer_bigvlm,1,1,4.2,4.41,60.43,42.8,NVIDIA GeForce RTX 4090,48,177.97,61,6098.1,24564.0,
2026-09-07T16:21:30.819274+00:00,04_vlm_polymer_bigvlm,1,1,4.2,4.39,60.43,42.8,NVIDIA GeForce RTX 4090,46,177.57,68,6098.1,24564.0,
2026-09-07T16:21:40.830838+00:00,04_vlm_polymer_bigvlm,1,1,4.2,4.41,60.43,42.8,NVIDIA GeForce RTX 4090,48,161.66,42,6098.1,24564.0,
2026-09-07T16:21:50.843651+00:00,04_vlm_polymer_bigvlm,1,1,4.2,4.43,60.43,42.8,NVIDIA GeForce RTX 4090,48,173.71,97,6098.1,24564.0,
2026-09-07T16:22:00.855729+00:00,04_vlm_polymer_bigvlm,1,1,4.2,4.43,60.43,42.8,NVIDIA GeForce RTX 4090,46,186.31,61,6098.1,24564.0,
2026-09-07T16:22:10.866717+00:00,04_vlm_polymer_bigvlm,1,1,4.2,4.4,60.43,42.8,NVIDIA GeForce RTX 4090,45,178.84,93,6098.1,24564.0,
2026-09-07T16:22:20.878614+00:00,04_vlm_polymer_bigvlm,1,1,4.2,4.43,60.43,42.8,NVIDIA GeForce RTX 4090,48,173.03,52,6098.1,24564.0,
2026-09-07T16:22:30.890785+00:00,04_vlm_polymer_bigvlm,1,1,4.2,4.43,60.43,42.8,NVIDIA GeForce RTX 4090,49,177.43,36,6098.1,24564.0,
2026-09-07T16:22:40.901755+00:00,04_vlm_polymer_bigvlm,1,1,4.2,4.43,60.43,42.8,NVIDIA GeForce RTX 4090,48,175.64,94,6098.1,24564.0,
2026-09-07T16:22:50.914681+00:00,04_vlm_polymer_bigvlm,1,1,4.2,4.42,60.43,42.8,NVIDIA GeForce RTX 4090,49,179.31,96,6098.1,24564.0,
2026-09-07T16:23:00.925698+00:00,04_vlm_polymer_bigvlm,1,1,4.2,4.42,60.43,42.8,NVIDIA GeForce RTX 4090,49,172.6,35,6098.1,24564.0,
2026-09-07T16:23:10.937655+00:00,04_vlm_polymer_bigvlm,1,1,4.2,4.44,60.43,42.8,NVIDIA GeForce RTX 4090,46,176.84,74,6098.1,24564.0,
2026-09-07T16:23:20.948828+00:00,04_vlm_polymer_bigvlm,1,1,4.2,4.46,60.43,42.8,NVIDIA GeForce RTX 4090,48,174.28,37,6098.1,24564.0,
2026-09-07T16:23:30.960713+00:00,04_vlm_polymer_bigvlm,1,1,4.2,4.41,60.43,42.8,NVIDIA GeForce RTX 4090,49,179.25,96,6098.1,24564.0,
2026-09-07T16:23:40.971742+00:00,04_vlm_polymer_bigvlm,1,1,4.2,4.41,60.43,42.8,NVIDIA GeForce RTX 4090,49,175.56,50,6098.1,24564.0,
2026-09-07T16:23:50.984645+00:00,04_vlm_polymer_bigvlm,1,1,4.2,4.39,60.43,42.8,NVIDIA GeForce RTX 4090,49,178.25,96,6098.1,24564.0,
2026-09-07T16:24:00.996182+00:00,04_vlm_polymer_bigvlm,1,1,4.2,4.39,60.43,42.8,NVIDIA GeForce RTX 4090,49,172.12,82,6098.1,24564.0,
2026-09-07T16:24:11.007043+00:00,04_vlm_polymer_bigvlm,1,1,4.2,4.39,60.43,42.8,NVIDIA GeForce RTX 4090,46,149.87,61,6098.1,24564.0,
2026-09-07T16:24:21.018876+00:00,04_vlm_polymer_bigvlm,1,1,4.2,4.38,60.43,42.8,NVIDIA GeForce RTX 4090,48,161.16,62,6098.1,24564.0,
2026-09-07T16:24:31.030569+00:00,04_vlm_polymer_bigvlm,1,1,4.2,4.38,60.43,42.8,NVIDIA GeForce RTX 4090,48,191.61,54,6098.1,24564.0,
2026-09-07T16:24:41.041601+00:00,04_vlm_polymer_bigvlm,1,1,4.2,4.38,60.43,42.8,NVIDIA GeForce RTX 4090,48,186.9,36,6098.1,24564.0,
2026-09-07T16:24:51.053026+00:00,04_vlm_polymer_bigvlm,1,1,4.2,4.38,60.43,42.8,NVIDIA GeForce RTX 4090,48,175.66,97,6098.1,24564.0,
2026-09-07T16:25:01.064782+00:00,04_vlm_polymer_bigvlm,1,1,4.2,4.38,60.43,42.8,NVIDIA GeForce RTX 4090,49,170.92,75,6098.1,24564.0,
2026-09-07T16:25:11.076727+00:00,04_vlm_polymer_bigvlm,1,1,4.2,4.38,60.43,42.8,NVIDIA GeForce RTX 4090,46,183.16,97,6098.1,24564.0,
2026-09-07T16:25:21.087380+00:00,04_vlm_polymer_bigvlm,1,1,4.2,4.37,60.43,42.8,NVIDIA GeForce RTX 4090,48,179.61,43,6098.1,24564.0,
2026-09-07T16:25:31.099549+00:00,04_vlm_polymer_bigvlm,1,1,4.2,4.38,60.43,42.8,NVIDIA GeForce RTX 4090,46,170.78,76,6098.1,24564.0,
2026-09-07T16:25:41.111420+00:00,04_vlm_polymer_bigvlm,1,1,4.2,4.38,60.43,42.8,NVIDIA GeForce RTX 4090,49,181.57,82,6098.1,24564.0,
2026-09-07T16:25:51.122300+00:00,04_vlm_polymer_bigvlm,1,1,4.2,4.38,60.43,42.8,NVIDIA GeForce RTX 4090,50,186.19,78,6098.1,24564.0,
2026-09-07T16:26:01.133169+00:00,04_vlm_polymer_bigvlm,1,1,4.2,4.38,60.43,42.8,NVIDIA GeForce RTX 4090,46,179.04,54,6098.1,24564.0,
2026-09-07T16:26:11.145191+00:00,04_vlm_polymer_bigvlm,1,1,4.2,4.39,60.43,42.8,NVIDIA GeForce RTX 4090,48,179.45,48,6098.1,24564.0,
2026-09-07T16:26:21.156150+00:00,04_vlm_polymer_bigvlm,1,1,4.2,4.39,60.43,42.8,NVIDIA GeForce RTX 4090,49,176.63,96,6098.1,24564.0,
2026-09-07T16:26:31.168238+00:00,04_vlm_polymer_bigvlm,1,1,4.2,4.38,60.43,42.8,NVIDIA GeForce RTX 4090,46,180.08,57,6098.1,24564.0,
2026-09-07T16:26:41.179543+00:00,04_vlm_polymer_bigvlm,1,1,4.2,4.41,60.43,42.8,NVIDIA GeForce RTX 4090,48,179.55,48,6098.1,24564.0,
2026-09-07T16:26:51.191280+00:00,04_vlm_polymer_bigvlm,1,1,4.2,4.41,60.43,42.8,NVIDIA GeForce RTX 4090,46,166.63,71,6098.1,24564.0,
2026-09-07T16:27:01.202337+00:00,04_vlm_polymer_bigvlm,1,1,4.2,4.41,60.43,42.8,NVIDIA GeForce RTX 4090,49,175.85,42,6098.1,24564.0,
2026-09-07T16:27:11.214750+00:00,04_vlm_polymer_bigvlm,1,1,4.2,4.41,60.43,42.8,NVIDIA GeForce RTX 4090,46,180.88,70,6098.1,24564.0,
2026-09-07T16:27:21.227174+00:00,04_vlm_polymer_bigvlm,1,1,4.2,4.4,60.43,42.8,NVIDIA GeForce RTX 4090,45,150.49,65,6098.1,24564.0,
2026-09-07T16:27:31.238776+00:00,04_vlm_polymer_bigvlm,1,1,4.2,4.4,60.43,42.8,NVIDIA GeForce RTX 4090,46,156.36,63,6098.1,24564.0,
2026-09-07T16:27:41.250460+00:00,04_vlm_polymer_bigvlm,1,1,0.6,4.37,60.43,42.8,NVIDIA GeForce RTX 4090,41,60.09,0,6098.1,24564.0,
2026-09-07T16:27:51.261633+00:00,04_vlm_polymer_bigvlm,1,1,3.0,4.41,60.43,42.8,NVIDIA GeForce RTX 4090,46,180.24,83,6098.1,24564.0,
2026-09-07T16:28:01.272697+00:00,04_vlm_polymer_bigvlm,1,1,4.2,4.45,60.43,42.8,NVIDIA GeForce RTX 4090,46,175.66,64,6098.1,24564.0,
2026-09-07T16:28:11.284963+00:00,04_vlm_polymer_bigvlm,1,1,4.2,4.45,60.43,42.8,NVIDIA GeForce RTX 4090,47,171.81,45,6098.1,24564.0,
2026-09-07T16:28:21.296889+00:00,04_vlm_polymer_bigvlm,1,1,4.2,4.42,60.43,42.8,NVIDIA GeForce RTX 4090,48,184.89,70,6098.1,24564.0,
2026-09-07T16:28:31.308051+00:00,04_vlm_polymer_bigvlm,1,1,4.2,4.43,60.43,42.8,NVIDIA GeForce RTX 4090,46,177.93,90,6098.1,24564.0,
2026-09-07T16:28:41.320311+00:00,04_vlm_polymer_bigvlm,1,1,4.2,4.42,60.43,42.8,NVIDIA GeForce RTX 4090,48,185.37,65,6098.1,24564.0,
2026-09-07T16:28:51.331519+00:00,04_vlm_polymer_bigvlm,1,1,4.2,4.42,60.43,42.8,NVIDIA GeForce RTX 4090,48,182.6,69,6098.1,24564.0,
2026-09-07T16:29:01.342417+00:00,04_vlm_polymer_bigvlm,1,1,4.2,4.41,60.43,42.8,NVIDIA GeForce RTX 4090,49,177.69,63,6098.1,24564.0,
2026-09-07T16:29:11.354315+00:00,04_vlm_polymer_bigvlm,1,1,4.2,4.42,60.43,42.8,NVIDIA GeForce RTX 4090,45,184.32,86,6098.1,24564.0,
2026-09-07T16:29:21.367048+00:00,04_vlm_polymer_bigvlm,1,1,4.2,4.44,60.43,42.8,NVIDIA GeForce RTX 4090,48,174.07,43,6098.1,24564.0,
2026-09-07T16:29:31.378723+00:00,04_vlm_polymer_bigvlm,1,1,4.2,4.45,60.43,42.8,NVIDIA GeForce RTX 4090,47,175.05,91,6098.1,24564.0,
2026-09-07T16:29:41.391166+00:00,04_vlm_polymer_bigvlm,1,1,4.2,4.43,60.43,42.8,NVIDIA GeForce RTX 4090,47,178.73,64,6098.1,24564.0,
2026-09-07T16:29:51.402224+00:00,04_vlm_polymer_bigvlm,1,1,4.2,4.41,60.43,42.8,NVIDIA GeForce RTX 4090,49,179.12,75,6098.1,24564.0,
2026-09-07T16:30:01.413673+00:00,04_vlm_polymer_bigvlm,1,1,4.2,4.41,60.43,42.8,NVIDIA GeForce RTX 4090,49,176.79,49,6098.1,24564.0,
2026-09-07T16:30:11.425756+00:00,04_vlm_polymer_bigvlm,1,1,4.2,4.4,60.43,42.8,NVIDIA GeForce RTX 4090,49,175.44,61,6098.1,24564.0,
2026-09-07T16:30:21.436544+00:00,04_vlm_polymer_bigvlm,1,1,4.2,4.39,60.43,42.8,NVIDIA GeForce RTX 4090,47,177.0,95,6098.1,24564.0,
2026-09-07T16:30:31.448467+00:00,04_vlm_polymer_bigvlm,1,1,4.2,4.41,60.43,42.8,NVIDIA GeForce RTX 4090,46,173.57,78,6098.1,24564.0,
2026-09-07T16:30:41.459854+00:00,04_vlm_polymer_bigvlm,1,1,4.2,4.39,60.43,42.8,NVIDIA GeForce RTX 4090,48,155.17,41,6098.1,24564.0,
2026-09-07T16:30:51.471804+00:00,04_vlm_polymer_bigvlm,1,1,4.2,4.39,60.43,42.8,NVIDIA GeForce RTX 4090,48,152.8,63,6098.1,24564.0,
2026-09-07T16:31:01.482728+00:00,04_vlm_polymer_bigvlm,1,1,4.2,4.39,60.43,42.8,NVIDIA GeForce RTX 4090,45,181.97,51,6098.1,24564.0,
2026-09-07T16:31:11.494842+00:00,04_vlm_polymer_bigvlm,1,1,4.2,4.4,60.43,42.8,NVIDIA GeForce RTX 4090,48,178.25,88,6098.1,24564.0,
2026-09-07T16:31:21.505852+00:00,04_vlm_polymer_bigvlm,1,1,4.2,4.4,60.43,42.8,NVIDIA GeForce RTX 4090,48,175.34,95,6098.1,24564.0,
2026-09-07T16:31:31.518015+00:00,04_vlm_polymer_bigvlm,1,1,4.2,4.39,60.43,42.8,NVIDIA GeForce RTX 4090,46,178.66,43,6098.1,24564.0,
2026-09-07T16:31:41.529506+00:00,04_vlm_polymer_bigvlm,1,1,4.2,4.39,60.43,42.8,NVIDIA GeForce RTX 4090,48,180.0,60,6098.1,24564.0,
2026-09-07T16:31:51.540405+00:00,04_vlm_polymer_bigvlm,1,1,4.2,4.41,60.43,42.8,NVIDIA GeForce RTX 4090,46,186.93,54,6098.1,24564.0,
2026-09-07T16:32:01.551469+00:00,04_vlm_polymer_bigvlm,1,1,4.2,4.41,60.43,42.8,NVIDIA GeForce RTX 4090,48,177.58,86,6098.1,24564.0,
2026-09-07T16:32:11.563605+00:00,04_vlm_polymer_bigvlm,1,1,4.2,4.41,60.43,42.8,NVIDIA GeForce RTX 4090,48,175.93,89,6098.1,24564.0,
2026-09-07T16:32:21.575088+00:00,04_vlm_polymer_bigvlm,1,1,4.2,4.41,60.43,42.8,NVIDIA GeForce RTX 4090,48,176.04,95,6098.1,24564.0,
2026-09-07T16:32:31.587439+00:00,04_vlm_polymer_bigvlm,1,1,4.2,4.42,60.43,42.8,NVIDIA GeForce RTX 4090,48,184.86,96,6098.1,24564.0,
2026-09-07T16:32:41.599203+00:00,04_vlm_polymer_bigvlm,1,1,4.2,4.44,60.43,42.8,NVIDIA GeForce RTX 4090,49,171.92,58,6098.1,24564.0,
2026-09-07T16:32:51.611328+00:00,04_vlm_polymer_bigvlm,1,1,4.2,4.43,60.43,42.8,NVIDIA GeForce RTX 4090,48,183.3,36,6098.1,24564.0,
2026-09-07T16:33:01.622992+00:00,04_vlm_polymer_bigvlm,1,1,4.2,4.41,60.43,42.8,NVIDIA GeForce RTX 4090,46,177.14,96,6098.1,24564.0,
2026-09-07T16:33:11.634511+00:00,04_vlm_polymer_bigvlm,1,1,4.2,4.42,60.43,42.8,NVIDIA GeForce RTX 4090,46,177.21,96,6098.1,24564.0,
2026-09-07T16:33:21.645650+00:00,04_vlm_polymer_bigvlm,1,1,4.2,4.41,60.43,42.8,NVIDIA GeForce RTX 4090,48,178.72,48,6098.1,24564.0,
2026-09-07T16:33:31.657573+00:00,04_vlm_polymer_bigvlm,1,1,4.2,4.4,60.43,42.8,NVIDIA GeForce RTX 4090,49,177.94,68,6098.1,24564.0,
2026-09-07T16:33:41.668710+00:00,04_vlm_polymer_bigvlm,1,1,4.2,4.39,60.43,42.8,NVIDIA GeForce RTX 4090,46,170.13,78,6098.1,24564.0,
2026-09-07T16:33:51.680283+00:00,04_vlm_polymer_bigvlm,1,1,4.2,4.41,60.43,42.8,NVIDIA GeForce RTX 4090,48,174.34,34,6098.1,24564.0,
2026-09-07T16:34:01.691984+00:00,04_vlm_polymer_bigvlm,1,1,4.2,4.4,60.43,42.8,NVIDIA GeForce RTX 4090,48,150.73,46,6098.1,24564.0,
2026-09-07T16:34:11.703547+00:00,04_vlm_polymer_bigvlm,1,1,3.4,4.42,60.43,42.8,NVIDIA GeForce RTX 4090,43,61.31,0,5788.1,24564.0,
2026-09-07T16:34:21.714383+00:00,04_vlm_polymer_bigvlm,1,1,4.2,4.44,60.43,42.8,NVIDIA GeForce RTX 4090,47,157.84,46,9958.1,24564.0,
2026-09-07T16:34:31.725737+00:00,04_vlm_polymer_bigvlm,2,2,3.4,3.55,60.43,42.8,NVIDIA GeForce RTX 4090,40,41.63,0,4274.1,24564.0,
2026-09-07T16:34:41.738217+00:00,04_vlm_polymer_bigvlm,2,2,4.2,4.33,60.43,42.8,NVIDIA GeForce RTX 4090,47,175.51,44,6098.1,24564.0,
2026-09-07T16:34:51.750365+00:00,04_vlm_polymer_bigvlm,2,2,4.2,4.33,60.43,42.8,NVIDIA GeForce RTX 4090,47,170.67,45,6098.1,24564.0,
2026-09-07T16:35:01.762109+00:00,04_vlm_polymer_bigvlm,2,2,4.2,4.32,60.43,42.8,NVIDIA GeForce RTX 4090,45,179.94,96,6098.1,24564.0,
2026-09-07T16:35:11.772993+00:00,04_vlm_polymer_bigvlm,2,2,4.2,4.35,60.43,42.8,NVIDIA GeForce RTX 4090,48,182.98,37,6098.1,24564.0,
2026-09-07T16:35:21.785396+00:00,04_vlm_polymer_bigvlm,2,2,4.2,4.33,60.43,42.8,NVIDIA GeForce RTX 4090,47,171.85,97,6098.1,24564.0,
2026-09-07T16:35:31.797258+00:00,04_vlm_polymer_bigvlm,2,2,4.2,4.32,60.43,42.8,NVIDIA GeForce RTX 4090,49,181.28,45,6098.1,24564.0,
2026-09-07T16:35:41.807881+00:00,04_vlm_polymer_bigvlm,2,2,4.2,4.32,60.43,42.8,NVIDIA GeForce RTX 4090,48,184.88,66,6098.1,24564.0,
2026-09-07T16:35:51.819158+00:00,04_vlm_polymer_bigvlm,2,2,4.2,4.33,60.43,42.8,NVIDIA GeForce RTX 4090,46,175.97,77,6098.1,24564.0,
2026-09-07T16:36:01.831067+00:00,04_vlm_polymer_bigvlm,2,2,4.2,4.32,60.43,42.8,NVIDIA GeForce RTX 4090,47,176.15,97,6098.1,24564.0,
2026-09-07T16:36:11.842026+00:00,04_vlm_polymer_bigvlm,2,2,4.2,4.32,60.43,42.8,NVIDIA GeForce RTX 4090,45,165.94,43,6098.1,24564.0,
2026-09-07T16:36:21.853005+00:00,04_vlm_polymer_bigvlm,2,2,4.2,4.32,60.43,42.8,NVIDIA GeForce RTX 4090,47,179.99,45,6098.1,24564.0,
2026-09-07T16:36:31.864600+00:00,04_vlm_polymer_bigvlm,2,2,4.2,4.35,60.43,42.8,NVIDIA GeForce RTX 4090,48,176.93,73,6098.1,24564.0,
2026-09-07T16:36:41.876224+00:00,04_vlm_polymer_bigvlm,2,2,4.2,4.32,60.43,42.8,NVIDIA GeForce RTX 4090,45,170.77,94,6098.1,24564.0,
2026-09-07T16:36:51.887798+00:00,04_vlm_polymer_bigvlm,2,2,4.2,4.34,60.43,42.8,NVIDIA GeForce RTX 4090,47,175.29,69,6098.1,24564.0,
2026-09-07T16:37:01.899571+00:00,04_vlm_polymer_bigvlm,2,2,4.2,4.36,60.43,42.8,NVIDIA GeForce RTX 4090,49,177.79,47,6098.1,24564.0,
2026-09-07T16:37:11.910634+00:00,04_vlm_polymer_bigvlm,2,2,4.2,4.37,60.43,42.8,NVIDIA GeForce RTX 4090,48,176.97,80,6098.1,24564.0,
2026-09-07T16:37:21.922600+00:00,04_vlm_polymer_bigvlm,2,2,4.2,4.33,60.43,42.8,NVIDIA GeForce RTX 4090,49,181.16,51,6098.1,24564.0,
2026-09-07T16:37:31.933636+00:00,04_vlm_polymer_bigvlm,2,2,4.2,4.42,60.43,42.8,NVIDIA GeForce RTX 4090,45,156.47,48,6098.1,24564.0,
2026-09-07T16:37:41.944652+00:00,04_vlm_polymer_bigvlm,2,2,4.2,4.39,60.43,42.8,NVIDIA GeForce RTX 4090,47,156.79,52,6098.1,24564.0,
2026-09-07T16:37:51.956368+00:00,04_vlm_polymer_bigvlm,2,2,4.0,4.39,60.43,42.76,NVIDIA GeForce RTX 4090,49,187.36,83,6098.1,24564.0,
2026-09-07T16:38:01.968358+00:00,04_vlm_polymer_bigvlm,2,2,4.2,4.4,60.43,42.76,NVIDIA GeForce RTX 4090,48,176.43,40,6098.1,24564.0,
2026-09-07T16:38:11.979973+00:00,04_vlm_polymer_bigvlm,2,2,4.2,4.4,60.43,42.76,NVIDIA GeForce RTX 4090,48,176.66,43,6098.1,24564.0,
2026-09-07T16:38:21.992130+00:00,04_vlm_polymer_bigvlm,2,2,4.2,4.39,60.43,42.76,NVIDIA GeForce RTX 4090,46,177.75,74,6098.1,24564.0,
2026-09-07T16:38:32.004052+00:00,04_vlm_polymer_bigvlm,2,2,4.2,4.4,60.43,42.76,NVIDIA GeForce RTX 4090,48,173.8,55,6098.1,24564.0,
2026-09-07T16:38:42.015949+00:00,04_vlm_polymer_bigvlm,2,2,4.2,4.4,60.43,42.76,NVIDIA GeForce RTX 4090,49,175.79,97,6098.1,24564.0,
2026-09-07T16:38:52.028194+00:00,04_vlm_polymer_bigvlm,2,2,4.2,4.42,60.43,42.76,NVIDIA GeForce RTX 4090,49,180.25,47,6098.1,24564.0,
2026-09-07T16:39:02.039357+00:00,04_vlm_polymer_bigvlm,2,2,4.2,4.44,60.43,42.76,NVIDIA GeForce RTX 4090,49,182.13,47,6098.1,24564.0,
2026-09-07T16:39:12.050213+00:00,04_vlm_polymer_bigvlm,2,2,4.2,4.43,60.43,42.76,NVIDIA GeForce RTX 4090,49,175.32,82,6098.1,24564.0,
2026-09-07T16:39:22.061856+00:00,04_vlm_polymer_bigvlm,2,2,4.2,4.44,60.43,42.76,NVIDIA GeForce RTX 4090,49,174.16,85,6098.1,24564.0,
2026-09-07T16:39:32.073617+00:00,04_vlm_polymer_bigvlm,2,2,4.2,4.43,60.43,42.76,NVIDIA GeForce RTX 4090,48,178.22,93,6098.1,24564.0,
2026-09-07T16:39:42.085695+00:00,04_vlm_polymer_bigvlm,2,2,4.2,4.43,60.43,42.76,NVIDIA GeForce RTX 4090,49,175.3,88,6098.1,24564.0,
2026-09-07T16:39:52.097692+00:00,04_vlm_polymer_bigvlm,2,2,4.2,4.42,60.43,42.76,NVIDIA GeForce RTX 4090,48,181.0,97,6098.1,24564.0,
2026-09-07T16:40:02.108603+00:00,04_vlm_polymer_bigvlm,2,2,4.2,4.41,60.43,42.76,NVIDIA GeForce RTX 4090,49,179.09,47,6098.1,24564.0,
2026-09-07T16:40:12.120305+00:00,04_vlm_polymer_bigvlm,2,2,4.2,4.43,60.43,42.76,NVIDIA GeForce RTX 4090,46,176.35,87,6098.1,24564.0,
2026-09-07T16:40:22.132377+00:00,04_vlm_polymer_bigvlm,2,2,4.2,4.44,60.43,42.76,NVIDIA GeForce RTX 4090,49,179.26,80,6098.1,24564.0,
2026-09-07T16:40:32.144814+00:00,04_vlm_polymer_bigvlm,2,2,4.2,4.43,60.43,42.76,NVIDIA GeForce RTX 4090,48,175.59,95,6098.1,24564.0,
2026-09-07T16:40:42.158217+00:00,04_vlm_polymer_bigvlm,2,2,4.2,4.42,60.43,42.76,NVIDIA GeForce RTX 4090,47,154.51,46,6098.1,24564.0,
2026-09-07T16:40:52.170091+00:00,04_vlm_polymer_bigvlm,2,2,4.2,4.41,60.43,42.76,NVIDIA GeForce RTX 4090,46,157.51,48,6098.1,24564.0,
2026-09-07T16:41:02.182353+00:00,04_vlm_polymer_bigvlm,2,2,4.0,4.4,60.43,42.76,NVIDIA GeForce RTX 4090,48,174.84,50,6098.1,24564.0,
2026-09-07T16:41:12.194070+00:00,04_vlm_polymer_bigvlm,2,2,4.2,4.4,60.43,42.76,NVIDIA GeForce RTX 4090,48,183.51,40,6098.1,24564.0,
2026-09-07T16:41:22.205996+00:00,04_vlm_polymer_bigvlm,2,2,4.2,4.4,60.43,42.76,NVIDIA GeForce RTX 4090,48,188.05,73,6098.1,24564.0,
2026-09-07T16:41:32.216985+00:00,04_vlm_polymer_bigvlm,2,2,4.2,4.41,60.43,42.76,NVIDIA GeForce RTX 4090,49,191.84,68,6098.1,24564.0,
2026-09-07T16:41:42.229001+00:00,04_vlm_polymer_bigvlm,2,2,4.2,4.41,60.43,42.76,NVIDIA GeForce RTX 4090,49,178.02,39,6098.1,24564.0,
2026-09-07T16:41:52.241546+00:00,04_vlm_polymer_bigvlm,2,2,4.2,4.43,60.43,42.76,NVIDIA GeForce RTX 4090,49,183.39,96,6098.1,24564.0,
2026-09-07T16:42:02.253782+00:00,04_vlm_polymer_bigvlm,2,2,4.2,4.41,60.43,42.76,NVIDIA GeForce RTX 4090,49,179.7,36,6098.1,24564.0,
2026-09-07T16:42:12.264778+00:00,04_vlm_polymer_bigvlm,2,2,4.2,4.42,60.43,42.76,NVIDIA GeForce RTX 4090,46,174.87,73,6098.1,24564.0,
2026-09-07T16:42:22.277275+00:00,04_vlm_polymer_bigvlm,2,2,4.2,4.4,60.43,42.76,NVIDIA GeForce RTX 4090,48,177.91,44,6098.1,24564.0,
2026-09-07T16:42:32.288296+00:00,04_vlm_polymer_bigvlm,2,2,4.2,4.44,60.43,42.76,NVIDIA GeForce RTX 4090,48,177.31,44,6098.1,24564.0,
2026-09-07T16:42:42.299385+00:00,04_vlm_polymer_bigvlm,2,2,4.2,4.43,60.43,42.76,NVIDIA GeForce RTX 4090,49,175.04,36,6098.1,24564.0,
2026-09-07T16:42:52.311569+00:00,04_vlm_polymer_bigvlm,2,2,4.2,4.42,60.43,42.76,NVIDIA GeForce RTX 4090,49,175.96,75,6098.1,24564.0,
2026-09-07T16:43:02.322501+00:00,04_vlm_polymer_bigvlm,2,2,4.2,4.41,60.43,42.76,NVIDIA GeForce RTX 4090,49,178.35,54,6098.1,24564.0,
2026-09-07T16:43:12.333630+00:00,04_vlm_polymer_bigvlm,2,2,4.2,4.4,60.43,42.76,NVIDIA GeForce RTX 4090,48,173.04,66,6098.1,24564.0,
2026-09-07T16:43:22.345926+00:00,04_vlm_polymer_bigvlm,2,2,4.2,4.42,60.43,42.76,NVIDIA GeForce RTX 4090,49,173.12,64,6098.1,24564.0,
2026-09-07T16:43:32.357122+00:00,04_vlm_polymer_bigvlm,2,2,4.2,4.41,60.43,42.76,NVIDIA GeForce RTX 4090,46,180.44,84,6098.1,24564.0,
2026-09-07T16:43:42.369654+00:00,04_vlm_polymer_bigvlm,2,2,4.2,4.39,60.43,42.76,NVIDIA GeForce RTX 4090,48,178.71,62,6098.1,24564.0,
2026-09-07T16:43:52.381599+00:00,04_vlm_polymer_bigvlm,2,2,4.2,4.39,60.43,42.76,NVIDIA GeForce RTX 4090,47,154.99,62,6098.1,24564.0,
2026-09-07T16:44:02.393049+00:00,04_vlm_polymer_bigvlm,2,2,4.2,4.39,60.43,42.76,NVIDIA GeForce RTX 4090,48,153.75,49,6098.1,24564.0,
2026-09-07T16:44:12.405114+00:00,04_vlm_polymer_bigvlm,2,2,4.0,4.39,60.43,42.76,NVIDIA GeForce RTX 4090,49,173.72,57,6098.1,24564.0,
2026-09-07T16:44:22.417224+00:00,04_vlm_polymer_bigvlm,2,2,4.2,4.43,60.43,42.76,NVIDIA GeForce RTX 4090,49,186.87,53,6098.1,24564.0,
2026-09-07T16:44:32.429665+00:00,04_vlm_polymer_bigvlm,2,2,4.2,4.42,60.43,42.76,NVIDIA GeForce RTX 4090,48,171.26,59,6098.1,24564.0,
2026-09-07T16:44:42.441449+00:00,04_vlm_polymer_bigvlm,2,2,4.2,4.42,60.43,42.76,NVIDIA GeForce RTX 4090,49,180.13,57,6098.1,24564.0,
2026-09-07T16:44:52.454059+00:00,04_vlm_polymer_bigvlm,2,2,4.2,4.41,60.43,42.76,NVIDIA GeForce RTX 4090,46,175.66,77,6098.1,24564.0,
2026-09-07T16:45:02.466074+00:00,04_vlm_polymer_bigvlm,2,2,4.2,4.41,60.43,42.76,NVIDIA GeForce RTX 4090,49,180.93,62,6098.1,24564.0,
2026-09-07T16:45:12.478132+00:00,04_vlm_polymer_bigvlm,2,2,4.2,4.41,60.43,42.76,NVIDIA GeForce RTX 4090,47,187.76,96,6098.1,24564.0,
2026-09-07T16:45:22.490143+00:00,04_vlm_polymer_bigvlm,2,2,4.2,4.41,60.43,42.76,NVIDIA GeForce RTX 4090,46,179.26,44,6098.1,24564.0,
2026-09-07T16:45:32.502494+00:00,04_vlm_polymer_bigvlm,2,2,4.2,4.42,60.43,42.76,NVIDIA GeForce RTX 4090,49,178.8,92,6098.1,24564.0,
2026-09-07T16:45:42.514697+00:00,04_vlm_polymer_bigvlm,2,2,4.2,4.42,60.43,42.76,NVIDIA GeForce RTX 4090,50,175.28,53,6098.1,24564.0,
2026-09-07T16:45:52.526436+00:00,04_vlm_polymer_bigvlm,2,2,4.2,4.41,60.43,42.76,NVIDIA GeForce RTX 4090,48,180.3,67,6098.1,24564.0,
2026-09-07T16:46:02.537360+00:00,04_vlm_polymer_bigvlm,2,2,4.2,4.41,60.43,42.76,NVIDIA GeForce RTX 4090,46,180.76,41,6098.1,24564.0,
2026-09-07T16:46:12.549783+00:00,04_vlm_polymer_bigvlm,2,2,4.2,4.43,60.43,42.76,NVIDIA GeForce RTX 4090,48,178.61,77,6098.1,24564.0,
2026-09-07T16:46:22.560877+00:00,04_vlm_polymer_bigvlm,2,2,4.2,4.42,60.43,42.76,NVIDIA GeForce RTX 4090,48,181.18,73,6098.1,24564.0,
2026-09-07T16:46:32.571772+00:00,04_vlm_polymer_bigvlm,2,2,4.2,4.42,60.43,42.76,NVIDIA GeForce RTX 4090,49,172.86,82,6098.1,24564.0,
2026-09-07T16:46:42.583523+00:00,04_vlm_polymer_bigvlm,2,2,4.2,4.41,60.43,42.76,NVIDIA GeForce RTX 4090,48,180.79,44,6098.1,24564.0,
2026-09-07T16:46:52.594776+00:00,04_vlm_polymer_bigvlm,2,2,4.2,4.43,60.43,42.76,NVIDIA GeForce RTX 4090,46,177.51,45,6098.1,24564.0,
2026-09-07T16:47:02.606860+00:00,04_vlm_polymer_bigvlm,2,2,4.2,4.42,60.43,42.76,NVIDIA GeForce RTX 4090,47,180.76,92,6098.1,24564.0,
2026-09-07T16:47:12.619304+00:00,04_vlm_polymer_bigvlm,2,2,4.2,4.43,60.43,42.76,NVIDIA GeForce RTX 4090,48,155.62,51,6098.1,24564.0,
2026-09-07T16:47:22.631490+00:00,04_vlm_polymer_bigvlm,2,2,4.2,4.44,60.43,42.76,NVIDIA GeForce RTX 4090,45,161.97,83,6098.1,24564.0,
2026-09-07T16:47:32.642574+00:00,04_vlm_polymer_bigvlm,2,2,4.2,4.45,60.43,42.76,NVIDIA GeForce RTX 4090,46,180.42,67,6098.1,24564.0,
2026-09-07T16:47:42.653716+00:00,04_vlm_polymer_bigvlm,2,2,4.2,4.43,60.43,42.76,NVIDIA GeForce RTX 4090,47,176.72,88,6098.1,24564.0,
2026-09-07T16:47:52.665306+00:00,04_vlm_polymer_bigvlm,2,2,4.2,4.43,60.43,42.76,NVIDIA GeForce RTX 4090,49,179.24,44,6098.1,24564.0,
2026-09-07T16:48:02.677352+00:00,04_vlm_polymer_bigvlm,2,2,4.2,4.42,60.43,42.76,NVIDIA GeForce RTX 4090,46,172.77,97,6098.1,24564.0,
2026-09-07T16:48:12.689361+00:00,04_vlm_polymer_bigvlm,2,2,4.2,4.42,60.43,42.76,NVIDIA GeForce RTX 4090,49,186.25,42,6098.1,24564.0,
2026-09-07T16:48:22.700511+00:00,04_vlm_polymer_bigvlm,2,2,4.2,4.41,60.43,42.76,NVIDIA GeForce RTX 4090,49,183.77,44,6098.1,24564.0,
2026-09-07T16:48:32.711572+00:00,04_vlm_polymer_bigvlm,2,2,4.2,4.41,60.43,42.76,NVIDIA GeForce RTX 4090,49,182.62,59,6098.1,24564.0,
2026-09-07T16:48:42.723406+00:00,04_vlm_polymer_bigvlm,2,2,4.2,4.4,60.43,42.76,NVIDIA GeForce RTX 4090,47,177.01,91,6098.1,24564.0,
2026-09-07T16:48:52.735090+00:00,04_vlm_polymer_bigvlm,2,2,4.2,4.4,60.43,42.76,NVIDIA GeForce RTX 4090,49,180.02,45,6098.1,24564.0,
2026-09-07T16:49:02.745713+00:00,04_vlm_polymer_bigvlm,2,2,4.2,4.39,60.43,42.76,NVIDIA GeForce RTX 4090,49,178.3,59,6098.1,24564.0,
2026-09-07T16:49:12.757720+00:00,04_vlm_polymer_bigvlm,2,2,4.2,4.39,60.43,42.76,NVIDIA GeForce RTX 4090,47,178.57,97,6098.1,24564.0,
2026-09-07T16:49:22.769922+00:00,04_vlm_polymer_bigvlm,2,2,4.2,4.4,60.43,42.76,NVIDIA GeForce RTX 4090,49,179.05,82,6098.1,24564.0,
2026-09-07T16:49:32.782126+00:00,04_vlm_polymer_bigvlm,2,2,4.2,4.4,60.43,42.76,NVIDIA GeForce RTX 4090,46,180.34,86,6098.1,24564.0,
2026-09-07T16:49:42.793121+00:00,04_vlm_polymer_bigvlm,2,2,4.2,4.39,60.43,42.76,NVIDIA GeForce RTX 4090,46,192.15,75,6098.1,24564.0,
2026-09-07T16:49:52.804915+00:00,04_vlm_polymer_bigvlm,2,2,4.2,4.43,60.43,42.76,NVIDIA GeForce RTX 4090,46,180.44,52,6098.1,24564.0,
2026-09-07T16:50:02.817308+00:00,04_vlm_polymer_bigvlm,2,2,4.2,4.43,60.43,42.76,NVIDIA GeForce RTX 4090,50,177.19,39,6098.1,24564.0,
2026-09-07T16:50:12.828290+00:00,04_vlm_polymer_bigvlm,2,2,4.2,4.42,60.43,42.76,NVIDIA GeForce RTX 4090,47,177.24,96,6098.1,24564.0,
2026-09-07T16:50:22.840174+00:00,04_vlm_polymer_bigvlm,2,2,4.2,4.42,60.43,42.76,NVIDIA GeForce RTX 4090,46,156.7,50,6098.1,24564.0,
2026-09-07T16:50:32.852045+00:00,04_vlm_polymer_bigvlm,2,2,4.2,4.42,60.43,42.76,NVIDIA GeForce RTX 4090,48,156.71,57,6098.1,24564.0,
2026-09-07T16:50:42.862832+00:00,04_vlm_polymer_bigvlm,2,2,4.2,4.44,60.43,42.76,NVIDIA GeForce RTX 4090,49,170.91,37,6098.1,24564.0,
2026-09-07T16:50:52.874808+00:00,04_vlm_polymer_bigvlm,2,2,4.2,4.44,60.43,42.76,NVIDIA GeForce RTX 4090,48,184.92,96,6098.1,24564.0,
2026-09-07T16:51:02.886131+00:00,04_vlm_polymer_bigvlm,2,2,4.2,4.45,60.43,42.76,NVIDIA GeForce RTX 4090,48,178.0,82,6098.1,24564.0,
2026-09-07T16:51:12.897827+00:00,04_vlm_polymer_bigvlm,2,2,4.2,4.45,60.43,42.76,NVIDIA GeForce RTX 4090,49,180.62,62,6098.1,24564.0,
2026-09-07T16:51:22.909718+00:00,04_vlm_polymer_bigvlm,2,2,4.2,4.45,60.43,42.76,NVIDIA GeForce RTX 4090,47,181.87,49,6098.1,24564.0,
2026-09-07T16:51:32.920574+00:00,04_vlm_polymer_bigvlm,2,2,4.2,4.44,60.43,42.76,NVIDIA GeForce RTX 4090,49,181.73,39,6098.1,24564.0,
2026-09-07T16:51:42.932711+00:00,04_vlm_polymer_bigvlm,2,2,4.2,4.41,60.43,42.76,NVIDIA GeForce RTX 4090,49,175.78,71,6098.1,24564.0,
2026-09-07T16:51:52.944680+00:00,04_vlm_polymer_bigvlm,2,2,4.2,4.42,60.43,42.76,NVIDIA GeForce RTX 4090,46,180.24,74,6098.1,24564.0,
2026-09-07T16:52:02.956463+00:00,04_vlm_polymer_bigvlm,2,2,4.2,4.41,60.43,42.76,NVIDIA GeForce RTX 4090,49,179.1,38,6098.1,24564.0,
2026-09-07T16:52:12.967517+00:00,04_vlm_polymer_bigvlm,2,2,4.2,4.43,60.43,42.76,NVIDIA GeForce RTX 4090,46,180.54,56,6098.1,24564.0,
2026-09-07T16:52:22.978360+00:00,04_vlm_polymer_bigvlm,2,2,4.2,4.42,60.43,42.76,NVIDIA GeForce RTX 4090,50,177.14,96,6098.1,24564.0,
2026-09-07T16:52:32.991719+00:00,04_vlm_polymer_bigvlm,2,2,4.2,4.43,60.43,42.76,NVIDIA GeForce RTX 4090,46,175.29,66,6098.1,24564.0,
2026-09-07T16:52:43.003067+00:00,04_vlm_polymer_bigvlm,2,2,4.2,4.43,60.43,42.76,NVIDIA GeForce RTX 4090,48,173.44,37,6098.1,24564.0,
2026-09-07T16:52:53.014809+00:00,04_vlm_polymer_bigvlm,2,2,4.2,4.43,60.43,42.76,NVIDIA GeForce RTX 4090,49,178.82,78,6098.1,24564.0,
2026-09-07T16:53:03.026040+00:00,04_vlm_polymer_bigvlm,2,2,4.2,4.43,60.43,42.76,NVIDIA GeForce RTX 4090,49,173.93,47,6098.1,24564.0,
2026-09-07T16:53:13.037789+00:00,04_vlm_polymer_bigvlm,2,2,4.2,4.43,60.43,42.76,NVIDIA GeForce RTX 4090,47,176.54,81,6098.1,24564.0,
2026-09-07T16:53:23.049465+00:00,04_vlm_polymer_bigvlm,2,2,4.2,4.44,60.43,42.76,NVIDIA GeForce RTX 4090,49,176.0,62,6098.1,24564.0,
2026-09-07T16:53:33.060419+00:00,04_vlm_polymer_bigvlm,2,2,4.2,4.44,60.43,42.76,NVIDIA GeForce RTX 4090,48,153.79,63,6098.1,24564.0,
2026-09-07T16:53:43.071970+00:00,04_vlm_polymer_bigvlm,2,2,4.2,4.42,60.43,42.76,NVIDIA GeForce RTX 4090,48,158.01,46,6098.1,24564.0,
2026-09-07T16:53:53.082774+00:00,04_vlm_polymer_bigvlm,2,2,3.4,4.45,60.43,42.76,NVIDIA GeForce RTX 4090,45,158.58,58,9958.1,24564.0,
2026-09-07T16:54:03.094848+00:00,04_vlm_polymer_bigvlm,2,2,4.2,4.44,60.43,42.76,NVIDIA GeForce RTX 4090,47,156.14,56,9958.1,24564.0,
2026-09-07T16:54:13.105910+00:00,04_vlm_polymer_bigvlm,3,3,3.4,4.38,60.43,42.76,NVIDIA GeForce RTX 4090,48,175.63,79,6098.1,24564.0,
2026-09-07T16:54:23.117843+00:00,04_vlm_polymer_bigvlm,3,3,4.2,4.38,60.43,42.76,NVIDIA GeForce RTX 4090,48,178.25,80,6098.1,24564.0,
2026-09-07T16:54:33.128815+00:00,04_vlm_polymer_bigvlm,3,3,4.2,4.36,60.43,42.76,NVIDIA GeForce RTX 4090,47,187.75,80,6098.1,24564.0,
2026-09-07T16:54:43.139856+00:00,04_vlm_polymer_bigvlm,3,3,4.2,4.36,60.43,42.76,NVIDIA GeForce RTX 4090,48,182.72,43,6098.1,24564.0,
2026-09-07T16:54:53.152259+00:00,04_vlm_polymer_bigvlm,3,3,4.2,4.34,60.43,42.76,NVIDIA GeForce RTX 4090,48,178.82,72,6098.1,24564.0,
2026-09-07T16:55:03.163791+00:00,04_vlm_polymer_bigvlm,3,3,4.2,4.34,60.43,42.76,NVIDIA GeForce RTX 4090,48,182.11,97,6098.1,24564.0,
2026-09-07T16:55:13.175923+00:00,04_vlm_polymer_bigvlm,3,3,4.4,4.42,60.43,42.76,NVIDIA GeForce RTX 4090,49,182.51,83,6098.1,24564.0,
2026-09-07T16:55:23.186724+00:00,04_vlm_polymer_bigvlm,3,3,4.2,4.38,60.43,42.76,NVIDIA GeForce RTX 4090,48,175.7,80,6098.1,24564.0,
2026-09-07T16:55:33.198825+00:00,04_vlm_polymer_bigvlm,3,3,4.2,4.35,60.43,42.76,NVIDIA GeForce RTX 4090,49,188.13,76,6098.1,24564.0,
2026-09-07T16:55:43.210780+00:00,04_vlm_polymer_bigvlm,3,3,4.2,4.36,60.43,42.76,NVIDIA GeForce RTX 4090,46,183.78,75,6098.1,24564.0,
2026-09-07T16:55:53.221674+00:00,04_vlm_polymer_bigvlm,3,3,4.2,4.35,60.43,42.76,NVIDIA GeForce RTX 4090,49,179.49,97,6098.1,24564.0,
2026-09-07T16:56:03.233467+00:00,04_vlm_polymer_bigvlm,3,3,4.2,4.34,60.43,42.76,NVIDIA GeForce RTX 4090,50,180.87,52,6098.1,24564.0,
2026-09-07T16:56:13.245801+00:00,04_vlm_polymer_bigvlm,3,3,4.2,4.36,60.43,42.76,NVIDIA GeForce RTX 4090,49,172.58,70,6098.1,24564.0,
2026-09-07T16:56:23.257749+00:00,04_vlm_polymer_bigvlm,3,3,4.2,4.34,60.43,42.76,NVIDIA GeForce RTX 4090,51,186.88,47,6098.1,24564.0,
2026-09-07T16:56:33.269113+00:00,04_vlm_polymer_bigvlm,3,3,4.2,4.36,60.43,42.76,NVIDIA GeForce RTX 4090,47,177.8,93,6098.1,24564.0,
2026-09-07T16:56:43.280862+00:00,04_vlm_polymer_bigvlm,3,3,4.2,4.37,60.43,42.76,NVIDIA GeForce RTX 4090,49,183.52,46,6098.1,24564.0,
2026-09-07T16:56:53.292582+00:00,04_vlm_polymer_bigvlm,3,3,4.2,4.36,60.43,42.76,NVIDIA GeForce RTX 4090,49,178.48,51,6098.1,24564.0,
2026-09-07T16:57:03.303883+00:00,04_vlm_polymer_bigvlm,3,3,4.2,4.42,60.43,42.76,NVIDIA GeForce RTX 4090,47,154.27,58,6098.1,24564.0,
2026-09-07T16:57:13.314701+00:00,04_vlm_polymer_bigvlm,3,3,4.2,4.41,60.43,42.76,NVIDIA GeForce RTX 4090,47,155.48,46,6098.1,24564.0,
2026-09-07T16:57:23.325666+00:00,04_vlm_polymer_bigvlm,3,3,4.0,4.4,60.43,42.73,NVIDIA GeForce RTX 4090,46,180.8,66,6098.1,24564.0,
2026-09-07T16:57:33.336419+00:00,04_vlm_polymer_bigvlm,3,3,4.2,4.4,60.43,42.73,NVIDIA GeForce RTX 4090,47,190.82,94,6098.1,24564.0,
2026-09-07T16:57:43.349206+00:00,04_vlm_polymer_bigvlm,3,3,4.2,4.4,60.43,42.73,NVIDIA GeForce RTX 4090,49,181.54,42,6098.1,24564.0,
2026-09-07T16:57:53.361042+00:00,04_vlm_polymer_bigvlm,3,3,4.2,4.4,60.43,42.73,NVIDIA GeForce RTX 4090,49,170.62,50,6098.1,24564.0,
2026-09-07T16:58:03.373155+00:00,04_vlm_polymer_bigvlm,3,3,4.2,4.4,60.43,42.73,NVIDIA GeForce RTX 4090,47,173.44,97,6098.1,24564.0,
2026-09-07T16:58:13.384839+00:00,04_vlm_polymer_bigvlm,3,3,4.2,4.4,60.43,42.73,NVIDIA GeForce RTX 4090,46,174.21,72,6098.1,24564.0,
2026-09-07T16:58:23.396935+00:00,04_vlm_polymer_bigvlm,3,3,4.2,4.42,60.43,42.73,NVIDIA GeForce RTX 4090,48,180.64,63,6098.1,24564.0,
2026-09-07T16:58:33.409360+00:00,04_vlm_polymer_bigvlm,3,3,4.2,4.41,60.43,42.73,NVIDIA GeForce RTX 4090,49,176.52,45,6098.1,24564.0,
2026-09-07T16:58:43.420353+00:00,04_vlm_polymer_bigvlm,3,3,4.2,4.42,60.43,42.73,NVIDIA GeForce RTX 4090,48,176.95,93,6098.1,24564.0,
2026-09-07T16:58:53.432241+00:00,04_vlm_polymer_bigvlm,3,3,4.2,4.41,60.43,42.73,NVIDIA GeForce RTX 4090,49,177.04,83,6098.1,24564.0,
2026-09-07T16:59:03.444352+00:00,04_vlm_polymer_bigvlm,3,3,4.2,4.43,60.43,42.73,NVIDIA GeForce RTX 4090,46,174.96,94,6098.1,24564.0,
2026-09-07T16:59:13.455413+00:00,04_vlm_polymer_bigvlm,3,3,4.2,4.43,60.43,42.73,NVIDIA GeForce RTX 4090,49,172.26,55,6098.1,24564.0,
2026-09-07T16:59:23.467476+00:00,04_vlm_polymer_bigvlm,3,3,4.2,4.4,60.43,42.73,NVIDIA GeForce RTX 4090,49,173.75,93,6098.1,24564.0,
2026-09-07T16:59:33.479791+00:00,04_vlm_polymer_bigvlm,3,3,4.2,4.44,60.43,42.73,NVIDIA GeForce RTX 4090,49,176.6,96,6098.1,24564.0,
2026-09-07T16:59:43.491648+00:00,04_vlm_polymer_bigvlm,3,3,4.2,4.42,60.43,42.73,NVIDIA GeForce RTX 4090,49,182.75,71,6098.1,24564.0,
2026-09-07T16:59:53.502688+00:00,04_vlm_polymer_bigvlm,3,3,7.1,5.65,60.43,42.72,NVIDIA GeForce RTX 4090,49,181.53,69,6098.1,24564.0,
2026-09-07T17:00:03.513292+00:00,04_vlm_polymer_bigvlm,3,3,4.3,5.53,60.43,42.73,NVIDIA GeForce RTX 4090,49,179.34,97,6098.1,24564.0,
2026-09-07T17:00:13.526075+00:00,04_vlm_polymer_bigvlm,3,3,4.2,5.47,60.43,42.73,NVIDIA GeForce RTX 4090,47,152.68,64,6098.1,24564.0,
2026-09-07T17:00:23.537931+00:00,04_vlm_polymer_bigvlm,3,3,4.2,5.46,60.43,42.73,NVIDIA GeForce RTX 4090,47,151.27,62,6098.1,24564.0,
2026-09-07T17:00:33.549406+00:00,04_vlm_polymer_bigvlm,3,3,4.0,5.43,60.43,42.73,NVIDIA GeForce RTX 4090,48,178.37,96,6098.1,24564.0,
2026-09-07T17:00:43.560560+00:00,04_vlm_polymer_bigvlm,3,3,4.2,5.43,60.43,42.73,NVIDIA GeForce RTX 4090,47,178.47,37,6098.1,24564.0,
2026-09-07T17:00:53.572358+00:00,04_vlm_polymer_bigvlm,3,3,4.2,5.43,60.43,42.73,NVIDIA GeForce RTX 4090,49,174.66,71,6098.1,24564.0,
2026-09-07T17:01:03.584209+00:00,04_vlm_polymer_bigvlm,3,3,4.2,5.44,60.43,42.73,NVIDIA GeForce RTX 4090,50,174.19,36,6098.1,24564.0,
2026-09-07T17:01:13.596113+00:00,04_vlm_polymer_bigvlm,3,3,4.2,5.43,60.43,42.73,NVIDIA GeForce RTX 4090,49,181.6,55,6098.1,24564.0,
2026-09-07T17:01:23.607064+00:00,04_vlm_polymer_bigvlm,3,3,4.2,5.45,60.43,42.73,NVIDIA GeForce RTX 4090,47,179.7,96,6098.1,24564.0,
2026-09-07T17:01:33.618518+00:00,04_vlm_polymer_bigvlm,3,3,4.2,5.36,60.43,42.73,NVIDIA GeForce RTX 4090,49,179.27,38,6098.1,24564.0,
2026-09-07T17:01:43.629485+00:00,04_vlm_polymer_bigvlm,3,3,4.3,5.19,60.43,42.73,NVIDIA GeForce RTX 4090,49,170.8,56,6098.1,24564.0,
2026-09-07T17:01:53.643046+00:00,04_vlm_polymer_bigvlm,3,3,4.2,5.16,60.43,42.73,NVIDIA GeForce RTX 4090,50,172.52,62,6098.1,24564.0,
2026-09-07T17:02:03.655055+00:00,04_vlm_polymer_bigvlm,3,3,4.2,5.17,60.43,42.73,NVIDIA GeForce RTX 4090,46,181.41,88,6098.1,24564.0,
2026-09-07T17:02:13.666022+00:00,04_vlm_polymer_bigvlm,3,3,4.2,5.17,60.43,42.73,NVIDIA GeForce RTX 4090,49,178.63,52,6098.1,24564.0,
2026-09-07T17:02:23.677851+00:00,04_vlm_polymer_bigvlm,3,3,4.2,5.16,60.43,42.73,NVIDIA GeForce RTX 4090,47,182.74,74,6098.1,24564.0,
2026-09-07T17:02:33.689410+00:00,04_vlm_polymer_bigvlm,3,3,4.2,5.16,60.43,42.73,NVIDIA GeForce RTX 4090,49,176.48,40,6098.1,24564.0,
2026-09-07T17:02:43.701891+00:00,04_vlm_polymer_bigvlm,3,3,4.2,5.2,60.43,42.73,NVIDIA GeForce RTX 4090,49,178.19,43,6098.1,24564.0,
2026-09-07T17:02:53.714183+00:00,04_vlm_polymer_bigvlm,3,3,4.2,5.19,60.43,42.73,NVIDIA GeForce RTX 4090,49,177.48,53,6098.1,24564.0,
2026-09-07T17:03:03.724991+00:00,04_vlm_polymer_bigvlm,3,3,4.2,5.16,60.43,42.73,NVIDIA GeForce RTX 4090,49,177.17,38,6098.1,24564.0,
2026-09-07T17:03:13.737811+00:00,04_vlm_polymer_bigvlm,3,3,4.2,5.18,60.43,42.73,NVIDIA GeForce RTX 4090,48,180.98,90,6098.1,24564.0,
2026-09-07T17:03:23.749442+00:00,04_vlm_polymer_bigvlm,3,3,4.3,5.15,60.43,42.73,NVIDIA GeForce RTX 4090,50,180.42,72,6098.1,24564.0,
2026-09-07T17:03:33.761292+00:00,04_vlm_polymer_bigvlm,3,3,4.2,5.14,60.43,42.73,NVIDIA GeForce RTX 4090,46,152.01,64,6098.1,24564.0,
2026-09-07T17:03:43.772238+00:00,04_vlm_polymer_bigvlm,3,3,4.0,5.18,60.43,42.73,NVIDIA GeForce RTX 4090,44,135.49,77,6098.1,24564.0,
2026-09-07T17:03:53.783562+00:00,04_vlm_polymer_bigvlm,3,3,4.2,5.17,60.43,42.73,NVIDIA GeForce RTX 4090,48,180.55,61,6098.1,24564.0,
2026-09-07T17:04:03.794569+00:00,04_vlm_polymer_bigvlm,3,3,4.2,5.15,60.43,42.73,NVIDIA GeForce RTX 4090,47,175.98,96,6098.1,24564.0,
2026-09-07T17:04:13.806643+00:00,04_vlm_polymer_bigvlm,3,3,4.2,5.17,60.43,42.73,NVIDIA GeForce RTX 4090,46,179.35,78,6098.1,24564.0,
2026-09-07T17:04:23.817506+00:00,04_vlm_polymer_bigvlm,3,3,4.2,5.16,60.43,42.73,NVIDIA GeForce RTX 4090,49,176.77,91,6098.1,24564.0,
2026-09-07T17:04:33.829263+00:00,04_vlm_polymer_bigvlm,3,3,4.2,5.15,60.43,42.73,NVIDIA GeForce RTX 4090,49,174.06,97,6098.1,24564.0,
2026-09-07T17:04:43.841109+00:00,04_vlm_polymer_bigvlm,3,3,4.2,5.14,60.43,42.73,NVIDIA GeForce RTX 4090,49,181.77,97,6098.1,24564.0,
2026-09-07T17:04:53.853199+00:00,04_vlm_polymer_bigvlm,3,3,4.2,5.16,60.43,42.73,NVIDIA GeForce RTX 4090,48,178.71,71,6098.1,24564.0,
2026-09-07T17:05:03.865651+00:00,04_vlm_polymer_bigvlm,3,3,4.2,5.15,60.43,42.73,NVIDIA GeForce RTX 4090,49,180.36,62,6098.1,24564.0,
2026-09-07T17:05:13.876347+00:00,04_vlm_polymer_bigvlm,3,3,4.2,5.15,60.43,42.73,NVIDIA GeForce RTX 4090,46,176.94,79,6098.1,24564.0,
2026-09-07T17:05:23.888494+00:00,04_vlm_polymer_bigvlm,3,3,4.2,5.18,60.43,42.73,NVIDIA GeForce RTX 4090,48,175.34,97,6098.1,24564.0,
2026-09-07T17:05:33.899495+00:00,04_vlm_polymer_bigvlm,3,3,4.2,5.16,60.43,42.73,NVIDIA GeForce RTX 4090,50,172.05,44,6098.1,24564.0,
2026-09-07T17:05:43.911998+00:00,04_vlm_polymer_bigvlm,3,3,4.2,5.15,60.43,42.73,NVIDIA GeForce RTX 4090,46,179.56,79,6098.1,24564.0,
2026-09-07T17:05:53.923050+00:00,04_vlm_polymer_bigvlm,3,3,4.2,5.18,60.43,42.73,NVIDIA GeForce RTX 4090,46,174.64,54,6098.1,24564.0,
2026-09-07T17:06:03.935203+00:00,04_vlm_polymer_bigvlm,3,3,4.2,5.16,60.43,42.73,NVIDIA GeForce RTX 4090,49,175.51,41,6098.1,24564.0,
2026-09-07T17:06:13.946480+00:00,04_vlm_polymer_bigvlm,3,3,4.2,5.17,60.43,42.73,NVIDIA GeForce RTX 4090,50,172.45,75,6098.1,24564.0,
2026-09-07T17:06:23.958377+00:00,04_vlm_polymer_bigvlm,3,3,4.2,5.18,60.43,42.73,NVIDIA GeForce RTX 4090,47,176.71,74,6098.1,24564.0,
2026-09-07T17:06:33.970391+00:00,04_vlm_polymer_bigvlm,3,3,4.2,5.17,60.43,42.73,NVIDIA GeForce RTX 4090,48,176.12,50,6098.1,24564.0,
2026-09-07T17:06:43.981350+00:00,04_vlm_polymer_bigvlm,3,3,4.2,5.17,60.43,42.73,NVIDIA GeForce RTX 4090,48,152.94,69,6098.1,24564.0,
2026-09-07T17:06:53.993056+00:00,04_vlm_polymer_bigvlm,3,3,4.2,5.16,60.43,42.73,NVIDIA GeForce RTX 4090,48,153.31,63,6098.1,24564.0,
2026-09-07T17:07:04.004520+00:00,04_vlm_polymer_bigvlm,3,3,4.0,5.19,60.43,42.73,NVIDIA GeForce RTX 4090,48,173.49,46,6098.1,24564.0,
2026-09-07T17:07:14.016346+00:00,04_vlm_polymer_bigvlm,3,3,4.2,5.17,60.43,42.73,NVIDIA GeForce RTX 4090,49,184.65,66,6098.1,24564.0,
2026-09-07T17:07:24.028421+00:00,04_vlm_polymer_bigvlm,3,3,4.2,5.17,60.43,42.73,NVIDIA GeForce RTX 4090,48,178.51,49,6098.1,24564.0,
2026-09-07T17:07:34.040245+00:00,04_vlm_polymer_bigvlm,3,3,4.2,5.18,60.43,42.73,NVIDIA GeForce RTX 4090,49,184.05,78,6098.1,24564.0,
2026-09-07T17:07:44.051256+00:00,04_vlm_polymer_bigvlm,3,3,4.2,5.16,60.43,42.73,NVIDIA GeForce RTX 4090,49,176.47,97,6098.1,24564.0,
2026-09-07T17:07:54.062050+00:00,04_vlm_polymer_bigvlm,3,3,4.2,5.15,60.43,42.73,NVIDIA GeForce RTX 4090,49,171.75,60,6098.1,24564.0,
2026-09-07T17:08:04.074160+00:00,04_vlm_polymer_bigvlm,3,3,4.2,5.17,60.43,42.73,NVIDIA GeForce RTX 4090,50,181.23,69,6098.1,24564.0,
2026-09-07T17:08:14.086298+00:00,04_vlm_polymer_bigvlm,3,3,4.2,5.16,60.43,42.73,NVIDIA GeForce RTX 4090,50,173.64,92,6098.1,24564.0,
2026-09-07T17:08:24.098303+00:00,04_vlm_polymer_bigvlm,3,3,4.2,5.16,60.43,42.73,NVIDIA GeForce RTX 4090,47,175.31,81,6098.1,24564.0,
2026-09-07T17:08:34.110117+00:00,04_vlm_polymer_bigvlm,3,3,4.2,5.16,60.43,42.73,NVIDIA GeForce RTX 4090,47,176.32,46,6098.1,24564.0,
2026-09-07T17:08:44.121238+00:00,04_vlm_polymer_bigvlm,3,3,4.2,5.16,60.43,42.73,NVIDIA GeForce RTX 4090,49,173.07,66,6098.1,24564.0,
2026-09-07T17:08:54.133212+00:00,04_vlm_polymer_bigvlm,3,3,4.4,5.18,60.43,42.73,NVIDIA GeForce RTX 4090,49,174.53,29,6098.1,24564.0,
2026-09-07T17:09:04.145196+00:00,04_vlm_polymer_bigvlm,3,3,4.5,5.24,60.43,42.73,NVIDIA GeForce RTX 4090,49,172.74,35,6098.1,24564.0,
2026-09-07T17:09:14.157275+00:00,04_vlm_polymer_bigvlm,3,3,4.2,5.23,60.43,42.73,NVIDIA GeForce RTX 4090,49,180.74,86,6098.1,24564.0,
2026-09-07T17:09:24.169849+00:00,04_vlm_polymer_bigvlm,3,3,4.2,5.24,60.43,42.73,NVIDIA GeForce RTX 4090,47,176.58,56,6098.1,24564.0,
2026-09-07T17:09:34.180867+00:00,04_vlm_polymer_bigvlm,3,3,4.5,5.26,60.43,42.73,NVIDIA GeForce RTX 4090,49,178.37,92,6098.1,24564.0,
2026-09-07T17:09:44.192793+00:00,04_vlm_polymer_bigvlm,3,3,4.3,5.23,60.43,42.73,NVIDIA GeForce RTX 4090,49,178.81,86,6098.1,24564.0,
2026-09-07T17:09:54.204731+00:00,04_vlm_polymer_bigvlm,3,3,6.3,6.0,60.43,42.73,NVIDIA GeForce RTX 4090,46,152.31,62,6098.1,24564.0,
2026-09-07T17:10:04.216666+00:00,04_vlm_polymer_bigvlm,3,3,4.3,6.04,60.43,42.73,NVIDIA GeForce RTX 4090,46,155.64,58,6098.1,24564.0,
2026-09-07T17:10:14.228844+00:00,04_vlm_polymer_bigvlm,3,3,4.5,6.12,60.43,42.73,NVIDIA GeForce RTX 4090,48,179.07,97,6098.1,24564.0,
2026-09-07T17:10:24.239801+00:00,04_vlm_polymer_bigvlm,3,3,5.1,6.25,60.43,42.73,NVIDIA GeForce RTX 4090,48,172.71,65,6098.1,24564.0,
2026-09-07T17:10:34.250911+00:00,04_vlm_polymer_bigvlm,3,3,4.5,6.27,60.43,42.73,NVIDIA GeForce RTX 4090,47,180.49,51,6098.1,24564.0,
2026-09-07T17:10:44.263800+00:00,04_vlm_polymer_bigvlm,3,3,4.4,6.27,60.43,42.73,NVIDIA GeForce RTX 4090,49,180.18,60,6098.1,24564.0,
2026-09-07T17:10:54.275843+00:00,04_vlm_polymer_bigvlm,3,3,4.5,6.27,60.43,42.72,NVIDIA GeForce RTX 4090,48,174.55,44,6098.1,24564.0,
2026-09-07T17:11:04.287744+00:00,04_vlm_polymer_bigvlm,3,3,4.3,6.26,60.43,42.72,NVIDIA GeForce RTX 4090,46,170.47,67,6098.1,24564.0,
2026-09-07T17:11:14.299565+00:00,04_vlm_polymer_bigvlm,3,3,4.2,6.24,60.43,42.72,NVIDIA GeForce RTX 4090,49,179.51,97,6098.1,24564.0,
2026-09-07T17:11:24.311244+00:00,04_vlm_polymer_bigvlm,3,3,4.2,6.24,60.43,42.72,NVIDIA GeForce RTX 4090,49,174.7,74,6098.1,24564.0,
2026-09-07T17:11:34.323426+00:00,04_vlm_polymer_bigvlm,3,3,4.4,6.23,60.43,42.72,NVIDIA GeForce RTX 4090,49,176.04,60,6098.1,24564.0,
2026-09-07T17:11:44.336201+00:00,04_vlm_polymer_bigvlm,3,3,4.2,6.26,60.43,42.72,NVIDIA GeForce RTX 4090,49,174.05,44,6098.1,24564.0,
2026-09-07T17:11:54.347103+00:00,04_vlm_polymer_bigvlm,3,3,4.2,6.25,60.43,42.72,NVIDIA GeForce RTX 4090,49,182.78,96,6098.1,24564.0,
2026-09-07T17:12:04.358173+00:00,04_vlm_polymer_bigvlm,3,3,4.2,6.25,60.43,42.72,NVIDIA GeForce RTX 4090,46,176.72,41,6098.1,24564.0,
2026-09-07T17:12:14.369026+00:00,04_vlm_polymer_bigvlm,3,3,4.3,6.07,60.43,42.72,NVIDIA GeForce RTX 4090,49,180.83,87,6098.1,24564.0,
2026-09-07T17:12:24.380674+00:00,04_vlm_polymer_bigvlm,3,3,4.2,6.07,60.43,42.72,NVIDIA GeForce RTX 4090,49,176.44,42,6098.1,24564.0,
2026-09-07T17:12:34.392499+00:00,04_vlm_polymer_bigvlm,3,3,4.3,5.89,60.43,42.72,NVIDIA GeForce RTX 4090,49,175.59,46,6098.1,24564.0,
2026-09-07T17:12:44.403378+00:00,04_vlm_polymer_bigvlm,3,3,4.2,5.9,60.43,42.72,NVIDIA GeForce RTX 4090,49,181.52,71,6098.1,24564.0,
2026-09-07T17:12:54.415419+00:00,04_vlm_polymer_bigvlm,3,3,4.2,5.91,60.43,42.72,NVIDIA GeForce RTX 4090,50,170.12,85,6098.1,24564.0,
2026-09-07T17:13:04.428119+00:00,04_vlm_polymer_bigvlm,3,3,4.2,5.89,60.43,42.72,NVIDIA GeForce RTX 4090,46,161.91,70,6098.1,24564.0,
2026-09-07T17:13:14.440324+00:00,04_vlm_polymer_bigvlm,3,3,4.2,5.85,60.43,42.72,NVIDIA GeForce RTX 4090,46,151.95,59,6098.1,24564.0,
2026-09-07T17:13:24.452304+00:00,04_vlm_polymer_bigvlm,3,3,3.4,5.88,60.43,42.72,NVIDIA GeForce RTX 4090,44,71.94,29,9958.1,24564.0,
2026-09-07T17:13:34.463711+00:00,04_vlm_polymer_bigvlm,3,3,4.2,5.89,60.43,42.72,NVIDIA GeForce RTX 4090,47,152.28,46,9958.1,24564.0,
2026-09-07T17:13:44.475805+00:00,04_vlm_polymer_bigvlm,4,4,3.4,5.03,60.43,42.72,NVIDIA GeForce RTX 4090,41,44.73,76,5618.1,24564.0,
2026-09-07T17:13:54.487012+00:00,04_vlm_polymer_bigvlm,4,4,4.2,5.8,60.43,42.72,NVIDIA GeForce RTX 4090,47,171.31,94,6098.1,24564.0,
2026-09-07T17:14:04.498668+00:00,04_vlm_polymer_bigvlm,4,4,4.3,5.76,60.43,42.72,NVIDIA GeForce RTX 4090,48,188.56,57,6098.1,24564.0,
2026-09-07T17:14:14.510714+00:00,04_vlm_polymer_bigvlm,4,4,4.3,5.73,60.43,42.72,NVIDIA GeForce RTX 4090,47,191.03,50,6098.1,24564.0,
2026-09-07T17:14:24.521505+00:00,04_vlm_polymer_bigvlm,4,4,4.2,5.74,60.43,42.72,NVIDIA GeForce RTX 4090,49,187.16,42,6098.1,24564.0,
2026-09-07T17:14:34.532477+00:00,04_vlm_polymer_bigvlm,4,4,4.2,5.77,60.43,42.72,NVIDIA GeForce RTX 4090,49,185.12,54,6098.1,24564.0,
2026-09-07T17:14:44.544673+00:00,04_vlm_polymer_bigvlm,4,4,4.2,5.77,60.43,42.72,NVIDIA GeForce RTX 4090,47,184.16,66,6098.1,24564.0,
2026-09-07T17:14:54.556087+00:00,04_vlm_polymer_bigvlm,4,4,4.2,5.77,60.43,42.72,NVIDIA GeForce RTX 4090,46,185.35,61,6098.1,24564.0,
2026-09-07T17:15:04.568112+00:00,04_vlm_polymer_bigvlm,4,4,4.2,5.74,60.43,42.72,NVIDIA GeForce RTX 4090,49,174.7,59,6098.1,24564.0,
2026-09-07T17:15:14.580334+00:00,04_vlm_polymer_bigvlm,4,4,4.2,5.76,60.43,42.72,NVIDIA GeForce RTX 4090,49,174.56,63,6098.1,24564.0,
2026-09-07T17:15:24.592434+00:00,04_vlm_polymer_bigvlm,4,4,4.2,5.73,60.43,42.72,NVIDIA GeForce RTX 4090,47,178.01,75,6098.1,24564.0,
2026-09-07T17:15:34.604335+00:00,04_vlm_polymer_bigvlm,4,4,4.2,5.75,60.43,42.72,NVIDIA GeForce RTX 4090,50,184.58,75,6098.1,24564.0,
2026-09-07T17:15:44.615938+00:00,04_vlm_polymer_bigvlm,4,4,4.2,5.75,60.43,42.72,NVIDIA GeForce RTX 4090,49,188.38,84,6098.1,24564.0,
2026-09-07T17:15:54.627585+00:00,04_vlm_polymer_bigvlm,4,4,4.2,5.75,60.43,42.72,NVIDIA GeForce RTX 4090,51,195.12,81,6098.1,24564.0,
2026-09-07T17:16:04.639422+00:00,04_vlm_polymer_bigvlm,4,4,4.2,5.75,60.43,42.72,NVIDIA GeForce RTX 4090,50,180.72,47,6098.1,24564.0,
2026-09-07T17:16:14.651115+00:00,04_vlm_polymer_bigvlm,4,4,4.2,5.77,60.43,42.72,NVIDIA GeForce RTX 4090,49,177.9,51,6098.1,24564.0,
2026-09-07T17:16:24.662083+00:00,04_vlm_polymer_bigvlm,4,4,4.2,5.76,60.43,42.72,NVIDIA GeForce RTX 4090,48,184.76,66,6098.1,24564.0,
2026-09-07T17:16:34.673062+00:00,04_vlm_polymer_bigvlm,4,4,4.2,5.76,60.43,42.72,NVIDIA GeForce RTX 4090,50,178.13,63,6098.1,24564.0,
2026-09-07T17:16:44.685637+00:00,04_vlm_polymer_bigvlm,4,4,4.2,5.84,60.43,42.72,NVIDIA GeForce RTX 4090,48,152.39,41,6098.1,24564.0,
2026-09-07T17:16:54.696565+00:00,04_vlm_polymer_bigvlm,4,4,4.0,5.86,60.43,42.69,NVIDIA GeForce RTX 4090,46,166.59,69,6098.1,24564.0,
2026-09-07T17:17:04.707338+00:00,04_vlm_polymer_bigvlm,4,4,4.2,5.82,60.43,42.69,NVIDIA GeForce RTX 4090,49,177.52,47,6098.1,24564.0,
2026-09-07T17:17:14.719709+00:00,04_vlm_polymer_bigvlm,4,4,4.2,5.83,60.43,42.69,NVIDIA GeForce RTX 4090,48,181.05,59,6098.1,24564.0,
2026-09-07T17:17:24.732053+00:00,04_vlm_polymer_bigvlm,4,4,4.2,5.84,60.43,42.69,NVIDIA GeForce RTX 4090,47,179.41,97,6098.1,24564.0,
2026-09-07T17:17:34.744122+00:00,04_vlm_polymer_bigvlm,4,4,4.2,5.83,60.43,42.69,NVIDIA GeForce RTX 4090,50,184.52,67,6098.1,24564.0,
2026-09-07T17:17:44.755016+00:00,04_vlm_polymer_bigvlm,4,4,4.2,5.82,60.43,42.69,NVIDIA GeForce RTX 4090,48,176.48,86,6098.1,24564.0,
2026-09-07T17:17:54.767186+00:00,04_vlm_polymer_bigvlm,4,4,4.2,5.83,60.43,42.69,NVIDIA GeForce RTX 4090,48,175.75,84,6098.1,24564.0,
2026-09-07T17:18:04.779462+00:00,04_vlm_polymer_bigvlm,4,4,4.2,5.82,60.43,42.69,NVIDIA GeForce RTX 4090,49,181.55,58,6098.1,24564.0,
2026-09-07T17:18:14.791381+00:00,04_vlm_polymer_bigvlm,4,4,4.2,5.83,60.43,42.69,NVIDIA GeForce RTX 4090,48,186.99,95,6098.1,24564.0,
2026-09-07T17:18:24.802585+00:00,04_vlm_polymer_bigvlm,4,4,4.2,5.82,60.43,42.69,NVIDIA GeForce RTX 4090,49,176.61,97,6098.1,24564.0,
2026-09-07T17:18:34.814475+00:00,04_vlm_polymer_bigvlm,4,4,4.2,5.81,60.43,42.69,NVIDIA GeForce RTX 4090,47,180.93,42,6098.1,24564.0,
2026-09-07T17:18:44.826045+00:00,04_vlm_polymer_bigvlm,4,4,4.2,5.84,60.43,42.69,NVIDIA GeForce RTX 4090,46,180.25,47,6098.1,24564.0,
2026-09-07T17:18:54.837101+00:00,04_vlm_polymer_bigvlm,4,4,4.2,5.86,60.43,42.69,NVIDIA GeForce RTX 4090,49,172.77,96,6098.1,24564.0,
2026-09-07T17:19:04.849069+00:00,04_vlm_polymer_bigvlm,4,4,4.2,5.84,60.43,42.69,NVIDIA GeForce RTX 4090,48,181.62,76,6098.1,24564.0,
2026-09-07T17:19:14.861233+00:00,04_vlm_polymer_bigvlm,4,4,4.2,5.86,60.43,42.69,NVIDIA GeForce RTX 4090,49,174.68,62,6098.1,24564.0,
2026-09-07T17:19:24.873555+00:00,04_vlm_polymer_bigvlm,4,4,4.2,5.83,60.43,42.69,NVIDIA GeForce RTX 4090,47,180.81,58,6098.1,24564.0,
2026-09-07T17:19:34.886181+00:00,04_vlm_polymer_bigvlm,4,4,4.2,5.82,60.43,42.69,NVIDIA GeForce RTX 4090,50,177.11,43,6098.1,24564.0,
2026-09-07T17:19:44.897865+00:00,04_vlm_polymer_bigvlm,4,4,4.2,5.82,60.43,42.69,NVIDIA GeForce RTX 4090,49,178.37,72,6098.1,24564.0,
2026-09-07T17:19:54.908854+00:00,04_vlm_polymer_bigvlm,4,4,4.2,5.81,60.43,42.69,NVIDIA GeForce RTX 4090,48,150.38,63,6098.1,24564.0,
2026-09-07T17:20:04.919708+00:00,04_vlm_polymer_bigvlm,4,4,4.2,5.81,60.43,42.69,NVIDIA GeForce RTX 4090,46,155.47,47,6098.1,24564.0,
2026-09-07T17:20:14.931618+00:00,04_vlm_polymer_bigvlm,4,4,4.0,5.8,60.43,42.69,NVIDIA GeForce RTX 4090,49,180.12,96,6098.1,24564.0,
2026-09-07T17:20:24.942356+00:00,04_vlm_polymer_bigvlm,4,4,4.2,5.82,60.43,42.69,NVIDIA GeForce RTX 4090,49,183.1,97,6098.1,24564.0,
2026-09-07T17:20:34.954197+00:00,04_vlm_polymer_bigvlm,4,4,4.2,5.82,60.43,42.69,NVIDIA GeForce RTX 4090,46,179.22,63,6098.1,24564.0,
2026-09-07T17:20:44.966538+00:00,04_vlm_polymer_bigvlm,4,4,4.2,5.81,60.43,42.69,NVIDIA GeForce RTX 4090,47,176.02,87,6098.1,24564.0,
2026-09-07T17:20:54.978175+00:00,04_vlm_polymer_bigvlm,4,4,4.2,5.85,60.43,42.69,NVIDIA GeForce RTX 4090,46,185.59,96,6098.1,24564.0,
2026-09-07T17:21:04.990417+00:00,04_vlm_polymer_bigvlm,4,4,4.2,5.83,60.43,42.69,NVIDIA GeForce RTX 4090,47,175.32,85,6098.1,24564.0,
2026-09-07T17:21:15.002230+00:00,04_vlm_polymer_bigvlm,4,4,4.2,5.83,60.43,42.69,NVIDIA GeForce RTX 4090,49,188.87,53,6098.1,24564.0,
2026-09-07T17:21:25.014163+00:00,04_vlm_polymer_bigvlm,4,4,4.2,5.83,60.43,42.69,NVIDIA GeForce RTX 4090,47,177.43,96,6098.1,24564.0,
2026-09-07T17:21:35.025289+00:00,04_vlm_polymer_bigvlm,4,4,4.2,5.83,60.43,42.69,NVIDIA GeForce RTX 4090,47,183.12,92,6098.1,24564.0,
2026-09-07T17:21:45.036433+00:00,04_vlm_polymer_bigvlm,4,4,4.2,5.87,60.43,42.69,NVIDIA GeForce RTX 4090,49,176.94,46,6098.1,24564.0,
2026-09-07T17:21:55.048186+00:00,04_vlm_polymer_bigvlm,4,4,4.2,5.86,60.43,42.69,NVIDIA GeForce RTX 4090,49,176.17,90,6098.1,24564.0,
2026-09-07T17:22:05.060518+00:00,04_vlm_polymer_bigvlm,4,4,4.2,5.85,60.43,42.69,NVIDIA GeForce RTX 4090,49,181.18,45,6098.1,24564.0,
2026-09-07T17:22:15.072031+00:00,04_vlm_polymer_bigvlm,4,4,4.2,5.84,60.43,42.69,NVIDIA GeForce RTX 4090,49,176.84,30,6098.1,24564.0,
2026-09-07T17:22:25.084456+00:00,04_vlm_polymer_bigvlm,4,4,4.2,5.84,60.43,42.69,NVIDIA GeForce RTX 4090,47,177.09,77,6098.1,24564.0,
2026-09-07T17:22:35.096709+00:00,04_vlm_polymer_bigvlm,4,4,4.2,5.84,60.43,42.69,NVIDIA GeForce RTX 4090,49,180.24,33,6098.1,24564.0,
2026-09-07T17:22:45.109542+00:00,04_vlm_polymer_bigvlm,4,4,4.2,5.84,60.43,42.69,NVIDIA GeForce RTX 4090,47,177.51,63,6098.1,24564.0,
2026-09-07T17:22:55.121496+00:00,04_vlm_polymer_bigvlm,4,4,4.2,5.84,60.43,42.69,NVIDIA GeForce RTX 4090,49,178.21,33,6098.1,24564.0,
2026-09-07T17:23:05.132572+00:00,04_vlm_polymer_bigvlm,4,4,4.2,5.85,60.43,42.69,NVIDIA GeForce RTX 4090,48,155.2,64,6098.1,24564.0,
2026-09-07T17:23:15.144170+00:00,04_vlm_polymer_bigvlm,4,4,4.2,5.84,60.43,42.69,NVIDIA GeForce RTX 4090,48,154.5,69,6098.1,24564.0,
2026-09-07T17:23:25.155717+00:00,04_vlm_polymer_bigvlm,4,4,4.0,5.81,60.43,42.69,NVIDIA GeForce RTX 4090,46,180.64,70,6098.1,24564.0,
2026-09-07T17:23:35.166752+00:00,04_vlm_polymer_bigvlm,4,4,4.2,5.83,60.43,42.69,NVIDIA GeForce RTX 4090,48,178.02,82,6103.6,24564.0,
2026-09-07T17:23:45.178436+00:00,04_vlm_polymer_bigvlm,4,4,4.2,5.82,60.43,42.69,NVIDIA GeForce RTX 4090,49,175.36,42,6103.6,24564.0,
2026-09-07T17:23:55.190645+00:00,04_vlm_polymer_bigvlm,4,4,4.2,5.81,60.43,42.69,NVIDIA GeForce RTX 4090,49,180.28,93,6103.6,24564.0,
2026-09-07T17:24:05.202410+00:00,04_vlm_polymer_bigvlm,4,4,4.2,5.81,60.43,42.69,NVIDIA GeForce RTX 4090,49,182.45,80,6103.6,24564.0,
2026-09-07T17:24:15.214420+00:00,04_vlm_polymer_bigvlm,4,4,4.2,5.81,60.43,42.69,NVIDIA GeForce RTX 4090,49,179.5,48,6103.6,24564.0,
2026-09-07T17:24:25.225306+00:00,04_vlm_polymer_bigvlm,4,4,4.2,5.8,60.43,42.69,NVIDIA GeForce RTX 4090,47,172.29,69,6103.6,24564.0,
2026-09-07T17:24:35.236865+00:00,04_vlm_polymer_bigvlm,4,4,4.2,5.81,60.43,42.69,NVIDIA GeForce RTX 4090,46,174.39,92,6103.6,24564.0,
2026-09-07T17:24:45.248609+00:00,04_vlm_polymer_bigvlm,4,4,4.2,5.82,60.43,42.69,NVIDIA GeForce RTX 4090,49,180.04,82,6103.6,24564.0,
2026-09-07T17:24:55.259757+00:00,04_vlm_polymer_bigvlm,4,4,4.2,5.81,60.43,42.69,NVIDIA GeForce RTX 4090,49,184.15,51,6103.6,24564.0,
2026-09-07T17:25:05.271735+00:00,04_vlm_polymer_bigvlm,4,4,4.2,5.8,60.43,42.69,NVIDIA GeForce RTX 4090,49,177.02,45,6103.6,24564.0,
2026-09-07T17:25:15.283480+00:00,04_vlm_polymer_bigvlm,4,4,4.2,5.8,60.43,42.69,NVIDIA GeForce RTX 4090,47,180.4,84,6103.6,24564.0,
2026-09-07T17:25:25.294697+00:00,04_vlm_polymer_bigvlm,4,4,4.2,5.8,60.43,42.69,NVIDIA GeForce RTX 4090,50,186.32,73,6103.6,24564.0,
2026-09-07T17:25:35.305458+00:00,04_vlm_polymer_bigvlm,4,4,4.2,5.8,60.43,42.69,NVIDIA GeForce RTX 4090,48,188.66,77,6103.6,24564.0,
2026-09-07T17:25:45.317212+00:00,04_vlm_polymer_bigvlm,4,4,4.2,5.8,60.43,42.69,NVIDIA GeForce RTX 4090,49,180.03,62,6103.6,24564.0,
2026-09-07T17:25:55.328113+00:00,04_vlm_polymer_bigvlm,4,4,4.2,5.8,60.43,42.69,NVIDIA GeForce RTX 4090,49,180.36,61,6103.6,24564.0,
2026-09-07T17:26:05.339315+00:00,04_vlm_polymer_bigvlm,4,4,4.2,5.79,60.43,42.69,NVIDIA GeForce RTX 4090,49,172.97,47,6103.6,24564.0,
2026-09-07T17:26:15.350332+00:00,04_vlm_polymer_bigvlm,4,4,4.2,5.81,60.43,42.69,NVIDIA GeForce RTX 4090,47,152.97,61,6103.6,24564.0,
2026-09-07T17:26:25.361142+00:00,04_vlm_polymer_bigvlm,4,4,4.2,5.8,60.43,42.69,NVIDIA GeForce RTX 4090,48,153.69,66,6103.6,24564.0,
2026-09-07T17:26:35.372076+00:00,04_vlm_polymer_bigvlm,4,4,4.2,5.8,60.43,42.69,NVIDIA GeForce RTX 4090,47,180.74,97,6103.6,24564.0,
2026-09-07T17:26:45.384138+00:00,04_vlm_polymer_bigvlm,4,4,4.2,5.8,60.43,42.69,NVIDIA GeForce RTX 4090,48,170.99,50,6103.6,24564.0,
2026-09-07T17:26:55.395784+00:00,04_vlm_polymer_bigvlm,4,4,4.2,5.81,60.43,42.69,NVIDIA GeForce RTX 4090,46,176.59,43,6103.6,24564.0,
2026-09-07T17:27:05.407059+00:00,04_vlm_polymer_bigvlm,4,4,4.2,5.83,60.43,42.69,NVIDIA GeForce RTX 4090,49,178.14,49,6103.6,24564.0,
2026-09-07T17:27:15.419614+00:00,04_vlm_polymer_bigvlm,4,4,4.2,5.87,60.43,42.69,NVIDIA GeForce RTX 4090,49,176.7,42,6103.6,24564.0,
2026-09-07T17:27:25.431348+00:00,04_vlm_polymer_bigvlm,4,4,4.2,5.86,60.43,42.69,NVIDIA GeForce RTX 4090,49,184.0,35,6103.6,24564.0,
2026-09-07T17:27:35.442320+00:00,04_vlm_polymer_bigvlm,4,4,4.2,5.87,60.43,42.69,NVIDIA GeForce RTX 4090,47,175.01,97,6103.6,24564.0,
2026-09-07T17:27:45.454300+00:00,04_vlm_polymer_bigvlm,4,4,4.2,5.87,60.43,42.69,NVIDIA GeForce RTX 4090,49,182.06,87,6103.6,24564.0,
2026-09-07T17:27:55.465337+00:00,04_vlm_polymer_bigvlm,4,4,4.2,5.86,60.43,42.69,NVIDIA GeForce RTX 4090,49,176.14,82,6103.6,24564.0,
2026-09-07T17:28:05.476405+00:00,04_vlm_polymer_bigvlm,4,4,4.2,5.83,60.43,42.69,NVIDIA GeForce RTX 4090,47,176.6,42,6103.6,24564.0,
2026-09-07T17:28:15.488904+00:00,04_vlm_polymer_bigvlm,4,4,4.2,5.82,60.43,42.69,NVIDIA GeForce RTX 4090,47,175.95,37,6103.6,24564.0,
2026-09-07T17:28:25.501008+00:00,04_vlm_polymer_bigvlm,4,4,4.2,5.86,60.43,42.69,NVIDIA GeForce RTX 4090,50,176.96,39,6103.6,24564.0,
2026-09-07T17:28:35.512672+00:00,04_vlm_polymer_bigvlm,4,4,4.2,5.86,60.43,42.69,NVIDIA GeForce RTX 4090,47,178.97,39,6103.6,24564.0,
2026-09-07T17:28:45.523667+00:00,04_vlm_polymer_bigvlm,4,4,4.2,5.84,60.43,42.69,NVIDIA GeForce RTX 4090,50,188.85,44,6103.6,24564.0,
2026-09-07T17:28:55.534390+00:00,04_vlm_polymer_bigvlm,4,4,4.2,5.84,60.43,42.69,NVIDIA GeForce RTX 4090,47,174.64,67,6103.6,24564.0,
2026-09-07T17:29:05.546232+00:00,04_vlm_polymer_bigvlm,4,4,4.2,5.85,60.43,42.69,NVIDIA GeForce RTX 4090,48,176.94,77,6103.6,24564.0,
2026-09-07T17:29:15.557749+00:00,04_vlm_polymer_bigvlm,4,4,4.2,5.83,60.43,42.69,NVIDIA GeForce RTX 4090,50,182.94,53,6103.6,24564.0,
2026-09-07T17:29:25.569512+00:00,04_vlm_polymer_bigvlm,4,4,4.2,5.82,60.43,42.69,NVIDIA GeForce RTX 4090,47,167.2,69,6103.6,24564.0,
2026-09-07T17:29:35.581273+00:00,04_vlm_polymer_bigvlm,4,4,4.2,5.82,60.43,42.69,NVIDIA GeForce RTX 4090,47,151.4,59,6103.6,24564.0,
2026-09-07T17:29:45.593038+00:00,04_vlm_polymer_bigvlm,4,4,4.0,5.82,60.43,42.69,NVIDIA GeForce RTX 4090,46,180.57,97,6103.6,24564.0,
2026-09-07T17:29:55.604085+00:00,04_vlm_polymer_bigvlm,4,4,4.2,5.82,60.43,42.69,NVIDIA GeForce RTX 4090,49,178.76,66,6103.6,24564.0,
2026-09-07T17:30:05.614865+00:00,04_vlm_polymer_bigvlm,4,4,4.2,5.81,60.43,42.69,NVIDIA GeForce RTX 4090,47,183.66,96,6103.6,24564.0,
2026-09-07T17:30:15.626325+00:00,04_vlm_polymer_bigvlm,4,4,4.2,5.81,60.43,42.69,NVIDIA GeForce RTX 4090,49,180.97,53,6103.6,24564.0,
2026-09-07T17:30:25.637272+00:00,04_vlm_polymer_bigvlm,4,4,4.2,5.84,60.43,42.69,NVIDIA GeForce RTX 4090,49,181.71,46,6103.6,24564.0,
2026-09-07T17:30:35.648334+00:00,04_vlm_polymer_bigvlm,4,4,4.2,5.84,60.43,42.69,NVIDIA GeForce RTX 4090,48,180.52,69,6103.6,24564.0,
2026-09-07T17:30:45.660277+00:00,04_vlm_polymer_bigvlm,4,4,4.2,5.83,60.43,42.69,NVIDIA GeForce RTX 4090,48,186.64,75,6103.6,24564.0,
2026-09-07T17:30:55.672548+00:00,04_vlm_polymer_bigvlm,4,4,4.2,5.84,60.43,42.69,NVIDIA GeForce RTX 4090,47,183.55,84,6103.6,24564.0,
2026-09-07T17:31:05.684716+00:00,04_vlm_polymer_bigvlm,4,4,4.2,5.86,60.43,42.69,NVIDIA GeForce RTX 4090,49,184.2,58,6098.1,24564.0,
2026-09-07T17:31:15.695738+00:00,04_vlm_polymer_bigvlm,4,4,4.2,5.84,60.43,42.69,NVIDIA GeForce RTX 4090,50,181.82,81,6098.1,24564.0,
2026-09-07T17:31:25.707836+00:00,04_vlm_polymer_bigvlm,4,4,4.2,5.82,60.43,42.69,NVIDIA GeForce RTX 4090,48,187.38,96,6098.1,24564.0,
2026-09-07T17:31:35.718763+00:00,04_vlm_polymer_bigvlm,4,4,4.2,5.84,60.43,42.69,NVIDIA GeForce RTX 4090,49,182.8,36,6098.1,24564.0,
2026-09-07T17:31:45.730652+00:00,04_vlm_polymer_bigvlm,4,4,4.2,5.83,60.43,42.69,NVIDIA GeForce RTX 4090,49,181.18,70,6098.1,24564.0,
2026-09-07T17:31:55.742368+00:00,04_vlm_polymer_bigvlm,4,4,4.2,5.83,60.43,42.69,NVIDIA GeForce RTX 4090,47,173.99,84,6098.1,24564.0,
2026-09-07T17:32:05.753899+00:00,04_vlm_polymer_bigvlm,4,4,4.2,5.81,60.43,42.69,NVIDIA GeForce RTX 4090,47,181.64,87,6098.1,24564.0,
2026-09-07T17:32:15.765511+00:00,04_vlm_polymer_bigvlm,4,4,4.2,5.81,60.43,42.69,NVIDIA GeForce RTX 4090,49,175.66,67,6098.1,24564.0,
2026-09-07T17:32:25.777729+00:00,04_vlm_polymer_bigvlm,4,4,4.2,5.83,60.43,42.69,NVIDIA GeForce RTX 4090,50,179.52,55,6098.1,24564.0,
2026-09-07T17:32:35.788834+00:00,04_vlm_polymer_bigvlm,4,4,4.2,5.85,60.43,42.69,NVIDIA GeForce RTX 4090,48,159.03,57,6098.1,24564.0,
2026-09-07T17:32:45.801089+00:00,04_vlm_polymer_bigvlm,4,4,4.2,5.83,60.43,42.69,NVIDIA GeForce RTX 4090,47,157.85,66,6098.1,24564.0,
2026-09-07T17:32:55.812866+00:00,04_vlm_polymer_bigvlm,4,4,3.3,5.88,60.43,42.69,NVIDIA GeForce RTX 4090,47,157.91,71,9958.1,24564.0,
2026-09-07T17:33:05.823962+00:00,04_vlm_polymer_bigvlm,4,4,4.2,5.87,60.43,42.69,NVIDIA GeForce RTX 4090,45,155.59,53,9958.1,24564.0,
2026-09-07T17:33:15.836312+00:00,04_vlm_polymer_bigvlm,5,5,3.4,5.75,60.43,42.69,NVIDIA GeForce RTX 4090,47,170.28,71,6098.1,24564.0,
2026-09-07T17:33:25.848318+00:00,04_vlm_polymer_bigvlm,5,5,4.2,5.76,60.43,42.69,NVIDIA GeForce RTX 4090,45,181.02,57,6098.1,24564.0,
2026-09-07T17:33:35.859166+00:00,04_vlm_polymer_bigvlm,5,5,4.2,5.75,60.43,42.69,NVIDIA GeForce RTX 4090,48,174.67,48,6098.1,24564.0,
2026-09-07T17:33:45.871838+00:00,04_vlm_polymer_bigvlm,5,5,4.2,5.74,60.43,42.69,NVIDIA GeForce RTX 4090,49,178.33,53,6098.1,24564.0,
2026-09-07T17:33:55.882783+00:00,04_vlm_polymer_bigvlm,5,5,4.2,5.76,60.43,42.69,NVIDIA GeForce RTX 4090,48,175.22,97,6098.1,24564.0,
2026-09-07T17:34:05.894568+00:00,04_vlm_polymer_bigvlm,5,5,4.2,5.77,60.43,42.69,NVIDIA GeForce RTX 4090,48,178.37,82,6098.1,24564.0,
2026-09-07T17:34:15.906459+00:00,04_vlm_polymer_bigvlm,5,5,4.2,5.74,60.43,42.69,NVIDIA GeForce RTX 4090,46,185.42,44,6098.1,24564.0,
2026-09-07T17:34:25.918207+00:00,04_vlm_polymer_bigvlm,5,5,4.2,5.75,60.43,42.69,NVIDIA GeForce RTX 4090,49,176.95,54,6098.1,24564.0,
2026-09-07T17:34:35.930069+00:00,04_vlm_polymer_bigvlm,5,5,4.2,5.74,60.43,42.69,NVIDIA GeForce RTX 4090,46,189.68,89,6098.1,24564.0,
2026-09-07T17:34:45.941312+00:00,04_vlm_polymer_bigvlm,5,5,4.2,5.74,60.43,42.69,NVIDIA GeForce RTX 4090,49,178.07,52,6098.1,24564.0,
2026-09-07T17:34:55.952835+00:00,04_vlm_polymer_bigvlm,5,5,4.2,5.73,60.43,42.69,NVIDIA GeForce RTX 4090,46,181.73,58,6098.1,24564.0,
2026-09-07T17:35:05.964848+00:00,04_vlm_polymer_bigvlm,5,5,4.2,5.8,60.43,42.69,NVIDIA GeForce RTX 4090,50,183.59,50,6098.1,24564.0,
2026-09-07T17:35:15.975783+00:00,04_vlm_polymer_bigvlm,5,5,4.2,5.76,60.43,42.69,NVIDIA GeForce RTX 4090,49,180.64,51,6098.1,24564.0,
2026-09-07T17:35:25.986775+00:00,04_vlm_polymer_bigvlm,5,5,4.2,5.77,60.43,42.69,NVIDIA GeForce RTX 4090,48,177.57,44,6098.1,24564.0,
2026-09-07T17:35:35.999083+00:00,04_vlm_polymer_bigvlm,5,5,4.2,5.76,60.43,42.69,NVIDIA GeForce RTX 4090,50,182.02,59,6098.1,24564.0,
2026-09-07T17:35:46.011022+00:00,04_vlm_polymer_bigvlm,5,5,4.2,5.75,60.43,42.69,NVIDIA GeForce RTX 4090,49,173.34,95,6098.1,24564.0,
2026-09-07T17:35:56.022666+00:00,04_vlm_polymer_bigvlm,5,5,4.2,5.74,60.43,42.69,NVIDIA GeForce RTX 4090,49,177.56,45,6098.1,24564.0,
2026-09-07T17:36:06.034526+00:00,04_vlm_polymer_bigvlm,5,5,4.2,5.76,60.43,42.69,NVIDIA GeForce RTX 4090,47,179.54,72,6098.1,24564.0,
2026-09-07T17:36:16.045555+00:00,04_vlm_polymer_bigvlm,5,5,4.2,5.81,60.43,42.69,NVIDIA GeForce RTX 4090,46,153.88,63,6098.1,24564.0,
2026-09-07T17:36:26.056973+00:00,04_vlm_polymer_bigvlm,5,5,4.0,5.81,60.43,42.69,NVIDIA GeForce RTX 4090,44,127.19,63,6098.1,24564.0,
2026-09-07T17:36:36.067846+00:00,04_vlm_polymer_bigvlm,5,5,4.2,5.89,60.43,42.65,NVIDIA GeForce RTX 4090,49,178.25,67,6098.1,24564.0,
2026-09-07T17:36:46.080303+00:00,04_vlm_polymer_bigvlm,5,5,4.2,5.88,60.43,42.65,NVIDIA GeForce RTX 4090,48,172.8,45,6098.1,24564.0,
2026-09-07T17:36:56.092700+00:00,04_vlm_polymer_bigvlm,5,5,4.2,5.87,60.43,42.65,NVIDIA GeForce RTX 4090,49,178.16,50,6098.1,24564.0,
2026-09-07T17:37:06.105131+00:00,04_vlm_polymer_bigvlm,5,5,4.2,5.85,60.43,42.65,NVIDIA GeForce RTX 4090,46,176.04,66,6098.1,24564.0,
2026-09-07T17:37:16.116888+00:00,04_vlm_polymer_bigvlm,5,5,4.2,5.84,60.43,42.65,NVIDIA GeForce RTX 4090,49,178.81,68,6098.1,24564.0,
2026-09-07T17:37:26.127953+00:00,04_vlm_polymer_bigvlm,5,5,4.2,5.83,60.43,42.65,NVIDIA GeForce RTX 4090,49,171.82,50,6098.1,24564.0,
2026-09-07T17:37:36.139113+00:00,04_vlm_polymer_bigvlm,5,5,4.2,5.83,60.43,42.65,NVIDIA GeForce RTX 4090,47,177.17,43,6098.1,24564.0,
2026-09-07T17:37:46.151166+00:00,04_vlm_polymer_bigvlm,5,5,4.2,5.84,60.43,42.65,NVIDIA GeForce RTX 4090,49,174.21,42,6098.1,24564.0,
2026-09-07T17:37:56.162949+00:00,04_vlm_polymer_bigvlm,5,5,4.2,5.86,60.43,42.65,NVIDIA GeForce RTX 4090,49,183.92,97,6098.1,24564.0,
2026-09-07T17:38:06.174033+00:00,04_vlm_polymer_bigvlm,5,5,4.2,5.85,60.43,42.65,NVIDIA GeForce RTX 4090,50,186.61,96,6098.1,24564.0,
2026-09-07T17:38:16.185956+00:00,04_vlm_polymer_bigvlm,5,5,4.2,5.84,60.43,42.65,NVIDIA GeForce RTX 4090,47,179.43,40,6098.1,24564.0,
2026-09-07T17:38:26.198107+00:00,04_vlm_polymer_bigvlm,5,5,4.2,5.84,60.43,42.65,NVIDIA GeForce RTX 4090,49,174.35,36,6098.1,24564.0,
2026-09-07T17:38:36.210288+00:00,04_vlm_polymer_bigvlm,5,5,4.2,5.82,60.43,42.65,NVIDIA GeForce RTX 4090,48,175.2,96,6098.1,24564.0,
2026-09-07T17:38:46.222114+00:00,04_vlm_polymer_bigvlm,5,5,4.2,5.82,60.43,42.65,NVIDIA GeForce RTX 4090,47,177.46,52,6098.1,24564.0,
2026-09-07T17:38:56.234055+00:00,04_vlm_polymer_bigvlm,5,5,4.2,5.82,60.43,42.65,NVIDIA GeForce RTX 4090,50,179.21,39,6098.1,24564.0,
2026-09-07T17:39:06.245061+00:00,04_vlm_polymer_bigvlm,5,5,4.2,5.82,60.43,42.65,NVIDIA GeForce RTX 4090,49,173.44,55,6098.1,24564.0,
2026-09-07T17:39:16.256870+00:00,04_vlm_polymer_bigvlm,5,5,4.2,5.81,60.43,42.65,NVIDIA GeForce RTX 4090,46,180.85,82,6098.1,24564.0,
2026-09-07T17:39:26.267938+00:00,04_vlm_polymer_bigvlm,5,5,4.2,5.8,60.43,42.65,NVIDIA GeForce RTX 4090,46,154.8,52,6098.1,24564.0,
2026-09-07T17:39:36.279629+00:00,04_vlm_polymer_bigvlm,5,5,4.2,5.8,60.43,42.65,NVIDIA GeForce RTX 4090,46,154.67,68,6098.1,24564.0,
2026-09-07T17:39:46.291081+00:00,04_vlm_polymer_bigvlm,5,5,4.0,5.81,60.43,42.65,NVIDIA GeForce RTX 4090,47,175.12,83,6098.1,24564.0,
2026-09-07T17:39:56.302133+00:00,04_vlm_polymer_bigvlm,5,5,4.2,5.84,60.43,42.65,NVIDIA GeForce RTX 4090,48,178.24,38,6098.1,24564.0,
2026-09-07T17:40:06.314068+00:00,04_vlm_polymer_bigvlm,5,5,4.2,5.83,60.43,42.65,NVIDIA GeForce RTX 4090,48,176.96,42,6098.1,24564.0,
2026-09-07T17:40:16.326448+00:00,04_vlm_polymer_bigvlm,5,5,4.2,5.81,60.43,42.65,NVIDIA GeForce RTX 4090,46,171.64,61,6098.1,24564.0,
2026-09-07T17:40:26.338930+00:00,04_vlm_polymer_bigvlm,5,5,4.2,5.83,60.43,42.65,NVIDIA GeForce RTX 4090,49,177.13,68,6098.1,24564.0,
2026-09-07T17:40:36.349791+00:00,04_vlm_polymer_bigvlm,5,5,4.2,5.82,60.43,42.65,NVIDIA GeForce RTX 4090,49,178.66,72,6098.1,24564.0,
2026-09-07T17:40:46.361672+00:00,04_vlm_polymer_bigvlm,5,5,4.3,5.84,60.43,42.65,NVIDIA GeForce RTX 4090,47,176.7,50,6098.1,24564.0,
2026-09-07T17:40:56.373692+00:00,04_vlm_polymer_bigvlm,5,5,4.2,5.86,60.43,42.65,NVIDIA GeForce RTX 4090,49,173.33,72,6098.1,24564.0,
2026-09-07T17:41:06.385632+00:00,04_vlm_polymer_bigvlm,5,5,4.2,5.84,60.43,42.65,NVIDIA GeForce RTX 4090,48,177.83,31,6098.1,24564.0,
2026-09-07T17:41:16.396710+00:00,04_vlm_polymer_bigvlm,5,5,4.2,5.82,60.43,42.65,NVIDIA GeForce RTX 4090,50,176.82,77,6098.1,24564.0,
2026-09-07T17:41:26.408257+00:00,04_vlm_polymer_bigvlm,5,5,4.2,5.83,60.43,42.65,NVIDIA GeForce RTX 4090,49,173.02,52,6098.1,24564.0,
2026-09-07T17:41:36.420260+00:00,04_vlm_polymer_bigvlm,5,5,4.2,5.82,60.43,42.65,NVIDIA GeForce RTX 4090,49,173.1,49,6098.1,24564.0,
2026-09-07T17:41:46.432390+00:00,04_vlm_polymer_bigvlm,5,5,4.2,5.81,60.43,42.65,NVIDIA GeForce RTX 4090,49,175.82,80,6098.1,24564.0,
2026-09-07T17:41:56.444542+00:00,04_vlm_polymer_bigvlm,5,5,4.2,5.84,60.43,42.65,NVIDIA GeForce RTX 4090,50,177.29,88,6098.1,24564.0,
2026-09-07T17:42:06.456128+00:00,04_vlm_polymer_bigvlm,5,5,4.2,5.84,60.43,42.65,NVIDIA GeForce RTX 4090,49,179.58,48,6098.1,24564.0,
2026-09-07T17:42:16.467923+00:00,04_vlm_polymer_bigvlm,5,5,4.2,5.83,60.43,42.65,NVIDIA GeForce RTX 4090,46,180.81,81,6098.1,24564.0,
2026-09-07T17:42:26.479975+00:00,04_vlm_polymer_bigvlm,5,5,4.2,5.84,60.43,42.65,NVIDIA GeForce RTX 4090,49,180.92,97,6098.1,24564.0,
2026-09-07T17:42:36.491290+00:00,04_vlm_polymer_bigvlm,5,5,4.2,5.81,60.43,42.65,NVIDIA GeForce RTX 4090,47,153.41,66,6098.1,24564.0,
2026-09-07T17:42:46.503026+00:00,04_vlm_polymer_bigvlm,5,5,4.2,5.83,60.43,42.65,NVIDIA GeForce RTX 4090,46,155.53,67,6098.1,24564.0,
2026-09-07T17:42:56.515262+00:00,04_vlm_polymer_bigvlm,5,5,4.2,5.82,60.43,42.65,NVIDIA GeForce RTX 4090,48,179.94,80,6098.1,24564.0,
2026-09-07T17:43:06.526050+00:00,04_vlm_polymer_bigvlm,5,5,4.2,5.82,60.43,42.65,NVIDIA GeForce RTX 4090,48,179.81,45,6098.1,24564.0,
2026-09-07T17:43:16.538425+00:00,04_vlm_polymer_bigvlm,5,5,4.2,5.84,60.43,42.65,NVIDIA GeForce RTX 4090,49,176.83,97,6098.1,24564.0,
2026-09-07T17:43:26.550234+00:00,04_vlm_polymer_bigvlm,5,5,4.2,5.85,60.43,42.65,NVIDIA GeForce RTX 4090,49,178.59,67,6098.1,24564.0,
2026-09-07T17:43:36.562264+00:00,04_vlm_polymer_bigvlm,5,5,4.2,5.83,60.43,42.65,NVIDIA GeForce RTX 4090,50,177.89,47,6098.1,24564.0,
2026-09-07T17:43:46.573239+00:00,04_vlm_polymer_bigvlm,5,5,4.2,5.83,60.43,42.65,NVIDIA GeForce RTX 4090,48,176.63,72,6098.1,24564.0,
2026-09-07T17:43:56.585259+00:00,04_vlm_polymer_bigvlm,5,5,4.2,5.84,60.43,42.65,NVIDIA GeForce RTX 4090,48,178.5,62,6098.1,24564.0,
2026-09-07T17:44:06.596116+00:00,04_vlm_polymer_bigvlm,5,5,4.2,5.83,60.43,42.65,NVIDIA GeForce RTX 4090,50,171.38,71,6098.1,24564.0,
2026-09-07T17:44:16.609350+00:00,04_vlm_polymer_bigvlm,5,5,4.2,5.82,60.43,42.65,NVIDIA GeForce RTX 4090,49,175.9,44,6098.1,24564.0,
2026-09-07T17:44:26.621760+00:00,04_vlm_polymer_bigvlm,5,5,4.2,5.82,60.43,42.65,NVIDIA GeForce RTX 4090,47,177.03,94,6098.1,24564.0,
2026-09-07T17:44:36.633607+00:00,04_vlm_polymer_bigvlm,5,5,4.2,5.83,60.43,42.65,NVIDIA GeForce RTX 4090,51,194.8,70,6098.1,24564.0,
2026-09-07T17:44:46.644403+00:00,04_vlm_polymer_bigvlm,5,5,4.2,5.81,60.43,42.65,NVIDIA GeForce RTX 4090,49,179.79,44,6098.1,24564.0,
2026-09-07T17:44:56.656837+00:00,04_vlm_polymer_bigvlm,5,5,4.2,5.86,60.43,42.65,NVIDIA GeForce RTX 4090,51,186.0,66,6098.1,24564.0,
2026-09-07T17:45:06.667853+00:00,04_vlm_polymer_bigvlm,5,5,4.2,5.86,60.43,42.65,NVIDIA GeForce RTX 4090,46,175.02,83,6098.1,24564.0,
2026-09-07T17:45:16.679322+00:00,04_vlm_polymer_bigvlm,5,5,4.2,5.85,60.43,42.65,NVIDIA GeForce RTX 4090,49,174.77,42,6098.1,24564.0,
2026-09-07T17:45:26.690758+00:00,04_vlm_polymer_bigvlm,5,5,4.2,5.84,60.43,42.65,NVIDIA GeForce RTX 4090,50,175.61,72,6098.1,24564.0,
2026-09-07T17:45:36.703441+00:00,04_vlm_polymer_bigvlm,5,5,4.2,5.85,60.43,42.65,NVIDIA GeForce RTX 4090,49,184.62,57,6098.1,24564.0,
2026-09-07T17:45:46.714834+00:00,04_vlm_polymer_bigvlm,5,5,4.2,5.82,60.43,42.65,NVIDIA GeForce RTX 4090,48,153.94,47,6098.1,24564.0,
2026-09-07T17:45:56.726882+00:00,04_vlm_polymer_bigvlm,5,5,4.2,5.82,60.43,42.65,NVIDIA GeForce RTX 4090,47,152.25,48,6098.1,24564.0,
2026-09-07T17:46:06.738224+00:00,04_vlm_polymer_bigvlm,5,5,2.9,5.8,60.43,42.65,NVIDIA GeForce RTX 4090,43,61.65,0,6098.1,24564.0,
2026-09-07T17:46:16.749237+00:00,04_vlm_polymer_bigvlm,5,5,0.7,5.82,60.43,42.65,NVIDIA GeForce RTX 4090,46,175.08,82,6098.1,24564.0,
2026-09-07T17:46:26.761845+00:00,04_vlm_polymer_bigvlm,5,5,4.2,5.82,60.43,42.65,NVIDIA GeForce RTX 4090,44,176.95,69,6098.1,24564.0,
2026-09-07T17:46:36.773641+00:00,04_vlm_polymer_bigvlm,5,5,4.2,5.83,60.43,42.65,NVIDIA GeForce RTX 4090,47,175.73,63,6098.1,24564.0,
2026-09-07T17:46:46.785728+00:00,04_vlm_polymer_bigvlm,5,5,4.2,5.82,60.43,42.65,NVIDIA GeForce RTX 4090,48,179.34,96,6098.1,24564.0,
2026-09-07T17:46:56.798171+00:00,04_vlm_polymer_bigvlm,5,5,4.2,5.83,60.43,42.65,NVIDIA GeForce RTX 4090,48,182.31,71,6098.1,24564.0,
2026-09-07T17:47:06.809158+00:00,04_vlm_polymer_bigvlm,5,5,4.2,5.84,60.43,42.65,NVIDIA GeForce RTX 4090,45,172.37,60,6098.1,24564.0,
2026-09-07T17:47:16.821395+00:00,04_vlm_polymer_bigvlm,5,5,4.2,5.84,60.43,42.65,NVIDIA GeForce RTX 4090,48,176.89,89,6098.1,24564.0,
2026-09-07T17:47:26.832247+00:00,04_vlm_polymer_bigvlm,5,5,4.2,5.83,60.43,42.65,NVIDIA GeForce RTX 4090,47,175.75,30,6098.1,24564.0,
2026-09-07T17:47:36.844547+00:00,04_vlm_polymer_bigvlm,5,5,4.2,5.81,60.43,42.65,NVIDIA GeForce RTX 4090,49,178.07,66,6098.1,24564.0,
2026-09-07T17:47:46.856234+00:00,04_vlm_polymer_bigvlm,5,5,4.2,5.79,60.43,42.65,NVIDIA GeForce RTX 4090,46,177.43,38,6098.1,24564.0,
2026-09-07T17:47:56.868263+00:00,04_vlm_polymer_bigvlm,5,5,4.2,5.81,60.43,42.65,NVIDIA GeForce RTX 4090,47,178.0,71,6098.1,24564.0,
2026-09-07T17:48:06.879310+00:00,04_vlm_polymer_bigvlm,5,5,4.2,5.82,60.43,42.65,NVIDIA GeForce RTX 4090,48,172.32,97,6098.1,24564.0,
2026-09-07T17:48:16.891327+00:00,04_vlm_polymer_bigvlm,5,5,4.2,5.84,60.43,42.65,NVIDIA GeForce RTX 4090,46,180.15,54,6098.1,24564.0,
2026-09-07T17:48:26.902130+00:00,04_vlm_polymer_bigvlm,5,5,4.2,5.82,60.43,42.65,NVIDIA GeForce RTX 4090,50,182.97,32,6098.1,24564.0,
2026-09-07T17:48:36.913161+00:00,04_vlm_polymer_bigvlm,5,5,4.2,5.82,60.43,42.65,NVIDIA GeForce RTX 4090,48,176.37,35,6098.1,24564.0,
2026-09-07T17:48:46.923881+00:00,04_vlm_polymer_bigvlm,5,5,4.2,5.82,60.43,42.65,NVIDIA GeForce RTX 4090,46,181.17,81,6098.1,24564.0,
2026-09-07T17:48:56.936903+00:00,04_vlm_polymer_bigvlm,5,5,4.2,5.85,60.43,42.65,NVIDIA GeForce RTX 4090,49,172.61,38,6098.1,24564.0,
2026-09-07T17:49:06.949411+00:00,04_vlm_polymer_bigvlm,5,5,4.2,5.83,60.43,42.65,NVIDIA GeForce RTX 4090,49,182.01,49,6098.1,24564.0,
2026-09-07T17:49:16.961313+00:00,04_vlm_polymer_bigvlm,5,5,4.2,5.84,60.43,42.65,NVIDIA GeForce RTX 4090,48,153.53,52,6098.1,24564.0,
2026-09-07T17:49:26.972333+00:00,04_vlm_polymer_bigvlm,5,5,4.2,5.84,60.43,42.65,NVIDIA GeForce RTX 4090,46,156.78,50,6098.1,24564.0,
2026-09-07T17:49:36.984402+00:00,04_vlm_polymer_bigvlm,5,5,4.2,5.84,60.43,42.65,NVIDIA GeForce RTX 4090,49,179.73,96,6098.1,24564.0,
2026-09-07T17:49:46.995387+00:00,04_vlm_polymer_bigvlm,5,5,4.2,5.83,60.43,42.65,NVIDIA GeForce RTX 4090,46,185.81,96,6098.1,24564.0,
2026-09-07T17:49:57.007339+00:00,04_vlm_polymer_bigvlm,5,5,4.2,5.82,60.43,42.65,NVIDIA GeForce RTX 4090,49,189.8,44,6098.1,24564.0,
2026-09-07T17:50:07.018369+00:00,04_vlm_polymer_bigvlm,5,5,4.2,5.83,60.43,42.65,NVIDIA GeForce RTX 4090,48,180.38,36,6098.1,24564.0,
2026-09-07T17:50:17.029158+00:00,04_vlm_polymer_bigvlm,5,5,4.2,5.86,60.43,42.65,NVIDIA GeForce RTX 4090,49,178.9,53,6098.1,24564.0,
2026-09-07T17:50:27.040231+00:00,04_vlm_polymer_bigvlm,5,5,4.2,5.82,60.43,42.65,NVIDIA GeForce RTX 4090,50,173.17,97,6098.1,24564.0,
2026-09-07T17:50:37.052786+00:00,04_vlm_polymer_bigvlm,5,5,4.2,5.83,60.43,42.65,NVIDIA GeForce RTX 4090,46,177.03,67,6098.1,24564.0,
2026-09-07T17:50:47.065244+00:00,04_vlm_polymer_bigvlm,5,5,4.2,5.81,60.43,42.65,NVIDIA GeForce RTX 4090,49,177.69,40,6098.1,24564.0,
2026-09-07T17:50:57.077394+00:00,04_vlm_polymer_bigvlm,5,5,4.2,5.79,60.43,42.65,NVIDIA GeForce RTX 4090,49,175.21,38,6098.1,24564.0,
2026-09-07T17:51:07.089178+00:00,04_vlm_polymer_bigvlm,5,5,4.2,5.81,60.43,42.65,NVIDIA GeForce RTX 4090,50,188.4,49,6098.1,24564.0,
2026-09-07T17:51:17.101773+00:00,04_vlm_polymer_bigvlm,5,5,4.2,5.8,60.43,42.65,NVIDIA GeForce RTX 4090,49,178.4,46,6098.1,24564.0,
2026-09-07T17:51:27.113373+00:00,04_vlm_polymer_bigvlm,5,5,4.2,5.8,60.43,42.65,NVIDIA GeForce RTX 4090,50,175.57,96,6098.1,24564.0,
2026-09-07T17:51:37.124497+00:00,04_vlm_polymer_bigvlm,5,5,4.2,5.81,60.43,42.65,NVIDIA GeForce RTX 4090,49,181.12,52,6098.1,24564.0,
2026-09-07T17:51:47.136567+00:00,04_vlm_polymer_bigvlm,5,5,4.2,5.8,60.43,42.65,NVIDIA GeForce RTX 4090,50,184.61,78,6098.1,24564.0,
2026-09-07T17:51:57.147671+00:00,04_vlm_polymer_bigvlm,5,5,4.2,5.79,60.43,42.65,NVIDIA GeForce RTX 4090,49,172.89,90,6098.1,24564.0,
2026-09-07T17:52:07.159725+00:00,04_vlm_polymer_bigvlm,5,5,4.2,5.81,60.43,42.65,NVIDIA GeForce RTX 4090,50,174.71,53,6098.1,24564.0,
2026-09-07T17:52:17.171737+00:00,04_vlm_polymer_bigvlm,5,5,4.2,5.82,60.43,42.65,NVIDIA GeForce RTX 4090,48,179.31,47,6098.1,24564.0,
2026-09-07T17:52:27.183634+00:00,04_vlm_polymer_bigvlm,5,5,4.2,5.81,60.43,42.65,NVIDIA GeForce RTX 4090,46,155.6,61,6098.1,24564.0,
2026-09-07T17:52:37.194601+00:00,04_vlm_polymer_bigvlm,5,5,4.2,5.8,60.43,42.65,NVIDIA GeForce RTX 4090,47,157.68,71,6098.1,24564.0,
2026-09-07T17:52:47.206095+00:00,04_vlm_polymer_bigvlm,5,5,3.4,5.85,60.43,42.65,NVIDIA GeForce RTX 4090,46,158.22,64,9958.1,24564.0,
2026-09-07T17:52:57.217796+00:00,04_vlm_polymer_bigvlm,5,5,4.2,5.84,60.43,42.65,NVIDIA GeForce RTX 4090,47,158.6,54,9958.1,24564.0,
2026-09-07T17:53:07.228900+00:00,04_vlm_polymer_bigvlm,6,6,3.4,5.74,60.43,42.65,NVIDIA GeForce RTX 4090,44,177.93,80,6098.1,24564.0,
2026-09-07T17:53:17.239671+00:00,04_vlm_polymer_bigvlm,6,6,4.2,5.74,60.43,42.65,NVIDIA GeForce RTX 4090,48,176.18,46,6098.1,24564.0,
2026-09-07T17:53:27.251729+00:00,04_vlm_polymer_bigvlm,6,6,4.2,5.76,60.43,42.65,NVIDIA GeForce RTX 4090,48,171.9,97,6098.1,24564.0,
2026-09-07T17:53:37.263489+00:00,04_vlm_polymer_bigvlm,6,6,4.2,5.77,60.43,42.65,NVIDIA GeForce RTX 4090,45,177.44,67,6098.1,24564.0,
2026-09-07T17:53:47.275660+00:00,04_vlm_polymer_bigvlm,6,6,4.2,5.77,60.43,42.65,NVIDIA GeForce RTX 4090,48,174.15,44,6098.1,24564.0,
2026-09-07T17:53:57.287062+00:00,04_vlm_polymer_bigvlm,6,6,4.2,5.76,60.43,42.65,NVIDIA GeForce RTX 4090,47,181.39,83,6098.1,24564.0,
2026-09-07T17:54:07.299060+00:00,04_vlm_polymer_bigvlm,6,6,4.2,5.84,60.43,42.65,NVIDIA GeForce RTX 4090,48,174.67,75,6098.1,24564.0,
2026-09-07T17:54:17.311243+00:00,04_vlm_polymer_bigvlm,6,6,4.2,5.85,60.43,42.65,NVIDIA GeForce RTX 4090,49,177.06,96,6098.1,24564.0,
2026-09-07T17:54:27.323469+00:00,04_vlm_polymer_bigvlm,6,6,4.2,5.8,60.43,42.65,NVIDIA GeForce RTX 4090,49,176.54,81,6098.1,24564.0,
2026-09-07T17:54:37.336108+00:00,04_vlm_polymer_bigvlm,6,6,4.2,5.79,60.43,42.65,NVIDIA GeForce RTX 4090,48,186.78,96,6098.1,24564.0,
2026-09-07T17:54:47.347743+00:00,04_vlm_polymer_bigvlm,6,6,4.2,5.76,60.43,42.65,NVIDIA GeForce RTX 4090,48,176.68,43,6098.1,24564.0,
2026-09-07T17:54:57.360068+00:00,04_vlm_polymer_bigvlm,6,6,4.2,5.76,60.43,42.65,NVIDIA GeForce RTX 4090,48,178.04,94,6098.1,24564.0,
2026-09-07T17:55:07.372247+00:00,04_vlm_polymer_bigvlm,6,6,4.2,5.75,60.43,42.65,NVIDIA GeForce RTX 4090,49,182.32,55,6098.1,24564.0,
2026-09-07T17:55:17.383559+00:00,04_vlm_polymer_bigvlm,6,6,4.2,5.75,60.43,42.65,NVIDIA GeForce RTX 4090,49,182.13,53,6098.1,24564.0,
2026-09-07T17:55:27.394483+00:00,04_vlm_polymer_bigvlm,6,6,4.2,5.74,60.43,42.65,NVIDIA GeForce RTX 4090,49,172.3,56,6098.1,24564.0,
2026-09-07T17:55:37.406404+00:00,04_vlm_polymer_bigvlm,6,6,4.2,5.74,60.43,42.65,NVIDIA GeForce RTX 4090,47,180.38,90,6098.1,24564.0,
2026-09-07T17:55:47.418683+00:00,04_vlm_polymer_bigvlm,6,6,4.2,5.74,60.43,42.65,NVIDIA GeForce RTX 4090,48,175.87,49,6098.1,24564.0,
2026-09-07T17:55:57.429609+00:00,04_vlm_polymer_bigvlm,6,6,4.2,5.8,60.43,42.65,NVIDIA GeForce RTX 4090,46,162.38,45,6098.1,24564.0,
2026-09-07T17:56:07.440713+00:00,04_vlm_polymer_bigvlm,6,6,4.2,5.79,60.43,42.65,NVIDIA GeForce RTX 4090,46,157.99,60,6098.1,24564.0,
2026-09-07T17:56:17.452167+00:00,04_vlm_polymer_bigvlm,6,6,4.0,5.83,60.43,42.61,NVIDIA GeForce RTX 4090,48,174.58,57,6098.1,24564.0,
2026-09-07T17:56:27.464059+00:00,04_vlm_polymer_bigvlm,6,6,4.2,5.84,60.43,42.61,NVIDIA GeForce RTX 4090,46,177.09,69,6098.1,24564.0,
2026-09-07T17:56:37.475529+00:00,04_vlm_polymer_bigvlm,6,6,4.2,5.83,60.43,42.61,NVIDIA GeForce RTX 4090,48,178.95,96,6098.1,24564.0,
2026-09-07T17:56:47.487245+00:00,04_vlm_polymer_bigvlm,6,6,4.2,5.83,60.43,42.61,NVIDIA GeForce RTX 4090,48,176.84,49,6098.1,24564.0,
2026-09-07T17:56:57.499957+00:00,04_vlm_polymer_bigvlm,6,6,4.2,5.83,60.43,42.61,NVIDIA GeForce RTX 4090,49,185.82,96,6098.1,24564.0,
2026-09-07T17:57:07.511015+00:00,04_vlm_polymer_bigvlm,6,6,4.2,5.84,60.43,42.61,NVIDIA GeForce RTX 4090,49,179.59,87,6098.1,24564.0,
2026-09-07T17:57:17.521979+00:00,04_vlm_polymer_bigvlm,6,6,4.2,5.81,60.43,42.61,NVIDIA GeForce RTX 4090,47,184.5,54,6098.1,24564.0,
2026-09-07T17:57:27.534245+00:00,04_vlm_polymer_bigvlm,6,6,4.2,5.8,60.43,42.61,NVIDIA GeForce RTX 4090,49,177.61,83,6098.1,24564.0,
2026-09-07T17:57:37.545980+00:00,04_vlm_polymer_bigvlm,6,6,4.2,5.85,60.43,42.61,NVIDIA GeForce RTX 4090,49,183.15,97,6098.1,24564.0,
2026-09-07T17:57:47.557866+00:00,04_vlm_polymer_bigvlm,6,6,4.2,5.83,60.43,42.61,NVIDIA GeForce RTX 4090,46,180.76,56,6098.1,24564.0,
2026-09-07T17:57:57.568807+00:00,04_vlm_polymer_bigvlm,6,6,4.2,5.85,60.43,42.61,NVIDIA GeForce RTX 4090,46,173.76,44,6098.1,24564.0,
2026-09-07T17:58:07.579834+00:00,04_vlm_polymer_bigvlm,6,6,4.2,5.86,60.43,42.61,NVIDIA GeForce RTX 4090,49,173.94,57,6098.1,24564.0,
2026-09-07T17:58:17.592161+00:00,04_vlm_polymer_bigvlm,6,6,4.2,5.83,60.43,42.61,NVIDIA GeForce RTX 4090,48,182.53,76,6098.1,24564.0,
2026-09-07T17:58:27.603525+00:00,04_vlm_polymer_bigvlm,6,6,4.2,5.85,60.43,42.61,NVIDIA GeForce RTX 4090,49,179.01,48,6098.1,24564.0,
2026-09-07T17:58:37.614322+00:00,04_vlm_polymer_bigvlm,6,6,4.2,5.85,60.43,42.61,NVIDIA GeForce RTX 4090,49,180.15,89,6098.1,24564.0,
2026-09-07T17:58:47.626824+00:00,04_vlm_polymer_bigvlm,6,6,4.2,5.85,60.43,42.61,NVIDIA GeForce RTX 4090,49,178.94,38,6098.1,24564.0,
2026-09-07T17:58:57.638520+00:00,04_vlm_polymer_bigvlm,6,6,4.2,5.88,60.43,42.61,NVIDIA GeForce RTX 4090,46,175.2,92,6098.1,24564.0,
2026-09-07T17:59:07.649548+00:00,04_vlm_polymer_bigvlm,6,6,4.2,5.87,60.43,42.61,NVIDIA GeForce RTX 4090,49,175.9,44,6098.1,24564.0,
2026-09-07T17:59:17.661809+00:00,04_vlm_polymer_bigvlm,6,6,4.2,5.85,60.43,42.61,NVIDIA GeForce RTX 4090,48,153.95,47,6098.1,24564.0,
2026-09-07T17:59:27.672759+00:00,04_vlm_polymer_bigvlm,6,6,4.0,5.85,60.43,42.61,NVIDIA GeForce RTX 4090,48,130.21,56,6098.1,24564.0,
2026-09-07T17:59:37.684534+00:00,04_vlm_polymer_bigvlm,6,6,4.2,5.85,60.43,42.61,NVIDIA GeForce RTX 4090,49,181.55,55,6098.1,24564.0,
2026-09-07T17:59:47.695125+00:00,04_vlm_polymer_bigvlm,6,6,4.2,5.86,60.43,42.61,NVIDIA GeForce RTX 4090,47,176.35,96,6098.1,24564.0,
2026-09-07T17:59:57.707665+00:00,04_vlm_polymer_bigvlm,6,6,4.2,5.85,60.43,42.61,NVIDIA GeForce RTX 4090,46,178.31,91,6098.1,24564.0,
2026-09-07T18:00:07.719411+00:00,04_vlm_polymer_bigvlm,6,6,4.3,5.85,60.43,42.61,NVIDIA GeForce RTX 4090,47,177.55,96,6098.1,24564.0,
2026-09-07T18:00:17.731210+00:00,04_vlm_polymer_bigvlm,6,6,4.2,5.88,60.43,42.61,NVIDIA GeForce RTX 4090,49,178.06,37,6098.1,24564.0,
2026-09-07T18:00:27.742165+00:00,04_vlm_polymer_bigvlm,6,6,4.2,5.87,60.43,42.61,NVIDIA GeForce RTX 4090,49,172.71,57,6098.1,24564.0,
2026-09-07T18:00:37.754007+00:00,04_vlm_polymer_bigvlm,6,6,4.2,5.89,60.43,42.61,NVIDIA GeForce RTX 4090,47,180.77,75,6098.1,24564.0,
2026-09-07T18:00:47.764885+00:00,04_vlm_polymer_bigvlm,6,6,4.2,5.86,60.43,42.61,NVIDIA GeForce RTX 4090,49,180.79,44,6098.1,24564.0,
2026-09-07T18:00:57.776550+00:00,04_vlm_polymer_bigvlm,6,6,4.2,5.86,60.43,42.61,NVIDIA GeForce RTX 4090,49,170.54,57,6098.1,24564.0,
2026-09-07T18:01:07.788621+00:00,04_vlm_polymer_bigvlm,6,6,4.2,5.87,60.43,42.61,NVIDIA GeForce RTX 4090,49,177.2,53,6098.1,24564.0,
2026-09-07T18:01:17.800831+00:00,04_vlm_polymer_bigvlm,6,6,4.2,5.85,60.43,42.61,NVIDIA GeForce RTX 4090,47,188.71,40,6098.1,24564.0,
2026-09-07T18:01:27.812597+00:00,04_vlm_polymer_bigvlm,6,6,4.2,5.85,60.43,42.61,NVIDIA GeForce RTX 4090,50,184.34,75,6098.1,24564.0,
2026-09-07T18:01:37.824558+00:00,04_vlm_polymer_bigvlm,6,6,4.2,5.84,60.43,42.61,NVIDIA GeForce RTX 4090,49,175.06,65,6098.1,24564.0,
2026-09-07T18:01:47.835400+00:00,04_vlm_polymer_bigvlm,6,6,4.2,5.91,60.43,42.61,NVIDIA GeForce RTX 4090,49,180.0,80,6098.1,24564.0,
2026-09-07T18:01:57.847144+00:00,04_vlm_polymer_bigvlm,6,6,4.2,5.9,60.43,42.61,NVIDIA GeForce RTX 4090,50,175.34,44,6098.1,24564.0,
2026-09-07T18:02:07.859566+00:00,04_vlm_polymer_bigvlm,6,6,4.2,5.87,60.43,42.61,NVIDIA GeForce RTX 4090,47,173.15,64,6098.1,24564.0,
2026-09-07T18:02:17.872240+00:00,04_vlm_polymer_bigvlm,6,6,4.2,5.86,60.43,42.61,NVIDIA GeForce RTX 4090,50,175.53,44,6098.1,24564.0,
2026-09-07T18:02:27.884115+00:00,04_vlm_polymer_bigvlm,6,6,4.2,5.87,60.43,42.61,NVIDIA GeForce RTX 4090,48,154.01,47,6098.1,24564.0,
2026-09-07T18:02:37.896518+00:00,04_vlm_polymer_bigvlm,6,6,4.2,5.85,60.43,42.61,NVIDIA GeForce RTX 4090,48,157.04,58,6098.1,24564.0,
2026-09-07T18:02:47.908597+00:00,04_vlm_polymer_bigvlm,6,6,4.2,5.82,60.43,42.61,NVIDIA GeForce RTX 4090,48,177.14,49,6098.1,24564.0,
2026-09-07T18:02:57.920811+00:00,04_vlm_polymer_bigvlm,6,6,4.2,5.83,60.43,42.61,NVIDIA GeForce RTX 4090,49,179.72,42,6098.1,24564.0,
2026-09-07T18:03:07.931718+00:00,04_vlm_polymer_bigvlm,6,6,4.2,5.82,60.43,42.61,NVIDIA GeForce RTX 4090,46,174.06,96,6098.1,24564.0,
2026-09-07T18:03:17.943748+00:00,04_vlm_polymer_bigvlm,6,6,4.2,5.84,60.43,42.61,NVIDIA GeForce RTX 4090,50,177.62,68,6098.1,24564.0,
2026-09-07T18:03:27.955932+00:00,04_vlm_polymer_bigvlm,6,6,4.2,5.83,60.43,42.61,NVIDIA GeForce RTX 4090,49,174.75,48,6098.1,24564.0,
2026-09-07T18:03:37.966847+00:00,04_vlm_polymer_bigvlm,6,6,4.2,5.84,60.43,42.61,NVIDIA GeForce RTX 4090,46,179.11,94,6098.1,24564.0,
2026-09-07T18:03:47.978529+00:00,04_vlm_polymer_bigvlm,6,6,4.2,5.85,60.43,42.61,NVIDIA GeForce RTX 4090,49,174.9,47,6098.1,24564.0,
2026-09-07T18:03:57.990616+00:00,04_vlm_polymer_bigvlm,6,6,4.2,5.86,60.43,42.61,NVIDIA GeForce RTX 4090,47,185.93,97,6098.1,24564.0,
2026-09-07T18:04:08.001569+00:00,04_vlm_polymer_bigvlm,6,6,4.2,5.84,60.43,42.61,NVIDIA GeForce RTX 4090,49,177.67,48,6098.1,24564.0,
2026-09-07T18:04:18.014268+00:00,04_vlm_polymer_bigvlm,6,6,4.2,5.86,60.43,42.61,NVIDIA GeForce RTX 4090,50,180.51,76,6098.1,24564.0,
2026-09-07T18:04:28.025277+00:00,04_vlm_polymer_bigvlm,6,6,4.2,5.85,60.43,42.61,NVIDIA GeForce RTX 4090,49,176.03,84,6098.1,24564.0,
2026-09-07T18:04:38.036446+00:00,04_vlm_polymer_bigvlm,6,6,4.2,5.83,60.43,42.61,NVIDIA GeForce RTX 4090,46,181.1,57,6098.1,24564.0,
2026-09-07T18:04:48.048101+00:00,04_vlm_polymer_bigvlm,6,6,4.2,5.84,60.43,42.61,NVIDIA GeForce RTX 4090,49,176.84,57,6098.1,24564.0,
2026-09-07T18:04:58.059175+00:00,04_vlm_polymer_bigvlm,6,6,4.2,5.85,60.43,42.61,NVIDIA GeForce RTX 4090,47,174.65,91,6098.1,24564.0,
2026-09-07T18:05:08.070838+00:00,04_vlm_polymer_bigvlm,6,6,4.2,5.85,60.43,42.61,NVIDIA GeForce RTX 4090,49,171.79,94,6098.1,24564.0,
2026-09-07T18:05:18.082509+00:00,04_vlm_polymer_bigvlm,6,6,4.2,5.83,60.43,42.61,NVIDIA GeForce RTX 4090,47,176.54,79,6098.1,24564.0,
2026-09-07T18:05:28.095044+00:00,04_vlm_polymer_bigvlm,6,6,4.2,5.83,60.43,42.61,NVIDIA GeForce RTX 4090,50,172.03,97,6098.1,24564.0,
2026-09-07T18:05:38.107763+00:00,04_vlm_polymer_bigvlm,6,6,4.2,5.82,60.43,42.61,NVIDIA GeForce RTX 4090,48,149.57,61,6098.1,24564.0,
2026-09-07T18:05:48.119572+00:00,04_vlm_polymer_bigvlm,6,6,4.2,5.8,60.43,42.61,NVIDIA GeForce RTX 4090,48,153.73,61,6098.1,24564.0,
2026-09-07T18:05:58.131903+00:00,04_vlm_polymer_bigvlm,6,6,4.2,5.82,60.43,42.61,NVIDIA GeForce RTX 4090,49,173.88,34,6098.1,24564.0,
2026-09-07T18:06:08.144271+00:00,04_vlm_polymer_bigvlm,6,6,4.2,5.81,60.43,42.61,NVIDIA GeForce RTX 4090,49,176.29,43,6098.1,24564.0,
2026-09-07T18:06:18.155303+00:00,04_vlm_polymer_bigvlm,6,6,4.2,5.81,60.43,42.61,NVIDIA GeForce RTX 4090,49,178.54,97,6098.1,24564.0,
2026-09-07T18:06:28.167731+00:00,04_vlm_polymer_bigvlm,6,6,4.2,5.8,60.43,42.61,NVIDIA GeForce RTX 4090,49,177.82,79,6098.1,24564.0,
2026-09-07T18:06:38.179765+00:00,04_vlm_polymer_bigvlm,6,6,4.2,5.81,60.43,42.61,NVIDIA GeForce RTX 4090,49,171.83,92,6098.1,24564.0,
2026-09-07T18:06:48.192411+00:00,04_vlm_polymer_bigvlm,6,6,4.2,5.8,60.43,42.61,NVIDIA GeForce RTX 4090,49,175.95,80,6098.1,24564.0,
2026-09-07T18:06:58.203668+00:00,04_vlm_polymer_bigvlm,6,6,4.2,5.8,60.43,42.61,NVIDIA GeForce RTX 4090,49,169.98,33,6098.1,24564.0,
2026-09-07T18:07:08.215342+00:00,04_vlm_polymer_bigvlm,6,6,4.2,5.82,60.43,42.61,NVIDIA GeForce RTX 4090,49,179.22,94,6098.1,24564.0,
2026-09-07T18:07:18.226200+00:00,04_vlm_polymer_bigvlm,6,6,4.2,5.81,60.43,42.61,NVIDIA GeForce RTX 4090,49,169.85,35,6098.1,24564.0,
2026-09-07T18:07:28.237741+00:00,04_vlm_polymer_bigvlm,6,6,4.2,5.84,60.43,42.61,NVIDIA GeForce RTX 4090,49,178.47,35,6098.1,24564.0,
2026-09-07T18:07:38.249608+00:00,04_vlm_polymer_bigvlm,6,6,4.2,5.83,60.43,42.61,NVIDIA GeForce RTX 4090,49,177.95,55,6098.1,24564.0,
2026-09-07T18:07:48.260500+00:00,04_vlm_polymer_bigvlm,6,6,4.2,5.83,60.43,42.61,NVIDIA GeForce RTX 4090,49,170.53,78,6098.1,24564.0,
2026-09-07T18:07:58.272650+00:00,04_vlm_polymer_bigvlm,6,6,4.2,5.81,60.43,42.61,NVIDIA GeForce RTX 4090,48,180.62,29,6098.1,24564.0,
2026-09-07T18:08:08.284919+00:00,04_vlm_polymer_bigvlm,6,6,4.2,5.82,60.43,42.61,NVIDIA GeForce RTX 4090,49,177.62,48,6098.1,24564.0,
2026-09-07T18:08:18.295908+00:00,04_vlm_polymer_bigvlm,6,6,4.2,5.81,60.43,42.61,NVIDIA GeForce RTX 4090,49,176.19,52,6098.1,24564.0,
2026-09-07T18:08:28.307755+00:00,04_vlm_polymer_bigvlm,6,6,4.2,5.81,60.43,42.61,NVIDIA GeForce RTX 4090,47,177.24,83,6098.1,24564.0,
2026-09-07T18:08:38.320934+00:00,04_vlm_polymer_bigvlm,6,6,4.2,5.82,60.43,42.61,NVIDIA GeForce RTX 4090,49,179.36,49,6098.1,24564.0,
2026-09-07T18:08:48.332569+00:00,04_vlm_polymer_bigvlm,6,6,4.2,5.83,60.43,42.61,NVIDIA GeForce RTX 4090,48,153.51,63,6098.1,24564.0,
2026-09-07T18:08:58.344091+00:00,04_vlm_polymer_bigvlm,6,6,4.2,5.85,60.43,42.61,NVIDIA GeForce RTX 4090,47,151.44,63,6098.1,24564.0,
2026-09-07T18:09:08.355060+00:00,04_vlm_polymer_bigvlm,6,6,4.0,5.83,60.43,42.61,NVIDIA GeForce RTX 4090,46,172.35,70,6098.1,24564.0,
2026-09-07T18:09:18.366785+00:00,04_vlm_polymer_bigvlm,6,6,4.2,5.82,60.43,42.61,NVIDIA GeForce RTX 4090,49,179.08,97,6098.1,24564.0,
2026-09-07T18:09:28.377847+00:00,04_vlm_polymer_bigvlm,6,6,4.2,5.84,60.43,42.61,NVIDIA GeForce RTX 4090,46,169.77,78,6098.1,24564.0,
2026-09-07T18:09:38.389769+00:00,04_vlm_polymer_bigvlm,6,6,4.2,5.83,60.43,42.61,NVIDIA GeForce RTX 4090,49,174.82,36,6098.1,24564.0,
2026-09-07T18:09:48.402074+00:00,04_vlm_polymer_bigvlm,6,6,4.2,5.84,60.43,42.61,NVIDIA GeForce RTX 4090,48,177.45,50,6098.1,24564.0,
2026-09-07T18:09:58.415029+00:00,04_vlm_polymer_bigvlm,6,6,4.2,5.82,60.43,42.61,NVIDIA GeForce RTX 4090,47,173.35,53,6098.1,24564.0,
2026-09-07T18:10:08.428001+00:00,04_vlm_polymer_bigvlm,6,6,4.2,5.83,60.43,42.61,NVIDIA GeForce RTX 4090,49,173.54,31,6098.1,24564.0,
2026-09-07T18:10:18.439239+00:00,04_vlm_polymer_bigvlm,6,6,4.2,5.85,60.43,42.61,NVIDIA GeForce RTX 4090,49,173.01,78,6098.1,24564.0,
2026-09-07T18:10:28.451375+00:00,04_vlm_polymer_bigvlm,6,6,4.2,5.85,60.43,42.61,NVIDIA GeForce RTX 4090,49,178.66,97,6098.1,24564.0,
2026-09-07T18:10:38.463651+00:00,04_vlm_polymer_bigvlm,6,6,4.2,5.83,60.43,42.61,NVIDIA GeForce RTX 4090,48,176.26,97,6098.1,24564.0,
2026-09-07T18:10:48.476059+00:00,04_vlm_polymer_bigvlm,6,6,4.2,5.82,60.43,42.61,NVIDIA GeForce RTX 4090,46,182.11,67,6098.1,24564.0,
2026-09-07T18:10:58.487018+00:00,04_vlm_polymer_bigvlm,6,6,4.2,5.82,60.43,42.61,NVIDIA GeForce RTX 4090,48,181.11,96,6098.1,24564.0,
2026-09-07T18:11:08.498819+00:00,04_vlm_polymer_bigvlm,6,6,4.2,5.82,60.43,42.61,NVIDIA GeForce RTX 4090,50,177.52,45,6098.1,24564.0,
2026-09-07T18:11:18.509842+00:00,04_vlm_polymer_bigvlm,6,6,4.2,5.84,60.43,42.61,NVIDIA GeForce RTX 4090,49,183.42,88,6098.1,24564.0,
2026-09-07T18:11:28.521854+00:00,04_vlm_polymer_bigvlm,6,6,4.2,5.82,60.43,42.61,NVIDIA GeForce RTX 4090,49,183.33,64,6098.1,24564.0,
2026-09-07T18:11:38.533549+00:00,04_vlm_polymer_bigvlm,6,6,4.2,5.83,60.43,42.61,NVIDIA GeForce RTX 4090,50,174.24,54,6098.1,24564.0,
2026-09-07T18:11:48.545183+00:00,04_vlm_polymer_bigvlm,6,6,4.2,5.86,60.43,42.61,NVIDIA GeForce RTX 4090,49,180.23,92,6098.1,24564.0,
2026-09-07T18:11:58.556297+00:00,04_vlm_polymer_bigvlm,6,6,4.2,5.85,60.43,42.61,NVIDIA GeForce RTX 4090,49,179.04,46,6098.1,24564.0,
2026-09-07T18:12:08.568243+00:00,04_vlm_polymer_bigvlm,6,6,4.2,5.84,60.43,42.61,NVIDIA GeForce RTX 4090,47,149.55,41,6098.1,24564.0,
2026-09-07T18:12:18.579747+00:00,04_vlm_polymer_bigvlm,6,6,3.7,5.83,60.43,42.61,NVIDIA GeForce RTX 4090,43,73.88,0,5788.1,24564.0,
2026-09-07T18:12:28.590659+00:00,04_vlm_polymer_bigvlm,6,6,3.9,5.86,60.43,42.61,NVIDIA GeForce RTX 4090,47,155.68,47,9958.1,24564.0,
2026-09-07T18:12:38.602929+00:00,04_vlm_polymer_bigvlm,7,7,3.5,4.88,60.43,42.61,NVIDIA GeForce RTX 4090,41,53.81,0,628.8,24564.0,
2026-09-07T18:12:48.614058+00:00,04_vlm_polymer_bigvlm,7,7,4.0,5.78,60.43,42.61,NVIDIA GeForce RTX 4090,48,176.2,74,6098.1,24564.0,
2026-09-07T18:12:58.625898+00:00,04_vlm_polymer_bigvlm,7,7,4.2,5.79,60.43,42.61,NVIDIA GeForce RTX 4090,48,177.54,53,6098.1,24564.0,
2026-09-07T18:13:08.636853+00:00,04_vlm_polymer_bigvlm,7,7,4.2,5.78,60.43,42.61,NVIDIA GeForce RTX 4090,45,179.91,89,6098.1,24564.0,
2026-09-07T18:13:18.649296+00:00,04_vlm_polymer_bigvlm,7,7,4.2,5.77,60.43,42.61,NVIDIA GeForce RTX 4090,45,178.94,79,6098.1,24564.0,
2026-09-07T18:13:28.660164+00:00,04_vlm_polymer_bigvlm,7,7,4.2,5.76,60.43,42.61,NVIDIA GeForce RTX 4090,48,179.2,44,6098.1,24564.0,
2026-09-07T18:13:38.672202+00:00,04_vlm_polymer_bigvlm,7,7,4.2,5.77,60.43,42.61,NVIDIA GeForce RTX 4090,47,194.5,93,6098.1,24564.0,
2026-09-07T18:13:48.683003+00:00,04_vlm_polymer_bigvlm,7,7,4.2,5.77,60.43,42.61,NVIDIA GeForce RTX 4090,49,182.92,72,6098.1,24564.0,
2026-09-07T18:13:58.694060+00:00,04_vlm_polymer_bigvlm,7,7,4.2,5.77,60.43,42.61,NVIDIA GeForce RTX 4090,48,177.35,49,6098.1,24564.0,
2026-09-07T18:14:08.706315+00:00,04_vlm_polymer_bigvlm,7,7,4.2,5.76,60.43,42.61,NVIDIA GeForce RTX 4090,46,183.16,97,6098.1,24564.0,
2026-09-07T18:14:18.717976+00:00,04_vlm_polymer_bigvlm,7,7,4.2,5.76,60.43,42.61,NVIDIA GeForce RTX 4090,49,183.55,42,6098.1,24564.0,
2026-09-07T18:14:28.729877+00:00,04_vlm_polymer_bigvlm,7,7,4.2,5.76,60.43,42.61,NVIDIA GeForce RTX 4090,49,181.66,57,6098.1,24564.0,
2026-09-07T18:14:38.741359+00:00,04_vlm_polymer_bigvlm,7,7,4.2,5.77,60.43,42.61,NVIDIA GeForce RTX 4090,46,172.67,72,6098.1,24564.0,
2026-09-07T18:14:48.753095+00:00,04_vlm_polymer_bigvlm,7,7,4.2,5.78,60.43,42.61,NVIDIA GeForce RTX 4090,48,181.14,69,6098.1,24564.0,
2026-09-07T18:14:58.765084+00:00,04_vlm_polymer_bigvlm,7,7,4.2,5.77,60.43,42.61,NVIDIA GeForce RTX 4090,48,180.16,67,6098.1,24564.0,
2026-09-07T18:15:08.775933+00:00,04_vlm_polymer_bigvlm,7,7,4.2,5.76,60.43,42.61,NVIDIA GeForce RTX 4090,49,178.88,80,6098.1,24564.0,
2026-09-07T18:15:18.788333+00:00,04_vlm_polymer_bigvlm,7,7,4.2,5.78,60.43,42.61,NVIDIA GeForce RTX 4090,50,171.02,57,6098.1,24564.0,
2026-09-07T18:15:28.800332+00:00,04_vlm_polymer_bigvlm,7,7,4.2,5.79,60.43,42.61,NVIDIA GeForce RTX 4090,46,177.91,46,6098.1,24564.0,
2026-09-07T18:15:38.811111+00:00,04_vlm_polymer_bigvlm,7,7,4.2,5.85,60.43,42.61,NVIDIA GeForce RTX 4090,47,156.24,46,6098.1,24564.0,
2026-09-07T18:15:48.823250+00:00,04_vlm_polymer_bigvlm,7,7,4.2,5.84,60.43,42.61,NVIDIA GeForce RTX 4090,47,159.47,49,6098.1,24564.0,
2026-09-07T18:15:58.835328+00:00,04_vlm_polymer_bigvlm,7,7,4.0,5.85,60.43,42.57,NVIDIA GeForce RTX 4090,46,183.04,40,6098.1,24564.0,
2026-09-07T18:16:08.846199+00:00,04_vlm_polymer_bigvlm,7,7,4.2,5.86,60.43,42.57,NVIDIA GeForce RTX 4090,49,182.53,61,6098.1,24564.0,
2026-09-07T18:16:18.858021+00:00,04_vlm_polymer_bigvlm,7,7,4.2,5.86,60.43,42.57,NVIDIA GeForce RTX 4090,46,176.31,49,6098.1,24564.0,
2026-09-07T18:16:28.869760+00:00,04_vlm_polymer_bigvlm,7,7,4.2,5.86,60.43,42.57,NVIDIA GeForce RTX 4090,49,189.75,83,6098.1,24564.0,
2026-09-07T18:16:38.880689+00:00,04_vlm_polymer_bigvlm,7,7,4.2,5.88,60.43,42.57,NVIDIA GeForce RTX 4090,47,177.54,42,6098.1,24564.0,
2026-09-07T18:16:48.892565+00:00,04_vlm_polymer_bigvlm,7,7,4.2,5.86,60.43,42.57,NVIDIA GeForce RTX 4090,49,179.94,55,6098.1,24564.0,
2026-09-07T18:16:58.904176+00:00,04_vlm_polymer_bigvlm,7,7,4.2,5.88,60.43,42.57,NVIDIA GeForce RTX 4090,48,181.29,70,6098.1,24564.0,
2026-09-07T18:17:08.915489+00:00,04_vlm_polymer_bigvlm,7,7,4.2,5.88,60.43,42.57,NVIDIA GeForce RTX 4090,49,182.56,50,6098.1,24564.0,
2026-09-07T18:17:18.927921+00:00,04_vlm_polymer_bigvlm,7,7,4.2,5.89,60.43,42.57,NVIDIA GeForce RTX 4090,49,175.31,57,6098.1,24564.0,
2026-09-07T18:17:28.939528+00:00,04_vlm_polymer_bigvlm,7,7,4.2,5.89,60.43,42.57,NVIDIA GeForce RTX 4090,48,182.23,95,6098.1,24564.0,
2026-09-07T18:17:38.951210+00:00,04_vlm_polymer_bigvlm,7,7,4.2,5.88,60.43,42.57,NVIDIA GeForce RTX 4090,49,177.22,68,6098.1,24564.0,
2026-09-07T18:17:48.963720+00:00,04_vlm_polymer_bigvlm,7,7,4.2,5.85,60.43,42.57,NVIDIA GeForce RTX 4090,49,181.07,41,6098.1,24564.0,
2026-09-07T18:17:58.975377+00:00,04_vlm_polymer_bigvlm,7,7,4.2,5.85,60.43,42.57,NVIDIA GeForce RTX 4090,49,180.08,38,6098.1,24564.0,
2026-09-07T18:18:08.986308+00:00,04_vlm_polymer_bigvlm,7,7,4.2,5.84,60.43,42.57,NVIDIA GeForce RTX 4090,50,189.93,66,6098.1,24564.0,
2026-09-07T18:18:18.997309+00:00,04_vlm_polymer_bigvlm,7,7,4.2,5.85,60.43,42.57,NVIDIA GeForce RTX 4090,47,182.97,96,6098.1,24564.0,
2026-09-07T18:18:29.009310+00:00,04_vlm_polymer_bigvlm,7,7,4.2,5.86,60.43,42.57,NVIDIA GeForce RTX 4090,48,189.34,96,6098.1,24564.0,
2026-09-07T18:18:39.020390+00:00,04_vlm_polymer_bigvlm,7,7,4.2,5.86,60.43,42.57,NVIDIA GeForce RTX 4090,49,185.6,93,6098.1,24564.0,
2026-09-07T18:18:49.031319+00:00,04_vlm_polymer_bigvlm,7,7,4.2,5.85,60.43,42.57,NVIDIA GeForce RTX 4090,49,158.54,56,6098.1,24564.0,
2026-09-07T18:18:59.043468+00:00,04_vlm_polymer_bigvlm,7,7,4.2,5.84,60.43,42.57,NVIDIA GeForce RTX 4090,46,161.7,66,6098.1,24564.0,
2026-09-07T18:19:09.054791+00:00,04_vlm_polymer_bigvlm,7,7,4.0,5.84,60.43,42.57,NVIDIA GeForce RTX 4090,49,178.34,49,6098.1,24564.0,
2026-09-07T18:19:19.067251+00:00,04_vlm_polymer_bigvlm,7,7,4.2,5.85,60.43,42.57,NVIDIA GeForce RTX 4090,50,172.18,97,6098.1,24564.0,
2026-09-07T18:19:29.079102+00:00,04_vlm_polymer_bigvlm,7,7,4.2,5.85,60.43,42.57,NVIDIA GeForce RTX 4090,48,184.78,60,6098.1,24564.0,
2026-09-07T18:19:39.091113+00:00,04_vlm_polymer_bigvlm,7,7,4.2,5.85,60.43,42.57,NVIDIA GeForce RTX 4090,49,180.44,45,6098.1,24564.0,
2026-09-07T18:19:49.103033+00:00,04_vlm_polymer_bigvlm,7,7,4.2,5.85,60.43,42.57,NVIDIA GeForce RTX 4090,50,184.57,70,6098.1,24564.0,
2026-09-07T18:19:59.115146+00:00,04_vlm_polymer_bigvlm,7,7,4.2,5.85,60.43,42.57,NVIDIA GeForce RTX 4090,50,184.49,66,6098.1,24564.0,
2026-09-07T18:20:09.126786+00:00,04_vlm_polymer_bigvlm,7,7,4.2,5.85,60.43,42.57,NVIDIA GeForce RTX 4090,50,179.47,62,6098.1,24564.0,
2026-09-07T18:20:19.138525+00:00,04_vlm_polymer_bigvlm,7,7,4.2,5.83,60.43,42.57,NVIDIA GeForce RTX 4090,47,181.22,56,6098.1,24564.0,
2026-09-07T18:20:29.149474+00:00,04_vlm_polymer_bigvlm,7,7,4.2,5.87,60.43,42.57,NVIDIA GeForce RTX 4090,50,187.75,52,6098.1,24564.0,
2026-09-07T18:20:39.160855+00:00,04_vlm_polymer_bigvlm,7,7,4.2,5.85,60.43,42.57,NVIDIA GeForce RTX 4090,47,179.59,75,6098.1,24564.0,
2026-09-07T18:20:49.172690+00:00,04_vlm_polymer_bigvlm,7,7,4.2,5.83,60.43,42.57,NVIDIA GeForce RTX 4090,49,179.3,65,6098.1,24564.0,
2026-09-07T18:20:59.184769+00:00,04_vlm_polymer_bigvlm,7,7,4.2,5.88,60.43,42.57,NVIDIA GeForce RTX 4090,48,184.33,67,6098.1,24564.0,
2026-09-07T18:21:09.196333+00:00,04_vlm_polymer_bigvlm,7,7,4.2,5.89,60.43,42.57,NVIDIA GeForce RTX 4090,49,179.28,72,6098.1,24564.0,
2026-09-07T18:21:19.208174+00:00,04_vlm_polymer_bigvlm,7,7,4.2,5.88,60.43,42.57,NVIDIA GeForce RTX 4090,49,178.46,78,6098.1,24564.0,
2026-09-07T18:21:29.218910+00:00,04_vlm_polymer_bigvlm,7,7,4.2,5.87,60.43,42.57,NVIDIA GeForce RTX 4090,50,185.53,91,6098.1,24564.0,
2026-09-07T18:21:39.230336+00:00,04_vlm_polymer_bigvlm,7,7,4.2,5.86,60.43,42.57,NVIDIA GeForce RTX 4090,49,186.07,82,6098.1,24564.0,
2026-09-07T18:21:49.241350+00:00,04_vlm_polymer_bigvlm,7,7,4.2,5.86,60.43,42.57,NVIDIA GeForce RTX 4090,47,180.13,77,6098.1,24564.0,
2026-09-07T18:21:59.253061+00:00,04_vlm_polymer_bigvlm,7,7,4.2,5.86,60.43,42.57,NVIDIA GeForce RTX 4090,48,157.41,43,6098.1,24564.0,
2026-09-07T18:22:09.265028+00:00,04_vlm_polymer_bigvlm,7,7,4.0,5.86,60.43,42.57,NVIDIA GeForce RTX 4090,50,183.44,71,6098.1,24564.0,
2026-09-07T18:22:19.275858+00:00,04_vlm_polymer_bigvlm,7,7,4.2,5.86,60.43,42.57,NVIDIA GeForce RTX 4090,50,184.51,50,6098.1,24564.0,
2026-09-07T18:22:29.286836+00:00,04_vlm_polymer_bigvlm,7,7,4.2,5.88,60.43,42.57,NVIDIA GeForce RTX 4090,46,179.92,79,6098.1,24564.0,
2026-09-07T18:22:39.298376+00:00,04_vlm_polymer_bigvlm,7,7,4.2,5.88,60.43,42.57,NVIDIA GeForce RTX 4090,50,180.69,72,6098.1,24564.0,
2026-09-07T18:22:49.310158+00:00,04_vlm_polymer_bigvlm,7,7,4.2,5.86,60.43,42.57,NVIDIA GeForce RTX 4090,49,181.94,59,6098.1,24564.0,
2026-09-07T18:22:59.321134+00:00,04_vlm_polymer_bigvlm,7,7,4.2,5.85,60.43,42.57,NVIDIA GeForce RTX 4090,49,183.38,53,6098.1,24564.0,
2026-09-07T18:23:09.332827+00:00,04_vlm_polymer_bigvlm,7,7,4.2,5.85,60.43,42.57,NVIDIA GeForce RTX 4090,47,187.73,80,6098.1,24564.0,
2026-09-07T18:23:19.343519+00:00,04_vlm_polymer_bigvlm,7,7,4.2,5.87,60.43,42.57,NVIDIA GeForce RTX 4090,49,179.68,57,6098.1,24564.0,
2026-09-07T18:23:29.355356+00:00,04_vlm_polymer_bigvlm,7,7,4.2,5.87,60.43,42.57,NVIDIA GeForce RTX 4090,47,184.75,66,6103.6,24564.0,
2026-09-07T18:23:39.367079+00:00,04_vlm_polymer_bigvlm,7,7,4.2,5.88,60.43,42.57,NVIDIA GeForce RTX 4090,50,177.86,97,6103.6,24564.0,
2026-09-07T18:23:49.378523+00:00,04_vlm_polymer_bigvlm,7,7,4.2,5.89,60.43,42.57,NVIDIA GeForce RTX 4090,50,184.76,69,6103.6,24564.0,
2026-09-07T18:23:59.389617+00:00,04_vlm_polymer_bigvlm,7,7,4.2,5.88,60.43,42.57,NVIDIA GeForce RTX 4090,49,185.77,50,6103.6,24564.0,
2026-09-07T18:24:09.401268+00:00,04_vlm_polymer_bigvlm,7,7,4.2,5.88,60.43,42.57,NVIDIA GeForce RTX 4090,49,183.21,52,6103.6,24564.0,
2026-09-07T18:24:19.413674+00:00,04_vlm_polymer_bigvlm,7,7,4.2,5.89,60.43,42.57,NVIDIA GeForce RTX 4090,48,187.5,97,6103.6,24564.0,
2026-09-07T18:24:29.425251+00:00,04_vlm_polymer_bigvlm,7,7,4.2,5.89,60.43,42.57,NVIDIA GeForce RTX 4090,47,171.57,57,6103.6,24564.0,
2026-09-07T18:24:39.437022+00:00,04_vlm_polymer_bigvlm,7,7,4.2,5.91,60.43,42.57,NVIDIA GeForce RTX 4090,49,177.71,49,6103.6,24564.0,
2026-09-07T18:24:49.448397+00:00,04_vlm_polymer_bigvlm,7,7,4.2,5.86,60.43,42.57,NVIDIA GeForce RTX 4090,47,177.99,75,6103.6,24564.0,
2026-09-07T18:24:59.460421+00:00,04_vlm_polymer_bigvlm,7,7,4.2,5.86,60.43,42.57,NVIDIA GeForce RTX 4090,48,160.86,54,6103.6,24564.0,
2026-09-07T18:25:09.472561+00:00,04_vlm_polymer_bigvlm,7,7,4.2,5.85,60.43,42.57,NVIDIA GeForce RTX 4090,48,158.54,60,6103.6,24564.0,
2026-09-07T18:25:19.484388+00:00,04_vlm_polymer_bigvlm,7,7,4.1,5.89,60.43,42.57,NVIDIA GeForce RTX 4090,50,181.91,41,6103.6,24564.0,
2026-09-07T18:25:29.497093+00:00,04_vlm_polymer_bigvlm,7,7,4.2,5.88,60.43,42.57,NVIDIA GeForce RTX 4090,50,183.43,80,6103.6,24564.0,
2026-09-07T18:25:39.509758+00:00,04_vlm_polymer_bigvlm,7,7,4.2,5.88,60.43,42.57,NVIDIA GeForce RTX 4090,49,183.34,96,6103.6,24564.0,
2026-09-07T18:25:49.521467+00:00,04_vlm_polymer_bigvlm,7,7,4.2,5.88,60.43,42.57,NVIDIA GeForce RTX 4090,47,182.89,57,6103.6,24564.0,
2026-09-07T18:25:59.533285+00:00,04_vlm_polymer_bigvlm,7,7,4.2,5.85,60.43,42.57,NVIDIA GeForce RTX 4090,50,184.82,62,6103.6,24564.0,
2026-09-07T18:26:09.544334+00:00,04_vlm_polymer_bigvlm,7,7,4.2,5.87,60.43,42.57,NVIDIA GeForce RTX 4090,47,177.88,62,6103.6,24564.0,
2026-09-07T18:26:19.555891+00:00,04_vlm_polymer_bigvlm,7,7,4.2,5.87,60.43,42.57,NVIDIA GeForce RTX 4090,49,185.44,96,6103.6,24564.0,
2026-09-07T18:26:29.568200+00:00,04_vlm_polymer_bigvlm,7,7,4.2,5.84,60.43,42.57,NVIDIA GeForce RTX 4090,49,186.35,87,6103.6,24564.0,
2026-09-07T18:26:39.579708+00:00,04_vlm_polymer_bigvlm,7,7,4.2,5.86,60.43,42.57,NVIDIA GeForce RTX 4090,49,182.68,88,6103.6,24564.0,
2026-09-07T18:26:49.590799+00:00,04_vlm_polymer_bigvlm,7,7,4.2,5.85,60.43,42.57,NVIDIA GeForce RTX 4090,49,179.68,52,6103.6,24564.0,
2026-09-07T18:26:59.602573+00:00,04_vlm_polymer_bigvlm,7,7,4.2,5.85,60.43,42.57,NVIDIA GeForce RTX 4090,50,179.12,51,6103.6,24564.0,
2026-09-07T18:27:09.614534+00:00,04_vlm_polymer_bigvlm,7,7,4.2,5.84,60.43,42.57,NVIDIA GeForce RTX 4090,49,184.37,43,6103.6,24564.0,
2026-09-07T18:27:19.626881+00:00,04_vlm_polymer_bigvlm,7,7,4.2,5.86,60.43,42.57,NVIDIA GeForce RTX 4090,49,180.87,55,6103.6,24564.0,
2026-09-07T18:27:29.640347+00:00,04_vlm_polymer_bigvlm,7,7,4.2,5.89,60.43,42.57,NVIDIA GeForce RTX 4090,48,178.7,96,6103.6,24564.0,
2026-09-07T18:27:39.652016+00:00,04_vlm_polymer_bigvlm,7,7,4.2,5.87,60.43,42.57,NVIDIA GeForce RTX 4090,49,179.33,90,6103.6,24564.0,
2026-09-07T18:27:49.664163+00:00,04_vlm_polymer_bigvlm,7,7,4.2,5.83,60.43,42.57,NVIDIA GeForce RTX 4090,49,183.39,42,6103.6,24564.0,
2026-09-07T18:27:59.676686+00:00,04_vlm_polymer_bigvlm,7,7,4.2,5.84,60.43,42.57,NVIDIA GeForce RTX 4090,50,175.62,69,6103.6,24564.0,
2026-09-07T18:28:09.688562+00:00,04_vlm_polymer_bigvlm,7,7,4.2,5.84,60.43,42.57,NVIDIA GeForce RTX 4090,46,156.85,67,6103.6,24564.0,
2026-09-07T18:28:19.700565+00:00,04_vlm_polymer_bigvlm,7,7,4.2,5.83,60.43,42.57,NVIDIA GeForce RTX 4090,49,159.88,47,6103.6,24564.0,
2026-09-07T18:28:29.711532+00:00,04_vlm_polymer_bigvlm,7,7,4.0,5.84,60.43,42.57,NVIDIA GeForce RTX 4090,48,184.78,90,6103.6,24564.0,
2026-09-07T18:28:39.722549+00:00,04_vlm_polymer_bigvlm,7,7,4.2,5.84,60.43,42.57,NVIDIA GeForce RTX 4090,47,182.3,88,6103.6,24564.0,
2026-09-07T18:28:49.734827+00:00,04_vlm_polymer_bigvlm,7,7,4.2,5.84,60.43,42.57,NVIDIA GeForce RTX 4090,47,182.19,96,6103.6,24564.0,
2026-09-07T18:28:59.747109+00:00,04_vlm_polymer_bigvlm,7,7,4.2,5.86,60.43,42.57,NVIDIA GeForce RTX 4090,50,187.05,73,6103.6,24564.0,
2026-09-07T18:29:09.759781+00:00,04_vlm_polymer_bigvlm,7,7,4.2,5.87,60.43,42.57,NVIDIA GeForce RTX 4090,50,183.46,51,6103.6,24564.0,
2026-09-07T18:29:19.771170+00:00,04_vlm_polymer_bigvlm,7,7,4.2,5.87,60.43,42.57,NVIDIA GeForce RTX 4090,49,182.01,59,6103.6,24564.0,
2026-09-07T18:29:29.783556+00:00,04_vlm_polymer_bigvlm,7,7,4.2,5.86,60.43,42.57,NVIDIA GeForce RTX 4090,47,182.99,96,6103.6,24564.0,
2026-09-07T18:29:39.796068+00:00,04_vlm_polymer_bigvlm,7,7,4.2,5.86,60.43,42.57,NVIDIA GeForce RTX 4090,49,175.23,42,6103.6,24564.0,
2026-09-07T18:29:49.808164+00:00,04_vlm_polymer_bigvlm,7,7,4.2,5.85,60.43,42.57,NVIDIA GeForce RTX 4090,49,183.96,85,6103.6,24564.0,
2026-09-07T18:29:59.819629+00:00,04_vlm_polymer_bigvlm,7,7,4.2,5.85,60.43,42.57,NVIDIA GeForce RTX 4090,49,179.95,85,6103.6,24564.0,
2026-09-07T18:30:09.831998+00:00,04_vlm_polymer_bigvlm,7,7,4.2,5.84,60.43,42.57,NVIDIA GeForce RTX 4090,49,179.21,54,6103.6,24564.0,
2026-09-07T18:30:19.844082+00:00,04_vlm_polymer_bigvlm,7,7,4.2,5.85,60.43,42.57,NVIDIA GeForce RTX 4090,47,180.38,48,6103.6,24564.0,
2026-09-07T18:30:29.856093+00:00,04_vlm_polymer_bigvlm,7,7,4.2,5.85,60.43,42.57,NVIDIA GeForce RTX 4090,48,179.7,50,6103.6,24564.0,
2026-09-07T18:30:39.867134+00:00,04_vlm_polymer_bigvlm,7,7,4.2,5.85,60.43,42.57,NVIDIA GeForce RTX 4090,47,179.43,43,6103.6,24564.0,
2026-09-07T18:30:49.878944+00:00,04_vlm_polymer_bigvlm,7,7,4.2,5.84,60.43,42.57,NVIDIA GeForce RTX 4090,50,179.96,92,6103.6,24564.0,
2026-09-07T18:30:59.891006+00:00,04_vlm_polymer_bigvlm,7,7,4.2,5.84,60.43,42.57,NVIDIA GeForce RTX 4090,47,175.8,57,6103.6,24564.0,
2026-09-07T18:31:09.902582+00:00,04_vlm_polymer_bigvlm,7,7,4.2,5.84,60.43,42.57,NVIDIA GeForce RTX 4090,47,175.88,63,6103.6,24564.0,
2026-09-07T18:31:19.914775+00:00,04_vlm_polymer_bigvlm,7,7,4.2,5.84,60.43,42.57,NVIDIA GeForce RTX 4090,49,158.26,50,6103.6,24564.0,
2026-09-07T18:31:29.926450+00:00,04_vlm_polymer_bigvlm,7,7,4.2,5.83,60.43,42.57,NVIDIA GeForce RTX 4090,48,158.02,66,6103.6,24564.0,
2026-09-07T18:31:39.938184+00:00,04_vlm_polymer_bigvlm,7,7,3.2,5.88,60.43,42.57,NVIDIA GeForce RTX 4090,46,156.98,57,9963.6,24564.0,
2026-09-07T18:31:49.949314+00:00,,,,4.2,4.66,60.43,42.57,NVIDIA GeForce RTX 4090,43,95.94,0,634.3,24564.0,
2026-09-07T18:31:59.959643+00:00,04_vlm_polymer_bigvlm,8,8,3.4,5.77,60.43,42.57,NVIDIA GeForce RTX 4090,48,177.75,77,6103.6,24564.0,
2026-09-07T18:32:09.971914+00:00,04_vlm_polymer_bigvlm,8,8,4.2,5.78,60.43,42.57,NVIDIA GeForce RTX 4090,48,180.77,45,6103.6,24564.0,
2026-09-07T18:32:19.982509+00:00,04_vlm_polymer_bigvlm,8,8,4.2,5.84,60.43,42.57,NVIDIA GeForce RTX 4090,48,176.12,53,6103.6,24564.0,
2026-09-07T18:32:29.994624+00:00,04_vlm_polymer_bigvlm,8,8,4.2,5.8,60.43,42.57,NVIDIA GeForce RTX 4090,46,173.57,83,6103.6,24564.0,
2026-09-07T18:32:40.006624+00:00,04_vlm_polymer_bigvlm,8,8,4.2,5.78,60.43,42.57,NVIDIA GeForce RTX 4090,49,185.02,71,6103.6,24564.0,
2026-09-07T18:32:50.018136+00:00,04_vlm_polymer_bigvlm,8,8,4.2,5.76,60.43,42.57,NVIDIA GeForce RTX 4090,49,183.84,60,6103.6,24564.0,
2026-09-07T18:33:00.029942+00:00,04_vlm_polymer_bigvlm,8,8,4.2,5.77,60.43,42.57,NVIDIA GeForce RTX 4090,46,182.2,81,6103.6,24564.0,
2026-09-07T18:33:10.040876+00:00,04_vlm_polymer_bigvlm,8,8,4.2,5.76,60.43,42.57,NVIDIA GeForce RTX 4090,49,178.66,53,6103.6,24564.0,
2026-09-07T18:33:20.052405+00:00,04_vlm_polymer_bigvlm,8,8,4.2,5.76,60.43,42.57,NVIDIA GeForce RTX 4090,49,180.2,56,6103.6,24564.0,
2026-09-07T18:33:30.064138+00:00,04_vlm_polymer_bigvlm,8,8,4.2,5.75,60.43,42.57,NVIDIA GeForce RTX 4090,50,180.28,53,6103.6,24564.0,
2026-09-07T18:33:40.075089+00:00,04_vlm_polymer_bigvlm,8,8,4.2,5.74,60.43,42.57,NVIDIA GeForce RTX 4090,50,186.6,51,6103.6,24564.0,
2026-09-07T18:33:50.086193+00:00,04_vlm_polymer_bigvlm,8,8,4.2,5.75,60.43,42.57,NVIDIA GeForce RTX 4090,50,177.35,97,6103.6,24564.0,
2026-09-07T18:34:00.097929+00:00,04_vlm_polymer_bigvlm,8,8,4.2,5.76,60.43,42.57,NVIDIA GeForce RTX 4090,49,181.05,49,6098.1,24564.0,
2026-09-07T18:34:10.109831+00:00,04_vlm_polymer_bigvlm,8,8,4.2,5.74,60.43,42.57,NVIDIA GeForce RTX 4090,49,182.54,48,6098.1,24564.0,
2026-09-07T18:34:20.120745+00:00,04_vlm_polymer_bigvlm,8,8,4.2,5.75,60.43,42.57,NVIDIA GeForce RTX 4090,48,181.06,52,6098.1,24564.0,
2026-09-07T18:34:30.132772+00:00,04_vlm_polymer_bigvlm,8,8,4.2,5.74,60.43,42.57,NVIDIA GeForce RTX 4090,49,182.59,75,6098.1,24564.0,
2026-09-07T18:34:40.145012+00:00,04_vlm_polymer_bigvlm,8,8,4.3,5.79,60.43,42.57,NVIDIA GeForce RTX 4090,48,183.51,89,6098.1,24564.0,
2026-09-07T18:34:50.156014+00:00,04_vlm_polymer_bigvlm,8,8,4.2,5.84,60.43,42.57,NVIDIA GeForce RTX 4090,49,157.98,68,6098.1,24564.0,
2026-09-07T18:35:00.167612+00:00,04_vlm_polymer_bigvlm,8,8,4.2,5.84,60.43,42.57,NVIDIA GeForce RTX 4090,49,164.57,57,6098.1,24564.0,
2026-09-07T18:35:10.178713+00:00,04_vlm_polymer_bigvlm,8,8,4.0,5.86,60.43,42.53,NVIDIA GeForce RTX 4090,48,178.89,44,6098.1,24564.0,
2026-09-07T18:35:20.189726+00:00,04_vlm_polymer_bigvlm,8,8,4.2,5.85,60.43,42.53,NVIDIA GeForce RTX 4090,47,178.99,58,6098.1,24564.0,
2026-09-07T18:35:30.200710+00:00,04_vlm_polymer_bigvlm,8,8,4.2,5.84,60.43,42.53,NVIDIA GeForce RTX 4090,49,178.73,54,6098.1,24564.0,
2026-09-07T18:35:40.213271+00:00,04_vlm_polymer_bigvlm,8,8,4.2,5.83,60.43,42.53,NVIDIA GeForce RTX 4090,49,174.72,85,6098.1,24564.0,
2026-09-07T18:35:50.225535+00:00,04_vlm_polymer_bigvlm,8,8,4.2,5.83,60.43,42.53,NVIDIA GeForce RTX 4090,46,174.53,70,6098.1,24564.0,
2026-09-07T18:36:00.237288+00:00,04_vlm_polymer_bigvlm,8,8,4.2,5.83,60.43,42.53,NVIDIA GeForce RTX 4090,47,178.76,67,6098.1,24564.0,
2026-09-07T18:36:10.249073+00:00,04_vlm_polymer_bigvlm,8,8,4.2,5.83,60.43,42.53,NVIDIA GeForce RTX 4090,46,173.11,50,6098.1,24564.0,
2026-09-07T18:36:20.260018+00:00,04_vlm_polymer_bigvlm,8,8,4.2,5.82,60.43,42.53,NVIDIA GeForce RTX 4090,50,179.01,96,6098.1,24564.0,
2026-09-07T18:36:30.271964+00:00,04_vlm_polymer_bigvlm,8,8,4.2,5.83,60.43,42.53,NVIDIA GeForce RTX 4090,49,178.72,37,6098.1,24564.0,
2026-09-07T18:36:40.283536+00:00,04_vlm_polymer_bigvlm,8,8,4.2,5.83,60.43,42.53,NVIDIA GeForce RTX 4090,50,183.3,85,6098.1,24564.0,
2026-09-07T18:36:50.294654+00:00,04_vlm_polymer_bigvlm,8,8,4.2,5.85,60.43,42.53,NVIDIA GeForce RTX 4090,47,170.97,39,6098.1,24564.0,
2026-09-07T18:37:00.307168+00:00,04_vlm_polymer_bigvlm,8,8,4.2,5.85,60.43,42.53,NVIDIA GeForce RTX 4090,47,189.15,76,6098.1,24564.0,
2026-09-07T18:37:10.319364+00:00,04_vlm_polymer_bigvlm,8,8,4.2,5.84,60.43,42.53,NVIDIA GeForce RTX 4090,49,176.0,47,6098.1,24564.0,
2026-09-07T18:37:20.330735+00:00,04_vlm_polymer_bigvlm,8,8,4.2,5.83,60.43,42.53,NVIDIA GeForce RTX 4090,48,177.97,92,6098.1,24564.0,
2026-09-07T18:37:30.342354+00:00,04_vlm_polymer_bigvlm,8,8,4.2,5.82,60.43,42.53,NVIDIA GeForce RTX 4090,49,174.1,56,6098.1,24564.0,
2026-09-07T18:37:40.354101+00:00,04_vlm_polymer_bigvlm,8,8,4.2,5.82,60.43,42.53,NVIDIA GeForce RTX 4090,49,180.78,49,6098.1,24564.0,
2026-09-07T18:37:50.365109+00:00,04_vlm_polymer_bigvlm,8,8,4.2,5.85,60.43,42.53,NVIDIA GeForce RTX 4090,48,179.89,97,6098.1,24564.0,
2026-09-07T18:38:00.377521+00:00,04_vlm_polymer_bigvlm,8,8,4.2,5.83,60.43,42.53,NVIDIA GeForce RTX 4090,46,155.05,46,6098.1,24564.0,
2026-09-07T18:38:10.389325+00:00,04_vlm_polymer_bigvlm,8,8,4.2,5.82,60.43,42.53,NVIDIA GeForce RTX 4090,48,158.37,52,6098.1,24564.0,
2026-09-07T18:38:20.400266+00:00,04_vlm_polymer_bigvlm,8,8,4.0,5.83,60.43,42.53,NVIDIA GeForce RTX 4090,48,181.9,50,6098.1,24564.0,
2026-09-07T18:38:30.412451+00:00,04_vlm_polymer_bigvlm,8,8,4.2,5.82,60.43,42.53,NVIDIA GeForce RTX 4090,49,181.98,47,6098.1,24564.0,
2026-09-07T18:38:40.424821+00:00,04_vlm_polymer_bigvlm,8,8,4.2,5.83,60.43,42.53,NVIDIA GeForce RTX 4090,48,176.73,43,6098.1,24564.0,
2026-09-07T18:38:50.436811+00:00,04_vlm_polymer_bigvlm,8,8,4.2,5.83,60.43,42.53,NVIDIA GeForce RTX 4090,50,177.35,96,6098.1,24564.0,
2026-09-07T18:39:00.447703+00:00,04_vlm_polymer_bigvlm,8,8,4.2,5.84,60.43,42.53,NVIDIA GeForce RTX 4090,48,182.77,96,6098.1,24564.0,
2026-09-07T18:39:10.459775+00:00,04_vlm_polymer_bigvlm,8,8,4.2,5.84,60.43,42.53,NVIDIA GeForce RTX 4090,49,179.4,85,6098.1,24564.0,
2026-09-07T18:39:20.471243+00:00,04_vlm_polymer_bigvlm,8,8,4.2,5.87,60.43,42.53,NVIDIA GeForce RTX 4090,47,182.64,97,6098.1,24564.0,
2026-09-07T18:39:30.483477+00:00,04_vlm_polymer_bigvlm,8,8,4.2,5.86,60.43,42.53,NVIDIA GeForce RTX 4090,49,171.69,57,6098.1,24564.0,
2026-09-07T18:39:40.495053+00:00,04_vlm_polymer_bigvlm,8,8,4.2,5.84,60.43,42.53,NVIDIA GeForce RTX 4090,51,190.62,47,6098.1,24564.0,
2026-09-07T18:39:50.507692+00:00,04_vlm_polymer_bigvlm,8,8,4.2,5.84,60.43,42.53,NVIDIA GeForce RTX 4090,49,173.62,49,6098.1,24564.0,
2026-09-07T18:40:00.520170+00:00,04_vlm_polymer_bigvlm,8,8,4.2,5.87,60.43,42.53,NVIDIA GeForce RTX 4090,47,178.87,67,6098.1,24564.0,
2026-09-07T18:40:10.531041+00:00,04_vlm_polymer_bigvlm,8,8,4.2,5.86,60.43,42.53,NVIDIA GeForce RTX 4090,48,181.62,52,6098.1,24564.0,
2026-09-07T18:40:20.542012+00:00,04_vlm_polymer_bigvlm,8,8,4.2,5.85,60.43,42.53,NVIDIA GeForce RTX 4090,48,176.95,38,6098.1,24564.0,
2026-09-07T18:40:30.552826+00:00,04_vlm_polymer_bigvlm,8,8,4.2,5.84,60.43,42.53,NVIDIA GeForce RTX 4090,47,180.5,59,6098.1,24564.0,
2026-09-07T18:40:40.564828+00:00,04_vlm_polymer_bigvlm,8,8,4.2,5.84,60.43,42.53,NVIDIA GeForce RTX 4090,49,180.34,42,6098.1,24564.0,
2026-09-07T18:40:50.575857+00:00,04_vlm_polymer_bigvlm,8,8,4.2,5.86,60.43,42.53,NVIDIA GeForce RTX 4090,49,177.79,48,6098.1,24564.0,
2026-09-07T18:41:00.586751+00:00,04_vlm_polymer_bigvlm,8,8,4.2,5.85,60.43,42.53,NVIDIA GeForce RTX 4090,47,180.2,83,6098.1,24564.0,
2026-09-07T18:41:10.598844+00:00,04_vlm_polymer_bigvlm,8,8,4.2,5.83,60.43,42.53,NVIDIA GeForce RTX 4090,46,157.42,65,6098.1,24564.0,
2026-09-07T18:41:20.610920+00:00,04_vlm_polymer_bigvlm,8,8,4.2,5.83,60.43,42.53,NVIDIA GeForce RTX 4090,46,154.92,67,6098.1,24564.0,
2026-09-07T18:41:30.622823+00:00,04_vlm_polymer_bigvlm,8,8,4.2,5.82,60.43,42.53,NVIDIA GeForce RTX 4090,47,183.2,97,6098.1,24564.0,
2026-09-07T18:41:40.634932+00:00,04_vlm_polymer_bigvlm,8,8,4.2,5.86,60.43,42.53,NVIDIA GeForce RTX 4090,48,176.45,42,6098.1,24564.0,
2026-09-07T18:41:50.646421+00:00,04_vlm_polymer_bigvlm,8,8,4.2,5.85,60.43,42.53,NVIDIA GeForce RTX 4090,47,176.05,93,6098.1,24564.0,
2026-09-07T18:42:00.658438+00:00,04_vlm_polymer_bigvlm,8,8,4.2,5.85,60.43,42.53,NVIDIA GeForce RTX 4090,49,174.75,55,6098.1,24564.0,
2026-09-07T18:42:10.670042+00:00,04_vlm_polymer_bigvlm,8,8,4.2,5.82,60.43,42.53,NVIDIA GeForce RTX 4090,49,179.47,47,6098.1,24564.0,
2026-09-07T18:42:20.681063+00:00,04_vlm_polymer_bigvlm,8,8,4.2,5.84,60.43,42.53,NVIDIA GeForce RTX 4090,49,181.6,46,6098.1,24564.0,
2026-09-07T18:42:30.691841+00:00,04_vlm_polymer_bigvlm,8,8,4.2,5.83,60.43,42.53,NVIDIA GeForce RTX 4090,47,178.35,97,6098.1,24564.0,
2026-09-07T18:42:40.703910+00:00,04_vlm_polymer_bigvlm,8,8,4.2,5.83,60.43,42.53,NVIDIA GeForce RTX 4090,49,179.0,54,6098.1,24564.0,
2026-09-07T18:42:50.716000+00:00,04_vlm_polymer_bigvlm,8,8,4.2,5.85,60.43,42.53,NVIDIA GeForce RTX 4090,50,176.46,71,6098.1,24564.0,
2026-09-07T18:43:00.727989+00:00,04_vlm_polymer_bigvlm,8,8,4.2,5.84,60.43,42.53,NVIDIA GeForce RTX 4090,49,178.53,49,6098.1,24564.0,
2026-09-07T18:43:10.739582+00:00,04_vlm_polymer_bigvlm,8,8,4.2,5.84,60.43,42.53,NVIDIA GeForce RTX 4090,49,178.09,44,6098.1,24564.0,
2026-09-07T18:43:20.751187+00:00,04_vlm_polymer_bigvlm,8,8,4.2,5.87,60.43,42.53,NVIDIA GeForce RTX 4090,47,177.99,97,6098.1,24564.0,
2026-09-07T18:43:30.762278+00:00,04_vlm_polymer_bigvlm,8,8,4.2,5.89,60.43,42.53,NVIDIA GeForce RTX 4090,50,179.27,62,6098.1,24564.0,
2026-09-07T18:43:40.773157+00:00,04_vlm_polymer_bigvlm,8,8,4.2,5.85,60.43,42.53,NVIDIA GeForce RTX 4090,46,171.38,53,6098.1,24564.0,
2026-09-07T18:43:50.785729+00:00,04_vlm_polymer_bigvlm,8,8,4.2,5.86,60.43,42.53,NVIDIA GeForce RTX 4090,48,179.92,34,6098.1,24564.0,
2026-09-07T18:44:00.797794+00:00,04_vlm_polymer_bigvlm,8,8,4.2,5.86,60.43,42.53,NVIDIA GeForce RTX 4090,49,181.03,87,6098.1,24564.0,
2026-09-07T18:44:10.809889+00:00,04_vlm_polymer_bigvlm,8,8,4.2,5.89,60.43,42.53,NVIDIA GeForce RTX 4090,49,182.97,80,6098.1,24564.0,
2026-09-07T18:44:20.820691+00:00,04_vlm_polymer_bigvlm,8,8,4.2,5.85,60.43,42.53,NVIDIA GeForce RTX 4090,48,180.22,58,6098.1,24564.0,
2026-09-07T18:44:30.832727+00:00,04_vlm_polymer_bigvlm,8,8,4.2,5.84,60.43,42.53,NVIDIA GeForce RTX 4090,45,154.49,47,6098.1,24564.0,
2026-09-07T18:44:40.844605+00:00,04_vlm_polymer_bigvlm,8,8,4.2,5.83,60.43,42.53,NVIDIA GeForce RTX 4090,49,176.23,38,6098.1,24564.0,
2026-09-07T18:44:50.857144+00:00,04_vlm_polymer_bigvlm,8,8,4.2,5.86,60.43,42.53,NVIDIA GeForce RTX 4090,46,178.74,48,6098.1,24564.0,
2026-09-07T18:45:00.867928+00:00,04_vlm_polymer_bigvlm,8,8,4.2,5.86,60.43,42.53,NVIDIA GeForce RTX 4090,49,173.07,85,6098.1,24564.0,
2026-09-07T18:45:10.879695+00:00,04_vlm_polymer_bigvlm,8,8,4.2,5.85,60.43,42.53,NVIDIA GeForce RTX 4090,49,178.38,87,6098.1,24564.0,
2026-09-07T18:45:20.891407+00:00,04_vlm_polymer_bigvlm,8,8,4.2,5.83,60.43,42.53,NVIDIA GeForce RTX 4090,46,174.62,67,6098.1,24564.0,
2026-09-07T18:45:30.903200+00:00,04_vlm_polymer_bigvlm,8,8,4.2,5.83,60.43,42.53,NVIDIA GeForce RTX 4090,48,177.75,39,6098.1,24564.0,
2026-09-07T18:45:40.915479+00:00,04_vlm_polymer_bigvlm,8,8,4.2,5.82,60.43,42.53,NVIDIA GeForce RTX 4090,48,186.45,89,6098.1,24564.0,
2026-09-07T18:45:50.926373+00:00,04_vlm_polymer_bigvlm,8,8,4.2,5.83,60.43,42.53,NVIDIA GeForce RTX 4090,50,177.16,76,6098.1,24564.0,
2026-09-07T18:46:00.938927+00:00,04_vlm_polymer_bigvlm,8,8,4.2,5.85,60.43,42.53,NVIDIA GeForce RTX 4090,46,177.89,82,6098.1,24564.0,
2026-09-07T18:46:10.949933+00:00,04_vlm_polymer_bigvlm,8,8,4.2,5.82,60.43,42.53,NVIDIA GeForce RTX 4090,49,181.01,37,6098.1,24564.0,
2026-09-07T18:46:20.961915+00:00,04_vlm_polymer_bigvlm,8,8,4.2,5.82,60.43,42.53,NVIDIA GeForce RTX 4090,49,181.64,57,6098.1,24564.0,
2026-09-07T18:46:30.973694+00:00,04_vlm_polymer_bigvlm,8,8,4.2,5.81,60.43,42.53,NVIDIA GeForce RTX 4090,47,181.23,97,6098.1,24564.0,
2026-09-07T18:46:40.985298+00:00,04_vlm_polymer_bigvlm,8,8,4.2,5.82,60.43,42.53,NVIDIA GeForce RTX 4090,47,176.71,97,6098.1,24564.0,
2026-09-07T18:46:50.997085+00:00,04_vlm_polymer_bigvlm,8,8,4.2,5.82,60.43,42.53,NVIDIA GeForce RTX 4090,49,178.83,34,6098.1,24564.0,
2026-09-07T18:47:01.008974+00:00,04_vlm_polymer_bigvlm,8,8,4.2,5.81,60.43,42.53,NVIDIA GeForce RTX 4090,47,171.79,97,6098.1,24564.0,
2026-09-07T18:47:11.020791+00:00,04_vlm_polymer_bigvlm,8,8,4.2,5.81,60.43,42.53,NVIDIA GeForce RTX 4090,47,175.81,97,6098.1,24564.0,
2026-09-07T18:47:21.032300+00:00,04_vlm_polymer_bigvlm,8,8,4.2,5.82,60.43,42.53,NVIDIA GeForce RTX 4090,47,180.45,74,6098.1,24564.0,
2026-09-07T18:47:31.044257+00:00,04_vlm_polymer_bigvlm,8,8,4.2,5.82,60.43,42.53,NVIDIA GeForce RTX 4090,48,181.98,95,6098.1,24564.0,
2026-09-07T18:47:41.056751+00:00,04_vlm_polymer_bigvlm,8,8,4.2,5.81,60.43,42.53,NVIDIA GeForce RTX 4090,47,153.29,61,6098.1,24564.0,
2026-09-07T18:47:51.068628+00:00,04_vlm_polymer_bigvlm,8,8,4.2,5.81,60.43,42.53,NVIDIA GeForce RTX 4090,47,158.22,62,6098.1,24564.0,
2026-09-07T18:48:01.080617+00:00,04_vlm_polymer_bigvlm,8,8,4.2,5.82,60.43,42.53,NVIDIA GeForce RTX 4090,50,192.04,82,6098.1,24564.0,
2026-09-07T18:48:11.091385+00:00,04_vlm_polymer_bigvlm,8,8,4.2,5.82,60.43,42.53,NVIDIA GeForce RTX 4090,49,172.89,38,6098.1,24564.0,
2026-09-07T18:48:21.103299+00:00,04_vlm_polymer_bigvlm,8,8,4.2,5.82,60.43,42.53,NVIDIA GeForce RTX 4090,49,175.1,46,6098.1,24564.0,
2026-09-07T18:48:31.114812+00:00,04_vlm_polymer_bigvlm,8,8,4.2,5.81,60.43,42.53,NVIDIA GeForce RTX 4090,49,177.37,69,6098.1,24564.0,
2026-09-07T18:48:41.125848+00:00,04_vlm_polymer_bigvlm,8,8,4.2,5.82,60.43,42.53,NVIDIA GeForce RTX 4090,49,179.41,97,6098.1,24564.0,
2026-09-07T18:48:51.137811+00:00,04_vlm_polymer_bigvlm,8,8,4.2,5.81,60.43,42.53,NVIDIA GeForce RTX 4090,47,177.48,64,6098.1,24564.0,
2026-09-07T18:49:01.149564+00:00,04_vlm_polymer_bigvlm,8,8,4.2,5.81,60.43,42.53,NVIDIA GeForce RTX 4090,47,177.51,65,6098.1,24564.0,
2026-09-07T18:49:11.161570+00:00,04_vlm_polymer_bigvlm,8,8,4.2,5.81,60.43,42.53,NVIDIA GeForce RTX 4090,49,178.16,86,6098.1,24564.0,
2026-09-07T18:49:21.172540+00:00,04_vlm_polymer_bigvlm,8,8,4.2,5.81,60.43,42.53,NVIDIA GeForce RTX 4090,49,178.62,68,6098.1,24564.0,
2026-09-07T18:49:31.184645+00:00,04_vlm_polymer_bigvlm,8,8,4.2,5.82,60.43,42.53,NVIDIA GeForce RTX 4090,49,178.78,75,6098.1,24564.0,
2026-09-07T18:49:41.196421+00:00,04_vlm_polymer_bigvlm,8,8,4.2,5.86,60.43,42.53,NVIDIA GeForce RTX 4090,47,177.44,70,6098.1,24564.0,
2026-09-07T18:49:51.207453+00:00,04_vlm_polymer_bigvlm,8,8,4.2,5.85,60.43,42.53,NVIDIA GeForce RTX 4090,49,174.35,93,6098.1,24564.0,
2026-09-07T18:50:01.219049+00:00,04_vlm_polymer_bigvlm,8,8,4.2,5.83,60.43,42.53,NVIDIA GeForce RTX 4090,50,187.49,54,6098.1,24564.0,
2026-09-07T18:50:11.229924+00:00,04_vlm_polymer_bigvlm,8,8,4.2,5.83,60.43,42.53,NVIDIA GeForce RTX 4090,47,177.77,48,6098.1,24564.0,
2026-09-07T18:50:21.241942+00:00,04_vlm_polymer_bigvlm,8,8,4.2,5.84,60.43,42.53,NVIDIA GeForce RTX 4090,49,173.41,84,6098.1,24564.0,
2026-09-07T18:50:31.254355+00:00,04_vlm_polymer_bigvlm,8,8,4.2,5.83,60.43,42.53,NVIDIA GeForce RTX 4090,49,182.38,47,6098.1,24564.0,
2026-09-07T18:50:41.266187+00:00,04_vlm_polymer_bigvlm,8,8,4.2,5.85,60.43,42.53,NVIDIA GeForce RTX 4090,50,180.88,67,6098.1,24564.0,
2026-09-07T18:50:51.278323+00:00,04_vlm_polymer_bigvlm,8,8,4.2,5.82,60.43,42.53,NVIDIA GeForce RTX 4090,46,150.37,43,6098.1,24564.0,
2026-09-07T18:51:01.290052+00:00,04_vlm_polymer_bigvlm,8,8,4.2,5.83,60.43,42.53,NVIDIA GeForce RTX 4090,45,154.67,53,6098.1,24564.0,
2026-09-07T18:51:11.302270+00:00,04_vlm_polymer_bigvlm,8,8,3.2,5.87,60.43,42.53,NVIDIA GeForce RTX 4090,48,157.09,70,9958.1,24564.0,
2026-09-07T18:51:21.314134+00:00,04_vlm_polymer_bigvlm,8,8,4.2,5.86,60.43,42.53,NVIDIA GeForce RTX 4090,45,153.9,60,9958.1,24564.0,
2026-09-07T18:51:31.325118+00:00,04_vlm_polymer_bigvlm,9,9,3.4,5.78,60.43,42.53,NVIDIA GeForce RTX 4090,45,179.25,86,6098.1,24564.0,
2026-09-07T18:51:41.336873+00:00,04_vlm_polymer_bigvlm,9,9,4.2,5.79,60.43,42.53,NVIDIA GeForce RTX 4090,48,174.58,58,6098.1,24564.0,
2026-09-07T18:51:51.348868+00:00,04_vlm_polymer_bigvlm,9,9,4.2,5.76,60.43,42.53,NVIDIA GeForce RTX 4090,46,177.63,76,6098.1,24564.0,
2026-09-07T18:52:01.360567+00:00,04_vlm_polymer_bigvlm,9,9,4.2,5.76,60.43,42.53,NVIDIA GeForce RTX 4090,45,184.14,52,6098.1,24564.0,
2026-09-07T18:52:11.372658+00:00,04_vlm_polymer_bigvlm,9,9,4.2,5.74,60.43,42.53,NVIDIA GeForce RTX 4090,48,178.16,42,6098.1,24564.0,
2026-09-07T18:52:21.383621+00:00,04_vlm_polymer_bigvlm,9,9,4.2,5.74,60.43,42.53,NVIDIA GeForce RTX 4090,49,172.47,81,6098.1,24564.0,
2026-09-07T18:52:31.395115+00:00,04_vlm_polymer_bigvlm,9,9,4.2,5.74,60.43,42.53,NVIDIA GeForce RTX 4090,46,177.99,71,6098.1,24564.0,
2026-09-07T18:52:41.406784+00:00,04_vlm_polymer_bigvlm,9,9,4.2,5.76,60.43,42.53,NVIDIA GeForce RTX 4090,46,184.43,95,6098.1,24564.0,
2026-09-07T18:52:51.417615+00:00,04_vlm_polymer_bigvlm,9,9,4.2,5.76,60.43,42.53,NVIDIA GeForce RTX 4090,48,177.75,45,6098.1,24564.0,
2026-09-07T18:53:01.429937+00:00,04_vlm_polymer_bigvlm,9,9,4.2,5.74,60.43,42.53,NVIDIA GeForce RTX 4090,46,173.1,70,6098.1,24564.0,
2026-09-07T18:53:11.440849+00:00,04_vlm_polymer_bigvlm,9,9,4.2,5.78,60.43,42.53,NVIDIA GeForce RTX 4090,49,190.96,49,6098.1,24564.0,
2026-09-07T18:53:21.453518+00:00,04_vlm_polymer_bigvlm,9,9,4.2,5.77,60.43,42.53,NVIDIA GeForce RTX 4090,48,179.67,96,6098.1,24564.0,
2026-09-07T18:53:31.465690+00:00,04_vlm_polymer_bigvlm,9,9,4.2,5.79,60.43,42.53,NVIDIA GeForce RTX 4090,47,177.75,44,6098.1,24564.0,
2026-09-07T18:53:41.477584+00:00,04_vlm_polymer_bigvlm,9,9,4.2,5.79,60.43,42.53,NVIDIA GeForce RTX 4090,48,175.59,97,6098.1,24564.0,
2026-09-07T18:53:51.490045+00:00,04_vlm_polymer_bigvlm,9,9,4.2,5.78,60.43,42.53,NVIDIA GeForce RTX 4090,50,181.2,46,6098.1,24564.0,
2026-09-07T18:54:01.501955+00:00,04_vlm_polymer_bigvlm,9,9,4.2,5.78,60.43,42.53,NVIDIA GeForce RTX 4090,49,180.38,59,6098.1,24564.0,
2026-09-07T18:54:11.513832+00:00,04_vlm_polymer_bigvlm,9,9,4.2,5.78,60.43,42.53,NVIDIA GeForce RTX 4090,49,175.22,97,6098.1,24564.0,
2026-09-07T18:54:21.524806+00:00,04_vlm_polymer_bigvlm,9,9,4.2,5.83,60.43,42.53,NVIDIA GeForce RTX 4090,47,154.31,65,6098.1,24564.0,
2026-09-07T18:54:31.536403+00:00,04_vlm_polymer_bigvlm,9,9,4.2,5.81,60.43,42.53,NVIDIA GeForce RTX 4090,48,153.65,46,6098.1,24564.0,
2026-09-07T18:54:41.548132+00:00,04_vlm_polymer_bigvlm,9,9,4.0,5.85,60.43,42.49,NVIDIA GeForce RTX 4090,46,183.21,73,6098.1,24564.0,
2026-09-07T18:54:51.559060+00:00,04_vlm_polymer_bigvlm,9,9,4.2,5.82,60.43,42.49,NVIDIA GeForce RTX 4090,49,180.3,38,6098.1,24564.0,
2026-09-07T18:55:01.570137+00:00,04_vlm_polymer_bigvlm,9,9,4.2,5.83,60.43,42.49,NVIDIA GeForce RTX 4090,47,174.71,84,6098.1,24564.0,
2026-09-07T18:55:11.581721+00:00,04_vlm_polymer_bigvlm,9,9,4.2,5.86,60.43,42.49,NVIDIA GeForce RTX 4090,50,185.79,56,6098.1,24564.0,
2026-09-07T18:55:21.593241+00:00,04_vlm_polymer_bigvlm,9,9,4.2,5.87,60.43,42.49,NVIDIA GeForce RTX 4090,46,178.68,39,6098.1,24564.0,
2026-09-07T18:55:31.604349+00:00,04_vlm_polymer_bigvlm,9,9,4.2,5.87,60.43,42.49,NVIDIA GeForce RTX 4090,49,176.36,34,6098.1,24564.0,
2026-09-07T18:55:41.615418+00:00,04_vlm_polymer_bigvlm,9,9,4.2,5.84,60.43,42.49,NVIDIA GeForce RTX 4090,49,172.82,43,6098.1,24564.0,
2026-09-07T18:55:51.627193+00:00,04_vlm_polymer_bigvlm,9,9,4.2,5.86,60.43,42.49,NVIDIA GeForce RTX 4090,49,175.41,90,6098.1,24564.0,
2026-09-07T18:56:01.639542+00:00,04_vlm_polymer_bigvlm,9,9,4.2,5.84,60.43,42.49,NVIDIA GeForce RTX 4090,49,176.56,54,6098.1,24564.0,
2026-09-07T18:56:11.650863+00:00,04_vlm_polymer_bigvlm,9,9,4.2,5.84,60.43,42.49,NVIDIA GeForce RTX 4090,47,179.55,96,6098.1,24564.0,
2026-09-07T18:56:21.663060+00:00,04_vlm_polymer_bigvlm,9,9,4.2,5.83,60.43,42.49,NVIDIA GeForce RTX 4090,48,176.26,93,6098.1,24564.0,
2026-09-07T18:56:31.675447+00:00,04_vlm_polymer_bigvlm,9,9,4.2,5.82,60.43,42.49,NVIDIA GeForce RTX 4090,48,179.26,90,6098.1,24564.0,
2026-09-07T18:56:41.687621+00:00,04_vlm_polymer_bigvlm,9,9,4.2,5.82,60.43,42.49,NVIDIA GeForce RTX 4090,48,175.72,55,6098.1,24564.0,
2026-09-07T18:56:51.699827+00:00,04_vlm_polymer_bigvlm,9,9,4.2,5.84,60.43,42.49,NVIDIA GeForce RTX 4090,49,172.18,57,6098.1,24564.0,
2026-09-07T18:57:01.711607+00:00,04_vlm_polymer_bigvlm,9,9,4.2,5.81,60.43,42.49,NVIDIA GeForce RTX 4090,49,183.56,37,6098.1,24564.0,
2026-09-07T18:57:11.722669+00:00,04_vlm_polymer_bigvlm,9,9,4.2,5.82,60.43,42.49,NVIDIA GeForce RTX 4090,49,187.66,66,6098.1,24564.0,
2026-09-07T18:57:21.733848+00:00,04_vlm_polymer_bigvlm,9,9,4.2,5.81,60.43,42.49,NVIDIA GeForce RTX 4090,47,176.49,97,6098.1,24564.0,
2026-09-07T18:57:31.744920+00:00,04_vlm_polymer_bigvlm,9,9,4.2,5.79,60.43,42.49,NVIDIA GeForce RTX 4090,49,179.03,37,6098.1,24564.0,
2026-09-07T18:57:41.756852+00:00,04_vlm_polymer_bigvlm,9,9,4.2,5.82,60.43,42.49,NVIDIA GeForce RTX 4090,46,153.53,63,6098.1,24564.0,
2026-09-07T18:57:51.768401+00:00,04_vlm_polymer_bigvlm,9,9,4.0,5.85,60.43,42.49,NVIDIA GeForce RTX 4090,44,122.48,2,6098.1,24564.0,
2026-09-07T18:58:01.779851+00:00,04_vlm_polymer_bigvlm,9,9,4.2,5.85,60.43,42.49,NVIDIA GeForce RTX 4090,48,177.36,43,6098.1,24564.0,
2026-09-07T18:58:11.791872+00:00,04_vlm_polymer_bigvlm,9,9,4.2,5.84,60.43,42.49,NVIDIA GeForce RTX 4090,46,174.37,96,6098.1,24564.0,
2026-09-07T18:58:21.804294+00:00,04_vlm_polymer_bigvlm,9,9,4.2,5.85,60.43,42.49,NVIDIA GeForce RTX 4090,49,179.31,81,6098.1,24564.0,
2026-09-07T18:58:31.815300+00:00,04_vlm_polymer_bigvlm,9,9,4.2,5.84,60.43,42.49,NVIDIA GeForce RTX 4090,49,175.33,97,6098.1,24564.0,
2026-09-07T18:58:41.826682+00:00,04_vlm_polymer_bigvlm,9,9,4.2,5.83,60.43,42.49,NVIDIA GeForce RTX 4090,49,172.99,44,6098.1,24564.0,
2026-09-07T18:58:51.838152+00:00,04_vlm_polymer_bigvlm,9,9,4.2,5.82,60.43,42.49,NVIDIA GeForce RTX 4090,46,179.74,45,6098.1,24564.0,
2026-09-07T18:59:01.849935+00:00,04_vlm_polymer_bigvlm,9,9,4.2,5.81,60.43,42.49,NVIDIA GeForce RTX 4090,47,179.28,43,6098.1,24564.0,
2026-09-07T18:59:11.862374+00:00,04_vlm_polymer_bigvlm,9,9,4.2,5.83,60.43,42.49,NVIDIA GeForce RTX 4090,49,179.92,77,6098.1,24564.0,
2026-09-07T18:59:21.873233+00:00,04_vlm_polymer_bigvlm,9,9,4.2,5.82,60.43,42.49,NVIDIA GeForce RTX 4090,49,174.29,78,6098.1,24564.0,
2026-09-07T18:59:31.885444+00:00,04_vlm_polymer_bigvlm,9,9,4.2,5.81,60.43,42.49,NVIDIA GeForce RTX 4090,49,176.33,95,6098.1,24564.0,
2026-09-07T18:59:41.897112+00:00,04_vlm_polymer_bigvlm,9,9,4.2,5.83,60.43,42.49,NVIDIA GeForce RTX 4090,48,182.04,67,6098.1,24564.0,
2026-09-07T18:59:51.909030+00:00,04_vlm_polymer_bigvlm,9,9,4.2,5.83,60.43,42.49,NVIDIA GeForce RTX 4090,48,178.21,63,6098.1,24564.0,
2026-09-07T19:00:01.921739+00:00,04_vlm_polymer_bigvlm,9,9,4.2,5.83,60.43,42.49,NVIDIA GeForce RTX 4090,47,182.41,97,6098.1,24564.0,
2026-09-07T19:00:11.934119+00:00,04_vlm_polymer_bigvlm,9,9,4.2,5.84,60.43,42.49,NVIDIA GeForce RTX 4090,49,178.93,44,6098.1,24564.0,
2026-09-07T19:00:21.945606+00:00,04_vlm_polymer_bigvlm,9,9,4.2,5.85,60.43,42.49,NVIDIA GeForce RTX 4090,49,173.69,40,6098.1,24564.0,
2026-09-07T19:00:31.957572+00:00,04_vlm_polymer_bigvlm,9,9,4.2,5.83,60.43,42.49,NVIDIA GeForce RTX 4090,47,178.34,95,6098.1,24564.0,
2026-09-07T19:00:41.968932+00:00,04_vlm_polymer_bigvlm,9,9,4.2,5.83,60.43,42.49,NVIDIA GeForce RTX 4090,48,176.91,89,6098.1,24564.0,
2026-09-07T19:00:51.980473+00:00,04_vlm_polymer_bigvlm,9,9,4.2,5.82,60.43,42.49,NVIDIA GeForce RTX 4090,47,153.43,52,6098.1,24564.0,
2026-09-07T19:01:01.992294+00:00,04_vlm_polymer_bigvlm,9,9,4.2,5.81,60.43,42.49,NVIDIA GeForce RTX 4090,48,155.82,43,6098.1,24564.0,
2026-09-07T19:01:12.005031+00:00,04_vlm_polymer_bigvlm,9,9,4.0,5.82,60.43,42.49,NVIDIA GeForce RTX 4090,46,172.58,90,6098.1,24564.0,
2026-09-07T19:01:22.016663+00:00,04_vlm_polymer_bigvlm,9,9,4.2,5.82,60.43,42.49,NVIDIA GeForce RTX 4090,46,176.73,68,6098.1,24564.0,
2026-09-07T19:01:32.028432+00:00,04_vlm_polymer_bigvlm,9,9,4.2,5.85,60.43,42.49,NVIDIA GeForce RTX 4090,49,181.12,53,6098.1,24564.0,
2026-09-07T19:01:42.039813+00:00,04_vlm_polymer_bigvlm,9,9,4.2,5.86,60.43,42.49,NVIDIA GeForce RTX 4090,46,170.69,88,6098.1,24564.0,
2026-09-07T19:01:52.051347+00:00,04_vlm_polymer_bigvlm,9,9,4.2,5.84,60.43,42.49,NVIDIA GeForce RTX 4090,49,180.52,48,6098.1,24564.0,
2026-09-07T19:02:02.063409+00:00,04_vlm_polymer_bigvlm,9,9,4.2,5.83,60.43,42.49,NVIDIA GeForce RTX 4090,49,176.42,56,6098.1,24564.0,
2026-09-07T19:02:12.075243+00:00,04_vlm_polymer_bigvlm,9,9,4.2,5.84,60.43,42.49,NVIDIA GeForce RTX 4090,50,180.54,70,6098.1,24564.0,
2026-09-07T19:02:22.087754+00:00,04_vlm_polymer_bigvlm,9,9,4.2,5.86,60.43,42.49,NVIDIA GeForce RTX 4090,49,178.84,47,6098.1,24564.0,
2026-09-07T19:02:32.099224+00:00,04_vlm_polymer_bigvlm,9,9,4.2,5.87,60.43,42.49,NVIDIA GeForce RTX 4090,50,179.14,77,6098.1,24564.0,
2026-09-07T19:02:42.111203+00:00,04_vlm_polymer_bigvlm,9,9,4.2,5.85,60.43,42.49,NVIDIA GeForce RTX 4090,47,180.15,67,6098.1,24564.0,
2026-09-07T19:02:52.123037+00:00,04_vlm_polymer_bigvlm,9,9,4.2,5.84,60.43,42.49,NVIDIA GeForce RTX 4090,47,177.39,33,6098.1,24564.0,
2026-09-07T19:03:02.133830+00:00,04_vlm_polymer_bigvlm,9,9,4.2,5.83,60.43,42.49,NVIDIA GeForce RTX 4090,49,182.47,91,6098.1,24564.0,
2026-09-07T19:03:12.145735+00:00,04_vlm_polymer_bigvlm,9,9,4.2,5.84,60.43,42.49,NVIDIA GeForce RTX 4090,49,179.15,76,6098.1,24564.0,
2026-09-07T19:03:22.157301+00:00,04_vlm_polymer_bigvlm,9,9,4.2,5.84,60.43,42.49,NVIDIA GeForce RTX 4090,49,186.35,71,6098.1,24564.0,
2026-09-07T19:03:32.168110+00:00,04_vlm_polymer_bigvlm,9,9,4.2,5.83,60.43,42.49,NVIDIA GeForce RTX 4090,47,178.3,52,6098.1,24564.0,
2026-09-07T19:03:42.180073+00:00,04_vlm_polymer_bigvlm,9,9,4.2,5.85,60.43,42.49,NVIDIA GeForce RTX 4090,49,181.97,97,6098.1,24564.0,
2026-09-07T19:03:52.190841+00:00,04_vlm_polymer_bigvlm,9,9,4.2,5.87,60.43,42.49,NVIDIA GeForce RTX 4090,50,179.46,43,6098.1,24564.0,
2026-09-07T19:04:02.202450+00:00,04_vlm_polymer_bigvlm,9,9,4.2,5.84,60.43,42.49,NVIDIA GeForce RTX 4090,49,153.51,46,6098.1,24564.0,
2026-09-07T19:04:12.214150+00:00,04_vlm_polymer_bigvlm,9,9,4.2,5.85,60.43,42.49,NVIDIA GeForce RTX 4090,48,153.26,54,6098.1,24564.0,
2026-09-07T19:04:22.225875+00:00,04_vlm_polymer_bigvlm,9,9,4.0,5.85,60.43,42.49,NVIDIA GeForce RTX 4090,49,183.22,49,6098.1,24564.0,
2026-09-07T19:04:32.236859+00:00,04_vlm_polymer_bigvlm,9,9,4.2,5.85,60.43,42.49,NVIDIA GeForce RTX 4090,49,173.73,77,6098.1,24564.0,
2026-09-07T19:04:42.248351+00:00,04_vlm_polymer_bigvlm,9,9,4.2,5.85,60.43,42.49,NVIDIA GeForce RTX 4090,49,174.09,78,6098.1,24564.0,
2026-09-07T19:04:52.260154+00:00,04_vlm_polymer_bigvlm,9,9,4.2,5.86,60.43,42.49,NVIDIA GeForce RTX 4090,49,174.61,74,6098.1,24564.0,
2026-09-07T19:05:02.272408+00:00,04_vlm_polymer_bigvlm,9,9,4.2,5.85,60.43,42.49,NVIDIA GeForce RTX 4090,49,189.94,31,6098.1,24564.0,
2026-09-07T19:05:12.284265+00:00,04_vlm_polymer_bigvlm,9,9,4.2,5.84,60.43,42.49,NVIDIA GeForce RTX 4090,50,177.2,97,6098.1,24564.0,
2026-09-07T19:05:22.297045+00:00,04_vlm_polymer_bigvlm,9,9,4.2,5.83,60.43,42.49,NVIDIA GeForce RTX 4090,49,173.88,41,6098.1,24564.0,
2026-09-07T19:05:32.308662+00:00,04_vlm_polymer_bigvlm,9,9,4.2,5.84,60.43,42.49,NVIDIA GeForce RTX 4090,47,182.43,94,6098.1,24564.0,
2026-09-07T19:05:42.319712+00:00,04_vlm_polymer_bigvlm,9,9,4.2,5.84,60.43,42.49,NVIDIA GeForce RTX 4090,47,177.55,77,6098.1,24564.0,
2026-09-07T19:05:52.330616+00:00,04_vlm_polymer_bigvlm,9,9,4.2,5.81,60.43,42.49,NVIDIA GeForce RTX 4090,49,178.03,58,6098.1,24564.0,
2026-09-07T19:06:02.342671+00:00,04_vlm_polymer_bigvlm,9,9,4.2,5.82,60.43,42.49,NVIDIA GeForce RTX 4090,50,188.87,97,6098.1,24564.0,
2026-09-07T19:06:12.353411+00:00,04_vlm_polymer_bigvlm,9,9,4.2,5.83,60.43,42.49,NVIDIA GeForce RTX 4090,49,176.83,38,6098.1,24564.0,
2026-09-07T19:06:22.365543+00:00,04_vlm_polymer_bigvlm,9,9,4.2,5.82,60.43,42.49,NVIDIA GeForce RTX 4090,47,178.04,72,6098.1,24564.0,
2026-09-07T19:06:32.377829+00:00,04_vlm_polymer_bigvlm,9,9,4.2,5.81,60.43,42.49,NVIDIA GeForce RTX 4090,49,179.17,43,6098.1,24564.0,
2026-09-07T19:06:42.388610+00:00,04_vlm_polymer_bigvlm,9,9,4.2,5.83,60.43,42.49,NVIDIA GeForce RTX 4090,49,177.44,96,6098.1,24564.0,
2026-09-07T19:06:52.400673+00:00,04_vlm_polymer_bigvlm,9,9,4.2,5.83,60.43,42.49,NVIDIA GeForce RTX 4090,47,183.59,97,6098.1,24564.0,
2026-09-07T19:07:02.412797+00:00,04_vlm_polymer_bigvlm,9,9,4.2,5.82,60.43,42.49,NVIDIA GeForce RTX 4090,50,176.4,96,6098.1,24564.0,
2026-09-07T19:07:12.424462+00:00,04_vlm_polymer_bigvlm,9,9,4.2,5.83,60.43,42.49,NVIDIA GeForce RTX 4090,47,153.73,55,6098.1,24564.0,
2026-09-07T19:07:22.435823+00:00,04_vlm_polymer_bigvlm,9,9,4.2,5.81,60.43,42.49,NVIDIA GeForce RTX 4090,47,151.74,61,6098.1,24564.0,
2026-09-07T19:07:32.446850+00:00,04_vlm_polymer_bigvlm,9,9,4.2,5.82,60.43,42.49,NVIDIA GeForce RTX 4090,49,181.9,93,6098.1,24564.0,
2026-09-07T19:07:42.458190+00:00,04_vlm_polymer_bigvlm,9,9,4.2,5.83,60.43,42.49,NVIDIA GeForce RTX 4090,49,178.24,58,6098.1,24564.0,
2026-09-07T19:07:52.470277+00:00,04_vlm_polymer_bigvlm,9,9,4.2,5.87,60.43,42.49,NVIDIA GeForce RTX 4090,49,180.07,42,6098.1,24564.0,
2026-09-07T19:08:02.481217+00:00,04_vlm_polymer_bigvlm,9,9,4.3,5.86,60.43,42.49,NVIDIA GeForce RTX 4090,49,184.98,68,6098.1,24564.0,
2026-09-07T19:08:12.493087+00:00,04_vlm_polymer_bigvlm,9,9,4.2,5.85,60.43,42.49,NVIDIA GeForce RTX 4090,49,178.09,97,6098.1,24564.0,
2026-09-07T19:08:22.506089+00:00,04_vlm_polymer_bigvlm,9,9,4.2,5.84,60.43,42.49,NVIDIA GeForce RTX 4090,49,178.46,78,6098.1,24564.0,
2026-09-07T19:08:32.517300+00:00,04_vlm_polymer_bigvlm,9,9,4.2,5.82,60.43,42.49,NVIDIA GeForce RTX 4090,47,172.33,55,6098.1,24564.0,
2026-09-07T19:08:42.529379+00:00,04_vlm_polymer_bigvlm,9,9,4.2,5.83,60.43,42.49,NVIDIA GeForce RTX 4090,49,179.82,90,6098.1,24564.0,
2026-09-07T19:08:52.540331+00:00,04_vlm_polymer_bigvlm,9,9,4.2,5.84,60.43,42.49,NVIDIA GeForce RTX 4090,49,188.09,91,6098.1,24564.0,
2026-09-07T19:09:02.551442+00:00,04_vlm_polymer_bigvlm,9,9,4.2,5.83,60.43,42.49,NVIDIA GeForce RTX 4090,49,180.05,96,6098.1,24564.0,
2026-09-07T19:09:12.562703+00:00,04_vlm_polymer_bigvlm,9,9,4.2,5.86,60.43,42.49,NVIDIA GeForce RTX 4090,46,180.2,77,6098.1,24564.0,
2026-09-07T19:09:22.573681+00:00,04_vlm_polymer_bigvlm,9,9,4.2,5.84,60.43,42.49,NVIDIA GeForce RTX 4090,50,178.46,97,6098.1,24564.0,
2026-09-07T19:09:32.584736+00:00,04_vlm_polymer_bigvlm,9,9,4.2,5.83,60.43,42.49,NVIDIA GeForce RTX 4090,46,173.38,57,6098.1,24564.0,
2026-09-07T19:09:42.596277+00:00,04_vlm_polymer_bigvlm,9,9,4.2,5.86,60.43,42.49,NVIDIA GeForce RTX 4090,49,179.96,57,6098.1,24564.0,
2026-09-07T19:09:52.607643+00:00,04_vlm_polymer_bigvlm,9,9,4.2,5.87,60.43,42.49,NVIDIA GeForce RTX 4090,50,180.27,89,6098.1,24564.0,
2026-09-07T19:10:02.620360+00:00,04_vlm_polymer_bigvlm,9,9,4.2,5.87,60.43,42.49,NVIDIA GeForce RTX 4090,50,178.63,96,6098.1,24564.0,
2026-09-07T19:10:12.632402+00:00,04_vlm_polymer_bigvlm,9,9,4.2,5.87,60.43,42.49,NVIDIA GeForce RTX 4090,46,178.85,64,6098.1,24564.0,
2026-09-07T19:10:22.643469+00:00,04_vlm_polymer_bigvlm,9,9,4.2,5.85,60.43,42.49,NVIDIA GeForce RTX 4090,49,174.53,67,6098.1,24564.0,
2026-09-07T19:10:32.655016+00:00,04_vlm_polymer_bigvlm,9,9,4.2,5.85,60.43,42.49,NVIDIA GeForce RTX 4090,46,152.28,45,6098.1,24564.0,
2026-09-07T19:10:42.666189+00:00,04_vlm_polymer_bigvlm,9,9,3.7,5.83,60.43,42.49,NVIDIA GeForce RTX 4090,43,73.25,8,5788.1,24564.0,
2026-09-07T19:10:52.677393+00:00,04_vlm_polymer_bigvlm,9,9,3.8,5.87,60.43,42.49,NVIDIA GeForce RTX 4090,45,158.38,70,9958.1,24564.0,
2026-09-07T19:11:02.690111+00:00,07_end_to_end_paired,0,0,3.7,5.01,60.43,42.49,NVIDIA GeForce RTX 4090,41,54.49,0,628.8,24564.0,
2026-09-07T19:11:12.701045+00:00,07_end_to_end_paired,0,0,3.9,5.96,60.43,42.49,NVIDIA GeForce RTX 4090,41,81.23,26,2540.1,24564.0,
2026-09-07T19:11:22.712476+00:00,07_end_to_end_paired,0,0,4.2,5.99,60.43,42.49,NVIDIA GeForce RTX 4090,40,81.24,26,2540.1,24564.0,
2026-09-07T19:11:32.723802+00:00,07_end_to_end_paired,0,0,4.2,5.97,60.43,42.49,NVIDIA GeForce RTX 4090,40,67.56,1,2540.1,24564.0,
2026-09-07T19:11:42.734841+00:00,07_end_to_end_paired,0,0,4.2,5.96,60.43,42.49,NVIDIA GeForce RTX 4090,39,80.07,26,2540.1,24564.0,
2026-09-07T19:11:52.745915+00:00,07_end_to_end_paired,0,0,4.2,5.95,60.43,42.49,NVIDIA GeForce RTX 4090,39,82.32,26,2540.1,24564.0,
2026-09-07T19:12:02.756722+00:00,07_end_to_end_paired,0,0,4.2,5.95,60.43,42.49,NVIDIA GeForce RTX 4090,39,82.02,18,2540.1,24564.0,
2026-09-07T19:12:12.767788+00:00,07_end_to_end_paired,0,0,4.2,5.94,60.43,42.49,NVIDIA GeForce RTX 4090,38,81.68,26,2540.1,24564.0,
2026-09-07T19:12:22.779389+00:00,07_end_to_end_paired,0,0,4.2,5.94,60.43,42.49,NVIDIA GeForce RTX 4090,37,81.67,21,2540.1,24564.0,
2026-09-07T19:12:32.790513+00:00,07_end_to_end_paired,0,0,4.2,5.94,60.43,42.49,NVIDIA GeForce RTX 4090,37,82.03,20,2540.1,24564.0,
2026-09-07T19:12:42.801478+00:00,07_end_to_end_paired,0,0,4.2,5.94,60.43,42.49,NVIDIA GeForce RTX 4090,37,82.58,26,2540.1,24564.0,
2026-09-07T19:12:52.812524+00:00,07_end_to_end_paired,0,0,4.2,5.94,60.43,42.49,NVIDIA GeForce RTX 4090,36,82.48,20,2540.1,24564.0,
2026-09-07T19:13:02.823529+00:00,07_end_to_end_paired,0,0,4.2,5.93,60.43,42.49,NVIDIA GeForce RTX 4090,36,82.1,27,2540.1,24564.0,
2026-09-07T19:13:12.834377+00:00,07_end_to_end_paired,0,0,4.2,5.97,60.43,42.49,NVIDIA GeForce RTX 4090,36,82.6,21,2540.1,24564.0,
2026-09-07T19:13:22.845331+00:00,07_end_to_end_paired,0,0,4.2,5.96,60.43,42.49,NVIDIA GeForce RTX 4090,35,82.24,23,2540.1,24564.0,
2026-09-07T19:13:32.856071+00:00,07_end_to_end_paired,0,0,4.2,5.95,60.43,42.49,NVIDIA GeForce RTX 4090,36,82.24,30,2540.1,24564.0,
2026-09-07T19:13:42.867101+00:00,07_end_to_end_paired,0,0,4.2,5.94,60.43,42.49,NVIDIA GeForce RTX 4090,36,82.25,26,2540.1,24564.0,
2026-09-07T19:13:52.878059+00:00,07_end_to_end_paired,0,0,4.2,5.96,60.43,42.49,NVIDIA GeForce RTX 4090,35,82.02,17,2540.1,24564.0,
2026-09-07T19:14:02.889205+00:00,07_end_to_end_paired,0,0,4.2,5.96,60.43,42.49,NVIDIA GeForce RTX 4090,35,82.92,18,2540.1,24564.0,
2026-09-07T19:14:12.900200+00:00,07_end_to_end_paired,0,0,4.2,5.96,60.43,42.49,NVIDIA GeForce RTX 4090,35,82.33,26,2540.1,24564.0,
2026-09-07T19:14:22.911038+00:00,07_end_to_end_paired,0,0,4.2,5.96,60.43,42.49,NVIDIA GeForce RTX 4090,35,83.12,18,2540.1,24564.0,
2026-09-07T19:14:32.922104+00:00,07_end_to_end_paired,0,0,4.2,5.94,60.43,42.49,NVIDIA GeForce RTX 4090,35,83.03,26,2540.1,24564.0,
2026-09-07T19:14:42.932851+00:00,07_end_to_end_paired,0,0,4.2,5.96,60.43,42.49,NVIDIA GeForce RTX 4090,35,83.11,26,2540.1,24564.0,
2026-09-07T19:14:52.943826+00:00,07_end_to_end_paired,0,0,4.2,5.96,60.43,42.49,NVIDIA GeForce RTX 4090,35,83.85,26,2540.1,24564.0,
2026-09-07T19:15:02.954755+00:00,07_end_to_end_paired,0,0,4.2,5.95,60.43,42.49,NVIDIA GeForce RTX 4090,35,82.89,20,2540.1,24564.0,
2026-09-07T19:15:12.965864+00:00,07_end_to_end_paired,0,0,4.2,5.95,60.43,42.49,NVIDIA GeForce RTX 4090,34,83.3,26,2540.1,24564.0,
2026-09-07T19:15:22.978017+00:00,07_end_to_end_paired,0,0,4.2,5.96,60.43,42.49,NVIDIA GeForce RTX 4090,34,83.44,33,2540.1,24564.0,
2026-09-07T19:15:32.988801+00:00,07_end_to_end_paired,0,0,4.2,5.94,60.43,42.49,NVIDIA GeForce RTX 4090,35,82.55,20,2540.1,24564.0,
2026-09-07T19:15:42.999864+00:00,07_end_to_end_paired,0,0,4.2,5.94,60.43,42.49,NVIDIA GeForce RTX 4090,34,82.98,26,2540.1,24564.0,
2026-09-07T19:15:53.011176+00:00,07_end_to_end_paired,0,0,4.2,5.94,60.43,42.49,NVIDIA GeForce RTX 4090,34,83.28,16,2540.1,24564.0,
2026-09-07T19:16:03.022296+00:00,07_end_to_end_paired,0,0,4.2,5.97,60.43,42.49,NVIDIA GeForce RTX 4090,34,81.84,26,2540.1,24564.0,
2026-09-07T19:16:13.033271+00:00,07_end_to_end_paired,0,0,4.2,5.97,60.43,42.49,NVIDIA GeForce RTX 4090,34,82.91,30,2540.1,24564.0,
2026-09-07T19:16:23.044648+00:00,07_end_to_end_paired,0,0,4.2,5.97,60.43,42.49,NVIDIA GeForce RTX 4090,34,82.64,25,2540.1,24564.0,
2026-09-07T19:16:33.055677+00:00,07_end_to_end_paired,0,0,4.2,5.98,60.43,42.49,NVIDIA GeForce RTX 4090,34,83.54,28,2540.1,24564.0,
2026-09-07T19:16:43.066885+00:00,07_end_to_end_paired,0,0,4.2,5.97,60.43,42.49,NVIDIA GeForce RTX 4090,34,83.21,25,2540.1,24564.0,
2026-09-07T19:16:53.077769+00:00,07_end_to_end_paired,0,0,4.2,5.98,60.43,42.49,NVIDIA GeForce RTX 4090,34,83.44,27,2540.1,24564.0,
2026-09-07T19:17:03.089438+00:00,07_end_to_end_paired,1,1,3.4,5.97,60.43,42.49,NVIDIA GeForce RTX 4090,33,63.3,0,2540.1,24564.0,
2026-09-07T19:17:13.100330+00:00,07_end_to_end_paired,1,1,4.1,6.03,60.43,42.49,NVIDIA GeForce RTX 4090,35,83.22,27,2540.1,24564.0,
2026-09-07T19:17:23.111287+00:00,07_end_to_end_paired,1,1,4.2,6.0,60.43,42.49,NVIDIA GeForce RTX 4090,34,83.32,18,2540.1,24564.0,
2026-09-07T19:17:33.122091+00:00,07_end_to_end_paired,1,1,4.2,5.97,60.43,42.49,NVIDIA GeForce RTX 4090,34,83.86,29,2540.1,24564.0,
2026-09-07T19:17:43.133132+00:00,07_end_to_end_paired,1,1,4.2,5.96,60.43,42.49,NVIDIA GeForce RTX 4090,34,82.34,19,2540.1,24564.0,
2026-09-07T19:17:53.144056+00:00,07_end_to_end_paired,1,1,4.2,5.96,60.43,42.49,NVIDIA GeForce RTX 4090,34,82.98,25,2540.1,24564.0,
2026-09-07T19:18:03.155168+00:00,07_end_to_end_paired,1,1,4.2,5.96,60.43,42.49,NVIDIA GeForce RTX 4090,34,83.69,30,2540.1,24564.0,
2026-09-07T19:18:13.166247+00:00,07_end_to_end_paired,1,1,4.2,5.96,60.43,42.49,NVIDIA GeForce RTX 4090,34,83.69,19,2540.1,24564.0,
2026-09-07T19:18:23.177094+00:00,07_end_to_end_paired,1,1,4.2,5.96,60.43,42.49,NVIDIA GeForce RTX 4090,34,83.24,25,2540.1,24564.0,
2026-09-07T19:18:33.188175+00:00,07_end_to_end_paired,1,1,4.2,5.97,60.43,42.49,NVIDIA GeForce RTX 4090,34,83.28,15,2540.1,24564.0,
2026-09-07T19:18:43.199031+00:00,07_end_to_end_paired,1,1,4.2,5.96,60.43,42.49,NVIDIA GeForce RTX 4090,34,83.2,26,2540.1,24564.0,
2026-09-07T19:18:53.210042+00:00,07_end_to_end_paired,1,1,4.2,5.97,60.43,42.49,NVIDIA GeForce RTX 4090,34,83.49,26,2540.1,24564.0,
2026-09-07T19:19:03.221081+00:00,07_end_to_end_paired,1,1,4.2,5.96,60.43,42.49,NVIDIA GeForce RTX 4090,33,83.48,18,2540.1,24564.0,
2026-09-07T19:19:13.233016+00:00,07_end_to_end_paired,1,1,4.2,5.97,60.43,42.49,NVIDIA GeForce RTX 4090,34,83.69,26,2540.1,24564.0,
2026-09-07T19:19:23.244055+00:00,07_end_to_end_paired,1,1,4.2,5.97,60.43,42.49,NVIDIA GeForce RTX 4090,34,83.45,21,2540.1,24564.0,
2026-09-07T19:19:33.255156+00:00,07_end_to_end_paired,1,1,4.2,5.97,60.43,42.49,NVIDIA GeForce RTX 4090,34,83.28,19,2540.1,24564.0,
2026-09-07T19:19:43.266033+00:00,07_end_to_end_paired,1,1,4.2,5.97,60.43,42.49,NVIDIA GeForce RTX 4090,34,83.25,31,2540.1,24564.0,
2026-09-07T19:19:53.277142+00:00,07_end_to_end_paired,1,1,4.2,5.96,60.43,42.49,NVIDIA GeForce RTX 4090,34,84.28,23,2540.1,24564.0,
2026-09-07T19:20:03.288203+00:00,07_end_to_end_paired,1,1,4.2,5.96,60.43,42.49,NVIDIA GeForce RTX 4090,34,78.11,26,2540.1,24564.0,
2026-09-07T19:20:13.299014+00:00,07_end_to_end_paired,1,1,4.2,5.96,60.43,42.49,NVIDIA GeForce RTX 4090,34,83.36,28,2540.1,24564.0,
2026-09-07T19:20:23.310078+00:00,07_end_to_end_paired,1,1,4.2,5.96,60.43,42.49,NVIDIA GeForce RTX 4090,33,83.66,19,2540.1,24564.0,
2026-09-07T19:20:33.320901+00:00,07_end_to_end_paired,1,1,4.2,5.96,60.43,42.49,NVIDIA GeForce RTX 4090,34,82.96,26,2540.1,24564.0,
2026-09-07T19:20:43.331887+00:00,07_end_to_end_paired,1,1,4.2,5.96,60.43,42.49,NVIDIA GeForce RTX 4090,34,82.2,26,2540.1,24564.0,
2026-09-07T19:20:53.342964+00:00,07_end_to_end_paired,1,1,4.2,5.96,60.43,42.49,NVIDIA GeForce RTX 4090,34,83.39,23,2540.1,24564.0,
2026-09-07T19:21:03.353760+00:00,07_end_to_end_paired,1,1,4.2,5.96,60.43,42.49,NVIDIA GeForce RTX 4090,34,83.34,21,2540.1,24564.0,
2026-09-07T19:21:13.364846+00:00,07_end_to_end_paired,1,1,4.2,5.96,60.43,42.49,NVIDIA GeForce RTX 4090,34,81.86,26,2540.1,24564.0,
2026-09-07T19:21:23.375737+00:00,07_end_to_end_paired,1,1,4.2,5.96,60.43,42.49,NVIDIA GeForce RTX 4090,34,83.67,27,2540.1,24564.0,
2026-09-07T19:21:33.387195+00:00,07_end_to_end_paired,1,1,4.2,5.97,60.43,42.49,NVIDIA GeForce RTX 4090,33,83.36,14,2540.1,24564.0,
2026-09-07T19:21:43.398063+00:00,07_end_to_end_paired,1,1,4.2,5.97,60.43,42.49,NVIDIA GeForce RTX 4090,34,83.61,26,2540.1,24564.0,
2026-09-07T19:21:53.408872+00:00,07_end_to_end_paired,1,1,4.2,5.97,60.43,42.49,NVIDIA GeForce RTX 4090,34,83.41,26,2540.1,24564.0,
2026-09-07T19:22:03.420015+00:00,07_end_to_end_paired,1,1,4.2,5.96,60.43,42.49,NVIDIA GeForce RTX 4090,34,81.83,26,2540.1,24564.0,
2026-09-07T19:22:13.431135+00:00,07_end_to_end_paired,1,1,4.2,5.96,60.43,42.49,NVIDIA GeForce RTX 4090,34,83.15,26,2540.1,24564.0,
2026-09-07T19:22:23.441753+00:00,07_end_to_end_paired,1,1,4.2,5.96,60.43,42.49,NVIDIA GeForce RTX 4090,34,83.26,16,2540.1,24564.0,
2026-09-07T19:22:33.452785+00:00,07_end_to_end_paired,1,1,4.2,5.96,60.43,42.49,NVIDIA GeForce RTX 4090,34,83.33,26,2540.1,24564.0,
2026-09-07T19:22:43.463573+00:00,07_end_to_end_paired,1,1,4.2,5.96,60.43,42.49,NVIDIA GeForce RTX 4090,34,82.17,26,2540.1,24564.0,
2026-09-07T19:22:53.474544+00:00,07_end_to_end_paired,1,1,4.2,5.96,60.43,42.49,NVIDIA GeForce RTX 4090,34,83.11,25,2540.1,24564.0,
2026-09-07T19:23:03.485485+00:00,07_end_to_end_paired,1,1,4.2,5.96,60.43,42.49,NVIDIA GeForce RTX 4090,34,83.26,25,2540.1,24564.0,
2026-09-07T19:23:13.496575+00:00,07_end_to_end_paired,1,1,4.2,5.96,60.43,42.49,NVIDIA GeForce RTX 4090,34,83.08,26,2540.1,24564.0,
2026-09-07T19:23:23.507825+00:00,07_end_to_end_paired,1,1,4.2,5.96,60.43,42.49,NVIDIA GeForce RTX 4090,34,83.01,26,2540.1,24564.0,
2026-09-07T19:23:33.518907+00:00,07_end_to_end_paired,1,1,4.2,5.96,60.43,42.49,NVIDIA GeForce RTX 4090,34,84.0,26,2540.1,24564.0,
2026-09-07T19:23:43.529794+00:00,07_end_to_end_paired,1,1,4.2,5.96,60.43,42.49,NVIDIA GeForce RTX 4090,34,83.46,32,2540.1,24564.0,
2026-09-07T19:23:53.540879+00:00,07_end_to_end_paired,1,1,4.2,5.96,60.43,42.49,NVIDIA GeForce RTX 4090,34,83.14,26,2540.1,24564.0,
2026-09-07T19:24:03.551587+00:00,07_end_to_end_paired,1,1,4.2,5.96,60.43,42.49,NVIDIA GeForce RTX 4090,34,83.56,29,2540.1,24564.0,
2026-09-07T19:24:13.562689+00:00,07_end_to_end_paired,1,1,4.2,5.96,60.43,42.49,NVIDIA GeForce RTX 4090,33,82.98,17,2540.1,24564.0,
2026-09-07T19:24:23.573846+00:00,07_end_to_end_paired,1,1,4.2,5.95,60.43,42.49,NVIDIA GeForce RTX 4090,34,83.59,26,2540.1,24564.0,
2026-09-07T19:24:33.584608+00:00,07_end_to_end_paired,1,1,4.2,5.97,60.43,42.49,NVIDIA GeForce RTX 4090,35,82.79,17,2540.1,24564.0,
2026-09-07T19:24:43.595607+00:00,07_end_to_end_paired,1,1,4.2,5.96,60.43,42.49,NVIDIA GeForce RTX 4090,34,82.96,18,2540.1,24564.0,
2026-09-07T19:24:53.606780+00:00,07_end_to_end_paired,2,2,3.9,5.93,60.43,42.49,NVIDIA GeForce RTX 4090,33,71.59,18,2540.1,24564.0,
2026-09-07T19:25:03.617412+00:00,07_end_to_end_paired,2,2,3.7,6.03,60.43,42.49,NVIDIA GeForce RTX 4090,33,81.42,25,2540.1,24564.0,
2026-09-07T19:25:13.628234+00:00,07_end_to_end_paired,2,2,4.2,6.0,60.43,42.49,NVIDIA GeForce RTX 4090,33,82.55,18,2540.1,24564.0,
2026-09-07T19:25:23.639147+00:00,07_end_to_end_paired,2,2,4.2,5.99,60.43,42.49,NVIDIA GeForce RTX 4090,33,82.58,25,2540.1,24564.0,
2026-09-07T19:25:33.650155+00:00,07_end_to_end_paired,2,2,4.2,5.98,60.43,42.49,NVIDIA GeForce RTX 4090,33,82.81,13,2540.1,24564.0,
2026-09-07T19:25:43.661156+00:00,07_end_to_end_paired,2,2,4.2,5.99,60.43,42.49,NVIDIA GeForce RTX 4090,33,82.28,25,2540.1,24564.0,
2026-09-07T19:25:53.672300+00:00,07_end_to_end_paired,2,2,4.2,5.99,60.43,42.49,NVIDIA GeForce RTX 4090,33,82.66,21,2540.1,24564.0,
2026-09-07T19:26:03.683120+00:00,07_end_to_end_paired,2,2,4.2,5.99,60.43,42.49,NVIDIA GeForce RTX 4090,34,83.49,30,2540.1,24564.0,
2026-09-07T19:26:13.694318+00:00,07_end_to_end_paired,2,2,4.2,6.0,60.43,42.49,NVIDIA GeForce RTX 4090,33,81.1,25,2540.1,24564.0,
2026-09-07T19:26:23.705401+00:00,07_end_to_end_paired,2,2,4.2,5.99,60.43,42.49,NVIDIA GeForce RTX 4090,33,83.5,25,2540.1,24564.0,
2026-09-07T19:26:33.716853+00:00,07_end_to_end_paired,2,2,4.2,6.0,60.43,42.49,NVIDIA GeForce RTX 4090,33,83.33,25,2540.1,24564.0,
2026-09-07T19:26:43.728050+00:00,07_end_to_end_paired,2,2,4.2,5.99,60.43,42.49,NVIDIA GeForce RTX 4090,34,83.39,29,2540.1,24564.0,
2026-09-07T19:26:53.738813+00:00,07_end_to_end_paired,2,2,4.2,5.99,60.43,42.49,NVIDIA GeForce RTX 4090,33,83.79,25,2540.1,24564.0,
2026-09-07T19:27:03.749817+00:00,07_end_to_end_paired,2,2,4.2,5.99,60.43,42.49,NVIDIA GeForce RTX 4090,33,82.88,25,2540.1,24564.0,
2026-09-07T19:27:13.760757+00:00,07_end_to_end_paired,2,2,4.2,5.99,60.43,42.49,NVIDIA GeForce RTX 4090,34,82.69,24,2540.1,24564.0,
2026-09-07T19:27:23.771838+00:00,07_end_to_end_paired,2,2,4.2,5.99,60.43,42.49,NVIDIA GeForce RTX 4090,33,83.64,25,2540.1,24564.0,
2026-09-07T19:27:33.784149+00:00,07_end_to_end_paired,2,2,4.2,5.99,60.43,42.49,NVIDIA GeForce RTX 4090,33,83.28,20,2540.1,24564.0,
2026-09-07T19:27:43.795096+00:00,07_end_to_end_paired,2,2,4.2,5.99,60.43,42.49,NVIDIA GeForce RTX 4090,33,81.8,26,2540.1,24564.0,
2026-09-07T19:27:53.806042+00:00,07_end_to_end_paired,2,2,4.2,5.99,60.43,42.49,NVIDIA GeForce RTX 4090,33,83.6,21,2540.1,24564.0,
2026-09-07T19:28:03.817118+00:00,07_end_to_end_paired,2,2,4.2,5.99,60.43,42.49,NVIDIA GeForce RTX 4090,33,82.98,25,2540.1,24564.0,
2026-09-07T19:28:13.828183+00:00,07_end_to_end_paired,2,2,4.2,6.0,60.43,42.49,NVIDIA GeForce RTX 4090,33,82.24,26,2540.1,24564.0,
2026-09-07T19:28:23.839166+00:00,07_end_to_end_paired,2,2,4.2,5.99,60.43,42.49,NVIDIA GeForce RTX 4090,33,83.73,14,2540.1,24564.0,
2026-09-07T19:28:33.850260+00:00,07_end_to_end_paired,2,2,4.2,5.99,60.43,42.49,NVIDIA GeForce RTX 4090,33,83.58,28,2540.1,24564.0,
2026-09-07T19:28:43.861512+00:00,07_end_to_end_paired,2,2,4.2,5.99,60.43,42.49,NVIDIA GeForce RTX 4090,33,83.13,25,2540.1,24564.0,
2026-09-07T19:28:53.872382+00:00,07_end_to_end_paired,2,2,4.2,5.99,60.43,42.49,NVIDIA GeForce RTX 4090,34,83.74,22,2540.1,24564.0,
2026-09-07T19:29:03.883675+00:00,07_end_to_end_paired,2,2,4.2,5.99,60.43,42.49,NVIDIA GeForce RTX 4090,33,83.1,25,2540.1,24564.0,
2026-09-07T19:29:13.894725+00:00,07_end_to_end_paired,2,2,4.2,5.99,60.43,42.49,NVIDIA GeForce RTX 4090,34,83.41,20,2540.1,24564.0,
2026-09-07T19:29:23.905830+00:00,07_end_to_end_paired,2,2,4.2,5.99,60.43,42.49,NVIDIA GeForce RTX 4090,33,83.35,27,2540.1,24564.0,
2026-09-07T19:29:33.916731+00:00,07_end_to_end_paired,2,2,4.2,5.99,60.43,42.49,NVIDIA GeForce RTX 4090,33,83.61,25,2540.1,24564.0,
2026-09-07T19:29:43.927842+00:00,07_end_to_end_paired,2,2,4.2,5.98,60.43,42.49,NVIDIA GeForce RTX 4090,33,83.37,25,2540.1,24564.0,
2026-09-07T19:29:53.938871+00:00,07_end_to_end_paired,2,2,4.2,5.99,60.43,42.49,NVIDIA GeForce RTX 4090,34,83.15,18,2540.1,24564.0,
2026-09-07T19:30:03.949837+00:00,07_end_to_end_paired,2,2,4.2,5.99,60.43,42.49,NVIDIA GeForce RTX 4090,33,83.64,26,2540.1,24564.0,
2026-09-07T19:30:13.960892+00:00,07_end_to_end_paired,2,2,4.2,5.99,60.43,42.49,NVIDIA GeForce RTX 4090,34,82.15,20,2540.1,24564.0,
2026-09-07T19:30:23.972910+00:00,07_end_to_end_paired,2,2,4.2,5.99,60.43,42.49,NVIDIA GeForce RTX 4090,34,83.71,30,2540.1,24564.0,
2026-09-07T19:30:33.983786+00:00,07_end_to_end_paired,2,2,4.2,5.99,60.43,42.49,NVIDIA GeForce RTX 4090,33,84.14,26,2540.1,24564.0,
2026-09-07T19:30:43.996012+00:00,07_end_to_end_paired,2,2,4.2,5.99,60.43,42.49,NVIDIA GeForce RTX 4090,33,83.62,28,2540.1,24564.0,
2026-09-07T19:30:54.007102+00:00,07_end_to_end_paired,2,2,4.2,5.99,60.43,42.49,NVIDIA GeForce RTX 4090,34,83.47,16,2540.1,24564.0,
2026-09-07T19:31:04.018011+00:00,07_end_to_end_paired,2,2,4.2,5.99,60.43,42.49,NVIDIA GeForce RTX 4090,33,82.54,26,2540.1,24564.0,
2026-09-07T19:31:14.030413+00:00,07_end_to_end_paired,2,2,4.2,5.99,60.43,42.49,NVIDIA GeForce RTX 4090,34,83.62,22,2540.1,24564.0,
2026-09-07T19:31:24.041448+00:00,07_end_to_end_paired,2,2,4.2,5.99,60.43,42.49,NVIDIA GeForce RTX 4090,33,81.93,25,2540.1,24564.0,
2026-09-07T19:31:34.052339+00:00,07_end_to_end_paired,2,2,4.2,5.99,60.43,42.49,NVIDIA GeForce RTX 4090,34,83.61,26,2540.1,24564.0,
2026-09-07T19:31:44.063521+00:00,07_end_to_end_paired,2,2,4.2,5.99,60.43,42.49,NVIDIA GeForce RTX 4090,34,83.36,28,2540.1,24564.0,
2026-09-07T19:31:54.074302+00:00,07_end_to_end_paired,2,2,4.2,5.99,60.43,42.49,NVIDIA GeForce RTX 4090,33,83.57,12,2540.1,24564.0,
2026-09-07T19:32:04.085338+00:00,07_end_to_end_paired,2,2,4.2,5.99,60.43,42.49,NVIDIA GeForce RTX 4090,34,83.6,25,2540.1,24564.0,
2026-09-07T19:32:14.096447+00:00,07_end_to_end_paired,3,3,3.4,5.95,60.43,42.49,NVIDIA GeForce RTX 4090,33,64.44,0,2540.1,24564.0,
2026-09-07T19:32:24.107279+00:00,07_end_to_end_paired,3,3,4.2,6.0,60.43,42.49,NVIDIA GeForce RTX 4090,34,83.97,31,2540.1,24564.0,
2026-09-07T19:32:34.118276+00:00,07_end_to_end_paired,3,3,4.2,5.99,60.43,42.49,NVIDIA GeForce RTX 4090,34,83.47,29,2540.1,24564.0,
2026-09-07T19:32:44.129243+00:00,07_end_to_end_paired,3,3,4.2,5.98,60.43,42.49,NVIDIA GeForce RTX 4090,33,70.51,0,2540.1,24564.0,
2026-09-07T19:32:54.139957+00:00,07_end_to_end_paired,3,3,4.2,5.98,60.43,42.49,NVIDIA GeForce RTX 4090,33,83.47,12,2540.1,24564.0,
2026-09-07T19:33:04.150800+00:00,07_end_to_end_paired,3,3,4.2,5.98,60.43,42.49,NVIDIA GeForce RTX 4090,33,84.02,26,2540.1,24564.0,
2026-09-07T19:33:14.161747+00:00,07_end_to_end_paired,3,3,4.2,5.98,60.43,42.49,NVIDIA GeForce RTX 4090,34,83.72,27,2540.1,24564.0,
2026-09-07T19:33:24.173231+00:00,07_end_to_end_paired,3,3,4.2,5.98,60.43,42.49,NVIDIA GeForce RTX 4090,34,82.6,24,2540.1,24564.0,
2026-09-07T19:33:34.185308+00:00,07_end_to_end_paired,3,3,4.2,5.98,60.43,42.49,NVIDIA GeForce RTX 4090,34,83.46,13,2540.1,24564.0,
2026-09-07T19:33:44.196396+00:00,07_end_to_end_paired,3,3,4.2,5.98,60.43,42.49,NVIDIA GeForce RTX 4090,33,83.44,26,2540.1,24564.0,
2026-09-07T19:33:54.207486+00:00,07_end_to_end_paired,3,3,4.2,5.98,60.43,42.49,NVIDIA GeForce RTX 4090,33,83.7,27,2540.1,24564.0,
2026-09-07T19:34:04.218543+00:00,07_end_to_end_paired,3,3,4.2,5.98,60.43,42.49,NVIDIA GeForce RTX 4090,34,84.01,17,2540.1,24564.0,
2026-09-07T19:34:14.230277+00:00,07_end_to_end_paired,3,3,4.2,5.98,60.43,42.49,NVIDIA GeForce RTX 4090,33,83.02,26,2540.1,24564.0,
2026-09-07T19:34:24.241256+00:00,07_end_to_end_paired,3,3,4.2,5.98,60.43,42.49,NVIDIA GeForce RTX 4090,34,83.59,26,2540.1,24564.0,
2026-09-07T19:34:34.252193+00:00,07_end_to_end_paired,3,3,4.2,5.98,60.43,42.49,NVIDIA GeForce RTX 4090,34,83.78,31,2540.1,24564.0,
2026-09-07T19:34:44.263021+00:00,07_end_to_end_paired,3,3,4.2,5.98,60.43,42.49,NVIDIA GeForce RTX 4090,33,83.75,16,2540.1,24564.0,
2026-09-07T19:34:54.274199+00:00,07_end_to_end_paired,3,3,4.2,5.98,60.43,42.49,NVIDIA GeForce RTX 4090,34,83.97,26,2540.1,24564.0,
2026-09-07T19:35:04.285195+00:00,07_end_to_end_paired,3,3,4.2,5.98,60.43,42.49,NVIDIA GeForce RTX 4090,34,84.06,26,2540.1,24564.0,
2026-09-07T19:35:14.296240+00:00,07_end_to_end_paired,3,3,4.2,5.98,60.43,42.49,NVIDIA GeForce RTX 4090,34,83.66,29,2540.1,24564.0,
2026-09-07T19:35:24.307332+00:00,07_end_to_end_paired,3,3,4.2,5.99,60.43,42.49,NVIDIA GeForce RTX 4090,33,83.17,17,2540.1,24564.0,
2026-09-07T19:35:34.318244+00:00,07_end_to_end_paired,3,3,4.2,5.99,60.43,42.49,NVIDIA GeForce RTX 4090,33,83.6,14,2540.1,24564.0,
2026-09-07T19:35:44.329196+00:00,07_end_to_end_paired,3,3,4.2,5.99,60.43,42.49,NVIDIA GeForce RTX 4090,33,82.8,26,2540.1,24564.0,
2026-09-07T19:35:54.340206+00:00,07_end_to_end_paired,3,3,4.2,5.99,60.43,42.49,NVIDIA GeForce RTX 4090,34,83.24,29,2540.1,24564.0,
2026-09-07T19:36:04.351124+00:00,07_end_to_end_paired,3,3,4.2,5.99,60.43,42.49,NVIDIA GeForce RTX 4090,33,83.61,15,2540.1,24564.0,
2026-09-07T19:36:14.362070+00:00,07_end_to_end_paired,3,3,4.2,5.99,60.43,42.49,NVIDIA GeForce RTX 4090,33,83.96,26,2540.1,24564.0,
2026-09-07T19:36:24.373038+00:00,07_end_to_end_paired,3,3,4.2,5.99,60.43,42.49,NVIDIA GeForce RTX 4090,34,83.35,24,2540.1,24564.0,
2026-09-07T19:36:34.384316+00:00,07_end_to_end_paired,3,3,4.2,5.99,60.43,42.49,NVIDIA GeForce RTX 4090,34,83.66,26,2540.1,24564.0,
2026-09-07T19:36:44.395722+00:00,07_end_to_end_paired,3,3,4.2,5.99,60.43,42.49,NVIDIA GeForce RTX 4090,34,83.22,27,2540.1,24564.0,
2026-09-07T19:36:54.407121+00:00,07_end_to_end_paired,3,3,4.2,5.99,60.43,42.49,NVIDIA GeForce RTX 4090,33,83.52,25,2540.1,24564.0,
2026-09-07T19:37:04.418068+00:00,07_end_to_end_paired,3,3,4.2,5.99,60.43,42.49,NVIDIA GeForce RTX 4090,33,83.77,21,2540.1,24564.0,
2026-09-07T19:37:14.429045+00:00,07_end_to_end_paired,3,3,4.2,5.99,60.43,42.49,NVIDIA GeForce RTX 4090,34,82.52,26,2540.1,24564.0,
2026-09-07T19:37:24.440100+00:00,07_end_to_end_paired,3,3,4.2,5.99,60.43,42.49,NVIDIA GeForce RTX 4090,33,83.55,30,2540.1,24564.0,
2026-09-07T19:37:34.451140+00:00,07_end_to_end_paired,3,3,4.2,5.99,60.43,42.49,NVIDIA GeForce RTX 4090,34,83.41,20,2540.1,24564.0,
2026-09-07T19:37:44.462081+00:00,07_end_to_end_paired,3,3,4.2,5.99,60.43,42.49,NVIDIA GeForce RTX 4090,33,84.4,33,2540.1,24564.0,
2026-09-07T19:37:54.473359+00:00,07_end_to_end_paired,3,3,4.2,5.99,60.43,42.49,NVIDIA GeForce RTX 4090,33,84.21,20,2540.1,24564.0,
2026-09-07T19:38:04.484080+00:00,07_end_to_end_paired,3,3,4.2,5.99,60.43,42.49,NVIDIA GeForce RTX 4090,33,83.81,15,2540.1,24564.0,
2026-09-07T19:38:14.495057+00:00,07_end_to_end_paired,3,3,4.2,5.99,60.43,42.49,NVIDIA GeForce RTX 4090,33,83.16,26,2540.1,24564.0,
2026-09-07T19:38:24.506162+00:00,07_end_to_end_paired,3,3,4.2,5.99,60.43,42.49,NVIDIA GeForce RTX 4090,33,82.94,26,2540.1,24564.0,
2026-09-07T19:38:34.517382+00:00,07_end_to_end_paired,3,3,4.2,5.99,60.43,42.49,NVIDIA GeForce RTX 4090,33,83.63,26,2540.1,24564.0,
2026-09-07T19:38:44.528252+00:00,07_end_to_end_paired,3,3,4.2,5.99,60.43,42.49,NVIDIA GeForce RTX 4090,33,83.44,26,2540.1,24564.0,
2026-09-07T19:38:54.539226+00:00,07_end_to_end_paired,3,3,4.2,5.99,60.43,42.49,NVIDIA GeForce RTX 4090,34,83.45,28,2540.1,24564.0,
2026-09-07T19:39:04.550210+00:00,07_end_to_end_paired,3,3,4.2,5.99,60.43,42.49,NVIDIA GeForce RTX 4090,34,83.28,28,2540.1,24564.0,
2026-09-07T19:39:14.561063+00:00,07_end_to_end_paired,3,3,4.2,5.99,60.43,42.49,NVIDIA GeForce RTX 4090,34,83.32,21,2540.1,24564.0,
2026-09-07T19:39:24.572084+00:00,07_end_to_end_paired,3,3,4.2,5.99,60.43,42.49,NVIDIA GeForce RTX 4090,33,83.44,17,2540.1,24564.0,
2026-09-07T19:39:34.583175+00:00,07_end_to_end_paired,3,3,4.2,5.99,60.43,42.49,NVIDIA GeForce RTX 4090,34,83.52,26,2540.1,24564.0,
2026-09-07T19:39:44.594426+00:00,07_end_to_end_paired,3,3,4.2,5.99,60.43,42.49,NVIDIA GeForce RTX 4090,33,83.48,19,2540.1,24564.0,
2026-09-07T19:39:54.605515+00:00,07_end_to_end_paired,3,3,4.2,5.99,60.43,42.49,NVIDIA GeForce RTX 4090,33,83.83,17,2540.1,24564.0,
2026-09-07T19:40:04.616407+00:00,07_end_to_end_paired,3,3,4.2,5.99,60.43,42.49,NVIDIA GeForce RTX 4090,34,83.96,26,2540.1,24564.0,
2026-09-07T19:40:14.627785+00:00,07_end_to_end_paired,4,4,3.1,5.94,60.43,42.49,NVIDIA GeForce RTX 4090,33,64.22,0,2540.1,24564.0,
2026-09-07T19:40:24.638640+00:00,07_end_to_end_paired,4,4,4.1,6.0,60.43,42.49,NVIDIA GeForce RTX 4090,33,82.91,26,2540.1,24564.0,
2026-09-07T19:40:34.649760+00:00,07_end_to_end_paired,4,4,4.2,5.98,60.43,42.49,NVIDIA GeForce RTX 4090,33,83.4,26,2540.1,24564.0,
2026-09-07T19:40:44.660643+00:00,07_end_to_end_paired,4,4,4.2,5.97,60.43,42.49,NVIDIA GeForce RTX 4090,34,83.45,25,2540.1,24564.0,
2026-09-07T19:40:54.671541+00:00,07_end_to_end_paired,4,4,4.2,5.97,60.43,42.49,NVIDIA GeForce RTX 4090,33,83.02,18,2540.1,24564.0,
2026-09-07T19:41:04.682625+00:00,07_end_to_end_paired,4,4,4.2,5.97,60.43,42.49,NVIDIA GeForce RTX 4090,33,83.2,19,2540.1,24564.0,
2026-09-07T19:41:14.693603+00:00,07_end_to_end_paired,4,4,4.2,5.97,60.43,42.49,NVIDIA GeForce RTX 4090,34,81.76,25,2540.1,24564.0,
2026-09-07T19:41:24.704634+00:00,07_end_to_end_paired,4,4,4.2,5.97,60.43,42.49,NVIDIA GeForce RTX 4090,34,83.52,26,2540.1,24564.0,
2026-09-07T19:41:34.716365+00:00,07_end_to_end_paired,4,4,4.2,5.94,60.43,42.49,NVIDIA GeForce RTX 4090,33,80.39,27,2540.1,24564.0,
2026-09-07T19:41:44.727102+00:00,07_end_to_end_paired,4,4,4.2,5.98,60.43,42.49,NVIDIA GeForce RTX 4090,34,83.0,27,2540.1,24564.0,
2026-09-07T19:41:54.738172+00:00,07_end_to_end_paired,4,4,4.2,5.98,60.43,42.49,NVIDIA GeForce RTX 4090,33,83.45,26,2540.1,24564.0,
2026-09-07T19:42:04.749399+00:00,07_end_to_end_paired,4,4,4.2,5.98,60.43,42.49,NVIDIA GeForce RTX 4090,33,83.5,27,2540.1,24564.0,
2026-09-07T19:42:14.760229+00:00,07_end_to_end_paired,4,4,4.2,5.98,60.43,42.49,NVIDIA GeForce RTX 4090,34,83.11,30,2540.1,24564.0,
2026-09-07T19:42:24.771085+00:00,07_end_to_end_paired,4,4,4.2,5.98,60.43,42.49,NVIDIA GeForce RTX 4090,34,83.72,28,2540.1,24564.0,
2026-09-07T19:42:34.782086+00:00,07_end_to_end_paired,4,4,4.2,5.98,60.43,42.49,NVIDIA GeForce RTX 4090,33,83.13,18,2540.1,24564.0,
2026-09-07T19:42:44.793008+00:00,07_end_to_end_paired,4,4,4.2,5.98,60.43,42.49,NVIDIA GeForce RTX 4090,33,83.15,26,2540.1,24564.0,
2026-09-07T19:42:54.804170+00:00,07_end_to_end_paired,4,4,4.2,5.98,60.43,42.49,NVIDIA GeForce RTX 4090,33,83.33,26,2540.1,24564.0,
2026-09-07T19:43:04.816322+00:00,07_end_to_end_paired,4,4,4.2,5.98,60.43,42.49,NVIDIA GeForce RTX 4090,33,83.31,28,2540.1,24564.0,
2026-09-07T19:43:14.827220+00:00,07_end_to_end_paired,4,4,4.2,5.98,60.43,42.49,NVIDIA GeForce RTX 4090,33,82.86,29,2540.1,24564.0,
2026-09-07T19:43:24.838211+00:00,07_end_to_end_paired,4,4,4.2,5.98,60.43,42.49,NVIDIA GeForce RTX 4090,34,83.23,17,2540.1,24564.0,
2026-09-07T19:43:34.849237+00:00,07_end_to_end_paired,4,4,4.2,5.98,60.43,42.49,NVIDIA GeForce RTX 4090,35,83.5,20,2540.1,24564.0,
2026-09-07T19:43:44.860185+00:00,07_end_to_end_paired,4,4,4.2,5.98,60.43,42.49,NVIDIA GeForce RTX 4090,33,83.62,26,2540.1,24564.0,
2026-09-07T19:43:54.871181+00:00,07_end_to_end_paired,4,4,4.2,5.98,60.43,42.49,NVIDIA GeForce RTX 4090,33,82.91,32,2540.1,24564.0,
2026-09-07T19:44:04.882800+00:00,07_end_to_end_paired,4,4,4.2,5.98,60.43,42.49,NVIDIA GeForce RTX 4090,34,83.34,19,2540.1,24564.0,
2026-09-07T19:44:14.893533+00:00,07_end_to_end_paired,4,4,4.2,5.98,60.43,42.49,NVIDIA GeForce RTX 4090,34,83.53,19,2540.1,24564.0,
2026-09-07T19:44:24.904515+00:00,07_end_to_end_paired,4,4,4.2,5.98,60.43,42.49,NVIDIA GeForce RTX 4090,33,83.27,26,2540.1,24564.0,
2026-09-07T19:44:34.915353+00:00,07_end_to_end_paired,4,4,4.2,5.98,60.43,42.49,NVIDIA GeForce RTX 4090,33,82.76,26,2540.1,24564.0,
2026-09-07T19:44:44.926413+00:00,07_end_to_end_paired,4,4,4.2,5.98,60.43,42.49,NVIDIA GeForce RTX 4090,34,83.65,28,2540.1,24564.0,
2026-09-07T19:44:54.937667+00:00,07_end_to_end_paired,4,4,4.2,5.98,60.43,42.49,NVIDIA GeForce RTX 4090,34,83.71,20,2540.1,24564.0,
2026-09-07T19:45:04.948783+00:00,07_end_to_end_paired,4,4,4.2,5.98,60.43,42.49,NVIDIA GeForce RTX 4090,34,83.45,12,2540.1,24564.0,
2026-09-07T19:45:14.959744+00:00,07_end_to_end_paired,4,4,4.2,5.98,60.43,42.49,NVIDIA GeForce RTX 4090,35,82.09,20,2540.1,24564.0,
2026-09-07T19:45:24.971995+00:00,07_end_to_end_paired,4,4,4.2,5.98,60.43,42.49,NVIDIA GeForce RTX 4090,33,83.24,26,2540.1,24564.0,
2026-09-07T19:45:34.983000+00:00,07_end_to_end_paired,4,4,4.2,5.98,60.43,42.49,NVIDIA GeForce RTX 4090,33,83.08,33,2540.1,24564.0,
2026-09-07T19:45:44.994120+00:00,07_end_to_end_paired,4,4,4.2,5.98,60.43,42.49,NVIDIA GeForce RTX 4090,34,82.15,19,2540.1,24564.0,
2026-09-07T19:45:55.005149+00:00,07_end_to_end_paired,4,4,4.2,5.98,60.43,42.49,NVIDIA GeForce RTX 4090,33,83.81,22,2540.1,24564.0,
2026-09-07T19:46:05.016159+00:00,07_end_to_end_paired,4,4,4.2,5.98,60.43,42.49,NVIDIA GeForce RTX 4090,34,83.26,21,2540.1,24564.0,
2026-09-07T19:46:15.027320+00:00,07_end_to_end_paired,4,4,4.2,5.98,60.43,42.49,NVIDIA GeForce RTX 4090,33,82.97,24,2540.1,24564.0,
2026-09-07T19:46:25.038431+00:00,07_end_to_end_paired,4,4,4.2,5.98,60.43,42.49,NVIDIA GeForce RTX 4090,33,83.06,20,2540.1,24564.0,
2026-09-07T19:46:35.049463+00:00,07_end_to_end_paired,4,4,4.2,5.98,60.43,42.49,NVIDIA GeForce RTX 4090,33,83.04,24,2540.1,24564.0,
2026-09-07T19:46:45.060336+00:00,07_end_to_end_paired,4,4,4.2,5.98,60.43,42.49,NVIDIA GeForce RTX 4090,33,83.27,21,2540.1,24564.0,
2026-09-07T19:46:55.071459+00:00,07_end_to_end_paired,4,4,4.2,5.98,60.43,42.49,NVIDIA GeForce RTX 4090,33,82.83,20,2540.1,24564.0,
2026-09-07T19:47:05.082575+00:00,07_end_to_end_paired,4,4,4.2,5.98,60.43,42.49,NVIDIA GeForce RTX 4090,34,83.59,26,2540.1,24564.0,
2026-09-07T19:47:15.093243+00:00,07_end_to_end_paired,4,4,4.2,5.98,60.43,42.49,NVIDIA GeForce RTX 4090,34,83.21,31,2540.1,24564.0,
2026-09-07T19:47:25.104235+00:00,07_end_to_end_paired,4,4,4.2,5.98,60.43,42.49,NVIDIA GeForce RTX 4090,33,83.94,23,2540.1,24564.0,
2026-09-07T19:47:35.115149+00:00,07_end_to_end_paired,4,4,4.2,5.98,60.43,42.49,NVIDIA GeForce RTX 4090,34,83.7,23,2540.1,24564.0,
2026-09-07T19:47:45.126421+00:00,07_end_to_end_paired,5,5,3.9,5.94,60.43,42.49,NVIDIA GeForce RTX 4090,33,71.55,0,2540.1,24564.0,
2026-09-07T19:47:55.137259+00:00,07_end_to_end_paired,5,5,3.6,6.04,60.43,42.49,NVIDIA GeForce RTX 4090,34,82.96,22,2582.1,24564.0,
2026-09-07T19:48:05.148167+00:00,07_end_to_end_paired,5,5,4.2,6.0,60.43,42.49,NVIDIA GeForce RTX 4090,33,81.88,25,2582.1,24564.0,
2026-09-07T19:48:15.159414+00:00,07_end_to_end_paired,5,5,4.2,5.99,60.43,42.49,NVIDIA GeForce RTX 4090,34,83.1,20,2582.1,24564.0,
2026-09-07T19:48:25.170499+00:00,07_end_to_end_paired,5,5,4.2,5.98,60.43,42.49,NVIDIA GeForce RTX 4090,33,83.14,26,2582.1,24564.0,
2026-09-07T19:48:35.181761+00:00,07_end_to_end_paired,5,5,4.2,5.98,60.43,42.49,NVIDIA GeForce RTX 4090,33,83.06,28,2582.1,24564.0,
2026-09-07T19:48:45.192856+00:00,07_end_to_end_paired,5,5,4.2,5.98,60.43,42.49,NVIDIA GeForce RTX 4090,34,83.17,19,2582.1,24564.0,
2026-09-07T19:48:55.203754+00:00,07_end_to_end_paired,5,5,4.2,5.98,60.43,42.49,NVIDIA GeForce RTX 4090,33,82.85,26,2582.1,24564.0,
2026-09-07T19:49:05.214770+00:00,07_end_to_end_paired,5,5,4.2,5.98,60.43,42.49,NVIDIA GeForce RTX 4090,33,83.53,21,2582.1,24564.0,
2026-09-07T19:49:15.225743+00:00,07_end_to_end_paired,5,5,4.2,5.98,60.43,42.49,NVIDIA GeForce RTX 4090,33,82.32,26,2582.1,24564.0,
2026-09-07T19:49:25.236676+00:00,07_end_to_end_paired,5,5,4.2,5.98,60.43,42.49,NVIDIA GeForce RTX 4090,33,82.77,27,2582.1,24564.0,
2026-09-07T19:49:35.247726+00:00,07_end_to_end_paired,5,5,4.2,5.98,60.43,42.49,NVIDIA GeForce RTX 4090,34,78.18,25,2582.1,24564.0,
2026-09-07T19:49:45.258870+00:00,07_end_to_end_paired,5,5,4.2,5.98,60.43,42.49,NVIDIA GeForce RTX 4090,33,83.72,26,2582.1,24564.0,
2026-09-07T19:49:55.269838+00:00,07_end_to_end_paired,5,5,4.2,5.97,60.43,42.49,NVIDIA GeForce RTX 4090,33,82.89,26,2582.1,24564.0,
2026-09-07T19:50:05.280835+00:00,07_end_to_end_paired,5,5,4.2,5.98,60.43,42.49,NVIDIA GeForce RTX 4090,34,83.42,22,2582.1,24564.0,
2026-09-07T19:50:15.291889+00:00,07_end_to_end_paired,5,5,4.2,5.98,60.43,42.49,NVIDIA GeForce RTX 4090,33,83.15,26,2582.1,24564.0,
2026-09-07T19:50:25.303455+00:00,07_end_to_end_paired,5,5,4.2,5.98,60.43,42.49,NVIDIA GeForce RTX 4090,33,82.81,27,2582.1,24564.0,
2026-09-07T19:50:35.314499+00:00,07_end_to_end_paired,5,5,4.2,5.98,60.43,42.49,NVIDIA GeForce RTX 4090,33,82.73,27,2582.1,24564.0,
2026-09-07T19:50:45.325259+00:00,07_end_to_end_paired,5,5,4.2,5.98,60.43,42.49,NVIDIA GeForce RTX 4090,33,83.29,18,2582.1,24564.0,
2026-09-07T19:50:55.336371+00:00,07_end_to_end_paired,5,5,4.2,5.98,60.43,42.49,NVIDIA GeForce RTX 4090,33,83.38,28,2582.1,24564.0,
2026-09-07T19:51:05.347351+00:00,07_end_to_end_paired,5,5,4.2,5.98,60.43,42.49,NVIDIA GeForce RTX 4090,33,82.75,12,2582.1,24564.0,
2026-09-07T19:51:15.358314+00:00,07_end_to_end_paired,5,5,4.2,5.98,60.43,42.49,NVIDIA GeForce RTX 4090,33,83.41,28,2582.1,24564.0,
2026-09-07T19:51:25.369260+00:00,07_end_to_end_paired,5,5,4.2,5.98,60.43,42.49,NVIDIA GeForce RTX 4090,33,83.12,17,2582.1,24564.0,
2026-09-07T19:51:35.380469+00:00,07_end_to_end_paired,5,5,4.2,5.98,60.43,42.49,NVIDIA GeForce RTX 4090,34,83.57,26,2582.1,24564.0,
2026-09-07T19:51:45.391221+00:00,07_end_to_end_paired,5,5,4.2,5.98,60.43,42.49,NVIDIA GeForce RTX 4090,33,83.56,29,2582.1,24564.0,
2026-09-07T19:51:55.402263+00:00,07_end_to_end_paired,5,5,4.2,5.98,60.43,42.49,NVIDIA GeForce RTX 4090,33,82.12,23,2582.1,24564.0,
2026-09-07T19:52:05.413382+00:00,07_end_to_end_paired,5,5,4.2,5.98,60.43,42.49,NVIDIA GeForce RTX 4090,34,82.55,26,2582.1,24564.0,
2026-09-07T19:52:15.424732+00:00,07_end_to_end_paired,5,5,4.2,5.98,60.43,42.49,NVIDIA GeForce RTX 4090,33,82.69,26,2582.1,24564.0,
2026-09-07T19:52:25.435617+00:00,07_end_to_end_paired,5,5,4.2,5.98,60.43,42.49,NVIDIA GeForce RTX 4090,34,82.94,26,2582.1,24564.0,
2026-09-07T19:52:35.446756+00:00,07_end_to_end_paired,5,5,4.2,5.98,60.43,42.49,NVIDIA GeForce RTX 4090,34,83.39,30,2582.1,24564.0,
2026-09-07T19:52:45.458284+00:00,07_end_to_end_paired,5,5,4.2,5.98,60.43,42.49,NVIDIA GeForce RTX 4090,34,83.5,20,2582.1,24564.0,
2026-09-07T19:52:55.469194+00:00,07_end_to_end_paired,5,5,4.2,5.98,60.43,42.49,NVIDIA GeForce RTX 4090,33,83.35,22,2582.1,24564.0,
2026-09-07T19:53:05.480306+00:00,07_end_to_end_paired,5,5,4.2,5.98,60.43,42.49,NVIDIA GeForce RTX 4090,33,82.82,26,2582.1,24564.0,
2026-09-07T19:53:15.491417+00:00,07_end_to_end_paired,5,5,4.2,5.98,60.43,42.49,NVIDIA GeForce RTX 4090,34,82.94,31,2582.1,24564.0,
2026-09-07T19:53:25.502780+00:00,07_end_to_end_paired,5,5,4.2,5.98,60.43,42.49,NVIDIA GeForce RTX 4090,33,82.77,18,2582.1,24564.0,
2026-09-07T19:53:35.513780+00:00,07_end_to_end_paired,5,5,4.2,5.98,60.43,42.49,NVIDIA GeForce RTX 4090,33,82.77,18,2582.1,24564.0,
2026-09-07T19:53:45.524729+00:00,07_end_to_end_paired,5,5,4.2,5.98,60.43,42.49,NVIDIA GeForce RTX 4090,33,82.98,26,2582.1,24564.0,
2026-09-07T19:53:55.535582+00:00,07_end_to_end_paired,5,5,4.2,5.98,60.43,42.49,NVIDIA GeForce RTX 4090,34,83.02,28,2582.1,24564.0,
2026-09-07T19:54:05.546504+00:00,07_end_to_end_paired,5,5,4.2,5.98,60.43,42.49,NVIDIA GeForce RTX 4090,33,83.01,15,2582.1,24564.0,
2026-09-07T19:54:15.557817+00:00,07_end_to_end_paired,5,5,4.2,5.98,60.43,42.49,NVIDIA GeForce RTX 4090,33,83.14,26,2582.1,24564.0,
2026-09-07T19:54:25.568662+00:00,07_end_to_end_paired,5,5,4.2,5.98,60.43,42.49,NVIDIA GeForce RTX 4090,34,83.33,27,2582.1,24564.0,
2026-09-07T19:54:35.579660+00:00,07_end_to_end_paired,5,5,4.2,5.98,60.43,42.49,NVIDIA GeForce RTX 4090,34,83.12,18,2582.1,24564.0,
2026-09-07T19:54:45.591120+00:00,07_end_to_end_paired,6,6,3.6,5.94,60.43,42.49,NVIDIA GeForce RTX 4090,33,65.73,0,2582.1,24564.0,
2026-09-07T19:54:55.602036+00:00,07_end_to_end_paired,6,6,4.0,6.0,60.43,42.49,NVIDIA GeForce RTX 4090,33,83.09,26,2582.1,24564.0,
2026-09-07T19:55:05.612966+00:00,07_end_to_end_paired,6,6,4.2,5.98,60.43,42.49,NVIDIA GeForce RTX 4090,33,83.06,26,2582.1,24564.0,
2026-09-07T19:55:15.624086+00:00,07_end_to_end_paired,6,6,4.2,5.99,60.43,42.49,NVIDIA GeForce RTX 4090,33,82.68,27,2582.1,24564.0,
2026-09-07T19:55:25.635103+00:00,07_end_to_end_paired,6,6,4.2,5.98,60.43,42.49,NVIDIA GeForce RTX 4090,34,82.23,25,2582.1,24564.0,
2026-09-07T19:55:35.646095+00:00,07_end_to_end_paired,6,6,4.2,5.98,60.43,42.49,NVIDIA GeForce RTX 4090,33,82.25,12,2582.1,24564.0,
2026-09-07T19:55:45.657014+00:00,07_end_to_end_paired,6,6,4.2,5.98,60.43,42.49,NVIDIA GeForce RTX 4090,33,82.29,19,2582.1,24564.0,
2026-09-07T19:55:55.668106+00:00,07_end_to_end_paired,6,6,4.2,5.98,60.43,42.49,NVIDIA GeForce RTX 4090,33,82.24,20,2582.1,24564.0,
2026-09-07T19:56:05.679341+00:00,07_end_to_end_paired,6,6,4.2,5.98,60.43,42.49,NVIDIA GeForce RTX 4090,34,82.92,26,2582.1,24564.0,
2026-09-07T19:56:15.690355+00:00,07_end_to_end_paired,6,6,4.2,5.98,60.43,42.49,NVIDIA GeForce RTX 4090,33,83.23,31,2582.1,24564.0,
2026-09-07T19:56:25.701383+00:00,07_end_to_end_paired,6,6,4.2,5.98,60.43,42.49,NVIDIA GeForce RTX 4090,33,83.16,20,2582.1,24564.0,
2026-09-07T19:56:35.712361+00:00,07_end_to_end_paired,6,6,4.2,5.98,60.43,42.49,NVIDIA GeForce RTX 4090,34,82.44,27,2582.1,24564.0,
2026-09-07T19:56:45.723217+00:00,07_end_to_end_paired,6,6,4.2,5.98,60.43,42.49,NVIDIA GeForce RTX 4090,33,83.24,28,2582.1,24564.0,
2026-09-07T19:56:55.734128+00:00,07_end_to_end_paired,6,6,4.2,5.99,60.43,42.49,NVIDIA GeForce RTX 4090,33,82.22,20,2582.1,24564.0,
2026-09-07T19:57:05.745223+00:00,07_end_to_end_paired,6,6,4.2,5.99,60.43,42.49,NVIDIA GeForce RTX 4090,33,83.02,17,2582.1,24564.0,
2026-09-07T19:57:15.756175+00:00,07_end_to_end_paired,6,6,4.2,5.98,60.43,42.49,NVIDIA GeForce RTX 4090,33,83.06,26,2582.1,24564.0,
2026-09-07T19:57:25.767259+00:00,07_end_to_end_paired,6,6,4.2,5.97,60.43,42.49,NVIDIA GeForce RTX 4090,34,82.95,20,2582.1,24564.0,
2026-09-07T19:57:35.778355+00:00,07_end_to_end_paired,6,6,4.2,5.97,60.43,42.49,NVIDIA GeForce RTX 4090,33,83.45,26,2582.1,24564.0,
2026-09-07T19:57:45.789750+00:00,07_end_to_end_paired,6,6,4.2,5.97,60.43,42.49,NVIDIA GeForce RTX 4090,33,83.58,26,2582.1,24564.0,
2026-09-07T19:57:55.800468+00:00,07_end_to_end_paired,6,6,4.2,5.97,60.43,42.49,NVIDIA GeForce RTX 4090,33,82.95,31,2582.1,24564.0,
2026-09-07T19:58:05.811411+00:00,07_end_to_end_paired,6,6,4.2,5.97,60.43,42.49,NVIDIA GeForce RTX 4090,34,82.53,19,2582.1,24564.0,
2026-09-07T19:58:15.822295+00:00,07_end_to_end_paired,6,6,4.2,5.97,60.43,42.49,NVIDIA GeForce RTX 4090,33,82.45,26,2582.1,24564.0,
2026-09-07T19:58:25.833375+00:00,07_end_to_end_paired,6,6,4.2,5.98,60.43,42.49,NVIDIA GeForce RTX 4090,33,82.01,26,2582.1,24564.0,
2026-09-07T19:58:35.844496+00:00,07_end_to_end_paired,6,6,4.2,5.98,60.43,42.49,NVIDIA GeForce RTX 4090,33,83.4,27,2582.1,24564.0,
2026-09-07T19:58:45.855247+00:00,07_end_to_end_paired,6,6,4.2,5.98,60.43,42.49,NVIDIA GeForce RTX 4090,34,82.84,21,2582.1,24564.0,
2026-09-07T19:58:55.866029+00:00,07_end_to_end_paired,6,6,4.2,5.98,60.43,42.49,NVIDIA GeForce RTX 4090,34,83.61,21,2582.1,24564.0,
2026-09-07T19:59:05.876813+00:00,07_end_to_end_paired,6,6,4.2,5.99,60.43,42.49,NVIDIA GeForce RTX 4090,33,83.13,26,2582.1,24564.0,
2026-09-07T19:59:15.888039+00:00,07_end_to_end_paired,6,6,4.2,5.98,60.43,42.49,NVIDIA GeForce RTX 4090,33,82.75,24,2582.1,24564.0,
2026-09-07T19:59:25.899018+00:00,07_end_to_end_paired,6,6,4.2,5.98,60.43,42.49,NVIDIA GeForce RTX 4090,34,83.15,14,2582.1,24564.0,
2026-09-07T19:59:35.909819+00:00,07_end_to_end_paired,6,6,4.2,5.98,60.43,42.49,NVIDIA GeForce RTX 4090,33,82.35,26,2582.1,24564.0,
2026-09-07T19:59:45.920799+00:00,07_end_to_end_paired,6,6,4.2,5.97,60.43,42.49,NVIDIA GeForce RTX 4090,33,82.54,32,2582.1,24564.0,
2026-09-07T19:59:55.931878+00:00,07_end_to_end_paired,6,6,4.2,5.98,60.43,42.49,NVIDIA GeForce RTX 4090,34,82.77,18,2582.1,24564.0,
2026-09-07T20:00:05.942929+00:00,07_end_to_end_paired,6,6,4.2,5.98,60.43,42.49,NVIDIA GeForce RTX 4090,33,82.68,26,2582.1,24564.0,
2026-09-07T20:00:15.953810+00:00,07_end_to_end_paired,6,6,4.2,5.98,60.43,42.49,NVIDIA GeForce RTX 4090,33,82.94,26,2582.1,24564.0,
2026-09-07T20:00:25.964657+00:00,07_end_to_end_paired,6,6,4.2,5.98,60.43,42.49,NVIDIA GeForce RTX 4090,34,83.08,26,2582.1,24564.0,
2026-09-07T20:00:35.975959+00:00,07_end_to_end_paired,6,6,4.2,5.98,60.43,42.49,NVIDIA GeForce RTX 4090,34,82.31,29,2582.1,24564.0,
2026-09-07T20:00:45.987220+00:00,07_end_to_end_paired,6,6,4.2,5.98,60.43,42.49,NVIDIA GeForce RTX 4090,33,82.55,20,2582.1,24564.0,
2026-09-07T20:00:55.998065+00:00,07_end_to_end_paired,6,6,4.2,5.94,60.43,42.49,NVIDIA GeForce RTX 4090,34,81.0,26,2582.1,24564.0,
2026-09-07T20:01:06.008816+00:00,07_end_to_end_paired,6,6,4.2,5.99,60.43,42.49,NVIDIA GeForce RTX 4090,33,82.92,20,2582.1,24564.0,
2026-09-07T20:01:16.019873+00:00,07_end_to_end_paired,6,6,4.2,5.98,60.43,42.49,NVIDIA GeForce RTX 4090,34,83.14,26,2582.1,24564.0,
2026-09-07T20:01:26.030728+00:00,07_end_to_end_paired,6,6,4.2,5.98,60.43,42.49,NVIDIA GeForce RTX 4090,33,82.15,17,2582.1,24564.0,
2026-09-07T20:01:36.041692+00:00,07_end_to_end_paired,6,6,4.2,5.97,60.43,42.49,NVIDIA GeForce RTX 4090,34,82.89,27,2582.1,24564.0,
2026-09-07T20:01:46.052857+00:00,07_end_to_end_paired,6,6,4.2,5.98,60.43,42.49,NVIDIA GeForce RTX 4090,33,81.99,20,2582.1,24564.0,
2026-09-07T20:01:56.064799+00:00,07_end_to_end_paired,6,6,4.2,5.99,60.43,42.49,NVIDIA GeForce RTX 4090,33,82.98,26,2582.1,24564.0,
2026-09-07T20:02:06.075645+00:00,07_end_to_end_paired,6,6,4.2,5.99,60.43,42.49,NVIDIA GeForce RTX 4090,33,83.6,27,2582.1,24564.0,
2026-09-07T20:02:16.086756+00:00,07_end_to_end_paired,6,6,4.2,5.99,60.43,42.49,NVIDIA GeForce RTX 4090,34,82.39,19,2582.1,24564.0,
2026-09-07T20:02:26.097702+00:00,07_end_to_end_paired,6,6,4.2,5.99,60.43,42.49,NVIDIA GeForce RTX 4090,33,83.17,26,2582.1,24564.0,
2026-09-07T20:02:36.108720+00:00,07_end_to_end_paired,6,6,4.2,5.99,60.43,42.49,NVIDIA GeForce RTX 4090,34,82.55,24,2582.1,24564.0,
2026-09-07T20:02:46.119850+00:00,07_end_to_end_paired,6,6,4.2,5.98,60.43,42.49,NVIDIA GeForce RTX 4090,34,82.79,17,2582.1,24564.0,
2026-09-07T20:02:56.130890+00:00,07_end_to_end_paired,6,6,4.2,5.99,60.43,42.49,NVIDIA GeForce RTX 4090,33,83.18,26,2582.1,24564.0,
2026-09-07T20:03:06.141899+00:00,07_end_to_end_paired,7,7,3.4,6.02,60.43,42.49,NVIDIA GeForce RTX 4090,33,69.33,0,2582.1,24564.0,
2026-09-07T20:03:16.153071+00:00,07_end_to_end_paired,7,7,4.2,6.01,60.43,42.49,NVIDIA GeForce RTX 4090,33,82.22,26,2582.1,24564.0,
2026-09-07T20:03:26.164248+00:00,07_end_to_end_paired,7,7,4.2,6.01,60.43,42.49,NVIDIA GeForce RTX 4090,33,82.92,25,2582.1,24564.0,
2026-09-07T20:03:36.175028+00:00,07_end_to_end_paired,7,7,4.2,6.01,60.43,42.49,NVIDIA GeForce RTX 4090,33,82.93,22,2582.1,24564.0,
2026-09-07T20:03:46.186019+00:00,07_end_to_end_paired,7,7,4.2,6.01,60.43,42.49,NVIDIA GeForce RTX 4090,33,82.27,26,2582.1,24564.0,
2026-09-07T20:03:56.197157+00:00,07_end_to_end_paired,7,7,4.2,6.01,60.43,42.49,NVIDIA GeForce RTX 4090,33,82.69,21,2582.1,24564.0,
2026-09-07T20:04:06.208010+00:00,07_end_to_end_paired,7,7,4.2,6.01,60.43,42.49,NVIDIA GeForce RTX 4090,33,83.06,24,2582.1,24564.0,
2026-09-07T20:04:16.219123+00:00,07_end_to_end_paired,7,7,4.2,6.01,60.43,42.49,NVIDIA GeForce RTX 4090,34,82.61,19,2582.1,24564.0,
2026-09-07T20:04:26.230239+00:00,07_end_to_end_paired,7,7,4.2,6.01,60.43,42.49,NVIDIA GeForce RTX 4090,33,82.91,26,2582.1,24564.0,
2026-09-07T20:04:36.240952+00:00,07_end_to_end_paired,7,7,4.2,6.02,60.43,42.49,NVIDIA GeForce RTX 4090,33,67.59,0,2582.1,24564.0,
2026-09-07T20:04:46.251779+00:00,07_end_to_end_paired,7,7,4.2,6.01,60.43,42.49,NVIDIA GeForce RTX 4090,33,82.13,23,2582.1,24564.0,
2026-09-07T20:04:56.263083+00:00,07_end_to_end_paired,7,7,4.2,6.01,60.43,42.49,NVIDIA GeForce RTX 4090,34,83.24,19,2582.1,24564.0,
2026-09-07T20:05:06.274317+00:00,07_end_to_end_paired,7,7,4.2,6.0,60.43,42.49,NVIDIA GeForce RTX 4090,33,83.21,26,2582.1,24564.0,
2026-09-07T20:05:16.285277+00:00,07_end_to_end_paired,7,7,4.2,6.0,60.43,42.49,NVIDIA GeForce RTX 4090,33,82.75,28,2582.1,24564.0,
2026-09-07T20:05:26.296307+00:00,07_end_to_end_paired,7,7,4.2,6.0,60.43,42.49,NVIDIA GeForce RTX 4090,34,82.67,26,2582.1,24564.0,
2026-09-07T20:05:36.307174+00:00,07_end_to_end_paired,7,7,4.2,6.0,60.43,42.49,NVIDIA GeForce RTX 4090,33,81.49,25,2582.1,24564.0,
2026-09-07T20:05:46.318301+00:00,07_end_to_end_paired,7,7,4.2,6.0,60.43,42.49,NVIDIA GeForce RTX 4090,33,82.63,15,2582.1,24564.0,
2026-09-07T20:05:56.329161+00:00,07_end_to_end_paired,7,7,4.2,6.01,60.43,42.49,NVIDIA GeForce RTX 4090,33,82.21,23,2582.1,24564.0,
2026-09-07T20:06:06.339993+00:00,07_end_to_end_paired,7,7,4.2,6.01,60.43,42.49,NVIDIA GeForce RTX 4090,33,82.38,27,2582.1,24564.0,
2026-09-07T20:06:16.350923+00:00,07_end_to_end_paired,7,7,4.2,6.01,60.43,42.49,NVIDIA GeForce RTX 4090,33,82.71,21,2582.1,24564.0,
2026-09-07T20:06:26.361847+00:00,07_end_to_end_paired,7,7,4.2,6.01,60.43,42.49,NVIDIA GeForce RTX 4090,33,83.48,21,2582.1,24564.0,
2026-09-07T20:06:36.373418+00:00,07_end_to_end_paired,7,7,4.2,6.0,60.43,42.49,NVIDIA GeForce RTX 4090,34,78.16,26,2582.1,24564.0,
2026-09-07T20:06:46.384512+00:00,07_end_to_end_paired,7,7,4.2,6.0,60.43,42.49,NVIDIA GeForce RTX 4090,33,82.14,28,2582.1,24564.0,
2026-09-07T20:06:56.395498+00:00,07_end_to_end_paired,7,7,4.2,6.0,60.43,42.49,NVIDIA GeForce RTX 4090,33,81.66,23,2582.1,24564.0,
2026-09-07T20:07:06.406634+00:00,07_end_to_end_paired,7,7,4.2,6.0,60.43,42.49,NVIDIA GeForce RTX 4090,33,82.52,26,2582.1,24564.0,
2026-09-07T20:07:16.417561+00:00,07_end_to_end_paired,7,7,4.2,6.0,60.43,42.49,NVIDIA GeForce RTX 4090,34,82.25,23,2582.1,24564.0,
2026-09-07T20:07:26.428688+00:00,07_end_to_end_paired,7,7,4.2,6.0,60.43,42.49,NVIDIA GeForce RTX 4090,33,82.53,17,2582.1,24564.0,
2026-09-07T20:07:36.439549+00:00,07_end_to_end_paired,7,7,4.2,6.01,60.43,42.49,NVIDIA GeForce RTX 4090,33,84.19,25,2582.1,24564.0,
2026-09-07T20:07:46.451108+00:00,07_end_to_end_paired,7,7,4.2,6.0,60.43,42.49,NVIDIA GeForce RTX 4090,34,83.06,31,2582.1,24564.0,
2026-09-07T20:07:56.461967+00:00,07_end_to_end_paired,7,7,4.2,6.0,60.43,42.49,NVIDIA GeForce RTX 4090,33,83.11,19,2582.1,24564.0,
2026-09-07T20:08:06.473129+00:00,07_end_to_end_paired,7,7,4.2,6.0,60.43,42.49,NVIDIA GeForce RTX 4090,33,82.8,26,2582.1,24564.0,
2026-09-07T20:08:16.484051+00:00,07_end_to_end_paired,7,7,4.2,6.0,60.43,42.49,NVIDIA GeForce RTX 4090,34,82.08,26,2582.1,24564.0,
2026-09-07T20:08:26.495154+00:00,07_end_to_end_paired,7,7,4.2,6.01,60.43,42.49,NVIDIA GeForce RTX 4090,33,73.42,0,2582.1,24564.0,
2026-09-07T20:08:36.506291+00:00,07_end_to_end_paired,7,7,4.2,6.01,60.43,42.49,NVIDIA GeForce RTX 4090,34,82.84,23,2582.1,24564.0,
2026-09-07T20:08:46.517300+00:00,07_end_to_end_paired,7,7,4.2,6.0,60.43,42.49,NVIDIA GeForce RTX 4090,33,83.17,17,2582.1,24564.0,
2026-09-07T20:08:56.528172+00:00,07_end_to_end_paired,7,7,4.2,5.99,60.43,42.49,NVIDIA GeForce RTX 4090,33,82.92,26,2582.1,24564.0,
2026-09-07T20:09:06.538978+00:00,07_end_to_end_paired,7,7,4.2,5.99,60.43,42.49,NVIDIA GeForce RTX 4090,34,84.03,24,2582.1,24564.0,
2026-09-07T20:09:16.549801+00:00,07_end_to_end_paired,7,7,4.2,6.0,60.43,42.49,NVIDIA GeForce RTX 4090,34,83.2,23,2582.1,24564.0,
2026-09-07T20:09:26.560716+00:00,07_end_to_end_paired,7,7,4.2,5.99,60.43,42.49,NVIDIA GeForce RTX 4090,33,82.63,26,2582.1,24564.0,
2026-09-07T20:09:36.571603+00:00,07_end_to_end_paired,7,7,4.2,5.99,60.43,42.49,NVIDIA GeForce RTX 4090,33,83.18,26,2582.1,24564.0,
2026-09-07T20:09:46.582782+00:00,07_end_to_end_paired,8,8,3.9,5.96,60.43,42.49,NVIDIA GeForce RTX 4090,33,68.2,27,2582.1,24564.0,
2026-09-07T20:09:56.593382+00:00,07_end_to_end_paired,8,8,3.3,6.02,60.43,42.49,NVIDIA GeForce RTX 4090,33,82.5,23,2582.1,24564.0,
2026-09-07T20:10:06.604417+00:00,07_end_to_end_paired,8,8,4.2,5.99,60.43,42.49,NVIDIA GeForce RTX 4090,34,82.19,26,2582.1,24564.0,
2026-09-07T20:10:16.615371+00:00,07_end_to_end_paired,8,8,4.2,5.99,60.43,42.49,NVIDIA GeForce RTX 4090,33,82.09,20,2582.1,24564.0,
2026-09-07T20:10:26.626449+00:00,07_end_to_end_paired,8,8,4.2,5.99,60.43,42.49,NVIDIA GeForce RTX 4090,33,82.38,23,2582.1,24564.0,
2026-09-07T20:10:36.637571+00:00,07_end_to_end_paired,8,8,4.2,5.99,60.43,42.49,NVIDIA GeForce RTX 4090,34,82.39,26,2582.1,24564.0,
2026-09-07T20:10:46.648476+00:00,07_end_to_end_paired,8,8,4.2,5.99,60.43,42.49,NVIDIA GeForce RTX 4090,33,82.07,17,2582.1,24564.0,
2026-09-07T20:10:56.659651+00:00,07_end_to_end_paired,8,8,4.2,5.99,60.43,42.49,NVIDIA GeForce RTX 4090,33,81.58,26,2582.1,24564.0,
2026-09-07T20:11:06.670515+00:00,07_end_to_end_paired,8,8,4.2,5.99,60.43,42.49,NVIDIA GeForce RTX 4090,34,82.49,26,2582.1,24564.0,
2026-09-07T20:11:16.681479+00:00,07_end_to_end_paired,8,8,4.2,5.99,60.43,42.49,NVIDIA GeForce RTX 4090,33,83.38,19,2582.1,24564.0,
2026-09-07T20:11:26.692501+00:00,07_end_to_end_paired,8,8,4.2,5.99,60.43,42.49,NVIDIA GeForce RTX 4090,33,83.39,24,2582.1,24564.0,
2026-09-07T20:11:36.703349+00:00,07_end_to_end_paired,8,8,4.2,5.99,60.43,42.49,NVIDIA GeForce RTX 4090,33,83.32,21,2582.1,24564.0,
2026-09-07T20:11:46.714430+00:00,07_end_to_end_paired,8,8,4.2,5.99,60.43,42.49,NVIDIA GeForce RTX 4090,33,81.96,26,2582.1,24564.0,
2026-09-07T20:11:56.725473+00:00,07_end_to_end_paired,8,8,4.2,6.0,60.43,42.49,NVIDIA GeForce RTX 4090,33,83.58,27,2582.1,24564.0,
2026-09-07T20:12:06.736627+00:00,07_end_to_end_paired,8,8,4.2,5.99,60.43,42.49,NVIDIA GeForce RTX 4090,34,83.01,27,2582.1,24564.0,
2026-09-07T20:12:16.747539+00:00,07_end_to_end_paired,8,8,4.2,5.99,60.43,42.49,NVIDIA GeForce RTX 4090,33,67.11,24,2582.1,24564.0,
2026-09-07T20:12:26.758223+00:00,07_end_to_end_paired,8,8,4.2,5.99,60.43,42.49,NVIDIA GeForce RTX 4090,34,82.71,26,2582.1,24564.0,
2026-09-07T20:12:36.769198+00:00,07_end_to_end_paired,8,8,4.2,5.99,60.43,42.49,NVIDIA GeForce RTX 4090,33,82.99,24,2582.1,24564.0,
2026-09-07T20:12:46.780333+00:00,07_end_to_end_paired,8,8,4.2,5.99,60.43,42.49,NVIDIA GeForce RTX 4090,33,82.52,26,2582.1,24564.0,
2026-09-07T20:12:56.791175+00:00,07_end_to_end_paired,8,8,4.2,6.0,60.43,42.49,NVIDIA GeForce RTX 4090,34,82.56,20,2582.1,24564.0,
2026-09-07T20:13:06.802303+00:00,07_end_to_end_paired,8,8,4.2,6.0,60.43,42.49,NVIDIA GeForce RTX 4090,33,82.71,28,2582.1,24564.0,
2026-09-07T20:13:16.813312+00:00,07_end_to_end_paired,8,8,4.2,5.99,60.43,42.49,NVIDIA GeForce RTX 4090,34,83.18,20,2582.1,24564.0,
2026-09-07T20:13:26.824226+00:00,07_end_to_end_paired,8,8,4.2,5.99,60.43,42.49,NVIDIA GeForce RTX 4090,33,83.79,26,2582.1,24564.0,
2026-09-07T20:13:36.835338+00:00,07_end_to_end_paired,8,8,4.2,5.99,60.43,42.49,NVIDIA GeForce RTX 4090,33,82.32,26,2582.1,24564.0,
2026-09-07T20:13:46.846444+00:00,07_end_to_end_paired,8,8,4.2,5.99,60.43,42.49,NVIDIA GeForce RTX 4090,33,83.33,32,2582.1,24564.0,
2026-09-07T20:13:56.857382+00:00,07_end_to_end_paired,8,8,4.2,5.99,60.43,42.49,NVIDIA GeForce RTX 4090,33,82.56,26,2582.1,24564.0,
2026-09-07T20:14:06.868424+00:00,07_end_to_end_paired,8,8,4.2,5.99,60.43,42.49,NVIDIA GeForce RTX 4090,33,83.2,26,2582.1,24564.0,
2026-09-07T20:14:16.879551+00:00,07_end_to_end_paired,8,8,4.2,5.99,60.43,42.49,NVIDIA GeForce RTX 4090,33,83.08,30,2582.1,24564.0,
2026-09-07T20:14:26.890404+00:00,07_end_to_end_paired,8,8,4.2,5.99,60.43,42.49,NVIDIA GeForce RTX 4090,34,82.77,15,2582.1,24564.0,
2026-09-07T20:14:36.901498+00:00,07_end_to_end_paired,8,8,4.2,5.99,60.43,42.49,NVIDIA GeForce RTX 4090,33,82.78,26,2582.1,24564.0,
2026-09-07T20:14:46.912751+00:00,07_end_to_end_paired,8,8,4.2,5.99,60.43,42.49,NVIDIA GeForce RTX 4090,33,81.46,31,2582.1,24564.0,
2026-09-07T20:14:56.923836+00:00,07_end_to_end_paired,8,8,4.2,5.99,60.43,42.49,NVIDIA GeForce RTX 4090,34,83.66,27,2582.1,24564.0,
2026-09-07T20:15:06.934863+00:00,07_end_to_end_paired,8,8,4.2,6.0,60.43,42.49,NVIDIA GeForce RTX 4090,33,83.07,19,2582.1,24564.0,
2026-09-07T20:15:16.945951+00:00,07_end_to_end_paired,8,8,4.2,5.99,60.43,42.49,NVIDIA GeForce RTX 4090,33,83.76,26,2582.1,24564.0,
2026-09-07T20:15:26.957104+00:00,07_end_to_end_paired,8,8,4.2,5.99,60.43,42.49,NVIDIA GeForce RTX 4090,33,83.8,19,2582.1,24564.0,
2026-09-07T20:15:36.968037+00:00,07_end_to_end_paired,8,8,4.2,5.99,60.43,42.49,NVIDIA GeForce RTX 4090,33,83.3,26,2582.1,24564.0,
2026-09-07T20:15:46.979091+00:00,07_end_to_end_paired,8,8,4.2,5.99,60.43,42.49,NVIDIA GeForce RTX 4090,34,82.67,28,2582.1,24564.0,
2026-09-07T20:15:56.990805+00:00,07_end_to_end_paired,8,8,4.2,5.99,60.43,42.49,NVIDIA GeForce RTX 4090,33,83.15,20,2582.1,24564.0,
2026-09-07T20:16:07.001820+00:00,07_end_to_end_paired,8,8,4.2,6.0,60.43,42.49,NVIDIA GeForce RTX 4090,33,82.05,26,2582.1,24564.0,
2026-09-07T20:16:17.013011+00:00,07_end_to_end_paired,9,9,3.3,6.0,60.43,42.49,NVIDIA GeForce RTX 4090,33,82.8,19,2582.1,24564.0,
2026-09-07T20:16:27.023778+00:00,07_end_to_end_paired,9,9,4.2,6.0,60.43,42.49,NVIDIA GeForce RTX 4090,33,82.56,26,2582.1,24564.0,
2026-09-07T20:16:37.034829+00:00,07_end_to_end_paired,9,9,4.2,5.99,60.43,42.49,NVIDIA GeForce RTX 4090,33,82.27,26,2582.1,24564.0,
2026-09-07T20:16:47.046054+00:00,07_end_to_end_paired,9,9,4.2,5.99,60.43,42.49,NVIDIA GeForce RTX 4090,33,82.63,26,2582.1,24564.0,
2026-09-07T20:16:57.057058+00:00,07_end_to_end_paired,9,9,4.2,5.99,60.43,42.49,NVIDIA GeForce RTX 4090,33,82.04,21,2582.1,24564.0,
2026-09-07T20:17:07.068064+00:00,07_end_to_end_paired,9,9,4.2,5.99,60.43,42.49,NVIDIA GeForce RTX 4090,33,82.59,22,2582.1,24564.0,
2026-09-07T20:17:17.079115+00:00,07_end_to_end_paired,9,9,4.2,5.98,60.43,42.49,NVIDIA GeForce RTX 4090,33,82.51,26,2582.1,24564.0,
2026-09-07T20:17:27.089852+00:00,07_end_to_end_paired,9,9,4.2,5.98,60.43,42.49,NVIDIA GeForce RTX 4090,33,82.76,32,2582.1,24564.0,
2026-09-07T20:17:37.100791+00:00,07_end_to_end_paired,9,9,4.2,5.98,60.43,42.49,NVIDIA GeForce RTX 4090,33,82.26,20,2582.1,24564.0,
2026-09-07T20:17:47.111660+00:00,07_end_to_end_paired,9,9,4.2,5.98,60.43,42.49,NVIDIA GeForce RTX 4090,33,82.75,26,2582.1,24564.0,
2026-09-07T20:17:57.123060+00:00,07_end_to_end_paired,9,9,4.2,5.98,60.43,42.49,NVIDIA GeForce RTX 4090,33,82.69,26,2582.1,24564.0,
2026-09-07T20:18:07.134042+00:00,07_end_to_end_paired,9,9,4.2,5.98,60.43,42.49,NVIDIA GeForce RTX 4090,33,83.27,32,2582.1,24564.0,
2026-09-07T20:18:17.145032+00:00,07_end_to_end_paired,9,9,4.2,5.98,60.43,42.49,NVIDIA GeForce RTX 4090,34,82.6,21,2582.1,24564.0,
2026-09-07T20:18:27.155871+00:00,07_end_to_end_paired,9,9,4.2,5.99,60.43,42.49,NVIDIA GeForce RTX 4090,34,82.64,20,2582.1,24564.0,
2026-09-07T20:18:37.167009+00:00,07_end_to_end_paired,9,9,4.2,5.99,60.43,42.49,NVIDIA GeForce RTX 4090,33,82.99,25,2582.1,24564.0,
2026-09-07T20:18:47.178138+00:00,07_end_to_end_paired,9,9,4.2,5.99,60.43,42.49,NVIDIA GeForce RTX 4090,33,82.91,27,2582.1,24564.0,
2026-09-07T20:18:57.189269+00:00,07_end_to_end_paired,9,9,4.2,5.99,60.43,42.49,NVIDIA GeForce RTX 4090,34,82.7,19,2582.1,24564.0,
2026-09-07T20:19:07.200622+00:00,07_end_to_end_paired,9,9,4.2,5.99,60.43,42.49,NVIDIA GeForce RTX 4090,33,82.78,26,2582.1,24564.0,
2026-09-07T20:19:17.211622+00:00,07_end_to_end_paired,9,9,4.2,5.99,60.43,42.49,NVIDIA GeForce RTX 4090,33,82.56,28,2582.1,24564.0,
2026-09-07T20:19:27.222869+00:00,07_end_to_end_paired,9,9,4.2,5.98,60.43,42.49,NVIDIA GeForce RTX 4090,34,82.88,26,2582.1,24564.0,
2026-09-07T20:19:37.233858+00:00,07_end_to_end_paired,9,9,4.2,5.98,60.43,42.49,NVIDIA GeForce RTX 4090,33,82.95,20,2582.1,24564.0,
2026-09-07T20:19:47.244791+00:00,07_end_to_end_paired,9,9,4.2,5.98,60.43,42.49,NVIDIA GeForce RTX 4090,33,83.38,26,2582.1,24564.0,
2026-09-07T20:19:57.255919+00:00,07_end_to_end_paired,9,9,4.2,5.99,60.43,42.49,NVIDIA GeForce RTX 4090,33,81.87,26,2582.1,24564.0,
2026-09-07T20:20:07.267082+00:00,07_end_to_end_paired,9,9,4.2,5.99,60.43,42.49,NVIDIA GeForce RTX 4090,34,82.49,31,2582.1,24564.0,
2026-09-07T20:20:17.278131+00:00,07_end_to_end_paired,9,9,4.2,5.99,60.43,42.49,NVIDIA GeForce RTX 4090,33,83.09,18,2582.1,24564.0,
2026-09-07T20:20:27.289099+00:00,07_end_to_end_paired,9,9,4.2,5.99,60.43,42.49,NVIDIA GeForce RTX 4090,33,82.89,26,2582.1,24564.0,
2026-09-07T20:20:37.300158+00:00,07_end_to_end_paired,9,9,4.2,5.99,60.43,42.49,NVIDIA GeForce RTX 4090,33,83.16,24,2582.1,24564.0,
2026-09-07T20:20:47.311127+00:00,07_end_to_end_paired,9,9,4.2,5.99,60.43,42.49,NVIDIA GeForce RTX 4090,33,83.68,17,2582.1,24564.0,
2026-09-07T20:20:57.322093+00:00,07_end_to_end_paired,9,9,4.2,5.99,60.43,42.49,NVIDIA GeForce RTX 4090,33,83.52,16,2582.1,24564.0,
2026-09-07T20:21:07.333128+00:00,07_end_to_end_paired,9,9,4.2,5.99,60.43,42.49,NVIDIA GeForce RTX 4090,33,83.09,23,2582.1,24564.0,
2026-09-07T20:21:17.343907+00:00,07_end_to_end_paired,9,9,4.2,5.99,60.43,42.49,NVIDIA GeForce RTX 4090,33,82.93,23,2582.1,24564.0,
2026-09-07T20:21:27.355026+00:00,07_end_to_end_paired,9,9,4.2,5.99,60.43,42.49,NVIDIA GeForce RTX 4090,33,83.32,26,2582.1,24564.0,
2026-09-07T20:21:37.366035+00:00,07_end_to_end_paired,9,9,4.2,5.99,60.43,42.49,NVIDIA GeForce RTX 4090,33,83.42,13,2582.1,24564.0,
2026-09-07T20:21:47.377106+00:00,07_end_to_end_paired,9,9,4.2,5.99,60.43,42.49,NVIDIA GeForce RTX 4090,33,83.38,26,2582.1,24564.0,
2026-09-07T20:21:57.388212+00:00,07_end_to_end_paired,9,9,4.2,5.99,60.43,42.49,NVIDIA GeForce RTX 4090,33,83.06,22,2582.1,24564.0,
2026-09-07T20:22:07.399486+00:00,07_end_to_end_paired,9,9,4.2,5.99,60.43,42.49,NVIDIA GeForce RTX 4090,33,84.08,26,2582.1,24564.0,
2026-09-07T20:22:17.411447+00:00,07_end_to_end_paired,9,9,4.2,5.99,60.43,42.49,NVIDIA GeForce RTX 4090,34,83.76,32,2582.1,24564.0,
