timestamp_utc,current_experiment,current_repetition,current_seed,cpu_pct,ram_used_gb,ram_total_gb,disk_free_gb,gpu_name,gpu_temp_c,gpu_power_w,gpu_util_pct,gpu_mem_used_mb,gpu_mem_total_mb,gpu_error
2026-09-03T16:08:45.025178+00:00,,,,0.0,18.52,30.49,1513.4,NVIDIA GeForce RTX 4060 Ti,36,16.94,13,1977.1,16380.0,
2026-09-03T16:08:55.065887+00:00,01_yolo26_main,1,1,13.3,21.39,30.49,1513.39,NVIDIA GeForce RTX 4060 Ti,39,38.62,2,2682.3,16380.0,
2026-09-03T16:09:05.089837+00:00,01_yolo26_main,1,1,11.0,21.4,30.49,1513.39,NVIDIA GeForce RTX 4060 Ti,50,117.63,92,5414.0,16380.0,
2026-09-03T16:09:15.116989+00:00,01_yolo26_main,1,1,11.6,21.34,30.49,1513.0,NVIDIA GeForce RTX 4060 Ti,50,114.87,90,6279.2,16380.0,
2026-09-03T16:09:25.140857+00:00,01_yolo26_main,1,1,10.8,21.49,30.49,1513.0,NVIDIA GeForce RTX 4060 Ti,50,115.68,93,7058.4,16380.0,
2026-09-03T16:09:35.165831+00:00,01_yolo26_main,1,1,11.3,21.43,30.49,1513.0,NVIDIA GeForce RTX 4060 Ti,50,116.73,93,7061.2,16380.0,
2026-09-03T16:09:45.192861+00:00,01_yolo26_main,1,1,10.8,21.25,30.49,1513.0,NVIDIA GeForce RTX 4060 Ti,50,113.53,92,7060.2,16380.0,
2026-09-03T16:09:55.214733+00:00,01_yolo26_main,1,1,11.2,21.36,30.49,1513.0,NVIDIA GeForce RTX 4060 Ti,49,113.46,94,7061.2,16380.0,
2026-09-03T16:10:05.241329+00:00,01_yolo26_main,1,1,11.5,21.32,30.49,1513.0,NVIDIA GeForce RTX 4060 Ti,50,112.24,91,7069.3,16380.0,
2026-09-03T16:10:15.269168+00:00,01_yolo26_main,1,1,10.7,21.42,30.49,1513.0,NVIDIA GeForce RTX 4060 Ti,50,115.97,87,7061.3,16380.0,
2026-09-03T16:10:25.295832+00:00,01_yolo26_main,1,1,11.0,21.49,30.49,1513.0,NVIDIA GeForce RTX 4060 Ti,50,115.28,97,7061.3,16380.0,
2026-09-03T16:10:35.323847+00:00,01_yolo26_main,1,1,11.0,21.54,30.49,1513.0,NVIDIA GeForce RTX 4060 Ti,50,114.6,92,7061.1,16380.0,
2026-09-03T16:10:45.349840+00:00,01_yolo26_main,1,1,11.0,21.56,30.49,1513.0,NVIDIA GeForce RTX 4060 Ti,50,113.83,97,7061.1,16380.0,
2026-09-03T16:10:55.377833+00:00,01_yolo26_main,1,1,11.7,21.6,30.49,1513.0,NVIDIA GeForce RTX 4060 Ti,49,114.84,93,7070.4,16380.0,
2026-09-03T16:11:05.405089+00:00,01_yolo26_main,1,1,10.7,21.6,30.49,1513.0,NVIDIA GeForce RTX 4060 Ti,48,117.33,88,7081.4,16380.0,
2026-09-03T16:11:15.431275+00:00,01_yolo26_main,1,1,10.4,21.66,30.49,1513.0,NVIDIA GeForce RTX 4060 Ti,51,115.47,90,7024.5,16380.0,
2026-09-03T16:11:25.450337+00:00,01_yolo26_main,1,1,10.8,21.53,30.49,1513.0,NVIDIA GeForce RTX 4060 Ti,51,115.41,88,7024.5,16380.0,
2026-09-03T16:11:35.477021+00:00,01_yolo26_main,1,1,10.6,21.5,30.49,1513.0,NVIDIA GeForce RTX 4060 Ti,51,114.92,93,7024.5,16380.0,
2026-09-03T16:11:45.502837+00:00,01_yolo26_main,1,1,11.1,21.22,30.49,1513.0,NVIDIA GeForce RTX 4060 Ti,50,115.23,93,7025.5,16380.0,
2026-09-03T16:11:55.530264+00:00,01_yolo26_main,1,1,10.8,21.3,30.49,1513.0,NVIDIA GeForce RTX 4060 Ti,52,118.45,87,7024.3,16380.0,
2026-09-03T16:12:05.556855+00:00,01_yolo26_main,1,1,10.5,21.08,30.49,1513.0,NVIDIA GeForce RTX 4060 Ti,52,117.11,93,7025.3,16380.0,
2026-09-03T16:12:15.583858+00:00,01_yolo26_main,1,1,10.5,21.19,30.49,1513.0,NVIDIA GeForce RTX 4060 Ti,51,115.84,93,7024.3,16380.0,
2026-09-03T16:12:25.610840+00:00,01_yolo26_main,1,1,10.6,21.19,30.49,1513.0,NVIDIA GeForce RTX 4060 Ti,51,115.39,86,7025.3,16380.0,
2026-09-03T16:12:35.634835+00:00,01_yolo26_main,1,1,10.5,21.22,30.49,1513.0,NVIDIA GeForce RTX 4060 Ti,52,117.28,90,7024.3,16380.0,
2026-09-03T16:12:45.661875+00:00,01_yolo26_main,1,1,10.7,21.29,30.49,1513.0,NVIDIA GeForce RTX 4060 Ti,51,113.78,90,7025.3,16380.0,
2026-09-03T16:12:55.690522+00:00,01_yolo26_main,1,1,10.8,21.21,30.49,1513.0,NVIDIA GeForce RTX 4060 Ti,50,116.05,94,7024.3,16380.0,
2026-09-03T16:13:05.717834+00:00,01_yolo26_main,1,1,10.3,21.23,30.49,1513.0,NVIDIA GeForce RTX 4060 Ti,52,115.96,96,7025.3,16380.0,
2026-09-03T16:13:15.745845+00:00,01_yolo26_main,1,1,14.2,21.09,30.49,1513.0,NVIDIA GeForce RTX 4060 Ti,52,117.01,92,7024.3,16380.0,
2026-09-03T16:13:25.773816+00:00,01_yolo26_main,1,1,10.5,21.16,30.49,1513.0,NVIDIA GeForce RTX 4060 Ti,49,116.09,80,7025.3,16380.0,
2026-09-03T16:13:35.799873+00:00,01_yolo26_main,1,1,10.5,21.21,30.49,1513.0,NVIDIA GeForce RTX 4060 Ti,51,117.64,93,7024.3,16380.0,
2026-09-03T16:13:45.817829+00:00,01_yolo26_main,1,1,10.9,20.94,30.49,1513.0,NVIDIA GeForce RTX 4060 Ti,52,117.98,86,7025.3,16380.0,
2026-09-03T16:13:55.843844+00:00,01_yolo26_main,1,1,10.8,21.05,30.49,1513.0,NVIDIA GeForce RTX 4060 Ti,47,97.07,55,7024.3,16380.0,
2026-09-03T16:14:05.868994+00:00,01_yolo26_main,1,1,10.3,21.09,30.49,1513.0,NVIDIA GeForce RTX 4060 Ti,52,114.32,93,7025.3,16380.0,
2026-09-03T16:14:15.886391+00:00,01_yolo26_main,1,1,10.2,21.21,30.49,1513.0,NVIDIA GeForce RTX 4060 Ti,51,116.01,94,7024.3,16380.0,
2026-09-03T16:14:25.913424+00:00,01_yolo26_main,1,1,10.4,21.33,30.49,1513.0,NVIDIA GeForce RTX 4060 Ti,43,72.43,13,7025.3,16380.0,
2026-09-03T16:14:35.933851+00:00,01_yolo26_main,1,1,10.4,21.19,30.49,1513.0,NVIDIA GeForce RTX 4060 Ti,51,117.78,87,7024.3,16380.0,
2026-09-03T16:14:45.960268+00:00,01_yolo26_main,1,1,10.6,21.22,30.49,1513.0,NVIDIA GeForce RTX 4060 Ti,51,115.96,92,7025.3,16380.0,
2026-09-03T16:14:55.985877+00:00,01_yolo26_main,1,1,10.5,21.42,30.49,1513.0,NVIDIA GeForce RTX 4060 Ti,44,74.1,10,7024.3,16380.0,
2026-09-03T16:15:06.008843+00:00,01_yolo26_main,1,1,10.4,21.27,30.49,1513.0,NVIDIA GeForce RTX 4060 Ti,51,117.71,91,7023.2,16380.0,
2026-09-03T16:15:16.027283+00:00,01_yolo26_main,1,1,10.4,21.34,30.49,1513.0,NVIDIA GeForce RTX 4060 Ti,51,117.47,92,7022.2,16380.0,
2026-09-03T16:15:26.053843+00:00,01_yolo26_main,1,1,10.5,21.42,30.49,1513.0,NVIDIA GeForce RTX 4060 Ti,50,79.77,93,7023.2,16380.0,
2026-09-03T16:15:36.081838+00:00,01_yolo26_main,1,1,10.6,21.3,30.49,1513.0,NVIDIA GeForce RTX 4060 Ti,52,116.39,90,7022.2,16380.0,
2026-09-03T16:15:46.107837+00:00,01_yolo26_main,1,1,10.8,21.33,30.49,1513.0,NVIDIA GeForce RTX 4060 Ti,50,117.41,92,7023.2,16380.0,
2026-09-03T16:15:56.132825+00:00,01_yolo26_main,1,1,10.3,21.26,30.49,1513.0,NVIDIA GeForce RTX 4060 Ti,51,117.31,92,7022.2,16380.0,
2026-09-03T16:16:06.160914+00:00,01_yolo26_main,1,1,10.5,21.25,30.49,1513.0,NVIDIA GeForce RTX 4060 Ti,51,116.42,91,7023.2,16380.0,
2026-09-03T16:16:16.186825+00:00,01_yolo26_main,1,1,10.3,21.28,30.49,1513.0,NVIDIA GeForce RTX 4060 Ti,52,117.36,89,7022.2,16380.0,
2026-09-03T16:16:26.212839+00:00,01_yolo26_main,1,1,10.4,21.3,30.49,1513.0,NVIDIA GeForce RTX 4060 Ti,52,117.1,93,7023.2,16380.0,
2026-09-03T16:16:36.237514+00:00,01_yolo26_main,1,1,10.5,21.37,30.49,1513.0,NVIDIA GeForce RTX 4060 Ti,53,117.98,93,7022.2,16380.0,
2026-09-03T16:16:46.264873+00:00,01_yolo26_main,1,1,11.4,21.36,30.49,1513.0,NVIDIA GeForce RTX 4060 Ti,50,116.34,90,7023.2,16380.0,
2026-09-03T16:16:56.290967+00:00,01_yolo26_main,1,1,10.8,21.09,30.49,1513.0,NVIDIA GeForce RTX 4060 Ti,52,117.56,88,7022.2,16380.0,
2026-09-03T16:17:06.318838+00:00,01_yolo26_main,1,1,10.5,21.07,30.49,1513.0,NVIDIA GeForce RTX 4060 Ti,48,105.11,88,7023.2,16380.0,
2026-09-03T16:17:16.344063+00:00,01_yolo26_main,1,1,10.1,21.14,30.49,1513.0,NVIDIA GeForce RTX 4060 Ti,53,117.26,92,7022.2,16380.0,
2026-09-03T16:17:26.371811+00:00,01_yolo26_main,1,1,10.5,21.18,30.49,1513.0,NVIDIA GeForce RTX 4060 Ti,51,116.53,90,7023.2,16380.0,
2026-09-03T16:17:36.390518+00:00,01_yolo26_main,1,1,10.5,21.31,30.49,1513.0,NVIDIA GeForce RTX 4060 Ti,44,74.38,90,7022.2,16380.0,
2026-09-03T16:17:46.413807+00:00,01_yolo26_main,1,1,11.1,20.96,30.49,1513.0,NVIDIA GeForce RTX 4060 Ti,52,114.59,92,7023.2,16380.0,
2026-09-03T16:17:56.439830+00:00,01_yolo26_main,1,1,10.4,21.04,30.49,1513.0,NVIDIA GeForce RTX 4060 Ti,51,115.3,93,7022.2,16380.0,
2026-09-03T16:18:06.467115+00:00,01_yolo26_main,1,1,10.3,21.07,30.49,1513.0,NVIDIA GeForce RTX 4060 Ti,51,84.25,2,7687.2,16380.0,
2026-09-03T16:18:16.500313+00:00,01_yolo26_main,1,1,10.6,21.15,30.49,1513.0,NVIDIA GeForce RTX 4060 Ti,52,118.38,88,7686.2,16380.0,
2026-09-03T16:18:26.518172+00:00,01_yolo26_main,1,1,10.4,21.1,30.49,1513.0,NVIDIA GeForce RTX 4060 Ti,51,117.21,92,7687.2,16380.0,
2026-09-03T16:18:36.547033+00:00,01_yolo26_main,1,1,10.5,20.35,30.49,1513.0,NVIDIA GeForce RTX 4060 Ti,51,111.06,85,7686.2,16380.0,
2026-09-03T16:18:46.567917+00:00,01_yolo26_main,1,1,10.9,20.58,30.49,1513.0,NVIDIA GeForce RTX 4060 Ti,50,117.18,93,7687.2,16380.0,
2026-09-03T16:18:56.591833+00:00,01_yolo26_main,1,1,10.3,20.7,30.49,1513.0,NVIDIA GeForce RTX 4060 Ti,52,114.13,93,7686.2,16380.0,
2026-09-03T16:19:06.611662+00:00,01_yolo26_main,1,1,10.6,20.26,30.49,1513.0,NVIDIA GeForce RTX 4060 Ti,52,108.85,90,7687.2,16380.0,
2026-09-03T16:19:16.635113+00:00,01_yolo26_main,1,1,10.6,20.41,30.49,1513.0,NVIDIA GeForce RTX 4060 Ti,52,115.16,92,7686.2,16380.0,
2026-09-03T16:19:26.656740+00:00,01_yolo26_main,1,1,10.4,20.54,30.49,1513.0,NVIDIA GeForce RTX 4060 Ti,52,116.17,88,7687.2,16380.0,
2026-09-03T16:19:36.684672+00:00,01_yolo26_main,1,1,10.4,20.64,30.49,1513.0,NVIDIA GeForce RTX 4060 Ti,50,116.59,97,7686.2,16380.0,
2026-09-03T16:19:46.709367+00:00,01_yolo26_main,1,1,10.9,20.63,30.49,1513.0,NVIDIA GeForce RTX 4060 Ti,52,117.62,94,7686.2,16380.0,
2026-09-03T16:19:56.726858+00:00,01_yolo26_main,1,1,10.3,20.63,30.49,1513.0,NVIDIA GeForce RTX 4060 Ti,50,116.17,93,7686.2,16380.0,
2026-09-03T16:20:06.753105+00:00,01_yolo26_main,1,1,10.5,20.74,30.49,1513.0,NVIDIA GeForce RTX 4060 Ti,50,117.23,93,7655.7,16380.0,
2026-09-03T16:20:16.781061+00:00,01_yolo26_main,1,1,10.6,20.71,30.49,1513.0,NVIDIA GeForce RTX 4060 Ti,53,116.53,86,7654.7,16380.0,
2026-09-03T16:20:26.807829+00:00,01_yolo26_main,1,1,10.6,20.66,30.49,1513.0,NVIDIA GeForce RTX 4060 Ti,50,115.31,93,7655.7,16380.0,
2026-09-03T16:20:36.834826+00:00,01_yolo26_main,1,1,10.2,20.76,30.49,1513.0,NVIDIA GeForce RTX 4060 Ti,53,118.56,93,7654.7,16380.0,
2026-09-03T16:20:46.860828+00:00,01_yolo26_main,1,1,10.9,20.69,30.49,1513.0,NVIDIA GeForce RTX 4060 Ti,52,114.62,89,7655.7,16380.0,
2026-09-03T16:20:56.883827+00:00,01_yolo26_main,1,1,10.4,20.73,30.49,1513.0,NVIDIA GeForce RTX 4060 Ti,50,117.83,93,7654.7,16380.0,
2026-09-03T16:21:06.910830+00:00,01_yolo26_main,1,1,10.4,20.46,30.49,1513.0,NVIDIA GeForce RTX 4060 Ti,52,116.6,92,7654.7,16380.0,
2026-09-03T16:21:16.938682+00:00,01_yolo26_main,1,1,10.4,20.64,30.49,1513.0,NVIDIA GeForce RTX 4060 Ti,44,61.15,7,7653.7,16380.0,
2026-09-03T16:21:26.961910+00:00,01_yolo26_main,1,1,10.6,20.49,30.49,1513.0,NVIDIA GeForce RTX 4060 Ti,52,117.18,92,7654.7,16380.0,
2026-09-03T16:21:36.989559+00:00,01_yolo26_main,1,1,10.5,20.39,30.49,1513.0,NVIDIA GeForce RTX 4060 Ti,50,114.86,94,7653.7,16380.0,
2026-09-03T16:21:47.017861+00:00,01_yolo26_main,1,1,10.7,20.44,30.49,1513.0,NVIDIA GeForce RTX 4060 Ti,51,111.16,90,7654.7,16380.0,
2026-09-03T16:21:57.037492+00:00,01_yolo26_main,1,1,10.5,20.47,30.49,1513.0,NVIDIA GeForce RTX 4060 Ti,52,116.98,94,7653.7,16380.0,
2026-09-03T16:22:07.065835+00:00,01_yolo26_main,1,1,10.5,20.53,30.49,1513.0,NVIDIA GeForce RTX 4060 Ti,52,116.25,92,7654.7,16380.0,
2026-09-03T16:22:17.086988+00:00,01_yolo26_main,1,1,10.4,20.68,30.49,1513.0,NVIDIA GeForce RTX 4060 Ti,52,117.89,93,7653.7,16380.0,
2026-09-03T16:22:27.114689+00:00,01_yolo26_main,1,1,10.5,20.58,30.49,1513.0,NVIDIA GeForce RTX 4060 Ti,53,117.29,93,7654.7,16380.0,
2026-09-03T16:22:37.141388+00:00,01_yolo26_main,1,1,10.4,20.59,30.49,1513.03,NVIDIA GeForce RTX 4060 Ti,52,116.66,93,7653.7,16380.0,
2026-09-03T16:22:47.168843+00:00,01_yolo26_main,1,1,10.6,20.64,30.49,1513.03,NVIDIA GeForce RTX 4060 Ti,52,115.44,88,7654.7,16380.0,
2026-09-03T16:22:57.195858+00:00,01_yolo26_main,1,1,10.5,20.63,30.49,1513.03,NVIDIA GeForce RTX 4060 Ti,50,113.77,94,7653.7,16380.0,
2026-09-03T16:23:07.219839+00:00,01_yolo26_main,1,1,10.6,20.68,30.49,1513.03,NVIDIA GeForce RTX 4060 Ti,52,118.52,93,7654.7,16380.0,
2026-09-03T16:23:17.244865+00:00,01_yolo26_main,1,1,15.0,20.73,30.49,1513.03,NVIDIA GeForce RTX 4060 Ti,52,114.52,94,7653.7,16380.0,
2026-09-03T16:23:27.271815+00:00,01_yolo26_main,1,1,16.4,20.74,30.49,1513.03,NVIDIA GeForce RTX 4060 Ti,52,117.55,86,7654.7,16380.0,
2026-09-03T16:23:37.291952+00:00,01_yolo26_main,1,1,17.0,20.54,30.49,1513.03,NVIDIA GeForce RTX 4060 Ti,51,117.84,93,7653.7,16380.0,
2026-09-03T16:23:47.320862+00:00,01_yolo26_main,1,1,11.2,20.64,30.49,1513.03,NVIDIA GeForce RTX 4060 Ti,51,118.28,91,7584.5,16380.0,
2026-09-03T16:23:57.346833+00:00,01_yolo26_main,1,1,11.9,20.65,30.49,1513.03,NVIDIA GeForce RTX 4060 Ti,50,104.28,97,7652.9,16380.0,
2026-09-03T16:24:07.374223+00:00,01_yolo26_main,1,1,10.9,20.72,30.49,1513.03,NVIDIA GeForce RTX 4060 Ti,50,116.86,91,7617.5,16380.0,
2026-09-03T16:24:17.394889+00:00,01_yolo26_main,1,1,10.7,20.77,30.49,1513.03,NVIDIA GeForce RTX 4060 Ti,52,115.65,90,7618.5,16380.0,
2026-09-03T16:24:27.419863+00:00,01_yolo26_main,1,1,10.7,20.86,30.49,1513.03,NVIDIA GeForce RTX 4060 Ti,44,77.68,95,7617.5,16380.0,
2026-09-03T16:24:37.443950+00:00,01_yolo26_main,1,1,10.8,20.69,30.49,1513.03,NVIDIA GeForce RTX 4060 Ti,52,117.45,88,7618.5,16380.0,
2026-09-03T16:24:47.471846+00:00,01_yolo26_main,1,1,12.1,20.57,30.49,1513.03,NVIDIA GeForce RTX 4060 Ti,52,113.43,86,7632.8,16380.0,
2026-09-03T16:24:57.495136+00:00,01_yolo26_main,1,1,11.2,20.74,30.49,1513.03,NVIDIA GeForce RTX 4060 Ti,44,72.38,98,7637.2,16380.0,
2026-09-03T16:25:07.559011+00:00,01_yolo26_main,1,1,13.8,20.98,30.49,1513.02,NVIDIA GeForce RTX 4060 Ti,52,113.27,92,7663.5,16380.0,
2026-09-03T16:25:17.625845+00:00,01_yolo26_main,1,1,11.6,21.02,30.49,1513.02,NVIDIA GeForce RTX 4060 Ti,51,115.37,91,7689.7,16380.0,
2026-09-03T16:25:27.693881+00:00,01_yolo26_main,1,1,12.9,21.22,30.49,1513.02,NVIDIA GeForce RTX 4060 Ti,49,95.65,92,7674.2,16380.0,
2026-09-03T16:25:37.758769+00:00,01_yolo26_main,1,1,13.3,20.85,30.49,1513.02,NVIDIA GeForce RTX 4060 Ti,52,113.44,93,7791.2,16380.0,
2026-09-03T16:25:47.824848+00:00,01_yolo26_main,1,1,12.1,20.86,30.49,1513.02,NVIDIA GeForce RTX 4060 Ti,51,115.31,92,7695.5,16380.0,
2026-09-03T16:25:57.854940+00:00,01_yolo26_main,1,1,11.9,20.9,30.49,1513.02,NVIDIA GeForce RTX 4060 Ti,52,114.35,94,7662.1,16380.0,
2026-09-03T16:26:07.882841+00:00,01_yolo26_main,1,1,12.4,20.98,30.49,1513.02,NVIDIA GeForce RTX 4060 Ti,50,112.06,94,7710.0,16380.0,
2026-09-03T16:26:17.909066+00:00,01_yolo26_main,1,1,12.7,20.73,30.49,1513.02,NVIDIA GeForce RTX 4060 Ti,52,115.73,93,7695.4,16380.0,
2026-09-03T16:26:27.937854+00:00,01_yolo26_main,1,1,13.7,20.82,30.49,1513.02,NVIDIA GeForce RTX 4060 Ti,52,115.55,91,7798.2,16380.0,
2026-09-03T16:26:38.001830+00:00,01_yolo26_main,1,1,11.8,20.96,30.49,1513.02,NVIDIA GeForce RTX 4060 Ti,51,113.54,92,7770.1,16380.0,
2026-09-03T16:26:48.067813+00:00,01_yolo26_main,1,1,11.7,21.05,30.49,1513.02,NVIDIA GeForce RTX 4060 Ti,50,115.83,93,7763.2,16380.0,
2026-09-03T16:26:58.096197+00:00,01_yolo26_main,1,1,11.9,21.03,30.49,1513.02,NVIDIA GeForce RTX 4060 Ti,51,115.35,93,7762.1,16380.0,
2026-09-03T16:27:08.120842+00:00,01_yolo26_main,1,1,11.9,21.1,30.49,1513.02,NVIDIA GeForce RTX 4060 Ti,52,114.64,90,7766.1,16380.0,
2026-09-03T16:27:18.146837+00:00,01_yolo26_main,1,1,11.7,21.09,30.49,1513.02,NVIDIA GeForce RTX 4060 Ti,50,116.62,93,7774.1,16380.0,
2026-09-03T16:27:28.174526+00:00,01_yolo26_main,1,1,12.8,21.23,30.49,1513.02,NVIDIA GeForce RTX 4060 Ti,51,113.0,94,7803.9,16380.0,
2026-09-03T16:27:38.234592+00:00,01_yolo26_main,1,1,12.2,20.75,30.49,1513.02,NVIDIA GeForce RTX 4060 Ti,52,114.06,91,7811.9,16380.0,
2026-09-03T16:27:48.298840+00:00,01_yolo26_main,1,1,12.1,21.02,30.49,1513.02,NVIDIA GeForce RTX 4060 Ti,51,114.85,90,7803.9,16380.0,
2026-09-03T16:27:58.367831+00:00,01_yolo26_main,1,1,12.2,20.88,30.49,1513.02,NVIDIA GeForce RTX 4060 Ti,53,116.37,88,7803.9,16380.0,
2026-09-03T16:28:08.436820+00:00,01_yolo26_main,1,1,12.8,20.98,30.49,1513.02,NVIDIA GeForce RTX 4060 Ti,52,112.96,87,7852.2,16380.0,
2026-09-03T16:28:18.503835+00:00,01_yolo26_main,1,1,13.5,20.51,30.49,1513.02,NVIDIA GeForce RTX 4060 Ti,49,94.24,86,7808.2,16380.0,
2026-09-03T16:28:28.571838+00:00,01_yolo26_main,1,1,13.4,20.55,30.49,1513.02,NVIDIA GeForce RTX 4060 Ti,52,113.34,93,7808.1,16380.0,
2026-09-03T16:28:38.639836+00:00,01_yolo26_main,1,1,13.2,20.24,30.49,1513.02,NVIDIA GeForce RTX 4060 Ti,50,113.84,95,7808.1,16380.0,
2026-09-03T16:28:48.704502+00:00,01_yolo26_main,1,1,12.6,20.58,30.49,1513.02,NVIDIA GeForce RTX 4060 Ti,44,48.46,62,7785.2,16380.0,
2026-09-03T16:28:58.767834+00:00,01_yolo26_main,1,1,12.5,20.37,30.49,1513.02,NVIDIA GeForce RTX 4060 Ti,52,115.13,87,7785.2,16380.0,
2026-09-03T16:29:08.836837+00:00,01_yolo26_main,1,1,12.6,20.43,30.49,1513.02,NVIDIA GeForce RTX 4060 Ti,50,115.14,93,7785.2,16380.0,
2026-09-03T16:29:18.899871+00:00,01_yolo26_main,1,1,13.0,20.4,30.49,1513.03,NVIDIA GeForce RTX 4060 Ti,51,107.7,93,7793.1,16380.0,
2026-09-03T16:29:28.966826+00:00,01_yolo26_main,1,1,12.3,20.49,30.49,1513.03,NVIDIA GeForce RTX 4060 Ti,52,116.25,94,7793.1,16380.0,
2026-09-03T16:29:39.032861+00:00,01_yolo26_main,1,1,11.8,20.56,30.49,1513.03,NVIDIA GeForce RTX 4060 Ti,51,113.94,88,7793.1,16380.0,
2026-09-03T16:29:49.100820+00:00,01_yolo26_main,1,1,12.8,20.51,30.49,1513.03,NVIDIA GeForce RTX 4060 Ti,52,115.7,93,7795.1,16380.0,
2026-09-03T16:29:59.166897+00:00,01_yolo26_main,1,1,12.6,20.17,30.49,1513.03,NVIDIA GeForce RTX 4060 Ti,52,114.66,94,7795.1,16380.0,
2026-09-03T16:30:09.193823+00:00,01_yolo26_main,1,1,11.6,20.18,30.49,1513.03,NVIDIA GeForce RTX 4060 Ti,52,114.86,94,7794.9,16380.0,
2026-09-03T16:30:19.219827+00:00,01_yolo26_main,1,1,11.6,20.21,30.49,1513.03,NVIDIA GeForce RTX 4060 Ti,50,115.43,93,7794.9,16380.0,
2026-09-03T16:30:29.245474+00:00,01_yolo26_main,1,1,11.8,20.32,30.49,1513.03,NVIDIA GeForce RTX 4060 Ti,53,116.19,91,7794.9,16380.0,
2026-09-03T16:30:39.272835+00:00,01_yolo26_main,1,1,11.6,20.43,30.49,1513.03,NVIDIA GeForce RTX 4060 Ti,51,116.14,86,7794.9,16380.0,
2026-09-03T16:30:49.298854+00:00,01_yolo26_main,1,1,11.9,20.36,30.49,1513.03,NVIDIA GeForce RTX 4060 Ti,53,117.14,93,7794.9,16380.0,
2026-09-03T16:30:59.325823+00:00,01_yolo26_main,1,1,11.6,20.41,30.49,1513.03,NVIDIA GeForce RTX 4060 Ti,52,116.95,87,7794.9,16380.0,
2026-09-03T16:31:09.354057+00:00,01_yolo26_main,1,1,11.7,20.44,30.49,1513.03,NVIDIA GeForce RTX 4060 Ti,53,116.53,93,7794.9,16380.0,
2026-09-03T16:31:19.381248+00:00,01_yolo26_main,1,1,11.7,20.35,30.49,1513.03,NVIDIA GeForce RTX 4060 Ti,52,114.03,92,7794.9,16380.0,
2026-09-03T16:31:29.407860+00:00,01_yolo26_main,1,1,11.3,20.4,30.49,1513.03,NVIDIA GeForce RTX 4060 Ti,52,116.76,95,7802.9,16380.0,
2026-09-03T16:31:39.436832+00:00,01_yolo26_main,1,1,11.4,20.43,30.49,1513.03,NVIDIA GeForce RTX 4060 Ti,52,115.68,97,7806.9,16380.0,
2026-09-03T16:31:49.464112+00:00,01_yolo26_main,1,1,12.2,20.48,30.49,1513.03,NVIDIA GeForce RTX 4060 Ti,51,116.72,91,7813.7,16380.0,
2026-09-03T16:31:59.483952+00:00,01_yolo26_main,1,1,11.4,20.49,30.49,1513.03,NVIDIA GeForce RTX 4060 Ti,50,116.69,93,7813.7,16380.0,
2026-09-03T16:32:09.510519+00:00,01_yolo26_main,1,1,11.3,20.57,30.49,1513.03,NVIDIA GeForce RTX 4060 Ti,52,117.08,93,7805.7,16380.0,
2026-09-03T16:32:19.537830+00:00,01_yolo26_main,1,1,11.8,20.48,30.49,1513.03,NVIDIA GeForce RTX 4060 Ti,52,115.26,93,7807.7,16380.0,
2026-09-03T16:32:29.565838+00:00,01_yolo26_main,1,1,11.8,20.58,30.49,1513.03,NVIDIA GeForce RTX 4060 Ti,52,116.0,94,7813.2,16380.0,
2026-09-03T16:32:39.593133+00:00,01_yolo26_main,1,1,14.1,20.48,30.49,1513.03,NVIDIA GeForce RTX 4060 Ti,52,114.39,94,7807.2,16380.0,
2026-09-03T16:32:49.658728+00:00,01_yolo26_main,1,1,14.5,20.48,30.49,1513.03,NVIDIA GeForce RTX 4060 Ti,52,114.28,93,7869.4,16380.0,
2026-09-03T16:32:59.719292+00:00,01_yolo26_main,1,1,11.6,20.47,30.49,1513.03,NVIDIA GeForce RTX 4060 Ti,53,115.2,94,7833.4,16380.0,
2026-09-03T16:33:09.789213+00:00,01_yolo26_main,1,1,11.8,20.56,30.49,1513.03,NVIDIA GeForce RTX 4060 Ti,49,114.76,93,7816.2,16380.0,
2026-09-03T16:33:19.815509+00:00,01_yolo26_main,1,1,13.2,20.53,30.49,1513.03,NVIDIA GeForce RTX 4060 Ti,52,114.2,93,7809.4,16380.0,
2026-09-03T16:33:29.883833+00:00,01_yolo26_main,1,1,11.9,20.57,30.49,1513.03,NVIDIA GeForce RTX 4060 Ti,53,115.62,92,7792.1,16380.0,
2026-09-03T16:33:39.949830+00:00,01_yolo26_main,1,1,11.6,20.69,30.49,1513.03,NVIDIA GeForce RTX 4060 Ti,51,114.64,94,7800.7,16380.0,
2026-09-03T16:33:49.994889+00:00,01_yolo26_main,1,1,12.2,20.59,30.49,1513.03,NVIDIA GeForce RTX 4060 Ti,52,114.86,95,7792.1,16380.0,
2026-09-03T16:34:00.023623+00:00,01_yolo26_main,1,1,12.3,20.49,30.49,1513.03,NVIDIA GeForce RTX 4060 Ti,49,115.66,93,7776.5,16380.0,
2026-09-03T16:34:10.091860+00:00,01_yolo26_main,1,1,13.3,20.46,30.49,1513.03,NVIDIA GeForce RTX 4060 Ti,48,97.15,92,7777.1,16380.0,
2026-09-03T16:34:20.113555+00:00,01_yolo26_main,1,1,12.3,20.38,30.49,1513.03,NVIDIA GeForce RTX 4060 Ti,52,116.02,92,7788.2,16380.0,
2026-09-03T16:34:30.180042+00:00,01_yolo26_main,1,1,12.5,20.39,30.49,1513.03,NVIDIA GeForce RTX 4060 Ti,50,116.47,92,7750.9,16380.0,
2026-09-03T16:34:40.244823+00:00,01_yolo26_main,1,1,12.3,19.92,30.49,1513.03,NVIDIA GeForce RTX 4060 Ti,50,115.4,93,7751.4,16380.0,
2026-09-03T16:34:50.305244+00:00,01_yolo26_main,1,1,13.1,19.99,30.49,1513.03,NVIDIA GeForce RTX 4060 Ti,52,115.95,94,7770.4,16380.0,
2026-09-03T16:35:00.361754+00:00,01_yolo26_main,1,1,12.7,20.1,30.49,1513.03,NVIDIA GeForce RTX 4060 Ti,51,115.98,92,7759.3,16380.0,
2026-09-03T16:35:10.430131+00:00,01_yolo26_main,1,1,12.3,20.27,30.49,1513.03,NVIDIA GeForce RTX 4060 Ti,52,116.34,94,7757.6,16380.0,
2026-09-03T16:35:20.498841+00:00,01_yolo26_main,1,1,11.6,20.19,30.49,1513.02,NVIDIA GeForce RTX 4060 Ti,52,114.4,90,7748.7,16380.0,
2026-09-03T16:35:30.564283+00:00,01_yolo26_main,1,1,11.7,20.23,30.49,1513.02,NVIDIA GeForce RTX 4060 Ti,49,114.75,85,7767.2,16380.0,
2026-09-03T16:35:40.583090+00:00,01_yolo26_main,1,1,12.3,20.35,30.49,1513.02,NVIDIA GeForce RTX 4060 Ti,52,114.97,87,7759.7,16380.0,
2026-09-03T16:35:50.643630+00:00,01_yolo26_main,1,1,13.4,20.25,30.49,1513.02,NVIDIA GeForce RTX 4060 Ti,52,114.05,89,7770.1,16380.0,
2026-09-03T16:36:00.710842+00:00,01_yolo26_main,1,1,13.7,20.36,30.49,1513.02,NVIDIA GeForce RTX 4060 Ti,51,115.71,93,7748.7,16380.0,
2026-09-03T16:36:10.762614+00:00,01_yolo26_main,1,1,12.6,20.36,30.49,1513.02,NVIDIA GeForce RTX 4060 Ti,50,107.67,18,7708.7,16380.0,
2026-09-03T16:36:20.828832+00:00,01_yolo26_main,1,1,13.0,20.39,30.49,1513.02,NVIDIA GeForce RTX 4060 Ti,51,114.21,93,7727.1,16380.0,
2026-09-03T16:36:30.895856+00:00,01_yolo26_main,1,1,13.1,20.37,30.49,1513.02,NVIDIA GeForce RTX 4060 Ti,52,115.73,93,7727.0,16380.0,
2026-09-03T16:36:40.963847+00:00,01_yolo26_main,1,1,14.4,20.58,30.49,1513.02,NVIDIA GeForce RTX 4060 Ti,48,82.27,92,7759.3,16380.0,
2026-09-03T16:36:51.020771+00:00,01_yolo26_main,1,1,14.4,20.58,30.49,1513.02,NVIDIA GeForce RTX 4060 Ti,53,115.1,88,7763.9,16380.0,
2026-09-03T16:37:01.083104+00:00,01_yolo26_main,1,1,12.1,20.45,30.49,1513.02,NVIDIA GeForce RTX 4060 Ti,52,117.15,92,7740.2,16380.0,
2026-09-03T16:37:11.151840+00:00,01_yolo26_main,1,1,13.7,20.56,30.49,1513.02,NVIDIA GeForce RTX 4060 Ti,52,98.94,92,7761.7,16380.0,
2026-09-03T16:37:21.218855+00:00,01_yolo26_main,1,1,13.7,20.54,30.49,1513.02,NVIDIA GeForce RTX 4060 Ti,51,113.67,90,7769.8,16380.0,
2026-09-03T16:37:31.257918+00:00,01_yolo26_main,1,1,13.9,20.64,30.49,1513.02,NVIDIA GeForce RTX 4060 Ti,52,115.44,93,7773.5,16380.0,
2026-09-03T16:37:41.299151+00:00,01_yolo26_main,1,1,11.5,20.75,30.49,1513.02,NVIDIA GeForce RTX 4060 Ti,51,65.77,3,7677.2,16380.0,
2026-09-03T16:37:51.367833+00:00,01_yolo26_main,1,1,12.2,20.49,30.49,1513.02,NVIDIA GeForce RTX 4060 Ti,51,115.64,88,7717.1,16380.0,
2026-09-03T16:38:01.432349+00:00,01_yolo26_main,1,1,10.1,20.54,30.49,1513.02,NVIDIA GeForce RTX 4060 Ti,51,119.62,92,7699.8,16380.0,
2026-09-03T16:38:11.498833+00:00,01_yolo26_main,1,1,10.1,20.64,30.49,1513.02,NVIDIA GeForce RTX 4060 Ti,51,110.26,95,7699.8,16380.0,
2026-09-03T16:38:21.565839+00:00,01_yolo26_main,1,1,10.5,20.54,30.49,1513.02,NVIDIA GeForce RTX 4060 Ti,52,119.57,93,7699.8,16380.0,
2026-09-03T16:38:31.631831+00:00,01_yolo26_main,1,1,10.5,20.29,30.49,1513.02,NVIDIA GeForce RTX 4060 Ti,51,119.06,92,7699.8,16380.0,
2026-09-03T16:38:41.700839+00:00,01_yolo26_main,1,1,10.3,20.44,30.49,1513.02,NVIDIA GeForce RTX 4060 Ti,52,119.92,88,7699.8,16380.0,
2026-09-03T16:38:51.722840+00:00,01_yolo26_main,1,1,10.7,20.43,30.49,1513.02,NVIDIA GeForce RTX 4060 Ti,52,113.35,91,7699.8,16380.0,
2026-09-03T16:39:01.781512+00:00,01_yolo26_main,1,1,10.6,20.42,30.49,1513.02,NVIDIA GeForce RTX 4060 Ti,52,120.03,93,7699.8,16380.0,
2026-09-03T16:39:11.851423+00:00,01_yolo26_main,1,1,10.0,20.39,30.49,1513.02,NVIDIA GeForce RTX 4060 Ti,52,119.35,91,7699.8,16380.0,
2026-09-03T16:39:21.916823+00:00,01_yolo26_main,1,1,10.1,20.58,30.49,1513.02,NVIDIA GeForce RTX 4060 Ti,50,97.34,92,7699.8,16380.0,
2026-09-03T16:39:31.982827+00:00,01_yolo26_main,1,1,10.5,20.42,30.49,1513.02,NVIDIA GeForce RTX 4060 Ti,54,118.14,93,7699.8,16380.0,
2026-09-03T16:39:42.045633+00:00,01_yolo26_main,1,1,10.1,20.45,30.49,1513.02,NVIDIA GeForce RTX 4060 Ti,50,119.65,92,7699.8,16380.0,
2026-09-03T16:39:52.093327+00:00,01_yolo26_main,1,1,10.5,20.54,30.49,1513.02,NVIDIA GeForce RTX 4060 Ti,50,119.36,91,7699.8,16380.0,
2026-09-03T16:40:02.159958+00:00,01_yolo26_main,1,1,10.5,20.43,30.49,1513.02,NVIDIA GeForce RTX 4060 Ti,53,117.67,94,7699.8,16380.0,
2026-09-03T16:40:12.182211+00:00,01_yolo26_main,1,1,10.9,20.12,30.49,1513.02,NVIDIA GeForce RTX 4060 Ti,53,118.3,91,7692.9,16380.0,
2026-09-03T16:40:22.243622+00:00,01_yolo26_main,1,1,10.2,20.23,30.49,1513.02,NVIDIA GeForce RTX 4060 Ti,52,117.16,93,7692.9,16380.0,
2026-09-03T16:40:32.309828+00:00,01_yolo26_main,1,1,10.0,20.27,30.49,1513.02,NVIDIA GeForce RTX 4060 Ti,51,60.44,11,7692.9,16380.0,
2026-09-03T16:40:42.375851+00:00,01_yolo26_main,1,1,10.4,20.3,30.49,1513.02,NVIDIA GeForce RTX 4060 Ti,53,117.3,93,7692.9,16380.0,
2026-09-03T16:40:52.439846+00:00,01_yolo26_main,1,1,10.3,20.35,30.49,1513.02,NVIDIA GeForce RTX 4060 Ti,53,118.04,93,7692.9,16380.0,
2026-09-03T16:41:02.506830+00:00,01_yolo26_main,1,1,10.3,20.37,30.49,1513.02,NVIDIA GeForce RTX 4060 Ti,53,118.76,88,7692.6,16380.0,
2026-09-03T16:41:12.573820+00:00,01_yolo26_main,1,1,10.3,20.34,30.49,1513.02,NVIDIA GeForce RTX 4060 Ti,53,119.18,94,7692.5,16380.0,
2026-09-03T16:41:22.641861+00:00,01_yolo26_main,1,1,10.2,20.34,30.49,1513.02,NVIDIA GeForce RTX 4060 Ti,53,119.83,86,7692.5,16380.0,
2026-09-03T16:41:32.707824+00:00,01_yolo26_main,1,1,11.3,20.36,30.49,1513.02,NVIDIA GeForce RTX 4060 Ti,52,118.35,92,7692.8,16380.0,
2026-09-03T16:41:42.778822+00:00,01_yolo26_main,1,1,11.2,20.35,30.49,1513.02,NVIDIA GeForce RTX 4060 Ti,53,113.44,79,7691.1,16380.0,
2026-09-03T16:41:52.841923+00:00,01_yolo26_main,1,1,10.7,20.42,30.49,1513.02,NVIDIA GeForce RTX 4060 Ti,53,118.99,91,7681.3,16380.0,
2026-09-03T16:42:02.905916+00:00,01_yolo26_main,1,1,11.3,20.38,30.49,1513.02,NVIDIA GeForce RTX 4060 Ti,53,118.15,93,7684.9,16380.0,
2026-09-03T16:42:12.959908+00:00,01_yolo26_main,1,1,11.1,20.46,30.49,1513.02,NVIDIA GeForce RTX 4060 Ti,52,83.58,92,7683.2,16380.0,
2026-09-03T16:42:23.012834+00:00,01_yolo26_main,1,1,11.4,20.45,30.49,1513.02,NVIDIA GeForce RTX 4060 Ti,51,117.84,90,7682.8,16380.0,
2026-09-03T16:42:33.081836+00:00,01_yolo26_main,1,1,10.1,20.51,30.49,1513.02,NVIDIA GeForce RTX 4060 Ti,53,116.34,92,7671.1,16380.0,
2026-09-03T16:42:43.148833+00:00,01_yolo26_main,1,1,11.0,20.5,30.49,1513.02,NVIDIA GeForce RTX 4060 Ti,51,117.89,90,7673.1,16380.0,
2026-09-03T16:42:53.205832+00:00,01_yolo26_main,1,1,12.4,20.39,30.49,1513.02,NVIDIA GeForce RTX 4060 Ti,53,118.49,93,7686.1,16380.0,
2026-09-03T16:43:03.244477+00:00,01_yolo26_main,1,1,11.1,20.45,30.49,1513.02,NVIDIA GeForce RTX 4060 Ti,52,119.23,93,7685.0,16380.0,
2026-09-03T16:43:13.309833+00:00,01_yolo26_main,1,1,11.8,20.39,30.49,1513.02,NVIDIA GeForce RTX 4060 Ti,53,115.65,91,7678.5,16380.0,
2026-09-03T16:43:23.376828+00:00,01_yolo26_main,1,1,11.1,20.45,30.49,1513.02,NVIDIA GeForce RTX 4060 Ti,46,99.0,89,7694.4,16380.0,
2026-09-03T16:43:33.422709+00:00,01_yolo26_main,1,1,11.0,20.51,30.49,1513.02,NVIDIA GeForce RTX 4060 Ti,52,119.89,86,7684.6,16380.0,
2026-09-03T16:43:43.489839+00:00,01_yolo26_main,1,1,10.7,20.49,30.49,1513.02,NVIDIA GeForce RTX 4060 Ti,53,118.56,91,7679.3,16380.0,
2026-09-03T16:43:53.524900+00:00,01_yolo26_main,1,1,11.9,20.53,30.49,1513.02,NVIDIA GeForce RTX 4060 Ti,50,105.52,92,7686.4,16380.0,
2026-09-03T16:44:03.589847+00:00,01_yolo26_main,1,1,11.4,20.47,30.49,1513.02,NVIDIA GeForce RTX 4060 Ti,53,117.42,90,7676.1,16380.0,
2026-09-03T16:44:13.654883+00:00,01_yolo26_main,1,1,11.8,20.58,30.49,1513.02,NVIDIA GeForce RTX 4060 Ti,53,118.13,91,7694.9,16380.0,
2026-09-03T16:44:23.681854+00:00,01_yolo26_main,1,1,12.5,20.42,30.49,1513.02,NVIDIA GeForce RTX 4060 Ti,52,116.89,95,7670.2,16380.0,
2026-09-03T16:44:33.706860+00:00,01_yolo26_main,1,1,12.4,20.5,30.49,1513.02,NVIDIA GeForce RTX 4060 Ti,53,116.64,87,8383.4,16380.0,
2026-09-03T16:44:43.771839+00:00,01_yolo26_main,1,1,11.9,20.41,30.49,1513.02,NVIDIA GeForce RTX 4060 Ti,53,116.84,93,8383.3,16380.0,
2026-09-03T16:44:53.839857+00:00,01_yolo26_main,1,1,12.4,20.37,30.49,1513.02,NVIDIA GeForce RTX 4060 Ti,53,114.84,87,8393.2,16380.0,
2026-09-03T16:45:03.907838+00:00,01_yolo26_main,1,1,12.1,20.4,30.49,1513.02,NVIDIA GeForce RTX 4060 Ti,51,118.8,93,8391.2,16380.0,
2026-09-03T16:45:13.973826+00:00,01_yolo26_main,1,1,11.9,20.49,30.49,1513.02,NVIDIA GeForce RTX 4060 Ti,52,114.59,92,8382.2,16380.0,
2026-09-03T16:45:24.027843+00:00,01_yolo26_main,1,1,11.0,20.53,30.49,1513.02,NVIDIA GeForce RTX 4060 Ti,50,118.14,91,8400.2,16380.0,
2026-09-03T16:45:34.094148+00:00,01_yolo26_main,1,1,11.6,20.7,30.49,1513.02,NVIDIA GeForce RTX 4060 Ti,48,93.01,56,8398.1,16380.0,
2026-09-03T16:45:44.156508+00:00,01_yolo26_main,1,1,10.9,20.41,30.49,1513.02,NVIDIA GeForce RTX 4060 Ti,52,120.33,93,8384.8,16380.0,
2026-09-03T16:45:54.223894+00:00,01_yolo26_main,1,1,12.2,20.43,30.49,1513.02,NVIDIA GeForce RTX 4060 Ti,53,115.82,94,8376.1,16380.0,
2026-09-03T16:46:04.290859+00:00,01_yolo26_main,1,1,12.9,20.43,30.49,1513.0,NVIDIA GeForce RTX 4060 Ti,50,115.93,92,8405.4,16380.0,
2026-09-03T16:46:14.357839+00:00,01_yolo26_main,1,1,11.6,20.45,30.49,1513.0,NVIDIA GeForce RTX 4060 Ti,53,117.59,92,8323.9,16380.0,
2026-09-03T16:46:24.424442+00:00,01_yolo26_main,1,1,10.5,20.42,30.49,1513.0,NVIDIA GeForce RTX 4060 Ti,51,119.36,93,8319.9,16380.0,
2026-09-03T16:46:34.490841+00:00,01_yolo26_main,1,1,10.1,20.38,30.49,1513.02,NVIDIA GeForce RTX 4060 Ti,53,118.68,92,8320.8,16380.0,
2026-09-03T16:46:44.562826+00:00,01_yolo26_main,1,1,10.4,20.4,30.49,1513.02,NVIDIA GeForce RTX 4060 Ti,51,118.14,94,8319.9,16380.0,
2026-09-03T16:46:54.630844+00:00,01_yolo26_main,1,1,10.3,20.45,30.49,1513.02,NVIDIA GeForce RTX 4060 Ti,53,120.3,85,8319.8,16380.0,
2026-09-03T16:47:04.694831+00:00,01_yolo26_main,1,1,10.7,20.47,30.49,1513.02,NVIDIA GeForce RTX 4060 Ti,53,117.39,91,8334.7,16380.0,
2026-09-03T16:47:14.751174+00:00,01_yolo26_main,1,1,11.6,20.55,30.49,1513.02,NVIDIA GeForce RTX 4060 Ti,50,78.97,88,8909.7,16380.0,
2026-09-03T16:47:24.815011+00:00,01_yolo26_main,1,1,11.4,20.4,30.49,1513.02,NVIDIA GeForce RTX 4060 Ti,53,117.9,90,8914.5,16380.0,
2026-09-03T16:47:34.859559+00:00,01_yolo26_main,1,1,11.5,20.44,30.49,1513.02,NVIDIA GeForce RTX 4060 Ti,53,118.2,89,8907.4,16380.0,
2026-09-03T16:47:44.925834+00:00,01_yolo26_main,1,1,11.4,20.45,30.49,1513.02,NVIDIA GeForce RTX 4060 Ti,51,56.31,93,8893.4,16380.0,
2026-09-03T16:47:54.993832+00:00,01_yolo26_main,1,1,12.0,20.51,30.49,1513.02,NVIDIA GeForce RTX 4060 Ti,53,117.08,90,8911.8,16380.0,
2026-09-03T16:48:05.023873+00:00,01_yolo26_main,1,1,14.9,20.57,30.49,1513.02,NVIDIA GeForce RTX 4060 Ti,53,118.95,93,8900.1,16380.0,
2026-09-03T16:48:15.091826+00:00,01_yolo26_main,1,1,12.9,20.73,30.49,1513.01,NVIDIA GeForce RTX 4060 Ti,51,115.07,93,8907.7,16380.0,
2026-09-03T16:48:25.118876+00:00,01_yolo26_main,1,1,13.1,20.49,30.49,1513.0,NVIDIA GeForce RTX 4060 Ti,53,118.5,87,8881.8,16380.0,
2026-09-03T16:48:35.143817+00:00,01_yolo26_main,1,1,12.0,20.51,30.49,1512.99,NVIDIA GeForce RTX 4060 Ti,52,119.0,92,8881.2,16380.0,
2026-09-03T16:48:45.171840+00:00,01_yolo26_main,1,1,13.7,20.69,30.49,1512.97,NVIDIA GeForce RTX 4060 Ti,50,114.81,92,8918.2,16380.0,
2026-09-03T16:48:55.196850+00:00,01_yolo26_main,1,1,11.4,20.47,30.49,1512.97,NVIDIA GeForce RTX 4060 Ti,53,118.88,93,8918.0,16380.0,
2026-09-03T16:49:05.223275+00:00,01_yolo26_main,1,1,10.5,20.51,30.49,1512.97,NVIDIA GeForce RTX 4060 Ti,52,118.03,91,8932.5,16380.0,
2026-09-03T16:49:15.249928+00:00,01_yolo26_main,1,1,10.3,20.54,30.49,1513.02,NVIDIA GeForce RTX 4060 Ti,53,118.07,93,8895.8,16380.0,
2026-09-03T16:49:25.274830+00:00,01_yolo26_main,1,1,10.6,20.48,30.49,1513.02,NVIDIA GeForce RTX 4060 Ti,52,115.8,92,8896.6,16380.0,
2026-09-03T16:49:35.295747+00:00,01_yolo26_main,1,1,10.4,20.41,30.49,1513.02,NVIDIA GeForce RTX 4060 Ti,53,118.81,88,8896.6,16380.0,
2026-09-03T16:49:45.322729+00:00,01_yolo26_main,1,1,12.2,20.58,30.49,1513.02,NVIDIA GeForce RTX 4060 Ti,53,120.07,91,8901.2,16380.0,
2026-09-03T16:49:55.390826+00:00,01_yolo26_main,1,1,11.6,20.5,30.49,1513.02,NVIDIA GeForce RTX 4060 Ti,51,64.06,11,8915.4,16380.0,
2026-09-03T16:50:05.445649+00:00,01_yolo26_main,1,1,16.3,21.69,30.49,1513.02,NVIDIA GeForce RTX 4060 Ti,53,116.81,95,11574.6,16380.0,
2026-09-03T16:50:15.515977+00:00,01_yolo26_main,1,1,15.4,21.88,30.49,1513.02,NVIDIA GeForce RTX 4060 Ti,53,123.0,91,11682.0,16380.0,
2026-09-03T16:50:25.557007+00:00,01_yolo26_main,1,1,15.4,21.91,30.49,1513.02,NVIDIA GeForce RTX 4060 Ti,54,125.3,100,11682.1,16380.0,
2026-09-03T16:50:35.622971+00:00,01_yolo26_main,1,1,15.4,21.92,30.49,1513.02,NVIDIA GeForce RTX 4060 Ti,54,124.66,97,11682.1,16380.0,
2026-09-03T16:50:45.670104+00:00,01_yolo26_main,1,1,15.7,21.94,30.49,1513.02,NVIDIA GeForce RTX 4060 Ti,54,122.95,100,11682.1,16380.0,
2026-09-03T16:50:55.734821+00:00,01_yolo26_main,1,1,15.7,21.92,30.49,1513.02,NVIDIA GeForce RTX 4060 Ti,54,126.27,98,11682.1,16380.0,
2026-09-03T16:51:05.770112+00:00,01_yolo26_main,1,1,15.6,21.99,30.49,1513.01,NVIDIA GeForce RTX 4060 Ti,56,125.5,96,11680.6,16380.0,
2026-09-03T16:51:15.792718+00:00,01_yolo26_main,1,1,15.6,22.01,30.49,1513.02,NVIDIA GeForce RTX 4060 Ti,55,125.55,100,11680.8,16380.0,
2026-09-03T16:51:25.846961+00:00,01_yolo26_main,1,1,15.8,22.0,30.49,1513.02,NVIDIA GeForce RTX 4060 Ti,55,124.86,100,11680.7,16380.0,
2026-09-03T16:51:35.887290+00:00,01_yolo26_main,1,1,15.1,22.06,30.49,1513.02,NVIDIA GeForce RTX 4060 Ti,54,124.64,100,11701.8,16380.0,
2026-09-03T16:51:45.916970+00:00,01_yolo26_main,1,1,16.2,21.99,30.49,1513.02,NVIDIA GeForce RTX 4060 Ti,54,123.45,100,11694.6,16380.0,
2026-09-03T16:51:55.983708+00:00,01_yolo26_main,1,1,15.9,22.02,30.49,1513.02,NVIDIA GeForce RTX 4060 Ti,54,125.55,95,11694.7,16380.0,
2026-09-03T16:52:06.032912+00:00,01_yolo26_main,1,1,15.7,22.0,30.49,1513.02,NVIDIA GeForce RTX 4060 Ti,53,125.05,100,11694.7,16380.0,
2026-09-03T16:52:16.079800+00:00,01_yolo26_main,1,1,15.9,21.94,30.49,1513.02,NVIDIA GeForce RTX 4060 Ti,55,125.14,94,11694.7,16380.0,
2026-09-03T16:52:26.145824+00:00,01_yolo26_main,1,1,15.3,21.99,30.49,1513.02,NVIDIA GeForce RTX 4060 Ti,55,122.19,100,11694.8,16380.0,
2026-09-03T16:52:36.203461+00:00,01_yolo26_main,1,1,16.0,22.0,30.49,1513.02,NVIDIA GeForce RTX 4060 Ti,54,125.42,100,11694.7,16380.0,
2026-09-03T16:52:46.224805+00:00,01_yolo26_main,1,1,16.0,21.98,30.49,1513.02,NVIDIA GeForce RTX 4060 Ti,55,124.72,96,11684.7,16380.0,
2026-09-03T16:52:56.246026+00:00,01_yolo26_main,1,1,15.9,21.93,30.49,1513.02,NVIDIA GeForce RTX 4060 Ti,55,124.72,96,11684.7,16380.0,
2026-09-03T16:53:06.291931+00:00,01_yolo26_main,1,1,15.6,21.95,30.49,1513.02,NVIDIA GeForce RTX 4060 Ti,53,126.65,100,11686.7,16380.0,
2026-09-03T16:53:16.358550+00:00,01_yolo26_main,1,1,19.3,22.03,30.49,1513.02,NVIDIA GeForce RTX 4060 Ti,54,123.14,94,11686.7,16380.0,
2026-09-03T16:53:26.425251+00:00,01_yolo26_main,1,1,22.1,22.06,30.49,1513.02,NVIDIA GeForce RTX 4060 Ti,55,125.11,100,11686.7,16380.0,
2026-09-03T16:53:36.481437+00:00,01_yolo26_main,1,1,22.7,21.95,30.49,1513.02,NVIDIA GeForce RTX 4060 Ti,55,124.4,94,11686.8,16380.0,
2026-09-03T16:53:46.547849+00:00,01_yolo26_main,1,1,16.0,21.98,30.49,1513.02,NVIDIA GeForce RTX 4060 Ti,55,124.73,100,11686.7,16380.0,
2026-09-03T16:53:56.578761+00:00,01_yolo26_main,1,1,16.2,21.95,30.49,1513.02,NVIDIA GeForce RTX 4060 Ti,53,122.14,96,11688.1,16380.0,
2026-09-03T16:54:06.644819+00:00,01_yolo26_main,1,1,15.8,21.98,30.49,1513.02,NVIDIA GeForce RTX 4060 Ti,54,125.15,94,11686.7,16380.0,
2026-09-03T16:54:16.705346+00:00,01_yolo26_main,1,1,16.1,22.01,30.49,1513.02,NVIDIA GeForce RTX 4060 Ti,55,125.24,100,11687.4,16380.0,
2026-09-03T16:54:26.768390+00:00,01_yolo26_main,1,1,15.8,22.0,30.49,1513.02,NVIDIA GeForce RTX 4060 Ti,54,114.44,100,11697.5,16380.0,
2026-09-03T16:54:36.834829+00:00,01_yolo26_main,1,1,15.2,22.01,30.49,1513.02,NVIDIA GeForce RTX 4060 Ti,55,125.48,100,11682.1,16380.0,
2026-09-03T16:54:46.879737+00:00,01_yolo26_main,1,1,15.8,21.98,30.49,1513.02,NVIDIA GeForce RTX 4060 Ti,55,125.02,100,11682.1,16380.0,
2026-09-03T16:54:56.944121+00:00,01_yolo26_main,1,1,15.7,22.15,30.49,1513.01,NVIDIA GeForce RTX 4060 Ti,55,121.2,92,11681.7,16380.0,
2026-09-03T16:55:06.985848+00:00,01_yolo26_main,1,1,15.3,21.94,30.49,1513.01,NVIDIA GeForce RTX 4060 Ti,55,125.3,100,11686.0,16380.0,
2026-09-03T16:55:17.051842+00:00,01_yolo26_main,1,1,15.6,21.98,30.49,1513.01,NVIDIA GeForce RTX 4060 Ti,53,124.51,95,11681.6,16380.0,
2026-09-03T16:55:27.097330+00:00,01_yolo26_main,1,1,15.4,22.0,30.49,1513.01,NVIDIA GeForce RTX 4060 Ti,53,125.01,99,11681.2,16380.0,
2026-09-03T16:55:37.120646+00:00,01_yolo26_main,1,1,15.7,21.97,30.49,1513.01,NVIDIA GeForce RTX 4060 Ti,53,124.83,95,11681.2,16380.0,
2026-09-03T16:55:47.180613+00:00,01_yolo26_main,1,1,16.5,21.98,30.49,1513.01,NVIDIA GeForce RTX 4060 Ti,55,125.23,100,11681.2,16380.0,
2026-09-03T16:55:57.246897+00:00,01_yolo26_main,1,1,15.6,21.98,30.49,1513.01,NVIDIA GeForce RTX 4060 Ti,54,121.65,87,11685.8,16380.0,
2026-09-03T16:56:07.306397+00:00,01_yolo26_main,1,1,14.9,21.98,30.49,1513.02,NVIDIA GeForce RTX 4060 Ti,54,125.11,94,11685.9,16380.0,
2026-09-03T16:56:17.341934+00:00,01_yolo26_main,1,1,17.1,22.02,30.49,1513.02,NVIDIA GeForce RTX 4060 Ti,55,122.5,95,11733.8,16380.0,
2026-09-03T16:56:27.410148+00:00,01_yolo26_main,1,1,16.2,21.99,30.49,1513.02,NVIDIA GeForce RTX 4060 Ti,55,124.62,96,12178.5,16380.0,
2026-09-03T16:56:37.475822+00:00,01_yolo26_main,1,1,16.1,21.94,30.49,1513.02,NVIDIA GeForce RTX 4060 Ti,56,123.7,91,12182.8,16380.0,
2026-09-03T16:56:47.503865+00:00,01_yolo26_main,1,1,16.1,21.93,30.49,1513.02,NVIDIA GeForce RTX 4060 Ti,55,124.17,100,12192.9,16380.0,
2026-09-03T16:56:57.569834+00:00,01_yolo26_main,1,1,15.5,21.99,30.49,1513.02,NVIDIA GeForce RTX 4060 Ti,53,125.32,96,12183.6,16380.0,
2026-09-03T16:57:07.635818+00:00,01_yolo26_main,1,1,15.9,21.78,30.49,1513.02,NVIDIA GeForce RTX 4060 Ti,55,124.56,99,12180.6,16380.0,
2026-09-03T16:57:17.702810+00:00,01_yolo26_main,1,1,15.4,21.86,30.49,1513.01,NVIDIA GeForce RTX 4060 Ti,55,125.12,100,12178.4,16380.0,
2026-09-03T16:57:27.767822+00:00,01_yolo26_main,1,1,16.7,21.94,30.49,1513.01,NVIDIA GeForce RTX 4060 Ti,55,120.47,98,12150.8,16380.0,
2026-09-03T16:57:37.816294+00:00,01_yolo26_main,1,1,17.0,21.99,30.49,1513.01,NVIDIA GeForce RTX 4060 Ti,55,121.34,100,12282.5,16380.0,
2026-09-03T16:57:47.883871+00:00,01_yolo26_main,1,1,16.8,22.02,30.49,1513.01,NVIDIA GeForce RTX 4060 Ti,55,124.56,96,12191.6,16380.0,
2026-09-03T16:57:57.951563+00:00,01_yolo26_main,1,1,15.8,22.03,30.49,1513.01,NVIDIA GeForce RTX 4060 Ti,55,125.01,95,12187.1,16380.0,
2026-09-03T16:58:07.987241+00:00,01_yolo26_main,1,1,16.4,22.08,30.49,1513.01,NVIDIA GeForce RTX 4060 Ti,55,118.72,91,12289.4,16380.0,
2026-09-03T16:58:18.048549+00:00,01_yolo26_main,1,1,17.5,21.95,30.49,1513.01,NVIDIA GeForce RTX 4060 Ti,55,122.03,94,12204.9,16380.0,
2026-09-03T16:58:28.114811+00:00,01_yolo26_main,1,1,16.8,22.02,30.49,1513.01,NVIDIA GeForce RTX 4060 Ti,55,124.57,100,12221.3,16380.0,
2026-09-03T16:58:38.180708+00:00,01_yolo26_main,1,1,17.2,22.06,30.49,1513.01,NVIDIA GeForce RTX 4060 Ti,56,122.66,95,12211.8,16380.0,
2026-09-03T16:58:48.215846+00:00,01_yolo26_main,1,1,17.4,22.06,30.49,1513.01,NVIDIA GeForce RTX 4060 Ti,55,124.89,100,12265.3,16380.0,
2026-09-03T16:58:58.283859+00:00,01_yolo26_main,1,1,15.9,22.38,30.49,1513.02,NVIDIA GeForce RTX 4060 Ti,54,116.21,90,10673.8,16380.0,
2026-09-03T16:59:08.346817+00:00,01_yolo26_main,1,1,15.8,22.11,30.49,1513.02,NVIDIA GeForce RTX 4060 Ti,54,123.57,100,12249.2,16380.0,
2026-09-03T16:59:18.396329+00:00,01_yolo26_main,1,1,15.6,22.1,30.49,1513.02,NVIDIA GeForce RTX 4060 Ti,55,125.47,100,12253.5,16380.0,
2026-09-03T16:59:28.462822+00:00,01_yolo26_main,1,1,15.7,22.1,30.49,1513.02,NVIDIA GeForce RTX 4060 Ti,54,125.53,95,12217.2,16380.0,
2026-09-03T16:59:38.508953+00:00,01_yolo26_main,1,1,15.6,22.09,30.49,1513.01,NVIDIA GeForce RTX 4060 Ti,55,124.54,95,12221.5,16380.0,
2026-09-03T16:59:48.576827+00:00,01_yolo26_main,1,1,16.7,22.1,30.49,1513.01,NVIDIA GeForce RTX 4060 Ti,53,125.69,96,12217.2,16380.0,
2026-09-03T16:59:58.643948+00:00,01_yolo26_main,1,1,15.6,22.08,30.49,1513.01,NVIDIA GeForce RTX 4060 Ti,56,125.04,98,12187.2,16380.0,
2026-09-03T17:00:08.710406+00:00,01_yolo26_main,1,1,15.9,22.05,30.49,1513.01,NVIDIA GeForce RTX 4060 Ti,56,124.88,95,12195.4,16380.0,
2026-09-03T17:00:18.734849+00:00,01_yolo26_main,1,1,16.8,22.13,30.49,1513.01,NVIDIA GeForce RTX 4060 Ti,55,122.55,100,12242.7,16380.0,
2026-09-03T17:00:28.800878+00:00,01_yolo26_main,1,1,15.8,22.28,30.49,1513.02,NVIDIA GeForce RTX 4060 Ti,54,115.09,89,10638.1,16380.0,
2026-09-03T17:00:38.863080+00:00,01_yolo26_main,1,1,16.3,22.08,30.49,1513.02,NVIDIA GeForce RTX 4060 Ti,55,123.18,96,12224.2,16380.0,
2026-09-03T17:00:48.884233+00:00,01_yolo26_main,1,1,16.4,21.75,30.49,1513.02,NVIDIA GeForce RTX 4060 Ti,53,125.63,98,12242.2,16380.0,
2026-09-03T17:00:58.911825+00:00,01_yolo26_main,1,1,16.2,21.84,30.49,1513.02,NVIDIA GeForce RTX 4060 Ti,55,125.88,95,12229.9,16380.0,
2026-09-03T17:01:08.937814+00:00,01_yolo26_main,1,1,17.0,21.84,30.49,1513.01,NVIDIA GeForce RTX 4060 Ti,55,125.03,94,12240.4,16380.0,
2026-09-03T17:01:19.001850+00:00,01_yolo26_main,1,1,15.9,21.83,30.49,1513.01,NVIDIA GeForce RTX 4060 Ti,54,124.36,100,12239.9,16380.0,
2026-09-03T17:01:29.027910+00:00,01_yolo26_main,1,1,16.4,21.55,30.49,1513.01,NVIDIA GeForce RTX 4060 Ti,55,123.53,97,12266.8,16380.0,
2026-09-03T17:01:39.087490+00:00,01_yolo26_main,1,1,17.9,21.76,30.49,1513.01,NVIDIA GeForce RTX 4060 Ti,54,123.69,98,12271.7,16380.0,
2026-09-03T17:01:49.155820+00:00,01_yolo26_main,1,1,16.5,21.6,30.49,1513.01,NVIDIA GeForce RTX 4060 Ti,56,125.14,95,12244.0,16380.0,
2026-09-03T17:01:59.181815+00:00,01_yolo26_main,1,1,15.7,21.77,30.49,1513.01,NVIDIA GeForce RTX 4060 Ti,54,125.69,100,12248.3,16380.0,
2026-09-03T17:02:09.201007+00:00,01_yolo26_main,1,1,15.8,21.89,30.49,1513.01,NVIDIA GeForce RTX 4060 Ti,56,125.27,94,12244.0,16380.0,
2026-09-03T17:02:19.267746+00:00,01_yolo26_main,1,1,15.9,21.95,30.49,1513.01,NVIDIA GeForce RTX 4060 Ti,56,120.57,100,12245.8,16380.0,
2026-09-03T17:02:29.293811+00:00,01_yolo26_main,1,1,15.5,21.92,30.49,1513.01,NVIDIA GeForce RTX 4060 Ti,55,125.47,98,12245.8,16380.0,
2026-09-03T17:02:39.319818+00:00,01_yolo26_main,1,1,15.9,21.94,30.49,1513.01,NVIDIA GeForce RTX 4060 Ti,55,125.11,97,12250.9,16380.0,
2026-09-03T17:02:49.345817+00:00,01_yolo26_main,1,1,16.0,22.0,30.49,1513.01,NVIDIA GeForce RTX 4060 Ti,55,122.48,100,12242.7,16380.0,
2026-09-03T17:02:59.372816+00:00,01_yolo26_main,1,1,15.9,22.1,30.49,1513.01,NVIDIA GeForce RTX 4060 Ti,55,125.38,100,12250.1,16380.0,
2026-09-03T17:03:09.439813+00:00,01_yolo26_main,1,1,16.0,22.08,30.49,1513.01,NVIDIA GeForce RTX 4060 Ti,55,125.54,96,12254.2,16380.0,
2026-09-03T17:03:19.506095+00:00,01_yolo26_main,1,1,16.5,22.04,30.49,1513.01,NVIDIA GeForce RTX 4060 Ti,56,125.54,95,12240.0,16380.0,
2026-09-03T17:03:29.533810+00:00,01_yolo26_main,1,1,14.4,22.17,30.49,1513.01,NVIDIA GeForce RTX 4060 Ti,54,117.53,86,10255.8,16380.0,
2026-09-03T17:03:39.562727+00:00,01_yolo26_main,1,1,19.1,22.15,30.49,1513.01,NVIDIA GeForce RTX 4060 Ti,54,114.63,97,10255.8,16380.0,
2026-09-03T17:03:49.588866+00:00,01_yolo26_main,1,1,19.2,22.31,30.49,1513.01,NVIDIA GeForce RTX 4060 Ti,54,115.54,98,10307.8,16380.0,
2026-09-03T17:03:59.614914+00:00,01_yolo26_main,1,1,18.7,22.44,30.49,1513.01,NVIDIA GeForce RTX 4060 Ti,50,95.77,93,10377.6,16380.0,
2026-09-03T17:04:09.638839+00:00,01_yolo26_main,1,1,20.2,22.17,30.49,1513.01,NVIDIA GeForce RTX 4060 Ti,53,114.56,97,10189.7,16380.0,
2026-09-03T17:04:19.665787+00:00,01_yolo26_main,1,1,17.8,22.41,30.49,1513.14,NVIDIA GeForce RTX 4060 Ti,52,94.69,85,10091.6,16380.0,
2026-09-03T17:04:29.692828+00:00,01_yolo26_main,1,1,18.1,22.21,30.49,1513.01,NVIDIA GeForce RTX 4060 Ti,54,119.08,99,10189.3,16380.0,
2026-09-03T17:04:39.721420+00:00,01_yolo26_main,1,1,17.8,22.28,30.49,1513.01,NVIDIA GeForce RTX 4060 Ti,54,114.6,99,10175.4,16380.0,
2026-09-03T17:04:49.748301+00:00,01_yolo26_main,1,1,18.6,22.24,30.49,1513.01,NVIDIA GeForce RTX 4060 Ti,54,117.08,100,10265.4,16380.0,
2026-09-03T17:04:59.776353+00:00,01_yolo26_main,1,1,18.6,22.4,30.49,1513.01,NVIDIA GeForce RTX 4060 Ti,54,120.27,98,10291.4,16380.0,
2026-09-03T17:05:09.803518+00:00,01_yolo26_main,1,1,17.7,22.36,30.49,1513.01,NVIDIA GeForce RTX 4060 Ti,53,120.08,99,10495.4,16380.0,
2026-09-03T17:05:19.835007+00:00,01_yolo26_main,1,1,17.8,22.13,30.49,1513.01,NVIDIA GeForce RTX 4060 Ti,53,119.17,99,10117.6,16380.0,
2026-09-03T17:05:29.899849+00:00,01_yolo26_main,1,1,17.9,22.18,30.49,1513.01,NVIDIA GeForce RTX 4060 Ti,52,119.97,99,10601.6,16380.0,
2026-09-03T17:05:39.927827+00:00,01_yolo26_main,1,1,17.0,22.36,30.49,1513.01,NVIDIA GeForce RTX 4060 Ti,52,117.85,99,10717.8,16380.0,
2026-09-03T17:05:49.954838+00:00,01_yolo26_main,1,1,19.0,22.47,30.49,1513.01,NVIDIA GeForce RTX 4060 Ti,53,116.26,99,10712.8,16380.0,
2026-09-03T17:06:00.020077+00:00,01_yolo26_main,1,1,16.9,20.24,30.49,1512.96,NVIDIA GeForce RTX 4060 Ti,54,117.5,89,9489.2,16380.0,
2026-09-03T17:06:10.089525+00:00,01_yolo26_main,1,1,10.8,20.32,30.49,1512.96,NVIDIA GeForce RTX 4060 Ti,53,115.77,90,9466.8,16380.0,
2026-09-03T17:06:20.156826+00:00,01_yolo26_main,1,1,11.0,20.26,30.49,1512.96,NVIDIA GeForce RTX 4060 Ti,53,117.91,91,9466.7,16380.0,
2026-09-03T17:06:30.221839+00:00,01_yolo26_main,1,1,11.3,20.31,30.49,1512.96,NVIDIA GeForce RTX 4060 Ti,52,119.54,93,9474.9,16380.0,
2026-09-03T17:06:40.246461+00:00,01_yolo26_main,1,1,11.8,20.49,30.49,1512.96,NVIDIA GeForce RTX 4060 Ti,53,116.74,90,9476.8,16380.0,
2026-09-03T17:06:50.314193+00:00,01_yolo26_main,1,1,11.2,20.52,30.49,1512.96,NVIDIA GeForce RTX 4060 Ti,54,116.95,92,9475.1,16380.0,
2026-09-03T17:07:00.338828+00:00,01_yolo26_main,1,1,10.6,20.43,30.49,1512.96,NVIDIA GeForce RTX 4060 Ti,53,118.58,92,9480.8,16380.0,
2026-09-03T17:07:10.387176+00:00,01_yolo26_main,1,1,10.2,20.5,30.49,1512.96,NVIDIA GeForce RTX 4060 Ti,51,118.28,93,9474.7,16380.0,
2026-09-03T17:07:20.448325+00:00,01_yolo26_main,1,1,10.2,20.47,30.49,1512.96,NVIDIA GeForce RTX 4060 Ti,52,116.4,91,9470.9,16380.0,
2026-09-03T17:07:30.476089+00:00,01_yolo26_main,1,1,11.5,20.45,30.49,1512.96,NVIDIA GeForce RTX 4060 Ti,54,116.99,94,9464.9,16380.0,
2026-09-03T17:07:40.543823+00:00,01_yolo26_main,1,1,10.4,20.47,30.49,1512.96,NVIDIA GeForce RTX 4060 Ti,54,118.34,92,9463.0,16380.0,
2026-09-03T17:07:50.571372+00:00,01_yolo26_main,1,1,11.5,20.72,30.49,1512.96,NVIDIA GeForce RTX 4060 Ti,53,115.44,92,9462.8,16380.0,
2026-09-03T17:08:00.598267+00:00,01_yolo26_main,1,1,10.6,20.98,30.49,1512.96,NVIDIA GeForce RTX 4060 Ti,45,66.3,95,9470.8,16380.0,
2026-09-03T17:08:10.621839+00:00,01_yolo26_main,1,1,10.3,20.82,30.49,1512.96,NVIDIA GeForce RTX 4060 Ti,53,118.44,86,9561.2,16380.0,
2026-09-03T17:08:20.645114+00:00,01_yolo26_main,1,1,11.3,20.82,30.49,1512.96,NVIDIA GeForce RTX 4060 Ti,52,114.02,90,9454.2,16380.0,
2026-09-03T17:08:30.711869+00:00,01_yolo26_main,1,1,11.2,20.86,30.49,1512.96,NVIDIA GeForce RTX 4060 Ti,44,65.74,14,9439.2,16380.0,
2026-09-03T17:08:40.778844+00:00,01_yolo26_main,1,1,11.0,20.77,30.49,1512.96,NVIDIA GeForce RTX 4060 Ti,53,119.15,92,9467.2,16380.0,
2026-09-03T17:08:50.803451+00:00,01_yolo26_main,1,1,11.0,20.8,30.49,1512.95,NVIDIA GeForce RTX 4060 Ti,53,118.32,93,9450.4,16380.0,
2026-09-03T17:09:00.855927+00:00,01_yolo26_main,1,1,10.4,20.99,30.49,1512.95,NVIDIA GeForce RTX 4060 Ti,52,118.17,93,9450.2,16380.0,
2026-09-03T17:09:10.882578+00:00,01_yolo26_main,1,1,10.4,20.92,30.49,1512.95,NVIDIA GeForce RTX 4060 Ti,51,118.45,92,9450.2,16380.0,
2026-09-03T17:09:20.909830+00:00,01_yolo26_main,1,1,10.2,20.85,30.49,1512.95,NVIDIA GeForce RTX 4060 Ti,54,118.83,94,9458.2,16380.0,
2026-09-03T17:09:30.936774+00:00,01_yolo26_main,1,1,10.5,20.96,30.49,1512.95,NVIDIA GeForce RTX 4060 Ti,50,116.82,92,9452.9,16380.0,
2026-09-03T17:09:40.954966+00:00,01_yolo26_main,1,1,10.3,20.88,30.49,1512.95,NVIDIA GeForce RTX 4060 Ti,54,117.94,88,9452.9,16380.0,
2026-09-03T17:09:50.978828+00:00,01_yolo26_main,1,1,10.3,20.94,30.49,1512.95,NVIDIA GeForce RTX 4060 Ti,53,117.47,93,9452.9,16380.0,
2026-09-03T17:10:01.005689+00:00,01_yolo26_main,1,1,10.1,20.87,30.49,1512.95,NVIDIA GeForce RTX 4060 Ti,51,119.06,90,9452.9,16380.0,
2026-09-03T17:10:11.027735+00:00,01_yolo26_main,1,1,10.5,20.86,30.49,1512.95,NVIDIA GeForce RTX 4060 Ti,47,64.32,22,9453.4,16380.0,
2026-09-03T17:10:21.079984+00:00,01_yolo26_main,1,1,10.8,20.87,30.49,1512.95,NVIDIA GeForce RTX 4060 Ti,51,117.46,94,9446.9,16380.0,
2026-09-03T17:10:31.145709+00:00,01_yolo26_main,1,1,10.0,20.84,30.49,1512.95,NVIDIA GeForce RTX 4060 Ti,53,120.52,87,9440.9,16380.0,
2026-09-03T17:10:41.164630+00:00,01_yolo26_main,1,1,10.4,20.91,30.49,1512.95,NVIDIA GeForce RTX 4060 Ti,52,117.46,93,9448.9,16380.0,
2026-09-03T17:10:51.230849+00:00,01_yolo26_main,1,1,10.9,20.85,30.49,1512.95,NVIDIA GeForce RTX 4060 Ti,53,119.03,93,9452.9,16380.0,
2026-09-03T17:11:01.254832+00:00,01_yolo26_main,1,1,10.1,20.91,30.49,1512.95,NVIDIA GeForce RTX 4060 Ti,53,119.17,93,9452.7,16380.0,
2026-09-03T17:11:11.280827+00:00,01_yolo26_main,1,1,10.1,20.9,30.49,1512.95,NVIDIA GeForce RTX 4060 Ti,53,118.47,90,9452.7,16380.0,
2026-09-03T17:11:21.307829+00:00,01_yolo26_main,1,1,10.4,20.93,30.49,1512.95,NVIDIA GeForce RTX 4060 Ti,53,119.04,92,9450.8,16380.0,
2026-09-03T17:11:31.335444+00:00,01_yolo26_main,1,1,10.4,20.92,30.49,1512.95,NVIDIA GeForce RTX 4060 Ti,53,119.46,90,9450.8,16380.0,
2026-09-03T17:11:41.363234+00:00,01_yolo26_main,1,1,10.6,20.91,30.49,1512.95,NVIDIA GeForce RTX 4060 Ti,52,117.71,93,9450.8,16380.0,
2026-09-03T17:11:51.388042+00:00,01_yolo26_main,1,1,11.1,21.07,30.49,1512.98,NVIDIA GeForce RTX 4060 Ti,49,87.36,93,9458.8,16380.0,
2026-09-03T17:12:01.413392+00:00,01_yolo26_main,1,1,10.5,20.92,30.49,1512.95,NVIDIA GeForce RTX 4060 Ti,54,118.35,88,9450.8,16380.0,
2026-09-03T17:12:11.436999+00:00,01_yolo26_main,1,1,10.3,20.85,30.49,1512.95,NVIDIA GeForce RTX 4060 Ti,53,117.72,92,9450.8,16380.0,
2026-09-03T17:12:21.464846+00:00,01_yolo26_main,1,1,10.5,21.03,30.49,1512.95,NVIDIA GeForce RTX 4060 Ti,52,82.51,14,9450.8,16380.0,
2026-09-03T17:12:31.489814+00:00,01_yolo26_main,1,1,11.4,20.92,30.49,1512.95,NVIDIA GeForce RTX 4060 Ti,53,113.83,89,9483.3,16380.0,
2026-09-03T17:12:41.555856+00:00,01_yolo26_main,1,1,13.3,20.92,30.49,1512.95,NVIDIA GeForce RTX 4060 Ti,52,112.78,92,9489.4,16380.0,
2026-09-03T17:12:51.621816+00:00,01_yolo26_main,1,1,13.5,21.06,30.49,1512.95,NVIDIA GeForce RTX 4060 Ti,51,112.86,90,9464.9,16380.0,
2026-09-03T17:13:01.689842+00:00,01_yolo26_main,1,1,12.0,20.92,30.49,1512.95,NVIDIA GeForce RTX 4060 Ti,52,116.95,93,9476.2,16380.0,
2026-09-03T17:13:11.751799+00:00,01_yolo26_main,1,1,12.4,20.97,30.49,1512.95,NVIDIA GeForce RTX 4060 Ti,53,117.4,86,9468.9,16380.0,
2026-09-03T17:13:21.770062+00:00,01_yolo26_main,1,1,14.2,20.44,30.49,1512.95,NVIDIA GeForce RTX 4060 Ti,53,117.87,88,9461.8,16380.0,
2026-09-03T17:13:31.796857+00:00,01_yolo26_main,1,1,13.5,20.88,30.49,1512.95,NVIDIA GeForce RTX 4060 Ti,53,117.99,89,9497.1,16380.0,
2026-09-03T17:13:41.864996+00:00,01_yolo26_main,1,1,12.9,20.86,30.49,1512.95,NVIDIA GeForce RTX 4060 Ti,52,113.16,85,9495.4,16380.0,
2026-09-03T17:13:51.891267+00:00,01_yolo26_main,1,1,11.9,20.92,30.49,1512.95,NVIDIA GeForce RTX 4060 Ti,53,117.89,90,9485.8,16380.0,
2026-09-03T17:14:01.919370+00:00,01_yolo26_main,1,1,10.6,20.83,30.49,1512.95,NVIDIA GeForce RTX 4060 Ti,53,116.9,90,9477.0,16380.0,
2026-09-03T17:14:11.938226+00:00,01_yolo26_main,1,1,10.4,20.88,30.49,1512.95,NVIDIA GeForce RTX 4060 Ti,53,115.94,91,9477.9,16380.0,
2026-09-03T17:14:21.964834+00:00,01_yolo26_main,1,1,10.3,21.02,30.49,1512.95,NVIDIA GeForce RTX 4060 Ti,53,118.23,93,9469.0,16380.0,
2026-09-03T17:14:31.992814+00:00,01_yolo26_main,1,1,10.6,20.84,30.49,1512.95,NVIDIA GeForce RTX 4060 Ti,53,113.84,87,9468.8,16380.0,
2026-09-03T17:14:42.021895+00:00,01_yolo26_main,1,1,11.6,20.95,30.49,1512.95,NVIDIA GeForce RTX 4060 Ti,53,116.17,92,9487.1,16380.0,
2026-09-03T17:14:52.048126+00:00,01_yolo26_main,1,1,11.2,20.8,30.49,1512.95,NVIDIA GeForce RTX 4060 Ti,52,117.44,93,9488.3,16380.0,
2026-09-03T17:15:02.073840+00:00,01_yolo26_main,1,1,12.4,20.85,30.49,1512.95,NVIDIA GeForce RTX 4060 Ti,44,64.07,1,9497.1,16380.0,
2026-09-03T17:15:12.100832+00:00,01_yolo26_main,1,1,10.7,20.86,30.49,1512.95,NVIDIA GeForce RTX 4060 Ti,53,117.5,85,9491.2,16380.0,
2026-09-03T17:15:22.126927+00:00,01_yolo26_main,1,1,11.1,20.9,30.49,1512.95,NVIDIA GeForce RTX 4060 Ti,53,117.74,92,9469.0,16380.0,
2026-09-03T17:15:32.172677+00:00,01_yolo26_main,1,1,11.0,20.97,30.49,1512.94,NVIDIA GeForce RTX 4060 Ti,50,112.56,96,9486.3,16380.0,
2026-09-03T17:15:42.205776+00:00,01_yolo26_main,1,1,10.3,20.77,30.49,1512.94,NVIDIA GeForce RTX 4060 Ti,54,118.69,92,9486.3,16380.0,
2026-09-03T17:15:52.270453+00:00,01_yolo26_main,1,1,10.9,20.81,30.49,1512.94,NVIDIA GeForce RTX 4060 Ti,53,119.4,85,9486.3,16380.0,
2026-09-03T17:16:02.336222+00:00,01_yolo26_main,1,1,10.5,20.9,30.49,1512.94,NVIDIA GeForce RTX 4060 Ti,53,117.55,89,9484.8,16380.0,
2026-09-03T17:16:12.392878+00:00,01_yolo26_main,1,1,10.4,20.98,30.49,1512.94,NVIDIA GeForce RTX 4060 Ti,52,118.67,90,9259.4,16380.0,
2026-09-03T17:16:22.453723+00:00,01_yolo26_main,1,1,10.4,21.09,30.49,1512.94,NVIDIA GeForce RTX 4060 Ti,53,119.14,97,9251.8,16380.0,
2026-09-03T17:16:32.479846+00:00,01_yolo26_main,1,1,10.4,21.11,30.49,1512.94,NVIDIA GeForce RTX 4060 Ti,54,118.79,93,9251.8,16380.0,
2026-09-03T17:16:42.505848+00:00,01_yolo26_main,1,1,10.5,21.35,30.49,1512.94,NVIDIA GeForce RTX 4060 Ti,45,76.94,73,9251.8,16380.0,
2026-09-03T17:16:52.528820+00:00,01_yolo26_main,1,1,11.0,21.03,30.49,1512.94,NVIDIA GeForce RTX 4060 Ti,53,118.99,93,9254.8,16380.0,
2026-09-03T17:17:02.555845+00:00,01_yolo26_main,1,1,10.7,20.98,30.49,1512.94,NVIDIA GeForce RTX 4060 Ti,50,113.16,94,9378.4,16380.0,
2026-09-03T17:17:12.581840+00:00,01_yolo26_main,1,1,10.8,20.67,30.49,1512.94,NVIDIA GeForce RTX 4060 Ti,53,101.06,93,9398.1,16380.0,
2026-09-03T17:17:22.643446+00:00,01_yolo26_main,1,1,10.6,20.66,30.49,1512.94,NVIDIA GeForce RTX 4060 Ti,53,118.61,94,9398.1,16380.0,
2026-09-03T17:17:32.696879+00:00,01_yolo26_main,1,1,11.9,20.74,30.49,1512.94,NVIDIA GeForce RTX 4060 Ti,51,116.12,90,9467.6,16380.0,
2026-09-03T17:17:42.727936+00:00,01_yolo26_main,1,1,11.2,20.63,30.49,1512.94,NVIDIA GeForce RTX 4060 Ti,52,116.38,88,9466.1,16380.0,
2026-09-03T17:17:52.794831+00:00,01_yolo26_main,1,1,11.0,20.61,30.49,1512.94,NVIDIA GeForce RTX 4060 Ti,53,113.43,93,9467.1,16380.0,
2026-09-03T17:18:02.821830+00:00,01_yolo26_main,1,1,11.8,20.31,30.49,1512.94,NVIDIA GeForce RTX 4060 Ti,54,118.5,93,9475.2,16380.0,
2026-09-03T17:18:12.848838+00:00,01_yolo26_main,1,1,14.4,20.43,30.49,1512.92,NVIDIA GeForce RTX 4060 Ti,53,117.36,91,9479.2,16380.0,
2026-09-03T17:18:22.912836+00:00,01_yolo26_main,1,1,11.7,20.28,30.49,1512.92,NVIDIA GeForce RTX 4060 Ti,53,119.54,93,9468.7,16380.0,
2026-09-03T17:18:32.949371+00:00,01_yolo26_main,1,1,10.7,20.31,30.49,1512.92,NVIDIA GeForce RTX 4060 Ti,53,119.99,91,9473.2,16380.0,
2026-09-03T17:18:42.996790+00:00,01_yolo26_main,1,1,10.1,20.41,30.49,1512.95,NVIDIA GeForce RTX 4060 Ti,50,116.42,95,9458.8,16380.0,
2026-09-03T17:18:53.062829+00:00,01_yolo26_main,1,1,10.8,20.32,30.49,1512.95,NVIDIA GeForce RTX 4060 Ti,44,62.93,48,9458.8,16380.0,
2026-09-03T17:19:03.128821+00:00,01_yolo26_main,1,1,10.1,20.22,30.49,1512.95,NVIDIA GeForce RTX 4060 Ti,54,119.52,93,9466.6,16380.0,
2026-09-03T17:19:13.192830+00:00,01_yolo26_main,1,1,10.0,20.28,30.49,1512.95,NVIDIA GeForce RTX 4060 Ti,53,118.68,86,9466.6,16380.0,
2026-09-03T17:19:23.258851+00:00,01_yolo26_main,1,1,11.3,20.34,30.49,1512.94,NVIDIA GeForce RTX 4060 Ti,51,116.44,92,9453.3,16380.0,
2026-09-03T17:19:33.321459+00:00,01_yolo26_main,1,1,13.4,20.36,30.49,1512.93,NVIDIA GeForce RTX 4060 Ti,53,118.72,85,9474.9,16380.0,
2026-09-03T17:19:43.388834+00:00,01_yolo26_main,1,1,12.2,20.35,30.49,1512.93,NVIDIA GeForce RTX 4060 Ti,53,118.06,92,9473.6,16380.0,
2026-09-03T17:19:53.454835+00:00,01_yolo26_main,1,1,12.4,20.42,30.49,1512.93,NVIDIA GeForce RTX 4060 Ti,53,118.28,90,9459.2,16380.0,
2026-09-03T17:20:03.522837+00:00,01_yolo26_main,1,1,11.1,20.23,30.49,1512.95,NVIDIA GeForce RTX 4060 Ti,52,116.59,89,9455.5,16380.0,
2026-09-03T17:20:13.589830+00:00,01_yolo26_main,1,1,11.1,20.21,30.49,1512.95,NVIDIA GeForce RTX 4060 Ti,52,116.74,90,9464.2,16380.0,
2026-09-03T17:20:23.658827+00:00,01_yolo26_main,1,1,11.7,20.27,30.49,1512.95,NVIDIA GeForce RTX 4060 Ti,53,116.37,92,9458.9,16380.0,
2026-09-03T17:20:33.683865+00:00,01_yolo26_main,1,1,12.2,20.33,30.49,1512.95,NVIDIA GeForce RTX 4060 Ti,51,106.4,93,9439.9,16380.0,
2026-09-03T17:20:43.745420+00:00,01_yolo26_main,1,1,11.0,20.31,30.49,1512.95,NVIDIA GeForce RTX 4060 Ti,52,116.7,86,9448.9,16380.0,
2026-09-03T17:20:53.814823+00:00,01_yolo26_main,1,1,11.3,20.34,30.49,1512.95,NVIDIA GeForce RTX 4060 Ti,51,118.72,92,9448.7,16380.0,
2026-09-03T17:21:03.882828+00:00,01_yolo26_main,1,1,10.1,20.29,30.49,1512.95,NVIDIA GeForce RTX 4060 Ti,44,70.76,13,9448.7,16380.0,
2026-09-03T17:21:13.950833+00:00,01_yolo26_main,1,1,10.1,20.23,30.49,1512.95,NVIDIA GeForce RTX 4060 Ti,53,118.16,92,9448.7,16380.0,
2026-09-03T17:21:24.016825+00:00,01_yolo26_main,1,1,10.2,20.23,30.49,1512.95,NVIDIA GeForce RTX 4060 Ti,53,117.16,94,9448.7,16380.0,
2026-09-03T17:21:34.069209+00:00,01_yolo26_main,1,1,10.2,20.33,30.49,1512.95,NVIDIA GeForce RTX 4060 Ti,53,118.75,85,9448.7,16380.0,
2026-09-03T17:21:44.132854+00:00,01_yolo26_main,1,1,10.2,20.25,30.49,1512.95,NVIDIA GeForce RTX 4060 Ti,53,116.96,91,9448.7,16380.0,
2026-09-03T17:21:54.169207+00:00,01_yolo26_main,1,1,10.3,20.24,30.49,1512.95,NVIDIA GeForce RTX 4060 Ti,54,118.41,93,9448.7,16380.0,
2026-09-03T17:22:04.239895+00:00,01_yolo26_main,1,1,10.3,20.29,30.49,1512.95,NVIDIA GeForce RTX 4060 Ti,53,117.3,94,9449.9,16380.0,
2026-09-03T17:22:14.307991+00:00,01_yolo26_main,1,1,10.7,20.23,30.49,1512.95,NVIDIA GeForce RTX 4060 Ti,53,114.89,93,9443.4,16380.0,
2026-09-03T17:22:24.379853+00:00,01_yolo26_main,1,1,10.3,20.28,30.49,1512.95,NVIDIA GeForce RTX 4060 Ti,52,116.06,93,9443.0,16380.0,
2026-09-03T17:22:34.447694+00:00,01_yolo26_main,1,1,10.4,20.35,30.49,1512.95,NVIDIA GeForce RTX 4060 Ti,53,115.72,85,9443.0,16380.0,
2026-09-03T17:22:44.513856+00:00,01_yolo26_main,1,1,10.9,20.46,30.49,1512.95,NVIDIA GeForce RTX 4060 Ti,51,58.47,1,9450.8,16380.0,
2026-09-03T17:22:54.580547+00:00,01_yolo26_main,1,1,11.2,20.39,30.49,1512.95,NVIDIA GeForce RTX 4060 Ti,53,115.14,92,9440.8,16380.0,
2026-09-03T17:23:04.643356+00:00,01_yolo26_main,1,1,11.2,20.33,30.49,1512.95,NVIDIA GeForce RTX 4060 Ti,52,117.38,93,9444.2,16380.0,
2026-09-03T17:23:14.709818+00:00,01_yolo26_main,1,1,10.1,20.33,30.49,1512.95,NVIDIA GeForce RTX 4060 Ti,52,116.34,90,9444.2,16380.0,
2026-09-03T17:23:24.754008+00:00,01_yolo26_main,1,1,15.8,20.32,30.49,1512.95,NVIDIA GeForce RTX 4060 Ti,53,116.9,87,9450.7,16380.0,
2026-09-03T17:23:34.817807+00:00,01_yolo26_main,1,1,15.9,20.32,30.49,1512.95,NVIDIA GeForce RTX 4060 Ti,53,116.86,92,9450.7,16380.0,
2026-09-03T17:23:44.843896+00:00,01_yolo26_main,1,1,19.0,20.52,30.49,1512.95,NVIDIA GeForce RTX 4060 Ti,52,116.61,90,9547.2,16380.0,
2026-09-03T17:23:54.911134+00:00,01_yolo26_main,1,1,11.6,20.49,30.49,1512.95,NVIDIA GeForce RTX 4060 Ti,53,115.66,87,9547.1,16380.0,
2026-09-03T17:24:04.940107+00:00,01_yolo26_main,1,1,11.1,20.45,30.49,1512.95,NVIDIA GeForce RTX 4060 Ti,53,117.63,86,9590.3,16380.0,
2026-09-03T17:24:14.969884+00:00,01_yolo26_main,1,1,10.7,20.51,30.49,1512.95,NVIDIA GeForce RTX 4060 Ti,51,117.95,93,9533.7,16380.0,
2026-09-03T17:24:24.995829+00:00,01_yolo26_main,1,1,10.5,20.43,30.49,1512.95,NVIDIA GeForce RTX 4060 Ti,53,118.16,92,9530.8,16380.0,
2026-09-03T17:24:35.023885+00:00,01_yolo26_main,1,1,10.2,20.41,30.49,1512.95,NVIDIA GeForce RTX 4060 Ti,53,120.06,86,9530.8,16380.0,
2026-09-03T17:24:45.050829+00:00,01_yolo26_main,1,1,10.8,20.45,30.49,1512.95,NVIDIA GeForce RTX 4060 Ti,53,115.23,86,9534.6,16380.0,
2026-09-03T17:24:55.078833+00:00,01_yolo26_main,1,1,10.5,20.58,30.49,1512.95,NVIDIA GeForce RTX 4060 Ti,44,60.2,4,9534.6,16380.0,
2026-09-03T17:25:05.102568+00:00,01_yolo26_main,1,1,10.2,20.41,30.49,1512.95,NVIDIA GeForce RTX 4060 Ti,52,119.62,92,9534.6,16380.0,
2026-09-03T17:25:15.131162+00:00,01_yolo26_main,1,1,10.1,20.35,30.49,1512.95,NVIDIA GeForce RTX 4060 Ti,53,117.24,85,9543.8,16380.0,
2026-09-03T17:25:25.158833+00:00,01_yolo26_main,1,1,10.0,20.46,30.49,1512.95,NVIDIA GeForce RTX 4060 Ti,53,116.23,94,9534.8,16380.0,
2026-09-03T17:25:35.185832+00:00,01_yolo26_main,1,1,10.3,20.38,30.49,1512.95,NVIDIA GeForce RTX 4060 Ti,53,119.3,93,9527.7,16380.0,
2026-09-03T17:25:45.211832+00:00,01_yolo26_main,1,1,10.1,20.42,30.49,1512.95,NVIDIA GeForce RTX 4060 Ti,53,118.13,90,9527.7,16380.0,
2026-09-03T17:25:55.239834+00:00,01_yolo26_main,1,1,10.5,20.43,30.49,1512.95,NVIDIA GeForce RTX 4060 Ti,50,116.6,92,9527.9,16380.0,
2026-09-03T17:26:05.266883+00:00,01_yolo26_main,1,1,11.8,20.48,30.49,1512.95,NVIDIA GeForce RTX 4060 Ti,53,115.91,90,9503.6,16380.0,
2026-09-03T17:26:15.333888+00:00,01_yolo26_main,1,1,11.7,20.5,30.49,1512.95,NVIDIA GeForce RTX 4060 Ti,51,113.5,93,9526.1,16380.0,
2026-09-03T17:26:25.360836+00:00,01_yolo26_main,1,1,11.4,20.46,30.49,1512.95,NVIDIA GeForce RTX 4060 Ti,53,116.35,91,9535.7,16380.0,
2026-09-03T17:26:35.388821+00:00,01_yolo26_main,1,1,11.3,20.49,30.49,1512.95,NVIDIA GeForce RTX 4060 Ti,53,116.43,88,9527.9,16380.0,
2026-09-03T17:26:45.454819+00:00,01_yolo26_main,1,1,16.2,20.56,30.49,1512.93,NVIDIA GeForce RTX 4060 Ti,53,116.57,88,9494.6,16380.0,
2026-09-03T17:26:55.521855+00:00,01_yolo26_main,1,1,13.3,20.46,30.49,1512.93,NVIDIA GeForce RTX 4060 Ti,53,116.42,93,9447.4,16380.0,
2026-09-03T17:27:05.587872+00:00,01_yolo26_main,1,1,11.1,20.46,30.49,1512.93,NVIDIA GeForce RTX 4060 Ti,54,118.75,85,9446.0,16380.0,
2026-09-03T17:27:15.655114+00:00,01_yolo26_main,1,1,10.7,20.31,30.49,1512.95,NVIDIA GeForce RTX 4060 Ti,52,116.12,94,9438.2,16380.0,
2026-09-03T17:27:25.707482+00:00,01_yolo26_main,1,1,10.4,20.38,30.49,1512.95,NVIDIA GeForce RTX 4060 Ti,54,119.67,89,9436.5,16380.0,
2026-09-03T17:27:35.762708+00:00,01_yolo26_main,1,1,10.4,20.48,30.49,1512.95,NVIDIA GeForce RTX 4060 Ti,45,65.0,97,9438.0,16380.0,
2026-09-03T17:27:45.786342+00:00,01_yolo26_main,1,1,10.2,20.31,30.49,1512.95,NVIDIA GeForce RTX 4060 Ti,52,119.09,85,9437.8,16380.0,
2026-09-03T17:27:55.813830+00:00,01_yolo26_main,1,1,11.8,20.35,30.49,1512.95,NVIDIA GeForce RTX 4060 Ti,53,113.43,91,9443.8,16380.0,
2026-09-03T17:28:05.879839+00:00,01_yolo26_main,1,1,10.8,20.36,30.49,1512.95,NVIDIA GeForce RTX 4060 Ti,52,95.53,0,9464.5,16380.0,
2026-09-03T17:28:15.947832+00:00,01_yolo26_main,1,1,10.2,20.27,30.49,1512.95,NVIDIA GeForce RTX 4060 Ti,52,118.61,89,9464.5,16380.0,
2026-09-03T17:28:26.014855+00:00,01_yolo26_main,1,1,11.2,20.4,30.49,1512.95,NVIDIA GeForce RTX 4060 Ti,51,114.69,91,9440.1,16380.0,
2026-09-03T17:28:36.054828+00:00,01_yolo26_main,1,1,10.5,20.41,30.49,1512.95,NVIDIA GeForce RTX 4060 Ti,53,119.05,85,9440.1,16380.0,
2026-09-03T17:28:46.120820+00:00,01_yolo26_main,1,1,11.1,20.37,30.49,1512.95,NVIDIA GeForce RTX 4060 Ti,53,117.41,92,9417.5,16380.0,
2026-09-03T17:28:56.139859+00:00,,,,12.6,19.85,30.49,1513.24,NVIDIA GeForce RTX 4060 Ti,42,39.6,4,7433.9,16380.0,
2026-09-03T17:29:06.194325+00:00,01_yolo26_main,2,2,14.7,21.28,30.49,1513.23,NVIDIA GeForce RTX 4060 Ti,47,61.97,55,4336.2,16380.0,
2026-09-03T17:29:16.260840+00:00,01_yolo26_main,2,2,13.4,21.55,30.49,1513.23,NVIDIA GeForce RTX 4060 Ti,51,116.86,92,6146.9,16380.0,
2026-09-03T17:29:26.326839+00:00,01_yolo26_main,2,2,13.0,21.53,30.49,1512.84,NVIDIA GeForce RTX 4060 Ti,54,119.28,93,6138.8,16380.0,
2026-09-03T17:29:36.392871+00:00,01_yolo26_main,2,2,12.9,21.73,30.49,1512.84,NVIDIA GeForce RTX 4060 Ti,44,39.71,1,6131.6,16380.0,
2026-09-03T17:29:46.455827+00:00,01_yolo26_main,2,2,12.9,21.6,30.49,1512.84,NVIDIA GeForce RTX 4060 Ti,53,116.55,85,6142.8,16380.0,
2026-09-03T17:29:56.522179+00:00,01_yolo26_main,2,2,15.8,21.62,30.49,1512.84,NVIDIA GeForce RTX 4060 Ti,53,117.17,92,6126.3,16380.0,
2026-09-03T17:30:06.588833+00:00,01_yolo26_main,2,2,13.9,21.68,30.49,1512.84,NVIDIA GeForce RTX 4060 Ti,52,94.61,88,6126.5,16380.0,
2026-09-03T17:30:16.656851+00:00,01_yolo26_main,2,2,13.5,21.69,30.49,1512.84,NVIDIA GeForce RTX 4060 Ti,53,116.29,93,6126.8,16380.0,
2026-09-03T17:30:26.723229+00:00,01_yolo26_main,2,2,13.3,21.71,30.49,1512.84,NVIDIA GeForce RTX 4060 Ti,53,116.71,92,6127.9,16380.0,
2026-09-03T17:30:36.790831+00:00,01_yolo26_main,2,2,13.3,21.71,30.49,1512.84,NVIDIA GeForce RTX 4060 Ti,51,92.68,0,6131.5,16380.0,
2026-09-03T17:30:46.817872+00:00,01_yolo26_main,2,2,14.2,21.73,30.49,1512.84,NVIDIA GeForce RTX 4060 Ti,53,115.47,92,7037.1,16380.0,
2026-09-03T17:30:56.878821+00:00,01_yolo26_main,2,2,14.1,21.72,30.49,1512.84,NVIDIA GeForce RTX 4060 Ti,53,118.36,87,7036.9,16380.0,
2026-09-03T17:31:06.900774+00:00,01_yolo26_main,2,2,14.1,21.71,30.49,1512.84,NVIDIA GeForce RTX 4060 Ti,52,111.2,24,7038.0,16380.0,
2026-09-03T17:31:16.949230+00:00,01_yolo26_main,2,2,14.6,21.75,30.49,1512.84,NVIDIA GeForce RTX 4060 Ti,53,117.99,91,7786.1,16380.0,
2026-09-03T17:31:27.014940+00:00,01_yolo26_main,2,2,14.1,21.7,30.49,1512.84,NVIDIA GeForce RTX 4060 Ti,50,118.73,91,7782.6,16380.0,
2026-09-03T17:31:37.055275+00:00,01_yolo26_main,2,2,14.1,21.72,30.49,1512.84,NVIDIA GeForce RTX 4060 Ti,49,117.27,90,7778.1,16380.0,
2026-09-03T17:31:47.122907+00:00,01_yolo26_main,2,2,15.6,21.81,30.49,1512.84,NVIDIA GeForce RTX 4060 Ti,53,117.77,93,7779.8,16380.0,
2026-09-03T17:31:57.188663+00:00,01_yolo26_main,2,2,13.6,21.7,30.49,1512.84,NVIDIA GeForce RTX 4060 Ti,53,118.97,92,7769.6,16380.0,
2026-09-03T17:32:07.240900+00:00,01_yolo26_main,2,2,10.1,21.72,30.49,1512.84,NVIDIA GeForce RTX 4060 Ti,53,119.62,85,7772.2,16380.0,
2026-09-03T17:32:17.290915+00:00,01_yolo26_main,2,2,10.7,21.77,30.49,1512.84,NVIDIA GeForce RTX 4060 Ti,52,119.39,93,7770.9,16380.0,
2026-09-03T17:32:27.345030+00:00,01_yolo26_main,2,2,10.2,21.75,30.49,1512.84,NVIDIA GeForce RTX 4060 Ti,53,119.77,86,7768.4,16380.0,
2026-09-03T17:32:37.379844+00:00,01_yolo26_main,2,2,10.0,21.72,30.49,1512.84,NVIDIA GeForce RTX 4060 Ti,53,119.58,93,7779.4,16380.0,
2026-09-03T17:32:47.428372+00:00,01_yolo26_main,2,2,11.3,21.73,30.49,1512.84,NVIDIA GeForce RTX 4060 Ti,53,90.97,84,7769.4,16380.0,
2026-09-03T17:32:57.492062+00:00,01_yolo26_main,2,2,13.3,21.7,30.49,1512.84,NVIDIA GeForce RTX 4060 Ti,54,117.14,90,7771.5,16380.0,
2026-09-03T17:33:07.539169+00:00,01_yolo26_main,2,2,11.6,21.68,30.49,1512.84,NVIDIA GeForce RTX 4060 Ti,52,118.17,92,7783.7,16380.0,
2026-09-03T17:33:17.577331+00:00,01_yolo26_main,2,2,10.7,21.69,30.49,1512.84,NVIDIA GeForce RTX 4060 Ti,51,62.4,6,7820.3,16380.0,
2026-09-03T17:33:27.646765+00:00,01_yolo26_main,2,2,11.6,21.7,30.49,1512.84,NVIDIA GeForce RTX 4060 Ti,53,118.29,91,7793.9,16380.0,
2026-09-03T17:33:37.679308+00:00,01_yolo26_main,2,2,12.3,21.73,30.49,1512.84,NVIDIA GeForce RTX 4060 Ti,53,117.5,92,7785.1,16380.0,
2026-09-03T17:33:47.745831+00:00,01_yolo26_main,2,2,12.3,21.73,30.49,1512.84,NVIDIA GeForce RTX 4060 Ti,52,98.23,58,7794.3,16380.0,
2026-09-03T17:33:57.811829+00:00,01_yolo26_main,2,2,12.0,21.68,30.49,1512.84,NVIDIA GeForce RTX 4060 Ti,53,115.79,90,7757.6,16380.0,
2026-09-03T17:34:07.877826+00:00,01_yolo26_main,2,2,12.1,21.66,30.49,1512.84,NVIDIA GeForce RTX 4060 Ti,53,117.25,97,7758.7,16380.0,
2026-09-03T17:34:17.930753+00:00,01_yolo26_main,2,2,12.0,21.71,30.49,1512.84,NVIDIA GeForce RTX 4060 Ti,53,116.84,85,7759.4,16380.0,
2026-09-03T17:34:27.998872+00:00,01_yolo26_main,2,2,10.1,21.64,30.49,1512.84,NVIDIA GeForce RTX 4060 Ti,53,119.69,90,7751.0,16380.0,
2026-09-03T17:34:38.066839+00:00,01_yolo26_main,2,2,10.5,21.68,30.49,1512.84,NVIDIA GeForce RTX 4060 Ti,52,116.91,93,7786.8,16380.0,
2026-09-03T17:34:48.133845+00:00,01_yolo26_main,2,2,10.4,21.69,30.49,1512.84,NVIDIA GeForce RTX 4060 Ti,51,119.12,94,8378.3,16380.0,
2026-09-03T17:34:58.174593+00:00,01_yolo26_main,2,2,10.3,21.69,30.49,1512.84,NVIDIA GeForce RTX 4060 Ti,52,108.9,89,8378.3,16380.0,
2026-09-03T17:35:08.238838+00:00,01_yolo26_main,2,2,9.8,21.7,30.49,1512.84,NVIDIA GeForce RTX 4060 Ti,51,119.37,92,8378.3,16380.0,
2026-09-03T17:35:18.303155+00:00,01_yolo26_main,2,2,9.9,21.72,30.49,1512.84,NVIDIA GeForce RTX 4060 Ti,52,118.8,91,8378.3,16380.0,
2026-09-03T17:35:28.370500+00:00,01_yolo26_main,2,2,9.7,21.72,30.49,1512.84,NVIDIA GeForce RTX 4060 Ti,52,107.03,86,8378.3,16380.0,
2026-09-03T17:35:38.436832+00:00,01_yolo26_main,2,2,10.1,21.33,30.49,1512.84,NVIDIA GeForce RTX 4060 Ti,54,119.3,92,8394.2,16380.0,
2026-09-03T17:35:48.503820+00:00,01_yolo26_main,2,2,10.5,21.43,30.49,1512.84,NVIDIA GeForce RTX 4060 Ti,53,117.27,98,8392.8,16380.0,
2026-09-03T17:35:58.570323+00:00,01_yolo26_main,2,2,13.1,21.07,30.49,1512.84,NVIDIA GeForce RTX 4060 Ti,52,116.23,92,8378.2,16380.0,
2026-09-03T17:36:08.614071+00:00,01_yolo26_main,2,2,11.4,21.31,30.49,1512.84,NVIDIA GeForce RTX 4060 Ti,53,118.76,88,8222.8,16380.0,
2026-09-03T17:36:18.682837+00:00,01_yolo26_main,2,2,11.0,21.39,30.49,1512.84,NVIDIA GeForce RTX 4060 Ti,53,118.72,93,8242.4,16380.0,
2026-09-03T17:36:28.750150+00:00,01_yolo26_main,2,2,11.0,21.48,30.49,1512.84,NVIDIA GeForce RTX 4060 Ti,53,119.03,93,8227.1,16380.0,
2026-09-03T17:36:38.815873+00:00,01_yolo26_main,2,2,10.8,21.43,30.49,1512.84,NVIDIA GeForce RTX 4060 Ti,51,110.8,91,8227.1,16380.0,
2026-09-03T17:36:48.859282+00:00,01_yolo26_main,2,2,11.7,21.12,30.49,1512.84,NVIDIA GeForce RTX 4060 Ti,54,117.67,86,8221.7,16380.0,
2026-09-03T17:36:58.924851+00:00,01_yolo26_main,2,2,11.0,21.29,30.49,1512.84,NVIDIA GeForce RTX 4060 Ti,50,117.35,93,8244.4,16380.0,
2026-09-03T17:37:08.944071+00:00,01_yolo26_main,2,2,11.5,21.35,30.49,1512.84,NVIDIA GeForce RTX 4060 Ti,45,61.34,98,8231.6,16380.0,
2026-09-03T17:37:19.011828+00:00,01_yolo26_main,2,2,12.2,21.36,30.49,1512.84,NVIDIA GeForce RTX 4060 Ti,53,118.54,88,8222.2,16380.0,
2026-09-03T17:37:29.079077+00:00,01_yolo26_main,2,2,13.5,21.24,30.49,1512.84,NVIDIA GeForce RTX 4060 Ti,52,112.17,91,8449.6,16380.0,
2026-09-03T17:37:39.123078+00:00,01_yolo26_main,2,2,12.7,21.27,30.49,1512.83,NVIDIA GeForce RTX 4060 Ti,51,72.36,94,8496.7,16380.0,
2026-09-03T17:37:49.186836+00:00,01_yolo26_main,2,2,13.2,21.32,30.49,1512.84,NVIDIA GeForce RTX 4060 Ti,52,113.99,92,8529.6,16380.0,
2026-09-03T17:37:59.252851+00:00,01_yolo26_main,2,2,11.2,21.17,30.49,1512.84,NVIDIA GeForce RTX 4060 Ti,52,113.45,92,8510.7,16380.0,
2026-09-03T17:38:09.319849+00:00,01_yolo26_main,2,2,12.9,21.3,30.49,1512.84,NVIDIA GeForce RTX 4060 Ti,44,57.74,4,8505.4,16380.0,
2026-09-03T17:38:19.385625+00:00,01_yolo26_main,2,2,12.9,21.21,30.49,1512.83,NVIDIA GeForce RTX 4060 Ti,53,115.39,93,8487.2,16380.0,
2026-09-03T17:38:29.452296+00:00,01_yolo26_main,2,2,11.7,21.21,30.49,1512.84,NVIDIA GeForce RTX 4060 Ti,52,117.11,93,8513.1,16380.0,
2026-09-03T17:38:39.481886+00:00,01_yolo26_main,2,2,12.5,21.14,30.49,1512.84,NVIDIA GeForce RTX 4060 Ti,44,54.0,13,8517.2,16380.0,
2026-09-03T17:38:49.547848+00:00,01_yolo26_main,2,2,12.9,21.18,30.49,1512.83,NVIDIA GeForce RTX 4060 Ti,51,115.6,93,8501.2,16380.0,
2026-09-03T17:38:59.572566+00:00,01_yolo26_main,2,2,12.3,21.22,30.49,1512.83,NVIDIA GeForce RTX 4060 Ti,52,114.76,92,8502.8,16380.0,
2026-09-03T17:39:09.634819+00:00,01_yolo26_main,2,2,11.6,21.38,30.49,1512.84,NVIDIA GeForce RTX 4060 Ti,45,74.88,90,8487.1,16380.0,
2026-09-03T17:39:19.666892+00:00,01_yolo26_main,2,2,11.9,21.34,30.49,1512.84,NVIDIA GeForce RTX 4060 Ti,51,114.46,93,8502.2,16380.0,
2026-09-03T17:39:29.702931+00:00,01_yolo26_main,2,2,10.8,21.28,30.49,1512.84,NVIDIA GeForce RTX 4060 Ti,52,115.89,93,8505.8,16380.0,
2026-09-03T17:39:39.758243+00:00,01_yolo26_main,2,2,10.9,21.48,30.49,1512.84,NVIDIA GeForce RTX 4060 Ti,50,94.96,93,8429.7,16380.0,
2026-09-03T17:39:49.791357+00:00,01_yolo26_main,2,2,11.6,21.43,30.49,1512.84,NVIDIA GeForce RTX 4060 Ti,53,117.36,92,8419.2,16380.0,
2026-09-03T17:39:59.858832+00:00,01_yolo26_main,2,2,11.2,21.4,30.49,1512.84,NVIDIA GeForce RTX 4060 Ti,52,117.52,94,8418.5,16380.0,
2026-09-03T17:40:09.925955+00:00,01_yolo26_main,2,2,11.4,21.65,30.49,1512.96,NVIDIA GeForce RTX 4060 Ti,48,84.66,85,8413.4,16380.0,
2026-09-03T17:40:19.990834+00:00,01_yolo26_main,2,2,12.8,21.43,30.49,1512.84,NVIDIA GeForce RTX 4060 Ti,50,116.56,93,8425.6,16380.0,
2026-09-03T17:40:30.056834+00:00,01_yolo26_main,2,2,10.9,21.43,30.49,1512.84,NVIDIA GeForce RTX 4060 Ti,53,115.57,93,8333.1,16380.0,
2026-09-03T17:40:40.093822+00:00,01_yolo26_main,2,2,10.9,21.56,30.49,1512.84,NVIDIA GeForce RTX 4060 Ti,44,66.61,3,8341.6,16380.0,
2026-09-03T17:40:50.156854+00:00,01_yolo26_main,2,2,12.6,21.39,30.49,1512.84,NVIDIA GeForce RTX 4060 Ti,53,115.83,94,8394.9,16380.0,
2026-09-03T17:41:00.221709+00:00,01_yolo26_main,2,2,11.9,21.45,30.49,1512.84,NVIDIA GeForce RTX 4060 Ti,53,117.12,92,8342.9,16380.0,
2026-09-03T17:41:10.247664+00:00,01_yolo26_main,2,2,11.0,21.59,30.49,1512.84,NVIDIA GeForce RTX 4060 Ti,44,66.08,2,8334.9,16380.0,
2026-09-03T17:41:20.270872+00:00,01_yolo26_main,2,2,10.8,21.42,30.49,1512.84,NVIDIA GeForce RTX 4060 Ti,53,116.63,94,8344.9,16380.0,
2026-09-03T17:41:30.301050+00:00,01_yolo26_main,2,2,12.1,21.45,30.49,1512.84,NVIDIA GeForce RTX 4060 Ti,53,119.38,93,8375.0,16380.0,
2026-09-03T17:41:40.366080+00:00,01_yolo26_main,2,2,11.9,21.37,30.49,1512.84,NVIDIA GeForce RTX 4060 Ti,44,69.23,8,8355.4,16380.0,
2026-09-03T17:41:50.385834+00:00,01_yolo26_main,2,2,11.7,21.4,30.49,1512.84,NVIDIA GeForce RTX 4060 Ti,50,118.2,94,8355.4,16380.0,
2026-09-03T17:42:00.441879+00:00,01_yolo26_main,2,2,11.3,21.45,30.49,1512.84,NVIDIA GeForce RTX 4060 Ti,53,118.7,84,8355.4,16380.0,
2026-09-03T17:42:10.509476+00:00,01_yolo26_main,2,2,11.1,21.5,30.49,1512.84,NVIDIA GeForce RTX 4060 Ti,53,117.32,92,8366.4,16380.0,
2026-09-03T17:42:20.550848+00:00,01_yolo26_main,2,2,11.7,21.45,30.49,1512.84,NVIDIA GeForce RTX 4060 Ti,53,117.26,85,8368.8,16380.0,
2026-09-03T17:42:30.616850+00:00,01_yolo26_main,2,2,12.2,21.45,30.49,1512.84,NVIDIA GeForce RTX 4060 Ti,51,115.83,92,8366.9,16380.0,
2026-09-03T17:42:40.645053+00:00,01_yolo26_main,2,2,12.1,21.55,30.49,1512.84,NVIDIA GeForce RTX 4060 Ti,53,118.14,92,8367.0,16380.0,
2026-09-03T17:42:50.712825+00:00,01_yolo26_main,2,2,13.0,21.47,30.49,1512.84,NVIDIA GeForce RTX 4060 Ti,51,116.8,94,8367.0,16380.0,
2026-09-03T17:43:00.777939+00:00,01_yolo26_main,2,2,13.1,21.41,30.49,1512.84,NVIDIA GeForce RTX 4060 Ti,51,116.47,90,8367.0,16380.0,
2026-09-03T17:43:10.808854+00:00,01_yolo26_main,2,2,12.7,21.41,30.49,1512.84,NVIDIA GeForce RTX 4060 Ti,52,118.78,92,8377.5,16380.0,
2026-09-03T17:43:20.839438+00:00,01_yolo26_main,2,2,12.7,21.46,30.49,1512.84,NVIDIA GeForce RTX 4060 Ti,51,117.67,96,8368.8,16380.0,
2026-09-03T17:43:30.859625+00:00,01_yolo26_main,2,2,12.8,21.45,30.49,1512.84,NVIDIA GeForce RTX 4060 Ti,53,116.89,90,8368.8,16380.0,
2026-09-03T17:43:40.904392+00:00,01_yolo26_main,2,2,12.5,21.06,30.49,1512.84,NVIDIA GeForce RTX 4060 Ti,52,117.42,94,8380.1,16380.0,
2026-09-03T17:43:50.971829+00:00,01_yolo26_main,2,2,13.4,21.25,30.49,1512.84,NVIDIA GeForce RTX 4060 Ti,53,118.38,92,8368.0,16380.0,
2026-09-03T17:44:01.038864+00:00,01_yolo26_main,2,2,12.8,21.32,30.49,1512.84,NVIDIA GeForce RTX 4060 Ti,52,117.14,91,8324.4,16380.0,
2026-09-03T17:44:11.106828+00:00,01_yolo26_main,2,2,12.8,21.43,30.49,1512.84,NVIDIA GeForce RTX 4060 Ti,50,112.68,93,8636.9,16380.0,
2026-09-03T17:44:21.131864+00:00,01_yolo26_main,2,2,12.7,21.38,30.49,1512.84,NVIDIA GeForce RTX 4060 Ti,53,114.68,90,8605.4,16380.0,
2026-09-03T17:44:31.159908+00:00,01_yolo26_main,2,2,12.6,21.31,30.49,1512.84,NVIDIA GeForce RTX 4060 Ti,52,114.13,90,8625.4,16380.0,
2026-09-03T17:44:41.226832+00:00,01_yolo26_main,2,2,12.2,21.39,30.49,1512.84,NVIDIA GeForce RTX 4060 Ti,52,114.18,89,8374.8,16380.0,
2026-09-03T17:44:51.293849+00:00,01_yolo26_main,2,2,14.9,21.4,30.49,1512.84,NVIDIA GeForce RTX 4060 Ti,49,118.46,95,8372.4,16380.0,
2026-09-03T17:45:01.360835+00:00,01_yolo26_main,2,2,12.4,21.49,30.49,1512.84,NVIDIA GeForce RTX 4060 Ti,53,116.27,88,8383.9,16380.0,
2026-09-03T17:45:11.427823+00:00,01_yolo26_main,2,2,11.0,21.51,30.49,1512.84,NVIDIA GeForce RTX 4060 Ti,53,119.32,97,8358.6,16380.0,
2026-09-03T17:45:21.495185+00:00,01_yolo26_main,2,2,10.0,21.45,30.49,1512.84,NVIDIA GeForce RTX 4060 Ti,51,113.43,86,8358.6,16380.0,
2026-09-03T17:45:31.559041+00:00,01_yolo26_main,2,2,9.9,21.42,30.49,1512.84,NVIDIA GeForce RTX 4060 Ti,53,119.76,93,8332.8,16380.0,
2026-09-03T17:45:41.626826+00:00,01_yolo26_main,2,2,9.9,21.46,30.49,1512.84,NVIDIA GeForce RTX 4060 Ti,53,120.14,93,8332.8,16380.0,
2026-09-03T17:45:51.672550+00:00,01_yolo26_main,2,2,10.2,21.43,30.49,1512.84,NVIDIA GeForce RTX 4060 Ti,52,78.07,0,8332.8,16380.0,
2026-09-03T17:46:01.705389+00:00,01_yolo26_main,2,2,10.5,21.38,30.49,1512.84,NVIDIA GeForce RTX 4060 Ti,54,117.79,91,8343.7,16380.0,
2026-09-03T17:46:11.748960+00:00,01_yolo26_main,2,2,11.3,21.43,30.49,1512.84,NVIDIA GeForce RTX 4060 Ti,52,117.19,90,8343.6,16380.0,
2026-09-03T17:46:21.812841+00:00,01_yolo26_main,2,2,11.4,21.39,30.49,1512.84,NVIDIA GeForce RTX 4060 Ti,53,117.68,92,8346.0,16380.0,
2026-09-03T17:46:31.882288+00:00,01_yolo26_main,2,2,11.4,21.42,30.49,1512.84,NVIDIA GeForce RTX 4060 Ti,53,116.9,94,8346.0,16380.0,
2026-09-03T17:46:41.927449+00:00,01_yolo26_main,2,2,11.8,21.46,30.49,1512.84,NVIDIA GeForce RTX 4060 Ti,52,118.99,91,8407.1,16380.0,
2026-09-03T17:46:51.995566+00:00,01_yolo26_main,2,2,11.3,21.39,30.49,1512.84,NVIDIA GeForce RTX 4060 Ti,53,120.15,92,8407.1,16380.0,
2026-09-03T17:47:02.055272+00:00,01_yolo26_main,2,2,11.1,21.42,30.49,1512.84,NVIDIA GeForce RTX 4060 Ti,52,116.59,89,8407.1,16380.0,
2026-09-03T17:47:12.118943+00:00,01_yolo26_main,2,2,10.3,21.4,30.49,1512.84,NVIDIA GeForce RTX 4060 Ti,54,117.94,92,8401.4,16380.0,
2026-09-03T17:47:22.178280+00:00,01_yolo26_main,2,2,10.0,21.48,30.49,1512.85,NVIDIA GeForce RTX 4060 Ti,53,118.94,90,8401.4,16380.0,
2026-09-03T17:47:32.199657+00:00,01_yolo26_main,2,2,9.6,21.5,30.49,1512.85,NVIDIA GeForce RTX 4060 Ti,49,63.9,93,8401.4,16380.0,
2026-09-03T17:47:42.265162+00:00,01_yolo26_main,2,2,10.0,21.42,30.49,1512.85,NVIDIA GeForce RTX 4060 Ti,53,118.1,92,8401.4,16380.0,
2026-09-03T17:47:52.332908+00:00,01_yolo26_main,2,2,11.5,21.52,30.49,1512.85,NVIDIA GeForce RTX 4060 Ti,53,116.87,87,8429.0,16380.0,
2026-09-03T17:48:02.398953+00:00,01_yolo26_main,2,2,12.2,21.49,30.49,1512.85,NVIDIA GeForce RTX 4060 Ti,52,118.58,90,8354.0,16380.0,
2026-09-03T17:48:12.429748+00:00,01_yolo26_main,2,2,11.2,21.46,30.49,1512.85,NVIDIA GeForce RTX 4060 Ti,53,109.38,93,8354.0,16380.0,
2026-09-03T17:48:22.495884+00:00,01_yolo26_main,2,2,10.5,21.51,30.49,1512.85,NVIDIA GeForce RTX 4060 Ti,51,118.16,93,8336.1,16380.0,
2026-09-03T17:48:32.547115+00:00,01_yolo26_main,2,2,10.9,21.53,30.49,1512.85,NVIDIA GeForce RTX 4060 Ti,53,117.61,93,8337.4,16380.0,
2026-09-03T17:48:42.613840+00:00,01_yolo26_main,2,2,11.6,21.49,30.49,1512.85,NVIDIA GeForce RTX 4060 Ti,53,116.83,93,8349.4,16380.0,
2026-09-03T17:48:52.680833+00:00,01_yolo26_main,2,2,12.9,21.5,30.49,1512.85,NVIDIA GeForce RTX 4060 Ti,52,118.13,94,8377.5,16380.0,
2026-09-03T17:49:02.708829+00:00,01_yolo26_main,2,2,10.6,21.57,30.49,1512.85,NVIDIA GeForce RTX 4060 Ti,53,115.91,94,8411.9,16380.0,
2026-09-03T17:49:12.775054+00:00,01_yolo26_main,2,2,11.6,21.54,30.49,1512.85,NVIDIA GeForce RTX 4060 Ti,53,118.03,93,8450.1,16380.0,
2026-09-03T17:49:22.841834+00:00,01_yolo26_main,2,2,11.6,21.55,30.49,1512.85,NVIDIA GeForce RTX 4060 Ti,53,116.57,92,8374.4,16380.0,
2026-09-03T17:49:32.908834+00:00,01_yolo26_main,2,2,11.3,21.59,30.49,1512.85,NVIDIA GeForce RTX 4060 Ti,50,117.25,94,8359.5,16380.0,
2026-09-03T17:49:42.935831+00:00,01_yolo26_main,2,2,11.4,21.51,30.49,1512.85,NVIDIA GeForce RTX 4060 Ti,52,117.02,93,8387.1,16380.0,
2026-09-03T17:49:53.000835+00:00,01_yolo26_main,2,2,12.3,21.62,30.49,1512.85,NVIDIA GeForce RTX 4060 Ti,53,118.19,97,8370.1,16380.0,
2026-09-03T17:50:03.056831+00:00,01_yolo26_main,2,2,12.3,21.68,30.49,1512.85,NVIDIA GeForce RTX 4060 Ti,53,116.9,90,8380.2,16380.0,
2026-09-03T17:50:13.111996+00:00,01_yolo26_main,2,2,11.7,21.58,30.49,1512.85,NVIDIA GeForce RTX 4060 Ti,52,112.06,98,8396.8,16380.0,
2026-09-03T17:50:23.145878+00:00,01_yolo26_main,2,2,11.0,21.53,30.49,1512.85,NVIDIA GeForce RTX 4060 Ti,52,117.61,89,8372.8,16380.0,
2026-09-03T17:50:33.173847+00:00,01_yolo26_main,2,2,11.4,21.57,30.49,1512.85,NVIDIA GeForce RTX 4060 Ti,53,116.52,93,8399.4,16380.0,
2026-09-03T17:50:43.230185+00:00,01_yolo26_main,2,2,12.6,21.71,30.49,1512.85,NVIDIA GeForce RTX 4060 Ti,45,64.11,0,8400.4,16380.0,
2026-09-03T17:50:53.253837+00:00,01_yolo26_main,2,2,12.8,21.51,30.49,1512.85,NVIDIA GeForce RTX 4060 Ti,53,115.98,88,8515.7,16380.0,
2026-09-03T17:51:03.320550+00:00,01_yolo26_main,2,2,13.7,21.6,30.49,1512.85,NVIDIA GeForce RTX 4060 Ti,50,114.52,94,8470.1,16380.0,
2026-09-03T17:51:13.387623+00:00,01_yolo26_main,2,2,11.3,21.49,30.49,1512.85,NVIDIA GeForce RTX 4060 Ti,44,66.85,0,8447.7,16380.0,
2026-09-03T17:51:23.455506+00:00,01_yolo26_main,2,2,11.7,21.51,30.49,1512.85,NVIDIA GeForce RTX 4060 Ti,53,119.16,86,8447.8,16380.0,
2026-09-03T17:51:33.501178+00:00,01_yolo26_main,2,2,10.9,21.41,30.49,1512.85,NVIDIA GeForce RTX 4060 Ti,54,118.91,92,8466.6,16380.0,
2026-09-03T17:51:43.562765+00:00,01_yolo26_main,2,2,11.6,21.61,30.49,1512.85,NVIDIA GeForce RTX 4060 Ti,50,94.22,90,8474.1,16380.0,
2026-09-03T17:51:53.630822+00:00,01_yolo26_main,2,2,11.5,21.48,30.49,1512.85,NVIDIA GeForce RTX 4060 Ti,53,119.85,93,8448.4,16380.0,
2026-09-03T17:52:03.698168+00:00,01_yolo26_main,2,2,10.6,21.52,30.49,1512.85,NVIDIA GeForce RTX 4060 Ti,53,120.32,92,8464.4,16380.0,
2026-09-03T17:52:13.764878+00:00,01_yolo26_main,2,2,11.1,21.49,30.49,1512.85,NVIDIA GeForce RTX 4060 Ti,51,117.26,94,8480.4,16380.0,
2026-09-03T17:52:23.832781+00:00,01_yolo26_main,2,2,12.3,19.9,30.49,1512.85,NVIDIA GeForce RTX 4060 Ti,53,117.18,91,7700.2,16380.0,
2026-09-03T17:52:33.856208+00:00,01_yolo26_main,2,2,19.1,20.04,30.49,1512.85,NVIDIA GeForce RTX 4060 Ti,53,114.49,89,7700.9,16380.0,
2026-09-03T17:52:43.924999+00:00,01_yolo26_main,2,2,18.0,20.09,30.49,1512.85,NVIDIA GeForce RTX 4060 Ti,51,118.36,88,7693.8,16380.0,
2026-09-03T17:52:53.972408+00:00,01_yolo26_main,2,2,17.4,20.11,30.49,1512.85,NVIDIA GeForce RTX 4060 Ti,53,117.68,93,7695.3,16380.0,
2026-09-03T17:53:04.034129+00:00,01_yolo26_main,2,2,15.5,20.15,30.49,1512.85,NVIDIA GeForce RTX 4060 Ti,51,118.7,97,7957.8,16380.0,
2026-09-03T17:53:14.056735+00:00,01_yolo26_main,2,2,13.1,20.12,30.49,1512.85,NVIDIA GeForce RTX 4060 Ti,53,116.22,94,7946.6,16380.0,
2026-09-03T17:53:24.111084+00:00,01_yolo26_main,2,2,12.4,20.1,30.49,1512.85,NVIDIA GeForce RTX 4060 Ti,53,116.66,91,7930.2,16380.0,
2026-09-03T17:53:34.175876+00:00,01_yolo26_main,2,2,11.7,20.09,30.49,1512.85,NVIDIA GeForce RTX 4060 Ti,54,117.3,92,7933.1,16380.0,
2026-09-03T17:53:44.223570+00:00,01_yolo26_main,2,2,10.3,20.04,30.49,1512.85,NVIDIA GeForce RTX 4060 Ti,54,120.17,93,7912.3,16380.0,
2026-09-03T17:53:54.251682+00:00,01_yolo26_main,2,2,10.9,20.16,30.49,1512.85,NVIDIA GeForce RTX 4060 Ti,48,66.68,0,7912.3,16380.0,
2026-09-03T17:54:04.268009+00:00,01_yolo26_main,2,2,12.9,20.09,30.49,1512.85,NVIDIA GeForce RTX 4060 Ti,53,118.39,93,8481.9,16380.0,
2026-09-03T17:54:14.294339+00:00,01_yolo26_main,2,2,10.6,20.01,30.49,1512.85,NVIDIA GeForce RTX 4060 Ti,51,118.23,95,8481.8,16380.0,
2026-09-03T17:54:24.361993+00:00,01_yolo26_main,2,2,10.8,20.06,30.49,1512.85,NVIDIA GeForce RTX 4060 Ti,51,118.37,91,8481.8,16380.0,
2026-09-03T17:54:34.427866+00:00,01_yolo26_main,2,2,10.7,20.0,30.49,1512.85,NVIDIA GeForce RTX 4060 Ti,51,115.7,92,8489.6,16380.0,
2026-09-03T17:54:44.495065+00:00,01_yolo26_main,2,2,10.3,20.03,30.49,1512.85,NVIDIA GeForce RTX 4060 Ti,53,119.74,93,8473.9,16380.0,
2026-09-03T17:54:54.554940+00:00,01_yolo26_main,2,2,10.6,20.06,30.49,1512.85,NVIDIA GeForce RTX 4060 Ti,53,117.06,93,8459.9,16380.0,
2026-09-03T17:55:04.620858+00:00,01_yolo26_main,2,2,10.4,19.98,30.49,1512.85,NVIDIA GeForce RTX 4060 Ti,51,116.78,88,8459.9,16380.0,
2026-09-03T17:55:14.686878+00:00,01_yolo26_main,2,2,10.6,20.05,30.49,1512.85,NVIDIA GeForce RTX 4060 Ti,53,115.14,93,8460.6,16380.0,
2026-09-03T17:55:24.730279+00:00,01_yolo26_main,2,2,12.0,20.04,30.49,1512.85,NVIDIA GeForce RTX 4060 Ti,54,119.32,87,8234.9,16380.0,
2026-09-03T17:55:34.762960+00:00,01_yolo26_main,2,2,12.2,20.82,30.49,1512.94,NVIDIA GeForce RTX 4060 Ti,47,92.87,89,8231.9,16380.0,
2026-09-03T17:55:44.811506+00:00,01_yolo26_main,2,2,11.9,21.16,30.49,1512.91,NVIDIA GeForce RTX 4060 Ti,53,116.86,92,8232.1,16380.0,
2026-09-03T17:55:54.852004+00:00,01_yolo26_main,2,2,12.5,21.37,30.49,1512.89,NVIDIA GeForce RTX 4060 Ti,53,114.95,93,8231.9,16380.0,
2026-09-03T17:56:04.919857+00:00,01_yolo26_main,2,2,11.9,21.8,30.49,1512.87,NVIDIA GeForce RTX 4060 Ti,45,58.96,98,8230.1,16380.0,
2026-09-03T17:56:14.982840+00:00,01_yolo26_main,2,2,14.4,20.2,30.49,1512.67,NVIDIA GeForce RTX 4060 Ti,53,113.95,87,8226.8,16380.0,
2026-09-03T17:56:25.048838+00:00,01_yolo26_main,2,2,11.1,20.05,30.49,1512.67,NVIDIA GeForce RTX 4060 Ti,54,118.75,93,8203.6,16380.0,
2026-09-03T17:56:35.115870+00:00,01_yolo26_main,2,2,10.4,20.09,30.49,1512.67,NVIDIA GeForce RTX 4060 Ti,53,106.36,93,8203.6,16380.0,
2026-09-03T17:56:45.150792+00:00,01_yolo26_main,2,2,11.1,20.01,30.49,1512.67,NVIDIA GeForce RTX 4060 Ti,51,118.11,93,8217.9,16380.0,
2026-09-03T17:56:55.218396+00:00,01_yolo26_main,2,2,11.7,20.0,30.49,1512.67,NVIDIA GeForce RTX 4060 Ti,52,116.23,90,8244.0,16380.0,
2026-09-03T17:57:05.286002+00:00,01_yolo26_main,2,2,12.9,20.16,30.49,1512.67,NVIDIA GeForce RTX 4060 Ti,53,116.34,91,8227.2,16380.0,
2026-09-03T17:57:15.303824+00:00,01_yolo26_main,2,2,11.8,20.05,30.49,1512.67,NVIDIA GeForce RTX 4060 Ti,51,117.48,92,8209.8,16380.0,
2026-09-03T17:57:25.369855+00:00,01_yolo26_main,2,2,10.5,20.07,30.49,1512.67,NVIDIA GeForce RTX 4060 Ti,53,116.56,93,8219.8,16380.0,
2026-09-03T17:57:35.435859+00:00,01_yolo26_main,2,2,10.2,20.12,30.49,1512.67,NVIDIA GeForce RTX 4060 Ti,53,119.49,89,8197.7,16380.0,
2026-09-03T17:57:45.490802+00:00,01_yolo26_main,2,2,10.8,20.06,30.49,1512.67,NVIDIA GeForce RTX 4060 Ti,51,118.06,96,8197.7,16380.0,
2026-09-03T17:57:55.520348+00:00,01_yolo26_main,2,2,10.7,20.03,30.49,1512.67,NVIDIA GeForce RTX 4060 Ti,52,119.16,91,8207.5,16380.0,
2026-09-03T17:58:05.542698+00:00,01_yolo26_main,2,2,10.8,20.08,30.49,1512.67,NVIDIA GeForce RTX 4060 Ti,51,118.62,94,8216.1,16380.0,
2026-09-03T17:58:15.609847+00:00,01_yolo26_main,2,2,10.6,20.16,30.49,1512.67,NVIDIA GeForce RTX 4060 Ti,51,63.06,2,8203.4,16380.0,
2026-09-03T17:58:25.672753+00:00,01_yolo26_main,2,2,10.6,20.03,30.49,1512.67,NVIDIA GeForce RTX 4060 Ti,53,118.5,89,8197.4,16380.0,
2026-09-03T17:58:35.742828+00:00,01_yolo26_main,2,2,9.9,20.05,30.49,1512.67,NVIDIA GeForce RTX 4060 Ti,54,119.83,87,8197.4,16380.0,
2026-09-03T17:58:45.808841+00:00,01_yolo26_main,2,2,10.2,20.15,30.49,1512.67,NVIDIA GeForce RTX 4060 Ti,51,117.76,90,8208.4,16380.0,
2026-09-03T17:58:55.864545+00:00,01_yolo26_main,2,2,11.3,20.08,30.49,1512.67,NVIDIA GeForce RTX 4060 Ti,53,118.3,94,8208.4,16380.0,
2026-09-03T17:59:05.932833+00:00,01_yolo26_main,2,2,12.4,20.14,30.49,1512.67,NVIDIA GeForce RTX 4060 Ti,54,117.35,87,8230.2,16380.0,
2026-09-03T17:59:15.999844+00:00,01_yolo26_main,2,2,13.1,19.93,30.49,1512.67,NVIDIA GeForce RTX 4060 Ti,53,116.27,95,8274.9,16380.0,
2026-09-03T17:59:26.066858+00:00,01_yolo26_main,2,2,12.5,19.27,30.49,1512.67,NVIDIA GeForce RTX 4060 Ti,53,116.57,87,8232.9,16380.0,
2026-09-03T17:59:36.131867+00:00,01_yolo26_main,2,2,10.7,19.19,30.49,1512.67,NVIDIA GeForce RTX 4060 Ti,53,119.72,87,8221.6,16380.0,
2026-09-03T17:59:46.195822+00:00,01_yolo26_main,2,2,10.4,19.34,30.49,1512.67,NVIDIA GeForce RTX 4060 Ti,53,115.85,88,8214.5,16380.0,
2026-09-03T17:59:56.260838+00:00,01_yolo26_main,2,2,10.6,19.2,30.49,1512.67,NVIDIA GeForce RTX 4060 Ti,53,111.1,88,8230.5,16380.0,
2026-09-03T18:00:06.323818+00:00,01_yolo26_main,2,2,9.9,19.21,30.49,1512.67,NVIDIA GeForce RTX 4060 Ti,53,119.03,89,8227.8,16380.0,
2026-09-03T18:00:16.391841+00:00,01_yolo26_main,2,2,10.1,19.27,30.49,1512.67,NVIDIA GeForce RTX 4060 Ti,53,119.45,93,8219.8,16380.0,
2026-09-03T18:00:26.413981+00:00,01_yolo26_main,2,2,10.8,19.41,30.49,1512.67,NVIDIA GeForce RTX 4060 Ti,45,58.95,11,8237.8,16380.0,
2026-09-03T18:00:36.431464+00:00,01_yolo26_main,2,2,10.3,19.26,30.49,1512.67,NVIDIA GeForce RTX 4060 Ti,52,116.09,93,8223.8,16380.0,
2026-09-03T18:00:46.499841+00:00,01_yolo26_main,2,2,12.2,19.37,30.49,1512.67,NVIDIA GeForce RTX 4060 Ti,54,120.42,90,8187.6,16380.0,
2026-09-03T18:00:56.565824+00:00,01_yolo26_main,2,2,11.5,19.43,30.49,1512.67,NVIDIA GeForce RTX 4060 Ti,53,119.15,93,8174.6,16380.0,
2026-09-03T18:01:06.633825+00:00,01_yolo26_main,2,2,10.1,19.32,30.49,1512.67,NVIDIA GeForce RTX 4060 Ti,53,116.72,87,8174.6,16380.0,
2026-09-03T18:01:16.698823+00:00,01_yolo26_main,2,2,10.2,19.34,30.49,1512.67,NVIDIA GeForce RTX 4060 Ti,54,120.78,93,8166.6,16380.0,
2026-09-03T18:01:26.770826+00:00,01_yolo26_main,2,2,10.1,19.36,30.49,1512.67,NVIDIA GeForce RTX 4060 Ti,54,115.65,93,8202.9,16380.0,
2026-09-03T18:01:36.838833+00:00,01_yolo26_main,2,2,10.8,19.34,30.49,1512.67,NVIDIA GeForce RTX 4060 Ti,53,118.68,93,8168.7,16380.0,
2026-09-03T18:01:46.905862+00:00,01_yolo26_main,2,2,10.9,19.37,30.49,1512.67,NVIDIA GeForce RTX 4060 Ti,53,119.27,87,8207.7,16380.0,
2026-09-03T18:01:56.973000+00:00,01_yolo26_main,2,2,11.1,19.4,30.49,1512.67,NVIDIA GeForce RTX 4060 Ti,53,119.44,93,8189.6,16380.0,
2026-09-03T18:02:07.019353+00:00,01_yolo26_main,2,2,10.9,19.53,30.49,1512.67,NVIDIA GeForce RTX 4060 Ti,47,73.91,89,8189.5,16380.0,
2026-09-03T18:02:17.093860+00:00,01_yolo26_main,2,2,10.7,19.38,30.49,1512.67,NVIDIA GeForce RTX 4060 Ti,53,116.63,90,8457.0,16380.0,
2026-09-03T18:02:27.157830+00:00,01_yolo26_main,2,2,11.5,19.42,30.49,1512.67,NVIDIA GeForce RTX 4060 Ti,53,117.11,86,8470.6,16380.0,
2026-09-03T18:02:37.224830+00:00,01_yolo26_main,2,2,11.5,19.34,30.49,1512.67,NVIDIA GeForce RTX 4060 Ti,45,49.92,3,8472.5,16380.0,
2026-09-03T18:02:47.291156+00:00,01_yolo26_main,2,2,11.8,19.3,30.49,1512.67,NVIDIA GeForce RTX 4060 Ti,54,118.4,86,8456.5,16380.0,
2026-09-03T18:02:57.306766+00:00,01_yolo26_main,2,2,11.8,19.32,30.49,1512.67,NVIDIA GeForce RTX 4060 Ti,53,116.43,91,8458.3,16380.0,
2026-09-03T18:03:07.374493+00:00,01_yolo26_main,2,2,11.7,19.46,30.49,1512.67,NVIDIA GeForce RTX 4060 Ti,52,104.22,92,8442.3,16380.0,
2026-09-03T18:03:17.440835+00:00,01_yolo26_main,2,2,12.4,19.47,30.49,1512.67,NVIDIA GeForce RTX 4060 Ti,53,117.98,91,8450.8,16380.0,
2026-09-03T18:03:27.507828+00:00,01_yolo26_main,2,2,12.9,19.5,30.49,1512.67,NVIDIA GeForce RTX 4060 Ti,53,114.7,92,8467.2,16380.0,
2026-09-03T18:03:37.574833+00:00,01_yolo26_main,2,2,12.3,19.52,30.49,1512.67,NVIDIA GeForce RTX 4060 Ti,53,116.29,88,8474.0,16380.0,
2026-09-03T18:03:47.641864+00:00,01_yolo26_main,2,2,12.7,19.44,30.49,1512.67,NVIDIA GeForce RTX 4060 Ti,54,116.6,92,8501.5,16380.0,
2026-09-03T18:03:57.709241+00:00,01_yolo26_main,2,2,11.8,19.49,30.49,1512.67,NVIDIA GeForce RTX 4060 Ti,51,118.8,93,8437.0,16380.0,
2026-09-03T18:04:07.776747+00:00,01_yolo26_main,2,2,10.7,19.48,30.49,1512.67,NVIDIA GeForce RTX 4060 Ti,53,119.24,91,8450.5,16380.0,
2026-09-03T18:04:17.843265+00:00,01_yolo26_main,2,2,10.3,19.37,30.49,1512.67,NVIDIA GeForce RTX 4060 Ti,53,119.46,91,8436.0,16380.0,
2026-09-03T18:04:27.910052+00:00,01_yolo26_main,2,2,11.9,19.43,30.49,1512.67,NVIDIA GeForce RTX 4060 Ti,53,117.56,93,8448.8,16380.0,
2026-09-03T18:04:37.977850+00:00,01_yolo26_main,2,2,11.4,19.52,30.49,1512.67,NVIDIA GeForce RTX 4060 Ti,53,118.19,91,8447.8,16380.0,
2026-09-03T18:04:48.045850+00:00,01_yolo26_main,2,2,12.0,19.43,30.49,1512.67,NVIDIA GeForce RTX 4060 Ti,48,109.19,69,8446.6,16380.0,
2026-09-03T18:04:58.109825+00:00,01_yolo26_main,2,2,10.3,19.43,30.49,1512.67,NVIDIA GeForce RTX 4060 Ti,52,117.67,92,8437.1,16380.0,
2026-09-03T18:05:08.176825+00:00,01_yolo26_main,2,2,10.6,19.49,30.49,1512.67,NVIDIA GeForce RTX 4060 Ti,53,119.42,92,8435.7,16380.0,
2026-09-03T18:05:18.242832+00:00,01_yolo26_main,2,2,10.3,19.54,30.49,1512.67,NVIDIA GeForce RTX 4060 Ti,53,107.69,86,8435.7,16380.0,
2026-09-03T18:05:28.310832+00:00,01_yolo26_main,2,2,10.5,19.46,30.49,1512.67,NVIDIA GeForce RTX 4060 Ti,53,116.34,90,8435.7,16380.0,
2026-09-03T18:05:38.377835+00:00,01_yolo26_main,2,2,10.5,19.48,30.49,1512.67,NVIDIA GeForce RTX 4060 Ti,52,120.44,93,8436.1,16380.0,
2026-09-03T18:05:48.429736+00:00,01_yolo26_main,2,2,10.3,19.39,30.49,1512.67,NVIDIA GeForce RTX 4060 Ti,54,120.53,92,8445.7,16380.0,
2026-09-03T18:05:58.496831+00:00,01_yolo26_main,2,2,11.4,19.49,30.49,1512.67,NVIDIA GeForce RTX 4060 Ti,52,118.37,93,8422.2,16380.0,
2026-09-03T18:06:08.562827+00:00,01_yolo26_main,2,2,11.0,19.45,30.49,1512.67,NVIDIA GeForce RTX 4060 Ti,53,119.09,93,8406.1,16380.0,
2026-09-03T18:06:18.630194+00:00,01_yolo26_main,2,2,11.0,19.47,30.49,1512.67,NVIDIA GeForce RTX 4060 Ti,52,119.2,94,8374.8,16380.0,
2026-09-03T18:06:28.698852+00:00,01_yolo26_main,2,2,10.9,19.6,30.49,1512.67,NVIDIA GeForce RTX 4060 Ti,45,66.26,64,8390.4,16380.0,
2026-09-03T18:06:38.761843+00:00,01_yolo26_main,2,2,11.0,19.42,30.49,1512.67,NVIDIA GeForce RTX 4060 Ti,52,119.21,86,8371.3,16380.0,
2026-09-03T18:06:48.827839+00:00,01_yolo26_main,2,2,11.9,19.51,30.49,1512.67,NVIDIA GeForce RTX 4060 Ti,53,118.26,93,8371.3,16380.0,
2026-09-03T18:06:58.894846+00:00,01_yolo26_main,2,2,12.6,19.46,30.49,1512.67,NVIDIA GeForce RTX 4060 Ti,53,118.28,86,8373.4,16380.0,
2026-09-03T18:07:08.959832+00:00,01_yolo26_main,2,2,11.3,19.46,30.49,1512.67,NVIDIA GeForce RTX 4060 Ti,53,118.2,94,8373.0,16380.0,
2026-09-03T18:07:19.024925+00:00,01_yolo26_main,2,2,11.0,19.43,30.49,1512.67,NVIDIA GeForce RTX 4060 Ti,53,119.33,86,8398.6,16380.0,
2026-09-03T18:07:29.091836+00:00,01_yolo26_main,2,2,12.0,19.53,30.49,1512.67,NVIDIA GeForce RTX 4060 Ti,53,117.77,93,8410.9,16380.0,
2026-09-03T18:07:39.141270+00:00,01_yolo26_main,2,2,12.4,19.49,30.49,1512.67,NVIDIA GeForce RTX 4060 Ti,50,118.29,93,8414.1,16380.0,
2026-09-03T18:07:49.206476+00:00,01_yolo26_main,2,2,11.1,19.5,30.49,1512.67,NVIDIA GeForce RTX 4060 Ti,53,115.99,98,8414.8,16380.0,
2026-09-03T18:07:59.273834+00:00,01_yolo26_main,2,2,10.9,19.44,30.49,1512.67,NVIDIA GeForce RTX 4060 Ti,52,119.7,87,8403.9,16380.0,
2026-09-03T18:08:09.304579+00:00,01_yolo26_main,2,2,11.1,19.44,30.49,1512.67,NVIDIA GeForce RTX 4060 Ti,52,111.0,89,8398.9,16380.0,
2026-09-03T18:08:19.368824+00:00,01_yolo26_main,2,2,10.9,19.45,30.49,1512.67,NVIDIA GeForce RTX 4060 Ti,54,118.51,91,8400.8,16380.0,
2026-09-03T18:08:29.433833+00:00,01_yolo26_main,2,2,10.6,19.46,30.49,1512.67,NVIDIA GeForce RTX 4060 Ti,53,115.04,93,8420.6,16380.0,
2026-09-03T18:08:39.500823+00:00,01_yolo26_main,2,2,10.6,19.53,30.49,1512.67,NVIDIA GeForce RTX 4060 Ti,50,77.63,89,8398.2,16380.0,
2026-09-03T18:08:49.567841+00:00,01_yolo26_main,2,2,10.1,19.44,30.49,1512.67,NVIDIA GeForce RTX 4060 Ti,54,118.96,93,8390.2,16380.0,
2026-09-03T18:08:59.625844+00:00,01_yolo26_main,2,2,9.8,19.5,30.49,1512.67,NVIDIA GeForce RTX 4060 Ti,52,119.95,92,8390.2,16380.0,
2026-09-03T18:09:09.650784+00:00,01_yolo26_main,2,2,10.9,19.4,30.49,1512.67,NVIDIA GeForce RTX 4060 Ti,52,115.93,93,8407.8,16380.0,
2026-09-03T18:09:19.678732+00:00,01_yolo26_main,2,2,11.3,19.43,30.49,1512.67,NVIDIA GeForce RTX 4060 Ti,51,118.38,92,8399.9,16380.0,
2026-09-03T18:09:29.739559+00:00,01_yolo26_main,2,2,11.2,19.43,30.49,1512.67,NVIDIA GeForce RTX 4060 Ti,51,117.67,90,8389.8,16380.0,
2026-09-03T18:09:39.761817+00:00,01_yolo26_main,2,2,10.6,19.49,30.49,1512.67,NVIDIA GeForce RTX 4060 Ti,53,118.84,93,8405.0,16380.0,
2026-09-03T18:09:49.781191+00:00,01_yolo26_main,2,2,11.3,19.43,30.49,1512.67,NVIDIA GeForce RTX 4060 Ti,54,118.48,93,8398.6,16380.0,
2026-09-03T18:09:59.847835+00:00,01_yolo26_main,2,2,12.3,19.48,30.49,1512.67,NVIDIA GeForce RTX 4060 Ti,53,118.59,94,8398.6,16380.0,
2026-09-03T18:10:09.915827+00:00,01_yolo26_main,2,2,10.8,19.52,30.49,1512.67,NVIDIA GeForce RTX 4060 Ti,53,117.67,86,8402.2,16380.0,
2026-09-03T18:10:19.934911+00:00,01_yolo26_main,2,2,10.7,19.63,30.49,1512.71,NVIDIA GeForce RTX 4060 Ti,46,76.57,90,8399.5,16380.0,
2026-09-03T18:10:29.998701+00:00,01_yolo26_main,2,2,11.2,19.46,30.49,1512.67,NVIDIA GeForce RTX 4060 Ti,51,117.43,91,8412.1,16380.0,
2026-09-03T18:10:40.053773+00:00,01_yolo26_main,2,2,13.2,19.54,30.49,1512.67,NVIDIA GeForce RTX 4060 Ti,51,117.19,93,8414.9,16380.0,
2026-09-03T18:10:50.113198+00:00,01_yolo26_main,2,2,12.9,19.95,30.49,1512.67,NVIDIA GeForce RTX 4060 Ti,45,70.85,4,8146.4,16380.0,
2026-09-03T18:11:00.176835+00:00,01_yolo26_main,2,2,12.4,19.64,30.49,1512.67,NVIDIA GeForce RTX 4060 Ti,50,116.54,94,8145.7,16380.0,
2026-09-03T18:11:10.243069+00:00,01_yolo26_main,2,2,11.8,19.67,30.49,1512.67,NVIDIA GeForce RTX 4060 Ti,53,117.23,85,8130.8,16380.0,
2026-09-03T18:11:20.279354+00:00,01_yolo26_main,2,2,11.0,19.7,30.49,1512.67,NVIDIA GeForce RTX 4060 Ti,52,74.76,90,8131.2,16380.0,
2026-09-03T18:11:30.306847+00:00,01_yolo26_main,2,2,11.3,19.59,30.49,1512.67,NVIDIA GeForce RTX 4060 Ti,54,119.03,92,8131.3,16380.0,
2026-09-03T18:11:40.373909+00:00,01_yolo26_main,2,2,10.8,19.63,30.49,1512.67,NVIDIA GeForce RTX 4060 Ti,50,118.74,93,8120.8,16380.0,
2026-09-03T18:11:50.402422+00:00,01_yolo26_main,2,2,10.8,19.69,30.49,1512.67,NVIDIA GeForce RTX 4060 Ti,52,119.39,93,8120.8,16380.0,
2026-09-03T18:12:00.470878+00:00,01_yolo26_main,2,2,11.1,19.61,30.49,1512.67,NVIDIA GeForce RTX 4060 Ti,53,117.96,83,8131.6,16380.0,
2026-09-03T18:12:10.507420+00:00,01_yolo26_main,2,2,10.9,19.6,30.49,1512.67,NVIDIA GeForce RTX 4060 Ti,53,118.04,92,8122.1,16380.0,
2026-09-03T18:12:20.571851+00:00,01_yolo26_main,2,2,10.9,19.57,30.49,1512.67,NVIDIA GeForce RTX 4060 Ti,52,119.12,93,8131.3,16380.0,
2026-09-03T18:12:30.638830+00:00,01_yolo26_main,2,2,12.2,19.58,30.49,1512.67,NVIDIA GeForce RTX 4060 Ti,54,119.61,90,8134.0,16380.0,
2026-09-03T18:12:40.698740+00:00,01_yolo26_main,2,2,12.5,19.61,30.49,1512.67,NVIDIA GeForce RTX 4060 Ti,53,116.7,92,8146.2,16380.0,
2026-09-03T18:12:50.766308+00:00,01_yolo26_main,2,2,11.9,19.55,30.49,1512.67,NVIDIA GeForce RTX 4060 Ti,53,118.88,93,8120.9,16380.0,
2026-09-03T18:13:00.838732+00:00,01_yolo26_main,2,2,12.4,19.75,30.49,1512.67,NVIDIA GeForce RTX 4060 Ti,45,76.84,89,8120.9,16380.0,
2026-09-03T18:13:10.914852+00:00,01_yolo26_main,2,2,11.2,19.63,30.49,1512.67,NVIDIA GeForce RTX 4060 Ti,53,119.46,93,8145.3,16380.0,
2026-09-03T18:13:20.947866+00:00,01_yolo26_main,2,2,10.7,19.64,30.49,1512.67,NVIDIA GeForce RTX 4060 Ti,52,119.47,92,8130.8,16380.0,
2026-09-03T18:13:30.993866+00:00,01_yolo26_main,2,2,11.5,19.7,30.49,1512.67,NVIDIA GeForce RTX 4060 Ti,53,117.73,88,8131.4,16380.0,
2026-09-03T18:13:41.056696+00:00,01_yolo26_main,2,2,13.3,19.59,30.49,1512.67,NVIDIA GeForce RTX 4060 Ti,52,118.58,93,8131.4,16380.0,
2026-09-03T18:13:51.089139+00:00,01_yolo26_main,2,2,11.5,19.7,30.49,1512.67,NVIDIA GeForce RTX 4060 Ti,52,118.5,92,8149.3,16380.0,
2026-09-03T18:14:01.156832+00:00,01_yolo26_main,2,2,11.3,19.68,30.49,1512.67,NVIDIA GeForce RTX 4060 Ti,52,115.29,91,8151.4,16380.0,
2026-09-03T18:14:11.223830+00:00,01_yolo26_main,2,2,11.8,19.62,30.49,1512.67,NVIDIA GeForce RTX 4060 Ti,53,119.47,86,8135.1,16380.0,
2026-09-03T18:14:21.279533+00:00,01_yolo26_main,2,2,10.3,19.66,30.49,1512.67,NVIDIA GeForce RTX 4060 Ti,52,117.67,93,8136.9,16380.0,
2026-09-03T18:14:31.343324+00:00,01_yolo26_main,2,2,10.7,19.67,30.49,1512.67,NVIDIA GeForce RTX 4060 Ti,53,116.6,88,8150.5,16380.0,
2026-09-03T18:14:41.409882+00:00,01_yolo26_main,2,2,11.4,19.56,30.49,1512.67,NVIDIA GeForce RTX 4060 Ti,54,118.9,93,8147.1,16380.0,
2026-09-03T18:14:51.453731+00:00,01_yolo26_main,2,2,11.5,19.58,30.49,1512.67,NVIDIA GeForce RTX 4060 Ti,52,117.42,93,8149.4,16380.0,
2026-09-03T18:15:01.521830+00:00,01_yolo26_main,2,2,10.4,19.62,30.49,1512.67,NVIDIA GeForce RTX 4060 Ti,54,116.59,90,8149.4,16380.0,
2026-09-03T18:15:11.588890+00:00,01_yolo26_main,2,2,11.5,19.74,30.49,1512.67,NVIDIA GeForce RTX 4060 Ti,45,84.97,98,8432.2,16380.0,
2026-09-03T18:15:21.613192+00:00,01_yolo26_main,2,2,11.5,19.55,30.49,1512.67,NVIDIA GeForce RTX 4060 Ti,54,119.03,93,8407.9,16380.0,
2026-09-03T18:15:31.681340+00:00,01_yolo26_main,2,2,12.1,19.58,30.49,1512.67,NVIDIA GeForce RTX 4060 Ti,53,117.06,86,8430.5,16380.0,
2026-09-03T18:15:41.727527+00:00,01_yolo26_main,2,2,11.6,19.59,30.49,1512.67,NVIDIA GeForce RTX 4060 Ti,51,80.59,0,8408.8,16380.0,
2026-09-03T18:15:51.793643+00:00,01_yolo26_main,2,2,12.8,19.47,30.49,1512.67,NVIDIA GeForce RTX 4060 Ti,54,117.8,94,8425.2,16380.0,
2026-09-03T18:16:01.823299+00:00,01_yolo26_main,2,2,9.9,19.42,30.49,1512.67,NVIDIA GeForce RTX 4060 Ti,54,119.01,86,8415.4,16380.0,
2026-09-03T18:16:11.841585+00:00,01_yolo26_main,2,2,9.9,19.43,30.49,1512.67,NVIDIA GeForce RTX 4060 Ti,53,118.55,93,8403.4,16380.0,
2026-09-03T18:16:21.908826+00:00,01_yolo26_main,2,2,11.9,19.36,30.49,1512.67,NVIDIA GeForce RTX 4060 Ti,51,117.32,80,8420.9,16380.0,
2026-09-03T18:16:31.977862+00:00,01_yolo26_main,2,2,11.1,19.34,30.49,1512.67,NVIDIA GeForce RTX 4060 Ti,54,120.31,92,8413.8,16380.0,
2026-09-03T18:16:42.044833+00:00,01_yolo26_main,2,2,12.5,19.44,30.49,1512.67,NVIDIA GeForce RTX 4060 Ti,53,116.72,86,8424.6,16380.0,
2026-09-03T18:16:52.111854+00:00,01_yolo26_main,2,2,12.7,19.4,30.49,1512.67,NVIDIA GeForce RTX 4060 Ti,53,107.14,93,8424.6,16380.0,
2026-09-03T18:17:02.178886+00:00,01_yolo26_main,2,2,11.5,19.36,30.49,1512.67,NVIDIA GeForce RTX 4060 Ti,52,118.73,94,8424.2,16380.0,
2026-09-03T18:17:12.244823+00:00,01_yolo26_main,2,2,10.1,19.42,30.49,1512.67,NVIDIA GeForce RTX 4060 Ti,51,119.16,94,8403.2,16380.0,
2026-09-03T18:17:22.279898+00:00,01_yolo26_main,2,2,11.3,19.56,30.49,1512.67,NVIDIA GeForce RTX 4060 Ti,45,63.96,10,8387.8,16380.0,
2026-09-03T18:17:32.342836+00:00,01_yolo26_main,2,2,10.0,19.35,30.49,1512.67,NVIDIA GeForce RTX 4060 Ti,54,118.41,91,8387.5,16380.0,
2026-09-03T18:17:42.414833+00:00,01_yolo26_main,2,2,10.6,19.44,30.49,1512.67,NVIDIA GeForce RTX 4060 Ti,53,119.44,92,8417.3,16380.0,
2026-09-03T18:17:52.479826+00:00,01_yolo26_main,2,2,10.9,19.34,30.49,1512.67,NVIDIA GeForce RTX 4060 Ti,51,118.02,91,8392.2,16380.0,
2026-09-03T18:18:02.499238+00:00,01_yolo26_main,2,2,11.3,19.36,30.49,1512.67,NVIDIA GeForce RTX 4060 Ti,51,116.8,92,8389.8,16380.0,
2026-09-03T18:18:12.567820+00:00,01_yolo26_main,2,2,11.2,19.39,30.49,1512.67,NVIDIA GeForce RTX 4060 Ti,53,116.56,94,8389.8,16380.0,
2026-09-03T18:18:22.634824+00:00,01_yolo26_main,2,2,10.4,19.47,30.49,1512.67,NVIDIA GeForce RTX 4060 Ti,53,118.63,91,8389.5,16380.0,
2026-09-03T18:18:32.701820+00:00,01_yolo26_main,2,2,10.8,19.38,30.49,1512.67,NVIDIA GeForce RTX 4060 Ti,53,116.16,94,8386.1,16380.0,
2026-09-03T18:18:42.743424+00:00,01_yolo26_main,2,2,9.9,19.32,30.49,1512.67,NVIDIA GeForce RTX 4060 Ti,50,116.26,85,8369.9,16380.0,
2026-09-03T18:18:52.808823+00:00,01_yolo26_main,2,2,10.2,19.45,30.49,1512.67,NVIDIA GeForce RTX 4060 Ti,53,113.4,89,8137.9,16380.0,
2026-09-03T18:19:02.836961+00:00,01_yolo26_main,2,2,11.4,19.5,30.49,1512.67,NVIDIA GeForce RTX 4060 Ti,48,91.74,92,8155.7,16380.0,
2026-09-03T18:19:12.900825+00:00,01_yolo26_main,2,2,10.9,19.41,30.49,1512.67,NVIDIA GeForce RTX 4060 Ti,53,118.17,91,8155.7,16380.0,
2026-09-03T18:19:22.966878+00:00,01_yolo26_main,2,2,11.8,19.44,30.49,1512.67,NVIDIA GeForce RTX 4060 Ti,50,117.22,91,8155.7,16380.0,
2026-09-03T18:19:32.987852+00:00,01_yolo26_main,2,2,12.0,19.51,30.49,1512.67,NVIDIA GeForce RTX 4060 Ti,51,82.25,2,8161.5,16380.0,
2026-09-03T18:19:43.054833+00:00,01_yolo26_main,2,2,12.7,19.44,30.49,1512.67,NVIDIA GeForce RTX 4060 Ti,54,117.7,93,8160.2,16380.0,
2026-09-03T18:19:53.120821+00:00,01_yolo26_main,2,2,10.1,19.41,30.49,1512.67,NVIDIA GeForce RTX 4060 Ti,54,119.4,92,8147.1,16380.0,
2026-09-03T18:20:03.167500+00:00,01_yolo26_main,2,2,9.3,19.43,30.49,1512.67,NVIDIA GeForce RTX 4060 Ti,53,118.51,86,8147.1,16380.0,
2026-09-03T18:20:13.234152+00:00,01_yolo26_main,2,2,10.2,19.38,30.49,1512.67,NVIDIA GeForce RTX 4060 Ti,52,115.46,97,8156.4,16380.0,
2026-09-03T18:20:23.301567+00:00,01_yolo26_main,2,2,11.3,19.37,30.49,1512.67,NVIDIA GeForce RTX 4060 Ti,53,116.14,92,8155.8,16380.0,
2026-09-03T18:20:33.368844+00:00,01_yolo26_main,2,2,11.0,19.49,30.49,1512.67,NVIDIA GeForce RTX 4060 Ti,51,117.25,93,8155.8,16380.0,
2026-09-03T18:20:43.434837+00:00,01_yolo26_main,2,2,11.4,19.4,30.49,1512.67,NVIDIA GeForce RTX 4060 Ti,50,116.52,93,8159.3,16380.0,
2026-09-03T18:20:53.501836+00:00,01_yolo26_main,2,2,11.8,19.44,30.49,1512.67,NVIDIA GeForce RTX 4060 Ti,53,116.94,92,8160.2,16380.0,
2026-09-03T18:21:03.521391+00:00,01_yolo26_main,2,2,13.2,20.05,30.49,1512.67,NVIDIA GeForce RTX 4060 Ti,50,116.65,92,8195.7,16380.0,
2026-09-03T18:21:13.587848+00:00,01_yolo26_main,2,2,11.1,19.99,30.49,1512.66,NVIDIA GeForce RTX 4060 Ti,53,118.21,93,8134.9,16380.0,
2026-09-03T18:21:23.650788+00:00,01_yolo26_main,2,2,11.9,20.03,30.49,1512.66,NVIDIA GeForce RTX 4060 Ti,53,116.29,93,8168.6,16380.0,
2026-09-03T18:21:33.718044+00:00,01_yolo26_main,2,2,11.8,20.0,30.49,1512.66,NVIDIA GeForce RTX 4060 Ti,52,117.46,91,8152.3,16380.0,
2026-09-03T18:21:43.783865+00:00,01_yolo26_main,2,2,11.8,20.02,30.49,1512.66,NVIDIA GeForce RTX 4060 Ti,52,96.22,88,8137.2,16380.0,
2026-09-03T18:21:53.847268+00:00,01_yolo26_main,2,2,11.5,19.95,30.49,1512.66,NVIDIA GeForce RTX 4060 Ti,53,119.4,93,8142.8,16380.0,
2026-09-03T18:22:03.915820+00:00,01_yolo26_main,2,2,12.2,20.13,30.49,1512.66,NVIDIA GeForce RTX 4060 Ti,53,114.72,91,8183.8,16380.0,
2026-09-03T18:22:13.981837+00:00,01_yolo26_main,2,2,14.8,20.05,30.49,1512.66,NVIDIA GeForce RTX 4060 Ti,51,83.68,3,8153.3,16380.0,
2026-09-03T18:22:23.998917+00:00,01_yolo26_main,2,2,14.0,20.04,30.49,1512.66,NVIDIA GeForce RTX 4060 Ti,52,118.31,89,8138.3,16380.0,
2026-09-03T18:22:34.063809+00:00,01_yolo26_main,2,2,13.3,20.16,30.49,1512.66,NVIDIA GeForce RTX 4060 Ti,52,116.27,93,8140.9,16380.0,
2026-09-03T18:22:44.129850+00:00,01_yolo26_main,2,2,16.8,20.15,30.49,1512.66,NVIDIA GeForce RTX 4060 Ti,52,100.09,92,8140.4,16380.0,
2026-09-03T18:22:54.194588+00:00,01_yolo26_main,2,2,19.3,20.15,30.49,1512.66,NVIDIA GeForce RTX 4060 Ti,51,119.26,93,8146.4,16380.0,
2026-09-03T18:23:04.249608+00:00,01_yolo26_main,2,2,16.7,20.11,30.49,1512.66,NVIDIA GeForce RTX 4060 Ti,52,116.84,94,8134.2,16380.0,
2026-09-03T18:23:14.267589+00:00,01_yolo26_main,2,2,11.0,20.09,30.49,1512.66,NVIDIA GeForce RTX 4060 Ti,53,117.0,88,8134.1,16380.0,
2026-09-03T18:23:24.326462+00:00,01_yolo26_main,2,2,11.8,20.21,30.49,1512.66,NVIDIA GeForce RTX 4060 Ti,53,114.52,88,8169.8,16380.0,
2026-09-03T18:23:34.393842+00:00,01_yolo26_main,2,2,15.9,20.32,30.49,1512.66,NVIDIA GeForce RTX 4060 Ti,50,114.8,93,8175.0,16380.0,
2026-09-03T18:23:44.457849+00:00,01_yolo26_main,2,2,13.5,20.33,30.49,1512.66,NVIDIA GeForce RTX 4060 Ti,52,113.91,93,8137.4,16380.0,
2026-09-03T18:23:54.488534+00:00,01_yolo26_main,2,2,11.3,20.24,30.49,1512.66,NVIDIA GeForce RTX 4060 Ti,49,116.85,97,8137.4,16380.0,
2026-09-03T18:24:04.546763+00:00,01_yolo26_main,2,2,10.8,20.3,30.49,1512.66,NVIDIA GeForce RTX 4060 Ti,53,118.26,87,8136.9,16380.0,
2026-09-03T18:24:14.613855+00:00,01_yolo26_main,2,2,10.8,20.37,30.49,1512.66,NVIDIA GeForce RTX 4060 Ti,51,119.28,93,8135.5,16380.0,
2026-09-03T18:24:24.668346+00:00,01_yolo26_main,2,2,10.1,20.01,30.49,1512.66,NVIDIA GeForce RTX 4060 Ti,53,119.28,92,8120.9,16380.0,
2026-09-03T18:24:34.703738+00:00,01_yolo26_main,2,2,9.9,20.07,30.49,1512.66,NVIDIA GeForce RTX 4060 Ti,53,119.6,94,8120.9,16380.0,
2026-09-03T18:24:44.750366+00:00,01_yolo26_main,2,2,10.3,20.05,30.49,1512.66,NVIDIA GeForce RTX 4060 Ti,53,116.95,87,8132.9,16380.0,
2026-09-03T18:24:54.792903+00:00,01_yolo26_main,2,2,10.0,20.12,30.49,1512.66,NVIDIA GeForce RTX 4060 Ti,44,58.86,30,8124.0,16380.0,
2026-09-03T18:25:04.859852+00:00,01_yolo26_main,2,2,10.6,20.04,30.49,1512.66,NVIDIA GeForce RTX 4060 Ti,51,116.4,93,8125.8,16380.0,
2026-09-03T18:25:14.925815+00:00,01_yolo26_main,2,2,13.2,20.1,30.49,1512.45,NVIDIA GeForce RTX 4060 Ti,53,114.87,92,8143.3,16380.0,
2026-09-03T18:25:24.965234+00:00,01_yolo26_main,2,2,16.3,20.18,30.49,1512.22,NVIDIA GeForce RTX 4060 Ti,53,97.94,5,8137.2,16380.0,
2026-09-03T18:25:35.032824+00:00,01_yolo26_main,2,2,13.0,20.21,30.49,1512.22,NVIDIA GeForce RTX 4060 Ti,52,118.12,93,8137.8,16380.0,
2026-09-03T18:25:45.099945+00:00,01_yolo26_main,2,2,11.9,20.23,30.49,1512.22,NVIDIA GeForce RTX 4060 Ti,53,118.52,92,8139.6,16380.0,
2026-09-03T18:25:55.147209+00:00,01_yolo26_main,2,2,13.5,20.19,30.49,1512.22,NVIDIA GeForce RTX 4060 Ti,52,117.22,87,8139.4,16380.0,
2026-09-03T18:26:05.210829+00:00,01_yolo26_main,2,2,10.2,20.09,30.49,1512.22,NVIDIA GeForce RTX 4060 Ti,54,119.69,91,8125.2,16380.0,
2026-09-03T18:26:15.277890+00:00,01_yolo26_main,2,2,10.2,20.15,30.49,1512.22,NVIDIA GeForce RTX 4060 Ti,53,119.95,93,8086.4,16380.0,
2026-09-03T18:26:25.342822+00:00,01_yolo26_main,2,2,11.0,20.2,30.49,1512.22,NVIDIA GeForce RTX 4060 Ti,52,116.41,90,8086.1,16380.0,
2026-09-03T18:26:35.410842+00:00,01_yolo26_main,2,2,11.1,20.2,30.49,1512.22,NVIDIA GeForce RTX 4060 Ti,51,116.78,90,8088.4,16380.0,
2026-09-03T18:26:45.477848+00:00,01_yolo26_main,2,2,11.1,20.2,30.49,1512.22,NVIDIA GeForce RTX 4060 Ti,53,118.19,94,8082.9,16380.0,
2026-09-03T18:26:55.539243+00:00,01_yolo26_main,2,2,11.3,20.2,30.49,1512.22,NVIDIA GeForce RTX 4060 Ti,53,115.52,94,8084.8,16380.0,
2026-09-03T18:27:05.594082+00:00,01_yolo26_main,2,2,10.3,20.18,30.49,1512.22,NVIDIA GeForce RTX 4060 Ti,47,74.2,0,8074.0,16380.0,
2026-09-03T18:27:15.659566+00:00,01_yolo26_main,2,2,10.4,20.14,30.49,1512.22,NVIDIA GeForce RTX 4060 Ti,53,118.79,87,8073.7,16380.0,
2026-09-03T18:27:25.725839+00:00,01_yolo26_main,2,2,10.8,20.14,30.49,1512.22,NVIDIA GeForce RTX 4060 Ti,53,117.11,98,8083.5,16380.0,
2026-09-03T18:27:35.764725+00:00,01_yolo26_main,2,2,11.4,20.04,30.49,1512.22,NVIDIA GeForce RTX 4060 Ti,53,116.06,94,8141.6,16380.0,
2026-09-03T18:27:45.832838+00:00,01_yolo26_main,2,2,11.6,20.1,30.49,1512.22,NVIDIA GeForce RTX 4060 Ti,53,117.16,92,8124.5,16380.0,
2026-09-03T18:27:55.860835+00:00,01_yolo26_main,2,2,11.8,20.13,30.49,1512.22,NVIDIA GeForce RTX 4060 Ti,52,117.99,87,8136.2,16380.0,
2026-09-03T18:28:05.923478+00:00,01_yolo26_main,2,2,13.3,20.24,30.49,1512.22,NVIDIA GeForce RTX 4060 Ti,52,114.78,92,8142.1,16380.0,
2026-09-03T18:28:15.989099+00:00,01_yolo26_main,2,2,12.0,20.13,30.49,1512.22,NVIDIA GeForce RTX 4060 Ti,54,120.73,93,8132.6,16380.0,
2026-09-03T18:28:26.055830+00:00,01_yolo26_main,2,2,9.9,20.15,30.49,1512.22,NVIDIA GeForce RTX 4060 Ti,53,116.95,92,8130.4,16380.0,
2026-09-03T18:28:36.122828+00:00,01_yolo26_main,2,2,13.7,20.16,30.49,1512.22,NVIDIA GeForce RTX 4060 Ti,53,117.62,87,8128.7,16380.0,
2026-09-03T18:28:46.168821+00:00,01_yolo26_main,2,2,13.6,20.18,30.49,1512.22,NVIDIA GeForce RTX 4060 Ti,52,118.45,81,8156.3,16380.0,
2026-09-03T18:28:56.225772+00:00,01_yolo26_main,2,2,13.7,20.11,30.49,1512.22,NVIDIA GeForce RTX 4060 Ti,53,114.15,97,8135.4,16380.0,
2026-09-03T18:29:06.293845+00:00,01_yolo26_main,2,2,10.6,20.08,30.49,1512.22,NVIDIA GeForce RTX 4060 Ti,50,114.7,91,8133.2,16380.0,
2026-09-03T18:29:16.311412+00:00,01_yolo26_main,2,2,11.1,20.08,30.49,1512.22,NVIDIA GeForce RTX 4060 Ti,52,115.43,92,8136.3,16380.0,
2026-09-03T18:29:26.375843+00:00,01_yolo26_main,2,2,10.6,20.13,30.49,1512.22,NVIDIA GeForce RTX 4060 Ti,53,116.51,94,8137.6,16380.0,
2026-09-03T18:29:36.441845+00:00,01_yolo26_main,2,2,10.6,20.13,30.49,1512.22,NVIDIA GeForce RTX 4060 Ti,50,116.15,91,8134.9,16380.0,
2026-09-03T18:29:46.510494+00:00,01_yolo26_main,2,2,10.8,20.07,30.49,1512.22,NVIDIA GeForce RTX 4060 Ti,53,112.91,93,8125.5,16380.0,
2026-09-03T18:29:56.576700+00:00,01_yolo26_main,2,2,10.4,20.11,30.49,1512.22,NVIDIA GeForce RTX 4060 Ti,53,116.18,93,8128.8,16380.0,
2026-09-03T18:30:06.643799+00:00,01_yolo26_main,2,2,10.7,20.12,30.49,1512.22,NVIDIA GeForce RTX 4060 Ti,52,115.25,93,8125.5,16380.0,
2026-09-03T18:30:16.710370+00:00,01_yolo26_main,2,2,11.3,20.15,30.49,1512.22,NVIDIA GeForce RTX 4060 Ti,52,114.59,92,8140.1,16380.0,
2026-09-03T18:30:26.774653+00:00,01_yolo26_main,2,2,11.9,20.14,30.49,1512.22,NVIDIA GeForce RTX 4060 Ti,52,114.38,92,8162.1,16380.0,
2026-09-03T18:30:36.841821+00:00,01_yolo26_main,2,2,19.4,20.19,30.49,1512.22,NVIDIA GeForce RTX 4060 Ti,52,117.36,94,8137.7,16380.0,
2026-09-03T18:30:46.878848+00:00,01_yolo26_main,2,2,15.1,20.21,30.49,1512.22,NVIDIA GeForce RTX 4060 Ti,52,114.87,93,8131.4,16380.0,
2026-09-03T18:30:56.944087+00:00,01_yolo26_main,2,2,11.0,20.22,30.49,1512.22,NVIDIA GeForce RTX 4060 Ti,54,119.05,87,8129.6,16380.0,
2026-09-03T18:31:07.011879+00:00,01_yolo26_main,2,2,13.7,20.43,30.49,1512.22,NVIDIA GeForce RTX 4060 Ti,51,111.51,96,8147.5,16380.0,
2026-09-03T18:31:17.077836+00:00,01_yolo26_main,2,2,20.2,20.3,30.49,1512.22,NVIDIA GeForce RTX 4060 Ti,53,113.03,97,8098.4,16380.0,
2026-09-03T18:31:27.117949+00:00,01_yolo26_main,2,2,14.4,20.25,30.49,1512.22,NVIDIA GeForce RTX 4060 Ti,53,115.6,88,8096.5,16380.0,
2026-09-03T18:31:37.185153+00:00,01_yolo26_main,2,2,14.8,20.19,30.49,1512.22,NVIDIA GeForce RTX 4060 Ti,51,114.91,93,8100.9,16380.0,
2026-09-03T18:31:47.217273+00:00,01_yolo26_main,2,2,12.4,20.23,30.49,1512.22,NVIDIA GeForce RTX 4060 Ti,53,118.55,89,8111.3,16380.0,
2026-09-03T18:31:57.260814+00:00,01_yolo26_main,2,2,11.6,20.28,30.49,1512.22,NVIDIA GeForce RTX 4060 Ti,51,115.66,93,8102.3,16380.0,
2026-09-03T18:32:07.283292+00:00,01_yolo26_main,2,2,10.4,20.34,30.49,1512.22,NVIDIA GeForce RTX 4060 Ti,52,117.35,97,8103.8,16380.0,
2026-09-03T18:32:17.302097+00:00,01_yolo26_main,2,2,13.1,20.32,30.49,1512.22,NVIDIA GeForce RTX 4060 Ti,53,116.35,94,8103.7,16380.0,
2026-09-03T18:32:27.367825+00:00,01_yolo26_main,2,2,10.7,20.32,30.49,1512.22,NVIDIA GeForce RTX 4060 Ti,53,118.22,86,8103.7,16380.0,
2026-09-03T18:32:37.402909+00:00,01_yolo26_main,2,2,11.2,20.32,30.49,1512.22,NVIDIA GeForce RTX 4060 Ti,53,116.75,95,8103.8,16380.0,
2026-09-03T18:32:47.432249+00:00,01_yolo26_main,2,2,11.2,20.29,30.49,1512.22,NVIDIA GeForce RTX 4060 Ti,53,110.4,84,8105.1,16380.0,
2026-09-03T18:32:57.488839+00:00,01_yolo26_main,2,2,10.5,20.3,30.49,1512.22,NVIDIA GeForce RTX 4060 Ti,52,119.96,93,8104.1,16380.0,
2026-09-03T18:33:07.538674+00:00,01_yolo26_main,2,2,9.8,20.3,30.49,1512.22,NVIDIA GeForce RTX 4060 Ti,53,119.59,90,8097.0,16380.0,
2026-09-03T18:33:17.598941+00:00,01_yolo26_main,2,2,9.7,20.28,30.49,1512.22,NVIDIA GeForce RTX 4060 Ti,49,76.65,23,8096.8,16380.0,
2026-09-03T18:33:27.629513+00:00,01_yolo26_main,2,2,9.9,20.29,30.49,1512.22,NVIDIA GeForce RTX 4060 Ti,54,120.11,90,8096.8,16380.0,
2026-09-03T18:33:37.650791+00:00,01_yolo26_main,2,2,11.1,20.26,30.49,1512.22,NVIDIA GeForce RTX 4060 Ti,53,118.81,93,8096.8,16380.0,
2026-09-03T18:33:47.717880+00:00,01_yolo26_main,2,2,9.4,20.26,30.49,1512.22,NVIDIA GeForce RTX 4060 Ti,51,119.15,93,8096.8,16380.0,
2026-09-03T18:33:57.756365+00:00,01_yolo26_main,2,2,10.0,20.28,30.49,1512.22,NVIDIA GeForce RTX 4060 Ti,53,118.54,92,8096.8,16380.0,
2026-09-03T18:34:07.819560+00:00,01_yolo26_main,2,2,9.6,20.25,30.49,1512.22,NVIDIA GeForce RTX 4060 Ti,50,118.95,87,8096.8,16380.0,
2026-09-03T18:34:17.857404+00:00,01_yolo26_main,2,2,9.6,20.26,30.49,1512.22,NVIDIA GeForce RTX 4060 Ti,53,119.13,88,8096.8,16380.0,
2026-09-03T18:34:27.923856+00:00,01_yolo26_main,2,2,9.9,20.28,30.49,1512.22,NVIDIA GeForce RTX 4060 Ti,51,120.34,86,8096.8,16380.0,
2026-09-03T18:34:37.991517+00:00,01_yolo26_main,2,2,10.3,20.34,30.49,1512.22,NVIDIA GeForce RTX 4060 Ti,54,118.21,91,8096.8,16380.0,
2026-09-03T18:34:48.049962+00:00,01_yolo26_main,2,2,11.4,20.31,30.49,1512.22,NVIDIA GeForce RTX 4060 Ti,53,115.54,92,8116.1,16380.0,
2026-09-03T18:34:58.068906+00:00,01_yolo26_main,2,2,11.9,20.31,30.49,1512.22,NVIDIA GeForce RTX 4060 Ti,45,57.57,56,8092.4,16380.0,
2026-09-03T18:35:08.135828+00:00,01_yolo26_main,2,2,10.4,20.3,30.49,1512.22,NVIDIA GeForce RTX 4060 Ti,52,117.76,87,8092.9,16380.0,
2026-09-03T18:35:18.201821+00:00,01_yolo26_main,2,2,10.2,20.28,30.49,1512.22,NVIDIA GeForce RTX 4060 Ti,52,116.53,89,8092.9,16380.0,
2026-09-03T18:35:28.244267+00:00,01_yolo26_main,2,2,10.5,20.27,30.49,1512.22,NVIDIA GeForce RTX 4060 Ti,53,116.52,90,8092.8,16380.0,
2026-09-03T18:35:38.312824+00:00,01_yolo26_main,2,2,10.3,20.27,30.49,1512.22,NVIDIA GeForce RTX 4060 Ti,54,119.41,93,8094.7,16380.0,
2026-09-03T18:35:48.336073+00:00,01_yolo26_main,2,2,10.7,20.26,30.49,1512.22,NVIDIA GeForce RTX 4060 Ti,53,117.83,93,8123.1,16380.0,
2026-09-03T18:35:58.401856+00:00,01_yolo26_main,2,2,11.3,20.31,30.49,1512.22,NVIDIA GeForce RTX 4060 Ti,52,115.26,93,8111.2,16380.0,
2026-09-03T18:36:08.467846+00:00,01_yolo26_main,2,2,12.3,20.31,30.49,1512.22,NVIDIA GeForce RTX 4060 Ti,50,116.45,93,8157.9,16380.0,
2026-09-03T18:36:18.530047+00:00,01_yolo26_main,2,2,11.1,20.31,30.49,1512.22,NVIDIA GeForce RTX 4060 Ti,52,117.61,93,8122.7,16380.0,
2026-09-03T18:36:28.596825+00:00,01_yolo26_main,2,2,10.1,20.29,30.49,1512.22,NVIDIA GeForce RTX 4060 Ti,53,118.96,91,8093.6,16380.0,
2026-09-03T18:36:38.664342+00:00,01_yolo26_main,2,2,10.3,20.48,30.49,1512.22,NVIDIA GeForce RTX 4060 Ti,45,79.85,61,8093.6,16380.0,
2026-09-03T18:36:48.720713+00:00,01_yolo26_main,2,2,9.9,20.28,30.49,1512.22,NVIDIA GeForce RTX 4060 Ti,52,119.12,94,8093.6,16380.0,
2026-09-03T18:36:58.776026+00:00,01_yolo26_main,2,2,9.8,20.28,30.49,1512.22,NVIDIA GeForce RTX 4060 Ti,54,119.44,94,8093.6,16380.0,
2026-09-03T18:37:08.843822+00:00,01_yolo26_main,2,2,9.7,20.28,30.49,1512.22,NVIDIA GeForce RTX 4060 Ti,53,118.94,93,8093.6,16380.0,
2026-09-03T18:37:18.911827+00:00,01_yolo26_main,2,2,9.9,20.29,30.49,1512.22,NVIDIA GeForce RTX 4060 Ti,54,118.76,92,8093.6,16380.0,
2026-09-03T18:37:28.970000+00:00,01_yolo26_main,2,2,9.8,20.34,30.49,1512.22,NVIDIA GeForce RTX 4060 Ti,52,120.09,89,8093.6,16380.0,
2026-09-03T18:37:39.034908+00:00,01_yolo26_main,2,2,10.1,20.35,30.49,1512.22,NVIDIA GeForce RTX 4060 Ti,53,118.52,89,8095.4,16380.0,
2026-09-03T18:37:49.101897+00:00,01_yolo26_main,2,2,10.3,20.37,30.49,1512.23,NVIDIA GeForce RTX 4060 Ti,53,100.65,92,8095.3,16380.0,
2026-09-03T18:37:59.165318+00:00,01_yolo26_main,2,2,10.3,20.32,30.49,1512.23,NVIDIA GeForce RTX 4060 Ti,53,119.33,92,8095.3,16380.0,
2026-09-03T18:38:09.214769+00:00,01_yolo26_main,2,2,10.0,20.34,30.49,1512.22,NVIDIA GeForce RTX 4060 Ti,54,118.97,93,8094.4,16380.0,
2026-09-03T18:38:19.281850+00:00,01_yolo26_main,2,2,9.6,20.31,30.49,1512.23,NVIDIA GeForce RTX 4060 Ti,52,96.23,93,8094.2,16380.0,
2026-09-03T18:38:29.347843+00:00,01_yolo26_main,2,2,9.9,20.3,30.49,1512.22,NVIDIA GeForce RTX 4060 Ti,54,119.15,94,8094.2,16380.0,
2026-09-03T18:38:39.414829+00:00,01_yolo26_main,2,2,9.7,20.3,30.49,1512.23,NVIDIA GeForce RTX 4060 Ti,53,118.37,93,8094.2,16380.0,
2026-09-03T18:38:49.466313+00:00,01_yolo26_main,2,2,10.0,20.33,30.49,1512.22,NVIDIA GeForce RTX 4060 Ti,50,115.94,92,8094.4,16380.0,
2026-09-03T18:38:59.537824+00:00,01_yolo26_main,2,2,10.3,20.34,30.49,1512.22,NVIDIA GeForce RTX 4060 Ti,53,117.78,90,8094.4,16380.0,
2026-09-03T18:39:09.603825+00:00,01_yolo26_main,2,2,9.6,20.34,30.49,1512.23,NVIDIA GeForce RTX 4060 Ti,51,118.26,88,8094.2,16380.0,
2026-09-03T18:39:19.670836+00:00,01_yolo26_main,2,2,10.0,20.36,30.49,1512.23,NVIDIA GeForce RTX 4060 Ti,54,118.19,83,8101.1,16380.0,
2026-09-03T18:39:29.711075+00:00,01_yolo26_main,2,2,9.8,20.34,30.49,1512.22,NVIDIA GeForce RTX 4060 Ti,46,55.4,5,8094.1,16380.0,
2026-09-03T18:39:39.776871+00:00,01_yolo26_main,2,2,10.7,20.34,30.49,1512.22,NVIDIA GeForce RTX 4060 Ti,53,119.23,93,8094.1,16380.0,
2026-09-03T18:39:49.840041+00:00,01_yolo26_main,2,2,10.3,20.32,30.49,1512.22,NVIDIA GeForce RTX 4060 Ti,52,119.19,93,8093.6,16380.0,
2026-09-03T18:39:59.908382+00:00,01_yolo26_main,2,2,10.1,20.34,30.49,1512.22,NVIDIA GeForce RTX 4060 Ti,52,120.49,92,8093.6,16380.0,
2026-09-03T18:40:09.973066+00:00,01_yolo26_main,2,2,10.1,20.34,30.49,1512.22,NVIDIA GeForce RTX 4060 Ti,54,120.69,90,8093.6,16380.0,
2026-09-03T18:40:20.040826+00:00,01_yolo26_main,2,2,9.8,20.33,30.49,1512.22,NVIDIA GeForce RTX 4060 Ti,51,117.89,93,8093.6,16380.0,
2026-09-03T18:40:30.107830+00:00,01_yolo26_main,2,2,9.7,20.36,30.49,1512.22,NVIDIA GeForce RTX 4060 Ti,52,117.65,87,8093.6,16380.0,
2026-09-03T18:40:40.173837+00:00,01_yolo26_main,2,2,10.3,20.34,30.49,1512.22,NVIDIA GeForce RTX 4060 Ti,45,98.16,4,8093.6,16380.0,
2026-09-03T18:40:50.236829+00:00,01_yolo26_main,2,2,10.3,20.34,30.49,1512.22,NVIDIA GeForce RTX 4060 Ti,52,118.88,94,8093.6,16380.0,
2026-09-03T18:41:00.302827+00:00,01_yolo26_main,2,2,10.5,20.33,30.49,1512.22,NVIDIA GeForce RTX 4060 Ti,53,119.32,87,8093.6,16380.0,
2026-09-03T18:41:10.355410+00:00,01_yolo26_main,2,2,9.6,20.34,30.49,1512.22,NVIDIA GeForce RTX 4060 Ti,53,118.8,92,8093.6,16380.0,
2026-09-03T18:41:20.424094+00:00,01_yolo26_main,2,2,10.4,20.32,30.49,1512.22,NVIDIA GeForce RTX 4060 Ti,53,119.21,87,8094.2,16380.0,
2026-09-03T18:41:30.490636+00:00,01_yolo26_main,2,2,10.3,20.36,30.49,1512.22,NVIDIA GeForce RTX 4060 Ti,53,107.72,94,8112.4,16380.0,
2026-09-03T18:41:40.508811+00:00,01_yolo26_main,2,2,9.8,20.35,30.49,1512.22,NVIDIA GeForce RTX 4060 Ti,53,115.75,91,8103.7,16380.0,
2026-09-03T18:41:50.573592+00:00,01_yolo26_main,2,2,11.0,20.35,30.49,1512.22,NVIDIA GeForce RTX 4060 Ti,51,116.8,94,8122.2,16380.0,
2026-09-03T18:42:00.640539+00:00,01_yolo26_main,2,2,11.6,20.4,30.49,1512.22,NVIDIA GeForce RTX 4060 Ti,51,117.65,92,8118.4,16380.0,
2026-09-03T18:42:10.706844+00:00,01_yolo26_main,2,2,10.5,20.32,30.49,1512.22,NVIDIA GeForce RTX 4060 Ti,53,117.76,92,8103.7,16380.0,
2026-09-03T18:42:20.774572+00:00,01_yolo26_main,2,2,11.6,20.5,30.49,1512.22,NVIDIA GeForce RTX 4060 Ti,46,97.53,83,8117.6,16380.0,
2026-09-03T18:42:30.838915+00:00,01_yolo26_main,2,2,11.8,20.62,30.49,1512.22,NVIDIA GeForce RTX 4060 Ti,53,114.79,82,8145.6,16380.0,
2026-09-03T18:42:40.906899+00:00,01_yolo26_main,2,2,11.8,20.44,30.49,1512.22,NVIDIA GeForce RTX 4060 Ti,53,115.42,93,8117.1,16380.0,
2026-09-03T18:42:50.931491+00:00,01_yolo26_main,2,2,12.2,20.38,30.49,1512.22,NVIDIA GeForce RTX 4060 Ti,44,56.06,0,8135.3,16380.0,
2026-09-03T18:43:00.959343+00:00,01_yolo26_main,2,2,11.0,20.32,30.49,1512.22,NVIDIA GeForce RTX 4060 Ti,53,118.95,93,8111.5,16380.0,
2026-09-03T18:43:10.983594+00:00,01_yolo26_main,2,2,10.5,20.32,30.49,1512.22,NVIDIA GeForce RTX 4060 Ti,52,118.87,93,8122.7,16380.0,
2026-09-03T18:43:21.029765+00:00,01_yolo26_main,2,2,10.7,20.3,30.49,1512.22,NVIDIA GeForce RTX 4060 Ti,52,117.27,89,8075.3,16380.0,
2026-09-03T18:43:31.096239+00:00,01_yolo26_main,2,2,11.1,20.34,30.49,1512.22,NVIDIA GeForce RTX 4060 Ti,53,116.03,83,8129.3,16380.0,
2026-09-03T18:43:41.162840+00:00,01_yolo26_main,2,2,11.2,20.34,30.49,1512.22,NVIDIA GeForce RTX 4060 Ti,52,116.91,94,8130.1,16380.0,
2026-09-03T18:43:51.230567+00:00,01_yolo26_main,2,2,12.9,20.35,30.49,1512.22,NVIDIA GeForce RTX 4060 Ti,53,116.92,92,8129.0,16380.0,
2026-09-03T18:44:01.302838+00:00,01_yolo26_main,2,2,11.5,20.33,30.49,1512.22,NVIDIA GeForce RTX 4060 Ti,54,118.61,92,8127.6,16380.0,
2026-09-03T18:44:11.370829+00:00,01_yolo26_main,2,2,10.7,20.29,30.49,1512.22,NVIDIA GeForce RTX 4060 Ti,53,116.94,93,8143.6,16380.0,
2026-09-03T18:44:21.437857+00:00,01_yolo26_main,2,2,10.8,20.29,30.49,1512.22,NVIDIA GeForce RTX 4060 Ti,52,119.11,88,8126.6,16380.0,
2026-09-03T18:44:31.503855+00:00,01_yolo26_main,2,2,11.7,20.51,30.49,1512.22,NVIDIA GeForce RTX 4060 Ti,48,93.11,61,8129.9,16380.0,
2026-09-03T18:44:41.567840+00:00,01_yolo26_main,2,2,10.9,20.38,30.49,1512.22,NVIDIA GeForce RTX 4060 Ti,52,119.81,93,8141.0,16380.0,
2026-09-03T18:44:51.585839+00:00,01_yolo26_main,2,2,11.2,20.37,30.49,1512.22,NVIDIA GeForce RTX 4060 Ti,53,117.55,86,8134.8,16380.0,
2026-09-03T18:45:01.651828+00:00,01_yolo26_main,2,2,11.6,20.37,30.49,1512.22,NVIDIA GeForce RTX 4060 Ti,52,94.47,93,8116.8,16380.0,
2026-09-03T18:45:11.718832+00:00,01_yolo26_main,2,2,12.9,20.37,30.49,1512.18,NVIDIA GeForce RTX 4060 Ti,53,116.9,86,8145.2,16380.0,
2026-09-03T18:45:21.787122+00:00,01_yolo26_main,2,2,12.0,20.36,30.49,1512.18,NVIDIA GeForce RTX 4060 Ti,52,117.11,93,8116.2,16380.0,
2026-09-03T18:45:31.853818+00:00,01_yolo26_main,2,2,12.1,20.41,30.49,1512.22,NVIDIA GeForce RTX 4060 Ti,53,117.24,93,8137.7,16380.0,
2026-09-03T18:45:41.905874+00:00,01_yolo26_main,2,2,12.7,20.42,30.49,1512.22,NVIDIA GeForce RTX 4060 Ti,53,116.34,91,8132.8,16380.0,
2026-09-03T18:45:51.976835+00:00,01_yolo26_main,2,2,12.9,20.43,30.49,1512.22,NVIDIA GeForce RTX 4060 Ti,52,116.11,92,8129.9,16380.0,
2026-09-03T18:46:02.044825+00:00,01_yolo26_main,2,2,12.0,20.42,30.49,1512.22,NVIDIA GeForce RTX 4060 Ti,53,115.98,96,8141.2,16380.0,
2026-09-03T18:46:12.101835+00:00,01_yolo26_main,2,2,11.6,20.41,30.49,1512.22,NVIDIA GeForce RTX 4060 Ti,53,117.51,90,8151.1,16380.0,
2026-09-03T18:46:22.168852+00:00,01_yolo26_main,2,2,11.7,20.41,30.49,1512.22,NVIDIA GeForce RTX 4060 Ti,51,116.38,92,8127.1,16380.0,
2026-09-03T18:46:32.236821+00:00,01_yolo26_main,2,2,11.6,20.41,30.49,1512.22,NVIDIA GeForce RTX 4060 Ti,53,116.53,92,8141.4,16380.0,
2026-09-03T18:46:42.303825+00:00,01_yolo26_main,2,2,11.5,20.38,30.49,1512.22,NVIDIA GeForce RTX 4060 Ti,54,116.66,85,8133.0,16380.0,
2026-09-03T18:46:52.370823+00:00,01_yolo26_main,2,2,10.7,20.36,30.49,1512.22,NVIDIA GeForce RTX 4060 Ti,53,117.89,93,8122.9,16380.0,
2026-09-03T18:47:02.416962+00:00,01_yolo26_main,2,2,10.6,20.34,30.49,1512.22,NVIDIA GeForce RTX 4060 Ti,51,119.32,93,8122.9,16380.0,
2026-09-03T18:47:12.480859+00:00,01_yolo26_main,2,2,10.3,20.36,30.49,1512.22,NVIDIA GeForce RTX 4060 Ti,44,65.5,0,8124.8,16380.0,
2026-09-03T18:47:22.547848+00:00,01_yolo26_main,2,2,10.7,20.35,30.49,1512.22,NVIDIA GeForce RTX 4060 Ti,53,117.34,90,8124.4,16380.0,
2026-09-03T18:47:32.611825+00:00,01_yolo26_main,2,2,10.3,20.34,30.49,1512.22,NVIDIA GeForce RTX 4060 Ti,53,119.2,85,8123.1,16380.0,
2026-09-03T18:47:42.678831+00:00,01_yolo26_main,2,2,10.9,20.37,30.49,1512.22,NVIDIA GeForce RTX 4060 Ti,53,119.16,88,8132.5,16380.0,
2026-09-03T18:47:52.745151+00:00,01_yolo26_main,2,2,10.6,20.39,30.49,1512.22,NVIDIA GeForce RTX 4060 Ti,53,118.98,92,8124.7,16380.0,
2026-09-03T18:48:02.811554+00:00,01_yolo26_main,2,2,10.5,20.36,30.49,1512.22,NVIDIA GeForce RTX 4060 Ti,52,118.9,93,8125.9,16380.0,
2026-09-03T18:48:12.877423+00:00,01_yolo26_main,2,2,11.0,20.4,30.49,1512.22,NVIDIA GeForce RTX 4060 Ti,53,118.16,93,8127.2,16380.0,
2026-09-03T18:48:22.943865+00:00,01_yolo26_main,2,2,10.9,20.38,30.49,1512.22,NVIDIA GeForce RTX 4060 Ti,53,117.16,93,8125.2,16380.0,
2026-09-03T18:48:33.003245+00:00,01_yolo26_main,2,2,11.5,20.4,30.49,1512.22,NVIDIA GeForce RTX 4060 Ti,52,119.23,93,8128.7,16380.0,
2026-09-03T18:48:43.069835+00:00,01_yolo26_main,2,2,12.3,20.47,30.49,1512.22,NVIDIA GeForce RTX 4060 Ti,51,114.89,94,8130.6,16380.0,
2026-09-03T18:48:53.141847+00:00,01_yolo26_main,2,2,10.8,20.47,30.49,1512.22,NVIDIA GeForce RTX 4060 Ti,45,58.09,59,8124.8,16380.0,
2026-09-03T18:49:03.208898+00:00,01_yolo26_main,2,2,11.2,20.48,30.49,1512.22,NVIDIA GeForce RTX 4060 Ti,52,119.08,93,8142.8,16380.0,
2026-09-03T18:49:13.275828+00:00,01_yolo26_main,2,2,11.2,20.45,30.49,1512.22,NVIDIA GeForce RTX 4060 Ti,52,116.89,93,8154.4,16380.0,
2026-09-03T18:49:23.342831+00:00,01_yolo26_main,2,2,10.4,20.44,30.49,1512.22,NVIDIA GeForce RTX 4060 Ti,53,118.94,95,8144.0,16380.0,
2026-09-03T18:49:33.410838+00:00,01_yolo26_main,2,2,10.6,20.37,30.49,1512.22,NVIDIA GeForce RTX 4060 Ti,52,118.36,94,8155.1,16380.0,
2026-09-03T18:49:43.445869+00:00,01_yolo26_main,2,2,10.9,20.41,30.49,1512.22,NVIDIA GeForce RTX 4060 Ti,51,117.92,94,8152.1,16380.0,
2026-09-03T18:49:53.509830+00:00,01_yolo26_main,2,2,11.6,20.4,30.49,1512.22,NVIDIA GeForce RTX 4060 Ti,53,117.67,90,8141.3,16380.0,
2026-09-03T18:50:03.537349+00:00,01_yolo26_main,2,2,11.2,20.39,30.49,1512.22,NVIDIA GeForce RTX 4060 Ti,54,118.89,89,8140.7,16380.0,
2026-09-03T18:50:13.598348+00:00,01_yolo26_main,2,2,11.6,20.42,30.49,1512.22,NVIDIA GeForce RTX 4060 Ti,53,117.96,89,8160.0,16380.0,
2026-09-03T18:50:23.664823+00:00,01_yolo26_main,2,2,11.4,20.45,30.49,1512.22,NVIDIA GeForce RTX 4060 Ti,52,118.85,94,8141.2,16380.0,
2026-09-03T18:50:33.730831+00:00,01_yolo26_main,2,2,11.1,20.44,30.49,1512.22,NVIDIA GeForce RTX 4060 Ti,44,57.65,12,8154.6,16380.0,
2026-09-03T18:50:43.794835+00:00,01_yolo26_main,2,2,10.8,20.44,30.49,1512.22,NVIDIA GeForce RTX 4060 Ti,53,118.16,92,8144.2,16380.0,
2026-09-03T18:50:53.814662+00:00,01_yolo26_main,2,2,11.5,20.44,30.49,1512.22,NVIDIA GeForce RTX 4060 Ti,53,116.36,86,8152.9,16380.0,
2026-09-03T18:51:03.836976+00:00,01_yolo26_main,2,2,11.6,20.44,30.49,1512.22,NVIDIA GeForce RTX 4060 Ti,50,95.05,88,8173.4,16380.0,
2026-09-03T18:51:13.903889+00:00,01_yolo26_main,2,2,11.8,20.44,30.49,1512.22,NVIDIA GeForce RTX 4060 Ti,52,117.81,92,8170.7,16380.0,
2026-09-03T18:51:23.945828+00:00,01_yolo26_main,2,2,11.9,20.46,30.49,1512.22,NVIDIA GeForce RTX 4060 Ti,53,118.57,89,8153.4,16380.0,
2026-09-03T18:51:33.965324+00:00,01_yolo26_main,2,2,11.2,20.45,30.49,1512.22,NVIDIA GeForce RTX 4060 Ti,53,118.63,92,8158.1,16380.0,
2026-09-03T18:51:44.032486+00:00,01_yolo26_main,2,2,10.6,20.44,30.49,1512.22,NVIDIA GeForce RTX 4060 Ti,53,119.67,87,8150.1,16380.0,
2026-09-03T18:51:54.099844+00:00,01_yolo26_main,2,2,10.7,20.37,30.49,1512.22,NVIDIA GeForce RTX 4060 Ti,51,119.69,93,8148.8,16380.0,
2026-09-03T18:52:04.162178+00:00,01_yolo26_main,2,2,10.5,20.41,30.49,1512.22,NVIDIA GeForce RTX 4060 Ti,51,117.87,92,8149.9,16380.0,
2026-09-03T18:52:14.225841+00:00,01_yolo26_main,2,2,11.5,20.43,30.49,1512.22,NVIDIA GeForce RTX 4060 Ti,51,110.7,79,8156.8,16380.0,
2026-09-03T18:52:24.263024+00:00,01_yolo26_main,2,2,11.3,20.44,30.49,1512.22,NVIDIA GeForce RTX 4060 Ti,53,117.33,92,8161.5,16380.0,
2026-09-03T18:52:34.284825+00:00,01_yolo26_main,2,2,16.3,20.41,30.49,1512.22,NVIDIA GeForce RTX 4060 Ti,54,119.09,94,8162.5,16380.0,
2026-09-03T18:52:44.348872+00:00,01_yolo26_main,2,2,19.0,20.4,30.49,1512.22,NVIDIA GeForce RTX 4060 Ti,53,84.91,91,8176.1,16380.0,
2026-09-03T18:52:54.416885+00:00,01_yolo26_main,2,2,19.3,20.43,30.49,1512.22,NVIDIA GeForce RTX 4060 Ti,52,115.21,86,8170.2,16380.0,
2026-09-03T18:53:04.436093+00:00,01_yolo26_main,2,2,11.1,20.41,30.49,1512.22,NVIDIA GeForce RTX 4060 Ti,53,114.27,94,8141.9,16380.0,
2026-09-03T18:53:14.500834+00:00,01_yolo26_main,2,2,10.3,20.4,30.49,1512.22,NVIDIA GeForce RTX 4060 Ti,53,116.22,93,8142.7,16380.0,
2026-09-03T18:53:24.527219+00:00,01_yolo26_main,2,2,10.6,20.41,30.49,1512.22,NVIDIA GeForce RTX 4060 Ti,53,118.75,89,8152.1,16380.0,
2026-09-03T18:53:34.592946+00:00,01_yolo26_main,2,2,10.6,20.44,30.49,1512.22,NVIDIA GeForce RTX 4060 Ti,51,117.15,92,8178.3,16380.0,
2026-09-03T18:53:44.659916+00:00,01_yolo26_main,2,2,11.6,20.43,30.49,1512.22,NVIDIA GeForce RTX 4060 Ti,52,117.56,85,8157.6,16380.0,
2026-09-03T18:53:54.723388+00:00,01_yolo26_main,2,2,11.7,20.41,30.49,1512.22,NVIDIA GeForce RTX 4060 Ti,53,118.58,93,8155.4,16380.0,
2026-09-03T18:54:04.778832+00:00,01_yolo26_main,2,2,10.7,20.44,30.49,1512.22,NVIDIA GeForce RTX 4060 Ti,50,116.52,88,8155.0,16380.0,
2026-09-03T18:54:14.845842+00:00,01_yolo26_main,2,2,11.2,20.42,30.49,1512.22,NVIDIA GeForce RTX 4060 Ti,52,115.52,90,8155.8,16380.0,
2026-09-03T18:54:24.913039+00:00,01_yolo26_main,2,2,12.1,20.64,30.49,1512.27,NVIDIA GeForce RTX 4060 Ti,45,78.03,84,8164.8,16380.0,
2026-09-03T18:54:34.977831+00:00,01_yolo26_main,2,2,13.0,20.44,30.49,1512.22,NVIDIA GeForce RTX 4060 Ti,53,118.45,92,8174.2,16380.0,
2026-09-03T18:54:45.043829+00:00,01_yolo26_main,2,2,10.7,20.45,30.49,1512.22,NVIDIA GeForce RTX 4060 Ti,54,117.14,93,8151.4,16380.0,
2026-09-03T18:54:55.110832+00:00,01_yolo26_main,2,2,10.8,20.41,30.49,1512.22,NVIDIA GeForce RTX 4060 Ti,53,115.42,94,8164.9,16380.0,
2026-09-03T18:55:05.176834+00:00,01_yolo26_main,2,2,11.5,20.4,30.49,1512.22,NVIDIA GeForce RTX 4060 Ti,51,117.02,93,8172.5,16380.0,
2026-09-03T18:55:15.202829+00:00,01_yolo26_main,2,2,10.6,20.47,30.49,1512.22,NVIDIA GeForce RTX 4060 Ti,53,117.58,94,8542.9,16380.0,
2026-09-03T18:55:25.228827+00:00,01_yolo26_main,2,2,11.2,20.45,30.49,1512.22,NVIDIA GeForce RTX 4060 Ti,53,116.19,88,8543.1,16380.0,
2026-09-03T18:55:35.254880+00:00,01_yolo26_main,2,2,11.6,20.45,30.49,1512.22,NVIDIA GeForce RTX 4060 Ti,51,119.88,93,8551.5,16380.0,
2026-09-03T18:55:45.281348+00:00,01_yolo26_main,2,2,11.1,20.4,30.49,1512.22,NVIDIA GeForce RTX 4060 Ti,51,118.6,93,8553.4,16380.0,
2026-09-03T18:55:55.348342+00:00,01_yolo26_main,2,2,11.5,20.43,30.49,1512.22,NVIDIA GeForce RTX 4060 Ti,51,117.12,93,8544.6,16380.0,
2026-09-03T18:56:05.414829+00:00,01_yolo26_main,2,2,11.0,20.41,30.49,1512.22,NVIDIA GeForce RTX 4060 Ti,54,117.47,91,8541.4,16380.0,
2026-09-03T18:56:15.480831+00:00,01_yolo26_main,2,2,10.4,20.43,30.49,1512.22,NVIDIA GeForce RTX 4060 Ti,54,118.58,93,8519.4,16380.0,
2026-09-03T18:56:25.547987+00:00,01_yolo26_main,2,2,10.4,20.46,30.49,1512.22,NVIDIA GeForce RTX 4060 Ti,53,117.62,89,8519.4,16380.0,
2026-09-03T18:56:35.591196+00:00,01_yolo26_main,2,2,12.1,20.67,30.49,1512.22,NVIDIA GeForce RTX 4060 Ti,51,103.96,84,8557.4,16380.0,
2026-09-03T18:56:45.615355+00:00,01_yolo26_main,2,2,11.8,20.62,30.49,1512.22,NVIDIA GeForce RTX 4060 Ti,52,119.38,93,8973.4,16380.0,
2026-09-03T18:56:55.650776+00:00,01_yolo26_main,2,2,10.8,20.63,30.49,1512.22,NVIDIA GeForce RTX 4060 Ti,49,117.06,98,8985.6,16380.0,
2026-09-03T18:57:05.693845+00:00,01_yolo26_main,2,2,10.5,20.61,30.49,1512.22,NVIDIA GeForce RTX 4060 Ti,49,84.44,22,8971.4,16380.0,
2026-09-03T18:57:15.748894+00:00,01_yolo26_main,2,2,10.6,20.56,30.49,1512.22,NVIDIA GeForce RTX 4060 Ti,54,119.23,90,8965.8,16380.0,
2026-09-03T18:57:25.814827+00:00,01_yolo26_main,2,2,10.3,20.56,30.49,1512.22,NVIDIA GeForce RTX 4060 Ti,53,117.26,86,8972.4,16380.0,
2026-09-03T18:57:35.881810+00:00,01_yolo26_main,2,2,10.1,20.53,30.49,1512.22,NVIDIA GeForce RTX 4060 Ti,53,119.24,91,8956.2,16380.0,
2026-09-03T18:57:45.910022+00:00,01_yolo26_main,2,2,10.8,20.47,30.49,1512.22,NVIDIA GeForce RTX 4060 Ti,53,118.55,93,8965.8,16380.0,
2026-09-03T18:57:55.976326+00:00,01_yolo26_main,3,3,11.2,16.84,30.49,1512.51,NVIDIA GeForce RTX 4060 Ti,42,38.99,0,1158.6,16380.0,
2026-09-03T18:58:06.011595+00:00,01_yolo26_main,3,3,14.1,20.08,30.49,1512.51,NVIDIA GeForce RTX 4060 Ti,49,115.63,89,4036.8,16380.0,
2026-09-03T18:58:16.030962+00:00,01_yolo26_main,3,3,12.2,20.17,30.49,1512.51,NVIDIA GeForce RTX 4060 Ti,52,116.24,93,4909.6,16380.0,
2026-09-03T18:58:26.047958+00:00,01_yolo26_main,3,3,11.9,19.63,30.49,1512.12,NVIDIA GeForce RTX 4060 Ti,52,118.77,89,6609.7,16380.0,
2026-09-03T18:58:36.074851+00:00,01_yolo26_main,3,3,11.1,19.72,30.49,1512.12,NVIDIA GeForce RTX 4060 Ti,52,118.44,93,6609.8,16380.0,
2026-09-03T18:58:46.100854+00:00,01_yolo26_main,3,3,11.6,19.83,30.49,1512.12,NVIDIA GeForce RTX 4060 Ti,52,116.97,94,6613.4,16380.0,
2026-09-03T18:58:56.128521+00:00,01_yolo26_main,3,3,11.6,19.78,30.49,1512.12,NVIDIA GeForce RTX 4060 Ti,53,120.12,92,6930.0,16380.0,
2026-09-03T18:59:06.197823+00:00,01_yolo26_main,3,3,9.9,19.9,30.49,1512.12,NVIDIA GeForce RTX 4060 Ti,50,119.38,88,7086.0,16380.0,
2026-09-03T18:59:16.264867+00:00,01_yolo26_main,3,3,10.6,20.03,30.49,1512.17,NVIDIA GeForce RTX 4060 Ti,44,60.61,0,7086.0,16380.0,
2026-09-03T18:59:26.327827+00:00,01_yolo26_main,3,3,10.2,19.84,30.49,1512.12,NVIDIA GeForce RTX 4060 Ti,53,118.58,89,7086.0,16380.0,
2026-09-03T18:59:36.395827+00:00,01_yolo26_main,3,3,9.9,19.89,30.49,1512.12,NVIDIA GeForce RTX 4060 Ti,53,119.55,90,7086.0,16380.0,
2026-09-03T18:59:46.434755+00:00,01_yolo26_main,3,3,11.1,19.91,30.49,1512.12,NVIDIA GeForce RTX 4060 Ti,49,54.73,20,7087.1,16380.0,
2026-09-03T18:59:56.500822+00:00,01_yolo26_main,3,3,12.2,19.96,30.49,1512.12,NVIDIA GeForce RTX 4060 Ti,53,117.04,93,7087.6,16380.0,
2026-09-03T19:00:06.530953+00:00,01_yolo26_main,3,3,10.0,19.94,30.49,1512.12,NVIDIA GeForce RTX 4060 Ti,53,120.08,90,7071.1,16380.0,
2026-09-03T19:00:16.561346+00:00,01_yolo26_main,3,3,10.0,19.9,30.49,1512.12,NVIDIA GeForce RTX 4060 Ti,53,115.99,93,7071.1,16380.0,
2026-09-03T19:00:26.628832+00:00,01_yolo26_main,3,3,10.5,19.8,30.49,1512.12,NVIDIA GeForce RTX 4060 Ti,53,115.75,92,7071.1,16380.0,
2026-09-03T19:00:36.694842+00:00,01_yolo26_main,3,3,9.8,19.86,30.49,1512.12,NVIDIA GeForce RTX 4060 Ti,53,118.35,86,7071.1,16380.0,
2026-09-03T19:00:46.760859+00:00,01_yolo26_main,3,3,10.8,19.74,30.49,1512.12,NVIDIA GeForce RTX 4060 Ti,52,117.64,88,7345.1,16380.0,
2026-09-03T19:00:56.805266+00:00,01_yolo26_main,3,3,10.7,19.78,30.49,1512.12,NVIDIA GeForce RTX 4060 Ti,52,119.17,94,7115.2,16380.0,
2026-09-03T19:01:06.870452+00:00,01_yolo26_main,3,3,10.1,19.89,30.49,1512.12,NVIDIA GeForce RTX 4060 Ti,53,119.46,92,7165.4,16380.0,
2026-09-03T19:01:16.936105+00:00,01_yolo26_main,3,3,10.3,19.96,30.49,1512.12,NVIDIA GeForce RTX 4060 Ti,53,118.72,93,7157.4,16380.0,
2026-09-03T19:01:27.004837+00:00,01_yolo26_main,3,3,10.8,19.87,30.49,1512.12,NVIDIA GeForce RTX 4060 Ti,54,117.26,91,7170.3,16380.0,
2026-09-03T19:01:37.070822+00:00,01_yolo26_main,3,3,11.0,19.86,30.49,1512.12,NVIDIA GeForce RTX 4060 Ti,52,117.17,93,7168.4,16380.0,
2026-09-03T19:01:47.122543+00:00,01_yolo26_main,3,3,10.4,19.84,30.49,1512.12,NVIDIA GeForce RTX 4060 Ti,52,118.15,88,7168.4,16380.0,
2026-09-03T19:01:57.183916+00:00,01_yolo26_main,3,3,10.4,19.89,30.49,1512.12,NVIDIA GeForce RTX 4060 Ti,52,98.92,94,7163.8,16380.0,
2026-09-03T19:02:07.235514+00:00,01_yolo26_main,3,3,10.5,19.8,30.49,1512.12,NVIDIA GeForce RTX 4060 Ti,53,117.9,92,7369.6,16380.0,
2026-09-03T19:02:17.304356+00:00,01_yolo26_main,3,3,10.5,18.91,30.49,1512.12,NVIDIA GeForce RTX 4060 Ti,53,115.17,94,7317.6,16380.0,
2026-09-03T19:02:27.369118+00:00,01_yolo26_main,3,3,10.3,18.86,30.49,1512.12,NVIDIA GeForce RTX 4060 Ti,50,67.2,93,7337.5,16380.0,
2026-09-03T19:02:37.423163+00:00,01_yolo26_main,3,3,10.6,18.93,30.49,1512.12,NVIDIA GeForce RTX 4060 Ti,53,116.79,93,7329.6,16380.0,
2026-09-03T19:02:47.489229+00:00,01_yolo26_main,3,3,10.0,18.93,30.49,1512.12,NVIDIA GeForce RTX 4060 Ti,53,117.89,94,7329.6,16380.0,
2026-09-03T19:02:57.529125+00:00,01_yolo26_main,3,3,10.5,18.81,30.49,1512.12,NVIDIA GeForce RTX 4060 Ti,47,109.41,24,7402.4,16380.0,
2026-09-03T19:03:07.549839+00:00,01_yolo26_main,3,3,10.9,18.42,30.49,1512.12,NVIDIA GeForce RTX 4060 Ti,54,116.08,95,7396.4,16380.0,
2026-09-03T19:03:17.616863+00:00,01_yolo26_main,3,3,11.8,17.55,30.49,1512.12,NVIDIA GeForce RTX 4060 Ti,53,115.4,93,7260.9,16380.0,
2026-09-03T19:03:27.676502+00:00,01_yolo26_main,3,3,11.2,17.62,30.49,1512.12,NVIDIA GeForce RTX 4060 Ti,50,117.82,94,7217.9,16380.0,
2026-09-03T19:03:37.724322+00:00,01_yolo26_main,3,3,11.4,17.36,30.49,1512.12,NVIDIA GeForce RTX 4060 Ti,52,116.28,93,7260.1,16380.0,
2026-09-03T19:03:47.774757+00:00,01_yolo26_main,3,3,12.4,17.31,30.49,1512.31,NVIDIA GeForce RTX 4060 Ti,54,121.45,92,7252.4,16380.0,
2026-09-03T19:03:57.834876+00:00,01_yolo26_main,3,3,15.4,17.34,30.49,1512.0,NVIDIA GeForce RTX 4060 Ti,51,116.07,93,7262.2,16380.0,
2026-09-03T19:04:07.900818+00:00,01_yolo26_main,3,3,12.5,17.44,30.49,1511.9,NVIDIA GeForce RTX 4060 Ti,52,117.83,89,7267.6,16380.0,
2026-09-03T19:04:17.967815+00:00,01_yolo26_main,3,3,12.7,17.58,30.49,1511.9,NVIDIA GeForce RTX 4060 Ti,54,119.38,89,7266.3,16380.0,
2026-09-03T19:04:28.034896+00:00,01_yolo26_main,3,3,16.2,18.16,30.49,1511.85,NVIDIA GeForce RTX 4060 Ti,51,114.83,93,7240.9,16380.0,
2026-09-03T19:04:38.103111+00:00,01_yolo26_main,3,3,17.8,18.3,30.49,1511.85,NVIDIA GeForce RTX 4060 Ti,50,115.8,92,7224.3,16380.0,
2026-09-03T19:04:48.167024+00:00,01_yolo26_main,3,3,14.8,18.35,30.49,1511.85,NVIDIA GeForce RTX 4060 Ti,50,113.79,91,7218.7,16380.0,
2026-09-03T19:04:58.233853+00:00,01_yolo26_main,3,3,14.1,17.8,30.49,1511.85,NVIDIA GeForce RTX 4060 Ti,54,120.19,91,7211.2,16380.0,
2026-09-03T19:05:08.299861+00:00,01_yolo26_main,3,3,14.4,17.9,30.49,1511.85,NVIDIA GeForce RTX 4060 Ti,52,117.93,92,7526.2,16380.0,
2026-09-03T19:05:18.365314+00:00,01_yolo26_main,3,3,11.3,17.08,30.49,1511.85,NVIDIA GeForce RTX 4060 Ti,54,118.47,90,7526.1,16380.0,
2026-09-03T19:05:28.436825+00:00,01_yolo26_main,3,3,9.6,17.27,30.49,1511.85,NVIDIA GeForce RTX 4060 Ti,53,118.82,92,7526.1,16380.0,
2026-09-03T19:05:38.503818+00:00,01_yolo26_main,3,3,10.0,17.22,30.49,1511.85,NVIDIA GeForce RTX 4060 Ti,52,112.32,81,7526.1,16380.0,
2026-09-03T19:05:48.566842+00:00,01_yolo26_main,3,3,9.8,17.25,30.49,1511.85,NVIDIA GeForce RTX 4060 Ti,54,118.61,93,7526.1,16380.0,
2026-09-03T19:05:58.584920+00:00,01_yolo26_main,3,3,9.9,17.27,30.49,1511.85,NVIDIA GeForce RTX 4060 Ti,52,117.14,96,7527.4,16380.0,
2026-09-03T19:06:08.620242+00:00,01_yolo26_main,3,3,9.8,17.38,30.49,1511.85,NVIDIA GeForce RTX 4060 Ti,45,66.11,10,7529.4,16380.0,
2026-09-03T19:06:18.677595+00:00,01_yolo26_main,3,3,10.2,17.26,30.49,1511.85,NVIDIA GeForce RTX 4060 Ti,51,120.42,89,7524.4,16380.0,
2026-09-03T19:06:28.745827+00:00,01_yolo26_main,3,3,9.7,17.32,30.49,1511.85,NVIDIA GeForce RTX 4060 Ti,53,119.03,87,7524.4,16380.0,
2026-09-03T19:06:38.809820+00:00,01_yolo26_main,3,3,9.8,17.35,30.49,1511.85,NVIDIA GeForce RTX 4060 Ti,53,101.98,86,7524.4,16380.0,
2026-09-03T19:06:48.877832+00:00,01_yolo26_main,3,3,10.3,17.23,30.49,1511.85,NVIDIA GeForce RTX 4060 Ti,53,119.47,87,7524.4,16380.0,
2026-09-03T19:06:58.925383+00:00,01_yolo26_main,3,3,9.8,17.19,30.49,1511.85,NVIDIA GeForce RTX 4060 Ti,53,118.75,88,7510.2,16380.0,
2026-09-03T19:07:08.944116+00:00,01_yolo26_main,3,3,9.7,17.36,30.49,1511.85,NVIDIA GeForce RTX 4060 Ti,53,119.12,91,7510.2,16380.0,
2026-09-03T19:07:18.997892+00:00,01_yolo26_main,3,3,10.7,17.22,30.49,1511.85,NVIDIA GeForce RTX 4060 Ti,53,116.33,93,7513.9,16380.0,
2026-09-03T19:07:29.063831+00:00,01_yolo26_main,3,3,10.8,17.2,30.49,1511.85,NVIDIA GeForce RTX 4060 Ti,53,117.72,93,7527.1,16380.0,
2026-09-03T19:07:39.130839+00:00,01_yolo26_main,3,3,11.0,17.32,30.49,1511.85,NVIDIA GeForce RTX 4060 Ti,50,115.68,93,7566.2,16380.0,
2026-09-03T19:07:49.153733+00:00,01_yolo26_main,3,3,10.0,17.25,30.49,1511.85,NVIDIA GeForce RTX 4060 Ti,53,117.34,93,7552.2,16380.0,
2026-09-03T19:07:59.181822+00:00,01_yolo26_main,3,3,9.7,17.27,30.49,1511.85,NVIDIA GeForce RTX 4060 Ti,53,117.19,92,7566.2,16380.0,
2026-09-03T19:08:09.212581+00:00,01_yolo26_main,3,3,9.6,17.33,30.49,1511.85,NVIDIA GeForce RTX 4060 Ti,51,117.43,92,7566.2,16380.0,
2026-09-03T19:08:19.240817+00:00,01_yolo26_main,3,3,9.9,17.22,30.49,1511.85,NVIDIA GeForce RTX 4060 Ti,54,119.16,88,7552.2,16380.0,
2026-09-03T19:08:29.266828+00:00,01_yolo26_main,3,3,9.6,17.28,30.49,1511.85,NVIDIA GeForce RTX 4060 Ti,54,118.47,89,7561.5,16380.0,
2026-09-03T19:08:39.292867+00:00,01_yolo26_main,3,3,9.7,17.31,30.49,1511.85,NVIDIA GeForce RTX 4060 Ti,54,118.68,93,7561.5,16380.0,
2026-09-03T19:08:49.317980+00:00,01_yolo26_main,3,3,9.9,17.2,30.49,1511.85,NVIDIA GeForce RTX 4060 Ti,51,119.82,93,7547.5,16380.0,
2026-09-03T19:08:59.344848+00:00,01_yolo26_main,3,3,9.8,17.22,30.49,1511.85,NVIDIA GeForce RTX 4060 Ti,51,119.37,94,7561.5,16380.0,
2026-09-03T19:09:09.360437+00:00,01_yolo26_main,3,3,9.8,17.23,30.49,1511.85,NVIDIA GeForce RTX 4060 Ti,53,119.8,86,7561.5,16380.0,
2026-09-03T19:09:19.388831+00:00,01_yolo26_main,3,3,9.7,17.38,30.49,1511.85,NVIDIA GeForce RTX 4060 Ti,44,56.44,0,7547.5,16380.0,
2026-09-03T19:09:29.409830+00:00,01_yolo26_main,3,3,9.9,17.29,30.49,1511.85,NVIDIA GeForce RTX 4060 Ti,53,117.87,90,7561.5,16380.0,
2026-09-03T19:09:39.433660+00:00,01_yolo26_main,3,3,10.0,17.3,30.49,1511.85,NVIDIA GeForce RTX 4060 Ti,52,118.39,91,7547.5,16380.0,
2026-09-03T19:09:49.459826+00:00,01_yolo26_main,3,3,9.7,17.36,30.49,1511.85,NVIDIA GeForce RTX 4060 Ti,54,118.78,92,7561.5,16380.0,
2026-09-03T19:09:59.486862+00:00,01_yolo26_main,3,3,10.5,17.15,30.49,1511.85,NVIDIA GeForce RTX 4060 Ti,51,118.4,93,7561.1,16380.0,
2026-09-03T19:10:09.513314+00:00,01_yolo26_main,3,3,9.7,17.17,30.49,1511.85,NVIDIA GeForce RTX 4060 Ti,54,120.03,89,7547.1,16380.0,
2026-09-03T19:10:19.541069+00:00,01_yolo26_main,3,3,9.7,17.18,30.49,1511.85,NVIDIA GeForce RTX 4060 Ti,53,118.63,88,7561.1,16380.0,
2026-09-03T19:10:29.572818+00:00,01_yolo26_main,3,3,9.9,17.12,30.49,1511.85,NVIDIA GeForce RTX 4060 Ti,53,116.86,92,7561.1,16380.0,
2026-09-03T19:10:39.600825+00:00,01_yolo26_main,3,3,9.5,17.16,30.49,1511.85,NVIDIA GeForce RTX 4060 Ti,53,119.59,86,7547.1,16380.0,
2026-09-03T19:10:49.628144+00:00,01_yolo26_main,3,3,9.7,17.18,30.49,1511.85,NVIDIA GeForce RTX 4060 Ti,52,118.16,93,7561.1,16380.0,
2026-09-03T19:10:59.653683+00:00,01_yolo26_main,3,3,9.9,17.27,30.49,1511.85,NVIDIA GeForce RTX 4060 Ti,47,72.82,15,7547.1,16380.0,
2026-09-03T19:11:09.676817+00:00,01_yolo26_main,3,3,9.5,17.11,30.49,1511.85,NVIDIA GeForce RTX 4060 Ti,52,118.09,92,7547.1,16380.0,
2026-09-03T19:11:19.703823+00:00,01_yolo26_main,3,3,9.6,17.17,30.49,1511.85,NVIDIA GeForce RTX 4060 Ti,53,117.1,93,7529.1,16380.0,
2026-09-03T19:11:29.729828+00:00,01_yolo26_main,3,3,9.7,17.24,30.49,1511.85,NVIDIA GeForce RTX 4060 Ti,49,80.5,83,7529.1,16380.0,
2026-09-03T19:11:39.757825+00:00,01_yolo26_main,3,3,9.8,17.11,30.49,1511.85,NVIDIA GeForce RTX 4060 Ti,52,118.68,87,7515.1,16380.0,
2026-09-03T19:11:49.783826+00:00,01_yolo26_main,3,3,9.6,17.1,30.49,1511.85,NVIDIA GeForce RTX 4060 Ti,52,117.94,93,7529.1,16380.0,
2026-09-03T19:11:59.808823+00:00,01_yolo26_main,3,3,9.7,17.06,30.49,1511.85,NVIDIA GeForce RTX 4060 Ti,53,119.54,93,7529.1,16380.0,
2026-09-03T19:12:09.836825+00:00,01_yolo26_main,3,3,9.9,17.09,30.49,1511.85,NVIDIA GeForce RTX 4060 Ti,52,117.31,97,7529.1,16380.0,
2026-09-03T19:12:19.864822+00:00,01_yolo26_main,3,3,9.5,17.13,30.49,1511.85,NVIDIA GeForce RTX 4060 Ti,51,119.7,94,7512.5,16380.0,
2026-09-03T19:12:29.893079+00:00,01_yolo26_main,3,3,9.6,17.18,30.49,1511.85,NVIDIA GeForce RTX 4060 Ti,52,119.06,91,7526.5,16380.0,
2026-09-03T19:12:39.917845+00:00,01_yolo26_main,3,3,9.8,17.12,30.49,1511.85,NVIDIA GeForce RTX 4060 Ti,52,119.08,94,7526.5,16380.0,
2026-09-03T19:12:49.943836+00:00,01_yolo26_main,3,3,9.4,17.15,30.49,1511.85,NVIDIA GeForce RTX 4060 Ti,53,118.24,88,7526.5,16380.0,
2026-09-03T19:12:59.971646+00:00,01_yolo26_main,3,3,9.7,17.14,30.49,1511.85,NVIDIA GeForce RTX 4060 Ti,54,118.63,92,7526.5,16380.0,
2026-09-03T19:13:10.000606+00:00,01_yolo26_main,3,3,9.9,17.07,30.49,1511.85,NVIDIA GeForce RTX 4060 Ti,54,118.99,91,7512.5,16380.0,
2026-09-03T19:13:20.028447+00:00,01_yolo26_main,3,3,9.8,17.11,30.49,1511.85,NVIDIA GeForce RTX 4060 Ti,53,119.75,89,7526.5,16380.0,
2026-09-03T19:13:30.058861+00:00,01_yolo26_main,3,3,9.9,17.17,30.49,1511.85,NVIDIA GeForce RTX 4060 Ti,53,119.0,92,7526.7,16380.0,
2026-09-03T19:13:40.122834+00:00,01_yolo26_main,3,3,10.6,17.32,30.49,1511.85,NVIDIA GeForce RTX 4060 Ti,46,73.04,81,7528.7,16380.0,
2026-09-03T19:13:50.185851+00:00,01_yolo26_main,3,3,10.2,17.15,30.49,1511.85,NVIDIA GeForce RTX 4060 Ti,53,116.86,92,7539.1,16380.0,
2026-09-03T19:14:00.208596+00:00,01_yolo26_main,3,3,9.9,17.14,30.49,1511.85,NVIDIA GeForce RTX 4060 Ti,50,118.17,91,7547.1,16380.0,
2026-09-03T19:14:10.260867+00:00,01_yolo26_main,3,3,9.8,17.25,30.49,1511.85,NVIDIA GeForce RTX 4060 Ti,52,65.25,90,7612.6,16380.0,
2026-09-03T19:14:20.328327+00:00,01_yolo26_main,3,3,9.8,17.18,30.49,1511.85,NVIDIA GeForce RTX 4060 Ti,53,119.2,89,7612.6,16380.0,
2026-09-03T19:14:30.393434+00:00,01_yolo26_main,3,3,9.6,17.21,30.49,1511.85,NVIDIA GeForce RTX 4060 Ti,53,119.45,93,7612.6,16380.0,
2026-09-03T19:14:40.460862+00:00,01_yolo26_main,3,3,9.5,17.25,30.49,1511.85,NVIDIA GeForce RTX 4060 Ti,53,118.77,95,7612.6,16380.0,
2026-09-03T19:14:50.517889+00:00,01_yolo26_main,3,3,9.7,17.16,30.49,1511.85,NVIDIA GeForce RTX 4060 Ti,54,120.16,93,7612.6,16380.0,
2026-09-03T19:15:00.583822+00:00,01_yolo26_main,3,3,9.5,17.22,30.49,1511.85,NVIDIA GeForce RTX 4060 Ti,53,119.21,85,7612.6,16380.0,
2026-09-03T19:15:10.645590+00:00,01_yolo26_main,3,3,9.8,17.28,30.49,1511.85,NVIDIA GeForce RTX 4060 Ti,53,119.23,91,7612.6,16380.0,
2026-09-03T19:15:20.714874+00:00,01_yolo26_main,3,3,9.8,17.31,30.49,1511.85,NVIDIA GeForce RTX 4060 Ti,52,98.78,91,7612.6,16380.0,
2026-09-03T19:15:30.778822+00:00,01_yolo26_main,3,3,9.6,17.25,30.49,1511.85,NVIDIA GeForce RTX 4060 Ti,52,119.7,94,7612.6,16380.0,
2026-09-03T19:15:40.833842+00:00,01_yolo26_main,3,3,9.9,17.25,30.49,1511.85,NVIDIA GeForce RTX 4060 Ti,53,117.83,89,7613.2,16380.0,
2026-09-03T19:15:50.858044+00:00,01_yolo26_main,3,3,9.7,17.3,30.49,1511.85,NVIDIA GeForce RTX 4060 Ti,53,116.53,93,7613.2,16380.0,
2026-09-03T19:16:00.884526+00:00,01_yolo26_main,3,3,11.5,16.65,30.49,1511.86,NVIDIA GeForce RTX 4060 Ti,54,116.99,92,7613.0,16380.0,
2026-09-03T19:16:10.951454+00:00,01_yolo26_main,3,3,10.2,16.55,30.49,1511.86,NVIDIA GeForce RTX 4060 Ti,53,118.64,88,7531.6,16380.0,
2026-09-03T19:16:21.000725+00:00,01_yolo26_main,3,3,10.4,16.42,30.49,1511.86,NVIDIA GeForce RTX 4060 Ti,54,116.77,90,7519.6,16380.0,
2026-09-03T19:16:31.068778+00:00,01_yolo26_main,3,3,12.2,14.4,30.49,1511.86,NVIDIA GeForce RTX 4060 Ti,53,115.99,88,7623.8,16380.0,
2026-09-03T19:16:41.087987+00:00,01_yolo26_main,3,3,10.5,14.46,30.49,1511.86,NVIDIA GeForce RTX 4060 Ti,53,118.06,90,7588.1,16380.0,
2026-09-03T19:16:51.115845+00:00,01_yolo26_main,3,3,10.0,14.42,30.49,1511.86,NVIDIA GeForce RTX 4060 Ti,53,119.4,92,7498.4,16380.0,
2026-09-03T19:17:01.142835+00:00,01_yolo26_main,3,3,9.8,14.33,30.49,1511.86,NVIDIA GeForce RTX 4060 Ti,53,119.42,93,7504.8,16380.0,
2026-09-03T19:17:11.168842+00:00,01_yolo26_main,3,3,9.5,14.3,30.49,1511.86,NVIDIA GeForce RTX 4060 Ti,52,118.89,86,7504.8,16380.0,
2026-09-03T19:17:21.190432+00:00,01_yolo26_main,3,3,9.8,14.25,30.49,1511.86,NVIDIA GeForce RTX 4060 Ti,53,119.02,93,7504.8,16380.0,
2026-09-03T19:17:31.217831+00:00,01_yolo26_main,3,3,9.5,14.29,30.49,1511.86,NVIDIA GeForce RTX 4060 Ti,45,66.33,55,7505.4,16380.0,
2026-09-03T19:17:41.246830+00:00,01_yolo26_main,3,3,9.6,14.27,30.49,1511.86,NVIDIA GeForce RTX 4060 Ti,53,119.33,96,7505.4,16380.0,
2026-09-03T19:17:51.273854+00:00,01_yolo26_main,3,3,9.2,14.26,30.49,1511.86,NVIDIA GeForce RTX 4060 Ti,53,118.69,86,7505.4,16380.0,
2026-09-03T19:18:01.300774+00:00,01_yolo26_main,3,3,9.4,14.4,30.49,1511.86,NVIDIA GeForce RTX 4060 Ti,53,118.95,91,7505.4,16380.0,
2026-09-03T19:18:11.322848+00:00,01_yolo26_main,3,3,9.6,14.28,30.49,1511.86,NVIDIA GeForce RTX 4060 Ti,52,119.39,93,7505.4,16380.0,
2026-09-03T19:18:21.348841+00:00,01_yolo26_main,3,3,9.4,14.34,30.49,1511.86,NVIDIA GeForce RTX 4060 Ti,54,119.03,88,7505.4,16380.0,
2026-09-03T19:18:31.374861+00:00,01_yolo26_main,3,3,9.3,14.4,30.49,1511.86,NVIDIA GeForce RTX 4060 Ti,51,117.83,93,7505.4,16380.0,
2026-09-03T19:18:41.401099+00:00,01_yolo26_main,3,3,9.6,14.3,30.49,1511.86,NVIDIA GeForce RTX 4060 Ti,54,116.11,80,7505.4,16380.0,
2026-09-03T19:18:51.424976+00:00,01_yolo26_main,3,3,9.4,14.28,30.49,1511.86,NVIDIA GeForce RTX 4060 Ti,54,119.34,89,7505.4,16380.0,
2026-09-03T19:19:01.451822+00:00,01_yolo26_main,3,3,9.4,14.35,30.49,1511.86,NVIDIA GeForce RTX 4060 Ti,54,119.97,88,7505.4,16380.0,
2026-09-03T19:19:11.475834+00:00,01_yolo26_main,3,3,9.4,14.38,30.49,1511.86,NVIDIA GeForce RTX 4060 Ti,52,111.89,93,7505.4,16380.0,
2026-09-03T19:19:21.495573+00:00,01_yolo26_main,3,3,9.6,14.28,30.49,1511.86,NVIDIA GeForce RTX 4060 Ti,51,120.94,93,7505.4,16380.0,
2026-09-03T19:19:31.521818+00:00,01_yolo26_main,3,3,9.3,14.35,30.49,1511.86,NVIDIA GeForce RTX 4060 Ti,53,120.5,93,7505.4,16380.0,
2026-09-03T19:19:41.549822+00:00,01_yolo26_main,3,3,9.7,14.36,30.49,1511.86,NVIDIA GeForce RTX 4060 Ti,54,119.78,93,7505.4,16380.0,
2026-09-03T19:19:51.577857+00:00,01_yolo26_main,3,3,9.5,14.3,30.49,1511.86,NVIDIA GeForce RTX 4060 Ti,53,117.27,94,7505.4,16380.0,
2026-09-03T19:20:01.605817+00:00,01_yolo26_main,3,3,9.5,14.33,30.49,1511.87,NVIDIA GeForce RTX 4060 Ti,53,120.36,89,7505.4,16380.0,
2026-09-03T19:20:11.632885+00:00,01_yolo26_main,3,3,9.4,14.36,30.49,1511.87,NVIDIA GeForce RTX 4060 Ti,53,119.5,86,7505.4,16380.0,
2026-09-03T19:20:21.654972+00:00,01_yolo26_main,3,3,9.4,14.29,30.49,1511.87,NVIDIA GeForce RTX 4060 Ti,53,112.62,93,7505.4,16380.0,
2026-09-03T19:20:31.682567+00:00,01_yolo26_main,3,3,9.6,14.28,30.49,1511.87,NVIDIA GeForce RTX 4060 Ti,52,119.42,93,7505.4,16380.0,
2026-09-03T19:20:41.710022+00:00,01_yolo26_main,3,3,9.4,14.27,30.49,1511.87,NVIDIA GeForce RTX 4060 Ti,54,118.83,91,7505.4,16380.0,
2026-09-03T19:20:51.741900+00:00,01_yolo26_main,3,3,9.4,14.28,30.49,1511.87,NVIDIA GeForce RTX 4060 Ti,53,119.6,93,7505.4,16380.0,
2026-09-03T19:21:01.767834+00:00,01_yolo26_main,3,3,9.6,14.3,30.49,1511.87,NVIDIA GeForce RTX 4060 Ti,54,119.41,88,7505.4,16380.0,
2026-09-03T19:21:11.794076+00:00,01_yolo26_main,3,3,9.5,14.29,30.49,1511.87,NVIDIA GeForce RTX 4060 Ti,54,118.93,90,7501.4,16380.0,
2026-09-03T19:21:21.820821+00:00,01_yolo26_main,3,3,9.4,14.35,30.49,1511.87,NVIDIA GeForce RTX 4060 Ti,53,117.65,92,7501.4,16380.0,
2026-09-03T19:21:31.847822+00:00,01_yolo26_main,3,3,9.6,14.35,30.49,1511.87,NVIDIA GeForce RTX 4060 Ti,50,69.02,10,7501.4,16380.0,
2026-09-03T19:21:41.874827+00:00,01_yolo26_main,3,3,9.6,14.27,30.49,1511.87,NVIDIA GeForce RTX 4060 Ti,54,119.87,93,7501.4,16380.0,
2026-09-03T19:21:51.901821+00:00,01_yolo26_main,3,3,9.4,14.35,30.49,1511.87,NVIDIA GeForce RTX 4060 Ti,52,119.06,93,7849.4,16380.0,
2026-09-03T19:22:01.928831+00:00,01_yolo26_main,3,3,9.4,14.37,30.49,1511.87,NVIDIA GeForce RTX 4060 Ti,53,119.13,93,7849.4,16380.0,
2026-09-03T19:22:11.956821+00:00,01_yolo26_main,3,3,9.6,14.38,30.49,1511.87,NVIDIA GeForce RTX 4060 Ti,54,118.98,87,7849.4,16380.0,
2026-09-03T19:22:21.982843+00:00,01_yolo26_main,3,3,9.5,14.39,30.49,1511.87,NVIDIA GeForce RTX 4060 Ti,53,117.23,93,7849.4,16380.0,
2026-09-03T19:22:32.006812+00:00,01_yolo26_main,3,3,14.2,14.34,30.49,1511.87,NVIDIA GeForce RTX 4060 Ti,51,118.83,88,7849.4,16380.0,
2026-09-03T19:22:42.032837+00:00,01_yolo26_main,3,3,14.2,14.48,30.49,1511.87,NVIDIA GeForce RTX 4060 Ti,45,76.66,79,7849.4,16380.0,
2026-09-03T19:22:52.055839+00:00,01_yolo26_main,3,3,15.3,14.2,30.49,1511.87,NVIDIA GeForce RTX 4060 Ti,53,118.07,92,7849.4,16380.0,
2026-09-03T19:23:02.083057+00:00,01_yolo26_main,3,3,10.9,14.28,30.49,1511.87,NVIDIA GeForce RTX 4060 Ti,53,118.19,92,7816.8,16380.0,
2026-09-03T19:23:12.102823+00:00,01_yolo26_main,3,3,9.2,14.37,30.49,1511.87,NVIDIA GeForce RTX 4060 Ti,51,111.59,87,7816.8,16380.0,
2026-09-03T19:23:22.130829+00:00,01_yolo26_main,3,3,9.6,14.28,30.49,1511.87,NVIDIA GeForce RTX 4060 Ti,51,119.7,84,7816.8,16380.0,
2026-09-03T19:23:32.158832+00:00,01_yolo26_main,3,3,9.2,14.33,30.49,1511.87,NVIDIA GeForce RTX 4060 Ti,53,118.49,91,7816.8,16380.0,
2026-09-03T19:23:42.184819+00:00,01_yolo26_main,3,3,9.2,14.28,30.49,1511.87,NVIDIA GeForce RTX 4060 Ti,53,119.79,96,7816.8,16380.0,
2026-09-03T19:23:52.212239+00:00,01_yolo26_main,3,3,9.6,14.27,30.49,1511.87,NVIDIA GeForce RTX 4060 Ti,51,119.1,93,7816.8,16380.0,
2026-09-03T19:24:02.230251+00:00,01_yolo26_main,3,3,9.4,14.31,30.49,1511.87,NVIDIA GeForce RTX 4060 Ti,52,117.16,86,7816.8,16380.0,
2026-09-03T19:24:12.253004+00:00,01_yolo26_main,3,3,9.4,14.37,30.49,1511.87,NVIDIA GeForce RTX 4060 Ti,53,118.97,92,7816.8,16380.0,
2026-09-03T19:24:22.279218+00:00,01_yolo26_main,3,3,9.4,14.45,30.49,1511.87,NVIDIA GeForce RTX 4060 Ti,45,75.69,0,7816.8,16380.0,
2026-09-03T19:24:32.302823+00:00,01_yolo26_main,3,3,9.5,14.28,30.49,1511.87,NVIDIA GeForce RTX 4060 Ti,53,118.75,86,7816.8,16380.0,
2026-09-03T19:24:42.328847+00:00,01_yolo26_main,3,3,9.4,14.31,30.49,1511.87,NVIDIA GeForce RTX 4060 Ti,52,119.0,85,7816.8,16380.0,
2026-09-03T19:24:52.352835+00:00,01_yolo26_main,3,3,9.4,14.36,30.49,1511.87,NVIDIA GeForce RTX 4060 Ti,51,119.67,93,7816.8,16380.0,
2026-09-03T19:25:02.378873+00:00,01_yolo26_main,3,3,9.7,14.27,30.49,1511.87,NVIDIA GeForce RTX 4060 Ti,54,119.52,94,7816.8,16380.0,
2026-09-03T19:25:12.402952+00:00,01_yolo26_main,3,3,9.3,14.27,30.49,1511.87,NVIDIA GeForce RTX 4060 Ti,54,118.56,92,7816.8,16380.0,
2026-09-03T19:25:22.428825+00:00,01_yolo26_main,3,3,9.2,14.36,30.49,1511.87,NVIDIA GeForce RTX 4060 Ti,53,117.75,93,7816.8,16380.0,
2026-09-03T19:25:32.449141+00:00,01_yolo26_main,3,3,9.6,14.3,30.49,1511.87,NVIDIA GeForce RTX 4060 Ti,53,118.61,94,7816.8,16380.0,
2026-09-03T19:25:42.475831+00:00,01_yolo26_main,3,3,9.2,14.31,30.49,1511.87,NVIDIA GeForce RTX 4060 Ti,52,119.58,93,7816.8,16380.0,
2026-09-03T19:25:52.502821+00:00,01_yolo26_main,3,3,9.5,14.28,30.49,1511.87,NVIDIA GeForce RTX 4060 Ti,51,119.2,92,7816.8,16380.0,
2026-09-03T19:26:02.532820+00:00,01_yolo26_main,3,3,9.5,14.39,30.49,1511.87,NVIDIA GeForce RTX 4060 Ti,49,72.34,92,7816.8,16380.0,
2026-09-03T19:26:12.560824+00:00,01_yolo26_main,3,3,9.8,14.61,30.49,1511.87,NVIDIA GeForce RTX 4060 Ti,54,118.92,92,7437.6,16380.0,
2026-09-03T19:26:22.586819+00:00,01_yolo26_main,3,3,9.4,14.68,30.49,1511.87,NVIDIA GeForce RTX 4060 Ti,54,117.99,93,7437.6,16380.0,
2026-09-03T19:26:32.612830+00:00,01_yolo26_main,3,3,9.6,14.57,30.49,1511.87,NVIDIA GeForce RTX 4060 Ti,53,119.64,93,7432.4,16380.0,
2026-09-03T19:26:42.638822+00:00,01_yolo26_main,3,3,9.6,14.64,30.49,1511.87,NVIDIA GeForce RTX 4060 Ti,52,119.8,92,7432.4,16380.0,
2026-09-03T19:26:52.662821+00:00,01_yolo26_main,3,3,9.4,14.61,30.49,1511.87,NVIDIA GeForce RTX 4060 Ti,53,119.2,90,7796.4,16380.0,
2026-09-03T19:27:02.687833+00:00,01_yolo26_main,3,3,9.5,14.69,30.49,1511.87,NVIDIA GeForce RTX 4060 Ti,52,119.62,93,7796.4,16380.0,
2026-09-03T19:27:12.713822+00:00,01_yolo26_main,3,3,9.4,14.63,30.49,1511.87,NVIDIA GeForce RTX 4060 Ti,45,71.31,0,7796.4,16380.0,
2026-09-03T19:27:22.738823+00:00,01_yolo26_main,3,3,9.5,14.58,30.49,1511.87,NVIDIA GeForce RTX 4060 Ti,52,119.66,91,8204.4,16380.0,
2026-09-03T19:27:32.765823+00:00,01_yolo26_main,3,3,9.4,14.65,30.49,1511.87,NVIDIA GeForce RTX 4060 Ti,53,118.92,93,8204.4,16380.0,
2026-09-03T19:27:42.791098+00:00,01_yolo26_main,3,3,9.4,14.61,30.49,1511.87,NVIDIA GeForce RTX 4060 Ti,53,118.57,92,8204.4,16380.0,
2026-09-03T19:27:52.819475+00:00,01_yolo26_main,3,3,9.6,14.62,30.49,1511.87,NVIDIA GeForce RTX 4060 Ti,53,117.42,92,8204.4,16380.0,
2026-09-03T19:28:02.837832+00:00,01_yolo26_main,3,3,9.6,14.63,30.49,1511.87,NVIDIA GeForce RTX 4060 Ti,52,119.24,88,8204.4,16380.0,
2026-09-03T19:28:12.864841+00:00,01_yolo26_main,3,3,9.4,14.69,30.49,1511.87,NVIDIA GeForce RTX 4060 Ti,50,117.37,93,8204.4,16380.0,
2026-09-03T19:28:22.888824+00:00,01_yolo26_main,3,3,9.4,14.6,30.49,1511.87,NVIDIA GeForce RTX 4060 Ti,51,67.61,13,8204.4,16380.0,
2026-09-03T19:28:32.915623+00:00,01_yolo26_main,3,3,9.5,14.59,30.49,1511.87,NVIDIA GeForce RTX 4060 Ti,54,119.93,94,8204.4,16380.0,
2026-09-03T19:28:42.941824+00:00,01_yolo26_main,3,3,9.3,14.68,30.49,1511.87,NVIDIA GeForce RTX 4060 Ti,53,119.56,93,8204.4,16380.0,
2026-09-03T19:28:52.967826+00:00,01_yolo26_main,3,3,9.3,14.74,30.49,1511.87,NVIDIA GeForce RTX 4060 Ti,53,118.6,93,8204.4,16380.0,
2026-09-03T19:29:02.992826+00:00,01_yolo26_main,3,3,9.6,14.64,30.49,1511.87,NVIDIA GeForce RTX 4060 Ti,53,118.67,94,8204.3,16380.0,
2026-09-03T19:29:13.019851+00:00,01_yolo26_main,3,3,9.2,14.67,30.49,1511.87,NVIDIA GeForce RTX 4060 Ti,54,120.12,87,8204.3,16380.0,
2026-09-03T19:29:23.044395+00:00,01_yolo26_main,3,3,9.4,14.67,30.49,1511.87,NVIDIA GeForce RTX 4060 Ti,54,118.89,87,8204.3,16380.0,
2026-09-03T19:29:33.070832+00:00,01_yolo26_main,3,3,9.6,14.63,30.49,1511.87,NVIDIA GeForce RTX 4060 Ti,52,109.53,84,8204.3,16380.0,
2026-09-03T19:29:43.094820+00:00,01_yolo26_main,3,3,9.3,14.66,30.49,1511.87,NVIDIA GeForce RTX 4060 Ti,53,118.25,90,8204.3,16380.0,
2026-09-03T19:29:53.119142+00:00,01_yolo26_main,3,3,9.4,14.71,30.49,1511.87,NVIDIA GeForce RTX 4060 Ti,53,119.18,92,8204.3,16380.0,
2026-09-03T19:30:03.137828+00:00,01_yolo26_main,3,3,9.4,14.76,30.49,1511.87,NVIDIA GeForce RTX 4060 Ti,53,102.33,91,8204.3,16380.0,
2026-09-03T19:30:13.164820+00:00,01_yolo26_main,3,3,9.6,14.69,30.49,1511.87,NVIDIA GeForce RTX 4060 Ti,54,118.73,88,8204.3,16380.0,
2026-09-03T19:30:23.191823+00:00,01_yolo26_main,3,3,9.4,14.68,30.49,1511.87,NVIDIA GeForce RTX 4060 Ti,53,120.39,93,8204.3,16380.0,
2026-09-03T19:30:33.217824+00:00,01_yolo26_main,3,3,9.4,14.75,30.49,1511.87,NVIDIA GeForce RTX 4060 Ti,53,118.51,92,8204.3,16380.0,
2026-09-03T19:30:43.243812+00:00,01_yolo26_main,3,3,9.5,14.7,30.49,1511.87,NVIDIA GeForce RTX 4060 Ti,51,117.61,94,8204.3,16380.0,
2026-09-03T19:30:53.271435+00:00,01_yolo26_main,3,3,9.3,14.71,30.49,1511.87,NVIDIA GeForce RTX 4060 Ti,54,118.98,87,8204.3,16380.0,
2026-09-03T19:31:03.298821+00:00,01_yolo26_main,3,3,9.4,14.76,30.49,1511.87,NVIDIA GeForce RTX 4060 Ti,53,119.95,93,8204.3,16380.0,
2026-09-03T19:31:13.326823+00:00,01_yolo26_main,3,3,9.5,14.68,30.49,1511.87,NVIDIA GeForce RTX 4060 Ti,51,79.79,93,8204.3,16380.0,
2026-09-03T19:31:23.352866+00:00,01_yolo26_main,3,3,9.6,14.67,30.49,1511.87,NVIDIA GeForce RTX 4060 Ti,54,120.73,91,8204.3,16380.0,
2026-09-03T19:31:33.377821+00:00,01_yolo26_main,3,3,9.5,14.71,30.49,1511.87,NVIDIA GeForce RTX 4060 Ti,51,118.58,93,8204.3,16380.0,
2026-09-03T19:31:43.404825+00:00,01_yolo26_main,3,3,9.5,14.78,30.49,1511.87,NVIDIA GeForce RTX 4060 Ti,54,118.98,90,8204.3,16380.0,
2026-09-03T19:31:53.431823+00:00,01_yolo26_main,3,3,9.6,14.66,30.49,1511.87,NVIDIA GeForce RTX 4060 Ti,54,119.79,93,8204.3,16380.0,
2026-09-03T19:32:03.457822+00:00,01_yolo26_main,3,3,9.4,14.69,30.49,1511.87,NVIDIA GeForce RTX 4060 Ti,53,117.53,87,8204.3,16380.0,
2026-09-03T19:32:13.483837+00:00,01_yolo26_main,3,3,9.6,14.74,30.49,1511.87,NVIDIA GeForce RTX 4060 Ti,52,118.16,97,8204.3,16380.0,
2026-09-03T19:32:23.510823+00:00,01_yolo26_main,3,3,9.4,14.78,30.49,1511.87,NVIDIA GeForce RTX 4060 Ti,47,68.64,4,8204.3,16380.0,
2026-09-03T19:32:33.538623+00:00,01_yolo26_main,3,3,9.6,14.68,30.49,1511.87,NVIDIA GeForce RTX 4060 Ti,52,117.47,92,8204.3,16380.0,
2026-09-03T19:32:43.566471+00:00,01_yolo26_main,3,3,9.4,14.72,30.49,1511.87,NVIDIA GeForce RTX 4060 Ti,54,119.24,91,8204.3,16380.0,
2026-09-03T19:32:53.592856+00:00,01_yolo26_main,3,3,9.4,14.74,30.49,1511.87,NVIDIA GeForce RTX 4060 Ti,53,118.68,93,8204.3,16380.0,
2026-09-03T19:33:03.618818+00:00,01_yolo26_main,3,3,9.6,14.66,30.49,1511.87,NVIDIA GeForce RTX 4060 Ti,52,119.33,94,8204.3,16380.0,
2026-09-03T19:33:13.645817+00:00,01_yolo26_main,3,3,9.5,14.68,30.49,1511.87,NVIDIA GeForce RTX 4060 Ti,53,118.78,93,8204.3,16380.0,
2026-09-03T19:33:23.674859+00:00,01_yolo26_main,3,3,9.4,14.67,30.49,1511.87,NVIDIA GeForce RTX 4060 Ti,53,118.67,92,8204.3,16380.0,
2026-09-03T19:33:33.700294+00:00,01_yolo26_main,3,3,9.5,14.88,30.49,1512.03,NVIDIA GeForce RTX 4060 Ti,49,87.14,61,8204.3,16380.0,
2026-09-03T19:33:43.725371+00:00,01_yolo26_main,3,3,9.7,14.64,30.49,1511.87,NVIDIA GeForce RTX 4060 Ti,54,119.15,92,8204.3,16380.0,
2026-09-03T19:33:53.751827+00:00,01_yolo26_main,3,3,9.4,14.67,30.49,1511.87,NVIDIA GeForce RTX 4060 Ti,54,120.26,92,8204.3,16380.0,
2026-09-03T19:34:03.778079+00:00,01_yolo26_main,3,3,9.4,14.75,30.49,1511.87,NVIDIA GeForce RTX 4060 Ti,54,118.34,92,8204.3,16380.0,
2026-09-03T19:34:13.803821+00:00,01_yolo26_main,3,3,9.6,14.67,30.49,1511.87,NVIDIA GeForce RTX 4060 Ti,52,119.77,87,8204.3,16380.0,
2026-09-03T19:34:23.834821+00:00,01_yolo26_main,3,3,9.4,14.66,30.49,1511.87,NVIDIA GeForce RTX 4060 Ti,54,119.27,93,8204.3,16380.0,
2026-09-03T19:34:33.861998+00:00,01_yolo26_main,3,3,9.4,14.7,30.49,1511.87,NVIDIA GeForce RTX 4060 Ti,53,118.9,93,8204.3,16380.0,
2026-09-03T19:34:43.888893+00:00,01_yolo26_main,3,3,9.5,14.82,30.49,1511.95,NVIDIA GeForce RTX 4060 Ti,45,86.42,86,8204.3,16380.0,
2026-09-03T19:34:53.912826+00:00,01_yolo26_main,3,3,9.4,14.69,30.49,1511.87,NVIDIA GeForce RTX 4060 Ti,54,118.58,93,8204.3,16380.0,
2026-09-03T19:35:03.941825+00:00,01_yolo26_main,3,3,9.5,14.71,30.49,1511.87,NVIDIA GeForce RTX 4060 Ti,53,118.64,93,8204.3,16380.0,
2026-09-03T19:35:13.969818+00:00,01_yolo26_main,3,3,9.4,14.76,30.49,1511.87,NVIDIA GeForce RTX 4060 Ti,53,117.67,94,8204.3,16380.0,
2026-09-03T19:35:23.996823+00:00,01_yolo26_main,3,3,9.5,14.65,30.49,1511.87,NVIDIA GeForce RTX 4060 Ti,53,120.77,92,8204.3,16380.0,
2026-09-03T19:35:34.023823+00:00,01_yolo26_main,3,3,9.4,14.65,30.49,1511.87,NVIDIA GeForce RTX 4060 Ti,54,117.09,92,8204.3,16380.0,
2026-09-03T19:35:44.051833+00:00,01_yolo26_main,3,3,9.4,14.73,30.49,1511.87,NVIDIA GeForce RTX 4060 Ti,54,118.95,91,8204.3,16380.0,
2026-09-03T19:35:54.078876+00:00,01_yolo26_main,3,3,9.6,14.74,30.49,1511.87,NVIDIA GeForce RTX 4060 Ti,51,96.48,93,8204.3,16380.0,
2026-09-03T19:36:04.102824+00:00,01_yolo26_main,3,3,9.5,14.66,30.49,1511.87,NVIDIA GeForce RTX 4060 Ti,53,118.49,92,8204.3,16380.0,
2026-09-03T19:36:14.130837+00:00,01_yolo26_main,3,3,9.5,14.68,30.49,1511.87,NVIDIA GeForce RTX 4060 Ti,53,119.22,93,8204.3,16380.0,
2026-09-03T19:36:24.154832+00:00,01_yolo26_main,3,3,9.4,14.69,30.49,1511.87,NVIDIA GeForce RTX 4060 Ti,52,118.12,93,8204.3,16380.0,
2026-09-03T19:36:34.181825+00:00,01_yolo26_main,3,3,9.7,14.67,30.49,1511.87,NVIDIA GeForce RTX 4060 Ti,54,119.92,91,8204.3,16380.0,
2026-09-03T19:36:44.213833+00:00,01_yolo26_main,3,3,9.4,14.7,30.49,1511.87,NVIDIA GeForce RTX 4060 Ti,53,118.43,93,8204.3,16380.0,
2026-09-03T19:36:54.238822+00:00,01_yolo26_main,3,3,9.4,14.65,30.49,1511.87,NVIDIA GeForce RTX 4060 Ti,53,120.81,93,8204.3,16380.0,
2026-09-03T19:37:04.263138+00:00,01_yolo26_main,3,3,9.6,14.64,30.49,1511.87,NVIDIA GeForce RTX 4060 Ti,52,105.57,94,8204.3,16380.0,
2026-09-03T19:37:14.285822+00:00,01_yolo26_main,3,3,9.5,14.7,30.49,1511.87,NVIDIA GeForce RTX 4060 Ti,54,117.66,86,8204.3,16380.0,
2026-09-03T19:37:24.312817+00:00,01_yolo26_main,3,3,9.4,14.74,30.49,1511.87,NVIDIA GeForce RTX 4060 Ti,53,119.2,93,8204.3,16380.0,
2026-09-03T19:37:34.339816+00:00,01_yolo26_main,3,3,9.4,14.78,30.49,1511.87,NVIDIA GeForce RTX 4060 Ti,53,117.51,93,8204.3,16380.0,
2026-09-03T19:37:44.358245+00:00,01_yolo26_main,3,3,9.6,14.68,30.49,1511.87,NVIDIA GeForce RTX 4060 Ti,54,118.47,91,8204.3,16380.0,
2026-09-03T19:37:54.384827+00:00,01_yolo26_main,3,3,9.3,14.7,30.49,1511.87,NVIDIA GeForce RTX 4060 Ti,53,119.01,98,8204.3,16380.0,
2026-09-03T19:38:04.410835+00:00,01_yolo26_main,3,3,9.4,14.73,30.49,1511.87,NVIDIA GeForce RTX 4060 Ti,54,118.72,93,8204.3,16380.0,
2026-09-03T19:38:14.435829+00:00,01_yolo26_main,3,3,9.7,14.65,30.49,1511.87,NVIDIA GeForce RTX 4060 Ti,54,117.44,87,8204.3,16380.0,
2026-09-03T19:38:24.464232+00:00,01_yolo26_main,3,3,9.5,14.68,30.49,1511.87,NVIDIA GeForce RTX 4060 Ti,53,118.01,87,8204.3,16380.0,
2026-09-03T19:38:34.485157+00:00,01_yolo26_main,3,3,9.4,14.74,30.49,1511.87,NVIDIA GeForce RTX 4060 Ti,54,117.89,93,8204.3,16380.0,
2026-09-03T19:38:44.511828+00:00,01_yolo26_main,3,3,9.4,14.75,30.49,1511.87,NVIDIA GeForce RTX 4060 Ti,52,114.72,89,8204.3,16380.0,
2026-09-03T19:38:54.536593+00:00,01_yolo26_main,3,3,9.6,14.65,30.49,1511.87,NVIDIA GeForce RTX 4060 Ti,53,118.83,88,8204.3,16380.0,
2026-09-03T19:39:04.562860+00:00,01_yolo26_main,3,3,9.4,14.69,30.49,1511.87,NVIDIA GeForce RTX 4060 Ti,53,118.93,92,8204.3,16380.0,
2026-09-03T19:39:14.587414+00:00,01_yolo26_main,3,3,9.5,14.63,30.49,1511.87,NVIDIA GeForce RTX 4060 Ti,54,116.77,93,8204.3,16380.0,
2026-09-03T19:39:24.613813+00:00,01_yolo26_main,3,3,9.6,14.61,30.49,1511.87,NVIDIA GeForce RTX 4060 Ti,52,117.46,94,8204.3,16380.0,
2026-09-03T19:39:34.638823+00:00,01_yolo26_main,3,3,9.4,14.68,30.49,1511.87,NVIDIA GeForce RTX 4060 Ti,54,119.22,92,8204.3,16380.0,
2026-09-03T19:39:44.666552+00:00,01_yolo26_main,3,3,9.4,14.63,30.49,1511.87,NVIDIA GeForce RTX 4060 Ti,53,118.95,93,8204.3,16380.0,
2026-09-03T19:39:54.693867+00:00,01_yolo26_main,3,3,9.4,14.73,30.49,1511.87,NVIDIA GeForce RTX 4060 Ti,53,101.78,93,8204.3,16380.0,
2026-09-03T19:40:04.717823+00:00,01_yolo26_main,3,3,9.6,14.6,30.49,1511.87,NVIDIA GeForce RTX 4060 Ti,54,118.93,89,8204.3,16380.0,
2026-09-03T19:40:14.744854+00:00,01_yolo26_main,3,3,9.5,14.66,30.49,1511.87,NVIDIA GeForce RTX 4060 Ti,54,120.36,93,8204.3,16380.0,
2026-09-03T19:40:24.770824+00:00,01_yolo26_main,3,3,9.5,14.72,30.49,1511.87,NVIDIA GeForce RTX 4060 Ti,53,120.09,97,8204.3,16380.0,
2026-09-03T19:40:34.796911+00:00,01_yolo26_main,3,3,9.6,14.65,30.49,1511.87,NVIDIA GeForce RTX 4060 Ti,52,118.19,92,8204.3,16380.0,
2026-09-03T19:40:44.824525+00:00,01_yolo26_main,3,3,9.4,14.67,30.49,1511.87,NVIDIA GeForce RTX 4060 Ti,54,118.67,90,8614.3,16380.0,
2026-09-03T19:40:54.851017+00:00,01_yolo26_main,3,3,9.4,14.74,30.49,1511.87,NVIDIA GeForce RTX 4060 Ti,51,118.92,94,8614.3,16380.0,
2026-09-03T19:41:04.868141+00:00,01_yolo26_main,3,3,9.4,14.82,30.49,1511.87,NVIDIA GeForce RTX 4060 Ti,53,89.11,85,8614.3,16380.0,
2026-09-03T19:41:14.889949+00:00,01_yolo26_main,3,3,9.7,14.7,30.49,1511.87,NVIDIA GeForce RTX 4060 Ti,53,118.25,94,8614.3,16380.0,
2026-09-03T19:41:24.915827+00:00,01_yolo26_main,3,3,9.6,14.74,30.49,1511.87,NVIDIA GeForce RTX 4060 Ti,53,118.27,94,8614.3,16380.0,
2026-09-03T19:41:34.937458+00:00,01_yolo26_main,3,3,9.6,14.77,30.49,1511.87,NVIDIA GeForce RTX 4060 Ti,51,119.15,90,8614.3,16380.0,
2026-09-03T19:41:44.963824+00:00,01_yolo26_main,3,3,9.5,14.69,30.49,1511.87,NVIDIA GeForce RTX 4060 Ti,54,119.5,89,8614.3,16380.0,
2026-09-03T19:41:54.990823+00:00,01_yolo26_main,3,3,9.4,14.68,30.49,1511.87,NVIDIA GeForce RTX 4060 Ti,52,116.19,85,8614.3,16380.0,
2026-09-03T19:42:05.016888+00:00,01_yolo26_main,3,3,9.4,14.74,30.49,1511.87,NVIDIA GeForce RTX 4060 Ti,53,119.84,93,8614.3,16380.0,
2026-09-03T19:42:15.044442+00:00,01_yolo26_main,3,3,9.4,14.76,30.49,1511.87,NVIDIA GeForce RTX 4060 Ti,49,62.91,7,8614.3,16380.0,
2026-09-03T19:42:25.068024+00:00,01_yolo26_main,3,3,9.6,14.64,30.49,1511.87,NVIDIA GeForce RTX 4060 Ti,51,118.78,90,8614.3,16380.0,
2026-09-03T19:42:35.092810+00:00,01_yolo26_main,3,3,9.4,14.63,30.49,1511.87,NVIDIA GeForce RTX 4060 Ti,53,119.6,90,8614.3,16380.0,
2026-09-03T19:42:45.119873+00:00,01_yolo26_main,3,3,9.4,14.63,30.49,1511.87,NVIDIA GeForce RTX 4060 Ti,53,119.04,92,8614.3,16380.0,
2026-09-03T19:42:55.141938+00:00,01_yolo26_main,3,3,9.6,14.65,30.49,1511.87,NVIDIA GeForce RTX 4060 Ti,54,119.42,89,8614.3,16380.0,
2026-09-03T19:43:05.170277+00:00,01_yolo26_main,3,3,9.4,14.69,30.49,1511.87,NVIDIA GeForce RTX 4060 Ti,53,118.03,93,8614.3,16380.0,
2026-09-03T19:43:15.197291+00:00,01_yolo26_main,3,3,9.5,14.72,30.49,1511.87,NVIDIA GeForce RTX 4060 Ti,52,119.0,90,8614.3,16380.0,
2026-09-03T19:43:25.223649+00:00,01_yolo26_main,3,3,9.4,14.73,30.49,1511.87,NVIDIA GeForce RTX 4060 Ti,45,73.0,13,8614.3,16380.0,
2026-09-03T19:43:35.251357+00:00,01_yolo26_main,3,3,9.5,14.68,30.49,1511.87,NVIDIA GeForce RTX 4060 Ti,54,118.79,94,8614.3,16380.0,
2026-09-03T19:43:45.279061+00:00,01_yolo26_main,3,3,9.3,14.71,30.49,1511.87,NVIDIA GeForce RTX 4060 Ti,53,119.32,90,8614.3,16380.0,
2026-09-03T19:43:55.305820+00:00,01_yolo26_main,3,3,9.5,14.76,30.49,1511.87,NVIDIA GeForce RTX 4060 Ti,53,118.86,95,8614.3,16380.0,
2026-09-03T19:44:05.325824+00:00,01_yolo26_main,3,3,9.6,14.67,30.49,1511.87,NVIDIA GeForce RTX 4060 Ti,54,119.86,94,8614.3,16380.0,
2026-09-03T19:44:15.352825+00:00,01_yolo26_main,3,3,9.5,14.68,30.49,1511.87,NVIDIA GeForce RTX 4060 Ti,54,119.95,93,8614.3,16380.0,
2026-09-03T19:44:25.379815+00:00,01_yolo26_main,3,3,9.4,14.71,30.49,1511.87,NVIDIA GeForce RTX 4060 Ti,52,118.52,94,8614.3,16380.0,
2026-09-03T19:44:35.404833+00:00,01_yolo26_main,3,3,9.3,14.82,30.49,1511.87,NVIDIA GeForce RTX 4060 Ti,44,61.41,0,8614.3,16380.0,
2026-09-03T19:44:45.431820+00:00,01_yolo26_main,3,3,9.6,14.69,30.49,1511.87,NVIDIA GeForce RTX 4060 Ti,53,120.72,92,8614.3,16380.0,
2026-09-03T19:44:55.461818+00:00,01_yolo26_main,3,3,9.4,14.74,30.49,1511.87,NVIDIA GeForce RTX 4060 Ti,53,119.7,87,8614.3,16380.0,
2026-09-03T19:45:05.490570+00:00,01_yolo26_main,3,3,9.3,14.8,30.49,1511.87,NVIDIA GeForce RTX 4060 Ti,53,118.3,85,8614.3,16380.0,
2026-09-03T19:45:15.518842+00:00,01_yolo26_main,3,3,9.6,14.71,30.49,1511.87,NVIDIA GeForce RTX 4060 Ti,52,118.07,95,8614.3,16380.0,
2026-09-03T19:45:25.544825+00:00,01_yolo26_main,3,3,9.4,14.73,30.49,1511.87,NVIDIA GeForce RTX 4060 Ti,53,118.33,92,8614.3,16380.0,
2026-09-03T19:45:35.570813+00:00,01_yolo26_main,3,3,9.4,14.77,30.49,1511.87,NVIDIA GeForce RTX 4060 Ti,51,118.82,90,8614.3,16380.0,
2026-09-03T19:45:45.595852+00:00,01_yolo26_main,3,3,9.5,14.84,30.49,1511.87,NVIDIA GeForce RTX 4060 Ti,46,77.73,10,8614.3,16380.0,
2026-09-03T19:45:55.651822+00:00,01_yolo26_main,3,3,9.5,14.69,30.49,1511.87,NVIDIA GeForce RTX 4060 Ti,54,119.39,93,8614.3,16380.0,
2026-09-03T19:46:05.678827+00:00,01_yolo26_main,3,3,9.4,14.75,30.49,1511.87,NVIDIA GeForce RTX 4060 Ti,54,118.54,89,8614.3,16380.0,
2026-09-03T19:46:15.702819+00:00,01_yolo26_main,3,3,9.5,14.79,30.49,1511.87,NVIDIA GeForce RTX 4060 Ti,54,121.0,94,8614.3,16380.0,
2026-09-03T19:46:25.729819+00:00,01_yolo26_main,3,3,9.6,14.69,30.49,1511.87,NVIDIA GeForce RTX 4060 Ti,52,120.12,92,8614.3,16380.0,
2026-09-03T19:46:35.754817+00:00,01_yolo26_main,3,3,9.7,14.68,30.49,1511.87,NVIDIA GeForce RTX 4060 Ti,52,118.48,86,8614.3,16380.0,
2026-09-03T19:46:45.782815+00:00,01_yolo26_main,3,3,9.4,14.73,30.49,1511.87,NVIDIA GeForce RTX 4060 Ti,53,118.44,91,8614.3,16380.0,
2026-09-03T19:46:55.809292+00:00,01_yolo26_main,3,3,9.5,14.83,30.49,1511.93,NVIDIA GeForce RTX 4060 Ti,51,89.5,64,8614.3,16380.0,
2026-09-03T19:47:05.833823+00:00,01_yolo26_main,3,3,9.5,14.71,30.49,1511.87,NVIDIA GeForce RTX 4060 Ti,53,118.82,87,8614.3,16380.0,
2026-09-03T19:47:15.859847+00:00,01_yolo26_main,3,3,9.4,14.75,30.49,1511.87,NVIDIA GeForce RTX 4060 Ti,53,119.56,92,8614.3,16380.0,
2026-09-03T19:47:25.884816+00:00,01_yolo26_main,3,3,9.7,14.76,30.49,1511.87,NVIDIA GeForce RTX 4060 Ti,53,118.54,90,8614.3,16380.0,
2026-09-03T19:47:35.906830+00:00,01_yolo26_main,3,3,9.6,14.68,30.49,1511.87,NVIDIA GeForce RTX 4060 Ti,53,119.85,83,8614.3,16380.0,
2026-09-03T19:47:45.932731+00:00,01_yolo26_main,3,3,9.4,14.69,30.49,1511.87,NVIDIA GeForce RTX 4060 Ti,54,119.62,92,8614.3,16380.0,
2026-09-03T19:47:55.961505+00:00,01_yolo26_main,3,3,9.3,14.77,30.49,1511.87,NVIDIA GeForce RTX 4060 Ti,54,118.46,93,8614.3,16380.0,
2026-09-03T19:48:05.988823+00:00,01_yolo26_main,3,3,9.6,14.68,30.49,1511.87,NVIDIA GeForce RTX 4060 Ti,52,115.18,93,8614.3,16380.0,
2026-09-03T19:48:16.013828+00:00,01_yolo26_main,3,3,9.5,14.68,30.49,1511.87,NVIDIA GeForce RTX 4060 Ti,53,119.23,94,8614.3,16380.0,
2026-09-03T19:48:26.041827+00:00,01_yolo26_main,3,3,9.5,14.65,30.49,1511.87,NVIDIA GeForce RTX 4060 Ti,53,118.74,93,8614.3,16380.0,
2026-09-03T19:48:36.065821+00:00,01_yolo26_main,3,3,9.5,14.76,30.49,1511.87,NVIDIA GeForce RTX 4060 Ti,50,117.25,93,8614.3,16380.0,
2026-09-03T19:48:46.089833+00:00,01_yolo26_main,3,3,9.5,14.68,30.49,1511.87,NVIDIA GeForce RTX 4060 Ti,51,118.14,93,8614.3,16380.0,
2026-09-03T19:48:56.118824+00:00,01_yolo26_main,3,3,9.5,14.67,30.49,1511.87,NVIDIA GeForce RTX 4060 Ti,53,119.21,93,8614.3,16380.0,
2026-09-03T19:49:06.145824+00:00,01_yolo26_main,3,3,9.4,14.63,30.49,1511.87,NVIDIA GeForce RTX 4060 Ti,53,118.74,92,8614.3,16380.0,
2026-09-03T19:49:16.173249+00:00,01_yolo26_main,3,3,9.6,14.84,30.49,1511.87,NVIDIA GeForce RTX 4060 Ti,46,77.75,83,8614.3,16380.0,
2026-09-03T19:49:26.196835+00:00,01_yolo26_main,3,3,9.5,14.69,30.49,1511.87,NVIDIA GeForce RTX 4060 Ti,51,118.68,94,8614.3,16380.0,
2026-09-03T19:49:36.221906+00:00,01_yolo26_main,3,3,9.4,14.74,30.49,1511.87,NVIDIA GeForce RTX 4060 Ti,54,119.02,90,8614.3,16380.0,
2026-09-03T19:49:46.247773+00:00,01_yolo26_main,3,3,9.4,14.75,30.49,1511.87,NVIDIA GeForce RTX 4060 Ti,50,119.55,88,8614.3,16380.0,
2026-09-03T19:49:56.275125+00:00,01_yolo26_main,3,3,9.5,14.62,30.49,1511.87,NVIDIA GeForce RTX 4060 Ti,54,117.7,88,8614.3,16380.0,
2026-09-03T19:50:06.306332+00:00,01_yolo26_main,3,3,9.4,14.6,30.49,1511.87,NVIDIA GeForce RTX 4060 Ti,54,116.65,90,8614.3,16380.0,
2026-09-03T19:50:16.333234+00:00,01_yolo26_main,3,3,9.4,14.64,30.49,1511.87,NVIDIA GeForce RTX 4060 Ti,49,117.18,88,8614.3,16380.0,
2026-09-03T19:50:26.360825+00:00,01_yolo26_main,3,3,9.6,14.6,30.49,1511.87,NVIDIA GeForce RTX 4060 Ti,50,115.77,88,8614.3,16380.0,
2026-09-03T19:50:36.387823+00:00,01_yolo26_main,3,3,9.4,14.66,30.49,1511.87,NVIDIA GeForce RTX 4060 Ti,52,118.94,92,8614.3,16380.0,
2026-09-03T19:50:46.415819+00:00,01_yolo26_main,3,3,9.5,14.71,30.49,1511.87,NVIDIA GeForce RTX 4060 Ti,52,119.36,92,8614.3,16380.0,
2026-09-03T19:50:56.434834+00:00,01_yolo26_main,3,3,9.4,14.77,30.49,1511.87,NVIDIA GeForce RTX 4060 Ti,54,111.41,92,8614.3,16380.0,
2026-09-03T19:51:06.462786+00:00,01_yolo26_main,3,3,9.6,14.68,30.49,1511.87,NVIDIA GeForce RTX 4060 Ti,54,119.64,94,8614.3,16380.0,
2026-09-03T19:51:16.489842+00:00,01_yolo26_main,3,3,9.5,14.76,30.49,1511.87,NVIDIA GeForce RTX 4060 Ti,52,119.46,89,8614.3,16380.0,
2026-09-03T19:51:26.515510+00:00,01_yolo26_main,3,3,9.4,14.77,30.49,1511.87,NVIDIA GeForce RTX 4060 Ti,52,119.62,86,8614.3,16380.0,
2026-09-03T19:51:36.541828+00:00,01_yolo26_main,3,3,9.7,14.68,30.49,1511.87,NVIDIA GeForce RTX 4060 Ti,52,117.08,89,8614.3,16380.0,
2026-09-03T19:51:46.567817+00:00,01_yolo26_main,3,3,9.5,14.65,30.49,1511.87,NVIDIA GeForce RTX 4060 Ti,53,120.41,86,8614.3,16380.0,
2026-09-03T19:51:56.598821+00:00,01_yolo26_main,3,3,9.4,14.68,30.49,1511.87,NVIDIA GeForce RTX 4060 Ti,52,117.95,94,8614.3,16380.0,
2026-09-03T19:52:06.625054+00:00,01_yolo26_main,3,3,9.4,14.76,30.49,1511.87,NVIDIA GeForce RTX 4060 Ti,53,102.97,93,8614.3,16380.0,
2026-09-03T19:52:16.646851+00:00,01_yolo26_main,3,3,9.6,14.66,30.49,1511.87,NVIDIA GeForce RTX 4060 Ti,54,118.3,93,8614.3,16380.0,
2026-09-03T19:52:26.672825+00:00,01_yolo26_main,3,3,11.1,14.73,30.49,1511.87,NVIDIA GeForce RTX 4060 Ti,52,118.79,90,8614.3,16380.0,
2026-09-03T19:52:36.699995+00:00,01_yolo26_main,3,3,17.6,14.74,30.49,1511.87,NVIDIA GeForce RTX 4060 Ti,53,118.23,93,8614.3,16380.0,
2026-09-03T19:52:46.724039+00:00,01_yolo26_main,3,3,15.5,14.64,30.49,1511.87,NVIDIA GeForce RTX 4060 Ti,54,116.89,92,8614.3,16380.0,
2026-09-03T19:52:56.751735+00:00,01_yolo26_main,3,3,13.1,14.66,30.49,1511.87,NVIDIA GeForce RTX 4060 Ti,54,119.84,89,8614.3,16380.0,
2026-09-03T19:53:06.775368+00:00,01_yolo26_main,3,3,9.4,13.49,30.49,1512.16,NVIDIA GeForce RTX 4060 Ti,43,40.53,0,1952.3,16380.0,
2026-09-03T19:53:16.793027+00:00,01_yolo26_main,4,4,7.0,12.08,30.49,1512.16,NVIDIA GeForce RTX 4060 Ti,40,26.84,0,1276.3,16380.0,
2026-09-03T19:53:26.817096+00:00,01_yolo26_main,4,4,11.8,14.39,30.49,1512.16,NVIDIA GeForce RTX 4060 Ti,52,116.78,92,4852.3,16380.0,
2026-09-03T19:53:36.844142+00:00,01_yolo26_main,4,4,9.3,14.56,30.49,1511.76,NVIDIA GeForce RTX 4060 Ti,44,70.45,0,5420.3,16380.0,
2026-09-03T19:53:46.872821+00:00,01_yolo26_main,4,4,9.6,14.49,30.49,1511.76,NVIDIA GeForce RTX 4060 Ti,51,120.3,91,5420.3,16380.0,
2026-09-03T19:53:56.901833+00:00,01_yolo26_main,4,4,9.1,14.54,30.49,1511.76,NVIDIA GeForce RTX 4060 Ti,53,117.8,91,5422.3,16380.0,
2026-09-03T19:54:06.927834+00:00,01_yolo26_main,4,4,9.3,14.53,30.49,1511.76,NVIDIA GeForce RTX 4060 Ti,53,117.93,90,5422.3,16380.0,
2026-09-03T19:54:16.944057+00:00,01_yolo26_main,4,4,9.6,14.47,30.49,1511.76,NVIDIA GeForce RTX 4060 Ti,51,119.08,90,5422.3,16380.0,
2026-09-03T19:54:26.970763+00:00,01_yolo26_main,4,4,9.2,14.55,30.49,1511.76,NVIDIA GeForce RTX 4060 Ti,54,120.51,94,5422.3,16380.0,
2026-09-03T19:54:36.991407+00:00,01_yolo26_main,4,4,9.2,14.62,30.49,1511.76,NVIDIA GeForce RTX 4060 Ti,50,119.62,94,5422.3,16380.0,
2026-09-03T19:54:47.018840+00:00,01_yolo26_main,4,4,9.6,14.53,30.49,1511.76,NVIDIA GeForce RTX 4060 Ti,53,119.41,92,5422.3,16380.0,
2026-09-03T19:54:57.043825+00:00,01_yolo26_main,4,4,9.2,14.59,30.49,1511.76,NVIDIA GeForce RTX 4060 Ti,54,119.64,88,6028.3,16380.0,
2026-09-03T19:55:07.066821+00:00,01_yolo26_main,4,4,9.2,14.63,30.49,1511.76,NVIDIA GeForce RTX 4060 Ti,53,119.59,92,6028.3,16380.0,
2026-09-03T19:55:17.094919+00:00,01_yolo26_main,4,4,9.6,14.64,30.49,1511.76,NVIDIA GeForce RTX 4060 Ti,48,90.81,93,6028.3,16380.0,
2026-09-03T19:55:27.118834+00:00,01_yolo26_main,4,4,9.2,14.67,30.49,1511.76,NVIDIA GeForce RTX 4060 Ti,53,118.46,94,6028.3,16380.0,
2026-09-03T19:55:37.143824+00:00,01_yolo26_main,4,4,9.4,14.69,30.49,1511.76,NVIDIA GeForce RTX 4060 Ti,54,118.81,92,6028.3,16380.0,
2026-09-03T19:55:47.164695+00:00,01_yolo26_main,4,4,9.5,14.77,30.49,1511.76,NVIDIA GeForce RTX 4060 Ti,52,120.93,87,6496.3,16380.0,
2026-09-03T19:55:57.189206+00:00,01_yolo26_main,4,4,9.6,14.67,30.49,1511.76,NVIDIA GeForce RTX 4060 Ti,54,118.44,93,6496.3,16380.0,
2026-09-03T19:56:07.220828+00:00,01_yolo26_main,4,4,9.4,14.68,30.49,1511.76,NVIDIA GeForce RTX 4060 Ti,53,118.27,91,6496.3,16380.0,
2026-09-03T19:56:17.250104+00:00,01_yolo26_main,4,4,9.4,14.64,30.49,1511.76,NVIDIA GeForce RTX 4060 Ti,52,119.2,91,6496.3,16380.0,
2026-09-03T19:56:27.277825+00:00,01_yolo26_main,4,4,9.6,14.63,30.49,1511.76,NVIDIA GeForce RTX 4060 Ti,52,105.15,92,6496.3,16380.0,
2026-09-03T19:56:37.300816+00:00,01_yolo26_main,4,4,9.4,14.64,30.49,1511.76,NVIDIA GeForce RTX 4060 Ti,54,116.89,93,6496.3,16380.0,
2026-09-03T19:56:47.330826+00:00,01_yolo26_main,4,4,9.6,14.71,30.49,1511.76,NVIDIA GeForce RTX 4060 Ti,53,118.24,92,6496.3,16380.0,
2026-09-03T19:56:57.357823+00:00,01_yolo26_main,4,4,9.4,14.76,30.49,1511.76,NVIDIA GeForce RTX 4060 Ti,52,117.14,90,6496.3,16380.0,
2026-09-03T19:57:07.385845+00:00,01_yolo26_main,4,4,9.6,14.64,30.49,1511.76,NVIDIA GeForce RTX 4060 Ti,53,118.88,90,6496.3,16380.0,
2026-09-03T19:57:17.412820+00:00,01_yolo26_main,4,4,9.5,14.7,30.49,1511.76,NVIDIA GeForce RTX 4060 Ti,53,117.53,92,6496.3,16380.0,
2026-09-03T19:57:27.438833+00:00,01_yolo26_main,4,4,9.5,14.73,30.49,1511.76,NVIDIA GeForce RTX 4060 Ti,50,119.73,93,6496.3,16380.0,
2026-09-03T19:57:37.465821+00:00,01_yolo26_main,4,4,9.6,14.64,30.49,1511.76,NVIDIA GeForce RTX 4060 Ti,52,116.03,87,6496.3,16380.0,
2026-09-03T19:57:47.488820+00:00,01_yolo26_main,4,4,9.4,14.7,30.49,1511.76,NVIDIA GeForce RTX 4060 Ti,53,120.4,93,7034.3,16380.0,
2026-09-03T19:57:57.516838+00:00,01_yolo26_main,4,4,9.4,14.72,30.49,1511.76,NVIDIA GeForce RTX 4060 Ti,53,118.66,86,7814.3,16380.0,
2026-09-03T19:58:07.542961+00:00,01_yolo26_main,4,4,9.5,14.78,30.49,1511.76,NVIDIA GeForce RTX 4060 Ti,53,113.32,93,7814.3,16380.0,
2026-09-03T19:58:17.571092+00:00,01_yolo26_main,4,4,9.6,14.7,30.49,1511.76,NVIDIA GeForce RTX 4060 Ti,53,118.54,94,7814.3,16380.0,
2026-09-03T19:58:27.589666+00:00,01_yolo26_main,4,4,9.5,14.67,30.49,1511.76,NVIDIA GeForce RTX 4060 Ti,51,119.38,92,7814.3,16380.0,
2026-09-03T19:58:37.613840+00:00,01_yolo26_main,4,4,9.4,14.75,30.49,1511.76,NVIDIA GeForce RTX 4060 Ti,53,119.7,88,7814.3,16380.0,
2026-09-03T19:58:47.630687+00:00,01_yolo26_main,4,4,9.6,14.68,30.49,1511.76,NVIDIA GeForce RTX 4060 Ti,53,118.19,93,7814.3,16380.0,
2026-09-03T19:58:57.657017+00:00,01_yolo26_main,4,4,9.4,14.72,30.49,1511.76,NVIDIA GeForce RTX 4060 Ti,53,119.96,93,7814.3,16380.0,
2026-09-03T19:59:07.683835+00:00,01_yolo26_main,4,4,9.4,14.73,30.49,1511.76,NVIDIA GeForce RTX 4060 Ti,53,117.48,89,7814.3,16380.0,
2026-09-03T19:59:17.708842+00:00,01_yolo26_main,4,4,9.5,14.75,30.49,1511.76,NVIDIA GeForce RTX 4060 Ti,53,93.05,86,7814.3,16380.0,
2026-09-03T19:59:27.736584+00:00,01_yolo26_main,4,4,9.6,14.68,30.49,1511.76,NVIDIA GeForce RTX 4060 Ti,54,121.28,97,7814.3,16380.0,
2026-09-03T19:59:37.762858+00:00,01_yolo26_main,4,4,9.4,14.71,30.49,1511.76,NVIDIA GeForce RTX 4060 Ti,50,108.8,92,7814.3,16380.0,
2026-09-03T19:59:47.788837+00:00,01_yolo26_main,4,4,9.4,14.76,30.49,1511.76,NVIDIA GeForce RTX 4060 Ti,52,117.96,93,7814.3,16380.0,
2026-09-03T19:59:57.816821+00:00,01_yolo26_main,4,4,9.6,14.67,30.49,1511.76,NVIDIA GeForce RTX 4060 Ti,53,118.91,92,7814.3,16380.0,
2026-09-03T20:00:07.843729+00:00,01_yolo26_main,4,4,9.4,14.68,30.49,1511.76,NVIDIA GeForce RTX 4060 Ti,51,118.31,90,7814.3,16380.0,
2026-09-03T20:00:17.868059+00:00,01_yolo26_main,4,4,9.4,14.73,30.49,1511.76,NVIDIA GeForce RTX 4060 Ti,54,118.94,94,7814.3,16380.0,
2026-09-03T20:00:27.894702+00:00,01_yolo26_main,4,4,9.2,14.64,30.49,1511.76,NVIDIA GeForce RTX 4060 Ti,50,75.23,3,7814.3,16380.0,
2026-09-03T20:00:37.921833+00:00,01_yolo26_main,4,4,9.5,14.66,30.49,1511.76,NVIDIA GeForce RTX 4060 Ti,53,118.57,94,7814.3,16380.0,
2026-09-03T20:00:47.948822+00:00,01_yolo26_main,4,4,9.4,14.71,30.49,1511.76,NVIDIA GeForce RTX 4060 Ti,53,120.99,88,7814.3,16380.0,
2026-09-03T20:00:57.975853+00:00,01_yolo26_main,4,4,9.4,14.75,30.49,1511.76,NVIDIA GeForce RTX 4060 Ti,53,119.61,86,7814.3,16380.0,
2026-09-03T20:01:07.999820+00:00,01_yolo26_main,4,4,9.5,14.65,30.49,1511.76,NVIDIA GeForce RTX 4060 Ti,54,119.85,91,7814.3,16380.0,
2026-09-03T20:01:18.028857+00:00,01_yolo26_main,4,4,9.4,14.69,30.49,1511.76,NVIDIA GeForce RTX 4060 Ti,54,118.67,86,7814.3,16380.0,
2026-09-03T20:01:28.052807+00:00,01_yolo26_main,4,4,9.7,14.65,30.49,1511.76,NVIDIA GeForce RTX 4060 Ti,53,120.38,92,7814.3,16380.0,
2026-09-03T20:01:38.075822+00:00,01_yolo26_main,4,4,9.5,14.76,30.49,1511.76,NVIDIA GeForce RTX 4060 Ti,51,76.25,0,7814.3,16380.0,
2026-09-03T20:01:48.102820+00:00,01_yolo26_main,4,4,9.8,14.67,30.49,1511.76,NVIDIA GeForce RTX 4060 Ti,53,118.08,85,7814.3,16380.0,
2026-09-03T20:01:58.129820+00:00,01_yolo26_main,4,4,9.4,14.69,30.49,1511.76,NVIDIA GeForce RTX 4060 Ti,53,119.19,93,7814.3,16380.0,
2026-09-03T20:02:08.156820+00:00,01_yolo26_main,4,4,9.5,14.75,30.49,1511.76,NVIDIA GeForce RTX 4060 Ti,51,118.25,92,7814.3,16380.0,
2026-09-03T20:02:18.183913+00:00,01_yolo26_main,4,4,9.6,14.65,30.49,1511.76,NVIDIA GeForce RTX 4060 Ti,52,116.65,94,7814.3,16380.0,
2026-09-03T20:02:28.210045+00:00,01_yolo26_main,4,4,9.5,14.63,30.49,1511.76,NVIDIA GeForce RTX 4060 Ti,53,119.17,93,7814.3,16380.0,
2026-09-03T20:02:38.239831+00:00,01_yolo26_main,4,4,9.5,14.71,30.49,1511.76,NVIDIA GeForce RTX 4060 Ti,51,117.51,93,7814.3,16380.0,
2026-09-03T20:02:48.265099+00:00,01_yolo26_main,4,4,9.5,14.75,30.49,1511.76,NVIDIA GeForce RTX 4060 Ti,47,72.51,23,7814.3,16380.0,
2026-09-03T20:02:58.289825+00:00,01_yolo26_main,4,4,9.6,14.67,30.49,1511.76,NVIDIA GeForce RTX 4060 Ti,52,117.85,93,7814.3,16380.0,
2026-09-03T20:03:08.314810+00:00,01_yolo26_main,4,4,9.4,14.69,30.49,1511.76,NVIDIA GeForce RTX 4060 Ti,53,119.22,92,7814.3,16380.0,
2026-09-03T20:03:18.341226+00:00,01_yolo26_main,4,4,9.4,14.7,30.49,1511.76,NVIDIA GeForce RTX 4060 Ti,53,118.44,91,7814.3,16380.0,
2026-09-03T20:03:28.366507+00:00,01_yolo26_main,4,4,9.6,14.62,30.49,1511.76,NVIDIA GeForce RTX 4060 Ti,53,119.21,87,7814.3,16380.0,
2026-09-03T20:03:38.392759+00:00,01_yolo26_main,4,4,9.4,14.69,30.49,1511.76,NVIDIA GeForce RTX 4060 Ti,53,118.83,85,7814.3,16380.0,
2026-09-03T20:03:48.412824+00:00,01_yolo26_main,4,4,9.4,14.68,30.49,1511.76,NVIDIA GeForce RTX 4060 Ti,52,116.15,98,7814.3,16380.0,
2026-09-03T20:03:58.439823+00:00,01_yolo26_main,4,4,9.5,14.75,30.49,1511.76,NVIDIA GeForce RTX 4060 Ti,52,68.04,93,7814.3,16380.0,
2026-09-03T20:04:08.467826+00:00,01_yolo26_main,4,4,9.6,14.64,30.49,1511.76,NVIDIA GeForce RTX 4060 Ti,54,119.46,88,7814.3,16380.0,
2026-09-03T20:04:18.494824+00:00,01_yolo26_main,4,4,9.5,14.67,30.49,1511.76,NVIDIA GeForce RTX 4060 Ti,54,119.62,92,7814.3,16380.0,
2026-09-03T20:04:28.521737+00:00,01_yolo26_main,4,4,9.4,14.74,30.49,1511.76,NVIDIA GeForce RTX 4060 Ti,52,119.82,89,7814.3,16380.0,
2026-09-03T20:04:38.539089+00:00,01_yolo26_main,4,4,9.6,14.67,30.49,1511.76,NVIDIA GeForce RTX 4060 Ti,54,118.72,93,7814.3,16380.0,
2026-09-03T20:04:48.563822+00:00,01_yolo26_main,4,4,9.2,14.7,30.49,1511.76,NVIDIA GeForce RTX 4060 Ti,51,116.86,94,7814.3,16380.0,
2026-09-03T20:04:58.590808+00:00,01_yolo26_main,4,4,9.4,14.67,30.49,1511.76,NVIDIA GeForce RTX 4060 Ti,53,117.99,92,7814.3,16380.0,
2026-09-03T20:05:08.614846+00:00,01_yolo26_main,4,4,9.5,14.85,30.49,1511.76,NVIDIA GeForce RTX 4060 Ti,45,73.11,7,7814.3,16380.0,
2026-09-03T20:05:18.637846+00:00,01_yolo26_main,4,4,9.5,14.65,30.49,1511.76,NVIDIA GeForce RTX 4060 Ti,51,119.61,93,7814.3,16380.0,
2026-09-03T20:05:28.664283+00:00,01_yolo26_main,4,4,9.3,14.7,30.49,1511.76,NVIDIA GeForce RTX 4060 Ti,53,118.52,94,7814.3,16380.0,
2026-09-03T20:05:38.692840+00:00,01_yolo26_main,4,4,9.3,14.67,30.49,1511.76,NVIDIA GeForce RTX 4060 Ti,51,119.0,92,7814.3,16380.0,
2026-09-03T20:05:48.717826+00:00,01_yolo26_main,4,4,9.5,14.64,30.49,1511.76,NVIDIA GeForce RTX 4060 Ti,51,117.79,94,7814.3,16380.0,
2026-09-03T20:05:58.744837+00:00,01_yolo26_main,4,4,9.4,14.67,30.49,1511.76,NVIDIA GeForce RTX 4060 Ti,53,117.82,87,7814.3,16380.0,
2026-09-03T20:06:08.771833+00:00,01_yolo26_main,4,4,9.4,14.71,30.49,1511.76,NVIDIA GeForce RTX 4060 Ti,52,118.82,92,7814.3,16380.0,
2026-09-03T20:06:18.798852+00:00,01_yolo26_main,4,4,9.6,14.82,30.49,1511.76,NVIDIA GeForce RTX 4060 Ti,48,86.14,56,7814.3,16380.0,
2026-09-03T20:06:28.840819+00:00,01_yolo26_main,4,4,9.4,14.69,30.49,1511.76,NVIDIA GeForce RTX 4060 Ti,53,118.98,85,7814.3,16380.0,
2026-09-03T20:06:38.867824+00:00,01_yolo26_main,4,4,9.6,14.68,30.49,1511.76,NVIDIA GeForce RTX 4060 Ti,51,118.86,92,7814.3,16380.0,
2026-09-03T20:06:48.895826+00:00,01_yolo26_main,4,4,9.5,14.73,30.49,1511.76,NVIDIA GeForce RTX 4060 Ti,53,120.38,88,7814.3,16380.0,
2026-09-03T20:06:58.922820+00:00,01_yolo26_main,4,4,9.5,14.67,30.49,1511.76,NVIDIA GeForce RTX 4060 Ti,53,120.62,85,7814.3,16380.0,
2026-09-03T20:07:08.949819+00:00,01_yolo26_main,4,4,9.4,14.7,30.49,1511.76,NVIDIA GeForce RTX 4060 Ti,50,119.84,93,7814.3,16380.0,
2026-09-03T20:07:18.976832+00:00,01_yolo26_main,4,4,9.4,14.72,30.49,1511.76,NVIDIA GeForce RTX 4060 Ti,53,119.64,92,7814.3,16380.0,
2026-09-03T20:07:29.002099+00:00,01_yolo26_main,4,4,9.4,14.86,30.49,1511.76,NVIDIA GeForce RTX 4060 Ti,44,69.76,69,7814.3,16380.0,
2026-09-03T20:07:39.024828+00:00,01_yolo26_main,4,4,9.6,14.67,30.49,1511.76,NVIDIA GeForce RTX 4060 Ti,51,117.54,94,7814.3,16380.0,
2026-09-03T20:07:49.042835+00:00,01_yolo26_main,4,4,9.4,14.68,30.49,1511.76,NVIDIA GeForce RTX 4060 Ti,53,118.85,94,7814.3,16380.0,
2026-09-03T20:07:59.068826+00:00,01_yolo26_main,4,4,9.4,14.62,30.49,1511.76,NVIDIA GeForce RTX 4060 Ti,47,110.66,88,7814.3,16380.0,
2026-09-03T20:08:09.094851+00:00,01_yolo26_main,4,4,9.5,14.62,30.49,1511.76,NVIDIA GeForce RTX 4060 Ti,54,118.8,93,7814.3,16380.0,
2026-09-03T20:08:19.121174+00:00,01_yolo26_main,4,4,9.4,14.68,30.49,1511.76,NVIDIA GeForce RTX 4060 Ti,53,118.97,91,7814.3,16380.0,
2026-09-03T20:08:29.148049+00:00,01_yolo26_main,4,4,9.4,14.74,30.49,1511.76,NVIDIA GeForce RTX 4060 Ti,53,118.76,89,7814.3,16380.0,
2026-09-03T20:08:39.174233+00:00,01_yolo26_main,4,4,9.5,14.74,30.49,1511.76,NVIDIA GeForce RTX 4060 Ti,47,90.79,93,7814.3,16380.0,
2026-09-03T20:08:49.198227+00:00,01_yolo26_main,4,4,9.5,14.66,30.49,1511.76,NVIDIA GeForce RTX 4060 Ti,54,117.37,91,7814.3,16380.0,
2026-09-03T20:08:59.224734+00:00,01_yolo26_main,4,4,9.4,14.7,30.49,1511.76,NVIDIA GeForce RTX 4060 Ti,53,118.26,90,7814.3,16380.0,
2026-09-03T20:09:09.249705+00:00,01_yolo26_main,4,4,9.4,14.73,30.49,1511.76,NVIDIA GeForce RTX 4060 Ti,53,120.66,87,7814.3,16380.0,
2026-09-03T20:09:19.275817+00:00,01_yolo26_main,4,4,9.6,14.67,30.49,1511.76,NVIDIA GeForce RTX 4060 Ti,53,119.3,92,7814.3,16380.0,
2026-09-03T20:09:29.302494+00:00,01_yolo26_main,4,4,9.4,14.69,30.49,1511.76,NVIDIA GeForce RTX 4060 Ti,53,119.78,91,7814.3,16380.0,
2026-09-03T20:09:39.329819+00:00,01_yolo26_main,4,4,9.5,14.73,30.49,1511.76,NVIDIA GeForce RTX 4060 Ti,54,119.22,88,7814.3,16380.0,
2026-09-03T20:09:49.356836+00:00,01_yolo26_main,4,4,9.6,14.9,30.49,1511.76,NVIDIA GeForce RTX 4060 Ti,51,91.81,89,7814.3,16380.0,
2026-09-03T20:09:59.380833+00:00,01_yolo26_main,4,4,9.4,14.68,30.49,1511.76,NVIDIA GeForce RTX 4060 Ti,53,118.3,95,7814.3,16380.0,
2026-09-03T20:10:09.406855+00:00,01_yolo26_main,4,4,9.4,14.7,30.49,1511.76,NVIDIA GeForce RTX 4060 Ti,51,119.77,93,7814.3,16380.0,
2026-09-03T20:10:19.421849+00:00,01_yolo26_main,4,4,9.4,14.76,30.49,1511.76,NVIDIA GeForce RTX 4060 Ti,51,119.85,92,7814.3,16380.0,
2026-09-03T20:10:29.448363+00:00,01_yolo26_main,4,4,9.6,14.66,30.49,1511.76,NVIDIA GeForce RTX 4060 Ti,53,117.53,89,7814.3,16380.0,
2026-09-03T20:10:39.475831+00:00,01_yolo26_main,4,4,9.4,14.7,30.49,1511.76,NVIDIA GeForce RTX 4060 Ti,53,119.48,93,7814.3,16380.0,
2026-09-03T20:10:49.501817+00:00,01_yolo26_main,4,4,9.5,14.74,30.49,1511.76,NVIDIA GeForce RTX 4060 Ti,53,118.25,91,7814.3,16380.0,
2026-09-03T20:10:59.531883+00:00,01_yolo26_main,4,4,9.5,14.86,30.49,1511.76,NVIDIA GeForce RTX 4060 Ti,45,93.58,13,7814.3,16380.0,
2026-09-03T20:11:09.554820+00:00,01_yolo26_main,4,4,9.2,14.65,30.49,1511.76,NVIDIA GeForce RTX 4060 Ti,51,118.28,92,7814.3,16380.0,
2026-09-03T20:11:19.578826+00:00,01_yolo26_main,4,4,9.4,14.69,30.49,1511.76,NVIDIA GeForce RTX 4060 Ti,53,120.11,93,7814.3,16380.0,
2026-09-03T20:11:29.597281+00:00,01_yolo26_main,4,4,9.4,14.77,30.49,1511.76,NVIDIA GeForce RTX 4060 Ti,50,119.03,92,7814.3,16380.0,
2026-09-03T20:11:39.620818+00:00,01_yolo26_main,4,4,9.6,14.66,30.49,1511.76,NVIDIA GeForce RTX 4060 Ti,53,119.58,94,7814.3,16380.0,
2026-09-03T20:11:49.640822+00:00,01_yolo26_main,4,4,9.8,14.68,30.49,1511.76,NVIDIA GeForce RTX 4060 Ti,52,117.9,90,7814.3,16380.0,
2026-09-03T20:11:59.667826+00:00,01_yolo26_main,4,4,9.4,14.73,30.49,1511.76,NVIDIA GeForce RTX 4060 Ti,53,118.65,94,7814.3,16380.0,
2026-09-03T20:12:09.683687+00:00,01_yolo26_main,4,4,9.6,14.61,30.49,1511.76,NVIDIA GeForce RTX 4060 Ti,51,104.34,93,7814.3,16380.0,
2026-09-03T20:12:19.706818+00:00,01_yolo26_main,4,4,9.4,14.66,30.49,1511.76,NVIDIA GeForce RTX 4060 Ti,52,120.37,97,7814.3,16380.0,
2026-09-03T20:12:29.733863+00:00,01_yolo26_main,4,4,9.4,14.7,30.49,1511.76,NVIDIA GeForce RTX 4060 Ti,51,119.08,93,7814.3,16380.0,
2026-09-03T20:12:39.760140+00:00,01_yolo26_main,4,4,9.5,14.74,30.49,1511.76,NVIDIA GeForce RTX 4060 Ti,52,118.48,93,7814.3,16380.0,
2026-09-03T20:12:49.783815+00:00,01_yolo26_main,4,4,9.6,14.68,30.49,1511.76,NVIDIA GeForce RTX 4060 Ti,54,119.63,86,7814.3,16380.0,
2026-09-03T20:12:59.815821+00:00,01_yolo26_main,4,4,9.4,14.67,30.49,1511.76,NVIDIA GeForce RTX 4060 Ti,54,120.63,93,7814.3,16380.0,
2026-09-03T20:13:09.843820+00:00,01_yolo26_main,4,4,9.4,14.74,30.49,1511.76,NVIDIA GeForce RTX 4060 Ti,52,119.14,93,7814.3,16380.0,
2026-09-03T20:13:19.870898+00:00,01_yolo26_main,4,4,9.6,14.75,30.49,1511.76,NVIDIA GeForce RTX 4060 Ti,52,97.37,80,7814.3,16380.0,
2026-09-03T20:13:29.894820+00:00,01_yolo26_main,4,4,9.4,14.72,30.49,1511.76,NVIDIA GeForce RTX 4060 Ti,54,119.94,92,7814.3,16380.0,
2026-09-03T20:13:39.922817+00:00,01_yolo26_main,4,4,9.4,14.65,30.49,1511.76,NVIDIA GeForce RTX 4060 Ti,52,118.07,90,7814.3,16380.0,
2026-09-03T20:13:49.950898+00:00,01_yolo26_main,4,4,9.4,14.77,30.49,1511.76,NVIDIA GeForce RTX 4060 Ti,53,118.98,93,7814.3,16380.0,
2026-09-03T20:13:59.978837+00:00,01_yolo26_main,4,4,9.6,14.66,30.49,1511.76,NVIDIA GeForce RTX 4060 Ti,52,119.25,92,7814.3,16380.0,
2026-09-03T20:14:10.007095+00:00,01_yolo26_main,4,4,9.7,14.6,30.49,1511.76,NVIDIA GeForce RTX 4060 Ti,53,119.47,94,7814.3,16380.0,
2026-09-03T20:14:20.031839+00:00,01_yolo26_main,4,4,9.4,14.73,30.49,1511.76,NVIDIA GeForce RTX 4060 Ti,52,118.73,94,7814.3,16380.0,
2026-09-03T20:14:30.057882+00:00,01_yolo26_main,4,4,9.6,14.73,30.49,1511.76,NVIDIA GeForce RTX 4060 Ti,46,93.03,83,7814.3,16380.0,
2026-09-03T20:14:40.081828+00:00,01_yolo26_main,4,4,9.4,14.7,30.49,1511.76,NVIDIA GeForce RTX 4060 Ti,53,118.22,95,7814.3,16380.0,
2026-09-03T20:14:50.110825+00:00,01_yolo26_main,4,4,9.5,14.73,30.49,1511.76,NVIDIA GeForce RTX 4060 Ti,52,119.44,93,7814.3,16380.0,
2026-09-03T20:15:00.137820+00:00,01_yolo26_main,4,4,9.4,14.67,30.49,1511.76,NVIDIA GeForce RTX 4060 Ti,51,116.83,93,7814.3,16380.0,
2026-09-03T20:15:10.164833+00:00,01_yolo26_main,4,4,9.5,14.68,30.49,1511.76,NVIDIA GeForce RTX 4060 Ti,53,111.12,28,7814.3,16380.0,
2026-09-03T20:15:20.190836+00:00,01_yolo26_main,4,4,9.5,14.66,30.49,1511.76,NVIDIA GeForce RTX 4060 Ti,54,119.76,92,7814.3,16380.0,
2026-09-03T20:15:30.218822+00:00,01_yolo26_main,4,4,9.4,14.67,30.49,1511.76,NVIDIA GeForce RTX 4060 Ti,53,119.49,88,7814.3,16380.0,
2026-09-03T20:15:40.246879+00:00,01_yolo26_main,4,4,9.5,14.79,30.49,1511.76,NVIDIA GeForce RTX 4060 Ti,47,90.37,91,7814.3,16380.0,
2026-09-03T20:15:50.270817+00:00,01_yolo26_main,4,4,9.5,14.68,30.49,1511.76,NVIDIA GeForce RTX 4060 Ti,53,120.57,91,7814.3,16380.0,
2026-09-03T20:16:00.297858+00:00,01_yolo26_main,4,4,9.5,14.71,30.49,1511.76,NVIDIA GeForce RTX 4060 Ti,51,119.18,92,7814.3,16380.0,
2026-09-03T20:16:10.321901+00:00,01_yolo26_main,4,4,9.4,14.76,30.49,1511.76,NVIDIA GeForce RTX 4060 Ti,52,117.38,85,7814.3,16380.0,
2026-09-03T20:16:20.343474+00:00,01_yolo26_main,4,4,9.6,14.72,30.49,1511.76,NVIDIA GeForce RTX 4060 Ti,51,118.03,92,7814.3,16380.0,
2026-09-03T20:16:30.370848+00:00,01_yolo26_main,4,4,9.4,14.69,30.49,1511.76,NVIDIA GeForce RTX 4060 Ti,52,116.76,93,7814.3,16380.0,
2026-09-03T20:16:40.395791+00:00,01_yolo26_main,4,4,9.4,14.76,30.49,1511.76,NVIDIA GeForce RTX 4060 Ti,53,117.67,93,7814.3,16380.0,
2026-09-03T20:16:50.418064+00:00,01_yolo26_main,4,4,9.9,14.68,30.49,1511.76,NVIDIA GeForce RTX 4060 Ti,50,111.39,91,7814.3,16380.0,
2026-09-03T20:17:00.445820+00:00,01_yolo26_main,4,4,9.4,14.66,30.49,1511.76,NVIDIA GeForce RTX 4060 Ti,53,117.32,90,7814.3,16380.0,
2026-09-03T20:17:10.472062+00:00,01_yolo26_main,4,4,9.4,14.72,30.49,1511.76,NVIDIA GeForce RTX 4060 Ti,53,118.57,93,7814.3,16380.0,
2026-09-03T20:17:20.496808+00:00,01_yolo26_main,4,4,9.4,14.78,30.49,1511.76,NVIDIA GeForce RTX 4060 Ti,53,117.38,93,7814.3,16380.0,
2026-09-03T20:17:30.525858+00:00,01_yolo26_main,4,4,9.6,14.69,30.49,1511.76,NVIDIA GeForce RTX 4060 Ti,53,118.99,93,7814.3,16380.0,
2026-09-03T20:17:40.551898+00:00,01_yolo26_main,4,4,9.4,14.72,30.49,1511.76,NVIDIA GeForce RTX 4060 Ti,53,117.86,85,7814.3,16380.0,
2026-09-03T20:17:50.580648+00:00,01_yolo26_main,4,4,9.3,14.73,30.49,1511.76,NVIDIA GeForce RTX 4060 Ti,52,120.01,93,7814.3,16380.0,
2026-09-03T20:18:00.606667+00:00,01_yolo26_main,4,4,9.5,14.66,30.49,1511.76,NVIDIA GeForce RTX 4060 Ti,53,117.85,85,7814.3,16380.0,
2026-09-03T20:18:10.634846+00:00,01_yolo26_main,4,4,9.5,14.66,30.49,1511.76,NVIDIA GeForce RTX 4060 Ti,53,115.65,94,7814.3,16380.0,
2026-09-03T20:18:20.658834+00:00,01_yolo26_main,4,4,9.5,14.73,30.49,1511.76,NVIDIA GeForce RTX 4060 Ti,53,117.95,93,7814.3,16380.0,
2026-09-03T20:18:30.685823+00:00,01_yolo26_main,4,4,9.5,14.78,30.49,1511.76,NVIDIA GeForce RTX 4060 Ti,51,76.64,93,7814.3,16380.0,
2026-09-03T20:18:40.713507+00:00,01_yolo26_main,4,4,9.6,14.68,30.49,1511.76,NVIDIA GeForce RTX 4060 Ti,53,119.01,93,7814.3,16380.0,
2026-09-03T20:18:50.740815+00:00,01_yolo26_main,4,4,9.4,14.69,30.49,1511.76,NVIDIA GeForce RTX 4060 Ti,53,119.36,94,7814.3,16380.0,
2026-09-03T20:19:00.769832+00:00,01_yolo26_main,4,4,9.4,14.72,30.49,1511.76,NVIDIA GeForce RTX 4060 Ti,53,117.87,98,7814.3,16380.0,
2026-09-03T20:19:10.794825+00:00,01_yolo26_main,4,4,9.6,14.66,30.49,1511.76,NVIDIA GeForce RTX 4060 Ti,51,119.82,90,7814.3,16380.0,
2026-09-03T20:19:20.818823+00:00,01_yolo26_main,4,4,9.4,14.63,30.49,1511.76,NVIDIA GeForce RTX 4060 Ti,53,119.44,93,7814.3,16380.0,
2026-09-03T20:19:30.840901+00:00,01_yolo26_main,4,4,9.5,14.73,30.49,1511.76,NVIDIA GeForce RTX 4060 Ti,54,119.88,92,7814.3,16380.0,
2026-09-03T20:19:40.867870+00:00,01_yolo26_main,4,4,9.4,14.79,30.49,1511.76,NVIDIA GeForce RTX 4060 Ti,44,69.87,0,7814.3,16380.0,
2026-09-03T20:19:50.893817+00:00,01_yolo26_main,4,4,9.6,14.71,30.49,1511.76,NVIDIA GeForce RTX 4060 Ti,53,118.3,93,7814.3,16380.0,
2026-09-03T20:20:00.921853+00:00,01_yolo26_main,4,4,9.4,14.68,30.49,1511.76,NVIDIA GeForce RTX 4060 Ti,53,119.94,94,7814.3,16380.0,
2026-09-03T20:20:10.948820+00:00,01_yolo26_main,4,4,9.4,14.65,30.49,1511.76,NVIDIA GeForce RTX 4060 Ti,53,119.67,86,7814.3,16380.0,
2026-09-03T20:20:20.975823+00:00,01_yolo26_main,4,4,9.6,14.65,30.49,1511.76,NVIDIA GeForce RTX 4060 Ti,51,120.1,89,7814.3,16380.0,
2026-09-03T20:20:31.003810+00:00,01_yolo26_main,4,4,9.3,14.68,30.49,1511.76,NVIDIA GeForce RTX 4060 Ti,53,119.91,94,7814.3,16380.0,
2026-09-03T20:20:41.027780+00:00,01_yolo26_main,4,4,9.4,14.75,30.49,1511.76,NVIDIA GeForce RTX 4060 Ti,53,120.08,89,7814.3,16380.0,
2026-09-03T20:20:51.054841+00:00,01_yolo26_main,4,4,9.4,14.7,30.49,1511.76,NVIDIA GeForce RTX 4060 Ti,44,63.82,29,7814.3,16380.0,
2026-09-03T20:21:01.080835+00:00,01_yolo26_main,4,4,9.6,14.66,30.49,1511.76,NVIDIA GeForce RTX 4060 Ti,52,119.58,92,7814.3,16380.0,
2026-09-03T20:21:11.108851+00:00,01_yolo26_main,4,4,9.4,14.74,30.49,1511.76,NVIDIA GeForce RTX 4060 Ti,53,120.14,89,7814.3,16380.0,
2026-09-03T20:21:21.128583+00:00,01_yolo26_main,4,4,9.3,14.66,30.49,1511.76,NVIDIA GeForce RTX 4060 Ti,53,119.17,94,7814.3,16380.0,
2026-09-03T20:21:31.155820+00:00,01_yolo26_main,4,4,9.6,14.64,30.49,1511.76,NVIDIA GeForce RTX 4060 Ti,53,118.46,93,7814.3,16380.0,
2026-09-03T20:21:41.184795+00:00,01_yolo26_main,4,4,9.4,14.7,30.49,1511.76,NVIDIA GeForce RTX 4060 Ti,54,119.9,92,7814.3,16380.0,
2026-09-03T20:21:51.202830+00:00,01_yolo26_main,4,4,9.6,14.68,30.49,1511.76,NVIDIA GeForce RTX 4060 Ti,53,118.13,92,7814.3,16380.0,
2026-09-03T20:22:01.229892+00:00,01_yolo26_main,4,4,9.4,14.77,30.49,1511.76,NVIDIA GeForce RTX 4060 Ti,45,62.78,87,7814.3,16380.0,
2026-09-03T20:22:11.257092+00:00,01_yolo26_main,4,4,9.6,14.67,30.49,1511.76,NVIDIA GeForce RTX 4060 Ti,53,117.91,92,7814.3,16380.0,
2026-09-03T20:22:21.283526+00:00,01_yolo26_main,4,4,9.4,14.74,30.49,1511.76,NVIDIA GeForce RTX 4060 Ti,51,118.95,93,7814.3,16380.0,
2026-09-03T20:22:31.315424+00:00,01_yolo26_main,4,4,13.4,14.77,30.49,1511.76,NVIDIA GeForce RTX 4060 Ti,53,117.68,93,7814.3,16380.0,
2026-09-03T20:22:41.340853+00:00,01_yolo26_main,4,4,15.9,14.67,30.49,1511.76,NVIDIA GeForce RTX 4060 Ti,53,116.06,91,7814.3,16380.0,
2026-09-03T20:22:51.367825+00:00,01_yolo26_main,4,4,15.5,14.67,30.49,1511.76,NVIDIA GeForce RTX 4060 Ti,53,117.28,93,7814.3,16380.0,
2026-09-03T20:23:01.394829+00:00,01_yolo26_main,4,4,9.4,14.73,30.49,1511.76,NVIDIA GeForce RTX 4060 Ti,53,118.56,91,7814.3,16380.0,
2026-09-03T20:23:11.422007+00:00,01_yolo26_main,4,4,9.6,14.63,30.49,1511.76,NVIDIA GeForce RTX 4060 Ti,53,116.31,93,7814.3,16380.0,
2026-09-03T20:23:21.447823+00:00,01_yolo26_main,4,4,9.3,14.65,30.49,1511.76,NVIDIA GeForce RTX 4060 Ti,53,119.2,93,7814.3,16380.0,
2026-09-03T20:23:31.474820+00:00,01_yolo26_main,4,4,9.4,14.71,30.49,1511.76,NVIDIA GeForce RTX 4060 Ti,50,119.86,87,7814.3,16380.0,
2026-09-03T20:23:41.502833+00:00,01_yolo26_main,4,4,9.5,14.74,30.49,1511.76,NVIDIA GeForce RTX 4060 Ti,52,117.81,90,7814.3,16380.0,
2026-09-03T20:23:51.532872+00:00,01_yolo26_main,4,4,9.7,14.64,30.49,1511.76,NVIDIA GeForce RTX 4060 Ti,54,119.1,88,7814.3,16380.0,
2026-09-03T20:24:01.559827+00:00,01_yolo26_main,4,4,9.3,14.63,30.49,1511.76,NVIDIA GeForce RTX 4060 Ti,52,119.44,94,7814.3,16380.0,
2026-09-03T20:24:11.587830+00:00,01_yolo26_main,4,4,9.4,14.67,30.49,1511.76,NVIDIA GeForce RTX 4060 Ti,51,118.73,92,7814.3,16380.0,
2026-09-03T20:24:21.612811+00:00,01_yolo26_main,4,4,9.6,14.61,30.49,1511.76,NVIDIA GeForce RTX 4060 Ti,53,113.57,86,7814.3,16380.0,
2026-09-03T20:24:31.637815+00:00,01_yolo26_main,4,4,9.4,14.68,30.49,1511.76,NVIDIA GeForce RTX 4060 Ti,52,119.24,92,7814.3,16380.0,
2026-09-03T20:24:41.664822+00:00,01_yolo26_main,4,4,9.4,14.72,30.49,1511.76,NVIDIA GeForce RTX 4060 Ti,53,119.46,88,7814.3,16380.0,
2026-09-03T20:24:51.691831+00:00,01_yolo26_main,4,4,9.5,14.64,30.49,1511.76,NVIDIA GeForce RTX 4060 Ti,52,117.23,92,7814.3,16380.0,
2026-09-03T20:25:01.715835+00:00,01_yolo26_main,4,4,9.6,14.65,30.49,1511.76,NVIDIA GeForce RTX 4060 Ti,53,119.4,87,7814.3,16380.0,
2026-09-03T20:25:11.737160+00:00,01_yolo26_main,4,4,9.4,14.64,30.49,1511.76,NVIDIA GeForce RTX 4060 Ti,53,118.5,90,7814.3,16380.0,
2026-09-03T20:25:21.763826+00:00,01_yolo26_main,4,4,9.4,14.66,30.49,1511.76,NVIDIA GeForce RTX 4060 Ti,53,117.63,94,7814.3,16380.0,
2026-09-03T20:25:31.788815+00:00,01_yolo26_main,4,4,9.6,14.61,30.49,1511.76,NVIDIA GeForce RTX 4060 Ti,52,116.78,92,7814.3,16380.0,
2026-09-03T20:25:41.815843+00:00,01_yolo26_main,4,4,9.4,14.63,30.49,1511.76,NVIDIA GeForce RTX 4060 Ti,53,118.59,89,7814.3,16380.0,
2026-09-03T20:25:51.839837+00:00,01_yolo26_main,4,4,9.5,14.71,30.49,1511.76,NVIDIA GeForce RTX 4060 Ti,53,120.34,93,7814.3,16380.0,
2026-09-03T20:26:01.866847+00:00,01_yolo26_main,4,4,9.4,14.78,30.49,1511.76,NVIDIA GeForce RTX 4060 Ti,52,93.03,87,7814.3,16380.0,
2026-09-03T20:26:11.892827+00:00,01_yolo26_main,4,4,9.6,14.65,30.49,1511.76,NVIDIA GeForce RTX 4060 Ti,53,116.76,87,7814.3,16380.0,
2026-09-03T20:26:21.919844+00:00,01_yolo26_main,4,4,9.3,14.68,30.49,1511.76,NVIDIA GeForce RTX 4060 Ti,53,118.69,92,7814.3,16380.0,
2026-09-03T20:26:31.945826+00:00,01_yolo26_main,4,4,9.4,14.74,30.49,1511.76,NVIDIA GeForce RTX 4060 Ti,53,120.31,85,7814.3,16380.0,
2026-09-03T20:26:41.975391+00:00,01_yolo26_main,4,4,9.6,14.7,30.49,1511.76,NVIDIA GeForce RTX 4060 Ti,49,118.98,89,7814.3,16380.0,
2026-09-03T20:26:52.001371+00:00,01_yolo26_main,4,4,9.7,14.66,30.49,1511.76,NVIDIA GeForce RTX 4060 Ti,53,117.9,93,7814.3,16380.0,
2026-09-03T20:27:02.026818+00:00,01_yolo26_main,4,4,9.2,14.7,30.49,1511.76,NVIDIA GeForce RTX 4060 Ti,53,117.18,93,7814.3,16380.0,
2026-09-03T20:27:12.052843+00:00,01_yolo26_main,4,4,9.5,14.73,30.49,1511.76,NVIDIA GeForce RTX 4060 Ti,52,70.31,0,7814.3,16380.0,
2026-09-03T20:27:22.080823+00:00,01_yolo26_main,4,4,9.6,14.65,30.49,1511.76,NVIDIA GeForce RTX 4060 Ti,52,119.57,93,7814.3,16380.0,
2026-09-03T20:27:32.109824+00:00,01_yolo26_main,4,4,9.4,14.72,30.49,1511.76,NVIDIA GeForce RTX 4060 Ti,52,118.12,87,7814.3,16380.0,
2026-09-03T20:27:42.136356+00:00,01_yolo26_main,4,4,9.4,14.77,30.49,1511.76,NVIDIA GeForce RTX 4060 Ti,50,117.49,90,7814.3,16380.0,
2026-09-03T20:27:52.163766+00:00,01_yolo26_main,4,4,9.9,14.67,30.49,1511.76,NVIDIA GeForce RTX 4060 Ti,53,118.84,92,7814.3,16380.0,
2026-09-03T20:28:02.190819+00:00,01_yolo26_main,4,4,9.4,14.64,30.49,1511.76,NVIDIA GeForce RTX 4060 Ti,53,118.87,85,7814.3,16380.0,
2026-09-03T20:28:12.217818+00:00,01_yolo26_main,4,4,9.4,14.68,30.49,1511.76,NVIDIA GeForce RTX 4060 Ti,50,117.5,92,7814.3,16380.0,
2026-09-03T20:28:22.251826+00:00,01_yolo26_main,4,4,9.2,14.64,30.49,1511.76,NVIDIA GeForce RTX 4060 Ti,44,42.22,8,7814.3,16380.0,
2026-09-03T20:28:32.277822+00:00,01_yolo26_main,4,4,9.6,14.66,30.49,1511.76,NVIDIA GeForce RTX 4060 Ti,53,118.9,93,7814.3,16380.0,
2026-09-03T20:28:42.305919+00:00,01_yolo26_main,4,4,9.5,14.69,30.49,1511.76,NVIDIA GeForce RTX 4060 Ti,51,118.38,93,7814.3,16380.0,
2026-09-03T20:28:52.330844+00:00,01_yolo26_main,4,4,9.3,14.73,30.49,1511.76,NVIDIA GeForce RTX 4060 Ti,53,119.2,86,7814.3,16380.0,
2026-09-03T20:29:02.356823+00:00,01_yolo26_main,4,4,9.5,14.67,30.49,1511.76,NVIDIA GeForce RTX 4060 Ti,53,120.32,93,7814.3,16380.0,
2026-09-03T20:29:12.383827+00:00,01_yolo26_main,4,4,9.5,14.6,30.49,1511.76,NVIDIA GeForce RTX 4060 Ti,52,118.27,94,7814.3,16380.0,
2026-09-03T20:29:22.411823+00:00,01_yolo26_main,4,4,9.4,14.73,30.49,1511.76,NVIDIA GeForce RTX 4060 Ti,53,115.48,95,7814.3,16380.0,
2026-09-03T20:29:32.440095+00:00,01_yolo26_main,4,4,9.6,14.66,30.49,1511.76,NVIDIA GeForce RTX 4060 Ti,53,117.15,92,7814.3,16380.0,
2026-09-03T20:29:42.467832+00:00,01_yolo26_main,4,4,9.4,14.68,30.49,1511.76,NVIDIA GeForce RTX 4060 Ti,53,117.48,86,7814.3,16380.0,
2026-09-03T20:29:52.491820+00:00,01_yolo26_main,4,4,9.3,14.72,30.49,1511.76,NVIDIA GeForce RTX 4060 Ti,53,118.28,89,7814.3,16380.0,
2026-09-03T20:30:02.517816+00:00,01_yolo26_main,4,4,9.4,14.77,30.49,1511.76,NVIDIA GeForce RTX 4060 Ti,52,88.67,87,7814.3,16380.0,
2026-09-03T20:30:12.546121+00:00,01_yolo26_main,4,4,9.6,14.7,30.49,1511.76,NVIDIA GeForce RTX 4060 Ti,51,117.01,93,7814.3,16380.0,
2026-09-03T20:30:22.576826+00:00,01_yolo26_main,4,4,9.4,14.73,30.49,1511.76,NVIDIA GeForce RTX 4060 Ti,53,118.08,89,7814.3,16380.0,
2026-09-03T20:30:32.603817+00:00,01_yolo26_main,4,4,9.4,14.7,30.49,1511.76,NVIDIA GeForce RTX 4060 Ti,53,118.16,91,7814.3,16380.0,
2026-09-03T20:30:42.628816+00:00,01_yolo26_main,4,4,9.5,14.68,30.49,1511.76,NVIDIA GeForce RTX 4060 Ti,54,118.9,91,7814.3,16380.0,
2026-09-03T20:30:52.649852+00:00,01_yolo26_main,4,4,9.5,14.69,30.49,1511.76,NVIDIA GeForce RTX 4060 Ti,53,118.64,93,7814.3,16380.0,
2026-09-03T20:31:02.678590+00:00,01_yolo26_main,4,4,9.4,14.74,30.49,1511.76,NVIDIA GeForce RTX 4060 Ti,53,118.6,94,7814.3,16380.0,
2026-09-03T20:31:12.705286+00:00,01_yolo26_main,4,4,9.4,14.79,30.49,1511.76,NVIDIA GeForce RTX 4060 Ti,52,85.72,87,7814.3,16380.0,
2026-09-03T20:31:22.724835+00:00,01_yolo26_main,4,4,9.6,14.68,30.49,1511.76,NVIDIA GeForce RTX 4060 Ti,52,119.16,93,7814.3,16380.0,
2026-09-03T20:31:32.750829+00:00,01_yolo26_main,4,4,9.5,14.69,30.49,1511.76,NVIDIA GeForce RTX 4060 Ti,53,116.89,93,7814.3,16380.0,
2026-09-03T20:31:42.777839+00:00,01_yolo26_main,4,4,9.4,14.74,30.49,1511.76,NVIDIA GeForce RTX 4060 Ti,51,117.06,91,7814.3,16380.0,
2026-09-03T20:31:52.803162+00:00,01_yolo26_main,4,4,9.7,14.66,30.49,1511.76,NVIDIA GeForce RTX 4060 Ti,51,116.97,91,7814.3,16380.0,
2026-09-03T20:32:02.829845+00:00,01_yolo26_main,4,4,9.4,14.68,30.49,1511.76,NVIDIA GeForce RTX 4060 Ti,51,119.19,90,7814.3,16380.0,
2026-09-03T20:32:12.854824+00:00,01_yolo26_main,4,4,9.4,14.74,30.49,1511.76,NVIDIA GeForce RTX 4060 Ti,52,119.05,84,7814.3,16380.0,
2026-09-03T20:32:22.881326+00:00,01_yolo26_main,4,4,9.4,14.77,30.49,1511.76,NVIDIA GeForce RTX 4060 Ti,45,60.21,0,7814.3,16380.0,
2026-09-03T20:32:32.909356+00:00,01_yolo26_main,4,4,9.6,14.69,30.49,1511.76,NVIDIA GeForce RTX 4060 Ti,51,118.86,93,7814.3,16380.0,
2026-09-03T20:32:42.935822+00:00,01_yolo26_main,4,4,9.4,14.75,30.49,1511.76,NVIDIA GeForce RTX 4060 Ti,53,118.73,86,7814.3,16380.0,
2026-09-03T20:32:52.954779+00:00,01_yolo26_main,4,4,9.4,14.76,30.49,1511.76,NVIDIA GeForce RTX 4060 Ti,53,118.74,86,7814.3,16380.0,
2026-09-03T20:33:02.982390+00:00,01_yolo26_main,4,4,9.6,14.68,30.49,1511.76,NVIDIA GeForce RTX 4060 Ti,53,117.76,87,7814.3,16380.0,
2026-09-03T20:33:13.008832+00:00,01_yolo26_main,4,4,9.4,14.73,30.49,1511.76,NVIDIA GeForce RTX 4060 Ti,53,118.82,84,7814.3,16380.0,
2026-09-03T20:33:23.030319+00:00,01_yolo26_main,4,4,9.4,14.77,30.49,1511.76,NVIDIA GeForce RTX 4060 Ti,53,118.46,90,7814.3,16380.0,
2026-09-03T20:33:33.051055+00:00,01_yolo26_main,4,4,9.6,14.99,30.49,1511.76,NVIDIA GeForce RTX 4060 Ti,45,87.94,8,7814.3,16380.0,
2026-09-03T20:33:43.075692+00:00,01_yolo26_main,4,4,9.5,14.72,30.49,1511.76,NVIDIA GeForce RTX 4060 Ti,53,119.72,92,7814.3,16380.0,
2026-09-03T20:33:53.101825+00:00,01_yolo26_main,4,4,9.4,14.72,30.49,1511.76,NVIDIA GeForce RTX 4060 Ti,53,118.95,91,7814.3,16380.0,
2026-09-03T20:34:03.129819+00:00,01_yolo26_main,4,4,9.4,14.77,30.49,1511.76,NVIDIA GeForce RTX 4060 Ti,52,118.21,92,7814.3,16380.0,
2026-09-03T20:34:13.155818+00:00,01_yolo26_main,4,4,9.6,14.69,30.49,1511.76,NVIDIA GeForce RTX 4060 Ti,53,118.19,92,7814.3,16380.0,
2026-09-03T20:34:23.182822+00:00,01_yolo26_main,4,4,9.5,14.73,30.49,1511.76,NVIDIA GeForce RTX 4060 Ti,51,118.96,93,7814.3,16380.0,
2026-09-03T20:34:33.209138+00:00,01_yolo26_main,4,4,9.4,14.77,30.49,1511.76,NVIDIA GeForce RTX 4060 Ti,53,118.76,87,7814.3,16380.0,
2026-09-03T20:34:43.235286+00:00,01_yolo26_main,4,4,9.5,14.86,30.49,1511.77,NVIDIA GeForce RTX 4060 Ti,45,76.77,5,7814.3,16380.0,
2026-09-03T20:34:53.304323+00:00,01_yolo26_main,4,4,9.2,14.69,30.49,1511.76,NVIDIA GeForce RTX 4060 Ti,53,118.62,88,7814.3,16380.0,
2026-09-03T20:35:03.332824+00:00,01_yolo26_main,4,4,9.4,14.74,30.49,1511.76,NVIDIA GeForce RTX 4060 Ti,50,119.05,91,7814.3,16380.0,
2026-09-03T20:35:13.359824+00:00,01_yolo26_main,4,4,9.4,14.8,30.49,1511.76,NVIDIA GeForce RTX 4060 Ti,52,119.04,93,7814.3,16380.0,
2026-09-03T20:35:23.387823+00:00,01_yolo26_main,4,4,9.6,14.71,30.49,1511.76,NVIDIA GeForce RTX 4060 Ti,53,119.16,93,7814.3,16380.0,
2026-09-03T20:35:33.415819+00:00,01_yolo26_main,4,4,9.4,14.75,30.49,1511.76,NVIDIA GeForce RTX 4060 Ti,53,117.53,87,7814.3,16380.0,
2026-09-03T20:35:43.443843+00:00,01_yolo26_main,4,4,9.4,14.77,30.49,1511.76,NVIDIA GeForce RTX 4060 Ti,53,118.8,88,7814.3,16380.0,
2026-09-03T20:35:53.470843+00:00,01_yolo26_main,4,4,9.6,14.69,30.49,1511.76,NVIDIA GeForce RTX 4060 Ti,51,115.96,92,7814.3,16380.0,
2026-09-03T20:36:03.488383+00:00,01_yolo26_main,4,4,9.4,14.71,30.49,1511.76,NVIDIA GeForce RTX 4060 Ti,53,118.58,93,7814.3,16380.0,
2026-09-03T20:36:13.513808+00:00,01_yolo26_main,4,4,9.5,14.74,30.49,1511.76,NVIDIA GeForce RTX 4060 Ti,52,117.43,92,7814.3,16380.0,
2026-09-03T20:36:23.537818+00:00,01_yolo26_main,4,4,9.5,14.78,30.49,1511.76,NVIDIA GeForce RTX 4060 Ti,53,109.91,94,7814.3,16380.0,
2026-09-03T20:36:33.566855+00:00,01_yolo26_main,4,4,9.6,14.68,30.49,1511.76,NVIDIA GeForce RTX 4060 Ti,52,116.99,94,7814.3,16380.0,
2026-09-03T20:36:43.588023+00:00,01_yolo26_main,4,4,9.3,14.71,30.49,1511.76,NVIDIA GeForce RTX 4060 Ti,53,118.33,94,7814.3,16380.0,
2026-09-03T20:36:53.614829+00:00,01_yolo26_main,4,4,9.4,14.74,30.49,1511.76,NVIDIA GeForce RTX 4060 Ti,53,118.08,92,7814.3,16380.0,
2026-09-03T20:37:03.643816+00:00,01_yolo26_main,4,4,9.6,14.66,30.49,1511.76,NVIDIA GeForce RTX 4060 Ti,53,119.53,92,7814.3,16380.0,
2026-09-03T20:37:13.675826+00:00,01_yolo26_main,4,4,9.4,14.7,30.49,1511.76,NVIDIA GeForce RTX 4060 Ti,51,119.53,91,7814.3,16380.0,
2026-09-03T20:37:23.703834+00:00,01_yolo26_main,4,4,9.3,14.74,30.49,1511.76,NVIDIA GeForce RTX 4060 Ti,52,118.05,94,7814.3,16380.0,
2026-09-03T20:37:33.729826+00:00,01_yolo26_main,4,4,9.4,14.67,30.49,1511.76,NVIDIA GeForce RTX 4060 Ti,44,54.45,11,7814.3,16380.0,
2026-09-03T20:37:43.754832+00:00,01_yolo26_main,4,4,9.6,14.65,30.49,1511.76,NVIDIA GeForce RTX 4060 Ti,54,119.65,93,7814.3,16380.0,
2026-09-03T20:37:53.781834+00:00,01_yolo26_main,4,4,9.4,14.71,30.49,1511.76,NVIDIA GeForce RTX 4060 Ti,53,117.37,93,7814.3,16380.0,
2026-09-03T20:38:03.807824+00:00,01_yolo26_main,4,4,9.4,14.73,30.49,1511.76,NVIDIA GeForce RTX 4060 Ti,52,119.87,89,7814.3,16380.0,
2026-09-03T20:38:13.835824+00:00,01_yolo26_main,4,4,9.5,14.65,30.49,1511.76,NVIDIA GeForce RTX 4060 Ti,53,118.13,87,7814.3,16380.0,
2026-09-03T20:38:23.863325+00:00,01_yolo26_main,4,4,9.4,14.67,30.49,1511.76,NVIDIA GeForce RTX 4060 Ti,54,116.89,87,7814.3,16380.0,
2026-09-03T20:38:33.890827+00:00,01_yolo26_main,4,4,9.5,14.73,30.49,1511.76,NVIDIA GeForce RTX 4060 Ti,53,118.05,86,7814.3,16380.0,
2026-09-03T20:38:43.914798+00:00,01_yolo26_main,4,4,9.4,14.85,30.49,1511.76,NVIDIA GeForce RTX 4060 Ti,45,66.4,89,7814.3,16380.0,
2026-09-03T20:38:53.937827+00:00,01_yolo26_main,4,4,9.6,14.68,30.49,1511.76,NVIDIA GeForce RTX 4060 Ti,52,118.15,93,7814.3,16380.0,
2026-09-03T20:39:03.964805+00:00,01_yolo26_main,4,4,9.3,14.72,30.49,1511.76,NVIDIA GeForce RTX 4060 Ti,52,117.5,86,7814.3,16380.0,
2026-09-03T20:39:13.992817+00:00,01_yolo26_main,4,4,9.4,14.77,30.49,1511.76,NVIDIA GeForce RTX 4060 Ti,53,119.97,93,7814.3,16380.0,
2026-09-03T20:39:24.019820+00:00,01_yolo26_main,4,4,9.6,14.67,30.49,1511.76,NVIDIA GeForce RTX 4060 Ti,54,118.92,94,7814.3,16380.0,
2026-09-03T20:39:34.040850+00:00,01_yolo26_main,4,4,9.5,14.74,30.49,1511.76,NVIDIA GeForce RTX 4060 Ti,53,119.27,91,7814.3,16380.0,
2026-09-03T20:39:44.064886+00:00,01_yolo26_main,4,4,9.3,14.76,30.49,1511.76,NVIDIA GeForce RTX 4060 Ti,51,118.52,96,7814.3,16380.0,
2026-09-03T20:39:54.091731+00:00,01_yolo26_main,4,4,9.5,14.85,30.49,1511.76,NVIDIA GeForce RTX 4060 Ti,45,77.46,6,7814.3,16380.0,
2026-09-03T20:40:04.114822+00:00,01_yolo26_main,4,4,9.3,14.69,30.49,1511.76,NVIDIA GeForce RTX 4060 Ti,53,119.49,89,7814.3,16380.0,
2026-09-03T20:40:14.141808+00:00,01_yolo26_main,4,4,9.4,14.73,30.49,1511.76,NVIDIA GeForce RTX 4060 Ti,53,117.04,88,7814.3,16380.0,
2026-09-03T20:40:24.168821+00:00,01_yolo26_main,4,4,9.4,14.76,30.49,1511.76,NVIDIA GeForce RTX 4060 Ti,50,119.65,92,7814.3,16380.0,
2026-09-03T20:40:34.195837+00:00,01_yolo26_main,4,4,9.9,14.66,30.49,1511.76,NVIDIA GeForce RTX 4060 Ti,53,119.15,90,7814.3,16380.0,
2026-09-03T20:40:44.221819+00:00,01_yolo26_main,4,4,9.4,14.7,30.49,1511.76,NVIDIA GeForce RTX 4060 Ti,53,119.81,87,7814.3,16380.0,
2026-09-03T20:40:54.247825+00:00,01_yolo26_main,4,4,9.4,14.76,30.49,1511.76,NVIDIA GeForce RTX 4060 Ti,50,119.72,91,7814.3,16380.0,
2026-09-03T20:41:04.273822+00:00,01_yolo26_main,4,4,9.6,14.72,30.49,1511.76,NVIDIA GeForce RTX 4060 Ti,52,110.18,90,7814.3,16380.0,
2026-09-03T20:41:14.296834+00:00,01_yolo26_main,4,4,9.4,14.76,30.49,1511.76,NVIDIA GeForce RTX 4060 Ti,54,120.18,92,7814.3,16380.0,
2026-09-03T20:41:24.323824+00:00,01_yolo26_main,4,4,9.4,14.74,30.49,1511.76,NVIDIA GeForce RTX 4060 Ti,53,117.24,90,7814.3,16380.0,
2026-09-03T20:41:34.349828+00:00,01_yolo26_main,4,4,9.5,14.8,30.49,1511.76,NVIDIA GeForce RTX 4060 Ti,53,118.48,93,7814.3,16380.0,
2026-09-03T20:41:44.376833+00:00,01_yolo26_main,4,4,9.6,14.73,30.49,1511.76,NVIDIA GeForce RTX 4060 Ti,53,117.99,91,7814.3,16380.0,
2026-09-03T20:41:54.403936+00:00,01_yolo26_main,4,4,9.7,14.67,30.49,1511.76,NVIDIA GeForce RTX 4060 Ti,53,116.84,87,7814.3,16380.0,
2026-09-03T20:42:04.435240+00:00,01_yolo26_main,4,4,9.4,14.77,30.49,1511.76,NVIDIA GeForce RTX 4060 Ti,53,120.08,92,7814.3,16380.0,
2026-09-03T20:42:14.462262+00:00,01_yolo26_main,4,4,9.6,14.68,30.49,1511.76,NVIDIA GeForce RTX 4060 Ti,53,118.18,92,7814.3,16380.0,
2026-09-03T20:42:24.485826+00:00,01_yolo26_main,4,4,9.4,14.73,30.49,1511.76,NVIDIA GeForce RTX 4060 Ti,53,119.96,90,7814.3,16380.0,
2026-09-03T20:42:34.511817+00:00,01_yolo26_main,4,4,9.4,14.75,30.49,1511.76,NVIDIA GeForce RTX 4060 Ti,53,118.61,93,7814.3,16380.0,
2026-09-03T20:42:44.540296+00:00,01_yolo26_main,4,4,9.4,14.66,30.49,1511.76,NVIDIA GeForce RTX 4060 Ti,53,105.89,92,7814.3,16380.0,
2026-09-03T20:42:54.565816+00:00,01_yolo26_main,4,4,9.5,14.67,30.49,1511.76,NVIDIA GeForce RTX 4060 Ti,53,117.24,90,7814.3,16380.0,
2026-09-03T20:43:04.592821+00:00,01_yolo26_main,4,4,9.4,14.73,30.49,1511.76,NVIDIA GeForce RTX 4060 Ti,52,119.72,90,7814.3,16380.0,
2026-09-03T20:43:14.620845+00:00,01_yolo26_main,4,4,9.4,14.66,30.49,1511.76,NVIDIA GeForce RTX 4060 Ti,53,119.72,93,7814.3,16380.0,
2026-09-03T20:43:24.647847+00:00,01_yolo26_main,4,4,9.7,14.66,30.49,1511.76,NVIDIA GeForce RTX 4060 Ti,53,117.3,93,7814.3,16380.0,
2026-09-03T20:43:34.666853+00:00,01_yolo26_main,4,4,9.4,14.67,30.49,1511.76,NVIDIA GeForce RTX 4060 Ti,53,118.72,93,7814.3,16380.0,
2026-09-03T20:43:44.692443+00:00,01_yolo26_main,4,4,9.4,14.73,30.49,1511.76,NVIDIA GeForce RTX 4060 Ti,53,118.64,91,7814.3,16380.0,
2026-09-03T20:43:54.719824+00:00,01_yolo26_main,4,4,9.4,14.76,30.49,1511.76,NVIDIA GeForce RTX 4060 Ti,53,105.16,88,7814.3,16380.0,
2026-09-03T20:44:04.745755+00:00,01_yolo26_main,4,4,9.6,14.68,30.49,1511.76,NVIDIA GeForce RTX 4060 Ti,54,118.63,86,7814.3,16380.0,
2026-09-03T20:44:14.772823+00:00,01_yolo26_main,4,4,9.4,14.72,30.49,1511.76,NVIDIA GeForce RTX 4060 Ti,53,119.58,97,7814.3,16380.0,
2026-09-03T20:44:24.801396+00:00,01_yolo26_main,4,4,9.4,14.74,30.49,1511.76,NVIDIA GeForce RTX 4060 Ti,53,119.46,92,7814.3,16380.0,
2026-09-03T20:44:34.828572+00:00,01_yolo26_main,4,4,9.6,14.67,30.49,1511.76,NVIDIA GeForce RTX 4060 Ti,54,113.35,93,7814.3,16380.0,
2026-09-03T20:44:44.853837+00:00,01_yolo26_main,4,4,9.4,14.72,30.49,1511.76,NVIDIA GeForce RTX 4060 Ti,53,119.98,92,7814.3,16380.0,
2026-09-03T20:44:54.880865+00:00,01_yolo26_main,4,4,9.4,14.76,30.49,1511.76,NVIDIA GeForce RTX 4060 Ti,53,119.01,93,7814.3,16380.0,
2026-09-03T20:45:04.905818+00:00,01_yolo26_main,4,4,9.5,14.79,30.49,1511.76,NVIDIA GeForce RTX 4060 Ti,53,117.25,87,7814.3,16380.0,
2026-09-03T20:45:14.932828+00:00,01_yolo26_main,4,4,9.6,14.72,30.49,1511.76,NVIDIA GeForce RTX 4060 Ti,51,118.14,92,7814.3,16380.0,
2026-09-03T20:45:24.957840+00:00,01_yolo26_main,4,4,9.4,14.68,30.49,1511.76,NVIDIA GeForce RTX 4060 Ti,52,118.99,93,7814.3,16380.0,
2026-09-03T20:45:34.982836+00:00,01_yolo26_main,4,4,9.3,14.75,30.49,1511.76,NVIDIA GeForce RTX 4060 Ti,53,120.31,87,7814.3,16380.0,
2026-09-03T20:45:45.006823+00:00,01_yolo26_main,4,4,9.6,14.7,30.49,1511.76,NVIDIA GeForce RTX 4060 Ti,52,118.07,93,7814.3,16380.0,
2026-09-03T20:45:55.033826+00:00,01_yolo26_main,4,4,9.3,14.73,30.49,1511.76,NVIDIA GeForce RTX 4060 Ti,53,118.96,87,7814.3,16380.0,
2026-09-03T20:46:05.062539+00:00,01_yolo26_main,4,4,9.4,14.76,30.49,1511.76,NVIDIA GeForce RTX 4060 Ti,53,116.92,97,7814.3,16380.0,
2026-09-03T20:46:15.088826+00:00,01_yolo26_main,4,4,9.3,14.8,30.49,1511.76,NVIDIA GeForce RTX 4060 Ti,53,87.72,91,7814.3,16380.0,
2026-09-03T20:46:25.110819+00:00,01_yolo26_main,4,4,9.6,14.69,30.49,1511.76,NVIDIA GeForce RTX 4060 Ti,51,120.53,93,7814.3,16380.0,
2026-09-03T20:46:35.137907+00:00,01_yolo26_main,4,4,9.4,14.75,30.49,1511.76,NVIDIA GeForce RTX 4060 Ti,53,118.9,92,7814.3,16380.0,
2026-09-03T20:46:45.164227+00:00,01_yolo26_main,4,4,9.4,14.76,30.49,1511.76,NVIDIA GeForce RTX 4060 Ti,53,120.4,89,7814.3,16380.0,
2026-09-03T20:46:55.191398+00:00,01_yolo26_main,4,4,9.5,14.66,30.49,1511.76,NVIDIA GeForce RTX 4060 Ti,53,117.96,93,7814.3,16380.0,
2026-09-03T20:47:05.219835+00:00,01_yolo26_main,4,4,9.5,14.66,30.49,1511.76,NVIDIA GeForce RTX 4060 Ti,53,118.77,89,7814.3,16380.0,
2026-09-03T20:47:15.236938+00:00,01_yolo26_main,4,4,9.3,14.75,30.49,1511.76,NVIDIA GeForce RTX 4060 Ti,52,118.12,91,7814.3,16380.0,
2026-09-03T20:47:25.264821+00:00,01_yolo26_main,4,4,9.4,14.78,30.49,1511.76,NVIDIA GeForce RTX 4060 Ti,44,62.49,0,7814.3,16380.0,
2026-09-03T20:47:35.293398+00:00,01_yolo26_main,4,4,9.6,14.73,30.49,1511.76,NVIDIA GeForce RTX 4060 Ti,52,118.52,93,7814.3,16380.0,
2026-09-03T20:47:45.314488+00:00,01_yolo26_main,4,4,9.5,14.75,30.49,1511.76,NVIDIA GeForce RTX 4060 Ti,52,116.79,93,7814.3,16380.0,
2026-09-03T20:47:55.342822+00:00,01_yolo26_main,4,4,9.4,14.77,30.49,1511.76,NVIDIA GeForce RTX 4060 Ti,53,119.04,86,7814.3,16380.0,
2026-09-03T20:48:05.370317+00:00,01_yolo26_main,4,4,9.6,14.72,30.49,1511.76,NVIDIA GeForce RTX 4060 Ti,53,119.4,90,7814.3,16380.0,
2026-09-03T20:48:15.399819+00:00,01_yolo26_main,4,4,9.4,14.7,30.49,1511.76,NVIDIA GeForce RTX 4060 Ti,53,118.18,90,7814.3,16380.0,
2026-09-03T20:48:25.424854+00:00,01_yolo26_main,4,4,9.4,14.69,30.49,1511.76,NVIDIA GeForce RTX 4060 Ti,51,117.13,93,7814.3,16380.0,
2026-09-03T20:48:35.452872+00:00,01_yolo26_main,4,4,9.4,14.85,30.49,1511.76,NVIDIA GeForce RTX 4060 Ti,45,52.68,8,7814.3,16380.0,
2026-09-03T20:48:45.476692+00:00,01_yolo26_main,4,4,9.6,14.73,30.49,1511.76,NVIDIA GeForce RTX 4060 Ti,53,118.75,90,7814.3,16380.0,
2026-09-03T20:48:55.504820+00:00,01_yolo26_main,4,4,9.4,14.7,30.49,1511.76,NVIDIA GeForce RTX 4060 Ti,52,117.97,94,7814.3,16380.0,
2026-09-03T20:49:05.530819+00:00,01_yolo26_main,4,4,9.4,14.79,30.49,1511.76,NVIDIA GeForce RTX 4060 Ti,53,119.7,92,7814.3,16380.0,
2026-09-03T20:49:15.557864+00:00,01_yolo26_main,4,4,9.5,14.71,30.49,1511.76,NVIDIA GeForce RTX 4060 Ti,53,119.06,94,7814.3,16380.0,
2026-09-03T20:49:25.583500+00:00,01_yolo26_main,4,4,9.4,14.73,30.49,1511.76,NVIDIA GeForce RTX 4060 Ti,53,118.04,94,7814.3,16380.0,
2026-09-03T20:49:35.611818+00:00,01_yolo26_main,4,4,9.4,14.74,30.49,1511.76,NVIDIA GeForce RTX 4060 Ti,53,118.41,94,7814.3,16380.0,
2026-09-03T20:49:45.639815+00:00,01_yolo26_main,4,4,9.4,14.79,30.49,1511.76,NVIDIA GeForce RTX 4060 Ti,44,59.47,0,7814.3,16380.0,
2026-09-03T20:49:55.666820+00:00,01_yolo26_main,4,4,9.5,14.71,30.49,1511.76,NVIDIA GeForce RTX 4060 Ti,53,117.86,93,7814.3,16380.0,
2026-09-03T20:50:05.693826+00:00,01_yolo26_main,4,4,9.5,14.68,30.49,1511.76,NVIDIA GeForce RTX 4060 Ti,54,118.95,93,7814.3,16380.0,
2026-09-03T20:50:15.721821+00:00,01_yolo26_main,4,4,9.4,14.76,30.49,1511.76,NVIDIA GeForce RTX 4060 Ti,53,116.98,92,7814.3,16380.0,
2026-09-03T20:50:25.749838+00:00,01_yolo26_main,4,4,9.6,14.69,30.49,1511.76,NVIDIA GeForce RTX 4060 Ti,53,118.19,93,7814.3,16380.0,
2026-09-03T20:50:35.773839+00:00,01_yolo26_main,4,4,9.4,14.68,30.49,1511.76,NVIDIA GeForce RTX 4060 Ti,54,116.17,94,7814.3,16380.0,
2026-09-03T20:50:45.799816+00:00,01_yolo26_main,4,4,9.4,14.76,30.49,1511.76,NVIDIA GeForce RTX 4060 Ti,53,119.06,87,7814.3,16380.0,
2026-09-03T20:50:55.828001+00:00,01_yolo26_main,4,4,9.6,14.88,30.49,1511.84,NVIDIA GeForce RTX 4060 Ti,46,87.11,44,7814.3,16380.0,
2026-09-03T20:51:05.852825+00:00,01_yolo26_main,4,4,9.4,14.67,30.49,1511.76,NVIDIA GeForce RTX 4060 Ti,52,118.26,90,7814.3,16380.0,
2026-09-03T20:51:15.880561+00:00,01_yolo26_main,4,4,9.4,14.72,30.49,1511.76,NVIDIA GeForce RTX 4060 Ti,53,119.19,94,7814.3,16380.0,
2026-09-03T20:51:25.907821+00:00,01_yolo26_main,4,4,9.4,14.76,30.49,1511.76,NVIDIA GeForce RTX 4060 Ti,50,120.0,93,7814.3,16380.0,
2026-09-03T20:51:35.937915+00:00,01_yolo26_main,4,4,9.5,14.69,30.49,1511.76,NVIDIA GeForce RTX 4060 Ti,54,118.32,91,7814.3,16380.0,
2026-09-03T20:51:45.965818+00:00,01_yolo26_main,4,4,9.4,14.71,30.49,1511.76,NVIDIA GeForce RTX 4060 Ti,53,117.68,88,7814.3,16380.0,
2026-09-03T20:51:55.992820+00:00,01_yolo26_main,4,4,9.3,14.74,30.49,1511.76,NVIDIA GeForce RTX 4060 Ti,51,118.09,92,7814.3,16380.0,
2026-09-03T20:52:06.019817+00:00,01_yolo26_main,4,4,9.8,14.66,30.49,1511.76,NVIDIA GeForce RTX 4060 Ti,53,109.71,89,7814.3,16380.0,
2026-09-03T20:52:16.043843+00:00,01_yolo26_main,4,4,9.4,14.68,30.49,1511.76,NVIDIA GeForce RTX 4060 Ti,53,119.16,91,7814.3,16380.0,
2026-09-03T20:52:26.069787+00:00,01_yolo26_main,4,4,9.5,14.72,30.49,1511.76,NVIDIA GeForce RTX 4060 Ti,53,119.17,93,7814.3,16380.0,
2026-09-03T20:52:36.097163+00:00,01_yolo26_main,4,4,17.3,14.68,30.49,1511.76,NVIDIA GeForce RTX 4060 Ti,52,113.09,94,7814.3,16380.0,
2026-09-03T20:52:46.124606+00:00,01_yolo26_main,4,4,15.6,14.63,30.49,1511.76,NVIDIA GeForce RTX 4060 Ti,53,118.41,85,7814.3,16380.0,
2026-09-03T20:52:56.151096+00:00,01_yolo26_main,4,4,15.2,14.68,30.49,1511.76,NVIDIA GeForce RTX 4060 Ti,51,116.33,91,7814.3,16380.0,
2026-09-03T20:53:06.179821+00:00,01_yolo26_main,4,4,9.4,14.76,30.49,1511.76,NVIDIA GeForce RTX 4060 Ti,50,118.9,87,7814.3,16380.0,
2026-09-03T20:53:16.206810+00:00,01_yolo26_main,4,4,9.6,14.68,30.49,1511.76,NVIDIA GeForce RTX 4060 Ti,53,119.28,91,7814.3,16380.0,
2026-09-03T20:53:26.233835+00:00,01_yolo26_main,4,4,9.3,14.71,30.49,1511.76,NVIDIA GeForce RTX 4060 Ti,53,117.5,93,7814.3,16380.0,
2026-09-03T20:53:36.260832+00:00,01_yolo26_main,4,4,9.4,14.76,30.49,1511.76,NVIDIA GeForce RTX 4060 Ti,53,119.47,92,7814.3,16380.0,
2026-09-03T20:53:46.288066+00:00,01_yolo26_main,4,4,9.3,14.79,30.49,1511.76,NVIDIA GeForce RTX 4060 Ti,52,83.84,0,7814.3,16380.0,
2026-09-03T20:53:56.313707+00:00,01_yolo26_main,4,4,9.9,14.72,30.49,1511.76,NVIDIA GeForce RTX 4060 Ti,53,119.16,93,7814.3,16380.0,
2026-09-03T20:54:06.339456+00:00,01_yolo26_main,4,4,9.3,14.76,30.49,1511.76,NVIDIA GeForce RTX 4060 Ti,50,118.24,95,7814.3,16380.0,
2026-09-03T20:54:16.359822+00:00,01_yolo26_main,4,4,9.4,14.77,30.49,1511.76,NVIDIA GeForce RTX 4060 Ti,52,118.4,93,7814.3,16380.0,
2026-09-03T20:54:26.386829+00:00,01_yolo26_main,4,4,9.6,14.7,30.49,1511.76,NVIDIA GeForce RTX 4060 Ti,53,118.5,93,7814.3,16380.0,
2026-09-03T20:54:36.415824+00:00,01_yolo26_main,4,4,9.3,14.75,30.49,1511.76,NVIDIA GeForce RTX 4060 Ti,53,115.98,94,7814.3,16380.0,
2026-09-03T20:54:46.442831+00:00,01_yolo26_main,4,4,9.4,14.8,30.49,1511.76,NVIDIA GeForce RTX 4060 Ti,53,118.99,95,7814.3,16380.0,
2026-09-03T20:54:56.470875+00:00,01_yolo26_main,4,4,9.5,14.89,30.49,1511.77,NVIDIA GeForce RTX 4060 Ti,48,87.32,91,7814.3,16380.0,
2026-09-03T20:55:06.530864+00:00,01_yolo26_main,4,4,9.4,14.7,30.49,1511.76,NVIDIA GeForce RTX 4060 Ti,53,119.87,93,7814.3,16380.0,
2026-09-03T20:55:16.559821+00:00,01_yolo26_main,4,4,9.3,14.74,30.49,1511.76,NVIDIA GeForce RTX 4060 Ti,51,119.97,87,7814.3,16380.0,
2026-09-03T20:55:26.587830+00:00,01_yolo26_main,4,4,9.4,14.65,30.49,1511.76,NVIDIA GeForce RTX 4060 Ti,51,120.57,93,7814.3,16380.0,
2026-09-03T20:55:36.615819+00:00,01_yolo26_main,4,4,9.5,14.68,30.49,1511.76,NVIDIA GeForce RTX 4060 Ti,52,118.22,92,7814.3,16380.0,
2026-09-03T20:55:46.642818+00:00,01_yolo26_main,4,4,9.4,14.69,30.49,1511.76,NVIDIA GeForce RTX 4060 Ti,54,119.38,87,7814.3,16380.0,
2026-09-03T20:55:56.667825+00:00,01_yolo26_main,4,4,9.3,14.78,30.49,1511.76,NVIDIA GeForce RTX 4060 Ti,52,117.02,93,7814.3,16380.0,
2026-09-03T20:56:06.693829+00:00,01_yolo26_main,4,4,9.6,14.69,30.49,1511.76,NVIDIA GeForce RTX 4060 Ti,51,114.98,87,7814.3,16380.0,
2026-09-03T20:56:16.720827+00:00,01_yolo26_main,4,4,9.3,14.7,30.49,1511.76,NVIDIA GeForce RTX 4060 Ti,52,117.81,91,7814.3,16380.0,
2026-09-03T20:56:26.748139+00:00,01_yolo26_main,4,4,9.3,14.75,30.49,1511.76,NVIDIA GeForce RTX 4060 Ti,53,119.81,87,7814.3,16380.0,
2026-09-03T20:56:36.775366+00:00,01_yolo26_main,4,4,9.3,14.76,30.49,1511.76,NVIDIA GeForce RTX 4060 Ti,50,92.26,88,7814.3,16380.0,
2026-09-03T20:56:46.805843+00:00,01_yolo26_main,4,4,9.6,14.67,30.49,1511.76,NVIDIA GeForce RTX 4060 Ti,53,119.03,91,7814.3,16380.0,
2026-09-03T20:56:56.829818+00:00,01_yolo26_main,4,4,9.3,14.73,30.49,1511.76,NVIDIA GeForce RTX 4060 Ti,53,118.68,91,7814.3,16380.0,
2026-09-03T20:57:06.850838+00:00,01_yolo26_main,4,4,9.5,14.78,30.49,1511.76,NVIDIA GeForce RTX 4060 Ti,52,119.13,92,7814.3,16380.0,
2026-09-03T20:57:16.875818+00:00,01_yolo26_main,4,4,9.6,14.72,30.49,1511.76,NVIDIA GeForce RTX 4060 Ti,53,119.09,86,7814.3,16380.0,
2026-09-03T20:57:26.901820+00:00,01_yolo26_main,4,4,9.4,14.73,30.49,1511.76,NVIDIA GeForce RTX 4060 Ti,52,116.98,96,7814.3,16380.0,
2026-09-03T20:57:36.927818+00:00,01_yolo26_main,4,4,9.3,14.77,30.49,1511.76,NVIDIA GeForce RTX 4060 Ti,53,118.72,89,7814.3,16380.0,
2026-09-03T20:57:46.954819+00:00,01_yolo26_main,4,4,9.3,14.76,30.49,1511.76,NVIDIA GeForce RTX 4060 Ti,44,61.5,0,7814.3,16380.0,
2026-09-03T20:57:56.980833+00:00,01_yolo26_main,4,4,9.6,14.68,30.49,1511.76,NVIDIA GeForce RTX 4060 Ti,54,119.78,94,7814.3,16380.0,
2026-09-03T20:58:07.005028+00:00,01_yolo26_main,4,4,9.3,14.73,30.49,1511.76,NVIDIA GeForce RTX 4060 Ti,53,118.89,86,7814.3,16380.0,
2026-09-03T20:58:17.030822+00:00,01_yolo26_main,4,4,9.4,14.78,30.49,1511.76,NVIDIA GeForce RTX 4060 Ti,51,119.05,93,7814.3,16380.0,
2026-09-03T20:58:27.056831+00:00,01_yolo26_main,4,4,9.6,14.65,30.49,1511.76,NVIDIA GeForce RTX 4060 Ti,52,118.33,86,7814.3,16380.0,
2026-09-03T20:58:37.080856+00:00,01_yolo26_main,4,4,9.3,14.71,30.49,1511.76,NVIDIA GeForce RTX 4060 Ti,53,119.21,86,7814.3,16380.0,
2026-09-03T20:58:47.108607+00:00,01_yolo26_main,4,4,9.3,14.66,30.49,1511.76,NVIDIA GeForce RTX 4060 Ti,51,113.9,92,7814.3,16380.0,
2026-09-03T20:58:57.134173+00:00,01_yolo26_main,4,4,9.5,14.88,30.49,1511.76,NVIDIA GeForce RTX 4060 Ti,44,73.71,55,7814.3,16380.0,
2026-09-03T20:59:07.157497+00:00,01_yolo26_main,4,4,9.4,14.75,30.49,1511.76,NVIDIA GeForce RTX 4060 Ti,51,117.06,91,7814.3,16380.0,
2026-09-03T20:59:17.183825+00:00,01_yolo26_main,4,4,9.4,14.76,30.49,1511.76,NVIDIA GeForce RTX 4060 Ti,53,119.8,92,7814.3,16380.0,
2026-09-03T20:59:27.209821+00:00,01_yolo26_main,4,4,9.4,14.79,30.49,1511.76,NVIDIA GeForce RTX 4060 Ti,53,117.69,86,7814.3,16380.0,
2026-09-03T20:59:37.236832+00:00,01_yolo26_main,4,4,9.6,14.71,30.49,1511.76,NVIDIA GeForce RTX 4060 Ti,53,119.83,92,7814.3,16380.0,
2026-09-03T20:59:47.260836+00:00,01_yolo26_main,4,4,9.3,14.72,30.49,1511.76,NVIDIA GeForce RTX 4060 Ti,54,119.51,89,7814.3,16380.0,
2026-09-03T20:59:57.281833+00:00,01_yolo26_main,4,4,9.3,14.8,30.49,1511.76,NVIDIA GeForce RTX 4060 Ti,53,119.25,92,7814.3,16380.0,
2026-09-03T21:00:07.305675+00:00,01_yolo26_main,4,4,9.5,14.68,30.49,1511.76,NVIDIA GeForce RTX 4060 Ti,48,106.94,91,7814.3,16380.0,
2026-09-03T21:00:17.321138+00:00,01_yolo26_main,4,4,9.4,14.68,30.49,1511.76,NVIDIA GeForce RTX 4060 Ti,51,119.59,91,7814.3,16380.0,
2026-09-03T21:00:27.349819+00:00,01_yolo26_main,4,4,9.3,14.71,30.49,1511.76,NVIDIA GeForce RTX 4060 Ti,53,118.14,91,7814.3,16380.0,
2026-09-03T21:00:37.377832+00:00,01_yolo26_main,4,4,9.4,14.78,30.49,1511.76,NVIDIA GeForce RTX 4060 Ti,52,117.24,94,7814.3,16380.0,
2026-09-03T21:00:47.404830+00:00,01_yolo26_main,4,4,9.5,14.73,30.49,1511.76,NVIDIA GeForce RTX 4060 Ti,53,118.09,93,7814.3,16380.0,
2026-09-03T21:00:57.430816+00:00,01_yolo26_main,4,4,9.3,14.7,30.49,1511.76,NVIDIA GeForce RTX 4060 Ti,53,119.27,94,7814.3,16380.0,
2026-09-03T21:01:07.458665+00:00,01_yolo26_main,4,4,9.3,14.77,30.49,1511.76,NVIDIA GeForce RTX 4060 Ti,53,118.84,93,7814.3,16380.0,
2026-09-03T21:01:17.483759+00:00,01_yolo26_main,4,4,9.6,14.69,30.49,1511.76,NVIDIA GeForce RTX 4060 Ti,53,118.89,92,7814.3,16380.0,
2026-09-03T21:01:27.509848+00:00,01_yolo26_main,4,4,9.4,14.71,30.49,1511.76,NVIDIA GeForce RTX 4060 Ti,52,118.68,91,7814.3,16380.0,
2026-09-03T21:01:37.536797+00:00,01_yolo26_main,4,4,9.4,14.7,30.49,1511.76,NVIDIA GeForce RTX 4060 Ti,53,117.44,93,7814.3,16380.0,
2026-09-03T21:01:47.565837+00:00,01_yolo26_main,4,4,9.4,14.79,30.49,1511.76,NVIDIA GeForce RTX 4060 Ti,44,72.21,11,7814.3,16380.0,
2026-09-03T21:01:57.582783+00:00,01_yolo26_main,4,4,9.5,14.74,30.49,1511.76,NVIDIA GeForce RTX 4060 Ti,53,119.09,93,7814.3,16380.0,
2026-09-03T21:02:07.610940+00:00,01_yolo26_main,4,4,9.6,14.73,30.49,1511.76,NVIDIA GeForce RTX 4060 Ti,53,118.96,93,7814.3,16380.0,
2026-09-03T21:02:17.634926+00:00,01_yolo26_main,4,4,9.4,14.76,30.49,1511.76,NVIDIA GeForce RTX 4060 Ti,51,116.54,92,7814.3,16380.0,
2026-09-03T21:02:27.662826+00:00,01_yolo26_main,4,4,9.6,14.68,30.49,1511.76,NVIDIA GeForce RTX 4060 Ti,50,118.53,93,7814.3,16380.0,
2026-09-03T21:02:37.687830+00:00,01_yolo26_main,4,4,9.3,14.67,30.49,1511.76,NVIDIA GeForce RTX 4060 Ti,51,117.86,91,7814.3,16380.0,
2026-09-03T21:02:47.717825+00:00,01_yolo26_main,4,4,9.3,14.74,30.49,1511.76,NVIDIA GeForce RTX 4060 Ti,51,118.15,93,7814.3,16380.0,
2026-09-03T21:02:57.744173+00:00,01_yolo26_main,4,4,9.4,14.88,30.49,1511.76,NVIDIA GeForce RTX 4060 Ti,44,67.42,0,7814.3,16380.0,
2026-09-03T21:03:07.767876+00:00,01_yolo26_main,4,4,9.5,14.71,30.49,1511.76,NVIDIA GeForce RTX 4060 Ti,52,114.74,92,7814.3,16380.0,
2026-09-03T21:03:17.792817+00:00,01_yolo26_main,4,4,9.3,14.76,30.49,1511.76,NVIDIA GeForce RTX 4060 Ti,53,118.94,93,7814.3,16380.0,
2026-09-03T21:03:27.819826+00:00,01_yolo26_main,4,4,9.4,14.79,30.49,1511.76,NVIDIA GeForce RTX 4060 Ti,52,116.96,94,7814.3,16380.0,
2026-09-03T21:03:37.846883+00:00,01_yolo26_main,4,4,9.5,14.73,30.49,1511.76,NVIDIA GeForce RTX 4060 Ti,52,120.0,86,7814.3,16380.0,
2026-09-03T21:03:47.866823+00:00,01_yolo26_main,4,4,9.3,14.7,30.49,1511.76,NVIDIA GeForce RTX 4060 Ti,53,117.07,88,7814.3,16380.0,
2026-09-03T21:03:57.892012+00:00,01_yolo26_main,4,4,9.3,14.76,30.49,1511.76,NVIDIA GeForce RTX 4060 Ti,52,116.9,89,7814.3,16380.0,
2026-09-03T21:04:07.918836+00:00,01_yolo26_main,4,4,9.6,14.69,30.49,1511.76,NVIDIA GeForce RTX 4060 Ti,54,117.95,92,7814.3,16380.0,
2026-09-03T21:04:17.944816+00:00,01_yolo26_main,4,4,9.3,14.71,30.49,1511.76,NVIDIA GeForce RTX 4060 Ti,53,119.36,86,7814.3,16380.0,
2026-09-03T21:04:27.972823+00:00,01_yolo26_main,4,4,9.3,14.69,30.49,1511.76,NVIDIA GeForce RTX 4060 Ti,53,116.9,85,7814.3,16380.0,
2026-09-03T21:04:38.000821+00:00,01_yolo26_main,4,4,9.4,14.73,30.49,1511.76,NVIDIA GeForce RTX 4060 Ti,52,89.12,93,7814.3,16380.0,
2026-09-03T21:04:48.026820+00:00,01_yolo26_main,4,4,9.5,14.66,30.49,1511.76,NVIDIA GeForce RTX 4060 Ti,47,110.75,77,7814.3,16380.0,
2026-09-03T21:04:58.045819+00:00,01_yolo26_main,4,4,9.4,14.71,30.49,1511.76,NVIDIA GeForce RTX 4060 Ti,53,117.56,88,7814.3,16380.0,
2026-09-03T21:05:08.071905+00:00,01_yolo26_main,4,4,9.3,14.78,30.49,1511.76,NVIDIA GeForce RTX 4060 Ti,52,117.93,92,7814.3,16380.0,
2026-09-03T21:05:18.097826+00:00,01_yolo26_main,4,4,9.6,14.69,30.49,1511.76,NVIDIA GeForce RTX 4060 Ti,53,117.63,91,7814.3,16380.0,
2026-09-03T21:05:28.121820+00:00,01_yolo26_main,4,4,9.3,14.74,30.49,1511.76,NVIDIA GeForce RTX 4060 Ti,53,118.58,93,7814.3,16380.0,
2026-09-03T21:05:38.147831+00:00,01_yolo26_main,4,4,9.4,14.69,30.49,1511.76,NVIDIA GeForce RTX 4060 Ti,51,116.71,90,7814.3,16380.0,
2026-09-03T21:05:48.173845+00:00,01_yolo26_main,4,4,9.3,14.81,30.49,1511.76,NVIDIA GeForce RTX 4060 Ti,44,58.25,13,7814.3,16380.0,
2026-09-03T21:05:58.199796+00:00,01_yolo26_main,4,4,9.5,14.7,30.49,1511.76,NVIDIA GeForce RTX 4060 Ti,52,116.91,91,7814.3,16380.0,
2026-09-03T21:06:08.227566+00:00,01_yolo26_main,4,4,9.4,14.73,30.49,1511.76,NVIDIA GeForce RTX 4060 Ti,53,118.67,92,7814.3,16380.0,
2026-09-03T21:06:18.254449+00:00,01_yolo26_main,4,4,9.3,14.78,30.49,1511.76,NVIDIA GeForce RTX 4060 Ti,50,118.08,94,7814.3,16380.0,
2026-09-03T21:06:28.280816+00:00,01_yolo26_main,4,4,9.6,14.69,30.49,1511.76,NVIDIA GeForce RTX 4060 Ti,52,119.46,94,7814.3,16380.0,
2026-09-03T21:06:38.308861+00:00,01_yolo26_main,4,4,9.4,14.72,30.49,1511.76,NVIDIA GeForce RTX 4060 Ti,53,119.03,92,7814.3,16380.0,
2026-09-03T21:06:48.335850+00:00,01_yolo26_main,4,4,9.7,14.74,30.49,1511.76,NVIDIA GeForce RTX 4060 Ti,50,117.4,93,7814.3,16380.0,
2026-09-03T21:06:58.359823+00:00,01_yolo26_main,4,4,9.5,14.68,30.49,1511.76,NVIDIA GeForce RTX 4060 Ti,53,103.25,91,7814.3,16380.0,
2026-09-03T21:07:08.383914+00:00,01_yolo26_main,4,4,9.4,14.7,30.49,1511.76,NVIDIA GeForce RTX 4060 Ti,51,117.31,97,7814.3,16380.0,
2026-09-03T21:07:18.409832+00:00,01_yolo26_main,4,4,9.4,14.74,30.49,1511.76,NVIDIA GeForce RTX 4060 Ti,52,117.21,87,7814.3,16380.0,
2026-09-03T21:07:28.433834+00:00,01_yolo26_main,4,4,9.3,14.75,30.49,1511.76,NVIDIA GeForce RTX 4060 Ti,48,87.74,0,7814.3,16380.0,
2026-09-03T21:07:38.459823+00:00,01_yolo26_main,4,4,9.6,14.69,30.49,1511.76,NVIDIA GeForce RTX 4060 Ti,50,117.67,95,7814.3,16380.0,
2026-09-03T21:07:48.484085+00:00,01_yolo26_main,4,4,9.4,14.71,30.49,1511.76,NVIDIA GeForce RTX 4060 Ti,53,117.76,93,7814.3,16380.0,
2026-09-03T21:07:58.510829+00:00,01_yolo26_main,4,4,9.3,14.75,30.49,1511.76,NVIDIA GeForce RTX 4060 Ti,53,119.33,89,7814.3,16380.0,
2026-09-03T21:08:08.538818+00:00,01_yolo26_main,4,4,9.5,14.68,30.49,1511.76,NVIDIA GeForce RTX 4060 Ti,53,119.11,90,7814.3,16380.0,
2026-09-03T21:08:18.567294+00:00,01_yolo26_main,4,4,9.3,14.71,30.49,1511.76,NVIDIA GeForce RTX 4060 Ti,52,117.73,92,7814.3,16380.0,
2026-09-03T21:08:28.594822+00:00,01_yolo26_main,4,4,9.3,14.72,30.49,1511.76,NVIDIA GeForce RTX 4060 Ti,53,120.13,92,7814.3,16380.0,
2026-09-03T21:08:38.620824+00:00,01_yolo26_main,4,4,9.4,14.78,30.49,1511.76,NVIDIA GeForce RTX 4060 Ti,44,62.99,18,7814.3,16380.0,
2026-09-03T21:08:48.646830+00:00,01_yolo26_main,4,4,9.5,14.71,30.49,1511.76,NVIDIA GeForce RTX 4060 Ti,53,119.16,92,7814.3,16380.0,
2026-09-03T21:08:58.673896+00:00,01_yolo26_main,4,4,9.3,14.72,30.49,1511.76,NVIDIA GeForce RTX 4060 Ti,53,118.39,91,7814.3,16380.0,
2026-09-03T21:09:08.700505+00:00,01_yolo26_main,4,4,9.4,14.73,30.49,1511.76,NVIDIA GeForce RTX 4060 Ti,52,119.04,86,7814.3,16380.0,
2026-09-03T21:09:18.727823+00:00,01_yolo26_main,4,4,9.6,14.66,30.49,1511.76,NVIDIA GeForce RTX 4060 Ti,53,119.67,89,7814.3,16380.0,
2026-09-03T21:09:28.754776+00:00,01_yolo26_main,4,4,9.4,14.69,30.49,1511.76,NVIDIA GeForce RTX 4060 Ti,52,118.26,92,7814.3,16380.0,
2026-09-03T21:09:38.786147+00:00,01_yolo26_main,4,4,9.3,14.75,30.49,1511.76,NVIDIA GeForce RTX 4060 Ti,53,117.94,90,7814.3,16380.0,
2026-09-03T21:09:48.812881+00:00,01_yolo26_main,4,4,9.5,14.72,30.49,1511.76,NVIDIA GeForce RTX 4060 Ti,50,100.67,57,7814.3,16380.0,
2026-09-03T21:09:58.836836+00:00,01_yolo26_main,4,4,9.4,14.72,30.49,1511.76,NVIDIA GeForce RTX 4060 Ti,54,119.31,93,7814.3,16380.0,
2026-09-03T21:10:08.864824+00:00,01_yolo26_main,4,4,9.3,14.76,30.49,1511.76,NVIDIA GeForce RTX 4060 Ti,53,118.36,88,7814.3,16380.0,
2026-09-03T21:10:18.890848+00:00,01_yolo26_main,4,4,9.3,14.78,30.49,1511.76,NVIDIA GeForce RTX 4060 Ti,51,117.95,92,7814.3,16380.0,
2026-09-03T21:10:28.914720+00:00,01_yolo26_main,4,4,9.6,14.66,30.49,1511.76,NVIDIA GeForce RTX 4060 Ti,53,118.27,93,7814.3,16380.0,
2026-09-03T21:10:38.938395+00:00,01_yolo26_main,4,4,9.4,14.64,30.49,1511.76,NVIDIA GeForce RTX 4060 Ti,52,118.41,93,7814.3,16380.0,
2026-09-03T21:10:48.967840+00:00,01_yolo26_main,4,4,9.3,14.76,30.49,1511.76,NVIDIA GeForce RTX 4060 Ti,52,117.1,93,7814.3,16380.0,
2026-09-03T21:10:58.993813+00:00,01_yolo26_main,4,4,9.6,14.66,30.49,1511.76,NVIDIA GeForce RTX 4060 Ti,53,119.31,86,7814.3,16380.0,
2026-09-03T21:11:09.019420+00:00,01_yolo26_main,4,4,9.4,14.69,30.49,1511.76,NVIDIA GeForce RTX 4060 Ti,52,118.31,92,7814.3,16380.0,
2026-09-03T21:11:19.046817+00:00,01_yolo26_main,4,4,9.4,14.72,30.49,1511.76,NVIDIA GeForce RTX 4060 Ti,51,117.94,93,7814.3,16380.0,
2026-09-03T21:11:29.075825+00:00,01_yolo26_main,4,4,9.4,14.77,30.49,1511.76,NVIDIA GeForce RTX 4060 Ti,50,80.51,73,7814.3,16380.0,
2026-09-03T21:11:39.101824+00:00,01_yolo26_main,4,4,9.6,14.64,30.49,1511.76,NVIDIA GeForce RTX 4060 Ti,51,118.27,90,7814.3,16380.0,
2026-09-03T21:11:49.130833+00:00,01_yolo26_main,4,4,9.4,14.7,30.49,1511.76,NVIDIA GeForce RTX 4060 Ti,50,118.1,86,7814.3,16380.0,
2026-09-03T21:11:59.157828+00:00,01_yolo26_main,4,4,9.3,14.69,30.49,1511.76,NVIDIA GeForce RTX 4060 Ti,53,117.11,94,7814.3,16380.0,
2026-09-03T21:12:09.176851+00:00,01_yolo26_main,4,4,9.5,14.68,30.49,1511.76,NVIDIA GeForce RTX 4060 Ti,53,118.2,93,7814.3,16380.0,
2026-09-03T21:12:19.204857+00:00,01_yolo26_main,4,4,9.5,14.73,30.49,1511.76,NVIDIA GeForce RTX 4060 Ti,51,118.52,94,7814.3,16380.0,
2026-09-03T21:12:29.230824+00:00,01_yolo26_main,4,4,9.4,14.77,30.49,1511.76,NVIDIA GeForce RTX 4060 Ti,53,116.87,93,7814.3,16380.0,
2026-09-03T21:12:39.257364+00:00,01_yolo26_main,4,4,9.5,14.86,30.49,1511.76,NVIDIA GeForce RTX 4060 Ti,44,68.4,70,7814.3,16380.0,
2026-09-03T21:12:49.280841+00:00,01_yolo26_main,4,4,9.6,14.72,30.49,1511.76,NVIDIA GeForce RTX 4060 Ti,51,117.16,94,7814.3,16380.0,
2026-09-03T21:12:59.308833+00:00,01_yolo26_main,4,4,9.4,14.73,30.49,1511.76,NVIDIA GeForce RTX 4060 Ti,53,118.06,88,7814.3,16380.0,
2026-09-03T21:13:09.336821+00:00,01_yolo26_main,4,4,9.3,14.76,30.49,1511.76,NVIDIA GeForce RTX 4060 Ti,53,119.58,86,7814.3,16380.0,
2026-09-03T21:13:19.364834+00:00,01_yolo26_main,4,4,9.5,14.71,30.49,1511.76,NVIDIA GeForce RTX 4060 Ti,53,116.79,91,7814.3,16380.0,
2026-09-03T21:13:29.389877+00:00,01_yolo26_main,4,4,9.5,14.67,30.49,1511.76,NVIDIA GeForce RTX 4060 Ti,53,118.23,92,7814.3,16380.0,
2026-09-03T21:13:39.418625+00:00,01_yolo26_main,4,4,9.4,14.78,30.49,1511.76,NVIDIA GeForce RTX 4060 Ti,53,119.54,88,7814.3,16380.0,
2026-09-03T21:13:49.437055+00:00,01_yolo26_main,4,4,9.4,14.87,30.49,1511.76,NVIDIA GeForce RTX 4060 Ti,45,68.45,89,7814.3,16380.0,
2026-09-03T21:13:59.460728+00:00,01_yolo26_main,4,4,9.6,14.74,30.49,1511.76,NVIDIA GeForce RTX 4060 Ti,53,119.36,93,7814.3,16380.0,
2026-09-03T21:14:09.489825+00:00,01_yolo26_main,4,4,9.4,14.75,30.49,1511.76,NVIDIA GeForce RTX 4060 Ti,52,118.67,92,7814.3,16380.0,
2026-09-03T21:14:19.516825+00:00,01_yolo26_main,4,4,9.4,14.79,30.49,1511.76,NVIDIA GeForce RTX 4060 Ti,53,118.22,92,7814.3,16380.0,
2026-09-03T21:14:29.541823+00:00,01_yolo26_main,4,4,9.6,14.68,30.49,1511.76,NVIDIA GeForce RTX 4060 Ti,52,117.75,86,7814.3,16380.0,
2026-09-03T21:14:39.569823+00:00,01_yolo26_main,4,4,9.4,14.69,30.49,1511.76,NVIDIA GeForce RTX 4060 Ti,52,118.49,93,7814.3,16380.0,
2026-09-03T21:14:49.595832+00:00,01_yolo26_main,4,4,9.5,14.72,30.49,1511.76,NVIDIA GeForce RTX 4060 Ti,53,118.07,89,7814.3,16380.0,
2026-09-03T21:14:59.622836+00:00,01_yolo26_main,4,4,9.5,14.77,30.49,1511.76,NVIDIA GeForce RTX 4060 Ti,44,71.36,0,7814.3,16380.0,
2026-09-03T21:15:09.646818+00:00,01_yolo26_main,4,4,9.6,14.68,30.49,1511.76,NVIDIA GeForce RTX 4060 Ti,54,119.59,90,7814.3,16380.0,
2026-09-03T21:15:19.673273+00:00,01_yolo26_main,4,4,9.4,14.74,30.49,1511.76,NVIDIA GeForce RTX 4060 Ti,53,118.13,92,7814.3,16380.0,
2026-09-03T21:15:29.693413+00:00,01_yolo26_main,4,4,9.4,14.62,30.49,1511.76,NVIDIA GeForce RTX 4060 Ti,53,119.83,93,7814.3,16380.0,
2026-09-03T21:15:39.721839+00:00,01_yolo26_main,4,4,9.6,14.61,30.49,1511.76,NVIDIA GeForce RTX 4060 Ti,53,118.16,94,7814.3,16380.0,
2026-09-03T21:15:49.739835+00:00,01_yolo26_main,4,4,9.4,14.67,30.49,1511.76,NVIDIA GeForce RTX 4060 Ti,51,117.86,92,7814.3,16380.0,
2026-09-03T21:15:59.766828+00:00,01_yolo26_main,4,4,9.4,14.72,30.49,1511.76,NVIDIA GeForce RTX 4060 Ti,52,117.35,93,7814.3,16380.0,
2026-09-03T21:16:09.785596+00:00,01_yolo26_main,4,4,9.4,14.85,30.49,1511.76,NVIDIA GeForce RTX 4060 Ti,44,68.77,5,7814.3,16380.0,
2026-09-03T21:16:19.808824+00:00,01_yolo26_main,4,4,9.5,14.65,30.49,1511.76,NVIDIA GeForce RTX 4060 Ti,53,119.12,93,7814.3,16380.0,
2026-09-03T21:16:29.831819+00:00,01_yolo26_main,4,4,9.5,14.72,30.49,1511.76,NVIDIA GeForce RTX 4060 Ti,53,119.49,93,7814.3,16380.0,
2026-09-03T21:16:39.858586+00:00,01_yolo26_main,4,4,9.4,14.76,30.49,1511.76,NVIDIA GeForce RTX 4060 Ti,52,118.43,93,7814.3,16380.0,
2026-09-03T21:16:49.886820+00:00,01_yolo26_main,4,4,9.6,14.63,30.49,1511.76,NVIDIA GeForce RTX 4060 Ti,53,117.85,84,7814.3,16380.0,
2026-09-03T21:16:59.914820+00:00,01_yolo26_main,4,4,9.4,14.66,30.49,1511.76,NVIDIA GeForce RTX 4060 Ti,49,117.38,94,7814.3,16380.0,
2026-09-03T21:17:09.941171+00:00,01_yolo26_main,4,4,9.4,14.71,30.49,1511.76,NVIDIA GeForce RTX 4060 Ti,52,118.66,92,7814.3,16380.0,
2026-09-03T21:17:19.966578+00:00,01_yolo26_main,4,4,9.7,14.74,30.49,1511.76,NVIDIA GeForce RTX 4060 Ti,52,90.06,69,7814.3,16380.0,
2026-09-03T21:17:29.989843+00:00,01_yolo26_main,4,4,9.4,14.67,30.49,1511.76,NVIDIA GeForce RTX 4060 Ti,51,116.71,90,7814.3,16380.0,
2026-09-03T21:17:40.018096+00:00,01_yolo26_main,4,4,9.4,14.71,30.49,1511.76,NVIDIA GeForce RTX 4060 Ti,54,120.77,94,7814.3,16380.0,
2026-09-03T21:17:50.045843+00:00,01_yolo26_main,4,4,9.5,14.75,30.49,1511.76,NVIDIA GeForce RTX 4060 Ti,53,117.74,85,7814.3,16380.0,
2026-09-03T21:18:00.068089+00:00,01_yolo26_main,4,4,9.6,14.66,30.49,1511.76,NVIDIA GeForce RTX 4060 Ti,53,118.27,86,7814.3,16380.0,
2026-09-03T21:18:10.095844+00:00,01_yolo26_main,4,4,9.4,14.68,30.49,1511.76,NVIDIA GeForce RTX 4060 Ti,52,118.73,97,7814.3,16380.0,
2026-09-03T21:18:20.122828+00:00,01_yolo26_main,4,4,9.4,14.75,30.49,1511.76,NVIDIA GeForce RTX 4060 Ti,53,118.8,92,7814.3,16380.0,
2026-09-03T21:18:30.148630+00:00,01_yolo26_main,4,4,9.5,14.79,30.49,1511.76,NVIDIA GeForce RTX 4060 Ti,44,86.84,98,7814.3,16380.0,
2026-09-03T21:18:40.175818+00:00,01_yolo26_main,4,4,9.5,14.66,30.49,1511.76,NVIDIA GeForce RTX 4060 Ti,53,119.15,93,7814.3,16380.0,
2026-09-03T21:18:50.202821+00:00,01_yolo26_main,4,4,9.4,14.74,30.49,1511.76,NVIDIA GeForce RTX 4060 Ti,52,119.87,87,7814.3,16380.0,
2026-09-03T21:19:00.230859+00:00,01_yolo26_main,4,4,9.4,14.74,30.49,1511.76,NVIDIA GeForce RTX 4060 Ti,51,116.74,94,7814.3,16380.0,
2026-09-03T21:19:10.257367+00:00,01_yolo26_main,4,4,9.5,14.67,30.49,1511.76,NVIDIA GeForce RTX 4060 Ti,52,117.92,92,7814.3,16380.0,
2026-09-03T21:19:20.283827+00:00,01_yolo26_main,4,4,9.4,14.67,30.49,1511.76,NVIDIA GeForce RTX 4060 Ti,53,118.24,85,7814.3,16380.0,
2026-09-03T21:19:30.310821+00:00,01_yolo26_main,4,4,9.4,14.7,30.49,1511.76,NVIDIA GeForce RTX 4060 Ti,53,118.3,93,7814.3,16380.0,
2026-09-03T21:19:40.338390+00:00,01_yolo26_main,4,4,9.5,14.68,30.49,1511.76,NVIDIA GeForce RTX 4060 Ti,52,103.59,91,7814.3,16380.0,
2026-09-03T21:19:50.363039+00:00,01_yolo26_main,4,4,9.4,14.68,30.49,1511.76,NVIDIA GeForce RTX 4060 Ti,52,119.66,93,7814.3,16380.0,
2026-09-03T21:20:00.389831+00:00,01_yolo26_main,4,4,9.3,13.6,30.49,1512.05,NVIDIA GeForce RTX 4060 Ti,44,74.46,9,6290.3,16380.0,
2026-09-03T21:20:10.413574+00:00,01_yolo26_main,5,5,10.7,13.85,30.49,1512.05,NVIDIA GeForce RTX 4060 Ti,41,38.91,0,1528.3,16380.0,
2026-09-03T21:20:20.436824+00:00,01_yolo26_main,5,5,9.9,14.5,30.49,1512.05,NVIDIA GeForce RTX 4060 Ti,52,117.82,92,5102.3,16380.0,
2026-09-03T21:20:30.463824+00:00,01_yolo26_main,5,5,9.3,14.63,30.49,1511.66,NVIDIA GeForce RTX 4060 Ti,52,119.94,87,5812.3,16380.0,
2026-09-03T21:20:40.489828+00:00,01_yolo26_main,5,5,9.2,14.7,30.49,1511.66,NVIDIA GeForce RTX 4060 Ti,53,92.41,0,5812.3,16380.0,
2026-09-03T21:20:50.516750+00:00,01_yolo26_main,5,5,9.6,14.56,30.49,1511.66,NVIDIA GeForce RTX 4060 Ti,53,119.52,90,5814.3,16380.0,
2026-09-03T21:21:00.544818+00:00,01_yolo26_main,5,5,9.2,14.55,30.49,1511.66,NVIDIA GeForce RTX 4060 Ti,53,119.52,86,5814.3,16380.0,
2026-09-03T21:21:10.570812+00:00,01_yolo26_main,5,5,9.2,14.63,30.49,1511.66,NVIDIA GeForce RTX 4060 Ti,52,118.2,92,6414.3,16380.0,
2026-09-03T21:21:20.596821+00:00,01_yolo26_main,5,5,9.6,14.53,30.49,1511.66,NVIDIA GeForce RTX 4060 Ti,52,119.47,91,6414.3,16380.0,
2026-09-03T21:21:30.623814+00:00,01_yolo26_main,5,5,9.4,14.59,30.49,1511.66,NVIDIA GeForce RTX 4060 Ti,53,120.22,91,6414.3,16380.0,
2026-09-03T21:21:40.649869+00:00,01_yolo26_main,5,5,9.2,14.62,30.49,1511.66,NVIDIA GeForce RTX 4060 Ti,52,118.11,93,6882.3,16380.0,
2026-09-03T21:21:50.673852+00:00,01_yolo26_main,5,5,9.5,14.78,30.49,1511.67,NVIDIA GeForce RTX 4060 Ti,45,85.75,10,6882.3,16380.0,
2026-09-03T21:22:00.696827+00:00,01_yolo26_main,5,5,9.2,14.57,30.49,1511.66,NVIDIA GeForce RTX 4060 Ti,53,118.24,91,6882.3,16380.0,
2026-09-03T21:22:10.723823+00:00,01_yolo26_main,5,5,9.2,14.64,30.49,1511.66,NVIDIA GeForce RTX 4060 Ti,52,117.8,94,6882.3,16380.0,
2026-09-03T21:22:20.751830+00:00,01_yolo26_main,5,5,9.3,14.53,30.49,1511.66,NVIDIA GeForce RTX 4060 Ti,48,47.96,26,6882.3,16380.0,
2026-09-03T21:22:30.777437+00:00,01_yolo26_main,5,5,11.9,14.57,30.49,1511.66,NVIDIA GeForce RTX 4060 Ti,53,116.34,90,6882.3,16380.0,
2026-09-03T21:22:40.803845+00:00,01_yolo26_main,5,5,15.4,14.6,30.49,1511.66,NVIDIA GeForce RTX 4060 Ti,52,118.93,91,6882.3,16380.0,
2026-09-03T21:22:50.822810+00:00,01_yolo26_main,5,5,14.7,14.65,30.49,1511.66,NVIDIA GeForce RTX 4060 Ti,52,113.78,85,6882.3,16380.0,
2026-09-03T21:23:00.850052+00:00,01_yolo26_main,5,5,11.9,14.72,30.49,1511.66,NVIDIA GeForce RTX 4060 Ti,50,116.6,92,6882.3,16380.0,
2026-09-03T21:23:10.877819+00:00,01_yolo26_main,5,5,9.2,14.79,30.49,1511.66,NVIDIA GeForce RTX 4060 Ti,52,120.17,92,6882.3,16380.0,
2026-09-03T21:23:20.903823+00:00,01_yolo26_main,5,5,9.2,14.86,30.49,1511.66,NVIDIA GeForce RTX 4060 Ti,52,118.98,89,6882.3,16380.0,
2026-09-03T21:23:30.929928+00:00,01_yolo26_main,5,5,9.6,14.71,30.49,1511.66,NVIDIA GeForce RTX 4060 Ti,52,117.36,91,6882.3,16380.0,
2026-09-03T21:23:40.955305+00:00,01_yolo26_main,5,5,9.5,14.76,30.49,1511.66,NVIDIA GeForce RTX 4060 Ti,53,117.66,86,6882.3,16380.0,
2026-09-03T21:23:50.982839+00:00,01_yolo26_main,5,5,9.2,14.81,30.49,1511.66,NVIDIA GeForce RTX 4060 Ti,50,119.15,93,6882.3,16380.0,
2026-09-03T21:24:01.006816+00:00,01_yolo26_main,5,5,9.5,14.74,30.49,1511.66,NVIDIA GeForce RTX 4060 Ti,49,104.13,91,6882.3,16380.0,
2026-09-03T21:24:11.029843+00:00,01_yolo26_main,5,5,9.4,14.81,30.49,1511.66,NVIDIA GeForce RTX 4060 Ti,53,117.97,92,6882.3,16380.0,
2026-09-03T21:24:21.054817+00:00,01_yolo26_main,5,5,9.5,14.82,30.49,1511.66,NVIDIA GeForce RTX 4060 Ti,50,116.11,91,6882.3,16380.0,
2026-09-03T21:24:31.085839+00:00,01_yolo26_main,5,5,9.4,14.87,30.49,1511.66,NVIDIA GeForce RTX 4060 Ti,50,118.47,93,6882.3,16380.0,
2026-09-03T21:24:41.110232+00:00,01_yolo26_main,5,5,9.6,14.78,30.49,1511.66,NVIDIA GeForce RTX 4060 Ti,52,119.22,93,6882.3,16380.0,
2026-09-03T21:24:51.136500+00:00,01_yolo26_main,5,5,9.4,14.79,30.49,1511.66,NVIDIA GeForce RTX 4060 Ti,51,118.17,92,6882.3,16380.0,
2026-09-03T21:25:01.162826+00:00,01_yolo26_main,5,5,9.3,14.82,30.49,1511.66,NVIDIA GeForce RTX 4060 Ti,51,118.88,84,6882.3,16380.0,
2026-09-03T21:25:11.187819+00:00,01_yolo26_main,5,5,9.7,14.74,30.49,1511.66,NVIDIA GeForce RTX 4060 Ti,50,112.08,88,6882.3,16380.0,
2026-09-03T21:25:21.213817+00:00,01_yolo26_main,5,5,9.4,14.81,30.49,1511.66,NVIDIA GeForce RTX 4060 Ti,53,119.7,88,6882.3,16380.0,
2026-09-03T21:25:31.242993+00:00,01_yolo26_main,5,5,9.4,14.74,30.49,1511.66,NVIDIA GeForce RTX 4060 Ti,52,119.53,94,6882.3,16380.0,
2026-09-03T21:25:41.271822+00:00,01_yolo26_main,5,5,9.4,14.86,30.49,1511.66,NVIDIA GeForce RTX 4060 Ti,53,118.58,89,6882.3,16380.0,
2026-09-03T21:25:51.297838+00:00,01_yolo26_main,5,5,9.6,14.78,30.49,1511.66,NVIDIA GeForce RTX 4060 Ti,54,119.42,93,6882.3,16380.0,
2026-09-03T21:26:01.322825+00:00,01_yolo26_main,5,5,9.4,14.8,30.49,1511.66,NVIDIA GeForce RTX 4060 Ti,51,119.06,97,6882.3,16380.0,
2026-09-03T21:26:11.348816+00:00,01_yolo26_main,5,5,9.4,14.9,30.49,1511.66,NVIDIA GeForce RTX 4060 Ti,53,119.51,94,6882.3,16380.0,
2026-09-03T21:26:21.374594+00:00,01_yolo26_main,5,5,9.6,14.8,30.49,1511.66,NVIDIA GeForce RTX 4060 Ti,50,115.79,93,6882.3,16380.0,
2026-09-03T21:26:31.400850+00:00,01_yolo26_main,5,5,9.2,14.81,30.49,1511.66,NVIDIA GeForce RTX 4060 Ti,53,119.04,90,6882.3,16380.0,
2026-09-03T21:26:41.428546+00:00,01_yolo26_main,5,5,9.4,14.87,30.49,1511.66,NVIDIA GeForce RTX 4060 Ti,52,118.27,93,6882.3,16380.0,
2026-09-03T21:26:51.456464+00:00,01_yolo26_main,5,5,9.4,14.79,30.49,1511.66,NVIDIA GeForce RTX 4060 Ti,52,90.34,0,6882.3,16380.0,
2026-09-03T21:27:01.482819+00:00,01_yolo26_main,5,5,9.6,14.8,30.49,1511.66,NVIDIA GeForce RTX 4060 Ti,52,119.76,97,6882.3,16380.0,
2026-09-03T21:27:11.509821+00:00,01_yolo26_main,5,5,9.4,14.83,30.49,1511.66,NVIDIA GeForce RTX 4060 Ti,53,119.55,92,6882.3,16380.0,
2026-09-03T21:27:21.536822+00:00,01_yolo26_main,5,5,9.2,14.79,30.49,1511.66,NVIDIA GeForce RTX 4060 Ti,52,118.04,92,6882.3,16380.0,
2026-09-03T21:27:31.563836+00:00,01_yolo26_main,5,5,9.7,14.74,30.49,1511.66,NVIDIA GeForce RTX 4060 Ti,52,119.28,93,6882.3,16380.0,
2026-09-03T21:27:41.591349+00:00,01_yolo26_main,5,5,9.2,14.74,30.49,1511.66,NVIDIA GeForce RTX 4060 Ti,53,119.07,91,6882.3,16380.0,
2026-09-03T21:27:51.615728+00:00,01_yolo26_main,5,5,9.2,14.83,30.49,1511.66,NVIDIA GeForce RTX 4060 Ti,53,119.62,92,6882.3,16380.0,
2026-09-03T21:28:01.638910+00:00,01_yolo26_main,5,5,9.5,14.95,30.49,1511.66,NVIDIA GeForce RTX 4060 Ti,51,92.35,94,6882.3,16380.0,
2026-09-03T21:28:11.662866+00:00,01_yolo26_main,5,5,9.4,14.79,30.49,1511.66,NVIDIA GeForce RTX 4060 Ti,54,119.16,92,6882.3,16380.0,
2026-09-03T21:28:21.689820+00:00,01_yolo26_main,5,5,9.5,14.83,30.49,1511.66,NVIDIA GeForce RTX 4060 Ti,52,119.01,93,6882.3,16380.0,
2026-09-03T21:28:31.716843+00:00,01_yolo26_main,5,5,9.2,14.74,30.49,1511.66,NVIDIA GeForce RTX 4060 Ti,50,118.08,93,6882.3,16380.0,
2026-09-03T21:28:41.744818+00:00,01_yolo26_main,5,5,9.6,14.75,30.49,1511.66,NVIDIA GeForce RTX 4060 Ti,53,119.23,90,6882.3,16380.0,
2026-09-03T21:28:51.770828+00:00,01_yolo26_main,5,5,9.4,14.76,30.49,1511.66,NVIDIA GeForce RTX 4060 Ti,53,120.69,88,6882.3,16380.0,
2026-09-03T21:29:01.798220+00:00,01_yolo26_main,5,5,9.2,14.83,30.49,1511.66,NVIDIA GeForce RTX 4060 Ti,51,116.7,93,6882.3,16380.0,
2026-09-03T21:29:11.825819+00:00,01_yolo26_main,5,5,9.6,14.73,30.49,1511.66,NVIDIA GeForce RTX 4060 Ti,54,119.66,93,6882.3,16380.0,
2026-09-03T21:29:21.854833+00:00,01_yolo26_main,5,5,9.2,14.78,30.49,1511.66,NVIDIA GeForce RTX 4060 Ti,53,118.35,91,6882.3,16380.0,
2026-09-03T21:29:31.880839+00:00,01_yolo26_main,5,5,9.4,14.83,30.49,1511.66,NVIDIA GeForce RTX 4060 Ti,52,120.15,92,7230.3,16380.0,
2026-09-03T21:29:41.905284+00:00,01_yolo26_main,5,5,9.5,14.86,30.49,1511.66,NVIDIA GeForce RTX 4060 Ti,51,73.03,89,7230.3,16380.0,
2026-09-03T21:29:51.929634+00:00,01_yolo26_main,5,5,9.5,14.8,30.49,1511.66,NVIDIA GeForce RTX 4060 Ti,53,117.52,93,7230.3,16380.0,
2026-09-03T21:30:01.955818+00:00,01_yolo26_main,5,5,9.4,14.73,30.49,1511.66,NVIDIA GeForce RTX 4060 Ti,52,117.81,91,7230.3,16380.0,
2026-09-03T21:30:11.976767+00:00,01_yolo26_main,5,5,9.4,14.82,30.49,1511.66,NVIDIA GeForce RTX 4060 Ti,52,119.99,88,7230.3,16380.0,
2026-09-03T21:30:21.995836+00:00,01_yolo26_main,5,5,9.5,14.77,30.49,1511.66,NVIDIA GeForce RTX 4060 Ti,53,118.93,94,7230.3,16380.0,
2026-09-03T21:30:32.020563+00:00,01_yolo26_main,5,5,9.2,14.8,30.49,1511.66,NVIDIA GeForce RTX 4060 Ti,53,120.48,93,7230.3,16380.0,
2026-09-03T21:30:42.047835+00:00,01_yolo26_main,5,5,9.4,14.84,30.49,1511.66,NVIDIA GeForce RTX 4060 Ti,53,118.63,93,7230.3,16380.0,
2026-09-03T21:30:52.073642+00:00,01_yolo26_main,5,5,9.5,14.91,30.49,1511.66,NVIDIA GeForce RTX 4060 Ti,47,76.79,23,7230.3,16380.0,
2026-09-03T21:31:02.087816+00:00,01_yolo26_main,5,5,9.5,14.73,30.49,1511.66,NVIDIA GeForce RTX 4060 Ti,54,120.41,92,7230.3,16380.0,
2026-09-03T21:31:12.114857+00:00,01_yolo26_main,5,5,9.5,14.81,30.49,1511.66,NVIDIA GeForce RTX 4060 Ti,53,120.0,86,7230.3,16380.0,
2026-09-03T21:31:22.143671+00:00,01_yolo26_main,5,5,9.5,14.72,30.49,1511.66,NVIDIA GeForce RTX 4060 Ti,52,118.3,97,7230.3,16380.0,
2026-09-03T21:31:32.161830+00:00,01_yolo26_main,5,5,9.6,14.73,30.49,1511.66,NVIDIA GeForce RTX 4060 Ti,53,120.5,91,7230.3,16380.0,
2026-09-03T21:31:42.181904+00:00,01_yolo26_main,5,5,9.6,14.78,30.49,1511.66,NVIDIA GeForce RTX 4060 Ti,52,118.28,86,7230.3,16380.0,
2026-09-03T21:31:52.208815+00:00,01_yolo26_main,5,5,9.5,14.81,30.49,1511.66,NVIDIA GeForce RTX 4060 Ti,52,119.97,86,7230.3,16380.0,
2026-09-03T21:32:02.232713+00:00,01_yolo26_main,5,5,9.4,14.83,30.49,1511.66,NVIDIA GeForce RTX 4060 Ti,53,84.25,38,7230.3,16380.0,
2026-09-03T21:32:12.260427+00:00,01_yolo26_main,5,5,9.6,14.75,30.49,1511.66,NVIDIA GeForce RTX 4060 Ti,53,116.28,93,7230.3,16380.0,
2026-09-03T21:32:22.288253+00:00,01_yolo26_main,5,5,9.4,14.77,30.49,1511.66,NVIDIA GeForce RTX 4060 Ti,53,119.23,91,7230.3,16380.0,
2026-09-03T21:32:32.309435+00:00,01_yolo26_main,5,5,9.6,14.82,30.49,1511.66,NVIDIA GeForce RTX 4060 Ti,53,118.56,93,7230.3,16380.0,
2026-09-03T21:32:42.336818+00:00,01_yolo26_main,5,5,9.6,14.74,30.49,1511.66,NVIDIA GeForce RTX 4060 Ti,50,117.61,97,7230.3,16380.0,
2026-09-03T21:32:52.363805+00:00,01_yolo26_main,5,5,9.4,14.73,30.49,1511.66,NVIDIA GeForce RTX 4060 Ti,53,120.13,94,7230.3,16380.0,
2026-09-03T21:33:02.389824+00:00,01_yolo26_main,5,5,9.2,14.72,30.49,1511.66,NVIDIA GeForce RTX 4060 Ti,51,120.12,86,7230.3,16380.0,
2026-09-03T21:33:12.415740+00:00,01_yolo26_main,5,5,9.7,14.9,30.49,1511.66,NVIDIA GeForce RTX 4060 Ti,45,71.39,85,7230.3,16380.0,
2026-09-03T21:33:22.438817+00:00,01_yolo26_main,5,5,9.3,14.74,30.49,1511.66,NVIDIA GeForce RTX 4060 Ti,53,118.62,86,7230.3,16380.0,
2026-09-03T21:33:32.465854+00:00,01_yolo26_main,5,5,9.2,14.81,30.49,1511.66,NVIDIA GeForce RTX 4060 Ti,52,116.48,92,7230.3,16380.0,
2026-09-03T21:33:42.488829+00:00,01_yolo26_main,5,5,9.5,14.89,30.49,1511.66,NVIDIA GeForce RTX 4060 Ti,52,118.92,93,7230.3,16380.0,
2026-09-03T21:33:52.512439+00:00,01_yolo26_main,5,5,9.5,14.77,30.49,1511.66,NVIDIA GeForce RTX 4060 Ti,52,116.55,93,7230.3,16380.0,
2026-09-03T21:34:02.538817+00:00,01_yolo26_main,5,5,9.4,14.8,30.49,1511.66,NVIDIA GeForce RTX 4060 Ti,50,119.02,92,7230.3,16380.0,
2026-09-03T21:34:12.565827+00:00,01_yolo26_main,5,5,9.4,14.84,30.49,1511.66,NVIDIA GeForce RTX 4060 Ti,52,120.01,92,7230.3,16380.0,
2026-09-03T21:34:22.592825+00:00,01_yolo26_main,5,5,9.6,14.77,30.49,1511.66,NVIDIA GeForce RTX 4060 Ti,54,118.02,92,7230.3,16380.0,
2026-09-03T21:34:32.613221+00:00,01_yolo26_main,5,5,9.4,14.78,30.49,1511.66,NVIDIA GeForce RTX 4060 Ti,53,118.03,91,7230.3,16380.0,
2026-09-03T21:34:42.639975+00:00,01_yolo26_main,5,5,9.4,14.8,30.49,1511.66,NVIDIA GeForce RTX 4060 Ti,52,117.54,93,7230.3,16380.0,
2026-09-03T21:34:52.666372+00:00,01_yolo26_main,5,5,9.4,14.86,30.49,1511.66,NVIDIA GeForce RTX 4060 Ti,51,100.57,0,7230.3,16380.0,
2026-09-03T21:35:02.695000+00:00,01_yolo26_main,5,5,9.6,14.78,30.49,1511.66,NVIDIA GeForce RTX 4060 Ti,51,118.5,86,7230.3,16380.0,
2026-09-03T21:35:12.723225+00:00,01_yolo26_main,5,5,9.4,14.82,30.49,1511.66,NVIDIA GeForce RTX 4060 Ti,52,118.33,93,7230.3,16380.0,
2026-09-03T21:35:22.751653+00:00,01_yolo26_main,5,5,9.4,14.85,30.49,1511.66,NVIDIA GeForce RTX 4060 Ti,51,119.74,90,7230.3,16380.0,
2026-09-03T21:35:32.779143+00:00,01_yolo26_main,5,5,9.6,14.76,30.49,1511.66,NVIDIA GeForce RTX 4060 Ti,51,116.23,91,7230.3,16380.0,
2026-09-03T21:35:42.806610+00:00,01_yolo26_main,5,5,9.4,14.77,30.49,1511.66,NVIDIA GeForce RTX 4060 Ti,53,118.75,93,7230.3,16380.0,
2026-09-03T21:35:52.833818+00:00,01_yolo26_main,5,5,9.4,14.76,30.49,1511.66,NVIDIA GeForce RTX 4060 Ti,53,118.67,92,7230.3,16380.0,
2026-09-03T21:36:02.858817+00:00,01_yolo26_main,5,5,9.4,14.83,30.49,1511.66,NVIDIA GeForce RTX 4060 Ti,51,120.27,94,7230.3,16380.0,
2026-09-03T21:36:12.884822+00:00,01_yolo26_main,5,5,9.6,14.75,30.49,1511.66,NVIDIA GeForce RTX 4060 Ti,53,117.66,88,7230.3,16380.0,
2026-09-03T21:36:22.910824+00:00,01_yolo26_main,5,5,9.4,14.81,30.49,1511.66,NVIDIA GeForce RTX 4060 Ti,52,120.43,93,7230.3,16380.0,
2026-09-03T21:36:32.938822+00:00,01_yolo26_main,5,5,9.4,14.72,30.49,1511.66,NVIDIA GeForce RTX 4060 Ti,51,118.69,92,7230.3,16380.0,
2026-09-03T21:36:42.963836+00:00,01_yolo26_main,5,5,9.6,14.76,30.49,1511.66,NVIDIA GeForce RTX 4060 Ti,50,113.42,89,7230.3,16380.0,
2026-09-03T21:36:52.989840+00:00,01_yolo26_main,5,5,9.5,14.74,30.49,1511.66,NVIDIA GeForce RTX 4060 Ti,53,117.32,94,7230.3,16380.0,
2026-09-03T21:37:03.014821+00:00,01_yolo26_main,5,5,9.4,14.77,30.49,1511.66,NVIDIA GeForce RTX 4060 Ti,51,118.91,93,7230.3,16380.0,
2026-09-03T21:37:13.040822+00:00,01_yolo26_main,5,5,9.4,14.76,30.49,1511.66,NVIDIA GeForce RTX 4060 Ti,50,120.1,93,7230.3,16380.0,
2026-09-03T21:37:23.067818+00:00,01_yolo26_main,5,5,9.6,14.76,30.49,1511.66,NVIDIA GeForce RTX 4060 Ti,52,118.14,92,7230.3,16380.0,
2026-09-03T21:37:33.095822+00:00,01_yolo26_main,5,5,9.6,14.82,30.49,1511.66,NVIDIA GeForce RTX 4060 Ti,53,119.34,92,7230.3,16380.0,
2026-09-03T21:37:43.122818+00:00,01_yolo26_main,5,5,9.4,14.77,30.49,1511.66,NVIDIA GeForce RTX 4060 Ti,53,118.81,93,7230.3,16380.0,
2026-09-03T21:37:53.149812+00:00,01_yolo26_main,5,5,9.6,14.8,30.49,1511.66,NVIDIA GeForce RTX 4060 Ti,53,112.94,88,7230.3,16380.0,
2026-09-03T21:38:03.174839+00:00,01_yolo26_main,5,5,9.4,14.77,30.49,1511.66,NVIDIA GeForce RTX 4060 Ti,52,120.09,93,7230.3,16380.0,
2026-09-03T21:38:13.201821+00:00,01_yolo26_main,5,5,9.5,14.87,30.49,1511.66,NVIDIA GeForce RTX 4060 Ti,52,116.78,86,7230.3,16380.0,
2026-09-03T21:38:23.221273+00:00,01_yolo26_main,5,5,9.5,14.88,30.49,1511.66,NVIDIA GeForce RTX 4060 Ti,53,119.13,90,7230.3,16380.0,
2026-09-03T21:38:33.246826+00:00,01_yolo26_main,5,5,9.7,14.78,30.49,1511.66,NVIDIA GeForce RTX 4060 Ti,52,118.71,89,7230.3,16380.0,
2026-09-03T21:38:43.273582+00:00,01_yolo26_main,5,5,9.4,14.82,30.49,1511.66,NVIDIA GeForce RTX 4060 Ti,52,116.99,93,7230.3,16380.0,
2026-09-03T21:38:53.301857+00:00,01_yolo26_main,5,5,9.4,14.85,30.49,1511.66,NVIDIA GeForce RTX 4060 Ti,53,119.1,85,7230.3,16380.0,
2026-09-03T21:39:03.328815+00:00,01_yolo26_main,5,5,9.6,14.81,30.49,1511.66,NVIDIA GeForce RTX 4060 Ti,50,103.63,89,7230.3,16380.0,
2026-09-03T21:39:13.352820+00:00,01_yolo26_main,5,5,9.4,14.84,30.49,1511.66,NVIDIA GeForce RTX 4060 Ti,53,118.98,93,7230.3,16380.0,
2026-09-03T21:39:23.379752+00:00,01_yolo26_main,5,5,9.4,14.83,30.49,1511.66,NVIDIA GeForce RTX 4060 Ti,53,116.68,94,7230.3,16380.0,
2026-09-03T21:39:33.403821+00:00,01_yolo26_main,5,5,9.5,14.86,30.49,1511.66,NVIDIA GeForce RTX 4060 Ti,49,117.91,91,7230.3,16380.0,
2026-09-03T21:39:43.429845+00:00,01_yolo26_main,5,5,9.6,14.81,30.49,1511.66,NVIDIA GeForce RTX 4060 Ti,53,117.97,93,7230.3,16380.0,
2026-09-03T21:39:53.458833+00:00,01_yolo26_main,5,5,9.4,14.83,30.49,1511.66,NVIDIA GeForce RTX 4060 Ti,52,119.11,90,7230.3,16380.0,
2026-09-03T21:40:03.485887+00:00,01_yolo26_main,5,5,9.2,14.87,30.49,1511.66,NVIDIA GeForce RTX 4060 Ti,53,118.76,92,7230.3,16380.0,
2026-09-03T21:40:13.511811+00:00,01_yolo26_main,5,5,9.6,14.81,30.49,1511.66,NVIDIA GeForce RTX 4060 Ti,53,118.01,91,7230.3,16380.0,
2026-09-03T21:40:23.538958+00:00,01_yolo26_main,5,5,9.5,14.83,30.49,1511.66,NVIDIA GeForce RTX 4060 Ti,53,120.36,87,7230.3,16380.0,
2026-09-03T21:40:33.562886+00:00,01_yolo26_main,5,5,9.5,14.79,30.49,1511.66,NVIDIA GeForce RTX 4060 Ti,53,119.23,92,7230.3,16380.0,
2026-09-03T21:40:43.589939+00:00,01_yolo26_main,5,5,9.4,14.82,30.49,1511.66,NVIDIA GeForce RTX 4060 Ti,51,101.84,0,7230.3,16380.0,
2026-09-03T21:40:53.617144+00:00,01_yolo26_main,5,5,9.6,14.76,30.49,1511.66,NVIDIA GeForce RTX 4060 Ti,53,117.13,92,7230.3,16380.0,
2026-09-03T21:41:03.643834+00:00,01_yolo26_main,5,5,9.4,14.78,30.49,1511.66,NVIDIA GeForce RTX 4060 Ti,53,119.24,92,7230.3,16380.0,
2026-09-03T21:41:13.666170+00:00,01_yolo26_main,5,5,9.3,14.89,30.49,1511.66,NVIDIA GeForce RTX 4060 Ti,50,118.18,84,7230.3,16380.0,
2026-09-03T21:41:23.693822+00:00,01_yolo26_main,5,5,9.6,14.76,30.49,1511.66,NVIDIA GeForce RTX 4060 Ti,53,118.82,93,7230.3,16380.0,
2026-09-03T21:41:33.719821+00:00,01_yolo26_main,5,5,9.5,14.81,30.49,1511.66,NVIDIA GeForce RTX 4060 Ti,53,119.11,92,7230.3,16380.0,
2026-09-03T21:41:43.745845+00:00,01_yolo26_main,5,5,9.4,14.8,30.49,1511.66,NVIDIA GeForce RTX 4060 Ti,52,118.25,93,7230.3,16380.0,
2026-09-03T21:41:53.769874+00:00,01_yolo26_main,5,5,9.4,14.88,30.49,1511.66,NVIDIA GeForce RTX 4060 Ti,52,92.42,94,7230.3,16380.0,
2026-09-03T21:42:03.795009+00:00,01_yolo26_main,5,5,9.6,14.76,30.49,1511.66,NVIDIA GeForce RTX 4060 Ti,53,117.47,87,7230.3,16380.0,
2026-09-03T21:42:13.817833+00:00,01_yolo26_main,5,5,9.5,14.85,30.49,1511.66,NVIDIA GeForce RTX 4060 Ti,53,120.44,90,7230.3,16380.0,
2026-09-03T21:42:23.842072+00:00,01_yolo26_main,5,5,9.4,14.84,30.49,1511.66,NVIDIA GeForce RTX 4060 Ti,53,118.51,93,7230.3,16380.0,
2026-09-03T21:42:33.870623+00:00,01_yolo26_main,5,5,9.8,14.78,30.49,1511.66,NVIDIA GeForce RTX 4060 Ti,53,118.63,88,7230.3,16380.0,
2026-09-03T21:42:43.900420+00:00,01_yolo26_main,5,5,9.4,14.78,30.49,1511.66,NVIDIA GeForce RTX 4060 Ti,53,118.61,91,7230.3,16380.0,
2026-09-03T21:42:53.921267+00:00,01_yolo26_main,5,5,9.4,14.8,30.49,1511.66,NVIDIA GeForce RTX 4060 Ti,53,117.35,87,7230.3,16380.0,
2026-09-03T21:43:03.947820+00:00,01_yolo26_main,5,5,9.4,14.83,30.49,1511.66,NVIDIA GeForce RTX 4060 Ti,53,105.36,92,7230.3,16380.0,
2026-09-03T21:43:13.977650+00:00,01_yolo26_main,5,5,9.6,14.75,30.49,1511.66,NVIDIA GeForce RTX 4060 Ti,54,119.3,92,7230.3,16380.0,
2026-09-03T21:43:24.004455+00:00,01_yolo26_main,5,5,9.4,14.81,30.49,1511.66,NVIDIA GeForce RTX 4060 Ti,53,119.11,87,7230.3,16380.0,
2026-09-03T21:43:34.031736+00:00,01_yolo26_main,5,5,9.4,14.84,30.49,1511.66,NVIDIA GeForce RTX 4060 Ti,51,116.34,94,7230.3,16380.0,
2026-09-03T21:43:44.059025+00:00,01_yolo26_main,5,5,9.7,14.76,30.49,1511.66,NVIDIA GeForce RTX 4060 Ti,51,118.81,91,7230.3,16380.0,
2026-09-03T21:43:54.085547+00:00,01_yolo26_main,5,5,9.3,14.79,30.49,1511.66,NVIDIA GeForce RTX 4060 Ti,51,118.51,91,7230.3,16380.0,
2026-09-03T21:44:04.111411+00:00,01_yolo26_main,5,5,9.4,14.83,30.49,1511.66,NVIDIA GeForce RTX 4060 Ti,52,119.08,86,7230.3,16380.0,
2026-09-03T21:44:14.135963+00:00,01_yolo26_main,5,5,9.4,14.88,30.49,1511.66,NVIDIA GeForce RTX 4060 Ti,53,101.74,92,7230.3,16380.0,
2026-09-03T21:44:24.160345+00:00,01_yolo26_main,5,5,9.6,14.79,30.49,1511.66,NVIDIA GeForce RTX 4060 Ti,53,117.61,92,7230.3,16380.0,
2026-09-03T21:44:34.187827+00:00,01_yolo26_main,5,5,9.3,14.83,30.49,1511.66,NVIDIA GeForce RTX 4060 Ti,53,118.27,93,7230.3,16380.0,
2026-09-03T21:44:44.207850+00:00,01_yolo26_main,5,5,9.4,14.88,30.49,1511.66,NVIDIA GeForce RTX 4060 Ti,50,116.8,90,7230.3,16380.0,
2026-09-03T21:44:54.234819+00:00,01_yolo26_main,5,5,9.6,14.81,30.49,1511.66,NVIDIA GeForce RTX 4060 Ti,53,118.75,92,7230.3,16380.0,
2026-09-03T21:45:04.261832+00:00,01_yolo26_main,5,5,9.4,14.81,30.49,1511.66,NVIDIA GeForce RTX 4060 Ti,51,116.86,91,7230.3,16380.0,
2026-09-03T21:45:14.285828+00:00,01_yolo26_main,5,5,9.4,14.8,30.49,1511.66,NVIDIA GeForce RTX 4060 Ti,53,118.54,93,7230.3,16380.0,
2026-09-03T21:45:24.311820+00:00,01_yolo26_main,5,5,9.4,14.75,30.49,1511.66,NVIDIA GeForce RTX 4060 Ti,52,93.52,92,7230.3,16380.0,
2026-09-03T21:45:34.338824+00:00,01_yolo26_main,5,5,9.5,14.78,30.49,1511.66,NVIDIA GeForce RTX 4060 Ti,53,118.83,87,7230.3,16380.0,
2026-09-03T21:45:44.364823+00:00,01_yolo26_main,5,5,9.4,14.77,30.49,1511.66,NVIDIA GeForce RTX 4060 Ti,51,120.02,90,7230.3,16380.0,
2026-09-03T21:45:54.384330+00:00,01_yolo26_main,5,5,9.3,14.87,30.49,1511.66,NVIDIA GeForce RTX 4060 Ti,50,118.16,88,7230.3,16380.0,
2026-09-03T21:46:04.411834+00:00,01_yolo26_main,5,5,9.6,14.76,30.49,1511.66,NVIDIA GeForce RTX 4060 Ti,53,118.54,86,7230.3,16380.0,
2026-09-03T21:46:14.436852+00:00,01_yolo26_main,5,5,9.4,14.77,30.49,1511.66,NVIDIA GeForce RTX 4060 Ti,53,118.93,93,7230.3,16380.0,
2026-09-03T21:46:24.456264+00:00,01_yolo26_main,5,5,9.4,14.84,30.49,1511.66,NVIDIA GeForce RTX 4060 Ti,53,118.8,92,7230.3,16380.0,
2026-09-03T21:46:34.485034+00:00,01_yolo26_main,5,5,9.5,14.86,30.49,1511.66,NVIDIA GeForce RTX 4060 Ti,51,70.89,10,7230.3,16380.0,
2026-09-03T21:46:44.502831+00:00,01_yolo26_main,5,5,9.6,14.79,30.49,1511.66,NVIDIA GeForce RTX 4060 Ti,52,119.82,92,7230.3,16380.0,
2026-09-03T21:46:54.528814+00:00,01_yolo26_main,5,5,9.7,14.79,30.49,1511.66,NVIDIA GeForce RTX 4060 Ti,52,119.22,92,7230.3,16380.0,
2026-09-03T21:47:04.552835+00:00,01_yolo26_main,5,5,9.5,14.84,30.49,1511.66,NVIDIA GeForce RTX 4060 Ti,51,118.22,89,7230.3,16380.0,
2026-09-03T21:47:14.579723+00:00,01_yolo26_main,5,5,9.6,14.74,30.49,1511.66,NVIDIA GeForce RTX 4060 Ti,54,117.71,86,7230.3,16380.0,
2026-09-03T21:47:24.604864+00:00,01_yolo26_main,5,5,9.4,14.76,30.49,1511.66,NVIDIA GeForce RTX 4060 Ti,53,118.03,92,7230.3,16380.0,
2026-09-03T21:47:34.632765+00:00,01_yolo26_main,5,5,9.6,14.76,30.49,1511.66,NVIDIA GeForce RTX 4060 Ti,52,118.3,93,7230.3,16380.0,
2026-09-03T21:47:44.660833+00:00,01_yolo26_main,5,5,9.4,14.87,30.49,1511.66,NVIDIA GeForce RTX 4060 Ti,50,83.79,10,7230.3,16380.0,
2026-09-03T21:47:54.687574+00:00,01_yolo26_main,5,5,9.6,14.75,30.49,1511.66,NVIDIA GeForce RTX 4060 Ti,53,120.63,96,7230.3,16380.0,
2026-09-03T21:48:04.712997+00:00,01_yolo26_main,5,5,9.4,14.8,30.49,1511.66,NVIDIA GeForce RTX 4060 Ti,52,118.3,86,7230.3,16380.0,
2026-09-03T21:48:14.739861+00:00,01_yolo26_main,5,5,9.4,14.84,30.49,1511.66,NVIDIA GeForce RTX 4060 Ti,53,118.36,92,7230.3,16380.0,
2026-09-03T21:48:24.767074+00:00,01_yolo26_main,5,5,9.6,14.73,30.49,1511.66,NVIDIA GeForce RTX 4060 Ti,54,120.0,93,7230.3,16380.0,
2026-09-03T21:48:34.793887+00:00,01_yolo26_main,5,5,9.4,14.83,30.49,1511.66,NVIDIA GeForce RTX 4060 Ti,53,120.25,92,7230.3,16380.0,
2026-09-03T21:48:44.818609+00:00,01_yolo26_main,5,5,9.4,14.84,30.49,1511.66,NVIDIA GeForce RTX 4060 Ti,53,119.24,93,7230.3,16380.0,
2026-09-03T21:48:54.848826+00:00,01_yolo26_main,5,5,9.4,14.87,30.49,1511.66,NVIDIA GeForce RTX 4060 Ti,44,67.67,46,7230.3,16380.0,
2026-09-03T21:49:04.874954+00:00,01_yolo26_main,5,5,9.6,14.76,30.49,1511.66,NVIDIA GeForce RTX 4060 Ti,53,116.26,98,7230.3,16380.0,
2026-09-03T21:49:14.901059+00:00,01_yolo26_main,5,5,9.4,14.78,30.49,1511.66,NVIDIA GeForce RTX 4060 Ti,52,117.88,93,7230.3,16380.0,
2026-09-03T21:49:24.927994+00:00,01_yolo26_main,5,5,9.4,14.82,30.49,1511.66,NVIDIA GeForce RTX 4060 Ti,51,118.71,92,7230.3,16380.0,
2026-09-03T21:49:34.955863+00:00,01_yolo26_main,5,5,9.6,14.73,30.49,1511.66,NVIDIA GeForce RTX 4060 Ti,54,118.73,93,7230.3,16380.0,
2026-09-03T21:49:44.979822+00:00,01_yolo26_main,5,5,9.5,14.79,30.49,1511.66,NVIDIA GeForce RTX 4060 Ti,53,117.09,89,7230.3,16380.0,
2026-09-03T21:49:55.007824+00:00,01_yolo26_main,5,5,9.4,14.75,30.49,1511.66,NVIDIA GeForce RTX 4060 Ti,52,116.47,90,7230.3,16380.0,
2026-09-03T21:50:05.033675+00:00,01_yolo26_main,5,5,9.5,14.91,30.49,1511.74,NVIDIA GeForce RTX 4060 Ti,45,81.63,18,7230.3,16380.0,
2026-09-03T21:50:15.057857+00:00,01_yolo26_main,5,5,9.4,14.77,30.49,1511.66,NVIDIA GeForce RTX 4060 Ti,51,118.36,92,7230.3,16380.0,
2026-09-03T21:50:25.082834+00:00,01_yolo26_main,5,5,9.2,14.8,30.49,1511.66,NVIDIA GeForce RTX 4060 Ti,53,117.28,94,7230.3,16380.0,
2026-09-03T21:50:35.108529+00:00,01_yolo26_main,5,5,9.3,14.83,30.49,1511.66,NVIDIA GeForce RTX 4060 Ti,52,115.68,89,7230.3,16380.0,
2026-09-03T21:50:45.135879+00:00,01_yolo26_main,5,5,9.5,14.74,30.49,1511.66,NVIDIA GeForce RTX 4060 Ti,53,117.84,92,7230.3,16380.0,
2026-09-03T21:50:55.164120+00:00,01_yolo26_main,5,5,9.4,14.77,30.49,1511.66,NVIDIA GeForce RTX 4060 Ti,51,118.37,93,7230.3,16380.0,
2026-09-03T21:51:05.191762+00:00,01_yolo26_main,5,5,9.4,14.82,30.49,1511.66,NVIDIA GeForce RTX 4060 Ti,52,118.22,85,7230.3,16380.0,
2026-09-03T21:51:15.220090+00:00,01_yolo26_main,5,5,9.6,14.72,30.49,1511.66,NVIDIA GeForce RTX 4060 Ti,53,119.09,94,7230.3,16380.0,
2026-09-03T21:51:25.246614+00:00,01_yolo26_main,5,5,9.4,14.72,30.49,1511.66,NVIDIA GeForce RTX 4060 Ti,51,120.13,85,7230.3,16380.0,
2026-09-03T21:51:35.272994+00:00,01_yolo26_main,5,5,9.4,14.81,30.49,1511.66,NVIDIA GeForce RTX 4060 Ti,53,118.07,93,7230.3,16380.0,
2026-09-03T21:51:45.297092+00:00,01_yolo26_main,5,5,9.4,14.84,30.49,1511.66,NVIDIA GeForce RTX 4060 Ti,53,100.17,86,7230.3,16380.0,
2026-09-03T21:51:55.324796+00:00,01_yolo26_main,5,5,9.6,14.76,30.49,1511.66,NVIDIA GeForce RTX 4060 Ti,53,118.11,92,7230.3,16380.0,
2026-09-03T21:52:05.352863+00:00,01_yolo26_main,5,5,9.5,14.81,30.49,1511.66,NVIDIA GeForce RTX 4060 Ti,52,118.98,92,7230.3,16380.0,
2026-09-03T21:52:15.379923+00:00,01_yolo26_main,5,5,9.4,14.83,30.49,1511.66,NVIDIA GeForce RTX 4060 Ti,53,118.39,91,7230.3,16380.0,
2026-09-03T21:52:25.405836+00:00,01_yolo26_main,5,5,10.1,14.73,30.49,1511.66,NVIDIA GeForce RTX 4060 Ti,53,119.62,87,7230.3,16380.0,
2026-09-03T21:52:35.432440+00:00,01_yolo26_main,5,5,18.1,14.68,30.49,1511.66,NVIDIA GeForce RTX 4060 Ti,53,118.33,89,7230.3,16380.0,
2026-09-03T21:52:45.462809+00:00,01_yolo26_main,5,5,16.0,14.77,30.49,1511.66,NVIDIA GeForce RTX 4060 Ti,51,114.8,93,7622.3,16380.0,
2026-09-03T21:52:55.490168+00:00,01_yolo26_main,5,5,13.7,14.8,30.49,1511.66,NVIDIA GeForce RTX 4060 Ti,44,58.35,11,7622.3,16380.0,
2026-09-03T21:53:05.515821+00:00,01_yolo26_main,5,5,9.6,14.7,30.49,1511.66,NVIDIA GeForce RTX 4060 Ti,52,117.68,92,7622.3,16380.0,
2026-09-03T21:53:15.544832+00:00,01_yolo26_main,5,5,9.5,14.75,30.49,1511.66,NVIDIA GeForce RTX 4060 Ti,51,117.8,90,7622.3,16380.0,
2026-09-03T21:53:25.571823+00:00,01_yolo26_main,5,5,9.4,14.66,30.49,1511.66,NVIDIA GeForce RTX 4060 Ti,53,118.9,89,7622.3,16380.0,
2026-09-03T21:53:35.599832+00:00,01_yolo26_main,5,5,9.6,14.65,30.49,1511.66,NVIDIA GeForce RTX 4060 Ti,53,119.01,93,7622.3,16380.0,
2026-09-03T21:53:45.627883+00:00,01_yolo26_main,5,5,9.4,14.74,30.49,1511.66,NVIDIA GeForce RTX 4060 Ti,52,118.62,94,7622.3,16380.0,
2026-09-03T21:53:55.643822+00:00,01_yolo26_main,5,5,9.4,14.75,30.49,1511.66,NVIDIA GeForce RTX 4060 Ti,51,119.72,89,7622.3,16380.0,
2026-09-03T21:54:05.672171+00:00,01_yolo26_main,5,5,9.4,14.66,30.49,1511.66,NVIDIA GeForce RTX 4060 Ti,45,70.46,82,7622.3,16380.0,
2026-09-03T21:54:15.697829+00:00,01_yolo26_main,5,5,9.6,14.67,30.49,1511.66,NVIDIA GeForce RTX 4060 Ti,53,118.59,92,7622.3,16380.0,
2026-09-03T21:54:25.722674+00:00,01_yolo26_main,5,5,9.4,14.77,30.49,1511.66,NVIDIA GeForce RTX 4060 Ti,53,118.97,90,7622.3,16380.0,
2026-09-03T21:54:35.749823+00:00,01_yolo26_main,5,5,9.4,14.78,30.49,1511.66,NVIDIA GeForce RTX 4060 Ti,52,119.38,93,7622.3,16380.0,
2026-09-03T21:54:45.776424+00:00,01_yolo26_main,5,5,9.6,14.72,30.49,1511.66,NVIDIA GeForce RTX 4060 Ti,53,119.88,85,7622.3,16380.0,
2026-09-03T21:54:55.797549+00:00,01_yolo26_main,5,5,9.5,14.74,30.49,1511.66,NVIDIA GeForce RTX 4060 Ti,53,118.92,94,7622.3,16380.0,
2026-09-03T21:55:05.821289+00:00,01_yolo26_main,5,5,9.5,14.68,30.49,1511.66,NVIDIA GeForce RTX 4060 Ti,53,118.78,94,7622.3,16380.0,
2026-09-03T21:55:15.847868+00:00,01_yolo26_main,5,5,9.4,14.87,30.49,1511.66,NVIDIA GeForce RTX 4060 Ti,44,74.1,1,7622.3,16380.0,
2026-09-03T21:55:25.870834+00:00,01_yolo26_main,5,5,9.5,14.72,30.49,1511.66,NVIDIA GeForce RTX 4060 Ti,54,118.54,90,7622.3,16380.0,
2026-09-03T21:55:35.894847+00:00,01_yolo26_main,5,5,9.4,14.76,30.49,1511.66,NVIDIA GeForce RTX 4060 Ti,50,118.8,92,7622.3,16380.0,
2026-09-03T21:55:45.917278+00:00,01_yolo26_main,5,5,9.4,14.7,30.49,1511.66,NVIDIA GeForce RTX 4060 Ti,53,118.76,87,7622.3,16380.0,
2026-09-03T21:55:55.945193+00:00,01_yolo26_main,5,5,9.5,14.7,30.49,1511.66,NVIDIA GeForce RTX 4060 Ti,52,119.54,92,7622.3,16380.0,
2026-09-03T21:56:05.965862+00:00,01_yolo26_main,5,5,9.4,14.76,30.49,1511.66,NVIDIA GeForce RTX 4060 Ti,53,119.52,90,7622.3,16380.0,
2026-09-03T21:56:15.985961+00:00,01_yolo26_main,5,5,9.4,14.79,30.49,1511.66,NVIDIA GeForce RTX 4060 Ti,52,118.53,97,7622.3,16380.0,
2026-09-03T21:56:26.005971+00:00,01_yolo26_main,5,5,9.6,14.71,30.49,1511.66,NVIDIA GeForce RTX 4060 Ti,51,96.69,76,7622.3,16380.0,
2026-09-03T21:56:36.028818+00:00,01_yolo26_main,5,5,9.4,14.69,30.49,1511.66,NVIDIA GeForce RTX 4060 Ti,52,119.86,93,7622.3,16380.0,
2026-09-03T21:56:46.057835+00:00,01_yolo26_main,5,5,9.4,14.77,30.49,1511.66,NVIDIA GeForce RTX 4060 Ti,53,117.83,93,7622.3,16380.0,
2026-09-03T21:56:56.073831+00:00,01_yolo26_main,5,5,9.4,14.7,30.49,1511.66,NVIDIA GeForce RTX 4060 Ti,53,117.72,92,7622.3,16380.0,
2026-09-03T21:57:06.091839+00:00,01_yolo26_main,5,5,9.6,14.7,30.49,1511.66,NVIDIA GeForce RTX 4060 Ti,53,116.81,95,7622.3,16380.0,
2026-09-03T21:57:16.119868+00:00,01_yolo26_main,5,5,9.5,14.76,30.49,1511.66,NVIDIA GeForce RTX 4060 Ti,53,118.47,91,7622.3,16380.0,
2026-09-03T21:57:26.147544+00:00,01_yolo26_main,5,5,9.4,14.79,30.49,1511.66,NVIDIA GeForce RTX 4060 Ti,53,117.43,93,7622.3,16380.0,
2026-09-03T21:57:36.167302+00:00,01_yolo26_main,5,5,9.9,14.7,30.49,1511.66,NVIDIA GeForce RTX 4060 Ti,52,115.24,94,7622.3,16380.0,
2026-09-03T21:57:46.190708+00:00,01_yolo26_main,5,5,9.5,14.72,30.49,1511.66,NVIDIA GeForce RTX 4060 Ti,51,116.37,85,7622.3,16380.0,
2026-09-03T21:57:56.216828+00:00,01_yolo26_main,5,5,9.5,14.77,30.49,1511.66,NVIDIA GeForce RTX 4060 Ti,53,119.54,92,7622.3,16380.0,
2026-09-03T21:58:06.238832+00:00,01_yolo26_main,5,5,9.5,14.86,30.49,1511.66,NVIDIA GeForce RTX 4060 Ti,52,107.45,93,7622.3,16380.0,
2026-09-03T21:58:16.262823+00:00,01_yolo26_main,5,5,9.7,14.76,30.49,1511.66,NVIDIA GeForce RTX 4060 Ti,53,119.69,91,7622.3,16380.0,
2026-09-03T21:58:26.284823+00:00,01_yolo26_main,5,5,9.4,14.76,30.49,1511.66,NVIDIA GeForce RTX 4060 Ti,53,118.73,85,7622.3,16380.0,
2026-09-03T21:58:36.311818+00:00,01_yolo26_main,5,5,9.4,14.68,30.49,1511.66,NVIDIA GeForce RTX 4060 Ti,52,109.59,94,7622.3,16380.0,
2026-09-03T21:58:46.338815+00:00,01_yolo26_main,5,5,9.6,14.68,30.49,1511.66,NVIDIA GeForce RTX 4060 Ti,53,117.76,85,7622.3,16380.0,
2026-09-03T21:58:56.363832+00:00,01_yolo26_main,5,5,9.4,14.69,30.49,1511.66,NVIDIA GeForce RTX 4060 Ti,53,118.79,90,7622.3,16380.0,
2026-09-03T21:59:06.391820+00:00,01_yolo26_main,5,5,9.5,14.81,30.49,1511.66,NVIDIA GeForce RTX 4060 Ti,53,119.76,89,7622.3,16380.0,
2026-09-03T21:59:16.417847+00:00,01_yolo26_main,5,5,9.5,14.72,30.49,1511.66,NVIDIA GeForce RTX 4060 Ti,52,100.1,94,7622.3,16380.0,
2026-09-03T21:59:26.442818+00:00,01_yolo26_main,5,5,9.6,14.72,30.49,1511.66,NVIDIA GeForce RTX 4060 Ti,51,116.72,94,7622.3,16380.0,
2026-09-03T21:59:36.471819+00:00,01_yolo26_main,5,5,9.4,14.73,30.49,1511.66,NVIDIA GeForce RTX 4060 Ti,53,118.09,85,7622.3,16380.0,
2026-09-03T21:59:46.498832+00:00,01_yolo26_main,5,5,9.4,14.79,30.49,1511.66,NVIDIA GeForce RTX 4060 Ti,53,118.6,87,7622.3,16380.0,
2026-09-03T21:59:56.524814+00:00,01_yolo26_main,5,5,9.6,14.7,30.49,1511.66,NVIDIA GeForce RTX 4060 Ti,52,117.33,92,7622.3,16380.0,
2026-09-03T22:00:06.551910+00:00,01_yolo26_main,5,5,9.4,14.74,30.49,1511.66,NVIDIA GeForce RTX 4060 Ti,53,118.05,91,7622.3,16380.0,
2026-09-03T22:00:16.577829+00:00,01_yolo26_main,5,5,9.5,14.81,30.49,1511.66,NVIDIA GeForce RTX 4060 Ti,53,117.92,94,7622.3,16380.0,
2026-09-03T22:00:26.601839+00:00,01_yolo26_main,5,5,9.4,14.82,30.49,1511.66,NVIDIA GeForce RTX 4060 Ti,52,91.6,91,7622.3,16380.0,
2026-09-03T22:00:36.627819+00:00,01_yolo26_main,5,5,9.6,14.73,30.49,1511.66,NVIDIA GeForce RTX 4060 Ti,54,119.35,87,7622.3,16380.0,
2026-09-03T22:00:46.654861+00:00,01_yolo26_main,5,5,9.4,14.79,30.49,1511.66,NVIDIA GeForce RTX 4060 Ti,51,118.96,92,7622.3,16380.0,
2026-09-03T22:00:56.680916+00:00,01_yolo26_main,5,5,9.6,14.79,30.49,1511.66,NVIDIA GeForce RTX 4060 Ti,53,116.6,91,7622.3,16380.0,
2026-09-03T22:01:06.707826+00:00,01_yolo26_main,5,5,9.6,14.7,30.49,1511.66,NVIDIA GeForce RTX 4060 Ti,52,117.65,91,7622.3,16380.0,
2026-09-03T22:01:16.733995+00:00,01_yolo26_main,5,5,9.5,14.73,30.49,1511.66,NVIDIA GeForce RTX 4060 Ti,52,117.03,88,7622.3,16380.0,
2026-09-03T22:01:26.760818+00:00,01_yolo26_main,5,5,9.4,14.8,30.49,1511.66,NVIDIA GeForce RTX 4060 Ti,53,119.51,93,7622.3,16380.0,
2026-09-03T22:01:36.787844+00:00,01_yolo26_main,5,5,9.5,14.82,30.49,1511.66,NVIDIA GeForce RTX 4060 Ti,53,89.59,87,7622.3,16380.0,
2026-09-03T22:01:46.815200+00:00,01_yolo26_main,5,5,9.6,14.73,30.49,1511.66,NVIDIA GeForce RTX 4060 Ti,52,118.29,92,7622.3,16380.0,
2026-09-03T22:01:56.842206+00:00,01_yolo26_main,5,5,9.4,14.76,30.49,1511.66,NVIDIA GeForce RTX 4060 Ti,53,119.69,90,7622.3,16380.0,
2026-09-03T22:02:06.871114+00:00,01_yolo26_main,5,5,9.4,14.78,30.49,1511.66,NVIDIA GeForce RTX 4060 Ti,53,118.42,93,7622.3,16380.0,
2026-09-03T22:02:16.898818+00:00,01_yolo26_main,5,5,9.6,14.71,30.49,1511.66,NVIDIA GeForce RTX 4060 Ti,51,117.47,89,7622.3,16380.0,
2026-09-03T22:02:26.921822+00:00,01_yolo26_main,5,5,9.4,14.75,30.49,1511.66,NVIDIA GeForce RTX 4060 Ti,52,118.47,87,7622.3,16380.0,
2026-09-03T22:02:36.948837+00:00,01_yolo26_main,5,5,9.6,14.78,30.49,1511.66,NVIDIA GeForce RTX 4060 Ti,53,119.23,94,7622.3,16380.0,
2026-09-03T22:02:46.974813+00:00,01_yolo26_main,5,5,9.5,14.69,30.49,1511.66,NVIDIA GeForce RTX 4060 Ti,53,102.62,88,7622.3,16380.0,
2026-09-03T22:02:57.002823+00:00,01_yolo26_main,5,5,9.6,14.67,30.49,1511.66,NVIDIA GeForce RTX 4060 Ti,53,118.57,93,7622.3,16380.0,
2026-09-03T22:03:07.027814+00:00,01_yolo26_main,5,5,9.4,14.78,30.49,1511.66,NVIDIA GeForce RTX 4060 Ti,52,117.84,93,7622.3,16380.0,
2026-09-03T22:03:17.054827+00:00,01_yolo26_main,5,5,9.4,14.67,30.49,1511.66,NVIDIA GeForce RTX 4060 Ti,50,117.8,94,7622.3,16380.0,
2026-09-03T22:03:27.081833+00:00,01_yolo26_main,5,5,9.6,14.68,30.49,1511.66,NVIDIA GeForce RTX 4060 Ti,53,119.85,90,7622.3,16380.0,
2026-09-03T22:03:37.113840+00:00,01_yolo26_main,5,5,9.5,14.74,30.49,1511.66,NVIDIA GeForce RTX 4060 Ti,53,119.15,92,7622.3,16380.0,
2026-09-03T22:03:47.141823+00:00,01_yolo26_main,5,5,9.4,14.75,30.49,1511.66,NVIDIA GeForce RTX 4060 Ti,50,117.45,89,7622.3,16380.0,
2026-09-03T22:03:57.168820+00:00,01_yolo26_main,5,5,9.5,14.75,30.49,1511.66,NVIDIA GeForce RTX 4060 Ti,51,89.95,1,7622.3,16380.0,
2026-09-03T22:04:07.196822+00:00,01_yolo26_main,5,5,9.6,14.68,30.49,1511.66,NVIDIA GeForce RTX 4060 Ti,51,115.05,92,7622.3,16380.0,
2026-09-03T22:04:17.224818+00:00,01_yolo26_main,5,5,9.4,14.7,30.49,1511.66,NVIDIA GeForce RTX 4060 Ti,51,118.6,94,7622.3,16380.0,
2026-09-03T22:04:27.250816+00:00,01_yolo26_main,5,5,9.4,14.74,30.49,1511.66,NVIDIA GeForce RTX 4060 Ti,51,116.43,90,7622.3,16380.0,
2026-09-03T22:04:37.272831+00:00,01_yolo26_main,5,5,9.6,14.68,30.49,1511.66,NVIDIA GeForce RTX 4060 Ti,52,116.41,97,7622.3,16380.0,
2026-09-03T22:04:47.298861+00:00,01_yolo26_main,5,5,9.4,14.72,30.49,1511.66,NVIDIA GeForce RTX 4060 Ti,53,119.6,91,7622.3,16380.0,
2026-09-03T22:04:57.323849+00:00,01_yolo26_main,5,5,9.4,14.76,30.49,1511.66,NVIDIA GeForce RTX 4060 Ti,53,118.53,88,7622.3,16380.0,
2026-09-03T22:05:07.349827+00:00,01_yolo26_main,5,5,9.5,14.78,30.49,1511.66,NVIDIA GeForce RTX 4060 Ti,51,67.03,92,7622.3,16380.0,
2026-09-03T22:05:17.375821+00:00,01_yolo26_main,5,5,9.6,14.69,30.49,1511.66,NVIDIA GeForce RTX 4060 Ti,54,118.22,93,7622.3,16380.0,
2026-09-03T22:05:27.401821+00:00,01_yolo26_main,5,5,9.4,14.75,30.49,1511.66,NVIDIA GeForce RTX 4060 Ti,52,119.13,92,7622.3,16380.0,
2026-09-03T22:05:37.427832+00:00,01_yolo26_main,5,5,9.4,14.77,30.49,1511.66,NVIDIA GeForce RTX 4060 Ti,51,117.81,97,7622.3,16380.0,
2026-09-03T22:05:47.450818+00:00,01_yolo26_main,5,5,9.6,14.71,30.49,1511.66,NVIDIA GeForce RTX 4060 Ti,53,118.92,91,7622.3,16380.0,
2026-09-03T22:05:57.479817+00:00,01_yolo26_main,5,5,9.4,14.73,30.49,1511.66,NVIDIA GeForce RTX 4060 Ti,54,119.04,94,7622.3,16380.0,
2026-09-03T22:06:07.507853+00:00,01_yolo26_main,5,5,9.4,14.72,30.49,1511.66,NVIDIA GeForce RTX 4060 Ti,53,118.67,93,7622.3,16380.0,
2026-09-03T22:06:17.523834+00:00,01_yolo26_main,5,5,9.4,14.79,30.49,1511.66,NVIDIA GeForce RTX 4060 Ti,50,64.43,93,7622.3,16380.0,
2026-09-03T22:06:27.550816+00:00,01_yolo26_main,5,5,9.6,14.7,30.49,1511.66,NVIDIA GeForce RTX 4060 Ti,53,116.58,90,7622.3,16380.0,
2026-09-03T22:06:37.574818+00:00,01_yolo26_main,5,5,9.4,14.75,30.49,1511.66,NVIDIA GeForce RTX 4060 Ti,50,118.81,88,7622.3,16380.0,
2026-09-03T22:06:47.604819+00:00,01_yolo26_main,5,5,9.3,14.77,30.49,1511.66,NVIDIA GeForce RTX 4060 Ti,50,118.57,94,7622.3,16380.0,
2026-09-03T22:06:57.630822+00:00,01_yolo26_main,5,5,9.6,14.7,30.49,1511.66,NVIDIA GeForce RTX 4060 Ti,53,117.32,93,7622.3,16380.0,
2026-09-03T22:07:07.656820+00:00,01_yolo26_main,5,5,9.3,14.72,30.49,1511.66,NVIDIA GeForce RTX 4060 Ti,53,115.65,93,7622.3,16380.0,
2026-09-03T22:07:17.684279+00:00,01_yolo26_main,5,5,9.5,14.73,30.49,1511.66,NVIDIA GeForce RTX 4060 Ti,53,118.7,90,7622.3,16380.0,
2026-09-03T22:07:27.710832+00:00,01_yolo26_main,5,5,9.4,14.79,30.49,1511.66,NVIDIA GeForce RTX 4060 Ti,44,65.96,7,7622.3,16380.0,
2026-09-03T22:07:37.739845+00:00,01_yolo26_main,5,5,9.7,14.69,30.49,1511.66,NVIDIA GeForce RTX 4060 Ti,53,119.85,87,7622.3,16380.0,
2026-09-03T22:07:47.757221+00:00,01_yolo26_main,5,5,9.4,14.72,30.49,1511.66,NVIDIA GeForce RTX 4060 Ti,53,117.82,90,7622.3,16380.0,
2026-09-03T22:07:57.782828+00:00,01_yolo26_main,5,5,9.3,14.77,30.49,1511.66,NVIDIA GeForce RTX 4060 Ti,53,117.84,93,7622.3,16380.0,
2026-09-03T22:08:07.808121+00:00,01_yolo26_main,5,5,9.6,14.69,30.49,1511.66,NVIDIA GeForce RTX 4060 Ti,51,117.82,87,7622.3,16380.0,
2026-09-03T22:08:17.824842+00:00,01_yolo26_main,5,5,9.5,14.72,30.49,1511.66,NVIDIA GeForce RTX 4060 Ti,50,118.81,93,7622.3,16380.0,
2026-09-03T22:08:27.850825+00:00,01_yolo26_main,5,5,9.2,14.69,30.49,1511.66,NVIDIA GeForce RTX 4060 Ti,53,119.28,93,7622.3,16380.0,
2026-09-03T22:08:37.877038+00:00,01_yolo26_main,5,5,9.7,14.71,30.49,1511.66,NVIDIA GeForce RTX 4060 Ti,50,112.22,92,7622.3,16380.0,
2026-09-03T22:08:47.899820+00:00,01_yolo26_main,5,5,9.4,14.71,30.49,1511.66,NVIDIA GeForce RTX 4060 Ti,53,119.89,89,7622.3,16380.0,
2026-09-03T22:08:57.926823+00:00,01_yolo26_main,5,5,9.4,14.72,30.49,1511.66,NVIDIA GeForce RTX 4060 Ti,53,118.75,93,7622.3,16380.0,
2026-09-03T22:09:07.953826+00:00,01_yolo26_main,5,5,9.4,14.77,30.49,1511.66,NVIDIA GeForce RTX 4060 Ti,49,116.6,92,7622.3,16380.0,
2026-09-03T22:09:17.980273+00:00,01_yolo26_main,5,5,9.6,14.69,30.49,1511.66,NVIDIA GeForce RTX 4060 Ti,53,118.15,91,7622.3,16380.0,
2026-09-03T22:09:28.007043+00:00,01_yolo26_main,5,5,9.4,14.69,30.49,1511.66,NVIDIA GeForce RTX 4060 Ti,51,117.51,89,7622.3,16380.0,
2026-09-03T22:09:38.032840+00:00,01_yolo26_main,5,5,9.5,14.71,30.49,1511.66,NVIDIA GeForce RTX 4060 Ti,52,117.39,88,7622.3,16380.0,
2026-09-03T22:09:48.059811+00:00,01_yolo26_main,5,5,9.6,14.68,30.49,1511.66,NVIDIA GeForce RTX 4060 Ti,51,112.06,85,7622.3,16380.0,
2026-09-03T22:09:58.082821+00:00,01_yolo26_main,5,5,9.2,14.73,30.49,1511.66,NVIDIA GeForce RTX 4060 Ti,53,118.23,94,7622.3,16380.0,
2026-09-03T22:10:08.110834+00:00,01_yolo26_main,5,5,9.4,14.74,30.49,1511.66,NVIDIA GeForce RTX 4060 Ti,53,117.87,93,7622.3,16380.0,
2026-09-03T22:10:18.137825+00:00,01_yolo26_main,5,5,9.5,14.82,30.49,1511.66,NVIDIA GeForce RTX 4060 Ti,52,103.0,81,7622.3,16380.0,
2026-09-03T22:10:28.163515+00:00,01_yolo26_main,5,5,9.6,14.71,30.49,1511.66,NVIDIA GeForce RTX 4060 Ti,52,119.04,87,7622.3,16380.0,
2026-09-03T22:10:38.190905+00:00,01_yolo26_main,5,5,9.4,14.73,30.49,1511.66,NVIDIA GeForce RTX 4060 Ti,53,118.39,94,7622.3,16380.0,
2026-09-03T22:10:48.215151+00:00,01_yolo26_main,5,5,9.4,14.78,30.49,1511.66,NVIDIA GeForce RTX 4060 Ti,53,119.11,91,7622.3,16380.0,
2026-09-03T22:10:58.242300+00:00,01_yolo26_main,5,5,9.5,14.73,30.49,1511.66,NVIDIA GeForce RTX 4060 Ti,51,119.21,92,7622.3,16380.0,
2026-09-03T22:11:08.265036+00:00,01_yolo26_main,5,5,9.4,14.75,30.49,1511.66,NVIDIA GeForce RTX 4060 Ti,53,117.62,89,7622.3,16380.0,
2026-09-03T22:11:18.283300+00:00,01_yolo26_main,5,5,9.4,14.79,30.49,1511.66,NVIDIA GeForce RTX 4060 Ti,53,118.42,92,7622.3,16380.0,
2026-09-03T22:11:28.315810+00:00,01_yolo26_main,5,5,9.4,14.82,30.49,1511.66,NVIDIA GeForce RTX 4060 Ti,52,86.59,84,7622.3,16380.0,
2026-09-03T22:11:38.339838+00:00,01_yolo26_main,5,5,9.5,14.7,30.49,1511.66,NVIDIA GeForce RTX 4060 Ti,51,118.9,94,7622.3,16380.0,
2026-09-03T22:11:48.365830+00:00,01_yolo26_main,5,5,9.5,14.73,30.49,1511.66,NVIDIA GeForce RTX 4060 Ti,53,116.53,95,7622.3,16380.0,
2026-09-03T22:11:58.393064+00:00,01_yolo26_main,5,5,9.4,14.77,30.49,1511.66,NVIDIA GeForce RTX 4060 Ti,52,117.9,93,7622.3,16380.0,
2026-09-03T22:12:08.420675+00:00,01_yolo26_main,5,5,9.5,14.69,30.49,1511.66,NVIDIA GeForce RTX 4060 Ti,53,118.85,89,7622.3,16380.0,
2026-09-03T22:12:18.442296+00:00,01_yolo26_main,5,5,9.4,14.73,30.49,1511.66,NVIDIA GeForce RTX 4060 Ti,52,118.12,92,7622.3,16380.0,
2026-09-03T22:12:28.469824+00:00,01_yolo26_main,5,5,9.5,14.79,30.49,1511.66,NVIDIA GeForce RTX 4060 Ti,53,117.7,93,7622.3,16380.0,
2026-09-03T22:12:38.495815+00:00,01_yolo26_main,5,5,9.5,14.82,30.49,1511.66,NVIDIA GeForce RTX 4060 Ti,49,57.05,34,7622.3,16380.0,
2026-09-03T22:12:48.522822+00:00,01_yolo26_main,5,5,9.7,14.73,30.49,1511.66,NVIDIA GeForce RTX 4060 Ti,50,119.02,93,7622.3,16380.0,
2026-09-03T22:12:58.549809+00:00,01_yolo26_main,5,5,9.4,14.69,30.49,1511.66,NVIDIA GeForce RTX 4060 Ti,53,118.22,93,7622.3,16380.0,
2026-09-03T22:13:08.573837+00:00,01_yolo26_main,5,5,9.4,14.78,30.49,1511.66,NVIDIA GeForce RTX 4060 Ti,53,117.34,89,7622.3,16380.0,
2026-09-03T22:13:18.596807+00:00,01_yolo26_main,5,5,9.6,14.7,30.49,1511.66,NVIDIA GeForce RTX 4060 Ti,53,118.5,89,7622.3,16380.0,
2026-09-03T22:13:28.620820+00:00,01_yolo26_main,5,5,9.5,14.74,30.49,1511.66,NVIDIA GeForce RTX 4060 Ti,52,119.24,93,7622.3,16380.0,
2026-09-03T22:13:38.651814+00:00,01_yolo26_main,5,5,9.4,14.77,30.49,1511.66,NVIDIA GeForce RTX 4060 Ti,53,118.88,87,7622.3,16380.0,
2026-09-03T22:13:48.678825+00:00,01_yolo26_main,5,5,9.5,14.8,30.49,1511.66,NVIDIA GeForce RTX 4060 Ti,44,63.89,0,7622.3,16380.0,
2026-09-03T22:13:58.705830+00:00,01_yolo26_main,5,5,9.8,14.71,30.49,1511.66,NVIDIA GeForce RTX 4060 Ti,53,117.14,84,7622.3,16380.0,
2026-09-03T22:14:08.735485+00:00,01_yolo26_main,5,5,9.5,14.72,30.49,1511.66,NVIDIA GeForce RTX 4060 Ti,53,117.91,86,7622.3,16380.0,
2026-09-03T22:14:18.751706+00:00,01_yolo26_main,5,5,9.4,14.78,30.49,1511.66,NVIDIA GeForce RTX 4060 Ti,51,118.42,92,7622.3,16380.0,
2026-09-03T22:14:28.778146+00:00,01_yolo26_main,5,5,9.5,14.67,30.49,1511.66,NVIDIA GeForce RTX 4060 Ti,54,117.76,91,7622.3,16380.0,
2026-09-03T22:14:38.805816+00:00,01_yolo26_main,5,5,9.4,14.72,30.49,1511.66,NVIDIA GeForce RTX 4060 Ti,53,118.79,93,7622.3,16380.0,
2026-09-03T22:14:48.835826+00:00,01_yolo26_main,5,5,9.5,14.77,30.49,1511.66,NVIDIA GeForce RTX 4060 Ti,53,118.98,93,7622.3,16380.0,
2026-09-03T22:14:58.860822+00:00,01_yolo26_main,5,5,9.5,14.75,30.49,1511.66,NVIDIA GeForce RTX 4060 Ti,52,69.07,0,7622.3,16380.0,
2026-09-03T22:15:08.888819+00:00,01_yolo26_main,5,5,9.6,14.68,30.49,1511.66,NVIDIA GeForce RTX 4060 Ti,53,119.73,92,7622.3,16380.0,
2026-09-03T22:15:18.916820+00:00,01_yolo26_main,5,5,9.5,14.74,30.49,1511.66,NVIDIA GeForce RTX 4060 Ti,53,119.24,92,7622.3,16380.0,
2026-09-03T22:15:28.940819+00:00,01_yolo26_main,5,5,9.4,14.78,30.49,1511.66,NVIDIA GeForce RTX 4060 Ti,53,117.39,94,7622.3,16380.0,
2026-09-03T22:15:38.968839+00:00,01_yolo26_main,5,5,9.6,14.68,30.49,1511.66,NVIDIA GeForce RTX 4060 Ti,53,116.98,92,7622.3,16380.0,
2026-09-03T22:15:48.992846+00:00,01_yolo26_main,5,5,9.4,14.72,30.49,1511.66,NVIDIA GeForce RTX 4060 Ti,53,117.23,86,7622.3,16380.0,
2026-09-03T22:15:59.020830+00:00,01_yolo26_main,5,5,9.4,14.72,30.49,1511.66,NVIDIA GeForce RTX 4060 Ti,53,118.27,97,7622.3,16380.0,
2026-09-03T22:16:09.050819+00:00,01_yolo26_main,5,5,9.4,14.79,30.49,1511.66,NVIDIA GeForce RTX 4060 Ti,44,67.07,40,7622.3,16380.0,
2026-09-03T22:16:19.077816+00:00,01_yolo26_main,5,5,9.6,14.71,30.49,1511.66,NVIDIA GeForce RTX 4060 Ti,50,117.43,92,7622.3,16380.0,
2026-09-03T22:16:29.101819+00:00,01_yolo26_main,5,5,9.5,14.72,30.49,1511.66,NVIDIA GeForce RTX 4060 Ti,52,119.15,92,7622.3,16380.0,
2026-09-03T22:16:39.129817+00:00,01_yolo26_main,5,5,9.5,14.77,30.49,1511.66,NVIDIA GeForce RTX 4060 Ti,52,118.55,86,7622.3,16380.0,
2026-09-03T22:16:49.157827+00:00,01_yolo26_main,5,5,9.6,14.71,30.49,1511.66,NVIDIA GeForce RTX 4060 Ti,53,119.1,93,7622.3,16380.0,
2026-09-03T22:16:59.186815+00:00,01_yolo26_main,5,5,9.5,14.67,30.49,1511.66,NVIDIA GeForce RTX 4060 Ti,53,117.47,94,7622.3,16380.0,
2026-09-03T22:17:09.210828+00:00,01_yolo26_main,5,5,9.4,14.65,30.49,1511.66,NVIDIA GeForce RTX 4060 Ti,50,115.41,94,7622.3,16380.0,
2026-09-03T22:17:19.237820+00:00,01_yolo26_main,5,5,9.4,14.76,30.49,1511.66,NVIDIA GeForce RTX 4060 Ti,44,66.74,0,7622.3,16380.0,
2026-09-03T22:17:29.265820+00:00,01_yolo26_main,5,5,9.6,14.68,30.49,1511.66,NVIDIA GeForce RTX 4060 Ti,51,118.05,92,7622.3,16380.0,
2026-09-03T22:17:39.292829+00:00,01_yolo26_main,5,5,9.5,14.64,30.49,1511.66,NVIDIA GeForce RTX 4060 Ti,54,118.86,92,7622.3,16380.0,
2026-09-03T22:17:49.320825+00:00,01_yolo26_main,5,5,9.4,14.78,30.49,1511.66,NVIDIA GeForce RTX 4060 Ti,52,118.4,92,7622.3,16380.0,
2026-09-03T22:17:59.339804+00:00,01_yolo26_main,5,5,9.5,14.69,30.49,1511.66,NVIDIA GeForce RTX 4060 Ti,53,119.3,86,7622.3,16380.0,
2026-09-03T22:18:09.366342+00:00,01_yolo26_main,5,5,9.4,14.74,30.49,1511.66,NVIDIA GeForce RTX 4060 Ti,52,116.95,93,7622.3,16380.0,
2026-09-03T22:18:19.393946+00:00,01_yolo26_main,5,5,9.4,14.78,30.49,1511.66,NVIDIA GeForce RTX 4060 Ti,53,118.3,89,7622.3,16380.0,
2026-09-03T22:18:29.417463+00:00,01_yolo26_main,5,5,9.5,14.86,30.49,1511.66,NVIDIA GeForce RTX 4060 Ti,45,78.21,11,7622.3,16380.0,
2026-09-03T22:18:39.441076+00:00,01_yolo26_main,5,5,9.5,14.74,30.49,1511.66,NVIDIA GeForce RTX 4060 Ti,53,118.62,92,7622.3,16380.0,
2026-09-03T22:18:49.468817+00:00,01_yolo26_main,5,5,9.4,14.77,30.49,1511.66,NVIDIA GeForce RTX 4060 Ti,53,118.5,93,7622.3,16380.0,
2026-09-03T22:18:59.495818+00:00,01_yolo26_main,5,5,9.4,14.73,30.49,1511.66,NVIDIA GeForce RTX 4060 Ti,52,118.1,90,7622.3,16380.0,
2026-09-03T22:19:09.515851+00:00,01_yolo26_main,5,5,9.6,14.67,30.49,1511.66,NVIDIA GeForce RTX 4060 Ti,52,117.83,89,7622.3,16380.0,
2026-09-03T22:19:19.540834+00:00,01_yolo26_main,5,5,9.5,14.73,30.49,1511.66,NVIDIA GeForce RTX 4060 Ti,53,116.86,92,7622.3,16380.0,
2026-09-03T22:19:29.565843+00:00,01_yolo26_main,5,5,9.5,14.8,30.49,1511.66,NVIDIA GeForce RTX 4060 Ti,52,118.16,89,7622.3,16380.0,
2026-09-03T22:19:39.592864+00:00,01_yolo26_main,5,5,9.5,14.87,30.49,1511.66,NVIDIA GeForce RTX 4060 Ti,50,87.41,57,7622.3,16380.0,
2026-09-03T22:19:49.616818+00:00,01_yolo26_main,5,5,9.5,14.75,30.49,1511.66,NVIDIA GeForce RTX 4060 Ti,53,118.31,93,7622.3,16380.0,
2026-09-03T22:19:59.642824+00:00,01_yolo26_main,5,5,9.4,14.79,30.49,1511.66,NVIDIA GeForce RTX 4060 Ti,52,118.9,91,7622.3,16380.0,
2026-09-03T22:20:09.668836+00:00,01_yolo26_main,5,5,9.4,14.82,30.49,1511.66,NVIDIA GeForce RTX 4060 Ti,53,118.35,93,7622.3,16380.0,
2026-09-03T22:20:19.696829+00:00,01_yolo26_main,5,5,9.7,14.74,30.49,1511.66,NVIDIA GeForce RTX 4060 Ti,52,117.9,93,7622.3,16380.0,
2026-09-03T22:20:29.720823+00:00,01_yolo26_main,5,5,9.4,14.78,30.49,1511.66,NVIDIA GeForce RTX 4060 Ti,52,117.97,86,7622.3,16380.0,
2026-09-03T22:20:39.746820+00:00,01_yolo26_main,5,5,9.3,14.79,30.49,1511.66,NVIDIA GeForce RTX 4060 Ti,52,117.33,92,7622.3,16380.0,
2026-09-03T22:20:49.773834+00:00,01_yolo26_main,5,5,9.6,14.72,30.49,1511.66,NVIDIA GeForce RTX 4060 Ti,52,94.89,89,7622.3,16380.0,
2026-09-03T22:20:59.796822+00:00,01_yolo26_main,5,5,9.4,14.73,30.49,1511.66,NVIDIA GeForce RTX 4060 Ti,53,118.16,93,7622.3,16380.0,
2026-09-03T22:21:09.822841+00:00,01_yolo26_main,5,5,9.5,14.77,30.49,1511.66,NVIDIA GeForce RTX 4060 Ti,53,117.56,98,7622.3,16380.0,
2026-09-03T22:21:19.847826+00:00,01_yolo26_main,5,5,9.5,14.81,30.49,1511.66,NVIDIA GeForce RTX 4060 Ti,53,116.33,87,7622.3,16380.0,
2026-09-03T22:21:29.874816+00:00,01_yolo26_main,5,5,9.6,14.7,30.49,1511.66,NVIDIA GeForce RTX 4060 Ti,53,118.99,93,7622.3,16380.0,
2026-09-03T22:21:39.898817+00:00,01_yolo26_main,5,5,9.4,14.72,30.49,1511.66,NVIDIA GeForce RTX 4060 Ti,51,118.39,92,7622.3,16380.0,
2026-09-03T22:21:49.925821+00:00,01_yolo26_main,5,5,9.4,14.76,30.49,1511.66,NVIDIA GeForce RTX 4060 Ti,53,117.82,87,7622.3,16380.0,
2026-09-03T22:21:59.952870+00:00,01_yolo26_main,5,5,9.6,14.69,30.49,1511.66,NVIDIA GeForce RTX 4060 Ti,47,96.17,88,7622.3,16380.0,
2026-09-03T22:22:09.976829+00:00,01_yolo26_main,5,5,9.5,14.69,30.49,1511.66,NVIDIA GeForce RTX 4060 Ti,53,117.58,93,7622.3,16380.0,
2026-09-03T22:22:20.002837+00:00,01_yolo26_main,5,5,9.5,14.67,30.49,1511.66,NVIDIA GeForce RTX 4060 Ti,51,116.95,88,7622.3,16380.0,
2026-09-03T22:22:30.026822+00:00,01_yolo26_main,5,5,9.4,14.77,30.49,1511.66,NVIDIA GeForce RTX 4060 Ti,53,119.07,92,7622.3,16380.0,
2026-09-03T22:22:40.048827+00:00,01_yolo26_main,5,5,16.5,14.72,30.49,1511.66,NVIDIA GeForce RTX 4060 Ti,52,117.21,90,7622.3,16380.0,
2026-09-03T22:22:50.074815+00:00,01_yolo26_main,5,5,14.4,14.69,30.49,1511.66,NVIDIA GeForce RTX 4060 Ti,50,117.62,93,7622.3,16380.0,
2026-09-03T22:23:00.101452+00:00,01_yolo26_main,5,5,14.0,14.76,30.49,1511.66,NVIDIA GeForce RTX 4060 Ti,51,119.72,85,7622.3,16380.0,
2026-09-03T22:23:10.128592+00:00,01_yolo26_main,5,5,9.5,14.88,30.49,1511.67,NVIDIA GeForce RTX 4060 Ti,47,83.11,93,7622.3,16380.0,
2026-09-03T22:23:20.151824+00:00,01_yolo26_main,5,5,9.4,14.72,30.49,1511.66,NVIDIA GeForce RTX 4060 Ti,53,118.3,88,8042.3,16380.0,
2026-09-03T22:23:30.179088+00:00,01_yolo26_main,5,5,9.4,14.67,30.49,1511.66,NVIDIA GeForce RTX 4060 Ti,51,119.77,87,8042.3,16380.0,
2026-09-03T22:23:40.206839+00:00,01_yolo26_main,5,5,9.4,14.79,30.49,1511.66,NVIDIA GeForce RTX 4060 Ti,51,118.26,92,8042.3,16380.0,
2026-09-03T22:23:50.231826+00:00,01_yolo26_main,5,5,9.6,14.71,30.49,1511.66,NVIDIA GeForce RTX 4060 Ti,52,117.37,93,8042.3,16380.0,
2026-09-03T22:24:00.258819+00:00,01_yolo26_main,5,5,9.3,14.76,30.49,1511.66,NVIDIA GeForce RTX 4060 Ti,53,119.16,86,8042.3,16380.0,
2026-09-03T22:24:10.286904+00:00,01_yolo26_main,5,5,9.4,14.76,30.49,1511.66,NVIDIA GeForce RTX 4060 Ti,53,118.91,93,8042.3,16380.0,
2026-09-03T22:24:20.306387+00:00,01_yolo26_main,5,5,9.6,14.7,30.49,1511.66,NVIDIA GeForce RTX 4060 Ti,53,94.03,94,8042.3,16380.0,
2026-09-03T22:24:30.329822+00:00,01_yolo26_main,5,5,9.4,14.73,30.49,1511.66,NVIDIA GeForce RTX 4060 Ti,53,116.18,94,8042.3,16380.0,
2026-09-03T22:24:40.356821+00:00,01_yolo26_main,5,5,9.4,14.78,30.49,1511.66,NVIDIA GeForce RTX 4060 Ti,53,116.99,92,8042.3,16380.0,
2026-09-03T22:24:50.382826+00:00,01_yolo26_main,5,5,9.3,14.81,30.49,1511.66,NVIDIA GeForce RTX 4060 Ti,52,117.46,91,8042.3,16380.0,
2026-09-03T22:25:00.405828+00:00,01_yolo26_main,5,5,9.6,14.75,30.49,1511.66,NVIDIA GeForce RTX 4060 Ti,53,117.91,93,8042.3,16380.0,
2026-09-03T22:25:10.432821+00:00,01_yolo26_main,5,5,9.4,14.77,30.49,1511.66,NVIDIA GeForce RTX 4060 Ti,53,116.31,86,8042.3,16380.0,
2026-09-03T22:25:20.460859+00:00,01_yolo26_main,5,5,9.5,14.7,30.49,1511.66,NVIDIA GeForce RTX 4060 Ti,53,116.39,92,8042.3,16380.0,
2026-09-03T22:25:30.484993+00:00,01_yolo26_main,5,5,9.6,14.85,30.49,1511.66,NVIDIA GeForce RTX 4060 Ti,46,90.05,25,8042.3,16380.0,
2026-09-03T22:25:40.508870+00:00,01_yolo26_main,5,5,9.4,14.72,30.49,1511.66,NVIDIA GeForce RTX 4060 Ti,53,119.18,92,8042.3,16380.0,
2026-09-03T22:25:50.534819+00:00,01_yolo26_main,5,5,9.3,14.81,30.49,1511.66,NVIDIA GeForce RTX 4060 Ti,53,117.32,92,8042.3,16380.0,
2026-09-03T22:26:00.560848+00:00,01_yolo26_main,5,5,9.4,14.84,30.49,1511.66,NVIDIA GeForce RTX 4060 Ti,52,116.49,93,8042.3,16380.0,
2026-09-03T22:26:10.583734+00:00,01_yolo26_main,5,5,9.5,14.74,30.49,1511.66,NVIDIA GeForce RTX 4060 Ti,54,118.48,93,8042.3,16380.0,
2026-09-03T22:26:20.610824+00:00,01_yolo26_main,5,5,9.5,14.8,30.49,1511.66,NVIDIA GeForce RTX 4060 Ti,52,119.17,93,8042.3,16380.0,
2026-09-03T22:26:30.636834+00:00,01_yolo26_main,5,5,9.4,14.76,30.49,1511.66,NVIDIA GeForce RTX 4060 Ti,53,117.59,86,8042.3,16380.0,
2026-09-03T22:26:40.662817+00:00,01_yolo26_main,5,5,9.6,14.73,30.49,1511.66,NVIDIA GeForce RTX 4060 Ti,52,100.44,87,8042.3,16380.0,
2026-09-03T22:26:50.685822+00:00,01_yolo26_main,5,5,9.3,14.78,30.49,1511.66,NVIDIA GeForce RTX 4060 Ti,53,117.07,93,8042.3,16380.0,
2026-09-03T22:27:00.713823+00:00,01_yolo26_main,5,5,9.1,14.72,30.49,1511.66,NVIDIA GeForce RTX 4060 Ti,52,115.46,89,8042.3,16380.0,
2026-09-03T22:27:10.737819+00:00,01_yolo26_main,5,5,9.5,14.82,30.49,1511.66,NVIDIA GeForce RTX 4060 Ti,51,85.19,91,8042.3,16380.0,
2026-09-03T22:27:20.763828+00:00,01_yolo26_main,5,5,9.6,14.75,30.49,1511.66,NVIDIA GeForce RTX 4060 Ti,51,116.32,96,8042.3,16380.0,
2026-09-03T22:27:30.789821+00:00,01_yolo26_main,5,5,9.8,14.76,30.49,1511.66,NVIDIA GeForce RTX 4060 Ti,52,117.91,93,8042.3,16380.0,
2026-09-03T22:27:40.815819+00:00,01_yolo26_main,5,5,9.4,14.67,30.49,1511.66,NVIDIA GeForce RTX 4060 Ti,53,115.74,86,8042.3,16380.0,
2026-09-03T22:27:50.843818+00:00,01_yolo26_main,5,5,9.8,14.69,30.49,1511.66,NVIDIA GeForce RTX 4060 Ti,53,116.91,94,8042.3,16380.0,
2026-09-03T22:28:00.871823+00:00,01_yolo26_main,5,5,9.4,14.71,30.49,1511.66,NVIDIA GeForce RTX 4060 Ti,53,118.64,91,8042.3,16380.0,
2026-09-03T22:28:10.897814+00:00,01_yolo26_main,5,5,9.4,14.8,30.49,1511.66,NVIDIA GeForce RTX 4060 Ti,52,116.5,93,8042.3,16380.0,
2026-09-03T22:28:20.928822+00:00,01_yolo26_main,5,5,9.5,14.82,30.49,1511.66,NVIDIA GeForce RTX 4060 Ti,52,70.18,0,8042.3,16380.0,
2026-09-03T22:28:30.945884+00:00,01_yolo26_main,5,5,9.6,14.7,30.49,1511.66,NVIDIA GeForce RTX 4060 Ti,53,118.78,92,8042.3,16380.0,
2026-09-03T22:28:40.969817+00:00,01_yolo26_main,5,5,9.4,14.75,30.49,1511.66,NVIDIA GeForce RTX 4060 Ti,51,118.33,93,8042.3,16380.0,
2026-09-03T22:28:50.999326+00:00,01_yolo26_main,5,5,9.4,14.7,30.49,1511.66,NVIDIA GeForce RTX 4060 Ti,53,119.15,93,8042.3,16380.0,
2026-09-03T22:29:01.025931+00:00,01_yolo26_main,5,5,9.6,14.68,30.49,1511.66,NVIDIA GeForce RTX 4060 Ti,51,117.39,90,8042.3,16380.0,
2026-09-03T22:29:11.051823+00:00,01_yolo26_main,5,5,9.3,14.73,30.49,1511.66,NVIDIA GeForce RTX 4060 Ti,53,118.84,92,8042.3,16380.0,
2026-09-03T22:29:21.079833+00:00,01_yolo26_main,5,5,9.5,14.7,30.49,1511.66,NVIDIA GeForce RTX 4060 Ti,53,117.23,94,8042.3,16380.0,
2026-09-03T22:29:31.104830+00:00,01_yolo26_main,5,5,9.5,14.76,30.49,1511.66,NVIDIA GeForce RTX 4060 Ti,44,61.44,15,8042.3,16380.0,
2026-09-03T22:29:41.131829+00:00,01_yolo26_main,5,5,9.6,14.81,30.49,1511.66,NVIDIA GeForce RTX 4060 Ti,52,117.78,86,8042.3,16380.0,
2026-09-03T22:29:51.158824+00:00,01_yolo26_main,5,5,9.4,14.85,30.49,1511.66,NVIDIA GeForce RTX 4060 Ti,53,118.62,93,8042.3,16380.0,
2026-09-03T22:30:01.185209+00:00,01_yolo26_main,5,5,9.4,14.82,30.49,1511.66,NVIDIA GeForce RTX 4060 Ti,53,117.56,91,8042.3,16380.0,
2026-09-03T22:30:11.212827+00:00,01_yolo26_main,5,5,9.5,14.79,30.49,1511.66,NVIDIA GeForce RTX 4060 Ti,52,118.01,92,8042.3,16380.0,
2026-09-03T22:30:21.238866+00:00,01_yolo26_main,5,5,9.2,14.78,30.49,1511.66,NVIDIA GeForce RTX 4060 Ti,51,118.37,86,8042.3,16380.0,
2026-09-03T22:30:31.265199+00:00,01_yolo26_main,5,5,9.5,14.78,30.49,1511.66,NVIDIA GeForce RTX 4060 Ti,53,117.53,91,8042.3,16380.0,
2026-09-03T22:30:41.291900+00:00,01_yolo26_main,5,5,9.5,14.78,30.49,1511.66,NVIDIA GeForce RTX 4060 Ti,53,99.1,92,8042.3,16380.0,
2026-09-03T22:30:51.315825+00:00,01_yolo26_main,5,5,9.4,14.76,30.49,1511.66,NVIDIA GeForce RTX 4060 Ti,51,118.0,85,8042.3,16380.0,
2026-09-03T22:31:01.342821+00:00,01_yolo26_main,5,5,9.4,14.84,30.49,1511.66,NVIDIA GeForce RTX 4060 Ti,51,117.99,90,8042.3,16380.0,
2026-09-03T22:31:11.371831+00:00,01_yolo26_main,5,5,9.4,14.88,30.49,1511.66,NVIDIA GeForce RTX 4060 Ti,51,115.98,97,8042.3,16380.0,
2026-09-03T22:31:21.398243+00:00,01_yolo26_main,5,5,9.6,14.8,30.49,1511.66,NVIDIA GeForce RTX 4060 Ti,53,117.71,90,8042.3,16380.0,
2026-09-03T22:31:31.422841+00:00,01_yolo26_main,5,5,9.5,14.81,30.49,1511.66,NVIDIA GeForce RTX 4060 Ti,53,117.96,90,8042.3,16380.0,
2026-09-03T22:31:41.449345+00:00,01_yolo26_main,5,5,9.4,14.84,30.49,1511.66,NVIDIA GeForce RTX 4060 Ti,51,116.89,94,8042.3,16380.0,
2026-09-03T22:31:51.476113+00:00,01_yolo26_main,5,5,9.6,14.78,30.49,1511.66,NVIDIA GeForce RTX 4060 Ti,51,101.01,64,8042.3,16380.0,
2026-09-03T22:32:01.499800+00:00,01_yolo26_main,5,5,9.4,14.82,30.49,1511.66,NVIDIA GeForce RTX 4060 Ti,52,118.44,93,8042.3,16380.0,
2026-09-03T22:32:11.522825+00:00,01_yolo26_main,5,5,9.4,14.85,30.49,1511.66,NVIDIA GeForce RTX 4060 Ti,54,118.04,92,8042.3,16380.0,
2026-09-03T22:32:21.550840+00:00,01_yolo26_main,5,5,9.3,14.75,30.49,1511.66,NVIDIA GeForce RTX 4060 Ti,51,118.3,92,8042.3,16380.0,
2026-09-03T22:32:31.576835+00:00,01_yolo26_main,5,5,9.7,14.81,30.49,1511.66,NVIDIA GeForce RTX 4060 Ti,53,117.58,94,8042.3,16380.0,
2026-09-03T22:32:41.604040+00:00,01_yolo26_main,5,5,9.4,14.85,30.49,1511.66,NVIDIA GeForce RTX 4060 Ti,53,117.87,92,8042.3,16380.0,
2026-09-03T22:32:51.629832+00:00,01_yolo26_main,5,5,9.5,14.92,30.49,1511.66,NVIDIA GeForce RTX 4060 Ti,52,116.16,88,8042.3,16380.0,
2026-09-03T22:33:01.655190+00:00,01_yolo26_main,5,5,9.6,14.85,30.49,1511.66,NVIDIA GeForce RTX 4060 Ti,53,119.38,92,8042.3,16380.0,
2026-09-03T22:33:11.683825+00:00,01_yolo26_main,5,5,9.3,14.83,30.49,1511.66,NVIDIA GeForce RTX 4060 Ti,53,118.17,92,8042.3,16380.0,
2026-09-03T22:33:21.710616+00:00,01_yolo26_main,5,5,9.2,14.85,30.49,1511.66,NVIDIA GeForce RTX 4060 Ti,53,117.5,95,8042.3,16380.0,
2026-09-03T22:33:31.738835+00:00,01_yolo26_main,5,5,9.5,14.9,30.49,1511.66,NVIDIA GeForce RTX 4060 Ti,48,74.59,82,8042.3,16380.0,
2026-09-03T22:33:41.764838+00:00,01_yolo26_main,5,5,9.6,14.84,30.49,1511.66,NVIDIA GeForce RTX 4060 Ti,52,118.8,85,8042.3,16380.0,
2026-09-03T22:33:51.791100+00:00,01_yolo26_main,5,5,9.4,14.85,30.49,1511.66,NVIDIA GeForce RTX 4060 Ti,53,119.42,93,8042.3,16380.0,
2026-09-03T22:34:01.818819+00:00,01_yolo26_main,5,5,9.4,14.81,30.49,1511.66,NVIDIA GeForce RTX 4060 Ti,52,117.76,93,8042.3,16380.0,
2026-09-03T22:34:11.843822+00:00,01_yolo26_main,5,5,9.6,14.8,30.49,1511.66,NVIDIA GeForce RTX 4060 Ti,53,117.79,88,8042.3,16380.0,
2026-09-03T22:34:21.870823+00:00,01_yolo26_main,5,5,9.4,14.85,30.49,1511.66,NVIDIA GeForce RTX 4060 Ti,53,116.75,87,8042.3,16380.0,
2026-09-03T22:34:31.896814+00:00,01_yolo26_main,5,5,9.5,14.89,30.49,1511.66,NVIDIA GeForce RTX 4060 Ti,52,117.47,94,8042.3,16380.0,
2026-09-03T22:34:41.924848+00:00,01_yolo26_main,5,5,9.4,14.93,30.49,1511.66,NVIDIA GeForce RTX 4060 Ti,52,86.97,84,8042.3,16380.0,
2026-09-03T22:34:51.951805+00:00,01_yolo26_main,5,5,9.5,14.82,30.49,1511.66,NVIDIA GeForce RTX 4060 Ti,51,118.44,92,8042.3,16380.0,
2026-09-03T22:35:01.979435+00:00,01_yolo26_main,5,5,9.4,14.87,30.49,1511.66,NVIDIA GeForce RTX 4060 Ti,53,117.23,94,8042.3,16380.0,
2026-09-03T22:35:12.005817+00:00,01_yolo26_main,5,5,9.4,14.89,30.49,1511.66,NVIDIA GeForce RTX 4060 Ti,53,117.58,90,8042.3,16380.0,
2026-09-03T22:35:22.030883+00:00,01_yolo26_main,5,5,9.5,14.8,30.49,1511.66,NVIDIA GeForce RTX 4060 Ti,53,117.64,92,8042.3,16380.0,
2026-09-03T22:35:32.056819+00:00,01_yolo26_main,5,5,9.5,14.84,30.49,1511.66,NVIDIA GeForce RTX 4060 Ti,52,116.7,87,8042.3,16380.0,
2026-09-03T22:35:42.085813+00:00,01_yolo26_main,5,5,9.2,14.8,30.49,1511.66,NVIDIA GeForce RTX 4060 Ti,52,116.68,96,8042.3,16380.0,
2026-09-03T22:35:52.109356+00:00,01_yolo26_main,5,5,9.4,14.88,30.49,1511.66,NVIDIA GeForce RTX 4060 Ti,50,73.42,8,8042.3,16380.0,
2026-09-03T22:36:02.135822+00:00,01_yolo26_main,5,5,9.5,14.83,30.49,1511.66,NVIDIA GeForce RTX 4060 Ti,53,117.94,93,8042.3,16380.0,
2026-09-03T22:36:12.161814+00:00,01_yolo26_main,5,5,9.4,14.84,30.49,1511.66,NVIDIA GeForce RTX 4060 Ti,51,117.54,93,8042.3,16380.0,
2026-09-03T22:36:22.188829+00:00,01_yolo26_main,5,5,9.4,14.86,30.49,1511.66,NVIDIA GeForce RTX 4060 Ti,51,116.56,93,8042.3,16380.0,
2026-09-03T22:36:32.215868+00:00,01_yolo26_main,5,5,9.6,14.81,30.49,1511.66,NVIDIA GeForce RTX 4060 Ti,51,116.7,93,8042.3,16380.0,
2026-09-03T22:36:42.240392+00:00,01_yolo26_main,5,5,9.4,14.8,30.49,1511.66,NVIDIA GeForce RTX 4060 Ti,53,116.2,91,8042.3,16380.0,
2026-09-03T22:36:52.266001+00:00,01_yolo26_main,5,5,9.3,14.85,30.49,1511.66,NVIDIA GeForce RTX 4060 Ti,53,116.86,92,8042.3,16380.0,
2026-09-03T22:37:02.290834+00:00,01_yolo26_main,5,5,9.4,14.91,30.49,1511.66,NVIDIA GeForce RTX 4060 Ti,44,61.87,56,8042.3,16380.0,
2026-09-03T22:37:12.315539+00:00,01_yolo26_main,5,5,9.5,14.83,30.49,1511.66,NVIDIA GeForce RTX 4060 Ti,53,118.27,86,8042.3,16380.0,
2026-09-03T22:37:22.343029+00:00,01_yolo26_main,5,5,9.4,14.85,30.49,1511.66,NVIDIA GeForce RTX 4060 Ti,52,116.91,94,8042.3,16380.0,
2026-09-03T22:37:32.369794+00:00,01_yolo26_main,5,5,9.2,14.88,30.49,1511.66,NVIDIA GeForce RTX 4060 Ti,50,117.4,92,8042.3,16380.0,
2026-09-03T22:37:42.395830+00:00,01_yolo26_main,5,5,9.6,14.77,30.49,1511.66,NVIDIA GeForce RTX 4060 Ti,53,118.19,90,8042.3,16380.0,
2026-09-03T22:37:52.419812+00:00,01_yolo26_main,5,5,9.5,14.87,30.49,1511.66,NVIDIA GeForce RTX 4060 Ti,52,119.58,92,8042.3,16380.0,
2026-09-03T22:38:02.446870+00:00,01_yolo26_main,5,5,9.4,14.88,30.49,1511.66,NVIDIA GeForce RTX 4060 Ti,52,119.41,93,8042.3,16380.0,
2026-09-03T22:38:12.472863+00:00,01_yolo26_main,5,5,9.6,14.84,30.49,1511.66,NVIDIA GeForce RTX 4060 Ti,46,90.88,8,8042.3,16380.0,
2026-09-03T22:38:22.496818+00:00,01_yolo26_main,5,5,9.4,14.83,30.49,1511.66,NVIDIA GeForce RTX 4060 Ti,53,118.97,92,8042.3,16380.0,
2026-09-03T22:38:32.525382+00:00,01_yolo26_main,5,5,9.4,14.89,30.49,1511.66,NVIDIA GeForce RTX 4060 Ti,53,118.12,93,8042.3,16380.0,
2026-09-03T22:38:42.550830+00:00,01_yolo26_main,5,5,9.4,14.9,30.49,1511.66,NVIDIA GeForce RTX 4060 Ti,52,117.96,93,8042.3,16380.0,
2026-09-03T22:38:52.569849+00:00,01_yolo26_main,5,5,9.5,14.81,30.49,1511.66,NVIDIA GeForce RTX 4060 Ti,53,118.16,90,8042.3,16380.0,
2026-09-03T22:39:02.595830+00:00,01_yolo26_main,5,5,9.4,14.85,30.49,1511.66,NVIDIA GeForce RTX 4060 Ti,52,115.68,97,8042.3,16380.0,
2026-09-03T22:39:12.623422+00:00,01_yolo26_main,5,5,9.4,14.84,30.49,1511.66,NVIDIA GeForce RTX 4060 Ti,53,117.64,92,8042.3,16380.0,
2026-09-03T22:39:22.644875+00:00,01_yolo26_main,5,5,9.6,14.81,30.49,1511.66,NVIDIA GeForce RTX 4060 Ti,49,98.02,94,8042.3,16380.0,
2026-09-03T22:39:32.668843+00:00,01_yolo26_main,5,5,9.4,14.84,30.49,1511.66,NVIDIA GeForce RTX 4060 Ti,52,116.76,94,8042.3,16380.0,
2026-09-03T22:39:42.696499+00:00,01_yolo26_main,5,5,9.3,14.85,30.49,1511.66,NVIDIA GeForce RTX 4060 Ti,53,117.16,89,8042.3,16380.0,
2026-09-03T22:39:52.721876+00:00,01_yolo26_main,5,5,9.3,14.89,30.49,1511.66,NVIDIA GeForce RTX 4060 Ti,52,96.14,86,8042.3,16380.0,
2026-09-03T22:40:02.747823+00:00,01_yolo26_main,5,5,9.6,14.81,30.49,1511.66,NVIDIA GeForce RTX 4060 Ti,52,116.68,92,8042.3,16380.0,
2026-09-03T22:40:12.773972+00:00,01_yolo26_main,5,5,9.5,14.85,30.49,1511.66,NVIDIA GeForce RTX 4060 Ti,51,118.42,94,8042.3,16380.0,
2026-09-03T22:40:22.789988+00:00,01_yolo26_main,5,5,9.7,14.84,30.49,1511.66,NVIDIA GeForce RTX 4060 Ti,52,117.78,86,8042.3,16380.0,
2026-09-03T22:40:32.817681+00:00,01_yolo26_main,5,5,9.6,14.78,30.49,1511.66,NVIDIA GeForce RTX 4060 Ti,53,118.0,90,8042.3,16380.0,
2026-09-03T22:40:42.844382+00:00,01_yolo26_main,5,5,9.5,14.86,30.49,1511.66,NVIDIA GeForce RTX 4060 Ti,53,117.83,93,8042.3,16380.0,
2026-09-03T22:40:52.867433+00:00,01_yolo26_main,5,5,9.4,14.85,30.49,1511.66,NVIDIA GeForce RTX 4060 Ti,51,114.78,95,8042.3,16380.0,
2026-09-03T22:41:02.895837+00:00,01_yolo26_main,5,5,9.5,14.97,30.49,1511.66,NVIDIA GeForce RTX 4060 Ti,52,91.4,93,8042.3,16380.0,
2026-09-03T22:41:12.921851+00:00,01_yolo26_main,5,5,9.5,14.88,30.49,1511.66,NVIDIA GeForce RTX 4060 Ti,51,116.49,94,8042.3,16380.0,
2026-09-03T22:41:22.948830+00:00,01_yolo26_main,5,5,9.5,14.87,30.49,1511.66,NVIDIA GeForce RTX 4060 Ti,53,118.69,93,8042.3,16380.0,
2026-09-03T22:41:32.977218+00:00,01_yolo26_main,5,5,9.4,14.9,30.49,1511.66,NVIDIA GeForce RTX 4060 Ti,51,116.91,86,8042.3,16380.0,
2026-09-03T22:41:43.002821+00:00,01_yolo26_main,5,5,9.6,14.83,30.49,1511.66,NVIDIA GeForce RTX 4060 Ti,53,117.63,92,8042.3,16380.0,
2026-09-03T22:41:53.030822+00:00,01_yolo26_main,5,5,9.3,14.83,30.49,1511.66,NVIDIA GeForce RTX 4060 Ti,53,118.27,90,8042.3,16380.0,
2026-09-03T22:42:03.057818+00:00,01_yolo26_main,5,5,9.3,14.85,30.49,1511.66,NVIDIA GeForce RTX 4060 Ti,51,117.74,92,8042.3,16380.0,
2026-09-03T22:42:13.084821+00:00,01_yolo26_main,5,5,9.5,14.77,30.49,1511.66,NVIDIA GeForce RTX 4060 Ti,44,66.36,53,8042.3,16380.0,
2026-09-03T22:42:23.115831+00:00,01_yolo26_main,5,5,9.5,14.8,30.49,1511.66,NVIDIA GeForce RTX 4060 Ti,52,116.95,93,8042.3,16380.0,
2026-09-03T22:42:33.139823+00:00,01_yolo26_main,5,5,9.5,14.83,30.49,1511.66,NVIDIA GeForce RTX 4060 Ti,53,117.64,90,8042.3,16380.0,
2026-09-03T22:42:43.167826+00:00,01_yolo26_main,5,5,9.5,14.92,30.49,1511.66,NVIDIA GeForce RTX 4060 Ti,51,118.24,92,8042.3,16380.0,
2026-09-03T22:42:53.193862+00:00,01_yolo26_main,5,5,9.7,14.86,30.49,1511.66,NVIDIA GeForce RTX 4060 Ti,53,118.66,87,8042.3,16380.0,
2026-09-03T22:43:03.219120+00:00,01_yolo26_main,5,5,9.4,14.86,30.49,1511.66,NVIDIA GeForce RTX 4060 Ti,52,118.48,87,8042.3,16380.0,
2026-09-03T22:43:13.245822+00:00,01_yolo26_main,5,5,9.4,14.89,30.49,1511.66,NVIDIA GeForce RTX 4060 Ti,53,117.95,85,8042.3,16380.0,
2026-09-03T22:43:23.272728+00:00,01_yolo26_main,5,5,9.5,15.03,30.49,1511.66,NVIDIA GeForce RTX 4060 Ti,45,71.79,84,8042.3,16380.0,
2026-09-03T22:43:33.295822+00:00,01_yolo26_main,5,5,9.6,14.83,30.49,1511.66,NVIDIA GeForce RTX 4060 Ti,53,117.74,93,8042.3,16380.0,
2026-09-03T22:43:43.323831+00:00,01_yolo26_main,5,5,9.4,14.86,30.49,1511.66,NVIDIA GeForce RTX 4060 Ti,52,118.38,86,8042.3,16380.0,
2026-09-03T22:43:53.347819+00:00,01_yolo26_main,5,5,9.4,14.91,30.49,1511.66,NVIDIA GeForce RTX 4060 Ti,52,117.95,92,8042.3,16380.0,
2026-09-03T22:44:03.375831+00:00,01_yolo26_main,5,5,9.5,14.84,30.49,1511.66,NVIDIA GeForce RTX 4060 Ti,52,118.28,94,8042.3,16380.0,
2026-09-03T22:44:13.402828+00:00,01_yolo26_main,5,5,9.4,14.83,30.49,1511.66,NVIDIA GeForce RTX 4060 Ti,53,117.02,88,8042.3,16380.0,
2026-09-03T22:44:23.428845+00:00,01_yolo26_main,5,5,9.3,14.86,30.49,1511.66,NVIDIA GeForce RTX 4060 Ti,51,114.95,92,8042.3,16380.0,
2026-09-03T22:44:33.453858+00:00,01_yolo26_main,5,5,9.7,14.79,30.49,1511.66,NVIDIA GeForce RTX 4060 Ti,46,100.56,45,8042.3,16380.0,
2026-09-03T22:44:43.476827+00:00,01_yolo26_main,5,5,9.3,14.81,30.49,1511.66,NVIDIA GeForce RTX 4060 Ti,52,116.22,89,8042.3,16380.0,
2026-09-03T22:44:53.501816+00:00,01_yolo26_main,5,5,9.4,14.84,30.49,1511.66,NVIDIA GeForce RTX 4060 Ti,53,116.9,85,8042.3,16380.0,
2026-09-03T22:45:03.527817+00:00,01_yolo26_main,5,5,9.4,14.92,30.49,1511.66,NVIDIA GeForce RTX 4060 Ti,52,115.45,86,8042.3,16380.0,
2026-09-03T22:45:13.556830+00:00,01_yolo26_main,5,5,9.6,14.84,30.49,1511.66,NVIDIA GeForce RTX 4060 Ti,53,118.27,89,8042.3,16380.0,
2026-09-03T22:45:23.583817+00:00,01_yolo26_main,5,5,9.4,14.83,30.49,1511.66,NVIDIA GeForce RTX 4060 Ti,53,115.87,89,8042.3,16380.0,
2026-09-03T22:45:33.610586+00:00,01_yolo26_main,5,5,9.4,14.88,30.49,1511.66,NVIDIA GeForce RTX 4060 Ti,53,116.54,86,8042.3,16380.0,
2026-09-03T22:45:43.638619+00:00,01_yolo26_main,5,5,9.6,14.8,30.49,1511.66,NVIDIA GeForce RTX 4060 Ti,51,110.66,84,8042.3,16380.0,
2026-09-03T22:45:53.662943+00:00,01_yolo26_main,5,5,9.4,14.83,30.49,1511.66,NVIDIA GeForce RTX 4060 Ti,53,117.42,93,8042.3,16380.0,
2026-09-03T22:46:03.689872+00:00,01_yolo26_main,5,5,9.4,14.88,30.49,1511.66,NVIDIA GeForce RTX 4060 Ti,53,117.77,87,8042.3,16380.0,
2026-09-03T22:46:13.708835+00:00,01_yolo26_main,5,5,9.4,14.93,30.49,1511.66,NVIDIA GeForce RTX 4060 Ti,51,116.08,94,8042.3,16380.0,
2026-09-03T22:46:23.735823+00:00,01_yolo26_main,5,5,9.6,14.83,30.49,1511.66,NVIDIA GeForce RTX 4060 Ti,53,116.42,94,8042.3,16380.0,
2026-09-03T22:46:33.762824+00:00,01_yolo26_main,5,5,9.4,14.87,30.49,1511.66,NVIDIA GeForce RTX 4060 Ti,52,118.19,85,8042.3,16380.0,
2026-09-03T22:46:43.788824+00:00,01_yolo26_main,5,5,9.4,14.81,30.49,1511.66,NVIDIA GeForce RTX 4060 Ti,52,116.82,86,8042.3,16380.0,
2026-09-03T22:46:53.816701+00:00,01_yolo26_main,5,5,9.6,14.8,30.49,1511.66,NVIDIA GeForce RTX 4060 Ti,51,116.56,87,8042.3,16380.0,
2026-09-03T22:47:03.843821+00:00,01_yolo26_main,5,5,9.3,14.81,30.49,1511.66,NVIDIA GeForce RTX 4060 Ti,52,117.41,87,8042.3,16380.0,
2026-09-03T22:47:13.867821+00:00,01_yolo26_main,5,5,9.4,14.79,30.49,1511.66,NVIDIA GeForce RTX 4060 Ti,53,116.66,93,8042.3,16380.0,
2026-09-03T22:47:23.895097+00:00,01_yolo26_main,5,5,9.4,14.89,30.49,1511.66,NVIDIA GeForce RTX 4060 Ti,51,84.86,96,8042.3,16380.0,
2026-09-03T22:47:33.921830+00:00,01_yolo26_main,5,5,9.6,14.81,30.49,1511.66,NVIDIA GeForce RTX 4060 Ti,53,117.62,90,8042.3,16380.0,
2026-09-03T22:47:43.948050+00:00,01_yolo26_main,5,5,9.4,14.84,30.49,1511.66,NVIDIA GeForce RTX 4060 Ti,53,117.79,92,8042.3,16380.0,
2026-09-03T22:47:53.975823+00:00,01_yolo26_main,5,5,9.6,14.85,30.49,1511.66,NVIDIA GeForce RTX 4060 Ti,53,118.16,93,8042.3,16380.0,
2026-09-03T22:48:04.002449+00:00,01_yolo26_main,5,5,9.6,14.79,30.49,1511.66,NVIDIA GeForce RTX 4060 Ti,54,117.08,92,8042.3,16380.0,
2026-09-03T22:48:14.028828+00:00,01_yolo26_main,5,5,9.4,14.83,30.49,1511.66,NVIDIA GeForce RTX 4060 Ti,50,118.51,91,8042.3,16380.0,
2026-09-03T22:48:24.054756+00:00,01_yolo26_main,5,5,9.3,14.87,30.49,1511.66,NVIDIA GeForce RTX 4060 Ti,52,115.8,92,8042.3,16380.0,
2026-09-03T22:48:34.078403+00:00,01_yolo26_main,5,5,9.4,14.85,30.49,1511.66,NVIDIA GeForce RTX 4060 Ti,52,93.81,67,8042.3,16380.0,
2026-09-03T22:48:44.103831+00:00,01_yolo26_main,5,5,9.6,14.79,30.49,1511.66,NVIDIA GeForce RTX 4060 Ti,50,118.15,94,8042.3,16380.0,
2026-09-03T22:48:54.130835+00:00,01_yolo26_main,5,5,9.4,14.85,30.49,1511.66,NVIDIA GeForce RTX 4060 Ti,51,116.0,93,8042.3,16380.0,
2026-09-03T22:49:04.156823+00:00,01_yolo26_main,5,5,9.4,14.91,30.49,1511.66,NVIDIA GeForce RTX 4060 Ti,51,117.38,90,8042.3,16380.0,
2026-09-03T22:49:14.183861+00:00,01_yolo26_main,5,5,9.6,14.84,30.49,1511.66,NVIDIA GeForce RTX 4060 Ti,54,114.37,92,8042.3,16380.0,
2026-09-03T22:49:24.209824+00:00,01_yolo26_main,5,5,9.4,14.83,30.49,1511.66,NVIDIA GeForce RTX 4060 Ti,52,111.3,88,8042.3,16380.0,
2026-09-03T22:49:34.237827+00:00,01_yolo26_main,5,5,9.5,14.87,30.49,1511.66,NVIDIA GeForce RTX 4060 Ti,50,117.22,88,8042.3,16380.0,
2026-09-03T22:49:44.263823+00:00,01_yolo26_main,5,5,9.4,14.9,30.49,1511.66,NVIDIA GeForce RTX 4060 Ti,51,78.19,10,8042.3,16380.0,
2026-09-03T22:49:54.291838+00:00,01_yolo26_main,5,5,9.6,14.8,30.49,1511.66,NVIDIA GeForce RTX 4060 Ti,53,117.48,91,8042.3,16380.0,
2026-09-03T22:50:04.317842+00:00,01_yolo26_main,5,5,9.5,14.85,30.49,1511.66,NVIDIA GeForce RTX 4060 Ti,52,114.44,91,8042.3,16380.0,
2026-09-03T22:50:14.344236+00:00,01_yolo26_main,5,5,9.4,14.89,30.49,1511.66,NVIDIA GeForce RTX 4060 Ti,52,117.93,87,8042.3,16380.0,
2026-09-03T22:50:24.371820+00:00,01_yolo26_main,5,5,9.6,14.81,30.49,1511.66,NVIDIA GeForce RTX 4060 Ti,53,117.82,93,8042.3,16380.0,
2026-09-03T22:50:34.397824+00:00,01_yolo26_main,5,5,9.4,14.78,30.49,1511.66,NVIDIA GeForce RTX 4060 Ti,53,116.39,92,8042.3,16380.0,
2026-09-03T22:50:44.422193+00:00,01_yolo26_main,5,5,10.0,14.61,30.49,1511.66,NVIDIA GeForce RTX 4060 Ti,53,117.72,98,8042.3,16380.0,
2026-09-03T22:50:54.456177+00:00,01_yolo26_main,5,5,9.5,14.89,30.49,1511.66,NVIDIA GeForce RTX 4060 Ti,44,78.06,0,8042.3,16380.0,
2026-09-03T22:51:04.479837+00:00,01_yolo26_main,5,5,9.5,14.78,30.49,1511.66,NVIDIA GeForce RTX 4060 Ti,52,115.47,85,8042.3,16380.0,
2026-09-03T22:51:14.506821+00:00,01_yolo26_main,5,5,9.4,14.83,30.49,1511.66,NVIDIA GeForce RTX 4060 Ti,52,116.12,92,8042.3,16380.0,
2026-09-03T22:51:24.532949+00:00,01_yolo26_main,5,5,9.3,14.86,30.49,1511.66,NVIDIA GeForce RTX 4060 Ti,52,115.97,93,8042.3,16380.0,
2026-09-03T22:51:34.558817+00:00,01_yolo26_main,5,5,9.7,14.87,30.49,1511.66,NVIDIA GeForce RTX 4060 Ti,51,118.13,86,8042.3,16380.0,
2026-09-03T22:51:44.585817+00:00,01_yolo26_main,5,5,9.4,14.87,30.49,1511.66,NVIDIA GeForce RTX 4060 Ti,51,117.8,92,8042.3,16380.0,
2026-09-03T22:51:54.615824+00:00,01_yolo26_main,5,5,9.4,14.96,30.49,1511.66,NVIDIA GeForce RTX 4060 Ti,52,118.28,86,8042.3,16380.0,
2026-09-03T22:52:04.643814+00:00,01_yolo26_main,5,5,9.3,14.98,30.49,1511.66,NVIDIA GeForce RTX 4060 Ti,44,51.4,0,8042.3,16380.0,
2026-09-03T22:52:14.667822+00:00,01_yolo26_main,5,5,9.6,14.91,30.49,1511.66,NVIDIA GeForce RTX 4060 Ti,53,118.48,93,8042.3,16380.0,
2026-09-03T22:52:24.695820+00:00,01_yolo26_main,5,5,9.5,14.93,30.49,1511.66,NVIDIA GeForce RTX 4060 Ti,53,117.79,87,8042.3,16380.0,
2026-09-03T22:52:34.721859+00:00,01_yolo26_main,5,5,17.5,14.94,30.49,1511.66,NVIDIA GeForce RTX 4060 Ti,53,116.94,94,8042.3,16380.0,
2026-09-03T22:52:44.746509+00:00,01_yolo26_main,5,5,16.3,14.81,30.49,1511.66,NVIDIA GeForce RTX 4060 Ti,53,115.6,86,8042.3,16380.0,
2026-09-03T22:52:54.773329+00:00,01_yolo26_main,5,5,14.6,14.87,30.49,1511.66,NVIDIA GeForce RTX 4060 Ti,51,118.49,92,8042.3,16380.0,
2026-09-03T22:53:04.799218+00:00,01_yolo26_main,5,5,9.4,14.88,30.49,1511.66,NVIDIA GeForce RTX 4060 Ti,52,118.45,93,8042.3,16380.0,
2026-09-03T22:53:14.825809+00:00,01_yolo26_main,5,5,9.4,15.0,30.49,1511.66,NVIDIA GeForce RTX 4060 Ti,50,75.28,92,8042.3,16380.0,
2026-09-03T22:53:24.849767+00:00,01_yolo26_main,5,5,9.5,14.95,30.49,1511.66,NVIDIA GeForce RTX 4060 Ti,52,116.74,93,8042.3,16380.0,
2026-09-03T22:53:34.877268+00:00,01_yolo26_main,5,5,9.4,15.0,30.49,1511.66,NVIDIA GeForce RTX 4060 Ti,53,115.14,95,8042.3,16380.0,
2026-09-03T22:53:44.904819+00:00,01_yolo26_main,5,5,9.4,14.97,30.49,1511.66,NVIDIA GeForce RTX 4060 Ti,53,118.21,93,8042.3,16380.0,
2026-09-03T22:53:54.923778+00:00,01_yolo26_main,5,5,9.8,14.91,30.49,1511.66,NVIDIA GeForce RTX 4060 Ti,53,117.91,93,8042.3,16380.0,
2026-09-03T22:54:04.944675+00:00,01_yolo26_main,5,5,9.4,14.97,30.49,1511.66,NVIDIA GeForce RTX 4060 Ti,53,118.13,92,8042.3,16380.0,
2026-09-03T22:54:14.971594+00:00,01_yolo26_main,5,5,9.4,13.69,30.49,1511.95,NVIDIA GeForce RTX 4060 Ti,42,41.28,0,6376.3,16380.0,
2026-09-03T22:54:24.999833+00:00,01_yolo26_main,6,6,11.0,14.05,30.49,1511.95,NVIDIA GeForce RTX 4060 Ti,41,38.79,0,1528.3,16380.0,
2026-09-03T22:54:35.022819+00:00,01_yolo26_main,6,6,9.6,14.64,30.49,1511.95,NVIDIA GeForce RTX 4060 Ti,53,120.01,92,4892.3,16380.0,
2026-09-03T22:54:45.049827+00:00,01_yolo26_main,6,6,9.4,14.61,30.49,1511.55,NVIDIA GeForce RTX 4060 Ti,52,119.58,91,4894.3,16380.0,
2026-09-03T22:54:55.076059+00:00,01_yolo26_main,6,6,9.1,14.68,30.49,1511.55,NVIDIA GeForce RTX 4060 Ti,48,54.61,0,4894.3,16380.0,
2026-09-03T22:55:05.102139+00:00,01_yolo26_main,6,6,9.6,14.65,30.49,1511.55,NVIDIA GeForce RTX 4060 Ti,51,118.22,93,4894.3,16380.0,
2026-09-03T22:55:15.119956+00:00,01_yolo26_main,6,6,9.2,14.73,30.49,1511.55,NVIDIA GeForce RTX 4060 Ti,51,117.64,92,4894.3,16380.0,
2026-09-03T22:55:25.147863+00:00,01_yolo26_main,6,6,9.3,14.76,30.49,1511.55,NVIDIA GeForce RTX 4060 Ti,52,117.42,92,4894.3,16380.0,
2026-09-03T22:55:35.174140+00:00,01_yolo26_main,6,6,9.6,14.72,30.49,1511.55,NVIDIA GeForce RTX 4060 Ti,53,119.52,92,4894.3,16380.0,
2026-09-03T22:55:45.200769+00:00,01_yolo26_main,6,6,9.2,14.8,30.49,1511.55,NVIDIA GeForce RTX 4060 Ti,53,119.48,93,5806.3,16380.0,
2026-09-03T22:55:55.226815+00:00,01_yolo26_main,6,6,9.1,14.79,30.49,1511.55,NVIDIA GeForce RTX 4060 Ti,52,120.35,89,5806.3,16380.0,
2026-09-03T22:56:05.251821+00:00,01_yolo26_main,6,6,9.5,14.73,30.49,1511.55,NVIDIA GeForce RTX 4060 Ti,51,118.76,94,5806.3,16380.0,
2026-09-03T22:56:15.279823+00:00,01_yolo26_main,6,6,9.5,14.77,30.49,1511.55,NVIDIA GeForce RTX 4060 Ti,53,116.95,92,5806.3,16380.0,
2026-09-03T22:56:25.308214+00:00,01_yolo26_main,6,6,9.2,14.8,30.49,1511.55,NVIDIA GeForce RTX 4060 Ti,52,116.53,95,5806.3,16380.0,
2026-09-03T22:56:35.336772+00:00,01_yolo26_main,6,6,9.6,14.92,30.49,1511.56,NVIDIA GeForce RTX 4060 Ti,46,78.78,86,5806.3,16380.0,
2026-09-03T22:56:45.385149+00:00,01_yolo26_main,6,6,9.2,14.76,30.49,1511.55,NVIDIA GeForce RTX 4060 Ti,53,117.86,93,5806.3,16380.0,
2026-09-03T22:56:55.412241+00:00,01_yolo26_main,6,6,9.2,14.75,30.49,1511.55,NVIDIA GeForce RTX 4060 Ti,51,119.15,93,5806.3,16380.0,
2026-09-03T22:57:05.441058+00:00,01_yolo26_main,6,6,9.2,14.86,30.49,1511.55,NVIDIA GeForce RTX 4060 Ti,52,64.63,92,5806.3,16380.0,
2026-09-03T22:57:15.468065+00:00,01_yolo26_main,6,6,9.6,14.79,30.49,1511.55,NVIDIA GeForce RTX 4060 Ti,52,118.87,94,5806.3,16380.0,
2026-09-03T22:57:25.493841+00:00,01_yolo26_main,6,6,9.2,14.8,30.49,1511.55,NVIDIA GeForce RTX 4060 Ti,53,119.21,92,5806.3,16380.0,
2026-09-03T22:57:35.519854+00:00,01_yolo26_main,6,6,9.5,14.73,30.49,1511.55,NVIDIA GeForce RTX 4060 Ti,52,119.05,92,5806.3,16380.0,
2026-09-03T22:57:45.547822+00:00,01_yolo26_main,6,6,9.6,14.74,30.49,1511.55,NVIDIA GeForce RTX 4060 Ti,53,118.51,90,5806.3,16380.0,
2026-09-03T22:57:55.567139+00:00,01_yolo26_main,6,6,9.6,14.8,30.49,1511.55,NVIDIA GeForce RTX 4060 Ti,52,118.82,92,5806.3,16380.0,
2026-09-03T22:58:05.595674+00:00,01_yolo26_main,6,6,9.4,14.84,30.49,1511.55,NVIDIA GeForce RTX 4060 Ti,51,117.21,94,5806.3,16380.0,
2026-09-03T22:58:15.620856+00:00,01_yolo26_main,6,6,9.3,14.97,30.49,1511.55,NVIDIA GeForce RTX 4060 Ti,44,53.98,0,6576.3,16380.0,
2026-09-03T22:58:25.643821+00:00,01_yolo26_main,6,6,9.5,14.75,30.49,1511.55,NVIDIA GeForce RTX 4060 Ti,51,118.29,93,6576.3,16380.0,
2026-09-03T22:58:35.672490+00:00,01_yolo26_main,6,6,9.4,14.77,30.49,1511.55,NVIDIA GeForce RTX 4060 Ti,52,117.97,93,6576.3,16380.0,
2026-09-03T22:58:45.692192+00:00,01_yolo26_main,6,6,9.4,14.82,30.49,1511.55,NVIDIA GeForce RTX 4060 Ti,52,116.38,93,7736.3,16380.0,
2026-09-03T22:58:55.715205+00:00,01_yolo26_main,6,6,9.5,14.73,30.49,1511.55,NVIDIA GeForce RTX 4060 Ti,53,120.07,93,7736.3,16380.0,
2026-09-03T22:59:05.742822+00:00,01_yolo26_main,6,6,9.4,14.79,30.49,1511.55,NVIDIA GeForce RTX 4060 Ti,53,117.86,90,7736.3,16380.0,
2026-09-03T22:59:15.769667+00:00,01_yolo26_main,6,6,9.4,14.84,30.49,1511.55,NVIDIA GeForce RTX 4060 Ti,53,118.83,86,7736.3,16380.0,
2026-09-03T22:59:25.795309+00:00,01_yolo26_main,6,6,9.6,14.83,30.49,1511.55,NVIDIA GeForce RTX 4060 Ti,51,96.25,90,7736.3,16380.0,
2026-09-03T22:59:35.819799+00:00,01_yolo26_main,6,6,9.5,14.77,30.49,1511.55,NVIDIA GeForce RTX 4060 Ti,51,116.86,92,7736.3,16380.0,
2026-09-03T22:59:45.846845+00:00,01_yolo26_main,6,6,9.4,14.79,30.49,1511.55,NVIDIA GeForce RTX 4060 Ti,53,118.19,93,7736.3,16380.0,
2026-09-03T22:59:55.870821+00:00,01_yolo26_main,6,6,9.2,14.84,30.49,1511.55,NVIDIA GeForce RTX 4060 Ti,52,119.29,93,7736.3,16380.0,
2026-09-03T23:00:05.896827+00:00,01_yolo26_main,6,6,9.6,14.73,30.49,1511.55,NVIDIA GeForce RTX 4060 Ti,52,117.07,89,7736.3,16380.0,
2026-09-03T23:00:15.922815+00:00,01_yolo26_main,6,6,9.2,14.74,30.49,1511.55,NVIDIA GeForce RTX 4060 Ti,53,117.61,91,7736.3,16380.0,
2026-09-03T23:00:25.943822+00:00,01_yolo26_main,6,6,9.2,14.79,30.49,1511.55,NVIDIA GeForce RTX 4060 Ti,51,117.48,97,7736.3,16380.0,
2026-09-03T23:00:35.972617+00:00,01_yolo26_main,6,6,9.7,14.69,30.49,1511.55,NVIDIA GeForce RTX 4060 Ti,50,118.94,93,7736.3,16380.0,
2026-09-03T23:00:45.998721+00:00,01_yolo26_main,6,6,9.4,14.71,30.49,1511.55,NVIDIA GeForce RTX 4060 Ti,53,118.61,92,7736.3,16380.0,
2026-09-03T23:00:56.024822+00:00,01_yolo26_main,6,6,9.4,14.77,30.49,1511.55,NVIDIA GeForce RTX 4060 Ti,52,118.41,90,7736.3,16380.0,
2026-09-03T23:01:06.049232+00:00,01_yolo26_main,6,6,9.4,14.9,30.49,1511.55,NVIDIA GeForce RTX 4060 Ti,44,71.93,63,7736.3,16380.0,
2026-09-03T23:01:16.072848+00:00,01_yolo26_main,6,6,9.6,14.71,30.49,1511.55,NVIDIA GeForce RTX 4060 Ti,52,117.25,98,7736.3,16380.0,
2026-09-03T23:01:26.103810+00:00,01_yolo26_main,6,6,9.2,14.79,30.49,1511.55,NVIDIA GeForce RTX 4060 Ti,53,117.35,88,7736.3,16380.0,
2026-09-03T23:01:36.129834+00:00,01_yolo26_main,6,6,9.5,14.81,30.49,1511.56,NVIDIA GeForce RTX 4060 Ti,52,118.72,93,7736.3,16380.0,
2026-09-03T23:01:46.156822+00:00,01_yolo26_main,6,6,9.6,14.72,30.49,1511.56,NVIDIA GeForce RTX 4060 Ti,53,119.29,93,7736.3,16380.0,
2026-09-03T23:01:56.184833+00:00,01_yolo26_main,6,6,9.4,14.77,30.49,1511.56,NVIDIA GeForce RTX 4060 Ti,53,118.53,92,7736.3,16380.0,
2026-09-03T23:02:06.206550+00:00,01_yolo26_main,6,6,9.2,14.82,30.49,1511.56,NVIDIA GeForce RTX 4060 Ti,52,118.29,92,7736.3,16380.0,
2026-09-03T23:02:16.233195+00:00,01_yolo26_main,6,6,9.6,14.72,30.49,1511.56,NVIDIA GeForce RTX 4060 Ti,52,113.06,90,7736.3,16380.0,
2026-09-03T23:02:26.260823+00:00,01_yolo26_main,6,6,9.4,14.73,30.49,1511.56,NVIDIA GeForce RTX 4060 Ti,53,119.29,87,7736.3,16380.0,
2026-09-03T23:02:36.288832+00:00,01_yolo26_main,6,6,9.3,14.79,30.49,1511.56,NVIDIA GeForce RTX 4060 Ti,53,119.29,93,7736.3,16380.0,
2026-09-03T23:02:46.314817+00:00,01_yolo26_main,6,6,9.4,14.85,30.49,1511.56,NVIDIA GeForce RTX 4060 Ti,50,90.69,0,7736.3,16380.0,
2026-09-03T23:02:56.342819+00:00,01_yolo26_main,6,6,9.7,14.79,30.49,1511.56,NVIDIA GeForce RTX 4060 Ti,51,118.86,94,7736.3,16380.0,
2026-09-03T23:03:06.366819+00:00,01_yolo26_main,6,6,9.4,14.82,30.49,1511.56,NVIDIA GeForce RTX 4060 Ti,53,119.32,93,7736.3,16380.0,
2026-09-03T23:03:16.394828+00:00,01_yolo26_main,6,6,9.4,14.84,30.49,1511.56,NVIDIA GeForce RTX 4060 Ti,50,118.23,96,7736.3,16380.0,
2026-09-03T23:03:26.421827+00:00,01_yolo26_main,6,6,9.6,14.73,30.49,1511.56,NVIDIA GeForce RTX 4060 Ti,51,118.31,93,7736.3,16380.0,
2026-09-03T23:03:36.449831+00:00,01_yolo26_main,6,6,9.5,14.72,30.49,1511.56,NVIDIA GeForce RTX 4060 Ti,52,118.48,93,7736.3,16380.0,
2026-09-03T23:03:46.475848+00:00,01_yolo26_main,6,6,9.2,14.83,30.49,1511.56,NVIDIA GeForce RTX 4060 Ti,53,120.1,87,7736.3,16380.0,
2026-09-03T23:03:56.500167+00:00,01_yolo26_main,6,6,9.4,14.87,30.49,1511.56,NVIDIA GeForce RTX 4060 Ti,51,64.78,92,7736.3,16380.0,
2026-09-03T23:04:06.528642+00:00,01_yolo26_main,6,6,9.5,14.79,30.49,1511.56,NVIDIA GeForce RTX 4060 Ti,53,117.86,88,7736.3,16380.0,
2026-09-03T23:04:16.554829+00:00,01_yolo26_main,6,6,9.4,14.83,30.49,1511.56,NVIDIA GeForce RTX 4060 Ti,53,117.13,96,7736.3,16380.0,
2026-09-03T23:04:26.579835+00:00,01_yolo26_main,6,6,9.4,14.74,30.49,1511.56,NVIDIA GeForce RTX 4060 Ti,52,118.21,87,7736.3,16380.0,
2026-09-03T23:04:36.602832+00:00,01_yolo26_main,6,6,9.6,14.73,30.49,1511.56,NVIDIA GeForce RTX 4060 Ti,52,119.23,93,7736.3,16380.0,
2026-09-03T23:04:46.629813+00:00,01_yolo26_main,6,6,9.2,14.77,30.49,1511.56,NVIDIA GeForce RTX 4060 Ti,54,118.58,94,7736.3,16380.0,
2026-09-03T23:04:56.656819+00:00,01_yolo26_main,6,6,9.4,14.8,30.49,1511.56,NVIDIA GeForce RTX 4060 Ti,53,118.83,93,7736.3,16380.0,
2026-09-03T23:05:06.682863+00:00,01_yolo26_main,6,6,9.6,14.9,30.49,1511.56,NVIDIA GeForce RTX 4060 Ti,46,86.2,17,7736.3,16380.0,
2026-09-03T23:05:16.705818+00:00,01_yolo26_main,6,6,9.4,14.73,30.49,1511.56,NVIDIA GeForce RTX 4060 Ti,52,116.12,93,7736.3,16380.0,
2026-09-03T23:05:26.733279+00:00,01_yolo26_main,6,6,9.4,14.79,30.49,1511.56,NVIDIA GeForce RTX 4060 Ti,53,118.8,92,7736.3,16380.0,
2026-09-03T23:05:36.760622+00:00,01_yolo26_main,6,6,9.4,14.82,30.49,1511.56,NVIDIA GeForce RTX 4060 Ti,49,117.48,98,7736.3,16380.0,
2026-09-03T23:05:46.786852+00:00,01_yolo26_main,6,6,9.6,14.74,30.49,1511.56,NVIDIA GeForce RTX 4060 Ti,51,117.71,93,7736.3,16380.0,
2026-09-03T23:05:56.813619+00:00,01_yolo26_main,6,6,9.4,14.75,30.49,1511.56,NVIDIA GeForce RTX 4060 Ti,53,118.66,90,7736.3,16380.0,
2026-09-03T23:06:06.839811+00:00,01_yolo26_main,6,6,9.2,14.78,30.49,1511.56,NVIDIA GeForce RTX 4060 Ti,52,119.49,92,7736.3,16380.0,
2026-09-03T23:06:16.865819+00:00,01_yolo26_main,6,6,9.6,14.72,30.49,1511.56,NVIDIA GeForce RTX 4060 Ti,53,116.67,94,7736.3,16380.0,
2026-09-03T23:06:26.891822+00:00,01_yolo26_main,6,6,9.2,14.75,30.49,1511.56,NVIDIA GeForce RTX 4060 Ti,52,119.19,92,7736.3,16380.0,
2026-09-03T23:06:36.919819+00:00,01_yolo26_main,6,6,9.5,14.76,30.49,1511.56,NVIDIA GeForce RTX 4060 Ti,51,118.59,93,7736.3,16380.0,
2026-09-03T23:06:46.946857+00:00,01_yolo26_main,6,6,9.7,14.85,30.49,1511.56,NVIDIA GeForce RTX 4060 Ti,51,79.63,47,7736.3,16380.0,
2026-09-03T23:06:56.975491+00:00,01_yolo26_main,6,6,9.6,14.76,30.49,1511.56,NVIDIA GeForce RTX 4060 Ti,53,118.95,93,7736.3,16380.0,
2026-09-03T23:07:07.002848+00:00,01_yolo26_main,6,6,9.2,14.78,30.49,1511.56,NVIDIA GeForce RTX 4060 Ti,53,118.6,92,7736.3,16380.0,
2026-09-03T23:07:17.027183+00:00,01_yolo26_main,6,6,9.4,14.83,30.49,1511.56,NVIDIA GeForce RTX 4060 Ti,53,119.73,92,7736.3,16380.0,
2026-09-03T23:07:27.053822+00:00,01_yolo26_main,6,6,9.6,14.7,30.49,1511.56,NVIDIA GeForce RTX 4060 Ti,53,118.33,93,7736.3,16380.0,
2026-09-03T23:07:37.080852+00:00,01_yolo26_main,6,6,9.2,14.7,30.49,1511.56,NVIDIA GeForce RTX 4060 Ti,52,118.68,86,7736.3,16380.0,
2026-09-03T23:07:47.104817+00:00,01_yolo26_main,6,6,9.5,14.77,30.49,1511.56,NVIDIA GeForce RTX 4060 Ti,51,117.5,93,7736.3,16380.0,
2026-09-03T23:07:57.131573+00:00,01_yolo26_main,6,6,9.7,14.71,30.49,1511.56,NVIDIA GeForce RTX 4060 Ti,47,106.81,91,7736.3,16380.0,
2026-09-03T23:08:07.154854+00:00,01_yolo26_main,6,6,9.4,14.7,30.49,1511.56,NVIDIA GeForce RTX 4060 Ti,52,118.19,89,7736.3,16380.0,
2026-09-03T23:08:17.182830+00:00,01_yolo26_main,6,6,9.4,14.79,30.49,1511.56,NVIDIA GeForce RTX 4060 Ti,51,119.72,88,7736.3,16380.0,
2026-09-03T23:08:27.208602+00:00,01_yolo26_main,6,6,9.2,14.71,30.49,1511.56,NVIDIA GeForce RTX 4060 Ti,50,98.12,27,7736.3,16380.0,
2026-09-03T23:08:37.235818+00:00,01_yolo26_main,6,6,9.6,14.7,30.49,1511.56,NVIDIA GeForce RTX 4060 Ti,53,120.11,91,7736.3,16380.0,
2026-09-03T23:08:47.262830+00:00,01_yolo26_main,6,6,9.5,14.74,30.49,1511.56,NVIDIA GeForce RTX 4060 Ti,53,117.66,94,7736.3,16380.0,
2026-09-03T23:08:57.287829+00:00,01_yolo26_main,6,6,9.4,14.82,30.49,1511.56,NVIDIA GeForce RTX 4060 Ti,53,118.04,87,7736.3,16380.0,
2026-09-03T23:09:07.315022+00:00,01_yolo26_main,6,6,9.6,14.74,30.49,1511.56,NVIDIA GeForce RTX 4060 Ti,53,117.51,93,7736.3,16380.0,
2026-09-03T23:09:17.341841+00:00,01_yolo26_main,6,6,9.4,14.76,30.49,1511.56,NVIDIA GeForce RTX 4060 Ti,52,118.52,92,7736.3,16380.0,
2026-09-03T23:09:27.368818+00:00,01_yolo26_main,6,6,9.4,14.74,30.49,1511.56,NVIDIA GeForce RTX 4060 Ti,50,118.38,91,7736.3,16380.0,
2026-09-03T23:09:37.395868+00:00,01_yolo26_main,6,6,9.2,14.86,30.49,1511.56,NVIDIA GeForce RTX 4060 Ti,44,58.28,0,7736.3,16380.0,
2026-09-03T23:09:47.420527+00:00,01_yolo26_main,6,6,9.6,14.72,30.49,1511.56,NVIDIA GeForce RTX 4060 Ti,50,118.47,94,7736.3,16380.0,
2026-09-03T23:09:57.437670+00:00,01_yolo26_main,6,6,9.3,14.78,30.49,1511.56,NVIDIA GeForce RTX 4060 Ti,53,118.59,87,7736.3,16380.0,
2026-09-03T23:10:07.462664+00:00,01_yolo26_main,6,6,9.3,14.82,30.49,1511.56,NVIDIA GeForce RTX 4060 Ti,50,119.38,92,7736.3,16380.0,
2026-09-03T23:10:17.489818+00:00,01_yolo26_main,6,6,9.6,14.76,30.49,1511.56,NVIDIA GeForce RTX 4060 Ti,52,118.38,93,7736.3,16380.0,
2026-09-03T23:10:27.516818+00:00,01_yolo26_main,6,6,9.2,14.74,30.49,1511.56,NVIDIA GeForce RTX 4060 Ti,53,118.25,94,7736.3,16380.0,
2026-09-03T23:10:37.546226+00:00,01_yolo26_main,6,6,9.4,14.78,30.49,1511.56,NVIDIA GeForce RTX 4060 Ti,53,116.35,94,7736.3,16380.0,
2026-09-03T23:10:47.572812+00:00,01_yolo26_main,6,6,9.6,14.7,30.49,1511.56,NVIDIA GeForce RTX 4060 Ti,52,118.98,93,7736.3,16380.0,
2026-09-03T23:10:57.599817+00:00,01_yolo26_main,6,6,9.4,14.72,30.49,1511.56,NVIDIA GeForce RTX 4060 Ti,52,117.96,93,7736.3,16380.0,
2026-09-03T23:11:07.629831+00:00,01_yolo26_main,6,6,9.4,14.77,30.49,1511.56,NVIDIA GeForce RTX 4060 Ti,53,119.16,84,7736.3,16380.0,
2026-09-03T23:11:17.653819+00:00,01_yolo26_main,6,6,9.4,14.81,30.49,1511.56,NVIDIA GeForce RTX 4060 Ti,52,104.89,93,7736.3,16380.0,
2026-09-03T23:11:27.681826+00:00,01_yolo26_main,6,6,9.6,14.74,30.49,1511.56,NVIDIA GeForce RTX 4060 Ti,53,118.71,91,7736.3,16380.0,
2026-09-03T23:11:37.707822+00:00,01_yolo26_main,6,6,9.5,14.78,30.49,1511.56,NVIDIA GeForce RTX 4060 Ti,53,117.7,93,7736.3,16380.0,
2026-09-03T23:11:47.734830+00:00,01_yolo26_main,6,6,9.4,14.81,30.49,1511.56,NVIDIA GeForce RTX 4060 Ti,53,119.47,86,7736.3,16380.0,
2026-09-03T23:11:57.760821+00:00,01_yolo26_main,6,6,9.5,14.73,30.49,1511.56,NVIDIA GeForce RTX 4060 Ti,52,120.33,97,7736.3,16380.0,
2026-09-03T23:12:07.788853+00:00,01_yolo26_main,6,6,9.4,14.72,30.49,1511.56,NVIDIA GeForce RTX 4060 Ti,53,117.92,90,7736.3,16380.0,
2026-09-03T23:12:17.814821+00:00,01_yolo26_main,6,6,9.4,14.8,30.49,1511.56,NVIDIA GeForce RTX 4060 Ti,54,119.62,85,7736.3,16380.0,
2026-09-03T23:12:27.838822+00:00,01_yolo26_main,6,6,9.4,14.73,30.49,1511.56,NVIDIA GeForce RTX 4060 Ti,50,72.59,52,7736.3,16380.0,
2026-09-03T23:12:37.865836+00:00,01_yolo26_main,6,6,9.6,14.74,30.49,1511.56,NVIDIA GeForce RTX 4060 Ti,53,118.66,93,7736.3,16380.0,
2026-09-03T23:12:47.891824+00:00,01_yolo26_main,6,6,9.5,14.79,30.49,1511.56,NVIDIA GeForce RTX 4060 Ti,53,117.66,92,7736.3,16380.0,
2026-09-03T23:12:57.918824+00:00,01_yolo26_main,6,6,9.6,14.78,30.49,1511.56,NVIDIA GeForce RTX 4060 Ti,52,117.71,94,7736.3,16380.0,
2026-09-03T23:13:07.944832+00:00,01_yolo26_main,6,6,9.5,14.73,30.49,1511.56,NVIDIA GeForce RTX 4060 Ti,53,118.56,92,8108.3,16380.0,
2026-09-03T23:13:17.965265+00:00,01_yolo26_main,6,6,9.5,14.77,30.49,1511.56,NVIDIA GeForce RTX 4060 Ti,53,118.24,92,8108.3,16380.0,
2026-09-03T23:13:27.992249+00:00,01_yolo26_main,6,6,9.5,14.76,30.49,1511.56,NVIDIA GeForce RTX 4060 Ti,53,119.79,91,8108.3,16380.0,
2026-09-03T23:13:38.019973+00:00,01_yolo26_main,6,6,9.3,14.95,30.49,1511.56,NVIDIA GeForce RTX 4060 Ti,44,47.44,0,8108.3,16380.0,
2026-09-03T23:13:48.033911+00:00,01_yolo26_main,6,6,9.6,14.79,30.49,1511.56,NVIDIA GeForce RTX 4060 Ti,53,118.15,92,8108.3,16380.0,
2026-09-03T23:13:58.063122+00:00,01_yolo26_main,6,6,9.2,14.81,30.49,1511.56,NVIDIA GeForce RTX 4060 Ti,53,118.87,88,8108.3,16380.0,
2026-09-03T23:14:08.089822+00:00,01_yolo26_main,6,6,9.4,14.83,30.49,1511.56,NVIDIA GeForce RTX 4060 Ti,53,118.35,86,8108.3,16380.0,
2026-09-03T23:14:18.119893+00:00,01_yolo26_main,6,6,9.6,14.78,30.49,1511.56,NVIDIA GeForce RTX 4060 Ti,52,116.91,92,8108.3,16380.0,
2026-09-03T23:14:28.147814+00:00,01_yolo26_main,6,6,9.4,14.81,30.49,1511.56,NVIDIA GeForce RTX 4060 Ti,51,119.32,92,8108.3,16380.0,
2026-09-03T23:14:38.176183+00:00,01_yolo26_main,6,6,9.5,14.85,30.49,1511.56,NVIDIA GeForce RTX 4060 Ti,52,120.37,87,8108.3,16380.0,
2026-09-03T23:14:48.201895+00:00,01_yolo26_main,6,6,9.5,14.86,30.49,1511.56,NVIDIA GeForce RTX 4060 Ti,45,89.31,81,8108.3,16380.0,
2026-09-03T23:14:58.225942+00:00,01_yolo26_main,6,6,9.4,14.76,30.49,1511.56,NVIDIA GeForce RTX 4060 Ti,53,119.26,93,8108.3,16380.0,
2026-09-03T23:15:08.253836+00:00,01_yolo26_main,6,6,9.4,14.81,30.49,1511.56,NVIDIA GeForce RTX 4060 Ti,53,119.0,89,8108.3,16380.0,
2026-09-03T23:15:18.280157+00:00,01_yolo26_main,6,6,9.2,14.87,30.49,1511.56,NVIDIA GeForce RTX 4060 Ti,52,116.66,92,8108.3,16380.0,
2026-09-03T23:15:28.307585+00:00,01_yolo26_main,6,6,9.7,14.77,30.49,1511.56,NVIDIA GeForce RTX 4060 Ti,51,116.83,95,8108.3,16380.0,
2026-09-03T23:15:38.335825+00:00,01_yolo26_main,6,6,9.4,14.77,30.49,1511.56,NVIDIA GeForce RTX 4060 Ti,53,116.74,97,8108.3,16380.0,
2026-09-03T23:15:48.360946+00:00,01_yolo26_main,6,6,9.4,14.83,30.49,1511.56,NVIDIA GeForce RTX 4060 Ti,52,117.14,93,8108.3,16380.0,
2026-09-03T23:15:58.387336+00:00,01_yolo26_main,6,6,9.6,14.74,30.49,1511.56,NVIDIA GeForce RTX 4060 Ti,53,118.32,93,8108.3,16380.0,
2026-09-03T23:16:08.415429+00:00,01_yolo26_main,6,6,9.3,14.76,30.49,1511.56,NVIDIA GeForce RTX 4060 Ti,53,119.05,86,8108.3,16380.0,
2026-09-03T23:16:18.442998+00:00,01_yolo26_main,6,6,9.4,14.76,30.49,1511.56,NVIDIA GeForce RTX 4060 Ti,53,119.46,92,8108.3,16380.0,
2026-09-03T23:16:28.470390+00:00,01_yolo26_main,6,6,9.4,14.81,30.49,1511.56,NVIDIA GeForce RTX 4060 Ti,50,90.51,0,8108.3,16380.0,
2026-09-03T23:16:38.496988+00:00,01_yolo26_main,6,6,9.6,14.73,30.49,1511.56,NVIDIA GeForce RTX 4060 Ti,53,117.3,90,8108.3,16380.0,
2026-09-03T23:16:48.524901+00:00,01_yolo26_main,6,6,9.4,14.77,30.49,1511.56,NVIDIA GeForce RTX 4060 Ti,50,118.37,92,8108.3,16380.0,
2026-09-03T23:16:58.553032+00:00,01_yolo26_main,6,6,9.4,14.81,30.49,1511.56,NVIDIA GeForce RTX 4060 Ti,53,119.5,90,8108.3,16380.0,
2026-09-03T23:17:08.580266+00:00,01_yolo26_main,6,6,9.6,14.72,30.49,1511.56,NVIDIA GeForce RTX 4060 Ti,53,118.81,92,8108.3,16380.0,
2026-09-03T23:17:18.608469+00:00,01_yolo26_main,6,6,9.4,14.74,30.49,1511.56,NVIDIA GeForce RTX 4060 Ti,53,117.07,89,8108.3,16380.0,
2026-09-03T23:17:28.634089+00:00,01_yolo26_main,6,6,9.4,14.78,30.49,1511.56,NVIDIA GeForce RTX 4060 Ti,53,119.16,93,8108.3,16380.0,
2026-09-03T23:17:38.661534+00:00,01_yolo26_main,6,6,9.5,14.91,30.49,1511.56,NVIDIA GeForce RTX 4060 Ti,51,80.13,86,8108.3,16380.0,
2026-09-03T23:17:48.688922+00:00,01_yolo26_main,6,6,9.6,14.7,30.49,1511.56,NVIDIA GeForce RTX 4060 Ti,53,119.09,94,8108.3,16380.0,
2026-09-03T23:17:58.715711+00:00,01_yolo26_main,6,6,9.6,14.77,30.49,1511.56,NVIDIA GeForce RTX 4060 Ti,53,119.34,93,8108.3,16380.0,
2026-09-03T23:18:08.742843+00:00,01_yolo26_main,6,6,9.4,14.79,30.49,1511.56,NVIDIA GeForce RTX 4060 Ti,53,116.51,93,8108.3,16380.0,
2026-09-03T23:18:18.770600+00:00,01_yolo26_main,6,6,9.6,14.69,30.49,1511.56,NVIDIA GeForce RTX 4060 Ti,53,119.42,94,8108.3,16380.0,
2026-09-03T23:18:28.797159+00:00,01_yolo26_main,6,6,9.2,14.71,30.49,1511.56,NVIDIA GeForce RTX 4060 Ti,53,119.41,88,8108.3,16380.0,
2026-09-03T23:18:38.823819+00:00,01_yolo26_main,6,6,9.4,14.74,30.49,1511.56,NVIDIA GeForce RTX 4060 Ti,53,118.07,92,8108.3,16380.0,
2026-09-03T23:18:48.853128+00:00,01_yolo26_main,6,6,9.4,14.86,30.49,1511.56,NVIDIA GeForce RTX 4060 Ti,44,54.66,11,8108.3,16380.0,
2026-09-03T23:18:58.875830+00:00,01_yolo26_main,6,6,9.6,14.69,30.49,1511.56,NVIDIA GeForce RTX 4060 Ti,53,118.95,86,8108.3,16380.0,
2026-09-03T23:19:08.901594+00:00,01_yolo26_main,6,6,9.4,14.72,30.49,1511.56,NVIDIA GeForce RTX 4060 Ti,53,119.36,89,8108.3,16380.0,
2026-09-03T23:19:18.929823+00:00,01_yolo26_main,6,6,9.3,14.78,30.49,1511.56,NVIDIA GeForce RTX 4060 Ti,53,117.61,92,8108.3,16380.0,
2026-09-03T23:19:28.957820+00:00,01_yolo26_main,6,6,9.5,14.69,30.49,1511.56,NVIDIA GeForce RTX 4060 Ti,51,114.47,92,8108.3,16380.0,
2026-09-03T23:19:38.984871+00:00,01_yolo26_main,6,6,9.5,14.75,30.49,1511.56,NVIDIA GeForce RTX 4060 Ti,53,118.92,92,8108.3,16380.0,
2026-09-03T23:19:49.008818+00:00,01_yolo26_main,6,6,9.5,14.77,30.49,1511.56,NVIDIA GeForce RTX 4060 Ti,51,119.73,85,8108.3,16380.0,
2026-09-03T23:19:59.037120+00:00,01_yolo26_main,6,6,9.5,14.9,30.49,1511.56,NVIDIA GeForce RTX 4060 Ti,44,73.91,65,8108.3,16380.0,
2026-09-03T23:20:09.060940+00:00,01_yolo26_main,6,6,9.6,14.73,30.49,1511.55,NVIDIA GeForce RTX 4060 Ti,53,118.91,94,8108.3,16380.0,
2026-09-03T23:20:19.089896+00:00,01_yolo26_main,6,6,9.4,14.8,30.49,1511.55,NVIDIA GeForce RTX 4060 Ti,53,118.11,93,8108.3,16380.0,
2026-09-03T23:20:29.115601+00:00,01_yolo26_main,6,6,9.7,14.82,30.49,1511.55,NVIDIA GeForce RTX 4060 Ti,51,118.05,93,8108.3,16380.0,
2026-09-03T23:20:39.141842+00:00,01_yolo26_main,6,6,9.6,14.69,30.49,1511.55,NVIDIA GeForce RTX 4060 Ti,54,118.07,88,8108.3,16380.0,
2026-09-03T23:20:49.161830+00:00,01_yolo26_main,6,6,9.4,14.73,30.49,1511.55,NVIDIA GeForce RTX 4060 Ti,53,120.08,92,8108.3,16380.0,
2026-09-03T23:20:59.189249+00:00,01_yolo26_main,6,6,9.4,14.79,30.49,1511.55,NVIDIA GeForce RTX 4060 Ti,53,119.11,92,8108.3,16380.0,
2026-09-03T23:21:09.213842+00:00,01_yolo26_main,6,6,9.5,14.91,30.49,1511.55,NVIDIA GeForce RTX 4060 Ti,45,72.97,89,8108.3,16380.0,
2026-09-03T23:21:19.242820+00:00,01_yolo26_main,6,6,9.4,14.74,30.49,1511.55,NVIDIA GeForce RTX 4060 Ti,54,119.39,93,8108.3,16380.0,
2026-09-03T23:21:29.268880+00:00,01_yolo26_main,6,6,9.5,14.77,30.49,1511.55,NVIDIA GeForce RTX 4060 Ti,53,118.36,93,8108.3,16380.0,
2026-09-03T23:21:39.295817+00:00,01_yolo26_main,6,6,9.4,14.83,30.49,1511.55,NVIDIA GeForce RTX 4060 Ti,53,118.12,92,8108.3,16380.0,
2026-09-03T23:21:49.322809+00:00,01_yolo26_main,6,6,9.6,14.74,30.49,1511.55,NVIDIA GeForce RTX 4060 Ti,53,118.14,92,8108.3,16380.0,
2026-09-03T23:21:59.349822+00:00,01_yolo26_main,6,6,9.5,14.76,30.49,1511.55,NVIDIA GeForce RTX 4060 Ti,53,118.14,94,8108.3,16380.0,
2026-09-03T23:22:09.377827+00:00,01_yolo26_main,6,6,9.4,14.85,30.49,1511.55,NVIDIA GeForce RTX 4060 Ti,53,118.92,92,8108.3,16380.0,
2026-09-03T23:22:19.402367+00:00,01_yolo26_main,6,6,9.5,14.9,30.49,1511.55,NVIDIA GeForce RTX 4060 Ti,45,68.13,89,8108.3,16380.0,
2026-09-03T23:22:29.425832+00:00,01_yolo26_main,6,6,12.1,14.73,30.49,1511.56,NVIDIA GeForce RTX 4060 Ti,50,118.81,89,8108.3,16380.0,
2026-09-03T23:22:39.453300+00:00,01_yolo26_main,6,6,16.3,14.69,30.49,1511.55,NVIDIA GeForce RTX 4060 Ti,53,115.91,89,8108.3,16380.0,
2026-09-03T23:22:49.479992+00:00,01_yolo26_main,6,6,16.2,14.67,30.49,1511.55,NVIDIA GeForce RTX 4060 Ti,53,118.3,85,8108.3,16380.0,
2026-09-03T23:22:59.506305+00:00,01_yolo26_main,6,6,10.0,14.69,30.49,1511.55,NVIDIA GeForce RTX 4060 Ti,53,117.59,89,8108.3,16380.0,
2026-09-03T23:23:09.534189+00:00,01_yolo26_main,6,6,9.5,14.71,30.49,1511.55,NVIDIA GeForce RTX 4060 Ti,52,118.51,94,8108.3,16380.0,
2026-09-03T23:23:19.561820+00:00,01_yolo26_main,6,6,9.5,14.69,30.49,1511.55,NVIDIA GeForce RTX 4060 Ti,52,119.39,90,8108.3,16380.0,
2026-09-03T23:23:29.588425+00:00,01_yolo26_main,6,6,9.5,14.88,30.49,1511.55,NVIDIA GeForce RTX 4060 Ti,44,79.45,8,8108.3,16380.0,
2026-09-03T23:23:39.611846+00:00,01_yolo26_main,6,6,9.5,14.68,30.49,1511.55,NVIDIA GeForce RTX 4060 Ti,52,117.55,92,8108.3,16380.0,
2026-09-03T23:23:49.635834+00:00,01_yolo26_main,6,6,9.5,14.67,30.49,1511.55,NVIDIA GeForce RTX 4060 Ti,49,109.68,12,8108.3,16380.0,
2026-09-03T23:23:59.663822+00:00,01_yolo26_main,6,6,9.5,14.74,30.49,1511.55,NVIDIA GeForce RTX 4060 Ti,51,118.91,93,8108.3,16380.0,
2026-09-03T23:24:09.690823+00:00,01_yolo26_main,6,6,9.6,14.67,30.49,1511.55,NVIDIA GeForce RTX 4060 Ti,50,117.03,91,8108.3,16380.0,
2026-09-03T23:24:19.718818+00:00,01_yolo26_main,6,6,9.4,14.72,30.49,1511.55,NVIDIA GeForce RTX 4060 Ti,53,120.06,86,8108.3,16380.0,
2026-09-03T23:24:29.745461+00:00,01_yolo26_main,6,6,9.4,14.8,30.49,1511.55,NVIDIA GeForce RTX 4060 Ti,53,117.12,94,8108.3,16380.0,
2026-09-03T23:24:39.773062+00:00,01_yolo26_main,6,6,9.5,14.81,30.49,1511.55,NVIDIA GeForce RTX 4060 Ti,51,93.19,66,8108.3,16380.0,
2026-09-03T23:24:49.797457+00:00,01_yolo26_main,6,6,9.4,14.66,30.49,1511.55,NVIDIA GeForce RTX 4060 Ti,53,119.14,94,8108.3,16380.0,
2026-09-03T23:24:59.825845+00:00,01_yolo26_main,6,6,9.5,14.8,30.49,1511.55,NVIDIA GeForce RTX 4060 Ti,53,119.84,92,8108.3,16380.0,
2026-09-03T23:25:09.854816+00:00,01_yolo26_main,6,6,9.4,14.8,30.49,1511.55,NVIDIA GeForce RTX 4060 Ti,53,116.05,88,8108.3,16380.0,
2026-09-03T23:25:19.882850+00:00,01_yolo26_main,6,6,9.6,14.73,30.49,1511.55,NVIDIA GeForce RTX 4060 Ti,53,118.84,92,8108.3,16380.0,
2026-09-03T23:25:29.900979+00:00,01_yolo26_main,6,6,9.4,14.79,30.49,1511.55,NVIDIA GeForce RTX 4060 Ti,50,118.05,92,8108.3,16380.0,
2026-09-03T23:25:39.924826+00:00,01_yolo26_main,6,6,9.5,14.84,30.49,1511.55,NVIDIA GeForce RTX 4060 Ti,53,116.16,88,8108.3,16380.0,
2026-09-03T23:25:49.951172+00:00,01_yolo26_main,6,6,9.6,14.74,30.49,1511.55,NVIDIA GeForce RTX 4060 Ti,50,106.23,87,8108.3,16380.0,
2026-09-03T23:25:59.973822+00:00,01_yolo26_main,6,6,9.3,14.76,30.49,1511.55,NVIDIA GeForce RTX 4060 Ti,53,119.19,91,8108.3,16380.0,
2026-09-03T23:26:10.000820+00:00,01_yolo26_main,6,6,9.4,14.79,30.49,1511.55,NVIDIA GeForce RTX 4060 Ti,53,117.59,93,8108.3,16380.0,
2026-09-03T23:26:20.026822+00:00,01_yolo26_main,6,6,9.4,14.71,30.49,1511.55,NVIDIA GeForce RTX 4060 Ti,52,109.86,93,8108.3,16380.0,
2026-09-03T23:26:30.053823+00:00,01_yolo26_main,6,6,9.6,14.7,30.49,1511.55,NVIDIA GeForce RTX 4060 Ti,53,117.63,97,8108.3,16380.0,
2026-09-03T23:26:40.081460+00:00,01_yolo26_main,6,6,9.4,14.81,30.49,1511.55,NVIDIA GeForce RTX 4060 Ti,53,116.58,93,8108.3,16380.0,
2026-09-03T23:26:50.108824+00:00,01_yolo26_main,6,6,9.5,14.84,30.49,1511.55,NVIDIA GeForce RTX 4060 Ti,53,118.88,89,8108.3,16380.0,
2026-09-03T23:27:00.125178+00:00,01_yolo26_main,6,6,9.6,14.75,30.49,1511.55,NVIDIA GeForce RTX 4060 Ti,52,116.95,86,8108.3,16380.0,
2026-09-03T23:27:10.152831+00:00,01_yolo26_main,6,6,9.5,14.79,30.49,1511.55,NVIDIA GeForce RTX 4060 Ti,53,118.65,86,8108.3,16380.0,
2026-09-03T23:27:20.180236+00:00,01_yolo26_main,6,6,9.4,14.79,30.49,1511.55,NVIDIA GeForce RTX 4060 Ti,53,118.06,95,8108.3,16380.0,
2026-09-03T23:27:30.200951+00:00,01_yolo26_main,6,6,9.5,14.82,30.49,1511.55,NVIDIA GeForce RTX 4060 Ti,51,96.14,80,8108.3,16380.0,
2026-09-03T23:27:40.223313+00:00,01_yolo26_main,6,6,9.6,14.74,30.49,1511.55,NVIDIA GeForce RTX 4060 Ti,51,118.06,93,8108.3,16380.0,
2026-09-03T23:27:50.250826+00:00,01_yolo26_main,6,6,9.4,14.77,30.49,1511.55,NVIDIA GeForce RTX 4060 Ti,53,117.01,94,8108.3,16380.0,
2026-09-03T23:28:00.276268+00:00,01_yolo26_main,6,6,9.5,14.7,30.49,1511.55,NVIDIA GeForce RTX 4060 Ti,53,120.22,88,8108.3,16380.0,
2026-09-03T23:28:10.307255+00:00,01_yolo26_main,6,6,9.6,14.73,30.49,1511.55,NVIDIA GeForce RTX 4060 Ti,53,117.53,93,8108.3,16380.0,
2026-09-03T23:28:20.334820+00:00,01_yolo26_main,6,6,9.4,14.75,30.49,1511.55,NVIDIA GeForce RTX 4060 Ti,53,119.02,92,8108.3,16380.0,
2026-09-03T23:28:30.362817+00:00,01_yolo26_main,6,6,9.4,14.78,30.49,1511.55,NVIDIA GeForce RTX 4060 Ti,53,119.69,92,8108.3,16380.0,
2026-09-03T23:28:40.388816+00:00,01_yolo26_main,6,6,9.4,14.73,30.49,1511.55,NVIDIA GeForce RTX 4060 Ti,49,79.48,10,8108.3,16380.0,
2026-09-03T23:28:50.412825+00:00,01_yolo26_main,6,6,9.5,14.72,30.49,1511.55,NVIDIA GeForce RTX 4060 Ti,52,116.31,93,8108.3,16380.0,
2026-09-03T23:29:00.438819+00:00,01_yolo26_main,6,6,9.4,14.81,30.49,1511.55,NVIDIA GeForce RTX 4060 Ti,53,117.48,89,8108.3,16380.0,
2026-09-03T23:29:10.463820+00:00,01_yolo26_main,6,6,9.4,14.85,30.49,1511.55,NVIDIA GeForce RTX 4060 Ti,50,119.1,90,8108.3,16380.0,
2026-09-03T23:29:20.490818+00:00,01_yolo26_main,6,6,9.5,14.79,30.49,1511.55,NVIDIA GeForce RTX 4060 Ti,53,119.91,90,8108.3,16380.0,
2026-09-03T23:29:30.517817+00:00,01_yolo26_main,6,6,9.4,14.81,30.49,1511.55,NVIDIA GeForce RTX 4060 Ti,52,118.81,91,8108.3,16380.0,
2026-09-03T23:29:40.543821+00:00,01_yolo26_main,6,6,9.4,14.82,30.49,1511.55,NVIDIA GeForce RTX 4060 Ti,51,118.81,91,8108.3,16380.0,
2026-09-03T23:29:50.569857+00:00,01_yolo26_main,6,6,9.5,14.79,30.49,1511.55,NVIDIA GeForce RTX 4060 Ti,52,74.23,90,8108.3,16380.0,
2026-09-03T23:30:00.593940+00:00,01_yolo26_main,6,6,9.5,14.77,30.49,1511.55,NVIDIA GeForce RTX 4060 Ti,52,118.23,92,8108.3,16380.0,
2026-09-03T23:30:10.615600+00:00,01_yolo26_main,6,6,9.4,14.85,30.49,1511.55,NVIDIA GeForce RTX 4060 Ti,53,119.4,86,8108.3,16380.0,
2026-09-03T23:30:20.636883+00:00,01_yolo26_main,6,6,9.4,14.79,30.49,1511.55,NVIDIA GeForce RTX 4060 Ti,53,118.29,93,8108.3,16380.0,
2026-09-03T23:30:30.658644+00:00,01_yolo26_main,6,6,9.6,14.8,30.49,1511.55,NVIDIA GeForce RTX 4060 Ti,53,118.22,94,8108.3,16380.0,
2026-09-03T23:30:40.684893+00:00,01_yolo26_main,6,6,9.4,14.81,30.49,1511.55,NVIDIA GeForce RTX 4060 Ti,53,120.33,86,8108.3,16380.0,
2026-09-03T23:30:50.706619+00:00,01_yolo26_main,6,6,9.4,14.87,30.49,1511.55,NVIDIA GeForce RTX 4060 Ti,53,119.71,87,8108.3,16380.0,
2026-09-03T23:31:00.726822+00:00,01_yolo26_main,6,6,9.5,14.87,30.49,1511.55,NVIDIA GeForce RTX 4060 Ti,50,82.31,92,8108.3,16380.0,
2026-09-03T23:31:10.752829+00:00,01_yolo26_main,6,6,9.6,14.76,30.49,1511.55,NVIDIA GeForce RTX 4060 Ti,52,119.75,89,8108.3,16380.0,
2026-09-03T23:31:20.778837+00:00,01_yolo26_main,6,6,9.2,14.83,30.49,1511.55,NVIDIA GeForce RTX 4060 Ti,51,117.13,94,8108.3,16380.0,
2026-09-03T23:31:30.806816+00:00,01_yolo26_main,6,6,9.5,14.8,30.49,1511.55,NVIDIA GeForce RTX 4060 Ti,53,118.62,91,8108.3,16380.0,
2026-09-03T23:31:40.834813+00:00,01_yolo26_main,6,6,9.6,14.78,30.49,1511.55,NVIDIA GeForce RTX 4060 Ti,53,117.43,98,8108.3,16380.0,
2026-09-03T23:31:50.862930+00:00,01_yolo26_main,6,6,9.4,14.81,30.49,1511.55,NVIDIA GeForce RTX 4060 Ti,53,119.96,93,8108.3,16380.0,
2026-09-03T23:32:00.891512+00:00,01_yolo26_main,6,6,9.5,14.85,30.49,1511.56,NVIDIA GeForce RTX 4060 Ti,51,117.58,92,8108.3,16380.0,
2026-09-03T23:32:10.918446+00:00,01_yolo26_main,6,6,9.4,14.98,30.49,1511.56,NVIDIA GeForce RTX 4060 Ti,45,55.62,11,8108.3,16380.0,
2026-09-03T23:32:20.942152+00:00,01_yolo26_main,6,6,9.6,14.78,30.49,1511.56,NVIDIA GeForce RTX 4060 Ti,51,118.61,92,8108.3,16380.0,
2026-09-03T23:32:30.970852+00:00,01_yolo26_main,6,6,9.4,14.85,30.49,1511.56,NVIDIA GeForce RTX 4060 Ti,52,119.28,92,8108.3,16380.0,
2026-09-03T23:32:40.996826+00:00,01_yolo26_main,6,6,9.4,14.88,30.49,1511.56,NVIDIA GeForce RTX 4060 Ti,53,119.54,91,8108.3,16380.0,
2026-09-03T23:32:51.024429+00:00,01_yolo26_main,6,6,9.6,14.82,30.49,1511.56,NVIDIA GeForce RTX 4060 Ti,53,117.07,93,8108.3,16380.0,
2026-09-03T23:33:01.051821+00:00,01_yolo26_main,6,6,9.3,14.76,30.49,1511.56,NVIDIA GeForce RTX 4060 Ti,53,119.68,88,8108.3,16380.0,
2026-09-03T23:33:11.078843+00:00,01_yolo26_main,6,6,9.2,14.84,30.49,1511.56,NVIDIA GeForce RTX 4060 Ti,51,118.55,93,8108.3,16380.0,
2026-09-03T23:33:21.103817+00:00,01_yolo26_main,6,6,9.8,14.74,30.49,1511.56,NVIDIA GeForce RTX 4060 Ti,53,118.83,93,8108.3,16380.0,
2026-09-03T23:33:31.127825+00:00,01_yolo26_main,6,6,9.4,14.75,30.49,1511.56,NVIDIA GeForce RTX 4060 Ti,52,116.76,94,8108.3,16380.0,
2026-09-03T23:33:41.154987+00:00,01_yolo26_main,6,6,9.4,14.81,30.49,1511.56,NVIDIA GeForce RTX 4060 Ti,52,108.91,93,8108.3,16380.0,
2026-09-03T23:33:51.173834+00:00,01_yolo26_main,6,6,9.4,14.88,30.49,1511.56,NVIDIA GeForce RTX 4060 Ti,51,97.77,86,8108.3,16380.0,
2026-09-03T23:34:01.202382+00:00,01_yolo26_main,6,6,9.5,14.78,30.49,1511.56,NVIDIA GeForce RTX 4060 Ti,53,118.59,87,8108.3,16380.0,
2026-09-03T23:34:11.229824+00:00,01_yolo26_main,6,6,9.4,14.81,30.49,1511.56,NVIDIA GeForce RTX 4060 Ti,51,118.39,93,8108.3,16380.0,
2026-09-03T23:34:21.256829+00:00,01_yolo26_main,6,6,9.4,14.82,30.49,1511.56,NVIDIA GeForce RTX 4060 Ti,52,118.74,93,8108.3,16380.0,
2026-09-03T23:34:31.286493+00:00,01_yolo26_main,6,6,9.6,14.78,30.49,1511.56,NVIDIA GeForce RTX 4060 Ti,53,118.62,92,8108.3,16380.0,
2026-09-03T23:34:41.313822+00:00,01_yolo26_main,6,6,9.4,14.78,30.49,1511.56,NVIDIA GeForce RTX 4060 Ti,53,118.68,85,8108.3,16380.0,
2026-09-03T23:34:51.341822+00:00,01_yolo26_main,6,6,9.3,14.81,30.49,1511.56,NVIDIA GeForce RTX 4060 Ti,52,118.91,91,8108.3,16380.0,
2026-09-03T23:35:01.367826+00:00,01_yolo26_main,6,6,9.4,14.86,30.49,1511.56,NVIDIA GeForce RTX 4060 Ti,51,95.49,0,8108.3,16380.0,
2026-09-03T23:35:11.384827+00:00,01_yolo26_main,6,6,9.6,14.77,30.49,1511.56,NVIDIA GeForce RTX 4060 Ti,53,119.27,94,8108.3,16380.0,
2026-09-03T23:35:21.412046+00:00,01_yolo26_main,6,6,9.4,14.81,30.49,1511.56,NVIDIA GeForce RTX 4060 Ti,53,118.62,94,8108.3,16380.0,
2026-09-03T23:35:31.438824+00:00,01_yolo26_main,6,6,9.4,14.83,30.49,1511.56,NVIDIA GeForce RTX 4060 Ti,53,119.58,92,8108.3,16380.0,
2026-09-03T23:35:41.465837+00:00,01_yolo26_main,6,6,9.6,14.78,30.49,1511.56,NVIDIA GeForce RTX 4060 Ti,53,119.36,87,8108.3,16380.0,
2026-09-03T23:35:51.491824+00:00,01_yolo26_main,6,6,9.4,14.78,30.49,1511.56,NVIDIA GeForce RTX 4060 Ti,53,118.93,93,8108.3,16380.0,
2026-09-03T23:36:01.515816+00:00,01_yolo26_main,6,6,9.4,14.79,30.49,1511.56,NVIDIA GeForce RTX 4060 Ti,53,120.33,93,8108.3,16380.0,
2026-09-03T23:36:11.543730+00:00,01_yolo26_main,6,6,9.5,14.84,30.49,1511.56,NVIDIA GeForce RTX 4060 Ti,50,94.95,93,8108.3,16380.0,
2026-09-03T23:36:21.570849+00:00,01_yolo26_main,6,6,9.5,14.76,30.49,1511.56,NVIDIA GeForce RTX 4060 Ti,54,119.25,94,8108.3,16380.0,
2026-09-03T23:36:31.596817+00:00,01_yolo26_main,6,6,9.4,14.78,30.49,1511.56,NVIDIA GeForce RTX 4060 Ti,53,117.4,93,8108.3,16380.0,
2026-09-03T23:36:41.624815+00:00,01_yolo26_main,6,6,9.4,14.84,30.49,1511.56,NVIDIA GeForce RTX 4060 Ti,52,118.37,85,8108.3,16380.0,
2026-09-03T23:36:51.651843+00:00,01_yolo26_main,6,6,9.5,14.78,30.49,1511.56,NVIDIA GeForce RTX 4060 Ti,53,118.96,89,8108.3,16380.0,
2026-09-03T23:37:01.670347+00:00,01_yolo26_main,6,6,9.4,14.79,30.49,1511.56,NVIDIA GeForce RTX 4060 Ti,50,118.56,91,8108.3,16380.0,
2026-09-03T23:37:11.696854+00:00,01_yolo26_main,6,6,9.4,14.81,30.49,1511.56,NVIDIA GeForce RTX 4060 Ti,52,119.16,85,8108.3,16380.0,
2026-09-03T23:37:21.724140+00:00,01_yolo26_main,6,6,9.4,14.75,30.49,1511.56,NVIDIA GeForce RTX 4060 Ti,44,66.85,0,8108.3,16380.0,
2026-09-03T23:37:31.750120+00:00,01_yolo26_main,6,6,9.6,14.76,30.49,1511.56,NVIDIA GeForce RTX 4060 Ti,53,118.99,94,8108.3,16380.0,
2026-09-03T23:37:41.777327+00:00,01_yolo26_main,6,6,9.5,14.81,30.49,1511.56,NVIDIA GeForce RTX 4060 Ti,51,117.61,91,8108.3,16380.0,
2026-09-03T23:37:51.801770+00:00,01_yolo26_main,6,6,9.3,14.75,30.49,1511.56,NVIDIA GeForce RTX 4060 Ti,53,118.24,93,8108.3,16380.0,
2026-09-03T23:38:01.827518+00:00,01_yolo26_main,6,6,9.7,14.77,30.49,1511.56,NVIDIA GeForce RTX 4060 Ti,53,116.31,94,8108.3,16380.0,
2026-09-03T23:38:11.855539+00:00,01_yolo26_main,6,6,9.5,14.81,30.49,1511.56,NVIDIA GeForce RTX 4060 Ti,50,117.62,95,8108.3,16380.0,
2026-09-03T23:38:21.882546+00:00,01_yolo26_main,6,6,9.5,14.83,30.49,1511.56,NVIDIA GeForce RTX 4060 Ti,50,118.22,93,8108.3,16380.0,
2026-09-03T23:38:31.908863+00:00,01_yolo26_main,6,6,9.3,14.9,30.49,1511.56,NVIDIA GeForce RTX 4060 Ti,44,54.44,10,8108.3,16380.0,
2026-09-03T23:38:41.935834+00:00,01_yolo26_main,6,6,9.6,14.79,30.49,1511.56,NVIDIA GeForce RTX 4060 Ti,52,119.19,92,8108.3,16380.0,
2026-09-03T23:38:51.962821+00:00,01_yolo26_main,6,6,9.3,14.87,30.49,1511.56,NVIDIA GeForce RTX 4060 Ti,52,116.88,91,8108.3,16380.0,
2026-09-03T23:39:01.988815+00:00,01_yolo26_main,6,6,9.3,14.89,30.49,1511.56,NVIDIA GeForce RTX 4060 Ti,53,119.01,93,8108.3,16380.0,
2026-09-03T23:39:12.013832+00:00,01_yolo26_main,6,6,9.5,14.81,30.49,1511.56,NVIDIA GeForce RTX 4060 Ti,52,118.8,90,8108.3,16380.0,
2026-09-03T23:39:22.041813+00:00,01_yolo26_main,6,6,9.4,14.84,30.49,1511.56,NVIDIA GeForce RTX 4060 Ti,52,118.74,93,8108.3,16380.0,
2026-09-03T23:39:32.065642+00:00,01_yolo26_main,6,6,9.5,14.85,30.49,1511.56,NVIDIA GeForce RTX 4060 Ti,51,117.76,95,8108.3,16380.0,
2026-09-03T23:39:42.091844+00:00,01_yolo26_main,6,6,9.5,14.95,30.49,1511.56,NVIDIA GeForce RTX 4060 Ti,44,68.57,69,8108.3,16380.0,
2026-09-03T23:39:52.118678+00:00,01_yolo26_main,6,6,9.5,14.82,30.49,1511.56,NVIDIA GeForce RTX 4060 Ti,53,119.28,90,8108.3,16380.0,
2026-09-03T23:40:02.146815+00:00,01_yolo26_main,6,6,9.4,14.84,30.49,1511.56,NVIDIA GeForce RTX 4060 Ti,53,117.79,96,8108.3,16380.0,
2026-09-03T23:40:12.174820+00:00,01_yolo26_main,6,6,9.5,14.88,30.49,1511.56,NVIDIA GeForce RTX 4060 Ti,53,119.34,93,8108.3,16380.0,
2026-09-03T23:40:22.202812+00:00,01_yolo26_main,6,6,9.5,14.78,30.49,1511.56,NVIDIA GeForce RTX 4060 Ti,52,119.49,96,8108.3,16380.0,
2026-09-03T23:40:32.228821+00:00,01_yolo26_main,6,6,9.4,14.74,30.49,1511.56,NVIDIA GeForce RTX 4060 Ti,53,117.06,87,8108.3,16380.0,
2026-09-03T23:40:42.254819+00:00,01_yolo26_main,6,6,9.5,14.82,30.49,1511.56,NVIDIA GeForce RTX 4060 Ti,51,118.59,93,8108.3,16380.0,
2026-09-03T23:40:52.280863+00:00,01_yolo26_main,6,6,9.4,14.89,30.49,1511.56,NVIDIA GeForce RTX 4060 Ti,45,70.64,94,8108.3,16380.0,
2026-09-03T23:41:02.306327+00:00,01_yolo26_main,6,6,9.6,14.84,30.49,1511.56,NVIDIA GeForce RTX 4060 Ti,53,118.06,93,8108.3,16380.0,
2026-09-03T23:41:12.333821+00:00,01_yolo26_main,6,6,9.4,14.85,30.49,1511.56,NVIDIA GeForce RTX 4060 Ti,51,119.13,86,8108.3,16380.0,
2026-09-03T23:41:22.359824+00:00,01_yolo26_main,6,6,9.3,14.74,30.49,1511.56,NVIDIA GeForce RTX 4060 Ti,53,119.1,93,8108.3,16380.0,
2026-09-03T23:41:32.386825+00:00,01_yolo26_main,6,6,9.6,14.74,30.49,1511.56,NVIDIA GeForce RTX 4060 Ti,54,119.18,92,8108.3,16380.0,
2026-09-03T23:41:42.410824+00:00,01_yolo26_main,6,6,9.5,14.77,30.49,1511.56,NVIDIA GeForce RTX 4060 Ti,53,118.95,84,8108.3,16380.0,
2026-09-03T23:41:52.438836+00:00,01_yolo26_main,6,6,9.4,14.85,30.49,1511.56,NVIDIA GeForce RTX 4060 Ti,50,117.84,92,8108.3,16380.0,
2026-09-03T23:42:02.465730+00:00,01_yolo26_main,6,6,9.5,14.88,30.49,1511.56,NVIDIA GeForce RTX 4060 Ti,50,88.17,91,8108.3,16380.0,
2026-09-03T23:42:12.489748+00:00,01_yolo26_main,6,6,9.4,14.78,30.49,1511.56,NVIDIA GeForce RTX 4060 Ti,53,118.5,92,8108.3,16380.0,
2026-09-03T23:42:22.516893+00:00,01_yolo26_main,6,6,9.4,14.81,30.49,1511.56,NVIDIA GeForce RTX 4060 Ti,53,119.19,85,8108.3,16380.0,
2026-09-03T23:42:32.543531+00:00,01_yolo26_main,6,6,9.5,14.86,30.49,1511.56,NVIDIA GeForce RTX 4060 Ti,53,120.05,92,8108.3,16380.0,
2026-09-03T23:42:42.571253+00:00,01_yolo26_main,6,6,9.6,14.78,30.49,1511.56,NVIDIA GeForce RTX 4060 Ti,53,118.87,87,8108.3,16380.0,
2026-09-03T23:42:52.598937+00:00,01_yolo26_main,6,6,9.4,14.8,30.49,1511.56,NVIDIA GeForce RTX 4060 Ti,53,118.14,94,8108.3,16380.0,
2026-09-03T23:43:02.617280+00:00,01_yolo26_main,6,6,9.5,14.82,30.49,1511.56,NVIDIA GeForce RTX 4060 Ti,53,116.47,94,8108.3,16380.0,
2026-09-03T23:43:12.644826+00:00,01_yolo26_main,6,6,9.5,14.92,30.49,1511.56,NVIDIA GeForce RTX 4060 Ti,44,67.59,0,8108.3,16380.0,
2026-09-03T23:43:22.672787+00:00,01_yolo26_main,6,6,9.6,14.81,30.49,1511.56,NVIDIA GeForce RTX 4060 Ti,52,118.89,93,8108.3,16380.0,
2026-09-03T23:43:32.700984+00:00,01_yolo26_main,6,6,9.4,14.78,30.49,1511.56,NVIDIA GeForce RTX 4060 Ti,50,119.27,93,8108.3,16380.0,
2026-09-03T23:43:42.727823+00:00,01_yolo26_main,6,6,9.5,14.88,30.49,1511.56,NVIDIA GeForce RTX 4060 Ti,52,118.83,89,8108.3,16380.0,
2026-09-03T23:43:52.755502+00:00,01_yolo26_main,6,6,9.6,14.79,30.49,1511.56,NVIDIA GeForce RTX 4060 Ti,52,119.34,91,8108.3,16380.0,
2026-09-03T23:44:02.784054+00:00,01_yolo26_main,6,6,9.4,14.83,30.49,1511.56,NVIDIA GeForce RTX 4060 Ti,53,118.26,92,8108.3,16380.0,
2026-09-03T23:44:12.811328+00:00,01_yolo26_main,6,6,9.4,14.74,30.49,1511.56,NVIDIA GeForce RTX 4060 Ti,52,117.7,92,8108.3,16380.0,
2026-09-03T23:44:22.838940+00:00,01_yolo26_main,6,6,9.5,14.95,30.49,1511.56,NVIDIA GeForce RTX 4060 Ti,46,86.03,14,8108.3,16380.0,
2026-09-03T23:44:32.869050+00:00,01_yolo26_main,6,6,9.4,14.76,30.49,1511.56,NVIDIA GeForce RTX 4060 Ti,52,120.78,87,8108.3,16380.0,
2026-09-03T23:44:42.883819+00:00,01_yolo26_main,6,6,9.5,14.79,30.49,1511.56,NVIDIA GeForce RTX 4060 Ti,53,118.17,93,8108.3,16380.0,
2026-09-03T23:44:52.908823+00:00,01_yolo26_main,6,6,9.4,14.85,30.49,1511.56,NVIDIA GeForce RTX 4060 Ti,53,118.85,88,8108.3,16380.0,
2026-09-03T23:45:02.934843+00:00,01_yolo26_main,6,6,9.6,14.77,30.49,1511.56,NVIDIA GeForce RTX 4060 Ti,52,118.73,86,8108.3,16380.0,
2026-09-03T23:45:12.959969+00:00,01_yolo26_main,6,6,9.5,14.81,30.49,1511.56,NVIDIA GeForce RTX 4060 Ti,53,120.44,92,8108.3,16380.0,
2026-09-03T23:45:22.979895+00:00,01_yolo26_main,6,6,9.4,14.85,30.49,1511.56,NVIDIA GeForce RTX 4060 Ti,51,117.67,89,8108.3,16380.0,
2026-09-03T23:45:33.006676+00:00,01_yolo26_main,6,6,9.6,14.98,30.49,1511.66,NVIDIA GeForce RTX 4060 Ti,50,82.54,66,8108.3,16380.0,
2026-09-03T23:45:43.030884+00:00,01_yolo26_main,6,6,9.4,14.81,30.49,1511.56,NVIDIA GeForce RTX 4060 Ti,52,119.13,94,8108.3,16380.0,
2026-09-03T23:45:53.052055+00:00,01_yolo26_main,6,6,9.4,14.81,30.49,1511.56,NVIDIA GeForce RTX 4060 Ti,51,119.06,93,8108.3,16380.0,
2026-09-03T23:46:03.075055+00:00,01_yolo26_main,6,6,9.4,14.82,30.49,1511.56,NVIDIA GeForce RTX 4060 Ti,52,118.83,92,8108.3,16380.0,
2026-09-03T23:46:13.102822+00:00,01_yolo26_main,6,6,9.6,14.77,30.49,1511.56,NVIDIA GeForce RTX 4060 Ti,50,119.55,92,8108.3,16380.0,
2026-09-03T23:46:23.130820+00:00,01_yolo26_main,6,6,9.4,14.8,30.49,1511.56,NVIDIA GeForce RTX 4060 Ti,53,118.46,87,8108.3,16380.0,
2026-09-03T23:46:33.156820+00:00,01_yolo26_main,6,6,9.5,14.85,30.49,1511.56,NVIDIA GeForce RTX 4060 Ti,52,118.7,93,8540.3,16380.0,
2026-09-03T23:46:43.183071+00:00,01_yolo26_main,6,6,9.6,14.77,30.49,1511.56,NVIDIA GeForce RTX 4060 Ti,53,117.92,92,8540.3,16380.0,
2026-09-03T23:46:53.216136+00:00,01_yolo26_main,6,6,9.4,14.78,30.49,1511.56,NVIDIA GeForce RTX 4060 Ti,52,119.51,92,8540.3,16380.0,
2026-09-03T23:47:03.243999+00:00,01_yolo26_main,6,6,9.7,14.82,30.49,1511.56,NVIDIA GeForce RTX 4060 Ti,50,116.97,92,8540.3,16380.0,
2026-09-03T23:47:13.272539+00:00,01_yolo26_main,6,6,9.5,14.86,30.49,1511.56,NVIDIA GeForce RTX 4060 Ti,53,119.37,94,8540.3,16380.0,
2026-09-03T23:47:23.297859+00:00,01_yolo26_main,6,6,9.5,14.77,30.49,1511.56,NVIDIA GeForce RTX 4060 Ti,53,119.12,92,8540.3,16380.0,
2026-09-03T23:47:33.322853+00:00,01_yolo26_main,6,6,9.5,14.79,30.49,1511.56,NVIDIA GeForce RTX 4060 Ti,53,118.49,85,8540.3,16380.0,
2026-09-03T23:47:43.347858+00:00,01_yolo26_main,6,6,9.5,14.83,30.49,1511.56,NVIDIA GeForce RTX 4060 Ti,53,119.26,87,8540.3,16380.0,
2026-09-03T23:47:53.376837+00:00,01_yolo26_main,6,6,9.5,14.86,30.49,1511.56,NVIDIA GeForce RTX 4060 Ti,48,100.2,91,8540.3,16380.0,
2026-09-03T23:48:03.401103+00:00,01_yolo26_main,6,6,9.6,14.78,30.49,1511.56,NVIDIA GeForce RTX 4060 Ti,53,119.14,93,8540.3,16380.0,
2026-09-03T23:48:13.423402+00:00,01_yolo26_main,6,6,9.5,14.8,30.49,1511.56,NVIDIA GeForce RTX 4060 Ti,54,118.65,93,8540.3,16380.0,
2026-09-03T23:48:23.451822+00:00,01_yolo26_main,6,6,9.4,14.87,30.49,1511.56,NVIDIA GeForce RTX 4060 Ti,50,118.95,93,8540.3,16380.0,
2026-09-03T23:48:33.474955+00:00,01_yolo26_main,6,6,9.6,14.83,30.49,1511.56,NVIDIA GeForce RTX 4060 Ti,52,118.58,93,8540.3,16380.0,
2026-09-03T23:48:43.500708+00:00,01_yolo26_main,6,6,9.5,14.83,30.49,1511.56,NVIDIA GeForce RTX 4060 Ti,53,118.38,94,8540.3,16380.0,
2026-09-03T23:48:53.527459+00:00,01_yolo26_main,6,6,9.4,14.88,30.49,1511.56,NVIDIA GeForce RTX 4060 Ti,53,118.73,94,8540.3,16380.0,
2026-09-03T23:49:03.553483+00:00,01_yolo26_main,6,6,9.6,14.78,30.49,1511.56,NVIDIA GeForce RTX 4060 Ti,51,107.38,85,8540.3,16380.0,
2026-09-03T23:49:13.575956+00:00,01_yolo26_main,6,6,9.4,14.77,30.49,1511.56,NVIDIA GeForce RTX 4060 Ti,52,117.92,93,8540.3,16380.0,
2026-09-03T23:49:23.598330+00:00,01_yolo26_main,6,6,9.4,14.85,30.49,1511.56,NVIDIA GeForce RTX 4060 Ti,50,120.16,92,8540.3,16380.0,
2026-09-03T23:49:33.624339+00:00,01_yolo26_main,6,6,9.4,14.82,30.49,1511.56,NVIDIA GeForce RTX 4060 Ti,53,117.44,93,8540.3,16380.0,
2026-09-03T23:49:43.650831+00:00,01_yolo26_main,6,6,9.6,14.78,30.49,1511.55,NVIDIA GeForce RTX 4060 Ti,53,118.0,92,8540.3,16380.0,
2026-09-03T23:49:53.679800+00:00,01_yolo26_main,6,6,9.4,14.82,30.49,1511.55,NVIDIA GeForce RTX 4060 Ti,51,118.86,93,8540.3,16380.0,
2026-09-03T23:50:03.707027+00:00,01_yolo26_main,6,6,9.4,14.88,30.49,1511.55,NVIDIA GeForce RTX 4060 Ti,51,116.29,95,8540.3,16380.0,
2026-09-03T23:50:13.732450+00:00,01_yolo26_main,6,6,9.6,14.81,30.49,1511.55,NVIDIA GeForce RTX 4060 Ti,48,112.78,98,8540.3,16380.0,
2026-09-03T23:50:23.756184+00:00,01_yolo26_main,6,6,9.4,14.8,30.49,1511.55,NVIDIA GeForce RTX 4060 Ti,53,116.92,93,8540.3,16380.0,
2026-09-03T23:50:33.782657+00:00,01_yolo26_main,6,6,9.4,14.78,30.49,1511.55,NVIDIA GeForce RTX 4060 Ti,52,118.08,93,8540.3,16380.0,
2026-09-03T23:50:43.807756+00:00,01_yolo26_main,6,6,9.4,14.78,30.49,1511.55,NVIDIA GeForce RTX 4060 Ti,53,113.66,90,8540.3,16380.0,
2026-09-03T23:50:53.832841+00:00,01_yolo26_main,6,6,9.6,14.79,30.49,1511.55,NVIDIA GeForce RTX 4060 Ti,50,118.53,92,8540.3,16380.0,
2026-09-03T23:51:03.860820+00:00,01_yolo26_main,6,6,9.4,14.8,30.49,1511.55,NVIDIA GeForce RTX 4060 Ti,53,119.27,86,8540.3,16380.0,
2026-09-03T23:51:13.888842+00:00,01_yolo26_main,6,6,9.4,14.8,30.49,1511.55,NVIDIA GeForce RTX 4060 Ti,53,118.54,87,8540.3,16380.0,
2026-09-03T23:51:23.917007+00:00,01_yolo26_main,6,6,9.6,14.79,30.49,1511.55,NVIDIA GeForce RTX 4060 Ti,51,117.92,92,8540.3,16380.0,
2026-09-03T23:51:33.947374+00:00,01_yolo26_main,6,6,9.4,14.8,30.49,1511.55,NVIDIA GeForce RTX 4060 Ti,53,118.93,93,8540.3,16380.0,
2026-09-03T23:51:43.974828+00:00,01_yolo26_main,6,6,9.4,14.77,30.49,1511.55,NVIDIA GeForce RTX 4060 Ti,54,119.63,91,8540.3,16380.0,
2026-09-03T23:51:54.002315+00:00,01_yolo26_main,6,6,9.4,14.76,30.49,1511.55,NVIDIA GeForce RTX 4060 Ti,52,116.42,94,8540.3,16380.0,
2026-09-03T23:52:04.029624+00:00,01_yolo26_main,6,6,9.5,14.77,30.49,1511.55,NVIDIA GeForce RTX 4060 Ti,53,118.98,90,8540.3,16380.0,
2026-09-03T23:52:14.057650+00:00,01_yolo26_main,6,6,9.4,14.82,30.49,1511.55,NVIDIA GeForce RTX 4060 Ti,53,117.98,88,8540.3,16380.0,
2026-09-03T23:52:24.085946+00:00,01_yolo26_main,6,6,9.4,14.83,30.49,1511.55,NVIDIA GeForce RTX 4060 Ti,51,118.88,93,8540.3,16380.0,
2026-09-03T23:52:34.109810+00:00,01_yolo26_main,6,6,17.7,14.73,30.49,1511.55,NVIDIA GeForce RTX 4060 Ti,50,112.8,93,8540.3,16380.0,
2026-09-03T23:52:44.134827+00:00,01_yolo26_main,6,6,14.9,14.69,30.49,1511.55,NVIDIA GeForce RTX 4060 Ti,51,116.82,86,8540.3,16380.0,
2026-09-03T23:52:54.161649+00:00,01_yolo26_main,6,6,15.7,14.69,30.49,1511.55,NVIDIA GeForce RTX 4060 Ti,53,118.63,92,8540.3,16380.0,
2026-09-03T23:53:04.186540+00:00,01_yolo26_main,6,6,9.3,14.83,30.49,1511.55,NVIDIA GeForce RTX 4060 Ti,52,99.12,88,8540.3,16380.0,
2026-09-03T23:53:14.213771+00:00,01_yolo26_main,6,6,9.7,14.77,30.49,1511.55,NVIDIA GeForce RTX 4060 Ti,53,119.51,90,8540.3,16380.0,
2026-09-03T23:53:24.239824+00:00,01_yolo26_main,6,6,9.4,14.79,30.49,1511.55,NVIDIA GeForce RTX 4060 Ti,51,119.51,91,8540.3,16380.0,
2026-09-03T23:53:34.259885+00:00,01_yolo26_main,6,6,9.5,14.83,30.49,1511.55,NVIDIA GeForce RTX 4060 Ti,53,118.15,87,8540.3,16380.0,
2026-09-03T23:53:44.287217+00:00,01_yolo26_main,6,6,9.6,14.75,30.49,1511.55,NVIDIA GeForce RTX 4060 Ti,53,119.35,93,8540.3,16380.0,
2026-09-03T23:53:54.317087+00:00,01_yolo26_main,6,6,9.4,14.77,30.49,1511.55,NVIDIA GeForce RTX 4060 Ti,52,119.12,86,8540.3,16380.0,
2026-09-03T23:54:04.343823+00:00,01_yolo26_main,6,6,9.4,14.83,30.49,1511.55,NVIDIA GeForce RTX 4060 Ti,53,118.42,93,8540.3,16380.0,
2026-09-03T23:54:14.372058+00:00,01_yolo26_main,6,6,9.4,14.83,30.49,1511.55,NVIDIA GeForce RTX 4060 Ti,51,102.19,76,8540.3,16380.0,
2026-09-03T23:54:24.397311+00:00,01_yolo26_main,6,6,9.5,14.78,30.49,1511.55,NVIDIA GeForce RTX 4060 Ti,53,118.13,93,8540.3,16380.0,
2026-09-03T23:54:34.424277+00:00,01_yolo26_main,6,6,9.4,14.81,30.49,1511.55,NVIDIA GeForce RTX 4060 Ti,53,119.07,93,8540.3,16380.0,
2026-09-03T23:54:44.450336+00:00,01_yolo26_main,6,6,9.4,14.79,30.49,1511.55,NVIDIA GeForce RTX 4060 Ti,51,117.96,94,8540.3,16380.0,
2026-09-03T23:54:54.477332+00:00,01_yolo26_main,6,6,9.6,14.74,30.49,1511.55,NVIDIA GeForce RTX 4060 Ti,53,117.13,93,8540.3,16380.0,
2026-09-03T23:55:04.505929+00:00,01_yolo26_main,6,6,9.4,14.82,30.49,1511.55,NVIDIA GeForce RTX 4060 Ti,53,119.05,93,8540.3,16380.0,
2026-09-03T23:55:14.530317+00:00,01_yolo26_main,6,6,9.5,14.81,30.49,1511.55,NVIDIA GeForce RTX 4060 Ti,53,118.84,92,8540.3,16380.0,
2026-09-03T23:55:24.558063+00:00,01_yolo26_main,6,6,9.4,14.85,30.49,1511.55,NVIDIA GeForce RTX 4060 Ti,51,87.43,5,8540.3,16380.0,
2026-09-03T23:55:34.586477+00:00,01_yolo26_main,6,6,9.6,14.74,30.49,1511.55,NVIDIA GeForce RTX 4060 Ti,53,117.96,93,8540.3,16380.0,
2026-09-03T23:55:44.614430+00:00,01_yolo26_main,6,6,9.5,14.8,30.49,1511.55,NVIDIA GeForce RTX 4060 Ti,51,120.28,93,8540.3,16380.0,
2026-09-03T23:55:54.642900+00:00,01_yolo26_main,6,6,9.4,14.84,30.49,1511.55,NVIDIA GeForce RTX 4060 Ti,53,116.34,92,8540.3,16380.0,
2026-09-03T23:56:04.668906+00:00,01_yolo26_main,6,6,9.5,14.78,30.49,1511.55,NVIDIA GeForce RTX 4060 Ti,53,119.55,87,8540.3,16380.0,
2026-09-03T23:56:14.695871+00:00,01_yolo26_main,6,6,9.4,14.79,30.49,1511.55,NVIDIA GeForce RTX 4060 Ti,51,118.62,94,8540.3,16380.0,
2026-09-03T23:56:24.716161+00:00,01_yolo26_main,6,6,9.4,14.82,30.49,1511.55,NVIDIA GeForce RTX 4060 Ti,53,117.7,94,8540.3,16380.0,
2026-09-03T23:56:34.744832+00:00,01_yolo26_main,6,6,9.4,14.96,30.49,1511.85,NVIDIA GeForce RTX 4060 Ti,43,39.7,0,8540.3,16380.0,
2026-09-03T23:56:44.768825+00:00,01_yolo26_main,7,7,8.8,12.34,30.49,1511.84,NVIDIA GeForce RTX 4060 Ti,40,30.18,5,2454.3,16380.0,
2026-09-03T23:56:54.793826+00:00,01_yolo26_main,7,7,11.8,14.49,30.49,1511.84,NVIDIA GeForce RTX 4060 Ti,49,117.49,97,5412.3,16380.0,
2026-09-03T23:57:04.818815+00:00,01_yolo26_main,7,7,9.4,14.62,30.49,1511.45,NVIDIA GeForce RTX 4060 Ti,51,117.39,92,5980.3,16380.0,
2026-09-03T23:57:14.846827+00:00,01_yolo26_main,7,7,9.6,14.54,30.49,1511.45,NVIDIA GeForce RTX 4060 Ti,51,118.06,92,5982.3,16380.0,
2026-09-03T23:57:24.873814+00:00,01_yolo26_main,7,7,9.2,14.57,30.49,1511.45,NVIDIA GeForce RTX 4060 Ti,51,117.67,92,6448.3,16380.0,
2026-09-03T23:57:34.901508+00:00,01_yolo26_main,7,7,9.3,14.67,30.49,1511.45,NVIDIA GeForce RTX 4060 Ti,50,118.66,91,6448.3,16380.0,
2026-09-03T23:57:44.928837+00:00,01_yolo26_main,7,7,9.6,14.55,30.49,1511.45,NVIDIA GeForce RTX 4060 Ti,53,119.2,96,6448.3,16380.0,
2026-09-03T23:57:54.955185+00:00,01_yolo26_main,7,7,9.2,14.63,30.49,1511.45,NVIDIA GeForce RTX 4060 Ti,50,117.16,95,6762.3,16380.0,
2026-09-03T23:58:04.980858+00:00,01_yolo26_main,7,7,9.2,14.69,30.49,1511.45,NVIDIA GeForce RTX 4060 Ti,53,116.78,93,6762.3,16380.0,
2026-09-03T23:58:15.007375+00:00,01_yolo26_main,7,7,9.7,14.64,30.49,1511.45,NVIDIA GeForce RTX 4060 Ti,51,117.57,87,6762.3,16380.0,
2026-09-03T23:58:25.026631+00:00,01_yolo26_main,7,7,9.2,14.66,30.49,1511.45,NVIDIA GeForce RTX 4060 Ti,52,120.11,93,6762.3,16380.0,
2026-09-03T23:58:35.053549+00:00,01_yolo26_main,7,7,9.2,14.66,30.49,1511.45,NVIDIA GeForce RTX 4060 Ti,52,117.38,93,6762.3,16380.0,
2026-09-03T23:58:45.080627+00:00,01_yolo26_main,7,7,9.5,14.8,30.49,1511.45,NVIDIA GeForce RTX 4060 Ti,46,74.14,19,6762.3,16380.0,
2026-09-03T23:58:55.103852+00:00,01_yolo26_main,7,7,9.5,14.66,30.49,1511.45,NVIDIA GeForce RTX 4060 Ti,53,118.76,93,6762.3,16380.0,
2026-09-03T23:59:05.128114+00:00,01_yolo26_main,7,7,9.2,14.63,30.49,1511.45,NVIDIA GeForce RTX 4060 Ti,51,117.46,91,6762.3,16380.0,
2026-09-03T23:59:15.153884+00:00,01_yolo26_main,7,7,9.3,14.72,30.49,1511.45,NVIDIA GeForce RTX 4060 Ti,52,93.89,86,6762.3,16380.0,
2026-09-03T23:59:25.180826+00:00,01_yolo26_main,7,7,9.6,14.63,30.49,1511.45,NVIDIA GeForce RTX 4060 Ti,53,119.66,93,6762.3,16380.0,
2026-09-03T23:59:35.208820+00:00,01_yolo26_main,7,7,9.2,14.67,30.49,1511.45,NVIDIA GeForce RTX 4060 Ti,53,119.13,87,6762.3,16380.0,
2026-09-03T23:59:45.234821+00:00,01_yolo26_main,7,7,9.4,14.72,30.49,1511.45,NVIDIA GeForce RTX 4060 Ti,52,119.23,92,6762.3,16380.0,
2026-09-03T23:59:55.261824+00:00,01_yolo26_main,7,7,9.6,14.64,30.49,1511.45,NVIDIA GeForce RTX 4060 Ti,53,119.19,92,6762.3,16380.0,
